experiment,case_id,valid,invalid_reason,gpu,compute_capability,driver,cuda_version,ptx_version,sm_clock_mhz,mem_clock_mhz,temperature_c,power_w,dtype,m,n,k,Q,iterations,run_order,repeat,collector_mode,operand_address_mode,independent_d_count,d_reuse_distance,commit_interval,pending_mbarriers,wait_polling_mode,smem_layout,swizzle,alignment_bytes,lda,ldb,smem_base_offset,tmem_columns,d_base_column,d_tile_base_delta,d_alias_class,input_d,interference_mode,interference_ops_per_iter,interference_warps,resident_ctas,elapsed_cycles,elapsed_us,elapsed_cycles_p10,elapsed_cycles_p90,alpha_cycles,beta_cycles_per_mma,logical_smem_bytes_per_mma,effective_smem_bytes_per_cycle,tflops,tflops_p10,tflops_p90,poll_count,max_abs_error,guard_ok,sass_hash,notes
07_config_matrix,cfg_fp16_m128n256k16_c512_sw64_discard_pingpong,1,,NVIDIA Thor,11.0,580.00,13.0,PTX ISA 9.3 / CUDA 13.0,1575.000,,,,fp16,128,256,16,32,128,1,5,discard,pingpong,2,2,32,1,nocount,sw64,sw64,16,16,16,0,512,0,256,none,0,none,0,4,20,3562234.0,2261.735873015873,3562231.0,3562241.6,,869.68603515625,12288,14.129236877757048,37.97938872741094,37.97930769886358,37.97942071248719,0,0.0,1,bf14b28d2af4128daa99f23eec8a5e105636d0b04136f8be580fdc39d6f1f97d,; UTCHMMA=21;UTCHMMA_WS=16;UTCBAR=1;UTCATOMSWS=3;SYNCS_TRYWAIT=8;LDS=21;LDG=9;ptx_tcgen05_mma=21;ptx_tcgen05_mma_ws=16;ptx_tcgen05_commit=1;ptx_tcgen05_alloc=1;ptx_tcgen05_dealloc=1;ptx_tcgen05_ld=5;ptx_tcgen05_st=5;ptx_mbarrier_wait=5;ptx_cp_async_tma=2;ptx_ld_shared=26;ptx_ld_global=7
07_config_matrix,cfg_bf16_m128n128k16_c512_sw32_discard_pingpong,1,,NVIDIA Thor,11.0,580.00,13.0,PTX ISA 9.3 / CUDA 13.0,1575.000,,,,bf16,128,128,16,32,128,2,5,discard,pingpong,4,4,32,1,nocount,sw32,sw32,16,16,16,0,512,0,128,none,0,none,0,4,20,3387675.0,2150.904761904762,3387620.2,3387675.6,,827.069091796875,8192,9.90485569011195,19.96818907126569,19.96818553464842,19.968512087633886,0,0.0,1,bf14b28d2af4128daa99f23eec8a5e105636d0b04136f8be580fdc39d6f1f97d,; UTCHMMA=21;UTCHMMA_WS=16;UTCBAR=1;UTCATOMSWS=3;SYNCS_TRYWAIT=8;LDS=21;LDG=9;ptx_tcgen05_mma=21;ptx_tcgen05_mma_ws=16;ptx_tcgen05_commit=1;ptx_tcgen05_alloc=1;ptx_tcgen05_dealloc=1;ptx_tcgen05_ld=5;ptx_tcgen05_st=5;ptx_mbarrier_wait=5;ptx_cp_async_tma=2;ptx_ld_shared=26;ptx_ld_global=7
07_config_matrix,cfg_fp16_m128n128k16_c128_sw64_fill_use_lastuse_same,1,,NVIDIA Thor,11.0,580.00,13.0,PTX ISA 9.3 / CUDA 13.0,1575.000,,,,fp16,128,128,16,32,128,3,5,fill_use_lastuse,same,1,1,32,1,nocount,sw64,sw64,16,16,16,0,128,0,128,none,0,none,0,4,20,3168617.0,2011.8203174603173,3168611.8,3168622.2,,773.588134765625,8192,10.589614333319552,21.348662495972217,21.34862746088165,21.348697531227785,0,0.0,1,bf14b28d2af4128daa99f23eec8a5e105636d0b04136f8be580fdc39d6f1f97d,; UTCHMMA=21;UTCHMMA_WS=16;UTCBAR=1;UTCATOMSWS=3;SYNCS_TRYWAIT=8;LDS=21;LDG=9;ptx_tcgen05_mma=21;ptx_tcgen05_mma_ws=16;ptx_tcgen05_commit=1;ptx_tcgen05_alloc=1;ptx_tcgen05_dealloc=1;ptx_tcgen05_ld=5;ptx_tcgen05_st=5;ptx_mbarrier_wait=5;ptx_cp_async_tma=2;ptx_ld_shared=26;ptx_ld_global=7
07_config_matrix,cfg_bf16_m128n64k16_c128_sw128_discard_pingpong,1,,NVIDIA Thor,11.0,580.00,13.0,PTX ISA 9.3 / CUDA 13.0,1575.000,,,,bf16,128,64,16,32,128,4,5,discard,pingpong,2,2,32,1,nocount,sw128,sw128,16,16,16,0,128,0,64,none,0,none,0,4,20,3678958.0,2335.8463492063493,3678954.5999999996,3678959.2,,898.18310546875,6144,6.840476026092171,9.193599779067878,9.19359678030743,9.19360827557089,0,0.0,1,bf14b28d2af4128daa99f23eec8a5e105636d0b04136f8be580fdc39d6f1f97d,; UTCHMMA=21;UTCHMMA_WS=16;UTCBAR=1;UTCATOMSWS=3;SYNCS_TRYWAIT=8;LDS=21;LDG=9;ptx_tcgen05_mma=21;ptx_tcgen05_mma_ws=16;ptx_tcgen05_commit=1;ptx_tcgen05_alloc=1;ptx_tcgen05_dealloc=1;ptx_tcgen05_ld=5;ptx_tcgen05_st=5;ptx_mbarrier_wait=5;ptx_cp_async_tma=2;ptx_ld_shared=26;ptx_ld_global=7
07_config_matrix,cfg_bf16_m128n64k16_c256_sw128_fill_use_lastuse_pingpong,1,,NVIDIA Thor,11.0,580.00,13.0,PTX ISA 9.3 / CUDA 13.0,1575.000,,,,bf16,128,64,16,32,128,5,5,fill_use_lastuse,pingpong,4,4,32,1,nocount,sw128,sw128,16,16,16,0,256,0,64,none,0,none,0,4,20,3779301.0,2399.5561904761907,3779295.2,3779305.6000000006,,922.680908203125,6144,6.658856756844718,8.9495034811993,8.949492588268217,8.949517215803919,0,0.0,1,bf14b28d2af4128daa99f23eec8a5e105636d0b04136f8be580fdc39d6f1f97d,; UTCHMMA=21;UTCHMMA_WS=16;UTCBAR=1;UTCATOMSWS=3;SYNCS_TRYWAIT=8;LDS=21;LDG=9;ptx_tcgen05_mma=21;ptx_tcgen05_mma_ws=16;ptx_tcgen05_commit=1;ptx_tcgen05_alloc=1;ptx_tcgen05_dealloc=1;ptx_tcgen05_ld=5;ptx_tcgen05_st=5;ptx_mbarrier_wait=5;ptx_cp_async_tma=2;ptx_ld_shared=26;ptx_ld_global=7
07_config_matrix,cfg_fp16_m128n128k16_c128_sw128_discard_pingpong,1,,NVIDIA Thor,11.0,580.00,13.0,PTX ISA 9.3 / CUDA 13.0,1575.000,,,,fp16,128,128,16,32,128,6,5,discard,pingpong,1,1,32,1,nocount,sw128,sw128,16,16,16,0,128,0,128,none,0,none,0,4,20,3181523.0,2020.0146031746033,3181297.8,3181526.0,,776.739013671875,8192,10.546657057013261,21.262060626938734,21.262040578011938,21.263565810777756,0,0.0,1,bf14b28d2af4128daa99f23eec8a5e105636d0b04136f8be580fdc39d6f1f97d,; UTCHMMA=21;UTCHMMA_WS=16;UTCBAR=1;UTCATOMSWS=3;SYNCS_TRYWAIT=8;LDS=21;LDG=9;ptx_tcgen05_mma=21;ptx_tcgen05_mma_ws=16;ptx_tcgen05_commit=1;ptx_tcgen05_alloc=1;ptx_tcgen05_dealloc=1;ptx_tcgen05_ld=5;ptx_tcgen05_st=5;ptx_mbarrier_wait=5;ptx_cp_async_tma=2;ptx_ld_shared=26;ptx_ld_global=7
07_config_matrix,cfg_fp16_m128n64k16_c512_sw64_fill_use_lastuse_pingpong,1,,NVIDIA Thor,11.0,580.00,13.0,PTX ISA 9.3 / CUDA 13.0,1575.000,,,,fp16,128,64,16,32,128,7,5,fill_use_lastuse,pingpong,8,8,32,1,nocount,sw64,sw64,16,16,16,0,512,0,64,none,0,none,0,4,20,3664479.0,2326.653333333333,3664478.0,3664548.0,,894.648193359375,6144,6.867503948037361,9.229925306162214,9.229751517148749,9.229927824918038,0,0.0,1,bf14b28d2af4128daa99f23eec8a5e105636d0b04136f8be580fdc39d6f1f97d,; UTCHMMA=21;UTCHMMA_WS=16;UTCBAR=1;UTCATOMSWS=3;SYNCS_TRYWAIT=8;LDS=21;LDG=9;ptx_tcgen05_mma=21;ptx_tcgen05_mma_ws=16;ptx_tcgen05_commit=1;ptx_tcgen05_alloc=1;ptx_tcgen05_dealloc=1;ptx_tcgen05_ld=5;ptx_tcgen05_st=5;ptx_mbarrier_wait=5;ptx_cp_async_tma=2;ptx_ld_shared=26;ptx_ld_global=7
07_config_matrix,cfg_bf16_m128n128k16_c256_none_fill_use_lastuse_pingpong,0,max_abs_error>0.25,NVIDIA Thor,11.0,580.00,13.0,PTX ISA 9.3 / CUDA 13.0,1575.000,,,,bf16,128,128,16,32,128,8,5,fill_use_lastuse,pingpong,2,2,32,1,nocount,none,none,16,16,16,0,256,0,128,none,0,none,0,4,20,3779417.0,2399.6298412698416,,,,,8192,,17.898457595973134,,,0,0.83203125,1,bf14b28d2af4128daa99f23eec8a5e105636d0b04136f8be580fdc39d6f1f97d,; UTCHMMA=21;UTCHMMA_WS=16;UTCBAR=1;UTCATOMSWS=3;SYNCS_TRYWAIT=8;LDS=21;LDG=9;ptx_tcgen05_mma=21;ptx_tcgen05_mma_ws=16;ptx_tcgen05_commit=1;ptx_tcgen05_alloc=1;ptx_tcgen05_dealloc=1;ptx_tcgen05_ld=5;ptx_tcgen05_st=5;ptx_mbarrier_wait=5;ptx_cp_async_tma=2;ptx_ld_shared=26;ptx_ld_global=7
07_config_matrix,cfg_bf16_m128n256k16_c512_none_discard_same,0,max_abs_error>0.25,NVIDIA Thor,11.0,580.00,13.0,PTX ISA 9.3 / CUDA 13.0,1575.000,,,,bf16,128,256,16,32,128,9,5,discard,same,2,2,32,1,nocount,none,none,16,16,16,0,512,0,256,none,0,none,0,4,20,3678188.0,2335.3574603174607,,,,,12288,,36.78209755020678,,,0,0.83203125,1,bf14b28d2af4128daa99f23eec8a5e105636d0b04136f8be580fdc39d6f1f97d,; UTCHMMA=21;UTCHMMA_WS=16;UTCBAR=1;UTCATOMSWS=3;SYNCS_TRYWAIT=8;LDS=21;LDG=9;ptx_tcgen05_mma=21;ptx_tcgen05_mma_ws=16;ptx_tcgen05_commit=1;ptx_tcgen05_alloc=1;ptx_tcgen05_dealloc=1;ptx_tcgen05_ld=5;ptx_tcgen05_st=5;ptx_mbarrier_wait=5;ptx_cp_async_tma=2;ptx_ld_shared=26;ptx_ld_global=7
07_config_matrix,cfg_fp16_m128n64k16_c128_sw64_discard_pingpong,1,,NVIDIA Thor,11.0,580.00,13.0,PTX ISA 9.3 / CUDA 13.0,1575.000,,,,fp16,128,64,16,32,128,10,5,discard,pingpong,2,2,32,1,nocount,sw64,sw64,16,16,16,0,128,0,64,none,0,none,0,4,20,3562209.0,2261.7200000000003,3562207.8,3562214.3999999994,,869.679931640625,6144,7.0646680191982,9.49491381780238,9.494899424360934,9.494917016352208,0,0.0,1,bf14b28d2af4128daa99f23eec8a5e105636d0b04136f8be580fdc39d6f1f97d,; UTCHMMA=21;UTCHMMA_WS=16;UTCBAR=1;UTCATOMSWS=3;SYNCS_TRYWAIT=8;LDS=21;LDG=9;ptx_tcgen05_mma=21;ptx_tcgen05_mma_ws=16;ptx_tcgen05_commit=1;ptx_tcgen05_alloc=1;ptx_tcgen05_dealloc=1;ptx_tcgen05_ld=5;ptx_tcgen05_st=5;ptx_mbarrier_wait=5;ptx_cp_async_tma=2;ptx_ld_shared=26;ptx_ld_global=7
07_config_matrix,cfg_bf16_m128n256k16_c256_sw64_fill_use_lastuse_same,1,,NVIDIA Thor,11.0,580.00,13.0,PTX ISA 9.3 / CUDA 13.0,1575.000,,,,bf16,128,256,16,32,128,11,5,fill_use_lastuse,same,1,1,32,1,nocount,sw64,sw64,16,16,16,0,256,0,256,none,0,none,0,4,20,3167859.0,2011.3390476190475,3167856.4,3167860.6,,773.403076171875,12288,15.888222297772723,42.707541536413075,42.70751996599953,42.707576588384256,0,0.0,1,bf14b28d2af4128daa99f23eec8a5e105636d0b04136f8be580fdc39d6f1f97d,; UTCHMMA=21;UTCHMMA_WS=16;UTCBAR=1;UTCATOMSWS=3;SYNCS_TRYWAIT=8;LDS=21;LDG=9;ptx_tcgen05_mma=21;ptx_tcgen05_mma_ws=16;ptx_tcgen05_commit=1;ptx_tcgen05_alloc=1;ptx_tcgen05_dealloc=1;ptx_tcgen05_ld=5;ptx_tcgen05_st=5;ptx_mbarrier_wait=5;ptx_cp_async_tma=2;ptx_ld_shared=26;ptx_ld_global=7
07_config_matrix,cfg_fp16_m128n64k16_c128_none_discard_pingpong,0,max_abs_error>0.05,NVIDIA Thor,11.0,580.00,13.0,PTX ISA 9.3 / CUDA 13.0,1575.000,,,,fp16,128,64,16,32,128,12,5,discard,pingpong,2,2,32,1,nocount,none,none,16,16,16,0,128,0,64,none,0,none,0,4,20,3678955.0,2335.8444444444444,,,,,6144,,9.193607275979184,,,0,0.83203125,1,bf14b28d2af4128daa99f23eec8a5e105636d0b04136f8be580fdc39d6f1f97d,; UTCHMMA=21;UTCHMMA_WS=16;UTCBAR=1;UTCATOMSWS=3;SYNCS_TRYWAIT=8;LDS=21;LDG=9;ptx_tcgen05_mma=21;ptx_tcgen05_mma_ws=16;ptx_tcgen05_commit=1;ptx_tcgen05_alloc=1;ptx_tcgen05_dealloc=1;ptx_tcgen05_ld=5;ptx_tcgen05_st=5;ptx_mbarrier_wait=5;ptx_cp_async_tma=2;ptx_ld_shared=26;ptx_ld_global=7
07_config_matrix,cfg_fp16_m128n256k16_c512_sw128_fill_use_lastuse_same,1,,NVIDIA Thor,11.0,580.00,13.0,PTX ISA 9.3 / CUDA 13.0,1575.000,,,,fp16,128,256,16,32,128,13,5,fill_use_lastuse,same,2,2,32,1,nocount,sw128,sw128,16,16,16,0,512,0,256,none,0,none,0,4,20,3778481.0,2399.035555555555,3778170.2,3778590.4000000004,,922.480712890625,12288,13.320603702916594,35.805782753439814,35.804746098305245,35.80872821029092,0,0.0,1,bf14b28d2af4128daa99f23eec8a5e105636d0b04136f8be580fdc39d6f1f97d,; UTCHMMA=21;UTCHMMA_WS=16;UTCBAR=1;UTCATOMSWS=3;SYNCS_TRYWAIT=8;LDS=21;LDG=9;ptx_tcgen05_mma=21;ptx_tcgen05_mma_ws=16;ptx_tcgen05_commit=1;ptx_tcgen05_alloc=1;ptx_tcgen05_dealloc=1;ptx_tcgen05_ld=5;ptx_tcgen05_st=5;ptx_mbarrier_wait=5;ptx_cp_async_tma=2;ptx_ld_shared=26;ptx_ld_global=7
07_config_matrix,cfg_bf16_m128n128k16_c512_sw64_fill_use_lastuse_same,1,,NVIDIA Thor,11.0,580.00,13.0,PTX ISA 9.3 / CUDA 13.0,1575.000,,,,bf16,128,128,16,32,128,14,5,fill_use_lastuse,same,4,4,32,1,nocount,sw64,sw64,16,16,16,0,512,0,128,none,0,none,0,4,20,3664480.0,2326.6539682539683,3664479.0,3664545.2,,894.6484375,8192,9.156669431952146,18.459845574815525,18.459517138945767,18.459850612324427,0,0.0,1,bf14b28d2af4128daa99f23eec8a5e105636d0b04136f8be580fdc39d6f1f97d,; UTCHMMA=21;UTCHMMA_WS=16;UTCBAR=1;UTCATOMSWS=3;SYNCS_TRYWAIT=8;LDS=21;LDG=9;ptx_tcgen05_mma=21;ptx_tcgen05_mma_ws=16;ptx_tcgen05_commit=1;ptx_tcgen05_alloc=1;ptx_tcgen05_dealloc=1;ptx_tcgen05_ld=5;ptx_tcgen05_st=5;ptx_mbarrier_wait=5;ptx_cp_async_tma=2;ptx_ld_shared=26;ptx_ld_global=7
07_config_matrix,cfg_bf16_m128n128k16_c128_sw128_fill_use_lastuse_same,1,,NVIDIA Thor,11.0,580.00,13.0,PTX ISA 9.3 / CUDA 13.0,1575.000,,,,bf16,128,128,16,32,128,15,5,fill_use_lastuse,same,1,1,32,1,nocount,sw128,sw128,16,16,16,0,128,0,128,none,0,none,0,4,20,3282395.0,2084.0603174603175,3281360.8,3282396.0,,801.365966796875,8192,10.22254542795733,20.608651582761976,20.60864530422289,20.61514689637483,0,0.0,1,bf14b28d2af4128daa99f23eec8a5e105636d0b04136f8be580fdc39d6f1f97d,; UTCHMMA=21;UTCHMMA_WS=16;UTCBAR=1;UTCATOMSWS=3;SYNCS_TRYWAIT=8;LDS=21;LDG=9;ptx_tcgen05_mma=21;ptx_tcgen05_mma_ws=16;ptx_tcgen05_commit=1;ptx_tcgen05_alloc=1;ptx_tcgen05_dealloc=1;ptx_tcgen05_ld=5;ptx_tcgen05_st=5;ptx_mbarrier_wait=5;ptx_cp_async_tma=2;ptx_ld_shared=26;ptx_ld_global=7
07_config_matrix,cfg_fp16_m128n256k16_c512_none_fill_use_lastuse_same,0,max_abs_error>0.05,NVIDIA Thor,11.0,580.00,13.0,PTX ISA 9.3 / CUDA 13.0,1575.000,,,,fp16,128,256,16,32,128,16,5,fill_use_lastuse,same,2,2,32,1,nocount,none,none,16,16,16,0,512,0,256,none,0,none,0,4,20,3778657.0,2399.1473015873016,,,,,12288,,35.804115013349985,,,0,0.83203125,1,bf14b28d2af4128daa99f23eec8a5e105636d0b04136f8be580fdc39d6f1f97d,; UTCHMMA=21;UTCHMMA_WS=16;UTCBAR=1;UTCATOMSWS=3;SYNCS_TRYWAIT=8;LDS=21;LDG=9;ptx_tcgen05_mma=21;ptx_tcgen05_mma_ws=16;ptx_tcgen05_commit=1;ptx_tcgen05_alloc=1;ptx_tcgen05_dealloc=1;ptx_tcgen05_ld=5;ptx_tcgen05_st=5;ptx_mbarrier_wait=5;ptx_cp_async_tma=2;ptx_ld_shared=26;ptx_ld_global=7
07_config_matrix,cfg_bf16_m128n256k16_c256_sw64_fill_use_lastuse_pingpong,1,,NVIDIA Thor,11.0,580.00,13.0,PTX ISA 9.3 / CUDA 13.0,1575.000,,,,bf16,128,256,16,32,128,17,5,fill_use_lastuse,pingpong,1,1,32,1,nocount,sw64,sw64,16,16,16,0,256,0,256,none,0,none,0,4,20,3167858.0,2011.3384126984129,3167855.2,3167861.2,,773.40283203125,12288,15.888227313219216,42.70755501793325,42.707511877102746,42.70759276624422,0,0.0,1,bf14b28d2af4128daa99f23eec8a5e105636d0b04136f8be580fdc39d6f1f97d,; UTCHMMA=21;UTCHMMA_WS=16;UTCBAR=1;UTCATOMSWS=3;SYNCS_TRYWAIT=8;LDS=21;LDG=9;ptx_tcgen05_mma=21;ptx_tcgen05_mma_ws=16;ptx_tcgen05_commit=1;ptx_tcgen05_alloc=1;ptx_tcgen05_dealloc=1;ptx_tcgen05_ld=5;ptx_tcgen05_st=5;ptx_mbarrier_wait=5;ptx_cp_async_tma=2;ptx_ld_shared=26;ptx_ld_global=7
07_config_matrix,cfg_fp16_m128n64k16_c256_sw32_discard_pingpong,1,,NVIDIA Thor,11.0,580.00,13.0,PTX ISA 9.3 / CUDA 13.0,1575.000,,,,fp16,128,64,16,32,128,18,5,discard,pingpong,4,4,32,1,nocount,sw32,sw32,16,16,16,0,256,0,64,none,0,none,0,4,20,3387374.0,2150.7136507936507,3387370.8,3387462.0,,826.99560546875,6144,7.429301872187718,9.984981716220295,9.984722326364421,9.984991148888344,0,0.0,1,bf14b28d2af4128daa99f23eec8a5e105636d0b04136f8be580fdc39d6f1f97d,; UTCHMMA=21;UTCHMMA_WS=16;UTCBAR=1;UTCATOMSWS=3;SYNCS_TRYWAIT=8;LDS=21;LDG=9;ptx_tcgen05_mma=21;ptx_tcgen05_mma_ws=16;ptx_tcgen05_commit=1;ptx_tcgen05_alloc=1;ptx_tcgen05_dealloc=1;ptx_tcgen05_ld=5;ptx_tcgen05_st=5;ptx_mbarrier_wait=5;ptx_cp_async_tma=2;ptx_ld_shared=26;ptx_ld_global=7
07_config_matrix,cfg_bf16_m128n256k16_c512_none_fill_use_lastuse_pingpong,0,max_abs_error>0.25,NVIDIA Thor,11.0,580.00,13.0,PTX ISA 9.3 / CUDA 13.0,1575.000,,,,bf16,128,256,16,32,128,19,5,fill_use_lastuse,pingpong,2,2,32,1,nocount,none,none,16,16,16,0,512,0,256,none,0,none,0,4,20,3778653.0,2399.1447619047617,,,,,12288,,35.80415291480853,,,0,0.83203125,1,bf14b28d2af4128daa99f23eec8a5e105636d0b04136f8be580fdc39d6f1f97d,; UTCHMMA=21;UTCHMMA_WS=16;UTCBAR=1;UTCATOMSWS=3;SYNCS_TRYWAIT=8;LDS=21;LDG=9;ptx_tcgen05_mma=21;ptx_tcgen05_mma_ws=16;ptx_tcgen05_commit=1;ptx_tcgen05_alloc=1;ptx_tcgen05_dealloc=1;ptx_tcgen05_ld=5;ptx_tcgen05_st=5;ptx_mbarrier_wait=5;ptx_cp_async_tma=2;ptx_ld_shared=26;ptx_ld_global=7
07_config_matrix,cfg_fp16_m128n64k16_c128_sw128_discard_same,1,,NVIDIA Thor,11.0,580.00,13.0,PTX ISA 9.3 / CUDA 13.0,1575.000,,,,fp16,128,64,16,32,128,20,5,discard,same,2,2,32,1,nocount,sw128,sw128,16,16,16,0,128,0,64,none,0,none,0,4,20,3678956.0,2335.845079365079,3678954.8,3678960.4,,898.1826171875,6144,6.8404797447971655,9.19360477700739,9.193593781550243,9.193607775774357,0,0.0,1,bf14b28d2af4128daa99f23eec8a5e105636d0b04136f8be580fdc39d6f1f97d,; UTCHMMA=21;UTCHMMA_WS=16;UTCBAR=1;UTCATOMSWS=3;SYNCS_TRYWAIT=8;LDS=21;LDG=9;ptx_tcgen05_mma=21;ptx_tcgen05_mma_ws=16;ptx_tcgen05_commit=1;ptx_tcgen05_alloc=1;ptx_tcgen05_dealloc=1;ptx_tcgen05_ld=5;ptx_tcgen05_st=5;ptx_mbarrier_wait=5;ptx_cp_async_tma=2;ptx_ld_shared=26;ptx_ld_global=7
07_config_matrix,cfg_bf16_m128n64k16_c512_sw32_discard_pingpong,1,,NVIDIA Thor,11.0,580.00,13.0,PTX ISA 9.3 / CUDA 13.0,1575.000,,,,bf16,128,64,16,32,128,21,5,discard,pingpong,8,8,32,1,nocount,sw32,sw32,16,16,16,0,512,0,64,none,0,none,0,4,20,3387378.0,2150.71619047619,3387373.8,3387380.4,,826.99658203125,6144,7.429293099264386,9.984969925411336,9.984962850942669,9.984982305762308,0,0.0,1,bf14b28d2af4128daa99f23eec8a5e105636d0b04136f8be580fdc39d6f1f97d,; UTCHMMA=21;UTCHMMA_WS=16;UTCBAR=1;UTCATOMSWS=3;SYNCS_TRYWAIT=8;LDS=21;LDG=9;ptx_tcgen05_mma=21;ptx_tcgen05_mma_ws=16;ptx_tcgen05_commit=1;ptx_tcgen05_alloc=1;ptx_tcgen05_dealloc=1;ptx_tcgen05_ld=5;ptx_tcgen05_st=5;ptx_mbarrier_wait=5;ptx_cp_async_tma=2;ptx_ld_shared=26;ptx_ld_global=7
07_config_matrix,cfg_fp16_m128n256k16_c256_sw128_discard_pingpong,1,,NVIDIA Thor,11.0,580.00,13.0,PTX ISA 9.3 / CUDA 13.0,1575.000,,,,fp16,128,256,16,32,128,22,5,discard,pingpong,1,1,32,1,nocount,sw128,sw128,16,16,16,0,256,0,256,none,0,none,0,4,20,3181549.0,2020.031111111111,3181542.8,3181792.0,,776.745361328125,12288,15.819856302700352,42.523773741658545,42.520526113586314,42.52385660944522,0,0.0,1,bf14b28d2af4128daa99f23eec8a5e105636d0b04136f8be580fdc39d6f1f97d,; UTCHMMA=21;UTCHMMA_WS=16;UTCBAR=1;UTCATOMSWS=3;SYNCS_TRYWAIT=8;LDS=21;LDG=9;ptx_tcgen05_mma=21;ptx_tcgen05_mma_ws=16;ptx_tcgen05_commit=1;ptx_tcgen05_alloc=1;ptx_tcgen05_dealloc=1;ptx_tcgen05_ld=5;ptx_tcgen05_st=5;ptx_mbarrier_wait=5;ptx_cp_async_tma=2;ptx_ld_shared=26;ptx_ld_global=7
07_config_matrix,cfg_fp16_m128n64k16_c256_none_discard_same,0,max_abs_error>0.05,NVIDIA Thor,11.0,580.00,13.0,PTX ISA 9.3 / CUDA 13.0,1575.000,,,,fp16,128,64,16,32,128,23,5,discard,same,4,4,32,1,nocount,none,none,16,16,16,0,256,0,64,none,0,none,0,4,20,3678582.0,2335.607619047619,,,,,6144,,9.194539487226328,,,0,0.83203125,1,bf14b28d2af4128daa99f23eec8a5e105636d0b04136f8be580fdc39d6f1f97d,; UTCHMMA=21;UTCHMMA_WS=16;UTCBAR=1;UTCATOMSWS=3;SYNCS_TRYWAIT=8;LDS=21;LDG=9;ptx_tcgen05_mma=21;ptx_tcgen05_mma_ws=16;ptx_tcgen05_commit=1;ptx_tcgen05_alloc=1;ptx_tcgen05_dealloc=1;ptx_tcgen05_ld=5;ptx_tcgen05_st=5;ptx_mbarrier_wait=5;ptx_cp_async_tma=2;ptx_ld_shared=26;ptx_ld_global=7
07_config_matrix,cfg_bf16_m128n64k16_c128_sw128_fill_use_lastuse_same,1,,NVIDIA Thor,11.0,580.00,13.0,PTX ISA 9.3 / CUDA 13.0,1575.000,,,,bf16,128,64,16,32,128,24,5,fill_use_lastuse,same,2,2,32,1,nocount,sw128,sw128,16,16,16,0,128,0,64,none,0,none,0,4,20,3779294.0,2399.551746031746,3779290.0,3779297.6,,922.67919921875,6144,6.6588690903644965,8.949520057449883,8.949511532518757,8.949529529620643,0,0.0,1,bf14b28d2af4128daa99f23eec8a5e105636d0b04136f8be580fdc39d6f1f97d,; UTCHMMA=21;UTCHMMA_WS=16;UTCBAR=1;UTCATOMSWS=3;SYNCS_TRYWAIT=8;LDS=21;LDG=9;ptx_tcgen05_mma=21;ptx_tcgen05_mma_ws=16;ptx_tcgen05_commit=1;ptx_tcgen05_alloc=1;ptx_tcgen05_dealloc=1;ptx_tcgen05_ld=5;ptx_tcgen05_st=5;ptx_mbarrier_wait=5;ptx_cp_async_tma=2;ptx_ld_shared=26;ptx_ld_global=7
07_config_matrix,cfg_fp16_m128n64k16_c512_sw32_fill_use_lastuse_same,1,,NVIDIA Thor,11.0,580.00,13.0,PTX ISA 9.3 / CUDA 13.0,1575.000,,,,fp16,128,64,16,32,128,25,5,fill_use_lastuse,same,8,8,32,1,nocount,sw32,sw32,16,16,16,0,512,0,64,none,0,none,0,4,20,3488012.0,2214.6107936507938,3488007.4000000004,3488013.2,,851.5654296875,6144,7.2149476549966,9.69688964831543,9.696886312242931,9.696902436624423,0,0.0,1,bf14b28d2af4128daa99f23eec8a5e105636d0b04136f8be580fdc39d6f1f97d,; UTCHMMA=21;UTCHMMA_WS=16;UTCBAR=1;UTCATOMSWS=3;SYNCS_TRYWAIT=8;LDS=21;LDG=9;ptx_tcgen05_mma=21;ptx_tcgen05_mma_ws=16;ptx_tcgen05_commit=1;ptx_tcgen05_alloc=1;ptx_tcgen05_dealloc=1;ptx_tcgen05_ld=5;ptx_tcgen05_st=5;ptx_mbarrier_wait=5;ptx_cp_async_tma=2;ptx_ld_shared=26;ptx_ld_global=7
07_config_matrix,cfg_bf16_m128n64k16_c128_sw64_fill_use_lastuse_pingpong,1,,NVIDIA Thor,11.0,580.00,13.0,PTX ISA 9.3 / CUDA 13.0,1575.000,,,,bf16,128,64,16,32,128,26,5,fill_use_lastuse,pingpong,2,2,32,1,nocount,sw64,sw64,16,16,16,0,128,0,64,none,0,none,0,4,20,3664484.0,2326.6565079365078,3664472.8,3664548.0,,894.6494140625,6144,6.867494577681333,9.229912712403712,9.229751517148749,9.229940922471144,0,0.0,1,bf14b28d2af4128daa99f23eec8a5e105636d0b04136f8be580fdc39d6f1f97d,; UTCHMMA=21;UTCHMMA_WS=16;UTCBAR=1;UTCATOMSWS=3;SYNCS_TRYWAIT=8;LDS=21;LDG=9;ptx_tcgen05_mma=21;ptx_tcgen05_mma_ws=16;ptx_tcgen05_commit=1;ptx_tcgen05_alloc=1;ptx_tcgen05_dealloc=1;ptx_tcgen05_ld=5;ptx_tcgen05_st=5;ptx_mbarrier_wait=5;ptx_cp_async_tma=2;ptx_ld_shared=26;ptx_ld_global=7
07_config_matrix,cfg_bf16_m128n128k16_c256_sw64_fill_use_lastuse_pingpong,1,,NVIDIA Thor,11.0,580.00,13.0,PTX ISA 9.3 / CUDA 13.0,1575.000,,,,bf16,128,128,16,32,128,27,5,fill_use_lastuse,pingpong,2,2,32,1,nocount,sw64,sw64,16,16,16,0,256,0,128,none,0,none,0,4,20,3664479.0,2326.653333333333,3664476.2,3664481.0,,894.648193359375,8192,9.156671930716481,18.459850612324427,18.459840537309375,18.45986471736694,0,0.0,1,bf14b28d2af4128daa99f23eec8a5e105636d0b04136f8be580fdc39d6f1f97d,; UTCHMMA=21;UTCHMMA_WS=16;UTCBAR=1;UTCATOMSWS=3;SYNCS_TRYWAIT=8;LDS=21;LDG=9;ptx_tcgen05_mma=21;ptx_tcgen05_mma_ws=16;ptx_tcgen05_commit=1;ptx_tcgen05_alloc=1;ptx_tcgen05_dealloc=1;ptx_tcgen05_ld=5;ptx_tcgen05_st=5;ptx_mbarrier_wait=5;ptx_cp_async_tma=2;ptx_ld_shared=26;ptx_ld_global=7
07_config_matrix,cfg_bf16_m128n64k16_c256_none_discard_same,0,max_abs_error>0.25,NVIDIA Thor,11.0,580.00,13.0,PTX ISA 9.3 / CUDA 13.0,1575.000,,,,bf16,128,64,16,32,128,28,5,discard,same,4,4,32,1,nocount,none,none,16,16,16,0,256,0,64,none,0,none,0,4,20,3678587.0,2335.6107936507938,,,,,6144,,9.194526989846915,,,0,0.83203125,1,bf14b28d2af4128daa99f23eec8a5e105636d0b04136f8be580fdc39d6f1f97d,; UTCHMMA=21;UTCHMMA_WS=16;UTCBAR=1;UTCATOMSWS=3;SYNCS_TRYWAIT=8;LDS=21;LDG=9;ptx_tcgen05_mma=21;ptx_tcgen05_mma_ws=16;ptx_tcgen05_commit=1;ptx_tcgen05_alloc=1;ptx_tcgen05_dealloc=1;ptx_tcgen05_ld=5;ptx_tcgen05_st=5;ptx_mbarrier_wait=5;ptx_cp_async_tma=2;ptx_ld_shared=26;ptx_ld_global=7
07_config_matrix,cfg_bf16_m128n64k16_c128_sw32_discard_pingpong,1,,NVIDIA Thor,11.0,580.00,13.0,PTX ISA 9.3 / CUDA 13.0,1575.000,,,,bf16,128,64,16,32,128,29,5,discard,pingpong,2,2,32,1,nocount,sw32,sw32,16,16,16,0,128,0,64,none,0,none,0,4,20,3387483.0,2150.782857142857,3387375.4000000004,3387485.8,,827.022216796875,6144,7.429062817437018,9.984660426635351,9.984652173599182,9.9849775894342,0,0.0,1,bf14b28d2af4128daa99f23eec8a5e105636d0b04136f8be580fdc39d6f1f97d,; UTCHMMA=21;UTCHMMA_WS=16;UTCBAR=1;UTCATOMSWS=3;SYNCS_TRYWAIT=8;LDS=21;LDG=9;ptx_tcgen05_mma=21;ptx_tcgen05_mma_ws=16;ptx_tcgen05_commit=1;ptx_tcgen05_alloc=1;ptx_tcgen05_dealloc=1;ptx_tcgen05_ld=5;ptx_tcgen05_st=5;ptx_mbarrier_wait=5;ptx_cp_async_tma=2;ptx_ld_shared=26;ptx_ld_global=7
07_config_matrix,cfg_bf16_m128n256k16_c512_sw64_discard_pingpong,1,,NVIDIA Thor,11.0,580.00,13.0,PTX ISA 9.3 / CUDA 13.0,1575.000,,,,bf16,128,256,16,32,128,30,5,discard,pingpong,2,2,32,1,nocount,sw64,sw64,16,16,16,0,512,0,256,none,0,none,0,4,20,3562240.0,2261.7396825396822,3562234.4,3562537.5999999996,,869.6875,12288,14.129213079410707,37.979324757455984,37.976152294762194,37.979384462741294,0,0.0,1,bf14b28d2af4128daa99f23eec8a5e105636d0b04136f8be580fdc39d6f1f97d,; UTCHMMA=21;UTCHMMA_WS=16;UTCBAR=1;UTCATOMSWS=3;SYNCS_TRYWAIT=8;LDS=21;LDG=9;ptx_tcgen05_mma=21;ptx_tcgen05_mma_ws=16;ptx_tcgen05_commit=1;ptx_tcgen05_alloc=1;ptx_tcgen05_dealloc=1;ptx_tcgen05_ld=5;ptx_tcgen05_st=5;ptx_mbarrier_wait=5;ptx_cp_async_tma=2;ptx_ld_shared=26;ptx_ld_global=7
07_config_matrix,cfg_bf16_m128n64k16_c512_sw64_discard_pingpong,1,,NVIDIA Thor,11.0,580.00,13.0,PTX ISA 9.3 / CUDA 13.0,1575.000,,,,bf16,128,64,16,32,128,31,5,discard,pingpong,8,8,32,1,nocount,sw64,sw64,16,16,16,0,512,0,64,none,0,none,0,4,20,3562090.0,2261.6444444444446,3562080.8,3562091.2,,869.65087890625,6144,7.064904031060417,9.4952310177452,9.495227818985253,9.495255541657379,0,0.0,1,bf14b28d2af4128daa99f23eec8a5e105636d0b04136f8be580fdc39d6f1f97d,; UTCHMMA=21;UTCHMMA_WS=16;UTCBAR=1;UTCATOMSWS=3;SYNCS_TRYWAIT=8;LDS=21;LDG=9;ptx_tcgen05_mma=21;ptx_tcgen05_mma_ws=16;ptx_tcgen05_commit=1;ptx_tcgen05_alloc=1;ptx_tcgen05_dealloc=1;ptx_tcgen05_ld=5;ptx_tcgen05_st=5;ptx_mbarrier_wait=5;ptx_cp_async_tma=2;ptx_ld_shared=26;ptx_ld_global=7
07_config_matrix,cfg_fp16_m128n64k16_c256_sw64_discard_same,1,,NVIDIA Thor,11.0,580.00,13.0,PTX ISA 9.3 / CUDA 13.0,1575.000,,,,fp16,128,64,16,32,128,32,5,discard,same,4,4,32,1,nocount,sw64,sw64,16,16,16,0,256,0,64,none,0,none,0,4,20,3562091.0,2261.6450793650793,3562087.8,3562091.0,,869.651123046875,6144,7.064902047701757,9.495228352111162,9.495228352111162,9.495236882146072,0,0.0,1,bf14b28d2af4128daa99f23eec8a5e105636d0b04136f8be580fdc39d6f1f97d,; UTCHMMA=21;UTCHMMA_WS=16;UTCBAR=1;UTCATOMSWS=3;SYNCS_TRYWAIT=8;LDS=21;LDG=9;ptx_tcgen05_mma=21;ptx_tcgen05_mma_ws=16;ptx_tcgen05_commit=1;ptx_tcgen05_alloc=1;ptx_tcgen05_dealloc=1;ptx_tcgen05_ld=5;ptx_tcgen05_st=5;ptx_mbarrier_wait=5;ptx_cp_async_tma=2;ptx_ld_shared=26;ptx_ld_global=7
07_config_matrix,cfg_fp16_m128n256k16_c512_sw32_discard_same,1,,NVIDIA Thor,11.0,580.00,13.0,PTX ISA 9.3 / CUDA 13.0,1575.000,,,,fp16,128,256,16,32,128,33,5,discard,same,2,2,32,1,nocount,sw32,sw32,16,16,16,0,512,0,256,none,0,none,0,4,20,3387342.0,2150.693333333333,3387160.8,3387361.8,,826.98779296875,12288,14.858744112640531,39.94030417477775,39.94007071349187,39.94244083702823,0,0.0,1,bf14b28d2af4128daa99f23eec8a5e105636d0b04136f8be580fdc39d6f1f97d,; UTCHMMA=21;UTCHMMA_WS=16;UTCBAR=1;UTCATOMSWS=3;SYNCS_TRYWAIT=8;LDS=21;LDG=9;ptx_tcgen05_mma=21;ptx_tcgen05_mma_ws=16;ptx_tcgen05_commit=1;ptx_tcgen05_alloc=1;ptx_tcgen05_dealloc=1;ptx_tcgen05_ld=5;ptx_tcgen05_st=5;ptx_mbarrier_wait=5;ptx_cp_async_tma=2;ptx_ld_shared=26;ptx_ld_global=7
07_config_matrix,cfg_bf16_m128n256k16_c256_none_fill_use_lastuse_pingpong,0,max_abs_error>0.25,NVIDIA Thor,11.0,580.00,13.0,PTX ISA 9.3 / CUDA 13.0,1575.000,,,,bf16,128,256,16,32,128,34,5,fill_use_lastuse,pingpong,1,1,32,1,nocount,none,none,16,16,16,0,256,0,256,none,0,none,0,4,20,3282542.0,2084.1536507936507,,,,,12288,,41.21545735713359,,,0,0.791015625,1,bf14b28d2af4128daa99f23eec8a5e105636d0b04136f8be580fdc39d6f1f97d,; UTCHMMA=21;UTCHMMA_WS=16;UTCBAR=1;UTCATOMSWS=3;SYNCS_TRYWAIT=8;LDS=21;LDG=9;ptx_tcgen05_mma=21;ptx_tcgen05_mma_ws=16;ptx_tcgen05_commit=1;ptx_tcgen05_alloc=1;ptx_tcgen05_dealloc=1;ptx_tcgen05_ld=5;ptx_tcgen05_st=5;ptx_mbarrier_wait=5;ptx_cp_async_tma=2;ptx_ld_shared=26;ptx_ld_global=7
07_config_matrix,cfg_fp16_m128n128k16_c256_sw128_discard_same,1,,NVIDIA Thor,11.0,580.00,13.0,PTX ISA 9.3 / CUDA 13.0,1575.000,,,,fp16,128,128,16,32,128,35,5,discard,same,2,2,32,1,nocount,sw128,sw128,16,16,16,0,256,0,128,none,0,none,0,4,20,3678987.0,2335.864761904762,3678968.6,3678991.8,,898.190185546875,8192,9.120562807098802,18.387054619111183,18.387030629427006,18.387146580276067,0,0.0,1,bf14b28d2af4128daa99f23eec8a5e105636d0b04136f8be580fdc39d6f1f97d,; UTCHMMA=21;UTCHMMA_WS=16;UTCBAR=1;UTCATOMSWS=3;SYNCS_TRYWAIT=8;LDS=21;LDG=9;ptx_tcgen05_mma=21;ptx_tcgen05_mma_ws=16;ptx_tcgen05_commit=1;ptx_tcgen05_alloc=1;ptx_tcgen05_dealloc=1;ptx_tcgen05_ld=5;ptx_tcgen05_st=5;ptx_mbarrier_wait=5;ptx_cp_async_tma=2;ptx_ld_shared=26;ptx_ld_global=7
07_config_matrix,cfg_bf16_m128n128k16_c256_sw64_discard_pingpong,1,,NVIDIA Thor,11.0,580.00,13.0,PTX ISA 9.3 / CUDA 13.0,1575.000,,,,bf16,128,128,16,32,128,36,5,discard,pingpong,2,2,32,1,nocount,sw64,sw64,16,16,16,0,256,0,128,none,0,none,0,4,20,3563110.0,2262.2920634920633,3563104.8,3563115.0,,869.89990234375,8192,9.417175445046603,18.98502569721395,18.984999056171908,18.98505340400391,0,0.0,1,bf14b28d2af4128daa99f23eec8a5e105636d0b04136f8be580fdc39d6f1f97d,; UTCHMMA=21;UTCHMMA_WS=16;UTCBAR=1;UTCATOMSWS=3;SYNCS_TRYWAIT=8;LDS=21;LDG=9;ptx_tcgen05_mma=21;ptx_tcgen05_mma_ws=16;ptx_tcgen05_commit=1;ptx_tcgen05_alloc=1;ptx_tcgen05_dealloc=1;ptx_tcgen05_ld=5;ptx_tcgen05_st=5;ptx_mbarrier_wait=5;ptx_cp_async_tma=2;ptx_ld_shared=26;ptx_ld_global=7
07_config_matrix,cfg_bf16_m128n128k16_c512_sw32_fill_use_lastuse_same,1,,NVIDIA Thor,11.0,580.00,13.0,PTX ISA 9.3 / CUDA 13.0,1575.000,,,,bf16,128,128,16,32,128,37,5,fill_use_lastuse,same,4,4,32,1,nocount,sw32,sw32,16,16,16,0,512,0,128,none,0,none,0,4,20,3487605.0,2214.352380952381,3487602.8,3487606.6,,851.466064453125,8192,9.621052842853477,19.39604253119261,19.39603363292217,19.39605476632985,0,0.0,1,bf14b28d2af4128daa99f23eec8a5e105636d0b04136f8be580fdc39d6f1f97d,; UTCHMMA=21;UTCHMMA_WS=16;UTCBAR=1;UTCATOMSWS=3;SYNCS_TRYWAIT=8;LDS=21;LDG=9;ptx_tcgen05_mma=21;ptx_tcgen05_mma_ws=16;ptx_tcgen05_commit=1;ptx_tcgen05_alloc=1;ptx_tcgen05_dealloc=1;ptx_tcgen05_ld=5;ptx_tcgen05_st=5;ptx_mbarrier_wait=5;ptx_cp_async_tma=2;ptx_ld_shared=26;ptx_ld_global=7
07_config_matrix,cfg_fp16_m128n64k16_c512_sw128_discard_same,1,,NVIDIA Thor,11.0,580.00,13.0,PTX ISA 9.3 / CUDA 13.0,1575.000,,,,fp16,128,64,16,32,128,38,5,discard,same,8,8,32,1,nocount,sw128,sw128,16,16,16,0,512,0,64,none,0,none,0,4,20,3678580.0,2335.606349206349,3678578.4,3678588.6,,898.0908203125,6144,6.841178933175302,9.194544486187606,9.194522990692843,9.194548485360704,0,0.0,1,bf14b28d2af4128daa99f23eec8a5e105636d0b04136f8be580fdc39d6f1f97d,; UTCHMMA=21;UTCHMMA_WS=16;UTCBAR=1;UTCATOMSWS=3;SYNCS_TRYWAIT=8;LDS=21;LDG=9;ptx_tcgen05_mma=21;ptx_tcgen05_mma_ws=16;ptx_tcgen05_commit=1;ptx_tcgen05_alloc=1;ptx_tcgen05_dealloc=1;ptx_tcgen05_ld=5;ptx_tcgen05_st=5;ptx_mbarrier_wait=5;ptx_cp_async_tma=2;ptx_ld_shared=26;ptx_ld_global=7
07_config_matrix,cfg_fp16_m128n128k16_c128_none_discard_pingpong,0,max_abs_error>0.05,NVIDIA Thor,11.0,580.00,13.0,PTX ISA 9.3 / CUDA 13.0,1575.000,,,,fp16,128,128,16,32,128,39,5,discard,pingpong,1,1,32,1,nocount,none,none,16,16,16,0,128,0,128,none,0,none,0,4,20,3181150.0,2019.7777777777778,,,,,8192,,21.264553671471006,,,0,0.791015625,1,bf14b28d2af4128daa99f23eec8a5e105636d0b04136f8be580fdc39d6f1f97d,; UTCHMMA=21;UTCHMMA_WS=16;UTCBAR=1;UTCATOMSWS=3;SYNCS_TRYWAIT=8;LDS=21;LDG=9;ptx_tcgen05_mma=21;ptx_tcgen05_mma_ws=16;ptx_tcgen05_commit=1;ptx_tcgen05_alloc=1;ptx_tcgen05_dealloc=1;ptx_tcgen05_ld=5;ptx_tcgen05_st=5;ptx_mbarrier_wait=5;ptx_cp_async_tma=2;ptx_ld_shared=26;ptx_ld_global=7
07_config_matrix,cfg_bf16_m128n128k16_c128_sw32_discard_pingpong,1,,NVIDIA Thor,11.0,580.00,13.0,PTX ISA 9.3 / CUDA 13.0,1575.000,,,,bf16,128,128,16,32,128,40,5,discard,pingpong,1,1,32,1,nocount,sw32,sw32,16,16,16,0,128,0,128,none,0,none,0,4,20,2891379.0,1835.7961904761903,2891376.8,2891384.0,,705.903076171875,8192,11.60499263500219,23.39566515216442,23.395624694626708,23.395682953535413,0,0.0,1,bf14b28d2af4128daa99f23eec8a5e105636d0b04136f8be580fdc39d6f1f97d,; UTCHMMA=21;UTCHMMA_WS=16;UTCBAR=1;UTCATOMSWS=3;SYNCS_TRYWAIT=8;LDS=21;LDG=9;ptx_tcgen05_mma=21;ptx_tcgen05_mma_ws=16;ptx_tcgen05_commit=1;ptx_tcgen05_alloc=1;ptx_tcgen05_dealloc=1;ptx_tcgen05_ld=5;ptx_tcgen05_st=5;ptx_mbarrier_wait=5;ptx_cp_async_tma=2;ptx_ld_shared=26;ptx_ld_global=7
07_config_matrix,cfg_fp16_m128n128k16_c512_sw128_fill_use_lastuse_pingpong,1,,NVIDIA Thor,11.0,580.00,13.0,PTX ISA 9.3 / CUDA 13.0,1575.000,,,,fp16,128,128,16,32,128,41,5,fill_use_lastuse,pingpong,4,4,32,1,nocount,sw128,sw128,16,16,16,0,512,0,128,none,0,none,0,4,20,3779415.0,2399.6285714285714,3779409.5999999996,3779419.8000000003,,922.708740234375,8192,8.878207870794819,17.898467067522354,17.898444335823775,17.898492640760132,0,0.0,1,bf14b28d2af4128daa99f23eec8a5e105636d0b04136f8be580fdc39d6f1f97d,; UTCHMMA=21;UTCHMMA_WS=16;UTCBAR=1;UTCATOMSWS=3;SYNCS_TRYWAIT=8;LDS=21;LDG=9;ptx_tcgen05_mma=21;ptx_tcgen05_mma_ws=16;ptx_tcgen05_commit=1;ptx_tcgen05_alloc=1;ptx_tcgen05_dealloc=1;ptx_tcgen05_ld=5;ptx_tcgen05_st=5;ptx_mbarrier_wait=5;ptx_cp_async_tma=2;ptx_ld_shared=26;ptx_ld_global=7
07_config_matrix,cfg_bf16_m128n128k16_c256_sw128_discard_pingpong,1,,NVIDIA Thor,11.0,580.00,13.0,PTX ISA 9.3 / CUDA 13.0,1575.000,,,,bf16,128,128,16,32,128,42,5,discard,pingpong,2,2,32,1,nocount,sw128,sw128,16,16,16,0,256,0,128,none,0,none,0,4,20,3678996.0,2335.8704761904764,3678974.4,3678999.0,,898.1923828125,8192,9.120540495287301,18.387009638499197,18.386994645010777,18.387117592651013,0,0.0,1,bf14b28d2af4128daa99f23eec8a5e105636d0b04136f8be580fdc39d6f1f97d,; UTCHMMA=21;UTCHMMA_WS=16;UTCBAR=1;UTCATOMSWS=3;SYNCS_TRYWAIT=8;LDS=21;LDG=9;ptx_tcgen05_mma=21;ptx_tcgen05_mma_ws=16;ptx_tcgen05_commit=1;ptx_tcgen05_alloc=1;ptx_tcgen05_dealloc=1;ptx_tcgen05_ld=5;ptx_tcgen05_st=5;ptx_mbarrier_wait=5;ptx_cp_async_tma=2;ptx_ld_shared=26;ptx_ld_global=7
07_config_matrix,cfg_fp16_m128n64k16_c256_sw64_fill_use_lastuse_same,1,,NVIDIA Thor,11.0,580.00,13.0,PTX ISA 9.3 / CUDA 13.0,1575.000,,,,fp16,128,64,16,32,128,43,5,fill_use_lastuse,same,4,4,32,1,nocount,sw64,sw64,16,16,16,0,256,0,64,none,0,none,0,4,20,3664482.0,2326.655238095238,3664474.8,3664588.8,,894.64892578125,6144,6.867498325820676,9.229917749902988,9.22964875513603,9.229935884953997,0,0.0,1,bf14b28d2af4128daa99f23eec8a5e105636d0b04136f8be580fdc39d6f1f97d,; UTCHMMA=21;UTCHMMA_WS=16;UTCBAR=1;UTCATOMSWS=3;SYNCS_TRYWAIT=8;LDS=21;LDG=9;ptx_tcgen05_mma=21;ptx_tcgen05_mma_ws=16;ptx_tcgen05_commit=1;ptx_tcgen05_alloc=1;ptx_tcgen05_dealloc=1;ptx_tcgen05_ld=5;ptx_tcgen05_st=5;ptx_mbarrier_wait=5;ptx_cp_async_tma=2;ptx_ld_shared=26;ptx_ld_global=7
07_config_matrix,cfg_bf16_m128n128k16_c256_sw128_fill_use_lastuse_same,1,,NVIDIA Thor,11.0,580.00,13.0,PTX ISA 9.3 / CUDA 13.0,1575.000,,,,bf16,128,128,16,32,128,44,5,fill_use_lastuse,same,2,2,32,1,nocount,sw128,sw128,16,16,16,0,256,0,128,none,0,none,0,4,20,3779413.0,2399.6273015873016,3779410.2,3779418.2,,922.708251953125,8192,8.878212568988888,17.8984765390816,17.898451913063152,17.89848979928409,0,0.0,1,bf14b28d2af4128daa99f23eec8a5e105636d0b04136f8be580fdc39d6f1f97d,; UTCHMMA=21;UTCHMMA_WS=16;UTCBAR=1;UTCATOMSWS=3;SYNCS_TRYWAIT=8;LDS=21;LDG=9;ptx_tcgen05_mma=21;ptx_tcgen05_mma_ws=16;ptx_tcgen05_commit=1;ptx_tcgen05_alloc=1;ptx_tcgen05_dealloc=1;ptx_tcgen05_ld=5;ptx_tcgen05_st=5;ptx_mbarrier_wait=5;ptx_cp_async_tma=2;ptx_ld_shared=26;ptx_ld_global=7
07_config_matrix,cfg_fp16_m128n64k16_c128_sw32_fill_use_lastuse_same,1,,NVIDIA Thor,11.0,580.00,13.0,PTX ISA 9.3 / CUDA 13.0,1575.000,,,,fp16,128,64,16,32,128,45,5,fill_use_lastuse,same,2,2,32,1,nocount,sw32,sw32,16,16,16,0,128,0,64,none,0,none,0,4,20,3488014.0,2214.6120634920635,3488012.0,3488014.5999999996,,851.56591796875,6144,7.214943518001935,9.696884088194599,9.696882420159785,9.69688964831543,0,0.0,1,bf14b28d2af4128daa99f23eec8a5e105636d0b04136f8be580fdc39d6f1f97d,; UTCHMMA=21;UTCHMMA_WS=16;UTCBAR=1;UTCATOMSWS=3;SYNCS_TRYWAIT=8;LDS=21;LDG=9;ptx_tcgen05_mma=21;ptx_tcgen05_mma_ws=16;ptx_tcgen05_commit=1;ptx_tcgen05_alloc=1;ptx_tcgen05_dealloc=1;ptx_tcgen05_ld=5;ptx_tcgen05_st=5;ptx_mbarrier_wait=5;ptx_cp_async_tma=2;ptx_ld_shared=26;ptx_ld_global=7
07_config_matrix,cfg_bf16_m128n256k16_c256_sw32_discard_same,1,,NVIDIA Thor,11.0,580.00,13.0,PTX ISA 9.3 / CUDA 13.0,1575.000,,,,bf16,128,256,16,32,128,46,5,discard,same,1,1,32,1,nocount,sw32,sw32,16,16,16,0,256,0,256,none,0,none,0,4,20,2891088.0,1835.6114285714286,2891087.0,2891089.5999999996,,705.83203125,12288,17.409241088476033,46.79604004582358,46.79601414774688,46.796056232136905,0,0.0,1,bf14b28d2af4128daa99f23eec8a5e105636d0b04136f8be580fdc39d6f1f97d,; UTCHMMA=21;UTCHMMA_WS=16;UTCBAR=1;UTCATOMSWS=3;SYNCS_TRYWAIT=8;LDS=21;LDG=9;ptx_tcgen05_mma=21;ptx_tcgen05_mma_ws=16;ptx_tcgen05_commit=1;ptx_tcgen05_alloc=1;ptx_tcgen05_dealloc=1;ptx_tcgen05_ld=5;ptx_tcgen05_st=5;ptx_mbarrier_wait=5;ptx_cp_async_tma=2;ptx_ld_shared=26;ptx_ld_global=7
07_config_matrix,cfg_fp16_m128n64k16_c256_sw128_fill_use_lastuse_pingpong,1,,NVIDIA Thor,11.0,580.00,13.0,PTX ISA 9.3 / CUDA 13.0,1575.000,,,,fp16,128,64,16,32,128,47,5,fill_use_lastuse,pingpong,4,4,32,1,nocount,sw128,sw128,16,16,16,0,256,0,64,none,0,none,0,4,20,3779299.0,2399.5549206349206,3779299.0,3779301.8,,922.680419921875,6144,6.65886028070285,8.949508217264631,8.949501586775927,8.949508217264631,0,0.0,1,bf14b28d2af4128daa99f23eec8a5e105636d0b04136f8be580fdc39d6f1f97d,; UTCHMMA=21;UTCHMMA_WS=16;UTCBAR=1;UTCATOMSWS=3;SYNCS_TRYWAIT=8;LDS=21;LDG=9;ptx_tcgen05_mma=21;ptx_tcgen05_mma_ws=16;ptx_tcgen05_commit=1;ptx_tcgen05_alloc=1;ptx_tcgen05_dealloc=1;ptx_tcgen05_ld=5;ptx_tcgen05_st=5;ptx_mbarrier_wait=5;ptx_cp_async_tma=2;ptx_ld_shared=26;ptx_ld_global=7
07_config_matrix,cfg_bf16_m128n128k16_c128_none_discard_same,0,max_abs_error>0.25,NVIDIA Thor,11.0,580.00,13.0,PTX ISA 9.3 / CUDA 13.0,1575.000,,,,bf16,128,128,16,32,128,48,5,discard,same,1,1,32,1,nocount,none,none,16,16,16,0,128,0,128,none,0,none,0,4,20,3181152.0,2019.7790476190478,,,,,8192,,21.26454030238102,,,0,0.83203125,1,bf14b28d2af4128daa99f23eec8a5e105636d0b04136f8be580fdc39d6f1f97d,; UTCHMMA=21;UTCHMMA_WS=16;UTCBAR=1;UTCATOMSWS=3;SYNCS_TRYWAIT=8;LDS=21;LDG=9;ptx_tcgen05_mma=21;ptx_tcgen05_mma_ws=16;ptx_tcgen05_commit=1;ptx_tcgen05_alloc=1;ptx_tcgen05_dealloc=1;ptx_tcgen05_ld=5;ptx_tcgen05_st=5;ptx_mbarrier_wait=5;ptx_cp_async_tma=2;ptx_ld_shared=26;ptx_ld_global=7
07_config_matrix,cfg_fp16_m128n64k16_c128_sw32_discard_same,1,,NVIDIA Thor,11.0,580.00,13.0,PTX ISA 9.3 / CUDA 13.0,1575.000,,,,fp16,128,64,16,32,128,49,5,discard,same,2,2,32,1,nocount,sw32,sw32,16,16,16,0,128,0,64,none,0,none,0,4,20,3387485.0,2150.784126984127,3387442.0,3387487.2,,827.022705078125,6144,7.429058431255046,9.98465453160678,9.984648047084232,9.984781277278355,0,0.0,1,bf14b28d2af4128daa99f23eec8a5e105636d0b04136f8be580fdc39d6f1f97d,; UTCHMMA=21;UTCHMMA_WS=16;UTCBAR=1;UTCATOMSWS=3;SYNCS_TRYWAIT=8;LDS=21;LDG=9;ptx_tcgen05_mma=21;ptx_tcgen05_mma_ws=16;ptx_tcgen05_commit=1;ptx_tcgen05_alloc=1;ptx_tcgen05_dealloc=1;ptx_tcgen05_ld=5;ptx_tcgen05_st=5;ptx_mbarrier_wait=5;ptx_cp_async_tma=2;ptx_ld_shared=26;ptx_ld_global=7
07_config_matrix,cfg_bf16_m128n64k16_c128_sw64_discard_same,1,,NVIDIA Thor,11.0,580.00,13.0,PTX ISA 9.3 / CUDA 13.0,1575.000,,,,bf16,128,64,16,32,128,50,5,discard,same,2,2,32,1,nocount,sw64,sw64,16,16,16,0,128,0,64,none,0,none,0,4,20,3562216.0,2261.7244444444445,3562072.4,3562216.0,,869.681640625,6144,7.064654136638542,9.4948951596422,9.4948951596422,9.495277943152285,0,0.0,1,bf14b28d2af4128daa99f23eec8a5e105636d0b04136f8be580fdc39d6f1f97d,; UTCHMMA=21;UTCHMMA_WS=16;UTCBAR=1;UTCATOMSWS=3;SYNCS_TRYWAIT=8;LDS=21;LDG=9;ptx_tcgen05_mma=21;ptx_tcgen05_mma_ws=16;ptx_tcgen05_commit=1;ptx_tcgen05_alloc=1;ptx_tcgen05_dealloc=1;ptx_tcgen05_ld=5;ptx_tcgen05_st=5;ptx_mbarrier_wait=5;ptx_cp_async_tma=2;ptx_ld_shared=26;ptx_ld_global=7
07_config_matrix,cfg_bf16_m128n64k16_c512_none_fill_use_lastuse_pingpong,0,max_abs_error>0.25,NVIDIA Thor,11.0,580.00,13.0,PTX ISA 9.3 / CUDA 13.0,1575.000,,,,bf16,128,64,16,32,128,51,5,fill_use_lastuse,pingpong,8,8,32,1,nocount,none,none,16,16,16,0,512,0,64,none,0,none,0,4,20,3779296.0,2399.553015873016,,,,,6144,,8.949515321372022,,,0,0.83203125,1,bf14b28d2af4128daa99f23eec8a5e105636d0b04136f8be580fdc39d6f1f97d,; UTCHMMA=21;UTCHMMA_WS=16;UTCBAR=1;UTCATOMSWS=3;SYNCS_TRYWAIT=8;LDS=21;LDG=9;ptx_tcgen05_mma=21;ptx_tcgen05_mma_ws=16;ptx_tcgen05_commit=1;ptx_tcgen05_alloc=1;ptx_tcgen05_dealloc=1;ptx_tcgen05_ld=5;ptx_tcgen05_st=5;ptx_mbarrier_wait=5;ptx_cp_async_tma=2;ptx_ld_shared=26;ptx_ld_global=7
07_config_matrix,cfg_bf16_m128n64k16_c128_sw128_discard_same,1,,NVIDIA Thor,11.0,580.00,13.0,PTX ISA 9.3 / CUDA 13.0,1575.000,,,,bf16,128,64,16,32,128,52,5,discard,same,2,2,32,1,nocount,sw128,sw128,16,16,16,0,128,0,64,none,0,none,0,4,20,3678958.0,2335.8463492063493,3678955.2,3678962.5999999996,,898.18310546875,6144,6.840476026092171,9.193599779067878,9.193588283827784,9.193606776186183,0,0.0,1,bf14b28d2af4128daa99f23eec8a5e105636d0b04136f8be580fdc39d6f1f97d,; UTCHMMA=21;UTCHMMA_WS=16;UTCBAR=1;UTCATOMSWS=3;SYNCS_TRYWAIT=8;LDS=21;LDG=9;ptx_tcgen05_mma=21;ptx_tcgen05_mma_ws=16;ptx_tcgen05_commit=1;ptx_tcgen05_alloc=1;ptx_tcgen05_dealloc=1;ptx_tcgen05_ld=5;ptx_tcgen05_st=5;ptx_mbarrier_wait=5;ptx_cp_async_tma=2;ptx_ld_shared=26;ptx_ld_global=7
07_config_matrix,cfg_fp16_m128n64k16_c128_none_fill_use_lastuse_same,0,max_abs_error>0.05,NVIDIA Thor,11.0,580.00,13.0,PTX ISA 9.3 / CUDA 13.0,1575.000,,,,fp16,128,64,16,32,128,53,5,fill_use_lastuse,same,2,2,32,1,nocount,none,none,16,16,16,0,128,0,64,none,0,none,0,4,20,3779298.0,2399.554285714286,,,,,6144,,8.949510585299175,,,0,0.83203125,1,bf14b28d2af4128daa99f23eec8a5e105636d0b04136f8be580fdc39d6f1f97d,; UTCHMMA=21;UTCHMMA_WS=16;UTCBAR=1;UTCATOMSWS=3;SYNCS_TRYWAIT=8;LDS=21;LDG=9;ptx_tcgen05_mma=21;ptx_tcgen05_mma_ws=16;ptx_tcgen05_commit=1;ptx_tcgen05_alloc=1;ptx_tcgen05_dealloc=1;ptx_tcgen05_ld=5;ptx_tcgen05_st=5;ptx_mbarrier_wait=5;ptx_cp_async_tma=2;ptx_ld_shared=26;ptx_ld_global=7
07_config_matrix,cfg_bf16_m128n128k16_c256_sw32_fill_use_lastuse_pingpong,1,,NVIDIA Thor,11.0,580.00,13.0,PTX ISA 9.3 / CUDA 13.0,1575.000,,,,bf16,128,128,16,32,128,54,5,fill_use_lastuse,pingpong,2,2,32,1,nocount,sw32,sw32,16,16,16,0,256,0,128,none,0,none,0,4,20,3487607.0,2214.353650793651,3487603.2,3487610.6,,851.466552734375,8192,9.621047325573093,19.396031408355356,19.396011387280833,19.396052541760486,0,0.0,1,bf14b28d2af4128daa99f23eec8a5e105636d0b04136f8be580fdc39d6f1f97d,; UTCHMMA=21;UTCHMMA_WS=16;UTCBAR=1;UTCATOMSWS=3;SYNCS_TRYWAIT=8;LDS=21;LDG=9;ptx_tcgen05_mma=21;ptx_tcgen05_mma_ws=16;ptx_tcgen05_commit=1;ptx_tcgen05_alloc=1;ptx_tcgen05_dealloc=1;ptx_tcgen05_ld=5;ptx_tcgen05_st=5;ptx_mbarrier_wait=5;ptx_cp_async_tma=2;ptx_ld_shared=26;ptx_ld_global=7
07_config_matrix,cfg_bf16_m128n128k16_c256_sw32_discard_pingpong,1,,NVIDIA Thor,11.0,580.00,13.0,PTX ISA 9.3 / CUDA 13.0,1575.000,,,,bf16,128,128,16,32,128,55,5,discard,pingpong,2,2,32,1,nocount,sw32,sw32,16,16,16,0,256,0,128,none,0,none,0,4,20,3387625.0,2150.873015873016,3387618.6,3387675.2,,827.056884765625,8192,9.905001881849378,19.968483793808346,19.968187892394656,19.96852151892856,0,0.0,1,bf14b28d2af4128daa99f23eec8a5e105636d0b04136f8be580fdc39d6f1f97d,; UTCHMMA=21;UTCHMMA_WS=16;UTCBAR=1;UTCATOMSWS=3;SYNCS_TRYWAIT=8;LDS=21;LDG=9;ptx_tcgen05_mma=21;ptx_tcgen05_mma_ws=16;ptx_tcgen05_commit=1;ptx_tcgen05_alloc=1;ptx_tcgen05_dealloc=1;ptx_tcgen05_ld=5;ptx_tcgen05_st=5;ptx_mbarrier_wait=5;ptx_cp_async_tma=2;ptx_ld_shared=26;ptx_ld_global=7
07_config_matrix,cfg_bf16_m128n64k16_c128_none_fill_use_lastuse_pingpong,0,max_abs_error>0.25,NVIDIA Thor,11.0,580.00,13.0,PTX ISA 9.3 / CUDA 13.0,1575.000,,,,bf16,128,64,16,32,128,56,5,fill_use_lastuse,pingpong,2,2,32,1,nocount,none,none,16,16,16,0,128,0,64,none,0,none,0,4,20,3779296.0,2399.553015873016,,,,,6144,,8.949515321372022,,,0,0.83203125,1,bf14b28d2af4128daa99f23eec8a5e105636d0b04136f8be580fdc39d6f1f97d,; UTCHMMA=21;UTCHMMA_WS=16;UTCBAR=1;UTCATOMSWS=3;SYNCS_TRYWAIT=8;LDS=21;LDG=9;ptx_tcgen05_mma=21;ptx_tcgen05_mma_ws=16;ptx_tcgen05_commit=1;ptx_tcgen05_alloc=1;ptx_tcgen05_dealloc=1;ptx_tcgen05_ld=5;ptx_tcgen05_st=5;ptx_mbarrier_wait=5;ptx_cp_async_tma=2;ptx_ld_shared=26;ptx_ld_global=7
07_config_matrix,cfg_bf16_m128n64k16_c128_sw32_fill_use_lastuse_same,1,,NVIDIA Thor,11.0,580.00,13.0,PTX ISA 9.3 / CUDA 13.0,1575.000,,,,bf16,128,64,16,32,128,57,5,fill_use_lastuse,same,2,2,32,1,nocount,sw32,sw32,16,16,16,0,128,0,64,none,0,none,0,4,20,3488013.0,2214.6114285714284,3488010.8,3488014.5999999996,,851.565673828125,6144,7.214945586498674,9.696886868254218,9.696882420159785,9.696892984391754,0,0.0,1,bf14b28d2af4128daa99f23eec8a5e105636d0b04136f8be580fdc39d6f1f97d,; UTCHMMA=21;UTCHMMA_WS=16;UTCBAR=1;UTCATOMSWS=3;SYNCS_TRYWAIT=8;LDS=21;LDG=9;ptx_tcgen05_mma=21;ptx_tcgen05_mma_ws=16;ptx_tcgen05_commit=1;ptx_tcgen05_alloc=1;ptx_tcgen05_dealloc=1;ptx_tcgen05_ld=5;ptx_tcgen05_st=5;ptx_mbarrier_wait=5;ptx_cp_async_tma=2;ptx_ld_shared=26;ptx_ld_global=7
07_config_matrix,cfg_bf16_m128n256k16_c256_none_fill_use_lastuse_same,0,max_abs_error>0.25,NVIDIA Thor,11.0,580.00,13.0,PTX ISA 9.3 / CUDA 13.0,1575.000,,,,bf16,128,256,16,32,128,58,5,fill_use_lastuse,same,1,1,32,1,nocount,none,none,16,16,16,0,256,0,256,none,0,none,0,4,20,3282544.0,2084.1549206349205,,,,,12288,,41.21543224523418,,,0,0.83203125,1,bf14b28d2af4128daa99f23eec8a5e105636d0b04136f8be580fdc39d6f1f97d,; UTCHMMA=21;UTCHMMA_WS=16;UTCBAR=1;UTCATOMSWS=3;SYNCS_TRYWAIT=8;LDS=21;LDG=9;ptx_tcgen05_mma=21;ptx_tcgen05_mma_ws=16;ptx_tcgen05_commit=1;ptx_tcgen05_alloc=1;ptx_tcgen05_dealloc=1;ptx_tcgen05_ld=5;ptx_tcgen05_st=5;ptx_mbarrier_wait=5;ptx_cp_async_tma=2;ptx_ld_shared=26;ptx_ld_global=7
07_config_matrix,cfg_bf16_m128n64k16_c256_sw128_discard_pingpong,1,,NVIDIA Thor,11.0,580.00,13.0,PTX ISA 9.3 / CUDA 13.0,1575.000,,,,bf16,128,64,16,32,128,59,5,discard,pingpong,4,4,32,1,nocount,sw128,sw128,16,16,16,0,256,0,64,none,0,none,0,4,20,3678585.0,2335.6095238095236,3678581.4000000004,3678588.6,,898.092041015625,6144,6.841169634519795,9.194531988794605,9.194522990692843,9.194540986914303,0,0.0,1,bf14b28d2af4128daa99f23eec8a5e105636d0b04136f8be580fdc39d6f1f97d,; UTCHMMA=21;UTCHMMA_WS=16;UTCBAR=1;UTCATOMSWS=3;SYNCS_TRYWAIT=8;LDS=21;LDG=9;ptx_tcgen05_mma=21;ptx_tcgen05_mma_ws=16;ptx_tcgen05_commit=1;ptx_tcgen05_alloc=1;ptx_tcgen05_dealloc=1;ptx_tcgen05_ld=5;ptx_tcgen05_st=5;ptx_mbarrier_wait=5;ptx_cp_async_tma=2;ptx_ld_shared=26;ptx_ld_global=7
07_config_matrix,cfg_bf16_m128n64k16_c128_sw64_fill_use_lastuse_same,1,,NVIDIA Thor,11.0,580.00,13.0,PTX ISA 9.3 / CUDA 13.0,1575.000,,,,bf16,128,64,16,32,128,60,5,fill_use_lastuse,same,2,2,32,1,nocount,sw64,sw64,16,16,16,0,128,0,64,none,0,none,0,4,20,3664587.0,2326.7219047619046,3664479.4,3664590.5999999996,,894.674560546875,6144,6.867301554035967,9.22965328862434,9.229644221649373,9.229924298666207,0,0.0,1,bf14b28d2af4128daa99f23eec8a5e105636d0b04136f8be580fdc39d6f1f97d,; UTCHMMA=21;UTCHMMA_WS=16;UTCBAR=1;UTCATOMSWS=3;SYNCS_TRYWAIT=8;LDS=21;LDG=9;ptx_tcgen05_mma=21;ptx_tcgen05_mma_ws=16;ptx_tcgen05_commit=1;ptx_tcgen05_alloc=1;ptx_tcgen05_dealloc=1;ptx_tcgen05_ld=5;ptx_tcgen05_st=5;ptx_mbarrier_wait=5;ptx_cp_async_tma=2;ptx_ld_shared=26;ptx_ld_global=7
07_config_matrix,cfg_bf16_m128n256k16_c256_sw128_discard_pingpong,1,,NVIDIA Thor,11.0,580.00,13.0,PTX ISA 9.3 / CUDA 13.0,1575.000,,,,bf16,128,256,16,32,128,61,5,discard,pingpong,1,1,32,1,nocount,sw128,sw128,16,16,16,0,256,0,256,none,0,none,0,4,20,3181548.0,2020.0304761904763,3181542.5999999996,3181786.0,,776.7451171875,12288,15.819861275077415,42.52378710740808,42.52060629596082,42.52385928261697,0,0.0,1,bf14b28d2af4128daa99f23eec8a5e105636d0b04136f8be580fdc39d6f1f97d,; UTCHMMA=21;UTCHMMA_WS=16;UTCBAR=1;UTCATOMSWS=3;SYNCS_TRYWAIT=8;LDS=21;LDG=9;ptx_tcgen05_mma=21;ptx_tcgen05_mma_ws=16;ptx_tcgen05_commit=1;ptx_tcgen05_alloc=1;ptx_tcgen05_dealloc=1;ptx_tcgen05_ld=5;ptx_tcgen05_st=5;ptx_mbarrier_wait=5;ptx_cp_async_tma=2;ptx_ld_shared=26;ptx_ld_global=7
07_config_matrix,cfg_fp16_m128n128k16_c256_sw128_fill_use_lastuse_pingpong,1,,NVIDIA Thor,11.0,580.00,13.0,PTX ISA 9.3 / CUDA 13.0,1575.000,,,,fp16,128,128,16,32,128,62,5,fill_use_lastuse,pingpong,2,2,32,1,nocount,sw128,sw128,16,16,16,0,256,0,128,none,0,none,0,4,20,3779415.0,2399.6285714285714,3779415.0,3779417.5999999996,,922.708740234375,8192,8.878207870794819,17.898467067522354,17.898454754510624,17.898467067522354,0,0.0,1,bf14b28d2af4128daa99f23eec8a5e105636d0b04136f8be580fdc39d6f1f97d,; UTCHMMA=21;UTCHMMA_WS=16;UTCBAR=1;UTCATOMSWS=3;SYNCS_TRYWAIT=8;LDS=21;LDG=9;ptx_tcgen05_mma=21;ptx_tcgen05_mma_ws=16;ptx_tcgen05_commit=1;ptx_tcgen05_alloc=1;ptx_tcgen05_dealloc=1;ptx_tcgen05_ld=5;ptx_tcgen05_st=5;ptx_mbarrier_wait=5;ptx_cp_async_tma=2;ptx_ld_shared=26;ptx_ld_global=7
07_config_matrix,cfg_fp16_m128n256k16_c256_none_discard_pingpong,0,max_abs_error>0.05,NVIDIA Thor,11.0,580.00,13.0,PTX ISA 9.3 / CUDA 13.0,1575.000,,,,fp16,128,256,16,32,128,63,5,discard,pingpong,1,1,32,1,nocount,none,none,16,16,16,0,256,0,256,none,0,none,0,4,20,3181547.0,2020.0298412698412,,,,,12288,,42.52380047316605,,,0,0.791015625,1,bf14b28d2af4128daa99f23eec8a5e105636d0b04136f8be580fdc39d6f1f97d,; UTCHMMA=21;UTCHMMA_WS=16;UTCBAR=1;UTCATOMSWS=3;SYNCS_TRYWAIT=8;LDS=21;LDG=9;ptx_tcgen05_mma=21;ptx_tcgen05_mma_ws=16;ptx_tcgen05_commit=1;ptx_tcgen05_alloc=1;ptx_tcgen05_dealloc=1;ptx_tcgen05_ld=5;ptx_tcgen05_st=5;ptx_mbarrier_wait=5;ptx_cp_async_tma=2;ptx_ld_shared=26;ptx_ld_global=7
07_config_matrix,cfg_fp16_m128n128k16_c512_sw32_discard_pingpong,1,,NVIDIA Thor,11.0,580.00,13.0,PTX ISA 9.3 / CUDA 13.0,1575.000,,,,fp16,128,128,16,32,128,64,5,discard,pingpong,4,4,32,1,nocount,sw32,sw32,16,16,16,0,512,0,128,none,0,none,0,4,20,3387629.0,2150.8755555555554,3387619.0,3387629.0,,827.057861328125,8192,9.904990186351576,19.96846021568477,19.96846021568477,19.9685191610981,0,0.0,1,bf14b28d2af4128daa99f23eec8a5e105636d0b04136f8be580fdc39d6f1f97d,; UTCHMMA=21;UTCHMMA_WS=16;UTCBAR=1;UTCATOMSWS=3;SYNCS_TRYWAIT=8;LDS=21;LDG=9;ptx_tcgen05_mma=21;ptx_tcgen05_mma_ws=16;ptx_tcgen05_commit=1;ptx_tcgen05_alloc=1;ptx_tcgen05_dealloc=1;ptx_tcgen05_ld=5;ptx_tcgen05_st=5;ptx_mbarrier_wait=5;ptx_cp_async_tma=2;ptx_ld_shared=26;ptx_ld_global=7
07_config_matrix,cfg_fp16_m128n64k16_c128_sw128_fill_use_lastuse_same,1,,NVIDIA Thor,11.0,580.00,13.0,PTX ISA 9.3 / CUDA 13.0,1575.000,,,,fp16,128,64,16,32,128,65,5,fill_use_lastuse,same,2,2,32,1,nocount,sw128,sw128,16,16,16,0,128,0,64,none,0,none,0,4,20,3779293.0,2399.551111111111,3779291.4000000004,3779300.6000000006,,922.678955078125,6144,6.658870852299623,8.949522425490693,8.949504428412116,8.949526214358746,0,0.0,1,bf14b28d2af4128daa99f23eec8a5e105636d0b04136f8be580fdc39d6f1f97d,; UTCHMMA=21;UTCHMMA_WS=16;UTCBAR=1;UTCATOMSWS=3;SYNCS_TRYWAIT=8;LDS=21;LDG=9;ptx_tcgen05_mma=21;ptx_tcgen05_mma_ws=16;ptx_tcgen05_commit=1;ptx_tcgen05_alloc=1;ptx_tcgen05_dealloc=1;ptx_tcgen05_ld=5;ptx_tcgen05_st=5;ptx_mbarrier_wait=5;ptx_cp_async_tma=2;ptx_ld_shared=26;ptx_ld_global=7
07_config_matrix,cfg_bf16_m128n256k16_c512_sw128_discard_pingpong,1,,NVIDIA Thor,11.0,580.00,13.0,PTX ISA 9.3 / CUDA 13.0,1575.000,,,,bf16,128,256,16,32,128,66,5,discard,pingpong,2,2,32,1,nocount,sw128,sw128,16,16,16,0,512,0,256,none,0,none,0,4,20,3678180.0,2335.352380952381,3678175.6,3678181.2,,897.9931640625,12288,13.683845815049834,36.78217755085395,36.782165550737304,36.78222155136868,0,0.0,1,bf14b28d2af4128daa99f23eec8a5e105636d0b04136f8be580fdc39d6f1f97d,; UTCHMMA=21;UTCHMMA_WS=16;UTCBAR=1;UTCATOMSWS=3;SYNCS_TRYWAIT=8;LDS=21;LDG=9;ptx_tcgen05_mma=21;ptx_tcgen05_mma_ws=16;ptx_tcgen05_commit=1;ptx_tcgen05_alloc=1;ptx_tcgen05_dealloc=1;ptx_tcgen05_ld=5;ptx_tcgen05_st=5;ptx_mbarrier_wait=5;ptx_cp_async_tma=2;ptx_ld_shared=26;ptx_ld_global=7
07_config_matrix,cfg_fp16_m128n256k16_c256_sw32_discard_pingpong,1,,NVIDIA Thor,11.0,580.00,13.0,PTX ISA 9.3 / CUDA 13.0,1575.000,,,,fp16,128,256,16,32,128,67,5,discard,pingpong,1,1,32,1,nocount,sw32,sw32,16,16,16,0,256,0,256,none,0,none,0,4,20,2891088.0,1835.6114285714286,2891083.0,2891091.0,,705.83203125,12288,17.409241088476033,46.79604004582358,46.79599148698436,46.796120977502206,0,0.0,1,bf14b28d2af4128daa99f23eec8a5e105636d0b04136f8be580fdc39d6f1f97d,; UTCHMMA=21;UTCHMMA_WS=16;UTCBAR=1;UTCATOMSWS=3;SYNCS_TRYWAIT=8;LDS=21;LDG=9;ptx_tcgen05_mma=21;ptx_tcgen05_mma_ws=16;ptx_tcgen05_commit=1;ptx_tcgen05_alloc=1;ptx_tcgen05_dealloc=1;ptx_tcgen05_ld=5;ptx_tcgen05_st=5;ptx_mbarrier_wait=5;ptx_cp_async_tma=2;ptx_ld_shared=26;ptx_ld_global=7
07_config_matrix,cfg_bf16_m128n64k16_c256_sw32_discard_same,1,,NVIDIA Thor,11.0,580.00,13.0,PTX ISA 9.3 / CUDA 13.0,1575.000,,,,bf16,128,64,16,32,128,68,5,discard,same,4,4,32,1,nocount,sw32,sw32,16,16,16,0,256,0,64,none,0,none,0,4,20,3387412.0,2150.737777777778,3387369.8,3387484.0,,827.0048828125,6144,7.429218530252594,9.984869704659486,9.984657479120195,9.984994096600504,0,0.0,1,bf14b28d2af4128daa99f23eec8a5e105636d0b04136f8be580fdc39d6f1f97d,; UTCHMMA=21;UTCHMMA_WS=16;UTCBAR=1;UTCATOMSWS=3;SYNCS_TRYWAIT=8;LDS=21;LDG=9;ptx_tcgen05_mma=21;ptx_tcgen05_mma_ws=16;ptx_tcgen05_commit=1;ptx_tcgen05_alloc=1;ptx_tcgen05_dealloc=1;ptx_tcgen05_ld=5;ptx_tcgen05_st=5;ptx_mbarrier_wait=5;ptx_cp_async_tma=2;ptx_ld_shared=26;ptx_ld_global=7
07_config_matrix,cfg_bf16_m128n256k16_c512_sw64_fill_use_lastuse_pingpong,1,,NVIDIA Thor,11.0,580.00,13.0,PTX ISA 9.3 / CUDA 13.0,1575.000,,,,bf16,128,256,16,32,128,69,5,fill_use_lastuse,pingpong,2,2,32,1,nocount,sw64,sw64,16,16,16,0,512,0,256,none,0,none,0,4,20,3664481.0,2326.6546031746034,3664475.8,3664481.5999999996,,894.648681640625,12288,13.735000399783763,36.91968107461875,36.919675029614666,36.91973346477509,0,0.0,1,bf14b28d2af4128daa99f23eec8a5e105636d0b04136f8be580fdc39d6f1f97d,; UTCHMMA=21;UTCHMMA_WS=16;UTCBAR=1;UTCATOMSWS=3;SYNCS_TRYWAIT=8;LDS=21;LDG=9;ptx_tcgen05_mma=21;ptx_tcgen05_mma_ws=16;ptx_tcgen05_commit=1;ptx_tcgen05_alloc=1;ptx_tcgen05_dealloc=1;ptx_tcgen05_ld=5;ptx_tcgen05_st=5;ptx_mbarrier_wait=5;ptx_cp_async_tma=2;ptx_ld_shared=26;ptx_ld_global=7
07_config_matrix,cfg_bf16_m128n128k16_c512_sw64_discard_same,1,,NVIDIA Thor,11.0,580.00,13.0,PTX ISA 9.3 / CUDA 13.0,1575.000,,,,bf16,128,128,16,32,128,70,5,discard,same,4,4,32,1,nocount,sw64,sw64,16,16,16,0,512,0,128,none,0,none,0,4,20,3563111.0,2262.2926984126984,3562919.5999999996,3563113.6,,869.900146484375,8192,9.417172802082225,18.985020368997766,18.985006515650042,18.98604027724612,0,0.0,1,bf14b28d2af4128daa99f23eec8a5e105636d0b04136f8be580fdc39d6f1f97d,; UTCHMMA=21;UTCHMMA_WS=16;UTCBAR=1;UTCATOMSWS=3;SYNCS_TRYWAIT=8;LDS=21;LDG=9;ptx_tcgen05_mma=21;ptx_tcgen05_mma_ws=16;ptx_tcgen05_commit=1;ptx_tcgen05_alloc=1;ptx_tcgen05_dealloc=1;ptx_tcgen05_ld=5;ptx_tcgen05_st=5;ptx_mbarrier_wait=5;ptx_cp_async_tma=2;ptx_ld_shared=26;ptx_ld_global=7
07_config_matrix,cfg_bf16_m128n128k16_c256_sw32_discard_same,1,,NVIDIA Thor,11.0,580.00,13.0,PTX ISA 9.3 / CUDA 13.0,1575.000,,,,bf16,128,128,16,32,128,71,5,discard,same,2,2,32,1,nocount,sw32,sw32,16,16,16,0,256,0,128,none,0,none,0,4,20,3387620.0,2150.8698412698413,3387617.0,3387625.6,,827.0556640625,8192,9.905016501260471,19.968513266541112,19.968480257101294,19.96853095023297,0,0.0,1,bf14b28d2af4128daa99f23eec8a5e105636d0b04136f8be580fdc39d6f1f97d,; UTCHMMA=21;UTCHMMA_WS=16;UTCBAR=1;UTCATOMSWS=3;SYNCS_TRYWAIT=8;LDS=21;LDG=9;ptx_tcgen05_mma=21;ptx_tcgen05_mma_ws=16;ptx_tcgen05_commit=1;ptx_tcgen05_alloc=1;ptx_tcgen05_dealloc=1;ptx_tcgen05_ld=5;ptx_tcgen05_st=5;ptx_mbarrier_wait=5;ptx_cp_async_tma=2;ptx_ld_shared=26;ptx_ld_global=7
07_config_matrix,cfg_fp16_m128n256k16_c256_sw64_fill_use_lastuse_same,1,,NVIDIA Thor,11.0,580.00,13.0,PTX ISA 9.3 / CUDA 13.0,1575.000,,,,fp16,128,256,16,32,128,72,5,fill_use_lastuse,same,1,1,32,1,nocount,sw64,sw64,16,16,16,0,256,0,256,none,0,none,0,4,20,3167858.0,2011.3384126984129,3167853.6,3167861.6,,773.40283203125,12288,15.888227313219216,42.70755501793325,42.707506484537234,42.70761433673948,0,0.0,1,bf14b28d2af4128daa99f23eec8a5e105636d0b04136f8be580fdc39d6f1f97d,; UTCHMMA=21;UTCHMMA_WS=16;UTCBAR=1;UTCATOMSWS=3;SYNCS_TRYWAIT=8;LDS=21;LDG=9;ptx_tcgen05_mma=21;ptx_tcgen05_mma_ws=16;ptx_tcgen05_commit=1;ptx_tcgen05_alloc=1;ptx_tcgen05_dealloc=1;ptx_tcgen05_ld=5;ptx_tcgen05_st=5;ptx_mbarrier_wait=5;ptx_cp_async_tma=2;ptx_ld_shared=26;ptx_ld_global=7
07_config_matrix,cfg_fp16_m128n128k16_c512_sw64_fill_use_lastuse_same,1,,NVIDIA Thor,11.0,580.00,13.0,PTX ISA 9.3 / CUDA 13.0,1575.000,,,,fp16,128,128,16,32,128,73,5,fill_use_lastuse,same,4,4,32,1,nocount,sw64,sw64,16,16,16,0,512,0,128,none,0,none,0,4,20,3664484.0,2326.6565079365078,3664481.0,3664546.3999999994,,894.6494140625,8192,9.156659436908443,18.459825424807423,18.45951109361013,18.459840537309375,0,0.0,1,bf14b28d2af4128daa99f23eec8a5e105636d0b04136f8be580fdc39d6f1f97d,; UTCHMMA=21;UTCHMMA_WS=16;UTCBAR=1;UTCATOMSWS=3;SYNCS_TRYWAIT=8;LDS=21;LDG=9;ptx_tcgen05_mma=21;ptx_tcgen05_mma_ws=16;ptx_tcgen05_commit=1;ptx_tcgen05_alloc=1;ptx_tcgen05_dealloc=1;ptx_tcgen05_ld=5;ptx_tcgen05_st=5;ptx_mbarrier_wait=5;ptx_cp_async_tma=2;ptx_ld_shared=26;ptx_ld_global=7
07_config_matrix,cfg_bf16_m128n256k16_c256_sw32_fill_use_lastuse_same,1,,NVIDIA Thor,11.0,580.00,13.0,PTX ISA 9.3 / CUDA 13.0,1575.000,,,,bf16,128,256,16,32,128,74,5,fill_use_lastuse,same,1,1,32,1,nocount,sw32,sw32,16,16,16,0,256,0,256,none,0,none,0,4,20,2991483.0,1899.3542857142859,2991475.2,2991484.0,,730.342529296875,12288,16.82498212425075,45.225551949986006,45.22553683188679,45.22566987171185,0,0.0,1,bf14b28d2af4128daa99f23eec8a5e105636d0b04136f8be580fdc39d6f1f97d,; UTCHMMA=21;UTCHMMA_WS=16;UTCBAR=1;UTCATOMSWS=3;SYNCS_TRYWAIT=8;LDS=21;LDG=9;ptx_tcgen05_mma=21;ptx_tcgen05_mma_ws=16;ptx_tcgen05_commit=1;ptx_tcgen05_alloc=1;ptx_tcgen05_dealloc=1;ptx_tcgen05_ld=5;ptx_tcgen05_st=5;ptx_mbarrier_wait=5;ptx_cp_async_tma=2;ptx_ld_shared=26;ptx_ld_global=7
07_config_matrix,cfg_bf16_m128n128k16_c256_sw32_fill_use_lastuse_same,1,,NVIDIA Thor,11.0,580.00,13.0,PTX ISA 9.3 / CUDA 13.0,1575.000,,,,bf16,128,128,16,32,128,75,5,fill_use_lastuse,same,2,2,32,1,nocount,sw32,sw32,16,16,16,0,256,0,128,none,0,none,0,4,20,3487606.0,2214.353015873016,3487604.2,3487609.2,,851.46630859375,8192,9.621050084212493,19.396036969772386,19.396019173250643,19.396046980334525,0,0.0,1,bf14b28d2af4128daa99f23eec8a5e105636d0b04136f8be580fdc39d6f1f97d,; UTCHMMA=21;UTCHMMA_WS=16;UTCBAR=1;UTCATOMSWS=3;SYNCS_TRYWAIT=8;LDS=21;LDG=9;ptx_tcgen05_mma=21;ptx_tcgen05_mma_ws=16;ptx_tcgen05_commit=1;ptx_tcgen05_alloc=1;ptx_tcgen05_dealloc=1;ptx_tcgen05_ld=5;ptx_tcgen05_st=5;ptx_mbarrier_wait=5;ptx_cp_async_tma=2;ptx_ld_shared=26;ptx_ld_global=7
07_config_matrix,cfg_bf16_m128n128k16_c128_sw64_fill_use_lastuse_same,1,,NVIDIA Thor,11.0,580.00,13.0,PTX ISA 9.3 / CUDA 13.0,1575.000,,,,bf16,128,128,16,32,128,76,5,fill_use_lastuse,same,1,1,32,1,nocount,sw64,sw64,16,16,16,0,128,0,128,none,0,none,0,4,20,3168615.0,2011.8190476190478,3168480.5999999996,3168620.2,,773.587646484375,8192,10.589621017384568,21.348675971047285,21.348640935889527,21.349581559552213,0,0.0,1,bf14b28d2af4128daa99f23eec8a5e105636d0b04136f8be580fdc39d6f1f97d,; UTCHMMA=21;UTCHMMA_WS=16;UTCBAR=1;UTCATOMSWS=3;SYNCS_TRYWAIT=8;LDS=21;LDG=9;ptx_tcgen05_mma=21;ptx_tcgen05_mma_ws=16;ptx_tcgen05_commit=1;ptx_tcgen05_alloc=1;ptx_tcgen05_dealloc=1;ptx_tcgen05_ld=5;ptx_tcgen05_st=5;ptx_mbarrier_wait=5;ptx_cp_async_tma=2;ptx_ld_shared=26;ptx_ld_global=7
07_config_matrix,cfg_fp16_m128n128k16_c256_sw32_fill_use_lastuse_same,1,,NVIDIA Thor,11.0,580.00,13.0,PTX ISA 9.3 / CUDA 13.0,1575.000,,,,fp16,128,128,16,32,128,77,5,fill_use_lastuse,same,2,2,32,1,nocount,sw32,sw32,16,16,16,0,256,0,128,none,0,none,0,4,20,3487606.0,2214.353015873016,3487602.5999999996,3487607.2,,851.46630859375,8192,9.621050084212493,19.396036969772386,19.396030296073864,19.396055878620277,0,0.0,1,bf14b28d2af4128daa99f23eec8a5e105636d0b04136f8be580fdc39d6f1f97d,; UTCHMMA=21;UTCHMMA_WS=16;UTCBAR=1;UTCATOMSWS=3;SYNCS_TRYWAIT=8;LDS=21;LDG=9;ptx_tcgen05_mma=21;ptx_tcgen05_mma_ws=16;ptx_tcgen05_commit=1;ptx_tcgen05_alloc=1;ptx_tcgen05_dealloc=1;ptx_tcgen05_ld=5;ptx_tcgen05_st=5;ptx_mbarrier_wait=5;ptx_cp_async_tma=2;ptx_ld_shared=26;ptx_ld_global=7
07_config_matrix,cfg_fp16_m128n128k16_c128_sw64_discard_same,1,,NVIDIA Thor,11.0,580.00,13.0,PTX ISA 9.3 / CUDA 13.0,1575.000,,,,fp16,128,128,16,32,128,78,5,discard,same,1,1,32,1,nocount,sw64,sw64,16,16,16,0,128,0,128,none,0,none,0,4,20,3067582.0,1947.6711111111113,3067531.2,3067584.4000000004,,748.92138671875,8192,10.93839773476308,22.05180983328237,22.05179258051632,22.052175025246363,0,0.0,1,bf14b28d2af4128daa99f23eec8a5e105636d0b04136f8be580fdc39d6f1f97d,; UTCHMMA=21;UTCHMMA_WS=16;UTCBAR=1;UTCATOMSWS=3;SYNCS_TRYWAIT=8;LDS=21;LDG=9;ptx_tcgen05_mma=21;ptx_tcgen05_mma_ws=16;ptx_tcgen05_commit=1;ptx_tcgen05_alloc=1;ptx_tcgen05_dealloc=1;ptx_tcgen05_ld=5;ptx_tcgen05_st=5;ptx_mbarrier_wait=5;ptx_cp_async_tma=2;ptx_ld_shared=26;ptx_ld_global=7
07_config_matrix,cfg_fp16_m128n256k16_c512_none_discard_same,0,max_abs_error>0.05,NVIDIA Thor,11.0,580.00,13.0,PTX ISA 9.3 / CUDA 13.0,1575.000,,,,fp16,128,256,16,32,128,79,5,discard,same,2,2,32,1,nocount,none,none,16,16,16,0,512,0,256,none,0,none,0,4,20,3678182.0,2335.353650793651,,,,,12288,,36.78215755065954,,,0,0.83203125,1,bf14b28d2af4128daa99f23eec8a5e105636d0b04136f8be580fdc39d6f1f97d,; UTCHMMA=21;UTCHMMA_WS=16;UTCBAR=1;UTCATOMSWS=3;SYNCS_TRYWAIT=8;LDS=21;LDG=9;ptx_tcgen05_mma=21;ptx_tcgen05_mma_ws=16;ptx_tcgen05_commit=1;ptx_tcgen05_alloc=1;ptx_tcgen05_dealloc=1;ptx_tcgen05_ld=5;ptx_tcgen05_st=5;ptx_mbarrier_wait=5;ptx_cp_async_tma=2;ptx_ld_shared=26;ptx_ld_global=7
07_config_matrix,cfg_fp16_m128n64k16_c512_none_discard_same,0,max_abs_error>0.05,NVIDIA Thor,11.0,580.00,13.0,PTX ISA 9.3 / CUDA 13.0,1575.000,,,,fp16,128,64,16,32,128,80,5,discard,same,8,8,32,1,nocount,none,none,16,16,16,0,512,0,64,none,0,none,0,4,20,3678584.0,2335.608888888889,,,,,6144,,9.194534488270486,,,0,0.83203125,1,bf14b28d2af4128daa99f23eec8a5e105636d0b04136f8be580fdc39d6f1f97d,; UTCHMMA=21;UTCHMMA_WS=16;UTCBAR=1;UTCATOMSWS=3;SYNCS_TRYWAIT=8;LDS=21;LDG=9;ptx_tcgen05_mma=21;ptx_tcgen05_mma_ws=16;ptx_tcgen05_commit=1;ptx_tcgen05_alloc=1;ptx_tcgen05_dealloc=1;ptx_tcgen05_ld=5;ptx_tcgen05_st=5;ptx_mbarrier_wait=5;ptx_cp_async_tma=2;ptx_ld_shared=26;ptx_ld_global=7
07_config_matrix,cfg_bf16_m128n128k16_c512_sw64_discard_pingpong,1,,NVIDIA Thor,11.0,580.00,13.0,PTX ISA 9.3 / CUDA 13.0,1575.000,,,,bf16,128,128,16,32,128,81,5,discard,pingpong,4,4,32,1,nocount,sw64,sw64,16,16,16,0,512,0,128,none,0,none,0,4,20,3563105.0,2262.2888888888892,3563100.6,3563116.2,,869.898681640625,8192,9.41718865989074,18.985052338339734,18.9849926623394,18.985075782598017,0,0.0,1,bf14b28d2af4128daa99f23eec8a5e105636d0b04136f8be580fdc39d6f1f97d,; UTCHMMA=21;UTCHMMA_WS=16;UTCBAR=1;UTCATOMSWS=3;SYNCS_TRYWAIT=8;LDS=21;LDG=9;ptx_tcgen05_mma=21;ptx_tcgen05_mma_ws=16;ptx_tcgen05_commit=1;ptx_tcgen05_alloc=1;ptx_tcgen05_dealloc=1;ptx_tcgen05_ld=5;ptx_tcgen05_st=5;ptx_mbarrier_wait=5;ptx_cp_async_tma=2;ptx_ld_shared=26;ptx_ld_global=7
07_config_matrix,cfg_bf16_m128n128k16_c512_none_discard_same,0,max_abs_error>0.25,NVIDIA Thor,11.0,580.00,13.0,PTX ISA 9.3 / CUDA 13.0,1575.000,,,,bf16,128,128,16,32,128,82,5,discard,same,4,4,32,1,nocount,none,none,16,16,16,0,512,0,128,none,0,none,0,4,20,3678961.0,2335.848253968254,,,,,8192,,18.387184564337595,,,0,0.83203125,1,bf14b28d2af4128daa99f23eec8a5e105636d0b04136f8be580fdc39d6f1f97d,; UTCHMMA=21;UTCHMMA_WS=16;UTCBAR=1;UTCATOMSWS=3;SYNCS_TRYWAIT=8;LDS=21;LDG=9;ptx_tcgen05_mma=21;ptx_tcgen05_mma_ws=16;ptx_tcgen05_commit=1;ptx_tcgen05_alloc=1;ptx_tcgen05_dealloc=1;ptx_tcgen05_ld=5;ptx_tcgen05_st=5;ptx_mbarrier_wait=5;ptx_cp_async_tma=2;ptx_ld_shared=26;ptx_ld_global=7
07_config_matrix,cfg_fp16_m128n256k16_c512_sw128_discard_pingpong,1,,NVIDIA Thor,11.0,580.00,13.0,PTX ISA 9.3 / CUDA 13.0,1575.000,,,,fp16,128,256,16,32,128,83,5,discard,pingpong,2,2,32,1,nocount,sw128,sw128,16,16,16,0,512,0,256,none,0,none,0,4,20,3678181.0,2335.3530158730155,3678179.0,3678187.0,,897.993408203125,12288,13.683842094774564,36.78216755075403,36.7821075503339,36.78218755095932,0,0.0,1,bf14b28d2af4128daa99f23eec8a5e105636d0b04136f8be580fdc39d6f1f97d,; UTCHMMA=21;UTCHMMA_WS=16;UTCBAR=1;UTCATOMSWS=3;SYNCS_TRYWAIT=8;LDS=21;LDG=9;ptx_tcgen05_mma=21;ptx_tcgen05_mma_ws=16;ptx_tcgen05_commit=1;ptx_tcgen05_alloc=1;ptx_tcgen05_dealloc=1;ptx_tcgen05_ld=5;ptx_tcgen05_st=5;ptx_mbarrier_wait=5;ptx_cp_async_tma=2;ptx_ld_shared=26;ptx_ld_global=7
07_config_matrix,cfg_bf16_m128n128k16_c128_sw128_discard_pingpong,1,,NVIDIA Thor,11.0,580.00,13.0,PTX ISA 9.3 / CUDA 13.0,1575.000,,,,bf16,128,128,16,32,128,84,5,discard,pingpong,1,1,32,1,nocount,sw128,sw128,16,16,16,0,128,0,128,none,0,none,0,4,20,3181151.0,2019.7784126984127,3181148.0,3181373.0,,776.648193359375,8192,10.547890370497974,21.264546986923918,21.263063190516128,21.264567040577806,0,0.0,1,bf14b28d2af4128daa99f23eec8a5e105636d0b04136f8be580fdc39d6f1f97d,; UTCHMMA=21;UTCHMMA_WS=16;UTCBAR=1;UTCATOMSWS=3;SYNCS_TRYWAIT=8;LDS=21;LDG=9;ptx_tcgen05_mma=21;ptx_tcgen05_mma_ws=16;ptx_tcgen05_commit=1;ptx_tcgen05_alloc=1;ptx_tcgen05_dealloc=1;ptx_tcgen05_ld=5;ptx_tcgen05_st=5;ptx_mbarrier_wait=5;ptx_cp_async_tma=2;ptx_ld_shared=26;ptx_ld_global=7
07_config_matrix,cfg_bf16_m128n256k16_c256_sw64_discard_pingpong,1,,NVIDIA Thor,11.0,580.00,13.0,PTX ISA 9.3 / CUDA 13.0,1575.000,,,,bf16,128,256,16,32,128,85,5,discard,pingpong,1,1,32,1,nocount,sw64,sw64,16,16,16,0,256,0,256,none,0,none,0,4,20,3067770.0,1947.7904761904763,3067762.5999999996,3068065.4000000004,,748.96728515625,12288,16.406591106895238,44.1009168953344,44.09667103213221,44.10102327483863,0,0.0,1,bf14b28d2af4128daa99f23eec8a5e105636d0b04136f8be580fdc39d6f1f97d,; UTCHMMA=21;UTCHMMA_WS=16;UTCBAR=1;UTCATOMSWS=3;SYNCS_TRYWAIT=8;LDS=21;LDG=9;ptx_tcgen05_mma=21;ptx_tcgen05_mma_ws=16;ptx_tcgen05_commit=1;ptx_tcgen05_alloc=1;ptx_tcgen05_dealloc=1;ptx_tcgen05_ld=5;ptx_tcgen05_st=5;ptx_mbarrier_wait=5;ptx_cp_async_tma=2;ptx_ld_shared=26;ptx_ld_global=7
07_config_matrix,cfg_fp16_m128n64k16_c512_none_fill_use_lastuse_pingpong,0,max_abs_error>0.05,NVIDIA Thor,11.0,580.00,13.0,PTX ISA 9.3 / CUDA 13.0,1575.000,,,,fp16,128,64,16,32,128,86,5,fill_use_lastuse,pingpong,8,8,32,1,nocount,none,none,16,16,16,0,512,0,64,none,0,none,0,4,20,3779304.0,2399.558095238095,,,,,6144,,8.949496377110707,,,0,0.83203125,1,bf14b28d2af4128daa99f23eec8a5e105636d0b04136f8be580fdc39d6f1f97d,; UTCHMMA=21;UTCHMMA_WS=16;UTCBAR=1;UTCATOMSWS=3;SYNCS_TRYWAIT=8;LDS=21;LDG=9;ptx_tcgen05_mma=21;ptx_tcgen05_mma_ws=16;ptx_tcgen05_commit=1;ptx_tcgen05_alloc=1;ptx_tcgen05_dealloc=1;ptx_tcgen05_ld=5;ptx_tcgen05_st=5;ptx_mbarrier_wait=5;ptx_cp_async_tma=2;ptx_ld_shared=26;ptx_ld_global=7
07_config_matrix,cfg_fp16_m128n256k16_c256_none_discard_same,0,max_abs_error>0.05,NVIDIA Thor,11.0,580.00,13.0,PTX ISA 9.3 / CUDA 13.0,1575.000,,,,fp16,128,256,16,32,128,87,5,discard,same,1,1,32,1,nocount,none,none,16,16,16,0,256,0,256,none,0,none,0,4,20,3181542.0,2020.0266666666666,,,,,12288,,42.52386730208182,,,0,0.83203125,1,bf14b28d2af4128daa99f23eec8a5e105636d0b04136f8be580fdc39d6f1f97d,; UTCHMMA=21;UTCHMMA_WS=16;UTCBAR=1;UTCATOMSWS=3;SYNCS_TRYWAIT=8;LDS=21;LDG=9;ptx_tcgen05_mma=21;ptx_tcgen05_mma_ws=16;ptx_tcgen05_commit=1;ptx_tcgen05_alloc=1;ptx_tcgen05_dealloc=1;ptx_tcgen05_ld=5;ptx_tcgen05_st=5;ptx_mbarrier_wait=5;ptx_cp_async_tma=2;ptx_ld_shared=26;ptx_ld_global=7
07_config_matrix,cfg_fp16_m128n64k16_c128_sw32_discard_pingpong,1,,NVIDIA Thor,11.0,580.00,13.0,PTX ISA 9.3 / CUDA 13.0,1575.000,,,,fp16,128,64,16,32,128,88,5,discard,pingpong,2,2,32,1,nocount,sw32,sw32,16,16,16,0,128,0,64,none,0,none,0,4,20,3387374.0,2150.7136507936507,3387372.2,3387441.4,,826.99560546875,6144,7.429301872187718,9.984981716220295,9.984783047289003,9.98498702209529,0,0.0,1,bf14b28d2af4128daa99f23eec8a5e105636d0b04136f8be580fdc39d6f1f97d,; UTCHMMA=21;UTCHMMA_WS=16;UTCBAR=1;UTCATOMSWS=3;SYNCS_TRYWAIT=8;LDS=21;LDG=9;ptx_tcgen05_mma=21;ptx_tcgen05_mma_ws=16;ptx_tcgen05_commit=1;ptx_tcgen05_alloc=1;ptx_tcgen05_dealloc=1;ptx_tcgen05_ld=5;ptx_tcgen05_st=5;ptx_mbarrier_wait=5;ptx_cp_async_tma=2;ptx_ld_shared=26;ptx_ld_global=7
07_config_matrix,cfg_fp16_m128n128k16_c256_sw64_fill_use_lastuse_pingpong,1,,NVIDIA Thor,11.0,580.00,13.0,PTX ISA 9.3 / CUDA 13.0,1575.000,,,,fp16,128,128,16,32,128,89,5,fill_use_lastuse,pingpong,2,2,32,1,nocount,sw64,sw64,16,16,16,0,256,0,128,none,0,none,0,4,20,3664479.0,2326.653333333333,3664476.4000000004,3664543.0,,894.648193359375,8192,9.156671930716481,18.459850612324427,18.459528220934743,18.459863709860763,0,0.0,1,bf14b28d2af4128daa99f23eec8a5e105636d0b04136f8be580fdc39d6f1f97d,; UTCHMMA=21;UTCHMMA_WS=16;UTCBAR=1;UTCATOMSWS=3;SYNCS_TRYWAIT=8;LDS=21;LDG=9;ptx_tcgen05_mma=21;ptx_tcgen05_mma_ws=16;ptx_tcgen05_commit=1;ptx_tcgen05_alloc=1;ptx_tcgen05_dealloc=1;ptx_tcgen05_ld=5;ptx_tcgen05_st=5;ptx_mbarrier_wait=5;ptx_cp_async_tma=2;ptx_ld_shared=26;ptx_ld_global=7
07_config_matrix,cfg_bf16_m128n64k16_c512_none_fill_use_lastuse_same,0,max_abs_error>0.25,NVIDIA Thor,11.0,580.00,13.0,PTX ISA 9.3 / CUDA 13.0,1575.000,,,,bf16,128,64,16,32,128,90,5,fill_use_lastuse,same,8,8,32,1,nocount,none,none,16,16,16,0,512,0,64,none,0,none,0,4,20,3779305.0,2399.55873015873,,,,,6144,,8.94949400908368,,,0,0.83203125,1,bf14b28d2af4128daa99f23eec8a5e105636d0b04136f8be580fdc39d6f1f97d,; UTCHMMA=21;UTCHMMA_WS=16;UTCBAR=1;UTCATOMSWS=3;SYNCS_TRYWAIT=8;LDS=21;LDG=9;ptx_tcgen05_mma=21;ptx_tcgen05_mma_ws=16;ptx_tcgen05_commit=1;ptx_tcgen05_alloc=1;ptx_tcgen05_dealloc=1;ptx_tcgen05_ld=5;ptx_tcgen05_st=5;ptx_mbarrier_wait=5;ptx_cp_async_tma=2;ptx_ld_shared=26;ptx_ld_global=7
07_config_matrix,cfg_fp16_m128n256k16_c256_none_fill_use_lastuse_pingpong,0,max_abs_error>0.05,NVIDIA Thor,11.0,580.00,13.0,PTX ISA 9.3 / CUDA 13.0,1575.000,,,,fp16,128,256,16,32,128,91,5,fill_use_lastuse,pingpong,1,1,32,1,nocount,none,none,16,16,16,0,256,0,256,none,0,none,0,4,20,3282539.0,2084.1517460317464,,,,,12288,,41.21549502504006,,,0,0.791015625,1,bf14b28d2af4128daa99f23eec8a5e105636d0b04136f8be580fdc39d6f1f97d,; UTCHMMA=21;UTCHMMA_WS=16;UTCBAR=1;UTCATOMSWS=3;SYNCS_TRYWAIT=8;LDS=21;LDG=9;ptx_tcgen05_mma=21;ptx_tcgen05_mma_ws=16;ptx_tcgen05_commit=1;ptx_tcgen05_alloc=1;ptx_tcgen05_dealloc=1;ptx_tcgen05_ld=5;ptx_tcgen05_st=5;ptx_mbarrier_wait=5;ptx_cp_async_tma=2;ptx_ld_shared=26;ptx_ld_global=7
07_config_matrix,cfg_bf16_m128n128k16_c256_none_fill_use_lastuse_same,0,max_abs_error>0.25,NVIDIA Thor,11.0,580.00,13.0,PTX ISA 9.3 / CUDA 13.0,1575.000,,,,bf16,128,128,16,32,128,92,5,fill_use_lastuse,same,2,2,32,1,nocount,none,none,16,16,16,0,256,0,128,none,0,none,0,4,20,3779414.0,2399.6279365079363,,,,,8192,,17.898471803300723,,,0,0.83203125,1,bf14b28d2af4128daa99f23eec8a5e105636d0b04136f8be580fdc39d6f1f97d,; UTCHMMA=21;UTCHMMA_WS=16;UTCBAR=1;UTCATOMSWS=3;SYNCS_TRYWAIT=8;LDS=21;LDG=9;ptx_tcgen05_mma=21;ptx_tcgen05_mma_ws=16;ptx_tcgen05_commit=1;ptx_tcgen05_alloc=1;ptx_tcgen05_dealloc=1;ptx_tcgen05_ld=5;ptx_tcgen05_st=5;ptx_mbarrier_wait=5;ptx_cp_async_tma=2;ptx_ld_shared=26;ptx_ld_global=7
07_config_matrix,cfg_bf16_m128n256k16_c256_sw128_fill_use_lastuse_pingpong,1,,NVIDIA Thor,11.0,580.00,13.0,PTX ISA 9.3 / CUDA 13.0,1575.000,,,,bf16,128,256,16,32,128,93,5,fill_use_lastuse,pingpong,1,1,32,1,nocount,sw128,sw128,16,16,16,0,256,0,256,none,0,none,0,4,20,3282539.0,2084.1517460317464,3282535.0,3282545.6,,801.401123046875,12288,15.333145470625025,41.21549502504006,41.21541215576974,41.215545249045434,0,0.0,1,bf14b28d2af4128daa99f23eec8a5e105636d0b04136f8be580fdc39d6f1f97d,; UTCHMMA=21;UTCHMMA_WS=16;UTCBAR=1;UTCATOMSWS=3;SYNCS_TRYWAIT=8;LDS=21;LDG=9;ptx_tcgen05_mma=21;ptx_tcgen05_mma_ws=16;ptx_tcgen05_commit=1;ptx_tcgen05_alloc=1;ptx_tcgen05_dealloc=1;ptx_tcgen05_ld=5;ptx_tcgen05_st=5;ptx_mbarrier_wait=5;ptx_cp_async_tma=2;ptx_ld_shared=26;ptx_ld_global=7
07_config_matrix,cfg_fp16_m128n64k16_c128_sw128_fill_use_lastuse_pingpong,1,,NVIDIA Thor,11.0,580.00,13.0,PTX ISA 9.3 / CUDA 13.0,1575.000,,,,fp16,128,64,16,32,128,94,5,fill_use_lastuse,pingpong,2,2,32,1,nocount,sw128,sw128,16,16,16,0,128,0,64,none,0,none,0,4,20,3779300.0,2399.555555555555,3779296.0,3779301.5999999996,,922.6806640625,6144,6.658858518773318,8.94950584923134,8.94950206038083,8.949515321375783,0,0.0,1,bf14b28d2af4128daa99f23eec8a5e105636d0b04136f8be580fdc39d6f1f97d,; UTCHMMA=21;UTCHMMA_WS=16;UTCBAR=1;UTCATOMSWS=3;SYNCS_TRYWAIT=8;LDS=21;LDG=9;ptx_tcgen05_mma=21;ptx_tcgen05_mma_ws=16;ptx_tcgen05_commit=1;ptx_tcgen05_alloc=1;ptx_tcgen05_dealloc=1;ptx_tcgen05_ld=5;ptx_tcgen05_st=5;ptx_mbarrier_wait=5;ptx_cp_async_tma=2;ptx_ld_shared=26;ptx_ld_global=7
07_config_matrix,cfg_bf16_m128n128k16_c128_sw64_fill_use_lastuse_pingpong,1,,NVIDIA Thor,11.0,580.00,13.0,PTX ISA 9.3 / CUDA 13.0,1575.000,,,,bf16,128,128,16,32,128,95,5,fill_use_lastuse,pingpong,1,1,32,1,nocount,sw64,sw64,16,16,16,0,128,0,128,none,0,none,0,4,20,3168616.0,2011.8196825396826,3168605.8,3168622.8,,773.587890625,8192,10.589617675351006,21.348669233507625,21.348623418355302,21.348737956613746,0,0.0,1,bf14b28d2af4128daa99f23eec8a5e105636d0b04136f8be580fdc39d6f1f97d,; UTCHMMA=21;UTCHMMA_WS=16;UTCBAR=1;UTCATOMSWS=3;SYNCS_TRYWAIT=8;LDS=21;LDG=9;ptx_tcgen05_mma=21;ptx_tcgen05_mma_ws=16;ptx_tcgen05_commit=1;ptx_tcgen05_alloc=1;ptx_tcgen05_dealloc=1;ptx_tcgen05_ld=5;ptx_tcgen05_st=5;ptx_mbarrier_wait=5;ptx_cp_async_tma=2;ptx_ld_shared=26;ptx_ld_global=7
07_config_matrix,cfg_bf16_m128n128k16_c128_none_fill_use_lastuse_same,0,max_abs_error>0.25,NVIDIA Thor,11.0,580.00,13.0,PTX ISA 9.3 / CUDA 13.0,1575.000,,,,bf16,128,128,16,32,128,96,5,fill_use_lastuse,same,1,1,32,1,nocount,none,none,16,16,16,0,128,0,128,none,0,none,0,4,20,3281363.0,2083.405079365079,,,,,8192,,20.615133074883826,,,0,0.83203125,1,bf14b28d2af4128daa99f23eec8a5e105636d0b04136f8be580fdc39d6f1f97d,; UTCHMMA=21;UTCHMMA_WS=16;UTCBAR=1;UTCATOMSWS=3;SYNCS_TRYWAIT=8;LDS=21;LDG=9;ptx_tcgen05_mma=21;ptx_tcgen05_mma_ws=16;ptx_tcgen05_commit=1;ptx_tcgen05_alloc=1;ptx_tcgen05_dealloc=1;ptx_tcgen05_ld=5;ptx_tcgen05_st=5;ptx_mbarrier_wait=5;ptx_cp_async_tma=2;ptx_ld_shared=26;ptx_ld_global=7
07_config_matrix,cfg_fp16_m128n64k16_c256_sw64_fill_use_lastuse_pingpong,1,,NVIDIA Thor,11.0,580.00,13.0,PTX ISA 9.3 / CUDA 13.0,1575.000,,,,fp16,128,64,16,32,128,97,5,fill_use_lastuse,pingpong,4,4,32,1,nocount,sw64,sw64,16,16,16,0,256,0,64,none,0,none,0,4,20,3664484.0,2326.6565079365078,3664479.8,3664590.5999999996,,894.6494140625,6144,6.867494577681333,9.229912712403712,9.229644221649373,9.229923291159203,0,0.0,1,bf14b28d2af4128daa99f23eec8a5e105636d0b04136f8be580fdc39d6f1f97d,; UTCHMMA=21;UTCHMMA_WS=16;UTCBAR=1;UTCATOMSWS=3;SYNCS_TRYWAIT=8;LDS=21;LDG=9;ptx_tcgen05_mma=21;ptx_tcgen05_mma_ws=16;ptx_tcgen05_commit=1;ptx_tcgen05_alloc=1;ptx_tcgen05_dealloc=1;ptx_tcgen05_ld=5;ptx_tcgen05_st=5;ptx_mbarrier_wait=5;ptx_cp_async_tma=2;ptx_ld_shared=26;ptx_ld_global=7
07_config_matrix,cfg_fp16_m128n256k16_c512_sw64_fill_use_lastuse_pingpong,1,,NVIDIA Thor,11.0,580.00,13.0,PTX ISA 9.3 / CUDA 13.0,1575.000,,,,fp16,128,256,16,32,128,98,5,fill_use_lastuse,pingpong,2,2,32,1,nocount,sw64,sw64,16,16,16,0,512,0,256,none,0,none,0,4,20,3664483.0,2326.655873015873,3664476.4,3664483.0,,894.649169921875,12288,13.734992903500984,36.919660924610646,36.919660924610646,36.91972741974462,0,0.0,1,bf14b28d2af4128daa99f23eec8a5e105636d0b04136f8be580fdc39d6f1f97d,; UTCHMMA=21;UTCHMMA_WS=16;UTCBAR=1;UTCATOMSWS=3;SYNCS_TRYWAIT=8;LDS=21;LDG=9;ptx_tcgen05_mma=21;ptx_tcgen05_mma_ws=16;ptx_tcgen05_commit=1;ptx_tcgen05_alloc=1;ptx_tcgen05_dealloc=1;ptx_tcgen05_ld=5;ptx_tcgen05_st=5;ptx_mbarrier_wait=5;ptx_cp_async_tma=2;ptx_ld_shared=26;ptx_ld_global=7
07_config_matrix,cfg_fp16_m128n256k16_c256_sw32_discard_same,1,,NVIDIA Thor,11.0,580.00,13.0,PTX ISA 9.3 / CUDA 13.0,1575.000,,,,fp16,128,256,16,32,128,99,5,discard,same,1,1,32,1,nocount,sw32,sw32,16,16,16,0,256,0,256,none,0,none,0,4,20,2891092.0,1835.613968253968,2891087.4000000004,2891095.2,,705.8330078125,12288,17.4092170017419,46.79597530068224,46.795923504703524,46.79604975765861,0,0.0,1,bf14b28d2af4128daa99f23eec8a5e105636d0b04136f8be580fdc39d6f1f97d,; UTCHMMA=21;UTCHMMA_WS=16;UTCBAR=1;UTCATOMSWS=3;SYNCS_TRYWAIT=8;LDS=21;LDG=9;ptx_tcgen05_mma=21;ptx_tcgen05_mma_ws=16;ptx_tcgen05_commit=1;ptx_tcgen05_alloc=1;ptx_tcgen05_dealloc=1;ptx_tcgen05_ld=5;ptx_tcgen05_st=5;ptx_mbarrier_wait=5;ptx_cp_async_tma=2;ptx_ld_shared=26;ptx_ld_global=7
07_config_matrix,cfg_fp16_m128n128k16_c128_none_fill_use_lastuse_same,0,max_abs_error>0.05,NVIDIA Thor,11.0,580.00,13.0,PTX ISA 9.3 / CUDA 13.0,1575.000,,,,fp16,128,128,16,32,128,100,5,fill_use_lastuse,same,1,1,32,1,nocount,none,none,16,16,16,0,128,0,128,none,0,none,0,4,20,3282392.0,2084.0584126984127,,,,,8192,,20.60867041840219,,,0,0.83203125,1,bf14b28d2af4128daa99f23eec8a5e105636d0b04136f8be580fdc39d6f1f97d,; UTCHMMA=21;UTCHMMA_WS=16;UTCBAR=1;UTCATOMSWS=3;SYNCS_TRYWAIT=8;LDS=21;LDG=9;ptx_tcgen05_mma=21;ptx_tcgen05_mma_ws=16;ptx_tcgen05_commit=1;ptx_tcgen05_alloc=1;ptx_tcgen05_dealloc=1;ptx_tcgen05_ld=5;ptx_tcgen05_st=5;ptx_mbarrier_wait=5;ptx_cp_async_tma=2;ptx_ld_shared=26;ptx_ld_global=7
07_config_matrix,cfg_bf16_m128n128k16_c512_sw128_discard_pingpong,1,,NVIDIA Thor,11.0,580.00,13.0,PTX ISA 9.3 / CUDA 13.0,1575.000,,,,bf16,128,128,16,32,128,101,5,discard,pingpong,4,4,32,1,nocount,sw128,sw128,16,16,16,0,512,0,128,none,0,none,0,4,20,3678958.0,2335.8463492063493,3678957.4,3678992.2,,898.18310546875,8192,9.120634701456227,18.387199558135755,18.38702863028761,18.38720255689865,0,0.0,1,bf14b28d2af4128daa99f23eec8a5e105636d0b04136f8be580fdc39d6f1f97d,; UTCHMMA=21;UTCHMMA_WS=16;UTCBAR=1;UTCATOMSWS=3;SYNCS_TRYWAIT=8;LDS=21;LDG=9;ptx_tcgen05_mma=21;ptx_tcgen05_mma_ws=16;ptx_tcgen05_commit=1;ptx_tcgen05_alloc=1;ptx_tcgen05_dealloc=1;ptx_tcgen05_ld=5;ptx_tcgen05_st=5;ptx_mbarrier_wait=5;ptx_cp_async_tma=2;ptx_ld_shared=26;ptx_ld_global=7
07_config_matrix,cfg_bf16_m128n64k16_c512_none_discard_same,0,max_abs_error>0.25,NVIDIA Thor,11.0,580.00,13.0,PTX ISA 9.3 / CUDA 13.0,1575.000,,,,bf16,128,64,16,32,128,102,5,discard,same,8,8,32,1,nocount,none,none,16,16,16,0,512,0,64,none,0,none,0,4,20,3678618.0,2335.630476190476,,,,,6144,,9.194449506852843,,,0,0.83203125,1,bf14b28d2af4128daa99f23eec8a5e105636d0b04136f8be580fdc39d6f1f97d,; UTCHMMA=21;UTCHMMA_WS=16;UTCBAR=1;UTCATOMSWS=3;SYNCS_TRYWAIT=8;LDS=21;LDG=9;ptx_tcgen05_mma=21;ptx_tcgen05_mma_ws=16;ptx_tcgen05_commit=1;ptx_tcgen05_alloc=1;ptx_tcgen05_dealloc=1;ptx_tcgen05_ld=5;ptx_tcgen05_st=5;ptx_mbarrier_wait=5;ptx_cp_async_tma=2;ptx_ld_shared=26;ptx_ld_global=7
07_config_matrix,cfg_bf16_m128n64k16_c256_sw128_discard_same,1,,NVIDIA Thor,11.0,580.00,13.0,PTX ISA 9.3 / CUDA 13.0,1575.000,,,,bf16,128,64,16,32,128,103,5,discard,same,4,4,32,1,nocount,sw128,sw128,16,16,16,0,256,0,64,none,0,none,0,4,20,3678586.0,2335.610158730159,3678580.0,3678624.8,,898.09228515625,6144,6.841167774791727,9.19452948932008,9.19443251076826,9.194544486187606,0,0.0,1,bf14b28d2af4128daa99f23eec8a5e105636d0b04136f8be580fdc39d6f1f97d,; UTCHMMA=21;UTCHMMA_WS=16;UTCBAR=1;UTCATOMSWS=3;SYNCS_TRYWAIT=8;LDS=21;LDG=9;ptx_tcgen05_mma=21;ptx_tcgen05_mma_ws=16;ptx_tcgen05_commit=1;ptx_tcgen05_alloc=1;ptx_tcgen05_dealloc=1;ptx_tcgen05_ld=5;ptx_tcgen05_st=5;ptx_mbarrier_wait=5;ptx_cp_async_tma=2;ptx_ld_shared=26;ptx_ld_global=7
07_config_matrix,cfg_bf16_m128n64k16_c128_sw128_fill_use_lastuse_pingpong,1,,NVIDIA Thor,11.0,580.00,13.0,PTX ISA 9.3 / CUDA 13.0,1575.000,,,,bf16,128,64,16,32,128,104,5,fill_use_lastuse,pingpong,2,2,32,1,nocount,sw128,sw128,16,16,16,0,128,0,64,none,0,none,0,4,20,3779300.0,2399.555555555555,3779294.4,3779303.2,,922.6806640625,6144,6.658858518773318,8.94950584923134,8.94949827153383,8.949519110239324,0,0.0,1,bf14b28d2af4128daa99f23eec8a5e105636d0b04136f8be580fdc39d6f1f97d,; UTCHMMA=21;UTCHMMA_WS=16;UTCBAR=1;UTCATOMSWS=3;SYNCS_TRYWAIT=8;LDS=21;LDG=9;ptx_tcgen05_mma=21;ptx_tcgen05_mma_ws=16;ptx_tcgen05_commit=1;ptx_tcgen05_alloc=1;ptx_tcgen05_dealloc=1;ptx_tcgen05_ld=5;ptx_tcgen05_st=5;ptx_mbarrier_wait=5;ptx_cp_async_tma=2;ptx_ld_shared=26;ptx_ld_global=7
07_config_matrix,cfg_fp16_m128n64k16_c256_sw32_fill_use_lastuse_same,1,,NVIDIA Thor,11.0,580.00,13.0,PTX ISA 9.3 / CUDA 13.0,1575.000,,,,fp16,128,64,16,32,128,105,5,fill_use_lastuse,same,4,4,32,1,nocount,sw32,sw32,16,16,16,0,256,0,64,none,0,none,0,4,20,3488016.0,2214.6133333333332,3488012.5999999996,3488017.8,,851.56640625,6144,7.214939381012013,9.696878528080147,9.696873523984312,9.696887980281572,0,0.0,1,bf14b28d2af4128daa99f23eec8a5e105636d0b04136f8be580fdc39d6f1f97d,; UTCHMMA=21;UTCHMMA_WS=16;UTCBAR=1;UTCATOMSWS=3;SYNCS_TRYWAIT=8;LDS=21;LDG=9;ptx_tcgen05_mma=21;ptx_tcgen05_mma_ws=16;ptx_tcgen05_commit=1;ptx_tcgen05_alloc=1;ptx_tcgen05_dealloc=1;ptx_tcgen05_ld=5;ptx_tcgen05_st=5;ptx_mbarrier_wait=5;ptx_cp_async_tma=2;ptx_ld_shared=26;ptx_ld_global=7
07_config_matrix,cfg_bf16_m128n256k16_c512_sw128_fill_use_lastuse_pingpong,1,,NVIDIA Thor,11.0,580.00,13.0,PTX ISA 9.3 / CUDA 13.0,1575.000,,,,bf16,128,256,16,32,128,106,5,fill_use_lastuse,pingpong,2,2,32,1,nocount,sw128,sw128,16,16,16,0,512,0,256,none,0,none,0,4,20,3778473.0,2399.0304761904763,3778473.0,3778479.6,,922.478759765625,12288,13.32063190606364,35.805858563499065,35.80579602017761,35.805858563499065,0,0.0,1,bf14b28d2af4128daa99f23eec8a5e105636d0b04136f8be580fdc39d6f1f97d,; UTCHMMA=21;UTCHMMA_WS=16;UTCBAR=1;UTCATOMSWS=3;SYNCS_TRYWAIT=8;LDS=21;LDG=9;ptx_tcgen05_mma=21;ptx_tcgen05_mma_ws=16;ptx_tcgen05_commit=1;ptx_tcgen05_alloc=1;ptx_tcgen05_dealloc=1;ptx_tcgen05_ld=5;ptx_tcgen05_st=5;ptx_mbarrier_wait=5;ptx_cp_async_tma=2;ptx_ld_shared=26;ptx_ld_global=7
07_config_matrix,cfg_bf16_m128n64k16_c256_sw32_fill_use_lastuse_same,1,,NVIDIA Thor,11.0,580.00,13.0,PTX ISA 9.3 / CUDA 13.0,1575.000,,,,bf16,128,64,16,32,128,107,5,fill_use_lastuse,same,4,4,32,1,nocount,sw32,sw32,16,16,16,0,256,0,64,none,0,none,0,4,20,3488012.0,2214.6107936507938,3488011.4,3488015.5999999996,,851.5654296875,6144,7.2149476549966,9.69688964831543,9.696879640109414,9.696891316353113,0,0.0,1,bf14b28d2af4128daa99f23eec8a5e105636d0b04136f8be580fdc39d6f1f97d,; UTCHMMA=21;UTCHMMA_WS=16;UTCBAR=1;UTCATOMSWS=3;SYNCS_TRYWAIT=8;LDS=21;LDG=9;ptx_tcgen05_mma=21;ptx_tcgen05_mma_ws=16;ptx_tcgen05_commit=1;ptx_tcgen05_alloc=1;ptx_tcgen05_dealloc=1;ptx_tcgen05_ld=5;ptx_tcgen05_st=5;ptx_mbarrier_wait=5;ptx_cp_async_tma=2;ptx_ld_shared=26;ptx_ld_global=7
07_config_matrix,cfg_fp16_m128n128k16_c512_sw64_discard_same,1,,NVIDIA Thor,11.0,580.00,13.0,PTX ISA 9.3 / CUDA 13.0,1575.000,,,,fp16,128,128,16,32,128,108,5,discard,same,4,4,32,1,nocount,sw64,sw64,16,16,16,0,512,0,128,none,0,none,0,4,20,3563110.0,2262.2920634920633,3563103.5999999996,3563110.5999999996,,869.89990234375,8192,9.417175445046603,18.98502569721395,18.985022500284238,18.985059797874097,0,0.0,1,bf14b28d2af4128daa99f23eec8a5e105636d0b04136f8be580fdc39d6f1f97d,; UTCHMMA=21;UTCHMMA_WS=16;UTCBAR=1;UTCATOMSWS=3;SYNCS_TRYWAIT=8;LDS=21;LDG=9;ptx_tcgen05_mma=21;ptx_tcgen05_mma_ws=16;ptx_tcgen05_commit=1;ptx_tcgen05_alloc=1;ptx_tcgen05_dealloc=1;ptx_tcgen05_ld=5;ptx_tcgen05_st=5;ptx_mbarrier_wait=5;ptx_cp_async_tma=2;ptx_ld_shared=26;ptx_ld_global=7
07_config_matrix,cfg_bf16_m128n64k16_c512_sw32_discard_same,1,,NVIDIA Thor,11.0,580.00,13.0,PTX ISA 9.3 / CUDA 13.0,1575.000,,,,bf16,128,64,16,32,128,109,5,discard,same,8,8,32,1,nocount,sw32,sw32,16,16,16,0,512,0,64,none,0,none,0,4,20,3387485.0,2150.784126984127,3387418.2,3387486.5999999996,,827.022705078125,6144,7.429058431255046,9.98465453160678,9.984649815589147,9.984851431763406,0,0.0,1,bf14b28d2af4128daa99f23eec8a5e105636d0b04136f8be580fdc39d6f1f97d,; UTCHMMA=21;UTCHMMA_WS=16;UTCBAR=1;UTCATOMSWS=3;SYNCS_TRYWAIT=8;LDS=21;LDG=9;ptx_tcgen05_mma=21;ptx_tcgen05_mma_ws=16;ptx_tcgen05_commit=1;ptx_tcgen05_alloc=1;ptx_tcgen05_dealloc=1;ptx_tcgen05_ld=5;ptx_tcgen05_st=5;ptx_mbarrier_wait=5;ptx_cp_async_tma=2;ptx_ld_shared=26;ptx_ld_global=7
07_config_matrix,cfg_bf16_m128n64k16_c128_none_discard_pingpong,0,max_abs_error>0.25,NVIDIA Thor,11.0,580.00,13.0,PTX ISA 9.3 / CUDA 13.0,1575.000,,,,bf16,128,64,16,32,128,110,5,discard,pingpong,2,2,32,1,nocount,none,none,16,16,16,0,128,0,64,none,0,none,0,4,20,3678960.0,2335.847619047619,,,,,6144,,9.193594781133799,,,0,0.83203125,1,bf14b28d2af4128daa99f23eec8a5e105636d0b04136f8be580fdc39d6f1f97d,; UTCHMMA=21;UTCHMMA_WS=16;UTCBAR=1;UTCATOMSWS=3;SYNCS_TRYWAIT=8;LDS=21;LDG=9;ptx_tcgen05_mma=21;ptx_tcgen05_mma_ws=16;ptx_tcgen05_commit=1;ptx_tcgen05_alloc=1;ptx_tcgen05_dealloc=1;ptx_tcgen05_ld=5;ptx_tcgen05_st=5;ptx_mbarrier_wait=5;ptx_cp_async_tma=2;ptx_ld_shared=26;ptx_ld_global=7
07_config_matrix,cfg_bf16_m128n64k16_c512_sw128_fill_use_lastuse_same,1,,NVIDIA Thor,11.0,580.00,13.0,PTX ISA 9.3 / CUDA 13.0,1575.000,,,,bf16,128,64,16,32,128,111,5,fill_use_lastuse,same,8,8,32,1,nocount,sw128,sw128,16,16,16,0,512,0,64,none,0,none,0,4,20,3779296.0,2399.553015873016,3779293.4,3779302.2,,922.6796875,6144,6.658865566497041,8.949515321372022,8.94950063956311,8.949521478274368,0,0.0,1,bf14b28d2af4128daa99f23eec8a5e105636d0b04136f8be580fdc39d6f1f97d,; UTCHMMA=21;UTCHMMA_WS=16;UTCBAR=1;UTCATOMSWS=3;SYNCS_TRYWAIT=8;LDS=21;LDG=9;ptx_tcgen05_mma=21;ptx_tcgen05_mma_ws=16;ptx_tcgen05_commit=1;ptx_tcgen05_alloc=1;ptx_tcgen05_dealloc=1;ptx_tcgen05_ld=5;ptx_tcgen05_st=5;ptx_mbarrier_wait=5;ptx_cp_async_tma=2;ptx_ld_shared=26;ptx_ld_global=7
07_config_matrix,cfg_fp16_m128n64k16_c512_sw64_discard_same,1,,NVIDIA Thor,11.0,580.00,13.0,PTX ISA 9.3 / CUDA 13.0,1575.000,,,,fp16,128,64,16,32,128,112,5,discard,same,8,8,32,1,nocount,sw64,sw64,16,16,16,0,512,0,64,none,0,none,0,4,20,3562090.0,2261.6444444444446,3561894.4,3562093.0,,869.65087890625,6144,7.064904031060417,9.4952310177452,9.495223020847574,9.495752444542049,0,0.0,1,bf14b28d2af4128daa99f23eec8a5e105636d0b04136f8be580fdc39d6f1f97d,; UTCHMMA=21;UTCHMMA_WS=16;UTCBAR=1;UTCATOMSWS=3;SYNCS_TRYWAIT=8;LDS=21;LDG=9;ptx_tcgen05_mma=21;ptx_tcgen05_mma_ws=16;ptx_tcgen05_commit=1;ptx_tcgen05_alloc=1;ptx_tcgen05_dealloc=1;ptx_tcgen05_ld=5;ptx_tcgen05_st=5;ptx_mbarrier_wait=5;ptx_cp_async_tma=2;ptx_ld_shared=26;ptx_ld_global=7
07_config_matrix,cfg_bf16_m128n256k16_c512_sw32_discard_same,1,,NVIDIA Thor,11.0,580.00,13.0,PTX ISA 9.3 / CUDA 13.0,1575.000,,,,bf16,128,256,16,32,128,113,5,discard,same,2,2,32,1,nocount,sw32,sw32,16,16,16,0,512,0,256,none,0,none,0,4,20,3387360.0,2150.7047619047617,3387166.6,3387365.0,,826.9921875,12288,14.858665155165085,39.94009193708375,39.94003298256904,39.94237244031948,0,0.0,1,bf14b28d2af4128daa99f23eec8a5e105636d0b04136f8be580fdc39d6f1f97d,; UTCHMMA=21;UTCHMMA_WS=16;UTCBAR=1;UTCATOMSWS=3;SYNCS_TRYWAIT=8;LDS=21;LDG=9;ptx_tcgen05_mma=21;ptx_tcgen05_mma_ws=16;ptx_tcgen05_commit=1;ptx_tcgen05_alloc=1;ptx_tcgen05_dealloc=1;ptx_tcgen05_ld=5;ptx_tcgen05_st=5;ptx_mbarrier_wait=5;ptx_cp_async_tma=2;ptx_ld_shared=26;ptx_ld_global=7
07_config_matrix,cfg_fp16_m128n256k16_c512_sw128_discard_same,1,,NVIDIA Thor,11.0,580.00,13.0,PTX ISA 9.3 / CUDA 13.0,1575.000,,,,fp16,128,256,16,32,128,114,5,discard,same,2,2,32,1,nocount,sw128,sw128,16,16,16,0,512,0,256,none,0,none,0,4,20,3678180.0,2335.352380952381,3678179.0,3678188.6,,897.9931640625,12288,13.683845815049834,36.78217755085395,36.78209155017292,36.78218755095932,0,0.0,1,bf14b28d2af4128daa99f23eec8a5e105636d0b04136f8be580fdc39d6f1f97d,; UTCHMMA=21;UTCHMMA_WS=16;UTCBAR=1;UTCATOMSWS=3;SYNCS_TRYWAIT=8;LDS=21;LDG=9;ptx_tcgen05_mma=21;ptx_tcgen05_mma_ws=16;ptx_tcgen05_commit=1;ptx_tcgen05_alloc=1;ptx_tcgen05_dealloc=1;ptx_tcgen05_ld=5;ptx_tcgen05_st=5;ptx_mbarrier_wait=5;ptx_cp_async_tma=2;ptx_ld_shared=26;ptx_ld_global=7
07_config_matrix,cfg_bf16_m128n256k16_c512_sw128_discard_same,1,,NVIDIA Thor,11.0,580.00,13.0,PTX ISA 9.3 / CUDA 13.0,1575.000,,,,bf16,128,256,16,32,128,115,5,discard,same,2,2,32,1,nocount,sw128,sw128,16,16,16,0,512,0,256,none,0,none,0,4,20,3678180.0,2335.352380952381,3678179.4,3678184.4000000004,,897.9931640625,12288,13.683845815049834,36.78217755085395,36.78213355046539,36.782183550917175,0,0.0,1,bf14b28d2af4128daa99f23eec8a5e105636d0b04136f8be580fdc39d6f1f97d,; UTCHMMA=21;UTCHMMA_WS=16;UTCBAR=1;UTCATOMSWS=3;SYNCS_TRYWAIT=8;LDS=21;LDG=9;ptx_tcgen05_mma=21;ptx_tcgen05_mma_ws=16;ptx_tcgen05_commit=1;ptx_tcgen05_alloc=1;ptx_tcgen05_dealloc=1;ptx_tcgen05_ld=5;ptx_tcgen05_st=5;ptx_mbarrier_wait=5;ptx_cp_async_tma=2;ptx_ld_shared=26;ptx_ld_global=7
07_config_matrix,cfg_bf16_m128n64k16_c512_sw128_discard_pingpong,1,,NVIDIA Thor,11.0,580.00,13.0,PTX ISA 9.3 / CUDA 13.0,1575.000,,,,bf16,128,64,16,32,128,116,5,discard,pingpong,8,8,32,1,nocount,sw128,sw128,16,16,16,0,512,0,64,none,0,none,0,4,20,3678582.0,2335.607619047619,3678579.5999999996,3678620.0,,898.09130859375,6144,6.841175213710065,9.194539487226328,9.194444507998924,9.194545485983122,0,0.0,1,bf14b28d2af4128daa99f23eec8a5e105636d0b04136f8be580fdc39d6f1f97d,; UTCHMMA=21;UTCHMMA_WS=16;UTCBAR=1;UTCATOMSWS=3;SYNCS_TRYWAIT=8;LDS=21;LDG=9;ptx_tcgen05_mma=21;ptx_tcgen05_mma_ws=16;ptx_tcgen05_commit=1;ptx_tcgen05_alloc=1;ptx_tcgen05_dealloc=1;ptx_tcgen05_ld=5;ptx_tcgen05_st=5;ptx_mbarrier_wait=5;ptx_cp_async_tma=2;ptx_ld_shared=26;ptx_ld_global=7
07_config_matrix,cfg_bf16_m128n256k16_c256_sw128_discard_same,1,,NVIDIA Thor,11.0,580.00,13.0,PTX ISA 9.3 / CUDA 13.0,1575.000,,,,bf16,128,256,16,32,128,117,5,discard,same,1,1,32,1,nocount,sw128,sw128,16,16,16,0,256,0,256,none,0,none,0,4,20,3181548.0,2020.0304761904763,3181544.5999999996,3181550.2,,776.7451171875,12288,15.819861275077415,42.52378710740808,42.52375770277421,42.52383255103553,0,0.0,1,bf14b28d2af4128daa99f23eec8a5e105636d0b04136f8be580fdc39d6f1f97d,; UTCHMMA=21;UTCHMMA_WS=16;UTCBAR=1;UTCATOMSWS=3;SYNCS_TRYWAIT=8;LDS=21;LDG=9;ptx_tcgen05_mma=21;ptx_tcgen05_mma_ws=16;ptx_tcgen05_commit=1;ptx_tcgen05_alloc=1;ptx_tcgen05_dealloc=1;ptx_tcgen05_ld=5;ptx_tcgen05_st=5;ptx_mbarrier_wait=5;ptx_cp_async_tma=2;ptx_ld_shared=26;ptx_ld_global=7
07_config_matrix,cfg_bf16_m128n64k16_c512_sw64_fill_use_lastuse_pingpong,1,,NVIDIA Thor,11.0,580.00,13.0,PTX ISA 9.3 / CUDA 13.0,1575.000,,,,bf16,128,64,16,32,128,118,5,fill_use_lastuse,pingpong,8,8,32,1,nocount,sw64,sw64,16,16,16,0,512,0,64,none,0,none,0,4,20,3664478.0,2326.6526984126986,3664473.8000000003,3664482.4000000004,,894.64794921875,6144,6.867505822111635,9.229927824918038,9.229916742405333,9.229938403715593,0,0.0,1,bf14b28d2af4128daa99f23eec8a5e105636d0b04136f8be580fdc39d6f1f97d,; UTCHMMA=21;UTCHMMA_WS=16;UTCBAR=1;UTCATOMSWS=3;SYNCS_TRYWAIT=8;LDS=21;LDG=9;ptx_tcgen05_mma=21;ptx_tcgen05_mma_ws=16;ptx_tcgen05_commit=1;ptx_tcgen05_alloc=1;ptx_tcgen05_dealloc=1;ptx_tcgen05_ld=5;ptx_tcgen05_st=5;ptx_mbarrier_wait=5;ptx_cp_async_tma=2;ptx_ld_shared=26;ptx_ld_global=7
07_config_matrix,cfg_bf16_m128n128k16_c128_sw64_discard_same,1,,NVIDIA Thor,11.0,580.00,13.0,PTX ISA 9.3 / CUDA 13.0,1575.000,,,,bf16,128,128,16,32,128,119,5,discard,same,1,1,32,1,nocount,sw64,sw64,16,16,16,0,128,0,128,none,0,none,0,4,20,3067584.0,1947.6723809523808,3067571.5999999996,3067590.4000000004,,748.921875,8192,10.938390603158707,22.05179545596795,22.05174944873336,22.05188459572978,0,0.0,1,bf14b28d2af4128daa99f23eec8a5e105636d0b04136f8be580fdc39d6f1f97d,; UTCHMMA=21;UTCHMMA_WS=16;UTCBAR=1;UTCATOMSWS=3;SYNCS_TRYWAIT=8;LDS=21;LDG=9;ptx_tcgen05_mma=21;ptx_tcgen05_mma_ws=16;ptx_tcgen05_commit=1;ptx_tcgen05_alloc=1;ptx_tcgen05_dealloc=1;ptx_tcgen05_ld=5;ptx_tcgen05_st=5;ptx_mbarrier_wait=5;ptx_cp_async_tma=2;ptx_ld_shared=26;ptx_ld_global=7
07_config_matrix,cfg_fp16_m128n128k16_c256_sw32_discard_same,1,,NVIDIA Thor,11.0,580.00,13.0,PTX ISA 9.3 / CUDA 13.0,1575.000,,,,fp16,128,128,16,32,128,120,5,discard,same,2,2,32,1,nocount,sw32,sw32,16,16,16,0,256,0,128,none,0,none,0,4,20,3387620.0,2150.8698412698413,3387618.4,3387677.8,,827.0556640625,8192,9.905016501260471,19.968513266541112,19.968172567064293,19.968522697834388,0,0.0,1,bf14b28d2af4128daa99f23eec8a5e105636d0b04136f8be580fdc39d6f1f97d,; UTCHMMA=21;UTCHMMA_WS=16;UTCBAR=1;UTCATOMSWS=3;SYNCS_TRYWAIT=8;LDS=21;LDG=9;ptx_tcgen05_mma=21;ptx_tcgen05_mma_ws=16;ptx_tcgen05_commit=1;ptx_tcgen05_alloc=1;ptx_tcgen05_dealloc=1;ptx_tcgen05_ld=5;ptx_tcgen05_st=5;ptx_mbarrier_wait=5;ptx_cp_async_tma=2;ptx_ld_shared=26;ptx_ld_global=7
07_config_matrix,cfg_fp16_m128n128k16_c128_sw32_discard_pingpong,1,,NVIDIA Thor,11.0,580.00,13.0,PTX ISA 9.3 / CUDA 13.0,1575.000,,,,fp16,128,128,16,32,128,121,5,discard,pingpong,1,1,32,1,nocount,sw32,sw32,16,16,16,0,128,0,128,none,0,none,0,4,20,2891383.0,1835.7987301587302,2891383.0,2891386.0,,705.904052734375,8192,11.604976580411519,23.395632786109623,23.395608511627294,23.395632786109623,0,0.0,1,bf14b28d2af4128daa99f23eec8a5e105636d0b04136f8be580fdc39d6f1f97d,; UTCHMMA=21;UTCHMMA_WS=16;UTCBAR=1;UTCATOMSWS=3;SYNCS_TRYWAIT=8;LDS=21;LDG=9;ptx_tcgen05_mma=21;ptx_tcgen05_mma_ws=16;ptx_tcgen05_commit=1;ptx_tcgen05_alloc=1;ptx_tcgen05_dealloc=1;ptx_tcgen05_ld=5;ptx_tcgen05_st=5;ptx_mbarrier_wait=5;ptx_cp_async_tma=2;ptx_ld_shared=26;ptx_ld_global=7
07_config_matrix,cfg_bf16_m128n64k16_c256_none_fill_use_lastuse_pingpong,0,max_abs_error>0.25,NVIDIA Thor,11.0,580.00,13.0,PTX ISA 9.3 / CUDA 13.0,1575.000,,,,bf16,128,64,16,32,128,122,5,fill_use_lastuse,pingpong,4,4,32,1,nocount,none,none,16,16,16,0,256,0,64,none,0,none,0,4,20,3779294.0,2399.551746031746,,,,,6144,,8.949520057449883,,,0,0.83203125,1,bf14b28d2af4128daa99f23eec8a5e105636d0b04136f8be580fdc39d6f1f97d,; UTCHMMA=21;UTCHMMA_WS=16;UTCBAR=1;UTCATOMSWS=3;SYNCS_TRYWAIT=8;LDS=21;LDG=9;ptx_tcgen05_mma=21;ptx_tcgen05_mma_ws=16;ptx_tcgen05_commit=1;ptx_tcgen05_alloc=1;ptx_tcgen05_dealloc=1;ptx_tcgen05_ld=5;ptx_tcgen05_st=5;ptx_mbarrier_wait=5;ptx_cp_async_tma=2;ptx_ld_shared=26;ptx_ld_global=7
07_config_matrix,cfg_fp16_m128n128k16_c512_sw128_discard_same,1,,NVIDIA Thor,11.0,580.00,13.0,PTX ISA 9.3 / CUDA 13.0,1575.000,,,,fp16,128,128,16,32,128,123,5,discard,same,4,4,32,1,nocount,sw128,sw128,16,16,16,0,512,0,128,none,0,none,0,4,20,3678961.0,2335.848253968254,3678957.0,3678989.6,,898.183837890625,8192,9.120627264056345,18.387184564337595,18.387041624689886,18.38720455608206,0,0.0,1,bf14b28d2af4128daa99f23eec8a5e105636d0b04136f8be580fdc39d6f1f97d,; UTCHMMA=21;UTCHMMA_WS=16;UTCBAR=1;UTCATOMSWS=3;SYNCS_TRYWAIT=8;LDS=21;LDG=9;ptx_tcgen05_mma=21;ptx_tcgen05_mma_ws=16;ptx_tcgen05_commit=1;ptx_tcgen05_alloc=1;ptx_tcgen05_dealloc=1;ptx_tcgen05_ld=5;ptx_tcgen05_st=5;ptx_mbarrier_wait=5;ptx_cp_async_tma=2;ptx_ld_shared=26;ptx_ld_global=7
07_config_matrix,cfg_bf16_m128n128k16_c128_sw128_fill_use_lastuse_pingpong,1,,NVIDIA Thor,11.0,580.00,13.0,PTX ISA 9.3 / CUDA 13.0,1575.000,,,,bf16,128,128,16,32,128,124,5,fill_use_lastuse,pingpong,1,1,32,1,nocount,sw128,sw128,16,16,16,0,128,0,128,none,0,none,0,4,20,3282379.0,2084.0501587301587,3281432.8,3282395.8,,801.362060546875,8192,10.222595257890694,20.60875203990764,20.608646559934535,20.61469457916333,0,0.0,1,bf14b28d2af4128daa99f23eec8a5e105636d0b04136f8be580fdc39d6f1f97d,; UTCHMMA=21;UTCHMMA_WS=16;UTCBAR=1;UTCATOMSWS=3;SYNCS_TRYWAIT=8;LDS=21;LDG=9;ptx_tcgen05_mma=21;ptx_tcgen05_mma_ws=16;ptx_tcgen05_commit=1;ptx_tcgen05_alloc=1;ptx_tcgen05_dealloc=1;ptx_tcgen05_ld=5;ptx_tcgen05_st=5;ptx_mbarrier_wait=5;ptx_cp_async_tma=2;ptx_ld_shared=26;ptx_ld_global=7
07_config_matrix,cfg_bf16_m128n64k16_c256_sw64_fill_use_lastuse_same,1,,NVIDIA Thor,11.0,580.00,13.0,PTX ISA 9.3 / CUDA 13.0,1575.000,,,,bf16,128,64,16,32,128,125,5,fill_use_lastuse,same,4,4,32,1,nocount,sw64,sw64,16,16,16,0,256,0,64,none,0,none,0,4,20,3664478.0,2326.6526984126986,3664474.4,3664545.6,,894.64794921875,6144,6.867505822111635,9.229927824918038,9.22975756215118,9.229936892450553,0,0.0,1,bf14b28d2af4128daa99f23eec8a5e105636d0b04136f8be580fdc39d6f1f97d,; UTCHMMA=21;UTCHMMA_WS=16;UTCBAR=1;UTCATOMSWS=3;SYNCS_TRYWAIT=8;LDS=21;LDG=9;ptx_tcgen05_mma=21;ptx_tcgen05_mma_ws=16;ptx_tcgen05_commit=1;ptx_tcgen05_alloc=1;ptx_tcgen05_dealloc=1;ptx_tcgen05_ld=5;ptx_tcgen05_st=5;ptx_mbarrier_wait=5;ptx_cp_async_tma=2;ptx_ld_shared=26;ptx_ld_global=7
07_config_matrix,cfg_bf16_m128n128k16_c128_none_fill_use_lastuse_pingpong,0,max_abs_error>0.25,NVIDIA Thor,11.0,580.00,13.0,PTX ISA 9.3 / CUDA 13.0,1575.000,,,,bf16,128,128,16,32,128,126,5,fill_use_lastuse,pingpong,1,1,32,1,nocount,none,none,16,16,16,0,128,0,128,none,0,none,0,4,20,3281362.0,2083.4044444444444,,,,,8192,,20.615139357376602,,,0,0.791015625,1,bf14b28d2af4128daa99f23eec8a5e105636d0b04136f8be580fdc39d6f1f97d,; UTCHMMA=21;UTCHMMA_WS=16;UTCBAR=1;UTCATOMSWS=3;SYNCS_TRYWAIT=8;LDS=21;LDG=9;ptx_tcgen05_mma=21;ptx_tcgen05_mma_ws=16;ptx_tcgen05_commit=1;ptx_tcgen05_alloc=1;ptx_tcgen05_dealloc=1;ptx_tcgen05_ld=5;ptx_tcgen05_st=5;ptx_mbarrier_wait=5;ptx_cp_async_tma=2;ptx_ld_shared=26;ptx_ld_global=7
07_config_matrix,cfg_fp16_m128n128k16_c128_sw128_discard_same,1,,NVIDIA Thor,11.0,580.00,13.0,PTX ISA 9.3 / CUDA 13.0,1575.000,,,,fp16,128,128,16,32,128,127,5,discard,same,1,1,32,1,nocount,sw128,sw128,16,16,16,0,128,0,128,none,0,none,0,4,20,3181521.0,2020.0133333333333,3181299.2,3181521.5999999996,,776.738525390625,8192,10.546663686959791,21.26207399291094,21.262069983118018,21.263556451789952,0,0.0,1,bf14b28d2af4128daa99f23eec8a5e105636d0b04136f8be580fdc39d6f1f97d,; UTCHMMA=21;UTCHMMA_WS=16;UTCBAR=1;UTCATOMSWS=3;SYNCS_TRYWAIT=8;LDS=21;LDG=9;ptx_tcgen05_mma=21;ptx_tcgen05_mma_ws=16;ptx_tcgen05_commit=1;ptx_tcgen05_alloc=1;ptx_tcgen05_dealloc=1;ptx_tcgen05_ld=5;ptx_tcgen05_st=5;ptx_mbarrier_wait=5;ptx_cp_async_tma=2;ptx_ld_shared=26;ptx_ld_global=7
07_config_matrix,cfg_bf16_m128n64k16_c256_sw64_discard_same,1,,NVIDIA Thor,11.0,580.00,13.0,PTX ISA 9.3 / CUDA 13.0,1575.000,,,,bf16,128,64,16,32,128,128,5,discard,same,4,4,32,1,nocount,sw64,sw64,16,16,16,0,256,0,64,none,0,none,0,4,20,3562091.0,2261.6450793650793,3562087.6,3562091.0,,869.651123046875,6144,7.064902047701757,9.495228352111162,9.495228352111162,9.495237415275872,0,0.0,1,bf14b28d2af4128daa99f23eec8a5e105636d0b04136f8be580fdc39d6f1f97d,; UTCHMMA=21;UTCHMMA_WS=16;UTCBAR=1;UTCATOMSWS=3;SYNCS_TRYWAIT=8;LDS=21;LDG=9;ptx_tcgen05_mma=21;ptx_tcgen05_mma_ws=16;ptx_tcgen05_commit=1;ptx_tcgen05_alloc=1;ptx_tcgen05_dealloc=1;ptx_tcgen05_ld=5;ptx_tcgen05_st=5;ptx_mbarrier_wait=5;ptx_cp_async_tma=2;ptx_ld_shared=26;ptx_ld_global=7
07_config_matrix,cfg_bf16_m128n256k16_c256_none_discard_same,0,max_abs_error>0.25,NVIDIA Thor,11.0,580.00,13.0,PTX ISA 9.3 / CUDA 13.0,1575.000,,,,bf16,128,256,16,32,128,129,5,discard,same,1,1,32,1,nocount,none,none,16,16,16,0,256,0,256,none,0,none,0,4,20,3181543.0,2020.0273015873017,,,,,12288,,42.52385393628186,,,0,0.83203125,1,bf14b28d2af4128daa99f23eec8a5e105636d0b04136f8be580fdc39d6f1f97d,; UTCHMMA=21;UTCHMMA_WS=16;UTCBAR=1;UTCATOMSWS=3;SYNCS_TRYWAIT=8;LDS=21;LDG=9;ptx_tcgen05_mma=21;ptx_tcgen05_mma_ws=16;ptx_tcgen05_commit=1;ptx_tcgen05_alloc=1;ptx_tcgen05_dealloc=1;ptx_tcgen05_ld=5;ptx_tcgen05_st=5;ptx_mbarrier_wait=5;ptx_cp_async_tma=2;ptx_ld_shared=26;ptx_ld_global=7
07_config_matrix,cfg_bf16_m128n128k16_c256_sw64_fill_use_lastuse_same,1,,NVIDIA Thor,11.0,580.00,13.0,PTX ISA 9.3 / CUDA 13.0,1575.000,,,,bf16,128,128,16,32,128,130,5,fill_use_lastuse,same,2,2,32,1,nocount,sw64,sw64,16,16,16,0,256,0,128,none,0,none,0,4,20,3664480.0,2326.6539682539683,3664478.4,3664482.4000000004,,894.6484375,8192,9.156669431952146,18.459845574815525,18.459833484810666,18.459853634831415,0,0.0,1,bf14b28d2af4128daa99f23eec8a5e105636d0b04136f8be580fdc39d6f1f97d,; UTCHMMA=21;UTCHMMA_WS=16;UTCBAR=1;UTCATOMSWS=3;SYNCS_TRYWAIT=8;LDS=21;LDG=9;ptx_tcgen05_mma=21;ptx_tcgen05_mma_ws=16;ptx_tcgen05_commit=1;ptx_tcgen05_alloc=1;ptx_tcgen05_dealloc=1;ptx_tcgen05_ld=5;ptx_tcgen05_st=5;ptx_mbarrier_wait=5;ptx_cp_async_tma=2;ptx_ld_shared=26;ptx_ld_global=7
07_config_matrix,cfg_fp16_m128n64k16_c128_sw32_fill_use_lastuse_pingpong,1,,NVIDIA Thor,11.0,580.00,13.0,PTX ISA 9.3 / CUDA 13.0,1575.000,,,,fp16,128,64,16,32,128,131,5,fill_use_lastuse,pingpong,2,2,32,1,nocount,sw32,sw32,16,16,16,0,128,0,64,none,0,none,0,4,20,3488014.0,2214.6120634920635,3488012.2,3488017.2,,851.56591796875,6144,7.214943518001935,9.696884088194599,9.6968751920153,9.696889092304781,0,0.0,1,bf14b28d2af4128daa99f23eec8a5e105636d0b04136f8be580fdc39d6f1f97d,; UTCHMMA=21;UTCHMMA_WS=16;UTCBAR=1;UTCATOMSWS=3;SYNCS_TRYWAIT=8;LDS=21;LDG=9;ptx_tcgen05_mma=21;ptx_tcgen05_mma_ws=16;ptx_tcgen05_commit=1;ptx_tcgen05_alloc=1;ptx_tcgen05_dealloc=1;ptx_tcgen05_ld=5;ptx_tcgen05_st=5;ptx_mbarrier_wait=5;ptx_cp_async_tma=2;ptx_ld_shared=26;ptx_ld_global=7
07_config_matrix,cfg_fp16_m128n64k16_c512_none_fill_use_lastuse_same,0,max_abs_error>0.05,NVIDIA Thor,11.0,580.00,13.0,PTX ISA 9.3 / CUDA 13.0,1575.000,,,,fp16,128,64,16,32,128,132,5,fill_use_lastuse,same,8,8,32,1,nocount,none,none,16,16,16,0,512,0,64,none,0,none,0,4,20,3779300.0,2399.555555555555,,,,,6144,,8.94950584923134,,,0,0.83203125,1,bf14b28d2af4128daa99f23eec8a5e105636d0b04136f8be580fdc39d6f1f97d,; UTCHMMA=21;UTCHMMA_WS=16;UTCBAR=1;UTCATOMSWS=3;SYNCS_TRYWAIT=8;LDS=21;LDG=9;ptx_tcgen05_mma=21;ptx_tcgen05_mma_ws=16;ptx_tcgen05_commit=1;ptx_tcgen05_alloc=1;ptx_tcgen05_dealloc=1;ptx_tcgen05_ld=5;ptx_tcgen05_st=5;ptx_mbarrier_wait=5;ptx_cp_async_tma=2;ptx_ld_shared=26;ptx_ld_global=7
07_config_matrix,cfg_fp16_m128n128k16_c128_sw32_fill_use_lastuse_pingpong,1,,NVIDIA Thor,11.0,580.00,13.0,PTX ISA 9.3 / CUDA 13.0,1575.000,,,,fp16,128,128,16,32,128,133,5,fill_use_lastuse,pingpong,1,1,32,1,nocount,sw32,sw32,16,16,16,0,128,0,128,none,0,none,0,4,20,2991998.0,1899.6812698412698,2991991.0,2992002.0,,730.46826171875,8192,11.214724074013418,22.60888373321105,22.608853507466023,22.608936628546463,0,0.0,1,bf14b28d2af4128daa99f23eec8a5e105636d0b04136f8be580fdc39d6f1f97d,; UTCHMMA=21;UTCHMMA_WS=16;UTCBAR=1;UTCATOMSWS=3;SYNCS_TRYWAIT=8;LDS=21;LDG=9;ptx_tcgen05_mma=21;ptx_tcgen05_mma_ws=16;ptx_tcgen05_commit=1;ptx_tcgen05_alloc=1;ptx_tcgen05_dealloc=1;ptx_tcgen05_ld=5;ptx_tcgen05_st=5;ptx_mbarrier_wait=5;ptx_cp_async_tma=2;ptx_ld_shared=26;ptx_ld_global=7
07_config_matrix,cfg_bf16_m128n64k16_c512_sw128_discard_same,1,,NVIDIA Thor,11.0,580.00,13.0,PTX ISA 9.3 / CUDA 13.0,1575.000,,,,bf16,128,64,16,32,128,134,5,discard,same,8,8,32,1,nocount,sw128,sw128,16,16,16,0,512,0,64,none,0,none,0,4,20,3678616.0,2335.6292063492065,3678580.0,3678617.5999999996,,898.099609375,6144,6.841111983419851,9.19445450571628,9.194450506625259,9.194544486203913,0,0.0,1,bf14b28d2af4128daa99f23eec8a5e105636d0b04136f8be580fdc39d6f1f97d,; UTCHMMA=21;UTCHMMA_WS=16;UTCBAR=1;UTCATOMSWS=3;SYNCS_TRYWAIT=8;LDS=21;LDG=9;ptx_tcgen05_mma=21;ptx_tcgen05_mma_ws=16;ptx_tcgen05_commit=1;ptx_tcgen05_alloc=1;ptx_tcgen05_dealloc=1;ptx_tcgen05_ld=5;ptx_tcgen05_st=5;ptx_mbarrier_wait=5;ptx_cp_async_tma=2;ptx_ld_shared=26;ptx_ld_global=7
07_config_matrix,cfg_bf16_m128n256k16_c512_sw64_fill_use_lastuse_same,1,,NVIDIA Thor,11.0,580.00,13.0,PTX ISA 9.3 / CUDA 13.0,1575.000,,,,bf16,128,256,16,32,128,135,5,fill_use_lastuse,same,2,2,32,1,nocount,sw64,sw64,16,16,16,0,512,0,256,none,0,none,0,4,20,3664478.0,2326.6526984126986,3664473.8,3664480.8,,894.64794921875,12288,13.73501164422327,36.91971129967215,36.919683089626716,36.91975361483269,0,0.0,1,bf14b28d2af4128daa99f23eec8a5e105636d0b04136f8be580fdc39d6f1f97d,; UTCHMMA=21;UTCHMMA_WS=16;UTCBAR=1;UTCATOMSWS=3;SYNCS_TRYWAIT=8;LDS=21;LDG=9;ptx_tcgen05_mma=21;ptx_tcgen05_mma_ws=16;ptx_tcgen05_commit=1;ptx_tcgen05_alloc=1;ptx_tcgen05_dealloc=1;ptx_tcgen05_ld=5;ptx_tcgen05_st=5;ptx_mbarrier_wait=5;ptx_cp_async_tma=2;ptx_ld_shared=26;ptx_ld_global=7
07_config_matrix,cfg_bf16_m128n64k16_c512_sw64_fill_use_lastuse_same,1,,NVIDIA Thor,11.0,580.00,13.0,PTX ISA 9.3 / CUDA 13.0,1575.000,,,,bf16,128,64,16,32,128,136,5,fill_use_lastuse,same,8,8,32,1,nocount,sw64,sw64,16,16,16,0,512,0,64,none,0,none,0,4,20,3664477.0,2326.6520634920635,3664471.4,3664479.8,,894.647705078125,6144,6.867507696186932,9.229930343675237,9.229923291160027,9.229944448746895,0,0.0,1,bf14b28d2af4128daa99f23eec8a5e105636d0b04136f8be580fdc39d6f1f97d,; UTCHMMA=21;UTCHMMA_WS=16;UTCBAR=1;UTCATOMSWS=3;SYNCS_TRYWAIT=8;LDS=21;LDG=9;ptx_tcgen05_mma=21;ptx_tcgen05_mma_ws=16;ptx_tcgen05_commit=1;ptx_tcgen05_alloc=1;ptx_tcgen05_dealloc=1;ptx_tcgen05_ld=5;ptx_tcgen05_st=5;ptx_mbarrier_wait=5;ptx_cp_async_tma=2;ptx_ld_shared=26;ptx_ld_global=7
07_config_matrix,cfg_fp16_m128n256k16_c512_sw128_fill_use_lastuse_pingpong,1,,NVIDIA Thor,11.0,580.00,13.0,PTX ISA 9.3 / CUDA 13.0,1575.000,,,,fp16,128,256,16,32,128,137,5,fill_use_lastuse,pingpong,2,2,32,1,nocount,sw128,sw128,16,16,16,0,512,0,256,none,0,none,0,4,20,3778468.0,2399.0273015873017,3778260.2,3778487.4000000004,,922.4775390625,12288,13.320649533091188,35.80590594494912,35.80572210567229,35.80787526446933,0,0.0,1,bf14b28d2af4128daa99f23eec8a5e105636d0b04136f8be580fdc39d6f1f97d,; UTCHMMA=21;UTCHMMA_WS=16;UTCBAR=1;UTCATOMSWS=3;SYNCS_TRYWAIT=8;LDS=21;LDG=9;ptx_tcgen05_mma=21;ptx_tcgen05_mma_ws=16;ptx_tcgen05_commit=1;ptx_tcgen05_alloc=1;ptx_tcgen05_dealloc=1;ptx_tcgen05_ld=5;ptx_tcgen05_st=5;ptx_mbarrier_wait=5;ptx_cp_async_tma=2;ptx_ld_shared=26;ptx_ld_global=7
07_config_matrix,cfg_fp16_m128n128k16_c256_sw128_fill_use_lastuse_same,1,,NVIDIA Thor,11.0,580.00,13.0,PTX ISA 9.3 / CUDA 13.0,1575.000,,,,fp16,128,128,16,32,128,138,5,fill_use_lastuse,same,2,2,32,1,nocount,sw128,sw128,16,16,16,0,256,0,128,none,0,none,0,4,20,3779411.0,2399.626031746032,3779407.4,3779419.5999999996,,922.707763671875,8192,8.87821726718793,17.898486010650867,17.898445282984962,17.89850305950111,0,0.0,1,bf14b28d2af4128daa99f23eec8a5e105636d0b04136f8be580fdc39d6f1f97d,; UTCHMMA=21;UTCHMMA_WS=16;UTCBAR=1;UTCATOMSWS=3;SYNCS_TRYWAIT=8;LDS=21;LDG=9;ptx_tcgen05_mma=21;ptx_tcgen05_mma_ws=16;ptx_tcgen05_commit=1;ptx_tcgen05_alloc=1;ptx_tcgen05_dealloc=1;ptx_tcgen05_ld=5;ptx_tcgen05_st=5;ptx_mbarrier_wait=5;ptx_cp_async_tma=2;ptx_ld_shared=26;ptx_ld_global=7
07_config_matrix,cfg_bf16_m128n128k16_c128_sw32_fill_use_lastuse_pingpong,1,,NVIDIA Thor,11.0,580.00,13.0,PTX ISA 9.3 / CUDA 13.0,1575.000,,,,bf16,128,128,16,32,128,139,5,fill_use_lastuse,pingpong,1,1,32,1,nocount,sw32,sw32,16,16,16,0,128,0,128,none,0,none,0,4,20,2992003.0,1899.6844444444444,2991997.5999999996,2992004.0,,730.469482421875,8192,11.214705332848931,22.608845951023444,22.60883839460108,22.608886755801215,0,0.0,1,bf14b28d2af4128daa99f23eec8a5e105636d0b04136f8be580fdc39d6f1f97d,; UTCHMMA=21;UTCHMMA_WS=16;UTCBAR=1;UTCATOMSWS=3;SYNCS_TRYWAIT=8;LDS=21;LDG=9;ptx_tcgen05_mma=21;ptx_tcgen05_mma_ws=16;ptx_tcgen05_commit=1;ptx_tcgen05_alloc=1;ptx_tcgen05_dealloc=1;ptx_tcgen05_ld=5;ptx_tcgen05_st=5;ptx_mbarrier_wait=5;ptx_cp_async_tma=2;ptx_ld_shared=26;ptx_ld_global=7
07_config_matrix,cfg_fp16_m128n256k16_c256_sw64_discard_same,1,,NVIDIA Thor,11.0,580.00,13.0,PTX ISA 9.3 / CUDA 13.0,1575.000,,,,fp16,128,256,16,32,128,140,5,discard,same,1,1,32,1,nocount,sw64,sw64,16,16,16,0,256,0,256,none,0,none,0,4,20,3068261.0,1948.102222222222,3067761.0,3068262.2,,749.087158203125,12288,16.403965633953565,44.093859624067186,44.093842378925046,44.101046275797316,0,0.0,1,bf14b28d2af4128daa99f23eec8a5e105636d0b04136f8be580fdc39d6f1f97d,; UTCHMMA=21;UTCHMMA_WS=16;UTCBAR=1;UTCATOMSWS=3;SYNCS_TRYWAIT=8;LDS=21;LDG=9;ptx_tcgen05_mma=21;ptx_tcgen05_mma_ws=16;ptx_tcgen05_commit=1;ptx_tcgen05_alloc=1;ptx_tcgen05_dealloc=1;ptx_tcgen05_ld=5;ptx_tcgen05_st=5;ptx_mbarrier_wait=5;ptx_cp_async_tma=2;ptx_ld_shared=26;ptx_ld_global=7
07_config_matrix,cfg_bf16_m128n256k16_c256_sw32_fill_use_lastuse_pingpong,1,,NVIDIA Thor,11.0,580.00,13.0,PTX ISA 9.3 / CUDA 13.0,1575.000,,,,bf16,128,256,16,32,128,141,5,fill_use_lastuse,pingpong,1,1,32,1,nocount,sw32,sw32,16,16,16,0,256,0,256,none,0,none,0,4,20,2991483.0,1899.3542857142859,2991481.4,2991483.0,,730.342529296875,12288,16.82498212425075,45.225551949986006,45.225551949986006,45.225576138967014,0,0.0,1,bf14b28d2af4128daa99f23eec8a5e105636d0b04136f8be580fdc39d6f1f97d,; UTCHMMA=21;UTCHMMA_WS=16;UTCBAR=1;UTCATOMSWS=3;SYNCS_TRYWAIT=8;LDS=21;LDG=9;ptx_tcgen05_mma=21;ptx_tcgen05_mma_ws=16;ptx_tcgen05_commit=1;ptx_tcgen05_alloc=1;ptx_tcgen05_dealloc=1;ptx_tcgen05_ld=5;ptx_tcgen05_st=5;ptx_mbarrier_wait=5;ptx_cp_async_tma=2;ptx_ld_shared=26;ptx_ld_global=7
07_config_matrix,cfg_fp16_m128n64k16_c512_sw32_discard_pingpong,1,,NVIDIA Thor,11.0,580.00,13.0,PTX ISA 9.3 / CUDA 13.0,1575.000,,,,fp16,128,64,16,32,128,142,5,discard,pingpong,8,8,32,1,nocount,sw32,sw32,16,16,16,0,512,0,64,none,0,none,0,4,20,3387483.0,2150.782857142857,3387375.6,3387486.5999999996,,827.022216796875,6144,7.429062817437018,9.984660426635351,9.984649815589147,9.98497699989671,0,0.0,1,bf14b28d2af4128daa99f23eec8a5e105636d0b04136f8be580fdc39d6f1f97d,; UTCHMMA=21;UTCHMMA_WS=16;UTCBAR=1;UTCATOMSWS=3;SYNCS_TRYWAIT=8;LDS=21;LDG=9;ptx_tcgen05_mma=21;ptx_tcgen05_mma_ws=16;ptx_tcgen05_commit=1;ptx_tcgen05_alloc=1;ptx_tcgen05_dealloc=1;ptx_tcgen05_ld=5;ptx_tcgen05_st=5;ptx_mbarrier_wait=5;ptx_cp_async_tma=2;ptx_ld_shared=26;ptx_ld_global=7
07_config_matrix,cfg_bf16_m128n64k16_c128_none_discard_same,0,max_abs_error>0.25,NVIDIA Thor,11.0,580.00,13.0,PTX ISA 9.3 / CUDA 13.0,1575.000,,,,bf16,128,64,16,32,128,143,5,discard,same,2,2,32,1,nocount,none,none,16,16,16,0,128,0,64,none,0,none,0,4,20,3678955.0,2335.8444444444444,,,,,6144,,9.193607275979184,,,0,0.83203125,1,bf14b28d2af4128daa99f23eec8a5e105636d0b04136f8be580fdc39d6f1f97d,; UTCHMMA=21;UTCHMMA_WS=16;UTCBAR=1;UTCATOMSWS=3;SYNCS_TRYWAIT=8;LDS=21;LDG=9;ptx_tcgen05_mma=21;ptx_tcgen05_mma_ws=16;ptx_tcgen05_commit=1;ptx_tcgen05_alloc=1;ptx_tcgen05_dealloc=1;ptx_tcgen05_ld=5;ptx_tcgen05_st=5;ptx_mbarrier_wait=5;ptx_cp_async_tma=2;ptx_ld_shared=26;ptx_ld_global=7
07_config_matrix,cfg_fp16_m128n64k16_c512_sw128_discard_pingpong,1,,NVIDIA Thor,11.0,580.00,13.0,PTX ISA 9.3 / CUDA 13.0,1575.000,,,,fp16,128,64,16,32,128,144,5,discard,pingpong,8,8,32,1,nocount,sw128,sw128,16,16,16,0,512,0,64,none,0,none,0,4,20,3678583.0,2335.608253968254,3678580.0,3678619.4000000004,,898.091552734375,6144,6.841173353978964,9.194536987747728,9.194446007654284,9.194544486187606,0,0.0,1,bf14b28d2af4128daa99f23eec8a5e105636d0b04136f8be580fdc39d6f1f97d,; UTCHMMA=21;UTCHMMA_WS=16;UTCBAR=1;UTCATOMSWS=3;SYNCS_TRYWAIT=8;LDS=21;LDG=9;ptx_tcgen05_mma=21;ptx_tcgen05_mma_ws=16;ptx_tcgen05_commit=1;ptx_tcgen05_alloc=1;ptx_tcgen05_dealloc=1;ptx_tcgen05_ld=5;ptx_tcgen05_st=5;ptx_mbarrier_wait=5;ptx_cp_async_tma=2;ptx_ld_shared=26;ptx_ld_global=7
07_config_matrix,cfg_bf16_m128n128k16_c512_sw128_fill_use_lastuse_same,1,,NVIDIA Thor,11.0,580.00,13.0,PTX ISA 9.3 / CUDA 13.0,1575.000,,,,bf16,128,128,16,32,128,145,5,fill_use_lastuse,same,4,4,32,1,nocount,sw128,sw128,16,16,16,0,512,0,128,none,0,none,0,4,20,3779417.0,2399.6298412698416,3779415.0,3779420.2,,922.709228515625,8192,8.878203172605723,17.898457595973134,17.898442441516437,17.898467067522354,0,0.0,1,bf14b28d2af4128daa99f23eec8a5e105636d0b04136f8be580fdc39d6f1f97d,; UTCHMMA=21;UTCHMMA_WS=16;UTCBAR=1;UTCATOMSWS=3;SYNCS_TRYWAIT=8;LDS=21;LDG=9;ptx_tcgen05_mma=21;ptx_tcgen05_mma_ws=16;ptx_tcgen05_commit=1;ptx_tcgen05_alloc=1;ptx_tcgen05_dealloc=1;ptx_tcgen05_ld=5;ptx_tcgen05_st=5;ptx_mbarrier_wait=5;ptx_cp_async_tma=2;ptx_ld_shared=26;ptx_ld_global=7
07_config_matrix,cfg_fp16_m128n128k16_c128_sw128_fill_use_lastuse_pingpong,1,,NVIDIA Thor,11.0,580.00,13.0,PTX ISA 9.3 / CUDA 13.0,1575.000,,,,fp16,128,128,16,32,128,146,5,fill_use_lastuse,pingpong,1,1,32,1,nocount,sw128,sw128,16,16,16,0,128,0,128,none,0,none,0,4,20,3281366.0,2083.4069841269843,3281363.4,3282395.6,,801.11474609375,8192,10.225751104875226,20.615114227428453,20.608647815638523,20.615130561888243,0,0.0,1,bf14b28d2af4128daa99f23eec8a5e105636d0b04136f8be580fdc39d6f1f97d,; UTCHMMA=21;UTCHMMA_WS=16;UTCBAR=1;UTCATOMSWS=3;SYNCS_TRYWAIT=8;LDS=21;LDG=9;ptx_tcgen05_mma=21;ptx_tcgen05_mma_ws=16;ptx_tcgen05_commit=1;ptx_tcgen05_alloc=1;ptx_tcgen05_dealloc=1;ptx_tcgen05_ld=5;ptx_tcgen05_st=5;ptx_mbarrier_wait=5;ptx_cp_async_tma=2;ptx_ld_shared=26;ptx_ld_global=7
07_config_matrix,cfg_fp16_m128n128k16_c256_none_fill_use_lastuse_pingpong,0,max_abs_error>0.05,NVIDIA Thor,11.0,580.00,13.0,PTX ISA 9.3 / CUDA 13.0,1575.000,,,,fp16,128,128,16,32,128,147,5,fill_use_lastuse,pingpong,2,2,32,1,nocount,none,none,16,16,16,0,256,0,128,none,0,none,0,4,20,3779410.0,2399.625396825397,,,,,8192,,17.89849074643926,,,0,0.83203125,1,bf14b28d2af4128daa99f23eec8a5e105636d0b04136f8be580fdc39d6f1f97d,; UTCHMMA=21;UTCHMMA_WS=16;UTCBAR=1;UTCATOMSWS=3;SYNCS_TRYWAIT=8;LDS=21;LDG=9;ptx_tcgen05_mma=21;ptx_tcgen05_mma_ws=16;ptx_tcgen05_commit=1;ptx_tcgen05_alloc=1;ptx_tcgen05_dealloc=1;ptx_tcgen05_ld=5;ptx_tcgen05_st=5;ptx_mbarrier_wait=5;ptx_cp_async_tma=2;ptx_ld_shared=26;ptx_ld_global=7
07_config_matrix,cfg_fp16_m128n64k16_c256_sw128_discard_same,1,,NVIDIA Thor,11.0,580.00,13.0,PTX ISA 9.3 / CUDA 13.0,1575.000,,,,fp16,128,64,16,32,128,148,5,discard,same,4,4,32,1,nocount,sw128,sw128,16,16,16,0,256,0,64,none,0,none,0,4,20,3678581.0,2335.606984126984,3678580.0,3678626.6000000006,,898.091064453125,6144,6.841177073442178,9.194541986706287,9.194428011821744,9.194544486187606,0,0.0,1,bf14b28d2af4128daa99f23eec8a5e105636d0b04136f8be580fdc39d6f1f97d,; UTCHMMA=21;UTCHMMA_WS=16;UTCBAR=1;UTCATOMSWS=3;SYNCS_TRYWAIT=8;LDS=21;LDG=9;ptx_tcgen05_mma=21;ptx_tcgen05_mma_ws=16;ptx_tcgen05_commit=1;ptx_tcgen05_alloc=1;ptx_tcgen05_dealloc=1;ptx_tcgen05_ld=5;ptx_tcgen05_st=5;ptx_mbarrier_wait=5;ptx_cp_async_tma=2;ptx_ld_shared=26;ptx_ld_global=7
07_config_matrix,cfg_bf16_m128n128k16_c128_sw64_discard_pingpong,1,,NVIDIA Thor,11.0,580.00,13.0,PTX ISA 9.3 / CUDA 13.0,1575.000,,,,bf16,128,128,16,32,128,149,5,discard,pingpong,1,1,32,1,nocount,sw64,sw64,16,16,16,0,128,0,128,none,0,none,0,4,20,3067585.0,1947.6730158730159,3067574.4000000004,3067587.4000000004,,748.922119140625,8192,10.938387037360007,22.05178826731778,22.05177101458547,22.051864467392107,0,0.0,1,bf14b28d2af4128daa99f23eec8a5e105636d0b04136f8be580fdc39d6f1f97d,; UTCHMMA=21;UTCHMMA_WS=16;UTCBAR=1;UTCATOMSWS=3;SYNCS_TRYWAIT=8;LDS=21;LDG=9;ptx_tcgen05_mma=21;ptx_tcgen05_mma_ws=16;ptx_tcgen05_commit=1;ptx_tcgen05_alloc=1;ptx_tcgen05_dealloc=1;ptx_tcgen05_ld=5;ptx_tcgen05_st=5;ptx_mbarrier_wait=5;ptx_cp_async_tma=2;ptx_ld_shared=26;ptx_ld_global=7
07_config_matrix,cfg_fp16_m128n128k16_c128_sw64_fill_use_lastuse_pingpong,1,,NVIDIA Thor,11.0,580.00,13.0,PTX ISA 9.3 / CUDA 13.0,1575.000,,,,fp16,128,128,16,32,128,150,5,fill_use_lastuse,pingpong,1,1,32,1,nocount,sw64,sw64,16,16,16,0,128,0,128,none,0,none,0,4,20,3168617.0,2011.8203174603173,3168611.0,3168622.8,,773.588134765625,8192,10.589614333319552,21.348662495972217,21.348623418383372,21.348702921261214,0,0.0,1,bf14b28d2af4128daa99f23eec8a5e105636d0b04136f8be580fdc39d6f1f97d,; UTCHMMA=21;UTCHMMA_WS=16;UTCBAR=1;UTCATOMSWS=3;SYNCS_TRYWAIT=8;LDS=21;LDG=9;ptx_tcgen05_mma=21;ptx_tcgen05_mma_ws=16;ptx_tcgen05_commit=1;ptx_tcgen05_alloc=1;ptx_tcgen05_dealloc=1;ptx_tcgen05_ld=5;ptx_tcgen05_st=5;ptx_mbarrier_wait=5;ptx_cp_async_tma=2;ptx_ld_shared=26;ptx_ld_global=7
07_config_matrix,cfg_fp16_m128n256k16_c512_sw64_discard_same,1,,NVIDIA Thor,11.0,580.00,13.0,PTX ISA 9.3 / CUDA 13.0,1575.000,,,,fp16,128,256,16,32,128,151,5,discard,same,2,2,32,1,nocount,sw64,sw64,16,16,16,0,512,0,256,none,0,none,0,4,20,3562235.0,2261.7365079365077,3562229.0,3562240.0,,869.686279296875,12288,14.129232911360424,37.97937806573682,37.979324757455984,37.97944203587136,0,0.0,1,bf14b28d2af4128daa99f23eec8a5e105636d0b04136f8be580fdc39d6f1f97d,; UTCHMMA=21;UTCHMMA_WS=16;UTCBAR=1;UTCATOMSWS=3;SYNCS_TRYWAIT=8;LDS=21;LDG=9;ptx_tcgen05_mma=21;ptx_tcgen05_mma_ws=16;ptx_tcgen05_commit=1;ptx_tcgen05_alloc=1;ptx_tcgen05_dealloc=1;ptx_tcgen05_ld=5;ptx_tcgen05_st=5;ptx_mbarrier_wait=5;ptx_cp_async_tma=2;ptx_ld_shared=26;ptx_ld_global=7
07_config_matrix,cfg_fp16_m128n256k16_c256_sw64_fill_use_lastuse_pingpong,1,,NVIDIA Thor,11.0,580.00,13.0,PTX ISA 9.3 / CUDA 13.0,1575.000,,,,fp16,128,256,16,32,128,152,5,fill_use_lastuse,pingpong,1,1,32,1,nocount,sw64,sw64,16,16,16,0,256,0,256,none,0,none,0,4,20,3167860.0,2011.3396825396824,3167856.4,3167860.0,,773.4033203125,12288,15.888217282329396,42.707528054901424,42.707528054901424,42.70757658842001,0,0.0,1,bf14b28d2af4128daa99f23eec8a5e105636d0b04136f8be580fdc39d6f1f97d,; UTCHMMA=21;UTCHMMA_WS=16;UTCBAR=1;UTCATOMSWS=3;SYNCS_TRYWAIT=8;LDS=21;LDG=9;ptx_tcgen05_mma=21;ptx_tcgen05_mma_ws=16;ptx_tcgen05_commit=1;ptx_tcgen05_alloc=1;ptx_tcgen05_dealloc=1;ptx_tcgen05_ld=5;ptx_tcgen05_st=5;ptx_mbarrier_wait=5;ptx_cp_async_tma=2;ptx_ld_shared=26;ptx_ld_global=7
07_config_matrix,cfg_bf16_m128n64k16_c128_sw32_fill_use_lastuse_pingpong,1,,NVIDIA Thor,11.0,580.00,13.0,PTX ISA 9.3 / CUDA 13.0,1575.000,,,,bf16,128,64,16,32,128,153,5,fill_use_lastuse,pingpong,2,2,32,1,nocount,sw32,sw32,16,16,16,0,128,0,64,none,0,none,0,4,20,3488016.0,2214.6133333333332,3488012.4000000004,3488016.6,,851.56640625,6144,7.214939381012013,9.696878528080147,9.696876860047245,9.696888536290945,0,0.0,1,bf14b28d2af4128daa99f23eec8a5e105636d0b04136f8be580fdc39d6f1f97d,; UTCHMMA=21;UTCHMMA_WS=16;UTCBAR=1;UTCATOMSWS=3;SYNCS_TRYWAIT=8;LDS=21;LDG=9;ptx_tcgen05_mma=21;ptx_tcgen05_mma_ws=16;ptx_tcgen05_commit=1;ptx_tcgen05_alloc=1;ptx_tcgen05_dealloc=1;ptx_tcgen05_ld=5;ptx_tcgen05_st=5;ptx_mbarrier_wait=5;ptx_cp_async_tma=2;ptx_ld_shared=26;ptx_ld_global=7
07_config_matrix,cfg_bf16_m128n128k16_c512_sw32_discard_same,1,,NVIDIA Thor,11.0,580.00,13.0,PTX ISA 9.3 / CUDA 13.0,1575.000,,,,bf16,128,128,16,32,128,154,5,discard,same,4,4,32,1,nocount,sw32,sw32,16,16,16,0,512,0,128,none,0,none,0,4,20,3387619.0,2150.8692063492067,3387616.4,3387621.8,,827.055419921875,8192,9.90501942514787,19.9685191610981,19.968502656351056,19.968534486962994,0,0.0,1,bf14b28d2af4128daa99f23eec8a5e105636d0b04136f8be580fdc39d6f1f97d,; UTCHMMA=21;UTCHMMA_WS=16;UTCBAR=1;UTCATOMSWS=3;SYNCS_TRYWAIT=8;LDS=21;LDG=9;ptx_tcgen05_mma=21;ptx_tcgen05_mma_ws=16;ptx_tcgen05_commit=1;ptx_tcgen05_alloc=1;ptx_tcgen05_dealloc=1;ptx_tcgen05_ld=5;ptx_tcgen05_st=5;ptx_mbarrier_wait=5;ptx_cp_async_tma=2;ptx_ld_shared=26;ptx_ld_global=7
07_config_matrix,cfg_bf16_m128n256k16_c512_sw128_fill_use_lastuse_same,1,,NVIDIA Thor,11.0,580.00,13.0,PTX ISA 9.3 / CUDA 13.0,1575.000,,,,bf16,128,256,16,32,128,155,5,fill_use_lastuse,same,2,2,32,1,nocount,sw128,sw128,16,16,16,0,512,0,256,none,0,none,0,4,20,3778483.0,2399.0368253968254,3778477.6,3778585.4,,922.481201171875,12288,13.320596652148495,35.80576380097516,35.80479347878526,35.8058149726854,0,0.0,1,bf14b28d2af4128daa99f23eec8a5e105636d0b04136f8be580fdc39d6f1f97d,; UTCHMMA=21;UTCHMMA_WS=16;UTCBAR=1;UTCATOMSWS=3;SYNCS_TRYWAIT=8;LDS=21;LDG=9;ptx_tcgen05_mma=21;ptx_tcgen05_mma_ws=16;ptx_tcgen05_commit=1;ptx_tcgen05_alloc=1;ptx_tcgen05_dealloc=1;ptx_tcgen05_ld=5;ptx_tcgen05_st=5;ptx_mbarrier_wait=5;ptx_cp_async_tma=2;ptx_ld_shared=26;ptx_ld_global=7
07_config_matrix,cfg_bf16_m128n256k16_c512_sw32_fill_use_lastuse_pingpong,1,,NVIDIA Thor,11.0,580.00,13.0,PTX ISA 9.3 / CUDA 13.0,1575.000,,,,bf16,128,256,16,32,128,156,5,fill_use_lastuse,pingpong,2,2,32,1,nocount,sw32,sw32,16,16,16,0,512,0,256,none,0,none,0,4,20,3487736.0,2214.4355555555553,3487734.4,3487736.0,,851.498046875,12288,14.431037211532065,38.79062802459819,38.79062802459819,38.79064581982008,0,0.0,1,bf14b28d2af4128daa99f23eec8a5e105636d0b04136f8be580fdc39d6f1f97d,; UTCHMMA=21;UTCHMMA_WS=16;UTCBAR=1;UTCATOMSWS=3;SYNCS_TRYWAIT=8;LDS=21;LDG=9;ptx_tcgen05_mma=21;ptx_tcgen05_mma_ws=16;ptx_tcgen05_commit=1;ptx_tcgen05_alloc=1;ptx_tcgen05_dealloc=1;ptx_tcgen05_ld=5;ptx_tcgen05_st=5;ptx_mbarrier_wait=5;ptx_cp_async_tma=2;ptx_ld_shared=26;ptx_ld_global=7
07_config_matrix,cfg_fp16_m128n256k16_c512_sw32_fill_use_lastuse_same,1,,NVIDIA Thor,11.0,580.00,13.0,PTX ISA 9.3 / CUDA 13.0,1575.000,,,,fp16,128,256,16,32,128,157,5,fill_use_lastuse,same,2,2,32,1,nocount,sw32,sw32,16,16,16,0,512,0,256,none,0,none,0,4,20,3487733.0,2214.433650793651,3487732.0,3487735.0,,851.497314453125,12288,14.431049624498206,38.79066139065118,38.79063914660948,38.790672512681596,0,0.0,1,bf14b28d2af4128daa99f23eec8a5e105636d0b04136f8be580fdc39d6f1f97d,; UTCHMMA=21;UTCHMMA_WS=16;UTCBAR=1;UTCATOMSWS=3;SYNCS_TRYWAIT=8;LDS=21;LDG=9;ptx_tcgen05_mma=21;ptx_tcgen05_mma_ws=16;ptx_tcgen05_commit=1;ptx_tcgen05_alloc=1;ptx_tcgen05_dealloc=1;ptx_tcgen05_ld=5;ptx_tcgen05_st=5;ptx_mbarrier_wait=5;ptx_cp_async_tma=2;ptx_ld_shared=26;ptx_ld_global=7
07_config_matrix,cfg_bf16_m128n128k16_c512_sw128_fill_use_lastuse_pingpong,1,,NVIDIA Thor,11.0,580.00,13.0,PTX ISA 9.3 / CUDA 13.0,1575.000,,,,bf16,128,128,16,32,128,158,5,fill_use_lastuse,pingpong,4,4,32,1,nocount,sw128,sw128,16,16,16,0,512,0,128,none,0,none,0,4,20,3779417.0,2399.6298412698416,3779415.8,3779417.5999999996,,922.709228515625,8192,8.878203172605723,17.898457595973134,17.898454754510624,17.898463278902664,0,0.0,1,bf14b28d2af4128daa99f23eec8a5e105636d0b04136f8be580fdc39d6f1f97d,; UTCHMMA=21;UTCHMMA_WS=16;UTCBAR=1;UTCATOMSWS=3;SYNCS_TRYWAIT=8;LDS=21;LDG=9;ptx_tcgen05_mma=21;ptx_tcgen05_mma_ws=16;ptx_tcgen05_commit=1;ptx_tcgen05_alloc=1;ptx_tcgen05_dealloc=1;ptx_tcgen05_ld=5;ptx_tcgen05_st=5;ptx_mbarrier_wait=5;ptx_cp_async_tma=2;ptx_ld_shared=26;ptx_ld_global=7
07_config_matrix,cfg_bf16_m128n64k16_c128_sw32_discard_same,1,,NVIDIA Thor,11.0,580.00,13.0,PTX ISA 9.3 / CUDA 13.0,1575.000,,,,bf16,128,64,16,32,128,159,5,discard,same,2,2,32,1,nocount,sw32,sw32,16,16,16,0,128,0,64,none,0,none,0,4,20,3387397.0,2150.728253968254,3387374.4,3387485.2,,827.001220703125,6144,7.429251428161506,9.984913919449063,9.984653942105144,9.984980537138354,0,0.0,1,bf14b28d2af4128daa99f23eec8a5e105636d0b04136f8be580fdc39d6f1f97d,; UTCHMMA=21;UTCHMMA_WS=16;UTCBAR=1;UTCATOMSWS=3;SYNCS_TRYWAIT=8;LDS=21;LDG=9;ptx_tcgen05_mma=21;ptx_tcgen05_mma_ws=16;ptx_tcgen05_commit=1;ptx_tcgen05_alloc=1;ptx_tcgen05_dealloc=1;ptx_tcgen05_ld=5;ptx_tcgen05_st=5;ptx_mbarrier_wait=5;ptx_cp_async_tma=2;ptx_ld_shared=26;ptx_ld_global=7
07_config_matrix,cfg_fp16_m128n128k16_c128_none_discard_same,0,max_abs_error>0.05,NVIDIA Thor,11.0,580.00,13.0,PTX ISA 9.3 / CUDA 13.0,1575.000,,,,fp16,128,128,16,32,128,160,5,discard,same,1,1,32,1,nocount,none,none,16,16,16,0,128,0,128,none,0,none,0,4,20,3181152.0,2019.7790476190478,,,,,8192,,21.26454030238102,,,0,0.83203125,1,bf14b28d2af4128daa99f23eec8a5e105636d0b04136f8be580fdc39d6f1f97d,; UTCHMMA=21;UTCHMMA_WS=16;UTCBAR=1;UTCATOMSWS=3;SYNCS_TRYWAIT=8;LDS=21;LDG=9;ptx_tcgen05_mma=21;ptx_tcgen05_mma_ws=16;ptx_tcgen05_commit=1;ptx_tcgen05_alloc=1;ptx_tcgen05_dealloc=1;ptx_tcgen05_ld=5;ptx_tcgen05_st=5;ptx_mbarrier_wait=5;ptx_cp_async_tma=2;ptx_ld_shared=26;ptx_ld_global=7
07_config_matrix,cfg_fp16_m128n64k16_c128_none_fill_use_lastuse_pingpong,0,max_abs_error>0.05,NVIDIA Thor,11.0,580.00,13.0,PTX ISA 9.3 / CUDA 13.0,1575.000,,,,fp16,128,64,16,32,128,161,5,fill_use_lastuse,pingpong,2,2,32,1,nocount,none,none,16,16,16,0,128,0,64,none,0,none,0,4,20,3779303.0,2399.5574603174605,,,,,6144,,8.949498745138984,,,0,0.83203125,1,bf14b28d2af4128daa99f23eec8a5e105636d0b04136f8be580fdc39d6f1f97d,; UTCHMMA=21;UTCHMMA_WS=16;UTCBAR=1;UTCATOMSWS=3;SYNCS_TRYWAIT=8;LDS=21;LDG=9;ptx_tcgen05_mma=21;ptx_tcgen05_mma_ws=16;ptx_tcgen05_commit=1;ptx_tcgen05_alloc=1;ptx_tcgen05_dealloc=1;ptx_tcgen05_ld=5;ptx_tcgen05_st=5;ptx_mbarrier_wait=5;ptx_cp_async_tma=2;ptx_ld_shared=26;ptx_ld_global=7
07_config_matrix,cfg_fp16_m128n128k16_c256_none_discard_same,0,max_abs_error>0.05,NVIDIA Thor,11.0,580.00,13.0,PTX ISA 9.3 / CUDA 13.0,1575.000,,,,fp16,128,128,16,32,128,162,5,discard,same,2,2,32,1,nocount,none,none,16,16,16,0,256,0,128,none,0,none,0,4,20,3678959.0,2335.8469841269844,,,,,8192,,18.387194560200317,,,0,0.83203125,1,bf14b28d2af4128daa99f23eec8a5e105636d0b04136f8be580fdc39d6f1f97d,; UTCHMMA=21;UTCHMMA_WS=16;UTCBAR=1;UTCATOMSWS=3;SYNCS_TRYWAIT=8;LDS=21;LDG=9;ptx_tcgen05_mma=21;ptx_tcgen05_mma_ws=16;ptx_tcgen05_commit=1;ptx_tcgen05_alloc=1;ptx_tcgen05_dealloc=1;ptx_tcgen05_ld=5;ptx_tcgen05_st=5;ptx_mbarrier_wait=5;ptx_cp_async_tma=2;ptx_ld_shared=26;ptx_ld_global=7
07_config_matrix,cfg_fp16_m128n64k16_c256_none_discard_pingpong,0,max_abs_error>0.05,NVIDIA Thor,11.0,580.00,13.0,PTX ISA 9.3 / CUDA 13.0,1575.000,,,,fp16,128,64,16,32,128,163,5,discard,pingpong,4,4,32,1,nocount,none,none,16,16,16,0,256,0,64,none,0,none,0,4,20,3678622.0,2335.6330158730157,,,,,6144,,9.194439509142283,,,0,0.83203125,1,bf14b28d2af4128daa99f23eec8a5e105636d0b04136f8be580fdc39d6f1f97d,; UTCHMMA=21;UTCHMMA_WS=16;UTCBAR=1;UTCATOMSWS=3;SYNCS_TRYWAIT=8;LDS=21;LDG=9;ptx_tcgen05_mma=21;ptx_tcgen05_mma_ws=16;ptx_tcgen05_commit=1;ptx_tcgen05_alloc=1;ptx_tcgen05_dealloc=1;ptx_tcgen05_ld=5;ptx_tcgen05_st=5;ptx_mbarrier_wait=5;ptx_cp_async_tma=2;ptx_ld_shared=26;ptx_ld_global=7
07_config_matrix,cfg_fp16_m128n256k16_c256_sw128_discard_same,1,,NVIDIA Thor,11.0,580.00,13.0,PTX ISA 9.3 / CUDA 13.0,1575.000,,,,fp16,128,256,16,32,128,164,5,discard,same,1,1,32,1,nocount,sw128,sw128,16,16,16,0,256,0,256,none,0,none,0,4,20,3181543.0,2020.0273015873017,3181541.0,3181690.4,,776.743896484375,12288,15.81988613700962,42.52385393628186,42.52188396927755,42.52388066789018,0,0.0,1,bf14b28d2af4128daa99f23eec8a5e105636d0b04136f8be580fdc39d6f1f97d,; UTCHMMA=21;UTCHMMA_WS=16;UTCBAR=1;UTCATOMSWS=3;SYNCS_TRYWAIT=8;LDS=21;LDG=9;ptx_tcgen05_mma=21;ptx_tcgen05_mma_ws=16;ptx_tcgen05_commit=1;ptx_tcgen05_alloc=1;ptx_tcgen05_dealloc=1;ptx_tcgen05_ld=5;ptx_tcgen05_st=5;ptx_mbarrier_wait=5;ptx_cp_async_tma=2;ptx_ld_shared=26;ptx_ld_global=7
07_config_matrix,cfg_fp16_m128n64k16_c512_none_discard_pingpong,0,max_abs_error>0.05,NVIDIA Thor,11.0,580.00,13.0,PTX ISA 9.3 / CUDA 13.0,1575.000,,,,fp16,128,64,16,32,128,165,5,discard,pingpong,8,8,32,1,nocount,none,none,16,16,16,0,512,0,64,none,0,none,0,4,20,3678584.0,2335.608888888889,,,,,6144,,9.194534488270486,,,0,0.83203125,1,bf14b28d2af4128daa99f23eec8a5e105636d0b04136f8be580fdc39d6f1f97d,; UTCHMMA=21;UTCHMMA_WS=16;UTCBAR=1;UTCATOMSWS=3;SYNCS_TRYWAIT=8;LDS=21;LDG=9;ptx_tcgen05_mma=21;ptx_tcgen05_mma_ws=16;ptx_tcgen05_commit=1;ptx_tcgen05_alloc=1;ptx_tcgen05_dealloc=1;ptx_tcgen05_ld=5;ptx_tcgen05_st=5;ptx_mbarrier_wait=5;ptx_cp_async_tma=2;ptx_ld_shared=26;ptx_ld_global=7
07_config_matrix,cfg_fp16_m128n128k16_c256_sw64_fill_use_lastuse_same,1,,NVIDIA Thor,11.0,580.00,13.0,PTX ISA 9.3 / CUDA 13.0,1575.000,,,,fp16,128,128,16,32,128,166,5,fill_use_lastuse,same,2,2,32,1,nocount,sw64,sw64,16,16,16,0,256,0,128,none,0,none,0,4,20,3664477.0,2326.6520634920635,3664477.0,3664480.1999999997,,894.647705078125,8192,9.156676928249242,18.459860687350474,18.459844567315397,18.459860687350474,0,0.0,1,bf14b28d2af4128daa99f23eec8a5e105636d0b04136f8be580fdc39d6f1f97d,; UTCHMMA=21;UTCHMMA_WS=16;UTCBAR=1;UTCATOMSWS=3;SYNCS_TRYWAIT=8;LDS=21;LDG=9;ptx_tcgen05_mma=21;ptx_tcgen05_mma_ws=16;ptx_tcgen05_commit=1;ptx_tcgen05_alloc=1;ptx_tcgen05_dealloc=1;ptx_tcgen05_ld=5;ptx_tcgen05_st=5;ptx_mbarrier_wait=5;ptx_cp_async_tma=2;ptx_ld_shared=26;ptx_ld_global=7
07_config_matrix,cfg_bf16_m128n128k16_c128_sw128_discard_same,1,,NVIDIA Thor,11.0,580.00,13.0,PTX ISA 9.3 / CUDA 13.0,1575.000,,,,bf16,128,128,16,32,128,167,5,discard,same,1,1,32,1,nocount,sw128,sw128,16,16,16,0,128,0,128,none,0,none,0,4,20,3181152.0,2019.7790476190478,3181151.0,3181521.0,,776.6484375,8192,10.547887054752492,21.26454030238102,21.26207399291094,21.264546986923918,0,0.0,1,bf14b28d2af4128daa99f23eec8a5e105636d0b04136f8be580fdc39d6f1f97d,; UTCHMMA=21;UTCHMMA_WS=16;UTCBAR=1;UTCATOMSWS=3;SYNCS_TRYWAIT=8;LDS=21;LDG=9;ptx_tcgen05_mma=21;ptx_tcgen05_mma_ws=16;ptx_tcgen05_commit=1;ptx_tcgen05_alloc=1;ptx_tcgen05_dealloc=1;ptx_tcgen05_ld=5;ptx_tcgen05_st=5;ptx_mbarrier_wait=5;ptx_cp_async_tma=2;ptx_ld_shared=26;ptx_ld_global=7
07_config_matrix,cfg_fp16_m128n128k16_c512_sw128_fill_use_lastuse_same,1,,NVIDIA Thor,11.0,580.00,13.0,PTX ISA 9.3 / CUDA 13.0,1575.000,,,,fp16,128,128,16,32,128,168,5,fill_use_lastuse,same,4,4,32,1,nocount,sw128,sw128,16,16,16,0,512,0,128,none,0,none,0,4,20,3779416.0,2399.6292063492065,3779413.8,3779416.5999999996,,922.708984375,8192,8.878205521699648,17.898462331746494,17.898459490282477,17.898472750457902,0,0.0,1,bf14b28d2af4128daa99f23eec8a5e105636d0b04136f8be580fdc39d6f1f97d,; UTCHMMA=21;UTCHMMA_WS=16;UTCBAR=1;UTCATOMSWS=3;SYNCS_TRYWAIT=8;LDS=21;LDG=9;ptx_tcgen05_mma=21;ptx_tcgen05_mma_ws=16;ptx_tcgen05_commit=1;ptx_tcgen05_alloc=1;ptx_tcgen05_dealloc=1;ptx_tcgen05_ld=5;ptx_tcgen05_st=5;ptx_mbarrier_wait=5;ptx_cp_async_tma=2;ptx_ld_shared=26;ptx_ld_global=7
07_config_matrix,cfg_fp16_m128n256k16_c256_sw32_fill_use_lastuse_same,1,,NVIDIA Thor,11.0,580.00,13.0,PTX ISA 9.3 / CUDA 13.0,1575.000,,,,fp16,128,256,16,32,128,169,5,fill_use_lastuse,same,1,1,32,1,nocount,sw32,sw32,16,16,16,0,256,0,256,none,0,none,0,4,20,2991482.0,1899.3536507936508,2991479.0,2991482.6,,730.34228515625,12288,16.824987748547375,45.225567068095344,45.22555799722974,45.22561242248399,0,0.0,1,bf14b28d2af4128daa99f23eec8a5e105636d0b04136f8be580fdc39d6f1f97d,; UTCHMMA=21;UTCHMMA_WS=16;UTCBAR=1;UTCATOMSWS=3;SYNCS_TRYWAIT=8;LDS=21;LDG=9;ptx_tcgen05_mma=21;ptx_tcgen05_mma_ws=16;ptx_tcgen05_commit=1;ptx_tcgen05_alloc=1;ptx_tcgen05_dealloc=1;ptx_tcgen05_ld=5;ptx_tcgen05_st=5;ptx_mbarrier_wait=5;ptx_cp_async_tma=2;ptx_ld_shared=26;ptx_ld_global=7
07_config_matrix,cfg_fp16_m128n256k16_c512_sw32_fill_use_lastuse_pingpong,1,,NVIDIA Thor,11.0,580.00,13.0,PTX ISA 9.3 / CUDA 13.0,1575.000,,,,fp16,128,256,16,32,128,170,5,fill_use_lastuse,pingpong,2,2,32,1,nocount,sw32,sw32,16,16,16,0,512,0,256,none,0,none,0,4,20,3487734.0,2214.4342857142856,3487731.4,3487739.4,,851.49755859375,12288,14.431045486840453,38.79065026862714,38.790590209819776,38.79067918590367,0,0.0,1,bf14b28d2af4128daa99f23eec8a5e105636d0b04136f8be580fdc39d6f1f97d,; UTCHMMA=21;UTCHMMA_WS=16;UTCBAR=1;UTCATOMSWS=3;SYNCS_TRYWAIT=8;LDS=21;LDG=9;ptx_tcgen05_mma=21;ptx_tcgen05_mma_ws=16;ptx_tcgen05_commit=1;ptx_tcgen05_alloc=1;ptx_tcgen05_dealloc=1;ptx_tcgen05_ld=5;ptx_tcgen05_st=5;ptx_mbarrier_wait=5;ptx_cp_async_tma=2;ptx_ld_shared=26;ptx_ld_global=7
07_config_matrix,cfg_bf16_m128n64k16_c256_sw128_fill_use_lastuse_same,1,,NVIDIA Thor,11.0,580.00,13.0,PTX ISA 9.3 / CUDA 13.0,1575.000,,,,bf16,128,64,16,32,128,171,5,fill_use_lastuse,same,4,4,32,1,nocount,sw128,sw128,16,16,16,0,256,0,64,none,0,none,0,4,20,3779296.0,2399.553015873016,3779293.8,3779301.0,,922.6796875,6144,6.658865566497041,8.949515321372022,8.94950348120306,8.949520531058546,0,0.0,1,bf14b28d2af4128daa99f23eec8a5e105636d0b04136f8be580fdc39d6f1f97d,; UTCHMMA=21;UTCHMMA_WS=16;UTCBAR=1;UTCATOMSWS=3;SYNCS_TRYWAIT=8;LDS=21;LDG=9;ptx_tcgen05_mma=21;ptx_tcgen05_mma_ws=16;ptx_tcgen05_commit=1;ptx_tcgen05_alloc=1;ptx_tcgen05_dealloc=1;ptx_tcgen05_ld=5;ptx_tcgen05_st=5;ptx_mbarrier_wait=5;ptx_cp_async_tma=2;ptx_ld_shared=26;ptx_ld_global=7
07_config_matrix,cfg_fp16_m128n64k16_c128_sw64_fill_use_lastuse_pingpong,1,,NVIDIA Thor,11.0,580.00,13.0,PTX ISA 9.3 / CUDA 13.0,1575.000,,,,fp16,128,64,16,32,128,172,5,fill_use_lastuse,pingpong,2,2,32,1,nocount,sw64,sw64,16,16,16,0,128,0,64,none,0,none,0,4,20,3664484.0,2326.6565079365078,3664476.0,3664588.8,,894.6494140625,6144,6.867494577681333,9.229912712403712,9.22964875513603,9.229932862450307,0,0.0,1,bf14b28d2af4128daa99f23eec8a5e105636d0b04136f8be580fdc39d6f1f97d,; UTCHMMA=21;UTCHMMA_WS=16;UTCBAR=1;UTCATOMSWS=3;SYNCS_TRYWAIT=8;LDS=21;LDG=9;ptx_tcgen05_mma=21;ptx_tcgen05_mma_ws=16;ptx_tcgen05_commit=1;ptx_tcgen05_alloc=1;ptx_tcgen05_dealloc=1;ptx_tcgen05_ld=5;ptx_tcgen05_st=5;ptx_mbarrier_wait=5;ptx_cp_async_tma=2;ptx_ld_shared=26;ptx_ld_global=7
07_config_matrix,cfg_fp16_m128n256k16_c256_sw32_fill_use_lastuse_pingpong,1,,NVIDIA Thor,11.0,580.00,13.0,PTX ISA 9.3 / CUDA 13.0,1575.000,,,,fp16,128,256,16,32,128,173,5,fill_use_lastuse,pingpong,1,1,32,1,nocount,sw32,sw32,16,16,16,0,256,0,256,none,0,none,0,4,20,2991484.0,1899.3549206349205,2991482.2,2991486.8,,730.3427734375,12288,16.82497649995788,45.22553683188679,45.22549450127363,45.22556404448359,0,0.0,1,bf14b28d2af4128daa99f23eec8a5e105636d0b04136f8be580fdc39d6f1f97d,; UTCHMMA=21;UTCHMMA_WS=16;UTCBAR=1;UTCATOMSWS=3;SYNCS_TRYWAIT=8;LDS=21;LDG=9;ptx_tcgen05_mma=21;ptx_tcgen05_mma_ws=16;ptx_tcgen05_commit=1;ptx_tcgen05_alloc=1;ptx_tcgen05_dealloc=1;ptx_tcgen05_ld=5;ptx_tcgen05_st=5;ptx_mbarrier_wait=5;ptx_cp_async_tma=2;ptx_ld_shared=26;ptx_ld_global=7
07_config_matrix,cfg_fp16_m128n64k16_c256_none_fill_use_lastuse_pingpong,0,max_abs_error>0.05,NVIDIA Thor,11.0,580.00,13.0,PTX ISA 9.3 / CUDA 13.0,1575.000,,,,fp16,128,64,16,32,128,174,5,fill_use_lastuse,pingpong,4,4,32,1,nocount,none,none,16,16,16,0,256,0,64,none,0,none,0,4,20,3779300.0,2399.555555555555,,,,,6144,,8.94950584923134,,,0,0.83203125,1,bf14b28d2af4128daa99f23eec8a5e105636d0b04136f8be580fdc39d6f1f97d,; UTCHMMA=21;UTCHMMA_WS=16;UTCBAR=1;UTCATOMSWS=3;SYNCS_TRYWAIT=8;LDS=21;LDG=9;ptx_tcgen05_mma=21;ptx_tcgen05_mma_ws=16;ptx_tcgen05_commit=1;ptx_tcgen05_alloc=1;ptx_tcgen05_dealloc=1;ptx_tcgen05_ld=5;ptx_tcgen05_st=5;ptx_mbarrier_wait=5;ptx_cp_async_tma=2;ptx_ld_shared=26;ptx_ld_global=7
07_config_matrix,cfg_fp16_m128n64k16_c256_sw128_discard_pingpong,1,,NVIDIA Thor,11.0,580.00,13.0,PTX ISA 9.3 / CUDA 13.0,1575.000,,,,fp16,128,64,16,32,128,175,5,discard,pingpong,4,4,32,1,nocount,sw128,sw128,16,16,16,0,256,0,64,none,0,none,0,4,20,3678580.0,2335.606349206349,3678577.8,3678607.8,,898.0908203125,6144,6.841178933175302,9.194544486187606,9.194475001414705,9.19454998505194,0,0.0,1,bf14b28d2af4128daa99f23eec8a5e105636d0b04136f8be580fdc39d6f1f97d,; UTCHMMA=21;UTCHMMA_WS=16;UTCBAR=1;UTCATOMSWS=3;SYNCS_TRYWAIT=8;LDS=21;LDG=9;ptx_tcgen05_mma=21;ptx_tcgen05_mma_ws=16;ptx_tcgen05_commit=1;ptx_tcgen05_alloc=1;ptx_tcgen05_dealloc=1;ptx_tcgen05_ld=5;ptx_tcgen05_st=5;ptx_mbarrier_wait=5;ptx_cp_async_tma=2;ptx_ld_shared=26;ptx_ld_global=7
07_config_matrix,cfg_bf16_m128n256k16_c256_sw128_fill_use_lastuse_same,1,,NVIDIA Thor,11.0,580.00,13.0,PTX ISA 9.3 / CUDA 13.0,1575.000,,,,bf16,128,256,16,32,128,176,5,fill_use_lastuse,same,1,1,32,1,nocount,sw128,sw128,16,16,16,0,256,0,256,none,0,none,0,4,20,3282540.0,2084.152380952381,3282535.6,3282544.4000000004,,801.4013671875,12288,15.333140799502823,41.215482469063595,41.21542722287266,41.215537715432,0,0.0,1,bf14b28d2af4128daa99f23eec8a5e105636d0b04136f8be580fdc39d6f1f97d,; UTCHMMA=21;UTCHMMA_WS=16;UTCBAR=1;UTCATOMSWS=3;SYNCS_TRYWAIT=8;LDS=21;LDG=9;ptx_tcgen05_mma=21;ptx_tcgen05_mma_ws=16;ptx_tcgen05_commit=1;ptx_tcgen05_alloc=1;ptx_tcgen05_dealloc=1;ptx_tcgen05_ld=5;ptx_tcgen05_st=5;ptx_mbarrier_wait=5;ptx_cp_async_tma=2;ptx_ld_shared=26;ptx_ld_global=7
07_config_matrix,cfg_fp16_m128n256k16_c256_sw128_fill_use_lastuse_pingpong,1,,NVIDIA Thor,11.0,580.00,13.0,PTX ISA 9.3 / CUDA 13.0,1575.000,,,,fp16,128,256,16,32,128,177,5,fill_use_lastuse,pingpong,1,1,32,1,nocount,sw128,sw128,16,16,16,0,256,0,256,none,0,none,0,4,20,3282540.0,2084.152380952381,3282535.2,3282548.2,,801.4013671875,12288,15.333140799502823,41.215482469063595,41.215379510477234,41.21554273782871,0,0.0,1,bf14b28d2af4128daa99f23eec8a5e105636d0b04136f8be580fdc39d6f1f97d,; UTCHMMA=21;UTCHMMA_WS=16;UTCBAR=1;UTCATOMSWS=3;SYNCS_TRYWAIT=8;LDS=21;LDG=9;ptx_tcgen05_mma=21;ptx_tcgen05_mma_ws=16;ptx_tcgen05_commit=1;ptx_tcgen05_alloc=1;ptx_tcgen05_dealloc=1;ptx_tcgen05_ld=5;ptx_tcgen05_st=5;ptx_mbarrier_wait=5;ptx_cp_async_tma=2;ptx_ld_shared=26;ptx_ld_global=7
07_config_matrix,cfg_bf16_m128n64k16_c256_none_fill_use_lastuse_same,0,max_abs_error>0.25,NVIDIA Thor,11.0,580.00,13.0,PTX ISA 9.3 / CUDA 13.0,1575.000,,,,bf16,128,64,16,32,128,178,5,fill_use_lastuse,same,4,4,32,1,nocount,none,none,16,16,16,0,256,0,64,none,0,none,0,4,20,3779302.0,2399.5568253968254,,,,,6144,,8.949501113168518,,,0,0.83203125,1,bf14b28d2af4128daa99f23eec8a5e105636d0b04136f8be580fdc39d6f1f97d,; UTCHMMA=21;UTCHMMA_WS=16;UTCBAR=1;UTCATOMSWS=3;SYNCS_TRYWAIT=8;LDS=21;LDG=9;ptx_tcgen05_mma=21;ptx_tcgen05_mma_ws=16;ptx_tcgen05_commit=1;ptx_tcgen05_alloc=1;ptx_tcgen05_dealloc=1;ptx_tcgen05_ld=5;ptx_tcgen05_st=5;ptx_mbarrier_wait=5;ptx_cp_async_tma=2;ptx_ld_shared=26;ptx_ld_global=7
07_config_matrix,cfg_fp16_m128n64k16_c512_sw128_fill_use_lastuse_pingpong,1,,NVIDIA Thor,11.0,580.00,13.0,PTX ISA 9.3 / CUDA 13.0,1575.000,,,,fp16,128,64,16,32,128,179,5,fill_use_lastuse,pingpong,8,8,32,1,nocount,sw128,sw128,16,16,16,0,512,0,64,none,0,none,0,4,20,3779299.0,2399.5549206349206,3779297.0,3779303.4000000004,,922.680419921875,6144,6.65886028070285,8.949508217264631,8.949497797929928,8.949512953334972,0,0.0,1,bf14b28d2af4128daa99f23eec8a5e105636d0b04136f8be580fdc39d6f1f97d,; UTCHMMA=21;UTCHMMA_WS=16;UTCBAR=1;UTCATOMSWS=3;SYNCS_TRYWAIT=8;LDS=21;LDG=9;ptx_tcgen05_mma=21;ptx_tcgen05_mma_ws=16;ptx_tcgen05_commit=1;ptx_tcgen05_alloc=1;ptx_tcgen05_dealloc=1;ptx_tcgen05_ld=5;ptx_tcgen05_st=5;ptx_mbarrier_wait=5;ptx_cp_async_tma=2;ptx_ld_shared=26;ptx_ld_global=7
07_config_matrix,cfg_fp16_m128n64k16_c512_sw32_fill_use_lastuse_pingpong,1,,NVIDIA Thor,11.0,580.00,13.0,PTX ISA 9.3 / CUDA 13.0,1575.000,,,,fp16,128,64,16,32,128,180,5,fill_use_lastuse,pingpong,8,8,32,1,nocount,sw32,sw32,16,16,16,0,512,0,64,none,0,none,0,4,20,3488013.0,2214.6114285714284,3488011.4,3488014.5999999996,,851.565673828125,6144,7.214945586498674,9.696886868254218,9.696882420159785,9.696891316353113,0,0.0,1,bf14b28d2af4128daa99f23eec8a5e105636d0b04136f8be580fdc39d6f1f97d,; UTCHMMA=21;UTCHMMA_WS=16;UTCBAR=1;UTCATOMSWS=3;SYNCS_TRYWAIT=8;LDS=21;LDG=9;ptx_tcgen05_mma=21;ptx_tcgen05_mma_ws=16;ptx_tcgen05_commit=1;ptx_tcgen05_alloc=1;ptx_tcgen05_dealloc=1;ptx_tcgen05_ld=5;ptx_tcgen05_st=5;ptx_mbarrier_wait=5;ptx_cp_async_tma=2;ptx_ld_shared=26;ptx_ld_global=7
07_config_matrix,cfg_fp16_m128n128k16_c512_sw64_fill_use_lastuse_pingpong,1,,NVIDIA Thor,11.0,580.00,13.0,PTX ISA 9.3 / CUDA 13.0,1575.000,,,,fp16,128,128,16,32,128,181,5,fill_use_lastuse,pingpong,4,4,32,1,nocount,sw64,sw64,16,16,16,0,512,0,128,none,0,none,0,4,20,3664480.0,2326.6539682539683,3664478.4,3664483.4000000004,,894.6484375,8192,9.156669431952146,18.459845574815525,18.45982844731111,18.459853634831415,0,0.0,1,bf14b28d2af4128daa99f23eec8a5e105636d0b04136f8be580fdc39d6f1f97d,; UTCHMMA=21;UTCHMMA_WS=16;UTCBAR=1;UTCATOMSWS=3;SYNCS_TRYWAIT=8;LDS=21;LDG=9;ptx_tcgen05_mma=21;ptx_tcgen05_mma_ws=16;ptx_tcgen05_commit=1;ptx_tcgen05_alloc=1;ptx_tcgen05_dealloc=1;ptx_tcgen05_ld=5;ptx_tcgen05_st=5;ptx_mbarrier_wait=5;ptx_cp_async_tma=2;ptx_ld_shared=26;ptx_ld_global=7
07_config_matrix,cfg_fp16_m128n128k16_c128_sw32_fill_use_lastuse_same,1,,NVIDIA Thor,11.0,580.00,13.0,PTX ISA 9.3 / CUDA 13.0,1575.000,,,,fp16,128,128,16,32,128,182,5,fill_use_lastuse,same,1,1,32,1,nocount,sw32,sw32,16,16,16,0,128,0,128,none,0,none,0,4,20,2991999.0,1899.681904761905,2991997.8,2992003.6,,730.468505859375,8192,11.21472032577551,22.60887617676343,22.608841417191236,22.608885244503607,0,0.0,1,bf14b28d2af4128daa99f23eec8a5e105636d0b04136f8be580fdc39d6f1f97d,; UTCHMMA=21;UTCHMMA_WS=16;UTCBAR=1;UTCATOMSWS=3;SYNCS_TRYWAIT=8;LDS=21;LDG=9;ptx_tcgen05_mma=21;ptx_tcgen05_mma_ws=16;ptx_tcgen05_commit=1;ptx_tcgen05_alloc=1;ptx_tcgen05_dealloc=1;ptx_tcgen05_ld=5;ptx_tcgen05_st=5;ptx_mbarrier_wait=5;ptx_cp_async_tma=2;ptx_ld_shared=26;ptx_ld_global=7
07_config_matrix,cfg_bf16_m128n128k16_c256_sw128_fill_use_lastuse_pingpong,1,,NVIDIA Thor,11.0,580.00,13.0,PTX ISA 9.3 / CUDA 13.0,1575.000,,,,bf16,128,128,16,32,128,183,5,fill_use_lastuse,pingpong,2,2,32,1,nocount,sw128,sw128,16,16,16,0,256,0,128,none,0,none,0,4,20,3779417.0,2399.6298412698416,3779412.2,3779422.2,,922.709228515625,8192,8.878203172605723,17.898457595973134,17.898432970006816,17.89848032772735,0,0.0,1,bf14b28d2af4128daa99f23eec8a5e105636d0b04136f8be580fdc39d6f1f97d,; UTCHMMA=21;UTCHMMA_WS=16;UTCBAR=1;UTCATOMSWS=3;SYNCS_TRYWAIT=8;LDS=21;LDG=9;ptx_tcgen05_mma=21;ptx_tcgen05_mma_ws=16;ptx_tcgen05_commit=1;ptx_tcgen05_alloc=1;ptx_tcgen05_dealloc=1;ptx_tcgen05_ld=5;ptx_tcgen05_st=5;ptx_mbarrier_wait=5;ptx_cp_async_tma=2;ptx_ld_shared=26;ptx_ld_global=7
07_config_matrix,cfg_bf16_m128n128k16_c512_none_discard_pingpong,0,max_abs_error>0.25,NVIDIA Thor,11.0,580.00,13.0,PTX ISA 9.3 / CUDA 13.0,1575.000,,,,bf16,128,128,16,32,128,184,5,discard,pingpong,4,4,32,1,nocount,none,none,16,16,16,0,512,0,128,none,0,none,0,4,20,3678987.0,2335.864761904762,,,,,8192,,18.387054619111183,,,0,0.83203125,1,bf14b28d2af4128daa99f23eec8a5e105636d0b04136f8be580fdc39d6f1f97d,; UTCHMMA=21;UTCHMMA_WS=16;UTCBAR=1;UTCATOMSWS=3;SYNCS_TRYWAIT=8;LDS=21;LDG=9;ptx_tcgen05_mma=21;ptx_tcgen05_mma_ws=16;ptx_tcgen05_commit=1;ptx_tcgen05_alloc=1;ptx_tcgen05_dealloc=1;ptx_tcgen05_ld=5;ptx_tcgen05_st=5;ptx_mbarrier_wait=5;ptx_cp_async_tma=2;ptx_ld_shared=26;ptx_ld_global=7
07_config_matrix,cfg_bf16_m128n64k16_c256_sw64_discard_pingpong,1,,NVIDIA Thor,11.0,580.00,13.0,PTX ISA 9.3 / CUDA 13.0,1575.000,,,,bf16,128,64,16,32,128,185,5,discard,pingpong,4,4,32,1,nocount,sw64,sw64,16,16,16,0,256,0,64,none,0,none,0,4,20,3562085.0,2261.64126984127,3562081.4000000004,3562087.2,,869.649658203125,6144,7.064913947870418,9.495244345937842,9.495238481529189,9.495253942259893,0,0.0,1,bf14b28d2af4128daa99f23eec8a5e105636d0b04136f8be580fdc39d6f1f97d,; UTCHMMA=21;UTCHMMA_WS=16;UTCBAR=1;UTCATOMSWS=3;SYNCS_TRYWAIT=8;LDS=21;LDG=9;ptx_tcgen05_mma=21;ptx_tcgen05_mma_ws=16;ptx_tcgen05_commit=1;ptx_tcgen05_alloc=1;ptx_tcgen05_dealloc=1;ptx_tcgen05_ld=5;ptx_tcgen05_st=5;ptx_mbarrier_wait=5;ptx_cp_async_tma=2;ptx_ld_shared=26;ptx_ld_global=7
07_config_matrix,cfg_bf16_m128n64k16_c512_none_discard_pingpong,0,max_abs_error>0.25,NVIDIA Thor,11.0,580.00,13.0,PTX ISA 9.3 / CUDA 13.0,1575.000,,,,bf16,128,64,16,32,128,186,5,discard,pingpong,8,8,32,1,nocount,none,none,16,16,16,0,512,0,64,none,0,none,0,4,20,3678580.0,2335.606349206349,,,,,6144,,9.194544486187606,,,0,0.83203125,1,bf14b28d2af4128daa99f23eec8a5e105636d0b04136f8be580fdc39d6f1f97d,; UTCHMMA=21;UTCHMMA_WS=16;UTCBAR=1;UTCATOMSWS=3;SYNCS_TRYWAIT=8;LDS=21;LDG=9;ptx_tcgen05_mma=21;ptx_tcgen05_mma_ws=16;ptx_tcgen05_commit=1;ptx_tcgen05_alloc=1;ptx_tcgen05_dealloc=1;ptx_tcgen05_ld=5;ptx_tcgen05_st=5;ptx_mbarrier_wait=5;ptx_cp_async_tma=2;ptx_ld_shared=26;ptx_ld_global=7
07_config_matrix,cfg_fp16_m128n128k16_c512_sw32_fill_use_lastuse_pingpong,1,,NVIDIA Thor,11.0,580.00,13.0,PTX ISA 9.3 / CUDA 13.0,1575.000,,,,fp16,128,128,16,32,128,187,5,fill_use_lastuse,pingpong,4,4,32,1,nocount,sw32,sw32,16,16,16,0,512,0,128,none,0,none,0,4,20,3487606.0,2214.353015873016,3487603.0,3487606.6,,851.46630859375,8192,9.621050084212493,19.396036969772386,19.39603363292217,19.39605365405219,0,0.0,1,bf14b28d2af4128daa99f23eec8a5e105636d0b04136f8be580fdc39d6f1f97d,; UTCHMMA=21;UTCHMMA_WS=16;UTCBAR=1;UTCATOMSWS=3;SYNCS_TRYWAIT=8;LDS=21;LDG=9;ptx_tcgen05_mma=21;ptx_tcgen05_mma_ws=16;ptx_tcgen05_commit=1;ptx_tcgen05_alloc=1;ptx_tcgen05_dealloc=1;ptx_tcgen05_ld=5;ptx_tcgen05_st=5;ptx_mbarrier_wait=5;ptx_cp_async_tma=2;ptx_ld_shared=26;ptx_ld_global=7
07_config_matrix,cfg_fp16_m128n128k16_c256_none_discard_pingpong,0,max_abs_error>0.05,NVIDIA Thor,11.0,580.00,13.0,PTX ISA 9.3 / CUDA 13.0,1575.000,,,,fp16,128,128,16,32,128,188,5,discard,pingpong,2,2,32,1,nocount,none,none,16,16,16,0,256,0,128,none,0,none,0,4,20,3678989.0,2335.8660317460317,,,,,8192,,18.387044623400612,,,0,0.83203125,1,bf14b28d2af4128daa99f23eec8a5e105636d0b04136f8be580fdc39d6f1f97d,; UTCHMMA=21;UTCHMMA_WS=16;UTCBAR=1;UTCATOMSWS=3;SYNCS_TRYWAIT=8;LDS=21;LDG=9;ptx_tcgen05_mma=21;ptx_tcgen05_mma_ws=16;ptx_tcgen05_commit=1;ptx_tcgen05_alloc=1;ptx_tcgen05_dealloc=1;ptx_tcgen05_ld=5;ptx_tcgen05_st=5;ptx_mbarrier_wait=5;ptx_cp_async_tma=2;ptx_ld_shared=26;ptx_ld_global=7
07_config_matrix,cfg_fp16_m128n128k16_c128_sw128_fill_use_lastuse_same,1,,NVIDIA Thor,11.0,580.00,13.0,PTX ISA 9.3 / CUDA 13.0,1575.000,,,,fp16,128,128,16,32,128,189,5,fill_use_lastuse,same,1,1,32,1,nocount,sw128,sw128,16,16,16,0,128,0,128,none,0,none,0,4,20,3281544.0,2083.52,3281363.8,3282058.0,,801.158203125,8192,10.225196431923509,20.613996006757795,20.61076799237127,20.615128048894196,0,0.0,1,bf14b28d2af4128daa99f23eec8a5e105636d0b04136f8be580fdc39d6f1f97d,; UTCHMMA=21;UTCHMMA_WS=16;UTCBAR=1;UTCATOMSWS=3;SYNCS_TRYWAIT=8;LDS=21;LDG=9;ptx_tcgen05_mma=21;ptx_tcgen05_mma_ws=16;ptx_tcgen05_commit=1;ptx_tcgen05_alloc=1;ptx_tcgen05_dealloc=1;ptx_tcgen05_ld=5;ptx_tcgen05_st=5;ptx_mbarrier_wait=5;ptx_cp_async_tma=2;ptx_ld_shared=26;ptx_ld_global=7
07_config_matrix,cfg_bf16_m128n128k16_c256_none_discard_same,0,max_abs_error>0.25,NVIDIA Thor,11.0,580.00,13.0,PTX ISA 9.3 / CUDA 13.0,1575.000,,,,bf16,128,128,16,32,128,190,5,discard,same,2,2,32,1,nocount,none,none,16,16,16,0,256,0,128,none,0,none,0,4,20,3678958.0,2335.8463492063493,,,,,8192,,18.387199558135755,,,0,0.83203125,1,bf14b28d2af4128daa99f23eec8a5e105636d0b04136f8be580fdc39d6f1f97d,; UTCHMMA=21;UTCHMMA_WS=16;UTCBAR=1;UTCATOMSWS=3;SYNCS_TRYWAIT=8;LDS=21;LDG=9;ptx_tcgen05_mma=21;ptx_tcgen05_mma_ws=16;ptx_tcgen05_commit=1;ptx_tcgen05_alloc=1;ptx_tcgen05_dealloc=1;ptx_tcgen05_ld=5;ptx_tcgen05_st=5;ptx_mbarrier_wait=5;ptx_cp_async_tma=2;ptx_ld_shared=26;ptx_ld_global=7
07_config_matrix,cfg_fp16_m128n128k16_c128_none_fill_use_lastuse_pingpong,0,max_abs_error>0.05,NVIDIA Thor,11.0,580.00,13.0,PTX ISA 9.3 / CUDA 13.0,1575.000,,,,fp16,128,128,16,32,128,191,5,fill_use_lastuse,pingpong,1,1,32,1,nocount,none,none,16,16,16,0,128,0,128,none,0,none,0,4,20,3282388.0,2084.055873015873,,,,,8192,,20.608695532642695,,,0,0.791015625,1,bf14b28d2af4128daa99f23eec8a5e105636d0b04136f8be580fdc39d6f1f97d,; UTCHMMA=21;UTCHMMA_WS=16;UTCBAR=1;UTCATOMSWS=3;SYNCS_TRYWAIT=8;LDS=21;LDG=9;ptx_tcgen05_mma=21;ptx_tcgen05_mma_ws=16;ptx_tcgen05_commit=1;ptx_tcgen05_alloc=1;ptx_tcgen05_dealloc=1;ptx_tcgen05_ld=5;ptx_tcgen05_st=5;ptx_mbarrier_wait=5;ptx_cp_async_tma=2;ptx_ld_shared=26;ptx_ld_global=7
07_config_matrix,cfg_fp16_m128n128k16_c512_none_discard_same,0,max_abs_error>0.05,NVIDIA Thor,11.0,580.00,13.0,PTX ISA 9.3 / CUDA 13.0,1575.000,,,,fp16,128,128,16,32,128,192,5,discard,same,4,4,32,1,nocount,none,none,16,16,16,0,512,0,128,none,0,none,0,4,20,3678991.0,2335.867301587302,,,,,8192,,18.38703462770091,,,0,0.83203125,1,bf14b28d2af4128daa99f23eec8a5e105636d0b04136f8be580fdc39d6f1f97d,; UTCHMMA=21;UTCHMMA_WS=16;UTCBAR=1;UTCATOMSWS=3;SYNCS_TRYWAIT=8;LDS=21;LDG=9;ptx_tcgen05_mma=21;ptx_tcgen05_mma_ws=16;ptx_tcgen05_commit=1;ptx_tcgen05_alloc=1;ptx_tcgen05_dealloc=1;ptx_tcgen05_ld=5;ptx_tcgen05_st=5;ptx_mbarrier_wait=5;ptx_cp_async_tma=2;ptx_ld_shared=26;ptx_ld_global=7
07_config_matrix,cfg_fp16_m128n256k16_c512_sw64_fill_use_lastuse_same,1,,NVIDIA Thor,11.0,580.00,13.0,PTX ISA 9.3 / CUDA 13.0,1575.000,,,,fp16,128,256,16,32,128,193,5,fill_use_lastuse,same,2,2,32,1,nocount,sw64,sw64,16,16,16,0,512,0,256,none,0,none,0,4,20,3664477.0,2326.6520634920635,3664474.4,3664482.4000000004,,894.647705078125,12288,13.735015392373864,36.91972137470095,36.91966696962133,36.91974756980221,0,0.0,1,bf14b28d2af4128daa99f23eec8a5e105636d0b04136f8be580fdc39d6f1f97d,; UTCHMMA=21;UTCHMMA_WS=16;UTCBAR=1;UTCATOMSWS=3;SYNCS_TRYWAIT=8;LDS=21;LDG=9;ptx_tcgen05_mma=21;ptx_tcgen05_mma_ws=16;ptx_tcgen05_commit=1;ptx_tcgen05_alloc=1;ptx_tcgen05_dealloc=1;ptx_tcgen05_ld=5;ptx_tcgen05_st=5;ptx_mbarrier_wait=5;ptx_cp_async_tma=2;ptx_ld_shared=26;ptx_ld_global=7
07_config_matrix,cfg_bf16_m128n128k16_c128_none_discard_pingpong,0,max_abs_error>0.25,NVIDIA Thor,11.0,580.00,13.0,PTX ISA 9.3 / CUDA 13.0,1575.000,,,,bf16,128,128,16,32,128,194,5,discard,pingpong,1,1,32,1,nocount,none,none,16,16,16,0,128,0,128,none,0,none,0,4,20,3181153.0,2019.7796825396824,,,,,8192,,21.264533617842336,,,0,0.791015625,1,bf14b28d2af4128daa99f23eec8a5e105636d0b04136f8be580fdc39d6f1f97d,; UTCHMMA=21;UTCHMMA_WS=16;UTCBAR=1;UTCATOMSWS=3;SYNCS_TRYWAIT=8;LDS=21;LDG=9;ptx_tcgen05_mma=21;ptx_tcgen05_mma_ws=16;ptx_tcgen05_commit=1;ptx_tcgen05_alloc=1;ptx_tcgen05_dealloc=1;ptx_tcgen05_ld=5;ptx_tcgen05_st=5;ptx_mbarrier_wait=5;ptx_cp_async_tma=2;ptx_ld_shared=26;ptx_ld_global=7
07_config_matrix,cfg_fp16_m128n64k16_c128_sw64_fill_use_lastuse_same,1,,NVIDIA Thor,11.0,580.00,13.0,PTX ISA 9.3 / CUDA 13.0,1575.000,,,,fp16,128,64,16,32,128,195,5,fill_use_lastuse,same,2,2,32,1,nocount,sw64,sw64,16,16,16,0,128,0,64,none,0,none,0,4,20,3664479.0,2326.653333333333,3664473.0,3664547.2,,894.648193359375,6144,6.867503948037361,9.229925306162214,9.22975353214736,9.229940418721903,0,0.0,1,bf14b28d2af4128daa99f23eec8a5e105636d0b04136f8be580fdc39d6f1f97d,; UTCHMMA=21;UTCHMMA_WS=16;UTCBAR=1;UTCATOMSWS=3;SYNCS_TRYWAIT=8;LDS=21;LDG=9;ptx_tcgen05_mma=21;ptx_tcgen05_mma_ws=16;ptx_tcgen05_commit=1;ptx_tcgen05_alloc=1;ptx_tcgen05_dealloc=1;ptx_tcgen05_ld=5;ptx_tcgen05_st=5;ptx_mbarrier_wait=5;ptx_cp_async_tma=2;ptx_ld_shared=26;ptx_ld_global=7
07_config_matrix,cfg_bf16_m128n64k16_c256_sw32_fill_use_lastuse_pingpong,1,,NVIDIA Thor,11.0,580.00,13.0,PTX ISA 9.3 / CUDA 13.0,1575.000,,,,bf16,128,64,16,32,128,196,5,fill_use_lastuse,pingpong,4,4,32,1,nocount,sw32,sw32,16,16,16,0,256,0,64,none,0,none,0,4,20,3488014.0,2214.6120634920635,3488013.4,3748586.6000000006,,851.56591796875,6144,7.214943518001935,9.696884088194599,9.0526849862655,9.69688575623037,0,0.0,1,bf14b28d2af4128daa99f23eec8a5e105636d0b04136f8be580fdc39d6f1f97d,; UTCHMMA=21;UTCHMMA_WS=16;UTCBAR=1;UTCATOMSWS=3;SYNCS_TRYWAIT=8;LDS=21;LDG=9;ptx_tcgen05_mma=21;ptx_tcgen05_mma_ws=16;ptx_tcgen05_commit=1;ptx_tcgen05_alloc=1;ptx_tcgen05_dealloc=1;ptx_tcgen05_ld=5;ptx_tcgen05_st=5;ptx_mbarrier_wait=5;ptx_cp_async_tma=2;ptx_ld_shared=26;ptx_ld_global=7
07_config_matrix,cfg_bf16_m128n64k16_c256_none_discard_pingpong,0,max_abs_error>0.25,NVIDIA Thor,11.0,580.00,13.0,PTX ISA 9.3 / CUDA 13.0,1575.000,,,,bf16,128,64,16,32,128,197,5,discard,pingpong,4,4,32,1,nocount,none,none,16,16,16,0,256,0,64,none,0,none,0,4,20,3678614.0,2335.6279365079367,,,,,6144,,9.19445950458515,,,0,0.83203125,1,bf14b28d2af4128daa99f23eec8a5e105636d0b04136f8be580fdc39d6f1f97d,; UTCHMMA=21;UTCHMMA_WS=16;UTCBAR=1;UTCATOMSWS=3;SYNCS_TRYWAIT=8;LDS=21;LDG=9;ptx_tcgen05_mma=21;ptx_tcgen05_mma_ws=16;ptx_tcgen05_commit=1;ptx_tcgen05_alloc=1;ptx_tcgen05_dealloc=1;ptx_tcgen05_ld=5;ptx_tcgen05_st=5;ptx_mbarrier_wait=5;ptx_cp_async_tma=2;ptx_ld_shared=26;ptx_ld_global=7
07_config_matrix,cfg_bf16_m128n128k16_c512_sw128_discard_same,1,,NVIDIA Thor,11.0,580.00,13.0,PTX ISA 9.3 / CUDA 13.0,1575.000,,,,bf16,128,128,16,32,128,198,5,discard,same,4,4,32,1,nocount,sw128,sw128,16,16,16,0,512,0,128,none,0,none,0,4,20,3678989.0,2335.8660317460317,3678969.5999999996,3678990.6000000006,,898.190673828125,8192,9.120557848909035,18.387044623400612,18.38703662684031,18.387141582525928,0,0.0,1,bf14b28d2af4128daa99f23eec8a5e105636d0b04136f8be580fdc39d6f1f97d,; UTCHMMA=21;UTCHMMA_WS=16;UTCBAR=1;UTCATOMSWS=3;SYNCS_TRYWAIT=8;LDS=21;LDG=9;ptx_tcgen05_mma=21;ptx_tcgen05_mma_ws=16;ptx_tcgen05_commit=1;ptx_tcgen05_alloc=1;ptx_tcgen05_dealloc=1;ptx_tcgen05_ld=5;ptx_tcgen05_st=5;ptx_mbarrier_wait=5;ptx_cp_async_tma=2;ptx_ld_shared=26;ptx_ld_global=7
07_config_matrix,cfg_fp16_m128n64k16_c256_sw32_fill_use_lastuse_pingpong,1,,NVIDIA Thor,11.0,580.00,13.0,PTX ISA 9.3 / CUDA 13.0,1575.000,,,,fp16,128,64,16,32,128,199,5,fill_use_lastuse,pingpong,4,4,32,1,nocount,sw32,sw32,16,16,16,0,256,0,64,none,0,none,0,4,20,3488018.0,2214.6146031746034,3488014.2,3488019.2,,851.56689453125,6144,7.214935244026837,9.696872967972068,9.696869631911047,9.69688353218459,0,0.0,1,bf14b28d2af4128daa99f23eec8a5e105636d0b04136f8be580fdc39d6f1f97d,; UTCHMMA=21;UTCHMMA_WS=16;UTCBAR=1;UTCATOMSWS=3;SYNCS_TRYWAIT=8;LDS=21;LDG=9;ptx_tcgen05_mma=21;ptx_tcgen05_mma_ws=16;ptx_tcgen05_commit=1;ptx_tcgen05_alloc=1;ptx_tcgen05_dealloc=1;ptx_tcgen05_ld=5;ptx_tcgen05_st=5;ptx_mbarrier_wait=5;ptx_cp_async_tma=2;ptx_ld_shared=26;ptx_ld_global=7
07_config_matrix,cfg_bf16_m128n256k16_c256_none_discard_pingpong,0,max_abs_error>0.25,NVIDIA Thor,11.0,580.00,13.0,PTX ISA 9.3 / CUDA 13.0,1575.000,,,,bf16,128,256,16,32,128,200,5,discard,pingpong,1,1,32,1,nocount,none,none,16,16,16,0,256,0,256,none,0,none,0,4,20,3181786.0,2020.1815873015873,,,,,12288,,42.52060629596082,,,0,0.791015625,1,bf14b28d2af4128daa99f23eec8a5e105636d0b04136f8be580fdc39d6f1f97d,; UTCHMMA=21;UTCHMMA_WS=16;UTCBAR=1;UTCATOMSWS=3;SYNCS_TRYWAIT=8;LDS=21;LDG=9;ptx_tcgen05_mma=21;ptx_tcgen05_mma_ws=16;ptx_tcgen05_commit=1;ptx_tcgen05_alloc=1;ptx_tcgen05_dealloc=1;ptx_tcgen05_ld=5;ptx_tcgen05_st=5;ptx_mbarrier_wait=5;ptx_cp_async_tma=2;ptx_ld_shared=26;ptx_ld_global=7
07_config_matrix,cfg_fp16_m128n64k16_c512_sw32_discard_same,1,,NVIDIA Thor,11.0,580.00,13.0,PTX ISA 9.3 / CUDA 13.0,1575.000,,,,fp16,128,64,16,32,128,201,5,discard,same,8,8,32,1,nocount,sw32,sw32,16,16,16,0,512,0,64,none,0,none,0,4,20,3387378.0,2150.71619047619,3387374.5999999996,3387443.6,,826.99658203125,6144,7.429293099264386,9.984969925411336,9.984776562463985,9.984979947600516,0,0.0,1,bf14b28d2af4128daa99f23eec8a5e105636d0b04136f8be580fdc39d6f1f97d,; UTCHMMA=21;UTCHMMA_WS=16;UTCBAR=1;UTCATOMSWS=3;SYNCS_TRYWAIT=8;LDS=21;LDG=9;ptx_tcgen05_mma=21;ptx_tcgen05_mma_ws=16;ptx_tcgen05_commit=1;ptx_tcgen05_alloc=1;ptx_tcgen05_dealloc=1;ptx_tcgen05_ld=5;ptx_tcgen05_st=5;ptx_mbarrier_wait=5;ptx_cp_async_tma=2;ptx_ld_shared=26;ptx_ld_global=7
07_config_matrix,cfg_fp16_m128n64k16_c512_sw64_discard_pingpong,1,,NVIDIA Thor,11.0,580.00,13.0,PTX ISA 9.3 / CUDA 13.0,1575.000,,,,fp16,128,64,16,32,128,202,5,discard,pingpong,8,8,32,1,nocount,sw64,sw64,16,16,16,0,512,0,64,none,0,none,0,4,20,3562089.0,2261.6438095238095,3562080.8,3562094.2,,869.650634765625,6144,7.06490601442019,9.495233683380736,9.495219822093015,9.495255541649296,0,0.0,1,bf14b28d2af4128daa99f23eec8a5e105636d0b04136f8be580fdc39d6f1f97d,; UTCHMMA=21;UTCHMMA_WS=16;UTCBAR=1;UTCATOMSWS=3;SYNCS_TRYWAIT=8;LDS=21;LDG=9;ptx_tcgen05_mma=21;ptx_tcgen05_mma_ws=16;ptx_tcgen05_commit=1;ptx_tcgen05_alloc=1;ptx_tcgen05_dealloc=1;ptx_tcgen05_ld=5;ptx_tcgen05_st=5;ptx_mbarrier_wait=5;ptx_cp_async_tma=2;ptx_ld_shared=26;ptx_ld_global=7
07_config_matrix,cfg_bf16_m128n256k16_c512_sw64_discard_same,1,,NVIDIA Thor,11.0,580.00,13.0,PTX ISA 9.3 / CUDA 13.0,1575.000,,,,bf16,128,256,16,32,128,203,5,discard,same,2,2,32,1,nocount,sw64,sw64,16,16,16,0,512,0,256,none,0,none,0,4,20,3562234.0,2261.735873015873,3562232.4,3562241.5999999996,,869.68603515625,12288,14.129236877757048,37.97938872741094,37.97930769883844,37.97940578610272,0,0.0,1,bf14b28d2af4128daa99f23eec8a5e105636d0b04136f8be580fdc39d6f1f97d,; UTCHMMA=21;UTCHMMA_WS=16;UTCBAR=1;UTCATOMSWS=3;SYNCS_TRYWAIT=8;LDS=21;LDG=9;ptx_tcgen05_mma=21;ptx_tcgen05_mma_ws=16;ptx_tcgen05_commit=1;ptx_tcgen05_alloc=1;ptx_tcgen05_dealloc=1;ptx_tcgen05_ld=5;ptx_tcgen05_st=5;ptx_mbarrier_wait=5;ptx_cp_async_tma=2;ptx_ld_shared=26;ptx_ld_global=7
07_config_matrix,cfg_fp16_m128n128k16_c512_none_fill_use_lastuse_same,0,max_abs_error>0.05,NVIDIA Thor,11.0,580.00,13.0,PTX ISA 9.3 / CUDA 13.0,1575.000,,,,fp16,128,128,16,32,128,204,5,fill_use_lastuse,same,4,4,32,1,nocount,none,none,16,16,16,0,512,0,128,none,0,none,0,4,20,4276867.0,2715.4711111111114,,,,,8192,,15.816656190618037,,,0,0.83203125,1,bf14b28d2af4128daa99f23eec8a5e105636d0b04136f8be580fdc39d6f1f97d,; UTCHMMA=21;UTCHMMA_WS=16;UTCBAR=1;UTCATOMSWS=3;SYNCS_TRYWAIT=8;LDS=21;LDG=9;ptx_tcgen05_mma=21;ptx_tcgen05_mma_ws=16;ptx_tcgen05_commit=1;ptx_tcgen05_alloc=1;ptx_tcgen05_dealloc=1;ptx_tcgen05_ld=5;ptx_tcgen05_st=5;ptx_mbarrier_wait=5;ptx_cp_async_tma=2;ptx_ld_shared=26;ptx_ld_global=7
07_config_matrix,cfg_bf16_m128n128k16_c512_sw32_fill_use_lastuse_pingpong,1,,NVIDIA Thor,11.0,580.00,13.0,PTX ISA 9.3 / CUDA 13.0,1575.000,,,,bf16,128,128,16,32,128,205,5,fill_use_lastuse,pingpong,4,4,32,1,nocount,sw32,sw32,16,16,16,0,512,0,128,none,0,none,0,4,20,3487605.0,2214.352380952381,3487603.4,3941443.4000000004,,851.466064453125,8192,9.621052842853477,19.39604253119261,17.321897809269274,19.39605142947198,0,0.0,1,bf14b28d2af4128daa99f23eec8a5e105636d0b04136f8be580fdc39d6f1f97d,; UTCHMMA=21;UTCHMMA_WS=16;UTCBAR=1;UTCATOMSWS=3;SYNCS_TRYWAIT=8;LDS=21;LDG=9;ptx_tcgen05_mma=21;ptx_tcgen05_mma_ws=16;ptx_tcgen05_commit=1;ptx_tcgen05_alloc=1;ptx_tcgen05_dealloc=1;ptx_tcgen05_ld=5;ptx_tcgen05_st=5;ptx_mbarrier_wait=5;ptx_cp_async_tma=2;ptx_ld_shared=26;ptx_ld_global=7
07_config_matrix,cfg_bf16_m128n64k16_c512_sw32_fill_use_lastuse_same,1,,NVIDIA Thor,11.0,580.00,13.0,PTX ISA 9.3 / CUDA 13.0,1575.000,,,,bf16,128,64,16,32,128,206,5,fill_use_lastuse,same,8,8,32,1,nocount,sw32,sw32,16,16,16,0,512,0,64,none,0,none,0,4,20,3488017.0,2214.6139682539683,3488010.8,3992285.0,,851.566650390625,6144,7.214937312518832,9.696875748025311,8.472067820981096,9.696892984391754,0,0.0,1,bf14b28d2af4128daa99f23eec8a5e105636d0b04136f8be580fdc39d6f1f97d,; UTCHMMA=21;UTCHMMA_WS=16;UTCBAR=1;UTCATOMSWS=3;SYNCS_TRYWAIT=8;LDS=21;LDG=9;ptx_tcgen05_mma=21;ptx_tcgen05_mma_ws=16;ptx_tcgen05_commit=1;ptx_tcgen05_alloc=1;ptx_tcgen05_dealloc=1;ptx_tcgen05_ld=5;ptx_tcgen05_st=5;ptx_mbarrier_wait=5;ptx_cp_async_tma=2;ptx_ld_shared=26;ptx_ld_global=7
07_config_matrix,cfg_bf16_m128n128k16_c256_sw64_discard_same,1,,NVIDIA Thor,11.0,580.00,13.0,PTX ISA 9.3 / CUDA 13.0,1575.000,,,,bf16,128,128,16,32,128,207,5,discard,same,2,2,32,1,nocount,sw64,sw64,16,16,16,0,256,0,128,none,0,none,0,4,20,3563098.0,2262.2844444444445,3562688.4000000004,3563108.8,,869.89697265625,8192,9.417207160734844,18.985089636041444,18.985032091080548,18.987272422679474,0,0.0,1,bf14b28d2af4128daa99f23eec8a5e105636d0b04136f8be580fdc39d6f1f97d,; UTCHMMA=21;UTCHMMA_WS=16;UTCBAR=1;UTCATOMSWS=3;SYNCS_TRYWAIT=8;LDS=21;LDG=9;ptx_tcgen05_mma=21;ptx_tcgen05_mma_ws=16;ptx_tcgen05_commit=1;ptx_tcgen05_alloc=1;ptx_tcgen05_dealloc=1;ptx_tcgen05_ld=5;ptx_tcgen05_st=5;ptx_mbarrier_wait=5;ptx_cp_async_tma=2;ptx_ld_shared=26;ptx_ld_global=7
07_config_matrix,cfg_fp16_m128n128k16_c256_sw64_discard_same,1,,NVIDIA Thor,11.0,580.00,13.0,PTX ISA 9.3 / CUDA 13.0,1575.000,,,,fp16,128,128,16,32,128,208,5,discard,same,2,2,32,1,nocount,sw64,sw64,16,16,16,0,256,0,128,none,0,none,0,4,20,3562979.0,2262.208888888889,3562782.8,3563107.3999999994,,869.867919921875,8192,9.417521686206964,18.98572371939324,18.9850395506191,18.98676925016666,0,0.0,1,bf14b28d2af4128daa99f23eec8a5e105636d0b04136f8be580fdc39d6f1f97d,; UTCHMMA=21;UTCHMMA_WS=16;UTCBAR=1;UTCATOMSWS=3;SYNCS_TRYWAIT=8;LDS=21;LDG=9;ptx_tcgen05_mma=21;ptx_tcgen05_mma_ws=16;ptx_tcgen05_commit=1;ptx_tcgen05_alloc=1;ptx_tcgen05_dealloc=1;ptx_tcgen05_ld=5;ptx_tcgen05_st=5;ptx_mbarrier_wait=5;ptx_cp_async_tma=2;ptx_ld_shared=26;ptx_ld_global=7
07_config_matrix,cfg_fp16_m128n128k16_c512_none_discard_pingpong,0,max_abs_error>0.05,NVIDIA Thor,11.0,580.00,13.0,PTX ISA 9.3 / CUDA 13.0,1575.000,,,,fp16,128,128,16,32,128,209,5,discard,pingpong,4,4,32,1,nocount,none,none,16,16,16,0,512,0,128,none,0,none,0,4,20,3678994.0,2335.8692063492063,,,,,8192,,18.387019634171736,,,0,0.83203125,1,bf14b28d2af4128daa99f23eec8a5e105636d0b04136f8be580fdc39d6f1f97d,; UTCHMMA=21;UTCHMMA_WS=16;UTCBAR=1;UTCATOMSWS=3;SYNCS_TRYWAIT=8;LDS=21;LDG=9;ptx_tcgen05_mma=21;ptx_tcgen05_mma_ws=16;ptx_tcgen05_commit=1;ptx_tcgen05_alloc=1;ptx_tcgen05_dealloc=1;ptx_tcgen05_ld=5;ptx_tcgen05_st=5;ptx_mbarrier_wait=5;ptx_cp_async_tma=2;ptx_ld_shared=26;ptx_ld_global=7
07_config_matrix,cfg_bf16_m128n128k16_c512_none_fill_use_lastuse_same,0,max_abs_error>0.25,NVIDIA Thor,11.0,580.00,13.0,PTX ISA 9.3 / CUDA 13.0,1575.000,,,,bf16,128,128,16,32,128,210,5,fill_use_lastuse,same,4,4,32,1,nocount,none,none,16,16,16,0,512,0,128,none,0,none,0,4,20,3779411.0,2399.626031746032,,,,,8192,,17.898486010650867,,,0,0.83203125,1,bf14b28d2af4128daa99f23eec8a5e105636d0b04136f8be580fdc39d6f1f97d,; UTCHMMA=21;UTCHMMA_WS=16;UTCBAR=1;UTCATOMSWS=3;SYNCS_TRYWAIT=8;LDS=21;LDG=9;ptx_tcgen05_mma=21;ptx_tcgen05_mma_ws=16;ptx_tcgen05_commit=1;ptx_tcgen05_alloc=1;ptx_tcgen05_dealloc=1;ptx_tcgen05_ld=5;ptx_tcgen05_st=5;ptx_mbarrier_wait=5;ptx_cp_async_tma=2;ptx_ld_shared=26;ptx_ld_global=7
07_config_matrix,cfg_fp16_m128n256k16_c512_none_fill_use_lastuse_pingpong,0,max_abs_error>0.05,NVIDIA Thor,11.0,580.00,13.0,PTX ISA 9.3 / CUDA 13.0,1575.000,,,,fp16,128,256,16,32,128,211,5,fill_use_lastuse,pingpong,2,2,32,1,nocount,none,none,16,16,16,0,512,0,256,none,0,none,0,4,20,3778479.0,2399.0342857142855,,,,,12288,,35.80580170592453,,,0,0.83203125,1,bf14b28d2af4128daa99f23eec8a5e105636d0b04136f8be580fdc39d6f1f97d,; UTCHMMA=21;UTCHMMA_WS=16;UTCBAR=1;UTCATOMSWS=3;SYNCS_TRYWAIT=8;LDS=21;LDG=9;ptx_tcgen05_mma=21;ptx_tcgen05_mma_ws=16;ptx_tcgen05_commit=1;ptx_tcgen05_alloc=1;ptx_tcgen05_dealloc=1;ptx_tcgen05_ld=5;ptx_tcgen05_st=5;ptx_mbarrier_wait=5;ptx_cp_async_tma=2;ptx_ld_shared=26;ptx_ld_global=7
07_config_matrix,cfg_bf16_m128n64k16_c512_sw128_fill_use_lastuse_pingpong,1,,NVIDIA Thor,11.0,580.00,13.0,PTX ISA 9.3 / CUDA 13.0,1575.000,,,,bf16,128,64,16,32,128,212,5,fill_use_lastuse,pingpong,8,8,32,1,nocount,sw128,sw128,16,16,16,0,512,0,64,none,0,none,0,4,20,3779296.0,2399.553015873016,3779292.2,3779300.0,,922.6796875,6144,6.658865566497041,8.949515321372022,8.94950584923134,8.949524319925597,0,0.0,1,bf14b28d2af4128daa99f23eec8a5e105636d0b04136f8be580fdc39d6f1f97d,; UTCHMMA=21;UTCHMMA_WS=16;UTCBAR=1;UTCATOMSWS=3;SYNCS_TRYWAIT=8;LDS=21;LDG=9;ptx_tcgen05_mma=21;ptx_tcgen05_mma_ws=16;ptx_tcgen05_commit=1;ptx_tcgen05_alloc=1;ptx_tcgen05_dealloc=1;ptx_tcgen05_ld=5;ptx_tcgen05_st=5;ptx_mbarrier_wait=5;ptx_cp_async_tma=2;ptx_ld_shared=26;ptx_ld_global=7
07_config_matrix,cfg_fp16_m128n128k16_c128_sw32_discard_same,1,,NVIDIA Thor,11.0,580.00,13.0,PTX ISA 9.3 / CUDA 13.0,1575.000,,,,fp16,128,128,16,32,128,213,5,discard,same,1,1,32,1,nocount,sw32,sw32,16,16,16,0,128,0,128,none,0,none,0,4,20,2891380.0,1835.7968253968254,2891378.0,2891385.2,,705.9033203125,8192,11.604988621350358,23.395657060642325,23.39561498482034,23.395673243692105,0,0.0,1,bf14b28d2af4128daa99f23eec8a5e105636d0b04136f8be580fdc39d6f1f97d,; UTCHMMA=21;UTCHMMA_WS=16;UTCBAR=1;UTCATOMSWS=3;SYNCS_TRYWAIT=8;LDS=21;LDG=9;ptx_tcgen05_mma=21;ptx_tcgen05_mma_ws=16;ptx_tcgen05_commit=1;ptx_tcgen05_alloc=1;ptx_tcgen05_dealloc=1;ptx_tcgen05_ld=5;ptx_tcgen05_st=5;ptx_mbarrier_wait=5;ptx_cp_async_tma=2;ptx_ld_shared=26;ptx_ld_global=7
07_config_matrix,cfg_bf16_m128n64k16_c256_sw32_discard_pingpong,1,,NVIDIA Thor,11.0,580.00,13.0,PTX ISA 9.3 / CUDA 13.0,1575.000,,,,bf16,128,64,16,32,128,214,5,discard,pingpong,4,4,32,1,nocount,sw32,sw32,16,16,16,0,256,0,64,none,0,none,0,4,20,3387378.0,2150.71619047619,3387369.8,3387457.5999999996,,826.99658203125,6144,7.429293099264386,9.984969925411336,9.984735295648296,9.984994096629743,0,0.0,1,bf14b28d2af4128daa99f23eec8a5e105636d0b04136f8be580fdc39d6f1f97d,; UTCHMMA=21;UTCHMMA_WS=16;UTCBAR=1;UTCATOMSWS=3;SYNCS_TRYWAIT=8;LDS=21;LDG=9;ptx_tcgen05_mma=21;ptx_tcgen05_mma_ws=16;ptx_tcgen05_commit=1;ptx_tcgen05_alloc=1;ptx_tcgen05_dealloc=1;ptx_tcgen05_ld=5;ptx_tcgen05_st=5;ptx_mbarrier_wait=5;ptx_cp_async_tma=2;ptx_ld_shared=26;ptx_ld_global=7
07_config_matrix,cfg_fp16_m128n256k16_c512_none_discard_pingpong,0,max_abs_error>0.05,NVIDIA Thor,11.0,580.00,13.0,PTX ISA 9.3 / CUDA 13.0,1575.000,,,,fp16,128,256,16,32,128,215,5,discard,pingpong,2,2,32,1,nocount,none,none,16,16,16,0,512,0,256,none,0,none,0,4,20,4191491.0,2661.2641269841274,,,,,12288,,32.27764769720369,,,0,0.83203125,1,bf14b28d2af4128daa99f23eec8a5e105636d0b04136f8be580fdc39d6f1f97d,; UTCHMMA=21;UTCHMMA_WS=16;UTCBAR=1;UTCATOMSWS=3;SYNCS_TRYWAIT=8;LDS=21;LDG=9;ptx_tcgen05_mma=21;ptx_tcgen05_mma_ws=16;ptx_tcgen05_commit=1;ptx_tcgen05_alloc=1;ptx_tcgen05_dealloc=1;ptx_tcgen05_ld=5;ptx_tcgen05_st=5;ptx_mbarrier_wait=5;ptx_cp_async_tma=2;ptx_ld_shared=26;ptx_ld_global=7
07_config_matrix,cfg_bf16_m128n128k16_c128_sw32_fill_use_lastuse_same,1,,NVIDIA Thor,11.0,580.00,13.0,PTX ISA 9.3 / CUDA 13.0,1575.000,,,,bf16,128,128,16,32,128,216,5,fill_use_lastuse,same,1,1,32,1,nocount,sw32,sw32,16,16,16,0,128,0,128,none,0,none,0,4,20,2991999.0,1899.681904761905,2991994.6,2991999.5999999996,,730.468505859375,8192,11.21472032577551,22.60887617676343,22.60887164289789,22.60890942518045,0,0.0,1,bf14b28d2af4128daa99f23eec8a5e105636d0b04136f8be580fdc39d6f1f97d,; UTCHMMA=21;UTCHMMA_WS=16;UTCBAR=1;UTCATOMSWS=3;SYNCS_TRYWAIT=8;LDS=21;LDG=9;ptx_tcgen05_mma=21;ptx_tcgen05_mma_ws=16;ptx_tcgen05_commit=1;ptx_tcgen05_alloc=1;ptx_tcgen05_dealloc=1;ptx_tcgen05_ld=5;ptx_tcgen05_st=5;ptx_mbarrier_wait=5;ptx_cp_async_tma=2;ptx_ld_shared=26;ptx_ld_global=7
07_config_matrix,cfg_bf16_m128n128k16_c512_none_fill_use_lastuse_pingpong,0,max_abs_error>0.25,NVIDIA Thor,11.0,580.00,13.0,PTX ISA 9.3 / CUDA 13.0,1575.000,,,,bf16,128,128,16,32,128,217,5,fill_use_lastuse,pingpong,4,4,32,1,nocount,none,none,16,16,16,0,512,0,128,none,0,none,0,4,20,3779405.0,2399.6222222222223,,,,,8192,,17.898514425418817,,,0,0.83203125,1,bf14b28d2af4128daa99f23eec8a5e105636d0b04136f8be580fdc39d6f1f97d,; UTCHMMA=21;UTCHMMA_WS=16;UTCBAR=1;UTCATOMSWS=3;SYNCS_TRYWAIT=8;LDS=21;LDG=9;ptx_tcgen05_mma=21;ptx_tcgen05_mma_ws=16;ptx_tcgen05_commit=1;ptx_tcgen05_alloc=1;ptx_tcgen05_dealloc=1;ptx_tcgen05_ld=5;ptx_tcgen05_st=5;ptx_mbarrier_wait=5;ptx_cp_async_tma=2;ptx_ld_shared=26;ptx_ld_global=7
07_config_matrix,cfg_fp16_m128n256k16_c256_none_fill_use_lastuse_same,0,max_abs_error>0.05,NVIDIA Thor,11.0,580.00,13.0,PTX ISA 9.3 / CUDA 13.0,1575.000,,,,fp16,128,256,16,32,128,218,5,fill_use_lastuse,same,1,1,32,1,nocount,none,none,16,16,16,0,256,0,256,none,0,none,0,4,20,3282541.0,2084.153015873016,,,,,12288,,41.21546991309476,,,0,0.83203125,1,bf14b28d2af4128daa99f23eec8a5e105636d0b04136f8be580fdc39d6f1f97d,; UTCHMMA=21;UTCHMMA_WS=16;UTCBAR=1;UTCATOMSWS=3;SYNCS_TRYWAIT=8;LDS=21;LDG=9;ptx_tcgen05_mma=21;ptx_tcgen05_mma_ws=16;ptx_tcgen05_commit=1;ptx_tcgen05_alloc=1;ptx_tcgen05_dealloc=1;ptx_tcgen05_ld=5;ptx_tcgen05_st=5;ptx_mbarrier_wait=5;ptx_cp_async_tma=2;ptx_ld_shared=26;ptx_ld_global=7
07_config_matrix,cfg_fp16_m128n64k16_c256_none_fill_use_lastuse_same,0,max_abs_error>0.05,NVIDIA Thor,11.0,580.00,13.0,PTX ISA 9.3 / CUDA 13.0,1575.000,,,,fp16,128,64,16,32,128,219,5,fill_use_lastuse,same,4,4,32,1,nocount,none,none,16,16,16,0,256,0,64,none,0,none,0,4,20,3779295.0,2399.5523809523806,,,,,6144,,8.949517689410326,,,0,0.83203125,1,bf14b28d2af4128daa99f23eec8a5e105636d0b04136f8be580fdc39d6f1f97d,; UTCHMMA=21;UTCHMMA_WS=16;UTCBAR=1;UTCATOMSWS=3;SYNCS_TRYWAIT=8;LDS=21;LDG=9;ptx_tcgen05_mma=21;ptx_tcgen05_mma_ws=16;ptx_tcgen05_commit=1;ptx_tcgen05_alloc=1;ptx_tcgen05_dealloc=1;ptx_tcgen05_ld=5;ptx_tcgen05_st=5;ptx_mbarrier_wait=5;ptx_cp_async_tma=2;ptx_ld_shared=26;ptx_ld_global=7
07_config_matrix,cfg_bf16_m128n64k16_c128_sw64_discard_pingpong,1,,NVIDIA Thor,11.0,580.00,13.0,PTX ISA 9.3 / CUDA 13.0,1575.000,,,,bf16,128,64,16,32,128,220,5,discard,pingpong,2,2,32,1,nocount,sw64,sw64,16,16,16,0,128,0,64,none,0,none,0,4,20,3562217.0,2261.725079365079,3562206.0,3562394.5999999996,,869.681884765625,6144,7.064652153420187,9.494892494196732,9.49441913519448,9.494921814179191,0,0.0,1,bf14b28d2af4128daa99f23eec8a5e105636d0b04136f8be580fdc39d6f1f97d,; UTCHMMA=21;UTCHMMA_WS=16;UTCBAR=1;UTCATOMSWS=3;SYNCS_TRYWAIT=8;LDS=21;LDG=9;ptx_tcgen05_mma=21;ptx_tcgen05_mma_ws=16;ptx_tcgen05_commit=1;ptx_tcgen05_alloc=1;ptx_tcgen05_dealloc=1;ptx_tcgen05_ld=5;ptx_tcgen05_st=5;ptx_mbarrier_wait=5;ptx_cp_async_tma=2;ptx_ld_shared=26;ptx_ld_global=7
07_config_matrix,cfg_bf16_m128n64k16_c512_sw64_discard_same,1,,NVIDIA Thor,11.0,580.00,13.0,PTX ISA 9.3 / CUDA 13.0,1575.000,,,,bf16,128,64,16,32,128,221,5,discard,same,8,8,32,1,nocount,sw64,sw64,16,16,16,0,512,0,64,none,0,none,0,4,20,3562092.0,2261.6457142857143,3561949.4000000004,3562093.0,,869.6513671875,6144,7.0649000643442115,9.49522568647862,9.495223020847574,9.495605830794226,0,0.0,1,bf14b28d2af4128daa99f23eec8a5e105636d0b04136f8be580fdc39d6f1f97d,; UTCHMMA=21;UTCHMMA_WS=16;UTCBAR=1;UTCATOMSWS=3;SYNCS_TRYWAIT=8;LDS=21;LDG=9;ptx_tcgen05_mma=21;ptx_tcgen05_mma_ws=16;ptx_tcgen05_commit=1;ptx_tcgen05_alloc=1;ptx_tcgen05_dealloc=1;ptx_tcgen05_ld=5;ptx_tcgen05_st=5;ptx_mbarrier_wait=5;ptx_cp_async_tma=2;ptx_ld_shared=26;ptx_ld_global=7
07_config_matrix,cfg_fp16_m128n64k16_c128_none_discard_same,0,max_abs_error>0.05,NVIDIA Thor,11.0,580.00,13.0,PTX ISA 9.3 / CUDA 13.0,1575.000,,,,fp16,128,64,16,32,128,222,5,discard,same,2,2,32,1,nocount,none,none,16,16,16,0,128,0,64,none,0,none,0,4,20,3678956.0,2335.845079365079,,,,,6144,,9.19360477700739,,,0,0.83203125,1,bf14b28d2af4128daa99f23eec8a5e105636d0b04136f8be580fdc39d6f1f97d,; UTCHMMA=21;UTCHMMA_WS=16;UTCBAR=1;UTCATOMSWS=3;SYNCS_TRYWAIT=8;LDS=21;LDG=9;ptx_tcgen05_mma=21;ptx_tcgen05_mma_ws=16;ptx_tcgen05_commit=1;ptx_tcgen05_alloc=1;ptx_tcgen05_dealloc=1;ptx_tcgen05_ld=5;ptx_tcgen05_st=5;ptx_mbarrier_wait=5;ptx_cp_async_tma=2;ptx_ld_shared=26;ptx_ld_global=7
07_config_matrix,cfg_fp16_m128n64k16_c128_sw64_discard_same,1,,NVIDIA Thor,11.0,580.00,13.0,PTX ISA 9.3 / CUDA 13.0,1575.000,,,,fp16,128,64,16,32,128,223,5,discard,same,2,2,32,1,nocount,sw64,sw64,16,16,16,0,128,0,64,none,0,none,0,4,20,3562216.0,2261.7244444444445,3562213.1999999997,3562218.2,,869.681640625,6144,7.064654136638542,9.4948951596422,9.494889295664862,9.494902622899088,0,0.0,1,bf14b28d2af4128daa99f23eec8a5e105636d0b04136f8be580fdc39d6f1f97d,; UTCHMMA=21;UTCHMMA_WS=16;UTCBAR=1;UTCATOMSWS=3;SYNCS_TRYWAIT=8;LDS=21;LDG=9;ptx_tcgen05_mma=21;ptx_tcgen05_mma_ws=16;ptx_tcgen05_commit=1;ptx_tcgen05_alloc=1;ptx_tcgen05_dealloc=1;ptx_tcgen05_ld=5;ptx_tcgen05_st=5;ptx_mbarrier_wait=5;ptx_cp_async_tma=2;ptx_ld_shared=26;ptx_ld_global=7
07_config_matrix,cfg_bf16_m128n256k16_c512_none_discard_pingpong,0,max_abs_error>0.25,NVIDIA Thor,11.0,580.00,13.0,PTX ISA 9.3 / CUDA 13.0,1575.000,,,,bf16,128,256,16,32,128,224,5,discard,pingpong,2,2,32,1,nocount,none,none,16,16,16,0,512,0,256,none,0,none,0,4,20,3678183.0,2335.3542857142857,,,,,12288,,36.782147550570485,,,0,0.83203125,1,bf14b28d2af4128daa99f23eec8a5e105636d0b04136f8be580fdc39d6f1f97d,; UTCHMMA=21;UTCHMMA_WS=16;UTCBAR=1;UTCATOMSWS=3;SYNCS_TRYWAIT=8;LDS=21;LDG=9;ptx_tcgen05_mma=21;ptx_tcgen05_mma_ws=16;ptx_tcgen05_commit=1;ptx_tcgen05_alloc=1;ptx_tcgen05_dealloc=1;ptx_tcgen05_ld=5;ptx_tcgen05_st=5;ptx_mbarrier_wait=5;ptx_cp_async_tma=2;ptx_ld_shared=26;ptx_ld_global=7
07_config_matrix,cfg_bf16_m128n256k16_c512_none_fill_use_lastuse_same,0,max_abs_error>0.25,NVIDIA Thor,11.0,580.00,13.0,PTX ISA 9.3 / CUDA 13.0,1575.000,,,,bf16,128,256,16,32,128,225,5,fill_use_lastuse,same,2,2,32,1,nocount,none,none,16,16,16,0,512,0,256,none,0,none,0,4,20,3778478.0,2399.033650793651,,,,,12288,,35.80581118217441,,,0,0.83203125,1,bf14b28d2af4128daa99f23eec8a5e105636d0b04136f8be580fdc39d6f1f97d,; UTCHMMA=21;UTCHMMA_WS=16;UTCBAR=1;UTCATOMSWS=3;SYNCS_TRYWAIT=8;LDS=21;LDG=9;ptx_tcgen05_mma=21;ptx_tcgen05_mma_ws=16;ptx_tcgen05_commit=1;ptx_tcgen05_alloc=1;ptx_tcgen05_dealloc=1;ptx_tcgen05_ld=5;ptx_tcgen05_st=5;ptx_mbarrier_wait=5;ptx_cp_async_tma=2;ptx_ld_shared=26;ptx_ld_global=7
07_config_matrix,cfg_fp16_m128n256k16_c256_sw128_fill_use_lastuse_same,1,,NVIDIA Thor,11.0,580.00,13.0,PTX ISA 9.3 / CUDA 13.0,1575.000,,,,fp16,128,256,16,32,128,226,5,fill_use_lastuse,same,1,1,32,1,nocount,sw128,sw128,16,16,16,0,256,0,256,none,0,none,0,4,20,3282544.0,2084.1549206349205,3282538.4,3282545.0,,801.40234375,12288,15.33312211504248,41.21543224523418,41.21541968929596,41.21550255863055,0,0.0,1,bf14b28d2af4128daa99f23eec8a5e105636d0b04136f8be580fdc39d6f1f97d,; UTCHMMA=21;UTCHMMA_WS=16;UTCBAR=1;UTCATOMSWS=3;SYNCS_TRYWAIT=8;LDS=21;LDG=9;ptx_tcgen05_mma=21;ptx_tcgen05_mma_ws=16;ptx_tcgen05_commit=1;ptx_tcgen05_alloc=1;ptx_tcgen05_dealloc=1;ptx_tcgen05_ld=5;ptx_tcgen05_st=5;ptx_mbarrier_wait=5;ptx_cp_async_tma=2;ptx_ld_shared=26;ptx_ld_global=7
07_config_matrix,cfg_bf16_m128n128k16_c512_sw64_fill_use_lastuse_pingpong,1,,NVIDIA Thor,11.0,580.00,13.0,PTX ISA 9.3 / CUDA 13.0,1575.000,,,,bf16,128,128,16,32,128,227,5,fill_use_lastuse,pingpong,4,4,32,1,nocount,sw64,sw64,16,16,16,0,512,0,128,none,0,none,0,4,20,3664484.0,2326.6565079365078,3664479.8,3664486.2,,894.6494140625,8192,9.156659436908443,18.459825424807423,18.459814342323035,18.459846582318406,0,0.0,1,bf14b28d2af4128daa99f23eec8a5e105636d0b04136f8be580fdc39d6f1f97d,; UTCHMMA=21;UTCHMMA_WS=16;UTCBAR=1;UTCATOMSWS=3;SYNCS_TRYWAIT=8;LDS=21;LDG=9;ptx_tcgen05_mma=21;ptx_tcgen05_mma_ws=16;ptx_tcgen05_commit=1;ptx_tcgen05_alloc=1;ptx_tcgen05_dealloc=1;ptx_tcgen05_ld=5;ptx_tcgen05_st=5;ptx_mbarrier_wait=5;ptx_cp_async_tma=2;ptx_ld_shared=26;ptx_ld_global=7
07_config_matrix,cfg_fp16_m128n128k16_c256_sw64_discard_pingpong,1,,NVIDIA Thor,11.0,580.00,13.0,PTX ISA 9.3 / CUDA 13.0,1575.000,,,,fp16,128,128,16,32,128,228,5,discard,pingpong,2,2,32,1,nocount,sw64,sw64,16,16,16,0,256,0,128,none,0,none,0,4,20,3563108.0,2262.2907936507936,3563101.4,3563113.0,,869.8994140625,8192,9.417180730979808,18.985036353655293,18.98500971258334,18.985071520009516,0,0.0,1,bf14b28d2af4128daa99f23eec8a5e105636d0b04136f8be580fdc39d6f1f97d,; UTCHMMA=21;UTCHMMA_WS=16;UTCBAR=1;UTCATOMSWS=3;SYNCS_TRYWAIT=8;LDS=21;LDG=9;ptx_tcgen05_mma=21;ptx_tcgen05_mma_ws=16;ptx_tcgen05_commit=1;ptx_tcgen05_alloc=1;ptx_tcgen05_dealloc=1;ptx_tcgen05_ld=5;ptx_tcgen05_st=5;ptx_mbarrier_wait=5;ptx_cp_async_tma=2;ptx_ld_shared=26;ptx_ld_global=7
07_config_matrix,cfg_fp16_m128n64k16_c512_sw128_fill_use_lastuse_same,1,,NVIDIA Thor,11.0,580.00,13.0,PTX ISA 9.3 / CUDA 13.0,1575.000,,,,fp16,128,64,16,32,128,229,5,fill_use_lastuse,same,8,8,32,1,nocount,sw128,sw128,16,16,16,0,512,0,64,none,0,none,0,4,20,3779300.0,2399.555555555555,3779299.0,3779303.2,,922.6806640625,6144,6.658858518773318,8.94950584923134,8.94949827153383,8.949508217264631,0,0.0,1,bf14b28d2af4128daa99f23eec8a5e105636d0b04136f8be580fdc39d6f1f97d,; UTCHMMA=21;UTCHMMA_WS=16;UTCBAR=1;UTCATOMSWS=3;SYNCS_TRYWAIT=8;LDS=21;LDG=9;ptx_tcgen05_mma=21;ptx_tcgen05_mma_ws=16;ptx_tcgen05_commit=1;ptx_tcgen05_alloc=1;ptx_tcgen05_dealloc=1;ptx_tcgen05_ld=5;ptx_tcgen05_st=5;ptx_mbarrier_wait=5;ptx_cp_async_tma=2;ptx_ld_shared=26;ptx_ld_global=7
07_config_matrix,cfg_fp16_m128n128k16_c256_sw128_discard_pingpong,1,,NVIDIA Thor,11.0,580.00,13.0,PTX ISA 9.3 / CUDA 13.0,1575.000,,,,fp16,128,128,16,32,128,230,5,discard,pingpong,2,2,32,1,nocount,sw128,sw128,16,16,16,0,256,0,128,none,0,none,0,4,20,3678959.0,2335.8469841269844,3678957.4,3678975.2,,898.183349609375,8192,9.120632222321586,18.387194560200317,18.387113594119,18.38720255689865,0,0.0,1,bf14b28d2af4128daa99f23eec8a5e105636d0b04136f8be580fdc39d6f1f97d,; UTCHMMA=21;UTCHMMA_WS=16;UTCBAR=1;UTCATOMSWS=3;SYNCS_TRYWAIT=8;LDS=21;LDG=9;ptx_tcgen05_mma=21;ptx_tcgen05_mma_ws=16;ptx_tcgen05_commit=1;ptx_tcgen05_alloc=1;ptx_tcgen05_dealloc=1;ptx_tcgen05_ld=5;ptx_tcgen05_st=5;ptx_mbarrier_wait=5;ptx_cp_async_tma=2;ptx_ld_shared=26;ptx_ld_global=7
07_config_matrix,cfg_bf16_m128n64k16_c128_none_fill_use_lastuse_same,0,max_abs_error>0.25,NVIDIA Thor,11.0,580.00,13.0,PTX ISA 9.3 / CUDA 13.0,1575.000,,,,bf16,128,64,16,32,128,231,5,fill_use_lastuse,same,2,2,32,1,nocount,none,none,16,16,16,0,128,0,64,none,0,none,0,4,20,3779294.0,2399.551746031746,,,,,6144,,8.949520057449883,,,0,0.83203125,1,bf14b28d2af4128daa99f23eec8a5e105636d0b04136f8be580fdc39d6f1f97d,; UTCHMMA=21;UTCHMMA_WS=16;UTCBAR=1;UTCATOMSWS=3;SYNCS_TRYWAIT=8;LDS=21;LDG=9;ptx_tcgen05_mma=21;ptx_tcgen05_mma_ws=16;ptx_tcgen05_commit=1;ptx_tcgen05_alloc=1;ptx_tcgen05_dealloc=1;ptx_tcgen05_ld=5;ptx_tcgen05_st=5;ptx_mbarrier_wait=5;ptx_cp_async_tma=2;ptx_ld_shared=26;ptx_ld_global=7
07_config_matrix,cfg_bf16_m128n64k16_c512_sw32_fill_use_lastuse_pingpong,1,,NVIDIA Thor,11.0,580.00,13.0,PTX ISA 9.3 / CUDA 13.0,1575.000,,,,bf16,128,64,16,32,128,232,5,fill_use_lastuse,pingpong,8,8,32,1,nocount,sw32,sw32,16,16,16,0,512,0,64,none,0,none,0,4,20,3488015.0,2214.612698412698,3488013.0,3820926.2,,851.566162109375,6144,7.214941449506381,9.696881308136577,8.898388458248288,9.696886868254218,0,0.0,1,bf14b28d2af4128daa99f23eec8a5e105636d0b04136f8be580fdc39d6f1f97d,; UTCHMMA=21;UTCHMMA_WS=16;UTCBAR=1;UTCATOMSWS=3;SYNCS_TRYWAIT=8;LDS=21;LDG=9;ptx_tcgen05_mma=21;ptx_tcgen05_mma_ws=16;ptx_tcgen05_commit=1;ptx_tcgen05_alloc=1;ptx_tcgen05_dealloc=1;ptx_tcgen05_ld=5;ptx_tcgen05_st=5;ptx_mbarrier_wait=5;ptx_cp_async_tma=2;ptx_ld_shared=26;ptx_ld_global=7
07_config_matrix,cfg_fp16_m128n128k16_c512_none_fill_use_lastuse_pingpong,0,max_abs_error>0.05,NVIDIA Thor,11.0,580.00,13.0,PTX ISA 9.3 / CUDA 13.0,1575.000,,,,fp16,128,128,16,32,128,233,5,fill_use_lastuse,pingpong,4,4,32,1,nocount,none,none,16,16,16,0,512,0,128,none,0,none,0,4,20,3779417.0,2399.6298412698416,,,,,8192,,17.898457595973134,,,0,0.83203125,1,bf14b28d2af4128daa99f23eec8a5e105636d0b04136f8be580fdc39d6f1f97d,; UTCHMMA=21;UTCHMMA_WS=16;UTCBAR=1;UTCATOMSWS=3;SYNCS_TRYWAIT=8;LDS=21;LDG=9;ptx_tcgen05_mma=21;ptx_tcgen05_mma_ws=16;ptx_tcgen05_commit=1;ptx_tcgen05_alloc=1;ptx_tcgen05_dealloc=1;ptx_tcgen05_ld=5;ptx_tcgen05_st=5;ptx_mbarrier_wait=5;ptx_cp_async_tma=2;ptx_ld_shared=26;ptx_ld_global=7
07_config_matrix,cfg_fp16_m128n64k16_c128_sw128_discard_pingpong,1,,NVIDIA Thor,11.0,580.00,13.0,PTX ISA 9.3 / CUDA 13.0,1575.000,,,,fp16,128,64,16,32,128,234,5,discard,pingpong,2,2,32,1,nocount,sw128,sw128,16,16,16,0,128,0,64,none,0,none,0,4,20,3678956.0,2335.845079365079,3678954.2,3678957.2,,898.1826171875,6144,6.8404797447971655,9.19360477700739,9.193601778243682,9.193609275159064,0,0.0,1,bf14b28d2af4128daa99f23eec8a5e105636d0b04136f8be580fdc39d6f1f97d,; UTCHMMA=21;UTCHMMA_WS=16;UTCBAR=1;UTCATOMSWS=3;SYNCS_TRYWAIT=8;LDS=21;LDG=9;ptx_tcgen05_mma=21;ptx_tcgen05_mma_ws=16;ptx_tcgen05_commit=1;ptx_tcgen05_alloc=1;ptx_tcgen05_dealloc=1;ptx_tcgen05_ld=5;ptx_tcgen05_st=5;ptx_mbarrier_wait=5;ptx_cp_async_tma=2;ptx_ld_shared=26;ptx_ld_global=7
07_config_matrix,cfg_bf16_m128n256k16_c512_sw32_discard_pingpong,1,,NVIDIA Thor,11.0,580.00,13.0,PTX ISA 9.3 / CUDA 13.0,1575.000,,,,bf16,128,256,16,32,128,235,5,discard,pingpong,2,2,32,1,nocount,sw32,sw32,16,16,16,0,512,0,256,none,0,none,0,4,20,3387349.0,2150.697777777778,3387156.4000000004,3387523.0,,826.989501953125,12288,14.858713406855921,39.94022163762871,39.938170157659236,39.942492724009554,0,0.0,1,bf14b28d2af4128daa99f23eec8a5e105636d0b04136f8be580fdc39d6f1f97d,; UTCHMMA=21;UTCHMMA_WS=16;UTCBAR=1;UTCATOMSWS=3;SYNCS_TRYWAIT=8;LDS=21;LDG=9;ptx_tcgen05_mma=21;ptx_tcgen05_mma_ws=16;ptx_tcgen05_commit=1;ptx_tcgen05_alloc=1;ptx_tcgen05_dealloc=1;ptx_tcgen05_ld=5;ptx_tcgen05_st=5;ptx_mbarrier_wait=5;ptx_cp_async_tma=2;ptx_ld_shared=26;ptx_ld_global=7
07_config_matrix,cfg_fp16_m128n128k16_c512_sw64_discard_pingpong,1,,NVIDIA Thor,11.0,580.00,13.0,PTX ISA 9.3 / CUDA 13.0,1575.000,,,,fp16,128,128,16,32,128,236,5,discard,pingpong,4,4,32,1,nocount,sw64,sw64,16,16,16,0,512,0,128,none,0,none,0,4,20,3563107.0,2262.290158730159,3562913.5999999996,3563115.5999999996,,869.899169921875,8192,9.417183373948635,18.985041681880446,18.98499585925476,18.986072252241396,0,0.0,1,bf14b28d2af4128daa99f23eec8a5e105636d0b04136f8be580fdc39d6f1f97d,; UTCHMMA=21;UTCHMMA_WS=16;UTCBAR=1;UTCATOMSWS=3;SYNCS_TRYWAIT=8;LDS=21;LDG=9;ptx_tcgen05_mma=21;ptx_tcgen05_mma_ws=16;ptx_tcgen05_commit=1;ptx_tcgen05_alloc=1;ptx_tcgen05_dealloc=1;ptx_tcgen05_ld=5;ptx_tcgen05_st=5;ptx_mbarrier_wait=5;ptx_cp_async_tma=2;ptx_ld_shared=26;ptx_ld_global=7
07_config_matrix,cfg_fp16_m128n64k16_c256_sw128_fill_use_lastuse_same,1,,NVIDIA Thor,11.0,580.00,13.0,PTX ISA 9.3 / CUDA 13.0,1575.000,,,,fp16,128,64,16,32,128,237,5,fill_use_lastuse,same,4,4,32,1,nocount,sw128,sw128,16,16,16,0,256,0,64,none,0,none,0,4,20,3779299.0,2399.5549206349206,3779295.6,3779303.0,,922.680419921875,6144,6.65886028070285,8.949508217264631,8.949498745142744,8.9495162685896,0,0.0,1,bf14b28d2af4128daa99f23eec8a5e105636d0b04136f8be580fdc39d6f1f97d,; UTCHMMA=21;UTCHMMA_WS=16;UTCBAR=1;UTCATOMSWS=3;SYNCS_TRYWAIT=8;LDS=21;LDG=9;ptx_tcgen05_mma=21;ptx_tcgen05_mma_ws=16;ptx_tcgen05_commit=1;ptx_tcgen05_alloc=1;ptx_tcgen05_dealloc=1;ptx_tcgen05_ld=5;ptx_tcgen05_st=5;ptx_mbarrier_wait=5;ptx_cp_async_tma=2;ptx_ld_shared=26;ptx_ld_global=7
07_config_matrix,cfg_fp16_m128n64k16_c512_sw64_fill_use_lastuse_same,1,,NVIDIA Thor,11.0,580.00,13.0,PTX ISA 9.3 / CUDA 13.0,1575.000,,,,fp16,128,64,16,32,128,238,5,fill_use_lastuse,same,8,8,32,1,nocount,sw64,sw64,16,16,16,0,512,0,64,none,0,none,0,4,20,3664590.0,2326.72380952381,3664474.0,3664590.5999999996,,894.67529296875,6144,6.867295932150664,9.229645732810491,9.229644221649373,9.229937899955083,0,0.0,1,bf14b28d2af4128daa99f23eec8a5e105636d0b04136f8be580fdc39d6f1f97d,; UTCHMMA=21;UTCHMMA_WS=16;UTCBAR=1;UTCATOMSWS=3;SYNCS_TRYWAIT=8;LDS=21;LDG=9;ptx_tcgen05_mma=21;ptx_tcgen05_mma_ws=16;ptx_tcgen05_commit=1;ptx_tcgen05_alloc=1;ptx_tcgen05_dealloc=1;ptx_tcgen05_ld=5;ptx_tcgen05_st=5;ptx_mbarrier_wait=5;ptx_cp_async_tma=2;ptx_ld_shared=26;ptx_ld_global=7
07_config_matrix,cfg_fp16_m128n64k16_c256_sw32_discard_same,1,,NVIDIA Thor,11.0,580.00,13.0,PTX ISA 9.3 / CUDA 13.0,1575.000,,,,fp16,128,64,16,32,128,239,5,discard,same,4,4,32,1,nocount,sw32,sw32,16,16,16,0,256,0,64,none,0,none,0,4,20,3387372.0,2150.712380952381,3387370.4000000004,3387443.4,,826.9951171875,6144,7.429306258657154,9.984987611635212,9.984777151893224,9.984992327972373,0,0.0,1,bf14b28d2af4128daa99f23eec8a5e105636d0b04136f8be580fdc39d6f1f97d,; UTCHMMA=21;UTCHMMA_WS=16;UTCBAR=1;UTCATOMSWS=3;SYNCS_TRYWAIT=8;LDS=21;LDG=9;ptx_tcgen05_mma=21;ptx_tcgen05_mma_ws=16;ptx_tcgen05_commit=1;ptx_tcgen05_alloc=1;ptx_tcgen05_dealloc=1;ptx_tcgen05_ld=5;ptx_tcgen05_st=5;ptx_mbarrier_wait=5;ptx_cp_async_tma=2;ptx_ld_shared=26;ptx_ld_global=7
07_config_matrix,cfg_bf16_m128n256k16_c256_sw64_discard_same,1,,NVIDIA Thor,11.0,580.00,13.0,PTX ISA 9.3 / CUDA 13.0,1575.000,,,,bf16,128,256,16,32,128,240,5,discard,same,1,1,32,1,nocount,sw64,sw64,16,16,16,0,256,0,256,none,0,none,0,4,20,3068260.0,1948.1015873015874,3067762.5999999996,3068260.6,,749.0869140625,12288,16.40397098029502,44.093873995033015,44.093865372453514,44.101023274765524,0,0.0,1,bf14b28d2af4128daa99f23eec8a5e105636d0b04136f8be580fdc39d6f1f97d,; UTCHMMA=21;UTCHMMA_WS=16;UTCBAR=1;UTCATOMSWS=3;SYNCS_TRYWAIT=8;LDS=21;LDG=9;ptx_tcgen05_mma=21;ptx_tcgen05_mma_ws=16;ptx_tcgen05_commit=1;ptx_tcgen05_alloc=1;ptx_tcgen05_dealloc=1;ptx_tcgen05_ld=5;ptx_tcgen05_st=5;ptx_mbarrier_wait=5;ptx_cp_async_tma=2;ptx_ld_shared=26;ptx_ld_global=7
07_config_matrix,cfg_fp16_m128n128k16_c128_sw64_discard_pingpong,1,,NVIDIA Thor,11.0,580.00,13.0,PTX ISA 9.3 / CUDA 13.0,1575.000,,,,fp16,128,128,16,32,128,241,5,discard,pingpong,1,1,32,1,nocount,sw64,sw64,16,16,16,0,128,0,128,none,0,none,0,4,20,3067587.0,1947.6742857142858,3067574.0,3067588.6,,748.922607421875,8192,10.938379905769583,22.05177389003148,22.051762388216503,22.05186734295248,0,0.0,1,bf14b28d2af4128daa99f23eec8a5e105636d0b04136f8be580fdc39d6f1f97d,; UTCHMMA=21;UTCHMMA_WS=16;UTCBAR=1;UTCATOMSWS=3;SYNCS_TRYWAIT=8;LDS=21;LDG=9;ptx_tcgen05_mma=21;ptx_tcgen05_mma_ws=16;ptx_tcgen05_commit=1;ptx_tcgen05_alloc=1;ptx_tcgen05_dealloc=1;ptx_tcgen05_ld=5;ptx_tcgen05_st=5;ptx_mbarrier_wait=5;ptx_cp_async_tma=2;ptx_ld_shared=26;ptx_ld_global=7
07_config_matrix,cfg_bf16_m128n128k16_c256_none_discard_pingpong,0,max_abs_error>0.25,NVIDIA Thor,11.0,580.00,13.0,PTX ISA 9.3 / CUDA 13.0,1575.000,,,,bf16,128,128,16,32,128,242,5,discard,pingpong,2,2,32,1,nocount,none,none,16,16,16,0,256,0,128,none,0,none,0,4,20,3678984.0,2335.862857142857,,,,,8192,,18.387069612697417,,,0,0.83203125,1,bf14b28d2af4128daa99f23eec8a5e105636d0b04136f8be580fdc39d6f1f97d,; UTCHMMA=21;UTCHMMA_WS=16;UTCBAR=1;UTCATOMSWS=3;SYNCS_TRYWAIT=8;LDS=21;LDG=9;ptx_tcgen05_mma=21;ptx_tcgen05_mma_ws=16;ptx_tcgen05_commit=1;ptx_tcgen05_alloc=1;ptx_tcgen05_dealloc=1;ptx_tcgen05_ld=5;ptx_tcgen05_st=5;ptx_mbarrier_wait=5;ptx_cp_async_tma=2;ptx_ld_shared=26;ptx_ld_global=7
07_config_matrix,cfg_fp16_m128n256k16_c512_sw32_discard_pingpong,1,,NVIDIA Thor,11.0,580.00,13.0,PTX ISA 9.3 / CUDA 13.0,1575.000,,,,fp16,128,256,16,32,128,243,5,discard,pingpong,2,2,32,1,nocount,sw32,sw32,16,16,16,0,512,0,256,none,0,none,0,4,20,3387352.0,2150.6996825396827,3387207.0,3387515.0,,826.990234375,12288,14.858700247272797,39.94018626466927,39.93826448894791,39.94189607750873,0,0.0,1,bf14b28d2af4128daa99f23eec8a5e105636d0b04136f8be580fdc39d6f1f97d,; UTCHMMA=21;UTCHMMA_WS=16;UTCBAR=1;UTCATOMSWS=3;SYNCS_TRYWAIT=8;LDS=21;LDG=9;ptx_tcgen05_mma=21;ptx_tcgen05_mma_ws=16;ptx_tcgen05_commit=1;ptx_tcgen05_alloc=1;ptx_tcgen05_dealloc=1;ptx_tcgen05_ld=5;ptx_tcgen05_st=5;ptx_mbarrier_wait=5;ptx_cp_async_tma=2;ptx_ld_shared=26;ptx_ld_global=7
07_config_matrix,cfg_bf16_m128n256k16_c256_sw32_discard_pingpong,1,,NVIDIA Thor,11.0,580.00,13.0,PTX ISA 9.3 / CUDA 13.0,1575.000,,,,bf16,128,256,16,32,128,244,5,discard,pingpong,1,1,32,1,nocount,sw32,sw32,16,16,16,0,256,0,256,none,0,none,0,4,20,2891091.0,1835.6133333333335,2891089.4,2891099.0,,705.832763671875,12288,17.409223023419187,46.795991486950776,46.79586199725034,46.79601738500507,0,0.0,1,bf14b28d2af4128daa99f23eec8a5e105636d0b04136f8be580fdc39d6f1f97d,; UTCHMMA=21;UTCHMMA_WS=16;UTCBAR=1;UTCATOMSWS=3;SYNCS_TRYWAIT=8;LDS=21;LDG=9;ptx_tcgen05_mma=21;ptx_tcgen05_mma_ws=16;ptx_tcgen05_commit=1;ptx_tcgen05_alloc=1;ptx_tcgen05_dealloc=1;ptx_tcgen05_ld=5;ptx_tcgen05_st=5;ptx_mbarrier_wait=5;ptx_cp_async_tma=2;ptx_ld_shared=26;ptx_ld_global=7
07_config_matrix,cfg_fp16_m128n64k16_c256_sw64_discard_pingpong,1,,NVIDIA Thor,11.0,580.00,13.0,PTX ISA 9.3 / CUDA 13.0,1575.000,,,,fp16,128,64,16,32,128,245,5,discard,pingpong,4,4,32,1,nocount,sw64,sw64,16,16,16,0,256,0,64,none,0,none,0,4,20,3562086.0,2261.6419047619047,3561849.4,3562093.5999999996,,869.64990234375,6144,7.064911964506191,9.49524168029632,9.495221421491397,9.495872412797869,0,0.0,1,bf14b28d2af4128daa99f23eec8a5e105636d0b04136f8be580fdc39d6f1f97d,; UTCHMMA=21;UTCHMMA_WS=16;UTCBAR=1;UTCATOMSWS=3;SYNCS_TRYWAIT=8;LDS=21;LDG=9;ptx_tcgen05_mma=21;ptx_tcgen05_mma_ws=16;ptx_tcgen05_commit=1;ptx_tcgen05_alloc=1;ptx_tcgen05_dealloc=1;ptx_tcgen05_ld=5;ptx_tcgen05_st=5;ptx_mbarrier_wait=5;ptx_cp_async_tma=2;ptx_ld_shared=26;ptx_ld_global=7
07_config_matrix,cfg_fp16_m128n128k16_c512_sw128_discard_pingpong,1,,NVIDIA Thor,11.0,580.00,13.0,PTX ISA 9.3 / CUDA 13.0,1575.000,,,,fp16,128,128,16,32,128,246,5,discard,pingpong,4,4,32,1,nocount,sw128,sw128,16,16,16,0,512,0,128,none,0,none,0,4,20,3678963.0,2335.849523809524,3678959.4,3678973.6,,898.184326171875,8192,9.120622305796498,18.387174568485744,18.387121590735816,18.38719256102723,0,0.0,1,bf14b28d2af4128daa99f23eec8a5e105636d0b04136f8be580fdc39d6f1f97d,; UTCHMMA=21;UTCHMMA_WS=16;UTCBAR=1;UTCATOMSWS=3;SYNCS_TRYWAIT=8;LDS=21;LDG=9;ptx_tcgen05_mma=21;ptx_tcgen05_mma_ws=16;ptx_tcgen05_commit=1;ptx_tcgen05_alloc=1;ptx_tcgen05_dealloc=1;ptx_tcgen05_ld=5;ptx_tcgen05_st=5;ptx_mbarrier_wait=5;ptx_cp_async_tma=2;ptx_ld_shared=26;ptx_ld_global=7
07_config_matrix,cfg_bf16_m128n64k16_c256_sw64_fill_use_lastuse_pingpong,1,,NVIDIA Thor,11.0,580.00,13.0,PTX ISA 9.3 / CUDA 13.0,1575.000,,,,bf16,128,64,16,32,128,247,5,fill_use_lastuse,pingpong,4,4,32,1,nocount,sw64,sw64,16,16,16,0,256,0,64,none,0,none,0,4,20,3664484.0,2326.6565079365078,3664475.0,3664545.8,,894.6494140625,6144,6.867494577681333,9.229912712403712,9.229757058136087,9.229935381197883,0,0.0,1,bf14b28d2af4128daa99f23eec8a5e105636d0b04136f8be580fdc39d6f1f97d,; UTCHMMA=21;UTCHMMA_WS=16;UTCBAR=1;UTCATOMSWS=3;SYNCS_TRYWAIT=8;LDS=21;LDG=9;ptx_tcgen05_mma=21;ptx_tcgen05_mma_ws=16;ptx_tcgen05_commit=1;ptx_tcgen05_alloc=1;ptx_tcgen05_dealloc=1;ptx_tcgen05_ld=5;ptx_tcgen05_st=5;ptx_mbarrier_wait=5;ptx_cp_async_tma=2;ptx_ld_shared=26;ptx_ld_global=7
07_config_matrix,cfg_fp16_m128n256k16_c256_sw64_discard_pingpong,1,,NVIDIA Thor,11.0,580.00,13.0,PTX ISA 9.3 / CUDA 13.0,1575.000,,,,fp16,128,256,16,32,128,248,5,discard,pingpong,1,1,32,1,nocount,sw64,sw64,16,16,16,0,256,0,256,none,0,none,0,4,20,3068258.0,1948.1003174603175,3067766.4,3068261.5999999996,,749.08642578125,12288,16.403981672988387,44.09390273699278,44.093851001493306,44.10096864741834,0,0.0,1,bf14b28d2af4128daa99f23eec8a5e105636d0b04136f8be580fdc39d6f1f97d,; UTCHMMA=21;UTCHMMA_WS=16;UTCBAR=1;UTCATOMSWS=3;SYNCS_TRYWAIT=8;LDS=21;LDG=9;ptx_tcgen05_mma=21;ptx_tcgen05_mma_ws=16;ptx_tcgen05_commit=1;ptx_tcgen05_alloc=1;ptx_tcgen05_dealloc=1;ptx_tcgen05_ld=5;ptx_tcgen05_st=5;ptx_mbarrier_wait=5;ptx_cp_async_tma=2;ptx_ld_shared=26;ptx_ld_global=7
07_config_matrix,cfg_bf16_m128n128k16_c128_sw32_discard_same,1,,NVIDIA Thor,11.0,580.00,13.0,PTX ISA 9.3 / CUDA 13.0,1575.000,,,,bf16,128,128,16,32,128,249,5,discard,same,1,1,32,1,nocount,sw32,sw32,16,16,16,0,128,0,128,none,0,none,0,4,20,2891382.0,1835.7980952380951,2891379.2,2891385.2,,705.90380859375,8192,11.604980594055023,23.395640877614927,23.39561498482034,23.395663533865594,0,0.0,1,bf14b28d2af4128daa99f23eec8a5e105636d0b04136f8be580fdc39d6f1f97d,; UTCHMMA=21;UTCHMMA_WS=16;UTCBAR=1;UTCATOMSWS=3;SYNCS_TRYWAIT=8;LDS=21;LDG=9;ptx_tcgen05_mma=21;ptx_tcgen05_mma_ws=16;ptx_tcgen05_commit=1;ptx_tcgen05_alloc=1;ptx_tcgen05_dealloc=1;ptx_tcgen05_ld=5;ptx_tcgen05_st=5;ptx_mbarrier_wait=5;ptx_cp_async_tma=2;ptx_ld_shared=26;ptx_ld_global=7
07_config_matrix,cfg_fp16_m128n128k16_c256_sw32_fill_use_lastuse_pingpong,1,,NVIDIA Thor,11.0,580.00,13.0,PTX ISA 9.3 / CUDA 13.0,1575.000,,,,fp16,128,128,16,32,128,250,5,fill_use_lastuse,pingpong,2,2,32,1,nocount,sw32,sw32,16,16,16,0,256,0,128,none,0,none,0,4,20,3487604.0,2214.351746031746,3487602.4000000004,3487606.8,,851.4658203125,8192,9.62105560149604,19.39604809261602,19.396032520641953,19.39605699090049,0,0.0,1,bf14b28d2af4128daa99f23eec8a5e105636d0b04136f8be580fdc39d6f1f97d,; UTCHMMA=21;UTCHMMA_WS=16;UTCBAR=1;UTCATOMSWS=3;SYNCS_TRYWAIT=8;LDS=21;LDG=9;ptx_tcgen05_mma=21;ptx_tcgen05_mma_ws=16;ptx_tcgen05_commit=1;ptx_tcgen05_alloc=1;ptx_tcgen05_dealloc=1;ptx_tcgen05_ld=5;ptx_tcgen05_st=5;ptx_mbarrier_wait=5;ptx_cp_async_tma=2;ptx_ld_shared=26;ptx_ld_global=7
07_config_matrix,cfg_bf16_m128n128k16_c256_sw128_discard_same,1,,NVIDIA Thor,11.0,580.00,13.0,PTX ISA 9.3 / CUDA 13.0,1575.000,,,,bf16,128,128,16,32,128,251,5,discard,same,2,2,32,1,nocount,sw128,sw128,16,16,16,0,256,0,128,none,0,none,0,4,20,3678991.0,2335.867301587302,3678959.2,3678992.5999999996,,898.191162109375,8192,9.120552890724658,18.38703462770091,18.387026631149297,18.387193560616492,0,0.0,1,bf14b28d2af4128daa99f23eec8a5e105636d0b04136f8be580fdc39d6f1f97d,; UTCHMMA=21;UTCHMMA_WS=16;UTCBAR=1;UTCATOMSWS=3;SYNCS_TRYWAIT=8;LDS=21;LDG=9;ptx_tcgen05_mma=21;ptx_tcgen05_mma_ws=16;ptx_tcgen05_commit=1;ptx_tcgen05_alloc=1;ptx_tcgen05_dealloc=1;ptx_tcgen05_ld=5;ptx_tcgen05_st=5;ptx_mbarrier_wait=5;ptx_cp_async_tma=2;ptx_ld_shared=26;ptx_ld_global=7
07_config_matrix,cfg_fp16_m128n128k16_c256_none_fill_use_lastuse_same,0,max_abs_error>0.05,NVIDIA Thor,11.0,580.00,13.0,PTX ISA 9.3 / CUDA 13.0,1575.000,,,,fp16,128,128,16,32,128,252,5,fill_use_lastuse,same,2,2,32,1,nocount,none,none,16,16,16,0,256,0,128,none,0,none,0,4,20,3779419.0,2399.631111111111,,,,,8192,,17.89844812443394,,,0,0.83203125,1,bf14b28d2af4128daa99f23eec8a5e105636d0b04136f8be580fdc39d6f1f97d,; UTCHMMA=21;UTCHMMA_WS=16;UTCBAR=1;UTCATOMSWS=3;SYNCS_TRYWAIT=8;LDS=21;LDG=9;ptx_tcgen05_mma=21;ptx_tcgen05_mma_ws=16;ptx_tcgen05_commit=1;ptx_tcgen05_alloc=1;ptx_tcgen05_dealloc=1;ptx_tcgen05_ld=5;ptx_tcgen05_st=5;ptx_mbarrier_wait=5;ptx_cp_async_tma=2;ptx_ld_shared=26;ptx_ld_global=7
07_config_matrix,cfg_fp16_m128n128k16_c512_sw32_discard_same,1,,NVIDIA Thor,11.0,580.00,13.0,PTX ISA 9.3 / CUDA 13.0,1575.000,,,,fp16,128,128,16,32,128,253,5,discard,same,4,4,32,1,nocount,sw32,sw32,16,16,16,0,512,0,128,none,0,none,0,4,20,3387674.0,2150.9041269841273,3387615.2,3387675.0,,827.06884765625,8192,9.904858613904407,19.968194965631284,19.96818907126569,19.968541560450177,0,0.0,1,bf14b28d2af4128daa99f23eec8a5e105636d0b04136f8be580fdc39d6f1f97d,; UTCHMMA=21;UTCHMMA_WS=16;UTCBAR=1;UTCATOMSWS=3;SYNCS_TRYWAIT=8;LDS=21;LDG=9;ptx_tcgen05_mma=21;ptx_tcgen05_mma_ws=16;ptx_tcgen05_commit=1;ptx_tcgen05_alloc=1;ptx_tcgen05_dealloc=1;ptx_tcgen05_ld=5;ptx_tcgen05_st=5;ptx_mbarrier_wait=5;ptx_cp_async_tma=2;ptx_ld_shared=26;ptx_ld_global=7
07_config_matrix,cfg_bf16_m128n256k16_c512_sw32_fill_use_lastuse_same,1,,NVIDIA Thor,11.0,580.00,13.0,PTX ISA 9.3 / CUDA 13.0,1575.000,,,,bf16,128,256,16,32,128,254,5,fill_use_lastuse,same,2,2,32,1,nocount,sw32,sw32,16,16,16,0,512,0,256,none,0,none,0,4,20,3487734.0,2214.4342857142856,3487731.2,3487737.2,,851.49755859375,12288,14.431045486840453,38.79065026862714,38.790614678196135,38.79068141031741,0,0.0,1,bf14b28d2af4128daa99f23eec8a5e105636d0b04136f8be580fdc39d6f1f97d,; UTCHMMA=21;UTCHMMA_WS=16;UTCBAR=1;UTCATOMSWS=3;SYNCS_TRYWAIT=8;LDS=21;LDG=9;ptx_tcgen05_mma=21;ptx_tcgen05_mma_ws=16;ptx_tcgen05_commit=1;ptx_tcgen05_alloc=1;ptx_tcgen05_dealloc=1;ptx_tcgen05_ld=5;ptx_tcgen05_st=5;ptx_mbarrier_wait=5;ptx_cp_async_tma=2;ptx_ld_shared=26;ptx_ld_global=7
07_config_matrix,cfg_fp16_m128n128k16_c512_sw32_fill_use_lastuse_same,1,,NVIDIA Thor,11.0,580.00,13.0,PTX ISA 9.3 / CUDA 13.0,1575.000,,,,fp16,128,128,16,32,128,255,5,fill_use_lastuse,same,4,4,32,1,nocount,sw32,sw32,16,16,16,0,512,0,128,none,0,none,0,4,20,3487605.0,2214.352380952381,3487603.2,3487608.4,,851.466064453125,8192,9.621052842853477,19.39604253119261,19.39602362238299,19.396052541760486,0,0.0,1,bf14b28d2af4128daa99f23eec8a5e105636d0b04136f8be580fdc39d6f1f97d,; UTCHMMA=21;UTCHMMA_WS=16;UTCBAR=1;UTCATOMSWS=3;SYNCS_TRYWAIT=8;LDS=21;LDG=9;ptx_tcgen05_mma=21;ptx_tcgen05_mma_ws=16;ptx_tcgen05_commit=1;ptx_tcgen05_alloc=1;ptx_tcgen05_dealloc=1;ptx_tcgen05_ld=5;ptx_tcgen05_st=5;ptx_mbarrier_wait=5;ptx_cp_async_tma=2;ptx_ld_shared=26;ptx_ld_global=7
07_config_matrix,cfg_fp16_m128n128k16_c256_sw32_discard_pingpong,1,,NVIDIA Thor,11.0,580.00,13.0,PTX ISA 9.3 / CUDA 13.0,1575.000,,,,fp16,128,128,16,32,128,256,5,discard,pingpong,2,2,32,1,nocount,sw32,sw32,16,16,16,0,256,0,128,none,0,none,0,4,20,3387618.0,2150.868571428571,3387617.4000000004,3387627.0,,827.05517578125,8192,9.905022349036994,19.968525055658578,19.968472004781365,19.96852859239695,0,0.0,1,bf14b28d2af4128daa99f23eec8a5e105636d0b04136f8be580fdc39d6f1f97d,; UTCHMMA=21;UTCHMMA_WS=16;UTCBAR=1;UTCATOMSWS=3;SYNCS_TRYWAIT=8;LDS=21;LDG=9;ptx_tcgen05_mma=21;ptx_tcgen05_mma_ws=16;ptx_tcgen05_commit=1;ptx_tcgen05_alloc=1;ptx_tcgen05_dealloc=1;ptx_tcgen05_ld=5;ptx_tcgen05_st=5;ptx_mbarrier_wait=5;ptx_cp_async_tma=2;ptx_ld_shared=26;ptx_ld_global=7
