$ /xplorer/shijy/CUDA_optimazation/microbench/mma_config/07_config_matrix/build/tcgen05_07_config_matrix_bench --dtype bf16 --shape m128n128k16 --layout none --q 32 --iterations 128 --collector-protocol fill_use_lastuse --collector-reuse 3 --ws 0 --ws-buffer-count 1 --operand-address-mode pingpong --input-d 0 --tmem-columns 256 --d-base-column 0 --d-tile-base-delta 128 --independent-d-count 2 --d-reuse-distance 2 --commit-interval 32 --pending-mbarriers 1 --wait-mode nocount --smem-base-offset 0 --interference-mode none --interference-ops-per-iter 0 --interference-warps 4 --active-blocks 0
status=ok
experiment=07_config_matrix
gpu=NVIDIA Thor
compute_capability=11.0
sm_count=20
active_blocks=20
dtype=bf16
shape=m128n128k16
m=128
n=128
k=16
layout=none
q=32
iterations=128
collector_protocol=fill_use_lastuse
collector_reuse=3
ws_mode=0
ws_buffer_count=1
operand_address_mode=pingpong
input_d=0
tmem_columns=256
d_base_column=0
d_tile_base_delta=128
independent_d_count=2
d_reuse_distance=2
commit_interval=32
pending_mbarriers=1
wait_polling_mode=nocount
smem_base_offset=0
interference_mode=none
interference_ops_per_iter=0
interference_warps=4
elapsed_cycles=3779417
poll_count=0
max_abs_error=0.832031250
guard_ok=1
interference_sink=0.000000000

$ /xplorer/shijy/CUDA_optimazation/microbench/mma_config/07_config_matrix/build/tcgen05_07_config_matrix_bench --dtype bf16 --shape m128n128k16 --layout none --q 32 --iterations 128 --collector-protocol fill_use_lastuse --collector-reuse 3 --ws 0 --ws-buffer-count 1 --operand-address-mode pingpong --input-d 0 --tmem-columns 256 --d-base-column 0 --d-tile-base-delta 128 --independent-d-count 2 --d-reuse-distance 2 --commit-interval 32 --pending-mbarriers 1 --wait-mode nocount --smem-base-offset 0 --interference-mode none --interference-ops-per-iter 0 --interference-warps 4 --active-blocks 0
status=ok
experiment=07_config_matrix
gpu=NVIDIA Thor
compute_capability=11.0
sm_count=20
active_blocks=20
dtype=bf16
shape=m128n128k16
m=128
n=128
k=16
layout=none
q=32
iterations=128
collector_protocol=fill_use_lastuse
collector_reuse=3
ws_mode=0
ws_buffer_count=1
operand_address_mode=pingpong
input_d=0
tmem_columns=256
d_base_column=0
d_tile_base_delta=128
independent_d_count=2
d_reuse_distance=2
commit_interval=32
pending_mbarriers=1
wait_polling_mode=nocount
smem_base_offset=0
interference_mode=none
interference_ops_per_iter=0
interference_warps=4
elapsed_cycles=3779414
poll_count=0
max_abs_error=0.832031250
guard_ok=1
interference_sink=0.000000000

$ /xplorer/shijy/CUDA_optimazation/microbench/mma_config/07_config_matrix/build/tcgen05_07_config_matrix_bench --dtype bf16 --shape m128n128k16 --layout none --q 32 --iterations 128 --collector-protocol fill_use_lastuse --collector-reuse 3 --ws 0 --ws-buffer-count 1 --operand-address-mode pingpong --input-d 0 --tmem-columns 256 --d-base-column 0 --d-tile-base-delta 128 --independent-d-count 2 --d-reuse-distance 2 --commit-interval 32 --pending-mbarriers 1 --wait-mode nocount --smem-base-offset 0 --interference-mode none --interference-ops-per-iter 0 --interference-warps 4 --active-blocks 0
status=ok
experiment=07_config_matrix
gpu=NVIDIA Thor
compute_capability=11.0
sm_count=20
active_blocks=20
dtype=bf16
shape=m128n128k16
m=128
n=128
k=16
layout=none
q=32
iterations=128
collector_protocol=fill_use_lastuse
collector_reuse=3
ws_mode=0
ws_buffer_count=1
operand_address_mode=pingpong
input_d=0
tmem_columns=256
d_base_column=0
d_tile_base_delta=128
independent_d_count=2
d_reuse_distance=2
commit_interval=32
pending_mbarriers=1
wait_polling_mode=nocount
smem_base_offset=0
interference_mode=none
interference_ops_per_iter=0
interference_warps=4
elapsed_cycles=3779415
poll_count=0
max_abs_error=0.832031250
guard_ok=1
interference_sink=0.000000000

$ /xplorer/shijy/CUDA_optimazation/microbench/mma_config/07_config_matrix/build/tcgen05_07_config_matrix_bench --dtype bf16 --shape m128n128k16 --layout none --q 32 --iterations 128 --collector-protocol fill_use_lastuse --collector-reuse 3 --ws 0 --ws-buffer-count 1 --operand-address-mode pingpong --input-d 0 --tmem-columns 256 --d-base-column 0 --d-tile-base-delta 128 --independent-d-count 2 --d-reuse-distance 2 --commit-interval 32 --pending-mbarriers 1 --wait-mode nocount --smem-base-offset 0 --interference-mode none --interference-ops-per-iter 0 --interference-warps 4 --active-blocks 0
status=ok
experiment=07_config_matrix
gpu=NVIDIA Thor
compute_capability=11.0
sm_count=20
active_blocks=20
dtype=bf16
shape=m128n128k16
m=128
n=128
k=16
layout=none
q=32
iterations=128
collector_protocol=fill_use_lastuse
collector_reuse=3
ws_mode=0
ws_buffer_count=1
operand_address_mode=pingpong
input_d=0
tmem_columns=256
d_base_column=0
d_tile_base_delta=128
independent_d_count=2
d_reuse_distance=2
commit_interval=32
pending_mbarriers=1
wait_polling_mode=nocount
smem_base_offset=0
interference_mode=none
interference_ops_per_iter=0
interference_warps=4
elapsed_cycles=3779414
poll_count=0
max_abs_error=0.832031250
guard_ok=1
interference_sink=0.000000000

$ /xplorer/shijy/CUDA_optimazation/microbench/mma_config/07_config_matrix/build/tcgen05_07_config_matrix_bench --dtype bf16 --shape m128n128k16 --layout none --q 32 --iterations 128 --collector-protocol fill_use_lastuse --collector-reuse 3 --ws 0 --ws-buffer-count 1 --operand-address-mode pingpong --input-d 0 --tmem-columns 256 --d-base-column 0 --d-tile-base-delta 128 --independent-d-count 2 --d-reuse-distance 2 --commit-interval 32 --pending-mbarriers 1 --wait-mode nocount --smem-base-offset 0 --interference-mode none --interference-ops-per-iter 0 --interference-warps 4 --active-blocks 0
status=ok
experiment=07_config_matrix
gpu=NVIDIA Thor
compute_capability=11.0
sm_count=20
active_blocks=20
dtype=bf16
shape=m128n128k16
m=128
n=128
k=16
layout=none
q=32
iterations=128
collector_protocol=fill_use_lastuse
collector_reuse=3
ws_mode=0
ws_buffer_count=1
operand_address_mode=pingpong
input_d=0
tmem_columns=256
d_base_column=0
d_tile_base_delta=128
independent_d_count=2
d_reuse_distance=2
commit_interval=32
pending_mbarriers=1
wait_polling_mode=nocount
smem_base_offset=0
interference_mode=none
interference_ops_per_iter=0
interference_warps=4
elapsed_cycles=3779419
poll_count=0
max_abs_error=0.832031250
guard_ok=1
interference_sink=0.000000000

$ /xplorer/shijy/CUDA_optimazation/microbench/mma_config/07_config_matrix/build/tcgen05_07_config_matrix_bench --dtype bf16 --shape m128n256k16 --layout none --q 32 --iterations 128 --collector-protocol discard --collector-reuse 0 --ws 0 --ws-buffer-count 1 --operand-address-mode same --input-d 0 --tmem-columns 512 --d-base-column 0 --d-tile-base-delta 256 --independent-d-count 2 --d-reuse-distance 2 --commit-interval 32 --pending-mbarriers 1 --wait-mode nocount --smem-base-offset 0 --interference-mode none --interference-ops-per-iter 0 --interference-warps 4 --active-blocks 0
status=ok
experiment=07_config_matrix
gpu=NVIDIA Thor
compute_capability=11.0
sm_count=20
active_blocks=20
dtype=bf16
shape=m128n256k16
m=128
n=256
k=16
layout=none
q=32
iterations=128
collector_protocol=discard
collector_reuse=0
ws_mode=0
ws_buffer_count=1
operand_address_mode=same
input_d=0
tmem_columns=512
d_base_column=0
d_tile_base_delta=256
independent_d_count=2
d_reuse_distance=2
commit_interval=32
pending_mbarriers=1
wait_polling_mode=nocount
smem_base_offset=0
interference_mode=none
interference_ops_per_iter=0
interference_warps=4
elapsed_cycles=3678188
poll_count=0
max_abs_error=0.832031250
guard_ok=1
interference_sink=0.000000000

$ /xplorer/shijy/CUDA_optimazation/microbench/mma_config/07_config_matrix/build/tcgen05_07_config_matrix_bench --dtype bf16 --shape m128n256k16 --layout none --q 32 --iterations 128 --collector-protocol discard --collector-reuse 0 --ws 0 --ws-buffer-count 1 --operand-address-mode same --input-d 0 --tmem-columns 512 --d-base-column 0 --d-tile-base-delta 256 --independent-d-count 2 --d-reuse-distance 2 --commit-interval 32 --pending-mbarriers 1 --wait-mode nocount --smem-base-offset 0 --interference-mode none --interference-ops-per-iter 0 --interference-warps 4 --active-blocks 0
status=ok
experiment=07_config_matrix
gpu=NVIDIA Thor
compute_capability=11.0
sm_count=20
active_blocks=20
dtype=bf16
shape=m128n256k16
m=128
n=256
k=16
layout=none
q=32
iterations=128
collector_protocol=discard
collector_reuse=0
ws_mode=0
ws_buffer_count=1
operand_address_mode=same
input_d=0
tmem_columns=512
d_base_column=0
d_tile_base_delta=256
independent_d_count=2
d_reuse_distance=2
commit_interval=32
pending_mbarriers=1
wait_polling_mode=nocount
smem_base_offset=0
interference_mode=none
interference_ops_per_iter=0
interference_warps=4
elapsed_cycles=3678189
poll_count=0
max_abs_error=0.832031250
guard_ok=1
interference_sink=0.000000000

$ /xplorer/shijy/CUDA_optimazation/microbench/mma_config/07_config_matrix/build/tcgen05_07_config_matrix_bench --dtype bf16 --shape m128n256k16 --layout none --q 32 --iterations 128 --collector-protocol discard --collector-reuse 0 --ws 0 --ws-buffer-count 1 --operand-address-mode same --input-d 0 --tmem-columns 512 --d-base-column 0 --d-tile-base-delta 256 --independent-d-count 2 --d-reuse-distance 2 --commit-interval 32 --pending-mbarriers 1 --wait-mode nocount --smem-base-offset 0 --interference-mode none --interference-ops-per-iter 0 --interference-warps 4 --active-blocks 0
status=ok
experiment=07_config_matrix
gpu=NVIDIA Thor
compute_capability=11.0
sm_count=20
active_blocks=20
dtype=bf16
shape=m128n256k16
m=128
n=256
k=16
layout=none
q=32
iterations=128
collector_protocol=discard
collector_reuse=0
ws_mode=0
ws_buffer_count=1
operand_address_mode=same
input_d=0
tmem_columns=512
d_base_column=0
d_tile_base_delta=256
independent_d_count=2
d_reuse_distance=2
commit_interval=32
pending_mbarriers=1
wait_polling_mode=nocount
smem_base_offset=0
interference_mode=none
interference_ops_per_iter=0
interference_warps=4
elapsed_cycles=3678179
poll_count=0
max_abs_error=0.832031250
guard_ok=1
interference_sink=0.000000000

$ /xplorer/shijy/CUDA_optimazation/microbench/mma_config/07_config_matrix/build/tcgen05_07_config_matrix_bench --dtype bf16 --shape m128n256k16 --layout none --q 32 --iterations 128 --collector-protocol discard --collector-reuse 0 --ws 0 --ws-buffer-count 1 --operand-address-mode same --input-d 0 --tmem-columns 512 --d-base-column 0 --d-tile-base-delta 256 --independent-d-count 2 --d-reuse-distance 2 --commit-interval 32 --pending-mbarriers 1 --wait-mode nocount --smem-base-offset 0 --interference-mode none --interference-ops-per-iter 0 --interference-warps 4 --active-blocks 0
status=ok
experiment=07_config_matrix
gpu=NVIDIA Thor
compute_capability=11.0
sm_count=20
active_blocks=20
dtype=bf16
shape=m128n256k16
m=128
n=256
k=16
layout=none
q=32
iterations=128
collector_protocol=discard
collector_reuse=0
ws_mode=0
ws_buffer_count=1
operand_address_mode=same
input_d=0
tmem_columns=512
d_base_column=0
d_tile_base_delta=256
independent_d_count=2
d_reuse_distance=2
commit_interval=32
pending_mbarriers=1
wait_polling_mode=nocount
smem_base_offset=0
interference_mode=none
interference_ops_per_iter=0
interference_warps=4
elapsed_cycles=3678183
poll_count=0
max_abs_error=0.832031250
guard_ok=1
interference_sink=0.000000000

$ /xplorer/shijy/CUDA_optimazation/microbench/mma_config/07_config_matrix/build/tcgen05_07_config_matrix_bench --dtype bf16 --shape m128n256k16 --layout none --q 32 --iterations 128 --collector-protocol discard --collector-reuse 0 --ws 0 --ws-buffer-count 1 --operand-address-mode same --input-d 0 --tmem-columns 512 --d-base-column 0 --d-tile-base-delta 256 --independent-d-count 2 --d-reuse-distance 2 --commit-interval 32 --pending-mbarriers 1 --wait-mode nocount --smem-base-offset 0 --interference-mode none --interference-ops-per-iter 0 --interference-warps 4 --active-blocks 0
status=ok
experiment=07_config_matrix
gpu=NVIDIA Thor
compute_capability=11.0
sm_count=20
active_blocks=20
dtype=bf16
shape=m128n256k16
m=128
n=256
k=16
layout=none
q=32
iterations=128
collector_protocol=discard
collector_reuse=0
ws_mode=0
ws_buffer_count=1
operand_address_mode=same
input_d=0
tmem_columns=512
d_base_column=0
d_tile_base_delta=256
independent_d_count=2
d_reuse_distance=2
commit_interval=32
pending_mbarriers=1
wait_polling_mode=nocount
smem_base_offset=0
interference_mode=none
interference_ops_per_iter=0
interference_warps=4
elapsed_cycles=3678179
poll_count=0
max_abs_error=0.832031250
guard_ok=1
interference_sink=0.000000000

$ /xplorer/shijy/CUDA_optimazation/microbench/mma_config/07_config_matrix/build/tcgen05_07_config_matrix_bench --dtype fp16 --shape m128n64k16 --layout none --q 32 --iterations 128 --collector-protocol discard --collector-reuse 0 --ws 0 --ws-buffer-count 1 --operand-address-mode pingpong --input-d 0 --tmem-columns 128 --d-base-column 0 --d-tile-base-delta 64 --independent-d-count 2 --d-reuse-distance 2 --commit-interval 32 --pending-mbarriers 1 --wait-mode nocount --smem-base-offset 0 --interference-mode none --interference-ops-per-iter 0 --interference-warps 4 --active-blocks 0
status=ok
experiment=07_config_matrix
gpu=NVIDIA Thor
compute_capability=11.0
sm_count=20
active_blocks=20
dtype=fp16
shape=m128n64k16
m=128
n=64
k=16
layout=none
q=32
iterations=128
collector_protocol=discard
collector_reuse=0
ws_mode=0
ws_buffer_count=1
operand_address_mode=pingpong
input_d=0
tmem_columns=128
d_base_column=0
d_tile_base_delta=64
independent_d_count=2
d_reuse_distance=2
commit_interval=32
pending_mbarriers=1
wait_polling_mode=nocount
smem_base_offset=0
interference_mode=none
interference_ops_per_iter=0
interference_warps=4
elapsed_cycles=3678955
poll_count=0
max_abs_error=0.832031250
guard_ok=1
interference_sink=0.000000000

$ /xplorer/shijy/CUDA_optimazation/microbench/mma_config/07_config_matrix/build/tcgen05_07_config_matrix_bench --dtype fp16 --shape m128n64k16 --layout none --q 32 --iterations 128 --collector-protocol discard --collector-reuse 0 --ws 0 --ws-buffer-count 1 --operand-address-mode pingpong --input-d 0 --tmem-columns 128 --d-base-column 0 --d-tile-base-delta 64 --independent-d-count 2 --d-reuse-distance 2 --commit-interval 32 --pending-mbarriers 1 --wait-mode nocount --smem-base-offset 0 --interference-mode none --interference-ops-per-iter 0 --interference-warps 4 --active-blocks 0
status=ok
experiment=07_config_matrix
gpu=NVIDIA Thor
compute_capability=11.0
sm_count=20
active_blocks=20
dtype=fp16
shape=m128n64k16
m=128
n=64
k=16
layout=none
q=32
iterations=128
collector_protocol=discard
collector_reuse=0
ws_mode=0
ws_buffer_count=1
operand_address_mode=pingpong
input_d=0
tmem_columns=128
d_base_column=0
d_tile_base_delta=64
independent_d_count=2
d_reuse_distance=2
commit_interval=32
pending_mbarriers=1
wait_polling_mode=nocount
smem_base_offset=0
interference_mode=none
interference_ops_per_iter=0
interference_warps=4
elapsed_cycles=3678962
poll_count=0
max_abs_error=0.832031250
guard_ok=1
interference_sink=0.000000000

$ /xplorer/shijy/CUDA_optimazation/microbench/mma_config/07_config_matrix/build/tcgen05_07_config_matrix_bench --dtype fp16 --shape m128n64k16 --layout none --q 32 --iterations 128 --collector-protocol discard --collector-reuse 0 --ws 0 --ws-buffer-count 1 --operand-address-mode pingpong --input-d 0 --tmem-columns 128 --d-base-column 0 --d-tile-base-delta 64 --independent-d-count 2 --d-reuse-distance 2 --commit-interval 32 --pending-mbarriers 1 --wait-mode nocount --smem-base-offset 0 --interference-mode none --interference-ops-per-iter 0 --interference-warps 4 --active-blocks 0
status=ok
experiment=07_config_matrix
gpu=NVIDIA Thor
compute_capability=11.0
sm_count=20
active_blocks=20
dtype=fp16
shape=m128n64k16
m=128
n=64
k=16
layout=none
q=32
iterations=128
collector_protocol=discard
collector_reuse=0
ws_mode=0
ws_buffer_count=1
operand_address_mode=pingpong
input_d=0
tmem_columns=128
d_base_column=0
d_tile_base_delta=64
independent_d_count=2
d_reuse_distance=2
commit_interval=32
pending_mbarriers=1
wait_polling_mode=nocount
smem_base_offset=0
interference_mode=none
interference_ops_per_iter=0
interference_warps=4
elapsed_cycles=3678960
poll_count=0
max_abs_error=0.832031250
guard_ok=1
interference_sink=0.000000000

$ /xplorer/shijy/CUDA_optimazation/microbench/mma_config/07_config_matrix/build/tcgen05_07_config_matrix_bench --dtype fp16 --shape m128n64k16 --layout none --q 32 --iterations 128 --collector-protocol discard --collector-reuse 0 --ws 0 --ws-buffer-count 1 --operand-address-mode pingpong --input-d 0 --tmem-columns 128 --d-base-column 0 --d-tile-base-delta 64 --independent-d-count 2 --d-reuse-distance 2 --commit-interval 32 --pending-mbarriers 1 --wait-mode nocount --smem-base-offset 0 --interference-mode none --interference-ops-per-iter 0 --interference-warps 4 --active-blocks 0
status=ok
experiment=07_config_matrix
gpu=NVIDIA Thor
compute_capability=11.0
sm_count=20
active_blocks=20
dtype=fp16
shape=m128n64k16
m=128
n=64
k=16
layout=none
q=32
iterations=128
collector_protocol=discard
collector_reuse=0
ws_mode=0
ws_buffer_count=1
operand_address_mode=pingpong
input_d=0
tmem_columns=128
d_base_column=0
d_tile_base_delta=64
independent_d_count=2
d_reuse_distance=2
commit_interval=32
pending_mbarriers=1
wait_polling_mode=nocount
smem_base_offset=0
interference_mode=none
interference_ops_per_iter=0
interference_warps=4
elapsed_cycles=3678957
poll_count=0
max_abs_error=0.832031250
guard_ok=1
interference_sink=0.000000000

$ /xplorer/shijy/CUDA_optimazation/microbench/mma_config/07_config_matrix/build/tcgen05_07_config_matrix_bench --dtype fp16 --shape m128n64k16 --layout none --q 32 --iterations 128 --collector-protocol discard --collector-reuse 0 --ws 0 --ws-buffer-count 1 --operand-address-mode pingpong --input-d 0 --tmem-columns 128 --d-base-column 0 --d-tile-base-delta 64 --independent-d-count 2 --d-reuse-distance 2 --commit-interval 32 --pending-mbarriers 1 --wait-mode nocount --smem-base-offset 0 --interference-mode none --interference-ops-per-iter 0 --interference-warps 4 --active-blocks 0
status=ok
experiment=07_config_matrix
gpu=NVIDIA Thor
compute_capability=11.0
sm_count=20
active_blocks=20
dtype=fp16
shape=m128n64k16
m=128
n=64
k=16
layout=none
q=32
iterations=128
collector_protocol=discard
collector_reuse=0
ws_mode=0
ws_buffer_count=1
operand_address_mode=pingpong
input_d=0
tmem_columns=128
d_base_column=0
d_tile_base_delta=64
independent_d_count=2
d_reuse_distance=2
commit_interval=32
pending_mbarriers=1
wait_polling_mode=nocount
smem_base_offset=0
interference_mode=none
interference_ops_per_iter=0
interference_warps=4
elapsed_cycles=3678957
poll_count=0
max_abs_error=0.832031250
guard_ok=1
interference_sink=0.000000000

$ /xplorer/shijy/CUDA_optimazation/microbench/mma_config/07_config_matrix/build/tcgen05_07_config_matrix_bench --dtype fp16 --shape m128n256k16 --layout none --q 32 --iterations 128 --collector-protocol fill_use_lastuse --collector-reuse 3 --ws 0 --ws-buffer-count 1 --operand-address-mode same --input-d 0 --tmem-columns 512 --d-base-column 0 --d-tile-base-delta 256 --independent-d-count 2 --d-reuse-distance 2 --commit-interval 32 --pending-mbarriers 1 --wait-mode nocount --smem-base-offset 0 --interference-mode none --interference-ops-per-iter 0 --interference-warps 4 --active-blocks 0
status=ok
experiment=07_config_matrix
gpu=NVIDIA Thor
compute_capability=11.0
sm_count=20
active_blocks=20
dtype=fp16
shape=m128n256k16
m=128
n=256
k=16
layout=none
q=32
iterations=128
collector_protocol=fill_use_lastuse
collector_reuse=3
ws_mode=0
ws_buffer_count=1
operand_address_mode=same
input_d=0
tmem_columns=512
d_base_column=0
d_tile_base_delta=256
independent_d_count=2
d_reuse_distance=2
commit_interval=32
pending_mbarriers=1
wait_polling_mode=nocount
smem_base_offset=0
interference_mode=none
interference_ops_per_iter=0
interference_warps=4
elapsed_cycles=3778657
poll_count=0
max_abs_error=0.832031250
guard_ok=1
interference_sink=0.000000000

$ /xplorer/shijy/CUDA_optimazation/microbench/mma_config/07_config_matrix/build/tcgen05_07_config_matrix_bench --dtype fp16 --shape m128n256k16 --layout none --q 32 --iterations 128 --collector-protocol fill_use_lastuse --collector-reuse 3 --ws 0 --ws-buffer-count 1 --operand-address-mode same --input-d 0 --tmem-columns 512 --d-base-column 0 --d-tile-base-delta 256 --independent-d-count 2 --d-reuse-distance 2 --commit-interval 32 --pending-mbarriers 1 --wait-mode nocount --smem-base-offset 0 --interference-mode none --interference-ops-per-iter 0 --interference-warps 4 --active-blocks 0
status=ok
experiment=07_config_matrix
gpu=NVIDIA Thor
compute_capability=11.0
sm_count=20
active_blocks=20
dtype=fp16
shape=m128n256k16
m=128
n=256
k=16
layout=none
q=32
iterations=128
collector_protocol=fill_use_lastuse
collector_reuse=3
ws_mode=0
ws_buffer_count=1
operand_address_mode=same
input_d=0
tmem_columns=512
d_base_column=0
d_tile_base_delta=256
independent_d_count=2
d_reuse_distance=2
commit_interval=32
pending_mbarriers=1
wait_polling_mode=nocount
smem_base_offset=0
interference_mode=none
interference_ops_per_iter=0
interference_warps=4
elapsed_cycles=3778357
poll_count=0
max_abs_error=0.832031250
guard_ok=1
interference_sink=0.000000000

$ /xplorer/shijy/CUDA_optimazation/microbench/mma_config/07_config_matrix/build/tcgen05_07_config_matrix_bench --dtype fp16 --shape m128n256k16 --layout none --q 32 --iterations 128 --collector-protocol fill_use_lastuse --collector-reuse 3 --ws 0 --ws-buffer-count 1 --operand-address-mode same --input-d 0 --tmem-columns 512 --d-base-column 0 --d-tile-base-delta 256 --independent-d-count 2 --d-reuse-distance 2 --commit-interval 32 --pending-mbarriers 1 --wait-mode nocount --smem-base-offset 0 --interference-mode none --interference-ops-per-iter 0 --interference-warps 4 --active-blocks 0
status=ok
experiment=07_config_matrix
gpu=NVIDIA Thor
compute_capability=11.0
sm_count=20
active_blocks=20
dtype=fp16
shape=m128n256k16
m=128
n=256
k=16
layout=none
q=32
iterations=128
collector_protocol=fill_use_lastuse
collector_reuse=3
ws_mode=0
ws_buffer_count=1
operand_address_mode=same
input_d=0
tmem_columns=512
d_base_column=0
d_tile_base_delta=256
independent_d_count=2
d_reuse_distance=2
commit_interval=32
pending_mbarriers=1
wait_polling_mode=nocount
smem_base_offset=0
interference_mode=none
interference_ops_per_iter=0
interference_warps=4
elapsed_cycles=3778653
poll_count=0
max_abs_error=0.832031250
guard_ok=1
interference_sink=0.000000000

$ /xplorer/shijy/CUDA_optimazation/microbench/mma_config/07_config_matrix/build/tcgen05_07_config_matrix_bench --dtype fp16 --shape m128n256k16 --layout none --q 32 --iterations 128 --collector-protocol fill_use_lastuse --collector-reuse 3 --ws 0 --ws-buffer-count 1 --operand-address-mode same --input-d 0 --tmem-columns 512 --d-base-column 0 --d-tile-base-delta 256 --independent-d-count 2 --d-reuse-distance 2 --commit-interval 32 --pending-mbarriers 1 --wait-mode nocount --smem-base-offset 0 --interference-mode none --interference-ops-per-iter 0 --interference-warps 4 --active-blocks 0
status=ok
experiment=07_config_matrix
gpu=NVIDIA Thor
compute_capability=11.0
sm_count=20
active_blocks=20
dtype=fp16
shape=m128n256k16
m=128
n=256
k=16
layout=none
q=32
iterations=128
collector_protocol=fill_use_lastuse
collector_reuse=3
ws_mode=0
ws_buffer_count=1
operand_address_mode=same
input_d=0
tmem_columns=512
d_base_column=0
d_tile_base_delta=256
independent_d_count=2
d_reuse_distance=2
commit_interval=32
pending_mbarriers=1
wait_polling_mode=nocount
smem_base_offset=0
interference_mode=none
interference_ops_per_iter=0
interference_warps=4
elapsed_cycles=3778658
poll_count=0
max_abs_error=0.832031250
guard_ok=1
interference_sink=0.000000000

$ /xplorer/shijy/CUDA_optimazation/microbench/mma_config/07_config_matrix/build/tcgen05_07_config_matrix_bench --dtype fp16 --shape m128n256k16 --layout none --q 32 --iterations 128 --collector-protocol fill_use_lastuse --collector-reuse 3 --ws 0 --ws-buffer-count 1 --operand-address-mode same --input-d 0 --tmem-columns 512 --d-base-column 0 --d-tile-base-delta 256 --independent-d-count 2 --d-reuse-distance 2 --commit-interval 32 --pending-mbarriers 1 --wait-mode nocount --smem-base-offset 0 --interference-mode none --interference-ops-per-iter 0 --interference-warps 4 --active-blocks 0
status=ok
experiment=07_config_matrix
gpu=NVIDIA Thor
compute_capability=11.0
sm_count=20
active_blocks=20
dtype=fp16
shape=m128n256k16
m=128
n=256
k=16
layout=none
q=32
iterations=128
collector_protocol=fill_use_lastuse
collector_reuse=3
ws_mode=0
ws_buffer_count=1
operand_address_mode=same
input_d=0
tmem_columns=512
d_base_column=0
d_tile_base_delta=256
independent_d_count=2
d_reuse_distance=2
commit_interval=32
pending_mbarriers=1
wait_polling_mode=nocount
smem_base_offset=0
interference_mode=none
interference_ops_per_iter=0
interference_warps=4
elapsed_cycles=3778657
poll_count=0
max_abs_error=0.832031250
guard_ok=1
interference_sink=0.000000000

$ /xplorer/shijy/CUDA_optimazation/microbench/mma_config/07_config_matrix/build/tcgen05_07_config_matrix_bench --dtype bf16 --shape m128n256k16 --layout none --q 32 --iterations 128 --collector-protocol fill_use_lastuse --collector-reuse 3 --ws 0 --ws-buffer-count 1 --operand-address-mode pingpong --input-d 0 --tmem-columns 512 --d-base-column 0 --d-tile-base-delta 256 --independent-d-count 2 --d-reuse-distance 2 --commit-interval 32 --pending-mbarriers 1 --wait-mode nocount --smem-base-offset 0 --interference-mode none --interference-ops-per-iter 0 --interference-warps 4 --active-blocks 0
status=ok
experiment=07_config_matrix
gpu=NVIDIA Thor
compute_capability=11.0
sm_count=20
active_blocks=20
dtype=bf16
shape=m128n256k16
m=128
n=256
k=16
layout=none
q=32
iterations=128
collector_protocol=fill_use_lastuse
collector_reuse=3
ws_mode=0
ws_buffer_count=1
operand_address_mode=pingpong
input_d=0
tmem_columns=512
d_base_column=0
d_tile_base_delta=256
independent_d_count=2
d_reuse_distance=2
commit_interval=32
pending_mbarriers=1
wait_polling_mode=nocount
smem_base_offset=0
interference_mode=none
interference_ops_per_iter=0
interference_warps=4
elapsed_cycles=3778653
poll_count=0
max_abs_error=0.832031250
guard_ok=1
interference_sink=0.000000000

$ /xplorer/shijy/CUDA_optimazation/microbench/mma_config/07_config_matrix/build/tcgen05_07_config_matrix_bench --dtype bf16 --shape m128n256k16 --layout none --q 32 --iterations 128 --collector-protocol fill_use_lastuse --collector-reuse 3 --ws 0 --ws-buffer-count 1 --operand-address-mode pingpong --input-d 0 --tmem-columns 512 --d-base-column 0 --d-tile-base-delta 256 --independent-d-count 2 --d-reuse-distance 2 --commit-interval 32 --pending-mbarriers 1 --wait-mode nocount --smem-base-offset 0 --interference-mode none --interference-ops-per-iter 0 --interference-warps 4 --active-blocks 0
status=ok
experiment=07_config_matrix
gpu=NVIDIA Thor
compute_capability=11.0
sm_count=20
active_blocks=20
dtype=bf16
shape=m128n256k16
m=128
n=256
k=16
layout=none
q=32
iterations=128
collector_protocol=fill_use_lastuse
collector_reuse=3
ws_mode=0
ws_buffer_count=1
operand_address_mode=pingpong
input_d=0
tmem_columns=512
d_base_column=0
d_tile_base_delta=256
independent_d_count=2
d_reuse_distance=2
commit_interval=32
pending_mbarriers=1
wait_polling_mode=nocount
smem_base_offset=0
interference_mode=none
interference_ops_per_iter=0
interference_warps=4
elapsed_cycles=3778481
poll_count=0
max_abs_error=0.832031250
guard_ok=1
interference_sink=0.000000000

$ /xplorer/shijy/CUDA_optimazation/microbench/mma_config/07_config_matrix/build/tcgen05_07_config_matrix_bench --dtype bf16 --shape m128n256k16 --layout none --q 32 --iterations 128 --collector-protocol fill_use_lastuse --collector-reuse 3 --ws 0 --ws-buffer-count 1 --operand-address-mode pingpong --input-d 0 --tmem-columns 512 --d-base-column 0 --d-tile-base-delta 256 --independent-d-count 2 --d-reuse-distance 2 --commit-interval 32 --pending-mbarriers 1 --wait-mode nocount --smem-base-offset 0 --interference-mode none --interference-ops-per-iter 0 --interference-warps 4 --active-blocks 0
status=ok
experiment=07_config_matrix
gpu=NVIDIA Thor
compute_capability=11.0
sm_count=20
active_blocks=20
dtype=bf16
shape=m128n256k16
m=128
n=256
k=16
layout=none
q=32
iterations=128
collector_protocol=fill_use_lastuse
collector_reuse=3
ws_mode=0
ws_buffer_count=1
operand_address_mode=pingpong
input_d=0
tmem_columns=512
d_base_column=0
d_tile_base_delta=256
independent_d_count=2
d_reuse_distance=2
commit_interval=32
pending_mbarriers=1
wait_polling_mode=nocount
smem_base_offset=0
interference_mode=none
interference_ops_per_iter=0
interference_warps=4
elapsed_cycles=3778169
poll_count=0
max_abs_error=0.832031250
guard_ok=1
interference_sink=0.000000000

$ /xplorer/shijy/CUDA_optimazation/microbench/mma_config/07_config_matrix/build/tcgen05_07_config_matrix_bench --dtype bf16 --shape m128n256k16 --layout none --q 32 --iterations 128 --collector-protocol fill_use_lastuse --collector-reuse 3 --ws 0 --ws-buffer-count 1 --operand-address-mode pingpong --input-d 0 --tmem-columns 512 --d-base-column 0 --d-tile-base-delta 256 --independent-d-count 2 --d-reuse-distance 2 --commit-interval 32 --pending-mbarriers 1 --wait-mode nocount --smem-base-offset 0 --interference-mode none --interference-ops-per-iter 0 --interference-warps 4 --active-blocks 0
status=ok
experiment=07_config_matrix
gpu=NVIDIA Thor
compute_capability=11.0
sm_count=20
active_blocks=20
dtype=bf16
shape=m128n256k16
m=128
n=256
k=16
layout=none
q=32
iterations=128
collector_protocol=fill_use_lastuse
collector_reuse=3
ws_mode=0
ws_buffer_count=1
operand_address_mode=pingpong
input_d=0
tmem_columns=512
d_base_column=0
d_tile_base_delta=256
independent_d_count=2
d_reuse_distance=2
commit_interval=32
pending_mbarriers=1
wait_polling_mode=nocount
smem_base_offset=0
interference_mode=none
interference_ops_per_iter=0
interference_warps=4
elapsed_cycles=3778467
poll_count=0
max_abs_error=0.832031250
guard_ok=1
interference_sink=0.000000000

$ /xplorer/shijy/CUDA_optimazation/microbench/mma_config/07_config_matrix/build/tcgen05_07_config_matrix_bench --dtype bf16 --shape m128n256k16 --layout none --q 32 --iterations 128 --collector-protocol fill_use_lastuse --collector-reuse 3 --ws 0 --ws-buffer-count 1 --operand-address-mode pingpong --input-d 0 --tmem-columns 512 --d-base-column 0 --d-tile-base-delta 256 --independent-d-count 2 --d-reuse-distance 2 --commit-interval 32 --pending-mbarriers 1 --wait-mode nocount --smem-base-offset 0 --interference-mode none --interference-ops-per-iter 0 --interference-warps 4 --active-blocks 0
status=ok
experiment=07_config_matrix
gpu=NVIDIA Thor
compute_capability=11.0
sm_count=20
active_blocks=20
dtype=bf16
shape=m128n256k16
m=128
n=256
k=16
layout=none
q=32
iterations=128
collector_protocol=fill_use_lastuse
collector_reuse=3
ws_mode=0
ws_buffer_count=1
operand_address_mode=pingpong
input_d=0
tmem_columns=512
d_base_column=0
d_tile_base_delta=256
independent_d_count=2
d_reuse_distance=2
commit_interval=32
pending_mbarriers=1
wait_polling_mode=nocount
smem_base_offset=0
interference_mode=none
interference_ops_per_iter=0
interference_warps=4
elapsed_cycles=3778467
poll_count=0
max_abs_error=0.832031250
guard_ok=1
interference_sink=0.000000000

$ /xplorer/shijy/CUDA_optimazation/microbench/mma_config/07_config_matrix/build/tcgen05_07_config_matrix_bench --dtype fp16 --shape m128n64k16 --layout none --q 32 --iterations 128 --collector-protocol discard --collector-reuse 0 --ws 0 --ws-buffer-count 1 --operand-address-mode same --input-d 0 --tmem-columns 256 --d-base-column 0 --d-tile-base-delta 64 --independent-d-count 4 --d-reuse-distance 4 --commit-interval 32 --pending-mbarriers 1 --wait-mode nocount --smem-base-offset 0 --interference-mode none --interference-ops-per-iter 0 --interference-warps 4 --active-blocks 0
status=ok
experiment=07_config_matrix
gpu=NVIDIA Thor
compute_capability=11.0
sm_count=20
active_blocks=20
dtype=fp16
shape=m128n64k16
m=128
n=64
k=16
layout=none
q=32
iterations=128
collector_protocol=discard
collector_reuse=0
ws_mode=0
ws_buffer_count=1
operand_address_mode=same
input_d=0
tmem_columns=256
d_base_column=0
d_tile_base_delta=64
independent_d_count=4
d_reuse_distance=4
commit_interval=32
pending_mbarriers=1
wait_polling_mode=nocount
smem_base_offset=0
interference_mode=none
interference_ops_per_iter=0
interference_warps=4
elapsed_cycles=3678582
poll_count=0
max_abs_error=0.832031250
guard_ok=1
interference_sink=0.000000000

$ /xplorer/shijy/CUDA_optimazation/microbench/mma_config/07_config_matrix/build/tcgen05_07_config_matrix_bench --dtype fp16 --shape m128n64k16 --layout none --q 32 --iterations 128 --collector-protocol discard --collector-reuse 0 --ws 0 --ws-buffer-count 1 --operand-address-mode same --input-d 0 --tmem-columns 256 --d-base-column 0 --d-tile-base-delta 64 --independent-d-count 4 --d-reuse-distance 4 --commit-interval 32 --pending-mbarriers 1 --wait-mode nocount --smem-base-offset 0 --interference-mode none --interference-ops-per-iter 0 --interference-warps 4 --active-blocks 0
status=ok
experiment=07_config_matrix
gpu=NVIDIA Thor
compute_capability=11.0
sm_count=20
active_blocks=20
dtype=fp16
shape=m128n64k16
m=128
n=64
k=16
layout=none
q=32
iterations=128
collector_protocol=discard
collector_reuse=0
ws_mode=0
ws_buffer_count=1
operand_address_mode=same
input_d=0
tmem_columns=256
d_base_column=0
d_tile_base_delta=64
independent_d_count=4
d_reuse_distance=4
commit_interval=32
pending_mbarriers=1
wait_polling_mode=nocount
smem_base_offset=0
interference_mode=none
interference_ops_per_iter=0
interference_warps=4
elapsed_cycles=3678580
poll_count=0
max_abs_error=0.832031250
guard_ok=1
interference_sink=0.000000000

$ /xplorer/shijy/CUDA_optimazation/microbench/mma_config/07_config_matrix/build/tcgen05_07_config_matrix_bench --dtype fp16 --shape m128n64k16 --layout none --q 32 --iterations 128 --collector-protocol discard --collector-reuse 0 --ws 0 --ws-buffer-count 1 --operand-address-mode same --input-d 0 --tmem-columns 256 --d-base-column 0 --d-tile-base-delta 64 --independent-d-count 4 --d-reuse-distance 4 --commit-interval 32 --pending-mbarriers 1 --wait-mode nocount --smem-base-offset 0 --interference-mode none --interference-ops-per-iter 0 --interference-warps 4 --active-blocks 0
status=ok
experiment=07_config_matrix
gpu=NVIDIA Thor
compute_capability=11.0
sm_count=20
active_blocks=20
dtype=fp16
shape=m128n64k16
m=128
n=64
k=16
layout=none
q=32
iterations=128
collector_protocol=discard
collector_reuse=0
ws_mode=0
ws_buffer_count=1
operand_address_mode=same
input_d=0
tmem_columns=256
d_base_column=0
d_tile_base_delta=64
independent_d_count=4
d_reuse_distance=4
commit_interval=32
pending_mbarriers=1
wait_polling_mode=nocount
smem_base_offset=0
interference_mode=none
interference_ops_per_iter=0
interference_warps=4
elapsed_cycles=3678581
poll_count=0
max_abs_error=0.832031250
guard_ok=1
interference_sink=0.000000000

$ /xplorer/shijy/CUDA_optimazation/microbench/mma_config/07_config_matrix/build/tcgen05_07_config_matrix_bench --dtype fp16 --shape m128n64k16 --layout none --q 32 --iterations 128 --collector-protocol discard --collector-reuse 0 --ws 0 --ws-buffer-count 1 --operand-address-mode same --input-d 0 --tmem-columns 256 --d-base-column 0 --d-tile-base-delta 64 --independent-d-count 4 --d-reuse-distance 4 --commit-interval 32 --pending-mbarriers 1 --wait-mode nocount --smem-base-offset 0 --interference-mode none --interference-ops-per-iter 0 --interference-warps 4 --active-blocks 0
status=ok
experiment=07_config_matrix
gpu=NVIDIA Thor
compute_capability=11.0
sm_count=20
active_blocks=20
dtype=fp16
shape=m128n64k16
m=128
n=64
k=16
layout=none
q=32
iterations=128
collector_protocol=discard
collector_reuse=0
ws_mode=0
ws_buffer_count=1
operand_address_mode=same
input_d=0
tmem_columns=256
d_base_column=0
d_tile_base_delta=64
independent_d_count=4
d_reuse_distance=4
commit_interval=32
pending_mbarriers=1
wait_polling_mode=nocount
smem_base_offset=0
interference_mode=none
interference_ops_per_iter=0
interference_warps=4
elapsed_cycles=3678619
poll_count=0
max_abs_error=0.832031250
guard_ok=1
interference_sink=0.000000000

$ /xplorer/shijy/CUDA_optimazation/microbench/mma_config/07_config_matrix/build/tcgen05_07_config_matrix_bench --dtype fp16 --shape m128n64k16 --layout none --q 32 --iterations 128 --collector-protocol discard --collector-reuse 0 --ws 0 --ws-buffer-count 1 --operand-address-mode same --input-d 0 --tmem-columns 256 --d-base-column 0 --d-tile-base-delta 64 --independent-d-count 4 --d-reuse-distance 4 --commit-interval 32 --pending-mbarriers 1 --wait-mode nocount --smem-base-offset 0 --interference-mode none --interference-ops-per-iter 0 --interference-warps 4 --active-blocks 0
status=ok
experiment=07_config_matrix
gpu=NVIDIA Thor
compute_capability=11.0
sm_count=20
active_blocks=20
dtype=fp16
shape=m128n64k16
m=128
n=64
k=16
layout=none
q=32
iterations=128
collector_protocol=discard
collector_reuse=0
ws_mode=0
ws_buffer_count=1
operand_address_mode=same
input_d=0
tmem_columns=256
d_base_column=0
d_tile_base_delta=64
independent_d_count=4
d_reuse_distance=4
commit_interval=32
pending_mbarriers=1
wait_polling_mode=nocount
smem_base_offset=0
interference_mode=none
interference_ops_per_iter=0
interference_warps=4
elapsed_cycles=3678578
poll_count=0
max_abs_error=0.832031250
guard_ok=1
interference_sink=0.000000000

$ /xplorer/shijy/CUDA_optimazation/microbench/mma_config/07_config_matrix/build/tcgen05_07_config_matrix_bench --dtype bf16 --shape m128n64k16 --layout none --q 32 --iterations 128 --collector-protocol discard --collector-reuse 0 --ws 0 --ws-buffer-count 1 --operand-address-mode same --input-d 0 --tmem-columns 256 --d-base-column 0 --d-tile-base-delta 64 --independent-d-count 4 --d-reuse-distance 4 --commit-interval 32 --pending-mbarriers 1 --wait-mode nocount --smem-base-offset 0 --interference-mode none --interference-ops-per-iter 0 --interference-warps 4 --active-blocks 0
status=ok
experiment=07_config_matrix
gpu=NVIDIA Thor
compute_capability=11.0
sm_count=20
active_blocks=20
dtype=bf16
shape=m128n64k16
m=128
n=64
k=16
layout=none
q=32
iterations=128
collector_protocol=discard
collector_reuse=0
ws_mode=0
ws_buffer_count=1
operand_address_mode=same
input_d=0
tmem_columns=256
d_base_column=0
d_tile_base_delta=64
independent_d_count=4
d_reuse_distance=4
commit_interval=32
pending_mbarriers=1
wait_polling_mode=nocount
smem_base_offset=0
interference_mode=none
interference_ops_per_iter=0
interference_warps=4
elapsed_cycles=3678587
poll_count=0
max_abs_error=0.832031250
guard_ok=1
interference_sink=0.000000000

$ /xplorer/shijy/CUDA_optimazation/microbench/mma_config/07_config_matrix/build/tcgen05_07_config_matrix_bench --dtype bf16 --shape m128n64k16 --layout none --q 32 --iterations 128 --collector-protocol discard --collector-reuse 0 --ws 0 --ws-buffer-count 1 --operand-address-mode same --input-d 0 --tmem-columns 256 --d-base-column 0 --d-tile-base-delta 64 --independent-d-count 4 --d-reuse-distance 4 --commit-interval 32 --pending-mbarriers 1 --wait-mode nocount --smem-base-offset 0 --interference-mode none --interference-ops-per-iter 0 --interference-warps 4 --active-blocks 0
status=ok
experiment=07_config_matrix
gpu=NVIDIA Thor
compute_capability=11.0
sm_count=20
active_blocks=20
dtype=bf16
shape=m128n64k16
m=128
n=64
k=16
layout=none
q=32
iterations=128
collector_protocol=discard
collector_reuse=0
ws_mode=0
ws_buffer_count=1
operand_address_mode=same
input_d=0
tmem_columns=256
d_base_column=0
d_tile_base_delta=64
independent_d_count=4
d_reuse_distance=4
commit_interval=32
pending_mbarriers=1
wait_polling_mode=nocount
smem_base_offset=0
interference_mode=none
interference_ops_per_iter=0
interference_warps=4
elapsed_cycles=3678582
poll_count=0
max_abs_error=0.832031250
guard_ok=1
interference_sink=0.000000000

$ /xplorer/shijy/CUDA_optimazation/microbench/mma_config/07_config_matrix/build/tcgen05_07_config_matrix_bench --dtype bf16 --shape m128n64k16 --layout none --q 32 --iterations 128 --collector-protocol discard --collector-reuse 0 --ws 0 --ws-buffer-count 1 --operand-address-mode same --input-d 0 --tmem-columns 256 --d-base-column 0 --d-tile-base-delta 64 --independent-d-count 4 --d-reuse-distance 4 --commit-interval 32 --pending-mbarriers 1 --wait-mode nocount --smem-base-offset 0 --interference-mode none --interference-ops-per-iter 0 --interference-warps 4 --active-blocks 0
status=ok
experiment=07_config_matrix
gpu=NVIDIA Thor
compute_capability=11.0
sm_count=20
active_blocks=20
dtype=bf16
shape=m128n64k16
m=128
n=64
k=16
layout=none
q=32
iterations=128
collector_protocol=discard
collector_reuse=0
ws_mode=0
ws_buffer_count=1
operand_address_mode=same
input_d=0
tmem_columns=256
d_base_column=0
d_tile_base_delta=64
independent_d_count=4
d_reuse_distance=4
commit_interval=32
pending_mbarriers=1
wait_polling_mode=nocount
smem_base_offset=0
interference_mode=none
interference_ops_per_iter=0
interference_warps=4
elapsed_cycles=3678626
poll_count=0
max_abs_error=0.832031250
guard_ok=1
interference_sink=0.000000000

$ /xplorer/shijy/CUDA_optimazation/microbench/mma_config/07_config_matrix/build/tcgen05_07_config_matrix_bench --dtype bf16 --shape m128n64k16 --layout none --q 32 --iterations 128 --collector-protocol discard --collector-reuse 0 --ws 0 --ws-buffer-count 1 --operand-address-mode same --input-d 0 --tmem-columns 256 --d-base-column 0 --d-tile-base-delta 64 --independent-d-count 4 --d-reuse-distance 4 --commit-interval 32 --pending-mbarriers 1 --wait-mode nocount --smem-base-offset 0 --interference-mode none --interference-ops-per-iter 0 --interference-warps 4 --active-blocks 0
status=ok
experiment=07_config_matrix
gpu=NVIDIA Thor
compute_capability=11.0
sm_count=20
active_blocks=20
dtype=bf16
shape=m128n64k16
m=128
n=64
k=16
layout=none
q=32
iterations=128
collector_protocol=discard
collector_reuse=0
ws_mode=0
ws_buffer_count=1
operand_address_mode=same
input_d=0
tmem_columns=256
d_base_column=0
d_tile_base_delta=64
independent_d_count=4
d_reuse_distance=4
commit_interval=32
pending_mbarriers=1
wait_polling_mode=nocount
smem_base_offset=0
interference_mode=none
interference_ops_per_iter=0
interference_warps=4
elapsed_cycles=3678584
poll_count=0
max_abs_error=0.832031250
guard_ok=1
interference_sink=0.000000000

$ /xplorer/shijy/CUDA_optimazation/microbench/mma_config/07_config_matrix/build/tcgen05_07_config_matrix_bench --dtype bf16 --shape m128n64k16 --layout none --q 32 --iterations 128 --collector-protocol discard --collector-reuse 0 --ws 0 --ws-buffer-count 1 --operand-address-mode same --input-d 0 --tmem-columns 256 --d-base-column 0 --d-tile-base-delta 64 --independent-d-count 4 --d-reuse-distance 4 --commit-interval 32 --pending-mbarriers 1 --wait-mode nocount --smem-base-offset 0 --interference-mode none --interference-ops-per-iter 0 --interference-warps 4 --active-blocks 0
status=ok
experiment=07_config_matrix
gpu=NVIDIA Thor
compute_capability=11.0
sm_count=20
active_blocks=20
dtype=bf16
shape=m128n64k16
m=128
n=64
k=16
layout=none
q=32
iterations=128
collector_protocol=discard
collector_reuse=0
ws_mode=0
ws_buffer_count=1
operand_address_mode=same
input_d=0
tmem_columns=256
d_base_column=0
d_tile_base_delta=64
independent_d_count=4
d_reuse_distance=4
commit_interval=32
pending_mbarriers=1
wait_polling_mode=nocount
smem_base_offset=0
interference_mode=none
interference_ops_per_iter=0
interference_warps=4
elapsed_cycles=3678578
poll_count=0
max_abs_error=0.832031250
guard_ok=1
interference_sink=0.000000000

$ /xplorer/shijy/CUDA_optimazation/microbench/mma_config/07_config_matrix/build/tcgen05_07_config_matrix_bench --dtype bf16 --shape m128n256k16 --layout none --q 32 --iterations 128 --collector-protocol fill_use_lastuse --collector-reuse 3 --ws 0 --ws-buffer-count 1 --operand-address-mode pingpong --input-d 0 --tmem-columns 256 --d-base-column 0 --d-tile-base-delta 256 --independent-d-count 1 --d-reuse-distance 1 --commit-interval 32 --pending-mbarriers 1 --wait-mode nocount --smem-base-offset 0 --interference-mode none --interference-ops-per-iter 0 --interference-warps 4 --active-blocks 0
status=ok
experiment=07_config_matrix
gpu=NVIDIA Thor
compute_capability=11.0
sm_count=20
active_blocks=20
dtype=bf16
shape=m128n256k16
m=128
n=256
k=16
layout=none
q=32
iterations=128
collector_protocol=fill_use_lastuse
collector_reuse=3
ws_mode=0
ws_buffer_count=1
operand_address_mode=pingpong
input_d=0
tmem_columns=256
d_base_column=0
d_tile_base_delta=256
independent_d_count=1
d_reuse_distance=1
commit_interval=32
pending_mbarriers=1
wait_polling_mode=nocount
smem_base_offset=0
interference_mode=none
interference_ops_per_iter=0
interference_warps=4
elapsed_cycles=3282542
poll_count=0
max_abs_error=0.791015625
guard_ok=1
interference_sink=0.000000000

$ /xplorer/shijy/CUDA_optimazation/microbench/mma_config/07_config_matrix/build/tcgen05_07_config_matrix_bench --dtype bf16 --shape m128n256k16 --layout none --q 32 --iterations 128 --collector-protocol fill_use_lastuse --collector-reuse 3 --ws 0 --ws-buffer-count 1 --operand-address-mode pingpong --input-d 0 --tmem-columns 256 --d-base-column 0 --d-tile-base-delta 256 --independent-d-count 1 --d-reuse-distance 1 --commit-interval 32 --pending-mbarriers 1 --wait-mode nocount --smem-base-offset 0 --interference-mode none --interference-ops-per-iter 0 --interference-warps 4 --active-blocks 0
status=ok
experiment=07_config_matrix
gpu=NVIDIA Thor
compute_capability=11.0
sm_count=20
active_blocks=20
dtype=bf16
shape=m128n256k16
m=128
n=256
k=16
layout=none
q=32
iterations=128
collector_protocol=fill_use_lastuse
collector_reuse=3
ws_mode=0
ws_buffer_count=1
operand_address_mode=pingpong
input_d=0
tmem_columns=256
d_base_column=0
d_tile_base_delta=256
independent_d_count=1
d_reuse_distance=1
commit_interval=32
pending_mbarriers=1
wait_polling_mode=nocount
smem_base_offset=0
interference_mode=none
interference_ops_per_iter=0
interference_warps=4
elapsed_cycles=3282537
poll_count=0
max_abs_error=0.791015625
guard_ok=1
interference_sink=0.000000000

$ /xplorer/shijy/CUDA_optimazation/microbench/mma_config/07_config_matrix/build/tcgen05_07_config_matrix_bench --dtype bf16 --shape m128n256k16 --layout none --q 32 --iterations 128 --collector-protocol fill_use_lastuse --collector-reuse 3 --ws 0 --ws-buffer-count 1 --operand-address-mode pingpong --input-d 0 --tmem-columns 256 --d-base-column 0 --d-tile-base-delta 256 --independent-d-count 1 --d-reuse-distance 1 --commit-interval 32 --pending-mbarriers 1 --wait-mode nocount --smem-base-offset 0 --interference-mode none --interference-ops-per-iter 0 --interference-warps 4 --active-blocks 0
status=ok
experiment=07_config_matrix
gpu=NVIDIA Thor
compute_capability=11.0
sm_count=20
active_blocks=20
dtype=bf16
shape=m128n256k16
m=128
n=256
k=16
layout=none
q=32
iterations=128
collector_protocol=fill_use_lastuse
collector_reuse=3
ws_mode=0
ws_buffer_count=1
operand_address_mode=pingpong
input_d=0
tmem_columns=256
d_base_column=0
d_tile_base_delta=256
independent_d_count=1
d_reuse_distance=1
commit_interval=32
pending_mbarriers=1
wait_polling_mode=nocount
smem_base_offset=0
interference_mode=none
interference_ops_per_iter=0
interference_warps=4
elapsed_cycles=3282552
poll_count=0
max_abs_error=0.791015625
guard_ok=1
interference_sink=0.000000000

$ /xplorer/shijy/CUDA_optimazation/microbench/mma_config/07_config_matrix/build/tcgen05_07_config_matrix_bench --dtype bf16 --shape m128n256k16 --layout none --q 32 --iterations 128 --collector-protocol fill_use_lastuse --collector-reuse 3 --ws 0 --ws-buffer-count 1 --operand-address-mode pingpong --input-d 0 --tmem-columns 256 --d-base-column 0 --d-tile-base-delta 256 --independent-d-count 1 --d-reuse-distance 1 --commit-interval 32 --pending-mbarriers 1 --wait-mode nocount --smem-base-offset 0 --interference-mode none --interference-ops-per-iter 0 --interference-warps 4 --active-blocks 0
status=ok
experiment=07_config_matrix
gpu=NVIDIA Thor
compute_capability=11.0
sm_count=20
active_blocks=20
dtype=bf16
shape=m128n256k16
m=128
n=256
k=16
layout=none
q=32
iterations=128
collector_protocol=fill_use_lastuse
collector_reuse=3
ws_mode=0
ws_buffer_count=1
operand_address_mode=pingpong
input_d=0
tmem_columns=256
d_base_column=0
d_tile_base_delta=256
independent_d_count=1
d_reuse_distance=1
commit_interval=32
pending_mbarriers=1
wait_polling_mode=nocount
smem_base_offset=0
interference_mode=none
interference_ops_per_iter=0
interference_warps=4
elapsed_cycles=3282548
poll_count=0
max_abs_error=0.791015625
guard_ok=1
interference_sink=0.000000000

$ /xplorer/shijy/CUDA_optimazation/microbench/mma_config/07_config_matrix/build/tcgen05_07_config_matrix_bench --dtype bf16 --shape m128n256k16 --layout none --q 32 --iterations 128 --collector-protocol fill_use_lastuse --collector-reuse 3 --ws 0 --ws-buffer-count 1 --operand-address-mode pingpong --input-d 0 --tmem-columns 256 --d-base-column 0 --d-tile-base-delta 256 --independent-d-count 1 --d-reuse-distance 1 --commit-interval 32 --pending-mbarriers 1 --wait-mode nocount --smem-base-offset 0 --interference-mode none --interference-ops-per-iter 0 --interference-warps 4 --active-blocks 0
status=ok
experiment=07_config_matrix
gpu=NVIDIA Thor
compute_capability=11.0
sm_count=20
active_blocks=20
dtype=bf16
shape=m128n256k16
m=128
n=256
k=16
layout=none
q=32
iterations=128
collector_protocol=fill_use_lastuse
collector_reuse=3
ws_mode=0
ws_buffer_count=1
operand_address_mode=pingpong
input_d=0
tmem_columns=256
d_base_column=0
d_tile_base_delta=256
independent_d_count=1
d_reuse_distance=1
commit_interval=32
pending_mbarriers=1
wait_polling_mode=nocount
smem_base_offset=0
interference_mode=none
interference_ops_per_iter=0
interference_warps=4
elapsed_cycles=3282542
poll_count=0
max_abs_error=0.791015625
guard_ok=1
interference_sink=0.000000000

$ /xplorer/shijy/CUDA_optimazation/microbench/mma_config/07_config_matrix/build/tcgen05_07_config_matrix_bench --dtype fp16 --shape m128n128k16 --layout none --q 32 --iterations 128 --collector-protocol discard --collector-reuse 0 --ws 0 --ws-buffer-count 1 --operand-address-mode pingpong --input-d 0 --tmem-columns 128 --d-base-column 0 --d-tile-base-delta 128 --independent-d-count 1 --d-reuse-distance 1 --commit-interval 32 --pending-mbarriers 1 --wait-mode nocount --smem-base-offset 0 --interference-mode none --interference-ops-per-iter 0 --interference-warps 4 --active-blocks 0
status=ok
experiment=07_config_matrix
gpu=NVIDIA Thor
compute_capability=11.0
sm_count=20
active_blocks=20
dtype=fp16
shape=m128n128k16
m=128
n=128
k=16
layout=none
q=32
iterations=128
collector_protocol=discard
collector_reuse=0
ws_mode=0
ws_buffer_count=1
operand_address_mode=pingpong
input_d=0
tmem_columns=128
d_base_column=0
d_tile_base_delta=128
independent_d_count=1
d_reuse_distance=1
commit_interval=32
pending_mbarriers=1
wait_polling_mode=nocount
smem_base_offset=0
interference_mode=none
interference_ops_per_iter=0
interference_warps=4
elapsed_cycles=3181150
poll_count=0
max_abs_error=0.791015625
guard_ok=1
interference_sink=0.000000000

$ /xplorer/shijy/CUDA_optimazation/microbench/mma_config/07_config_matrix/build/tcgen05_07_config_matrix_bench --dtype fp16 --shape m128n128k16 --layout none --q 32 --iterations 128 --collector-protocol discard --collector-reuse 0 --ws 0 --ws-buffer-count 1 --operand-address-mode pingpong --input-d 0 --tmem-columns 128 --d-base-column 0 --d-tile-base-delta 128 --independent-d-count 1 --d-reuse-distance 1 --commit-interval 32 --pending-mbarriers 1 --wait-mode nocount --smem-base-offset 0 --interference-mode none --interference-ops-per-iter 0 --interference-warps 4 --active-blocks 0
status=ok
experiment=07_config_matrix
gpu=NVIDIA Thor
compute_capability=11.0
sm_count=20
active_blocks=20
dtype=fp16
shape=m128n128k16
m=128
n=128
k=16
layout=none
q=32
iterations=128
collector_protocol=discard
collector_reuse=0
ws_mode=0
ws_buffer_count=1
operand_address_mode=pingpong
input_d=0
tmem_columns=128
d_base_column=0
d_tile_base_delta=128
independent_d_count=1
d_reuse_distance=1
commit_interval=32
pending_mbarriers=1
wait_polling_mode=nocount
smem_base_offset=0
interference_mode=none
interference_ops_per_iter=0
interference_warps=4
elapsed_cycles=3181150
poll_count=0
max_abs_error=0.791015625
guard_ok=1
interference_sink=0.000000000

$ /xplorer/shijy/CUDA_optimazation/microbench/mma_config/07_config_matrix/build/tcgen05_07_config_matrix_bench --dtype fp16 --shape m128n128k16 --layout none --q 32 --iterations 128 --collector-protocol discard --collector-reuse 0 --ws 0 --ws-buffer-count 1 --operand-address-mode pingpong --input-d 0 --tmem-columns 128 --d-base-column 0 --d-tile-base-delta 128 --independent-d-count 1 --d-reuse-distance 1 --commit-interval 32 --pending-mbarriers 1 --wait-mode nocount --smem-base-offset 0 --interference-mode none --interference-ops-per-iter 0 --interference-warps 4 --active-blocks 0
status=ok
experiment=07_config_matrix
gpu=NVIDIA Thor
compute_capability=11.0
sm_count=20
active_blocks=20
dtype=fp16
shape=m128n128k16
m=128
n=128
k=16
layout=none
q=32
iterations=128
collector_protocol=discard
collector_reuse=0
ws_mode=0
ws_buffer_count=1
operand_address_mode=pingpong
input_d=0
tmem_columns=128
d_base_column=0
d_tile_base_delta=128
independent_d_count=1
d_reuse_distance=1
commit_interval=32
pending_mbarriers=1
wait_polling_mode=nocount
smem_base_offset=0
interference_mode=none
interference_ops_per_iter=0
interference_warps=4
elapsed_cycles=3181153
poll_count=0
max_abs_error=0.791015625
guard_ok=1
interference_sink=0.000000000

$ /xplorer/shijy/CUDA_optimazation/microbench/mma_config/07_config_matrix/build/tcgen05_07_config_matrix_bench --dtype fp16 --shape m128n128k16 --layout none --q 32 --iterations 128 --collector-protocol discard --collector-reuse 0 --ws 0 --ws-buffer-count 1 --operand-address-mode pingpong --input-d 0 --tmem-columns 128 --d-base-column 0 --d-tile-base-delta 128 --independent-d-count 1 --d-reuse-distance 1 --commit-interval 32 --pending-mbarriers 1 --wait-mode nocount --smem-base-offset 0 --interference-mode none --interference-ops-per-iter 0 --interference-warps 4 --active-blocks 0
status=ok
experiment=07_config_matrix
gpu=NVIDIA Thor
compute_capability=11.0
sm_count=20
active_blocks=20
dtype=fp16
shape=m128n128k16
m=128
n=128
k=16
layout=none
q=32
iterations=128
collector_protocol=discard
collector_reuse=0
ws_mode=0
ws_buffer_count=1
operand_address_mode=pingpong
input_d=0
tmem_columns=128
d_base_column=0
d_tile_base_delta=128
independent_d_count=1
d_reuse_distance=1
commit_interval=32
pending_mbarriers=1
wait_polling_mode=nocount
smem_base_offset=0
interference_mode=none
interference_ops_per_iter=0
interference_warps=4
elapsed_cycles=3181155
poll_count=0
max_abs_error=0.791015625
guard_ok=1
interference_sink=0.000000000

$ /xplorer/shijy/CUDA_optimazation/microbench/mma_config/07_config_matrix/build/tcgen05_07_config_matrix_bench --dtype fp16 --shape m128n128k16 --layout none --q 32 --iterations 128 --collector-protocol discard --collector-reuse 0 --ws 0 --ws-buffer-count 1 --operand-address-mode pingpong --input-d 0 --tmem-columns 128 --d-base-column 0 --d-tile-base-delta 128 --independent-d-count 1 --d-reuse-distance 1 --commit-interval 32 --pending-mbarriers 1 --wait-mode nocount --smem-base-offset 0 --interference-mode none --interference-ops-per-iter 0 --interference-warps 4 --active-blocks 0
status=ok
experiment=07_config_matrix
gpu=NVIDIA Thor
compute_capability=11.0
sm_count=20
active_blocks=20
dtype=fp16
shape=m128n128k16
m=128
n=128
k=16
layout=none
q=32
iterations=128
collector_protocol=discard
collector_reuse=0
ws_mode=0
ws_buffer_count=1
operand_address_mode=pingpong
input_d=0
tmem_columns=128
d_base_column=0
d_tile_base_delta=128
independent_d_count=1
d_reuse_distance=1
commit_interval=32
pending_mbarriers=1
wait_polling_mode=nocount
smem_base_offset=0
interference_mode=none
interference_ops_per_iter=0
interference_warps=4
elapsed_cycles=3181151
poll_count=0
max_abs_error=0.791015625
guard_ok=1
interference_sink=0.000000000

$ /xplorer/shijy/CUDA_optimazation/microbench/mma_config/07_config_matrix/build/tcgen05_07_config_matrix_bench --dtype bf16 --shape m128n128k16 --layout none --q 32 --iterations 128 --collector-protocol discard --collector-reuse 0 --ws 0 --ws-buffer-count 1 --operand-address-mode same --input-d 0 --tmem-columns 128 --d-base-column 0 --d-tile-base-delta 128 --independent-d-count 1 --d-reuse-distance 1 --commit-interval 32 --pending-mbarriers 1 --wait-mode nocount --smem-base-offset 0 --interference-mode none --interference-ops-per-iter 0 --interference-warps 4 --active-blocks 0
status=ok
experiment=07_config_matrix
gpu=NVIDIA Thor
compute_capability=11.0
sm_count=20
active_blocks=20
dtype=bf16
shape=m128n128k16
m=128
n=128
k=16
layout=none
q=32
iterations=128
collector_protocol=discard
collector_reuse=0
ws_mode=0
ws_buffer_count=1
operand_address_mode=same
input_d=0
tmem_columns=128
d_base_column=0
d_tile_base_delta=128
independent_d_count=1
d_reuse_distance=1
commit_interval=32
pending_mbarriers=1
wait_polling_mode=nocount
smem_base_offset=0
interference_mode=none
interference_ops_per_iter=0
interference_warps=4
elapsed_cycles=3181152
poll_count=0
max_abs_error=0.832031250
guard_ok=1
interference_sink=0.000000000

$ /xplorer/shijy/CUDA_optimazation/microbench/mma_config/07_config_matrix/build/tcgen05_07_config_matrix_bench --dtype bf16 --shape m128n128k16 --layout none --q 32 --iterations 128 --collector-protocol discard --collector-reuse 0 --ws 0 --ws-buffer-count 1 --operand-address-mode same --input-d 0 --tmem-columns 128 --d-base-column 0 --d-tile-base-delta 128 --independent-d-count 1 --d-reuse-distance 1 --commit-interval 32 --pending-mbarriers 1 --wait-mode nocount --smem-base-offset 0 --interference-mode none --interference-ops-per-iter 0 --interference-warps 4 --active-blocks 0
status=ok
experiment=07_config_matrix
gpu=NVIDIA Thor
compute_capability=11.0
sm_count=20
active_blocks=20
dtype=bf16
shape=m128n128k16
m=128
n=128
k=16
layout=none
q=32
iterations=128
collector_protocol=discard
collector_reuse=0
ws_mode=0
ws_buffer_count=1
operand_address_mode=same
input_d=0
tmem_columns=128
d_base_column=0
d_tile_base_delta=128
independent_d_count=1
d_reuse_distance=1
commit_interval=32
pending_mbarriers=1
wait_polling_mode=nocount
smem_base_offset=0
interference_mode=none
interference_ops_per_iter=0
interference_warps=4
elapsed_cycles=3181149
poll_count=0
max_abs_error=0.832031250
guard_ok=1
interference_sink=0.000000000

$ /xplorer/shijy/CUDA_optimazation/microbench/mma_config/07_config_matrix/build/tcgen05_07_config_matrix_bench --dtype bf16 --shape m128n128k16 --layout none --q 32 --iterations 128 --collector-protocol discard --collector-reuse 0 --ws 0 --ws-buffer-count 1 --operand-address-mode same --input-d 0 --tmem-columns 128 --d-base-column 0 --d-tile-base-delta 128 --independent-d-count 1 --d-reuse-distance 1 --commit-interval 32 --pending-mbarriers 1 --wait-mode nocount --smem-base-offset 0 --interference-mode none --interference-ops-per-iter 0 --interference-warps 4 --active-blocks 0
status=ok
experiment=07_config_matrix
gpu=NVIDIA Thor
compute_capability=11.0
sm_count=20
active_blocks=20
dtype=bf16
shape=m128n128k16
m=128
n=128
k=16
layout=none
q=32
iterations=128
collector_protocol=discard
collector_reuse=0
ws_mode=0
ws_buffer_count=1
operand_address_mode=same
input_d=0
tmem_columns=128
d_base_column=0
d_tile_base_delta=128
independent_d_count=1
d_reuse_distance=1
commit_interval=32
pending_mbarriers=1
wait_polling_mode=nocount
smem_base_offset=0
interference_mode=none
interference_ops_per_iter=0
interference_warps=4
elapsed_cycles=3181520
poll_count=0
max_abs_error=0.832031250
guard_ok=1
interference_sink=0.000000000

$ /xplorer/shijy/CUDA_optimazation/microbench/mma_config/07_config_matrix/build/tcgen05_07_config_matrix_bench --dtype bf16 --shape m128n128k16 --layout none --q 32 --iterations 128 --collector-protocol discard --collector-reuse 0 --ws 0 --ws-buffer-count 1 --operand-address-mode same --input-d 0 --tmem-columns 128 --d-base-column 0 --d-tile-base-delta 128 --independent-d-count 1 --d-reuse-distance 1 --commit-interval 32 --pending-mbarriers 1 --wait-mode nocount --smem-base-offset 0 --interference-mode none --interference-ops-per-iter 0 --interference-warps 4 --active-blocks 0
status=ok
experiment=07_config_matrix
gpu=NVIDIA Thor
compute_capability=11.0
sm_count=20
active_blocks=20
dtype=bf16
shape=m128n128k16
m=128
n=128
k=16
layout=none
q=32
iterations=128
collector_protocol=discard
collector_reuse=0
ws_mode=0
ws_buffer_count=1
operand_address_mode=same
input_d=0
tmem_columns=128
d_base_column=0
d_tile_base_delta=128
independent_d_count=1
d_reuse_distance=1
commit_interval=32
pending_mbarriers=1
wait_polling_mode=nocount
smem_base_offset=0
interference_mode=none
interference_ops_per_iter=0
interference_warps=4
elapsed_cycles=3181153
poll_count=0
max_abs_error=0.832031250
guard_ok=1
interference_sink=0.000000000

$ /xplorer/shijy/CUDA_optimazation/microbench/mma_config/07_config_matrix/build/tcgen05_07_config_matrix_bench --dtype bf16 --shape m128n128k16 --layout none --q 32 --iterations 128 --collector-protocol discard --collector-reuse 0 --ws 0 --ws-buffer-count 1 --operand-address-mode same --input-d 0 --tmem-columns 128 --d-base-column 0 --d-tile-base-delta 128 --independent-d-count 1 --d-reuse-distance 1 --commit-interval 32 --pending-mbarriers 1 --wait-mode nocount --smem-base-offset 0 --interference-mode none --interference-ops-per-iter 0 --interference-warps 4 --active-blocks 0
status=ok
experiment=07_config_matrix
gpu=NVIDIA Thor
compute_capability=11.0
sm_count=20
active_blocks=20
dtype=bf16
shape=m128n128k16
m=128
n=128
k=16
layout=none
q=32
iterations=128
collector_protocol=discard
collector_reuse=0
ws_mode=0
ws_buffer_count=1
operand_address_mode=same
input_d=0
tmem_columns=128
d_base_column=0
d_tile_base_delta=128
independent_d_count=1
d_reuse_distance=1
commit_interval=32
pending_mbarriers=1
wait_polling_mode=nocount
smem_base_offset=0
interference_mode=none
interference_ops_per_iter=0
interference_warps=4
elapsed_cycles=3181152
poll_count=0
max_abs_error=0.832031250
guard_ok=1
interference_sink=0.000000000

$ /xplorer/shijy/CUDA_optimazation/microbench/mma_config/07_config_matrix/build/tcgen05_07_config_matrix_bench --dtype bf16 --shape m128n64k16 --layout none --q 32 --iterations 128 --collector-protocol fill_use_lastuse --collector-reuse 3 --ws 0 --ws-buffer-count 1 --operand-address-mode pingpong --input-d 0 --tmem-columns 512 --d-base-column 0 --d-tile-base-delta 64 --independent-d-count 8 --d-reuse-distance 8 --commit-interval 32 --pending-mbarriers 1 --wait-mode nocount --smem-base-offset 0 --interference-mode none --interference-ops-per-iter 0 --interference-warps 4 --active-blocks 0
status=ok
experiment=07_config_matrix
gpu=NVIDIA Thor
compute_capability=11.0
sm_count=20
active_blocks=20
dtype=bf16
shape=m128n64k16
m=128
n=64
k=16
layout=none
q=32
iterations=128
collector_protocol=fill_use_lastuse
collector_reuse=3
ws_mode=0
ws_buffer_count=1
operand_address_mode=pingpong
input_d=0
tmem_columns=512
d_base_column=0
d_tile_base_delta=64
independent_d_count=8
d_reuse_distance=8
commit_interval=32
pending_mbarriers=1
wait_polling_mode=nocount
smem_base_offset=0
interference_mode=none
interference_ops_per_iter=0
interference_warps=4
elapsed_cycles=3779296
poll_count=0
max_abs_error=0.832031250
guard_ok=1
interference_sink=0.000000000

$ /xplorer/shijy/CUDA_optimazation/microbench/mma_config/07_config_matrix/build/tcgen05_07_config_matrix_bench --dtype bf16 --shape m128n64k16 --layout none --q 32 --iterations 128 --collector-protocol fill_use_lastuse --collector-reuse 3 --ws 0 --ws-buffer-count 1 --operand-address-mode pingpong --input-d 0 --tmem-columns 512 --d-base-column 0 --d-tile-base-delta 64 --independent-d-count 8 --d-reuse-distance 8 --commit-interval 32 --pending-mbarriers 1 --wait-mode nocount --smem-base-offset 0 --interference-mode none --interference-ops-per-iter 0 --interference-warps 4 --active-blocks 0
status=ok
experiment=07_config_matrix
gpu=NVIDIA Thor
compute_capability=11.0
sm_count=20
active_blocks=20
dtype=bf16
shape=m128n64k16
m=128
n=64
k=16
layout=none
q=32
iterations=128
collector_protocol=fill_use_lastuse
collector_reuse=3
ws_mode=0
ws_buffer_count=1
operand_address_mode=pingpong
input_d=0
tmem_columns=512
d_base_column=0
d_tile_base_delta=64
independent_d_count=8
d_reuse_distance=8
commit_interval=32
pending_mbarriers=1
wait_polling_mode=nocount
smem_base_offset=0
interference_mode=none
interference_ops_per_iter=0
interference_warps=4
elapsed_cycles=3779303
poll_count=0
max_abs_error=0.832031250
guard_ok=1
interference_sink=0.000000000

$ /xplorer/shijy/CUDA_optimazation/microbench/mma_config/07_config_matrix/build/tcgen05_07_config_matrix_bench --dtype bf16 --shape m128n64k16 --layout none --q 32 --iterations 128 --collector-protocol fill_use_lastuse --collector-reuse 3 --ws 0 --ws-buffer-count 1 --operand-address-mode pingpong --input-d 0 --tmem-columns 512 --d-base-column 0 --d-tile-base-delta 64 --independent-d-count 8 --d-reuse-distance 8 --commit-interval 32 --pending-mbarriers 1 --wait-mode nocount --smem-base-offset 0 --interference-mode none --interference-ops-per-iter 0 --interference-warps 4 --active-blocks 0
status=ok
experiment=07_config_matrix
gpu=NVIDIA Thor
compute_capability=11.0
sm_count=20
active_blocks=20
dtype=bf16
shape=m128n64k16
m=128
n=64
k=16
layout=none
q=32
iterations=128
collector_protocol=fill_use_lastuse
collector_reuse=3
ws_mode=0
ws_buffer_count=1
operand_address_mode=pingpong
input_d=0
tmem_columns=512
d_base_column=0
d_tile_base_delta=64
independent_d_count=8
d_reuse_distance=8
commit_interval=32
pending_mbarriers=1
wait_polling_mode=nocount
smem_base_offset=0
interference_mode=none
interference_ops_per_iter=0
interference_warps=4
elapsed_cycles=3779295
poll_count=0
max_abs_error=0.832031250
guard_ok=1
interference_sink=0.000000000

$ /xplorer/shijy/CUDA_optimazation/microbench/mma_config/07_config_matrix/build/tcgen05_07_config_matrix_bench --dtype bf16 --shape m128n64k16 --layout none --q 32 --iterations 128 --collector-protocol fill_use_lastuse --collector-reuse 3 --ws 0 --ws-buffer-count 1 --operand-address-mode pingpong --input-d 0 --tmem-columns 512 --d-base-column 0 --d-tile-base-delta 64 --independent-d-count 8 --d-reuse-distance 8 --commit-interval 32 --pending-mbarriers 1 --wait-mode nocount --smem-base-offset 0 --interference-mode none --interference-ops-per-iter 0 --interference-warps 4 --active-blocks 0
status=ok
experiment=07_config_matrix
gpu=NVIDIA Thor
compute_capability=11.0
sm_count=20
active_blocks=20
dtype=bf16
shape=m128n64k16
m=128
n=64
k=16
layout=none
q=32
iterations=128
collector_protocol=fill_use_lastuse
collector_reuse=3
ws_mode=0
ws_buffer_count=1
operand_address_mode=pingpong
input_d=0
tmem_columns=512
d_base_column=0
d_tile_base_delta=64
independent_d_count=8
d_reuse_distance=8
commit_interval=32
pending_mbarriers=1
wait_polling_mode=nocount
smem_base_offset=0
interference_mode=none
interference_ops_per_iter=0
interference_warps=4
elapsed_cycles=3779304
poll_count=0
max_abs_error=0.832031250
guard_ok=1
interference_sink=0.000000000

$ /xplorer/shijy/CUDA_optimazation/microbench/mma_config/07_config_matrix/build/tcgen05_07_config_matrix_bench --dtype bf16 --shape m128n64k16 --layout none --q 32 --iterations 128 --collector-protocol fill_use_lastuse --collector-reuse 3 --ws 0 --ws-buffer-count 1 --operand-address-mode pingpong --input-d 0 --tmem-columns 512 --d-base-column 0 --d-tile-base-delta 64 --independent-d-count 8 --d-reuse-distance 8 --commit-interval 32 --pending-mbarriers 1 --wait-mode nocount --smem-base-offset 0 --interference-mode none --interference-ops-per-iter 0 --interference-warps 4 --active-blocks 0
status=ok
experiment=07_config_matrix
gpu=NVIDIA Thor
compute_capability=11.0
sm_count=20
active_blocks=20
dtype=bf16
shape=m128n64k16
m=128
n=64
k=16
layout=none
q=32
iterations=128
collector_protocol=fill_use_lastuse
collector_reuse=3
ws_mode=0
ws_buffer_count=1
operand_address_mode=pingpong
input_d=0
tmem_columns=512
d_base_column=0
d_tile_base_delta=64
independent_d_count=8
d_reuse_distance=8
commit_interval=32
pending_mbarriers=1
wait_polling_mode=nocount
smem_base_offset=0
interference_mode=none
interference_ops_per_iter=0
interference_warps=4
elapsed_cycles=3779304
poll_count=0
max_abs_error=0.832031250
guard_ok=1
interference_sink=0.000000000

$ /xplorer/shijy/CUDA_optimazation/microbench/mma_config/07_config_matrix/build/tcgen05_07_config_matrix_bench --dtype fp16 --shape m128n64k16 --layout none --q 32 --iterations 128 --collector-protocol fill_use_lastuse --collector-reuse 3 --ws 0 --ws-buffer-count 1 --operand-address-mode same --input-d 0 --tmem-columns 128 --d-base-column 0 --d-tile-base-delta 64 --independent-d-count 2 --d-reuse-distance 2 --commit-interval 32 --pending-mbarriers 1 --wait-mode nocount --smem-base-offset 0 --interference-mode none --interference-ops-per-iter 0 --interference-warps 4 --active-blocks 0
status=ok
experiment=07_config_matrix
gpu=NVIDIA Thor
compute_capability=11.0
sm_count=20
active_blocks=20
dtype=fp16
shape=m128n64k16
m=128
n=64
k=16
layout=none
q=32
iterations=128
collector_protocol=fill_use_lastuse
collector_reuse=3
ws_mode=0
ws_buffer_count=1
operand_address_mode=same
input_d=0
tmem_columns=128
d_base_column=0
d_tile_base_delta=64
independent_d_count=2
d_reuse_distance=2
commit_interval=32
pending_mbarriers=1
wait_polling_mode=nocount
smem_base_offset=0
interference_mode=none
interference_ops_per_iter=0
interference_warps=4
elapsed_cycles=3779298
poll_count=0
max_abs_error=0.832031250
guard_ok=1
interference_sink=0.000000000

$ /xplorer/shijy/CUDA_optimazation/microbench/mma_config/07_config_matrix/build/tcgen05_07_config_matrix_bench --dtype fp16 --shape m128n64k16 --layout none --q 32 --iterations 128 --collector-protocol fill_use_lastuse --collector-reuse 3 --ws 0 --ws-buffer-count 1 --operand-address-mode same --input-d 0 --tmem-columns 128 --d-base-column 0 --d-tile-base-delta 64 --independent-d-count 2 --d-reuse-distance 2 --commit-interval 32 --pending-mbarriers 1 --wait-mode nocount --smem-base-offset 0 --interference-mode none --interference-ops-per-iter 0 --interference-warps 4 --active-blocks 0
status=ok
experiment=07_config_matrix
gpu=NVIDIA Thor
compute_capability=11.0
sm_count=20
active_blocks=20
dtype=fp16
shape=m128n64k16
m=128
n=64
k=16
layout=none
q=32
iterations=128
collector_protocol=fill_use_lastuse
collector_reuse=3
ws_mode=0
ws_buffer_count=1
operand_address_mode=same
input_d=0
tmem_columns=128
d_base_column=0
d_tile_base_delta=64
independent_d_count=2
d_reuse_distance=2
commit_interval=32
pending_mbarriers=1
wait_polling_mode=nocount
smem_base_offset=0
interference_mode=none
interference_ops_per_iter=0
interference_warps=4
elapsed_cycles=3779305
poll_count=0
max_abs_error=0.832031250
guard_ok=1
interference_sink=0.000000000

$ /xplorer/shijy/CUDA_optimazation/microbench/mma_config/07_config_matrix/build/tcgen05_07_config_matrix_bench --dtype fp16 --shape m128n64k16 --layout none --q 32 --iterations 128 --collector-protocol fill_use_lastuse --collector-reuse 3 --ws 0 --ws-buffer-count 1 --operand-address-mode same --input-d 0 --tmem-columns 128 --d-base-column 0 --d-tile-base-delta 64 --independent-d-count 2 --d-reuse-distance 2 --commit-interval 32 --pending-mbarriers 1 --wait-mode nocount --smem-base-offset 0 --interference-mode none --interference-ops-per-iter 0 --interference-warps 4 --active-blocks 0
status=ok
experiment=07_config_matrix
gpu=NVIDIA Thor
compute_capability=11.0
sm_count=20
active_blocks=20
dtype=fp16
shape=m128n64k16
m=128
n=64
k=16
layout=none
q=32
iterations=128
collector_protocol=fill_use_lastuse
collector_reuse=3
ws_mode=0
ws_buffer_count=1
operand_address_mode=same
input_d=0
tmem_columns=128
d_base_column=0
d_tile_base_delta=64
independent_d_count=2
d_reuse_distance=2
commit_interval=32
pending_mbarriers=1
wait_polling_mode=nocount
smem_base_offset=0
interference_mode=none
interference_ops_per_iter=0
interference_warps=4
elapsed_cycles=3779304
poll_count=0
max_abs_error=0.832031250
guard_ok=1
interference_sink=0.000000000

$ /xplorer/shijy/CUDA_optimazation/microbench/mma_config/07_config_matrix/build/tcgen05_07_config_matrix_bench --dtype fp16 --shape m128n64k16 --layout none --q 32 --iterations 128 --collector-protocol fill_use_lastuse --collector-reuse 3 --ws 0 --ws-buffer-count 1 --operand-address-mode same --input-d 0 --tmem-columns 128 --d-base-column 0 --d-tile-base-delta 64 --independent-d-count 2 --d-reuse-distance 2 --commit-interval 32 --pending-mbarriers 1 --wait-mode nocount --smem-base-offset 0 --interference-mode none --interference-ops-per-iter 0 --interference-warps 4 --active-blocks 0
status=ok
experiment=07_config_matrix
gpu=NVIDIA Thor
compute_capability=11.0
sm_count=20
active_blocks=20
dtype=fp16
shape=m128n64k16
m=128
n=64
k=16
layout=none
q=32
iterations=128
collector_protocol=fill_use_lastuse
collector_reuse=3
ws_mode=0
ws_buffer_count=1
operand_address_mode=same
input_d=0
tmem_columns=128
d_base_column=0
d_tile_base_delta=64
independent_d_count=2
d_reuse_distance=2
commit_interval=32
pending_mbarriers=1
wait_polling_mode=nocount
smem_base_offset=0
interference_mode=none
interference_ops_per_iter=0
interference_warps=4
elapsed_cycles=3779300
poll_count=0
max_abs_error=0.832031250
guard_ok=1
interference_sink=0.000000000

$ /xplorer/shijy/CUDA_optimazation/microbench/mma_config/07_config_matrix/build/tcgen05_07_config_matrix_bench --dtype fp16 --shape m128n64k16 --layout none --q 32 --iterations 128 --collector-protocol fill_use_lastuse --collector-reuse 3 --ws 0 --ws-buffer-count 1 --operand-address-mode same --input-d 0 --tmem-columns 128 --d-base-column 0 --d-tile-base-delta 64 --independent-d-count 2 --d-reuse-distance 2 --commit-interval 32 --pending-mbarriers 1 --wait-mode nocount --smem-base-offset 0 --interference-mode none --interference-ops-per-iter 0 --interference-warps 4 --active-blocks 0
status=ok
experiment=07_config_matrix
gpu=NVIDIA Thor
compute_capability=11.0
sm_count=20
active_blocks=20
dtype=fp16
shape=m128n64k16
m=128
n=64
k=16
layout=none
q=32
iterations=128
collector_protocol=fill_use_lastuse
collector_reuse=3
ws_mode=0
ws_buffer_count=1
operand_address_mode=same
input_d=0
tmem_columns=128
d_base_column=0
d_tile_base_delta=64
independent_d_count=2
d_reuse_distance=2
commit_interval=32
pending_mbarriers=1
wait_polling_mode=nocount
smem_base_offset=0
interference_mode=none
interference_ops_per_iter=0
interference_warps=4
elapsed_cycles=3779295
poll_count=0
max_abs_error=0.832031250
guard_ok=1
interference_sink=0.000000000

$ /xplorer/shijy/CUDA_optimazation/microbench/mma_config/07_config_matrix/build/tcgen05_07_config_matrix_bench --dtype bf16 --shape m128n64k16 --layout none --q 32 --iterations 128 --collector-protocol fill_use_lastuse --collector-reuse 3 --ws 0 --ws-buffer-count 1 --operand-address-mode pingpong --input-d 0 --tmem-columns 128 --d-base-column 0 --d-tile-base-delta 64 --independent-d-count 2 --d-reuse-distance 2 --commit-interval 32 --pending-mbarriers 1 --wait-mode nocount --smem-base-offset 0 --interference-mode none --interference-ops-per-iter 0 --interference-warps 4 --active-blocks 0
status=ok
experiment=07_config_matrix
gpu=NVIDIA Thor
compute_capability=11.0
sm_count=20
active_blocks=20
dtype=bf16
shape=m128n64k16
m=128
n=64
k=16
layout=none
q=32
iterations=128
collector_protocol=fill_use_lastuse
collector_reuse=3
ws_mode=0
ws_buffer_count=1
operand_address_mode=pingpong
input_d=0
tmem_columns=128
d_base_column=0
d_tile_base_delta=64
independent_d_count=2
d_reuse_distance=2
commit_interval=32
pending_mbarriers=1
wait_polling_mode=nocount
smem_base_offset=0
interference_mode=none
interference_ops_per_iter=0
interference_warps=4
elapsed_cycles=3779296
poll_count=0
max_abs_error=0.832031250
guard_ok=1
interference_sink=0.000000000

$ /xplorer/shijy/CUDA_optimazation/microbench/mma_config/07_config_matrix/build/tcgen05_07_config_matrix_bench --dtype bf16 --shape m128n64k16 --layout none --q 32 --iterations 128 --collector-protocol fill_use_lastuse --collector-reuse 3 --ws 0 --ws-buffer-count 1 --operand-address-mode pingpong --input-d 0 --tmem-columns 128 --d-base-column 0 --d-tile-base-delta 64 --independent-d-count 2 --d-reuse-distance 2 --commit-interval 32 --pending-mbarriers 1 --wait-mode nocount --smem-base-offset 0 --interference-mode none --interference-ops-per-iter 0 --interference-warps 4 --active-blocks 0
status=ok
experiment=07_config_matrix
gpu=NVIDIA Thor
compute_capability=11.0
sm_count=20
active_blocks=20
dtype=bf16
shape=m128n64k16
m=128
n=64
k=16
layout=none
q=32
iterations=128
collector_protocol=fill_use_lastuse
collector_reuse=3
ws_mode=0
ws_buffer_count=1
operand_address_mode=pingpong
input_d=0
tmem_columns=128
d_base_column=0
d_tile_base_delta=64
independent_d_count=2
d_reuse_distance=2
commit_interval=32
pending_mbarriers=1
wait_polling_mode=nocount
smem_base_offset=0
interference_mode=none
interference_ops_per_iter=0
interference_warps=4
elapsed_cycles=3779298
poll_count=0
max_abs_error=0.832031250
guard_ok=1
interference_sink=0.000000000

$ /xplorer/shijy/CUDA_optimazation/microbench/mma_config/07_config_matrix/build/tcgen05_07_config_matrix_bench --dtype bf16 --shape m128n64k16 --layout none --q 32 --iterations 128 --collector-protocol fill_use_lastuse --collector-reuse 3 --ws 0 --ws-buffer-count 1 --operand-address-mode pingpong --input-d 0 --tmem-columns 128 --d-base-column 0 --d-tile-base-delta 64 --independent-d-count 2 --d-reuse-distance 2 --commit-interval 32 --pending-mbarriers 1 --wait-mode nocount --smem-base-offset 0 --interference-mode none --interference-ops-per-iter 0 --interference-warps 4 --active-blocks 0
status=ok
experiment=07_config_matrix
gpu=NVIDIA Thor
compute_capability=11.0
sm_count=20
active_blocks=20
dtype=bf16
shape=m128n64k16
m=128
n=64
k=16
layout=none
q=32
iterations=128
collector_protocol=fill_use_lastuse
collector_reuse=3
ws_mode=0
ws_buffer_count=1
operand_address_mode=pingpong
input_d=0
tmem_columns=128
d_base_column=0
d_tile_base_delta=64
independent_d_count=2
d_reuse_distance=2
commit_interval=32
pending_mbarriers=1
wait_polling_mode=nocount
smem_base_offset=0
interference_mode=none
interference_ops_per_iter=0
interference_warps=4
elapsed_cycles=3779300
poll_count=0
max_abs_error=0.832031250
guard_ok=1
interference_sink=0.000000000

$ /xplorer/shijy/CUDA_optimazation/microbench/mma_config/07_config_matrix/build/tcgen05_07_config_matrix_bench --dtype bf16 --shape m128n64k16 --layout none --q 32 --iterations 128 --collector-protocol fill_use_lastuse --collector-reuse 3 --ws 0 --ws-buffer-count 1 --operand-address-mode pingpong --input-d 0 --tmem-columns 128 --d-base-column 0 --d-tile-base-delta 64 --independent-d-count 2 --d-reuse-distance 2 --commit-interval 32 --pending-mbarriers 1 --wait-mode nocount --smem-base-offset 0 --interference-mode none --interference-ops-per-iter 0 --interference-warps 4 --active-blocks 0
status=ok
experiment=07_config_matrix
gpu=NVIDIA Thor
compute_capability=11.0
sm_count=20
active_blocks=20
dtype=bf16
shape=m128n64k16
m=128
n=64
k=16
layout=none
q=32
iterations=128
collector_protocol=fill_use_lastuse
collector_reuse=3
ws_mode=0
ws_buffer_count=1
operand_address_mode=pingpong
input_d=0
tmem_columns=128
d_base_column=0
d_tile_base_delta=64
independent_d_count=2
d_reuse_distance=2
commit_interval=32
pending_mbarriers=1
wait_polling_mode=nocount
smem_base_offset=0
interference_mode=none
interference_ops_per_iter=0
interference_warps=4
elapsed_cycles=3779304
poll_count=0
max_abs_error=0.832031250
guard_ok=1
interference_sink=0.000000000

$ /xplorer/shijy/CUDA_optimazation/microbench/mma_config/07_config_matrix/build/tcgen05_07_config_matrix_bench --dtype bf16 --shape m128n64k16 --layout none --q 32 --iterations 128 --collector-protocol fill_use_lastuse --collector-reuse 3 --ws 0 --ws-buffer-count 1 --operand-address-mode pingpong --input-d 0 --tmem-columns 128 --d-base-column 0 --d-tile-base-delta 64 --independent-d-count 2 --d-reuse-distance 2 --commit-interval 32 --pending-mbarriers 1 --wait-mode nocount --smem-base-offset 0 --interference-mode none --interference-ops-per-iter 0 --interference-warps 4 --active-blocks 0
status=ok
experiment=07_config_matrix
gpu=NVIDIA Thor
compute_capability=11.0
sm_count=20
active_blocks=20
dtype=bf16
shape=m128n64k16
m=128
n=64
k=16
layout=none
q=32
iterations=128
collector_protocol=fill_use_lastuse
collector_reuse=3
ws_mode=0
ws_buffer_count=1
operand_address_mode=pingpong
input_d=0
tmem_columns=128
d_base_column=0
d_tile_base_delta=64
independent_d_count=2
d_reuse_distance=2
commit_interval=32
pending_mbarriers=1
wait_polling_mode=nocount
smem_base_offset=0
interference_mode=none
interference_ops_per_iter=0
interference_warps=4
elapsed_cycles=3779294
poll_count=0
max_abs_error=0.832031250
guard_ok=1
interference_sink=0.000000000

$ /xplorer/shijy/CUDA_optimazation/microbench/mma_config/07_config_matrix/build/tcgen05_07_config_matrix_bench --dtype bf16 --shape m128n256k16 --layout none --q 32 --iterations 128 --collector-protocol fill_use_lastuse --collector-reuse 3 --ws 0 --ws-buffer-count 1 --operand-address-mode same --input-d 0 --tmem-columns 256 --d-base-column 0 --d-tile-base-delta 256 --independent-d-count 1 --d-reuse-distance 1 --commit-interval 32 --pending-mbarriers 1 --wait-mode nocount --smem-base-offset 0 --interference-mode none --interference-ops-per-iter 0 --interference-warps 4 --active-blocks 0
status=ok
experiment=07_config_matrix
gpu=NVIDIA Thor
compute_capability=11.0
sm_count=20
active_blocks=20
dtype=bf16
shape=m128n256k16
m=128
n=256
k=16
layout=none
q=32
iterations=128
collector_protocol=fill_use_lastuse
collector_reuse=3
ws_mode=0
ws_buffer_count=1
operand_address_mode=same
input_d=0
tmem_columns=256
d_base_column=0
d_tile_base_delta=256
independent_d_count=1
d_reuse_distance=1
commit_interval=32
pending_mbarriers=1
wait_polling_mode=nocount
smem_base_offset=0
interference_mode=none
interference_ops_per_iter=0
interference_warps=4
elapsed_cycles=3282544
poll_count=0
max_abs_error=0.832031250
guard_ok=1
interference_sink=0.000000000

$ /xplorer/shijy/CUDA_optimazation/microbench/mma_config/07_config_matrix/build/tcgen05_07_config_matrix_bench --dtype bf16 --shape m128n256k16 --layout none --q 32 --iterations 128 --collector-protocol fill_use_lastuse --collector-reuse 3 --ws 0 --ws-buffer-count 1 --operand-address-mode same --input-d 0 --tmem-columns 256 --d-base-column 0 --d-tile-base-delta 256 --independent-d-count 1 --d-reuse-distance 1 --commit-interval 32 --pending-mbarriers 1 --wait-mode nocount --smem-base-offset 0 --interference-mode none --interference-ops-per-iter 0 --interference-warps 4 --active-blocks 0
status=ok
experiment=07_config_matrix
gpu=NVIDIA Thor
compute_capability=11.0
sm_count=20
active_blocks=20
dtype=bf16
shape=m128n256k16
m=128
n=256
k=16
layout=none
q=32
iterations=128
collector_protocol=fill_use_lastuse
collector_reuse=3
ws_mode=0
ws_buffer_count=1
operand_address_mode=same
input_d=0
tmem_columns=256
d_base_column=0
d_tile_base_delta=256
independent_d_count=1
d_reuse_distance=1
commit_interval=32
pending_mbarriers=1
wait_polling_mode=nocount
smem_base_offset=0
interference_mode=none
interference_ops_per_iter=0
interference_warps=4
elapsed_cycles=3282536
poll_count=0
max_abs_error=0.832031250
guard_ok=1
interference_sink=0.000000000

$ /xplorer/shijy/CUDA_optimazation/microbench/mma_config/07_config_matrix/build/tcgen05_07_config_matrix_bench --dtype bf16 --shape m128n256k16 --layout none --q 32 --iterations 128 --collector-protocol fill_use_lastuse --collector-reuse 3 --ws 0 --ws-buffer-count 1 --operand-address-mode same --input-d 0 --tmem-columns 256 --d-base-column 0 --d-tile-base-delta 256 --independent-d-count 1 --d-reuse-distance 1 --commit-interval 32 --pending-mbarriers 1 --wait-mode nocount --smem-base-offset 0 --interference-mode none --interference-ops-per-iter 0 --interference-warps 4 --active-blocks 0
status=ok
experiment=07_config_matrix
gpu=NVIDIA Thor
compute_capability=11.0
sm_count=20
active_blocks=20
dtype=bf16
shape=m128n256k16
m=128
n=256
k=16
layout=none
q=32
iterations=128
collector_protocol=fill_use_lastuse
collector_reuse=3
ws_mode=0
ws_buffer_count=1
operand_address_mode=same
input_d=0
tmem_columns=256
d_base_column=0
d_tile_base_delta=256
independent_d_count=1
d_reuse_distance=1
commit_interval=32
pending_mbarriers=1
wait_polling_mode=nocount
smem_base_offset=0
interference_mode=none
interference_ops_per_iter=0
interference_warps=4
elapsed_cycles=3282540
poll_count=0
max_abs_error=0.832031250
guard_ok=1
interference_sink=0.000000000

$ /xplorer/shijy/CUDA_optimazation/microbench/mma_config/07_config_matrix/build/tcgen05_07_config_matrix_bench --dtype bf16 --shape m128n256k16 --layout none --q 32 --iterations 128 --collector-protocol fill_use_lastuse --collector-reuse 3 --ws 0 --ws-buffer-count 1 --operand-address-mode same --input-d 0 --tmem-columns 256 --d-base-column 0 --d-tile-base-delta 256 --independent-d-count 1 --d-reuse-distance 1 --commit-interval 32 --pending-mbarriers 1 --wait-mode nocount --smem-base-offset 0 --interference-mode none --interference-ops-per-iter 0 --interference-warps 4 --active-blocks 0
status=ok
experiment=07_config_matrix
gpu=NVIDIA Thor
compute_capability=11.0
sm_count=20
active_blocks=20
dtype=bf16
shape=m128n256k16
m=128
n=256
k=16
layout=none
q=32
iterations=128
collector_protocol=fill_use_lastuse
collector_reuse=3
ws_mode=0
ws_buffer_count=1
operand_address_mode=same
input_d=0
tmem_columns=256
d_base_column=0
d_tile_base_delta=256
independent_d_count=1
d_reuse_distance=1
commit_interval=32
pending_mbarriers=1
wait_polling_mode=nocount
smem_base_offset=0
interference_mode=none
interference_ops_per_iter=0
interference_warps=4
elapsed_cycles=3282540
poll_count=0
max_abs_error=0.832031250
guard_ok=1
interference_sink=0.000000000

$ /xplorer/shijy/CUDA_optimazation/microbench/mma_config/07_config_matrix/build/tcgen05_07_config_matrix_bench --dtype bf16 --shape m128n256k16 --layout none --q 32 --iterations 128 --collector-protocol fill_use_lastuse --collector-reuse 3 --ws 0 --ws-buffer-count 1 --operand-address-mode same --input-d 0 --tmem-columns 256 --d-base-column 0 --d-tile-base-delta 256 --independent-d-count 1 --d-reuse-distance 1 --commit-interval 32 --pending-mbarriers 1 --wait-mode nocount --smem-base-offset 0 --interference-mode none --interference-ops-per-iter 0 --interference-warps 4 --active-blocks 0
status=ok
experiment=07_config_matrix
gpu=NVIDIA Thor
compute_capability=11.0
sm_count=20
active_blocks=20
dtype=bf16
shape=m128n256k16
m=128
n=256
k=16
layout=none
q=32
iterations=128
collector_protocol=fill_use_lastuse
collector_reuse=3
ws_mode=0
ws_buffer_count=1
operand_address_mode=same
input_d=0
tmem_columns=256
d_base_column=0
d_tile_base_delta=256
independent_d_count=1
d_reuse_distance=1
commit_interval=32
pending_mbarriers=1
wait_polling_mode=nocount
smem_base_offset=0
interference_mode=none
interference_ops_per_iter=0
interference_warps=4
elapsed_cycles=3282549
poll_count=0
max_abs_error=0.832031250
guard_ok=1
interference_sink=0.000000000

$ /xplorer/shijy/CUDA_optimazation/microbench/mma_config/07_config_matrix/build/tcgen05_07_config_matrix_bench --dtype fp16 --shape m128n256k16 --layout none --q 32 --iterations 128 --collector-protocol discard --collector-reuse 0 --ws 0 --ws-buffer-count 1 --operand-address-mode pingpong --input-d 0 --tmem-columns 256 --d-base-column 0 --d-tile-base-delta 256 --independent-d-count 1 --d-reuse-distance 1 --commit-interval 32 --pending-mbarriers 1 --wait-mode nocount --smem-base-offset 0 --interference-mode none --interference-ops-per-iter 0 --interference-warps 4 --active-blocks 0
status=ok
experiment=07_config_matrix
gpu=NVIDIA Thor
compute_capability=11.0
sm_count=20
active_blocks=20
dtype=fp16
shape=m128n256k16
m=128
n=256
k=16
layout=none
q=32
iterations=128
collector_protocol=discard
collector_reuse=0
ws_mode=0
ws_buffer_count=1
operand_address_mode=pingpong
input_d=0
tmem_columns=256
d_base_column=0
d_tile_base_delta=256
independent_d_count=1
d_reuse_distance=1
commit_interval=32
pending_mbarriers=1
wait_polling_mode=nocount
smem_base_offset=0
interference_mode=none
interference_ops_per_iter=0
interference_warps=4
elapsed_cycles=3181547
poll_count=0
max_abs_error=0.791015625
guard_ok=1
interference_sink=0.000000000

$ /xplorer/shijy/CUDA_optimazation/microbench/mma_config/07_config_matrix/build/tcgen05_07_config_matrix_bench --dtype fp16 --shape m128n256k16 --layout none --q 32 --iterations 128 --collector-protocol discard --collector-reuse 0 --ws 0 --ws-buffer-count 1 --operand-address-mode pingpong --input-d 0 --tmem-columns 256 --d-base-column 0 --d-tile-base-delta 256 --independent-d-count 1 --d-reuse-distance 1 --commit-interval 32 --pending-mbarriers 1 --wait-mode nocount --smem-base-offset 0 --interference-mode none --interference-ops-per-iter 0 --interference-warps 4 --active-blocks 0
status=ok
experiment=07_config_matrix
gpu=NVIDIA Thor
compute_capability=11.0
sm_count=20
active_blocks=20
dtype=fp16
shape=m128n256k16
m=128
n=256
k=16
layout=none
q=32
iterations=128
collector_protocol=discard
collector_reuse=0
ws_mode=0
ws_buffer_count=1
operand_address_mode=pingpong
input_d=0
tmem_columns=256
d_base_column=0
d_tile_base_delta=256
independent_d_count=1
d_reuse_distance=1
commit_interval=32
pending_mbarriers=1
wait_polling_mode=nocount
smem_base_offset=0
interference_mode=none
interference_ops_per_iter=0
interference_warps=4
elapsed_cycles=3181542
poll_count=0
max_abs_error=0.791015625
guard_ok=1
interference_sink=0.000000000

$ /xplorer/shijy/CUDA_optimazation/microbench/mma_config/07_config_matrix/build/tcgen05_07_config_matrix_bench --dtype fp16 --shape m128n256k16 --layout none --q 32 --iterations 128 --collector-protocol discard --collector-reuse 0 --ws 0 --ws-buffer-count 1 --operand-address-mode pingpong --input-d 0 --tmem-columns 256 --d-base-column 0 --d-tile-base-delta 256 --independent-d-count 1 --d-reuse-distance 1 --commit-interval 32 --pending-mbarriers 1 --wait-mode nocount --smem-base-offset 0 --interference-mode none --interference-ops-per-iter 0 --interference-warps 4 --active-blocks 0
status=ok
experiment=07_config_matrix
gpu=NVIDIA Thor
compute_capability=11.0
sm_count=20
active_blocks=20
dtype=fp16
shape=m128n256k16
m=128
n=256
k=16
layout=none
q=32
iterations=128
collector_protocol=discard
collector_reuse=0
ws_mode=0
ws_buffer_count=1
operand_address_mode=pingpong
input_d=0
tmem_columns=256
d_base_column=0
d_tile_base_delta=256
independent_d_count=1
d_reuse_distance=1
commit_interval=32
pending_mbarriers=1
wait_polling_mode=nocount
smem_base_offset=0
interference_mode=none
interference_ops_per_iter=0
interference_warps=4
elapsed_cycles=3181796
poll_count=0
max_abs_error=0.791015625
guard_ok=1
interference_sink=0.000000000

$ /xplorer/shijy/CUDA_optimazation/microbench/mma_config/07_config_matrix/build/tcgen05_07_config_matrix_bench --dtype fp16 --shape m128n256k16 --layout none --q 32 --iterations 128 --collector-protocol discard --collector-reuse 0 --ws 0 --ws-buffer-count 1 --operand-address-mode pingpong --input-d 0 --tmem-columns 256 --d-base-column 0 --d-tile-base-delta 256 --independent-d-count 1 --d-reuse-distance 1 --commit-interval 32 --pending-mbarriers 1 --wait-mode nocount --smem-base-offset 0 --interference-mode none --interference-ops-per-iter 0 --interference-warps 4 --active-blocks 0
status=ok
experiment=07_config_matrix
gpu=NVIDIA Thor
compute_capability=11.0
sm_count=20
active_blocks=20
dtype=fp16
shape=m128n256k16
m=128
n=256
k=16
layout=none
q=32
iterations=128
collector_protocol=discard
collector_reuse=0
ws_mode=0
ws_buffer_count=1
operand_address_mode=pingpong
input_d=0
tmem_columns=256
d_base_column=0
d_tile_base_delta=256
independent_d_count=1
d_reuse_distance=1
commit_interval=32
pending_mbarriers=1
wait_polling_mode=nocount
smem_base_offset=0
interference_mode=none
interference_ops_per_iter=0
interference_warps=4
elapsed_cycles=3181549
poll_count=0
max_abs_error=0.791015625
guard_ok=1
interference_sink=0.000000000

$ /xplorer/shijy/CUDA_optimazation/microbench/mma_config/07_config_matrix/build/tcgen05_07_config_matrix_bench --dtype fp16 --shape m128n256k16 --layout none --q 32 --iterations 128 --collector-protocol discard --collector-reuse 0 --ws 0 --ws-buffer-count 1 --operand-address-mode pingpong --input-d 0 --tmem-columns 256 --d-base-column 0 --d-tile-base-delta 256 --independent-d-count 1 --d-reuse-distance 1 --commit-interval 32 --pending-mbarriers 1 --wait-mode nocount --smem-base-offset 0 --interference-mode none --interference-ops-per-iter 0 --interference-warps 4 --active-blocks 0
status=ok
experiment=07_config_matrix
gpu=NVIDIA Thor
compute_capability=11.0
sm_count=20
active_blocks=20
dtype=fp16
shape=m128n256k16
m=128
n=256
k=16
layout=none
q=32
iterations=128
collector_protocol=discard
collector_reuse=0
ws_mode=0
ws_buffer_count=1
operand_address_mode=pingpong
input_d=0
tmem_columns=256
d_base_column=0
d_tile_base_delta=256
independent_d_count=1
d_reuse_distance=1
commit_interval=32
pending_mbarriers=1
wait_polling_mode=nocount
smem_base_offset=0
interference_mode=none
interference_ops_per_iter=0
interference_warps=4
elapsed_cycles=3181548
poll_count=0
max_abs_error=0.791015625
guard_ok=1
interference_sink=0.000000000

$ /xplorer/shijy/CUDA_optimazation/microbench/mma_config/07_config_matrix/build/tcgen05_07_config_matrix_bench --dtype fp16 --shape m128n256k16 --layout none --q 32 --iterations 128 --collector-protocol discard --collector-reuse 0 --ws 0 --ws-buffer-count 1 --operand-address-mode same --input-d 0 --tmem-columns 512 --d-base-column 0 --d-tile-base-delta 256 --independent-d-count 2 --d-reuse-distance 2 --commit-interval 32 --pending-mbarriers 1 --wait-mode nocount --smem-base-offset 0 --interference-mode none --interference-ops-per-iter 0 --interference-warps 4 --active-blocks 0
status=ok
experiment=07_config_matrix
gpu=NVIDIA Thor
compute_capability=11.0
sm_count=20
active_blocks=20
dtype=fp16
shape=m128n256k16
m=128
n=256
k=16
layout=none
q=32
iterations=128
collector_protocol=discard
collector_reuse=0
ws_mode=0
ws_buffer_count=1
operand_address_mode=same
input_d=0
tmem_columns=512
d_base_column=0
d_tile_base_delta=256
independent_d_count=2
d_reuse_distance=2
commit_interval=32
pending_mbarriers=1
wait_polling_mode=nocount
smem_base_offset=0
interference_mode=none
interference_ops_per_iter=0
interference_warps=4
elapsed_cycles=3678182
poll_count=0
max_abs_error=0.832031250
guard_ok=1
interference_sink=0.000000000

$ /xplorer/shijy/CUDA_optimazation/microbench/mma_config/07_config_matrix/build/tcgen05_07_config_matrix_bench --dtype fp16 --shape m128n256k16 --layout none --q 32 --iterations 128 --collector-protocol discard --collector-reuse 0 --ws 0 --ws-buffer-count 1 --operand-address-mode same --input-d 0 --tmem-columns 512 --d-base-column 0 --d-tile-base-delta 256 --independent-d-count 2 --d-reuse-distance 2 --commit-interval 32 --pending-mbarriers 1 --wait-mode nocount --smem-base-offset 0 --interference-mode none --interference-ops-per-iter 0 --interference-warps 4 --active-blocks 0
status=ok
experiment=07_config_matrix
gpu=NVIDIA Thor
compute_capability=11.0
sm_count=20
active_blocks=20
dtype=fp16
shape=m128n256k16
m=128
n=256
k=16
layout=none
q=32
iterations=128
collector_protocol=discard
collector_reuse=0
ws_mode=0
ws_buffer_count=1
operand_address_mode=same
input_d=0
tmem_columns=512
d_base_column=0
d_tile_base_delta=256
independent_d_count=2
d_reuse_distance=2
commit_interval=32
pending_mbarriers=1
wait_polling_mode=nocount
smem_base_offset=0
interference_mode=none
interference_ops_per_iter=0
interference_warps=4
elapsed_cycles=3678177
poll_count=0
max_abs_error=0.832031250
guard_ok=1
interference_sink=0.000000000

$ /xplorer/shijy/CUDA_optimazation/microbench/mma_config/07_config_matrix/build/tcgen05_07_config_matrix_bench --dtype fp16 --shape m128n256k16 --layout none --q 32 --iterations 128 --collector-protocol discard --collector-reuse 0 --ws 0 --ws-buffer-count 1 --operand-address-mode same --input-d 0 --tmem-columns 512 --d-base-column 0 --d-tile-base-delta 256 --independent-d-count 2 --d-reuse-distance 2 --commit-interval 32 --pending-mbarriers 1 --wait-mode nocount --smem-base-offset 0 --interference-mode none --interference-ops-per-iter 0 --interference-warps 4 --active-blocks 0
status=ok
experiment=07_config_matrix
gpu=NVIDIA Thor
compute_capability=11.0
sm_count=20
active_blocks=20
dtype=fp16
shape=m128n256k16
m=128
n=256
k=16
layout=none
q=32
iterations=128
collector_protocol=discard
collector_reuse=0
ws_mode=0
ws_buffer_count=1
operand_address_mode=same
input_d=0
tmem_columns=512
d_base_column=0
d_tile_base_delta=256
independent_d_count=2
d_reuse_distance=2
commit_interval=32
pending_mbarriers=1
wait_polling_mode=nocount
smem_base_offset=0
interference_mode=none
interference_ops_per_iter=0
interference_warps=4
elapsed_cycles=3678179
poll_count=0
max_abs_error=0.832031250
guard_ok=1
interference_sink=0.000000000

$ /xplorer/shijy/CUDA_optimazation/microbench/mma_config/07_config_matrix/build/tcgen05_07_config_matrix_bench --dtype fp16 --shape m128n256k16 --layout none --q 32 --iterations 128 --collector-protocol discard --collector-reuse 0 --ws 0 --ws-buffer-count 1 --operand-address-mode same --input-d 0 --tmem-columns 512 --d-base-column 0 --d-tile-base-delta 256 --independent-d-count 2 --d-reuse-distance 2 --commit-interval 32 --pending-mbarriers 1 --wait-mode nocount --smem-base-offset 0 --interference-mode none --interference-ops-per-iter 0 --interference-warps 4 --active-blocks 0
status=ok
experiment=07_config_matrix
gpu=NVIDIA Thor
compute_capability=11.0
sm_count=20
active_blocks=20
dtype=fp16
shape=m128n256k16
m=128
n=256
k=16
layout=none
q=32
iterations=128
collector_protocol=discard
collector_reuse=0
ws_mode=0
ws_buffer_count=1
operand_address_mode=same
input_d=0
tmem_columns=512
d_base_column=0
d_tile_base_delta=256
independent_d_count=2
d_reuse_distance=2
commit_interval=32
pending_mbarriers=1
wait_polling_mode=nocount
smem_base_offset=0
interference_mode=none
interference_ops_per_iter=0
interference_warps=4
elapsed_cycles=3678179
poll_count=0
max_abs_error=0.832031250
guard_ok=1
interference_sink=0.000000000

$ /xplorer/shijy/CUDA_optimazation/microbench/mma_config/07_config_matrix/build/tcgen05_07_config_matrix_bench --dtype fp16 --shape m128n256k16 --layout none --q 32 --iterations 128 --collector-protocol discard --collector-reuse 0 --ws 0 --ws-buffer-count 1 --operand-address-mode same --input-d 0 --tmem-columns 512 --d-base-column 0 --d-tile-base-delta 256 --independent-d-count 2 --d-reuse-distance 2 --commit-interval 32 --pending-mbarriers 1 --wait-mode nocount --smem-base-offset 0 --interference-mode none --interference-ops-per-iter 0 --interference-warps 4 --active-blocks 0
status=ok
experiment=07_config_matrix
gpu=NVIDIA Thor
compute_capability=11.0
sm_count=20
active_blocks=20
dtype=fp16
shape=m128n256k16
m=128
n=256
k=16
layout=none
q=32
iterations=128
collector_protocol=discard
collector_reuse=0
ws_mode=0
ws_buffer_count=1
operand_address_mode=same
input_d=0
tmem_columns=512
d_base_column=0
d_tile_base_delta=256
independent_d_count=2
d_reuse_distance=2
commit_interval=32
pending_mbarriers=1
wait_polling_mode=nocount
smem_base_offset=0
interference_mode=none
interference_ops_per_iter=0
interference_warps=4
elapsed_cycles=3678181
poll_count=0
max_abs_error=0.832031250
guard_ok=1
interference_sink=0.000000000

$ /xplorer/shijy/CUDA_optimazation/microbench/mma_config/07_config_matrix/build/tcgen05_07_config_matrix_bench --dtype fp16 --shape m128n64k16 --layout none --q 32 --iterations 128 --collector-protocol discard --collector-reuse 0 --ws 0 --ws-buffer-count 1 --operand-address-mode same --input-d 0 --tmem-columns 512 --d-base-column 0 --d-tile-base-delta 64 --independent-d-count 8 --d-reuse-distance 8 --commit-interval 32 --pending-mbarriers 1 --wait-mode nocount --smem-base-offset 0 --interference-mode none --interference-ops-per-iter 0 --interference-warps 4 --active-blocks 0
status=ok
experiment=07_config_matrix
gpu=NVIDIA Thor
compute_capability=11.0
sm_count=20
active_blocks=20
dtype=fp16
shape=m128n64k16
m=128
n=64
k=16
layout=none
q=32
iterations=128
collector_protocol=discard
collector_reuse=0
ws_mode=0
ws_buffer_count=1
operand_address_mode=same
input_d=0
tmem_columns=512
d_base_column=0
d_tile_base_delta=64
independent_d_count=8
d_reuse_distance=8
commit_interval=32
pending_mbarriers=1
wait_polling_mode=nocount
smem_base_offset=0
interference_mode=none
interference_ops_per_iter=0
interference_warps=4
elapsed_cycles=3678584
poll_count=0
max_abs_error=0.832031250
guard_ok=1
interference_sink=0.000000000

$ /xplorer/shijy/CUDA_optimazation/microbench/mma_config/07_config_matrix/build/tcgen05_07_config_matrix_bench --dtype fp16 --shape m128n64k16 --layout none --q 32 --iterations 128 --collector-protocol discard --collector-reuse 0 --ws 0 --ws-buffer-count 1 --operand-address-mode same --input-d 0 --tmem-columns 512 --d-base-column 0 --d-tile-base-delta 64 --independent-d-count 8 --d-reuse-distance 8 --commit-interval 32 --pending-mbarriers 1 --wait-mode nocount --smem-base-offset 0 --interference-mode none --interference-ops-per-iter 0 --interference-warps 4 --active-blocks 0
status=ok
experiment=07_config_matrix
gpu=NVIDIA Thor
compute_capability=11.0
sm_count=20
active_blocks=20
dtype=fp16
shape=m128n64k16
m=128
n=64
k=16
layout=none
q=32
iterations=128
collector_protocol=discard
collector_reuse=0
ws_mode=0
ws_buffer_count=1
operand_address_mode=same
input_d=0
tmem_columns=512
d_base_column=0
d_tile_base_delta=64
independent_d_count=8
d_reuse_distance=8
commit_interval=32
pending_mbarriers=1
wait_polling_mode=nocount
smem_base_offset=0
interference_mode=none
interference_ops_per_iter=0
interference_warps=4
elapsed_cycles=3678582
poll_count=0
max_abs_error=0.832031250
guard_ok=1
interference_sink=0.000000000

$ /xplorer/shijy/CUDA_optimazation/microbench/mma_config/07_config_matrix/build/tcgen05_07_config_matrix_bench --dtype fp16 --shape m128n64k16 --layout none --q 32 --iterations 128 --collector-protocol discard --collector-reuse 0 --ws 0 --ws-buffer-count 1 --operand-address-mode same --input-d 0 --tmem-columns 512 --d-base-column 0 --d-tile-base-delta 64 --independent-d-count 8 --d-reuse-distance 8 --commit-interval 32 --pending-mbarriers 1 --wait-mode nocount --smem-base-offset 0 --interference-mode none --interference-ops-per-iter 0 --interference-warps 4 --active-blocks 0
status=ok
experiment=07_config_matrix
gpu=NVIDIA Thor
compute_capability=11.0
sm_count=20
active_blocks=20
dtype=fp16
shape=m128n64k16
m=128
n=64
k=16
layout=none
q=32
iterations=128
collector_protocol=discard
collector_reuse=0
ws_mode=0
ws_buffer_count=1
operand_address_mode=same
input_d=0
tmem_columns=512
d_base_column=0
d_tile_base_delta=64
independent_d_count=8
d_reuse_distance=8
commit_interval=32
pending_mbarriers=1
wait_polling_mode=nocount
smem_base_offset=0
interference_mode=none
interference_ops_per_iter=0
interference_warps=4
elapsed_cycles=3678580
poll_count=0
max_abs_error=0.832031250
guard_ok=1
interference_sink=0.000000000

$ /xplorer/shijy/CUDA_optimazation/microbench/mma_config/07_config_matrix/build/tcgen05_07_config_matrix_bench --dtype fp16 --shape m128n64k16 --layout none --q 32 --iterations 128 --collector-protocol discard --collector-reuse 0 --ws 0 --ws-buffer-count 1 --operand-address-mode same --input-d 0 --tmem-columns 512 --d-base-column 0 --d-tile-base-delta 64 --independent-d-count 8 --d-reuse-distance 8 --commit-interval 32 --pending-mbarriers 1 --wait-mode nocount --smem-base-offset 0 --interference-mode none --interference-ops-per-iter 0 --interference-warps 4 --active-blocks 0
status=ok
experiment=07_config_matrix
gpu=NVIDIA Thor
compute_capability=11.0
sm_count=20
active_blocks=20
dtype=fp16
shape=m128n64k16
m=128
n=64
k=16
layout=none
q=32
iterations=128
collector_protocol=discard
collector_reuse=0
ws_mode=0
ws_buffer_count=1
operand_address_mode=same
input_d=0
tmem_columns=512
d_base_column=0
d_tile_base_delta=64
independent_d_count=8
d_reuse_distance=8
commit_interval=32
pending_mbarriers=1
wait_polling_mode=nocount
smem_base_offset=0
interference_mode=none
interference_ops_per_iter=0
interference_warps=4
elapsed_cycles=3678618
poll_count=0
max_abs_error=0.832031250
guard_ok=1
interference_sink=0.000000000

$ /xplorer/shijy/CUDA_optimazation/microbench/mma_config/07_config_matrix/build/tcgen05_07_config_matrix_bench --dtype fp16 --shape m128n64k16 --layout none --q 32 --iterations 128 --collector-protocol discard --collector-reuse 0 --ws 0 --ws-buffer-count 1 --operand-address-mode same --input-d 0 --tmem-columns 512 --d-base-column 0 --d-tile-base-delta 64 --independent-d-count 8 --d-reuse-distance 8 --commit-interval 32 --pending-mbarriers 1 --wait-mode nocount --smem-base-offset 0 --interference-mode none --interference-ops-per-iter 0 --interference-warps 4 --active-blocks 0
status=ok
experiment=07_config_matrix
gpu=NVIDIA Thor
compute_capability=11.0
sm_count=20
active_blocks=20
dtype=fp16
shape=m128n64k16
m=128
n=64
k=16
layout=none
q=32
iterations=128
collector_protocol=discard
collector_reuse=0
ws_mode=0
ws_buffer_count=1
operand_address_mode=same
input_d=0
tmem_columns=512
d_base_column=0
d_tile_base_delta=64
independent_d_count=8
d_reuse_distance=8
commit_interval=32
pending_mbarriers=1
wait_polling_mode=nocount
smem_base_offset=0
interference_mode=none
interference_ops_per_iter=0
interference_warps=4
elapsed_cycles=3678618
poll_count=0
max_abs_error=0.832031250
guard_ok=1
interference_sink=0.000000000

$ /xplorer/shijy/CUDA_optimazation/microbench/mma_config/07_config_matrix/build/tcgen05_07_config_matrix_bench --dtype bf16 --shape m128n128k16 --layout none --q 32 --iterations 128 --collector-protocol discard --collector-reuse 0 --ws 0 --ws-buffer-count 1 --operand-address-mode same --input-d 0 --tmem-columns 512 --d-base-column 0 --d-tile-base-delta 128 --independent-d-count 4 --d-reuse-distance 4 --commit-interval 32 --pending-mbarriers 1 --wait-mode nocount --smem-base-offset 0 --interference-mode none --interference-ops-per-iter 0 --interference-warps 4 --active-blocks 0
status=ok
experiment=07_config_matrix
gpu=NVIDIA Thor
compute_capability=11.0
sm_count=20
active_blocks=20
dtype=bf16
shape=m128n128k16
m=128
n=128
k=16
layout=none
q=32
iterations=128
collector_protocol=discard
collector_reuse=0
ws_mode=0
ws_buffer_count=1
operand_address_mode=same
input_d=0
tmem_columns=512
d_base_column=0
d_tile_base_delta=128
independent_d_count=4
d_reuse_distance=4
commit_interval=32
pending_mbarriers=1
wait_polling_mode=nocount
smem_base_offset=0
interference_mode=none
interference_ops_per_iter=0
interference_warps=4
elapsed_cycles=3678961
poll_count=0
max_abs_error=0.832031250
guard_ok=1
interference_sink=0.000000000

$ /xplorer/shijy/CUDA_optimazation/microbench/mma_config/07_config_matrix/build/tcgen05_07_config_matrix_bench --dtype bf16 --shape m128n128k16 --layout none --q 32 --iterations 128 --collector-protocol discard --collector-reuse 0 --ws 0 --ws-buffer-count 1 --operand-address-mode same --input-d 0 --tmem-columns 512 --d-base-column 0 --d-tile-base-delta 128 --independent-d-count 4 --d-reuse-distance 4 --commit-interval 32 --pending-mbarriers 1 --wait-mode nocount --smem-base-offset 0 --interference-mode none --interference-ops-per-iter 0 --interference-warps 4 --active-blocks 0
status=ok
experiment=07_config_matrix
gpu=NVIDIA Thor
compute_capability=11.0
sm_count=20
active_blocks=20
dtype=bf16
shape=m128n128k16
m=128
n=128
k=16
layout=none
q=32
iterations=128
collector_protocol=discard
collector_reuse=0
ws_mode=0
ws_buffer_count=1
operand_address_mode=same
input_d=0
tmem_columns=512
d_base_column=0
d_tile_base_delta=128
independent_d_count=4
d_reuse_distance=4
commit_interval=32
pending_mbarriers=1
wait_polling_mode=nocount
smem_base_offset=0
interference_mode=none
interference_ops_per_iter=0
interference_warps=4
elapsed_cycles=3678957
poll_count=0
max_abs_error=0.832031250
guard_ok=1
interference_sink=0.000000000

$ /xplorer/shijy/CUDA_optimazation/microbench/mma_config/07_config_matrix/build/tcgen05_07_config_matrix_bench --dtype bf16 --shape m128n128k16 --layout none --q 32 --iterations 128 --collector-protocol discard --collector-reuse 0 --ws 0 --ws-buffer-count 1 --operand-address-mode same --input-d 0 --tmem-columns 512 --d-base-column 0 --d-tile-base-delta 128 --independent-d-count 4 --d-reuse-distance 4 --commit-interval 32 --pending-mbarriers 1 --wait-mode nocount --smem-base-offset 0 --interference-mode none --interference-ops-per-iter 0 --interference-warps 4 --active-blocks 0
status=ok
experiment=07_config_matrix
gpu=NVIDIA Thor
compute_capability=11.0
sm_count=20
active_blocks=20
dtype=bf16
shape=m128n128k16
m=128
n=128
k=16
layout=none
q=32
iterations=128
collector_protocol=discard
collector_reuse=0
ws_mode=0
ws_buffer_count=1
operand_address_mode=same
input_d=0
tmem_columns=512
d_base_column=0
d_tile_base_delta=128
independent_d_count=4
d_reuse_distance=4
commit_interval=32
pending_mbarriers=1
wait_polling_mode=nocount
smem_base_offset=0
interference_mode=none
interference_ops_per_iter=0
interference_warps=4
elapsed_cycles=3679001
poll_count=0
max_abs_error=0.832031250
guard_ok=1
interference_sink=0.000000000

$ /xplorer/shijy/CUDA_optimazation/microbench/mma_config/07_config_matrix/build/tcgen05_07_config_matrix_bench --dtype bf16 --shape m128n128k16 --layout none --q 32 --iterations 128 --collector-protocol discard --collector-reuse 0 --ws 0 --ws-buffer-count 1 --operand-address-mode same --input-d 0 --tmem-columns 512 --d-base-column 0 --d-tile-base-delta 128 --independent-d-count 4 --d-reuse-distance 4 --commit-interval 32 --pending-mbarriers 1 --wait-mode nocount --smem-base-offset 0 --interference-mode none --interference-ops-per-iter 0 --interference-warps 4 --active-blocks 0
status=ok
experiment=07_config_matrix
gpu=NVIDIA Thor
compute_capability=11.0
sm_count=20
active_blocks=20
dtype=bf16
shape=m128n128k16
m=128
n=128
k=16
layout=none
q=32
iterations=128
collector_protocol=discard
collector_reuse=0
ws_mode=0
ws_buffer_count=1
operand_address_mode=same
input_d=0
tmem_columns=512
d_base_column=0
d_tile_base_delta=128
independent_d_count=4
d_reuse_distance=4
commit_interval=32
pending_mbarriers=1
wait_polling_mode=nocount
smem_base_offset=0
interference_mode=none
interference_ops_per_iter=0
interference_warps=4
elapsed_cycles=3678960
poll_count=0
max_abs_error=0.832031250
guard_ok=1
interference_sink=0.000000000

$ /xplorer/shijy/CUDA_optimazation/microbench/mma_config/07_config_matrix/build/tcgen05_07_config_matrix_bench --dtype bf16 --shape m128n128k16 --layout none --q 32 --iterations 128 --collector-protocol discard --collector-reuse 0 --ws 0 --ws-buffer-count 1 --operand-address-mode same --input-d 0 --tmem-columns 512 --d-base-column 0 --d-tile-base-delta 128 --independent-d-count 4 --d-reuse-distance 4 --commit-interval 32 --pending-mbarriers 1 --wait-mode nocount --smem-base-offset 0 --interference-mode none --interference-ops-per-iter 0 --interference-warps 4 --active-blocks 0
status=ok
experiment=07_config_matrix
gpu=NVIDIA Thor
compute_capability=11.0
sm_count=20
active_blocks=20
dtype=bf16
shape=m128n128k16
m=128
n=128
k=16
layout=none
q=32
iterations=128
collector_protocol=discard
collector_reuse=0
ws_mode=0
ws_buffer_count=1
operand_address_mode=same
input_d=0
tmem_columns=512
d_base_column=0
d_tile_base_delta=128
independent_d_count=4
d_reuse_distance=4
commit_interval=32
pending_mbarriers=1
wait_polling_mode=nocount
smem_base_offset=0
interference_mode=none
interference_ops_per_iter=0
interference_warps=4
elapsed_cycles=3678992
poll_count=0
max_abs_error=0.832031250
guard_ok=1
interference_sink=0.000000000

$ /xplorer/shijy/CUDA_optimazation/microbench/mma_config/07_config_matrix/build/tcgen05_07_config_matrix_bench --dtype fp16 --shape m128n64k16 --layout none --q 32 --iterations 128 --collector-protocol fill_use_lastuse --collector-reuse 3 --ws 0 --ws-buffer-count 1 --operand-address-mode pingpong --input-d 0 --tmem-columns 512 --d-base-column 0 --d-tile-base-delta 64 --independent-d-count 8 --d-reuse-distance 8 --commit-interval 32 --pending-mbarriers 1 --wait-mode nocount --smem-base-offset 0 --interference-mode none --interference-ops-per-iter 0 --interference-warps 4 --active-blocks 0
status=ok
experiment=07_config_matrix
gpu=NVIDIA Thor
compute_capability=11.0
sm_count=20
active_blocks=20
dtype=fp16
shape=m128n64k16
m=128
n=64
k=16
layout=none
q=32
iterations=128
collector_protocol=fill_use_lastuse
collector_reuse=3
ws_mode=0
ws_buffer_count=1
operand_address_mode=pingpong
input_d=0
tmem_columns=512
d_base_column=0
d_tile_base_delta=64
independent_d_count=8
d_reuse_distance=8
commit_interval=32
pending_mbarriers=1
wait_polling_mode=nocount
smem_base_offset=0
interference_mode=none
interference_ops_per_iter=0
interference_warps=4
elapsed_cycles=3779304
poll_count=0
max_abs_error=0.832031250
guard_ok=1
interference_sink=0.000000000

$ /xplorer/shijy/CUDA_optimazation/microbench/mma_config/07_config_matrix/build/tcgen05_07_config_matrix_bench --dtype fp16 --shape m128n64k16 --layout none --q 32 --iterations 128 --collector-protocol fill_use_lastuse --collector-reuse 3 --ws 0 --ws-buffer-count 1 --operand-address-mode pingpong --input-d 0 --tmem-columns 512 --d-base-column 0 --d-tile-base-delta 64 --independent-d-count 8 --d-reuse-distance 8 --commit-interval 32 --pending-mbarriers 1 --wait-mode nocount --smem-base-offset 0 --interference-mode none --interference-ops-per-iter 0 --interference-warps 4 --active-blocks 0
status=ok
experiment=07_config_matrix
gpu=NVIDIA Thor
compute_capability=11.0
sm_count=20
active_blocks=20
dtype=fp16
shape=m128n64k16
m=128
n=64
k=16
layout=none
q=32
iterations=128
collector_protocol=fill_use_lastuse
collector_reuse=3
ws_mode=0
ws_buffer_count=1
operand_address_mode=pingpong
input_d=0
tmem_columns=512
d_base_column=0
d_tile_base_delta=64
independent_d_count=8
d_reuse_distance=8
commit_interval=32
pending_mbarriers=1
wait_polling_mode=nocount
smem_base_offset=0
interference_mode=none
interference_ops_per_iter=0
interference_warps=4
elapsed_cycles=3779291
poll_count=0
max_abs_error=0.832031250
guard_ok=1
interference_sink=0.000000000

$ /xplorer/shijy/CUDA_optimazation/microbench/mma_config/07_config_matrix/build/tcgen05_07_config_matrix_bench --dtype fp16 --shape m128n64k16 --layout none --q 32 --iterations 128 --collector-protocol fill_use_lastuse --collector-reuse 3 --ws 0 --ws-buffer-count 1 --operand-address-mode pingpong --input-d 0 --tmem-columns 512 --d-base-column 0 --d-tile-base-delta 64 --independent-d-count 8 --d-reuse-distance 8 --commit-interval 32 --pending-mbarriers 1 --wait-mode nocount --smem-base-offset 0 --interference-mode none --interference-ops-per-iter 0 --interference-warps 4 --active-blocks 0
status=ok
experiment=07_config_matrix
gpu=NVIDIA Thor
compute_capability=11.0
sm_count=20
active_blocks=20
dtype=fp16
shape=m128n64k16
m=128
n=64
k=16
layout=none
q=32
iterations=128
collector_protocol=fill_use_lastuse
collector_reuse=3
ws_mode=0
ws_buffer_count=1
operand_address_mode=pingpong
input_d=0
tmem_columns=512
d_base_column=0
d_tile_base_delta=64
independent_d_count=8
d_reuse_distance=8
commit_interval=32
pending_mbarriers=1
wait_polling_mode=nocount
smem_base_offset=0
interference_mode=none
interference_ops_per_iter=0
interference_warps=4
elapsed_cycles=3779292
poll_count=0
max_abs_error=0.832031250
guard_ok=1
interference_sink=0.000000000

$ /xplorer/shijy/CUDA_optimazation/microbench/mma_config/07_config_matrix/build/tcgen05_07_config_matrix_bench --dtype fp16 --shape m128n64k16 --layout none --q 32 --iterations 128 --collector-protocol fill_use_lastuse --collector-reuse 3 --ws 0 --ws-buffer-count 1 --operand-address-mode pingpong --input-d 0 --tmem-columns 512 --d-base-column 0 --d-tile-base-delta 64 --independent-d-count 8 --d-reuse-distance 8 --commit-interval 32 --pending-mbarriers 1 --wait-mode nocount --smem-base-offset 0 --interference-mode none --interference-ops-per-iter 0 --interference-warps 4 --active-blocks 0
status=ok
experiment=07_config_matrix
gpu=NVIDIA Thor
compute_capability=11.0
sm_count=20
active_blocks=20
dtype=fp16
shape=m128n64k16
m=128
n=64
k=16
layout=none
q=32
iterations=128
collector_protocol=fill_use_lastuse
collector_reuse=3
ws_mode=0
ws_buffer_count=1
operand_address_mode=pingpong
input_d=0
tmem_columns=512
d_base_column=0
d_tile_base_delta=64
independent_d_count=8
d_reuse_distance=8
commit_interval=32
pending_mbarriers=1
wait_polling_mode=nocount
smem_base_offset=0
interference_mode=none
interference_ops_per_iter=0
interference_warps=4
elapsed_cycles=3779295
poll_count=0
max_abs_error=0.832031250
guard_ok=1
interference_sink=0.000000000

$ /xplorer/shijy/CUDA_optimazation/microbench/mma_config/07_config_matrix/build/tcgen05_07_config_matrix_bench --dtype fp16 --shape m128n64k16 --layout none --q 32 --iterations 128 --collector-protocol fill_use_lastuse --collector-reuse 3 --ws 0 --ws-buffer-count 1 --operand-address-mode pingpong --input-d 0 --tmem-columns 512 --d-base-column 0 --d-tile-base-delta 64 --independent-d-count 8 --d-reuse-distance 8 --commit-interval 32 --pending-mbarriers 1 --wait-mode nocount --smem-base-offset 0 --interference-mode none --interference-ops-per-iter 0 --interference-warps 4 --active-blocks 0
status=ok
experiment=07_config_matrix
gpu=NVIDIA Thor
compute_capability=11.0
sm_count=20
active_blocks=20
dtype=fp16
shape=m128n64k16
m=128
n=64
k=16
layout=none
q=32
iterations=128
collector_protocol=fill_use_lastuse
collector_reuse=3
ws_mode=0
ws_buffer_count=1
operand_address_mode=pingpong
input_d=0
tmem_columns=512
d_base_column=0
d_tile_base_delta=64
independent_d_count=8
d_reuse_distance=8
commit_interval=32
pending_mbarriers=1
wait_polling_mode=nocount
smem_base_offset=0
interference_mode=none
interference_ops_per_iter=0
interference_warps=4
elapsed_cycles=3779296
poll_count=0
max_abs_error=0.832031250
guard_ok=1
interference_sink=0.000000000

$ /xplorer/shijy/CUDA_optimazation/microbench/mma_config/07_config_matrix/build/tcgen05_07_config_matrix_bench --dtype fp16 --shape m128n256k16 --layout none --q 32 --iterations 128 --collector-protocol discard --collector-reuse 0 --ws 0 --ws-buffer-count 1 --operand-address-mode same --input-d 0 --tmem-columns 256 --d-base-column 0 --d-tile-base-delta 256 --independent-d-count 1 --d-reuse-distance 1 --commit-interval 32 --pending-mbarriers 1 --wait-mode nocount --smem-base-offset 0 --interference-mode none --interference-ops-per-iter 0 --interference-warps 4 --active-blocks 0
status=ok
experiment=07_config_matrix
gpu=NVIDIA Thor
compute_capability=11.0
sm_count=20
active_blocks=20
dtype=fp16
shape=m128n256k16
m=128
n=256
k=16
layout=none
q=32
iterations=128
collector_protocol=discard
collector_reuse=0
ws_mode=0
ws_buffer_count=1
operand_address_mode=same
input_d=0
tmem_columns=256
d_base_column=0
d_tile_base_delta=256
independent_d_count=1
d_reuse_distance=1
commit_interval=32
pending_mbarriers=1
wait_polling_mode=nocount
smem_base_offset=0
interference_mode=none
interference_ops_per_iter=0
interference_warps=4
elapsed_cycles=3181542
poll_count=0
max_abs_error=0.832031250
guard_ok=1
interference_sink=0.000000000

$ /xplorer/shijy/CUDA_optimazation/microbench/mma_config/07_config_matrix/build/tcgen05_07_config_matrix_bench --dtype fp16 --shape m128n256k16 --layout none --q 32 --iterations 128 --collector-protocol discard --collector-reuse 0 --ws 0 --ws-buffer-count 1 --operand-address-mode same --input-d 0 --tmem-columns 256 --d-base-column 0 --d-tile-base-delta 256 --independent-d-count 1 --d-reuse-distance 1 --commit-interval 32 --pending-mbarriers 1 --wait-mode nocount --smem-base-offset 0 --interference-mode none --interference-ops-per-iter 0 --interference-warps 4 --active-blocks 0
status=ok
experiment=07_config_matrix
gpu=NVIDIA Thor
compute_capability=11.0
sm_count=20
active_blocks=20
dtype=fp16
shape=m128n256k16
m=128
n=256
k=16
layout=none
q=32
iterations=128
collector_protocol=discard
collector_reuse=0
ws_mode=0
ws_buffer_count=1
operand_address_mode=same
input_d=0
tmem_columns=256
d_base_column=0
d_tile_base_delta=256
independent_d_count=1
d_reuse_distance=1
commit_interval=32
pending_mbarriers=1
wait_polling_mode=nocount
smem_base_offset=0
interference_mode=none
interference_ops_per_iter=0
interference_warps=4
elapsed_cycles=3181785
poll_count=0
max_abs_error=0.832031250
guard_ok=1
interference_sink=0.000000000

$ /xplorer/shijy/CUDA_optimazation/microbench/mma_config/07_config_matrix/build/tcgen05_07_config_matrix_bench --dtype fp16 --shape m128n256k16 --layout none --q 32 --iterations 128 --collector-protocol discard --collector-reuse 0 --ws 0 --ws-buffer-count 1 --operand-address-mode same --input-d 0 --tmem-columns 256 --d-base-column 0 --d-tile-base-delta 256 --independent-d-count 1 --d-reuse-distance 1 --commit-interval 32 --pending-mbarriers 1 --wait-mode nocount --smem-base-offset 0 --interference-mode none --interference-ops-per-iter 0 --interference-warps 4 --active-blocks 0
status=ok
experiment=07_config_matrix
gpu=NVIDIA Thor
compute_capability=11.0
sm_count=20
active_blocks=20
dtype=fp16
shape=m128n256k16
m=128
n=256
k=16
layout=none
q=32
iterations=128
collector_protocol=discard
collector_reuse=0
ws_mode=0
ws_buffer_count=1
operand_address_mode=same
input_d=0
tmem_columns=256
d_base_column=0
d_tile_base_delta=256
independent_d_count=1
d_reuse_distance=1
commit_interval=32
pending_mbarriers=1
wait_polling_mode=nocount
smem_base_offset=0
interference_mode=none
interference_ops_per_iter=0
interference_warps=4
elapsed_cycles=3181541
poll_count=0
max_abs_error=0.832031250
guard_ok=1
interference_sink=0.000000000

$ /xplorer/shijy/CUDA_optimazation/microbench/mma_config/07_config_matrix/build/tcgen05_07_config_matrix_bench --dtype fp16 --shape m128n256k16 --layout none --q 32 --iterations 128 --collector-protocol discard --collector-reuse 0 --ws 0 --ws-buffer-count 1 --operand-address-mode same --input-d 0 --tmem-columns 256 --d-base-column 0 --d-tile-base-delta 256 --independent-d-count 1 --d-reuse-distance 1 --commit-interval 32 --pending-mbarriers 1 --wait-mode nocount --smem-base-offset 0 --interference-mode none --interference-ops-per-iter 0 --interference-warps 4 --active-blocks 0
status=ok
experiment=07_config_matrix
gpu=NVIDIA Thor
compute_capability=11.0
sm_count=20
active_blocks=20
dtype=fp16
shape=m128n256k16
m=128
n=256
k=16
layout=none
q=32
iterations=128
collector_protocol=discard
collector_reuse=0
ws_mode=0
ws_buffer_count=1
operand_address_mode=same
input_d=0
tmem_columns=256
d_base_column=0
d_tile_base_delta=256
independent_d_count=1
d_reuse_distance=1
commit_interval=32
pending_mbarriers=1
wait_polling_mode=nocount
smem_base_offset=0
interference_mode=none
interference_ops_per_iter=0
interference_warps=4
elapsed_cycles=3181542
poll_count=0
max_abs_error=0.832031250
guard_ok=1
interference_sink=0.000000000

$ /xplorer/shijy/CUDA_optimazation/microbench/mma_config/07_config_matrix/build/tcgen05_07_config_matrix_bench --dtype fp16 --shape m128n256k16 --layout none --q 32 --iterations 128 --collector-protocol discard --collector-reuse 0 --ws 0 --ws-buffer-count 1 --operand-address-mode same --input-d 0 --tmem-columns 256 --d-base-column 0 --d-tile-base-delta 256 --independent-d-count 1 --d-reuse-distance 1 --commit-interval 32 --pending-mbarriers 1 --wait-mode nocount --smem-base-offset 0 --interference-mode none --interference-ops-per-iter 0 --interference-warps 4 --active-blocks 0
status=ok
experiment=07_config_matrix
gpu=NVIDIA Thor
compute_capability=11.0
sm_count=20
active_blocks=20
dtype=fp16
shape=m128n256k16
m=128
n=256
k=16
layout=none
q=32
iterations=128
collector_protocol=discard
collector_reuse=0
ws_mode=0
ws_buffer_count=1
operand_address_mode=same
input_d=0
tmem_columns=256
d_base_column=0
d_tile_base_delta=256
independent_d_count=1
d_reuse_distance=1
commit_interval=32
pending_mbarriers=1
wait_polling_mode=nocount
smem_base_offset=0
interference_mode=none
interference_ops_per_iter=0
interference_warps=4
elapsed_cycles=3181559
poll_count=0
max_abs_error=0.832031250
guard_ok=1
interference_sink=0.000000000

$ /xplorer/shijy/CUDA_optimazation/microbench/mma_config/07_config_matrix/build/tcgen05_07_config_matrix_bench --dtype bf16 --shape m128n64k16 --layout none --q 32 --iterations 128 --collector-protocol fill_use_lastuse --collector-reuse 3 --ws 0 --ws-buffer-count 1 --operand-address-mode same --input-d 0 --tmem-columns 512 --d-base-column 0 --d-tile-base-delta 64 --independent-d-count 8 --d-reuse-distance 8 --commit-interval 32 --pending-mbarriers 1 --wait-mode nocount --smem-base-offset 0 --interference-mode none --interference-ops-per-iter 0 --interference-warps 4 --active-blocks 0
status=ok
experiment=07_config_matrix
gpu=NVIDIA Thor
compute_capability=11.0
sm_count=20
active_blocks=20
dtype=bf16
shape=m128n64k16
m=128
n=64
k=16
layout=none
q=32
iterations=128
collector_protocol=fill_use_lastuse
collector_reuse=3
ws_mode=0
ws_buffer_count=1
operand_address_mode=same
input_d=0
tmem_columns=512
d_base_column=0
d_tile_base_delta=64
independent_d_count=8
d_reuse_distance=8
commit_interval=32
pending_mbarriers=1
wait_polling_mode=nocount
smem_base_offset=0
interference_mode=none
interference_ops_per_iter=0
interference_warps=4
elapsed_cycles=3779305
poll_count=0
max_abs_error=0.832031250
guard_ok=1
interference_sink=0.000000000

$ /xplorer/shijy/CUDA_optimazation/microbench/mma_config/07_config_matrix/build/tcgen05_07_config_matrix_bench --dtype bf16 --shape m128n64k16 --layout none --q 32 --iterations 128 --collector-protocol fill_use_lastuse --collector-reuse 3 --ws 0 --ws-buffer-count 1 --operand-address-mode same --input-d 0 --tmem-columns 512 --d-base-column 0 --d-tile-base-delta 64 --independent-d-count 8 --d-reuse-distance 8 --commit-interval 32 --pending-mbarriers 1 --wait-mode nocount --smem-base-offset 0 --interference-mode none --interference-ops-per-iter 0 --interference-warps 4 --active-blocks 0
status=ok
experiment=07_config_matrix
gpu=NVIDIA Thor
compute_capability=11.0
sm_count=20
active_blocks=20
dtype=bf16
shape=m128n64k16
m=128
n=64
k=16
layout=none
q=32
iterations=128
collector_protocol=fill_use_lastuse
collector_reuse=3
ws_mode=0
ws_buffer_count=1
operand_address_mode=same
input_d=0
tmem_columns=512
d_base_column=0
d_tile_base_delta=64
independent_d_count=8
d_reuse_distance=8
commit_interval=32
pending_mbarriers=1
wait_polling_mode=nocount
smem_base_offset=0
interference_mode=none
interference_ops_per_iter=0
interference_warps=4
elapsed_cycles=3779297
poll_count=0
max_abs_error=0.832031250
guard_ok=1
interference_sink=0.000000000

$ /xplorer/shijy/CUDA_optimazation/microbench/mma_config/07_config_matrix/build/tcgen05_07_config_matrix_bench --dtype bf16 --shape m128n64k16 --layout none --q 32 --iterations 128 --collector-protocol fill_use_lastuse --collector-reuse 3 --ws 0 --ws-buffer-count 1 --operand-address-mode same --input-d 0 --tmem-columns 512 --d-base-column 0 --d-tile-base-delta 64 --independent-d-count 8 --d-reuse-distance 8 --commit-interval 32 --pending-mbarriers 1 --wait-mode nocount --smem-base-offset 0 --interference-mode none --interference-ops-per-iter 0 --interference-warps 4 --active-blocks 0
status=ok
experiment=07_config_matrix
gpu=NVIDIA Thor
compute_capability=11.0
sm_count=20
active_blocks=20
dtype=bf16
shape=m128n64k16
m=128
n=64
k=16
layout=none
q=32
iterations=128
collector_protocol=fill_use_lastuse
collector_reuse=3
ws_mode=0
ws_buffer_count=1
operand_address_mode=same
input_d=0
tmem_columns=512
d_base_column=0
d_tile_base_delta=64
independent_d_count=8
d_reuse_distance=8
commit_interval=32
pending_mbarriers=1
wait_polling_mode=nocount
smem_base_offset=0
interference_mode=none
interference_ops_per_iter=0
interference_warps=4
elapsed_cycles=3779302
poll_count=0
max_abs_error=0.832031250
guard_ok=1
interference_sink=0.000000000

$ /xplorer/shijy/CUDA_optimazation/microbench/mma_config/07_config_matrix/build/tcgen05_07_config_matrix_bench --dtype bf16 --shape m128n64k16 --layout none --q 32 --iterations 128 --collector-protocol fill_use_lastuse --collector-reuse 3 --ws 0 --ws-buffer-count 1 --operand-address-mode same --input-d 0 --tmem-columns 512 --d-base-column 0 --d-tile-base-delta 64 --independent-d-count 8 --d-reuse-distance 8 --commit-interval 32 --pending-mbarriers 1 --wait-mode nocount --smem-base-offset 0 --interference-mode none --interference-ops-per-iter 0 --interference-warps 4 --active-blocks 0
status=ok
experiment=07_config_matrix
gpu=NVIDIA Thor
compute_capability=11.0
sm_count=20
active_blocks=20
dtype=bf16
shape=m128n64k16
m=128
n=64
k=16
layout=none
q=32
iterations=128
collector_protocol=fill_use_lastuse
collector_reuse=3
ws_mode=0
ws_buffer_count=1
operand_address_mode=same
input_d=0
tmem_columns=512
d_base_column=0
d_tile_base_delta=64
independent_d_count=8
d_reuse_distance=8
commit_interval=32
pending_mbarriers=1
wait_polling_mode=nocount
smem_base_offset=0
interference_mode=none
interference_ops_per_iter=0
interference_warps=4
elapsed_cycles=3779294
poll_count=0
max_abs_error=0.832031250
guard_ok=1
interference_sink=0.000000000

$ /xplorer/shijy/CUDA_optimazation/microbench/mma_config/07_config_matrix/build/tcgen05_07_config_matrix_bench --dtype bf16 --shape m128n64k16 --layout none --q 32 --iterations 128 --collector-protocol fill_use_lastuse --collector-reuse 3 --ws 0 --ws-buffer-count 1 --operand-address-mode same --input-d 0 --tmem-columns 512 --d-base-column 0 --d-tile-base-delta 64 --independent-d-count 8 --d-reuse-distance 8 --commit-interval 32 --pending-mbarriers 1 --wait-mode nocount --smem-base-offset 0 --interference-mode none --interference-ops-per-iter 0 --interference-warps 4 --active-blocks 0
status=ok
experiment=07_config_matrix
gpu=NVIDIA Thor
compute_capability=11.0
sm_count=20
active_blocks=20
dtype=bf16
shape=m128n64k16
m=128
n=64
k=16
layout=none
q=32
iterations=128
collector_protocol=fill_use_lastuse
collector_reuse=3
ws_mode=0
ws_buffer_count=1
operand_address_mode=same
input_d=0
tmem_columns=512
d_base_column=0
d_tile_base_delta=64
independent_d_count=8
d_reuse_distance=8
commit_interval=32
pending_mbarriers=1
wait_polling_mode=nocount
smem_base_offset=0
interference_mode=none
interference_ops_per_iter=0
interference_warps=4
elapsed_cycles=3779294
poll_count=0
max_abs_error=0.832031250
guard_ok=1
interference_sink=0.000000000

$ /xplorer/shijy/CUDA_optimazation/microbench/mma_config/07_config_matrix/build/tcgen05_07_config_matrix_bench --dtype fp16 --shape m128n256k16 --layout none --q 32 --iterations 128 --collector-protocol fill_use_lastuse --collector-reuse 3 --ws 0 --ws-buffer-count 1 --operand-address-mode pingpong --input-d 0 --tmem-columns 256 --d-base-column 0 --d-tile-base-delta 256 --independent-d-count 1 --d-reuse-distance 1 --commit-interval 32 --pending-mbarriers 1 --wait-mode nocount --smem-base-offset 0 --interference-mode none --interference-ops-per-iter 0 --interference-warps 4 --active-blocks 0
status=ok
experiment=07_config_matrix
gpu=NVIDIA Thor
compute_capability=11.0
sm_count=20
active_blocks=20
dtype=fp16
shape=m128n256k16
m=128
n=256
k=16
layout=none
q=32
iterations=128
collector_protocol=fill_use_lastuse
collector_reuse=3
ws_mode=0
ws_buffer_count=1
operand_address_mode=pingpong
input_d=0
tmem_columns=256
d_base_column=0
d_tile_base_delta=256
independent_d_count=1
d_reuse_distance=1
commit_interval=32
pending_mbarriers=1
wait_polling_mode=nocount
smem_base_offset=0
interference_mode=none
interference_ops_per_iter=0
interference_warps=4
elapsed_cycles=3282539
poll_count=0
max_abs_error=0.791015625
guard_ok=1
interference_sink=0.000000000

$ /xplorer/shijy/CUDA_optimazation/microbench/mma_config/07_config_matrix/build/tcgen05_07_config_matrix_bench --dtype fp16 --shape m128n256k16 --layout none --q 32 --iterations 128 --collector-protocol fill_use_lastuse --collector-reuse 3 --ws 0 --ws-buffer-count 1 --operand-address-mode pingpong --input-d 0 --tmem-columns 256 --d-base-column 0 --d-tile-base-delta 256 --independent-d-count 1 --d-reuse-distance 1 --commit-interval 32 --pending-mbarriers 1 --wait-mode nocount --smem-base-offset 0 --interference-mode none --interference-ops-per-iter 0 --interference-warps 4 --active-blocks 0
status=ok
experiment=07_config_matrix
gpu=NVIDIA Thor
compute_capability=11.0
sm_count=20
active_blocks=20
dtype=fp16
shape=m128n256k16
m=128
n=256
k=16
layout=none
q=32
iterations=128
collector_protocol=fill_use_lastuse
collector_reuse=3
ws_mode=0
ws_buffer_count=1
operand_address_mode=pingpong
input_d=0
tmem_columns=256
d_base_column=0
d_tile_base_delta=256
independent_d_count=1
d_reuse_distance=1
commit_interval=32
pending_mbarriers=1
wait_polling_mode=nocount
smem_base_offset=0
interference_mode=none
interference_ops_per_iter=0
interference_warps=4
elapsed_cycles=3282539
poll_count=0
max_abs_error=0.791015625
guard_ok=1
interference_sink=0.000000000

$ /xplorer/shijy/CUDA_optimazation/microbench/mma_config/07_config_matrix/build/tcgen05_07_config_matrix_bench --dtype fp16 --shape m128n256k16 --layout none --q 32 --iterations 128 --collector-protocol fill_use_lastuse --collector-reuse 3 --ws 0 --ws-buffer-count 1 --operand-address-mode pingpong --input-d 0 --tmem-columns 256 --d-base-column 0 --d-tile-base-delta 256 --independent-d-count 1 --d-reuse-distance 1 --commit-interval 32 --pending-mbarriers 1 --wait-mode nocount --smem-base-offset 0 --interference-mode none --interference-ops-per-iter 0 --interference-warps 4 --active-blocks 0
status=ok
experiment=07_config_matrix
gpu=NVIDIA Thor
compute_capability=11.0
sm_count=20
active_blocks=20
dtype=fp16
shape=m128n256k16
m=128
n=256
k=16
layout=none
q=32
iterations=128
collector_protocol=fill_use_lastuse
collector_reuse=3
ws_mode=0
ws_buffer_count=1
operand_address_mode=pingpong
input_d=0
tmem_columns=256
d_base_column=0
d_tile_base_delta=256
independent_d_count=1
d_reuse_distance=1
commit_interval=32
pending_mbarriers=1
wait_polling_mode=nocount
smem_base_offset=0
interference_mode=none
interference_ops_per_iter=0
interference_warps=4
elapsed_cycles=3282536
poll_count=0
max_abs_error=0.791015625
guard_ok=1
interference_sink=0.000000000

$ /xplorer/shijy/CUDA_optimazation/microbench/mma_config/07_config_matrix/build/tcgen05_07_config_matrix_bench --dtype fp16 --shape m128n256k16 --layout none --q 32 --iterations 128 --collector-protocol fill_use_lastuse --collector-reuse 3 --ws 0 --ws-buffer-count 1 --operand-address-mode pingpong --input-d 0 --tmem-columns 256 --d-base-column 0 --d-tile-base-delta 256 --independent-d-count 1 --d-reuse-distance 1 --commit-interval 32 --pending-mbarriers 1 --wait-mode nocount --smem-base-offset 0 --interference-mode none --interference-ops-per-iter 0 --interference-warps 4 --active-blocks 0
status=ok
experiment=07_config_matrix
gpu=NVIDIA Thor
compute_capability=11.0
sm_count=20
active_blocks=20
dtype=fp16
shape=m128n256k16
m=128
n=256
k=16
layout=none
q=32
iterations=128
collector_protocol=fill_use_lastuse
collector_reuse=3
ws_mode=0
ws_buffer_count=1
operand_address_mode=pingpong
input_d=0
tmem_columns=256
d_base_column=0
d_tile_base_delta=256
independent_d_count=1
d_reuse_distance=1
commit_interval=32
pending_mbarriers=1
wait_polling_mode=nocount
smem_base_offset=0
interference_mode=none
interference_ops_per_iter=0
interference_warps=4
elapsed_cycles=3282543
poll_count=0
max_abs_error=0.791015625
guard_ok=1
interference_sink=0.000000000

$ /xplorer/shijy/CUDA_optimazation/microbench/mma_config/07_config_matrix/build/tcgen05_07_config_matrix_bench --dtype fp16 --shape m128n256k16 --layout none --q 32 --iterations 128 --collector-protocol fill_use_lastuse --collector-reuse 3 --ws 0 --ws-buffer-count 1 --operand-address-mode pingpong --input-d 0 --tmem-columns 256 --d-base-column 0 --d-tile-base-delta 256 --independent-d-count 1 --d-reuse-distance 1 --commit-interval 32 --pending-mbarriers 1 --wait-mode nocount --smem-base-offset 0 --interference-mode none --interference-ops-per-iter 0 --interference-warps 4 --active-blocks 0
status=ok
experiment=07_config_matrix
gpu=NVIDIA Thor
compute_capability=11.0
sm_count=20
active_blocks=20
dtype=fp16
shape=m128n256k16
m=128
n=256
k=16
layout=none
q=32
iterations=128
collector_protocol=fill_use_lastuse
collector_reuse=3
ws_mode=0
ws_buffer_count=1
operand_address_mode=pingpong
input_d=0
tmem_columns=256
d_base_column=0
d_tile_base_delta=256
independent_d_count=1
d_reuse_distance=1
commit_interval=32
pending_mbarriers=1
wait_polling_mode=nocount
smem_base_offset=0
interference_mode=none
interference_ops_per_iter=0
interference_warps=4
elapsed_cycles=3282540
poll_count=0
max_abs_error=0.791015625
guard_ok=1
interference_sink=0.000000000

$ /xplorer/shijy/CUDA_optimazation/microbench/mma_config/07_config_matrix/build/tcgen05_07_config_matrix_bench --dtype bf16 --shape m128n128k16 --layout none --q 32 --iterations 128 --collector-protocol fill_use_lastuse --collector-reuse 3 --ws 0 --ws-buffer-count 1 --operand-address-mode same --input-d 0 --tmem-columns 256 --d-base-column 0 --d-tile-base-delta 128 --independent-d-count 2 --d-reuse-distance 2 --commit-interval 32 --pending-mbarriers 1 --wait-mode nocount --smem-base-offset 0 --interference-mode none --interference-ops-per-iter 0 --interference-warps 4 --active-blocks 0
status=ok
experiment=07_config_matrix
gpu=NVIDIA Thor
compute_capability=11.0
sm_count=20
active_blocks=20
dtype=bf16
shape=m128n128k16
m=128
n=128
k=16
layout=none
q=32
iterations=128
collector_protocol=fill_use_lastuse
collector_reuse=3
ws_mode=0
ws_buffer_count=1
operand_address_mode=same
input_d=0
tmem_columns=256
d_base_column=0
d_tile_base_delta=128
independent_d_count=2
d_reuse_distance=2
commit_interval=32
pending_mbarriers=1
wait_polling_mode=nocount
smem_base_offset=0
interference_mode=none
interference_ops_per_iter=0
interference_warps=4
elapsed_cycles=3779414
poll_count=0
max_abs_error=0.832031250
guard_ok=1
interference_sink=0.000000000

$ /xplorer/shijy/CUDA_optimazation/microbench/mma_config/07_config_matrix/build/tcgen05_07_config_matrix_bench --dtype bf16 --shape m128n128k16 --layout none --q 32 --iterations 128 --collector-protocol fill_use_lastuse --collector-reuse 3 --ws 0 --ws-buffer-count 1 --operand-address-mode same --input-d 0 --tmem-columns 256 --d-base-column 0 --d-tile-base-delta 128 --independent-d-count 2 --d-reuse-distance 2 --commit-interval 32 --pending-mbarriers 1 --wait-mode nocount --smem-base-offset 0 --interference-mode none --interference-ops-per-iter 0 --interference-warps 4 --active-blocks 0
status=ok
experiment=07_config_matrix
gpu=NVIDIA Thor
compute_capability=11.0
sm_count=20
active_blocks=20
dtype=bf16
shape=m128n128k16
m=128
n=128
k=16
layout=none
q=32
iterations=128
collector_protocol=fill_use_lastuse
collector_reuse=3
ws_mode=0
ws_buffer_count=1
operand_address_mode=same
input_d=0
tmem_columns=256
d_base_column=0
d_tile_base_delta=128
independent_d_count=2
d_reuse_distance=2
commit_interval=32
pending_mbarriers=1
wait_polling_mode=nocount
smem_base_offset=0
interference_mode=none
interference_ops_per_iter=0
interference_warps=4
elapsed_cycles=3779417
poll_count=0
max_abs_error=0.832031250
guard_ok=1
interference_sink=0.000000000

$ /xplorer/shijy/CUDA_optimazation/microbench/mma_config/07_config_matrix/build/tcgen05_07_config_matrix_bench --dtype bf16 --shape m128n128k16 --layout none --q 32 --iterations 128 --collector-protocol fill_use_lastuse --collector-reuse 3 --ws 0 --ws-buffer-count 1 --operand-address-mode same --input-d 0 --tmem-columns 256 --d-base-column 0 --d-tile-base-delta 128 --independent-d-count 2 --d-reuse-distance 2 --commit-interval 32 --pending-mbarriers 1 --wait-mode nocount --smem-base-offset 0 --interference-mode none --interference-ops-per-iter 0 --interference-warps 4 --active-blocks 0
status=ok
experiment=07_config_matrix
gpu=NVIDIA Thor
compute_capability=11.0
sm_count=20
active_blocks=20
dtype=bf16
shape=m128n128k16
m=128
n=128
k=16
layout=none
q=32
iterations=128
collector_protocol=fill_use_lastuse
collector_reuse=3
ws_mode=0
ws_buffer_count=1
operand_address_mode=same
input_d=0
tmem_columns=256
d_base_column=0
d_tile_base_delta=128
independent_d_count=2
d_reuse_distance=2
commit_interval=32
pending_mbarriers=1
wait_polling_mode=nocount
smem_base_offset=0
interference_mode=none
interference_ops_per_iter=0
interference_warps=4
elapsed_cycles=3779415
poll_count=0
max_abs_error=0.832031250
guard_ok=1
interference_sink=0.000000000

$ /xplorer/shijy/CUDA_optimazation/microbench/mma_config/07_config_matrix/build/tcgen05_07_config_matrix_bench --dtype bf16 --shape m128n128k16 --layout none --q 32 --iterations 128 --collector-protocol fill_use_lastuse --collector-reuse 3 --ws 0 --ws-buffer-count 1 --operand-address-mode same --input-d 0 --tmem-columns 256 --d-base-column 0 --d-tile-base-delta 128 --independent-d-count 2 --d-reuse-distance 2 --commit-interval 32 --pending-mbarriers 1 --wait-mode nocount --smem-base-offset 0 --interference-mode none --interference-ops-per-iter 0 --interference-warps 4 --active-blocks 0
status=ok
experiment=07_config_matrix
gpu=NVIDIA Thor
compute_capability=11.0
sm_count=20
active_blocks=20
dtype=bf16
shape=m128n128k16
m=128
n=128
k=16
layout=none
q=32
iterations=128
collector_protocol=fill_use_lastuse
collector_reuse=3
ws_mode=0
ws_buffer_count=1
operand_address_mode=same
input_d=0
tmem_columns=256
d_base_column=0
d_tile_base_delta=128
independent_d_count=2
d_reuse_distance=2
commit_interval=32
pending_mbarriers=1
wait_polling_mode=nocount
smem_base_offset=0
interference_mode=none
interference_ops_per_iter=0
interference_warps=4
elapsed_cycles=3779415
poll_count=0
max_abs_error=0.832031250
guard_ok=1
interference_sink=0.000000000

$ /xplorer/shijy/CUDA_optimazation/microbench/mma_config/07_config_matrix/build/tcgen05_07_config_matrix_bench --dtype bf16 --shape m128n128k16 --layout none --q 32 --iterations 128 --collector-protocol fill_use_lastuse --collector-reuse 3 --ws 0 --ws-buffer-count 1 --operand-address-mode same --input-d 0 --tmem-columns 256 --d-base-column 0 --d-tile-base-delta 128 --independent-d-count 2 --d-reuse-distance 2 --commit-interval 32 --pending-mbarriers 1 --wait-mode nocount --smem-base-offset 0 --interference-mode none --interference-ops-per-iter 0 --interference-warps 4 --active-blocks 0
status=ok
experiment=07_config_matrix
gpu=NVIDIA Thor
compute_capability=11.0
sm_count=20
active_blocks=20
dtype=bf16
shape=m128n128k16
m=128
n=128
k=16
layout=none
q=32
iterations=128
collector_protocol=fill_use_lastuse
collector_reuse=3
ws_mode=0
ws_buffer_count=1
operand_address_mode=same
input_d=0
tmem_columns=256
d_base_column=0
d_tile_base_delta=128
independent_d_count=2
d_reuse_distance=2
commit_interval=32
pending_mbarriers=1
wait_polling_mode=nocount
smem_base_offset=0
interference_mode=none
interference_ops_per_iter=0
interference_warps=4
elapsed_cycles=3779415
poll_count=0
max_abs_error=0.832031250
guard_ok=1
interference_sink=0.000000000

$ /xplorer/shijy/CUDA_optimazation/microbench/mma_config/07_config_matrix/build/tcgen05_07_config_matrix_bench --dtype bf16 --shape m128n128k16 --layout none --q 32 --iterations 128 --collector-protocol fill_use_lastuse --collector-reuse 3 --ws 0 --ws-buffer-count 1 --operand-address-mode same --input-d 0 --tmem-columns 128 --d-base-column 0 --d-tile-base-delta 128 --independent-d-count 1 --d-reuse-distance 1 --commit-interval 32 --pending-mbarriers 1 --wait-mode nocount --smem-base-offset 0 --interference-mode none --interference-ops-per-iter 0 --interference-warps 4 --active-blocks 0
status=ok
experiment=07_config_matrix
gpu=NVIDIA Thor
compute_capability=11.0
sm_count=20
active_blocks=20
dtype=bf16
shape=m128n128k16
m=128
n=128
k=16
layout=none
q=32
iterations=128
collector_protocol=fill_use_lastuse
collector_reuse=3
ws_mode=0
ws_buffer_count=1
operand_address_mode=same
input_d=0
tmem_columns=128
d_base_column=0
d_tile_base_delta=128
independent_d_count=1
d_reuse_distance=1
commit_interval=32
pending_mbarriers=1
wait_polling_mode=nocount
smem_base_offset=0
interference_mode=none
interference_ops_per_iter=0
interference_warps=4
elapsed_cycles=3281363
poll_count=0
max_abs_error=0.832031250
guard_ok=1
interference_sink=0.000000000

$ /xplorer/shijy/CUDA_optimazation/microbench/mma_config/07_config_matrix/build/tcgen05_07_config_matrix_bench --dtype bf16 --shape m128n128k16 --layout none --q 32 --iterations 128 --collector-protocol fill_use_lastuse --collector-reuse 3 --ws 0 --ws-buffer-count 1 --operand-address-mode same --input-d 0 --tmem-columns 128 --d-base-column 0 --d-tile-base-delta 128 --independent-d-count 1 --d-reuse-distance 1 --commit-interval 32 --pending-mbarriers 1 --wait-mode nocount --smem-base-offset 0 --interference-mode none --interference-ops-per-iter 0 --interference-warps 4 --active-blocks 0
status=ok
experiment=07_config_matrix
gpu=NVIDIA Thor
compute_capability=11.0
sm_count=20
active_blocks=20
dtype=bf16
shape=m128n128k16
m=128
n=128
k=16
layout=none
q=32
iterations=128
collector_protocol=fill_use_lastuse
collector_reuse=3
ws_mode=0
ws_buffer_count=1
operand_address_mode=same
input_d=0
tmem_columns=128
d_base_column=0
d_tile_base_delta=128
independent_d_count=1
d_reuse_distance=1
commit_interval=32
pending_mbarriers=1
wait_polling_mode=nocount
smem_base_offset=0
interference_mode=none
interference_ops_per_iter=0
interference_warps=4
elapsed_cycles=3281362
poll_count=0
max_abs_error=0.832031250
guard_ok=1
interference_sink=0.000000000

$ /xplorer/shijy/CUDA_optimazation/microbench/mma_config/07_config_matrix/build/tcgen05_07_config_matrix_bench --dtype bf16 --shape m128n128k16 --layout none --q 32 --iterations 128 --collector-protocol fill_use_lastuse --collector-reuse 3 --ws 0 --ws-buffer-count 1 --operand-address-mode same --input-d 0 --tmem-columns 128 --d-base-column 0 --d-tile-base-delta 128 --independent-d-count 1 --d-reuse-distance 1 --commit-interval 32 --pending-mbarriers 1 --wait-mode nocount --smem-base-offset 0 --interference-mode none --interference-ops-per-iter 0 --interference-warps 4 --active-blocks 0
status=ok
experiment=07_config_matrix
gpu=NVIDIA Thor
compute_capability=11.0
sm_count=20
active_blocks=20
dtype=bf16
shape=m128n128k16
m=128
n=128
k=16
layout=none
q=32
iterations=128
collector_protocol=fill_use_lastuse
collector_reuse=3
ws_mode=0
ws_buffer_count=1
operand_address_mode=same
input_d=0
tmem_columns=128
d_base_column=0
d_tile_base_delta=128
independent_d_count=1
d_reuse_distance=1
commit_interval=32
pending_mbarriers=1
wait_polling_mode=nocount
smem_base_offset=0
interference_mode=none
interference_ops_per_iter=0
interference_warps=4
elapsed_cycles=3281364
poll_count=0
max_abs_error=0.832031250
guard_ok=1
interference_sink=0.000000000

$ /xplorer/shijy/CUDA_optimazation/microbench/mma_config/07_config_matrix/build/tcgen05_07_config_matrix_bench --dtype bf16 --shape m128n128k16 --layout none --q 32 --iterations 128 --collector-protocol fill_use_lastuse --collector-reuse 3 --ws 0 --ws-buffer-count 1 --operand-address-mode same --input-d 0 --tmem-columns 128 --d-base-column 0 --d-tile-base-delta 128 --independent-d-count 1 --d-reuse-distance 1 --commit-interval 32 --pending-mbarriers 1 --wait-mode nocount --smem-base-offset 0 --interference-mode none --interference-ops-per-iter 0 --interference-warps 4 --active-blocks 0
status=ok
experiment=07_config_matrix
gpu=NVIDIA Thor
compute_capability=11.0
sm_count=20
active_blocks=20
dtype=bf16
shape=m128n128k16
m=128
n=128
k=16
layout=none
q=32
iterations=128
collector_protocol=fill_use_lastuse
collector_reuse=3
ws_mode=0
ws_buffer_count=1
operand_address_mode=same
input_d=0
tmem_columns=128
d_base_column=0
d_tile_base_delta=128
independent_d_count=1
d_reuse_distance=1
commit_interval=32
pending_mbarriers=1
wait_polling_mode=nocount
smem_base_offset=0
interference_mode=none
interference_ops_per_iter=0
interference_warps=4
elapsed_cycles=3282415
poll_count=0
max_abs_error=0.832031250
guard_ok=1
interference_sink=0.000000000

$ /xplorer/shijy/CUDA_optimazation/microbench/mma_config/07_config_matrix/build/tcgen05_07_config_matrix_bench --dtype bf16 --shape m128n128k16 --layout none --q 32 --iterations 128 --collector-protocol fill_use_lastuse --collector-reuse 3 --ws 0 --ws-buffer-count 1 --operand-address-mode same --input-d 0 --tmem-columns 128 --d-base-column 0 --d-tile-base-delta 128 --independent-d-count 1 --d-reuse-distance 1 --commit-interval 32 --pending-mbarriers 1 --wait-mode nocount --smem-base-offset 0 --interference-mode none --interference-ops-per-iter 0 --interference-warps 4 --active-blocks 0
status=ok
experiment=07_config_matrix
gpu=NVIDIA Thor
compute_capability=11.0
sm_count=20
active_blocks=20
dtype=bf16
shape=m128n128k16
m=128
n=128
k=16
layout=none
q=32
iterations=128
collector_protocol=fill_use_lastuse
collector_reuse=3
ws_mode=0
ws_buffer_count=1
operand_address_mode=same
input_d=0
tmem_columns=128
d_base_column=0
d_tile_base_delta=128
independent_d_count=1
d_reuse_distance=1
commit_interval=32
pending_mbarriers=1
wait_polling_mode=nocount
smem_base_offset=0
interference_mode=none
interference_ops_per_iter=0
interference_warps=4
elapsed_cycles=3281356
poll_count=0
max_abs_error=0.832031250
guard_ok=1
interference_sink=0.000000000

$ /xplorer/shijy/CUDA_optimazation/microbench/mma_config/07_config_matrix/build/tcgen05_07_config_matrix_bench --dtype fp16 --shape m128n128k16 --layout none --q 32 --iterations 128 --collector-protocol fill_use_lastuse --collector-reuse 3 --ws 0 --ws-buffer-count 1 --operand-address-mode same --input-d 0 --tmem-columns 128 --d-base-column 0 --d-tile-base-delta 128 --independent-d-count 1 --d-reuse-distance 1 --commit-interval 32 --pending-mbarriers 1 --wait-mode nocount --smem-base-offset 0 --interference-mode none --interference-ops-per-iter 0 --interference-warps 4 --active-blocks 0
status=ok
experiment=07_config_matrix
gpu=NVIDIA Thor
compute_capability=11.0
sm_count=20
active_blocks=20
dtype=fp16
shape=m128n128k16
m=128
n=128
k=16
layout=none
q=32
iterations=128
collector_protocol=fill_use_lastuse
collector_reuse=3
ws_mode=0
ws_buffer_count=1
operand_address_mode=same
input_d=0
tmem_columns=128
d_base_column=0
d_tile_base_delta=128
independent_d_count=1
d_reuse_distance=1
commit_interval=32
pending_mbarriers=1
wait_polling_mode=nocount
smem_base_offset=0
interference_mode=none
interference_ops_per_iter=0
interference_warps=4
elapsed_cycles=3282392
poll_count=0
max_abs_error=0.832031250
guard_ok=1
interference_sink=0.000000000

$ /xplorer/shijy/CUDA_optimazation/microbench/mma_config/07_config_matrix/build/tcgen05_07_config_matrix_bench --dtype fp16 --shape m128n128k16 --layout none --q 32 --iterations 128 --collector-protocol fill_use_lastuse --collector-reuse 3 --ws 0 --ws-buffer-count 1 --operand-address-mode same --input-d 0 --tmem-columns 128 --d-base-column 0 --d-tile-base-delta 128 --independent-d-count 1 --d-reuse-distance 1 --commit-interval 32 --pending-mbarriers 1 --wait-mode nocount --smem-base-offset 0 --interference-mode none --interference-ops-per-iter 0 --interference-warps 4 --active-blocks 0
status=ok
experiment=07_config_matrix
gpu=NVIDIA Thor
compute_capability=11.0
sm_count=20
active_blocks=20
dtype=fp16
shape=m128n128k16
m=128
n=128
k=16
layout=none
q=32
iterations=128
collector_protocol=fill_use_lastuse
collector_reuse=3
ws_mode=0
ws_buffer_count=1
operand_address_mode=same
input_d=0
tmem_columns=128
d_base_column=0
d_tile_base_delta=128
independent_d_count=1
d_reuse_distance=1
commit_interval=32
pending_mbarriers=1
wait_polling_mode=nocount
smem_base_offset=0
interference_mode=none
interference_ops_per_iter=0
interference_warps=4
elapsed_cycles=3282390
poll_count=0
max_abs_error=0.832031250
guard_ok=1
interference_sink=0.000000000

$ /xplorer/shijy/CUDA_optimazation/microbench/mma_config/07_config_matrix/build/tcgen05_07_config_matrix_bench --dtype fp16 --shape m128n128k16 --layout none --q 32 --iterations 128 --collector-protocol fill_use_lastuse --collector-reuse 3 --ws 0 --ws-buffer-count 1 --operand-address-mode same --input-d 0 --tmem-columns 128 --d-base-column 0 --d-tile-base-delta 128 --independent-d-count 1 --d-reuse-distance 1 --commit-interval 32 --pending-mbarriers 1 --wait-mode nocount --smem-base-offset 0 --interference-mode none --interference-ops-per-iter 0 --interference-warps 4 --active-blocks 0
status=ok
experiment=07_config_matrix
gpu=NVIDIA Thor
compute_capability=11.0
sm_count=20
active_blocks=20
dtype=fp16
shape=m128n128k16
m=128
n=128
k=16
layout=none
q=32
iterations=128
collector_protocol=fill_use_lastuse
collector_reuse=3
ws_mode=0
ws_buffer_count=1
operand_address_mode=same
input_d=0
tmem_columns=128
d_base_column=0
d_tile_base_delta=128
independent_d_count=1
d_reuse_distance=1
commit_interval=32
pending_mbarriers=1
wait_polling_mode=nocount
smem_base_offset=0
interference_mode=none
interference_ops_per_iter=0
interference_warps=4
elapsed_cycles=3282393
poll_count=0
max_abs_error=0.832031250
guard_ok=1
interference_sink=0.000000000

$ /xplorer/shijy/CUDA_optimazation/microbench/mma_config/07_config_matrix/build/tcgen05_07_config_matrix_bench --dtype fp16 --shape m128n128k16 --layout none --q 32 --iterations 128 --collector-protocol fill_use_lastuse --collector-reuse 3 --ws 0 --ws-buffer-count 1 --operand-address-mode same --input-d 0 --tmem-columns 128 --d-base-column 0 --d-tile-base-delta 128 --independent-d-count 1 --d-reuse-distance 1 --commit-interval 32 --pending-mbarriers 1 --wait-mode nocount --smem-base-offset 0 --interference-mode none --interference-ops-per-iter 0 --interference-warps 4 --active-blocks 0
status=ok
experiment=07_config_matrix
gpu=NVIDIA Thor
compute_capability=11.0
sm_count=20
active_blocks=20
dtype=fp16
shape=m128n128k16
m=128
n=128
k=16
layout=none
q=32
iterations=128
collector_protocol=fill_use_lastuse
collector_reuse=3
ws_mode=0
ws_buffer_count=1
operand_address_mode=same
input_d=0
tmem_columns=128
d_base_column=0
d_tile_base_delta=128
independent_d_count=1
d_reuse_distance=1
commit_interval=32
pending_mbarriers=1
wait_polling_mode=nocount
smem_base_offset=0
interference_mode=none
interference_ops_per_iter=0
interference_warps=4
elapsed_cycles=3281356
poll_count=0
max_abs_error=0.832031250
guard_ok=1
interference_sink=0.000000000

$ /xplorer/shijy/CUDA_optimazation/microbench/mma_config/07_config_matrix/build/tcgen05_07_config_matrix_bench --dtype fp16 --shape m128n128k16 --layout none --q 32 --iterations 128 --collector-protocol fill_use_lastuse --collector-reuse 3 --ws 0 --ws-buffer-count 1 --operand-address-mode same --input-d 0 --tmem-columns 128 --d-base-column 0 --d-tile-base-delta 128 --independent-d-count 1 --d-reuse-distance 1 --commit-interval 32 --pending-mbarriers 1 --wait-mode nocount --smem-base-offset 0 --interference-mode none --interference-ops-per-iter 0 --interference-warps 4 --active-blocks 0
status=ok
experiment=07_config_matrix
gpu=NVIDIA Thor
compute_capability=11.0
sm_count=20
active_blocks=20
dtype=fp16
shape=m128n128k16
m=128
n=128
k=16
layout=none
q=32
iterations=128
collector_protocol=fill_use_lastuse
collector_reuse=3
ws_mode=0
ws_buffer_count=1
operand_address_mode=same
input_d=0
tmem_columns=128
d_base_column=0
d_tile_base_delta=128
independent_d_count=1
d_reuse_distance=1
commit_interval=32
pending_mbarriers=1
wait_polling_mode=nocount
smem_base_offset=0
interference_mode=none
interference_ops_per_iter=0
interference_warps=4
elapsed_cycles=3282394
poll_count=0
max_abs_error=0.832031250
guard_ok=1
interference_sink=0.000000000

$ /xplorer/shijy/CUDA_optimazation/microbench/mma_config/07_config_matrix/build/tcgen05_07_config_matrix_bench --dtype bf16 --shape m128n64k16 --layout none --q 32 --iterations 128 --collector-protocol discard --collector-reuse 0 --ws 0 --ws-buffer-count 1 --operand-address-mode same --input-d 0 --tmem-columns 512 --d-base-column 0 --d-tile-base-delta 64 --independent-d-count 8 --d-reuse-distance 8 --commit-interval 32 --pending-mbarriers 1 --wait-mode nocount --smem-base-offset 0 --interference-mode none --interference-ops-per-iter 0 --interference-warps 4 --active-blocks 0
status=ok
experiment=07_config_matrix
gpu=NVIDIA Thor
compute_capability=11.0
sm_count=20
active_blocks=20
dtype=bf16
shape=m128n64k16
m=128
n=64
k=16
layout=none
q=32
iterations=128
collector_protocol=discard
collector_reuse=0
ws_mode=0
ws_buffer_count=1
operand_address_mode=same
input_d=0
tmem_columns=512
d_base_column=0
d_tile_base_delta=64
independent_d_count=8
d_reuse_distance=8
commit_interval=32
pending_mbarriers=1
wait_polling_mode=nocount
smem_base_offset=0
interference_mode=none
interference_ops_per_iter=0
interference_warps=4
elapsed_cycles=3678618
poll_count=0
max_abs_error=0.832031250
guard_ok=1
interference_sink=0.000000000

$ /xplorer/shijy/CUDA_optimazation/microbench/mma_config/07_config_matrix/build/tcgen05_07_config_matrix_bench --dtype bf16 --shape m128n64k16 --layout none --q 32 --iterations 128 --collector-protocol discard --collector-reuse 0 --ws 0 --ws-buffer-count 1 --operand-address-mode same --input-d 0 --tmem-columns 512 --d-base-column 0 --d-tile-base-delta 64 --independent-d-count 8 --d-reuse-distance 8 --commit-interval 32 --pending-mbarriers 1 --wait-mode nocount --smem-base-offset 0 --interference-mode none --interference-ops-per-iter 0 --interference-warps 4 --active-blocks 0
status=ok
experiment=07_config_matrix
gpu=NVIDIA Thor
compute_capability=11.0
sm_count=20
active_blocks=20
dtype=bf16
shape=m128n64k16
m=128
n=64
k=16
layout=none
q=32
iterations=128
collector_protocol=discard
collector_reuse=0
ws_mode=0
ws_buffer_count=1
operand_address_mode=same
input_d=0
tmem_columns=512
d_base_column=0
d_tile_base_delta=64
independent_d_count=8
d_reuse_distance=8
commit_interval=32
pending_mbarriers=1
wait_polling_mode=nocount
smem_base_offset=0
interference_mode=none
interference_ops_per_iter=0
interference_warps=4
elapsed_cycles=3678583
poll_count=0
max_abs_error=0.832031250
guard_ok=1
interference_sink=0.000000000

$ /xplorer/shijy/CUDA_optimazation/microbench/mma_config/07_config_matrix/build/tcgen05_07_config_matrix_bench --dtype bf16 --shape m128n64k16 --layout none --q 32 --iterations 128 --collector-protocol discard --collector-reuse 0 --ws 0 --ws-buffer-count 1 --operand-address-mode same --input-d 0 --tmem-columns 512 --d-base-column 0 --d-tile-base-delta 64 --independent-d-count 8 --d-reuse-distance 8 --commit-interval 32 --pending-mbarriers 1 --wait-mode nocount --smem-base-offset 0 --interference-mode none --interference-ops-per-iter 0 --interference-warps 4 --active-blocks 0
status=ok
experiment=07_config_matrix
gpu=NVIDIA Thor
compute_capability=11.0
sm_count=20
active_blocks=20
dtype=bf16
shape=m128n64k16
m=128
n=64
k=16
layout=none
q=32
iterations=128
collector_protocol=discard
collector_reuse=0
ws_mode=0
ws_buffer_count=1
operand_address_mode=same
input_d=0
tmem_columns=512
d_base_column=0
d_tile_base_delta=64
independent_d_count=8
d_reuse_distance=8
commit_interval=32
pending_mbarriers=1
wait_polling_mode=nocount
smem_base_offset=0
interference_mode=none
interference_ops_per_iter=0
interference_warps=4
elapsed_cycles=3678619
poll_count=0
max_abs_error=0.832031250
guard_ok=1
interference_sink=0.000000000

$ /xplorer/shijy/CUDA_optimazation/microbench/mma_config/07_config_matrix/build/tcgen05_07_config_matrix_bench --dtype bf16 --shape m128n64k16 --layout none --q 32 --iterations 128 --collector-protocol discard --collector-reuse 0 --ws 0 --ws-buffer-count 1 --operand-address-mode same --input-d 0 --tmem-columns 512 --d-base-column 0 --d-tile-base-delta 64 --independent-d-count 8 --d-reuse-distance 8 --commit-interval 32 --pending-mbarriers 1 --wait-mode nocount --smem-base-offset 0 --interference-mode none --interference-ops-per-iter 0 --interference-warps 4 --active-blocks 0
status=ok
experiment=07_config_matrix
gpu=NVIDIA Thor
compute_capability=11.0
sm_count=20
active_blocks=20
dtype=bf16
shape=m128n64k16
m=128
n=64
k=16
layout=none
q=32
iterations=128
collector_protocol=discard
collector_reuse=0
ws_mode=0
ws_buffer_count=1
operand_address_mode=same
input_d=0
tmem_columns=512
d_base_column=0
d_tile_base_delta=64
independent_d_count=8
d_reuse_distance=8
commit_interval=32
pending_mbarriers=1
wait_polling_mode=nocount
smem_base_offset=0
interference_mode=none
interference_ops_per_iter=0
interference_warps=4
elapsed_cycles=3678620
poll_count=0
max_abs_error=0.832031250
guard_ok=1
interference_sink=0.000000000

$ /xplorer/shijy/CUDA_optimazation/microbench/mma_config/07_config_matrix/build/tcgen05_07_config_matrix_bench --dtype bf16 --shape m128n64k16 --layout none --q 32 --iterations 128 --collector-protocol discard --collector-reuse 0 --ws 0 --ws-buffer-count 1 --operand-address-mode same --input-d 0 --tmem-columns 512 --d-base-column 0 --d-tile-base-delta 64 --independent-d-count 8 --d-reuse-distance 8 --commit-interval 32 --pending-mbarriers 1 --wait-mode nocount --smem-base-offset 0 --interference-mode none --interference-ops-per-iter 0 --interference-warps 4 --active-blocks 0
status=ok
experiment=07_config_matrix
gpu=NVIDIA Thor
compute_capability=11.0
sm_count=20
active_blocks=20
dtype=bf16
shape=m128n64k16
m=128
n=64
k=16
layout=none
q=32
iterations=128
collector_protocol=discard
collector_reuse=0
ws_mode=0
ws_buffer_count=1
operand_address_mode=same
input_d=0
tmem_columns=512
d_base_column=0
d_tile_base_delta=64
independent_d_count=8
d_reuse_distance=8
commit_interval=32
pending_mbarriers=1
wait_polling_mode=nocount
smem_base_offset=0
interference_mode=none
interference_ops_per_iter=0
interference_warps=4
elapsed_cycles=3678628
poll_count=0
max_abs_error=0.832031250
guard_ok=1
interference_sink=0.000000000

$ /xplorer/shijy/CUDA_optimazation/microbench/mma_config/07_config_matrix/build/tcgen05_07_config_matrix_bench --dtype bf16 --shape m128n64k16 --layout none --q 32 --iterations 128 --collector-protocol discard --collector-reuse 0 --ws 0 --ws-buffer-count 1 --operand-address-mode pingpong --input-d 0 --tmem-columns 128 --d-base-column 0 --d-tile-base-delta 64 --independent-d-count 2 --d-reuse-distance 2 --commit-interval 32 --pending-mbarriers 1 --wait-mode nocount --smem-base-offset 0 --interference-mode none --interference-ops-per-iter 0 --interference-warps 4 --active-blocks 0
status=ok
experiment=07_config_matrix
gpu=NVIDIA Thor
compute_capability=11.0
sm_count=20
active_blocks=20
dtype=bf16
shape=m128n64k16
m=128
n=64
k=16
layout=none
q=32
iterations=128
collector_protocol=discard
collector_reuse=0
ws_mode=0
ws_buffer_count=1
operand_address_mode=pingpong
input_d=0
tmem_columns=128
d_base_column=0
d_tile_base_delta=64
independent_d_count=2
d_reuse_distance=2
commit_interval=32
pending_mbarriers=1
wait_polling_mode=nocount
smem_base_offset=0
interference_mode=none
interference_ops_per_iter=0
interference_warps=4
elapsed_cycles=3678960
poll_count=0
max_abs_error=0.832031250
guard_ok=1
interference_sink=0.000000000

$ /xplorer/shijy/CUDA_optimazation/microbench/mma_config/07_config_matrix/build/tcgen05_07_config_matrix_bench --dtype bf16 --shape m128n64k16 --layout none --q 32 --iterations 128 --collector-protocol discard --collector-reuse 0 --ws 0 --ws-buffer-count 1 --operand-address-mode pingpong --input-d 0 --tmem-columns 128 --d-base-column 0 --d-tile-base-delta 64 --independent-d-count 2 --d-reuse-distance 2 --commit-interval 32 --pending-mbarriers 1 --wait-mode nocount --smem-base-offset 0 --interference-mode none --interference-ops-per-iter 0 --interference-warps 4 --active-blocks 0
status=ok
experiment=07_config_matrix
gpu=NVIDIA Thor
compute_capability=11.0
sm_count=20
active_blocks=20
dtype=bf16
shape=m128n64k16
m=128
n=64
k=16
layout=none
q=32
iterations=128
collector_protocol=discard
collector_reuse=0
ws_mode=0
ws_buffer_count=1
operand_address_mode=pingpong
input_d=0
tmem_columns=128
d_base_column=0
d_tile_base_delta=64
independent_d_count=2
d_reuse_distance=2
commit_interval=32
pending_mbarriers=1
wait_polling_mode=nocount
smem_base_offset=0
interference_mode=none
interference_ops_per_iter=0
interference_warps=4
elapsed_cycles=3678953
poll_count=0
max_abs_error=0.832031250
guard_ok=1
interference_sink=0.000000000

$ /xplorer/shijy/CUDA_optimazation/microbench/mma_config/07_config_matrix/build/tcgen05_07_config_matrix_bench --dtype bf16 --shape m128n64k16 --layout none --q 32 --iterations 128 --collector-protocol discard --collector-reuse 0 --ws 0 --ws-buffer-count 1 --operand-address-mode pingpong --input-d 0 --tmem-columns 128 --d-base-column 0 --d-tile-base-delta 64 --independent-d-count 2 --d-reuse-distance 2 --commit-interval 32 --pending-mbarriers 1 --wait-mode nocount --smem-base-offset 0 --interference-mode none --interference-ops-per-iter 0 --interference-warps 4 --active-blocks 0
status=ok
experiment=07_config_matrix
gpu=NVIDIA Thor
compute_capability=11.0
sm_count=20
active_blocks=20
dtype=bf16
shape=m128n64k16
m=128
n=64
k=16
layout=none
q=32
iterations=128
collector_protocol=discard
collector_reuse=0
ws_mode=0
ws_buffer_count=1
operand_address_mode=pingpong
input_d=0
tmem_columns=128
d_base_column=0
d_tile_base_delta=64
independent_d_count=2
d_reuse_distance=2
commit_interval=32
pending_mbarriers=1
wait_polling_mode=nocount
smem_base_offset=0
interference_mode=none
interference_ops_per_iter=0
interference_warps=4
elapsed_cycles=3678955
poll_count=0
max_abs_error=0.832031250
guard_ok=1
interference_sink=0.000000000

$ /xplorer/shijy/CUDA_optimazation/microbench/mma_config/07_config_matrix/build/tcgen05_07_config_matrix_bench --dtype bf16 --shape m128n64k16 --layout none --q 32 --iterations 128 --collector-protocol discard --collector-reuse 0 --ws 0 --ws-buffer-count 1 --operand-address-mode pingpong --input-d 0 --tmem-columns 128 --d-base-column 0 --d-tile-base-delta 64 --independent-d-count 2 --d-reuse-distance 2 --commit-interval 32 --pending-mbarriers 1 --wait-mode nocount --smem-base-offset 0 --interference-mode none --interference-ops-per-iter 0 --interference-warps 4 --active-blocks 0
status=ok
experiment=07_config_matrix
gpu=NVIDIA Thor
compute_capability=11.0
sm_count=20
active_blocks=20
dtype=bf16
shape=m128n64k16
m=128
n=64
k=16
layout=none
q=32
iterations=128
collector_protocol=discard
collector_reuse=0
ws_mode=0
ws_buffer_count=1
operand_address_mode=pingpong
input_d=0
tmem_columns=128
d_base_column=0
d_tile_base_delta=64
independent_d_count=2
d_reuse_distance=2
commit_interval=32
pending_mbarriers=1
wait_polling_mode=nocount
smem_base_offset=0
interference_mode=none
interference_ops_per_iter=0
interference_warps=4
elapsed_cycles=3678956
poll_count=0
max_abs_error=0.832031250
guard_ok=1
interference_sink=0.000000000

$ /xplorer/shijy/CUDA_optimazation/microbench/mma_config/07_config_matrix/build/tcgen05_07_config_matrix_bench --dtype bf16 --shape m128n64k16 --layout none --q 32 --iterations 128 --collector-protocol discard --collector-reuse 0 --ws 0 --ws-buffer-count 1 --operand-address-mode pingpong --input-d 0 --tmem-columns 128 --d-base-column 0 --d-tile-base-delta 64 --independent-d-count 2 --d-reuse-distance 2 --commit-interval 32 --pending-mbarriers 1 --wait-mode nocount --smem-base-offset 0 --interference-mode none --interference-ops-per-iter 0 --interference-warps 4 --active-blocks 0
status=ok
experiment=07_config_matrix
gpu=NVIDIA Thor
compute_capability=11.0
sm_count=20
active_blocks=20
dtype=bf16
shape=m128n64k16
m=128
n=64
k=16
layout=none
q=32
iterations=128
collector_protocol=discard
collector_reuse=0
ws_mode=0
ws_buffer_count=1
operand_address_mode=pingpong
input_d=0
tmem_columns=128
d_base_column=0
d_tile_base_delta=64
independent_d_count=2
d_reuse_distance=2
commit_interval=32
pending_mbarriers=1
wait_polling_mode=nocount
smem_base_offset=0
interference_mode=none
interference_ops_per_iter=0
interference_warps=4
elapsed_cycles=3678958
poll_count=0
max_abs_error=0.832031250
guard_ok=1
interference_sink=0.000000000

$ /xplorer/shijy/CUDA_optimazation/microbench/mma_config/07_config_matrix/build/tcgen05_07_config_matrix_bench --dtype bf16 --shape m128n64k16 --layout none --q 32 --iterations 128 --collector-protocol fill_use_lastuse --collector-reuse 3 --ws 0 --ws-buffer-count 1 --operand-address-mode pingpong --input-d 0 --tmem-columns 256 --d-base-column 0 --d-tile-base-delta 64 --independent-d-count 4 --d-reuse-distance 4 --commit-interval 32 --pending-mbarriers 1 --wait-mode nocount --smem-base-offset 0 --interference-mode none --interference-ops-per-iter 0 --interference-warps 4 --active-blocks 0
status=ok
experiment=07_config_matrix
gpu=NVIDIA Thor
compute_capability=11.0
sm_count=20
active_blocks=20
dtype=bf16
shape=m128n64k16
m=128
n=64
k=16
layout=none
q=32
iterations=128
collector_protocol=fill_use_lastuse
collector_reuse=3
ws_mode=0
ws_buffer_count=1
operand_address_mode=pingpong
input_d=0
tmem_columns=256
d_base_column=0
d_tile_base_delta=64
independent_d_count=4
d_reuse_distance=4
commit_interval=32
pending_mbarriers=1
wait_polling_mode=nocount
smem_base_offset=0
interference_mode=none
interference_ops_per_iter=0
interference_warps=4
elapsed_cycles=3779294
poll_count=0
max_abs_error=0.832031250
guard_ok=1
interference_sink=0.000000000

$ /xplorer/shijy/CUDA_optimazation/microbench/mma_config/07_config_matrix/build/tcgen05_07_config_matrix_bench --dtype bf16 --shape m128n64k16 --layout none --q 32 --iterations 128 --collector-protocol fill_use_lastuse --collector-reuse 3 --ws 0 --ws-buffer-count 1 --operand-address-mode pingpong --input-d 0 --tmem-columns 256 --d-base-column 0 --d-tile-base-delta 64 --independent-d-count 4 --d-reuse-distance 4 --commit-interval 32 --pending-mbarriers 1 --wait-mode nocount --smem-base-offset 0 --interference-mode none --interference-ops-per-iter 0 --interference-warps 4 --active-blocks 0
status=ok
experiment=07_config_matrix
gpu=NVIDIA Thor
compute_capability=11.0
sm_count=20
active_blocks=20
dtype=bf16
shape=m128n64k16
m=128
n=64
k=16
layout=none
q=32
iterations=128
collector_protocol=fill_use_lastuse
collector_reuse=3
ws_mode=0
ws_buffer_count=1
operand_address_mode=pingpong
input_d=0
tmem_columns=256
d_base_column=0
d_tile_base_delta=64
independent_d_count=4
d_reuse_distance=4
commit_interval=32
pending_mbarriers=1
wait_polling_mode=nocount
smem_base_offset=0
interference_mode=none
interference_ops_per_iter=0
interference_warps=4
elapsed_cycles=3779300
poll_count=0
max_abs_error=0.832031250
guard_ok=1
interference_sink=0.000000000

$ /xplorer/shijy/CUDA_optimazation/microbench/mma_config/07_config_matrix/build/tcgen05_07_config_matrix_bench --dtype bf16 --shape m128n64k16 --layout none --q 32 --iterations 128 --collector-protocol fill_use_lastuse --collector-reuse 3 --ws 0 --ws-buffer-count 1 --operand-address-mode pingpong --input-d 0 --tmem-columns 256 --d-base-column 0 --d-tile-base-delta 64 --independent-d-count 4 --d-reuse-distance 4 --commit-interval 32 --pending-mbarriers 1 --wait-mode nocount --smem-base-offset 0 --interference-mode none --interference-ops-per-iter 0 --interference-warps 4 --active-blocks 0
status=ok
experiment=07_config_matrix
gpu=NVIDIA Thor
compute_capability=11.0
sm_count=20
active_blocks=20
dtype=bf16
shape=m128n64k16
m=128
n=64
k=16
layout=none
q=32
iterations=128
collector_protocol=fill_use_lastuse
collector_reuse=3
ws_mode=0
ws_buffer_count=1
operand_address_mode=pingpong
input_d=0
tmem_columns=256
d_base_column=0
d_tile_base_delta=64
independent_d_count=4
d_reuse_distance=4
commit_interval=32
pending_mbarriers=1
wait_polling_mode=nocount
smem_base_offset=0
interference_mode=none
interference_ops_per_iter=0
interference_warps=4
elapsed_cycles=3779298
poll_count=0
max_abs_error=0.832031250
guard_ok=1
interference_sink=0.000000000

$ /xplorer/shijy/CUDA_optimazation/microbench/mma_config/07_config_matrix/build/tcgen05_07_config_matrix_bench --dtype bf16 --shape m128n64k16 --layout none --q 32 --iterations 128 --collector-protocol fill_use_lastuse --collector-reuse 3 --ws 0 --ws-buffer-count 1 --operand-address-mode pingpong --input-d 0 --tmem-columns 256 --d-base-column 0 --d-tile-base-delta 64 --independent-d-count 4 --d-reuse-distance 4 --commit-interval 32 --pending-mbarriers 1 --wait-mode nocount --smem-base-offset 0 --interference-mode none --interference-ops-per-iter 0 --interference-warps 4 --active-blocks 0
status=ok
experiment=07_config_matrix
gpu=NVIDIA Thor
compute_capability=11.0
sm_count=20
active_blocks=20
dtype=bf16
shape=m128n64k16
m=128
n=64
k=16
layout=none
q=32
iterations=128
collector_protocol=fill_use_lastuse
collector_reuse=3
ws_mode=0
ws_buffer_count=1
operand_address_mode=pingpong
input_d=0
tmem_columns=256
d_base_column=0
d_tile_base_delta=64
independent_d_count=4
d_reuse_distance=4
commit_interval=32
pending_mbarriers=1
wait_polling_mode=nocount
smem_base_offset=0
interference_mode=none
interference_ops_per_iter=0
interference_warps=4
elapsed_cycles=3779300
poll_count=0
max_abs_error=0.832031250
guard_ok=1
interference_sink=0.000000000

$ /xplorer/shijy/CUDA_optimazation/microbench/mma_config/07_config_matrix/build/tcgen05_07_config_matrix_bench --dtype bf16 --shape m128n64k16 --layout none --q 32 --iterations 128 --collector-protocol fill_use_lastuse --collector-reuse 3 --ws 0 --ws-buffer-count 1 --operand-address-mode pingpong --input-d 0 --tmem-columns 256 --d-base-column 0 --d-tile-base-delta 64 --independent-d-count 4 --d-reuse-distance 4 --commit-interval 32 --pending-mbarriers 1 --wait-mode nocount --smem-base-offset 0 --interference-mode none --interference-ops-per-iter 0 --interference-warps 4 --active-blocks 0
status=ok
experiment=07_config_matrix
gpu=NVIDIA Thor
compute_capability=11.0
sm_count=20
active_blocks=20
dtype=bf16
shape=m128n64k16
m=128
n=64
k=16
layout=none
q=32
iterations=128
collector_protocol=fill_use_lastuse
collector_reuse=3
ws_mode=0
ws_buffer_count=1
operand_address_mode=pingpong
input_d=0
tmem_columns=256
d_base_column=0
d_tile_base_delta=64
independent_d_count=4
d_reuse_distance=4
commit_interval=32
pending_mbarriers=1
wait_polling_mode=nocount
smem_base_offset=0
interference_mode=none
interference_ops_per_iter=0
interference_warps=4
elapsed_cycles=3779301
poll_count=0
max_abs_error=0.832031250
guard_ok=1
interference_sink=0.000000000

$ /xplorer/shijy/CUDA_optimazation/microbench/mma_config/07_config_matrix/build/tcgen05_07_config_matrix_bench --dtype bf16 --shape m128n128k16 --layout none --q 32 --iterations 128 --collector-protocol fill_use_lastuse --collector-reuse 3 --ws 0 --ws-buffer-count 1 --operand-address-mode pingpong --input-d 0 --tmem-columns 128 --d-base-column 0 --d-tile-base-delta 128 --independent-d-count 1 --d-reuse-distance 1 --commit-interval 32 --pending-mbarriers 1 --wait-mode nocount --smem-base-offset 0 --interference-mode none --interference-ops-per-iter 0 --interference-warps 4 --active-blocks 0
status=ok
experiment=07_config_matrix
gpu=NVIDIA Thor
compute_capability=11.0
sm_count=20
active_blocks=20
dtype=bf16
shape=m128n128k16
m=128
n=128
k=16
layout=none
q=32
iterations=128
collector_protocol=fill_use_lastuse
collector_reuse=3
ws_mode=0
ws_buffer_count=1
operand_address_mode=pingpong
input_d=0
tmem_columns=128
d_base_column=0
d_tile_base_delta=128
independent_d_count=1
d_reuse_distance=1
commit_interval=32
pending_mbarriers=1
wait_polling_mode=nocount
smem_base_offset=0
interference_mode=none
interference_ops_per_iter=0
interference_warps=4
elapsed_cycles=3281362
poll_count=0
max_abs_error=0.791015625
guard_ok=1
interference_sink=0.000000000

$ /xplorer/shijy/CUDA_optimazation/microbench/mma_config/07_config_matrix/build/tcgen05_07_config_matrix_bench --dtype bf16 --shape m128n128k16 --layout none --q 32 --iterations 128 --collector-protocol fill_use_lastuse --collector-reuse 3 --ws 0 --ws-buffer-count 1 --operand-address-mode pingpong --input-d 0 --tmem-columns 128 --d-base-column 0 --d-tile-base-delta 128 --independent-d-count 1 --d-reuse-distance 1 --commit-interval 32 --pending-mbarriers 1 --wait-mode nocount --smem-base-offset 0 --interference-mode none --interference-ops-per-iter 0 --interference-warps 4 --active-blocks 0
status=ok
experiment=07_config_matrix
gpu=NVIDIA Thor
compute_capability=11.0
sm_count=20
active_blocks=20
dtype=bf16
shape=m128n128k16
m=128
n=128
k=16
layout=none
q=32
iterations=128
collector_protocol=fill_use_lastuse
collector_reuse=3
ws_mode=0
ws_buffer_count=1
operand_address_mode=pingpong
input_d=0
tmem_columns=128
d_base_column=0
d_tile_base_delta=128
independent_d_count=1
d_reuse_distance=1
commit_interval=32
pending_mbarriers=1
wait_polling_mode=nocount
smem_base_offset=0
interference_mode=none
interference_ops_per_iter=0
interference_warps=4
elapsed_cycles=3281364
poll_count=0
max_abs_error=0.791015625
guard_ok=1
interference_sink=0.000000000

$ /xplorer/shijy/CUDA_optimazation/microbench/mma_config/07_config_matrix/build/tcgen05_07_config_matrix_bench --dtype bf16 --shape m128n128k16 --layout none --q 32 --iterations 128 --collector-protocol fill_use_lastuse --collector-reuse 3 --ws 0 --ws-buffer-count 1 --operand-address-mode pingpong --input-d 0 --tmem-columns 128 --d-base-column 0 --d-tile-base-delta 128 --independent-d-count 1 --d-reuse-distance 1 --commit-interval 32 --pending-mbarriers 1 --wait-mode nocount --smem-base-offset 0 --interference-mode none --interference-ops-per-iter 0 --interference-warps 4 --active-blocks 0
status=ok
experiment=07_config_matrix
gpu=NVIDIA Thor
compute_capability=11.0
sm_count=20
active_blocks=20
dtype=bf16
shape=m128n128k16
m=128
n=128
k=16
layout=none
q=32
iterations=128
collector_protocol=fill_use_lastuse
collector_reuse=3
ws_mode=0
ws_buffer_count=1
operand_address_mode=pingpong
input_d=0
tmem_columns=128
d_base_column=0
d_tile_base_delta=128
independent_d_count=1
d_reuse_distance=1
commit_interval=32
pending_mbarriers=1
wait_polling_mode=nocount
smem_base_offset=0
interference_mode=none
interference_ops_per_iter=0
interference_warps=4
elapsed_cycles=3282394
poll_count=0
max_abs_error=0.791015625
guard_ok=1
interference_sink=0.000000000

$ /xplorer/shijy/CUDA_optimazation/microbench/mma_config/07_config_matrix/build/tcgen05_07_config_matrix_bench --dtype bf16 --shape m128n128k16 --layout none --q 32 --iterations 128 --collector-protocol fill_use_lastuse --collector-reuse 3 --ws 0 --ws-buffer-count 1 --operand-address-mode pingpong --input-d 0 --tmem-columns 128 --d-base-column 0 --d-tile-base-delta 128 --independent-d-count 1 --d-reuse-distance 1 --commit-interval 32 --pending-mbarriers 1 --wait-mode nocount --smem-base-offset 0 --interference-mode none --interference-ops-per-iter 0 --interference-warps 4 --active-blocks 0
status=ok
experiment=07_config_matrix
gpu=NVIDIA Thor
compute_capability=11.0
sm_count=20
active_blocks=20
dtype=bf16
shape=m128n128k16
m=128
n=128
k=16
layout=none
q=32
iterations=128
collector_protocol=fill_use_lastuse
collector_reuse=3
ws_mode=0
ws_buffer_count=1
operand_address_mode=pingpong
input_d=0
tmem_columns=128
d_base_column=0
d_tile_base_delta=128
independent_d_count=1
d_reuse_distance=1
commit_interval=32
pending_mbarriers=1
wait_polling_mode=nocount
smem_base_offset=0
interference_mode=none
interference_ops_per_iter=0
interference_warps=4
elapsed_cycles=3282377
poll_count=0
max_abs_error=0.791015625
guard_ok=1
interference_sink=0.000000000

$ /xplorer/shijy/CUDA_optimazation/microbench/mma_config/07_config_matrix/build/tcgen05_07_config_matrix_bench --dtype bf16 --shape m128n128k16 --layout none --q 32 --iterations 128 --collector-protocol fill_use_lastuse --collector-reuse 3 --ws 0 --ws-buffer-count 1 --operand-address-mode pingpong --input-d 0 --tmem-columns 128 --d-base-column 0 --d-tile-base-delta 128 --independent-d-count 1 --d-reuse-distance 1 --commit-interval 32 --pending-mbarriers 1 --wait-mode nocount --smem-base-offset 0 --interference-mode none --interference-ops-per-iter 0 --interference-warps 4 --active-blocks 0
status=ok
experiment=07_config_matrix
gpu=NVIDIA Thor
compute_capability=11.0
sm_count=20
active_blocks=20
dtype=bf16
shape=m128n128k16
m=128
n=128
k=16
layout=none
q=32
iterations=128
collector_protocol=fill_use_lastuse
collector_reuse=3
ws_mode=0
ws_buffer_count=1
operand_address_mode=pingpong
input_d=0
tmem_columns=128
d_base_column=0
d_tile_base_delta=128
independent_d_count=1
d_reuse_distance=1
commit_interval=32
pending_mbarriers=1
wait_polling_mode=nocount
smem_base_offset=0
interference_mode=none
interference_ops_per_iter=0
interference_warps=4
elapsed_cycles=3281362
poll_count=0
max_abs_error=0.791015625
guard_ok=1
interference_sink=0.000000000

$ /xplorer/shijy/CUDA_optimazation/microbench/mma_config/07_config_matrix/build/tcgen05_07_config_matrix_bench --dtype bf16 --shape m128n256k16 --layout none --q 32 --iterations 128 --collector-protocol discard --collector-reuse 0 --ws 0 --ws-buffer-count 1 --operand-address-mode same --input-d 0 --tmem-columns 256 --d-base-column 0 --d-tile-base-delta 256 --independent-d-count 1 --d-reuse-distance 1 --commit-interval 32 --pending-mbarriers 1 --wait-mode nocount --smem-base-offset 0 --interference-mode none --interference-ops-per-iter 0 --interference-warps 4 --active-blocks 0
status=ok
experiment=07_config_matrix
gpu=NVIDIA Thor
compute_capability=11.0
sm_count=20
active_blocks=20
dtype=bf16
shape=m128n256k16
m=128
n=256
k=16
layout=none
q=32
iterations=128
collector_protocol=discard
collector_reuse=0
ws_mode=0
ws_buffer_count=1
operand_address_mode=same
input_d=0
tmem_columns=256
d_base_column=0
d_tile_base_delta=256
independent_d_count=1
d_reuse_distance=1
commit_interval=32
pending_mbarriers=1
wait_polling_mode=nocount
smem_base_offset=0
interference_mode=none
interference_ops_per_iter=0
interference_warps=4
elapsed_cycles=3181543
poll_count=0
max_abs_error=0.832031250
guard_ok=1
interference_sink=0.000000000

$ /xplorer/shijy/CUDA_optimazation/microbench/mma_config/07_config_matrix/build/tcgen05_07_config_matrix_bench --dtype bf16 --shape m128n256k16 --layout none --q 32 --iterations 128 --collector-protocol discard --collector-reuse 0 --ws 0 --ws-buffer-count 1 --operand-address-mode same --input-d 0 --tmem-columns 256 --d-base-column 0 --d-tile-base-delta 256 --independent-d-count 1 --d-reuse-distance 1 --commit-interval 32 --pending-mbarriers 1 --wait-mode nocount --smem-base-offset 0 --interference-mode none --interference-ops-per-iter 0 --interference-warps 4 --active-blocks 0
status=ok
experiment=07_config_matrix
gpu=NVIDIA Thor
compute_capability=11.0
sm_count=20
active_blocks=20
dtype=bf16
shape=m128n256k16
m=128
n=256
k=16
layout=none
q=32
iterations=128
collector_protocol=discard
collector_reuse=0
ws_mode=0
ws_buffer_count=1
operand_address_mode=same
input_d=0
tmem_columns=256
d_base_column=0
d_tile_base_delta=256
independent_d_count=1
d_reuse_distance=1
commit_interval=32
pending_mbarriers=1
wait_polling_mode=nocount
smem_base_offset=0
interference_mode=none
interference_ops_per_iter=0
interference_warps=4
elapsed_cycles=3181788
poll_count=0
max_abs_error=0.832031250
guard_ok=1
interference_sink=0.000000000

$ /xplorer/shijy/CUDA_optimazation/microbench/mma_config/07_config_matrix/build/tcgen05_07_config_matrix_bench --dtype bf16 --shape m128n256k16 --layout none --q 32 --iterations 128 --collector-protocol discard --collector-reuse 0 --ws 0 --ws-buffer-count 1 --operand-address-mode same --input-d 0 --tmem-columns 256 --d-base-column 0 --d-tile-base-delta 256 --independent-d-count 1 --d-reuse-distance 1 --commit-interval 32 --pending-mbarriers 1 --wait-mode nocount --smem-base-offset 0 --interference-mode none --interference-ops-per-iter 0 --interference-warps 4 --active-blocks 0
status=ok
experiment=07_config_matrix
gpu=NVIDIA Thor
compute_capability=11.0
sm_count=20
active_blocks=20
dtype=bf16
shape=m128n256k16
m=128
n=256
k=16
layout=none
q=32
iterations=128
collector_protocol=discard
collector_reuse=0
ws_mode=0
ws_buffer_count=1
operand_address_mode=same
input_d=0
tmem_columns=256
d_base_column=0
d_tile_base_delta=256
independent_d_count=1
d_reuse_distance=1
commit_interval=32
pending_mbarriers=1
wait_polling_mode=nocount
smem_base_offset=0
interference_mode=none
interference_ops_per_iter=0
interference_warps=4
elapsed_cycles=3181545
poll_count=0
max_abs_error=0.832031250
guard_ok=1
interference_sink=0.000000000

$ /xplorer/shijy/CUDA_optimazation/microbench/mma_config/07_config_matrix/build/tcgen05_07_config_matrix_bench --dtype bf16 --shape m128n256k16 --layout none --q 32 --iterations 128 --collector-protocol discard --collector-reuse 0 --ws 0 --ws-buffer-count 1 --operand-address-mode same --input-d 0 --tmem-columns 256 --d-base-column 0 --d-tile-base-delta 256 --independent-d-count 1 --d-reuse-distance 1 --commit-interval 32 --pending-mbarriers 1 --wait-mode nocount --smem-base-offset 0 --interference-mode none --interference-ops-per-iter 0 --interference-warps 4 --active-blocks 0
status=ok
experiment=07_config_matrix
gpu=NVIDIA Thor
compute_capability=11.0
sm_count=20
active_blocks=20
dtype=bf16
shape=m128n256k16
m=128
n=256
k=16
layout=none
q=32
iterations=128
collector_protocol=discard
collector_reuse=0
ws_mode=0
ws_buffer_count=1
operand_address_mode=same
input_d=0
tmem_columns=256
d_base_column=0
d_tile_base_delta=256
independent_d_count=1
d_reuse_distance=1
commit_interval=32
pending_mbarriers=1
wait_polling_mode=nocount
smem_base_offset=0
interference_mode=none
interference_ops_per_iter=0
interference_warps=4
elapsed_cycles=3181553
poll_count=0
max_abs_error=0.832031250
guard_ok=1
interference_sink=0.000000000

$ /xplorer/shijy/CUDA_optimazation/microbench/mma_config/07_config_matrix/build/tcgen05_07_config_matrix_bench --dtype bf16 --shape m128n256k16 --layout none --q 32 --iterations 128 --collector-protocol discard --collector-reuse 0 --ws 0 --ws-buffer-count 1 --operand-address-mode same --input-d 0 --tmem-columns 256 --d-base-column 0 --d-tile-base-delta 256 --independent-d-count 1 --d-reuse-distance 1 --commit-interval 32 --pending-mbarriers 1 --wait-mode nocount --smem-base-offset 0 --interference-mode none --interference-ops-per-iter 0 --interference-warps 4 --active-blocks 0
status=ok
experiment=07_config_matrix
gpu=NVIDIA Thor
compute_capability=11.0
sm_count=20
active_blocks=20
dtype=bf16
shape=m128n256k16
m=128
n=256
k=16
layout=none
q=32
iterations=128
collector_protocol=discard
collector_reuse=0
ws_mode=0
ws_buffer_count=1
operand_address_mode=same
input_d=0
tmem_columns=256
d_base_column=0
d_tile_base_delta=256
independent_d_count=1
d_reuse_distance=1
commit_interval=32
pending_mbarriers=1
wait_polling_mode=nocount
smem_base_offset=0
interference_mode=none
interference_ops_per_iter=0
interference_warps=4
elapsed_cycles=3181547
poll_count=0
max_abs_error=0.832031250
guard_ok=1
interference_sink=0.000000000

$ /xplorer/shijy/CUDA_optimazation/microbench/mma_config/07_config_matrix/build/tcgen05_07_config_matrix_bench --dtype fp16 --shape m128n64k16 --layout none --q 32 --iterations 128 --collector-protocol fill_use_lastuse --collector-reuse 3 --ws 0 --ws-buffer-count 1 --operand-address-mode same --input-d 0 --tmem-columns 512 --d-base-column 0 --d-tile-base-delta 64 --independent-d-count 8 --d-reuse-distance 8 --commit-interval 32 --pending-mbarriers 1 --wait-mode nocount --smem-base-offset 0 --interference-mode none --interference-ops-per-iter 0 --interference-warps 4 --active-blocks 0
status=ok
experiment=07_config_matrix
gpu=NVIDIA Thor
compute_capability=11.0
sm_count=20
active_blocks=20
dtype=fp16
shape=m128n64k16
m=128
n=64
k=16
layout=none
q=32
iterations=128
collector_protocol=fill_use_lastuse
collector_reuse=3
ws_mode=0
ws_buffer_count=1
operand_address_mode=same
input_d=0
tmem_columns=512
d_base_column=0
d_tile_base_delta=64
independent_d_count=8
d_reuse_distance=8
commit_interval=32
pending_mbarriers=1
wait_polling_mode=nocount
smem_base_offset=0
interference_mode=none
interference_ops_per_iter=0
interference_warps=4
elapsed_cycles=3779300
poll_count=0
max_abs_error=0.832031250
guard_ok=1
interference_sink=0.000000000

$ /xplorer/shijy/CUDA_optimazation/microbench/mma_config/07_config_matrix/build/tcgen05_07_config_matrix_bench --dtype fp16 --shape m128n64k16 --layout none --q 32 --iterations 128 --collector-protocol fill_use_lastuse --collector-reuse 3 --ws 0 --ws-buffer-count 1 --operand-address-mode same --input-d 0 --tmem-columns 512 --d-base-column 0 --d-tile-base-delta 64 --independent-d-count 8 --d-reuse-distance 8 --commit-interval 32 --pending-mbarriers 1 --wait-mode nocount --smem-base-offset 0 --interference-mode none --interference-ops-per-iter 0 --interference-warps 4 --active-blocks 0
status=ok
experiment=07_config_matrix
gpu=NVIDIA Thor
compute_capability=11.0
sm_count=20
active_blocks=20
dtype=fp16
shape=m128n64k16
m=128
n=64
k=16
layout=none
q=32
iterations=128
collector_protocol=fill_use_lastuse
collector_reuse=3
ws_mode=0
ws_buffer_count=1
operand_address_mode=same
input_d=0
tmem_columns=512
d_base_column=0
d_tile_base_delta=64
independent_d_count=8
d_reuse_distance=8
commit_interval=32
pending_mbarriers=1
wait_polling_mode=nocount
smem_base_offset=0
interference_mode=none
interference_ops_per_iter=0
interference_warps=4
elapsed_cycles=3779303
poll_count=0
max_abs_error=0.832031250
guard_ok=1
interference_sink=0.000000000

$ /xplorer/shijy/CUDA_optimazation/microbench/mma_config/07_config_matrix/build/tcgen05_07_config_matrix_bench --dtype fp16 --shape m128n64k16 --layout none --q 32 --iterations 128 --collector-protocol fill_use_lastuse --collector-reuse 3 --ws 0 --ws-buffer-count 1 --operand-address-mode same --input-d 0 --tmem-columns 512 --d-base-column 0 --d-tile-base-delta 64 --independent-d-count 8 --d-reuse-distance 8 --commit-interval 32 --pending-mbarriers 1 --wait-mode nocount --smem-base-offset 0 --interference-mode none --interference-ops-per-iter 0 --interference-warps 4 --active-blocks 0
status=ok
experiment=07_config_matrix
gpu=NVIDIA Thor
compute_capability=11.0
sm_count=20
active_blocks=20
dtype=fp16
shape=m128n64k16
m=128
n=64
k=16
layout=none
q=32
iterations=128
collector_protocol=fill_use_lastuse
collector_reuse=3
ws_mode=0
ws_buffer_count=1
operand_address_mode=same
input_d=0
tmem_columns=512
d_base_column=0
d_tile_base_delta=64
independent_d_count=8
d_reuse_distance=8
commit_interval=32
pending_mbarriers=1
wait_polling_mode=nocount
smem_base_offset=0
interference_mode=none
interference_ops_per_iter=0
interference_warps=4
elapsed_cycles=3779294
poll_count=0
max_abs_error=0.832031250
guard_ok=1
interference_sink=0.000000000

$ /xplorer/shijy/CUDA_optimazation/microbench/mma_config/07_config_matrix/build/tcgen05_07_config_matrix_bench --dtype fp16 --shape m128n64k16 --layout none --q 32 --iterations 128 --collector-protocol fill_use_lastuse --collector-reuse 3 --ws 0 --ws-buffer-count 1 --operand-address-mode same --input-d 0 --tmem-columns 512 --d-base-column 0 --d-tile-base-delta 64 --independent-d-count 8 --d-reuse-distance 8 --commit-interval 32 --pending-mbarriers 1 --wait-mode nocount --smem-base-offset 0 --interference-mode none --interference-ops-per-iter 0 --interference-warps 4 --active-blocks 0
status=ok
experiment=07_config_matrix
gpu=NVIDIA Thor
compute_capability=11.0
sm_count=20
active_blocks=20
dtype=fp16
shape=m128n64k16
m=128
n=64
k=16
layout=none
q=32
iterations=128
collector_protocol=fill_use_lastuse
collector_reuse=3
ws_mode=0
ws_buffer_count=1
operand_address_mode=same
input_d=0
tmem_columns=512
d_base_column=0
d_tile_base_delta=64
independent_d_count=8
d_reuse_distance=8
commit_interval=32
pending_mbarriers=1
wait_polling_mode=nocount
smem_base_offset=0
interference_mode=none
interference_ops_per_iter=0
interference_warps=4
elapsed_cycles=3779295
poll_count=0
max_abs_error=0.832031250
guard_ok=1
interference_sink=0.000000000

$ /xplorer/shijy/CUDA_optimazation/microbench/mma_config/07_config_matrix/build/tcgen05_07_config_matrix_bench --dtype fp16 --shape m128n64k16 --layout none --q 32 --iterations 128 --collector-protocol fill_use_lastuse --collector-reuse 3 --ws 0 --ws-buffer-count 1 --operand-address-mode same --input-d 0 --tmem-columns 512 --d-base-column 0 --d-tile-base-delta 64 --independent-d-count 8 --d-reuse-distance 8 --commit-interval 32 --pending-mbarriers 1 --wait-mode nocount --smem-base-offset 0 --interference-mode none --interference-ops-per-iter 0 --interference-warps 4 --active-blocks 0
status=ok
experiment=07_config_matrix
gpu=NVIDIA Thor
compute_capability=11.0
sm_count=20
active_blocks=20
dtype=fp16
shape=m128n64k16
m=128
n=64
k=16
layout=none
q=32
iterations=128
collector_protocol=fill_use_lastuse
collector_reuse=3
ws_mode=0
ws_buffer_count=1
operand_address_mode=same
input_d=0
tmem_columns=512
d_base_column=0
d_tile_base_delta=64
independent_d_count=8
d_reuse_distance=8
commit_interval=32
pending_mbarriers=1
wait_polling_mode=nocount
smem_base_offset=0
interference_mode=none
interference_ops_per_iter=0
interference_warps=4
elapsed_cycles=3779293
poll_count=0
max_abs_error=0.832031250
guard_ok=1
interference_sink=0.000000000

$ /xplorer/shijy/CUDA_optimazation/microbench/mma_config/07_config_matrix/build/tcgen05_07_config_matrix_bench --dtype bf16 --shape m128n64k16 --layout none --q 32 --iterations 128 --collector-protocol discard --collector-reuse 0 --ws 0 --ws-buffer-count 1 --operand-address-mode same --input-d 0 --tmem-columns 128 --d-base-column 0 --d-tile-base-delta 64 --independent-d-count 2 --d-reuse-distance 2 --commit-interval 32 --pending-mbarriers 1 --wait-mode nocount --smem-base-offset 0 --interference-mode none --interference-ops-per-iter 0 --interference-warps 4 --active-blocks 0
status=ok
experiment=07_config_matrix
gpu=NVIDIA Thor
compute_capability=11.0
sm_count=20
active_blocks=20
dtype=bf16
shape=m128n64k16
m=128
n=64
k=16
layout=none
q=32
iterations=128
collector_protocol=discard
collector_reuse=0
ws_mode=0
ws_buffer_count=1
operand_address_mode=same
input_d=0
tmem_columns=128
d_base_column=0
d_tile_base_delta=64
independent_d_count=2
d_reuse_distance=2
commit_interval=32
pending_mbarriers=1
wait_polling_mode=nocount
smem_base_offset=0
interference_mode=none
interference_ops_per_iter=0
interference_warps=4
elapsed_cycles=3678955
poll_count=0
max_abs_error=0.832031250
guard_ok=1
interference_sink=0.000000000

$ /xplorer/shijy/CUDA_optimazation/microbench/mma_config/07_config_matrix/build/tcgen05_07_config_matrix_bench --dtype bf16 --shape m128n64k16 --layout none --q 32 --iterations 128 --collector-protocol discard --collector-reuse 0 --ws 0 --ws-buffer-count 1 --operand-address-mode same --input-d 0 --tmem-columns 128 --d-base-column 0 --d-tile-base-delta 64 --independent-d-count 2 --d-reuse-distance 2 --commit-interval 32 --pending-mbarriers 1 --wait-mode nocount --smem-base-offset 0 --interference-mode none --interference-ops-per-iter 0 --interference-warps 4 --active-blocks 0
status=ok
experiment=07_config_matrix
gpu=NVIDIA Thor
compute_capability=11.0
sm_count=20
active_blocks=20
dtype=bf16
shape=m128n64k16
m=128
n=64
k=16
layout=none
q=32
iterations=128
collector_protocol=discard
collector_reuse=0
ws_mode=0
ws_buffer_count=1
operand_address_mode=same
input_d=0
tmem_columns=128
d_base_column=0
d_tile_base_delta=64
independent_d_count=2
d_reuse_distance=2
commit_interval=32
pending_mbarriers=1
wait_polling_mode=nocount
smem_base_offset=0
interference_mode=none
interference_ops_per_iter=0
interference_warps=4
elapsed_cycles=3678956
poll_count=0
max_abs_error=0.832031250
guard_ok=1
interference_sink=0.000000000

$ /xplorer/shijy/CUDA_optimazation/microbench/mma_config/07_config_matrix/build/tcgen05_07_config_matrix_bench --dtype bf16 --shape m128n64k16 --layout none --q 32 --iterations 128 --collector-protocol discard --collector-reuse 0 --ws 0 --ws-buffer-count 1 --operand-address-mode same --input-d 0 --tmem-columns 128 --d-base-column 0 --d-tile-base-delta 64 --independent-d-count 2 --d-reuse-distance 2 --commit-interval 32 --pending-mbarriers 1 --wait-mode nocount --smem-base-offset 0 --interference-mode none --interference-ops-per-iter 0 --interference-warps 4 --active-blocks 0
status=ok
experiment=07_config_matrix
gpu=NVIDIA Thor
compute_capability=11.0
sm_count=20
active_blocks=20
dtype=bf16
shape=m128n64k16
m=128
n=64
k=16
layout=none
q=32
iterations=128
collector_protocol=discard
collector_reuse=0
ws_mode=0
ws_buffer_count=1
operand_address_mode=same
input_d=0
tmem_columns=128
d_base_column=0
d_tile_base_delta=64
independent_d_count=2
d_reuse_distance=2
commit_interval=32
pending_mbarriers=1
wait_polling_mode=nocount
smem_base_offset=0
interference_mode=none
interference_ops_per_iter=0
interference_warps=4
elapsed_cycles=3678953
poll_count=0
max_abs_error=0.832031250
guard_ok=1
interference_sink=0.000000000

$ /xplorer/shijy/CUDA_optimazation/microbench/mma_config/07_config_matrix/build/tcgen05_07_config_matrix_bench --dtype bf16 --shape m128n64k16 --layout none --q 32 --iterations 128 --collector-protocol discard --collector-reuse 0 --ws 0 --ws-buffer-count 1 --operand-address-mode same --input-d 0 --tmem-columns 128 --d-base-column 0 --d-tile-base-delta 64 --independent-d-count 2 --d-reuse-distance 2 --commit-interval 32 --pending-mbarriers 1 --wait-mode nocount --smem-base-offset 0 --interference-mode none --interference-ops-per-iter 0 --interference-warps 4 --active-blocks 0
status=ok
experiment=07_config_matrix
gpu=NVIDIA Thor
compute_capability=11.0
sm_count=20
active_blocks=20
dtype=bf16
shape=m128n64k16
m=128
n=64
k=16
layout=none
q=32
iterations=128
collector_protocol=discard
collector_reuse=0
ws_mode=0
ws_buffer_count=1
operand_address_mode=same
input_d=0
tmem_columns=128
d_base_column=0
d_tile_base_delta=64
independent_d_count=2
d_reuse_distance=2
commit_interval=32
pending_mbarriers=1
wait_polling_mode=nocount
smem_base_offset=0
interference_mode=none
interference_ops_per_iter=0
interference_warps=4
elapsed_cycles=3678956
poll_count=0
max_abs_error=0.832031250
guard_ok=1
interference_sink=0.000000000

$ /xplorer/shijy/CUDA_optimazation/microbench/mma_config/07_config_matrix/build/tcgen05_07_config_matrix_bench --dtype bf16 --shape m128n64k16 --layout none --q 32 --iterations 128 --collector-protocol discard --collector-reuse 0 --ws 0 --ws-buffer-count 1 --operand-address-mode same --input-d 0 --tmem-columns 128 --d-base-column 0 --d-tile-base-delta 64 --independent-d-count 2 --d-reuse-distance 2 --commit-interval 32 --pending-mbarriers 1 --wait-mode nocount --smem-base-offset 0 --interference-mode none --interference-ops-per-iter 0 --interference-warps 4 --active-blocks 0
status=ok
experiment=07_config_matrix
gpu=NVIDIA Thor
compute_capability=11.0
sm_count=20
active_blocks=20
dtype=bf16
shape=m128n64k16
m=128
n=64
k=16
layout=none
q=32
iterations=128
collector_protocol=discard
collector_reuse=0
ws_mode=0
ws_buffer_count=1
operand_address_mode=same
input_d=0
tmem_columns=128
d_base_column=0
d_tile_base_delta=64
independent_d_count=2
d_reuse_distance=2
commit_interval=32
pending_mbarriers=1
wait_polling_mode=nocount
smem_base_offset=0
interference_mode=none
interference_ops_per_iter=0
interference_warps=4
elapsed_cycles=3678955
poll_count=0
max_abs_error=0.832031250
guard_ok=1
interference_sink=0.000000000

$ /xplorer/shijy/CUDA_optimazation/microbench/mma_config/07_config_matrix/build/tcgen05_07_config_matrix_bench --dtype fp16 --shape m128n128k16 --layout none --q 32 --iterations 128 --collector-protocol fill_use_lastuse --collector-reuse 3 --ws 0 --ws-buffer-count 1 --operand-address-mode pingpong --input-d 0 --tmem-columns 256 --d-base-column 0 --d-tile-base-delta 128 --independent-d-count 2 --d-reuse-distance 2 --commit-interval 32 --pending-mbarriers 1 --wait-mode nocount --smem-base-offset 0 --interference-mode none --interference-ops-per-iter 0 --interference-warps 4 --active-blocks 0
status=ok
experiment=07_config_matrix
gpu=NVIDIA Thor
compute_capability=11.0
sm_count=20
active_blocks=20
dtype=fp16
shape=m128n128k16
m=128
n=128
k=16
layout=none
q=32
iterations=128
collector_protocol=fill_use_lastuse
collector_reuse=3
ws_mode=0
ws_buffer_count=1
operand_address_mode=pingpong
input_d=0
tmem_columns=256
d_base_column=0
d_tile_base_delta=128
independent_d_count=2
d_reuse_distance=2
commit_interval=32
pending_mbarriers=1
wait_polling_mode=nocount
smem_base_offset=0
interference_mode=none
interference_ops_per_iter=0
interference_warps=4
elapsed_cycles=3779410
poll_count=0
max_abs_error=0.832031250
guard_ok=1
interference_sink=0.000000000

$ /xplorer/shijy/CUDA_optimazation/microbench/mma_config/07_config_matrix/build/tcgen05_07_config_matrix_bench --dtype fp16 --shape m128n128k16 --layout none --q 32 --iterations 128 --collector-protocol fill_use_lastuse --collector-reuse 3 --ws 0 --ws-buffer-count 1 --operand-address-mode pingpong --input-d 0 --tmem-columns 256 --d-base-column 0 --d-tile-base-delta 128 --independent-d-count 2 --d-reuse-distance 2 --commit-interval 32 --pending-mbarriers 1 --wait-mode nocount --smem-base-offset 0 --interference-mode none --interference-ops-per-iter 0 --interference-warps 4 --active-blocks 0
status=ok
experiment=07_config_matrix
gpu=NVIDIA Thor
compute_capability=11.0
sm_count=20
active_blocks=20
dtype=fp16
shape=m128n128k16
m=128
n=128
k=16
layout=none
q=32
iterations=128
collector_protocol=fill_use_lastuse
collector_reuse=3
ws_mode=0
ws_buffer_count=1
operand_address_mode=pingpong
input_d=0
tmem_columns=256
d_base_column=0
d_tile_base_delta=128
independent_d_count=2
d_reuse_distance=2
commit_interval=32
pending_mbarriers=1
wait_polling_mode=nocount
smem_base_offset=0
interference_mode=none
interference_ops_per_iter=0
interference_warps=4
elapsed_cycles=3779415
poll_count=0
max_abs_error=0.832031250
guard_ok=1
interference_sink=0.000000000

$ /xplorer/shijy/CUDA_optimazation/microbench/mma_config/07_config_matrix/build/tcgen05_07_config_matrix_bench --dtype fp16 --shape m128n128k16 --layout none --q 32 --iterations 128 --collector-protocol fill_use_lastuse --collector-reuse 3 --ws 0 --ws-buffer-count 1 --operand-address-mode pingpong --input-d 0 --tmem-columns 256 --d-base-column 0 --d-tile-base-delta 128 --independent-d-count 2 --d-reuse-distance 2 --commit-interval 32 --pending-mbarriers 1 --wait-mode nocount --smem-base-offset 0 --interference-mode none --interference-ops-per-iter 0 --interference-warps 4 --active-blocks 0
status=ok
experiment=07_config_matrix
gpu=NVIDIA Thor
compute_capability=11.0
sm_count=20
active_blocks=20
dtype=fp16
shape=m128n128k16
m=128
n=128
k=16
layout=none
q=32
iterations=128
collector_protocol=fill_use_lastuse
collector_reuse=3
ws_mode=0
ws_buffer_count=1
operand_address_mode=pingpong
input_d=0
tmem_columns=256
d_base_column=0
d_tile_base_delta=128
independent_d_count=2
d_reuse_distance=2
commit_interval=32
pending_mbarriers=1
wait_polling_mode=nocount
smem_base_offset=0
interference_mode=none
interference_ops_per_iter=0
interference_warps=4
elapsed_cycles=3779412
poll_count=0
max_abs_error=0.832031250
guard_ok=1
interference_sink=0.000000000

$ /xplorer/shijy/CUDA_optimazation/microbench/mma_config/07_config_matrix/build/tcgen05_07_config_matrix_bench --dtype fp16 --shape m128n128k16 --layout none --q 32 --iterations 128 --collector-protocol fill_use_lastuse --collector-reuse 3 --ws 0 --ws-buffer-count 1 --operand-address-mode pingpong --input-d 0 --tmem-columns 256 --d-base-column 0 --d-tile-base-delta 128 --independent-d-count 2 --d-reuse-distance 2 --commit-interval 32 --pending-mbarriers 1 --wait-mode nocount --smem-base-offset 0 --interference-mode none --interference-ops-per-iter 0 --interference-warps 4 --active-blocks 0
status=ok
experiment=07_config_matrix
gpu=NVIDIA Thor
compute_capability=11.0
sm_count=20
active_blocks=20
dtype=fp16
shape=m128n128k16
m=128
n=128
k=16
layout=none
q=32
iterations=128
collector_protocol=fill_use_lastuse
collector_reuse=3
ws_mode=0
ws_buffer_count=1
operand_address_mode=pingpong
input_d=0
tmem_columns=256
d_base_column=0
d_tile_base_delta=128
independent_d_count=2
d_reuse_distance=2
commit_interval=32
pending_mbarriers=1
wait_polling_mode=nocount
smem_base_offset=0
interference_mode=none
interference_ops_per_iter=0
interference_warps=4
elapsed_cycles=3779418
poll_count=0
max_abs_error=0.832031250
guard_ok=1
interference_sink=0.000000000

$ /xplorer/shijy/CUDA_optimazation/microbench/mma_config/07_config_matrix/build/tcgen05_07_config_matrix_bench --dtype fp16 --shape m128n128k16 --layout none --q 32 --iterations 128 --collector-protocol fill_use_lastuse --collector-reuse 3 --ws 0 --ws-buffer-count 1 --operand-address-mode pingpong --input-d 0 --tmem-columns 256 --d-base-column 0 --d-tile-base-delta 128 --independent-d-count 2 --d-reuse-distance 2 --commit-interval 32 --pending-mbarriers 1 --wait-mode nocount --smem-base-offset 0 --interference-mode none --interference-ops-per-iter 0 --interference-warps 4 --active-blocks 0
status=ok
experiment=07_config_matrix
gpu=NVIDIA Thor
compute_capability=11.0
sm_count=20
active_blocks=20
dtype=fp16
shape=m128n128k16
m=128
n=128
k=16
layout=none
q=32
iterations=128
collector_protocol=fill_use_lastuse
collector_reuse=3
ws_mode=0
ws_buffer_count=1
operand_address_mode=pingpong
input_d=0
tmem_columns=256
d_base_column=0
d_tile_base_delta=128
independent_d_count=2
d_reuse_distance=2
commit_interval=32
pending_mbarriers=1
wait_polling_mode=nocount
smem_base_offset=0
interference_mode=none
interference_ops_per_iter=0
interference_warps=4
elapsed_cycles=3779415
poll_count=0
max_abs_error=0.832031250
guard_ok=1
interference_sink=0.000000000

$ /xplorer/shijy/CUDA_optimazation/microbench/mma_config/07_config_matrix/build/tcgen05_07_config_matrix_bench --dtype fp16 --shape m128n128k16 --layout none --q 32 --iterations 128 --collector-protocol discard --collector-reuse 0 --ws 0 --ws-buffer-count 1 --operand-address-mode same --input-d 0 --tmem-columns 128 --d-base-column 0 --d-tile-base-delta 128 --independent-d-count 1 --d-reuse-distance 1 --commit-interval 32 --pending-mbarriers 1 --wait-mode nocount --smem-base-offset 0 --interference-mode none --interference-ops-per-iter 0 --interference-warps 4 --active-blocks 0
status=ok
experiment=07_config_matrix
gpu=NVIDIA Thor
compute_capability=11.0
sm_count=20
active_blocks=20
dtype=fp16
shape=m128n128k16
m=128
n=128
k=16
layout=none
q=32
iterations=128
collector_protocol=discard
collector_reuse=0
ws_mode=0
ws_buffer_count=1
operand_address_mode=same
input_d=0
tmem_columns=128
d_base_column=0
d_tile_base_delta=128
independent_d_count=1
d_reuse_distance=1
commit_interval=32
pending_mbarriers=1
wait_polling_mode=nocount
smem_base_offset=0
interference_mode=none
interference_ops_per_iter=0
interference_warps=4
elapsed_cycles=3181152
poll_count=0
max_abs_error=0.832031250
guard_ok=1
interference_sink=0.000000000

$ /xplorer/shijy/CUDA_optimazation/microbench/mma_config/07_config_matrix/build/tcgen05_07_config_matrix_bench --dtype fp16 --shape m128n128k16 --layout none --q 32 --iterations 128 --collector-protocol discard --collector-reuse 0 --ws 0 --ws-buffer-count 1 --operand-address-mode same --input-d 0 --tmem-columns 128 --d-base-column 0 --d-tile-base-delta 128 --independent-d-count 1 --d-reuse-distance 1 --commit-interval 32 --pending-mbarriers 1 --wait-mode nocount --smem-base-offset 0 --interference-mode none --interference-ops-per-iter 0 --interference-warps 4 --active-blocks 0
status=ok
experiment=07_config_matrix
gpu=NVIDIA Thor
compute_capability=11.0
sm_count=20
active_blocks=20
dtype=fp16
shape=m128n128k16
m=128
n=128
k=16
layout=none
q=32
iterations=128
collector_protocol=discard
collector_reuse=0
ws_mode=0
ws_buffer_count=1
operand_address_mode=same
input_d=0
tmem_columns=128
d_base_column=0
d_tile_base_delta=128
independent_d_count=1
d_reuse_distance=1
commit_interval=32
pending_mbarriers=1
wait_polling_mode=nocount
smem_base_offset=0
interference_mode=none
interference_ops_per_iter=0
interference_warps=4
elapsed_cycles=3181149
poll_count=0
max_abs_error=0.832031250
guard_ok=1
interference_sink=0.000000000

$ /xplorer/shijy/CUDA_optimazation/microbench/mma_config/07_config_matrix/build/tcgen05_07_config_matrix_bench --dtype fp16 --shape m128n128k16 --layout none --q 32 --iterations 128 --collector-protocol discard --collector-reuse 0 --ws 0 --ws-buffer-count 1 --operand-address-mode same --input-d 0 --tmem-columns 128 --d-base-column 0 --d-tile-base-delta 128 --independent-d-count 1 --d-reuse-distance 1 --commit-interval 32 --pending-mbarriers 1 --wait-mode nocount --smem-base-offset 0 --interference-mode none --interference-ops-per-iter 0 --interference-warps 4 --active-blocks 0
status=ok
experiment=07_config_matrix
gpu=NVIDIA Thor
compute_capability=11.0
sm_count=20
active_blocks=20
dtype=fp16
shape=m128n128k16
m=128
n=128
k=16
layout=none
q=32
iterations=128
collector_protocol=discard
collector_reuse=0
ws_mode=0
ws_buffer_count=1
operand_address_mode=same
input_d=0
tmem_columns=128
d_base_column=0
d_tile_base_delta=128
independent_d_count=1
d_reuse_distance=1
commit_interval=32
pending_mbarriers=1
wait_polling_mode=nocount
smem_base_offset=0
interference_mode=none
interference_ops_per_iter=0
interference_warps=4
elapsed_cycles=3181521
poll_count=0
max_abs_error=0.832031250
guard_ok=1
interference_sink=0.000000000

$ /xplorer/shijy/CUDA_optimazation/microbench/mma_config/07_config_matrix/build/tcgen05_07_config_matrix_bench --dtype fp16 --shape m128n128k16 --layout none --q 32 --iterations 128 --collector-protocol discard --collector-reuse 0 --ws 0 --ws-buffer-count 1 --operand-address-mode same --input-d 0 --tmem-columns 128 --d-base-column 0 --d-tile-base-delta 128 --independent-d-count 1 --d-reuse-distance 1 --commit-interval 32 --pending-mbarriers 1 --wait-mode nocount --smem-base-offset 0 --interference-mode none --interference-ops-per-iter 0 --interference-warps 4 --active-blocks 0
status=ok
experiment=07_config_matrix
gpu=NVIDIA Thor
compute_capability=11.0
sm_count=20
active_blocks=20
dtype=fp16
shape=m128n128k16
m=128
n=128
k=16
layout=none
q=32
iterations=128
collector_protocol=discard
collector_reuse=0
ws_mode=0
ws_buffer_count=1
operand_address_mode=same
input_d=0
tmem_columns=128
d_base_column=0
d_tile_base_delta=128
independent_d_count=1
d_reuse_distance=1
commit_interval=32
pending_mbarriers=1
wait_polling_mode=nocount
smem_base_offset=0
interference_mode=none
interference_ops_per_iter=0
interference_warps=4
elapsed_cycles=3181150
poll_count=0
max_abs_error=0.832031250
guard_ok=1
interference_sink=0.000000000

$ /xplorer/shijy/CUDA_optimazation/microbench/mma_config/07_config_matrix/build/tcgen05_07_config_matrix_bench --dtype fp16 --shape m128n128k16 --layout none --q 32 --iterations 128 --collector-protocol discard --collector-reuse 0 --ws 0 --ws-buffer-count 1 --operand-address-mode same --input-d 0 --tmem-columns 128 --d-base-column 0 --d-tile-base-delta 128 --independent-d-count 1 --d-reuse-distance 1 --commit-interval 32 --pending-mbarriers 1 --wait-mode nocount --smem-base-offset 0 --interference-mode none --interference-ops-per-iter 0 --interference-warps 4 --active-blocks 0
status=ok
experiment=07_config_matrix
gpu=NVIDIA Thor
compute_capability=11.0
sm_count=20
active_blocks=20
dtype=fp16
shape=m128n128k16
m=128
n=128
k=16
layout=none
q=32
iterations=128
collector_protocol=discard
collector_reuse=0
ws_mode=0
ws_buffer_count=1
operand_address_mode=same
input_d=0
tmem_columns=128
d_base_column=0
d_tile_base_delta=128
independent_d_count=1
d_reuse_distance=1
commit_interval=32
pending_mbarriers=1
wait_polling_mode=nocount
smem_base_offset=0
interference_mode=none
interference_ops_per_iter=0
interference_warps=4
elapsed_cycles=3181522
poll_count=0
max_abs_error=0.832031250
guard_ok=1
interference_sink=0.000000000

$ /xplorer/shijy/CUDA_optimazation/microbench/mma_config/07_config_matrix/build/tcgen05_07_config_matrix_bench --dtype fp16 --shape m128n64k16 --layout none --q 32 --iterations 128 --collector-protocol fill_use_lastuse --collector-reuse 3 --ws 0 --ws-buffer-count 1 --operand-address-mode pingpong --input-d 0 --tmem-columns 128 --d-base-column 0 --d-tile-base-delta 64 --independent-d-count 2 --d-reuse-distance 2 --commit-interval 32 --pending-mbarriers 1 --wait-mode nocount --smem-base-offset 0 --interference-mode none --interference-ops-per-iter 0 --interference-warps 4 --active-blocks 0
status=ok
experiment=07_config_matrix
gpu=NVIDIA Thor
compute_capability=11.0
sm_count=20
active_blocks=20
dtype=fp16
shape=m128n64k16
m=128
n=64
k=16
layout=none
q=32
iterations=128
collector_protocol=fill_use_lastuse
collector_reuse=3
ws_mode=0
ws_buffer_count=1
operand_address_mode=pingpong
input_d=0
tmem_columns=128
d_base_column=0
d_tile_base_delta=64
independent_d_count=2
d_reuse_distance=2
commit_interval=32
pending_mbarriers=1
wait_polling_mode=nocount
smem_base_offset=0
interference_mode=none
interference_ops_per_iter=0
interference_warps=4
elapsed_cycles=3779303
poll_count=0
max_abs_error=0.832031250
guard_ok=1
interference_sink=0.000000000

$ /xplorer/shijy/CUDA_optimazation/microbench/mma_config/07_config_matrix/build/tcgen05_07_config_matrix_bench --dtype fp16 --shape m128n64k16 --layout none --q 32 --iterations 128 --collector-protocol fill_use_lastuse --collector-reuse 3 --ws 0 --ws-buffer-count 1 --operand-address-mode pingpong --input-d 0 --tmem-columns 128 --d-base-column 0 --d-tile-base-delta 64 --independent-d-count 2 --d-reuse-distance 2 --commit-interval 32 --pending-mbarriers 1 --wait-mode nocount --smem-base-offset 0 --interference-mode none --interference-ops-per-iter 0 --interference-warps 4 --active-blocks 0
status=ok
experiment=07_config_matrix
gpu=NVIDIA Thor
compute_capability=11.0
sm_count=20
active_blocks=20
dtype=fp16
shape=m128n64k16
m=128
n=64
k=16
layout=none
q=32
iterations=128
collector_protocol=fill_use_lastuse
collector_reuse=3
ws_mode=0
ws_buffer_count=1
operand_address_mode=pingpong
input_d=0
tmem_columns=128
d_base_column=0
d_tile_base_delta=64
independent_d_count=2
d_reuse_distance=2
commit_interval=32
pending_mbarriers=1
wait_polling_mode=nocount
smem_base_offset=0
interference_mode=none
interference_ops_per_iter=0
interference_warps=4
elapsed_cycles=3779302
poll_count=0
max_abs_error=0.832031250
guard_ok=1
interference_sink=0.000000000

$ /xplorer/shijy/CUDA_optimazation/microbench/mma_config/07_config_matrix/build/tcgen05_07_config_matrix_bench --dtype fp16 --shape m128n64k16 --layout none --q 32 --iterations 128 --collector-protocol fill_use_lastuse --collector-reuse 3 --ws 0 --ws-buffer-count 1 --operand-address-mode pingpong --input-d 0 --tmem-columns 128 --d-base-column 0 --d-tile-base-delta 64 --independent-d-count 2 --d-reuse-distance 2 --commit-interval 32 --pending-mbarriers 1 --wait-mode nocount --smem-base-offset 0 --interference-mode none --interference-ops-per-iter 0 --interference-warps 4 --active-blocks 0
status=ok
experiment=07_config_matrix
gpu=NVIDIA Thor
compute_capability=11.0
sm_count=20
active_blocks=20
dtype=fp16
shape=m128n64k16
m=128
n=64
k=16
layout=none
q=32
iterations=128
collector_protocol=fill_use_lastuse
collector_reuse=3
ws_mode=0
ws_buffer_count=1
operand_address_mode=pingpong
input_d=0
tmem_columns=128
d_base_column=0
d_tile_base_delta=64
independent_d_count=2
d_reuse_distance=2
commit_interval=32
pending_mbarriers=1
wait_polling_mode=nocount
smem_base_offset=0
interference_mode=none
interference_ops_per_iter=0
interference_warps=4
elapsed_cycles=3779302
poll_count=0
max_abs_error=0.832031250
guard_ok=1
interference_sink=0.000000000

$ /xplorer/shijy/CUDA_optimazation/microbench/mma_config/07_config_matrix/build/tcgen05_07_config_matrix_bench --dtype fp16 --shape m128n64k16 --layout none --q 32 --iterations 128 --collector-protocol fill_use_lastuse --collector-reuse 3 --ws 0 --ws-buffer-count 1 --operand-address-mode pingpong --input-d 0 --tmem-columns 128 --d-base-column 0 --d-tile-base-delta 64 --independent-d-count 2 --d-reuse-distance 2 --commit-interval 32 --pending-mbarriers 1 --wait-mode nocount --smem-base-offset 0 --interference-mode none --interference-ops-per-iter 0 --interference-warps 4 --active-blocks 0
status=ok
experiment=07_config_matrix
gpu=NVIDIA Thor
compute_capability=11.0
sm_count=20
active_blocks=20
dtype=fp16
shape=m128n64k16
m=128
n=64
k=16
layout=none
q=32
iterations=128
collector_protocol=fill_use_lastuse
collector_reuse=3
ws_mode=0
ws_buffer_count=1
operand_address_mode=pingpong
input_d=0
tmem_columns=128
d_base_column=0
d_tile_base_delta=64
independent_d_count=2
d_reuse_distance=2
commit_interval=32
pending_mbarriers=1
wait_polling_mode=nocount
smem_base_offset=0
interference_mode=none
interference_ops_per_iter=0
interference_warps=4
elapsed_cycles=3779296
poll_count=0
max_abs_error=0.832031250
guard_ok=1
interference_sink=0.000000000

$ /xplorer/shijy/CUDA_optimazation/microbench/mma_config/07_config_matrix/build/tcgen05_07_config_matrix_bench --dtype fp16 --shape m128n64k16 --layout none --q 32 --iterations 128 --collector-protocol fill_use_lastuse --collector-reuse 3 --ws 0 --ws-buffer-count 1 --operand-address-mode pingpong --input-d 0 --tmem-columns 128 --d-base-column 0 --d-tile-base-delta 64 --independent-d-count 2 --d-reuse-distance 2 --commit-interval 32 --pending-mbarriers 1 --wait-mode nocount --smem-base-offset 0 --interference-mode none --interference-ops-per-iter 0 --interference-warps 4 --active-blocks 0
status=ok
experiment=07_config_matrix
gpu=NVIDIA Thor
compute_capability=11.0
sm_count=20
active_blocks=20
dtype=fp16
shape=m128n64k16
m=128
n=64
k=16
layout=none
q=32
iterations=128
collector_protocol=fill_use_lastuse
collector_reuse=3
ws_mode=0
ws_buffer_count=1
operand_address_mode=pingpong
input_d=0
tmem_columns=128
d_base_column=0
d_tile_base_delta=64
independent_d_count=2
d_reuse_distance=2
commit_interval=32
pending_mbarriers=1
wait_polling_mode=nocount
smem_base_offset=0
interference_mode=none
interference_ops_per_iter=0
interference_warps=4
elapsed_cycles=3779302
poll_count=0
max_abs_error=0.832031250
guard_ok=1
interference_sink=0.000000000

$ /xplorer/shijy/CUDA_optimazation/microbench/mma_config/07_config_matrix/build/tcgen05_07_config_matrix_bench --dtype fp16 --shape m128n128k16 --layout none --q 32 --iterations 128 --collector-protocol discard --collector-reuse 0 --ws 0 --ws-buffer-count 1 --operand-address-mode same --input-d 0 --tmem-columns 256 --d-base-column 0 --d-tile-base-delta 128 --independent-d-count 2 --d-reuse-distance 2 --commit-interval 32 --pending-mbarriers 1 --wait-mode nocount --smem-base-offset 0 --interference-mode none --interference-ops-per-iter 0 --interference-warps 4 --active-blocks 0
status=ok
experiment=07_config_matrix
gpu=NVIDIA Thor
compute_capability=11.0
sm_count=20
active_blocks=20
dtype=fp16
shape=m128n128k16
m=128
n=128
k=16
layout=none
q=32
iterations=128
collector_protocol=discard
collector_reuse=0
ws_mode=0
ws_buffer_count=1
operand_address_mode=same
input_d=0
tmem_columns=256
d_base_column=0
d_tile_base_delta=128
independent_d_count=2
d_reuse_distance=2
commit_interval=32
pending_mbarriers=1
wait_polling_mode=nocount
smem_base_offset=0
interference_mode=none
interference_ops_per_iter=0
interference_warps=4
elapsed_cycles=3678959
poll_count=0
max_abs_error=0.832031250
guard_ok=1
interference_sink=0.000000000

$ /xplorer/shijy/CUDA_optimazation/microbench/mma_config/07_config_matrix/build/tcgen05_07_config_matrix_bench --dtype fp16 --shape m128n128k16 --layout none --q 32 --iterations 128 --collector-protocol discard --collector-reuse 0 --ws 0 --ws-buffer-count 1 --operand-address-mode same --input-d 0 --tmem-columns 256 --d-base-column 0 --d-tile-base-delta 128 --independent-d-count 2 --d-reuse-distance 2 --commit-interval 32 --pending-mbarriers 1 --wait-mode nocount --smem-base-offset 0 --interference-mode none --interference-ops-per-iter 0 --interference-warps 4 --active-blocks 0
status=ok
experiment=07_config_matrix
gpu=NVIDIA Thor
compute_capability=11.0
sm_count=20
active_blocks=20
dtype=fp16
shape=m128n128k16
m=128
n=128
k=16
layout=none
q=32
iterations=128
collector_protocol=discard
collector_reuse=0
ws_mode=0
ws_buffer_count=1
operand_address_mode=same
input_d=0
tmem_columns=256
d_base_column=0
d_tile_base_delta=128
independent_d_count=2
d_reuse_distance=2
commit_interval=32
pending_mbarriers=1
wait_polling_mode=nocount
smem_base_offset=0
interference_mode=none
interference_ops_per_iter=0
interference_warps=4
elapsed_cycles=3678991
poll_count=0
max_abs_error=0.832031250
guard_ok=1
interference_sink=0.000000000

$ /xplorer/shijy/CUDA_optimazation/microbench/mma_config/07_config_matrix/build/tcgen05_07_config_matrix_bench --dtype fp16 --shape m128n128k16 --layout none --q 32 --iterations 128 --collector-protocol discard --collector-reuse 0 --ws 0 --ws-buffer-count 1 --operand-address-mode same --input-d 0 --tmem-columns 256 --d-base-column 0 --d-tile-base-delta 128 --independent-d-count 2 --d-reuse-distance 2 --commit-interval 32 --pending-mbarriers 1 --wait-mode nocount --smem-base-offset 0 --interference-mode none --interference-ops-per-iter 0 --interference-warps 4 --active-blocks 0
status=ok
experiment=07_config_matrix
gpu=NVIDIA Thor
compute_capability=11.0
sm_count=20
active_blocks=20
dtype=fp16
shape=m128n128k16
m=128
n=128
k=16
layout=none
q=32
iterations=128
collector_protocol=discard
collector_reuse=0
ws_mode=0
ws_buffer_count=1
operand_address_mode=same
input_d=0
tmem_columns=256
d_base_column=0
d_tile_base_delta=128
independent_d_count=2
d_reuse_distance=2
commit_interval=32
pending_mbarriers=1
wait_polling_mode=nocount
smem_base_offset=0
interference_mode=none
interference_ops_per_iter=0
interference_warps=4
elapsed_cycles=3678960
poll_count=0
max_abs_error=0.832031250
guard_ok=1
interference_sink=0.000000000

$ /xplorer/shijy/CUDA_optimazation/microbench/mma_config/07_config_matrix/build/tcgen05_07_config_matrix_bench --dtype fp16 --shape m128n128k16 --layout none --q 32 --iterations 128 --collector-protocol discard --collector-reuse 0 --ws 0 --ws-buffer-count 1 --operand-address-mode same --input-d 0 --tmem-columns 256 --d-base-column 0 --d-tile-base-delta 128 --independent-d-count 2 --d-reuse-distance 2 --commit-interval 32 --pending-mbarriers 1 --wait-mode nocount --smem-base-offset 0 --interference-mode none --interference-ops-per-iter 0 --interference-warps 4 --active-blocks 0
status=ok
experiment=07_config_matrix
gpu=NVIDIA Thor
compute_capability=11.0
sm_count=20
active_blocks=20
dtype=fp16
shape=m128n128k16
m=128
n=128
k=16
layout=none
q=32
iterations=128
collector_protocol=discard
collector_reuse=0
ws_mode=0
ws_buffer_count=1
operand_address_mode=same
input_d=0
tmem_columns=256
d_base_column=0
d_tile_base_delta=128
independent_d_count=2
d_reuse_distance=2
commit_interval=32
pending_mbarriers=1
wait_polling_mode=nocount
smem_base_offset=0
interference_mode=none
interference_ops_per_iter=0
interference_warps=4
elapsed_cycles=3678995
poll_count=0
max_abs_error=0.832031250
guard_ok=1
interference_sink=0.000000000

$ /xplorer/shijy/CUDA_optimazation/microbench/mma_config/07_config_matrix/build/tcgen05_07_config_matrix_bench --dtype fp16 --shape m128n128k16 --layout none --q 32 --iterations 128 --collector-protocol discard --collector-reuse 0 --ws 0 --ws-buffer-count 1 --operand-address-mode same --input-d 0 --tmem-columns 256 --d-base-column 0 --d-tile-base-delta 128 --independent-d-count 2 --d-reuse-distance 2 --commit-interval 32 --pending-mbarriers 1 --wait-mode nocount --smem-base-offset 0 --interference-mode none --interference-ops-per-iter 0 --interference-warps 4 --active-blocks 0
status=ok
experiment=07_config_matrix
gpu=NVIDIA Thor
compute_capability=11.0
sm_count=20
active_blocks=20
dtype=fp16
shape=m128n128k16
m=128
n=128
k=16
layout=none
q=32
iterations=128
collector_protocol=discard
collector_reuse=0
ws_mode=0
ws_buffer_count=1
operand_address_mode=same
input_d=0
tmem_columns=256
d_base_column=0
d_tile_base_delta=128
independent_d_count=2
d_reuse_distance=2
commit_interval=32
pending_mbarriers=1
wait_polling_mode=nocount
smem_base_offset=0
interference_mode=none
interference_ops_per_iter=0
interference_warps=4
elapsed_cycles=3678958
poll_count=0
max_abs_error=0.832031250
guard_ok=1
interference_sink=0.000000000

$ /xplorer/shijy/CUDA_optimazation/microbench/mma_config/07_config_matrix/build/tcgen05_07_config_matrix_bench --dtype fp16 --shape m128n64k16 --layout none --q 32 --iterations 128 --collector-protocol discard --collector-reuse 0 --ws 0 --ws-buffer-count 1 --operand-address-mode pingpong --input-d 0 --tmem-columns 256 --d-base-column 0 --d-tile-base-delta 64 --independent-d-count 4 --d-reuse-distance 4 --commit-interval 32 --pending-mbarriers 1 --wait-mode nocount --smem-base-offset 0 --interference-mode none --interference-ops-per-iter 0 --interference-warps 4 --active-blocks 0
status=ok
experiment=07_config_matrix
gpu=NVIDIA Thor
compute_capability=11.0
sm_count=20
active_blocks=20
dtype=fp16
shape=m128n64k16
m=128
n=64
k=16
layout=none
q=32
iterations=128
collector_protocol=discard
collector_reuse=0
ws_mode=0
ws_buffer_count=1
operand_address_mode=pingpong
input_d=0
tmem_columns=256
d_base_column=0
d_tile_base_delta=64
independent_d_count=4
d_reuse_distance=4
commit_interval=32
pending_mbarriers=1
wait_polling_mode=nocount
smem_base_offset=0
interference_mode=none
interference_ops_per_iter=0
interference_warps=4
elapsed_cycles=3678622
poll_count=0
max_abs_error=0.832031250
guard_ok=1
interference_sink=0.000000000

$ /xplorer/shijy/CUDA_optimazation/microbench/mma_config/07_config_matrix/build/tcgen05_07_config_matrix_bench --dtype fp16 --shape m128n64k16 --layout none --q 32 --iterations 128 --collector-protocol discard --collector-reuse 0 --ws 0 --ws-buffer-count 1 --operand-address-mode pingpong --input-d 0 --tmem-columns 256 --d-base-column 0 --d-tile-base-delta 64 --independent-d-count 4 --d-reuse-distance 4 --commit-interval 32 --pending-mbarriers 1 --wait-mode nocount --smem-base-offset 0 --interference-mode none --interference-ops-per-iter 0 --interference-warps 4 --active-blocks 0
status=ok
experiment=07_config_matrix
gpu=NVIDIA Thor
compute_capability=11.0
sm_count=20
active_blocks=20
dtype=fp16
shape=m128n64k16
m=128
n=64
k=16
layout=none
q=32
iterations=128
collector_protocol=discard
collector_reuse=0
ws_mode=0
ws_buffer_count=1
operand_address_mode=pingpong
input_d=0
tmem_columns=256
d_base_column=0
d_tile_base_delta=64
independent_d_count=4
d_reuse_distance=4
commit_interval=32
pending_mbarriers=1
wait_polling_mode=nocount
smem_base_offset=0
interference_mode=none
interference_ops_per_iter=0
interference_warps=4
elapsed_cycles=3678581
poll_count=0
max_abs_error=0.832031250
guard_ok=1
interference_sink=0.000000000

$ /xplorer/shijy/CUDA_optimazation/microbench/mma_config/07_config_matrix/build/tcgen05_07_config_matrix_bench --dtype fp16 --shape m128n64k16 --layout none --q 32 --iterations 128 --collector-protocol discard --collector-reuse 0 --ws 0 --ws-buffer-count 1 --operand-address-mode pingpong --input-d 0 --tmem-columns 256 --d-base-column 0 --d-tile-base-delta 64 --independent-d-count 4 --d-reuse-distance 4 --commit-interval 32 --pending-mbarriers 1 --wait-mode nocount --smem-base-offset 0 --interference-mode none --interference-ops-per-iter 0 --interference-warps 4 --active-blocks 0
status=ok
experiment=07_config_matrix
gpu=NVIDIA Thor
compute_capability=11.0
sm_count=20
active_blocks=20
dtype=fp16
shape=m128n64k16
m=128
n=64
k=16
layout=none
q=32
iterations=128
collector_protocol=discard
collector_reuse=0
ws_mode=0
ws_buffer_count=1
operand_address_mode=pingpong
input_d=0
tmem_columns=256
d_base_column=0
d_tile_base_delta=64
independent_d_count=4
d_reuse_distance=4
commit_interval=32
pending_mbarriers=1
wait_polling_mode=nocount
smem_base_offset=0
interference_mode=none
interference_ops_per_iter=0
interference_warps=4
elapsed_cycles=3678583
poll_count=0
max_abs_error=0.832031250
guard_ok=1
interference_sink=0.000000000

$ /xplorer/shijy/CUDA_optimazation/microbench/mma_config/07_config_matrix/build/tcgen05_07_config_matrix_bench --dtype fp16 --shape m128n64k16 --layout none --q 32 --iterations 128 --collector-protocol discard --collector-reuse 0 --ws 0 --ws-buffer-count 1 --operand-address-mode pingpong --input-d 0 --tmem-columns 256 --d-base-column 0 --d-tile-base-delta 64 --independent-d-count 4 --d-reuse-distance 4 --commit-interval 32 --pending-mbarriers 1 --wait-mode nocount --smem-base-offset 0 --interference-mode none --interference-ops-per-iter 0 --interference-warps 4 --active-blocks 0
status=ok
experiment=07_config_matrix
gpu=NVIDIA Thor
compute_capability=11.0
sm_count=20
active_blocks=20
dtype=fp16
shape=m128n64k16
m=128
n=64
k=16
layout=none
q=32
iterations=128
collector_protocol=discard
collector_reuse=0
ws_mode=0
ws_buffer_count=1
operand_address_mode=pingpong
input_d=0
tmem_columns=256
d_base_column=0
d_tile_base_delta=64
independent_d_count=4
d_reuse_distance=4
commit_interval=32
pending_mbarriers=1
wait_polling_mode=nocount
smem_base_offset=0
interference_mode=none
interference_ops_per_iter=0
interference_warps=4
elapsed_cycles=3678582
poll_count=0
max_abs_error=0.832031250
guard_ok=1
interference_sink=0.000000000

$ /xplorer/shijy/CUDA_optimazation/microbench/mma_config/07_config_matrix/build/tcgen05_07_config_matrix_bench --dtype fp16 --shape m128n64k16 --layout none --q 32 --iterations 128 --collector-protocol discard --collector-reuse 0 --ws 0 --ws-buffer-count 1 --operand-address-mode pingpong --input-d 0 --tmem-columns 256 --d-base-column 0 --d-tile-base-delta 64 --independent-d-count 4 --d-reuse-distance 4 --commit-interval 32 --pending-mbarriers 1 --wait-mode nocount --smem-base-offset 0 --interference-mode none --interference-ops-per-iter 0 --interference-warps 4 --active-blocks 0
status=ok
experiment=07_config_matrix
gpu=NVIDIA Thor
compute_capability=11.0
sm_count=20
active_blocks=20
dtype=fp16
shape=m128n64k16
m=128
n=64
k=16
layout=none
q=32
iterations=128
collector_protocol=discard
collector_reuse=0
ws_mode=0
ws_buffer_count=1
operand_address_mode=pingpong
input_d=0
tmem_columns=256
d_base_column=0
d_tile_base_delta=64
independent_d_count=4
d_reuse_distance=4
commit_interval=32
pending_mbarriers=1
wait_polling_mode=nocount
smem_base_offset=0
interference_mode=none
interference_ops_per_iter=0
interference_warps=4
elapsed_cycles=3678579
poll_count=0
max_abs_error=0.832031250
guard_ok=1
interference_sink=0.000000000

$ /xplorer/shijy/CUDA_optimazation/microbench/mma_config/07_config_matrix/build/tcgen05_07_config_matrix_bench --dtype fp16 --shape m128n64k16 --layout none --q 32 --iterations 128 --collector-protocol discard --collector-reuse 0 --ws 0 --ws-buffer-count 1 --operand-address-mode pingpong --input-d 0 --tmem-columns 512 --d-base-column 0 --d-tile-base-delta 64 --independent-d-count 8 --d-reuse-distance 8 --commit-interval 32 --pending-mbarriers 1 --wait-mode nocount --smem-base-offset 0 --interference-mode none --interference-ops-per-iter 0 --interference-warps 4 --active-blocks 0
status=ok
experiment=07_config_matrix
gpu=NVIDIA Thor
compute_capability=11.0
sm_count=20
active_blocks=20
dtype=fp16
shape=m128n64k16
m=128
n=64
k=16
layout=none
q=32
iterations=128
collector_protocol=discard
collector_reuse=0
ws_mode=0
ws_buffer_count=1
operand_address_mode=pingpong
input_d=0
tmem_columns=512
d_base_column=0
d_tile_base_delta=64
independent_d_count=8
d_reuse_distance=8
commit_interval=32
pending_mbarriers=1
wait_polling_mode=nocount
smem_base_offset=0
interference_mode=none
interference_ops_per_iter=0
interference_warps=4
elapsed_cycles=3678584
poll_count=0
max_abs_error=0.832031250
guard_ok=1
interference_sink=0.000000000

$ /xplorer/shijy/CUDA_optimazation/microbench/mma_config/07_config_matrix/build/tcgen05_07_config_matrix_bench --dtype fp16 --shape m128n64k16 --layout none --q 32 --iterations 128 --collector-protocol discard --collector-reuse 0 --ws 0 --ws-buffer-count 1 --operand-address-mode pingpong --input-d 0 --tmem-columns 512 --d-base-column 0 --d-tile-base-delta 64 --independent-d-count 8 --d-reuse-distance 8 --commit-interval 32 --pending-mbarriers 1 --wait-mode nocount --smem-base-offset 0 --interference-mode none --interference-ops-per-iter 0 --interference-warps 4 --active-blocks 0
status=ok
experiment=07_config_matrix
gpu=NVIDIA Thor
compute_capability=11.0
sm_count=20
active_blocks=20
dtype=fp16
shape=m128n64k16
m=128
n=64
k=16
layout=none
q=32
iterations=128
collector_protocol=discard
collector_reuse=0
ws_mode=0
ws_buffer_count=1
operand_address_mode=pingpong
input_d=0
tmem_columns=512
d_base_column=0
d_tile_base_delta=64
independent_d_count=8
d_reuse_distance=8
commit_interval=32
pending_mbarriers=1
wait_polling_mode=nocount
smem_base_offset=0
interference_mode=none
interference_ops_per_iter=0
interference_warps=4
elapsed_cycles=3678577
poll_count=0
max_abs_error=0.832031250
guard_ok=1
interference_sink=0.000000000

$ /xplorer/shijy/CUDA_optimazation/microbench/mma_config/07_config_matrix/build/tcgen05_07_config_matrix_bench --dtype fp16 --shape m128n64k16 --layout none --q 32 --iterations 128 --collector-protocol discard --collector-reuse 0 --ws 0 --ws-buffer-count 1 --operand-address-mode pingpong --input-d 0 --tmem-columns 512 --d-base-column 0 --d-tile-base-delta 64 --independent-d-count 8 --d-reuse-distance 8 --commit-interval 32 --pending-mbarriers 1 --wait-mode nocount --smem-base-offset 0 --interference-mode none --interference-ops-per-iter 0 --interference-warps 4 --active-blocks 0
status=ok
experiment=07_config_matrix
gpu=NVIDIA Thor
compute_capability=11.0
sm_count=20
active_blocks=20
dtype=fp16
shape=m128n64k16
m=128
n=64
k=16
layout=none
q=32
iterations=128
collector_protocol=discard
collector_reuse=0
ws_mode=0
ws_buffer_count=1
operand_address_mode=pingpong
input_d=0
tmem_columns=512
d_base_column=0
d_tile_base_delta=64
independent_d_count=8
d_reuse_distance=8
commit_interval=32
pending_mbarriers=1
wait_polling_mode=nocount
smem_base_offset=0
interference_mode=none
interference_ops_per_iter=0
interference_warps=4
elapsed_cycles=3678581
poll_count=0
max_abs_error=0.832031250
guard_ok=1
interference_sink=0.000000000

$ /xplorer/shijy/CUDA_optimazation/microbench/mma_config/07_config_matrix/build/tcgen05_07_config_matrix_bench --dtype fp16 --shape m128n64k16 --layout none --q 32 --iterations 128 --collector-protocol discard --collector-reuse 0 --ws 0 --ws-buffer-count 1 --operand-address-mode pingpong --input-d 0 --tmem-columns 512 --d-base-column 0 --d-tile-base-delta 64 --independent-d-count 8 --d-reuse-distance 8 --commit-interval 32 --pending-mbarriers 1 --wait-mode nocount --smem-base-offset 0 --interference-mode none --interference-ops-per-iter 0 --interference-warps 4 --active-blocks 0
status=ok
experiment=07_config_matrix
gpu=NVIDIA Thor
compute_capability=11.0
sm_count=20
active_blocks=20
dtype=fp16
shape=m128n64k16
m=128
n=64
k=16
layout=none
q=32
iterations=128
collector_protocol=discard
collector_reuse=0
ws_mode=0
ws_buffer_count=1
operand_address_mode=pingpong
input_d=0
tmem_columns=512
d_base_column=0
d_tile_base_delta=64
independent_d_count=8
d_reuse_distance=8
commit_interval=32
pending_mbarriers=1
wait_polling_mode=nocount
smem_base_offset=0
interference_mode=none
interference_ops_per_iter=0
interference_warps=4
elapsed_cycles=3678582
poll_count=0
max_abs_error=0.832031250
guard_ok=1
interference_sink=0.000000000

$ /xplorer/shijy/CUDA_optimazation/microbench/mma_config/07_config_matrix/build/tcgen05_07_config_matrix_bench --dtype fp16 --shape m128n64k16 --layout none --q 32 --iterations 128 --collector-protocol discard --collector-reuse 0 --ws 0 --ws-buffer-count 1 --operand-address-mode pingpong --input-d 0 --tmem-columns 512 --d-base-column 0 --d-tile-base-delta 64 --independent-d-count 8 --d-reuse-distance 8 --commit-interval 32 --pending-mbarriers 1 --wait-mode nocount --smem-base-offset 0 --interference-mode none --interference-ops-per-iter 0 --interference-warps 4 --active-blocks 0
status=ok
experiment=07_config_matrix
gpu=NVIDIA Thor
compute_capability=11.0
sm_count=20
active_blocks=20
dtype=fp16
shape=m128n64k16
m=128
n=64
k=16
layout=none
q=32
iterations=128
collector_protocol=discard
collector_reuse=0
ws_mode=0
ws_buffer_count=1
operand_address_mode=pingpong
input_d=0
tmem_columns=512
d_base_column=0
d_tile_base_delta=64
independent_d_count=8
d_reuse_distance=8
commit_interval=32
pending_mbarriers=1
wait_polling_mode=nocount
smem_base_offset=0
interference_mode=none
interference_ops_per_iter=0
interference_warps=4
elapsed_cycles=3678579
poll_count=0
max_abs_error=0.832031250
guard_ok=1
interference_sink=0.000000000

$ /xplorer/shijy/CUDA_optimazation/microbench/mma_config/07_config_matrix/build/tcgen05_07_config_matrix_bench --dtype fp16 --shape m128n64k16 --layout none --q 32 --iterations 128 --collector-protocol fill_use_lastuse --collector-reuse 3 --ws 0 --ws-buffer-count 1 --operand-address-mode pingpong --input-d 0 --tmem-columns 256 --d-base-column 0 --d-tile-base-delta 64 --independent-d-count 4 --d-reuse-distance 4 --commit-interval 32 --pending-mbarriers 1 --wait-mode nocount --smem-base-offset 0 --interference-mode none --interference-ops-per-iter 0 --interference-warps 4 --active-blocks 0
status=ok
experiment=07_config_matrix
gpu=NVIDIA Thor
compute_capability=11.0
sm_count=20
active_blocks=20
dtype=fp16
shape=m128n64k16
m=128
n=64
k=16
layout=none
q=32
iterations=128
collector_protocol=fill_use_lastuse
collector_reuse=3
ws_mode=0
ws_buffer_count=1
operand_address_mode=pingpong
input_d=0
tmem_columns=256
d_base_column=0
d_tile_base_delta=64
independent_d_count=4
d_reuse_distance=4
commit_interval=32
pending_mbarriers=1
wait_polling_mode=nocount
smem_base_offset=0
interference_mode=none
interference_ops_per_iter=0
interference_warps=4
elapsed_cycles=3779300
poll_count=0
max_abs_error=0.832031250
guard_ok=1
interference_sink=0.000000000

$ /xplorer/shijy/CUDA_optimazation/microbench/mma_config/07_config_matrix/build/tcgen05_07_config_matrix_bench --dtype fp16 --shape m128n64k16 --layout none --q 32 --iterations 128 --collector-protocol fill_use_lastuse --collector-reuse 3 --ws 0 --ws-buffer-count 1 --operand-address-mode pingpong --input-d 0 --tmem-columns 256 --d-base-column 0 --d-tile-base-delta 64 --independent-d-count 4 --d-reuse-distance 4 --commit-interval 32 --pending-mbarriers 1 --wait-mode nocount --smem-base-offset 0 --interference-mode none --interference-ops-per-iter 0 --interference-warps 4 --active-blocks 0
status=ok
experiment=07_config_matrix
gpu=NVIDIA Thor
compute_capability=11.0
sm_count=20
active_blocks=20
dtype=fp16
shape=m128n64k16
m=128
n=64
k=16
layout=none
q=32
iterations=128
collector_protocol=fill_use_lastuse
collector_reuse=3
ws_mode=0
ws_buffer_count=1
operand_address_mode=pingpong
input_d=0
tmem_columns=256
d_base_column=0
d_tile_base_delta=64
independent_d_count=4
d_reuse_distance=4
commit_interval=32
pending_mbarriers=1
wait_polling_mode=nocount
smem_base_offset=0
interference_mode=none
interference_ops_per_iter=0
interference_warps=4
elapsed_cycles=3779297
poll_count=0
max_abs_error=0.832031250
guard_ok=1
interference_sink=0.000000000

$ /xplorer/shijy/CUDA_optimazation/microbench/mma_config/07_config_matrix/build/tcgen05_07_config_matrix_bench --dtype fp16 --shape m128n64k16 --layout none --q 32 --iterations 128 --collector-protocol fill_use_lastuse --collector-reuse 3 --ws 0 --ws-buffer-count 1 --operand-address-mode pingpong --input-d 0 --tmem-columns 256 --d-base-column 0 --d-tile-base-delta 64 --independent-d-count 4 --d-reuse-distance 4 --commit-interval 32 --pending-mbarriers 1 --wait-mode nocount --smem-base-offset 0 --interference-mode none --interference-ops-per-iter 0 --interference-warps 4 --active-blocks 0
status=ok
experiment=07_config_matrix
gpu=NVIDIA Thor
compute_capability=11.0
sm_count=20
active_blocks=20
dtype=fp16
shape=m128n64k16
m=128
n=64
k=16
layout=none
q=32
iterations=128
collector_protocol=fill_use_lastuse
collector_reuse=3
ws_mode=0
ws_buffer_count=1
operand_address_mode=pingpong
input_d=0
tmem_columns=256
d_base_column=0
d_tile_base_delta=64
independent_d_count=4
d_reuse_distance=4
commit_interval=32
pending_mbarriers=1
wait_polling_mode=nocount
smem_base_offset=0
interference_mode=none
interference_ops_per_iter=0
interference_warps=4
elapsed_cycles=3779308
poll_count=0
max_abs_error=0.832031250
guard_ok=1
interference_sink=0.000000000

$ /xplorer/shijy/CUDA_optimazation/microbench/mma_config/07_config_matrix/build/tcgen05_07_config_matrix_bench --dtype fp16 --shape m128n64k16 --layout none --q 32 --iterations 128 --collector-protocol fill_use_lastuse --collector-reuse 3 --ws 0 --ws-buffer-count 1 --operand-address-mode pingpong --input-d 0 --tmem-columns 256 --d-base-column 0 --d-tile-base-delta 64 --independent-d-count 4 --d-reuse-distance 4 --commit-interval 32 --pending-mbarriers 1 --wait-mode nocount --smem-base-offset 0 --interference-mode none --interference-ops-per-iter 0 --interference-warps 4 --active-blocks 0
status=ok
experiment=07_config_matrix
gpu=NVIDIA Thor
compute_capability=11.0
sm_count=20
active_blocks=20
dtype=fp16
shape=m128n64k16
m=128
n=64
k=16
layout=none
q=32
iterations=128
collector_protocol=fill_use_lastuse
collector_reuse=3
ws_mode=0
ws_buffer_count=1
operand_address_mode=pingpong
input_d=0
tmem_columns=256
d_base_column=0
d_tile_base_delta=64
independent_d_count=4
d_reuse_distance=4
commit_interval=32
pending_mbarriers=1
wait_polling_mode=nocount
smem_base_offset=0
interference_mode=none
interference_ops_per_iter=0
interference_warps=4
elapsed_cycles=3779302
poll_count=0
max_abs_error=0.832031250
guard_ok=1
interference_sink=0.000000000

$ /xplorer/shijy/CUDA_optimazation/microbench/mma_config/07_config_matrix/build/tcgen05_07_config_matrix_bench --dtype fp16 --shape m128n64k16 --layout none --q 32 --iterations 128 --collector-protocol fill_use_lastuse --collector-reuse 3 --ws 0 --ws-buffer-count 1 --operand-address-mode pingpong --input-d 0 --tmem-columns 256 --d-base-column 0 --d-tile-base-delta 64 --independent-d-count 4 --d-reuse-distance 4 --commit-interval 32 --pending-mbarriers 1 --wait-mode nocount --smem-base-offset 0 --interference-mode none --interference-ops-per-iter 0 --interference-warps 4 --active-blocks 0
status=ok
experiment=07_config_matrix
gpu=NVIDIA Thor
compute_capability=11.0
sm_count=20
active_blocks=20
dtype=fp16
shape=m128n64k16
m=128
n=64
k=16
layout=none
q=32
iterations=128
collector_protocol=fill_use_lastuse
collector_reuse=3
ws_mode=0
ws_buffer_count=1
operand_address_mode=pingpong
input_d=0
tmem_columns=256
d_base_column=0
d_tile_base_delta=64
independent_d_count=4
d_reuse_distance=4
commit_interval=32
pending_mbarriers=1
wait_polling_mode=nocount
smem_base_offset=0
interference_mode=none
interference_ops_per_iter=0
interference_warps=4
elapsed_cycles=3779304
poll_count=0
max_abs_error=0.832031250
guard_ok=1
interference_sink=0.000000000

$ /xplorer/shijy/CUDA_optimazation/microbench/mma_config/07_config_matrix/build/tcgen05_07_config_matrix_bench --dtype bf16 --shape m128n64k16 --layout none --q 32 --iterations 128 --collector-protocol fill_use_lastuse --collector-reuse 3 --ws 0 --ws-buffer-count 1 --operand-address-mode same --input-d 0 --tmem-columns 256 --d-base-column 0 --d-tile-base-delta 64 --independent-d-count 4 --d-reuse-distance 4 --commit-interval 32 --pending-mbarriers 1 --wait-mode nocount --smem-base-offset 0 --interference-mode none --interference-ops-per-iter 0 --interference-warps 4 --active-blocks 0
status=ok
experiment=07_config_matrix
gpu=NVIDIA Thor
compute_capability=11.0
sm_count=20
active_blocks=20
dtype=bf16
shape=m128n64k16
m=128
n=64
k=16
layout=none
q=32
iterations=128
collector_protocol=fill_use_lastuse
collector_reuse=3
ws_mode=0
ws_buffer_count=1
operand_address_mode=same
input_d=0
tmem_columns=256
d_base_column=0
d_tile_base_delta=64
independent_d_count=4
d_reuse_distance=4
commit_interval=32
pending_mbarriers=1
wait_polling_mode=nocount
smem_base_offset=0
interference_mode=none
interference_ops_per_iter=0
interference_warps=4
elapsed_cycles=3779302
poll_count=0
max_abs_error=0.832031250
guard_ok=1
interference_sink=0.000000000

$ /xplorer/shijy/CUDA_optimazation/microbench/mma_config/07_config_matrix/build/tcgen05_07_config_matrix_bench --dtype bf16 --shape m128n64k16 --layout none --q 32 --iterations 128 --collector-protocol fill_use_lastuse --collector-reuse 3 --ws 0 --ws-buffer-count 1 --operand-address-mode same --input-d 0 --tmem-columns 256 --d-base-column 0 --d-tile-base-delta 64 --independent-d-count 4 --d-reuse-distance 4 --commit-interval 32 --pending-mbarriers 1 --wait-mode nocount --smem-base-offset 0 --interference-mode none --interference-ops-per-iter 0 --interference-warps 4 --active-blocks 0
status=ok
experiment=07_config_matrix
gpu=NVIDIA Thor
compute_capability=11.0
sm_count=20
active_blocks=20
dtype=bf16
shape=m128n64k16
m=128
n=64
k=16
layout=none
q=32
iterations=128
collector_protocol=fill_use_lastuse
collector_reuse=3
ws_mode=0
ws_buffer_count=1
operand_address_mode=same
input_d=0
tmem_columns=256
d_base_column=0
d_tile_base_delta=64
independent_d_count=4
d_reuse_distance=4
commit_interval=32
pending_mbarriers=1
wait_polling_mode=nocount
smem_base_offset=0
interference_mode=none
interference_ops_per_iter=0
interference_warps=4
elapsed_cycles=3779303
poll_count=0
max_abs_error=0.832031250
guard_ok=1
interference_sink=0.000000000

$ /xplorer/shijy/CUDA_optimazation/microbench/mma_config/07_config_matrix/build/tcgen05_07_config_matrix_bench --dtype bf16 --shape m128n64k16 --layout none --q 32 --iterations 128 --collector-protocol fill_use_lastuse --collector-reuse 3 --ws 0 --ws-buffer-count 1 --operand-address-mode same --input-d 0 --tmem-columns 256 --d-base-column 0 --d-tile-base-delta 64 --independent-d-count 4 --d-reuse-distance 4 --commit-interval 32 --pending-mbarriers 1 --wait-mode nocount --smem-base-offset 0 --interference-mode none --interference-ops-per-iter 0 --interference-warps 4 --active-blocks 0
status=ok
experiment=07_config_matrix
gpu=NVIDIA Thor
compute_capability=11.0
sm_count=20
active_blocks=20
dtype=bf16
shape=m128n64k16
m=128
n=64
k=16
layout=none
q=32
iterations=128
collector_protocol=fill_use_lastuse
collector_reuse=3
ws_mode=0
ws_buffer_count=1
operand_address_mode=same
input_d=0
tmem_columns=256
d_base_column=0
d_tile_base_delta=64
independent_d_count=4
d_reuse_distance=4
commit_interval=32
pending_mbarriers=1
wait_polling_mode=nocount
smem_base_offset=0
interference_mode=none
interference_ops_per_iter=0
interference_warps=4
elapsed_cycles=3779300
poll_count=0
max_abs_error=0.832031250
guard_ok=1
interference_sink=0.000000000

$ /xplorer/shijy/CUDA_optimazation/microbench/mma_config/07_config_matrix/build/tcgen05_07_config_matrix_bench --dtype bf16 --shape m128n64k16 --layout none --q 32 --iterations 128 --collector-protocol fill_use_lastuse --collector-reuse 3 --ws 0 --ws-buffer-count 1 --operand-address-mode same --input-d 0 --tmem-columns 256 --d-base-column 0 --d-tile-base-delta 64 --independent-d-count 4 --d-reuse-distance 4 --commit-interval 32 --pending-mbarriers 1 --wait-mode nocount --smem-base-offset 0 --interference-mode none --interference-ops-per-iter 0 --interference-warps 4 --active-blocks 0
status=ok
experiment=07_config_matrix
gpu=NVIDIA Thor
compute_capability=11.0
sm_count=20
active_blocks=20
dtype=bf16
shape=m128n64k16
m=128
n=64
k=16
layout=none
q=32
iterations=128
collector_protocol=fill_use_lastuse
collector_reuse=3
ws_mode=0
ws_buffer_count=1
operand_address_mode=same
input_d=0
tmem_columns=256
d_base_column=0
d_tile_base_delta=64
independent_d_count=4
d_reuse_distance=4
commit_interval=32
pending_mbarriers=1
wait_polling_mode=nocount
smem_base_offset=0
interference_mode=none
interference_ops_per_iter=0
interference_warps=4
elapsed_cycles=3779302
poll_count=0
max_abs_error=0.832031250
guard_ok=1
interference_sink=0.000000000

$ /xplorer/shijy/CUDA_optimazation/microbench/mma_config/07_config_matrix/build/tcgen05_07_config_matrix_bench --dtype bf16 --shape m128n64k16 --layout none --q 32 --iterations 128 --collector-protocol fill_use_lastuse --collector-reuse 3 --ws 0 --ws-buffer-count 1 --operand-address-mode same --input-d 0 --tmem-columns 256 --d-base-column 0 --d-tile-base-delta 64 --independent-d-count 4 --d-reuse-distance 4 --commit-interval 32 --pending-mbarriers 1 --wait-mode nocount --smem-base-offset 0 --interference-mode none --interference-ops-per-iter 0 --interference-warps 4 --active-blocks 0
status=ok
experiment=07_config_matrix
gpu=NVIDIA Thor
compute_capability=11.0
sm_count=20
active_blocks=20
dtype=bf16
shape=m128n64k16
m=128
n=64
k=16
layout=none
q=32
iterations=128
collector_protocol=fill_use_lastuse
collector_reuse=3
ws_mode=0
ws_buffer_count=1
operand_address_mode=same
input_d=0
tmem_columns=256
d_base_column=0
d_tile_base_delta=64
independent_d_count=4
d_reuse_distance=4
commit_interval=32
pending_mbarriers=1
wait_polling_mode=nocount
smem_base_offset=0
interference_mode=none
interference_ops_per_iter=0
interference_warps=4
elapsed_cycles=3779294
poll_count=0
max_abs_error=0.832031250
guard_ok=1
interference_sink=0.000000000

$ /xplorer/shijy/CUDA_optimazation/microbench/mma_config/07_config_matrix/build/tcgen05_07_config_matrix_bench --dtype bf16 --shape m128n128k16 --layout none --q 32 --iterations 128 --collector-protocol discard --collector-reuse 0 --ws 0 --ws-buffer-count 1 --operand-address-mode pingpong --input-d 0 --tmem-columns 512 --d-base-column 0 --d-tile-base-delta 128 --independent-d-count 4 --d-reuse-distance 4 --commit-interval 32 --pending-mbarriers 1 --wait-mode nocount --smem-base-offset 0 --interference-mode none --interference-ops-per-iter 0 --interference-warps 4 --active-blocks 0
status=ok
experiment=07_config_matrix
gpu=NVIDIA Thor
compute_capability=11.0
sm_count=20
active_blocks=20
dtype=bf16
shape=m128n128k16
m=128
n=128
k=16
layout=none
q=32
iterations=128
collector_protocol=discard
collector_reuse=0
ws_mode=0
ws_buffer_count=1
operand_address_mode=pingpong
input_d=0
tmem_columns=512
d_base_column=0
d_tile_base_delta=128
independent_d_count=4
d_reuse_distance=4
commit_interval=32
pending_mbarriers=1
wait_polling_mode=nocount
smem_base_offset=0
interference_mode=none
interference_ops_per_iter=0
interference_warps=4
elapsed_cycles=3678987
poll_count=0
max_abs_error=0.832031250
guard_ok=1
interference_sink=0.000000000

$ /xplorer/shijy/CUDA_optimazation/microbench/mma_config/07_config_matrix/build/tcgen05_07_config_matrix_bench --dtype bf16 --shape m128n128k16 --layout none --q 32 --iterations 128 --collector-protocol discard --collector-reuse 0 --ws 0 --ws-buffer-count 1 --operand-address-mode pingpong --input-d 0 --tmem-columns 512 --d-base-column 0 --d-tile-base-delta 128 --independent-d-count 4 --d-reuse-distance 4 --commit-interval 32 --pending-mbarriers 1 --wait-mode nocount --smem-base-offset 0 --interference-mode none --interference-ops-per-iter 0 --interference-warps 4 --active-blocks 0
status=ok
experiment=07_config_matrix
gpu=NVIDIA Thor
compute_capability=11.0
sm_count=20
active_blocks=20
dtype=bf16
shape=m128n128k16
m=128
n=128
k=16
layout=none
q=32
iterations=128
collector_protocol=discard
collector_reuse=0
ws_mode=0
ws_buffer_count=1
operand_address_mode=pingpong
input_d=0
tmem_columns=512
d_base_column=0
d_tile_base_delta=128
independent_d_count=4
d_reuse_distance=4
commit_interval=32
pending_mbarriers=1
wait_polling_mode=nocount
smem_base_offset=0
interference_mode=none
interference_ops_per_iter=0
interference_warps=4
elapsed_cycles=3678994
poll_count=0
max_abs_error=0.832031250
guard_ok=1
interference_sink=0.000000000

$ /xplorer/shijy/CUDA_optimazation/microbench/mma_config/07_config_matrix/build/tcgen05_07_config_matrix_bench --dtype bf16 --shape m128n128k16 --layout none --q 32 --iterations 128 --collector-protocol discard --collector-reuse 0 --ws 0 --ws-buffer-count 1 --operand-address-mode pingpong --input-d 0 --tmem-columns 512 --d-base-column 0 --d-tile-base-delta 128 --independent-d-count 4 --d-reuse-distance 4 --commit-interval 32 --pending-mbarriers 1 --wait-mode nocount --smem-base-offset 0 --interference-mode none --interference-ops-per-iter 0 --interference-warps 4 --active-blocks 0
status=ok
experiment=07_config_matrix
gpu=NVIDIA Thor
compute_capability=11.0
sm_count=20
active_blocks=20
dtype=bf16
shape=m128n128k16
m=128
n=128
k=16
layout=none
q=32
iterations=128
collector_protocol=discard
collector_reuse=0
ws_mode=0
ws_buffer_count=1
operand_address_mode=pingpong
input_d=0
tmem_columns=512
d_base_column=0
d_tile_base_delta=128
independent_d_count=4
d_reuse_distance=4
commit_interval=32
pending_mbarriers=1
wait_polling_mode=nocount
smem_base_offset=0
interference_mode=none
interference_ops_per_iter=0
interference_warps=4
elapsed_cycles=3678990
poll_count=0
max_abs_error=0.832031250
guard_ok=1
interference_sink=0.000000000

$ /xplorer/shijy/CUDA_optimazation/microbench/mma_config/07_config_matrix/build/tcgen05_07_config_matrix_bench --dtype bf16 --shape m128n128k16 --layout none --q 32 --iterations 128 --collector-protocol discard --collector-reuse 0 --ws 0 --ws-buffer-count 1 --operand-address-mode pingpong --input-d 0 --tmem-columns 512 --d-base-column 0 --d-tile-base-delta 128 --independent-d-count 4 --d-reuse-distance 4 --commit-interval 32 --pending-mbarriers 1 --wait-mode nocount --smem-base-offset 0 --interference-mode none --interference-ops-per-iter 0 --interference-warps 4 --active-blocks 0
status=ok
experiment=07_config_matrix
gpu=NVIDIA Thor
compute_capability=11.0
sm_count=20
active_blocks=20
dtype=bf16
shape=m128n128k16
m=128
n=128
k=16
layout=none
q=32
iterations=128
collector_protocol=discard
collector_reuse=0
ws_mode=0
ws_buffer_count=1
operand_address_mode=pingpong
input_d=0
tmem_columns=512
d_base_column=0
d_tile_base_delta=128
independent_d_count=4
d_reuse_distance=4
commit_interval=32
pending_mbarriers=1
wait_polling_mode=nocount
smem_base_offset=0
interference_mode=none
interference_ops_per_iter=0
interference_warps=4
elapsed_cycles=3678958
poll_count=0
max_abs_error=0.832031250
guard_ok=1
interference_sink=0.000000000

$ /xplorer/shijy/CUDA_optimazation/microbench/mma_config/07_config_matrix/build/tcgen05_07_config_matrix_bench --dtype bf16 --shape m128n128k16 --layout none --q 32 --iterations 128 --collector-protocol discard --collector-reuse 0 --ws 0 --ws-buffer-count 1 --operand-address-mode pingpong --input-d 0 --tmem-columns 512 --d-base-column 0 --d-tile-base-delta 128 --independent-d-count 4 --d-reuse-distance 4 --commit-interval 32 --pending-mbarriers 1 --wait-mode nocount --smem-base-offset 0 --interference-mode none --interference-ops-per-iter 0 --interference-warps 4 --active-blocks 0
status=ok
experiment=07_config_matrix
gpu=NVIDIA Thor
compute_capability=11.0
sm_count=20
active_blocks=20
dtype=bf16
shape=m128n128k16
m=128
n=128
k=16
layout=none
q=32
iterations=128
collector_protocol=discard
collector_reuse=0
ws_mode=0
ws_buffer_count=1
operand_address_mode=pingpong
input_d=0
tmem_columns=512
d_base_column=0
d_tile_base_delta=128
independent_d_count=4
d_reuse_distance=4
commit_interval=32
pending_mbarriers=1
wait_polling_mode=nocount
smem_base_offset=0
interference_mode=none
interference_ops_per_iter=0
interference_warps=4
elapsed_cycles=3678962
poll_count=0
max_abs_error=0.832031250
guard_ok=1
interference_sink=0.000000000

$ /xplorer/shijy/CUDA_optimazation/microbench/mma_config/07_config_matrix/build/tcgen05_07_config_matrix_bench --dtype bf16 --shape m128n64k16 --layout none --q 32 --iterations 128 --collector-protocol discard --collector-reuse 0 --ws 0 --ws-buffer-count 1 --operand-address-mode pingpong --input-d 0 --tmem-columns 512 --d-base-column 0 --d-tile-base-delta 64 --independent-d-count 8 --d-reuse-distance 8 --commit-interval 32 --pending-mbarriers 1 --wait-mode nocount --smem-base-offset 0 --interference-mode none --interference-ops-per-iter 0 --interference-warps 4 --active-blocks 0
status=ok
experiment=07_config_matrix
gpu=NVIDIA Thor
compute_capability=11.0
sm_count=20
active_blocks=20
dtype=bf16
shape=m128n64k16
m=128
n=64
k=16
layout=none
q=32
iterations=128
collector_protocol=discard
collector_reuse=0
ws_mode=0
ws_buffer_count=1
operand_address_mode=pingpong
input_d=0
tmem_columns=512
d_base_column=0
d_tile_base_delta=64
independent_d_count=8
d_reuse_distance=8
commit_interval=32
pending_mbarriers=1
wait_polling_mode=nocount
smem_base_offset=0
interference_mode=none
interference_ops_per_iter=0
interference_warps=4
elapsed_cycles=3678580
poll_count=0
max_abs_error=0.832031250
guard_ok=1
interference_sink=0.000000000

$ /xplorer/shijy/CUDA_optimazation/microbench/mma_config/07_config_matrix/build/tcgen05_07_config_matrix_bench --dtype bf16 --shape m128n64k16 --layout none --q 32 --iterations 128 --collector-protocol discard --collector-reuse 0 --ws 0 --ws-buffer-count 1 --operand-address-mode pingpong --input-d 0 --tmem-columns 512 --d-base-column 0 --d-tile-base-delta 64 --independent-d-count 8 --d-reuse-distance 8 --commit-interval 32 --pending-mbarriers 1 --wait-mode nocount --smem-base-offset 0 --interference-mode none --interference-ops-per-iter 0 --interference-warps 4 --active-blocks 0
status=ok
experiment=07_config_matrix
gpu=NVIDIA Thor
compute_capability=11.0
sm_count=20
active_blocks=20
dtype=bf16
shape=m128n64k16
m=128
n=64
k=16
layout=none
q=32
iterations=128
collector_protocol=discard
collector_reuse=0
ws_mode=0
ws_buffer_count=1
operand_address_mode=pingpong
input_d=0
tmem_columns=512
d_base_column=0
d_tile_base_delta=64
independent_d_count=8
d_reuse_distance=8
commit_interval=32
pending_mbarriers=1
wait_polling_mode=nocount
smem_base_offset=0
interference_mode=none
interference_ops_per_iter=0
interference_warps=4
elapsed_cycles=3678578
poll_count=0
max_abs_error=0.832031250
guard_ok=1
interference_sink=0.000000000

$ /xplorer/shijy/CUDA_optimazation/microbench/mma_config/07_config_matrix/build/tcgen05_07_config_matrix_bench --dtype bf16 --shape m128n64k16 --layout none --q 32 --iterations 128 --collector-protocol discard --collector-reuse 0 --ws 0 --ws-buffer-count 1 --operand-address-mode pingpong --input-d 0 --tmem-columns 512 --d-base-column 0 --d-tile-base-delta 64 --independent-d-count 8 --d-reuse-distance 8 --commit-interval 32 --pending-mbarriers 1 --wait-mode nocount --smem-base-offset 0 --interference-mode none --interference-ops-per-iter 0 --interference-warps 4 --active-blocks 0
status=ok
experiment=07_config_matrix
gpu=NVIDIA Thor
compute_capability=11.0
sm_count=20
active_blocks=20
dtype=bf16
shape=m128n64k16
m=128
n=64
k=16
layout=none
q=32
iterations=128
collector_protocol=discard
collector_reuse=0
ws_mode=0
ws_buffer_count=1
operand_address_mode=pingpong
input_d=0
tmem_columns=512
d_base_column=0
d_tile_base_delta=64
independent_d_count=8
d_reuse_distance=8
commit_interval=32
pending_mbarriers=1
wait_polling_mode=nocount
smem_base_offset=0
interference_mode=none
interference_ops_per_iter=0
interference_warps=4
elapsed_cycles=3678581
poll_count=0
max_abs_error=0.832031250
guard_ok=1
interference_sink=0.000000000

$ /xplorer/shijy/CUDA_optimazation/microbench/mma_config/07_config_matrix/build/tcgen05_07_config_matrix_bench --dtype bf16 --shape m128n64k16 --layout none --q 32 --iterations 128 --collector-protocol discard --collector-reuse 0 --ws 0 --ws-buffer-count 1 --operand-address-mode pingpong --input-d 0 --tmem-columns 512 --d-base-column 0 --d-tile-base-delta 64 --independent-d-count 8 --d-reuse-distance 8 --commit-interval 32 --pending-mbarriers 1 --wait-mode nocount --smem-base-offset 0 --interference-mode none --interference-ops-per-iter 0 --interference-warps 4 --active-blocks 0
status=ok
experiment=07_config_matrix
gpu=NVIDIA Thor
compute_capability=11.0
sm_count=20
active_blocks=20
dtype=bf16
shape=m128n64k16
m=128
n=64
k=16
layout=none
q=32
iterations=128
collector_protocol=discard
collector_reuse=0
ws_mode=0
ws_buffer_count=1
operand_address_mode=pingpong
input_d=0
tmem_columns=512
d_base_column=0
d_tile_base_delta=64
independent_d_count=8
d_reuse_distance=8
commit_interval=32
pending_mbarriers=1
wait_polling_mode=nocount
smem_base_offset=0
interference_mode=none
interference_ops_per_iter=0
interference_warps=4
elapsed_cycles=3678582
poll_count=0
max_abs_error=0.832031250
guard_ok=1
interference_sink=0.000000000

$ /xplorer/shijy/CUDA_optimazation/microbench/mma_config/07_config_matrix/build/tcgen05_07_config_matrix_bench --dtype bf16 --shape m128n64k16 --layout none --q 32 --iterations 128 --collector-protocol discard --collector-reuse 0 --ws 0 --ws-buffer-count 1 --operand-address-mode pingpong --input-d 0 --tmem-columns 512 --d-base-column 0 --d-tile-base-delta 64 --independent-d-count 8 --d-reuse-distance 8 --commit-interval 32 --pending-mbarriers 1 --wait-mode nocount --smem-base-offset 0 --interference-mode none --interference-ops-per-iter 0 --interference-warps 4 --active-blocks 0
status=ok
experiment=07_config_matrix
gpu=NVIDIA Thor
compute_capability=11.0
sm_count=20
active_blocks=20
dtype=bf16
shape=m128n64k16
m=128
n=64
k=16
layout=none
q=32
iterations=128
collector_protocol=discard
collector_reuse=0
ws_mode=0
ws_buffer_count=1
operand_address_mode=pingpong
input_d=0
tmem_columns=512
d_base_column=0
d_tile_base_delta=64
independent_d_count=8
d_reuse_distance=8
commit_interval=32
pending_mbarriers=1
wait_polling_mode=nocount
smem_base_offset=0
interference_mode=none
interference_ops_per_iter=0
interference_warps=4
elapsed_cycles=3678578
poll_count=0
max_abs_error=0.832031250
guard_ok=1
interference_sink=0.000000000

$ /xplorer/shijy/CUDA_optimazation/microbench/mma_config/07_config_matrix/build/tcgen05_07_config_matrix_bench --dtype fp16 --shape m128n128k16 --layout none --q 32 --iterations 128 --collector-protocol discard --collector-reuse 0 --ws 0 --ws-buffer-count 1 --operand-address-mode pingpong --input-d 0 --tmem-columns 256 --d-base-column 0 --d-tile-base-delta 128 --independent-d-count 2 --d-reuse-distance 2 --commit-interval 32 --pending-mbarriers 1 --wait-mode nocount --smem-base-offset 0 --interference-mode none --interference-ops-per-iter 0 --interference-warps 4 --active-blocks 0
status=ok
experiment=07_config_matrix
gpu=NVIDIA Thor
compute_capability=11.0
sm_count=20
active_blocks=20
dtype=fp16
shape=m128n128k16
m=128
n=128
k=16
layout=none
q=32
iterations=128
collector_protocol=discard
collector_reuse=0
ws_mode=0
ws_buffer_count=1
operand_address_mode=pingpong
input_d=0
tmem_columns=256
d_base_column=0
d_tile_base_delta=128
independent_d_count=2
d_reuse_distance=2
commit_interval=32
pending_mbarriers=1
wait_polling_mode=nocount
smem_base_offset=0
interference_mode=none
interference_ops_per_iter=0
interference_warps=4
elapsed_cycles=3678989
poll_count=0
max_abs_error=0.832031250
guard_ok=1
interference_sink=0.000000000

$ /xplorer/shijy/CUDA_optimazation/microbench/mma_config/07_config_matrix/build/tcgen05_07_config_matrix_bench --dtype fp16 --shape m128n128k16 --layout none --q 32 --iterations 128 --collector-protocol discard --collector-reuse 0 --ws 0 --ws-buffer-count 1 --operand-address-mode pingpong --input-d 0 --tmem-columns 256 --d-base-column 0 --d-tile-base-delta 128 --independent-d-count 2 --d-reuse-distance 2 --commit-interval 32 --pending-mbarriers 1 --wait-mode nocount --smem-base-offset 0 --interference-mode none --interference-ops-per-iter 0 --interference-warps 4 --active-blocks 0
status=ok
experiment=07_config_matrix
gpu=NVIDIA Thor
compute_capability=11.0
sm_count=20
active_blocks=20
dtype=fp16
shape=m128n128k16
m=128
n=128
k=16
layout=none
q=32
iterations=128
collector_protocol=discard
collector_reuse=0
ws_mode=0
ws_buffer_count=1
operand_address_mode=pingpong
input_d=0
tmem_columns=256
d_base_column=0
d_tile_base_delta=128
independent_d_count=2
d_reuse_distance=2
commit_interval=32
pending_mbarriers=1
wait_polling_mode=nocount
smem_base_offset=0
interference_mode=none
interference_ops_per_iter=0
interference_warps=4
elapsed_cycles=3678961
poll_count=0
max_abs_error=0.832031250
guard_ok=1
interference_sink=0.000000000

$ /xplorer/shijy/CUDA_optimazation/microbench/mma_config/07_config_matrix/build/tcgen05_07_config_matrix_bench --dtype fp16 --shape m128n128k16 --layout none --q 32 --iterations 128 --collector-protocol discard --collector-reuse 0 --ws 0 --ws-buffer-count 1 --operand-address-mode pingpong --input-d 0 --tmem-columns 256 --d-base-column 0 --d-tile-base-delta 128 --independent-d-count 2 --d-reuse-distance 2 --commit-interval 32 --pending-mbarriers 1 --wait-mode nocount --smem-base-offset 0 --interference-mode none --interference-ops-per-iter 0 --interference-warps 4 --active-blocks 0
status=ok
experiment=07_config_matrix
gpu=NVIDIA Thor
compute_capability=11.0
sm_count=20
active_blocks=20
dtype=fp16
shape=m128n128k16
m=128
n=128
k=16
layout=none
q=32
iterations=128
collector_protocol=discard
collector_reuse=0
ws_mode=0
ws_buffer_count=1
operand_address_mode=pingpong
input_d=0
tmem_columns=256
d_base_column=0
d_tile_base_delta=128
independent_d_count=2
d_reuse_distance=2
commit_interval=32
pending_mbarriers=1
wait_polling_mode=nocount
smem_base_offset=0
interference_mode=none
interference_ops_per_iter=0
interference_warps=4
elapsed_cycles=3678994
poll_count=0
max_abs_error=0.832031250
guard_ok=1
interference_sink=0.000000000

$ /xplorer/shijy/CUDA_optimazation/microbench/mma_config/07_config_matrix/build/tcgen05_07_config_matrix_bench --dtype fp16 --shape m128n128k16 --layout none --q 32 --iterations 128 --collector-protocol discard --collector-reuse 0 --ws 0 --ws-buffer-count 1 --operand-address-mode pingpong --input-d 0 --tmem-columns 256 --d-base-column 0 --d-tile-base-delta 128 --independent-d-count 2 --d-reuse-distance 2 --commit-interval 32 --pending-mbarriers 1 --wait-mode nocount --smem-base-offset 0 --interference-mode none --interference-ops-per-iter 0 --interference-warps 4 --active-blocks 0
status=ok
experiment=07_config_matrix
gpu=NVIDIA Thor
compute_capability=11.0
sm_count=20
active_blocks=20
dtype=fp16
shape=m128n128k16
m=128
n=128
k=16
layout=none
q=32
iterations=128
collector_protocol=discard
collector_reuse=0
ws_mode=0
ws_buffer_count=1
operand_address_mode=pingpong
input_d=0
tmem_columns=256
d_base_column=0
d_tile_base_delta=128
independent_d_count=2
d_reuse_distance=2
commit_interval=32
pending_mbarriers=1
wait_polling_mode=nocount
smem_base_offset=0
interference_mode=none
interference_ops_per_iter=0
interference_warps=4
elapsed_cycles=4359586
poll_count=0
max_abs_error=0.832031250
guard_ok=1
interference_sink=0.000000000

$ /xplorer/shijy/CUDA_optimazation/microbench/mma_config/07_config_matrix/build/tcgen05_07_config_matrix_bench --dtype fp16 --shape m128n128k16 --layout none --q 32 --iterations 128 --collector-protocol discard --collector-reuse 0 --ws 0 --ws-buffer-count 1 --operand-address-mode pingpong --input-d 0 --tmem-columns 256 --d-base-column 0 --d-tile-base-delta 128 --independent-d-count 2 --d-reuse-distance 2 --commit-interval 32 --pending-mbarriers 1 --wait-mode nocount --smem-base-offset 0 --interference-mode none --interference-ops-per-iter 0 --interference-warps 4 --active-blocks 0
status=ok
experiment=07_config_matrix
gpu=NVIDIA Thor
compute_capability=11.0
sm_count=20
active_blocks=20
dtype=fp16
shape=m128n128k16
m=128
n=128
k=16
layout=none
q=32
iterations=128
collector_protocol=discard
collector_reuse=0
ws_mode=0
ws_buffer_count=1
operand_address_mode=pingpong
input_d=0
tmem_columns=256
d_base_column=0
d_tile_base_delta=128
independent_d_count=2
d_reuse_distance=2
commit_interval=32
pending_mbarriers=1
wait_polling_mode=nocount
smem_base_offset=0
interference_mode=none
interference_ops_per_iter=0
interference_warps=4
elapsed_cycles=3678990
poll_count=0
max_abs_error=0.832031250
guard_ok=1
interference_sink=0.000000000

$ /xplorer/shijy/CUDA_optimazation/microbench/mma_config/07_config_matrix/build/tcgen05_07_config_matrix_bench --dtype bf16 --shape m128n128k16 --layout none --q 32 --iterations 128 --collector-protocol discard --collector-reuse 0 --ws 0 --ws-buffer-count 1 --operand-address-mode same --input-d 0 --tmem-columns 256 --d-base-column 0 --d-tile-base-delta 128 --independent-d-count 2 --d-reuse-distance 2 --commit-interval 32 --pending-mbarriers 1 --wait-mode nocount --smem-base-offset 0 --interference-mode none --interference-ops-per-iter 0 --interference-warps 4 --active-blocks 0
status=ok
experiment=07_config_matrix
gpu=NVIDIA Thor
compute_capability=11.0
sm_count=20
active_blocks=20
dtype=bf16
shape=m128n128k16
m=128
n=128
k=16
layout=none
q=32
iterations=128
collector_protocol=discard
collector_reuse=0
ws_mode=0
ws_buffer_count=1
operand_address_mode=same
input_d=0
tmem_columns=256
d_base_column=0
d_tile_base_delta=128
independent_d_count=2
d_reuse_distance=2
commit_interval=32
pending_mbarriers=1
wait_polling_mode=nocount
smem_base_offset=0
interference_mode=none
interference_ops_per_iter=0
interference_warps=4
elapsed_cycles=3678958
poll_count=0
max_abs_error=0.832031250
guard_ok=1
interference_sink=0.000000000

$ /xplorer/shijy/CUDA_optimazation/microbench/mma_config/07_config_matrix/build/tcgen05_07_config_matrix_bench --dtype bf16 --shape m128n128k16 --layout none --q 32 --iterations 128 --collector-protocol discard --collector-reuse 0 --ws 0 --ws-buffer-count 1 --operand-address-mode same --input-d 0 --tmem-columns 256 --d-base-column 0 --d-tile-base-delta 128 --independent-d-count 2 --d-reuse-distance 2 --commit-interval 32 --pending-mbarriers 1 --wait-mode nocount --smem-base-offset 0 --interference-mode none --interference-ops-per-iter 0 --interference-warps 4 --active-blocks 0
status=ok
experiment=07_config_matrix
gpu=NVIDIA Thor
compute_capability=11.0
sm_count=20
active_blocks=20
dtype=bf16
shape=m128n128k16
m=128
n=128
k=16
layout=none
q=32
iterations=128
collector_protocol=discard
collector_reuse=0
ws_mode=0
ws_buffer_count=1
operand_address_mode=same
input_d=0
tmem_columns=256
d_base_column=0
d_tile_base_delta=128
independent_d_count=2
d_reuse_distance=2
commit_interval=32
pending_mbarriers=1
wait_polling_mode=nocount
smem_base_offset=0
interference_mode=none
interference_ops_per_iter=0
interference_warps=4
elapsed_cycles=3678961
poll_count=0
max_abs_error=0.832031250
guard_ok=1
interference_sink=0.000000000

$ /xplorer/shijy/CUDA_optimazation/microbench/mma_config/07_config_matrix/build/tcgen05_07_config_matrix_bench --dtype bf16 --shape m128n128k16 --layout none --q 32 --iterations 128 --collector-protocol discard --collector-reuse 0 --ws 0 --ws-buffer-count 1 --operand-address-mode same --input-d 0 --tmem-columns 256 --d-base-column 0 --d-tile-base-delta 128 --independent-d-count 2 --d-reuse-distance 2 --commit-interval 32 --pending-mbarriers 1 --wait-mode nocount --smem-base-offset 0 --interference-mode none --interference-ops-per-iter 0 --interference-warps 4 --active-blocks 0
status=ok
experiment=07_config_matrix
gpu=NVIDIA Thor
compute_capability=11.0
sm_count=20
active_blocks=20
dtype=bf16
shape=m128n128k16
m=128
n=128
k=16
layout=none
q=32
iterations=128
collector_protocol=discard
collector_reuse=0
ws_mode=0
ws_buffer_count=1
operand_address_mode=same
input_d=0
tmem_columns=256
d_base_column=0
d_tile_base_delta=128
independent_d_count=2
d_reuse_distance=2
commit_interval=32
pending_mbarriers=1
wait_polling_mode=nocount
smem_base_offset=0
interference_mode=none
interference_ops_per_iter=0
interference_warps=4
elapsed_cycles=3678958
poll_count=0
max_abs_error=0.832031250
guard_ok=1
interference_sink=0.000000000

$ /xplorer/shijy/CUDA_optimazation/microbench/mma_config/07_config_matrix/build/tcgen05_07_config_matrix_bench --dtype bf16 --shape m128n128k16 --layout none --q 32 --iterations 128 --collector-protocol discard --collector-reuse 0 --ws 0 --ws-buffer-count 1 --operand-address-mode same --input-d 0 --tmem-columns 256 --d-base-column 0 --d-tile-base-delta 128 --independent-d-count 2 --d-reuse-distance 2 --commit-interval 32 --pending-mbarriers 1 --wait-mode nocount --smem-base-offset 0 --interference-mode none --interference-ops-per-iter 0 --interference-warps 4 --active-blocks 0
status=ok
experiment=07_config_matrix
gpu=NVIDIA Thor
compute_capability=11.0
sm_count=20
active_blocks=20
dtype=bf16
shape=m128n128k16
m=128
n=128
k=16
layout=none
q=32
iterations=128
collector_protocol=discard
collector_reuse=0
ws_mode=0
ws_buffer_count=1
operand_address_mode=same
input_d=0
tmem_columns=256
d_base_column=0
d_tile_base_delta=128
independent_d_count=2
d_reuse_distance=2
commit_interval=32
pending_mbarriers=1
wait_polling_mode=nocount
smem_base_offset=0
interference_mode=none
interference_ops_per_iter=0
interference_warps=4
elapsed_cycles=3678994
poll_count=0
max_abs_error=0.832031250
guard_ok=1
interference_sink=0.000000000

$ /xplorer/shijy/CUDA_optimazation/microbench/mma_config/07_config_matrix/build/tcgen05_07_config_matrix_bench --dtype bf16 --shape m128n128k16 --layout none --q 32 --iterations 128 --collector-protocol discard --collector-reuse 0 --ws 0 --ws-buffer-count 1 --operand-address-mode same --input-d 0 --tmem-columns 256 --d-base-column 0 --d-tile-base-delta 128 --independent-d-count 2 --d-reuse-distance 2 --commit-interval 32 --pending-mbarriers 1 --wait-mode nocount --smem-base-offset 0 --interference-mode none --interference-ops-per-iter 0 --interference-warps 4 --active-blocks 0
status=ok
experiment=07_config_matrix
gpu=NVIDIA Thor
compute_capability=11.0
sm_count=20
active_blocks=20
dtype=bf16
shape=m128n128k16
m=128
n=128
k=16
layout=none
q=32
iterations=128
collector_protocol=discard
collector_reuse=0
ws_mode=0
ws_buffer_count=1
operand_address_mode=same
input_d=0
tmem_columns=256
d_base_column=0
d_tile_base_delta=128
independent_d_count=2
d_reuse_distance=2
commit_interval=32
pending_mbarriers=1
wait_polling_mode=nocount
smem_base_offset=0
interference_mode=none
interference_ops_per_iter=0
interference_warps=4
elapsed_cycles=3678987
poll_count=0
max_abs_error=0.832031250
guard_ok=1
interference_sink=0.000000000

$ /xplorer/shijy/CUDA_optimazation/microbench/mma_config/07_config_matrix/build/tcgen05_07_config_matrix_bench --dtype fp16 --shape m128n128k16 --layout none --q 32 --iterations 128 --collector-protocol fill_use_lastuse --collector-reuse 3 --ws 0 --ws-buffer-count 1 --operand-address-mode pingpong --input-d 0 --tmem-columns 128 --d-base-column 0 --d-tile-base-delta 128 --independent-d-count 1 --d-reuse-distance 1 --commit-interval 32 --pending-mbarriers 1 --wait-mode nocount --smem-base-offset 0 --interference-mode none --interference-ops-per-iter 0 --interference-warps 4 --active-blocks 0
status=ok
experiment=07_config_matrix
gpu=NVIDIA Thor
compute_capability=11.0
sm_count=20
active_blocks=20
dtype=fp16
shape=m128n128k16
m=128
n=128
k=16
layout=none
q=32
iterations=128
collector_protocol=fill_use_lastuse
collector_reuse=3
ws_mode=0
ws_buffer_count=1
operand_address_mode=pingpong
input_d=0
tmem_columns=128
d_base_column=0
d_tile_base_delta=128
independent_d_count=1
d_reuse_distance=1
commit_interval=32
pending_mbarriers=1
wait_polling_mode=nocount
smem_base_offset=0
interference_mode=none
interference_ops_per_iter=0
interference_warps=4
elapsed_cycles=3282388
poll_count=0
max_abs_error=0.791015625
guard_ok=1
interference_sink=0.000000000

$ /xplorer/shijy/CUDA_optimazation/microbench/mma_config/07_config_matrix/build/tcgen05_07_config_matrix_bench --dtype fp16 --shape m128n128k16 --layout none --q 32 --iterations 128 --collector-protocol fill_use_lastuse --collector-reuse 3 --ws 0 --ws-buffer-count 1 --operand-address-mode pingpong --input-d 0 --tmem-columns 128 --d-base-column 0 --d-tile-base-delta 128 --independent-d-count 1 --d-reuse-distance 1 --commit-interval 32 --pending-mbarriers 1 --wait-mode nocount --smem-base-offset 0 --interference-mode none --interference-ops-per-iter 0 --interference-warps 4 --active-blocks 0
status=ok
experiment=07_config_matrix
gpu=NVIDIA Thor
compute_capability=11.0
sm_count=20
active_blocks=20
dtype=fp16
shape=m128n128k16
m=128
n=128
k=16
layout=none
q=32
iterations=128
collector_protocol=fill_use_lastuse
collector_reuse=3
ws_mode=0
ws_buffer_count=1
operand_address_mode=pingpong
input_d=0
tmem_columns=128
d_base_column=0
d_tile_base_delta=128
independent_d_count=1
d_reuse_distance=1
commit_interval=32
pending_mbarriers=1
wait_polling_mode=nocount
smem_base_offset=0
interference_mode=none
interference_ops_per_iter=0
interference_warps=4
elapsed_cycles=3281362
poll_count=0
max_abs_error=0.791015625
guard_ok=1
interference_sink=0.000000000

$ /xplorer/shijy/CUDA_optimazation/microbench/mma_config/07_config_matrix/build/tcgen05_07_config_matrix_bench --dtype fp16 --shape m128n128k16 --layout none --q 32 --iterations 128 --collector-protocol fill_use_lastuse --collector-reuse 3 --ws 0 --ws-buffer-count 1 --operand-address-mode pingpong --input-d 0 --tmem-columns 128 --d-base-column 0 --d-tile-base-delta 128 --independent-d-count 1 --d-reuse-distance 1 --commit-interval 32 --pending-mbarriers 1 --wait-mode nocount --smem-base-offset 0 --interference-mode none --interference-ops-per-iter 0 --interference-warps 4 --active-blocks 0
status=ok
experiment=07_config_matrix
gpu=NVIDIA Thor
compute_capability=11.0
sm_count=20
active_blocks=20
dtype=fp16
shape=m128n128k16
m=128
n=128
k=16
layout=none
q=32
iterations=128
collector_protocol=fill_use_lastuse
collector_reuse=3
ws_mode=0
ws_buffer_count=1
operand_address_mode=pingpong
input_d=0
tmem_columns=128
d_base_column=0
d_tile_base_delta=128
independent_d_count=1
d_reuse_distance=1
commit_interval=32
pending_mbarriers=1
wait_polling_mode=nocount
smem_base_offset=0
interference_mode=none
interference_ops_per_iter=0
interference_warps=4
elapsed_cycles=3281364
poll_count=0
max_abs_error=0.791015625
guard_ok=1
interference_sink=0.000000000

$ /xplorer/shijy/CUDA_optimazation/microbench/mma_config/07_config_matrix/build/tcgen05_07_config_matrix_bench --dtype fp16 --shape m128n128k16 --layout none --q 32 --iterations 128 --collector-protocol fill_use_lastuse --collector-reuse 3 --ws 0 --ws-buffer-count 1 --operand-address-mode pingpong --input-d 0 --tmem-columns 128 --d-base-column 0 --d-tile-base-delta 128 --independent-d-count 1 --d-reuse-distance 1 --commit-interval 32 --pending-mbarriers 1 --wait-mode nocount --smem-base-offset 0 --interference-mode none --interference-ops-per-iter 0 --interference-warps 4 --active-blocks 0
status=ok
experiment=07_config_matrix
gpu=NVIDIA Thor
compute_capability=11.0
sm_count=20
active_blocks=20
dtype=fp16
shape=m128n128k16
m=128
n=128
k=16
layout=none
q=32
iterations=128
collector_protocol=fill_use_lastuse
collector_reuse=3
ws_mode=0
ws_buffer_count=1
operand_address_mode=pingpong
input_d=0
tmem_columns=128
d_base_column=0
d_tile_base_delta=128
independent_d_count=1
d_reuse_distance=1
commit_interval=32
pending_mbarriers=1
wait_polling_mode=nocount
smem_base_offset=0
interference_mode=none
interference_ops_per_iter=0
interference_warps=4
elapsed_cycles=3281355
poll_count=0
max_abs_error=0.791015625
guard_ok=1
interference_sink=0.000000000

$ /xplorer/shijy/CUDA_optimazation/microbench/mma_config/07_config_matrix/build/tcgen05_07_config_matrix_bench --dtype fp16 --shape m128n128k16 --layout none --q 32 --iterations 128 --collector-protocol fill_use_lastuse --collector-reuse 3 --ws 0 --ws-buffer-count 1 --operand-address-mode pingpong --input-d 0 --tmem-columns 128 --d-base-column 0 --d-tile-base-delta 128 --independent-d-count 1 --d-reuse-distance 1 --commit-interval 32 --pending-mbarriers 1 --wait-mode nocount --smem-base-offset 0 --interference-mode none --interference-ops-per-iter 0 --interference-warps 4 --active-blocks 0
status=ok
experiment=07_config_matrix
gpu=NVIDIA Thor
compute_capability=11.0
sm_count=20
active_blocks=20
dtype=fp16
shape=m128n128k16
m=128
n=128
k=16
layout=none
q=32
iterations=128
collector_protocol=fill_use_lastuse
collector_reuse=3
ws_mode=0
ws_buffer_count=1
operand_address_mode=pingpong
input_d=0
tmem_columns=128
d_base_column=0
d_tile_base_delta=128
independent_d_count=1
d_reuse_distance=1
commit_interval=32
pending_mbarriers=1
wait_polling_mode=nocount
smem_base_offset=0
interference_mode=none
interference_ops_per_iter=0
interference_warps=4
elapsed_cycles=3281358
poll_count=0
max_abs_error=0.791015625
guard_ok=1
interference_sink=0.000000000

$ /xplorer/shijy/CUDA_optimazation/microbench/mma_config/07_config_matrix/build/tcgen05_07_config_matrix_bench --dtype fp16 --shape m128n128k16 --layout none --q 32 --iterations 128 --collector-protocol discard --collector-reuse 0 --ws 0 --ws-buffer-count 1 --operand-address-mode same --input-d 0 --tmem-columns 512 --d-base-column 0 --d-tile-base-delta 128 --independent-d-count 4 --d-reuse-distance 4 --commit-interval 32 --pending-mbarriers 1 --wait-mode nocount --smem-base-offset 0 --interference-mode none --interference-ops-per-iter 0 --interference-warps 4 --active-blocks 0
status=ok
experiment=07_config_matrix
gpu=NVIDIA Thor
compute_capability=11.0
sm_count=20
active_blocks=20
dtype=fp16
shape=m128n128k16
m=128
n=128
k=16
layout=none
q=32
iterations=128
collector_protocol=discard
collector_reuse=0
ws_mode=0
ws_buffer_count=1
operand_address_mode=same
input_d=0
tmem_columns=512
d_base_column=0
d_tile_base_delta=128
independent_d_count=4
d_reuse_distance=4
commit_interval=32
pending_mbarriers=1
wait_polling_mode=nocount
smem_base_offset=0
interference_mode=none
interference_ops_per_iter=0
interference_warps=4
elapsed_cycles=3678991
poll_count=0
max_abs_error=0.832031250
guard_ok=1
interference_sink=0.000000000

$ /xplorer/shijy/CUDA_optimazation/microbench/mma_config/07_config_matrix/build/tcgen05_07_config_matrix_bench --dtype fp16 --shape m128n128k16 --layout none --q 32 --iterations 128 --collector-protocol discard --collector-reuse 0 --ws 0 --ws-buffer-count 1 --operand-address-mode same --input-d 0 --tmem-columns 512 --d-base-column 0 --d-tile-base-delta 128 --independent-d-count 4 --d-reuse-distance 4 --commit-interval 32 --pending-mbarriers 1 --wait-mode nocount --smem-base-offset 0 --interference-mode none --interference-ops-per-iter 0 --interference-warps 4 --active-blocks 0
status=ok
experiment=07_config_matrix
gpu=NVIDIA Thor
compute_capability=11.0
sm_count=20
active_blocks=20
dtype=fp16
shape=m128n128k16
m=128
n=128
k=16
layout=none
q=32
iterations=128
collector_protocol=discard
collector_reuse=0
ws_mode=0
ws_buffer_count=1
operand_address_mode=same
input_d=0
tmem_columns=512
d_base_column=0
d_tile_base_delta=128
independent_d_count=4
d_reuse_distance=4
commit_interval=32
pending_mbarriers=1
wait_polling_mode=nocount
smem_base_offset=0
interference_mode=none
interference_ops_per_iter=0
interference_warps=4
elapsed_cycles=3678962
poll_count=0
max_abs_error=0.832031250
guard_ok=1
interference_sink=0.000000000

$ /xplorer/shijy/CUDA_optimazation/microbench/mma_config/07_config_matrix/build/tcgen05_07_config_matrix_bench --dtype fp16 --shape m128n128k16 --layout none --q 32 --iterations 128 --collector-protocol discard --collector-reuse 0 --ws 0 --ws-buffer-count 1 --operand-address-mode same --input-d 0 --tmem-columns 512 --d-base-column 0 --d-tile-base-delta 128 --independent-d-count 4 --d-reuse-distance 4 --commit-interval 32 --pending-mbarriers 1 --wait-mode nocount --smem-base-offset 0 --interference-mode none --interference-ops-per-iter 0 --interference-warps 4 --active-blocks 0
status=ok
experiment=07_config_matrix
gpu=NVIDIA Thor
compute_capability=11.0
sm_count=20
active_blocks=20
dtype=fp16
shape=m128n128k16
m=128
n=128
k=16
layout=none
q=32
iterations=128
collector_protocol=discard
collector_reuse=0
ws_mode=0
ws_buffer_count=1
operand_address_mode=same
input_d=0
tmem_columns=512
d_base_column=0
d_tile_base_delta=128
independent_d_count=4
d_reuse_distance=4
commit_interval=32
pending_mbarriers=1
wait_polling_mode=nocount
smem_base_offset=0
interference_mode=none
interference_ops_per_iter=0
interference_warps=4
elapsed_cycles=3678991
poll_count=0
max_abs_error=0.832031250
guard_ok=1
interference_sink=0.000000000

$ /xplorer/shijy/CUDA_optimazation/microbench/mma_config/07_config_matrix/build/tcgen05_07_config_matrix_bench --dtype fp16 --shape m128n128k16 --layout none --q 32 --iterations 128 --collector-protocol discard --collector-reuse 0 --ws 0 --ws-buffer-count 1 --operand-address-mode same --input-d 0 --tmem-columns 512 --d-base-column 0 --d-tile-base-delta 128 --independent-d-count 4 --d-reuse-distance 4 --commit-interval 32 --pending-mbarriers 1 --wait-mode nocount --smem-base-offset 0 --interference-mode none --interference-ops-per-iter 0 --interference-warps 4 --active-blocks 0
status=ok
experiment=07_config_matrix
gpu=NVIDIA Thor
compute_capability=11.0
sm_count=20
active_blocks=20
dtype=fp16
shape=m128n128k16
m=128
n=128
k=16
layout=none
q=32
iterations=128
collector_protocol=discard
collector_reuse=0
ws_mode=0
ws_buffer_count=1
operand_address_mode=same
input_d=0
tmem_columns=512
d_base_column=0
d_tile_base_delta=128
independent_d_count=4
d_reuse_distance=4
commit_interval=32
pending_mbarriers=1
wait_polling_mode=nocount
smem_base_offset=0
interference_mode=none
interference_ops_per_iter=0
interference_warps=4
elapsed_cycles=3678956
poll_count=0
max_abs_error=0.832031250
guard_ok=1
interference_sink=0.000000000

$ /xplorer/shijy/CUDA_optimazation/microbench/mma_config/07_config_matrix/build/tcgen05_07_config_matrix_bench --dtype fp16 --shape m128n128k16 --layout none --q 32 --iterations 128 --collector-protocol discard --collector-reuse 0 --ws 0 --ws-buffer-count 1 --operand-address-mode same --input-d 0 --tmem-columns 512 --d-base-column 0 --d-tile-base-delta 128 --independent-d-count 4 --d-reuse-distance 4 --commit-interval 32 --pending-mbarriers 1 --wait-mode nocount --smem-base-offset 0 --interference-mode none --interference-ops-per-iter 0 --interference-warps 4 --active-blocks 0
status=ok
experiment=07_config_matrix
gpu=NVIDIA Thor
compute_capability=11.0
sm_count=20
active_blocks=20
dtype=fp16
shape=m128n128k16
m=128
n=128
k=16
layout=none
q=32
iterations=128
collector_protocol=discard
collector_reuse=0
ws_mode=0
ws_buffer_count=1
operand_address_mode=same
input_d=0
tmem_columns=512
d_base_column=0
d_tile_base_delta=128
independent_d_count=4
d_reuse_distance=4
commit_interval=32
pending_mbarriers=1
wait_polling_mode=nocount
smem_base_offset=0
interference_mode=none
interference_ops_per_iter=0
interference_warps=4
elapsed_cycles=3678992
poll_count=0
max_abs_error=0.832031250
guard_ok=1
interference_sink=0.000000000

$ /xplorer/shijy/CUDA_optimazation/microbench/mma_config/07_config_matrix/build/tcgen05_07_config_matrix_bench --dtype bf16 --shape m128n128k16 --layout none --q 32 --iterations 128 --collector-protocol discard --collector-reuse 0 --ws 0 --ws-buffer-count 1 --operand-address-mode pingpong --input-d 0 --tmem-columns 128 --d-base-column 0 --d-tile-base-delta 128 --independent-d-count 1 --d-reuse-distance 1 --commit-interval 32 --pending-mbarriers 1 --wait-mode nocount --smem-base-offset 0 --interference-mode none --interference-ops-per-iter 0 --interference-warps 4 --active-blocks 0
status=ok
experiment=07_config_matrix
gpu=NVIDIA Thor
compute_capability=11.0
sm_count=20
active_blocks=20
dtype=bf16
shape=m128n128k16
m=128
n=128
k=16
layout=none
q=32
iterations=128
collector_protocol=discard
collector_reuse=0
ws_mode=0
ws_buffer_count=1
operand_address_mode=pingpong
input_d=0
tmem_columns=128
d_base_column=0
d_tile_base_delta=128
independent_d_count=1
d_reuse_distance=1
commit_interval=32
pending_mbarriers=1
wait_polling_mode=nocount
smem_base_offset=0
interference_mode=none
interference_ops_per_iter=0
interference_warps=4
elapsed_cycles=3181153
poll_count=0
max_abs_error=0.791015625
guard_ok=1
interference_sink=0.000000000

$ /xplorer/shijy/CUDA_optimazation/microbench/mma_config/07_config_matrix/build/tcgen05_07_config_matrix_bench --dtype bf16 --shape m128n128k16 --layout none --q 32 --iterations 128 --collector-protocol discard --collector-reuse 0 --ws 0 --ws-buffer-count 1 --operand-address-mode pingpong --input-d 0 --tmem-columns 128 --d-base-column 0 --d-tile-base-delta 128 --independent-d-count 1 --d-reuse-distance 1 --commit-interval 32 --pending-mbarriers 1 --wait-mode nocount --smem-base-offset 0 --interference-mode none --interference-ops-per-iter 0 --interference-warps 4 --active-blocks 0
status=ok
experiment=07_config_matrix
gpu=NVIDIA Thor
compute_capability=11.0
sm_count=20
active_blocks=20
dtype=bf16
shape=m128n128k16
m=128
n=128
k=16
layout=none
q=32
iterations=128
collector_protocol=discard
collector_reuse=0
ws_mode=0
ws_buffer_count=1
operand_address_mode=pingpong
input_d=0
tmem_columns=128
d_base_column=0
d_tile_base_delta=128
independent_d_count=1
d_reuse_distance=1
commit_interval=32
pending_mbarriers=1
wait_polling_mode=nocount
smem_base_offset=0
interference_mode=none
interference_ops_per_iter=0
interference_warps=4
elapsed_cycles=3181154
poll_count=0
max_abs_error=0.791015625
guard_ok=1
interference_sink=0.000000000

$ /xplorer/shijy/CUDA_optimazation/microbench/mma_config/07_config_matrix/build/tcgen05_07_config_matrix_bench --dtype bf16 --shape m128n128k16 --layout none --q 32 --iterations 128 --collector-protocol discard --collector-reuse 0 --ws 0 --ws-buffer-count 1 --operand-address-mode pingpong --input-d 0 --tmem-columns 128 --d-base-column 0 --d-tile-base-delta 128 --independent-d-count 1 --d-reuse-distance 1 --commit-interval 32 --pending-mbarriers 1 --wait-mode nocount --smem-base-offset 0 --interference-mode none --interference-ops-per-iter 0 --interference-warps 4 --active-blocks 0
status=ok
experiment=07_config_matrix
gpu=NVIDIA Thor
compute_capability=11.0
sm_count=20
active_blocks=20
dtype=bf16
shape=m128n128k16
m=128
n=128
k=16
layout=none
q=32
iterations=128
collector_protocol=discard
collector_reuse=0
ws_mode=0
ws_buffer_count=1
operand_address_mode=pingpong
input_d=0
tmem_columns=128
d_base_column=0
d_tile_base_delta=128
independent_d_count=1
d_reuse_distance=1
commit_interval=32
pending_mbarriers=1
wait_polling_mode=nocount
smem_base_offset=0
interference_mode=none
interference_ops_per_iter=0
interference_warps=4
elapsed_cycles=3181146
poll_count=0
max_abs_error=0.791015625
guard_ok=1
interference_sink=0.000000000

$ /xplorer/shijy/CUDA_optimazation/microbench/mma_config/07_config_matrix/build/tcgen05_07_config_matrix_bench --dtype bf16 --shape m128n128k16 --layout none --q 32 --iterations 128 --collector-protocol discard --collector-reuse 0 --ws 0 --ws-buffer-count 1 --operand-address-mode pingpong --input-d 0 --tmem-columns 128 --d-base-column 0 --d-tile-base-delta 128 --independent-d-count 1 --d-reuse-distance 1 --commit-interval 32 --pending-mbarriers 1 --wait-mode nocount --smem-base-offset 0 --interference-mode none --interference-ops-per-iter 0 --interference-warps 4 --active-blocks 0
status=ok
experiment=07_config_matrix
gpu=NVIDIA Thor
compute_capability=11.0
sm_count=20
active_blocks=20
dtype=bf16
shape=m128n128k16
m=128
n=128
k=16
layout=none
q=32
iterations=128
collector_protocol=discard
collector_reuse=0
ws_mode=0
ws_buffer_count=1
operand_address_mode=pingpong
input_d=0
tmem_columns=128
d_base_column=0
d_tile_base_delta=128
independent_d_count=1
d_reuse_distance=1
commit_interval=32
pending_mbarriers=1
wait_polling_mode=nocount
smem_base_offset=0
interference_mode=none
interference_ops_per_iter=0
interference_warps=4
elapsed_cycles=3181147
poll_count=0
max_abs_error=0.791015625
guard_ok=1
interference_sink=0.000000000

$ /xplorer/shijy/CUDA_optimazation/microbench/mma_config/07_config_matrix/build/tcgen05_07_config_matrix_bench --dtype bf16 --shape m128n128k16 --layout none --q 32 --iterations 128 --collector-protocol discard --collector-reuse 0 --ws 0 --ws-buffer-count 1 --operand-address-mode pingpong --input-d 0 --tmem-columns 128 --d-base-column 0 --d-tile-base-delta 128 --independent-d-count 1 --d-reuse-distance 1 --commit-interval 32 --pending-mbarriers 1 --wait-mode nocount --smem-base-offset 0 --interference-mode none --interference-ops-per-iter 0 --interference-warps 4 --active-blocks 0
status=ok
experiment=07_config_matrix
gpu=NVIDIA Thor
compute_capability=11.0
sm_count=20
active_blocks=20
dtype=bf16
shape=m128n128k16
m=128
n=128
k=16
layout=none
q=32
iterations=128
collector_protocol=discard
collector_reuse=0
ws_mode=0
ws_buffer_count=1
operand_address_mode=pingpong
input_d=0
tmem_columns=128
d_base_column=0
d_tile_base_delta=128
independent_d_count=1
d_reuse_distance=1
commit_interval=32
pending_mbarriers=1
wait_polling_mode=nocount
smem_base_offset=0
interference_mode=none
interference_ops_per_iter=0
interference_warps=4
elapsed_cycles=3181156
poll_count=0
max_abs_error=0.791015625
guard_ok=1
interference_sink=0.000000000

$ /xplorer/shijy/CUDA_optimazation/microbench/mma_config/07_config_matrix/build/tcgen05_07_config_matrix_bench --dtype bf16 --shape m128n64k16 --layout none --q 32 --iterations 128 --collector-protocol discard --collector-reuse 0 --ws 0 --ws-buffer-count 1 --operand-address-mode pingpong --input-d 0 --tmem-columns 256 --d-base-column 0 --d-tile-base-delta 64 --independent-d-count 4 --d-reuse-distance 4 --commit-interval 32 --pending-mbarriers 1 --wait-mode nocount --smem-base-offset 0 --interference-mode none --interference-ops-per-iter 0 --interference-warps 4 --active-blocks 0
status=ok
experiment=07_config_matrix
gpu=NVIDIA Thor
compute_capability=11.0
sm_count=20
active_blocks=20
dtype=bf16
shape=m128n64k16
m=128
n=64
k=16
layout=none
q=32
iterations=128
collector_protocol=discard
collector_reuse=0
ws_mode=0
ws_buffer_count=1
operand_address_mode=pingpong
input_d=0
tmem_columns=256
d_base_column=0
d_tile_base_delta=64
independent_d_count=4
d_reuse_distance=4
commit_interval=32
pending_mbarriers=1
wait_polling_mode=nocount
smem_base_offset=0
interference_mode=none
interference_ops_per_iter=0
interference_warps=4
elapsed_cycles=3678614
poll_count=0
max_abs_error=0.832031250
guard_ok=1
interference_sink=0.000000000

$ /xplorer/shijy/CUDA_optimazation/microbench/mma_config/07_config_matrix/build/tcgen05_07_config_matrix_bench --dtype bf16 --shape m128n64k16 --layout none --q 32 --iterations 128 --collector-protocol discard --collector-reuse 0 --ws 0 --ws-buffer-count 1 --operand-address-mode pingpong --input-d 0 --tmem-columns 256 --d-base-column 0 --d-tile-base-delta 64 --independent-d-count 4 --d-reuse-distance 4 --commit-interval 32 --pending-mbarriers 1 --wait-mode nocount --smem-base-offset 0 --interference-mode none --interference-ops-per-iter 0 --interference-warps 4 --active-blocks 0
status=ok
experiment=07_config_matrix
gpu=NVIDIA Thor
compute_capability=11.0
sm_count=20
active_blocks=20
dtype=bf16
shape=m128n64k16
m=128
n=64
k=16
layout=none
q=32
iterations=128
collector_protocol=discard
collector_reuse=0
ws_mode=0
ws_buffer_count=1
operand_address_mode=pingpong
input_d=0
tmem_columns=256
d_base_column=0
d_tile_base_delta=64
independent_d_count=4
d_reuse_distance=4
commit_interval=32
pending_mbarriers=1
wait_polling_mode=nocount
smem_base_offset=0
interference_mode=none
interference_ops_per_iter=0
interference_warps=4
elapsed_cycles=3678617
poll_count=0
max_abs_error=0.832031250
guard_ok=1
interference_sink=0.000000000

$ /xplorer/shijy/CUDA_optimazation/microbench/mma_config/07_config_matrix/build/tcgen05_07_config_matrix_bench --dtype bf16 --shape m128n64k16 --layout none --q 32 --iterations 128 --collector-protocol discard --collector-reuse 0 --ws 0 --ws-buffer-count 1 --operand-address-mode pingpong --input-d 0 --tmem-columns 256 --d-base-column 0 --d-tile-base-delta 64 --independent-d-count 4 --d-reuse-distance 4 --commit-interval 32 --pending-mbarriers 1 --wait-mode nocount --smem-base-offset 0 --interference-mode none --interference-ops-per-iter 0 --interference-warps 4 --active-blocks 0
status=ok
experiment=07_config_matrix
gpu=NVIDIA Thor
compute_capability=11.0
sm_count=20
active_blocks=20
dtype=bf16
shape=m128n64k16
m=128
n=64
k=16
layout=none
q=32
iterations=128
collector_protocol=discard
collector_reuse=0
ws_mode=0
ws_buffer_count=1
operand_address_mode=pingpong
input_d=0
tmem_columns=256
d_base_column=0
d_tile_base_delta=64
independent_d_count=4
d_reuse_distance=4
commit_interval=32
pending_mbarriers=1
wait_polling_mode=nocount
smem_base_offset=0
interference_mode=none
interference_ops_per_iter=0
interference_warps=4
elapsed_cycles=3678581
poll_count=0
max_abs_error=0.832031250
guard_ok=1
interference_sink=0.000000000

$ /xplorer/shijy/CUDA_optimazation/microbench/mma_config/07_config_matrix/build/tcgen05_07_config_matrix_bench --dtype bf16 --shape m128n64k16 --layout none --q 32 --iterations 128 --collector-protocol discard --collector-reuse 0 --ws 0 --ws-buffer-count 1 --operand-address-mode pingpong --input-d 0 --tmem-columns 256 --d-base-column 0 --d-tile-base-delta 64 --independent-d-count 4 --d-reuse-distance 4 --commit-interval 32 --pending-mbarriers 1 --wait-mode nocount --smem-base-offset 0 --interference-mode none --interference-ops-per-iter 0 --interference-warps 4 --active-blocks 0
status=ok
experiment=07_config_matrix
gpu=NVIDIA Thor
compute_capability=11.0
sm_count=20
active_blocks=20
dtype=bf16
shape=m128n64k16
m=128
n=64
k=16
layout=none
q=32
iterations=128
collector_protocol=discard
collector_reuse=0
ws_mode=0
ws_buffer_count=1
operand_address_mode=pingpong
input_d=0
tmem_columns=256
d_base_column=0
d_tile_base_delta=64
independent_d_count=4
d_reuse_distance=4
commit_interval=32
pending_mbarriers=1
wait_polling_mode=nocount
smem_base_offset=0
interference_mode=none
interference_ops_per_iter=0
interference_warps=4
elapsed_cycles=3678578
poll_count=0
max_abs_error=0.832031250
guard_ok=1
interference_sink=0.000000000

$ /xplorer/shijy/CUDA_optimazation/microbench/mma_config/07_config_matrix/build/tcgen05_07_config_matrix_bench --dtype bf16 --shape m128n64k16 --layout none --q 32 --iterations 128 --collector-protocol discard --collector-reuse 0 --ws 0 --ws-buffer-count 1 --operand-address-mode pingpong --input-d 0 --tmem-columns 256 --d-base-column 0 --d-tile-base-delta 64 --independent-d-count 4 --d-reuse-distance 4 --commit-interval 32 --pending-mbarriers 1 --wait-mode nocount --smem-base-offset 0 --interference-mode none --interference-ops-per-iter 0 --interference-warps 4 --active-blocks 0
status=ok
experiment=07_config_matrix
gpu=NVIDIA Thor
compute_capability=11.0
sm_count=20
active_blocks=20
dtype=bf16
shape=m128n64k16
m=128
n=64
k=16
layout=none
q=32
iterations=128
collector_protocol=discard
collector_reuse=0
ws_mode=0
ws_buffer_count=1
operand_address_mode=pingpong
input_d=0
tmem_columns=256
d_base_column=0
d_tile_base_delta=64
independent_d_count=4
d_reuse_distance=4
commit_interval=32
pending_mbarriers=1
wait_polling_mode=nocount
smem_base_offset=0
interference_mode=none
interference_ops_per_iter=0
interference_warps=4
elapsed_cycles=3678580
poll_count=0
max_abs_error=0.832031250
guard_ok=1
interference_sink=0.000000000

$ /xplorer/shijy/CUDA_optimazation/microbench/mma_config/07_config_matrix/build/tcgen05_07_config_matrix_bench --dtype bf16 --shape m128n256k16 --layout none --q 32 --iterations 128 --collector-protocol discard --collector-reuse 0 --ws 0 --ws-buffer-count 1 --operand-address-mode pingpong --input-d 0 --tmem-columns 256 --d-base-column 0 --d-tile-base-delta 256 --independent-d-count 1 --d-reuse-distance 1 --commit-interval 32 --pending-mbarriers 1 --wait-mode nocount --smem-base-offset 0 --interference-mode none --interference-ops-per-iter 0 --interference-warps 4 --active-blocks 0
status=ok
experiment=07_config_matrix
gpu=NVIDIA Thor
compute_capability=11.0
sm_count=20
active_blocks=20
dtype=bf16
shape=m128n256k16
m=128
n=256
k=16
layout=none
q=32
iterations=128
collector_protocol=discard
collector_reuse=0
ws_mode=0
ws_buffer_count=1
operand_address_mode=pingpong
input_d=0
tmem_columns=256
d_base_column=0
d_tile_base_delta=256
independent_d_count=1
d_reuse_distance=1
commit_interval=32
pending_mbarriers=1
wait_polling_mode=nocount
smem_base_offset=0
interference_mode=none
interference_ops_per_iter=0
interference_warps=4
elapsed_cycles=3181786
poll_count=0
max_abs_error=0.791015625
guard_ok=1
interference_sink=0.000000000

$ /xplorer/shijy/CUDA_optimazation/microbench/mma_config/07_config_matrix/build/tcgen05_07_config_matrix_bench --dtype bf16 --shape m128n256k16 --layout none --q 32 --iterations 128 --collector-protocol discard --collector-reuse 0 --ws 0 --ws-buffer-count 1 --operand-address-mode pingpong --input-d 0 --tmem-columns 256 --d-base-column 0 --d-tile-base-delta 256 --independent-d-count 1 --d-reuse-distance 1 --commit-interval 32 --pending-mbarriers 1 --wait-mode nocount --smem-base-offset 0 --interference-mode none --interference-ops-per-iter 0 --interference-warps 4 --active-blocks 0
status=ok
experiment=07_config_matrix
gpu=NVIDIA Thor
compute_capability=11.0
sm_count=20
active_blocks=20
dtype=bf16
shape=m128n256k16
m=128
n=256
k=16
layout=none
q=32
iterations=128
collector_protocol=discard
collector_reuse=0
ws_mode=0
ws_buffer_count=1
operand_address_mode=pingpong
input_d=0
tmem_columns=256
d_base_column=0
d_tile_base_delta=256
independent_d_count=1
d_reuse_distance=1
commit_interval=32
pending_mbarriers=1
wait_polling_mode=nocount
smem_base_offset=0
interference_mode=none
interference_ops_per_iter=0
interference_warps=4
elapsed_cycles=3181547
poll_count=0
max_abs_error=0.791015625
guard_ok=1
interference_sink=0.000000000

$ /xplorer/shijy/CUDA_optimazation/microbench/mma_config/07_config_matrix/build/tcgen05_07_config_matrix_bench --dtype bf16 --shape m128n256k16 --layout none --q 32 --iterations 128 --collector-protocol discard --collector-reuse 0 --ws 0 --ws-buffer-count 1 --operand-address-mode pingpong --input-d 0 --tmem-columns 256 --d-base-column 0 --d-tile-base-delta 256 --independent-d-count 1 --d-reuse-distance 1 --commit-interval 32 --pending-mbarriers 1 --wait-mode nocount --smem-base-offset 0 --interference-mode none --interference-ops-per-iter 0 --interference-warps 4 --active-blocks 0
status=ok
experiment=07_config_matrix
gpu=NVIDIA Thor
compute_capability=11.0
sm_count=20
active_blocks=20
dtype=bf16
shape=m128n256k16
m=128
n=256
k=16
layout=none
q=32
iterations=128
collector_protocol=discard
collector_reuse=0
ws_mode=0
ws_buffer_count=1
operand_address_mode=pingpong
input_d=0
tmem_columns=256
d_base_column=0
d_tile_base_delta=256
independent_d_count=1
d_reuse_distance=1
commit_interval=32
pending_mbarriers=1
wait_polling_mode=nocount
smem_base_offset=0
interference_mode=none
interference_ops_per_iter=0
interference_warps=4
elapsed_cycles=3181545
poll_count=0
max_abs_error=0.791015625
guard_ok=1
interference_sink=0.000000000

$ /xplorer/shijy/CUDA_optimazation/microbench/mma_config/07_config_matrix/build/tcgen05_07_config_matrix_bench --dtype bf16 --shape m128n256k16 --layout none --q 32 --iterations 128 --collector-protocol discard --collector-reuse 0 --ws 0 --ws-buffer-count 1 --operand-address-mode pingpong --input-d 0 --tmem-columns 256 --d-base-column 0 --d-tile-base-delta 256 --independent-d-count 1 --d-reuse-distance 1 --commit-interval 32 --pending-mbarriers 1 --wait-mode nocount --smem-base-offset 0 --interference-mode none --interference-ops-per-iter 0 --interference-warps 4 --active-blocks 0
status=ok
experiment=07_config_matrix
gpu=NVIDIA Thor
compute_capability=11.0
sm_count=20
active_blocks=20
dtype=bf16
shape=m128n256k16
m=128
n=256
k=16
layout=none
q=32
iterations=128
collector_protocol=discard
collector_reuse=0
ws_mode=0
ws_buffer_count=1
operand_address_mode=pingpong
input_d=0
tmem_columns=256
d_base_column=0
d_tile_base_delta=256
independent_d_count=1
d_reuse_distance=1
commit_interval=32
pending_mbarriers=1
wait_polling_mode=nocount
smem_base_offset=0
interference_mode=none
interference_ops_per_iter=0
interference_warps=4
elapsed_cycles=3181787
poll_count=0
max_abs_error=0.791015625
guard_ok=1
interference_sink=0.000000000

$ /xplorer/shijy/CUDA_optimazation/microbench/mma_config/07_config_matrix/build/tcgen05_07_config_matrix_bench --dtype bf16 --shape m128n256k16 --layout none --q 32 --iterations 128 --collector-protocol discard --collector-reuse 0 --ws 0 --ws-buffer-count 1 --operand-address-mode pingpong --input-d 0 --tmem-columns 256 --d-base-column 0 --d-tile-base-delta 256 --independent-d-count 1 --d-reuse-distance 1 --commit-interval 32 --pending-mbarriers 1 --wait-mode nocount --smem-base-offset 0 --interference-mode none --interference-ops-per-iter 0 --interference-warps 4 --active-blocks 0
status=ok
experiment=07_config_matrix
gpu=NVIDIA Thor
compute_capability=11.0
sm_count=20
active_blocks=20
dtype=bf16
shape=m128n256k16
m=128
n=256
k=16
layout=none
q=32
iterations=128
collector_protocol=discard
collector_reuse=0
ws_mode=0
ws_buffer_count=1
operand_address_mode=pingpong
input_d=0
tmem_columns=256
d_base_column=0
d_tile_base_delta=256
independent_d_count=1
d_reuse_distance=1
commit_interval=32
pending_mbarriers=1
wait_polling_mode=nocount
smem_base_offset=0
interference_mode=none
interference_ops_per_iter=0
interference_warps=4
elapsed_cycles=3181545
poll_count=0
max_abs_error=0.791015625
guard_ok=1
interference_sink=0.000000000

$ /xplorer/shijy/CUDA_optimazation/microbench/mma_config/07_config_matrix/build/tcgen05_07_config_matrix_bench --dtype fp16 --shape m128n128k16 --layout none --q 32 --iterations 128 --collector-protocol fill_use_lastuse --collector-reuse 3 --ws 0 --ws-buffer-count 1 --operand-address-mode same --input-d 0 --tmem-columns 512 --d-base-column 0 --d-tile-base-delta 128 --independent-d-count 4 --d-reuse-distance 4 --commit-interval 32 --pending-mbarriers 1 --wait-mode nocount --smem-base-offset 0 --interference-mode none --interference-ops-per-iter 0 --interference-warps 4 --active-blocks 0
status=ok
experiment=07_config_matrix
gpu=NVIDIA Thor
compute_capability=11.0
sm_count=20
active_blocks=20
dtype=fp16
shape=m128n128k16
m=128
n=128
k=16
layout=none
q=32
iterations=128
collector_protocol=fill_use_lastuse
collector_reuse=3
ws_mode=0
ws_buffer_count=1
operand_address_mode=same
input_d=0
tmem_columns=512
d_base_column=0
d_tile_base_delta=128
independent_d_count=4
d_reuse_distance=4
commit_interval=32
pending_mbarriers=1
wait_polling_mode=nocount
smem_base_offset=0
interference_mode=none
interference_ops_per_iter=0
interference_warps=4
elapsed_cycles=4276867
poll_count=0
max_abs_error=0.832031250
guard_ok=1
interference_sink=0.000000000

$ /xplorer/shijy/CUDA_optimazation/microbench/mma_config/07_config_matrix/build/tcgen05_07_config_matrix_bench --dtype fp16 --shape m128n128k16 --layout none --q 32 --iterations 128 --collector-protocol fill_use_lastuse --collector-reuse 3 --ws 0 --ws-buffer-count 1 --operand-address-mode same --input-d 0 --tmem-columns 512 --d-base-column 0 --d-tile-base-delta 128 --independent-d-count 4 --d-reuse-distance 4 --commit-interval 32 --pending-mbarriers 1 --wait-mode nocount --smem-base-offset 0 --interference-mode none --interference-ops-per-iter 0 --interference-warps 4 --active-blocks 0
status=ok
experiment=07_config_matrix
gpu=NVIDIA Thor
compute_capability=11.0
sm_count=20
active_blocks=20
dtype=fp16
shape=m128n128k16
m=128
n=128
k=16
layout=none
q=32
iterations=128
collector_protocol=fill_use_lastuse
collector_reuse=3
ws_mode=0
ws_buffer_count=1
operand_address_mode=same
input_d=0
tmem_columns=512
d_base_column=0
d_tile_base_delta=128
independent_d_count=4
d_reuse_distance=4
commit_interval=32
pending_mbarriers=1
wait_polling_mode=nocount
smem_base_offset=0
interference_mode=none
interference_ops_per_iter=0
interference_warps=4
elapsed_cycles=3779417
poll_count=0
max_abs_error=0.832031250
guard_ok=1
interference_sink=0.000000000

$ /xplorer/shijy/CUDA_optimazation/microbench/mma_config/07_config_matrix/build/tcgen05_07_config_matrix_bench --dtype fp16 --shape m128n128k16 --layout none --q 32 --iterations 128 --collector-protocol fill_use_lastuse --collector-reuse 3 --ws 0 --ws-buffer-count 1 --operand-address-mode same --input-d 0 --tmem-columns 512 --d-base-column 0 --d-tile-base-delta 128 --independent-d-count 4 --d-reuse-distance 4 --commit-interval 32 --pending-mbarriers 1 --wait-mode nocount --smem-base-offset 0 --interference-mode none --interference-ops-per-iter 0 --interference-warps 4 --active-blocks 0
status=ok
experiment=07_config_matrix
gpu=NVIDIA Thor
compute_capability=11.0
sm_count=20
active_blocks=20
dtype=fp16
shape=m128n128k16
m=128
n=128
k=16
layout=none
q=32
iterations=128
collector_protocol=fill_use_lastuse
collector_reuse=3
ws_mode=0
ws_buffer_count=1
operand_address_mode=same
input_d=0
tmem_columns=512
d_base_column=0
d_tile_base_delta=128
independent_d_count=4
d_reuse_distance=4
commit_interval=32
pending_mbarriers=1
wait_polling_mode=nocount
smem_base_offset=0
interference_mode=none
interference_ops_per_iter=0
interference_warps=4
elapsed_cycles=3779410
poll_count=0
max_abs_error=0.832031250
guard_ok=1
interference_sink=0.000000000

$ /xplorer/shijy/CUDA_optimazation/microbench/mma_config/07_config_matrix/build/tcgen05_07_config_matrix_bench --dtype fp16 --shape m128n128k16 --layout none --q 32 --iterations 128 --collector-protocol fill_use_lastuse --collector-reuse 3 --ws 0 --ws-buffer-count 1 --operand-address-mode same --input-d 0 --tmem-columns 512 --d-base-column 0 --d-tile-base-delta 128 --independent-d-count 4 --d-reuse-distance 4 --commit-interval 32 --pending-mbarriers 1 --wait-mode nocount --smem-base-offset 0 --interference-mode none --interference-ops-per-iter 0 --interference-warps 4 --active-blocks 0
status=ok
experiment=07_config_matrix
gpu=NVIDIA Thor
compute_capability=11.0
sm_count=20
active_blocks=20
dtype=fp16
shape=m128n128k16
m=128
n=128
k=16
layout=none
q=32
iterations=128
collector_protocol=fill_use_lastuse
collector_reuse=3
ws_mode=0
ws_buffer_count=1
operand_address_mode=same
input_d=0
tmem_columns=512
d_base_column=0
d_tile_base_delta=128
independent_d_count=4
d_reuse_distance=4
commit_interval=32
pending_mbarriers=1
wait_polling_mode=nocount
smem_base_offset=0
interference_mode=none
interference_ops_per_iter=0
interference_warps=4
elapsed_cycles=3779413
poll_count=0
max_abs_error=0.832031250
guard_ok=1
interference_sink=0.000000000

$ /xplorer/shijy/CUDA_optimazation/microbench/mma_config/07_config_matrix/build/tcgen05_07_config_matrix_bench --dtype fp16 --shape m128n128k16 --layout none --q 32 --iterations 128 --collector-protocol fill_use_lastuse --collector-reuse 3 --ws 0 --ws-buffer-count 1 --operand-address-mode same --input-d 0 --tmem-columns 512 --d-base-column 0 --d-tile-base-delta 128 --independent-d-count 4 --d-reuse-distance 4 --commit-interval 32 --pending-mbarriers 1 --wait-mode nocount --smem-base-offset 0 --interference-mode none --interference-ops-per-iter 0 --interference-warps 4 --active-blocks 0
status=ok
experiment=07_config_matrix
gpu=NVIDIA Thor
compute_capability=11.0
sm_count=20
active_blocks=20
dtype=fp16
shape=m128n128k16
m=128
n=128
k=16
layout=none
q=32
iterations=128
collector_protocol=fill_use_lastuse
collector_reuse=3
ws_mode=0
ws_buffer_count=1
operand_address_mode=same
input_d=0
tmem_columns=512
d_base_column=0
d_tile_base_delta=128
independent_d_count=4
d_reuse_distance=4
commit_interval=32
pending_mbarriers=1
wait_polling_mode=nocount
smem_base_offset=0
interference_mode=none
interference_ops_per_iter=0
interference_warps=4
elapsed_cycles=3779415
poll_count=0
max_abs_error=0.832031250
guard_ok=1
interference_sink=0.000000000

$ /xplorer/shijy/CUDA_optimazation/microbench/mma_config/07_config_matrix/build/tcgen05_07_config_matrix_bench --dtype fp16 --shape m128n128k16 --layout none --q 32 --iterations 128 --collector-protocol discard --collector-reuse 0 --ws 0 --ws-buffer-count 1 --operand-address-mode pingpong --input-d 0 --tmem-columns 512 --d-base-column 0 --d-tile-base-delta 128 --independent-d-count 4 --d-reuse-distance 4 --commit-interval 32 --pending-mbarriers 1 --wait-mode nocount --smem-base-offset 0 --interference-mode none --interference-ops-per-iter 0 --interference-warps 4 --active-blocks 0
status=ok
experiment=07_config_matrix
gpu=NVIDIA Thor
compute_capability=11.0
sm_count=20
active_blocks=20
dtype=fp16
shape=m128n128k16
m=128
n=128
k=16
layout=none
q=32
iterations=128
collector_protocol=discard
collector_reuse=0
ws_mode=0
ws_buffer_count=1
operand_address_mode=pingpong
input_d=0
tmem_columns=512
d_base_column=0
d_tile_base_delta=128
independent_d_count=4
d_reuse_distance=4
commit_interval=32
pending_mbarriers=1
wait_polling_mode=nocount
smem_base_offset=0
interference_mode=none
interference_ops_per_iter=0
interference_warps=4
elapsed_cycles=3678994
poll_count=0
max_abs_error=0.832031250
guard_ok=1
interference_sink=0.000000000

$ /xplorer/shijy/CUDA_optimazation/microbench/mma_config/07_config_matrix/build/tcgen05_07_config_matrix_bench --dtype fp16 --shape m128n128k16 --layout none --q 32 --iterations 128 --collector-protocol discard --collector-reuse 0 --ws 0 --ws-buffer-count 1 --operand-address-mode pingpong --input-d 0 --tmem-columns 512 --d-base-column 0 --d-tile-base-delta 128 --independent-d-count 4 --d-reuse-distance 4 --commit-interval 32 --pending-mbarriers 1 --wait-mode nocount --smem-base-offset 0 --interference-mode none --interference-ops-per-iter 0 --interference-warps 4 --active-blocks 0
status=ok
experiment=07_config_matrix
gpu=NVIDIA Thor
compute_capability=11.0
sm_count=20
active_blocks=20
dtype=fp16
shape=m128n128k16
m=128
n=128
k=16
layout=none
q=32
iterations=128
collector_protocol=discard
collector_reuse=0
ws_mode=0
ws_buffer_count=1
operand_address_mode=pingpong
input_d=0
tmem_columns=512
d_base_column=0
d_tile_base_delta=128
independent_d_count=4
d_reuse_distance=4
commit_interval=32
pending_mbarriers=1
wait_polling_mode=nocount
smem_base_offset=0
interference_mode=none
interference_ops_per_iter=0
interference_warps=4
elapsed_cycles=3678959
poll_count=0
max_abs_error=0.832031250
guard_ok=1
interference_sink=0.000000000

$ /xplorer/shijy/CUDA_optimazation/microbench/mma_config/07_config_matrix/build/tcgen05_07_config_matrix_bench --dtype fp16 --shape m128n128k16 --layout none --q 32 --iterations 128 --collector-protocol discard --collector-reuse 0 --ws 0 --ws-buffer-count 1 --operand-address-mode pingpong --input-d 0 --tmem-columns 512 --d-base-column 0 --d-tile-base-delta 128 --independent-d-count 4 --d-reuse-distance 4 --commit-interval 32 --pending-mbarriers 1 --wait-mode nocount --smem-base-offset 0 --interference-mode none --interference-ops-per-iter 0 --interference-warps 4 --active-blocks 0
status=ok
experiment=07_config_matrix
gpu=NVIDIA Thor
compute_capability=11.0
sm_count=20
active_blocks=20
dtype=fp16
shape=m128n128k16
m=128
n=128
k=16
layout=none
q=32
iterations=128
collector_protocol=discard
collector_reuse=0
ws_mode=0
ws_buffer_count=1
operand_address_mode=pingpong
input_d=0
tmem_columns=512
d_base_column=0
d_tile_base_delta=128
independent_d_count=4
d_reuse_distance=4
commit_interval=32
pending_mbarriers=1
wait_polling_mode=nocount
smem_base_offset=0
interference_mode=none
interference_ops_per_iter=0
interference_warps=4
elapsed_cycles=3678957
poll_count=0
max_abs_error=0.832031250
guard_ok=1
interference_sink=0.000000000

$ /xplorer/shijy/CUDA_optimazation/microbench/mma_config/07_config_matrix/build/tcgen05_07_config_matrix_bench --dtype fp16 --shape m128n128k16 --layout none --q 32 --iterations 128 --collector-protocol discard --collector-reuse 0 --ws 0 --ws-buffer-count 1 --operand-address-mode pingpong --input-d 0 --tmem-columns 512 --d-base-column 0 --d-tile-base-delta 128 --independent-d-count 4 --d-reuse-distance 4 --commit-interval 32 --pending-mbarriers 1 --wait-mode nocount --smem-base-offset 0 --interference-mode none --interference-ops-per-iter 0 --interference-warps 4 --active-blocks 0
status=ok
experiment=07_config_matrix
gpu=NVIDIA Thor
compute_capability=11.0
sm_count=20
active_blocks=20
dtype=fp16
shape=m128n128k16
m=128
n=128
k=16
layout=none
q=32
iterations=128
collector_protocol=discard
collector_reuse=0
ws_mode=0
ws_buffer_count=1
operand_address_mode=pingpong
input_d=0
tmem_columns=512
d_base_column=0
d_tile_base_delta=128
independent_d_count=4
d_reuse_distance=4
commit_interval=32
pending_mbarriers=1
wait_polling_mode=nocount
smem_base_offset=0
interference_mode=none
interference_ops_per_iter=0
interference_warps=4
elapsed_cycles=3678981
poll_count=0
max_abs_error=0.832031250
guard_ok=1
interference_sink=0.000000000

$ /xplorer/shijy/CUDA_optimazation/microbench/mma_config/07_config_matrix/build/tcgen05_07_config_matrix_bench --dtype fp16 --shape m128n128k16 --layout none --q 32 --iterations 128 --collector-protocol discard --collector-reuse 0 --ws 0 --ws-buffer-count 1 --operand-address-mode pingpong --input-d 0 --tmem-columns 512 --d-base-column 0 --d-tile-base-delta 128 --independent-d-count 4 --d-reuse-distance 4 --commit-interval 32 --pending-mbarriers 1 --wait-mode nocount --smem-base-offset 0 --interference-mode none --interference-ops-per-iter 0 --interference-warps 4 --active-blocks 0
status=ok
experiment=07_config_matrix
gpu=NVIDIA Thor
compute_capability=11.0
sm_count=20
active_blocks=20
dtype=fp16
shape=m128n128k16
m=128
n=128
k=16
layout=none
q=32
iterations=128
collector_protocol=discard
collector_reuse=0
ws_mode=0
ws_buffer_count=1
operand_address_mode=pingpong
input_d=0
tmem_columns=512
d_base_column=0
d_tile_base_delta=128
independent_d_count=4
d_reuse_distance=4
commit_interval=32
pending_mbarriers=1
wait_polling_mode=nocount
smem_base_offset=0
interference_mode=none
interference_ops_per_iter=0
interference_warps=4
elapsed_cycles=3678996
poll_count=0
max_abs_error=0.832031250
guard_ok=1
interference_sink=0.000000000

$ /xplorer/shijy/CUDA_optimazation/microbench/mma_config/07_config_matrix/build/tcgen05_07_config_matrix_bench --dtype bf16 --shape m128n128k16 --layout none --q 32 --iterations 128 --collector-protocol fill_use_lastuse --collector-reuse 3 --ws 0 --ws-buffer-count 1 --operand-address-mode same --input-d 0 --tmem-columns 512 --d-base-column 0 --d-tile-base-delta 128 --independent-d-count 4 --d-reuse-distance 4 --commit-interval 32 --pending-mbarriers 1 --wait-mode nocount --smem-base-offset 0 --interference-mode none --interference-ops-per-iter 0 --interference-warps 4 --active-blocks 0
status=ok
experiment=07_config_matrix
gpu=NVIDIA Thor
compute_capability=11.0
sm_count=20
active_blocks=20
dtype=bf16
shape=m128n128k16
m=128
n=128
k=16
layout=none
q=32
iterations=128
collector_protocol=fill_use_lastuse
collector_reuse=3
ws_mode=0
ws_buffer_count=1
operand_address_mode=same
input_d=0
tmem_columns=512
d_base_column=0
d_tile_base_delta=128
independent_d_count=4
d_reuse_distance=4
commit_interval=32
pending_mbarriers=1
wait_polling_mode=nocount
smem_base_offset=0
interference_mode=none
interference_ops_per_iter=0
interference_warps=4
elapsed_cycles=3779411
poll_count=0
max_abs_error=0.832031250
guard_ok=1
interference_sink=0.000000000

$ /xplorer/shijy/CUDA_optimazation/microbench/mma_config/07_config_matrix/build/tcgen05_07_config_matrix_bench --dtype bf16 --shape m128n128k16 --layout none --q 32 --iterations 128 --collector-protocol fill_use_lastuse --collector-reuse 3 --ws 0 --ws-buffer-count 1 --operand-address-mode same --input-d 0 --tmem-columns 512 --d-base-column 0 --d-tile-base-delta 128 --independent-d-count 4 --d-reuse-distance 4 --commit-interval 32 --pending-mbarriers 1 --wait-mode nocount --smem-base-offset 0 --interference-mode none --interference-ops-per-iter 0 --interference-warps 4 --active-blocks 0
status=ok
experiment=07_config_matrix
gpu=NVIDIA Thor
compute_capability=11.0
sm_count=20
active_blocks=20
dtype=bf16
shape=m128n128k16
m=128
n=128
k=16
layout=none
q=32
iterations=128
collector_protocol=fill_use_lastuse
collector_reuse=3
ws_mode=0
ws_buffer_count=1
operand_address_mode=same
input_d=0
tmem_columns=512
d_base_column=0
d_tile_base_delta=128
independent_d_count=4
d_reuse_distance=4
commit_interval=32
pending_mbarriers=1
wait_polling_mode=nocount
smem_base_offset=0
interference_mode=none
interference_ops_per_iter=0
interference_warps=4
elapsed_cycles=3779418
poll_count=0
max_abs_error=0.832031250
guard_ok=1
interference_sink=0.000000000

$ /xplorer/shijy/CUDA_optimazation/microbench/mma_config/07_config_matrix/build/tcgen05_07_config_matrix_bench --dtype bf16 --shape m128n128k16 --layout none --q 32 --iterations 128 --collector-protocol fill_use_lastuse --collector-reuse 3 --ws 0 --ws-buffer-count 1 --operand-address-mode same --input-d 0 --tmem-columns 512 --d-base-column 0 --d-tile-base-delta 128 --independent-d-count 4 --d-reuse-distance 4 --commit-interval 32 --pending-mbarriers 1 --wait-mode nocount --smem-base-offset 0 --interference-mode none --interference-ops-per-iter 0 --interference-warps 4 --active-blocks 0
status=ok
experiment=07_config_matrix
gpu=NVIDIA Thor
compute_capability=11.0
sm_count=20
active_blocks=20
dtype=bf16
shape=m128n128k16
m=128
n=128
k=16
layout=none
q=32
iterations=128
collector_protocol=fill_use_lastuse
collector_reuse=3
ws_mode=0
ws_buffer_count=1
operand_address_mode=same
input_d=0
tmem_columns=512
d_base_column=0
d_tile_base_delta=128
independent_d_count=4
d_reuse_distance=4
commit_interval=32
pending_mbarriers=1
wait_polling_mode=nocount
smem_base_offset=0
interference_mode=none
interference_ops_per_iter=0
interference_warps=4
elapsed_cycles=3779415
poll_count=0
max_abs_error=0.832031250
guard_ok=1
interference_sink=0.000000000

$ /xplorer/shijy/CUDA_optimazation/microbench/mma_config/07_config_matrix/build/tcgen05_07_config_matrix_bench --dtype bf16 --shape m128n128k16 --layout none --q 32 --iterations 128 --collector-protocol fill_use_lastuse --collector-reuse 3 --ws 0 --ws-buffer-count 1 --operand-address-mode same --input-d 0 --tmem-columns 512 --d-base-column 0 --d-tile-base-delta 128 --independent-d-count 4 --d-reuse-distance 4 --commit-interval 32 --pending-mbarriers 1 --wait-mode nocount --smem-base-offset 0 --interference-mode none --interference-ops-per-iter 0 --interference-warps 4 --active-blocks 0
status=ok
experiment=07_config_matrix
gpu=NVIDIA Thor
compute_capability=11.0
sm_count=20
active_blocks=20
dtype=bf16
shape=m128n128k16
m=128
n=128
k=16
layout=none
q=32
iterations=128
collector_protocol=fill_use_lastuse
collector_reuse=3
ws_mode=0
ws_buffer_count=1
operand_address_mode=same
input_d=0
tmem_columns=512
d_base_column=0
d_tile_base_delta=128
independent_d_count=4
d_reuse_distance=4
commit_interval=32
pending_mbarriers=1
wait_polling_mode=nocount
smem_base_offset=0
interference_mode=none
interference_ops_per_iter=0
interference_warps=4
elapsed_cycles=3779413
poll_count=0
max_abs_error=0.832031250
guard_ok=1
interference_sink=0.000000000

$ /xplorer/shijy/CUDA_optimazation/microbench/mma_config/07_config_matrix/build/tcgen05_07_config_matrix_bench --dtype bf16 --shape m128n128k16 --layout none --q 32 --iterations 128 --collector-protocol fill_use_lastuse --collector-reuse 3 --ws 0 --ws-buffer-count 1 --operand-address-mode same --input-d 0 --tmem-columns 512 --d-base-column 0 --d-tile-base-delta 128 --independent-d-count 4 --d-reuse-distance 4 --commit-interval 32 --pending-mbarriers 1 --wait-mode nocount --smem-base-offset 0 --interference-mode none --interference-ops-per-iter 0 --interference-warps 4 --active-blocks 0
status=ok
experiment=07_config_matrix
gpu=NVIDIA Thor
compute_capability=11.0
sm_count=20
active_blocks=20
dtype=bf16
shape=m128n128k16
m=128
n=128
k=16
layout=none
q=32
iterations=128
collector_protocol=fill_use_lastuse
collector_reuse=3
ws_mode=0
ws_buffer_count=1
operand_address_mode=same
input_d=0
tmem_columns=512
d_base_column=0
d_tile_base_delta=128
independent_d_count=4
d_reuse_distance=4
commit_interval=32
pending_mbarriers=1
wait_polling_mode=nocount
smem_base_offset=0
interference_mode=none
interference_ops_per_iter=0
interference_warps=4
elapsed_cycles=3779415
poll_count=0
max_abs_error=0.832031250
guard_ok=1
interference_sink=0.000000000

$ /xplorer/shijy/CUDA_optimazation/microbench/mma_config/07_config_matrix/build/tcgen05_07_config_matrix_bench --dtype fp16 --shape m128n256k16 --layout none --q 32 --iterations 128 --collector-protocol fill_use_lastuse --collector-reuse 3 --ws 0 --ws-buffer-count 1 --operand-address-mode pingpong --input-d 0 --tmem-columns 512 --d-base-column 0 --d-tile-base-delta 256 --independent-d-count 2 --d-reuse-distance 2 --commit-interval 32 --pending-mbarriers 1 --wait-mode nocount --smem-base-offset 0 --interference-mode none --interference-ops-per-iter 0 --interference-warps 4 --active-blocks 0
status=ok
experiment=07_config_matrix
gpu=NVIDIA Thor
compute_capability=11.0
sm_count=20
active_blocks=20
dtype=fp16
shape=m128n256k16
m=128
n=256
k=16
layout=none
q=32
iterations=128
collector_protocol=fill_use_lastuse
collector_reuse=3
ws_mode=0
ws_buffer_count=1
operand_address_mode=pingpong
input_d=0
tmem_columns=512
d_base_column=0
d_tile_base_delta=256
independent_d_count=2
d_reuse_distance=2
commit_interval=32
pending_mbarriers=1
wait_polling_mode=nocount
smem_base_offset=0
interference_mode=none
interference_ops_per_iter=0
interference_warps=4
elapsed_cycles=3778479
poll_count=0
max_abs_error=0.832031250
guard_ok=1
interference_sink=0.000000000

$ /xplorer/shijy/CUDA_optimazation/microbench/mma_config/07_config_matrix/build/tcgen05_07_config_matrix_bench --dtype fp16 --shape m128n256k16 --layout none --q 32 --iterations 128 --collector-protocol fill_use_lastuse --collector-reuse 3 --ws 0 --ws-buffer-count 1 --operand-address-mode pingpong --input-d 0 --tmem-columns 512 --d-base-column 0 --d-tile-base-delta 256 --independent-d-count 2 --d-reuse-distance 2 --commit-interval 32 --pending-mbarriers 1 --wait-mode nocount --smem-base-offset 0 --interference-mode none --interference-ops-per-iter 0 --interference-warps 4 --active-blocks 0
status=ok
experiment=07_config_matrix
gpu=NVIDIA Thor
compute_capability=11.0
sm_count=20
active_blocks=20
dtype=fp16
shape=m128n256k16
m=128
n=256
k=16
layout=none
q=32
iterations=128
collector_protocol=fill_use_lastuse
collector_reuse=3
ws_mode=0
ws_buffer_count=1
operand_address_mode=pingpong
input_d=0
tmem_columns=512
d_base_column=0
d_tile_base_delta=256
independent_d_count=2
d_reuse_distance=2
commit_interval=32
pending_mbarriers=1
wait_polling_mode=nocount
smem_base_offset=0
interference_mode=none
interference_ops_per_iter=0
interference_warps=4
elapsed_cycles=3778359
poll_count=0
max_abs_error=0.832031250
guard_ok=1
interference_sink=0.000000000

$ /xplorer/shijy/CUDA_optimazation/microbench/mma_config/07_config_matrix/build/tcgen05_07_config_matrix_bench --dtype fp16 --shape m128n256k16 --layout none --q 32 --iterations 128 --collector-protocol fill_use_lastuse --collector-reuse 3 --ws 0 --ws-buffer-count 1 --operand-address-mode pingpong --input-d 0 --tmem-columns 512 --d-base-column 0 --d-tile-base-delta 256 --independent-d-count 2 --d-reuse-distance 2 --commit-interval 32 --pending-mbarriers 1 --wait-mode nocount --smem-base-offset 0 --interference-mode none --interference-ops-per-iter 0 --interference-warps 4 --active-blocks 0
status=ok
experiment=07_config_matrix
gpu=NVIDIA Thor
compute_capability=11.0
sm_count=20
active_blocks=20
dtype=fp16
shape=m128n256k16
m=128
n=256
k=16
layout=none
q=32
iterations=128
collector_protocol=fill_use_lastuse
collector_reuse=3
ws_mode=0
ws_buffer_count=1
operand_address_mode=pingpong
input_d=0
tmem_columns=512
d_base_column=0
d_tile_base_delta=256
independent_d_count=2
d_reuse_distance=2
commit_interval=32
pending_mbarriers=1
wait_polling_mode=nocount
smem_base_offset=0
interference_mode=none
interference_ops_per_iter=0
interference_warps=4
elapsed_cycles=3778481
poll_count=0
max_abs_error=0.832031250
guard_ok=1
interference_sink=0.000000000

$ /xplorer/shijy/CUDA_optimazation/microbench/mma_config/07_config_matrix/build/tcgen05_07_config_matrix_bench --dtype fp16 --shape m128n256k16 --layout none --q 32 --iterations 128 --collector-protocol fill_use_lastuse --collector-reuse 3 --ws 0 --ws-buffer-count 1 --operand-address-mode pingpong --input-d 0 --tmem-columns 512 --d-base-column 0 --d-tile-base-delta 256 --independent-d-count 2 --d-reuse-distance 2 --commit-interval 32 --pending-mbarriers 1 --wait-mode nocount --smem-base-offset 0 --interference-mode none --interference-ops-per-iter 0 --interference-warps 4 --active-blocks 0
status=ok
experiment=07_config_matrix
gpu=NVIDIA Thor
compute_capability=11.0
sm_count=20
active_blocks=20
dtype=fp16
shape=m128n256k16
m=128
n=256
k=16
layout=none
q=32
iterations=128
collector_protocol=fill_use_lastuse
collector_reuse=3
ws_mode=0
ws_buffer_count=1
operand_address_mode=pingpong
input_d=0
tmem_columns=512
d_base_column=0
d_tile_base_delta=256
independent_d_count=2
d_reuse_distance=2
commit_interval=32
pending_mbarriers=1
wait_polling_mode=nocount
smem_base_offset=0
interference_mode=none
interference_ops_per_iter=0
interference_warps=4
elapsed_cycles=3778466
poll_count=0
max_abs_error=0.832031250
guard_ok=1
interference_sink=0.000000000

$ /xplorer/shijy/CUDA_optimazation/microbench/mma_config/07_config_matrix/build/tcgen05_07_config_matrix_bench --dtype fp16 --shape m128n256k16 --layout none --q 32 --iterations 128 --collector-protocol fill_use_lastuse --collector-reuse 3 --ws 0 --ws-buffer-count 1 --operand-address-mode pingpong --input-d 0 --tmem-columns 512 --d-base-column 0 --d-tile-base-delta 256 --independent-d-count 2 --d-reuse-distance 2 --commit-interval 32 --pending-mbarriers 1 --wait-mode nocount --smem-base-offset 0 --interference-mode none --interference-ops-per-iter 0 --interference-warps 4 --active-blocks 0
status=ok
experiment=07_config_matrix
gpu=NVIDIA Thor
compute_capability=11.0
sm_count=20
active_blocks=20
dtype=fp16
shape=m128n256k16
m=128
n=256
k=16
layout=none
q=32
iterations=128
collector_protocol=fill_use_lastuse
collector_reuse=3
ws_mode=0
ws_buffer_count=1
operand_address_mode=pingpong
input_d=0
tmem_columns=512
d_base_column=0
d_tile_base_delta=256
independent_d_count=2
d_reuse_distance=2
commit_interval=32
pending_mbarriers=1
wait_polling_mode=nocount
smem_base_offset=0
interference_mode=none
interference_ops_per_iter=0
interference_warps=4
elapsed_cycles=3778468
poll_count=0
max_abs_error=0.832031250
guard_ok=1
interference_sink=0.000000000

$ /xplorer/shijy/CUDA_optimazation/microbench/mma_config/07_config_matrix/build/tcgen05_07_config_matrix_bench --dtype fp16 --shape m128n256k16 --layout none --q 32 --iterations 128 --collector-protocol discard --collector-reuse 0 --ws 0 --ws-buffer-count 1 --operand-address-mode pingpong --input-d 0 --tmem-columns 512 --d-base-column 0 --d-tile-base-delta 256 --independent-d-count 2 --d-reuse-distance 2 --commit-interval 32 --pending-mbarriers 1 --wait-mode nocount --smem-base-offset 0 --interference-mode none --interference-ops-per-iter 0 --interference-warps 4 --active-blocks 0
status=ok
experiment=07_config_matrix
gpu=NVIDIA Thor
compute_capability=11.0
sm_count=20
active_blocks=20
dtype=fp16
shape=m128n256k16
m=128
n=256
k=16
layout=none
q=32
iterations=128
collector_protocol=discard
collector_reuse=0
ws_mode=0
ws_buffer_count=1
operand_address_mode=pingpong
input_d=0
tmem_columns=512
d_base_column=0
d_tile_base_delta=256
independent_d_count=2
d_reuse_distance=2
commit_interval=32
pending_mbarriers=1
wait_polling_mode=nocount
smem_base_offset=0
interference_mode=none
interference_ops_per_iter=0
interference_warps=4
elapsed_cycles=4191491
poll_count=0
max_abs_error=0.832031250
guard_ok=1
interference_sink=0.000000000

$ /xplorer/shijy/CUDA_optimazation/microbench/mma_config/07_config_matrix/build/tcgen05_07_config_matrix_bench --dtype fp16 --shape m128n256k16 --layout none --q 32 --iterations 128 --collector-protocol discard --collector-reuse 0 --ws 0 --ws-buffer-count 1 --operand-address-mode pingpong --input-d 0 --tmem-columns 512 --d-base-column 0 --d-tile-base-delta 256 --independent-d-count 2 --d-reuse-distance 2 --commit-interval 32 --pending-mbarriers 1 --wait-mode nocount --smem-base-offset 0 --interference-mode none --interference-ops-per-iter 0 --interference-warps 4 --active-blocks 0
status=ok
experiment=07_config_matrix
gpu=NVIDIA Thor
compute_capability=11.0
sm_count=20
active_blocks=20
dtype=fp16
shape=m128n256k16
m=128
n=256
k=16
layout=none
q=32
iterations=128
collector_protocol=discard
collector_reuse=0
ws_mode=0
ws_buffer_count=1
operand_address_mode=pingpong
input_d=0
tmem_columns=512
d_base_column=0
d_tile_base_delta=256
independent_d_count=2
d_reuse_distance=2
commit_interval=32
pending_mbarriers=1
wait_polling_mode=nocount
smem_base_offset=0
interference_mode=none
interference_ops_per_iter=0
interference_warps=4
elapsed_cycles=4447912
poll_count=0
max_abs_error=0.832031250
guard_ok=1
interference_sink=0.000000000

$ /xplorer/shijy/CUDA_optimazation/microbench/mma_config/07_config_matrix/build/tcgen05_07_config_matrix_bench --dtype fp16 --shape m128n256k16 --layout none --q 32 --iterations 128 --collector-protocol discard --collector-reuse 0 --ws 0 --ws-buffer-count 1 --operand-address-mode pingpong --input-d 0 --tmem-columns 512 --d-base-column 0 --d-tile-base-delta 256 --independent-d-count 2 --d-reuse-distance 2 --commit-interval 32 --pending-mbarriers 1 --wait-mode nocount --smem-base-offset 0 --interference-mode none --interference-ops-per-iter 0 --interference-warps 4 --active-blocks 0
status=ok
experiment=07_config_matrix
gpu=NVIDIA Thor
compute_capability=11.0
sm_count=20
active_blocks=20
dtype=fp16
shape=m128n256k16
m=128
n=256
k=16
layout=none
q=32
iterations=128
collector_protocol=discard
collector_reuse=0
ws_mode=0
ws_buffer_count=1
operand_address_mode=pingpong
input_d=0
tmem_columns=512
d_base_column=0
d_tile_base_delta=256
independent_d_count=2
d_reuse_distance=2
commit_interval=32
pending_mbarriers=1
wait_polling_mode=nocount
smem_base_offset=0
interference_mode=none
interference_ops_per_iter=0
interference_warps=4
elapsed_cycles=3678246
poll_count=0
max_abs_error=0.832031250
guard_ok=1
interference_sink=0.000000000

$ /xplorer/shijy/CUDA_optimazation/microbench/mma_config/07_config_matrix/build/tcgen05_07_config_matrix_bench --dtype fp16 --shape m128n256k16 --layout none --q 32 --iterations 128 --collector-protocol discard --collector-reuse 0 --ws 0 --ws-buffer-count 1 --operand-address-mode pingpong --input-d 0 --tmem-columns 512 --d-base-column 0 --d-tile-base-delta 256 --independent-d-count 2 --d-reuse-distance 2 --commit-interval 32 --pending-mbarriers 1 --wait-mode nocount --smem-base-offset 0 --interference-mode none --interference-ops-per-iter 0 --interference-warps 4 --active-blocks 0
status=ok
experiment=07_config_matrix
gpu=NVIDIA Thor
compute_capability=11.0
sm_count=20
active_blocks=20
dtype=fp16
shape=m128n256k16
m=128
n=256
k=16
layout=none
q=32
iterations=128
collector_protocol=discard
collector_reuse=0
ws_mode=0
ws_buffer_count=1
operand_address_mode=pingpong
input_d=0
tmem_columns=512
d_base_column=0
d_tile_base_delta=256
independent_d_count=2
d_reuse_distance=2
commit_interval=32
pending_mbarriers=1
wait_polling_mode=nocount
smem_base_offset=0
interference_mode=none
interference_ops_per_iter=0
interference_warps=4
elapsed_cycles=3678183
poll_count=0
max_abs_error=0.832031250
guard_ok=1
interference_sink=0.000000000

$ /xplorer/shijy/CUDA_optimazation/microbench/mma_config/07_config_matrix/build/tcgen05_07_config_matrix_bench --dtype fp16 --shape m128n256k16 --layout none --q 32 --iterations 128 --collector-protocol discard --collector-reuse 0 --ws 0 --ws-buffer-count 1 --operand-address-mode pingpong --input-d 0 --tmem-columns 512 --d-base-column 0 --d-tile-base-delta 256 --independent-d-count 2 --d-reuse-distance 2 --commit-interval 32 --pending-mbarriers 1 --wait-mode nocount --smem-base-offset 0 --interference-mode none --interference-ops-per-iter 0 --interference-warps 4 --active-blocks 0
status=ok
experiment=07_config_matrix
gpu=NVIDIA Thor
compute_capability=11.0
sm_count=20
active_blocks=20
dtype=fp16
shape=m128n256k16
m=128
n=256
k=16
layout=none
q=32
iterations=128
collector_protocol=discard
collector_reuse=0
ws_mode=0
ws_buffer_count=1
operand_address_mode=pingpong
input_d=0
tmem_columns=512
d_base_column=0
d_tile_base_delta=256
independent_d_count=2
d_reuse_distance=2
commit_interval=32
pending_mbarriers=1
wait_polling_mode=nocount
smem_base_offset=0
interference_mode=none
interference_ops_per_iter=0
interference_warps=4
elapsed_cycles=3678179
poll_count=0
max_abs_error=0.832031250
guard_ok=1
interference_sink=0.000000000

$ /xplorer/shijy/CUDA_optimazation/microbench/mma_config/07_config_matrix/build/tcgen05_07_config_matrix_bench --dtype bf16 --shape m128n128k16 --layout none --q 32 --iterations 128 --collector-protocol fill_use_lastuse --collector-reuse 3 --ws 0 --ws-buffer-count 1 --operand-address-mode pingpong --input-d 0 --tmem-columns 512 --d-base-column 0 --d-tile-base-delta 128 --independent-d-count 4 --d-reuse-distance 4 --commit-interval 32 --pending-mbarriers 1 --wait-mode nocount --smem-base-offset 0 --interference-mode none --interference-ops-per-iter 0 --interference-warps 4 --active-blocks 0
status=ok
experiment=07_config_matrix
gpu=NVIDIA Thor
compute_capability=11.0
sm_count=20
active_blocks=20
dtype=bf16
shape=m128n128k16
m=128
n=128
k=16
layout=none
q=32
iterations=128
collector_protocol=fill_use_lastuse
collector_reuse=3
ws_mode=0
ws_buffer_count=1
operand_address_mode=pingpong
input_d=0
tmem_columns=512
d_base_column=0
d_tile_base_delta=128
independent_d_count=4
d_reuse_distance=4
commit_interval=32
pending_mbarriers=1
wait_polling_mode=nocount
smem_base_offset=0
interference_mode=none
interference_ops_per_iter=0
interference_warps=4
elapsed_cycles=3779405
poll_count=0
max_abs_error=0.832031250
guard_ok=1
interference_sink=0.000000000

$ /xplorer/shijy/CUDA_optimazation/microbench/mma_config/07_config_matrix/build/tcgen05_07_config_matrix_bench --dtype bf16 --shape m128n128k16 --layout none --q 32 --iterations 128 --collector-protocol fill_use_lastuse --collector-reuse 3 --ws 0 --ws-buffer-count 1 --operand-address-mode pingpong --input-d 0 --tmem-columns 512 --d-base-column 0 --d-tile-base-delta 128 --independent-d-count 4 --d-reuse-distance 4 --commit-interval 32 --pending-mbarriers 1 --wait-mode nocount --smem-base-offset 0 --interference-mode none --interference-ops-per-iter 0 --interference-warps 4 --active-blocks 0
status=ok
experiment=07_config_matrix
gpu=NVIDIA Thor
compute_capability=11.0
sm_count=20
active_blocks=20
dtype=bf16
shape=m128n128k16
m=128
n=128
k=16
layout=none
q=32
iterations=128
collector_protocol=fill_use_lastuse
collector_reuse=3
ws_mode=0
ws_buffer_count=1
operand_address_mode=pingpong
input_d=0
tmem_columns=512
d_base_column=0
d_tile_base_delta=128
independent_d_count=4
d_reuse_distance=4
commit_interval=32
pending_mbarriers=1
wait_polling_mode=nocount
smem_base_offset=0
interference_mode=none
interference_ops_per_iter=0
interference_warps=4
elapsed_cycles=4532262
poll_count=0
max_abs_error=0.832031250
guard_ok=1
interference_sink=0.000000000

$ /xplorer/shijy/CUDA_optimazation/microbench/mma_config/07_config_matrix/build/tcgen05_07_config_matrix_bench --dtype bf16 --shape m128n128k16 --layout none --q 32 --iterations 128 --collector-protocol fill_use_lastuse --collector-reuse 3 --ws 0 --ws-buffer-count 1 --operand-address-mode pingpong --input-d 0 --tmem-columns 512 --d-base-column 0 --d-tile-base-delta 128 --independent-d-count 4 --d-reuse-distance 4 --commit-interval 32 --pending-mbarriers 1 --wait-mode nocount --smem-base-offset 0 --interference-mode none --interference-ops-per-iter 0 --interference-warps 4 --active-blocks 0
status=ok
experiment=07_config_matrix
gpu=NVIDIA Thor
compute_capability=11.0
sm_count=20
active_blocks=20
dtype=bf16
shape=m128n128k16
m=128
n=128
k=16
layout=none
q=32
iterations=128
collector_protocol=fill_use_lastuse
collector_reuse=3
ws_mode=0
ws_buffer_count=1
operand_address_mode=pingpong
input_d=0
tmem_columns=512
d_base_column=0
d_tile_base_delta=128
independent_d_count=4
d_reuse_distance=4
commit_interval=32
pending_mbarriers=1
wait_polling_mode=nocount
smem_base_offset=0
interference_mode=none
interference_ops_per_iter=0
interference_warps=4
elapsed_cycles=3779417
poll_count=0
max_abs_error=0.832031250
guard_ok=1
interference_sink=0.000000000

$ /xplorer/shijy/CUDA_optimazation/microbench/mma_config/07_config_matrix/build/tcgen05_07_config_matrix_bench --dtype bf16 --shape m128n128k16 --layout none --q 32 --iterations 128 --collector-protocol fill_use_lastuse --collector-reuse 3 --ws 0 --ws-buffer-count 1 --operand-address-mode pingpong --input-d 0 --tmem-columns 512 --d-base-column 0 --d-tile-base-delta 128 --independent-d-count 4 --d-reuse-distance 4 --commit-interval 32 --pending-mbarriers 1 --wait-mode nocount --smem-base-offset 0 --interference-mode none --interference-ops-per-iter 0 --interference-warps 4 --active-blocks 0
status=ok
experiment=07_config_matrix
gpu=NVIDIA Thor
compute_capability=11.0
sm_count=20
active_blocks=20
dtype=bf16
shape=m128n128k16
m=128
n=128
k=16
layout=none
q=32
iterations=128
collector_protocol=fill_use_lastuse
collector_reuse=3
ws_mode=0
ws_buffer_count=1
operand_address_mode=pingpong
input_d=0
tmem_columns=512
d_base_column=0
d_tile_base_delta=128
independent_d_count=4
d_reuse_distance=4
commit_interval=32
pending_mbarriers=1
wait_polling_mode=nocount
smem_base_offset=0
interference_mode=none
interference_ops_per_iter=0
interference_warps=4
elapsed_cycles=3779407
poll_count=0
max_abs_error=0.832031250
guard_ok=1
interference_sink=0.000000000

$ /xplorer/shijy/CUDA_optimazation/microbench/mma_config/07_config_matrix/build/tcgen05_07_config_matrix_bench --dtype bf16 --shape m128n128k16 --layout none --q 32 --iterations 128 --collector-protocol fill_use_lastuse --collector-reuse 3 --ws 0 --ws-buffer-count 1 --operand-address-mode pingpong --input-d 0 --tmem-columns 512 --d-base-column 0 --d-tile-base-delta 128 --independent-d-count 4 --d-reuse-distance 4 --commit-interval 32 --pending-mbarriers 1 --wait-mode nocount --smem-base-offset 0 --interference-mode none --interference-ops-per-iter 0 --interference-warps 4 --active-blocks 0
status=ok
experiment=07_config_matrix
gpu=NVIDIA Thor
compute_capability=11.0
sm_count=20
active_blocks=20
dtype=bf16
shape=m128n128k16
m=128
n=128
k=16
layout=none
q=32
iterations=128
collector_protocol=fill_use_lastuse
collector_reuse=3
ws_mode=0
ws_buffer_count=1
operand_address_mode=pingpong
input_d=0
tmem_columns=512
d_base_column=0
d_tile_base_delta=128
independent_d_count=4
d_reuse_distance=4
commit_interval=32
pending_mbarriers=1
wait_polling_mode=nocount
smem_base_offset=0
interference_mode=none
interference_ops_per_iter=0
interference_warps=4
elapsed_cycles=3779407
poll_count=0
max_abs_error=0.832031250
guard_ok=1
interference_sink=0.000000000

$ /xplorer/shijy/CUDA_optimazation/microbench/mma_config/07_config_matrix/build/tcgen05_07_config_matrix_bench --dtype fp16 --shape m128n256k16 --layout none --q 32 --iterations 128 --collector-protocol fill_use_lastuse --collector-reuse 3 --ws 0 --ws-buffer-count 1 --operand-address-mode same --input-d 0 --tmem-columns 256 --d-base-column 0 --d-tile-base-delta 256 --independent-d-count 1 --d-reuse-distance 1 --commit-interval 32 --pending-mbarriers 1 --wait-mode nocount --smem-base-offset 0 --interference-mode none --interference-ops-per-iter 0 --interference-warps 4 --active-blocks 0
status=ok
experiment=07_config_matrix
gpu=NVIDIA Thor
compute_capability=11.0
sm_count=20
active_blocks=20
dtype=fp16
shape=m128n256k16
m=128
n=256
k=16
layout=none
q=32
iterations=128
collector_protocol=fill_use_lastuse
collector_reuse=3
ws_mode=0
ws_buffer_count=1
operand_address_mode=same
input_d=0
tmem_columns=256
d_base_column=0
d_tile_base_delta=256
independent_d_count=1
d_reuse_distance=1
commit_interval=32
pending_mbarriers=1
wait_polling_mode=nocount
smem_base_offset=0
interference_mode=none
interference_ops_per_iter=0
interference_warps=4
elapsed_cycles=3282541
poll_count=0
max_abs_error=0.832031250
guard_ok=1
interference_sink=0.000000000

$ /xplorer/shijy/CUDA_optimazation/microbench/mma_config/07_config_matrix/build/tcgen05_07_config_matrix_bench --dtype fp16 --shape m128n256k16 --layout none --q 32 --iterations 128 --collector-protocol fill_use_lastuse --collector-reuse 3 --ws 0 --ws-buffer-count 1 --operand-address-mode same --input-d 0 --tmem-columns 256 --d-base-column 0 --d-tile-base-delta 256 --independent-d-count 1 --d-reuse-distance 1 --commit-interval 32 --pending-mbarriers 1 --wait-mode nocount --smem-base-offset 0 --interference-mode none --interference-ops-per-iter 0 --interference-warps 4 --active-blocks 0
status=ok
experiment=07_config_matrix
gpu=NVIDIA Thor
compute_capability=11.0
sm_count=20
active_blocks=20
dtype=fp16
shape=m128n256k16
m=128
n=256
k=16
layout=none
q=32
iterations=128
collector_protocol=fill_use_lastuse
collector_reuse=3
ws_mode=0
ws_buffer_count=1
operand_address_mode=same
input_d=0
tmem_columns=256
d_base_column=0
d_tile_base_delta=256
independent_d_count=1
d_reuse_distance=1
commit_interval=32
pending_mbarriers=1
wait_polling_mode=nocount
smem_base_offset=0
interference_mode=none
interference_ops_per_iter=0
interference_warps=4
elapsed_cycles=3282540
poll_count=0
max_abs_error=0.832031250
guard_ok=1
interference_sink=0.000000000

$ /xplorer/shijy/CUDA_optimazation/microbench/mma_config/07_config_matrix/build/tcgen05_07_config_matrix_bench --dtype fp16 --shape m128n256k16 --layout none --q 32 --iterations 128 --collector-protocol fill_use_lastuse --collector-reuse 3 --ws 0 --ws-buffer-count 1 --operand-address-mode same --input-d 0 --tmem-columns 256 --d-base-column 0 --d-tile-base-delta 256 --independent-d-count 1 --d-reuse-distance 1 --commit-interval 32 --pending-mbarriers 1 --wait-mode nocount --smem-base-offset 0 --interference-mode none --interference-ops-per-iter 0 --interference-warps 4 --active-blocks 0
status=ok
experiment=07_config_matrix
gpu=NVIDIA Thor
compute_capability=11.0
sm_count=20
active_blocks=20
dtype=fp16
shape=m128n256k16
m=128
n=256
k=16
layout=none
q=32
iterations=128
collector_protocol=fill_use_lastuse
collector_reuse=3
ws_mode=0
ws_buffer_count=1
operand_address_mode=same
input_d=0
tmem_columns=256
d_base_column=0
d_tile_base_delta=256
independent_d_count=1
d_reuse_distance=1
commit_interval=32
pending_mbarriers=1
wait_polling_mode=nocount
smem_base_offset=0
interference_mode=none
interference_ops_per_iter=0
interference_warps=4
elapsed_cycles=3282546
poll_count=0
max_abs_error=0.832031250
guard_ok=1
interference_sink=0.000000000

$ /xplorer/shijy/CUDA_optimazation/microbench/mma_config/07_config_matrix/build/tcgen05_07_config_matrix_bench --dtype fp16 --shape m128n256k16 --layout none --q 32 --iterations 128 --collector-protocol fill_use_lastuse --collector-reuse 3 --ws 0 --ws-buffer-count 1 --operand-address-mode same --input-d 0 --tmem-columns 256 --d-base-column 0 --d-tile-base-delta 256 --independent-d-count 1 --d-reuse-distance 1 --commit-interval 32 --pending-mbarriers 1 --wait-mode nocount --smem-base-offset 0 --interference-mode none --interference-ops-per-iter 0 --interference-warps 4 --active-blocks 0
status=ok
experiment=07_config_matrix
gpu=NVIDIA Thor
compute_capability=11.0
sm_count=20
active_blocks=20
dtype=fp16
shape=m128n256k16
m=128
n=256
k=16
layout=none
q=32
iterations=128
collector_protocol=fill_use_lastuse
collector_reuse=3
ws_mode=0
ws_buffer_count=1
operand_address_mode=same
input_d=0
tmem_columns=256
d_base_column=0
d_tile_base_delta=256
independent_d_count=1
d_reuse_distance=1
commit_interval=32
pending_mbarriers=1
wait_polling_mode=nocount
smem_base_offset=0
interference_mode=none
interference_ops_per_iter=0
interference_warps=4
elapsed_cycles=3282542
poll_count=0
max_abs_error=0.832031250
guard_ok=1
interference_sink=0.000000000

$ /xplorer/shijy/CUDA_optimazation/microbench/mma_config/07_config_matrix/build/tcgen05_07_config_matrix_bench --dtype fp16 --shape m128n256k16 --layout none --q 32 --iterations 128 --collector-protocol fill_use_lastuse --collector-reuse 3 --ws 0 --ws-buffer-count 1 --operand-address-mode same --input-d 0 --tmem-columns 256 --d-base-column 0 --d-tile-base-delta 256 --independent-d-count 1 --d-reuse-distance 1 --commit-interval 32 --pending-mbarriers 1 --wait-mode nocount --smem-base-offset 0 --interference-mode none --interference-ops-per-iter 0 --interference-warps 4 --active-blocks 0
status=ok
experiment=07_config_matrix
gpu=NVIDIA Thor
compute_capability=11.0
sm_count=20
active_blocks=20
dtype=fp16
shape=m128n256k16
m=128
n=256
k=16
layout=none
q=32
iterations=128
collector_protocol=fill_use_lastuse
collector_reuse=3
ws_mode=0
ws_buffer_count=1
operand_address_mode=same
input_d=0
tmem_columns=256
d_base_column=0
d_tile_base_delta=256
independent_d_count=1
d_reuse_distance=1
commit_interval=32
pending_mbarriers=1
wait_polling_mode=nocount
smem_base_offset=0
interference_mode=none
interference_ops_per_iter=0
interference_warps=4
elapsed_cycles=3282536
poll_count=0
max_abs_error=0.832031250
guard_ok=1
interference_sink=0.000000000

$ /xplorer/shijy/CUDA_optimazation/microbench/mma_config/07_config_matrix/build/tcgen05_07_config_matrix_bench --dtype fp16 --shape m128n64k16 --layout none --q 32 --iterations 128 --collector-protocol fill_use_lastuse --collector-reuse 3 --ws 0 --ws-buffer-count 1 --operand-address-mode same --input-d 0 --tmem-columns 256 --d-base-column 0 --d-tile-base-delta 64 --independent-d-count 4 --d-reuse-distance 4 --commit-interval 32 --pending-mbarriers 1 --wait-mode nocount --smem-base-offset 0 --interference-mode none --interference-ops-per-iter 0 --interference-warps 4 --active-blocks 0
status=ok
experiment=07_config_matrix
gpu=NVIDIA Thor
compute_capability=11.0
sm_count=20
active_blocks=20
dtype=fp16
shape=m128n64k16
m=128
n=64
k=16
layout=none
q=32
iterations=128
collector_protocol=fill_use_lastuse
collector_reuse=3
ws_mode=0
ws_buffer_count=1
operand_address_mode=same
input_d=0
tmem_columns=256
d_base_column=0
d_tile_base_delta=64
independent_d_count=4
d_reuse_distance=4
commit_interval=32
pending_mbarriers=1
wait_polling_mode=nocount
smem_base_offset=0
interference_mode=none
interference_ops_per_iter=0
interference_warps=4
elapsed_cycles=3779295
poll_count=0
max_abs_error=0.832031250
guard_ok=1
interference_sink=0.000000000

$ /xplorer/shijy/CUDA_optimazation/microbench/mma_config/07_config_matrix/build/tcgen05_07_config_matrix_bench --dtype fp16 --shape m128n64k16 --layout none --q 32 --iterations 128 --collector-protocol fill_use_lastuse --collector-reuse 3 --ws 0 --ws-buffer-count 1 --operand-address-mode same --input-d 0 --tmem-columns 256 --d-base-column 0 --d-tile-base-delta 64 --independent-d-count 4 --d-reuse-distance 4 --commit-interval 32 --pending-mbarriers 1 --wait-mode nocount --smem-base-offset 0 --interference-mode none --interference-ops-per-iter 0 --interference-warps 4 --active-blocks 0
status=ok
experiment=07_config_matrix
gpu=NVIDIA Thor
compute_capability=11.0
sm_count=20
active_blocks=20
dtype=fp16
shape=m128n64k16
m=128
n=64
k=16
layout=none
q=32
iterations=128
collector_protocol=fill_use_lastuse
collector_reuse=3
ws_mode=0
ws_buffer_count=1
operand_address_mode=same
input_d=0
tmem_columns=256
d_base_column=0
d_tile_base_delta=64
independent_d_count=4
d_reuse_distance=4
commit_interval=32
pending_mbarriers=1
wait_polling_mode=nocount
smem_base_offset=0
interference_mode=none
interference_ops_per_iter=0
interference_warps=4
elapsed_cycles=3779297
poll_count=0
max_abs_error=0.832031250
guard_ok=1
interference_sink=0.000000000

$ /xplorer/shijy/CUDA_optimazation/microbench/mma_config/07_config_matrix/build/tcgen05_07_config_matrix_bench --dtype fp16 --shape m128n64k16 --layout none --q 32 --iterations 128 --collector-protocol fill_use_lastuse --collector-reuse 3 --ws 0 --ws-buffer-count 1 --operand-address-mode same --input-d 0 --tmem-columns 256 --d-base-column 0 --d-tile-base-delta 64 --independent-d-count 4 --d-reuse-distance 4 --commit-interval 32 --pending-mbarriers 1 --wait-mode nocount --smem-base-offset 0 --interference-mode none --interference-ops-per-iter 0 --interference-warps 4 --active-blocks 0
status=ok
experiment=07_config_matrix
gpu=NVIDIA Thor
compute_capability=11.0
sm_count=20
active_blocks=20
dtype=fp16
shape=m128n64k16
m=128
n=64
k=16
layout=none
q=32
iterations=128
collector_protocol=fill_use_lastuse
collector_reuse=3
ws_mode=0
ws_buffer_count=1
operand_address_mode=same
input_d=0
tmem_columns=256
d_base_column=0
d_tile_base_delta=64
independent_d_count=4
d_reuse_distance=4
commit_interval=32
pending_mbarriers=1
wait_polling_mode=nocount
smem_base_offset=0
interference_mode=none
interference_ops_per_iter=0
interference_warps=4
elapsed_cycles=3779300
poll_count=0
max_abs_error=0.832031250
guard_ok=1
interference_sink=0.000000000

$ /xplorer/shijy/CUDA_optimazation/microbench/mma_config/07_config_matrix/build/tcgen05_07_config_matrix_bench --dtype fp16 --shape m128n64k16 --layout none --q 32 --iterations 128 --collector-protocol fill_use_lastuse --collector-reuse 3 --ws 0 --ws-buffer-count 1 --operand-address-mode same --input-d 0 --tmem-columns 256 --d-base-column 0 --d-tile-base-delta 64 --independent-d-count 4 --d-reuse-distance 4 --commit-interval 32 --pending-mbarriers 1 --wait-mode nocount --smem-base-offset 0 --interference-mode none --interference-ops-per-iter 0 --interference-warps 4 --active-blocks 0
status=ok
experiment=07_config_matrix
gpu=NVIDIA Thor
compute_capability=11.0
sm_count=20
active_blocks=20
dtype=fp16
shape=m128n64k16
m=128
n=64
k=16
layout=none
q=32
iterations=128
collector_protocol=fill_use_lastuse
collector_reuse=3
ws_mode=0
ws_buffer_count=1
operand_address_mode=same
input_d=0
tmem_columns=256
d_base_column=0
d_tile_base_delta=64
independent_d_count=4
d_reuse_distance=4
commit_interval=32
pending_mbarriers=1
wait_polling_mode=nocount
smem_base_offset=0
interference_mode=none
interference_ops_per_iter=0
interference_warps=4
elapsed_cycles=3779296
poll_count=0
max_abs_error=0.832031250
guard_ok=1
interference_sink=0.000000000

$ /xplorer/shijy/CUDA_optimazation/microbench/mma_config/07_config_matrix/build/tcgen05_07_config_matrix_bench --dtype fp16 --shape m128n64k16 --layout none --q 32 --iterations 128 --collector-protocol fill_use_lastuse --collector-reuse 3 --ws 0 --ws-buffer-count 1 --operand-address-mode same --input-d 0 --tmem-columns 256 --d-base-column 0 --d-tile-base-delta 64 --independent-d-count 4 --d-reuse-distance 4 --commit-interval 32 --pending-mbarriers 1 --wait-mode nocount --smem-base-offset 0 --interference-mode none --interference-ops-per-iter 0 --interference-warps 4 --active-blocks 0
status=ok
experiment=07_config_matrix
gpu=NVIDIA Thor
compute_capability=11.0
sm_count=20
active_blocks=20
dtype=fp16
shape=m128n64k16
m=128
n=64
k=16
layout=none
q=32
iterations=128
collector_protocol=fill_use_lastuse
collector_reuse=3
ws_mode=0
ws_buffer_count=1
operand_address_mode=same
input_d=0
tmem_columns=256
d_base_column=0
d_tile_base_delta=64
independent_d_count=4
d_reuse_distance=4
commit_interval=32
pending_mbarriers=1
wait_polling_mode=nocount
smem_base_offset=0
interference_mode=none
interference_ops_per_iter=0
interference_warps=4
elapsed_cycles=3779301
poll_count=0
max_abs_error=0.832031250
guard_ok=1
interference_sink=0.000000000

$ /xplorer/shijy/CUDA_optimazation/microbench/mma_config/07_config_matrix/build/tcgen05_07_config_matrix_bench --dtype fp16 --shape m128n64k16 --layout none --q 32 --iterations 128 --collector-protocol discard --collector-reuse 0 --ws 0 --ws-buffer-count 1 --operand-address-mode same --input-d 0 --tmem-columns 128 --d-base-column 0 --d-tile-base-delta 64 --independent-d-count 2 --d-reuse-distance 2 --commit-interval 32 --pending-mbarriers 1 --wait-mode nocount --smem-base-offset 0 --interference-mode none --interference-ops-per-iter 0 --interference-warps 4 --active-blocks 0
status=ok
experiment=07_config_matrix
gpu=NVIDIA Thor
compute_capability=11.0
sm_count=20
active_blocks=20
dtype=fp16
shape=m128n64k16
m=128
n=64
k=16
layout=none
q=32
iterations=128
collector_protocol=discard
collector_reuse=0
ws_mode=0
ws_buffer_count=1
operand_address_mode=same
input_d=0
tmem_columns=128
d_base_column=0
d_tile_base_delta=64
independent_d_count=2
d_reuse_distance=2
commit_interval=32
pending_mbarriers=1
wait_polling_mode=nocount
smem_base_offset=0
interference_mode=none
interference_ops_per_iter=0
interference_warps=4
elapsed_cycles=3678956
poll_count=0
max_abs_error=0.832031250
guard_ok=1
interference_sink=0.000000000

$ /xplorer/shijy/CUDA_optimazation/microbench/mma_config/07_config_matrix/build/tcgen05_07_config_matrix_bench --dtype fp16 --shape m128n64k16 --layout none --q 32 --iterations 128 --collector-protocol discard --collector-reuse 0 --ws 0 --ws-buffer-count 1 --operand-address-mode same --input-d 0 --tmem-columns 128 --d-base-column 0 --d-tile-base-delta 64 --independent-d-count 2 --d-reuse-distance 2 --commit-interval 32 --pending-mbarriers 1 --wait-mode nocount --smem-base-offset 0 --interference-mode none --interference-ops-per-iter 0 --interference-warps 4 --active-blocks 0
status=ok
experiment=07_config_matrix
gpu=NVIDIA Thor
compute_capability=11.0
sm_count=20
active_blocks=20
dtype=fp16
shape=m128n64k16
m=128
n=64
k=16
layout=none
q=32
iterations=128
collector_protocol=discard
collector_reuse=0
ws_mode=0
ws_buffer_count=1
operand_address_mode=same
input_d=0
tmem_columns=128
d_base_column=0
d_tile_base_delta=64
independent_d_count=2
d_reuse_distance=2
commit_interval=32
pending_mbarriers=1
wait_polling_mode=nocount
smem_base_offset=0
interference_mode=none
interference_ops_per_iter=0
interference_warps=4
elapsed_cycles=3678958
poll_count=0
max_abs_error=0.832031250
guard_ok=1
interference_sink=0.000000000

$ /xplorer/shijy/CUDA_optimazation/microbench/mma_config/07_config_matrix/build/tcgen05_07_config_matrix_bench --dtype fp16 --shape m128n64k16 --layout none --q 32 --iterations 128 --collector-protocol discard --collector-reuse 0 --ws 0 --ws-buffer-count 1 --operand-address-mode same --input-d 0 --tmem-columns 128 --d-base-column 0 --d-tile-base-delta 64 --independent-d-count 2 --d-reuse-distance 2 --commit-interval 32 --pending-mbarriers 1 --wait-mode nocount --smem-base-offset 0 --interference-mode none --interference-ops-per-iter 0 --interference-warps 4 --active-blocks 0
status=ok
experiment=07_config_matrix
gpu=NVIDIA Thor
compute_capability=11.0
sm_count=20
active_blocks=20
dtype=fp16
shape=m128n64k16
m=128
n=64
k=16
layout=none
q=32
iterations=128
collector_protocol=discard
collector_reuse=0
ws_mode=0
ws_buffer_count=1
operand_address_mode=same
input_d=0
tmem_columns=128
d_base_column=0
d_tile_base_delta=64
independent_d_count=2
d_reuse_distance=2
commit_interval=32
pending_mbarriers=1
wait_polling_mode=nocount
smem_base_offset=0
interference_mode=none
interference_ops_per_iter=0
interference_warps=4
elapsed_cycles=3678953
poll_count=0
max_abs_error=0.832031250
guard_ok=1
interference_sink=0.000000000

$ /xplorer/shijy/CUDA_optimazation/microbench/mma_config/07_config_matrix/build/tcgen05_07_config_matrix_bench --dtype fp16 --shape m128n64k16 --layout none --q 32 --iterations 128 --collector-protocol discard --collector-reuse 0 --ws 0 --ws-buffer-count 1 --operand-address-mode same --input-d 0 --tmem-columns 128 --d-base-column 0 --d-tile-base-delta 64 --independent-d-count 2 --d-reuse-distance 2 --commit-interval 32 --pending-mbarriers 1 --wait-mode nocount --smem-base-offset 0 --interference-mode none --interference-ops-per-iter 0 --interference-warps 4 --active-blocks 0
status=ok
experiment=07_config_matrix
gpu=NVIDIA Thor
compute_capability=11.0
sm_count=20
active_blocks=20
dtype=fp16
shape=m128n64k16
m=128
n=64
k=16
layout=none
q=32
iterations=128
collector_protocol=discard
collector_reuse=0
ws_mode=0
ws_buffer_count=1
operand_address_mode=same
input_d=0
tmem_columns=128
d_base_column=0
d_tile_base_delta=64
independent_d_count=2
d_reuse_distance=2
commit_interval=32
pending_mbarriers=1
wait_polling_mode=nocount
smem_base_offset=0
interference_mode=none
interference_ops_per_iter=0
interference_warps=4
elapsed_cycles=3678967
poll_count=0
max_abs_error=0.832031250
guard_ok=1
interference_sink=0.000000000

$ /xplorer/shijy/CUDA_optimazation/microbench/mma_config/07_config_matrix/build/tcgen05_07_config_matrix_bench --dtype fp16 --shape m128n64k16 --layout none --q 32 --iterations 128 --collector-protocol discard --collector-reuse 0 --ws 0 --ws-buffer-count 1 --operand-address-mode same --input-d 0 --tmem-columns 128 --d-base-column 0 --d-tile-base-delta 64 --independent-d-count 2 --d-reuse-distance 2 --commit-interval 32 --pending-mbarriers 1 --wait-mode nocount --smem-base-offset 0 --interference-mode none --interference-ops-per-iter 0 --interference-warps 4 --active-blocks 0
status=ok
experiment=07_config_matrix
gpu=NVIDIA Thor
compute_capability=11.0
sm_count=20
active_blocks=20
dtype=fp16
shape=m128n64k16
m=128
n=64
k=16
layout=none
q=32
iterations=128
collector_protocol=discard
collector_reuse=0
ws_mode=0
ws_buffer_count=1
operand_address_mode=same
input_d=0
tmem_columns=128
d_base_column=0
d_tile_base_delta=64
independent_d_count=2
d_reuse_distance=2
commit_interval=32
pending_mbarriers=1
wait_polling_mode=nocount
smem_base_offset=0
interference_mode=none
interference_ops_per_iter=0
interference_warps=4
elapsed_cycles=3678959
poll_count=0
max_abs_error=0.832031250
guard_ok=1
interference_sink=0.000000000

$ /xplorer/shijy/CUDA_optimazation/microbench/mma_config/07_config_matrix/build/tcgen05_07_config_matrix_bench --dtype bf16 --shape m128n256k16 --layout none --q 32 --iterations 128 --collector-protocol discard --collector-reuse 0 --ws 0 --ws-buffer-count 1 --operand-address-mode pingpong --input-d 0 --tmem-columns 512 --d-base-column 0 --d-tile-base-delta 256 --independent-d-count 2 --d-reuse-distance 2 --commit-interval 32 --pending-mbarriers 1 --wait-mode nocount --smem-base-offset 0 --interference-mode none --interference-ops-per-iter 0 --interference-warps 4 --active-blocks 0
status=ok
experiment=07_config_matrix
gpu=NVIDIA Thor
compute_capability=11.0
sm_count=20
active_blocks=20
dtype=bf16
shape=m128n256k16
m=128
n=256
k=16
layout=none
q=32
iterations=128
collector_protocol=discard
collector_reuse=0
ws_mode=0
ws_buffer_count=1
operand_address_mode=pingpong
input_d=0
tmem_columns=512
d_base_column=0
d_tile_base_delta=256
independent_d_count=2
d_reuse_distance=2
commit_interval=32
pending_mbarriers=1
wait_polling_mode=nocount
smem_base_offset=0
interference_mode=none
interference_ops_per_iter=0
interference_warps=4
elapsed_cycles=3678183
poll_count=0
max_abs_error=0.832031250
guard_ok=1
interference_sink=0.000000000

$ /xplorer/shijy/CUDA_optimazation/microbench/mma_config/07_config_matrix/build/tcgen05_07_config_matrix_bench --dtype bf16 --shape m128n256k16 --layout none --q 32 --iterations 128 --collector-protocol discard --collector-reuse 0 --ws 0 --ws-buffer-count 1 --operand-address-mode pingpong --input-d 0 --tmem-columns 512 --d-base-column 0 --d-tile-base-delta 256 --independent-d-count 2 --d-reuse-distance 2 --commit-interval 32 --pending-mbarriers 1 --wait-mode nocount --smem-base-offset 0 --interference-mode none --interference-ops-per-iter 0 --interference-warps 4 --active-blocks 0
status=ok
experiment=07_config_matrix
gpu=NVIDIA Thor
compute_capability=11.0
sm_count=20
active_blocks=20
dtype=bf16
shape=m128n256k16
m=128
n=256
k=16
layout=none
q=32
iterations=128
collector_protocol=discard
collector_reuse=0
ws_mode=0
ws_buffer_count=1
operand_address_mode=pingpong
input_d=0
tmem_columns=512
d_base_column=0
d_tile_base_delta=256
independent_d_count=2
d_reuse_distance=2
commit_interval=32
pending_mbarriers=1
wait_polling_mode=nocount
smem_base_offset=0
interference_mode=none
interference_ops_per_iter=0
interference_warps=4
elapsed_cycles=3678179
poll_count=0
max_abs_error=0.832031250
guard_ok=1
interference_sink=0.000000000

$ /xplorer/shijy/CUDA_optimazation/microbench/mma_config/07_config_matrix/build/tcgen05_07_config_matrix_bench --dtype bf16 --shape m128n256k16 --layout none --q 32 --iterations 128 --collector-protocol discard --collector-reuse 0 --ws 0 --ws-buffer-count 1 --operand-address-mode pingpong --input-d 0 --tmem-columns 512 --d-base-column 0 --d-tile-base-delta 256 --independent-d-count 2 --d-reuse-distance 2 --commit-interval 32 --pending-mbarriers 1 --wait-mode nocount --smem-base-offset 0 --interference-mode none --interference-ops-per-iter 0 --interference-warps 4 --active-blocks 0
status=ok
experiment=07_config_matrix
gpu=NVIDIA Thor
compute_capability=11.0
sm_count=20
active_blocks=20
dtype=bf16
shape=m128n256k16
m=128
n=256
k=16
layout=none
q=32
iterations=128
collector_protocol=discard
collector_reuse=0
ws_mode=0
ws_buffer_count=1
operand_address_mode=pingpong
input_d=0
tmem_columns=512
d_base_column=0
d_tile_base_delta=256
independent_d_count=2
d_reuse_distance=2
commit_interval=32
pending_mbarriers=1
wait_polling_mode=nocount
smem_base_offset=0
interference_mode=none
interference_ops_per_iter=0
interference_warps=4
elapsed_cycles=3678176
poll_count=0
max_abs_error=0.832031250
guard_ok=1
interference_sink=0.000000000

$ /xplorer/shijy/CUDA_optimazation/microbench/mma_config/07_config_matrix/build/tcgen05_07_config_matrix_bench --dtype bf16 --shape m128n256k16 --layout none --q 32 --iterations 128 --collector-protocol discard --collector-reuse 0 --ws 0 --ws-buffer-count 1 --operand-address-mode pingpong --input-d 0 --tmem-columns 512 --d-base-column 0 --d-tile-base-delta 256 --independent-d-count 2 --d-reuse-distance 2 --commit-interval 32 --pending-mbarriers 1 --wait-mode nocount --smem-base-offset 0 --interference-mode none --interference-ops-per-iter 0 --interference-warps 4 --active-blocks 0
status=ok
experiment=07_config_matrix
gpu=NVIDIA Thor
compute_capability=11.0
sm_count=20
active_blocks=20
dtype=bf16
shape=m128n256k16
m=128
n=256
k=16
layout=none
q=32
iterations=128
collector_protocol=discard
collector_reuse=0
ws_mode=0
ws_buffer_count=1
operand_address_mode=pingpong
input_d=0
tmem_columns=512
d_base_column=0
d_tile_base_delta=256
independent_d_count=2
d_reuse_distance=2
commit_interval=32
pending_mbarriers=1
wait_polling_mode=nocount
smem_base_offset=0
interference_mode=none
interference_ops_per_iter=0
interference_warps=4
elapsed_cycles=3678178
poll_count=0
max_abs_error=0.832031250
guard_ok=1
interference_sink=0.000000000

$ /xplorer/shijy/CUDA_optimazation/microbench/mma_config/07_config_matrix/build/tcgen05_07_config_matrix_bench --dtype bf16 --shape m128n256k16 --layout none --q 32 --iterations 128 --collector-protocol discard --collector-reuse 0 --ws 0 --ws-buffer-count 1 --operand-address-mode pingpong --input-d 0 --tmem-columns 512 --d-base-column 0 --d-tile-base-delta 256 --independent-d-count 2 --d-reuse-distance 2 --commit-interval 32 --pending-mbarriers 1 --wait-mode nocount --smem-base-offset 0 --interference-mode none --interference-ops-per-iter 0 --interference-warps 4 --active-blocks 0
status=ok
experiment=07_config_matrix
gpu=NVIDIA Thor
compute_capability=11.0
sm_count=20
active_blocks=20
dtype=bf16
shape=m128n256k16
m=128
n=256
k=16
layout=none
q=32
iterations=128
collector_protocol=discard
collector_reuse=0
ws_mode=0
ws_buffer_count=1
operand_address_mode=pingpong
input_d=0
tmem_columns=512
d_base_column=0
d_tile_base_delta=256
independent_d_count=2
d_reuse_distance=2
commit_interval=32
pending_mbarriers=1
wait_polling_mode=nocount
smem_base_offset=0
interference_mode=none
interference_ops_per_iter=0
interference_warps=4
elapsed_cycles=3678177
poll_count=0
max_abs_error=0.832031250
guard_ok=1
interference_sink=0.000000000

$ /xplorer/shijy/CUDA_optimazation/microbench/mma_config/07_config_matrix/build/tcgen05_07_config_matrix_bench --dtype bf16 --shape m128n256k16 --layout none --q 32 --iterations 128 --collector-protocol fill_use_lastuse --collector-reuse 3 --ws 0 --ws-buffer-count 1 --operand-address-mode same --input-d 0 --tmem-columns 512 --d-base-column 0 --d-tile-base-delta 256 --independent-d-count 2 --d-reuse-distance 2 --commit-interval 32 --pending-mbarriers 1 --wait-mode nocount --smem-base-offset 0 --interference-mode none --interference-ops-per-iter 0 --interference-warps 4 --active-blocks 0
status=ok
experiment=07_config_matrix
gpu=NVIDIA Thor
compute_capability=11.0
sm_count=20
active_blocks=20
dtype=bf16
shape=m128n256k16
m=128
n=256
k=16
layout=none
q=32
iterations=128
collector_protocol=fill_use_lastuse
collector_reuse=3
ws_mode=0
ws_buffer_count=1
operand_address_mode=same
input_d=0
tmem_columns=512
d_base_column=0
d_tile_base_delta=256
independent_d_count=2
d_reuse_distance=2
commit_interval=32
pending_mbarriers=1
wait_polling_mode=nocount
smem_base_offset=0
interference_mode=none
interference_ops_per_iter=0
interference_warps=4
elapsed_cycles=3778478
poll_count=0
max_abs_error=0.832031250
guard_ok=1
interference_sink=0.000000000

$ /xplorer/shijy/CUDA_optimazation/microbench/mma_config/07_config_matrix/build/tcgen05_07_config_matrix_bench --dtype bf16 --shape m128n256k16 --layout none --q 32 --iterations 128 --collector-protocol fill_use_lastuse --collector-reuse 3 --ws 0 --ws-buffer-count 1 --operand-address-mode same --input-d 0 --tmem-columns 512 --d-base-column 0 --d-tile-base-delta 256 --independent-d-count 2 --d-reuse-distance 2 --commit-interval 32 --pending-mbarriers 1 --wait-mode nocount --smem-base-offset 0 --interference-mode none --interference-ops-per-iter 0 --interference-warps 4 --active-blocks 0
status=ok
experiment=07_config_matrix
gpu=NVIDIA Thor
compute_capability=11.0
sm_count=20
active_blocks=20
dtype=bf16
shape=m128n256k16
m=128
n=256
k=16
layout=none
q=32
iterations=128
collector_protocol=fill_use_lastuse
collector_reuse=3
ws_mode=0
ws_buffer_count=1
operand_address_mode=same
input_d=0
tmem_columns=512
d_base_column=0
d_tile_base_delta=256
independent_d_count=2
d_reuse_distance=2
commit_interval=32
pending_mbarriers=1
wait_polling_mode=nocount
smem_base_offset=0
interference_mode=none
interference_ops_per_iter=0
interference_warps=4
elapsed_cycles=3778485
poll_count=0
max_abs_error=0.832031250
guard_ok=1
interference_sink=0.000000000

$ /xplorer/shijy/CUDA_optimazation/microbench/mma_config/07_config_matrix/build/tcgen05_07_config_matrix_bench --dtype bf16 --shape m128n256k16 --layout none --q 32 --iterations 128 --collector-protocol fill_use_lastuse --collector-reuse 3 --ws 0 --ws-buffer-count 1 --operand-address-mode same --input-d 0 --tmem-columns 512 --d-base-column 0 --d-tile-base-delta 256 --independent-d-count 2 --d-reuse-distance 2 --commit-interval 32 --pending-mbarriers 1 --wait-mode nocount --smem-base-offset 0 --interference-mode none --interference-ops-per-iter 0 --interference-warps 4 --active-blocks 0
status=ok
experiment=07_config_matrix
gpu=NVIDIA Thor
compute_capability=11.0
sm_count=20
active_blocks=20
dtype=bf16
shape=m128n256k16
m=128
n=256
k=16
layout=none
q=32
iterations=128
collector_protocol=fill_use_lastuse
collector_reuse=3
ws_mode=0
ws_buffer_count=1
operand_address_mode=same
input_d=0
tmem_columns=512
d_base_column=0
d_tile_base_delta=256
independent_d_count=2
d_reuse_distance=2
commit_interval=32
pending_mbarriers=1
wait_polling_mode=nocount
smem_base_offset=0
interference_mode=none
interference_ops_per_iter=0
interference_warps=4
elapsed_cycles=3778655
poll_count=0
max_abs_error=0.832031250
guard_ok=1
interference_sink=0.000000000

$ /xplorer/shijy/CUDA_optimazation/microbench/mma_config/07_config_matrix/build/tcgen05_07_config_matrix_bench --dtype bf16 --shape m128n256k16 --layout none --q 32 --iterations 128 --collector-protocol fill_use_lastuse --collector-reuse 3 --ws 0 --ws-buffer-count 1 --operand-address-mode same --input-d 0 --tmem-columns 512 --d-base-column 0 --d-tile-base-delta 256 --independent-d-count 2 --d-reuse-distance 2 --commit-interval 32 --pending-mbarriers 1 --wait-mode nocount --smem-base-offset 0 --interference-mode none --interference-ops-per-iter 0 --interference-warps 4 --active-blocks 0
status=ok
experiment=07_config_matrix
gpu=NVIDIA Thor
compute_capability=11.0
sm_count=20
active_blocks=20
dtype=bf16
shape=m128n256k16
m=128
n=256
k=16
layout=none
q=32
iterations=128
collector_protocol=fill_use_lastuse
collector_reuse=3
ws_mode=0
ws_buffer_count=1
operand_address_mode=same
input_d=0
tmem_columns=512
d_base_column=0
d_tile_base_delta=256
independent_d_count=2
d_reuse_distance=2
commit_interval=32
pending_mbarriers=1
wait_polling_mode=nocount
smem_base_offset=0
interference_mode=none
interference_ops_per_iter=0
interference_warps=4
elapsed_cycles=3778475
poll_count=0
max_abs_error=0.832031250
guard_ok=1
interference_sink=0.000000000

$ /xplorer/shijy/CUDA_optimazation/microbench/mma_config/07_config_matrix/build/tcgen05_07_config_matrix_bench --dtype bf16 --shape m128n256k16 --layout none --q 32 --iterations 128 --collector-protocol fill_use_lastuse --collector-reuse 3 --ws 0 --ws-buffer-count 1 --operand-address-mode same --input-d 0 --tmem-columns 512 --d-base-column 0 --d-tile-base-delta 256 --independent-d-count 2 --d-reuse-distance 2 --commit-interval 32 --pending-mbarriers 1 --wait-mode nocount --smem-base-offset 0 --interference-mode none --interference-ops-per-iter 0 --interference-warps 4 --active-blocks 0
status=ok
experiment=07_config_matrix
gpu=NVIDIA Thor
compute_capability=11.0
sm_count=20
active_blocks=20
dtype=bf16
shape=m128n256k16
m=128
n=256
k=16
layout=none
q=32
iterations=128
collector_protocol=fill_use_lastuse
collector_reuse=3
ws_mode=0
ws_buffer_count=1
operand_address_mode=same
input_d=0
tmem_columns=512
d_base_column=0
d_tile_base_delta=256
independent_d_count=2
d_reuse_distance=2
commit_interval=32
pending_mbarriers=1
wait_polling_mode=nocount
smem_base_offset=0
interference_mode=none
interference_ops_per_iter=0
interference_warps=4
elapsed_cycles=3778495
poll_count=0
max_abs_error=0.832031250
guard_ok=1
interference_sink=0.000000000

$ /xplorer/shijy/CUDA_optimazation/microbench/mma_config/07_config_matrix/build/tcgen05_07_config_matrix_bench --dtype bf16 --shape m128n64k16 --layout none --q 32 --iterations 128 --collector-protocol fill_use_lastuse --collector-reuse 3 --ws 0 --ws-buffer-count 1 --operand-address-mode same --input-d 0 --tmem-columns 128 --d-base-column 0 --d-tile-base-delta 64 --independent-d-count 2 --d-reuse-distance 2 --commit-interval 32 --pending-mbarriers 1 --wait-mode nocount --smem-base-offset 0 --interference-mode none --interference-ops-per-iter 0 --interference-warps 4 --active-blocks 0
status=ok
experiment=07_config_matrix
gpu=NVIDIA Thor
compute_capability=11.0
sm_count=20
active_blocks=20
dtype=bf16
shape=m128n64k16
m=128
n=64
k=16
layout=none
q=32
iterations=128
collector_protocol=fill_use_lastuse
collector_reuse=3
ws_mode=0
ws_buffer_count=1
operand_address_mode=same
input_d=0
tmem_columns=128
d_base_column=0
d_tile_base_delta=64
independent_d_count=2
d_reuse_distance=2
commit_interval=32
pending_mbarriers=1
wait_polling_mode=nocount
smem_base_offset=0
interference_mode=none
interference_ops_per_iter=0
interference_warps=4
elapsed_cycles=3779294
poll_count=0
max_abs_error=0.832031250
guard_ok=1
interference_sink=0.000000000

$ /xplorer/shijy/CUDA_optimazation/microbench/mma_config/07_config_matrix/build/tcgen05_07_config_matrix_bench --dtype bf16 --shape m128n64k16 --layout none --q 32 --iterations 128 --collector-protocol fill_use_lastuse --collector-reuse 3 --ws 0 --ws-buffer-count 1 --operand-address-mode same --input-d 0 --tmem-columns 128 --d-base-column 0 --d-tile-base-delta 64 --independent-d-count 2 --d-reuse-distance 2 --commit-interval 32 --pending-mbarriers 1 --wait-mode nocount --smem-base-offset 0 --interference-mode none --interference-ops-per-iter 0 --interference-warps 4 --active-blocks 0
status=ok
experiment=07_config_matrix
gpu=NVIDIA Thor
compute_capability=11.0
sm_count=20
active_blocks=20
dtype=bf16
shape=m128n64k16
m=128
n=64
k=16
layout=none
q=32
iterations=128
collector_protocol=fill_use_lastuse
collector_reuse=3
ws_mode=0
ws_buffer_count=1
operand_address_mode=same
input_d=0
tmem_columns=128
d_base_column=0
d_tile_base_delta=64
independent_d_count=2
d_reuse_distance=2
commit_interval=32
pending_mbarriers=1
wait_polling_mode=nocount
smem_base_offset=0
interference_mode=none
interference_ops_per_iter=0
interference_warps=4
elapsed_cycles=3779302
poll_count=0
max_abs_error=0.832031250
guard_ok=1
interference_sink=0.000000000

$ /xplorer/shijy/CUDA_optimazation/microbench/mma_config/07_config_matrix/build/tcgen05_07_config_matrix_bench --dtype bf16 --shape m128n64k16 --layout none --q 32 --iterations 128 --collector-protocol fill_use_lastuse --collector-reuse 3 --ws 0 --ws-buffer-count 1 --operand-address-mode same --input-d 0 --tmem-columns 128 --d-base-column 0 --d-tile-base-delta 64 --independent-d-count 2 --d-reuse-distance 2 --commit-interval 32 --pending-mbarriers 1 --wait-mode nocount --smem-base-offset 0 --interference-mode none --interference-ops-per-iter 0 --interference-warps 4 --active-blocks 0
status=ok
experiment=07_config_matrix
gpu=NVIDIA Thor
compute_capability=11.0
sm_count=20
active_blocks=20
dtype=bf16
shape=m128n64k16
m=128
n=64
k=16
layout=none
q=32
iterations=128
collector_protocol=fill_use_lastuse
collector_reuse=3
ws_mode=0
ws_buffer_count=1
operand_address_mode=same
input_d=0
tmem_columns=128
d_base_column=0
d_tile_base_delta=64
independent_d_count=2
d_reuse_distance=2
commit_interval=32
pending_mbarriers=1
wait_polling_mode=nocount
smem_base_offset=0
interference_mode=none
interference_ops_per_iter=0
interference_warps=4
elapsed_cycles=3779295
poll_count=0
max_abs_error=0.832031250
guard_ok=1
interference_sink=0.000000000

$ /xplorer/shijy/CUDA_optimazation/microbench/mma_config/07_config_matrix/build/tcgen05_07_config_matrix_bench --dtype bf16 --shape m128n64k16 --layout none --q 32 --iterations 128 --collector-protocol fill_use_lastuse --collector-reuse 3 --ws 0 --ws-buffer-count 1 --operand-address-mode same --input-d 0 --tmem-columns 128 --d-base-column 0 --d-tile-base-delta 64 --independent-d-count 2 --d-reuse-distance 2 --commit-interval 32 --pending-mbarriers 1 --wait-mode nocount --smem-base-offset 0 --interference-mode none --interference-ops-per-iter 0 --interference-warps 4 --active-blocks 0
status=ok
experiment=07_config_matrix
gpu=NVIDIA Thor
compute_capability=11.0
sm_count=20
active_blocks=20
dtype=bf16
shape=m128n64k16
m=128
n=64
k=16
layout=none
q=32
iterations=128
collector_protocol=fill_use_lastuse
collector_reuse=3
ws_mode=0
ws_buffer_count=1
operand_address_mode=same
input_d=0
tmem_columns=128
d_base_column=0
d_tile_base_delta=64
independent_d_count=2
d_reuse_distance=2
commit_interval=32
pending_mbarriers=1
wait_polling_mode=nocount
smem_base_offset=0
interference_mode=none
interference_ops_per_iter=0
interference_warps=4
elapsed_cycles=3779295
poll_count=0
max_abs_error=0.832031250
guard_ok=1
interference_sink=0.000000000

$ /xplorer/shijy/CUDA_optimazation/microbench/mma_config/07_config_matrix/build/tcgen05_07_config_matrix_bench --dtype bf16 --shape m128n64k16 --layout none --q 32 --iterations 128 --collector-protocol fill_use_lastuse --collector-reuse 3 --ws 0 --ws-buffer-count 1 --operand-address-mode same --input-d 0 --tmem-columns 128 --d-base-column 0 --d-tile-base-delta 64 --independent-d-count 2 --d-reuse-distance 2 --commit-interval 32 --pending-mbarriers 1 --wait-mode nocount --smem-base-offset 0 --interference-mode none --interference-ops-per-iter 0 --interference-warps 4 --active-blocks 0
status=ok
experiment=07_config_matrix
gpu=NVIDIA Thor
compute_capability=11.0
sm_count=20
active_blocks=20
dtype=bf16
shape=m128n64k16
m=128
n=64
k=16
layout=none
q=32
iterations=128
collector_protocol=fill_use_lastuse
collector_reuse=3
ws_mode=0
ws_buffer_count=1
operand_address_mode=same
input_d=0
tmem_columns=128
d_base_column=0
d_tile_base_delta=64
independent_d_count=2
d_reuse_distance=2
commit_interval=32
pending_mbarriers=1
wait_polling_mode=nocount
smem_base_offset=0
interference_mode=none
interference_ops_per_iter=0
interference_warps=4
elapsed_cycles=3779298
poll_count=0
max_abs_error=0.832031250
guard_ok=1
interference_sink=0.000000000

$ /xplorer/shijy/CUDA_optimazation/microbench/mma_config/07_config_matrix/build/tcgen05_07_config_matrix_bench --dtype fp16 --shape m128n128k16 --layout none --q 32 --iterations 128 --collector-protocol fill_use_lastuse --collector-reuse 3 --ws 0 --ws-buffer-count 1 --operand-address-mode pingpong --input-d 0 --tmem-columns 512 --d-base-column 0 --d-tile-base-delta 128 --independent-d-count 4 --d-reuse-distance 4 --commit-interval 32 --pending-mbarriers 1 --wait-mode nocount --smem-base-offset 0 --interference-mode none --interference-ops-per-iter 0 --interference-warps 4 --active-blocks 0
status=ok
experiment=07_config_matrix
gpu=NVIDIA Thor
compute_capability=11.0
sm_count=20
active_blocks=20
dtype=fp16
shape=m128n128k16
m=128
n=128
k=16
layout=none
q=32
iterations=128
collector_protocol=fill_use_lastuse
collector_reuse=3
ws_mode=0
ws_buffer_count=1
operand_address_mode=pingpong
input_d=0
tmem_columns=512
d_base_column=0
d_tile_base_delta=128
independent_d_count=4
d_reuse_distance=4
commit_interval=32
pending_mbarriers=1
wait_polling_mode=nocount
smem_base_offset=0
interference_mode=none
interference_ops_per_iter=0
interference_warps=4
elapsed_cycles=3779417
poll_count=0
max_abs_error=0.832031250
guard_ok=1
interference_sink=0.000000000

$ /xplorer/shijy/CUDA_optimazation/microbench/mma_config/07_config_matrix/build/tcgen05_07_config_matrix_bench --dtype fp16 --shape m128n128k16 --layout none --q 32 --iterations 128 --collector-protocol fill_use_lastuse --collector-reuse 3 --ws 0 --ws-buffer-count 1 --operand-address-mode pingpong --input-d 0 --tmem-columns 512 --d-base-column 0 --d-tile-base-delta 128 --independent-d-count 4 --d-reuse-distance 4 --commit-interval 32 --pending-mbarriers 1 --wait-mode nocount --smem-base-offset 0 --interference-mode none --interference-ops-per-iter 0 --interference-warps 4 --active-blocks 0
status=ok
experiment=07_config_matrix
gpu=NVIDIA Thor
compute_capability=11.0
sm_count=20
active_blocks=20
dtype=fp16
shape=m128n128k16
m=128
n=128
k=16
layout=none
q=32
iterations=128
collector_protocol=fill_use_lastuse
collector_reuse=3
ws_mode=0
ws_buffer_count=1
operand_address_mode=pingpong
input_d=0
tmem_columns=512
d_base_column=0
d_tile_base_delta=128
independent_d_count=4
d_reuse_distance=4
commit_interval=32
pending_mbarriers=1
wait_polling_mode=nocount
smem_base_offset=0
interference_mode=none
interference_ops_per_iter=0
interference_warps=4
elapsed_cycles=3779411
poll_count=0
max_abs_error=0.832031250
guard_ok=1
interference_sink=0.000000000

$ /xplorer/shijy/CUDA_optimazation/microbench/mma_config/07_config_matrix/build/tcgen05_07_config_matrix_bench --dtype fp16 --shape m128n128k16 --layout none --q 32 --iterations 128 --collector-protocol fill_use_lastuse --collector-reuse 3 --ws 0 --ws-buffer-count 1 --operand-address-mode pingpong --input-d 0 --tmem-columns 512 --d-base-column 0 --d-tile-base-delta 128 --independent-d-count 4 --d-reuse-distance 4 --commit-interval 32 --pending-mbarriers 1 --wait-mode nocount --smem-base-offset 0 --interference-mode none --interference-ops-per-iter 0 --interference-warps 4 --active-blocks 0
status=ok
experiment=07_config_matrix
gpu=NVIDIA Thor
compute_capability=11.0
sm_count=20
active_blocks=20
dtype=fp16
shape=m128n128k16
m=128
n=128
k=16
layout=none
q=32
iterations=128
collector_protocol=fill_use_lastuse
collector_reuse=3
ws_mode=0
ws_buffer_count=1
operand_address_mode=pingpong
input_d=0
tmem_columns=512
d_base_column=0
d_tile_base_delta=128
independent_d_count=4
d_reuse_distance=4
commit_interval=32
pending_mbarriers=1
wait_polling_mode=nocount
smem_base_offset=0
interference_mode=none
interference_ops_per_iter=0
interference_warps=4
elapsed_cycles=3779414
poll_count=0
max_abs_error=0.832031250
guard_ok=1
interference_sink=0.000000000

$ /xplorer/shijy/CUDA_optimazation/microbench/mma_config/07_config_matrix/build/tcgen05_07_config_matrix_bench --dtype fp16 --shape m128n128k16 --layout none --q 32 --iterations 128 --collector-protocol fill_use_lastuse --collector-reuse 3 --ws 0 --ws-buffer-count 1 --operand-address-mode pingpong --input-d 0 --tmem-columns 512 --d-base-column 0 --d-tile-base-delta 128 --independent-d-count 4 --d-reuse-distance 4 --commit-interval 32 --pending-mbarriers 1 --wait-mode nocount --smem-base-offset 0 --interference-mode none --interference-ops-per-iter 0 --interference-warps 4 --active-blocks 0
status=ok
experiment=07_config_matrix
gpu=NVIDIA Thor
compute_capability=11.0
sm_count=20
active_blocks=20
dtype=fp16
shape=m128n128k16
m=128
n=128
k=16
layout=none
q=32
iterations=128
collector_protocol=fill_use_lastuse
collector_reuse=3
ws_mode=0
ws_buffer_count=1
operand_address_mode=pingpong
input_d=0
tmem_columns=512
d_base_column=0
d_tile_base_delta=128
independent_d_count=4
d_reuse_distance=4
commit_interval=32
pending_mbarriers=1
wait_polling_mode=nocount
smem_base_offset=0
interference_mode=none
interference_ops_per_iter=0
interference_warps=4
elapsed_cycles=3779419
poll_count=0
max_abs_error=0.832031250
guard_ok=1
interference_sink=0.000000000

$ /xplorer/shijy/CUDA_optimazation/microbench/mma_config/07_config_matrix/build/tcgen05_07_config_matrix_bench --dtype fp16 --shape m128n128k16 --layout none --q 32 --iterations 128 --collector-protocol fill_use_lastuse --collector-reuse 3 --ws 0 --ws-buffer-count 1 --operand-address-mode pingpong --input-d 0 --tmem-columns 512 --d-base-column 0 --d-tile-base-delta 128 --independent-d-count 4 --d-reuse-distance 4 --commit-interval 32 --pending-mbarriers 1 --wait-mode nocount --smem-base-offset 0 --interference-mode none --interference-ops-per-iter 0 --interference-warps 4 --active-blocks 0
status=ok
experiment=07_config_matrix
gpu=NVIDIA Thor
compute_capability=11.0
sm_count=20
active_blocks=20
dtype=fp16
shape=m128n128k16
m=128
n=128
k=16
layout=none
q=32
iterations=128
collector_protocol=fill_use_lastuse
collector_reuse=3
ws_mode=0
ws_buffer_count=1
operand_address_mode=pingpong
input_d=0
tmem_columns=512
d_base_column=0
d_tile_base_delta=128
independent_d_count=4
d_reuse_distance=4
commit_interval=32
pending_mbarriers=1
wait_polling_mode=nocount
smem_base_offset=0
interference_mode=none
interference_ops_per_iter=0
interference_warps=4
elapsed_cycles=3779418
poll_count=0
max_abs_error=0.832031250
guard_ok=1
interference_sink=0.000000000

$ /xplorer/shijy/CUDA_optimazation/microbench/mma_config/07_config_matrix/build/tcgen05_07_config_matrix_bench --dtype bf16 --shape m128n128k16 --layout none --q 32 --iterations 128 --collector-protocol discard --collector-reuse 0 --ws 0 --ws-buffer-count 1 --operand-address-mode pingpong --input-d 0 --tmem-columns 256 --d-base-column 0 --d-tile-base-delta 128 --independent-d-count 2 --d-reuse-distance 2 --commit-interval 32 --pending-mbarriers 1 --wait-mode nocount --smem-base-offset 0 --interference-mode none --interference-ops-per-iter 0 --interference-warps 4 --active-blocks 0
status=ok
experiment=07_config_matrix
gpu=NVIDIA Thor
compute_capability=11.0
sm_count=20
active_blocks=20
dtype=bf16
shape=m128n128k16
m=128
n=128
k=16
layout=none
q=32
iterations=128
collector_protocol=discard
collector_reuse=0
ws_mode=0
ws_buffer_count=1
operand_address_mode=pingpong
input_d=0
tmem_columns=256
d_base_column=0
d_tile_base_delta=128
independent_d_count=2
d_reuse_distance=2
commit_interval=32
pending_mbarriers=1
wait_polling_mode=nocount
smem_base_offset=0
interference_mode=none
interference_ops_per_iter=0
interference_warps=4
elapsed_cycles=3678984
poll_count=0
max_abs_error=0.832031250
guard_ok=1
interference_sink=0.000000000

$ /xplorer/shijy/CUDA_optimazation/microbench/mma_config/07_config_matrix/build/tcgen05_07_config_matrix_bench --dtype bf16 --shape m128n128k16 --layout none --q 32 --iterations 128 --collector-protocol discard --collector-reuse 0 --ws 0 --ws-buffer-count 1 --operand-address-mode pingpong --input-d 0 --tmem-columns 256 --d-base-column 0 --d-tile-base-delta 128 --independent-d-count 2 --d-reuse-distance 2 --commit-interval 32 --pending-mbarriers 1 --wait-mode nocount --smem-base-offset 0 --interference-mode none --interference-ops-per-iter 0 --interference-warps 4 --active-blocks 0
status=ok
experiment=07_config_matrix
gpu=NVIDIA Thor
compute_capability=11.0
sm_count=20
active_blocks=20
dtype=bf16
shape=m128n128k16
m=128
n=128
k=16
layout=none
q=32
iterations=128
collector_protocol=discard
collector_reuse=0
ws_mode=0
ws_buffer_count=1
operand_address_mode=pingpong
input_d=0
tmem_columns=256
d_base_column=0
d_tile_base_delta=128
independent_d_count=2
d_reuse_distance=2
commit_interval=32
pending_mbarriers=1
wait_polling_mode=nocount
smem_base_offset=0
interference_mode=none
interference_ops_per_iter=0
interference_warps=4
elapsed_cycles=3678962
poll_count=0
max_abs_error=0.832031250
guard_ok=1
interference_sink=0.000000000

$ /xplorer/shijy/CUDA_optimazation/microbench/mma_config/07_config_matrix/build/tcgen05_07_config_matrix_bench --dtype bf16 --shape m128n128k16 --layout none --q 32 --iterations 128 --collector-protocol discard --collector-reuse 0 --ws 0 --ws-buffer-count 1 --operand-address-mode pingpong --input-d 0 --tmem-columns 256 --d-base-column 0 --d-tile-base-delta 128 --independent-d-count 2 --d-reuse-distance 2 --commit-interval 32 --pending-mbarriers 1 --wait-mode nocount --smem-base-offset 0 --interference-mode none --interference-ops-per-iter 0 --interference-warps 4 --active-blocks 0
status=ok
experiment=07_config_matrix
gpu=NVIDIA Thor
compute_capability=11.0
sm_count=20
active_blocks=20
dtype=bf16
shape=m128n128k16
m=128
n=128
k=16
layout=none
q=32
iterations=128
collector_protocol=discard
collector_reuse=0
ws_mode=0
ws_buffer_count=1
operand_address_mode=pingpong
input_d=0
tmem_columns=256
d_base_column=0
d_tile_base_delta=128
independent_d_count=2
d_reuse_distance=2
commit_interval=32
pending_mbarriers=1
wait_polling_mode=nocount
smem_base_offset=0
interference_mode=none
interference_ops_per_iter=0
interference_warps=4
elapsed_cycles=3678991
poll_count=0
max_abs_error=0.832031250
guard_ok=1
interference_sink=0.000000000

$ /xplorer/shijy/CUDA_optimazation/microbench/mma_config/07_config_matrix/build/tcgen05_07_config_matrix_bench --dtype bf16 --shape m128n128k16 --layout none --q 32 --iterations 128 --collector-protocol discard --collector-reuse 0 --ws 0 --ws-buffer-count 1 --operand-address-mode pingpong --input-d 0 --tmem-columns 256 --d-base-column 0 --d-tile-base-delta 128 --independent-d-count 2 --d-reuse-distance 2 --commit-interval 32 --pending-mbarriers 1 --wait-mode nocount --smem-base-offset 0 --interference-mode none --interference-ops-per-iter 0 --interference-warps 4 --active-blocks 0
status=ok
experiment=07_config_matrix
gpu=NVIDIA Thor
compute_capability=11.0
sm_count=20
active_blocks=20
dtype=bf16
shape=m128n128k16
m=128
n=128
k=16
layout=none
q=32
iterations=128
collector_protocol=discard
collector_reuse=0
ws_mode=0
ws_buffer_count=1
operand_address_mode=pingpong
input_d=0
tmem_columns=256
d_base_column=0
d_tile_base_delta=128
independent_d_count=2
d_reuse_distance=2
commit_interval=32
pending_mbarriers=1
wait_polling_mode=nocount
smem_base_offset=0
interference_mode=none
interference_ops_per_iter=0
interference_warps=4
elapsed_cycles=3678962
poll_count=0
max_abs_error=0.832031250
guard_ok=1
interference_sink=0.000000000

$ /xplorer/shijy/CUDA_optimazation/microbench/mma_config/07_config_matrix/build/tcgen05_07_config_matrix_bench --dtype bf16 --shape m128n128k16 --layout none --q 32 --iterations 128 --collector-protocol discard --collector-reuse 0 --ws 0 --ws-buffer-count 1 --operand-address-mode pingpong --input-d 0 --tmem-columns 256 --d-base-column 0 --d-tile-base-delta 128 --independent-d-count 2 --d-reuse-distance 2 --commit-interval 32 --pending-mbarriers 1 --wait-mode nocount --smem-base-offset 0 --interference-mode none --interference-ops-per-iter 0 --interference-warps 4 --active-blocks 0
status=ok
experiment=07_config_matrix
gpu=NVIDIA Thor
compute_capability=11.0
sm_count=20
active_blocks=20
dtype=bf16
shape=m128n128k16
m=128
n=128
k=16
layout=none
q=32
iterations=128
collector_protocol=discard
collector_reuse=0
ws_mode=0
ws_buffer_count=1
operand_address_mode=pingpong
input_d=0
tmem_columns=256
d_base_column=0
d_tile_base_delta=128
independent_d_count=2
d_reuse_distance=2
commit_interval=32
pending_mbarriers=1
wait_polling_mode=nocount
smem_base_offset=0
interference_mode=none
interference_ops_per_iter=0
interference_warps=4
elapsed_cycles=3678961
poll_count=0
max_abs_error=0.832031250
guard_ok=1
interference_sink=0.000000000

$ /xplorer/shijy/CUDA_optimazation/microbench/mma_config/07_config_matrix/build/tcgen05_07_config_matrix_bench --dtype fp16 --shape m128n128k16 --layout none --q 32 --iterations 128 --collector-protocol fill_use_lastuse --collector-reuse 3 --ws 0 --ws-buffer-count 1 --operand-address-mode same --input-d 0 --tmem-columns 256 --d-base-column 0 --d-tile-base-delta 128 --independent-d-count 2 --d-reuse-distance 2 --commit-interval 32 --pending-mbarriers 1 --wait-mode nocount --smem-base-offset 0 --interference-mode none --interference-ops-per-iter 0 --interference-warps 4 --active-blocks 0
status=ok
experiment=07_config_matrix
gpu=NVIDIA Thor
compute_capability=11.0
sm_count=20
active_blocks=20
dtype=fp16
shape=m128n128k16
m=128
n=128
k=16
layout=none
q=32
iterations=128
collector_protocol=fill_use_lastuse
collector_reuse=3
ws_mode=0
ws_buffer_count=1
operand_address_mode=same
input_d=0
tmem_columns=256
d_base_column=0
d_tile_base_delta=128
independent_d_count=2
d_reuse_distance=2
commit_interval=32
pending_mbarriers=1
wait_polling_mode=nocount
smem_base_offset=0
interference_mode=none
interference_ops_per_iter=0
interference_warps=4
elapsed_cycles=3779419
poll_count=0
max_abs_error=0.832031250
guard_ok=1
interference_sink=0.000000000

$ /xplorer/shijy/CUDA_optimazation/microbench/mma_config/07_config_matrix/build/tcgen05_07_config_matrix_bench --dtype fp16 --shape m128n128k16 --layout none --q 32 --iterations 128 --collector-protocol fill_use_lastuse --collector-reuse 3 --ws 0 --ws-buffer-count 1 --operand-address-mode same --input-d 0 --tmem-columns 256 --d-base-column 0 --d-tile-base-delta 128 --independent-d-count 2 --d-reuse-distance 2 --commit-interval 32 --pending-mbarriers 1 --wait-mode nocount --smem-base-offset 0 --interference-mode none --interference-ops-per-iter 0 --interference-warps 4 --active-blocks 0
status=ok
experiment=07_config_matrix
gpu=NVIDIA Thor
compute_capability=11.0
sm_count=20
active_blocks=20
dtype=fp16
shape=m128n128k16
m=128
n=128
k=16
layout=none
q=32
iterations=128
collector_protocol=fill_use_lastuse
collector_reuse=3
ws_mode=0
ws_buffer_count=1
operand_address_mode=same
input_d=0
tmem_columns=256
d_base_column=0
d_tile_base_delta=128
independent_d_count=2
d_reuse_distance=2
commit_interval=32
pending_mbarriers=1
wait_polling_mode=nocount
smem_base_offset=0
interference_mode=none
interference_ops_per_iter=0
interference_warps=4
elapsed_cycles=3779407
poll_count=0
max_abs_error=0.832031250
guard_ok=1
interference_sink=0.000000000

$ /xplorer/shijy/CUDA_optimazation/microbench/mma_config/07_config_matrix/build/tcgen05_07_config_matrix_bench --dtype fp16 --shape m128n128k16 --layout none --q 32 --iterations 128 --collector-protocol fill_use_lastuse --collector-reuse 3 --ws 0 --ws-buffer-count 1 --operand-address-mode same --input-d 0 --tmem-columns 256 --d-base-column 0 --d-tile-base-delta 128 --independent-d-count 2 --d-reuse-distance 2 --commit-interval 32 --pending-mbarriers 1 --wait-mode nocount --smem-base-offset 0 --interference-mode none --interference-ops-per-iter 0 --interference-warps 4 --active-blocks 0
status=ok
experiment=07_config_matrix
gpu=NVIDIA Thor
compute_capability=11.0
sm_count=20
active_blocks=20
dtype=fp16
shape=m128n128k16
m=128
n=128
k=16
layout=none
q=32
iterations=128
collector_protocol=fill_use_lastuse
collector_reuse=3
ws_mode=0
ws_buffer_count=1
operand_address_mode=same
input_d=0
tmem_columns=256
d_base_column=0
d_tile_base_delta=128
independent_d_count=2
d_reuse_distance=2
commit_interval=32
pending_mbarriers=1
wait_polling_mode=nocount
smem_base_offset=0
interference_mode=none
interference_ops_per_iter=0
interference_warps=4
elapsed_cycles=3779415
poll_count=0
max_abs_error=0.832031250
guard_ok=1
interference_sink=0.000000000

$ /xplorer/shijy/CUDA_optimazation/microbench/mma_config/07_config_matrix/build/tcgen05_07_config_matrix_bench --dtype fp16 --shape m128n128k16 --layout none --q 32 --iterations 128 --collector-protocol fill_use_lastuse --collector-reuse 3 --ws 0 --ws-buffer-count 1 --operand-address-mode same --input-d 0 --tmem-columns 256 --d-base-column 0 --d-tile-base-delta 128 --independent-d-count 2 --d-reuse-distance 2 --commit-interval 32 --pending-mbarriers 1 --wait-mode nocount --smem-base-offset 0 --interference-mode none --interference-ops-per-iter 0 --interference-warps 4 --active-blocks 0
status=ok
experiment=07_config_matrix
gpu=NVIDIA Thor
compute_capability=11.0
sm_count=20
active_blocks=20
dtype=fp16
shape=m128n128k16
m=128
n=128
k=16
layout=none
q=32
iterations=128
collector_protocol=fill_use_lastuse
collector_reuse=3
ws_mode=0
ws_buffer_count=1
operand_address_mode=same
input_d=0
tmem_columns=256
d_base_column=0
d_tile_base_delta=128
independent_d_count=2
d_reuse_distance=2
commit_interval=32
pending_mbarriers=1
wait_polling_mode=nocount
smem_base_offset=0
interference_mode=none
interference_ops_per_iter=0
interference_warps=4
elapsed_cycles=3779417
poll_count=0
max_abs_error=0.832031250
guard_ok=1
interference_sink=0.000000000

$ /xplorer/shijy/CUDA_optimazation/microbench/mma_config/07_config_matrix/build/tcgen05_07_config_matrix_bench --dtype fp16 --shape m128n128k16 --layout none --q 32 --iterations 128 --collector-protocol fill_use_lastuse --collector-reuse 3 --ws 0 --ws-buffer-count 1 --operand-address-mode same --input-d 0 --tmem-columns 256 --d-base-column 0 --d-tile-base-delta 128 --independent-d-count 2 --d-reuse-distance 2 --commit-interval 32 --pending-mbarriers 1 --wait-mode nocount --smem-base-offset 0 --interference-mode none --interference-ops-per-iter 0 --interference-warps 4 --active-blocks 0
status=ok
experiment=07_config_matrix
gpu=NVIDIA Thor
compute_capability=11.0
sm_count=20
active_blocks=20
dtype=fp16
shape=m128n128k16
m=128
n=128
k=16
layout=none
q=32
iterations=128
collector_protocol=fill_use_lastuse
collector_reuse=3
ws_mode=0
ws_buffer_count=1
operand_address_mode=same
input_d=0
tmem_columns=256
d_base_column=0
d_tile_base_delta=128
independent_d_count=2
d_reuse_distance=2
commit_interval=32
pending_mbarriers=1
wait_polling_mode=nocount
smem_base_offset=0
interference_mode=none
interference_ops_per_iter=0
interference_warps=4
elapsed_cycles=3779408
poll_count=0
max_abs_error=0.832031250
guard_ok=1
interference_sink=0.000000000

