experiment,case_id,valid,invalid_reason,gpu,compute_capability,driver,cuda_version,ptx_version,sm_clock_mhz,mem_clock_mhz,temperature_c,power_w,dtype,m,n,k,Q,iterations,run_order,repeat,collector_mode,operand_address_mode,independent_d_count,d_reuse_distance,commit_interval,pending_mbarriers,wait_polling_mode,smem_layout,swizzle,alignment_bytes,lda,ldb,smem_base_offset,tmem_columns,d_base_column,d_tile_base_delta,d_alias_class,input_d,interference_mode,interference_ops_per_iter,interference_warps,resident_ctas,elapsed_cycles,elapsed_us,elapsed_cycles_p10,elapsed_cycles_p90,alpha_cycles,beta_cycles_per_mma,logical_smem_bytes_per_mma,effective_smem_bytes_per_cycle,tflops,tflops_p10,tflops_p90,poll_count,max_abs_error,guard_ok,sass_hash,notes
07_config_matrix,cfg_fp16_m128n256k16_c512_sw64_discard_pingpong,1,,NVIDIA Thor,11.0,580.00,13.0,PTX ISA 9.3 / CUDA 13.0,1575.000,,,,fp16,128,256,16,32,128,1,0,discard,pingpong,2,2,32,1,nocount,sw64,sw64,16,16,16,0,512,0,256,none,0,none,0,4,20,3562229.0,2261.7326984126985,,,,,12288,,37.97944203587136,,,0,0.0,1,bf14b28d2af4128daa99f23eec8a5e105636d0b04136f8be580fdc39d6f1f97d,; UTCHMMA=21;UTCHMMA_WS=16;UTCBAR=1;UTCATOMSWS=3;SYNCS_TRYWAIT=8;LDS=21;LDG=9;ptx_tcgen05_mma=21;ptx_tcgen05_mma_ws=16;ptx_tcgen05_commit=1;ptx_tcgen05_alloc=1;ptx_tcgen05_dealloc=1;ptx_tcgen05_ld=5;ptx_tcgen05_st=5;ptx_mbarrier_wait=5;ptx_cp_async_tma=2;ptx_ld_shared=26;ptx_ld_global=7
07_config_matrix,cfg_fp16_m128n256k16_c512_sw64_discard_pingpong,1,,NVIDIA Thor,11.0,580.00,13.0,PTX ISA 9.3 / CUDA 13.0,1575.000,,,,fp16,128,256,16,32,128,1,1,discard,pingpong,2,2,32,1,nocount,sw64,sw64,16,16,16,0,512,0,256,none,0,none,0,4,20,3562238.0,2261.738412698413,,,,,12288,,37.97934608075036,,,0,0.0,1,bf14b28d2af4128daa99f23eec8a5e105636d0b04136f8be580fdc39d6f1f97d,
07_config_matrix,cfg_fp16_m128n256k16_c512_sw64_discard_pingpong,1,,NVIDIA Thor,11.0,580.00,13.0,PTX ISA 9.3 / CUDA 13.0,1575.000,,,,fp16,128,256,16,32,128,1,2,discard,pingpong,2,2,32,1,nocount,sw64,sw64,16,16,16,0,512,0,256,none,0,none,0,4,20,3562244.0,2261.742222222222,,,,,12288,,37.97928211093906,,,0,0.0,1,bf14b28d2af4128daa99f23eec8a5e105636d0b04136f8be580fdc39d6f1f97d,
07_config_matrix,cfg_fp16_m128n256k16_c512_sw64_discard_pingpong,1,,NVIDIA Thor,11.0,580.00,13.0,PTX ISA 9.3 / CUDA 13.0,1575.000,,,,fp16,128,256,16,32,128,1,3,discard,pingpong,2,2,32,1,nocount,sw64,sw64,16,16,16,0,512,0,256,none,0,none,0,4,20,3562234.0,2261.735873015873,,,,,12288,,37.97938872741094,,,0,0.0,1,bf14b28d2af4128daa99f23eec8a5e105636d0b04136f8be580fdc39d6f1f97d,
07_config_matrix,cfg_fp16_m128n256k16_c512_sw64_discard_pingpong,1,,NVIDIA Thor,11.0,580.00,13.0,PTX ISA 9.3 / CUDA 13.0,1575.000,,,,fp16,128,256,16,32,128,1,4,discard,pingpong,2,2,32,1,nocount,sw64,sw64,16,16,16,0,512,0,256,none,0,none,0,4,20,3562234.0,2261.735873015873,,,,,12288,,37.97938872741094,,,0,0.0,1,bf14b28d2af4128daa99f23eec8a5e105636d0b04136f8be580fdc39d6f1f97d,
07_config_matrix,cfg_bf16_m128n128k16_c512_sw32_discard_pingpong,1,,NVIDIA Thor,11.0,580.00,13.0,PTX ISA 9.3 / CUDA 13.0,1575.000,,,,bf16,128,128,16,32,128,2,0,discard,pingpong,4,4,32,1,nocount,sw32,sw32,16,16,16,0,512,0,128,none,0,none,0,4,20,3387675.0,2150.904761904762,,,,,8192,,19.96818907126569,,,0,0.0,1,bf14b28d2af4128daa99f23eec8a5e105636d0b04136f8be580fdc39d6f1f97d,; UTCHMMA=21;UTCHMMA_WS=16;UTCBAR=1;UTCATOMSWS=3;SYNCS_TRYWAIT=8;LDS=21;LDG=9;ptx_tcgen05_mma=21;ptx_tcgen05_mma_ws=16;ptx_tcgen05_commit=1;ptx_tcgen05_alloc=1;ptx_tcgen05_dealloc=1;ptx_tcgen05_ld=5;ptx_tcgen05_st=5;ptx_mbarrier_wait=5;ptx_cp_async_tma=2;ptx_ld_shared=26;ptx_ld_global=7
07_config_matrix,cfg_bf16_m128n128k16_c512_sw32_discard_pingpong,1,,NVIDIA Thor,11.0,580.00,13.0,PTX ISA 9.3 / CUDA 13.0,1575.000,,,,bf16,128,128,16,32,128,2,1,discard,pingpong,4,4,32,1,nocount,sw32,sw32,16,16,16,0,512,0,128,none,0,none,0,4,20,3387619.0,2150.8692063492067,,,,,8192,,19.9685191610981,,,0,0.0,1,bf14b28d2af4128daa99f23eec8a5e105636d0b04136f8be580fdc39d6f1f97d,
07_config_matrix,cfg_bf16_m128n128k16_c512_sw32_discard_pingpong,1,,NVIDIA Thor,11.0,580.00,13.0,PTX ISA 9.3 / CUDA 13.0,1575.000,,,,bf16,128,128,16,32,128,2,2,discard,pingpong,4,4,32,1,nocount,sw32,sw32,16,16,16,0,512,0,128,none,0,none,0,4,20,3387675.0,2150.904761904762,,,,,8192,,19.96818907126569,,,0,0.0,1,bf14b28d2af4128daa99f23eec8a5e105636d0b04136f8be580fdc39d6f1f97d,
07_config_matrix,cfg_bf16_m128n128k16_c512_sw32_discard_pingpong,1,,NVIDIA Thor,11.0,580.00,13.0,PTX ISA 9.3 / CUDA 13.0,1575.000,,,,bf16,128,128,16,32,128,2,3,discard,pingpong,4,4,32,1,nocount,sw32,sw32,16,16,16,0,512,0,128,none,0,none,0,4,20,3387622.0,2150.871111111111,,,,,8192,,19.968501477437567,,,0,0.0,1,bf14b28d2af4128daa99f23eec8a5e105636d0b04136f8be580fdc39d6f1f97d,
07_config_matrix,cfg_bf16_m128n128k16_c512_sw32_discard_pingpong,1,,NVIDIA Thor,11.0,580.00,13.0,PTX ISA 9.3 / CUDA 13.0,1575.000,,,,bf16,128,128,16,32,128,2,4,discard,pingpong,4,4,32,1,nocount,sw32,sw32,16,16,16,0,512,0,128,none,0,none,0,4,20,3387676.0,2150.905396825397,,,,,8192,,19.968183176903572,,,0,0.0,1,bf14b28d2af4128daa99f23eec8a5e105636d0b04136f8be580fdc39d6f1f97d,
07_config_matrix,cfg_fp16_m128n128k16_c128_sw64_fill_use_lastuse_same,1,,NVIDIA Thor,11.0,580.00,13.0,PTX ISA 9.3 / CUDA 13.0,1575.000,,,,fp16,128,128,16,32,128,3,0,fill_use_lastuse,same,1,1,32,1,nocount,sw64,sw64,16,16,16,0,128,0,128,none,0,none,0,4,20,3168625.0,2011.8253968253969,,,,,8192,,21.348608595842048,,,0,0.0,1,bf14b28d2af4128daa99f23eec8a5e105636d0b04136f8be580fdc39d6f1f97d,; UTCHMMA=21;UTCHMMA_WS=16;UTCBAR=1;UTCATOMSWS=3;SYNCS_TRYWAIT=8;LDS=21;LDG=9;ptx_tcgen05_mma=21;ptx_tcgen05_mma_ws=16;ptx_tcgen05_commit=1;ptx_tcgen05_alloc=1;ptx_tcgen05_dealloc=1;ptx_tcgen05_ld=5;ptx_tcgen05_st=5;ptx_mbarrier_wait=5;ptx_cp_async_tma=2;ptx_ld_shared=26;ptx_ld_global=7
07_config_matrix,cfg_fp16_m128n128k16_c128_sw64_fill_use_lastuse_same,1,,NVIDIA Thor,11.0,580.00,13.0,PTX ISA 9.3 / CUDA 13.0,1575.000,,,,fp16,128,128,16,32,128,3,1,fill_use_lastuse,same,1,1,32,1,nocount,sw64,sw64,16,16,16,0,128,0,128,none,0,none,0,4,20,3168617.0,2011.8203174603173,,,,,8192,,21.348662495972217,,,0,0.0,1,bf14b28d2af4128daa99f23eec8a5e105636d0b04136f8be580fdc39d6f1f97d,
07_config_matrix,cfg_fp16_m128n128k16_c128_sw64_fill_use_lastuse_same,1,,NVIDIA Thor,11.0,580.00,13.0,PTX ISA 9.3 / CUDA 13.0,1575.000,,,,fp16,128,128,16,32,128,3,2,fill_use_lastuse,same,1,1,32,1,nocount,sw64,sw64,16,16,16,0,128,0,128,none,0,none,0,4,20,3168618.0,2011.8209523809523,,,,,8192,,21.348655758441062,,,0,0.0,1,bf14b28d2af4128daa99f23eec8a5e105636d0b04136f8be580fdc39d6f1f97d,
07_config_matrix,cfg_fp16_m128n128k16_c128_sw64_fill_use_lastuse_same,1,,NVIDIA Thor,11.0,580.00,13.0,PTX ISA 9.3 / CUDA 13.0,1575.000,,,,fp16,128,128,16,32,128,3,3,fill_use_lastuse,same,1,1,32,1,nocount,sw64,sw64,16,16,16,0,128,0,128,none,0,none,0,4,20,3168616.0,2011.8196825396826,,,,,8192,,21.348669233507625,,,0,0.0,1,bf14b28d2af4128daa99f23eec8a5e105636d0b04136f8be580fdc39d6f1f97d,
07_config_matrix,cfg_fp16_m128n128k16_c128_sw64_fill_use_lastuse_same,1,,NVIDIA Thor,11.0,580.00,13.0,PTX ISA 9.3 / CUDA 13.0,1575.000,,,,fp16,128,128,16,32,128,3,4,fill_use_lastuse,same,1,1,32,1,nocount,sw64,sw64,16,16,16,0,128,0,128,none,0,none,0,4,20,3168609.0,2011.815238095238,,,,,8192,,21.34871639637456,,,0,0.0,1,bf14b28d2af4128daa99f23eec8a5e105636d0b04136f8be580fdc39d6f1f97d,
07_config_matrix,cfg_bf16_m128n64k16_c128_sw128_discard_pingpong,1,,NVIDIA Thor,11.0,580.00,13.0,PTX ISA 9.3 / CUDA 13.0,1575.000,,,,bf16,128,64,16,32,128,4,0,discard,pingpong,2,2,32,1,nocount,sw128,sw128,16,16,16,0,128,0,64,none,0,none,0,4,20,3678958.0,2335.8463492063493,,,,,6144,,9.193599779067878,,,0,0.0,1,bf14b28d2af4128daa99f23eec8a5e105636d0b04136f8be580fdc39d6f1f97d,; UTCHMMA=21;UTCHMMA_WS=16;UTCBAR=1;UTCATOMSWS=3;SYNCS_TRYWAIT=8;LDS=21;LDG=9;ptx_tcgen05_mma=21;ptx_tcgen05_mma_ws=16;ptx_tcgen05_commit=1;ptx_tcgen05_alloc=1;ptx_tcgen05_dealloc=1;ptx_tcgen05_ld=5;ptx_tcgen05_st=5;ptx_mbarrier_wait=5;ptx_cp_async_tma=2;ptx_ld_shared=26;ptx_ld_global=7
07_config_matrix,cfg_bf16_m128n64k16_c128_sw128_discard_pingpong,1,,NVIDIA Thor,11.0,580.00,13.0,PTX ISA 9.3 / CUDA 13.0,1575.000,,,,bf16,128,64,16,32,128,4,1,discard,pingpong,2,2,32,1,nocount,sw128,sw128,16,16,16,0,128,0,64,none,0,none,0,4,20,3678960.0,2335.847619047619,,,,,6144,,9.193594781133799,,,0,0.0,1,bf14b28d2af4128daa99f23eec8a5e105636d0b04136f8be580fdc39d6f1f97d,
07_config_matrix,cfg_bf16_m128n64k16_c128_sw128_discard_pingpong,1,,NVIDIA Thor,11.0,580.00,13.0,PTX ISA 9.3 / CUDA 13.0,1575.000,,,,bf16,128,64,16,32,128,4,2,discard,pingpong,2,2,32,1,nocount,sw128,sw128,16,16,16,0,128,0,64,none,0,none,0,4,20,3678953.0,2335.8431746031747,,,,,6144,,9.193612273926847,,,0,0.0,1,bf14b28d2af4128daa99f23eec8a5e105636d0b04136f8be580fdc39d6f1f97d,
07_config_matrix,cfg_bf16_m128n64k16_c128_sw128_discard_pingpong,1,,NVIDIA Thor,11.0,580.00,13.0,PTX ISA 9.3 / CUDA 13.0,1575.000,,,,bf16,128,64,16,32,128,4,3,discard,pingpong,2,2,32,1,nocount,sw128,sw128,16,16,16,0,128,0,64,none,0,none,0,4,20,3678957.0,2335.845714285714,,,,,6144,,9.193602278036956,,,0,0.0,1,bf14b28d2af4128daa99f23eec8a5e105636d0b04136f8be580fdc39d6f1f97d,
07_config_matrix,cfg_bf16_m128n64k16_c128_sw128_discard_pingpong,1,,NVIDIA Thor,11.0,580.00,13.0,PTX ISA 9.3 / CUDA 13.0,1575.000,,,,bf16,128,64,16,32,128,4,4,discard,pingpong,2,2,32,1,nocount,sw128,sw128,16,16,16,0,128,0,64,none,0,none,0,4,20,3678958.0,2335.8463492063493,,,,,6144,,9.193599779067878,,,0,0.0,1,bf14b28d2af4128daa99f23eec8a5e105636d0b04136f8be580fdc39d6f1f97d,
07_config_matrix,cfg_bf16_m128n64k16_c256_sw128_fill_use_lastuse_pingpong,1,,NVIDIA Thor,11.0,580.00,13.0,PTX ISA 9.3 / CUDA 13.0,1575.000,,,,bf16,128,64,16,32,128,5,0,fill_use_lastuse,pingpong,4,4,32,1,nocount,sw128,sw128,16,16,16,0,256,0,64,none,0,none,0,4,20,3779301.0,2399.5561904761907,,,,,6144,,8.9495034811993,,,0,0.0,1,bf14b28d2af4128daa99f23eec8a5e105636d0b04136f8be580fdc39d6f1f97d,; UTCHMMA=21;UTCHMMA_WS=16;UTCBAR=1;UTCATOMSWS=3;SYNCS_TRYWAIT=8;LDS=21;LDG=9;ptx_tcgen05_mma=21;ptx_tcgen05_mma_ws=16;ptx_tcgen05_commit=1;ptx_tcgen05_alloc=1;ptx_tcgen05_dealloc=1;ptx_tcgen05_ld=5;ptx_tcgen05_st=5;ptx_mbarrier_wait=5;ptx_cp_async_tma=2;ptx_ld_shared=26;ptx_ld_global=7
07_config_matrix,cfg_bf16_m128n64k16_c256_sw128_fill_use_lastuse_pingpong,1,,NVIDIA Thor,11.0,580.00,13.0,PTX ISA 9.3 / CUDA 13.0,1575.000,,,,bf16,128,64,16,32,128,5,1,fill_use_lastuse,pingpong,4,4,32,1,nocount,sw128,sw128,16,16,16,0,256,0,64,none,0,none,0,4,20,3779297.0,2399.553650793651,,,,,6144,,8.949512953334972,,,0,0.0,1,bf14b28d2af4128daa99f23eec8a5e105636d0b04136f8be580fdc39d6f1f97d,
07_config_matrix,cfg_bf16_m128n64k16_c256_sw128_fill_use_lastuse_pingpong,1,,NVIDIA Thor,11.0,580.00,13.0,PTX ISA 9.3 / CUDA 13.0,1575.000,,,,bf16,128,64,16,32,128,5,2,fill_use_lastuse,pingpong,4,4,32,1,nocount,sw128,sw128,16,16,16,0,256,0,64,none,0,none,0,4,20,3779305.0,2399.55873015873,,,,,6144,,8.94949400908368,,,0,0.0,1,bf14b28d2af4128daa99f23eec8a5e105636d0b04136f8be580fdc39d6f1f97d,
07_config_matrix,cfg_bf16_m128n64k16_c256_sw128_fill_use_lastuse_pingpong,1,,NVIDIA Thor,11.0,580.00,13.0,PTX ISA 9.3 / CUDA 13.0,1575.000,,,,bf16,128,64,16,32,128,5,3,fill_use_lastuse,pingpong,4,4,32,1,nocount,sw128,sw128,16,16,16,0,256,0,64,none,0,none,0,4,20,3779294.0,2399.551746031746,,,,,6144,,8.949520057449883,,,0,0.0,1,bf14b28d2af4128daa99f23eec8a5e105636d0b04136f8be580fdc39d6f1f97d,
07_config_matrix,cfg_bf16_m128n64k16_c256_sw128_fill_use_lastuse_pingpong,1,,NVIDIA Thor,11.0,580.00,13.0,PTX ISA 9.3 / CUDA 13.0,1575.000,,,,bf16,128,64,16,32,128,5,4,fill_use_lastuse,pingpong,4,4,32,1,nocount,sw128,sw128,16,16,16,0,256,0,64,none,0,none,0,4,20,3779306.0,2399.559365079365,,,,,6144,,8.949491641057909,,,0,0.0,1,bf14b28d2af4128daa99f23eec8a5e105636d0b04136f8be580fdc39d6f1f97d,
07_config_matrix,cfg_fp16_m128n128k16_c128_sw128_discard_pingpong,1,,NVIDIA Thor,11.0,580.00,13.0,PTX ISA 9.3 / CUDA 13.0,1575.000,,,,fp16,128,128,16,32,128,6,0,discard,pingpong,1,1,32,1,nocount,sw128,sw128,16,16,16,0,128,0,128,none,0,none,0,4,20,3181523.0,2020.0146031746033,,,,,8192,,21.262060626938734,,,0,0.0,1,bf14b28d2af4128daa99f23eec8a5e105636d0b04136f8be580fdc39d6f1f97d,; UTCHMMA=21;UTCHMMA_WS=16;UTCBAR=1;UTCATOMSWS=3;SYNCS_TRYWAIT=8;LDS=21;LDG=9;ptx_tcgen05_mma=21;ptx_tcgen05_mma_ws=16;ptx_tcgen05_commit=1;ptx_tcgen05_alloc=1;ptx_tcgen05_dealloc=1;ptx_tcgen05_ld=5;ptx_tcgen05_st=5;ptx_mbarrier_wait=5;ptx_cp_async_tma=2;ptx_ld_shared=26;ptx_ld_global=7
07_config_matrix,cfg_fp16_m128n128k16_c128_sw128_discard_pingpong,1,,NVIDIA Thor,11.0,580.00,13.0,PTX ISA 9.3 / CUDA 13.0,1575.000,,,,fp16,128,128,16,32,128,6,1,discard,pingpong,1,1,32,1,nocount,sw128,sw128,16,16,16,0,128,0,128,none,0,none,0,4,20,3181526.0,2020.0165079365079,,,,,8192,,21.262040578011938,,,0,0.0,1,bf14b28d2af4128daa99f23eec8a5e105636d0b04136f8be580fdc39d6f1f97d,
07_config_matrix,cfg_fp16_m128n128k16_c128_sw128_discard_pingpong,1,,NVIDIA Thor,11.0,580.00,13.0,PTX ISA 9.3 / CUDA 13.0,1575.000,,,,fp16,128,128,16,32,128,6,2,discard,pingpong,1,1,32,1,nocount,sw128,sw128,16,16,16,0,128,0,128,none,0,none,0,4,20,3181149.0,2019.7771428571427,,,,,8192,,21.264560356022304,,,0,0.0,1,bf14b28d2af4128daa99f23eec8a5e105636d0b04136f8be580fdc39d6f1f97d,
07_config_matrix,cfg_fp16_m128n128k16_c128_sw128_discard_pingpong,1,,NVIDIA Thor,11.0,580.00,13.0,PTX ISA 9.3 / CUDA 13.0,1575.000,,,,fp16,128,128,16,32,128,6,3,discard,pingpong,1,1,32,1,nocount,sw128,sw128,16,16,16,0,128,0,128,none,0,none,0,4,20,3181521.0,2020.0133333333333,,,,,8192,,21.26207399291094,,,0,0.0,1,bf14b28d2af4128daa99f23eec8a5e105636d0b04136f8be580fdc39d6f1f97d,
07_config_matrix,cfg_fp16_m128n128k16_c128_sw128_discard_pingpong,1,,NVIDIA Thor,11.0,580.00,13.0,PTX ISA 9.3 / CUDA 13.0,1575.000,,,,fp16,128,128,16,32,128,6,4,discard,pingpong,1,1,32,1,nocount,sw128,sw128,16,16,16,0,128,0,128,none,0,none,0,4,20,3181526.0,2020.0165079365079,,,,,8192,,21.262040578011938,,,0,0.0,1,bf14b28d2af4128daa99f23eec8a5e105636d0b04136f8be580fdc39d6f1f97d,
07_config_matrix,cfg_fp16_m128n64k16_c512_sw64_fill_use_lastuse_pingpong,1,,NVIDIA Thor,11.0,580.00,13.0,PTX ISA 9.3 / CUDA 13.0,1575.000,,,,fp16,128,64,16,32,128,7,0,fill_use_lastuse,pingpong,8,8,32,1,nocount,sw64,sw64,16,16,16,0,512,0,64,none,0,none,0,4,20,3664479.0,2326.653333333333,,,,,6144,,9.229925306162214,,,0,0.0,1,bf14b28d2af4128daa99f23eec8a5e105636d0b04136f8be580fdc39d6f1f97d,; UTCHMMA=21;UTCHMMA_WS=16;UTCBAR=1;UTCATOMSWS=3;SYNCS_TRYWAIT=8;LDS=21;LDG=9;ptx_tcgen05_mma=21;ptx_tcgen05_mma_ws=16;ptx_tcgen05_commit=1;ptx_tcgen05_alloc=1;ptx_tcgen05_dealloc=1;ptx_tcgen05_ld=5;ptx_tcgen05_st=5;ptx_mbarrier_wait=5;ptx_cp_async_tma=2;ptx_ld_shared=26;ptx_ld_global=7
07_config_matrix,cfg_fp16_m128n64k16_c512_sw64_fill_use_lastuse_pingpong,1,,NVIDIA Thor,11.0,580.00,13.0,PTX ISA 9.3 / CUDA 13.0,1575.000,,,,fp16,128,64,16,32,128,7,1,fill_use_lastuse,pingpong,8,8,32,1,nocount,sw64,sw64,16,16,16,0,512,0,64,none,0,none,0,4,20,3664478.0,2326.6526984126986,,,,,6144,,9.229927824918038,,,0,0.0,1,bf14b28d2af4128daa99f23eec8a5e105636d0b04136f8be580fdc39d6f1f97d,
07_config_matrix,cfg_fp16_m128n64k16_c512_sw64_fill_use_lastuse_pingpong,1,,NVIDIA Thor,11.0,580.00,13.0,PTX ISA 9.3 / CUDA 13.0,1575.000,,,,fp16,128,64,16,32,128,7,2,fill_use_lastuse,pingpong,8,8,32,1,nocount,sw64,sw64,16,16,16,0,512,0,64,none,0,none,0,4,20,3664478.0,2326.6526984126986,,,,,6144,,9.229927824918038,,,0,0.0,1,bf14b28d2af4128daa99f23eec8a5e105636d0b04136f8be580fdc39d6f1f97d,
07_config_matrix,cfg_fp16_m128n64k16_c512_sw64_fill_use_lastuse_pingpong,1,,NVIDIA Thor,11.0,580.00,13.0,PTX ISA 9.3 / CUDA 13.0,1575.000,,,,fp16,128,64,16,32,128,7,3,fill_use_lastuse,pingpong,8,8,32,1,nocount,sw64,sw64,16,16,16,0,512,0,64,none,0,none,0,4,20,3664485.0,2326.657142857143,,,,,6144,,9.229910193656135,,,0,0.0,1,bf14b28d2af4128daa99f23eec8a5e105636d0b04136f8be580fdc39d6f1f97d,
07_config_matrix,cfg_fp16_m128n64k16_c512_sw64_fill_use_lastuse_pingpong,1,,NVIDIA Thor,11.0,580.00,13.0,PTX ISA 9.3 / CUDA 13.0,1575.000,,,,fp16,128,64,16,32,128,7,4,fill_use_lastuse,pingpong,8,8,32,1,nocount,sw64,sw64,16,16,16,0,512,0,64,none,0,none,0,4,20,3664590.0,2326.72380952381,,,,,6144,,9.229645732810491,,,0,0.0,1,bf14b28d2af4128daa99f23eec8a5e105636d0b04136f8be580fdc39d6f1f97d,
07_config_matrix,cfg_bf16_m128n128k16_c256_none_fill_use_lastuse_pingpong,0,max_abs_error>0.25,NVIDIA Thor,11.0,580.00,13.0,PTX ISA 9.3 / CUDA 13.0,1575.000,,,,bf16,128,128,16,32,128,8,0,fill_use_lastuse,pingpong,2,2,32,1,nocount,none,none,16,16,16,0,256,0,128,none,0,none,0,4,20,3779417.0,2399.6298412698416,,,,,8192,,17.898457595973134,,,0,0.83203125,1,bf14b28d2af4128daa99f23eec8a5e105636d0b04136f8be580fdc39d6f1f97d,; UTCHMMA=21;UTCHMMA_WS=16;UTCBAR=1;UTCATOMSWS=3;SYNCS_TRYWAIT=8;LDS=21;LDG=9;ptx_tcgen05_mma=21;ptx_tcgen05_mma_ws=16;ptx_tcgen05_commit=1;ptx_tcgen05_alloc=1;ptx_tcgen05_dealloc=1;ptx_tcgen05_ld=5;ptx_tcgen05_st=5;ptx_mbarrier_wait=5;ptx_cp_async_tma=2;ptx_ld_shared=26;ptx_ld_global=7
07_config_matrix,cfg_bf16_m128n128k16_c256_none_fill_use_lastuse_pingpong,0,max_abs_error>0.25,NVIDIA Thor,11.0,580.00,13.0,PTX ISA 9.3 / CUDA 13.0,1575.000,,,,bf16,128,128,16,32,128,8,1,fill_use_lastuse,pingpong,2,2,32,1,nocount,none,none,16,16,16,0,256,0,128,none,0,none,0,4,20,3779414.0,2399.6279365079363,,,,,8192,,17.898471803300723,,,0,0.83203125,1,bf14b28d2af4128daa99f23eec8a5e105636d0b04136f8be580fdc39d6f1f97d,
07_config_matrix,cfg_bf16_m128n128k16_c256_none_fill_use_lastuse_pingpong,0,max_abs_error>0.25,NVIDIA Thor,11.0,580.00,13.0,PTX ISA 9.3 / CUDA 13.0,1575.000,,,,bf16,128,128,16,32,128,8,2,fill_use_lastuse,pingpong,2,2,32,1,nocount,none,none,16,16,16,0,256,0,128,none,0,none,0,4,20,3779415.0,2399.6285714285714,,,,,8192,,17.898467067522354,,,0,0.83203125,1,bf14b28d2af4128daa99f23eec8a5e105636d0b04136f8be580fdc39d6f1f97d,
07_config_matrix,cfg_bf16_m128n128k16_c256_none_fill_use_lastuse_pingpong,0,max_abs_error>0.25,NVIDIA Thor,11.0,580.00,13.0,PTX ISA 9.3 / CUDA 13.0,1575.000,,,,bf16,128,128,16,32,128,8,3,fill_use_lastuse,pingpong,2,2,32,1,nocount,none,none,16,16,16,0,256,0,128,none,0,none,0,4,20,3779414.0,2399.6279365079363,,,,,8192,,17.898471803300723,,,0,0.83203125,1,bf14b28d2af4128daa99f23eec8a5e105636d0b04136f8be580fdc39d6f1f97d,
07_config_matrix,cfg_bf16_m128n128k16_c256_none_fill_use_lastuse_pingpong,0,max_abs_error>0.25,NVIDIA Thor,11.0,580.00,13.0,PTX ISA 9.3 / CUDA 13.0,1575.000,,,,bf16,128,128,16,32,128,8,4,fill_use_lastuse,pingpong,2,2,32,1,nocount,none,none,16,16,16,0,256,0,128,none,0,none,0,4,20,3779419.0,2399.631111111111,,,,,8192,,17.89844812443394,,,0,0.83203125,1,bf14b28d2af4128daa99f23eec8a5e105636d0b04136f8be580fdc39d6f1f97d,
07_config_matrix,cfg_bf16_m128n256k16_c512_none_discard_same,0,max_abs_error>0.25,NVIDIA Thor,11.0,580.00,13.0,PTX ISA 9.3 / CUDA 13.0,1575.000,,,,bf16,128,256,16,32,128,9,0,discard,same,2,2,32,1,nocount,none,none,16,16,16,0,512,0,256,none,0,none,0,4,20,3678188.0,2335.3574603174607,,,,,12288,,36.78209755020678,,,0,0.83203125,1,bf14b28d2af4128daa99f23eec8a5e105636d0b04136f8be580fdc39d6f1f97d,; UTCHMMA=21;UTCHMMA_WS=16;UTCBAR=1;UTCATOMSWS=3;SYNCS_TRYWAIT=8;LDS=21;LDG=9;ptx_tcgen05_mma=21;ptx_tcgen05_mma_ws=16;ptx_tcgen05_commit=1;ptx_tcgen05_alloc=1;ptx_tcgen05_dealloc=1;ptx_tcgen05_ld=5;ptx_tcgen05_st=5;ptx_mbarrier_wait=5;ptx_cp_async_tma=2;ptx_ld_shared=26;ptx_ld_global=7
07_config_matrix,cfg_bf16_m128n256k16_c512_none_discard_same,0,max_abs_error>0.25,NVIDIA Thor,11.0,580.00,13.0,PTX ISA 9.3 / CUDA 13.0,1575.000,,,,bf16,128,256,16,32,128,9,1,discard,same,2,2,32,1,nocount,none,none,16,16,16,0,512,0,256,none,0,none,0,4,20,3678189.0,2335.3580952380953,,,,,12288,,36.78208755015036,,,0,0.83203125,1,bf14b28d2af4128daa99f23eec8a5e105636d0b04136f8be580fdc39d6f1f97d,
07_config_matrix,cfg_bf16_m128n256k16_c512_none_discard_same,0,max_abs_error>0.25,NVIDIA Thor,11.0,580.00,13.0,PTX ISA 9.3 / CUDA 13.0,1575.000,,,,bf16,128,256,16,32,128,9,2,discard,same,2,2,32,1,nocount,none,none,16,16,16,0,512,0,256,none,0,none,0,4,20,3678179.0,2335.351746031746,,,,,12288,,36.78218755095932,,,0,0.83203125,1,bf14b28d2af4128daa99f23eec8a5e105636d0b04136f8be580fdc39d6f1f97d,
07_config_matrix,cfg_bf16_m128n256k16_c512_none_discard_same,0,max_abs_error>0.25,NVIDIA Thor,11.0,580.00,13.0,PTX ISA 9.3 / CUDA 13.0,1575.000,,,,bf16,128,256,16,32,128,9,3,discard,same,2,2,32,1,nocount,none,none,16,16,16,0,512,0,256,none,0,none,0,4,20,3678183.0,2335.3542857142857,,,,,12288,,36.782147550570485,,,0,0.83203125,1,bf14b28d2af4128daa99f23eec8a5e105636d0b04136f8be580fdc39d6f1f97d,
07_config_matrix,cfg_bf16_m128n256k16_c512_none_discard_same,0,max_abs_error>0.25,NVIDIA Thor,11.0,580.00,13.0,PTX ISA 9.3 / CUDA 13.0,1575.000,,,,bf16,128,256,16,32,128,9,4,discard,same,2,2,32,1,nocount,none,none,16,16,16,0,512,0,256,none,0,none,0,4,20,3678179.0,2335.351746031746,,,,,12288,,36.78218755095932,,,0,0.83203125,1,bf14b28d2af4128daa99f23eec8a5e105636d0b04136f8be580fdc39d6f1f97d,
07_config_matrix,cfg_fp16_m128n64k16_c128_sw64_discard_pingpong,1,,NVIDIA Thor,11.0,580.00,13.0,PTX ISA 9.3 / CUDA 13.0,1575.000,,,,fp16,128,64,16,32,128,10,0,discard,pingpong,2,2,32,1,nocount,sw64,sw64,16,16,16,0,128,0,64,none,0,none,0,4,20,3562209.0,2261.7200000000003,,,,,6144,,9.49491381780238,,,0,0.0,1,bf14b28d2af4128daa99f23eec8a5e105636d0b04136f8be580fdc39d6f1f97d,; UTCHMMA=21;UTCHMMA_WS=16;UTCBAR=1;UTCATOMSWS=3;SYNCS_TRYWAIT=8;LDS=21;LDG=9;ptx_tcgen05_mma=21;ptx_tcgen05_mma_ws=16;ptx_tcgen05_commit=1;ptx_tcgen05_alloc=1;ptx_tcgen05_dealloc=1;ptx_tcgen05_ld=5;ptx_tcgen05_st=5;ptx_mbarrier_wait=5;ptx_cp_async_tma=2;ptx_ld_shared=26;ptx_ld_global=7
07_config_matrix,cfg_fp16_m128n64k16_c128_sw64_discard_pingpong,1,,NVIDIA Thor,11.0,580.00,13.0,PTX ISA 9.3 / CUDA 13.0,1575.000,,,,fp16,128,64,16,32,128,10,1,discard,pingpong,2,2,32,1,nocount,sw64,sw64,16,16,16,0,128,0,64,none,0,none,0,4,20,3562212.0,2261.7219047619046,,,,,6144,,9.494905821439039,,,0,0.0,1,bf14b28d2af4128daa99f23eec8a5e105636d0b04136f8be580fdc39d6f1f97d,
07_config_matrix,cfg_fp16_m128n64k16_c128_sw64_discard_pingpong,1,,NVIDIA Thor,11.0,580.00,13.0,PTX ISA 9.3 / CUDA 13.0,1575.000,,,,fp16,128,64,16,32,128,10,2,discard,pingpong,2,2,32,1,nocount,sw64,sw64,16,16,16,0,128,0,64,none,0,none,0,4,20,3562209.0,2261.7200000000003,,,,,6144,,9.49491381780238,,,0,0.0,1,bf14b28d2af4128daa99f23eec8a5e105636d0b04136f8be580fdc39d6f1f97d,
07_config_matrix,cfg_fp16_m128n64k16_c128_sw64_discard_pingpong,1,,NVIDIA Thor,11.0,580.00,13.0,PTX ISA 9.3 / CUDA 13.0,1575.000,,,,fp16,128,64,16,32,128,10,3,discard,pingpong,2,2,32,1,nocount,sw64,sw64,16,16,16,0,128,0,64,none,0,none,0,4,20,3562216.0,2261.7244444444445,,,,,6144,,9.4948951596422,,,0,0.0,1,bf14b28d2af4128daa99f23eec8a5e105636d0b04136f8be580fdc39d6f1f97d,
07_config_matrix,cfg_fp16_m128n64k16_c128_sw64_discard_pingpong,1,,NVIDIA Thor,11.0,580.00,13.0,PTX ISA 9.3 / CUDA 13.0,1575.000,,,,fp16,128,64,16,32,128,10,4,discard,pingpong,2,2,32,1,nocount,sw64,sw64,16,16,16,0,128,0,64,none,0,none,0,4,20,3562207.0,2261.71873015873,,,,,6144,,9.494919148718758,,,0,0.0,1,bf14b28d2af4128daa99f23eec8a5e105636d0b04136f8be580fdc39d6f1f97d,
07_config_matrix,cfg_bf16_m128n256k16_c256_sw64_fill_use_lastuse_same,1,,NVIDIA Thor,11.0,580.00,13.0,PTX ISA 9.3 / CUDA 13.0,1575.000,,,,bf16,128,256,16,32,128,11,0,fill_use_lastuse,same,1,1,32,1,nocount,sw64,sw64,16,16,16,0,256,0,256,none,0,none,0,4,20,3167857.0,2011.3377777777778,,,,,12288,,42.707568499461935,,,0,0.0,1,bf14b28d2af4128daa99f23eec8a5e105636d0b04136f8be580fdc39d6f1f97d,; UTCHMMA=21;UTCHMMA_WS=16;UTCBAR=1;UTCATOMSWS=3;SYNCS_TRYWAIT=8;LDS=21;LDG=9;ptx_tcgen05_mma=21;ptx_tcgen05_mma_ws=16;ptx_tcgen05_commit=1;ptx_tcgen05_alloc=1;ptx_tcgen05_dealloc=1;ptx_tcgen05_ld=5;ptx_tcgen05_st=5;ptx_mbarrier_wait=5;ptx_cp_async_tma=2;ptx_ld_shared=26;ptx_ld_global=7
07_config_matrix,cfg_bf16_m128n256k16_c256_sw64_fill_use_lastuse_same,1,,NVIDIA Thor,11.0,580.00,13.0,PTX ISA 9.3 / CUDA 13.0,1575.000,,,,bf16,128,256,16,32,128,11,1,fill_use_lastuse,same,1,1,32,1,nocount,sw64,sw64,16,16,16,0,256,0,256,none,0,none,0,4,20,3167859.0,2011.3390476190475,,,,,12288,,42.707541536413075,,,0,0.0,1,bf14b28d2af4128daa99f23eec8a5e105636d0b04136f8be580fdc39d6f1f97d,
07_config_matrix,cfg_bf16_m128n256k16_c256_sw64_fill_use_lastuse_same,1,,NVIDIA Thor,11.0,580.00,13.0,PTX ISA 9.3 / CUDA 13.0,1575.000,,,,bf16,128,256,16,32,128,11,2,fill_use_lastuse,same,1,1,32,1,nocount,sw64,sw64,16,16,16,0,256,0,256,none,0,none,0,4,20,3167861.0,2011.3403174603175,,,,,12288,,42.707514573398264,,,0,0.0,1,bf14b28d2af4128daa99f23eec8a5e105636d0b04136f8be580fdc39d6f1f97d,
07_config_matrix,cfg_bf16_m128n256k16_c256_sw64_fill_use_lastuse_same,1,,NVIDIA Thor,11.0,580.00,13.0,PTX ISA 9.3 / CUDA 13.0,1575.000,,,,bf16,128,256,16,32,128,11,3,fill_use_lastuse,same,1,1,32,1,nocount,sw64,sw64,16,16,16,0,256,0,256,none,0,none,0,4,20,3167860.0,2011.3396825396824,,,,,12288,,42.707528054901424,,,0,0.0,1,bf14b28d2af4128daa99f23eec8a5e105636d0b04136f8be580fdc39d6f1f97d,
07_config_matrix,cfg_bf16_m128n256k16_c256_sw64_fill_use_lastuse_same,1,,NVIDIA Thor,11.0,580.00,13.0,PTX ISA 9.3 / CUDA 13.0,1575.000,,,,bf16,128,256,16,32,128,11,4,fill_use_lastuse,same,1,1,32,1,nocount,sw64,sw64,16,16,16,0,256,0,256,none,0,none,0,4,20,3167856.0,2011.337142857143,,,,,12288,,42.70758198099913,,,0,0.0,1,bf14b28d2af4128daa99f23eec8a5e105636d0b04136f8be580fdc39d6f1f97d,
07_config_matrix,cfg_fp16_m128n64k16_c128_none_discard_pingpong,0,max_abs_error>0.05,NVIDIA Thor,11.0,580.00,13.0,PTX ISA 9.3 / CUDA 13.0,1575.000,,,,fp16,128,64,16,32,128,12,0,discard,pingpong,2,2,32,1,nocount,none,none,16,16,16,0,128,0,64,none,0,none,0,4,20,3678955.0,2335.8444444444444,,,,,6144,,9.193607275979184,,,0,0.83203125,1,bf14b28d2af4128daa99f23eec8a5e105636d0b04136f8be580fdc39d6f1f97d,; UTCHMMA=21;UTCHMMA_WS=16;UTCBAR=1;UTCATOMSWS=3;SYNCS_TRYWAIT=8;LDS=21;LDG=9;ptx_tcgen05_mma=21;ptx_tcgen05_mma_ws=16;ptx_tcgen05_commit=1;ptx_tcgen05_alloc=1;ptx_tcgen05_dealloc=1;ptx_tcgen05_ld=5;ptx_tcgen05_st=5;ptx_mbarrier_wait=5;ptx_cp_async_tma=2;ptx_ld_shared=26;ptx_ld_global=7
07_config_matrix,cfg_fp16_m128n64k16_c128_none_discard_pingpong,0,max_abs_error>0.05,NVIDIA Thor,11.0,580.00,13.0,PTX ISA 9.3 / CUDA 13.0,1575.000,,,,fp16,128,64,16,32,128,12,1,discard,pingpong,2,2,32,1,nocount,none,none,16,16,16,0,128,0,64,none,0,none,0,4,20,3678962.0,2335.8488888888887,,,,,6144,,9.193589783205153,,,0,0.83203125,1,bf14b28d2af4128daa99f23eec8a5e105636d0b04136f8be580fdc39d6f1f97d,
07_config_matrix,cfg_fp16_m128n64k16_c128_none_discard_pingpong,0,max_abs_error>0.05,NVIDIA Thor,11.0,580.00,13.0,PTX ISA 9.3 / CUDA 13.0,1575.000,,,,fp16,128,64,16,32,128,12,2,discard,pingpong,2,2,32,1,nocount,none,none,16,16,16,0,128,0,64,none,0,none,0,4,20,3678960.0,2335.847619047619,,,,,6144,,9.193594781133799,,,0,0.83203125,1,bf14b28d2af4128daa99f23eec8a5e105636d0b04136f8be580fdc39d6f1f97d,
07_config_matrix,cfg_fp16_m128n64k16_c128_none_discard_pingpong,0,max_abs_error>0.05,NVIDIA Thor,11.0,580.00,13.0,PTX ISA 9.3 / CUDA 13.0,1575.000,,,,fp16,128,64,16,32,128,12,3,discard,pingpong,2,2,32,1,nocount,none,none,16,16,16,0,128,0,64,none,0,none,0,4,20,3678957.0,2335.845714285714,,,,,6144,,9.193602278036956,,,0,0.83203125,1,bf14b28d2af4128daa99f23eec8a5e105636d0b04136f8be580fdc39d6f1f97d,
07_config_matrix,cfg_fp16_m128n64k16_c128_none_discard_pingpong,0,max_abs_error>0.05,NVIDIA Thor,11.0,580.00,13.0,PTX ISA 9.3 / CUDA 13.0,1575.000,,,,fp16,128,64,16,32,128,12,4,discard,pingpong,2,2,32,1,nocount,none,none,16,16,16,0,128,0,64,none,0,none,0,4,20,3678957.0,2335.845714285714,,,,,6144,,9.193602278036956,,,0,0.83203125,1,bf14b28d2af4128daa99f23eec8a5e105636d0b04136f8be580fdc39d6f1f97d,
07_config_matrix,cfg_fp16_m128n256k16_c512_sw128_fill_use_lastuse_same,1,,NVIDIA Thor,11.0,580.00,13.0,PTX ISA 9.3 / CUDA 13.0,1575.000,,,,fp16,128,256,16,32,128,13,0,fill_use_lastuse,same,2,2,32,1,nocount,sw128,sw128,16,16,16,0,512,0,256,none,0,none,0,4,20,3778654.0,2399.145396825397,,,,,12288,,35.804143439436366,,,0,0.0,1,bf14b28d2af4128daa99f23eec8a5e105636d0b04136f8be580fdc39d6f1f97d,; UTCHMMA=21;UTCHMMA_WS=16;UTCBAR=1;UTCATOMSWS=3;SYNCS_TRYWAIT=8;LDS=21;LDG=9;ptx_tcgen05_mma=21;ptx_tcgen05_mma_ws=16;ptx_tcgen05_commit=1;ptx_tcgen05_alloc=1;ptx_tcgen05_dealloc=1;ptx_tcgen05_ld=5;ptx_tcgen05_st=5;ptx_mbarrier_wait=5;ptx_cp_async_tma=2;ptx_ld_shared=26;ptx_ld_global=7
07_config_matrix,cfg_fp16_m128n256k16_c512_sw128_fill_use_lastuse_same,1,,NVIDIA Thor,11.0,580.00,13.0,PTX ISA 9.3 / CUDA 13.0,1575.000,,,,fp16,128,256,16,32,128,13,1,fill_use_lastuse,same,2,2,32,1,nocount,sw128,sw128,16,16,16,0,512,0,256,none,0,none,0,4,20,3778169.0,2398.83746031746,,,,,12288,,35.808739583644886,,,0,0.0,1,bf14b28d2af4128daa99f23eec8a5e105636d0b04136f8be580fdc39d6f1f97d,
07_config_matrix,cfg_fp16_m128n256k16_c512_sw128_fill_use_lastuse_same,1,,NVIDIA Thor,11.0,580.00,13.0,PTX ISA 9.3 / CUDA 13.0,1575.000,,,,fp16,128,256,16,32,128,13,2,fill_use_lastuse,same,2,2,32,1,nocount,sw128,sw128,16,16,16,0,512,0,256,none,0,none,0,4,20,3778172.0,2398.839365079365,,,,,12288,,35.80871115025997,,,0,0.0,1,bf14b28d2af4128daa99f23eec8a5e105636d0b04136f8be580fdc39d6f1f97d,
07_config_matrix,cfg_fp16_m128n256k16_c512_sw128_fill_use_lastuse_same,1,,NVIDIA Thor,11.0,580.00,13.0,PTX ISA 9.3 / CUDA 13.0,1575.000,,,,fp16,128,256,16,32,128,13,3,fill_use_lastuse,same,2,2,32,1,nocount,sw128,sw128,16,16,16,0,512,0,256,none,0,none,0,4,20,3778481.0,2399.035555555555,,,,,12288,,35.805782753439814,,,0,0.0,1,bf14b28d2af4128daa99f23eec8a5e105636d0b04136f8be580fdc39d6f1f97d,
07_config_matrix,cfg_fp16_m128n256k16_c512_sw128_fill_use_lastuse_same,1,,NVIDIA Thor,11.0,580.00,13.0,PTX ISA 9.3 / CUDA 13.0,1575.000,,,,fp16,128,256,16,32,128,13,4,fill_use_lastuse,same,2,2,32,1,nocount,sw128,sw128,16,16,16,0,512,0,256,none,0,none,0,4,20,3778495.0,2399.0444444444443,,,,,12288,,35.805650086608566,,,0,0.0,1,bf14b28d2af4128daa99f23eec8a5e105636d0b04136f8be580fdc39d6f1f97d,
07_config_matrix,cfg_bf16_m128n128k16_c512_sw64_fill_use_lastuse_same,1,,NVIDIA Thor,11.0,580.00,13.0,PTX ISA 9.3 / CUDA 13.0,1575.000,,,,bf16,128,128,16,32,128,14,0,fill_use_lastuse,same,4,4,32,1,nocount,sw64,sw64,16,16,16,0,512,0,128,none,0,none,0,4,20,3664480.0,2326.6539682539683,,,,,8192,,18.459845574815525,,,0,0.0,1,bf14b28d2af4128daa99f23eec8a5e105636d0b04136f8be580fdc39d6f1f97d,; UTCHMMA=21;UTCHMMA_WS=16;UTCBAR=1;UTCATOMSWS=3;SYNCS_TRYWAIT=8;LDS=21;LDG=9;ptx_tcgen05_mma=21;ptx_tcgen05_mma_ws=16;ptx_tcgen05_commit=1;ptx_tcgen05_alloc=1;ptx_tcgen05_dealloc=1;ptx_tcgen05_ld=5;ptx_tcgen05_st=5;ptx_mbarrier_wait=5;ptx_cp_async_tma=2;ptx_ld_shared=26;ptx_ld_global=7
07_config_matrix,cfg_bf16_m128n128k16_c512_sw64_fill_use_lastuse_same,1,,NVIDIA Thor,11.0,580.00,13.0,PTX ISA 9.3 / CUDA 13.0,1575.000,,,,bf16,128,128,16,32,128,14,1,fill_use_lastuse,same,4,4,32,1,nocount,sw64,sw64,16,16,16,0,512,0,128,none,0,none,0,4,20,3664588.0,2326.7225396825397,,,,,8192,,18.459301540036694,,,0,0.0,1,bf14b28d2af4128daa99f23eec8a5e105636d0b04136f8be580fdc39d6f1f97d,
07_config_matrix,cfg_bf16_m128n128k16_c512_sw64_fill_use_lastuse_same,1,,NVIDIA Thor,11.0,580.00,13.0,PTX ISA 9.3 / CUDA 13.0,1575.000,,,,bf16,128,128,16,32,128,14,2,fill_use_lastuse,same,4,4,32,1,nocount,sw64,sw64,16,16,16,0,512,0,128,none,0,none,0,4,20,3664481.0,2326.6546031746034,,,,,8192,,18.459840537309375,,,0,0.0,1,bf14b28d2af4128daa99f23eec8a5e105636d0b04136f8be580fdc39d6f1f97d,
07_config_matrix,cfg_bf16_m128n128k16_c512_sw64_fill_use_lastuse_same,1,,NVIDIA Thor,11.0,580.00,13.0,PTX ISA 9.3 / CUDA 13.0,1575.000,,,,bf16,128,128,16,32,128,14,3,fill_use_lastuse,same,4,4,32,1,nocount,sw64,sw64,16,16,16,0,512,0,128,none,0,none,0,4,20,3664479.0,2326.653333333333,,,,,8192,,18.459850612324427,,,0,0.0,1,bf14b28d2af4128daa99f23eec8a5e105636d0b04136f8be580fdc39d6f1f97d,
07_config_matrix,cfg_bf16_m128n128k16_c512_sw64_fill_use_lastuse_same,1,,NVIDIA Thor,11.0,580.00,13.0,PTX ISA 9.3 / CUDA 13.0,1575.000,,,,bf16,128,128,16,32,128,14,4,fill_use_lastuse,same,4,4,32,1,nocount,sw64,sw64,16,16,16,0,512,0,128,none,0,none,0,4,20,3664479.0,2326.653333333333,,,,,8192,,18.459850612324427,,,0,0.0,1,bf14b28d2af4128daa99f23eec8a5e105636d0b04136f8be580fdc39d6f1f97d,
07_config_matrix,cfg_bf16_m128n128k16_c128_sw128_fill_use_lastuse_same,1,,NVIDIA Thor,11.0,580.00,13.0,PTX ISA 9.3 / CUDA 13.0,1575.000,,,,bf16,128,128,16,32,128,15,0,fill_use_lastuse,same,1,1,32,1,nocount,sw128,sw128,16,16,16,0,128,0,128,none,0,none,0,4,20,3282396.0,2084.060952380952,,,,,8192,,20.60864530422289,,,0,0.0,1,bf14b28d2af4128daa99f23eec8a5e105636d0b04136f8be580fdc39d6f1f97d,; UTCHMMA=21;UTCHMMA_WS=16;UTCBAR=1;UTCATOMSWS=3;SYNCS_TRYWAIT=8;LDS=21;LDG=9;ptx_tcgen05_mma=21;ptx_tcgen05_mma_ws=16;ptx_tcgen05_commit=1;ptx_tcgen05_alloc=1;ptx_tcgen05_dealloc=1;ptx_tcgen05_ld=5;ptx_tcgen05_st=5;ptx_mbarrier_wait=5;ptx_cp_async_tma=2;ptx_ld_shared=26;ptx_ld_global=7
07_config_matrix,cfg_bf16_m128n128k16_c128_sw128_fill_use_lastuse_same,1,,NVIDIA Thor,11.0,580.00,13.0,PTX ISA 9.3 / CUDA 13.0,1575.000,,,,bf16,128,128,16,32,128,15,1,fill_use_lastuse,same,1,1,32,1,nocount,sw128,sw128,16,16,16,0,128,0,128,none,0,none,0,4,20,3282396.0,2084.060952380952,,,,,8192,,20.60864530422289,,,0,0.0,1,bf14b28d2af4128daa99f23eec8a5e105636d0b04136f8be580fdc39d6f1f97d,
07_config_matrix,cfg_bf16_m128n128k16_c128_sw128_fill_use_lastuse_same,1,,NVIDIA Thor,11.0,580.00,13.0,PTX ISA 9.3 / CUDA 13.0,1575.000,,,,bf16,128,128,16,32,128,15,2,fill_use_lastuse,same,1,1,32,1,nocount,sw128,sw128,16,16,16,0,128,0,128,none,0,none,0,4,20,3282395.0,2084.0603174603175,,,,,8192,,20.608651582761976,,,0,0.0,1,bf14b28d2af4128daa99f23eec8a5e105636d0b04136f8be580fdc39d6f1f97d,
07_config_matrix,cfg_bf16_m128n128k16_c128_sw128_fill_use_lastuse_same,1,,NVIDIA Thor,11.0,580.00,13.0,PTX ISA 9.3 / CUDA 13.0,1575.000,,,,bf16,128,128,16,32,128,15,3,fill_use_lastuse,same,1,1,32,1,nocount,sw128,sw128,16,16,16,0,128,0,128,none,0,none,0,4,20,3281360.0,2083.4031746031746,,,,,8192,,20.615151922373652,,,0,0.0,1,bf14b28d2af4128daa99f23eec8a5e105636d0b04136f8be580fdc39d6f1f97d,
07_config_matrix,cfg_bf16_m128n128k16_c128_sw128_fill_use_lastuse_same,1,,NVIDIA Thor,11.0,580.00,13.0,PTX ISA 9.3 / CUDA 13.0,1575.000,,,,bf16,128,128,16,32,128,15,4,fill_use_lastuse,same,1,1,32,1,nocount,sw128,sw128,16,16,16,0,128,0,128,none,0,none,0,4,20,3281362.0,2083.4044444444444,,,,,8192,,20.615139357376602,,,0,0.0,1,bf14b28d2af4128daa99f23eec8a5e105636d0b04136f8be580fdc39d6f1f97d,
07_config_matrix,cfg_fp16_m128n256k16_c512_none_fill_use_lastuse_same,0,max_abs_error>0.05,NVIDIA Thor,11.0,580.00,13.0,PTX ISA 9.3 / CUDA 13.0,1575.000,,,,fp16,128,256,16,32,128,16,0,fill_use_lastuse,same,2,2,32,1,nocount,none,none,16,16,16,0,512,0,256,none,0,none,0,4,20,3778657.0,2399.1473015873016,,,,,12288,,35.804115013349985,,,0,0.83203125,1,bf14b28d2af4128daa99f23eec8a5e105636d0b04136f8be580fdc39d6f1f97d,; UTCHMMA=21;UTCHMMA_WS=16;UTCBAR=1;UTCATOMSWS=3;SYNCS_TRYWAIT=8;LDS=21;LDG=9;ptx_tcgen05_mma=21;ptx_tcgen05_mma_ws=16;ptx_tcgen05_commit=1;ptx_tcgen05_alloc=1;ptx_tcgen05_dealloc=1;ptx_tcgen05_ld=5;ptx_tcgen05_st=5;ptx_mbarrier_wait=5;ptx_cp_async_tma=2;ptx_ld_shared=26;ptx_ld_global=7
07_config_matrix,cfg_fp16_m128n256k16_c512_none_fill_use_lastuse_same,0,max_abs_error>0.05,NVIDIA Thor,11.0,580.00,13.0,PTX ISA 9.3 / CUDA 13.0,1575.000,,,,fp16,128,256,16,32,128,16,1,fill_use_lastuse,same,2,2,32,1,nocount,none,none,16,16,16,0,512,0,256,none,0,none,0,4,20,3778357.0,2398.9568253968255,,,,,12288,,35.80695784543388,,,0,0.83203125,1,bf14b28d2af4128daa99f23eec8a5e105636d0b04136f8be580fdc39d6f1f97d,
07_config_matrix,cfg_fp16_m128n256k16_c512_none_fill_use_lastuse_same,0,max_abs_error>0.05,NVIDIA Thor,11.0,580.00,13.0,PTX ISA 9.3 / CUDA 13.0,1575.000,,,,fp16,128,256,16,32,128,16,2,fill_use_lastuse,same,2,2,32,1,nocount,none,none,16,16,16,0,512,0,256,none,0,none,0,4,20,3778653.0,2399.1447619047617,,,,,12288,,35.80415291480853,,,0,0.83203125,1,bf14b28d2af4128daa99f23eec8a5e105636d0b04136f8be580fdc39d6f1f97d,
07_config_matrix,cfg_fp16_m128n256k16_c512_none_fill_use_lastuse_same,0,max_abs_error>0.05,NVIDIA Thor,11.0,580.00,13.0,PTX ISA 9.3 / CUDA 13.0,1575.000,,,,fp16,128,256,16,32,128,16,3,fill_use_lastuse,same,2,2,32,1,nocount,none,none,16,16,16,0,512,0,256,none,0,none,0,4,20,3778658.0,2399.1479365079367,,,,,12288,,35.804105537997884,,,0,0.83203125,1,bf14b28d2af4128daa99f23eec8a5e105636d0b04136f8be580fdc39d6f1f97d,
07_config_matrix,cfg_fp16_m128n256k16_c512_none_fill_use_lastuse_same,0,max_abs_error>0.05,NVIDIA Thor,11.0,580.00,13.0,PTX ISA 9.3 / CUDA 13.0,1575.000,,,,fp16,128,256,16,32,128,16,4,fill_use_lastuse,same,2,2,32,1,nocount,none,none,16,16,16,0,512,0,256,none,0,none,0,4,20,3778657.0,2399.1473015873016,,,,,12288,,35.804115013349985,,,0,0.83203125,1,bf14b28d2af4128daa99f23eec8a5e105636d0b04136f8be580fdc39d6f1f97d,
07_config_matrix,cfg_bf16_m128n256k16_c256_sw64_fill_use_lastuse_pingpong,1,,NVIDIA Thor,11.0,580.00,13.0,PTX ISA 9.3 / CUDA 13.0,1575.000,,,,bf16,128,256,16,32,128,17,0,fill_use_lastuse,pingpong,1,1,32,1,nocount,sw64,sw64,16,16,16,0,256,0,256,none,0,none,0,4,20,3167857.0,2011.3377777777778,,,,,12288,,42.707568499461935,,,0,0.0,1,bf14b28d2af4128daa99f23eec8a5e105636d0b04136f8be580fdc39d6f1f97d,; UTCHMMA=21;UTCHMMA_WS=16;UTCBAR=1;UTCATOMSWS=3;SYNCS_TRYWAIT=8;LDS=21;LDG=9;ptx_tcgen05_mma=21;ptx_tcgen05_mma_ws=16;ptx_tcgen05_commit=1;ptx_tcgen05_alloc=1;ptx_tcgen05_dealloc=1;ptx_tcgen05_ld=5;ptx_tcgen05_st=5;ptx_mbarrier_wait=5;ptx_cp_async_tma=2;ptx_ld_shared=26;ptx_ld_global=7
07_config_matrix,cfg_bf16_m128n256k16_c256_sw64_fill_use_lastuse_pingpong,1,,NVIDIA Thor,11.0,580.00,13.0,PTX ISA 9.3 / CUDA 13.0,1575.000,,,,bf16,128,256,16,32,128,17,1,fill_use_lastuse,pingpong,1,1,32,1,nocount,sw64,sw64,16,16,16,0,256,0,256,none,0,none,0,4,20,3167860.0,2011.3396825396824,,,,,12288,,42.707528054901424,,,0,0.0,1,bf14b28d2af4128daa99f23eec8a5e105636d0b04136f8be580fdc39d6f1f97d,
07_config_matrix,cfg_bf16_m128n256k16_c256_sw64_fill_use_lastuse_pingpong,1,,NVIDIA Thor,11.0,580.00,13.0,PTX ISA 9.3 / CUDA 13.0,1575.000,,,,bf16,128,256,16,32,128,17,2,fill_use_lastuse,pingpong,1,1,32,1,nocount,sw64,sw64,16,16,16,0,256,0,256,none,0,none,0,4,20,3167858.0,2011.3384126984129,,,,,12288,,42.70755501793325,,,0,0.0,1,bf14b28d2af4128daa99f23eec8a5e105636d0b04136f8be580fdc39d6f1f97d,
07_config_matrix,cfg_bf16_m128n256k16_c256_sw64_fill_use_lastuse_pingpong,1,,NVIDIA Thor,11.0,580.00,13.0,PTX ISA 9.3 / CUDA 13.0,1575.000,,,,bf16,128,256,16,32,128,17,3,fill_use_lastuse,pingpong,1,1,32,1,nocount,sw64,sw64,16,16,16,0,256,0,256,none,0,none,0,4,20,3167862.0,2011.3409523809523,,,,,12288,,42.70750109190362,,,0,0.0,1,bf14b28d2af4128daa99f23eec8a5e105636d0b04136f8be580fdc39d6f1f97d,
07_config_matrix,cfg_bf16_m128n256k16_c256_sw64_fill_use_lastuse_pingpong,1,,NVIDIA Thor,11.0,580.00,13.0,PTX ISA 9.3 / CUDA 13.0,1575.000,,,,bf16,128,256,16,32,128,17,4,fill_use_lastuse,pingpong,1,1,32,1,nocount,sw64,sw64,16,16,16,0,256,0,256,none,0,none,0,4,20,3167854.0,2011.3358730158732,,,,,12288,,42.707608944099064,,,0,0.0,1,bf14b28d2af4128daa99f23eec8a5e105636d0b04136f8be580fdc39d6f1f97d,
07_config_matrix,cfg_fp16_m128n64k16_c256_sw32_discard_pingpong,1,,NVIDIA Thor,11.0,580.00,13.0,PTX ISA 9.3 / CUDA 13.0,1575.000,,,,fp16,128,64,16,32,128,18,0,discard,pingpong,4,4,32,1,nocount,sw32,sw32,16,16,16,0,256,0,64,none,0,none,0,4,20,3387496.0,2150.791111111111,,,,,6144,,9.984622109074076,,,0,0.0,1,bf14b28d2af4128daa99f23eec8a5e105636d0b04136f8be580fdc39d6f1f97d,; UTCHMMA=21;UTCHMMA_WS=16;UTCBAR=1;UTCATOMSWS=3;SYNCS_TRYWAIT=8;LDS=21;LDG=9;ptx_tcgen05_mma=21;ptx_tcgen05_mma_ws=16;ptx_tcgen05_commit=1;ptx_tcgen05_alloc=1;ptx_tcgen05_dealloc=1;ptx_tcgen05_ld=5;ptx_tcgen05_st=5;ptx_mbarrier_wait=5;ptx_cp_async_tma=2;ptx_ld_shared=26;ptx_ld_global=7
07_config_matrix,cfg_fp16_m128n64k16_c256_sw32_discard_pingpong,1,,NVIDIA Thor,11.0,580.00,13.0,PTX ISA 9.3 / CUDA 13.0,1575.000,,,,fp16,128,64,16,32,128,18,1,discard,pingpong,4,4,32,1,nocount,sw32,sw32,16,16,16,0,256,0,64,none,0,none,0,4,20,3387411.0,2150.737142857143,,,,,6144,,9.984872652299941,,,0,0.0,1,bf14b28d2af4128daa99f23eec8a5e105636d0b04136f8be580fdc39d6f1f97d,
07_config_matrix,cfg_fp16_m128n64k16_c256_sw32_discard_pingpong,1,,NVIDIA Thor,11.0,580.00,13.0,PTX ISA 9.3 / CUDA 13.0,1575.000,,,,fp16,128,64,16,32,128,18,2,discard,pingpong,4,4,32,1,nocount,sw32,sw32,16,16,16,0,256,0,64,none,0,none,0,4,20,3387374.0,2150.7136507936507,,,,,6144,,9.984981716220295,,,0,0.0,1,bf14b28d2af4128daa99f23eec8a5e105636d0b04136f8be580fdc39d6f1f97d,
07_config_matrix,cfg_fp16_m128n64k16_c256_sw32_discard_pingpong,1,,NVIDIA Thor,11.0,580.00,13.0,PTX ISA 9.3 / CUDA 13.0,1575.000,,,,fp16,128,64,16,32,128,18,3,discard,pingpong,4,4,32,1,nocount,sw32,sw32,16,16,16,0,256,0,64,none,0,none,0,4,20,3387372.0,2150.712380952381,,,,,6144,,9.984987611635212,,,0,0.0,1,bf14b28d2af4128daa99f23eec8a5e105636d0b04136f8be580fdc39d6f1f97d,
07_config_matrix,cfg_fp16_m128n64k16_c256_sw32_discard_pingpong,1,,NVIDIA Thor,11.0,580.00,13.0,PTX ISA 9.3 / CUDA 13.0,1575.000,,,,fp16,128,64,16,32,128,18,4,discard,pingpong,4,4,32,1,nocount,sw32,sw32,16,16,16,0,256,0,64,none,0,none,0,4,20,3387370.0,2150.711111111111,,,,,6144,,9.984993507057098,,,0,0.0,1,bf14b28d2af4128daa99f23eec8a5e105636d0b04136f8be580fdc39d6f1f97d,
07_config_matrix,cfg_bf16_m128n256k16_c512_none_fill_use_lastuse_pingpong,0,max_abs_error>0.25,NVIDIA Thor,11.0,580.00,13.0,PTX ISA 9.3 / CUDA 13.0,1575.000,,,,bf16,128,256,16,32,128,19,0,fill_use_lastuse,pingpong,2,2,32,1,nocount,none,none,16,16,16,0,512,0,256,none,0,none,0,4,20,3778653.0,2399.1447619047617,,,,,12288,,35.80415291480853,,,0,0.83203125,1,bf14b28d2af4128daa99f23eec8a5e105636d0b04136f8be580fdc39d6f1f97d,; UTCHMMA=21;UTCHMMA_WS=16;UTCBAR=1;UTCATOMSWS=3;SYNCS_TRYWAIT=8;LDS=21;LDG=9;ptx_tcgen05_mma=21;ptx_tcgen05_mma_ws=16;ptx_tcgen05_commit=1;ptx_tcgen05_alloc=1;ptx_tcgen05_dealloc=1;ptx_tcgen05_ld=5;ptx_tcgen05_st=5;ptx_mbarrier_wait=5;ptx_cp_async_tma=2;ptx_ld_shared=26;ptx_ld_global=7
07_config_matrix,cfg_bf16_m128n256k16_c512_none_fill_use_lastuse_pingpong,0,max_abs_error>0.25,NVIDIA Thor,11.0,580.00,13.0,PTX ISA 9.3 / CUDA 13.0,1575.000,,,,bf16,128,256,16,32,128,19,1,fill_use_lastuse,pingpong,2,2,32,1,nocount,none,none,16,16,16,0,512,0,256,none,0,none,0,4,20,3778481.0,2399.035555555555,,,,,12288,,35.805782753439814,,,0,0.83203125,1,bf14b28d2af4128daa99f23eec8a5e105636d0b04136f8be580fdc39d6f1f97d,
07_config_matrix,cfg_bf16_m128n256k16_c512_none_fill_use_lastuse_pingpong,0,max_abs_error>0.25,NVIDIA Thor,11.0,580.00,13.0,PTX ISA 9.3 / CUDA 13.0,1575.000,,,,bf16,128,256,16,32,128,19,2,fill_use_lastuse,pingpong,2,2,32,1,nocount,none,none,16,16,16,0,512,0,256,none,0,none,0,4,20,3778169.0,2398.83746031746,,,,,12288,,35.808739583644886,,,0,0.83203125,1,bf14b28d2af4128daa99f23eec8a5e105636d0b04136f8be580fdc39d6f1f97d,
07_config_matrix,cfg_bf16_m128n256k16_c512_none_fill_use_lastuse_pingpong,0,max_abs_error>0.25,NVIDIA Thor,11.0,580.00,13.0,PTX ISA 9.3 / CUDA 13.0,1575.000,,,,bf16,128,256,16,32,128,19,3,fill_use_lastuse,pingpong,2,2,32,1,nocount,none,none,16,16,16,0,512,0,256,none,0,none,0,4,20,3778467.0,2399.0266666666666,,,,,12288,,35.80591542125418,,,0,0.83203125,1,bf14b28d2af4128daa99f23eec8a5e105636d0b04136f8be580fdc39d6f1f97d,
07_config_matrix,cfg_bf16_m128n256k16_c512_none_fill_use_lastuse_pingpong,0,max_abs_error>0.25,NVIDIA Thor,11.0,580.00,13.0,PTX ISA 9.3 / CUDA 13.0,1575.000,,,,bf16,128,256,16,32,128,19,4,fill_use_lastuse,pingpong,2,2,32,1,nocount,none,none,16,16,16,0,512,0,256,none,0,none,0,4,20,3778467.0,2399.0266666666666,,,,,12288,,35.80591542125418,,,0,0.83203125,1,bf14b28d2af4128daa99f23eec8a5e105636d0b04136f8be580fdc39d6f1f97d,
07_config_matrix,cfg_fp16_m128n64k16_c128_sw128_discard_same,1,,NVIDIA Thor,11.0,580.00,13.0,PTX ISA 9.3 / CUDA 13.0,1575.000,,,,fp16,128,64,16,32,128,20,0,discard,same,2,2,32,1,nocount,sw128,sw128,16,16,16,0,128,0,64,none,0,none,0,4,20,3678956.0,2335.845079365079,,,,,6144,,9.19360477700739,,,0,0.0,1,bf14b28d2af4128daa99f23eec8a5e105636d0b04136f8be580fdc39d6f1f97d,; UTCHMMA=21;UTCHMMA_WS=16;UTCBAR=1;UTCATOMSWS=3;SYNCS_TRYWAIT=8;LDS=21;LDG=9;ptx_tcgen05_mma=21;ptx_tcgen05_mma_ws=16;ptx_tcgen05_commit=1;ptx_tcgen05_alloc=1;ptx_tcgen05_dealloc=1;ptx_tcgen05_ld=5;ptx_tcgen05_st=5;ptx_mbarrier_wait=5;ptx_cp_async_tma=2;ptx_ld_shared=26;ptx_ld_global=7
07_config_matrix,cfg_fp16_m128n64k16_c128_sw128_discard_same,1,,NVIDIA Thor,11.0,580.00,13.0,PTX ISA 9.3 / CUDA 13.0,1575.000,,,,fp16,128,64,16,32,128,20,1,discard,same,2,2,32,1,nocount,sw128,sw128,16,16,16,0,128,0,64,none,0,none,0,4,20,3678958.0,2335.8463492063493,,,,,6144,,9.193599779067878,,,0,0.0,1,bf14b28d2af4128daa99f23eec8a5e105636d0b04136f8be580fdc39d6f1f97d,
07_config_matrix,cfg_fp16_m128n64k16_c128_sw128_discard_same,1,,NVIDIA Thor,11.0,580.00,13.0,PTX ISA 9.3 / CUDA 13.0,1575.000,,,,fp16,128,64,16,32,128,20,2,discard,same,2,2,32,1,nocount,sw128,sw128,16,16,16,0,128,0,64,none,0,none,0,4,20,3678962.0,2335.8488888888887,,,,,6144,,9.193589783205153,,,0,0.0,1,bf14b28d2af4128daa99f23eec8a5e105636d0b04136f8be580fdc39d6f1f97d,
07_config_matrix,cfg_fp16_m128n64k16_c128_sw128_discard_same,1,,NVIDIA Thor,11.0,580.00,13.0,PTX ISA 9.3 / CUDA 13.0,1575.000,,,,fp16,128,64,16,32,128,20,3,discard,same,2,2,32,1,nocount,sw128,sw128,16,16,16,0,128,0,64,none,0,none,0,4,20,3678954.0,2335.84380952381,,,,,6144,,9.193609774952336,,,0,0.0,1,bf14b28d2af4128daa99f23eec8a5e105636d0b04136f8be580fdc39d6f1f97d,
07_config_matrix,cfg_fp16_m128n64k16_c128_sw128_discard_same,1,,NVIDIA Thor,11.0,580.00,13.0,PTX ISA 9.3 / CUDA 13.0,1575.000,,,,fp16,128,64,16,32,128,20,4,discard,same,2,2,32,1,nocount,sw128,sw128,16,16,16,0,128,0,64,none,0,none,0,4,20,3678956.0,2335.845079365079,,,,,6144,,9.19360477700739,,,0,0.0,1,bf14b28d2af4128daa99f23eec8a5e105636d0b04136f8be580fdc39d6f1f97d,
07_config_matrix,cfg_bf16_m128n64k16_c512_sw32_discard_pingpong,1,,NVIDIA Thor,11.0,580.00,13.0,PTX ISA 9.3 / CUDA 13.0,1575.000,,,,bf16,128,64,16,32,128,21,0,discard,pingpong,8,8,32,1,nocount,sw32,sw32,16,16,16,0,512,0,64,none,0,none,0,4,20,3387378.0,2150.71619047619,,,,,6144,,9.984969925411336,,,0,0.0,1,bf14b28d2af4128daa99f23eec8a5e105636d0b04136f8be580fdc39d6f1f97d,; UTCHMMA=21;UTCHMMA_WS=16;UTCBAR=1;UTCATOMSWS=3;SYNCS_TRYWAIT=8;LDS=21;LDG=9;ptx_tcgen05_mma=21;ptx_tcgen05_mma_ws=16;ptx_tcgen05_commit=1;ptx_tcgen05_alloc=1;ptx_tcgen05_dealloc=1;ptx_tcgen05_ld=5;ptx_tcgen05_st=5;ptx_mbarrier_wait=5;ptx_cp_async_tma=2;ptx_ld_shared=26;ptx_ld_global=7
07_config_matrix,cfg_bf16_m128n64k16_c512_sw32_discard_pingpong,1,,NVIDIA Thor,11.0,580.00,13.0,PTX ISA 9.3 / CUDA 13.0,1575.000,,,,bf16,128,64,16,32,128,21,1,discard,pingpong,8,8,32,1,nocount,sw32,sw32,16,16,16,0,512,0,64,none,0,none,0,4,20,3387378.0,2150.71619047619,,,,,6144,,9.984969925411336,,,0,0.0,1,bf14b28d2af4128daa99f23eec8a5e105636d0b04136f8be580fdc39d6f1f97d,
07_config_matrix,cfg_bf16_m128n64k16_c512_sw32_discard_pingpong,1,,NVIDIA Thor,11.0,580.00,13.0,PTX ISA 9.3 / CUDA 13.0,1575.000,,,,bf16,128,64,16,32,128,21,2,discard,pingpong,8,8,32,1,nocount,sw32,sw32,16,16,16,0,512,0,64,none,0,none,0,4,20,3387382.0,2150.71873015873,,,,,6144,,9.984958134630224,,,0,0.0,1,bf14b28d2af4128daa99f23eec8a5e105636d0b04136f8be580fdc39d6f1f97d,
07_config_matrix,cfg_bf16_m128n64k16_c512_sw32_discard_pingpong,1,,NVIDIA Thor,11.0,580.00,13.0,PTX ISA 9.3 / CUDA 13.0,1575.000,,,,bf16,128,64,16,32,128,21,3,discard,pingpong,8,8,32,1,nocount,sw32,sw32,16,16,16,0,512,0,64,none,0,none,0,4,20,3387375.0,2150.714285714286,,,,,6144,,9.984978768515443,,,0,0.0,1,bf14b28d2af4128daa99f23eec8a5e105636d0b04136f8be580fdc39d6f1f97d,
07_config_matrix,cfg_bf16_m128n64k16_c512_sw32_discard_pingpong,1,,NVIDIA Thor,11.0,580.00,13.0,PTX ISA 9.3 / CUDA 13.0,1575.000,,,,bf16,128,64,16,32,128,21,4,discard,pingpong,8,8,32,1,nocount,sw32,sw32,16,16,16,0,512,0,64,none,0,none,0,4,20,3387373.0,2150.713015873016,,,,,6144,,9.984984663926884,,,0,0.0,1,bf14b28d2af4128daa99f23eec8a5e105636d0b04136f8be580fdc39d6f1f97d,
07_config_matrix,cfg_fp16_m128n256k16_c256_sw128_discard_pingpong,1,,NVIDIA Thor,11.0,580.00,13.0,PTX ISA 9.3 / CUDA 13.0,1575.000,,,,fp16,128,256,16,32,128,22,0,discard,pingpong,1,1,32,1,nocount,sw128,sw128,16,16,16,0,256,0,256,none,0,none,0,4,20,3181792.0,2020.1853968253965,,,,,12288,,42.520526113586314,,,0,0.0,1,bf14b28d2af4128daa99f23eec8a5e105636d0b04136f8be580fdc39d6f1f97d,; UTCHMMA=21;UTCHMMA_WS=16;UTCBAR=1;UTCATOMSWS=3;SYNCS_TRYWAIT=8;LDS=21;LDG=9;ptx_tcgen05_mma=21;ptx_tcgen05_mma_ws=16;ptx_tcgen05_commit=1;ptx_tcgen05_alloc=1;ptx_tcgen05_dealloc=1;ptx_tcgen05_ld=5;ptx_tcgen05_st=5;ptx_mbarrier_wait=5;ptx_cp_async_tma=2;ptx_ld_shared=26;ptx_ld_global=7
07_config_matrix,cfg_fp16_m128n256k16_c256_sw128_discard_pingpong,1,,NVIDIA Thor,11.0,580.00,13.0,PTX ISA 9.3 / CUDA 13.0,1575.000,,,,fp16,128,256,16,32,128,22,1,discard,pingpong,1,1,32,1,nocount,sw128,sw128,16,16,16,0,256,0,256,none,0,none,0,4,20,3181792.0,2020.1853968253965,,,,,12288,,42.520526113586314,,,0,0.0,1,bf14b28d2af4128daa99f23eec8a5e105636d0b04136f8be580fdc39d6f1f97d,
07_config_matrix,cfg_fp16_m128n256k16_c256_sw128_discard_pingpong,1,,NVIDIA Thor,11.0,580.00,13.0,PTX ISA 9.3 / CUDA 13.0,1575.000,,,,fp16,128,256,16,32,128,22,2,discard,pingpong,1,1,32,1,nocount,sw128,sw128,16,16,16,0,256,0,256,none,0,none,0,4,20,3181549.0,2020.031111111111,,,,,12288,,42.523773741658545,,,0,0.0,1,bf14b28d2af4128daa99f23eec8a5e105636d0b04136f8be580fdc39d6f1f97d,
07_config_matrix,cfg_fp16_m128n256k16_c256_sw128_discard_pingpong,1,,NVIDIA Thor,11.0,580.00,13.0,PTX ISA 9.3 / CUDA 13.0,1575.000,,,,fp16,128,256,16,32,128,22,3,discard,pingpong,1,1,32,1,nocount,sw128,sw128,16,16,16,0,256,0,256,none,0,none,0,4,20,3181542.0,2020.0266666666666,,,,,12288,,42.52386730208182,,,0,0.0,1,bf14b28d2af4128daa99f23eec8a5e105636d0b04136f8be580fdc39d6f1f97d,
07_config_matrix,cfg_fp16_m128n256k16_c256_sw128_discard_pingpong,1,,NVIDIA Thor,11.0,580.00,13.0,PTX ISA 9.3 / CUDA 13.0,1575.000,,,,fp16,128,256,16,32,128,22,4,discard,pingpong,1,1,32,1,nocount,sw128,sw128,16,16,16,0,256,0,256,none,0,none,0,4,20,3181544.0,2020.0279365079366,,,,,12288,,42.52384057049031,,,0,0.0,1,bf14b28d2af4128daa99f23eec8a5e105636d0b04136f8be580fdc39d6f1f97d,
07_config_matrix,cfg_fp16_m128n64k16_c256_none_discard_same,0,max_abs_error>0.05,NVIDIA Thor,11.0,580.00,13.0,PTX ISA 9.3 / CUDA 13.0,1575.000,,,,fp16,128,64,16,32,128,23,0,discard,same,4,4,32,1,nocount,none,none,16,16,16,0,256,0,64,none,0,none,0,4,20,3678582.0,2335.607619047619,,,,,6144,,9.194539487226328,,,0,0.83203125,1,bf14b28d2af4128daa99f23eec8a5e105636d0b04136f8be580fdc39d6f1f97d,; UTCHMMA=21;UTCHMMA_WS=16;UTCBAR=1;UTCATOMSWS=3;SYNCS_TRYWAIT=8;LDS=21;LDG=9;ptx_tcgen05_mma=21;ptx_tcgen05_mma_ws=16;ptx_tcgen05_commit=1;ptx_tcgen05_alloc=1;ptx_tcgen05_dealloc=1;ptx_tcgen05_ld=5;ptx_tcgen05_st=5;ptx_mbarrier_wait=5;ptx_cp_async_tma=2;ptx_ld_shared=26;ptx_ld_global=7
07_config_matrix,cfg_fp16_m128n64k16_c256_none_discard_same,0,max_abs_error>0.05,NVIDIA Thor,11.0,580.00,13.0,PTX ISA 9.3 / CUDA 13.0,1575.000,,,,fp16,128,64,16,32,128,23,1,discard,same,4,4,32,1,nocount,none,none,16,16,16,0,256,0,64,none,0,none,0,4,20,3678580.0,2335.606349206349,,,,,6144,,9.194544486187606,,,0,0.83203125,1,bf14b28d2af4128daa99f23eec8a5e105636d0b04136f8be580fdc39d6f1f97d,
07_config_matrix,cfg_fp16_m128n64k16_c256_none_discard_same,0,max_abs_error>0.05,NVIDIA Thor,11.0,580.00,13.0,PTX ISA 9.3 / CUDA 13.0,1575.000,,,,fp16,128,64,16,32,128,23,2,discard,same,4,4,32,1,nocount,none,none,16,16,16,0,256,0,64,none,0,none,0,4,20,3678581.0,2335.606984126984,,,,,6144,,9.194541986706287,,,0,0.83203125,1,bf14b28d2af4128daa99f23eec8a5e105636d0b04136f8be580fdc39d6f1f97d,
07_config_matrix,cfg_fp16_m128n64k16_c256_none_discard_same,0,max_abs_error>0.05,NVIDIA Thor,11.0,580.00,13.0,PTX ISA 9.3 / CUDA 13.0,1575.000,,,,fp16,128,64,16,32,128,23,3,discard,same,4,4,32,1,nocount,none,none,16,16,16,0,256,0,64,none,0,none,0,4,20,3678619.0,2335.6311111111113,,,,,6144,,9.194447007423166,,,0,0.83203125,1,bf14b28d2af4128daa99f23eec8a5e105636d0b04136f8be580fdc39d6f1f97d,
07_config_matrix,cfg_fp16_m128n64k16_c256_none_discard_same,0,max_abs_error>0.05,NVIDIA Thor,11.0,580.00,13.0,PTX ISA 9.3 / CUDA 13.0,1575.000,,,,fp16,128,64,16,32,128,23,4,discard,same,4,4,32,1,nocount,none,none,16,16,16,0,256,0,64,none,0,none,0,4,20,3678578.0,2335.6050793650793,,,,,6144,,9.194549485154319,,,0,0.83203125,1,bf14b28d2af4128daa99f23eec8a5e105636d0b04136f8be580fdc39d6f1f97d,
07_config_matrix,cfg_bf16_m128n64k16_c128_sw128_fill_use_lastuse_same,1,,NVIDIA Thor,11.0,580.00,13.0,PTX ISA 9.3 / CUDA 13.0,1575.000,,,,bf16,128,64,16,32,128,24,0,fill_use_lastuse,same,2,2,32,1,nocount,sw128,sw128,16,16,16,0,128,0,64,none,0,none,0,4,20,3779294.0,2399.551746031746,,,,,6144,,8.949520057449883,,,0,0.0,1,bf14b28d2af4128daa99f23eec8a5e105636d0b04136f8be580fdc39d6f1f97d,; UTCHMMA=21;UTCHMMA_WS=16;UTCBAR=1;UTCATOMSWS=3;SYNCS_TRYWAIT=8;LDS=21;LDG=9;ptx_tcgen05_mma=21;ptx_tcgen05_mma_ws=16;ptx_tcgen05_commit=1;ptx_tcgen05_alloc=1;ptx_tcgen05_dealloc=1;ptx_tcgen05_ld=5;ptx_tcgen05_st=5;ptx_mbarrier_wait=5;ptx_cp_async_tma=2;ptx_ld_shared=26;ptx_ld_global=7
07_config_matrix,cfg_bf16_m128n64k16_c128_sw128_fill_use_lastuse_same,1,,NVIDIA Thor,11.0,580.00,13.0,PTX ISA 9.3 / CUDA 13.0,1575.000,,,,bf16,128,64,16,32,128,24,1,fill_use_lastuse,same,2,2,32,1,nocount,sw128,sw128,16,16,16,0,128,0,64,none,0,none,0,4,20,3779294.0,2399.551746031746,,,,,6144,,8.949520057449883,,,0,0.0,1,bf14b28d2af4128daa99f23eec8a5e105636d0b04136f8be580fdc39d6f1f97d,
07_config_matrix,cfg_bf16_m128n64k16_c128_sw128_fill_use_lastuse_same,1,,NVIDIA Thor,11.0,580.00,13.0,PTX ISA 9.3 / CUDA 13.0,1575.000,,,,bf16,128,64,16,32,128,24,2,fill_use_lastuse,same,2,2,32,1,nocount,sw128,sw128,16,16,16,0,128,0,64,none,0,none,0,4,20,3779290.0,2399.5492063492065,,,,,6144,,8.949529529620643,,,0,0.0,1,bf14b28d2af4128daa99f23eec8a5e105636d0b04136f8be580fdc39d6f1f97d,
07_config_matrix,cfg_bf16_m128n64k16_c128_sw128_fill_use_lastuse_same,1,,NVIDIA Thor,11.0,580.00,13.0,PTX ISA 9.3 / CUDA 13.0,1575.000,,,,bf16,128,64,16,32,128,24,3,fill_use_lastuse,same,2,2,32,1,nocount,sw128,sw128,16,16,16,0,128,0,64,none,0,none,0,4,20,3779290.0,2399.5492063492065,,,,,6144,,8.949529529620643,,,0,0.0,1,bf14b28d2af4128daa99f23eec8a5e105636d0b04136f8be580fdc39d6f1f97d,
07_config_matrix,cfg_bf16_m128n64k16_c128_sw128_fill_use_lastuse_same,1,,NVIDIA Thor,11.0,580.00,13.0,PTX ISA 9.3 / CUDA 13.0,1575.000,,,,bf16,128,64,16,32,128,24,4,fill_use_lastuse,same,2,2,32,1,nocount,sw128,sw128,16,16,16,0,128,0,64,none,0,none,0,4,20,3779300.0,2399.555555555555,,,,,6144,,8.94950584923134,,,0,0.0,1,bf14b28d2af4128daa99f23eec8a5e105636d0b04136f8be580fdc39d6f1f97d,
07_config_matrix,cfg_fp16_m128n64k16_c512_sw32_fill_use_lastuse_same,1,,NVIDIA Thor,11.0,580.00,13.0,PTX ISA 9.3 / CUDA 13.0,1575.000,,,,fp16,128,64,16,32,128,25,0,fill_use_lastuse,same,8,8,32,1,nocount,sw32,sw32,16,16,16,0,512,0,64,none,0,none,0,4,20,3488012.0,2214.6107936507938,,,,,6144,,9.69688964831543,,,0,0.0,1,bf14b28d2af4128daa99f23eec8a5e105636d0b04136f8be580fdc39d6f1f97d,; UTCHMMA=21;UTCHMMA_WS=16;UTCBAR=1;UTCATOMSWS=3;SYNCS_TRYWAIT=8;LDS=21;LDG=9;ptx_tcgen05_mma=21;ptx_tcgen05_mma_ws=16;ptx_tcgen05_commit=1;ptx_tcgen05_alloc=1;ptx_tcgen05_dealloc=1;ptx_tcgen05_ld=5;ptx_tcgen05_st=5;ptx_mbarrier_wait=5;ptx_cp_async_tma=2;ptx_ld_shared=26;ptx_ld_global=7
07_config_matrix,cfg_fp16_m128n64k16_c512_sw32_fill_use_lastuse_same,1,,NVIDIA Thor,11.0,580.00,13.0,PTX ISA 9.3 / CUDA 13.0,1575.000,,,,fp16,128,64,16,32,128,25,1,fill_use_lastuse,same,8,8,32,1,nocount,sw32,sw32,16,16,16,0,512,0,64,none,0,none,0,4,20,3488005.0,2214.606349206349,,,,,6144,,9.69690910878855,,,0,0.0,1,bf14b28d2af4128daa99f23eec8a5e105636d0b04136f8be580fdc39d6f1f97d,
07_config_matrix,cfg_fp16_m128n64k16_c512_sw32_fill_use_lastuse_same,1,,NVIDIA Thor,11.0,580.00,13.0,PTX ISA 9.3 / CUDA 13.0,1575.000,,,,fp16,128,64,16,32,128,25,2,fill_use_lastuse,same,8,8,32,1,nocount,sw32,sw32,16,16,16,0,512,0,64,none,0,none,0,4,20,3488012.0,2214.6107936507938,,,,,6144,,9.69688964831543,,,0,0.0,1,bf14b28d2af4128daa99f23eec8a5e105636d0b04136f8be580fdc39d6f1f97d,
07_config_matrix,cfg_fp16_m128n64k16_c512_sw32_fill_use_lastuse_same,1,,NVIDIA Thor,11.0,580.00,13.0,PTX ISA 9.3 / CUDA 13.0,1575.000,,,,fp16,128,64,16,32,128,25,3,fill_use_lastuse,same,8,8,32,1,nocount,sw32,sw32,16,16,16,0,512,0,64,none,0,none,0,4,20,3488011.0,2214.6101587301587,,,,,6144,,9.696892428378236,,,0,0.0,1,bf14b28d2af4128daa99f23eec8a5e105636d0b04136f8be580fdc39d6f1f97d,
07_config_matrix,cfg_fp16_m128n64k16_c512_sw32_fill_use_lastuse_same,1,,NVIDIA Thor,11.0,580.00,13.0,PTX ISA 9.3 / CUDA 13.0,1575.000,,,,fp16,128,64,16,32,128,25,4,fill_use_lastuse,same,8,8,32,1,nocount,sw32,sw32,16,16,16,0,512,0,64,none,0,none,0,4,20,3488014.0,2214.6120634920635,,,,,6144,,9.696884088194599,,,0,0.0,1,bf14b28d2af4128daa99f23eec8a5e105636d0b04136f8be580fdc39d6f1f97d,
07_config_matrix,cfg_bf16_m128n64k16_c128_sw64_fill_use_lastuse_pingpong,1,,NVIDIA Thor,11.0,580.00,13.0,PTX ISA 9.3 / CUDA 13.0,1575.000,,,,bf16,128,64,16,32,128,26,0,fill_use_lastuse,pingpong,2,2,32,1,nocount,sw64,sw64,16,16,16,0,128,0,64,none,0,none,0,4,20,3664474.0,2326.6501587301586,,,,,6144,,9.229937899955083,,,0,0.0,1,bf14b28d2af4128daa99f23eec8a5e105636d0b04136f8be580fdc39d6f1f97d,; UTCHMMA=21;UTCHMMA_WS=16;UTCBAR=1;UTCATOMSWS=3;SYNCS_TRYWAIT=8;LDS=21;LDG=9;ptx_tcgen05_mma=21;ptx_tcgen05_mma_ws=16;ptx_tcgen05_commit=1;ptx_tcgen05_alloc=1;ptx_tcgen05_dealloc=1;ptx_tcgen05_ld=5;ptx_tcgen05_st=5;ptx_mbarrier_wait=5;ptx_cp_async_tma=2;ptx_ld_shared=26;ptx_ld_global=7
07_config_matrix,cfg_bf16_m128n64k16_c128_sw64_fill_use_lastuse_pingpong,1,,NVIDIA Thor,11.0,580.00,13.0,PTX ISA 9.3 / CUDA 13.0,1575.000,,,,bf16,128,64,16,32,128,26,1,fill_use_lastuse,pingpong,2,2,32,1,nocount,sw64,sw64,16,16,16,0,128,0,64,none,0,none,0,4,20,3664472.0,2326.648888888889,,,,,6144,,9.229942937481853,,,0,0.0,1,bf14b28d2af4128daa99f23eec8a5e105636d0b04136f8be580fdc39d6f1f97d,
07_config_matrix,cfg_bf16_m128n64k16_c128_sw64_fill_use_lastuse_pingpong,1,,NVIDIA Thor,11.0,580.00,13.0,PTX ISA 9.3 / CUDA 13.0,1575.000,,,,bf16,128,64,16,32,128,26,2,fill_use_lastuse,pingpong,2,2,32,1,nocount,sw64,sw64,16,16,16,0,128,0,64,none,0,none,0,4,20,3664485.0,2326.657142857143,,,,,6144,,9.229910193656135,,,0,0.0,1,bf14b28d2af4128daa99f23eec8a5e105636d0b04136f8be580fdc39d6f1f97d,
07_config_matrix,cfg_bf16_m128n64k16_c128_sw64_fill_use_lastuse_pingpong,1,,NVIDIA Thor,11.0,580.00,13.0,PTX ISA 9.3 / CUDA 13.0,1575.000,,,,bf16,128,64,16,32,128,26,3,fill_use_lastuse,pingpong,2,2,32,1,nocount,sw64,sw64,16,16,16,0,128,0,64,none,0,none,0,4,20,3664484.0,2326.6565079365078,,,,,6144,,9.229912712403712,,,0,0.0,1,bf14b28d2af4128daa99f23eec8a5e105636d0b04136f8be580fdc39d6f1f97d,
07_config_matrix,cfg_bf16_m128n64k16_c128_sw64_fill_use_lastuse_pingpong,1,,NVIDIA Thor,11.0,580.00,13.0,PTX ISA 9.3 / CUDA 13.0,1575.000,,,,bf16,128,64,16,32,128,26,4,fill_use_lastuse,pingpong,2,2,32,1,nocount,sw64,sw64,16,16,16,0,128,0,64,none,0,none,0,4,20,3664590.0,2326.72380952381,,,,,6144,,9.229645732810491,,,0,0.0,1,bf14b28d2af4128daa99f23eec8a5e105636d0b04136f8be580fdc39d6f1f97d,
07_config_matrix,cfg_bf16_m128n128k16_c256_sw64_fill_use_lastuse_pingpong,1,,NVIDIA Thor,11.0,580.00,13.0,PTX ISA 9.3 / CUDA 13.0,1575.000,,,,bf16,128,128,16,32,128,27,0,fill_use_lastuse,pingpong,2,2,32,1,nocount,sw64,sw64,16,16,16,0,256,0,128,none,0,none,0,4,20,3664481.0,2326.6546031746034,,,,,8192,,18.459840537309375,,,0,0.0,1,bf14b28d2af4128daa99f23eec8a5e105636d0b04136f8be580fdc39d6f1f97d,; UTCHMMA=21;UTCHMMA_WS=16;UTCBAR=1;UTCATOMSWS=3;SYNCS_TRYWAIT=8;LDS=21;LDG=9;ptx_tcgen05_mma=21;ptx_tcgen05_mma_ws=16;ptx_tcgen05_commit=1;ptx_tcgen05_alloc=1;ptx_tcgen05_dealloc=1;ptx_tcgen05_ld=5;ptx_tcgen05_st=5;ptx_mbarrier_wait=5;ptx_cp_async_tma=2;ptx_ld_shared=26;ptx_ld_global=7
07_config_matrix,cfg_bf16_m128n128k16_c256_sw64_fill_use_lastuse_pingpong,1,,NVIDIA Thor,11.0,580.00,13.0,PTX ISA 9.3 / CUDA 13.0,1575.000,,,,bf16,128,128,16,32,128,27,1,fill_use_lastuse,pingpong,2,2,32,1,nocount,sw64,sw64,16,16,16,0,256,0,128,none,0,none,0,4,20,3664478.0,2326.6526984126986,,,,,8192,,18.459855649836076,,,0,0.0,1,bf14b28d2af4128daa99f23eec8a5e105636d0b04136f8be580fdc39d6f1f97d,
07_config_matrix,cfg_bf16_m128n128k16_c256_sw64_fill_use_lastuse_pingpong,1,,NVIDIA Thor,11.0,580.00,13.0,PTX ISA 9.3 / CUDA 13.0,1575.000,,,,bf16,128,128,16,32,128,27,2,fill_use_lastuse,pingpong,2,2,32,1,nocount,sw64,sw64,16,16,16,0,256,0,128,none,0,none,0,4,20,3664481.0,2326.6546031746034,,,,,8192,,18.459840537309375,,,0,0.0,1,bf14b28d2af4128daa99f23eec8a5e105636d0b04136f8be580fdc39d6f1f97d,
07_config_matrix,cfg_bf16_m128n128k16_c256_sw64_fill_use_lastuse_pingpong,1,,NVIDIA Thor,11.0,580.00,13.0,PTX ISA 9.3 / CUDA 13.0,1575.000,,,,bf16,128,128,16,32,128,27,3,fill_use_lastuse,pingpong,2,2,32,1,nocount,sw64,sw64,16,16,16,0,256,0,128,none,0,none,0,4,20,3664479.0,2326.653333333333,,,,,8192,,18.459850612324427,,,0,0.0,1,bf14b28d2af4128daa99f23eec8a5e105636d0b04136f8be580fdc39d6f1f97d,
07_config_matrix,cfg_bf16_m128n128k16_c256_sw64_fill_use_lastuse_pingpong,1,,NVIDIA Thor,11.0,580.00,13.0,PTX ISA 9.3 / CUDA 13.0,1575.000,,,,bf16,128,128,16,32,128,27,4,fill_use_lastuse,pingpong,2,2,32,1,nocount,sw64,sw64,16,16,16,0,256,0,128,none,0,none,0,4,20,3664475.0,2326.6507936507937,,,,,8192,,18.45987076238752,,,0,0.0,1,bf14b28d2af4128daa99f23eec8a5e105636d0b04136f8be580fdc39d6f1f97d,
07_config_matrix,cfg_bf16_m128n64k16_c256_none_discard_same,0,max_abs_error>0.25,NVIDIA Thor,11.0,580.00,13.0,PTX ISA 9.3 / CUDA 13.0,1575.000,,,,bf16,128,64,16,32,128,28,0,discard,same,4,4,32,1,nocount,none,none,16,16,16,0,256,0,64,none,0,none,0,4,20,3678587.0,2335.6107936507938,,,,,6144,,9.194526989846915,,,0,0.83203125,1,bf14b28d2af4128daa99f23eec8a5e105636d0b04136f8be580fdc39d6f1f97d,; UTCHMMA=21;UTCHMMA_WS=16;UTCBAR=1;UTCATOMSWS=3;SYNCS_TRYWAIT=8;LDS=21;LDG=9;ptx_tcgen05_mma=21;ptx_tcgen05_mma_ws=16;ptx_tcgen05_commit=1;ptx_tcgen05_alloc=1;ptx_tcgen05_dealloc=1;ptx_tcgen05_ld=5;ptx_tcgen05_st=5;ptx_mbarrier_wait=5;ptx_cp_async_tma=2;ptx_ld_shared=26;ptx_ld_global=7
07_config_matrix,cfg_bf16_m128n64k16_c256_none_discard_same,0,max_abs_error>0.25,NVIDIA Thor,11.0,580.00,13.0,PTX ISA 9.3 / CUDA 13.0,1575.000,,,,bf16,128,64,16,32,128,28,1,discard,same,4,4,32,1,nocount,none,none,16,16,16,0,256,0,64,none,0,none,0,4,20,3678582.0,2335.607619047619,,,,,6144,,9.194539487226328,,,0,0.83203125,1,bf14b28d2af4128daa99f23eec8a5e105636d0b04136f8be580fdc39d6f1f97d,
07_config_matrix,cfg_bf16_m128n64k16_c256_none_discard_same,0,max_abs_error>0.25,NVIDIA Thor,11.0,580.00,13.0,PTX ISA 9.3 / CUDA 13.0,1575.000,,,,bf16,128,64,16,32,128,28,2,discard,same,4,4,32,1,nocount,none,none,16,16,16,0,256,0,64,none,0,none,0,4,20,3678626.0,2335.6355555555556,,,,,6144,,9.19442951145346,,,0,0.83203125,1,bf14b28d2af4128daa99f23eec8a5e105636d0b04136f8be580fdc39d6f1f97d,
07_config_matrix,cfg_bf16_m128n64k16_c256_none_discard_same,0,max_abs_error>0.25,NVIDIA Thor,11.0,580.00,13.0,PTX ISA 9.3 / CUDA 13.0,1575.000,,,,bf16,128,64,16,32,128,28,3,discard,same,4,4,32,1,nocount,none,none,16,16,16,0,256,0,64,none,0,none,0,4,20,3678584.0,2335.608888888889,,,,,6144,,9.194534488270486,,,0,0.83203125,1,bf14b28d2af4128daa99f23eec8a5e105636d0b04136f8be580fdc39d6f1f97d,
07_config_matrix,cfg_bf16_m128n64k16_c256_none_discard_same,0,max_abs_error>0.25,NVIDIA Thor,11.0,580.00,13.0,PTX ISA 9.3 / CUDA 13.0,1575.000,,,,bf16,128,64,16,32,128,28,4,discard,same,4,4,32,1,nocount,none,none,16,16,16,0,256,0,64,none,0,none,0,4,20,3678578.0,2335.6050793650793,,,,,6144,,9.194549485154319,,,0,0.83203125,1,bf14b28d2af4128daa99f23eec8a5e105636d0b04136f8be580fdc39d6f1f97d,
07_config_matrix,cfg_bf16_m128n64k16_c128_sw32_discard_pingpong,1,,NVIDIA Thor,11.0,580.00,13.0,PTX ISA 9.3 / CUDA 13.0,1575.000,,,,bf16,128,64,16,32,128,29,0,discard,pingpong,2,2,32,1,nocount,sw32,sw32,16,16,16,0,128,0,64,none,0,none,0,4,20,3387484.0,2150.7834920634923,,,,,6144,,9.984657479120195,,,0,0.0,1,bf14b28d2af4128daa99f23eec8a5e105636d0b04136f8be580fdc39d6f1f97d,; UTCHMMA=21;UTCHMMA_WS=16;UTCBAR=1;UTCATOMSWS=3;SYNCS_TRYWAIT=8;LDS=21;LDG=9;ptx_tcgen05_mma=21;ptx_tcgen05_mma_ws=16;ptx_tcgen05_commit=1;ptx_tcgen05_alloc=1;ptx_tcgen05_dealloc=1;ptx_tcgen05_ld=5;ptx_tcgen05_st=5;ptx_mbarrier_wait=5;ptx_cp_async_tma=2;ptx_ld_shared=26;ptx_ld_global=7
07_config_matrix,cfg_bf16_m128n64k16_c128_sw32_discard_pingpong,1,,NVIDIA Thor,11.0,580.00,13.0,PTX ISA 9.3 / CUDA 13.0,1575.000,,,,bf16,128,64,16,32,128,29,1,discard,pingpong,2,2,32,1,nocount,sw32,sw32,16,16,16,0,128,0,64,none,0,none,0,4,20,3387487.0,2150.7853968253967,,,,,6144,,9.984648636585174,,,0,0.0,1,bf14b28d2af4128daa99f23eec8a5e105636d0b04136f8be580fdc39d6f1f97d,
07_config_matrix,cfg_bf16_m128n64k16_c128_sw32_discard_pingpong,1,,NVIDIA Thor,11.0,580.00,13.0,PTX ISA 9.3 / CUDA 13.0,1575.000,,,,bf16,128,64,16,32,128,29,2,discard,pingpong,2,2,32,1,nocount,sw32,sw32,16,16,16,0,128,0,64,none,0,none,0,4,20,3387376.0,2150.7149206349204,,,,,6144,,9.984975820812334,,,0,0.0,1,bf14b28d2af4128daa99f23eec8a5e105636d0b04136f8be580fdc39d6f1f97d,
07_config_matrix,cfg_bf16_m128n64k16_c128_sw32_discard_pingpong,1,,NVIDIA Thor,11.0,580.00,13.0,PTX ISA 9.3 / CUDA 13.0,1575.000,,,,bf16,128,64,16,32,128,29,3,discard,pingpong,2,2,32,1,nocount,sw32,sw32,16,16,16,0,128,0,64,none,0,none,0,4,20,3387375.0,2150.714285714286,,,,,6144,,9.984978768515443,,,0,0.0,1,bf14b28d2af4128daa99f23eec8a5e105636d0b04136f8be580fdc39d6f1f97d,
07_config_matrix,cfg_bf16_m128n64k16_c128_sw32_discard_pingpong,1,,NVIDIA Thor,11.0,580.00,13.0,PTX ISA 9.3 / CUDA 13.0,1575.000,,,,bf16,128,64,16,32,128,29,4,discard,pingpong,2,2,32,1,nocount,sw32,sw32,16,16,16,0,128,0,64,none,0,none,0,4,20,3387483.0,2150.782857142857,,,,,6144,,9.984660426635351,,,0,0.0,1,bf14b28d2af4128daa99f23eec8a5e105636d0b04136f8be580fdc39d6f1f97d,
07_config_matrix,cfg_bf16_m128n256k16_c512_sw64_discard_pingpong,1,,NVIDIA Thor,11.0,580.00,13.0,PTX ISA 9.3 / CUDA 13.0,1575.000,,,,bf16,128,256,16,32,128,30,0,discard,pingpong,2,2,32,1,nocount,sw64,sw64,16,16,16,0,512,0,256,none,0,none,0,4,20,3562235.0,2261.7365079365077,,,,,12288,,37.97937806573682,,,0,0.0,1,bf14b28d2af4128daa99f23eec8a5e105636d0b04136f8be580fdc39d6f1f97d,; UTCHMMA=21;UTCHMMA_WS=16;UTCBAR=1;UTCATOMSWS=3;SYNCS_TRYWAIT=8;LDS=21;LDG=9;ptx_tcgen05_mma=21;ptx_tcgen05_mma_ws=16;ptx_tcgen05_commit=1;ptx_tcgen05_alloc=1;ptx_tcgen05_dealloc=1;ptx_tcgen05_ld=5;ptx_tcgen05_st=5;ptx_mbarrier_wait=5;ptx_cp_async_tma=2;ptx_ld_shared=26;ptx_ld_global=7
07_config_matrix,cfg_bf16_m128n256k16_c512_sw64_discard_pingpong,1,,NVIDIA Thor,11.0,580.00,13.0,PTX ISA 9.3 / CUDA 13.0,1575.000,,,,bf16,128,256,16,32,128,30,1,discard,pingpong,2,2,32,1,nocount,sw64,sw64,16,16,16,0,512,0,256,none,0,none,0,4,20,3562240.0,2261.7396825396822,,,,,12288,,37.979324757455984,,,0,0.0,1,bf14b28d2af4128daa99f23eec8a5e105636d0b04136f8be580fdc39d6f1f97d,
07_config_matrix,cfg_bf16_m128n256k16_c512_sw64_discard_pingpong,1,,NVIDIA Thor,11.0,580.00,13.0,PTX ISA 9.3 / CUDA 13.0,1575.000,,,,bf16,128,256,16,32,128,30,2,discard,pingpong,2,2,32,1,nocount,sw64,sw64,16,16,16,0,512,0,256,none,0,none,0,4,20,3562240.0,2261.7396825396822,,,,,12288,,37.979324757455984,,,0,0.0,1,bf14b28d2af4128daa99f23eec8a5e105636d0b04136f8be580fdc39d6f1f97d,
07_config_matrix,cfg_bf16_m128n256k16_c512_sw64_discard_pingpong,1,,NVIDIA Thor,11.0,580.00,13.0,PTX ISA 9.3 / CUDA 13.0,1575.000,,,,bf16,128,256,16,32,128,30,3,discard,pingpong,2,2,32,1,nocount,sw64,sw64,16,16,16,0,512,0,256,none,0,none,0,4,20,3562234.0,2261.735873015873,,,,,12288,,37.97938872741094,,,0,0.0,1,bf14b28d2af4128daa99f23eec8a5e105636d0b04136f8be580fdc39d6f1f97d,
07_config_matrix,cfg_bf16_m128n256k16_c512_sw64_discard_pingpong,1,,NVIDIA Thor,11.0,580.00,13.0,PTX ISA 9.3 / CUDA 13.0,1575.000,,,,bf16,128,256,16,32,128,30,4,discard,pingpong,2,2,32,1,nocount,sw64,sw64,16,16,16,0,512,0,256,none,0,none,0,4,20,3562736.0,2262.054603174603,,,,,12288,,37.974037319633,,,0,0.0,1,bf14b28d2af4128daa99f23eec8a5e105636d0b04136f8be580fdc39d6f1f97d,
07_config_matrix,cfg_bf16_m128n64k16_c512_sw64_discard_pingpong,1,,NVIDIA Thor,11.0,580.00,13.0,PTX ISA 9.3 / CUDA 13.0,1575.000,,,,bf16,128,64,16,32,128,31,0,discard,pingpong,8,8,32,1,nocount,sw64,sw64,16,16,16,0,512,0,64,none,0,none,0,4,20,3562090.0,2261.6444444444446,,,,,6144,,9.4952310177452,,,0,0.0,1,bf14b28d2af4128daa99f23eec8a5e105636d0b04136f8be580fdc39d6f1f97d,; UTCHMMA=21;UTCHMMA_WS=16;UTCBAR=1;UTCATOMSWS=3;SYNCS_TRYWAIT=8;LDS=21;LDG=9;ptx_tcgen05_mma=21;ptx_tcgen05_mma_ws=16;ptx_tcgen05_commit=1;ptx_tcgen05_alloc=1;ptx_tcgen05_dealloc=1;ptx_tcgen05_ld=5;ptx_tcgen05_st=5;ptx_mbarrier_wait=5;ptx_cp_async_tma=2;ptx_ld_shared=26;ptx_ld_global=7
07_config_matrix,cfg_bf16_m128n64k16_c512_sw64_discard_pingpong,1,,NVIDIA Thor,11.0,580.00,13.0,PTX ISA 9.3 / CUDA 13.0,1575.000,,,,bf16,128,64,16,32,128,31,1,discard,pingpong,8,8,32,1,nocount,sw64,sw64,16,16,16,0,512,0,64,none,0,none,0,4,20,3562085.0,2261.64126984127,,,,,6144,,9.495244345937842,,,0,0.0,1,bf14b28d2af4128daa99f23eec8a5e105636d0b04136f8be580fdc39d6f1f97d,
07_config_matrix,cfg_bf16_m128n64k16_c512_sw64_discard_pingpong,1,,NVIDIA Thor,11.0,580.00,13.0,PTX ISA 9.3 / CUDA 13.0,1575.000,,,,bf16,128,64,16,32,128,31,2,discard,pingpong,8,8,32,1,nocount,sw64,sw64,16,16,16,0,512,0,64,none,0,none,0,4,20,3562078.0,2261.6368253968258,,,,,6144,,9.495263005470402,,,0,0.0,1,bf14b28d2af4128daa99f23eec8a5e105636d0b04136f8be580fdc39d6f1f97d,
07_config_matrix,cfg_bf16_m128n64k16_c512_sw64_discard_pingpong,1,,NVIDIA Thor,11.0,580.00,13.0,PTX ISA 9.3 / CUDA 13.0,1575.000,,,,bf16,128,64,16,32,128,31,3,discard,pingpong,8,8,32,1,nocount,sw64,sw64,16,16,16,0,512,0,64,none,0,none,0,4,20,3562090.0,2261.6444444444446,,,,,6144,,9.4952310177452,,,0,0.0,1,bf14b28d2af4128daa99f23eec8a5e105636d0b04136f8be580fdc39d6f1f97d,
07_config_matrix,cfg_bf16_m128n64k16_c512_sw64_discard_pingpong,1,,NVIDIA Thor,11.0,580.00,13.0,PTX ISA 9.3 / CUDA 13.0,1575.000,,,,bf16,128,64,16,32,128,31,4,discard,pingpong,8,8,32,1,nocount,sw64,sw64,16,16,16,0,512,0,64,none,0,none,0,4,20,3562092.0,2261.6457142857143,,,,,6144,,9.49522568647862,,,0,0.0,1,bf14b28d2af4128daa99f23eec8a5e105636d0b04136f8be580fdc39d6f1f97d,
07_config_matrix,cfg_fp16_m128n64k16_c256_sw64_discard_same,1,,NVIDIA Thor,11.0,580.00,13.0,PTX ISA 9.3 / CUDA 13.0,1575.000,,,,fp16,128,64,16,32,128,32,0,discard,same,4,4,32,1,nocount,sw64,sw64,16,16,16,0,256,0,64,none,0,none,0,4,20,3562089.0,2261.6438095238095,,,,,6144,,9.495233683380736,,,0,0.0,1,bf14b28d2af4128daa99f23eec8a5e105636d0b04136f8be580fdc39d6f1f97d,; UTCHMMA=21;UTCHMMA_WS=16;UTCBAR=1;UTCATOMSWS=3;SYNCS_TRYWAIT=8;LDS=21;LDG=9;ptx_tcgen05_mma=21;ptx_tcgen05_mma_ws=16;ptx_tcgen05_commit=1;ptx_tcgen05_alloc=1;ptx_tcgen05_dealloc=1;ptx_tcgen05_ld=5;ptx_tcgen05_st=5;ptx_mbarrier_wait=5;ptx_cp_async_tma=2;ptx_ld_shared=26;ptx_ld_global=7
07_config_matrix,cfg_fp16_m128n64k16_c256_sw64_discard_same,1,,NVIDIA Thor,11.0,580.00,13.0,PTX ISA 9.3 / CUDA 13.0,1575.000,,,,fp16,128,64,16,32,128,32,1,discard,same,4,4,32,1,nocount,sw64,sw64,16,16,16,0,256,0,64,none,0,none,0,4,20,3562091.0,2261.6450793650793,,,,,6144,,9.495228352111162,,,0,0.0,1,bf14b28d2af4128daa99f23eec8a5e105636d0b04136f8be580fdc39d6f1f97d,
07_config_matrix,cfg_fp16_m128n64k16_c256_sw64_discard_same,1,,NVIDIA Thor,11.0,580.00,13.0,PTX ISA 9.3 / CUDA 13.0,1575.000,,,,fp16,128,64,16,32,128,32,2,discard,same,4,4,32,1,nocount,sw64,sw64,16,16,16,0,256,0,64,none,0,none,0,4,20,3562091.0,2261.6450793650793,,,,,6144,,9.495228352111162,,,0,0.0,1,bf14b28d2af4128daa99f23eec8a5e105636d0b04136f8be580fdc39d6f1f97d,
07_config_matrix,cfg_fp16_m128n64k16_c256_sw64_discard_same,1,,NVIDIA Thor,11.0,580.00,13.0,PTX ISA 9.3 / CUDA 13.0,1575.000,,,,fp16,128,64,16,32,128,32,3,discard,same,4,4,32,1,nocount,sw64,sw64,16,16,16,0,256,0,64,none,0,none,0,4,20,3562091.0,2261.6450793650793,,,,,6144,,9.495228352111162,,,0,0.0,1,bf14b28d2af4128daa99f23eec8a5e105636d0b04136f8be580fdc39d6f1f97d,
07_config_matrix,cfg_fp16_m128n64k16_c256_sw64_discard_same,1,,NVIDIA Thor,11.0,580.00,13.0,PTX ISA 9.3 / CUDA 13.0,1575.000,,,,fp16,128,64,16,32,128,32,4,discard,same,4,4,32,1,nocount,sw64,sw64,16,16,16,0,256,0,64,none,0,none,0,4,20,3562087.0,2261.64253968254,,,,,6144,,9.495239014656295,,,0,0.0,1,bf14b28d2af4128daa99f23eec8a5e105636d0b04136f8be580fdc39d6f1f97d,
07_config_matrix,cfg_fp16_m128n256k16_c512_sw32_discard_same,1,,NVIDIA Thor,11.0,580.00,13.0,PTX ISA 9.3 / CUDA 13.0,1575.000,,,,fp16,128,256,16,32,128,33,0,discard,same,2,2,32,1,nocount,sw32,sw32,16,16,16,0,512,0,256,none,0,none,0,4,20,3387365.0,2150.7079365079367,,,,,12288,,39.94003298256904,,,0,0.0,1,bf14b28d2af4128daa99f23eec8a5e105636d0b04136f8be580fdc39d6f1f97d,; UTCHMMA=21;UTCHMMA_WS=16;UTCBAR=1;UTCATOMSWS=3;SYNCS_TRYWAIT=8;LDS=21;LDG=9;ptx_tcgen05_mma=21;ptx_tcgen05_mma_ws=16;ptx_tcgen05_commit=1;ptx_tcgen05_alloc=1;ptx_tcgen05_dealloc=1;ptx_tcgen05_ld=5;ptx_tcgen05_st=5;ptx_mbarrier_wait=5;ptx_cp_async_tma=2;ptx_ld_shared=26;ptx_ld_global=7
07_config_matrix,cfg_fp16_m128n256k16_c512_sw32_discard_same,1,,NVIDIA Thor,11.0,580.00,13.0,PTX ISA 9.3 / CUDA 13.0,1575.000,,,,fp16,128,256,16,32,128,33,1,discard,same,2,2,32,1,nocount,sw32,sw32,16,16,16,0,512,0,256,none,0,none,0,4,20,3387116.0,2150.5498412698416,,,,,12288,,39.94296912889904,,,0,0.0,1,bf14b28d2af4128daa99f23eec8a5e105636d0b04136f8be580fdc39d6f1f97d,
07_config_matrix,cfg_fp16_m128n256k16_c512_sw32_discard_same,1,,NVIDIA Thor,11.0,580.00,13.0,PTX ISA 9.3 / CUDA 13.0,1575.000,,,,fp16,128,256,16,32,128,33,2,discard,same,2,2,32,1,nocount,sw32,sw32,16,16,16,0,512,0,256,none,0,none,0,4,20,3387357.0,2150.7028571428573,,,,,12288,,39.94012730987611,,,0,0.0,1,bf14b28d2af4128daa99f23eec8a5e105636d0b04136f8be580fdc39d6f1f97d,
07_config_matrix,cfg_fp16_m128n256k16_c512_sw32_discard_same,1,,NVIDIA Thor,11.0,580.00,13.0,PTX ISA 9.3 / CUDA 13.0,1575.000,,,,fp16,128,256,16,32,128,33,3,discard,same,2,2,32,1,nocount,sw32,sw32,16,16,16,0,512,0,256,none,0,none,0,4,20,3387228.0,2150.6209523809525,,,,,12288,,39.94164839922202,,,0,0.0,1,bf14b28d2af4128daa99f23eec8a5e105636d0b04136f8be580fdc39d6f1f97d,
07_config_matrix,cfg_fp16_m128n256k16_c512_sw32_discard_same,1,,NVIDIA Thor,11.0,580.00,13.0,PTX ISA 9.3 / CUDA 13.0,1575.000,,,,fp16,128,256,16,32,128,33,4,discard,same,2,2,32,1,nocount,sw32,sw32,16,16,16,0,512,0,256,none,0,none,0,4,20,3387342.0,2150.693333333333,,,,,12288,,39.94030417477775,,,0,0.0,1,bf14b28d2af4128daa99f23eec8a5e105636d0b04136f8be580fdc39d6f1f97d,
07_config_matrix,cfg_bf16_m128n256k16_c256_none_fill_use_lastuse_pingpong,0,max_abs_error>0.25,NVIDIA Thor,11.0,580.00,13.0,PTX ISA 9.3 / CUDA 13.0,1575.000,,,,bf16,128,256,16,32,128,34,0,fill_use_lastuse,pingpong,1,1,32,1,nocount,none,none,16,16,16,0,256,0,256,none,0,none,0,4,20,3282542.0,2084.1536507936507,,,,,12288,,41.21545735713359,,,0,0.791015625,1,bf14b28d2af4128daa99f23eec8a5e105636d0b04136f8be580fdc39d6f1f97d,; UTCHMMA=21;UTCHMMA_WS=16;UTCBAR=1;UTCATOMSWS=3;SYNCS_TRYWAIT=8;LDS=21;LDG=9;ptx_tcgen05_mma=21;ptx_tcgen05_mma_ws=16;ptx_tcgen05_commit=1;ptx_tcgen05_alloc=1;ptx_tcgen05_dealloc=1;ptx_tcgen05_ld=5;ptx_tcgen05_st=5;ptx_mbarrier_wait=5;ptx_cp_async_tma=2;ptx_ld_shared=26;ptx_ld_global=7
07_config_matrix,cfg_bf16_m128n256k16_c256_none_fill_use_lastuse_pingpong,0,max_abs_error>0.25,NVIDIA Thor,11.0,580.00,13.0,PTX ISA 9.3 / CUDA 13.0,1575.000,,,,bf16,128,256,16,32,128,34,1,fill_use_lastuse,pingpong,1,1,32,1,nocount,none,none,16,16,16,0,256,0,256,none,0,none,0,4,20,3282537.0,2084.150476190476,,,,,12288,,41.21552013701597,,,0,0.791015625,1,bf14b28d2af4128daa99f23eec8a5e105636d0b04136f8be580fdc39d6f1f97d,
07_config_matrix,cfg_bf16_m128n256k16_c256_none_fill_use_lastuse_pingpong,0,max_abs_error>0.25,NVIDIA Thor,11.0,580.00,13.0,PTX ISA 9.3 / CUDA 13.0,1575.000,,,,bf16,128,256,16,32,128,34,2,fill_use_lastuse,pingpong,1,1,32,1,nocount,none,none,16,16,16,0,256,0,256,none,0,none,0,4,20,3282552.0,2084.16,,,,,12288,,41.215331797942575,,,0,0.791015625,1,bf14b28d2af4128daa99f23eec8a5e105636d0b04136f8be580fdc39d6f1f97d,
07_config_matrix,cfg_bf16_m128n256k16_c256_none_fill_use_lastuse_pingpong,0,max_abs_error>0.25,NVIDIA Thor,11.0,580.00,13.0,PTX ISA 9.3 / CUDA 13.0,1575.000,,,,bf16,128,256,16,32,128,34,3,fill_use_lastuse,pingpong,1,1,32,1,nocount,none,none,16,16,16,0,256,0,256,none,0,none,0,4,20,3282548.0,2084.1574603174604,,,,,12288,,41.21538202152718,,,0,0.791015625,1,bf14b28d2af4128daa99f23eec8a5e105636d0b04136f8be580fdc39d6f1f97d,
07_config_matrix,cfg_bf16_m128n256k16_c256_none_fill_use_lastuse_pingpong,0,max_abs_error>0.25,NVIDIA Thor,11.0,580.00,13.0,PTX ISA 9.3 / CUDA 13.0,1575.000,,,,bf16,128,256,16,32,128,34,4,fill_use_lastuse,pingpong,1,1,32,1,nocount,none,none,16,16,16,0,256,0,256,none,0,none,0,4,20,3282542.0,2084.1536507936507,,,,,12288,,41.21545735713359,,,0,0.791015625,1,bf14b28d2af4128daa99f23eec8a5e105636d0b04136f8be580fdc39d6f1f97d,
07_config_matrix,cfg_fp16_m128n128k16_c256_sw128_discard_same,1,,NVIDIA Thor,11.0,580.00,13.0,PTX ISA 9.3 / CUDA 13.0,1575.000,,,,fp16,128,128,16,32,128,35,0,discard,same,2,2,32,1,nocount,sw128,sw128,16,16,16,0,256,0,128,none,0,none,0,4,20,3678993.0,2335.8685714285716,,,,,8192,,18.387024632012075,,,0,0.0,1,bf14b28d2af4128daa99f23eec8a5e105636d0b04136f8be580fdc39d6f1f97d,; UTCHMMA=21;UTCHMMA_WS=16;UTCBAR=1;UTCATOMSWS=3;SYNCS_TRYWAIT=8;LDS=21;LDG=9;ptx_tcgen05_mma=21;ptx_tcgen05_mma_ws=16;ptx_tcgen05_commit=1;ptx_tcgen05_alloc=1;ptx_tcgen05_dealloc=1;ptx_tcgen05_ld=5;ptx_tcgen05_st=5;ptx_mbarrier_wait=5;ptx_cp_async_tma=2;ptx_ld_shared=26;ptx_ld_global=7
07_config_matrix,cfg_fp16_m128n128k16_c256_sw128_discard_same,1,,NVIDIA Thor,11.0,580.00,13.0,PTX ISA 9.3 / CUDA 13.0,1575.000,,,,fp16,128,128,16,32,128,35,1,discard,same,2,2,32,1,nocount,sw128,sw128,16,16,16,0,256,0,128,none,0,none,0,4,20,3678980.0,2335.8603174603177,,,,,8192,,18.38708960418377,,,0,0.0,1,bf14b28d2af4128daa99f23eec8a5e105636d0b04136f8be580fdc39d6f1f97d,
07_config_matrix,cfg_fp16_m128n128k16_c256_sw128_discard_same,1,,NVIDIA Thor,11.0,580.00,13.0,PTX ISA 9.3 / CUDA 13.0,1575.000,,,,fp16,128,128,16,32,128,35,2,discard,same,2,2,32,1,nocount,sw128,sw128,16,16,16,0,256,0,128,none,0,none,0,4,20,3678961.0,2335.848253968254,,,,,8192,,18.387184564337595,,,0,0.0,1,bf14b28d2af4128daa99f23eec8a5e105636d0b04136f8be580fdc39d6f1f97d,
07_config_matrix,cfg_fp16_m128n128k16_c256_sw128_discard_same,1,,NVIDIA Thor,11.0,580.00,13.0,PTX ISA 9.3 / CUDA 13.0,1575.000,,,,fp16,128,128,16,32,128,35,3,discard,same,2,2,32,1,nocount,sw128,sw128,16,16,16,0,256,0,128,none,0,none,0,4,20,3678987.0,2335.864761904762,,,,,8192,,18.387054619111183,,,0,0.0,1,bf14b28d2af4128daa99f23eec8a5e105636d0b04136f8be580fdc39d6f1f97d,
07_config_matrix,cfg_fp16_m128n128k16_c256_sw128_discard_same,1,,NVIDIA Thor,11.0,580.00,13.0,PTX ISA 9.3 / CUDA 13.0,1575.000,,,,fp16,128,128,16,32,128,35,4,discard,same,2,2,32,1,nocount,sw128,sw128,16,16,16,0,256,0,128,none,0,none,0,4,20,3678990.0,2335.8666666666663,,,,,8192,,18.387039625549406,,,0,0.0,1,bf14b28d2af4128daa99f23eec8a5e105636d0b04136f8be580fdc39d6f1f97d,
07_config_matrix,cfg_bf16_m128n128k16_c256_sw64_discard_pingpong,1,,NVIDIA Thor,11.0,580.00,13.0,PTX ISA 9.3 / CUDA 13.0,1575.000,,,,bf16,128,128,16,32,128,36,0,discard,pingpong,2,2,32,1,nocount,sw64,sw64,16,16,16,0,256,0,128,none,0,none,0,4,20,3563102.0,2262.286984126984,,,,,8192,,18.985068323051095,,,0,0.0,1,bf14b28d2af4128daa99f23eec8a5e105636d0b04136f8be580fdc39d6f1f97d,; UTCHMMA=21;UTCHMMA_WS=16;UTCBAR=1;UTCATOMSWS=3;SYNCS_TRYWAIT=8;LDS=21;LDG=9;ptx_tcgen05_mma=21;ptx_tcgen05_mma_ws=16;ptx_tcgen05_commit=1;ptx_tcgen05_alloc=1;ptx_tcgen05_dealloc=1;ptx_tcgen05_ld=5;ptx_tcgen05_st=5;ptx_mbarrier_wait=5;ptx_cp_async_tma=2;ptx_ld_shared=26;ptx_ld_global=7
07_config_matrix,cfg_bf16_m128n128k16_c256_sw64_discard_pingpong,1,,NVIDIA Thor,11.0,580.00,13.0,PTX ISA 9.3 / CUDA 13.0,1575.000,,,,bf16,128,128,16,32,128,36,1,discard,pingpong,2,2,32,1,nocount,sw64,sw64,16,16,16,0,256,0,128,none,0,none,0,4,20,3563110.0,2262.2920634920633,,,,,8192,,18.98502569721395,,,0,0.0,1,bf14b28d2af4128daa99f23eec8a5e105636d0b04136f8be580fdc39d6f1f97d,
07_config_matrix,cfg_bf16_m128n128k16_c256_sw64_discard_pingpong,1,,NVIDIA Thor,11.0,580.00,13.0,PTX ISA 9.3 / CUDA 13.0,1575.000,,,,bf16,128,128,16,32,128,36,2,discard,pingpong,2,2,32,1,nocount,sw64,sw64,16,16,16,0,256,0,128,none,0,none,0,4,20,3563117.0,2262.296507936508,,,,,8192,,18.984988399763466,,,0,0.0,1,bf14b28d2af4128daa99f23eec8a5e105636d0b04136f8be580fdc39d6f1f97d,
07_config_matrix,cfg_bf16_m128n128k16_c256_sw64_discard_pingpong,1,,NVIDIA Thor,11.0,580.00,13.0,PTX ISA 9.3 / CUDA 13.0,1575.000,,,,bf16,128,128,16,32,128,36,3,discard,pingpong,2,2,32,1,nocount,sw64,sw64,16,16,16,0,256,0,128,none,0,none,0,4,20,3563112.0,2262.2933333333335,,,,,8192,,18.98501504078457,,,0,0.0,1,bf14b28d2af4128daa99f23eec8a5e105636d0b04136f8be580fdc39d6f1f97d,
07_config_matrix,cfg_bf16_m128n128k16_c256_sw64_discard_pingpong,1,,NVIDIA Thor,11.0,580.00,13.0,PTX ISA 9.3 / CUDA 13.0,1575.000,,,,bf16,128,128,16,32,128,36,4,discard,pingpong,2,2,32,1,nocount,sw64,sw64,16,16,16,0,256,0,128,none,0,none,0,4,20,3563109.0,2262.2914285714282,,,,,8192,,18.98503102543313,,,0,0.0,1,bf14b28d2af4128daa99f23eec8a5e105636d0b04136f8be580fdc39d6f1f97d,
07_config_matrix,cfg_bf16_m128n128k16_c512_sw32_fill_use_lastuse_same,1,,NVIDIA Thor,11.0,580.00,13.0,PTX ISA 9.3 / CUDA 13.0,1575.000,,,,bf16,128,128,16,32,128,37,0,fill_use_lastuse,same,4,4,32,1,nocount,sw32,sw32,16,16,16,0,512,0,128,none,0,none,0,4,20,3487605.0,2214.352380952381,,,,,8192,,19.39604253119261,,,0,0.0,1,bf14b28d2af4128daa99f23eec8a5e105636d0b04136f8be580fdc39d6f1f97d,; UTCHMMA=21;UTCHMMA_WS=16;UTCBAR=1;UTCATOMSWS=3;SYNCS_TRYWAIT=8;LDS=21;LDG=9;ptx_tcgen05_mma=21;ptx_tcgen05_mma_ws=16;ptx_tcgen05_commit=1;ptx_tcgen05_alloc=1;ptx_tcgen05_dealloc=1;ptx_tcgen05_ld=5;ptx_tcgen05_st=5;ptx_mbarrier_wait=5;ptx_cp_async_tma=2;ptx_ld_shared=26;ptx_ld_global=7
07_config_matrix,cfg_bf16_m128n128k16_c512_sw32_fill_use_lastuse_same,1,,NVIDIA Thor,11.0,580.00,13.0,PTX ISA 9.3 / CUDA 13.0,1575.000,,,,bf16,128,128,16,32,128,37,1,fill_use_lastuse,same,4,4,32,1,nocount,sw32,sw32,16,16,16,0,512,0,128,none,0,none,0,4,20,3487607.0,2214.353650793651,,,,,8192,,19.396031408355356,,,0,0.0,1,bf14b28d2af4128daa99f23eec8a5e105636d0b04136f8be580fdc39d6f1f97d,
07_config_matrix,cfg_bf16_m128n128k16_c512_sw32_fill_use_lastuse_same,1,,NVIDIA Thor,11.0,580.00,13.0,PTX ISA 9.3 / CUDA 13.0,1575.000,,,,bf16,128,128,16,32,128,37,2,fill_use_lastuse,same,4,4,32,1,nocount,sw32,sw32,16,16,16,0,512,0,128,none,0,none,0,4,20,3487602.0,2214.3504761904765,,,,,8192,,19.396059215472405,,,0,0.0,1,bf14b28d2af4128daa99f23eec8a5e105636d0b04136f8be580fdc39d6f1f97d,
07_config_matrix,cfg_bf16_m128n128k16_c512_sw32_fill_use_lastuse_same,1,,NVIDIA Thor,11.0,580.00,13.0,PTX ISA 9.3 / CUDA 13.0,1575.000,,,,bf16,128,128,16,32,128,37,3,fill_use_lastuse,same,4,4,32,1,nocount,sw32,sw32,16,16,16,0,512,0,128,none,0,none,0,4,20,3487604.0,2214.351746031746,,,,,8192,,19.39604809261602,,,0,0.0,1,bf14b28d2af4128daa99f23eec8a5e105636d0b04136f8be580fdc39d6f1f97d,
07_config_matrix,cfg_bf16_m128n128k16_c512_sw32_fill_use_lastuse_same,1,,NVIDIA Thor,11.0,580.00,13.0,PTX ISA 9.3 / CUDA 13.0,1575.000,,,,bf16,128,128,16,32,128,37,4,fill_use_lastuse,same,4,4,32,1,nocount,sw32,sw32,16,16,16,0,512,0,128,none,0,none,0,4,20,3487606.0,2214.353015873016,,,,,8192,,19.396036969772386,,,0,0.0,1,bf14b28d2af4128daa99f23eec8a5e105636d0b04136f8be580fdc39d6f1f97d,
07_config_matrix,cfg_fp16_m128n64k16_c512_sw128_discard_same,1,,NVIDIA Thor,11.0,580.00,13.0,PTX ISA 9.3 / CUDA 13.0,1575.000,,,,fp16,128,64,16,32,128,38,0,discard,same,8,8,32,1,nocount,sw128,sw128,16,16,16,0,512,0,64,none,0,none,0,4,20,3678589.0,2335.6120634920635,,,,,6144,,9.194521990904665,,,0,0.0,1,bf14b28d2af4128daa99f23eec8a5e105636d0b04136f8be580fdc39d6f1f97d,; UTCHMMA=21;UTCHMMA_WS=16;UTCBAR=1;UTCATOMSWS=3;SYNCS_TRYWAIT=8;LDS=21;LDG=9;ptx_tcgen05_mma=21;ptx_tcgen05_mma_ws=16;ptx_tcgen05_commit=1;ptx_tcgen05_alloc=1;ptx_tcgen05_dealloc=1;ptx_tcgen05_ld=5;ptx_tcgen05_st=5;ptx_mbarrier_wait=5;ptx_cp_async_tma=2;ptx_ld_shared=26;ptx_ld_global=7
07_config_matrix,cfg_fp16_m128n64k16_c512_sw128_discard_same,1,,NVIDIA Thor,11.0,580.00,13.0,PTX ISA 9.3 / CUDA 13.0,1575.000,,,,fp16,128,64,16,32,128,38,1,discard,same,8,8,32,1,nocount,sw128,sw128,16,16,16,0,512,0,64,none,0,none,0,4,20,3678588.0,2335.6114285714284,,,,,6144,,9.19452449037511,,,0,0.0,1,bf14b28d2af4128daa99f23eec8a5e105636d0b04136f8be580fdc39d6f1f97d,
07_config_matrix,cfg_fp16_m128n64k16_c512_sw128_discard_same,1,,NVIDIA Thor,11.0,580.00,13.0,PTX ISA 9.3 / CUDA 13.0,1575.000,,,,fp16,128,64,16,32,128,38,2,discard,same,8,8,32,1,nocount,sw128,sw128,16,16,16,0,512,0,64,none,0,none,0,4,20,3678578.0,2335.6050793650793,,,,,6144,,9.194549485154319,,,0,0.0,1,bf14b28d2af4128daa99f23eec8a5e105636d0b04136f8be580fdc39d6f1f97d,
07_config_matrix,cfg_fp16_m128n64k16_c512_sw128_discard_same,1,,NVIDIA Thor,11.0,580.00,13.0,PTX ISA 9.3 / CUDA 13.0,1575.000,,,,fp16,128,64,16,32,128,38,3,discard,same,8,8,32,1,nocount,sw128,sw128,16,16,16,0,512,0,64,none,0,none,0,4,20,3678579.0,2335.6057142857144,,,,,6144,,9.19454698567028,,,0,0.0,1,bf14b28d2af4128daa99f23eec8a5e105636d0b04136f8be580fdc39d6f1f97d,
07_config_matrix,cfg_fp16_m128n64k16_c512_sw128_discard_same,1,,NVIDIA Thor,11.0,580.00,13.0,PTX ISA 9.3 / CUDA 13.0,1575.000,,,,fp16,128,64,16,32,128,38,4,discard,same,8,8,32,1,nocount,sw128,sw128,16,16,16,0,512,0,64,none,0,none,0,4,20,3678580.0,2335.606349206349,,,,,6144,,9.194544486187606,,,0,0.0,1,bf14b28d2af4128daa99f23eec8a5e105636d0b04136f8be580fdc39d6f1f97d,
07_config_matrix,cfg_fp16_m128n128k16_c128_none_discard_pingpong,0,max_abs_error>0.05,NVIDIA Thor,11.0,580.00,13.0,PTX ISA 9.3 / CUDA 13.0,1575.000,,,,fp16,128,128,16,32,128,39,0,discard,pingpong,1,1,32,1,nocount,none,none,16,16,16,0,128,0,128,none,0,none,0,4,20,3181150.0,2019.7777777777778,,,,,8192,,21.264553671471006,,,0,0.791015625,1,bf14b28d2af4128daa99f23eec8a5e105636d0b04136f8be580fdc39d6f1f97d,; UTCHMMA=21;UTCHMMA_WS=16;UTCBAR=1;UTCATOMSWS=3;SYNCS_TRYWAIT=8;LDS=21;LDG=9;ptx_tcgen05_mma=21;ptx_tcgen05_mma_ws=16;ptx_tcgen05_commit=1;ptx_tcgen05_alloc=1;ptx_tcgen05_dealloc=1;ptx_tcgen05_ld=5;ptx_tcgen05_st=5;ptx_mbarrier_wait=5;ptx_cp_async_tma=2;ptx_ld_shared=26;ptx_ld_global=7
07_config_matrix,cfg_fp16_m128n128k16_c128_none_discard_pingpong,0,max_abs_error>0.05,NVIDIA Thor,11.0,580.00,13.0,PTX ISA 9.3 / CUDA 13.0,1575.000,,,,fp16,128,128,16,32,128,39,1,discard,pingpong,1,1,32,1,nocount,none,none,16,16,16,0,128,0,128,none,0,none,0,4,20,3181150.0,2019.7777777777778,,,,,8192,,21.264553671471006,,,0,0.791015625,1,bf14b28d2af4128daa99f23eec8a5e105636d0b04136f8be580fdc39d6f1f97d,
07_config_matrix,cfg_fp16_m128n128k16_c128_none_discard_pingpong,0,max_abs_error>0.05,NVIDIA Thor,11.0,580.00,13.0,PTX ISA 9.3 / CUDA 13.0,1575.000,,,,fp16,128,128,16,32,128,39,2,discard,pingpong,1,1,32,1,nocount,none,none,16,16,16,0,128,0,128,none,0,none,0,4,20,3181153.0,2019.7796825396824,,,,,8192,,21.264533617842336,,,0,0.791015625,1,bf14b28d2af4128daa99f23eec8a5e105636d0b04136f8be580fdc39d6f1f97d,
07_config_matrix,cfg_fp16_m128n128k16_c128_none_discard_pingpong,0,max_abs_error>0.05,NVIDIA Thor,11.0,580.00,13.0,PTX ISA 9.3 / CUDA 13.0,1575.000,,,,fp16,128,128,16,32,128,39,3,discard,pingpong,1,1,32,1,nocount,none,none,16,16,16,0,128,0,128,none,0,none,0,4,20,3181155.0,2019.7809523809524,,,,,8192,,21.264520248777565,,,0,0.791015625,1,bf14b28d2af4128daa99f23eec8a5e105636d0b04136f8be580fdc39d6f1f97d,
07_config_matrix,cfg_fp16_m128n128k16_c128_none_discard_pingpong,0,max_abs_error>0.05,NVIDIA Thor,11.0,580.00,13.0,PTX ISA 9.3 / CUDA 13.0,1575.000,,,,fp16,128,128,16,32,128,39,4,discard,pingpong,1,1,32,1,nocount,none,none,16,16,16,0,128,0,128,none,0,none,0,4,20,3181151.0,2019.7784126984127,,,,,8192,,21.264546986923918,,,0,0.791015625,1,bf14b28d2af4128daa99f23eec8a5e105636d0b04136f8be580fdc39d6f1f97d,
07_config_matrix,cfg_bf16_m128n128k16_c128_sw32_discard_pingpong,1,,NVIDIA Thor,11.0,580.00,13.0,PTX ISA 9.3 / CUDA 13.0,1575.000,,,,bf16,128,128,16,32,128,40,0,discard,pingpong,1,1,32,1,nocount,sw32,sw32,16,16,16,0,128,0,128,none,0,none,0,4,20,2891378.0,1835.7955555555557,,,,,8192,,23.395673243692105,,,0,0.0,1,bf14b28d2af4128daa99f23eec8a5e105636d0b04136f8be580fdc39d6f1f97d,; UTCHMMA=21;UTCHMMA_WS=16;UTCBAR=1;UTCATOMSWS=3;SYNCS_TRYWAIT=8;LDS=21;LDG=9;ptx_tcgen05_mma=21;ptx_tcgen05_mma_ws=16;ptx_tcgen05_commit=1;ptx_tcgen05_alloc=1;ptx_tcgen05_dealloc=1;ptx_tcgen05_ld=5;ptx_tcgen05_st=5;ptx_mbarrier_wait=5;ptx_cp_async_tma=2;ptx_ld_shared=26;ptx_ld_global=7
07_config_matrix,cfg_bf16_m128n128k16_c128_sw32_discard_pingpong,1,,NVIDIA Thor,11.0,580.00,13.0,PTX ISA 9.3 / CUDA 13.0,1575.000,,,,bf16,128,128,16,32,128,40,1,discard,pingpong,1,1,32,1,nocount,sw32,sw32,16,16,16,0,128,0,128,none,0,none,0,4,20,2891386.0,1835.800634920635,,,,,8192,,23.395608511627294,,,0,0.0,1,bf14b28d2af4128daa99f23eec8a5e105636d0b04136f8be580fdc39d6f1f97d,
07_config_matrix,cfg_bf16_m128n128k16_c128_sw32_discard_pingpong,1,,NVIDIA Thor,11.0,580.00,13.0,PTX ISA 9.3 / CUDA 13.0,1575.000,,,,bf16,128,128,16,32,128,40,2,discard,pingpong,1,1,32,1,nocount,sw32,sw32,16,16,16,0,128,0,128,none,0,none,0,4,20,2891381.0,1835.7974603174603,,,,,8192,,23.39564896912583,,,0,0.0,1,bf14b28d2af4128daa99f23eec8a5e105636d0b04136f8be580fdc39d6f1f97d,
07_config_matrix,cfg_bf16_m128n128k16_c128_sw32_discard_pingpong,1,,NVIDIA Thor,11.0,580.00,13.0,PTX ISA 9.3 / CUDA 13.0,1575.000,,,,bf16,128,128,16,32,128,40,3,discard,pingpong,1,1,32,1,nocount,sw32,sw32,16,16,16,0,128,0,128,none,0,none,0,4,20,2891376.0,1835.7942857142857,,,,,8192,,23.39568942676428,,,0,0.0,1,bf14b28d2af4128daa99f23eec8a5e105636d0b04136f8be580fdc39d6f1f97d,
07_config_matrix,cfg_bf16_m128n128k16_c128_sw32_discard_pingpong,1,,NVIDIA Thor,11.0,580.00,13.0,PTX ISA 9.3 / CUDA 13.0,1575.000,,,,bf16,128,128,16,32,128,40,4,discard,pingpong,1,1,32,1,nocount,sw32,sw32,16,16,16,0,128,0,128,none,0,none,0,4,20,2891379.0,1835.7961904761903,,,,,8192,,23.39566515216442,,,0,0.0,1,bf14b28d2af4128daa99f23eec8a5e105636d0b04136f8be580fdc39d6f1f97d,
07_config_matrix,cfg_fp16_m128n128k16_c512_sw128_fill_use_lastuse_pingpong,1,,NVIDIA Thor,11.0,580.00,13.0,PTX ISA 9.3 / CUDA 13.0,1575.000,,,,fp16,128,128,16,32,128,41,0,fill_use_lastuse,pingpong,4,4,32,1,nocount,sw128,sw128,16,16,16,0,512,0,128,none,0,none,0,4,20,3779412.0,2399.6266666666666,,,,,8192,,17.89848127486498,,,0,0.0,1,bf14b28d2af4128daa99f23eec8a5e105636d0b04136f8be580fdc39d6f1f97d,; UTCHMMA=21;UTCHMMA_WS=16;UTCBAR=1;UTCATOMSWS=3;SYNCS_TRYWAIT=8;LDS=21;LDG=9;ptx_tcgen05_mma=21;ptx_tcgen05_mma_ws=16;ptx_tcgen05_commit=1;ptx_tcgen05_alloc=1;ptx_tcgen05_dealloc=1;ptx_tcgen05_ld=5;ptx_tcgen05_st=5;ptx_mbarrier_wait=5;ptx_cp_async_tma=2;ptx_ld_shared=26;ptx_ld_global=7
07_config_matrix,cfg_fp16_m128n128k16_c512_sw128_fill_use_lastuse_pingpong,1,,NVIDIA Thor,11.0,580.00,13.0,PTX ISA 9.3 / CUDA 13.0,1575.000,,,,fp16,128,128,16,32,128,41,1,fill_use_lastuse,pingpong,4,4,32,1,nocount,sw128,sw128,16,16,16,0,512,0,128,none,0,none,0,4,20,3779415.0,2399.6285714285714,,,,,8192,,17.898467067522354,,,0,0.0,1,bf14b28d2af4128daa99f23eec8a5e105636d0b04136f8be580fdc39d6f1f97d,
07_config_matrix,cfg_fp16_m128n128k16_c512_sw128_fill_use_lastuse_pingpong,1,,NVIDIA Thor,11.0,580.00,13.0,PTX ISA 9.3 / CUDA 13.0,1575.000,,,,fp16,128,128,16,32,128,41,2,fill_use_lastuse,pingpong,4,4,32,1,nocount,sw128,sw128,16,16,16,0,512,0,128,none,0,none,0,4,20,3779418.0,2399.630476190476,,,,,8192,,17.898452860202283,,,0,0.0,1,bf14b28d2af4128daa99f23eec8a5e105636d0b04136f8be580fdc39d6f1f97d,
07_config_matrix,cfg_fp16_m128n128k16_c512_sw128_fill_use_lastuse_pingpong,1,,NVIDIA Thor,11.0,580.00,13.0,PTX ISA 9.3 / CUDA 13.0,1575.000,,,,fp16,128,128,16,32,128,41,3,fill_use_lastuse,pingpong,4,4,32,1,nocount,sw128,sw128,16,16,16,0,512,0,128,none,0,none,0,4,20,3779408.0,2399.624126984127,,,,,8192,,17.898500218023564,,,0,0.0,1,bf14b28d2af4128daa99f23eec8a5e105636d0b04136f8be580fdc39d6f1f97d,
07_config_matrix,cfg_fp16_m128n128k16_c512_sw128_fill_use_lastuse_pingpong,1,,NVIDIA Thor,11.0,580.00,13.0,PTX ISA 9.3 / CUDA 13.0,1575.000,,,,fp16,128,128,16,32,128,41,4,fill_use_lastuse,pingpong,4,4,32,1,nocount,sw128,sw128,16,16,16,0,512,0,128,none,0,none,0,4,20,3779421.0,2399.632380952381,,,,,8192,,17.89843865290477,,,0,0.0,1,bf14b28d2af4128daa99f23eec8a5e105636d0b04136f8be580fdc39d6f1f97d,
07_config_matrix,cfg_bf16_m128n128k16_c256_sw128_discard_pingpong,1,,NVIDIA Thor,11.0,580.00,13.0,PTX ISA 9.3 / CUDA 13.0,1575.000,,,,bf16,128,128,16,32,128,42,0,discard,pingpong,2,2,32,1,nocount,sw128,sw128,16,16,16,0,256,0,128,none,0,none,0,4,20,3678993.0,2335.8685714285716,,,,,8192,,18.387024632012075,,,0,0.0,1,bf14b28d2af4128daa99f23eec8a5e105636d0b04136f8be580fdc39d6f1f97d,; UTCHMMA=21;UTCHMMA_WS=16;UTCBAR=1;UTCATOMSWS=3;SYNCS_TRYWAIT=8;LDS=21;LDG=9;ptx_tcgen05_mma=21;ptx_tcgen05_mma_ws=16;ptx_tcgen05_commit=1;ptx_tcgen05_alloc=1;ptx_tcgen05_dealloc=1;ptx_tcgen05_ld=5;ptx_tcgen05_st=5;ptx_mbarrier_wait=5;ptx_cp_async_tma=2;ptx_ld_shared=26;ptx_ld_global=7
07_config_matrix,cfg_bf16_m128n128k16_c256_sw128_discard_pingpong,1,,NVIDIA Thor,11.0,580.00,13.0,PTX ISA 9.3 / CUDA 13.0,1575.000,,,,bf16,128,128,16,32,128,42,1,discard,pingpong,2,2,32,1,nocount,sw128,sw128,16,16,16,0,256,0,128,none,0,none,0,4,20,3678999.0,2335.872380952381,,,,,8192,,18.386994645010777,,,0,0.0,1,bf14b28d2af4128daa99f23eec8a5e105636d0b04136f8be580fdc39d6f1f97d,
07_config_matrix,cfg_bf16_m128n128k16_c256_sw128_discard_pingpong,1,,NVIDIA Thor,11.0,580.00,13.0,PTX ISA 9.3 / CUDA 13.0,1575.000,,,,bf16,128,128,16,32,128,42,2,discard,pingpong,2,2,32,1,nocount,sw128,sw128,16,16,16,0,256,0,128,none,0,none,0,4,20,3678996.0,2335.8704761904764,,,,,8192,,18.387009638499197,,,0,0.0,1,bf14b28d2af4128daa99f23eec8a5e105636d0b04136f8be580fdc39d6f1f97d,
07_config_matrix,cfg_bf16_m128n128k16_c256_sw128_discard_pingpong,1,,NVIDIA Thor,11.0,580.00,13.0,PTX ISA 9.3 / CUDA 13.0,1575.000,,,,bf16,128,128,16,32,128,42,3,discard,pingpong,2,2,32,1,nocount,sw128,sw128,16,16,16,0,256,0,128,none,0,none,0,4,20,3678962.0,2335.8488888888887,,,,,8192,,18.387179566410307,,,0,0.0,1,bf14b28d2af4128daa99f23eec8a5e105636d0b04136f8be580fdc39d6f1f97d,
07_config_matrix,cfg_bf16_m128n128k16_c256_sw128_discard_pingpong,1,,NVIDIA Thor,11.0,580.00,13.0,PTX ISA 9.3 / CUDA 13.0,1575.000,,,,bf16,128,128,16,32,128,42,4,discard,pingpong,2,2,32,1,nocount,sw128,sw128,16,16,16,0,256,0,128,none,0,none,0,4,20,3678999.0,2335.872380952381,,,,,8192,,18.386994645010777,,,0,0.0,1,bf14b28d2af4128daa99f23eec8a5e105636d0b04136f8be580fdc39d6f1f97d,
07_config_matrix,cfg_fp16_m128n64k16_c256_sw64_fill_use_lastuse_same,1,,NVIDIA Thor,11.0,580.00,13.0,PTX ISA 9.3 / CUDA 13.0,1575.000,,,,fp16,128,64,16,32,128,43,0,fill_use_lastuse,same,4,4,32,1,nocount,sw64,sw64,16,16,16,0,256,0,64,none,0,none,0,4,20,3664587.0,2326.7219047619046,,,,,6144,,9.22965328862434,,,0,0.0,1,bf14b28d2af4128daa99f23eec8a5e105636d0b04136f8be580fdc39d6f1f97d,; UTCHMMA=21;UTCHMMA_WS=16;UTCBAR=1;UTCATOMSWS=3;SYNCS_TRYWAIT=8;LDS=21;LDG=9;ptx_tcgen05_mma=21;ptx_tcgen05_mma_ws=16;ptx_tcgen05_commit=1;ptx_tcgen05_alloc=1;ptx_tcgen05_dealloc=1;ptx_tcgen05_ld=5;ptx_tcgen05_st=5;ptx_mbarrier_wait=5;ptx_cp_async_tma=2;ptx_ld_shared=26;ptx_ld_global=7
07_config_matrix,cfg_fp16_m128n64k16_c256_sw64_fill_use_lastuse_same,1,,NVIDIA Thor,11.0,580.00,13.0,PTX ISA 9.3 / CUDA 13.0,1575.000,,,,fp16,128,64,16,32,128,43,1,fill_use_lastuse,same,4,4,32,1,nocount,sw64,sw64,16,16,16,0,256,0,64,none,0,none,0,4,20,3664479.0,2326.653333333333,,,,,6144,,9.229925306162214,,,0,0.0,1,bf14b28d2af4128daa99f23eec8a5e105636d0b04136f8be580fdc39d6f1f97d,
07_config_matrix,cfg_fp16_m128n64k16_c256_sw64_fill_use_lastuse_same,1,,NVIDIA Thor,11.0,580.00,13.0,PTX ISA 9.3 / CUDA 13.0,1575.000,,,,fp16,128,64,16,32,128,43,2,fill_use_lastuse,same,4,4,32,1,nocount,sw64,sw64,16,16,16,0,256,0,64,none,0,none,0,4,20,3664482.0,2326.655238095238,,,,,6144,,9.229917749902988,,,0,0.0,1,bf14b28d2af4128daa99f23eec8a5e105636d0b04136f8be580fdc39d6f1f97d,
07_config_matrix,cfg_fp16_m128n64k16_c256_sw64_fill_use_lastuse_same,1,,NVIDIA Thor,11.0,580.00,13.0,PTX ISA 9.3 / CUDA 13.0,1575.000,,,,fp16,128,64,16,32,128,43,3,fill_use_lastuse,same,4,4,32,1,nocount,sw64,sw64,16,16,16,0,256,0,64,none,0,none,0,4,20,3664472.0,2326.648888888889,,,,,6144,,9.229942937481853,,,0,0.0,1,bf14b28d2af4128daa99f23eec8a5e105636d0b04136f8be580fdc39d6f1f97d,
07_config_matrix,cfg_fp16_m128n64k16_c256_sw64_fill_use_lastuse_same,1,,NVIDIA Thor,11.0,580.00,13.0,PTX ISA 9.3 / CUDA 13.0,1575.000,,,,fp16,128,64,16,32,128,43,4,fill_use_lastuse,same,4,4,32,1,nocount,sw64,sw64,16,16,16,0,256,0,64,none,0,none,0,4,20,3664590.0,2326.72380952381,,,,,6144,,9.229645732810491,,,0,0.0,1,bf14b28d2af4128daa99f23eec8a5e105636d0b04136f8be580fdc39d6f1f97d,
07_config_matrix,cfg_bf16_m128n128k16_c256_sw128_fill_use_lastuse_same,1,,NVIDIA Thor,11.0,580.00,13.0,PTX ISA 9.3 / CUDA 13.0,1575.000,,,,bf16,128,128,16,32,128,44,0,fill_use_lastuse,same,2,2,32,1,nocount,sw128,sw128,16,16,16,0,256,0,128,none,0,none,0,4,20,3779409.0,2399.6247619047617,,,,,8192,,17.89849548223016,,,0,0.0,1,bf14b28d2af4128daa99f23eec8a5e105636d0b04136f8be580fdc39d6f1f97d,; UTCHMMA=21;UTCHMMA_WS=16;UTCBAR=1;UTCATOMSWS=3;SYNCS_TRYWAIT=8;LDS=21;LDG=9;ptx_tcgen05_mma=21;ptx_tcgen05_mma_ws=16;ptx_tcgen05_commit=1;ptx_tcgen05_alloc=1;ptx_tcgen05_dealloc=1;ptx_tcgen05_ld=5;ptx_tcgen05_st=5;ptx_mbarrier_wait=5;ptx_cp_async_tma=2;ptx_ld_shared=26;ptx_ld_global=7
07_config_matrix,cfg_bf16_m128n128k16_c256_sw128_fill_use_lastuse_same,1,,NVIDIA Thor,11.0,580.00,13.0,PTX ISA 9.3 / CUDA 13.0,1575.000,,,,bf16,128,128,16,32,128,44,1,fill_use_lastuse,same,2,2,32,1,nocount,sw128,sw128,16,16,16,0,256,0,128,none,0,none,0,4,20,3779413.0,2399.6273015873016,,,,,8192,,17.8984765390816,,,0,0.0,1,bf14b28d2af4128daa99f23eec8a5e105636d0b04136f8be580fdc39d6f1f97d,
07_config_matrix,cfg_bf16_m128n128k16_c256_sw128_fill_use_lastuse_same,1,,NVIDIA Thor,11.0,580.00,13.0,PTX ISA 9.3 / CUDA 13.0,1575.000,,,,bf16,128,128,16,32,128,44,2,fill_use_lastuse,same,2,2,32,1,nocount,sw128,sw128,16,16,16,0,256,0,128,none,0,none,0,4,20,3779414.0,2399.6279365079363,,,,,8192,,17.898471803300723,,,0,0.0,1,bf14b28d2af4128daa99f23eec8a5e105636d0b04136f8be580fdc39d6f1f97d,
07_config_matrix,cfg_bf16_m128n128k16_c256_sw128_fill_use_lastuse_same,1,,NVIDIA Thor,11.0,580.00,13.0,PTX ISA 9.3 / CUDA 13.0,1575.000,,,,bf16,128,128,16,32,128,44,3,fill_use_lastuse,same,2,2,32,1,nocount,sw128,sw128,16,16,16,0,256,0,128,none,0,none,0,4,20,3779421.0,2399.632380952381,,,,,8192,,17.89843865290477,,,0,0.0,1,bf14b28d2af4128daa99f23eec8a5e105636d0b04136f8be580fdc39d6f1f97d,
07_config_matrix,cfg_bf16_m128n128k16_c256_sw128_fill_use_lastuse_same,1,,NVIDIA Thor,11.0,580.00,13.0,PTX ISA 9.3 / CUDA 13.0,1575.000,,,,bf16,128,128,16,32,128,44,4,fill_use_lastuse,same,2,2,32,1,nocount,sw128,sw128,16,16,16,0,256,0,128,none,0,none,0,4,20,3779412.0,2399.6266666666666,,,,,8192,,17.89848127486498,,,0,0.0,1,bf14b28d2af4128daa99f23eec8a5e105636d0b04136f8be580fdc39d6f1f97d,
07_config_matrix,cfg_fp16_m128n64k16_c128_sw32_fill_use_lastuse_same,1,,NVIDIA Thor,11.0,580.00,13.0,PTX ISA 9.3 / CUDA 13.0,1575.000,,,,fp16,128,64,16,32,128,45,0,fill_use_lastuse,same,2,2,32,1,nocount,sw32,sw32,16,16,16,0,128,0,64,none,0,none,0,4,20,3488012.0,2214.6107936507938,,,,,6144,,9.69688964831543,,,0,0.0,1,bf14b28d2af4128daa99f23eec8a5e105636d0b04136f8be580fdc39d6f1f97d,; UTCHMMA=21;UTCHMMA_WS=16;UTCBAR=1;UTCATOMSWS=3;SYNCS_TRYWAIT=8;LDS=21;LDG=9;ptx_tcgen05_mma=21;ptx_tcgen05_mma_ws=16;ptx_tcgen05_commit=1;ptx_tcgen05_alloc=1;ptx_tcgen05_dealloc=1;ptx_tcgen05_ld=5;ptx_tcgen05_st=5;ptx_mbarrier_wait=5;ptx_cp_async_tma=2;ptx_ld_shared=26;ptx_ld_global=7
07_config_matrix,cfg_fp16_m128n64k16_c128_sw32_fill_use_lastuse_same,1,,NVIDIA Thor,11.0,580.00,13.0,PTX ISA 9.3 / CUDA 13.0,1575.000,,,,fp16,128,64,16,32,128,45,1,fill_use_lastuse,same,2,2,32,1,nocount,sw32,sw32,16,16,16,0,128,0,64,none,0,none,0,4,20,3488015.0,2214.612698412698,,,,,6144,,9.696881308136577,,,0,0.0,1,bf14b28d2af4128daa99f23eec8a5e105636d0b04136f8be580fdc39d6f1f97d,
07_config_matrix,cfg_fp16_m128n64k16_c128_sw32_fill_use_lastuse_same,1,,NVIDIA Thor,11.0,580.00,13.0,PTX ISA 9.3 / CUDA 13.0,1575.000,,,,fp16,128,64,16,32,128,45,2,fill_use_lastuse,same,2,2,32,1,nocount,sw32,sw32,16,16,16,0,128,0,64,none,0,none,0,4,20,3488012.0,2214.6107936507938,,,,,6144,,9.69688964831543,,,0,0.0,1,bf14b28d2af4128daa99f23eec8a5e105636d0b04136f8be580fdc39d6f1f97d,
07_config_matrix,cfg_fp16_m128n64k16_c128_sw32_fill_use_lastuse_same,1,,NVIDIA Thor,11.0,580.00,13.0,PTX ISA 9.3 / CUDA 13.0,1575.000,,,,fp16,128,64,16,32,128,45,3,fill_use_lastuse,same,2,2,32,1,nocount,sw32,sw32,16,16,16,0,128,0,64,none,0,none,0,4,20,3488014.0,2214.6120634920635,,,,,6144,,9.696884088194599,,,0,0.0,1,bf14b28d2af4128daa99f23eec8a5e105636d0b04136f8be580fdc39d6f1f97d,
07_config_matrix,cfg_fp16_m128n64k16_c128_sw32_fill_use_lastuse_same,1,,NVIDIA Thor,11.0,580.00,13.0,PTX ISA 9.3 / CUDA 13.0,1575.000,,,,fp16,128,64,16,32,128,45,4,fill_use_lastuse,same,2,2,32,1,nocount,sw32,sw32,16,16,16,0,128,0,64,none,0,none,0,4,20,3488014.0,2214.6120634920635,,,,,6144,,9.696884088194599,,,0,0.0,1,bf14b28d2af4128daa99f23eec8a5e105636d0b04136f8be580fdc39d6f1f97d,
07_config_matrix,cfg_bf16_m128n256k16_c256_sw32_discard_same,1,,NVIDIA Thor,11.0,580.00,13.0,PTX ISA 9.3 / CUDA 13.0,1575.000,,,,bf16,128,256,16,32,128,46,0,discard,same,1,1,32,1,nocount,sw32,sw32,16,16,16,0,256,0,256,none,0,none,0,4,20,2891087.0,1835.6107936507935,,,,,12288,,46.796056232136905,,,0,0.0,1,bf14b28d2af4128daa99f23eec8a5e105636d0b04136f8be580fdc39d6f1f97d,; UTCHMMA=21;UTCHMMA_WS=16;UTCBAR=1;UTCATOMSWS=3;SYNCS_TRYWAIT=8;LDS=21;LDG=9;ptx_tcgen05_mma=21;ptx_tcgen05_mma_ws=16;ptx_tcgen05_commit=1;ptx_tcgen05_alloc=1;ptx_tcgen05_dealloc=1;ptx_tcgen05_ld=5;ptx_tcgen05_st=5;ptx_mbarrier_wait=5;ptx_cp_async_tma=2;ptx_ld_shared=26;ptx_ld_global=7
07_config_matrix,cfg_bf16_m128n256k16_c256_sw32_discard_same,1,,NVIDIA Thor,11.0,580.00,13.0,PTX ISA 9.3 / CUDA 13.0,1575.000,,,,bf16,128,256,16,32,128,46,1,discard,same,1,1,32,1,nocount,sw32,sw32,16,16,16,0,256,0,256,none,0,none,0,4,20,2891090.0,1835.6126984126984,,,,,12288,,46.796007673230505,,,0,0.0,1,bf14b28d2af4128daa99f23eec8a5e105636d0b04136f8be580fdc39d6f1f97d,
07_config_matrix,cfg_bf16_m128n256k16_c256_sw32_discard_same,1,,NVIDIA Thor,11.0,580.00,13.0,PTX ISA 9.3 / CUDA 13.0,1575.000,,,,bf16,128,256,16,32,128,46,2,discard,same,1,1,32,1,nocount,sw32,sw32,16,16,16,0,256,0,256,none,0,none,0,4,20,2891089.0,1835.6120634920635,,,,,12288,,46.79602385952145,,,0,0.0,1,bf14b28d2af4128daa99f23eec8a5e105636d0b04136f8be580fdc39d6f1f97d,
07_config_matrix,cfg_bf16_m128n256k16_c256_sw32_discard_same,1,,NVIDIA Thor,11.0,580.00,13.0,PTX ISA 9.3 / CUDA 13.0,1575.000,,,,bf16,128,256,16,32,128,46,3,discard,same,1,1,32,1,nocount,sw32,sw32,16,16,16,0,256,0,256,none,0,none,0,4,20,2891088.0,1835.6114285714286,,,,,12288,,46.79604004582358,,,0,0.0,1,bf14b28d2af4128daa99f23eec8a5e105636d0b04136f8be580fdc39d6f1f97d,
07_config_matrix,cfg_bf16_m128n256k16_c256_sw32_discard_same,1,,NVIDIA Thor,11.0,580.00,13.0,PTX ISA 9.3 / CUDA 13.0,1575.000,,,,bf16,128,256,16,32,128,46,4,discard,same,1,1,32,1,nocount,sw32,sw32,16,16,16,0,256,0,256,none,0,none,0,4,20,2891087.0,1835.6107936507935,,,,,12288,,46.796056232136905,,,0,0.0,1,bf14b28d2af4128daa99f23eec8a5e105636d0b04136f8be580fdc39d6f1f97d,
07_config_matrix,cfg_fp16_m128n64k16_c256_sw128_fill_use_lastuse_pingpong,1,,NVIDIA Thor,11.0,580.00,13.0,PTX ISA 9.3 / CUDA 13.0,1575.000,,,,fp16,128,64,16,32,128,47,0,fill_use_lastuse,pingpong,4,4,32,1,nocount,sw128,sw128,16,16,16,0,256,0,64,none,0,none,0,4,20,3779299.0,2399.5549206349206,,,,,6144,,8.949508217264631,,,0,0.0,1,bf14b28d2af4128daa99f23eec8a5e105636d0b04136f8be580fdc39d6f1f97d,; UTCHMMA=21;UTCHMMA_WS=16;UTCBAR=1;UTCATOMSWS=3;SYNCS_TRYWAIT=8;LDS=21;LDG=9;ptx_tcgen05_mma=21;ptx_tcgen05_mma_ws=16;ptx_tcgen05_commit=1;ptx_tcgen05_alloc=1;ptx_tcgen05_dealloc=1;ptx_tcgen05_ld=5;ptx_tcgen05_st=5;ptx_mbarrier_wait=5;ptx_cp_async_tma=2;ptx_ld_shared=26;ptx_ld_global=7
07_config_matrix,cfg_fp16_m128n64k16_c256_sw128_fill_use_lastuse_pingpong,1,,NVIDIA Thor,11.0,580.00,13.0,PTX ISA 9.3 / CUDA 13.0,1575.000,,,,fp16,128,64,16,32,128,47,1,fill_use_lastuse,pingpong,4,4,32,1,nocount,sw128,sw128,16,16,16,0,256,0,64,none,0,none,0,4,20,3779299.0,2399.5549206349206,,,,,6144,,8.949508217264631,,,0,0.0,1,bf14b28d2af4128daa99f23eec8a5e105636d0b04136f8be580fdc39d6f1f97d,
07_config_matrix,cfg_fp16_m128n64k16_c256_sw128_fill_use_lastuse_pingpong,1,,NVIDIA Thor,11.0,580.00,13.0,PTX ISA 9.3 / CUDA 13.0,1575.000,,,,fp16,128,64,16,32,128,47,2,fill_use_lastuse,pingpong,4,4,32,1,nocount,sw128,sw128,16,16,16,0,256,0,64,none,0,none,0,4,20,3779300.0,2399.555555555555,,,,,6144,,8.94950584923134,,,0,0.0,1,bf14b28d2af4128daa99f23eec8a5e105636d0b04136f8be580fdc39d6f1f97d,
07_config_matrix,cfg_fp16_m128n64k16_c256_sw128_fill_use_lastuse_pingpong,1,,NVIDIA Thor,11.0,580.00,13.0,PTX ISA 9.3 / CUDA 13.0,1575.000,,,,fp16,128,64,16,32,128,47,3,fill_use_lastuse,pingpong,4,4,32,1,nocount,sw128,sw128,16,16,16,0,256,0,64,none,0,none,0,4,20,3779303.0,2399.5574603174605,,,,,6144,,8.949498745138984,,,0,0.0,1,bf14b28d2af4128daa99f23eec8a5e105636d0b04136f8be580fdc39d6f1f97d,
07_config_matrix,cfg_fp16_m128n64k16_c256_sw128_fill_use_lastuse_pingpong,1,,NVIDIA Thor,11.0,580.00,13.0,PTX ISA 9.3 / CUDA 13.0,1575.000,,,,fp16,128,64,16,32,128,47,4,fill_use_lastuse,pingpong,4,4,32,1,nocount,sw128,sw128,16,16,16,0,256,0,64,none,0,none,0,4,20,3779299.0,2399.5549206349206,,,,,6144,,8.949508217264631,,,0,0.0,1,bf14b28d2af4128daa99f23eec8a5e105636d0b04136f8be580fdc39d6f1f97d,
07_config_matrix,cfg_bf16_m128n128k16_c128_none_discard_same,0,max_abs_error>0.25,NVIDIA Thor,11.0,580.00,13.0,PTX ISA 9.3 / CUDA 13.0,1575.000,,,,bf16,128,128,16,32,128,48,0,discard,same,1,1,32,1,nocount,none,none,16,16,16,0,128,0,128,none,0,none,0,4,20,3181152.0,2019.7790476190478,,,,,8192,,21.26454030238102,,,0,0.83203125,1,bf14b28d2af4128daa99f23eec8a5e105636d0b04136f8be580fdc39d6f1f97d,; UTCHMMA=21;UTCHMMA_WS=16;UTCBAR=1;UTCATOMSWS=3;SYNCS_TRYWAIT=8;LDS=21;LDG=9;ptx_tcgen05_mma=21;ptx_tcgen05_mma_ws=16;ptx_tcgen05_commit=1;ptx_tcgen05_alloc=1;ptx_tcgen05_dealloc=1;ptx_tcgen05_ld=5;ptx_tcgen05_st=5;ptx_mbarrier_wait=5;ptx_cp_async_tma=2;ptx_ld_shared=26;ptx_ld_global=7
07_config_matrix,cfg_bf16_m128n128k16_c128_none_discard_same,0,max_abs_error>0.25,NVIDIA Thor,11.0,580.00,13.0,PTX ISA 9.3 / CUDA 13.0,1575.000,,,,bf16,128,128,16,32,128,48,1,discard,same,1,1,32,1,nocount,none,none,16,16,16,0,128,0,128,none,0,none,0,4,20,3181149.0,2019.7771428571427,,,,,8192,,21.264560356022304,,,0,0.83203125,1,bf14b28d2af4128daa99f23eec8a5e105636d0b04136f8be580fdc39d6f1f97d,
07_config_matrix,cfg_bf16_m128n128k16_c128_none_discard_same,0,max_abs_error>0.25,NVIDIA Thor,11.0,580.00,13.0,PTX ISA 9.3 / CUDA 13.0,1575.000,,,,bf16,128,128,16,32,128,48,2,discard,same,1,1,32,1,nocount,none,none,16,16,16,0,128,0,128,none,0,none,0,4,20,3181520.0,2020.0126984126987,,,,,8192,,21.26208067590334,,,0,0.83203125,1,bf14b28d2af4128daa99f23eec8a5e105636d0b04136f8be580fdc39d6f1f97d,
07_config_matrix,cfg_bf16_m128n128k16_c128_none_discard_same,0,max_abs_error>0.25,NVIDIA Thor,11.0,580.00,13.0,PTX ISA 9.3 / CUDA 13.0,1575.000,,,,bf16,128,128,16,32,128,48,3,discard,same,1,1,32,1,nocount,none,none,16,16,16,0,128,0,128,none,0,none,0,4,20,3181153.0,2019.7796825396824,,,,,8192,,21.264533617842336,,,0,0.83203125,1,bf14b28d2af4128daa99f23eec8a5e105636d0b04136f8be580fdc39d6f1f97d,
07_config_matrix,cfg_bf16_m128n128k16_c128_none_discard_same,0,max_abs_error>0.25,NVIDIA Thor,11.0,580.00,13.0,PTX ISA 9.3 / CUDA 13.0,1575.000,,,,bf16,128,128,16,32,128,48,4,discard,same,1,1,32,1,nocount,none,none,16,16,16,0,128,0,128,none,0,none,0,4,20,3181152.0,2019.7790476190478,,,,,8192,,21.26454030238102,,,0,0.83203125,1,bf14b28d2af4128daa99f23eec8a5e105636d0b04136f8be580fdc39d6f1f97d,
07_config_matrix,cfg_fp16_m128n64k16_c128_sw32_discard_same,1,,NVIDIA Thor,11.0,580.00,13.0,PTX ISA 9.3 / CUDA 13.0,1575.000,,,,fp16,128,64,16,32,128,49,0,discard,same,2,2,32,1,nocount,sw32,sw32,16,16,16,0,128,0,64,none,0,none,0,4,20,3387484.0,2150.7834920634923,,,,,6144,,9.984657479120195,,,0,0.0,1,bf14b28d2af4128daa99f23eec8a5e105636d0b04136f8be580fdc39d6f1f97d,; UTCHMMA=21;UTCHMMA_WS=16;UTCBAR=1;UTCATOMSWS=3;SYNCS_TRYWAIT=8;LDS=21;LDG=9;ptx_tcgen05_mma=21;ptx_tcgen05_mma_ws=16;ptx_tcgen05_commit=1;ptx_tcgen05_alloc=1;ptx_tcgen05_dealloc=1;ptx_tcgen05_ld=5;ptx_tcgen05_st=5;ptx_mbarrier_wait=5;ptx_cp_async_tma=2;ptx_ld_shared=26;ptx_ld_global=7
07_config_matrix,cfg_fp16_m128n64k16_c128_sw32_discard_same,1,,NVIDIA Thor,11.0,580.00,13.0,PTX ISA 9.3 / CUDA 13.0,1575.000,,,,fp16,128,64,16,32,128,49,1,discard,same,2,2,32,1,nocount,sw32,sw32,16,16,16,0,128,0,64,none,0,none,0,4,20,3387485.0,2150.784126984127,,,,,6144,,9.98465453160678,,,0,0.0,1,bf14b28d2af4128daa99f23eec8a5e105636d0b04136f8be580fdc39d6f1f97d,
07_config_matrix,cfg_fp16_m128n64k16_c128_sw32_discard_same,1,,NVIDIA Thor,11.0,580.00,13.0,PTX ISA 9.3 / CUDA 13.0,1575.000,,,,fp16,128,64,16,32,128,49,2,discard,same,2,2,32,1,nocount,sw32,sw32,16,16,16,0,128,0,64,none,0,none,0,4,20,3387488.0,2150.7860317460318,,,,,6144,,9.98464568907698,,,0,0.0,1,bf14b28d2af4128daa99f23eec8a5e105636d0b04136f8be580fdc39d6f1f97d,
07_config_matrix,cfg_fp16_m128n64k16_c128_sw32_discard_same,1,,NVIDIA Thor,11.0,580.00,13.0,PTX ISA 9.3 / CUDA 13.0,1575.000,,,,fp16,128,64,16,32,128,49,3,discard,same,2,2,32,1,nocount,sw32,sw32,16,16,16,0,128,0,64,none,0,none,0,4,20,3387414.0,2150.7390476190476,,,,,6144,,9.984863809383794,,,0,0.0,1,bf14b28d2af4128daa99f23eec8a5e105636d0b04136f8be580fdc39d6f1f97d,
07_config_matrix,cfg_fp16_m128n64k16_c128_sw32_discard_same,1,,NVIDIA Thor,11.0,580.00,13.0,PTX ISA 9.3 / CUDA 13.0,1575.000,,,,fp16,128,64,16,32,128,49,4,discard,same,2,2,32,1,nocount,sw32,sw32,16,16,16,0,128,0,64,none,0,none,0,4,20,3387486.0,2150.7847619047616,,,,,6144,,9.98465158409511,,,0,0.0,1,bf14b28d2af4128daa99f23eec8a5e105636d0b04136f8be580fdc39d6f1f97d,
07_config_matrix,cfg_bf16_m128n64k16_c128_sw64_discard_same,1,,NVIDIA Thor,11.0,580.00,13.0,PTX ISA 9.3 / CUDA 13.0,1575.000,,,,bf16,128,64,16,32,128,50,0,discard,same,2,2,32,1,nocount,sw64,sw64,16,16,16,0,128,0,64,none,0,none,0,4,20,3561978.0,2261.5733333333333,,,,,6144,,9.495529578228725,,,0,0.0,1,bf14b28d2af4128daa99f23eec8a5e105636d0b04136f8be580fdc39d6f1f97d,; UTCHMMA=21;UTCHMMA_WS=16;UTCBAR=1;UTCATOMSWS=3;SYNCS_TRYWAIT=8;LDS=21;LDG=9;ptx_tcgen05_mma=21;ptx_tcgen05_mma_ws=16;ptx_tcgen05_commit=1;ptx_tcgen05_alloc=1;ptx_tcgen05_dealloc=1;ptx_tcgen05_ld=5;ptx_tcgen05_st=5;ptx_mbarrier_wait=5;ptx_cp_async_tma=2;ptx_ld_shared=26;ptx_ld_global=7
07_config_matrix,cfg_bf16_m128n64k16_c128_sw64_discard_same,1,,NVIDIA Thor,11.0,580.00,13.0,PTX ISA 9.3 / CUDA 13.0,1575.000,,,,bf16,128,64,16,32,128,50,1,discard,same,2,2,32,1,nocount,sw64,sw64,16,16,16,0,128,0,64,none,0,none,0,4,20,3562216.0,2261.7244444444445,,,,,6144,,9.4948951596422,,,0,0.0,1,bf14b28d2af4128daa99f23eec8a5e105636d0b04136f8be580fdc39d6f1f97d,
07_config_matrix,cfg_bf16_m128n64k16_c128_sw64_discard_same,1,,NVIDIA Thor,11.0,580.00,13.0,PTX ISA 9.3 / CUDA 13.0,1575.000,,,,bf16,128,64,16,32,128,50,2,discard,same,2,2,32,1,nocount,sw64,sw64,16,16,16,0,128,0,64,none,0,none,0,4,20,3562216.0,2261.7244444444445,,,,,6144,,9.4948951596422,,,0,0.0,1,bf14b28d2af4128daa99f23eec8a5e105636d0b04136f8be580fdc39d6f1f97d,
07_config_matrix,cfg_bf16_m128n64k16_c128_sw64_discard_same,1,,NVIDIA Thor,11.0,580.00,13.0,PTX ISA 9.3 / CUDA 13.0,1575.000,,,,bf16,128,64,16,32,128,50,3,discard,same,2,2,32,1,nocount,sw64,sw64,16,16,16,0,128,0,64,none,0,none,0,4,20,3562214.0,2261.7231746031744,,,,,6144,,9.494900490537628,,,0,0.0,1,bf14b28d2af4128daa99f23eec8a5e105636d0b04136f8be580fdc39d6f1f97d,
07_config_matrix,cfg_bf16_m128n64k16_c128_sw64_discard_same,1,,NVIDIA Thor,11.0,580.00,13.0,PTX ISA 9.3 / CUDA 13.0,1575.000,,,,bf16,128,64,16,32,128,50,4,discard,same,2,2,32,1,nocount,sw64,sw64,16,16,16,0,128,0,64,none,0,none,0,4,20,3562216.0,2261.7244444444445,,,,,6144,,9.4948951596422,,,0,0.0,1,bf14b28d2af4128daa99f23eec8a5e105636d0b04136f8be580fdc39d6f1f97d,
07_config_matrix,cfg_bf16_m128n64k16_c512_none_fill_use_lastuse_pingpong,0,max_abs_error>0.25,NVIDIA Thor,11.0,580.00,13.0,PTX ISA 9.3 / CUDA 13.0,1575.000,,,,bf16,128,64,16,32,128,51,0,fill_use_lastuse,pingpong,8,8,32,1,nocount,none,none,16,16,16,0,512,0,64,none,0,none,0,4,20,3779296.0,2399.553015873016,,,,,6144,,8.949515321372022,,,0,0.83203125,1,bf14b28d2af4128daa99f23eec8a5e105636d0b04136f8be580fdc39d6f1f97d,; UTCHMMA=21;UTCHMMA_WS=16;UTCBAR=1;UTCATOMSWS=3;SYNCS_TRYWAIT=8;LDS=21;LDG=9;ptx_tcgen05_mma=21;ptx_tcgen05_mma_ws=16;ptx_tcgen05_commit=1;ptx_tcgen05_alloc=1;ptx_tcgen05_dealloc=1;ptx_tcgen05_ld=5;ptx_tcgen05_st=5;ptx_mbarrier_wait=5;ptx_cp_async_tma=2;ptx_ld_shared=26;ptx_ld_global=7
07_config_matrix,cfg_bf16_m128n64k16_c512_none_fill_use_lastuse_pingpong,0,max_abs_error>0.25,NVIDIA Thor,11.0,580.00,13.0,PTX ISA 9.3 / CUDA 13.0,1575.000,,,,bf16,128,64,16,32,128,51,1,fill_use_lastuse,pingpong,8,8,32,1,nocount,none,none,16,16,16,0,512,0,64,none,0,none,0,4,20,3779303.0,2399.5574603174605,,,,,6144,,8.949498745138984,,,0,0.83203125,1,bf14b28d2af4128daa99f23eec8a5e105636d0b04136f8be580fdc39d6f1f97d,
07_config_matrix,cfg_bf16_m128n64k16_c512_none_fill_use_lastuse_pingpong,0,max_abs_error>0.25,NVIDIA Thor,11.0,580.00,13.0,PTX ISA 9.3 / CUDA 13.0,1575.000,,,,bf16,128,64,16,32,128,51,2,fill_use_lastuse,pingpong,8,8,32,1,nocount,none,none,16,16,16,0,512,0,64,none,0,none,0,4,20,3779295.0,2399.5523809523806,,,,,6144,,8.949517689410326,,,0,0.83203125,1,bf14b28d2af4128daa99f23eec8a5e105636d0b04136f8be580fdc39d6f1f97d,
07_config_matrix,cfg_bf16_m128n64k16_c512_none_fill_use_lastuse_pingpong,0,max_abs_error>0.25,NVIDIA Thor,11.0,580.00,13.0,PTX ISA 9.3 / CUDA 13.0,1575.000,,,,bf16,128,64,16,32,128,51,3,fill_use_lastuse,pingpong,8,8,32,1,nocount,none,none,16,16,16,0,512,0,64,none,0,none,0,4,20,3779304.0,2399.558095238095,,,,,6144,,8.949496377110707,,,0,0.83203125,1,bf14b28d2af4128daa99f23eec8a5e105636d0b04136f8be580fdc39d6f1f97d,
07_config_matrix,cfg_bf16_m128n64k16_c512_none_fill_use_lastuse_pingpong,0,max_abs_error>0.25,NVIDIA Thor,11.0,580.00,13.0,PTX ISA 9.3 / CUDA 13.0,1575.000,,,,bf16,128,64,16,32,128,51,4,fill_use_lastuse,pingpong,8,8,32,1,nocount,none,none,16,16,16,0,512,0,64,none,0,none,0,4,20,3779304.0,2399.558095238095,,,,,6144,,8.949496377110707,,,0,0.83203125,1,bf14b28d2af4128daa99f23eec8a5e105636d0b04136f8be580fdc39d6f1f97d,
07_config_matrix,cfg_bf16_m128n64k16_c128_sw128_discard_same,1,,NVIDIA Thor,11.0,580.00,13.0,PTX ISA 9.3 / CUDA 13.0,1575.000,,,,bf16,128,64,16,32,128,52,0,discard,same,2,2,32,1,nocount,sw128,sw128,16,16,16,0,128,0,64,none,0,none,0,4,20,3678954.0,2335.84380952381,,,,,6144,,9.193609774952336,,,0,0.0,1,bf14b28d2af4128daa99f23eec8a5e105636d0b04136f8be580fdc39d6f1f97d,; UTCHMMA=21;UTCHMMA_WS=16;UTCBAR=1;UTCATOMSWS=3;SYNCS_TRYWAIT=8;LDS=21;LDG=9;ptx_tcgen05_mma=21;ptx_tcgen05_mma_ws=16;ptx_tcgen05_commit=1;ptx_tcgen05_alloc=1;ptx_tcgen05_dealloc=1;ptx_tcgen05_ld=5;ptx_tcgen05_st=5;ptx_mbarrier_wait=5;ptx_cp_async_tma=2;ptx_ld_shared=26;ptx_ld_global=7
07_config_matrix,cfg_bf16_m128n64k16_c128_sw128_discard_same,1,,NVIDIA Thor,11.0,580.00,13.0,PTX ISA 9.3 / CUDA 13.0,1575.000,,,,bf16,128,64,16,32,128,52,1,discard,same,2,2,32,1,nocount,sw128,sw128,16,16,16,0,128,0,64,none,0,none,0,4,20,3678963.0,2335.849523809524,,,,,6144,,9.193587284242872,,,0,0.0,1,bf14b28d2af4128daa99f23eec8a5e105636d0b04136f8be580fdc39d6f1f97d,
07_config_matrix,cfg_bf16_m128n64k16_c128_sw128_discard_same,1,,NVIDIA Thor,11.0,580.00,13.0,PTX ISA 9.3 / CUDA 13.0,1575.000,,,,bf16,128,64,16,32,128,52,2,discard,same,2,2,32,1,nocount,sw128,sw128,16,16,16,0,128,0,64,none,0,none,0,4,20,3678958.0,2335.8463492063493,,,,,6144,,9.193599779067878,,,0,0.0,1,bf14b28d2af4128daa99f23eec8a5e105636d0b04136f8be580fdc39d6f1f97d,
07_config_matrix,cfg_bf16_m128n64k16_c128_sw128_discard_same,1,,NVIDIA Thor,11.0,580.00,13.0,PTX ISA 9.3 / CUDA 13.0,1575.000,,,,bf16,128,64,16,32,128,52,3,discard,same,2,2,32,1,nocount,sw128,sw128,16,16,16,0,128,0,64,none,0,none,0,4,20,3678957.0,2335.845714285714,,,,,6144,,9.193602278036956,,,0,0.0,1,bf14b28d2af4128daa99f23eec8a5e105636d0b04136f8be580fdc39d6f1f97d,
07_config_matrix,cfg_bf16_m128n64k16_c128_sw128_discard_same,1,,NVIDIA Thor,11.0,580.00,13.0,PTX ISA 9.3 / CUDA 13.0,1575.000,,,,bf16,128,64,16,32,128,52,4,discard,same,2,2,32,1,nocount,sw128,sw128,16,16,16,0,128,0,64,none,0,none,0,4,20,3678962.0,2335.8488888888887,,,,,6144,,9.193589783205153,,,0,0.0,1,bf14b28d2af4128daa99f23eec8a5e105636d0b04136f8be580fdc39d6f1f97d,
07_config_matrix,cfg_fp16_m128n64k16_c128_none_fill_use_lastuse_same,0,max_abs_error>0.05,NVIDIA Thor,11.0,580.00,13.0,PTX ISA 9.3 / CUDA 13.0,1575.000,,,,fp16,128,64,16,32,128,53,0,fill_use_lastuse,same,2,2,32,1,nocount,none,none,16,16,16,0,128,0,64,none,0,none,0,4,20,3779298.0,2399.554285714286,,,,,6144,,8.949510585299175,,,0,0.83203125,1,bf14b28d2af4128daa99f23eec8a5e105636d0b04136f8be580fdc39d6f1f97d,; UTCHMMA=21;UTCHMMA_WS=16;UTCBAR=1;UTCATOMSWS=3;SYNCS_TRYWAIT=8;LDS=21;LDG=9;ptx_tcgen05_mma=21;ptx_tcgen05_mma_ws=16;ptx_tcgen05_commit=1;ptx_tcgen05_alloc=1;ptx_tcgen05_dealloc=1;ptx_tcgen05_ld=5;ptx_tcgen05_st=5;ptx_mbarrier_wait=5;ptx_cp_async_tma=2;ptx_ld_shared=26;ptx_ld_global=7
07_config_matrix,cfg_fp16_m128n64k16_c128_none_fill_use_lastuse_same,0,max_abs_error>0.05,NVIDIA Thor,11.0,580.00,13.0,PTX ISA 9.3 / CUDA 13.0,1575.000,,,,fp16,128,64,16,32,128,53,1,fill_use_lastuse,same,2,2,32,1,nocount,none,none,16,16,16,0,128,0,64,none,0,none,0,4,20,3779305.0,2399.55873015873,,,,,6144,,8.94949400908368,,,0,0.83203125,1,bf14b28d2af4128daa99f23eec8a5e105636d0b04136f8be580fdc39d6f1f97d,
07_config_matrix,cfg_fp16_m128n64k16_c128_none_fill_use_lastuse_same,0,max_abs_error>0.05,NVIDIA Thor,11.0,580.00,13.0,PTX ISA 9.3 / CUDA 13.0,1575.000,,,,fp16,128,64,16,32,128,53,2,fill_use_lastuse,same,2,2,32,1,nocount,none,none,16,16,16,0,128,0,64,none,0,none,0,4,20,3779304.0,2399.558095238095,,,,,6144,,8.949496377110707,,,0,0.83203125,1,bf14b28d2af4128daa99f23eec8a5e105636d0b04136f8be580fdc39d6f1f97d,
07_config_matrix,cfg_fp16_m128n64k16_c128_none_fill_use_lastuse_same,0,max_abs_error>0.05,NVIDIA Thor,11.0,580.00,13.0,PTX ISA 9.3 / CUDA 13.0,1575.000,,,,fp16,128,64,16,32,128,53,3,fill_use_lastuse,same,2,2,32,1,nocount,none,none,16,16,16,0,128,0,64,none,0,none,0,4,20,3779300.0,2399.555555555555,,,,,6144,,8.94950584923134,,,0,0.83203125,1,bf14b28d2af4128daa99f23eec8a5e105636d0b04136f8be580fdc39d6f1f97d,
07_config_matrix,cfg_fp16_m128n64k16_c128_none_fill_use_lastuse_same,0,max_abs_error>0.05,NVIDIA Thor,11.0,580.00,13.0,PTX ISA 9.3 / CUDA 13.0,1575.000,,,,fp16,128,64,16,32,128,53,4,fill_use_lastuse,same,2,2,32,1,nocount,none,none,16,16,16,0,128,0,64,none,0,none,0,4,20,3779295.0,2399.5523809523806,,,,,6144,,8.949517689410326,,,0,0.83203125,1,bf14b28d2af4128daa99f23eec8a5e105636d0b04136f8be580fdc39d6f1f97d,
07_config_matrix,cfg_bf16_m128n128k16_c256_sw32_fill_use_lastuse_pingpong,1,,NVIDIA Thor,11.0,580.00,13.0,PTX ISA 9.3 / CUDA 13.0,1575.000,,,,bf16,128,128,16,32,128,54,0,fill_use_lastuse,pingpong,2,2,32,1,nocount,sw32,sw32,16,16,16,0,256,0,128,none,0,none,0,4,20,3487605.0,2214.352380952381,,,,,8192,,19.39604253119261,,,0,0.0,1,bf14b28d2af4128daa99f23eec8a5e105636d0b04136f8be580fdc39d6f1f97d,; UTCHMMA=21;UTCHMMA_WS=16;UTCBAR=1;UTCATOMSWS=3;SYNCS_TRYWAIT=8;LDS=21;LDG=9;ptx_tcgen05_mma=21;ptx_tcgen05_mma_ws=16;ptx_tcgen05_commit=1;ptx_tcgen05_alloc=1;ptx_tcgen05_dealloc=1;ptx_tcgen05_ld=5;ptx_tcgen05_st=5;ptx_mbarrier_wait=5;ptx_cp_async_tma=2;ptx_ld_shared=26;ptx_ld_global=7
07_config_matrix,cfg_bf16_m128n128k16_c256_sw32_fill_use_lastuse_pingpong,1,,NVIDIA Thor,11.0,580.00,13.0,PTX ISA 9.3 / CUDA 13.0,1575.000,,,,bf16,128,128,16,32,128,54,1,fill_use_lastuse,pingpong,2,2,32,1,nocount,sw32,sw32,16,16,16,0,256,0,128,none,0,none,0,4,20,3487607.0,2214.353650793651,,,,,8192,,19.396031408355356,,,0,0.0,1,bf14b28d2af4128daa99f23eec8a5e105636d0b04136f8be580fdc39d6f1f97d,
07_config_matrix,cfg_bf16_m128n128k16_c256_sw32_fill_use_lastuse_pingpong,1,,NVIDIA Thor,11.0,580.00,13.0,PTX ISA 9.3 / CUDA 13.0,1575.000,,,,bf16,128,128,16,32,128,54,2,fill_use_lastuse,pingpong,2,2,32,1,nocount,sw32,sw32,16,16,16,0,256,0,128,none,0,none,0,4,20,3487611.0,2214.3561904761905,,,,,8192,,19.39600916271912,,,0,0.0,1,bf14b28d2af4128daa99f23eec8a5e105636d0b04136f8be580fdc39d6f1f97d,
07_config_matrix,cfg_bf16_m128n128k16_c256_sw32_fill_use_lastuse_pingpong,1,,NVIDIA Thor,11.0,580.00,13.0,PTX ISA 9.3 / CUDA 13.0,1575.000,,,,bf16,128,128,16,32,128,54,3,fill_use_lastuse,pingpong,2,2,32,1,nocount,sw32,sw32,16,16,16,0,256,0,128,none,0,none,0,4,20,3487610.0,2214.3555555555554,,,,,8192,,19.396014724123397,,,0,0.0,1,bf14b28d2af4128daa99f23eec8a5e105636d0b04136f8be580fdc39d6f1f97d,
07_config_matrix,cfg_bf16_m128n128k16_c256_sw32_fill_use_lastuse_pingpong,1,,NVIDIA Thor,11.0,580.00,13.0,PTX ISA 9.3 / CUDA 13.0,1575.000,,,,bf16,128,128,16,32,128,54,4,fill_use_lastuse,pingpong,2,2,32,1,nocount,sw32,sw32,16,16,16,0,256,0,128,none,0,none,0,4,20,3487602.0,2214.3504761904765,,,,,8192,,19.396059215472405,,,0,0.0,1,bf14b28d2af4128daa99f23eec8a5e105636d0b04136f8be580fdc39d6f1f97d,
07_config_matrix,cfg_bf16_m128n128k16_c256_sw32_discard_pingpong,1,,NVIDIA Thor,11.0,580.00,13.0,PTX ISA 9.3 / CUDA 13.0,1575.000,,,,bf16,128,128,16,32,128,55,0,discard,pingpong,2,2,32,1,nocount,sw32,sw32,16,16,16,0,256,0,128,none,0,none,0,4,20,3387621.0,2150.870476190476,,,,,8192,,19.968507371987602,,,0,0.0,1,bf14b28d2af4128daa99f23eec8a5e105636d0b04136f8be580fdc39d6f1f97d,; UTCHMMA=21;UTCHMMA_WS=16;UTCBAR=1;UTCATOMSWS=3;SYNCS_TRYWAIT=8;LDS=21;LDG=9;ptx_tcgen05_mma=21;ptx_tcgen05_mma_ws=16;ptx_tcgen05_commit=1;ptx_tcgen05_alloc=1;ptx_tcgen05_dealloc=1;ptx_tcgen05_ld=5;ptx_tcgen05_st=5;ptx_mbarrier_wait=5;ptx_cp_async_tma=2;ptx_ld_shared=26;ptx_ld_global=7
07_config_matrix,cfg_bf16_m128n128k16_c256_sw32_discard_pingpong,1,,NVIDIA Thor,11.0,580.00,13.0,PTX ISA 9.3 / CUDA 13.0,1575.000,,,,bf16,128,128,16,32,128,55,1,discard,pingpong,2,2,32,1,nocount,sw32,sw32,16,16,16,0,256,0,128,none,0,none,0,4,20,3387674.0,2150.9041269841273,,,,,8192,,19.968194965631284,,,0,0.0,1,bf14b28d2af4128daa99f23eec8a5e105636d0b04136f8be580fdc39d6f1f97d,
07_config_matrix,cfg_bf16_m128n128k16_c256_sw32_discard_pingpong,1,,NVIDIA Thor,11.0,580.00,13.0,PTX ISA 9.3 / CUDA 13.0,1575.000,,,,bf16,128,128,16,32,128,55,2,discard,pingpong,2,2,32,1,nocount,sw32,sw32,16,16,16,0,256,0,128,none,0,none,0,4,20,3387676.0,2150.905396825397,,,,,8192,,19.968183176903572,,,0,0.0,1,bf14b28d2af4128daa99f23eec8a5e105636d0b04136f8be580fdc39d6f1f97d,
07_config_matrix,cfg_bf16_m128n128k16_c256_sw32_discard_pingpong,1,,NVIDIA Thor,11.0,580.00,13.0,PTX ISA 9.3 / CUDA 13.0,1575.000,,,,bf16,128,128,16,32,128,55,3,discard,pingpong,2,2,32,1,nocount,sw32,sw32,16,16,16,0,256,0,128,none,0,none,0,4,20,3387617.0,2150.8679365079365,,,,,8192,,19.968530950222533,,,0,0.0,1,bf14b28d2af4128daa99f23eec8a5e105636d0b04136f8be580fdc39d6f1f97d,
07_config_matrix,cfg_bf16_m128n128k16_c256_sw32_discard_pingpong,1,,NVIDIA Thor,11.0,580.00,13.0,PTX ISA 9.3 / CUDA 13.0,1575.000,,,,bf16,128,128,16,32,128,55,4,discard,pingpong,2,2,32,1,nocount,sw32,sw32,16,16,16,0,256,0,128,none,0,none,0,4,20,3387625.0,2150.873015873016,,,,,8192,,19.968483793808346,,,0,0.0,1,bf14b28d2af4128daa99f23eec8a5e105636d0b04136f8be580fdc39d6f1f97d,
07_config_matrix,cfg_bf16_m128n64k16_c128_none_fill_use_lastuse_pingpong,0,max_abs_error>0.25,NVIDIA Thor,11.0,580.00,13.0,PTX ISA 9.3 / CUDA 13.0,1575.000,,,,bf16,128,64,16,32,128,56,0,fill_use_lastuse,pingpong,2,2,32,1,nocount,none,none,16,16,16,0,128,0,64,none,0,none,0,4,20,3779296.0,2399.553015873016,,,,,6144,,8.949515321372022,,,0,0.83203125,1,bf14b28d2af4128daa99f23eec8a5e105636d0b04136f8be580fdc39d6f1f97d,; UTCHMMA=21;UTCHMMA_WS=16;UTCBAR=1;UTCATOMSWS=3;SYNCS_TRYWAIT=8;LDS=21;LDG=9;ptx_tcgen05_mma=21;ptx_tcgen05_mma_ws=16;ptx_tcgen05_commit=1;ptx_tcgen05_alloc=1;ptx_tcgen05_dealloc=1;ptx_tcgen05_ld=5;ptx_tcgen05_st=5;ptx_mbarrier_wait=5;ptx_cp_async_tma=2;ptx_ld_shared=26;ptx_ld_global=7
07_config_matrix,cfg_bf16_m128n64k16_c128_none_fill_use_lastuse_pingpong,0,max_abs_error>0.25,NVIDIA Thor,11.0,580.00,13.0,PTX ISA 9.3 / CUDA 13.0,1575.000,,,,bf16,128,64,16,32,128,56,1,fill_use_lastuse,pingpong,2,2,32,1,nocount,none,none,16,16,16,0,128,0,64,none,0,none,0,4,20,3779298.0,2399.554285714286,,,,,6144,,8.949510585299175,,,0,0.83203125,1,bf14b28d2af4128daa99f23eec8a5e105636d0b04136f8be580fdc39d6f1f97d,
07_config_matrix,cfg_bf16_m128n64k16_c128_none_fill_use_lastuse_pingpong,0,max_abs_error>0.25,NVIDIA Thor,11.0,580.00,13.0,PTX ISA 9.3 / CUDA 13.0,1575.000,,,,bf16,128,64,16,32,128,56,2,fill_use_lastuse,pingpong,2,2,32,1,nocount,none,none,16,16,16,0,128,0,64,none,0,none,0,4,20,3779300.0,2399.555555555555,,,,,6144,,8.94950584923134,,,0,0.83203125,1,bf14b28d2af4128daa99f23eec8a5e105636d0b04136f8be580fdc39d6f1f97d,
07_config_matrix,cfg_bf16_m128n64k16_c128_none_fill_use_lastuse_pingpong,0,max_abs_error>0.25,NVIDIA Thor,11.0,580.00,13.0,PTX ISA 9.3 / CUDA 13.0,1575.000,,,,bf16,128,64,16,32,128,56,3,fill_use_lastuse,pingpong,2,2,32,1,nocount,none,none,16,16,16,0,128,0,64,none,0,none,0,4,20,3779304.0,2399.558095238095,,,,,6144,,8.949496377110707,,,0,0.83203125,1,bf14b28d2af4128daa99f23eec8a5e105636d0b04136f8be580fdc39d6f1f97d,
07_config_matrix,cfg_bf16_m128n64k16_c128_none_fill_use_lastuse_pingpong,0,max_abs_error>0.25,NVIDIA Thor,11.0,580.00,13.0,PTX ISA 9.3 / CUDA 13.0,1575.000,,,,bf16,128,64,16,32,128,56,4,fill_use_lastuse,pingpong,2,2,32,1,nocount,none,none,16,16,16,0,128,0,64,none,0,none,0,4,20,3779294.0,2399.551746031746,,,,,6144,,8.949520057449883,,,0,0.83203125,1,bf14b28d2af4128daa99f23eec8a5e105636d0b04136f8be580fdc39d6f1f97d,
07_config_matrix,cfg_bf16_m128n64k16_c128_sw32_fill_use_lastuse_same,1,,NVIDIA Thor,11.0,580.00,13.0,PTX ISA 9.3 / CUDA 13.0,1575.000,,,,bf16,128,64,16,32,128,57,0,fill_use_lastuse,same,2,2,32,1,nocount,sw32,sw32,16,16,16,0,128,0,64,none,0,none,0,4,20,3488013.0,2214.6114285714284,,,,,6144,,9.696886868254218,,,0,0.0,1,bf14b28d2af4128daa99f23eec8a5e105636d0b04136f8be580fdc39d6f1f97d,; UTCHMMA=21;UTCHMMA_WS=16;UTCBAR=1;UTCATOMSWS=3;SYNCS_TRYWAIT=8;LDS=21;LDG=9;ptx_tcgen05_mma=21;ptx_tcgen05_mma_ws=16;ptx_tcgen05_commit=1;ptx_tcgen05_alloc=1;ptx_tcgen05_dealloc=1;ptx_tcgen05_ld=5;ptx_tcgen05_st=5;ptx_mbarrier_wait=5;ptx_cp_async_tma=2;ptx_ld_shared=26;ptx_ld_global=7
07_config_matrix,cfg_bf16_m128n64k16_c128_sw32_fill_use_lastuse_same,1,,NVIDIA Thor,11.0,580.00,13.0,PTX ISA 9.3 / CUDA 13.0,1575.000,,,,bf16,128,64,16,32,128,57,1,fill_use_lastuse,same,2,2,32,1,nocount,sw32,sw32,16,16,16,0,128,0,64,none,0,none,0,4,20,3488015.0,2214.612698412698,,,,,6144,,9.696881308136577,,,0,0.0,1,bf14b28d2af4128daa99f23eec8a5e105636d0b04136f8be580fdc39d6f1f97d,
07_config_matrix,cfg_bf16_m128n64k16_c128_sw32_fill_use_lastuse_same,1,,NVIDIA Thor,11.0,580.00,13.0,PTX ISA 9.3 / CUDA 13.0,1575.000,,,,bf16,128,64,16,32,128,57,2,fill_use_lastuse,same,2,2,32,1,nocount,sw32,sw32,16,16,16,0,128,0,64,none,0,none,0,4,20,3488010.0,2214.6095238095236,,,,,6144,,9.696895208442637,,,0,0.0,1,bf14b28d2af4128daa99f23eec8a5e105636d0b04136f8be580fdc39d6f1f97d,
07_config_matrix,cfg_bf16_m128n64k16_c128_sw32_fill_use_lastuse_same,1,,NVIDIA Thor,11.0,580.00,13.0,PTX ISA 9.3 / CUDA 13.0,1575.000,,,,bf16,128,64,16,32,128,57,3,fill_use_lastuse,same,2,2,32,1,nocount,sw32,sw32,16,16,16,0,128,0,64,none,0,none,0,4,20,3488014.0,2214.6120634920635,,,,,6144,,9.696884088194599,,,0,0.0,1,bf14b28d2af4128daa99f23eec8a5e105636d0b04136f8be580fdc39d6f1f97d,
07_config_matrix,cfg_bf16_m128n64k16_c128_sw32_fill_use_lastuse_same,1,,NVIDIA Thor,11.0,580.00,13.0,PTX ISA 9.3 / CUDA 13.0,1575.000,,,,bf16,128,64,16,32,128,57,4,fill_use_lastuse,same,2,2,32,1,nocount,sw32,sw32,16,16,16,0,128,0,64,none,0,none,0,4,20,3488012.0,2214.6107936507938,,,,,6144,,9.69688964831543,,,0,0.0,1,bf14b28d2af4128daa99f23eec8a5e105636d0b04136f8be580fdc39d6f1f97d,
07_config_matrix,cfg_bf16_m128n256k16_c256_none_fill_use_lastuse_same,0,max_abs_error>0.25,NVIDIA Thor,11.0,580.00,13.0,PTX ISA 9.3 / CUDA 13.0,1575.000,,,,bf16,128,256,16,32,128,58,0,fill_use_lastuse,same,1,1,32,1,nocount,none,none,16,16,16,0,256,0,256,none,0,none,0,4,20,3282544.0,2084.1549206349205,,,,,12288,,41.21543224523418,,,0,0.83203125,1,bf14b28d2af4128daa99f23eec8a5e105636d0b04136f8be580fdc39d6f1f97d,; UTCHMMA=21;UTCHMMA_WS=16;UTCBAR=1;UTCATOMSWS=3;SYNCS_TRYWAIT=8;LDS=21;LDG=9;ptx_tcgen05_mma=21;ptx_tcgen05_mma_ws=16;ptx_tcgen05_commit=1;ptx_tcgen05_alloc=1;ptx_tcgen05_dealloc=1;ptx_tcgen05_ld=5;ptx_tcgen05_st=5;ptx_mbarrier_wait=5;ptx_cp_async_tma=2;ptx_ld_shared=26;ptx_ld_global=7
07_config_matrix,cfg_bf16_m128n256k16_c256_none_fill_use_lastuse_same,0,max_abs_error>0.25,NVIDIA Thor,11.0,580.00,13.0,PTX ISA 9.3 / CUDA 13.0,1575.000,,,,bf16,128,256,16,32,128,58,1,fill_use_lastuse,same,1,1,32,1,nocount,none,none,16,16,16,0,256,0,256,none,0,none,0,4,20,3282536.0,2084.149841269841,,,,,12288,,41.215532693015405,,,0,0.83203125,1,bf14b28d2af4128daa99f23eec8a5e105636d0b04136f8be580fdc39d6f1f97d,
07_config_matrix,cfg_bf16_m128n256k16_c256_none_fill_use_lastuse_same,0,max_abs_error>0.25,NVIDIA Thor,11.0,580.00,13.0,PTX ISA 9.3 / CUDA 13.0,1575.000,,,,bf16,128,256,16,32,128,58,2,fill_use_lastuse,same,1,1,32,1,nocount,none,none,16,16,16,0,256,0,256,none,0,none,0,4,20,3282540.0,2084.152380952381,,,,,12288,,41.215482469063595,,,0,0.83203125,1,bf14b28d2af4128daa99f23eec8a5e105636d0b04136f8be580fdc39d6f1f97d,
07_config_matrix,cfg_bf16_m128n256k16_c256_none_fill_use_lastuse_same,0,max_abs_error>0.25,NVIDIA Thor,11.0,580.00,13.0,PTX ISA 9.3 / CUDA 13.0,1575.000,,,,bf16,128,256,16,32,128,58,3,fill_use_lastuse,same,1,1,32,1,nocount,none,none,16,16,16,0,256,0,256,none,0,none,0,4,20,3282540.0,2084.152380952381,,,,,12288,,41.215482469063595,,,0,0.83203125,1,bf14b28d2af4128daa99f23eec8a5e105636d0b04136f8be580fdc39d6f1f97d,
07_config_matrix,cfg_bf16_m128n256k16_c256_none_fill_use_lastuse_same,0,max_abs_error>0.25,NVIDIA Thor,11.0,580.00,13.0,PTX ISA 9.3 / CUDA 13.0,1575.000,,,,bf16,128,256,16,32,128,58,4,fill_use_lastuse,same,1,1,32,1,nocount,none,none,16,16,16,0,256,0,256,none,0,none,0,4,20,3282549.0,2084.158095238095,,,,,12288,,41.21536946561955,,,0,0.83203125,1,bf14b28d2af4128daa99f23eec8a5e105636d0b04136f8be580fdc39d6f1f97d,
07_config_matrix,cfg_bf16_m128n64k16_c256_sw128_discard_pingpong,1,,NVIDIA Thor,11.0,580.00,13.0,PTX ISA 9.3 / CUDA 13.0,1575.000,,,,bf16,128,64,16,32,128,59,0,discard,pingpong,4,4,32,1,nocount,sw128,sw128,16,16,16,0,256,0,64,none,0,none,0,4,20,3678582.0,2335.607619047619,,,,,6144,,9.194539487226328,,,0,0.0,1,bf14b28d2af4128daa99f23eec8a5e105636d0b04136f8be580fdc39d6f1f97d,; UTCHMMA=21;UTCHMMA_WS=16;UTCBAR=1;UTCATOMSWS=3;SYNCS_TRYWAIT=8;LDS=21;LDG=9;ptx_tcgen05_mma=21;ptx_tcgen05_mma_ws=16;ptx_tcgen05_commit=1;ptx_tcgen05_alloc=1;ptx_tcgen05_dealloc=1;ptx_tcgen05_ld=5;ptx_tcgen05_st=5;ptx_mbarrier_wait=5;ptx_cp_async_tma=2;ptx_ld_shared=26;ptx_ld_global=7
07_config_matrix,cfg_bf16_m128n64k16_c256_sw128_discard_pingpong,1,,NVIDIA Thor,11.0,580.00,13.0,PTX ISA 9.3 / CUDA 13.0,1575.000,,,,bf16,128,64,16,32,128,59,1,discard,pingpong,4,4,32,1,nocount,sw128,sw128,16,16,16,0,256,0,64,none,0,none,0,4,20,3678585.0,2335.6095238095236,,,,,6144,,9.194531988794605,,,0,0.0,1,bf14b28d2af4128daa99f23eec8a5e105636d0b04136f8be580fdc39d6f1f97d,
07_config_matrix,cfg_bf16_m128n64k16_c256_sw128_discard_pingpong,1,,NVIDIA Thor,11.0,580.00,13.0,PTX ISA 9.3 / CUDA 13.0,1575.000,,,,bf16,128,64,16,32,128,59,2,discard,pingpong,4,4,32,1,nocount,sw128,sw128,16,16,16,0,256,0,64,none,0,none,0,4,20,3678589.0,2335.6120634920635,,,,,6144,,9.194521990904665,,,0,0.0,1,bf14b28d2af4128daa99f23eec8a5e105636d0b04136f8be580fdc39d6f1f97d,
07_config_matrix,cfg_bf16_m128n64k16_c256_sw128_discard_pingpong,1,,NVIDIA Thor,11.0,580.00,13.0,PTX ISA 9.3 / CUDA 13.0,1575.000,,,,bf16,128,64,16,32,128,59,3,discard,pingpong,4,4,32,1,nocount,sw128,sw128,16,16,16,0,256,0,64,none,0,none,0,4,20,3678581.0,2335.606984126984,,,,,6144,,9.194541986706287,,,0,0.0,1,bf14b28d2af4128daa99f23eec8a5e105636d0b04136f8be580fdc39d6f1f97d,
07_config_matrix,cfg_bf16_m128n64k16_c256_sw128_discard_pingpong,1,,NVIDIA Thor,11.0,580.00,13.0,PTX ISA 9.3 / CUDA 13.0,1575.000,,,,bf16,128,64,16,32,128,59,4,discard,pingpong,4,4,32,1,nocount,sw128,sw128,16,16,16,0,256,0,64,none,0,none,0,4,20,3678588.0,2335.6114285714284,,,,,6144,,9.19452449037511,,,0,0.0,1,bf14b28d2af4128daa99f23eec8a5e105636d0b04136f8be580fdc39d6f1f97d,
07_config_matrix,cfg_bf16_m128n64k16_c128_sw64_fill_use_lastuse_same,1,,NVIDIA Thor,11.0,580.00,13.0,PTX ISA 9.3 / CUDA 13.0,1575.000,,,,bf16,128,64,16,32,128,60,0,fill_use_lastuse,same,2,2,32,1,nocount,sw64,sw64,16,16,16,0,128,0,64,none,0,none,0,4,20,3664483.0,2326.655873015873,,,,,6144,,9.229915231152662,,,0,0.0,1,bf14b28d2af4128daa99f23eec8a5e105636d0b04136f8be580fdc39d6f1f97d,; UTCHMMA=21;UTCHMMA_WS=16;UTCBAR=1;UTCATOMSWS=3;SYNCS_TRYWAIT=8;LDS=21;LDG=9;ptx_tcgen05_mma=21;ptx_tcgen05_mma_ws=16;ptx_tcgen05_commit=1;ptx_tcgen05_alloc=1;ptx_tcgen05_dealloc=1;ptx_tcgen05_ld=5;ptx_tcgen05_st=5;ptx_mbarrier_wait=5;ptx_cp_async_tma=2;ptx_ld_shared=26;ptx_ld_global=7
07_config_matrix,cfg_bf16_m128n64k16_c128_sw64_fill_use_lastuse_same,1,,NVIDIA Thor,11.0,580.00,13.0,PTX ISA 9.3 / CUDA 13.0,1575.000,,,,bf16,128,64,16,32,128,60,1,fill_use_lastuse,same,2,2,32,1,nocount,sw64,sw64,16,16,16,0,128,0,64,none,0,none,0,4,20,3664591.0,2326.7244444444445,,,,,6144,,9.229643214208625,,,0,0.0,1,bf14b28d2af4128daa99f23eec8a5e105636d0b04136f8be580fdc39d6f1f97d,
07_config_matrix,cfg_bf16_m128n64k16_c128_sw64_fill_use_lastuse_same,1,,NVIDIA Thor,11.0,580.00,13.0,PTX ISA 9.3 / CUDA 13.0,1575.000,,,,bf16,128,64,16,32,128,60,2,fill_use_lastuse,same,2,2,32,1,nocount,sw64,sw64,16,16,16,0,128,0,64,none,0,none,0,4,20,3664590.0,2326.72380952381,,,,,6144,,9.229645732810491,,,0,0.0,1,bf14b28d2af4128daa99f23eec8a5e105636d0b04136f8be580fdc39d6f1f97d,
07_config_matrix,cfg_bf16_m128n64k16_c128_sw64_fill_use_lastuse_same,1,,NVIDIA Thor,11.0,580.00,13.0,PTX ISA 9.3 / CUDA 13.0,1575.000,,,,bf16,128,64,16,32,128,60,3,fill_use_lastuse,same,2,2,32,1,nocount,sw64,sw64,16,16,16,0,128,0,64,none,0,none,0,4,20,3664587.0,2326.7219047619046,,,,,6144,,9.22965328862434,,,0,0.0,1,bf14b28d2af4128daa99f23eec8a5e105636d0b04136f8be580fdc39d6f1f97d,
07_config_matrix,cfg_bf16_m128n64k16_c128_sw64_fill_use_lastuse_same,1,,NVIDIA Thor,11.0,580.00,13.0,PTX ISA 9.3 / CUDA 13.0,1575.000,,,,bf16,128,64,16,32,128,60,4,fill_use_lastuse,same,2,2,32,1,nocount,sw64,sw64,16,16,16,0,128,0,64,none,0,none,0,4,20,3664477.0,2326.6520634920635,,,,,6144,,9.229930343675237,,,0,0.0,1,bf14b28d2af4128daa99f23eec8a5e105636d0b04136f8be580fdc39d6f1f97d,
07_config_matrix,cfg_bf16_m128n256k16_c256_sw128_discard_pingpong,1,,NVIDIA Thor,11.0,580.00,13.0,PTX ISA 9.3 / CUDA 13.0,1575.000,,,,bf16,128,256,16,32,128,61,0,discard,pingpong,1,1,32,1,nocount,sw128,sw128,16,16,16,0,256,0,256,none,0,none,0,4,20,3181548.0,2020.0304761904763,,,,,12288,,42.52378710740808,,,0,0.0,1,bf14b28d2af4128daa99f23eec8a5e105636d0b04136f8be580fdc39d6f1f97d,; UTCHMMA=21;UTCHMMA_WS=16;UTCBAR=1;UTCATOMSWS=3;SYNCS_TRYWAIT=8;LDS=21;LDG=9;ptx_tcgen05_mma=21;ptx_tcgen05_mma_ws=16;ptx_tcgen05_commit=1;ptx_tcgen05_alloc=1;ptx_tcgen05_dealloc=1;ptx_tcgen05_ld=5;ptx_tcgen05_st=5;ptx_mbarrier_wait=5;ptx_cp_async_tma=2;ptx_ld_shared=26;ptx_ld_global=7
07_config_matrix,cfg_bf16_m128n256k16_c256_sw128_discard_pingpong,1,,NVIDIA Thor,11.0,580.00,13.0,PTX ISA 9.3 / CUDA 13.0,1575.000,,,,bf16,128,256,16,32,128,61,1,discard,pingpong,1,1,32,1,nocount,sw128,sw128,16,16,16,0,256,0,256,none,0,none,0,4,20,3181545.0,2020.0285714285712,,,,,12288,,42.523827204707146,,,0,0.0,1,bf14b28d2af4128daa99f23eec8a5e105636d0b04136f8be580fdc39d6f1f97d,
07_config_matrix,cfg_bf16_m128n256k16_c256_sw128_discard_pingpong,1,,NVIDIA Thor,11.0,580.00,13.0,PTX ISA 9.3 / CUDA 13.0,1575.000,,,,bf16,128,256,16,32,128,61,2,discard,pingpong,1,1,32,1,nocount,sw128,sw128,16,16,16,0,256,0,256,none,0,none,0,4,20,3181541.0,2020.0260317460318,,,,,12288,,42.52388066789018,,,0,0.0,1,bf14b28d2af4128daa99f23eec8a5e105636d0b04136f8be580fdc39d6f1f97d,
07_config_matrix,cfg_bf16_m128n256k16_c256_sw128_discard_pingpong,1,,NVIDIA Thor,11.0,580.00,13.0,PTX ISA 9.3 / CUDA 13.0,1575.000,,,,bf16,128,256,16,32,128,61,3,discard,pingpong,1,1,32,1,nocount,sw128,sw128,16,16,16,0,256,0,256,none,0,none,0,4,20,3181786.0,2020.1815873015873,,,,,12288,,42.52060629596082,,,0,0.0,1,bf14b28d2af4128daa99f23eec8a5e105636d0b04136f8be580fdc39d6f1f97d,
07_config_matrix,cfg_bf16_m128n256k16_c256_sw128_discard_pingpong,1,,NVIDIA Thor,11.0,580.00,13.0,PTX ISA 9.3 / CUDA 13.0,1575.000,,,,bf16,128,256,16,32,128,61,4,discard,pingpong,1,1,32,1,nocount,sw128,sw128,16,16,16,0,256,0,256,none,0,none,0,4,20,3181786.0,2020.1815873015873,,,,,12288,,42.52060629596082,,,0,0.0,1,bf14b28d2af4128daa99f23eec8a5e105636d0b04136f8be580fdc39d6f1f97d,
07_config_matrix,cfg_fp16_m128n128k16_c256_sw128_fill_use_lastuse_pingpong,1,,NVIDIA Thor,11.0,580.00,13.0,PTX ISA 9.3 / CUDA 13.0,1575.000,,,,fp16,128,128,16,32,128,62,0,fill_use_lastuse,pingpong,2,2,32,1,nocount,sw128,sw128,16,16,16,0,256,0,128,none,0,none,0,4,20,3779415.0,2399.6285714285714,,,,,8192,,17.898467067522354,,,0,0.0,1,bf14b28d2af4128daa99f23eec8a5e105636d0b04136f8be580fdc39d6f1f97d,; UTCHMMA=21;UTCHMMA_WS=16;UTCBAR=1;UTCATOMSWS=3;SYNCS_TRYWAIT=8;LDS=21;LDG=9;ptx_tcgen05_mma=21;ptx_tcgen05_mma_ws=16;ptx_tcgen05_commit=1;ptx_tcgen05_alloc=1;ptx_tcgen05_dealloc=1;ptx_tcgen05_ld=5;ptx_tcgen05_st=5;ptx_mbarrier_wait=5;ptx_cp_async_tma=2;ptx_ld_shared=26;ptx_ld_global=7
07_config_matrix,cfg_fp16_m128n128k16_c256_sw128_fill_use_lastuse_pingpong,1,,NVIDIA Thor,11.0,580.00,13.0,PTX ISA 9.3 / CUDA 13.0,1575.000,,,,fp16,128,128,16,32,128,62,1,fill_use_lastuse,pingpong,2,2,32,1,nocount,sw128,sw128,16,16,16,0,256,0,128,none,0,none,0,4,20,3779415.0,2399.6285714285714,,,,,8192,,17.898467067522354,,,0,0.0,1,bf14b28d2af4128daa99f23eec8a5e105636d0b04136f8be580fdc39d6f1f97d,
07_config_matrix,cfg_fp16_m128n128k16_c256_sw128_fill_use_lastuse_pingpong,1,,NVIDIA Thor,11.0,580.00,13.0,PTX ISA 9.3 / CUDA 13.0,1575.000,,,,fp16,128,128,16,32,128,62,2,fill_use_lastuse,pingpong,2,2,32,1,nocount,sw128,sw128,16,16,16,0,256,0,128,none,0,none,0,4,20,3779415.0,2399.6285714285714,,,,,8192,,17.898467067522354,,,0,0.0,1,bf14b28d2af4128daa99f23eec8a5e105636d0b04136f8be580fdc39d6f1f97d,
07_config_matrix,cfg_fp16_m128n128k16_c256_sw128_fill_use_lastuse_pingpong,1,,NVIDIA Thor,11.0,580.00,13.0,PTX ISA 9.3 / CUDA 13.0,1575.000,,,,fp16,128,128,16,32,128,62,3,fill_use_lastuse,pingpong,2,2,32,1,nocount,sw128,sw128,16,16,16,0,256,0,128,none,0,none,0,4,20,3779418.0,2399.630476190476,,,,,8192,,17.898452860202283,,,0,0.0,1,bf14b28d2af4128daa99f23eec8a5e105636d0b04136f8be580fdc39d6f1f97d,
07_config_matrix,cfg_fp16_m128n128k16_c256_sw128_fill_use_lastuse_pingpong,1,,NVIDIA Thor,11.0,580.00,13.0,PTX ISA 9.3 / CUDA 13.0,1575.000,,,,fp16,128,128,16,32,128,62,4,fill_use_lastuse,pingpong,2,2,32,1,nocount,sw128,sw128,16,16,16,0,256,0,128,none,0,none,0,4,20,3779417.0,2399.6298412698416,,,,,8192,,17.898457595973134,,,0,0.0,1,bf14b28d2af4128daa99f23eec8a5e105636d0b04136f8be580fdc39d6f1f97d,
07_config_matrix,cfg_fp16_m128n256k16_c256_none_discard_pingpong,0,max_abs_error>0.05,NVIDIA Thor,11.0,580.00,13.0,PTX ISA 9.3 / CUDA 13.0,1575.000,,,,fp16,128,256,16,32,128,63,0,discard,pingpong,1,1,32,1,nocount,none,none,16,16,16,0,256,0,256,none,0,none,0,4,20,3181547.0,2020.0298412698412,,,,,12288,,42.52380047316605,,,0,0.791015625,1,bf14b28d2af4128daa99f23eec8a5e105636d0b04136f8be580fdc39d6f1f97d,; UTCHMMA=21;UTCHMMA_WS=16;UTCBAR=1;UTCATOMSWS=3;SYNCS_TRYWAIT=8;LDS=21;LDG=9;ptx_tcgen05_mma=21;ptx_tcgen05_mma_ws=16;ptx_tcgen05_commit=1;ptx_tcgen05_alloc=1;ptx_tcgen05_dealloc=1;ptx_tcgen05_ld=5;ptx_tcgen05_st=5;ptx_mbarrier_wait=5;ptx_cp_async_tma=2;ptx_ld_shared=26;ptx_ld_global=7
07_config_matrix,cfg_fp16_m128n256k16_c256_none_discard_pingpong,0,max_abs_error>0.05,NVIDIA Thor,11.0,580.00,13.0,PTX ISA 9.3 / CUDA 13.0,1575.000,,,,fp16,128,256,16,32,128,63,1,discard,pingpong,1,1,32,1,nocount,none,none,16,16,16,0,256,0,256,none,0,none,0,4,20,3181542.0,2020.0266666666666,,,,,12288,,42.52386730208182,,,0,0.791015625,1,bf14b28d2af4128daa99f23eec8a5e105636d0b04136f8be580fdc39d6f1f97d,
07_config_matrix,cfg_fp16_m128n256k16_c256_none_discard_pingpong,0,max_abs_error>0.05,NVIDIA Thor,11.0,580.00,13.0,PTX ISA 9.3 / CUDA 13.0,1575.000,,,,fp16,128,256,16,32,128,63,2,discard,pingpong,1,1,32,1,nocount,none,none,16,16,16,0,256,0,256,none,0,none,0,4,20,3181796.0,2020.1879365079365,,,,,12288,,42.52047265883797,,,0,0.791015625,1,bf14b28d2af4128daa99f23eec8a5e105636d0b04136f8be580fdc39d6f1f97d,
07_config_matrix,cfg_fp16_m128n256k16_c256_none_discard_pingpong,0,max_abs_error>0.05,NVIDIA Thor,11.0,580.00,13.0,PTX ISA 9.3 / CUDA 13.0,1575.000,,,,fp16,128,256,16,32,128,63,3,discard,pingpong,1,1,32,1,nocount,none,none,16,16,16,0,256,0,256,none,0,none,0,4,20,3181549.0,2020.031111111111,,,,,12288,,42.523773741658545,,,0,0.791015625,1,bf14b28d2af4128daa99f23eec8a5e105636d0b04136f8be580fdc39d6f1f97d,
07_config_matrix,cfg_fp16_m128n256k16_c256_none_discard_pingpong,0,max_abs_error>0.05,NVIDIA Thor,11.0,580.00,13.0,PTX ISA 9.3 / CUDA 13.0,1575.000,,,,fp16,128,256,16,32,128,63,4,discard,pingpong,1,1,32,1,nocount,none,none,16,16,16,0,256,0,256,none,0,none,0,4,20,3181548.0,2020.0304761904763,,,,,12288,,42.52378710740808,,,0,0.791015625,1,bf14b28d2af4128daa99f23eec8a5e105636d0b04136f8be580fdc39d6f1f97d,
07_config_matrix,cfg_fp16_m128n128k16_c512_sw32_discard_pingpong,1,,NVIDIA Thor,11.0,580.00,13.0,PTX ISA 9.3 / CUDA 13.0,1575.000,,,,fp16,128,128,16,32,128,64,0,discard,pingpong,4,4,32,1,nocount,sw32,sw32,16,16,16,0,512,0,128,none,0,none,0,4,20,3387629.0,2150.8755555555554,,,,,8192,,19.96846021568477,,,0,0.0,1,bf14b28d2af4128daa99f23eec8a5e105636d0b04136f8be580fdc39d6f1f97d,; UTCHMMA=21;UTCHMMA_WS=16;UTCBAR=1;UTCATOMSWS=3;SYNCS_TRYWAIT=8;LDS=21;LDG=9;ptx_tcgen05_mma=21;ptx_tcgen05_mma_ws=16;ptx_tcgen05_commit=1;ptx_tcgen05_alloc=1;ptx_tcgen05_dealloc=1;ptx_tcgen05_ld=5;ptx_tcgen05_st=5;ptx_mbarrier_wait=5;ptx_cp_async_tma=2;ptx_ld_shared=26;ptx_ld_global=7
07_config_matrix,cfg_fp16_m128n128k16_c512_sw32_discard_pingpong,1,,NVIDIA Thor,11.0,580.00,13.0,PTX ISA 9.3 / CUDA 13.0,1575.000,,,,fp16,128,128,16,32,128,64,1,discard,pingpong,4,4,32,1,nocount,sw32,sw32,16,16,16,0,512,0,128,none,0,none,0,4,20,3387629.0,2150.8755555555554,,,,,8192,,19.96846021568477,,,0,0.0,1,bf14b28d2af4128daa99f23eec8a5e105636d0b04136f8be580fdc39d6f1f97d,
07_config_matrix,cfg_fp16_m128n128k16_c512_sw32_discard_pingpong,1,,NVIDIA Thor,11.0,580.00,13.0,PTX ISA 9.3 / CUDA 13.0,1575.000,,,,fp16,128,128,16,32,128,64,2,discard,pingpong,4,4,32,1,nocount,sw32,sw32,16,16,16,0,512,0,128,none,0,none,0,4,20,3387619.0,2150.8692063492067,,,,,8192,,19.9685191610981,,,0,0.0,1,bf14b28d2af4128daa99f23eec8a5e105636d0b04136f8be580fdc39d6f1f97d,
07_config_matrix,cfg_fp16_m128n128k16_c512_sw32_discard_pingpong,1,,NVIDIA Thor,11.0,580.00,13.0,PTX ISA 9.3 / CUDA 13.0,1575.000,,,,fp16,128,128,16,32,128,64,3,discard,pingpong,4,4,32,1,nocount,sw32,sw32,16,16,16,0,512,0,128,none,0,none,0,4,20,3387629.0,2150.8755555555554,,,,,8192,,19.96846021568477,,,0,0.0,1,bf14b28d2af4128daa99f23eec8a5e105636d0b04136f8be580fdc39d6f1f97d,
07_config_matrix,cfg_fp16_m128n128k16_c512_sw32_discard_pingpong,1,,NVIDIA Thor,11.0,580.00,13.0,PTX ISA 9.3 / CUDA 13.0,1575.000,,,,fp16,128,128,16,32,128,64,4,discard,pingpong,4,4,32,1,nocount,sw32,sw32,16,16,16,0,512,0,128,none,0,none,0,4,20,3387619.0,2150.8692063492067,,,,,8192,,19.9685191610981,,,0,0.0,1,bf14b28d2af4128daa99f23eec8a5e105636d0b04136f8be580fdc39d6f1f97d,
07_config_matrix,cfg_fp16_m128n64k16_c128_sw128_fill_use_lastuse_same,1,,NVIDIA Thor,11.0,580.00,13.0,PTX ISA 9.3 / CUDA 13.0,1575.000,,,,fp16,128,64,16,32,128,65,0,fill_use_lastuse,same,2,2,32,1,nocount,sw128,sw128,16,16,16,0,128,0,64,none,0,none,0,4,20,3779292.0,2399.5504761904763,,,,,6144,,8.949524793532756,,,0,0.0,1,bf14b28d2af4128daa99f23eec8a5e105636d0b04136f8be580fdc39d6f1f97d,; UTCHMMA=21;UTCHMMA_WS=16;UTCBAR=1;UTCATOMSWS=3;SYNCS_TRYWAIT=8;LDS=21;LDG=9;ptx_tcgen05_mma=21;ptx_tcgen05_mma_ws=16;ptx_tcgen05_commit=1;ptx_tcgen05_alloc=1;ptx_tcgen05_dealloc=1;ptx_tcgen05_ld=5;ptx_tcgen05_st=5;ptx_mbarrier_wait=5;ptx_cp_async_tma=2;ptx_ld_shared=26;ptx_ld_global=7
07_config_matrix,cfg_fp16_m128n64k16_c128_sw128_fill_use_lastuse_same,1,,NVIDIA Thor,11.0,580.00,13.0,PTX ISA 9.3 / CUDA 13.0,1575.000,,,,fp16,128,64,16,32,128,65,1,fill_use_lastuse,same,2,2,32,1,nocount,sw128,sw128,16,16,16,0,128,0,64,none,0,none,0,4,20,3779300.0,2399.555555555555,,,,,6144,,8.94950584923134,,,0,0.0,1,bf14b28d2af4128daa99f23eec8a5e105636d0b04136f8be580fdc39d6f1f97d,
07_config_matrix,cfg_fp16_m128n64k16_c128_sw128_fill_use_lastuse_same,1,,NVIDIA Thor,11.0,580.00,13.0,PTX ISA 9.3 / CUDA 13.0,1575.000,,,,fp16,128,64,16,32,128,65,2,fill_use_lastuse,same,2,2,32,1,nocount,sw128,sw128,16,16,16,0,128,0,64,none,0,none,0,4,20,3779291.0,2399.549841269841,,,,,6144,,8.949527161576075,,,0,0.0,1,bf14b28d2af4128daa99f23eec8a5e105636d0b04136f8be580fdc39d6f1f97d,
07_config_matrix,cfg_fp16_m128n64k16_c128_sw128_fill_use_lastuse_same,1,,NVIDIA Thor,11.0,580.00,13.0,PTX ISA 9.3 / CUDA 13.0,1575.000,,,,fp16,128,64,16,32,128,65,3,fill_use_lastuse,same,2,2,32,1,nocount,sw128,sw128,16,16,16,0,128,0,64,none,0,none,0,4,20,3779293.0,2399.551111111111,,,,,6144,,8.949522425490693,,,0,0.0,1,bf14b28d2af4128daa99f23eec8a5e105636d0b04136f8be580fdc39d6f1f97d,
07_config_matrix,cfg_fp16_m128n64k16_c128_sw128_fill_use_lastuse_same,1,,NVIDIA Thor,11.0,580.00,13.0,PTX ISA 9.3 / CUDA 13.0,1575.000,,,,fp16,128,64,16,32,128,65,4,fill_use_lastuse,same,2,2,32,1,nocount,sw128,sw128,16,16,16,0,128,0,64,none,0,none,0,4,20,3779301.0,2399.5561904761907,,,,,6144,,8.9495034811993,,,0,0.0,1,bf14b28d2af4128daa99f23eec8a5e105636d0b04136f8be580fdc39d6f1f97d,
07_config_matrix,cfg_bf16_m128n256k16_c512_sw128_discard_pingpong,1,,NVIDIA Thor,11.0,580.00,13.0,PTX ISA 9.3 / CUDA 13.0,1575.000,,,,bf16,128,256,16,32,128,66,0,discard,pingpong,2,2,32,1,nocount,sw128,sw128,16,16,16,0,512,0,256,none,0,none,0,4,20,3678180.0,2335.352380952381,,,,,12288,,36.78217755085395,,,0,0.0,1,bf14b28d2af4128daa99f23eec8a5e105636d0b04136f8be580fdc39d6f1f97d,; UTCHMMA=21;UTCHMMA_WS=16;UTCBAR=1;UTCATOMSWS=3;SYNCS_TRYWAIT=8;LDS=21;LDG=9;ptx_tcgen05_mma=21;ptx_tcgen05_mma_ws=16;ptx_tcgen05_commit=1;ptx_tcgen05_alloc=1;ptx_tcgen05_dealloc=1;ptx_tcgen05_ld=5;ptx_tcgen05_st=5;ptx_mbarrier_wait=5;ptx_cp_async_tma=2;ptx_ld_shared=26;ptx_ld_global=7
07_config_matrix,cfg_bf16_m128n256k16_c512_sw128_discard_pingpong,1,,NVIDIA Thor,11.0,580.00,13.0,PTX ISA 9.3 / CUDA 13.0,1575.000,,,,bf16,128,256,16,32,128,66,1,discard,pingpong,2,2,32,1,nocount,sw128,sw128,16,16,16,0,512,0,256,none,0,none,0,4,20,3678174.0,2335.348571428571,,,,,12288,,36.78223755156771,,,0,0.0,1,bf14b28d2af4128daa99f23eec8a5e105636d0b04136f8be580fdc39d6f1f97d,
07_config_matrix,cfg_bf16_m128n256k16_c512_sw128_discard_pingpong,1,,NVIDIA Thor,11.0,580.00,13.0,PTX ISA 9.3 / CUDA 13.0,1575.000,,,,bf16,128,256,16,32,128,66,2,discard,pingpong,2,2,32,1,nocount,sw128,sw128,16,16,16,0,512,0,256,none,0,none,0,4,20,3678178.0,2335.351111111111,,,,,12288,,36.78219755107013,,,0,0.0,1,bf14b28d2af4128daa99f23eec8a5e105636d0b04136f8be580fdc39d6f1f97d,
07_config_matrix,cfg_bf16_m128n256k16_c512_sw128_discard_pingpong,1,,NVIDIA Thor,11.0,580.00,13.0,PTX ISA 9.3 / CUDA 13.0,1575.000,,,,bf16,128,256,16,32,128,66,3,discard,pingpong,2,2,32,1,nocount,sw128,sw128,16,16,16,0,512,0,256,none,0,none,0,4,20,3678180.0,2335.352380952381,,,,,12288,,36.78217755085395,,,0,0.0,1,bf14b28d2af4128daa99f23eec8a5e105636d0b04136f8be580fdc39d6f1f97d,
07_config_matrix,cfg_bf16_m128n256k16_c512_sw128_discard_pingpong,1,,NVIDIA Thor,11.0,580.00,13.0,PTX ISA 9.3 / CUDA 13.0,1575.000,,,,bf16,128,256,16,32,128,66,4,discard,pingpong,2,2,32,1,nocount,sw128,sw128,16,16,16,0,512,0,256,none,0,none,0,4,20,3678182.0,2335.353650793651,,,,,12288,,36.78215755065954,,,0,0.0,1,bf14b28d2af4128daa99f23eec8a5e105636d0b04136f8be580fdc39d6f1f97d,
07_config_matrix,cfg_fp16_m128n256k16_c256_sw32_discard_pingpong,1,,NVIDIA Thor,11.0,580.00,13.0,PTX ISA 9.3 / CUDA 13.0,1575.000,,,,fp16,128,256,16,32,128,67,0,discard,pingpong,1,1,32,1,nocount,sw32,sw32,16,16,16,0,256,0,256,none,0,none,0,4,20,2891088.0,1835.6114285714286,,,,,12288,,46.79604004582358,,,0,0.0,1,bf14b28d2af4128daa99f23eec8a5e105636d0b04136f8be580fdc39d6f1f97d,; UTCHMMA=21;UTCHMMA_WS=16;UTCBAR=1;UTCATOMSWS=3;SYNCS_TRYWAIT=8;LDS=21;LDG=9;ptx_tcgen05_mma=21;ptx_tcgen05_mma_ws=16;ptx_tcgen05_commit=1;ptx_tcgen05_alloc=1;ptx_tcgen05_dealloc=1;ptx_tcgen05_ld=5;ptx_tcgen05_st=5;ptx_mbarrier_wait=5;ptx_cp_async_tma=2;ptx_ld_shared=26;ptx_ld_global=7
07_config_matrix,cfg_fp16_m128n256k16_c256_sw32_discard_pingpong,1,,NVIDIA Thor,11.0,580.00,13.0,PTX ISA 9.3 / CUDA 13.0,1575.000,,,,fp16,128,256,16,32,128,67,1,discard,pingpong,1,1,32,1,nocount,sw32,sw32,16,16,16,0,256,0,256,none,0,none,0,4,20,2891083.0,1835.608253968254,,,,,12288,,46.796120977502206,,,0,0.0,1,bf14b28d2af4128daa99f23eec8a5e105636d0b04136f8be580fdc39d6f1f97d,
07_config_matrix,cfg_fp16_m128n256k16_c256_sw32_discard_pingpong,1,,NVIDIA Thor,11.0,580.00,13.0,PTX ISA 9.3 / CUDA 13.0,1575.000,,,,fp16,128,256,16,32,128,67,2,discard,pingpong,1,1,32,1,nocount,sw32,sw32,16,16,16,0,256,0,256,none,0,none,0,4,20,2891093.0,1835.6146031746032,,,,,12288,,46.79595911442489,,,0,0.0,1,bf14b28d2af4128daa99f23eec8a5e105636d0b04136f8be580fdc39d6f1f97d,
07_config_matrix,cfg_fp16_m128n256k16_c256_sw32_discard_pingpong,1,,NVIDIA Thor,11.0,580.00,13.0,PTX ISA 9.3 / CUDA 13.0,1575.000,,,,fp16,128,256,16,32,128,67,3,discard,pingpong,1,1,32,1,nocount,sw32,sw32,16,16,16,0,256,0,256,none,0,none,0,4,20,2891083.0,1835.608253968254,,,,,12288,,46.796120977502206,,,0,0.0,1,bf14b28d2af4128daa99f23eec8a5e105636d0b04136f8be580fdc39d6f1f97d,
07_config_matrix,cfg_fp16_m128n256k16_c256_sw32_discard_pingpong,1,,NVIDIA Thor,11.0,580.00,13.0,PTX ISA 9.3 / CUDA 13.0,1575.000,,,,fp16,128,256,16,32,128,67,4,discard,pingpong,1,1,32,1,nocount,sw32,sw32,16,16,16,0,256,0,256,none,0,none,0,4,20,2891088.0,1835.6114285714286,,,,,12288,,46.79604004582358,,,0,0.0,1,bf14b28d2af4128daa99f23eec8a5e105636d0b04136f8be580fdc39d6f1f97d,
07_config_matrix,cfg_bf16_m128n64k16_c256_sw32_discard_same,1,,NVIDIA Thor,11.0,580.00,13.0,PTX ISA 9.3 / CUDA 13.0,1575.000,,,,bf16,128,64,16,32,128,68,0,discard,same,4,4,32,1,nocount,sw32,sw32,16,16,16,0,256,0,64,none,0,none,0,4,20,3387412.0,2150.737777777778,,,,,6144,,9.984869704659486,,,0,0.0,1,bf14b28d2af4128daa99f23eec8a5e105636d0b04136f8be580fdc39d6f1f97d,; UTCHMMA=21;UTCHMMA_WS=16;UTCBAR=1;UTCATOMSWS=3;SYNCS_TRYWAIT=8;LDS=21;LDG=9;ptx_tcgen05_mma=21;ptx_tcgen05_mma_ws=16;ptx_tcgen05_commit=1;ptx_tcgen05_alloc=1;ptx_tcgen05_dealloc=1;ptx_tcgen05_ld=5;ptx_tcgen05_st=5;ptx_mbarrier_wait=5;ptx_cp_async_tma=2;ptx_ld_shared=26;ptx_ld_global=7
07_config_matrix,cfg_bf16_m128n64k16_c256_sw32_discard_same,1,,NVIDIA Thor,11.0,580.00,13.0,PTX ISA 9.3 / CUDA 13.0,1575.000,,,,bf16,128,64,16,32,128,68,1,discard,same,4,4,32,1,nocount,sw32,sw32,16,16,16,0,256,0,64,none,0,none,0,4,20,3387484.0,2150.7834920634923,,,,,6144,,9.984657479120195,,,0,0.0,1,bf14b28d2af4128daa99f23eec8a5e105636d0b04136f8be580fdc39d6f1f97d,
07_config_matrix,cfg_bf16_m128n64k16_c256_sw32_discard_same,1,,NVIDIA Thor,11.0,580.00,13.0,PTX ISA 9.3 / CUDA 13.0,1575.000,,,,bf16,128,64,16,32,128,68,2,discard,same,4,4,32,1,nocount,sw32,sw32,16,16,16,0,256,0,64,none,0,none,0,4,20,3387484.0,2150.7834920634923,,,,,6144,,9.984657479120195,,,0,0.0,1,bf14b28d2af4128daa99f23eec8a5e105636d0b04136f8be580fdc39d6f1f97d,
07_config_matrix,cfg_bf16_m128n64k16_c256_sw32_discard_same,1,,NVIDIA Thor,11.0,580.00,13.0,PTX ISA 9.3 / CUDA 13.0,1575.000,,,,bf16,128,64,16,32,128,68,3,discard,same,4,4,32,1,nocount,sw32,sw32,16,16,16,0,256,0,64,none,0,none,0,4,20,3387371.0,2150.711746031746,,,,,6144,,9.984990559345285,,,0,0.0,1,bf14b28d2af4128daa99f23eec8a5e105636d0b04136f8be580fdc39d6f1f97d,
07_config_matrix,cfg_bf16_m128n64k16_c256_sw32_discard_same,1,,NVIDIA Thor,11.0,580.00,13.0,PTX ISA 9.3 / CUDA 13.0,1575.000,,,,bf16,128,64,16,32,128,68,4,discard,same,4,4,32,1,nocount,sw32,sw32,16,16,16,0,256,0,64,none,0,none,0,4,20,3387369.0,2150.710476190476,,,,,6144,,9.98499645477065,,,0,0.0,1,bf14b28d2af4128daa99f23eec8a5e105636d0b04136f8be580fdc39d6f1f97d,
07_config_matrix,cfg_bf16_m128n256k16_c512_sw64_fill_use_lastuse_pingpong,1,,NVIDIA Thor,11.0,580.00,13.0,PTX ISA 9.3 / CUDA 13.0,1575.000,,,,bf16,128,256,16,32,128,69,0,fill_use_lastuse,pingpong,2,2,32,1,nocount,sw64,sw64,16,16,16,0,512,0,256,none,0,none,0,4,20,3664482.0,2326.655238095238,,,,,12288,,36.91967099961195,,,0,0.0,1,bf14b28d2af4128daa99f23eec8a5e105636d0b04136f8be580fdc39d6f1f97d,; UTCHMMA=21;UTCHMMA_WS=16;UTCBAR=1;UTCATOMSWS=3;SYNCS_TRYWAIT=8;LDS=21;LDG=9;ptx_tcgen05_mma=21;ptx_tcgen05_mma_ws=16;ptx_tcgen05_commit=1;ptx_tcgen05_alloc=1;ptx_tcgen05_dealloc=1;ptx_tcgen05_ld=5;ptx_tcgen05_st=5;ptx_mbarrier_wait=5;ptx_cp_async_tma=2;ptx_ld_shared=26;ptx_ld_global=7
07_config_matrix,cfg_bf16_m128n256k16_c512_sw64_fill_use_lastuse_pingpong,1,,NVIDIA Thor,11.0,580.00,13.0,PTX ISA 9.3 / CUDA 13.0,1575.000,,,,bf16,128,256,16,32,128,69,1,fill_use_lastuse,pingpong,2,2,32,1,nocount,sw64,sw64,16,16,16,0,512,0,256,none,0,none,0,4,20,3664481.0,2326.6546031746034,,,,,12288,,36.91968107461875,,,0,0.0,1,bf14b28d2af4128daa99f23eec8a5e105636d0b04136f8be580fdc39d6f1f97d,
07_config_matrix,cfg_bf16_m128n256k16_c512_sw64_fill_use_lastuse_pingpong,1,,NVIDIA Thor,11.0,580.00,13.0,PTX ISA 9.3 / CUDA 13.0,1575.000,,,,bf16,128,256,16,32,128,69,2,fill_use_lastuse,pingpong,2,2,32,1,nocount,sw64,sw64,16,16,16,0,512,0,256,none,0,none,0,4,20,3664473.0,2326.6495238095235,,,,,12288,,36.919761674871125,,,0,0.0,1,bf14b28d2af4128daa99f23eec8a5e105636d0b04136f8be580fdc39d6f1f97d,
07_config_matrix,cfg_bf16_m128n256k16_c512_sw64_fill_use_lastuse_pingpong,1,,NVIDIA Thor,11.0,580.00,13.0,PTX ISA 9.3 / CUDA 13.0,1575.000,,,,bf16,128,256,16,32,128,69,3,fill_use_lastuse,pingpong,2,2,32,1,nocount,sw64,sw64,16,16,16,0,512,0,256,none,0,none,0,4,20,3664480.0,2326.6539682539683,,,,,12288,,36.91969114963105,,,0,0.0,1,bf14b28d2af4128daa99f23eec8a5e105636d0b04136f8be580fdc39d6f1f97d,
07_config_matrix,cfg_bf16_m128n256k16_c512_sw64_fill_use_lastuse_pingpong,1,,NVIDIA Thor,11.0,580.00,13.0,PTX ISA 9.3 / CUDA 13.0,1575.000,,,,bf16,128,256,16,32,128,69,4,fill_use_lastuse,pingpong,2,2,32,1,nocount,sw64,sw64,16,16,16,0,512,0,256,none,0,none,0,4,20,3664481.0,2326.6546031746034,,,,,12288,,36.91968107461875,,,0,0.0,1,bf14b28d2af4128daa99f23eec8a5e105636d0b04136f8be580fdc39d6f1f97d,
07_config_matrix,cfg_bf16_m128n128k16_c512_sw64_discard_same,1,,NVIDIA Thor,11.0,580.00,13.0,PTX ISA 9.3 / CUDA 13.0,1575.000,,,,bf16,128,128,16,32,128,70,0,discard,same,4,4,32,1,nocount,sw64,sw64,16,16,16,0,512,0,128,none,0,none,0,4,20,3562798.0,2262.093968253968,,,,,8192,,18.98668824670947,,,0,0.0,1,bf14b28d2af4128daa99f23eec8a5e105636d0b04136f8be580fdc39d6f1f97d,; UTCHMMA=21;UTCHMMA_WS=16;UTCBAR=1;UTCATOMSWS=3;SYNCS_TRYWAIT=8;LDS=21;LDG=9;ptx_tcgen05_mma=21;ptx_tcgen05_mma_ws=16;ptx_tcgen05_commit=1;ptx_tcgen05_alloc=1;ptx_tcgen05_dealloc=1;ptx_tcgen05_ld=5;ptx_tcgen05_st=5;ptx_mbarrier_wait=5;ptx_cp_async_tma=2;ptx_ld_shared=26;ptx_ld_global=7
07_config_matrix,cfg_bf16_m128n128k16_c512_sw64_discard_same,1,,NVIDIA Thor,11.0,580.00,13.0,PTX ISA 9.3 / CUDA 13.0,1575.000,,,,bf16,128,128,16,32,128,70,1,discard,same,4,4,32,1,nocount,sw64,sw64,16,16,16,0,512,0,128,none,0,none,0,4,20,3563102.0,2262.286984126984,,,,,8192,,18.985068323051095,,,0,0.0,1,bf14b28d2af4128daa99f23eec8a5e105636d0b04136f8be580fdc39d6f1f97d,
07_config_matrix,cfg_bf16_m128n128k16_c512_sw64_discard_same,1,,NVIDIA Thor,11.0,580.00,13.0,PTX ISA 9.3 / CUDA 13.0,1575.000,,,,bf16,128,128,16,32,128,70,2,discard,same,4,4,32,1,nocount,sw64,sw64,16,16,16,0,512,0,128,none,0,none,0,4,20,3563114.0,2262.2946031746033,,,,,8192,,18.985004384367155,,,0,0.0,1,bf14b28d2af4128daa99f23eec8a5e105636d0b04136f8be580fdc39d6f1f97d,
07_config_matrix,cfg_bf16_m128n128k16_c512_sw64_discard_same,1,,NVIDIA Thor,11.0,580.00,13.0,PTX ISA 9.3 / CUDA 13.0,1575.000,,,,bf16,128,128,16,32,128,70,3,discard,same,4,4,32,1,nocount,sw64,sw64,16,16,16,0,512,0,128,none,0,none,0,4,20,3563113.0,2262.293968253968,,,,,8192,,18.98500971257437,,,0,0.0,1,bf14b28d2af4128daa99f23eec8a5e105636d0b04136f8be580fdc39d6f1f97d,
07_config_matrix,cfg_bf16_m128n128k16_c512_sw64_discard_same,1,,NVIDIA Thor,11.0,580.00,13.0,PTX ISA 9.3 / CUDA 13.0,1575.000,,,,bf16,128,128,16,32,128,70,4,discard,same,4,4,32,1,nocount,sw64,sw64,16,16,16,0,512,0,128,none,0,none,0,4,20,3563111.0,2262.2926984126984,,,,,8192,,18.985020368997766,,,0,0.0,1,bf14b28d2af4128daa99f23eec8a5e105636d0b04136f8be580fdc39d6f1f97d,
07_config_matrix,cfg_bf16_m128n128k16_c256_sw32_discard_same,1,,NVIDIA Thor,11.0,580.00,13.0,PTX ISA 9.3 / CUDA 13.0,1575.000,,,,bf16,128,128,16,32,128,71,0,discard,same,2,2,32,1,nocount,sw32,sw32,16,16,16,0,256,0,128,none,0,none,0,4,20,3387620.0,2150.8698412698413,,,,,8192,,19.968513266541112,,,0,0.0,1,bf14b28d2af4128daa99f23eec8a5e105636d0b04136f8be580fdc39d6f1f97d,; UTCHMMA=21;UTCHMMA_WS=16;UTCBAR=1;UTCATOMSWS=3;SYNCS_TRYWAIT=8;LDS=21;LDG=9;ptx_tcgen05_mma=21;ptx_tcgen05_mma_ws=16;ptx_tcgen05_commit=1;ptx_tcgen05_alloc=1;ptx_tcgen05_dealloc=1;ptx_tcgen05_ld=5;ptx_tcgen05_st=5;ptx_mbarrier_wait=5;ptx_cp_async_tma=2;ptx_ld_shared=26;ptx_ld_global=7
07_config_matrix,cfg_bf16_m128n128k16_c256_sw32_discard_same,1,,NVIDIA Thor,11.0,580.00,13.0,PTX ISA 9.3 / CUDA 13.0,1575.000,,,,bf16,128,128,16,32,128,71,1,discard,same,2,2,32,1,nocount,sw32,sw32,16,16,16,0,256,0,128,none,0,none,0,4,20,3387620.0,2150.8698412698413,,,,,8192,,19.968513266541112,,,0,0.0,1,bf14b28d2af4128daa99f23eec8a5e105636d0b04136f8be580fdc39d6f1f97d,
07_config_matrix,cfg_bf16_m128n128k16_c256_sw32_discard_same,1,,NVIDIA Thor,11.0,580.00,13.0,PTX ISA 9.3 / CUDA 13.0,1575.000,,,,bf16,128,128,16,32,128,71,2,discard,same,2,2,32,1,nocount,sw32,sw32,16,16,16,0,256,0,128,none,0,none,0,4,20,3387622.0,2150.871111111111,,,,,8192,,19.968501477437567,,,0,0.0,1,bf14b28d2af4128daa99f23eec8a5e105636d0b04136f8be580fdc39d6f1f97d,
07_config_matrix,cfg_bf16_m128n128k16_c256_sw32_discard_same,1,,NVIDIA Thor,11.0,580.00,13.0,PTX ISA 9.3 / CUDA 13.0,1575.000,,,,bf16,128,128,16,32,128,71,3,discard,same,2,2,32,1,nocount,sw32,sw32,16,16,16,0,256,0,128,none,0,none,0,4,20,3387615.0,2150.866666666667,,,,,8192,,19.968542739360878,,,0,0.0,1,bf14b28d2af4128daa99f23eec8a5e105636d0b04136f8be580fdc39d6f1f97d,
07_config_matrix,cfg_bf16_m128n128k16_c256_sw32_discard_same,1,,NVIDIA Thor,11.0,580.00,13.0,PTX ISA 9.3 / CUDA 13.0,1575.000,,,,bf16,128,128,16,32,128,71,4,discard,same,2,2,32,1,nocount,sw32,sw32,16,16,16,0,256,0,128,none,0,none,0,4,20,3387628.0,2150.8749206349207,,,,,8192,,19.968466110210446,,,0,0.0,1,bf14b28d2af4128daa99f23eec8a5e105636d0b04136f8be580fdc39d6f1f97d,
07_config_matrix,cfg_fp16_m128n256k16_c256_sw64_fill_use_lastuse_same,1,,NVIDIA Thor,11.0,580.00,13.0,PTX ISA 9.3 / CUDA 13.0,1575.000,,,,fp16,128,256,16,32,128,72,0,fill_use_lastuse,same,1,1,32,1,nocount,sw64,sw64,16,16,16,0,256,0,256,none,0,none,0,4,20,3167858.0,2011.3384126984129,,,,,12288,,42.70755501793325,,,0,0.0,1,bf14b28d2af4128daa99f23eec8a5e105636d0b04136f8be580fdc39d6f1f97d,; UTCHMMA=21;UTCHMMA_WS=16;UTCBAR=1;UTCATOMSWS=3;SYNCS_TRYWAIT=8;LDS=21;LDG=9;ptx_tcgen05_mma=21;ptx_tcgen05_mma_ws=16;ptx_tcgen05_commit=1;ptx_tcgen05_alloc=1;ptx_tcgen05_dealloc=1;ptx_tcgen05_ld=5;ptx_tcgen05_st=5;ptx_mbarrier_wait=5;ptx_cp_async_tma=2;ptx_ld_shared=26;ptx_ld_global=7
07_config_matrix,cfg_fp16_m128n256k16_c256_sw64_fill_use_lastuse_same,1,,NVIDIA Thor,11.0,580.00,13.0,PTX ISA 9.3 / CUDA 13.0,1575.000,,,,fp16,128,256,16,32,128,72,1,fill_use_lastuse,same,1,1,32,1,nocount,sw64,sw64,16,16,16,0,256,0,256,none,0,none,0,4,20,3167856.0,2011.337142857143,,,,,12288,,42.70758198099913,,,0,0.0,1,bf14b28d2af4128daa99f23eec8a5e105636d0b04136f8be580fdc39d6f1f97d,
07_config_matrix,cfg_fp16_m128n256k16_c256_sw64_fill_use_lastuse_same,1,,NVIDIA Thor,11.0,580.00,13.0,PTX ISA 9.3 / CUDA 13.0,1575.000,,,,fp16,128,256,16,32,128,72,2,fill_use_lastuse,same,1,1,32,1,nocount,sw64,sw64,16,16,16,0,256,0,256,none,0,none,0,4,20,3167852.0,2011.3346031746032,,,,,12288,,42.70763590723304,,,0,0.0,1,bf14b28d2af4128daa99f23eec8a5e105636d0b04136f8be580fdc39d6f1f97d,
07_config_matrix,cfg_fp16_m128n256k16_c256_sw64_fill_use_lastuse_same,1,,NVIDIA Thor,11.0,580.00,13.0,PTX ISA 9.3 / CUDA 13.0,1575.000,,,,fp16,128,256,16,32,128,72,3,fill_use_lastuse,same,1,1,32,1,nocount,sw64,sw64,16,16,16,0,256,0,256,none,0,none,0,4,20,3167864.0,2011.342222222222,,,,,12288,,42.707474128939886,,,0,0.0,1,bf14b28d2af4128daa99f23eec8a5e105636d0b04136f8be580fdc39d6f1f97d,
07_config_matrix,cfg_fp16_m128n256k16_c256_sw64_fill_use_lastuse_same,1,,NVIDIA Thor,11.0,580.00,13.0,PTX ISA 9.3 / CUDA 13.0,1575.000,,,,fp16,128,256,16,32,128,72,4,fill_use_lastuse,same,1,1,32,1,nocount,sw64,sw64,16,16,16,0,256,0,256,none,0,none,0,4,20,3167858.0,2011.3384126984129,,,,,12288,,42.70755501793325,,,0,0.0,1,bf14b28d2af4128daa99f23eec8a5e105636d0b04136f8be580fdc39d6f1f97d,
07_config_matrix,cfg_fp16_m128n128k16_c512_sw64_fill_use_lastuse_same,1,,NVIDIA Thor,11.0,580.00,13.0,PTX ISA 9.3 / CUDA 13.0,1575.000,,,,fp16,128,128,16,32,128,73,0,fill_use_lastuse,same,4,4,32,1,nocount,sw64,sw64,16,16,16,0,512,0,128,none,0,none,0,4,20,3664481.0,2326.6546031746034,,,,,8192,,18.459840537309375,,,0,0.0,1,bf14b28d2af4128daa99f23eec8a5e105636d0b04136f8be580fdc39d6f1f97d,; UTCHMMA=21;UTCHMMA_WS=16;UTCBAR=1;UTCATOMSWS=3;SYNCS_TRYWAIT=8;LDS=21;LDG=9;ptx_tcgen05_mma=21;ptx_tcgen05_mma_ws=16;ptx_tcgen05_commit=1;ptx_tcgen05_alloc=1;ptx_tcgen05_dealloc=1;ptx_tcgen05_ld=5;ptx_tcgen05_st=5;ptx_mbarrier_wait=5;ptx_cp_async_tma=2;ptx_ld_shared=26;ptx_ld_global=7
07_config_matrix,cfg_fp16_m128n128k16_c512_sw64_fill_use_lastuse_same,1,,NVIDIA Thor,11.0,580.00,13.0,PTX ISA 9.3 / CUDA 13.0,1575.000,,,,fp16,128,128,16,32,128,73,1,fill_use_lastuse,same,4,4,32,1,nocount,sw64,sw64,16,16,16,0,512,0,128,none,0,none,0,4,20,3664586.0,2326.72126984127,,,,,8192,,18.459311614463406,,,0,0.0,1,bf14b28d2af4128daa99f23eec8a5e105636d0b04136f8be580fdc39d6f1f97d,
07_config_matrix,cfg_fp16_m128n128k16_c512_sw64_fill_use_lastuse_same,1,,NVIDIA Thor,11.0,580.00,13.0,PTX ISA 9.3 / CUDA 13.0,1575.000,,,,fp16,128,128,16,32,128,73,2,fill_use_lastuse,same,4,4,32,1,nocount,sw64,sw64,16,16,16,0,512,0,128,none,0,none,0,4,20,3664484.0,2326.6565079365078,,,,,8192,,18.459825424807423,,,0,0.0,1,bf14b28d2af4128daa99f23eec8a5e105636d0b04136f8be580fdc39d6f1f97d,
07_config_matrix,cfg_fp16_m128n128k16_c512_sw64_fill_use_lastuse_same,1,,NVIDIA Thor,11.0,580.00,13.0,PTX ISA 9.3 / CUDA 13.0,1575.000,,,,fp16,128,128,16,32,128,73,3,fill_use_lastuse,same,4,4,32,1,nocount,sw64,sw64,16,16,16,0,512,0,128,none,0,none,0,4,20,3664487.0,2326.658412698413,,,,,8192,,18.459810312330212,,,0,0.0,1,bf14b28d2af4128daa99f23eec8a5e105636d0b04136f8be580fdc39d6f1f97d,
07_config_matrix,cfg_fp16_m128n128k16_c512_sw64_fill_use_lastuse_same,1,,NVIDIA Thor,11.0,580.00,13.0,PTX ISA 9.3 / CUDA 13.0,1575.000,,,,fp16,128,128,16,32,128,73,4,fill_use_lastuse,same,4,4,32,1,nocount,sw64,sw64,16,16,16,0,512,0,128,none,0,none,0,4,20,3664481.0,2326.6546031746034,,,,,8192,,18.459840537309375,,,0,0.0,1,bf14b28d2af4128daa99f23eec8a5e105636d0b04136f8be580fdc39d6f1f97d,
07_config_matrix,cfg_bf16_m128n256k16_c256_sw32_fill_use_lastuse_same,1,,NVIDIA Thor,11.0,580.00,13.0,PTX ISA 9.3 / CUDA 13.0,1575.000,,,,bf16,128,256,16,32,128,74,0,fill_use_lastuse,same,1,1,32,1,nocount,sw32,sw32,16,16,16,0,256,0,256,none,0,none,0,4,20,2991484.0,1899.3549206349205,,,,,12288,,45.22553683188679,,,0,0.0,1,bf14b28d2af4128daa99f23eec8a5e105636d0b04136f8be580fdc39d6f1f97d,; UTCHMMA=21;UTCHMMA_WS=16;UTCBAR=1;UTCATOMSWS=3;SYNCS_TRYWAIT=8;LDS=21;LDG=9;ptx_tcgen05_mma=21;ptx_tcgen05_mma_ws=16;ptx_tcgen05_commit=1;ptx_tcgen05_alloc=1;ptx_tcgen05_dealloc=1;ptx_tcgen05_ld=5;ptx_tcgen05_st=5;ptx_mbarrier_wait=5;ptx_cp_async_tma=2;ptx_ld_shared=26;ptx_ld_global=7
07_config_matrix,cfg_bf16_m128n256k16_c256_sw32_fill_use_lastuse_same,1,,NVIDIA Thor,11.0,580.00,13.0,PTX ISA 9.3 / CUDA 13.0,1575.000,,,,bf16,128,256,16,32,128,74,1,fill_use_lastuse,same,1,1,32,1,nocount,sw32,sw32,16,16,16,0,256,0,256,none,0,none,0,4,20,2991470.0,1899.3460317460317,,,,,12288,,45.22574848619575,,,0,0.0,1,bf14b28d2af4128daa99f23eec8a5e105636d0b04136f8be580fdc39d6f1f97d,
07_config_matrix,cfg_bf16_m128n256k16_c256_sw32_fill_use_lastuse_same,1,,NVIDIA Thor,11.0,580.00,13.0,PTX ISA 9.3 / CUDA 13.0,1575.000,,,,bf16,128,256,16,32,128,74,2,fill_use_lastuse,same,1,1,32,1,nocount,sw32,sw32,16,16,16,0,256,0,256,none,0,none,0,4,20,2991483.0,1899.3542857142859,,,,,12288,,45.225551949986006,,,0,0.0,1,bf14b28d2af4128daa99f23eec8a5e105636d0b04136f8be580fdc39d6f1f97d,
07_config_matrix,cfg_bf16_m128n256k16_c256_sw32_fill_use_lastuse_same,1,,NVIDIA Thor,11.0,580.00,13.0,PTX ISA 9.3 / CUDA 13.0,1575.000,,,,bf16,128,256,16,32,128,74,3,fill_use_lastuse,same,1,1,32,1,nocount,sw32,sw32,16,16,16,0,256,0,256,none,0,none,0,4,20,2991483.0,1899.3542857142859,,,,,12288,,45.225551949986006,,,0,0.0,1,bf14b28d2af4128daa99f23eec8a5e105636d0b04136f8be580fdc39d6f1f97d,
07_config_matrix,cfg_bf16_m128n256k16_c256_sw32_fill_use_lastuse_same,1,,NVIDIA Thor,11.0,580.00,13.0,PTX ISA 9.3 / CUDA 13.0,1575.000,,,,bf16,128,256,16,32,128,74,4,fill_use_lastuse,same,1,1,32,1,nocount,sw32,sw32,16,16,16,0,256,0,256,none,0,none,0,4,20,2991484.0,1899.3549206349205,,,,,12288,,45.22553683188679,,,0,0.0,1,bf14b28d2af4128daa99f23eec8a5e105636d0b04136f8be580fdc39d6f1f97d,
07_config_matrix,cfg_bf16_m128n128k16_c256_sw32_fill_use_lastuse_same,1,,NVIDIA Thor,11.0,580.00,13.0,PTX ISA 9.3 / CUDA 13.0,1575.000,,,,bf16,128,128,16,32,128,75,0,fill_use_lastuse,same,2,2,32,1,nocount,sw32,sw32,16,16,16,0,256,0,128,none,0,none,0,4,20,3487606.0,2214.353015873016,,,,,8192,,19.396036969772386,,,0,0.0,1,bf14b28d2af4128daa99f23eec8a5e105636d0b04136f8be580fdc39d6f1f97d,; UTCHMMA=21;UTCHMMA_WS=16;UTCBAR=1;UTCATOMSWS=3;SYNCS_TRYWAIT=8;LDS=21;LDG=9;ptx_tcgen05_mma=21;ptx_tcgen05_mma_ws=16;ptx_tcgen05_commit=1;ptx_tcgen05_alloc=1;ptx_tcgen05_dealloc=1;ptx_tcgen05_ld=5;ptx_tcgen05_st=5;ptx_mbarrier_wait=5;ptx_cp_async_tma=2;ptx_ld_shared=26;ptx_ld_global=7
07_config_matrix,cfg_bf16_m128n128k16_c256_sw32_fill_use_lastuse_same,1,,NVIDIA Thor,11.0,580.00,13.0,PTX ISA 9.3 / CUDA 13.0,1575.000,,,,bf16,128,128,16,32,128,75,1,fill_use_lastuse,same,2,2,32,1,nocount,sw32,sw32,16,16,16,0,256,0,128,none,0,none,0,4,20,3487610.0,2214.3555555555554,,,,,8192,,19.396014724123397,,,0,0.0,1,bf14b28d2af4128daa99f23eec8a5e105636d0b04136f8be580fdc39d6f1f97d,
07_config_matrix,cfg_bf16_m128n128k16_c256_sw32_fill_use_lastuse_same,1,,NVIDIA Thor,11.0,580.00,13.0,PTX ISA 9.3 / CUDA 13.0,1575.000,,,,bf16,128,128,16,32,128,75,2,fill_use_lastuse,same,2,2,32,1,nocount,sw32,sw32,16,16,16,0,256,0,128,none,0,none,0,4,20,3487606.0,2214.353015873016,,,,,8192,,19.396036969772386,,,0,0.0,1,bf14b28d2af4128daa99f23eec8a5e105636d0b04136f8be580fdc39d6f1f97d,
07_config_matrix,cfg_bf16_m128n128k16_c256_sw32_fill_use_lastuse_same,1,,NVIDIA Thor,11.0,580.00,13.0,PTX ISA 9.3 / CUDA 13.0,1575.000,,,,bf16,128,128,16,32,128,75,3,fill_use_lastuse,same,2,2,32,1,nocount,sw32,sw32,16,16,16,0,256,0,128,none,0,none,0,4,20,3487603.0,2214.351111111111,,,,,8192,,19.39605365404262,,,0,0.0,1,bf14b28d2af4128daa99f23eec8a5e105636d0b04136f8be580fdc39d6f1f97d,
07_config_matrix,cfg_bf16_m128n128k16_c256_sw32_fill_use_lastuse_same,1,,NVIDIA Thor,11.0,580.00,13.0,PTX ISA 9.3 / CUDA 13.0,1575.000,,,,bf16,128,128,16,32,128,75,4,fill_use_lastuse,same,2,2,32,1,nocount,sw32,sw32,16,16,16,0,256,0,128,none,0,none,0,4,20,3487608.0,2214.3542857142857,,,,,8192,,19.396025846941516,,,0,0.0,1,bf14b28d2af4128daa99f23eec8a5e105636d0b04136f8be580fdc39d6f1f97d,
07_config_matrix,cfg_bf16_m128n128k16_c128_sw64_fill_use_lastuse_same,1,,NVIDIA Thor,11.0,580.00,13.0,PTX ISA 9.3 / CUDA 13.0,1575.000,,,,bf16,128,128,16,32,128,76,0,fill_use_lastuse,same,1,1,32,1,nocount,sw64,sw64,16,16,16,0,128,0,128,none,0,none,0,4,20,3168612.0,2011.8171428571427,,,,,8192,,21.34869618369179,,,0,0.0,1,bf14b28d2af4128daa99f23eec8a5e105636d0b04136f8be580fdc39d6f1f97d,; UTCHMMA=21;UTCHMMA_WS=16;UTCBAR=1;UTCATOMSWS=3;SYNCS_TRYWAIT=8;LDS=21;LDG=9;ptx_tcgen05_mma=21;ptx_tcgen05_mma_ws=16;ptx_tcgen05_commit=1;ptx_tcgen05_alloc=1;ptx_tcgen05_dealloc=1;ptx_tcgen05_ld=5;ptx_tcgen05_st=5;ptx_mbarrier_wait=5;ptx_cp_async_tma=2;ptx_ld_shared=26;ptx_ld_global=7
07_config_matrix,cfg_bf16_m128n128k16_c128_sw64_fill_use_lastuse_same,1,,NVIDIA Thor,11.0,580.00,13.0,PTX ISA 9.3 / CUDA 13.0,1575.000,,,,bf16,128,128,16,32,128,76,1,fill_use_lastuse,same,1,1,32,1,nocount,sw64,sw64,16,16,16,0,128,0,128,none,0,none,0,4,20,3168615.0,2011.8190476190478,,,,,8192,,21.348675971047285,,,0,0.0,1,bf14b28d2af4128daa99f23eec8a5e105636d0b04136f8be580fdc39d6f1f97d,
07_config_matrix,cfg_bf16_m128n128k16_c128_sw64_fill_use_lastuse_same,1,,NVIDIA Thor,11.0,580.00,13.0,PTX ISA 9.3 / CUDA 13.0,1575.000,,,,bf16,128,128,16,32,128,76,2,fill_use_lastuse,same,1,1,32,1,nocount,sw64,sw64,16,16,16,0,128,0,128,none,0,none,0,4,20,3168621.0,2011.822857142857,,,,,8192,,21.34863554587311,,,0,0.0,1,bf14b28d2af4128daa99f23eec8a5e105636d0b04136f8be580fdc39d6f1f97d,
07_config_matrix,cfg_bf16_m128n128k16_c128_sw64_fill_use_lastuse_same,1,,NVIDIA Thor,11.0,580.00,13.0,PTX ISA 9.3 / CUDA 13.0,1575.000,,,,bf16,128,128,16,32,128,76,3,fill_use_lastuse,same,1,1,32,1,nocount,sw64,sw64,16,16,16,0,128,0,128,none,0,none,0,4,20,3168393.0,2011.6780952380955,,,,,8192,,21.350171810125826,,,0,0.0,1,bf14b28d2af4128daa99f23eec8a5e105636d0b04136f8be580fdc39d6f1f97d,
07_config_matrix,cfg_bf16_m128n128k16_c128_sw64_fill_use_lastuse_same,1,,NVIDIA Thor,11.0,580.00,13.0,PTX ISA 9.3 / CUDA 13.0,1575.000,,,,bf16,128,128,16,32,128,76,4,fill_use_lastuse,same,1,1,32,1,nocount,sw64,sw64,16,16,16,0,128,0,128,none,0,none,0,4,20,3168619.0,2011.8215873015872,,,,,8192,,21.34864902091416,,,0,0.0,1,bf14b28d2af4128daa99f23eec8a5e105636d0b04136f8be580fdc39d6f1f97d,
07_config_matrix,cfg_fp16_m128n128k16_c256_sw32_fill_use_lastuse_same,1,,NVIDIA Thor,11.0,580.00,13.0,PTX ISA 9.3 / CUDA 13.0,1575.000,,,,fp16,128,128,16,32,128,77,0,fill_use_lastuse,same,2,2,32,1,nocount,sw32,sw32,16,16,16,0,256,0,128,none,0,none,0,4,20,3487608.0,2214.3542857142857,,,,,8192,,19.396025846941516,,,0,0.0,1,bf14b28d2af4128daa99f23eec8a5e105636d0b04136f8be580fdc39d6f1f97d,; UTCHMMA=21;UTCHMMA_WS=16;UTCBAR=1;UTCATOMSWS=3;SYNCS_TRYWAIT=8;LDS=21;LDG=9;ptx_tcgen05_mma=21;ptx_tcgen05_mma_ws=16;ptx_tcgen05_commit=1;ptx_tcgen05_alloc=1;ptx_tcgen05_dealloc=1;ptx_tcgen05_ld=5;ptx_tcgen05_st=5;ptx_mbarrier_wait=5;ptx_cp_async_tma=2;ptx_ld_shared=26;ptx_ld_global=7
07_config_matrix,cfg_fp16_m128n128k16_c256_sw32_fill_use_lastuse_same,1,,NVIDIA Thor,11.0,580.00,13.0,PTX ISA 9.3 / CUDA 13.0,1575.000,,,,fp16,128,128,16,32,128,77,1,fill_use_lastuse,same,2,2,32,1,nocount,sw32,sw32,16,16,16,0,256,0,128,none,0,none,0,4,20,3487606.0,2214.353015873016,,,,,8192,,19.396036969772386,,,0,0.0,1,bf14b28d2af4128daa99f23eec8a5e105636d0b04136f8be580fdc39d6f1f97d,
07_config_matrix,cfg_fp16_m128n128k16_c256_sw32_fill_use_lastuse_same,1,,NVIDIA Thor,11.0,580.00,13.0,PTX ISA 9.3 / CUDA 13.0,1575.000,,,,fp16,128,128,16,32,128,77,2,fill_use_lastuse,same,2,2,32,1,nocount,sw32,sw32,16,16,16,0,256,0,128,none,0,none,0,4,20,3487601.0,2214.349841269841,,,,,8192,,19.396064776905387,,,0,0.0,1,bf14b28d2af4128daa99f23eec8a5e105636d0b04136f8be580fdc39d6f1f97d,
07_config_matrix,cfg_fp16_m128n128k16_c256_sw32_fill_use_lastuse_same,1,,NVIDIA Thor,11.0,580.00,13.0,PTX ISA 9.3 / CUDA 13.0,1575.000,,,,fp16,128,128,16,32,128,77,3,fill_use_lastuse,same,2,2,32,1,nocount,sw32,sw32,16,16,16,0,256,0,128,none,0,none,0,4,20,3487605.0,2214.352380952381,,,,,8192,,19.39604253119261,,,0,0.0,1,bf14b28d2af4128daa99f23eec8a5e105636d0b04136f8be580fdc39d6f1f97d,
07_config_matrix,cfg_fp16_m128n128k16_c256_sw32_fill_use_lastuse_same,1,,NVIDIA Thor,11.0,580.00,13.0,PTX ISA 9.3 / CUDA 13.0,1575.000,,,,fp16,128,128,16,32,128,77,4,fill_use_lastuse,same,2,2,32,1,nocount,sw32,sw32,16,16,16,0,256,0,128,none,0,none,0,4,20,3487606.0,2214.353015873016,,,,,8192,,19.396036969772386,,,0,0.0,1,bf14b28d2af4128daa99f23eec8a5e105636d0b04136f8be580fdc39d6f1f97d,
07_config_matrix,cfg_fp16_m128n128k16_c128_sw64_discard_same,1,,NVIDIA Thor,11.0,580.00,13.0,PTX ISA 9.3 / CUDA 13.0,1575.000,,,,fp16,128,128,16,32,128,78,0,discard,same,1,1,32,1,nocount,sw64,sw64,16,16,16,0,128,0,128,none,0,none,0,4,20,3067582.0,1947.6711111111113,,,,,8192,,22.05180983328237,,,0,0.0,1,bf14b28d2af4128daa99f23eec8a5e105636d0b04136f8be580fdc39d6f1f97d,; UTCHMMA=21;UTCHMMA_WS=16;UTCBAR=1;UTCATOMSWS=3;SYNCS_TRYWAIT=8;LDS=21;LDG=9;ptx_tcgen05_mma=21;ptx_tcgen05_mma_ws=16;ptx_tcgen05_commit=1;ptx_tcgen05_alloc=1;ptx_tcgen05_dealloc=1;ptx_tcgen05_ld=5;ptx_tcgen05_st=5;ptx_mbarrier_wait=5;ptx_cp_async_tma=2;ptx_ld_shared=26;ptx_ld_global=7
07_config_matrix,cfg_fp16_m128n128k16_c128_sw64_discard_same,1,,NVIDIA Thor,11.0,580.00,13.0,PTX ISA 9.3 / CUDA 13.0,1575.000,,,,fp16,128,128,16,32,128,78,1,discard,same,1,1,32,1,nocount,sw64,sw64,16,16,16,0,128,0,128,none,0,none,0,4,20,3067586.0,1947.6736507936507,,,,,8192,,22.051781078672285,,,0,0.0,1,bf14b28d2af4128daa99f23eec8a5e105636d0b04136f8be580fdc39d6f1f97d,
07_config_matrix,cfg_fp16_m128n128k16_c128_sw64_discard_same,1,,NVIDIA Thor,11.0,580.00,13.0,PTX ISA 9.3 / CUDA 13.0,1575.000,,,,fp16,128,128,16,32,128,78,2,discard,same,1,1,32,1,nocount,sw64,sw64,16,16,16,0,128,0,128,none,0,none,0,4,20,3067582.0,1947.6711111111113,,,,,8192,,22.05180983328237,,,0,0.0,1,bf14b28d2af4128daa99f23eec8a5e105636d0b04136f8be580fdc39d6f1f97d,
07_config_matrix,cfg_fp16_m128n128k16_c128_sw64_discard_same,1,,NVIDIA Thor,11.0,580.00,13.0,PTX ISA 9.3 / CUDA 13.0,1575.000,,,,fp16,128,128,16,32,128,78,3,discard,same,1,1,32,1,nocount,sw64,sw64,16,16,16,0,128,0,128,none,0,none,0,4,20,3067508.0,1947.624126984127,,,,,8192,,22.05234180709553,,,0,0.0,1,bf14b28d2af4128daa99f23eec8a5e105636d0b04136f8be580fdc39d6f1f97d,
07_config_matrix,cfg_fp16_m128n128k16_c128_sw64_discard_same,1,,NVIDIA Thor,11.0,580.00,13.0,PTX ISA 9.3 / CUDA 13.0,1575.000,,,,fp16,128,128,16,32,128,78,4,discard,same,1,1,32,1,nocount,sw64,sw64,16,16,16,0,128,0,128,none,0,none,0,4,20,3067566.0,1947.6609523809525,,,,,8192,,22.05192485247261,,,0,0.0,1,bf14b28d2af4128daa99f23eec8a5e105636d0b04136f8be580fdc39d6f1f97d,
07_config_matrix,cfg_fp16_m128n256k16_c512_none_discard_same,0,max_abs_error>0.05,NVIDIA Thor,11.0,580.00,13.0,PTX ISA 9.3 / CUDA 13.0,1575.000,,,,fp16,128,256,16,32,128,79,0,discard,same,2,2,32,1,nocount,none,none,16,16,16,0,512,0,256,none,0,none,0,4,20,3678182.0,2335.353650793651,,,,,12288,,36.78215755065954,,,0,0.83203125,1,bf14b28d2af4128daa99f23eec8a5e105636d0b04136f8be580fdc39d6f1f97d,; UTCHMMA=21;UTCHMMA_WS=16;UTCBAR=1;UTCATOMSWS=3;SYNCS_TRYWAIT=8;LDS=21;LDG=9;ptx_tcgen05_mma=21;ptx_tcgen05_mma_ws=16;ptx_tcgen05_commit=1;ptx_tcgen05_alloc=1;ptx_tcgen05_dealloc=1;ptx_tcgen05_ld=5;ptx_tcgen05_st=5;ptx_mbarrier_wait=5;ptx_cp_async_tma=2;ptx_ld_shared=26;ptx_ld_global=7
07_config_matrix,cfg_fp16_m128n256k16_c512_none_discard_same,0,max_abs_error>0.05,NVIDIA Thor,11.0,580.00,13.0,PTX ISA 9.3 / CUDA 13.0,1575.000,,,,fp16,128,256,16,32,128,79,1,discard,same,2,2,32,1,nocount,none,none,16,16,16,0,512,0,256,none,0,none,0,4,20,3678177.0,2335.3504761904765,,,,,12288,,36.78220755118636,,,0,0.83203125,1,bf14b28d2af4128daa99f23eec8a5e105636d0b04136f8be580fdc39d6f1f97d,
07_config_matrix,cfg_fp16_m128n256k16_c512_none_discard_same,0,max_abs_error>0.05,NVIDIA Thor,11.0,580.00,13.0,PTX ISA 9.3 / CUDA 13.0,1575.000,,,,fp16,128,256,16,32,128,79,2,discard,same,2,2,32,1,nocount,none,none,16,16,16,0,512,0,256,none,0,none,0,4,20,3678179.0,2335.351746031746,,,,,12288,,36.78218755095932,,,0,0.83203125,1,bf14b28d2af4128daa99f23eec8a5e105636d0b04136f8be580fdc39d6f1f97d,
07_config_matrix,cfg_fp16_m128n256k16_c512_none_discard_same,0,max_abs_error>0.05,NVIDIA Thor,11.0,580.00,13.0,PTX ISA 9.3 / CUDA 13.0,1575.000,,,,fp16,128,256,16,32,128,79,3,discard,same,2,2,32,1,nocount,none,none,16,16,16,0,512,0,256,none,0,none,0,4,20,3678179.0,2335.351746031746,,,,,12288,,36.78218755095932,,,0,0.83203125,1,bf14b28d2af4128daa99f23eec8a5e105636d0b04136f8be580fdc39d6f1f97d,
07_config_matrix,cfg_fp16_m128n256k16_c512_none_discard_same,0,max_abs_error>0.05,NVIDIA Thor,11.0,580.00,13.0,PTX ISA 9.3 / CUDA 13.0,1575.000,,,,fp16,128,256,16,32,128,79,4,discard,same,2,2,32,1,nocount,none,none,16,16,16,0,512,0,256,none,0,none,0,4,20,3678181.0,2335.3530158730155,,,,,12288,,36.78216755075403,,,0,0.83203125,1,bf14b28d2af4128daa99f23eec8a5e105636d0b04136f8be580fdc39d6f1f97d,
07_config_matrix,cfg_fp16_m128n64k16_c512_none_discard_same,0,max_abs_error>0.05,NVIDIA Thor,11.0,580.00,13.0,PTX ISA 9.3 / CUDA 13.0,1575.000,,,,fp16,128,64,16,32,128,80,0,discard,same,8,8,32,1,nocount,none,none,16,16,16,0,512,0,64,none,0,none,0,4,20,3678584.0,2335.608888888889,,,,,6144,,9.194534488270486,,,0,0.83203125,1,bf14b28d2af4128daa99f23eec8a5e105636d0b04136f8be580fdc39d6f1f97d,; UTCHMMA=21;UTCHMMA_WS=16;UTCBAR=1;UTCATOMSWS=3;SYNCS_TRYWAIT=8;LDS=21;LDG=9;ptx_tcgen05_mma=21;ptx_tcgen05_mma_ws=16;ptx_tcgen05_commit=1;ptx_tcgen05_alloc=1;ptx_tcgen05_dealloc=1;ptx_tcgen05_ld=5;ptx_tcgen05_st=5;ptx_mbarrier_wait=5;ptx_cp_async_tma=2;ptx_ld_shared=26;ptx_ld_global=7
07_config_matrix,cfg_fp16_m128n64k16_c512_none_discard_same,0,max_abs_error>0.05,NVIDIA Thor,11.0,580.00,13.0,PTX ISA 9.3 / CUDA 13.0,1575.000,,,,fp16,128,64,16,32,128,80,1,discard,same,8,8,32,1,nocount,none,none,16,16,16,0,512,0,64,none,0,none,0,4,20,3678582.0,2335.607619047619,,,,,6144,,9.194539487226328,,,0,0.83203125,1,bf14b28d2af4128daa99f23eec8a5e105636d0b04136f8be580fdc39d6f1f97d,
07_config_matrix,cfg_fp16_m128n64k16_c512_none_discard_same,0,max_abs_error>0.05,NVIDIA Thor,11.0,580.00,13.0,PTX ISA 9.3 / CUDA 13.0,1575.000,,,,fp16,128,64,16,32,128,80,2,discard,same,8,8,32,1,nocount,none,none,16,16,16,0,512,0,64,none,0,none,0,4,20,3678580.0,2335.606349206349,,,,,6144,,9.194544486187606,,,0,0.83203125,1,bf14b28d2af4128daa99f23eec8a5e105636d0b04136f8be580fdc39d6f1f97d,
07_config_matrix,cfg_fp16_m128n64k16_c512_none_discard_same,0,max_abs_error>0.05,NVIDIA Thor,11.0,580.00,13.0,PTX ISA 9.3 / CUDA 13.0,1575.000,,,,fp16,128,64,16,32,128,80,3,discard,same,8,8,32,1,nocount,none,none,16,16,16,0,512,0,64,none,0,none,0,4,20,3678618.0,2335.630476190476,,,,,6144,,9.194449506852843,,,0,0.83203125,1,bf14b28d2af4128daa99f23eec8a5e105636d0b04136f8be580fdc39d6f1f97d,
07_config_matrix,cfg_fp16_m128n64k16_c512_none_discard_same,0,max_abs_error>0.05,NVIDIA Thor,11.0,580.00,13.0,PTX ISA 9.3 / CUDA 13.0,1575.000,,,,fp16,128,64,16,32,128,80,4,discard,same,8,8,32,1,nocount,none,none,16,16,16,0,512,0,64,none,0,none,0,4,20,3678618.0,2335.630476190476,,,,,6144,,9.194449506852843,,,0,0.83203125,1,bf14b28d2af4128daa99f23eec8a5e105636d0b04136f8be580fdc39d6f1f97d,
07_config_matrix,cfg_bf16_m128n128k16_c512_sw64_discard_pingpong,1,,NVIDIA Thor,11.0,580.00,13.0,PTX ISA 9.3 / CUDA 13.0,1575.000,,,,bf16,128,128,16,32,128,81,0,discard,pingpong,4,4,32,1,nocount,sw64,sw64,16,16,16,0,512,0,128,none,0,none,0,4,20,3563099.0,2262.285079365079,,,,,8192,,18.98508430778937,,,0,0.0,1,bf14b28d2af4128daa99f23eec8a5e105636d0b04136f8be580fdc39d6f1f97d,; UTCHMMA=21;UTCHMMA_WS=16;UTCBAR=1;UTCATOMSWS=3;SYNCS_TRYWAIT=8;LDS=21;LDG=9;ptx_tcgen05_mma=21;ptx_tcgen05_mma_ws=16;ptx_tcgen05_commit=1;ptx_tcgen05_alloc=1;ptx_tcgen05_dealloc=1;ptx_tcgen05_ld=5;ptx_tcgen05_st=5;ptx_mbarrier_wait=5;ptx_cp_async_tma=2;ptx_ld_shared=26;ptx_ld_global=7
07_config_matrix,cfg_bf16_m128n128k16_c512_sw64_discard_pingpong,1,,NVIDIA Thor,11.0,580.00,13.0,PTX ISA 9.3 / CUDA 13.0,1575.000,,,,bf16,128,128,16,32,128,81,1,discard,pingpong,4,4,32,1,nocount,sw64,sw64,16,16,16,0,512,0,128,none,0,none,0,4,20,3563112.0,2262.2933333333335,,,,,8192,,18.98501504078457,,,0,0.0,1,bf14b28d2af4128daa99f23eec8a5e105636d0b04136f8be580fdc39d6f1f97d,
07_config_matrix,cfg_bf16_m128n128k16_c512_sw64_discard_pingpong,1,,NVIDIA Thor,11.0,580.00,13.0,PTX ISA 9.3 / CUDA 13.0,1575.000,,,,bf16,128,128,16,32,128,81,2,discard,pingpong,4,4,32,1,nocount,sw64,sw64,16,16,16,0,512,0,128,none,0,none,0,4,20,3563103.0,2262.287619047619,,,,,8192,,18.985062994810985,,,0,0.0,1,bf14b28d2af4128daa99f23eec8a5e105636d0b04136f8be580fdc39d6f1f97d,
07_config_matrix,cfg_bf16_m128n128k16_c512_sw64_discard_pingpong,1,,NVIDIA Thor,11.0,580.00,13.0,PTX ISA 9.3 / CUDA 13.0,1575.000,,,,bf16,128,128,16,32,128,81,3,discard,pingpong,4,4,32,1,nocount,sw64,sw64,16,16,16,0,512,0,128,none,0,none,0,4,20,3563119.0,2262.297777777778,,,,,8192,,18.984977743375957,,,0,0.0,1,bf14b28d2af4128daa99f23eec8a5e105636d0b04136f8be580fdc39d6f1f97d,
07_config_matrix,cfg_bf16_m128n128k16_c512_sw64_discard_pingpong,1,,NVIDIA Thor,11.0,580.00,13.0,PTX ISA 9.3 / CUDA 13.0,1575.000,,,,bf16,128,128,16,32,128,81,4,discard,pingpong,4,4,32,1,nocount,sw64,sw64,16,16,16,0,512,0,128,none,0,none,0,4,20,3563105.0,2262.2888888888892,,,,,8192,,18.985052338339734,,,0,0.0,1,bf14b28d2af4128daa99f23eec8a5e105636d0b04136f8be580fdc39d6f1f97d,
07_config_matrix,cfg_bf16_m128n128k16_c512_none_discard_same,0,max_abs_error>0.25,NVIDIA Thor,11.0,580.00,13.0,PTX ISA 9.3 / CUDA 13.0,1575.000,,,,bf16,128,128,16,32,128,82,0,discard,same,4,4,32,1,nocount,none,none,16,16,16,0,512,0,128,none,0,none,0,4,20,3678961.0,2335.848253968254,,,,,8192,,18.387184564337595,,,0,0.83203125,1,bf14b28d2af4128daa99f23eec8a5e105636d0b04136f8be580fdc39d6f1f97d,; UTCHMMA=21;UTCHMMA_WS=16;UTCBAR=1;UTCATOMSWS=3;SYNCS_TRYWAIT=8;LDS=21;LDG=9;ptx_tcgen05_mma=21;ptx_tcgen05_mma_ws=16;ptx_tcgen05_commit=1;ptx_tcgen05_alloc=1;ptx_tcgen05_dealloc=1;ptx_tcgen05_ld=5;ptx_tcgen05_st=5;ptx_mbarrier_wait=5;ptx_cp_async_tma=2;ptx_ld_shared=26;ptx_ld_global=7
07_config_matrix,cfg_bf16_m128n128k16_c512_none_discard_same,0,max_abs_error>0.25,NVIDIA Thor,11.0,580.00,13.0,PTX ISA 9.3 / CUDA 13.0,1575.000,,,,bf16,128,128,16,32,128,82,1,discard,same,4,4,32,1,nocount,none,none,16,16,16,0,512,0,128,none,0,none,0,4,20,3678957.0,2335.845714285714,,,,,8192,,18.38720455607391,,,0,0.83203125,1,bf14b28d2af4128daa99f23eec8a5e105636d0b04136f8be580fdc39d6f1f97d,
07_config_matrix,cfg_bf16_m128n128k16_c512_none_discard_same,0,max_abs_error>0.25,NVIDIA Thor,11.0,580.00,13.0,PTX ISA 9.3 / CUDA 13.0,1575.000,,,,bf16,128,128,16,32,128,82,2,discard,same,4,4,32,1,nocount,none,none,16,16,16,0,512,0,128,none,0,none,0,4,20,3679001.0,2335.873650793651,,,,,8192,,18.386984649365413,,,0,0.83203125,1,bf14b28d2af4128daa99f23eec8a5e105636d0b04136f8be580fdc39d6f1f97d,
07_config_matrix,cfg_bf16_m128n128k16_c512_none_discard_same,0,max_abs_error>0.25,NVIDIA Thor,11.0,580.00,13.0,PTX ISA 9.3 / CUDA 13.0,1575.000,,,,bf16,128,128,16,32,128,82,3,discard,same,4,4,32,1,nocount,none,none,16,16,16,0,512,0,128,none,0,none,0,4,20,3678960.0,2335.847619047619,,,,,8192,,18.387189562267597,,,0,0.83203125,1,bf14b28d2af4128daa99f23eec8a5e105636d0b04136f8be580fdc39d6f1f97d,
07_config_matrix,cfg_bf16_m128n128k16_c512_none_discard_same,0,max_abs_error>0.25,NVIDIA Thor,11.0,580.00,13.0,PTX ISA 9.3 / CUDA 13.0,1575.000,,,,bf16,128,128,16,32,128,82,4,discard,same,4,4,32,1,nocount,none,none,16,16,16,0,512,0,128,none,0,none,0,4,20,3678992.0,2335.8679365079365,,,,,8192,,18.38702962985513,,,0,0.83203125,1,bf14b28d2af4128daa99f23eec8a5e105636d0b04136f8be580fdc39d6f1f97d,
07_config_matrix,cfg_fp16_m128n256k16_c512_sw128_discard_pingpong,1,,NVIDIA Thor,11.0,580.00,13.0,PTX ISA 9.3 / CUDA 13.0,1575.000,,,,fp16,128,256,16,32,128,83,0,discard,pingpong,2,2,32,1,nocount,sw128,sw128,16,16,16,0,512,0,256,none,0,none,0,4,20,3678181.0,2335.3530158730155,,,,,12288,,36.78216755075403,,,0,0.0,1,bf14b28d2af4128daa99f23eec8a5e105636d0b04136f8be580fdc39d6f1f97d,; UTCHMMA=21;UTCHMMA_WS=16;UTCBAR=1;UTCATOMSWS=3;SYNCS_TRYWAIT=8;LDS=21;LDG=9;ptx_tcgen05_mma=21;ptx_tcgen05_mma_ws=16;ptx_tcgen05_commit=1;ptx_tcgen05_alloc=1;ptx_tcgen05_dealloc=1;ptx_tcgen05_ld=5;ptx_tcgen05_st=5;ptx_mbarrier_wait=5;ptx_cp_async_tma=2;ptx_ld_shared=26;ptx_ld_global=7
07_config_matrix,cfg_fp16_m128n256k16_c512_sw128_discard_pingpong,1,,NVIDIA Thor,11.0,580.00,13.0,PTX ISA 9.3 / CUDA 13.0,1575.000,,,,fp16,128,256,16,32,128,83,1,discard,pingpong,2,2,32,1,nocount,sw128,sw128,16,16,16,0,512,0,256,none,0,none,0,4,20,3678179.0,2335.351746031746,,,,,12288,,36.78218755095932,,,0,0.0,1,bf14b28d2af4128daa99f23eec8a5e105636d0b04136f8be580fdc39d6f1f97d,
07_config_matrix,cfg_fp16_m128n256k16_c512_sw128_discard_pingpong,1,,NVIDIA Thor,11.0,580.00,13.0,PTX ISA 9.3 / CUDA 13.0,1575.000,,,,fp16,128,256,16,32,128,83,2,discard,pingpong,2,2,32,1,nocount,sw128,sw128,16,16,16,0,512,0,256,none,0,none,0,4,20,3678181.0,2335.3530158730155,,,,,12288,,36.78216755075403,,,0,0.0,1,bf14b28d2af4128daa99f23eec8a5e105636d0b04136f8be580fdc39d6f1f97d,
07_config_matrix,cfg_fp16_m128n256k16_c512_sw128_discard_pingpong,1,,NVIDIA Thor,11.0,580.00,13.0,PTX ISA 9.3 / CUDA 13.0,1575.000,,,,fp16,128,256,16,32,128,83,3,discard,pingpong,2,2,32,1,nocount,sw128,sw128,16,16,16,0,512,0,256,none,0,none,0,4,20,3678191.0,2335.359365079365,,,,,12288,,36.78206755005381,,,0,0.0,1,bf14b28d2af4128daa99f23eec8a5e105636d0b04136f8be580fdc39d6f1f97d,
07_config_matrix,cfg_fp16_m128n256k16_c512_sw128_discard_pingpong,1,,NVIDIA Thor,11.0,580.00,13.0,PTX ISA 9.3 / CUDA 13.0,1575.000,,,,fp16,128,256,16,32,128,83,4,discard,pingpong,2,2,32,1,nocount,sw128,sw128,16,16,16,0,512,0,256,none,0,none,0,4,20,3678179.0,2335.351746031746,,,,,12288,,36.78218755095932,,,0,0.0,1,bf14b28d2af4128daa99f23eec8a5e105636d0b04136f8be580fdc39d6f1f97d,
07_config_matrix,cfg_bf16_m128n128k16_c128_sw128_discard_pingpong,1,,NVIDIA Thor,11.0,580.00,13.0,PTX ISA 9.3 / CUDA 13.0,1575.000,,,,bf16,128,128,16,32,128,84,0,discard,pingpong,1,1,32,1,nocount,sw128,sw128,16,16,16,0,128,0,128,none,0,none,0,4,20,3181151.0,2019.7784126984127,,,,,8192,,21.264546986923918,,,0,0.0,1,bf14b28d2af4128daa99f23eec8a5e105636d0b04136f8be580fdc39d6f1f97d,; UTCHMMA=21;UTCHMMA_WS=16;UTCBAR=1;UTCATOMSWS=3;SYNCS_TRYWAIT=8;LDS=21;LDG=9;ptx_tcgen05_mma=21;ptx_tcgen05_mma_ws=16;ptx_tcgen05_commit=1;ptx_tcgen05_alloc=1;ptx_tcgen05_dealloc=1;ptx_tcgen05_ld=5;ptx_tcgen05_st=5;ptx_mbarrier_wait=5;ptx_cp_async_tma=2;ptx_ld_shared=26;ptx_ld_global=7
07_config_matrix,cfg_bf16_m128n128k16_c128_sw128_discard_pingpong,1,,NVIDIA Thor,11.0,580.00,13.0,PTX ISA 9.3 / CUDA 13.0,1575.000,,,,bf16,128,128,16,32,128,84,1,discard,pingpong,1,1,32,1,nocount,sw128,sw128,16,16,16,0,128,0,128,none,0,none,0,4,20,3181521.0,2020.0133333333333,,,,,8192,,21.26207399291094,,,0,0.0,1,bf14b28d2af4128daa99f23eec8a5e105636d0b04136f8be580fdc39d6f1f97d,
07_config_matrix,cfg_bf16_m128n128k16_c128_sw128_discard_pingpong,1,,NVIDIA Thor,11.0,580.00,13.0,PTX ISA 9.3 / CUDA 13.0,1575.000,,,,bf16,128,128,16,32,128,84,2,discard,pingpong,1,1,32,1,nocount,sw128,sw128,16,16,16,0,128,0,128,none,0,none,0,4,20,3181151.0,2019.7784126984127,,,,,8192,,21.264546986923918,,,0,0.0,1,bf14b28d2af4128daa99f23eec8a5e105636d0b04136f8be580fdc39d6f1f97d,
07_config_matrix,cfg_bf16_m128n128k16_c128_sw128_discard_pingpong,1,,NVIDIA Thor,11.0,580.00,13.0,PTX ISA 9.3 / CUDA 13.0,1575.000,,,,bf16,128,128,16,32,128,84,3,discard,pingpong,1,1,32,1,nocount,sw128,sw128,16,16,16,0,128,0,128,none,0,none,0,4,20,3181148.0,2019.776507936508,,,,,8192,,21.264567040577806,,,0,0.0,1,bf14b28d2af4128daa99f23eec8a5e105636d0b04136f8be580fdc39d6f1f97d,
07_config_matrix,cfg_bf16_m128n128k16_c128_sw128_discard_pingpong,1,,NVIDIA Thor,11.0,580.00,13.0,PTX ISA 9.3 / CUDA 13.0,1575.000,,,,bf16,128,128,16,32,128,84,4,discard,pingpong,1,1,32,1,nocount,sw128,sw128,16,16,16,0,128,0,128,none,0,none,0,4,20,3181148.0,2019.776507936508,,,,,8192,,21.264567040577806,,,0,0.0,1,bf14b28d2af4128daa99f23eec8a5e105636d0b04136f8be580fdc39d6f1f97d,
07_config_matrix,cfg_bf16_m128n256k16_c256_sw64_discard_pingpong,1,,NVIDIA Thor,11.0,580.00,13.0,PTX ISA 9.3 / CUDA 13.0,1575.000,,,,bf16,128,256,16,32,128,85,0,discard,pingpong,1,1,32,1,nocount,sw64,sw64,16,16,16,0,256,0,256,none,0,none,0,4,20,3067772.0,1947.791746031746,,,,,12288,,44.10088814422975,,,0,0.0,1,bf14b28d2af4128daa99f23eec8a5e105636d0b04136f8be580fdc39d6f1f97d,; UTCHMMA=21;UTCHMMA_WS=16;UTCBAR=1;UTCATOMSWS=3;SYNCS_TRYWAIT=8;LDS=21;LDG=9;ptx_tcgen05_mma=21;ptx_tcgen05_mma_ws=16;ptx_tcgen05_commit=1;ptx_tcgen05_alloc=1;ptx_tcgen05_dealloc=1;ptx_tcgen05_ld=5;ptx_tcgen05_st=5;ptx_mbarrier_wait=5;ptx_cp_async_tma=2;ptx_ld_shared=26;ptx_ld_global=7
07_config_matrix,cfg_bf16_m128n256k16_c256_sw64_discard_pingpong,1,,NVIDIA Thor,11.0,580.00,13.0,PTX ISA 9.3 / CUDA 13.0,1575.000,,,,bf16,128,256,16,32,128,85,1,discard,pingpong,1,1,32,1,nocount,sw64,sw64,16,16,16,0,256,0,256,none,0,none,0,4,20,3067770.0,1947.7904761904763,,,,,12288,,44.1009168953344,,,0,0.0,1,bf14b28d2af4128daa99f23eec8a5e105636d0b04136f8be580fdc39d6f1f97d,
07_config_matrix,cfg_bf16_m128n256k16_c256_sw64_discard_pingpong,1,,NVIDIA Thor,11.0,580.00,13.0,PTX ISA 9.3 / CUDA 13.0,1575.000,,,,bf16,128,256,16,32,128,85,2,discard,pingpong,1,1,32,1,nocount,sw64,sw64,16,16,16,0,256,0,256,none,0,none,0,4,20,3067768.0,1947.7892063492063,,,,,12288,,44.10094564647653,,,0,0.0,1,bf14b28d2af4128daa99f23eec8a5e105636d0b04136f8be580fdc39d6f1f97d,
07_config_matrix,cfg_bf16_m128n256k16_c256_sw64_discard_pingpong,1,,NVIDIA Thor,11.0,580.00,13.0,PTX ISA 9.3 / CUDA 13.0,1575.000,,,,bf16,128,256,16,32,128,85,3,discard,pingpong,1,1,32,1,nocount,sw64,sw64,16,16,16,0,256,0,256,none,0,none,0,4,20,3068261.0,1948.102222222222,,,,,12288,,44.093859624067186,,,0,0.0,1,bf14b28d2af4128daa99f23eec8a5e105636d0b04136f8be580fdc39d6f1f97d,
07_config_matrix,cfg_bf16_m128n256k16_c256_sw64_discard_pingpong,1,,NVIDIA Thor,11.0,580.00,13.0,PTX ISA 9.3 / CUDA 13.0,1575.000,,,,bf16,128,256,16,32,128,85,4,discard,pingpong,1,1,32,1,nocount,sw64,sw64,16,16,16,0,256,0,256,none,0,none,0,4,20,3067759.0,1947.783492063492,,,,,12288,,44.10107502708003,,,0,0.0,1,bf14b28d2af4128daa99f23eec8a5e105636d0b04136f8be580fdc39d6f1f97d,
07_config_matrix,cfg_fp16_m128n64k16_c512_none_fill_use_lastuse_pingpong,0,max_abs_error>0.05,NVIDIA Thor,11.0,580.00,13.0,PTX ISA 9.3 / CUDA 13.0,1575.000,,,,fp16,128,64,16,32,128,86,0,fill_use_lastuse,pingpong,8,8,32,1,nocount,none,none,16,16,16,0,512,0,64,none,0,none,0,4,20,3779304.0,2399.558095238095,,,,,6144,,8.949496377110707,,,0,0.83203125,1,bf14b28d2af4128daa99f23eec8a5e105636d0b04136f8be580fdc39d6f1f97d,; UTCHMMA=21;UTCHMMA_WS=16;UTCBAR=1;UTCATOMSWS=3;SYNCS_TRYWAIT=8;LDS=21;LDG=9;ptx_tcgen05_mma=21;ptx_tcgen05_mma_ws=16;ptx_tcgen05_commit=1;ptx_tcgen05_alloc=1;ptx_tcgen05_dealloc=1;ptx_tcgen05_ld=5;ptx_tcgen05_st=5;ptx_mbarrier_wait=5;ptx_cp_async_tma=2;ptx_ld_shared=26;ptx_ld_global=7
07_config_matrix,cfg_fp16_m128n64k16_c512_none_fill_use_lastuse_pingpong,0,max_abs_error>0.05,NVIDIA Thor,11.0,580.00,13.0,PTX ISA 9.3 / CUDA 13.0,1575.000,,,,fp16,128,64,16,32,128,86,1,fill_use_lastuse,pingpong,8,8,32,1,nocount,none,none,16,16,16,0,512,0,64,none,0,none,0,4,20,3779291.0,2399.549841269841,,,,,6144,,8.949527161576075,,,0,0.83203125,1,bf14b28d2af4128daa99f23eec8a5e105636d0b04136f8be580fdc39d6f1f97d,
07_config_matrix,cfg_fp16_m128n64k16_c512_none_fill_use_lastuse_pingpong,0,max_abs_error>0.05,NVIDIA Thor,11.0,580.00,13.0,PTX ISA 9.3 / CUDA 13.0,1575.000,,,,fp16,128,64,16,32,128,86,2,fill_use_lastuse,pingpong,8,8,32,1,nocount,none,none,16,16,16,0,512,0,64,none,0,none,0,4,20,3779292.0,2399.5504761904763,,,,,6144,,8.949524793532756,,,0,0.83203125,1,bf14b28d2af4128daa99f23eec8a5e105636d0b04136f8be580fdc39d6f1f97d,
07_config_matrix,cfg_fp16_m128n64k16_c512_none_fill_use_lastuse_pingpong,0,max_abs_error>0.05,NVIDIA Thor,11.0,580.00,13.0,PTX ISA 9.3 / CUDA 13.0,1575.000,,,,fp16,128,64,16,32,128,86,3,fill_use_lastuse,pingpong,8,8,32,1,nocount,none,none,16,16,16,0,512,0,64,none,0,none,0,4,20,3779295.0,2399.5523809523806,,,,,6144,,8.949517689410326,,,0,0.83203125,1,bf14b28d2af4128daa99f23eec8a5e105636d0b04136f8be580fdc39d6f1f97d,
07_config_matrix,cfg_fp16_m128n64k16_c512_none_fill_use_lastuse_pingpong,0,max_abs_error>0.05,NVIDIA Thor,11.0,580.00,13.0,PTX ISA 9.3 / CUDA 13.0,1575.000,,,,fp16,128,64,16,32,128,86,4,fill_use_lastuse,pingpong,8,8,32,1,nocount,none,none,16,16,16,0,512,0,64,none,0,none,0,4,20,3779296.0,2399.553015873016,,,,,6144,,8.949515321372022,,,0,0.83203125,1,bf14b28d2af4128daa99f23eec8a5e105636d0b04136f8be580fdc39d6f1f97d,
07_config_matrix,cfg_fp16_m128n256k16_c256_none_discard_same,0,max_abs_error>0.05,NVIDIA Thor,11.0,580.00,13.0,PTX ISA 9.3 / CUDA 13.0,1575.000,,,,fp16,128,256,16,32,128,87,0,discard,same,1,1,32,1,nocount,none,none,16,16,16,0,256,0,256,none,0,none,0,4,20,3181542.0,2020.0266666666666,,,,,12288,,42.52386730208182,,,0,0.83203125,1,bf14b28d2af4128daa99f23eec8a5e105636d0b04136f8be580fdc39d6f1f97d,; UTCHMMA=21;UTCHMMA_WS=16;UTCBAR=1;UTCATOMSWS=3;SYNCS_TRYWAIT=8;LDS=21;LDG=9;ptx_tcgen05_mma=21;ptx_tcgen05_mma_ws=16;ptx_tcgen05_commit=1;ptx_tcgen05_alloc=1;ptx_tcgen05_dealloc=1;ptx_tcgen05_ld=5;ptx_tcgen05_st=5;ptx_mbarrier_wait=5;ptx_cp_async_tma=2;ptx_ld_shared=26;ptx_ld_global=7
07_config_matrix,cfg_fp16_m128n256k16_c256_none_discard_same,0,max_abs_error>0.05,NVIDIA Thor,11.0,580.00,13.0,PTX ISA 9.3 / CUDA 13.0,1575.000,,,,fp16,128,256,16,32,128,87,1,discard,same,1,1,32,1,nocount,none,none,16,16,16,0,256,0,256,none,0,none,0,4,20,3181785.0,2020.1809523809522,,,,,12288,,42.520619659719316,,,0,0.83203125,1,bf14b28d2af4128daa99f23eec8a5e105636d0b04136f8be580fdc39d6f1f97d,
07_config_matrix,cfg_fp16_m128n256k16_c256_none_discard_same,0,max_abs_error>0.05,NVIDIA Thor,11.0,580.00,13.0,PTX ISA 9.3 / CUDA 13.0,1575.000,,,,fp16,128,256,16,32,128,87,2,discard,same,1,1,32,1,nocount,none,none,16,16,16,0,256,0,256,none,0,none,0,4,20,3181541.0,2020.0260317460318,,,,,12288,,42.52388066789018,,,0,0.83203125,1,bf14b28d2af4128daa99f23eec8a5e105636d0b04136f8be580fdc39d6f1f97d,
07_config_matrix,cfg_fp16_m128n256k16_c256_none_discard_same,0,max_abs_error>0.05,NVIDIA Thor,11.0,580.00,13.0,PTX ISA 9.3 / CUDA 13.0,1575.000,,,,fp16,128,256,16,32,128,87,3,discard,same,1,1,32,1,nocount,none,none,16,16,16,0,256,0,256,none,0,none,0,4,20,3181542.0,2020.0266666666666,,,,,12288,,42.52386730208182,,,0,0.83203125,1,bf14b28d2af4128daa99f23eec8a5e105636d0b04136f8be580fdc39d6f1f97d,
07_config_matrix,cfg_fp16_m128n256k16_c256_none_discard_same,0,max_abs_error>0.05,NVIDIA Thor,11.0,580.00,13.0,PTX ISA 9.3 / CUDA 13.0,1575.000,,,,fp16,128,256,16,32,128,87,4,discard,same,1,1,32,1,nocount,none,none,16,16,16,0,256,0,256,none,0,none,0,4,20,3181559.0,2020.0374603174605,,,,,12288,,42.52364008462517,,,0,0.83203125,1,bf14b28d2af4128daa99f23eec8a5e105636d0b04136f8be580fdc39d6f1f97d,
07_config_matrix,cfg_fp16_m128n64k16_c128_sw32_discard_pingpong,1,,NVIDIA Thor,11.0,580.00,13.0,PTX ISA 9.3 / CUDA 13.0,1575.000,,,,fp16,128,64,16,32,128,88,0,discard,pingpong,2,2,32,1,nocount,sw32,sw32,16,16,16,0,128,0,64,none,0,none,0,4,20,3387374.0,2150.7136507936507,,,,,6144,,9.984981716220295,,,0,0.0,1,bf14b28d2af4128daa99f23eec8a5e105636d0b04136f8be580fdc39d6f1f97d,; UTCHMMA=21;UTCHMMA_WS=16;UTCBAR=1;UTCATOMSWS=3;SYNCS_TRYWAIT=8;LDS=21;LDG=9;ptx_tcgen05_mma=21;ptx_tcgen05_mma_ws=16;ptx_tcgen05_commit=1;ptx_tcgen05_alloc=1;ptx_tcgen05_dealloc=1;ptx_tcgen05_ld=5;ptx_tcgen05_st=5;ptx_mbarrier_wait=5;ptx_cp_async_tma=2;ptx_ld_shared=26;ptx_ld_global=7
07_config_matrix,cfg_fp16_m128n64k16_c128_sw32_discard_pingpong,1,,NVIDIA Thor,11.0,580.00,13.0,PTX ISA 9.3 / CUDA 13.0,1575.000,,,,fp16,128,64,16,32,128,88,1,discard,pingpong,2,2,32,1,nocount,sw32,sw32,16,16,16,0,128,0,64,none,0,none,0,4,20,3387371.0,2150.711746031746,,,,,6144,,9.984990559345285,,,0,0.0,1,bf14b28d2af4128daa99f23eec8a5e105636d0b04136f8be580fdc39d6f1f97d,
07_config_matrix,cfg_fp16_m128n64k16_c128_sw32_discard_pingpong,1,,NVIDIA Thor,11.0,580.00,13.0,PTX ISA 9.3 / CUDA 13.0,1575.000,,,,fp16,128,64,16,32,128,88,2,discard,pingpong,2,2,32,1,nocount,sw32,sw32,16,16,16,0,128,0,64,none,0,none,0,4,20,3387374.0,2150.7136507936507,,,,,6144,,9.984981716220295,,,0,0.0,1,bf14b28d2af4128daa99f23eec8a5e105636d0b04136f8be580fdc39d6f1f97d,
07_config_matrix,cfg_fp16_m128n64k16_c128_sw32_discard_pingpong,1,,NVIDIA Thor,11.0,580.00,13.0,PTX ISA 9.3 / CUDA 13.0,1575.000,,,,fp16,128,64,16,32,128,88,3,discard,pingpong,2,2,32,1,nocount,sw32,sw32,16,16,16,0,128,0,64,none,0,none,0,4,20,3387485.0,2150.784126984127,,,,,6144,,9.98465453160678,,,0,0.0,1,bf14b28d2af4128daa99f23eec8a5e105636d0b04136f8be580fdc39d6f1f97d,
07_config_matrix,cfg_fp16_m128n64k16_c128_sw32_discard_pingpong,1,,NVIDIA Thor,11.0,580.00,13.0,PTX ISA 9.3 / CUDA 13.0,1575.000,,,,fp16,128,64,16,32,128,88,4,discard,pingpong,2,2,32,1,nocount,sw32,sw32,16,16,16,0,128,0,64,none,0,none,0,4,20,3387376.0,2150.7149206349204,,,,,6144,,9.984975820812334,,,0,0.0,1,bf14b28d2af4128daa99f23eec8a5e105636d0b04136f8be580fdc39d6f1f97d,
07_config_matrix,cfg_fp16_m128n128k16_c256_sw64_fill_use_lastuse_pingpong,1,,NVIDIA Thor,11.0,580.00,13.0,PTX ISA 9.3 / CUDA 13.0,1575.000,,,,fp16,128,128,16,32,128,89,0,fill_use_lastuse,pingpong,2,2,32,1,nocount,sw64,sw64,16,16,16,0,256,0,128,none,0,none,0,4,20,3664585.0,2326.720634920635,,,,,8192,,18.459316651680886,,,0,0.0,1,bf14b28d2af4128daa99f23eec8a5e105636d0b04136f8be580fdc39d6f1f97d,; UTCHMMA=21;UTCHMMA_WS=16;UTCBAR=1;UTCATOMSWS=3;SYNCS_TRYWAIT=8;LDS=21;LDG=9;ptx_tcgen05_mma=21;ptx_tcgen05_mma_ws=16;ptx_tcgen05_commit=1;ptx_tcgen05_alloc=1;ptx_tcgen05_dealloc=1;ptx_tcgen05_ld=5;ptx_tcgen05_st=5;ptx_mbarrier_wait=5;ptx_cp_async_tma=2;ptx_ld_shared=26;ptx_ld_global=7
07_config_matrix,cfg_fp16_m128n128k16_c256_sw64_fill_use_lastuse_pingpong,1,,NVIDIA Thor,11.0,580.00,13.0,PTX ISA 9.3 / CUDA 13.0,1575.000,,,,fp16,128,128,16,32,128,89,1,fill_use_lastuse,pingpong,2,2,32,1,nocount,sw64,sw64,16,16,16,0,256,0,128,none,0,none,0,4,20,3664480.0,2326.6539682539683,,,,,8192,,18.459845574815525,,,0,0.0,1,bf14b28d2af4128daa99f23eec8a5e105636d0b04136f8be580fdc39d6f1f97d,
07_config_matrix,cfg_fp16_m128n128k16_c256_sw64_fill_use_lastuse_pingpong,1,,NVIDIA Thor,11.0,580.00,13.0,PTX ISA 9.3 / CUDA 13.0,1575.000,,,,fp16,128,128,16,32,128,89,2,fill_use_lastuse,pingpong,2,2,32,1,nocount,sw64,sw64,16,16,16,0,256,0,128,none,0,none,0,4,20,3664477.0,2326.6520634920635,,,,,8192,,18.459860687350474,,,0,0.0,1,bf14b28d2af4128daa99f23eec8a5e105636d0b04136f8be580fdc39d6f1f97d,
07_config_matrix,cfg_fp16_m128n128k16_c256_sw64_fill_use_lastuse_pingpong,1,,NVIDIA Thor,11.0,580.00,13.0,PTX ISA 9.3 / CUDA 13.0,1575.000,,,,fp16,128,128,16,32,128,89,3,fill_use_lastuse,pingpong,2,2,32,1,nocount,sw64,sw64,16,16,16,0,256,0,128,none,0,none,0,4,20,3664476.0,2326.651428571429,,,,,8192,,18.459865724867623,,,0,0.0,1,bf14b28d2af4128daa99f23eec8a5e105636d0b04136f8be580fdc39d6f1f97d,
07_config_matrix,cfg_fp16_m128n128k16_c256_sw64_fill_use_lastuse_pingpong,1,,NVIDIA Thor,11.0,580.00,13.0,PTX ISA 9.3 / CUDA 13.0,1575.000,,,,fp16,128,128,16,32,128,89,4,fill_use_lastuse,pingpong,2,2,32,1,nocount,sw64,sw64,16,16,16,0,256,0,128,none,0,none,0,4,20,3664479.0,2326.653333333333,,,,,8192,,18.459850612324427,,,0,0.0,1,bf14b28d2af4128daa99f23eec8a5e105636d0b04136f8be580fdc39d6f1f97d,
07_config_matrix,cfg_bf16_m128n64k16_c512_none_fill_use_lastuse_same,0,max_abs_error>0.25,NVIDIA Thor,11.0,580.00,13.0,PTX ISA 9.3 / CUDA 13.0,1575.000,,,,bf16,128,64,16,32,128,90,0,fill_use_lastuse,same,8,8,32,1,nocount,none,none,16,16,16,0,512,0,64,none,0,none,0,4,20,3779305.0,2399.55873015873,,,,,6144,,8.94949400908368,,,0,0.83203125,1,bf14b28d2af4128daa99f23eec8a5e105636d0b04136f8be580fdc39d6f1f97d,; UTCHMMA=21;UTCHMMA_WS=16;UTCBAR=1;UTCATOMSWS=3;SYNCS_TRYWAIT=8;LDS=21;LDG=9;ptx_tcgen05_mma=21;ptx_tcgen05_mma_ws=16;ptx_tcgen05_commit=1;ptx_tcgen05_alloc=1;ptx_tcgen05_dealloc=1;ptx_tcgen05_ld=5;ptx_tcgen05_st=5;ptx_mbarrier_wait=5;ptx_cp_async_tma=2;ptx_ld_shared=26;ptx_ld_global=7
07_config_matrix,cfg_bf16_m128n64k16_c512_none_fill_use_lastuse_same,0,max_abs_error>0.25,NVIDIA Thor,11.0,580.00,13.0,PTX ISA 9.3 / CUDA 13.0,1575.000,,,,bf16,128,64,16,32,128,90,1,fill_use_lastuse,same,8,8,32,1,nocount,none,none,16,16,16,0,512,0,64,none,0,none,0,4,20,3779297.0,2399.553650793651,,,,,6144,,8.949512953334972,,,0,0.83203125,1,bf14b28d2af4128daa99f23eec8a5e105636d0b04136f8be580fdc39d6f1f97d,
07_config_matrix,cfg_bf16_m128n64k16_c512_none_fill_use_lastuse_same,0,max_abs_error>0.25,NVIDIA Thor,11.0,580.00,13.0,PTX ISA 9.3 / CUDA 13.0,1575.000,,,,bf16,128,64,16,32,128,90,2,fill_use_lastuse,same,8,8,32,1,nocount,none,none,16,16,16,0,512,0,64,none,0,none,0,4,20,3779302.0,2399.5568253968254,,,,,6144,,8.949501113168518,,,0,0.83203125,1,bf14b28d2af4128daa99f23eec8a5e105636d0b04136f8be580fdc39d6f1f97d,
07_config_matrix,cfg_bf16_m128n64k16_c512_none_fill_use_lastuse_same,0,max_abs_error>0.25,NVIDIA Thor,11.0,580.00,13.0,PTX ISA 9.3 / CUDA 13.0,1575.000,,,,bf16,128,64,16,32,128,90,3,fill_use_lastuse,same,8,8,32,1,nocount,none,none,16,16,16,0,512,0,64,none,0,none,0,4,20,3779294.0,2399.551746031746,,,,,6144,,8.949520057449883,,,0,0.83203125,1,bf14b28d2af4128daa99f23eec8a5e105636d0b04136f8be580fdc39d6f1f97d,
07_config_matrix,cfg_bf16_m128n64k16_c512_none_fill_use_lastuse_same,0,max_abs_error>0.25,NVIDIA Thor,11.0,580.00,13.0,PTX ISA 9.3 / CUDA 13.0,1575.000,,,,bf16,128,64,16,32,128,90,4,fill_use_lastuse,same,8,8,32,1,nocount,none,none,16,16,16,0,512,0,64,none,0,none,0,4,20,3779294.0,2399.551746031746,,,,,6144,,8.949520057449883,,,0,0.83203125,1,bf14b28d2af4128daa99f23eec8a5e105636d0b04136f8be580fdc39d6f1f97d,
07_config_matrix,cfg_fp16_m128n256k16_c256_none_fill_use_lastuse_pingpong,0,max_abs_error>0.05,NVIDIA Thor,11.0,580.00,13.0,PTX ISA 9.3 / CUDA 13.0,1575.000,,,,fp16,128,256,16,32,128,91,0,fill_use_lastuse,pingpong,1,1,32,1,nocount,none,none,16,16,16,0,256,0,256,none,0,none,0,4,20,3282539.0,2084.1517460317464,,,,,12288,,41.21549502504006,,,0,0.791015625,1,bf14b28d2af4128daa99f23eec8a5e105636d0b04136f8be580fdc39d6f1f97d,; UTCHMMA=21;UTCHMMA_WS=16;UTCBAR=1;UTCATOMSWS=3;SYNCS_TRYWAIT=8;LDS=21;LDG=9;ptx_tcgen05_mma=21;ptx_tcgen05_mma_ws=16;ptx_tcgen05_commit=1;ptx_tcgen05_alloc=1;ptx_tcgen05_dealloc=1;ptx_tcgen05_ld=5;ptx_tcgen05_st=5;ptx_mbarrier_wait=5;ptx_cp_async_tma=2;ptx_ld_shared=26;ptx_ld_global=7
07_config_matrix,cfg_fp16_m128n256k16_c256_none_fill_use_lastuse_pingpong,0,max_abs_error>0.05,NVIDIA Thor,11.0,580.00,13.0,PTX ISA 9.3 / CUDA 13.0,1575.000,,,,fp16,128,256,16,32,128,91,1,fill_use_lastuse,pingpong,1,1,32,1,nocount,none,none,16,16,16,0,256,0,256,none,0,none,0,4,20,3282539.0,2084.1517460317464,,,,,12288,,41.21549502504006,,,0,0.791015625,1,bf14b28d2af4128daa99f23eec8a5e105636d0b04136f8be580fdc39d6f1f97d,
07_config_matrix,cfg_fp16_m128n256k16_c256_none_fill_use_lastuse_pingpong,0,max_abs_error>0.05,NVIDIA Thor,11.0,580.00,13.0,PTX ISA 9.3 / CUDA 13.0,1575.000,,,,fp16,128,256,16,32,128,91,2,fill_use_lastuse,pingpong,1,1,32,1,nocount,none,none,16,16,16,0,256,0,256,none,0,none,0,4,20,3282536.0,2084.149841269841,,,,,12288,,41.215532693015405,,,0,0.791015625,1,bf14b28d2af4128daa99f23eec8a5e105636d0b04136f8be580fdc39d6f1f97d,
07_config_matrix,cfg_fp16_m128n256k16_c256_none_fill_use_lastuse_pingpong,0,max_abs_error>0.05,NVIDIA Thor,11.0,580.00,13.0,PTX ISA 9.3 / CUDA 13.0,1575.000,,,,fp16,128,256,16,32,128,91,3,fill_use_lastuse,pingpong,1,1,32,1,nocount,none,none,16,16,16,0,256,0,256,none,0,none,0,4,20,3282543.0,2084.1542857142854,,,,,12288,,41.21544480118006,,,0,0.791015625,1,bf14b28d2af4128daa99f23eec8a5e105636d0b04136f8be580fdc39d6f1f97d,
07_config_matrix,cfg_fp16_m128n256k16_c256_none_fill_use_lastuse_pingpong,0,max_abs_error>0.05,NVIDIA Thor,11.0,580.00,13.0,PTX ISA 9.3 / CUDA 13.0,1575.000,,,,fp16,128,256,16,32,128,91,4,fill_use_lastuse,pingpong,1,1,32,1,nocount,none,none,16,16,16,0,256,0,256,none,0,none,0,4,20,3282540.0,2084.152380952381,,,,,12288,,41.215482469063595,,,0,0.791015625,1,bf14b28d2af4128daa99f23eec8a5e105636d0b04136f8be580fdc39d6f1f97d,
07_config_matrix,cfg_bf16_m128n128k16_c256_none_fill_use_lastuse_same,0,max_abs_error>0.25,NVIDIA Thor,11.0,580.00,13.0,PTX ISA 9.3 / CUDA 13.0,1575.000,,,,bf16,128,128,16,32,128,92,0,fill_use_lastuse,same,2,2,32,1,nocount,none,none,16,16,16,0,256,0,128,none,0,none,0,4,20,3779414.0,2399.6279365079363,,,,,8192,,17.898471803300723,,,0,0.83203125,1,bf14b28d2af4128daa99f23eec8a5e105636d0b04136f8be580fdc39d6f1f97d,; UTCHMMA=21;UTCHMMA_WS=16;UTCBAR=1;UTCATOMSWS=3;SYNCS_TRYWAIT=8;LDS=21;LDG=9;ptx_tcgen05_mma=21;ptx_tcgen05_mma_ws=16;ptx_tcgen05_commit=1;ptx_tcgen05_alloc=1;ptx_tcgen05_dealloc=1;ptx_tcgen05_ld=5;ptx_tcgen05_st=5;ptx_mbarrier_wait=5;ptx_cp_async_tma=2;ptx_ld_shared=26;ptx_ld_global=7
07_config_matrix,cfg_bf16_m128n128k16_c256_none_fill_use_lastuse_same,0,max_abs_error>0.25,NVIDIA Thor,11.0,580.00,13.0,PTX ISA 9.3 / CUDA 13.0,1575.000,,,,bf16,128,128,16,32,128,92,1,fill_use_lastuse,same,2,2,32,1,nocount,none,none,16,16,16,0,256,0,128,none,0,none,0,4,20,3779417.0,2399.6298412698416,,,,,8192,,17.898457595973134,,,0,0.83203125,1,bf14b28d2af4128daa99f23eec8a5e105636d0b04136f8be580fdc39d6f1f97d,
07_config_matrix,cfg_bf16_m128n128k16_c256_none_fill_use_lastuse_same,0,max_abs_error>0.25,NVIDIA Thor,11.0,580.00,13.0,PTX ISA 9.3 / CUDA 13.0,1575.000,,,,bf16,128,128,16,32,128,92,2,fill_use_lastuse,same,2,2,32,1,nocount,none,none,16,16,16,0,256,0,128,none,0,none,0,4,20,3779415.0,2399.6285714285714,,,,,8192,,17.898467067522354,,,0,0.83203125,1,bf14b28d2af4128daa99f23eec8a5e105636d0b04136f8be580fdc39d6f1f97d,
07_config_matrix,cfg_bf16_m128n128k16_c256_none_fill_use_lastuse_same,0,max_abs_error>0.25,NVIDIA Thor,11.0,580.00,13.0,PTX ISA 9.3 / CUDA 13.0,1575.000,,,,bf16,128,128,16,32,128,92,3,fill_use_lastuse,same,2,2,32,1,nocount,none,none,16,16,16,0,256,0,128,none,0,none,0,4,20,3779415.0,2399.6285714285714,,,,,8192,,17.898467067522354,,,0,0.83203125,1,bf14b28d2af4128daa99f23eec8a5e105636d0b04136f8be580fdc39d6f1f97d,
07_config_matrix,cfg_bf16_m128n128k16_c256_none_fill_use_lastuse_same,0,max_abs_error>0.25,NVIDIA Thor,11.0,580.00,13.0,PTX ISA 9.3 / CUDA 13.0,1575.000,,,,bf16,128,128,16,32,128,92,4,fill_use_lastuse,same,2,2,32,1,nocount,none,none,16,16,16,0,256,0,128,none,0,none,0,4,20,3779415.0,2399.6285714285714,,,,,8192,,17.898467067522354,,,0,0.83203125,1,bf14b28d2af4128daa99f23eec8a5e105636d0b04136f8be580fdc39d6f1f97d,
07_config_matrix,cfg_bf16_m128n256k16_c256_sw128_fill_use_lastuse_pingpong,1,,NVIDIA Thor,11.0,580.00,13.0,PTX ISA 9.3 / CUDA 13.0,1575.000,,,,bf16,128,256,16,32,128,93,0,fill_use_lastuse,pingpong,1,1,32,1,nocount,sw128,sw128,16,16,16,0,256,0,256,none,0,none,0,4,20,3282539.0,2084.1517460317464,,,,,12288,,41.21549502504006,,,0,0.0,1,bf14b28d2af4128daa99f23eec8a5e105636d0b04136f8be580fdc39d6f1f97d,; UTCHMMA=21;UTCHMMA_WS=16;UTCBAR=1;UTCATOMSWS=3;SYNCS_TRYWAIT=8;LDS=21;LDG=9;ptx_tcgen05_mma=21;ptx_tcgen05_mma_ws=16;ptx_tcgen05_commit=1;ptx_tcgen05_alloc=1;ptx_tcgen05_dealloc=1;ptx_tcgen05_ld=5;ptx_tcgen05_st=5;ptx_mbarrier_wait=5;ptx_cp_async_tma=2;ptx_ld_shared=26;ptx_ld_global=7
07_config_matrix,cfg_bf16_m128n256k16_c256_sw128_fill_use_lastuse_pingpong,1,,NVIDIA Thor,11.0,580.00,13.0,PTX ISA 9.3 / CUDA 13.0,1575.000,,,,bf16,128,256,16,32,128,93,1,fill_use_lastuse,pingpong,1,1,32,1,nocount,sw128,sw128,16,16,16,0,256,0,256,none,0,none,0,4,20,3282542.0,2084.1536507936507,,,,,12288,,41.21545735713359,,,0,0.0,1,bf14b28d2af4128daa99f23eec8a5e105636d0b04136f8be580fdc39d6f1f97d,
07_config_matrix,cfg_bf16_m128n256k16_c256_sw128_fill_use_lastuse_pingpong,1,,NVIDIA Thor,11.0,580.00,13.0,PTX ISA 9.3 / CUDA 13.0,1575.000,,,,bf16,128,256,16,32,128,93,2,fill_use_lastuse,pingpong,1,1,32,1,nocount,sw128,sw128,16,16,16,0,256,0,256,none,0,none,0,4,20,3282538.0,2084.151111111111,,,,,12288,,41.2155075810242,,,0,0.0,1,bf14b28d2af4128daa99f23eec8a5e105636d0b04136f8be580fdc39d6f1f97d,
07_config_matrix,cfg_bf16_m128n256k16_c256_sw128_fill_use_lastuse_pingpong,1,,NVIDIA Thor,11.0,580.00,13.0,PTX ISA 9.3 / CUDA 13.0,1575.000,,,,bf16,128,256,16,32,128,93,3,fill_use_lastuse,pingpong,1,1,32,1,nocount,sw128,sw128,16,16,16,0,256,0,256,none,0,none,0,4,20,3282533.0,2084.1479365079363,,,,,12288,,41.215570361059584,,,0,0.0,1,bf14b28d2af4128daa99f23eec8a5e105636d0b04136f8be580fdc39d6f1f97d,
07_config_matrix,cfg_bf16_m128n256k16_c256_sw128_fill_use_lastuse_pingpong,1,,NVIDIA Thor,11.0,580.00,13.0,PTX ISA 9.3 / CUDA 13.0,1575.000,,,,bf16,128,256,16,32,128,93,4,fill_use_lastuse,pingpong,1,1,32,1,nocount,sw128,sw128,16,16,16,0,256,0,256,none,0,none,0,4,20,3282548.0,2084.1574603174604,,,,,12288,,41.21538202152718,,,0,0.0,1,bf14b28d2af4128daa99f23eec8a5e105636d0b04136f8be580fdc39d6f1f97d,
07_config_matrix,cfg_fp16_m128n64k16_c128_sw128_fill_use_lastuse_pingpong,1,,NVIDIA Thor,11.0,580.00,13.0,PTX ISA 9.3 / CUDA 13.0,1575.000,,,,fp16,128,64,16,32,128,94,0,fill_use_lastuse,pingpong,2,2,32,1,nocount,sw128,sw128,16,16,16,0,128,0,64,none,0,none,0,4,20,3779301.0,2399.5561904761907,,,,,6144,,8.9495034811993,,,0,0.0,1,bf14b28d2af4128daa99f23eec8a5e105636d0b04136f8be580fdc39d6f1f97d,; UTCHMMA=21;UTCHMMA_WS=16;UTCBAR=1;UTCATOMSWS=3;SYNCS_TRYWAIT=8;LDS=21;LDG=9;ptx_tcgen05_mma=21;ptx_tcgen05_mma_ws=16;ptx_tcgen05_commit=1;ptx_tcgen05_alloc=1;ptx_tcgen05_dealloc=1;ptx_tcgen05_ld=5;ptx_tcgen05_st=5;ptx_mbarrier_wait=5;ptx_cp_async_tma=2;ptx_ld_shared=26;ptx_ld_global=7
07_config_matrix,cfg_fp16_m128n64k16_c128_sw128_fill_use_lastuse_pingpong,1,,NVIDIA Thor,11.0,580.00,13.0,PTX ISA 9.3 / CUDA 13.0,1575.000,,,,fp16,128,64,16,32,128,94,1,fill_use_lastuse,pingpong,2,2,32,1,nocount,sw128,sw128,16,16,16,0,128,0,64,none,0,none,0,4,20,3779294.0,2399.551746031746,,,,,6144,,8.949520057449883,,,0,0.0,1,bf14b28d2af4128daa99f23eec8a5e105636d0b04136f8be580fdc39d6f1f97d,
07_config_matrix,cfg_fp16_m128n64k16_c128_sw128_fill_use_lastuse_pingpong,1,,NVIDIA Thor,11.0,580.00,13.0,PTX ISA 9.3 / CUDA 13.0,1575.000,,,,fp16,128,64,16,32,128,94,2,fill_use_lastuse,pingpong,2,2,32,1,nocount,sw128,sw128,16,16,16,0,128,0,64,none,0,none,0,4,20,3779300.0,2399.555555555555,,,,,6144,,8.94950584923134,,,0,0.0,1,bf14b28d2af4128daa99f23eec8a5e105636d0b04136f8be580fdc39d6f1f97d,
07_config_matrix,cfg_fp16_m128n64k16_c128_sw128_fill_use_lastuse_pingpong,1,,NVIDIA Thor,11.0,580.00,13.0,PTX ISA 9.3 / CUDA 13.0,1575.000,,,,fp16,128,64,16,32,128,94,3,fill_use_lastuse,pingpong,2,2,32,1,nocount,sw128,sw128,16,16,16,0,128,0,64,none,0,none,0,4,20,3779302.0,2399.5568253968254,,,,,6144,,8.949501113168518,,,0,0.0,1,bf14b28d2af4128daa99f23eec8a5e105636d0b04136f8be580fdc39d6f1f97d,
07_config_matrix,cfg_fp16_m128n64k16_c128_sw128_fill_use_lastuse_pingpong,1,,NVIDIA Thor,11.0,580.00,13.0,PTX ISA 9.3 / CUDA 13.0,1575.000,,,,fp16,128,64,16,32,128,94,4,fill_use_lastuse,pingpong,2,2,32,1,nocount,sw128,sw128,16,16,16,0,128,0,64,none,0,none,0,4,20,3779299.0,2399.5549206349206,,,,,6144,,8.949508217264631,,,0,0.0,1,bf14b28d2af4128daa99f23eec8a5e105636d0b04136f8be580fdc39d6f1f97d,
07_config_matrix,cfg_bf16_m128n128k16_c128_sw64_fill_use_lastuse_pingpong,1,,NVIDIA Thor,11.0,580.00,13.0,PTX ISA 9.3 / CUDA 13.0,1575.000,,,,bf16,128,128,16,32,128,95,0,fill_use_lastuse,pingpong,1,1,32,1,nocount,sw64,sw64,16,16,16,0,128,0,128,none,0,none,0,4,20,3168621.0,2011.822857142857,,,,,8192,,21.34863554587311,,,0,0.0,1,bf14b28d2af4128daa99f23eec8a5e105636d0b04136f8be580fdc39d6f1f97d,; UTCHMMA=21;UTCHMMA_WS=16;UTCBAR=1;UTCATOMSWS=3;SYNCS_TRYWAIT=8;LDS=21;LDG=9;ptx_tcgen05_mma=21;ptx_tcgen05_mma_ws=16;ptx_tcgen05_commit=1;ptx_tcgen05_alloc=1;ptx_tcgen05_dealloc=1;ptx_tcgen05_ld=5;ptx_tcgen05_st=5;ptx_mbarrier_wait=5;ptx_cp_async_tma=2;ptx_ld_shared=26;ptx_ld_global=7
07_config_matrix,cfg_bf16_m128n128k16_c128_sw64_fill_use_lastuse_pingpong,1,,NVIDIA Thor,11.0,580.00,13.0,PTX ISA 9.3 / CUDA 13.0,1575.000,,,,bf16,128,128,16,32,128,95,1,fill_use_lastuse,pingpong,1,1,32,1,nocount,sw64,sw64,16,16,16,0,128,0,128,none,0,none,0,4,20,3168605.0,2011.8126984126984,,,,,8192,,21.348743346677796,,,0,0.0,1,bf14b28d2af4128daa99f23eec8a5e105636d0b04136f8be580fdc39d6f1f97d,
07_config_matrix,cfg_bf16_m128n128k16_c128_sw64_fill_use_lastuse_pingpong,1,,NVIDIA Thor,11.0,580.00,13.0,PTX ISA 9.3 / CUDA 13.0,1575.000,,,,bf16,128,128,16,32,128,95,2,fill_use_lastuse,pingpong,1,1,32,1,nocount,sw64,sw64,16,16,16,0,128,0,128,none,0,none,0,4,20,3168624.0,2011.824761904762,,,,,8192,,21.348615333343428,,,0,0.0,1,bf14b28d2af4128daa99f23eec8a5e105636d0b04136f8be580fdc39d6f1f97d,
07_config_matrix,cfg_bf16_m128n128k16_c128_sw64_fill_use_lastuse_pingpong,1,,NVIDIA Thor,11.0,580.00,13.0,PTX ISA 9.3 / CUDA 13.0,1575.000,,,,bf16,128,128,16,32,128,95,3,fill_use_lastuse,pingpong,1,1,32,1,nocount,sw64,sw64,16,16,16,0,128,0,128,none,0,none,0,4,20,3168607.0,2011.8139682539681,,,,,8192,,21.348729871517673,,,0,0.0,1,bf14b28d2af4128daa99f23eec8a5e105636d0b04136f8be580fdc39d6f1f97d,
07_config_matrix,cfg_bf16_m128n128k16_c128_sw64_fill_use_lastuse_pingpong,1,,NVIDIA Thor,11.0,580.00,13.0,PTX ISA 9.3 / CUDA 13.0,1575.000,,,,bf16,128,128,16,32,128,95,4,fill_use_lastuse,pingpong,1,1,32,1,nocount,sw64,sw64,16,16,16,0,128,0,128,none,0,none,0,4,20,3168616.0,2011.8196825396826,,,,,8192,,21.348669233507625,,,0,0.0,1,bf14b28d2af4128daa99f23eec8a5e105636d0b04136f8be580fdc39d6f1f97d,
07_config_matrix,cfg_bf16_m128n128k16_c128_none_fill_use_lastuse_same,0,max_abs_error>0.25,NVIDIA Thor,11.0,580.00,13.0,PTX ISA 9.3 / CUDA 13.0,1575.000,,,,bf16,128,128,16,32,128,96,0,fill_use_lastuse,same,1,1,32,1,nocount,none,none,16,16,16,0,128,0,128,none,0,none,0,4,20,3281363.0,2083.405079365079,,,,,8192,,20.615133074883826,,,0,0.83203125,1,bf14b28d2af4128daa99f23eec8a5e105636d0b04136f8be580fdc39d6f1f97d,; UTCHMMA=21;UTCHMMA_WS=16;UTCBAR=1;UTCATOMSWS=3;SYNCS_TRYWAIT=8;LDS=21;LDG=9;ptx_tcgen05_mma=21;ptx_tcgen05_mma_ws=16;ptx_tcgen05_commit=1;ptx_tcgen05_alloc=1;ptx_tcgen05_dealloc=1;ptx_tcgen05_ld=5;ptx_tcgen05_st=5;ptx_mbarrier_wait=5;ptx_cp_async_tma=2;ptx_ld_shared=26;ptx_ld_global=7
07_config_matrix,cfg_bf16_m128n128k16_c128_none_fill_use_lastuse_same,0,max_abs_error>0.25,NVIDIA Thor,11.0,580.00,13.0,PTX ISA 9.3 / CUDA 13.0,1575.000,,,,bf16,128,128,16,32,128,96,1,fill_use_lastuse,same,1,1,32,1,nocount,none,none,16,16,16,0,128,0,128,none,0,none,0,4,20,3281362.0,2083.4044444444444,,,,,8192,,20.615139357376602,,,0,0.83203125,1,bf14b28d2af4128daa99f23eec8a5e105636d0b04136f8be580fdc39d6f1f97d,
07_config_matrix,cfg_bf16_m128n128k16_c128_none_fill_use_lastuse_same,0,max_abs_error>0.25,NVIDIA Thor,11.0,580.00,13.0,PTX ISA 9.3 / CUDA 13.0,1575.000,,,,bf16,128,128,16,32,128,96,2,fill_use_lastuse,same,1,1,32,1,nocount,none,none,16,16,16,0,128,0,128,none,0,none,0,4,20,3281364.0,2083.405714285714,,,,,8192,,20.61512679239487,,,0,0.83203125,1,bf14b28d2af4128daa99f23eec8a5e105636d0b04136f8be580fdc39d6f1f97d,
07_config_matrix,cfg_bf16_m128n128k16_c128_none_fill_use_lastuse_same,0,max_abs_error>0.25,NVIDIA Thor,11.0,580.00,13.0,PTX ISA 9.3 / CUDA 13.0,1575.000,,,,bf16,128,128,16,32,128,96,3,fill_use_lastuse,same,1,1,32,1,nocount,none,none,16,16,16,0,128,0,128,none,0,none,0,4,20,3282415.0,2084.0730158730157,,,,,8192,,20.60852601270711,,,0,0.83203125,1,bf14b28d2af4128daa99f23eec8a5e105636d0b04136f8be580fdc39d6f1f97d,
07_config_matrix,cfg_bf16_m128n128k16_c128_none_fill_use_lastuse_same,0,max_abs_error>0.25,NVIDIA Thor,11.0,580.00,13.0,PTX ISA 9.3 / CUDA 13.0,1575.000,,,,bf16,128,128,16,32,128,96,4,fill_use_lastuse,same,1,1,32,1,nocount,none,none,16,16,16,0,128,0,128,none,0,none,0,4,20,3281356.0,2083.4006349206347,,,,,8192,,20.6151770524137,,,0,0.83203125,1,bf14b28d2af4128daa99f23eec8a5e105636d0b04136f8be580fdc39d6f1f97d,
07_config_matrix,cfg_fp16_m128n64k16_c256_sw64_fill_use_lastuse_pingpong,1,,NVIDIA Thor,11.0,580.00,13.0,PTX ISA 9.3 / CUDA 13.0,1575.000,,,,fp16,128,64,16,32,128,97,0,fill_use_lastuse,pingpong,4,4,32,1,nocount,sw64,sw64,16,16,16,0,256,0,64,none,0,none,0,4,20,3664484.0,2326.6565079365078,,,,,6144,,9.229912712403712,,,0,0.0,1,bf14b28d2af4128daa99f23eec8a5e105636d0b04136f8be580fdc39d6f1f97d,; UTCHMMA=21;UTCHMMA_WS=16;UTCBAR=1;UTCATOMSWS=3;SYNCS_TRYWAIT=8;LDS=21;LDG=9;ptx_tcgen05_mma=21;ptx_tcgen05_mma_ws=16;ptx_tcgen05_commit=1;ptx_tcgen05_alloc=1;ptx_tcgen05_dealloc=1;ptx_tcgen05_ld=5;ptx_tcgen05_st=5;ptx_mbarrier_wait=5;ptx_cp_async_tma=2;ptx_ld_shared=26;ptx_ld_global=7
07_config_matrix,cfg_fp16_m128n64k16_c256_sw64_fill_use_lastuse_pingpong,1,,NVIDIA Thor,11.0,580.00,13.0,PTX ISA 9.3 / CUDA 13.0,1575.000,,,,fp16,128,64,16,32,128,97,1,fill_use_lastuse,pingpong,4,4,32,1,nocount,sw64,sw64,16,16,16,0,256,0,64,none,0,none,0,4,20,3664481.0,2326.6546031746034,,,,,6144,,9.229920268654688,,,0,0.0,1,bf14b28d2af4128daa99f23eec8a5e105636d0b04136f8be580fdc39d6f1f97d,
07_config_matrix,cfg_fp16_m128n64k16_c256_sw64_fill_use_lastuse_pingpong,1,,NVIDIA Thor,11.0,580.00,13.0,PTX ISA 9.3 / CUDA 13.0,1575.000,,,,fp16,128,64,16,32,128,97,2,fill_use_lastuse,pingpong,4,4,32,1,nocount,sw64,sw64,16,16,16,0,256,0,64,none,0,none,0,4,20,3664590.0,2326.72380952381,,,,,6144,,9.229645732810491,,,0,0.0,1,bf14b28d2af4128daa99f23eec8a5e105636d0b04136f8be580fdc39d6f1f97d,
07_config_matrix,cfg_fp16_m128n64k16_c256_sw64_fill_use_lastuse_pingpong,1,,NVIDIA Thor,11.0,580.00,13.0,PTX ISA 9.3 / CUDA 13.0,1575.000,,,,fp16,128,64,16,32,128,97,3,fill_use_lastuse,pingpong,4,4,32,1,nocount,sw64,sw64,16,16,16,0,256,0,64,none,0,none,0,4,20,3664479.0,2326.653333333333,,,,,6144,,9.229925306162214,,,0,0.0,1,bf14b28d2af4128daa99f23eec8a5e105636d0b04136f8be580fdc39d6f1f97d,
07_config_matrix,cfg_fp16_m128n64k16_c256_sw64_fill_use_lastuse_pingpong,1,,NVIDIA Thor,11.0,580.00,13.0,PTX ISA 9.3 / CUDA 13.0,1575.000,,,,fp16,128,64,16,32,128,97,4,fill_use_lastuse,pingpong,4,4,32,1,nocount,sw64,sw64,16,16,16,0,256,0,64,none,0,none,0,4,20,3664591.0,2326.7244444444445,,,,,6144,,9.229643214208625,,,0,0.0,1,bf14b28d2af4128daa99f23eec8a5e105636d0b04136f8be580fdc39d6f1f97d,
07_config_matrix,cfg_fp16_m128n256k16_c512_sw64_fill_use_lastuse_pingpong,1,,NVIDIA Thor,11.0,580.00,13.0,PTX ISA 9.3 / CUDA 13.0,1575.000,,,,fp16,128,256,16,32,128,98,0,fill_use_lastuse,pingpong,2,2,32,1,nocount,sw64,sw64,16,16,16,0,512,0,256,none,0,none,0,4,20,3664483.0,2326.655873015873,,,,,12288,,36.919660924610646,,,0,0.0,1,bf14b28d2af4128daa99f23eec8a5e105636d0b04136f8be580fdc39d6f1f97d,; UTCHMMA=21;UTCHMMA_WS=16;UTCBAR=1;UTCATOMSWS=3;SYNCS_TRYWAIT=8;LDS=21;LDG=9;ptx_tcgen05_mma=21;ptx_tcgen05_mma_ws=16;ptx_tcgen05_commit=1;ptx_tcgen05_alloc=1;ptx_tcgen05_dealloc=1;ptx_tcgen05_ld=5;ptx_tcgen05_st=5;ptx_mbarrier_wait=5;ptx_cp_async_tma=2;ptx_ld_shared=26;ptx_ld_global=7
07_config_matrix,cfg_fp16_m128n256k16_c512_sw64_fill_use_lastuse_pingpong,1,,NVIDIA Thor,11.0,580.00,13.0,PTX ISA 9.3 / CUDA 13.0,1575.000,,,,fp16,128,256,16,32,128,98,1,fill_use_lastuse,pingpong,2,2,32,1,nocount,sw64,sw64,16,16,16,0,512,0,256,none,0,none,0,4,20,3664483.0,2326.655873015873,,,,,12288,,36.919660924610646,,,0,0.0,1,bf14b28d2af4128daa99f23eec8a5e105636d0b04136f8be580fdc39d6f1f97d,
07_config_matrix,cfg_fp16_m128n256k16_c512_sw64_fill_use_lastuse_pingpong,1,,NVIDIA Thor,11.0,580.00,13.0,PTX ISA 9.3 / CUDA 13.0,1575.000,,,,fp16,128,256,16,32,128,98,2,fill_use_lastuse,pingpong,2,2,32,1,nocount,sw64,sw64,16,16,16,0,512,0,256,none,0,none,0,4,20,3664483.0,2326.655873015873,,,,,12288,,36.919660924610646,,,0,0.0,1,bf14b28d2af4128daa99f23eec8a5e105636d0b04136f8be580fdc39d6f1f97d,
07_config_matrix,cfg_fp16_m128n256k16_c512_sw64_fill_use_lastuse_pingpong,1,,NVIDIA Thor,11.0,580.00,13.0,PTX ISA 9.3 / CUDA 13.0,1575.000,,,,fp16,128,256,16,32,128,98,3,fill_use_lastuse,pingpong,2,2,32,1,nocount,sw64,sw64,16,16,16,0,512,0,256,none,0,none,0,4,20,3664480.0,2326.6539682539683,,,,,12288,,36.91969114963105,,,0,0.0,1,bf14b28d2af4128daa99f23eec8a5e105636d0b04136f8be580fdc39d6f1f97d,
07_config_matrix,cfg_fp16_m128n256k16_c512_sw64_fill_use_lastuse_pingpong,1,,NVIDIA Thor,11.0,580.00,13.0,PTX ISA 9.3 / CUDA 13.0,1575.000,,,,fp16,128,256,16,32,128,98,4,fill_use_lastuse,pingpong,2,2,32,1,nocount,sw64,sw64,16,16,16,0,512,0,256,none,0,none,0,4,20,3664474.0,2326.6501587301586,,,,,12288,,36.91975159982033,,,0,0.0,1,bf14b28d2af4128daa99f23eec8a5e105636d0b04136f8be580fdc39d6f1f97d,
07_config_matrix,cfg_fp16_m128n256k16_c256_sw32_discard_same,1,,NVIDIA Thor,11.0,580.00,13.0,PTX ISA 9.3 / CUDA 13.0,1575.000,,,,fp16,128,256,16,32,128,99,0,discard,same,1,1,32,1,nocount,sw32,sw32,16,16,16,0,256,0,256,none,0,none,0,4,20,2891092.0,1835.613968253968,,,,,12288,,46.79597530068224,,,0,0.0,1,bf14b28d2af4128daa99f23eec8a5e105636d0b04136f8be580fdc39d6f1f97d,; UTCHMMA=21;UTCHMMA_WS=16;UTCBAR=1;UTCATOMSWS=3;SYNCS_TRYWAIT=8;LDS=21;LDG=9;ptx_tcgen05_mma=21;ptx_tcgen05_mma_ws=16;ptx_tcgen05_commit=1;ptx_tcgen05_alloc=1;ptx_tcgen05_dealloc=1;ptx_tcgen05_ld=5;ptx_tcgen05_st=5;ptx_mbarrier_wait=5;ptx_cp_async_tma=2;ptx_ld_shared=26;ptx_ld_global=7
07_config_matrix,cfg_fp16_m128n256k16_c256_sw32_discard_same,1,,NVIDIA Thor,11.0,580.00,13.0,PTX ISA 9.3 / CUDA 13.0,1575.000,,,,fp16,128,256,16,32,128,99,1,discard,same,1,1,32,1,nocount,sw32,sw32,16,16,16,0,256,0,256,none,0,none,0,4,20,2891091.0,1835.6133333333335,,,,,12288,,46.795991486950776,,,0,0.0,1,bf14b28d2af4128daa99f23eec8a5e105636d0b04136f8be580fdc39d6f1f97d,
07_config_matrix,cfg_fp16_m128n256k16_c256_sw32_discard_same,1,,NVIDIA Thor,11.0,580.00,13.0,PTX ISA 9.3 / CUDA 13.0,1575.000,,,,fp16,128,256,16,32,128,99,2,discard,same,1,1,32,1,nocount,sw32,sw32,16,16,16,0,256,0,256,none,0,none,0,4,20,2891094.0,1835.615238095238,,,,,12288,,46.79594292817874,,,0,0.0,1,bf14b28d2af4128daa99f23eec8a5e105636d0b04136f8be580fdc39d6f1f97d,
07_config_matrix,cfg_fp16_m128n256k16_c256_sw32_discard_same,1,,NVIDIA Thor,11.0,580.00,13.0,PTX ISA 9.3 / CUDA 13.0,1575.000,,,,fp16,128,256,16,32,128,99,3,discard,same,1,1,32,1,nocount,sw32,sw32,16,16,16,0,256,0,256,none,0,none,0,4,20,2891096.0,1835.616507936508,,,,,12288,,46.79591055572005,,,0,0.0,1,bf14b28d2af4128daa99f23eec8a5e105636d0b04136f8be580fdc39d6f1f97d,
07_config_matrix,cfg_fp16_m128n256k16_c256_sw32_discard_same,1,,NVIDIA Thor,11.0,580.00,13.0,PTX ISA 9.3 / CUDA 13.0,1575.000,,,,fp16,128,256,16,32,128,99,4,discard,same,1,1,32,1,nocount,sw32,sw32,16,16,16,0,256,0,256,none,0,none,0,4,20,2891085.0,1835.6095238095238,,,,,12288,,46.79608860479716,,,0,0.0,1,bf14b28d2af4128daa99f23eec8a5e105636d0b04136f8be580fdc39d6f1f97d,
07_config_matrix,cfg_fp16_m128n128k16_c128_none_fill_use_lastuse_same,0,max_abs_error>0.05,NVIDIA Thor,11.0,580.00,13.0,PTX ISA 9.3 / CUDA 13.0,1575.000,,,,fp16,128,128,16,32,128,100,0,fill_use_lastuse,same,1,1,32,1,nocount,none,none,16,16,16,0,128,0,128,none,0,none,0,4,20,3282392.0,2084.0584126984127,,,,,8192,,20.60867041840219,,,0,0.83203125,1,bf14b28d2af4128daa99f23eec8a5e105636d0b04136f8be580fdc39d6f1f97d,; UTCHMMA=21;UTCHMMA_WS=16;UTCBAR=1;UTCATOMSWS=3;SYNCS_TRYWAIT=8;LDS=21;LDG=9;ptx_tcgen05_mma=21;ptx_tcgen05_mma_ws=16;ptx_tcgen05_commit=1;ptx_tcgen05_alloc=1;ptx_tcgen05_dealloc=1;ptx_tcgen05_ld=5;ptx_tcgen05_st=5;ptx_mbarrier_wait=5;ptx_cp_async_tma=2;ptx_ld_shared=26;ptx_ld_global=7
07_config_matrix,cfg_fp16_m128n128k16_c128_none_fill_use_lastuse_same,0,max_abs_error>0.05,NVIDIA Thor,11.0,580.00,13.0,PTX ISA 9.3 / CUDA 13.0,1575.000,,,,fp16,128,128,16,32,128,100,1,fill_use_lastuse,same,1,1,32,1,nocount,none,none,16,16,16,0,128,0,128,none,0,none,0,4,20,3282390.0,2084.057142857143,,,,,8192,,20.60868297551479,,,0,0.83203125,1,bf14b28d2af4128daa99f23eec8a5e105636d0b04136f8be580fdc39d6f1f97d,
07_config_matrix,cfg_fp16_m128n128k16_c128_none_fill_use_lastuse_same,0,max_abs_error>0.05,NVIDIA Thor,11.0,580.00,13.0,PTX ISA 9.3 / CUDA 13.0,1575.000,,,,fp16,128,128,16,32,128,100,2,fill_use_lastuse,same,1,1,32,1,nocount,none,none,16,16,16,0,128,0,128,none,0,none,0,4,20,3282393.0,2084.0590476190478,,,,,8192,,20.608664139851626,,,0,0.83203125,1,bf14b28d2af4128daa99f23eec8a5e105636d0b04136f8be580fdc39d6f1f97d,
07_config_matrix,cfg_fp16_m128n128k16_c128_none_fill_use_lastuse_same,0,max_abs_error>0.05,NVIDIA Thor,11.0,580.00,13.0,PTX ISA 9.3 / CUDA 13.0,1575.000,,,,fp16,128,128,16,32,128,100,3,fill_use_lastuse,same,1,1,32,1,nocount,none,none,16,16,16,0,128,0,128,none,0,none,0,4,20,3281356.0,2083.4006349206347,,,,,8192,,20.6151770524137,,,0,0.83203125,1,bf14b28d2af4128daa99f23eec8a5e105636d0b04136f8be580fdc39d6f1f97d,
07_config_matrix,cfg_fp16_m128n128k16_c128_none_fill_use_lastuse_same,0,max_abs_error>0.05,NVIDIA Thor,11.0,580.00,13.0,PTX ISA 9.3 / CUDA 13.0,1575.000,,,,fp16,128,128,16,32,128,100,4,fill_use_lastuse,same,1,1,32,1,nocount,none,none,16,16,16,0,128,0,128,none,0,none,0,4,20,3282394.0,2084.0596825396824,,,,,8192,,20.60865786130489,,,0,0.83203125,1,bf14b28d2af4128daa99f23eec8a5e105636d0b04136f8be580fdc39d6f1f97d,
07_config_matrix,cfg_bf16_m128n128k16_c512_sw128_discard_pingpong,1,,NVIDIA Thor,11.0,580.00,13.0,PTX ISA 9.3 / CUDA 13.0,1575.000,,,,bf16,128,128,16,32,128,101,0,discard,pingpong,4,4,32,1,nocount,sw128,sw128,16,16,16,0,512,0,128,none,0,none,0,4,20,3678991.0,2335.867301587302,,,,,8192,,18.38703462770091,,,0,0.0,1,bf14b28d2af4128daa99f23eec8a5e105636d0b04136f8be580fdc39d6f1f97d,; UTCHMMA=21;UTCHMMA_WS=16;UTCBAR=1;UTCATOMSWS=3;SYNCS_TRYWAIT=8;LDS=21;LDG=9;ptx_tcgen05_mma=21;ptx_tcgen05_mma_ws=16;ptx_tcgen05_commit=1;ptx_tcgen05_alloc=1;ptx_tcgen05_dealloc=1;ptx_tcgen05_ld=5;ptx_tcgen05_st=5;ptx_mbarrier_wait=5;ptx_cp_async_tma=2;ptx_ld_shared=26;ptx_ld_global=7
07_config_matrix,cfg_bf16_m128n128k16_c512_sw128_discard_pingpong,1,,NVIDIA Thor,11.0,580.00,13.0,PTX ISA 9.3 / CUDA 13.0,1575.000,,,,bf16,128,128,16,32,128,101,1,discard,pingpong,4,4,32,1,nocount,sw128,sw128,16,16,16,0,512,0,128,none,0,none,0,4,20,3678958.0,2335.8463492063493,,,,,8192,,18.387199558135755,,,0,0.0,1,bf14b28d2af4128daa99f23eec8a5e105636d0b04136f8be580fdc39d6f1f97d,
07_config_matrix,cfg_bf16_m128n128k16_c512_sw128_discard_pingpong,1,,NVIDIA Thor,11.0,580.00,13.0,PTX ISA 9.3 / CUDA 13.0,1575.000,,,,bf16,128,128,16,32,128,101,2,discard,pingpong,4,4,32,1,nocount,sw128,sw128,16,16,16,0,512,0,128,none,0,none,0,4,20,3678957.0,2335.845714285714,,,,,8192,,18.38720455607391,,,0,0.0,1,bf14b28d2af4128daa99f23eec8a5e105636d0b04136f8be580fdc39d6f1f97d,
07_config_matrix,cfg_bf16_m128n128k16_c512_sw128_discard_pingpong,1,,NVIDIA Thor,11.0,580.00,13.0,PTX ISA 9.3 / CUDA 13.0,1575.000,,,,bf16,128,128,16,32,128,101,3,discard,pingpong,4,4,32,1,nocount,sw128,sw128,16,16,16,0,512,0,128,none,0,none,0,4,20,3678958.0,2335.8463492063493,,,,,8192,,18.387199558135755,,,0,0.0,1,bf14b28d2af4128daa99f23eec8a5e105636d0b04136f8be580fdc39d6f1f97d,
07_config_matrix,cfg_bf16_m128n128k16_c512_sw128_discard_pingpong,1,,NVIDIA Thor,11.0,580.00,13.0,PTX ISA 9.3 / CUDA 13.0,1575.000,,,,bf16,128,128,16,32,128,101,4,discard,pingpong,4,4,32,1,nocount,sw128,sw128,16,16,16,0,512,0,128,none,0,none,0,4,20,3678993.0,2335.8685714285716,,,,,8192,,18.387024632012075,,,0,0.0,1,bf14b28d2af4128daa99f23eec8a5e105636d0b04136f8be580fdc39d6f1f97d,
07_config_matrix,cfg_bf16_m128n64k16_c512_none_discard_same,0,max_abs_error>0.25,NVIDIA Thor,11.0,580.00,13.0,PTX ISA 9.3 / CUDA 13.0,1575.000,,,,bf16,128,64,16,32,128,102,0,discard,same,8,8,32,1,nocount,none,none,16,16,16,0,512,0,64,none,0,none,0,4,20,3678618.0,2335.630476190476,,,,,6144,,9.194449506852843,,,0,0.83203125,1,bf14b28d2af4128daa99f23eec8a5e105636d0b04136f8be580fdc39d6f1f97d,; UTCHMMA=21;UTCHMMA_WS=16;UTCBAR=1;UTCATOMSWS=3;SYNCS_TRYWAIT=8;LDS=21;LDG=9;ptx_tcgen05_mma=21;ptx_tcgen05_mma_ws=16;ptx_tcgen05_commit=1;ptx_tcgen05_alloc=1;ptx_tcgen05_dealloc=1;ptx_tcgen05_ld=5;ptx_tcgen05_st=5;ptx_mbarrier_wait=5;ptx_cp_async_tma=2;ptx_ld_shared=26;ptx_ld_global=7
07_config_matrix,cfg_bf16_m128n64k16_c512_none_discard_same,0,max_abs_error>0.25,NVIDIA Thor,11.0,580.00,13.0,PTX ISA 9.3 / CUDA 13.0,1575.000,,,,bf16,128,64,16,32,128,102,1,discard,same,8,8,32,1,nocount,none,none,16,16,16,0,512,0,64,none,0,none,0,4,20,3678583.0,2335.608253968254,,,,,6144,,9.194536987747728,,,0,0.83203125,1,bf14b28d2af4128daa99f23eec8a5e105636d0b04136f8be580fdc39d6f1f97d,
07_config_matrix,cfg_bf16_m128n64k16_c512_none_discard_same,0,max_abs_error>0.25,NVIDIA Thor,11.0,580.00,13.0,PTX ISA 9.3 / CUDA 13.0,1575.000,,,,bf16,128,64,16,32,128,102,2,discard,same,8,8,32,1,nocount,none,none,16,16,16,0,512,0,64,none,0,none,0,4,20,3678619.0,2335.6311111111113,,,,,6144,,9.194447007423166,,,0,0.83203125,1,bf14b28d2af4128daa99f23eec8a5e105636d0b04136f8be580fdc39d6f1f97d,
07_config_matrix,cfg_bf16_m128n64k16_c512_none_discard_same,0,max_abs_error>0.25,NVIDIA Thor,11.0,580.00,13.0,PTX ISA 9.3 / CUDA 13.0,1575.000,,,,bf16,128,64,16,32,128,102,3,discard,same,8,8,32,1,nocount,none,none,16,16,16,0,512,0,64,none,0,none,0,4,20,3678620.0,2335.631746031746,,,,,6144,,9.194444507994845,,,0,0.83203125,1,bf14b28d2af4128daa99f23eec8a5e105636d0b04136f8be580fdc39d6f1f97d,
07_config_matrix,cfg_bf16_m128n64k16_c512_none_discard_same,0,max_abs_error>0.25,NVIDIA Thor,11.0,580.00,13.0,PTX ISA 9.3 / CUDA 13.0,1575.000,,,,bf16,128,64,16,32,128,102,4,discard,same,8,8,32,1,nocount,none,none,16,16,16,0,512,0,64,none,0,none,0,4,20,3678628.0,2335.6368253968253,,,,,6144,,9.194424512617204,,,0,0.83203125,1,bf14b28d2af4128daa99f23eec8a5e105636d0b04136f8be580fdc39d6f1f97d,
07_config_matrix,cfg_bf16_m128n64k16_c256_sw128_discard_same,1,,NVIDIA Thor,11.0,580.00,13.0,PTX ISA 9.3 / CUDA 13.0,1575.000,,,,bf16,128,64,16,32,128,103,0,discard,same,4,4,32,1,nocount,sw128,sw128,16,16,16,0,256,0,64,none,0,none,0,4,20,3678620.0,2335.631746031746,,,,,6144,,9.194444507994845,,,0,0.0,1,bf14b28d2af4128daa99f23eec8a5e105636d0b04136f8be580fdc39d6f1f97d,; UTCHMMA=21;UTCHMMA_WS=16;UTCBAR=1;UTCATOMSWS=3;SYNCS_TRYWAIT=8;LDS=21;LDG=9;ptx_tcgen05_mma=21;ptx_tcgen05_mma_ws=16;ptx_tcgen05_commit=1;ptx_tcgen05_alloc=1;ptx_tcgen05_dealloc=1;ptx_tcgen05_ld=5;ptx_tcgen05_st=5;ptx_mbarrier_wait=5;ptx_cp_async_tma=2;ptx_ld_shared=26;ptx_ld_global=7
07_config_matrix,cfg_bf16_m128n64k16_c256_sw128_discard_same,1,,NVIDIA Thor,11.0,580.00,13.0,PTX ISA 9.3 / CUDA 13.0,1575.000,,,,bf16,128,64,16,32,128,103,1,discard,same,4,4,32,1,nocount,sw128,sw128,16,16,16,0,256,0,64,none,0,none,0,4,20,3678580.0,2335.606349206349,,,,,6144,,9.194544486187606,,,0,0.0,1,bf14b28d2af4128daa99f23eec8a5e105636d0b04136f8be580fdc39d6f1f97d,
07_config_matrix,cfg_bf16_m128n64k16_c256_sw128_discard_same,1,,NVIDIA Thor,11.0,580.00,13.0,PTX ISA 9.3 / CUDA 13.0,1575.000,,,,bf16,128,64,16,32,128,103,2,discard,same,4,4,32,1,nocount,sw128,sw128,16,16,16,0,256,0,64,none,0,none,0,4,20,3678580.0,2335.606349206349,,,,,6144,,9.194544486187606,,,0,0.0,1,bf14b28d2af4128daa99f23eec8a5e105636d0b04136f8be580fdc39d6f1f97d,
07_config_matrix,cfg_bf16_m128n64k16_c256_sw128_discard_same,1,,NVIDIA Thor,11.0,580.00,13.0,PTX ISA 9.3 / CUDA 13.0,1575.000,,,,bf16,128,64,16,32,128,103,3,discard,same,4,4,32,1,nocount,sw128,sw128,16,16,16,0,256,0,64,none,0,none,0,4,20,3678586.0,2335.610158730159,,,,,6144,,9.19452948932008,,,0,0.0,1,bf14b28d2af4128daa99f23eec8a5e105636d0b04136f8be580fdc39d6f1f97d,
07_config_matrix,cfg_bf16_m128n64k16_c256_sw128_discard_same,1,,NVIDIA Thor,11.0,580.00,13.0,PTX ISA 9.3 / CUDA 13.0,1575.000,,,,bf16,128,64,16,32,128,103,4,discard,same,4,4,32,1,nocount,sw128,sw128,16,16,16,0,256,0,64,none,0,none,0,4,20,3678628.0,2335.6368253968253,,,,,6144,,9.194424512617204,,,0,0.0,1,bf14b28d2af4128daa99f23eec8a5e105636d0b04136f8be580fdc39d6f1f97d,
07_config_matrix,cfg_bf16_m128n64k16_c128_sw128_fill_use_lastuse_pingpong,1,,NVIDIA Thor,11.0,580.00,13.0,PTX ISA 9.3 / CUDA 13.0,1575.000,,,,bf16,128,64,16,32,128,104,0,fill_use_lastuse,pingpong,2,2,32,1,nocount,sw128,sw128,16,16,16,0,128,0,64,none,0,none,0,4,20,3779302.0,2399.5568253968254,,,,,6144,,8.949501113168518,,,0,0.0,1,bf14b28d2af4128daa99f23eec8a5e105636d0b04136f8be580fdc39d6f1f97d,; UTCHMMA=21;UTCHMMA_WS=16;UTCBAR=1;UTCATOMSWS=3;SYNCS_TRYWAIT=8;LDS=21;LDG=9;ptx_tcgen05_mma=21;ptx_tcgen05_mma_ws=16;ptx_tcgen05_commit=1;ptx_tcgen05_alloc=1;ptx_tcgen05_dealloc=1;ptx_tcgen05_ld=5;ptx_tcgen05_st=5;ptx_mbarrier_wait=5;ptx_cp_async_tma=2;ptx_ld_shared=26;ptx_ld_global=7
07_config_matrix,cfg_bf16_m128n64k16_c128_sw128_fill_use_lastuse_pingpong,1,,NVIDIA Thor,11.0,580.00,13.0,PTX ISA 9.3 / CUDA 13.0,1575.000,,,,bf16,128,64,16,32,128,104,1,fill_use_lastuse,pingpong,2,2,32,1,nocount,sw128,sw128,16,16,16,0,128,0,64,none,0,none,0,4,20,3779292.0,2399.5504761904763,,,,,6144,,8.949524793532756,,,0,0.0,1,bf14b28d2af4128daa99f23eec8a5e105636d0b04136f8be580fdc39d6f1f97d,
07_config_matrix,cfg_bf16_m128n64k16_c128_sw128_fill_use_lastuse_pingpong,1,,NVIDIA Thor,11.0,580.00,13.0,PTX ISA 9.3 / CUDA 13.0,1575.000,,,,bf16,128,64,16,32,128,104,2,fill_use_lastuse,pingpong,2,2,32,1,nocount,sw128,sw128,16,16,16,0,128,0,64,none,0,none,0,4,20,3779300.0,2399.555555555555,,,,,6144,,8.94950584923134,,,0,0.0,1,bf14b28d2af4128daa99f23eec8a5e105636d0b04136f8be580fdc39d6f1f97d,
07_config_matrix,cfg_bf16_m128n64k16_c128_sw128_fill_use_lastuse_pingpong,1,,NVIDIA Thor,11.0,580.00,13.0,PTX ISA 9.3 / CUDA 13.0,1575.000,,,,bf16,128,64,16,32,128,104,3,fill_use_lastuse,pingpong,2,2,32,1,nocount,sw128,sw128,16,16,16,0,128,0,64,none,0,none,0,4,20,3779304.0,2399.558095238095,,,,,6144,,8.949496377110707,,,0,0.0,1,bf14b28d2af4128daa99f23eec8a5e105636d0b04136f8be580fdc39d6f1f97d,
07_config_matrix,cfg_bf16_m128n64k16_c128_sw128_fill_use_lastuse_pingpong,1,,NVIDIA Thor,11.0,580.00,13.0,PTX ISA 9.3 / CUDA 13.0,1575.000,,,,bf16,128,64,16,32,128,104,4,fill_use_lastuse,pingpong,2,2,32,1,nocount,sw128,sw128,16,16,16,0,128,0,64,none,0,none,0,4,20,3779298.0,2399.554285714286,,,,,6144,,8.949510585299175,,,0,0.0,1,bf14b28d2af4128daa99f23eec8a5e105636d0b04136f8be580fdc39d6f1f97d,
07_config_matrix,cfg_fp16_m128n64k16_c256_sw32_fill_use_lastuse_same,1,,NVIDIA Thor,11.0,580.00,13.0,PTX ISA 9.3 / CUDA 13.0,1575.000,,,,fp16,128,64,16,32,128,105,0,fill_use_lastuse,same,4,4,32,1,nocount,sw32,sw32,16,16,16,0,256,0,64,none,0,none,0,4,20,3488011.0,2214.6101587301587,,,,,6144,,9.696892428378236,,,0,0.0,1,bf14b28d2af4128daa99f23eec8a5e105636d0b04136f8be580fdc39d6f1f97d,; UTCHMMA=21;UTCHMMA_WS=16;UTCBAR=1;UTCATOMSWS=3;SYNCS_TRYWAIT=8;LDS=21;LDG=9;ptx_tcgen05_mma=21;ptx_tcgen05_mma_ws=16;ptx_tcgen05_commit=1;ptx_tcgen05_alloc=1;ptx_tcgen05_dealloc=1;ptx_tcgen05_ld=5;ptx_tcgen05_st=5;ptx_mbarrier_wait=5;ptx_cp_async_tma=2;ptx_ld_shared=26;ptx_ld_global=7
07_config_matrix,cfg_fp16_m128n64k16_c256_sw32_fill_use_lastuse_same,1,,NVIDIA Thor,11.0,580.00,13.0,PTX ISA 9.3 / CUDA 13.0,1575.000,,,,fp16,128,64,16,32,128,105,1,fill_use_lastuse,same,4,4,32,1,nocount,sw32,sw32,16,16,16,0,256,0,64,none,0,none,0,4,20,3488019.0,2214.615238095238,,,,,6144,,9.696870187920421,,,0,0.0,1,bf14b28d2af4128daa99f23eec8a5e105636d0b04136f8be580fdc39d6f1f97d,
07_config_matrix,cfg_fp16_m128n64k16_c256_sw32_fill_use_lastuse_same,1,,NVIDIA Thor,11.0,580.00,13.0,PTX ISA 9.3 / CUDA 13.0,1575.000,,,,fp16,128,64,16,32,128,105,2,fill_use_lastuse,same,4,4,32,1,nocount,sw32,sw32,16,16,16,0,256,0,64,none,0,none,0,4,20,3488015.0,2214.612698412698,,,,,6144,,9.696881308136577,,,0,0.0,1,bf14b28d2af4128daa99f23eec8a5e105636d0b04136f8be580fdc39d6f1f97d,
07_config_matrix,cfg_fp16_m128n64k16_c256_sw32_fill_use_lastuse_same,1,,NVIDIA Thor,11.0,580.00,13.0,PTX ISA 9.3 / CUDA 13.0,1575.000,,,,fp16,128,64,16,32,128,105,3,fill_use_lastuse,same,4,4,32,1,nocount,sw32,sw32,16,16,16,0,256,0,64,none,0,none,0,4,20,3488016.0,2214.6133333333332,,,,,6144,,9.696878528080147,,,0,0.0,1,bf14b28d2af4128daa99f23eec8a5e105636d0b04136f8be580fdc39d6f1f97d,
07_config_matrix,cfg_fp16_m128n64k16_c256_sw32_fill_use_lastuse_same,1,,NVIDIA Thor,11.0,580.00,13.0,PTX ISA 9.3 / CUDA 13.0,1575.000,,,,fp16,128,64,16,32,128,105,4,fill_use_lastuse,same,4,4,32,1,nocount,sw32,sw32,16,16,16,0,256,0,64,none,0,none,0,4,20,3488016.0,2214.6133333333332,,,,,6144,,9.696878528080147,,,0,0.0,1,bf14b28d2af4128daa99f23eec8a5e105636d0b04136f8be580fdc39d6f1f97d,
07_config_matrix,cfg_bf16_m128n256k16_c512_sw128_fill_use_lastuse_pingpong,1,,NVIDIA Thor,11.0,580.00,13.0,PTX ISA 9.3 / CUDA 13.0,1575.000,,,,bf16,128,256,16,32,128,106,0,fill_use_lastuse,pingpong,2,2,32,1,nocount,sw128,sw128,16,16,16,0,512,0,256,none,0,none,0,4,20,3778473.0,2399.0304761904763,,,,,12288,,35.805858563499065,,,0,0.0,1,bf14b28d2af4128daa99f23eec8a5e105636d0b04136f8be580fdc39d6f1f97d,; UTCHMMA=21;UTCHMMA_WS=16;UTCBAR=1;UTCATOMSWS=3;SYNCS_TRYWAIT=8;LDS=21;LDG=9;ptx_tcgen05_mma=21;ptx_tcgen05_mma_ws=16;ptx_tcgen05_commit=1;ptx_tcgen05_alloc=1;ptx_tcgen05_dealloc=1;ptx_tcgen05_ld=5;ptx_tcgen05_st=5;ptx_mbarrier_wait=5;ptx_cp_async_tma=2;ptx_ld_shared=26;ptx_ld_global=7
07_config_matrix,cfg_bf16_m128n256k16_c512_sw128_fill_use_lastuse_pingpong,1,,NVIDIA Thor,11.0,580.00,13.0,PTX ISA 9.3 / CUDA 13.0,1575.000,,,,bf16,128,256,16,32,128,106,1,fill_use_lastuse,pingpong,2,2,32,1,nocount,sw128,sw128,16,16,16,0,512,0,256,none,0,none,0,4,20,3778479.0,2399.0342857142855,,,,,12288,,35.80580170592453,,,0,0.0,1,bf14b28d2af4128daa99f23eec8a5e105636d0b04136f8be580fdc39d6f1f97d,
07_config_matrix,cfg_bf16_m128n256k16_c512_sw128_fill_use_lastuse_pingpong,1,,NVIDIA Thor,11.0,580.00,13.0,PTX ISA 9.3 / CUDA 13.0,1575.000,,,,bf16,128,256,16,32,128,106,2,fill_use_lastuse,pingpong,2,2,32,1,nocount,sw128,sw128,16,16,16,0,512,0,256,none,0,none,0,4,20,3778473.0,2399.0304761904763,,,,,12288,,35.805858563499065,,,0,0.0,1,bf14b28d2af4128daa99f23eec8a5e105636d0b04136f8be580fdc39d6f1f97d,
07_config_matrix,cfg_bf16_m128n256k16_c512_sw128_fill_use_lastuse_pingpong,1,,NVIDIA Thor,11.0,580.00,13.0,PTX ISA 9.3 / CUDA 13.0,1575.000,,,,bf16,128,256,16,32,128,106,3,fill_use_lastuse,pingpong,2,2,32,1,nocount,sw128,sw128,16,16,16,0,512,0,256,none,0,none,0,4,20,3778480.0,2399.0349206349206,,,,,12288,,35.80579222967965,,,0,0.0,1,bf14b28d2af4128daa99f23eec8a5e105636d0b04136f8be580fdc39d6f1f97d,
07_config_matrix,cfg_bf16_m128n256k16_c512_sw128_fill_use_lastuse_pingpong,1,,NVIDIA Thor,11.0,580.00,13.0,PTX ISA 9.3 / CUDA 13.0,1575.000,,,,bf16,128,256,16,32,128,106,4,fill_use_lastuse,pingpong,2,2,32,1,nocount,sw128,sw128,16,16,16,0,512,0,256,none,0,none,0,4,20,3778473.0,2399.0304761904763,,,,,12288,,35.805858563499065,,,0,0.0,1,bf14b28d2af4128daa99f23eec8a5e105636d0b04136f8be580fdc39d6f1f97d,
07_config_matrix,cfg_bf16_m128n64k16_c256_sw32_fill_use_lastuse_same,1,,NVIDIA Thor,11.0,580.00,13.0,PTX ISA 9.3 / CUDA 13.0,1575.000,,,,bf16,128,64,16,32,128,107,0,fill_use_lastuse,same,4,4,32,1,nocount,sw32,sw32,16,16,16,0,256,0,64,none,0,none,0,4,20,3488011.0,2214.6101587301587,,,,,6144,,9.696892428378236,,,0,0.0,1,bf14b28d2af4128daa99f23eec8a5e105636d0b04136f8be580fdc39d6f1f97d,; UTCHMMA=21;UTCHMMA_WS=16;UTCBAR=1;UTCATOMSWS=3;SYNCS_TRYWAIT=8;LDS=21;LDG=9;ptx_tcgen05_mma=21;ptx_tcgen05_mma_ws=16;ptx_tcgen05_commit=1;ptx_tcgen05_alloc=1;ptx_tcgen05_dealloc=1;ptx_tcgen05_ld=5;ptx_tcgen05_st=5;ptx_mbarrier_wait=5;ptx_cp_async_tma=2;ptx_ld_shared=26;ptx_ld_global=7
07_config_matrix,cfg_bf16_m128n64k16_c256_sw32_fill_use_lastuse_same,1,,NVIDIA Thor,11.0,580.00,13.0,PTX ISA 9.3 / CUDA 13.0,1575.000,,,,bf16,128,64,16,32,128,107,1,fill_use_lastuse,same,4,4,32,1,nocount,sw32,sw32,16,16,16,0,256,0,64,none,0,none,0,4,20,3488012.0,2214.6107936507938,,,,,6144,,9.69688964831543,,,0,0.0,1,bf14b28d2af4128daa99f23eec8a5e105636d0b04136f8be580fdc39d6f1f97d,
07_config_matrix,cfg_bf16_m128n64k16_c256_sw32_fill_use_lastuse_same,1,,NVIDIA Thor,11.0,580.00,13.0,PTX ISA 9.3 / CUDA 13.0,1575.000,,,,bf16,128,64,16,32,128,107,2,fill_use_lastuse,same,4,4,32,1,nocount,sw32,sw32,16,16,16,0,256,0,64,none,0,none,0,4,20,3488012.0,2214.6107936507938,,,,,6144,,9.69688964831543,,,0,0.0,1,bf14b28d2af4128daa99f23eec8a5e105636d0b04136f8be580fdc39d6f1f97d,
07_config_matrix,cfg_bf16_m128n64k16_c256_sw32_fill_use_lastuse_same,1,,NVIDIA Thor,11.0,580.00,13.0,PTX ISA 9.3 / CUDA 13.0,1575.000,,,,bf16,128,64,16,32,128,107,3,fill_use_lastuse,same,4,4,32,1,nocount,sw32,sw32,16,16,16,0,256,0,64,none,0,none,0,4,20,3488012.0,2214.6107936507938,,,,,6144,,9.69688964831543,,,0,0.0,1,bf14b28d2af4128daa99f23eec8a5e105636d0b04136f8be580fdc39d6f1f97d,
07_config_matrix,cfg_bf16_m128n64k16_c256_sw32_fill_use_lastuse_same,1,,NVIDIA Thor,11.0,580.00,13.0,PTX ISA 9.3 / CUDA 13.0,1575.000,,,,bf16,128,64,16,32,128,107,4,fill_use_lastuse,same,4,4,32,1,nocount,sw32,sw32,16,16,16,0,256,0,64,none,0,none,0,4,20,3488018.0,2214.6146031746034,,,,,6144,,9.696872967972068,,,0,0.0,1,bf14b28d2af4128daa99f23eec8a5e105636d0b04136f8be580fdc39d6f1f97d,
07_config_matrix,cfg_fp16_m128n128k16_c512_sw64_discard_same,1,,NVIDIA Thor,11.0,580.00,13.0,PTX ISA 9.3 / CUDA 13.0,1575.000,,,,fp16,128,128,16,32,128,108,0,discard,same,4,4,32,1,nocount,sw64,sw64,16,16,16,0,512,0,128,none,0,none,0,4,20,3563110.0,2262.2920634920633,,,,,8192,,18.98502569721395,,,0,0.0,1,bf14b28d2af4128daa99f23eec8a5e105636d0b04136f8be580fdc39d6f1f97d,; UTCHMMA=21;UTCHMMA_WS=16;UTCBAR=1;UTCATOMSWS=3;SYNCS_TRYWAIT=8;LDS=21;LDG=9;ptx_tcgen05_mma=21;ptx_tcgen05_mma_ws=16;ptx_tcgen05_commit=1;ptx_tcgen05_alloc=1;ptx_tcgen05_dealloc=1;ptx_tcgen05_ld=5;ptx_tcgen05_st=5;ptx_mbarrier_wait=5;ptx_cp_async_tma=2;ptx_ld_shared=26;ptx_ld_global=7
07_config_matrix,cfg_fp16_m128n128k16_c512_sw64_discard_same,1,,NVIDIA Thor,11.0,580.00,13.0,PTX ISA 9.3 / CUDA 13.0,1575.000,,,,fp16,128,128,16,32,128,108,1,discard,same,4,4,32,1,nocount,sw64,sw64,16,16,16,0,512,0,128,none,0,none,0,4,20,3563110.0,2262.2920634920633,,,,,8192,,18.98502569721395,,,0,0.0,1,bf14b28d2af4128daa99f23eec8a5e105636d0b04136f8be580fdc39d6f1f97d,
07_config_matrix,cfg_fp16_m128n128k16_c512_sw64_discard_same,1,,NVIDIA Thor,11.0,580.00,13.0,PTX ISA 9.3 / CUDA 13.0,1575.000,,,,fp16,128,128,16,32,128,108,2,discard,same,4,4,32,1,nocount,sw64,sw64,16,16,16,0,512,0,128,none,0,none,0,4,20,3563102.0,2262.286984126984,,,,,8192,,18.985068323051095,,,0,0.0,1,bf14b28d2af4128daa99f23eec8a5e105636d0b04136f8be580fdc39d6f1f97d,
07_config_matrix,cfg_fp16_m128n128k16_c512_sw64_discard_same,1,,NVIDIA Thor,11.0,580.00,13.0,PTX ISA 9.3 / CUDA 13.0,1575.000,,,,fp16,128,128,16,32,128,108,3,discard,same,4,4,32,1,nocount,sw64,sw64,16,16,16,0,512,0,128,none,0,none,0,4,20,3563106.0,2262.289523809524,,,,,8192,,18.985047010108598,,,0,0.0,1,bf14b28d2af4128daa99f23eec8a5e105636d0b04136f8be580fdc39d6f1f97d,
07_config_matrix,cfg_fp16_m128n128k16_c512_sw64_discard_same,1,,NVIDIA Thor,11.0,580.00,13.0,PTX ISA 9.3 / CUDA 13.0,1575.000,,,,fp16,128,128,16,32,128,108,4,discard,same,4,4,32,1,nocount,sw64,sw64,16,16,16,0,512,0,128,none,0,none,0,4,20,3563111.0,2262.2926984126984,,,,,8192,,18.985020368997766,,,0,0.0,1,bf14b28d2af4128daa99f23eec8a5e105636d0b04136f8be580fdc39d6f1f97d,
07_config_matrix,cfg_bf16_m128n64k16_c512_sw32_discard_same,1,,NVIDIA Thor,11.0,580.00,13.0,PTX ISA 9.3 / CUDA 13.0,1575.000,,,,bf16,128,64,16,32,128,109,0,discard,same,8,8,32,1,nocount,sw32,sw32,16,16,16,0,512,0,64,none,0,none,0,4,20,3387486.0,2150.7847619047616,,,,,6144,,9.98465158409511,,,0,0.0,1,bf14b28d2af4128daa99f23eec8a5e105636d0b04136f8be580fdc39d6f1f97d,; UTCHMMA=21;UTCHMMA_WS=16;UTCBAR=1;UTCATOMSWS=3;SYNCS_TRYWAIT=8;LDS=21;LDG=9;ptx_tcgen05_mma=21;ptx_tcgen05_mma_ws=16;ptx_tcgen05_commit=1;ptx_tcgen05_alloc=1;ptx_tcgen05_dealloc=1;ptx_tcgen05_ld=5;ptx_tcgen05_st=5;ptx_mbarrier_wait=5;ptx_cp_async_tma=2;ptx_ld_shared=26;ptx_ld_global=7
07_config_matrix,cfg_bf16_m128n64k16_c512_sw32_discard_same,1,,NVIDIA Thor,11.0,580.00,13.0,PTX ISA 9.3 / CUDA 13.0,1575.000,,,,bf16,128,64,16,32,128,109,1,discard,same,8,8,32,1,nocount,sw32,sw32,16,16,16,0,512,0,64,none,0,none,0,4,20,3387375.0,2150.714285714286,,,,,6144,,9.984978768515443,,,0,0.0,1,bf14b28d2af4128daa99f23eec8a5e105636d0b04136f8be580fdc39d6f1f97d,
07_config_matrix,cfg_bf16_m128n64k16_c512_sw32_discard_same,1,,NVIDIA Thor,11.0,580.00,13.0,PTX ISA 9.3 / CUDA 13.0,1575.000,,,,bf16,128,64,16,32,128,109,2,discard,same,8,8,32,1,nocount,sw32,sw32,16,16,16,0,512,0,64,none,0,none,0,4,20,3387483.0,2150.782857142857,,,,,6144,,9.984660426635351,,,0,0.0,1,bf14b28d2af4128daa99f23eec8a5e105636d0b04136f8be580fdc39d6f1f97d,
07_config_matrix,cfg_bf16_m128n64k16_c512_sw32_discard_same,1,,NVIDIA Thor,11.0,580.00,13.0,PTX ISA 9.3 / CUDA 13.0,1575.000,,,,bf16,128,64,16,32,128,109,3,discard,same,8,8,32,1,nocount,sw32,sw32,16,16,16,0,512,0,64,none,0,none,0,4,20,3387487.0,2150.7853968253967,,,,,6144,,9.984648636585174,,,0,0.0,1,bf14b28d2af4128daa99f23eec8a5e105636d0b04136f8be580fdc39d6f1f97d,
07_config_matrix,cfg_bf16_m128n64k16_c512_sw32_discard_same,1,,NVIDIA Thor,11.0,580.00,13.0,PTX ISA 9.3 / CUDA 13.0,1575.000,,,,bf16,128,64,16,32,128,109,4,discard,same,8,8,32,1,nocount,sw32,sw32,16,16,16,0,512,0,64,none,0,none,0,4,20,3387485.0,2150.784126984127,,,,,6144,,9.98465453160678,,,0,0.0,1,bf14b28d2af4128daa99f23eec8a5e105636d0b04136f8be580fdc39d6f1f97d,
07_config_matrix,cfg_bf16_m128n64k16_c128_none_discard_pingpong,0,max_abs_error>0.25,NVIDIA Thor,11.0,580.00,13.0,PTX ISA 9.3 / CUDA 13.0,1575.000,,,,bf16,128,64,16,32,128,110,0,discard,pingpong,2,2,32,1,nocount,none,none,16,16,16,0,128,0,64,none,0,none,0,4,20,3678960.0,2335.847619047619,,,,,6144,,9.193594781133799,,,0,0.83203125,1,bf14b28d2af4128daa99f23eec8a5e105636d0b04136f8be580fdc39d6f1f97d,; UTCHMMA=21;UTCHMMA_WS=16;UTCBAR=1;UTCATOMSWS=3;SYNCS_TRYWAIT=8;LDS=21;LDG=9;ptx_tcgen05_mma=21;ptx_tcgen05_mma_ws=16;ptx_tcgen05_commit=1;ptx_tcgen05_alloc=1;ptx_tcgen05_dealloc=1;ptx_tcgen05_ld=5;ptx_tcgen05_st=5;ptx_mbarrier_wait=5;ptx_cp_async_tma=2;ptx_ld_shared=26;ptx_ld_global=7
07_config_matrix,cfg_bf16_m128n64k16_c128_none_discard_pingpong,0,max_abs_error>0.25,NVIDIA Thor,11.0,580.00,13.0,PTX ISA 9.3 / CUDA 13.0,1575.000,,,,bf16,128,64,16,32,128,110,1,discard,pingpong,2,2,32,1,nocount,none,none,16,16,16,0,128,0,64,none,0,none,0,4,20,3678953.0,2335.8431746031747,,,,,6144,,9.193612273926847,,,0,0.83203125,1,bf14b28d2af4128daa99f23eec8a5e105636d0b04136f8be580fdc39d6f1f97d,
07_config_matrix,cfg_bf16_m128n64k16_c128_none_discard_pingpong,0,max_abs_error>0.25,NVIDIA Thor,11.0,580.00,13.0,PTX ISA 9.3 / CUDA 13.0,1575.000,,,,bf16,128,64,16,32,128,110,2,discard,pingpong,2,2,32,1,nocount,none,none,16,16,16,0,128,0,64,none,0,none,0,4,20,3678955.0,2335.8444444444444,,,,,6144,,9.193607275979184,,,0,0.83203125,1,bf14b28d2af4128daa99f23eec8a5e105636d0b04136f8be580fdc39d6f1f97d,
07_config_matrix,cfg_bf16_m128n64k16_c128_none_discard_pingpong,0,max_abs_error>0.25,NVIDIA Thor,11.0,580.00,13.0,PTX ISA 9.3 / CUDA 13.0,1575.000,,,,bf16,128,64,16,32,128,110,3,discard,pingpong,2,2,32,1,nocount,none,none,16,16,16,0,128,0,64,none,0,none,0,4,20,3678956.0,2335.845079365079,,,,,6144,,9.19360477700739,,,0,0.83203125,1,bf14b28d2af4128daa99f23eec8a5e105636d0b04136f8be580fdc39d6f1f97d,
07_config_matrix,cfg_bf16_m128n64k16_c128_none_discard_pingpong,0,max_abs_error>0.25,NVIDIA Thor,11.0,580.00,13.0,PTX ISA 9.3 / CUDA 13.0,1575.000,,,,bf16,128,64,16,32,128,110,4,discard,pingpong,2,2,32,1,nocount,none,none,16,16,16,0,128,0,64,none,0,none,0,4,20,3678958.0,2335.8463492063493,,,,,6144,,9.193599779067878,,,0,0.83203125,1,bf14b28d2af4128daa99f23eec8a5e105636d0b04136f8be580fdc39d6f1f97d,
07_config_matrix,cfg_bf16_m128n64k16_c512_sw128_fill_use_lastuse_same,1,,NVIDIA Thor,11.0,580.00,13.0,PTX ISA 9.3 / CUDA 13.0,1575.000,,,,bf16,128,64,16,32,128,111,0,fill_use_lastuse,same,8,8,32,1,nocount,sw128,sw128,16,16,16,0,512,0,64,none,0,none,0,4,20,3779303.0,2399.5574603174605,,,,,6144,,8.949498745138984,,,0,0.0,1,bf14b28d2af4128daa99f23eec8a5e105636d0b04136f8be580fdc39d6f1f97d,; UTCHMMA=21;UTCHMMA_WS=16;UTCBAR=1;UTCATOMSWS=3;SYNCS_TRYWAIT=8;LDS=21;LDG=9;ptx_tcgen05_mma=21;ptx_tcgen05_mma_ws=16;ptx_tcgen05_commit=1;ptx_tcgen05_alloc=1;ptx_tcgen05_dealloc=1;ptx_tcgen05_ld=5;ptx_tcgen05_st=5;ptx_mbarrier_wait=5;ptx_cp_async_tma=2;ptx_ld_shared=26;ptx_ld_global=7
07_config_matrix,cfg_bf16_m128n64k16_c512_sw128_fill_use_lastuse_same,1,,NVIDIA Thor,11.0,580.00,13.0,PTX ISA 9.3 / CUDA 13.0,1575.000,,,,bf16,128,64,16,32,128,111,1,fill_use_lastuse,same,8,8,32,1,nocount,sw128,sw128,16,16,16,0,512,0,64,none,0,none,0,4,20,3779296.0,2399.553015873016,,,,,6144,,8.949515321372022,,,0,0.0,1,bf14b28d2af4128daa99f23eec8a5e105636d0b04136f8be580fdc39d6f1f97d,
07_config_matrix,cfg_bf16_m128n64k16_c512_sw128_fill_use_lastuse_same,1,,NVIDIA Thor,11.0,580.00,13.0,PTX ISA 9.3 / CUDA 13.0,1575.000,,,,bf16,128,64,16,32,128,111,2,fill_use_lastuse,same,8,8,32,1,nocount,sw128,sw128,16,16,16,0,512,0,64,none,0,none,0,4,20,3779301.0,2399.5561904761907,,,,,6144,,8.9495034811993,,,0,0.0,1,bf14b28d2af4128daa99f23eec8a5e105636d0b04136f8be580fdc39d6f1f97d,
07_config_matrix,cfg_bf16_m128n64k16_c512_sw128_fill_use_lastuse_same,1,,NVIDIA Thor,11.0,580.00,13.0,PTX ISA 9.3 / CUDA 13.0,1575.000,,,,bf16,128,64,16,32,128,111,3,fill_use_lastuse,same,8,8,32,1,nocount,sw128,sw128,16,16,16,0,512,0,64,none,0,none,0,4,20,3779293.0,2399.551111111111,,,,,6144,,8.949522425490693,,,0,0.0,1,bf14b28d2af4128daa99f23eec8a5e105636d0b04136f8be580fdc39d6f1f97d,
07_config_matrix,cfg_bf16_m128n64k16_c512_sw128_fill_use_lastuse_same,1,,NVIDIA Thor,11.0,580.00,13.0,PTX ISA 9.3 / CUDA 13.0,1575.000,,,,bf16,128,64,16,32,128,111,4,fill_use_lastuse,same,8,8,32,1,nocount,sw128,sw128,16,16,16,0,512,0,64,none,0,none,0,4,20,3779294.0,2399.551746031746,,,,,6144,,8.949520057449883,,,0,0.0,1,bf14b28d2af4128daa99f23eec8a5e105636d0b04136f8be580fdc39d6f1f97d,
07_config_matrix,cfg_fp16_m128n64k16_c512_sw64_discard_same,1,,NVIDIA Thor,11.0,580.00,13.0,PTX ISA 9.3 / CUDA 13.0,1575.000,,,,fp16,128,64,16,32,128,112,0,discard,same,8,8,32,1,nocount,sw64,sw64,16,16,16,0,512,0,64,none,0,none,0,4,20,3562093.0,2261.646349206349,,,,,6144,,9.495223020847574,,,0,0.0,1,bf14b28d2af4128daa99f23eec8a5e105636d0b04136f8be580fdc39d6f1f97d,; UTCHMMA=21;UTCHMMA_WS=16;UTCBAR=1;UTCATOMSWS=3;SYNCS_TRYWAIT=8;LDS=21;LDG=9;ptx_tcgen05_mma=21;ptx_tcgen05_mma_ws=16;ptx_tcgen05_commit=1;ptx_tcgen05_alloc=1;ptx_tcgen05_dealloc=1;ptx_tcgen05_ld=5;ptx_tcgen05_st=5;ptx_mbarrier_wait=5;ptx_cp_async_tma=2;ptx_ld_shared=26;ptx_ld_global=7
07_config_matrix,cfg_fp16_m128n64k16_c512_sw64_discard_same,1,,NVIDIA Thor,11.0,580.00,13.0,PTX ISA 9.3 / CUDA 13.0,1575.000,,,,fp16,128,64,16,32,128,112,1,discard,same,8,8,32,1,nocount,sw64,sw64,16,16,16,0,512,0,64,none,0,none,0,4,20,3561894.0,2261.52,,,,,6144,,9.495753510913014,,,0,0.0,1,bf14b28d2af4128daa99f23eec8a5e105636d0b04136f8be580fdc39d6f1f97d,
07_config_matrix,cfg_fp16_m128n64k16_c512_sw64_discard_same,1,,NVIDIA Thor,11.0,580.00,13.0,PTX ISA 9.3 / CUDA 13.0,1575.000,,,,fp16,128,64,16,32,128,112,2,discard,same,8,8,32,1,nocount,sw64,sw64,16,16,16,0,512,0,64,none,0,none,0,4,20,3561895.0,2261.520634920635,,,,,6144,,9.495750844985604,,,0,0.0,1,bf14b28d2af4128daa99f23eec8a5e105636d0b04136f8be580fdc39d6f1f97d,
07_config_matrix,cfg_fp16_m128n64k16_c512_sw64_discard_same,1,,NVIDIA Thor,11.0,580.00,13.0,PTX ISA 9.3 / CUDA 13.0,1575.000,,,,fp16,128,64,16,32,128,112,3,discard,same,8,8,32,1,nocount,sw64,sw64,16,16,16,0,512,0,64,none,0,none,0,4,20,3562093.0,2261.646349206349,,,,,6144,,9.495223020847574,,,0,0.0,1,bf14b28d2af4128daa99f23eec8a5e105636d0b04136f8be580fdc39d6f1f97d,
07_config_matrix,cfg_fp16_m128n64k16_c512_sw64_discard_same,1,,NVIDIA Thor,11.0,580.00,13.0,PTX ISA 9.3 / CUDA 13.0,1575.000,,,,fp16,128,64,16,32,128,112,4,discard,same,8,8,32,1,nocount,sw64,sw64,16,16,16,0,512,0,64,none,0,none,0,4,20,3562090.0,2261.6444444444446,,,,,6144,,9.4952310177452,,,0,0.0,1,bf14b28d2af4128daa99f23eec8a5e105636d0b04136f8be580fdc39d6f1f97d,
07_config_matrix,cfg_bf16_m128n256k16_c512_sw32_discard_same,1,,NVIDIA Thor,11.0,580.00,13.0,PTX ISA 9.3 / CUDA 13.0,1575.000,,,,bf16,128,256,16,32,128,113,0,discard,same,2,2,32,1,nocount,sw32,sw32,16,16,16,0,512,0,256,none,0,none,0,4,20,3387229.0,2150.621587301587,,,,,12288,,39.94163660738616,,,0,0.0,1,bf14b28d2af4128daa99f23eec8a5e105636d0b04136f8be580fdc39d6f1f97d,; UTCHMMA=21;UTCHMMA_WS=16;UTCBAR=1;UTCATOMSWS=3;SYNCS_TRYWAIT=8;LDS=21;LDG=9;ptx_tcgen05_mma=21;ptx_tcgen05_mma_ws=16;ptx_tcgen05_commit=1;ptx_tcgen05_alloc=1;ptx_tcgen05_dealloc=1;ptx_tcgen05_ld=5;ptx_tcgen05_st=5;ptx_mbarrier_wait=5;ptx_cp_async_tma=2;ptx_ld_shared=26;ptx_ld_global=7
07_config_matrix,cfg_bf16_m128n256k16_c512_sw32_discard_same,1,,NVIDIA Thor,11.0,580.00,13.0,PTX ISA 9.3 / CUDA 13.0,1575.000,,,,bf16,128,256,16,32,128,113,1,discard,same,2,2,32,1,nocount,sw32,sw32,16,16,16,0,512,0,256,none,0,none,0,4,20,3387365.0,2150.7079365079367,,,,,12288,,39.94003298256904,,,0,0.0,1,bf14b28d2af4128daa99f23eec8a5e105636d0b04136f8be580fdc39d6f1f97d,
07_config_matrix,cfg_bf16_m128n256k16_c512_sw32_discard_same,1,,NVIDIA Thor,11.0,580.00,13.0,PTX ISA 9.3 / CUDA 13.0,1575.000,,,,bf16,128,256,16,32,128,113,2,discard,same,2,2,32,1,nocount,sw32,sw32,16,16,16,0,512,0,256,none,0,none,0,4,20,3387360.0,2150.7047619047617,,,,,12288,,39.94009193708375,,,0,0.0,1,bf14b28d2af4128daa99f23eec8a5e105636d0b04136f8be580fdc39d6f1f97d,
07_config_matrix,cfg_bf16_m128n256k16_c512_sw32_discard_same,1,,NVIDIA Thor,11.0,580.00,13.0,PTX ISA 9.3 / CUDA 13.0,1575.000,,,,bf16,128,256,16,32,128,113,3,discard,same,2,2,32,1,nocount,sw32,sw32,16,16,16,0,512,0,256,none,0,none,0,4,20,3387365.0,2150.7079365079367,,,,,12288,,39.94003298256904,,,0,0.0,1,bf14b28d2af4128daa99f23eec8a5e105636d0b04136f8be580fdc39d6f1f97d,
07_config_matrix,cfg_bf16_m128n256k16_c512_sw32_discard_same,1,,NVIDIA Thor,11.0,580.00,13.0,PTX ISA 9.3 / CUDA 13.0,1575.000,,,,bf16,128,256,16,32,128,113,4,discard,same,2,2,32,1,nocount,sw32,sw32,16,16,16,0,512,0,256,none,0,none,0,4,20,3387125.0,2150.5555555555557,,,,,12288,,39.942862995608365,,,0,0.0,1,bf14b28d2af4128daa99f23eec8a5e105636d0b04136f8be580fdc39d6f1f97d,
07_config_matrix,cfg_fp16_m128n256k16_c512_sw128_discard_same,1,,NVIDIA Thor,11.0,580.00,13.0,PTX ISA 9.3 / CUDA 13.0,1575.000,,,,fp16,128,256,16,32,128,114,0,discard,same,2,2,32,1,nocount,sw128,sw128,16,16,16,0,512,0,256,none,0,none,0,4,20,3678180.0,2335.352380952381,,,,,12288,,36.78217755085395,,,0,0.0,1,bf14b28d2af4128daa99f23eec8a5e105636d0b04136f8be580fdc39d6f1f97d,; UTCHMMA=21;UTCHMMA_WS=16;UTCBAR=1;UTCATOMSWS=3;SYNCS_TRYWAIT=8;LDS=21;LDG=9;ptx_tcgen05_mma=21;ptx_tcgen05_mma_ws=16;ptx_tcgen05_commit=1;ptx_tcgen05_alloc=1;ptx_tcgen05_dealloc=1;ptx_tcgen05_ld=5;ptx_tcgen05_st=5;ptx_mbarrier_wait=5;ptx_cp_async_tma=2;ptx_ld_shared=26;ptx_ld_global=7
07_config_matrix,cfg_fp16_m128n256k16_c512_sw128_discard_same,1,,NVIDIA Thor,11.0,580.00,13.0,PTX ISA 9.3 / CUDA 13.0,1575.000,,,,fp16,128,256,16,32,128,114,1,discard,same,2,2,32,1,nocount,sw128,sw128,16,16,16,0,512,0,256,none,0,none,0,4,20,3678179.0,2335.351746031746,,,,,12288,,36.78218755095932,,,0,0.0,1,bf14b28d2af4128daa99f23eec8a5e105636d0b04136f8be580fdc39d6f1f97d,
07_config_matrix,cfg_fp16_m128n256k16_c512_sw128_discard_same,1,,NVIDIA Thor,11.0,580.00,13.0,PTX ISA 9.3 / CUDA 13.0,1575.000,,,,fp16,128,256,16,32,128,114,2,discard,same,2,2,32,1,nocount,sw128,sw128,16,16,16,0,512,0,256,none,0,none,0,4,20,3678188.0,2335.3574603174607,,,,,12288,,36.78209755020678,,,0,0.0,1,bf14b28d2af4128daa99f23eec8a5e105636d0b04136f8be580fdc39d6f1f97d,
07_config_matrix,cfg_fp16_m128n256k16_c512_sw128_discard_same,1,,NVIDIA Thor,11.0,580.00,13.0,PTX ISA 9.3 / CUDA 13.0,1575.000,,,,fp16,128,256,16,32,128,114,3,discard,same,2,2,32,1,nocount,sw128,sw128,16,16,16,0,512,0,256,none,0,none,0,4,20,3678179.0,2335.351746031746,,,,,12288,,36.78218755095932,,,0,0.0,1,bf14b28d2af4128daa99f23eec8a5e105636d0b04136f8be580fdc39d6f1f97d,
07_config_matrix,cfg_fp16_m128n256k16_c512_sw128_discard_same,1,,NVIDIA Thor,11.0,580.00,13.0,PTX ISA 9.3 / CUDA 13.0,1575.000,,,,fp16,128,256,16,32,128,114,4,discard,same,2,2,32,1,nocount,sw128,sw128,16,16,16,0,512,0,256,none,0,none,0,4,20,3678189.0,2335.3580952380953,,,,,12288,,36.78208755015036,,,0,0.0,1,bf14b28d2af4128daa99f23eec8a5e105636d0b04136f8be580fdc39d6f1f97d,
07_config_matrix,cfg_bf16_m128n256k16_c512_sw128_discard_same,1,,NVIDIA Thor,11.0,580.00,13.0,PTX ISA 9.3 / CUDA 13.0,1575.000,,,,bf16,128,256,16,32,128,115,0,discard,same,2,2,32,1,nocount,sw128,sw128,16,16,16,0,512,0,256,none,0,none,0,4,20,3678182.0,2335.353650793651,,,,,12288,,36.78215755065954,,,0,0.0,1,bf14b28d2af4128daa99f23eec8a5e105636d0b04136f8be580fdc39d6f1f97d,; UTCHMMA=21;UTCHMMA_WS=16;UTCBAR=1;UTCATOMSWS=3;SYNCS_TRYWAIT=8;LDS=21;LDG=9;ptx_tcgen05_mma=21;ptx_tcgen05_mma_ws=16;ptx_tcgen05_commit=1;ptx_tcgen05_alloc=1;ptx_tcgen05_dealloc=1;ptx_tcgen05_ld=5;ptx_tcgen05_st=5;ptx_mbarrier_wait=5;ptx_cp_async_tma=2;ptx_ld_shared=26;ptx_ld_global=7
07_config_matrix,cfg_bf16_m128n256k16_c512_sw128_discard_same,1,,NVIDIA Thor,11.0,580.00,13.0,PTX ISA 9.3 / CUDA 13.0,1575.000,,,,bf16,128,256,16,32,128,115,1,discard,same,2,2,32,1,nocount,sw128,sw128,16,16,16,0,512,0,256,none,0,none,0,4,20,3678179.0,2335.351746031746,,,,,12288,,36.78218755095932,,,0,0.0,1,bf14b28d2af4128daa99f23eec8a5e105636d0b04136f8be580fdc39d6f1f97d,
07_config_matrix,cfg_bf16_m128n256k16_c512_sw128_discard_same,1,,NVIDIA Thor,11.0,580.00,13.0,PTX ISA 9.3 / CUDA 13.0,1575.000,,,,bf16,128,256,16,32,128,115,2,discard,same,2,2,32,1,nocount,sw128,sw128,16,16,16,0,512,0,256,none,0,none,0,4,20,3678180.0,2335.352380952381,,,,,12288,,36.78217755085395,,,0,0.0,1,bf14b28d2af4128daa99f23eec8a5e105636d0b04136f8be580fdc39d6f1f97d,
07_config_matrix,cfg_bf16_m128n256k16_c512_sw128_discard_same,1,,NVIDIA Thor,11.0,580.00,13.0,PTX ISA 9.3 / CUDA 13.0,1575.000,,,,bf16,128,256,16,32,128,115,3,discard,same,2,2,32,1,nocount,sw128,sw128,16,16,16,0,512,0,256,none,0,none,0,4,20,3678186.0,2335.3561904761905,,,,,12288,,36.782117550335954,,,0,0.0,1,bf14b28d2af4128daa99f23eec8a5e105636d0b04136f8be580fdc39d6f1f97d,
07_config_matrix,cfg_bf16_m128n256k16_c512_sw128_discard_same,1,,NVIDIA Thor,11.0,580.00,13.0,PTX ISA 9.3 / CUDA 13.0,1575.000,,,,bf16,128,256,16,32,128,115,4,discard,same,2,2,32,1,nocount,sw128,sw128,16,16,16,0,512,0,256,none,0,none,0,4,20,3678180.0,2335.352380952381,,,,,12288,,36.78217755085395,,,0,0.0,1,bf14b28d2af4128daa99f23eec8a5e105636d0b04136f8be580fdc39d6f1f97d,
07_config_matrix,cfg_bf16_m128n64k16_c512_sw128_discard_pingpong,1,,NVIDIA Thor,11.0,580.00,13.0,PTX ISA 9.3 / CUDA 13.0,1575.000,,,,bf16,128,64,16,32,128,116,0,discard,pingpong,8,8,32,1,nocount,sw128,sw128,16,16,16,0,512,0,64,none,0,none,0,4,20,3678622.0,2335.6330158730157,,,,,6144,,9.194439509142283,,,0,0.0,1,bf14b28d2af4128daa99f23eec8a5e105636d0b04136f8be580fdc39d6f1f97d,; UTCHMMA=21;UTCHMMA_WS=16;UTCBAR=1;UTCATOMSWS=3;SYNCS_TRYWAIT=8;LDS=21;LDG=9;ptx_tcgen05_mma=21;ptx_tcgen05_mma_ws=16;ptx_tcgen05_commit=1;ptx_tcgen05_alloc=1;ptx_tcgen05_dealloc=1;ptx_tcgen05_ld=5;ptx_tcgen05_st=5;ptx_mbarrier_wait=5;ptx_cp_async_tma=2;ptx_ld_shared=26;ptx_ld_global=7
07_config_matrix,cfg_bf16_m128n64k16_c512_sw128_discard_pingpong,1,,NVIDIA Thor,11.0,580.00,13.0,PTX ISA 9.3 / CUDA 13.0,1575.000,,,,bf16,128,64,16,32,128,116,1,discard,pingpong,8,8,32,1,nocount,sw128,sw128,16,16,16,0,512,0,64,none,0,none,0,4,20,3678578.0,2335.6050793650793,,,,,6144,,9.194549485154319,,,0,0.0,1,bf14b28d2af4128daa99f23eec8a5e105636d0b04136f8be580fdc39d6f1f97d,
07_config_matrix,cfg_bf16_m128n64k16_c512_sw128_discard_pingpong,1,,NVIDIA Thor,11.0,580.00,13.0,PTX ISA 9.3 / CUDA 13.0,1575.000,,,,bf16,128,64,16,32,128,116,2,discard,pingpong,8,8,32,1,nocount,sw128,sw128,16,16,16,0,512,0,64,none,0,none,0,4,20,3678582.0,2335.607619047619,,,,,6144,,9.194539487226328,,,0,0.0,1,bf14b28d2af4128daa99f23eec8a5e105636d0b04136f8be580fdc39d6f1f97d,
07_config_matrix,cfg_bf16_m128n64k16_c512_sw128_discard_pingpong,1,,NVIDIA Thor,11.0,580.00,13.0,PTX ISA 9.3 / CUDA 13.0,1575.000,,,,bf16,128,64,16,32,128,116,3,discard,pingpong,8,8,32,1,nocount,sw128,sw128,16,16,16,0,512,0,64,none,0,none,0,4,20,3678582.0,2335.607619047619,,,,,6144,,9.194539487226328,,,0,0.0,1,bf14b28d2af4128daa99f23eec8a5e105636d0b04136f8be580fdc39d6f1f97d,
07_config_matrix,cfg_bf16_m128n64k16_c512_sw128_discard_pingpong,1,,NVIDIA Thor,11.0,580.00,13.0,PTX ISA 9.3 / CUDA 13.0,1575.000,,,,bf16,128,64,16,32,128,116,4,discard,pingpong,8,8,32,1,nocount,sw128,sw128,16,16,16,0,512,0,64,none,0,none,0,4,20,3678617.0,2335.629841269841,,,,,6144,,9.194452006283882,,,0,0.0,1,bf14b28d2af4128daa99f23eec8a5e105636d0b04136f8be580fdc39d6f1f97d,
07_config_matrix,cfg_bf16_m128n256k16_c256_sw128_discard_same,1,,NVIDIA Thor,11.0,580.00,13.0,PTX ISA 9.3 / CUDA 13.0,1575.000,,,,bf16,128,256,16,32,128,117,0,discard,same,1,1,32,1,nocount,sw128,sw128,16,16,16,0,256,0,256,none,0,none,0,4,20,3181551.0,2020.032380952381,,,,,12288,,42.52374701018466,,,0,0.0,1,bf14b28d2af4128daa99f23eec8a5e105636d0b04136f8be580fdc39d6f1f97d,; UTCHMMA=21;UTCHMMA_WS=16;UTCBAR=1;UTCATOMSWS=3;SYNCS_TRYWAIT=8;LDS=21;LDG=9;ptx_tcgen05_mma=21;ptx_tcgen05_mma_ws=16;ptx_tcgen05_commit=1;ptx_tcgen05_alloc=1;ptx_tcgen05_dealloc=1;ptx_tcgen05_ld=5;ptx_tcgen05_st=5;ptx_mbarrier_wait=5;ptx_cp_async_tma=2;ptx_ld_shared=26;ptx_ld_global=7
07_config_matrix,cfg_bf16_m128n256k16_c256_sw128_discard_same,1,,NVIDIA Thor,11.0,580.00,13.0,PTX ISA 9.3 / CUDA 13.0,1575.000,,,,bf16,128,256,16,32,128,117,1,discard,same,1,1,32,1,nocount,sw128,sw128,16,16,16,0,256,0,256,none,0,none,0,4,20,3181549.0,2020.031111111111,,,,,12288,,42.523773741658545,,,0,0.0,1,bf14b28d2af4128daa99f23eec8a5e105636d0b04136f8be580fdc39d6f1f97d,
07_config_matrix,cfg_bf16_m128n256k16_c256_sw128_discard_same,1,,NVIDIA Thor,11.0,580.00,13.0,PTX ISA 9.3 / CUDA 13.0,1575.000,,,,bf16,128,256,16,32,128,117,2,discard,same,1,1,32,1,nocount,sw128,sw128,16,16,16,0,256,0,256,none,0,none,0,4,20,3181547.0,2020.0298412698412,,,,,12288,,42.52380047316605,,,0,0.0,1,bf14b28d2af4128daa99f23eec8a5e105636d0b04136f8be580fdc39d6f1f97d,
07_config_matrix,cfg_bf16_m128n256k16_c256_sw128_discard_same,1,,NVIDIA Thor,11.0,580.00,13.0,PTX ISA 9.3 / CUDA 13.0,1575.000,,,,bf16,128,256,16,32,128,117,3,discard,same,1,1,32,1,nocount,sw128,sw128,16,16,16,0,256,0,256,none,0,none,0,4,20,3181548.0,2020.0304761904763,,,,,12288,,42.52378710740808,,,0,0.0,1,bf14b28d2af4128daa99f23eec8a5e105636d0b04136f8be580fdc39d6f1f97d,
07_config_matrix,cfg_bf16_m128n256k16_c256_sw128_discard_same,1,,NVIDIA Thor,11.0,580.00,13.0,PTX ISA 9.3 / CUDA 13.0,1575.000,,,,bf16,128,256,16,32,128,117,4,discard,same,1,1,32,1,nocount,sw128,sw128,16,16,16,0,256,0,256,none,0,none,0,4,20,3181543.0,2020.0273015873017,,,,,12288,,42.52385393628186,,,0,0.0,1,bf14b28d2af4128daa99f23eec8a5e105636d0b04136f8be580fdc39d6f1f97d,
07_config_matrix,cfg_bf16_m128n64k16_c512_sw64_fill_use_lastuse_pingpong,1,,NVIDIA Thor,11.0,580.00,13.0,PTX ISA 9.3 / CUDA 13.0,1575.000,,,,bf16,128,64,16,32,128,118,0,fill_use_lastuse,pingpong,8,8,32,1,nocount,sw64,sw64,16,16,16,0,512,0,64,none,0,none,0,4,20,3664478.0,2326.6526984126986,,,,,6144,,9.229927824918038,,,0,0.0,1,bf14b28d2af4128daa99f23eec8a5e105636d0b04136f8be580fdc39d6f1f97d,; UTCHMMA=21;UTCHMMA_WS=16;UTCBAR=1;UTCATOMSWS=3;SYNCS_TRYWAIT=8;LDS=21;LDG=9;ptx_tcgen05_mma=21;ptx_tcgen05_mma_ws=16;ptx_tcgen05_commit=1;ptx_tcgen05_alloc=1;ptx_tcgen05_dealloc=1;ptx_tcgen05_ld=5;ptx_tcgen05_st=5;ptx_mbarrier_wait=5;ptx_cp_async_tma=2;ptx_ld_shared=26;ptx_ld_global=7
07_config_matrix,cfg_bf16_m128n64k16_c512_sw64_fill_use_lastuse_pingpong,1,,NVIDIA Thor,11.0,580.00,13.0,PTX ISA 9.3 / CUDA 13.0,1575.000,,,,bf16,128,64,16,32,128,118,1,fill_use_lastuse,pingpong,8,8,32,1,nocount,sw64,sw64,16,16,16,0,512,0,64,none,0,none,0,4,20,3664471.0,2326.6482539682543,,,,,6144,,9.229945456247298,,,0,0.0,1,bf14b28d2af4128daa99f23eec8a5e105636d0b04136f8be580fdc39d6f1f97d,
07_config_matrix,cfg_bf16_m128n64k16_c512_sw64_fill_use_lastuse_pingpong,1,,NVIDIA Thor,11.0,580.00,13.0,PTX ISA 9.3 / CUDA 13.0,1575.000,,,,bf16,128,64,16,32,128,118,2,fill_use_lastuse,pingpong,8,8,32,1,nocount,sw64,sw64,16,16,16,0,512,0,64,none,0,none,0,4,20,3664484.0,2326.6565079365078,,,,,6144,,9.229912712403712,,,0,0.0,1,bf14b28d2af4128daa99f23eec8a5e105636d0b04136f8be580fdc39d6f1f97d,
07_config_matrix,cfg_bf16_m128n64k16_c512_sw64_fill_use_lastuse_pingpong,1,,NVIDIA Thor,11.0,580.00,13.0,PTX ISA 9.3 / CUDA 13.0,1575.000,,,,bf16,128,64,16,32,128,118,3,fill_use_lastuse,pingpong,8,8,32,1,nocount,sw64,sw64,16,16,16,0,512,0,64,none,0,none,0,4,20,3664480.0,2326.6539682539683,,,,,6144,,9.229922787407762,,,0,0.0,1,bf14b28d2af4128daa99f23eec8a5e105636d0b04136f8be580fdc39d6f1f97d,
07_config_matrix,cfg_bf16_m128n64k16_c512_sw64_fill_use_lastuse_pingpong,1,,NVIDIA Thor,11.0,580.00,13.0,PTX ISA 9.3 / CUDA 13.0,1575.000,,,,bf16,128,64,16,32,128,118,4,fill_use_lastuse,pingpong,8,8,32,1,nocount,sw64,sw64,16,16,16,0,512,0,64,none,0,none,0,4,20,3664478.0,2326.6526984126986,,,,,6144,,9.229927824918038,,,0,0.0,1,bf14b28d2af4128daa99f23eec8a5e105636d0b04136f8be580fdc39d6f1f97d,
07_config_matrix,cfg_bf16_m128n128k16_c128_sw64_discard_same,1,,NVIDIA Thor,11.0,580.00,13.0,PTX ISA 9.3 / CUDA 13.0,1575.000,,,,bf16,128,128,16,32,128,119,0,discard,same,1,1,32,1,nocount,sw64,sw64,16,16,16,0,128,0,128,none,0,none,0,4,20,3067584.0,1947.6723809523808,,,,,8192,,22.05179545596795,,,0,0.0,1,bf14b28d2af4128daa99f23eec8a5e105636d0b04136f8be580fdc39d6f1f97d,; UTCHMMA=21;UTCHMMA_WS=16;UTCBAR=1;UTCATOMSWS=3;SYNCS_TRYWAIT=8;LDS=21;LDG=9;ptx_tcgen05_mma=21;ptx_tcgen05_mma_ws=16;ptx_tcgen05_commit=1;ptx_tcgen05_alloc=1;ptx_tcgen05_dealloc=1;ptx_tcgen05_ld=5;ptx_tcgen05_st=5;ptx_mbarrier_wait=5;ptx_cp_async_tma=2;ptx_ld_shared=26;ptx_ld_global=7
07_config_matrix,cfg_bf16_m128n128k16_c128_sw64_discard_same,1,,NVIDIA Thor,11.0,580.00,13.0,PTX ISA 9.3 / CUDA 13.0,1575.000,,,,bf16,128,128,16,32,128,119,1,discard,same,1,1,32,1,nocount,sw64,sw64,16,16,16,0,128,0,128,none,0,none,0,4,20,3067594.0,1947.67873015873,,,,,8192,,22.051723569677083,,,0,0.0,1,bf14b28d2af4128daa99f23eec8a5e105636d0b04136f8be580fdc39d6f1f97d,
07_config_matrix,cfg_bf16_m128n128k16_c128_sw64_discard_same,1,,NVIDIA Thor,11.0,580.00,13.0,PTX ISA 9.3 / CUDA 13.0,1575.000,,,,bf16,128,128,16,32,128,119,2,discard,same,1,1,32,1,nocount,sw64,sw64,16,16,16,0,128,0,128,none,0,none,0,4,20,3067566.0,1947.6609523809525,,,,,8192,,22.05192485247261,,,0,0.0,1,bf14b28d2af4128daa99f23eec8a5e105636d0b04136f8be580fdc39d6f1f97d,
07_config_matrix,cfg_bf16_m128n128k16_c128_sw64_discard_same,1,,NVIDIA Thor,11.0,580.00,13.0,PTX ISA 9.3 / CUDA 13.0,1575.000,,,,bf16,128,128,16,32,128,119,3,discard,same,1,1,32,1,nocount,sw64,sw64,16,16,16,0,128,0,128,none,0,none,0,4,20,3067585.0,1947.6730158730159,,,,,8192,,22.05178826731778,,,0,0.0,1,bf14b28d2af4128daa99f23eec8a5e105636d0b04136f8be580fdc39d6f1f97d,
07_config_matrix,cfg_bf16_m128n128k16_c128_sw64_discard_same,1,,NVIDIA Thor,11.0,580.00,13.0,PTX ISA 9.3 / CUDA 13.0,1575.000,,,,bf16,128,128,16,32,128,119,4,discard,same,1,1,32,1,nocount,sw64,sw64,16,16,16,0,128,0,128,none,0,none,0,4,20,3067580.0,1947.6698412698413,,,,,8192,,22.051824210615536,,,0,0.0,1,bf14b28d2af4128daa99f23eec8a5e105636d0b04136f8be580fdc39d6f1f97d,
07_config_matrix,cfg_fp16_m128n128k16_c256_sw32_discard_same,1,,NVIDIA Thor,11.0,580.00,13.0,PTX ISA 9.3 / CUDA 13.0,1575.000,,,,fp16,128,128,16,32,128,120,0,discard,same,2,2,32,1,nocount,sw32,sw32,16,16,16,0,256,0,128,none,0,none,0,4,20,3387618.0,2150.868571428571,,,,,8192,,19.968525055658578,,,0,0.0,1,bf14b28d2af4128daa99f23eec8a5e105636d0b04136f8be580fdc39d6f1f97d,; UTCHMMA=21;UTCHMMA_WS=16;UTCBAR=1;UTCATOMSWS=3;SYNCS_TRYWAIT=8;LDS=21;LDG=9;ptx_tcgen05_mma=21;ptx_tcgen05_mma_ws=16;ptx_tcgen05_commit=1;ptx_tcgen05_alloc=1;ptx_tcgen05_dealloc=1;ptx_tcgen05_ld=5;ptx_tcgen05_st=5;ptx_mbarrier_wait=5;ptx_cp_async_tma=2;ptx_ld_shared=26;ptx_ld_global=7
07_config_matrix,cfg_fp16_m128n128k16_c256_sw32_discard_same,1,,NVIDIA Thor,11.0,580.00,13.0,PTX ISA 9.3 / CUDA 13.0,1575.000,,,,fp16,128,128,16,32,128,120,1,discard,same,2,2,32,1,nocount,sw32,sw32,16,16,16,0,256,0,128,none,0,none,0,4,20,3387619.0,2150.8692063492067,,,,,8192,,19.9685191610981,,,0,0.0,1,bf14b28d2af4128daa99f23eec8a5e105636d0b04136f8be580fdc39d6f1f97d,
07_config_matrix,cfg_fp16_m128n128k16_c256_sw32_discard_same,1,,NVIDIA Thor,11.0,580.00,13.0,PTX ISA 9.3 / CUDA 13.0,1575.000,,,,fp16,128,128,16,32,128,120,2,discard,same,2,2,32,1,nocount,sw32,sw32,16,16,16,0,256,0,128,none,0,none,0,4,20,3387620.0,2150.8698412698413,,,,,8192,,19.968513266541112,,,0,0.0,1,bf14b28d2af4128daa99f23eec8a5e105636d0b04136f8be580fdc39d6f1f97d,
07_config_matrix,cfg_fp16_m128n128k16_c256_sw32_discard_same,1,,NVIDIA Thor,11.0,580.00,13.0,PTX ISA 9.3 / CUDA 13.0,1575.000,,,,fp16,128,128,16,32,128,120,3,discard,same,2,2,32,1,nocount,sw32,sw32,16,16,16,0,256,0,128,none,0,none,0,4,20,3387679.0,2150.907301587302,,,,,8192,,19.96816549383811,,,0,0.0,1,bf14b28d2af4128daa99f23eec8a5e105636d0b04136f8be580fdc39d6f1f97d,
07_config_matrix,cfg_fp16_m128n128k16_c256_sw32_discard_same,1,,NVIDIA Thor,11.0,580.00,13.0,PTX ISA 9.3 / CUDA 13.0,1575.000,,,,fp16,128,128,16,32,128,120,4,discard,same,2,2,32,1,nocount,sw32,sw32,16,16,16,0,256,0,128,none,0,none,0,4,20,3387676.0,2150.905396825397,,,,,8192,,19.968183176903572,,,0,0.0,1,bf14b28d2af4128daa99f23eec8a5e105636d0b04136f8be580fdc39d6f1f97d,
07_config_matrix,cfg_fp16_m128n128k16_c128_sw32_discard_pingpong,1,,NVIDIA Thor,11.0,580.00,13.0,PTX ISA 9.3 / CUDA 13.0,1575.000,,,,fp16,128,128,16,32,128,121,0,discard,pingpong,1,1,32,1,nocount,sw32,sw32,16,16,16,0,128,0,128,none,0,none,0,4,20,2891383.0,1835.7987301587302,,,,,8192,,23.395632786109623,,,0,0.0,1,bf14b28d2af4128daa99f23eec8a5e105636d0b04136f8be580fdc39d6f1f97d,; UTCHMMA=21;UTCHMMA_WS=16;UTCBAR=1;UTCATOMSWS=3;SYNCS_TRYWAIT=8;LDS=21;LDG=9;ptx_tcgen05_mma=21;ptx_tcgen05_mma_ws=16;ptx_tcgen05_commit=1;ptx_tcgen05_alloc=1;ptx_tcgen05_dealloc=1;ptx_tcgen05_ld=5;ptx_tcgen05_st=5;ptx_mbarrier_wait=5;ptx_cp_async_tma=2;ptx_ld_shared=26;ptx_ld_global=7
07_config_matrix,cfg_fp16_m128n128k16_c128_sw32_discard_pingpong,1,,NVIDIA Thor,11.0,580.00,13.0,PTX ISA 9.3 / CUDA 13.0,1575.000,,,,fp16,128,128,16,32,128,121,1,discard,pingpong,1,1,32,1,nocount,sw32,sw32,16,16,16,0,128,0,128,none,0,none,0,4,20,2891386.0,1835.800634920635,,,,,8192,,23.395608511627294,,,0,0.0,1,bf14b28d2af4128daa99f23eec8a5e105636d0b04136f8be580fdc39d6f1f97d,
07_config_matrix,cfg_fp16_m128n128k16_c128_sw32_discard_pingpong,1,,NVIDIA Thor,11.0,580.00,13.0,PTX ISA 9.3 / CUDA 13.0,1575.000,,,,fp16,128,128,16,32,128,121,2,discard,pingpong,1,1,32,1,nocount,sw32,sw32,16,16,16,0,128,0,128,none,0,none,0,4,20,2891383.0,1835.7987301587302,,,,,8192,,23.395632786109623,,,0,0.0,1,bf14b28d2af4128daa99f23eec8a5e105636d0b04136f8be580fdc39d6f1f97d,
07_config_matrix,cfg_fp16_m128n128k16_c128_sw32_discard_pingpong,1,,NVIDIA Thor,11.0,580.00,13.0,PTX ISA 9.3 / CUDA 13.0,1575.000,,,,fp16,128,128,16,32,128,121,3,discard,pingpong,1,1,32,1,nocount,sw32,sw32,16,16,16,0,128,0,128,none,0,none,0,4,20,2891383.0,1835.7987301587302,,,,,8192,,23.395632786109623,,,0,0.0,1,bf14b28d2af4128daa99f23eec8a5e105636d0b04136f8be580fdc39d6f1f97d,
07_config_matrix,cfg_fp16_m128n128k16_c128_sw32_discard_pingpong,1,,NVIDIA Thor,11.0,580.00,13.0,PTX ISA 9.3 / CUDA 13.0,1575.000,,,,fp16,128,128,16,32,128,121,4,discard,pingpong,1,1,32,1,nocount,sw32,sw32,16,16,16,0,128,0,128,none,0,none,0,4,20,2891386.0,1835.800634920635,,,,,8192,,23.395608511627294,,,0,0.0,1,bf14b28d2af4128daa99f23eec8a5e105636d0b04136f8be580fdc39d6f1f97d,
07_config_matrix,cfg_bf16_m128n64k16_c256_none_fill_use_lastuse_pingpong,0,max_abs_error>0.25,NVIDIA Thor,11.0,580.00,13.0,PTX ISA 9.3 / CUDA 13.0,1575.000,,,,bf16,128,64,16,32,128,122,0,fill_use_lastuse,pingpong,4,4,32,1,nocount,none,none,16,16,16,0,256,0,64,none,0,none,0,4,20,3779294.0,2399.551746031746,,,,,6144,,8.949520057449883,,,0,0.83203125,1,bf14b28d2af4128daa99f23eec8a5e105636d0b04136f8be580fdc39d6f1f97d,; UTCHMMA=21;UTCHMMA_WS=16;UTCBAR=1;UTCATOMSWS=3;SYNCS_TRYWAIT=8;LDS=21;LDG=9;ptx_tcgen05_mma=21;ptx_tcgen05_mma_ws=16;ptx_tcgen05_commit=1;ptx_tcgen05_alloc=1;ptx_tcgen05_dealloc=1;ptx_tcgen05_ld=5;ptx_tcgen05_st=5;ptx_mbarrier_wait=5;ptx_cp_async_tma=2;ptx_ld_shared=26;ptx_ld_global=7
07_config_matrix,cfg_bf16_m128n64k16_c256_none_fill_use_lastuse_pingpong,0,max_abs_error>0.25,NVIDIA Thor,11.0,580.00,13.0,PTX ISA 9.3 / CUDA 13.0,1575.000,,,,bf16,128,64,16,32,128,122,1,fill_use_lastuse,pingpong,4,4,32,1,nocount,none,none,16,16,16,0,256,0,64,none,0,none,0,4,20,3779300.0,2399.555555555555,,,,,6144,,8.94950584923134,,,0,0.83203125,1,bf14b28d2af4128daa99f23eec8a5e105636d0b04136f8be580fdc39d6f1f97d,
07_config_matrix,cfg_bf16_m128n64k16_c256_none_fill_use_lastuse_pingpong,0,max_abs_error>0.25,NVIDIA Thor,11.0,580.00,13.0,PTX ISA 9.3 / CUDA 13.0,1575.000,,,,bf16,128,64,16,32,128,122,2,fill_use_lastuse,pingpong,4,4,32,1,nocount,none,none,16,16,16,0,256,0,64,none,0,none,0,4,20,3779298.0,2399.554285714286,,,,,6144,,8.949510585299175,,,0,0.83203125,1,bf14b28d2af4128daa99f23eec8a5e105636d0b04136f8be580fdc39d6f1f97d,
07_config_matrix,cfg_bf16_m128n64k16_c256_none_fill_use_lastuse_pingpong,0,max_abs_error>0.25,NVIDIA Thor,11.0,580.00,13.0,PTX ISA 9.3 / CUDA 13.0,1575.000,,,,bf16,128,64,16,32,128,122,3,fill_use_lastuse,pingpong,4,4,32,1,nocount,none,none,16,16,16,0,256,0,64,none,0,none,0,4,20,3779300.0,2399.555555555555,,,,,6144,,8.94950584923134,,,0,0.83203125,1,bf14b28d2af4128daa99f23eec8a5e105636d0b04136f8be580fdc39d6f1f97d,
07_config_matrix,cfg_bf16_m128n64k16_c256_none_fill_use_lastuse_pingpong,0,max_abs_error>0.25,NVIDIA Thor,11.0,580.00,13.0,PTX ISA 9.3 / CUDA 13.0,1575.000,,,,bf16,128,64,16,32,128,122,4,fill_use_lastuse,pingpong,4,4,32,1,nocount,none,none,16,16,16,0,256,0,64,none,0,none,0,4,20,3779301.0,2399.5561904761907,,,,,6144,,8.9495034811993,,,0,0.83203125,1,bf14b28d2af4128daa99f23eec8a5e105636d0b04136f8be580fdc39d6f1f97d,
07_config_matrix,cfg_fp16_m128n128k16_c512_sw128_discard_same,1,,NVIDIA Thor,11.0,580.00,13.0,PTX ISA 9.3 / CUDA 13.0,1575.000,,,,fp16,128,128,16,32,128,123,0,discard,same,4,4,32,1,nocount,sw128,sw128,16,16,16,0,512,0,128,none,0,none,0,4,20,3678961.0,2335.848253968254,,,,,8192,,18.387184564337595,,,0,0.0,1,bf14b28d2af4128daa99f23eec8a5e105636d0b04136f8be580fdc39d6f1f97d,; UTCHMMA=21;UTCHMMA_WS=16;UTCBAR=1;UTCATOMSWS=3;SYNCS_TRYWAIT=8;LDS=21;LDG=9;ptx_tcgen05_mma=21;ptx_tcgen05_mma_ws=16;ptx_tcgen05_commit=1;ptx_tcgen05_alloc=1;ptx_tcgen05_dealloc=1;ptx_tcgen05_ld=5;ptx_tcgen05_st=5;ptx_mbarrier_wait=5;ptx_cp_async_tma=2;ptx_ld_shared=26;ptx_ld_global=7
07_config_matrix,cfg_fp16_m128n128k16_c512_sw128_discard_same,1,,NVIDIA Thor,11.0,580.00,13.0,PTX ISA 9.3 / CUDA 13.0,1575.000,,,,fp16,128,128,16,32,128,123,1,discard,same,4,4,32,1,nocount,sw128,sw128,16,16,16,0,512,0,128,none,0,none,0,4,20,3678955.0,2335.8444444444444,,,,,8192,,18.38721455195837,,,0,0.0,1,bf14b28d2af4128daa99f23eec8a5e105636d0b04136f8be580fdc39d6f1f97d,
07_config_matrix,cfg_fp16_m128n128k16_c512_sw128_discard_same,1,,NVIDIA Thor,11.0,580.00,13.0,PTX ISA 9.3 / CUDA 13.0,1575.000,,,,fp16,128,128,16,32,128,123,2,discard,same,4,4,32,1,nocount,sw128,sw128,16,16,16,0,512,0,128,none,0,none,0,4,20,3678990.0,2335.8666666666663,,,,,8192,,18.387039625549406,,,0,0.0,1,bf14b28d2af4128daa99f23eec8a5e105636d0b04136f8be580fdc39d6f1f97d,
07_config_matrix,cfg_fp16_m128n128k16_c512_sw128_discard_same,1,,NVIDIA Thor,11.0,580.00,13.0,PTX ISA 9.3 / CUDA 13.0,1575.000,,,,fp16,128,128,16,32,128,123,3,discard,same,4,4,32,1,nocount,sw128,sw128,16,16,16,0,512,0,128,none,0,none,0,4,20,3678989.0,2335.8660317460317,,,,,8192,,18.387044623400612,,,0,0.0,1,bf14b28d2af4128daa99f23eec8a5e105636d0b04136f8be580fdc39d6f1f97d,
07_config_matrix,cfg_fp16_m128n128k16_c512_sw128_discard_same,1,,NVIDIA Thor,11.0,580.00,13.0,PTX ISA 9.3 / CUDA 13.0,1575.000,,,,fp16,128,128,16,32,128,123,4,discard,same,4,4,32,1,nocount,sw128,sw128,16,16,16,0,512,0,128,none,0,none,0,4,20,3678960.0,2335.847619047619,,,,,8192,,18.387189562267597,,,0,0.0,1,bf14b28d2af4128daa99f23eec8a5e105636d0b04136f8be580fdc39d6f1f97d,
07_config_matrix,cfg_bf16_m128n128k16_c128_sw128_fill_use_lastuse_pingpong,1,,NVIDIA Thor,11.0,580.00,13.0,PTX ISA 9.3 / CUDA 13.0,1575.000,,,,bf16,128,128,16,32,128,124,0,fill_use_lastuse,pingpong,1,1,32,1,nocount,sw128,sw128,16,16,16,0,128,0,128,none,0,none,0,4,20,3281366.0,2083.4069841269843,,,,,8192,,20.615114227428453,,,0,0.0,1,bf14b28d2af4128daa99f23eec8a5e105636d0b04136f8be580fdc39d6f1f97d,; UTCHMMA=21;UTCHMMA_WS=16;UTCBAR=1;UTCATOMSWS=3;SYNCS_TRYWAIT=8;LDS=21;LDG=9;ptx_tcgen05_mma=21;ptx_tcgen05_mma_ws=16;ptx_tcgen05_commit=1;ptx_tcgen05_alloc=1;ptx_tcgen05_dealloc=1;ptx_tcgen05_ld=5;ptx_tcgen05_st=5;ptx_mbarrier_wait=5;ptx_cp_async_tma=2;ptx_ld_shared=26;ptx_ld_global=7
07_config_matrix,cfg_bf16_m128n128k16_c128_sw128_fill_use_lastuse_pingpong,1,,NVIDIA Thor,11.0,580.00,13.0,PTX ISA 9.3 / CUDA 13.0,1575.000,,,,bf16,128,128,16,32,128,124,1,fill_use_lastuse,pingpong,1,1,32,1,nocount,sw128,sw128,16,16,16,0,128,0,128,none,0,none,0,4,20,3282397.0,2084.0615873015877,,,,,8192,,20.60863902568763,,,0,0.0,1,bf14b28d2af4128daa99f23eec8a5e105636d0b04136f8be580fdc39d6f1f97d,
07_config_matrix,cfg_bf16_m128n128k16_c128_sw128_fill_use_lastuse_pingpong,1,,NVIDIA Thor,11.0,580.00,13.0,PTX ISA 9.3 / CUDA 13.0,1575.000,,,,bf16,128,128,16,32,128,124,2,fill_use_lastuse,pingpong,1,1,32,1,nocount,sw128,sw128,16,16,16,0,128,0,128,none,0,none,0,4,20,3282394.0,2084.0596825396824,,,,,8192,,20.60865786130489,,,0,0.0,1,bf14b28d2af4128daa99f23eec8a5e105636d0b04136f8be580fdc39d6f1f97d,
07_config_matrix,cfg_bf16_m128n128k16_c128_sw128_fill_use_lastuse_pingpong,1,,NVIDIA Thor,11.0,580.00,13.0,PTX ISA 9.3 / CUDA 13.0,1575.000,,,,bf16,128,128,16,32,128,124,3,fill_use_lastuse,pingpong,1,1,32,1,nocount,sw128,sw128,16,16,16,0,128,0,128,none,0,none,0,4,20,3282379.0,2084.0501587301587,,,,,8192,,20.60875203990764,,,0,0.0,1,bf14b28d2af4128daa99f23eec8a5e105636d0b04136f8be580fdc39d6f1f97d,
07_config_matrix,cfg_bf16_m128n128k16_c128_sw128_fill_use_lastuse_pingpong,1,,NVIDIA Thor,11.0,580.00,13.0,PTX ISA 9.3 / CUDA 13.0,1575.000,,,,bf16,128,128,16,32,128,124,4,fill_use_lastuse,pingpong,1,1,32,1,nocount,sw128,sw128,16,16,16,0,128,0,128,none,0,none,0,4,20,3281533.0,2083.513015873016,,,,,8192,,20.614065106765647,,,0,0.0,1,bf14b28d2af4128daa99f23eec8a5e105636d0b04136f8be580fdc39d6f1f97d,
07_config_matrix,cfg_bf16_m128n64k16_c256_sw64_fill_use_lastuse_same,1,,NVIDIA Thor,11.0,580.00,13.0,PTX ISA 9.3 / CUDA 13.0,1575.000,,,,bf16,128,64,16,32,128,125,0,fill_use_lastuse,same,4,4,32,1,nocount,sw64,sw64,16,16,16,0,256,0,64,none,0,none,0,4,20,3664474.0,2326.6501587301586,,,,,6144,,9.229937899955083,,,0,0.0,1,bf14b28d2af4128daa99f23eec8a5e105636d0b04136f8be580fdc39d6f1f97d,; UTCHMMA=21;UTCHMMA_WS=16;UTCBAR=1;UTCATOMSWS=3;SYNCS_TRYWAIT=8;LDS=21;LDG=9;ptx_tcgen05_mma=21;ptx_tcgen05_mma_ws=16;ptx_tcgen05_commit=1;ptx_tcgen05_alloc=1;ptx_tcgen05_dealloc=1;ptx_tcgen05_ld=5;ptx_tcgen05_st=5;ptx_mbarrier_wait=5;ptx_cp_async_tma=2;ptx_ld_shared=26;ptx_ld_global=7
07_config_matrix,cfg_bf16_m128n64k16_c256_sw64_fill_use_lastuse_same,1,,NVIDIA Thor,11.0,580.00,13.0,PTX ISA 9.3 / CUDA 13.0,1575.000,,,,bf16,128,64,16,32,128,125,1,fill_use_lastuse,same,4,4,32,1,nocount,sw64,sw64,16,16,16,0,256,0,64,none,0,none,0,4,20,3664475.0,2326.6507936507937,,,,,6144,,9.22993538119376,,,0,0.0,1,bf14b28d2af4128daa99f23eec8a5e105636d0b04136f8be580fdc39d6f1f97d,
07_config_matrix,cfg_bf16_m128n64k16_c256_sw64_fill_use_lastuse_same,1,,NVIDIA Thor,11.0,580.00,13.0,PTX ISA 9.3 / CUDA 13.0,1575.000,,,,bf16,128,64,16,32,128,125,2,fill_use_lastuse,same,4,4,32,1,nocount,sw64,sw64,16,16,16,0,256,0,64,none,0,none,0,4,20,3664478.0,2326.6526984126986,,,,,6144,,9.229927824918038,,,0,0.0,1,bf14b28d2af4128daa99f23eec8a5e105636d0b04136f8be580fdc39d6f1f97d,
07_config_matrix,cfg_bf16_m128n64k16_c256_sw64_fill_use_lastuse_same,1,,NVIDIA Thor,11.0,580.00,13.0,PTX ISA 9.3 / CUDA 13.0,1575.000,,,,bf16,128,64,16,32,128,125,3,fill_use_lastuse,same,4,4,32,1,nocount,sw64,sw64,16,16,16,0,256,0,64,none,0,none,0,4,20,3664590.0,2326.72380952381,,,,,6144,,9.229645732810491,,,0,0.0,1,bf14b28d2af4128daa99f23eec8a5e105636d0b04136f8be580fdc39d6f1f97d,
07_config_matrix,cfg_bf16_m128n64k16_c256_sw64_fill_use_lastuse_same,1,,NVIDIA Thor,11.0,580.00,13.0,PTX ISA 9.3 / CUDA 13.0,1575.000,,,,bf16,128,64,16,32,128,125,4,fill_use_lastuse,same,4,4,32,1,nocount,sw64,sw64,16,16,16,0,256,0,64,none,0,none,0,4,20,3664479.0,2326.653333333333,,,,,6144,,9.229925306162214,,,0,0.0,1,bf14b28d2af4128daa99f23eec8a5e105636d0b04136f8be580fdc39d6f1f97d,
07_config_matrix,cfg_bf16_m128n128k16_c128_none_fill_use_lastuse_pingpong,0,max_abs_error>0.25,NVIDIA Thor,11.0,580.00,13.0,PTX ISA 9.3 / CUDA 13.0,1575.000,,,,bf16,128,128,16,32,128,126,0,fill_use_lastuse,pingpong,1,1,32,1,nocount,none,none,16,16,16,0,128,0,128,none,0,none,0,4,20,3281362.0,2083.4044444444444,,,,,8192,,20.615139357376602,,,0,0.791015625,1,bf14b28d2af4128daa99f23eec8a5e105636d0b04136f8be580fdc39d6f1f97d,; UTCHMMA=21;UTCHMMA_WS=16;UTCBAR=1;UTCATOMSWS=3;SYNCS_TRYWAIT=8;LDS=21;LDG=9;ptx_tcgen05_mma=21;ptx_tcgen05_mma_ws=16;ptx_tcgen05_commit=1;ptx_tcgen05_alloc=1;ptx_tcgen05_dealloc=1;ptx_tcgen05_ld=5;ptx_tcgen05_st=5;ptx_mbarrier_wait=5;ptx_cp_async_tma=2;ptx_ld_shared=26;ptx_ld_global=7
07_config_matrix,cfg_bf16_m128n128k16_c128_none_fill_use_lastuse_pingpong,0,max_abs_error>0.25,NVIDIA Thor,11.0,580.00,13.0,PTX ISA 9.3 / CUDA 13.0,1575.000,,,,bf16,128,128,16,32,128,126,1,fill_use_lastuse,pingpong,1,1,32,1,nocount,none,none,16,16,16,0,128,0,128,none,0,none,0,4,20,3281364.0,2083.405714285714,,,,,8192,,20.61512679239487,,,0,0.791015625,1,bf14b28d2af4128daa99f23eec8a5e105636d0b04136f8be580fdc39d6f1f97d,
07_config_matrix,cfg_bf16_m128n128k16_c128_none_fill_use_lastuse_pingpong,0,max_abs_error>0.25,NVIDIA Thor,11.0,580.00,13.0,PTX ISA 9.3 / CUDA 13.0,1575.000,,,,bf16,128,128,16,32,128,126,2,fill_use_lastuse,pingpong,1,1,32,1,nocount,none,none,16,16,16,0,128,0,128,none,0,none,0,4,20,3282394.0,2084.0596825396824,,,,,8192,,20.60865786130489,,,0,0.791015625,1,bf14b28d2af4128daa99f23eec8a5e105636d0b04136f8be580fdc39d6f1f97d,
07_config_matrix,cfg_bf16_m128n128k16_c128_none_fill_use_lastuse_pingpong,0,max_abs_error>0.25,NVIDIA Thor,11.0,580.00,13.0,PTX ISA 9.3 / CUDA 13.0,1575.000,,,,bf16,128,128,16,32,128,126,3,fill_use_lastuse,pingpong,1,1,32,1,nocount,none,none,16,16,16,0,128,0,128,none,0,none,0,4,20,3282377.0,2084.048888888889,,,,,8192,,20.608764597119706,,,0,0.791015625,1,bf14b28d2af4128daa99f23eec8a5e105636d0b04136f8be580fdc39d6f1f97d,
07_config_matrix,cfg_bf16_m128n128k16_c128_none_fill_use_lastuse_pingpong,0,max_abs_error>0.25,NVIDIA Thor,11.0,580.00,13.0,PTX ISA 9.3 / CUDA 13.0,1575.000,,,,bf16,128,128,16,32,128,126,4,fill_use_lastuse,pingpong,1,1,32,1,nocount,none,none,16,16,16,0,128,0,128,none,0,none,0,4,20,3281362.0,2083.4044444444444,,,,,8192,,20.615139357376602,,,0,0.791015625,1,bf14b28d2af4128daa99f23eec8a5e105636d0b04136f8be580fdc39d6f1f97d,
07_config_matrix,cfg_fp16_m128n128k16_c128_sw128_discard_same,1,,NVIDIA Thor,11.0,580.00,13.0,PTX ISA 9.3 / CUDA 13.0,1575.000,,,,fp16,128,128,16,32,128,127,0,discard,same,1,1,32,1,nocount,sw128,sw128,16,16,16,0,128,0,128,none,0,none,0,4,20,3181521.0,2020.0133333333333,,,,,8192,,21.26207399291094,,,0,0.0,1,bf14b28d2af4128daa99f23eec8a5e105636d0b04136f8be580fdc39d6f1f97d,; UTCHMMA=21;UTCHMMA_WS=16;UTCBAR=1;UTCATOMSWS=3;SYNCS_TRYWAIT=8;LDS=21;LDG=9;ptx_tcgen05_mma=21;ptx_tcgen05_mma_ws=16;ptx_tcgen05_commit=1;ptx_tcgen05_alloc=1;ptx_tcgen05_dealloc=1;ptx_tcgen05_ld=5;ptx_tcgen05_st=5;ptx_mbarrier_wait=5;ptx_cp_async_tma=2;ptx_ld_shared=26;ptx_ld_global=7
07_config_matrix,cfg_fp16_m128n128k16_c128_sw128_discard_same,1,,NVIDIA Thor,11.0,580.00,13.0,PTX ISA 9.3 / CUDA 13.0,1575.000,,,,fp16,128,128,16,32,128,127,1,discard,same,1,1,32,1,nocount,sw128,sw128,16,16,16,0,128,0,128,none,0,none,0,4,20,3181522.0,2020.0139682539682,,,,,8192,,21.262067309922738,,,0,0.0,1,bf14b28d2af4128daa99f23eec8a5e105636d0b04136f8be580fdc39d6f1f97d,
07_config_matrix,cfg_fp16_m128n128k16_c128_sw128_discard_same,1,,NVIDIA Thor,11.0,580.00,13.0,PTX ISA 9.3 / CUDA 13.0,1575.000,,,,fp16,128,128,16,32,128,127,2,discard,same,1,1,32,1,nocount,sw128,sw128,16,16,16,0,128,0,128,none,0,none,0,4,20,3181520.0,2020.0126984126987,,,,,8192,,21.26208067590334,,,0,0.0,1,bf14b28d2af4128daa99f23eec8a5e105636d0b04136f8be580fdc39d6f1f97d,
07_config_matrix,cfg_fp16_m128n128k16_c128_sw128_discard_same,1,,NVIDIA Thor,11.0,580.00,13.0,PTX ISA 9.3 / CUDA 13.0,1575.000,,,,fp16,128,128,16,32,128,127,3,discard,same,1,1,32,1,nocount,sw128,sw128,16,16,16,0,128,0,128,none,0,none,0,4,20,3181521.0,2020.0133333333333,,,,,8192,,21.26207399291094,,,0,0.0,1,bf14b28d2af4128daa99f23eec8a5e105636d0b04136f8be580fdc39d6f1f97d,
07_config_matrix,cfg_fp16_m128n128k16_c128_sw128_discard_same,1,,NVIDIA Thor,11.0,580.00,13.0,PTX ISA 9.3 / CUDA 13.0,1575.000,,,,fp16,128,128,16,32,128,127,4,discard,same,1,1,32,1,nocount,sw128,sw128,16,16,16,0,128,0,128,none,0,none,0,4,20,3181152.0,2019.7790476190478,,,,,8192,,21.26454030238102,,,0,0.0,1,bf14b28d2af4128daa99f23eec8a5e105636d0b04136f8be580fdc39d6f1f97d,
07_config_matrix,cfg_bf16_m128n64k16_c256_sw64_discard_same,1,,NVIDIA Thor,11.0,580.00,13.0,PTX ISA 9.3 / CUDA 13.0,1575.000,,,,bf16,128,64,16,32,128,128,0,discard,same,4,4,32,1,nocount,sw64,sw64,16,16,16,0,256,0,64,none,0,none,0,4,20,3562091.0,2261.6450793650793,,,,,6144,,9.495228352111162,,,0,0.0,1,bf14b28d2af4128daa99f23eec8a5e105636d0b04136f8be580fdc39d6f1f97d,; UTCHMMA=21;UTCHMMA_WS=16;UTCBAR=1;UTCATOMSWS=3;SYNCS_TRYWAIT=8;LDS=21;LDG=9;ptx_tcgen05_mma=21;ptx_tcgen05_mma_ws=16;ptx_tcgen05_commit=1;ptx_tcgen05_alloc=1;ptx_tcgen05_dealloc=1;ptx_tcgen05_ld=5;ptx_tcgen05_st=5;ptx_mbarrier_wait=5;ptx_cp_async_tma=2;ptx_ld_shared=26;ptx_ld_global=7
07_config_matrix,cfg_bf16_m128n64k16_c256_sw64_discard_same,1,,NVIDIA Thor,11.0,580.00,13.0,PTX ISA 9.3 / CUDA 13.0,1575.000,,,,bf16,128,64,16,32,128,128,1,discard,same,4,4,32,1,nocount,sw64,sw64,16,16,16,0,256,0,64,none,0,none,0,4,20,3562091.0,2261.6450793650793,,,,,6144,,9.495228352111162,,,0,0.0,1,bf14b28d2af4128daa99f23eec8a5e105636d0b04136f8be580fdc39d6f1f97d,
07_config_matrix,cfg_bf16_m128n64k16_c256_sw64_discard_same,1,,NVIDIA Thor,11.0,580.00,13.0,PTX ISA 9.3 / CUDA 13.0,1575.000,,,,bf16,128,64,16,32,128,128,2,discard,same,4,4,32,1,nocount,sw64,sw64,16,16,16,0,256,0,64,none,0,none,0,4,20,3562091.0,2261.6450793650793,,,,,6144,,9.495228352111162,,,0,0.0,1,bf14b28d2af4128daa99f23eec8a5e105636d0b04136f8be580fdc39d6f1f97d,
07_config_matrix,cfg_bf16_m128n64k16_c256_sw64_discard_same,1,,NVIDIA Thor,11.0,580.00,13.0,PTX ISA 9.3 / CUDA 13.0,1575.000,,,,bf16,128,64,16,32,128,128,3,discard,same,4,4,32,1,nocount,sw64,sw64,16,16,16,0,256,0,64,none,0,none,0,4,20,3562090.0,2261.6444444444446,,,,,6144,,9.4952310177452,,,0,0.0,1,bf14b28d2af4128daa99f23eec8a5e105636d0b04136f8be580fdc39d6f1f97d,
07_config_matrix,cfg_bf16_m128n64k16_c256_sw64_discard_same,1,,NVIDIA Thor,11.0,580.00,13.0,PTX ISA 9.3 / CUDA 13.0,1575.000,,,,bf16,128,64,16,32,128,128,4,discard,same,4,4,32,1,nocount,sw64,sw64,16,16,16,0,256,0,64,none,0,none,0,4,20,3562086.0,2261.6419047619047,,,,,6144,,9.49524168029632,,,0,0.0,1,bf14b28d2af4128daa99f23eec8a5e105636d0b04136f8be580fdc39d6f1f97d,
07_config_matrix,cfg_bf16_m128n256k16_c256_none_discard_same,0,max_abs_error>0.25,NVIDIA Thor,11.0,580.00,13.0,PTX ISA 9.3 / CUDA 13.0,1575.000,,,,bf16,128,256,16,32,128,129,0,discard,same,1,1,32,1,nocount,none,none,16,16,16,0,256,0,256,none,0,none,0,4,20,3181543.0,2020.0273015873017,,,,,12288,,42.52385393628186,,,0,0.83203125,1,bf14b28d2af4128daa99f23eec8a5e105636d0b04136f8be580fdc39d6f1f97d,; UTCHMMA=21;UTCHMMA_WS=16;UTCBAR=1;UTCATOMSWS=3;SYNCS_TRYWAIT=8;LDS=21;LDG=9;ptx_tcgen05_mma=21;ptx_tcgen05_mma_ws=16;ptx_tcgen05_commit=1;ptx_tcgen05_alloc=1;ptx_tcgen05_dealloc=1;ptx_tcgen05_ld=5;ptx_tcgen05_st=5;ptx_mbarrier_wait=5;ptx_cp_async_tma=2;ptx_ld_shared=26;ptx_ld_global=7
07_config_matrix,cfg_bf16_m128n256k16_c256_none_discard_same,0,max_abs_error>0.25,NVIDIA Thor,11.0,580.00,13.0,PTX ISA 9.3 / CUDA 13.0,1575.000,,,,bf16,128,256,16,32,128,129,1,discard,same,1,1,32,1,nocount,none,none,16,16,16,0,256,0,256,none,0,none,0,4,20,3181788.0,2020.1828571428573,,,,,12288,,42.520579568469046,,,0,0.83203125,1,bf14b28d2af4128daa99f23eec8a5e105636d0b04136f8be580fdc39d6f1f97d,
07_config_matrix,cfg_bf16_m128n256k16_c256_none_discard_same,0,max_abs_error>0.25,NVIDIA Thor,11.0,580.00,13.0,PTX ISA 9.3 / CUDA 13.0,1575.000,,,,bf16,128,256,16,32,128,129,2,discard,same,1,1,32,1,nocount,none,none,16,16,16,0,256,0,256,none,0,none,0,4,20,3181545.0,2020.0285714285712,,,,,12288,,42.523827204707146,,,0,0.83203125,1,bf14b28d2af4128daa99f23eec8a5e105636d0b04136f8be580fdc39d6f1f97d,
07_config_matrix,cfg_bf16_m128n256k16_c256_none_discard_same,0,max_abs_error>0.25,NVIDIA Thor,11.0,580.00,13.0,PTX ISA 9.3 / CUDA 13.0,1575.000,,,,bf16,128,256,16,32,128,129,3,discard,same,1,1,32,1,nocount,none,none,16,16,16,0,256,0,256,none,0,none,0,4,20,3181553.0,2020.0336507936508,,,,,12288,,42.52372027874438,,,0,0.83203125,1,bf14b28d2af4128daa99f23eec8a5e105636d0b04136f8be580fdc39d6f1f97d,
07_config_matrix,cfg_bf16_m128n256k16_c256_none_discard_same,0,max_abs_error>0.25,NVIDIA Thor,11.0,580.00,13.0,PTX ISA 9.3 / CUDA 13.0,1575.000,,,,bf16,128,256,16,32,128,129,4,discard,same,1,1,32,1,nocount,none,none,16,16,16,0,256,0,256,none,0,none,0,4,20,3181547.0,2020.0298412698412,,,,,12288,,42.52380047316605,,,0,0.83203125,1,bf14b28d2af4128daa99f23eec8a5e105636d0b04136f8be580fdc39d6f1f97d,
07_config_matrix,cfg_bf16_m128n128k16_c256_sw64_fill_use_lastuse_same,1,,NVIDIA Thor,11.0,580.00,13.0,PTX ISA 9.3 / CUDA 13.0,1575.000,,,,bf16,128,128,16,32,128,130,0,fill_use_lastuse,same,2,2,32,1,nocount,sw64,sw64,16,16,16,0,256,0,128,none,0,none,0,4,20,3664480.0,2326.6539682539683,,,,,8192,,18.459845574815525,,,0,0.0,1,bf14b28d2af4128daa99f23eec8a5e105636d0b04136f8be580fdc39d6f1f97d,; UTCHMMA=21;UTCHMMA_WS=16;UTCBAR=1;UTCATOMSWS=3;SYNCS_TRYWAIT=8;LDS=21;LDG=9;ptx_tcgen05_mma=21;ptx_tcgen05_mma_ws=16;ptx_tcgen05_commit=1;ptx_tcgen05_alloc=1;ptx_tcgen05_dealloc=1;ptx_tcgen05_ld=5;ptx_tcgen05_st=5;ptx_mbarrier_wait=5;ptx_cp_async_tma=2;ptx_ld_shared=26;ptx_ld_global=7
07_config_matrix,cfg_bf16_m128n128k16_c256_sw64_fill_use_lastuse_same,1,,NVIDIA Thor,11.0,580.00,13.0,PTX ISA 9.3 / CUDA 13.0,1575.000,,,,bf16,128,128,16,32,128,130,1,fill_use_lastuse,same,2,2,32,1,nocount,sw64,sw64,16,16,16,0,256,0,128,none,0,none,0,4,20,3664480.0,2326.6539682539683,,,,,8192,,18.459845574815525,,,0,0.0,1,bf14b28d2af4128daa99f23eec8a5e105636d0b04136f8be580fdc39d6f1f97d,
07_config_matrix,cfg_bf16_m128n128k16_c256_sw64_fill_use_lastuse_same,1,,NVIDIA Thor,11.0,580.00,13.0,PTX ISA 9.3 / CUDA 13.0,1575.000,,,,bf16,128,128,16,32,128,130,2,fill_use_lastuse,same,2,2,32,1,nocount,sw64,sw64,16,16,16,0,256,0,128,none,0,none,0,4,20,3664484.0,2326.6565079365078,,,,,8192,,18.459825424807423,,,0,0.0,1,bf14b28d2af4128daa99f23eec8a5e105636d0b04136f8be580fdc39d6f1f97d,
07_config_matrix,cfg_bf16_m128n128k16_c256_sw64_fill_use_lastuse_same,1,,NVIDIA Thor,11.0,580.00,13.0,PTX ISA 9.3 / CUDA 13.0,1575.000,,,,bf16,128,128,16,32,128,130,3,fill_use_lastuse,same,2,2,32,1,nocount,sw64,sw64,16,16,16,0,256,0,128,none,0,none,0,4,20,3664478.0,2326.6526984126986,,,,,8192,,18.459855649836076,,,0,0.0,1,bf14b28d2af4128daa99f23eec8a5e105636d0b04136f8be580fdc39d6f1f97d,
07_config_matrix,cfg_bf16_m128n128k16_c256_sw64_fill_use_lastuse_same,1,,NVIDIA Thor,11.0,580.00,13.0,PTX ISA 9.3 / CUDA 13.0,1575.000,,,,bf16,128,128,16,32,128,130,4,fill_use_lastuse,same,2,2,32,1,nocount,sw64,sw64,16,16,16,0,256,0,128,none,0,none,0,4,20,3664479.0,2326.653333333333,,,,,8192,,18.459850612324427,,,0,0.0,1,bf14b28d2af4128daa99f23eec8a5e105636d0b04136f8be580fdc39d6f1f97d,
07_config_matrix,cfg_fp16_m128n64k16_c128_sw32_fill_use_lastuse_pingpong,1,,NVIDIA Thor,11.0,580.00,13.0,PTX ISA 9.3 / CUDA 13.0,1575.000,,,,fp16,128,64,16,32,128,131,0,fill_use_lastuse,pingpong,2,2,32,1,nocount,sw32,sw32,16,16,16,0,128,0,64,none,0,none,0,4,20,3488014.0,2214.6120634920635,,,,,6144,,9.696884088194599,,,0,0.0,1,bf14b28d2af4128daa99f23eec8a5e105636d0b04136f8be580fdc39d6f1f97d,; UTCHMMA=21;UTCHMMA_WS=16;UTCBAR=1;UTCATOMSWS=3;SYNCS_TRYWAIT=8;LDS=21;LDG=9;ptx_tcgen05_mma=21;ptx_tcgen05_mma_ws=16;ptx_tcgen05_commit=1;ptx_tcgen05_alloc=1;ptx_tcgen05_dealloc=1;ptx_tcgen05_ld=5;ptx_tcgen05_st=5;ptx_mbarrier_wait=5;ptx_cp_async_tma=2;ptx_ld_shared=26;ptx_ld_global=7
07_config_matrix,cfg_fp16_m128n64k16_c128_sw32_fill_use_lastuse_pingpong,1,,NVIDIA Thor,11.0,580.00,13.0,PTX ISA 9.3 / CUDA 13.0,1575.000,,,,fp16,128,64,16,32,128,131,1,fill_use_lastuse,pingpong,2,2,32,1,nocount,sw32,sw32,16,16,16,0,128,0,64,none,0,none,0,4,20,3488018.0,2214.6146031746034,,,,,6144,,9.696872967972068,,,0,0.0,1,bf14b28d2af4128daa99f23eec8a5e105636d0b04136f8be580fdc39d6f1f97d,
07_config_matrix,cfg_fp16_m128n64k16_c128_sw32_fill_use_lastuse_pingpong,1,,NVIDIA Thor,11.0,580.00,13.0,PTX ISA 9.3 / CUDA 13.0,1575.000,,,,fp16,128,64,16,32,128,131,2,fill_use_lastuse,pingpong,2,2,32,1,nocount,sw32,sw32,16,16,16,0,128,0,64,none,0,none,0,4,20,3488011.0,2214.6101587301587,,,,,6144,,9.696892428378236,,,0,0.0,1,bf14b28d2af4128daa99f23eec8a5e105636d0b04136f8be580fdc39d6f1f97d,
07_config_matrix,cfg_fp16_m128n64k16_c128_sw32_fill_use_lastuse_pingpong,1,,NVIDIA Thor,11.0,580.00,13.0,PTX ISA 9.3 / CUDA 13.0,1575.000,,,,fp16,128,64,16,32,128,131,3,fill_use_lastuse,pingpong,2,2,32,1,nocount,sw32,sw32,16,16,16,0,128,0,64,none,0,none,0,4,20,3488014.0,2214.6120634920635,,,,,6144,,9.696884088194599,,,0,0.0,1,bf14b28d2af4128daa99f23eec8a5e105636d0b04136f8be580fdc39d6f1f97d,
07_config_matrix,cfg_fp16_m128n64k16_c128_sw32_fill_use_lastuse_pingpong,1,,NVIDIA Thor,11.0,580.00,13.0,PTX ISA 9.3 / CUDA 13.0,1575.000,,,,fp16,128,64,16,32,128,131,4,fill_use_lastuse,pingpong,2,2,32,1,nocount,sw32,sw32,16,16,16,0,128,0,64,none,0,none,0,4,20,3488016.0,2214.6133333333332,,,,,6144,,9.696878528080147,,,0,0.0,1,bf14b28d2af4128daa99f23eec8a5e105636d0b04136f8be580fdc39d6f1f97d,
07_config_matrix,cfg_fp16_m128n64k16_c512_none_fill_use_lastuse_same,0,max_abs_error>0.05,NVIDIA Thor,11.0,580.00,13.0,PTX ISA 9.3 / CUDA 13.0,1575.000,,,,fp16,128,64,16,32,128,132,0,fill_use_lastuse,same,8,8,32,1,nocount,none,none,16,16,16,0,512,0,64,none,0,none,0,4,20,3779300.0,2399.555555555555,,,,,6144,,8.94950584923134,,,0,0.83203125,1,bf14b28d2af4128daa99f23eec8a5e105636d0b04136f8be580fdc39d6f1f97d,; UTCHMMA=21;UTCHMMA_WS=16;UTCBAR=1;UTCATOMSWS=3;SYNCS_TRYWAIT=8;LDS=21;LDG=9;ptx_tcgen05_mma=21;ptx_tcgen05_mma_ws=16;ptx_tcgen05_commit=1;ptx_tcgen05_alloc=1;ptx_tcgen05_dealloc=1;ptx_tcgen05_ld=5;ptx_tcgen05_st=5;ptx_mbarrier_wait=5;ptx_cp_async_tma=2;ptx_ld_shared=26;ptx_ld_global=7
07_config_matrix,cfg_fp16_m128n64k16_c512_none_fill_use_lastuse_same,0,max_abs_error>0.05,NVIDIA Thor,11.0,580.00,13.0,PTX ISA 9.3 / CUDA 13.0,1575.000,,,,fp16,128,64,16,32,128,132,1,fill_use_lastuse,same,8,8,32,1,nocount,none,none,16,16,16,0,512,0,64,none,0,none,0,4,20,3779303.0,2399.5574603174605,,,,,6144,,8.949498745138984,,,0,0.83203125,1,bf14b28d2af4128daa99f23eec8a5e105636d0b04136f8be580fdc39d6f1f97d,
07_config_matrix,cfg_fp16_m128n64k16_c512_none_fill_use_lastuse_same,0,max_abs_error>0.05,NVIDIA Thor,11.0,580.00,13.0,PTX ISA 9.3 / CUDA 13.0,1575.000,,,,fp16,128,64,16,32,128,132,2,fill_use_lastuse,same,8,8,32,1,nocount,none,none,16,16,16,0,512,0,64,none,0,none,0,4,20,3779294.0,2399.551746031746,,,,,6144,,8.949520057449883,,,0,0.83203125,1,bf14b28d2af4128daa99f23eec8a5e105636d0b04136f8be580fdc39d6f1f97d,
07_config_matrix,cfg_fp16_m128n64k16_c512_none_fill_use_lastuse_same,0,max_abs_error>0.05,NVIDIA Thor,11.0,580.00,13.0,PTX ISA 9.3 / CUDA 13.0,1575.000,,,,fp16,128,64,16,32,128,132,3,fill_use_lastuse,same,8,8,32,1,nocount,none,none,16,16,16,0,512,0,64,none,0,none,0,4,20,3779295.0,2399.5523809523806,,,,,6144,,8.949517689410326,,,0,0.83203125,1,bf14b28d2af4128daa99f23eec8a5e105636d0b04136f8be580fdc39d6f1f97d,
07_config_matrix,cfg_fp16_m128n64k16_c512_none_fill_use_lastuse_same,0,max_abs_error>0.05,NVIDIA Thor,11.0,580.00,13.0,PTX ISA 9.3 / CUDA 13.0,1575.000,,,,fp16,128,64,16,32,128,132,4,fill_use_lastuse,same,8,8,32,1,nocount,none,none,16,16,16,0,512,0,64,none,0,none,0,4,20,3779293.0,2399.551111111111,,,,,6144,,8.949522425490693,,,0,0.83203125,1,bf14b28d2af4128daa99f23eec8a5e105636d0b04136f8be580fdc39d6f1f97d,
07_config_matrix,cfg_fp16_m128n128k16_c128_sw32_fill_use_lastuse_pingpong,1,,NVIDIA Thor,11.0,580.00,13.0,PTX ISA 9.3 / CUDA 13.0,1575.000,,,,fp16,128,128,16,32,128,133,0,fill_use_lastuse,pingpong,1,1,32,1,nocount,sw32,sw32,16,16,16,0,128,0,128,none,0,none,0,4,20,2991998.0,1899.6812698412698,,,,,8192,,22.60888373321105,,,0,0.0,1,bf14b28d2af4128daa99f23eec8a5e105636d0b04136f8be580fdc39d6f1f97d,; UTCHMMA=21;UTCHMMA_WS=16;UTCBAR=1;UTCATOMSWS=3;SYNCS_TRYWAIT=8;LDS=21;LDG=9;ptx_tcgen05_mma=21;ptx_tcgen05_mma_ws=16;ptx_tcgen05_commit=1;ptx_tcgen05_alloc=1;ptx_tcgen05_dealloc=1;ptx_tcgen05_ld=5;ptx_tcgen05_st=5;ptx_mbarrier_wait=5;ptx_cp_async_tma=2;ptx_ld_shared=26;ptx_ld_global=7
07_config_matrix,cfg_fp16_m128n128k16_c128_sw32_fill_use_lastuse_pingpong,1,,NVIDIA Thor,11.0,580.00,13.0,PTX ISA 9.3 / CUDA 13.0,1575.000,,,,fp16,128,128,16,32,128,133,1,fill_use_lastuse,pingpong,1,1,32,1,nocount,sw32,sw32,16,16,16,0,128,0,128,none,0,none,0,4,20,2991999.0,1899.681904761905,,,,,8192,,22.60887617676343,,,0,0.0,1,bf14b28d2af4128daa99f23eec8a5e105636d0b04136f8be580fdc39d6f1f97d,
07_config_matrix,cfg_fp16_m128n128k16_c128_sw32_fill_use_lastuse_pingpong,1,,NVIDIA Thor,11.0,580.00,13.0,PTX ISA 9.3 / CUDA 13.0,1575.000,,,,fp16,128,128,16,32,128,133,2,fill_use_lastuse,pingpong,1,1,32,1,nocount,sw32,sw32,16,16,16,0,128,0,128,none,0,none,0,4,20,2991987.0,1899.6742857142856,,,,,8192,,22.608966854468285,,,0,0.0,1,bf14b28d2af4128daa99f23eec8a5e105636d0b04136f8be580fdc39d6f1f97d,
07_config_matrix,cfg_fp16_m128n128k16_c128_sw32_fill_use_lastuse_pingpong,1,,NVIDIA Thor,11.0,580.00,13.0,PTX ISA 9.3 / CUDA 13.0,1575.000,,,,fp16,128,128,16,32,128,133,3,fill_use_lastuse,pingpong,1,1,32,1,nocount,sw32,sw32,16,16,16,0,128,0,128,none,0,none,0,4,20,2992004.0,1899.6850793650792,,,,,8192,,22.60883839460108,,,0,0.0,1,bf14b28d2af4128daa99f23eec8a5e105636d0b04136f8be580fdc39d6f1f97d,
07_config_matrix,cfg_fp16_m128n128k16_c128_sw32_fill_use_lastuse_pingpong,1,,NVIDIA Thor,11.0,580.00,13.0,PTX ISA 9.3 / CUDA 13.0,1575.000,,,,fp16,128,128,16,32,128,133,4,fill_use_lastuse,pingpong,1,1,32,1,nocount,sw32,sw32,16,16,16,0,128,0,128,none,0,none,0,4,20,2991997.0,1899.680634920635,,,,,8192,,22.608891289663728,,,0,0.0,1,bf14b28d2af4128daa99f23eec8a5e105636d0b04136f8be580fdc39d6f1f97d,
07_config_matrix,cfg_bf16_m128n64k16_c512_sw128_discard_same,1,,NVIDIA Thor,11.0,580.00,13.0,PTX ISA 9.3 / CUDA 13.0,1575.000,,,,bf16,128,64,16,32,128,134,0,discard,same,8,8,32,1,nocount,sw128,sw128,16,16,16,0,512,0,64,none,0,none,0,4,20,3678576.0,2335.6038095238096,,,,,6144,,9.194554484126467,,,0,0.0,1,bf14b28d2af4128daa99f23eec8a5e105636d0b04136f8be580fdc39d6f1f97d,; UTCHMMA=21;UTCHMMA_WS=16;UTCBAR=1;UTCATOMSWS=3;SYNCS_TRYWAIT=8;LDS=21;LDG=9;ptx_tcgen05_mma=21;ptx_tcgen05_mma_ws=16;ptx_tcgen05_commit=1;ptx_tcgen05_alloc=1;ptx_tcgen05_dealloc=1;ptx_tcgen05_ld=5;ptx_tcgen05_st=5;ptx_mbarrier_wait=5;ptx_cp_async_tma=2;ptx_ld_shared=26;ptx_ld_global=7
07_config_matrix,cfg_bf16_m128n64k16_c512_sw128_discard_same,1,,NVIDIA Thor,11.0,580.00,13.0,PTX ISA 9.3 / CUDA 13.0,1575.000,,,,bf16,128,64,16,32,128,134,1,discard,same,8,8,32,1,nocount,sw128,sw128,16,16,16,0,512,0,64,none,0,none,0,4,20,3678586.0,2335.610158730159,,,,,6144,,9.19452948932008,,,0,0.0,1,bf14b28d2af4128daa99f23eec8a5e105636d0b04136f8be580fdc39d6f1f97d,
07_config_matrix,cfg_bf16_m128n64k16_c512_sw128_discard_same,1,,NVIDIA Thor,11.0,580.00,13.0,PTX ISA 9.3 / CUDA 13.0,1575.000,,,,bf16,128,64,16,32,128,134,2,discard,same,8,8,32,1,nocount,sw128,sw128,16,16,16,0,512,0,64,none,0,none,0,4,20,3678617.0,2335.629841269841,,,,,6144,,9.194452006283882,,,0,0.0,1,bf14b28d2af4128daa99f23eec8a5e105636d0b04136f8be580fdc39d6f1f97d,
07_config_matrix,cfg_bf16_m128n64k16_c512_sw128_discard_same,1,,NVIDIA Thor,11.0,580.00,13.0,PTX ISA 9.3 / CUDA 13.0,1575.000,,,,bf16,128,64,16,32,128,134,3,discard,same,8,8,32,1,nocount,sw128,sw128,16,16,16,0,512,0,64,none,0,none,0,4,20,3678616.0,2335.6292063492065,,,,,6144,,9.19445450571628,,,0,0.0,1,bf14b28d2af4128daa99f23eec8a5e105636d0b04136f8be580fdc39d6f1f97d,
07_config_matrix,cfg_bf16_m128n64k16_c512_sw128_discard_same,1,,NVIDIA Thor,11.0,580.00,13.0,PTX ISA 9.3 / CUDA 13.0,1575.000,,,,bf16,128,64,16,32,128,134,4,discard,same,8,8,32,1,nocount,sw128,sw128,16,16,16,0,512,0,64,none,0,none,0,4,20,3678618.0,2335.630476190476,,,,,6144,,9.194449506852843,,,0,0.0,1,bf14b28d2af4128daa99f23eec8a5e105636d0b04136f8be580fdc39d6f1f97d,
07_config_matrix,cfg_bf16_m128n256k16_c512_sw64_fill_use_lastuse_same,1,,NVIDIA Thor,11.0,580.00,13.0,PTX ISA 9.3 / CUDA 13.0,1575.000,,,,bf16,128,256,16,32,128,135,0,fill_use_lastuse,same,2,2,32,1,nocount,sw64,sw64,16,16,16,0,512,0,256,none,0,none,0,4,20,3664473.0,2326.6495238095235,,,,,12288,,36.919761674871125,,,0,0.0,1,bf14b28d2af4128daa99f23eec8a5e105636d0b04136f8be580fdc39d6f1f97d,; UTCHMMA=21;UTCHMMA_WS=16;UTCBAR=1;UTCATOMSWS=3;SYNCS_TRYWAIT=8;LDS=21;LDG=9;ptx_tcgen05_mma=21;ptx_tcgen05_mma_ws=16;ptx_tcgen05_commit=1;ptx_tcgen05_alloc=1;ptx_tcgen05_dealloc=1;ptx_tcgen05_ld=5;ptx_tcgen05_st=5;ptx_mbarrier_wait=5;ptx_cp_async_tma=2;ptx_ld_shared=26;ptx_ld_global=7
07_config_matrix,cfg_bf16_m128n256k16_c512_sw64_fill_use_lastuse_same,1,,NVIDIA Thor,11.0,580.00,13.0,PTX ISA 9.3 / CUDA 13.0,1575.000,,,,bf16,128,256,16,32,128,135,1,fill_use_lastuse,same,2,2,32,1,nocount,sw64,sw64,16,16,16,0,512,0,256,none,0,none,0,4,20,3664478.0,2326.6526984126986,,,,,12288,,36.91971129967215,,,0,0.0,1,bf14b28d2af4128daa99f23eec8a5e105636d0b04136f8be580fdc39d6f1f97d,
07_config_matrix,cfg_bf16_m128n256k16_c512_sw64_fill_use_lastuse_same,1,,NVIDIA Thor,11.0,580.00,13.0,PTX ISA 9.3 / CUDA 13.0,1575.000,,,,bf16,128,256,16,32,128,135,2,fill_use_lastuse,same,2,2,32,1,nocount,sw64,sw64,16,16,16,0,512,0,256,none,0,none,0,4,20,3664475.0,2326.6507936507937,,,,,12288,,36.91974152477504,,,0,0.0,1,bf14b28d2af4128daa99f23eec8a5e105636d0b04136f8be580fdc39d6f1f97d,
07_config_matrix,cfg_bf16_m128n256k16_c512_sw64_fill_use_lastuse_same,1,,NVIDIA Thor,11.0,580.00,13.0,PTX ISA 9.3 / CUDA 13.0,1575.000,,,,bf16,128,256,16,32,128,135,3,fill_use_lastuse,same,2,2,32,1,nocount,sw64,sw64,16,16,16,0,512,0,256,none,0,none,0,4,20,3664479.0,2326.653333333333,,,,,12288,,36.919701224648854,,,0,0.0,1,bf14b28d2af4128daa99f23eec8a5e105636d0b04136f8be580fdc39d6f1f97d,
07_config_matrix,cfg_bf16_m128n256k16_c512_sw64_fill_use_lastuse_same,1,,NVIDIA Thor,11.0,580.00,13.0,PTX ISA 9.3 / CUDA 13.0,1575.000,,,,bf16,128,256,16,32,128,135,4,fill_use_lastuse,same,2,2,32,1,nocount,sw64,sw64,16,16,16,0,512,0,256,none,0,none,0,4,20,3664482.0,2326.655238095238,,,,,12288,,36.91967099961195,,,0,0.0,1,bf14b28d2af4128daa99f23eec8a5e105636d0b04136f8be580fdc39d6f1f97d,
07_config_matrix,cfg_bf16_m128n64k16_c512_sw64_fill_use_lastuse_same,1,,NVIDIA Thor,11.0,580.00,13.0,PTX ISA 9.3 / CUDA 13.0,1575.000,,,,bf16,128,64,16,32,128,136,0,fill_use_lastuse,same,8,8,32,1,nocount,sw64,sw64,16,16,16,0,512,0,64,none,0,none,0,4,20,3664478.0,2326.6526984126986,,,,,6144,,9.229927824918038,,,0,0.0,1,bf14b28d2af4128daa99f23eec8a5e105636d0b04136f8be580fdc39d6f1f97d,; UTCHMMA=21;UTCHMMA_WS=16;UTCBAR=1;UTCATOMSWS=3;SYNCS_TRYWAIT=8;LDS=21;LDG=9;ptx_tcgen05_mma=21;ptx_tcgen05_mma_ws=16;ptx_tcgen05_commit=1;ptx_tcgen05_alloc=1;ptx_tcgen05_dealloc=1;ptx_tcgen05_ld=5;ptx_tcgen05_st=5;ptx_mbarrier_wait=5;ptx_cp_async_tma=2;ptx_ld_shared=26;ptx_ld_global=7
07_config_matrix,cfg_bf16_m128n64k16_c512_sw64_fill_use_lastuse_same,1,,NVIDIA Thor,11.0,580.00,13.0,PTX ISA 9.3 / CUDA 13.0,1575.000,,,,bf16,128,64,16,32,128,136,1,fill_use_lastuse,same,8,8,32,1,nocount,sw64,sw64,16,16,16,0,512,0,64,none,0,none,0,4,20,3664477.0,2326.6520634920635,,,,,6144,,9.229930343675237,,,0,0.0,1,bf14b28d2af4128daa99f23eec8a5e105636d0b04136f8be580fdc39d6f1f97d,
07_config_matrix,cfg_bf16_m128n64k16_c512_sw64_fill_use_lastuse_same,1,,NVIDIA Thor,11.0,580.00,13.0,PTX ISA 9.3 / CUDA 13.0,1575.000,,,,bf16,128,64,16,32,128,136,2,fill_use_lastuse,same,8,8,32,1,nocount,sw64,sw64,16,16,16,0,512,0,64,none,0,none,0,4,20,3664481.0,2326.6546031746034,,,,,6144,,9.229920268654688,,,0,0.0,1,bf14b28d2af4128daa99f23eec8a5e105636d0b04136f8be580fdc39d6f1f97d,
07_config_matrix,cfg_bf16_m128n64k16_c512_sw64_fill_use_lastuse_same,1,,NVIDIA Thor,11.0,580.00,13.0,PTX ISA 9.3 / CUDA 13.0,1575.000,,,,bf16,128,64,16,32,128,136,3,fill_use_lastuse,same,8,8,32,1,nocount,sw64,sw64,16,16,16,0,512,0,64,none,0,none,0,4,20,3664469.0,2326.646984126984,,,,,6144,,9.229950493782319,,,0,0.0,1,bf14b28d2af4128daa99f23eec8a5e105636d0b04136f8be580fdc39d6f1f97d,
07_config_matrix,cfg_bf16_m128n64k16_c512_sw64_fill_use_lastuse_same,1,,NVIDIA Thor,11.0,580.00,13.0,PTX ISA 9.3 / CUDA 13.0,1575.000,,,,bf16,128,64,16,32,128,136,4,fill_use_lastuse,same,8,8,32,1,nocount,sw64,sw64,16,16,16,0,512,0,64,none,0,none,0,4,20,3664475.0,2326.6507936507937,,,,,6144,,9.22993538119376,,,0,0.0,1,bf14b28d2af4128daa99f23eec8a5e105636d0b04136f8be580fdc39d6f1f97d,
07_config_matrix,cfg_fp16_m128n256k16_c512_sw128_fill_use_lastuse_pingpong,1,,NVIDIA Thor,11.0,580.00,13.0,PTX ISA 9.3 / CUDA 13.0,1575.000,,,,fp16,128,256,16,32,128,137,0,fill_use_lastuse,pingpong,2,2,32,1,nocount,sw128,sw128,16,16,16,0,512,0,256,none,0,none,0,4,20,3778468.0,2399.0273015873017,,,,,12288,,35.80590594494912,,,0,0.0,1,bf14b28d2af4128daa99f23eec8a5e105636d0b04136f8be580fdc39d6f1f97d,; UTCHMMA=21;UTCHMMA_WS=16;UTCBAR=1;UTCATOMSWS=3;SYNCS_TRYWAIT=8;LDS=21;LDG=9;ptx_tcgen05_mma=21;ptx_tcgen05_mma_ws=16;ptx_tcgen05_commit=1;ptx_tcgen05_alloc=1;ptx_tcgen05_dealloc=1;ptx_tcgen05_ld=5;ptx_tcgen05_st=5;ptx_mbarrier_wait=5;ptx_cp_async_tma=2;ptx_ld_shared=26;ptx_ld_global=7
07_config_matrix,cfg_fp16_m128n256k16_c512_sw128_fill_use_lastuse_pingpong,1,,NVIDIA Thor,11.0,580.00,13.0,PTX ISA 9.3 / CUDA 13.0,1575.000,,,,fp16,128,256,16,32,128,137,1,fill_use_lastuse,pingpong,2,2,32,1,nocount,sw128,sw128,16,16,16,0,512,0,256,none,0,none,0,4,20,3778406.0,2398.9879365079364,,,,,12288,,35.80649348534806,,,0,0.0,1,bf14b28d2af4128daa99f23eec8a5e105636d0b04136f8be580fdc39d6f1f97d,
07_config_matrix,cfg_fp16_m128n256k16_c512_sw128_fill_use_lastuse_pingpong,1,,NVIDIA Thor,11.0,580.00,13.0,PTX ISA 9.3 / CUDA 13.0,1575.000,,,,fp16,128,256,16,32,128,137,2,fill_use_lastuse,pingpong,2,2,32,1,nocount,sw128,sw128,16,16,16,0,512,0,256,none,0,none,0,4,20,3778163.0,2398.8336507936506,,,,,12288,,35.80879645055018,,,0,0.0,1,bf14b28d2af4128daa99f23eec8a5e105636d0b04136f8be580fdc39d6f1f97d,
07_config_matrix,cfg_fp16_m128n256k16_c512_sw128_fill_use_lastuse_pingpong,1,,NVIDIA Thor,11.0,580.00,13.0,PTX ISA 9.3 / CUDA 13.0,1575.000,,,,fp16,128,256,16,32,128,137,3,fill_use_lastuse,pingpong,2,2,32,1,nocount,sw128,sw128,16,16,16,0,512,0,256,none,0,none,0,4,20,3778482.0,2399.0361904761908,,,,,12288,,35.80577327720497,,,0,0.0,1,bf14b28d2af4128daa99f23eec8a5e105636d0b04136f8be580fdc39d6f1f97d,
07_config_matrix,cfg_fp16_m128n256k16_c512_sw128_fill_use_lastuse_pingpong,1,,NVIDIA Thor,11.0,580.00,13.0,PTX ISA 9.3 / CUDA 13.0,1575.000,,,,fp16,128,256,16,32,128,137,4,fill_use_lastuse,pingpong,2,2,32,1,nocount,sw128,sw128,16,16,16,0,512,0,256,none,0,none,0,4,20,3778491.0,2399.041904761905,,,,,12288,,35.805687991317164,,,0,0.0,1,bf14b28d2af4128daa99f23eec8a5e105636d0b04136f8be580fdc39d6f1f97d,
07_config_matrix,cfg_fp16_m128n128k16_c256_sw128_fill_use_lastuse_same,1,,NVIDIA Thor,11.0,580.00,13.0,PTX ISA 9.3 / CUDA 13.0,1575.000,,,,fp16,128,128,16,32,128,138,0,fill_use_lastuse,same,2,2,32,1,nocount,sw128,sw128,16,16,16,0,256,0,128,none,0,none,0,4,20,3779422.0,2399.633015873016,,,,,8192,,17.898433917143944,,,0,0.0,1,bf14b28d2af4128daa99f23eec8a5e105636d0b04136f8be580fdc39d6f1f97d,; UTCHMMA=21;UTCHMMA_WS=16;UTCBAR=1;UTCATOMSWS=3;SYNCS_TRYWAIT=8;LDS=21;LDG=9;ptx_tcgen05_mma=21;ptx_tcgen05_mma_ws=16;ptx_tcgen05_commit=1;ptx_tcgen05_alloc=1;ptx_tcgen05_dealloc=1;ptx_tcgen05_ld=5;ptx_tcgen05_st=5;ptx_mbarrier_wait=5;ptx_cp_async_tma=2;ptx_ld_shared=26;ptx_ld_global=7
07_config_matrix,cfg_fp16_m128n128k16_c256_sw128_fill_use_lastuse_same,1,,NVIDIA Thor,11.0,580.00,13.0,PTX ISA 9.3 / CUDA 13.0,1575.000,,,,fp16,128,128,16,32,128,138,1,fill_use_lastuse,same,2,2,32,1,nocount,sw128,sw128,16,16,16,0,256,0,128,none,0,none,0,4,20,3779408.0,2399.624126984127,,,,,8192,,17.898500218023564,,,0,0.0,1,bf14b28d2af4128daa99f23eec8a5e105636d0b04136f8be580fdc39d6f1f97d,
07_config_matrix,cfg_fp16_m128n128k16_c256_sw128_fill_use_lastuse_same,1,,NVIDIA Thor,11.0,580.00,13.0,PTX ISA 9.3 / CUDA 13.0,1575.000,,,,fp16,128,128,16,32,128,138,2,fill_use_lastuse,same,2,2,32,1,nocount,sw128,sw128,16,16,16,0,256,0,128,none,0,none,0,4,20,3779416.0,2399.6292063492065,,,,,8192,,17.898462331746494,,,0,0.0,1,bf14b28d2af4128daa99f23eec8a5e105636d0b04136f8be580fdc39d6f1f97d,
07_config_matrix,cfg_fp16_m128n128k16_c256_sw128_fill_use_lastuse_same,1,,NVIDIA Thor,11.0,580.00,13.0,PTX ISA 9.3 / CUDA 13.0,1575.000,,,,fp16,128,128,16,32,128,138,3,fill_use_lastuse,same,2,2,32,1,nocount,sw128,sw128,16,16,16,0,256,0,128,none,0,none,0,4,20,3779411.0,2399.626031746032,,,,,8192,,17.898486010650867,,,0,0.0,1,bf14b28d2af4128daa99f23eec8a5e105636d0b04136f8be580fdc39d6f1f97d,
07_config_matrix,cfg_fp16_m128n128k16_c256_sw128_fill_use_lastuse_same,1,,NVIDIA Thor,11.0,580.00,13.0,PTX ISA 9.3 / CUDA 13.0,1575.000,,,,fp16,128,128,16,32,128,138,4,fill_use_lastuse,same,2,2,32,1,nocount,sw128,sw128,16,16,16,0,256,0,128,none,0,none,0,4,20,3779407.0,2399.623492063492,,,,,8192,,17.898504953819476,,,0,0.0,1,bf14b28d2af4128daa99f23eec8a5e105636d0b04136f8be580fdc39d6f1f97d,
07_config_matrix,cfg_bf16_m128n128k16_c128_sw32_fill_use_lastuse_pingpong,1,,NVIDIA Thor,11.0,580.00,13.0,PTX ISA 9.3 / CUDA 13.0,1575.000,,,,bf16,128,128,16,32,128,139,0,fill_use_lastuse,pingpong,1,1,32,1,nocount,sw32,sw32,16,16,16,0,128,0,128,none,0,none,0,4,20,2992004.0,1899.6850793650792,,,,,8192,,22.60883839460108,,,0,0.0,1,bf14b28d2af4128daa99f23eec8a5e105636d0b04136f8be580fdc39d6f1f97d,; UTCHMMA=21;UTCHMMA_WS=16;UTCBAR=1;UTCATOMSWS=3;SYNCS_TRYWAIT=8;LDS=21;LDG=9;ptx_tcgen05_mma=21;ptx_tcgen05_mma_ws=16;ptx_tcgen05_commit=1;ptx_tcgen05_alloc=1;ptx_tcgen05_dealloc=1;ptx_tcgen05_ld=5;ptx_tcgen05_st=5;ptx_mbarrier_wait=5;ptx_cp_async_tma=2;ptx_ld_shared=26;ptx_ld_global=7
07_config_matrix,cfg_bf16_m128n128k16_c128_sw32_fill_use_lastuse_pingpong,1,,NVIDIA Thor,11.0,580.00,13.0,PTX ISA 9.3 / CUDA 13.0,1575.000,,,,bf16,128,128,16,32,128,139,1,fill_use_lastuse,pingpong,1,1,32,1,nocount,sw32,sw32,16,16,16,0,128,0,128,none,0,none,0,4,20,2992004.0,1899.6850793650792,,,,,8192,,22.60883839460108,,,0,0.0,1,bf14b28d2af4128daa99f23eec8a5e105636d0b04136f8be580fdc39d6f1f97d,
07_config_matrix,cfg_bf16_m128n128k16_c128_sw32_fill_use_lastuse_pingpong,1,,NVIDIA Thor,11.0,580.00,13.0,PTX ISA 9.3 / CUDA 13.0,1575.000,,,,bf16,128,128,16,32,128,139,2,fill_use_lastuse,pingpong,1,1,32,1,nocount,sw32,sw32,16,16,16,0,128,0,128,none,0,none,0,4,20,2991996.0,1899.6799999999998,,,,,8192,,22.608898846121452,,,0,0.0,1,bf14b28d2af4128daa99f23eec8a5e105636d0b04136f8be580fdc39d6f1f97d,
07_config_matrix,cfg_bf16_m128n128k16_c128_sw32_fill_use_lastuse_pingpong,1,,NVIDIA Thor,11.0,580.00,13.0,PTX ISA 9.3 / CUDA 13.0,1575.000,,,,bf16,128,128,16,32,128,139,3,fill_use_lastuse,pingpong,1,1,32,1,nocount,sw32,sw32,16,16,16,0,128,0,128,none,0,none,0,4,20,2992000.0,1899.6825396825398,,,,,8192,,22.608868620320855,,,0,0.0,1,bf14b28d2af4128daa99f23eec8a5e105636d0b04136f8be580fdc39d6f1f97d,
07_config_matrix,cfg_bf16_m128n128k16_c128_sw32_fill_use_lastuse_pingpong,1,,NVIDIA Thor,11.0,580.00,13.0,PTX ISA 9.3 / CUDA 13.0,1575.000,,,,bf16,128,128,16,32,128,139,4,fill_use_lastuse,pingpong,1,1,32,1,nocount,sw32,sw32,16,16,16,0,128,0,128,none,0,none,0,4,20,2992003.0,1899.6844444444444,,,,,8192,,22.608845951023444,,,0,0.0,1,bf14b28d2af4128daa99f23eec8a5e105636d0b04136f8be580fdc39d6f1f97d,
07_config_matrix,cfg_fp16_m128n256k16_c256_sw64_discard_same,1,,NVIDIA Thor,11.0,580.00,13.0,PTX ISA 9.3 / CUDA 13.0,1575.000,,,,fp16,128,256,16,32,128,140,0,discard,same,1,1,32,1,nocount,sw64,sw64,16,16,16,0,256,0,256,none,0,none,0,4,20,3068261.0,1948.102222222222,,,,,12288,,44.093859624067186,,,0,0.0,1,bf14b28d2af4128daa99f23eec8a5e105636d0b04136f8be580fdc39d6f1f97d,; UTCHMMA=21;UTCHMMA_WS=16;UTCBAR=1;UTCATOMSWS=3;SYNCS_TRYWAIT=8;LDS=21;LDG=9;ptx_tcgen05_mma=21;ptx_tcgen05_mma_ws=16;ptx_tcgen05_commit=1;ptx_tcgen05_alloc=1;ptx_tcgen05_dealloc=1;ptx_tcgen05_ld=5;ptx_tcgen05_st=5;ptx_mbarrier_wait=5;ptx_cp_async_tma=2;ptx_ld_shared=26;ptx_ld_global=7
07_config_matrix,cfg_fp16_m128n256k16_c256_sw64_discard_same,1,,NVIDIA Thor,11.0,580.00,13.0,PTX ISA 9.3 / CUDA 13.0,1575.000,,,,fp16,128,256,16,32,128,140,1,discard,same,1,1,32,1,nocount,sw64,sw64,16,16,16,0,256,0,256,none,0,none,0,4,20,3068263.0,1948.103492063492,,,,,12288,,44.09383088216362,,,0,0.0,1,bf14b28d2af4128daa99f23eec8a5e105636d0b04136f8be580fdc39d6f1f97d,
07_config_matrix,cfg_fp16_m128n256k16_c256_sw64_discard_same,1,,NVIDIA Thor,11.0,580.00,13.0,PTX ISA 9.3 / CUDA 13.0,1575.000,,,,fp16,128,256,16,32,128,140,2,discard,same,1,1,32,1,nocount,sw64,sw64,16,16,16,0,256,0,256,none,0,none,0,4,20,3068261.0,1948.102222222222,,,,,12288,,44.093859624067186,,,0,0.0,1,bf14b28d2af4128daa99f23eec8a5e105636d0b04136f8be580fdc39d6f1f97d,
07_config_matrix,cfg_fp16_m128n256k16_c256_sw64_discard_same,1,,NVIDIA Thor,11.0,580.00,13.0,PTX ISA 9.3 / CUDA 13.0,1575.000,,,,fp16,128,256,16,32,128,140,3,discard,same,1,1,32,1,nocount,sw64,sw64,16,16,16,0,256,0,256,none,0,none,0,4,20,3067759.0,1947.783492063492,,,,,12288,,44.10107502708003,,,0,0.0,1,bf14b28d2af4128daa99f23eec8a5e105636d0b04136f8be580fdc39d6f1f97d,
07_config_matrix,cfg_fp16_m128n256k16_c256_sw64_discard_same,1,,NVIDIA Thor,11.0,580.00,13.0,PTX ISA 9.3 / CUDA 13.0,1575.000,,,,fp16,128,256,16,32,128,140,4,discard,same,1,1,32,1,nocount,sw64,sw64,16,16,16,0,256,0,256,none,0,none,0,4,20,3067764.0,1947.7866666666666,,,,,12288,,44.10100314887325,,,0,0.0,1,bf14b28d2af4128daa99f23eec8a5e105636d0b04136f8be580fdc39d6f1f97d,
07_config_matrix,cfg_bf16_m128n256k16_c256_sw32_fill_use_lastuse_pingpong,1,,NVIDIA Thor,11.0,580.00,13.0,PTX ISA 9.3 / CUDA 13.0,1575.000,,,,bf16,128,256,16,32,128,141,0,fill_use_lastuse,pingpong,1,1,32,1,nocount,sw32,sw32,16,16,16,0,256,0,256,none,0,none,0,4,20,2991483.0,1899.3542857142859,,,,,12288,,45.225551949986006,,,0,0.0,1,bf14b28d2af4128daa99f23eec8a5e105636d0b04136f8be580fdc39d6f1f97d,; UTCHMMA=21;UTCHMMA_WS=16;UTCBAR=1;UTCATOMSWS=3;SYNCS_TRYWAIT=8;LDS=21;LDG=9;ptx_tcgen05_mma=21;ptx_tcgen05_mma_ws=16;ptx_tcgen05_commit=1;ptx_tcgen05_alloc=1;ptx_tcgen05_dealloc=1;ptx_tcgen05_ld=5;ptx_tcgen05_st=5;ptx_mbarrier_wait=5;ptx_cp_async_tma=2;ptx_ld_shared=26;ptx_ld_global=7
07_config_matrix,cfg_bf16_m128n256k16_c256_sw32_fill_use_lastuse_pingpong,1,,NVIDIA Thor,11.0,580.00,13.0,PTX ISA 9.3 / CUDA 13.0,1575.000,,,,bf16,128,256,16,32,128,141,1,fill_use_lastuse,pingpong,1,1,32,1,nocount,sw32,sw32,16,16,16,0,256,0,256,none,0,none,0,4,20,2991481.0,1899.353015873016,,,,,12288,,45.22558218621479,,,0,0.0,1,bf14b28d2af4128daa99f23eec8a5e105636d0b04136f8be580fdc39d6f1f97d,
07_config_matrix,cfg_bf16_m128n256k16_c256_sw32_fill_use_lastuse_pingpong,1,,NVIDIA Thor,11.0,580.00,13.0,PTX ISA 9.3 / CUDA 13.0,1575.000,,,,bf16,128,256,16,32,128,141,2,fill_use_lastuse,pingpong,1,1,32,1,nocount,sw32,sw32,16,16,16,0,256,0,256,none,0,none,0,4,20,2991482.0,1899.3536507936508,,,,,12288,,45.225567068095344,,,0,0.0,1,bf14b28d2af4128daa99f23eec8a5e105636d0b04136f8be580fdc39d6f1f97d,
07_config_matrix,cfg_bf16_m128n256k16_c256_sw32_fill_use_lastuse_pingpong,1,,NVIDIA Thor,11.0,580.00,13.0,PTX ISA 9.3 / CUDA 13.0,1575.000,,,,bf16,128,256,16,32,128,141,3,fill_use_lastuse,pingpong,1,1,32,1,nocount,sw32,sw32,16,16,16,0,256,0,256,none,0,none,0,4,20,2991483.0,1899.3542857142859,,,,,12288,,45.225551949986006,,,0,0.0,1,bf14b28d2af4128daa99f23eec8a5e105636d0b04136f8be580fdc39d6f1f97d,
07_config_matrix,cfg_bf16_m128n256k16_c256_sw32_fill_use_lastuse_pingpong,1,,NVIDIA Thor,11.0,580.00,13.0,PTX ISA 9.3 / CUDA 13.0,1575.000,,,,bf16,128,256,16,32,128,141,4,fill_use_lastuse,pingpong,1,1,32,1,nocount,sw32,sw32,16,16,16,0,256,0,256,none,0,none,0,4,20,2991483.0,1899.3542857142859,,,,,12288,,45.225551949986006,,,0,0.0,1,bf14b28d2af4128daa99f23eec8a5e105636d0b04136f8be580fdc39d6f1f97d,
07_config_matrix,cfg_fp16_m128n64k16_c512_sw32_discard_pingpong,1,,NVIDIA Thor,11.0,580.00,13.0,PTX ISA 9.3 / CUDA 13.0,1575.000,,,,fp16,128,64,16,32,128,142,0,discard,pingpong,8,8,32,1,nocount,sw32,sw32,16,16,16,0,512,0,64,none,0,none,0,4,20,3387487.0,2150.7853968253967,,,,,6144,,9.984648636585174,,,0,0.0,1,bf14b28d2af4128daa99f23eec8a5e105636d0b04136f8be580fdc39d6f1f97d,; UTCHMMA=21;UTCHMMA_WS=16;UTCBAR=1;UTCATOMSWS=3;SYNCS_TRYWAIT=8;LDS=21;LDG=9;ptx_tcgen05_mma=21;ptx_tcgen05_mma_ws=16;ptx_tcgen05_commit=1;ptx_tcgen05_alloc=1;ptx_tcgen05_dealloc=1;ptx_tcgen05_ld=5;ptx_tcgen05_st=5;ptx_mbarrier_wait=5;ptx_cp_async_tma=2;ptx_ld_shared=26;ptx_ld_global=7
07_config_matrix,cfg_fp16_m128n64k16_c512_sw32_discard_pingpong,1,,NVIDIA Thor,11.0,580.00,13.0,PTX ISA 9.3 / CUDA 13.0,1575.000,,,,fp16,128,64,16,32,128,142,1,discard,pingpong,8,8,32,1,nocount,sw32,sw32,16,16,16,0,512,0,64,none,0,none,0,4,20,3387483.0,2150.782857142857,,,,,6144,,9.984660426635351,,,0,0.0,1,bf14b28d2af4128daa99f23eec8a5e105636d0b04136f8be580fdc39d6f1f97d,
07_config_matrix,cfg_fp16_m128n64k16_c512_sw32_discard_pingpong,1,,NVIDIA Thor,11.0,580.00,13.0,PTX ISA 9.3 / CUDA 13.0,1575.000,,,,fp16,128,64,16,32,128,142,2,discard,pingpong,8,8,32,1,nocount,sw32,sw32,16,16,16,0,512,0,64,none,0,none,0,4,20,3387378.0,2150.71619047619,,,,,6144,,9.984969925411336,,,0,0.0,1,bf14b28d2af4128daa99f23eec8a5e105636d0b04136f8be580fdc39d6f1f97d,
07_config_matrix,cfg_fp16_m128n64k16_c512_sw32_discard_pingpong,1,,NVIDIA Thor,11.0,580.00,13.0,PTX ISA 9.3 / CUDA 13.0,1575.000,,,,fp16,128,64,16,32,128,142,3,discard,pingpong,8,8,32,1,nocount,sw32,sw32,16,16,16,0,512,0,64,none,0,none,0,4,20,3387486.0,2150.7847619047616,,,,,6144,,9.98465158409511,,,0,0.0,1,bf14b28d2af4128daa99f23eec8a5e105636d0b04136f8be580fdc39d6f1f97d,
07_config_matrix,cfg_fp16_m128n64k16_c512_sw32_discard_pingpong,1,,NVIDIA Thor,11.0,580.00,13.0,PTX ISA 9.3 / CUDA 13.0,1575.000,,,,fp16,128,64,16,32,128,142,4,discard,pingpong,8,8,32,1,nocount,sw32,sw32,16,16,16,0,512,0,64,none,0,none,0,4,20,3387374.0,2150.7136507936507,,,,,6144,,9.984981716220295,,,0,0.0,1,bf14b28d2af4128daa99f23eec8a5e105636d0b04136f8be580fdc39d6f1f97d,
07_config_matrix,cfg_bf16_m128n64k16_c128_none_discard_same,0,max_abs_error>0.25,NVIDIA Thor,11.0,580.00,13.0,PTX ISA 9.3 / CUDA 13.0,1575.000,,,,bf16,128,64,16,32,128,143,0,discard,same,2,2,32,1,nocount,none,none,16,16,16,0,128,0,64,none,0,none,0,4,20,3678955.0,2335.8444444444444,,,,,6144,,9.193607275979184,,,0,0.83203125,1,bf14b28d2af4128daa99f23eec8a5e105636d0b04136f8be580fdc39d6f1f97d,; UTCHMMA=21;UTCHMMA_WS=16;UTCBAR=1;UTCATOMSWS=3;SYNCS_TRYWAIT=8;LDS=21;LDG=9;ptx_tcgen05_mma=21;ptx_tcgen05_mma_ws=16;ptx_tcgen05_commit=1;ptx_tcgen05_alloc=1;ptx_tcgen05_dealloc=1;ptx_tcgen05_ld=5;ptx_tcgen05_st=5;ptx_mbarrier_wait=5;ptx_cp_async_tma=2;ptx_ld_shared=26;ptx_ld_global=7
07_config_matrix,cfg_bf16_m128n64k16_c128_none_discard_same,0,max_abs_error>0.25,NVIDIA Thor,11.0,580.00,13.0,PTX ISA 9.3 / CUDA 13.0,1575.000,,,,bf16,128,64,16,32,128,143,1,discard,same,2,2,32,1,nocount,none,none,16,16,16,0,128,0,64,none,0,none,0,4,20,3678956.0,2335.845079365079,,,,,6144,,9.19360477700739,,,0,0.83203125,1,bf14b28d2af4128daa99f23eec8a5e105636d0b04136f8be580fdc39d6f1f97d,
07_config_matrix,cfg_bf16_m128n64k16_c128_none_discard_same,0,max_abs_error>0.25,NVIDIA Thor,11.0,580.00,13.0,PTX ISA 9.3 / CUDA 13.0,1575.000,,,,bf16,128,64,16,32,128,143,2,discard,same,2,2,32,1,nocount,none,none,16,16,16,0,128,0,64,none,0,none,0,4,20,3678953.0,2335.8431746031747,,,,,6144,,9.193612273926847,,,0,0.83203125,1,bf14b28d2af4128daa99f23eec8a5e105636d0b04136f8be580fdc39d6f1f97d,
07_config_matrix,cfg_bf16_m128n64k16_c128_none_discard_same,0,max_abs_error>0.25,NVIDIA Thor,11.0,580.00,13.0,PTX ISA 9.3 / CUDA 13.0,1575.000,,,,bf16,128,64,16,32,128,143,3,discard,same,2,2,32,1,nocount,none,none,16,16,16,0,128,0,64,none,0,none,0,4,20,3678956.0,2335.845079365079,,,,,6144,,9.19360477700739,,,0,0.83203125,1,bf14b28d2af4128daa99f23eec8a5e105636d0b04136f8be580fdc39d6f1f97d,
07_config_matrix,cfg_bf16_m128n64k16_c128_none_discard_same,0,max_abs_error>0.25,NVIDIA Thor,11.0,580.00,13.0,PTX ISA 9.3 / CUDA 13.0,1575.000,,,,bf16,128,64,16,32,128,143,4,discard,same,2,2,32,1,nocount,none,none,16,16,16,0,128,0,64,none,0,none,0,4,20,3678955.0,2335.8444444444444,,,,,6144,,9.193607275979184,,,0,0.83203125,1,bf14b28d2af4128daa99f23eec8a5e105636d0b04136f8be580fdc39d6f1f97d,
07_config_matrix,cfg_fp16_m128n64k16_c512_sw128_discard_pingpong,1,,NVIDIA Thor,11.0,580.00,13.0,PTX ISA 9.3 / CUDA 13.0,1575.000,,,,fp16,128,64,16,32,128,144,0,discard,pingpong,8,8,32,1,nocount,sw128,sw128,16,16,16,0,512,0,64,none,0,none,0,4,20,3678580.0,2335.606349206349,,,,,6144,,9.194544486187606,,,0,0.0,1,bf14b28d2af4128daa99f23eec8a5e105636d0b04136f8be580fdc39d6f1f97d,; UTCHMMA=21;UTCHMMA_WS=16;UTCBAR=1;UTCATOMSWS=3;SYNCS_TRYWAIT=8;LDS=21;LDG=9;ptx_tcgen05_mma=21;ptx_tcgen05_mma_ws=16;ptx_tcgen05_commit=1;ptx_tcgen05_alloc=1;ptx_tcgen05_dealloc=1;ptx_tcgen05_ld=5;ptx_tcgen05_st=5;ptx_mbarrier_wait=5;ptx_cp_async_tma=2;ptx_ld_shared=26;ptx_ld_global=7
07_config_matrix,cfg_fp16_m128n64k16_c512_sw128_discard_pingpong,1,,NVIDIA Thor,11.0,580.00,13.0,PTX ISA 9.3 / CUDA 13.0,1575.000,,,,fp16,128,64,16,32,128,144,1,discard,pingpong,8,8,32,1,nocount,sw128,sw128,16,16,16,0,512,0,64,none,0,none,0,4,20,3678580.0,2335.606349206349,,,,,6144,,9.194544486187606,,,0,0.0,1,bf14b28d2af4128daa99f23eec8a5e105636d0b04136f8be580fdc39d6f1f97d,
07_config_matrix,cfg_fp16_m128n64k16_c512_sw128_discard_pingpong,1,,NVIDIA Thor,11.0,580.00,13.0,PTX ISA 9.3 / CUDA 13.0,1575.000,,,,fp16,128,64,16,32,128,144,2,discard,pingpong,8,8,32,1,nocount,sw128,sw128,16,16,16,0,512,0,64,none,0,none,0,4,20,3678583.0,2335.608253968254,,,,,6144,,9.194536987747728,,,0,0.0,1,bf14b28d2af4128daa99f23eec8a5e105636d0b04136f8be580fdc39d6f1f97d,
07_config_matrix,cfg_fp16_m128n64k16_c512_sw128_discard_pingpong,1,,NVIDIA Thor,11.0,580.00,13.0,PTX ISA 9.3 / CUDA 13.0,1575.000,,,,fp16,128,64,16,32,128,144,3,discard,pingpong,8,8,32,1,nocount,sw128,sw128,16,16,16,0,512,0,64,none,0,none,0,4,20,3678617.0,2335.629841269841,,,,,6144,,9.194452006283882,,,0,0.0,1,bf14b28d2af4128daa99f23eec8a5e105636d0b04136f8be580fdc39d6f1f97d,
07_config_matrix,cfg_fp16_m128n64k16_c512_sw128_discard_pingpong,1,,NVIDIA Thor,11.0,580.00,13.0,PTX ISA 9.3 / CUDA 13.0,1575.000,,,,fp16,128,64,16,32,128,144,4,discard,pingpong,8,8,32,1,nocount,sw128,sw128,16,16,16,0,512,0,64,none,0,none,0,4,20,3678621.0,2335.632380952381,,,,,6144,,9.194442008567885,,,0,0.0,1,bf14b28d2af4128daa99f23eec8a5e105636d0b04136f8be580fdc39d6f1f97d,
07_config_matrix,cfg_bf16_m128n128k16_c512_sw128_fill_use_lastuse_same,1,,NVIDIA Thor,11.0,580.00,13.0,PTX ISA 9.3 / CUDA 13.0,1575.000,,,,bf16,128,128,16,32,128,145,0,fill_use_lastuse,same,4,4,32,1,nocount,sw128,sw128,16,16,16,0,512,0,128,none,0,none,0,4,20,3779421.0,2399.632380952381,,,,,8192,,17.89843865290477,,,0,0.0,1,bf14b28d2af4128daa99f23eec8a5e105636d0b04136f8be580fdc39d6f1f97d,; UTCHMMA=21;UTCHMMA_WS=16;UTCBAR=1;UTCATOMSWS=3;SYNCS_TRYWAIT=8;LDS=21;LDG=9;ptx_tcgen05_mma=21;ptx_tcgen05_mma_ws=16;ptx_tcgen05_commit=1;ptx_tcgen05_alloc=1;ptx_tcgen05_dealloc=1;ptx_tcgen05_ld=5;ptx_tcgen05_st=5;ptx_mbarrier_wait=5;ptx_cp_async_tma=2;ptx_ld_shared=26;ptx_ld_global=7
07_config_matrix,cfg_bf16_m128n128k16_c512_sw128_fill_use_lastuse_same,1,,NVIDIA Thor,11.0,580.00,13.0,PTX ISA 9.3 / CUDA 13.0,1575.000,,,,bf16,128,128,16,32,128,145,1,fill_use_lastuse,same,4,4,32,1,nocount,sw128,sw128,16,16,16,0,512,0,128,none,0,none,0,4,20,3779415.0,2399.6285714285714,,,,,8192,,17.898467067522354,,,0,0.0,1,bf14b28d2af4128daa99f23eec8a5e105636d0b04136f8be580fdc39d6f1f97d,
07_config_matrix,cfg_bf16_m128n128k16_c512_sw128_fill_use_lastuse_same,1,,NVIDIA Thor,11.0,580.00,13.0,PTX ISA 9.3 / CUDA 13.0,1575.000,,,,bf16,128,128,16,32,128,145,2,fill_use_lastuse,same,4,4,32,1,nocount,sw128,sw128,16,16,16,0,512,0,128,none,0,none,0,4,20,3779415.0,2399.6285714285714,,,,,8192,,17.898467067522354,,,0,0.0,1,bf14b28d2af4128daa99f23eec8a5e105636d0b04136f8be580fdc39d6f1f97d,
07_config_matrix,cfg_bf16_m128n128k16_c512_sw128_fill_use_lastuse_same,1,,NVIDIA Thor,11.0,580.00,13.0,PTX ISA 9.3 / CUDA 13.0,1575.000,,,,bf16,128,128,16,32,128,145,3,fill_use_lastuse,same,4,4,32,1,nocount,sw128,sw128,16,16,16,0,512,0,128,none,0,none,0,4,20,3779417.0,2399.6298412698416,,,,,8192,,17.898457595973134,,,0,0.0,1,bf14b28d2af4128daa99f23eec8a5e105636d0b04136f8be580fdc39d6f1f97d,
07_config_matrix,cfg_bf16_m128n128k16_c512_sw128_fill_use_lastuse_same,1,,NVIDIA Thor,11.0,580.00,13.0,PTX ISA 9.3 / CUDA 13.0,1575.000,,,,bf16,128,128,16,32,128,145,4,fill_use_lastuse,same,4,4,32,1,nocount,sw128,sw128,16,16,16,0,512,0,128,none,0,none,0,4,20,3779419.0,2399.631111111111,,,,,8192,,17.89844812443394,,,0,0.0,1,bf14b28d2af4128daa99f23eec8a5e105636d0b04136f8be580fdc39d6f1f97d,
07_config_matrix,cfg_fp16_m128n128k16_c128_sw128_fill_use_lastuse_pingpong,1,,NVIDIA Thor,11.0,580.00,13.0,PTX ISA 9.3 / CUDA 13.0,1575.000,,,,fp16,128,128,16,32,128,146,0,fill_use_lastuse,pingpong,1,1,32,1,nocount,sw128,sw128,16,16,16,0,128,0,128,none,0,none,0,4,20,3281363.0,2083.405079365079,,,,,8192,,20.615133074883826,,,0,0.0,1,bf14b28d2af4128daa99f23eec8a5e105636d0b04136f8be580fdc39d6f1f97d,; UTCHMMA=21;UTCHMMA_WS=16;UTCBAR=1;UTCATOMSWS=3;SYNCS_TRYWAIT=8;LDS=21;LDG=9;ptx_tcgen05_mma=21;ptx_tcgen05_mma_ws=16;ptx_tcgen05_commit=1;ptx_tcgen05_alloc=1;ptx_tcgen05_dealloc=1;ptx_tcgen05_ld=5;ptx_tcgen05_st=5;ptx_mbarrier_wait=5;ptx_cp_async_tma=2;ptx_ld_shared=26;ptx_ld_global=7
07_config_matrix,cfg_fp16_m128n128k16_c128_sw128_fill_use_lastuse_pingpong,1,,NVIDIA Thor,11.0,580.00,13.0,PTX ISA 9.3 / CUDA 13.0,1575.000,,,,fp16,128,128,16,32,128,146,1,fill_use_lastuse,pingpong,1,1,32,1,nocount,sw128,sw128,16,16,16,0,128,0,128,none,0,none,0,4,20,3281366.0,2083.4069841269843,,,,,8192,,20.615114227428453,,,0,0.0,1,bf14b28d2af4128daa99f23eec8a5e105636d0b04136f8be580fdc39d6f1f97d,
07_config_matrix,cfg_fp16_m128n128k16_c128_sw128_fill_use_lastuse_pingpong,1,,NVIDIA Thor,11.0,580.00,13.0,PTX ISA 9.3 / CUDA 13.0,1575.000,,,,fp16,128,128,16,32,128,146,2,fill_use_lastuse,pingpong,1,1,32,1,nocount,sw128,sw128,16,16,16,0,128,0,128,none,0,none,0,4,20,3282396.0,2084.060952380952,,,,,8192,,20.60864530422289,,,0,0.0,1,bf14b28d2af4128daa99f23eec8a5e105636d0b04136f8be580fdc39d6f1f97d,
07_config_matrix,cfg_fp16_m128n128k16_c128_sw128_fill_use_lastuse_pingpong,1,,NVIDIA Thor,11.0,580.00,13.0,PTX ISA 9.3 / CUDA 13.0,1575.000,,,,fp16,128,128,16,32,128,146,3,fill_use_lastuse,pingpong,1,1,32,1,nocount,sw128,sw128,16,16,16,0,128,0,128,none,0,none,0,4,20,3282395.0,2084.0603174603175,,,,,8192,,20.608651582761976,,,0,0.0,1,bf14b28d2af4128daa99f23eec8a5e105636d0b04136f8be580fdc39d6f1f97d,
07_config_matrix,cfg_fp16_m128n128k16_c128_sw128_fill_use_lastuse_pingpong,1,,NVIDIA Thor,11.0,580.00,13.0,PTX ISA 9.3 / CUDA 13.0,1575.000,,,,fp16,128,128,16,32,128,146,4,fill_use_lastuse,pingpong,1,1,32,1,nocount,sw128,sw128,16,16,16,0,128,0,128,none,0,none,0,4,20,3281364.0,2083.405714285714,,,,,8192,,20.61512679239487,,,0,0.0,1,bf14b28d2af4128daa99f23eec8a5e105636d0b04136f8be580fdc39d6f1f97d,
07_config_matrix,cfg_fp16_m128n128k16_c256_none_fill_use_lastuse_pingpong,0,max_abs_error>0.05,NVIDIA Thor,11.0,580.00,13.0,PTX ISA 9.3 / CUDA 13.0,1575.000,,,,fp16,128,128,16,32,128,147,0,fill_use_lastuse,pingpong,2,2,32,1,nocount,none,none,16,16,16,0,256,0,128,none,0,none,0,4,20,3779410.0,2399.625396825397,,,,,8192,,17.89849074643926,,,0,0.83203125,1,bf14b28d2af4128daa99f23eec8a5e105636d0b04136f8be580fdc39d6f1f97d,; UTCHMMA=21;UTCHMMA_WS=16;UTCBAR=1;UTCATOMSWS=3;SYNCS_TRYWAIT=8;LDS=21;LDG=9;ptx_tcgen05_mma=21;ptx_tcgen05_mma_ws=16;ptx_tcgen05_commit=1;ptx_tcgen05_alloc=1;ptx_tcgen05_dealloc=1;ptx_tcgen05_ld=5;ptx_tcgen05_st=5;ptx_mbarrier_wait=5;ptx_cp_async_tma=2;ptx_ld_shared=26;ptx_ld_global=7
07_config_matrix,cfg_fp16_m128n128k16_c256_none_fill_use_lastuse_pingpong,0,max_abs_error>0.05,NVIDIA Thor,11.0,580.00,13.0,PTX ISA 9.3 / CUDA 13.0,1575.000,,,,fp16,128,128,16,32,128,147,1,fill_use_lastuse,pingpong,2,2,32,1,nocount,none,none,16,16,16,0,256,0,128,none,0,none,0,4,20,3779415.0,2399.6285714285714,,,,,8192,,17.898467067522354,,,0,0.83203125,1,bf14b28d2af4128daa99f23eec8a5e105636d0b04136f8be580fdc39d6f1f97d,
07_config_matrix,cfg_fp16_m128n128k16_c256_none_fill_use_lastuse_pingpong,0,max_abs_error>0.05,NVIDIA Thor,11.0,580.00,13.0,PTX ISA 9.3 / CUDA 13.0,1575.000,,,,fp16,128,128,16,32,128,147,2,fill_use_lastuse,pingpong,2,2,32,1,nocount,none,none,16,16,16,0,256,0,128,none,0,none,0,4,20,3779412.0,2399.6266666666666,,,,,8192,,17.89848127486498,,,0,0.83203125,1,bf14b28d2af4128daa99f23eec8a5e105636d0b04136f8be580fdc39d6f1f97d,
07_config_matrix,cfg_fp16_m128n128k16_c256_none_fill_use_lastuse_pingpong,0,max_abs_error>0.05,NVIDIA Thor,11.0,580.00,13.0,PTX ISA 9.3 / CUDA 13.0,1575.000,,,,fp16,128,128,16,32,128,147,3,fill_use_lastuse,pingpong,2,2,32,1,nocount,none,none,16,16,16,0,256,0,128,none,0,none,0,4,20,3779418.0,2399.630476190476,,,,,8192,,17.898452860202283,,,0,0.83203125,1,bf14b28d2af4128daa99f23eec8a5e105636d0b04136f8be580fdc39d6f1f97d,
07_config_matrix,cfg_fp16_m128n128k16_c256_none_fill_use_lastuse_pingpong,0,max_abs_error>0.05,NVIDIA Thor,11.0,580.00,13.0,PTX ISA 9.3 / CUDA 13.0,1575.000,,,,fp16,128,128,16,32,128,147,4,fill_use_lastuse,pingpong,2,2,32,1,nocount,none,none,16,16,16,0,256,0,128,none,0,none,0,4,20,3779415.0,2399.6285714285714,,,,,8192,,17.898467067522354,,,0,0.83203125,1,bf14b28d2af4128daa99f23eec8a5e105636d0b04136f8be580fdc39d6f1f97d,
07_config_matrix,cfg_fp16_m128n64k16_c256_sw128_discard_same,1,,NVIDIA Thor,11.0,580.00,13.0,PTX ISA 9.3 / CUDA 13.0,1575.000,,,,fp16,128,64,16,32,128,148,0,discard,same,4,4,32,1,nocount,sw128,sw128,16,16,16,0,256,0,64,none,0,none,0,4,20,3678620.0,2335.631746031746,,,,,6144,,9.194444507994845,,,0,0.0,1,bf14b28d2af4128daa99f23eec8a5e105636d0b04136f8be580fdc39d6f1f97d,; UTCHMMA=21;UTCHMMA_WS=16;UTCBAR=1;UTCATOMSWS=3;SYNCS_TRYWAIT=8;LDS=21;LDG=9;ptx_tcgen05_mma=21;ptx_tcgen05_mma_ws=16;ptx_tcgen05_commit=1;ptx_tcgen05_alloc=1;ptx_tcgen05_dealloc=1;ptx_tcgen05_ld=5;ptx_tcgen05_st=5;ptx_mbarrier_wait=5;ptx_cp_async_tma=2;ptx_ld_shared=26;ptx_ld_global=7
07_config_matrix,cfg_fp16_m128n64k16_c256_sw128_discard_same,1,,NVIDIA Thor,11.0,580.00,13.0,PTX ISA 9.3 / CUDA 13.0,1575.000,,,,fp16,128,64,16,32,128,148,1,discard,same,4,4,32,1,nocount,sw128,sw128,16,16,16,0,256,0,64,none,0,none,0,4,20,3678581.0,2335.606984126984,,,,,6144,,9.194541986706287,,,0,0.0,1,bf14b28d2af4128daa99f23eec8a5e105636d0b04136f8be580fdc39d6f1f97d,
07_config_matrix,cfg_fp16_m128n64k16_c256_sw128_discard_same,1,,NVIDIA Thor,11.0,580.00,13.0,PTX ISA 9.3 / CUDA 13.0,1575.000,,,,fp16,128,64,16,32,128,148,2,discard,same,4,4,32,1,nocount,sw128,sw128,16,16,16,0,256,0,64,none,0,none,0,4,20,3678631.0,2335.63873015873,,,,,6144,,9.194417014373009,,,0,0.0,1,bf14b28d2af4128daa99f23eec8a5e105636d0b04136f8be580fdc39d6f1f97d,
07_config_matrix,cfg_fp16_m128n64k16_c256_sw128_discard_same,1,,NVIDIA Thor,11.0,580.00,13.0,PTX ISA 9.3 / CUDA 13.0,1575.000,,,,fp16,128,64,16,32,128,148,3,discard,same,4,4,32,1,nocount,sw128,sw128,16,16,16,0,256,0,64,none,0,none,0,4,20,3678580.0,2335.606349206349,,,,,6144,,9.194544486187606,,,0,0.0,1,bf14b28d2af4128daa99f23eec8a5e105636d0b04136f8be580fdc39d6f1f97d,
07_config_matrix,cfg_fp16_m128n64k16_c256_sw128_discard_same,1,,NVIDIA Thor,11.0,580.00,13.0,PTX ISA 9.3 / CUDA 13.0,1575.000,,,,fp16,128,64,16,32,128,148,4,discard,same,4,4,32,1,nocount,sw128,sw128,16,16,16,0,256,0,64,none,0,none,0,4,20,3678580.0,2335.606349206349,,,,,6144,,9.194544486187606,,,0,0.0,1,bf14b28d2af4128daa99f23eec8a5e105636d0b04136f8be580fdc39d6f1f97d,
07_config_matrix,cfg_bf16_m128n128k16_c128_sw64_discard_pingpong,1,,NVIDIA Thor,11.0,580.00,13.0,PTX ISA 9.3 / CUDA 13.0,1575.000,,,,bf16,128,128,16,32,128,149,0,discard,pingpong,1,1,32,1,nocount,sw64,sw64,16,16,16,0,128,0,128,none,0,none,0,4,20,3067589.0,1947.6755555555555,,,,,8192,,22.051759512763933,,,0,0.0,1,bf14b28d2af4128daa99f23eec8a5e105636d0b04136f8be580fdc39d6f1f97d,; UTCHMMA=21;UTCHMMA_WS=16;UTCBAR=1;UTCATOMSWS=3;SYNCS_TRYWAIT=8;LDS=21;LDG=9;ptx_tcgen05_mma=21;ptx_tcgen05_mma_ws=16;ptx_tcgen05_commit=1;ptx_tcgen05_alloc=1;ptx_tcgen05_dealloc=1;ptx_tcgen05_ld=5;ptx_tcgen05_st=5;ptx_mbarrier_wait=5;ptx_cp_async_tma=2;ptx_ld_shared=26;ptx_ld_global=7
07_config_matrix,cfg_bf16_m128n128k16_c128_sw64_discard_pingpong,1,,NVIDIA Thor,11.0,580.00,13.0,PTX ISA 9.3 / CUDA 13.0,1575.000,,,,bf16,128,128,16,32,128,149,1,discard,pingpong,1,1,32,1,nocount,sw64,sw64,16,16,16,0,128,0,128,none,0,none,0,4,20,3067585.0,1947.6730158730159,,,,,8192,,22.05178826731778,,,0,0.0,1,bf14b28d2af4128daa99f23eec8a5e105636d0b04136f8be580fdc39d6f1f97d,
07_config_matrix,cfg_bf16_m128n128k16_c128_sw64_discard_pingpong,1,,NVIDIA Thor,11.0,580.00,13.0,PTX ISA 9.3 / CUDA 13.0,1575.000,,,,bf16,128,128,16,32,128,149,2,discard,pingpong,1,1,32,1,nocount,sw64,sw64,16,16,16,0,128,0,128,none,0,none,0,4,20,3067584.0,1947.6723809523808,,,,,8192,,22.05179545596795,,,0,0.0,1,bf14b28d2af4128daa99f23eec8a5e105636d0b04136f8be580fdc39d6f1f97d,
07_config_matrix,cfg_bf16_m128n128k16_c128_sw64_discard_pingpong,1,,NVIDIA Thor,11.0,580.00,13.0,PTX ISA 9.3 / CUDA 13.0,1575.000,,,,bf16,128,128,16,32,128,149,3,discard,pingpong,1,1,32,1,nocount,sw64,sw64,16,16,16,0,128,0,128,none,0,none,0,4,20,3067585.0,1947.6730158730159,,,,,8192,,22.05178826731778,,,0,0.0,1,bf14b28d2af4128daa99f23eec8a5e105636d0b04136f8be580fdc39d6f1f97d,
07_config_matrix,cfg_bf16_m128n128k16_c128_sw64_discard_pingpong,1,,NVIDIA Thor,11.0,580.00,13.0,PTX ISA 9.3 / CUDA 13.0,1575.000,,,,bf16,128,128,16,32,128,149,4,discard,pingpong,1,1,32,1,nocount,sw64,sw64,16,16,16,0,128,0,128,none,0,none,0,4,20,3067568.0,1947.6622222222222,,,,,8192,,22.051910475008214,,,0,0.0,1,bf14b28d2af4128daa99f23eec8a5e105636d0b04136f8be580fdc39d6f1f97d,
07_config_matrix,cfg_fp16_m128n128k16_c128_sw64_fill_use_lastuse_pingpong,1,,NVIDIA Thor,11.0,580.00,13.0,PTX ISA 9.3 / CUDA 13.0,1575.000,,,,fp16,128,128,16,32,128,150,0,fill_use_lastuse,pingpong,1,1,32,1,nocount,sw64,sw64,16,16,16,0,128,0,128,none,0,none,0,4,20,3168626.0,2011.8260317460315,,,,,8192,,21.348601858344914,,,0,0.0,1,bf14b28d2af4128daa99f23eec8a5e105636d0b04136f8be580fdc39d6f1f97d,; UTCHMMA=21;UTCHMMA_WS=16;UTCBAR=1;UTCATOMSWS=3;SYNCS_TRYWAIT=8;LDS=21;LDG=9;ptx_tcgen05_mma=21;ptx_tcgen05_mma_ws=16;ptx_tcgen05_commit=1;ptx_tcgen05_alloc=1;ptx_tcgen05_dealloc=1;ptx_tcgen05_ld=5;ptx_tcgen05_st=5;ptx_mbarrier_wait=5;ptx_cp_async_tma=2;ptx_ld_shared=26;ptx_ld_global=7
07_config_matrix,cfg_fp16_m128n128k16_c128_sw64_fill_use_lastuse_pingpong,1,,NVIDIA Thor,11.0,580.00,13.0,PTX ISA 9.3 / CUDA 13.0,1575.000,,,,fp16,128,128,16,32,128,150,1,fill_use_lastuse,pingpong,1,1,32,1,nocount,sw64,sw64,16,16,16,0,128,0,128,none,0,none,0,4,20,3168617.0,2011.8203174603173,,,,,8192,,21.348662495972217,,,0,0.0,1,bf14b28d2af4128daa99f23eec8a5e105636d0b04136f8be580fdc39d6f1f97d,
07_config_matrix,cfg_fp16_m128n128k16_c128_sw64_fill_use_lastuse_pingpong,1,,NVIDIA Thor,11.0,580.00,13.0,PTX ISA 9.3 / CUDA 13.0,1575.000,,,,fp16,128,128,16,32,128,150,2,fill_use_lastuse,pingpong,1,1,32,1,nocount,sw64,sw64,16,16,16,0,128,0,128,none,0,none,0,4,20,3168609.0,2011.815238095238,,,,,8192,,21.34871639637456,,,0,0.0,1,bf14b28d2af4128daa99f23eec8a5e105636d0b04136f8be580fdc39d6f1f97d,
07_config_matrix,cfg_fp16_m128n128k16_c128_sw64_fill_use_lastuse_pingpong,1,,NVIDIA Thor,11.0,580.00,13.0,PTX ISA 9.3 / CUDA 13.0,1575.000,,,,fp16,128,128,16,32,128,150,3,fill_use_lastuse,pingpong,1,1,32,1,nocount,sw64,sw64,16,16,16,0,128,0,128,none,0,none,0,4,20,3168618.0,2011.8209523809523,,,,,8192,,21.348655758441062,,,0,0.0,1,bf14b28d2af4128daa99f23eec8a5e105636d0b04136f8be580fdc39d6f1f97d,
07_config_matrix,cfg_fp16_m128n128k16_c128_sw64_fill_use_lastuse_pingpong,1,,NVIDIA Thor,11.0,580.00,13.0,PTX ISA 9.3 / CUDA 13.0,1575.000,,,,fp16,128,128,16,32,128,150,4,fill_use_lastuse,pingpong,1,1,32,1,nocount,sw64,sw64,16,16,16,0,128,0,128,none,0,none,0,4,20,3168614.0,2011.8184126984127,,,,,8192,,21.348682708591202,,,0,0.0,1,bf14b28d2af4128daa99f23eec8a5e105636d0b04136f8be580fdc39d6f1f97d,
07_config_matrix,cfg_fp16_m128n256k16_c512_sw64_discard_same,1,,NVIDIA Thor,11.0,580.00,13.0,PTX ISA 9.3 / CUDA 13.0,1575.000,,,,fp16,128,256,16,32,128,151,0,discard,same,2,2,32,1,nocount,sw64,sw64,16,16,16,0,512,0,256,none,0,none,0,4,20,3562240.0,2261.7396825396822,,,,,12288,,37.979324757455984,,,0,0.0,1,bf14b28d2af4128daa99f23eec8a5e105636d0b04136f8be580fdc39d6f1f97d,; UTCHMMA=21;UTCHMMA_WS=16;UTCBAR=1;UTCATOMSWS=3;SYNCS_TRYWAIT=8;LDS=21;LDG=9;ptx_tcgen05_mma=21;ptx_tcgen05_mma_ws=16;ptx_tcgen05_commit=1;ptx_tcgen05_alloc=1;ptx_tcgen05_dealloc=1;ptx_tcgen05_ld=5;ptx_tcgen05_st=5;ptx_mbarrier_wait=5;ptx_cp_async_tma=2;ptx_ld_shared=26;ptx_ld_global=7
07_config_matrix,cfg_fp16_m128n256k16_c512_sw64_discard_same,1,,NVIDIA Thor,11.0,580.00,13.0,PTX ISA 9.3 / CUDA 13.0,1575.000,,,,fp16,128,256,16,32,128,151,1,discard,same,2,2,32,1,nocount,sw64,sw64,16,16,16,0,512,0,256,none,0,none,0,4,20,3562235.0,2261.7365079365077,,,,,12288,,37.97937806573682,,,0,0.0,1,bf14b28d2af4128daa99f23eec8a5e105636d0b04136f8be580fdc39d6f1f97d,
07_config_matrix,cfg_fp16_m128n256k16_c512_sw64_discard_same,1,,NVIDIA Thor,11.0,580.00,13.0,PTX ISA 9.3 / CUDA 13.0,1575.000,,,,fp16,128,256,16,32,128,151,2,discard,same,2,2,32,1,nocount,sw64,sw64,16,16,16,0,512,0,256,none,0,none,0,4,20,3562229.0,2261.7326984126985,,,,,12288,,37.97944203587136,,,0,0.0,1,bf14b28d2af4128daa99f23eec8a5e105636d0b04136f8be580fdc39d6f1f97d,
07_config_matrix,cfg_fp16_m128n256k16_c512_sw64_discard_same,1,,NVIDIA Thor,11.0,580.00,13.0,PTX ISA 9.3 / CUDA 13.0,1575.000,,,,fp16,128,256,16,32,128,151,3,discard,same,2,2,32,1,nocount,sw64,sw64,16,16,16,0,512,0,256,none,0,none,0,4,20,3562240.0,2261.7396825396822,,,,,12288,,37.979324757455984,,,0,0.0,1,bf14b28d2af4128daa99f23eec8a5e105636d0b04136f8be580fdc39d6f1f97d,
07_config_matrix,cfg_fp16_m128n256k16_c512_sw64_discard_same,1,,NVIDIA Thor,11.0,580.00,13.0,PTX ISA 9.3 / CUDA 13.0,1575.000,,,,fp16,128,256,16,32,128,151,4,discard,same,2,2,32,1,nocount,sw64,sw64,16,16,16,0,512,0,256,none,0,none,0,4,20,3562229.0,2261.7326984126985,,,,,12288,,37.97944203587136,,,0,0.0,1,bf14b28d2af4128daa99f23eec8a5e105636d0b04136f8be580fdc39d6f1f97d,
07_config_matrix,cfg_fp16_m128n256k16_c256_sw64_fill_use_lastuse_pingpong,1,,NVIDIA Thor,11.0,580.00,13.0,PTX ISA 9.3 / CUDA 13.0,1575.000,,,,fp16,128,256,16,32,128,152,0,fill_use_lastuse,pingpong,1,1,32,1,nocount,sw64,sw64,16,16,16,0,256,0,256,none,0,none,0,4,20,3167854.0,2011.3358730158732,,,,,12288,,42.707608944099064,,,0,0.0,1,bf14b28d2af4128daa99f23eec8a5e105636d0b04136f8be580fdc39d6f1f97d,; UTCHMMA=21;UTCHMMA_WS=16;UTCBAR=1;UTCATOMSWS=3;SYNCS_TRYWAIT=8;LDS=21;LDG=9;ptx_tcgen05_mma=21;ptx_tcgen05_mma_ws=16;ptx_tcgen05_commit=1;ptx_tcgen05_alloc=1;ptx_tcgen05_dealloc=1;ptx_tcgen05_ld=5;ptx_tcgen05_st=5;ptx_mbarrier_wait=5;ptx_cp_async_tma=2;ptx_ld_shared=26;ptx_ld_global=7
07_config_matrix,cfg_fp16_m128n256k16_c256_sw64_fill_use_lastuse_pingpong,1,,NVIDIA Thor,11.0,580.00,13.0,PTX ISA 9.3 / CUDA 13.0,1575.000,,,,fp16,128,256,16,32,128,152,1,fill_use_lastuse,pingpong,1,1,32,1,nocount,sw64,sw64,16,16,16,0,256,0,256,none,0,none,0,4,20,3167860.0,2011.3396825396824,,,,,12288,,42.707528054901424,,,0,0.0,1,bf14b28d2af4128daa99f23eec8a5e105636d0b04136f8be580fdc39d6f1f97d,
07_config_matrix,cfg_fp16_m128n256k16_c256_sw64_fill_use_lastuse_pingpong,1,,NVIDIA Thor,11.0,580.00,13.0,PTX ISA 9.3 / CUDA 13.0,1575.000,,,,fp16,128,256,16,32,128,152,2,fill_use_lastuse,pingpong,1,1,32,1,nocount,sw64,sw64,16,16,16,0,256,0,256,none,0,none,0,4,20,3167860.0,2011.3396825396824,,,,,12288,,42.707528054901424,,,0,0.0,1,bf14b28d2af4128daa99f23eec8a5e105636d0b04136f8be580fdc39d6f1f97d,
07_config_matrix,cfg_fp16_m128n256k16_c256_sw64_fill_use_lastuse_pingpong,1,,NVIDIA Thor,11.0,580.00,13.0,PTX ISA 9.3 / CUDA 13.0,1575.000,,,,fp16,128,256,16,32,128,152,3,fill_use_lastuse,pingpong,1,1,32,1,nocount,sw64,sw64,16,16,16,0,256,0,256,none,0,none,0,4,20,3167860.0,2011.3396825396824,,,,,12288,,42.707528054901424,,,0,0.0,1,bf14b28d2af4128daa99f23eec8a5e105636d0b04136f8be580fdc39d6f1f97d,
07_config_matrix,cfg_fp16_m128n256k16_c256_sw64_fill_use_lastuse_pingpong,1,,NVIDIA Thor,11.0,580.00,13.0,PTX ISA 9.3 / CUDA 13.0,1575.000,,,,fp16,128,256,16,32,128,152,4,fill_use_lastuse,pingpong,1,1,32,1,nocount,sw64,sw64,16,16,16,0,256,0,256,none,0,none,0,4,20,3167860.0,2011.3396825396824,,,,,12288,,42.707528054901424,,,0,0.0,1,bf14b28d2af4128daa99f23eec8a5e105636d0b04136f8be580fdc39d6f1f97d,
07_config_matrix,cfg_bf16_m128n64k16_c128_sw32_fill_use_lastuse_pingpong,1,,NVIDIA Thor,11.0,580.00,13.0,PTX ISA 9.3 / CUDA 13.0,1575.000,,,,bf16,128,64,16,32,128,153,0,fill_use_lastuse,pingpong,2,2,32,1,nocount,sw32,sw32,16,16,16,0,128,0,64,none,0,none,0,4,20,3488012.0,2214.6107936507938,,,,,6144,,9.69688964831543,,,0,0.0,1,bf14b28d2af4128daa99f23eec8a5e105636d0b04136f8be580fdc39d6f1f97d,; UTCHMMA=21;UTCHMMA_WS=16;UTCBAR=1;UTCATOMSWS=3;SYNCS_TRYWAIT=8;LDS=21;LDG=9;ptx_tcgen05_mma=21;ptx_tcgen05_mma_ws=16;ptx_tcgen05_commit=1;ptx_tcgen05_alloc=1;ptx_tcgen05_dealloc=1;ptx_tcgen05_ld=5;ptx_tcgen05_st=5;ptx_mbarrier_wait=5;ptx_cp_async_tma=2;ptx_ld_shared=26;ptx_ld_global=7
07_config_matrix,cfg_bf16_m128n64k16_c128_sw32_fill_use_lastuse_pingpong,1,,NVIDIA Thor,11.0,580.00,13.0,PTX ISA 9.3 / CUDA 13.0,1575.000,,,,bf16,128,64,16,32,128,153,1,fill_use_lastuse,pingpong,2,2,32,1,nocount,sw32,sw32,16,16,16,0,128,0,64,none,0,none,0,4,20,3488013.0,2214.6114285714284,,,,,6144,,9.696886868254218,,,0,0.0,1,bf14b28d2af4128daa99f23eec8a5e105636d0b04136f8be580fdc39d6f1f97d,
07_config_matrix,cfg_bf16_m128n64k16_c128_sw32_fill_use_lastuse_pingpong,1,,NVIDIA Thor,11.0,580.00,13.0,PTX ISA 9.3 / CUDA 13.0,1575.000,,,,bf16,128,64,16,32,128,153,2,fill_use_lastuse,pingpong,2,2,32,1,nocount,sw32,sw32,16,16,16,0,128,0,64,none,0,none,0,4,20,3488016.0,2214.6133333333332,,,,,6144,,9.696878528080147,,,0,0.0,1,bf14b28d2af4128daa99f23eec8a5e105636d0b04136f8be580fdc39d6f1f97d,
07_config_matrix,cfg_bf16_m128n64k16_c128_sw32_fill_use_lastuse_pingpong,1,,NVIDIA Thor,11.0,580.00,13.0,PTX ISA 9.3 / CUDA 13.0,1575.000,,,,bf16,128,64,16,32,128,153,3,fill_use_lastuse,pingpong,2,2,32,1,nocount,sw32,sw32,16,16,16,0,128,0,64,none,0,none,0,4,20,3488017.0,2214.6139682539683,,,,,6144,,9.696875748025311,,,0,0.0,1,bf14b28d2af4128daa99f23eec8a5e105636d0b04136f8be580fdc39d6f1f97d,
07_config_matrix,cfg_bf16_m128n64k16_c128_sw32_fill_use_lastuse_pingpong,1,,NVIDIA Thor,11.0,580.00,13.0,PTX ISA 9.3 / CUDA 13.0,1575.000,,,,bf16,128,64,16,32,128,153,4,fill_use_lastuse,pingpong,2,2,32,1,nocount,sw32,sw32,16,16,16,0,128,0,64,none,0,none,0,4,20,3488016.0,2214.6133333333332,,,,,6144,,9.696878528080147,,,0,0.0,1,bf14b28d2af4128daa99f23eec8a5e105636d0b04136f8be580fdc39d6f1f97d,
07_config_matrix,cfg_bf16_m128n128k16_c512_sw32_discard_same,1,,NVIDIA Thor,11.0,580.00,13.0,PTX ISA 9.3 / CUDA 13.0,1575.000,,,,bf16,128,128,16,32,128,154,0,discard,same,4,4,32,1,nocount,sw32,sw32,16,16,16,0,512,0,128,none,0,none,0,4,20,3387616.0,2150.8673015873014,,,,,8192,,19.968536844789966,,,0,0.0,1,bf14b28d2af4128daa99f23eec8a5e105636d0b04136f8be580fdc39d6f1f97d,; UTCHMMA=21;UTCHMMA_WS=16;UTCBAR=1;UTCATOMSWS=3;SYNCS_TRYWAIT=8;LDS=21;LDG=9;ptx_tcgen05_mma=21;ptx_tcgen05_mma_ws=16;ptx_tcgen05_commit=1;ptx_tcgen05_alloc=1;ptx_tcgen05_dealloc=1;ptx_tcgen05_ld=5;ptx_tcgen05_st=5;ptx_mbarrier_wait=5;ptx_cp_async_tma=2;ptx_ld_shared=26;ptx_ld_global=7
07_config_matrix,cfg_bf16_m128n128k16_c512_sw32_discard_same,1,,NVIDIA Thor,11.0,580.00,13.0,PTX ISA 9.3 / CUDA 13.0,1575.000,,,,bf16,128,128,16,32,128,154,1,discard,same,4,4,32,1,nocount,sw32,sw32,16,16,16,0,512,0,128,none,0,none,0,4,20,3387623.0,2150.8717460317457,,,,,8192,,19.968495582891016,,,0,0.0,1,bf14b28d2af4128daa99f23eec8a5e105636d0b04136f8be580fdc39d6f1f97d,
07_config_matrix,cfg_bf16_m128n128k16_c512_sw32_discard_same,1,,NVIDIA Thor,11.0,580.00,13.0,PTX ISA 9.3 / CUDA 13.0,1575.000,,,,bf16,128,128,16,32,128,154,2,discard,same,4,4,32,1,nocount,sw32,sw32,16,16,16,0,512,0,128,none,0,none,0,4,20,3387620.0,2150.8698412698413,,,,,8192,,19.968513266541112,,,0,0.0,1,bf14b28d2af4128daa99f23eec8a5e105636d0b04136f8be580fdc39d6f1f97d,
07_config_matrix,cfg_bf16_m128n128k16_c512_sw32_discard_same,1,,NVIDIA Thor,11.0,580.00,13.0,PTX ISA 9.3 / CUDA 13.0,1575.000,,,,bf16,128,128,16,32,128,154,3,discard,same,4,4,32,1,nocount,sw32,sw32,16,16,16,0,512,0,128,none,0,none,0,4,20,3387619.0,2150.8692063492067,,,,,8192,,19.9685191610981,,,0,0.0,1,bf14b28d2af4128daa99f23eec8a5e105636d0b04136f8be580fdc39d6f1f97d,
07_config_matrix,cfg_bf16_m128n128k16_c512_sw32_discard_same,1,,NVIDIA Thor,11.0,580.00,13.0,PTX ISA 9.3 / CUDA 13.0,1575.000,,,,bf16,128,128,16,32,128,154,4,discard,same,4,4,32,1,nocount,sw32,sw32,16,16,16,0,512,0,128,none,0,none,0,4,20,3387617.0,2150.8679365079365,,,,,8192,,19.968530950222533,,,0,0.0,1,bf14b28d2af4128daa99f23eec8a5e105636d0b04136f8be580fdc39d6f1f97d,
07_config_matrix,cfg_bf16_m128n256k16_c512_sw128_fill_use_lastuse_same,1,,NVIDIA Thor,11.0,580.00,13.0,PTX ISA 9.3 / CUDA 13.0,1575.000,,,,bf16,128,256,16,32,128,155,0,fill_use_lastuse,same,2,2,32,1,nocount,sw128,sw128,16,16,16,0,512,0,256,none,0,none,0,4,20,3778653.0,2399.1447619047617,,,,,12288,,35.80415291480853,,,0,0.0,1,bf14b28d2af4128daa99f23eec8a5e105636d0b04136f8be580fdc39d6f1f97d,; UTCHMMA=21;UTCHMMA_WS=16;UTCBAR=1;UTCATOMSWS=3;SYNCS_TRYWAIT=8;LDS=21;LDG=9;ptx_tcgen05_mma=21;ptx_tcgen05_mma_ws=16;ptx_tcgen05_commit=1;ptx_tcgen05_alloc=1;ptx_tcgen05_dealloc=1;ptx_tcgen05_ld=5;ptx_tcgen05_st=5;ptx_mbarrier_wait=5;ptx_cp_async_tma=2;ptx_ld_shared=26;ptx_ld_global=7
07_config_matrix,cfg_bf16_m128n256k16_c512_sw128_fill_use_lastuse_same,1,,NVIDIA Thor,11.0,580.00,13.0,PTX ISA 9.3 / CUDA 13.0,1575.000,,,,bf16,128,256,16,32,128,155,1,fill_use_lastuse,same,2,2,32,1,nocount,sw128,sw128,16,16,16,0,512,0,256,none,0,none,0,4,20,3778480.0,2399.0349206349206,,,,,12288,,35.80579222967965,,,0,0.0,1,bf14b28d2af4128daa99f23eec8a5e105636d0b04136f8be580fdc39d6f1f97d,
07_config_matrix,cfg_bf16_m128n256k16_c512_sw128_fill_use_lastuse_same,1,,NVIDIA Thor,11.0,580.00,13.0,PTX ISA 9.3 / CUDA 13.0,1575.000,,,,bf16,128,256,16,32,128,155,2,fill_use_lastuse,same,2,2,32,1,nocount,sw128,sw128,16,16,16,0,512,0,256,none,0,none,0,4,20,3778476.0,2399.032380952381,,,,,12288,,35.805830134689224,,,0,0.0,1,bf14b28d2af4128daa99f23eec8a5e105636d0b04136f8be580fdc39d6f1f97d,
07_config_matrix,cfg_bf16_m128n256k16_c512_sw128_fill_use_lastuse_same,1,,NVIDIA Thor,11.0,580.00,13.0,PTX ISA 9.3 / CUDA 13.0,1575.000,,,,bf16,128,256,16,32,128,155,3,fill_use_lastuse,same,2,2,32,1,nocount,sw128,sw128,16,16,16,0,512,0,256,none,0,none,0,4,20,3778484.0,2399.0374603174605,,,,,12288,,35.805754324750346,,,0,0.0,1,bf14b28d2af4128daa99f23eec8a5e105636d0b04136f8be580fdc39d6f1f97d,
07_config_matrix,cfg_bf16_m128n256k16_c512_sw128_fill_use_lastuse_same,1,,NVIDIA Thor,11.0,580.00,13.0,PTX ISA 9.3 / CUDA 13.0,1575.000,,,,bf16,128,256,16,32,128,155,4,fill_use_lastuse,same,2,2,32,1,nocount,sw128,sw128,16,16,16,0,512,0,256,none,0,none,0,4,20,3778483.0,2399.0368253968254,,,,,12288,,35.80576380097516,,,0,0.0,1,bf14b28d2af4128daa99f23eec8a5e105636d0b04136f8be580fdc39d6f1f97d,
07_config_matrix,cfg_bf16_m128n256k16_c512_sw32_fill_use_lastuse_pingpong,1,,NVIDIA Thor,11.0,580.00,13.0,PTX ISA 9.3 / CUDA 13.0,1575.000,,,,bf16,128,256,16,32,128,156,0,fill_use_lastuse,pingpong,2,2,32,1,nocount,sw32,sw32,16,16,16,0,512,0,256,none,0,none,0,4,20,3487736.0,2214.4355555555553,,,,,12288,,38.79062802459819,,,0,0.0,1,bf14b28d2af4128daa99f23eec8a5e105636d0b04136f8be580fdc39d6f1f97d,; UTCHMMA=21;UTCHMMA_WS=16;UTCBAR=1;UTCATOMSWS=3;SYNCS_TRYWAIT=8;LDS=21;LDG=9;ptx_tcgen05_mma=21;ptx_tcgen05_mma_ws=16;ptx_tcgen05_commit=1;ptx_tcgen05_alloc=1;ptx_tcgen05_dealloc=1;ptx_tcgen05_ld=5;ptx_tcgen05_st=5;ptx_mbarrier_wait=5;ptx_cp_async_tma=2;ptx_ld_shared=26;ptx_ld_global=7
07_config_matrix,cfg_bf16_m128n256k16_c512_sw32_fill_use_lastuse_pingpong,1,,NVIDIA Thor,11.0,580.00,13.0,PTX ISA 9.3 / CUDA 13.0,1575.000,,,,bf16,128,256,16,32,128,156,1,fill_use_lastuse,pingpong,2,2,32,1,nocount,sw32,sw32,16,16,16,0,512,0,256,none,0,none,0,4,20,3487736.0,2214.4355555555553,,,,,12288,,38.79062802459819,,,0,0.0,1,bf14b28d2af4128daa99f23eec8a5e105636d0b04136f8be580fdc39d6f1f97d,
07_config_matrix,cfg_bf16_m128n256k16_c512_sw32_fill_use_lastuse_pingpong,1,,NVIDIA Thor,11.0,580.00,13.0,PTX ISA 9.3 / CUDA 13.0,1575.000,,,,bf16,128,256,16,32,128,156,2,fill_use_lastuse,pingpong,2,2,32,1,nocount,sw32,sw32,16,16,16,0,512,0,256,none,0,none,0,4,20,3487736.0,2214.4355555555553,,,,,12288,,38.79062802459819,,,0,0.0,1,bf14b28d2af4128daa99f23eec8a5e105636d0b04136f8be580fdc39d6f1f97d,
07_config_matrix,cfg_bf16_m128n256k16_c512_sw32_fill_use_lastuse_pingpong,1,,NVIDIA Thor,11.0,580.00,13.0,PTX ISA 9.3 / CUDA 13.0,1575.000,,,,bf16,128,256,16,32,128,156,3,fill_use_lastuse,pingpong,2,2,32,1,nocount,sw32,sw32,16,16,16,0,512,0,256,none,0,none,0,4,20,3487735.0,2214.4349206349207,,,,,12288,,38.79063914660948,,,0,0.0,1,bf14b28d2af4128daa99f23eec8a5e105636d0b04136f8be580fdc39d6f1f97d,
07_config_matrix,cfg_bf16_m128n256k16_c512_sw32_fill_use_lastuse_pingpong,1,,NVIDIA Thor,11.0,580.00,13.0,PTX ISA 9.3 / CUDA 13.0,1575.000,,,,bf16,128,256,16,32,128,156,4,fill_use_lastuse,pingpong,2,2,32,1,nocount,sw32,sw32,16,16,16,0,512,0,256,none,0,none,0,4,20,3487734.0,2214.4342857142856,,,,,12288,,38.79065026862714,,,0,0.0,1,bf14b28d2af4128daa99f23eec8a5e105636d0b04136f8be580fdc39d6f1f97d,
07_config_matrix,cfg_fp16_m128n256k16_c512_sw32_fill_use_lastuse_same,1,,NVIDIA Thor,11.0,580.00,13.0,PTX ISA 9.3 / CUDA 13.0,1575.000,,,,fp16,128,256,16,32,128,157,0,fill_use_lastuse,same,2,2,32,1,nocount,sw32,sw32,16,16,16,0,512,0,256,none,0,none,0,4,20,3487733.0,2214.433650793651,,,,,12288,,38.79066139065118,,,0,0.0,1,bf14b28d2af4128daa99f23eec8a5e105636d0b04136f8be580fdc39d6f1f97d,; UTCHMMA=21;UTCHMMA_WS=16;UTCBAR=1;UTCATOMSWS=3;SYNCS_TRYWAIT=8;LDS=21;LDG=9;ptx_tcgen05_mma=21;ptx_tcgen05_mma_ws=16;ptx_tcgen05_commit=1;ptx_tcgen05_alloc=1;ptx_tcgen05_dealloc=1;ptx_tcgen05_ld=5;ptx_tcgen05_st=5;ptx_mbarrier_wait=5;ptx_cp_async_tma=2;ptx_ld_shared=26;ptx_ld_global=7
07_config_matrix,cfg_fp16_m128n256k16_c512_sw32_fill_use_lastuse_same,1,,NVIDIA Thor,11.0,580.00,13.0,PTX ISA 9.3 / CUDA 13.0,1575.000,,,,fp16,128,256,16,32,128,157,1,fill_use_lastuse,same,2,2,32,1,nocount,sw32,sw32,16,16,16,0,512,0,256,none,0,none,0,4,20,3487735.0,2214.4349206349207,,,,,12288,,38.79063914660948,,,0,0.0,1,bf14b28d2af4128daa99f23eec8a5e105636d0b04136f8be580fdc39d6f1f97d,
07_config_matrix,cfg_fp16_m128n256k16_c512_sw32_fill_use_lastuse_same,1,,NVIDIA Thor,11.0,580.00,13.0,PTX ISA 9.3 / CUDA 13.0,1575.000,,,,fp16,128,256,16,32,128,157,2,fill_use_lastuse,same,2,2,32,1,nocount,sw32,sw32,16,16,16,0,512,0,256,none,0,none,0,4,20,3487732.0,2214.433015873016,,,,,12288,,38.790672512681596,,,0,0.0,1,bf14b28d2af4128daa99f23eec8a5e105636d0b04136f8be580fdc39d6f1f97d,
07_config_matrix,cfg_fp16_m128n256k16_c512_sw32_fill_use_lastuse_same,1,,NVIDIA Thor,11.0,580.00,13.0,PTX ISA 9.3 / CUDA 13.0,1575.000,,,,fp16,128,256,16,32,128,157,3,fill_use_lastuse,same,2,2,32,1,nocount,sw32,sw32,16,16,16,0,512,0,256,none,0,none,0,4,20,3487735.0,2214.4349206349207,,,,,12288,,38.79063914660948,,,0,0.0,1,bf14b28d2af4128daa99f23eec8a5e105636d0b04136f8be580fdc39d6f1f97d,
07_config_matrix,cfg_fp16_m128n256k16_c512_sw32_fill_use_lastuse_same,1,,NVIDIA Thor,11.0,580.00,13.0,PTX ISA 9.3 / CUDA 13.0,1575.000,,,,fp16,128,256,16,32,128,157,4,fill_use_lastuse,same,2,2,32,1,nocount,sw32,sw32,16,16,16,0,512,0,256,none,0,none,0,4,20,3487732.0,2214.433015873016,,,,,12288,,38.790672512681596,,,0,0.0,1,bf14b28d2af4128daa99f23eec8a5e105636d0b04136f8be580fdc39d6f1f97d,
07_config_matrix,cfg_bf16_m128n128k16_c512_sw128_fill_use_lastuse_pingpong,1,,NVIDIA Thor,11.0,580.00,13.0,PTX ISA 9.3 / CUDA 13.0,1575.000,,,,bf16,128,128,16,32,128,158,0,fill_use_lastuse,pingpong,4,4,32,1,nocount,sw128,sw128,16,16,16,0,512,0,128,none,0,none,0,4,20,3779418.0,2399.630476190476,,,,,8192,,17.898452860202283,,,0,0.0,1,bf14b28d2af4128daa99f23eec8a5e105636d0b04136f8be580fdc39d6f1f97d,; UTCHMMA=21;UTCHMMA_WS=16;UTCBAR=1;UTCATOMSWS=3;SYNCS_TRYWAIT=8;LDS=21;LDG=9;ptx_tcgen05_mma=21;ptx_tcgen05_mma_ws=16;ptx_tcgen05_commit=1;ptx_tcgen05_alloc=1;ptx_tcgen05_dealloc=1;ptx_tcgen05_ld=5;ptx_tcgen05_st=5;ptx_mbarrier_wait=5;ptx_cp_async_tma=2;ptx_ld_shared=26;ptx_ld_global=7
07_config_matrix,cfg_bf16_m128n128k16_c512_sw128_fill_use_lastuse_pingpong,1,,NVIDIA Thor,11.0,580.00,13.0,PTX ISA 9.3 / CUDA 13.0,1575.000,,,,bf16,128,128,16,32,128,158,1,fill_use_lastuse,pingpong,4,4,32,1,nocount,sw128,sw128,16,16,16,0,512,0,128,none,0,none,0,4,20,3779417.0,2399.6298412698416,,,,,8192,,17.898457595973134,,,0,0.0,1,bf14b28d2af4128daa99f23eec8a5e105636d0b04136f8be580fdc39d6f1f97d,
07_config_matrix,cfg_bf16_m128n128k16_c512_sw128_fill_use_lastuse_pingpong,1,,NVIDIA Thor,11.0,580.00,13.0,PTX ISA 9.3 / CUDA 13.0,1575.000,,,,bf16,128,128,16,32,128,158,2,fill_use_lastuse,pingpong,4,4,32,1,nocount,sw128,sw128,16,16,16,0,512,0,128,none,0,none,0,4,20,3779415.0,2399.6285714285714,,,,,8192,,17.898467067522354,,,0,0.0,1,bf14b28d2af4128daa99f23eec8a5e105636d0b04136f8be580fdc39d6f1f97d,
07_config_matrix,cfg_bf16_m128n128k16_c512_sw128_fill_use_lastuse_pingpong,1,,NVIDIA Thor,11.0,580.00,13.0,PTX ISA 9.3 / CUDA 13.0,1575.000,,,,bf16,128,128,16,32,128,158,3,fill_use_lastuse,pingpong,4,4,32,1,nocount,sw128,sw128,16,16,16,0,512,0,128,none,0,none,0,4,20,3779417.0,2399.6298412698416,,,,,8192,,17.898457595973134,,,0,0.0,1,bf14b28d2af4128daa99f23eec8a5e105636d0b04136f8be580fdc39d6f1f97d,
07_config_matrix,cfg_bf16_m128n128k16_c512_sw128_fill_use_lastuse_pingpong,1,,NVIDIA Thor,11.0,580.00,13.0,PTX ISA 9.3 / CUDA 13.0,1575.000,,,,bf16,128,128,16,32,128,158,4,fill_use_lastuse,pingpong,4,4,32,1,nocount,sw128,sw128,16,16,16,0,512,0,128,none,0,none,0,4,20,3779417.0,2399.6298412698416,,,,,8192,,17.898457595973134,,,0,0.0,1,bf14b28d2af4128daa99f23eec8a5e105636d0b04136f8be580fdc39d6f1f97d,
07_config_matrix,cfg_bf16_m128n64k16_c128_sw32_discard_same,1,,NVIDIA Thor,11.0,580.00,13.0,PTX ISA 9.3 / CUDA 13.0,1575.000,,,,bf16,128,64,16,32,128,159,0,discard,same,2,2,32,1,nocount,sw32,sw32,16,16,16,0,128,0,64,none,0,none,0,4,20,3387484.0,2150.7834920634923,,,,,6144,,9.984657479120195,,,0,0.0,1,bf14b28d2af4128daa99f23eec8a5e105636d0b04136f8be580fdc39d6f1f97d,; UTCHMMA=21;UTCHMMA_WS=16;UTCBAR=1;UTCATOMSWS=3;SYNCS_TRYWAIT=8;LDS=21;LDG=9;ptx_tcgen05_mma=21;ptx_tcgen05_mma_ws=16;ptx_tcgen05_commit=1;ptx_tcgen05_alloc=1;ptx_tcgen05_dealloc=1;ptx_tcgen05_ld=5;ptx_tcgen05_st=5;ptx_mbarrier_wait=5;ptx_cp_async_tma=2;ptx_ld_shared=26;ptx_ld_global=7
07_config_matrix,cfg_bf16_m128n64k16_c128_sw32_discard_same,1,,NVIDIA Thor,11.0,580.00,13.0,PTX ISA 9.3 / CUDA 13.0,1575.000,,,,bf16,128,64,16,32,128,159,1,discard,same,2,2,32,1,nocount,sw32,sw32,16,16,16,0,128,0,64,none,0,none,0,4,20,3387375.0,2150.714285714286,,,,,6144,,9.984978768515443,,,0,0.0,1,bf14b28d2af4128daa99f23eec8a5e105636d0b04136f8be580fdc39d6f1f97d,
07_config_matrix,cfg_bf16_m128n64k16_c128_sw32_discard_same,1,,NVIDIA Thor,11.0,580.00,13.0,PTX ISA 9.3 / CUDA 13.0,1575.000,,,,bf16,128,64,16,32,128,159,2,discard,same,2,2,32,1,nocount,sw32,sw32,16,16,16,0,128,0,64,none,0,none,0,4,20,3387486.0,2150.7847619047616,,,,,6144,,9.98465158409511,,,0,0.0,1,bf14b28d2af4128daa99f23eec8a5e105636d0b04136f8be580fdc39d6f1f97d,
07_config_matrix,cfg_bf16_m128n64k16_c128_sw32_discard_same,1,,NVIDIA Thor,11.0,580.00,13.0,PTX ISA 9.3 / CUDA 13.0,1575.000,,,,bf16,128,64,16,32,128,159,3,discard,same,2,2,32,1,nocount,sw32,sw32,16,16,16,0,128,0,64,none,0,none,0,4,20,3387374.0,2150.7136507936507,,,,,6144,,9.984981716220295,,,0,0.0,1,bf14b28d2af4128daa99f23eec8a5e105636d0b04136f8be580fdc39d6f1f97d,
07_config_matrix,cfg_bf16_m128n64k16_c128_sw32_discard_same,1,,NVIDIA Thor,11.0,580.00,13.0,PTX ISA 9.3 / CUDA 13.0,1575.000,,,,bf16,128,64,16,32,128,159,4,discard,same,2,2,32,1,nocount,sw32,sw32,16,16,16,0,128,0,64,none,0,none,0,4,20,3387397.0,2150.728253968254,,,,,6144,,9.984913919449063,,,0,0.0,1,bf14b28d2af4128daa99f23eec8a5e105636d0b04136f8be580fdc39d6f1f97d,
07_config_matrix,cfg_fp16_m128n128k16_c128_none_discard_same,0,max_abs_error>0.05,NVIDIA Thor,11.0,580.00,13.0,PTX ISA 9.3 / CUDA 13.0,1575.000,,,,fp16,128,128,16,32,128,160,0,discard,same,1,1,32,1,nocount,none,none,16,16,16,0,128,0,128,none,0,none,0,4,20,3181152.0,2019.7790476190478,,,,,8192,,21.26454030238102,,,0,0.83203125,1,bf14b28d2af4128daa99f23eec8a5e105636d0b04136f8be580fdc39d6f1f97d,; UTCHMMA=21;UTCHMMA_WS=16;UTCBAR=1;UTCATOMSWS=3;SYNCS_TRYWAIT=8;LDS=21;LDG=9;ptx_tcgen05_mma=21;ptx_tcgen05_mma_ws=16;ptx_tcgen05_commit=1;ptx_tcgen05_alloc=1;ptx_tcgen05_dealloc=1;ptx_tcgen05_ld=5;ptx_tcgen05_st=5;ptx_mbarrier_wait=5;ptx_cp_async_tma=2;ptx_ld_shared=26;ptx_ld_global=7
07_config_matrix,cfg_fp16_m128n128k16_c128_none_discard_same,0,max_abs_error>0.05,NVIDIA Thor,11.0,580.00,13.0,PTX ISA 9.3 / CUDA 13.0,1575.000,,,,fp16,128,128,16,32,128,160,1,discard,same,1,1,32,1,nocount,none,none,16,16,16,0,128,0,128,none,0,none,0,4,20,3181149.0,2019.7771428571427,,,,,8192,,21.264560356022304,,,0,0.83203125,1,bf14b28d2af4128daa99f23eec8a5e105636d0b04136f8be580fdc39d6f1f97d,
07_config_matrix,cfg_fp16_m128n128k16_c128_none_discard_same,0,max_abs_error>0.05,NVIDIA Thor,11.0,580.00,13.0,PTX ISA 9.3 / CUDA 13.0,1575.000,,,,fp16,128,128,16,32,128,160,2,discard,same,1,1,32,1,nocount,none,none,16,16,16,0,128,0,128,none,0,none,0,4,20,3181521.0,2020.0133333333333,,,,,8192,,21.26207399291094,,,0,0.83203125,1,bf14b28d2af4128daa99f23eec8a5e105636d0b04136f8be580fdc39d6f1f97d,
07_config_matrix,cfg_fp16_m128n128k16_c128_none_discard_same,0,max_abs_error>0.05,NVIDIA Thor,11.0,580.00,13.0,PTX ISA 9.3 / CUDA 13.0,1575.000,,,,fp16,128,128,16,32,128,160,3,discard,same,1,1,32,1,nocount,none,none,16,16,16,0,128,0,128,none,0,none,0,4,20,3181150.0,2019.7777777777778,,,,,8192,,21.264553671471006,,,0,0.83203125,1,bf14b28d2af4128daa99f23eec8a5e105636d0b04136f8be580fdc39d6f1f97d,
07_config_matrix,cfg_fp16_m128n128k16_c128_none_discard_same,0,max_abs_error>0.05,NVIDIA Thor,11.0,580.00,13.0,PTX ISA 9.3 / CUDA 13.0,1575.000,,,,fp16,128,128,16,32,128,160,4,discard,same,1,1,32,1,nocount,none,none,16,16,16,0,128,0,128,none,0,none,0,4,20,3181522.0,2020.0139682539682,,,,,8192,,21.262067309922738,,,0,0.83203125,1,bf14b28d2af4128daa99f23eec8a5e105636d0b04136f8be580fdc39d6f1f97d,
07_config_matrix,cfg_fp16_m128n64k16_c128_none_fill_use_lastuse_pingpong,0,max_abs_error>0.05,NVIDIA Thor,11.0,580.00,13.0,PTX ISA 9.3 / CUDA 13.0,1575.000,,,,fp16,128,64,16,32,128,161,0,fill_use_lastuse,pingpong,2,2,32,1,nocount,none,none,16,16,16,0,128,0,64,none,0,none,0,4,20,3779303.0,2399.5574603174605,,,,,6144,,8.949498745138984,,,0,0.83203125,1,bf14b28d2af4128daa99f23eec8a5e105636d0b04136f8be580fdc39d6f1f97d,; UTCHMMA=21;UTCHMMA_WS=16;UTCBAR=1;UTCATOMSWS=3;SYNCS_TRYWAIT=8;LDS=21;LDG=9;ptx_tcgen05_mma=21;ptx_tcgen05_mma_ws=16;ptx_tcgen05_commit=1;ptx_tcgen05_alloc=1;ptx_tcgen05_dealloc=1;ptx_tcgen05_ld=5;ptx_tcgen05_st=5;ptx_mbarrier_wait=5;ptx_cp_async_tma=2;ptx_ld_shared=26;ptx_ld_global=7
07_config_matrix,cfg_fp16_m128n64k16_c128_none_fill_use_lastuse_pingpong,0,max_abs_error>0.05,NVIDIA Thor,11.0,580.00,13.0,PTX ISA 9.3 / CUDA 13.0,1575.000,,,,fp16,128,64,16,32,128,161,1,fill_use_lastuse,pingpong,2,2,32,1,nocount,none,none,16,16,16,0,128,0,64,none,0,none,0,4,20,3779302.0,2399.5568253968254,,,,,6144,,8.949501113168518,,,0,0.83203125,1,bf14b28d2af4128daa99f23eec8a5e105636d0b04136f8be580fdc39d6f1f97d,
07_config_matrix,cfg_fp16_m128n64k16_c128_none_fill_use_lastuse_pingpong,0,max_abs_error>0.05,NVIDIA Thor,11.0,580.00,13.0,PTX ISA 9.3 / CUDA 13.0,1575.000,,,,fp16,128,64,16,32,128,161,2,fill_use_lastuse,pingpong,2,2,32,1,nocount,none,none,16,16,16,0,128,0,64,none,0,none,0,4,20,3779302.0,2399.5568253968254,,,,,6144,,8.949501113168518,,,0,0.83203125,1,bf14b28d2af4128daa99f23eec8a5e105636d0b04136f8be580fdc39d6f1f97d,
07_config_matrix,cfg_fp16_m128n64k16_c128_none_fill_use_lastuse_pingpong,0,max_abs_error>0.05,NVIDIA Thor,11.0,580.00,13.0,PTX ISA 9.3 / CUDA 13.0,1575.000,,,,fp16,128,64,16,32,128,161,3,fill_use_lastuse,pingpong,2,2,32,1,nocount,none,none,16,16,16,0,128,0,64,none,0,none,0,4,20,3779296.0,2399.553015873016,,,,,6144,,8.949515321372022,,,0,0.83203125,1,bf14b28d2af4128daa99f23eec8a5e105636d0b04136f8be580fdc39d6f1f97d,
07_config_matrix,cfg_fp16_m128n64k16_c128_none_fill_use_lastuse_pingpong,0,max_abs_error>0.05,NVIDIA Thor,11.0,580.00,13.0,PTX ISA 9.3 / CUDA 13.0,1575.000,,,,fp16,128,64,16,32,128,161,4,fill_use_lastuse,pingpong,2,2,32,1,nocount,none,none,16,16,16,0,128,0,64,none,0,none,0,4,20,3779302.0,2399.5568253968254,,,,,6144,,8.949501113168518,,,0,0.83203125,1,bf14b28d2af4128daa99f23eec8a5e105636d0b04136f8be580fdc39d6f1f97d,
07_config_matrix,cfg_fp16_m128n128k16_c256_none_discard_same,0,max_abs_error>0.05,NVIDIA Thor,11.0,580.00,13.0,PTX ISA 9.3 / CUDA 13.0,1575.000,,,,fp16,128,128,16,32,128,162,0,discard,same,2,2,32,1,nocount,none,none,16,16,16,0,256,0,128,none,0,none,0,4,20,3678959.0,2335.8469841269844,,,,,8192,,18.387194560200317,,,0,0.83203125,1,bf14b28d2af4128daa99f23eec8a5e105636d0b04136f8be580fdc39d6f1f97d,; UTCHMMA=21;UTCHMMA_WS=16;UTCBAR=1;UTCATOMSWS=3;SYNCS_TRYWAIT=8;LDS=21;LDG=9;ptx_tcgen05_mma=21;ptx_tcgen05_mma_ws=16;ptx_tcgen05_commit=1;ptx_tcgen05_alloc=1;ptx_tcgen05_dealloc=1;ptx_tcgen05_ld=5;ptx_tcgen05_st=5;ptx_mbarrier_wait=5;ptx_cp_async_tma=2;ptx_ld_shared=26;ptx_ld_global=7
07_config_matrix,cfg_fp16_m128n128k16_c256_none_discard_same,0,max_abs_error>0.05,NVIDIA Thor,11.0,580.00,13.0,PTX ISA 9.3 / CUDA 13.0,1575.000,,,,fp16,128,128,16,32,128,162,1,discard,same,2,2,32,1,nocount,none,none,16,16,16,0,256,0,128,none,0,none,0,4,20,3678991.0,2335.867301587302,,,,,8192,,18.38703462770091,,,0,0.83203125,1,bf14b28d2af4128daa99f23eec8a5e105636d0b04136f8be580fdc39d6f1f97d,
07_config_matrix,cfg_fp16_m128n128k16_c256_none_discard_same,0,max_abs_error>0.05,NVIDIA Thor,11.0,580.00,13.0,PTX ISA 9.3 / CUDA 13.0,1575.000,,,,fp16,128,128,16,32,128,162,2,discard,same,2,2,32,1,nocount,none,none,16,16,16,0,256,0,128,none,0,none,0,4,20,3678960.0,2335.847619047619,,,,,8192,,18.387189562267597,,,0,0.83203125,1,bf14b28d2af4128daa99f23eec8a5e105636d0b04136f8be580fdc39d6f1f97d,
07_config_matrix,cfg_fp16_m128n128k16_c256_none_discard_same,0,max_abs_error>0.05,NVIDIA Thor,11.0,580.00,13.0,PTX ISA 9.3 / CUDA 13.0,1575.000,,,,fp16,128,128,16,32,128,162,3,discard,same,2,2,32,1,nocount,none,none,16,16,16,0,256,0,128,none,0,none,0,4,20,3678995.0,2335.869841269841,,,,,8192,,18.387014636334108,,,0,0.83203125,1,bf14b28d2af4128daa99f23eec8a5e105636d0b04136f8be580fdc39d6f1f97d,
07_config_matrix,cfg_fp16_m128n128k16_c256_none_discard_same,0,max_abs_error>0.05,NVIDIA Thor,11.0,580.00,13.0,PTX ISA 9.3 / CUDA 13.0,1575.000,,,,fp16,128,128,16,32,128,162,4,discard,same,2,2,32,1,nocount,none,none,16,16,16,0,256,0,128,none,0,none,0,4,20,3678958.0,2335.8463492063493,,,,,8192,,18.387199558135755,,,0,0.83203125,1,bf14b28d2af4128daa99f23eec8a5e105636d0b04136f8be580fdc39d6f1f97d,
07_config_matrix,cfg_fp16_m128n64k16_c256_none_discard_pingpong,0,max_abs_error>0.05,NVIDIA Thor,11.0,580.00,13.0,PTX ISA 9.3 / CUDA 13.0,1575.000,,,,fp16,128,64,16,32,128,163,0,discard,pingpong,4,4,32,1,nocount,none,none,16,16,16,0,256,0,64,none,0,none,0,4,20,3678622.0,2335.6330158730157,,,,,6144,,9.194439509142283,,,0,0.83203125,1,bf14b28d2af4128daa99f23eec8a5e105636d0b04136f8be580fdc39d6f1f97d,; UTCHMMA=21;UTCHMMA_WS=16;UTCBAR=1;UTCATOMSWS=3;SYNCS_TRYWAIT=8;LDS=21;LDG=9;ptx_tcgen05_mma=21;ptx_tcgen05_mma_ws=16;ptx_tcgen05_commit=1;ptx_tcgen05_alloc=1;ptx_tcgen05_dealloc=1;ptx_tcgen05_ld=5;ptx_tcgen05_st=5;ptx_mbarrier_wait=5;ptx_cp_async_tma=2;ptx_ld_shared=26;ptx_ld_global=7
07_config_matrix,cfg_fp16_m128n64k16_c256_none_discard_pingpong,0,max_abs_error>0.05,NVIDIA Thor,11.0,580.00,13.0,PTX ISA 9.3 / CUDA 13.0,1575.000,,,,fp16,128,64,16,32,128,163,1,discard,pingpong,4,4,32,1,nocount,none,none,16,16,16,0,256,0,64,none,0,none,0,4,20,3678581.0,2335.606984126984,,,,,6144,,9.194541986706287,,,0,0.83203125,1,bf14b28d2af4128daa99f23eec8a5e105636d0b04136f8be580fdc39d6f1f97d,
07_config_matrix,cfg_fp16_m128n64k16_c256_none_discard_pingpong,0,max_abs_error>0.05,NVIDIA Thor,11.0,580.00,13.0,PTX ISA 9.3 / CUDA 13.0,1575.000,,,,fp16,128,64,16,32,128,163,2,discard,pingpong,4,4,32,1,nocount,none,none,16,16,16,0,256,0,64,none,0,none,0,4,20,3678583.0,2335.608253968254,,,,,6144,,9.194536987747728,,,0,0.83203125,1,bf14b28d2af4128daa99f23eec8a5e105636d0b04136f8be580fdc39d6f1f97d,
07_config_matrix,cfg_fp16_m128n64k16_c256_none_discard_pingpong,0,max_abs_error>0.05,NVIDIA Thor,11.0,580.00,13.0,PTX ISA 9.3 / CUDA 13.0,1575.000,,,,fp16,128,64,16,32,128,163,3,discard,pingpong,4,4,32,1,nocount,none,none,16,16,16,0,256,0,64,none,0,none,0,4,20,3678582.0,2335.607619047619,,,,,6144,,9.194539487226328,,,0,0.83203125,1,bf14b28d2af4128daa99f23eec8a5e105636d0b04136f8be580fdc39d6f1f97d,
07_config_matrix,cfg_fp16_m128n64k16_c256_none_discard_pingpong,0,max_abs_error>0.05,NVIDIA Thor,11.0,580.00,13.0,PTX ISA 9.3 / CUDA 13.0,1575.000,,,,fp16,128,64,16,32,128,163,4,discard,pingpong,4,4,32,1,nocount,none,none,16,16,16,0,256,0,64,none,0,none,0,4,20,3678579.0,2335.6057142857144,,,,,6144,,9.19454698567028,,,0,0.83203125,1,bf14b28d2af4128daa99f23eec8a5e105636d0b04136f8be580fdc39d6f1f97d,
07_config_matrix,cfg_fp16_m128n256k16_c256_sw128_discard_same,1,,NVIDIA Thor,11.0,580.00,13.0,PTX ISA 9.3 / CUDA 13.0,1575.000,,,,fp16,128,256,16,32,128,164,0,discard,same,1,1,32,1,nocount,sw128,sw128,16,16,16,0,256,0,256,none,0,none,0,4,20,3181544.0,2020.0279365079366,,,,,12288,,42.52384057049031,,,0,0.0,1,bf14b28d2af4128daa99f23eec8a5e105636d0b04136f8be580fdc39d6f1f97d,; UTCHMMA=21;UTCHMMA_WS=16;UTCBAR=1;UTCATOMSWS=3;SYNCS_TRYWAIT=8;LDS=21;LDG=9;ptx_tcgen05_mma=21;ptx_tcgen05_mma_ws=16;ptx_tcgen05_commit=1;ptx_tcgen05_alloc=1;ptx_tcgen05_dealloc=1;ptx_tcgen05_ld=5;ptx_tcgen05_st=5;ptx_mbarrier_wait=5;ptx_cp_async_tma=2;ptx_ld_shared=26;ptx_ld_global=7
07_config_matrix,cfg_fp16_m128n256k16_c256_sw128_discard_same,1,,NVIDIA Thor,11.0,580.00,13.0,PTX ISA 9.3 / CUDA 13.0,1575.000,,,,fp16,128,256,16,32,128,164,1,discard,same,1,1,32,1,nocount,sw128,sw128,16,16,16,0,256,0,256,none,0,none,0,4,20,3181541.0,2020.0260317460318,,,,,12288,,42.52388066789018,,,0,0.0,1,bf14b28d2af4128daa99f23eec8a5e105636d0b04136f8be580fdc39d6f1f97d,
07_config_matrix,cfg_fp16_m128n256k16_c256_sw128_discard_same,1,,NVIDIA Thor,11.0,580.00,13.0,PTX ISA 9.3 / CUDA 13.0,1575.000,,,,fp16,128,256,16,32,128,164,2,discard,same,1,1,32,1,nocount,sw128,sw128,16,16,16,0,256,0,256,none,0,none,0,4,20,3181541.0,2020.0260317460318,,,,,12288,,42.52388066789018,,,0,0.0,1,bf14b28d2af4128daa99f23eec8a5e105636d0b04136f8be580fdc39d6f1f97d,
07_config_matrix,cfg_fp16_m128n256k16_c256_sw128_discard_same,1,,NVIDIA Thor,11.0,580.00,13.0,PTX ISA 9.3 / CUDA 13.0,1575.000,,,,fp16,128,256,16,32,128,164,3,discard,same,1,1,32,1,nocount,sw128,sw128,16,16,16,0,256,0,256,none,0,none,0,4,20,3181543.0,2020.0273015873017,,,,,12288,,42.52385393628186,,,0,0.0,1,bf14b28d2af4128daa99f23eec8a5e105636d0b04136f8be580fdc39d6f1f97d,
07_config_matrix,cfg_fp16_m128n256k16_c256_sw128_discard_same,1,,NVIDIA Thor,11.0,580.00,13.0,PTX ISA 9.3 / CUDA 13.0,1575.000,,,,fp16,128,256,16,32,128,164,4,discard,same,1,1,32,1,nocount,sw128,sw128,16,16,16,0,256,0,256,none,0,none,0,4,20,3181788.0,2020.1828571428573,,,,,12288,,42.520579568469046,,,0,0.0,1,bf14b28d2af4128daa99f23eec8a5e105636d0b04136f8be580fdc39d6f1f97d,
07_config_matrix,cfg_fp16_m128n64k16_c512_none_discard_pingpong,0,max_abs_error>0.05,NVIDIA Thor,11.0,580.00,13.0,PTX ISA 9.3 / CUDA 13.0,1575.000,,,,fp16,128,64,16,32,128,165,0,discard,pingpong,8,8,32,1,nocount,none,none,16,16,16,0,512,0,64,none,0,none,0,4,20,3678584.0,2335.608888888889,,,,,6144,,9.194534488270486,,,0,0.83203125,1,bf14b28d2af4128daa99f23eec8a5e105636d0b04136f8be580fdc39d6f1f97d,; UTCHMMA=21;UTCHMMA_WS=16;UTCBAR=1;UTCATOMSWS=3;SYNCS_TRYWAIT=8;LDS=21;LDG=9;ptx_tcgen05_mma=21;ptx_tcgen05_mma_ws=16;ptx_tcgen05_commit=1;ptx_tcgen05_alloc=1;ptx_tcgen05_dealloc=1;ptx_tcgen05_ld=5;ptx_tcgen05_st=5;ptx_mbarrier_wait=5;ptx_cp_async_tma=2;ptx_ld_shared=26;ptx_ld_global=7
07_config_matrix,cfg_fp16_m128n64k16_c512_none_discard_pingpong,0,max_abs_error>0.05,NVIDIA Thor,11.0,580.00,13.0,PTX ISA 9.3 / CUDA 13.0,1575.000,,,,fp16,128,64,16,32,128,165,1,discard,pingpong,8,8,32,1,nocount,none,none,16,16,16,0,512,0,64,none,0,none,0,4,20,3678577.0,2335.6044444444447,,,,,6144,,9.194551984639713,,,0,0.83203125,1,bf14b28d2af4128daa99f23eec8a5e105636d0b04136f8be580fdc39d6f1f97d,
07_config_matrix,cfg_fp16_m128n64k16_c512_none_discard_pingpong,0,max_abs_error>0.05,NVIDIA Thor,11.0,580.00,13.0,PTX ISA 9.3 / CUDA 13.0,1575.000,,,,fp16,128,64,16,32,128,165,2,discard,pingpong,8,8,32,1,nocount,none,none,16,16,16,0,512,0,64,none,0,none,0,4,20,3678581.0,2335.606984126984,,,,,6144,,9.194541986706287,,,0,0.83203125,1,bf14b28d2af4128daa99f23eec8a5e105636d0b04136f8be580fdc39d6f1f97d,
07_config_matrix,cfg_fp16_m128n64k16_c512_none_discard_pingpong,0,max_abs_error>0.05,NVIDIA Thor,11.0,580.00,13.0,PTX ISA 9.3 / CUDA 13.0,1575.000,,,,fp16,128,64,16,32,128,165,3,discard,pingpong,8,8,32,1,nocount,none,none,16,16,16,0,512,0,64,none,0,none,0,4,20,3678582.0,2335.607619047619,,,,,6144,,9.194539487226328,,,0,0.83203125,1,bf14b28d2af4128daa99f23eec8a5e105636d0b04136f8be580fdc39d6f1f97d,
07_config_matrix,cfg_fp16_m128n64k16_c512_none_discard_pingpong,0,max_abs_error>0.05,NVIDIA Thor,11.0,580.00,13.0,PTX ISA 9.3 / CUDA 13.0,1575.000,,,,fp16,128,64,16,32,128,165,4,discard,pingpong,8,8,32,1,nocount,none,none,16,16,16,0,512,0,64,none,0,none,0,4,20,3678579.0,2335.6057142857144,,,,,6144,,9.19454698567028,,,0,0.83203125,1,bf14b28d2af4128daa99f23eec8a5e105636d0b04136f8be580fdc39d6f1f97d,
07_config_matrix,cfg_fp16_m128n128k16_c256_sw64_fill_use_lastuse_same,1,,NVIDIA Thor,11.0,580.00,13.0,PTX ISA 9.3 / CUDA 13.0,1575.000,,,,fp16,128,128,16,32,128,166,0,fill_use_lastuse,same,2,2,32,1,nocount,sw64,sw64,16,16,16,0,256,0,128,none,0,none,0,4,20,3664477.0,2326.6520634920635,,,,,8192,,18.459860687350474,,,0,0.0,1,bf14b28d2af4128daa99f23eec8a5e105636d0b04136f8be580fdc39d6f1f97d,; UTCHMMA=21;UTCHMMA_WS=16;UTCBAR=1;UTCATOMSWS=3;SYNCS_TRYWAIT=8;LDS=21;LDG=9;ptx_tcgen05_mma=21;ptx_tcgen05_mma_ws=16;ptx_tcgen05_commit=1;ptx_tcgen05_alloc=1;ptx_tcgen05_dealloc=1;ptx_tcgen05_ld=5;ptx_tcgen05_st=5;ptx_mbarrier_wait=5;ptx_cp_async_tma=2;ptx_ld_shared=26;ptx_ld_global=7
07_config_matrix,cfg_fp16_m128n128k16_c256_sw64_fill_use_lastuse_same,1,,NVIDIA Thor,11.0,580.00,13.0,PTX ISA 9.3 / CUDA 13.0,1575.000,,,,fp16,128,128,16,32,128,166,1,fill_use_lastuse,same,2,2,32,1,nocount,sw64,sw64,16,16,16,0,256,0,128,none,0,none,0,4,20,3664477.0,2326.6520634920635,,,,,8192,,18.459860687350474,,,0,0.0,1,bf14b28d2af4128daa99f23eec8a5e105636d0b04136f8be580fdc39d6f1f97d,
07_config_matrix,cfg_fp16_m128n128k16_c256_sw64_fill_use_lastuse_same,1,,NVIDIA Thor,11.0,580.00,13.0,PTX ISA 9.3 / CUDA 13.0,1575.000,,,,fp16,128,128,16,32,128,166,2,fill_use_lastuse,same,2,2,32,1,nocount,sw64,sw64,16,16,16,0,256,0,128,none,0,none,0,4,20,3664477.0,2326.6520634920635,,,,,8192,,18.459860687350474,,,0,0.0,1,bf14b28d2af4128daa99f23eec8a5e105636d0b04136f8be580fdc39d6f1f97d,
07_config_matrix,cfg_fp16_m128n128k16_c256_sw64_fill_use_lastuse_same,1,,NVIDIA Thor,11.0,580.00,13.0,PTX ISA 9.3 / CUDA 13.0,1575.000,,,,fp16,128,128,16,32,128,166,3,fill_use_lastuse,same,2,2,32,1,nocount,sw64,sw64,16,16,16,0,256,0,128,none,0,none,0,4,20,3664479.0,2326.653333333333,,,,,8192,,18.459850612324427,,,0,0.0,1,bf14b28d2af4128daa99f23eec8a5e105636d0b04136f8be580fdc39d6f1f97d,
07_config_matrix,cfg_fp16_m128n128k16_c256_sw64_fill_use_lastuse_same,1,,NVIDIA Thor,11.0,580.00,13.0,PTX ISA 9.3 / CUDA 13.0,1575.000,,,,fp16,128,128,16,32,128,166,4,fill_use_lastuse,same,2,2,32,1,nocount,sw64,sw64,16,16,16,0,256,0,128,none,0,none,0,4,20,3664481.0,2326.6546031746034,,,,,8192,,18.459840537309375,,,0,0.0,1,bf14b28d2af4128daa99f23eec8a5e105636d0b04136f8be580fdc39d6f1f97d,
07_config_matrix,cfg_bf16_m128n128k16_c128_sw128_discard_same,1,,NVIDIA Thor,11.0,580.00,13.0,PTX ISA 9.3 / CUDA 13.0,1575.000,,,,bf16,128,128,16,32,128,167,0,discard,same,1,1,32,1,nocount,sw128,sw128,16,16,16,0,128,0,128,none,0,none,0,4,20,3181521.0,2020.0133333333333,,,,,8192,,21.26207399291094,,,0,0.0,1,bf14b28d2af4128daa99f23eec8a5e105636d0b04136f8be580fdc39d6f1f97d,; UTCHMMA=21;UTCHMMA_WS=16;UTCBAR=1;UTCATOMSWS=3;SYNCS_TRYWAIT=8;LDS=21;LDG=9;ptx_tcgen05_mma=21;ptx_tcgen05_mma_ws=16;ptx_tcgen05_commit=1;ptx_tcgen05_alloc=1;ptx_tcgen05_dealloc=1;ptx_tcgen05_ld=5;ptx_tcgen05_st=5;ptx_mbarrier_wait=5;ptx_cp_async_tma=2;ptx_ld_shared=26;ptx_ld_global=7
07_config_matrix,cfg_bf16_m128n128k16_c128_sw128_discard_same,1,,NVIDIA Thor,11.0,580.00,13.0,PTX ISA 9.3 / CUDA 13.0,1575.000,,,,bf16,128,128,16,32,128,167,1,discard,same,1,1,32,1,nocount,sw128,sw128,16,16,16,0,128,0,128,none,0,none,0,4,20,3181152.0,2019.7790476190478,,,,,8192,,21.26454030238102,,,0,0.0,1,bf14b28d2af4128daa99f23eec8a5e105636d0b04136f8be580fdc39d6f1f97d,
07_config_matrix,cfg_bf16_m128n128k16_c128_sw128_discard_same,1,,NVIDIA Thor,11.0,580.00,13.0,PTX ISA 9.3 / CUDA 13.0,1575.000,,,,bf16,128,128,16,32,128,167,2,discard,same,1,1,32,1,nocount,sw128,sw128,16,16,16,0,128,0,128,none,0,none,0,4,20,3181151.0,2019.7784126984127,,,,,8192,,21.264546986923918,,,0,0.0,1,bf14b28d2af4128daa99f23eec8a5e105636d0b04136f8be580fdc39d6f1f97d,
07_config_matrix,cfg_bf16_m128n128k16_c128_sw128_discard_same,1,,NVIDIA Thor,11.0,580.00,13.0,PTX ISA 9.3 / CUDA 13.0,1575.000,,,,bf16,128,128,16,32,128,167,3,discard,same,1,1,32,1,nocount,sw128,sw128,16,16,16,0,128,0,128,none,0,none,0,4,20,3181151.0,2019.7784126984127,,,,,8192,,21.264546986923918,,,0,0.0,1,bf14b28d2af4128daa99f23eec8a5e105636d0b04136f8be580fdc39d6f1f97d,
07_config_matrix,cfg_bf16_m128n128k16_c128_sw128_discard_same,1,,NVIDIA Thor,11.0,580.00,13.0,PTX ISA 9.3 / CUDA 13.0,1575.000,,,,bf16,128,128,16,32,128,167,4,discard,same,1,1,32,1,nocount,sw128,sw128,16,16,16,0,128,0,128,none,0,none,0,4,20,3181521.0,2020.0133333333333,,,,,8192,,21.26207399291094,,,0,0.0,1,bf14b28d2af4128daa99f23eec8a5e105636d0b04136f8be580fdc39d6f1f97d,
07_config_matrix,cfg_fp16_m128n128k16_c512_sw128_fill_use_lastuse_same,1,,NVIDIA Thor,11.0,580.00,13.0,PTX ISA 9.3 / CUDA 13.0,1575.000,,,,fp16,128,128,16,32,128,168,0,fill_use_lastuse,same,4,4,32,1,nocount,sw128,sw128,16,16,16,0,512,0,128,none,0,none,0,4,20,3779416.0,2399.6292063492065,,,,,8192,,17.898462331746494,,,0,0.0,1,bf14b28d2af4128daa99f23eec8a5e105636d0b04136f8be580fdc39d6f1f97d,; UTCHMMA=21;UTCHMMA_WS=16;UTCBAR=1;UTCATOMSWS=3;SYNCS_TRYWAIT=8;LDS=21;LDG=9;ptx_tcgen05_mma=21;ptx_tcgen05_mma_ws=16;ptx_tcgen05_commit=1;ptx_tcgen05_alloc=1;ptx_tcgen05_dealloc=1;ptx_tcgen05_ld=5;ptx_tcgen05_st=5;ptx_mbarrier_wait=5;ptx_cp_async_tma=2;ptx_ld_shared=26;ptx_ld_global=7
07_config_matrix,cfg_fp16_m128n128k16_c512_sw128_fill_use_lastuse_same,1,,NVIDIA Thor,11.0,580.00,13.0,PTX ISA 9.3 / CUDA 13.0,1575.000,,,,fp16,128,128,16,32,128,168,1,fill_use_lastuse,same,4,4,32,1,nocount,sw128,sw128,16,16,16,0,512,0,128,none,0,none,0,4,20,3779416.0,2399.6292063492065,,,,,8192,,17.898462331746494,,,0,0.0,1,bf14b28d2af4128daa99f23eec8a5e105636d0b04136f8be580fdc39d6f1f97d,
07_config_matrix,cfg_fp16_m128n128k16_c512_sw128_fill_use_lastuse_same,1,,NVIDIA Thor,11.0,580.00,13.0,PTX ISA 9.3 / CUDA 13.0,1575.000,,,,fp16,128,128,16,32,128,168,2,fill_use_lastuse,same,4,4,32,1,nocount,sw128,sw128,16,16,16,0,512,0,128,none,0,none,0,4,20,3779417.0,2399.6298412698416,,,,,8192,,17.898457595973134,,,0,0.0,1,bf14b28d2af4128daa99f23eec8a5e105636d0b04136f8be580fdc39d6f1f97d,
07_config_matrix,cfg_fp16_m128n128k16_c512_sw128_fill_use_lastuse_same,1,,NVIDIA Thor,11.0,580.00,13.0,PTX ISA 9.3 / CUDA 13.0,1575.000,,,,fp16,128,128,16,32,128,168,3,fill_use_lastuse,same,4,4,32,1,nocount,sw128,sw128,16,16,16,0,512,0,128,none,0,none,0,4,20,3779415.0,2399.6285714285714,,,,,8192,,17.898467067522354,,,0,0.0,1,bf14b28d2af4128daa99f23eec8a5e105636d0b04136f8be580fdc39d6f1f97d,
07_config_matrix,cfg_fp16_m128n128k16_c512_sw128_fill_use_lastuse_same,1,,NVIDIA Thor,11.0,580.00,13.0,PTX ISA 9.3 / CUDA 13.0,1575.000,,,,fp16,128,128,16,32,128,168,4,fill_use_lastuse,same,4,4,32,1,nocount,sw128,sw128,16,16,16,0,512,0,128,none,0,none,0,4,20,3779413.0,2399.6273015873016,,,,,8192,,17.8984765390816,,,0,0.0,1,bf14b28d2af4128daa99f23eec8a5e105636d0b04136f8be580fdc39d6f1f97d,
07_config_matrix,cfg_fp16_m128n256k16_c256_sw32_fill_use_lastuse_same,1,,NVIDIA Thor,11.0,580.00,13.0,PTX ISA 9.3 / CUDA 13.0,1575.000,,,,fp16,128,256,16,32,128,169,0,fill_use_lastuse,same,1,1,32,1,nocount,sw32,sw32,16,16,16,0,256,0,256,none,0,none,0,4,20,2991479.0,1899.351746031746,,,,,12288,,45.22561242248399,,,0,0.0,1,bf14b28d2af4128daa99f23eec8a5e105636d0b04136f8be580fdc39d6f1f97d,; UTCHMMA=21;UTCHMMA_WS=16;UTCBAR=1;UTCATOMSWS=3;SYNCS_TRYWAIT=8;LDS=21;LDG=9;ptx_tcgen05_mma=21;ptx_tcgen05_mma_ws=16;ptx_tcgen05_commit=1;ptx_tcgen05_alloc=1;ptx_tcgen05_dealloc=1;ptx_tcgen05_ld=5;ptx_tcgen05_st=5;ptx_mbarrier_wait=5;ptx_cp_async_tma=2;ptx_ld_shared=26;ptx_ld_global=7
07_config_matrix,cfg_fp16_m128n256k16_c256_sw32_fill_use_lastuse_same,1,,NVIDIA Thor,11.0,580.00,13.0,PTX ISA 9.3 / CUDA 13.0,1575.000,,,,fp16,128,256,16,32,128,169,1,fill_use_lastuse,same,1,1,32,1,nocount,sw32,sw32,16,16,16,0,256,0,256,none,0,none,0,4,20,2991482.0,1899.3536507936508,,,,,12288,,45.225567068095344,,,0,0.0,1,bf14b28d2af4128daa99f23eec8a5e105636d0b04136f8be580fdc39d6f1f97d,
07_config_matrix,cfg_fp16_m128n256k16_c256_sw32_fill_use_lastuse_same,1,,NVIDIA Thor,11.0,580.00,13.0,PTX ISA 9.3 / CUDA 13.0,1575.000,,,,fp16,128,256,16,32,128,169,2,fill_use_lastuse,same,1,1,32,1,nocount,sw32,sw32,16,16,16,0,256,0,256,none,0,none,0,4,20,2991482.0,1899.3536507936508,,,,,12288,,45.225567068095344,,,0,0.0,1,bf14b28d2af4128daa99f23eec8a5e105636d0b04136f8be580fdc39d6f1f97d,
07_config_matrix,cfg_fp16_m128n256k16_c256_sw32_fill_use_lastuse_same,1,,NVIDIA Thor,11.0,580.00,13.0,PTX ISA 9.3 / CUDA 13.0,1575.000,,,,fp16,128,256,16,32,128,169,3,fill_use_lastuse,same,1,1,32,1,nocount,sw32,sw32,16,16,16,0,256,0,256,none,0,none,0,4,20,2991483.0,1899.3542857142859,,,,,12288,,45.225551949986006,,,0,0.0,1,bf14b28d2af4128daa99f23eec8a5e105636d0b04136f8be580fdc39d6f1f97d,
07_config_matrix,cfg_fp16_m128n256k16_c256_sw32_fill_use_lastuse_same,1,,NVIDIA Thor,11.0,580.00,13.0,PTX ISA 9.3 / CUDA 13.0,1575.000,,,,fp16,128,256,16,32,128,169,4,fill_use_lastuse,same,1,1,32,1,nocount,sw32,sw32,16,16,16,0,256,0,256,none,0,none,0,4,20,2991479.0,1899.351746031746,,,,,12288,,45.22561242248399,,,0,0.0,1,bf14b28d2af4128daa99f23eec8a5e105636d0b04136f8be580fdc39d6f1f97d,
07_config_matrix,cfg_fp16_m128n256k16_c512_sw32_fill_use_lastuse_pingpong,1,,NVIDIA Thor,11.0,580.00,13.0,PTX ISA 9.3 / CUDA 13.0,1575.000,,,,fp16,128,256,16,32,128,170,0,fill_use_lastuse,pingpong,2,2,32,1,nocount,sw32,sw32,16,16,16,0,512,0,256,none,0,none,0,4,20,3487732.0,2214.433015873016,,,,,12288,,38.790672512681596,,,0,0.0,1,bf14b28d2af4128daa99f23eec8a5e105636d0b04136f8be580fdc39d6f1f97d,; UTCHMMA=21;UTCHMMA_WS=16;UTCBAR=1;UTCATOMSWS=3;SYNCS_TRYWAIT=8;LDS=21;LDG=9;ptx_tcgen05_mma=21;ptx_tcgen05_mma_ws=16;ptx_tcgen05_commit=1;ptx_tcgen05_alloc=1;ptx_tcgen05_dealloc=1;ptx_tcgen05_ld=5;ptx_tcgen05_st=5;ptx_mbarrier_wait=5;ptx_cp_async_tma=2;ptx_ld_shared=26;ptx_ld_global=7
07_config_matrix,cfg_fp16_m128n256k16_c512_sw32_fill_use_lastuse_pingpong,1,,NVIDIA Thor,11.0,580.00,13.0,PTX ISA 9.3 / CUDA 13.0,1575.000,,,,fp16,128,256,16,32,128,170,1,fill_use_lastuse,pingpong,2,2,32,1,nocount,sw32,sw32,16,16,16,0,512,0,256,none,0,none,0,4,20,3487731.0,2214.4323809523808,,,,,12288,,38.79068363471839,,,0,0.0,1,bf14b28d2af4128daa99f23eec8a5e105636d0b04136f8be580fdc39d6f1f97d,
07_config_matrix,cfg_fp16_m128n256k16_c512_sw32_fill_use_lastuse_pingpong,1,,NVIDIA Thor,11.0,580.00,13.0,PTX ISA 9.3 / CUDA 13.0,1575.000,,,,fp16,128,256,16,32,128,170,2,fill_use_lastuse,pingpong,2,2,32,1,nocount,sw32,sw32,16,16,16,0,512,0,256,none,0,none,0,4,20,3487741.0,2214.4387301587303,,,,,12288,,38.79057241463744,,,0,0.0,1,bf14b28d2af4128daa99f23eec8a5e105636d0b04136f8be580fdc39d6f1f97d,
07_config_matrix,cfg_fp16_m128n256k16_c512_sw32_fill_use_lastuse_pingpong,1,,NVIDIA Thor,11.0,580.00,13.0,PTX ISA 9.3 / CUDA 13.0,1575.000,,,,fp16,128,256,16,32,128,170,3,fill_use_lastuse,pingpong,2,2,32,1,nocount,sw32,sw32,16,16,16,0,512,0,256,none,0,none,0,4,20,3487734.0,2214.4342857142856,,,,,12288,,38.79065026862714,,,0,0.0,1,bf14b28d2af4128daa99f23eec8a5e105636d0b04136f8be580fdc39d6f1f97d,
07_config_matrix,cfg_fp16_m128n256k16_c512_sw32_fill_use_lastuse_pingpong,1,,NVIDIA Thor,11.0,580.00,13.0,PTX ISA 9.3 / CUDA 13.0,1575.000,,,,fp16,128,256,16,32,128,170,4,fill_use_lastuse,pingpong,2,2,32,1,nocount,sw32,sw32,16,16,16,0,512,0,256,none,0,none,0,4,20,3487737.0,2214.4361904761904,,,,,12288,,38.79061690259328,,,0,0.0,1,bf14b28d2af4128daa99f23eec8a5e105636d0b04136f8be580fdc39d6f1f97d,
07_config_matrix,cfg_bf16_m128n64k16_c256_sw128_fill_use_lastuse_same,1,,NVIDIA Thor,11.0,580.00,13.0,PTX ISA 9.3 / CUDA 13.0,1575.000,,,,bf16,128,64,16,32,128,171,0,fill_use_lastuse,same,4,4,32,1,nocount,sw128,sw128,16,16,16,0,256,0,64,none,0,none,0,4,20,3779298.0,2399.554285714286,,,,,6144,,8.949510585299175,,,0,0.0,1,bf14b28d2af4128daa99f23eec8a5e105636d0b04136f8be580fdc39d6f1f97d,; UTCHMMA=21;UTCHMMA_WS=16;UTCBAR=1;UTCATOMSWS=3;SYNCS_TRYWAIT=8;LDS=21;LDG=9;ptx_tcgen05_mma=21;ptx_tcgen05_mma_ws=16;ptx_tcgen05_commit=1;ptx_tcgen05_alloc=1;ptx_tcgen05_dealloc=1;ptx_tcgen05_ld=5;ptx_tcgen05_st=5;ptx_mbarrier_wait=5;ptx_cp_async_tma=2;ptx_ld_shared=26;ptx_ld_global=7
07_config_matrix,cfg_bf16_m128n64k16_c256_sw128_fill_use_lastuse_same,1,,NVIDIA Thor,11.0,580.00,13.0,PTX ISA 9.3 / CUDA 13.0,1575.000,,,,bf16,128,64,16,32,128,171,1,fill_use_lastuse,same,4,4,32,1,nocount,sw128,sw128,16,16,16,0,256,0,64,none,0,none,0,4,20,3779303.0,2399.5574603174605,,,,,6144,,8.949498745138984,,,0,0.0,1,bf14b28d2af4128daa99f23eec8a5e105636d0b04136f8be580fdc39d6f1f97d,
07_config_matrix,cfg_bf16_m128n64k16_c256_sw128_fill_use_lastuse_same,1,,NVIDIA Thor,11.0,580.00,13.0,PTX ISA 9.3 / CUDA 13.0,1575.000,,,,bf16,128,64,16,32,128,171,2,fill_use_lastuse,same,4,4,32,1,nocount,sw128,sw128,16,16,16,0,256,0,64,none,0,none,0,4,20,3779296.0,2399.553015873016,,,,,6144,,8.949515321372022,,,0,0.0,1,bf14b28d2af4128daa99f23eec8a5e105636d0b04136f8be580fdc39d6f1f97d,
07_config_matrix,cfg_bf16_m128n64k16_c256_sw128_fill_use_lastuse_same,1,,NVIDIA Thor,11.0,580.00,13.0,PTX ISA 9.3 / CUDA 13.0,1575.000,,,,bf16,128,64,16,32,128,171,3,fill_use_lastuse,same,4,4,32,1,nocount,sw128,sw128,16,16,16,0,256,0,64,none,0,none,0,4,20,3779295.0,2399.5523809523806,,,,,6144,,8.949517689410326,,,0,0.0,1,bf14b28d2af4128daa99f23eec8a5e105636d0b04136f8be580fdc39d6f1f97d,
07_config_matrix,cfg_bf16_m128n64k16_c256_sw128_fill_use_lastuse_same,1,,NVIDIA Thor,11.0,580.00,13.0,PTX ISA 9.3 / CUDA 13.0,1575.000,,,,bf16,128,64,16,32,128,171,4,fill_use_lastuse,same,4,4,32,1,nocount,sw128,sw128,16,16,16,0,256,0,64,none,0,none,0,4,20,3779293.0,2399.551111111111,,,,,6144,,8.949522425490693,,,0,0.0,1,bf14b28d2af4128daa99f23eec8a5e105636d0b04136f8be580fdc39d6f1f97d,
07_config_matrix,cfg_fp16_m128n64k16_c128_sw64_fill_use_lastuse_pingpong,1,,NVIDIA Thor,11.0,580.00,13.0,PTX ISA 9.3 / CUDA 13.0,1575.000,,,,fp16,128,64,16,32,128,172,0,fill_use_lastuse,pingpong,2,2,32,1,nocount,sw64,sw64,16,16,16,0,128,0,64,none,0,none,0,4,20,3664472.0,2326.648888888889,,,,,6144,,9.229942937481853,,,0,0.0,1,bf14b28d2af4128daa99f23eec8a5e105636d0b04136f8be580fdc39d6f1f97d,; UTCHMMA=21;UTCHMMA_WS=16;UTCBAR=1;UTCATOMSWS=3;SYNCS_TRYWAIT=8;LDS=21;LDG=9;ptx_tcgen05_mma=21;ptx_tcgen05_mma_ws=16;ptx_tcgen05_commit=1;ptx_tcgen05_alloc=1;ptx_tcgen05_dealloc=1;ptx_tcgen05_ld=5;ptx_tcgen05_st=5;ptx_mbarrier_wait=5;ptx_cp_async_tma=2;ptx_ld_shared=26;ptx_ld_global=7
07_config_matrix,cfg_fp16_m128n64k16_c128_sw64_fill_use_lastuse_pingpong,1,,NVIDIA Thor,11.0,580.00,13.0,PTX ISA 9.3 / CUDA 13.0,1575.000,,,,fp16,128,64,16,32,128,172,1,fill_use_lastuse,pingpong,2,2,32,1,nocount,sw64,sw64,16,16,16,0,128,0,64,none,0,none,0,4,20,3664587.0,2326.7219047619046,,,,,6144,,9.22965328862434,,,0,0.0,1,bf14b28d2af4128daa99f23eec8a5e105636d0b04136f8be580fdc39d6f1f97d,
07_config_matrix,cfg_fp16_m128n64k16_c128_sw64_fill_use_lastuse_pingpong,1,,NVIDIA Thor,11.0,580.00,13.0,PTX ISA 9.3 / CUDA 13.0,1575.000,,,,fp16,128,64,16,32,128,172,2,fill_use_lastuse,pingpong,2,2,32,1,nocount,sw64,sw64,16,16,16,0,128,0,64,none,0,none,0,4,20,3664482.0,2326.655238095238,,,,,6144,,9.229917749902988,,,0,0.0,1,bf14b28d2af4128daa99f23eec8a5e105636d0b04136f8be580fdc39d6f1f97d,
07_config_matrix,cfg_fp16_m128n64k16_c128_sw64_fill_use_lastuse_pingpong,1,,NVIDIA Thor,11.0,580.00,13.0,PTX ISA 9.3 / CUDA 13.0,1575.000,,,,fp16,128,64,16,32,128,172,3,fill_use_lastuse,pingpong,2,2,32,1,nocount,sw64,sw64,16,16,16,0,128,0,64,none,0,none,0,4,20,3664590.0,2326.72380952381,,,,,6144,,9.229645732810491,,,0,0.0,1,bf14b28d2af4128daa99f23eec8a5e105636d0b04136f8be580fdc39d6f1f97d,
07_config_matrix,cfg_fp16_m128n64k16_c128_sw64_fill_use_lastuse_pingpong,1,,NVIDIA Thor,11.0,580.00,13.0,PTX ISA 9.3 / CUDA 13.0,1575.000,,,,fp16,128,64,16,32,128,172,4,fill_use_lastuse,pingpong,2,2,32,1,nocount,sw64,sw64,16,16,16,0,128,0,64,none,0,none,0,4,20,3664484.0,2326.6565079365078,,,,,6144,,9.229912712403712,,,0,0.0,1,bf14b28d2af4128daa99f23eec8a5e105636d0b04136f8be580fdc39d6f1f97d,
07_config_matrix,cfg_fp16_m128n256k16_c256_sw32_fill_use_lastuse_pingpong,1,,NVIDIA Thor,11.0,580.00,13.0,PTX ISA 9.3 / CUDA 13.0,1575.000,,,,fp16,128,256,16,32,128,173,0,fill_use_lastuse,pingpong,1,1,32,1,nocount,sw32,sw32,16,16,16,0,256,0,256,none,0,none,0,4,20,2991485.0,1899.3555555555554,,,,,12288,,45.22552171379766,,,0,0.0,1,bf14b28d2af4128daa99f23eec8a5e105636d0b04136f8be580fdc39d6f1f97d,; UTCHMMA=21;UTCHMMA_WS=16;UTCBAR=1;UTCATOMSWS=3;SYNCS_TRYWAIT=8;LDS=21;LDG=9;ptx_tcgen05_mma=21;ptx_tcgen05_mma_ws=16;ptx_tcgen05_commit=1;ptx_tcgen05_alloc=1;ptx_tcgen05_dealloc=1;ptx_tcgen05_ld=5;ptx_tcgen05_st=5;ptx_mbarrier_wait=5;ptx_cp_async_tma=2;ptx_ld_shared=26;ptx_ld_global=7
07_config_matrix,cfg_fp16_m128n256k16_c256_sw32_fill_use_lastuse_pingpong,1,,NVIDIA Thor,11.0,580.00,13.0,PTX ISA 9.3 / CUDA 13.0,1575.000,,,,fp16,128,256,16,32,128,173,1,fill_use_lastuse,pingpong,1,1,32,1,nocount,sw32,sw32,16,16,16,0,256,0,256,none,0,none,0,4,20,2991484.0,1899.3549206349205,,,,,12288,,45.22553683188679,,,0,0.0,1,bf14b28d2af4128daa99f23eec8a5e105636d0b04136f8be580fdc39d6f1f97d,
07_config_matrix,cfg_fp16_m128n256k16_c256_sw32_fill_use_lastuse_pingpong,1,,NVIDIA Thor,11.0,580.00,13.0,PTX ISA 9.3 / CUDA 13.0,1575.000,,,,fp16,128,256,16,32,128,173,2,fill_use_lastuse,pingpong,1,1,32,1,nocount,sw32,sw32,16,16,16,0,256,0,256,none,0,none,0,4,20,2991484.0,1899.3549206349205,,,,,12288,,45.22553683188679,,,0,0.0,1,bf14b28d2af4128daa99f23eec8a5e105636d0b04136f8be580fdc39d6f1f97d,
07_config_matrix,cfg_fp16_m128n256k16_c256_sw32_fill_use_lastuse_pingpong,1,,NVIDIA Thor,11.0,580.00,13.0,PTX ISA 9.3 / CUDA 13.0,1575.000,,,,fp16,128,256,16,32,128,173,3,fill_use_lastuse,pingpong,1,1,32,1,nocount,sw32,sw32,16,16,16,0,256,0,256,none,0,none,0,4,20,2991488.0,1899.3574603174602,,,,,12288,,45.22547635959094,,,0,0.0,1,bf14b28d2af4128daa99f23eec8a5e105636d0b04136f8be580fdc39d6f1f97d,
07_config_matrix,cfg_fp16_m128n256k16_c256_sw32_fill_use_lastuse_pingpong,1,,NVIDIA Thor,11.0,580.00,13.0,PTX ISA 9.3 / CUDA 13.0,1575.000,,,,fp16,128,256,16,32,128,173,4,fill_use_lastuse,pingpong,1,1,32,1,nocount,sw32,sw32,16,16,16,0,256,0,256,none,0,none,0,4,20,2991481.0,1899.353015873016,,,,,12288,,45.22558218621479,,,0,0.0,1,bf14b28d2af4128daa99f23eec8a5e105636d0b04136f8be580fdc39d6f1f97d,
07_config_matrix,cfg_fp16_m128n64k16_c256_none_fill_use_lastuse_pingpong,0,max_abs_error>0.05,NVIDIA Thor,11.0,580.00,13.0,PTX ISA 9.3 / CUDA 13.0,1575.000,,,,fp16,128,64,16,32,128,174,0,fill_use_lastuse,pingpong,4,4,32,1,nocount,none,none,16,16,16,0,256,0,64,none,0,none,0,4,20,3779300.0,2399.555555555555,,,,,6144,,8.94950584923134,,,0,0.83203125,1,bf14b28d2af4128daa99f23eec8a5e105636d0b04136f8be580fdc39d6f1f97d,; UTCHMMA=21;UTCHMMA_WS=16;UTCBAR=1;UTCATOMSWS=3;SYNCS_TRYWAIT=8;LDS=21;LDG=9;ptx_tcgen05_mma=21;ptx_tcgen05_mma_ws=16;ptx_tcgen05_commit=1;ptx_tcgen05_alloc=1;ptx_tcgen05_dealloc=1;ptx_tcgen05_ld=5;ptx_tcgen05_st=5;ptx_mbarrier_wait=5;ptx_cp_async_tma=2;ptx_ld_shared=26;ptx_ld_global=7
07_config_matrix,cfg_fp16_m128n64k16_c256_none_fill_use_lastuse_pingpong,0,max_abs_error>0.05,NVIDIA Thor,11.0,580.00,13.0,PTX ISA 9.3 / CUDA 13.0,1575.000,,,,fp16,128,64,16,32,128,174,1,fill_use_lastuse,pingpong,4,4,32,1,nocount,none,none,16,16,16,0,256,0,64,none,0,none,0,4,20,3779297.0,2399.553650793651,,,,,6144,,8.949512953334972,,,0,0.83203125,1,bf14b28d2af4128daa99f23eec8a5e105636d0b04136f8be580fdc39d6f1f97d,
07_config_matrix,cfg_fp16_m128n64k16_c256_none_fill_use_lastuse_pingpong,0,max_abs_error>0.05,NVIDIA Thor,11.0,580.00,13.0,PTX ISA 9.3 / CUDA 13.0,1575.000,,,,fp16,128,64,16,32,128,174,2,fill_use_lastuse,pingpong,4,4,32,1,nocount,none,none,16,16,16,0,256,0,64,none,0,none,0,4,20,3779308.0,2399.560634920635,,,,,6144,,8.949486905010122,,,0,0.83203125,1,bf14b28d2af4128daa99f23eec8a5e105636d0b04136f8be580fdc39d6f1f97d,
07_config_matrix,cfg_fp16_m128n64k16_c256_none_fill_use_lastuse_pingpong,0,max_abs_error>0.05,NVIDIA Thor,11.0,580.00,13.0,PTX ISA 9.3 / CUDA 13.0,1575.000,,,,fp16,128,64,16,32,128,174,3,fill_use_lastuse,pingpong,4,4,32,1,nocount,none,none,16,16,16,0,256,0,64,none,0,none,0,4,20,3779302.0,2399.5568253968254,,,,,6144,,8.949501113168518,,,0,0.83203125,1,bf14b28d2af4128daa99f23eec8a5e105636d0b04136f8be580fdc39d6f1f97d,
07_config_matrix,cfg_fp16_m128n64k16_c256_none_fill_use_lastuse_pingpong,0,max_abs_error>0.05,NVIDIA Thor,11.0,580.00,13.0,PTX ISA 9.3 / CUDA 13.0,1575.000,,,,fp16,128,64,16,32,128,174,4,fill_use_lastuse,pingpong,4,4,32,1,nocount,none,none,16,16,16,0,256,0,64,none,0,none,0,4,20,3779304.0,2399.558095238095,,,,,6144,,8.949496377110707,,,0,0.83203125,1,bf14b28d2af4128daa99f23eec8a5e105636d0b04136f8be580fdc39d6f1f97d,
07_config_matrix,cfg_fp16_m128n64k16_c256_sw128_discard_pingpong,1,,NVIDIA Thor,11.0,580.00,13.0,PTX ISA 9.3 / CUDA 13.0,1575.000,,,,fp16,128,64,16,32,128,175,0,discard,pingpong,4,4,32,1,nocount,sw128,sw128,16,16,16,0,256,0,64,none,0,none,0,4,20,3678580.0,2335.606349206349,,,,,6144,,9.194544486187606,,,0,0.0,1,bf14b28d2af4128daa99f23eec8a5e105636d0b04136f8be580fdc39d6f1f97d,; UTCHMMA=21;UTCHMMA_WS=16;UTCBAR=1;UTCATOMSWS=3;SYNCS_TRYWAIT=8;LDS=21;LDG=9;ptx_tcgen05_mma=21;ptx_tcgen05_mma_ws=16;ptx_tcgen05_commit=1;ptx_tcgen05_alloc=1;ptx_tcgen05_dealloc=1;ptx_tcgen05_ld=5;ptx_tcgen05_st=5;ptx_mbarrier_wait=5;ptx_cp_async_tma=2;ptx_ld_shared=26;ptx_ld_global=7
07_config_matrix,cfg_fp16_m128n64k16_c256_sw128_discard_pingpong,1,,NVIDIA Thor,11.0,580.00,13.0,PTX ISA 9.3 / CUDA 13.0,1575.000,,,,fp16,128,64,16,32,128,175,1,discard,pingpong,4,4,32,1,nocount,sw128,sw128,16,16,16,0,256,0,64,none,0,none,0,4,20,3678625.0,2335.634920634921,,,,,6144,,9.194432010873626,,,0,0.0,1,bf14b28d2af4128daa99f23eec8a5e105636d0b04136f8be580fdc39d6f1f97d,
07_config_matrix,cfg_fp16_m128n64k16_c256_sw128_discard_pingpong,1,,NVIDIA Thor,11.0,580.00,13.0,PTX ISA 9.3 / CUDA 13.0,1575.000,,,,fp16,128,64,16,32,128,175,2,discard,pingpong,4,4,32,1,nocount,sw128,sw128,16,16,16,0,256,0,64,none,0,none,0,4,20,3678579.0,2335.6057142857144,,,,,6144,,9.19454698567028,,,0,0.0,1,bf14b28d2af4128daa99f23eec8a5e105636d0b04136f8be580fdc39d6f1f97d,
07_config_matrix,cfg_fp16_m128n64k16_c256_sw128_discard_pingpong,1,,NVIDIA Thor,11.0,580.00,13.0,PTX ISA 9.3 / CUDA 13.0,1575.000,,,,fp16,128,64,16,32,128,175,3,discard,pingpong,4,4,32,1,nocount,sw128,sw128,16,16,16,0,256,0,64,none,0,none,0,4,20,3678582.0,2335.607619047619,,,,,6144,,9.194539487226328,,,0,0.0,1,bf14b28d2af4128daa99f23eec8a5e105636d0b04136f8be580fdc39d6f1f97d,
07_config_matrix,cfg_fp16_m128n64k16_c256_sw128_discard_pingpong,1,,NVIDIA Thor,11.0,580.00,13.0,PTX ISA 9.3 / CUDA 13.0,1575.000,,,,fp16,128,64,16,32,128,175,4,discard,pingpong,4,4,32,1,nocount,sw128,sw128,16,16,16,0,256,0,64,none,0,none,0,4,20,3678577.0,2335.6044444444447,,,,,6144,,9.194551984639713,,,0,0.0,1,bf14b28d2af4128daa99f23eec8a5e105636d0b04136f8be580fdc39d6f1f97d,
07_config_matrix,cfg_bf16_m128n256k16_c256_sw128_fill_use_lastuse_same,1,,NVIDIA Thor,11.0,580.00,13.0,PTX ISA 9.3 / CUDA 13.0,1575.000,,,,bf16,128,256,16,32,128,176,0,fill_use_lastuse,same,1,1,32,1,nocount,sw128,sw128,16,16,16,0,256,0,256,none,0,none,0,4,20,3282534.0,2084.148571428572,,,,,12288,,41.2155578050372,,,0,0.0,1,bf14b28d2af4128daa99f23eec8a5e105636d0b04136f8be580fdc39d6f1f97d,; UTCHMMA=21;UTCHMMA_WS=16;UTCBAR=1;UTCATOMSWS=3;SYNCS_TRYWAIT=8;LDS=21;LDG=9;ptx_tcgen05_mma=21;ptx_tcgen05_mma_ws=16;ptx_tcgen05_commit=1;ptx_tcgen05_alloc=1;ptx_tcgen05_dealloc=1;ptx_tcgen05_ld=5;ptx_tcgen05_st=5;ptx_mbarrier_wait=5;ptx_cp_async_tma=2;ptx_ld_shared=26;ptx_ld_global=7
07_config_matrix,cfg_bf16_m128n256k16_c256_sw128_fill_use_lastuse_same,1,,NVIDIA Thor,11.0,580.00,13.0,PTX ISA 9.3 / CUDA 13.0,1575.000,,,,bf16,128,256,16,32,128,176,1,fill_use_lastuse,same,1,1,32,1,nocount,sw128,sw128,16,16,16,0,256,0,256,none,0,none,0,4,20,3282542.0,2084.1536507936507,,,,,12288,,41.21545735713359,,,0,0.0,1,bf14b28d2af4128daa99f23eec8a5e105636d0b04136f8be580fdc39d6f1f97d,
07_config_matrix,cfg_bf16_m128n256k16_c256_sw128_fill_use_lastuse_same,1,,NVIDIA Thor,11.0,580.00,13.0,PTX ISA 9.3 / CUDA 13.0,1575.000,,,,bf16,128,256,16,32,128,176,2,fill_use_lastuse,same,1,1,32,1,nocount,sw128,sw128,16,16,16,0,256,0,256,none,0,none,0,4,20,3282538.0,2084.151111111111,,,,,12288,,41.2155075810242,,,0,0.0,1,bf14b28d2af4128daa99f23eec8a5e105636d0b04136f8be580fdc39d6f1f97d,
07_config_matrix,cfg_bf16_m128n256k16_c256_sw128_fill_use_lastuse_same,1,,NVIDIA Thor,11.0,580.00,13.0,PTX ISA 9.3 / CUDA 13.0,1575.000,,,,bf16,128,256,16,32,128,176,3,fill_use_lastuse,same,1,1,32,1,nocount,sw128,sw128,16,16,16,0,256,0,256,none,0,none,0,4,20,3282546.0,2084.1561904761907,,,,,12288,,41.21540713336538,,,0,0.0,1,bf14b28d2af4128daa99f23eec8a5e105636d0b04136f8be580fdc39d6f1f97d,
07_config_matrix,cfg_bf16_m128n256k16_c256_sw128_fill_use_lastuse_same,1,,NVIDIA Thor,11.0,580.00,13.0,PTX ISA 9.3 / CUDA 13.0,1575.000,,,,bf16,128,256,16,32,128,176,4,fill_use_lastuse,same,1,1,32,1,nocount,sw128,sw128,16,16,16,0,256,0,256,none,0,none,0,4,20,3282540.0,2084.152380952381,,,,,12288,,41.215482469063595,,,0,0.0,1,bf14b28d2af4128daa99f23eec8a5e105636d0b04136f8be580fdc39d6f1f97d,
07_config_matrix,cfg_fp16_m128n256k16_c256_sw128_fill_use_lastuse_pingpong,1,,NVIDIA Thor,11.0,580.00,13.0,PTX ISA 9.3 / CUDA 13.0,1575.000,,,,fp16,128,256,16,32,128,177,0,fill_use_lastuse,pingpong,1,1,32,1,nocount,sw128,sw128,16,16,16,0,256,0,256,none,0,none,0,4,20,3282537.0,2084.150476190476,,,,,12288,,41.21552013701597,,,0,0.0,1,bf14b28d2af4128daa99f23eec8a5e105636d0b04136f8be580fdc39d6f1f97d,; UTCHMMA=21;UTCHMMA_WS=16;UTCBAR=1;UTCATOMSWS=3;SYNCS_TRYWAIT=8;LDS=21;LDG=9;ptx_tcgen05_mma=21;ptx_tcgen05_mma_ws=16;ptx_tcgen05_commit=1;ptx_tcgen05_alloc=1;ptx_tcgen05_dealloc=1;ptx_tcgen05_ld=5;ptx_tcgen05_st=5;ptx_mbarrier_wait=5;ptx_cp_async_tma=2;ptx_ld_shared=26;ptx_ld_global=7
07_config_matrix,cfg_fp16_m128n256k16_c256_sw128_fill_use_lastuse_pingpong,1,,NVIDIA Thor,11.0,580.00,13.0,PTX ISA 9.3 / CUDA 13.0,1575.000,,,,fp16,128,256,16,32,128,177,1,fill_use_lastuse,pingpong,1,1,32,1,nocount,sw128,sw128,16,16,16,0,256,0,256,none,0,none,0,4,20,3282541.0,2084.153015873016,,,,,12288,,41.21546991309476,,,0,0.0,1,bf14b28d2af4128daa99f23eec8a5e105636d0b04136f8be580fdc39d6f1f97d,
07_config_matrix,cfg_fp16_m128n256k16_c256_sw128_fill_use_lastuse_pingpong,1,,NVIDIA Thor,11.0,580.00,13.0,PTX ISA 9.3 / CUDA 13.0,1575.000,,,,fp16,128,256,16,32,128,177,2,fill_use_lastuse,pingpong,1,1,32,1,nocount,sw128,sw128,16,16,16,0,256,0,256,none,0,none,0,4,20,3282553.0,2084.160634920635,,,,,12288,,41.21531924206555,,,0,0.0,1,bf14b28d2af4128daa99f23eec8a5e105636d0b04136f8be580fdc39d6f1f97d,
07_config_matrix,cfg_fp16_m128n256k16_c256_sw128_fill_use_lastuse_pingpong,1,,NVIDIA Thor,11.0,580.00,13.0,PTX ISA 9.3 / CUDA 13.0,1575.000,,,,fp16,128,256,16,32,128,177,3,fill_use_lastuse,pingpong,1,1,32,1,nocount,sw128,sw128,16,16,16,0,256,0,256,none,0,none,0,4,20,3282534.0,2084.148571428572,,,,,12288,,41.2155578050372,,,0,0.0,1,bf14b28d2af4128daa99f23eec8a5e105636d0b04136f8be580fdc39d6f1f97d,
07_config_matrix,cfg_fp16_m128n256k16_c256_sw128_fill_use_lastuse_pingpong,1,,NVIDIA Thor,11.0,580.00,13.0,PTX ISA 9.3 / CUDA 13.0,1575.000,,,,fp16,128,256,16,32,128,177,4,fill_use_lastuse,pingpong,1,1,32,1,nocount,sw128,sw128,16,16,16,0,256,0,256,none,0,none,0,4,20,3282540.0,2084.152380952381,,,,,12288,,41.215482469063595,,,0,0.0,1,bf14b28d2af4128daa99f23eec8a5e105636d0b04136f8be580fdc39d6f1f97d,
07_config_matrix,cfg_bf16_m128n64k16_c256_none_fill_use_lastuse_same,0,max_abs_error>0.25,NVIDIA Thor,11.0,580.00,13.0,PTX ISA 9.3 / CUDA 13.0,1575.000,,,,bf16,128,64,16,32,128,178,0,fill_use_lastuse,same,4,4,32,1,nocount,none,none,16,16,16,0,256,0,64,none,0,none,0,4,20,3779302.0,2399.5568253968254,,,,,6144,,8.949501113168518,,,0,0.83203125,1,bf14b28d2af4128daa99f23eec8a5e105636d0b04136f8be580fdc39d6f1f97d,; UTCHMMA=21;UTCHMMA_WS=16;UTCBAR=1;UTCATOMSWS=3;SYNCS_TRYWAIT=8;LDS=21;LDG=9;ptx_tcgen05_mma=21;ptx_tcgen05_mma_ws=16;ptx_tcgen05_commit=1;ptx_tcgen05_alloc=1;ptx_tcgen05_dealloc=1;ptx_tcgen05_ld=5;ptx_tcgen05_st=5;ptx_mbarrier_wait=5;ptx_cp_async_tma=2;ptx_ld_shared=26;ptx_ld_global=7
07_config_matrix,cfg_bf16_m128n64k16_c256_none_fill_use_lastuse_same,0,max_abs_error>0.25,NVIDIA Thor,11.0,580.00,13.0,PTX ISA 9.3 / CUDA 13.0,1575.000,,,,bf16,128,64,16,32,128,178,1,fill_use_lastuse,same,4,4,32,1,nocount,none,none,16,16,16,0,256,0,64,none,0,none,0,4,20,3779303.0,2399.5574603174605,,,,,6144,,8.949498745138984,,,0,0.83203125,1,bf14b28d2af4128daa99f23eec8a5e105636d0b04136f8be580fdc39d6f1f97d,
07_config_matrix,cfg_bf16_m128n64k16_c256_none_fill_use_lastuse_same,0,max_abs_error>0.25,NVIDIA Thor,11.0,580.00,13.0,PTX ISA 9.3 / CUDA 13.0,1575.000,,,,bf16,128,64,16,32,128,178,2,fill_use_lastuse,same,4,4,32,1,nocount,none,none,16,16,16,0,256,0,64,none,0,none,0,4,20,3779300.0,2399.555555555555,,,,,6144,,8.94950584923134,,,0,0.83203125,1,bf14b28d2af4128daa99f23eec8a5e105636d0b04136f8be580fdc39d6f1f97d,
07_config_matrix,cfg_bf16_m128n64k16_c256_none_fill_use_lastuse_same,0,max_abs_error>0.25,NVIDIA Thor,11.0,580.00,13.0,PTX ISA 9.3 / CUDA 13.0,1575.000,,,,bf16,128,64,16,32,128,178,3,fill_use_lastuse,same,4,4,32,1,nocount,none,none,16,16,16,0,256,0,64,none,0,none,0,4,20,3779302.0,2399.5568253968254,,,,,6144,,8.949501113168518,,,0,0.83203125,1,bf14b28d2af4128daa99f23eec8a5e105636d0b04136f8be580fdc39d6f1f97d,
07_config_matrix,cfg_bf16_m128n64k16_c256_none_fill_use_lastuse_same,0,max_abs_error>0.25,NVIDIA Thor,11.0,580.00,13.0,PTX ISA 9.3 / CUDA 13.0,1575.000,,,,bf16,128,64,16,32,128,178,4,fill_use_lastuse,same,4,4,32,1,nocount,none,none,16,16,16,0,256,0,64,none,0,none,0,4,20,3779294.0,2399.551746031746,,,,,6144,,8.949520057449883,,,0,0.83203125,1,bf14b28d2af4128daa99f23eec8a5e105636d0b04136f8be580fdc39d6f1f97d,
07_config_matrix,cfg_fp16_m128n64k16_c512_sw128_fill_use_lastuse_pingpong,1,,NVIDIA Thor,11.0,580.00,13.0,PTX ISA 9.3 / CUDA 13.0,1575.000,,,,fp16,128,64,16,32,128,179,0,fill_use_lastuse,pingpong,8,8,32,1,nocount,sw128,sw128,16,16,16,0,512,0,64,none,0,none,0,4,20,3779299.0,2399.5549206349206,,,,,6144,,8.949508217264631,,,0,0.0,1,bf14b28d2af4128daa99f23eec8a5e105636d0b04136f8be580fdc39d6f1f97d,; UTCHMMA=21;UTCHMMA_WS=16;UTCBAR=1;UTCATOMSWS=3;SYNCS_TRYWAIT=8;LDS=21;LDG=9;ptx_tcgen05_mma=21;ptx_tcgen05_mma_ws=16;ptx_tcgen05_commit=1;ptx_tcgen05_alloc=1;ptx_tcgen05_dealloc=1;ptx_tcgen05_ld=5;ptx_tcgen05_st=5;ptx_mbarrier_wait=5;ptx_cp_async_tma=2;ptx_ld_shared=26;ptx_ld_global=7
07_config_matrix,cfg_fp16_m128n64k16_c512_sw128_fill_use_lastuse_pingpong,1,,NVIDIA Thor,11.0,580.00,13.0,PTX ISA 9.3 / CUDA 13.0,1575.000,,,,fp16,128,64,16,32,128,179,1,fill_use_lastuse,pingpong,8,8,32,1,nocount,sw128,sw128,16,16,16,0,512,0,64,none,0,none,0,4,20,3779305.0,2399.55873015873,,,,,6144,,8.94949400908368,,,0,0.0,1,bf14b28d2af4128daa99f23eec8a5e105636d0b04136f8be580fdc39d6f1f97d,
07_config_matrix,cfg_fp16_m128n64k16_c512_sw128_fill_use_lastuse_pingpong,1,,NVIDIA Thor,11.0,580.00,13.0,PTX ISA 9.3 / CUDA 13.0,1575.000,,,,fp16,128,64,16,32,128,179,2,fill_use_lastuse,pingpong,8,8,32,1,nocount,sw128,sw128,16,16,16,0,512,0,64,none,0,none,0,4,20,3779297.0,2399.553650793651,,,,,6144,,8.949512953334972,,,0,0.0,1,bf14b28d2af4128daa99f23eec8a5e105636d0b04136f8be580fdc39d6f1f97d,
07_config_matrix,cfg_fp16_m128n64k16_c512_sw128_fill_use_lastuse_pingpong,1,,NVIDIA Thor,11.0,580.00,13.0,PTX ISA 9.3 / CUDA 13.0,1575.000,,,,fp16,128,64,16,32,128,179,3,fill_use_lastuse,pingpong,8,8,32,1,nocount,sw128,sw128,16,16,16,0,512,0,64,none,0,none,0,4,20,3779297.0,2399.553650793651,,,,,6144,,8.949512953334972,,,0,0.0,1,bf14b28d2af4128daa99f23eec8a5e105636d0b04136f8be580fdc39d6f1f97d,
07_config_matrix,cfg_fp16_m128n64k16_c512_sw128_fill_use_lastuse_pingpong,1,,NVIDIA Thor,11.0,580.00,13.0,PTX ISA 9.3 / CUDA 13.0,1575.000,,,,fp16,128,64,16,32,128,179,4,fill_use_lastuse,pingpong,8,8,32,1,nocount,sw128,sw128,16,16,16,0,512,0,64,none,0,none,0,4,20,3779301.0,2399.5561904761907,,,,,6144,,8.9495034811993,,,0,0.0,1,bf14b28d2af4128daa99f23eec8a5e105636d0b04136f8be580fdc39d6f1f97d,
07_config_matrix,cfg_fp16_m128n64k16_c512_sw32_fill_use_lastuse_pingpong,1,,NVIDIA Thor,11.0,580.00,13.0,PTX ISA 9.3 / CUDA 13.0,1575.000,,,,fp16,128,64,16,32,128,180,0,fill_use_lastuse,pingpong,8,8,32,1,nocount,sw32,sw32,16,16,16,0,512,0,64,none,0,none,0,4,20,3488013.0,2214.6114285714284,,,,,6144,,9.696886868254218,,,0,0.0,1,bf14b28d2af4128daa99f23eec8a5e105636d0b04136f8be580fdc39d6f1f97d,; UTCHMMA=21;UTCHMMA_WS=16;UTCBAR=1;UTCATOMSWS=3;SYNCS_TRYWAIT=8;LDS=21;LDG=9;ptx_tcgen05_mma=21;ptx_tcgen05_mma_ws=16;ptx_tcgen05_commit=1;ptx_tcgen05_alloc=1;ptx_tcgen05_dealloc=1;ptx_tcgen05_ld=5;ptx_tcgen05_st=5;ptx_mbarrier_wait=5;ptx_cp_async_tma=2;ptx_ld_shared=26;ptx_ld_global=7
07_config_matrix,cfg_fp16_m128n64k16_c512_sw32_fill_use_lastuse_pingpong,1,,NVIDIA Thor,11.0,580.00,13.0,PTX ISA 9.3 / CUDA 13.0,1575.000,,,,fp16,128,64,16,32,128,180,1,fill_use_lastuse,pingpong,8,8,32,1,nocount,sw32,sw32,16,16,16,0,512,0,64,none,0,none,0,4,20,3488012.0,2214.6107936507938,,,,,6144,,9.69688964831543,,,0,0.0,1,bf14b28d2af4128daa99f23eec8a5e105636d0b04136f8be580fdc39d6f1f97d,
07_config_matrix,cfg_fp16_m128n64k16_c512_sw32_fill_use_lastuse_pingpong,1,,NVIDIA Thor,11.0,580.00,13.0,PTX ISA 9.3 / CUDA 13.0,1575.000,,,,fp16,128,64,16,32,128,180,2,fill_use_lastuse,pingpong,8,8,32,1,nocount,sw32,sw32,16,16,16,0,512,0,64,none,0,none,0,4,20,3488015.0,2214.612698412698,,,,,6144,,9.696881308136577,,,0,0.0,1,bf14b28d2af4128daa99f23eec8a5e105636d0b04136f8be580fdc39d6f1f97d,
07_config_matrix,cfg_fp16_m128n64k16_c512_sw32_fill_use_lastuse_pingpong,1,,NVIDIA Thor,11.0,580.00,13.0,PTX ISA 9.3 / CUDA 13.0,1575.000,,,,fp16,128,64,16,32,128,180,3,fill_use_lastuse,pingpong,8,8,32,1,nocount,sw32,sw32,16,16,16,0,512,0,64,none,0,none,0,4,20,3488014.0,2214.6120634920635,,,,,6144,,9.696884088194599,,,0,0.0,1,bf14b28d2af4128daa99f23eec8a5e105636d0b04136f8be580fdc39d6f1f97d,
07_config_matrix,cfg_fp16_m128n64k16_c512_sw32_fill_use_lastuse_pingpong,1,,NVIDIA Thor,11.0,580.00,13.0,PTX ISA 9.3 / CUDA 13.0,1575.000,,,,fp16,128,64,16,32,128,180,4,fill_use_lastuse,pingpong,8,8,32,1,nocount,sw32,sw32,16,16,16,0,512,0,64,none,0,none,0,4,20,3488011.0,2214.6101587301587,,,,,6144,,9.696892428378236,,,0,0.0,1,bf14b28d2af4128daa99f23eec8a5e105636d0b04136f8be580fdc39d6f1f97d,
07_config_matrix,cfg_fp16_m128n128k16_c512_sw64_fill_use_lastuse_pingpong,1,,NVIDIA Thor,11.0,580.00,13.0,PTX ISA 9.3 / CUDA 13.0,1575.000,,,,fp16,128,128,16,32,128,181,0,fill_use_lastuse,pingpong,4,4,32,1,nocount,sw64,sw64,16,16,16,0,512,0,128,none,0,none,0,4,20,3664479.0,2326.653333333333,,,,,8192,,18.459850612324427,,,0,0.0,1,bf14b28d2af4128daa99f23eec8a5e105636d0b04136f8be580fdc39d6f1f97d,; UTCHMMA=21;UTCHMMA_WS=16;UTCBAR=1;UTCATOMSWS=3;SYNCS_TRYWAIT=8;LDS=21;LDG=9;ptx_tcgen05_mma=21;ptx_tcgen05_mma_ws=16;ptx_tcgen05_commit=1;ptx_tcgen05_alloc=1;ptx_tcgen05_dealloc=1;ptx_tcgen05_ld=5;ptx_tcgen05_st=5;ptx_mbarrier_wait=5;ptx_cp_async_tma=2;ptx_ld_shared=26;ptx_ld_global=7
07_config_matrix,cfg_fp16_m128n128k16_c512_sw64_fill_use_lastuse_pingpong,1,,NVIDIA Thor,11.0,580.00,13.0,PTX ISA 9.3 / CUDA 13.0,1575.000,,,,fp16,128,128,16,32,128,181,1,fill_use_lastuse,pingpong,4,4,32,1,nocount,sw64,sw64,16,16,16,0,512,0,128,none,0,none,0,4,20,3664480.0,2326.6539682539683,,,,,8192,,18.459845574815525,,,0,0.0,1,bf14b28d2af4128daa99f23eec8a5e105636d0b04136f8be580fdc39d6f1f97d,
07_config_matrix,cfg_fp16_m128n128k16_c512_sw64_fill_use_lastuse_pingpong,1,,NVIDIA Thor,11.0,580.00,13.0,PTX ISA 9.3 / CUDA 13.0,1575.000,,,,fp16,128,128,16,32,128,181,2,fill_use_lastuse,pingpong,4,4,32,1,nocount,sw64,sw64,16,16,16,0,512,0,128,none,0,none,0,4,20,3664478.0,2326.6526984126986,,,,,8192,,18.459855649836076,,,0,0.0,1,bf14b28d2af4128daa99f23eec8a5e105636d0b04136f8be580fdc39d6f1f97d,
07_config_matrix,cfg_fp16_m128n128k16_c512_sw64_fill_use_lastuse_pingpong,1,,NVIDIA Thor,11.0,580.00,13.0,PTX ISA 9.3 / CUDA 13.0,1575.000,,,,fp16,128,128,16,32,128,181,3,fill_use_lastuse,pingpong,4,4,32,1,nocount,sw64,sw64,16,16,16,0,512,0,128,none,0,none,0,4,20,3664481.0,2326.6546031746034,,,,,8192,,18.459840537309375,,,0,0.0,1,bf14b28d2af4128daa99f23eec8a5e105636d0b04136f8be580fdc39d6f1f97d,
07_config_matrix,cfg_fp16_m128n128k16_c512_sw64_fill_use_lastuse_pingpong,1,,NVIDIA Thor,11.0,580.00,13.0,PTX ISA 9.3 / CUDA 13.0,1575.000,,,,fp16,128,128,16,32,128,181,4,fill_use_lastuse,pingpong,4,4,32,1,nocount,sw64,sw64,16,16,16,0,512,0,128,none,0,none,0,4,20,3664485.0,2326.657142857143,,,,,8192,,18.45982038731227,,,0,0.0,1,bf14b28d2af4128daa99f23eec8a5e105636d0b04136f8be580fdc39d6f1f97d,
07_config_matrix,cfg_fp16_m128n128k16_c128_sw32_fill_use_lastuse_same,1,,NVIDIA Thor,11.0,580.00,13.0,PTX ISA 9.3 / CUDA 13.0,1575.000,,,,fp16,128,128,16,32,128,182,0,fill_use_lastuse,same,1,1,32,1,nocount,sw32,sw32,16,16,16,0,128,0,128,none,0,none,0,4,20,2991997.0,1899.680634920635,,,,,8192,,22.608891289663728,,,0,0.0,1,bf14b28d2af4128daa99f23eec8a5e105636d0b04136f8be580fdc39d6f1f97d,; UTCHMMA=21;UTCHMMA_WS=16;UTCBAR=1;UTCATOMSWS=3;SYNCS_TRYWAIT=8;LDS=21;LDG=9;ptx_tcgen05_mma=21;ptx_tcgen05_mma_ws=16;ptx_tcgen05_commit=1;ptx_tcgen05_alloc=1;ptx_tcgen05_dealloc=1;ptx_tcgen05_ld=5;ptx_tcgen05_st=5;ptx_mbarrier_wait=5;ptx_cp_async_tma=2;ptx_ld_shared=26;ptx_ld_global=7
07_config_matrix,cfg_fp16_m128n128k16_c128_sw32_fill_use_lastuse_same,1,,NVIDIA Thor,11.0,580.00,13.0,PTX ISA 9.3 / CUDA 13.0,1575.000,,,,fp16,128,128,16,32,128,182,1,fill_use_lastuse,same,1,1,32,1,nocount,sw32,sw32,16,16,16,0,128,0,128,none,0,none,0,4,20,2992006.0,1899.6863492063492,,,,,8192,,22.608823281771492,,,0,0.0,1,bf14b28d2af4128daa99f23eec8a5e105636d0b04136f8be580fdc39d6f1f97d,
07_config_matrix,cfg_fp16_m128n128k16_c128_sw32_fill_use_lastuse_same,1,,NVIDIA Thor,11.0,580.00,13.0,PTX ISA 9.3 / CUDA 13.0,1575.000,,,,fp16,128,128,16,32,128,182,2,fill_use_lastuse,same,1,1,32,1,nocount,sw32,sw32,16,16,16,0,128,0,128,none,0,none,0,4,20,2991999.0,1899.681904761905,,,,,8192,,22.60887617676343,,,0,0.0,1,bf14b28d2af4128daa99f23eec8a5e105636d0b04136f8be580fdc39d6f1f97d,
07_config_matrix,cfg_fp16_m128n128k16_c128_sw32_fill_use_lastuse_same,1,,NVIDIA Thor,11.0,580.00,13.0,PTX ISA 9.3 / CUDA 13.0,1575.000,,,,fp16,128,128,16,32,128,182,3,fill_use_lastuse,same,1,1,32,1,nocount,sw32,sw32,16,16,16,0,128,0,128,none,0,none,0,4,20,2991999.0,1899.681904761905,,,,,8192,,22.60887617676343,,,0,0.0,1,bf14b28d2af4128daa99f23eec8a5e105636d0b04136f8be580fdc39d6f1f97d,
07_config_matrix,cfg_fp16_m128n128k16_c128_sw32_fill_use_lastuse_same,1,,NVIDIA Thor,11.0,580.00,13.0,PTX ISA 9.3 / CUDA 13.0,1575.000,,,,fp16,128,128,16,32,128,182,4,fill_use_lastuse,same,1,1,32,1,nocount,sw32,sw32,16,16,16,0,128,0,128,none,0,none,0,4,20,2992000.0,1899.6825396825398,,,,,8192,,22.608868620320855,,,0,0.0,1,bf14b28d2af4128daa99f23eec8a5e105636d0b04136f8be580fdc39d6f1f97d,
07_config_matrix,cfg_bf16_m128n128k16_c256_sw128_fill_use_lastuse_pingpong,1,,NVIDIA Thor,11.0,580.00,13.0,PTX ISA 9.3 / CUDA 13.0,1575.000,,,,bf16,128,128,16,32,128,183,0,fill_use_lastuse,pingpong,2,2,32,1,nocount,sw128,sw128,16,16,16,0,256,0,128,none,0,none,0,4,20,3779418.0,2399.630476190476,,,,,8192,,17.898452860202283,,,0,0.0,1,bf14b28d2af4128daa99f23eec8a5e105636d0b04136f8be580fdc39d6f1f97d,; UTCHMMA=21;UTCHMMA_WS=16;UTCBAR=1;UTCATOMSWS=3;SYNCS_TRYWAIT=8;LDS=21;LDG=9;ptx_tcgen05_mma=21;ptx_tcgen05_mma_ws=16;ptx_tcgen05_commit=1;ptx_tcgen05_alloc=1;ptx_tcgen05_dealloc=1;ptx_tcgen05_ld=5;ptx_tcgen05_st=5;ptx_mbarrier_wait=5;ptx_cp_async_tma=2;ptx_ld_shared=26;ptx_ld_global=7
07_config_matrix,cfg_bf16_m128n128k16_c256_sw128_fill_use_lastuse_pingpong,1,,NVIDIA Thor,11.0,580.00,13.0,PTX ISA 9.3 / CUDA 13.0,1575.000,,,,bf16,128,128,16,32,128,183,1,fill_use_lastuse,pingpong,2,2,32,1,nocount,sw128,sw128,16,16,16,0,256,0,128,none,0,none,0,4,20,3779417.0,2399.6298412698416,,,,,8192,,17.898457595973134,,,0,0.0,1,bf14b28d2af4128daa99f23eec8a5e105636d0b04136f8be580fdc39d6f1f97d,
07_config_matrix,cfg_bf16_m128n128k16_c256_sw128_fill_use_lastuse_pingpong,1,,NVIDIA Thor,11.0,580.00,13.0,PTX ISA 9.3 / CUDA 13.0,1575.000,,,,bf16,128,128,16,32,128,183,2,fill_use_lastuse,pingpong,2,2,32,1,nocount,sw128,sw128,16,16,16,0,256,0,128,none,0,none,0,4,20,3779425.0,2399.6349206349205,,,,,8192,,17.898419709876503,,,0,0.0,1,bf14b28d2af4128daa99f23eec8a5e105636d0b04136f8be580fdc39d6f1f97d,
07_config_matrix,cfg_bf16_m128n128k16_c256_sw128_fill_use_lastuse_pingpong,1,,NVIDIA Thor,11.0,580.00,13.0,PTX ISA 9.3 / CUDA 13.0,1575.000,,,,bf16,128,128,16,32,128,183,3,fill_use_lastuse,pingpong,2,2,32,1,nocount,sw128,sw128,16,16,16,0,256,0,128,none,0,none,0,4,20,3779409.0,2399.6247619047617,,,,,8192,,17.89849548223016,,,0,0.0,1,bf14b28d2af4128daa99f23eec8a5e105636d0b04136f8be580fdc39d6f1f97d,
07_config_matrix,cfg_bf16_m128n128k16_c256_sw128_fill_use_lastuse_pingpong,1,,NVIDIA Thor,11.0,580.00,13.0,PTX ISA 9.3 / CUDA 13.0,1575.000,,,,bf16,128,128,16,32,128,183,4,fill_use_lastuse,pingpong,2,2,32,1,nocount,sw128,sw128,16,16,16,0,256,0,128,none,0,none,0,4,20,3779417.0,2399.6298412698416,,,,,8192,,17.898457595973134,,,0,0.0,1,bf14b28d2af4128daa99f23eec8a5e105636d0b04136f8be580fdc39d6f1f97d,
07_config_matrix,cfg_bf16_m128n128k16_c512_none_discard_pingpong,0,max_abs_error>0.25,NVIDIA Thor,11.0,580.00,13.0,PTX ISA 9.3 / CUDA 13.0,1575.000,,,,bf16,128,128,16,32,128,184,0,discard,pingpong,4,4,32,1,nocount,none,none,16,16,16,0,512,0,128,none,0,none,0,4,20,3678987.0,2335.864761904762,,,,,8192,,18.387054619111183,,,0,0.83203125,1,bf14b28d2af4128daa99f23eec8a5e105636d0b04136f8be580fdc39d6f1f97d,; UTCHMMA=21;UTCHMMA_WS=16;UTCBAR=1;UTCATOMSWS=3;SYNCS_TRYWAIT=8;LDS=21;LDG=9;ptx_tcgen05_mma=21;ptx_tcgen05_mma_ws=16;ptx_tcgen05_commit=1;ptx_tcgen05_alloc=1;ptx_tcgen05_dealloc=1;ptx_tcgen05_ld=5;ptx_tcgen05_st=5;ptx_mbarrier_wait=5;ptx_cp_async_tma=2;ptx_ld_shared=26;ptx_ld_global=7
07_config_matrix,cfg_bf16_m128n128k16_c512_none_discard_pingpong,0,max_abs_error>0.25,NVIDIA Thor,11.0,580.00,13.0,PTX ISA 9.3 / CUDA 13.0,1575.000,,,,bf16,128,128,16,32,128,184,1,discard,pingpong,4,4,32,1,nocount,none,none,16,16,16,0,512,0,128,none,0,none,0,4,20,3678994.0,2335.8692063492063,,,,,8192,,18.387019634171736,,,0,0.83203125,1,bf14b28d2af4128daa99f23eec8a5e105636d0b04136f8be580fdc39d6f1f97d,
07_config_matrix,cfg_bf16_m128n128k16_c512_none_discard_pingpong,0,max_abs_error>0.25,NVIDIA Thor,11.0,580.00,13.0,PTX ISA 9.3 / CUDA 13.0,1575.000,,,,bf16,128,128,16,32,128,184,2,discard,pingpong,4,4,32,1,nocount,none,none,16,16,16,0,512,0,128,none,0,none,0,4,20,3678990.0,2335.8666666666663,,,,,8192,,18.387039625549406,,,0,0.83203125,1,bf14b28d2af4128daa99f23eec8a5e105636d0b04136f8be580fdc39d6f1f97d,
07_config_matrix,cfg_bf16_m128n128k16_c512_none_discard_pingpong,0,max_abs_error>0.25,NVIDIA Thor,11.0,580.00,13.0,PTX ISA 9.3 / CUDA 13.0,1575.000,,,,bf16,128,128,16,32,128,184,3,discard,pingpong,4,4,32,1,nocount,none,none,16,16,16,0,512,0,128,none,0,none,0,4,20,3678958.0,2335.8463492063493,,,,,8192,,18.387199558135755,,,0,0.83203125,1,bf14b28d2af4128daa99f23eec8a5e105636d0b04136f8be580fdc39d6f1f97d,
07_config_matrix,cfg_bf16_m128n128k16_c512_none_discard_pingpong,0,max_abs_error>0.25,NVIDIA Thor,11.0,580.00,13.0,PTX ISA 9.3 / CUDA 13.0,1575.000,,,,bf16,128,128,16,32,128,184,4,discard,pingpong,4,4,32,1,nocount,none,none,16,16,16,0,512,0,128,none,0,none,0,4,20,3678962.0,2335.8488888888887,,,,,8192,,18.387179566410307,,,0,0.83203125,1,bf14b28d2af4128daa99f23eec8a5e105636d0b04136f8be580fdc39d6f1f97d,
07_config_matrix,cfg_bf16_m128n64k16_c256_sw64_discard_pingpong,1,,NVIDIA Thor,11.0,580.00,13.0,PTX ISA 9.3 / CUDA 13.0,1575.000,,,,bf16,128,64,16,32,128,185,0,discard,pingpong,4,4,32,1,nocount,sw64,sw64,16,16,16,0,256,0,64,none,0,none,0,4,20,3562088.0,2261.6431746031744,,,,,6144,,9.495236349017768,,,0,0.0,1,bf14b28d2af4128daa99f23eec8a5e105636d0b04136f8be580fdc39d6f1f97d,; UTCHMMA=21;UTCHMMA_WS=16;UTCBAR=1;UTCATOMSWS=3;SYNCS_TRYWAIT=8;LDS=21;LDG=9;ptx_tcgen05_mma=21;ptx_tcgen05_mma_ws=16;ptx_tcgen05_commit=1;ptx_tcgen05_alloc=1;ptx_tcgen05_dealloc=1;ptx_tcgen05_ld=5;ptx_tcgen05_st=5;ptx_mbarrier_wait=5;ptx_cp_async_tma=2;ptx_ld_shared=26;ptx_ld_global=7
07_config_matrix,cfg_bf16_m128n64k16_c256_sw64_discard_pingpong,1,,NVIDIA Thor,11.0,580.00,13.0,PTX ISA 9.3 / CUDA 13.0,1575.000,,,,bf16,128,64,16,32,128,185,1,discard,pingpong,4,4,32,1,nocount,sw64,sw64,16,16,16,0,256,0,64,none,0,none,0,4,20,3562086.0,2261.6419047619047,,,,,6144,,9.49524168029632,,,0,0.0,1,bf14b28d2af4128daa99f23eec8a5e105636d0b04136f8be580fdc39d6f1f97d,
07_config_matrix,cfg_bf16_m128n64k16_c256_sw64_discard_pingpong,1,,NVIDIA Thor,11.0,580.00,13.0,PTX ISA 9.3 / CUDA 13.0,1575.000,,,,bf16,128,64,16,32,128,185,2,discard,pingpong,4,4,32,1,nocount,sw64,sw64,16,16,16,0,256,0,64,none,0,none,0,4,20,3562085.0,2261.64126984127,,,,,6144,,9.495244345937842,,,0,0.0,1,bf14b28d2af4128daa99f23eec8a5e105636d0b04136f8be580fdc39d6f1f97d,
07_config_matrix,cfg_bf16_m128n64k16_c256_sw64_discard_pingpong,1,,NVIDIA Thor,11.0,580.00,13.0,PTX ISA 9.3 / CUDA 13.0,1575.000,,,,bf16,128,64,16,32,128,185,3,discard,pingpong,4,4,32,1,nocount,sw64,sw64,16,16,16,0,256,0,64,none,0,none,0,4,20,3562081.0,2261.63873015873,,,,,6144,,9.495255008518896,,,0,0.0,1,bf14b28d2af4128daa99f23eec8a5e105636d0b04136f8be580fdc39d6f1f97d,
07_config_matrix,cfg_bf16_m128n64k16_c256_sw64_discard_pingpong,1,,NVIDIA Thor,11.0,580.00,13.0,PTX ISA 9.3 / CUDA 13.0,1575.000,,,,bf16,128,64,16,32,128,185,4,discard,pingpong,4,4,32,1,nocount,sw64,sw64,16,16,16,0,256,0,64,none,0,none,0,4,20,3562082.0,2261.639365079365,,,,,6144,,9.495252342871389,,,0,0.0,1,bf14b28d2af4128daa99f23eec8a5e105636d0b04136f8be580fdc39d6f1f97d,
07_config_matrix,cfg_bf16_m128n64k16_c512_none_discard_pingpong,0,max_abs_error>0.25,NVIDIA Thor,11.0,580.00,13.0,PTX ISA 9.3 / CUDA 13.0,1575.000,,,,bf16,128,64,16,32,128,186,0,discard,pingpong,8,8,32,1,nocount,none,none,16,16,16,0,512,0,64,none,0,none,0,4,20,3678580.0,2335.606349206349,,,,,6144,,9.194544486187606,,,0,0.83203125,1,bf14b28d2af4128daa99f23eec8a5e105636d0b04136f8be580fdc39d6f1f97d,; UTCHMMA=21;UTCHMMA_WS=16;UTCBAR=1;UTCATOMSWS=3;SYNCS_TRYWAIT=8;LDS=21;LDG=9;ptx_tcgen05_mma=21;ptx_tcgen05_mma_ws=16;ptx_tcgen05_commit=1;ptx_tcgen05_alloc=1;ptx_tcgen05_dealloc=1;ptx_tcgen05_ld=5;ptx_tcgen05_st=5;ptx_mbarrier_wait=5;ptx_cp_async_tma=2;ptx_ld_shared=26;ptx_ld_global=7
07_config_matrix,cfg_bf16_m128n64k16_c512_none_discard_pingpong,0,max_abs_error>0.25,NVIDIA Thor,11.0,580.00,13.0,PTX ISA 9.3 / CUDA 13.0,1575.000,,,,bf16,128,64,16,32,128,186,1,discard,pingpong,8,8,32,1,nocount,none,none,16,16,16,0,512,0,64,none,0,none,0,4,20,3678578.0,2335.6050793650793,,,,,6144,,9.194549485154319,,,0,0.83203125,1,bf14b28d2af4128daa99f23eec8a5e105636d0b04136f8be580fdc39d6f1f97d,
07_config_matrix,cfg_bf16_m128n64k16_c512_none_discard_pingpong,0,max_abs_error>0.25,NVIDIA Thor,11.0,580.00,13.0,PTX ISA 9.3 / CUDA 13.0,1575.000,,,,bf16,128,64,16,32,128,186,2,discard,pingpong,8,8,32,1,nocount,none,none,16,16,16,0,512,0,64,none,0,none,0,4,20,3678581.0,2335.606984126984,,,,,6144,,9.194541986706287,,,0,0.83203125,1,bf14b28d2af4128daa99f23eec8a5e105636d0b04136f8be580fdc39d6f1f97d,
07_config_matrix,cfg_bf16_m128n64k16_c512_none_discard_pingpong,0,max_abs_error>0.25,NVIDIA Thor,11.0,580.00,13.0,PTX ISA 9.3 / CUDA 13.0,1575.000,,,,bf16,128,64,16,32,128,186,3,discard,pingpong,8,8,32,1,nocount,none,none,16,16,16,0,512,0,64,none,0,none,0,4,20,3678582.0,2335.607619047619,,,,,6144,,9.194539487226328,,,0,0.83203125,1,bf14b28d2af4128daa99f23eec8a5e105636d0b04136f8be580fdc39d6f1f97d,
07_config_matrix,cfg_bf16_m128n64k16_c512_none_discard_pingpong,0,max_abs_error>0.25,NVIDIA Thor,11.0,580.00,13.0,PTX ISA 9.3 / CUDA 13.0,1575.000,,,,bf16,128,64,16,32,128,186,4,discard,pingpong,8,8,32,1,nocount,none,none,16,16,16,0,512,0,64,none,0,none,0,4,20,3678578.0,2335.6050793650793,,,,,6144,,9.194549485154319,,,0,0.83203125,1,bf14b28d2af4128daa99f23eec8a5e105636d0b04136f8be580fdc39d6f1f97d,
07_config_matrix,cfg_fp16_m128n128k16_c512_sw32_fill_use_lastuse_pingpong,1,,NVIDIA Thor,11.0,580.00,13.0,PTX ISA 9.3 / CUDA 13.0,1575.000,,,,fp16,128,128,16,32,128,187,0,fill_use_lastuse,pingpong,4,4,32,1,nocount,sw32,sw32,16,16,16,0,512,0,128,none,0,none,0,4,20,3487606.0,2214.353015873016,,,,,8192,,19.396036969772386,,,0,0.0,1,bf14b28d2af4128daa99f23eec8a5e105636d0b04136f8be580fdc39d6f1f97d,; UTCHMMA=21;UTCHMMA_WS=16;UTCBAR=1;UTCATOMSWS=3;SYNCS_TRYWAIT=8;LDS=21;LDG=9;ptx_tcgen05_mma=21;ptx_tcgen05_mma_ws=16;ptx_tcgen05_commit=1;ptx_tcgen05_alloc=1;ptx_tcgen05_dealloc=1;ptx_tcgen05_ld=5;ptx_tcgen05_st=5;ptx_mbarrier_wait=5;ptx_cp_async_tma=2;ptx_ld_shared=26;ptx_ld_global=7
07_config_matrix,cfg_fp16_m128n128k16_c512_sw32_fill_use_lastuse_pingpong,1,,NVIDIA Thor,11.0,580.00,13.0,PTX ISA 9.3 / CUDA 13.0,1575.000,,,,fp16,128,128,16,32,128,187,1,fill_use_lastuse,pingpong,4,4,32,1,nocount,sw32,sw32,16,16,16,0,512,0,128,none,0,none,0,4,20,3487606.0,2214.353015873016,,,,,8192,,19.396036969772386,,,0,0.0,1,bf14b28d2af4128daa99f23eec8a5e105636d0b04136f8be580fdc39d6f1f97d,
07_config_matrix,cfg_fp16_m128n128k16_c512_sw32_fill_use_lastuse_pingpong,1,,NVIDIA Thor,11.0,580.00,13.0,PTX ISA 9.3 / CUDA 13.0,1575.000,,,,fp16,128,128,16,32,128,187,2,fill_use_lastuse,pingpong,4,4,32,1,nocount,sw32,sw32,16,16,16,0,512,0,128,none,0,none,0,4,20,3487606.0,2214.353015873016,,,,,8192,,19.396036969772386,,,0,0.0,1,bf14b28d2af4128daa99f23eec8a5e105636d0b04136f8be580fdc39d6f1f97d,
07_config_matrix,cfg_fp16_m128n128k16_c512_sw32_fill_use_lastuse_pingpong,1,,NVIDIA Thor,11.0,580.00,13.0,PTX ISA 9.3 / CUDA 13.0,1575.000,,,,fp16,128,128,16,32,128,187,3,fill_use_lastuse,pingpong,4,4,32,1,nocount,sw32,sw32,16,16,16,0,512,0,128,none,0,none,0,4,20,3487607.0,2214.353650793651,,,,,8192,,19.396031408355356,,,0,0.0,1,bf14b28d2af4128daa99f23eec8a5e105636d0b04136f8be580fdc39d6f1f97d,
07_config_matrix,cfg_fp16_m128n128k16_c512_sw32_fill_use_lastuse_pingpong,1,,NVIDIA Thor,11.0,580.00,13.0,PTX ISA 9.3 / CUDA 13.0,1575.000,,,,fp16,128,128,16,32,128,187,4,fill_use_lastuse,pingpong,4,4,32,1,nocount,sw32,sw32,16,16,16,0,512,0,128,none,0,none,0,4,20,3487601.0,2214.349841269841,,,,,8192,,19.396064776905387,,,0,0.0,1,bf14b28d2af4128daa99f23eec8a5e105636d0b04136f8be580fdc39d6f1f97d,
07_config_matrix,cfg_fp16_m128n128k16_c256_none_discard_pingpong,0,max_abs_error>0.05,NVIDIA Thor,11.0,580.00,13.0,PTX ISA 9.3 / CUDA 13.0,1575.000,,,,fp16,128,128,16,32,128,188,0,discard,pingpong,2,2,32,1,nocount,none,none,16,16,16,0,256,0,128,none,0,none,0,4,20,3678989.0,2335.8660317460317,,,,,8192,,18.387044623400612,,,0,0.83203125,1,bf14b28d2af4128daa99f23eec8a5e105636d0b04136f8be580fdc39d6f1f97d,; UTCHMMA=21;UTCHMMA_WS=16;UTCBAR=1;UTCATOMSWS=3;SYNCS_TRYWAIT=8;LDS=21;LDG=9;ptx_tcgen05_mma=21;ptx_tcgen05_mma_ws=16;ptx_tcgen05_commit=1;ptx_tcgen05_alloc=1;ptx_tcgen05_dealloc=1;ptx_tcgen05_ld=5;ptx_tcgen05_st=5;ptx_mbarrier_wait=5;ptx_cp_async_tma=2;ptx_ld_shared=26;ptx_ld_global=7
07_config_matrix,cfg_fp16_m128n128k16_c256_none_discard_pingpong,0,max_abs_error>0.05,NVIDIA Thor,11.0,580.00,13.0,PTX ISA 9.3 / CUDA 13.0,1575.000,,,,fp16,128,128,16,32,128,188,1,discard,pingpong,2,2,32,1,nocount,none,none,16,16,16,0,256,0,128,none,0,none,0,4,20,3678961.0,2335.848253968254,,,,,8192,,18.387184564337595,,,0,0.83203125,1,bf14b28d2af4128daa99f23eec8a5e105636d0b04136f8be580fdc39d6f1f97d,
07_config_matrix,cfg_fp16_m128n128k16_c256_none_discard_pingpong,0,max_abs_error>0.05,NVIDIA Thor,11.0,580.00,13.0,PTX ISA 9.3 / CUDA 13.0,1575.000,,,,fp16,128,128,16,32,128,188,2,discard,pingpong,2,2,32,1,nocount,none,none,16,16,16,0,256,0,128,none,0,none,0,4,20,3678994.0,2335.8692063492063,,,,,8192,,18.387019634171736,,,0,0.83203125,1,bf14b28d2af4128daa99f23eec8a5e105636d0b04136f8be580fdc39d6f1f97d,
07_config_matrix,cfg_fp16_m128n128k16_c256_none_discard_pingpong,0,max_abs_error>0.05,NVIDIA Thor,11.0,580.00,13.0,PTX ISA 9.3 / CUDA 13.0,1575.000,,,,fp16,128,128,16,32,128,188,3,discard,pingpong,2,2,32,1,nocount,none,none,16,16,16,0,256,0,128,none,0,none,0,4,20,4359586.0,2767.9911111111114,,,,,8192,,15.516550175177183,,,0,0.83203125,1,bf14b28d2af4128daa99f23eec8a5e105636d0b04136f8be580fdc39d6f1f97d,
07_config_matrix,cfg_fp16_m128n128k16_c256_none_discard_pingpong,0,max_abs_error>0.05,NVIDIA Thor,11.0,580.00,13.0,PTX ISA 9.3 / CUDA 13.0,1575.000,,,,fp16,128,128,16,32,128,188,4,discard,pingpong,2,2,32,1,nocount,none,none,16,16,16,0,256,0,128,none,0,none,0,4,20,3678990.0,2335.8666666666663,,,,,8192,,18.387039625549406,,,0,0.83203125,1,bf14b28d2af4128daa99f23eec8a5e105636d0b04136f8be580fdc39d6f1f97d,
07_config_matrix,cfg_fp16_m128n128k16_c128_sw128_fill_use_lastuse_same,1,,NVIDIA Thor,11.0,580.00,13.0,PTX ISA 9.3 / CUDA 13.0,1575.000,,,,fp16,128,128,16,32,128,189,0,fill_use_lastuse,same,1,1,32,1,nocount,sw128,sw128,16,16,16,0,128,0,128,none,0,none,0,4,20,3282394.0,2084.0596825396824,,,,,8192,,20.60865786130489,,,0,0.0,1,bf14b28d2af4128daa99f23eec8a5e105636d0b04136f8be580fdc39d6f1f97d,; UTCHMMA=21;UTCHMMA_WS=16;UTCBAR=1;UTCATOMSWS=3;SYNCS_TRYWAIT=8;LDS=21;LDG=9;ptx_tcgen05_mma=21;ptx_tcgen05_mma_ws=16;ptx_tcgen05_commit=1;ptx_tcgen05_alloc=1;ptx_tcgen05_dealloc=1;ptx_tcgen05_ld=5;ptx_tcgen05_st=5;ptx_mbarrier_wait=5;ptx_cp_async_tma=2;ptx_ld_shared=26;ptx_ld_global=7
07_config_matrix,cfg_fp16_m128n128k16_c128_sw128_fill_use_lastuse_same,1,,NVIDIA Thor,11.0,580.00,13.0,PTX ISA 9.3 / CUDA 13.0,1575.000,,,,fp16,128,128,16,32,128,189,1,fill_use_lastuse,same,1,1,32,1,nocount,sw128,sw128,16,16,16,0,128,0,128,none,0,none,0,4,20,3281363.0,2083.405079365079,,,,,8192,,20.615133074883826,,,0,0.0,1,bf14b28d2af4128daa99f23eec8a5e105636d0b04136f8be580fdc39d6f1f97d,
07_config_matrix,cfg_fp16_m128n128k16_c128_sw128_fill_use_lastuse_same,1,,NVIDIA Thor,11.0,580.00,13.0,PTX ISA 9.3 / CUDA 13.0,1575.000,,,,fp16,128,128,16,32,128,189,2,fill_use_lastuse,same,1,1,32,1,nocount,sw128,sw128,16,16,16,0,128,0,128,none,0,none,0,4,20,3281365.0,2083.406349206349,,,,,8192,,20.61512050990975,,,0,0.0,1,bf14b28d2af4128daa99f23eec8a5e105636d0b04136f8be580fdc39d6f1f97d,
07_config_matrix,cfg_fp16_m128n128k16_c128_sw128_fill_use_lastuse_same,1,,NVIDIA Thor,11.0,580.00,13.0,PTX ISA 9.3 / CUDA 13.0,1575.000,,,,fp16,128,128,16,32,128,189,3,fill_use_lastuse,same,1,1,32,1,nocount,sw128,sw128,16,16,16,0,128,0,128,none,0,none,0,4,20,3281544.0,2083.52,,,,,8192,,20.613996006757795,,,0,0.0,1,bf14b28d2af4128daa99f23eec8a5e105636d0b04136f8be580fdc39d6f1f97d,
07_config_matrix,cfg_fp16_m128n128k16_c128_sw128_fill_use_lastuse_same,1,,NVIDIA Thor,11.0,580.00,13.0,PTX ISA 9.3 / CUDA 13.0,1575.000,,,,fp16,128,128,16,32,128,189,4,fill_use_lastuse,same,1,1,32,1,nocount,sw128,sw128,16,16,16,0,128,0,128,none,0,none,0,4,20,3281554.0,2083.526349206349,,,,,8192,,20.613933188970837,,,0,0.0,1,bf14b28d2af4128daa99f23eec8a5e105636d0b04136f8be580fdc39d6f1f97d,
07_config_matrix,cfg_bf16_m128n128k16_c256_none_discard_same,0,max_abs_error>0.25,NVIDIA Thor,11.0,580.00,13.0,PTX ISA 9.3 / CUDA 13.0,1575.000,,,,bf16,128,128,16,32,128,190,0,discard,same,2,2,32,1,nocount,none,none,16,16,16,0,256,0,128,none,0,none,0,4,20,3678958.0,2335.8463492063493,,,,,8192,,18.387199558135755,,,0,0.83203125,1,bf14b28d2af4128daa99f23eec8a5e105636d0b04136f8be580fdc39d6f1f97d,; UTCHMMA=21;UTCHMMA_WS=16;UTCBAR=1;UTCATOMSWS=3;SYNCS_TRYWAIT=8;LDS=21;LDG=9;ptx_tcgen05_mma=21;ptx_tcgen05_mma_ws=16;ptx_tcgen05_commit=1;ptx_tcgen05_alloc=1;ptx_tcgen05_dealloc=1;ptx_tcgen05_ld=5;ptx_tcgen05_st=5;ptx_mbarrier_wait=5;ptx_cp_async_tma=2;ptx_ld_shared=26;ptx_ld_global=7
07_config_matrix,cfg_bf16_m128n128k16_c256_none_discard_same,0,max_abs_error>0.25,NVIDIA Thor,11.0,580.00,13.0,PTX ISA 9.3 / CUDA 13.0,1575.000,,,,bf16,128,128,16,32,128,190,1,discard,same,2,2,32,1,nocount,none,none,16,16,16,0,256,0,128,none,0,none,0,4,20,3678961.0,2335.848253968254,,,,,8192,,18.387184564337595,,,0,0.83203125,1,bf14b28d2af4128daa99f23eec8a5e105636d0b04136f8be580fdc39d6f1f97d,
07_config_matrix,cfg_bf16_m128n128k16_c256_none_discard_same,0,max_abs_error>0.25,NVIDIA Thor,11.0,580.00,13.0,PTX ISA 9.3 / CUDA 13.0,1575.000,,,,bf16,128,128,16,32,128,190,2,discard,same,2,2,32,1,nocount,none,none,16,16,16,0,256,0,128,none,0,none,0,4,20,3678958.0,2335.8463492063493,,,,,8192,,18.387199558135755,,,0,0.83203125,1,bf14b28d2af4128daa99f23eec8a5e105636d0b04136f8be580fdc39d6f1f97d,
07_config_matrix,cfg_bf16_m128n128k16_c256_none_discard_same,0,max_abs_error>0.25,NVIDIA Thor,11.0,580.00,13.0,PTX ISA 9.3 / CUDA 13.0,1575.000,,,,bf16,128,128,16,32,128,190,3,discard,same,2,2,32,1,nocount,none,none,16,16,16,0,256,0,128,none,0,none,0,4,20,3678994.0,2335.8692063492063,,,,,8192,,18.387019634171736,,,0,0.83203125,1,bf14b28d2af4128daa99f23eec8a5e105636d0b04136f8be580fdc39d6f1f97d,
07_config_matrix,cfg_bf16_m128n128k16_c256_none_discard_same,0,max_abs_error>0.25,NVIDIA Thor,11.0,580.00,13.0,PTX ISA 9.3 / CUDA 13.0,1575.000,,,,bf16,128,128,16,32,128,190,4,discard,same,2,2,32,1,nocount,none,none,16,16,16,0,256,0,128,none,0,none,0,4,20,3678987.0,2335.864761904762,,,,,8192,,18.387054619111183,,,0,0.83203125,1,bf14b28d2af4128daa99f23eec8a5e105636d0b04136f8be580fdc39d6f1f97d,
07_config_matrix,cfg_fp16_m128n128k16_c128_none_fill_use_lastuse_pingpong,0,max_abs_error>0.05,NVIDIA Thor,11.0,580.00,13.0,PTX ISA 9.3 / CUDA 13.0,1575.000,,,,fp16,128,128,16,32,128,191,0,fill_use_lastuse,pingpong,1,1,32,1,nocount,none,none,16,16,16,0,128,0,128,none,0,none,0,4,20,3282388.0,2084.055873015873,,,,,8192,,20.608695532642695,,,0,0.791015625,1,bf14b28d2af4128daa99f23eec8a5e105636d0b04136f8be580fdc39d6f1f97d,; UTCHMMA=21;UTCHMMA_WS=16;UTCBAR=1;UTCATOMSWS=3;SYNCS_TRYWAIT=8;LDS=21;LDG=9;ptx_tcgen05_mma=21;ptx_tcgen05_mma_ws=16;ptx_tcgen05_commit=1;ptx_tcgen05_alloc=1;ptx_tcgen05_dealloc=1;ptx_tcgen05_ld=5;ptx_tcgen05_st=5;ptx_mbarrier_wait=5;ptx_cp_async_tma=2;ptx_ld_shared=26;ptx_ld_global=7
07_config_matrix,cfg_fp16_m128n128k16_c128_none_fill_use_lastuse_pingpong,0,max_abs_error>0.05,NVIDIA Thor,11.0,580.00,13.0,PTX ISA 9.3 / CUDA 13.0,1575.000,,,,fp16,128,128,16,32,128,191,1,fill_use_lastuse,pingpong,1,1,32,1,nocount,none,none,16,16,16,0,128,0,128,none,0,none,0,4,20,3281362.0,2083.4044444444444,,,,,8192,,20.615139357376602,,,0,0.791015625,1,bf14b28d2af4128daa99f23eec8a5e105636d0b04136f8be580fdc39d6f1f97d,
07_config_matrix,cfg_fp16_m128n128k16_c128_none_fill_use_lastuse_pingpong,0,max_abs_error>0.05,NVIDIA Thor,11.0,580.00,13.0,PTX ISA 9.3 / CUDA 13.0,1575.000,,,,fp16,128,128,16,32,128,191,2,fill_use_lastuse,pingpong,1,1,32,1,nocount,none,none,16,16,16,0,128,0,128,none,0,none,0,4,20,3281364.0,2083.405714285714,,,,,8192,,20.61512679239487,,,0,0.791015625,1,bf14b28d2af4128daa99f23eec8a5e105636d0b04136f8be580fdc39d6f1f97d,
07_config_matrix,cfg_fp16_m128n128k16_c128_none_fill_use_lastuse_pingpong,0,max_abs_error>0.05,NVIDIA Thor,11.0,580.00,13.0,PTX ISA 9.3 / CUDA 13.0,1575.000,,,,fp16,128,128,16,32,128,191,3,fill_use_lastuse,pingpong,1,1,32,1,nocount,none,none,16,16,16,0,128,0,128,none,0,none,0,4,20,3281355.0,2083.4,,,,,8192,,20.61518333493328,,,0,0.791015625,1,bf14b28d2af4128daa99f23eec8a5e105636d0b04136f8be580fdc39d6f1f97d,
07_config_matrix,cfg_fp16_m128n128k16_c128_none_fill_use_lastuse_pingpong,0,max_abs_error>0.05,NVIDIA Thor,11.0,580.00,13.0,PTX ISA 9.3 / CUDA 13.0,1575.000,,,,fp16,128,128,16,32,128,191,4,fill_use_lastuse,pingpong,1,1,32,1,nocount,none,none,16,16,16,0,128,0,128,none,0,none,0,4,20,3281358.0,2083.4019047619045,,,,,8192,,20.615164487386014,,,0,0.791015625,1,bf14b28d2af4128daa99f23eec8a5e105636d0b04136f8be580fdc39d6f1f97d,
07_config_matrix,cfg_fp16_m128n128k16_c512_none_discard_same,0,max_abs_error>0.05,NVIDIA Thor,11.0,580.00,13.0,PTX ISA 9.3 / CUDA 13.0,1575.000,,,,fp16,128,128,16,32,128,192,0,discard,same,4,4,32,1,nocount,none,none,16,16,16,0,512,0,128,none,0,none,0,4,20,3678991.0,2335.867301587302,,,,,8192,,18.38703462770091,,,0,0.83203125,1,bf14b28d2af4128daa99f23eec8a5e105636d0b04136f8be580fdc39d6f1f97d,; UTCHMMA=21;UTCHMMA_WS=16;UTCBAR=1;UTCATOMSWS=3;SYNCS_TRYWAIT=8;LDS=21;LDG=9;ptx_tcgen05_mma=21;ptx_tcgen05_mma_ws=16;ptx_tcgen05_commit=1;ptx_tcgen05_alloc=1;ptx_tcgen05_dealloc=1;ptx_tcgen05_ld=5;ptx_tcgen05_st=5;ptx_mbarrier_wait=5;ptx_cp_async_tma=2;ptx_ld_shared=26;ptx_ld_global=7
07_config_matrix,cfg_fp16_m128n128k16_c512_none_discard_same,0,max_abs_error>0.05,NVIDIA Thor,11.0,580.00,13.0,PTX ISA 9.3 / CUDA 13.0,1575.000,,,,fp16,128,128,16,32,128,192,1,discard,same,4,4,32,1,nocount,none,none,16,16,16,0,512,0,128,none,0,none,0,4,20,3678962.0,2335.8488888888887,,,,,8192,,18.387179566410307,,,0,0.83203125,1,bf14b28d2af4128daa99f23eec8a5e105636d0b04136f8be580fdc39d6f1f97d,
07_config_matrix,cfg_fp16_m128n128k16_c512_none_discard_same,0,max_abs_error>0.05,NVIDIA Thor,11.0,580.00,13.0,PTX ISA 9.3 / CUDA 13.0,1575.000,,,,fp16,128,128,16,32,128,192,2,discard,same,4,4,32,1,nocount,none,none,16,16,16,0,512,0,128,none,0,none,0,4,20,3678991.0,2335.867301587302,,,,,8192,,18.38703462770091,,,0,0.83203125,1,bf14b28d2af4128daa99f23eec8a5e105636d0b04136f8be580fdc39d6f1f97d,
07_config_matrix,cfg_fp16_m128n128k16_c512_none_discard_same,0,max_abs_error>0.05,NVIDIA Thor,11.0,580.00,13.0,PTX ISA 9.3 / CUDA 13.0,1575.000,,,,fp16,128,128,16,32,128,192,3,discard,same,4,4,32,1,nocount,none,none,16,16,16,0,512,0,128,none,0,none,0,4,20,3678956.0,2335.845079365079,,,,,8192,,18.38720955401478,,,0,0.83203125,1,bf14b28d2af4128daa99f23eec8a5e105636d0b04136f8be580fdc39d6f1f97d,
07_config_matrix,cfg_fp16_m128n128k16_c512_none_discard_same,0,max_abs_error>0.05,NVIDIA Thor,11.0,580.00,13.0,PTX ISA 9.3 / CUDA 13.0,1575.000,,,,fp16,128,128,16,32,128,192,4,discard,same,4,4,32,1,nocount,none,none,16,16,16,0,512,0,128,none,0,none,0,4,20,3678992.0,2335.8679365079365,,,,,8192,,18.38702962985513,,,0,0.83203125,1,bf14b28d2af4128daa99f23eec8a5e105636d0b04136f8be580fdc39d6f1f97d,
07_config_matrix,cfg_fp16_m128n256k16_c512_sw64_fill_use_lastuse_same,1,,NVIDIA Thor,11.0,580.00,13.0,PTX ISA 9.3 / CUDA 13.0,1575.000,,,,fp16,128,256,16,32,128,193,0,fill_use_lastuse,same,2,2,32,1,nocount,sw64,sw64,16,16,16,0,512,0,256,none,0,none,0,4,20,3664480.0,2326.6539682539683,,,,,12288,,36.91969114963105,,,0,0.0,1,bf14b28d2af4128daa99f23eec8a5e105636d0b04136f8be580fdc39d6f1f97d,; UTCHMMA=21;UTCHMMA_WS=16;UTCBAR=1;UTCATOMSWS=3;SYNCS_TRYWAIT=8;LDS=21;LDG=9;ptx_tcgen05_mma=21;ptx_tcgen05_mma_ws=16;ptx_tcgen05_commit=1;ptx_tcgen05_alloc=1;ptx_tcgen05_dealloc=1;ptx_tcgen05_ld=5;ptx_tcgen05_st=5;ptx_mbarrier_wait=5;ptx_cp_async_tma=2;ptx_ld_shared=26;ptx_ld_global=7
07_config_matrix,cfg_fp16_m128n256k16_c512_sw64_fill_use_lastuse_same,1,,NVIDIA Thor,11.0,580.00,13.0,PTX ISA 9.3 / CUDA 13.0,1575.000,,,,fp16,128,256,16,32,128,193,1,fill_use_lastuse,same,2,2,32,1,nocount,sw64,sw64,16,16,16,0,512,0,256,none,0,none,0,4,20,3664474.0,2326.6501587301586,,,,,12288,,36.91975159982033,,,0,0.0,1,bf14b28d2af4128daa99f23eec8a5e105636d0b04136f8be580fdc39d6f1f97d,
07_config_matrix,cfg_fp16_m128n256k16_c512_sw64_fill_use_lastuse_same,1,,NVIDIA Thor,11.0,580.00,13.0,PTX ISA 9.3 / CUDA 13.0,1575.000,,,,fp16,128,256,16,32,128,193,2,fill_use_lastuse,same,2,2,32,1,nocount,sw64,sw64,16,16,16,0,512,0,256,none,0,none,0,4,20,3664484.0,2326.6565079365078,,,,,12288,,36.91965084961485,,,0,0.0,1,bf14b28d2af4128daa99f23eec8a5e105636d0b04136f8be580fdc39d6f1f97d,
07_config_matrix,cfg_fp16_m128n256k16_c512_sw64_fill_use_lastuse_same,1,,NVIDIA Thor,11.0,580.00,13.0,PTX ISA 9.3 / CUDA 13.0,1575.000,,,,fp16,128,256,16,32,128,193,3,fill_use_lastuse,same,2,2,32,1,nocount,sw64,sw64,16,16,16,0,512,0,256,none,0,none,0,4,20,3664475.0,2326.6507936507937,,,,,12288,,36.91974152477504,,,0,0.0,1,bf14b28d2af4128daa99f23eec8a5e105636d0b04136f8be580fdc39d6f1f97d,
07_config_matrix,cfg_fp16_m128n256k16_c512_sw64_fill_use_lastuse_same,1,,NVIDIA Thor,11.0,580.00,13.0,PTX ISA 9.3 / CUDA 13.0,1575.000,,,,fp16,128,256,16,32,128,193,4,fill_use_lastuse,same,2,2,32,1,nocount,sw64,sw64,16,16,16,0,512,0,256,none,0,none,0,4,20,3664477.0,2326.6520634920635,,,,,12288,,36.91972137470095,,,0,0.0,1,bf14b28d2af4128daa99f23eec8a5e105636d0b04136f8be580fdc39d6f1f97d,
07_config_matrix,cfg_bf16_m128n128k16_c128_none_discard_pingpong,0,max_abs_error>0.25,NVIDIA Thor,11.0,580.00,13.0,PTX ISA 9.3 / CUDA 13.0,1575.000,,,,bf16,128,128,16,32,128,194,0,discard,pingpong,1,1,32,1,nocount,none,none,16,16,16,0,128,0,128,none,0,none,0,4,20,3181153.0,2019.7796825396824,,,,,8192,,21.264533617842336,,,0,0.791015625,1,bf14b28d2af4128daa99f23eec8a5e105636d0b04136f8be580fdc39d6f1f97d,; UTCHMMA=21;UTCHMMA_WS=16;UTCBAR=1;UTCATOMSWS=3;SYNCS_TRYWAIT=8;LDS=21;LDG=9;ptx_tcgen05_mma=21;ptx_tcgen05_mma_ws=16;ptx_tcgen05_commit=1;ptx_tcgen05_alloc=1;ptx_tcgen05_dealloc=1;ptx_tcgen05_ld=5;ptx_tcgen05_st=5;ptx_mbarrier_wait=5;ptx_cp_async_tma=2;ptx_ld_shared=26;ptx_ld_global=7
07_config_matrix,cfg_bf16_m128n128k16_c128_none_discard_pingpong,0,max_abs_error>0.25,NVIDIA Thor,11.0,580.00,13.0,PTX ISA 9.3 / CUDA 13.0,1575.000,,,,bf16,128,128,16,32,128,194,1,discard,pingpong,1,1,32,1,nocount,none,none,16,16,16,0,128,0,128,none,0,none,0,4,20,3181154.0,2019.7803174603173,,,,,8192,,21.264526933307852,,,0,0.791015625,1,bf14b28d2af4128daa99f23eec8a5e105636d0b04136f8be580fdc39d6f1f97d,
07_config_matrix,cfg_bf16_m128n128k16_c128_none_discard_pingpong,0,max_abs_error>0.25,NVIDIA Thor,11.0,580.00,13.0,PTX ISA 9.3 / CUDA 13.0,1575.000,,,,bf16,128,128,16,32,128,194,2,discard,pingpong,1,1,32,1,nocount,none,none,16,16,16,0,128,0,128,none,0,none,0,4,20,3181146.0,2019.7752380952381,,,,,8192,,21.26458040970141,,,0,0.791015625,1,bf14b28d2af4128daa99f23eec8a5e105636d0b04136f8be580fdc39d6f1f97d,
07_config_matrix,cfg_bf16_m128n128k16_c128_none_discard_pingpong,0,max_abs_error>0.25,NVIDIA Thor,11.0,580.00,13.0,PTX ISA 9.3 / CUDA 13.0,1575.000,,,,bf16,128,128,16,32,128,194,3,discard,pingpong,1,1,32,1,nocount,none,none,16,16,16,0,128,0,128,none,0,none,0,4,20,3181147.0,2019.7758730158728,,,,,8192,,21.26457372513751,,,0,0.791015625,1,bf14b28d2af4128daa99f23eec8a5e105636d0b04136f8be580fdc39d6f1f97d,
07_config_matrix,cfg_bf16_m128n128k16_c128_none_discard_pingpong,0,max_abs_error>0.25,NVIDIA Thor,11.0,580.00,13.0,PTX ISA 9.3 / CUDA 13.0,1575.000,,,,bf16,128,128,16,32,128,194,4,discard,pingpong,1,1,32,1,nocount,none,none,16,16,16,0,128,0,128,none,0,none,0,4,20,3181156.0,2019.7815873015873,,,,,8192,,21.264513564251487,,,0,0.791015625,1,bf14b28d2af4128daa99f23eec8a5e105636d0b04136f8be580fdc39d6f1f97d,
07_config_matrix,cfg_fp16_m128n64k16_c128_sw64_fill_use_lastuse_same,1,,NVIDIA Thor,11.0,580.00,13.0,PTX ISA 9.3 / CUDA 13.0,1575.000,,,,fp16,128,64,16,32,128,195,0,fill_use_lastuse,same,2,2,32,1,nocount,sw64,sw64,16,16,16,0,128,0,64,none,0,none,0,4,20,3664483.0,2326.655873015873,,,,,6144,,9.229915231152662,,,0,0.0,1,bf14b28d2af4128daa99f23eec8a5e105636d0b04136f8be580fdc39d6f1f97d,; UTCHMMA=21;UTCHMMA_WS=16;UTCBAR=1;UTCATOMSWS=3;SYNCS_TRYWAIT=8;LDS=21;LDG=9;ptx_tcgen05_mma=21;ptx_tcgen05_mma_ws=16;ptx_tcgen05_commit=1;ptx_tcgen05_alloc=1;ptx_tcgen05_dealloc=1;ptx_tcgen05_ld=5;ptx_tcgen05_st=5;ptx_mbarrier_wait=5;ptx_cp_async_tma=2;ptx_ld_shared=26;ptx_ld_global=7
07_config_matrix,cfg_fp16_m128n64k16_c128_sw64_fill_use_lastuse_same,1,,NVIDIA Thor,11.0,580.00,13.0,PTX ISA 9.3 / CUDA 13.0,1575.000,,,,fp16,128,64,16,32,128,195,1,fill_use_lastuse,same,2,2,32,1,nocount,sw64,sw64,16,16,16,0,128,0,64,none,0,none,0,4,20,3664476.0,2326.651428571429,,,,,6144,,9.229932862433811,,,0,0.0,1,bf14b28d2af4128daa99f23eec8a5e105636d0b04136f8be580fdc39d6f1f97d,
07_config_matrix,cfg_fp16_m128n64k16_c128_sw64_fill_use_lastuse_same,1,,NVIDIA Thor,11.0,580.00,13.0,PTX ISA 9.3 / CUDA 13.0,1575.000,,,,fp16,128,64,16,32,128,195,2,fill_use_lastuse,same,2,2,32,1,nocount,sw64,sw64,16,16,16,0,128,0,64,none,0,none,0,4,20,3664590.0,2326.72380952381,,,,,6144,,9.229645732810491,,,0,0.0,1,bf14b28d2af4128daa99f23eec8a5e105636d0b04136f8be580fdc39d6f1f97d,
07_config_matrix,cfg_fp16_m128n64k16_c128_sw64_fill_use_lastuse_same,1,,NVIDIA Thor,11.0,580.00,13.0,PTX ISA 9.3 / CUDA 13.0,1575.000,,,,fp16,128,64,16,32,128,195,3,fill_use_lastuse,same,2,2,32,1,nocount,sw64,sw64,16,16,16,0,128,0,64,none,0,none,0,4,20,3664479.0,2326.653333333333,,,,,6144,,9.229925306162214,,,0,0.0,1,bf14b28d2af4128daa99f23eec8a5e105636d0b04136f8be580fdc39d6f1f97d,
07_config_matrix,cfg_fp16_m128n64k16_c128_sw64_fill_use_lastuse_same,1,,NVIDIA Thor,11.0,580.00,13.0,PTX ISA 9.3 / CUDA 13.0,1575.000,,,,fp16,128,64,16,32,128,195,4,fill_use_lastuse,same,2,2,32,1,nocount,sw64,sw64,16,16,16,0,128,0,64,none,0,none,0,4,20,3664471.0,2326.6482539682543,,,,,6144,,9.229945456247298,,,0,0.0,1,bf14b28d2af4128daa99f23eec8a5e105636d0b04136f8be580fdc39d6f1f97d,
07_config_matrix,cfg_bf16_m128n64k16_c256_sw32_fill_use_lastuse_pingpong,1,,NVIDIA Thor,11.0,580.00,13.0,PTX ISA 9.3 / CUDA 13.0,1575.000,,,,bf16,128,64,16,32,128,196,0,fill_use_lastuse,pingpong,4,4,32,1,nocount,sw32,sw32,16,16,16,0,256,0,64,none,0,none,0,4,20,3488013.0,2214.6114285714284,,,,,6144,,9.696886868254218,,,0,0.0,1,bf14b28d2af4128daa99f23eec8a5e105636d0b04136f8be580fdc39d6f1f97d,; UTCHMMA=21;UTCHMMA_WS=16;UTCBAR=1;UTCATOMSWS=3;SYNCS_TRYWAIT=8;LDS=21;LDG=9;ptx_tcgen05_mma=21;ptx_tcgen05_mma_ws=16;ptx_tcgen05_commit=1;ptx_tcgen05_alloc=1;ptx_tcgen05_dealloc=1;ptx_tcgen05_ld=5;ptx_tcgen05_st=5;ptx_mbarrier_wait=5;ptx_cp_async_tma=2;ptx_ld_shared=26;ptx_ld_global=7
07_config_matrix,cfg_bf16_m128n64k16_c256_sw32_fill_use_lastuse_pingpong,1,,NVIDIA Thor,11.0,580.00,13.0,PTX ISA 9.3 / CUDA 13.0,1575.000,,,,bf16,128,64,16,32,128,196,1,fill_use_lastuse,pingpong,4,4,32,1,nocount,sw32,sw32,16,16,16,0,256,0,64,none,0,none,0,4,20,3488015.0,2214.612698412698,,,,,6144,,9.696881308136577,,,0,0.0,1,bf14b28d2af4128daa99f23eec8a5e105636d0b04136f8be580fdc39d6f1f97d,
07_config_matrix,cfg_bf16_m128n64k16_c256_sw32_fill_use_lastuse_pingpong,1,,NVIDIA Thor,11.0,580.00,13.0,PTX ISA 9.3 / CUDA 13.0,1575.000,,,,bf16,128,64,16,32,128,196,2,fill_use_lastuse,pingpong,4,4,32,1,nocount,sw32,sw32,16,16,16,0,256,0,64,none,0,none,0,4,20,3488014.0,2214.6120634920635,,,,,6144,,9.696884088194599,,,0,0.0,1,bf14b28d2af4128daa99f23eec8a5e105636d0b04136f8be580fdc39d6f1f97d,
07_config_matrix,cfg_bf16_m128n64k16_c256_sw32_fill_use_lastuse_pingpong,1,,NVIDIA Thor,11.0,580.00,13.0,PTX ISA 9.3 / CUDA 13.0,1575.000,,,,bf16,128,64,16,32,128,196,3,fill_use_lastuse,pingpong,4,4,32,1,nocount,sw32,sw32,16,16,16,0,256,0,64,none,0,none,0,4,20,3922301.0,2490.3498412698414,,,,,6144,,8.623220771684784,,,0,0.0,1,bf14b28d2af4128daa99f23eec8a5e105636d0b04136f8be580fdc39d6f1f97d,
07_config_matrix,cfg_bf16_m128n64k16_c256_sw32_fill_use_lastuse_pingpong,1,,NVIDIA Thor,11.0,580.00,13.0,PTX ISA 9.3 / CUDA 13.0,1575.000,,,,bf16,128,64,16,32,128,196,4,fill_use_lastuse,pingpong,4,4,32,1,nocount,sw32,sw32,16,16,16,0,256,0,64,none,0,none,0,4,20,3488014.0,2214.6120634920635,,,,,6144,,9.696884088194599,,,0,0.0,1,bf14b28d2af4128daa99f23eec8a5e105636d0b04136f8be580fdc39d6f1f97d,
07_config_matrix,cfg_bf16_m128n64k16_c256_none_discard_pingpong,0,max_abs_error>0.25,NVIDIA Thor,11.0,580.00,13.0,PTX ISA 9.3 / CUDA 13.0,1575.000,,,,bf16,128,64,16,32,128,197,0,discard,pingpong,4,4,32,1,nocount,none,none,16,16,16,0,256,0,64,none,0,none,0,4,20,3678614.0,2335.6279365079367,,,,,6144,,9.19445950458515,,,0,0.83203125,1,bf14b28d2af4128daa99f23eec8a5e105636d0b04136f8be580fdc39d6f1f97d,; UTCHMMA=21;UTCHMMA_WS=16;UTCBAR=1;UTCATOMSWS=3;SYNCS_TRYWAIT=8;LDS=21;LDG=9;ptx_tcgen05_mma=21;ptx_tcgen05_mma_ws=16;ptx_tcgen05_commit=1;ptx_tcgen05_alloc=1;ptx_tcgen05_dealloc=1;ptx_tcgen05_ld=5;ptx_tcgen05_st=5;ptx_mbarrier_wait=5;ptx_cp_async_tma=2;ptx_ld_shared=26;ptx_ld_global=7
07_config_matrix,cfg_bf16_m128n64k16_c256_none_discard_pingpong,0,max_abs_error>0.25,NVIDIA Thor,11.0,580.00,13.0,PTX ISA 9.3 / CUDA 13.0,1575.000,,,,bf16,128,64,16,32,128,197,1,discard,pingpong,4,4,32,1,nocount,none,none,16,16,16,0,256,0,64,none,0,none,0,4,20,3678617.0,2335.629841269841,,,,,6144,,9.194452006283882,,,0,0.83203125,1,bf14b28d2af4128daa99f23eec8a5e105636d0b04136f8be580fdc39d6f1f97d,
07_config_matrix,cfg_bf16_m128n64k16_c256_none_discard_pingpong,0,max_abs_error>0.25,NVIDIA Thor,11.0,580.00,13.0,PTX ISA 9.3 / CUDA 13.0,1575.000,,,,bf16,128,64,16,32,128,197,2,discard,pingpong,4,4,32,1,nocount,none,none,16,16,16,0,256,0,64,none,0,none,0,4,20,3678581.0,2335.606984126984,,,,,6144,,9.194541986706287,,,0,0.83203125,1,bf14b28d2af4128daa99f23eec8a5e105636d0b04136f8be580fdc39d6f1f97d,
07_config_matrix,cfg_bf16_m128n64k16_c256_none_discard_pingpong,0,max_abs_error>0.25,NVIDIA Thor,11.0,580.00,13.0,PTX ISA 9.3 / CUDA 13.0,1575.000,,,,bf16,128,64,16,32,128,197,3,discard,pingpong,4,4,32,1,nocount,none,none,16,16,16,0,256,0,64,none,0,none,0,4,20,3678578.0,2335.6050793650793,,,,,6144,,9.194549485154319,,,0,0.83203125,1,bf14b28d2af4128daa99f23eec8a5e105636d0b04136f8be580fdc39d6f1f97d,
07_config_matrix,cfg_bf16_m128n64k16_c256_none_discard_pingpong,0,max_abs_error>0.25,NVIDIA Thor,11.0,580.00,13.0,PTX ISA 9.3 / CUDA 13.0,1575.000,,,,bf16,128,64,16,32,128,197,4,discard,pingpong,4,4,32,1,nocount,none,none,16,16,16,0,256,0,64,none,0,none,0,4,20,3678580.0,2335.606349206349,,,,,6144,,9.194544486187606,,,0,0.83203125,1,bf14b28d2af4128daa99f23eec8a5e105636d0b04136f8be580fdc39d6f1f97d,
07_config_matrix,cfg_bf16_m128n128k16_c512_sw128_discard_same,1,,NVIDIA Thor,11.0,580.00,13.0,PTX ISA 9.3 / CUDA 13.0,1575.000,,,,bf16,128,128,16,32,128,198,0,discard,same,4,4,32,1,nocount,sw128,sw128,16,16,16,0,512,0,128,none,0,none,0,4,20,3678991.0,2335.867301587302,,,,,8192,,18.38703462770091,,,0,0.0,1,bf14b28d2af4128daa99f23eec8a5e105636d0b04136f8be580fdc39d6f1f97d,; UTCHMMA=21;UTCHMMA_WS=16;UTCBAR=1;UTCATOMSWS=3;SYNCS_TRYWAIT=8;LDS=21;LDG=9;ptx_tcgen05_mma=21;ptx_tcgen05_mma_ws=16;ptx_tcgen05_commit=1;ptx_tcgen05_alloc=1;ptx_tcgen05_dealloc=1;ptx_tcgen05_ld=5;ptx_tcgen05_st=5;ptx_mbarrier_wait=5;ptx_cp_async_tma=2;ptx_ld_shared=26;ptx_ld_global=7
07_config_matrix,cfg_bf16_m128n128k16_c512_sw128_discard_same,1,,NVIDIA Thor,11.0,580.00,13.0,PTX ISA 9.3 / CUDA 13.0,1575.000,,,,bf16,128,128,16,32,128,198,1,discard,same,4,4,32,1,nocount,sw128,sw128,16,16,16,0,512,0,128,none,0,none,0,4,20,3678989.0,2335.8660317460317,,,,,8192,,18.387044623400612,,,0,0.0,1,bf14b28d2af4128daa99f23eec8a5e105636d0b04136f8be580fdc39d6f1f97d,
07_config_matrix,cfg_bf16_m128n128k16_c512_sw128_discard_same,1,,NVIDIA Thor,11.0,580.00,13.0,PTX ISA 9.3 / CUDA 13.0,1575.000,,,,bf16,128,128,16,32,128,198,2,discard,same,4,4,32,1,nocount,sw128,sw128,16,16,16,0,512,0,128,none,0,none,0,4,20,3678990.0,2335.8666666666663,,,,,8192,,18.387039625549406,,,0,0.0,1,bf14b28d2af4128daa99f23eec8a5e105636d0b04136f8be580fdc39d6f1f97d,
07_config_matrix,cfg_bf16_m128n128k16_c512_sw128_discard_same,1,,NVIDIA Thor,11.0,580.00,13.0,PTX ISA 9.3 / CUDA 13.0,1575.000,,,,bf16,128,128,16,32,128,198,3,discard,same,4,4,32,1,nocount,sw128,sw128,16,16,16,0,512,0,128,none,0,none,0,4,20,3678987.0,2335.864761904762,,,,,8192,,18.387054619111183,,,0,0.0,1,bf14b28d2af4128daa99f23eec8a5e105636d0b04136f8be580fdc39d6f1f97d,
07_config_matrix,cfg_bf16_m128n128k16_c512_sw128_discard_same,1,,NVIDIA Thor,11.0,580.00,13.0,PTX ISA 9.3 / CUDA 13.0,1575.000,,,,bf16,128,128,16,32,128,198,4,discard,same,4,4,32,1,nocount,sw128,sw128,16,16,16,0,512,0,128,none,0,none,0,4,20,3678958.0,2335.8463492063493,,,,,8192,,18.387199558135755,,,0,0.0,1,bf14b28d2af4128daa99f23eec8a5e105636d0b04136f8be580fdc39d6f1f97d,
07_config_matrix,cfg_fp16_m128n64k16_c256_sw32_fill_use_lastuse_pingpong,1,,NVIDIA Thor,11.0,580.00,13.0,PTX ISA 9.3 / CUDA 13.0,1575.000,,,,fp16,128,64,16,32,128,199,0,fill_use_lastuse,pingpong,4,4,32,1,nocount,sw32,sw32,16,16,16,0,256,0,64,none,0,none,0,4,20,3488018.0,2214.6146031746034,,,,,6144,,9.696872967972068,,,0,0.0,1,bf14b28d2af4128daa99f23eec8a5e105636d0b04136f8be580fdc39d6f1f97d,; UTCHMMA=21;UTCHMMA_WS=16;UTCBAR=1;UTCATOMSWS=3;SYNCS_TRYWAIT=8;LDS=21;LDG=9;ptx_tcgen05_mma=21;ptx_tcgen05_mma_ws=16;ptx_tcgen05_commit=1;ptx_tcgen05_alloc=1;ptx_tcgen05_dealloc=1;ptx_tcgen05_ld=5;ptx_tcgen05_st=5;ptx_mbarrier_wait=5;ptx_cp_async_tma=2;ptx_ld_shared=26;ptx_ld_global=7
07_config_matrix,cfg_fp16_m128n64k16_c256_sw32_fill_use_lastuse_pingpong,1,,NVIDIA Thor,11.0,580.00,13.0,PTX ISA 9.3 / CUDA 13.0,1575.000,,,,fp16,128,64,16,32,128,199,1,fill_use_lastuse,pingpong,4,4,32,1,nocount,sw32,sw32,16,16,16,0,256,0,64,none,0,none,0,4,20,3488016.0,2214.6133333333332,,,,,6144,,9.696878528080147,,,0,0.0,1,bf14b28d2af4128daa99f23eec8a5e105636d0b04136f8be580fdc39d6f1f97d,
07_config_matrix,cfg_fp16_m128n64k16_c256_sw32_fill_use_lastuse_pingpong,1,,NVIDIA Thor,11.0,580.00,13.0,PTX ISA 9.3 / CUDA 13.0,1575.000,,,,fp16,128,64,16,32,128,199,2,fill_use_lastuse,pingpong,4,4,32,1,nocount,sw32,sw32,16,16,16,0,256,0,64,none,0,none,0,4,20,3488018.0,2214.6146031746034,,,,,6144,,9.696872967972068,,,0,0.0,1,bf14b28d2af4128daa99f23eec8a5e105636d0b04136f8be580fdc39d6f1f97d,
07_config_matrix,cfg_fp16_m128n64k16_c256_sw32_fill_use_lastuse_pingpong,1,,NVIDIA Thor,11.0,580.00,13.0,PTX ISA 9.3 / CUDA 13.0,1575.000,,,,fp16,128,64,16,32,128,199,3,fill_use_lastuse,pingpong,4,4,32,1,nocount,sw32,sw32,16,16,16,0,256,0,64,none,0,none,0,4,20,3488020.0,2214.615873015873,,,,,6144,,9.696867407870368,,,0,0.0,1,bf14b28d2af4128daa99f23eec8a5e105636d0b04136f8be580fdc39d6f1f97d,
07_config_matrix,cfg_fp16_m128n64k16_c256_sw32_fill_use_lastuse_pingpong,1,,NVIDIA Thor,11.0,580.00,13.0,PTX ISA 9.3 / CUDA 13.0,1575.000,,,,fp16,128,64,16,32,128,199,4,fill_use_lastuse,pingpong,4,4,32,1,nocount,sw32,sw32,16,16,16,0,256,0,64,none,0,none,0,4,20,3488013.0,2214.6114285714284,,,,,6144,,9.696886868254218,,,0,0.0,1,bf14b28d2af4128daa99f23eec8a5e105636d0b04136f8be580fdc39d6f1f97d,
07_config_matrix,cfg_bf16_m128n256k16_c256_none_discard_pingpong,0,max_abs_error>0.25,NVIDIA Thor,11.0,580.00,13.0,PTX ISA 9.3 / CUDA 13.0,1575.000,,,,bf16,128,256,16,32,128,200,0,discard,pingpong,1,1,32,1,nocount,none,none,16,16,16,0,256,0,256,none,0,none,0,4,20,3181786.0,2020.1815873015873,,,,,12288,,42.52060629596082,,,0,0.791015625,1,bf14b28d2af4128daa99f23eec8a5e105636d0b04136f8be580fdc39d6f1f97d,; UTCHMMA=21;UTCHMMA_WS=16;UTCBAR=1;UTCATOMSWS=3;SYNCS_TRYWAIT=8;LDS=21;LDG=9;ptx_tcgen05_mma=21;ptx_tcgen05_mma_ws=16;ptx_tcgen05_commit=1;ptx_tcgen05_alloc=1;ptx_tcgen05_dealloc=1;ptx_tcgen05_ld=5;ptx_tcgen05_st=5;ptx_mbarrier_wait=5;ptx_cp_async_tma=2;ptx_ld_shared=26;ptx_ld_global=7
07_config_matrix,cfg_bf16_m128n256k16_c256_none_discard_pingpong,0,max_abs_error>0.25,NVIDIA Thor,11.0,580.00,13.0,PTX ISA 9.3 / CUDA 13.0,1575.000,,,,bf16,128,256,16,32,128,200,1,discard,pingpong,1,1,32,1,nocount,none,none,16,16,16,0,256,0,256,none,0,none,0,4,20,3181547.0,2020.0298412698412,,,,,12288,,42.52380047316605,,,0,0.791015625,1,bf14b28d2af4128daa99f23eec8a5e105636d0b04136f8be580fdc39d6f1f97d,
07_config_matrix,cfg_bf16_m128n256k16_c256_none_discard_pingpong,0,max_abs_error>0.25,NVIDIA Thor,11.0,580.00,13.0,PTX ISA 9.3 / CUDA 13.0,1575.000,,,,bf16,128,256,16,32,128,200,2,discard,pingpong,1,1,32,1,nocount,none,none,16,16,16,0,256,0,256,none,0,none,0,4,20,3181545.0,2020.0285714285712,,,,,12288,,42.523827204707146,,,0,0.791015625,1,bf14b28d2af4128daa99f23eec8a5e105636d0b04136f8be580fdc39d6f1f97d,
07_config_matrix,cfg_bf16_m128n256k16_c256_none_discard_pingpong,0,max_abs_error>0.25,NVIDIA Thor,11.0,580.00,13.0,PTX ISA 9.3 / CUDA 13.0,1575.000,,,,bf16,128,256,16,32,128,200,3,discard,pingpong,1,1,32,1,nocount,none,none,16,16,16,0,256,0,256,none,0,none,0,4,20,3181787.0,2020.1822222222222,,,,,12288,,42.52059293221073,,,0,0.791015625,1,bf14b28d2af4128daa99f23eec8a5e105636d0b04136f8be580fdc39d6f1f97d,
07_config_matrix,cfg_bf16_m128n256k16_c256_none_discard_pingpong,0,max_abs_error>0.25,NVIDIA Thor,11.0,580.00,13.0,PTX ISA 9.3 / CUDA 13.0,1575.000,,,,bf16,128,256,16,32,128,200,4,discard,pingpong,1,1,32,1,nocount,none,none,16,16,16,0,256,0,256,none,0,none,0,4,20,3181545.0,2020.0285714285712,,,,,12288,,42.523827204707146,,,0,0.791015625,1,bf14b28d2af4128daa99f23eec8a5e105636d0b04136f8be580fdc39d6f1f97d,
07_config_matrix,cfg_fp16_m128n64k16_c512_sw32_discard_same,1,,NVIDIA Thor,11.0,580.00,13.0,PTX ISA 9.3 / CUDA 13.0,1575.000,,,,fp16,128,64,16,32,128,201,0,discard,same,8,8,32,1,nocount,sw32,sw32,16,16,16,0,512,0,64,none,0,none,0,4,20,3387486.0,2150.7847619047616,,,,,6144,,9.98465158409511,,,0,0.0,1,bf14b28d2af4128daa99f23eec8a5e105636d0b04136f8be580fdc39d6f1f97d,; UTCHMMA=21;UTCHMMA_WS=16;UTCBAR=1;UTCATOMSWS=3;SYNCS_TRYWAIT=8;LDS=21;LDG=9;ptx_tcgen05_mma=21;ptx_tcgen05_mma_ws=16;ptx_tcgen05_commit=1;ptx_tcgen05_alloc=1;ptx_tcgen05_dealloc=1;ptx_tcgen05_ld=5;ptx_tcgen05_st=5;ptx_mbarrier_wait=5;ptx_cp_async_tma=2;ptx_ld_shared=26;ptx_ld_global=7
07_config_matrix,cfg_fp16_m128n64k16_c512_sw32_discard_same,1,,NVIDIA Thor,11.0,580.00,13.0,PTX ISA 9.3 / CUDA 13.0,1575.000,,,,fp16,128,64,16,32,128,201,1,discard,same,8,8,32,1,nocount,sw32,sw32,16,16,16,0,512,0,64,none,0,none,0,4,20,3387380.0,2150.7174603174603,,,,,6144,,9.984964030017299,,,0,0.0,1,bf14b28d2af4128daa99f23eec8a5e105636d0b04136f8be580fdc39d6f1f97d,
07_config_matrix,cfg_fp16_m128n64k16_c512_sw32_discard_same,1,,NVIDIA Thor,11.0,580.00,13.0,PTX ISA 9.3 / CUDA 13.0,1575.000,,,,fp16,128,64,16,32,128,201,2,discard,same,8,8,32,1,nocount,sw32,sw32,16,16,16,0,512,0,64,none,0,none,0,4,20,3387377.0,2150.7155555555555,,,,,6144,,9.984972873110966,,,0,0.0,1,bf14b28d2af4128daa99f23eec8a5e105636d0b04136f8be580fdc39d6f1f97d,
07_config_matrix,cfg_fp16_m128n64k16_c512_sw32_discard_same,1,,NVIDIA Thor,11.0,580.00,13.0,PTX ISA 9.3 / CUDA 13.0,1575.000,,,,fp16,128,64,16,32,128,201,3,discard,same,8,8,32,1,nocount,sw32,sw32,16,16,16,0,512,0,64,none,0,none,0,4,20,3387373.0,2150.713015873016,,,,,6144,,9.984984663926884,,,0,0.0,1,bf14b28d2af4128daa99f23eec8a5e105636d0b04136f8be580fdc39d6f1f97d,
07_config_matrix,cfg_fp16_m128n64k16_c512_sw32_discard_same,1,,NVIDIA Thor,11.0,580.00,13.0,PTX ISA 9.3 / CUDA 13.0,1575.000,,,,fp16,128,64,16,32,128,201,4,discard,same,8,8,32,1,nocount,sw32,sw32,16,16,16,0,512,0,64,none,0,none,0,4,20,3387378.0,2150.71619047619,,,,,6144,,9.984969925411336,,,0,0.0,1,bf14b28d2af4128daa99f23eec8a5e105636d0b04136f8be580fdc39d6f1f97d,
07_config_matrix,cfg_fp16_m128n64k16_c512_sw64_discard_pingpong,1,,NVIDIA Thor,11.0,580.00,13.0,PTX ISA 9.3 / CUDA 13.0,1575.000,,,,fp16,128,64,16,32,128,202,0,discard,pingpong,8,8,32,1,nocount,sw64,sw64,16,16,16,0,512,0,64,none,0,none,0,4,20,3562089.0,2261.6438095238095,,,,,6144,,9.495233683380736,,,0,0.0,1,bf14b28d2af4128daa99f23eec8a5e105636d0b04136f8be580fdc39d6f1f97d,; UTCHMMA=21;UTCHMMA_WS=16;UTCBAR=1;UTCATOMSWS=3;SYNCS_TRYWAIT=8;LDS=21;LDG=9;ptx_tcgen05_mma=21;ptx_tcgen05_mma_ws=16;ptx_tcgen05_commit=1;ptx_tcgen05_alloc=1;ptx_tcgen05_dealloc=1;ptx_tcgen05_ld=5;ptx_tcgen05_st=5;ptx_mbarrier_wait=5;ptx_cp_async_tma=2;ptx_ld_shared=26;ptx_ld_global=7
07_config_matrix,cfg_fp16_m128n64k16_c512_sw64_discard_pingpong,1,,NVIDIA Thor,11.0,580.00,13.0,PTX ISA 9.3 / CUDA 13.0,1575.000,,,,fp16,128,64,16,32,128,202,1,discard,pingpong,8,8,32,1,nocount,sw64,sw64,16,16,16,0,512,0,64,none,0,none,0,4,20,3562082.0,2261.639365079365,,,,,6144,,9.495252342871389,,,0,0.0,1,bf14b28d2af4128daa99f23eec8a5e105636d0b04136f8be580fdc39d6f1f97d,
07_config_matrix,cfg_fp16_m128n64k16_c512_sw64_discard_pingpong,1,,NVIDIA Thor,11.0,580.00,13.0,PTX ISA 9.3 / CUDA 13.0,1575.000,,,,fp16,128,64,16,32,128,202,2,discard,pingpong,8,8,32,1,nocount,sw64,sw64,16,16,16,0,512,0,64,none,0,none,0,4,20,3562080.0,2261.638095238095,,,,,6144,,9.495257674167902,,,0,0.0,1,bf14b28d2af4128daa99f23eec8a5e105636d0b04136f8be580fdc39d6f1f97d,
07_config_matrix,cfg_fp16_m128n64k16_c512_sw64_discard_pingpong,1,,NVIDIA Thor,11.0,580.00,13.0,PTX ISA 9.3 / CUDA 13.0,1575.000,,,,fp16,128,64,16,32,128,202,3,discard,pingpong,8,8,32,1,nocount,sw64,sw64,16,16,16,0,512,0,64,none,0,none,0,4,20,3562095.0,2261.647619047619,,,,,6144,,9.495217689589975,,,0,0.0,1,bf14b28d2af4128daa99f23eec8a5e105636d0b04136f8be580fdc39d6f1f97d,
07_config_matrix,cfg_fp16_m128n64k16_c512_sw64_discard_pingpong,1,,NVIDIA Thor,11.0,580.00,13.0,PTX ISA 9.3 / CUDA 13.0,1575.000,,,,fp16,128,64,16,32,128,202,4,discard,pingpong,8,8,32,1,nocount,sw64,sw64,16,16,16,0,512,0,64,none,0,none,0,4,20,3562093.0,2261.646349206349,,,,,6144,,9.495223020847574,,,0,0.0,1,bf14b28d2af4128daa99f23eec8a5e105636d0b04136f8be580fdc39d6f1f97d,
07_config_matrix,cfg_bf16_m128n256k16_c512_sw64_discard_same,1,,NVIDIA Thor,11.0,580.00,13.0,PTX ISA 9.3 / CUDA 13.0,1575.000,,,,bf16,128,256,16,32,128,203,0,discard,same,2,2,32,1,nocount,sw64,sw64,16,16,16,0,512,0,256,none,0,none,0,4,20,3562241.0,2261.7403174603173,,,,,12288,,37.97931409581777,,,0,0.0,1,bf14b28d2af4128daa99f23eec8a5e105636d0b04136f8be580fdc39d6f1f97d,; UTCHMMA=21;UTCHMMA_WS=16;UTCBAR=1;UTCATOMSWS=3;SYNCS_TRYWAIT=8;LDS=21;LDG=9;ptx_tcgen05_mma=21;ptx_tcgen05_mma_ws=16;ptx_tcgen05_commit=1;ptx_tcgen05_alloc=1;ptx_tcgen05_dealloc=1;ptx_tcgen05_ld=5;ptx_tcgen05_st=5;ptx_mbarrier_wait=5;ptx_cp_async_tma=2;ptx_ld_shared=26;ptx_ld_global=7
07_config_matrix,cfg_bf16_m128n256k16_c512_sw64_discard_same,1,,NVIDIA Thor,11.0,580.00,13.0,PTX ISA 9.3 / CUDA 13.0,1575.000,,,,bf16,128,256,16,32,128,203,1,discard,same,2,2,32,1,nocount,sw64,sw64,16,16,16,0,512,0,256,none,0,none,0,4,20,3562234.0,2261.735873015873,,,,,12288,,37.97938872741094,,,0,0.0,1,bf14b28d2af4128daa99f23eec8a5e105636d0b04136f8be580fdc39d6f1f97d,
07_config_matrix,cfg_bf16_m128n256k16_c512_sw64_discard_same,1,,NVIDIA Thor,11.0,580.00,13.0,PTX ISA 9.3 / CUDA 13.0,1575.000,,,,bf16,128,256,16,32,128,203,2,discard,same,2,2,32,1,nocount,sw64,sw64,16,16,16,0,512,0,256,none,0,none,0,4,20,3562233.0,2261.735238095238,,,,,12288,,37.979399389091064,,,0,0.0,1,bf14b28d2af4128daa99f23eec8a5e105636d0b04136f8be580fdc39d6f1f97d,
07_config_matrix,cfg_bf16_m128n256k16_c512_sw64_discard_same,1,,NVIDIA Thor,11.0,580.00,13.0,PTX ISA 9.3 / CUDA 13.0,1575.000,,,,bf16,128,256,16,32,128,203,3,discard,same,2,2,32,1,nocount,sw64,sw64,16,16,16,0,512,0,256,none,0,none,0,4,20,3562242.0,2261.7409523809524,,,,,12288,,37.97930343418555,,,0,0.0,1,bf14b28d2af4128daa99f23eec8a5e105636d0b04136f8be580fdc39d6f1f97d,
07_config_matrix,cfg_bf16_m128n256k16_c512_sw64_discard_same,1,,NVIDIA Thor,11.0,580.00,13.0,PTX ISA 9.3 / CUDA 13.0,1575.000,,,,bf16,128,256,16,32,128,203,4,discard,same,2,2,32,1,nocount,sw64,sw64,16,16,16,0,512,0,256,none,0,none,0,4,20,3562232.0,2261.7346031746033,,,,,12288,,37.979410050777155,,,0,0.0,1,bf14b28d2af4128daa99f23eec8a5e105636d0b04136f8be580fdc39d6f1f97d,
07_config_matrix,cfg_fp16_m128n128k16_c512_none_fill_use_lastuse_same,0,max_abs_error>0.05,NVIDIA Thor,11.0,580.00,13.0,PTX ISA 9.3 / CUDA 13.0,1575.000,,,,fp16,128,128,16,32,128,204,0,fill_use_lastuse,same,4,4,32,1,nocount,none,none,16,16,16,0,512,0,128,none,0,none,0,4,20,4276867.0,2715.4711111111114,,,,,8192,,15.816656190618037,,,0,0.83203125,1,bf14b28d2af4128daa99f23eec8a5e105636d0b04136f8be580fdc39d6f1f97d,; UTCHMMA=21;UTCHMMA_WS=16;UTCBAR=1;UTCATOMSWS=3;SYNCS_TRYWAIT=8;LDS=21;LDG=9;ptx_tcgen05_mma=21;ptx_tcgen05_mma_ws=16;ptx_tcgen05_commit=1;ptx_tcgen05_alloc=1;ptx_tcgen05_dealloc=1;ptx_tcgen05_ld=5;ptx_tcgen05_st=5;ptx_mbarrier_wait=5;ptx_cp_async_tma=2;ptx_ld_shared=26;ptx_ld_global=7
07_config_matrix,cfg_fp16_m128n128k16_c512_none_fill_use_lastuse_same,0,max_abs_error>0.05,NVIDIA Thor,11.0,580.00,13.0,PTX ISA 9.3 / CUDA 13.0,1575.000,,,,fp16,128,128,16,32,128,204,1,fill_use_lastuse,same,4,4,32,1,nocount,none,none,16,16,16,0,512,0,128,none,0,none,0,4,20,3779417.0,2399.6298412698416,,,,,8192,,17.898457595973134,,,0,0.83203125,1,bf14b28d2af4128daa99f23eec8a5e105636d0b04136f8be580fdc39d6f1f97d,
07_config_matrix,cfg_fp16_m128n128k16_c512_none_fill_use_lastuse_same,0,max_abs_error>0.05,NVIDIA Thor,11.0,580.00,13.0,PTX ISA 9.3 / CUDA 13.0,1575.000,,,,fp16,128,128,16,32,128,204,2,fill_use_lastuse,same,4,4,32,1,nocount,none,none,16,16,16,0,512,0,128,none,0,none,0,4,20,3779410.0,2399.625396825397,,,,,8192,,17.89849074643926,,,0,0.83203125,1,bf14b28d2af4128daa99f23eec8a5e105636d0b04136f8be580fdc39d6f1f97d,
07_config_matrix,cfg_fp16_m128n128k16_c512_none_fill_use_lastuse_same,0,max_abs_error>0.05,NVIDIA Thor,11.0,580.00,13.0,PTX ISA 9.3 / CUDA 13.0,1575.000,,,,fp16,128,128,16,32,128,204,3,fill_use_lastuse,same,4,4,32,1,nocount,none,none,16,16,16,0,512,0,128,none,0,none,0,4,20,3779413.0,2399.6273015873016,,,,,8192,,17.8984765390816,,,0,0.83203125,1,bf14b28d2af4128daa99f23eec8a5e105636d0b04136f8be580fdc39d6f1f97d,
07_config_matrix,cfg_fp16_m128n128k16_c512_none_fill_use_lastuse_same,0,max_abs_error>0.05,NVIDIA Thor,11.0,580.00,13.0,PTX ISA 9.3 / CUDA 13.0,1575.000,,,,fp16,128,128,16,32,128,204,4,fill_use_lastuse,same,4,4,32,1,nocount,none,none,16,16,16,0,512,0,128,none,0,none,0,4,20,3779415.0,2399.6285714285714,,,,,8192,,17.898467067522354,,,0,0.83203125,1,bf14b28d2af4128daa99f23eec8a5e105636d0b04136f8be580fdc39d6f1f97d,
07_config_matrix,cfg_bf16_m128n128k16_c512_sw32_fill_use_lastuse_pingpong,1,,NVIDIA Thor,11.0,580.00,13.0,PTX ISA 9.3 / CUDA 13.0,1575.000,,,,bf16,128,128,16,32,128,205,0,fill_use_lastuse,pingpong,4,4,32,1,nocount,sw32,sw32,16,16,16,0,512,0,128,none,0,none,0,4,20,4244001.0,2694.6038095238096,,,,,8192,,15.939142076545222,,,0,0.0,1,bf14b28d2af4128daa99f23eec8a5e105636d0b04136f8be580fdc39d6f1f97d,; UTCHMMA=21;UTCHMMA_WS=16;UTCBAR=1;UTCATOMSWS=3;SYNCS_TRYWAIT=8;LDS=21;LDG=9;ptx_tcgen05_mma=21;ptx_tcgen05_mma_ws=16;ptx_tcgen05_commit=1;ptx_tcgen05_alloc=1;ptx_tcgen05_dealloc=1;ptx_tcgen05_ld=5;ptx_tcgen05_st=5;ptx_mbarrier_wait=5;ptx_cp_async_tma=2;ptx_ld_shared=26;ptx_ld_global=7
07_config_matrix,cfg_bf16_m128n128k16_c512_sw32_fill_use_lastuse_pingpong,1,,NVIDIA Thor,11.0,580.00,13.0,PTX ISA 9.3 / CUDA 13.0,1575.000,,,,bf16,128,128,16,32,128,205,1,fill_use_lastuse,pingpong,4,4,32,1,nocount,sw32,sw32,16,16,16,0,512,0,128,none,0,none,0,4,20,3487607.0,2214.353650793651,,,,,8192,,19.396031408355356,,,0,0.0,1,bf14b28d2af4128daa99f23eec8a5e105636d0b04136f8be580fdc39d6f1f97d,
07_config_matrix,cfg_bf16_m128n128k16_c512_sw32_fill_use_lastuse_pingpong,1,,NVIDIA Thor,11.0,580.00,13.0,PTX ISA 9.3 / CUDA 13.0,1575.000,,,,bf16,128,128,16,32,128,205,2,fill_use_lastuse,pingpong,4,4,32,1,nocount,sw32,sw32,16,16,16,0,512,0,128,none,0,none,0,4,20,3487604.0,2214.351746031746,,,,,8192,,19.39604809261602,,,0,0.0,1,bf14b28d2af4128daa99f23eec8a5e105636d0b04136f8be580fdc39d6f1f97d,
07_config_matrix,cfg_bf16_m128n128k16_c512_sw32_fill_use_lastuse_pingpong,1,,NVIDIA Thor,11.0,580.00,13.0,PTX ISA 9.3 / CUDA 13.0,1575.000,,,,bf16,128,128,16,32,128,205,3,fill_use_lastuse,pingpong,4,4,32,1,nocount,sw32,sw32,16,16,16,0,512,0,128,none,0,none,0,4,20,3487603.0,2214.351111111111,,,,,8192,,19.39605365404262,,,0,0.0,1,bf14b28d2af4128daa99f23eec8a5e105636d0b04136f8be580fdc39d6f1f97d,
07_config_matrix,cfg_bf16_m128n128k16_c512_sw32_fill_use_lastuse_pingpong,1,,NVIDIA Thor,11.0,580.00,13.0,PTX ISA 9.3 / CUDA 13.0,1575.000,,,,bf16,128,128,16,32,128,205,4,fill_use_lastuse,pingpong,4,4,32,1,nocount,sw32,sw32,16,16,16,0,512,0,128,none,0,none,0,4,20,3487605.0,2214.352380952381,,,,,8192,,19.39604253119261,,,0,0.0,1,bf14b28d2af4128daa99f23eec8a5e105636d0b04136f8be580fdc39d6f1f97d,
07_config_matrix,cfg_bf16_m128n64k16_c512_sw32_fill_use_lastuse_same,1,,NVIDIA Thor,11.0,580.00,13.0,PTX ISA 9.3 / CUDA 13.0,1575.000,,,,bf16,128,64,16,32,128,206,0,fill_use_lastuse,same,8,8,32,1,nocount,sw32,sw32,16,16,16,0,512,0,64,none,0,none,0,4,20,3986849.0,2531.332698412699,,,,,6144,,8.483608848993278,,,0,0.0,1,bf14b28d2af4128daa99f23eec8a5e105636d0b04136f8be580fdc39d6f1f97d,; UTCHMMA=21;UTCHMMA_WS=16;UTCBAR=1;UTCATOMSWS=3;SYNCS_TRYWAIT=8;LDS=21;LDG=9;ptx_tcgen05_mma=21;ptx_tcgen05_mma_ws=16;ptx_tcgen05_commit=1;ptx_tcgen05_alloc=1;ptx_tcgen05_dealloc=1;ptx_tcgen05_ld=5;ptx_tcgen05_st=5;ptx_mbarrier_wait=5;ptx_cp_async_tma=2;ptx_ld_shared=26;ptx_ld_global=7
07_config_matrix,cfg_bf16_m128n64k16_c512_sw32_fill_use_lastuse_same,1,,NVIDIA Thor,11.0,580.00,13.0,PTX ISA 9.3 / CUDA 13.0,1575.000,,,,bf16,128,64,16,32,128,206,1,fill_use_lastuse,same,8,8,32,1,nocount,sw32,sw32,16,16,16,0,512,0,64,none,0,none,0,4,20,3488017.0,2214.6139682539683,,,,,6144,,9.696875748025311,,,0,0.0,1,bf14b28d2af4128daa99f23eec8a5e105636d0b04136f8be580fdc39d6f1f97d,
07_config_matrix,cfg_bf16_m128n64k16_c512_sw32_fill_use_lastuse_same,1,,NVIDIA Thor,11.0,580.00,13.0,PTX ISA 9.3 / CUDA 13.0,1575.000,,,,bf16,128,64,16,32,128,206,2,fill_use_lastuse,same,8,8,32,1,nocount,sw32,sw32,16,16,16,0,512,0,64,none,0,none,0,4,20,3488010.0,2214.6095238095236,,,,,6144,,9.696895208442637,,,0,0.0,1,bf14b28d2af4128daa99f23eec8a5e105636d0b04136f8be580fdc39d6f1f97d,
07_config_matrix,cfg_bf16_m128n64k16_c512_sw32_fill_use_lastuse_same,1,,NVIDIA Thor,11.0,580.00,13.0,PTX ISA 9.3 / CUDA 13.0,1575.000,,,,bf16,128,64,16,32,128,206,3,fill_use_lastuse,same,8,8,32,1,nocount,sw32,sw32,16,16,16,0,512,0,64,none,0,none,0,4,20,3488012.0,2214.6107936507938,,,,,6144,,9.69688964831543,,,0,0.0,1,bf14b28d2af4128daa99f23eec8a5e105636d0b04136f8be580fdc39d6f1f97d,
07_config_matrix,cfg_bf16_m128n64k16_c512_sw32_fill_use_lastuse_same,1,,NVIDIA Thor,11.0,580.00,13.0,PTX ISA 9.3 / CUDA 13.0,1575.000,,,,bf16,128,64,16,32,128,206,4,fill_use_lastuse,same,8,8,32,1,nocount,sw32,sw32,16,16,16,0,512,0,64,none,0,none,0,4,20,3995909.0,2537.0850793650793,,,,,6144,,8.464373802306309,,,0,0.0,1,bf14b28d2af4128daa99f23eec8a5e105636d0b04136f8be580fdc39d6f1f97d,
07_config_matrix,cfg_bf16_m128n128k16_c256_sw64_discard_same,1,,NVIDIA Thor,11.0,580.00,13.0,PTX ISA 9.3 / CUDA 13.0,1575.000,,,,bf16,128,128,16,32,128,207,0,discard,same,2,2,32,1,nocount,sw64,sw64,16,16,16,0,256,0,128,none,0,none,0,4,20,3563098.0,2262.2844444444445,,,,,8192,,18.985089636041444,,,0,0.0,1,bf14b28d2af4128daa99f23eec8a5e105636d0b04136f8be580fdc39d6f1f97d,; UTCHMMA=21;UTCHMMA_WS=16;UTCBAR=1;UTCATOMSWS=3;SYNCS_TRYWAIT=8;LDS=21;LDG=9;ptx_tcgen05_mma=21;ptx_tcgen05_mma_ws=16;ptx_tcgen05_commit=1;ptx_tcgen05_alloc=1;ptx_tcgen05_dealloc=1;ptx_tcgen05_ld=5;ptx_tcgen05_st=5;ptx_mbarrier_wait=5;ptx_cp_async_tma=2;ptx_ld_shared=26;ptx_ld_global=7
07_config_matrix,cfg_bf16_m128n128k16_c256_sw64_discard_same,1,,NVIDIA Thor,11.0,580.00,13.0,PTX ISA 9.3 / CUDA 13.0,1575.000,,,,bf16,128,128,16,32,128,207,1,discard,same,2,2,32,1,nocount,sw64,sw64,16,16,16,0,256,0,128,none,0,none,0,4,20,3563107.0,2262.290158730159,,,,,8192,,18.985041681880446,,,0,0.0,1,bf14b28d2af4128daa99f23eec8a5e105636d0b04136f8be580fdc39d6f1f97d,
07_config_matrix,cfg_bf16_m128n128k16_c256_sw64_discard_same,1,,NVIDIA Thor,11.0,580.00,13.0,PTX ISA 9.3 / CUDA 13.0,1575.000,,,,bf16,128,128,16,32,128,207,2,discard,same,2,2,32,1,nocount,sw64,sw64,16,16,16,0,256,0,128,none,0,none,0,4,20,3562977.0,2262.207619047619,,,,,8192,,18.985734376618204,,,0,0.0,1,bf14b28d2af4128daa99f23eec8a5e105636d0b04136f8be580fdc39d6f1f97d,
07_config_matrix,cfg_bf16_m128n128k16_c256_sw64_discard_same,1,,NVIDIA Thor,11.0,580.00,13.0,PTX ISA 9.3 / CUDA 13.0,1575.000,,,,bf16,128,128,16,32,128,207,3,discard,same,2,2,32,1,nocount,sw64,sw64,16,16,16,0,256,0,128,none,0,none,0,4,20,3562496.0,2261.902222222222,,,,,8192,,18.988297786720324,,,0,0.0,1,bf14b28d2af4128daa99f23eec8a5e105636d0b04136f8be580fdc39d6f1f97d,
07_config_matrix,cfg_bf16_m128n128k16_c256_sw64_discard_same,1,,NVIDIA Thor,11.0,580.00,13.0,PTX ISA 9.3 / CUDA 13.0,1575.000,,,,bf16,128,128,16,32,128,207,4,discard,same,2,2,32,1,nocount,sw64,sw64,16,16,16,0,256,0,128,none,0,none,0,4,20,3563110.0,2262.2920634920633,,,,,8192,,18.98502569721395,,,0,0.0,1,bf14b28d2af4128daa99f23eec8a5e105636d0b04136f8be580fdc39d6f1f97d,
07_config_matrix,cfg_fp16_m128n128k16_c256_sw64_discard_same,1,,NVIDIA Thor,11.0,580.00,13.0,PTX ISA 9.3 / CUDA 13.0,1575.000,,,,fp16,128,128,16,32,128,208,0,discard,same,2,2,32,1,nocount,sw64,sw64,16,16,16,0,256,0,128,none,0,none,0,4,20,3563111.0,2262.2926984126984,,,,,8192,,18.985020368997766,,,0,0.0,1,bf14b28d2af4128daa99f23eec8a5e105636d0b04136f8be580fdc39d6f1f97d,; UTCHMMA=21;UTCHMMA_WS=16;UTCBAR=1;UTCATOMSWS=3;SYNCS_TRYWAIT=8;LDS=21;LDG=9;ptx_tcgen05_mma=21;ptx_tcgen05_mma_ws=16;ptx_tcgen05_commit=1;ptx_tcgen05_alloc=1;ptx_tcgen05_dealloc=1;ptx_tcgen05_ld=5;ptx_tcgen05_st=5;ptx_mbarrier_wait=5;ptx_cp_async_tma=2;ptx_ld_shared=26;ptx_ld_global=7
07_config_matrix,cfg_fp16_m128n128k16_c256_sw64_discard_same,1,,NVIDIA Thor,11.0,580.00,13.0,PTX ISA 9.3 / CUDA 13.0,1575.000,,,,fp16,128,128,16,32,128,208,1,discard,same,2,2,32,1,nocount,sw64,sw64,16,16,16,0,256,0,128,none,0,none,0,4,20,3563102.0,2262.286984126984,,,,,8192,,18.985068323051095,,,0,0.0,1,bf14b28d2af4128daa99f23eec8a5e105636d0b04136f8be580fdc39d6f1f97d,
07_config_matrix,cfg_fp16_m128n128k16_c256_sw64_discard_same,1,,NVIDIA Thor,11.0,580.00,13.0,PTX ISA 9.3 / CUDA 13.0,1575.000,,,,fp16,128,128,16,32,128,208,2,discard,same,2,2,32,1,nocount,sw64,sw64,16,16,16,0,256,0,128,none,0,none,0,4,20,3562780.0,2262.08253968254,,,,,8192,,18.9867841719107,,,0,0.0,1,bf14b28d2af4128daa99f23eec8a5e105636d0b04136f8be580fdc39d6f1f97d,
07_config_matrix,cfg_fp16_m128n128k16_c256_sw64_discard_same,1,,NVIDIA Thor,11.0,580.00,13.0,PTX ISA 9.3 / CUDA 13.0,1575.000,,,,fp16,128,128,16,32,128,208,3,discard,same,2,2,32,1,nocount,sw64,sw64,16,16,16,0,256,0,128,none,0,none,0,4,20,3562787.0,2262.086984126984,,,,,8192,,18.986746867550597,,,0,0.0,1,bf14b28d2af4128daa99f23eec8a5e105636d0b04136f8be580fdc39d6f1f97d,
07_config_matrix,cfg_fp16_m128n128k16_c256_sw64_discard_same,1,,NVIDIA Thor,11.0,580.00,13.0,PTX ISA 9.3 / CUDA 13.0,1575.000,,,,fp16,128,128,16,32,128,208,4,discard,same,2,2,32,1,nocount,sw64,sw64,16,16,16,0,256,0,128,none,0,none,0,4,20,3562979.0,2262.208888888889,,,,,8192,,18.98572371939324,,,0,0.0,1,bf14b28d2af4128daa99f23eec8a5e105636d0b04136f8be580fdc39d6f1f97d,
07_config_matrix,cfg_fp16_m128n128k16_c512_none_discard_pingpong,0,max_abs_error>0.05,NVIDIA Thor,11.0,580.00,13.0,PTX ISA 9.3 / CUDA 13.0,1575.000,,,,fp16,128,128,16,32,128,209,0,discard,pingpong,4,4,32,1,nocount,none,none,16,16,16,0,512,0,128,none,0,none,0,4,20,3678994.0,2335.8692063492063,,,,,8192,,18.387019634171736,,,0,0.83203125,1,bf14b28d2af4128daa99f23eec8a5e105636d0b04136f8be580fdc39d6f1f97d,; UTCHMMA=21;UTCHMMA_WS=16;UTCBAR=1;UTCATOMSWS=3;SYNCS_TRYWAIT=8;LDS=21;LDG=9;ptx_tcgen05_mma=21;ptx_tcgen05_mma_ws=16;ptx_tcgen05_commit=1;ptx_tcgen05_alloc=1;ptx_tcgen05_dealloc=1;ptx_tcgen05_ld=5;ptx_tcgen05_st=5;ptx_mbarrier_wait=5;ptx_cp_async_tma=2;ptx_ld_shared=26;ptx_ld_global=7
07_config_matrix,cfg_fp16_m128n128k16_c512_none_discard_pingpong,0,max_abs_error>0.05,NVIDIA Thor,11.0,580.00,13.0,PTX ISA 9.3 / CUDA 13.0,1575.000,,,,fp16,128,128,16,32,128,209,1,discard,pingpong,4,4,32,1,nocount,none,none,16,16,16,0,512,0,128,none,0,none,0,4,20,3678959.0,2335.8469841269844,,,,,8192,,18.387194560200317,,,0,0.83203125,1,bf14b28d2af4128daa99f23eec8a5e105636d0b04136f8be580fdc39d6f1f97d,
07_config_matrix,cfg_fp16_m128n128k16_c512_none_discard_pingpong,0,max_abs_error>0.05,NVIDIA Thor,11.0,580.00,13.0,PTX ISA 9.3 / CUDA 13.0,1575.000,,,,fp16,128,128,16,32,128,209,2,discard,pingpong,4,4,32,1,nocount,none,none,16,16,16,0,512,0,128,none,0,none,0,4,20,3678957.0,2335.845714285714,,,,,8192,,18.38720455607391,,,0,0.83203125,1,bf14b28d2af4128daa99f23eec8a5e105636d0b04136f8be580fdc39d6f1f97d,
07_config_matrix,cfg_fp16_m128n128k16_c512_none_discard_pingpong,0,max_abs_error>0.05,NVIDIA Thor,11.0,580.00,13.0,PTX ISA 9.3 / CUDA 13.0,1575.000,,,,fp16,128,128,16,32,128,209,3,discard,pingpong,4,4,32,1,nocount,none,none,16,16,16,0,512,0,128,none,0,none,0,4,20,3678981.0,2335.8609523809523,,,,,8192,,18.387084606308104,,,0,0.83203125,1,bf14b28d2af4128daa99f23eec8a5e105636d0b04136f8be580fdc39d6f1f97d,
07_config_matrix,cfg_fp16_m128n128k16_c512_none_discard_pingpong,0,max_abs_error>0.05,NVIDIA Thor,11.0,580.00,13.0,PTX ISA 9.3 / CUDA 13.0,1575.000,,,,fp16,128,128,16,32,128,209,4,discard,pingpong,4,4,32,1,nocount,none,none,16,16,16,0,512,0,128,none,0,none,0,4,20,3678996.0,2335.8704761904764,,,,,8192,,18.387009638499197,,,0,0.83203125,1,bf14b28d2af4128daa99f23eec8a5e105636d0b04136f8be580fdc39d6f1f97d,
07_config_matrix,cfg_bf16_m128n128k16_c512_none_fill_use_lastuse_same,0,max_abs_error>0.25,NVIDIA Thor,11.0,580.00,13.0,PTX ISA 9.3 / CUDA 13.0,1575.000,,,,bf16,128,128,16,32,128,210,0,fill_use_lastuse,same,4,4,32,1,nocount,none,none,16,16,16,0,512,0,128,none,0,none,0,4,20,3779411.0,2399.626031746032,,,,,8192,,17.898486010650867,,,0,0.83203125,1,bf14b28d2af4128daa99f23eec8a5e105636d0b04136f8be580fdc39d6f1f97d,; UTCHMMA=21;UTCHMMA_WS=16;UTCBAR=1;UTCATOMSWS=3;SYNCS_TRYWAIT=8;LDS=21;LDG=9;ptx_tcgen05_mma=21;ptx_tcgen05_mma_ws=16;ptx_tcgen05_commit=1;ptx_tcgen05_alloc=1;ptx_tcgen05_dealloc=1;ptx_tcgen05_ld=5;ptx_tcgen05_st=5;ptx_mbarrier_wait=5;ptx_cp_async_tma=2;ptx_ld_shared=26;ptx_ld_global=7
07_config_matrix,cfg_bf16_m128n128k16_c512_none_fill_use_lastuse_same,0,max_abs_error>0.25,NVIDIA Thor,11.0,580.00,13.0,PTX ISA 9.3 / CUDA 13.0,1575.000,,,,bf16,128,128,16,32,128,210,1,fill_use_lastuse,same,4,4,32,1,nocount,none,none,16,16,16,0,512,0,128,none,0,none,0,4,20,3779418.0,2399.630476190476,,,,,8192,,17.898452860202283,,,0,0.83203125,1,bf14b28d2af4128daa99f23eec8a5e105636d0b04136f8be580fdc39d6f1f97d,
07_config_matrix,cfg_bf16_m128n128k16_c512_none_fill_use_lastuse_same,0,max_abs_error>0.25,NVIDIA Thor,11.0,580.00,13.0,PTX ISA 9.3 / CUDA 13.0,1575.000,,,,bf16,128,128,16,32,128,210,2,fill_use_lastuse,same,4,4,32,1,nocount,none,none,16,16,16,0,512,0,128,none,0,none,0,4,20,3779415.0,2399.6285714285714,,,,,8192,,17.898467067522354,,,0,0.83203125,1,bf14b28d2af4128daa99f23eec8a5e105636d0b04136f8be580fdc39d6f1f97d,
07_config_matrix,cfg_bf16_m128n128k16_c512_none_fill_use_lastuse_same,0,max_abs_error>0.25,NVIDIA Thor,11.0,580.00,13.0,PTX ISA 9.3 / CUDA 13.0,1575.000,,,,bf16,128,128,16,32,128,210,3,fill_use_lastuse,same,4,4,32,1,nocount,none,none,16,16,16,0,512,0,128,none,0,none,0,4,20,3779413.0,2399.6273015873016,,,,,8192,,17.8984765390816,,,0,0.83203125,1,bf14b28d2af4128daa99f23eec8a5e105636d0b04136f8be580fdc39d6f1f97d,
07_config_matrix,cfg_bf16_m128n128k16_c512_none_fill_use_lastuse_same,0,max_abs_error>0.25,NVIDIA Thor,11.0,580.00,13.0,PTX ISA 9.3 / CUDA 13.0,1575.000,,,,bf16,128,128,16,32,128,210,4,fill_use_lastuse,same,4,4,32,1,nocount,none,none,16,16,16,0,512,0,128,none,0,none,0,4,20,3779415.0,2399.6285714285714,,,,,8192,,17.898467067522354,,,0,0.83203125,1,bf14b28d2af4128daa99f23eec8a5e105636d0b04136f8be580fdc39d6f1f97d,
07_config_matrix,cfg_fp16_m128n256k16_c512_none_fill_use_lastuse_pingpong,0,max_abs_error>0.05,NVIDIA Thor,11.0,580.00,13.0,PTX ISA 9.3 / CUDA 13.0,1575.000,,,,fp16,128,256,16,32,128,211,0,fill_use_lastuse,pingpong,2,2,32,1,nocount,none,none,16,16,16,0,512,0,256,none,0,none,0,4,20,3778479.0,2399.0342857142855,,,,,12288,,35.80580170592453,,,0,0.83203125,1,bf14b28d2af4128daa99f23eec8a5e105636d0b04136f8be580fdc39d6f1f97d,; UTCHMMA=21;UTCHMMA_WS=16;UTCBAR=1;UTCATOMSWS=3;SYNCS_TRYWAIT=8;LDS=21;LDG=9;ptx_tcgen05_mma=21;ptx_tcgen05_mma_ws=16;ptx_tcgen05_commit=1;ptx_tcgen05_alloc=1;ptx_tcgen05_dealloc=1;ptx_tcgen05_ld=5;ptx_tcgen05_st=5;ptx_mbarrier_wait=5;ptx_cp_async_tma=2;ptx_ld_shared=26;ptx_ld_global=7
07_config_matrix,cfg_fp16_m128n256k16_c512_none_fill_use_lastuse_pingpong,0,max_abs_error>0.05,NVIDIA Thor,11.0,580.00,13.0,PTX ISA 9.3 / CUDA 13.0,1575.000,,,,fp16,128,256,16,32,128,211,1,fill_use_lastuse,pingpong,2,2,32,1,nocount,none,none,16,16,16,0,512,0,256,none,0,none,0,4,20,3778359.0,2398.958095238095,,,,,12288,,35.80693889172522,,,0,0.83203125,1,bf14b28d2af4128daa99f23eec8a5e105636d0b04136f8be580fdc39d6f1f97d,
07_config_matrix,cfg_fp16_m128n256k16_c512_none_fill_use_lastuse_pingpong,0,max_abs_error>0.05,NVIDIA Thor,11.0,580.00,13.0,PTX ISA 9.3 / CUDA 13.0,1575.000,,,,fp16,128,256,16,32,128,211,2,fill_use_lastuse,pingpong,2,2,32,1,nocount,none,none,16,16,16,0,512,0,256,none,0,none,0,4,20,3778481.0,2399.035555555555,,,,,12288,,35.805782753439814,,,0,0.83203125,1,bf14b28d2af4128daa99f23eec8a5e105636d0b04136f8be580fdc39d6f1f97d,
07_config_matrix,cfg_fp16_m128n256k16_c512_none_fill_use_lastuse_pingpong,0,max_abs_error>0.05,NVIDIA Thor,11.0,580.00,13.0,PTX ISA 9.3 / CUDA 13.0,1575.000,,,,fp16,128,256,16,32,128,211,3,fill_use_lastuse,pingpong,2,2,32,1,nocount,none,none,16,16,16,0,512,0,256,none,0,none,0,4,20,3778466.0,2399.026031746032,,,,,12288,,35.80592489756425,,,0,0.83203125,1,bf14b28d2af4128daa99f23eec8a5e105636d0b04136f8be580fdc39d6f1f97d,
07_config_matrix,cfg_fp16_m128n256k16_c512_none_fill_use_lastuse_pingpong,0,max_abs_error>0.05,NVIDIA Thor,11.0,580.00,13.0,PTX ISA 9.3 / CUDA 13.0,1575.000,,,,fp16,128,256,16,32,128,211,4,fill_use_lastuse,pingpong,2,2,32,1,nocount,none,none,16,16,16,0,512,0,256,none,0,none,0,4,20,3778468.0,2399.0273015873017,,,,,12288,,35.80590594494912,,,0,0.83203125,1,bf14b28d2af4128daa99f23eec8a5e105636d0b04136f8be580fdc39d6f1f97d,
07_config_matrix,cfg_bf16_m128n64k16_c512_sw128_fill_use_lastuse_pingpong,1,,NVIDIA Thor,11.0,580.00,13.0,PTX ISA 9.3 / CUDA 13.0,1575.000,,,,bf16,128,64,16,32,128,212,0,fill_use_lastuse,pingpong,8,8,32,1,nocount,sw128,sw128,16,16,16,0,512,0,64,none,0,none,0,4,20,3779300.0,2399.555555555555,,,,,6144,,8.94950584923134,,,0,0.0,1,bf14b28d2af4128daa99f23eec8a5e105636d0b04136f8be580fdc39d6f1f97d,; UTCHMMA=21;UTCHMMA_WS=16;UTCBAR=1;UTCATOMSWS=3;SYNCS_TRYWAIT=8;LDS=21;LDG=9;ptx_tcgen05_mma=21;ptx_tcgen05_mma_ws=16;ptx_tcgen05_commit=1;ptx_tcgen05_alloc=1;ptx_tcgen05_dealloc=1;ptx_tcgen05_ld=5;ptx_tcgen05_st=5;ptx_mbarrier_wait=5;ptx_cp_async_tma=2;ptx_ld_shared=26;ptx_ld_global=7
07_config_matrix,cfg_bf16_m128n64k16_c512_sw128_fill_use_lastuse_pingpong,1,,NVIDIA Thor,11.0,580.00,13.0,PTX ISA 9.3 / CUDA 13.0,1575.000,,,,bf16,128,64,16,32,128,212,1,fill_use_lastuse,pingpong,8,8,32,1,nocount,sw128,sw128,16,16,16,0,512,0,64,none,0,none,0,4,20,3779294.0,2399.551746031746,,,,,6144,,8.949520057449883,,,0,0.0,1,bf14b28d2af4128daa99f23eec8a5e105636d0b04136f8be580fdc39d6f1f97d,
07_config_matrix,cfg_bf16_m128n64k16_c512_sw128_fill_use_lastuse_pingpong,1,,NVIDIA Thor,11.0,580.00,13.0,PTX ISA 9.3 / CUDA 13.0,1575.000,,,,bf16,128,64,16,32,128,212,2,fill_use_lastuse,pingpong,8,8,32,1,nocount,sw128,sw128,16,16,16,0,512,0,64,none,0,none,0,4,20,3779300.0,2399.555555555555,,,,,6144,,8.94950584923134,,,0,0.0,1,bf14b28d2af4128daa99f23eec8a5e105636d0b04136f8be580fdc39d6f1f97d,
07_config_matrix,cfg_bf16_m128n64k16_c512_sw128_fill_use_lastuse_pingpong,1,,NVIDIA Thor,11.0,580.00,13.0,PTX ISA 9.3 / CUDA 13.0,1575.000,,,,bf16,128,64,16,32,128,212,3,fill_use_lastuse,pingpong,8,8,32,1,nocount,sw128,sw128,16,16,16,0,512,0,64,none,0,none,0,4,20,3779291.0,2399.549841269841,,,,,6144,,8.949527161576075,,,0,0.0,1,bf14b28d2af4128daa99f23eec8a5e105636d0b04136f8be580fdc39d6f1f97d,
07_config_matrix,cfg_bf16_m128n64k16_c512_sw128_fill_use_lastuse_pingpong,1,,NVIDIA Thor,11.0,580.00,13.0,PTX ISA 9.3 / CUDA 13.0,1575.000,,,,bf16,128,64,16,32,128,212,4,fill_use_lastuse,pingpong,8,8,32,1,nocount,sw128,sw128,16,16,16,0,512,0,64,none,0,none,0,4,20,3779296.0,2399.553015873016,,,,,6144,,8.949515321372022,,,0,0.0,1,bf14b28d2af4128daa99f23eec8a5e105636d0b04136f8be580fdc39d6f1f97d,
07_config_matrix,cfg_fp16_m128n128k16_c128_sw32_discard_same,1,,NVIDIA Thor,11.0,580.00,13.0,PTX ISA 9.3 / CUDA 13.0,1575.000,,,,fp16,128,128,16,32,128,213,0,discard,same,1,1,32,1,nocount,sw32,sw32,16,16,16,0,128,0,128,none,0,none,0,4,20,2891378.0,1835.7955555555557,,,,,8192,,23.395673243692105,,,0,0.0,1,bf14b28d2af4128daa99f23eec8a5e105636d0b04136f8be580fdc39d6f1f97d,; UTCHMMA=21;UTCHMMA_WS=16;UTCBAR=1;UTCATOMSWS=3;SYNCS_TRYWAIT=8;LDS=21;LDG=9;ptx_tcgen05_mma=21;ptx_tcgen05_mma_ws=16;ptx_tcgen05_commit=1;ptx_tcgen05_alloc=1;ptx_tcgen05_dealloc=1;ptx_tcgen05_ld=5;ptx_tcgen05_st=5;ptx_mbarrier_wait=5;ptx_cp_async_tma=2;ptx_ld_shared=26;ptx_ld_global=7
07_config_matrix,cfg_fp16_m128n128k16_c128_sw32_discard_same,1,,NVIDIA Thor,11.0,580.00,13.0,PTX ISA 9.3 / CUDA 13.0,1575.000,,,,fp16,128,128,16,32,128,213,1,discard,same,1,1,32,1,nocount,sw32,sw32,16,16,16,0,128,0,128,none,0,none,0,4,20,2891378.0,1835.7955555555557,,,,,8192,,23.395673243692105,,,0,0.0,1,bf14b28d2af4128daa99f23eec8a5e105636d0b04136f8be580fdc39d6f1f97d,
07_config_matrix,cfg_fp16_m128n128k16_c128_sw32_discard_same,1,,NVIDIA Thor,11.0,580.00,13.0,PTX ISA 9.3 / CUDA 13.0,1575.000,,,,fp16,128,128,16,32,128,213,2,discard,same,1,1,32,1,nocount,sw32,sw32,16,16,16,0,128,0,128,none,0,none,0,4,20,2891386.0,1835.800634920635,,,,,8192,,23.395608511627294,,,0,0.0,1,bf14b28d2af4128daa99f23eec8a5e105636d0b04136f8be580fdc39d6f1f97d,
07_config_matrix,cfg_fp16_m128n128k16_c128_sw32_discard_same,1,,NVIDIA Thor,11.0,580.00,13.0,PTX ISA 9.3 / CUDA 13.0,1575.000,,,,fp16,128,128,16,32,128,213,3,discard,same,1,1,32,1,nocount,sw32,sw32,16,16,16,0,128,0,128,none,0,none,0,4,20,2891380.0,1835.7968253968254,,,,,8192,,23.395657060642325,,,0,0.0,1,bf14b28d2af4128daa99f23eec8a5e105636d0b04136f8be580fdc39d6f1f97d,
07_config_matrix,cfg_fp16_m128n128k16_c128_sw32_discard_same,1,,NVIDIA Thor,11.0,580.00,13.0,PTX ISA 9.3 / CUDA 13.0,1575.000,,,,fp16,128,128,16,32,128,213,4,discard,same,1,1,32,1,nocount,sw32,sw32,16,16,16,0,128,0,128,none,0,none,0,4,20,2891384.0,1835.799365079365,,,,,8192,,23.395624694609918,,,0,0.0,1,bf14b28d2af4128daa99f23eec8a5e105636d0b04136f8be580fdc39d6f1f97d,
07_config_matrix,cfg_bf16_m128n64k16_c256_sw32_discard_pingpong,1,,NVIDIA Thor,11.0,580.00,13.0,PTX ISA 9.3 / CUDA 13.0,1575.000,,,,bf16,128,64,16,32,128,214,0,discard,pingpong,4,4,32,1,nocount,sw32,sw32,16,16,16,0,256,0,64,none,0,none,0,4,20,3387406.0,2150.733968253968,,,,,6144,,9.984887390528328,,,0,0.0,1,bf14b28d2af4128daa99f23eec8a5e105636d0b04136f8be580fdc39d6f1f97d,; UTCHMMA=21;UTCHMMA_WS=16;UTCBAR=1;UTCATOMSWS=3;SYNCS_TRYWAIT=8;LDS=21;LDG=9;ptx_tcgen05_mma=21;ptx_tcgen05_mma_ws=16;ptx_tcgen05_commit=1;ptx_tcgen05_alloc=1;ptx_tcgen05_dealloc=1;ptx_tcgen05_ld=5;ptx_tcgen05_st=5;ptx_mbarrier_wait=5;ptx_cp_async_tma=2;ptx_ld_shared=26;ptx_ld_global=7
07_config_matrix,cfg_bf16_m128n64k16_c256_sw32_discard_pingpong,1,,NVIDIA Thor,11.0,580.00,13.0,PTX ISA 9.3 / CUDA 13.0,1575.000,,,,bf16,128,64,16,32,128,214,1,discard,pingpong,4,4,32,1,nocount,sw32,sw32,16,16,16,0,256,0,64,none,0,none,0,4,20,3387492.0,2150.7885714285712,,,,,6144,,9.984633899061608,,,0,0.0,1,bf14b28d2af4128daa99f23eec8a5e105636d0b04136f8be580fdc39d6f1f97d,
07_config_matrix,cfg_bf16_m128n64k16_c256_sw32_discard_pingpong,1,,NVIDIA Thor,11.0,580.00,13.0,PTX ISA 9.3 / CUDA 13.0,1575.000,,,,bf16,128,64,16,32,128,214,2,discard,pingpong,4,4,32,1,nocount,sw32,sw32,16,16,16,0,256,0,64,none,0,none,0,4,20,3387365.0,2150.7079365079367,,,,,6144,,9.98500824564226,,,0,0.0,1,bf14b28d2af4128daa99f23eec8a5e105636d0b04136f8be580fdc39d6f1f97d,
07_config_matrix,cfg_bf16_m128n64k16_c256_sw32_discard_pingpong,1,,NVIDIA Thor,11.0,580.00,13.0,PTX ISA 9.3 / CUDA 13.0,1575.000,,,,bf16,128,64,16,32,128,214,3,discard,pingpong,4,4,32,1,nocount,sw32,sw32,16,16,16,0,256,0,64,none,0,none,0,4,20,3387378.0,2150.71619047619,,,,,6144,,9.984969925411336,,,0,0.0,1,bf14b28d2af4128daa99f23eec8a5e105636d0b04136f8be580fdc39d6f1f97d,
07_config_matrix,cfg_bf16_m128n64k16_c256_sw32_discard_pingpong,1,,NVIDIA Thor,11.0,580.00,13.0,PTX ISA 9.3 / CUDA 13.0,1575.000,,,,bf16,128,64,16,32,128,214,4,discard,pingpong,4,4,32,1,nocount,sw32,sw32,16,16,16,0,256,0,64,none,0,none,0,4,20,3387377.0,2150.7155555555555,,,,,6144,,9.984972873110966,,,0,0.0,1,bf14b28d2af4128daa99f23eec8a5e105636d0b04136f8be580fdc39d6f1f97d,
07_config_matrix,cfg_fp16_m128n256k16_c512_none_discard_pingpong,0,max_abs_error>0.05,NVIDIA Thor,11.0,580.00,13.0,PTX ISA 9.3 / CUDA 13.0,1575.000,,,,fp16,128,256,16,32,128,215,0,discard,pingpong,2,2,32,1,nocount,none,none,16,16,16,0,512,0,256,none,0,none,0,4,20,4191491.0,2661.2641269841274,,,,,12288,,32.27764769720369,,,0,0.83203125,1,bf14b28d2af4128daa99f23eec8a5e105636d0b04136f8be580fdc39d6f1f97d,; UTCHMMA=21;UTCHMMA_WS=16;UTCBAR=1;UTCATOMSWS=3;SYNCS_TRYWAIT=8;LDS=21;LDG=9;ptx_tcgen05_mma=21;ptx_tcgen05_mma_ws=16;ptx_tcgen05_commit=1;ptx_tcgen05_alloc=1;ptx_tcgen05_dealloc=1;ptx_tcgen05_ld=5;ptx_tcgen05_st=5;ptx_mbarrier_wait=5;ptx_cp_async_tma=2;ptx_ld_shared=26;ptx_ld_global=7
07_config_matrix,cfg_fp16_m128n256k16_c512_none_discard_pingpong,0,max_abs_error>0.05,NVIDIA Thor,11.0,580.00,13.0,PTX ISA 9.3 / CUDA 13.0,1575.000,,,,fp16,128,256,16,32,128,215,1,discard,pingpong,2,2,32,1,nocount,none,none,16,16,16,0,512,0,256,none,0,none,0,4,20,4447912.0,2824.0711111111113,,,,,12288,,30.416849484432245,,,0,0.83203125,1,bf14b28d2af4128daa99f23eec8a5e105636d0b04136f8be580fdc39d6f1f97d,
07_config_matrix,cfg_fp16_m128n256k16_c512_none_discard_pingpong,0,max_abs_error>0.05,NVIDIA Thor,11.0,580.00,13.0,PTX ISA 9.3 / CUDA 13.0,1575.000,,,,fp16,128,256,16,32,128,215,2,discard,pingpong,2,2,32,1,nocount,none,none,16,16,16,0,512,0,256,none,0,none,0,4,20,3678246.0,2335.3942857142856,,,,,12288,,36.78151755592203,,,0,0.83203125,1,bf14b28d2af4128daa99f23eec8a5e105636d0b04136f8be580fdc39d6f1f97d,
07_config_matrix,cfg_fp16_m128n256k16_c512_none_discard_pingpong,0,max_abs_error>0.05,NVIDIA Thor,11.0,580.00,13.0,PTX ISA 9.3 / CUDA 13.0,1575.000,,,,fp16,128,256,16,32,128,215,3,discard,pingpong,2,2,32,1,nocount,none,none,16,16,16,0,512,0,256,none,0,none,0,4,20,3678183.0,2335.3542857142857,,,,,12288,,36.782147550570485,,,0,0.83203125,1,bf14b28d2af4128daa99f23eec8a5e105636d0b04136f8be580fdc39d6f1f97d,
07_config_matrix,cfg_fp16_m128n256k16_c512_none_discard_pingpong,0,max_abs_error>0.05,NVIDIA Thor,11.0,580.00,13.0,PTX ISA 9.3 / CUDA 13.0,1575.000,,,,fp16,128,256,16,32,128,215,4,discard,pingpong,2,2,32,1,nocount,none,none,16,16,16,0,512,0,256,none,0,none,0,4,20,3678179.0,2335.351746031746,,,,,12288,,36.78218755095932,,,0,0.83203125,1,bf14b28d2af4128daa99f23eec8a5e105636d0b04136f8be580fdc39d6f1f97d,
07_config_matrix,cfg_bf16_m128n128k16_c128_sw32_fill_use_lastuse_same,1,,NVIDIA Thor,11.0,580.00,13.0,PTX ISA 9.3 / CUDA 13.0,1575.000,,,,bf16,128,128,16,32,128,216,0,fill_use_lastuse,same,1,1,32,1,nocount,sw32,sw32,16,16,16,0,128,0,128,none,0,none,0,4,20,2991993.0,1899.6780952380952,,,,,8192,,22.608921515524933,,,0,0.0,1,bf14b28d2af4128daa99f23eec8a5e105636d0b04136f8be580fdc39d6f1f97d,; UTCHMMA=21;UTCHMMA_WS=16;UTCBAR=1;UTCATOMSWS=3;SYNCS_TRYWAIT=8;LDS=21;LDG=9;ptx_tcgen05_mma=21;ptx_tcgen05_mma_ws=16;ptx_tcgen05_commit=1;ptx_tcgen05_alloc=1;ptx_tcgen05_dealloc=1;ptx_tcgen05_ld=5;ptx_tcgen05_st=5;ptx_mbarrier_wait=5;ptx_cp_async_tma=2;ptx_ld_shared=26;ptx_ld_global=7
07_config_matrix,cfg_bf16_m128n128k16_c128_sw32_fill_use_lastuse_same,1,,NVIDIA Thor,11.0,580.00,13.0,PTX ISA 9.3 / CUDA 13.0,1575.000,,,,bf16,128,128,16,32,128,216,1,fill_use_lastuse,same,1,1,32,1,nocount,sw32,sw32,16,16,16,0,128,0,128,none,0,none,0,4,20,2991999.0,1899.681904761905,,,,,8192,,22.60887617676343,,,0,0.0,1,bf14b28d2af4128daa99f23eec8a5e105636d0b04136f8be580fdc39d6f1f97d,
07_config_matrix,cfg_bf16_m128n128k16_c128_sw32_fill_use_lastuse_same,1,,NVIDIA Thor,11.0,580.00,13.0,PTX ISA 9.3 / CUDA 13.0,1575.000,,,,bf16,128,128,16,32,128,216,2,fill_use_lastuse,same,1,1,32,1,nocount,sw32,sw32,16,16,16,0,128,0,128,none,0,none,0,4,20,2992000.0,1899.6825396825398,,,,,8192,,22.608868620320855,,,0,0.0,1,bf14b28d2af4128daa99f23eec8a5e105636d0b04136f8be580fdc39d6f1f97d,
07_config_matrix,cfg_bf16_m128n128k16_c128_sw32_fill_use_lastuse_same,1,,NVIDIA Thor,11.0,580.00,13.0,PTX ISA 9.3 / CUDA 13.0,1575.000,,,,bf16,128,128,16,32,128,216,3,fill_use_lastuse,same,1,1,32,1,nocount,sw32,sw32,16,16,16,0,128,0,128,none,0,none,0,4,20,2991997.0,1899.680634920635,,,,,8192,,22.608891289663728,,,0,0.0,1,bf14b28d2af4128daa99f23eec8a5e105636d0b04136f8be580fdc39d6f1f97d,
07_config_matrix,cfg_bf16_m128n128k16_c128_sw32_fill_use_lastuse_same,1,,NVIDIA Thor,11.0,580.00,13.0,PTX ISA 9.3 / CUDA 13.0,1575.000,,,,bf16,128,128,16,32,128,216,4,fill_use_lastuse,same,1,1,32,1,nocount,sw32,sw32,16,16,16,0,128,0,128,none,0,none,0,4,20,2991999.0,1899.681904761905,,,,,8192,,22.60887617676343,,,0,0.0,1,bf14b28d2af4128daa99f23eec8a5e105636d0b04136f8be580fdc39d6f1f97d,
07_config_matrix,cfg_bf16_m128n128k16_c512_none_fill_use_lastuse_pingpong,0,max_abs_error>0.25,NVIDIA Thor,11.0,580.00,13.0,PTX ISA 9.3 / CUDA 13.0,1575.000,,,,bf16,128,128,16,32,128,217,0,fill_use_lastuse,pingpong,4,4,32,1,nocount,none,none,16,16,16,0,512,0,128,none,0,none,0,4,20,3779405.0,2399.6222222222223,,,,,8192,,17.898514425418817,,,0,0.83203125,1,bf14b28d2af4128daa99f23eec8a5e105636d0b04136f8be580fdc39d6f1f97d,; UTCHMMA=21;UTCHMMA_WS=16;UTCBAR=1;UTCATOMSWS=3;SYNCS_TRYWAIT=8;LDS=21;LDG=9;ptx_tcgen05_mma=21;ptx_tcgen05_mma_ws=16;ptx_tcgen05_commit=1;ptx_tcgen05_alloc=1;ptx_tcgen05_dealloc=1;ptx_tcgen05_ld=5;ptx_tcgen05_st=5;ptx_mbarrier_wait=5;ptx_cp_async_tma=2;ptx_ld_shared=26;ptx_ld_global=7
07_config_matrix,cfg_bf16_m128n128k16_c512_none_fill_use_lastuse_pingpong,0,max_abs_error>0.25,NVIDIA Thor,11.0,580.00,13.0,PTX ISA 9.3 / CUDA 13.0,1575.000,,,,bf16,128,128,16,32,128,217,1,fill_use_lastuse,pingpong,4,4,32,1,nocount,none,none,16,16,16,0,512,0,128,none,0,none,0,4,20,4532262.0,2877.6266666666666,,,,,8192,,14.925380508011232,,,0,0.83203125,1,bf14b28d2af4128daa99f23eec8a5e105636d0b04136f8be580fdc39d6f1f97d,
07_config_matrix,cfg_bf16_m128n128k16_c512_none_fill_use_lastuse_pingpong,0,max_abs_error>0.25,NVIDIA Thor,11.0,580.00,13.0,PTX ISA 9.3 / CUDA 13.0,1575.000,,,,bf16,128,128,16,32,128,217,2,fill_use_lastuse,pingpong,4,4,32,1,nocount,none,none,16,16,16,0,512,0,128,none,0,none,0,4,20,3779417.0,2399.6298412698416,,,,,8192,,17.898457595973134,,,0,0.83203125,1,bf14b28d2af4128daa99f23eec8a5e105636d0b04136f8be580fdc39d6f1f97d,
07_config_matrix,cfg_bf16_m128n128k16_c512_none_fill_use_lastuse_pingpong,0,max_abs_error>0.25,NVIDIA Thor,11.0,580.00,13.0,PTX ISA 9.3 / CUDA 13.0,1575.000,,,,bf16,128,128,16,32,128,217,3,fill_use_lastuse,pingpong,4,4,32,1,nocount,none,none,16,16,16,0,512,0,128,none,0,none,0,4,20,3779407.0,2399.623492063492,,,,,8192,,17.898504953819476,,,0,0.83203125,1,bf14b28d2af4128daa99f23eec8a5e105636d0b04136f8be580fdc39d6f1f97d,
07_config_matrix,cfg_bf16_m128n128k16_c512_none_fill_use_lastuse_pingpong,0,max_abs_error>0.25,NVIDIA Thor,11.0,580.00,13.0,PTX ISA 9.3 / CUDA 13.0,1575.000,,,,bf16,128,128,16,32,128,217,4,fill_use_lastuse,pingpong,4,4,32,1,nocount,none,none,16,16,16,0,512,0,128,none,0,none,0,4,20,3779407.0,2399.623492063492,,,,,8192,,17.898504953819476,,,0,0.83203125,1,bf14b28d2af4128daa99f23eec8a5e105636d0b04136f8be580fdc39d6f1f97d,
07_config_matrix,cfg_fp16_m128n256k16_c256_none_fill_use_lastuse_same,0,max_abs_error>0.05,NVIDIA Thor,11.0,580.00,13.0,PTX ISA 9.3 / CUDA 13.0,1575.000,,,,fp16,128,256,16,32,128,218,0,fill_use_lastuse,same,1,1,32,1,nocount,none,none,16,16,16,0,256,0,256,none,0,none,0,4,20,3282541.0,2084.153015873016,,,,,12288,,41.21546991309476,,,0,0.83203125,1,bf14b28d2af4128daa99f23eec8a5e105636d0b04136f8be580fdc39d6f1f97d,; UTCHMMA=21;UTCHMMA_WS=16;UTCBAR=1;UTCATOMSWS=3;SYNCS_TRYWAIT=8;LDS=21;LDG=9;ptx_tcgen05_mma=21;ptx_tcgen05_mma_ws=16;ptx_tcgen05_commit=1;ptx_tcgen05_alloc=1;ptx_tcgen05_dealloc=1;ptx_tcgen05_ld=5;ptx_tcgen05_st=5;ptx_mbarrier_wait=5;ptx_cp_async_tma=2;ptx_ld_shared=26;ptx_ld_global=7
07_config_matrix,cfg_fp16_m128n256k16_c256_none_fill_use_lastuse_same,0,max_abs_error>0.05,NVIDIA Thor,11.0,580.00,13.0,PTX ISA 9.3 / CUDA 13.0,1575.000,,,,fp16,128,256,16,32,128,218,1,fill_use_lastuse,same,1,1,32,1,nocount,none,none,16,16,16,0,256,0,256,none,0,none,0,4,20,3282540.0,2084.152380952381,,,,,12288,,41.215482469063595,,,0,0.83203125,1,bf14b28d2af4128daa99f23eec8a5e105636d0b04136f8be580fdc39d6f1f97d,
07_config_matrix,cfg_fp16_m128n256k16_c256_none_fill_use_lastuse_same,0,max_abs_error>0.05,NVIDIA Thor,11.0,580.00,13.0,PTX ISA 9.3 / CUDA 13.0,1575.000,,,,fp16,128,256,16,32,128,218,2,fill_use_lastuse,same,1,1,32,1,nocount,none,none,16,16,16,0,256,0,256,none,0,none,0,4,20,3282546.0,2084.1561904761907,,,,,12288,,41.21540713336538,,,0,0.83203125,1,bf14b28d2af4128daa99f23eec8a5e105636d0b04136f8be580fdc39d6f1f97d,
07_config_matrix,cfg_fp16_m128n256k16_c256_none_fill_use_lastuse_same,0,max_abs_error>0.05,NVIDIA Thor,11.0,580.00,13.0,PTX ISA 9.3 / CUDA 13.0,1575.000,,,,fp16,128,256,16,32,128,218,3,fill_use_lastuse,same,1,1,32,1,nocount,none,none,16,16,16,0,256,0,256,none,0,none,0,4,20,3282542.0,2084.1536507936507,,,,,12288,,41.21545735713359,,,0,0.83203125,1,bf14b28d2af4128daa99f23eec8a5e105636d0b04136f8be580fdc39d6f1f97d,
07_config_matrix,cfg_fp16_m128n256k16_c256_none_fill_use_lastuse_same,0,max_abs_error>0.05,NVIDIA Thor,11.0,580.00,13.0,PTX ISA 9.3 / CUDA 13.0,1575.000,,,,fp16,128,256,16,32,128,218,4,fill_use_lastuse,same,1,1,32,1,nocount,none,none,16,16,16,0,256,0,256,none,0,none,0,4,20,3282536.0,2084.149841269841,,,,,12288,,41.215532693015405,,,0,0.83203125,1,bf14b28d2af4128daa99f23eec8a5e105636d0b04136f8be580fdc39d6f1f97d,
07_config_matrix,cfg_fp16_m128n64k16_c256_none_fill_use_lastuse_same,0,max_abs_error>0.05,NVIDIA Thor,11.0,580.00,13.0,PTX ISA 9.3 / CUDA 13.0,1575.000,,,,fp16,128,64,16,32,128,219,0,fill_use_lastuse,same,4,4,32,1,nocount,none,none,16,16,16,0,256,0,64,none,0,none,0,4,20,3779295.0,2399.5523809523806,,,,,6144,,8.949517689410326,,,0,0.83203125,1,bf14b28d2af4128daa99f23eec8a5e105636d0b04136f8be580fdc39d6f1f97d,; UTCHMMA=21;UTCHMMA_WS=16;UTCBAR=1;UTCATOMSWS=3;SYNCS_TRYWAIT=8;LDS=21;LDG=9;ptx_tcgen05_mma=21;ptx_tcgen05_mma_ws=16;ptx_tcgen05_commit=1;ptx_tcgen05_alloc=1;ptx_tcgen05_dealloc=1;ptx_tcgen05_ld=5;ptx_tcgen05_st=5;ptx_mbarrier_wait=5;ptx_cp_async_tma=2;ptx_ld_shared=26;ptx_ld_global=7
07_config_matrix,cfg_fp16_m128n64k16_c256_none_fill_use_lastuse_same,0,max_abs_error>0.05,NVIDIA Thor,11.0,580.00,13.0,PTX ISA 9.3 / CUDA 13.0,1575.000,,,,fp16,128,64,16,32,128,219,1,fill_use_lastuse,same,4,4,32,1,nocount,none,none,16,16,16,0,256,0,64,none,0,none,0,4,20,3779297.0,2399.553650793651,,,,,6144,,8.949512953334972,,,0,0.83203125,1,bf14b28d2af4128daa99f23eec8a5e105636d0b04136f8be580fdc39d6f1f97d,
07_config_matrix,cfg_fp16_m128n64k16_c256_none_fill_use_lastuse_same,0,max_abs_error>0.05,NVIDIA Thor,11.0,580.00,13.0,PTX ISA 9.3 / CUDA 13.0,1575.000,,,,fp16,128,64,16,32,128,219,2,fill_use_lastuse,same,4,4,32,1,nocount,none,none,16,16,16,0,256,0,64,none,0,none,0,4,20,3779300.0,2399.555555555555,,,,,6144,,8.94950584923134,,,0,0.83203125,1,bf14b28d2af4128daa99f23eec8a5e105636d0b04136f8be580fdc39d6f1f97d,
07_config_matrix,cfg_fp16_m128n64k16_c256_none_fill_use_lastuse_same,0,max_abs_error>0.05,NVIDIA Thor,11.0,580.00,13.0,PTX ISA 9.3 / CUDA 13.0,1575.000,,,,fp16,128,64,16,32,128,219,3,fill_use_lastuse,same,4,4,32,1,nocount,none,none,16,16,16,0,256,0,64,none,0,none,0,4,20,3779296.0,2399.553015873016,,,,,6144,,8.949515321372022,,,0,0.83203125,1,bf14b28d2af4128daa99f23eec8a5e105636d0b04136f8be580fdc39d6f1f97d,
07_config_matrix,cfg_fp16_m128n64k16_c256_none_fill_use_lastuse_same,0,max_abs_error>0.05,NVIDIA Thor,11.0,580.00,13.0,PTX ISA 9.3 / CUDA 13.0,1575.000,,,,fp16,128,64,16,32,128,219,4,fill_use_lastuse,same,4,4,32,1,nocount,none,none,16,16,16,0,256,0,64,none,0,none,0,4,20,3779301.0,2399.5561904761907,,,,,6144,,8.9495034811993,,,0,0.83203125,1,bf14b28d2af4128daa99f23eec8a5e105636d0b04136f8be580fdc39d6f1f97d,
07_config_matrix,cfg_bf16_m128n64k16_c128_sw64_discard_pingpong,1,,NVIDIA Thor,11.0,580.00,13.0,PTX ISA 9.3 / CUDA 13.0,1575.000,,,,bf16,128,64,16,32,128,220,0,discard,pingpong,2,2,32,1,nocount,sw64,sw64,16,16,16,0,128,0,64,none,0,none,0,4,20,3562217.0,2261.725079365079,,,,,6144,,9.494892494196732,,,0,0.0,1,bf14b28d2af4128daa99f23eec8a5e105636d0b04136f8be580fdc39d6f1f97d,; UTCHMMA=21;UTCHMMA_WS=16;UTCBAR=1;UTCATOMSWS=3;SYNCS_TRYWAIT=8;LDS=21;LDG=9;ptx_tcgen05_mma=21;ptx_tcgen05_mma_ws=16;ptx_tcgen05_commit=1;ptx_tcgen05_alloc=1;ptx_tcgen05_dealloc=1;ptx_tcgen05_ld=5;ptx_tcgen05_st=5;ptx_mbarrier_wait=5;ptx_cp_async_tma=2;ptx_ld_shared=26;ptx_ld_global=7
07_config_matrix,cfg_bf16_m128n64k16_c128_sw64_discard_pingpong,1,,NVIDIA Thor,11.0,580.00,13.0,PTX ISA 9.3 / CUDA 13.0,1575.000,,,,bf16,128,64,16,32,128,220,1,discard,pingpong,2,2,32,1,nocount,sw64,sw64,16,16,16,0,128,0,64,none,0,none,0,4,20,3562413.0,2261.849523809524,,,,,6144,,9.49437009577497,,,0,0.0,1,bf14b28d2af4128daa99f23eec8a5e105636d0b04136f8be580fdc39d6f1f97d,
07_config_matrix,cfg_bf16_m128n64k16_c128_sw64_discard_pingpong,1,,NVIDIA Thor,11.0,580.00,13.0,PTX ISA 9.3 / CUDA 13.0,1575.000,,,,bf16,128,64,16,32,128,220,2,discard,pingpong,2,2,32,1,nocount,sw64,sw64,16,16,16,0,128,0,64,none,0,none,0,4,20,3562367.0,2261.8203174603173,,,,,6144,,9.494492694323746,,,0,0.0,1,bf14b28d2af4128daa99f23eec8a5e105636d0b04136f8be580fdc39d6f1f97d,
07_config_matrix,cfg_bf16_m128n64k16_c128_sw64_discard_pingpong,1,,NVIDIA Thor,11.0,580.00,13.0,PTX ISA 9.3 / CUDA 13.0,1575.000,,,,bf16,128,64,16,32,128,220,3,discard,pingpong,2,2,32,1,nocount,sw64,sw64,16,16,16,0,128,0,64,none,0,none,0,4,20,3562206.0,2261.7180952380954,,,,,6144,,9.494921814179191,,,0,0.0,1,bf14b28d2af4128daa99f23eec8a5e105636d0b04136f8be580fdc39d6f1f97d,
07_config_matrix,cfg_bf16_m128n64k16_c128_sw64_discard_pingpong,1,,NVIDIA Thor,11.0,580.00,13.0,PTX ISA 9.3 / CUDA 13.0,1575.000,,,,bf16,128,64,16,32,128,220,4,discard,pingpong,2,2,32,1,nocount,sw64,sw64,16,16,16,0,128,0,64,none,0,none,0,4,20,3562206.0,2261.7180952380954,,,,,6144,,9.494921814179191,,,0,0.0,1,bf14b28d2af4128daa99f23eec8a5e105636d0b04136f8be580fdc39d6f1f97d,
07_config_matrix,cfg_bf16_m128n64k16_c512_sw64_discard_same,1,,NVIDIA Thor,11.0,580.00,13.0,PTX ISA 9.3 / CUDA 13.0,1575.000,,,,bf16,128,64,16,32,128,221,0,discard,same,8,8,32,1,nocount,sw64,sw64,16,16,16,0,512,0,64,none,0,none,0,4,20,3562093.0,2261.646349206349,,,,,6144,,9.495223020847574,,,0,0.0,1,bf14b28d2af4128daa99f23eec8a5e105636d0b04136f8be580fdc39d6f1f97d,; UTCHMMA=21;UTCHMMA_WS=16;UTCBAR=1;UTCATOMSWS=3;SYNCS_TRYWAIT=8;LDS=21;LDG=9;ptx_tcgen05_mma=21;ptx_tcgen05_mma_ws=16;ptx_tcgen05_commit=1;ptx_tcgen05_alloc=1;ptx_tcgen05_dealloc=1;ptx_tcgen05_ld=5;ptx_tcgen05_st=5;ptx_mbarrier_wait=5;ptx_cp_async_tma=2;ptx_ld_shared=26;ptx_ld_global=7
07_config_matrix,cfg_bf16_m128n64k16_c512_sw64_discard_same,1,,NVIDIA Thor,11.0,580.00,13.0,PTX ISA 9.3 / CUDA 13.0,1575.000,,,,bf16,128,64,16,32,128,221,1,discard,same,8,8,32,1,nocount,sw64,sw64,16,16,16,0,512,0,64,none,0,none,0,4,20,3562092.0,2261.6457142857143,,,,,6144,,9.49522568647862,,,0,0.0,1,bf14b28d2af4128daa99f23eec8a5e105636d0b04136f8be580fdc39d6f1f97d,
07_config_matrix,cfg_bf16_m128n64k16_c512_sw64_discard_same,1,,NVIDIA Thor,11.0,580.00,13.0,PTX ISA 9.3 / CUDA 13.0,1575.000,,,,bf16,128,64,16,32,128,221,2,discard,same,8,8,32,1,nocount,sw64,sw64,16,16,16,0,512,0,64,none,0,none,0,4,20,3562091.0,2261.6450793650793,,,,,6144,,9.495228352111162,,,0,0.0,1,bf14b28d2af4128daa99f23eec8a5e105636d0b04136f8be580fdc39d6f1f97d,
07_config_matrix,cfg_bf16_m128n64k16_c512_sw64_discard_same,1,,NVIDIA Thor,11.0,580.00,13.0,PTX ISA 9.3 / CUDA 13.0,1575.000,,,,bf16,128,64,16,32,128,221,3,discard,same,8,8,32,1,nocount,sw64,sw64,16,16,16,0,512,0,64,none,0,none,0,4,20,3561855.0,2261.495238095238,,,,,6144,,9.4958574832496,,,0,0.0,1,bf14b28d2af4128daa99f23eec8a5e105636d0b04136f8be580fdc39d6f1f97d,
07_config_matrix,cfg_bf16_m128n64k16_c512_sw64_discard_same,1,,NVIDIA Thor,11.0,580.00,13.0,PTX ISA 9.3 / CUDA 13.0,1575.000,,,,bf16,128,64,16,32,128,221,4,discard,same,8,8,32,1,nocount,sw64,sw64,16,16,16,0,512,0,64,none,0,none,0,4,20,3562093.0,2261.646349206349,,,,,6144,,9.495223020847574,,,0,0.0,1,bf14b28d2af4128daa99f23eec8a5e105636d0b04136f8be580fdc39d6f1f97d,
07_config_matrix,cfg_fp16_m128n64k16_c128_none_discard_same,0,max_abs_error>0.05,NVIDIA Thor,11.0,580.00,13.0,PTX ISA 9.3 / CUDA 13.0,1575.000,,,,fp16,128,64,16,32,128,222,0,discard,same,2,2,32,1,nocount,none,none,16,16,16,0,128,0,64,none,0,none,0,4,20,3678956.0,2335.845079365079,,,,,6144,,9.19360477700739,,,0,0.83203125,1,bf14b28d2af4128daa99f23eec8a5e105636d0b04136f8be580fdc39d6f1f97d,; UTCHMMA=21;UTCHMMA_WS=16;UTCBAR=1;UTCATOMSWS=3;SYNCS_TRYWAIT=8;LDS=21;LDG=9;ptx_tcgen05_mma=21;ptx_tcgen05_mma_ws=16;ptx_tcgen05_commit=1;ptx_tcgen05_alloc=1;ptx_tcgen05_dealloc=1;ptx_tcgen05_ld=5;ptx_tcgen05_st=5;ptx_mbarrier_wait=5;ptx_cp_async_tma=2;ptx_ld_shared=26;ptx_ld_global=7
07_config_matrix,cfg_fp16_m128n64k16_c128_none_discard_same,0,max_abs_error>0.05,NVIDIA Thor,11.0,580.00,13.0,PTX ISA 9.3 / CUDA 13.0,1575.000,,,,fp16,128,64,16,32,128,222,1,discard,same,2,2,32,1,nocount,none,none,16,16,16,0,128,0,64,none,0,none,0,4,20,3678958.0,2335.8463492063493,,,,,6144,,9.193599779067878,,,0,0.83203125,1,bf14b28d2af4128daa99f23eec8a5e105636d0b04136f8be580fdc39d6f1f97d,
07_config_matrix,cfg_fp16_m128n64k16_c128_none_discard_same,0,max_abs_error>0.05,NVIDIA Thor,11.0,580.00,13.0,PTX ISA 9.3 / CUDA 13.0,1575.000,,,,fp16,128,64,16,32,128,222,2,discard,same,2,2,32,1,nocount,none,none,16,16,16,0,128,0,64,none,0,none,0,4,20,3678953.0,2335.8431746031747,,,,,6144,,9.193612273926847,,,0,0.83203125,1,bf14b28d2af4128daa99f23eec8a5e105636d0b04136f8be580fdc39d6f1f97d,
07_config_matrix,cfg_fp16_m128n64k16_c128_none_discard_same,0,max_abs_error>0.05,NVIDIA Thor,11.0,580.00,13.0,PTX ISA 9.3 / CUDA 13.0,1575.000,,,,fp16,128,64,16,32,128,222,3,discard,same,2,2,32,1,nocount,none,none,16,16,16,0,128,0,64,none,0,none,0,4,20,3678967.0,2335.8520634920633,,,,,6144,,9.193577288407317,,,0,0.83203125,1,bf14b28d2af4128daa99f23eec8a5e105636d0b04136f8be580fdc39d6f1f97d,
07_config_matrix,cfg_fp16_m128n64k16_c128_none_discard_same,0,max_abs_error>0.05,NVIDIA Thor,11.0,580.00,13.0,PTX ISA 9.3 / CUDA 13.0,1575.000,,,,fp16,128,64,16,32,128,222,4,discard,same,2,2,32,1,nocount,none,none,16,16,16,0,128,0,64,none,0,none,0,4,20,3678959.0,2335.8469841269844,,,,,6144,,9.193597280100159,,,0,0.83203125,1,bf14b28d2af4128daa99f23eec8a5e105636d0b04136f8be580fdc39d6f1f97d,
07_config_matrix,cfg_fp16_m128n64k16_c128_sw64_discard_same,1,,NVIDIA Thor,11.0,580.00,13.0,PTX ISA 9.3 / CUDA 13.0,1575.000,,,,fp16,128,64,16,32,128,223,0,discard,same,2,2,32,1,nocount,sw64,sw64,16,16,16,0,128,0,64,none,0,none,0,4,20,3562217.0,2261.725079365079,,,,,6144,,9.494892494196732,,,0,0.0,1,bf14b28d2af4128daa99f23eec8a5e105636d0b04136f8be580fdc39d6f1f97d,; UTCHMMA=21;UTCHMMA_WS=16;UTCBAR=1;UTCATOMSWS=3;SYNCS_TRYWAIT=8;LDS=21;LDG=9;ptx_tcgen05_mma=21;ptx_tcgen05_mma_ws=16;ptx_tcgen05_commit=1;ptx_tcgen05_alloc=1;ptx_tcgen05_dealloc=1;ptx_tcgen05_ld=5;ptx_tcgen05_st=5;ptx_mbarrier_wait=5;ptx_cp_async_tma=2;ptx_ld_shared=26;ptx_ld_global=7
07_config_matrix,cfg_fp16_m128n64k16_c128_sw64_discard_same,1,,NVIDIA Thor,11.0,580.00,13.0,PTX ISA 9.3 / CUDA 13.0,1575.000,,,,fp16,128,64,16,32,128,223,1,discard,same,2,2,32,1,nocount,sw64,sw64,16,16,16,0,128,0,64,none,0,none,0,4,20,3562212.0,2261.7219047619046,,,,,6144,,9.494905821439039,,,0,0.0,1,bf14b28d2af4128daa99f23eec8a5e105636d0b04136f8be580fdc39d6f1f97d,
07_config_matrix,cfg_fp16_m128n64k16_c128_sw64_discard_same,1,,NVIDIA Thor,11.0,580.00,13.0,PTX ISA 9.3 / CUDA 13.0,1575.000,,,,fp16,128,64,16,32,128,223,2,discard,same,2,2,32,1,nocount,sw64,sw64,16,16,16,0,128,0,64,none,0,none,0,4,20,3562216.0,2261.7244444444445,,,,,6144,,9.4948951596422,,,0,0.0,1,bf14b28d2af4128daa99f23eec8a5e105636d0b04136f8be580fdc39d6f1f97d,
07_config_matrix,cfg_fp16_m128n64k16_c128_sw64_discard_same,1,,NVIDIA Thor,11.0,580.00,13.0,PTX ISA 9.3 / CUDA 13.0,1575.000,,,,fp16,128,64,16,32,128,223,3,discard,same,2,2,32,1,nocount,sw64,sw64,16,16,16,0,128,0,64,none,0,none,0,4,20,3562215.0,2261.72380952381,,,,,6144,,9.494897825089165,,,0,0.0,1,bf14b28d2af4128daa99f23eec8a5e105636d0b04136f8be580fdc39d6f1f97d,
07_config_matrix,cfg_fp16_m128n64k16_c128_sw64_discard_same,1,,NVIDIA Thor,11.0,580.00,13.0,PTX ISA 9.3 / CUDA 13.0,1575.000,,,,fp16,128,64,16,32,128,223,4,discard,same,2,2,32,1,nocount,sw64,sw64,16,16,16,0,128,0,64,none,0,none,0,4,20,3562219.0,2261.726349206349,,,,,6144,,9.494887163310285,,,0,0.0,1,bf14b28d2af4128daa99f23eec8a5e105636d0b04136f8be580fdc39d6f1f97d,
07_config_matrix,cfg_bf16_m128n256k16_c512_none_discard_pingpong,0,max_abs_error>0.25,NVIDIA Thor,11.0,580.00,13.0,PTX ISA 9.3 / CUDA 13.0,1575.000,,,,bf16,128,256,16,32,128,224,0,discard,pingpong,2,2,32,1,nocount,none,none,16,16,16,0,512,0,256,none,0,none,0,4,20,3678183.0,2335.3542857142857,,,,,12288,,36.782147550570485,,,0,0.83203125,1,bf14b28d2af4128daa99f23eec8a5e105636d0b04136f8be580fdc39d6f1f97d,; UTCHMMA=21;UTCHMMA_WS=16;UTCBAR=1;UTCATOMSWS=3;SYNCS_TRYWAIT=8;LDS=21;LDG=9;ptx_tcgen05_mma=21;ptx_tcgen05_mma_ws=16;ptx_tcgen05_commit=1;ptx_tcgen05_alloc=1;ptx_tcgen05_dealloc=1;ptx_tcgen05_ld=5;ptx_tcgen05_st=5;ptx_mbarrier_wait=5;ptx_cp_async_tma=2;ptx_ld_shared=26;ptx_ld_global=7
07_config_matrix,cfg_bf16_m128n256k16_c512_none_discard_pingpong,0,max_abs_error>0.25,NVIDIA Thor,11.0,580.00,13.0,PTX ISA 9.3 / CUDA 13.0,1575.000,,,,bf16,128,256,16,32,128,224,1,discard,pingpong,2,2,32,1,nocount,none,none,16,16,16,0,512,0,256,none,0,none,0,4,20,3678179.0,2335.351746031746,,,,,12288,,36.78218755095932,,,0,0.83203125,1,bf14b28d2af4128daa99f23eec8a5e105636d0b04136f8be580fdc39d6f1f97d,
07_config_matrix,cfg_bf16_m128n256k16_c512_none_discard_pingpong,0,max_abs_error>0.25,NVIDIA Thor,11.0,580.00,13.0,PTX ISA 9.3 / CUDA 13.0,1575.000,,,,bf16,128,256,16,32,128,224,2,discard,pingpong,2,2,32,1,nocount,none,none,16,16,16,0,512,0,256,none,0,none,0,4,20,3678176.0,2335.349841269841,,,,,12288,,36.78221755130804,,,0,0.83203125,1,bf14b28d2af4128daa99f23eec8a5e105636d0b04136f8be580fdc39d6f1f97d,
07_config_matrix,cfg_bf16_m128n256k16_c512_none_discard_pingpong,0,max_abs_error>0.25,NVIDIA Thor,11.0,580.00,13.0,PTX ISA 9.3 / CUDA 13.0,1575.000,,,,bf16,128,256,16,32,128,224,3,discard,pingpong,2,2,32,1,nocount,none,none,16,16,16,0,512,0,256,none,0,none,0,4,20,3678178.0,2335.351111111111,,,,,12288,,36.78219755107013,,,0,0.83203125,1,bf14b28d2af4128daa99f23eec8a5e105636d0b04136f8be580fdc39d6f1f97d,
07_config_matrix,cfg_bf16_m128n256k16_c512_none_discard_pingpong,0,max_abs_error>0.25,NVIDIA Thor,11.0,580.00,13.0,PTX ISA 9.3 / CUDA 13.0,1575.000,,,,bf16,128,256,16,32,128,224,4,discard,pingpong,2,2,32,1,nocount,none,none,16,16,16,0,512,0,256,none,0,none,0,4,20,3678177.0,2335.3504761904765,,,,,12288,,36.78220755118636,,,0,0.83203125,1,bf14b28d2af4128daa99f23eec8a5e105636d0b04136f8be580fdc39d6f1f97d,
07_config_matrix,cfg_bf16_m128n256k16_c512_none_fill_use_lastuse_same,0,max_abs_error>0.25,NVIDIA Thor,11.0,580.00,13.0,PTX ISA 9.3 / CUDA 13.0,1575.000,,,,bf16,128,256,16,32,128,225,0,fill_use_lastuse,same,2,2,32,1,nocount,none,none,16,16,16,0,512,0,256,none,0,none,0,4,20,3778478.0,2399.033650793651,,,,,12288,,35.80581118217441,,,0,0.83203125,1,bf14b28d2af4128daa99f23eec8a5e105636d0b04136f8be580fdc39d6f1f97d,; UTCHMMA=21;UTCHMMA_WS=16;UTCBAR=1;UTCATOMSWS=3;SYNCS_TRYWAIT=8;LDS=21;LDG=9;ptx_tcgen05_mma=21;ptx_tcgen05_mma_ws=16;ptx_tcgen05_commit=1;ptx_tcgen05_alloc=1;ptx_tcgen05_dealloc=1;ptx_tcgen05_ld=5;ptx_tcgen05_st=5;ptx_mbarrier_wait=5;ptx_cp_async_tma=2;ptx_ld_shared=26;ptx_ld_global=7
07_config_matrix,cfg_bf16_m128n256k16_c512_none_fill_use_lastuse_same,0,max_abs_error>0.25,NVIDIA Thor,11.0,580.00,13.0,PTX ISA 9.3 / CUDA 13.0,1575.000,,,,bf16,128,256,16,32,128,225,1,fill_use_lastuse,same,2,2,32,1,nocount,none,none,16,16,16,0,512,0,256,none,0,none,0,4,20,3778485.0,2399.038095238095,,,,,12288,,35.805744848530566,,,0,0.83203125,1,bf14b28d2af4128daa99f23eec8a5e105636d0b04136f8be580fdc39d6f1f97d,
07_config_matrix,cfg_bf16_m128n256k16_c512_none_fill_use_lastuse_same,0,max_abs_error>0.25,NVIDIA Thor,11.0,580.00,13.0,PTX ISA 9.3 / CUDA 13.0,1575.000,,,,bf16,128,256,16,32,128,225,2,fill_use_lastuse,same,2,2,32,1,nocount,none,none,16,16,16,0,512,0,256,none,0,none,0,4,20,3778655.0,2399.1460317460314,,,,,12288,,35.80413396406923,,,0,0.83203125,1,bf14b28d2af4128daa99f23eec8a5e105636d0b04136f8be580fdc39d6f1f97d,
07_config_matrix,cfg_bf16_m128n256k16_c512_none_fill_use_lastuse_same,0,max_abs_error>0.25,NVIDIA Thor,11.0,580.00,13.0,PTX ISA 9.3 / CUDA 13.0,1575.000,,,,bf16,128,256,16,32,128,225,3,fill_use_lastuse,same,2,2,32,1,nocount,none,none,16,16,16,0,512,0,256,none,0,none,0,4,20,3778475.0,2399.031746031746,,,,,12288,,35.80583961095416,,,0,0.83203125,1,bf14b28d2af4128daa99f23eec8a5e105636d0b04136f8be580fdc39d6f1f97d,
07_config_matrix,cfg_bf16_m128n256k16_c512_none_fill_use_lastuse_same,0,max_abs_error>0.25,NVIDIA Thor,11.0,580.00,13.0,PTX ISA 9.3 / CUDA 13.0,1575.000,,,,bf16,128,256,16,32,128,225,4,fill_use_lastuse,same,2,2,32,1,nocount,none,none,16,16,16,0,512,0,256,none,0,none,0,4,20,3778495.0,2399.0444444444443,,,,,12288,,35.805650086608566,,,0,0.83203125,1,bf14b28d2af4128daa99f23eec8a5e105636d0b04136f8be580fdc39d6f1f97d,
07_config_matrix,cfg_fp16_m128n256k16_c256_sw128_fill_use_lastuse_same,1,,NVIDIA Thor,11.0,580.00,13.0,PTX ISA 9.3 / CUDA 13.0,1575.000,,,,fp16,128,256,16,32,128,226,0,fill_use_lastuse,same,1,1,32,1,nocount,sw128,sw128,16,16,16,0,256,0,256,none,0,none,0,4,20,3282539.0,2084.1517460317464,,,,,12288,,41.21549502504006,,,0,0.0,1,bf14b28d2af4128daa99f23eec8a5e105636d0b04136f8be580fdc39d6f1f97d,; UTCHMMA=21;UTCHMMA_WS=16;UTCBAR=1;UTCATOMSWS=3;SYNCS_TRYWAIT=8;LDS=21;LDG=9;ptx_tcgen05_mma=21;ptx_tcgen05_mma_ws=16;ptx_tcgen05_commit=1;ptx_tcgen05_alloc=1;ptx_tcgen05_dealloc=1;ptx_tcgen05_ld=5;ptx_tcgen05_st=5;ptx_mbarrier_wait=5;ptx_cp_async_tma=2;ptx_ld_shared=26;ptx_ld_global=7
07_config_matrix,cfg_fp16_m128n256k16_c256_sw128_fill_use_lastuse_same,1,,NVIDIA Thor,11.0,580.00,13.0,PTX ISA 9.3 / CUDA 13.0,1575.000,,,,fp16,128,256,16,32,128,226,1,fill_use_lastuse,same,1,1,32,1,nocount,sw128,sw128,16,16,16,0,256,0,256,none,0,none,0,4,20,3282538.0,2084.151111111111,,,,,12288,,41.2155075810242,,,0,0.0,1,bf14b28d2af4128daa99f23eec8a5e105636d0b04136f8be580fdc39d6f1f97d,
07_config_matrix,cfg_fp16_m128n256k16_c256_sw128_fill_use_lastuse_same,1,,NVIDIA Thor,11.0,580.00,13.0,PTX ISA 9.3 / CUDA 13.0,1575.000,,,,fp16,128,256,16,32,128,226,2,fill_use_lastuse,same,1,1,32,1,nocount,sw128,sw128,16,16,16,0,256,0,256,none,0,none,0,4,20,3282544.0,2084.1549206349205,,,,,12288,,41.21543224523418,,,0,0.0,1,bf14b28d2af4128daa99f23eec8a5e105636d0b04136f8be580fdc39d6f1f97d,
07_config_matrix,cfg_fp16_m128n256k16_c256_sw128_fill_use_lastuse_same,1,,NVIDIA Thor,11.0,580.00,13.0,PTX ISA 9.3 / CUDA 13.0,1575.000,,,,fp16,128,256,16,32,128,226,3,fill_use_lastuse,same,1,1,32,1,nocount,sw128,sw128,16,16,16,0,256,0,256,none,0,none,0,4,20,3282545.0,2084.1555555555556,,,,,12288,,41.21541968929596,,,0,0.0,1,bf14b28d2af4128daa99f23eec8a5e105636d0b04136f8be580fdc39d6f1f97d,
07_config_matrix,cfg_fp16_m128n256k16_c256_sw128_fill_use_lastuse_same,1,,NVIDIA Thor,11.0,580.00,13.0,PTX ISA 9.3 / CUDA 13.0,1575.000,,,,fp16,128,256,16,32,128,226,4,fill_use_lastuse,same,1,1,32,1,nocount,sw128,sw128,16,16,16,0,256,0,256,none,0,none,0,4,20,3282545.0,2084.1555555555556,,,,,12288,,41.21541968929596,,,0,0.0,1,bf14b28d2af4128daa99f23eec8a5e105636d0b04136f8be580fdc39d6f1f97d,
07_config_matrix,cfg_bf16_m128n128k16_c512_sw64_fill_use_lastuse_pingpong,1,,NVIDIA Thor,11.0,580.00,13.0,PTX ISA 9.3 / CUDA 13.0,1575.000,,,,bf16,128,128,16,32,128,227,0,fill_use_lastuse,pingpong,4,4,32,1,nocount,sw64,sw64,16,16,16,0,512,0,128,none,0,none,0,4,20,3664479.0,2326.653333333333,,,,,8192,,18.459850612324427,,,0,0.0,1,bf14b28d2af4128daa99f23eec8a5e105636d0b04136f8be580fdc39d6f1f97d,; UTCHMMA=21;UTCHMMA_WS=16;UTCBAR=1;UTCATOMSWS=3;SYNCS_TRYWAIT=8;LDS=21;LDG=9;ptx_tcgen05_mma=21;ptx_tcgen05_mma_ws=16;ptx_tcgen05_commit=1;ptx_tcgen05_alloc=1;ptx_tcgen05_dealloc=1;ptx_tcgen05_ld=5;ptx_tcgen05_st=5;ptx_mbarrier_wait=5;ptx_cp_async_tma=2;ptx_ld_shared=26;ptx_ld_global=7
07_config_matrix,cfg_bf16_m128n128k16_c512_sw64_fill_use_lastuse_pingpong,1,,NVIDIA Thor,11.0,580.00,13.0,PTX ISA 9.3 / CUDA 13.0,1575.000,,,,bf16,128,128,16,32,128,227,1,fill_use_lastuse,pingpong,4,4,32,1,nocount,sw64,sw64,16,16,16,0,512,0,128,none,0,none,0,4,20,3664484.0,2326.6565079365078,,,,,8192,,18.459825424807423,,,0,0.0,1,bf14b28d2af4128daa99f23eec8a5e105636d0b04136f8be580fdc39d6f1f97d,
07_config_matrix,cfg_bf16_m128n128k16_c512_sw64_fill_use_lastuse_pingpong,1,,NVIDIA Thor,11.0,580.00,13.0,PTX ISA 9.3 / CUDA 13.0,1575.000,,,,bf16,128,128,16,32,128,227,2,fill_use_lastuse,pingpong,4,4,32,1,nocount,sw64,sw64,16,16,16,0,512,0,128,none,0,none,0,4,20,3664485.0,2326.657142857143,,,,,8192,,18.45982038731227,,,0,0.0,1,bf14b28d2af4128daa99f23eec8a5e105636d0b04136f8be580fdc39d6f1f97d,
07_config_matrix,cfg_bf16_m128n128k16_c512_sw64_fill_use_lastuse_pingpong,1,,NVIDIA Thor,11.0,580.00,13.0,PTX ISA 9.3 / CUDA 13.0,1575.000,,,,bf16,128,128,16,32,128,227,3,fill_use_lastuse,pingpong,4,4,32,1,nocount,sw64,sw64,16,16,16,0,512,0,128,none,0,none,0,4,20,3664481.0,2326.6546031746034,,,,,8192,,18.459840537309375,,,0,0.0,1,bf14b28d2af4128daa99f23eec8a5e105636d0b04136f8be580fdc39d6f1f97d,
07_config_matrix,cfg_bf16_m128n128k16_c512_sw64_fill_use_lastuse_pingpong,1,,NVIDIA Thor,11.0,580.00,13.0,PTX ISA 9.3 / CUDA 13.0,1575.000,,,,bf16,128,128,16,32,128,227,4,fill_use_lastuse,pingpong,4,4,32,1,nocount,sw64,sw64,16,16,16,0,512,0,128,none,0,none,0,4,20,3664487.0,2326.658412698413,,,,,8192,,18.459810312330212,,,0,0.0,1,bf14b28d2af4128daa99f23eec8a5e105636d0b04136f8be580fdc39d6f1f97d,
07_config_matrix,cfg_fp16_m128n128k16_c256_sw64_discard_pingpong,1,,NVIDIA Thor,11.0,580.00,13.0,PTX ISA 9.3 / CUDA 13.0,1575.000,,,,fp16,128,128,16,32,128,228,0,discard,pingpong,2,2,32,1,nocount,sw64,sw64,16,16,16,0,256,0,128,none,0,none,0,4,20,3563099.0,2262.285079365079,,,,,8192,,18.98508430778937,,,0,0.0,1,bf14b28d2af4128daa99f23eec8a5e105636d0b04136f8be580fdc39d6f1f97d,; UTCHMMA=21;UTCHMMA_WS=16;UTCBAR=1;UTCATOMSWS=3;SYNCS_TRYWAIT=8;LDS=21;LDG=9;ptx_tcgen05_mma=21;ptx_tcgen05_mma_ws=16;ptx_tcgen05_commit=1;ptx_tcgen05_alloc=1;ptx_tcgen05_dealloc=1;ptx_tcgen05_ld=5;ptx_tcgen05_st=5;ptx_mbarrier_wait=5;ptx_cp_async_tma=2;ptx_ld_shared=26;ptx_ld_global=7
07_config_matrix,cfg_fp16_m128n128k16_c256_sw64_discard_pingpong,1,,NVIDIA Thor,11.0,580.00,13.0,PTX ISA 9.3 / CUDA 13.0,1575.000,,,,fp16,128,128,16,32,128,228,1,discard,pingpong,2,2,32,1,nocount,sw64,sw64,16,16,16,0,256,0,128,none,0,none,0,4,20,3563105.0,2262.2888888888892,,,,,8192,,18.985052338339734,,,0,0.0,1,bf14b28d2af4128daa99f23eec8a5e105636d0b04136f8be580fdc39d6f1f97d,
07_config_matrix,cfg_fp16_m128n128k16_c256_sw64_discard_pingpong,1,,NVIDIA Thor,11.0,580.00,13.0,PTX ISA 9.3 / CUDA 13.0,1575.000,,,,fp16,128,128,16,32,128,228,2,discard,pingpong,2,2,32,1,nocount,sw64,sw64,16,16,16,0,256,0,128,none,0,none,0,4,20,3563115.0,2262.295238095238,,,,,8192,,18.984999056162938,,,0,0.0,1,bf14b28d2af4128daa99f23eec8a5e105636d0b04136f8be580fdc39d6f1f97d,
07_config_matrix,cfg_fp16_m128n128k16_c256_sw64_discard_pingpong,1,,NVIDIA Thor,11.0,580.00,13.0,PTX ISA 9.3 / CUDA 13.0,1575.000,,,,fp16,128,128,16,32,128,228,3,discard,pingpong,2,2,32,1,nocount,sw64,sw64,16,16,16,0,256,0,128,none,0,none,0,4,20,3563108.0,2262.2907936507936,,,,,8192,,18.985036353655293,,,0,0.0,1,bf14b28d2af4128daa99f23eec8a5e105636d0b04136f8be580fdc39d6f1f97d,
07_config_matrix,cfg_fp16_m128n128k16_c256_sw64_discard_pingpong,1,,NVIDIA Thor,11.0,580.00,13.0,PTX ISA 9.3 / CUDA 13.0,1575.000,,,,fp16,128,128,16,32,128,228,4,discard,pingpong,2,2,32,1,nocount,sw64,sw64,16,16,16,0,256,0,128,none,0,none,0,4,20,3563110.0,2262.2920634920633,,,,,8192,,18.98502569721395,,,0,0.0,1,bf14b28d2af4128daa99f23eec8a5e105636d0b04136f8be580fdc39d6f1f97d,
07_config_matrix,cfg_fp16_m128n64k16_c512_sw128_fill_use_lastuse_same,1,,NVIDIA Thor,11.0,580.00,13.0,PTX ISA 9.3 / CUDA 13.0,1575.000,,,,fp16,128,64,16,32,128,229,0,fill_use_lastuse,same,8,8,32,1,nocount,sw128,sw128,16,16,16,0,512,0,64,none,0,none,0,4,20,3779299.0,2399.5549206349206,,,,,6144,,8.949508217264631,,,0,0.0,1,bf14b28d2af4128daa99f23eec8a5e105636d0b04136f8be580fdc39d6f1f97d,; UTCHMMA=21;UTCHMMA_WS=16;UTCBAR=1;UTCATOMSWS=3;SYNCS_TRYWAIT=8;LDS=21;LDG=9;ptx_tcgen05_mma=21;ptx_tcgen05_mma_ws=16;ptx_tcgen05_commit=1;ptx_tcgen05_alloc=1;ptx_tcgen05_dealloc=1;ptx_tcgen05_ld=5;ptx_tcgen05_st=5;ptx_mbarrier_wait=5;ptx_cp_async_tma=2;ptx_ld_shared=26;ptx_ld_global=7
07_config_matrix,cfg_fp16_m128n64k16_c512_sw128_fill_use_lastuse_same,1,,NVIDIA Thor,11.0,580.00,13.0,PTX ISA 9.3 / CUDA 13.0,1575.000,,,,fp16,128,64,16,32,128,229,1,fill_use_lastuse,same,8,8,32,1,nocount,sw128,sw128,16,16,16,0,512,0,64,none,0,none,0,4,20,3779300.0,2399.555555555555,,,,,6144,,8.94950584923134,,,0,0.0,1,bf14b28d2af4128daa99f23eec8a5e105636d0b04136f8be580fdc39d6f1f97d,
07_config_matrix,cfg_fp16_m128n64k16_c512_sw128_fill_use_lastuse_same,1,,NVIDIA Thor,11.0,580.00,13.0,PTX ISA 9.3 / CUDA 13.0,1575.000,,,,fp16,128,64,16,32,128,229,2,fill_use_lastuse,same,8,8,32,1,nocount,sw128,sw128,16,16,16,0,512,0,64,none,0,none,0,4,20,3779299.0,2399.5549206349206,,,,,6144,,8.949508217264631,,,0,0.0,1,bf14b28d2af4128daa99f23eec8a5e105636d0b04136f8be580fdc39d6f1f97d,
07_config_matrix,cfg_fp16_m128n64k16_c512_sw128_fill_use_lastuse_same,1,,NVIDIA Thor,11.0,580.00,13.0,PTX ISA 9.3 / CUDA 13.0,1575.000,,,,fp16,128,64,16,32,128,229,3,fill_use_lastuse,same,8,8,32,1,nocount,sw128,sw128,16,16,16,0,512,0,64,none,0,none,0,4,20,3779302.0,2399.5568253968254,,,,,6144,,8.949501113168518,,,0,0.0,1,bf14b28d2af4128daa99f23eec8a5e105636d0b04136f8be580fdc39d6f1f97d,
07_config_matrix,cfg_fp16_m128n64k16_c512_sw128_fill_use_lastuse_same,1,,NVIDIA Thor,11.0,580.00,13.0,PTX ISA 9.3 / CUDA 13.0,1575.000,,,,fp16,128,64,16,32,128,229,4,fill_use_lastuse,same,8,8,32,1,nocount,sw128,sw128,16,16,16,0,512,0,64,none,0,none,0,4,20,3779304.0,2399.558095238095,,,,,6144,,8.949496377110707,,,0,0.0,1,bf14b28d2af4128daa99f23eec8a5e105636d0b04136f8be580fdc39d6f1f97d,
07_config_matrix,cfg_fp16_m128n128k16_c256_sw128_discard_pingpong,1,,NVIDIA Thor,11.0,580.00,13.0,PTX ISA 9.3 / CUDA 13.0,1575.000,,,,fp16,128,128,16,32,128,230,0,discard,pingpong,2,2,32,1,nocount,sw128,sw128,16,16,16,0,256,0,128,none,0,none,0,4,20,3678957.0,2335.845714285714,,,,,8192,,18.38720455607391,,,0,0.0,1,bf14b28d2af4128daa99f23eec8a5e105636d0b04136f8be580fdc39d6f1f97d,; UTCHMMA=21;UTCHMMA_WS=16;UTCBAR=1;UTCATOMSWS=3;SYNCS_TRYWAIT=8;LDS=21;LDG=9;ptx_tcgen05_mma=21;ptx_tcgen05_mma_ws=16;ptx_tcgen05_commit=1;ptx_tcgen05_alloc=1;ptx_tcgen05_dealloc=1;ptx_tcgen05_ld=5;ptx_tcgen05_st=5;ptx_mbarrier_wait=5;ptx_cp_async_tma=2;ptx_ld_shared=26;ptx_ld_global=7
07_config_matrix,cfg_fp16_m128n128k16_c256_sw128_discard_pingpong,1,,NVIDIA Thor,11.0,580.00,13.0,PTX ISA 9.3 / CUDA 13.0,1575.000,,,,fp16,128,128,16,32,128,230,1,discard,pingpong,2,2,32,1,nocount,sw128,sw128,16,16,16,0,256,0,128,none,0,none,0,4,20,3678965.0,2335.8507936507935,,,,,8192,,18.387164572644753,,,0,0.0,1,bf14b28d2af4128daa99f23eec8a5e105636d0b04136f8be580fdc39d6f1f97d,
07_config_matrix,cfg_fp16_m128n128k16_c256_sw128_discard_pingpong,1,,NVIDIA Thor,11.0,580.00,13.0,PTX ISA 9.3 / CUDA 13.0,1575.000,,,,fp16,128,128,16,32,128,230,2,discard,pingpong,2,2,32,1,nocount,sw128,sw128,16,16,16,0,256,0,128,none,0,none,0,4,20,3678982.0,2335.8615873015874,,,,,8192,,18.38707960843516,,,0,0.0,1,bf14b28d2af4128daa99f23eec8a5e105636d0b04136f8be580fdc39d6f1f97d,
07_config_matrix,cfg_fp16_m128n128k16_c256_sw128_discard_pingpong,1,,NVIDIA Thor,11.0,580.00,13.0,PTX ISA 9.3 / CUDA 13.0,1575.000,,,,fp16,128,128,16,32,128,230,3,discard,pingpong,2,2,32,1,nocount,sw128,sw128,16,16,16,0,256,0,128,none,0,none,0,4,20,3678959.0,2335.8469841269844,,,,,8192,,18.387194560200317,,,0,0.0,1,bf14b28d2af4128daa99f23eec8a5e105636d0b04136f8be580fdc39d6f1f97d,
07_config_matrix,cfg_fp16_m128n128k16_c256_sw128_discard_pingpong,1,,NVIDIA Thor,11.0,580.00,13.0,PTX ISA 9.3 / CUDA 13.0,1575.000,,,,fp16,128,128,16,32,128,230,4,discard,pingpong,2,2,32,1,nocount,sw128,sw128,16,16,16,0,256,0,128,none,0,none,0,4,20,3678958.0,2335.8463492063493,,,,,8192,,18.387199558135755,,,0,0.0,1,bf14b28d2af4128daa99f23eec8a5e105636d0b04136f8be580fdc39d6f1f97d,
07_config_matrix,cfg_bf16_m128n64k16_c128_none_fill_use_lastuse_same,0,max_abs_error>0.25,NVIDIA Thor,11.0,580.00,13.0,PTX ISA 9.3 / CUDA 13.0,1575.000,,,,bf16,128,64,16,32,128,231,0,fill_use_lastuse,same,2,2,32,1,nocount,none,none,16,16,16,0,128,0,64,none,0,none,0,4,20,3779294.0,2399.551746031746,,,,,6144,,8.949520057449883,,,0,0.83203125,1,bf14b28d2af4128daa99f23eec8a5e105636d0b04136f8be580fdc39d6f1f97d,; UTCHMMA=21;UTCHMMA_WS=16;UTCBAR=1;UTCATOMSWS=3;SYNCS_TRYWAIT=8;LDS=21;LDG=9;ptx_tcgen05_mma=21;ptx_tcgen05_mma_ws=16;ptx_tcgen05_commit=1;ptx_tcgen05_alloc=1;ptx_tcgen05_dealloc=1;ptx_tcgen05_ld=5;ptx_tcgen05_st=5;ptx_mbarrier_wait=5;ptx_cp_async_tma=2;ptx_ld_shared=26;ptx_ld_global=7
07_config_matrix,cfg_bf16_m128n64k16_c128_none_fill_use_lastuse_same,0,max_abs_error>0.25,NVIDIA Thor,11.0,580.00,13.0,PTX ISA 9.3 / CUDA 13.0,1575.000,,,,bf16,128,64,16,32,128,231,1,fill_use_lastuse,same,2,2,32,1,nocount,none,none,16,16,16,0,128,0,64,none,0,none,0,4,20,3779302.0,2399.5568253968254,,,,,6144,,8.949501113168518,,,0,0.83203125,1,bf14b28d2af4128daa99f23eec8a5e105636d0b04136f8be580fdc39d6f1f97d,
07_config_matrix,cfg_bf16_m128n64k16_c128_none_fill_use_lastuse_same,0,max_abs_error>0.25,NVIDIA Thor,11.0,580.00,13.0,PTX ISA 9.3 / CUDA 13.0,1575.000,,,,bf16,128,64,16,32,128,231,2,fill_use_lastuse,same,2,2,32,1,nocount,none,none,16,16,16,0,128,0,64,none,0,none,0,4,20,3779295.0,2399.5523809523806,,,,,6144,,8.949517689410326,,,0,0.83203125,1,bf14b28d2af4128daa99f23eec8a5e105636d0b04136f8be580fdc39d6f1f97d,
07_config_matrix,cfg_bf16_m128n64k16_c128_none_fill_use_lastuse_same,0,max_abs_error>0.25,NVIDIA Thor,11.0,580.00,13.0,PTX ISA 9.3 / CUDA 13.0,1575.000,,,,bf16,128,64,16,32,128,231,3,fill_use_lastuse,same,2,2,32,1,nocount,none,none,16,16,16,0,128,0,64,none,0,none,0,4,20,3779295.0,2399.5523809523806,,,,,6144,,8.949517689410326,,,0,0.83203125,1,bf14b28d2af4128daa99f23eec8a5e105636d0b04136f8be580fdc39d6f1f97d,
07_config_matrix,cfg_bf16_m128n64k16_c128_none_fill_use_lastuse_same,0,max_abs_error>0.25,NVIDIA Thor,11.0,580.00,13.0,PTX ISA 9.3 / CUDA 13.0,1575.000,,,,bf16,128,64,16,32,128,231,4,fill_use_lastuse,same,2,2,32,1,nocount,none,none,16,16,16,0,128,0,64,none,0,none,0,4,20,3779298.0,2399.554285714286,,,,,6144,,8.949510585299175,,,0,0.83203125,1,bf14b28d2af4128daa99f23eec8a5e105636d0b04136f8be580fdc39d6f1f97d,
07_config_matrix,cfg_bf16_m128n64k16_c512_sw32_fill_use_lastuse_pingpong,1,,NVIDIA Thor,11.0,580.00,13.0,PTX ISA 9.3 / CUDA 13.0,1575.000,,,,bf16,128,64,16,32,128,232,0,fill_use_lastuse,pingpong,8,8,32,1,nocount,sw32,sw32,16,16,16,0,512,0,64,none,0,none,0,4,20,3488013.0,2214.6114285714284,,,,,6144,,9.696886868254218,,,0,0.0,1,bf14b28d2af4128daa99f23eec8a5e105636d0b04136f8be580fdc39d6f1f97d,; UTCHMMA=21;UTCHMMA_WS=16;UTCBAR=1;UTCATOMSWS=3;SYNCS_TRYWAIT=8;LDS=21;LDG=9;ptx_tcgen05_mma=21;ptx_tcgen05_mma_ws=16;ptx_tcgen05_commit=1;ptx_tcgen05_alloc=1;ptx_tcgen05_dealloc=1;ptx_tcgen05_ld=5;ptx_tcgen05_st=5;ptx_mbarrier_wait=5;ptx_cp_async_tma=2;ptx_ld_shared=26;ptx_ld_global=7
07_config_matrix,cfg_bf16_m128n64k16_c512_sw32_fill_use_lastuse_pingpong,1,,NVIDIA Thor,11.0,580.00,13.0,PTX ISA 9.3 / CUDA 13.0,1575.000,,,,bf16,128,64,16,32,128,232,1,fill_use_lastuse,pingpong,8,8,32,1,nocount,sw32,sw32,16,16,16,0,512,0,64,none,0,none,0,4,20,3488013.0,2214.6114285714284,,,,,6144,,9.696886868254218,,,0,0.0,1,bf14b28d2af4128daa99f23eec8a5e105636d0b04136f8be580fdc39d6f1f97d,
07_config_matrix,cfg_bf16_m128n64k16_c512_sw32_fill_use_lastuse_pingpong,1,,NVIDIA Thor,11.0,580.00,13.0,PTX ISA 9.3 / CUDA 13.0,1575.000,,,,bf16,128,64,16,32,128,232,2,fill_use_lastuse,pingpong,8,8,32,1,nocount,sw32,sw32,16,16,16,0,512,0,64,none,0,none,0,4,20,4042867.0,2566.8996825396825,,,,,6144,,8.366059891656095,,,0,0.0,1,bf14b28d2af4128daa99f23eec8a5e105636d0b04136f8be580fdc39d6f1f97d,
07_config_matrix,cfg_bf16_m128n64k16_c512_sw32_fill_use_lastuse_pingpong,1,,NVIDIA Thor,11.0,580.00,13.0,PTX ISA 9.3 / CUDA 13.0,1575.000,,,,bf16,128,64,16,32,128,232,3,fill_use_lastuse,pingpong,8,8,32,1,nocount,sw32,sw32,16,16,16,0,512,0,64,none,0,none,0,4,20,3488015.0,2214.612698412698,,,,,6144,,9.696881308136577,,,0,0.0,1,bf14b28d2af4128daa99f23eec8a5e105636d0b04136f8be580fdc39d6f1f97d,
07_config_matrix,cfg_bf16_m128n64k16_c512_sw32_fill_use_lastuse_pingpong,1,,NVIDIA Thor,11.0,580.00,13.0,PTX ISA 9.3 / CUDA 13.0,1575.000,,,,bf16,128,64,16,32,128,232,4,fill_use_lastuse,pingpong,8,8,32,1,nocount,sw32,sw32,16,16,16,0,512,0,64,none,0,none,0,4,20,3488015.0,2214.612698412698,,,,,6144,,9.696881308136577,,,0,0.0,1,bf14b28d2af4128daa99f23eec8a5e105636d0b04136f8be580fdc39d6f1f97d,
07_config_matrix,cfg_fp16_m128n128k16_c512_none_fill_use_lastuse_pingpong,0,max_abs_error>0.05,NVIDIA Thor,11.0,580.00,13.0,PTX ISA 9.3 / CUDA 13.0,1575.000,,,,fp16,128,128,16,32,128,233,0,fill_use_lastuse,pingpong,4,4,32,1,nocount,none,none,16,16,16,0,512,0,128,none,0,none,0,4,20,3779417.0,2399.6298412698416,,,,,8192,,17.898457595973134,,,0,0.83203125,1,bf14b28d2af4128daa99f23eec8a5e105636d0b04136f8be580fdc39d6f1f97d,; UTCHMMA=21;UTCHMMA_WS=16;UTCBAR=1;UTCATOMSWS=3;SYNCS_TRYWAIT=8;LDS=21;LDG=9;ptx_tcgen05_mma=21;ptx_tcgen05_mma_ws=16;ptx_tcgen05_commit=1;ptx_tcgen05_alloc=1;ptx_tcgen05_dealloc=1;ptx_tcgen05_ld=5;ptx_tcgen05_st=5;ptx_mbarrier_wait=5;ptx_cp_async_tma=2;ptx_ld_shared=26;ptx_ld_global=7
07_config_matrix,cfg_fp16_m128n128k16_c512_none_fill_use_lastuse_pingpong,0,max_abs_error>0.05,NVIDIA Thor,11.0,580.00,13.0,PTX ISA 9.3 / CUDA 13.0,1575.000,,,,fp16,128,128,16,32,128,233,1,fill_use_lastuse,pingpong,4,4,32,1,nocount,none,none,16,16,16,0,512,0,128,none,0,none,0,4,20,3779411.0,2399.626031746032,,,,,8192,,17.898486010650867,,,0,0.83203125,1,bf14b28d2af4128daa99f23eec8a5e105636d0b04136f8be580fdc39d6f1f97d,
07_config_matrix,cfg_fp16_m128n128k16_c512_none_fill_use_lastuse_pingpong,0,max_abs_error>0.05,NVIDIA Thor,11.0,580.00,13.0,PTX ISA 9.3 / CUDA 13.0,1575.000,,,,fp16,128,128,16,32,128,233,2,fill_use_lastuse,pingpong,4,4,32,1,nocount,none,none,16,16,16,0,512,0,128,none,0,none,0,4,20,3779414.0,2399.6279365079363,,,,,8192,,17.898471803300723,,,0,0.83203125,1,bf14b28d2af4128daa99f23eec8a5e105636d0b04136f8be580fdc39d6f1f97d,
07_config_matrix,cfg_fp16_m128n128k16_c512_none_fill_use_lastuse_pingpong,0,max_abs_error>0.05,NVIDIA Thor,11.0,580.00,13.0,PTX ISA 9.3 / CUDA 13.0,1575.000,,,,fp16,128,128,16,32,128,233,3,fill_use_lastuse,pingpong,4,4,32,1,nocount,none,none,16,16,16,0,512,0,128,none,0,none,0,4,20,3779419.0,2399.631111111111,,,,,8192,,17.89844812443394,,,0,0.83203125,1,bf14b28d2af4128daa99f23eec8a5e105636d0b04136f8be580fdc39d6f1f97d,
07_config_matrix,cfg_fp16_m128n128k16_c512_none_fill_use_lastuse_pingpong,0,max_abs_error>0.05,NVIDIA Thor,11.0,580.00,13.0,PTX ISA 9.3 / CUDA 13.0,1575.000,,,,fp16,128,128,16,32,128,233,4,fill_use_lastuse,pingpong,4,4,32,1,nocount,none,none,16,16,16,0,512,0,128,none,0,none,0,4,20,3779418.0,2399.630476190476,,,,,8192,,17.898452860202283,,,0,0.83203125,1,bf14b28d2af4128daa99f23eec8a5e105636d0b04136f8be580fdc39d6f1f97d,
07_config_matrix,cfg_fp16_m128n64k16_c128_sw128_discard_pingpong,1,,NVIDIA Thor,11.0,580.00,13.0,PTX ISA 9.3 / CUDA 13.0,1575.000,,,,fp16,128,64,16,32,128,234,0,discard,pingpong,2,2,32,1,nocount,sw128,sw128,16,16,16,0,128,0,64,none,0,none,0,4,20,3678953.0,2335.8431746031747,,,,,6144,,9.193612273926847,,,0,0.0,1,bf14b28d2af4128daa99f23eec8a5e105636d0b04136f8be580fdc39d6f1f97d,; UTCHMMA=21;UTCHMMA_WS=16;UTCBAR=1;UTCATOMSWS=3;SYNCS_TRYWAIT=8;LDS=21;LDG=9;ptx_tcgen05_mma=21;ptx_tcgen05_mma_ws=16;ptx_tcgen05_commit=1;ptx_tcgen05_alloc=1;ptx_tcgen05_dealloc=1;ptx_tcgen05_ld=5;ptx_tcgen05_st=5;ptx_mbarrier_wait=5;ptx_cp_async_tma=2;ptx_ld_shared=26;ptx_ld_global=7
07_config_matrix,cfg_fp16_m128n64k16_c128_sw128_discard_pingpong,1,,NVIDIA Thor,11.0,580.00,13.0,PTX ISA 9.3 / CUDA 13.0,1575.000,,,,fp16,128,64,16,32,128,234,1,discard,pingpong,2,2,32,1,nocount,sw128,sw128,16,16,16,0,128,0,64,none,0,none,0,4,20,3678958.0,2335.8463492063493,,,,,6144,,9.193599779067878,,,0,0.0,1,bf14b28d2af4128daa99f23eec8a5e105636d0b04136f8be580fdc39d6f1f97d,
07_config_matrix,cfg_fp16_m128n64k16_c128_sw128_discard_pingpong,1,,NVIDIA Thor,11.0,580.00,13.0,PTX ISA 9.3 / CUDA 13.0,1575.000,,,,fp16,128,64,16,32,128,234,2,discard,pingpong,2,2,32,1,nocount,sw128,sw128,16,16,16,0,128,0,64,none,0,none,0,4,20,3678956.0,2335.845079365079,,,,,6144,,9.19360477700739,,,0,0.0,1,bf14b28d2af4128daa99f23eec8a5e105636d0b04136f8be580fdc39d6f1f97d,
07_config_matrix,cfg_fp16_m128n64k16_c128_sw128_discard_pingpong,1,,NVIDIA Thor,11.0,580.00,13.0,PTX ISA 9.3 / CUDA 13.0,1575.000,,,,fp16,128,64,16,32,128,234,3,discard,pingpong,2,2,32,1,nocount,sw128,sw128,16,16,16,0,128,0,64,none,0,none,0,4,20,3678956.0,2335.845079365079,,,,,6144,,9.19360477700739,,,0,0.0,1,bf14b28d2af4128daa99f23eec8a5e105636d0b04136f8be580fdc39d6f1f97d,
07_config_matrix,cfg_fp16_m128n64k16_c128_sw128_discard_pingpong,1,,NVIDIA Thor,11.0,580.00,13.0,PTX ISA 9.3 / CUDA 13.0,1575.000,,,,fp16,128,64,16,32,128,234,4,discard,pingpong,2,2,32,1,nocount,sw128,sw128,16,16,16,0,128,0,64,none,0,none,0,4,20,3678956.0,2335.845079365079,,,,,6144,,9.19360477700739,,,0,0.0,1,bf14b28d2af4128daa99f23eec8a5e105636d0b04136f8be580fdc39d6f1f97d,
07_config_matrix,cfg_bf16_m128n256k16_c512_sw32_discard_pingpong,1,,NVIDIA Thor,11.0,580.00,13.0,PTX ISA 9.3 / CUDA 13.0,1575.000,,,,bf16,128,256,16,32,128,235,0,discard,pingpong,2,2,32,1,nocount,sw32,sw32,16,16,16,0,512,0,256,none,0,none,0,4,20,3387226.0,2150.619682539683,,,,,12288,,39.941671982914634,,,0,0.0,1,bf14b28d2af4128daa99f23eec8a5e105636d0b04136f8be580fdc39d6f1f97d,; UTCHMMA=21;UTCHMMA_WS=16;UTCBAR=1;UTCATOMSWS=3;SYNCS_TRYWAIT=8;LDS=21;LDG=9;ptx_tcgen05_mma=21;ptx_tcgen05_mma_ws=16;ptx_tcgen05_commit=1;ptx_tcgen05_alloc=1;ptx_tcgen05_dealloc=1;ptx_tcgen05_ld=5;ptx_tcgen05_st=5;ptx_mbarrier_wait=5;ptx_cp_async_tma=2;ptx_ld_shared=26;ptx_ld_global=7
07_config_matrix,cfg_bf16_m128n256k16_c512_sw32_discard_pingpong,1,,NVIDIA Thor,11.0,580.00,13.0,PTX ISA 9.3 / CUDA 13.0,1575.000,,,,bf16,128,256,16,32,128,235,1,discard,pingpong,2,2,32,1,nocount,sw32,sw32,16,16,16,0,512,0,256,none,0,none,0,4,20,3387349.0,2150.697777777778,,,,,12288,,39.94022163762871,,,0,0.0,1,bf14b28d2af4128daa99f23eec8a5e105636d0b04136f8be580fdc39d6f1f97d,
07_config_matrix,cfg_bf16_m128n256k16_c512_sw32_discard_pingpong,1,,NVIDIA Thor,11.0,580.00,13.0,PTX ISA 9.3 / CUDA 13.0,1575.000,,,,bf16,128,256,16,32,128,235,2,discard,pingpong,2,2,32,1,nocount,sw32,sw32,16,16,16,0,512,0,256,none,0,none,0,4,20,3387379.0,2150.7168253968257,,,,,12288,,39.93986791085379,,,0,0.0,1,bf14b28d2af4128daa99f23eec8a5e105636d0b04136f8be580fdc39d6f1f97d,
07_config_matrix,cfg_bf16_m128n256k16_c512_sw32_discard_pingpong,1,,NVIDIA Thor,11.0,580.00,13.0,PTX ISA 9.3 / CUDA 13.0,1575.000,,,,bf16,128,256,16,32,128,235,3,discard,pingpong,2,2,32,1,nocount,sw32,sw32,16,16,16,0,512,0,256,none,0,none,0,4,20,3387619.0,2150.8692063492067,,,,,12288,,39.9370383221962,,,0,0.0,1,bf14b28d2af4128daa99f23eec8a5e105636d0b04136f8be580fdc39d6f1f97d,
07_config_matrix,cfg_bf16_m128n256k16_c512_sw32_discard_pingpong,1,,NVIDIA Thor,11.0,580.00,13.0,PTX ISA 9.3 / CUDA 13.0,1575.000,,,,bf16,128,256,16,32,128,235,4,discard,pingpong,2,2,32,1,nocount,sw32,sw32,16,16,16,0,512,0,256,none,0,none,0,4,20,3387110.0,2150.5460317460315,,,,,12288,,39.9430398847395,,,0,0.0,1,bf14b28d2af4128daa99f23eec8a5e105636d0b04136f8be580fdc39d6f1f97d,
07_config_matrix,cfg_fp16_m128n128k16_c512_sw64_discard_pingpong,1,,NVIDIA Thor,11.0,580.00,13.0,PTX ISA 9.3 / CUDA 13.0,1575.000,,,,fp16,128,128,16,32,128,236,0,discard,pingpong,4,4,32,1,nocount,sw64,sw64,16,16,16,0,512,0,128,none,0,none,0,4,20,3563107.0,2262.290158730159,,,,,8192,,18.985041681880446,,,0,0.0,1,bf14b28d2af4128daa99f23eec8a5e105636d0b04136f8be580fdc39d6f1f97d,; UTCHMMA=21;UTCHMMA_WS=16;UTCBAR=1;UTCATOMSWS=3;SYNCS_TRYWAIT=8;LDS=21;LDG=9;ptx_tcgen05_mma=21;ptx_tcgen05_mma_ws=16;ptx_tcgen05_commit=1;ptx_tcgen05_alloc=1;ptx_tcgen05_dealloc=1;ptx_tcgen05_ld=5;ptx_tcgen05_st=5;ptx_mbarrier_wait=5;ptx_cp_async_tma=2;ptx_ld_shared=26;ptx_ld_global=7
07_config_matrix,cfg_fp16_m128n128k16_c512_sw64_discard_pingpong,1,,NVIDIA Thor,11.0,580.00,13.0,PTX ISA 9.3 / CUDA 13.0,1575.000,,,,fp16,128,128,16,32,128,236,1,discard,pingpong,4,4,32,1,nocount,sw64,sw64,16,16,16,0,512,0,128,none,0,none,0,4,20,3562788.0,2262.0876190476192,,,,,8192,,18.986741538368264,,,0,0.0,1,bf14b28d2af4128daa99f23eec8a5e105636d0b04136f8be580fdc39d6f1f97d,
07_config_matrix,cfg_fp16_m128n128k16_c512_sw64_discard_pingpong,1,,NVIDIA Thor,11.0,580.00,13.0,PTX ISA 9.3 / CUDA 13.0,1575.000,,,,fp16,128,128,16,32,128,236,2,discard,pingpong,4,4,32,1,nocount,sw64,sw64,16,16,16,0,512,0,128,none,0,none,0,4,20,3563112.0,2262.2933333333335,,,,,8192,,18.98501504078457,,,0,0.0,1,bf14b28d2af4128daa99f23eec8a5e105636d0b04136f8be580fdc39d6f1f97d,
07_config_matrix,cfg_fp16_m128n128k16_c512_sw64_discard_pingpong,1,,NVIDIA Thor,11.0,580.00,13.0,PTX ISA 9.3 / CUDA 13.0,1575.000,,,,fp16,128,128,16,32,128,236,3,discard,pingpong,4,4,32,1,nocount,sw64,sw64,16,16,16,0,512,0,128,none,0,none,0,4,20,3563118.0,2262.2971428571427,,,,,8192,,18.98498307156822,,,0,0.0,1,bf14b28d2af4128daa99f23eec8a5e105636d0b04136f8be580fdc39d6f1f97d,
07_config_matrix,cfg_fp16_m128n128k16_c512_sw64_discard_pingpong,1,,NVIDIA Thor,11.0,580.00,13.0,PTX ISA 9.3 / CUDA 13.0,1575.000,,,,fp16,128,128,16,32,128,236,4,discard,pingpong,4,4,32,1,nocount,sw64,sw64,16,16,16,0,512,0,128,none,0,none,0,4,20,3563102.0,2262.286984126984,,,,,8192,,18.985068323051095,,,0,0.0,1,bf14b28d2af4128daa99f23eec8a5e105636d0b04136f8be580fdc39d6f1f97d,
07_config_matrix,cfg_fp16_m128n64k16_c256_sw128_fill_use_lastuse_same,1,,NVIDIA Thor,11.0,580.00,13.0,PTX ISA 9.3 / CUDA 13.0,1575.000,,,,fp16,128,64,16,32,128,237,0,fill_use_lastuse,same,4,4,32,1,nocount,sw128,sw128,16,16,16,0,256,0,64,none,0,none,0,4,20,3779294.0,2399.551746031746,,,,,6144,,8.949520057449883,,,0,0.0,1,bf14b28d2af4128daa99f23eec8a5e105636d0b04136f8be580fdc39d6f1f97d,; UTCHMMA=21;UTCHMMA_WS=16;UTCBAR=1;UTCATOMSWS=3;SYNCS_TRYWAIT=8;LDS=21;LDG=9;ptx_tcgen05_mma=21;ptx_tcgen05_mma_ws=16;ptx_tcgen05_commit=1;ptx_tcgen05_alloc=1;ptx_tcgen05_dealloc=1;ptx_tcgen05_ld=5;ptx_tcgen05_st=5;ptx_mbarrier_wait=5;ptx_cp_async_tma=2;ptx_ld_shared=26;ptx_ld_global=7
07_config_matrix,cfg_fp16_m128n64k16_c256_sw128_fill_use_lastuse_same,1,,NVIDIA Thor,11.0,580.00,13.0,PTX ISA 9.3 / CUDA 13.0,1575.000,,,,fp16,128,64,16,32,128,237,1,fill_use_lastuse,same,4,4,32,1,nocount,sw128,sw128,16,16,16,0,256,0,64,none,0,none,0,4,20,3779300.0,2399.555555555555,,,,,6144,,8.94950584923134,,,0,0.0,1,bf14b28d2af4128daa99f23eec8a5e105636d0b04136f8be580fdc39d6f1f97d,
07_config_matrix,cfg_fp16_m128n64k16_c256_sw128_fill_use_lastuse_same,1,,NVIDIA Thor,11.0,580.00,13.0,PTX ISA 9.3 / CUDA 13.0,1575.000,,,,fp16,128,64,16,32,128,237,2,fill_use_lastuse,same,4,4,32,1,nocount,sw128,sw128,16,16,16,0,256,0,64,none,0,none,0,4,20,3779298.0,2399.554285714286,,,,,6144,,8.949510585299175,,,0,0.0,1,bf14b28d2af4128daa99f23eec8a5e105636d0b04136f8be580fdc39d6f1f97d,
07_config_matrix,cfg_fp16_m128n64k16_c256_sw128_fill_use_lastuse_same,1,,NVIDIA Thor,11.0,580.00,13.0,PTX ISA 9.3 / CUDA 13.0,1575.000,,,,fp16,128,64,16,32,128,237,3,fill_use_lastuse,same,4,4,32,1,nocount,sw128,sw128,16,16,16,0,256,0,64,none,0,none,0,4,20,3779299.0,2399.5549206349206,,,,,6144,,8.949508217264631,,,0,0.0,1,bf14b28d2af4128daa99f23eec8a5e105636d0b04136f8be580fdc39d6f1f97d,
07_config_matrix,cfg_fp16_m128n64k16_c256_sw128_fill_use_lastuse_same,1,,NVIDIA Thor,11.0,580.00,13.0,PTX ISA 9.3 / CUDA 13.0,1575.000,,,,fp16,128,64,16,32,128,237,4,fill_use_lastuse,same,4,4,32,1,nocount,sw128,sw128,16,16,16,0,256,0,64,none,0,none,0,4,20,3779305.0,2399.55873015873,,,,,6144,,8.94949400908368,,,0,0.0,1,bf14b28d2af4128daa99f23eec8a5e105636d0b04136f8be580fdc39d6f1f97d,
07_config_matrix,cfg_fp16_m128n64k16_c512_sw64_fill_use_lastuse_same,1,,NVIDIA Thor,11.0,580.00,13.0,PTX ISA 9.3 / CUDA 13.0,1575.000,,,,fp16,128,64,16,32,128,238,0,fill_use_lastuse,same,8,8,32,1,nocount,sw64,sw64,16,16,16,0,512,0,64,none,0,none,0,4,20,3664474.0,2326.6501587301586,,,,,6144,,9.229937899955083,,,0,0.0,1,bf14b28d2af4128daa99f23eec8a5e105636d0b04136f8be580fdc39d6f1f97d,; UTCHMMA=21;UTCHMMA_WS=16;UTCBAR=1;UTCATOMSWS=3;SYNCS_TRYWAIT=8;LDS=21;LDG=9;ptx_tcgen05_mma=21;ptx_tcgen05_mma_ws=16;ptx_tcgen05_commit=1;ptx_tcgen05_alloc=1;ptx_tcgen05_dealloc=1;ptx_tcgen05_ld=5;ptx_tcgen05_st=5;ptx_mbarrier_wait=5;ptx_cp_async_tma=2;ptx_ld_shared=26;ptx_ld_global=7
07_config_matrix,cfg_fp16_m128n64k16_c512_sw64_fill_use_lastuse_same,1,,NVIDIA Thor,11.0,580.00,13.0,PTX ISA 9.3 / CUDA 13.0,1575.000,,,,fp16,128,64,16,32,128,238,1,fill_use_lastuse,same,8,8,32,1,nocount,sw64,sw64,16,16,16,0,512,0,64,none,0,none,0,4,20,3664590.0,2326.72380952381,,,,,6144,,9.229645732810491,,,0,0.0,1,bf14b28d2af4128daa99f23eec8a5e105636d0b04136f8be580fdc39d6f1f97d,
07_config_matrix,cfg_fp16_m128n64k16_c512_sw64_fill_use_lastuse_same,1,,NVIDIA Thor,11.0,580.00,13.0,PTX ISA 9.3 / CUDA 13.0,1575.000,,,,fp16,128,64,16,32,128,238,2,fill_use_lastuse,same,8,8,32,1,nocount,sw64,sw64,16,16,16,0,512,0,64,none,0,none,0,4,20,3664474.0,2326.6501587301586,,,,,6144,,9.229937899955083,,,0,0.0,1,bf14b28d2af4128daa99f23eec8a5e105636d0b04136f8be580fdc39d6f1f97d,
07_config_matrix,cfg_fp16_m128n64k16_c512_sw64_fill_use_lastuse_same,1,,NVIDIA Thor,11.0,580.00,13.0,PTX ISA 9.3 / CUDA 13.0,1575.000,,,,fp16,128,64,16,32,128,238,3,fill_use_lastuse,same,8,8,32,1,nocount,sw64,sw64,16,16,16,0,512,0,64,none,0,none,0,4,20,3664590.0,2326.72380952381,,,,,6144,,9.229645732810491,,,0,0.0,1,bf14b28d2af4128daa99f23eec8a5e105636d0b04136f8be580fdc39d6f1f97d,
07_config_matrix,cfg_fp16_m128n64k16_c512_sw64_fill_use_lastuse_same,1,,NVIDIA Thor,11.0,580.00,13.0,PTX ISA 9.3 / CUDA 13.0,1575.000,,,,fp16,128,64,16,32,128,238,4,fill_use_lastuse,same,8,8,32,1,nocount,sw64,sw64,16,16,16,0,512,0,64,none,0,none,0,4,20,3664591.0,2326.7244444444445,,,,,6144,,9.229643214208625,,,0,0.0,1,bf14b28d2af4128daa99f23eec8a5e105636d0b04136f8be580fdc39d6f1f97d,
07_config_matrix,cfg_fp16_m128n64k16_c256_sw32_discard_same,1,,NVIDIA Thor,11.0,580.00,13.0,PTX ISA 9.3 / CUDA 13.0,1575.000,,,,fp16,128,64,16,32,128,239,0,discard,same,4,4,32,1,nocount,sw32,sw32,16,16,16,0,256,0,64,none,0,none,0,4,20,3387485.0,2150.784126984127,,,,,6144,,9.98465453160678,,,0,0.0,1,bf14b28d2af4128daa99f23eec8a5e105636d0b04136f8be580fdc39d6f1f97d,; UTCHMMA=21;UTCHMMA_WS=16;UTCBAR=1;UTCATOMSWS=3;SYNCS_TRYWAIT=8;LDS=21;LDG=9;ptx_tcgen05_mma=21;ptx_tcgen05_mma_ws=16;ptx_tcgen05_commit=1;ptx_tcgen05_alloc=1;ptx_tcgen05_dealloc=1;ptx_tcgen05_ld=5;ptx_tcgen05_st=5;ptx_mbarrier_wait=5;ptx_cp_async_tma=2;ptx_ld_shared=26;ptx_ld_global=7
07_config_matrix,cfg_fp16_m128n64k16_c256_sw32_discard_same,1,,NVIDIA Thor,11.0,580.00,13.0,PTX ISA 9.3 / CUDA 13.0,1575.000,,,,fp16,128,64,16,32,128,239,1,discard,same,4,4,32,1,nocount,sw32,sw32,16,16,16,0,256,0,64,none,0,none,0,4,20,3387371.0,2150.711746031746,,,,,6144,,9.984990559345285,,,0,0.0,1,bf14b28d2af4128daa99f23eec8a5e105636d0b04136f8be580fdc39d6f1f97d,
07_config_matrix,cfg_fp16_m128n64k16_c256_sw32_discard_same,1,,NVIDIA Thor,11.0,580.00,13.0,PTX ISA 9.3 / CUDA 13.0,1575.000,,,,fp16,128,64,16,32,128,239,2,discard,same,4,4,32,1,nocount,sw32,sw32,16,16,16,0,256,0,64,none,0,none,0,4,20,3387372.0,2150.712380952381,,,,,6144,,9.984987611635212,,,0,0.0,1,bf14b28d2af4128daa99f23eec8a5e105636d0b04136f8be580fdc39d6f1f97d,
07_config_matrix,cfg_fp16_m128n64k16_c256_sw32_discard_same,1,,NVIDIA Thor,11.0,580.00,13.0,PTX ISA 9.3 / CUDA 13.0,1575.000,,,,fp16,128,64,16,32,128,239,3,discard,same,4,4,32,1,nocount,sw32,sw32,16,16,16,0,256,0,64,none,0,none,0,4,20,3387381.0,2150.7180952380954,,,,,6144,,9.98496108232289,,,0,0.0,1,bf14b28d2af4128daa99f23eec8a5e105636d0b04136f8be580fdc39d6f1f97d,
07_config_matrix,cfg_fp16_m128n64k16_c256_sw32_discard_same,1,,NVIDIA Thor,11.0,580.00,13.0,PTX ISA 9.3 / CUDA 13.0,1575.000,,,,fp16,128,64,16,32,128,239,4,discard,same,4,4,32,1,nocount,sw32,sw32,16,16,16,0,256,0,64,none,0,none,0,4,20,3387370.0,2150.711111111111,,,,,6144,,9.984993507057098,,,0,0.0,1,bf14b28d2af4128daa99f23eec8a5e105636d0b04136f8be580fdc39d6f1f97d,
07_config_matrix,cfg_bf16_m128n256k16_c256_sw64_discard_same,1,,NVIDIA Thor,11.0,580.00,13.0,PTX ISA 9.3 / CUDA 13.0,1575.000,,,,bf16,128,256,16,32,128,240,0,discard,same,1,1,32,1,nocount,sw64,sw64,16,16,16,0,256,0,256,none,0,none,0,4,20,3067761.0,1947.7847619047618,,,,,12288,,44.1010462757692,,,0,0.0,1,bf14b28d2af4128daa99f23eec8a5e105636d0b04136f8be580fdc39d6f1f97d,; UTCHMMA=21;UTCHMMA_WS=16;UTCBAR=1;UTCATOMSWS=3;SYNCS_TRYWAIT=8;LDS=21;LDG=9;ptx_tcgen05_mma=21;ptx_tcgen05_mma_ws=16;ptx_tcgen05_commit=1;ptx_tcgen05_alloc=1;ptx_tcgen05_dealloc=1;ptx_tcgen05_ld=5;ptx_tcgen05_st=5;ptx_mbarrier_wait=5;ptx_cp_async_tma=2;ptx_ld_shared=26;ptx_ld_global=7
07_config_matrix,cfg_bf16_m128n256k16_c256_sw64_discard_same,1,,NVIDIA Thor,11.0,580.00,13.0,PTX ISA 9.3 / CUDA 13.0,1575.000,,,,bf16,128,256,16,32,128,240,1,discard,same,1,1,32,1,nocount,sw64,sw64,16,16,16,0,256,0,256,none,0,none,0,4,20,3067765.0,1947.7873015873017,,,,,12288,,44.100988773260006,,,0,0.0,1,bf14b28d2af4128daa99f23eec8a5e105636d0b04136f8be580fdc39d6f1f97d,
07_config_matrix,cfg_bf16_m128n256k16_c256_sw64_discard_same,1,,NVIDIA Thor,11.0,580.00,13.0,PTX ISA 9.3 / CUDA 13.0,1575.000,,,,bf16,128,256,16,32,128,240,2,discard,same,1,1,32,1,nocount,sw64,sw64,16,16,16,0,256,0,256,none,0,none,0,4,20,3068260.0,1948.1015873015874,,,,,12288,,44.093873995033015,,,0,0.0,1,bf14b28d2af4128daa99f23eec8a5e105636d0b04136f8be580fdc39d6f1f97d,
07_config_matrix,cfg_bf16_m128n256k16_c256_sw64_discard_same,1,,NVIDIA Thor,11.0,580.00,13.0,PTX ISA 9.3 / CUDA 13.0,1575.000,,,,bf16,128,256,16,32,128,240,3,discard,same,1,1,32,1,nocount,sw64,sw64,16,16,16,0,256,0,256,none,0,none,0,4,20,3068261.0,1948.102222222222,,,,,12288,,44.093859624067186,,,0,0.0,1,bf14b28d2af4128daa99f23eec8a5e105636d0b04136f8be580fdc39d6f1f97d,
07_config_matrix,cfg_bf16_m128n256k16_c256_sw64_discard_same,1,,NVIDIA Thor,11.0,580.00,13.0,PTX ISA 9.3 / CUDA 13.0,1575.000,,,,bf16,128,256,16,32,128,240,4,discard,same,1,1,32,1,nocount,sw64,sw64,16,16,16,0,256,0,256,none,0,none,0,4,20,3068260.0,1948.1015873015874,,,,,12288,,44.093873995033015,,,0,0.0,1,bf14b28d2af4128daa99f23eec8a5e105636d0b04136f8be580fdc39d6f1f97d,
07_config_matrix,cfg_fp16_m128n128k16_c128_sw64_discard_pingpong,1,,NVIDIA Thor,11.0,580.00,13.0,PTX ISA 9.3 / CUDA 13.0,1575.000,,,,fp16,128,128,16,32,128,241,0,discard,pingpong,1,1,32,1,nocount,sw64,sw64,16,16,16,0,128,0,128,none,0,none,0,4,20,3067589.0,1947.6755555555555,,,,,8192,,22.051759512763933,,,0,0.0,1,bf14b28d2af4128daa99f23eec8a5e105636d0b04136f8be580fdc39d6f1f97d,; UTCHMMA=21;UTCHMMA_WS=16;UTCBAR=1;UTCATOMSWS=3;SYNCS_TRYWAIT=8;LDS=21;LDG=9;ptx_tcgen05_mma=21;ptx_tcgen05_mma_ws=16;ptx_tcgen05_commit=1;ptx_tcgen05_alloc=1;ptx_tcgen05_dealloc=1;ptx_tcgen05_ld=5;ptx_tcgen05_st=5;ptx_mbarrier_wait=5;ptx_cp_async_tma=2;ptx_ld_shared=26;ptx_ld_global=7
07_config_matrix,cfg_fp16_m128n128k16_c128_sw64_discard_pingpong,1,,NVIDIA Thor,11.0,580.00,13.0,PTX ISA 9.3 / CUDA 13.0,1575.000,,,,fp16,128,128,16,32,128,241,1,discard,pingpong,1,1,32,1,nocount,sw64,sw64,16,16,16,0,128,0,128,none,0,none,0,4,20,3067588.0,1947.6749206349207,,,,,8192,,22.051766701395362,,,0,0.0,1,bf14b28d2af4128daa99f23eec8a5e105636d0b04136f8be580fdc39d6f1f97d,
07_config_matrix,cfg_fp16_m128n128k16_c128_sw64_discard_pingpong,1,,NVIDIA Thor,11.0,580.00,13.0,PTX ISA 9.3 / CUDA 13.0,1575.000,,,,fp16,128,128,16,32,128,241,2,discard,pingpong,1,1,32,1,nocount,sw64,sw64,16,16,16,0,128,0,128,none,0,none,0,4,20,3067586.0,1947.6736507936507,,,,,8192,,22.051781078672285,,,0,0.0,1,bf14b28d2af4128daa99f23eec8a5e105636d0b04136f8be580fdc39d6f1f97d,
07_config_matrix,cfg_fp16_m128n128k16_c128_sw64_discard_pingpong,1,,NVIDIA Thor,11.0,580.00,13.0,PTX ISA 9.3 / CUDA 13.0,1575.000,,,,fp16,128,128,16,32,128,241,3,discard,pingpong,1,1,32,1,nocount,sw64,sw64,16,16,16,0,128,0,128,none,0,none,0,4,20,3067566.0,1947.6609523809525,,,,,8192,,22.05192485247261,,,0,0.0,1,bf14b28d2af4128daa99f23eec8a5e105636d0b04136f8be580fdc39d6f1f97d,
07_config_matrix,cfg_fp16_m128n128k16_c128_sw64_discard_pingpong,1,,NVIDIA Thor,11.0,580.00,13.0,PTX ISA 9.3 / CUDA 13.0,1575.000,,,,fp16,128,128,16,32,128,241,4,discard,pingpong,1,1,32,1,nocount,sw64,sw64,16,16,16,0,128,0,128,none,0,none,0,4,20,3067587.0,1947.6742857142858,,,,,8192,,22.05177389003148,,,0,0.0,1,bf14b28d2af4128daa99f23eec8a5e105636d0b04136f8be580fdc39d6f1f97d,
07_config_matrix,cfg_bf16_m128n128k16_c256_none_discard_pingpong,0,max_abs_error>0.25,NVIDIA Thor,11.0,580.00,13.0,PTX ISA 9.3 / CUDA 13.0,1575.000,,,,bf16,128,128,16,32,128,242,0,discard,pingpong,2,2,32,1,nocount,none,none,16,16,16,0,256,0,128,none,0,none,0,4,20,3678984.0,2335.862857142857,,,,,8192,,18.387069612697417,,,0,0.83203125,1,bf14b28d2af4128daa99f23eec8a5e105636d0b04136f8be580fdc39d6f1f97d,; UTCHMMA=21;UTCHMMA_WS=16;UTCBAR=1;UTCATOMSWS=3;SYNCS_TRYWAIT=8;LDS=21;LDG=9;ptx_tcgen05_mma=21;ptx_tcgen05_mma_ws=16;ptx_tcgen05_commit=1;ptx_tcgen05_alloc=1;ptx_tcgen05_dealloc=1;ptx_tcgen05_ld=5;ptx_tcgen05_st=5;ptx_mbarrier_wait=5;ptx_cp_async_tma=2;ptx_ld_shared=26;ptx_ld_global=7
07_config_matrix,cfg_bf16_m128n128k16_c256_none_discard_pingpong,0,max_abs_error>0.25,NVIDIA Thor,11.0,580.00,13.0,PTX ISA 9.3 / CUDA 13.0,1575.000,,,,bf16,128,128,16,32,128,242,1,discard,pingpong,2,2,32,1,nocount,none,none,16,16,16,0,256,0,128,none,0,none,0,4,20,3678962.0,2335.8488888888887,,,,,8192,,18.387179566410307,,,0,0.83203125,1,bf14b28d2af4128daa99f23eec8a5e105636d0b04136f8be580fdc39d6f1f97d,
07_config_matrix,cfg_bf16_m128n128k16_c256_none_discard_pingpong,0,max_abs_error>0.25,NVIDIA Thor,11.0,580.00,13.0,PTX ISA 9.3 / CUDA 13.0,1575.000,,,,bf16,128,128,16,32,128,242,2,discard,pingpong,2,2,32,1,nocount,none,none,16,16,16,0,256,0,128,none,0,none,0,4,20,3678991.0,2335.867301587302,,,,,8192,,18.38703462770091,,,0,0.83203125,1,bf14b28d2af4128daa99f23eec8a5e105636d0b04136f8be580fdc39d6f1f97d,
07_config_matrix,cfg_bf16_m128n128k16_c256_none_discard_pingpong,0,max_abs_error>0.25,NVIDIA Thor,11.0,580.00,13.0,PTX ISA 9.3 / CUDA 13.0,1575.000,,,,bf16,128,128,16,32,128,242,3,discard,pingpong,2,2,32,1,nocount,none,none,16,16,16,0,256,0,128,none,0,none,0,4,20,3678962.0,2335.8488888888887,,,,,8192,,18.387179566410307,,,0,0.83203125,1,bf14b28d2af4128daa99f23eec8a5e105636d0b04136f8be580fdc39d6f1f97d,
07_config_matrix,cfg_bf16_m128n128k16_c256_none_discard_pingpong,0,max_abs_error>0.25,NVIDIA Thor,11.0,580.00,13.0,PTX ISA 9.3 / CUDA 13.0,1575.000,,,,bf16,128,128,16,32,128,242,4,discard,pingpong,2,2,32,1,nocount,none,none,16,16,16,0,256,0,128,none,0,none,0,4,20,3678961.0,2335.848253968254,,,,,8192,,18.387184564337595,,,0,0.83203125,1,bf14b28d2af4128daa99f23eec8a5e105636d0b04136f8be580fdc39d6f1f97d,
07_config_matrix,cfg_fp16_m128n256k16_c512_sw32_discard_pingpong,1,,NVIDIA Thor,11.0,580.00,13.0,PTX ISA 9.3 / CUDA 13.0,1575.000,,,,fp16,128,256,16,32,128,243,0,discard,pingpong,2,2,32,1,nocount,sw32,sw32,16,16,16,0,512,0,256,none,0,none,0,4,20,3387353.0,2150.7003174603174,,,,,12288,,39.94017447369672,,,0,0.0,1,bf14b28d2af4128daa99f23eec8a5e105636d0b04136f8be580fdc39d6f1f97d,; UTCHMMA=21;UTCHMMA_WS=16;UTCBAR=1;UTCATOMSWS=3;SYNCS_TRYWAIT=8;LDS=21;LDG=9;ptx_tcgen05_mma=21;ptx_tcgen05_mma_ws=16;ptx_tcgen05_commit=1;ptx_tcgen05_alloc=1;ptx_tcgen05_dealloc=1;ptx_tcgen05_ld=5;ptx_tcgen05_st=5;ptx_mbarrier_wait=5;ptx_cp_async_tma=2;ptx_ld_shared=26;ptx_ld_global=7
07_config_matrix,cfg_fp16_m128n256k16_c512_sw32_discard_pingpong,1,,NVIDIA Thor,11.0,580.00,13.0,PTX ISA 9.3 / CUDA 13.0,1575.000,,,,fp16,128,256,16,32,128,243,1,discard,pingpong,2,2,32,1,nocount,sw32,sw32,16,16,16,0,512,0,256,none,0,none,0,4,20,3387111.0,2150.5466666666666,,,,,12288,,39.94302809208202,,,0,0.0,1,bf14b28d2af4128daa99f23eec8a5e105636d0b04136f8be580fdc39d6f1f97d,
07_config_matrix,cfg_fp16_m128n256k16_c512_sw32_discard_pingpong,1,,NVIDIA Thor,11.0,580.00,13.0,PTX ISA 9.3 / CUDA 13.0,1575.000,,,,fp16,128,256,16,32,128,243,2,discard,pingpong,2,2,32,1,nocount,sw32,sw32,16,16,16,0,512,0,256,none,0,none,0,4,20,3387352.0,2150.6996825396827,,,,,12288,,39.94018626466927,,,0,0.0,1,bf14b28d2af4128daa99f23eec8a5e105636d0b04136f8be580fdc39d6f1f97d,
07_config_matrix,cfg_fp16_m128n256k16_c512_sw32_discard_pingpong,1,,NVIDIA Thor,11.0,580.00,13.0,PTX ISA 9.3 / CUDA 13.0,1575.000,,,,fp16,128,256,16,32,128,243,3,discard,pingpong,2,2,32,1,nocount,sw32,sw32,16,16,16,0,512,0,256,none,0,none,0,4,20,3387351.0,2150.6990476190476,,,,,12288,,39.9401980556488,,,0,0.0,1,bf14b28d2af4128daa99f23eec8a5e105636d0b04136f8be580fdc39d6f1f97d,
07_config_matrix,cfg_fp16_m128n256k16_c512_sw32_discard_pingpong,1,,NVIDIA Thor,11.0,580.00,13.0,PTX ISA 9.3 / CUDA 13.0,1575.000,,,,fp16,128,256,16,32,128,243,4,discard,pingpong,2,2,32,1,nocount,sw32,sw32,16,16,16,0,512,0,256,none,0,none,0,4,20,3387623.0,2150.8717460317457,,,,,12288,,39.93699116578203,,,0,0.0,1,bf14b28d2af4128daa99f23eec8a5e105636d0b04136f8be580fdc39d6f1f97d,
07_config_matrix,cfg_bf16_m128n256k16_c256_sw32_discard_pingpong,1,,NVIDIA Thor,11.0,580.00,13.0,PTX ISA 9.3 / CUDA 13.0,1575.000,,,,bf16,128,256,16,32,128,244,0,discard,pingpong,1,1,32,1,nocount,sw32,sw32,16,16,16,0,256,0,256,none,0,none,0,4,20,2891091.0,1835.6133333333335,,,,,12288,,46.795991486950776,,,0,0.0,1,bf14b28d2af4128daa99f23eec8a5e105636d0b04136f8be580fdc39d6f1f97d,; UTCHMMA=21;UTCHMMA_WS=16;UTCBAR=1;UTCATOMSWS=3;SYNCS_TRYWAIT=8;LDS=21;LDG=9;ptx_tcgen05_mma=21;ptx_tcgen05_mma_ws=16;ptx_tcgen05_commit=1;ptx_tcgen05_alloc=1;ptx_tcgen05_dealloc=1;ptx_tcgen05_ld=5;ptx_tcgen05_st=5;ptx_mbarrier_wait=5;ptx_cp_async_tma=2;ptx_ld_shared=26;ptx_ld_global=7
07_config_matrix,cfg_bf16_m128n256k16_c256_sw32_discard_pingpong,1,,NVIDIA Thor,11.0,580.00,13.0,PTX ISA 9.3 / CUDA 13.0,1575.000,,,,bf16,128,256,16,32,128,244,1,discard,pingpong,1,1,32,1,nocount,sw32,sw32,16,16,16,0,256,0,256,none,0,none,0,4,20,2891089.0,1835.6120634920635,,,,,12288,,46.79602385952145,,,0,0.0,1,bf14b28d2af4128daa99f23eec8a5e105636d0b04136f8be580fdc39d6f1f97d,
07_config_matrix,cfg_bf16_m128n256k16_c256_sw32_discard_pingpong,1,,NVIDIA Thor,11.0,580.00,13.0,PTX ISA 9.3 / CUDA 13.0,1575.000,,,,bf16,128,256,16,32,128,244,2,discard,pingpong,1,1,32,1,nocount,sw32,sw32,16,16,16,0,256,0,256,none,0,none,0,4,20,2891093.0,1835.6146031746032,,,,,12288,,46.79595911442489,,,0,0.0,1,bf14b28d2af4128daa99f23eec8a5e105636d0b04136f8be580fdc39d6f1f97d,
07_config_matrix,cfg_bf16_m128n256k16_c256_sw32_discard_pingpong,1,,NVIDIA Thor,11.0,580.00,13.0,PTX ISA 9.3 / CUDA 13.0,1575.000,,,,bf16,128,256,16,32,128,244,3,discard,pingpong,1,1,32,1,nocount,sw32,sw32,16,16,16,0,256,0,256,none,0,none,0,4,20,2891090.0,1835.6126984126984,,,,,12288,,46.796007673230505,,,0,0.0,1,bf14b28d2af4128daa99f23eec8a5e105636d0b04136f8be580fdc39d6f1f97d,
07_config_matrix,cfg_bf16_m128n256k16_c256_sw32_discard_pingpong,1,,NVIDIA Thor,11.0,580.00,13.0,PTX ISA 9.3 / CUDA 13.0,1575.000,,,,bf16,128,256,16,32,128,244,4,discard,pingpong,1,1,32,1,nocount,sw32,sw32,16,16,16,0,256,0,256,none,0,none,0,4,20,2891103.0,1835.6209523809523,,,,,12288,,46.79579725246731,,,0,0.0,1,bf14b28d2af4128daa99f23eec8a5e105636d0b04136f8be580fdc39d6f1f97d,
07_config_matrix,cfg_fp16_m128n64k16_c256_sw64_discard_pingpong,1,,NVIDIA Thor,11.0,580.00,13.0,PTX ISA 9.3 / CUDA 13.0,1575.000,,,,fp16,128,64,16,32,128,245,0,discard,pingpong,4,4,32,1,nocount,sw64,sw64,16,16,16,0,256,0,64,none,0,none,0,4,20,3562087.0,2261.64253968254,,,,,6144,,9.495239014656295,,,0,0.0,1,bf14b28d2af4128daa99f23eec8a5e105636d0b04136f8be580fdc39d6f1f97d,; UTCHMMA=21;UTCHMMA_WS=16;UTCBAR=1;UTCATOMSWS=3;SYNCS_TRYWAIT=8;LDS=21;LDG=9;ptx_tcgen05_mma=21;ptx_tcgen05_mma_ws=16;ptx_tcgen05_commit=1;ptx_tcgen05_alloc=1;ptx_tcgen05_dealloc=1;ptx_tcgen05_ld=5;ptx_tcgen05_st=5;ptx_mbarrier_wait=5;ptx_cp_async_tma=2;ptx_ld_shared=26;ptx_ld_global=7
07_config_matrix,cfg_fp16_m128n64k16_c256_sw64_discard_pingpong,1,,NVIDIA Thor,11.0,580.00,13.0,PTX ISA 9.3 / CUDA 13.0,1575.000,,,,fp16,128,64,16,32,128,245,1,discard,pingpong,4,4,32,1,nocount,sw64,sw64,16,16,16,0,256,0,64,none,0,none,0,4,20,3562098.0,2261.6495238095235,,,,,6144,,9.495209692714798,,,0,0.0,1,bf14b28d2af4128daa99f23eec8a5e105636d0b04136f8be580fdc39d6f1f97d,
07_config_matrix,cfg_fp16_m128n64k16_c256_sw64_discard_pingpong,1,,NVIDIA Thor,11.0,580.00,13.0,PTX ISA 9.3 / CUDA 13.0,1575.000,,,,fp16,128,64,16,32,128,245,2,discard,pingpong,4,4,32,1,nocount,sw64,sw64,16,16,16,0,256,0,64,none,0,none,0,4,20,3562086.0,2261.6419047619047,,,,,6144,,9.49524168029632,,,0,0.0,1,bf14b28d2af4128daa99f23eec8a5e105636d0b04136f8be580fdc39d6f1f97d,
07_config_matrix,cfg_fp16_m128n64k16_c256_sw64_discard_pingpong,1,,NVIDIA Thor,11.0,580.00,13.0,PTX ISA 9.3 / CUDA 13.0,1575.000,,,,fp16,128,64,16,32,128,245,3,discard,pingpong,4,4,32,1,nocount,sw64,sw64,16,16,16,0,256,0,64,none,0,none,0,4,20,3561850.0,2261.4920634920636,,,,,6144,,9.495870813201005,,,0,0.0,1,bf14b28d2af4128daa99f23eec8a5e105636d0b04136f8be580fdc39d6f1f97d,
07_config_matrix,cfg_fp16_m128n64k16_c256_sw64_discard_pingpong,1,,NVIDIA Thor,11.0,580.00,13.0,PTX ISA 9.3 / CUDA 13.0,1575.000,,,,fp16,128,64,16,32,128,245,4,discard,pingpong,4,4,32,1,nocount,sw64,sw64,16,16,16,0,256,0,64,none,0,none,0,4,20,3561849.0,2261.4914285714285,,,,,6144,,9.495873479195778,,,0,0.0,1,bf14b28d2af4128daa99f23eec8a5e105636d0b04136f8be580fdc39d6f1f97d,
07_config_matrix,cfg_fp16_m128n128k16_c512_sw128_discard_pingpong,1,,NVIDIA Thor,11.0,580.00,13.0,PTX ISA 9.3 / CUDA 13.0,1575.000,,,,fp16,128,128,16,32,128,246,0,discard,pingpong,4,4,32,1,nocount,sw128,sw128,16,16,16,0,512,0,128,none,0,none,0,4,20,3678960.0,2335.847619047619,,,,,8192,,18.387189562267597,,,0,0.0,1,bf14b28d2af4128daa99f23eec8a5e105636d0b04136f8be580fdc39d6f1f97d,; UTCHMMA=21;UTCHMMA_WS=16;UTCBAR=1;UTCATOMSWS=3;SYNCS_TRYWAIT=8;LDS=21;LDG=9;ptx_tcgen05_mma=21;ptx_tcgen05_mma_ws=16;ptx_tcgen05_commit=1;ptx_tcgen05_alloc=1;ptx_tcgen05_dealloc=1;ptx_tcgen05_ld=5;ptx_tcgen05_st=5;ptx_mbarrier_wait=5;ptx_cp_async_tma=2;ptx_ld_shared=26;ptx_ld_global=7
07_config_matrix,cfg_fp16_m128n128k16_c512_sw128_discard_pingpong,1,,NVIDIA Thor,11.0,580.00,13.0,PTX ISA 9.3 / CUDA 13.0,1575.000,,,,fp16,128,128,16,32,128,246,1,discard,pingpong,4,4,32,1,nocount,sw128,sw128,16,16,16,0,512,0,128,none,0,none,0,4,20,3678959.0,2335.8469841269844,,,,,8192,,18.387194560200317,,,0,0.0,1,bf14b28d2af4128daa99f23eec8a5e105636d0b04136f8be580fdc39d6f1f97d,
07_config_matrix,cfg_fp16_m128n128k16_c512_sw128_discard_pingpong,1,,NVIDIA Thor,11.0,580.00,13.0,PTX ISA 9.3 / CUDA 13.0,1575.000,,,,fp16,128,128,16,32,128,246,2,discard,pingpong,4,4,32,1,nocount,sw128,sw128,16,16,16,0,512,0,128,none,0,none,0,4,20,3678980.0,2335.8603174603177,,,,,8192,,18.38708960418377,,,0,0.0,1,bf14b28d2af4128daa99f23eec8a5e105636d0b04136f8be580fdc39d6f1f97d,
07_config_matrix,cfg_fp16_m128n128k16_c512_sw128_discard_pingpong,1,,NVIDIA Thor,11.0,580.00,13.0,PTX ISA 9.3 / CUDA 13.0,1575.000,,,,fp16,128,128,16,32,128,246,3,discard,pingpong,4,4,32,1,nocount,sw128,sw128,16,16,16,0,512,0,128,none,0,none,0,4,20,3678963.0,2335.849523809524,,,,,8192,,18.387174568485744,,,0,0.0,1,bf14b28d2af4128daa99f23eec8a5e105636d0b04136f8be580fdc39d6f1f97d,
07_config_matrix,cfg_fp16_m128n128k16_c512_sw128_discard_pingpong,1,,NVIDIA Thor,11.0,580.00,13.0,PTX ISA 9.3 / CUDA 13.0,1575.000,,,,fp16,128,128,16,32,128,246,4,discard,pingpong,4,4,32,1,nocount,sw128,sw128,16,16,16,0,512,0,128,none,0,none,0,4,20,3678964.0,2335.850158730159,,,,,8192,,18.387169570563888,,,0,0.0,1,bf14b28d2af4128daa99f23eec8a5e105636d0b04136f8be580fdc39d6f1f97d,
07_config_matrix,cfg_bf16_m128n64k16_c256_sw64_fill_use_lastuse_pingpong,1,,NVIDIA Thor,11.0,580.00,13.0,PTX ISA 9.3 / CUDA 13.0,1575.000,,,,bf16,128,64,16,32,128,247,0,fill_use_lastuse,pingpong,4,4,32,1,nocount,sw64,sw64,16,16,16,0,256,0,64,none,0,none,0,4,20,3664478.0,2326.6526984126986,,,,,6144,,9.229927824918038,,,0,0.0,1,bf14b28d2af4128daa99f23eec8a5e105636d0b04136f8be580fdc39d6f1f97d,; UTCHMMA=21;UTCHMMA_WS=16;UTCBAR=1;UTCATOMSWS=3;SYNCS_TRYWAIT=8;LDS=21;LDG=9;ptx_tcgen05_mma=21;ptx_tcgen05_mma_ws=16;ptx_tcgen05_commit=1;ptx_tcgen05_alloc=1;ptx_tcgen05_dealloc=1;ptx_tcgen05_ld=5;ptx_tcgen05_st=5;ptx_mbarrier_wait=5;ptx_cp_async_tma=2;ptx_ld_shared=26;ptx_ld_global=7
07_config_matrix,cfg_bf16_m128n64k16_c256_sw64_fill_use_lastuse_pingpong,1,,NVIDIA Thor,11.0,580.00,13.0,PTX ISA 9.3 / CUDA 13.0,1575.000,,,,bf16,128,64,16,32,128,247,1,fill_use_lastuse,pingpong,4,4,32,1,nocount,sw64,sw64,16,16,16,0,256,0,64,none,0,none,0,4,20,3664484.0,2326.6565079365078,,,,,6144,,9.229912712403712,,,0,0.0,1,bf14b28d2af4128daa99f23eec8a5e105636d0b04136f8be580fdc39d6f1f97d,
07_config_matrix,cfg_bf16_m128n64k16_c256_sw64_fill_use_lastuse_pingpong,1,,NVIDIA Thor,11.0,580.00,13.0,PTX ISA 9.3 / CUDA 13.0,1575.000,,,,bf16,128,64,16,32,128,247,2,fill_use_lastuse,pingpong,4,4,32,1,nocount,sw64,sw64,16,16,16,0,256,0,64,none,0,none,0,4,20,3664484.0,2326.6565079365078,,,,,6144,,9.229912712403712,,,0,0.0,1,bf14b28d2af4128daa99f23eec8a5e105636d0b04136f8be580fdc39d6f1f97d,
07_config_matrix,cfg_bf16_m128n64k16_c256_sw64_fill_use_lastuse_pingpong,1,,NVIDIA Thor,11.0,580.00,13.0,PTX ISA 9.3 / CUDA 13.0,1575.000,,,,bf16,128,64,16,32,128,247,3,fill_use_lastuse,pingpong,4,4,32,1,nocount,sw64,sw64,16,16,16,0,256,0,64,none,0,none,0,4,20,3664587.0,2326.7219047619046,,,,,6144,,9.22965328862434,,,0,0.0,1,bf14b28d2af4128daa99f23eec8a5e105636d0b04136f8be580fdc39d6f1f97d,
07_config_matrix,cfg_bf16_m128n64k16_c256_sw64_fill_use_lastuse_pingpong,1,,NVIDIA Thor,11.0,580.00,13.0,PTX ISA 9.3 / CUDA 13.0,1575.000,,,,bf16,128,64,16,32,128,247,4,fill_use_lastuse,pingpong,4,4,32,1,nocount,sw64,sw64,16,16,16,0,256,0,64,none,0,none,0,4,20,3664473.0,2326.6495238095235,,,,,6144,,9.229940418717781,,,0,0.0,1,bf14b28d2af4128daa99f23eec8a5e105636d0b04136f8be580fdc39d6f1f97d,
07_config_matrix,cfg_fp16_m128n256k16_c256_sw64_discard_pingpong,1,,NVIDIA Thor,11.0,580.00,13.0,PTX ISA 9.3 / CUDA 13.0,1575.000,,,,fp16,128,256,16,32,128,248,0,discard,pingpong,1,1,32,1,nocount,sw64,sw64,16,16,16,0,256,0,256,none,0,none,0,4,20,3067766.0,1947.7879365079366,,,,,12288,,44.10097439765614,,,0,0.0,1,bf14b28d2af4128daa99f23eec8a5e105636d0b04136f8be580fdc39d6f1f97d,; UTCHMMA=21;UTCHMMA_WS=16;UTCBAR=1;UTCATOMSWS=3;SYNCS_TRYWAIT=8;LDS=21;LDG=9;ptx_tcgen05_mma=21;ptx_tcgen05_mma_ws=16;ptx_tcgen05_commit=1;ptx_tcgen05_alloc=1;ptx_tcgen05_dealloc=1;ptx_tcgen05_ld=5;ptx_tcgen05_st=5;ptx_mbarrier_wait=5;ptx_cp_async_tma=2;ptx_ld_shared=26;ptx_ld_global=7
07_config_matrix,cfg_fp16_m128n256k16_c256_sw64_discard_pingpong,1,,NVIDIA Thor,11.0,580.00,13.0,PTX ISA 9.3 / CUDA 13.0,1575.000,,,,fp16,128,256,16,32,128,248,1,discard,pingpong,1,1,32,1,nocount,sw64,sw64,16,16,16,0,256,0,256,none,0,none,0,4,20,3067767.0,1947.7885714285712,,,,,12288,,44.10096002206165,,,0,0.0,1,bf14b28d2af4128daa99f23eec8a5e105636d0b04136f8be580fdc39d6f1f97d,
07_config_matrix,cfg_fp16_m128n256k16_c256_sw64_discard_pingpong,1,,NVIDIA Thor,11.0,580.00,13.0,PTX ISA 9.3 / CUDA 13.0,1575.000,,,,fp16,128,256,16,32,128,248,2,discard,pingpong,1,1,32,1,nocount,sw64,sw64,16,16,16,0,256,0,256,none,0,none,0,4,20,3068261.0,1948.102222222222,,,,,12288,,44.093859624067186,,,0,0.0,1,bf14b28d2af4128daa99f23eec8a5e105636d0b04136f8be580fdc39d6f1f97d,
07_config_matrix,cfg_fp16_m128n256k16_c256_sw64_discard_pingpong,1,,NVIDIA Thor,11.0,580.00,13.0,PTX ISA 9.3 / CUDA 13.0,1575.000,,,,fp16,128,256,16,32,128,248,3,discard,pingpong,1,1,32,1,nocount,sw64,sw64,16,16,16,0,256,0,256,none,0,none,0,4,20,3068262.0,1948.1028571428571,,,,,12288,,44.09384525311072,,,0,0.0,1,bf14b28d2af4128daa99f23eec8a5e105636d0b04136f8be580fdc39d6f1f97d,
07_config_matrix,cfg_fp16_m128n256k16_c256_sw64_discard_pingpong,1,,NVIDIA Thor,11.0,580.00,13.0,PTX ISA 9.3 / CUDA 13.0,1575.000,,,,fp16,128,256,16,32,128,248,4,discard,pingpong,1,1,32,1,nocount,sw64,sw64,16,16,16,0,256,0,256,none,0,none,0,4,20,3068258.0,1948.1003174603175,,,,,12288,,44.09390273699278,,,0,0.0,1,bf14b28d2af4128daa99f23eec8a5e105636d0b04136f8be580fdc39d6f1f97d,
07_config_matrix,cfg_bf16_m128n128k16_c128_sw32_discard_same,1,,NVIDIA Thor,11.0,580.00,13.0,PTX ISA 9.3 / CUDA 13.0,1575.000,,,,bf16,128,128,16,32,128,249,0,discard,same,1,1,32,1,nocount,sw32,sw32,16,16,16,0,128,0,128,none,0,none,0,4,20,2891382.0,1835.7980952380951,,,,,8192,,23.395640877614927,,,0,0.0,1,bf14b28d2af4128daa99f23eec8a5e105636d0b04136f8be580fdc39d6f1f97d,; UTCHMMA=21;UTCHMMA_WS=16;UTCBAR=1;UTCATOMSWS=3;SYNCS_TRYWAIT=8;LDS=21;LDG=9;ptx_tcgen05_mma=21;ptx_tcgen05_mma_ws=16;ptx_tcgen05_commit=1;ptx_tcgen05_alloc=1;ptx_tcgen05_dealloc=1;ptx_tcgen05_ld=5;ptx_tcgen05_st=5;ptx_mbarrier_wait=5;ptx_cp_async_tma=2;ptx_ld_shared=26;ptx_ld_global=7
07_config_matrix,cfg_bf16_m128n128k16_c128_sw32_discard_same,1,,NVIDIA Thor,11.0,580.00,13.0,PTX ISA 9.3 / CUDA 13.0,1575.000,,,,bf16,128,128,16,32,128,249,1,discard,same,1,1,32,1,nocount,sw32,sw32,16,16,16,0,128,0,128,none,0,none,0,4,20,2891386.0,1835.800634920635,,,,,8192,,23.395608511627294,,,0,0.0,1,bf14b28d2af4128daa99f23eec8a5e105636d0b04136f8be580fdc39d6f1f97d,
07_config_matrix,cfg_bf16_m128n128k16_c128_sw32_discard_same,1,,NVIDIA Thor,11.0,580.00,13.0,PTX ISA 9.3 / CUDA 13.0,1575.000,,,,bf16,128,128,16,32,128,249,2,discard,same,1,1,32,1,nocount,sw32,sw32,16,16,16,0,128,0,128,none,0,none,0,4,20,2891378.0,1835.7955555555557,,,,,8192,,23.395673243692105,,,0,0.0,1,bf14b28d2af4128daa99f23eec8a5e105636d0b04136f8be580fdc39d6f1f97d,
07_config_matrix,cfg_bf16_m128n128k16_c128_sw32_discard_same,1,,NVIDIA Thor,11.0,580.00,13.0,PTX ISA 9.3 / CUDA 13.0,1575.000,,,,bf16,128,128,16,32,128,249,3,discard,same,1,1,32,1,nocount,sw32,sw32,16,16,16,0,128,0,128,none,0,none,0,4,20,2891384.0,1835.799365079365,,,,,8192,,23.395624694609918,,,0,0.0,1,bf14b28d2af4128daa99f23eec8a5e105636d0b04136f8be580fdc39d6f1f97d,
07_config_matrix,cfg_bf16_m128n128k16_c128_sw32_discard_same,1,,NVIDIA Thor,11.0,580.00,13.0,PTX ISA 9.3 / CUDA 13.0,1575.000,,,,bf16,128,128,16,32,128,249,4,discard,same,1,1,32,1,nocount,sw32,sw32,16,16,16,0,128,0,128,none,0,none,0,4,20,2891381.0,1835.7974603174603,,,,,8192,,23.39564896912583,,,0,0.0,1,bf14b28d2af4128daa99f23eec8a5e105636d0b04136f8be580fdc39d6f1f97d,
07_config_matrix,cfg_fp16_m128n128k16_c256_sw32_fill_use_lastuse_pingpong,1,,NVIDIA Thor,11.0,580.00,13.0,PTX ISA 9.3 / CUDA 13.0,1575.000,,,,fp16,128,128,16,32,128,250,0,fill_use_lastuse,pingpong,2,2,32,1,nocount,sw32,sw32,16,16,16,0,256,0,128,none,0,none,0,4,20,3487603.0,2214.351111111111,,,,,8192,,19.39605365404262,,,0,0.0,1,bf14b28d2af4128daa99f23eec8a5e105636d0b04136f8be580fdc39d6f1f97d,; UTCHMMA=21;UTCHMMA_WS=16;UTCBAR=1;UTCATOMSWS=3;SYNCS_TRYWAIT=8;LDS=21;LDG=9;ptx_tcgen05_mma=21;ptx_tcgen05_mma_ws=16;ptx_tcgen05_commit=1;ptx_tcgen05_alloc=1;ptx_tcgen05_dealloc=1;ptx_tcgen05_ld=5;ptx_tcgen05_st=5;ptx_mbarrier_wait=5;ptx_cp_async_tma=2;ptx_ld_shared=26;ptx_ld_global=7
07_config_matrix,cfg_fp16_m128n128k16_c256_sw32_fill_use_lastuse_pingpong,1,,NVIDIA Thor,11.0,580.00,13.0,PTX ISA 9.3 / CUDA 13.0,1575.000,,,,fp16,128,128,16,32,128,250,1,fill_use_lastuse,pingpong,2,2,32,1,nocount,sw32,sw32,16,16,16,0,256,0,128,none,0,none,0,4,20,3487602.0,2214.3504761904765,,,,,8192,,19.396059215472405,,,0,0.0,1,bf14b28d2af4128daa99f23eec8a5e105636d0b04136f8be580fdc39d6f1f97d,
07_config_matrix,cfg_fp16_m128n128k16_c256_sw32_fill_use_lastuse_pingpong,1,,NVIDIA Thor,11.0,580.00,13.0,PTX ISA 9.3 / CUDA 13.0,1575.000,,,,fp16,128,128,16,32,128,250,2,fill_use_lastuse,pingpong,2,2,32,1,nocount,sw32,sw32,16,16,16,0,256,0,128,none,0,none,0,4,20,3487604.0,2214.351746031746,,,,,8192,,19.39604809261602,,,0,0.0,1,bf14b28d2af4128daa99f23eec8a5e105636d0b04136f8be580fdc39d6f1f97d,
07_config_matrix,cfg_fp16_m128n128k16_c256_sw32_fill_use_lastuse_pingpong,1,,NVIDIA Thor,11.0,580.00,13.0,PTX ISA 9.3 / CUDA 13.0,1575.000,,,,fp16,128,128,16,32,128,250,3,fill_use_lastuse,pingpong,2,2,32,1,nocount,sw32,sw32,16,16,16,0,256,0,128,none,0,none,0,4,20,3487605.0,2214.352380952381,,,,,8192,,19.39604253119261,,,0,0.0,1,bf14b28d2af4128daa99f23eec8a5e105636d0b04136f8be580fdc39d6f1f97d,
07_config_matrix,cfg_fp16_m128n128k16_c256_sw32_fill_use_lastuse_pingpong,1,,NVIDIA Thor,11.0,580.00,13.0,PTX ISA 9.3 / CUDA 13.0,1575.000,,,,fp16,128,128,16,32,128,250,4,fill_use_lastuse,pingpong,2,2,32,1,nocount,sw32,sw32,16,16,16,0,256,0,128,none,0,none,0,4,20,3487608.0,2214.3542857142857,,,,,8192,,19.396025846941516,,,0,0.0,1,bf14b28d2af4128daa99f23eec8a5e105636d0b04136f8be580fdc39d6f1f97d,
07_config_matrix,cfg_bf16_m128n128k16_c256_sw128_discard_same,1,,NVIDIA Thor,11.0,580.00,13.0,PTX ISA 9.3 / CUDA 13.0,1575.000,,,,bf16,128,128,16,32,128,251,0,discard,same,2,2,32,1,nocount,sw128,sw128,16,16,16,0,256,0,128,none,0,none,0,4,20,3678993.0,2335.8685714285716,,,,,8192,,18.387024632012075,,,0,0.0,1,bf14b28d2af4128daa99f23eec8a5e105636d0b04136f8be580fdc39d6f1f97d,; UTCHMMA=21;UTCHMMA_WS=16;UTCBAR=1;UTCATOMSWS=3;SYNCS_TRYWAIT=8;LDS=21;LDG=9;ptx_tcgen05_mma=21;ptx_tcgen05_mma_ws=16;ptx_tcgen05_commit=1;ptx_tcgen05_alloc=1;ptx_tcgen05_dealloc=1;ptx_tcgen05_ld=5;ptx_tcgen05_st=5;ptx_mbarrier_wait=5;ptx_cp_async_tma=2;ptx_ld_shared=26;ptx_ld_global=7
07_config_matrix,cfg_bf16_m128n128k16_c256_sw128_discard_same,1,,NVIDIA Thor,11.0,580.00,13.0,PTX ISA 9.3 / CUDA 13.0,1575.000,,,,bf16,128,128,16,32,128,251,1,discard,same,2,2,32,1,nocount,sw128,sw128,16,16,16,0,256,0,128,none,0,none,0,4,20,3678992.0,2335.8679365079365,,,,,8192,,18.38702962985513,,,0,0.0,1,bf14b28d2af4128daa99f23eec8a5e105636d0b04136f8be580fdc39d6f1f97d,
07_config_matrix,cfg_bf16_m128n128k16_c256_sw128_discard_same,1,,NVIDIA Thor,11.0,580.00,13.0,PTX ISA 9.3 / CUDA 13.0,1575.000,,,,bf16,128,128,16,32,128,251,2,discard,same,2,2,32,1,nocount,sw128,sw128,16,16,16,0,256,0,128,none,0,none,0,4,20,3678991.0,2335.867301587302,,,,,8192,,18.38703462770091,,,0,0.0,1,bf14b28d2af4128daa99f23eec8a5e105636d0b04136f8be580fdc39d6f1f97d,
07_config_matrix,cfg_bf16_m128n128k16_c256_sw128_discard_same,1,,NVIDIA Thor,11.0,580.00,13.0,PTX ISA 9.3 / CUDA 13.0,1575.000,,,,bf16,128,128,16,32,128,251,3,discard,same,2,2,32,1,nocount,sw128,sw128,16,16,16,0,256,0,128,none,0,none,0,4,20,3678961.0,2335.848253968254,,,,,8192,,18.387184564337595,,,0,0.0,1,bf14b28d2af4128daa99f23eec8a5e105636d0b04136f8be580fdc39d6f1f97d,
07_config_matrix,cfg_bf16_m128n128k16_c256_sw128_discard_same,1,,NVIDIA Thor,11.0,580.00,13.0,PTX ISA 9.3 / CUDA 13.0,1575.000,,,,bf16,128,128,16,32,128,251,4,discard,same,2,2,32,1,nocount,sw128,sw128,16,16,16,0,256,0,128,none,0,none,0,4,20,3678958.0,2335.8463492063493,,,,,8192,,18.387199558135755,,,0,0.0,1,bf14b28d2af4128daa99f23eec8a5e105636d0b04136f8be580fdc39d6f1f97d,
07_config_matrix,cfg_fp16_m128n128k16_c256_none_fill_use_lastuse_same,0,max_abs_error>0.05,NVIDIA Thor,11.0,580.00,13.0,PTX ISA 9.3 / CUDA 13.0,1575.000,,,,fp16,128,128,16,32,128,252,0,fill_use_lastuse,same,2,2,32,1,nocount,none,none,16,16,16,0,256,0,128,none,0,none,0,4,20,3779419.0,2399.631111111111,,,,,8192,,17.89844812443394,,,0,0.83203125,1,bf14b28d2af4128daa99f23eec8a5e105636d0b04136f8be580fdc39d6f1f97d,; UTCHMMA=21;UTCHMMA_WS=16;UTCBAR=1;UTCATOMSWS=3;SYNCS_TRYWAIT=8;LDS=21;LDG=9;ptx_tcgen05_mma=21;ptx_tcgen05_mma_ws=16;ptx_tcgen05_commit=1;ptx_tcgen05_alloc=1;ptx_tcgen05_dealloc=1;ptx_tcgen05_ld=5;ptx_tcgen05_st=5;ptx_mbarrier_wait=5;ptx_cp_async_tma=2;ptx_ld_shared=26;ptx_ld_global=7
07_config_matrix,cfg_fp16_m128n128k16_c256_none_fill_use_lastuse_same,0,max_abs_error>0.05,NVIDIA Thor,11.0,580.00,13.0,PTX ISA 9.3 / CUDA 13.0,1575.000,,,,fp16,128,128,16,32,128,252,1,fill_use_lastuse,same,2,2,32,1,nocount,none,none,16,16,16,0,256,0,128,none,0,none,0,4,20,3779407.0,2399.623492063492,,,,,8192,,17.898504953819476,,,0,0.83203125,1,bf14b28d2af4128daa99f23eec8a5e105636d0b04136f8be580fdc39d6f1f97d,
07_config_matrix,cfg_fp16_m128n128k16_c256_none_fill_use_lastuse_same,0,max_abs_error>0.05,NVIDIA Thor,11.0,580.00,13.0,PTX ISA 9.3 / CUDA 13.0,1575.000,,,,fp16,128,128,16,32,128,252,2,fill_use_lastuse,same,2,2,32,1,nocount,none,none,16,16,16,0,256,0,128,none,0,none,0,4,20,3779415.0,2399.6285714285714,,,,,8192,,17.898467067522354,,,0,0.83203125,1,bf14b28d2af4128daa99f23eec8a5e105636d0b04136f8be580fdc39d6f1f97d,
07_config_matrix,cfg_fp16_m128n128k16_c256_none_fill_use_lastuse_same,0,max_abs_error>0.05,NVIDIA Thor,11.0,580.00,13.0,PTX ISA 9.3 / CUDA 13.0,1575.000,,,,fp16,128,128,16,32,128,252,3,fill_use_lastuse,same,2,2,32,1,nocount,none,none,16,16,16,0,256,0,128,none,0,none,0,4,20,3779417.0,2399.6298412698416,,,,,8192,,17.898457595973134,,,0,0.83203125,1,bf14b28d2af4128daa99f23eec8a5e105636d0b04136f8be580fdc39d6f1f97d,
07_config_matrix,cfg_fp16_m128n128k16_c256_none_fill_use_lastuse_same,0,max_abs_error>0.05,NVIDIA Thor,11.0,580.00,13.0,PTX ISA 9.3 / CUDA 13.0,1575.000,,,,fp16,128,128,16,32,128,252,4,fill_use_lastuse,same,2,2,32,1,nocount,none,none,16,16,16,0,256,0,128,none,0,none,0,4,20,3779408.0,2399.624126984127,,,,,8192,,17.898500218023564,,,0,0.83203125,1,bf14b28d2af4128daa99f23eec8a5e105636d0b04136f8be580fdc39d6f1f97d,
07_config_matrix,cfg_fp16_m128n128k16_c512_sw32_discard_same,1,,NVIDIA Thor,11.0,580.00,13.0,PTX ISA 9.3 / CUDA 13.0,1575.000,,,,fp16,128,128,16,32,128,253,0,discard,same,4,4,32,1,nocount,sw32,sw32,16,16,16,0,512,0,128,none,0,none,0,4,20,3387675.0,2150.904761904762,,,,,8192,,19.96818907126569,,,0,0.0,1,bf14b28d2af4128daa99f23eec8a5e105636d0b04136f8be580fdc39d6f1f97d,; UTCHMMA=21;UTCHMMA_WS=16;UTCBAR=1;UTCATOMSWS=3;SYNCS_TRYWAIT=8;LDS=21;LDG=9;ptx_tcgen05_mma=21;ptx_tcgen05_mma_ws=16;ptx_tcgen05_commit=1;ptx_tcgen05_alloc=1;ptx_tcgen05_dealloc=1;ptx_tcgen05_ld=5;ptx_tcgen05_st=5;ptx_mbarrier_wait=5;ptx_cp_async_tma=2;ptx_ld_shared=26;ptx_ld_global=7
07_config_matrix,cfg_fp16_m128n128k16_c512_sw32_discard_same,1,,NVIDIA Thor,11.0,580.00,13.0,PTX ISA 9.3 / CUDA 13.0,1575.000,,,,fp16,128,128,16,32,128,253,1,discard,same,4,4,32,1,nocount,sw32,sw32,16,16,16,0,512,0,128,none,0,none,0,4,20,3387674.0,2150.9041269841273,,,,,8192,,19.968194965631284,,,0,0.0,1,bf14b28d2af4128daa99f23eec8a5e105636d0b04136f8be580fdc39d6f1f97d,
07_config_matrix,cfg_fp16_m128n128k16_c512_sw32_discard_same,1,,NVIDIA Thor,11.0,580.00,13.0,PTX ISA 9.3 / CUDA 13.0,1575.000,,,,fp16,128,128,16,32,128,253,2,discard,same,4,4,32,1,nocount,sw32,sw32,16,16,16,0,512,0,128,none,0,none,0,4,20,3387614.0,2150.8660317460317,,,,,8192,,19.968548633935274,,,0,0.0,1,bf14b28d2af4128daa99f23eec8a5e105636d0b04136f8be580fdc39d6f1f97d,
07_config_matrix,cfg_fp16_m128n128k16_c512_sw32_discard_same,1,,NVIDIA Thor,11.0,580.00,13.0,PTX ISA 9.3 / CUDA 13.0,1575.000,,,,fp16,128,128,16,32,128,253,3,discard,same,4,4,32,1,nocount,sw32,sw32,16,16,16,0,512,0,128,none,0,none,0,4,20,3387675.0,2150.904761904762,,,,,8192,,19.96818907126569,,,0,0.0,1,bf14b28d2af4128daa99f23eec8a5e105636d0b04136f8be580fdc39d6f1f97d,
07_config_matrix,cfg_fp16_m128n128k16_c512_sw32_discard_same,1,,NVIDIA Thor,11.0,580.00,13.0,PTX ISA 9.3 / CUDA 13.0,1575.000,,,,fp16,128,128,16,32,128,253,4,discard,same,4,4,32,1,nocount,sw32,sw32,16,16,16,0,512,0,128,none,0,none,0,4,20,3387617.0,2150.8679365079365,,,,,8192,,19.968530950222533,,,0,0.0,1,bf14b28d2af4128daa99f23eec8a5e105636d0b04136f8be580fdc39d6f1f97d,
07_config_matrix,cfg_bf16_m128n256k16_c512_sw32_fill_use_lastuse_same,1,,NVIDIA Thor,11.0,580.00,13.0,PTX ISA 9.3 / CUDA 13.0,1575.000,,,,bf16,128,256,16,32,128,254,0,fill_use_lastuse,same,2,2,32,1,nocount,sw32,sw32,16,16,16,0,512,0,256,none,0,none,0,4,20,3487730.0,2214.431746031746,,,,,12288,,38.79069475676156,,,0,0.0,1,bf14b28d2af4128daa99f23eec8a5e105636d0b04136f8be580fdc39d6f1f97d,; UTCHMMA=21;UTCHMMA_WS=16;UTCBAR=1;UTCATOMSWS=3;SYNCS_TRYWAIT=8;LDS=21;LDG=9;ptx_tcgen05_mma=21;ptx_tcgen05_mma_ws=16;ptx_tcgen05_commit=1;ptx_tcgen05_alloc=1;ptx_tcgen05_dealloc=1;ptx_tcgen05_ld=5;ptx_tcgen05_st=5;ptx_mbarrier_wait=5;ptx_cp_async_tma=2;ptx_ld_shared=26;ptx_ld_global=7
07_config_matrix,cfg_bf16_m128n256k16_c512_sw32_fill_use_lastuse_same,1,,NVIDIA Thor,11.0,580.00,13.0,PTX ISA 9.3 / CUDA 13.0,1575.000,,,,bf16,128,256,16,32,128,254,1,fill_use_lastuse,same,2,2,32,1,nocount,sw32,sw32,16,16,16,0,512,0,256,none,0,none,0,4,20,3487736.0,2214.4355555555553,,,,,12288,,38.79062802459819,,,0,0.0,1,bf14b28d2af4128daa99f23eec8a5e105636d0b04136f8be580fdc39d6f1f97d,
07_config_matrix,cfg_bf16_m128n256k16_c512_sw32_fill_use_lastuse_same,1,,NVIDIA Thor,11.0,580.00,13.0,PTX ISA 9.3 / CUDA 13.0,1575.000,,,,bf16,128,256,16,32,128,254,2,fill_use_lastuse,same,2,2,32,1,nocount,sw32,sw32,16,16,16,0,512,0,256,none,0,none,0,4,20,3487734.0,2214.4342857142856,,,,,12288,,38.79065026862714,,,0,0.0,1,bf14b28d2af4128daa99f23eec8a5e105636d0b04136f8be580fdc39d6f1f97d,
07_config_matrix,cfg_bf16_m128n256k16_c512_sw32_fill_use_lastuse_same,1,,NVIDIA Thor,11.0,580.00,13.0,PTX ISA 9.3 / CUDA 13.0,1575.000,,,,bf16,128,256,16,32,128,254,3,fill_use_lastuse,same,2,2,32,1,nocount,sw32,sw32,16,16,16,0,512,0,256,none,0,none,0,4,20,3487738.0,2214.4368253968255,,,,,12288,,38.79060578059476,,,0,0.0,1,bf14b28d2af4128daa99f23eec8a5e105636d0b04136f8be580fdc39d6f1f97d,
07_config_matrix,cfg_bf16_m128n256k16_c512_sw32_fill_use_lastuse_same,1,,NVIDIA Thor,11.0,580.00,13.0,PTX ISA 9.3 / CUDA 13.0,1575.000,,,,bf16,128,256,16,32,128,254,4,fill_use_lastuse,same,2,2,32,1,nocount,sw32,sw32,16,16,16,0,512,0,256,none,0,none,0,4,20,3487733.0,2214.433650793651,,,,,12288,,38.79066139065118,,,0,0.0,1,bf14b28d2af4128daa99f23eec8a5e105636d0b04136f8be580fdc39d6f1f97d,
07_config_matrix,cfg_fp16_m128n128k16_c512_sw32_fill_use_lastuse_same,1,,NVIDIA Thor,11.0,580.00,13.0,PTX ISA 9.3 / CUDA 13.0,1575.000,,,,fp16,128,128,16,32,128,255,0,fill_use_lastuse,same,4,4,32,1,nocount,sw32,sw32,16,16,16,0,512,0,128,none,0,none,0,4,20,3487602.0,2214.3504761904765,,,,,8192,,19.396059215472405,,,0,0.0,1,bf14b28d2af4128daa99f23eec8a5e105636d0b04136f8be580fdc39d6f1f97d,; UTCHMMA=21;UTCHMMA_WS=16;UTCBAR=1;UTCATOMSWS=3;SYNCS_TRYWAIT=8;LDS=21;LDG=9;ptx_tcgen05_mma=21;ptx_tcgen05_mma_ws=16;ptx_tcgen05_commit=1;ptx_tcgen05_alloc=1;ptx_tcgen05_dealloc=1;ptx_tcgen05_ld=5;ptx_tcgen05_st=5;ptx_mbarrier_wait=5;ptx_cp_async_tma=2;ptx_ld_shared=26;ptx_ld_global=7
07_config_matrix,cfg_fp16_m128n128k16_c512_sw32_fill_use_lastuse_same,1,,NVIDIA Thor,11.0,580.00,13.0,PTX ISA 9.3 / CUDA 13.0,1575.000,,,,fp16,128,128,16,32,128,255,1,fill_use_lastuse,same,4,4,32,1,nocount,sw32,sw32,16,16,16,0,512,0,128,none,0,none,0,4,20,3487605.0,2214.352380952381,,,,,8192,,19.39604253119261,,,0,0.0,1,bf14b28d2af4128daa99f23eec8a5e105636d0b04136f8be580fdc39d6f1f97d,
07_config_matrix,cfg_fp16_m128n128k16_c512_sw32_fill_use_lastuse_same,1,,NVIDIA Thor,11.0,580.00,13.0,PTX ISA 9.3 / CUDA 13.0,1575.000,,,,fp16,128,128,16,32,128,255,2,fill_use_lastuse,same,4,4,32,1,nocount,sw32,sw32,16,16,16,0,512,0,128,none,0,none,0,4,20,3487610.0,2214.3555555555554,,,,,8192,,19.396014724123397,,,0,0.0,1,bf14b28d2af4128daa99f23eec8a5e105636d0b04136f8be580fdc39d6f1f97d,
07_config_matrix,cfg_fp16_m128n128k16_c512_sw32_fill_use_lastuse_same,1,,NVIDIA Thor,11.0,580.00,13.0,PTX ISA 9.3 / CUDA 13.0,1575.000,,,,fp16,128,128,16,32,128,255,3,fill_use_lastuse,same,4,4,32,1,nocount,sw32,sw32,16,16,16,0,512,0,128,none,0,none,0,4,20,3487605.0,2214.352380952381,,,,,8192,,19.39604253119261,,,0,0.0,1,bf14b28d2af4128daa99f23eec8a5e105636d0b04136f8be580fdc39d6f1f97d,
07_config_matrix,cfg_fp16_m128n128k16_c512_sw32_fill_use_lastuse_same,1,,NVIDIA Thor,11.0,580.00,13.0,PTX ISA 9.3 / CUDA 13.0,1575.000,,,,fp16,128,128,16,32,128,255,4,fill_use_lastuse,same,4,4,32,1,nocount,sw32,sw32,16,16,16,0,512,0,128,none,0,none,0,4,20,3487606.0,2214.353015873016,,,,,8192,,19.396036969772386,,,0,0.0,1,bf14b28d2af4128daa99f23eec8a5e105636d0b04136f8be580fdc39d6f1f97d,
07_config_matrix,cfg_fp16_m128n128k16_c256_sw32_discard_pingpong,1,,NVIDIA Thor,11.0,580.00,13.0,PTX ISA 9.3 / CUDA 13.0,1575.000,,,,fp16,128,128,16,32,128,256,0,discard,pingpong,2,2,32,1,nocount,sw32,sw32,16,16,16,0,256,0,128,none,0,none,0,4,20,3387631.0,2150.8768253968256,,,,,8192,,19.96844842664387,,,0,0.0,1,bf14b28d2af4128daa99f23eec8a5e105636d0b04136f8be580fdc39d6f1f97d,; UTCHMMA=21;UTCHMMA_WS=16;UTCBAR=1;UTCATOMSWS=3;SYNCS_TRYWAIT=8;LDS=21;LDG=9;ptx_tcgen05_mma=21;ptx_tcgen05_mma_ws=16;ptx_tcgen05_commit=1;ptx_tcgen05_alloc=1;ptx_tcgen05_dealloc=1;ptx_tcgen05_ld=5;ptx_tcgen05_st=5;ptx_mbarrier_wait=5;ptx_cp_async_tma=2;ptx_ld_shared=26;ptx_ld_global=7
07_config_matrix,cfg_fp16_m128n128k16_c256_sw32_discard_pingpong,1,,NVIDIA Thor,11.0,580.00,13.0,PTX ISA 9.3 / CUDA 13.0,1575.000,,,,fp16,128,128,16,32,128,256,1,discard,pingpong,2,2,32,1,nocount,sw32,sw32,16,16,16,0,256,0,128,none,0,none,0,4,20,3387621.0,2150.870476190476,,,,,8192,,19.968507371987602,,,0,0.0,1,bf14b28d2af4128daa99f23eec8a5e105636d0b04136f8be580fdc39d6f1f97d,
07_config_matrix,cfg_fp16_m128n128k16_c256_sw32_discard_pingpong,1,,NVIDIA Thor,11.0,580.00,13.0,PTX ISA 9.3 / CUDA 13.0,1575.000,,,,fp16,128,128,16,32,128,256,2,discard,pingpong,2,2,32,1,nocount,sw32,sw32,16,16,16,0,256,0,128,none,0,none,0,4,20,3387618.0,2150.868571428571,,,,,8192,,19.968525055658578,,,0,0.0,1,bf14b28d2af4128daa99f23eec8a5e105636d0b04136f8be580fdc39d6f1f97d,
07_config_matrix,cfg_fp16_m128n128k16_c256_sw32_discard_pingpong,1,,NVIDIA Thor,11.0,580.00,13.0,PTX ISA 9.3 / CUDA 13.0,1575.000,,,,fp16,128,128,16,32,128,256,3,discard,pingpong,2,2,32,1,nocount,sw32,sw32,16,16,16,0,256,0,128,none,0,none,0,4,20,3387618.0,2150.868571428571,,,,,8192,,19.968525055658578,,,0,0.0,1,bf14b28d2af4128daa99f23eec8a5e105636d0b04136f8be580fdc39d6f1f97d,
07_config_matrix,cfg_fp16_m128n128k16_c256_sw32_discard_pingpong,1,,NVIDIA Thor,11.0,580.00,13.0,PTX ISA 9.3 / CUDA 13.0,1575.000,,,,fp16,128,128,16,32,128,256,4,discard,pingpong,2,2,32,1,nocount,sw32,sw32,16,16,16,0,256,0,128,none,0,none,0,4,20,3387617.0,2150.8679365079365,,,,,8192,,19.968530950222533,,,0,0.0,1,bf14b28d2af4128daa99f23eec8a5e105636d0b04136f8be580fdc39d6f1f97d,
