$ /xplorer/shijy/CUDA_optimazation/microbench/mma_config/04_smem_layout_address/build/tcgen05_04_smem_layout_address_bench --dtype bf16 --shape m128n128k16 --layout sw128 --q 32 --iterations 32 --collector-protocol discard --collector-reuse 0 --ws 0 --ws-buffer-count 1 --operand-address-mode same --input-d 0 --tmem-columns 512 --d-base-column 0 --d-tile-base-delta 128 --independent-d-count 4 --d-reuse-distance 4 --commit-interval 32 --pending-mbarriers 1 --wait-mode nocount --smem-base-offset 64 --interference-mode none --interference-ops-per-iter 0 --interference-warps 4 --active-blocks 0
status=cuda_error
invalid_reason=misaligned address

$ /xplorer/shijy/CUDA_optimazation/microbench/mma_config/04_smem_layout_address/build/tcgen05_04_smem_layout_address_bench --dtype bf16 --shape m128n128k16 --layout sw128 --q 32 --iterations 32 --collector-protocol discard --collector-reuse 0 --ws 0 --ws-buffer-count 1 --operand-address-mode same --input-d 0 --tmem-columns 512 --d-base-column 0 --d-tile-base-delta 128 --independent-d-count 4 --d-reuse-distance 4 --commit-interval 32 --pending-mbarriers 1 --wait-mode nocount --smem-base-offset 64 --interference-mode none --interference-ops-per-iter 0 --interference-warps 4 --active-blocks 0
status=cuda_error
invalid_reason=misaligned address

$ /xplorer/shijy/CUDA_optimazation/microbench/mma_config/04_smem_layout_address/build/tcgen05_04_smem_layout_address_bench --dtype bf16 --shape m128n128k16 --layout sw128 --q 32 --iterations 32 --collector-protocol discard --collector-reuse 0 --ws 0 --ws-buffer-count 1 --operand-address-mode same --input-d 0 --tmem-columns 512 --d-base-column 0 --d-tile-base-delta 128 --independent-d-count 4 --d-reuse-distance 4 --commit-interval 32 --pending-mbarriers 1 --wait-mode nocount --smem-base-offset 64 --interference-mode none --interference-ops-per-iter 0 --interference-warps 4 --active-blocks 0
status=cuda_error
invalid_reason=misaligned address

$ /xplorer/shijy/CUDA_optimazation/microbench/mma_config/04_smem_layout_address/build/tcgen05_04_smem_layout_address_bench --dtype fp16 --shape m128n128k16 --layout sw128 --q 32 --iterations 32 --collector-protocol discard --collector-reuse 0 --ws 0 --ws-buffer-count 1 --operand-address-mode same --input-d 0 --tmem-columns 512 --d-base-column 0 --d-tile-base-delta 128 --independent-d-count 4 --d-reuse-distance 4 --commit-interval 32 --pending-mbarriers 1 --wait-mode nocount --smem-base-offset 64 --interference-mode none --interference-ops-per-iter 0 --interference-warps 4 --active-blocks 0
status=cuda_error
invalid_reason=misaligned address

$ /xplorer/shijy/CUDA_optimazation/microbench/mma_config/04_smem_layout_address/build/tcgen05_04_smem_layout_address_bench --dtype fp16 --shape m128n128k16 --layout sw128 --q 32 --iterations 32 --collector-protocol discard --collector-reuse 0 --ws 0 --ws-buffer-count 1 --operand-address-mode same --input-d 0 --tmem-columns 512 --d-base-column 0 --d-tile-base-delta 128 --independent-d-count 4 --d-reuse-distance 4 --commit-interval 32 --pending-mbarriers 1 --wait-mode nocount --smem-base-offset 64 --interference-mode none --interference-ops-per-iter 0 --interference-warps 4 --active-blocks 0
status=cuda_error
invalid_reason=misaligned address

$ /xplorer/shijy/CUDA_optimazation/microbench/mma_config/04_smem_layout_address/build/tcgen05_04_smem_layout_address_bench --dtype fp16 --shape m128n128k16 --layout sw128 --q 32 --iterations 32 --collector-protocol discard --collector-reuse 0 --ws 0 --ws-buffer-count 1 --operand-address-mode same --input-d 0 --tmem-columns 512 --d-base-column 0 --d-tile-base-delta 128 --independent-d-count 4 --d-reuse-distance 4 --commit-interval 32 --pending-mbarriers 1 --wait-mode nocount --smem-base-offset 64 --interference-mode none --interference-ops-per-iter 0 --interference-warps 4 --active-blocks 0
status=cuda_error
invalid_reason=misaligned address

$ /xplorer/shijy/CUDA_optimazation/microbench/mma_config/04_smem_layout_address/build/tcgen05_04_smem_layout_address_bench --dtype bf16 --shape m128n128k16 --layout sw128 --q 32 --iterations 32 --collector-protocol discard --collector-reuse 0 --ws 0 --ws-buffer-count 1 --operand-address-mode same --input-d 0 --tmem-columns 512 --d-base-column 0 --d-tile-base-delta 128 --independent-d-count 4 --d-reuse-distance 4 --commit-interval 32 --pending-mbarriers 1 --wait-mode nocount --smem-base-offset 64 --interference-mode none --interference-ops-per-iter 0 --interference-warps 4 --active-blocks 0
status=cuda_error
invalid_reason=misaligned address

$ /xplorer/shijy/CUDA_optimazation/microbench/mma_config/04_smem_layout_address/build/tcgen05_04_smem_layout_address_bench --dtype bf16 --shape m128n128k16 --layout sw128 --q 32 --iterations 32 --collector-protocol discard --collector-reuse 0 --ws 0 --ws-buffer-count 1 --operand-address-mode same --input-d 0 --tmem-columns 512 --d-base-column 0 --d-tile-base-delta 128 --independent-d-count 4 --d-reuse-distance 4 --commit-interval 32 --pending-mbarriers 1 --wait-mode nocount --smem-base-offset 64 --interference-mode none --interference-ops-per-iter 0 --interference-warps 4 --active-blocks 0
status=cuda_error
invalid_reason=misaligned address

$ /xplorer/shijy/CUDA_optimazation/microbench/mma_config/04_smem_layout_address/build/tcgen05_04_smem_layout_address_bench --dtype bf16 --shape m128n128k16 --layout sw128 --q 32 --iterations 32 --collector-protocol discard --collector-reuse 0 --ws 0 --ws-buffer-count 1 --operand-address-mode same --input-d 0 --tmem-columns 512 --d-base-column 0 --d-tile-base-delta 128 --independent-d-count 4 --d-reuse-distance 4 --commit-interval 32 --pending-mbarriers 1 --wait-mode nocount --smem-base-offset 64 --interference-mode none --interference-ops-per-iter 0 --interference-warps 4 --active-blocks 0
status=cuda_error
invalid_reason=misaligned address

$ /xplorer/shijy/CUDA_optimazation/microbench/mma_config/04_smem_layout_address/build/tcgen05_04_smem_layout_address_bench --dtype fp16 --shape m128n128k16 --layout sw128 --q 32 --iterations 32 --collector-protocol discard --collector-reuse 0 --ws 0 --ws-buffer-count 1 --operand-address-mode same --input-d 0 --tmem-columns 512 --d-base-column 0 --d-tile-base-delta 128 --independent-d-count 4 --d-reuse-distance 4 --commit-interval 32 --pending-mbarriers 1 --wait-mode nocount --smem-base-offset 64 --interference-mode none --interference-ops-per-iter 0 --interference-warps 4 --active-blocks 0
status=cuda_error
invalid_reason=misaligned address

$ /xplorer/shijy/CUDA_optimazation/microbench/mma_config/04_smem_layout_address/build/tcgen05_04_smem_layout_address_bench --dtype fp16 --shape m128n128k16 --layout sw128 --q 32 --iterations 32 --collector-protocol discard --collector-reuse 0 --ws 0 --ws-buffer-count 1 --operand-address-mode same --input-d 0 --tmem-columns 512 --d-base-column 0 --d-tile-base-delta 128 --independent-d-count 4 --d-reuse-distance 4 --commit-interval 32 --pending-mbarriers 1 --wait-mode nocount --smem-base-offset 64 --interference-mode none --interference-ops-per-iter 0 --interference-warps 4 --active-blocks 0
status=cuda_error
invalid_reason=misaligned address

$ /xplorer/shijy/CUDA_optimazation/microbench/mma_config/04_smem_layout_address/build/tcgen05_04_smem_layout_address_bench --dtype fp16 --shape m128n128k16 --layout sw128 --q 32 --iterations 32 --collector-protocol discard --collector-reuse 0 --ws 0 --ws-buffer-count 1 --operand-address-mode same --input-d 0 --tmem-columns 512 --d-base-column 0 --d-tile-base-delta 128 --independent-d-count 4 --d-reuse-distance 4 --commit-interval 32 --pending-mbarriers 1 --wait-mode nocount --smem-base-offset 64 --interference-mode none --interference-ops-per-iter 0 --interference-warps 4 --active-blocks 0
status=cuda_error
invalid_reason=misaligned address

$ /xplorer/shijy/CUDA_optimazation/microbench/mma_config/04_smem_layout_address/build/tcgen05_04_smem_layout_address_bench --dtype fp16 --shape m128n128k16 --layout sw128 --q 32 --iterations 128 --collector-protocol discard --collector-reuse 0 --ws 0 --ws-buffer-count 1 --operand-address-mode same --input-d 0 --tmem-columns 512 --d-base-column 0 --d-tile-base-delta 128 --independent-d-count 4 --d-reuse-distance 4 --commit-interval 32 --pending-mbarriers 1 --wait-mode nocount --smem-base-offset 32 --interference-mode none --interference-ops-per-iter 0 --interference-warps 4 --active-blocks 0
status=cuda_error
invalid_reason=misaligned address

$ /xplorer/shijy/CUDA_optimazation/microbench/mma_config/04_smem_layout_address/build/tcgen05_04_smem_layout_address_bench --dtype fp16 --shape m128n128k16 --layout sw128 --q 32 --iterations 128 --collector-protocol discard --collector-reuse 0 --ws 0 --ws-buffer-count 1 --operand-address-mode same --input-d 0 --tmem-columns 512 --d-base-column 0 --d-tile-base-delta 128 --independent-d-count 4 --d-reuse-distance 4 --commit-interval 32 --pending-mbarriers 1 --wait-mode nocount --smem-base-offset 32 --interference-mode none --interference-ops-per-iter 0 --interference-warps 4 --active-blocks 0
status=cuda_error
invalid_reason=misaligned address

$ /xplorer/shijy/CUDA_optimazation/microbench/mma_config/04_smem_layout_address/build/tcgen05_04_smem_layout_address_bench --dtype fp16 --shape m128n128k16 --layout sw128 --q 32 --iterations 128 --collector-protocol discard --collector-reuse 0 --ws 0 --ws-buffer-count 1 --operand-address-mode same --input-d 0 --tmem-columns 512 --d-base-column 0 --d-tile-base-delta 128 --independent-d-count 4 --d-reuse-distance 4 --commit-interval 32 --pending-mbarriers 1 --wait-mode nocount --smem-base-offset 32 --interference-mode none --interference-ops-per-iter 0 --interference-warps 4 --active-blocks 0
status=cuda_error
invalid_reason=misaligned address

$ /xplorer/shijy/CUDA_optimazation/microbench/mma_config/04_smem_layout_address/build/tcgen05_04_smem_layout_address_bench --dtype fp16 --shape m128n128k16 --layout sw128 --q 32 --iterations 128 --collector-protocol discard --collector-reuse 0 --ws 0 --ws-buffer-count 1 --operand-address-mode same --input-d 0 --tmem-columns 512 --d-base-column 0 --d-tile-base-delta 128 --independent-d-count 4 --d-reuse-distance 4 --commit-interval 32 --pending-mbarriers 1 --wait-mode nocount --smem-base-offset 32 --interference-mode none --interference-ops-per-iter 0 --interference-warps 4 --active-blocks 0
status=cuda_error
invalid_reason=misaligned address

$ /xplorer/shijy/CUDA_optimazation/microbench/mma_config/04_smem_layout_address/build/tcgen05_04_smem_layout_address_bench --dtype fp16 --shape m128n128k16 --layout sw128 --q 32 --iterations 128 --collector-protocol discard --collector-reuse 0 --ws 0 --ws-buffer-count 1 --operand-address-mode same --input-d 0 --tmem-columns 512 --d-base-column 0 --d-tile-base-delta 128 --independent-d-count 4 --d-reuse-distance 4 --commit-interval 32 --pending-mbarriers 1 --wait-mode nocount --smem-base-offset 32 --interference-mode none --interference-ops-per-iter 0 --interference-warps 4 --active-blocks 0
status=cuda_error
invalid_reason=misaligned address

$ /xplorer/shijy/CUDA_optimazation/microbench/mma_config/04_smem_layout_address/build/tcgen05_04_smem_layout_address_bench --dtype bf16 --shape m128n256k16 --layout sw64 --q 32 --iterations 128 --collector-protocol discard --collector-reuse 0 --ws 0 --ws-buffer-count 1 --operand-address-mode same --input-d 0 --tmem-columns 512 --d-base-column 0 --d-tile-base-delta 256 --independent-d-count 2 --d-reuse-distance 2 --commit-interval 32 --pending-mbarriers 1 --wait-mode nocount --smem-base-offset 64 --interference-mode none --interference-ops-per-iter 0 --interference-warps 4 --active-blocks 0
status=cuda_error
invalid_reason=misaligned address

$ /xplorer/shijy/CUDA_optimazation/microbench/mma_config/04_smem_layout_address/build/tcgen05_04_smem_layout_address_bench --dtype bf16 --shape m128n256k16 --layout sw64 --q 32 --iterations 128 --collector-protocol discard --collector-reuse 0 --ws 0 --ws-buffer-count 1 --operand-address-mode same --input-d 0 --tmem-columns 512 --d-base-column 0 --d-tile-base-delta 256 --independent-d-count 2 --d-reuse-distance 2 --commit-interval 32 --pending-mbarriers 1 --wait-mode nocount --smem-base-offset 64 --interference-mode none --interference-ops-per-iter 0 --interference-warps 4 --active-blocks 0
status=cuda_error
invalid_reason=misaligned address

$ /xplorer/shijy/CUDA_optimazation/microbench/mma_config/04_smem_layout_address/build/tcgen05_04_smem_layout_address_bench --dtype bf16 --shape m128n256k16 --layout sw64 --q 32 --iterations 128 --collector-protocol discard --collector-reuse 0 --ws 0 --ws-buffer-count 1 --operand-address-mode same --input-d 0 --tmem-columns 512 --d-base-column 0 --d-tile-base-delta 256 --independent-d-count 2 --d-reuse-distance 2 --commit-interval 32 --pending-mbarriers 1 --wait-mode nocount --smem-base-offset 64 --interference-mode none --interference-ops-per-iter 0 --interference-warps 4 --active-blocks 0
status=cuda_error
invalid_reason=misaligned address

$ /xplorer/shijy/CUDA_optimazation/microbench/mma_config/04_smem_layout_address/build/tcgen05_04_smem_layout_address_bench --dtype bf16 --shape m128n256k16 --layout sw64 --q 32 --iterations 128 --collector-protocol discard --collector-reuse 0 --ws 0 --ws-buffer-count 1 --operand-address-mode same --input-d 0 --tmem-columns 512 --d-base-column 0 --d-tile-base-delta 256 --independent-d-count 2 --d-reuse-distance 2 --commit-interval 32 --pending-mbarriers 1 --wait-mode nocount --smem-base-offset 64 --interference-mode none --interference-ops-per-iter 0 --interference-warps 4 --active-blocks 0
status=cuda_error
invalid_reason=misaligned address

$ /xplorer/shijy/CUDA_optimazation/microbench/mma_config/04_smem_layout_address/build/tcgen05_04_smem_layout_address_bench --dtype bf16 --shape m128n256k16 --layout sw64 --q 32 --iterations 128 --collector-protocol discard --collector-reuse 0 --ws 0 --ws-buffer-count 1 --operand-address-mode same --input-d 0 --tmem-columns 512 --d-base-column 0 --d-tile-base-delta 256 --independent-d-count 2 --d-reuse-distance 2 --commit-interval 32 --pending-mbarriers 1 --wait-mode nocount --smem-base-offset 64 --interference-mode none --interference-ops-per-iter 0 --interference-warps 4 --active-blocks 0
status=cuda_error
invalid_reason=misaligned address

$ /xplorer/shijy/CUDA_optimazation/microbench/mma_config/04_smem_layout_address/build/tcgen05_04_smem_layout_address_bench --dtype bf16 --shape m128n128k16 --layout sw32 --q 32 --iterations 128 --collector-protocol discard --collector-reuse 0 --ws 0 --ws-buffer-count 1 --operand-address-mode same --input-d 0 --tmem-columns 512 --d-base-column 0 --d-tile-base-delta 128 --independent-d-count 4 --d-reuse-distance 4 --commit-interval 32 --pending-mbarriers 1 --wait-mode nocount --smem-base-offset 64 --interference-mode none --interference-ops-per-iter 0 --interference-warps 4 --active-blocks 0
status=cuda_error
invalid_reason=misaligned address

$ /xplorer/shijy/CUDA_optimazation/microbench/mma_config/04_smem_layout_address/build/tcgen05_04_smem_layout_address_bench --dtype bf16 --shape m128n128k16 --layout sw32 --q 32 --iterations 128 --collector-protocol discard --collector-reuse 0 --ws 0 --ws-buffer-count 1 --operand-address-mode same --input-d 0 --tmem-columns 512 --d-base-column 0 --d-tile-base-delta 128 --independent-d-count 4 --d-reuse-distance 4 --commit-interval 32 --pending-mbarriers 1 --wait-mode nocount --smem-base-offset 64 --interference-mode none --interference-ops-per-iter 0 --interference-warps 4 --active-blocks 0
status=cuda_error
invalid_reason=misaligned address

$ /xplorer/shijy/CUDA_optimazation/microbench/mma_config/04_smem_layout_address/build/tcgen05_04_smem_layout_address_bench --dtype bf16 --shape m128n128k16 --layout sw32 --q 32 --iterations 128 --collector-protocol discard --collector-reuse 0 --ws 0 --ws-buffer-count 1 --operand-address-mode same --input-d 0 --tmem-columns 512 --d-base-column 0 --d-tile-base-delta 128 --independent-d-count 4 --d-reuse-distance 4 --commit-interval 32 --pending-mbarriers 1 --wait-mode nocount --smem-base-offset 64 --interference-mode none --interference-ops-per-iter 0 --interference-warps 4 --active-blocks 0
status=cuda_error
invalid_reason=misaligned address

$ /xplorer/shijy/CUDA_optimazation/microbench/mma_config/04_smem_layout_address/build/tcgen05_04_smem_layout_address_bench --dtype bf16 --shape m128n128k16 --layout sw32 --q 32 --iterations 128 --collector-protocol discard --collector-reuse 0 --ws 0 --ws-buffer-count 1 --operand-address-mode same --input-d 0 --tmem-columns 512 --d-base-column 0 --d-tile-base-delta 128 --independent-d-count 4 --d-reuse-distance 4 --commit-interval 32 --pending-mbarriers 1 --wait-mode nocount --smem-base-offset 64 --interference-mode none --interference-ops-per-iter 0 --interference-warps 4 --active-blocks 0
status=cuda_error
invalid_reason=misaligned address

$ /xplorer/shijy/CUDA_optimazation/microbench/mma_config/04_smem_layout_address/build/tcgen05_04_smem_layout_address_bench --dtype bf16 --shape m128n128k16 --layout sw32 --q 32 --iterations 128 --collector-protocol discard --collector-reuse 0 --ws 0 --ws-buffer-count 1 --operand-address-mode same --input-d 0 --tmem-columns 512 --d-base-column 0 --d-tile-base-delta 128 --independent-d-count 4 --d-reuse-distance 4 --commit-interval 32 --pending-mbarriers 1 --wait-mode nocount --smem-base-offset 64 --interference-mode none --interference-ops-per-iter 0 --interference-warps 4 --active-blocks 0
status=cuda_error
invalid_reason=misaligned address

$ /xplorer/shijy/CUDA_optimazation/microbench/mma_config/04_smem_layout_address/build/tcgen05_04_smem_layout_address_bench --dtype bf16 --shape m128n64k16 --layout sw64 --q 32 --iterations 128 --collector-protocol discard --collector-reuse 0 --ws 0 --ws-buffer-count 1 --operand-address-mode same --input-d 0 --tmem-columns 512 --d-base-column 0 --d-tile-base-delta 64 --independent-d-count 8 --d-reuse-distance 8 --commit-interval 32 --pending-mbarriers 1 --wait-mode nocount --smem-base-offset 16 --interference-mode none --interference-ops-per-iter 0 --interference-warps 4 --active-blocks 0
status=cuda_error
invalid_reason=misaligned address

$ /xplorer/shijy/CUDA_optimazation/microbench/mma_config/04_smem_layout_address/build/tcgen05_04_smem_layout_address_bench --dtype bf16 --shape m128n64k16 --layout sw64 --q 32 --iterations 128 --collector-protocol discard --collector-reuse 0 --ws 0 --ws-buffer-count 1 --operand-address-mode same --input-d 0 --tmem-columns 512 --d-base-column 0 --d-tile-base-delta 64 --independent-d-count 8 --d-reuse-distance 8 --commit-interval 32 --pending-mbarriers 1 --wait-mode nocount --smem-base-offset 16 --interference-mode none --interference-ops-per-iter 0 --interference-warps 4 --active-blocks 0
status=cuda_error
invalid_reason=misaligned address

$ /xplorer/shijy/CUDA_optimazation/microbench/mma_config/04_smem_layout_address/build/tcgen05_04_smem_layout_address_bench --dtype bf16 --shape m128n64k16 --layout sw64 --q 32 --iterations 128 --collector-protocol discard --collector-reuse 0 --ws 0 --ws-buffer-count 1 --operand-address-mode same --input-d 0 --tmem-columns 512 --d-base-column 0 --d-tile-base-delta 64 --independent-d-count 8 --d-reuse-distance 8 --commit-interval 32 --pending-mbarriers 1 --wait-mode nocount --smem-base-offset 16 --interference-mode none --interference-ops-per-iter 0 --interference-warps 4 --active-blocks 0
status=cuda_error
invalid_reason=misaligned address

$ /xplorer/shijy/CUDA_optimazation/microbench/mma_config/04_smem_layout_address/build/tcgen05_04_smem_layout_address_bench --dtype bf16 --shape m128n64k16 --layout sw64 --q 32 --iterations 128 --collector-protocol discard --collector-reuse 0 --ws 0 --ws-buffer-count 1 --operand-address-mode same --input-d 0 --tmem-columns 512 --d-base-column 0 --d-tile-base-delta 64 --independent-d-count 8 --d-reuse-distance 8 --commit-interval 32 --pending-mbarriers 1 --wait-mode nocount --smem-base-offset 16 --interference-mode none --interference-ops-per-iter 0 --interference-warps 4 --active-blocks 0
status=cuda_error
invalid_reason=misaligned address

$ /xplorer/shijy/CUDA_optimazation/microbench/mma_config/04_smem_layout_address/build/tcgen05_04_smem_layout_address_bench --dtype bf16 --shape m128n64k16 --layout sw64 --q 32 --iterations 128 --collector-protocol discard --collector-reuse 0 --ws 0 --ws-buffer-count 1 --operand-address-mode same --input-d 0 --tmem-columns 512 --d-base-column 0 --d-tile-base-delta 64 --independent-d-count 8 --d-reuse-distance 8 --commit-interval 32 --pending-mbarriers 1 --wait-mode nocount --smem-base-offset 16 --interference-mode none --interference-ops-per-iter 0 --interference-warps 4 --active-blocks 0
status=cuda_error
invalid_reason=misaligned address

$ /xplorer/shijy/CUDA_optimazation/microbench/mma_config/04_smem_layout_address/build/tcgen05_04_smem_layout_address_bench --dtype bf16 --shape m128n256k16 --layout sw32 --q 32 --iterations 128 --collector-protocol discard --collector-reuse 0 --ws 0 --ws-buffer-count 1 --operand-address-mode same --input-d 0 --tmem-columns 512 --d-base-column 0 --d-tile-base-delta 256 --independent-d-count 2 --d-reuse-distance 2 --commit-interval 32 --pending-mbarriers 1 --wait-mode nocount --smem-base-offset 64 --interference-mode none --interference-ops-per-iter 0 --interference-warps 4 --active-blocks 0
status=cuda_error
invalid_reason=misaligned address

$ /xplorer/shijy/CUDA_optimazation/microbench/mma_config/04_smem_layout_address/build/tcgen05_04_smem_layout_address_bench --dtype bf16 --shape m128n256k16 --layout sw32 --q 32 --iterations 128 --collector-protocol discard --collector-reuse 0 --ws 0 --ws-buffer-count 1 --operand-address-mode same --input-d 0 --tmem-columns 512 --d-base-column 0 --d-tile-base-delta 256 --independent-d-count 2 --d-reuse-distance 2 --commit-interval 32 --pending-mbarriers 1 --wait-mode nocount --smem-base-offset 64 --interference-mode none --interference-ops-per-iter 0 --interference-warps 4 --active-blocks 0
status=cuda_error
invalid_reason=misaligned address

$ /xplorer/shijy/CUDA_optimazation/microbench/mma_config/04_smem_layout_address/build/tcgen05_04_smem_layout_address_bench --dtype bf16 --shape m128n256k16 --layout sw32 --q 32 --iterations 128 --collector-protocol discard --collector-reuse 0 --ws 0 --ws-buffer-count 1 --operand-address-mode same --input-d 0 --tmem-columns 512 --d-base-column 0 --d-tile-base-delta 256 --independent-d-count 2 --d-reuse-distance 2 --commit-interval 32 --pending-mbarriers 1 --wait-mode nocount --smem-base-offset 64 --interference-mode none --interference-ops-per-iter 0 --interference-warps 4 --active-blocks 0
status=cuda_error
invalid_reason=misaligned address

$ /xplorer/shijy/CUDA_optimazation/microbench/mma_config/04_smem_layout_address/build/tcgen05_04_smem_layout_address_bench --dtype bf16 --shape m128n256k16 --layout sw32 --q 32 --iterations 128 --collector-protocol discard --collector-reuse 0 --ws 0 --ws-buffer-count 1 --operand-address-mode same --input-d 0 --tmem-columns 512 --d-base-column 0 --d-tile-base-delta 256 --independent-d-count 2 --d-reuse-distance 2 --commit-interval 32 --pending-mbarriers 1 --wait-mode nocount --smem-base-offset 64 --interference-mode none --interference-ops-per-iter 0 --interference-warps 4 --active-blocks 0
status=cuda_error
invalid_reason=misaligned address

$ /xplorer/shijy/CUDA_optimazation/microbench/mma_config/04_smem_layout_address/build/tcgen05_04_smem_layout_address_bench --dtype bf16 --shape m128n256k16 --layout sw32 --q 32 --iterations 128 --collector-protocol discard --collector-reuse 0 --ws 0 --ws-buffer-count 1 --operand-address-mode same --input-d 0 --tmem-columns 512 --d-base-column 0 --d-tile-base-delta 256 --independent-d-count 2 --d-reuse-distance 2 --commit-interval 32 --pending-mbarriers 1 --wait-mode nocount --smem-base-offset 64 --interference-mode none --interference-ops-per-iter 0 --interference-warps 4 --active-blocks 0
status=cuda_error
invalid_reason=misaligned address

$ /xplorer/shijy/CUDA_optimazation/microbench/mma_config/04_smem_layout_address/build/tcgen05_04_smem_layout_address_bench --dtype fp16 --shape m128n128k16 --layout none --q 32 --iterations 128 --collector-protocol discard --collector-reuse 0 --ws 0 --ws-buffer-count 1 --operand-address-mode same --input-d 0 --tmem-columns 512 --d-base-column 0 --d-tile-base-delta 128 --independent-d-count 4 --d-reuse-distance 4 --commit-interval 32 --pending-mbarriers 1 --wait-mode nocount --smem-base-offset 0 --interference-mode none --interference-ops-per-iter 0 --interference-warps 4 --active-blocks 0
status=ok
experiment=04_smem_layout_address
gpu=NVIDIA Thor
compute_capability=11.0
sm_count=20
active_blocks=20
dtype=fp16
shape=m128n128k16
m=128
n=128
k=16
layout=none
q=32
iterations=128
collector_protocol=discard
collector_reuse=0
ws_mode=0
ws_buffer_count=1
operand_address_mode=same
input_d=0
tmem_columns=512
d_base_column=0
d_tile_base_delta=128
independent_d_count=4
d_reuse_distance=4
commit_interval=32
pending_mbarriers=1
wait_polling_mode=nocount
smem_base_offset=0
interference_mode=none
interference_ops_per_iter=0
interference_warps=4
elapsed_cycles=3678960
poll_count=0
max_abs_error=0.832031250
guard_ok=1
interference_sink=0.000000000

$ /xplorer/shijy/CUDA_optimazation/microbench/mma_config/04_smem_layout_address/build/tcgen05_04_smem_layout_address_bench --dtype fp16 --shape m128n128k16 --layout none --q 32 --iterations 128 --collector-protocol discard --collector-reuse 0 --ws 0 --ws-buffer-count 1 --operand-address-mode same --input-d 0 --tmem-columns 512 --d-base-column 0 --d-tile-base-delta 128 --independent-d-count 4 --d-reuse-distance 4 --commit-interval 32 --pending-mbarriers 1 --wait-mode nocount --smem-base-offset 0 --interference-mode none --interference-ops-per-iter 0 --interference-warps 4 --active-blocks 0
status=ok
experiment=04_smem_layout_address
gpu=NVIDIA Thor
compute_capability=11.0
sm_count=20
active_blocks=20
dtype=fp16
shape=m128n128k16
m=128
n=128
k=16
layout=none
q=32
iterations=128
collector_protocol=discard
collector_reuse=0
ws_mode=0
ws_buffer_count=1
operand_address_mode=same
input_d=0
tmem_columns=512
d_base_column=0
d_tile_base_delta=128
independent_d_count=4
d_reuse_distance=4
commit_interval=32
pending_mbarriers=1
wait_polling_mode=nocount
smem_base_offset=0
interference_mode=none
interference_ops_per_iter=0
interference_warps=4
elapsed_cycles=3678997
poll_count=0
max_abs_error=0.832031250
guard_ok=1
interference_sink=0.000000000

$ /xplorer/shijy/CUDA_optimazation/microbench/mma_config/04_smem_layout_address/build/tcgen05_04_smem_layout_address_bench --dtype fp16 --shape m128n128k16 --layout none --q 32 --iterations 128 --collector-protocol discard --collector-reuse 0 --ws 0 --ws-buffer-count 1 --operand-address-mode same --input-d 0 --tmem-columns 512 --d-base-column 0 --d-tile-base-delta 128 --independent-d-count 4 --d-reuse-distance 4 --commit-interval 32 --pending-mbarriers 1 --wait-mode nocount --smem-base-offset 0 --interference-mode none --interference-ops-per-iter 0 --interference-warps 4 --active-blocks 0
status=ok
experiment=04_smem_layout_address
gpu=NVIDIA Thor
compute_capability=11.0
sm_count=20
active_blocks=20
dtype=fp16
shape=m128n128k16
m=128
n=128
k=16
layout=none
q=32
iterations=128
collector_protocol=discard
collector_reuse=0
ws_mode=0
ws_buffer_count=1
operand_address_mode=same
input_d=0
tmem_columns=512
d_base_column=0
d_tile_base_delta=128
independent_d_count=4
d_reuse_distance=4
commit_interval=32
pending_mbarriers=1
wait_polling_mode=nocount
smem_base_offset=0
interference_mode=none
interference_ops_per_iter=0
interference_warps=4
elapsed_cycles=3678989
poll_count=0
max_abs_error=0.832031250
guard_ok=1
interference_sink=0.000000000

$ /xplorer/shijy/CUDA_optimazation/microbench/mma_config/04_smem_layout_address/build/tcgen05_04_smem_layout_address_bench --dtype fp16 --shape m128n128k16 --layout none --q 32 --iterations 128 --collector-protocol discard --collector-reuse 0 --ws 0 --ws-buffer-count 1 --operand-address-mode same --input-d 0 --tmem-columns 512 --d-base-column 0 --d-tile-base-delta 128 --independent-d-count 4 --d-reuse-distance 4 --commit-interval 32 --pending-mbarriers 1 --wait-mode nocount --smem-base-offset 0 --interference-mode none --interference-ops-per-iter 0 --interference-warps 4 --active-blocks 0
status=ok
experiment=04_smem_layout_address
gpu=NVIDIA Thor
compute_capability=11.0
sm_count=20
active_blocks=20
dtype=fp16
shape=m128n128k16
m=128
n=128
k=16
layout=none
q=32
iterations=128
collector_protocol=discard
collector_reuse=0
ws_mode=0
ws_buffer_count=1
operand_address_mode=same
input_d=0
tmem_columns=512
d_base_column=0
d_tile_base_delta=128
independent_d_count=4
d_reuse_distance=4
commit_interval=32
pending_mbarriers=1
wait_polling_mode=nocount
smem_base_offset=0
interference_mode=none
interference_ops_per_iter=0
interference_warps=4
elapsed_cycles=3678992
poll_count=0
max_abs_error=0.832031250
guard_ok=1
interference_sink=0.000000000

$ /xplorer/shijy/CUDA_optimazation/microbench/mma_config/04_smem_layout_address/build/tcgen05_04_smem_layout_address_bench --dtype fp16 --shape m128n128k16 --layout none --q 32 --iterations 128 --collector-protocol discard --collector-reuse 0 --ws 0 --ws-buffer-count 1 --operand-address-mode same --input-d 0 --tmem-columns 512 --d-base-column 0 --d-tile-base-delta 128 --independent-d-count 4 --d-reuse-distance 4 --commit-interval 32 --pending-mbarriers 1 --wait-mode nocount --smem-base-offset 0 --interference-mode none --interference-ops-per-iter 0 --interference-warps 4 --active-blocks 0
status=ok
experiment=04_smem_layout_address
gpu=NVIDIA Thor
compute_capability=11.0
sm_count=20
active_blocks=20
dtype=fp16
shape=m128n128k16
m=128
n=128
k=16
layout=none
q=32
iterations=128
collector_protocol=discard
collector_reuse=0
ws_mode=0
ws_buffer_count=1
operand_address_mode=same
input_d=0
tmem_columns=512
d_base_column=0
d_tile_base_delta=128
independent_d_count=4
d_reuse_distance=4
commit_interval=32
pending_mbarriers=1
wait_polling_mode=nocount
smem_base_offset=0
interference_mode=none
interference_ops_per_iter=0
interference_warps=4
elapsed_cycles=3678992
poll_count=0
max_abs_error=0.832031250
guard_ok=1
interference_sink=0.000000000

$ /xplorer/shijy/CUDA_optimazation/microbench/mma_config/04_smem_layout_address/build/tcgen05_04_smem_layout_address_bench --dtype fp16 --shape m128n256k16 --layout sw64 --q 32 --iterations 128 --collector-protocol discard --collector-reuse 0 --ws 0 --ws-buffer-count 1 --operand-address-mode same --input-d 0 --tmem-columns 512 --d-base-column 0 --d-tile-base-delta 256 --independent-d-count 2 --d-reuse-distance 2 --commit-interval 32 --pending-mbarriers 1 --wait-mode nocount --smem-base-offset 64 --interference-mode none --interference-ops-per-iter 0 --interference-warps 4 --active-blocks 0
status=cuda_error
invalid_reason=misaligned address

$ /xplorer/shijy/CUDA_optimazation/microbench/mma_config/04_smem_layout_address/build/tcgen05_04_smem_layout_address_bench --dtype fp16 --shape m128n256k16 --layout sw64 --q 32 --iterations 128 --collector-protocol discard --collector-reuse 0 --ws 0 --ws-buffer-count 1 --operand-address-mode same --input-d 0 --tmem-columns 512 --d-base-column 0 --d-tile-base-delta 256 --independent-d-count 2 --d-reuse-distance 2 --commit-interval 32 --pending-mbarriers 1 --wait-mode nocount --smem-base-offset 64 --interference-mode none --interference-ops-per-iter 0 --interference-warps 4 --active-blocks 0
status=cuda_error
invalid_reason=misaligned address

$ /xplorer/shijy/CUDA_optimazation/microbench/mma_config/04_smem_layout_address/build/tcgen05_04_smem_layout_address_bench --dtype fp16 --shape m128n256k16 --layout sw64 --q 32 --iterations 128 --collector-protocol discard --collector-reuse 0 --ws 0 --ws-buffer-count 1 --operand-address-mode same --input-d 0 --tmem-columns 512 --d-base-column 0 --d-tile-base-delta 256 --independent-d-count 2 --d-reuse-distance 2 --commit-interval 32 --pending-mbarriers 1 --wait-mode nocount --smem-base-offset 64 --interference-mode none --interference-ops-per-iter 0 --interference-warps 4 --active-blocks 0
status=cuda_error
invalid_reason=misaligned address

$ /xplorer/shijy/CUDA_optimazation/microbench/mma_config/04_smem_layout_address/build/tcgen05_04_smem_layout_address_bench --dtype fp16 --shape m128n256k16 --layout sw64 --q 32 --iterations 128 --collector-protocol discard --collector-reuse 0 --ws 0 --ws-buffer-count 1 --operand-address-mode same --input-d 0 --tmem-columns 512 --d-base-column 0 --d-tile-base-delta 256 --independent-d-count 2 --d-reuse-distance 2 --commit-interval 32 --pending-mbarriers 1 --wait-mode nocount --smem-base-offset 64 --interference-mode none --interference-ops-per-iter 0 --interference-warps 4 --active-blocks 0
status=cuda_error
invalid_reason=misaligned address

$ /xplorer/shijy/CUDA_optimazation/microbench/mma_config/04_smem_layout_address/build/tcgen05_04_smem_layout_address_bench --dtype fp16 --shape m128n256k16 --layout sw64 --q 32 --iterations 128 --collector-protocol discard --collector-reuse 0 --ws 0 --ws-buffer-count 1 --operand-address-mode same --input-d 0 --tmem-columns 512 --d-base-column 0 --d-tile-base-delta 256 --independent-d-count 2 --d-reuse-distance 2 --commit-interval 32 --pending-mbarriers 1 --wait-mode nocount --smem-base-offset 64 --interference-mode none --interference-ops-per-iter 0 --interference-warps 4 --active-blocks 0
status=cuda_error
invalid_reason=misaligned address

$ /xplorer/shijy/CUDA_optimazation/microbench/mma_config/04_smem_layout_address/build/tcgen05_04_smem_layout_address_bench --dtype fp16 --shape m128n128k16 --layout sw64 --q 32 --iterations 128 --collector-protocol discard --collector-reuse 0 --ws 0 --ws-buffer-count 1 --operand-address-mode same --input-d 0 --tmem-columns 512 --d-base-column 0 --d-tile-base-delta 128 --independent-d-count 4 --d-reuse-distance 4 --commit-interval 32 --pending-mbarriers 1 --wait-mode nocount --smem-base-offset 64 --interference-mode none --interference-ops-per-iter 0 --interference-warps 4 --active-blocks 0
status=cuda_error
invalid_reason=misaligned address

$ /xplorer/shijy/CUDA_optimazation/microbench/mma_config/04_smem_layout_address/build/tcgen05_04_smem_layout_address_bench --dtype fp16 --shape m128n128k16 --layout sw64 --q 32 --iterations 128 --collector-protocol discard --collector-reuse 0 --ws 0 --ws-buffer-count 1 --operand-address-mode same --input-d 0 --tmem-columns 512 --d-base-column 0 --d-tile-base-delta 128 --independent-d-count 4 --d-reuse-distance 4 --commit-interval 32 --pending-mbarriers 1 --wait-mode nocount --smem-base-offset 64 --interference-mode none --interference-ops-per-iter 0 --interference-warps 4 --active-blocks 0
status=cuda_error
invalid_reason=misaligned address

$ /xplorer/shijy/CUDA_optimazation/microbench/mma_config/04_smem_layout_address/build/tcgen05_04_smem_layout_address_bench --dtype fp16 --shape m128n128k16 --layout sw64 --q 32 --iterations 128 --collector-protocol discard --collector-reuse 0 --ws 0 --ws-buffer-count 1 --operand-address-mode same --input-d 0 --tmem-columns 512 --d-base-column 0 --d-tile-base-delta 128 --independent-d-count 4 --d-reuse-distance 4 --commit-interval 32 --pending-mbarriers 1 --wait-mode nocount --smem-base-offset 64 --interference-mode none --interference-ops-per-iter 0 --interference-warps 4 --active-blocks 0
status=cuda_error
invalid_reason=misaligned address

$ /xplorer/shijy/CUDA_optimazation/microbench/mma_config/04_smem_layout_address/build/tcgen05_04_smem_layout_address_bench --dtype fp16 --shape m128n128k16 --layout sw64 --q 32 --iterations 128 --collector-protocol discard --collector-reuse 0 --ws 0 --ws-buffer-count 1 --operand-address-mode same --input-d 0 --tmem-columns 512 --d-base-column 0 --d-tile-base-delta 128 --independent-d-count 4 --d-reuse-distance 4 --commit-interval 32 --pending-mbarriers 1 --wait-mode nocount --smem-base-offset 64 --interference-mode none --interference-ops-per-iter 0 --interference-warps 4 --active-blocks 0
status=cuda_error
invalid_reason=misaligned address

$ /xplorer/shijy/CUDA_optimazation/microbench/mma_config/04_smem_layout_address/build/tcgen05_04_smem_layout_address_bench --dtype fp16 --shape m128n128k16 --layout sw64 --q 32 --iterations 128 --collector-protocol discard --collector-reuse 0 --ws 0 --ws-buffer-count 1 --operand-address-mode same --input-d 0 --tmem-columns 512 --d-base-column 0 --d-tile-base-delta 128 --independent-d-count 4 --d-reuse-distance 4 --commit-interval 32 --pending-mbarriers 1 --wait-mode nocount --smem-base-offset 64 --interference-mode none --interference-ops-per-iter 0 --interference-warps 4 --active-blocks 0
status=cuda_error
invalid_reason=misaligned address

$ /xplorer/shijy/CUDA_optimazation/microbench/mma_config/04_smem_layout_address/build/tcgen05_04_smem_layout_address_bench --dtype bf16 --shape m128n128k16 --layout sw64 --q 32 --iterations 128 --collector-protocol discard --collector-reuse 0 --ws 0 --ws-buffer-count 1 --operand-address-mode same --input-d 0 --tmem-columns 512 --d-base-column 0 --d-tile-base-delta 128 --independent-d-count 4 --d-reuse-distance 4 --commit-interval 32 --pending-mbarriers 1 --wait-mode nocount --smem-base-offset 64 --interference-mode none --interference-ops-per-iter 0 --interference-warps 4 --active-blocks 0
status=cuda_error
invalid_reason=misaligned address

$ /xplorer/shijy/CUDA_optimazation/microbench/mma_config/04_smem_layout_address/build/tcgen05_04_smem_layout_address_bench --dtype bf16 --shape m128n128k16 --layout sw64 --q 32 --iterations 128 --collector-protocol discard --collector-reuse 0 --ws 0 --ws-buffer-count 1 --operand-address-mode same --input-d 0 --tmem-columns 512 --d-base-column 0 --d-tile-base-delta 128 --independent-d-count 4 --d-reuse-distance 4 --commit-interval 32 --pending-mbarriers 1 --wait-mode nocount --smem-base-offset 64 --interference-mode none --interference-ops-per-iter 0 --interference-warps 4 --active-blocks 0
status=cuda_error
invalid_reason=misaligned address

$ /xplorer/shijy/CUDA_optimazation/microbench/mma_config/04_smem_layout_address/build/tcgen05_04_smem_layout_address_bench --dtype bf16 --shape m128n128k16 --layout sw64 --q 32 --iterations 128 --collector-protocol discard --collector-reuse 0 --ws 0 --ws-buffer-count 1 --operand-address-mode same --input-d 0 --tmem-columns 512 --d-base-column 0 --d-tile-base-delta 128 --independent-d-count 4 --d-reuse-distance 4 --commit-interval 32 --pending-mbarriers 1 --wait-mode nocount --smem-base-offset 64 --interference-mode none --interference-ops-per-iter 0 --interference-warps 4 --active-blocks 0
status=cuda_error
invalid_reason=misaligned address

$ /xplorer/shijy/CUDA_optimazation/microbench/mma_config/04_smem_layout_address/build/tcgen05_04_smem_layout_address_bench --dtype bf16 --shape m128n128k16 --layout sw64 --q 32 --iterations 128 --collector-protocol discard --collector-reuse 0 --ws 0 --ws-buffer-count 1 --operand-address-mode same --input-d 0 --tmem-columns 512 --d-base-column 0 --d-tile-base-delta 128 --independent-d-count 4 --d-reuse-distance 4 --commit-interval 32 --pending-mbarriers 1 --wait-mode nocount --smem-base-offset 64 --interference-mode none --interference-ops-per-iter 0 --interference-warps 4 --active-blocks 0
status=cuda_error
invalid_reason=misaligned address

$ /xplorer/shijy/CUDA_optimazation/microbench/mma_config/04_smem_layout_address/build/tcgen05_04_smem_layout_address_bench --dtype bf16 --shape m128n128k16 --layout sw64 --q 32 --iterations 128 --collector-protocol discard --collector-reuse 0 --ws 0 --ws-buffer-count 1 --operand-address-mode same --input-d 0 --tmem-columns 512 --d-base-column 0 --d-tile-base-delta 128 --independent-d-count 4 --d-reuse-distance 4 --commit-interval 32 --pending-mbarriers 1 --wait-mode nocount --smem-base-offset 64 --interference-mode none --interference-ops-per-iter 0 --interference-warps 4 --active-blocks 0
status=cuda_error
invalid_reason=misaligned address

$ /xplorer/shijy/CUDA_optimazation/microbench/mma_config/04_smem_layout_address/build/tcgen05_04_smem_layout_address_bench --dtype bf16 --shape m128n64k16 --layout sw64 --q 32 --iterations 128 --collector-protocol discard --collector-reuse 0 --ws 0 --ws-buffer-count 1 --operand-address-mode same --input-d 0 --tmem-columns 512 --d-base-column 0 --d-tile-base-delta 64 --independent-d-count 8 --d-reuse-distance 8 --commit-interval 32 --pending-mbarriers 1 --wait-mode nocount --smem-base-offset 32 --interference-mode none --interference-ops-per-iter 0 --interference-warps 4 --active-blocks 0
status=cuda_error
invalid_reason=misaligned address

$ /xplorer/shijy/CUDA_optimazation/microbench/mma_config/04_smem_layout_address/build/tcgen05_04_smem_layout_address_bench --dtype bf16 --shape m128n64k16 --layout sw64 --q 32 --iterations 128 --collector-protocol discard --collector-reuse 0 --ws 0 --ws-buffer-count 1 --operand-address-mode same --input-d 0 --tmem-columns 512 --d-base-column 0 --d-tile-base-delta 64 --independent-d-count 8 --d-reuse-distance 8 --commit-interval 32 --pending-mbarriers 1 --wait-mode nocount --smem-base-offset 32 --interference-mode none --interference-ops-per-iter 0 --interference-warps 4 --active-blocks 0
status=cuda_error
invalid_reason=misaligned address

$ /xplorer/shijy/CUDA_optimazation/microbench/mma_config/04_smem_layout_address/build/tcgen05_04_smem_layout_address_bench --dtype bf16 --shape m128n64k16 --layout sw64 --q 32 --iterations 128 --collector-protocol discard --collector-reuse 0 --ws 0 --ws-buffer-count 1 --operand-address-mode same --input-d 0 --tmem-columns 512 --d-base-column 0 --d-tile-base-delta 64 --independent-d-count 8 --d-reuse-distance 8 --commit-interval 32 --pending-mbarriers 1 --wait-mode nocount --smem-base-offset 32 --interference-mode none --interference-ops-per-iter 0 --interference-warps 4 --active-blocks 0
status=cuda_error
invalid_reason=misaligned address

$ /xplorer/shijy/CUDA_optimazation/microbench/mma_config/04_smem_layout_address/build/tcgen05_04_smem_layout_address_bench --dtype bf16 --shape m128n64k16 --layout sw64 --q 32 --iterations 128 --collector-protocol discard --collector-reuse 0 --ws 0 --ws-buffer-count 1 --operand-address-mode same --input-d 0 --tmem-columns 512 --d-base-column 0 --d-tile-base-delta 64 --independent-d-count 8 --d-reuse-distance 8 --commit-interval 32 --pending-mbarriers 1 --wait-mode nocount --smem-base-offset 32 --interference-mode none --interference-ops-per-iter 0 --interference-warps 4 --active-blocks 0
status=cuda_error
invalid_reason=misaligned address

$ /xplorer/shijy/CUDA_optimazation/microbench/mma_config/04_smem_layout_address/build/tcgen05_04_smem_layout_address_bench --dtype bf16 --shape m128n64k16 --layout sw64 --q 32 --iterations 128 --collector-protocol discard --collector-reuse 0 --ws 0 --ws-buffer-count 1 --operand-address-mode same --input-d 0 --tmem-columns 512 --d-base-column 0 --d-tile-base-delta 64 --independent-d-count 8 --d-reuse-distance 8 --commit-interval 32 --pending-mbarriers 1 --wait-mode nocount --smem-base-offset 32 --interference-mode none --interference-ops-per-iter 0 --interference-warps 4 --active-blocks 0
status=cuda_error
invalid_reason=misaligned address

$ /xplorer/shijy/CUDA_optimazation/microbench/mma_config/04_smem_layout_address/build/tcgen05_04_smem_layout_address_bench --dtype bf16 --shape m128n256k16 --layout sw64 --q 32 --iterations 128 --collector-protocol discard --collector-reuse 0 --ws 0 --ws-buffer-count 1 --operand-address-mode same --input-d 0 --tmem-columns 512 --d-base-column 0 --d-tile-base-delta 256 --independent-d-count 2 --d-reuse-distance 2 --commit-interval 32 --pending-mbarriers 1 --wait-mode nocount --smem-base-offset 16 --interference-mode none --interference-ops-per-iter 0 --interference-warps 4 --active-blocks 0
status=cuda_error
invalid_reason=misaligned address

$ /xplorer/shijy/CUDA_optimazation/microbench/mma_config/04_smem_layout_address/build/tcgen05_04_smem_layout_address_bench --dtype bf16 --shape m128n256k16 --layout sw64 --q 32 --iterations 128 --collector-protocol discard --collector-reuse 0 --ws 0 --ws-buffer-count 1 --operand-address-mode same --input-d 0 --tmem-columns 512 --d-base-column 0 --d-tile-base-delta 256 --independent-d-count 2 --d-reuse-distance 2 --commit-interval 32 --pending-mbarriers 1 --wait-mode nocount --smem-base-offset 16 --interference-mode none --interference-ops-per-iter 0 --interference-warps 4 --active-blocks 0
status=cuda_error
invalid_reason=misaligned address

$ /xplorer/shijy/CUDA_optimazation/microbench/mma_config/04_smem_layout_address/build/tcgen05_04_smem_layout_address_bench --dtype bf16 --shape m128n256k16 --layout sw64 --q 32 --iterations 128 --collector-protocol discard --collector-reuse 0 --ws 0 --ws-buffer-count 1 --operand-address-mode same --input-d 0 --tmem-columns 512 --d-base-column 0 --d-tile-base-delta 256 --independent-d-count 2 --d-reuse-distance 2 --commit-interval 32 --pending-mbarriers 1 --wait-mode nocount --smem-base-offset 16 --interference-mode none --interference-ops-per-iter 0 --interference-warps 4 --active-blocks 0
status=cuda_error
invalid_reason=misaligned address

$ /xplorer/shijy/CUDA_optimazation/microbench/mma_config/04_smem_layout_address/build/tcgen05_04_smem_layout_address_bench --dtype bf16 --shape m128n256k16 --layout sw64 --q 32 --iterations 128 --collector-protocol discard --collector-reuse 0 --ws 0 --ws-buffer-count 1 --operand-address-mode same --input-d 0 --tmem-columns 512 --d-base-column 0 --d-tile-base-delta 256 --independent-d-count 2 --d-reuse-distance 2 --commit-interval 32 --pending-mbarriers 1 --wait-mode nocount --smem-base-offset 16 --interference-mode none --interference-ops-per-iter 0 --interference-warps 4 --active-blocks 0
status=cuda_error
invalid_reason=misaligned address

$ /xplorer/shijy/CUDA_optimazation/microbench/mma_config/04_smem_layout_address/build/tcgen05_04_smem_layout_address_bench --dtype bf16 --shape m128n256k16 --layout sw64 --q 32 --iterations 128 --collector-protocol discard --collector-reuse 0 --ws 0 --ws-buffer-count 1 --operand-address-mode same --input-d 0 --tmem-columns 512 --d-base-column 0 --d-tile-base-delta 256 --independent-d-count 2 --d-reuse-distance 2 --commit-interval 32 --pending-mbarriers 1 --wait-mode nocount --smem-base-offset 16 --interference-mode none --interference-ops-per-iter 0 --interference-warps 4 --active-blocks 0
status=cuda_error
invalid_reason=misaligned address

$ /xplorer/shijy/CUDA_optimazation/microbench/mma_config/04_smem_layout_address/build/tcgen05_04_smem_layout_address_bench --dtype bf16 --shape m128n128k16 --layout sw64 --q 32 --iterations 128 --collector-protocol discard --collector-reuse 0 --ws 0 --ws-buffer-count 1 --operand-address-mode same --input-d 0 --tmem-columns 512 --d-base-column 0 --d-tile-base-delta 128 --independent-d-count 4 --d-reuse-distance 4 --commit-interval 32 --pending-mbarriers 1 --wait-mode nocount --smem-base-offset 32 --interference-mode none --interference-ops-per-iter 0 --interference-warps 4 --active-blocks 0
status=cuda_error
invalid_reason=misaligned address

$ /xplorer/shijy/CUDA_optimazation/microbench/mma_config/04_smem_layout_address/build/tcgen05_04_smem_layout_address_bench --dtype bf16 --shape m128n128k16 --layout sw64 --q 32 --iterations 128 --collector-protocol discard --collector-reuse 0 --ws 0 --ws-buffer-count 1 --operand-address-mode same --input-d 0 --tmem-columns 512 --d-base-column 0 --d-tile-base-delta 128 --independent-d-count 4 --d-reuse-distance 4 --commit-interval 32 --pending-mbarriers 1 --wait-mode nocount --smem-base-offset 32 --interference-mode none --interference-ops-per-iter 0 --interference-warps 4 --active-blocks 0
status=cuda_error
invalid_reason=misaligned address

$ /xplorer/shijy/CUDA_optimazation/microbench/mma_config/04_smem_layout_address/build/tcgen05_04_smem_layout_address_bench --dtype bf16 --shape m128n128k16 --layout sw64 --q 32 --iterations 128 --collector-protocol discard --collector-reuse 0 --ws 0 --ws-buffer-count 1 --operand-address-mode same --input-d 0 --tmem-columns 512 --d-base-column 0 --d-tile-base-delta 128 --independent-d-count 4 --d-reuse-distance 4 --commit-interval 32 --pending-mbarriers 1 --wait-mode nocount --smem-base-offset 32 --interference-mode none --interference-ops-per-iter 0 --interference-warps 4 --active-blocks 0
status=cuda_error
invalid_reason=misaligned address

$ /xplorer/shijy/CUDA_optimazation/microbench/mma_config/04_smem_layout_address/build/tcgen05_04_smem_layout_address_bench --dtype bf16 --shape m128n128k16 --layout sw64 --q 32 --iterations 128 --collector-protocol discard --collector-reuse 0 --ws 0 --ws-buffer-count 1 --operand-address-mode same --input-d 0 --tmem-columns 512 --d-base-column 0 --d-tile-base-delta 128 --independent-d-count 4 --d-reuse-distance 4 --commit-interval 32 --pending-mbarriers 1 --wait-mode nocount --smem-base-offset 32 --interference-mode none --interference-ops-per-iter 0 --interference-warps 4 --active-blocks 0
status=cuda_error
invalid_reason=misaligned address

$ /xplorer/shijy/CUDA_optimazation/microbench/mma_config/04_smem_layout_address/build/tcgen05_04_smem_layout_address_bench --dtype bf16 --shape m128n128k16 --layout sw64 --q 32 --iterations 128 --collector-protocol discard --collector-reuse 0 --ws 0 --ws-buffer-count 1 --operand-address-mode same --input-d 0 --tmem-columns 512 --d-base-column 0 --d-tile-base-delta 128 --independent-d-count 4 --d-reuse-distance 4 --commit-interval 32 --pending-mbarriers 1 --wait-mode nocount --smem-base-offset 32 --interference-mode none --interference-ops-per-iter 0 --interference-warps 4 --active-blocks 0
status=cuda_error
invalid_reason=misaligned address

$ /xplorer/shijy/CUDA_optimazation/microbench/mma_config/04_smem_layout_address/build/tcgen05_04_smem_layout_address_bench --dtype bf16 --shape m128n256k16 --layout sw64 --q 32 --iterations 128 --collector-protocol discard --collector-reuse 0 --ws 0 --ws-buffer-count 1 --operand-address-mode same --input-d 0 --tmem-columns 512 --d-base-column 0 --d-tile-base-delta 256 --independent-d-count 2 --d-reuse-distance 2 --commit-interval 32 --pending-mbarriers 1 --wait-mode nocount --smem-base-offset 32 --interference-mode none --interference-ops-per-iter 0 --interference-warps 4 --active-blocks 0
status=cuda_error
invalid_reason=misaligned address

$ /xplorer/shijy/CUDA_optimazation/microbench/mma_config/04_smem_layout_address/build/tcgen05_04_smem_layout_address_bench --dtype bf16 --shape m128n256k16 --layout sw64 --q 32 --iterations 128 --collector-protocol discard --collector-reuse 0 --ws 0 --ws-buffer-count 1 --operand-address-mode same --input-d 0 --tmem-columns 512 --d-base-column 0 --d-tile-base-delta 256 --independent-d-count 2 --d-reuse-distance 2 --commit-interval 32 --pending-mbarriers 1 --wait-mode nocount --smem-base-offset 32 --interference-mode none --interference-ops-per-iter 0 --interference-warps 4 --active-blocks 0
status=cuda_error
invalid_reason=misaligned address

$ /xplorer/shijy/CUDA_optimazation/microbench/mma_config/04_smem_layout_address/build/tcgen05_04_smem_layout_address_bench --dtype bf16 --shape m128n256k16 --layout sw64 --q 32 --iterations 128 --collector-protocol discard --collector-reuse 0 --ws 0 --ws-buffer-count 1 --operand-address-mode same --input-d 0 --tmem-columns 512 --d-base-column 0 --d-tile-base-delta 256 --independent-d-count 2 --d-reuse-distance 2 --commit-interval 32 --pending-mbarriers 1 --wait-mode nocount --smem-base-offset 32 --interference-mode none --interference-ops-per-iter 0 --interference-warps 4 --active-blocks 0
status=cuda_error
invalid_reason=misaligned address

$ /xplorer/shijy/CUDA_optimazation/microbench/mma_config/04_smem_layout_address/build/tcgen05_04_smem_layout_address_bench --dtype bf16 --shape m128n256k16 --layout sw64 --q 32 --iterations 128 --collector-protocol discard --collector-reuse 0 --ws 0 --ws-buffer-count 1 --operand-address-mode same --input-d 0 --tmem-columns 512 --d-base-column 0 --d-tile-base-delta 256 --independent-d-count 2 --d-reuse-distance 2 --commit-interval 32 --pending-mbarriers 1 --wait-mode nocount --smem-base-offset 32 --interference-mode none --interference-ops-per-iter 0 --interference-warps 4 --active-blocks 0
status=cuda_error
invalid_reason=misaligned address

$ /xplorer/shijy/CUDA_optimazation/microbench/mma_config/04_smem_layout_address/build/tcgen05_04_smem_layout_address_bench --dtype bf16 --shape m128n256k16 --layout sw64 --q 32 --iterations 128 --collector-protocol discard --collector-reuse 0 --ws 0 --ws-buffer-count 1 --operand-address-mode same --input-d 0 --tmem-columns 512 --d-base-column 0 --d-tile-base-delta 256 --independent-d-count 2 --d-reuse-distance 2 --commit-interval 32 --pending-mbarriers 1 --wait-mode nocount --smem-base-offset 32 --interference-mode none --interference-ops-per-iter 0 --interference-warps 4 --active-blocks 0
status=cuda_error
invalid_reason=misaligned address

$ /xplorer/shijy/CUDA_optimazation/microbench/mma_config/04_smem_layout_address/build/tcgen05_04_smem_layout_address_bench --dtype fp16 --shape m128n128k16 --layout sw32 --q 32 --iterations 128 --collector-protocol discard --collector-reuse 0 --ws 0 --ws-buffer-count 1 --operand-address-mode same --input-d 0 --tmem-columns 512 --d-base-column 0 --d-tile-base-delta 128 --independent-d-count 4 --d-reuse-distance 4 --commit-interval 32 --pending-mbarriers 1 --wait-mode nocount --smem-base-offset 64 --interference-mode none --interference-ops-per-iter 0 --interference-warps 4 --active-blocks 0
status=cuda_error
invalid_reason=misaligned address

$ /xplorer/shijy/CUDA_optimazation/microbench/mma_config/04_smem_layout_address/build/tcgen05_04_smem_layout_address_bench --dtype fp16 --shape m128n128k16 --layout sw32 --q 32 --iterations 128 --collector-protocol discard --collector-reuse 0 --ws 0 --ws-buffer-count 1 --operand-address-mode same --input-d 0 --tmem-columns 512 --d-base-column 0 --d-tile-base-delta 128 --independent-d-count 4 --d-reuse-distance 4 --commit-interval 32 --pending-mbarriers 1 --wait-mode nocount --smem-base-offset 64 --interference-mode none --interference-ops-per-iter 0 --interference-warps 4 --active-blocks 0
status=cuda_error
invalid_reason=misaligned address

$ /xplorer/shijy/CUDA_optimazation/microbench/mma_config/04_smem_layout_address/build/tcgen05_04_smem_layout_address_bench --dtype fp16 --shape m128n128k16 --layout sw32 --q 32 --iterations 128 --collector-protocol discard --collector-reuse 0 --ws 0 --ws-buffer-count 1 --operand-address-mode same --input-d 0 --tmem-columns 512 --d-base-column 0 --d-tile-base-delta 128 --independent-d-count 4 --d-reuse-distance 4 --commit-interval 32 --pending-mbarriers 1 --wait-mode nocount --smem-base-offset 64 --interference-mode none --interference-ops-per-iter 0 --interference-warps 4 --active-blocks 0
status=cuda_error
invalid_reason=misaligned address

$ /xplorer/shijy/CUDA_optimazation/microbench/mma_config/04_smem_layout_address/build/tcgen05_04_smem_layout_address_bench --dtype fp16 --shape m128n128k16 --layout sw32 --q 32 --iterations 128 --collector-protocol discard --collector-reuse 0 --ws 0 --ws-buffer-count 1 --operand-address-mode same --input-d 0 --tmem-columns 512 --d-base-column 0 --d-tile-base-delta 128 --independent-d-count 4 --d-reuse-distance 4 --commit-interval 32 --pending-mbarriers 1 --wait-mode nocount --smem-base-offset 64 --interference-mode none --interference-ops-per-iter 0 --interference-warps 4 --active-blocks 0
status=cuda_error
invalid_reason=misaligned address

$ /xplorer/shijy/CUDA_optimazation/microbench/mma_config/04_smem_layout_address/build/tcgen05_04_smem_layout_address_bench --dtype fp16 --shape m128n128k16 --layout sw32 --q 32 --iterations 128 --collector-protocol discard --collector-reuse 0 --ws 0 --ws-buffer-count 1 --operand-address-mode same --input-d 0 --tmem-columns 512 --d-base-column 0 --d-tile-base-delta 128 --independent-d-count 4 --d-reuse-distance 4 --commit-interval 32 --pending-mbarriers 1 --wait-mode nocount --smem-base-offset 64 --interference-mode none --interference-ops-per-iter 0 --interference-warps 4 --active-blocks 0
status=cuda_error
invalid_reason=misaligned address

$ /xplorer/shijy/CUDA_optimazation/microbench/mma_config/04_smem_layout_address/build/tcgen05_04_smem_layout_address_bench --dtype bf16 --shape m128n256k16 --layout none --q 32 --iterations 128 --collector-protocol discard --collector-reuse 0 --ws 0 --ws-buffer-count 1 --operand-address-mode same --input-d 0 --tmem-columns 512 --d-base-column 0 --d-tile-base-delta 256 --independent-d-count 2 --d-reuse-distance 2 --commit-interval 32 --pending-mbarriers 1 --wait-mode nocount --smem-base-offset 256 --interference-mode none --interference-ops-per-iter 0 --interference-warps 4 --active-blocks 0
status=ok
experiment=04_smem_layout_address
gpu=NVIDIA Thor
compute_capability=11.0
sm_count=20
active_blocks=20
dtype=bf16
shape=m128n256k16
m=128
n=256
k=16
layout=none
q=32
iterations=128
collector_protocol=discard
collector_reuse=0
ws_mode=0
ws_buffer_count=1
operand_address_mode=same
input_d=0
tmem_columns=512
d_base_column=0
d_tile_base_delta=256
independent_d_count=2
d_reuse_distance=2
commit_interval=32
pending_mbarriers=1
wait_polling_mode=nocount
smem_base_offset=256
interference_mode=none
interference_ops_per_iter=0
interference_warps=4
elapsed_cycles=3678178
poll_count=0
max_abs_error=0.832031250
guard_ok=1
interference_sink=0.000000000

$ /xplorer/shijy/CUDA_optimazation/microbench/mma_config/04_smem_layout_address/build/tcgen05_04_smem_layout_address_bench --dtype bf16 --shape m128n256k16 --layout none --q 32 --iterations 128 --collector-protocol discard --collector-reuse 0 --ws 0 --ws-buffer-count 1 --operand-address-mode same --input-d 0 --tmem-columns 512 --d-base-column 0 --d-tile-base-delta 256 --independent-d-count 2 --d-reuse-distance 2 --commit-interval 32 --pending-mbarriers 1 --wait-mode nocount --smem-base-offset 256 --interference-mode none --interference-ops-per-iter 0 --interference-warps 4 --active-blocks 0
status=ok
experiment=04_smem_layout_address
gpu=NVIDIA Thor
compute_capability=11.0
sm_count=20
active_blocks=20
dtype=bf16
shape=m128n256k16
m=128
n=256
k=16
layout=none
q=32
iterations=128
collector_protocol=discard
collector_reuse=0
ws_mode=0
ws_buffer_count=1
operand_address_mode=same
input_d=0
tmem_columns=512
d_base_column=0
d_tile_base_delta=256
independent_d_count=2
d_reuse_distance=2
commit_interval=32
pending_mbarriers=1
wait_polling_mode=nocount
smem_base_offset=256
interference_mode=none
interference_ops_per_iter=0
interference_warps=4
elapsed_cycles=3678180
poll_count=0
max_abs_error=0.832031250
guard_ok=1
interference_sink=0.000000000

$ /xplorer/shijy/CUDA_optimazation/microbench/mma_config/04_smem_layout_address/build/tcgen05_04_smem_layout_address_bench --dtype bf16 --shape m128n256k16 --layout none --q 32 --iterations 128 --collector-protocol discard --collector-reuse 0 --ws 0 --ws-buffer-count 1 --operand-address-mode same --input-d 0 --tmem-columns 512 --d-base-column 0 --d-tile-base-delta 256 --independent-d-count 2 --d-reuse-distance 2 --commit-interval 32 --pending-mbarriers 1 --wait-mode nocount --smem-base-offset 256 --interference-mode none --interference-ops-per-iter 0 --interference-warps 4 --active-blocks 0
status=ok
experiment=04_smem_layout_address
gpu=NVIDIA Thor
compute_capability=11.0
sm_count=20
active_blocks=20
dtype=bf16
shape=m128n256k16
m=128
n=256
k=16
layout=none
q=32
iterations=128
collector_protocol=discard
collector_reuse=0
ws_mode=0
ws_buffer_count=1
operand_address_mode=same
input_d=0
tmem_columns=512
d_base_column=0
d_tile_base_delta=256
independent_d_count=2
d_reuse_distance=2
commit_interval=32
pending_mbarriers=1
wait_polling_mode=nocount
smem_base_offset=256
interference_mode=none
interference_ops_per_iter=0
interference_warps=4
elapsed_cycles=3678179
poll_count=0
max_abs_error=0.832031250
guard_ok=1
interference_sink=0.000000000

$ /xplorer/shijy/CUDA_optimazation/microbench/mma_config/04_smem_layout_address/build/tcgen05_04_smem_layout_address_bench --dtype bf16 --shape m128n256k16 --layout none --q 32 --iterations 128 --collector-protocol discard --collector-reuse 0 --ws 0 --ws-buffer-count 1 --operand-address-mode same --input-d 0 --tmem-columns 512 --d-base-column 0 --d-tile-base-delta 256 --independent-d-count 2 --d-reuse-distance 2 --commit-interval 32 --pending-mbarriers 1 --wait-mode nocount --smem-base-offset 256 --interference-mode none --interference-ops-per-iter 0 --interference-warps 4 --active-blocks 0
status=ok
experiment=04_smem_layout_address
gpu=NVIDIA Thor
compute_capability=11.0
sm_count=20
active_blocks=20
dtype=bf16
shape=m128n256k16
m=128
n=256
k=16
layout=none
q=32
iterations=128
collector_protocol=discard
collector_reuse=0
ws_mode=0
ws_buffer_count=1
operand_address_mode=same
input_d=0
tmem_columns=512
d_base_column=0
d_tile_base_delta=256
independent_d_count=2
d_reuse_distance=2
commit_interval=32
pending_mbarriers=1
wait_polling_mode=nocount
smem_base_offset=256
interference_mode=none
interference_ops_per_iter=0
interference_warps=4
elapsed_cycles=3678181
poll_count=0
max_abs_error=0.832031250
guard_ok=1
interference_sink=0.000000000

$ /xplorer/shijy/CUDA_optimazation/microbench/mma_config/04_smem_layout_address/build/tcgen05_04_smem_layout_address_bench --dtype bf16 --shape m128n256k16 --layout none --q 32 --iterations 128 --collector-protocol discard --collector-reuse 0 --ws 0 --ws-buffer-count 1 --operand-address-mode same --input-d 0 --tmem-columns 512 --d-base-column 0 --d-tile-base-delta 256 --independent-d-count 2 --d-reuse-distance 2 --commit-interval 32 --pending-mbarriers 1 --wait-mode nocount --smem-base-offset 256 --interference-mode none --interference-ops-per-iter 0 --interference-warps 4 --active-blocks 0
status=ok
experiment=04_smem_layout_address
gpu=NVIDIA Thor
compute_capability=11.0
sm_count=20
active_blocks=20
dtype=bf16
shape=m128n256k16
m=128
n=256
k=16
layout=none
q=32
iterations=128
collector_protocol=discard
collector_reuse=0
ws_mode=0
ws_buffer_count=1
operand_address_mode=same
input_d=0
tmem_columns=512
d_base_column=0
d_tile_base_delta=256
independent_d_count=2
d_reuse_distance=2
commit_interval=32
pending_mbarriers=1
wait_polling_mode=nocount
smem_base_offset=256
interference_mode=none
interference_ops_per_iter=0
interference_warps=4
elapsed_cycles=3678180
poll_count=0
max_abs_error=0.832031250
guard_ok=1
interference_sink=0.000000000

$ /xplorer/shijy/CUDA_optimazation/microbench/mma_config/04_smem_layout_address/build/tcgen05_04_smem_layout_address_bench --dtype fp16 --shape m128n64k16 --layout none --q 32 --iterations 128 --collector-protocol discard --collector-reuse 0 --ws 0 --ws-buffer-count 1 --operand-address-mode same --input-d 0 --tmem-columns 512 --d-base-column 0 --d-tile-base-delta 64 --independent-d-count 8 --d-reuse-distance 8 --commit-interval 32 --pending-mbarriers 1 --wait-mode nocount --smem-base-offset 256 --interference-mode none --interference-ops-per-iter 0 --interference-warps 4 --active-blocks 0
status=ok
experiment=04_smem_layout_address
gpu=NVIDIA Thor
compute_capability=11.0
sm_count=20
active_blocks=20
dtype=fp16
shape=m128n64k16
m=128
n=64
k=16
layout=none
q=32
iterations=128
collector_protocol=discard
collector_reuse=0
ws_mode=0
ws_buffer_count=1
operand_address_mode=same
input_d=0
tmem_columns=512
d_base_column=0
d_tile_base_delta=64
independent_d_count=8
d_reuse_distance=8
commit_interval=32
pending_mbarriers=1
wait_polling_mode=nocount
smem_base_offset=256
interference_mode=none
interference_ops_per_iter=0
interference_warps=4
elapsed_cycles=3678579
poll_count=0
max_abs_error=0.832031250
guard_ok=1
interference_sink=0.000000000

$ /xplorer/shijy/CUDA_optimazation/microbench/mma_config/04_smem_layout_address/build/tcgen05_04_smem_layout_address_bench --dtype fp16 --shape m128n64k16 --layout none --q 32 --iterations 128 --collector-protocol discard --collector-reuse 0 --ws 0 --ws-buffer-count 1 --operand-address-mode same --input-d 0 --tmem-columns 512 --d-base-column 0 --d-tile-base-delta 64 --independent-d-count 8 --d-reuse-distance 8 --commit-interval 32 --pending-mbarriers 1 --wait-mode nocount --smem-base-offset 256 --interference-mode none --interference-ops-per-iter 0 --interference-warps 4 --active-blocks 0
status=ok
experiment=04_smem_layout_address
gpu=NVIDIA Thor
compute_capability=11.0
sm_count=20
active_blocks=20
dtype=fp16
shape=m128n64k16
m=128
n=64
k=16
layout=none
q=32
iterations=128
collector_protocol=discard
collector_reuse=0
ws_mode=0
ws_buffer_count=1
operand_address_mode=same
input_d=0
tmem_columns=512
d_base_column=0
d_tile_base_delta=64
independent_d_count=8
d_reuse_distance=8
commit_interval=32
pending_mbarriers=1
wait_polling_mode=nocount
smem_base_offset=256
interference_mode=none
interference_ops_per_iter=0
interference_warps=4
elapsed_cycles=3678580
poll_count=0
max_abs_error=0.832031250
guard_ok=1
interference_sink=0.000000000

$ /xplorer/shijy/CUDA_optimazation/microbench/mma_config/04_smem_layout_address/build/tcgen05_04_smem_layout_address_bench --dtype fp16 --shape m128n64k16 --layout none --q 32 --iterations 128 --collector-protocol discard --collector-reuse 0 --ws 0 --ws-buffer-count 1 --operand-address-mode same --input-d 0 --tmem-columns 512 --d-base-column 0 --d-tile-base-delta 64 --independent-d-count 8 --d-reuse-distance 8 --commit-interval 32 --pending-mbarriers 1 --wait-mode nocount --smem-base-offset 256 --interference-mode none --interference-ops-per-iter 0 --interference-warps 4 --active-blocks 0
status=ok
experiment=04_smem_layout_address
gpu=NVIDIA Thor
compute_capability=11.0
sm_count=20
active_blocks=20
dtype=fp16
shape=m128n64k16
m=128
n=64
k=16
layout=none
q=32
iterations=128
collector_protocol=discard
collector_reuse=0
ws_mode=0
ws_buffer_count=1
operand_address_mode=same
input_d=0
tmem_columns=512
d_base_column=0
d_tile_base_delta=64
independent_d_count=8
d_reuse_distance=8
commit_interval=32
pending_mbarriers=1
wait_polling_mode=nocount
smem_base_offset=256
interference_mode=none
interference_ops_per_iter=0
interference_warps=4
elapsed_cycles=3678581
poll_count=0
max_abs_error=0.832031250
guard_ok=1
interference_sink=0.000000000

$ /xplorer/shijy/CUDA_optimazation/microbench/mma_config/04_smem_layout_address/build/tcgen05_04_smem_layout_address_bench --dtype fp16 --shape m128n64k16 --layout none --q 32 --iterations 128 --collector-protocol discard --collector-reuse 0 --ws 0 --ws-buffer-count 1 --operand-address-mode same --input-d 0 --tmem-columns 512 --d-base-column 0 --d-tile-base-delta 64 --independent-d-count 8 --d-reuse-distance 8 --commit-interval 32 --pending-mbarriers 1 --wait-mode nocount --smem-base-offset 256 --interference-mode none --interference-ops-per-iter 0 --interference-warps 4 --active-blocks 0
status=ok
experiment=04_smem_layout_address
gpu=NVIDIA Thor
compute_capability=11.0
sm_count=20
active_blocks=20
dtype=fp16
shape=m128n64k16
m=128
n=64
k=16
layout=none
q=32
iterations=128
collector_protocol=discard
collector_reuse=0
ws_mode=0
ws_buffer_count=1
operand_address_mode=same
input_d=0
tmem_columns=512
d_base_column=0
d_tile_base_delta=64
independent_d_count=8
d_reuse_distance=8
commit_interval=32
pending_mbarriers=1
wait_polling_mode=nocount
smem_base_offset=256
interference_mode=none
interference_ops_per_iter=0
interference_warps=4
elapsed_cycles=3678584
poll_count=0
max_abs_error=0.832031250
guard_ok=1
interference_sink=0.000000000

$ /xplorer/shijy/CUDA_optimazation/microbench/mma_config/04_smem_layout_address/build/tcgen05_04_smem_layout_address_bench --dtype fp16 --shape m128n64k16 --layout none --q 32 --iterations 128 --collector-protocol discard --collector-reuse 0 --ws 0 --ws-buffer-count 1 --operand-address-mode same --input-d 0 --tmem-columns 512 --d-base-column 0 --d-tile-base-delta 64 --independent-d-count 8 --d-reuse-distance 8 --commit-interval 32 --pending-mbarriers 1 --wait-mode nocount --smem-base-offset 256 --interference-mode none --interference-ops-per-iter 0 --interference-warps 4 --active-blocks 0
status=ok
experiment=04_smem_layout_address
gpu=NVIDIA Thor
compute_capability=11.0
sm_count=20
active_blocks=20
dtype=fp16
shape=m128n64k16
m=128
n=64
k=16
layout=none
q=32
iterations=128
collector_protocol=discard
collector_reuse=0
ws_mode=0
ws_buffer_count=1
operand_address_mode=same
input_d=0
tmem_columns=512
d_base_column=0
d_tile_base_delta=64
independent_d_count=8
d_reuse_distance=8
commit_interval=32
pending_mbarriers=1
wait_polling_mode=nocount
smem_base_offset=256
interference_mode=none
interference_ops_per_iter=0
interference_warps=4
elapsed_cycles=3678576
poll_count=0
max_abs_error=0.832031250
guard_ok=1
interference_sink=0.000000000

$ /xplorer/shijy/CUDA_optimazation/microbench/mma_config/04_smem_layout_address/build/tcgen05_04_smem_layout_address_bench --dtype fp16 --shape m128n128k16 --layout sw128 --q 32 --iterations 128 --collector-protocol discard --collector-reuse 0 --ws 0 --ws-buffer-count 1 --operand-address-mode same --input-d 0 --tmem-columns 512 --d-base-column 0 --d-tile-base-delta 128 --independent-d-count 4 --d-reuse-distance 4 --commit-interval 32 --pending-mbarriers 1 --wait-mode nocount --smem-base-offset 64 --interference-mode none --interference-ops-per-iter 0 --interference-warps 4 --active-blocks 0
status=cuda_error
invalid_reason=misaligned address

$ /xplorer/shijy/CUDA_optimazation/microbench/mma_config/04_smem_layout_address/build/tcgen05_04_smem_layout_address_bench --dtype fp16 --shape m128n128k16 --layout sw128 --q 32 --iterations 128 --collector-protocol discard --collector-reuse 0 --ws 0 --ws-buffer-count 1 --operand-address-mode same --input-d 0 --tmem-columns 512 --d-base-column 0 --d-tile-base-delta 128 --independent-d-count 4 --d-reuse-distance 4 --commit-interval 32 --pending-mbarriers 1 --wait-mode nocount --smem-base-offset 64 --interference-mode none --interference-ops-per-iter 0 --interference-warps 4 --active-blocks 0
status=cuda_error
invalid_reason=misaligned address

$ /xplorer/shijy/CUDA_optimazation/microbench/mma_config/04_smem_layout_address/build/tcgen05_04_smem_layout_address_bench --dtype fp16 --shape m128n128k16 --layout sw128 --q 32 --iterations 128 --collector-protocol discard --collector-reuse 0 --ws 0 --ws-buffer-count 1 --operand-address-mode same --input-d 0 --tmem-columns 512 --d-base-column 0 --d-tile-base-delta 128 --independent-d-count 4 --d-reuse-distance 4 --commit-interval 32 --pending-mbarriers 1 --wait-mode nocount --smem-base-offset 64 --interference-mode none --interference-ops-per-iter 0 --interference-warps 4 --active-blocks 0
status=cuda_error
invalid_reason=misaligned address

$ /xplorer/shijy/CUDA_optimazation/microbench/mma_config/04_smem_layout_address/build/tcgen05_04_smem_layout_address_bench --dtype fp16 --shape m128n128k16 --layout sw128 --q 32 --iterations 128 --collector-protocol discard --collector-reuse 0 --ws 0 --ws-buffer-count 1 --operand-address-mode same --input-d 0 --tmem-columns 512 --d-base-column 0 --d-tile-base-delta 128 --independent-d-count 4 --d-reuse-distance 4 --commit-interval 32 --pending-mbarriers 1 --wait-mode nocount --smem-base-offset 64 --interference-mode none --interference-ops-per-iter 0 --interference-warps 4 --active-blocks 0
status=cuda_error
invalid_reason=misaligned address

$ /xplorer/shijy/CUDA_optimazation/microbench/mma_config/04_smem_layout_address/build/tcgen05_04_smem_layout_address_bench --dtype fp16 --shape m128n128k16 --layout sw128 --q 32 --iterations 128 --collector-protocol discard --collector-reuse 0 --ws 0 --ws-buffer-count 1 --operand-address-mode same --input-d 0 --tmem-columns 512 --d-base-column 0 --d-tile-base-delta 128 --independent-d-count 4 --d-reuse-distance 4 --commit-interval 32 --pending-mbarriers 1 --wait-mode nocount --smem-base-offset 64 --interference-mode none --interference-ops-per-iter 0 --interference-warps 4 --active-blocks 0
status=cuda_error
invalid_reason=misaligned address

$ /xplorer/shijy/CUDA_optimazation/microbench/mma_config/04_smem_layout_address/build/tcgen05_04_smem_layout_address_bench --dtype bf16 --shape m128n64k16 --layout sw32 --q 32 --iterations 128 --collector-protocol discard --collector-reuse 0 --ws 0 --ws-buffer-count 1 --operand-address-mode same --input-d 0 --tmem-columns 512 --d-base-column 0 --d-tile-base-delta 64 --independent-d-count 8 --d-reuse-distance 8 --commit-interval 32 --pending-mbarriers 1 --wait-mode nocount --smem-base-offset 64 --interference-mode none --interference-ops-per-iter 0 --interference-warps 4 --active-blocks 0
status=cuda_error
invalid_reason=misaligned address

$ /xplorer/shijy/CUDA_optimazation/microbench/mma_config/04_smem_layout_address/build/tcgen05_04_smem_layout_address_bench --dtype bf16 --shape m128n64k16 --layout sw32 --q 32 --iterations 128 --collector-protocol discard --collector-reuse 0 --ws 0 --ws-buffer-count 1 --operand-address-mode same --input-d 0 --tmem-columns 512 --d-base-column 0 --d-tile-base-delta 64 --independent-d-count 8 --d-reuse-distance 8 --commit-interval 32 --pending-mbarriers 1 --wait-mode nocount --smem-base-offset 64 --interference-mode none --interference-ops-per-iter 0 --interference-warps 4 --active-blocks 0
status=cuda_error
invalid_reason=misaligned address

$ /xplorer/shijy/CUDA_optimazation/microbench/mma_config/04_smem_layout_address/build/tcgen05_04_smem_layout_address_bench --dtype bf16 --shape m128n64k16 --layout sw32 --q 32 --iterations 128 --collector-protocol discard --collector-reuse 0 --ws 0 --ws-buffer-count 1 --operand-address-mode same --input-d 0 --tmem-columns 512 --d-base-column 0 --d-tile-base-delta 64 --independent-d-count 8 --d-reuse-distance 8 --commit-interval 32 --pending-mbarriers 1 --wait-mode nocount --smem-base-offset 64 --interference-mode none --interference-ops-per-iter 0 --interference-warps 4 --active-blocks 0
status=cuda_error
invalid_reason=misaligned address

$ /xplorer/shijy/CUDA_optimazation/microbench/mma_config/04_smem_layout_address/build/tcgen05_04_smem_layout_address_bench --dtype bf16 --shape m128n64k16 --layout sw32 --q 32 --iterations 128 --collector-protocol discard --collector-reuse 0 --ws 0 --ws-buffer-count 1 --operand-address-mode same --input-d 0 --tmem-columns 512 --d-base-column 0 --d-tile-base-delta 64 --independent-d-count 8 --d-reuse-distance 8 --commit-interval 32 --pending-mbarriers 1 --wait-mode nocount --smem-base-offset 64 --interference-mode none --interference-ops-per-iter 0 --interference-warps 4 --active-blocks 0
status=cuda_error
invalid_reason=misaligned address

$ /xplorer/shijy/CUDA_optimazation/microbench/mma_config/04_smem_layout_address/build/tcgen05_04_smem_layout_address_bench --dtype bf16 --shape m128n64k16 --layout sw32 --q 32 --iterations 128 --collector-protocol discard --collector-reuse 0 --ws 0 --ws-buffer-count 1 --operand-address-mode same --input-d 0 --tmem-columns 512 --d-base-column 0 --d-tile-base-delta 64 --independent-d-count 8 --d-reuse-distance 8 --commit-interval 32 --pending-mbarriers 1 --wait-mode nocount --smem-base-offset 64 --interference-mode none --interference-ops-per-iter 0 --interference-warps 4 --active-blocks 0
status=cuda_error
invalid_reason=misaligned address

$ /xplorer/shijy/CUDA_optimazation/microbench/mma_config/04_smem_layout_address/build/tcgen05_04_smem_layout_address_bench --dtype fp16 --shape m128n64k16 --layout sw64 --q 32 --iterations 128 --collector-protocol discard --collector-reuse 0 --ws 0 --ws-buffer-count 1 --operand-address-mode same --input-d 0 --tmem-columns 512 --d-base-column 0 --d-tile-base-delta 64 --independent-d-count 8 --d-reuse-distance 8 --commit-interval 32 --pending-mbarriers 1 --wait-mode nocount --smem-base-offset 64 --interference-mode none --interference-ops-per-iter 0 --interference-warps 4 --active-blocks 0
status=cuda_error
invalid_reason=misaligned address

$ /xplorer/shijy/CUDA_optimazation/microbench/mma_config/04_smem_layout_address/build/tcgen05_04_smem_layout_address_bench --dtype fp16 --shape m128n64k16 --layout sw64 --q 32 --iterations 128 --collector-protocol discard --collector-reuse 0 --ws 0 --ws-buffer-count 1 --operand-address-mode same --input-d 0 --tmem-columns 512 --d-base-column 0 --d-tile-base-delta 64 --independent-d-count 8 --d-reuse-distance 8 --commit-interval 32 --pending-mbarriers 1 --wait-mode nocount --smem-base-offset 64 --interference-mode none --interference-ops-per-iter 0 --interference-warps 4 --active-blocks 0
status=cuda_error
invalid_reason=misaligned address

$ /xplorer/shijy/CUDA_optimazation/microbench/mma_config/04_smem_layout_address/build/tcgen05_04_smem_layout_address_bench --dtype fp16 --shape m128n64k16 --layout sw64 --q 32 --iterations 128 --collector-protocol discard --collector-reuse 0 --ws 0 --ws-buffer-count 1 --operand-address-mode same --input-d 0 --tmem-columns 512 --d-base-column 0 --d-tile-base-delta 64 --independent-d-count 8 --d-reuse-distance 8 --commit-interval 32 --pending-mbarriers 1 --wait-mode nocount --smem-base-offset 64 --interference-mode none --interference-ops-per-iter 0 --interference-warps 4 --active-blocks 0
status=cuda_error
invalid_reason=misaligned address

$ /xplorer/shijy/CUDA_optimazation/microbench/mma_config/04_smem_layout_address/build/tcgen05_04_smem_layout_address_bench --dtype fp16 --shape m128n64k16 --layout sw64 --q 32 --iterations 128 --collector-protocol discard --collector-reuse 0 --ws 0 --ws-buffer-count 1 --operand-address-mode same --input-d 0 --tmem-columns 512 --d-base-column 0 --d-tile-base-delta 64 --independent-d-count 8 --d-reuse-distance 8 --commit-interval 32 --pending-mbarriers 1 --wait-mode nocount --smem-base-offset 64 --interference-mode none --interference-ops-per-iter 0 --interference-warps 4 --active-blocks 0
status=cuda_error
invalid_reason=misaligned address

$ /xplorer/shijy/CUDA_optimazation/microbench/mma_config/04_smem_layout_address/build/tcgen05_04_smem_layout_address_bench --dtype fp16 --shape m128n64k16 --layout sw64 --q 32 --iterations 128 --collector-protocol discard --collector-reuse 0 --ws 0 --ws-buffer-count 1 --operand-address-mode same --input-d 0 --tmem-columns 512 --d-base-column 0 --d-tile-base-delta 64 --independent-d-count 8 --d-reuse-distance 8 --commit-interval 32 --pending-mbarriers 1 --wait-mode nocount --smem-base-offset 64 --interference-mode none --interference-ops-per-iter 0 --interference-warps 4 --active-blocks 0
status=cuda_error
invalid_reason=misaligned address

$ /xplorer/shijy/CUDA_optimazation/microbench/mma_config/04_smem_layout_address/build/tcgen05_04_smem_layout_address_bench --dtype fp16 --shape m128n256k16 --layout none --q 32 --iterations 128 --collector-protocol discard --collector-reuse 0 --ws 0 --ws-buffer-count 1 --operand-address-mode same --input-d 0 --tmem-columns 512 --d-base-column 0 --d-tile-base-delta 256 --independent-d-count 2 --d-reuse-distance 2 --commit-interval 32 --pending-mbarriers 1 --wait-mode nocount --smem-base-offset 32 --interference-mode none --interference-ops-per-iter 0 --interference-warps 4 --active-blocks 0
status=cuda_error
invalid_reason=misaligned address

$ /xplorer/shijy/CUDA_optimazation/microbench/mma_config/04_smem_layout_address/build/tcgen05_04_smem_layout_address_bench --dtype fp16 --shape m128n256k16 --layout none --q 32 --iterations 128 --collector-protocol discard --collector-reuse 0 --ws 0 --ws-buffer-count 1 --operand-address-mode same --input-d 0 --tmem-columns 512 --d-base-column 0 --d-tile-base-delta 256 --independent-d-count 2 --d-reuse-distance 2 --commit-interval 32 --pending-mbarriers 1 --wait-mode nocount --smem-base-offset 32 --interference-mode none --interference-ops-per-iter 0 --interference-warps 4 --active-blocks 0
status=cuda_error
invalid_reason=misaligned address

$ /xplorer/shijy/CUDA_optimazation/microbench/mma_config/04_smem_layout_address/build/tcgen05_04_smem_layout_address_bench --dtype fp16 --shape m128n256k16 --layout none --q 32 --iterations 128 --collector-protocol discard --collector-reuse 0 --ws 0 --ws-buffer-count 1 --operand-address-mode same --input-d 0 --tmem-columns 512 --d-base-column 0 --d-tile-base-delta 256 --independent-d-count 2 --d-reuse-distance 2 --commit-interval 32 --pending-mbarriers 1 --wait-mode nocount --smem-base-offset 32 --interference-mode none --interference-ops-per-iter 0 --interference-warps 4 --active-blocks 0
status=cuda_error
invalid_reason=misaligned address

$ /xplorer/shijy/CUDA_optimazation/microbench/mma_config/04_smem_layout_address/build/tcgen05_04_smem_layout_address_bench --dtype fp16 --shape m128n256k16 --layout none --q 32 --iterations 128 --collector-protocol discard --collector-reuse 0 --ws 0 --ws-buffer-count 1 --operand-address-mode same --input-d 0 --tmem-columns 512 --d-base-column 0 --d-tile-base-delta 256 --independent-d-count 2 --d-reuse-distance 2 --commit-interval 32 --pending-mbarriers 1 --wait-mode nocount --smem-base-offset 32 --interference-mode none --interference-ops-per-iter 0 --interference-warps 4 --active-blocks 0
status=cuda_error
invalid_reason=misaligned address

$ /xplorer/shijy/CUDA_optimazation/microbench/mma_config/04_smem_layout_address/build/tcgen05_04_smem_layout_address_bench --dtype fp16 --shape m128n256k16 --layout none --q 32 --iterations 128 --collector-protocol discard --collector-reuse 0 --ws 0 --ws-buffer-count 1 --operand-address-mode same --input-d 0 --tmem-columns 512 --d-base-column 0 --d-tile-base-delta 256 --independent-d-count 2 --d-reuse-distance 2 --commit-interval 32 --pending-mbarriers 1 --wait-mode nocount --smem-base-offset 32 --interference-mode none --interference-ops-per-iter 0 --interference-warps 4 --active-blocks 0
status=cuda_error
invalid_reason=misaligned address

$ /xplorer/shijy/CUDA_optimazation/microbench/mma_config/04_smem_layout_address/build/tcgen05_04_smem_layout_address_bench --dtype bf16 --shape m128n128k16 --layout sw128 --q 32 --iterations 128 --collector-protocol discard --collector-reuse 0 --ws 0 --ws-buffer-count 1 --operand-address-mode same --input-d 0 --tmem-columns 512 --d-base-column 0 --d-tile-base-delta 128 --independent-d-count 4 --d-reuse-distance 4 --commit-interval 32 --pending-mbarriers 1 --wait-mode nocount --smem-base-offset 16 --interference-mode none --interference-ops-per-iter 0 --interference-warps 4 --active-blocks 0
status=cuda_error
invalid_reason=misaligned address

$ /xplorer/shijy/CUDA_optimazation/microbench/mma_config/04_smem_layout_address/build/tcgen05_04_smem_layout_address_bench --dtype bf16 --shape m128n128k16 --layout sw128 --q 32 --iterations 128 --collector-protocol discard --collector-reuse 0 --ws 0 --ws-buffer-count 1 --operand-address-mode same --input-d 0 --tmem-columns 512 --d-base-column 0 --d-tile-base-delta 128 --independent-d-count 4 --d-reuse-distance 4 --commit-interval 32 --pending-mbarriers 1 --wait-mode nocount --smem-base-offset 16 --interference-mode none --interference-ops-per-iter 0 --interference-warps 4 --active-blocks 0
status=cuda_error
invalid_reason=misaligned address

$ /xplorer/shijy/CUDA_optimazation/microbench/mma_config/04_smem_layout_address/build/tcgen05_04_smem_layout_address_bench --dtype bf16 --shape m128n128k16 --layout sw128 --q 32 --iterations 128 --collector-protocol discard --collector-reuse 0 --ws 0 --ws-buffer-count 1 --operand-address-mode same --input-d 0 --tmem-columns 512 --d-base-column 0 --d-tile-base-delta 128 --independent-d-count 4 --d-reuse-distance 4 --commit-interval 32 --pending-mbarriers 1 --wait-mode nocount --smem-base-offset 16 --interference-mode none --interference-ops-per-iter 0 --interference-warps 4 --active-blocks 0
status=cuda_error
invalid_reason=misaligned address

$ /xplorer/shijy/CUDA_optimazation/microbench/mma_config/04_smem_layout_address/build/tcgen05_04_smem_layout_address_bench --dtype bf16 --shape m128n128k16 --layout sw128 --q 32 --iterations 128 --collector-protocol discard --collector-reuse 0 --ws 0 --ws-buffer-count 1 --operand-address-mode same --input-d 0 --tmem-columns 512 --d-base-column 0 --d-tile-base-delta 128 --independent-d-count 4 --d-reuse-distance 4 --commit-interval 32 --pending-mbarriers 1 --wait-mode nocount --smem-base-offset 16 --interference-mode none --interference-ops-per-iter 0 --interference-warps 4 --active-blocks 0
status=cuda_error
invalid_reason=misaligned address

$ /xplorer/shijy/CUDA_optimazation/microbench/mma_config/04_smem_layout_address/build/tcgen05_04_smem_layout_address_bench --dtype bf16 --shape m128n128k16 --layout sw128 --q 32 --iterations 128 --collector-protocol discard --collector-reuse 0 --ws 0 --ws-buffer-count 1 --operand-address-mode same --input-d 0 --tmem-columns 512 --d-base-column 0 --d-tile-base-delta 128 --independent-d-count 4 --d-reuse-distance 4 --commit-interval 32 --pending-mbarriers 1 --wait-mode nocount --smem-base-offset 16 --interference-mode none --interference-ops-per-iter 0 --interference-warps 4 --active-blocks 0
status=cuda_error
invalid_reason=misaligned address

$ /xplorer/shijy/CUDA_optimazation/microbench/mma_config/04_smem_layout_address/build/tcgen05_04_smem_layout_address_bench --dtype bf16 --shape m128n64k16 --layout sw32 --q 32 --iterations 128 --collector-protocol discard --collector-reuse 0 --ws 0 --ws-buffer-count 1 --operand-address-mode same --input-d 0 --tmem-columns 512 --d-base-column 0 --d-tile-base-delta 64 --independent-d-count 8 --d-reuse-distance 8 --commit-interval 32 --pending-mbarriers 1 --wait-mode nocount --smem-base-offset 32 --interference-mode none --interference-ops-per-iter 0 --interference-warps 4 --active-blocks 0
status=cuda_error
invalid_reason=misaligned address

$ /xplorer/shijy/CUDA_optimazation/microbench/mma_config/04_smem_layout_address/build/tcgen05_04_smem_layout_address_bench --dtype bf16 --shape m128n64k16 --layout sw32 --q 32 --iterations 128 --collector-protocol discard --collector-reuse 0 --ws 0 --ws-buffer-count 1 --operand-address-mode same --input-d 0 --tmem-columns 512 --d-base-column 0 --d-tile-base-delta 64 --independent-d-count 8 --d-reuse-distance 8 --commit-interval 32 --pending-mbarriers 1 --wait-mode nocount --smem-base-offset 32 --interference-mode none --interference-ops-per-iter 0 --interference-warps 4 --active-blocks 0
status=cuda_error
invalid_reason=misaligned address

$ /xplorer/shijy/CUDA_optimazation/microbench/mma_config/04_smem_layout_address/build/tcgen05_04_smem_layout_address_bench --dtype bf16 --shape m128n64k16 --layout sw32 --q 32 --iterations 128 --collector-protocol discard --collector-reuse 0 --ws 0 --ws-buffer-count 1 --operand-address-mode same --input-d 0 --tmem-columns 512 --d-base-column 0 --d-tile-base-delta 64 --independent-d-count 8 --d-reuse-distance 8 --commit-interval 32 --pending-mbarriers 1 --wait-mode nocount --smem-base-offset 32 --interference-mode none --interference-ops-per-iter 0 --interference-warps 4 --active-blocks 0
status=cuda_error
invalid_reason=misaligned address

$ /xplorer/shijy/CUDA_optimazation/microbench/mma_config/04_smem_layout_address/build/tcgen05_04_smem_layout_address_bench --dtype bf16 --shape m128n64k16 --layout sw32 --q 32 --iterations 128 --collector-protocol discard --collector-reuse 0 --ws 0 --ws-buffer-count 1 --operand-address-mode same --input-d 0 --tmem-columns 512 --d-base-column 0 --d-tile-base-delta 64 --independent-d-count 8 --d-reuse-distance 8 --commit-interval 32 --pending-mbarriers 1 --wait-mode nocount --smem-base-offset 32 --interference-mode none --interference-ops-per-iter 0 --interference-warps 4 --active-blocks 0
status=cuda_error
invalid_reason=misaligned address

$ /xplorer/shijy/CUDA_optimazation/microbench/mma_config/04_smem_layout_address/build/tcgen05_04_smem_layout_address_bench --dtype bf16 --shape m128n64k16 --layout sw32 --q 32 --iterations 128 --collector-protocol discard --collector-reuse 0 --ws 0 --ws-buffer-count 1 --operand-address-mode same --input-d 0 --tmem-columns 512 --d-base-column 0 --d-tile-base-delta 64 --independent-d-count 8 --d-reuse-distance 8 --commit-interval 32 --pending-mbarriers 1 --wait-mode nocount --smem-base-offset 32 --interference-mode none --interference-ops-per-iter 0 --interference-warps 4 --active-blocks 0
status=cuda_error
invalid_reason=misaligned address

$ /xplorer/shijy/CUDA_optimazation/microbench/mma_config/04_smem_layout_address/build/tcgen05_04_smem_layout_address_bench --dtype fp16 --shape m128n128k16 --layout sw32 --q 32 --iterations 128 --collector-protocol discard --collector-reuse 0 --ws 0 --ws-buffer-count 1 --operand-address-mode same --input-d 0 --tmem-columns 512 --d-base-column 0 --d-tile-base-delta 128 --independent-d-count 4 --d-reuse-distance 4 --commit-interval 32 --pending-mbarriers 1 --wait-mode nocount --smem-base-offset 16 --interference-mode none --interference-ops-per-iter 0 --interference-warps 4 --active-blocks 0
status=cuda_error
invalid_reason=misaligned address

$ /xplorer/shijy/CUDA_optimazation/microbench/mma_config/04_smem_layout_address/build/tcgen05_04_smem_layout_address_bench --dtype fp16 --shape m128n128k16 --layout sw32 --q 32 --iterations 128 --collector-protocol discard --collector-reuse 0 --ws 0 --ws-buffer-count 1 --operand-address-mode same --input-d 0 --tmem-columns 512 --d-base-column 0 --d-tile-base-delta 128 --independent-d-count 4 --d-reuse-distance 4 --commit-interval 32 --pending-mbarriers 1 --wait-mode nocount --smem-base-offset 16 --interference-mode none --interference-ops-per-iter 0 --interference-warps 4 --active-blocks 0
status=cuda_error
invalid_reason=misaligned address

$ /xplorer/shijy/CUDA_optimazation/microbench/mma_config/04_smem_layout_address/build/tcgen05_04_smem_layout_address_bench --dtype fp16 --shape m128n128k16 --layout sw32 --q 32 --iterations 128 --collector-protocol discard --collector-reuse 0 --ws 0 --ws-buffer-count 1 --operand-address-mode same --input-d 0 --tmem-columns 512 --d-base-column 0 --d-tile-base-delta 128 --independent-d-count 4 --d-reuse-distance 4 --commit-interval 32 --pending-mbarriers 1 --wait-mode nocount --smem-base-offset 16 --interference-mode none --interference-ops-per-iter 0 --interference-warps 4 --active-blocks 0
status=cuda_error
invalid_reason=misaligned address

$ /xplorer/shijy/CUDA_optimazation/microbench/mma_config/04_smem_layout_address/build/tcgen05_04_smem_layout_address_bench --dtype fp16 --shape m128n128k16 --layout sw32 --q 32 --iterations 128 --collector-protocol discard --collector-reuse 0 --ws 0 --ws-buffer-count 1 --operand-address-mode same --input-d 0 --tmem-columns 512 --d-base-column 0 --d-tile-base-delta 128 --independent-d-count 4 --d-reuse-distance 4 --commit-interval 32 --pending-mbarriers 1 --wait-mode nocount --smem-base-offset 16 --interference-mode none --interference-ops-per-iter 0 --interference-warps 4 --active-blocks 0
status=cuda_error
invalid_reason=misaligned address

$ /xplorer/shijy/CUDA_optimazation/microbench/mma_config/04_smem_layout_address/build/tcgen05_04_smem_layout_address_bench --dtype fp16 --shape m128n128k16 --layout sw32 --q 32 --iterations 128 --collector-protocol discard --collector-reuse 0 --ws 0 --ws-buffer-count 1 --operand-address-mode same --input-d 0 --tmem-columns 512 --d-base-column 0 --d-tile-base-delta 128 --independent-d-count 4 --d-reuse-distance 4 --commit-interval 32 --pending-mbarriers 1 --wait-mode nocount --smem-base-offset 16 --interference-mode none --interference-ops-per-iter 0 --interference-warps 4 --active-blocks 0
status=cuda_error
invalid_reason=misaligned address

$ /xplorer/shijy/CUDA_optimazation/microbench/mma_config/04_smem_layout_address/build/tcgen05_04_smem_layout_address_bench --dtype fp16 --shape m128n64k16 --layout sw32 --q 32 --iterations 128 --collector-protocol discard --collector-reuse 0 --ws 0 --ws-buffer-count 1 --operand-address-mode same --input-d 0 --tmem-columns 512 --d-base-column 0 --d-tile-base-delta 64 --independent-d-count 8 --d-reuse-distance 8 --commit-interval 32 --pending-mbarriers 1 --wait-mode nocount --smem-base-offset 32 --interference-mode none --interference-ops-per-iter 0 --interference-warps 4 --active-blocks 0
status=cuda_error
invalid_reason=misaligned address

$ /xplorer/shijy/CUDA_optimazation/microbench/mma_config/04_smem_layout_address/build/tcgen05_04_smem_layout_address_bench --dtype fp16 --shape m128n64k16 --layout sw32 --q 32 --iterations 128 --collector-protocol discard --collector-reuse 0 --ws 0 --ws-buffer-count 1 --operand-address-mode same --input-d 0 --tmem-columns 512 --d-base-column 0 --d-tile-base-delta 64 --independent-d-count 8 --d-reuse-distance 8 --commit-interval 32 --pending-mbarriers 1 --wait-mode nocount --smem-base-offset 32 --interference-mode none --interference-ops-per-iter 0 --interference-warps 4 --active-blocks 0
status=cuda_error
invalid_reason=misaligned address

$ /xplorer/shijy/CUDA_optimazation/microbench/mma_config/04_smem_layout_address/build/tcgen05_04_smem_layout_address_bench --dtype fp16 --shape m128n64k16 --layout sw32 --q 32 --iterations 128 --collector-protocol discard --collector-reuse 0 --ws 0 --ws-buffer-count 1 --operand-address-mode same --input-d 0 --tmem-columns 512 --d-base-column 0 --d-tile-base-delta 64 --independent-d-count 8 --d-reuse-distance 8 --commit-interval 32 --pending-mbarriers 1 --wait-mode nocount --smem-base-offset 32 --interference-mode none --interference-ops-per-iter 0 --interference-warps 4 --active-blocks 0
status=cuda_error
invalid_reason=misaligned address

$ /xplorer/shijy/CUDA_optimazation/microbench/mma_config/04_smem_layout_address/build/tcgen05_04_smem_layout_address_bench --dtype fp16 --shape m128n64k16 --layout sw32 --q 32 --iterations 128 --collector-protocol discard --collector-reuse 0 --ws 0 --ws-buffer-count 1 --operand-address-mode same --input-d 0 --tmem-columns 512 --d-base-column 0 --d-tile-base-delta 64 --independent-d-count 8 --d-reuse-distance 8 --commit-interval 32 --pending-mbarriers 1 --wait-mode nocount --smem-base-offset 32 --interference-mode none --interference-ops-per-iter 0 --interference-warps 4 --active-blocks 0
status=cuda_error
invalid_reason=misaligned address

$ /xplorer/shijy/CUDA_optimazation/microbench/mma_config/04_smem_layout_address/build/tcgen05_04_smem_layout_address_bench --dtype fp16 --shape m128n64k16 --layout sw32 --q 32 --iterations 128 --collector-protocol discard --collector-reuse 0 --ws 0 --ws-buffer-count 1 --operand-address-mode same --input-d 0 --tmem-columns 512 --d-base-column 0 --d-tile-base-delta 64 --independent-d-count 8 --d-reuse-distance 8 --commit-interval 32 --pending-mbarriers 1 --wait-mode nocount --smem-base-offset 32 --interference-mode none --interference-ops-per-iter 0 --interference-warps 4 --active-blocks 0
status=cuda_error
invalid_reason=misaligned address

$ /xplorer/shijy/CUDA_optimazation/microbench/mma_config/04_smem_layout_address/build/tcgen05_04_smem_layout_address_bench --dtype bf16 --shape m128n128k16 --layout sw32 --q 32 --iterations 128 --collector-protocol discard --collector-reuse 0 --ws 0 --ws-buffer-count 1 --operand-address-mode same --input-d 0 --tmem-columns 512 --d-base-column 0 --d-tile-base-delta 128 --independent-d-count 4 --d-reuse-distance 4 --commit-interval 32 --pending-mbarriers 1 --wait-mode nocount --smem-base-offset 32 --interference-mode none --interference-ops-per-iter 0 --interference-warps 4 --active-blocks 0
status=cuda_error
invalid_reason=misaligned address

$ /xplorer/shijy/CUDA_optimazation/microbench/mma_config/04_smem_layout_address/build/tcgen05_04_smem_layout_address_bench --dtype bf16 --shape m128n128k16 --layout sw32 --q 32 --iterations 128 --collector-protocol discard --collector-reuse 0 --ws 0 --ws-buffer-count 1 --operand-address-mode same --input-d 0 --tmem-columns 512 --d-base-column 0 --d-tile-base-delta 128 --independent-d-count 4 --d-reuse-distance 4 --commit-interval 32 --pending-mbarriers 1 --wait-mode nocount --smem-base-offset 32 --interference-mode none --interference-ops-per-iter 0 --interference-warps 4 --active-blocks 0
status=cuda_error
invalid_reason=misaligned address

$ /xplorer/shijy/CUDA_optimazation/microbench/mma_config/04_smem_layout_address/build/tcgen05_04_smem_layout_address_bench --dtype bf16 --shape m128n128k16 --layout sw32 --q 32 --iterations 128 --collector-protocol discard --collector-reuse 0 --ws 0 --ws-buffer-count 1 --operand-address-mode same --input-d 0 --tmem-columns 512 --d-base-column 0 --d-tile-base-delta 128 --independent-d-count 4 --d-reuse-distance 4 --commit-interval 32 --pending-mbarriers 1 --wait-mode nocount --smem-base-offset 32 --interference-mode none --interference-ops-per-iter 0 --interference-warps 4 --active-blocks 0
status=cuda_error
invalid_reason=misaligned address

$ /xplorer/shijy/CUDA_optimazation/microbench/mma_config/04_smem_layout_address/build/tcgen05_04_smem_layout_address_bench --dtype bf16 --shape m128n128k16 --layout sw32 --q 32 --iterations 128 --collector-protocol discard --collector-reuse 0 --ws 0 --ws-buffer-count 1 --operand-address-mode same --input-d 0 --tmem-columns 512 --d-base-column 0 --d-tile-base-delta 128 --independent-d-count 4 --d-reuse-distance 4 --commit-interval 32 --pending-mbarriers 1 --wait-mode nocount --smem-base-offset 32 --interference-mode none --interference-ops-per-iter 0 --interference-warps 4 --active-blocks 0
status=cuda_error
invalid_reason=misaligned address

$ /xplorer/shijy/CUDA_optimazation/microbench/mma_config/04_smem_layout_address/build/tcgen05_04_smem_layout_address_bench --dtype bf16 --shape m128n128k16 --layout sw32 --q 32 --iterations 128 --collector-protocol discard --collector-reuse 0 --ws 0 --ws-buffer-count 1 --operand-address-mode same --input-d 0 --tmem-columns 512 --d-base-column 0 --d-tile-base-delta 128 --independent-d-count 4 --d-reuse-distance 4 --commit-interval 32 --pending-mbarriers 1 --wait-mode nocount --smem-base-offset 32 --interference-mode none --interference-ops-per-iter 0 --interference-warps 4 --active-blocks 0
status=cuda_error
invalid_reason=misaligned address

$ /xplorer/shijy/CUDA_optimazation/microbench/mma_config/04_smem_layout_address/build/tcgen05_04_smem_layout_address_bench --dtype fp16 --shape m128n256k16 --layout none --q 32 --iterations 128 --collector-protocol discard --collector-reuse 0 --ws 0 --ws-buffer-count 1 --operand-address-mode same --input-d 0 --tmem-columns 512 --d-base-column 0 --d-tile-base-delta 256 --independent-d-count 2 --d-reuse-distance 2 --commit-interval 32 --pending-mbarriers 1 --wait-mode nocount --smem-base-offset 16 --interference-mode none --interference-ops-per-iter 0 --interference-warps 4 --active-blocks 0
status=cuda_error
invalid_reason=misaligned address

$ /xplorer/shijy/CUDA_optimazation/microbench/mma_config/04_smem_layout_address/build/tcgen05_04_smem_layout_address_bench --dtype fp16 --shape m128n256k16 --layout none --q 32 --iterations 128 --collector-protocol discard --collector-reuse 0 --ws 0 --ws-buffer-count 1 --operand-address-mode same --input-d 0 --tmem-columns 512 --d-base-column 0 --d-tile-base-delta 256 --independent-d-count 2 --d-reuse-distance 2 --commit-interval 32 --pending-mbarriers 1 --wait-mode nocount --smem-base-offset 16 --interference-mode none --interference-ops-per-iter 0 --interference-warps 4 --active-blocks 0
status=cuda_error
invalid_reason=misaligned address

$ /xplorer/shijy/CUDA_optimazation/microbench/mma_config/04_smem_layout_address/build/tcgen05_04_smem_layout_address_bench --dtype fp16 --shape m128n256k16 --layout none --q 32 --iterations 128 --collector-protocol discard --collector-reuse 0 --ws 0 --ws-buffer-count 1 --operand-address-mode same --input-d 0 --tmem-columns 512 --d-base-column 0 --d-tile-base-delta 256 --independent-d-count 2 --d-reuse-distance 2 --commit-interval 32 --pending-mbarriers 1 --wait-mode nocount --smem-base-offset 16 --interference-mode none --interference-ops-per-iter 0 --interference-warps 4 --active-blocks 0
status=cuda_error
invalid_reason=misaligned address

$ /xplorer/shijy/CUDA_optimazation/microbench/mma_config/04_smem_layout_address/build/tcgen05_04_smem_layout_address_bench --dtype fp16 --shape m128n256k16 --layout none --q 32 --iterations 128 --collector-protocol discard --collector-reuse 0 --ws 0 --ws-buffer-count 1 --operand-address-mode same --input-d 0 --tmem-columns 512 --d-base-column 0 --d-tile-base-delta 256 --independent-d-count 2 --d-reuse-distance 2 --commit-interval 32 --pending-mbarriers 1 --wait-mode nocount --smem-base-offset 16 --interference-mode none --interference-ops-per-iter 0 --interference-warps 4 --active-blocks 0
status=cuda_error
invalid_reason=misaligned address

$ /xplorer/shijy/CUDA_optimazation/microbench/mma_config/04_smem_layout_address/build/tcgen05_04_smem_layout_address_bench --dtype fp16 --shape m128n256k16 --layout none --q 32 --iterations 128 --collector-protocol discard --collector-reuse 0 --ws 0 --ws-buffer-count 1 --operand-address-mode same --input-d 0 --tmem-columns 512 --d-base-column 0 --d-tile-base-delta 256 --independent-d-count 2 --d-reuse-distance 2 --commit-interval 32 --pending-mbarriers 1 --wait-mode nocount --smem-base-offset 16 --interference-mode none --interference-ops-per-iter 0 --interference-warps 4 --active-blocks 0
status=cuda_error
invalid_reason=misaligned address

$ /xplorer/shijy/CUDA_optimazation/microbench/mma_config/04_smem_layout_address/build/tcgen05_04_smem_layout_address_bench --dtype fp16 --shape m128n256k16 --layout sw64 --q 32 --iterations 128 --collector-protocol discard --collector-reuse 0 --ws 0 --ws-buffer-count 1 --operand-address-mode same --input-d 0 --tmem-columns 512 --d-base-column 0 --d-tile-base-delta 256 --independent-d-count 2 --d-reuse-distance 2 --commit-interval 32 --pending-mbarriers 1 --wait-mode nocount --smem-base-offset 32 --interference-mode none --interference-ops-per-iter 0 --interference-warps 4 --active-blocks 0
status=cuda_error
invalid_reason=misaligned address

$ /xplorer/shijy/CUDA_optimazation/microbench/mma_config/04_smem_layout_address/build/tcgen05_04_smem_layout_address_bench --dtype fp16 --shape m128n256k16 --layout sw64 --q 32 --iterations 128 --collector-protocol discard --collector-reuse 0 --ws 0 --ws-buffer-count 1 --operand-address-mode same --input-d 0 --tmem-columns 512 --d-base-column 0 --d-tile-base-delta 256 --independent-d-count 2 --d-reuse-distance 2 --commit-interval 32 --pending-mbarriers 1 --wait-mode nocount --smem-base-offset 32 --interference-mode none --interference-ops-per-iter 0 --interference-warps 4 --active-blocks 0
status=cuda_error
invalid_reason=misaligned address

$ /xplorer/shijy/CUDA_optimazation/microbench/mma_config/04_smem_layout_address/build/tcgen05_04_smem_layout_address_bench --dtype fp16 --shape m128n256k16 --layout sw64 --q 32 --iterations 128 --collector-protocol discard --collector-reuse 0 --ws 0 --ws-buffer-count 1 --operand-address-mode same --input-d 0 --tmem-columns 512 --d-base-column 0 --d-tile-base-delta 256 --independent-d-count 2 --d-reuse-distance 2 --commit-interval 32 --pending-mbarriers 1 --wait-mode nocount --smem-base-offset 32 --interference-mode none --interference-ops-per-iter 0 --interference-warps 4 --active-blocks 0
status=cuda_error
invalid_reason=misaligned address

$ /xplorer/shijy/CUDA_optimazation/microbench/mma_config/04_smem_layout_address/build/tcgen05_04_smem_layout_address_bench --dtype fp16 --shape m128n256k16 --layout sw64 --q 32 --iterations 128 --collector-protocol discard --collector-reuse 0 --ws 0 --ws-buffer-count 1 --operand-address-mode same --input-d 0 --tmem-columns 512 --d-base-column 0 --d-tile-base-delta 256 --independent-d-count 2 --d-reuse-distance 2 --commit-interval 32 --pending-mbarriers 1 --wait-mode nocount --smem-base-offset 32 --interference-mode none --interference-ops-per-iter 0 --interference-warps 4 --active-blocks 0
status=cuda_error
invalid_reason=misaligned address

$ /xplorer/shijy/CUDA_optimazation/microbench/mma_config/04_smem_layout_address/build/tcgen05_04_smem_layout_address_bench --dtype fp16 --shape m128n256k16 --layout sw64 --q 32 --iterations 128 --collector-protocol discard --collector-reuse 0 --ws 0 --ws-buffer-count 1 --operand-address-mode same --input-d 0 --tmem-columns 512 --d-base-column 0 --d-tile-base-delta 256 --independent-d-count 2 --d-reuse-distance 2 --commit-interval 32 --pending-mbarriers 1 --wait-mode nocount --smem-base-offset 32 --interference-mode none --interference-ops-per-iter 0 --interference-warps 4 --active-blocks 0
status=cuda_error
invalid_reason=misaligned address

$ /xplorer/shijy/CUDA_optimazation/microbench/mma_config/04_smem_layout_address/build/tcgen05_04_smem_layout_address_bench --dtype bf16 --shape m128n64k16 --layout none --q 32 --iterations 128 --collector-protocol discard --collector-reuse 0 --ws 0 --ws-buffer-count 1 --operand-address-mode same --input-d 0 --tmem-columns 512 --d-base-column 0 --d-tile-base-delta 64 --independent-d-count 8 --d-reuse-distance 8 --commit-interval 32 --pending-mbarriers 1 --wait-mode nocount --smem-base-offset 16 --interference-mode none --interference-ops-per-iter 0 --interference-warps 4 --active-blocks 0
status=cuda_error
invalid_reason=misaligned address

$ /xplorer/shijy/CUDA_optimazation/microbench/mma_config/04_smem_layout_address/build/tcgen05_04_smem_layout_address_bench --dtype bf16 --shape m128n64k16 --layout none --q 32 --iterations 128 --collector-protocol discard --collector-reuse 0 --ws 0 --ws-buffer-count 1 --operand-address-mode same --input-d 0 --tmem-columns 512 --d-base-column 0 --d-tile-base-delta 64 --independent-d-count 8 --d-reuse-distance 8 --commit-interval 32 --pending-mbarriers 1 --wait-mode nocount --smem-base-offset 16 --interference-mode none --interference-ops-per-iter 0 --interference-warps 4 --active-blocks 0
status=cuda_error
invalid_reason=misaligned address

$ /xplorer/shijy/CUDA_optimazation/microbench/mma_config/04_smem_layout_address/build/tcgen05_04_smem_layout_address_bench --dtype bf16 --shape m128n64k16 --layout none --q 32 --iterations 128 --collector-protocol discard --collector-reuse 0 --ws 0 --ws-buffer-count 1 --operand-address-mode same --input-d 0 --tmem-columns 512 --d-base-column 0 --d-tile-base-delta 64 --independent-d-count 8 --d-reuse-distance 8 --commit-interval 32 --pending-mbarriers 1 --wait-mode nocount --smem-base-offset 16 --interference-mode none --interference-ops-per-iter 0 --interference-warps 4 --active-blocks 0
status=cuda_error
invalid_reason=misaligned address

$ /xplorer/shijy/CUDA_optimazation/microbench/mma_config/04_smem_layout_address/build/tcgen05_04_smem_layout_address_bench --dtype bf16 --shape m128n64k16 --layout none --q 32 --iterations 128 --collector-protocol discard --collector-reuse 0 --ws 0 --ws-buffer-count 1 --operand-address-mode same --input-d 0 --tmem-columns 512 --d-base-column 0 --d-tile-base-delta 64 --independent-d-count 8 --d-reuse-distance 8 --commit-interval 32 --pending-mbarriers 1 --wait-mode nocount --smem-base-offset 16 --interference-mode none --interference-ops-per-iter 0 --interference-warps 4 --active-blocks 0
status=cuda_error
invalid_reason=misaligned address

$ /xplorer/shijy/CUDA_optimazation/microbench/mma_config/04_smem_layout_address/build/tcgen05_04_smem_layout_address_bench --dtype bf16 --shape m128n64k16 --layout none --q 32 --iterations 128 --collector-protocol discard --collector-reuse 0 --ws 0 --ws-buffer-count 1 --operand-address-mode same --input-d 0 --tmem-columns 512 --d-base-column 0 --d-tile-base-delta 64 --independent-d-count 8 --d-reuse-distance 8 --commit-interval 32 --pending-mbarriers 1 --wait-mode nocount --smem-base-offset 16 --interference-mode none --interference-ops-per-iter 0 --interference-warps 4 --active-blocks 0
status=cuda_error
invalid_reason=misaligned address

$ /xplorer/shijy/CUDA_optimazation/microbench/mma_config/04_smem_layout_address/build/tcgen05_04_smem_layout_address_bench --dtype fp16 --shape m128n256k16 --layout sw128 --q 32 --iterations 128 --collector-protocol discard --collector-reuse 0 --ws 0 --ws-buffer-count 1 --operand-address-mode same --input-d 0 --tmem-columns 512 --d-base-column 0 --d-tile-base-delta 256 --independent-d-count 2 --d-reuse-distance 2 --commit-interval 32 --pending-mbarriers 1 --wait-mode nocount --smem-base-offset 32 --interference-mode none --interference-ops-per-iter 0 --interference-warps 4 --active-blocks 0
status=cuda_error
invalid_reason=misaligned address

$ /xplorer/shijy/CUDA_optimazation/microbench/mma_config/04_smem_layout_address/build/tcgen05_04_smem_layout_address_bench --dtype fp16 --shape m128n256k16 --layout sw128 --q 32 --iterations 128 --collector-protocol discard --collector-reuse 0 --ws 0 --ws-buffer-count 1 --operand-address-mode same --input-d 0 --tmem-columns 512 --d-base-column 0 --d-tile-base-delta 256 --independent-d-count 2 --d-reuse-distance 2 --commit-interval 32 --pending-mbarriers 1 --wait-mode nocount --smem-base-offset 32 --interference-mode none --interference-ops-per-iter 0 --interference-warps 4 --active-blocks 0
status=cuda_error
invalid_reason=misaligned address

$ /xplorer/shijy/CUDA_optimazation/microbench/mma_config/04_smem_layout_address/build/tcgen05_04_smem_layout_address_bench --dtype fp16 --shape m128n256k16 --layout sw128 --q 32 --iterations 128 --collector-protocol discard --collector-reuse 0 --ws 0 --ws-buffer-count 1 --operand-address-mode same --input-d 0 --tmem-columns 512 --d-base-column 0 --d-tile-base-delta 256 --independent-d-count 2 --d-reuse-distance 2 --commit-interval 32 --pending-mbarriers 1 --wait-mode nocount --smem-base-offset 32 --interference-mode none --interference-ops-per-iter 0 --interference-warps 4 --active-blocks 0
status=cuda_error
invalid_reason=misaligned address

$ /xplorer/shijy/CUDA_optimazation/microbench/mma_config/04_smem_layout_address/build/tcgen05_04_smem_layout_address_bench --dtype fp16 --shape m128n256k16 --layout sw128 --q 32 --iterations 128 --collector-protocol discard --collector-reuse 0 --ws 0 --ws-buffer-count 1 --operand-address-mode same --input-d 0 --tmem-columns 512 --d-base-column 0 --d-tile-base-delta 256 --independent-d-count 2 --d-reuse-distance 2 --commit-interval 32 --pending-mbarriers 1 --wait-mode nocount --smem-base-offset 32 --interference-mode none --interference-ops-per-iter 0 --interference-warps 4 --active-blocks 0
status=cuda_error
invalid_reason=misaligned address

$ /xplorer/shijy/CUDA_optimazation/microbench/mma_config/04_smem_layout_address/build/tcgen05_04_smem_layout_address_bench --dtype fp16 --shape m128n256k16 --layout sw128 --q 32 --iterations 128 --collector-protocol discard --collector-reuse 0 --ws 0 --ws-buffer-count 1 --operand-address-mode same --input-d 0 --tmem-columns 512 --d-base-column 0 --d-tile-base-delta 256 --independent-d-count 2 --d-reuse-distance 2 --commit-interval 32 --pending-mbarriers 1 --wait-mode nocount --smem-base-offset 32 --interference-mode none --interference-ops-per-iter 0 --interference-warps 4 --active-blocks 0
status=cuda_error
invalid_reason=misaligned address

$ /xplorer/shijy/CUDA_optimazation/microbench/mma_config/04_smem_layout_address/build/tcgen05_04_smem_layout_address_bench --dtype bf16 --shape m128n64k16 --layout sw128 --q 32 --iterations 128 --collector-protocol discard --collector-reuse 0 --ws 0 --ws-buffer-count 1 --operand-address-mode same --input-d 0 --tmem-columns 512 --d-base-column 0 --d-tile-base-delta 64 --independent-d-count 8 --d-reuse-distance 8 --commit-interval 32 --pending-mbarriers 1 --wait-mode nocount --smem-base-offset 16 --interference-mode none --interference-ops-per-iter 0 --interference-warps 4 --active-blocks 0
status=cuda_error
invalid_reason=misaligned address

$ /xplorer/shijy/CUDA_optimazation/microbench/mma_config/04_smem_layout_address/build/tcgen05_04_smem_layout_address_bench --dtype bf16 --shape m128n64k16 --layout sw128 --q 32 --iterations 128 --collector-protocol discard --collector-reuse 0 --ws 0 --ws-buffer-count 1 --operand-address-mode same --input-d 0 --tmem-columns 512 --d-base-column 0 --d-tile-base-delta 64 --independent-d-count 8 --d-reuse-distance 8 --commit-interval 32 --pending-mbarriers 1 --wait-mode nocount --smem-base-offset 16 --interference-mode none --interference-ops-per-iter 0 --interference-warps 4 --active-blocks 0
status=cuda_error
invalid_reason=misaligned address

$ /xplorer/shijy/CUDA_optimazation/microbench/mma_config/04_smem_layout_address/build/tcgen05_04_smem_layout_address_bench --dtype bf16 --shape m128n64k16 --layout sw128 --q 32 --iterations 128 --collector-protocol discard --collector-reuse 0 --ws 0 --ws-buffer-count 1 --operand-address-mode same --input-d 0 --tmem-columns 512 --d-base-column 0 --d-tile-base-delta 64 --independent-d-count 8 --d-reuse-distance 8 --commit-interval 32 --pending-mbarriers 1 --wait-mode nocount --smem-base-offset 16 --interference-mode none --interference-ops-per-iter 0 --interference-warps 4 --active-blocks 0
status=cuda_error
invalid_reason=misaligned address

$ /xplorer/shijy/CUDA_optimazation/microbench/mma_config/04_smem_layout_address/build/tcgen05_04_smem_layout_address_bench --dtype bf16 --shape m128n64k16 --layout sw128 --q 32 --iterations 128 --collector-protocol discard --collector-reuse 0 --ws 0 --ws-buffer-count 1 --operand-address-mode same --input-d 0 --tmem-columns 512 --d-base-column 0 --d-tile-base-delta 64 --independent-d-count 8 --d-reuse-distance 8 --commit-interval 32 --pending-mbarriers 1 --wait-mode nocount --smem-base-offset 16 --interference-mode none --interference-ops-per-iter 0 --interference-warps 4 --active-blocks 0
status=cuda_error
invalid_reason=misaligned address

$ /xplorer/shijy/CUDA_optimazation/microbench/mma_config/04_smem_layout_address/build/tcgen05_04_smem_layout_address_bench --dtype bf16 --shape m128n64k16 --layout sw128 --q 32 --iterations 128 --collector-protocol discard --collector-reuse 0 --ws 0 --ws-buffer-count 1 --operand-address-mode same --input-d 0 --tmem-columns 512 --d-base-column 0 --d-tile-base-delta 64 --independent-d-count 8 --d-reuse-distance 8 --commit-interval 32 --pending-mbarriers 1 --wait-mode nocount --smem-base-offset 16 --interference-mode none --interference-ops-per-iter 0 --interference-warps 4 --active-blocks 0
status=cuda_error
invalid_reason=misaligned address

$ /xplorer/shijy/CUDA_optimazation/microbench/mma_config/04_smem_layout_address/build/tcgen05_04_smem_layout_address_bench --dtype bf16 --shape m128n256k16 --layout none --q 32 --iterations 128 --collector-protocol discard --collector-reuse 0 --ws 0 --ws-buffer-count 1 --operand-address-mode same --input-d 0 --tmem-columns 512 --d-base-column 0 --d-tile-base-delta 256 --independent-d-count 2 --d-reuse-distance 2 --commit-interval 32 --pending-mbarriers 1 --wait-mode nocount --smem-base-offset 64 --interference-mode none --interference-ops-per-iter 0 --interference-warps 4 --active-blocks 0
status=cuda_error
invalid_reason=misaligned address

$ /xplorer/shijy/CUDA_optimazation/microbench/mma_config/04_smem_layout_address/build/tcgen05_04_smem_layout_address_bench --dtype bf16 --shape m128n256k16 --layout none --q 32 --iterations 128 --collector-protocol discard --collector-reuse 0 --ws 0 --ws-buffer-count 1 --operand-address-mode same --input-d 0 --tmem-columns 512 --d-base-column 0 --d-tile-base-delta 256 --independent-d-count 2 --d-reuse-distance 2 --commit-interval 32 --pending-mbarriers 1 --wait-mode nocount --smem-base-offset 64 --interference-mode none --interference-ops-per-iter 0 --interference-warps 4 --active-blocks 0
status=cuda_error
invalid_reason=misaligned address

$ /xplorer/shijy/CUDA_optimazation/microbench/mma_config/04_smem_layout_address/build/tcgen05_04_smem_layout_address_bench --dtype bf16 --shape m128n256k16 --layout none --q 32 --iterations 128 --collector-protocol discard --collector-reuse 0 --ws 0 --ws-buffer-count 1 --operand-address-mode same --input-d 0 --tmem-columns 512 --d-base-column 0 --d-tile-base-delta 256 --independent-d-count 2 --d-reuse-distance 2 --commit-interval 32 --pending-mbarriers 1 --wait-mode nocount --smem-base-offset 64 --interference-mode none --interference-ops-per-iter 0 --interference-warps 4 --active-blocks 0
status=cuda_error
invalid_reason=misaligned address

$ /xplorer/shijy/CUDA_optimazation/microbench/mma_config/04_smem_layout_address/build/tcgen05_04_smem_layout_address_bench --dtype bf16 --shape m128n256k16 --layout none --q 32 --iterations 128 --collector-protocol discard --collector-reuse 0 --ws 0 --ws-buffer-count 1 --operand-address-mode same --input-d 0 --tmem-columns 512 --d-base-column 0 --d-tile-base-delta 256 --independent-d-count 2 --d-reuse-distance 2 --commit-interval 32 --pending-mbarriers 1 --wait-mode nocount --smem-base-offset 64 --interference-mode none --interference-ops-per-iter 0 --interference-warps 4 --active-blocks 0
status=cuda_error
invalid_reason=misaligned address

$ /xplorer/shijy/CUDA_optimazation/microbench/mma_config/04_smem_layout_address/build/tcgen05_04_smem_layout_address_bench --dtype bf16 --shape m128n256k16 --layout none --q 32 --iterations 128 --collector-protocol discard --collector-reuse 0 --ws 0 --ws-buffer-count 1 --operand-address-mode same --input-d 0 --tmem-columns 512 --d-base-column 0 --d-tile-base-delta 256 --independent-d-count 2 --d-reuse-distance 2 --commit-interval 32 --pending-mbarriers 1 --wait-mode nocount --smem-base-offset 64 --interference-mode none --interference-ops-per-iter 0 --interference-warps 4 --active-blocks 0
status=cuda_error
invalid_reason=misaligned address

$ /xplorer/shijy/CUDA_optimazation/microbench/mma_config/04_smem_layout_address/build/tcgen05_04_smem_layout_address_bench --dtype fp16 --shape m128n256k16 --layout sw128 --q 32 --iterations 128 --collector-protocol discard --collector-reuse 0 --ws 0 --ws-buffer-count 1 --operand-address-mode same --input-d 0 --tmem-columns 512 --d-base-column 0 --d-tile-base-delta 256 --independent-d-count 2 --d-reuse-distance 2 --commit-interval 32 --pending-mbarriers 1 --wait-mode nocount --smem-base-offset 64 --interference-mode none --interference-ops-per-iter 0 --interference-warps 4 --active-blocks 0
status=cuda_error
invalid_reason=misaligned address

$ /xplorer/shijy/CUDA_optimazation/microbench/mma_config/04_smem_layout_address/build/tcgen05_04_smem_layout_address_bench --dtype fp16 --shape m128n256k16 --layout sw128 --q 32 --iterations 128 --collector-protocol discard --collector-reuse 0 --ws 0 --ws-buffer-count 1 --operand-address-mode same --input-d 0 --tmem-columns 512 --d-base-column 0 --d-tile-base-delta 256 --independent-d-count 2 --d-reuse-distance 2 --commit-interval 32 --pending-mbarriers 1 --wait-mode nocount --smem-base-offset 64 --interference-mode none --interference-ops-per-iter 0 --interference-warps 4 --active-blocks 0
status=cuda_error
invalid_reason=misaligned address

$ /xplorer/shijy/CUDA_optimazation/microbench/mma_config/04_smem_layout_address/build/tcgen05_04_smem_layout_address_bench --dtype fp16 --shape m128n256k16 --layout sw128 --q 32 --iterations 128 --collector-protocol discard --collector-reuse 0 --ws 0 --ws-buffer-count 1 --operand-address-mode same --input-d 0 --tmem-columns 512 --d-base-column 0 --d-tile-base-delta 256 --independent-d-count 2 --d-reuse-distance 2 --commit-interval 32 --pending-mbarriers 1 --wait-mode nocount --smem-base-offset 64 --interference-mode none --interference-ops-per-iter 0 --interference-warps 4 --active-blocks 0
status=cuda_error
invalid_reason=misaligned address

$ /xplorer/shijy/CUDA_optimazation/microbench/mma_config/04_smem_layout_address/build/tcgen05_04_smem_layout_address_bench --dtype fp16 --shape m128n256k16 --layout sw128 --q 32 --iterations 128 --collector-protocol discard --collector-reuse 0 --ws 0 --ws-buffer-count 1 --operand-address-mode same --input-d 0 --tmem-columns 512 --d-base-column 0 --d-tile-base-delta 256 --independent-d-count 2 --d-reuse-distance 2 --commit-interval 32 --pending-mbarriers 1 --wait-mode nocount --smem-base-offset 64 --interference-mode none --interference-ops-per-iter 0 --interference-warps 4 --active-blocks 0
status=cuda_error
invalid_reason=misaligned address

$ /xplorer/shijy/CUDA_optimazation/microbench/mma_config/04_smem_layout_address/build/tcgen05_04_smem_layout_address_bench --dtype fp16 --shape m128n256k16 --layout sw128 --q 32 --iterations 128 --collector-protocol discard --collector-reuse 0 --ws 0 --ws-buffer-count 1 --operand-address-mode same --input-d 0 --tmem-columns 512 --d-base-column 0 --d-tile-base-delta 256 --independent-d-count 2 --d-reuse-distance 2 --commit-interval 32 --pending-mbarriers 1 --wait-mode nocount --smem-base-offset 64 --interference-mode none --interference-ops-per-iter 0 --interference-warps 4 --active-blocks 0
status=cuda_error
invalid_reason=misaligned address

$ /xplorer/shijy/CUDA_optimazation/microbench/mma_config/04_smem_layout_address/build/tcgen05_04_smem_layout_address_bench --dtype bf16 --shape m128n256k16 --layout none --q 32 --iterations 128 --collector-protocol discard --collector-reuse 0 --ws 0 --ws-buffer-count 1 --operand-address-mode same --input-d 0 --tmem-columns 512 --d-base-column 0 --d-tile-base-delta 256 --independent-d-count 2 --d-reuse-distance 2 --commit-interval 32 --pending-mbarriers 1 --wait-mode nocount --smem-base-offset 0 --interference-mode none --interference-ops-per-iter 0 --interference-warps 4 --active-blocks 0
status=ok
experiment=04_smem_layout_address
gpu=NVIDIA Thor
compute_capability=11.0
sm_count=20
active_blocks=20
dtype=bf16
shape=m128n256k16
m=128
n=256
k=16
layout=none
q=32
iterations=128
collector_protocol=discard
collector_reuse=0
ws_mode=0
ws_buffer_count=1
operand_address_mode=same
input_d=0
tmem_columns=512
d_base_column=0
d_tile_base_delta=256
independent_d_count=2
d_reuse_distance=2
commit_interval=32
pending_mbarriers=1
wait_polling_mode=nocount
smem_base_offset=0
interference_mode=none
interference_ops_per_iter=0
interference_warps=4
elapsed_cycles=3678184
poll_count=0
max_abs_error=0.832031250
guard_ok=1
interference_sink=0.000000000

$ /xplorer/shijy/CUDA_optimazation/microbench/mma_config/04_smem_layout_address/build/tcgen05_04_smem_layout_address_bench --dtype bf16 --shape m128n256k16 --layout none --q 32 --iterations 128 --collector-protocol discard --collector-reuse 0 --ws 0 --ws-buffer-count 1 --operand-address-mode same --input-d 0 --tmem-columns 512 --d-base-column 0 --d-tile-base-delta 256 --independent-d-count 2 --d-reuse-distance 2 --commit-interval 32 --pending-mbarriers 1 --wait-mode nocount --smem-base-offset 0 --interference-mode none --interference-ops-per-iter 0 --interference-warps 4 --active-blocks 0
status=ok
experiment=04_smem_layout_address
gpu=NVIDIA Thor
compute_capability=11.0
sm_count=20
active_blocks=20
dtype=bf16
shape=m128n256k16
m=128
n=256
k=16
layout=none
q=32
iterations=128
collector_protocol=discard
collector_reuse=0
ws_mode=0
ws_buffer_count=1
operand_address_mode=same
input_d=0
tmem_columns=512
d_base_column=0
d_tile_base_delta=256
independent_d_count=2
d_reuse_distance=2
commit_interval=32
pending_mbarriers=1
wait_polling_mode=nocount
smem_base_offset=0
interference_mode=none
interference_ops_per_iter=0
interference_warps=4
elapsed_cycles=3678184
poll_count=0
max_abs_error=0.832031250
guard_ok=1
interference_sink=0.000000000

$ /xplorer/shijy/CUDA_optimazation/microbench/mma_config/04_smem_layout_address/build/tcgen05_04_smem_layout_address_bench --dtype bf16 --shape m128n256k16 --layout none --q 32 --iterations 128 --collector-protocol discard --collector-reuse 0 --ws 0 --ws-buffer-count 1 --operand-address-mode same --input-d 0 --tmem-columns 512 --d-base-column 0 --d-tile-base-delta 256 --independent-d-count 2 --d-reuse-distance 2 --commit-interval 32 --pending-mbarriers 1 --wait-mode nocount --smem-base-offset 0 --interference-mode none --interference-ops-per-iter 0 --interference-warps 4 --active-blocks 0
status=ok
experiment=04_smem_layout_address
gpu=NVIDIA Thor
compute_capability=11.0
sm_count=20
active_blocks=20
dtype=bf16
shape=m128n256k16
m=128
n=256
k=16
layout=none
q=32
iterations=128
collector_protocol=discard
collector_reuse=0
ws_mode=0
ws_buffer_count=1
operand_address_mode=same
input_d=0
tmem_columns=512
d_base_column=0
d_tile_base_delta=256
independent_d_count=2
d_reuse_distance=2
commit_interval=32
pending_mbarriers=1
wait_polling_mode=nocount
smem_base_offset=0
interference_mode=none
interference_ops_per_iter=0
interference_warps=4
elapsed_cycles=3678180
poll_count=0
max_abs_error=0.832031250
guard_ok=1
interference_sink=0.000000000

$ /xplorer/shijy/CUDA_optimazation/microbench/mma_config/04_smem_layout_address/build/tcgen05_04_smem_layout_address_bench --dtype bf16 --shape m128n256k16 --layout none --q 32 --iterations 128 --collector-protocol discard --collector-reuse 0 --ws 0 --ws-buffer-count 1 --operand-address-mode same --input-d 0 --tmem-columns 512 --d-base-column 0 --d-tile-base-delta 256 --independent-d-count 2 --d-reuse-distance 2 --commit-interval 32 --pending-mbarriers 1 --wait-mode nocount --smem-base-offset 0 --interference-mode none --interference-ops-per-iter 0 --interference-warps 4 --active-blocks 0
status=ok
experiment=04_smem_layout_address
gpu=NVIDIA Thor
compute_capability=11.0
sm_count=20
active_blocks=20
dtype=bf16
shape=m128n256k16
m=128
n=256
k=16
layout=none
q=32
iterations=128
collector_protocol=discard
collector_reuse=0
ws_mode=0
ws_buffer_count=1
operand_address_mode=same
input_d=0
tmem_columns=512
d_base_column=0
d_tile_base_delta=256
independent_d_count=2
d_reuse_distance=2
commit_interval=32
pending_mbarriers=1
wait_polling_mode=nocount
smem_base_offset=0
interference_mode=none
interference_ops_per_iter=0
interference_warps=4
elapsed_cycles=3678179
poll_count=0
max_abs_error=0.832031250
guard_ok=1
interference_sink=0.000000000

$ /xplorer/shijy/CUDA_optimazation/microbench/mma_config/04_smem_layout_address/build/tcgen05_04_smem_layout_address_bench --dtype bf16 --shape m128n256k16 --layout none --q 32 --iterations 128 --collector-protocol discard --collector-reuse 0 --ws 0 --ws-buffer-count 1 --operand-address-mode same --input-d 0 --tmem-columns 512 --d-base-column 0 --d-tile-base-delta 256 --independent-d-count 2 --d-reuse-distance 2 --commit-interval 32 --pending-mbarriers 1 --wait-mode nocount --smem-base-offset 0 --interference-mode none --interference-ops-per-iter 0 --interference-warps 4 --active-blocks 0
status=ok
experiment=04_smem_layout_address
gpu=NVIDIA Thor
compute_capability=11.0
sm_count=20
active_blocks=20
dtype=bf16
shape=m128n256k16
m=128
n=256
k=16
layout=none
q=32
iterations=128
collector_protocol=discard
collector_reuse=0
ws_mode=0
ws_buffer_count=1
operand_address_mode=same
input_d=0
tmem_columns=512
d_base_column=0
d_tile_base_delta=256
independent_d_count=2
d_reuse_distance=2
commit_interval=32
pending_mbarriers=1
wait_polling_mode=nocount
smem_base_offset=0
interference_mode=none
interference_ops_per_iter=0
interference_warps=4
elapsed_cycles=3678183
poll_count=0
max_abs_error=0.832031250
guard_ok=1
interference_sink=0.000000000

$ /xplorer/shijy/CUDA_optimazation/microbench/mma_config/04_smem_layout_address/build/tcgen05_04_smem_layout_address_bench --dtype bf16 --shape m128n128k16 --layout sw32 --q 32 --iterations 128 --collector-protocol discard --collector-reuse 0 --ws 0 --ws-buffer-count 1 --operand-address-mode same --input-d 0 --tmem-columns 512 --d-base-column 0 --d-tile-base-delta 128 --independent-d-count 4 --d-reuse-distance 4 --commit-interval 32 --pending-mbarriers 1 --wait-mode nocount --smem-base-offset 16 --interference-mode none --interference-ops-per-iter 0 --interference-warps 4 --active-blocks 0
status=cuda_error
invalid_reason=misaligned address

$ /xplorer/shijy/CUDA_optimazation/microbench/mma_config/04_smem_layout_address/build/tcgen05_04_smem_layout_address_bench --dtype bf16 --shape m128n128k16 --layout sw32 --q 32 --iterations 128 --collector-protocol discard --collector-reuse 0 --ws 0 --ws-buffer-count 1 --operand-address-mode same --input-d 0 --tmem-columns 512 --d-base-column 0 --d-tile-base-delta 128 --independent-d-count 4 --d-reuse-distance 4 --commit-interval 32 --pending-mbarriers 1 --wait-mode nocount --smem-base-offset 16 --interference-mode none --interference-ops-per-iter 0 --interference-warps 4 --active-blocks 0
status=cuda_error
invalid_reason=misaligned address

$ /xplorer/shijy/CUDA_optimazation/microbench/mma_config/04_smem_layout_address/build/tcgen05_04_smem_layout_address_bench --dtype bf16 --shape m128n128k16 --layout sw32 --q 32 --iterations 128 --collector-protocol discard --collector-reuse 0 --ws 0 --ws-buffer-count 1 --operand-address-mode same --input-d 0 --tmem-columns 512 --d-base-column 0 --d-tile-base-delta 128 --independent-d-count 4 --d-reuse-distance 4 --commit-interval 32 --pending-mbarriers 1 --wait-mode nocount --smem-base-offset 16 --interference-mode none --interference-ops-per-iter 0 --interference-warps 4 --active-blocks 0
status=cuda_error
invalid_reason=misaligned address

$ /xplorer/shijy/CUDA_optimazation/microbench/mma_config/04_smem_layout_address/build/tcgen05_04_smem_layout_address_bench --dtype bf16 --shape m128n128k16 --layout sw32 --q 32 --iterations 128 --collector-protocol discard --collector-reuse 0 --ws 0 --ws-buffer-count 1 --operand-address-mode same --input-d 0 --tmem-columns 512 --d-base-column 0 --d-tile-base-delta 128 --independent-d-count 4 --d-reuse-distance 4 --commit-interval 32 --pending-mbarriers 1 --wait-mode nocount --smem-base-offset 16 --interference-mode none --interference-ops-per-iter 0 --interference-warps 4 --active-blocks 0
status=cuda_error
invalid_reason=misaligned address

$ /xplorer/shijy/CUDA_optimazation/microbench/mma_config/04_smem_layout_address/build/tcgen05_04_smem_layout_address_bench --dtype bf16 --shape m128n128k16 --layout sw32 --q 32 --iterations 128 --collector-protocol discard --collector-reuse 0 --ws 0 --ws-buffer-count 1 --operand-address-mode same --input-d 0 --tmem-columns 512 --d-base-column 0 --d-tile-base-delta 128 --independent-d-count 4 --d-reuse-distance 4 --commit-interval 32 --pending-mbarriers 1 --wait-mode nocount --smem-base-offset 16 --interference-mode none --interference-ops-per-iter 0 --interference-warps 4 --active-blocks 0
status=cuda_error
invalid_reason=misaligned address

$ /xplorer/shijy/CUDA_optimazation/microbench/mma_config/04_smem_layout_address/build/tcgen05_04_smem_layout_address_bench --dtype fp16 --shape m128n256k16 --layout none --q 32 --iterations 128 --collector-protocol discard --collector-reuse 0 --ws 0 --ws-buffer-count 1 --operand-address-mode same --input-d 0 --tmem-columns 512 --d-base-column 0 --d-tile-base-delta 256 --independent-d-count 2 --d-reuse-distance 2 --commit-interval 32 --pending-mbarriers 1 --wait-mode nocount --smem-base-offset 64 --interference-mode none --interference-ops-per-iter 0 --interference-warps 4 --active-blocks 0
status=cuda_error
invalid_reason=misaligned address

$ /xplorer/shijy/CUDA_optimazation/microbench/mma_config/04_smem_layout_address/build/tcgen05_04_smem_layout_address_bench --dtype fp16 --shape m128n256k16 --layout none --q 32 --iterations 128 --collector-protocol discard --collector-reuse 0 --ws 0 --ws-buffer-count 1 --operand-address-mode same --input-d 0 --tmem-columns 512 --d-base-column 0 --d-tile-base-delta 256 --independent-d-count 2 --d-reuse-distance 2 --commit-interval 32 --pending-mbarriers 1 --wait-mode nocount --smem-base-offset 64 --interference-mode none --interference-ops-per-iter 0 --interference-warps 4 --active-blocks 0
status=cuda_error
invalid_reason=misaligned address

$ /xplorer/shijy/CUDA_optimazation/microbench/mma_config/04_smem_layout_address/build/tcgen05_04_smem_layout_address_bench --dtype fp16 --shape m128n256k16 --layout none --q 32 --iterations 128 --collector-protocol discard --collector-reuse 0 --ws 0 --ws-buffer-count 1 --operand-address-mode same --input-d 0 --tmem-columns 512 --d-base-column 0 --d-tile-base-delta 256 --independent-d-count 2 --d-reuse-distance 2 --commit-interval 32 --pending-mbarriers 1 --wait-mode nocount --smem-base-offset 64 --interference-mode none --interference-ops-per-iter 0 --interference-warps 4 --active-blocks 0
status=cuda_error
invalid_reason=misaligned address

$ /xplorer/shijy/CUDA_optimazation/microbench/mma_config/04_smem_layout_address/build/tcgen05_04_smem_layout_address_bench --dtype fp16 --shape m128n256k16 --layout none --q 32 --iterations 128 --collector-protocol discard --collector-reuse 0 --ws 0 --ws-buffer-count 1 --operand-address-mode same --input-d 0 --tmem-columns 512 --d-base-column 0 --d-tile-base-delta 256 --independent-d-count 2 --d-reuse-distance 2 --commit-interval 32 --pending-mbarriers 1 --wait-mode nocount --smem-base-offset 64 --interference-mode none --interference-ops-per-iter 0 --interference-warps 4 --active-blocks 0
status=cuda_error
invalid_reason=misaligned address

$ /xplorer/shijy/CUDA_optimazation/microbench/mma_config/04_smem_layout_address/build/tcgen05_04_smem_layout_address_bench --dtype fp16 --shape m128n256k16 --layout none --q 32 --iterations 128 --collector-protocol discard --collector-reuse 0 --ws 0 --ws-buffer-count 1 --operand-address-mode same --input-d 0 --tmem-columns 512 --d-base-column 0 --d-tile-base-delta 256 --independent-d-count 2 --d-reuse-distance 2 --commit-interval 32 --pending-mbarriers 1 --wait-mode nocount --smem-base-offset 64 --interference-mode none --interference-ops-per-iter 0 --interference-warps 4 --active-blocks 0
status=cuda_error
invalid_reason=misaligned address

$ /xplorer/shijy/CUDA_optimazation/microbench/mma_config/04_smem_layout_address/build/tcgen05_04_smem_layout_address_bench --dtype bf16 --shape m128n64k16 --layout none --q 32 --iterations 128 --collector-protocol discard --collector-reuse 0 --ws 0 --ws-buffer-count 1 --operand-address-mode same --input-d 0 --tmem-columns 512 --d-base-column 0 --d-tile-base-delta 64 --independent-d-count 8 --d-reuse-distance 8 --commit-interval 32 --pending-mbarriers 1 --wait-mode nocount --smem-base-offset 128 --interference-mode none --interference-ops-per-iter 0 --interference-warps 4 --active-blocks 0
status=ok
experiment=04_smem_layout_address
gpu=NVIDIA Thor
compute_capability=11.0
sm_count=20
active_blocks=20
dtype=bf16
shape=m128n64k16
m=128
n=64
k=16
layout=none
q=32
iterations=128
collector_protocol=discard
collector_reuse=0
ws_mode=0
ws_buffer_count=1
operand_address_mode=same
input_d=0
tmem_columns=512
d_base_column=0
d_tile_base_delta=64
independent_d_count=8
d_reuse_distance=8
commit_interval=32
pending_mbarriers=1
wait_polling_mode=nocount
smem_base_offset=128
interference_mode=none
interference_ops_per_iter=0
interference_warps=4
elapsed_cycles=3678582
poll_count=0
max_abs_error=0.832031250
guard_ok=1
interference_sink=0.000000000

$ /xplorer/shijy/CUDA_optimazation/microbench/mma_config/04_smem_layout_address/build/tcgen05_04_smem_layout_address_bench --dtype bf16 --shape m128n64k16 --layout none --q 32 --iterations 128 --collector-protocol discard --collector-reuse 0 --ws 0 --ws-buffer-count 1 --operand-address-mode same --input-d 0 --tmem-columns 512 --d-base-column 0 --d-tile-base-delta 64 --independent-d-count 8 --d-reuse-distance 8 --commit-interval 32 --pending-mbarriers 1 --wait-mode nocount --smem-base-offset 128 --interference-mode none --interference-ops-per-iter 0 --interference-warps 4 --active-blocks 0
status=ok
experiment=04_smem_layout_address
gpu=NVIDIA Thor
compute_capability=11.0
sm_count=20
active_blocks=20
dtype=bf16
shape=m128n64k16
m=128
n=64
k=16
layout=none
q=32
iterations=128
collector_protocol=discard
collector_reuse=0
ws_mode=0
ws_buffer_count=1
operand_address_mode=same
input_d=0
tmem_columns=512
d_base_column=0
d_tile_base_delta=64
independent_d_count=8
d_reuse_distance=8
commit_interval=32
pending_mbarriers=1
wait_polling_mode=nocount
smem_base_offset=128
interference_mode=none
interference_ops_per_iter=0
interference_warps=4
elapsed_cycles=3678619
poll_count=0
max_abs_error=0.832031250
guard_ok=1
interference_sink=0.000000000

$ /xplorer/shijy/CUDA_optimazation/microbench/mma_config/04_smem_layout_address/build/tcgen05_04_smem_layout_address_bench --dtype bf16 --shape m128n64k16 --layout none --q 32 --iterations 128 --collector-protocol discard --collector-reuse 0 --ws 0 --ws-buffer-count 1 --operand-address-mode same --input-d 0 --tmem-columns 512 --d-base-column 0 --d-tile-base-delta 64 --independent-d-count 8 --d-reuse-distance 8 --commit-interval 32 --pending-mbarriers 1 --wait-mode nocount --smem-base-offset 128 --interference-mode none --interference-ops-per-iter 0 --interference-warps 4 --active-blocks 0
status=ok
experiment=04_smem_layout_address
gpu=NVIDIA Thor
compute_capability=11.0
sm_count=20
active_blocks=20
dtype=bf16
shape=m128n64k16
m=128
n=64
k=16
layout=none
q=32
iterations=128
collector_protocol=discard
collector_reuse=0
ws_mode=0
ws_buffer_count=1
operand_address_mode=same
input_d=0
tmem_columns=512
d_base_column=0
d_tile_base_delta=64
independent_d_count=8
d_reuse_distance=8
commit_interval=32
pending_mbarriers=1
wait_polling_mode=nocount
smem_base_offset=128
interference_mode=none
interference_ops_per_iter=0
interference_warps=4
elapsed_cycles=3678583
poll_count=0
max_abs_error=0.832031250
guard_ok=1
interference_sink=0.000000000

$ /xplorer/shijy/CUDA_optimazation/microbench/mma_config/04_smem_layout_address/build/tcgen05_04_smem_layout_address_bench --dtype bf16 --shape m128n64k16 --layout none --q 32 --iterations 128 --collector-protocol discard --collector-reuse 0 --ws 0 --ws-buffer-count 1 --operand-address-mode same --input-d 0 --tmem-columns 512 --d-base-column 0 --d-tile-base-delta 64 --independent-d-count 8 --d-reuse-distance 8 --commit-interval 32 --pending-mbarriers 1 --wait-mode nocount --smem-base-offset 128 --interference-mode none --interference-ops-per-iter 0 --interference-warps 4 --active-blocks 0
status=ok
experiment=04_smem_layout_address
gpu=NVIDIA Thor
compute_capability=11.0
sm_count=20
active_blocks=20
dtype=bf16
shape=m128n64k16
m=128
n=64
k=16
layout=none
q=32
iterations=128
collector_protocol=discard
collector_reuse=0
ws_mode=0
ws_buffer_count=1
operand_address_mode=same
input_d=0
tmem_columns=512
d_base_column=0
d_tile_base_delta=64
independent_d_count=8
d_reuse_distance=8
commit_interval=32
pending_mbarriers=1
wait_polling_mode=nocount
smem_base_offset=128
interference_mode=none
interference_ops_per_iter=0
interference_warps=4
elapsed_cycles=3678629
poll_count=0
max_abs_error=0.832031250
guard_ok=1
interference_sink=0.000000000

$ /xplorer/shijy/CUDA_optimazation/microbench/mma_config/04_smem_layout_address/build/tcgen05_04_smem_layout_address_bench --dtype bf16 --shape m128n64k16 --layout none --q 32 --iterations 128 --collector-protocol discard --collector-reuse 0 --ws 0 --ws-buffer-count 1 --operand-address-mode same --input-d 0 --tmem-columns 512 --d-base-column 0 --d-tile-base-delta 64 --independent-d-count 8 --d-reuse-distance 8 --commit-interval 32 --pending-mbarriers 1 --wait-mode nocount --smem-base-offset 128 --interference-mode none --interference-ops-per-iter 0 --interference-warps 4 --active-blocks 0
status=ok
experiment=04_smem_layout_address
gpu=NVIDIA Thor
compute_capability=11.0
sm_count=20
active_blocks=20
dtype=bf16
shape=m128n64k16
m=128
n=64
k=16
layout=none
q=32
iterations=128
collector_protocol=discard
collector_reuse=0
ws_mode=0
ws_buffer_count=1
operand_address_mode=same
input_d=0
tmem_columns=512
d_base_column=0
d_tile_base_delta=64
independent_d_count=8
d_reuse_distance=8
commit_interval=32
pending_mbarriers=1
wait_polling_mode=nocount
smem_base_offset=128
interference_mode=none
interference_ops_per_iter=0
interference_warps=4
elapsed_cycles=3678575
poll_count=0
max_abs_error=0.832031250
guard_ok=1
interference_sink=0.000000000

$ /xplorer/shijy/CUDA_optimazation/microbench/mma_config/04_smem_layout_address/build/tcgen05_04_smem_layout_address_bench --dtype fp16 --shape m128n64k16 --layout sw64 --q 32 --iterations 128 --collector-protocol discard --collector-reuse 0 --ws 0 --ws-buffer-count 1 --operand-address-mode same --input-d 0 --tmem-columns 512 --d-base-column 0 --d-tile-base-delta 64 --independent-d-count 8 --d-reuse-distance 8 --commit-interval 32 --pending-mbarriers 1 --wait-mode nocount --smem-base-offset 16 --interference-mode none --interference-ops-per-iter 0 --interference-warps 4 --active-blocks 0
status=cuda_error
invalid_reason=misaligned address

$ /xplorer/shijy/CUDA_optimazation/microbench/mma_config/04_smem_layout_address/build/tcgen05_04_smem_layout_address_bench --dtype fp16 --shape m128n64k16 --layout sw64 --q 32 --iterations 128 --collector-protocol discard --collector-reuse 0 --ws 0 --ws-buffer-count 1 --operand-address-mode same --input-d 0 --tmem-columns 512 --d-base-column 0 --d-tile-base-delta 64 --independent-d-count 8 --d-reuse-distance 8 --commit-interval 32 --pending-mbarriers 1 --wait-mode nocount --smem-base-offset 16 --interference-mode none --interference-ops-per-iter 0 --interference-warps 4 --active-blocks 0
status=cuda_error
invalid_reason=misaligned address

$ /xplorer/shijy/CUDA_optimazation/microbench/mma_config/04_smem_layout_address/build/tcgen05_04_smem_layout_address_bench --dtype fp16 --shape m128n64k16 --layout sw64 --q 32 --iterations 128 --collector-protocol discard --collector-reuse 0 --ws 0 --ws-buffer-count 1 --operand-address-mode same --input-d 0 --tmem-columns 512 --d-base-column 0 --d-tile-base-delta 64 --independent-d-count 8 --d-reuse-distance 8 --commit-interval 32 --pending-mbarriers 1 --wait-mode nocount --smem-base-offset 16 --interference-mode none --interference-ops-per-iter 0 --interference-warps 4 --active-blocks 0
status=cuda_error
invalid_reason=misaligned address

$ /xplorer/shijy/CUDA_optimazation/microbench/mma_config/04_smem_layout_address/build/tcgen05_04_smem_layout_address_bench --dtype fp16 --shape m128n64k16 --layout sw64 --q 32 --iterations 128 --collector-protocol discard --collector-reuse 0 --ws 0 --ws-buffer-count 1 --operand-address-mode same --input-d 0 --tmem-columns 512 --d-base-column 0 --d-tile-base-delta 64 --independent-d-count 8 --d-reuse-distance 8 --commit-interval 32 --pending-mbarriers 1 --wait-mode nocount --smem-base-offset 16 --interference-mode none --interference-ops-per-iter 0 --interference-warps 4 --active-blocks 0
status=cuda_error
invalid_reason=misaligned address

$ /xplorer/shijy/CUDA_optimazation/microbench/mma_config/04_smem_layout_address/build/tcgen05_04_smem_layout_address_bench --dtype fp16 --shape m128n64k16 --layout sw64 --q 32 --iterations 128 --collector-protocol discard --collector-reuse 0 --ws 0 --ws-buffer-count 1 --operand-address-mode same --input-d 0 --tmem-columns 512 --d-base-column 0 --d-tile-base-delta 64 --independent-d-count 8 --d-reuse-distance 8 --commit-interval 32 --pending-mbarriers 1 --wait-mode nocount --smem-base-offset 16 --interference-mode none --interference-ops-per-iter 0 --interference-warps 4 --active-blocks 0
status=cuda_error
invalid_reason=misaligned address

$ /xplorer/shijy/CUDA_optimazation/microbench/mma_config/04_smem_layout_address/build/tcgen05_04_smem_layout_address_bench --dtype fp16 --shape m128n128k16 --layout none --q 32 --iterations 128 --collector-protocol discard --collector-reuse 0 --ws 0 --ws-buffer-count 1 --operand-address-mode same --input-d 0 --tmem-columns 512 --d-base-column 0 --d-tile-base-delta 128 --independent-d-count 4 --d-reuse-distance 4 --commit-interval 32 --pending-mbarriers 1 --wait-mode nocount --smem-base-offset 32 --interference-mode none --interference-ops-per-iter 0 --interference-warps 4 --active-blocks 0
status=cuda_error
invalid_reason=misaligned address

$ /xplorer/shijy/CUDA_optimazation/microbench/mma_config/04_smem_layout_address/build/tcgen05_04_smem_layout_address_bench --dtype fp16 --shape m128n128k16 --layout none --q 32 --iterations 128 --collector-protocol discard --collector-reuse 0 --ws 0 --ws-buffer-count 1 --operand-address-mode same --input-d 0 --tmem-columns 512 --d-base-column 0 --d-tile-base-delta 128 --independent-d-count 4 --d-reuse-distance 4 --commit-interval 32 --pending-mbarriers 1 --wait-mode nocount --smem-base-offset 32 --interference-mode none --interference-ops-per-iter 0 --interference-warps 4 --active-blocks 0
status=cuda_error
invalid_reason=misaligned address

$ /xplorer/shijy/CUDA_optimazation/microbench/mma_config/04_smem_layout_address/build/tcgen05_04_smem_layout_address_bench --dtype fp16 --shape m128n128k16 --layout none --q 32 --iterations 128 --collector-protocol discard --collector-reuse 0 --ws 0 --ws-buffer-count 1 --operand-address-mode same --input-d 0 --tmem-columns 512 --d-base-column 0 --d-tile-base-delta 128 --independent-d-count 4 --d-reuse-distance 4 --commit-interval 32 --pending-mbarriers 1 --wait-mode nocount --smem-base-offset 32 --interference-mode none --interference-ops-per-iter 0 --interference-warps 4 --active-blocks 0
status=cuda_error
invalid_reason=misaligned address

$ /xplorer/shijy/CUDA_optimazation/microbench/mma_config/04_smem_layout_address/build/tcgen05_04_smem_layout_address_bench --dtype fp16 --shape m128n128k16 --layout none --q 32 --iterations 128 --collector-protocol discard --collector-reuse 0 --ws 0 --ws-buffer-count 1 --operand-address-mode same --input-d 0 --tmem-columns 512 --d-base-column 0 --d-tile-base-delta 128 --independent-d-count 4 --d-reuse-distance 4 --commit-interval 32 --pending-mbarriers 1 --wait-mode nocount --smem-base-offset 32 --interference-mode none --interference-ops-per-iter 0 --interference-warps 4 --active-blocks 0
status=cuda_error
invalid_reason=misaligned address

$ /xplorer/shijy/CUDA_optimazation/microbench/mma_config/04_smem_layout_address/build/tcgen05_04_smem_layout_address_bench --dtype fp16 --shape m128n128k16 --layout none --q 32 --iterations 128 --collector-protocol discard --collector-reuse 0 --ws 0 --ws-buffer-count 1 --operand-address-mode same --input-d 0 --tmem-columns 512 --d-base-column 0 --d-tile-base-delta 128 --independent-d-count 4 --d-reuse-distance 4 --commit-interval 32 --pending-mbarriers 1 --wait-mode nocount --smem-base-offset 32 --interference-mode none --interference-ops-per-iter 0 --interference-warps 4 --active-blocks 0
status=cuda_error
invalid_reason=misaligned address

$ /xplorer/shijy/CUDA_optimazation/microbench/mma_config/04_smem_layout_address/build/tcgen05_04_smem_layout_address_bench --dtype bf16 --shape m128n256k16 --layout sw32 --q 32 --iterations 128 --collector-protocol discard --collector-reuse 0 --ws 0 --ws-buffer-count 1 --operand-address-mode same --input-d 0 --tmem-columns 512 --d-base-column 0 --d-tile-base-delta 256 --independent-d-count 2 --d-reuse-distance 2 --commit-interval 32 --pending-mbarriers 1 --wait-mode nocount --smem-base-offset 16 --interference-mode none --interference-ops-per-iter 0 --interference-warps 4 --active-blocks 0
status=cuda_error
invalid_reason=misaligned address

$ /xplorer/shijy/CUDA_optimazation/microbench/mma_config/04_smem_layout_address/build/tcgen05_04_smem_layout_address_bench --dtype bf16 --shape m128n256k16 --layout sw32 --q 32 --iterations 128 --collector-protocol discard --collector-reuse 0 --ws 0 --ws-buffer-count 1 --operand-address-mode same --input-d 0 --tmem-columns 512 --d-base-column 0 --d-tile-base-delta 256 --independent-d-count 2 --d-reuse-distance 2 --commit-interval 32 --pending-mbarriers 1 --wait-mode nocount --smem-base-offset 16 --interference-mode none --interference-ops-per-iter 0 --interference-warps 4 --active-blocks 0
status=cuda_error
invalid_reason=misaligned address

$ /xplorer/shijy/CUDA_optimazation/microbench/mma_config/04_smem_layout_address/build/tcgen05_04_smem_layout_address_bench --dtype bf16 --shape m128n256k16 --layout sw32 --q 32 --iterations 128 --collector-protocol discard --collector-reuse 0 --ws 0 --ws-buffer-count 1 --operand-address-mode same --input-d 0 --tmem-columns 512 --d-base-column 0 --d-tile-base-delta 256 --independent-d-count 2 --d-reuse-distance 2 --commit-interval 32 --pending-mbarriers 1 --wait-mode nocount --smem-base-offset 16 --interference-mode none --interference-ops-per-iter 0 --interference-warps 4 --active-blocks 0
status=cuda_error
invalid_reason=misaligned address

$ /xplorer/shijy/CUDA_optimazation/microbench/mma_config/04_smem_layout_address/build/tcgen05_04_smem_layout_address_bench --dtype bf16 --shape m128n256k16 --layout sw32 --q 32 --iterations 128 --collector-protocol discard --collector-reuse 0 --ws 0 --ws-buffer-count 1 --operand-address-mode same --input-d 0 --tmem-columns 512 --d-base-column 0 --d-tile-base-delta 256 --independent-d-count 2 --d-reuse-distance 2 --commit-interval 32 --pending-mbarriers 1 --wait-mode nocount --smem-base-offset 16 --interference-mode none --interference-ops-per-iter 0 --interference-warps 4 --active-blocks 0
status=cuda_error
invalid_reason=misaligned address

$ /xplorer/shijy/CUDA_optimazation/microbench/mma_config/04_smem_layout_address/build/tcgen05_04_smem_layout_address_bench --dtype bf16 --shape m128n256k16 --layout sw32 --q 32 --iterations 128 --collector-protocol discard --collector-reuse 0 --ws 0 --ws-buffer-count 1 --operand-address-mode same --input-d 0 --tmem-columns 512 --d-base-column 0 --d-tile-base-delta 256 --independent-d-count 2 --d-reuse-distance 2 --commit-interval 32 --pending-mbarriers 1 --wait-mode nocount --smem-base-offset 16 --interference-mode none --interference-ops-per-iter 0 --interference-warps 4 --active-blocks 0
status=cuda_error
invalid_reason=misaligned address

$ /xplorer/shijy/CUDA_optimazation/microbench/mma_config/04_smem_layout_address/build/tcgen05_04_smem_layout_address_bench --dtype fp16 --shape m128n64k16 --layout none --q 32 --iterations 128 --collector-protocol discard --collector-reuse 0 --ws 0 --ws-buffer-count 1 --operand-address-mode same --input-d 0 --tmem-columns 512 --d-base-column 0 --d-tile-base-delta 64 --independent-d-count 8 --d-reuse-distance 8 --commit-interval 32 --pending-mbarriers 1 --wait-mode nocount --smem-base-offset 128 --interference-mode none --interference-ops-per-iter 0 --interference-warps 4 --active-blocks 0
status=ok
experiment=04_smem_layout_address
gpu=NVIDIA Thor
compute_capability=11.0
sm_count=20
active_blocks=20
dtype=fp16
shape=m128n64k16
m=128
n=64
k=16
layout=none
q=32
iterations=128
collector_protocol=discard
collector_reuse=0
ws_mode=0
ws_buffer_count=1
operand_address_mode=same
input_d=0
tmem_columns=512
d_base_column=0
d_tile_base_delta=64
independent_d_count=8
d_reuse_distance=8
commit_interval=32
pending_mbarriers=1
wait_polling_mode=nocount
smem_base_offset=128
interference_mode=none
interference_ops_per_iter=0
interference_warps=4
elapsed_cycles=3678581
poll_count=0
max_abs_error=0.832031250
guard_ok=1
interference_sink=0.000000000

$ /xplorer/shijy/CUDA_optimazation/microbench/mma_config/04_smem_layout_address/build/tcgen05_04_smem_layout_address_bench --dtype fp16 --shape m128n64k16 --layout none --q 32 --iterations 128 --collector-protocol discard --collector-reuse 0 --ws 0 --ws-buffer-count 1 --operand-address-mode same --input-d 0 --tmem-columns 512 --d-base-column 0 --d-tile-base-delta 64 --independent-d-count 8 --d-reuse-distance 8 --commit-interval 32 --pending-mbarriers 1 --wait-mode nocount --smem-base-offset 128 --interference-mode none --interference-ops-per-iter 0 --interference-warps 4 --active-blocks 0
status=ok
experiment=04_smem_layout_address
gpu=NVIDIA Thor
compute_capability=11.0
sm_count=20
active_blocks=20
dtype=fp16
shape=m128n64k16
m=128
n=64
k=16
layout=none
q=32
iterations=128
collector_protocol=discard
collector_reuse=0
ws_mode=0
ws_buffer_count=1
operand_address_mode=same
input_d=0
tmem_columns=512
d_base_column=0
d_tile_base_delta=64
independent_d_count=8
d_reuse_distance=8
commit_interval=32
pending_mbarriers=1
wait_polling_mode=nocount
smem_base_offset=128
interference_mode=none
interference_ops_per_iter=0
interference_warps=4
elapsed_cycles=3678619
poll_count=0
max_abs_error=0.832031250
guard_ok=1
interference_sink=0.000000000

$ /xplorer/shijy/CUDA_optimazation/microbench/mma_config/04_smem_layout_address/build/tcgen05_04_smem_layout_address_bench --dtype fp16 --shape m128n64k16 --layout none --q 32 --iterations 128 --collector-protocol discard --collector-reuse 0 --ws 0 --ws-buffer-count 1 --operand-address-mode same --input-d 0 --tmem-columns 512 --d-base-column 0 --d-tile-base-delta 64 --independent-d-count 8 --d-reuse-distance 8 --commit-interval 32 --pending-mbarriers 1 --wait-mode nocount --smem-base-offset 128 --interference-mode none --interference-ops-per-iter 0 --interference-warps 4 --active-blocks 0
status=ok
experiment=04_smem_layout_address
gpu=NVIDIA Thor
compute_capability=11.0
sm_count=20
active_blocks=20
dtype=fp16
shape=m128n64k16
m=128
n=64
k=16
layout=none
q=32
iterations=128
collector_protocol=discard
collector_reuse=0
ws_mode=0
ws_buffer_count=1
operand_address_mode=same
input_d=0
tmem_columns=512
d_base_column=0
d_tile_base_delta=64
independent_d_count=8
d_reuse_distance=8
commit_interval=32
pending_mbarriers=1
wait_polling_mode=nocount
smem_base_offset=128
interference_mode=none
interference_ops_per_iter=0
interference_warps=4
elapsed_cycles=3678620
poll_count=0
max_abs_error=0.832031250
guard_ok=1
interference_sink=0.000000000

$ /xplorer/shijy/CUDA_optimazation/microbench/mma_config/04_smem_layout_address/build/tcgen05_04_smem_layout_address_bench --dtype fp16 --shape m128n64k16 --layout none --q 32 --iterations 128 --collector-protocol discard --collector-reuse 0 --ws 0 --ws-buffer-count 1 --operand-address-mode same --input-d 0 --tmem-columns 512 --d-base-column 0 --d-tile-base-delta 64 --independent-d-count 8 --d-reuse-distance 8 --commit-interval 32 --pending-mbarriers 1 --wait-mode nocount --smem-base-offset 128 --interference-mode none --interference-ops-per-iter 0 --interference-warps 4 --active-blocks 0
status=ok
experiment=04_smem_layout_address
gpu=NVIDIA Thor
compute_capability=11.0
sm_count=20
active_blocks=20
dtype=fp16
shape=m128n64k16
m=128
n=64
k=16
layout=none
q=32
iterations=128
collector_protocol=discard
collector_reuse=0
ws_mode=0
ws_buffer_count=1
operand_address_mode=same
input_d=0
tmem_columns=512
d_base_column=0
d_tile_base_delta=64
independent_d_count=8
d_reuse_distance=8
commit_interval=32
pending_mbarriers=1
wait_polling_mode=nocount
smem_base_offset=128
interference_mode=none
interference_ops_per_iter=0
interference_warps=4
elapsed_cycles=3678581
poll_count=0
max_abs_error=0.832031250
guard_ok=1
interference_sink=0.000000000

$ /xplorer/shijy/CUDA_optimazation/microbench/mma_config/04_smem_layout_address/build/tcgen05_04_smem_layout_address_bench --dtype fp16 --shape m128n64k16 --layout none --q 32 --iterations 128 --collector-protocol discard --collector-reuse 0 --ws 0 --ws-buffer-count 1 --operand-address-mode same --input-d 0 --tmem-columns 512 --d-base-column 0 --d-tile-base-delta 64 --independent-d-count 8 --d-reuse-distance 8 --commit-interval 32 --pending-mbarriers 1 --wait-mode nocount --smem-base-offset 128 --interference-mode none --interference-ops-per-iter 0 --interference-warps 4 --active-blocks 0
status=ok
experiment=04_smem_layout_address
gpu=NVIDIA Thor
compute_capability=11.0
sm_count=20
active_blocks=20
dtype=fp16
shape=m128n64k16
m=128
n=64
k=16
layout=none
q=32
iterations=128
collector_protocol=discard
collector_reuse=0
ws_mode=0
ws_buffer_count=1
operand_address_mode=same
input_d=0
tmem_columns=512
d_base_column=0
d_tile_base_delta=64
independent_d_count=8
d_reuse_distance=8
commit_interval=32
pending_mbarriers=1
wait_polling_mode=nocount
smem_base_offset=128
interference_mode=none
interference_ops_per_iter=0
interference_warps=4
elapsed_cycles=3678583
poll_count=0
max_abs_error=0.832031250
guard_ok=1
interference_sink=0.000000000

$ /xplorer/shijy/CUDA_optimazation/microbench/mma_config/04_smem_layout_address/build/tcgen05_04_smem_layout_address_bench --dtype fp16 --shape m128n256k16 --layout none --q 32 --iterations 128 --collector-protocol discard --collector-reuse 0 --ws 0 --ws-buffer-count 1 --operand-address-mode same --input-d 0 --tmem-columns 512 --d-base-column 0 --d-tile-base-delta 256 --independent-d-count 2 --d-reuse-distance 2 --commit-interval 32 --pending-mbarriers 1 --wait-mode nocount --smem-base-offset 128 --interference-mode none --interference-ops-per-iter 0 --interference-warps 4 --active-blocks 0
status=ok
experiment=04_smem_layout_address
gpu=NVIDIA Thor
compute_capability=11.0
sm_count=20
active_blocks=20
dtype=fp16
shape=m128n256k16
m=128
n=256
k=16
layout=none
q=32
iterations=128
collector_protocol=discard
collector_reuse=0
ws_mode=0
ws_buffer_count=1
operand_address_mode=same
input_d=0
tmem_columns=512
d_base_column=0
d_tile_base_delta=256
independent_d_count=2
d_reuse_distance=2
commit_interval=32
pending_mbarriers=1
wait_polling_mode=nocount
smem_base_offset=128
interference_mode=none
interference_ops_per_iter=0
interference_warps=4
elapsed_cycles=3678179
poll_count=0
max_abs_error=0.832031250
guard_ok=1
interference_sink=0.000000000

$ /xplorer/shijy/CUDA_optimazation/microbench/mma_config/04_smem_layout_address/build/tcgen05_04_smem_layout_address_bench --dtype fp16 --shape m128n256k16 --layout none --q 32 --iterations 128 --collector-protocol discard --collector-reuse 0 --ws 0 --ws-buffer-count 1 --operand-address-mode same --input-d 0 --tmem-columns 512 --d-base-column 0 --d-tile-base-delta 256 --independent-d-count 2 --d-reuse-distance 2 --commit-interval 32 --pending-mbarriers 1 --wait-mode nocount --smem-base-offset 128 --interference-mode none --interference-ops-per-iter 0 --interference-warps 4 --active-blocks 0
status=ok
experiment=04_smem_layout_address
gpu=NVIDIA Thor
compute_capability=11.0
sm_count=20
active_blocks=20
dtype=fp16
shape=m128n256k16
m=128
n=256
k=16
layout=none
q=32
iterations=128
collector_protocol=discard
collector_reuse=0
ws_mode=0
ws_buffer_count=1
operand_address_mode=same
input_d=0
tmem_columns=512
d_base_column=0
d_tile_base_delta=256
independent_d_count=2
d_reuse_distance=2
commit_interval=32
pending_mbarriers=1
wait_polling_mode=nocount
smem_base_offset=128
interference_mode=none
interference_ops_per_iter=0
interference_warps=4
elapsed_cycles=3678179
poll_count=0
max_abs_error=0.832031250
guard_ok=1
interference_sink=0.000000000

$ /xplorer/shijy/CUDA_optimazation/microbench/mma_config/04_smem_layout_address/build/tcgen05_04_smem_layout_address_bench --dtype fp16 --shape m128n256k16 --layout none --q 32 --iterations 128 --collector-protocol discard --collector-reuse 0 --ws 0 --ws-buffer-count 1 --operand-address-mode same --input-d 0 --tmem-columns 512 --d-base-column 0 --d-tile-base-delta 256 --independent-d-count 2 --d-reuse-distance 2 --commit-interval 32 --pending-mbarriers 1 --wait-mode nocount --smem-base-offset 128 --interference-mode none --interference-ops-per-iter 0 --interference-warps 4 --active-blocks 0
status=ok
experiment=04_smem_layout_address
gpu=NVIDIA Thor
compute_capability=11.0
sm_count=20
active_blocks=20
dtype=fp16
shape=m128n256k16
m=128
n=256
k=16
layout=none
q=32
iterations=128
collector_protocol=discard
collector_reuse=0
ws_mode=0
ws_buffer_count=1
operand_address_mode=same
input_d=0
tmem_columns=512
d_base_column=0
d_tile_base_delta=256
independent_d_count=2
d_reuse_distance=2
commit_interval=32
pending_mbarriers=1
wait_polling_mode=nocount
smem_base_offset=128
interference_mode=none
interference_ops_per_iter=0
interference_warps=4
elapsed_cycles=3678183
poll_count=0
max_abs_error=0.832031250
guard_ok=1
interference_sink=0.000000000

$ /xplorer/shijy/CUDA_optimazation/microbench/mma_config/04_smem_layout_address/build/tcgen05_04_smem_layout_address_bench --dtype fp16 --shape m128n256k16 --layout none --q 32 --iterations 128 --collector-protocol discard --collector-reuse 0 --ws 0 --ws-buffer-count 1 --operand-address-mode same --input-d 0 --tmem-columns 512 --d-base-column 0 --d-tile-base-delta 256 --independent-d-count 2 --d-reuse-distance 2 --commit-interval 32 --pending-mbarriers 1 --wait-mode nocount --smem-base-offset 128 --interference-mode none --interference-ops-per-iter 0 --interference-warps 4 --active-blocks 0
status=ok
experiment=04_smem_layout_address
gpu=NVIDIA Thor
compute_capability=11.0
sm_count=20
active_blocks=20
dtype=fp16
shape=m128n256k16
m=128
n=256
k=16
layout=none
q=32
iterations=128
collector_protocol=discard
collector_reuse=0
ws_mode=0
ws_buffer_count=1
operand_address_mode=same
input_d=0
tmem_columns=512
d_base_column=0
d_tile_base_delta=256
independent_d_count=2
d_reuse_distance=2
commit_interval=32
pending_mbarriers=1
wait_polling_mode=nocount
smem_base_offset=128
interference_mode=none
interference_ops_per_iter=0
interference_warps=4
elapsed_cycles=3678179
poll_count=0
max_abs_error=0.832031250
guard_ok=1
interference_sink=0.000000000

$ /xplorer/shijy/CUDA_optimazation/microbench/mma_config/04_smem_layout_address/build/tcgen05_04_smem_layout_address_bench --dtype fp16 --shape m128n256k16 --layout none --q 32 --iterations 128 --collector-protocol discard --collector-reuse 0 --ws 0 --ws-buffer-count 1 --operand-address-mode same --input-d 0 --tmem-columns 512 --d-base-column 0 --d-tile-base-delta 256 --independent-d-count 2 --d-reuse-distance 2 --commit-interval 32 --pending-mbarriers 1 --wait-mode nocount --smem-base-offset 128 --interference-mode none --interference-ops-per-iter 0 --interference-warps 4 --active-blocks 0
status=ok
experiment=04_smem_layout_address
gpu=NVIDIA Thor
compute_capability=11.0
sm_count=20
active_blocks=20
dtype=fp16
shape=m128n256k16
m=128
n=256
k=16
layout=none
q=32
iterations=128
collector_protocol=discard
collector_reuse=0
ws_mode=0
ws_buffer_count=1
operand_address_mode=same
input_d=0
tmem_columns=512
d_base_column=0
d_tile_base_delta=256
independent_d_count=2
d_reuse_distance=2
commit_interval=32
pending_mbarriers=1
wait_polling_mode=nocount
smem_base_offset=128
interference_mode=none
interference_ops_per_iter=0
interference_warps=4
elapsed_cycles=3678182
poll_count=0
max_abs_error=0.832031250
guard_ok=1
interference_sink=0.000000000

$ /xplorer/shijy/CUDA_optimazation/microbench/mma_config/04_smem_layout_address/build/tcgen05_04_smem_layout_address_bench --dtype fp16 --shape m128n256k16 --layout sw32 --q 32 --iterations 128 --collector-protocol discard --collector-reuse 0 --ws 0 --ws-buffer-count 1 --operand-address-mode same --input-d 0 --tmem-columns 512 --d-base-column 0 --d-tile-base-delta 256 --independent-d-count 2 --d-reuse-distance 2 --commit-interval 32 --pending-mbarriers 1 --wait-mode nocount --smem-base-offset 16 --interference-mode none --interference-ops-per-iter 0 --interference-warps 4 --active-blocks 0
status=cuda_error
invalid_reason=misaligned address

$ /xplorer/shijy/CUDA_optimazation/microbench/mma_config/04_smem_layout_address/build/tcgen05_04_smem_layout_address_bench --dtype fp16 --shape m128n256k16 --layout sw32 --q 32 --iterations 128 --collector-protocol discard --collector-reuse 0 --ws 0 --ws-buffer-count 1 --operand-address-mode same --input-d 0 --tmem-columns 512 --d-base-column 0 --d-tile-base-delta 256 --independent-d-count 2 --d-reuse-distance 2 --commit-interval 32 --pending-mbarriers 1 --wait-mode nocount --smem-base-offset 16 --interference-mode none --interference-ops-per-iter 0 --interference-warps 4 --active-blocks 0
status=cuda_error
invalid_reason=misaligned address

$ /xplorer/shijy/CUDA_optimazation/microbench/mma_config/04_smem_layout_address/build/tcgen05_04_smem_layout_address_bench --dtype fp16 --shape m128n256k16 --layout sw32 --q 32 --iterations 128 --collector-protocol discard --collector-reuse 0 --ws 0 --ws-buffer-count 1 --operand-address-mode same --input-d 0 --tmem-columns 512 --d-base-column 0 --d-tile-base-delta 256 --independent-d-count 2 --d-reuse-distance 2 --commit-interval 32 --pending-mbarriers 1 --wait-mode nocount --smem-base-offset 16 --interference-mode none --interference-ops-per-iter 0 --interference-warps 4 --active-blocks 0
status=cuda_error
invalid_reason=misaligned address

$ /xplorer/shijy/CUDA_optimazation/microbench/mma_config/04_smem_layout_address/build/tcgen05_04_smem_layout_address_bench --dtype fp16 --shape m128n256k16 --layout sw32 --q 32 --iterations 128 --collector-protocol discard --collector-reuse 0 --ws 0 --ws-buffer-count 1 --operand-address-mode same --input-d 0 --tmem-columns 512 --d-base-column 0 --d-tile-base-delta 256 --independent-d-count 2 --d-reuse-distance 2 --commit-interval 32 --pending-mbarriers 1 --wait-mode nocount --smem-base-offset 16 --interference-mode none --interference-ops-per-iter 0 --interference-warps 4 --active-blocks 0
status=cuda_error
invalid_reason=misaligned address

$ /xplorer/shijy/CUDA_optimazation/microbench/mma_config/04_smem_layout_address/build/tcgen05_04_smem_layout_address_bench --dtype fp16 --shape m128n256k16 --layout sw32 --q 32 --iterations 128 --collector-protocol discard --collector-reuse 0 --ws 0 --ws-buffer-count 1 --operand-address-mode same --input-d 0 --tmem-columns 512 --d-base-column 0 --d-tile-base-delta 256 --independent-d-count 2 --d-reuse-distance 2 --commit-interval 32 --pending-mbarriers 1 --wait-mode nocount --smem-base-offset 16 --interference-mode none --interference-ops-per-iter 0 --interference-warps 4 --active-blocks 0
status=cuda_error
invalid_reason=misaligned address

$ /xplorer/shijy/CUDA_optimazation/microbench/mma_config/04_smem_layout_address/build/tcgen05_04_smem_layout_address_bench --dtype bf16 --shape m128n256k16 --layout sw32 --q 32 --iterations 128 --collector-protocol discard --collector-reuse 0 --ws 0 --ws-buffer-count 1 --operand-address-mode same --input-d 0 --tmem-columns 512 --d-base-column 0 --d-tile-base-delta 256 --independent-d-count 2 --d-reuse-distance 2 --commit-interval 32 --pending-mbarriers 1 --wait-mode nocount --smem-base-offset 32 --interference-mode none --interference-ops-per-iter 0 --interference-warps 4 --active-blocks 0
status=cuda_error
invalid_reason=misaligned address

$ /xplorer/shijy/CUDA_optimazation/microbench/mma_config/04_smem_layout_address/build/tcgen05_04_smem_layout_address_bench --dtype bf16 --shape m128n256k16 --layout sw32 --q 32 --iterations 128 --collector-protocol discard --collector-reuse 0 --ws 0 --ws-buffer-count 1 --operand-address-mode same --input-d 0 --tmem-columns 512 --d-base-column 0 --d-tile-base-delta 256 --independent-d-count 2 --d-reuse-distance 2 --commit-interval 32 --pending-mbarriers 1 --wait-mode nocount --smem-base-offset 32 --interference-mode none --interference-ops-per-iter 0 --interference-warps 4 --active-blocks 0
status=cuda_error
invalid_reason=misaligned address

$ /xplorer/shijy/CUDA_optimazation/microbench/mma_config/04_smem_layout_address/build/tcgen05_04_smem_layout_address_bench --dtype bf16 --shape m128n256k16 --layout sw32 --q 32 --iterations 128 --collector-protocol discard --collector-reuse 0 --ws 0 --ws-buffer-count 1 --operand-address-mode same --input-d 0 --tmem-columns 512 --d-base-column 0 --d-tile-base-delta 256 --independent-d-count 2 --d-reuse-distance 2 --commit-interval 32 --pending-mbarriers 1 --wait-mode nocount --smem-base-offset 32 --interference-mode none --interference-ops-per-iter 0 --interference-warps 4 --active-blocks 0
status=cuda_error
invalid_reason=misaligned address

$ /xplorer/shijy/CUDA_optimazation/microbench/mma_config/04_smem_layout_address/build/tcgen05_04_smem_layout_address_bench --dtype bf16 --shape m128n256k16 --layout sw32 --q 32 --iterations 128 --collector-protocol discard --collector-reuse 0 --ws 0 --ws-buffer-count 1 --operand-address-mode same --input-d 0 --tmem-columns 512 --d-base-column 0 --d-tile-base-delta 256 --independent-d-count 2 --d-reuse-distance 2 --commit-interval 32 --pending-mbarriers 1 --wait-mode nocount --smem-base-offset 32 --interference-mode none --interference-ops-per-iter 0 --interference-warps 4 --active-blocks 0
status=cuda_error
invalid_reason=misaligned address

$ /xplorer/shijy/CUDA_optimazation/microbench/mma_config/04_smem_layout_address/build/tcgen05_04_smem_layout_address_bench --dtype bf16 --shape m128n256k16 --layout sw32 --q 32 --iterations 128 --collector-protocol discard --collector-reuse 0 --ws 0 --ws-buffer-count 1 --operand-address-mode same --input-d 0 --tmem-columns 512 --d-base-column 0 --d-tile-base-delta 256 --independent-d-count 2 --d-reuse-distance 2 --commit-interval 32 --pending-mbarriers 1 --wait-mode nocount --smem-base-offset 32 --interference-mode none --interference-ops-per-iter 0 --interference-warps 4 --active-blocks 0
status=cuda_error
invalid_reason=misaligned address

$ /xplorer/shijy/CUDA_optimazation/microbench/mma_config/04_smem_layout_address/build/tcgen05_04_smem_layout_address_bench --dtype fp16 --shape m128n64k16 --layout sw64 --q 32 --iterations 128 --collector-protocol discard --collector-reuse 0 --ws 0 --ws-buffer-count 1 --operand-address-mode same --input-d 0 --tmem-columns 512 --d-base-column 0 --d-tile-base-delta 64 --independent-d-count 8 --d-reuse-distance 8 --commit-interval 32 --pending-mbarriers 1 --wait-mode nocount --smem-base-offset 32 --interference-mode none --interference-ops-per-iter 0 --interference-warps 4 --active-blocks 0
status=cuda_error
invalid_reason=misaligned address

$ /xplorer/shijy/CUDA_optimazation/microbench/mma_config/04_smem_layout_address/build/tcgen05_04_smem_layout_address_bench --dtype fp16 --shape m128n64k16 --layout sw64 --q 32 --iterations 128 --collector-protocol discard --collector-reuse 0 --ws 0 --ws-buffer-count 1 --operand-address-mode same --input-d 0 --tmem-columns 512 --d-base-column 0 --d-tile-base-delta 64 --independent-d-count 8 --d-reuse-distance 8 --commit-interval 32 --pending-mbarriers 1 --wait-mode nocount --smem-base-offset 32 --interference-mode none --interference-ops-per-iter 0 --interference-warps 4 --active-blocks 0
status=cuda_error
invalid_reason=misaligned address

$ /xplorer/shijy/CUDA_optimazation/microbench/mma_config/04_smem_layout_address/build/tcgen05_04_smem_layout_address_bench --dtype fp16 --shape m128n64k16 --layout sw64 --q 32 --iterations 128 --collector-protocol discard --collector-reuse 0 --ws 0 --ws-buffer-count 1 --operand-address-mode same --input-d 0 --tmem-columns 512 --d-base-column 0 --d-tile-base-delta 64 --independent-d-count 8 --d-reuse-distance 8 --commit-interval 32 --pending-mbarriers 1 --wait-mode nocount --smem-base-offset 32 --interference-mode none --interference-ops-per-iter 0 --interference-warps 4 --active-blocks 0
status=cuda_error
invalid_reason=misaligned address

$ /xplorer/shijy/CUDA_optimazation/microbench/mma_config/04_smem_layout_address/build/tcgen05_04_smem_layout_address_bench --dtype fp16 --shape m128n64k16 --layout sw64 --q 32 --iterations 128 --collector-protocol discard --collector-reuse 0 --ws 0 --ws-buffer-count 1 --operand-address-mode same --input-d 0 --tmem-columns 512 --d-base-column 0 --d-tile-base-delta 64 --independent-d-count 8 --d-reuse-distance 8 --commit-interval 32 --pending-mbarriers 1 --wait-mode nocount --smem-base-offset 32 --interference-mode none --interference-ops-per-iter 0 --interference-warps 4 --active-blocks 0
status=cuda_error
invalid_reason=misaligned address

$ /xplorer/shijy/CUDA_optimazation/microbench/mma_config/04_smem_layout_address/build/tcgen05_04_smem_layout_address_bench --dtype fp16 --shape m128n64k16 --layout sw64 --q 32 --iterations 128 --collector-protocol discard --collector-reuse 0 --ws 0 --ws-buffer-count 1 --operand-address-mode same --input-d 0 --tmem-columns 512 --d-base-column 0 --d-tile-base-delta 64 --independent-d-count 8 --d-reuse-distance 8 --commit-interval 32 --pending-mbarriers 1 --wait-mode nocount --smem-base-offset 32 --interference-mode none --interference-ops-per-iter 0 --interference-warps 4 --active-blocks 0
status=cuda_error
invalid_reason=misaligned address

$ /xplorer/shijy/CUDA_optimazation/microbench/mma_config/04_smem_layout_address/build/tcgen05_04_smem_layout_address_bench --dtype bf16 --shape m128n128k16 --layout none --q 32 --iterations 128 --collector-protocol discard --collector-reuse 0 --ws 0 --ws-buffer-count 1 --operand-address-mode same --input-d 0 --tmem-columns 512 --d-base-column 0 --d-tile-base-delta 128 --independent-d-count 4 --d-reuse-distance 4 --commit-interval 32 --pending-mbarriers 1 --wait-mode nocount --smem-base-offset 16 --interference-mode none --interference-ops-per-iter 0 --interference-warps 4 --active-blocks 0
status=cuda_error
invalid_reason=misaligned address

$ /xplorer/shijy/CUDA_optimazation/microbench/mma_config/04_smem_layout_address/build/tcgen05_04_smem_layout_address_bench --dtype bf16 --shape m128n128k16 --layout none --q 32 --iterations 128 --collector-protocol discard --collector-reuse 0 --ws 0 --ws-buffer-count 1 --operand-address-mode same --input-d 0 --tmem-columns 512 --d-base-column 0 --d-tile-base-delta 128 --independent-d-count 4 --d-reuse-distance 4 --commit-interval 32 --pending-mbarriers 1 --wait-mode nocount --smem-base-offset 16 --interference-mode none --interference-ops-per-iter 0 --interference-warps 4 --active-blocks 0
status=cuda_error
invalid_reason=misaligned address

$ /xplorer/shijy/CUDA_optimazation/microbench/mma_config/04_smem_layout_address/build/tcgen05_04_smem_layout_address_bench --dtype bf16 --shape m128n128k16 --layout none --q 32 --iterations 128 --collector-protocol discard --collector-reuse 0 --ws 0 --ws-buffer-count 1 --operand-address-mode same --input-d 0 --tmem-columns 512 --d-base-column 0 --d-tile-base-delta 128 --independent-d-count 4 --d-reuse-distance 4 --commit-interval 32 --pending-mbarriers 1 --wait-mode nocount --smem-base-offset 16 --interference-mode none --interference-ops-per-iter 0 --interference-warps 4 --active-blocks 0
status=cuda_error
invalid_reason=misaligned address

$ /xplorer/shijy/CUDA_optimazation/microbench/mma_config/04_smem_layout_address/build/tcgen05_04_smem_layout_address_bench --dtype bf16 --shape m128n128k16 --layout none --q 32 --iterations 128 --collector-protocol discard --collector-reuse 0 --ws 0 --ws-buffer-count 1 --operand-address-mode same --input-d 0 --tmem-columns 512 --d-base-column 0 --d-tile-base-delta 128 --independent-d-count 4 --d-reuse-distance 4 --commit-interval 32 --pending-mbarriers 1 --wait-mode nocount --smem-base-offset 16 --interference-mode none --interference-ops-per-iter 0 --interference-warps 4 --active-blocks 0
status=cuda_error
invalid_reason=misaligned address

$ /xplorer/shijy/CUDA_optimazation/microbench/mma_config/04_smem_layout_address/build/tcgen05_04_smem_layout_address_bench --dtype bf16 --shape m128n128k16 --layout none --q 32 --iterations 128 --collector-protocol discard --collector-reuse 0 --ws 0 --ws-buffer-count 1 --operand-address-mode same --input-d 0 --tmem-columns 512 --d-base-column 0 --d-tile-base-delta 128 --independent-d-count 4 --d-reuse-distance 4 --commit-interval 32 --pending-mbarriers 1 --wait-mode nocount --smem-base-offset 16 --interference-mode none --interference-ops-per-iter 0 --interference-warps 4 --active-blocks 0
status=cuda_error
invalid_reason=misaligned address

$ /xplorer/shijy/CUDA_optimazation/microbench/mma_config/04_smem_layout_address/build/tcgen05_04_smem_layout_address_bench --dtype bf16 --shape m128n256k16 --layout sw128 --q 32 --iterations 128 --collector-protocol discard --collector-reuse 0 --ws 0 --ws-buffer-count 1 --operand-address-mode same --input-d 0 --tmem-columns 512 --d-base-column 0 --d-tile-base-delta 256 --independent-d-count 2 --d-reuse-distance 2 --commit-interval 32 --pending-mbarriers 1 --wait-mode nocount --smem-base-offset 64 --interference-mode none --interference-ops-per-iter 0 --interference-warps 4 --active-blocks 0
status=cuda_error
invalid_reason=misaligned address

$ /xplorer/shijy/CUDA_optimazation/microbench/mma_config/04_smem_layout_address/build/tcgen05_04_smem_layout_address_bench --dtype bf16 --shape m128n256k16 --layout sw128 --q 32 --iterations 128 --collector-protocol discard --collector-reuse 0 --ws 0 --ws-buffer-count 1 --operand-address-mode same --input-d 0 --tmem-columns 512 --d-base-column 0 --d-tile-base-delta 256 --independent-d-count 2 --d-reuse-distance 2 --commit-interval 32 --pending-mbarriers 1 --wait-mode nocount --smem-base-offset 64 --interference-mode none --interference-ops-per-iter 0 --interference-warps 4 --active-blocks 0
status=cuda_error
invalid_reason=misaligned address

$ /xplorer/shijy/CUDA_optimazation/microbench/mma_config/04_smem_layout_address/build/tcgen05_04_smem_layout_address_bench --dtype bf16 --shape m128n256k16 --layout sw128 --q 32 --iterations 128 --collector-protocol discard --collector-reuse 0 --ws 0 --ws-buffer-count 1 --operand-address-mode same --input-d 0 --tmem-columns 512 --d-base-column 0 --d-tile-base-delta 256 --independent-d-count 2 --d-reuse-distance 2 --commit-interval 32 --pending-mbarriers 1 --wait-mode nocount --smem-base-offset 64 --interference-mode none --interference-ops-per-iter 0 --interference-warps 4 --active-blocks 0
status=cuda_error
invalid_reason=misaligned address

$ /xplorer/shijy/CUDA_optimazation/microbench/mma_config/04_smem_layout_address/build/tcgen05_04_smem_layout_address_bench --dtype bf16 --shape m128n256k16 --layout sw128 --q 32 --iterations 128 --collector-protocol discard --collector-reuse 0 --ws 0 --ws-buffer-count 1 --operand-address-mode same --input-d 0 --tmem-columns 512 --d-base-column 0 --d-tile-base-delta 256 --independent-d-count 2 --d-reuse-distance 2 --commit-interval 32 --pending-mbarriers 1 --wait-mode nocount --smem-base-offset 64 --interference-mode none --interference-ops-per-iter 0 --interference-warps 4 --active-blocks 0
status=cuda_error
invalid_reason=misaligned address

$ /xplorer/shijy/CUDA_optimazation/microbench/mma_config/04_smem_layout_address/build/tcgen05_04_smem_layout_address_bench --dtype bf16 --shape m128n256k16 --layout sw128 --q 32 --iterations 128 --collector-protocol discard --collector-reuse 0 --ws 0 --ws-buffer-count 1 --operand-address-mode same --input-d 0 --tmem-columns 512 --d-base-column 0 --d-tile-base-delta 256 --independent-d-count 2 --d-reuse-distance 2 --commit-interval 32 --pending-mbarriers 1 --wait-mode nocount --smem-base-offset 64 --interference-mode none --interference-ops-per-iter 0 --interference-warps 4 --active-blocks 0
status=cuda_error
invalid_reason=misaligned address

$ /xplorer/shijy/CUDA_optimazation/microbench/mma_config/04_smem_layout_address/build/tcgen05_04_smem_layout_address_bench --dtype fp16 --shape m128n128k16 --layout none --q 32 --iterations 128 --collector-protocol discard --collector-reuse 0 --ws 0 --ws-buffer-count 1 --operand-address-mode same --input-d 0 --tmem-columns 512 --d-base-column 0 --d-tile-base-delta 128 --independent-d-count 4 --d-reuse-distance 4 --commit-interval 32 --pending-mbarriers 1 --wait-mode nocount --smem-base-offset 16 --interference-mode none --interference-ops-per-iter 0 --interference-warps 4 --active-blocks 0
status=cuda_error
invalid_reason=misaligned address

$ /xplorer/shijy/CUDA_optimazation/microbench/mma_config/04_smem_layout_address/build/tcgen05_04_smem_layout_address_bench --dtype fp16 --shape m128n128k16 --layout none --q 32 --iterations 128 --collector-protocol discard --collector-reuse 0 --ws 0 --ws-buffer-count 1 --operand-address-mode same --input-d 0 --tmem-columns 512 --d-base-column 0 --d-tile-base-delta 128 --independent-d-count 4 --d-reuse-distance 4 --commit-interval 32 --pending-mbarriers 1 --wait-mode nocount --smem-base-offset 16 --interference-mode none --interference-ops-per-iter 0 --interference-warps 4 --active-blocks 0
status=cuda_error
invalid_reason=misaligned address

$ /xplorer/shijy/CUDA_optimazation/microbench/mma_config/04_smem_layout_address/build/tcgen05_04_smem_layout_address_bench --dtype fp16 --shape m128n128k16 --layout none --q 32 --iterations 128 --collector-protocol discard --collector-reuse 0 --ws 0 --ws-buffer-count 1 --operand-address-mode same --input-d 0 --tmem-columns 512 --d-base-column 0 --d-tile-base-delta 128 --independent-d-count 4 --d-reuse-distance 4 --commit-interval 32 --pending-mbarriers 1 --wait-mode nocount --smem-base-offset 16 --interference-mode none --interference-ops-per-iter 0 --interference-warps 4 --active-blocks 0
status=cuda_error
invalid_reason=misaligned address

$ /xplorer/shijy/CUDA_optimazation/microbench/mma_config/04_smem_layout_address/build/tcgen05_04_smem_layout_address_bench --dtype fp16 --shape m128n128k16 --layout none --q 32 --iterations 128 --collector-protocol discard --collector-reuse 0 --ws 0 --ws-buffer-count 1 --operand-address-mode same --input-d 0 --tmem-columns 512 --d-base-column 0 --d-tile-base-delta 128 --independent-d-count 4 --d-reuse-distance 4 --commit-interval 32 --pending-mbarriers 1 --wait-mode nocount --smem-base-offset 16 --interference-mode none --interference-ops-per-iter 0 --interference-warps 4 --active-blocks 0
status=cuda_error
invalid_reason=misaligned address

$ /xplorer/shijy/CUDA_optimazation/microbench/mma_config/04_smem_layout_address/build/tcgen05_04_smem_layout_address_bench --dtype fp16 --shape m128n128k16 --layout none --q 32 --iterations 128 --collector-protocol discard --collector-reuse 0 --ws 0 --ws-buffer-count 1 --operand-address-mode same --input-d 0 --tmem-columns 512 --d-base-column 0 --d-tile-base-delta 128 --independent-d-count 4 --d-reuse-distance 4 --commit-interval 32 --pending-mbarriers 1 --wait-mode nocount --smem-base-offset 16 --interference-mode none --interference-ops-per-iter 0 --interference-warps 4 --active-blocks 0
status=cuda_error
invalid_reason=misaligned address

$ /xplorer/shijy/CUDA_optimazation/microbench/mma_config/04_smem_layout_address/build/tcgen05_04_smem_layout_address_bench --dtype bf16 --shape m128n256k16 --layout none --q 32 --iterations 128 --collector-protocol discard --collector-reuse 0 --ws 0 --ws-buffer-count 1 --operand-address-mode same --input-d 0 --tmem-columns 512 --d-base-column 0 --d-tile-base-delta 256 --independent-d-count 2 --d-reuse-distance 2 --commit-interval 32 --pending-mbarriers 1 --wait-mode nocount --smem-base-offset 128 --interference-mode none --interference-ops-per-iter 0 --interference-warps 4 --active-blocks 0
status=ok
experiment=04_smem_layout_address
gpu=NVIDIA Thor
compute_capability=11.0
sm_count=20
active_blocks=20
dtype=bf16
shape=m128n256k16
m=128
n=256
k=16
layout=none
q=32
iterations=128
collector_protocol=discard
collector_reuse=0
ws_mode=0
ws_buffer_count=1
operand_address_mode=same
input_d=0
tmem_columns=512
d_base_column=0
d_tile_base_delta=256
independent_d_count=2
d_reuse_distance=2
commit_interval=32
pending_mbarriers=1
wait_polling_mode=nocount
smem_base_offset=128
interference_mode=none
interference_ops_per_iter=0
interference_warps=4
elapsed_cycles=3678182
poll_count=0
max_abs_error=0.832031250
guard_ok=1
interference_sink=0.000000000

$ /xplorer/shijy/CUDA_optimazation/microbench/mma_config/04_smem_layout_address/build/tcgen05_04_smem_layout_address_bench --dtype bf16 --shape m128n256k16 --layout none --q 32 --iterations 128 --collector-protocol discard --collector-reuse 0 --ws 0 --ws-buffer-count 1 --operand-address-mode same --input-d 0 --tmem-columns 512 --d-base-column 0 --d-tile-base-delta 256 --independent-d-count 2 --d-reuse-distance 2 --commit-interval 32 --pending-mbarriers 1 --wait-mode nocount --smem-base-offset 128 --interference-mode none --interference-ops-per-iter 0 --interference-warps 4 --active-blocks 0
status=ok
experiment=04_smem_layout_address
gpu=NVIDIA Thor
compute_capability=11.0
sm_count=20
active_blocks=20
dtype=bf16
shape=m128n256k16
m=128
n=256
k=16
layout=none
q=32
iterations=128
collector_protocol=discard
collector_reuse=0
ws_mode=0
ws_buffer_count=1
operand_address_mode=same
input_d=0
tmem_columns=512
d_base_column=0
d_tile_base_delta=256
independent_d_count=2
d_reuse_distance=2
commit_interval=32
pending_mbarriers=1
wait_polling_mode=nocount
smem_base_offset=128
interference_mode=none
interference_ops_per_iter=0
interference_warps=4
elapsed_cycles=3678179
poll_count=0
max_abs_error=0.832031250
guard_ok=1
interference_sink=0.000000000

$ /xplorer/shijy/CUDA_optimazation/microbench/mma_config/04_smem_layout_address/build/tcgen05_04_smem_layout_address_bench --dtype bf16 --shape m128n256k16 --layout none --q 32 --iterations 128 --collector-protocol discard --collector-reuse 0 --ws 0 --ws-buffer-count 1 --operand-address-mode same --input-d 0 --tmem-columns 512 --d-base-column 0 --d-tile-base-delta 256 --independent-d-count 2 --d-reuse-distance 2 --commit-interval 32 --pending-mbarriers 1 --wait-mode nocount --smem-base-offset 128 --interference-mode none --interference-ops-per-iter 0 --interference-warps 4 --active-blocks 0
status=ok
experiment=04_smem_layout_address
gpu=NVIDIA Thor
compute_capability=11.0
sm_count=20
active_blocks=20
dtype=bf16
shape=m128n256k16
m=128
n=256
k=16
layout=none
q=32
iterations=128
collector_protocol=discard
collector_reuse=0
ws_mode=0
ws_buffer_count=1
operand_address_mode=same
input_d=0
tmem_columns=512
d_base_column=0
d_tile_base_delta=256
independent_d_count=2
d_reuse_distance=2
commit_interval=32
pending_mbarriers=1
wait_polling_mode=nocount
smem_base_offset=128
interference_mode=none
interference_ops_per_iter=0
interference_warps=4
elapsed_cycles=3678178
poll_count=0
max_abs_error=0.832031250
guard_ok=1
interference_sink=0.000000000

$ /xplorer/shijy/CUDA_optimazation/microbench/mma_config/04_smem_layout_address/build/tcgen05_04_smem_layout_address_bench --dtype bf16 --shape m128n256k16 --layout none --q 32 --iterations 128 --collector-protocol discard --collector-reuse 0 --ws 0 --ws-buffer-count 1 --operand-address-mode same --input-d 0 --tmem-columns 512 --d-base-column 0 --d-tile-base-delta 256 --independent-d-count 2 --d-reuse-distance 2 --commit-interval 32 --pending-mbarriers 1 --wait-mode nocount --smem-base-offset 128 --interference-mode none --interference-ops-per-iter 0 --interference-warps 4 --active-blocks 0
status=ok
experiment=04_smem_layout_address
gpu=NVIDIA Thor
compute_capability=11.0
sm_count=20
active_blocks=20
dtype=bf16
shape=m128n256k16
m=128
n=256
k=16
layout=none
q=32
iterations=128
collector_protocol=discard
collector_reuse=0
ws_mode=0
ws_buffer_count=1
operand_address_mode=same
input_d=0
tmem_columns=512
d_base_column=0
d_tile_base_delta=256
independent_d_count=2
d_reuse_distance=2
commit_interval=32
pending_mbarriers=1
wait_polling_mode=nocount
smem_base_offset=128
interference_mode=none
interference_ops_per_iter=0
interference_warps=4
elapsed_cycles=3678179
poll_count=0
max_abs_error=0.832031250
guard_ok=1
interference_sink=0.000000000

$ /xplorer/shijy/CUDA_optimazation/microbench/mma_config/04_smem_layout_address/build/tcgen05_04_smem_layout_address_bench --dtype bf16 --shape m128n256k16 --layout none --q 32 --iterations 128 --collector-protocol discard --collector-reuse 0 --ws 0 --ws-buffer-count 1 --operand-address-mode same --input-d 0 --tmem-columns 512 --d-base-column 0 --d-tile-base-delta 256 --independent-d-count 2 --d-reuse-distance 2 --commit-interval 32 --pending-mbarriers 1 --wait-mode nocount --smem-base-offset 128 --interference-mode none --interference-ops-per-iter 0 --interference-warps 4 --active-blocks 0
status=ok
experiment=04_smem_layout_address
gpu=NVIDIA Thor
compute_capability=11.0
sm_count=20
active_blocks=20
dtype=bf16
shape=m128n256k16
m=128
n=256
k=16
layout=none
q=32
iterations=128
collector_protocol=discard
collector_reuse=0
ws_mode=0
ws_buffer_count=1
operand_address_mode=same
input_d=0
tmem_columns=512
d_base_column=0
d_tile_base_delta=256
independent_d_count=2
d_reuse_distance=2
commit_interval=32
pending_mbarriers=1
wait_polling_mode=nocount
smem_base_offset=128
interference_mode=none
interference_ops_per_iter=0
interference_warps=4
elapsed_cycles=3678179
poll_count=0
max_abs_error=0.832031250
guard_ok=1
interference_sink=0.000000000

$ /xplorer/shijy/CUDA_optimazation/microbench/mma_config/04_smem_layout_address/build/tcgen05_04_smem_layout_address_bench --dtype bf16 --shape m128n128k16 --layout none --q 32 --iterations 128 --collector-protocol discard --collector-reuse 0 --ws 0 --ws-buffer-count 1 --operand-address-mode same --input-d 0 --tmem-columns 512 --d-base-column 0 --d-tile-base-delta 128 --independent-d-count 4 --d-reuse-distance 4 --commit-interval 32 --pending-mbarriers 1 --wait-mode nocount --smem-base-offset 32 --interference-mode none --interference-ops-per-iter 0 --interference-warps 4 --active-blocks 0
status=cuda_error
invalid_reason=misaligned address

$ /xplorer/shijy/CUDA_optimazation/microbench/mma_config/04_smem_layout_address/build/tcgen05_04_smem_layout_address_bench --dtype bf16 --shape m128n128k16 --layout none --q 32 --iterations 128 --collector-protocol discard --collector-reuse 0 --ws 0 --ws-buffer-count 1 --operand-address-mode same --input-d 0 --tmem-columns 512 --d-base-column 0 --d-tile-base-delta 128 --independent-d-count 4 --d-reuse-distance 4 --commit-interval 32 --pending-mbarriers 1 --wait-mode nocount --smem-base-offset 32 --interference-mode none --interference-ops-per-iter 0 --interference-warps 4 --active-blocks 0
status=cuda_error
invalid_reason=misaligned address

$ /xplorer/shijy/CUDA_optimazation/microbench/mma_config/04_smem_layout_address/build/tcgen05_04_smem_layout_address_bench --dtype bf16 --shape m128n128k16 --layout none --q 32 --iterations 128 --collector-protocol discard --collector-reuse 0 --ws 0 --ws-buffer-count 1 --operand-address-mode same --input-d 0 --tmem-columns 512 --d-base-column 0 --d-tile-base-delta 128 --independent-d-count 4 --d-reuse-distance 4 --commit-interval 32 --pending-mbarriers 1 --wait-mode nocount --smem-base-offset 32 --interference-mode none --interference-ops-per-iter 0 --interference-warps 4 --active-blocks 0
status=cuda_error
invalid_reason=misaligned address

$ /xplorer/shijy/CUDA_optimazation/microbench/mma_config/04_smem_layout_address/build/tcgen05_04_smem_layout_address_bench --dtype bf16 --shape m128n128k16 --layout none --q 32 --iterations 128 --collector-protocol discard --collector-reuse 0 --ws 0 --ws-buffer-count 1 --operand-address-mode same --input-d 0 --tmem-columns 512 --d-base-column 0 --d-tile-base-delta 128 --independent-d-count 4 --d-reuse-distance 4 --commit-interval 32 --pending-mbarriers 1 --wait-mode nocount --smem-base-offset 32 --interference-mode none --interference-ops-per-iter 0 --interference-warps 4 --active-blocks 0
status=cuda_error
invalid_reason=misaligned address

$ /xplorer/shijy/CUDA_optimazation/microbench/mma_config/04_smem_layout_address/build/tcgen05_04_smem_layout_address_bench --dtype bf16 --shape m128n128k16 --layout none --q 32 --iterations 128 --collector-protocol discard --collector-reuse 0 --ws 0 --ws-buffer-count 1 --operand-address-mode same --input-d 0 --tmem-columns 512 --d-base-column 0 --d-tile-base-delta 128 --independent-d-count 4 --d-reuse-distance 4 --commit-interval 32 --pending-mbarriers 1 --wait-mode nocount --smem-base-offset 32 --interference-mode none --interference-ops-per-iter 0 --interference-warps 4 --active-blocks 0
status=cuda_error
invalid_reason=misaligned address

$ /xplorer/shijy/CUDA_optimazation/microbench/mma_config/04_smem_layout_address/build/tcgen05_04_smem_layout_address_bench --dtype bf16 --shape m128n64k16 --layout sw128 --q 32 --iterations 128 --collector-protocol discard --collector-reuse 0 --ws 0 --ws-buffer-count 1 --operand-address-mode same --input-d 0 --tmem-columns 512 --d-base-column 0 --d-tile-base-delta 64 --independent-d-count 8 --d-reuse-distance 8 --commit-interval 32 --pending-mbarriers 1 --wait-mode nocount --smem-base-offset 32 --interference-mode none --interference-ops-per-iter 0 --interference-warps 4 --active-blocks 0
status=cuda_error
invalid_reason=misaligned address

$ /xplorer/shijy/CUDA_optimazation/microbench/mma_config/04_smem_layout_address/build/tcgen05_04_smem_layout_address_bench --dtype bf16 --shape m128n64k16 --layout sw128 --q 32 --iterations 128 --collector-protocol discard --collector-reuse 0 --ws 0 --ws-buffer-count 1 --operand-address-mode same --input-d 0 --tmem-columns 512 --d-base-column 0 --d-tile-base-delta 64 --independent-d-count 8 --d-reuse-distance 8 --commit-interval 32 --pending-mbarriers 1 --wait-mode nocount --smem-base-offset 32 --interference-mode none --interference-ops-per-iter 0 --interference-warps 4 --active-blocks 0
status=cuda_error
invalid_reason=misaligned address

$ /xplorer/shijy/CUDA_optimazation/microbench/mma_config/04_smem_layout_address/build/tcgen05_04_smem_layout_address_bench --dtype bf16 --shape m128n64k16 --layout sw128 --q 32 --iterations 128 --collector-protocol discard --collector-reuse 0 --ws 0 --ws-buffer-count 1 --operand-address-mode same --input-d 0 --tmem-columns 512 --d-base-column 0 --d-tile-base-delta 64 --independent-d-count 8 --d-reuse-distance 8 --commit-interval 32 --pending-mbarriers 1 --wait-mode nocount --smem-base-offset 32 --interference-mode none --interference-ops-per-iter 0 --interference-warps 4 --active-blocks 0
status=cuda_error
invalid_reason=misaligned address

$ /xplorer/shijy/CUDA_optimazation/microbench/mma_config/04_smem_layout_address/build/tcgen05_04_smem_layout_address_bench --dtype bf16 --shape m128n64k16 --layout sw128 --q 32 --iterations 128 --collector-protocol discard --collector-reuse 0 --ws 0 --ws-buffer-count 1 --operand-address-mode same --input-d 0 --tmem-columns 512 --d-base-column 0 --d-tile-base-delta 64 --independent-d-count 8 --d-reuse-distance 8 --commit-interval 32 --pending-mbarriers 1 --wait-mode nocount --smem-base-offset 32 --interference-mode none --interference-ops-per-iter 0 --interference-warps 4 --active-blocks 0
status=cuda_error
invalid_reason=misaligned address

$ /xplorer/shijy/CUDA_optimazation/microbench/mma_config/04_smem_layout_address/build/tcgen05_04_smem_layout_address_bench --dtype bf16 --shape m128n64k16 --layout sw128 --q 32 --iterations 128 --collector-protocol discard --collector-reuse 0 --ws 0 --ws-buffer-count 1 --operand-address-mode same --input-d 0 --tmem-columns 512 --d-base-column 0 --d-tile-base-delta 64 --independent-d-count 8 --d-reuse-distance 8 --commit-interval 32 --pending-mbarriers 1 --wait-mode nocount --smem-base-offset 32 --interference-mode none --interference-ops-per-iter 0 --interference-warps 4 --active-blocks 0
status=cuda_error
invalid_reason=misaligned address

$ /xplorer/shijy/CUDA_optimazation/microbench/mma_config/04_smem_layout_address/build/tcgen05_04_smem_layout_address_bench --dtype bf16 --shape m128n128k16 --layout none --q 32 --iterations 128 --collector-protocol discard --collector-reuse 0 --ws 0 --ws-buffer-count 1 --operand-address-mode same --input-d 0 --tmem-columns 512 --d-base-column 0 --d-tile-base-delta 128 --independent-d-count 4 --d-reuse-distance 4 --commit-interval 32 --pending-mbarriers 1 --wait-mode nocount --smem-base-offset 256 --interference-mode none --interference-ops-per-iter 0 --interference-warps 4 --active-blocks 0
status=ok
experiment=04_smem_layout_address
gpu=NVIDIA Thor
compute_capability=11.0
sm_count=20
active_blocks=20
dtype=bf16
shape=m128n128k16
m=128
n=128
k=16
layout=none
q=32
iterations=128
collector_protocol=discard
collector_reuse=0
ws_mode=0
ws_buffer_count=1
operand_address_mode=same
input_d=0
tmem_columns=512
d_base_column=0
d_tile_base_delta=128
independent_d_count=4
d_reuse_distance=4
commit_interval=32
pending_mbarriers=1
wait_polling_mode=nocount
smem_base_offset=256
interference_mode=none
interference_ops_per_iter=0
interference_warps=4
elapsed_cycles=3678995
poll_count=0
max_abs_error=0.832031250
guard_ok=1
interference_sink=0.000000000

$ /xplorer/shijy/CUDA_optimazation/microbench/mma_config/04_smem_layout_address/build/tcgen05_04_smem_layout_address_bench --dtype bf16 --shape m128n128k16 --layout none --q 32 --iterations 128 --collector-protocol discard --collector-reuse 0 --ws 0 --ws-buffer-count 1 --operand-address-mode same --input-d 0 --tmem-columns 512 --d-base-column 0 --d-tile-base-delta 128 --independent-d-count 4 --d-reuse-distance 4 --commit-interval 32 --pending-mbarriers 1 --wait-mode nocount --smem-base-offset 256 --interference-mode none --interference-ops-per-iter 0 --interference-warps 4 --active-blocks 0
status=ok
experiment=04_smem_layout_address
gpu=NVIDIA Thor
compute_capability=11.0
sm_count=20
active_blocks=20
dtype=bf16
shape=m128n128k16
m=128
n=128
k=16
layout=none
q=32
iterations=128
collector_protocol=discard
collector_reuse=0
ws_mode=0
ws_buffer_count=1
operand_address_mode=same
input_d=0
tmem_columns=512
d_base_column=0
d_tile_base_delta=128
independent_d_count=4
d_reuse_distance=4
commit_interval=32
pending_mbarriers=1
wait_polling_mode=nocount
smem_base_offset=256
interference_mode=none
interference_ops_per_iter=0
interference_warps=4
elapsed_cycles=3678962
poll_count=0
max_abs_error=0.832031250
guard_ok=1
interference_sink=0.000000000

$ /xplorer/shijy/CUDA_optimazation/microbench/mma_config/04_smem_layout_address/build/tcgen05_04_smem_layout_address_bench --dtype bf16 --shape m128n128k16 --layout none --q 32 --iterations 128 --collector-protocol discard --collector-reuse 0 --ws 0 --ws-buffer-count 1 --operand-address-mode same --input-d 0 --tmem-columns 512 --d-base-column 0 --d-tile-base-delta 128 --independent-d-count 4 --d-reuse-distance 4 --commit-interval 32 --pending-mbarriers 1 --wait-mode nocount --smem-base-offset 256 --interference-mode none --interference-ops-per-iter 0 --interference-warps 4 --active-blocks 0
status=ok
experiment=04_smem_layout_address
gpu=NVIDIA Thor
compute_capability=11.0
sm_count=20
active_blocks=20
dtype=bf16
shape=m128n128k16
m=128
n=128
k=16
layout=none
q=32
iterations=128
collector_protocol=discard
collector_reuse=0
ws_mode=0
ws_buffer_count=1
operand_address_mode=same
input_d=0
tmem_columns=512
d_base_column=0
d_tile_base_delta=128
independent_d_count=4
d_reuse_distance=4
commit_interval=32
pending_mbarriers=1
wait_polling_mode=nocount
smem_base_offset=256
interference_mode=none
interference_ops_per_iter=0
interference_warps=4
elapsed_cycles=3678990
poll_count=0
max_abs_error=0.832031250
guard_ok=1
interference_sink=0.000000000

$ /xplorer/shijy/CUDA_optimazation/microbench/mma_config/04_smem_layout_address/build/tcgen05_04_smem_layout_address_bench --dtype bf16 --shape m128n128k16 --layout none --q 32 --iterations 128 --collector-protocol discard --collector-reuse 0 --ws 0 --ws-buffer-count 1 --operand-address-mode same --input-d 0 --tmem-columns 512 --d-base-column 0 --d-tile-base-delta 128 --independent-d-count 4 --d-reuse-distance 4 --commit-interval 32 --pending-mbarriers 1 --wait-mode nocount --smem-base-offset 256 --interference-mode none --interference-ops-per-iter 0 --interference-warps 4 --active-blocks 0
status=ok
experiment=04_smem_layout_address
gpu=NVIDIA Thor
compute_capability=11.0
sm_count=20
active_blocks=20
dtype=bf16
shape=m128n128k16
m=128
n=128
k=16
layout=none
q=32
iterations=128
collector_protocol=discard
collector_reuse=0
ws_mode=0
ws_buffer_count=1
operand_address_mode=same
input_d=0
tmem_columns=512
d_base_column=0
d_tile_base_delta=128
independent_d_count=4
d_reuse_distance=4
commit_interval=32
pending_mbarriers=1
wait_polling_mode=nocount
smem_base_offset=256
interference_mode=none
interference_ops_per_iter=0
interference_warps=4
elapsed_cycles=3678982
poll_count=0
max_abs_error=0.832031250
guard_ok=1
interference_sink=0.000000000

$ /xplorer/shijy/CUDA_optimazation/microbench/mma_config/04_smem_layout_address/build/tcgen05_04_smem_layout_address_bench --dtype bf16 --shape m128n128k16 --layout none --q 32 --iterations 128 --collector-protocol discard --collector-reuse 0 --ws 0 --ws-buffer-count 1 --operand-address-mode same --input-d 0 --tmem-columns 512 --d-base-column 0 --d-tile-base-delta 128 --independent-d-count 4 --d-reuse-distance 4 --commit-interval 32 --pending-mbarriers 1 --wait-mode nocount --smem-base-offset 256 --interference-mode none --interference-ops-per-iter 0 --interference-warps 4 --active-blocks 0
status=ok
experiment=04_smem_layout_address
gpu=NVIDIA Thor
compute_capability=11.0
sm_count=20
active_blocks=20
dtype=bf16
shape=m128n128k16
m=128
n=128
k=16
layout=none
q=32
iterations=128
collector_protocol=discard
collector_reuse=0
ws_mode=0
ws_buffer_count=1
operand_address_mode=same
input_d=0
tmem_columns=512
d_base_column=0
d_tile_base_delta=128
independent_d_count=4
d_reuse_distance=4
commit_interval=32
pending_mbarriers=1
wait_polling_mode=nocount
smem_base_offset=256
interference_mode=none
interference_ops_per_iter=0
interference_warps=4
elapsed_cycles=3678995
poll_count=0
max_abs_error=0.832031250
guard_ok=1
interference_sink=0.000000000

$ /xplorer/shijy/CUDA_optimazation/microbench/mma_config/04_smem_layout_address/build/tcgen05_04_smem_layout_address_bench --dtype fp16 --shape m128n128k16 --layout sw128 --q 32 --iterations 128 --collector-protocol discard --collector-reuse 0 --ws 0 --ws-buffer-count 1 --operand-address-mode same --input-d 0 --tmem-columns 512 --d-base-column 0 --d-tile-base-delta 128 --independent-d-count 4 --d-reuse-distance 4 --commit-interval 32 --pending-mbarriers 1 --wait-mode nocount --smem-base-offset 16 --interference-mode none --interference-ops-per-iter 0 --interference-warps 4 --active-blocks 0
status=cuda_error
invalid_reason=misaligned address

$ /xplorer/shijy/CUDA_optimazation/microbench/mma_config/04_smem_layout_address/build/tcgen05_04_smem_layout_address_bench --dtype fp16 --shape m128n128k16 --layout sw128 --q 32 --iterations 128 --collector-protocol discard --collector-reuse 0 --ws 0 --ws-buffer-count 1 --operand-address-mode same --input-d 0 --tmem-columns 512 --d-base-column 0 --d-tile-base-delta 128 --independent-d-count 4 --d-reuse-distance 4 --commit-interval 32 --pending-mbarriers 1 --wait-mode nocount --smem-base-offset 16 --interference-mode none --interference-ops-per-iter 0 --interference-warps 4 --active-blocks 0
status=cuda_error
invalid_reason=misaligned address

$ /xplorer/shijy/CUDA_optimazation/microbench/mma_config/04_smem_layout_address/build/tcgen05_04_smem_layout_address_bench --dtype fp16 --shape m128n128k16 --layout sw128 --q 32 --iterations 128 --collector-protocol discard --collector-reuse 0 --ws 0 --ws-buffer-count 1 --operand-address-mode same --input-d 0 --tmem-columns 512 --d-base-column 0 --d-tile-base-delta 128 --independent-d-count 4 --d-reuse-distance 4 --commit-interval 32 --pending-mbarriers 1 --wait-mode nocount --smem-base-offset 16 --interference-mode none --interference-ops-per-iter 0 --interference-warps 4 --active-blocks 0
status=cuda_error
invalid_reason=misaligned address

$ /xplorer/shijy/CUDA_optimazation/microbench/mma_config/04_smem_layout_address/build/tcgen05_04_smem_layout_address_bench --dtype fp16 --shape m128n128k16 --layout sw128 --q 32 --iterations 128 --collector-protocol discard --collector-reuse 0 --ws 0 --ws-buffer-count 1 --operand-address-mode same --input-d 0 --tmem-columns 512 --d-base-column 0 --d-tile-base-delta 128 --independent-d-count 4 --d-reuse-distance 4 --commit-interval 32 --pending-mbarriers 1 --wait-mode nocount --smem-base-offset 16 --interference-mode none --interference-ops-per-iter 0 --interference-warps 4 --active-blocks 0
status=cuda_error
invalid_reason=misaligned address

$ /xplorer/shijy/CUDA_optimazation/microbench/mma_config/04_smem_layout_address/build/tcgen05_04_smem_layout_address_bench --dtype fp16 --shape m128n128k16 --layout sw128 --q 32 --iterations 128 --collector-protocol discard --collector-reuse 0 --ws 0 --ws-buffer-count 1 --operand-address-mode same --input-d 0 --tmem-columns 512 --d-base-column 0 --d-tile-base-delta 128 --independent-d-count 4 --d-reuse-distance 4 --commit-interval 32 --pending-mbarriers 1 --wait-mode nocount --smem-base-offset 16 --interference-mode none --interference-ops-per-iter 0 --interference-warps 4 --active-blocks 0
status=cuda_error
invalid_reason=misaligned address

$ /xplorer/shijy/CUDA_optimazation/microbench/mma_config/04_smem_layout_address/build/tcgen05_04_smem_layout_address_bench --dtype bf16 --shape m128n128k16 --layout sw128 --q 32 --iterations 128 --collector-protocol discard --collector-reuse 0 --ws 0 --ws-buffer-count 1 --operand-address-mode same --input-d 0 --tmem-columns 512 --d-base-column 0 --d-tile-base-delta 128 --independent-d-count 4 --d-reuse-distance 4 --commit-interval 32 --pending-mbarriers 1 --wait-mode nocount --smem-base-offset 64 --interference-mode none --interference-ops-per-iter 0 --interference-warps 4 --active-blocks 0
status=cuda_error
invalid_reason=misaligned address

$ /xplorer/shijy/CUDA_optimazation/microbench/mma_config/04_smem_layout_address/build/tcgen05_04_smem_layout_address_bench --dtype bf16 --shape m128n128k16 --layout sw128 --q 32 --iterations 128 --collector-protocol discard --collector-reuse 0 --ws 0 --ws-buffer-count 1 --operand-address-mode same --input-d 0 --tmem-columns 512 --d-base-column 0 --d-tile-base-delta 128 --independent-d-count 4 --d-reuse-distance 4 --commit-interval 32 --pending-mbarriers 1 --wait-mode nocount --smem-base-offset 64 --interference-mode none --interference-ops-per-iter 0 --interference-warps 4 --active-blocks 0
status=cuda_error
invalid_reason=misaligned address

$ /xplorer/shijy/CUDA_optimazation/microbench/mma_config/04_smem_layout_address/build/tcgen05_04_smem_layout_address_bench --dtype bf16 --shape m128n128k16 --layout sw128 --q 32 --iterations 128 --collector-protocol discard --collector-reuse 0 --ws 0 --ws-buffer-count 1 --operand-address-mode same --input-d 0 --tmem-columns 512 --d-base-column 0 --d-tile-base-delta 128 --independent-d-count 4 --d-reuse-distance 4 --commit-interval 32 --pending-mbarriers 1 --wait-mode nocount --smem-base-offset 64 --interference-mode none --interference-ops-per-iter 0 --interference-warps 4 --active-blocks 0
status=cuda_error
invalid_reason=misaligned address

$ /xplorer/shijy/CUDA_optimazation/microbench/mma_config/04_smem_layout_address/build/tcgen05_04_smem_layout_address_bench --dtype bf16 --shape m128n128k16 --layout sw128 --q 32 --iterations 128 --collector-protocol discard --collector-reuse 0 --ws 0 --ws-buffer-count 1 --operand-address-mode same --input-d 0 --tmem-columns 512 --d-base-column 0 --d-tile-base-delta 128 --independent-d-count 4 --d-reuse-distance 4 --commit-interval 32 --pending-mbarriers 1 --wait-mode nocount --smem-base-offset 64 --interference-mode none --interference-ops-per-iter 0 --interference-warps 4 --active-blocks 0
status=cuda_error
invalid_reason=misaligned address

$ /xplorer/shijy/CUDA_optimazation/microbench/mma_config/04_smem_layout_address/build/tcgen05_04_smem_layout_address_bench --dtype bf16 --shape m128n128k16 --layout sw128 --q 32 --iterations 128 --collector-protocol discard --collector-reuse 0 --ws 0 --ws-buffer-count 1 --operand-address-mode same --input-d 0 --tmem-columns 512 --d-base-column 0 --d-tile-base-delta 128 --independent-d-count 4 --d-reuse-distance 4 --commit-interval 32 --pending-mbarriers 1 --wait-mode nocount --smem-base-offset 64 --interference-mode none --interference-ops-per-iter 0 --interference-warps 4 --active-blocks 0
status=cuda_error
invalid_reason=misaligned address

$ /xplorer/shijy/CUDA_optimazation/microbench/mma_config/04_smem_layout_address/build/tcgen05_04_smem_layout_address_bench --dtype fp16 --shape m128n128k16 --layout sw64 --q 32 --iterations 128 --collector-protocol discard --collector-reuse 0 --ws 0 --ws-buffer-count 1 --operand-address-mode same --input-d 0 --tmem-columns 512 --d-base-column 0 --d-tile-base-delta 128 --independent-d-count 4 --d-reuse-distance 4 --commit-interval 32 --pending-mbarriers 1 --wait-mode nocount --smem-base-offset 16 --interference-mode none --interference-ops-per-iter 0 --interference-warps 4 --active-blocks 0
status=cuda_error
invalid_reason=misaligned address

$ /xplorer/shijy/CUDA_optimazation/microbench/mma_config/04_smem_layout_address/build/tcgen05_04_smem_layout_address_bench --dtype fp16 --shape m128n128k16 --layout sw64 --q 32 --iterations 128 --collector-protocol discard --collector-reuse 0 --ws 0 --ws-buffer-count 1 --operand-address-mode same --input-d 0 --tmem-columns 512 --d-base-column 0 --d-tile-base-delta 128 --independent-d-count 4 --d-reuse-distance 4 --commit-interval 32 --pending-mbarriers 1 --wait-mode nocount --smem-base-offset 16 --interference-mode none --interference-ops-per-iter 0 --interference-warps 4 --active-blocks 0
status=cuda_error
invalid_reason=misaligned address

$ /xplorer/shijy/CUDA_optimazation/microbench/mma_config/04_smem_layout_address/build/tcgen05_04_smem_layout_address_bench --dtype fp16 --shape m128n128k16 --layout sw64 --q 32 --iterations 128 --collector-protocol discard --collector-reuse 0 --ws 0 --ws-buffer-count 1 --operand-address-mode same --input-d 0 --tmem-columns 512 --d-base-column 0 --d-tile-base-delta 128 --independent-d-count 4 --d-reuse-distance 4 --commit-interval 32 --pending-mbarriers 1 --wait-mode nocount --smem-base-offset 16 --interference-mode none --interference-ops-per-iter 0 --interference-warps 4 --active-blocks 0
status=cuda_error
invalid_reason=misaligned address

$ /xplorer/shijy/CUDA_optimazation/microbench/mma_config/04_smem_layout_address/build/tcgen05_04_smem_layout_address_bench --dtype fp16 --shape m128n128k16 --layout sw64 --q 32 --iterations 128 --collector-protocol discard --collector-reuse 0 --ws 0 --ws-buffer-count 1 --operand-address-mode same --input-d 0 --tmem-columns 512 --d-base-column 0 --d-tile-base-delta 128 --independent-d-count 4 --d-reuse-distance 4 --commit-interval 32 --pending-mbarriers 1 --wait-mode nocount --smem-base-offset 16 --interference-mode none --interference-ops-per-iter 0 --interference-warps 4 --active-blocks 0
status=cuda_error
invalid_reason=misaligned address

$ /xplorer/shijy/CUDA_optimazation/microbench/mma_config/04_smem_layout_address/build/tcgen05_04_smem_layout_address_bench --dtype fp16 --shape m128n128k16 --layout sw64 --q 32 --iterations 128 --collector-protocol discard --collector-reuse 0 --ws 0 --ws-buffer-count 1 --operand-address-mode same --input-d 0 --tmem-columns 512 --d-base-column 0 --d-tile-base-delta 128 --independent-d-count 4 --d-reuse-distance 4 --commit-interval 32 --pending-mbarriers 1 --wait-mode nocount --smem-base-offset 16 --interference-mode none --interference-ops-per-iter 0 --interference-warps 4 --active-blocks 0
status=cuda_error
invalid_reason=misaligned address

$ /xplorer/shijy/CUDA_optimazation/microbench/mma_config/04_smem_layout_address/build/tcgen05_04_smem_layout_address_bench --dtype bf16 --shape m128n64k16 --layout none --q 32 --iterations 128 --collector-protocol discard --collector-reuse 0 --ws 0 --ws-buffer-count 1 --operand-address-mode same --input-d 0 --tmem-columns 512 --d-base-column 0 --d-tile-base-delta 64 --independent-d-count 8 --d-reuse-distance 8 --commit-interval 32 --pending-mbarriers 1 --wait-mode nocount --smem-base-offset 32 --interference-mode none --interference-ops-per-iter 0 --interference-warps 4 --active-blocks 0
status=cuda_error
invalid_reason=misaligned address

$ /xplorer/shijy/CUDA_optimazation/microbench/mma_config/04_smem_layout_address/build/tcgen05_04_smem_layout_address_bench --dtype bf16 --shape m128n64k16 --layout none --q 32 --iterations 128 --collector-protocol discard --collector-reuse 0 --ws 0 --ws-buffer-count 1 --operand-address-mode same --input-d 0 --tmem-columns 512 --d-base-column 0 --d-tile-base-delta 64 --independent-d-count 8 --d-reuse-distance 8 --commit-interval 32 --pending-mbarriers 1 --wait-mode nocount --smem-base-offset 32 --interference-mode none --interference-ops-per-iter 0 --interference-warps 4 --active-blocks 0
status=cuda_error
invalid_reason=misaligned address

$ /xplorer/shijy/CUDA_optimazation/microbench/mma_config/04_smem_layout_address/build/tcgen05_04_smem_layout_address_bench --dtype bf16 --shape m128n64k16 --layout none --q 32 --iterations 128 --collector-protocol discard --collector-reuse 0 --ws 0 --ws-buffer-count 1 --operand-address-mode same --input-d 0 --tmem-columns 512 --d-base-column 0 --d-tile-base-delta 64 --independent-d-count 8 --d-reuse-distance 8 --commit-interval 32 --pending-mbarriers 1 --wait-mode nocount --smem-base-offset 32 --interference-mode none --interference-ops-per-iter 0 --interference-warps 4 --active-blocks 0
status=cuda_error
invalid_reason=misaligned address

$ /xplorer/shijy/CUDA_optimazation/microbench/mma_config/04_smem_layout_address/build/tcgen05_04_smem_layout_address_bench --dtype bf16 --shape m128n64k16 --layout none --q 32 --iterations 128 --collector-protocol discard --collector-reuse 0 --ws 0 --ws-buffer-count 1 --operand-address-mode same --input-d 0 --tmem-columns 512 --d-base-column 0 --d-tile-base-delta 64 --independent-d-count 8 --d-reuse-distance 8 --commit-interval 32 --pending-mbarriers 1 --wait-mode nocount --smem-base-offset 32 --interference-mode none --interference-ops-per-iter 0 --interference-warps 4 --active-blocks 0
status=cuda_error
invalid_reason=misaligned address

$ /xplorer/shijy/CUDA_optimazation/microbench/mma_config/04_smem_layout_address/build/tcgen05_04_smem_layout_address_bench --dtype bf16 --shape m128n64k16 --layout none --q 32 --iterations 128 --collector-protocol discard --collector-reuse 0 --ws 0 --ws-buffer-count 1 --operand-address-mode same --input-d 0 --tmem-columns 512 --d-base-column 0 --d-tile-base-delta 64 --independent-d-count 8 --d-reuse-distance 8 --commit-interval 32 --pending-mbarriers 1 --wait-mode nocount --smem-base-offset 32 --interference-mode none --interference-ops-per-iter 0 --interference-warps 4 --active-blocks 0
status=cuda_error
invalid_reason=misaligned address

$ /xplorer/shijy/CUDA_optimazation/microbench/mma_config/04_smem_layout_address/build/tcgen05_04_smem_layout_address_bench --dtype fp16 --shape m128n64k16 --layout sw128 --q 32 --iterations 128 --collector-protocol discard --collector-reuse 0 --ws 0 --ws-buffer-count 1 --operand-address-mode same --input-d 0 --tmem-columns 512 --d-base-column 0 --d-tile-base-delta 64 --independent-d-count 8 --d-reuse-distance 8 --commit-interval 32 --pending-mbarriers 1 --wait-mode nocount --smem-base-offset 64 --interference-mode none --interference-ops-per-iter 0 --interference-warps 4 --active-blocks 0
status=cuda_error
invalid_reason=misaligned address

$ /xplorer/shijy/CUDA_optimazation/microbench/mma_config/04_smem_layout_address/build/tcgen05_04_smem_layout_address_bench --dtype fp16 --shape m128n64k16 --layout sw128 --q 32 --iterations 128 --collector-protocol discard --collector-reuse 0 --ws 0 --ws-buffer-count 1 --operand-address-mode same --input-d 0 --tmem-columns 512 --d-base-column 0 --d-tile-base-delta 64 --independent-d-count 8 --d-reuse-distance 8 --commit-interval 32 --pending-mbarriers 1 --wait-mode nocount --smem-base-offset 64 --interference-mode none --interference-ops-per-iter 0 --interference-warps 4 --active-blocks 0
status=cuda_error
invalid_reason=misaligned address

$ /xplorer/shijy/CUDA_optimazation/microbench/mma_config/04_smem_layout_address/build/tcgen05_04_smem_layout_address_bench --dtype fp16 --shape m128n64k16 --layout sw128 --q 32 --iterations 128 --collector-protocol discard --collector-reuse 0 --ws 0 --ws-buffer-count 1 --operand-address-mode same --input-d 0 --tmem-columns 512 --d-base-column 0 --d-tile-base-delta 64 --independent-d-count 8 --d-reuse-distance 8 --commit-interval 32 --pending-mbarriers 1 --wait-mode nocount --smem-base-offset 64 --interference-mode none --interference-ops-per-iter 0 --interference-warps 4 --active-blocks 0
status=cuda_error
invalid_reason=misaligned address

$ /xplorer/shijy/CUDA_optimazation/microbench/mma_config/04_smem_layout_address/build/tcgen05_04_smem_layout_address_bench --dtype fp16 --shape m128n64k16 --layout sw128 --q 32 --iterations 128 --collector-protocol discard --collector-reuse 0 --ws 0 --ws-buffer-count 1 --operand-address-mode same --input-d 0 --tmem-columns 512 --d-base-column 0 --d-tile-base-delta 64 --independent-d-count 8 --d-reuse-distance 8 --commit-interval 32 --pending-mbarriers 1 --wait-mode nocount --smem-base-offset 64 --interference-mode none --interference-ops-per-iter 0 --interference-warps 4 --active-blocks 0
status=cuda_error
invalid_reason=misaligned address

$ /xplorer/shijy/CUDA_optimazation/microbench/mma_config/04_smem_layout_address/build/tcgen05_04_smem_layout_address_bench --dtype fp16 --shape m128n64k16 --layout sw128 --q 32 --iterations 128 --collector-protocol discard --collector-reuse 0 --ws 0 --ws-buffer-count 1 --operand-address-mode same --input-d 0 --tmem-columns 512 --d-base-column 0 --d-tile-base-delta 64 --independent-d-count 8 --d-reuse-distance 8 --commit-interval 32 --pending-mbarriers 1 --wait-mode nocount --smem-base-offset 64 --interference-mode none --interference-ops-per-iter 0 --interference-warps 4 --active-blocks 0
status=cuda_error
invalid_reason=misaligned address

$ /xplorer/shijy/CUDA_optimazation/microbench/mma_config/04_smem_layout_address/build/tcgen05_04_smem_layout_address_bench --dtype bf16 --shape m128n256k16 --layout none --q 32 --iterations 128 --collector-protocol discard --collector-reuse 0 --ws 0 --ws-buffer-count 1 --operand-address-mode same --input-d 0 --tmem-columns 512 --d-base-column 0 --d-tile-base-delta 256 --independent-d-count 2 --d-reuse-distance 2 --commit-interval 32 --pending-mbarriers 1 --wait-mode nocount --smem-base-offset 32 --interference-mode none --interference-ops-per-iter 0 --interference-warps 4 --active-blocks 0
status=cuda_error
invalid_reason=misaligned address

$ /xplorer/shijy/CUDA_optimazation/microbench/mma_config/04_smem_layout_address/build/tcgen05_04_smem_layout_address_bench --dtype bf16 --shape m128n256k16 --layout none --q 32 --iterations 128 --collector-protocol discard --collector-reuse 0 --ws 0 --ws-buffer-count 1 --operand-address-mode same --input-d 0 --tmem-columns 512 --d-base-column 0 --d-tile-base-delta 256 --independent-d-count 2 --d-reuse-distance 2 --commit-interval 32 --pending-mbarriers 1 --wait-mode nocount --smem-base-offset 32 --interference-mode none --interference-ops-per-iter 0 --interference-warps 4 --active-blocks 0
status=cuda_error
invalid_reason=misaligned address

$ /xplorer/shijy/CUDA_optimazation/microbench/mma_config/04_smem_layout_address/build/tcgen05_04_smem_layout_address_bench --dtype bf16 --shape m128n256k16 --layout none --q 32 --iterations 128 --collector-protocol discard --collector-reuse 0 --ws 0 --ws-buffer-count 1 --operand-address-mode same --input-d 0 --tmem-columns 512 --d-base-column 0 --d-tile-base-delta 256 --independent-d-count 2 --d-reuse-distance 2 --commit-interval 32 --pending-mbarriers 1 --wait-mode nocount --smem-base-offset 32 --interference-mode none --interference-ops-per-iter 0 --interference-warps 4 --active-blocks 0
status=cuda_error
invalid_reason=misaligned address

$ /xplorer/shijy/CUDA_optimazation/microbench/mma_config/04_smem_layout_address/build/tcgen05_04_smem_layout_address_bench --dtype bf16 --shape m128n256k16 --layout none --q 32 --iterations 128 --collector-protocol discard --collector-reuse 0 --ws 0 --ws-buffer-count 1 --operand-address-mode same --input-d 0 --tmem-columns 512 --d-base-column 0 --d-tile-base-delta 256 --independent-d-count 2 --d-reuse-distance 2 --commit-interval 32 --pending-mbarriers 1 --wait-mode nocount --smem-base-offset 32 --interference-mode none --interference-ops-per-iter 0 --interference-warps 4 --active-blocks 0
status=cuda_error
invalid_reason=misaligned address

$ /xplorer/shijy/CUDA_optimazation/microbench/mma_config/04_smem_layout_address/build/tcgen05_04_smem_layout_address_bench --dtype bf16 --shape m128n256k16 --layout none --q 32 --iterations 128 --collector-protocol discard --collector-reuse 0 --ws 0 --ws-buffer-count 1 --operand-address-mode same --input-d 0 --tmem-columns 512 --d-base-column 0 --d-tile-base-delta 256 --independent-d-count 2 --d-reuse-distance 2 --commit-interval 32 --pending-mbarriers 1 --wait-mode nocount --smem-base-offset 32 --interference-mode none --interference-ops-per-iter 0 --interference-warps 4 --active-blocks 0
status=cuda_error
invalid_reason=misaligned address

$ /xplorer/shijy/CUDA_optimazation/microbench/mma_config/04_smem_layout_address/build/tcgen05_04_smem_layout_address_bench --dtype bf16 --shape m128n128k16 --layout sw64 --q 32 --iterations 128 --collector-protocol discard --collector-reuse 0 --ws 0 --ws-buffer-count 1 --operand-address-mode same --input-d 0 --tmem-columns 512 --d-base-column 0 --d-tile-base-delta 128 --independent-d-count 4 --d-reuse-distance 4 --commit-interval 32 --pending-mbarriers 1 --wait-mode nocount --smem-base-offset 16 --interference-mode none --interference-ops-per-iter 0 --interference-warps 4 --active-blocks 0
status=cuda_error
invalid_reason=misaligned address

$ /xplorer/shijy/CUDA_optimazation/microbench/mma_config/04_smem_layout_address/build/tcgen05_04_smem_layout_address_bench --dtype bf16 --shape m128n128k16 --layout sw64 --q 32 --iterations 128 --collector-protocol discard --collector-reuse 0 --ws 0 --ws-buffer-count 1 --operand-address-mode same --input-d 0 --tmem-columns 512 --d-base-column 0 --d-tile-base-delta 128 --independent-d-count 4 --d-reuse-distance 4 --commit-interval 32 --pending-mbarriers 1 --wait-mode nocount --smem-base-offset 16 --interference-mode none --interference-ops-per-iter 0 --interference-warps 4 --active-blocks 0
status=cuda_error
invalid_reason=misaligned address

$ /xplorer/shijy/CUDA_optimazation/microbench/mma_config/04_smem_layout_address/build/tcgen05_04_smem_layout_address_bench --dtype bf16 --shape m128n128k16 --layout sw64 --q 32 --iterations 128 --collector-protocol discard --collector-reuse 0 --ws 0 --ws-buffer-count 1 --operand-address-mode same --input-d 0 --tmem-columns 512 --d-base-column 0 --d-tile-base-delta 128 --independent-d-count 4 --d-reuse-distance 4 --commit-interval 32 --pending-mbarriers 1 --wait-mode nocount --smem-base-offset 16 --interference-mode none --interference-ops-per-iter 0 --interference-warps 4 --active-blocks 0
status=cuda_error
invalid_reason=misaligned address

$ /xplorer/shijy/CUDA_optimazation/microbench/mma_config/04_smem_layout_address/build/tcgen05_04_smem_layout_address_bench --dtype bf16 --shape m128n128k16 --layout sw64 --q 32 --iterations 128 --collector-protocol discard --collector-reuse 0 --ws 0 --ws-buffer-count 1 --operand-address-mode same --input-d 0 --tmem-columns 512 --d-base-column 0 --d-tile-base-delta 128 --independent-d-count 4 --d-reuse-distance 4 --commit-interval 32 --pending-mbarriers 1 --wait-mode nocount --smem-base-offset 16 --interference-mode none --interference-ops-per-iter 0 --interference-warps 4 --active-blocks 0
status=cuda_error
invalid_reason=misaligned address

$ /xplorer/shijy/CUDA_optimazation/microbench/mma_config/04_smem_layout_address/build/tcgen05_04_smem_layout_address_bench --dtype bf16 --shape m128n128k16 --layout sw64 --q 32 --iterations 128 --collector-protocol discard --collector-reuse 0 --ws 0 --ws-buffer-count 1 --operand-address-mode same --input-d 0 --tmem-columns 512 --d-base-column 0 --d-tile-base-delta 128 --independent-d-count 4 --d-reuse-distance 4 --commit-interval 32 --pending-mbarriers 1 --wait-mode nocount --smem-base-offset 16 --interference-mode none --interference-ops-per-iter 0 --interference-warps 4 --active-blocks 0
status=cuda_error
invalid_reason=misaligned address

$ /xplorer/shijy/CUDA_optimazation/microbench/mma_config/04_smem_layout_address/build/tcgen05_04_smem_layout_address_bench --dtype fp16 --shape m128n64k16 --layout sw32 --q 32 --iterations 128 --collector-protocol discard --collector-reuse 0 --ws 0 --ws-buffer-count 1 --operand-address-mode same --input-d 0 --tmem-columns 512 --d-base-column 0 --d-tile-base-delta 64 --independent-d-count 8 --d-reuse-distance 8 --commit-interval 32 --pending-mbarriers 1 --wait-mode nocount --smem-base-offset 16 --interference-mode none --interference-ops-per-iter 0 --interference-warps 4 --active-blocks 0
status=cuda_error
invalid_reason=misaligned address

$ /xplorer/shijy/CUDA_optimazation/microbench/mma_config/04_smem_layout_address/build/tcgen05_04_smem_layout_address_bench --dtype fp16 --shape m128n64k16 --layout sw32 --q 32 --iterations 128 --collector-protocol discard --collector-reuse 0 --ws 0 --ws-buffer-count 1 --operand-address-mode same --input-d 0 --tmem-columns 512 --d-base-column 0 --d-tile-base-delta 64 --independent-d-count 8 --d-reuse-distance 8 --commit-interval 32 --pending-mbarriers 1 --wait-mode nocount --smem-base-offset 16 --interference-mode none --interference-ops-per-iter 0 --interference-warps 4 --active-blocks 0
status=cuda_error
invalid_reason=misaligned address

$ /xplorer/shijy/CUDA_optimazation/microbench/mma_config/04_smem_layout_address/build/tcgen05_04_smem_layout_address_bench --dtype fp16 --shape m128n64k16 --layout sw32 --q 32 --iterations 128 --collector-protocol discard --collector-reuse 0 --ws 0 --ws-buffer-count 1 --operand-address-mode same --input-d 0 --tmem-columns 512 --d-base-column 0 --d-tile-base-delta 64 --independent-d-count 8 --d-reuse-distance 8 --commit-interval 32 --pending-mbarriers 1 --wait-mode nocount --smem-base-offset 16 --interference-mode none --interference-ops-per-iter 0 --interference-warps 4 --active-blocks 0
status=cuda_error
invalid_reason=misaligned address

$ /xplorer/shijy/CUDA_optimazation/microbench/mma_config/04_smem_layout_address/build/tcgen05_04_smem_layout_address_bench --dtype fp16 --shape m128n64k16 --layout sw32 --q 32 --iterations 128 --collector-protocol discard --collector-reuse 0 --ws 0 --ws-buffer-count 1 --operand-address-mode same --input-d 0 --tmem-columns 512 --d-base-column 0 --d-tile-base-delta 64 --independent-d-count 8 --d-reuse-distance 8 --commit-interval 32 --pending-mbarriers 1 --wait-mode nocount --smem-base-offset 16 --interference-mode none --interference-ops-per-iter 0 --interference-warps 4 --active-blocks 0
status=cuda_error
invalid_reason=misaligned address

$ /xplorer/shijy/CUDA_optimazation/microbench/mma_config/04_smem_layout_address/build/tcgen05_04_smem_layout_address_bench --dtype fp16 --shape m128n64k16 --layout sw32 --q 32 --iterations 128 --collector-protocol discard --collector-reuse 0 --ws 0 --ws-buffer-count 1 --operand-address-mode same --input-d 0 --tmem-columns 512 --d-base-column 0 --d-tile-base-delta 64 --independent-d-count 8 --d-reuse-distance 8 --commit-interval 32 --pending-mbarriers 1 --wait-mode nocount --smem-base-offset 16 --interference-mode none --interference-ops-per-iter 0 --interference-warps 4 --active-blocks 0
status=cuda_error
invalid_reason=misaligned address

$ /xplorer/shijy/CUDA_optimazation/microbench/mma_config/04_smem_layout_address/build/tcgen05_04_smem_layout_address_bench --dtype fp16 --shape m128n64k16 --layout none --q 32 --iterations 128 --collector-protocol discard --collector-reuse 0 --ws 0 --ws-buffer-count 1 --operand-address-mode same --input-d 0 --tmem-columns 512 --d-base-column 0 --d-tile-base-delta 64 --independent-d-count 8 --d-reuse-distance 8 --commit-interval 32 --pending-mbarriers 1 --wait-mode nocount --smem-base-offset 16 --interference-mode none --interference-ops-per-iter 0 --interference-warps 4 --active-blocks 0
status=cuda_error
invalid_reason=misaligned address

$ /xplorer/shijy/CUDA_optimazation/microbench/mma_config/04_smem_layout_address/build/tcgen05_04_smem_layout_address_bench --dtype fp16 --shape m128n64k16 --layout none --q 32 --iterations 128 --collector-protocol discard --collector-reuse 0 --ws 0 --ws-buffer-count 1 --operand-address-mode same --input-d 0 --tmem-columns 512 --d-base-column 0 --d-tile-base-delta 64 --independent-d-count 8 --d-reuse-distance 8 --commit-interval 32 --pending-mbarriers 1 --wait-mode nocount --smem-base-offset 16 --interference-mode none --interference-ops-per-iter 0 --interference-warps 4 --active-blocks 0
status=cuda_error
invalid_reason=misaligned address

$ /xplorer/shijy/CUDA_optimazation/microbench/mma_config/04_smem_layout_address/build/tcgen05_04_smem_layout_address_bench --dtype fp16 --shape m128n64k16 --layout none --q 32 --iterations 128 --collector-protocol discard --collector-reuse 0 --ws 0 --ws-buffer-count 1 --operand-address-mode same --input-d 0 --tmem-columns 512 --d-base-column 0 --d-tile-base-delta 64 --independent-d-count 8 --d-reuse-distance 8 --commit-interval 32 --pending-mbarriers 1 --wait-mode nocount --smem-base-offset 16 --interference-mode none --interference-ops-per-iter 0 --interference-warps 4 --active-blocks 0
status=cuda_error
invalid_reason=misaligned address

$ /xplorer/shijy/CUDA_optimazation/microbench/mma_config/04_smem_layout_address/build/tcgen05_04_smem_layout_address_bench --dtype fp16 --shape m128n64k16 --layout none --q 32 --iterations 128 --collector-protocol discard --collector-reuse 0 --ws 0 --ws-buffer-count 1 --operand-address-mode same --input-d 0 --tmem-columns 512 --d-base-column 0 --d-tile-base-delta 64 --independent-d-count 8 --d-reuse-distance 8 --commit-interval 32 --pending-mbarriers 1 --wait-mode nocount --smem-base-offset 16 --interference-mode none --interference-ops-per-iter 0 --interference-warps 4 --active-blocks 0
status=cuda_error
invalid_reason=misaligned address

$ /xplorer/shijy/CUDA_optimazation/microbench/mma_config/04_smem_layout_address/build/tcgen05_04_smem_layout_address_bench --dtype fp16 --shape m128n64k16 --layout none --q 32 --iterations 128 --collector-protocol discard --collector-reuse 0 --ws 0 --ws-buffer-count 1 --operand-address-mode same --input-d 0 --tmem-columns 512 --d-base-column 0 --d-tile-base-delta 64 --independent-d-count 8 --d-reuse-distance 8 --commit-interval 32 --pending-mbarriers 1 --wait-mode nocount --smem-base-offset 16 --interference-mode none --interference-ops-per-iter 0 --interference-warps 4 --active-blocks 0
status=cuda_error
invalid_reason=misaligned address

$ /xplorer/shijy/CUDA_optimazation/microbench/mma_config/04_smem_layout_address/build/tcgen05_04_smem_layout_address_bench --dtype fp16 --shape m128n64k16 --layout none --q 32 --iterations 128 --collector-protocol discard --collector-reuse 0 --ws 0 --ws-buffer-count 1 --operand-address-mode same --input-d 0 --tmem-columns 512 --d-base-column 0 --d-tile-base-delta 64 --independent-d-count 8 --d-reuse-distance 8 --commit-interval 32 --pending-mbarriers 1 --wait-mode nocount --smem-base-offset 32 --interference-mode none --interference-ops-per-iter 0 --interference-warps 4 --active-blocks 0
status=cuda_error
invalid_reason=misaligned address

$ /xplorer/shijy/CUDA_optimazation/microbench/mma_config/04_smem_layout_address/build/tcgen05_04_smem_layout_address_bench --dtype fp16 --shape m128n64k16 --layout none --q 32 --iterations 128 --collector-protocol discard --collector-reuse 0 --ws 0 --ws-buffer-count 1 --operand-address-mode same --input-d 0 --tmem-columns 512 --d-base-column 0 --d-tile-base-delta 64 --independent-d-count 8 --d-reuse-distance 8 --commit-interval 32 --pending-mbarriers 1 --wait-mode nocount --smem-base-offset 32 --interference-mode none --interference-ops-per-iter 0 --interference-warps 4 --active-blocks 0
status=cuda_error
invalid_reason=misaligned address

$ /xplorer/shijy/CUDA_optimazation/microbench/mma_config/04_smem_layout_address/build/tcgen05_04_smem_layout_address_bench --dtype fp16 --shape m128n64k16 --layout none --q 32 --iterations 128 --collector-protocol discard --collector-reuse 0 --ws 0 --ws-buffer-count 1 --operand-address-mode same --input-d 0 --tmem-columns 512 --d-base-column 0 --d-tile-base-delta 64 --independent-d-count 8 --d-reuse-distance 8 --commit-interval 32 --pending-mbarriers 1 --wait-mode nocount --smem-base-offset 32 --interference-mode none --interference-ops-per-iter 0 --interference-warps 4 --active-blocks 0
status=cuda_error
invalid_reason=misaligned address

$ /xplorer/shijy/CUDA_optimazation/microbench/mma_config/04_smem_layout_address/build/tcgen05_04_smem_layout_address_bench --dtype fp16 --shape m128n64k16 --layout none --q 32 --iterations 128 --collector-protocol discard --collector-reuse 0 --ws 0 --ws-buffer-count 1 --operand-address-mode same --input-d 0 --tmem-columns 512 --d-base-column 0 --d-tile-base-delta 64 --independent-d-count 8 --d-reuse-distance 8 --commit-interval 32 --pending-mbarriers 1 --wait-mode nocount --smem-base-offset 32 --interference-mode none --interference-ops-per-iter 0 --interference-warps 4 --active-blocks 0
status=cuda_error
invalid_reason=misaligned address

$ /xplorer/shijy/CUDA_optimazation/microbench/mma_config/04_smem_layout_address/build/tcgen05_04_smem_layout_address_bench --dtype fp16 --shape m128n64k16 --layout none --q 32 --iterations 128 --collector-protocol discard --collector-reuse 0 --ws 0 --ws-buffer-count 1 --operand-address-mode same --input-d 0 --tmem-columns 512 --d-base-column 0 --d-tile-base-delta 64 --independent-d-count 8 --d-reuse-distance 8 --commit-interval 32 --pending-mbarriers 1 --wait-mode nocount --smem-base-offset 32 --interference-mode none --interference-ops-per-iter 0 --interference-warps 4 --active-blocks 0
status=cuda_error
invalid_reason=misaligned address

$ /xplorer/shijy/CUDA_optimazation/microbench/mma_config/04_smem_layout_address/build/tcgen05_04_smem_layout_address_bench --dtype fp16 --shape m128n128k16 --layout none --q 32 --iterations 128 --collector-protocol discard --collector-reuse 0 --ws 0 --ws-buffer-count 1 --operand-address-mode same --input-d 0 --tmem-columns 512 --d-base-column 0 --d-tile-base-delta 128 --independent-d-count 4 --d-reuse-distance 4 --commit-interval 32 --pending-mbarriers 1 --wait-mode nocount --smem-base-offset 256 --interference-mode none --interference-ops-per-iter 0 --interference-warps 4 --active-blocks 0
status=ok
experiment=04_smem_layout_address
gpu=NVIDIA Thor
compute_capability=11.0
sm_count=20
active_blocks=20
dtype=fp16
shape=m128n128k16
m=128
n=128
k=16
layout=none
q=32
iterations=128
collector_protocol=discard
collector_reuse=0
ws_mode=0
ws_buffer_count=1
operand_address_mode=same
input_d=0
tmem_columns=512
d_base_column=0
d_tile_base_delta=128
independent_d_count=4
d_reuse_distance=4
commit_interval=32
pending_mbarriers=1
wait_polling_mode=nocount
smem_base_offset=256
interference_mode=none
interference_ops_per_iter=0
interference_warps=4
elapsed_cycles=3678962
poll_count=0
max_abs_error=0.832031250
guard_ok=1
interference_sink=0.000000000

$ /xplorer/shijy/CUDA_optimazation/microbench/mma_config/04_smem_layout_address/build/tcgen05_04_smem_layout_address_bench --dtype fp16 --shape m128n128k16 --layout none --q 32 --iterations 128 --collector-protocol discard --collector-reuse 0 --ws 0 --ws-buffer-count 1 --operand-address-mode same --input-d 0 --tmem-columns 512 --d-base-column 0 --d-tile-base-delta 128 --independent-d-count 4 --d-reuse-distance 4 --commit-interval 32 --pending-mbarriers 1 --wait-mode nocount --smem-base-offset 256 --interference-mode none --interference-ops-per-iter 0 --interference-warps 4 --active-blocks 0
status=ok
experiment=04_smem_layout_address
gpu=NVIDIA Thor
compute_capability=11.0
sm_count=20
active_blocks=20
dtype=fp16
shape=m128n128k16
m=128
n=128
k=16
layout=none
q=32
iterations=128
collector_protocol=discard
collector_reuse=0
ws_mode=0
ws_buffer_count=1
operand_address_mode=same
input_d=0
tmem_columns=512
d_base_column=0
d_tile_base_delta=128
independent_d_count=4
d_reuse_distance=4
commit_interval=32
pending_mbarriers=1
wait_polling_mode=nocount
smem_base_offset=256
interference_mode=none
interference_ops_per_iter=0
interference_warps=4
elapsed_cycles=3678954
poll_count=0
max_abs_error=0.832031250
guard_ok=1
interference_sink=0.000000000

$ /xplorer/shijy/CUDA_optimazation/microbench/mma_config/04_smem_layout_address/build/tcgen05_04_smem_layout_address_bench --dtype fp16 --shape m128n128k16 --layout none --q 32 --iterations 128 --collector-protocol discard --collector-reuse 0 --ws 0 --ws-buffer-count 1 --operand-address-mode same --input-d 0 --tmem-columns 512 --d-base-column 0 --d-tile-base-delta 128 --independent-d-count 4 --d-reuse-distance 4 --commit-interval 32 --pending-mbarriers 1 --wait-mode nocount --smem-base-offset 256 --interference-mode none --interference-ops-per-iter 0 --interference-warps 4 --active-blocks 0
status=ok
experiment=04_smem_layout_address
gpu=NVIDIA Thor
compute_capability=11.0
sm_count=20
active_blocks=20
dtype=fp16
shape=m128n128k16
m=128
n=128
k=16
layout=none
q=32
iterations=128
collector_protocol=discard
collector_reuse=0
ws_mode=0
ws_buffer_count=1
operand_address_mode=same
input_d=0
tmem_columns=512
d_base_column=0
d_tile_base_delta=128
independent_d_count=4
d_reuse_distance=4
commit_interval=32
pending_mbarriers=1
wait_polling_mode=nocount
smem_base_offset=256
interference_mode=none
interference_ops_per_iter=0
interference_warps=4
elapsed_cycles=3678990
poll_count=0
max_abs_error=0.832031250
guard_ok=1
interference_sink=0.000000000

$ /xplorer/shijy/CUDA_optimazation/microbench/mma_config/04_smem_layout_address/build/tcgen05_04_smem_layout_address_bench --dtype fp16 --shape m128n128k16 --layout none --q 32 --iterations 128 --collector-protocol discard --collector-reuse 0 --ws 0 --ws-buffer-count 1 --operand-address-mode same --input-d 0 --tmem-columns 512 --d-base-column 0 --d-tile-base-delta 128 --independent-d-count 4 --d-reuse-distance 4 --commit-interval 32 --pending-mbarriers 1 --wait-mode nocount --smem-base-offset 256 --interference-mode none --interference-ops-per-iter 0 --interference-warps 4 --active-blocks 0
status=ok
experiment=04_smem_layout_address
gpu=NVIDIA Thor
compute_capability=11.0
sm_count=20
active_blocks=20
dtype=fp16
shape=m128n128k16
m=128
n=128
k=16
layout=none
q=32
iterations=128
collector_protocol=discard
collector_reuse=0
ws_mode=0
ws_buffer_count=1
operand_address_mode=same
input_d=0
tmem_columns=512
d_base_column=0
d_tile_base_delta=128
independent_d_count=4
d_reuse_distance=4
commit_interval=32
pending_mbarriers=1
wait_polling_mode=nocount
smem_base_offset=256
interference_mode=none
interference_ops_per_iter=0
interference_warps=4
elapsed_cycles=3678985
poll_count=0
max_abs_error=0.832031250
guard_ok=1
interference_sink=0.000000000

$ /xplorer/shijy/CUDA_optimazation/microbench/mma_config/04_smem_layout_address/build/tcgen05_04_smem_layout_address_bench --dtype fp16 --shape m128n128k16 --layout none --q 32 --iterations 128 --collector-protocol discard --collector-reuse 0 --ws 0 --ws-buffer-count 1 --operand-address-mode same --input-d 0 --tmem-columns 512 --d-base-column 0 --d-tile-base-delta 128 --independent-d-count 4 --d-reuse-distance 4 --commit-interval 32 --pending-mbarriers 1 --wait-mode nocount --smem-base-offset 256 --interference-mode none --interference-ops-per-iter 0 --interference-warps 4 --active-blocks 0
status=ok
experiment=04_smem_layout_address
gpu=NVIDIA Thor
compute_capability=11.0
sm_count=20
active_blocks=20
dtype=fp16
shape=m128n128k16
m=128
n=128
k=16
layout=none
q=32
iterations=128
collector_protocol=discard
collector_reuse=0
ws_mode=0
ws_buffer_count=1
operand_address_mode=same
input_d=0
tmem_columns=512
d_base_column=0
d_tile_base_delta=128
independent_d_count=4
d_reuse_distance=4
commit_interval=32
pending_mbarriers=1
wait_polling_mode=nocount
smem_base_offset=256
interference_mode=none
interference_ops_per_iter=0
interference_warps=4
elapsed_cycles=3678991
poll_count=0
max_abs_error=0.832031250
guard_ok=1
interference_sink=0.000000000

$ /xplorer/shijy/CUDA_optimazation/microbench/mma_config/04_smem_layout_address/build/tcgen05_04_smem_layout_address_bench --dtype bf16 --shape m128n128k16 --layout none --q 32 --iterations 128 --collector-protocol discard --collector-reuse 0 --ws 0 --ws-buffer-count 1 --operand-address-mode same --input-d 0 --tmem-columns 512 --d-base-column 0 --d-tile-base-delta 128 --independent-d-count 4 --d-reuse-distance 4 --commit-interval 32 --pending-mbarriers 1 --wait-mode nocount --smem-base-offset 0 --interference-mode none --interference-ops-per-iter 0 --interference-warps 4 --active-blocks 0
status=ok
experiment=04_smem_layout_address
gpu=NVIDIA Thor
compute_capability=11.0
sm_count=20
active_blocks=20
dtype=bf16
shape=m128n128k16
m=128
n=128
k=16
layout=none
q=32
iterations=128
collector_protocol=discard
collector_reuse=0
ws_mode=0
ws_buffer_count=1
operand_address_mode=same
input_d=0
tmem_columns=512
d_base_column=0
d_tile_base_delta=128
independent_d_count=4
d_reuse_distance=4
commit_interval=32
pending_mbarriers=1
wait_polling_mode=nocount
smem_base_offset=0
interference_mode=none
interference_ops_per_iter=0
interference_warps=4
elapsed_cycles=3679000
poll_count=0
max_abs_error=0.832031250
guard_ok=1
interference_sink=0.000000000

$ /xplorer/shijy/CUDA_optimazation/microbench/mma_config/04_smem_layout_address/build/tcgen05_04_smem_layout_address_bench --dtype bf16 --shape m128n128k16 --layout none --q 32 --iterations 128 --collector-protocol discard --collector-reuse 0 --ws 0 --ws-buffer-count 1 --operand-address-mode same --input-d 0 --tmem-columns 512 --d-base-column 0 --d-tile-base-delta 128 --independent-d-count 4 --d-reuse-distance 4 --commit-interval 32 --pending-mbarriers 1 --wait-mode nocount --smem-base-offset 0 --interference-mode none --interference-ops-per-iter 0 --interference-warps 4 --active-blocks 0
status=ok
experiment=04_smem_layout_address
gpu=NVIDIA Thor
compute_capability=11.0
sm_count=20
active_blocks=20
dtype=bf16
shape=m128n128k16
m=128
n=128
k=16
layout=none
q=32
iterations=128
collector_protocol=discard
collector_reuse=0
ws_mode=0
ws_buffer_count=1
operand_address_mode=same
input_d=0
tmem_columns=512
d_base_column=0
d_tile_base_delta=128
independent_d_count=4
d_reuse_distance=4
commit_interval=32
pending_mbarriers=1
wait_polling_mode=nocount
smem_base_offset=0
interference_mode=none
interference_ops_per_iter=0
interference_warps=4
elapsed_cycles=3678965
poll_count=0
max_abs_error=0.832031250
guard_ok=1
interference_sink=0.000000000

$ /xplorer/shijy/CUDA_optimazation/microbench/mma_config/04_smem_layout_address/build/tcgen05_04_smem_layout_address_bench --dtype bf16 --shape m128n128k16 --layout none --q 32 --iterations 128 --collector-protocol discard --collector-reuse 0 --ws 0 --ws-buffer-count 1 --operand-address-mode same --input-d 0 --tmem-columns 512 --d-base-column 0 --d-tile-base-delta 128 --independent-d-count 4 --d-reuse-distance 4 --commit-interval 32 --pending-mbarriers 1 --wait-mode nocount --smem-base-offset 0 --interference-mode none --interference-ops-per-iter 0 --interference-warps 4 --active-blocks 0
status=ok
experiment=04_smem_layout_address
gpu=NVIDIA Thor
compute_capability=11.0
sm_count=20
active_blocks=20
dtype=bf16
shape=m128n128k16
m=128
n=128
k=16
layout=none
q=32
iterations=128
collector_protocol=discard
collector_reuse=0
ws_mode=0
ws_buffer_count=1
operand_address_mode=same
input_d=0
tmem_columns=512
d_base_column=0
d_tile_base_delta=128
independent_d_count=4
d_reuse_distance=4
commit_interval=32
pending_mbarriers=1
wait_polling_mode=nocount
smem_base_offset=0
interference_mode=none
interference_ops_per_iter=0
interference_warps=4
elapsed_cycles=3678964
poll_count=0
max_abs_error=0.832031250
guard_ok=1
interference_sink=0.000000000

$ /xplorer/shijy/CUDA_optimazation/microbench/mma_config/04_smem_layout_address/build/tcgen05_04_smem_layout_address_bench --dtype bf16 --shape m128n128k16 --layout none --q 32 --iterations 128 --collector-protocol discard --collector-reuse 0 --ws 0 --ws-buffer-count 1 --operand-address-mode same --input-d 0 --tmem-columns 512 --d-base-column 0 --d-tile-base-delta 128 --independent-d-count 4 --d-reuse-distance 4 --commit-interval 32 --pending-mbarriers 1 --wait-mode nocount --smem-base-offset 0 --interference-mode none --interference-ops-per-iter 0 --interference-warps 4 --active-blocks 0
status=ok
experiment=04_smem_layout_address
gpu=NVIDIA Thor
compute_capability=11.0
sm_count=20
active_blocks=20
dtype=bf16
shape=m128n128k16
m=128
n=128
k=16
layout=none
q=32
iterations=128
collector_protocol=discard
collector_reuse=0
ws_mode=0
ws_buffer_count=1
operand_address_mode=same
input_d=0
tmem_columns=512
d_base_column=0
d_tile_base_delta=128
independent_d_count=4
d_reuse_distance=4
commit_interval=32
pending_mbarriers=1
wait_polling_mode=nocount
smem_base_offset=0
interference_mode=none
interference_ops_per_iter=0
interference_warps=4
elapsed_cycles=3678988
poll_count=0
max_abs_error=0.832031250
guard_ok=1
interference_sink=0.000000000

$ /xplorer/shijy/CUDA_optimazation/microbench/mma_config/04_smem_layout_address/build/tcgen05_04_smem_layout_address_bench --dtype bf16 --shape m128n128k16 --layout none --q 32 --iterations 128 --collector-protocol discard --collector-reuse 0 --ws 0 --ws-buffer-count 1 --operand-address-mode same --input-d 0 --tmem-columns 512 --d-base-column 0 --d-tile-base-delta 128 --independent-d-count 4 --d-reuse-distance 4 --commit-interval 32 --pending-mbarriers 1 --wait-mode nocount --smem-base-offset 0 --interference-mode none --interference-ops-per-iter 0 --interference-warps 4 --active-blocks 0
status=ok
experiment=04_smem_layout_address
gpu=NVIDIA Thor
compute_capability=11.0
sm_count=20
active_blocks=20
dtype=bf16
shape=m128n128k16
m=128
n=128
k=16
layout=none
q=32
iterations=128
collector_protocol=discard
collector_reuse=0
ws_mode=0
ws_buffer_count=1
operand_address_mode=same
input_d=0
tmem_columns=512
d_base_column=0
d_tile_base_delta=128
independent_d_count=4
d_reuse_distance=4
commit_interval=32
pending_mbarriers=1
wait_polling_mode=nocount
smem_base_offset=0
interference_mode=none
interference_ops_per_iter=0
interference_warps=4
elapsed_cycles=3678957
poll_count=0
max_abs_error=0.832031250
guard_ok=1
interference_sink=0.000000000

$ /xplorer/shijy/CUDA_optimazation/microbench/mma_config/04_smem_layout_address/build/tcgen05_04_smem_layout_address_bench --dtype bf16 --shape m128n128k16 --layout sw128 --q 32 --iterations 128 --collector-protocol discard --collector-reuse 0 --ws 0 --ws-buffer-count 1 --operand-address-mode same --input-d 0 --tmem-columns 512 --d-base-column 0 --d-tile-base-delta 128 --independent-d-count 4 --d-reuse-distance 4 --commit-interval 32 --pending-mbarriers 1 --wait-mode nocount --smem-base-offset 32 --interference-mode none --interference-ops-per-iter 0 --interference-warps 4 --active-blocks 0
status=cuda_error
invalid_reason=misaligned address

$ /xplorer/shijy/CUDA_optimazation/microbench/mma_config/04_smem_layout_address/build/tcgen05_04_smem_layout_address_bench --dtype bf16 --shape m128n128k16 --layout sw128 --q 32 --iterations 128 --collector-protocol discard --collector-reuse 0 --ws 0 --ws-buffer-count 1 --operand-address-mode same --input-d 0 --tmem-columns 512 --d-base-column 0 --d-tile-base-delta 128 --independent-d-count 4 --d-reuse-distance 4 --commit-interval 32 --pending-mbarriers 1 --wait-mode nocount --smem-base-offset 32 --interference-mode none --interference-ops-per-iter 0 --interference-warps 4 --active-blocks 0
status=cuda_error
invalid_reason=misaligned address

$ /xplorer/shijy/CUDA_optimazation/microbench/mma_config/04_smem_layout_address/build/tcgen05_04_smem_layout_address_bench --dtype bf16 --shape m128n128k16 --layout sw128 --q 32 --iterations 128 --collector-protocol discard --collector-reuse 0 --ws 0 --ws-buffer-count 1 --operand-address-mode same --input-d 0 --tmem-columns 512 --d-base-column 0 --d-tile-base-delta 128 --independent-d-count 4 --d-reuse-distance 4 --commit-interval 32 --pending-mbarriers 1 --wait-mode nocount --smem-base-offset 32 --interference-mode none --interference-ops-per-iter 0 --interference-warps 4 --active-blocks 0
status=cuda_error
invalid_reason=misaligned address

$ /xplorer/shijy/CUDA_optimazation/microbench/mma_config/04_smem_layout_address/build/tcgen05_04_smem_layout_address_bench --dtype bf16 --shape m128n128k16 --layout sw128 --q 32 --iterations 128 --collector-protocol discard --collector-reuse 0 --ws 0 --ws-buffer-count 1 --operand-address-mode same --input-d 0 --tmem-columns 512 --d-base-column 0 --d-tile-base-delta 128 --independent-d-count 4 --d-reuse-distance 4 --commit-interval 32 --pending-mbarriers 1 --wait-mode nocount --smem-base-offset 32 --interference-mode none --interference-ops-per-iter 0 --interference-warps 4 --active-blocks 0
status=cuda_error
invalid_reason=misaligned address

$ /xplorer/shijy/CUDA_optimazation/microbench/mma_config/04_smem_layout_address/build/tcgen05_04_smem_layout_address_bench --dtype bf16 --shape m128n128k16 --layout sw128 --q 32 --iterations 128 --collector-protocol discard --collector-reuse 0 --ws 0 --ws-buffer-count 1 --operand-address-mode same --input-d 0 --tmem-columns 512 --d-base-column 0 --d-tile-base-delta 128 --independent-d-count 4 --d-reuse-distance 4 --commit-interval 32 --pending-mbarriers 1 --wait-mode nocount --smem-base-offset 32 --interference-mode none --interference-ops-per-iter 0 --interference-warps 4 --active-blocks 0
status=cuda_error
invalid_reason=misaligned address

$ /xplorer/shijy/CUDA_optimazation/microbench/mma_config/04_smem_layout_address/build/tcgen05_04_smem_layout_address_bench --dtype bf16 --shape m128n256k16 --layout sw128 --q 32 --iterations 128 --collector-protocol discard --collector-reuse 0 --ws 0 --ws-buffer-count 1 --operand-address-mode same --input-d 0 --tmem-columns 512 --d-base-column 0 --d-tile-base-delta 256 --independent-d-count 2 --d-reuse-distance 2 --commit-interval 32 --pending-mbarriers 1 --wait-mode nocount --smem-base-offset 32 --interference-mode none --interference-ops-per-iter 0 --interference-warps 4 --active-blocks 0
status=cuda_error
invalid_reason=misaligned address

$ /xplorer/shijy/CUDA_optimazation/microbench/mma_config/04_smem_layout_address/build/tcgen05_04_smem_layout_address_bench --dtype bf16 --shape m128n256k16 --layout sw128 --q 32 --iterations 128 --collector-protocol discard --collector-reuse 0 --ws 0 --ws-buffer-count 1 --operand-address-mode same --input-d 0 --tmem-columns 512 --d-base-column 0 --d-tile-base-delta 256 --independent-d-count 2 --d-reuse-distance 2 --commit-interval 32 --pending-mbarriers 1 --wait-mode nocount --smem-base-offset 32 --interference-mode none --interference-ops-per-iter 0 --interference-warps 4 --active-blocks 0
status=cuda_error
invalid_reason=misaligned address

$ /xplorer/shijy/CUDA_optimazation/microbench/mma_config/04_smem_layout_address/build/tcgen05_04_smem_layout_address_bench --dtype bf16 --shape m128n256k16 --layout sw128 --q 32 --iterations 128 --collector-protocol discard --collector-reuse 0 --ws 0 --ws-buffer-count 1 --operand-address-mode same --input-d 0 --tmem-columns 512 --d-base-column 0 --d-tile-base-delta 256 --independent-d-count 2 --d-reuse-distance 2 --commit-interval 32 --pending-mbarriers 1 --wait-mode nocount --smem-base-offset 32 --interference-mode none --interference-ops-per-iter 0 --interference-warps 4 --active-blocks 0
status=cuda_error
invalid_reason=misaligned address

$ /xplorer/shijy/CUDA_optimazation/microbench/mma_config/04_smem_layout_address/build/tcgen05_04_smem_layout_address_bench --dtype bf16 --shape m128n256k16 --layout sw128 --q 32 --iterations 128 --collector-protocol discard --collector-reuse 0 --ws 0 --ws-buffer-count 1 --operand-address-mode same --input-d 0 --tmem-columns 512 --d-base-column 0 --d-tile-base-delta 256 --independent-d-count 2 --d-reuse-distance 2 --commit-interval 32 --pending-mbarriers 1 --wait-mode nocount --smem-base-offset 32 --interference-mode none --interference-ops-per-iter 0 --interference-warps 4 --active-blocks 0
status=cuda_error
invalid_reason=misaligned address

$ /xplorer/shijy/CUDA_optimazation/microbench/mma_config/04_smem_layout_address/build/tcgen05_04_smem_layout_address_bench --dtype bf16 --shape m128n256k16 --layout sw128 --q 32 --iterations 128 --collector-protocol discard --collector-reuse 0 --ws 0 --ws-buffer-count 1 --operand-address-mode same --input-d 0 --tmem-columns 512 --d-base-column 0 --d-tile-base-delta 256 --independent-d-count 2 --d-reuse-distance 2 --commit-interval 32 --pending-mbarriers 1 --wait-mode nocount --smem-base-offset 32 --interference-mode none --interference-ops-per-iter 0 --interference-warps 4 --active-blocks 0
status=cuda_error
invalid_reason=misaligned address

$ /xplorer/shijy/CUDA_optimazation/microbench/mma_config/04_smem_layout_address/build/tcgen05_04_smem_layout_address_bench --dtype fp16 --shape m128n128k16 --layout none --q 32 --iterations 128 --collector-protocol discard --collector-reuse 0 --ws 0 --ws-buffer-count 1 --operand-address-mode same --input-d 0 --tmem-columns 512 --d-base-column 0 --d-tile-base-delta 128 --independent-d-count 4 --d-reuse-distance 4 --commit-interval 32 --pending-mbarriers 1 --wait-mode nocount --smem-base-offset 128 --interference-mode none --interference-ops-per-iter 0 --interference-warps 4 --active-blocks 0
status=ok
experiment=04_smem_layout_address
gpu=NVIDIA Thor
compute_capability=11.0
sm_count=20
active_blocks=20
dtype=fp16
shape=m128n128k16
m=128
n=128
k=16
layout=none
q=32
iterations=128
collector_protocol=discard
collector_reuse=0
ws_mode=0
ws_buffer_count=1
operand_address_mode=same
input_d=0
tmem_columns=512
d_base_column=0
d_tile_base_delta=128
independent_d_count=4
d_reuse_distance=4
commit_interval=32
pending_mbarriers=1
wait_polling_mode=nocount
smem_base_offset=128
interference_mode=none
interference_ops_per_iter=0
interference_warps=4
elapsed_cycles=3678958
poll_count=0
max_abs_error=0.832031250
guard_ok=1
interference_sink=0.000000000

$ /xplorer/shijy/CUDA_optimazation/microbench/mma_config/04_smem_layout_address/build/tcgen05_04_smem_layout_address_bench --dtype fp16 --shape m128n128k16 --layout none --q 32 --iterations 128 --collector-protocol discard --collector-reuse 0 --ws 0 --ws-buffer-count 1 --operand-address-mode same --input-d 0 --tmem-columns 512 --d-base-column 0 --d-tile-base-delta 128 --independent-d-count 4 --d-reuse-distance 4 --commit-interval 32 --pending-mbarriers 1 --wait-mode nocount --smem-base-offset 128 --interference-mode none --interference-ops-per-iter 0 --interference-warps 4 --active-blocks 0
status=ok
experiment=04_smem_layout_address
gpu=NVIDIA Thor
compute_capability=11.0
sm_count=20
active_blocks=20
dtype=fp16
shape=m128n128k16
m=128
n=128
k=16
layout=none
q=32
iterations=128
collector_protocol=discard
collector_reuse=0
ws_mode=0
ws_buffer_count=1
operand_address_mode=same
input_d=0
tmem_columns=512
d_base_column=0
d_tile_base_delta=128
independent_d_count=4
d_reuse_distance=4
commit_interval=32
pending_mbarriers=1
wait_polling_mode=nocount
smem_base_offset=128
interference_mode=none
interference_ops_per_iter=0
interference_warps=4
elapsed_cycles=3678992
poll_count=0
max_abs_error=0.832031250
guard_ok=1
interference_sink=0.000000000

$ /xplorer/shijy/CUDA_optimazation/microbench/mma_config/04_smem_layout_address/build/tcgen05_04_smem_layout_address_bench --dtype fp16 --shape m128n128k16 --layout none --q 32 --iterations 128 --collector-protocol discard --collector-reuse 0 --ws 0 --ws-buffer-count 1 --operand-address-mode same --input-d 0 --tmem-columns 512 --d-base-column 0 --d-tile-base-delta 128 --independent-d-count 4 --d-reuse-distance 4 --commit-interval 32 --pending-mbarriers 1 --wait-mode nocount --smem-base-offset 128 --interference-mode none --interference-ops-per-iter 0 --interference-warps 4 --active-blocks 0
status=ok
experiment=04_smem_layout_address
gpu=NVIDIA Thor
compute_capability=11.0
sm_count=20
active_blocks=20
dtype=fp16
shape=m128n128k16
m=128
n=128
k=16
layout=none
q=32
iterations=128
collector_protocol=discard
collector_reuse=0
ws_mode=0
ws_buffer_count=1
operand_address_mode=same
input_d=0
tmem_columns=512
d_base_column=0
d_tile_base_delta=128
independent_d_count=4
d_reuse_distance=4
commit_interval=32
pending_mbarriers=1
wait_polling_mode=nocount
smem_base_offset=128
interference_mode=none
interference_ops_per_iter=0
interference_warps=4
elapsed_cycles=3678990
poll_count=0
max_abs_error=0.832031250
guard_ok=1
interference_sink=0.000000000

$ /xplorer/shijy/CUDA_optimazation/microbench/mma_config/04_smem_layout_address/build/tcgen05_04_smem_layout_address_bench --dtype fp16 --shape m128n128k16 --layout none --q 32 --iterations 128 --collector-protocol discard --collector-reuse 0 --ws 0 --ws-buffer-count 1 --operand-address-mode same --input-d 0 --tmem-columns 512 --d-base-column 0 --d-tile-base-delta 128 --independent-d-count 4 --d-reuse-distance 4 --commit-interval 32 --pending-mbarriers 1 --wait-mode nocount --smem-base-offset 128 --interference-mode none --interference-ops-per-iter 0 --interference-warps 4 --active-blocks 0
status=ok
experiment=04_smem_layout_address
gpu=NVIDIA Thor
compute_capability=11.0
sm_count=20
active_blocks=20
dtype=fp16
shape=m128n128k16
m=128
n=128
k=16
layout=none
q=32
iterations=128
collector_protocol=discard
collector_reuse=0
ws_mode=0
ws_buffer_count=1
operand_address_mode=same
input_d=0
tmem_columns=512
d_base_column=0
d_tile_base_delta=128
independent_d_count=4
d_reuse_distance=4
commit_interval=32
pending_mbarriers=1
wait_polling_mode=nocount
smem_base_offset=128
interference_mode=none
interference_ops_per_iter=0
interference_warps=4
elapsed_cycles=3678961
poll_count=0
max_abs_error=0.832031250
guard_ok=1
interference_sink=0.000000000

$ /xplorer/shijy/CUDA_optimazation/microbench/mma_config/04_smem_layout_address/build/tcgen05_04_smem_layout_address_bench --dtype fp16 --shape m128n128k16 --layout none --q 32 --iterations 128 --collector-protocol discard --collector-reuse 0 --ws 0 --ws-buffer-count 1 --operand-address-mode same --input-d 0 --tmem-columns 512 --d-base-column 0 --d-tile-base-delta 128 --independent-d-count 4 --d-reuse-distance 4 --commit-interval 32 --pending-mbarriers 1 --wait-mode nocount --smem-base-offset 128 --interference-mode none --interference-ops-per-iter 0 --interference-warps 4 --active-blocks 0
status=ok
experiment=04_smem_layout_address
gpu=NVIDIA Thor
compute_capability=11.0
sm_count=20
active_blocks=20
dtype=fp16
shape=m128n128k16
m=128
n=128
k=16
layout=none
q=32
iterations=128
collector_protocol=discard
collector_reuse=0
ws_mode=0
ws_buffer_count=1
operand_address_mode=same
input_d=0
tmem_columns=512
d_base_column=0
d_tile_base_delta=128
independent_d_count=4
d_reuse_distance=4
commit_interval=32
pending_mbarriers=1
wait_polling_mode=nocount
smem_base_offset=128
interference_mode=none
interference_ops_per_iter=0
interference_warps=4
elapsed_cycles=3678990
poll_count=0
max_abs_error=0.832031250
guard_ok=1
interference_sink=0.000000000

$ /xplorer/shijy/CUDA_optimazation/microbench/mma_config/04_smem_layout_address/build/tcgen05_04_smem_layout_address_bench --dtype bf16 --shape m128n128k16 --layout none --q 32 --iterations 128 --collector-protocol discard --collector-reuse 0 --ws 0 --ws-buffer-count 1 --operand-address-mode same --input-d 0 --tmem-columns 512 --d-base-column 0 --d-tile-base-delta 128 --independent-d-count 4 --d-reuse-distance 4 --commit-interval 32 --pending-mbarriers 1 --wait-mode nocount --smem-base-offset 64 --interference-mode none --interference-ops-per-iter 0 --interference-warps 4 --active-blocks 0
status=cuda_error
invalid_reason=misaligned address

$ /xplorer/shijy/CUDA_optimazation/microbench/mma_config/04_smem_layout_address/build/tcgen05_04_smem_layout_address_bench --dtype bf16 --shape m128n128k16 --layout none --q 32 --iterations 128 --collector-protocol discard --collector-reuse 0 --ws 0 --ws-buffer-count 1 --operand-address-mode same --input-d 0 --tmem-columns 512 --d-base-column 0 --d-tile-base-delta 128 --independent-d-count 4 --d-reuse-distance 4 --commit-interval 32 --pending-mbarriers 1 --wait-mode nocount --smem-base-offset 64 --interference-mode none --interference-ops-per-iter 0 --interference-warps 4 --active-blocks 0
status=cuda_error
invalid_reason=misaligned address

$ /xplorer/shijy/CUDA_optimazation/microbench/mma_config/04_smem_layout_address/build/tcgen05_04_smem_layout_address_bench --dtype bf16 --shape m128n128k16 --layout none --q 32 --iterations 128 --collector-protocol discard --collector-reuse 0 --ws 0 --ws-buffer-count 1 --operand-address-mode same --input-d 0 --tmem-columns 512 --d-base-column 0 --d-tile-base-delta 128 --independent-d-count 4 --d-reuse-distance 4 --commit-interval 32 --pending-mbarriers 1 --wait-mode nocount --smem-base-offset 64 --interference-mode none --interference-ops-per-iter 0 --interference-warps 4 --active-blocks 0
status=cuda_error
invalid_reason=misaligned address

$ /xplorer/shijy/CUDA_optimazation/microbench/mma_config/04_smem_layout_address/build/tcgen05_04_smem_layout_address_bench --dtype bf16 --shape m128n128k16 --layout none --q 32 --iterations 128 --collector-protocol discard --collector-reuse 0 --ws 0 --ws-buffer-count 1 --operand-address-mode same --input-d 0 --tmem-columns 512 --d-base-column 0 --d-tile-base-delta 128 --independent-d-count 4 --d-reuse-distance 4 --commit-interval 32 --pending-mbarriers 1 --wait-mode nocount --smem-base-offset 64 --interference-mode none --interference-ops-per-iter 0 --interference-warps 4 --active-blocks 0
status=cuda_error
invalid_reason=misaligned address

$ /xplorer/shijy/CUDA_optimazation/microbench/mma_config/04_smem_layout_address/build/tcgen05_04_smem_layout_address_bench --dtype bf16 --shape m128n128k16 --layout none --q 32 --iterations 128 --collector-protocol discard --collector-reuse 0 --ws 0 --ws-buffer-count 1 --operand-address-mode same --input-d 0 --tmem-columns 512 --d-base-column 0 --d-tile-base-delta 128 --independent-d-count 4 --d-reuse-distance 4 --commit-interval 32 --pending-mbarriers 1 --wait-mode nocount --smem-base-offset 64 --interference-mode none --interference-ops-per-iter 0 --interference-warps 4 --active-blocks 0
status=cuda_error
invalid_reason=misaligned address

$ /xplorer/shijy/CUDA_optimazation/microbench/mma_config/04_smem_layout_address/build/tcgen05_04_smem_layout_address_bench --dtype fp16 --shape m128n256k16 --layout sw32 --q 32 --iterations 128 --collector-protocol discard --collector-reuse 0 --ws 0 --ws-buffer-count 1 --operand-address-mode same --input-d 0 --tmem-columns 512 --d-base-column 0 --d-tile-base-delta 256 --independent-d-count 2 --d-reuse-distance 2 --commit-interval 32 --pending-mbarriers 1 --wait-mode nocount --smem-base-offset 64 --interference-mode none --interference-ops-per-iter 0 --interference-warps 4 --active-blocks 0
status=cuda_error
invalid_reason=misaligned address

$ /xplorer/shijy/CUDA_optimazation/microbench/mma_config/04_smem_layout_address/build/tcgen05_04_smem_layout_address_bench --dtype fp16 --shape m128n256k16 --layout sw32 --q 32 --iterations 128 --collector-protocol discard --collector-reuse 0 --ws 0 --ws-buffer-count 1 --operand-address-mode same --input-d 0 --tmem-columns 512 --d-base-column 0 --d-tile-base-delta 256 --independent-d-count 2 --d-reuse-distance 2 --commit-interval 32 --pending-mbarriers 1 --wait-mode nocount --smem-base-offset 64 --interference-mode none --interference-ops-per-iter 0 --interference-warps 4 --active-blocks 0
status=cuda_error
invalid_reason=misaligned address

$ /xplorer/shijy/CUDA_optimazation/microbench/mma_config/04_smem_layout_address/build/tcgen05_04_smem_layout_address_bench --dtype fp16 --shape m128n256k16 --layout sw32 --q 32 --iterations 128 --collector-protocol discard --collector-reuse 0 --ws 0 --ws-buffer-count 1 --operand-address-mode same --input-d 0 --tmem-columns 512 --d-base-column 0 --d-tile-base-delta 256 --independent-d-count 2 --d-reuse-distance 2 --commit-interval 32 --pending-mbarriers 1 --wait-mode nocount --smem-base-offset 64 --interference-mode none --interference-ops-per-iter 0 --interference-warps 4 --active-blocks 0
status=cuda_error
invalid_reason=misaligned address

$ /xplorer/shijy/CUDA_optimazation/microbench/mma_config/04_smem_layout_address/build/tcgen05_04_smem_layout_address_bench --dtype fp16 --shape m128n256k16 --layout sw32 --q 32 --iterations 128 --collector-protocol discard --collector-reuse 0 --ws 0 --ws-buffer-count 1 --operand-address-mode same --input-d 0 --tmem-columns 512 --d-base-column 0 --d-tile-base-delta 256 --independent-d-count 2 --d-reuse-distance 2 --commit-interval 32 --pending-mbarriers 1 --wait-mode nocount --smem-base-offset 64 --interference-mode none --interference-ops-per-iter 0 --interference-warps 4 --active-blocks 0
status=cuda_error
invalid_reason=misaligned address

$ /xplorer/shijy/CUDA_optimazation/microbench/mma_config/04_smem_layout_address/build/tcgen05_04_smem_layout_address_bench --dtype fp16 --shape m128n256k16 --layout sw32 --q 32 --iterations 128 --collector-protocol discard --collector-reuse 0 --ws 0 --ws-buffer-count 1 --operand-address-mode same --input-d 0 --tmem-columns 512 --d-base-column 0 --d-tile-base-delta 256 --independent-d-count 2 --d-reuse-distance 2 --commit-interval 32 --pending-mbarriers 1 --wait-mode nocount --smem-base-offset 64 --interference-mode none --interference-ops-per-iter 0 --interference-warps 4 --active-blocks 0
status=cuda_error
invalid_reason=misaligned address

$ /xplorer/shijy/CUDA_optimazation/microbench/mma_config/04_smem_layout_address/build/tcgen05_04_smem_layout_address_bench --dtype fp16 --shape m128n256k16 --layout sw32 --q 32 --iterations 128 --collector-protocol discard --collector-reuse 0 --ws 0 --ws-buffer-count 1 --operand-address-mode same --input-d 0 --tmem-columns 512 --d-base-column 0 --d-tile-base-delta 256 --independent-d-count 2 --d-reuse-distance 2 --commit-interval 32 --pending-mbarriers 1 --wait-mode nocount --smem-base-offset 32 --interference-mode none --interference-ops-per-iter 0 --interference-warps 4 --active-blocks 0
status=cuda_error
invalid_reason=misaligned address

$ /xplorer/shijy/CUDA_optimazation/microbench/mma_config/04_smem_layout_address/build/tcgen05_04_smem_layout_address_bench --dtype fp16 --shape m128n256k16 --layout sw32 --q 32 --iterations 128 --collector-protocol discard --collector-reuse 0 --ws 0 --ws-buffer-count 1 --operand-address-mode same --input-d 0 --tmem-columns 512 --d-base-column 0 --d-tile-base-delta 256 --independent-d-count 2 --d-reuse-distance 2 --commit-interval 32 --pending-mbarriers 1 --wait-mode nocount --smem-base-offset 32 --interference-mode none --interference-ops-per-iter 0 --interference-warps 4 --active-blocks 0
status=cuda_error
invalid_reason=misaligned address

$ /xplorer/shijy/CUDA_optimazation/microbench/mma_config/04_smem_layout_address/build/tcgen05_04_smem_layout_address_bench --dtype fp16 --shape m128n256k16 --layout sw32 --q 32 --iterations 128 --collector-protocol discard --collector-reuse 0 --ws 0 --ws-buffer-count 1 --operand-address-mode same --input-d 0 --tmem-columns 512 --d-base-column 0 --d-tile-base-delta 256 --independent-d-count 2 --d-reuse-distance 2 --commit-interval 32 --pending-mbarriers 1 --wait-mode nocount --smem-base-offset 32 --interference-mode none --interference-ops-per-iter 0 --interference-warps 4 --active-blocks 0
status=cuda_error
invalid_reason=misaligned address

$ /xplorer/shijy/CUDA_optimazation/microbench/mma_config/04_smem_layout_address/build/tcgen05_04_smem_layout_address_bench --dtype fp16 --shape m128n256k16 --layout sw32 --q 32 --iterations 128 --collector-protocol discard --collector-reuse 0 --ws 0 --ws-buffer-count 1 --operand-address-mode same --input-d 0 --tmem-columns 512 --d-base-column 0 --d-tile-base-delta 256 --independent-d-count 2 --d-reuse-distance 2 --commit-interval 32 --pending-mbarriers 1 --wait-mode nocount --smem-base-offset 32 --interference-mode none --interference-ops-per-iter 0 --interference-warps 4 --active-blocks 0
status=cuda_error
invalid_reason=misaligned address

$ /xplorer/shijy/CUDA_optimazation/microbench/mma_config/04_smem_layout_address/build/tcgen05_04_smem_layout_address_bench --dtype fp16 --shape m128n256k16 --layout sw32 --q 32 --iterations 128 --collector-protocol discard --collector-reuse 0 --ws 0 --ws-buffer-count 1 --operand-address-mode same --input-d 0 --tmem-columns 512 --d-base-column 0 --d-tile-base-delta 256 --independent-d-count 2 --d-reuse-distance 2 --commit-interval 32 --pending-mbarriers 1 --wait-mode nocount --smem-base-offset 32 --interference-mode none --interference-ops-per-iter 0 --interference-warps 4 --active-blocks 0
status=cuda_error
invalid_reason=misaligned address

$ /xplorer/shijy/CUDA_optimazation/microbench/mma_config/04_smem_layout_address/build/tcgen05_04_smem_layout_address_bench --dtype bf16 --shape m128n64k16 --layout none --q 32 --iterations 128 --collector-protocol discard --collector-reuse 0 --ws 0 --ws-buffer-count 1 --operand-address-mode same --input-d 0 --tmem-columns 512 --d-base-column 0 --d-tile-base-delta 64 --independent-d-count 8 --d-reuse-distance 8 --commit-interval 32 --pending-mbarriers 1 --wait-mode nocount --smem-base-offset 64 --interference-mode none --interference-ops-per-iter 0 --interference-warps 4 --active-blocks 0
status=cuda_error
invalid_reason=misaligned address

$ /xplorer/shijy/CUDA_optimazation/microbench/mma_config/04_smem_layout_address/build/tcgen05_04_smem_layout_address_bench --dtype bf16 --shape m128n64k16 --layout none --q 32 --iterations 128 --collector-protocol discard --collector-reuse 0 --ws 0 --ws-buffer-count 1 --operand-address-mode same --input-d 0 --tmem-columns 512 --d-base-column 0 --d-tile-base-delta 64 --independent-d-count 8 --d-reuse-distance 8 --commit-interval 32 --pending-mbarriers 1 --wait-mode nocount --smem-base-offset 64 --interference-mode none --interference-ops-per-iter 0 --interference-warps 4 --active-blocks 0
status=cuda_error
invalid_reason=misaligned address

$ /xplorer/shijy/CUDA_optimazation/microbench/mma_config/04_smem_layout_address/build/tcgen05_04_smem_layout_address_bench --dtype bf16 --shape m128n64k16 --layout none --q 32 --iterations 128 --collector-protocol discard --collector-reuse 0 --ws 0 --ws-buffer-count 1 --operand-address-mode same --input-d 0 --tmem-columns 512 --d-base-column 0 --d-tile-base-delta 64 --independent-d-count 8 --d-reuse-distance 8 --commit-interval 32 --pending-mbarriers 1 --wait-mode nocount --smem-base-offset 64 --interference-mode none --interference-ops-per-iter 0 --interference-warps 4 --active-blocks 0
status=cuda_error
invalid_reason=misaligned address

$ /xplorer/shijy/CUDA_optimazation/microbench/mma_config/04_smem_layout_address/build/tcgen05_04_smem_layout_address_bench --dtype bf16 --shape m128n64k16 --layout none --q 32 --iterations 128 --collector-protocol discard --collector-reuse 0 --ws 0 --ws-buffer-count 1 --operand-address-mode same --input-d 0 --tmem-columns 512 --d-base-column 0 --d-tile-base-delta 64 --independent-d-count 8 --d-reuse-distance 8 --commit-interval 32 --pending-mbarriers 1 --wait-mode nocount --smem-base-offset 64 --interference-mode none --interference-ops-per-iter 0 --interference-warps 4 --active-blocks 0
status=cuda_error
invalid_reason=misaligned address

$ /xplorer/shijy/CUDA_optimazation/microbench/mma_config/04_smem_layout_address/build/tcgen05_04_smem_layout_address_bench --dtype bf16 --shape m128n64k16 --layout none --q 32 --iterations 128 --collector-protocol discard --collector-reuse 0 --ws 0 --ws-buffer-count 1 --operand-address-mode same --input-d 0 --tmem-columns 512 --d-base-column 0 --d-tile-base-delta 64 --independent-d-count 8 --d-reuse-distance 8 --commit-interval 32 --pending-mbarriers 1 --wait-mode nocount --smem-base-offset 64 --interference-mode none --interference-ops-per-iter 0 --interference-warps 4 --active-blocks 0
status=cuda_error
invalid_reason=misaligned address

$ /xplorer/shijy/CUDA_optimazation/microbench/mma_config/04_smem_layout_address/build/tcgen05_04_smem_layout_address_bench --dtype bf16 --shape m128n128k16 --layout none --q 32 --iterations 128 --collector-protocol discard --collector-reuse 0 --ws 0 --ws-buffer-count 1 --operand-address-mode same --input-d 0 --tmem-columns 512 --d-base-column 0 --d-tile-base-delta 128 --independent-d-count 4 --d-reuse-distance 4 --commit-interval 32 --pending-mbarriers 1 --wait-mode nocount --smem-base-offset 128 --interference-mode none --interference-ops-per-iter 0 --interference-warps 4 --active-blocks 0
status=ok
experiment=04_smem_layout_address
gpu=NVIDIA Thor
compute_capability=11.0
sm_count=20
active_blocks=20
dtype=bf16
shape=m128n128k16
m=128
n=128
k=16
layout=none
q=32
iterations=128
collector_protocol=discard
collector_reuse=0
ws_mode=0
ws_buffer_count=1
operand_address_mode=same
input_d=0
tmem_columns=512
d_base_column=0
d_tile_base_delta=128
independent_d_count=4
d_reuse_distance=4
commit_interval=32
pending_mbarriers=1
wait_polling_mode=nocount
smem_base_offset=128
interference_mode=none
interference_ops_per_iter=0
interference_warps=4
elapsed_cycles=3678995
poll_count=0
max_abs_error=0.832031250
guard_ok=1
interference_sink=0.000000000

$ /xplorer/shijy/CUDA_optimazation/microbench/mma_config/04_smem_layout_address/build/tcgen05_04_smem_layout_address_bench --dtype bf16 --shape m128n128k16 --layout none --q 32 --iterations 128 --collector-protocol discard --collector-reuse 0 --ws 0 --ws-buffer-count 1 --operand-address-mode same --input-d 0 --tmem-columns 512 --d-base-column 0 --d-tile-base-delta 128 --independent-d-count 4 --d-reuse-distance 4 --commit-interval 32 --pending-mbarriers 1 --wait-mode nocount --smem-base-offset 128 --interference-mode none --interference-ops-per-iter 0 --interference-warps 4 --active-blocks 0
status=ok
experiment=04_smem_layout_address
gpu=NVIDIA Thor
compute_capability=11.0
sm_count=20
active_blocks=20
dtype=bf16
shape=m128n128k16
m=128
n=128
k=16
layout=none
q=32
iterations=128
collector_protocol=discard
collector_reuse=0
ws_mode=0
ws_buffer_count=1
operand_address_mode=same
input_d=0
tmem_columns=512
d_base_column=0
d_tile_base_delta=128
independent_d_count=4
d_reuse_distance=4
commit_interval=32
pending_mbarriers=1
wait_polling_mode=nocount
smem_base_offset=128
interference_mode=none
interference_ops_per_iter=0
interference_warps=4
elapsed_cycles=3678960
poll_count=0
max_abs_error=0.832031250
guard_ok=1
interference_sink=0.000000000

$ /xplorer/shijy/CUDA_optimazation/microbench/mma_config/04_smem_layout_address/build/tcgen05_04_smem_layout_address_bench --dtype bf16 --shape m128n128k16 --layout none --q 32 --iterations 128 --collector-protocol discard --collector-reuse 0 --ws 0 --ws-buffer-count 1 --operand-address-mode same --input-d 0 --tmem-columns 512 --d-base-column 0 --d-tile-base-delta 128 --independent-d-count 4 --d-reuse-distance 4 --commit-interval 32 --pending-mbarriers 1 --wait-mode nocount --smem-base-offset 128 --interference-mode none --interference-ops-per-iter 0 --interference-warps 4 --active-blocks 0
status=ok
experiment=04_smem_layout_address
gpu=NVIDIA Thor
compute_capability=11.0
sm_count=20
active_blocks=20
dtype=bf16
shape=m128n128k16
m=128
n=128
k=16
layout=none
q=32
iterations=128
collector_protocol=discard
collector_reuse=0
ws_mode=0
ws_buffer_count=1
operand_address_mode=same
input_d=0
tmem_columns=512
d_base_column=0
d_tile_base_delta=128
independent_d_count=4
d_reuse_distance=4
commit_interval=32
pending_mbarriers=1
wait_polling_mode=nocount
smem_base_offset=128
interference_mode=none
interference_ops_per_iter=0
interference_warps=4
elapsed_cycles=3678995
poll_count=0
max_abs_error=0.832031250
guard_ok=1
interference_sink=0.000000000

$ /xplorer/shijy/CUDA_optimazation/microbench/mma_config/04_smem_layout_address/build/tcgen05_04_smem_layout_address_bench --dtype bf16 --shape m128n128k16 --layout none --q 32 --iterations 128 --collector-protocol discard --collector-reuse 0 --ws 0 --ws-buffer-count 1 --operand-address-mode same --input-d 0 --tmem-columns 512 --d-base-column 0 --d-tile-base-delta 128 --independent-d-count 4 --d-reuse-distance 4 --commit-interval 32 --pending-mbarriers 1 --wait-mode nocount --smem-base-offset 128 --interference-mode none --interference-ops-per-iter 0 --interference-warps 4 --active-blocks 0
status=ok
experiment=04_smem_layout_address
gpu=NVIDIA Thor
compute_capability=11.0
sm_count=20
active_blocks=20
dtype=bf16
shape=m128n128k16
m=128
n=128
k=16
layout=none
q=32
iterations=128
collector_protocol=discard
collector_reuse=0
ws_mode=0
ws_buffer_count=1
operand_address_mode=same
input_d=0
tmem_columns=512
d_base_column=0
d_tile_base_delta=128
independent_d_count=4
d_reuse_distance=4
commit_interval=32
pending_mbarriers=1
wait_polling_mode=nocount
smem_base_offset=128
interference_mode=none
interference_ops_per_iter=0
interference_warps=4
elapsed_cycles=3678992
poll_count=0
max_abs_error=0.832031250
guard_ok=1
interference_sink=0.000000000

$ /xplorer/shijy/CUDA_optimazation/microbench/mma_config/04_smem_layout_address/build/tcgen05_04_smem_layout_address_bench --dtype bf16 --shape m128n128k16 --layout none --q 32 --iterations 128 --collector-protocol discard --collector-reuse 0 --ws 0 --ws-buffer-count 1 --operand-address-mode same --input-d 0 --tmem-columns 512 --d-base-column 0 --d-tile-base-delta 128 --independent-d-count 4 --d-reuse-distance 4 --commit-interval 32 --pending-mbarriers 1 --wait-mode nocount --smem-base-offset 128 --interference-mode none --interference-ops-per-iter 0 --interference-warps 4 --active-blocks 0
status=ok
experiment=04_smem_layout_address
gpu=NVIDIA Thor
compute_capability=11.0
sm_count=20
active_blocks=20
dtype=bf16
shape=m128n128k16
m=128
n=128
k=16
layout=none
q=32
iterations=128
collector_protocol=discard
collector_reuse=0
ws_mode=0
ws_buffer_count=1
operand_address_mode=same
input_d=0
tmem_columns=512
d_base_column=0
d_tile_base_delta=128
independent_d_count=4
d_reuse_distance=4
commit_interval=32
pending_mbarriers=1
wait_polling_mode=nocount
smem_base_offset=128
interference_mode=none
interference_ops_per_iter=0
interference_warps=4
elapsed_cycles=3678958
poll_count=0
max_abs_error=0.832031250
guard_ok=1
interference_sink=0.000000000

$ /xplorer/shijy/CUDA_optimazation/microbench/mma_config/04_smem_layout_address/build/tcgen05_04_smem_layout_address_bench --dtype fp16 --shape m128n256k16 --layout sw64 --q 32 --iterations 128 --collector-protocol discard --collector-reuse 0 --ws 0 --ws-buffer-count 1 --operand-address-mode same --input-d 0 --tmem-columns 512 --d-base-column 0 --d-tile-base-delta 256 --independent-d-count 2 --d-reuse-distance 2 --commit-interval 32 --pending-mbarriers 1 --wait-mode nocount --smem-base-offset 16 --interference-mode none --interference-ops-per-iter 0 --interference-warps 4 --active-blocks 0
status=cuda_error
invalid_reason=misaligned address

$ /xplorer/shijy/CUDA_optimazation/microbench/mma_config/04_smem_layout_address/build/tcgen05_04_smem_layout_address_bench --dtype fp16 --shape m128n256k16 --layout sw64 --q 32 --iterations 128 --collector-protocol discard --collector-reuse 0 --ws 0 --ws-buffer-count 1 --operand-address-mode same --input-d 0 --tmem-columns 512 --d-base-column 0 --d-tile-base-delta 256 --independent-d-count 2 --d-reuse-distance 2 --commit-interval 32 --pending-mbarriers 1 --wait-mode nocount --smem-base-offset 16 --interference-mode none --interference-ops-per-iter 0 --interference-warps 4 --active-blocks 0
status=cuda_error
invalid_reason=misaligned address

$ /xplorer/shijy/CUDA_optimazation/microbench/mma_config/04_smem_layout_address/build/tcgen05_04_smem_layout_address_bench --dtype fp16 --shape m128n256k16 --layout sw64 --q 32 --iterations 128 --collector-protocol discard --collector-reuse 0 --ws 0 --ws-buffer-count 1 --operand-address-mode same --input-d 0 --tmem-columns 512 --d-base-column 0 --d-tile-base-delta 256 --independent-d-count 2 --d-reuse-distance 2 --commit-interval 32 --pending-mbarriers 1 --wait-mode nocount --smem-base-offset 16 --interference-mode none --interference-ops-per-iter 0 --interference-warps 4 --active-blocks 0
status=cuda_error
invalid_reason=misaligned address

$ /xplorer/shijy/CUDA_optimazation/microbench/mma_config/04_smem_layout_address/build/tcgen05_04_smem_layout_address_bench --dtype fp16 --shape m128n256k16 --layout sw64 --q 32 --iterations 128 --collector-protocol discard --collector-reuse 0 --ws 0 --ws-buffer-count 1 --operand-address-mode same --input-d 0 --tmem-columns 512 --d-base-column 0 --d-tile-base-delta 256 --independent-d-count 2 --d-reuse-distance 2 --commit-interval 32 --pending-mbarriers 1 --wait-mode nocount --smem-base-offset 16 --interference-mode none --interference-ops-per-iter 0 --interference-warps 4 --active-blocks 0
status=cuda_error
invalid_reason=misaligned address

$ /xplorer/shijy/CUDA_optimazation/microbench/mma_config/04_smem_layout_address/build/tcgen05_04_smem_layout_address_bench --dtype fp16 --shape m128n256k16 --layout sw64 --q 32 --iterations 128 --collector-protocol discard --collector-reuse 0 --ws 0 --ws-buffer-count 1 --operand-address-mode same --input-d 0 --tmem-columns 512 --d-base-column 0 --d-tile-base-delta 256 --independent-d-count 2 --d-reuse-distance 2 --commit-interval 32 --pending-mbarriers 1 --wait-mode nocount --smem-base-offset 16 --interference-mode none --interference-ops-per-iter 0 --interference-warps 4 --active-blocks 0
status=cuda_error
invalid_reason=misaligned address

$ /xplorer/shijy/CUDA_optimazation/microbench/mma_config/04_smem_layout_address/build/tcgen05_04_smem_layout_address_bench --dtype fp16 --shape m128n64k16 --layout sw32 --q 32 --iterations 128 --collector-protocol discard --collector-reuse 0 --ws 0 --ws-buffer-count 1 --operand-address-mode same --input-d 0 --tmem-columns 512 --d-base-column 0 --d-tile-base-delta 64 --independent-d-count 8 --d-reuse-distance 8 --commit-interval 32 --pending-mbarriers 1 --wait-mode nocount --smem-base-offset 64 --interference-mode none --interference-ops-per-iter 0 --interference-warps 4 --active-blocks 0
status=cuda_error
invalid_reason=misaligned address

$ /xplorer/shijy/CUDA_optimazation/microbench/mma_config/04_smem_layout_address/build/tcgen05_04_smem_layout_address_bench --dtype fp16 --shape m128n64k16 --layout sw32 --q 32 --iterations 128 --collector-protocol discard --collector-reuse 0 --ws 0 --ws-buffer-count 1 --operand-address-mode same --input-d 0 --tmem-columns 512 --d-base-column 0 --d-tile-base-delta 64 --independent-d-count 8 --d-reuse-distance 8 --commit-interval 32 --pending-mbarriers 1 --wait-mode nocount --smem-base-offset 64 --interference-mode none --interference-ops-per-iter 0 --interference-warps 4 --active-blocks 0
status=cuda_error
invalid_reason=misaligned address

$ /xplorer/shijy/CUDA_optimazation/microbench/mma_config/04_smem_layout_address/build/tcgen05_04_smem_layout_address_bench --dtype fp16 --shape m128n64k16 --layout sw32 --q 32 --iterations 128 --collector-protocol discard --collector-reuse 0 --ws 0 --ws-buffer-count 1 --operand-address-mode same --input-d 0 --tmem-columns 512 --d-base-column 0 --d-tile-base-delta 64 --independent-d-count 8 --d-reuse-distance 8 --commit-interval 32 --pending-mbarriers 1 --wait-mode nocount --smem-base-offset 64 --interference-mode none --interference-ops-per-iter 0 --interference-warps 4 --active-blocks 0
status=cuda_error
invalid_reason=misaligned address

$ /xplorer/shijy/CUDA_optimazation/microbench/mma_config/04_smem_layout_address/build/tcgen05_04_smem_layout_address_bench --dtype fp16 --shape m128n64k16 --layout sw32 --q 32 --iterations 128 --collector-protocol discard --collector-reuse 0 --ws 0 --ws-buffer-count 1 --operand-address-mode same --input-d 0 --tmem-columns 512 --d-base-column 0 --d-tile-base-delta 64 --independent-d-count 8 --d-reuse-distance 8 --commit-interval 32 --pending-mbarriers 1 --wait-mode nocount --smem-base-offset 64 --interference-mode none --interference-ops-per-iter 0 --interference-warps 4 --active-blocks 0
status=cuda_error
invalid_reason=misaligned address

$ /xplorer/shijy/CUDA_optimazation/microbench/mma_config/04_smem_layout_address/build/tcgen05_04_smem_layout_address_bench --dtype fp16 --shape m128n64k16 --layout sw32 --q 32 --iterations 128 --collector-protocol discard --collector-reuse 0 --ws 0 --ws-buffer-count 1 --operand-address-mode same --input-d 0 --tmem-columns 512 --d-base-column 0 --d-tile-base-delta 64 --independent-d-count 8 --d-reuse-distance 8 --commit-interval 32 --pending-mbarriers 1 --wait-mode nocount --smem-base-offset 64 --interference-mode none --interference-ops-per-iter 0 --interference-warps 4 --active-blocks 0
status=cuda_error
invalid_reason=misaligned address

$ /xplorer/shijy/CUDA_optimazation/microbench/mma_config/04_smem_layout_address/build/tcgen05_04_smem_layout_address_bench --dtype fp16 --shape m128n256k16 --layout none --q 32 --iterations 128 --collector-protocol discard --collector-reuse 0 --ws 0 --ws-buffer-count 1 --operand-address-mode same --input-d 0 --tmem-columns 512 --d-base-column 0 --d-tile-base-delta 256 --independent-d-count 2 --d-reuse-distance 2 --commit-interval 32 --pending-mbarriers 1 --wait-mode nocount --smem-base-offset 0 --interference-mode none --interference-ops-per-iter 0 --interference-warps 4 --active-blocks 0
status=ok
experiment=04_smem_layout_address
gpu=NVIDIA Thor
compute_capability=11.0
sm_count=20
active_blocks=20
dtype=fp16
shape=m128n256k16
m=128
n=256
k=16
layout=none
q=32
iterations=128
collector_protocol=discard
collector_reuse=0
ws_mode=0
ws_buffer_count=1
operand_address_mode=same
input_d=0
tmem_columns=512
d_base_column=0
d_tile_base_delta=256
independent_d_count=2
d_reuse_distance=2
commit_interval=32
pending_mbarriers=1
wait_polling_mode=nocount
smem_base_offset=0
interference_mode=none
interference_ops_per_iter=0
interference_warps=4
elapsed_cycles=3678178
poll_count=0
max_abs_error=0.832031250
guard_ok=1
interference_sink=0.000000000

$ /xplorer/shijy/CUDA_optimazation/microbench/mma_config/04_smem_layout_address/build/tcgen05_04_smem_layout_address_bench --dtype fp16 --shape m128n256k16 --layout none --q 32 --iterations 128 --collector-protocol discard --collector-reuse 0 --ws 0 --ws-buffer-count 1 --operand-address-mode same --input-d 0 --tmem-columns 512 --d-base-column 0 --d-tile-base-delta 256 --independent-d-count 2 --d-reuse-distance 2 --commit-interval 32 --pending-mbarriers 1 --wait-mode nocount --smem-base-offset 0 --interference-mode none --interference-ops-per-iter 0 --interference-warps 4 --active-blocks 0
status=ok
experiment=04_smem_layout_address
gpu=NVIDIA Thor
compute_capability=11.0
sm_count=20
active_blocks=20
dtype=fp16
shape=m128n256k16
m=128
n=256
k=16
layout=none
q=32
iterations=128
collector_protocol=discard
collector_reuse=0
ws_mode=0
ws_buffer_count=1
operand_address_mode=same
input_d=0
tmem_columns=512
d_base_column=0
d_tile_base_delta=256
independent_d_count=2
d_reuse_distance=2
commit_interval=32
pending_mbarriers=1
wait_polling_mode=nocount
smem_base_offset=0
interference_mode=none
interference_ops_per_iter=0
interference_warps=4
elapsed_cycles=3678182
poll_count=0
max_abs_error=0.832031250
guard_ok=1
interference_sink=0.000000000

$ /xplorer/shijy/CUDA_optimazation/microbench/mma_config/04_smem_layout_address/build/tcgen05_04_smem_layout_address_bench --dtype fp16 --shape m128n256k16 --layout none --q 32 --iterations 128 --collector-protocol discard --collector-reuse 0 --ws 0 --ws-buffer-count 1 --operand-address-mode same --input-d 0 --tmem-columns 512 --d-base-column 0 --d-tile-base-delta 256 --independent-d-count 2 --d-reuse-distance 2 --commit-interval 32 --pending-mbarriers 1 --wait-mode nocount --smem-base-offset 0 --interference-mode none --interference-ops-per-iter 0 --interference-warps 4 --active-blocks 0
status=ok
experiment=04_smem_layout_address
gpu=NVIDIA Thor
compute_capability=11.0
sm_count=20
active_blocks=20
dtype=fp16
shape=m128n256k16
m=128
n=256
k=16
layout=none
q=32
iterations=128
collector_protocol=discard
collector_reuse=0
ws_mode=0
ws_buffer_count=1
operand_address_mode=same
input_d=0
tmem_columns=512
d_base_column=0
d_tile_base_delta=256
independent_d_count=2
d_reuse_distance=2
commit_interval=32
pending_mbarriers=1
wait_polling_mode=nocount
smem_base_offset=0
interference_mode=none
interference_ops_per_iter=0
interference_warps=4
elapsed_cycles=3678179
poll_count=0
max_abs_error=0.832031250
guard_ok=1
interference_sink=0.000000000

$ /xplorer/shijy/CUDA_optimazation/microbench/mma_config/04_smem_layout_address/build/tcgen05_04_smem_layout_address_bench --dtype fp16 --shape m128n256k16 --layout none --q 32 --iterations 128 --collector-protocol discard --collector-reuse 0 --ws 0 --ws-buffer-count 1 --operand-address-mode same --input-d 0 --tmem-columns 512 --d-base-column 0 --d-tile-base-delta 256 --independent-d-count 2 --d-reuse-distance 2 --commit-interval 32 --pending-mbarriers 1 --wait-mode nocount --smem-base-offset 0 --interference-mode none --interference-ops-per-iter 0 --interference-warps 4 --active-blocks 0
status=ok
experiment=04_smem_layout_address
gpu=NVIDIA Thor
compute_capability=11.0
sm_count=20
active_blocks=20
dtype=fp16
shape=m128n256k16
m=128
n=256
k=16
layout=none
q=32
iterations=128
collector_protocol=discard
collector_reuse=0
ws_mode=0
ws_buffer_count=1
operand_address_mode=same
input_d=0
tmem_columns=512
d_base_column=0
d_tile_base_delta=256
independent_d_count=2
d_reuse_distance=2
commit_interval=32
pending_mbarriers=1
wait_polling_mode=nocount
smem_base_offset=0
interference_mode=none
interference_ops_per_iter=0
interference_warps=4
elapsed_cycles=3678179
poll_count=0
max_abs_error=0.832031250
guard_ok=1
interference_sink=0.000000000

$ /xplorer/shijy/CUDA_optimazation/microbench/mma_config/04_smem_layout_address/build/tcgen05_04_smem_layout_address_bench --dtype fp16 --shape m128n256k16 --layout none --q 32 --iterations 128 --collector-protocol discard --collector-reuse 0 --ws 0 --ws-buffer-count 1 --operand-address-mode same --input-d 0 --tmem-columns 512 --d-base-column 0 --d-tile-base-delta 256 --independent-d-count 2 --d-reuse-distance 2 --commit-interval 32 --pending-mbarriers 1 --wait-mode nocount --smem-base-offset 0 --interference-mode none --interference-ops-per-iter 0 --interference-warps 4 --active-blocks 0
status=ok
experiment=04_smem_layout_address
gpu=NVIDIA Thor
compute_capability=11.0
sm_count=20
active_blocks=20
dtype=fp16
shape=m128n256k16
m=128
n=256
k=16
layout=none
q=32
iterations=128
collector_protocol=discard
collector_reuse=0
ws_mode=0
ws_buffer_count=1
operand_address_mode=same
input_d=0
tmem_columns=512
d_base_column=0
d_tile_base_delta=256
independent_d_count=2
d_reuse_distance=2
commit_interval=32
pending_mbarriers=1
wait_polling_mode=nocount
smem_base_offset=0
interference_mode=none
interference_ops_per_iter=0
interference_warps=4
elapsed_cycles=3678178
poll_count=0
max_abs_error=0.832031250
guard_ok=1
interference_sink=0.000000000

$ /xplorer/shijy/CUDA_optimazation/microbench/mma_config/04_smem_layout_address/build/tcgen05_04_smem_layout_address_bench --dtype fp16 --shape m128n64k16 --layout sw128 --q 32 --iterations 128 --collector-protocol discard --collector-reuse 0 --ws 0 --ws-buffer-count 1 --operand-address-mode same --input-d 0 --tmem-columns 512 --d-base-column 0 --d-tile-base-delta 64 --independent-d-count 8 --d-reuse-distance 8 --commit-interval 32 --pending-mbarriers 1 --wait-mode nocount --smem-base-offset 32 --interference-mode none --interference-ops-per-iter 0 --interference-warps 4 --active-blocks 0
status=cuda_error
invalid_reason=misaligned address

$ /xplorer/shijy/CUDA_optimazation/microbench/mma_config/04_smem_layout_address/build/tcgen05_04_smem_layout_address_bench --dtype fp16 --shape m128n64k16 --layout sw128 --q 32 --iterations 128 --collector-protocol discard --collector-reuse 0 --ws 0 --ws-buffer-count 1 --operand-address-mode same --input-d 0 --tmem-columns 512 --d-base-column 0 --d-tile-base-delta 64 --independent-d-count 8 --d-reuse-distance 8 --commit-interval 32 --pending-mbarriers 1 --wait-mode nocount --smem-base-offset 32 --interference-mode none --interference-ops-per-iter 0 --interference-warps 4 --active-blocks 0
status=cuda_error
invalid_reason=misaligned address

$ /xplorer/shijy/CUDA_optimazation/microbench/mma_config/04_smem_layout_address/build/tcgen05_04_smem_layout_address_bench --dtype fp16 --shape m128n64k16 --layout sw128 --q 32 --iterations 128 --collector-protocol discard --collector-reuse 0 --ws 0 --ws-buffer-count 1 --operand-address-mode same --input-d 0 --tmem-columns 512 --d-base-column 0 --d-tile-base-delta 64 --independent-d-count 8 --d-reuse-distance 8 --commit-interval 32 --pending-mbarriers 1 --wait-mode nocount --smem-base-offset 32 --interference-mode none --interference-ops-per-iter 0 --interference-warps 4 --active-blocks 0
status=cuda_error
invalid_reason=misaligned address

$ /xplorer/shijy/CUDA_optimazation/microbench/mma_config/04_smem_layout_address/build/tcgen05_04_smem_layout_address_bench --dtype fp16 --shape m128n64k16 --layout sw128 --q 32 --iterations 128 --collector-protocol discard --collector-reuse 0 --ws 0 --ws-buffer-count 1 --operand-address-mode same --input-d 0 --tmem-columns 512 --d-base-column 0 --d-tile-base-delta 64 --independent-d-count 8 --d-reuse-distance 8 --commit-interval 32 --pending-mbarriers 1 --wait-mode nocount --smem-base-offset 32 --interference-mode none --interference-ops-per-iter 0 --interference-warps 4 --active-blocks 0
status=cuda_error
invalid_reason=misaligned address

$ /xplorer/shijy/CUDA_optimazation/microbench/mma_config/04_smem_layout_address/build/tcgen05_04_smem_layout_address_bench --dtype fp16 --shape m128n64k16 --layout sw128 --q 32 --iterations 128 --collector-protocol discard --collector-reuse 0 --ws 0 --ws-buffer-count 1 --operand-address-mode same --input-d 0 --tmem-columns 512 --d-base-column 0 --d-tile-base-delta 64 --independent-d-count 8 --d-reuse-distance 8 --commit-interval 32 --pending-mbarriers 1 --wait-mode nocount --smem-base-offset 32 --interference-mode none --interference-ops-per-iter 0 --interference-warps 4 --active-blocks 0
status=cuda_error
invalid_reason=misaligned address

$ /xplorer/shijy/CUDA_optimazation/microbench/mma_config/04_smem_layout_address/build/tcgen05_04_smem_layout_address_bench --dtype fp16 --shape m128n128k16 --layout none --q 32 --iterations 128 --collector-protocol discard --collector-reuse 0 --ws 0 --ws-buffer-count 1 --operand-address-mode same --input-d 0 --tmem-columns 512 --d-base-column 0 --d-tile-base-delta 128 --independent-d-count 4 --d-reuse-distance 4 --commit-interval 32 --pending-mbarriers 1 --wait-mode nocount --smem-base-offset 64 --interference-mode none --interference-ops-per-iter 0 --interference-warps 4 --active-blocks 0
status=cuda_error
invalid_reason=misaligned address

$ /xplorer/shijy/CUDA_optimazation/microbench/mma_config/04_smem_layout_address/build/tcgen05_04_smem_layout_address_bench --dtype fp16 --shape m128n128k16 --layout none --q 32 --iterations 128 --collector-protocol discard --collector-reuse 0 --ws 0 --ws-buffer-count 1 --operand-address-mode same --input-d 0 --tmem-columns 512 --d-base-column 0 --d-tile-base-delta 128 --independent-d-count 4 --d-reuse-distance 4 --commit-interval 32 --pending-mbarriers 1 --wait-mode nocount --smem-base-offset 64 --interference-mode none --interference-ops-per-iter 0 --interference-warps 4 --active-blocks 0
status=cuda_error
invalid_reason=misaligned address

$ /xplorer/shijy/CUDA_optimazation/microbench/mma_config/04_smem_layout_address/build/tcgen05_04_smem_layout_address_bench --dtype fp16 --shape m128n128k16 --layout none --q 32 --iterations 128 --collector-protocol discard --collector-reuse 0 --ws 0 --ws-buffer-count 1 --operand-address-mode same --input-d 0 --tmem-columns 512 --d-base-column 0 --d-tile-base-delta 128 --independent-d-count 4 --d-reuse-distance 4 --commit-interval 32 --pending-mbarriers 1 --wait-mode nocount --smem-base-offset 64 --interference-mode none --interference-ops-per-iter 0 --interference-warps 4 --active-blocks 0
status=cuda_error
invalid_reason=misaligned address

$ /xplorer/shijy/CUDA_optimazation/microbench/mma_config/04_smem_layout_address/build/tcgen05_04_smem_layout_address_bench --dtype fp16 --shape m128n128k16 --layout none --q 32 --iterations 128 --collector-protocol discard --collector-reuse 0 --ws 0 --ws-buffer-count 1 --operand-address-mode same --input-d 0 --tmem-columns 512 --d-base-column 0 --d-tile-base-delta 128 --independent-d-count 4 --d-reuse-distance 4 --commit-interval 32 --pending-mbarriers 1 --wait-mode nocount --smem-base-offset 64 --interference-mode none --interference-ops-per-iter 0 --interference-warps 4 --active-blocks 0
status=cuda_error
invalid_reason=misaligned address

$ /xplorer/shijy/CUDA_optimazation/microbench/mma_config/04_smem_layout_address/build/tcgen05_04_smem_layout_address_bench --dtype fp16 --shape m128n128k16 --layout none --q 32 --iterations 128 --collector-protocol discard --collector-reuse 0 --ws 0 --ws-buffer-count 1 --operand-address-mode same --input-d 0 --tmem-columns 512 --d-base-column 0 --d-tile-base-delta 128 --independent-d-count 4 --d-reuse-distance 4 --commit-interval 32 --pending-mbarriers 1 --wait-mode nocount --smem-base-offset 64 --interference-mode none --interference-ops-per-iter 0 --interference-warps 4 --active-blocks 0
status=cuda_error
invalid_reason=misaligned address

$ /xplorer/shijy/CUDA_optimazation/microbench/mma_config/04_smem_layout_address/build/tcgen05_04_smem_layout_address_bench --dtype fp16 --shape m128n256k16 --layout sw128 --q 32 --iterations 128 --collector-protocol discard --collector-reuse 0 --ws 0 --ws-buffer-count 1 --operand-address-mode same --input-d 0 --tmem-columns 512 --d-base-column 0 --d-tile-base-delta 256 --independent-d-count 2 --d-reuse-distance 2 --commit-interval 32 --pending-mbarriers 1 --wait-mode nocount --smem-base-offset 16 --interference-mode none --interference-ops-per-iter 0 --interference-warps 4 --active-blocks 0
status=cuda_error
invalid_reason=misaligned address

$ /xplorer/shijy/CUDA_optimazation/microbench/mma_config/04_smem_layout_address/build/tcgen05_04_smem_layout_address_bench --dtype fp16 --shape m128n256k16 --layout sw128 --q 32 --iterations 128 --collector-protocol discard --collector-reuse 0 --ws 0 --ws-buffer-count 1 --operand-address-mode same --input-d 0 --tmem-columns 512 --d-base-column 0 --d-tile-base-delta 256 --independent-d-count 2 --d-reuse-distance 2 --commit-interval 32 --pending-mbarriers 1 --wait-mode nocount --smem-base-offset 16 --interference-mode none --interference-ops-per-iter 0 --interference-warps 4 --active-blocks 0
status=cuda_error
invalid_reason=misaligned address

$ /xplorer/shijy/CUDA_optimazation/microbench/mma_config/04_smem_layout_address/build/tcgen05_04_smem_layout_address_bench --dtype fp16 --shape m128n256k16 --layout sw128 --q 32 --iterations 128 --collector-protocol discard --collector-reuse 0 --ws 0 --ws-buffer-count 1 --operand-address-mode same --input-d 0 --tmem-columns 512 --d-base-column 0 --d-tile-base-delta 256 --independent-d-count 2 --d-reuse-distance 2 --commit-interval 32 --pending-mbarriers 1 --wait-mode nocount --smem-base-offset 16 --interference-mode none --interference-ops-per-iter 0 --interference-warps 4 --active-blocks 0
status=cuda_error
invalid_reason=misaligned address

$ /xplorer/shijy/CUDA_optimazation/microbench/mma_config/04_smem_layout_address/build/tcgen05_04_smem_layout_address_bench --dtype fp16 --shape m128n256k16 --layout sw128 --q 32 --iterations 128 --collector-protocol discard --collector-reuse 0 --ws 0 --ws-buffer-count 1 --operand-address-mode same --input-d 0 --tmem-columns 512 --d-base-column 0 --d-tile-base-delta 256 --independent-d-count 2 --d-reuse-distance 2 --commit-interval 32 --pending-mbarriers 1 --wait-mode nocount --smem-base-offset 16 --interference-mode none --interference-ops-per-iter 0 --interference-warps 4 --active-blocks 0
status=cuda_error
invalid_reason=misaligned address

$ /xplorer/shijy/CUDA_optimazation/microbench/mma_config/04_smem_layout_address/build/tcgen05_04_smem_layout_address_bench --dtype fp16 --shape m128n256k16 --layout sw128 --q 32 --iterations 128 --collector-protocol discard --collector-reuse 0 --ws 0 --ws-buffer-count 1 --operand-address-mode same --input-d 0 --tmem-columns 512 --d-base-column 0 --d-tile-base-delta 256 --independent-d-count 2 --d-reuse-distance 2 --commit-interval 32 --pending-mbarriers 1 --wait-mode nocount --smem-base-offset 16 --interference-mode none --interference-ops-per-iter 0 --interference-warps 4 --active-blocks 0
status=cuda_error
invalid_reason=misaligned address

$ /xplorer/shijy/CUDA_optimazation/microbench/mma_config/04_smem_layout_address/build/tcgen05_04_smem_layout_address_bench --dtype fp16 --shape m128n128k16 --layout sw64 --q 32 --iterations 128 --collector-protocol discard --collector-reuse 0 --ws 0 --ws-buffer-count 1 --operand-address-mode same --input-d 0 --tmem-columns 512 --d-base-column 0 --d-tile-base-delta 128 --independent-d-count 4 --d-reuse-distance 4 --commit-interval 32 --pending-mbarriers 1 --wait-mode nocount --smem-base-offset 32 --interference-mode none --interference-ops-per-iter 0 --interference-warps 4 --active-blocks 0
status=cuda_error
invalid_reason=misaligned address

$ /xplorer/shijy/CUDA_optimazation/microbench/mma_config/04_smem_layout_address/build/tcgen05_04_smem_layout_address_bench --dtype fp16 --shape m128n128k16 --layout sw64 --q 32 --iterations 128 --collector-protocol discard --collector-reuse 0 --ws 0 --ws-buffer-count 1 --operand-address-mode same --input-d 0 --tmem-columns 512 --d-base-column 0 --d-tile-base-delta 128 --independent-d-count 4 --d-reuse-distance 4 --commit-interval 32 --pending-mbarriers 1 --wait-mode nocount --smem-base-offset 32 --interference-mode none --interference-ops-per-iter 0 --interference-warps 4 --active-blocks 0
status=cuda_error
invalid_reason=misaligned address

$ /xplorer/shijy/CUDA_optimazation/microbench/mma_config/04_smem_layout_address/build/tcgen05_04_smem_layout_address_bench --dtype fp16 --shape m128n128k16 --layout sw64 --q 32 --iterations 128 --collector-protocol discard --collector-reuse 0 --ws 0 --ws-buffer-count 1 --operand-address-mode same --input-d 0 --tmem-columns 512 --d-base-column 0 --d-tile-base-delta 128 --independent-d-count 4 --d-reuse-distance 4 --commit-interval 32 --pending-mbarriers 1 --wait-mode nocount --smem-base-offset 32 --interference-mode none --interference-ops-per-iter 0 --interference-warps 4 --active-blocks 0
status=cuda_error
invalid_reason=misaligned address

$ /xplorer/shijy/CUDA_optimazation/microbench/mma_config/04_smem_layout_address/build/tcgen05_04_smem_layout_address_bench --dtype fp16 --shape m128n128k16 --layout sw64 --q 32 --iterations 128 --collector-protocol discard --collector-reuse 0 --ws 0 --ws-buffer-count 1 --operand-address-mode same --input-d 0 --tmem-columns 512 --d-base-column 0 --d-tile-base-delta 128 --independent-d-count 4 --d-reuse-distance 4 --commit-interval 32 --pending-mbarriers 1 --wait-mode nocount --smem-base-offset 32 --interference-mode none --interference-ops-per-iter 0 --interference-warps 4 --active-blocks 0
status=cuda_error
invalid_reason=misaligned address

$ /xplorer/shijy/CUDA_optimazation/microbench/mma_config/04_smem_layout_address/build/tcgen05_04_smem_layout_address_bench --dtype fp16 --shape m128n128k16 --layout sw64 --q 32 --iterations 128 --collector-protocol discard --collector-reuse 0 --ws 0 --ws-buffer-count 1 --operand-address-mode same --input-d 0 --tmem-columns 512 --d-base-column 0 --d-tile-base-delta 128 --independent-d-count 4 --d-reuse-distance 4 --commit-interval 32 --pending-mbarriers 1 --wait-mode nocount --smem-base-offset 32 --interference-mode none --interference-ops-per-iter 0 --interference-warps 4 --active-blocks 0
status=cuda_error
invalid_reason=misaligned address

$ /xplorer/shijy/CUDA_optimazation/microbench/mma_config/04_smem_layout_address/build/tcgen05_04_smem_layout_address_bench --dtype fp16 --shape m128n256k16 --layout none --q 32 --iterations 128 --collector-protocol discard --collector-reuse 0 --ws 0 --ws-buffer-count 1 --operand-address-mode same --input-d 0 --tmem-columns 512 --d-base-column 0 --d-tile-base-delta 256 --independent-d-count 2 --d-reuse-distance 2 --commit-interval 32 --pending-mbarriers 1 --wait-mode nocount --smem-base-offset 256 --interference-mode none --interference-ops-per-iter 0 --interference-warps 4 --active-blocks 0
status=ok
experiment=04_smem_layout_address
gpu=NVIDIA Thor
compute_capability=11.0
sm_count=20
active_blocks=20
dtype=fp16
shape=m128n256k16
m=128
n=256
k=16
layout=none
q=32
iterations=128
collector_protocol=discard
collector_reuse=0
ws_mode=0
ws_buffer_count=1
operand_address_mode=same
input_d=0
tmem_columns=512
d_base_column=0
d_tile_base_delta=256
independent_d_count=2
d_reuse_distance=2
commit_interval=32
pending_mbarriers=1
wait_polling_mode=nocount
smem_base_offset=256
interference_mode=none
interference_ops_per_iter=0
interference_warps=4
elapsed_cycles=3678178
poll_count=0
max_abs_error=0.832031250
guard_ok=1
interference_sink=0.000000000

$ /xplorer/shijy/CUDA_optimazation/microbench/mma_config/04_smem_layout_address/build/tcgen05_04_smem_layout_address_bench --dtype fp16 --shape m128n256k16 --layout none --q 32 --iterations 128 --collector-protocol discard --collector-reuse 0 --ws 0 --ws-buffer-count 1 --operand-address-mode same --input-d 0 --tmem-columns 512 --d-base-column 0 --d-tile-base-delta 256 --independent-d-count 2 --d-reuse-distance 2 --commit-interval 32 --pending-mbarriers 1 --wait-mode nocount --smem-base-offset 256 --interference-mode none --interference-ops-per-iter 0 --interference-warps 4 --active-blocks 0
status=ok
experiment=04_smem_layout_address
gpu=NVIDIA Thor
compute_capability=11.0
sm_count=20
active_blocks=20
dtype=fp16
shape=m128n256k16
m=128
n=256
k=16
layout=none
q=32
iterations=128
collector_protocol=discard
collector_reuse=0
ws_mode=0
ws_buffer_count=1
operand_address_mode=same
input_d=0
tmem_columns=512
d_base_column=0
d_tile_base_delta=256
independent_d_count=2
d_reuse_distance=2
commit_interval=32
pending_mbarriers=1
wait_polling_mode=nocount
smem_base_offset=256
interference_mode=none
interference_ops_per_iter=0
interference_warps=4
elapsed_cycles=3678182
poll_count=0
max_abs_error=0.832031250
guard_ok=1
interference_sink=0.000000000

$ /xplorer/shijy/CUDA_optimazation/microbench/mma_config/04_smem_layout_address/build/tcgen05_04_smem_layout_address_bench --dtype fp16 --shape m128n256k16 --layout none --q 32 --iterations 128 --collector-protocol discard --collector-reuse 0 --ws 0 --ws-buffer-count 1 --operand-address-mode same --input-d 0 --tmem-columns 512 --d-base-column 0 --d-tile-base-delta 256 --independent-d-count 2 --d-reuse-distance 2 --commit-interval 32 --pending-mbarriers 1 --wait-mode nocount --smem-base-offset 256 --interference-mode none --interference-ops-per-iter 0 --interference-warps 4 --active-blocks 0
status=ok
experiment=04_smem_layout_address
gpu=NVIDIA Thor
compute_capability=11.0
sm_count=20
active_blocks=20
dtype=fp16
shape=m128n256k16
m=128
n=256
k=16
layout=none
q=32
iterations=128
collector_protocol=discard
collector_reuse=0
ws_mode=0
ws_buffer_count=1
operand_address_mode=same
input_d=0
tmem_columns=512
d_base_column=0
d_tile_base_delta=256
independent_d_count=2
d_reuse_distance=2
commit_interval=32
pending_mbarriers=1
wait_polling_mode=nocount
smem_base_offset=256
interference_mode=none
interference_ops_per_iter=0
interference_warps=4
elapsed_cycles=3678183
poll_count=0
max_abs_error=0.832031250
guard_ok=1
interference_sink=0.000000000

$ /xplorer/shijy/CUDA_optimazation/microbench/mma_config/04_smem_layout_address/build/tcgen05_04_smem_layout_address_bench --dtype fp16 --shape m128n256k16 --layout none --q 32 --iterations 128 --collector-protocol discard --collector-reuse 0 --ws 0 --ws-buffer-count 1 --operand-address-mode same --input-d 0 --tmem-columns 512 --d-base-column 0 --d-tile-base-delta 256 --independent-d-count 2 --d-reuse-distance 2 --commit-interval 32 --pending-mbarriers 1 --wait-mode nocount --smem-base-offset 256 --interference-mode none --interference-ops-per-iter 0 --interference-warps 4 --active-blocks 0
status=ok
experiment=04_smem_layout_address
gpu=NVIDIA Thor
compute_capability=11.0
sm_count=20
active_blocks=20
dtype=fp16
shape=m128n256k16
m=128
n=256
k=16
layout=none
q=32
iterations=128
collector_protocol=discard
collector_reuse=0
ws_mode=0
ws_buffer_count=1
operand_address_mode=same
input_d=0
tmem_columns=512
d_base_column=0
d_tile_base_delta=256
independent_d_count=2
d_reuse_distance=2
commit_interval=32
pending_mbarriers=1
wait_polling_mode=nocount
smem_base_offset=256
interference_mode=none
interference_ops_per_iter=0
interference_warps=4
elapsed_cycles=3678179
poll_count=0
max_abs_error=0.832031250
guard_ok=1
interference_sink=0.000000000

$ /xplorer/shijy/CUDA_optimazation/microbench/mma_config/04_smem_layout_address/build/tcgen05_04_smem_layout_address_bench --dtype fp16 --shape m128n256k16 --layout none --q 32 --iterations 128 --collector-protocol discard --collector-reuse 0 --ws 0 --ws-buffer-count 1 --operand-address-mode same --input-d 0 --tmem-columns 512 --d-base-column 0 --d-tile-base-delta 256 --independent-d-count 2 --d-reuse-distance 2 --commit-interval 32 --pending-mbarriers 1 --wait-mode nocount --smem-base-offset 256 --interference-mode none --interference-ops-per-iter 0 --interference-warps 4 --active-blocks 0
status=ok
experiment=04_smem_layout_address
gpu=NVIDIA Thor
compute_capability=11.0
sm_count=20
active_blocks=20
dtype=fp16
shape=m128n256k16
m=128
n=256
k=16
layout=none
q=32
iterations=128
collector_protocol=discard
collector_reuse=0
ws_mode=0
ws_buffer_count=1
operand_address_mode=same
input_d=0
tmem_columns=512
d_base_column=0
d_tile_base_delta=256
independent_d_count=2
d_reuse_distance=2
commit_interval=32
pending_mbarriers=1
wait_polling_mode=nocount
smem_base_offset=256
interference_mode=none
interference_ops_per_iter=0
interference_warps=4
elapsed_cycles=3678182
poll_count=0
max_abs_error=0.832031250
guard_ok=1
interference_sink=0.000000000

$ /xplorer/shijy/CUDA_optimazation/microbench/mma_config/04_smem_layout_address/build/tcgen05_04_smem_layout_address_bench --dtype bf16 --shape m128n64k16 --layout none --q 32 --iterations 128 --collector-protocol discard --collector-reuse 0 --ws 0 --ws-buffer-count 1 --operand-address-mode same --input-d 0 --tmem-columns 512 --d-base-column 0 --d-tile-base-delta 64 --independent-d-count 8 --d-reuse-distance 8 --commit-interval 32 --pending-mbarriers 1 --wait-mode nocount --smem-base-offset 256 --interference-mode none --interference-ops-per-iter 0 --interference-warps 4 --active-blocks 0
status=ok
experiment=04_smem_layout_address
gpu=NVIDIA Thor
compute_capability=11.0
sm_count=20
active_blocks=20
dtype=bf16
shape=m128n64k16
m=128
n=64
k=16
layout=none
q=32
iterations=128
collector_protocol=discard
collector_reuse=0
ws_mode=0
ws_buffer_count=1
operand_address_mode=same
input_d=0
tmem_columns=512
d_base_column=0
d_tile_base_delta=64
independent_d_count=8
d_reuse_distance=8
commit_interval=32
pending_mbarriers=1
wait_polling_mode=nocount
smem_base_offset=256
interference_mode=none
interference_ops_per_iter=0
interference_warps=4
elapsed_cycles=3678584
poll_count=0
max_abs_error=0.832031250
guard_ok=1
interference_sink=0.000000000

$ /xplorer/shijy/CUDA_optimazation/microbench/mma_config/04_smem_layout_address/build/tcgen05_04_smem_layout_address_bench --dtype bf16 --shape m128n64k16 --layout none --q 32 --iterations 128 --collector-protocol discard --collector-reuse 0 --ws 0 --ws-buffer-count 1 --operand-address-mode same --input-d 0 --tmem-columns 512 --d-base-column 0 --d-tile-base-delta 64 --independent-d-count 8 --d-reuse-distance 8 --commit-interval 32 --pending-mbarriers 1 --wait-mode nocount --smem-base-offset 256 --interference-mode none --interference-ops-per-iter 0 --interference-warps 4 --active-blocks 0
status=ok
experiment=04_smem_layout_address
gpu=NVIDIA Thor
compute_capability=11.0
sm_count=20
active_blocks=20
dtype=bf16
shape=m128n64k16
m=128
n=64
k=16
layout=none
q=32
iterations=128
collector_protocol=discard
collector_reuse=0
ws_mode=0
ws_buffer_count=1
operand_address_mode=same
input_d=0
tmem_columns=512
d_base_column=0
d_tile_base_delta=64
independent_d_count=8
d_reuse_distance=8
commit_interval=32
pending_mbarriers=1
wait_polling_mode=nocount
smem_base_offset=256
interference_mode=none
interference_ops_per_iter=0
interference_warps=4
elapsed_cycles=3678621
poll_count=0
max_abs_error=0.832031250
guard_ok=1
interference_sink=0.000000000

$ /xplorer/shijy/CUDA_optimazation/microbench/mma_config/04_smem_layout_address/build/tcgen05_04_smem_layout_address_bench --dtype bf16 --shape m128n64k16 --layout none --q 32 --iterations 128 --collector-protocol discard --collector-reuse 0 --ws 0 --ws-buffer-count 1 --operand-address-mode same --input-d 0 --tmem-columns 512 --d-base-column 0 --d-tile-base-delta 64 --independent-d-count 8 --d-reuse-distance 8 --commit-interval 32 --pending-mbarriers 1 --wait-mode nocount --smem-base-offset 256 --interference-mode none --interference-ops-per-iter 0 --interference-warps 4 --active-blocks 0
status=ok
experiment=04_smem_layout_address
gpu=NVIDIA Thor
compute_capability=11.0
sm_count=20
active_blocks=20
dtype=bf16
shape=m128n64k16
m=128
n=64
k=16
layout=none
q=32
iterations=128
collector_protocol=discard
collector_reuse=0
ws_mode=0
ws_buffer_count=1
operand_address_mode=same
input_d=0
tmem_columns=512
d_base_column=0
d_tile_base_delta=64
independent_d_count=8
d_reuse_distance=8
commit_interval=32
pending_mbarriers=1
wait_polling_mode=nocount
smem_base_offset=256
interference_mode=none
interference_ops_per_iter=0
interference_warps=4
elapsed_cycles=3678584
poll_count=0
max_abs_error=0.832031250
guard_ok=1
interference_sink=0.000000000

$ /xplorer/shijy/CUDA_optimazation/microbench/mma_config/04_smem_layout_address/build/tcgen05_04_smem_layout_address_bench --dtype bf16 --shape m128n64k16 --layout none --q 32 --iterations 128 --collector-protocol discard --collector-reuse 0 --ws 0 --ws-buffer-count 1 --operand-address-mode same --input-d 0 --tmem-columns 512 --d-base-column 0 --d-tile-base-delta 64 --independent-d-count 8 --d-reuse-distance 8 --commit-interval 32 --pending-mbarriers 1 --wait-mode nocount --smem-base-offset 256 --interference-mode none --interference-ops-per-iter 0 --interference-warps 4 --active-blocks 0
status=ok
experiment=04_smem_layout_address
gpu=NVIDIA Thor
compute_capability=11.0
sm_count=20
active_blocks=20
dtype=bf16
shape=m128n64k16
m=128
n=64
k=16
layout=none
q=32
iterations=128
collector_protocol=discard
collector_reuse=0
ws_mode=0
ws_buffer_count=1
operand_address_mode=same
input_d=0
tmem_columns=512
d_base_column=0
d_tile_base_delta=64
independent_d_count=8
d_reuse_distance=8
commit_interval=32
pending_mbarriers=1
wait_polling_mode=nocount
smem_base_offset=256
interference_mode=none
interference_ops_per_iter=0
interference_warps=4
elapsed_cycles=3678580
poll_count=0
max_abs_error=0.832031250
guard_ok=1
interference_sink=0.000000000

$ /xplorer/shijy/CUDA_optimazation/microbench/mma_config/04_smem_layout_address/build/tcgen05_04_smem_layout_address_bench --dtype bf16 --shape m128n64k16 --layout none --q 32 --iterations 128 --collector-protocol discard --collector-reuse 0 --ws 0 --ws-buffer-count 1 --operand-address-mode same --input-d 0 --tmem-columns 512 --d-base-column 0 --d-tile-base-delta 64 --independent-d-count 8 --d-reuse-distance 8 --commit-interval 32 --pending-mbarriers 1 --wait-mode nocount --smem-base-offset 256 --interference-mode none --interference-ops-per-iter 0 --interference-warps 4 --active-blocks 0
status=ok
experiment=04_smem_layout_address
gpu=NVIDIA Thor
compute_capability=11.0
sm_count=20
active_blocks=20
dtype=bf16
shape=m128n64k16
m=128
n=64
k=16
layout=none
q=32
iterations=128
collector_protocol=discard
collector_reuse=0
ws_mode=0
ws_buffer_count=1
operand_address_mode=same
input_d=0
tmem_columns=512
d_base_column=0
d_tile_base_delta=64
independent_d_count=8
d_reuse_distance=8
commit_interval=32
pending_mbarriers=1
wait_polling_mode=nocount
smem_base_offset=256
interference_mode=none
interference_ops_per_iter=0
interference_warps=4
elapsed_cycles=3678618
poll_count=0
max_abs_error=0.832031250
guard_ok=1
interference_sink=0.000000000

$ /xplorer/shijy/CUDA_optimazation/microbench/mma_config/04_smem_layout_address/build/tcgen05_04_smem_layout_address_bench --dtype fp16 --shape m128n64k16 --layout sw128 --q 32 --iterations 128 --collector-protocol discard --collector-reuse 0 --ws 0 --ws-buffer-count 1 --operand-address-mode same --input-d 0 --tmem-columns 512 --d-base-column 0 --d-tile-base-delta 64 --independent-d-count 8 --d-reuse-distance 8 --commit-interval 32 --pending-mbarriers 1 --wait-mode nocount --smem-base-offset 16 --interference-mode none --interference-ops-per-iter 0 --interference-warps 4 --active-blocks 0
status=cuda_error
invalid_reason=misaligned address

$ /xplorer/shijy/CUDA_optimazation/microbench/mma_config/04_smem_layout_address/build/tcgen05_04_smem_layout_address_bench --dtype fp16 --shape m128n64k16 --layout sw128 --q 32 --iterations 128 --collector-protocol discard --collector-reuse 0 --ws 0 --ws-buffer-count 1 --operand-address-mode same --input-d 0 --tmem-columns 512 --d-base-column 0 --d-tile-base-delta 64 --independent-d-count 8 --d-reuse-distance 8 --commit-interval 32 --pending-mbarriers 1 --wait-mode nocount --smem-base-offset 16 --interference-mode none --interference-ops-per-iter 0 --interference-warps 4 --active-blocks 0
status=cuda_error
invalid_reason=misaligned address

$ /xplorer/shijy/CUDA_optimazation/microbench/mma_config/04_smem_layout_address/build/tcgen05_04_smem_layout_address_bench --dtype fp16 --shape m128n64k16 --layout sw128 --q 32 --iterations 128 --collector-protocol discard --collector-reuse 0 --ws 0 --ws-buffer-count 1 --operand-address-mode same --input-d 0 --tmem-columns 512 --d-base-column 0 --d-tile-base-delta 64 --independent-d-count 8 --d-reuse-distance 8 --commit-interval 32 --pending-mbarriers 1 --wait-mode nocount --smem-base-offset 16 --interference-mode none --interference-ops-per-iter 0 --interference-warps 4 --active-blocks 0
status=cuda_error
invalid_reason=misaligned address

$ /xplorer/shijy/CUDA_optimazation/microbench/mma_config/04_smem_layout_address/build/tcgen05_04_smem_layout_address_bench --dtype fp16 --shape m128n64k16 --layout sw128 --q 32 --iterations 128 --collector-protocol discard --collector-reuse 0 --ws 0 --ws-buffer-count 1 --operand-address-mode same --input-d 0 --tmem-columns 512 --d-base-column 0 --d-tile-base-delta 64 --independent-d-count 8 --d-reuse-distance 8 --commit-interval 32 --pending-mbarriers 1 --wait-mode nocount --smem-base-offset 16 --interference-mode none --interference-ops-per-iter 0 --interference-warps 4 --active-blocks 0
status=cuda_error
invalid_reason=misaligned address

$ /xplorer/shijy/CUDA_optimazation/microbench/mma_config/04_smem_layout_address/build/tcgen05_04_smem_layout_address_bench --dtype fp16 --shape m128n64k16 --layout sw128 --q 32 --iterations 128 --collector-protocol discard --collector-reuse 0 --ws 0 --ws-buffer-count 1 --operand-address-mode same --input-d 0 --tmem-columns 512 --d-base-column 0 --d-tile-base-delta 64 --independent-d-count 8 --d-reuse-distance 8 --commit-interval 32 --pending-mbarriers 1 --wait-mode nocount --smem-base-offset 16 --interference-mode none --interference-ops-per-iter 0 --interference-warps 4 --active-blocks 0
status=cuda_error
invalid_reason=misaligned address

$ /xplorer/shijy/CUDA_optimazation/microbench/mma_config/04_smem_layout_address/build/tcgen05_04_smem_layout_address_bench --dtype bf16 --shape m128n256k16 --layout none --q 32 --iterations 128 --collector-protocol discard --collector-reuse 0 --ws 0 --ws-buffer-count 1 --operand-address-mode same --input-d 0 --tmem-columns 512 --d-base-column 0 --d-tile-base-delta 256 --independent-d-count 2 --d-reuse-distance 2 --commit-interval 32 --pending-mbarriers 1 --wait-mode nocount --smem-base-offset 16 --interference-mode none --interference-ops-per-iter 0 --interference-warps 4 --active-blocks 0
status=cuda_error
invalid_reason=misaligned address

$ /xplorer/shijy/CUDA_optimazation/microbench/mma_config/04_smem_layout_address/build/tcgen05_04_smem_layout_address_bench --dtype bf16 --shape m128n256k16 --layout none --q 32 --iterations 128 --collector-protocol discard --collector-reuse 0 --ws 0 --ws-buffer-count 1 --operand-address-mode same --input-d 0 --tmem-columns 512 --d-base-column 0 --d-tile-base-delta 256 --independent-d-count 2 --d-reuse-distance 2 --commit-interval 32 --pending-mbarriers 1 --wait-mode nocount --smem-base-offset 16 --interference-mode none --interference-ops-per-iter 0 --interference-warps 4 --active-blocks 0
status=cuda_error
invalid_reason=misaligned address

$ /xplorer/shijy/CUDA_optimazation/microbench/mma_config/04_smem_layout_address/build/tcgen05_04_smem_layout_address_bench --dtype bf16 --shape m128n256k16 --layout none --q 32 --iterations 128 --collector-protocol discard --collector-reuse 0 --ws 0 --ws-buffer-count 1 --operand-address-mode same --input-d 0 --tmem-columns 512 --d-base-column 0 --d-tile-base-delta 256 --independent-d-count 2 --d-reuse-distance 2 --commit-interval 32 --pending-mbarriers 1 --wait-mode nocount --smem-base-offset 16 --interference-mode none --interference-ops-per-iter 0 --interference-warps 4 --active-blocks 0
status=cuda_error
invalid_reason=misaligned address

$ /xplorer/shijy/CUDA_optimazation/microbench/mma_config/04_smem_layout_address/build/tcgen05_04_smem_layout_address_bench --dtype bf16 --shape m128n256k16 --layout none --q 32 --iterations 128 --collector-protocol discard --collector-reuse 0 --ws 0 --ws-buffer-count 1 --operand-address-mode same --input-d 0 --tmem-columns 512 --d-base-column 0 --d-tile-base-delta 256 --independent-d-count 2 --d-reuse-distance 2 --commit-interval 32 --pending-mbarriers 1 --wait-mode nocount --smem-base-offset 16 --interference-mode none --interference-ops-per-iter 0 --interference-warps 4 --active-blocks 0
status=cuda_error
invalid_reason=misaligned address

$ /xplorer/shijy/CUDA_optimazation/microbench/mma_config/04_smem_layout_address/build/tcgen05_04_smem_layout_address_bench --dtype bf16 --shape m128n256k16 --layout none --q 32 --iterations 128 --collector-protocol discard --collector-reuse 0 --ws 0 --ws-buffer-count 1 --operand-address-mode same --input-d 0 --tmem-columns 512 --d-base-column 0 --d-tile-base-delta 256 --independent-d-count 2 --d-reuse-distance 2 --commit-interval 32 --pending-mbarriers 1 --wait-mode nocount --smem-base-offset 16 --interference-mode none --interference-ops-per-iter 0 --interference-warps 4 --active-blocks 0
status=cuda_error
invalid_reason=misaligned address

$ /xplorer/shijy/CUDA_optimazation/microbench/mma_config/04_smem_layout_address/build/tcgen05_04_smem_layout_address_bench --dtype bf16 --shape m128n64k16 --layout sw32 --q 32 --iterations 128 --collector-protocol discard --collector-reuse 0 --ws 0 --ws-buffer-count 1 --operand-address-mode same --input-d 0 --tmem-columns 512 --d-base-column 0 --d-tile-base-delta 64 --independent-d-count 8 --d-reuse-distance 8 --commit-interval 32 --pending-mbarriers 1 --wait-mode nocount --smem-base-offset 16 --interference-mode none --interference-ops-per-iter 0 --interference-warps 4 --active-blocks 0
status=cuda_error
invalid_reason=misaligned address

$ /xplorer/shijy/CUDA_optimazation/microbench/mma_config/04_smem_layout_address/build/tcgen05_04_smem_layout_address_bench --dtype bf16 --shape m128n64k16 --layout sw32 --q 32 --iterations 128 --collector-protocol discard --collector-reuse 0 --ws 0 --ws-buffer-count 1 --operand-address-mode same --input-d 0 --tmem-columns 512 --d-base-column 0 --d-tile-base-delta 64 --independent-d-count 8 --d-reuse-distance 8 --commit-interval 32 --pending-mbarriers 1 --wait-mode nocount --smem-base-offset 16 --interference-mode none --interference-ops-per-iter 0 --interference-warps 4 --active-blocks 0
status=cuda_error
invalid_reason=misaligned address

$ /xplorer/shijy/CUDA_optimazation/microbench/mma_config/04_smem_layout_address/build/tcgen05_04_smem_layout_address_bench --dtype bf16 --shape m128n64k16 --layout sw32 --q 32 --iterations 128 --collector-protocol discard --collector-reuse 0 --ws 0 --ws-buffer-count 1 --operand-address-mode same --input-d 0 --tmem-columns 512 --d-base-column 0 --d-tile-base-delta 64 --independent-d-count 8 --d-reuse-distance 8 --commit-interval 32 --pending-mbarriers 1 --wait-mode nocount --smem-base-offset 16 --interference-mode none --interference-ops-per-iter 0 --interference-warps 4 --active-blocks 0
status=cuda_error
invalid_reason=misaligned address

$ /xplorer/shijy/CUDA_optimazation/microbench/mma_config/04_smem_layout_address/build/tcgen05_04_smem_layout_address_bench --dtype bf16 --shape m128n64k16 --layout sw32 --q 32 --iterations 128 --collector-protocol discard --collector-reuse 0 --ws 0 --ws-buffer-count 1 --operand-address-mode same --input-d 0 --tmem-columns 512 --d-base-column 0 --d-tile-base-delta 64 --independent-d-count 8 --d-reuse-distance 8 --commit-interval 32 --pending-mbarriers 1 --wait-mode nocount --smem-base-offset 16 --interference-mode none --interference-ops-per-iter 0 --interference-warps 4 --active-blocks 0
status=cuda_error
invalid_reason=misaligned address

$ /xplorer/shijy/CUDA_optimazation/microbench/mma_config/04_smem_layout_address/build/tcgen05_04_smem_layout_address_bench --dtype bf16 --shape m128n64k16 --layout sw32 --q 32 --iterations 128 --collector-protocol discard --collector-reuse 0 --ws 0 --ws-buffer-count 1 --operand-address-mode same --input-d 0 --tmem-columns 512 --d-base-column 0 --d-tile-base-delta 64 --independent-d-count 8 --d-reuse-distance 8 --commit-interval 32 --pending-mbarriers 1 --wait-mode nocount --smem-base-offset 16 --interference-mode none --interference-ops-per-iter 0 --interference-warps 4 --active-blocks 0
status=cuda_error
invalid_reason=misaligned address

$ /xplorer/shijy/CUDA_optimazation/microbench/mma_config/04_smem_layout_address/build/tcgen05_04_smem_layout_address_bench --dtype fp16 --shape m128n64k16 --layout none --q 32 --iterations 128 --collector-protocol discard --collector-reuse 0 --ws 0 --ws-buffer-count 1 --operand-address-mode same --input-d 0 --tmem-columns 512 --d-base-column 0 --d-tile-base-delta 64 --independent-d-count 8 --d-reuse-distance 8 --commit-interval 32 --pending-mbarriers 1 --wait-mode nocount --smem-base-offset 0 --interference-mode none --interference-ops-per-iter 0 --interference-warps 4 --active-blocks 0
status=ok
experiment=04_smem_layout_address
gpu=NVIDIA Thor
compute_capability=11.0
sm_count=20
active_blocks=20
dtype=fp16
shape=m128n64k16
m=128
n=64
k=16
layout=none
q=32
iterations=128
collector_protocol=discard
collector_reuse=0
ws_mode=0
ws_buffer_count=1
operand_address_mode=same
input_d=0
tmem_columns=512
d_base_column=0
d_tile_base_delta=64
independent_d_count=8
d_reuse_distance=8
commit_interval=32
pending_mbarriers=1
wait_polling_mode=nocount
smem_base_offset=0
interference_mode=none
interference_ops_per_iter=0
interference_warps=4
elapsed_cycles=3678575
poll_count=0
max_abs_error=0.832031250
guard_ok=1
interference_sink=0.000000000

$ /xplorer/shijy/CUDA_optimazation/microbench/mma_config/04_smem_layout_address/build/tcgen05_04_smem_layout_address_bench --dtype fp16 --shape m128n64k16 --layout none --q 32 --iterations 128 --collector-protocol discard --collector-reuse 0 --ws 0 --ws-buffer-count 1 --operand-address-mode same --input-d 0 --tmem-columns 512 --d-base-column 0 --d-tile-base-delta 64 --independent-d-count 8 --d-reuse-distance 8 --commit-interval 32 --pending-mbarriers 1 --wait-mode nocount --smem-base-offset 0 --interference-mode none --interference-ops-per-iter 0 --interference-warps 4 --active-blocks 0
status=ok
experiment=04_smem_layout_address
gpu=NVIDIA Thor
compute_capability=11.0
sm_count=20
active_blocks=20
dtype=fp16
shape=m128n64k16
m=128
n=64
k=16
layout=none
q=32
iterations=128
collector_protocol=discard
collector_reuse=0
ws_mode=0
ws_buffer_count=1
operand_address_mode=same
input_d=0
tmem_columns=512
d_base_column=0
d_tile_base_delta=64
independent_d_count=8
d_reuse_distance=8
commit_interval=32
pending_mbarriers=1
wait_polling_mode=nocount
smem_base_offset=0
interference_mode=none
interference_ops_per_iter=0
interference_warps=4
elapsed_cycles=3678575
poll_count=0
max_abs_error=0.832031250
guard_ok=1
interference_sink=0.000000000

$ /xplorer/shijy/CUDA_optimazation/microbench/mma_config/04_smem_layout_address/build/tcgen05_04_smem_layout_address_bench --dtype fp16 --shape m128n64k16 --layout none --q 32 --iterations 128 --collector-protocol discard --collector-reuse 0 --ws 0 --ws-buffer-count 1 --operand-address-mode same --input-d 0 --tmem-columns 512 --d-base-column 0 --d-tile-base-delta 64 --independent-d-count 8 --d-reuse-distance 8 --commit-interval 32 --pending-mbarriers 1 --wait-mode nocount --smem-base-offset 0 --interference-mode none --interference-ops-per-iter 0 --interference-warps 4 --active-blocks 0
status=ok
experiment=04_smem_layout_address
gpu=NVIDIA Thor
compute_capability=11.0
sm_count=20
active_blocks=20
dtype=fp16
shape=m128n64k16
m=128
n=64
k=16
layout=none
q=32
iterations=128
collector_protocol=discard
collector_reuse=0
ws_mode=0
ws_buffer_count=1
operand_address_mode=same
input_d=0
tmem_columns=512
d_base_column=0
d_tile_base_delta=64
independent_d_count=8
d_reuse_distance=8
commit_interval=32
pending_mbarriers=1
wait_polling_mode=nocount
smem_base_offset=0
interference_mode=none
interference_ops_per_iter=0
interference_warps=4
elapsed_cycles=3678588
poll_count=0
max_abs_error=0.832031250
guard_ok=1
interference_sink=0.000000000

$ /xplorer/shijy/CUDA_optimazation/microbench/mma_config/04_smem_layout_address/build/tcgen05_04_smem_layout_address_bench --dtype fp16 --shape m128n64k16 --layout none --q 32 --iterations 128 --collector-protocol discard --collector-reuse 0 --ws 0 --ws-buffer-count 1 --operand-address-mode same --input-d 0 --tmem-columns 512 --d-base-column 0 --d-tile-base-delta 64 --independent-d-count 8 --d-reuse-distance 8 --commit-interval 32 --pending-mbarriers 1 --wait-mode nocount --smem-base-offset 0 --interference-mode none --interference-ops-per-iter 0 --interference-warps 4 --active-blocks 0
status=ok
experiment=04_smem_layout_address
gpu=NVIDIA Thor
compute_capability=11.0
sm_count=20
active_blocks=20
dtype=fp16
shape=m128n64k16
m=128
n=64
k=16
layout=none
q=32
iterations=128
collector_protocol=discard
collector_reuse=0
ws_mode=0
ws_buffer_count=1
operand_address_mode=same
input_d=0
tmem_columns=512
d_base_column=0
d_tile_base_delta=64
independent_d_count=8
d_reuse_distance=8
commit_interval=32
pending_mbarriers=1
wait_polling_mode=nocount
smem_base_offset=0
interference_mode=none
interference_ops_per_iter=0
interference_warps=4
elapsed_cycles=3678589
poll_count=0
max_abs_error=0.832031250
guard_ok=1
interference_sink=0.000000000

$ /xplorer/shijy/CUDA_optimazation/microbench/mma_config/04_smem_layout_address/build/tcgen05_04_smem_layout_address_bench --dtype fp16 --shape m128n64k16 --layout none --q 32 --iterations 128 --collector-protocol discard --collector-reuse 0 --ws 0 --ws-buffer-count 1 --operand-address-mode same --input-d 0 --tmem-columns 512 --d-base-column 0 --d-tile-base-delta 64 --independent-d-count 8 --d-reuse-distance 8 --commit-interval 32 --pending-mbarriers 1 --wait-mode nocount --smem-base-offset 0 --interference-mode none --interference-ops-per-iter 0 --interference-warps 4 --active-blocks 0
status=ok
experiment=04_smem_layout_address
gpu=NVIDIA Thor
compute_capability=11.0
sm_count=20
active_blocks=20
dtype=fp16
shape=m128n64k16
m=128
n=64
k=16
layout=none
q=32
iterations=128
collector_protocol=discard
collector_reuse=0
ws_mode=0
ws_buffer_count=1
operand_address_mode=same
input_d=0
tmem_columns=512
d_base_column=0
d_tile_base_delta=64
independent_d_count=8
d_reuse_distance=8
commit_interval=32
pending_mbarriers=1
wait_polling_mode=nocount
smem_base_offset=0
interference_mode=none
interference_ops_per_iter=0
interference_warps=4
elapsed_cycles=3678580
poll_count=0
max_abs_error=0.832031250
guard_ok=1
interference_sink=0.000000000

$ /xplorer/shijy/CUDA_optimazation/microbench/mma_config/04_smem_layout_address/build/tcgen05_04_smem_layout_address_bench --dtype fp16 --shape m128n128k16 --layout sw32 --q 32 --iterations 128 --collector-protocol discard --collector-reuse 0 --ws 0 --ws-buffer-count 1 --operand-address-mode same --input-d 0 --tmem-columns 512 --d-base-column 0 --d-tile-base-delta 128 --independent-d-count 4 --d-reuse-distance 4 --commit-interval 32 --pending-mbarriers 1 --wait-mode nocount --smem-base-offset 32 --interference-mode none --interference-ops-per-iter 0 --interference-warps 4 --active-blocks 0
status=cuda_error
invalid_reason=misaligned address

$ /xplorer/shijy/CUDA_optimazation/microbench/mma_config/04_smem_layout_address/build/tcgen05_04_smem_layout_address_bench --dtype fp16 --shape m128n128k16 --layout sw32 --q 32 --iterations 128 --collector-protocol discard --collector-reuse 0 --ws 0 --ws-buffer-count 1 --operand-address-mode same --input-d 0 --tmem-columns 512 --d-base-column 0 --d-tile-base-delta 128 --independent-d-count 4 --d-reuse-distance 4 --commit-interval 32 --pending-mbarriers 1 --wait-mode nocount --smem-base-offset 32 --interference-mode none --interference-ops-per-iter 0 --interference-warps 4 --active-blocks 0
status=cuda_error
invalid_reason=misaligned address

$ /xplorer/shijy/CUDA_optimazation/microbench/mma_config/04_smem_layout_address/build/tcgen05_04_smem_layout_address_bench --dtype fp16 --shape m128n128k16 --layout sw32 --q 32 --iterations 128 --collector-protocol discard --collector-reuse 0 --ws 0 --ws-buffer-count 1 --operand-address-mode same --input-d 0 --tmem-columns 512 --d-base-column 0 --d-tile-base-delta 128 --independent-d-count 4 --d-reuse-distance 4 --commit-interval 32 --pending-mbarriers 1 --wait-mode nocount --smem-base-offset 32 --interference-mode none --interference-ops-per-iter 0 --interference-warps 4 --active-blocks 0
status=cuda_error
invalid_reason=misaligned address

$ /xplorer/shijy/CUDA_optimazation/microbench/mma_config/04_smem_layout_address/build/tcgen05_04_smem_layout_address_bench --dtype fp16 --shape m128n128k16 --layout sw32 --q 32 --iterations 128 --collector-protocol discard --collector-reuse 0 --ws 0 --ws-buffer-count 1 --operand-address-mode same --input-d 0 --tmem-columns 512 --d-base-column 0 --d-tile-base-delta 128 --independent-d-count 4 --d-reuse-distance 4 --commit-interval 32 --pending-mbarriers 1 --wait-mode nocount --smem-base-offset 32 --interference-mode none --interference-ops-per-iter 0 --interference-warps 4 --active-blocks 0
status=cuda_error
invalid_reason=misaligned address

$ /xplorer/shijy/CUDA_optimazation/microbench/mma_config/04_smem_layout_address/build/tcgen05_04_smem_layout_address_bench --dtype fp16 --shape m128n128k16 --layout sw32 --q 32 --iterations 128 --collector-protocol discard --collector-reuse 0 --ws 0 --ws-buffer-count 1 --operand-address-mode same --input-d 0 --tmem-columns 512 --d-base-column 0 --d-tile-base-delta 128 --independent-d-count 4 --d-reuse-distance 4 --commit-interval 32 --pending-mbarriers 1 --wait-mode nocount --smem-base-offset 32 --interference-mode none --interference-ops-per-iter 0 --interference-warps 4 --active-blocks 0
status=cuda_error
invalid_reason=misaligned address

$ /xplorer/shijy/CUDA_optimazation/microbench/mma_config/04_smem_layout_address/build/tcgen05_04_smem_layout_address_bench --dtype bf16 --shape m128n256k16 --layout sw128 --q 32 --iterations 128 --collector-protocol discard --collector-reuse 0 --ws 0 --ws-buffer-count 1 --operand-address-mode same --input-d 0 --tmem-columns 512 --d-base-column 0 --d-tile-base-delta 256 --independent-d-count 2 --d-reuse-distance 2 --commit-interval 32 --pending-mbarriers 1 --wait-mode nocount --smem-base-offset 16 --interference-mode none --interference-ops-per-iter 0 --interference-warps 4 --active-blocks 0
status=cuda_error
invalid_reason=misaligned address

$ /xplorer/shijy/CUDA_optimazation/microbench/mma_config/04_smem_layout_address/build/tcgen05_04_smem_layout_address_bench --dtype bf16 --shape m128n256k16 --layout sw128 --q 32 --iterations 128 --collector-protocol discard --collector-reuse 0 --ws 0 --ws-buffer-count 1 --operand-address-mode same --input-d 0 --tmem-columns 512 --d-base-column 0 --d-tile-base-delta 256 --independent-d-count 2 --d-reuse-distance 2 --commit-interval 32 --pending-mbarriers 1 --wait-mode nocount --smem-base-offset 16 --interference-mode none --interference-ops-per-iter 0 --interference-warps 4 --active-blocks 0
status=cuda_error
invalid_reason=misaligned address

$ /xplorer/shijy/CUDA_optimazation/microbench/mma_config/04_smem_layout_address/build/tcgen05_04_smem_layout_address_bench --dtype bf16 --shape m128n256k16 --layout sw128 --q 32 --iterations 128 --collector-protocol discard --collector-reuse 0 --ws 0 --ws-buffer-count 1 --operand-address-mode same --input-d 0 --tmem-columns 512 --d-base-column 0 --d-tile-base-delta 256 --independent-d-count 2 --d-reuse-distance 2 --commit-interval 32 --pending-mbarriers 1 --wait-mode nocount --smem-base-offset 16 --interference-mode none --interference-ops-per-iter 0 --interference-warps 4 --active-blocks 0
status=cuda_error
invalid_reason=misaligned address

$ /xplorer/shijy/CUDA_optimazation/microbench/mma_config/04_smem_layout_address/build/tcgen05_04_smem_layout_address_bench --dtype bf16 --shape m128n256k16 --layout sw128 --q 32 --iterations 128 --collector-protocol discard --collector-reuse 0 --ws 0 --ws-buffer-count 1 --operand-address-mode same --input-d 0 --tmem-columns 512 --d-base-column 0 --d-tile-base-delta 256 --independent-d-count 2 --d-reuse-distance 2 --commit-interval 32 --pending-mbarriers 1 --wait-mode nocount --smem-base-offset 16 --interference-mode none --interference-ops-per-iter 0 --interference-warps 4 --active-blocks 0
status=cuda_error
invalid_reason=misaligned address

$ /xplorer/shijy/CUDA_optimazation/microbench/mma_config/04_smem_layout_address/build/tcgen05_04_smem_layout_address_bench --dtype bf16 --shape m128n256k16 --layout sw128 --q 32 --iterations 128 --collector-protocol discard --collector-reuse 0 --ws 0 --ws-buffer-count 1 --operand-address-mode same --input-d 0 --tmem-columns 512 --d-base-column 0 --d-tile-base-delta 256 --independent-d-count 2 --d-reuse-distance 2 --commit-interval 32 --pending-mbarriers 1 --wait-mode nocount --smem-base-offset 16 --interference-mode none --interference-ops-per-iter 0 --interference-warps 4 --active-blocks 0
status=cuda_error
invalid_reason=misaligned address

$ /xplorer/shijy/CUDA_optimazation/microbench/mma_config/04_smem_layout_address/build/tcgen05_04_smem_layout_address_bench --dtype fp16 --shape m128n64k16 --layout none --q 32 --iterations 128 --collector-protocol discard --collector-reuse 0 --ws 0 --ws-buffer-count 1 --operand-address-mode same --input-d 0 --tmem-columns 512 --d-base-column 0 --d-tile-base-delta 64 --independent-d-count 8 --d-reuse-distance 8 --commit-interval 32 --pending-mbarriers 1 --wait-mode nocount --smem-base-offset 64 --interference-mode none --interference-ops-per-iter 0 --interference-warps 4 --active-blocks 0
status=cuda_error
invalid_reason=misaligned address

$ /xplorer/shijy/CUDA_optimazation/microbench/mma_config/04_smem_layout_address/build/tcgen05_04_smem_layout_address_bench --dtype fp16 --shape m128n64k16 --layout none --q 32 --iterations 128 --collector-protocol discard --collector-reuse 0 --ws 0 --ws-buffer-count 1 --operand-address-mode same --input-d 0 --tmem-columns 512 --d-base-column 0 --d-tile-base-delta 64 --independent-d-count 8 --d-reuse-distance 8 --commit-interval 32 --pending-mbarriers 1 --wait-mode nocount --smem-base-offset 64 --interference-mode none --interference-ops-per-iter 0 --interference-warps 4 --active-blocks 0
status=cuda_error
invalid_reason=misaligned address

$ /xplorer/shijy/CUDA_optimazation/microbench/mma_config/04_smem_layout_address/build/tcgen05_04_smem_layout_address_bench --dtype fp16 --shape m128n64k16 --layout none --q 32 --iterations 128 --collector-protocol discard --collector-reuse 0 --ws 0 --ws-buffer-count 1 --operand-address-mode same --input-d 0 --tmem-columns 512 --d-base-column 0 --d-tile-base-delta 64 --independent-d-count 8 --d-reuse-distance 8 --commit-interval 32 --pending-mbarriers 1 --wait-mode nocount --smem-base-offset 64 --interference-mode none --interference-ops-per-iter 0 --interference-warps 4 --active-blocks 0
status=cuda_error
invalid_reason=misaligned address

$ /xplorer/shijy/CUDA_optimazation/microbench/mma_config/04_smem_layout_address/build/tcgen05_04_smem_layout_address_bench --dtype fp16 --shape m128n64k16 --layout none --q 32 --iterations 128 --collector-protocol discard --collector-reuse 0 --ws 0 --ws-buffer-count 1 --operand-address-mode same --input-d 0 --tmem-columns 512 --d-base-column 0 --d-tile-base-delta 64 --independent-d-count 8 --d-reuse-distance 8 --commit-interval 32 --pending-mbarriers 1 --wait-mode nocount --smem-base-offset 64 --interference-mode none --interference-ops-per-iter 0 --interference-warps 4 --active-blocks 0
status=cuda_error
invalid_reason=misaligned address

$ /xplorer/shijy/CUDA_optimazation/microbench/mma_config/04_smem_layout_address/build/tcgen05_04_smem_layout_address_bench --dtype fp16 --shape m128n64k16 --layout none --q 32 --iterations 128 --collector-protocol discard --collector-reuse 0 --ws 0 --ws-buffer-count 1 --operand-address-mode same --input-d 0 --tmem-columns 512 --d-base-column 0 --d-tile-base-delta 64 --independent-d-count 8 --d-reuse-distance 8 --commit-interval 32 --pending-mbarriers 1 --wait-mode nocount --smem-base-offset 64 --interference-mode none --interference-ops-per-iter 0 --interference-warps 4 --active-blocks 0
status=cuda_error
invalid_reason=misaligned address

$ /xplorer/shijy/CUDA_optimazation/microbench/mma_config/04_smem_layout_address/build/tcgen05_04_smem_layout_address_bench --dtype bf16 --shape m128n64k16 --layout sw64 --q 32 --iterations 128 --collector-protocol discard --collector-reuse 0 --ws 0 --ws-buffer-count 1 --operand-address-mode same --input-d 0 --tmem-columns 512 --d-base-column 0 --d-tile-base-delta 64 --independent-d-count 8 --d-reuse-distance 8 --commit-interval 32 --pending-mbarriers 1 --wait-mode nocount --smem-base-offset 64 --interference-mode none --interference-ops-per-iter 0 --interference-warps 4 --active-blocks 0
status=cuda_error
invalid_reason=misaligned address

$ /xplorer/shijy/CUDA_optimazation/microbench/mma_config/04_smem_layout_address/build/tcgen05_04_smem_layout_address_bench --dtype bf16 --shape m128n64k16 --layout sw64 --q 32 --iterations 128 --collector-protocol discard --collector-reuse 0 --ws 0 --ws-buffer-count 1 --operand-address-mode same --input-d 0 --tmem-columns 512 --d-base-column 0 --d-tile-base-delta 64 --independent-d-count 8 --d-reuse-distance 8 --commit-interval 32 --pending-mbarriers 1 --wait-mode nocount --smem-base-offset 64 --interference-mode none --interference-ops-per-iter 0 --interference-warps 4 --active-blocks 0
status=cuda_error
invalid_reason=misaligned address

$ /xplorer/shijy/CUDA_optimazation/microbench/mma_config/04_smem_layout_address/build/tcgen05_04_smem_layout_address_bench --dtype bf16 --shape m128n64k16 --layout sw64 --q 32 --iterations 128 --collector-protocol discard --collector-reuse 0 --ws 0 --ws-buffer-count 1 --operand-address-mode same --input-d 0 --tmem-columns 512 --d-base-column 0 --d-tile-base-delta 64 --independent-d-count 8 --d-reuse-distance 8 --commit-interval 32 --pending-mbarriers 1 --wait-mode nocount --smem-base-offset 64 --interference-mode none --interference-ops-per-iter 0 --interference-warps 4 --active-blocks 0
status=cuda_error
invalid_reason=misaligned address

$ /xplorer/shijy/CUDA_optimazation/microbench/mma_config/04_smem_layout_address/build/tcgen05_04_smem_layout_address_bench --dtype bf16 --shape m128n64k16 --layout sw64 --q 32 --iterations 128 --collector-protocol discard --collector-reuse 0 --ws 0 --ws-buffer-count 1 --operand-address-mode same --input-d 0 --tmem-columns 512 --d-base-column 0 --d-tile-base-delta 64 --independent-d-count 8 --d-reuse-distance 8 --commit-interval 32 --pending-mbarriers 1 --wait-mode nocount --smem-base-offset 64 --interference-mode none --interference-ops-per-iter 0 --interference-warps 4 --active-blocks 0
status=cuda_error
invalid_reason=misaligned address

$ /xplorer/shijy/CUDA_optimazation/microbench/mma_config/04_smem_layout_address/build/tcgen05_04_smem_layout_address_bench --dtype bf16 --shape m128n64k16 --layout sw64 --q 32 --iterations 128 --collector-protocol discard --collector-reuse 0 --ws 0 --ws-buffer-count 1 --operand-address-mode same --input-d 0 --tmem-columns 512 --d-base-column 0 --d-tile-base-delta 64 --independent-d-count 8 --d-reuse-distance 8 --commit-interval 32 --pending-mbarriers 1 --wait-mode nocount --smem-base-offset 64 --interference-mode none --interference-ops-per-iter 0 --interference-warps 4 --active-blocks 0
status=cuda_error
invalid_reason=misaligned address

$ /xplorer/shijy/CUDA_optimazation/microbench/mma_config/04_smem_layout_address/build/tcgen05_04_smem_layout_address_bench --dtype bf16 --shape m128n64k16 --layout sw128 --q 32 --iterations 128 --collector-protocol discard --collector-reuse 0 --ws 0 --ws-buffer-count 1 --operand-address-mode same --input-d 0 --tmem-columns 512 --d-base-column 0 --d-tile-base-delta 64 --independent-d-count 8 --d-reuse-distance 8 --commit-interval 32 --pending-mbarriers 1 --wait-mode nocount --smem-base-offset 64 --interference-mode none --interference-ops-per-iter 0 --interference-warps 4 --active-blocks 0
status=cuda_error
invalid_reason=misaligned address

$ /xplorer/shijy/CUDA_optimazation/microbench/mma_config/04_smem_layout_address/build/tcgen05_04_smem_layout_address_bench --dtype bf16 --shape m128n64k16 --layout sw128 --q 32 --iterations 128 --collector-protocol discard --collector-reuse 0 --ws 0 --ws-buffer-count 1 --operand-address-mode same --input-d 0 --tmem-columns 512 --d-base-column 0 --d-tile-base-delta 64 --independent-d-count 8 --d-reuse-distance 8 --commit-interval 32 --pending-mbarriers 1 --wait-mode nocount --smem-base-offset 64 --interference-mode none --interference-ops-per-iter 0 --interference-warps 4 --active-blocks 0
status=cuda_error
invalid_reason=misaligned address

$ /xplorer/shijy/CUDA_optimazation/microbench/mma_config/04_smem_layout_address/build/tcgen05_04_smem_layout_address_bench --dtype bf16 --shape m128n64k16 --layout sw128 --q 32 --iterations 128 --collector-protocol discard --collector-reuse 0 --ws 0 --ws-buffer-count 1 --operand-address-mode same --input-d 0 --tmem-columns 512 --d-base-column 0 --d-tile-base-delta 64 --independent-d-count 8 --d-reuse-distance 8 --commit-interval 32 --pending-mbarriers 1 --wait-mode nocount --smem-base-offset 64 --interference-mode none --interference-ops-per-iter 0 --interference-warps 4 --active-blocks 0
status=cuda_error
invalid_reason=misaligned address

$ /xplorer/shijy/CUDA_optimazation/microbench/mma_config/04_smem_layout_address/build/tcgen05_04_smem_layout_address_bench --dtype bf16 --shape m128n64k16 --layout sw128 --q 32 --iterations 128 --collector-protocol discard --collector-reuse 0 --ws 0 --ws-buffer-count 1 --operand-address-mode same --input-d 0 --tmem-columns 512 --d-base-column 0 --d-tile-base-delta 64 --independent-d-count 8 --d-reuse-distance 8 --commit-interval 32 --pending-mbarriers 1 --wait-mode nocount --smem-base-offset 64 --interference-mode none --interference-ops-per-iter 0 --interference-warps 4 --active-blocks 0
status=cuda_error
invalid_reason=misaligned address

$ /xplorer/shijy/CUDA_optimazation/microbench/mma_config/04_smem_layout_address/build/tcgen05_04_smem_layout_address_bench --dtype bf16 --shape m128n64k16 --layout sw128 --q 32 --iterations 128 --collector-protocol discard --collector-reuse 0 --ws 0 --ws-buffer-count 1 --operand-address-mode same --input-d 0 --tmem-columns 512 --d-base-column 0 --d-tile-base-delta 64 --independent-d-count 8 --d-reuse-distance 8 --commit-interval 32 --pending-mbarriers 1 --wait-mode nocount --smem-base-offset 64 --interference-mode none --interference-ops-per-iter 0 --interference-warps 4 --active-blocks 0
status=cuda_error
invalid_reason=misaligned address

$ /xplorer/shijy/CUDA_optimazation/microbench/mma_config/04_smem_layout_address/build/tcgen05_04_smem_layout_address_bench --dtype bf16 --shape m128n64k16 --layout none --q 32 --iterations 128 --collector-protocol discard --collector-reuse 0 --ws 0 --ws-buffer-count 1 --operand-address-mode same --input-d 0 --tmem-columns 512 --d-base-column 0 --d-tile-base-delta 64 --independent-d-count 8 --d-reuse-distance 8 --commit-interval 32 --pending-mbarriers 1 --wait-mode nocount --smem-base-offset 0 --interference-mode none --interference-ops-per-iter 0 --interference-warps 4 --active-blocks 0
status=ok
experiment=04_smem_layout_address
gpu=NVIDIA Thor
compute_capability=11.0
sm_count=20
active_blocks=20
dtype=bf16
shape=m128n64k16
m=128
n=64
k=16
layout=none
q=32
iterations=128
collector_protocol=discard
collector_reuse=0
ws_mode=0
ws_buffer_count=1
operand_address_mode=same
input_d=0
tmem_columns=512
d_base_column=0
d_tile_base_delta=64
independent_d_count=8
d_reuse_distance=8
commit_interval=32
pending_mbarriers=1
wait_polling_mode=nocount
smem_base_offset=0
interference_mode=none
interference_ops_per_iter=0
interference_warps=4
elapsed_cycles=3678580
poll_count=0
max_abs_error=0.832031250
guard_ok=1
interference_sink=0.000000000

$ /xplorer/shijy/CUDA_optimazation/microbench/mma_config/04_smem_layout_address/build/tcgen05_04_smem_layout_address_bench --dtype bf16 --shape m128n64k16 --layout none --q 32 --iterations 128 --collector-protocol discard --collector-reuse 0 --ws 0 --ws-buffer-count 1 --operand-address-mode same --input-d 0 --tmem-columns 512 --d-base-column 0 --d-tile-base-delta 64 --independent-d-count 8 --d-reuse-distance 8 --commit-interval 32 --pending-mbarriers 1 --wait-mode nocount --smem-base-offset 0 --interference-mode none --interference-ops-per-iter 0 --interference-warps 4 --active-blocks 0
status=ok
experiment=04_smem_layout_address
gpu=NVIDIA Thor
compute_capability=11.0
sm_count=20
active_blocks=20
dtype=bf16
shape=m128n64k16
m=128
n=64
k=16
layout=none
q=32
iterations=128
collector_protocol=discard
collector_reuse=0
ws_mode=0
ws_buffer_count=1
operand_address_mode=same
input_d=0
tmem_columns=512
d_base_column=0
d_tile_base_delta=64
independent_d_count=8
d_reuse_distance=8
commit_interval=32
pending_mbarriers=1
wait_polling_mode=nocount
smem_base_offset=0
interference_mode=none
interference_ops_per_iter=0
interference_warps=4
elapsed_cycles=3678581
poll_count=0
max_abs_error=0.832031250
guard_ok=1
interference_sink=0.000000000

$ /xplorer/shijy/CUDA_optimazation/microbench/mma_config/04_smem_layout_address/build/tcgen05_04_smem_layout_address_bench --dtype bf16 --shape m128n64k16 --layout none --q 32 --iterations 128 --collector-protocol discard --collector-reuse 0 --ws 0 --ws-buffer-count 1 --operand-address-mode same --input-d 0 --tmem-columns 512 --d-base-column 0 --d-tile-base-delta 64 --independent-d-count 8 --d-reuse-distance 8 --commit-interval 32 --pending-mbarriers 1 --wait-mode nocount --smem-base-offset 0 --interference-mode none --interference-ops-per-iter 0 --interference-warps 4 --active-blocks 0
status=ok
experiment=04_smem_layout_address
gpu=NVIDIA Thor
compute_capability=11.0
sm_count=20
active_blocks=20
dtype=bf16
shape=m128n64k16
m=128
n=64
k=16
layout=none
q=32
iterations=128
collector_protocol=discard
collector_reuse=0
ws_mode=0
ws_buffer_count=1
operand_address_mode=same
input_d=0
tmem_columns=512
d_base_column=0
d_tile_base_delta=64
independent_d_count=8
d_reuse_distance=8
commit_interval=32
pending_mbarriers=1
wait_polling_mode=nocount
smem_base_offset=0
interference_mode=none
interference_ops_per_iter=0
interference_warps=4
elapsed_cycles=3678584
poll_count=0
max_abs_error=0.832031250
guard_ok=1
interference_sink=0.000000000

$ /xplorer/shijy/CUDA_optimazation/microbench/mma_config/04_smem_layout_address/build/tcgen05_04_smem_layout_address_bench --dtype bf16 --shape m128n64k16 --layout none --q 32 --iterations 128 --collector-protocol discard --collector-reuse 0 --ws 0 --ws-buffer-count 1 --operand-address-mode same --input-d 0 --tmem-columns 512 --d-base-column 0 --d-tile-base-delta 64 --independent-d-count 8 --d-reuse-distance 8 --commit-interval 32 --pending-mbarriers 1 --wait-mode nocount --smem-base-offset 0 --interference-mode none --interference-ops-per-iter 0 --interference-warps 4 --active-blocks 0
status=ok
experiment=04_smem_layout_address
gpu=NVIDIA Thor
compute_capability=11.0
sm_count=20
active_blocks=20
dtype=bf16
shape=m128n64k16
m=128
n=64
k=16
layout=none
q=32
iterations=128
collector_protocol=discard
collector_reuse=0
ws_mode=0
ws_buffer_count=1
operand_address_mode=same
input_d=0
tmem_columns=512
d_base_column=0
d_tile_base_delta=64
independent_d_count=8
d_reuse_distance=8
commit_interval=32
pending_mbarriers=1
wait_polling_mode=nocount
smem_base_offset=0
interference_mode=none
interference_ops_per_iter=0
interference_warps=4
elapsed_cycles=3678580
poll_count=0
max_abs_error=0.832031250
guard_ok=1
interference_sink=0.000000000

$ /xplorer/shijy/CUDA_optimazation/microbench/mma_config/04_smem_layout_address/build/tcgen05_04_smem_layout_address_bench --dtype bf16 --shape m128n64k16 --layout none --q 32 --iterations 128 --collector-protocol discard --collector-reuse 0 --ws 0 --ws-buffer-count 1 --operand-address-mode same --input-d 0 --tmem-columns 512 --d-base-column 0 --d-tile-base-delta 64 --independent-d-count 8 --d-reuse-distance 8 --commit-interval 32 --pending-mbarriers 1 --wait-mode nocount --smem-base-offset 0 --interference-mode none --interference-ops-per-iter 0 --interference-warps 4 --active-blocks 0
status=ok
experiment=04_smem_layout_address
gpu=NVIDIA Thor
compute_capability=11.0
sm_count=20
active_blocks=20
dtype=bf16
shape=m128n64k16
m=128
n=64
k=16
layout=none
q=32
iterations=128
collector_protocol=discard
collector_reuse=0
ws_mode=0
ws_buffer_count=1
operand_address_mode=same
input_d=0
tmem_columns=512
d_base_column=0
d_tile_base_delta=64
independent_d_count=8
d_reuse_distance=8
commit_interval=32
pending_mbarriers=1
wait_polling_mode=nocount
smem_base_offset=0
interference_mode=none
interference_ops_per_iter=0
interference_warps=4
elapsed_cycles=3678584
poll_count=0
max_abs_error=0.832031250
guard_ok=1
interference_sink=0.000000000

