experiment,case_id,valid,invalid_reason,gpu,compute_capability,driver,cuda_version,ptx_version,sm_clock_mhz,mem_clock_mhz,temperature_c,power_w,dtype,m,n,k,Q,iterations,run_order,repeat,collector_mode,operand_address_mode,independent_d_count,d_reuse_distance,commit_interval,pending_mbarriers,wait_polling_mode,smem_layout,swizzle,alignment_bytes,lda,ldb,smem_base_offset,tmem_columns,d_base_column,d_tile_base_delta,d_alias_class,input_d,interference_mode,interference_ops_per_iter,interference_warps,resident_ctas,elapsed_cycles,elapsed_us,elapsed_cycles_p10,elapsed_cycles_p90,alpha_cycles,beta_cycles_per_mma,logical_smem_bytes_per_mma,effective_smem_bytes_per_cycle,tflops,tflops_p10,tflops_p90,poll_count,max_abs_error,guard_ok,sass_hash,notes
04_smem_layout_address,layout_fp16_m128n128k16_sw128_off32,0,misaligned address,,,580.00,13.0,PTX ISA 9.3 / CUDA 13.0,1575.000,,,,fp16,128,128,16,32,128,1,0,discard,same,4,4,32,1,nocount,sw128,sw128,16,16,16,32,512,0,128,none,0,none,0,4,,nan,nan,,,,,8192,,,,,,nan,0,bf14b28d2af4128daa99f23eec8a5e105636d0b04136f8be580fdc39d6f1f97d,; UTCHMMA=21;UTCHMMA_WS=16;UTCBAR=1;UTCATOMSWS=3;SYNCS_TRYWAIT=8;LDS=21;LDG=9;ptx_tcgen05_mma=21;ptx_tcgen05_mma_ws=16;ptx_tcgen05_commit=1;ptx_tcgen05_alloc=1;ptx_tcgen05_dealloc=1;ptx_tcgen05_ld=5;ptx_tcgen05_st=5;ptx_mbarrier_wait=5;ptx_cp_async_tma=2;ptx_ld_shared=26;ptx_ld_global=7
04_smem_layout_address,layout_fp16_m128n128k16_sw128_off32,0,misaligned address,,,580.00,13.0,PTX ISA 9.3 / CUDA 13.0,1575.000,,,,fp16,128,128,16,32,128,1,1,discard,same,4,4,32,1,nocount,sw128,sw128,16,16,16,32,512,0,128,none,0,none,0,4,,nan,nan,,,,,8192,,,,,,nan,0,bf14b28d2af4128daa99f23eec8a5e105636d0b04136f8be580fdc39d6f1f97d,
04_smem_layout_address,layout_fp16_m128n128k16_sw128_off32,0,misaligned address,,,580.00,13.0,PTX ISA 9.3 / CUDA 13.0,1575.000,,,,fp16,128,128,16,32,128,1,2,discard,same,4,4,32,1,nocount,sw128,sw128,16,16,16,32,512,0,128,none,0,none,0,4,,nan,nan,,,,,8192,,,,,,nan,0,bf14b28d2af4128daa99f23eec8a5e105636d0b04136f8be580fdc39d6f1f97d,
04_smem_layout_address,layout_fp16_m128n128k16_sw128_off32,0,misaligned address,,,580.00,13.0,PTX ISA 9.3 / CUDA 13.0,1575.000,,,,fp16,128,128,16,32,128,1,3,discard,same,4,4,32,1,nocount,sw128,sw128,16,16,16,32,512,0,128,none,0,none,0,4,,nan,nan,,,,,8192,,,,,,nan,0,bf14b28d2af4128daa99f23eec8a5e105636d0b04136f8be580fdc39d6f1f97d,
04_smem_layout_address,layout_fp16_m128n128k16_sw128_off32,0,misaligned address,,,580.00,13.0,PTX ISA 9.3 / CUDA 13.0,1575.000,,,,fp16,128,128,16,32,128,1,4,discard,same,4,4,32,1,nocount,sw128,sw128,16,16,16,32,512,0,128,none,0,none,0,4,,nan,nan,,,,,8192,,,,,,nan,0,bf14b28d2af4128daa99f23eec8a5e105636d0b04136f8be580fdc39d6f1f97d,
04_smem_layout_address,layout_bf16_m128n64k16_sw64_off256,1,,NVIDIA Thor,11.0,580.00,13.0,PTX ISA 9.3 / CUDA 13.0,1575.000,,,,bf16,128,64,16,32,128,2,0,discard,same,8,8,32,1,nocount,sw64,sw64,16,16,16,256,512,0,64,none,0,none,0,4,20,3562091.0,2261.6450793650793,,,,,6144,,9.495228352111162,,,0,0.0,1,bf14b28d2af4128daa99f23eec8a5e105636d0b04136f8be580fdc39d6f1f97d,; UTCHMMA=21;UTCHMMA_WS=16;UTCBAR=1;UTCATOMSWS=3;SYNCS_TRYWAIT=8;LDS=21;LDG=9;ptx_tcgen05_mma=21;ptx_tcgen05_mma_ws=16;ptx_tcgen05_commit=1;ptx_tcgen05_alloc=1;ptx_tcgen05_dealloc=1;ptx_tcgen05_ld=5;ptx_tcgen05_st=5;ptx_mbarrier_wait=5;ptx_cp_async_tma=2;ptx_ld_shared=26;ptx_ld_global=7
04_smem_layout_address,layout_bf16_m128n64k16_sw64_off256,1,,NVIDIA Thor,11.0,580.00,13.0,PTX ISA 9.3 / CUDA 13.0,1575.000,,,,bf16,128,64,16,32,128,2,1,discard,same,8,8,32,1,nocount,sw64,sw64,16,16,16,256,512,0,64,none,0,none,0,4,20,3562092.0,2261.6457142857143,,,,,6144,,9.49522568647862,,,0,0.0,1,bf14b28d2af4128daa99f23eec8a5e105636d0b04136f8be580fdc39d6f1f97d,
04_smem_layout_address,layout_bf16_m128n64k16_sw64_off256,1,,NVIDIA Thor,11.0,580.00,13.0,PTX ISA 9.3 / CUDA 13.0,1575.000,,,,bf16,128,64,16,32,128,2,2,discard,same,8,8,32,1,nocount,sw64,sw64,16,16,16,256,512,0,64,none,0,none,0,4,20,3562091.0,2261.6450793650793,,,,,6144,,9.495228352111162,,,0,0.0,1,bf14b28d2af4128daa99f23eec8a5e105636d0b04136f8be580fdc39d6f1f97d,
04_smem_layout_address,layout_bf16_m128n64k16_sw64_off256,1,,NVIDIA Thor,11.0,580.00,13.0,PTX ISA 9.3 / CUDA 13.0,1575.000,,,,bf16,128,64,16,32,128,2,3,discard,same,8,8,32,1,nocount,sw64,sw64,16,16,16,256,512,0,64,none,0,none,0,4,20,3562091.0,2261.6450793650793,,,,,6144,,9.495228352111162,,,0,0.0,1,bf14b28d2af4128daa99f23eec8a5e105636d0b04136f8be580fdc39d6f1f97d,
04_smem_layout_address,layout_bf16_m128n64k16_sw64_off256,1,,NVIDIA Thor,11.0,580.00,13.0,PTX ISA 9.3 / CUDA 13.0,1575.000,,,,bf16,128,64,16,32,128,2,4,discard,same,8,8,32,1,nocount,sw64,sw64,16,16,16,256,512,0,64,none,0,none,0,4,20,3562081.0,2261.63873015873,,,,,6144,,9.495255008518896,,,0,0.0,1,bf14b28d2af4128daa99f23eec8a5e105636d0b04136f8be580fdc39d6f1f97d,
04_smem_layout_address,layout_fp16_m128n64k16_sw128_off0,1,,NVIDIA Thor,11.0,580.00,13.0,PTX ISA 9.3 / CUDA 13.0,1575.000,,,,fp16,128,64,16,32,128,3,0,discard,same,8,8,32,1,nocount,sw128,sw128,16,16,16,0,512,0,64,none,0,none,0,4,20,3678578.0,2335.6050793650793,,,,,6144,,9.194549485154319,,,0,0.0,1,bf14b28d2af4128daa99f23eec8a5e105636d0b04136f8be580fdc39d6f1f97d,; UTCHMMA=21;UTCHMMA_WS=16;UTCBAR=1;UTCATOMSWS=3;SYNCS_TRYWAIT=8;LDS=21;LDG=9;ptx_tcgen05_mma=21;ptx_tcgen05_mma_ws=16;ptx_tcgen05_commit=1;ptx_tcgen05_alloc=1;ptx_tcgen05_dealloc=1;ptx_tcgen05_ld=5;ptx_tcgen05_st=5;ptx_mbarrier_wait=5;ptx_cp_async_tma=2;ptx_ld_shared=26;ptx_ld_global=7
04_smem_layout_address,layout_fp16_m128n64k16_sw128_off0,1,,NVIDIA Thor,11.0,580.00,13.0,PTX ISA 9.3 / CUDA 13.0,1575.000,,,,fp16,128,64,16,32,128,3,1,discard,same,8,8,32,1,nocount,sw128,sw128,16,16,16,0,512,0,64,none,0,none,0,4,20,3678587.0,2335.6107936507938,,,,,6144,,9.194526989846915,,,0,0.0,1,bf14b28d2af4128daa99f23eec8a5e105636d0b04136f8be580fdc39d6f1f97d,
04_smem_layout_address,layout_fp16_m128n64k16_sw128_off0,1,,NVIDIA Thor,11.0,580.00,13.0,PTX ISA 9.3 / CUDA 13.0,1575.000,,,,fp16,128,64,16,32,128,3,2,discard,same,8,8,32,1,nocount,sw128,sw128,16,16,16,0,512,0,64,none,0,none,0,4,20,3678621.0,2335.632380952381,,,,,6144,,9.194442008567885,,,0,0.0,1,bf14b28d2af4128daa99f23eec8a5e105636d0b04136f8be580fdc39d6f1f97d,
04_smem_layout_address,layout_fp16_m128n64k16_sw128_off0,1,,NVIDIA Thor,11.0,580.00,13.0,PTX ISA 9.3 / CUDA 13.0,1575.000,,,,fp16,128,64,16,32,128,3,3,discard,same,8,8,32,1,nocount,sw128,sw128,16,16,16,0,512,0,64,none,0,none,0,4,20,3678582.0,2335.607619047619,,,,,6144,,9.194539487226328,,,0,0.0,1,bf14b28d2af4128daa99f23eec8a5e105636d0b04136f8be580fdc39d6f1f97d,
04_smem_layout_address,layout_fp16_m128n64k16_sw128_off0,1,,NVIDIA Thor,11.0,580.00,13.0,PTX ISA 9.3 / CUDA 13.0,1575.000,,,,fp16,128,64,16,32,128,3,4,discard,same,8,8,32,1,nocount,sw128,sw128,16,16,16,0,512,0,64,none,0,none,0,4,20,3678616.0,2335.6292063492065,,,,,6144,,9.19445450571628,,,0,0.0,1,bf14b28d2af4128daa99f23eec8a5e105636d0b04136f8be580fdc39d6f1f97d,
04_smem_layout_address,layout_bf16_m128n256k16_sw64_off64,0,misaligned address,,,580.00,13.0,PTX ISA 9.3 / CUDA 13.0,1575.000,,,,bf16,128,256,16,32,128,4,0,discard,same,2,2,32,1,nocount,sw64,sw64,16,16,16,64,512,0,256,none,0,none,0,4,,nan,nan,,,,,12288,,,,,,nan,0,bf14b28d2af4128daa99f23eec8a5e105636d0b04136f8be580fdc39d6f1f97d,; UTCHMMA=21;UTCHMMA_WS=16;UTCBAR=1;UTCATOMSWS=3;SYNCS_TRYWAIT=8;LDS=21;LDG=9;ptx_tcgen05_mma=21;ptx_tcgen05_mma_ws=16;ptx_tcgen05_commit=1;ptx_tcgen05_alloc=1;ptx_tcgen05_dealloc=1;ptx_tcgen05_ld=5;ptx_tcgen05_st=5;ptx_mbarrier_wait=5;ptx_cp_async_tma=2;ptx_ld_shared=26;ptx_ld_global=7
04_smem_layout_address,layout_bf16_m128n256k16_sw64_off64,0,misaligned address,,,580.00,13.0,PTX ISA 9.3 / CUDA 13.0,1575.000,,,,bf16,128,256,16,32,128,4,1,discard,same,2,2,32,1,nocount,sw64,sw64,16,16,16,64,512,0,256,none,0,none,0,4,,nan,nan,,,,,12288,,,,,,nan,0,bf14b28d2af4128daa99f23eec8a5e105636d0b04136f8be580fdc39d6f1f97d,
04_smem_layout_address,layout_bf16_m128n256k16_sw64_off64,0,misaligned address,,,580.00,13.0,PTX ISA 9.3 / CUDA 13.0,1575.000,,,,bf16,128,256,16,32,128,4,2,discard,same,2,2,32,1,nocount,sw64,sw64,16,16,16,64,512,0,256,none,0,none,0,4,,nan,nan,,,,,12288,,,,,,nan,0,bf14b28d2af4128daa99f23eec8a5e105636d0b04136f8be580fdc39d6f1f97d,
04_smem_layout_address,layout_bf16_m128n256k16_sw64_off64,0,misaligned address,,,580.00,13.0,PTX ISA 9.3 / CUDA 13.0,1575.000,,,,bf16,128,256,16,32,128,4,3,discard,same,2,2,32,1,nocount,sw64,sw64,16,16,16,64,512,0,256,none,0,none,0,4,,nan,nan,,,,,12288,,,,,,nan,0,bf14b28d2af4128daa99f23eec8a5e105636d0b04136f8be580fdc39d6f1f97d,
04_smem_layout_address,layout_bf16_m128n256k16_sw64_off64,0,misaligned address,,,580.00,13.0,PTX ISA 9.3 / CUDA 13.0,1575.000,,,,bf16,128,256,16,32,128,4,4,discard,same,2,2,32,1,nocount,sw64,sw64,16,16,16,64,512,0,256,none,0,none,0,4,,nan,nan,,,,,12288,,,,,,nan,0,bf14b28d2af4128daa99f23eec8a5e105636d0b04136f8be580fdc39d6f1f97d,
04_smem_layout_address,layout_fp16_m128n256k16_sw128_off0,1,,NVIDIA Thor,11.0,580.00,13.0,PTX ISA 9.3 / CUDA 13.0,1575.000,,,,fp16,128,256,16,32,128,5,0,discard,same,2,2,32,1,nocount,sw128,sw128,16,16,16,0,512,0,256,none,0,none,0,4,20,3678179.0,2335.351746031746,,,,,12288,,36.78218755095932,,,0,0.0,1,bf14b28d2af4128daa99f23eec8a5e105636d0b04136f8be580fdc39d6f1f97d,; UTCHMMA=21;UTCHMMA_WS=16;UTCBAR=1;UTCATOMSWS=3;SYNCS_TRYWAIT=8;LDS=21;LDG=9;ptx_tcgen05_mma=21;ptx_tcgen05_mma_ws=16;ptx_tcgen05_commit=1;ptx_tcgen05_alloc=1;ptx_tcgen05_dealloc=1;ptx_tcgen05_ld=5;ptx_tcgen05_st=5;ptx_mbarrier_wait=5;ptx_cp_async_tma=2;ptx_ld_shared=26;ptx_ld_global=7
04_smem_layout_address,layout_fp16_m128n256k16_sw128_off0,1,,NVIDIA Thor,11.0,580.00,13.0,PTX ISA 9.3 / CUDA 13.0,1575.000,,,,fp16,128,256,16,32,128,5,1,discard,same,2,2,32,1,nocount,sw128,sw128,16,16,16,0,512,0,256,none,0,none,0,4,20,3678179.0,2335.351746031746,,,,,12288,,36.78218755095932,,,0,0.0,1,bf14b28d2af4128daa99f23eec8a5e105636d0b04136f8be580fdc39d6f1f97d,
04_smem_layout_address,layout_fp16_m128n256k16_sw128_off0,1,,NVIDIA Thor,11.0,580.00,13.0,PTX ISA 9.3 / CUDA 13.0,1575.000,,,,fp16,128,256,16,32,128,5,2,discard,same,2,2,32,1,nocount,sw128,sw128,16,16,16,0,512,0,256,none,0,none,0,4,20,3678177.0,2335.3504761904765,,,,,12288,,36.78220755118636,,,0,0.0,1,bf14b28d2af4128daa99f23eec8a5e105636d0b04136f8be580fdc39d6f1f97d,
04_smem_layout_address,layout_fp16_m128n256k16_sw128_off0,1,,NVIDIA Thor,11.0,580.00,13.0,PTX ISA 9.3 / CUDA 13.0,1575.000,,,,fp16,128,256,16,32,128,5,3,discard,same,2,2,32,1,nocount,sw128,sw128,16,16,16,0,512,0,256,none,0,none,0,4,20,3678176.0,2335.349841269841,,,,,12288,,36.78221755130804,,,0,0.0,1,bf14b28d2af4128daa99f23eec8a5e105636d0b04136f8be580fdc39d6f1f97d,
04_smem_layout_address,layout_fp16_m128n256k16_sw128_off0,1,,NVIDIA Thor,11.0,580.00,13.0,PTX ISA 9.3 / CUDA 13.0,1575.000,,,,fp16,128,256,16,32,128,5,4,discard,same,2,2,32,1,nocount,sw128,sw128,16,16,16,0,512,0,256,none,0,none,0,4,20,3678180.0,2335.352380952381,,,,,12288,,36.78217755085395,,,0,0.0,1,bf14b28d2af4128daa99f23eec8a5e105636d0b04136f8be580fdc39d6f1f97d,
04_smem_layout_address,layout_bf16_m128n128k16_sw32_off64,0,misaligned address,,,580.00,13.0,PTX ISA 9.3 / CUDA 13.0,1575.000,,,,bf16,128,128,16,32,128,6,0,discard,same,4,4,32,1,nocount,sw32,sw32,16,16,16,64,512,0,128,none,0,none,0,4,,nan,nan,,,,,8192,,,,,,nan,0,bf14b28d2af4128daa99f23eec8a5e105636d0b04136f8be580fdc39d6f1f97d,; UTCHMMA=21;UTCHMMA_WS=16;UTCBAR=1;UTCATOMSWS=3;SYNCS_TRYWAIT=8;LDS=21;LDG=9;ptx_tcgen05_mma=21;ptx_tcgen05_mma_ws=16;ptx_tcgen05_commit=1;ptx_tcgen05_alloc=1;ptx_tcgen05_dealloc=1;ptx_tcgen05_ld=5;ptx_tcgen05_st=5;ptx_mbarrier_wait=5;ptx_cp_async_tma=2;ptx_ld_shared=26;ptx_ld_global=7
04_smem_layout_address,layout_bf16_m128n128k16_sw32_off64,0,misaligned address,,,580.00,13.0,PTX ISA 9.3 / CUDA 13.0,1575.000,,,,bf16,128,128,16,32,128,6,1,discard,same,4,4,32,1,nocount,sw32,sw32,16,16,16,64,512,0,128,none,0,none,0,4,,nan,nan,,,,,8192,,,,,,nan,0,bf14b28d2af4128daa99f23eec8a5e105636d0b04136f8be580fdc39d6f1f97d,
04_smem_layout_address,layout_bf16_m128n128k16_sw32_off64,0,misaligned address,,,580.00,13.0,PTX ISA 9.3 / CUDA 13.0,1575.000,,,,bf16,128,128,16,32,128,6,2,discard,same,4,4,32,1,nocount,sw32,sw32,16,16,16,64,512,0,128,none,0,none,0,4,,nan,nan,,,,,8192,,,,,,nan,0,bf14b28d2af4128daa99f23eec8a5e105636d0b04136f8be580fdc39d6f1f97d,
04_smem_layout_address,layout_bf16_m128n128k16_sw32_off64,0,misaligned address,,,580.00,13.0,PTX ISA 9.3 / CUDA 13.0,1575.000,,,,bf16,128,128,16,32,128,6,3,discard,same,4,4,32,1,nocount,sw32,sw32,16,16,16,64,512,0,128,none,0,none,0,4,,nan,nan,,,,,8192,,,,,,nan,0,bf14b28d2af4128daa99f23eec8a5e105636d0b04136f8be580fdc39d6f1f97d,
04_smem_layout_address,layout_bf16_m128n128k16_sw32_off64,0,misaligned address,,,580.00,13.0,PTX ISA 9.3 / CUDA 13.0,1575.000,,,,bf16,128,128,16,32,128,6,4,discard,same,4,4,32,1,nocount,sw32,sw32,16,16,16,64,512,0,128,none,0,none,0,4,,nan,nan,,,,,8192,,,,,,nan,0,bf14b28d2af4128daa99f23eec8a5e105636d0b04136f8be580fdc39d6f1f97d,
04_smem_layout_address,layout_fp16_m128n64k16_sw32_off128,1,,NVIDIA Thor,11.0,580.00,13.0,PTX ISA 9.3 / CUDA 13.0,1575.000,,,,fp16,128,64,16,32,128,7,0,discard,same,8,8,32,1,nocount,sw32,sw32,16,16,16,128,512,0,64,none,0,none,0,4,20,3387367.0,2150.709206349206,,,,,6144,,9.985002350202977,,,0,0.0,1,bf14b28d2af4128daa99f23eec8a5e105636d0b04136f8be580fdc39d6f1f97d,; UTCHMMA=21;UTCHMMA_WS=16;UTCBAR=1;UTCATOMSWS=3;SYNCS_TRYWAIT=8;LDS=21;LDG=9;ptx_tcgen05_mma=21;ptx_tcgen05_mma_ws=16;ptx_tcgen05_commit=1;ptx_tcgen05_alloc=1;ptx_tcgen05_dealloc=1;ptx_tcgen05_ld=5;ptx_tcgen05_st=5;ptx_mbarrier_wait=5;ptx_cp_async_tma=2;ptx_ld_shared=26;ptx_ld_global=7
04_smem_layout_address,layout_fp16_m128n64k16_sw32_off128,1,,NVIDIA Thor,11.0,580.00,13.0,PTX ISA 9.3 / CUDA 13.0,1575.000,,,,fp16,128,64,16,32,128,7,1,discard,same,8,8,32,1,nocount,sw32,sw32,16,16,16,128,512,0,64,none,0,none,0,4,20,3387495.0,2150.790476190476,,,,,6144,,9.98462505656835,,,0,0.0,1,bf14b28d2af4128daa99f23eec8a5e105636d0b04136f8be580fdc39d6f1f97d,
04_smem_layout_address,layout_fp16_m128n64k16_sw32_off128,1,,NVIDIA Thor,11.0,580.00,13.0,PTX ISA 9.3 / CUDA 13.0,1575.000,,,,fp16,128,64,16,32,128,7,2,discard,same,8,8,32,1,nocount,sw32,sw32,16,16,16,128,512,0,64,none,0,none,0,4,20,3387373.0,2150.713015873016,,,,,6144,,9.984984663926884,,,0,0.0,1,bf14b28d2af4128daa99f23eec8a5e105636d0b04136f8be580fdc39d6f1f97d,
04_smem_layout_address,layout_fp16_m128n64k16_sw32_off128,1,,NVIDIA Thor,11.0,580.00,13.0,PTX ISA 9.3 / CUDA 13.0,1575.000,,,,fp16,128,64,16,32,128,7,3,discard,same,8,8,32,1,nocount,sw32,sw32,16,16,16,128,512,0,64,none,0,none,0,4,20,3387381.0,2150.7180952380954,,,,,6144,,9.98496108232289,,,0,0.0,1,bf14b28d2af4128daa99f23eec8a5e105636d0b04136f8be580fdc39d6f1f97d,
04_smem_layout_address,layout_fp16_m128n64k16_sw32_off128,1,,NVIDIA Thor,11.0,580.00,13.0,PTX ISA 9.3 / CUDA 13.0,1575.000,,,,fp16,128,64,16,32,128,7,4,discard,same,8,8,32,1,nocount,sw32,sw32,16,16,16,128,512,0,64,none,0,none,0,4,20,3387484.0,2150.7834920634923,,,,,6144,,9.984657479120195,,,0,0.0,1,bf14b28d2af4128daa99f23eec8a5e105636d0b04136f8be580fdc39d6f1f97d,
04_smem_layout_address,layout_bf16_m128n64k16_sw64_off16,0,misaligned address,,,580.00,13.0,PTX ISA 9.3 / CUDA 13.0,1575.000,,,,bf16,128,64,16,32,128,8,0,discard,same,8,8,32,1,nocount,sw64,sw64,16,16,16,16,512,0,64,none,0,none,0,4,,nan,nan,,,,,6144,,,,,,nan,0,bf14b28d2af4128daa99f23eec8a5e105636d0b04136f8be580fdc39d6f1f97d,; UTCHMMA=21;UTCHMMA_WS=16;UTCBAR=1;UTCATOMSWS=3;SYNCS_TRYWAIT=8;LDS=21;LDG=9;ptx_tcgen05_mma=21;ptx_tcgen05_mma_ws=16;ptx_tcgen05_commit=1;ptx_tcgen05_alloc=1;ptx_tcgen05_dealloc=1;ptx_tcgen05_ld=5;ptx_tcgen05_st=5;ptx_mbarrier_wait=5;ptx_cp_async_tma=2;ptx_ld_shared=26;ptx_ld_global=7
04_smem_layout_address,layout_bf16_m128n64k16_sw64_off16,0,misaligned address,,,580.00,13.0,PTX ISA 9.3 / CUDA 13.0,1575.000,,,,bf16,128,64,16,32,128,8,1,discard,same,8,8,32,1,nocount,sw64,sw64,16,16,16,16,512,0,64,none,0,none,0,4,,nan,nan,,,,,6144,,,,,,nan,0,bf14b28d2af4128daa99f23eec8a5e105636d0b04136f8be580fdc39d6f1f97d,
04_smem_layout_address,layout_bf16_m128n64k16_sw64_off16,0,misaligned address,,,580.00,13.0,PTX ISA 9.3 / CUDA 13.0,1575.000,,,,bf16,128,64,16,32,128,8,2,discard,same,8,8,32,1,nocount,sw64,sw64,16,16,16,16,512,0,64,none,0,none,0,4,,nan,nan,,,,,6144,,,,,,nan,0,bf14b28d2af4128daa99f23eec8a5e105636d0b04136f8be580fdc39d6f1f97d,
04_smem_layout_address,layout_bf16_m128n64k16_sw64_off16,0,misaligned address,,,580.00,13.0,PTX ISA 9.3 / CUDA 13.0,1575.000,,,,bf16,128,64,16,32,128,8,3,discard,same,8,8,32,1,nocount,sw64,sw64,16,16,16,16,512,0,64,none,0,none,0,4,,nan,nan,,,,,6144,,,,,,nan,0,bf14b28d2af4128daa99f23eec8a5e105636d0b04136f8be580fdc39d6f1f97d,
04_smem_layout_address,layout_bf16_m128n64k16_sw64_off16,0,misaligned address,,,580.00,13.0,PTX ISA 9.3 / CUDA 13.0,1575.000,,,,bf16,128,64,16,32,128,8,4,discard,same,8,8,32,1,nocount,sw64,sw64,16,16,16,16,512,0,64,none,0,none,0,4,,nan,nan,,,,,6144,,,,,,nan,0,bf14b28d2af4128daa99f23eec8a5e105636d0b04136f8be580fdc39d6f1f97d,
04_smem_layout_address,layout_bf16_m128n256k16_sw32_off64,0,misaligned address,,,580.00,13.0,PTX ISA 9.3 / CUDA 13.0,1575.000,,,,bf16,128,256,16,32,128,9,0,discard,same,2,2,32,1,nocount,sw32,sw32,16,16,16,64,512,0,256,none,0,none,0,4,,nan,nan,,,,,12288,,,,,,nan,0,bf14b28d2af4128daa99f23eec8a5e105636d0b04136f8be580fdc39d6f1f97d,; UTCHMMA=21;UTCHMMA_WS=16;UTCBAR=1;UTCATOMSWS=3;SYNCS_TRYWAIT=8;LDS=21;LDG=9;ptx_tcgen05_mma=21;ptx_tcgen05_mma_ws=16;ptx_tcgen05_commit=1;ptx_tcgen05_alloc=1;ptx_tcgen05_dealloc=1;ptx_tcgen05_ld=5;ptx_tcgen05_st=5;ptx_mbarrier_wait=5;ptx_cp_async_tma=2;ptx_ld_shared=26;ptx_ld_global=7
04_smem_layout_address,layout_bf16_m128n256k16_sw32_off64,0,misaligned address,,,580.00,13.0,PTX ISA 9.3 / CUDA 13.0,1575.000,,,,bf16,128,256,16,32,128,9,1,discard,same,2,2,32,1,nocount,sw32,sw32,16,16,16,64,512,0,256,none,0,none,0,4,,nan,nan,,,,,12288,,,,,,nan,0,bf14b28d2af4128daa99f23eec8a5e105636d0b04136f8be580fdc39d6f1f97d,
04_smem_layout_address,layout_bf16_m128n256k16_sw32_off64,0,misaligned address,,,580.00,13.0,PTX ISA 9.3 / CUDA 13.0,1575.000,,,,bf16,128,256,16,32,128,9,2,discard,same,2,2,32,1,nocount,sw32,sw32,16,16,16,64,512,0,256,none,0,none,0,4,,nan,nan,,,,,12288,,,,,,nan,0,bf14b28d2af4128daa99f23eec8a5e105636d0b04136f8be580fdc39d6f1f97d,
04_smem_layout_address,layout_bf16_m128n256k16_sw32_off64,0,misaligned address,,,580.00,13.0,PTX ISA 9.3 / CUDA 13.0,1575.000,,,,bf16,128,256,16,32,128,9,3,discard,same,2,2,32,1,nocount,sw32,sw32,16,16,16,64,512,0,256,none,0,none,0,4,,nan,nan,,,,,12288,,,,,,nan,0,bf14b28d2af4128daa99f23eec8a5e105636d0b04136f8be580fdc39d6f1f97d,
04_smem_layout_address,layout_bf16_m128n256k16_sw32_off64,0,misaligned address,,,580.00,13.0,PTX ISA 9.3 / CUDA 13.0,1575.000,,,,bf16,128,256,16,32,128,9,4,discard,same,2,2,32,1,nocount,sw32,sw32,16,16,16,64,512,0,256,none,0,none,0,4,,nan,nan,,,,,12288,,,,,,nan,0,bf14b28d2af4128daa99f23eec8a5e105636d0b04136f8be580fdc39d6f1f97d,
04_smem_layout_address,layout_fp16_m128n128k16_none_off0,0,max_abs_error>0.05,NVIDIA Thor,11.0,580.00,13.0,PTX ISA 9.3 / CUDA 13.0,1575.000,,,,fp16,128,128,16,32,128,10,0,discard,same,4,4,32,1,nocount,none,none,16,16,16,0,512,0,128,none,0,none,0,4,20,3678960.0,2335.847619047619,,,,,8192,,18.387189562267597,,,0,0.83203125,1,bf14b28d2af4128daa99f23eec8a5e105636d0b04136f8be580fdc39d6f1f97d,; UTCHMMA=21;UTCHMMA_WS=16;UTCBAR=1;UTCATOMSWS=3;SYNCS_TRYWAIT=8;LDS=21;LDG=9;ptx_tcgen05_mma=21;ptx_tcgen05_mma_ws=16;ptx_tcgen05_commit=1;ptx_tcgen05_alloc=1;ptx_tcgen05_dealloc=1;ptx_tcgen05_ld=5;ptx_tcgen05_st=5;ptx_mbarrier_wait=5;ptx_cp_async_tma=2;ptx_ld_shared=26;ptx_ld_global=7
04_smem_layout_address,layout_fp16_m128n128k16_none_off0,0,max_abs_error>0.05,NVIDIA Thor,11.0,580.00,13.0,PTX ISA 9.3 / CUDA 13.0,1575.000,,,,fp16,128,128,16,32,128,10,1,discard,same,4,4,32,1,nocount,none,none,16,16,16,0,512,0,128,none,0,none,0,4,20,3678997.0,2335.871111111111,,,,,8192,,18.38700464066701,,,0,0.83203125,1,bf14b28d2af4128daa99f23eec8a5e105636d0b04136f8be580fdc39d6f1f97d,
04_smem_layout_address,layout_fp16_m128n128k16_none_off0,0,max_abs_error>0.05,NVIDIA Thor,11.0,580.00,13.0,PTX ISA 9.3 / CUDA 13.0,1575.000,,,,fp16,128,128,16,32,128,10,2,discard,same,4,4,32,1,nocount,none,none,16,16,16,0,512,0,128,none,0,none,0,4,20,3678989.0,2335.8660317460317,,,,,8192,,18.387044623400612,,,0,0.83203125,1,bf14b28d2af4128daa99f23eec8a5e105636d0b04136f8be580fdc39d6f1f97d,
04_smem_layout_address,layout_fp16_m128n128k16_none_off0,0,max_abs_error>0.05,NVIDIA Thor,11.0,580.00,13.0,PTX ISA 9.3 / CUDA 13.0,1575.000,,,,fp16,128,128,16,32,128,10,3,discard,same,4,4,32,1,nocount,none,none,16,16,16,0,512,0,128,none,0,none,0,4,20,3678992.0,2335.8679365079365,,,,,8192,,18.38702962985513,,,0,0.83203125,1,bf14b28d2af4128daa99f23eec8a5e105636d0b04136f8be580fdc39d6f1f97d,
04_smem_layout_address,layout_fp16_m128n128k16_none_off0,0,max_abs_error>0.05,NVIDIA Thor,11.0,580.00,13.0,PTX ISA 9.3 / CUDA 13.0,1575.000,,,,fp16,128,128,16,32,128,10,4,discard,same,4,4,32,1,nocount,none,none,16,16,16,0,512,0,128,none,0,none,0,4,20,3678992.0,2335.8679365079365,,,,,8192,,18.38702962985513,,,0,0.83203125,1,bf14b28d2af4128daa99f23eec8a5e105636d0b04136f8be580fdc39d6f1f97d,
04_smem_layout_address,layout_fp16_m128n256k16_sw64_off64,0,misaligned address,,,580.00,13.0,PTX ISA 9.3 / CUDA 13.0,1575.000,,,,fp16,128,256,16,32,128,11,0,discard,same,2,2,32,1,nocount,sw64,sw64,16,16,16,64,512,0,256,none,0,none,0,4,,nan,nan,,,,,12288,,,,,,nan,0,bf14b28d2af4128daa99f23eec8a5e105636d0b04136f8be580fdc39d6f1f97d,; UTCHMMA=21;UTCHMMA_WS=16;UTCBAR=1;UTCATOMSWS=3;SYNCS_TRYWAIT=8;LDS=21;LDG=9;ptx_tcgen05_mma=21;ptx_tcgen05_mma_ws=16;ptx_tcgen05_commit=1;ptx_tcgen05_alloc=1;ptx_tcgen05_dealloc=1;ptx_tcgen05_ld=5;ptx_tcgen05_st=5;ptx_mbarrier_wait=5;ptx_cp_async_tma=2;ptx_ld_shared=26;ptx_ld_global=7
04_smem_layout_address,layout_fp16_m128n256k16_sw64_off64,0,misaligned address,,,580.00,13.0,PTX ISA 9.3 / CUDA 13.0,1575.000,,,,fp16,128,256,16,32,128,11,1,discard,same,2,2,32,1,nocount,sw64,sw64,16,16,16,64,512,0,256,none,0,none,0,4,,nan,nan,,,,,12288,,,,,,nan,0,bf14b28d2af4128daa99f23eec8a5e105636d0b04136f8be580fdc39d6f1f97d,
04_smem_layout_address,layout_fp16_m128n256k16_sw64_off64,0,misaligned address,,,580.00,13.0,PTX ISA 9.3 / CUDA 13.0,1575.000,,,,fp16,128,256,16,32,128,11,2,discard,same,2,2,32,1,nocount,sw64,sw64,16,16,16,64,512,0,256,none,0,none,0,4,,nan,nan,,,,,12288,,,,,,nan,0,bf14b28d2af4128daa99f23eec8a5e105636d0b04136f8be580fdc39d6f1f97d,
04_smem_layout_address,layout_fp16_m128n256k16_sw64_off64,0,misaligned address,,,580.00,13.0,PTX ISA 9.3 / CUDA 13.0,1575.000,,,,fp16,128,256,16,32,128,11,3,discard,same,2,2,32,1,nocount,sw64,sw64,16,16,16,64,512,0,256,none,0,none,0,4,,nan,nan,,,,,12288,,,,,,nan,0,bf14b28d2af4128daa99f23eec8a5e105636d0b04136f8be580fdc39d6f1f97d,
04_smem_layout_address,layout_fp16_m128n256k16_sw64_off64,0,misaligned address,,,580.00,13.0,PTX ISA 9.3 / CUDA 13.0,1575.000,,,,fp16,128,256,16,32,128,11,4,discard,same,2,2,32,1,nocount,sw64,sw64,16,16,16,64,512,0,256,none,0,none,0,4,,nan,nan,,,,,12288,,,,,,nan,0,bf14b28d2af4128daa99f23eec8a5e105636d0b04136f8be580fdc39d6f1f97d,
04_smem_layout_address,layout_fp16_m128n128k16_sw64_off64,0,misaligned address,,,580.00,13.0,PTX ISA 9.3 / CUDA 13.0,1575.000,,,,fp16,128,128,16,32,128,12,0,discard,same,4,4,32,1,nocount,sw64,sw64,16,16,16,64,512,0,128,none,0,none,0,4,,nan,nan,,,,,8192,,,,,,nan,0,bf14b28d2af4128daa99f23eec8a5e105636d0b04136f8be580fdc39d6f1f97d,; UTCHMMA=21;UTCHMMA_WS=16;UTCBAR=1;UTCATOMSWS=3;SYNCS_TRYWAIT=8;LDS=21;LDG=9;ptx_tcgen05_mma=21;ptx_tcgen05_mma_ws=16;ptx_tcgen05_commit=1;ptx_tcgen05_alloc=1;ptx_tcgen05_dealloc=1;ptx_tcgen05_ld=5;ptx_tcgen05_st=5;ptx_mbarrier_wait=5;ptx_cp_async_tma=2;ptx_ld_shared=26;ptx_ld_global=7
04_smem_layout_address,layout_fp16_m128n128k16_sw64_off64,0,misaligned address,,,580.00,13.0,PTX ISA 9.3 / CUDA 13.0,1575.000,,,,fp16,128,128,16,32,128,12,1,discard,same,4,4,32,1,nocount,sw64,sw64,16,16,16,64,512,0,128,none,0,none,0,4,,nan,nan,,,,,8192,,,,,,nan,0,bf14b28d2af4128daa99f23eec8a5e105636d0b04136f8be580fdc39d6f1f97d,
04_smem_layout_address,layout_fp16_m128n128k16_sw64_off64,0,misaligned address,,,580.00,13.0,PTX ISA 9.3 / CUDA 13.0,1575.000,,,,fp16,128,128,16,32,128,12,2,discard,same,4,4,32,1,nocount,sw64,sw64,16,16,16,64,512,0,128,none,0,none,0,4,,nan,nan,,,,,8192,,,,,,nan,0,bf14b28d2af4128daa99f23eec8a5e105636d0b04136f8be580fdc39d6f1f97d,
04_smem_layout_address,layout_fp16_m128n128k16_sw64_off64,0,misaligned address,,,580.00,13.0,PTX ISA 9.3 / CUDA 13.0,1575.000,,,,fp16,128,128,16,32,128,12,3,discard,same,4,4,32,1,nocount,sw64,sw64,16,16,16,64,512,0,128,none,0,none,0,4,,nan,nan,,,,,8192,,,,,,nan,0,bf14b28d2af4128daa99f23eec8a5e105636d0b04136f8be580fdc39d6f1f97d,
04_smem_layout_address,layout_fp16_m128n128k16_sw64_off64,0,misaligned address,,,580.00,13.0,PTX ISA 9.3 / CUDA 13.0,1575.000,,,,fp16,128,128,16,32,128,12,4,discard,same,4,4,32,1,nocount,sw64,sw64,16,16,16,64,512,0,128,none,0,none,0,4,,nan,nan,,,,,8192,,,,,,nan,0,bf14b28d2af4128daa99f23eec8a5e105636d0b04136f8be580fdc39d6f1f97d,
04_smem_layout_address,layout_bf16_m128n128k16_sw64_off64,0,misaligned address,,,580.00,13.0,PTX ISA 9.3 / CUDA 13.0,1575.000,,,,bf16,128,128,16,32,128,13,0,discard,same,4,4,32,1,nocount,sw64,sw64,16,16,16,64,512,0,128,none,0,none,0,4,,nan,nan,,,,,8192,,,,,,nan,0,bf14b28d2af4128daa99f23eec8a5e105636d0b04136f8be580fdc39d6f1f97d,; UTCHMMA=21;UTCHMMA_WS=16;UTCBAR=1;UTCATOMSWS=3;SYNCS_TRYWAIT=8;LDS=21;LDG=9;ptx_tcgen05_mma=21;ptx_tcgen05_mma_ws=16;ptx_tcgen05_commit=1;ptx_tcgen05_alloc=1;ptx_tcgen05_dealloc=1;ptx_tcgen05_ld=5;ptx_tcgen05_st=5;ptx_mbarrier_wait=5;ptx_cp_async_tma=2;ptx_ld_shared=26;ptx_ld_global=7
04_smem_layout_address,layout_bf16_m128n128k16_sw64_off64,0,misaligned address,,,580.00,13.0,PTX ISA 9.3 / CUDA 13.0,1575.000,,,,bf16,128,128,16,32,128,13,1,discard,same,4,4,32,1,nocount,sw64,sw64,16,16,16,64,512,0,128,none,0,none,0,4,,nan,nan,,,,,8192,,,,,,nan,0,bf14b28d2af4128daa99f23eec8a5e105636d0b04136f8be580fdc39d6f1f97d,
04_smem_layout_address,layout_bf16_m128n128k16_sw64_off64,0,misaligned address,,,580.00,13.0,PTX ISA 9.3 / CUDA 13.0,1575.000,,,,bf16,128,128,16,32,128,13,2,discard,same,4,4,32,1,nocount,sw64,sw64,16,16,16,64,512,0,128,none,0,none,0,4,,nan,nan,,,,,8192,,,,,,nan,0,bf14b28d2af4128daa99f23eec8a5e105636d0b04136f8be580fdc39d6f1f97d,
04_smem_layout_address,layout_bf16_m128n128k16_sw64_off64,0,misaligned address,,,580.00,13.0,PTX ISA 9.3 / CUDA 13.0,1575.000,,,,bf16,128,128,16,32,128,13,3,discard,same,4,4,32,1,nocount,sw64,sw64,16,16,16,64,512,0,128,none,0,none,0,4,,nan,nan,,,,,8192,,,,,,nan,0,bf14b28d2af4128daa99f23eec8a5e105636d0b04136f8be580fdc39d6f1f97d,
04_smem_layout_address,layout_bf16_m128n128k16_sw64_off64,0,misaligned address,,,580.00,13.0,PTX ISA 9.3 / CUDA 13.0,1575.000,,,,bf16,128,128,16,32,128,13,4,discard,same,4,4,32,1,nocount,sw64,sw64,16,16,16,64,512,0,128,none,0,none,0,4,,nan,nan,,,,,8192,,,,,,nan,0,bf14b28d2af4128daa99f23eec8a5e105636d0b04136f8be580fdc39d6f1f97d,
04_smem_layout_address,layout_fp16_m128n64k16_sw64_off256,1,,NVIDIA Thor,11.0,580.00,13.0,PTX ISA 9.3 / CUDA 13.0,1575.000,,,,fp16,128,64,16,32,128,14,0,discard,same,8,8,32,1,nocount,sw64,sw64,16,16,16,256,512,0,64,none,0,none,0,4,20,3562096.0,2261.648253968254,,,,,6144,,9.49521502396342,,,0,0.0,1,bf14b28d2af4128daa99f23eec8a5e105636d0b04136f8be580fdc39d6f1f97d,; UTCHMMA=21;UTCHMMA_WS=16;UTCBAR=1;UTCATOMSWS=3;SYNCS_TRYWAIT=8;LDS=21;LDG=9;ptx_tcgen05_mma=21;ptx_tcgen05_mma_ws=16;ptx_tcgen05_commit=1;ptx_tcgen05_alloc=1;ptx_tcgen05_dealloc=1;ptx_tcgen05_ld=5;ptx_tcgen05_st=5;ptx_mbarrier_wait=5;ptx_cp_async_tma=2;ptx_ld_shared=26;ptx_ld_global=7
04_smem_layout_address,layout_fp16_m128n64k16_sw64_off256,1,,NVIDIA Thor,11.0,580.00,13.0,PTX ISA 9.3 / CUDA 13.0,1575.000,,,,fp16,128,64,16,32,128,14,1,discard,same,8,8,32,1,nocount,sw64,sw64,16,16,16,256,512,0,64,none,0,none,0,4,20,3562091.0,2261.6450793650793,,,,,6144,,9.495228352111162,,,0,0.0,1,bf14b28d2af4128daa99f23eec8a5e105636d0b04136f8be580fdc39d6f1f97d,
04_smem_layout_address,layout_fp16_m128n64k16_sw64_off256,1,,NVIDIA Thor,11.0,580.00,13.0,PTX ISA 9.3 / CUDA 13.0,1575.000,,,,fp16,128,64,16,32,128,14,2,discard,same,8,8,32,1,nocount,sw64,sw64,16,16,16,256,512,0,64,none,0,none,0,4,20,3562083.0,2261.64,,,,,6144,,9.495249677225376,,,0,0.0,1,bf14b28d2af4128daa99f23eec8a5e105636d0b04136f8be580fdc39d6f1f97d,
04_smem_layout_address,layout_fp16_m128n64k16_sw64_off256,1,,NVIDIA Thor,11.0,580.00,13.0,PTX ISA 9.3 / CUDA 13.0,1575.000,,,,fp16,128,64,16,32,128,14,3,discard,same,8,8,32,1,nocount,sw64,sw64,16,16,16,256,512,0,64,none,0,none,0,4,20,3562080.0,2261.638095238095,,,,,6144,,9.495257674167902,,,0,0.0,1,bf14b28d2af4128daa99f23eec8a5e105636d0b04136f8be580fdc39d6f1f97d,
04_smem_layout_address,layout_fp16_m128n64k16_sw64_off256,1,,NVIDIA Thor,11.0,580.00,13.0,PTX ISA 9.3 / CUDA 13.0,1575.000,,,,fp16,128,64,16,32,128,14,4,discard,same,8,8,32,1,nocount,sw64,sw64,16,16,16,256,512,0,64,none,0,none,0,4,20,3562091.0,2261.6450793650793,,,,,6144,,9.495228352111162,,,0,0.0,1,bf14b28d2af4128daa99f23eec8a5e105636d0b04136f8be580fdc39d6f1f97d,
04_smem_layout_address,layout_bf16_m128n64k16_sw64_off32,0,misaligned address,,,580.00,13.0,PTX ISA 9.3 / CUDA 13.0,1575.000,,,,bf16,128,64,16,32,128,15,0,discard,same,8,8,32,1,nocount,sw64,sw64,16,16,16,32,512,0,64,none,0,none,0,4,,nan,nan,,,,,6144,,,,,,nan,0,bf14b28d2af4128daa99f23eec8a5e105636d0b04136f8be580fdc39d6f1f97d,; UTCHMMA=21;UTCHMMA_WS=16;UTCBAR=1;UTCATOMSWS=3;SYNCS_TRYWAIT=8;LDS=21;LDG=9;ptx_tcgen05_mma=21;ptx_tcgen05_mma_ws=16;ptx_tcgen05_commit=1;ptx_tcgen05_alloc=1;ptx_tcgen05_dealloc=1;ptx_tcgen05_ld=5;ptx_tcgen05_st=5;ptx_mbarrier_wait=5;ptx_cp_async_tma=2;ptx_ld_shared=26;ptx_ld_global=7
04_smem_layout_address,layout_bf16_m128n64k16_sw64_off32,0,misaligned address,,,580.00,13.0,PTX ISA 9.3 / CUDA 13.0,1575.000,,,,bf16,128,64,16,32,128,15,1,discard,same,8,8,32,1,nocount,sw64,sw64,16,16,16,32,512,0,64,none,0,none,0,4,,nan,nan,,,,,6144,,,,,,nan,0,bf14b28d2af4128daa99f23eec8a5e105636d0b04136f8be580fdc39d6f1f97d,
04_smem_layout_address,layout_bf16_m128n64k16_sw64_off32,0,misaligned address,,,580.00,13.0,PTX ISA 9.3 / CUDA 13.0,1575.000,,,,bf16,128,64,16,32,128,15,2,discard,same,8,8,32,1,nocount,sw64,sw64,16,16,16,32,512,0,64,none,0,none,0,4,,nan,nan,,,,,6144,,,,,,nan,0,bf14b28d2af4128daa99f23eec8a5e105636d0b04136f8be580fdc39d6f1f97d,
04_smem_layout_address,layout_bf16_m128n64k16_sw64_off32,0,misaligned address,,,580.00,13.0,PTX ISA 9.3 / CUDA 13.0,1575.000,,,,bf16,128,64,16,32,128,15,3,discard,same,8,8,32,1,nocount,sw64,sw64,16,16,16,32,512,0,64,none,0,none,0,4,,nan,nan,,,,,6144,,,,,,nan,0,bf14b28d2af4128daa99f23eec8a5e105636d0b04136f8be580fdc39d6f1f97d,
04_smem_layout_address,layout_bf16_m128n64k16_sw64_off32,0,misaligned address,,,580.00,13.0,PTX ISA 9.3 / CUDA 13.0,1575.000,,,,bf16,128,64,16,32,128,15,4,discard,same,8,8,32,1,nocount,sw64,sw64,16,16,16,32,512,0,64,none,0,none,0,4,,nan,nan,,,,,6144,,,,,,nan,0,bf14b28d2af4128daa99f23eec8a5e105636d0b04136f8be580fdc39d6f1f97d,
04_smem_layout_address,layout_bf16_m128n256k16_sw64_off16,0,misaligned address,,,580.00,13.0,PTX ISA 9.3 / CUDA 13.0,1575.000,,,,bf16,128,256,16,32,128,16,0,discard,same,2,2,32,1,nocount,sw64,sw64,16,16,16,16,512,0,256,none,0,none,0,4,,nan,nan,,,,,12288,,,,,,nan,0,bf14b28d2af4128daa99f23eec8a5e105636d0b04136f8be580fdc39d6f1f97d,; UTCHMMA=21;UTCHMMA_WS=16;UTCBAR=1;UTCATOMSWS=3;SYNCS_TRYWAIT=8;LDS=21;LDG=9;ptx_tcgen05_mma=21;ptx_tcgen05_mma_ws=16;ptx_tcgen05_commit=1;ptx_tcgen05_alloc=1;ptx_tcgen05_dealloc=1;ptx_tcgen05_ld=5;ptx_tcgen05_st=5;ptx_mbarrier_wait=5;ptx_cp_async_tma=2;ptx_ld_shared=26;ptx_ld_global=7
04_smem_layout_address,layout_bf16_m128n256k16_sw64_off16,0,misaligned address,,,580.00,13.0,PTX ISA 9.3 / CUDA 13.0,1575.000,,,,bf16,128,256,16,32,128,16,1,discard,same,2,2,32,1,nocount,sw64,sw64,16,16,16,16,512,0,256,none,0,none,0,4,,nan,nan,,,,,12288,,,,,,nan,0,bf14b28d2af4128daa99f23eec8a5e105636d0b04136f8be580fdc39d6f1f97d,
04_smem_layout_address,layout_bf16_m128n256k16_sw64_off16,0,misaligned address,,,580.00,13.0,PTX ISA 9.3 / CUDA 13.0,1575.000,,,,bf16,128,256,16,32,128,16,2,discard,same,2,2,32,1,nocount,sw64,sw64,16,16,16,16,512,0,256,none,0,none,0,4,,nan,nan,,,,,12288,,,,,,nan,0,bf14b28d2af4128daa99f23eec8a5e105636d0b04136f8be580fdc39d6f1f97d,
04_smem_layout_address,layout_bf16_m128n256k16_sw64_off16,0,misaligned address,,,580.00,13.0,PTX ISA 9.3 / CUDA 13.0,1575.000,,,,bf16,128,256,16,32,128,16,3,discard,same,2,2,32,1,nocount,sw64,sw64,16,16,16,16,512,0,256,none,0,none,0,4,,nan,nan,,,,,12288,,,,,,nan,0,bf14b28d2af4128daa99f23eec8a5e105636d0b04136f8be580fdc39d6f1f97d,
04_smem_layout_address,layout_bf16_m128n256k16_sw64_off16,0,misaligned address,,,580.00,13.0,PTX ISA 9.3 / CUDA 13.0,1575.000,,,,bf16,128,256,16,32,128,16,4,discard,same,2,2,32,1,nocount,sw64,sw64,16,16,16,16,512,0,256,none,0,none,0,4,,nan,nan,,,,,12288,,,,,,nan,0,bf14b28d2af4128daa99f23eec8a5e105636d0b04136f8be580fdc39d6f1f97d,
04_smem_layout_address,layout_bf16_m128n128k16_sw64_off32,0,misaligned address,,,580.00,13.0,PTX ISA 9.3 / CUDA 13.0,1575.000,,,,bf16,128,128,16,32,128,17,0,discard,same,4,4,32,1,nocount,sw64,sw64,16,16,16,32,512,0,128,none,0,none,0,4,,nan,nan,,,,,8192,,,,,,nan,0,bf14b28d2af4128daa99f23eec8a5e105636d0b04136f8be580fdc39d6f1f97d,; UTCHMMA=21;UTCHMMA_WS=16;UTCBAR=1;UTCATOMSWS=3;SYNCS_TRYWAIT=8;LDS=21;LDG=9;ptx_tcgen05_mma=21;ptx_tcgen05_mma_ws=16;ptx_tcgen05_commit=1;ptx_tcgen05_alloc=1;ptx_tcgen05_dealloc=1;ptx_tcgen05_ld=5;ptx_tcgen05_st=5;ptx_mbarrier_wait=5;ptx_cp_async_tma=2;ptx_ld_shared=26;ptx_ld_global=7
04_smem_layout_address,layout_bf16_m128n128k16_sw64_off32,0,misaligned address,,,580.00,13.0,PTX ISA 9.3 / CUDA 13.0,1575.000,,,,bf16,128,128,16,32,128,17,1,discard,same,4,4,32,1,nocount,sw64,sw64,16,16,16,32,512,0,128,none,0,none,0,4,,nan,nan,,,,,8192,,,,,,nan,0,bf14b28d2af4128daa99f23eec8a5e105636d0b04136f8be580fdc39d6f1f97d,
04_smem_layout_address,layout_bf16_m128n128k16_sw64_off32,0,misaligned address,,,580.00,13.0,PTX ISA 9.3 / CUDA 13.0,1575.000,,,,bf16,128,128,16,32,128,17,2,discard,same,4,4,32,1,nocount,sw64,sw64,16,16,16,32,512,0,128,none,0,none,0,4,,nan,nan,,,,,8192,,,,,,nan,0,bf14b28d2af4128daa99f23eec8a5e105636d0b04136f8be580fdc39d6f1f97d,
04_smem_layout_address,layout_bf16_m128n128k16_sw64_off32,0,misaligned address,,,580.00,13.0,PTX ISA 9.3 / CUDA 13.0,1575.000,,,,bf16,128,128,16,32,128,17,3,discard,same,4,4,32,1,nocount,sw64,sw64,16,16,16,32,512,0,128,none,0,none,0,4,,nan,nan,,,,,8192,,,,,,nan,0,bf14b28d2af4128daa99f23eec8a5e105636d0b04136f8be580fdc39d6f1f97d,
04_smem_layout_address,layout_bf16_m128n128k16_sw64_off32,0,misaligned address,,,580.00,13.0,PTX ISA 9.3 / CUDA 13.0,1575.000,,,,bf16,128,128,16,32,128,17,4,discard,same,4,4,32,1,nocount,sw64,sw64,16,16,16,32,512,0,128,none,0,none,0,4,,nan,nan,,,,,8192,,,,,,nan,0,bf14b28d2af4128daa99f23eec8a5e105636d0b04136f8be580fdc39d6f1f97d,
04_smem_layout_address,layout_fp16_m128n256k16_sw64_off128,1,,NVIDIA Thor,11.0,580.00,13.0,PTX ISA 9.3 / CUDA 13.0,1575.000,,,,fp16,128,256,16,32,128,18,0,discard,same,2,2,32,1,nocount,sw64,sw64,16,16,16,128,512,0,256,none,0,none,0,4,20,3562235.0,2261.7365079365077,,,,,12288,,37.97937806573682,,,0,0.0,1,bf14b28d2af4128daa99f23eec8a5e105636d0b04136f8be580fdc39d6f1f97d,; UTCHMMA=21;UTCHMMA_WS=16;UTCBAR=1;UTCATOMSWS=3;SYNCS_TRYWAIT=8;LDS=21;LDG=9;ptx_tcgen05_mma=21;ptx_tcgen05_mma_ws=16;ptx_tcgen05_commit=1;ptx_tcgen05_alloc=1;ptx_tcgen05_dealloc=1;ptx_tcgen05_ld=5;ptx_tcgen05_st=5;ptx_mbarrier_wait=5;ptx_cp_async_tma=2;ptx_ld_shared=26;ptx_ld_global=7
04_smem_layout_address,layout_fp16_m128n256k16_sw64_off128,1,,NVIDIA Thor,11.0,580.00,13.0,PTX ISA 9.3 / CUDA 13.0,1575.000,,,,fp16,128,256,16,32,128,18,1,discard,same,2,2,32,1,nocount,sw64,sw64,16,16,16,128,512,0,256,none,0,none,0,4,20,3562234.0,2261.735873015873,,,,,12288,,37.97938872741094,,,0,0.0,1,bf14b28d2af4128daa99f23eec8a5e105636d0b04136f8be580fdc39d6f1f97d,
04_smem_layout_address,layout_fp16_m128n256k16_sw64_off128,1,,NVIDIA Thor,11.0,580.00,13.0,PTX ISA 9.3 / CUDA 13.0,1575.000,,,,fp16,128,256,16,32,128,18,2,discard,same,2,2,32,1,nocount,sw64,sw64,16,16,16,128,512,0,256,none,0,none,0,4,20,3562232.0,2261.7346031746033,,,,,12288,,37.979410050777155,,,0,0.0,1,bf14b28d2af4128daa99f23eec8a5e105636d0b04136f8be580fdc39d6f1f97d,
04_smem_layout_address,layout_fp16_m128n256k16_sw64_off128,1,,NVIDIA Thor,11.0,580.00,13.0,PTX ISA 9.3 / CUDA 13.0,1575.000,,,,fp16,128,256,16,32,128,18,3,discard,same,2,2,32,1,nocount,sw64,sw64,16,16,16,128,512,0,256,none,0,none,0,4,20,3562234.0,2261.735873015873,,,,,12288,,37.97938872741094,,,0,0.0,1,bf14b28d2af4128daa99f23eec8a5e105636d0b04136f8be580fdc39d6f1f97d,
04_smem_layout_address,layout_fp16_m128n256k16_sw64_off128,1,,NVIDIA Thor,11.0,580.00,13.0,PTX ISA 9.3 / CUDA 13.0,1575.000,,,,fp16,128,256,16,32,128,18,4,discard,same,2,2,32,1,nocount,sw64,sw64,16,16,16,128,512,0,256,none,0,none,0,4,20,3562233.0,2261.735238095238,,,,,12288,,37.979399389091064,,,0,0.0,1,bf14b28d2af4128daa99f23eec8a5e105636d0b04136f8be580fdc39d6f1f97d,
04_smem_layout_address,layout_fp16_m128n256k16_sw32_off128,1,,NVIDIA Thor,11.0,580.00,13.0,PTX ISA 9.3 / CUDA 13.0,1575.000,,,,fp16,128,256,16,32,128,19,0,discard,same,2,2,32,1,nocount,sw32,sw32,16,16,16,128,512,0,256,none,0,none,0,4,20,3387350.0,2150.6984126984125,,,,,12288,,39.94020984663528,,,0,0.0,1,bf14b28d2af4128daa99f23eec8a5e105636d0b04136f8be580fdc39d6f1f97d,; UTCHMMA=21;UTCHMMA_WS=16;UTCBAR=1;UTCATOMSWS=3;SYNCS_TRYWAIT=8;LDS=21;LDG=9;ptx_tcgen05_mma=21;ptx_tcgen05_mma_ws=16;ptx_tcgen05_commit=1;ptx_tcgen05_alloc=1;ptx_tcgen05_dealloc=1;ptx_tcgen05_ld=5;ptx_tcgen05_st=5;ptx_mbarrier_wait=5;ptx_cp_async_tma=2;ptx_ld_shared=26;ptx_ld_global=7
04_smem_layout_address,layout_fp16_m128n256k16_sw32_off128,1,,NVIDIA Thor,11.0,580.00,13.0,PTX ISA 9.3 / CUDA 13.0,1575.000,,,,fp16,128,256,16,32,128,19,1,discard,same,2,2,32,1,nocount,sw32,sw32,16,16,16,128,512,0,256,none,0,none,0,4,20,3387109.0,2150.545396825397,,,,,12288,,39.94305167740394,,,0,0.0,1,bf14b28d2af4128daa99f23eec8a5e105636d0b04136f8be580fdc39d6f1f97d,
04_smem_layout_address,layout_fp16_m128n256k16_sw32_off128,1,,NVIDIA Thor,11.0,580.00,13.0,PTX ISA 9.3 / CUDA 13.0,1575.000,,,,fp16,128,256,16,32,128,19,2,discard,same,2,2,32,1,nocount,sw32,sw32,16,16,16,128,512,0,256,none,0,none,0,4,20,3387343.0,2150.6939682539683,,,,,12288,,39.94029238373557,,,0,0.0,1,bf14b28d2af4128daa99f23eec8a5e105636d0b04136f8be580fdc39d6f1f97d,
04_smem_layout_address,layout_fp16_m128n256k16_sw32_off128,1,,NVIDIA Thor,11.0,580.00,13.0,PTX ISA 9.3 / CUDA 13.0,1575.000,,,,fp16,128,256,16,32,128,19,3,discard,same,2,2,32,1,nocount,sw32,sw32,16,16,16,128,512,0,256,none,0,none,0,4,20,3387364.0,2150.7073015873016,,,,,12288,,39.94004477345806,,,0,0.0,1,bf14b28d2af4128daa99f23eec8a5e105636d0b04136f8be580fdc39d6f1f97d,
04_smem_layout_address,layout_fp16_m128n256k16_sw32_off128,1,,NVIDIA Thor,11.0,580.00,13.0,PTX ISA 9.3 / CUDA 13.0,1575.000,,,,fp16,128,256,16,32,128,19,4,discard,same,2,2,32,1,nocount,sw32,sw32,16,16,16,128,512,0,256,none,0,none,0,4,20,3387112.0,2150.5473015873017,,,,,12288,,39.94301629943149,,,0,0.0,1,bf14b28d2af4128daa99f23eec8a5e105636d0b04136f8be580fdc39d6f1f97d,
04_smem_layout_address,layout_fp16_m128n64k16_sw128_off256,1,,NVIDIA Thor,11.0,580.00,13.0,PTX ISA 9.3 / CUDA 13.0,1575.000,,,,fp16,128,64,16,32,128,20,0,discard,same,8,8,32,1,nocount,sw128,sw128,16,16,16,256,512,0,64,none,0,none,0,4,20,3678622.0,2335.6330158730157,,,,,6144,,9.194439509142283,,,0,0.0,1,bf14b28d2af4128daa99f23eec8a5e105636d0b04136f8be580fdc39d6f1f97d,; UTCHMMA=21;UTCHMMA_WS=16;UTCBAR=1;UTCATOMSWS=3;SYNCS_TRYWAIT=8;LDS=21;LDG=9;ptx_tcgen05_mma=21;ptx_tcgen05_mma_ws=16;ptx_tcgen05_commit=1;ptx_tcgen05_alloc=1;ptx_tcgen05_dealloc=1;ptx_tcgen05_ld=5;ptx_tcgen05_st=5;ptx_mbarrier_wait=5;ptx_cp_async_tma=2;ptx_ld_shared=26;ptx_ld_global=7
04_smem_layout_address,layout_fp16_m128n64k16_sw128_off256,1,,NVIDIA Thor,11.0,580.00,13.0,PTX ISA 9.3 / CUDA 13.0,1575.000,,,,fp16,128,64,16,32,128,20,1,discard,same,8,8,32,1,nocount,sw128,sw128,16,16,16,256,512,0,64,none,0,none,0,4,20,3678584.0,2335.608888888889,,,,,6144,,9.194534488270486,,,0,0.0,1,bf14b28d2af4128daa99f23eec8a5e105636d0b04136f8be580fdc39d6f1f97d,
04_smem_layout_address,layout_fp16_m128n64k16_sw128_off256,1,,NVIDIA Thor,11.0,580.00,13.0,PTX ISA 9.3 / CUDA 13.0,1575.000,,,,fp16,128,64,16,32,128,20,2,discard,same,8,8,32,1,nocount,sw128,sw128,16,16,16,256,512,0,64,none,0,none,0,4,20,3678624.0,2335.634285714286,,,,,6144,,9.194434510295155,,,0,0.0,1,bf14b28d2af4128daa99f23eec8a5e105636d0b04136f8be580fdc39d6f1f97d,
04_smem_layout_address,layout_fp16_m128n64k16_sw128_off256,1,,NVIDIA Thor,11.0,580.00,13.0,PTX ISA 9.3 / CUDA 13.0,1575.000,,,,fp16,128,64,16,32,128,20,3,discard,same,8,8,32,1,nocount,sw128,sw128,16,16,16,256,512,0,64,none,0,none,0,4,20,3678577.0,2335.6044444444447,,,,,6144,,9.194551984639713,,,0,0.0,1,bf14b28d2af4128daa99f23eec8a5e105636d0b04136f8be580fdc39d6f1f97d,
04_smem_layout_address,layout_fp16_m128n64k16_sw128_off256,1,,NVIDIA Thor,11.0,580.00,13.0,PTX ISA 9.3 / CUDA 13.0,1575.000,,,,fp16,128,64,16,32,128,20,4,discard,same,8,8,32,1,nocount,sw128,sw128,16,16,16,256,512,0,64,none,0,none,0,4,20,3678584.0,2335.608888888889,,,,,6144,,9.194534488270486,,,0,0.0,1,bf14b28d2af4128daa99f23eec8a5e105636d0b04136f8be580fdc39d6f1f97d,
04_smem_layout_address,layout_fp16_m128n256k16_sw32_off0,1,,NVIDIA Thor,11.0,580.00,13.0,PTX ISA 9.3 / CUDA 13.0,1575.000,,,,fp16,128,256,16,32,128,21,0,discard,same,2,2,32,1,nocount,sw32,sw32,16,16,16,0,512,0,256,none,0,none,0,4,20,3387342.0,2150.693333333333,,,,,12288,,39.94030417477775,,,0,0.0,1,bf14b28d2af4128daa99f23eec8a5e105636d0b04136f8be580fdc39d6f1f97d,; UTCHMMA=21;UTCHMMA_WS=16;UTCBAR=1;UTCATOMSWS=3;SYNCS_TRYWAIT=8;LDS=21;LDG=9;ptx_tcgen05_mma=21;ptx_tcgen05_mma_ws=16;ptx_tcgen05_commit=1;ptx_tcgen05_alloc=1;ptx_tcgen05_dealloc=1;ptx_tcgen05_ld=5;ptx_tcgen05_st=5;ptx_mbarrier_wait=5;ptx_cp_async_tma=2;ptx_ld_shared=26;ptx_ld_global=7
04_smem_layout_address,layout_fp16_m128n256k16_sw32_off0,1,,NVIDIA Thor,11.0,580.00,13.0,PTX ISA 9.3 / CUDA 13.0,1575.000,,,,fp16,128,256,16,32,128,21,1,discard,same,2,2,32,1,nocount,sw32,sw32,16,16,16,0,512,0,256,none,0,none,0,4,20,3387118.0,2150.5511111111114,,,,,12288,,39.94294554367458,,,0,0.0,1,bf14b28d2af4128daa99f23eec8a5e105636d0b04136f8be580fdc39d6f1f97d,
04_smem_layout_address,layout_fp16_m128n256k16_sw32_off0,1,,NVIDIA Thor,11.0,580.00,13.0,PTX ISA 9.3 / CUDA 13.0,1575.000,,,,fp16,128,256,16,32,128,21,2,discard,same,2,2,32,1,nocount,sw32,sw32,16,16,16,0,512,0,256,none,0,none,0,4,20,3387355.0,2150.701587301587,,,,,12288,,39.94015089177249,,,0,0.0,1,bf14b28d2af4128daa99f23eec8a5e105636d0b04136f8be580fdc39d6f1f97d,
04_smem_layout_address,layout_fp16_m128n256k16_sw32_off0,1,,NVIDIA Thor,11.0,580.00,13.0,PTX ISA 9.3 / CUDA 13.0,1575.000,,,,fp16,128,256,16,32,128,21,3,discard,same,2,2,32,1,nocount,sw32,sw32,16,16,16,0,512,0,256,none,0,none,0,4,20,3387352.0,2150.6996825396827,,,,,12288,,39.94018626466927,,,0,0.0,1,bf14b28d2af4128daa99f23eec8a5e105636d0b04136f8be580fdc39d6f1f97d,
04_smem_layout_address,layout_fp16_m128n256k16_sw32_off0,1,,NVIDIA Thor,11.0,580.00,13.0,PTX ISA 9.3 / CUDA 13.0,1575.000,,,,fp16,128,256,16,32,128,21,4,discard,same,2,2,32,1,nocount,sw32,sw32,16,16,16,0,512,0,256,none,0,none,0,4,20,3387342.0,2150.693333333333,,,,,12288,,39.94030417477775,,,0,0.0,1,bf14b28d2af4128daa99f23eec8a5e105636d0b04136f8be580fdc39d6f1f97d,
04_smem_layout_address,layout_bf16_m128n256k16_sw64_off32,0,misaligned address,,,580.00,13.0,PTX ISA 9.3 / CUDA 13.0,1575.000,,,,bf16,128,256,16,32,128,22,0,discard,same,2,2,32,1,nocount,sw64,sw64,16,16,16,32,512,0,256,none,0,none,0,4,,nan,nan,,,,,12288,,,,,,nan,0,bf14b28d2af4128daa99f23eec8a5e105636d0b04136f8be580fdc39d6f1f97d,; UTCHMMA=21;UTCHMMA_WS=16;UTCBAR=1;UTCATOMSWS=3;SYNCS_TRYWAIT=8;LDS=21;LDG=9;ptx_tcgen05_mma=21;ptx_tcgen05_mma_ws=16;ptx_tcgen05_commit=1;ptx_tcgen05_alloc=1;ptx_tcgen05_dealloc=1;ptx_tcgen05_ld=5;ptx_tcgen05_st=5;ptx_mbarrier_wait=5;ptx_cp_async_tma=2;ptx_ld_shared=26;ptx_ld_global=7
04_smem_layout_address,layout_bf16_m128n256k16_sw64_off32,0,misaligned address,,,580.00,13.0,PTX ISA 9.3 / CUDA 13.0,1575.000,,,,bf16,128,256,16,32,128,22,1,discard,same,2,2,32,1,nocount,sw64,sw64,16,16,16,32,512,0,256,none,0,none,0,4,,nan,nan,,,,,12288,,,,,,nan,0,bf14b28d2af4128daa99f23eec8a5e105636d0b04136f8be580fdc39d6f1f97d,
04_smem_layout_address,layout_bf16_m128n256k16_sw64_off32,0,misaligned address,,,580.00,13.0,PTX ISA 9.3 / CUDA 13.0,1575.000,,,,bf16,128,256,16,32,128,22,2,discard,same,2,2,32,1,nocount,sw64,sw64,16,16,16,32,512,0,256,none,0,none,0,4,,nan,nan,,,,,12288,,,,,,nan,0,bf14b28d2af4128daa99f23eec8a5e105636d0b04136f8be580fdc39d6f1f97d,
04_smem_layout_address,layout_bf16_m128n256k16_sw64_off32,0,misaligned address,,,580.00,13.0,PTX ISA 9.3 / CUDA 13.0,1575.000,,,,bf16,128,256,16,32,128,22,3,discard,same,2,2,32,1,nocount,sw64,sw64,16,16,16,32,512,0,256,none,0,none,0,4,,nan,nan,,,,,12288,,,,,,nan,0,bf14b28d2af4128daa99f23eec8a5e105636d0b04136f8be580fdc39d6f1f97d,
04_smem_layout_address,layout_bf16_m128n256k16_sw64_off32,0,misaligned address,,,580.00,13.0,PTX ISA 9.3 / CUDA 13.0,1575.000,,,,bf16,128,256,16,32,128,22,4,discard,same,2,2,32,1,nocount,sw64,sw64,16,16,16,32,512,0,256,none,0,none,0,4,,nan,nan,,,,,12288,,,,,,nan,0,bf14b28d2af4128daa99f23eec8a5e105636d0b04136f8be580fdc39d6f1f97d,
04_smem_layout_address,layout_fp16_m128n128k16_sw32_off64,0,misaligned address,,,580.00,13.0,PTX ISA 9.3 / CUDA 13.0,1575.000,,,,fp16,128,128,16,32,128,23,0,discard,same,4,4,32,1,nocount,sw32,sw32,16,16,16,64,512,0,128,none,0,none,0,4,,nan,nan,,,,,8192,,,,,,nan,0,bf14b28d2af4128daa99f23eec8a5e105636d0b04136f8be580fdc39d6f1f97d,; UTCHMMA=21;UTCHMMA_WS=16;UTCBAR=1;UTCATOMSWS=3;SYNCS_TRYWAIT=8;LDS=21;LDG=9;ptx_tcgen05_mma=21;ptx_tcgen05_mma_ws=16;ptx_tcgen05_commit=1;ptx_tcgen05_alloc=1;ptx_tcgen05_dealloc=1;ptx_tcgen05_ld=5;ptx_tcgen05_st=5;ptx_mbarrier_wait=5;ptx_cp_async_tma=2;ptx_ld_shared=26;ptx_ld_global=7
04_smem_layout_address,layout_fp16_m128n128k16_sw32_off64,0,misaligned address,,,580.00,13.0,PTX ISA 9.3 / CUDA 13.0,1575.000,,,,fp16,128,128,16,32,128,23,1,discard,same,4,4,32,1,nocount,sw32,sw32,16,16,16,64,512,0,128,none,0,none,0,4,,nan,nan,,,,,8192,,,,,,nan,0,bf14b28d2af4128daa99f23eec8a5e105636d0b04136f8be580fdc39d6f1f97d,
04_smem_layout_address,layout_fp16_m128n128k16_sw32_off64,0,misaligned address,,,580.00,13.0,PTX ISA 9.3 / CUDA 13.0,1575.000,,,,fp16,128,128,16,32,128,23,2,discard,same,4,4,32,1,nocount,sw32,sw32,16,16,16,64,512,0,128,none,0,none,0,4,,nan,nan,,,,,8192,,,,,,nan,0,bf14b28d2af4128daa99f23eec8a5e105636d0b04136f8be580fdc39d6f1f97d,
04_smem_layout_address,layout_fp16_m128n128k16_sw32_off64,0,misaligned address,,,580.00,13.0,PTX ISA 9.3 / CUDA 13.0,1575.000,,,,fp16,128,128,16,32,128,23,3,discard,same,4,4,32,1,nocount,sw32,sw32,16,16,16,64,512,0,128,none,0,none,0,4,,nan,nan,,,,,8192,,,,,,nan,0,bf14b28d2af4128daa99f23eec8a5e105636d0b04136f8be580fdc39d6f1f97d,
04_smem_layout_address,layout_fp16_m128n128k16_sw32_off64,0,misaligned address,,,580.00,13.0,PTX ISA 9.3 / CUDA 13.0,1575.000,,,,fp16,128,128,16,32,128,23,4,discard,same,4,4,32,1,nocount,sw32,sw32,16,16,16,64,512,0,128,none,0,none,0,4,,nan,nan,,,,,8192,,,,,,nan,0,bf14b28d2af4128daa99f23eec8a5e105636d0b04136f8be580fdc39d6f1f97d,
04_smem_layout_address,layout_bf16_m128n128k16_sw32_off128,1,,NVIDIA Thor,11.0,580.00,13.0,PTX ISA 9.3 / CUDA 13.0,1575.000,,,,bf16,128,128,16,32,128,24,0,discard,same,4,4,32,1,nocount,sw32,sw32,16,16,16,128,512,0,128,none,0,none,0,4,20,3387202.0,2150.604444444444,,,,,8192,,19.970977494699163,,,0,0.0,1,bf14b28d2af4128daa99f23eec8a5e105636d0b04136f8be580fdc39d6f1f97d,; UTCHMMA=21;UTCHMMA_WS=16;UTCBAR=1;UTCATOMSWS=3;SYNCS_TRYWAIT=8;LDS=21;LDG=9;ptx_tcgen05_mma=21;ptx_tcgen05_mma_ws=16;ptx_tcgen05_commit=1;ptx_tcgen05_alloc=1;ptx_tcgen05_dealloc=1;ptx_tcgen05_ld=5;ptx_tcgen05_st=5;ptx_mbarrier_wait=5;ptx_cp_async_tma=2;ptx_ld_shared=26;ptx_ld_global=7
04_smem_layout_address,layout_bf16_m128n128k16_sw32_off128,1,,NVIDIA Thor,11.0,580.00,13.0,PTX ISA 9.3 / CUDA 13.0,1575.000,,,,bf16,128,128,16,32,128,24,1,discard,same,4,4,32,1,nocount,sw32,sw32,16,16,16,128,512,0,128,none,0,none,0,4,20,3387620.0,2150.8698412698413,,,,,8192,,19.968513266541112,,,0,0.0,1,bf14b28d2af4128daa99f23eec8a5e105636d0b04136f8be580fdc39d6f1f97d,
04_smem_layout_address,layout_bf16_m128n128k16_sw32_off128,1,,NVIDIA Thor,11.0,580.00,13.0,PTX ISA 9.3 / CUDA 13.0,1575.000,,,,bf16,128,128,16,32,128,24,2,discard,same,4,4,32,1,nocount,sw32,sw32,16,16,16,128,512,0,128,none,0,none,0,4,20,3387628.0,2150.8749206349207,,,,,8192,,19.968466110210446,,,0,0.0,1,bf14b28d2af4128daa99f23eec8a5e105636d0b04136f8be580fdc39d6f1f97d,
04_smem_layout_address,layout_bf16_m128n128k16_sw32_off128,1,,NVIDIA Thor,11.0,580.00,13.0,PTX ISA 9.3 / CUDA 13.0,1575.000,,,,bf16,128,128,16,32,128,24,3,discard,same,4,4,32,1,nocount,sw32,sw32,16,16,16,128,512,0,128,none,0,none,0,4,20,3387615.0,2150.866666666667,,,,,8192,,19.968542739360878,,,0,0.0,1,bf14b28d2af4128daa99f23eec8a5e105636d0b04136f8be580fdc39d6f1f97d,
04_smem_layout_address,layout_bf16_m128n128k16_sw32_off128,1,,NVIDIA Thor,11.0,580.00,13.0,PTX ISA 9.3 / CUDA 13.0,1575.000,,,,bf16,128,128,16,32,128,24,4,discard,same,4,4,32,1,nocount,sw32,sw32,16,16,16,128,512,0,128,none,0,none,0,4,20,3387675.0,2150.904761904762,,,,,8192,,19.96818907126569,,,0,0.0,1,bf14b28d2af4128daa99f23eec8a5e105636d0b04136f8be580fdc39d6f1f97d,
04_smem_layout_address,layout_bf16_m128n256k16_none_off256,0,max_abs_error>0.25,NVIDIA Thor,11.0,580.00,13.0,PTX ISA 9.3 / CUDA 13.0,1575.000,,,,bf16,128,256,16,32,128,25,0,discard,same,2,2,32,1,nocount,none,none,16,16,16,256,512,0,256,none,0,none,0,4,20,3678178.0,2335.351111111111,,,,,12288,,36.78219755107013,,,0,0.83203125,1,bf14b28d2af4128daa99f23eec8a5e105636d0b04136f8be580fdc39d6f1f97d,; UTCHMMA=21;UTCHMMA_WS=16;UTCBAR=1;UTCATOMSWS=3;SYNCS_TRYWAIT=8;LDS=21;LDG=9;ptx_tcgen05_mma=21;ptx_tcgen05_mma_ws=16;ptx_tcgen05_commit=1;ptx_tcgen05_alloc=1;ptx_tcgen05_dealloc=1;ptx_tcgen05_ld=5;ptx_tcgen05_st=5;ptx_mbarrier_wait=5;ptx_cp_async_tma=2;ptx_ld_shared=26;ptx_ld_global=7
04_smem_layout_address,layout_bf16_m128n256k16_none_off256,0,max_abs_error>0.25,NVIDIA Thor,11.0,580.00,13.0,PTX ISA 9.3 / CUDA 13.0,1575.000,,,,bf16,128,256,16,32,128,25,1,discard,same,2,2,32,1,nocount,none,none,16,16,16,256,512,0,256,none,0,none,0,4,20,3678180.0,2335.352380952381,,,,,12288,,36.78217755085395,,,0,0.83203125,1,bf14b28d2af4128daa99f23eec8a5e105636d0b04136f8be580fdc39d6f1f97d,
04_smem_layout_address,layout_bf16_m128n256k16_none_off256,0,max_abs_error>0.25,NVIDIA Thor,11.0,580.00,13.0,PTX ISA 9.3 / CUDA 13.0,1575.000,,,,bf16,128,256,16,32,128,25,2,discard,same,2,2,32,1,nocount,none,none,16,16,16,256,512,0,256,none,0,none,0,4,20,3678179.0,2335.351746031746,,,,,12288,,36.78218755095932,,,0,0.83203125,1,bf14b28d2af4128daa99f23eec8a5e105636d0b04136f8be580fdc39d6f1f97d,
04_smem_layout_address,layout_bf16_m128n256k16_none_off256,0,max_abs_error>0.25,NVIDIA Thor,11.0,580.00,13.0,PTX ISA 9.3 / CUDA 13.0,1575.000,,,,bf16,128,256,16,32,128,25,3,discard,same,2,2,32,1,nocount,none,none,16,16,16,256,512,0,256,none,0,none,0,4,20,3678181.0,2335.3530158730155,,,,,12288,,36.78216755075403,,,0,0.83203125,1,bf14b28d2af4128daa99f23eec8a5e105636d0b04136f8be580fdc39d6f1f97d,
04_smem_layout_address,layout_bf16_m128n256k16_none_off256,0,max_abs_error>0.25,NVIDIA Thor,11.0,580.00,13.0,PTX ISA 9.3 / CUDA 13.0,1575.000,,,,bf16,128,256,16,32,128,25,4,discard,same,2,2,32,1,nocount,none,none,16,16,16,256,512,0,256,none,0,none,0,4,20,3678180.0,2335.352380952381,,,,,12288,,36.78217755085395,,,0,0.83203125,1,bf14b28d2af4128daa99f23eec8a5e105636d0b04136f8be580fdc39d6f1f97d,
04_smem_layout_address,layout_bf16_m128n256k16_sw128_off128,1,,NVIDIA Thor,11.0,580.00,13.0,PTX ISA 9.3 / CUDA 13.0,1575.000,,,,bf16,128,256,16,32,128,26,0,discard,same,2,2,32,1,nocount,sw128,sw128,16,16,16,128,512,0,256,none,0,none,0,4,20,3678179.0,2335.351746031746,,,,,12288,,36.78218755095932,,,0,0.0,1,bf14b28d2af4128daa99f23eec8a5e105636d0b04136f8be580fdc39d6f1f97d,; UTCHMMA=21;UTCHMMA_WS=16;UTCBAR=1;UTCATOMSWS=3;SYNCS_TRYWAIT=8;LDS=21;LDG=9;ptx_tcgen05_mma=21;ptx_tcgen05_mma_ws=16;ptx_tcgen05_commit=1;ptx_tcgen05_alloc=1;ptx_tcgen05_dealloc=1;ptx_tcgen05_ld=5;ptx_tcgen05_st=5;ptx_mbarrier_wait=5;ptx_cp_async_tma=2;ptx_ld_shared=26;ptx_ld_global=7
04_smem_layout_address,layout_bf16_m128n256k16_sw128_off128,1,,NVIDIA Thor,11.0,580.00,13.0,PTX ISA 9.3 / CUDA 13.0,1575.000,,,,bf16,128,256,16,32,128,26,1,discard,same,2,2,32,1,nocount,sw128,sw128,16,16,16,128,512,0,256,none,0,none,0,4,20,3678180.0,2335.352380952381,,,,,12288,,36.78217755085395,,,0,0.0,1,bf14b28d2af4128daa99f23eec8a5e105636d0b04136f8be580fdc39d6f1f97d,
04_smem_layout_address,layout_bf16_m128n256k16_sw128_off128,1,,NVIDIA Thor,11.0,580.00,13.0,PTX ISA 9.3 / CUDA 13.0,1575.000,,,,bf16,128,256,16,32,128,26,2,discard,same,2,2,32,1,nocount,sw128,sw128,16,16,16,128,512,0,256,none,0,none,0,4,20,3678177.0,2335.3504761904765,,,,,12288,,36.78220755118636,,,0,0.0,1,bf14b28d2af4128daa99f23eec8a5e105636d0b04136f8be580fdc39d6f1f97d,
04_smem_layout_address,layout_bf16_m128n256k16_sw128_off128,1,,NVIDIA Thor,11.0,580.00,13.0,PTX ISA 9.3 / CUDA 13.0,1575.000,,,,bf16,128,256,16,32,128,26,3,discard,same,2,2,32,1,nocount,sw128,sw128,16,16,16,128,512,0,256,none,0,none,0,4,20,3678185.0,2335.3555555555554,,,,,12288,,36.782127550408696,,,0,0.0,1,bf14b28d2af4128daa99f23eec8a5e105636d0b04136f8be580fdc39d6f1f97d,
04_smem_layout_address,layout_bf16_m128n256k16_sw128_off128,1,,NVIDIA Thor,11.0,580.00,13.0,PTX ISA 9.3 / CUDA 13.0,1575.000,,,,bf16,128,256,16,32,128,26,4,discard,same,2,2,32,1,nocount,sw128,sw128,16,16,16,128,512,0,256,none,0,none,0,4,20,3678185.0,2335.3555555555554,,,,,12288,,36.782127550408696,,,0,0.0,1,bf14b28d2af4128daa99f23eec8a5e105636d0b04136f8be580fdc39d6f1f97d,
04_smem_layout_address,layout_fp16_m128n64k16_none_off256,0,max_abs_error>0.05,NVIDIA Thor,11.0,580.00,13.0,PTX ISA 9.3 / CUDA 13.0,1575.000,,,,fp16,128,64,16,32,128,27,0,discard,same,8,8,32,1,nocount,none,none,16,16,16,256,512,0,64,none,0,none,0,4,20,3678579.0,2335.6057142857144,,,,,6144,,9.19454698567028,,,0,0.83203125,1,bf14b28d2af4128daa99f23eec8a5e105636d0b04136f8be580fdc39d6f1f97d,; UTCHMMA=21;UTCHMMA_WS=16;UTCBAR=1;UTCATOMSWS=3;SYNCS_TRYWAIT=8;LDS=21;LDG=9;ptx_tcgen05_mma=21;ptx_tcgen05_mma_ws=16;ptx_tcgen05_commit=1;ptx_tcgen05_alloc=1;ptx_tcgen05_dealloc=1;ptx_tcgen05_ld=5;ptx_tcgen05_st=5;ptx_mbarrier_wait=5;ptx_cp_async_tma=2;ptx_ld_shared=26;ptx_ld_global=7
04_smem_layout_address,layout_fp16_m128n64k16_none_off256,0,max_abs_error>0.05,NVIDIA Thor,11.0,580.00,13.0,PTX ISA 9.3 / CUDA 13.0,1575.000,,,,fp16,128,64,16,32,128,27,1,discard,same,8,8,32,1,nocount,none,none,16,16,16,256,512,0,64,none,0,none,0,4,20,3678580.0,2335.606349206349,,,,,6144,,9.194544486187606,,,0,0.83203125,1,bf14b28d2af4128daa99f23eec8a5e105636d0b04136f8be580fdc39d6f1f97d,
04_smem_layout_address,layout_fp16_m128n64k16_none_off256,0,max_abs_error>0.05,NVIDIA Thor,11.0,580.00,13.0,PTX ISA 9.3 / CUDA 13.0,1575.000,,,,fp16,128,64,16,32,128,27,2,discard,same,8,8,32,1,nocount,none,none,16,16,16,256,512,0,64,none,0,none,0,4,20,3678581.0,2335.606984126984,,,,,6144,,9.194541986706287,,,0,0.83203125,1,bf14b28d2af4128daa99f23eec8a5e105636d0b04136f8be580fdc39d6f1f97d,
04_smem_layout_address,layout_fp16_m128n64k16_none_off256,0,max_abs_error>0.05,NVIDIA Thor,11.0,580.00,13.0,PTX ISA 9.3 / CUDA 13.0,1575.000,,,,fp16,128,64,16,32,128,27,3,discard,same,8,8,32,1,nocount,none,none,16,16,16,256,512,0,64,none,0,none,0,4,20,3678584.0,2335.608888888889,,,,,6144,,9.194534488270486,,,0,0.83203125,1,bf14b28d2af4128daa99f23eec8a5e105636d0b04136f8be580fdc39d6f1f97d,
04_smem_layout_address,layout_fp16_m128n64k16_none_off256,0,max_abs_error>0.05,NVIDIA Thor,11.0,580.00,13.0,PTX ISA 9.3 / CUDA 13.0,1575.000,,,,fp16,128,64,16,32,128,27,4,discard,same,8,8,32,1,nocount,none,none,16,16,16,256,512,0,64,none,0,none,0,4,20,3678576.0,2335.6038095238096,,,,,6144,,9.194554484126467,,,0,0.83203125,1,bf14b28d2af4128daa99f23eec8a5e105636d0b04136f8be580fdc39d6f1f97d,
04_smem_layout_address,layout_fp16_m128n128k16_sw32_off128,1,,NVIDIA Thor,11.0,580.00,13.0,PTX ISA 9.3 / CUDA 13.0,1575.000,,,,fp16,128,128,16,32,128,28,0,discard,same,4,4,32,1,nocount,sw32,sw32,16,16,16,128,512,0,128,none,0,none,0,4,20,3387627.0,2150.8742857142856,,,,,8192,,19.968472004739603,,,0,0.0,1,bf14b28d2af4128daa99f23eec8a5e105636d0b04136f8be580fdc39d6f1f97d,; UTCHMMA=21;UTCHMMA_WS=16;UTCBAR=1;UTCATOMSWS=3;SYNCS_TRYWAIT=8;LDS=21;LDG=9;ptx_tcgen05_mma=21;ptx_tcgen05_mma_ws=16;ptx_tcgen05_commit=1;ptx_tcgen05_alloc=1;ptx_tcgen05_dealloc=1;ptx_tcgen05_ld=5;ptx_tcgen05_st=5;ptx_mbarrier_wait=5;ptx_cp_async_tma=2;ptx_ld_shared=26;ptx_ld_global=7
04_smem_layout_address,layout_fp16_m128n128k16_sw32_off128,1,,NVIDIA Thor,11.0,580.00,13.0,PTX ISA 9.3 / CUDA 13.0,1575.000,,,,fp16,128,128,16,32,128,28,1,discard,same,4,4,32,1,nocount,sw32,sw32,16,16,16,128,512,0,128,none,0,none,0,4,20,3387632.0,2150.87746031746,,,,,8192,,19.968442532128638,,,0,0.0,1,bf14b28d2af4128daa99f23eec8a5e105636d0b04136f8be580fdc39d6f1f97d,
04_smem_layout_address,layout_fp16_m128n128k16_sw32_off128,1,,NVIDIA Thor,11.0,580.00,13.0,PTX ISA 9.3 / CUDA 13.0,1575.000,,,,fp16,128,128,16,32,128,28,2,discard,same,4,4,32,1,nocount,sw32,sw32,16,16,16,128,512,0,128,none,0,none,0,4,20,3387678.0,2150.9066666666663,,,,,8192,,19.968171388189788,,,0,0.0,1,bf14b28d2af4128daa99f23eec8a5e105636d0b04136f8be580fdc39d6f1f97d,
04_smem_layout_address,layout_fp16_m128n128k16_sw32_off128,1,,NVIDIA Thor,11.0,580.00,13.0,PTX ISA 9.3 / CUDA 13.0,1575.000,,,,fp16,128,128,16,32,128,28,3,discard,same,4,4,32,1,nocount,sw32,sw32,16,16,16,128,512,0,128,none,0,none,0,4,20,3387623.0,2150.8717460317457,,,,,8192,,19.968495582891016,,,0,0.0,1,bf14b28d2af4128daa99f23eec8a5e105636d0b04136f8be580fdc39d6f1f97d,
04_smem_layout_address,layout_fp16_m128n128k16_sw32_off128,1,,NVIDIA Thor,11.0,580.00,13.0,PTX ISA 9.3 / CUDA 13.0,1575.000,,,,fp16,128,128,16,32,128,28,4,discard,same,4,4,32,1,nocount,sw32,sw32,16,16,16,128,512,0,128,none,0,none,0,4,20,3387617.0,2150.8679365079365,,,,,8192,,19.968530950222533,,,0,0.0,1,bf14b28d2af4128daa99f23eec8a5e105636d0b04136f8be580fdc39d6f1f97d,
04_smem_layout_address,layout_fp16_m128n128k16_sw128_off64,0,misaligned address,,,580.00,13.0,PTX ISA 9.3 / CUDA 13.0,1575.000,,,,fp16,128,128,16,32,128,29,0,discard,same,4,4,32,1,nocount,sw128,sw128,16,16,16,64,512,0,128,none,0,none,0,4,,nan,nan,,,,,8192,,,,,,nan,0,bf14b28d2af4128daa99f23eec8a5e105636d0b04136f8be580fdc39d6f1f97d,; UTCHMMA=21;UTCHMMA_WS=16;UTCBAR=1;UTCATOMSWS=3;SYNCS_TRYWAIT=8;LDS=21;LDG=9;ptx_tcgen05_mma=21;ptx_tcgen05_mma_ws=16;ptx_tcgen05_commit=1;ptx_tcgen05_alloc=1;ptx_tcgen05_dealloc=1;ptx_tcgen05_ld=5;ptx_tcgen05_st=5;ptx_mbarrier_wait=5;ptx_cp_async_tma=2;ptx_ld_shared=26;ptx_ld_global=7
04_smem_layout_address,layout_fp16_m128n128k16_sw128_off64,0,misaligned address,,,580.00,13.0,PTX ISA 9.3 / CUDA 13.0,1575.000,,,,fp16,128,128,16,32,128,29,1,discard,same,4,4,32,1,nocount,sw128,sw128,16,16,16,64,512,0,128,none,0,none,0,4,,nan,nan,,,,,8192,,,,,,nan,0,bf14b28d2af4128daa99f23eec8a5e105636d0b04136f8be580fdc39d6f1f97d,
04_smem_layout_address,layout_fp16_m128n128k16_sw128_off64,0,misaligned address,,,580.00,13.0,PTX ISA 9.3 / CUDA 13.0,1575.000,,,,fp16,128,128,16,32,128,29,2,discard,same,4,4,32,1,nocount,sw128,sw128,16,16,16,64,512,0,128,none,0,none,0,4,,nan,nan,,,,,8192,,,,,,nan,0,bf14b28d2af4128daa99f23eec8a5e105636d0b04136f8be580fdc39d6f1f97d,
04_smem_layout_address,layout_fp16_m128n128k16_sw128_off64,0,misaligned address,,,580.00,13.0,PTX ISA 9.3 / CUDA 13.0,1575.000,,,,fp16,128,128,16,32,128,29,3,discard,same,4,4,32,1,nocount,sw128,sw128,16,16,16,64,512,0,128,none,0,none,0,4,,nan,nan,,,,,8192,,,,,,nan,0,bf14b28d2af4128daa99f23eec8a5e105636d0b04136f8be580fdc39d6f1f97d,
04_smem_layout_address,layout_fp16_m128n128k16_sw128_off64,0,misaligned address,,,580.00,13.0,PTX ISA 9.3 / CUDA 13.0,1575.000,,,,fp16,128,128,16,32,128,29,4,discard,same,4,4,32,1,nocount,sw128,sw128,16,16,16,64,512,0,128,none,0,none,0,4,,nan,nan,,,,,8192,,,,,,nan,0,bf14b28d2af4128daa99f23eec8a5e105636d0b04136f8be580fdc39d6f1f97d,
04_smem_layout_address,layout_bf16_m128n64k16_sw32_off64,0,misaligned address,,,580.00,13.0,PTX ISA 9.3 / CUDA 13.0,1575.000,,,,bf16,128,64,16,32,128,30,0,discard,same,8,8,32,1,nocount,sw32,sw32,16,16,16,64,512,0,64,none,0,none,0,4,,nan,nan,,,,,6144,,,,,,nan,0,bf14b28d2af4128daa99f23eec8a5e105636d0b04136f8be580fdc39d6f1f97d,; UTCHMMA=21;UTCHMMA_WS=16;UTCBAR=1;UTCATOMSWS=3;SYNCS_TRYWAIT=8;LDS=21;LDG=9;ptx_tcgen05_mma=21;ptx_tcgen05_mma_ws=16;ptx_tcgen05_commit=1;ptx_tcgen05_alloc=1;ptx_tcgen05_dealloc=1;ptx_tcgen05_ld=5;ptx_tcgen05_st=5;ptx_mbarrier_wait=5;ptx_cp_async_tma=2;ptx_ld_shared=26;ptx_ld_global=7
04_smem_layout_address,layout_bf16_m128n64k16_sw32_off64,0,misaligned address,,,580.00,13.0,PTX ISA 9.3 / CUDA 13.0,1575.000,,,,bf16,128,64,16,32,128,30,1,discard,same,8,8,32,1,nocount,sw32,sw32,16,16,16,64,512,0,64,none,0,none,0,4,,nan,nan,,,,,6144,,,,,,nan,0,bf14b28d2af4128daa99f23eec8a5e105636d0b04136f8be580fdc39d6f1f97d,
04_smem_layout_address,layout_bf16_m128n64k16_sw32_off64,0,misaligned address,,,580.00,13.0,PTX ISA 9.3 / CUDA 13.0,1575.000,,,,bf16,128,64,16,32,128,30,2,discard,same,8,8,32,1,nocount,sw32,sw32,16,16,16,64,512,0,64,none,0,none,0,4,,nan,nan,,,,,6144,,,,,,nan,0,bf14b28d2af4128daa99f23eec8a5e105636d0b04136f8be580fdc39d6f1f97d,
04_smem_layout_address,layout_bf16_m128n64k16_sw32_off64,0,misaligned address,,,580.00,13.0,PTX ISA 9.3 / CUDA 13.0,1575.000,,,,bf16,128,64,16,32,128,30,3,discard,same,8,8,32,1,nocount,sw32,sw32,16,16,16,64,512,0,64,none,0,none,0,4,,nan,nan,,,,,6144,,,,,,nan,0,bf14b28d2af4128daa99f23eec8a5e105636d0b04136f8be580fdc39d6f1f97d,
04_smem_layout_address,layout_bf16_m128n64k16_sw32_off64,0,misaligned address,,,580.00,13.0,PTX ISA 9.3 / CUDA 13.0,1575.000,,,,bf16,128,64,16,32,128,30,4,discard,same,8,8,32,1,nocount,sw32,sw32,16,16,16,64,512,0,64,none,0,none,0,4,,nan,nan,,,,,6144,,,,,,nan,0,bf14b28d2af4128daa99f23eec8a5e105636d0b04136f8be580fdc39d6f1f97d,
04_smem_layout_address,layout_fp16_m128n64k16_sw64_off64,0,misaligned address,,,580.00,13.0,PTX ISA 9.3 / CUDA 13.0,1575.000,,,,fp16,128,64,16,32,128,31,0,discard,same,8,8,32,1,nocount,sw64,sw64,16,16,16,64,512,0,64,none,0,none,0,4,,nan,nan,,,,,6144,,,,,,nan,0,bf14b28d2af4128daa99f23eec8a5e105636d0b04136f8be580fdc39d6f1f97d,; UTCHMMA=21;UTCHMMA_WS=16;UTCBAR=1;UTCATOMSWS=3;SYNCS_TRYWAIT=8;LDS=21;LDG=9;ptx_tcgen05_mma=21;ptx_tcgen05_mma_ws=16;ptx_tcgen05_commit=1;ptx_tcgen05_alloc=1;ptx_tcgen05_dealloc=1;ptx_tcgen05_ld=5;ptx_tcgen05_st=5;ptx_mbarrier_wait=5;ptx_cp_async_tma=2;ptx_ld_shared=26;ptx_ld_global=7
04_smem_layout_address,layout_fp16_m128n64k16_sw64_off64,0,misaligned address,,,580.00,13.0,PTX ISA 9.3 / CUDA 13.0,1575.000,,,,fp16,128,64,16,32,128,31,1,discard,same,8,8,32,1,nocount,sw64,sw64,16,16,16,64,512,0,64,none,0,none,0,4,,nan,nan,,,,,6144,,,,,,nan,0,bf14b28d2af4128daa99f23eec8a5e105636d0b04136f8be580fdc39d6f1f97d,
04_smem_layout_address,layout_fp16_m128n64k16_sw64_off64,0,misaligned address,,,580.00,13.0,PTX ISA 9.3 / CUDA 13.0,1575.000,,,,fp16,128,64,16,32,128,31,2,discard,same,8,8,32,1,nocount,sw64,sw64,16,16,16,64,512,0,64,none,0,none,0,4,,nan,nan,,,,,6144,,,,,,nan,0,bf14b28d2af4128daa99f23eec8a5e105636d0b04136f8be580fdc39d6f1f97d,
04_smem_layout_address,layout_fp16_m128n64k16_sw64_off64,0,misaligned address,,,580.00,13.0,PTX ISA 9.3 / CUDA 13.0,1575.000,,,,fp16,128,64,16,32,128,31,3,discard,same,8,8,32,1,nocount,sw64,sw64,16,16,16,64,512,0,64,none,0,none,0,4,,nan,nan,,,,,6144,,,,,,nan,0,bf14b28d2af4128daa99f23eec8a5e105636d0b04136f8be580fdc39d6f1f97d,
04_smem_layout_address,layout_fp16_m128n64k16_sw64_off64,0,misaligned address,,,580.00,13.0,PTX ISA 9.3 / CUDA 13.0,1575.000,,,,fp16,128,64,16,32,128,31,4,discard,same,8,8,32,1,nocount,sw64,sw64,16,16,16,64,512,0,64,none,0,none,0,4,,nan,nan,,,,,6144,,,,,,nan,0,bf14b28d2af4128daa99f23eec8a5e105636d0b04136f8be580fdc39d6f1f97d,
04_smem_layout_address,layout_fp16_m128n256k16_none_off32,0,misaligned address,,,580.00,13.0,PTX ISA 9.3 / CUDA 13.0,1575.000,,,,fp16,128,256,16,32,128,32,0,discard,same,2,2,32,1,nocount,none,none,16,16,16,32,512,0,256,none,0,none,0,4,,nan,nan,,,,,12288,,,,,,nan,0,bf14b28d2af4128daa99f23eec8a5e105636d0b04136f8be580fdc39d6f1f97d,; UTCHMMA=21;UTCHMMA_WS=16;UTCBAR=1;UTCATOMSWS=3;SYNCS_TRYWAIT=8;LDS=21;LDG=9;ptx_tcgen05_mma=21;ptx_tcgen05_mma_ws=16;ptx_tcgen05_commit=1;ptx_tcgen05_alloc=1;ptx_tcgen05_dealloc=1;ptx_tcgen05_ld=5;ptx_tcgen05_st=5;ptx_mbarrier_wait=5;ptx_cp_async_tma=2;ptx_ld_shared=26;ptx_ld_global=7
04_smem_layout_address,layout_fp16_m128n256k16_none_off32,0,misaligned address,,,580.00,13.0,PTX ISA 9.3 / CUDA 13.0,1575.000,,,,fp16,128,256,16,32,128,32,1,discard,same,2,2,32,1,nocount,none,none,16,16,16,32,512,0,256,none,0,none,0,4,,nan,nan,,,,,12288,,,,,,nan,0,bf14b28d2af4128daa99f23eec8a5e105636d0b04136f8be580fdc39d6f1f97d,
04_smem_layout_address,layout_fp16_m128n256k16_none_off32,0,misaligned address,,,580.00,13.0,PTX ISA 9.3 / CUDA 13.0,1575.000,,,,fp16,128,256,16,32,128,32,2,discard,same,2,2,32,1,nocount,none,none,16,16,16,32,512,0,256,none,0,none,0,4,,nan,nan,,,,,12288,,,,,,nan,0,bf14b28d2af4128daa99f23eec8a5e105636d0b04136f8be580fdc39d6f1f97d,
04_smem_layout_address,layout_fp16_m128n256k16_none_off32,0,misaligned address,,,580.00,13.0,PTX ISA 9.3 / CUDA 13.0,1575.000,,,,fp16,128,256,16,32,128,32,3,discard,same,2,2,32,1,nocount,none,none,16,16,16,32,512,0,256,none,0,none,0,4,,nan,nan,,,,,12288,,,,,,nan,0,bf14b28d2af4128daa99f23eec8a5e105636d0b04136f8be580fdc39d6f1f97d,
04_smem_layout_address,layout_fp16_m128n256k16_none_off32,0,misaligned address,,,580.00,13.0,PTX ISA 9.3 / CUDA 13.0,1575.000,,,,fp16,128,256,16,32,128,32,4,discard,same,2,2,32,1,nocount,none,none,16,16,16,32,512,0,256,none,0,none,0,4,,nan,nan,,,,,12288,,,,,,nan,0,bf14b28d2af4128daa99f23eec8a5e105636d0b04136f8be580fdc39d6f1f97d,
04_smem_layout_address,layout_bf16_m128n128k16_sw32_off0,1,,NVIDIA Thor,11.0,580.00,13.0,PTX ISA 9.3 / CUDA 13.0,1575.000,,,,bf16,128,128,16,32,128,33,0,discard,same,4,4,32,1,nocount,sw32,sw32,16,16,16,0,512,0,128,none,0,none,0,4,20,3387626.0,2150.873650793651,,,,,8192,,19.96847789927223,,,0,0.0,1,bf14b28d2af4128daa99f23eec8a5e105636d0b04136f8be580fdc39d6f1f97d,; UTCHMMA=21;UTCHMMA_WS=16;UTCBAR=1;UTCATOMSWS=3;SYNCS_TRYWAIT=8;LDS=21;LDG=9;ptx_tcgen05_mma=21;ptx_tcgen05_mma_ws=16;ptx_tcgen05_commit=1;ptx_tcgen05_alloc=1;ptx_tcgen05_dealloc=1;ptx_tcgen05_ld=5;ptx_tcgen05_st=5;ptx_mbarrier_wait=5;ptx_cp_async_tma=2;ptx_ld_shared=26;ptx_ld_global=7
04_smem_layout_address,layout_bf16_m128n128k16_sw32_off0,1,,NVIDIA Thor,11.0,580.00,13.0,PTX ISA 9.3 / CUDA 13.0,1575.000,,,,bf16,128,128,16,32,128,33,1,discard,same,4,4,32,1,nocount,sw32,sw32,16,16,16,0,512,0,128,none,0,none,0,4,20,3387617.0,2150.8679365079365,,,,,8192,,19.968530950222533,,,0,0.0,1,bf14b28d2af4128daa99f23eec8a5e105636d0b04136f8be580fdc39d6f1f97d,
04_smem_layout_address,layout_bf16_m128n128k16_sw32_off0,1,,NVIDIA Thor,11.0,580.00,13.0,PTX ISA 9.3 / CUDA 13.0,1575.000,,,,bf16,128,128,16,32,128,33,2,discard,same,4,4,32,1,nocount,sw32,sw32,16,16,16,0,512,0,128,none,0,none,0,4,20,3387678.0,2150.9066666666663,,,,,8192,,19.968171388189788,,,0,0.0,1,bf14b28d2af4128daa99f23eec8a5e105636d0b04136f8be580fdc39d6f1f97d,
04_smem_layout_address,layout_bf16_m128n128k16_sw32_off0,1,,NVIDIA Thor,11.0,580.00,13.0,PTX ISA 9.3 / CUDA 13.0,1575.000,,,,bf16,128,128,16,32,128,33,3,discard,same,4,4,32,1,nocount,sw32,sw32,16,16,16,0,512,0,128,none,0,none,0,4,20,3387622.0,2150.871111111111,,,,,8192,,19.968501477437567,,,0,0.0,1,bf14b28d2af4128daa99f23eec8a5e105636d0b04136f8be580fdc39d6f1f97d,
04_smem_layout_address,layout_bf16_m128n128k16_sw32_off0,1,,NVIDIA Thor,11.0,580.00,13.0,PTX ISA 9.3 / CUDA 13.0,1575.000,,,,bf16,128,128,16,32,128,33,4,discard,same,4,4,32,1,nocount,sw32,sw32,16,16,16,0,512,0,128,none,0,none,0,4,20,3387618.0,2150.868571428571,,,,,8192,,19.968525055658578,,,0,0.0,1,bf14b28d2af4128daa99f23eec8a5e105636d0b04136f8be580fdc39d6f1f97d,
04_smem_layout_address,layout_bf16_m128n128k16_sw128_off16,0,misaligned address,,,580.00,13.0,PTX ISA 9.3 / CUDA 13.0,1575.000,,,,bf16,128,128,16,32,128,34,0,discard,same,4,4,32,1,nocount,sw128,sw128,16,16,16,16,512,0,128,none,0,none,0,4,,nan,nan,,,,,8192,,,,,,nan,0,bf14b28d2af4128daa99f23eec8a5e105636d0b04136f8be580fdc39d6f1f97d,; UTCHMMA=21;UTCHMMA_WS=16;UTCBAR=1;UTCATOMSWS=3;SYNCS_TRYWAIT=8;LDS=21;LDG=9;ptx_tcgen05_mma=21;ptx_tcgen05_mma_ws=16;ptx_tcgen05_commit=1;ptx_tcgen05_alloc=1;ptx_tcgen05_dealloc=1;ptx_tcgen05_ld=5;ptx_tcgen05_st=5;ptx_mbarrier_wait=5;ptx_cp_async_tma=2;ptx_ld_shared=26;ptx_ld_global=7
04_smem_layout_address,layout_bf16_m128n128k16_sw128_off16,0,misaligned address,,,580.00,13.0,PTX ISA 9.3 / CUDA 13.0,1575.000,,,,bf16,128,128,16,32,128,34,1,discard,same,4,4,32,1,nocount,sw128,sw128,16,16,16,16,512,0,128,none,0,none,0,4,,nan,nan,,,,,8192,,,,,,nan,0,bf14b28d2af4128daa99f23eec8a5e105636d0b04136f8be580fdc39d6f1f97d,
04_smem_layout_address,layout_bf16_m128n128k16_sw128_off16,0,misaligned address,,,580.00,13.0,PTX ISA 9.3 / CUDA 13.0,1575.000,,,,bf16,128,128,16,32,128,34,2,discard,same,4,4,32,1,nocount,sw128,sw128,16,16,16,16,512,0,128,none,0,none,0,4,,nan,nan,,,,,8192,,,,,,nan,0,bf14b28d2af4128daa99f23eec8a5e105636d0b04136f8be580fdc39d6f1f97d,
04_smem_layout_address,layout_bf16_m128n128k16_sw128_off16,0,misaligned address,,,580.00,13.0,PTX ISA 9.3 / CUDA 13.0,1575.000,,,,bf16,128,128,16,32,128,34,3,discard,same,4,4,32,1,nocount,sw128,sw128,16,16,16,16,512,0,128,none,0,none,0,4,,nan,nan,,,,,8192,,,,,,nan,0,bf14b28d2af4128daa99f23eec8a5e105636d0b04136f8be580fdc39d6f1f97d,
04_smem_layout_address,layout_bf16_m128n128k16_sw128_off16,0,misaligned address,,,580.00,13.0,PTX ISA 9.3 / CUDA 13.0,1575.000,,,,bf16,128,128,16,32,128,34,4,discard,same,4,4,32,1,nocount,sw128,sw128,16,16,16,16,512,0,128,none,0,none,0,4,,nan,nan,,,,,8192,,,,,,nan,0,bf14b28d2af4128daa99f23eec8a5e105636d0b04136f8be580fdc39d6f1f97d,
04_smem_layout_address,layout_bf16_m128n64k16_sw128_off0,1,,NVIDIA Thor,11.0,580.00,13.0,PTX ISA 9.3 / CUDA 13.0,1575.000,,,,bf16,128,64,16,32,128,35,0,discard,same,8,8,32,1,nocount,sw128,sw128,16,16,16,0,512,0,64,none,0,none,0,4,20,3678584.0,2335.608888888889,,,,,6144,,9.194534488270486,,,0,0.0,1,bf14b28d2af4128daa99f23eec8a5e105636d0b04136f8be580fdc39d6f1f97d,; UTCHMMA=21;UTCHMMA_WS=16;UTCBAR=1;UTCATOMSWS=3;SYNCS_TRYWAIT=8;LDS=21;LDG=9;ptx_tcgen05_mma=21;ptx_tcgen05_mma_ws=16;ptx_tcgen05_commit=1;ptx_tcgen05_alloc=1;ptx_tcgen05_dealloc=1;ptx_tcgen05_ld=5;ptx_tcgen05_st=5;ptx_mbarrier_wait=5;ptx_cp_async_tma=2;ptx_ld_shared=26;ptx_ld_global=7
04_smem_layout_address,layout_bf16_m128n64k16_sw128_off0,1,,NVIDIA Thor,11.0,580.00,13.0,PTX ISA 9.3 / CUDA 13.0,1575.000,,,,bf16,128,64,16,32,128,35,1,discard,same,8,8,32,1,nocount,sw128,sw128,16,16,16,0,512,0,64,none,0,none,0,4,20,3678574.0,2335.6025396825394,,,,,6144,,9.194559483104051,,,0,0.0,1,bf14b28d2af4128daa99f23eec8a5e105636d0b04136f8be580fdc39d6f1f97d,
04_smem_layout_address,layout_bf16_m128n64k16_sw128_off0,1,,NVIDIA Thor,11.0,580.00,13.0,PTX ISA 9.3 / CUDA 13.0,1575.000,,,,bf16,128,64,16,32,128,35,2,discard,same,8,8,32,1,nocount,sw128,sw128,16,16,16,0,512,0,64,none,0,none,0,4,20,3678580.0,2335.606349206349,,,,,6144,,9.194544486187606,,,0,0.0,1,bf14b28d2af4128daa99f23eec8a5e105636d0b04136f8be580fdc39d6f1f97d,
04_smem_layout_address,layout_bf16_m128n64k16_sw128_off0,1,,NVIDIA Thor,11.0,580.00,13.0,PTX ISA 9.3 / CUDA 13.0,1575.000,,,,bf16,128,64,16,32,128,35,3,discard,same,8,8,32,1,nocount,sw128,sw128,16,16,16,0,512,0,64,none,0,none,0,4,20,3678578.0,2335.6050793650793,,,,,6144,,9.194549485154319,,,0,0.0,1,bf14b28d2af4128daa99f23eec8a5e105636d0b04136f8be580fdc39d6f1f97d,
04_smem_layout_address,layout_bf16_m128n64k16_sw128_off0,1,,NVIDIA Thor,11.0,580.00,13.0,PTX ISA 9.3 / CUDA 13.0,1575.000,,,,bf16,128,64,16,32,128,35,4,discard,same,8,8,32,1,nocount,sw128,sw128,16,16,16,0,512,0,64,none,0,none,0,4,20,3678580.0,2335.606349206349,,,,,6144,,9.194544486187606,,,0,0.0,1,bf14b28d2af4128daa99f23eec8a5e105636d0b04136f8be580fdc39d6f1f97d,
04_smem_layout_address,layout_bf16_m128n64k16_sw32_off32,0,misaligned address,,,580.00,13.0,PTX ISA 9.3 / CUDA 13.0,1575.000,,,,bf16,128,64,16,32,128,36,0,discard,same,8,8,32,1,nocount,sw32,sw32,16,16,16,32,512,0,64,none,0,none,0,4,,nan,nan,,,,,6144,,,,,,nan,0,bf14b28d2af4128daa99f23eec8a5e105636d0b04136f8be580fdc39d6f1f97d,; UTCHMMA=21;UTCHMMA_WS=16;UTCBAR=1;UTCATOMSWS=3;SYNCS_TRYWAIT=8;LDS=21;LDG=9;ptx_tcgen05_mma=21;ptx_tcgen05_mma_ws=16;ptx_tcgen05_commit=1;ptx_tcgen05_alloc=1;ptx_tcgen05_dealloc=1;ptx_tcgen05_ld=5;ptx_tcgen05_st=5;ptx_mbarrier_wait=5;ptx_cp_async_tma=2;ptx_ld_shared=26;ptx_ld_global=7
04_smem_layout_address,layout_bf16_m128n64k16_sw32_off32,0,misaligned address,,,580.00,13.0,PTX ISA 9.3 / CUDA 13.0,1575.000,,,,bf16,128,64,16,32,128,36,1,discard,same,8,8,32,1,nocount,sw32,sw32,16,16,16,32,512,0,64,none,0,none,0,4,,nan,nan,,,,,6144,,,,,,nan,0,bf14b28d2af4128daa99f23eec8a5e105636d0b04136f8be580fdc39d6f1f97d,
04_smem_layout_address,layout_bf16_m128n64k16_sw32_off32,0,misaligned address,,,580.00,13.0,PTX ISA 9.3 / CUDA 13.0,1575.000,,,,bf16,128,64,16,32,128,36,2,discard,same,8,8,32,1,nocount,sw32,sw32,16,16,16,32,512,0,64,none,0,none,0,4,,nan,nan,,,,,6144,,,,,,nan,0,bf14b28d2af4128daa99f23eec8a5e105636d0b04136f8be580fdc39d6f1f97d,
04_smem_layout_address,layout_bf16_m128n64k16_sw32_off32,0,misaligned address,,,580.00,13.0,PTX ISA 9.3 / CUDA 13.0,1575.000,,,,bf16,128,64,16,32,128,36,3,discard,same,8,8,32,1,nocount,sw32,sw32,16,16,16,32,512,0,64,none,0,none,0,4,,nan,nan,,,,,6144,,,,,,nan,0,bf14b28d2af4128daa99f23eec8a5e105636d0b04136f8be580fdc39d6f1f97d,
04_smem_layout_address,layout_bf16_m128n64k16_sw32_off32,0,misaligned address,,,580.00,13.0,PTX ISA 9.3 / CUDA 13.0,1575.000,,,,bf16,128,64,16,32,128,36,4,discard,same,8,8,32,1,nocount,sw32,sw32,16,16,16,32,512,0,64,none,0,none,0,4,,nan,nan,,,,,6144,,,,,,nan,0,bf14b28d2af4128daa99f23eec8a5e105636d0b04136f8be580fdc39d6f1f97d,
04_smem_layout_address,layout_fp16_m128n64k16_sw32_off0,1,,NVIDIA Thor,11.0,580.00,13.0,PTX ISA 9.3 / CUDA 13.0,1575.000,,,,fp16,128,64,16,32,128,37,0,discard,same,8,8,32,1,nocount,sw32,sw32,16,16,16,0,512,0,64,none,0,none,0,4,20,3387376.0,2150.7149206349204,,,,,6144,,9.984975820812334,,,0,0.0,1,bf14b28d2af4128daa99f23eec8a5e105636d0b04136f8be580fdc39d6f1f97d,; UTCHMMA=21;UTCHMMA_WS=16;UTCBAR=1;UTCATOMSWS=3;SYNCS_TRYWAIT=8;LDS=21;LDG=9;ptx_tcgen05_mma=21;ptx_tcgen05_mma_ws=16;ptx_tcgen05_commit=1;ptx_tcgen05_alloc=1;ptx_tcgen05_dealloc=1;ptx_tcgen05_ld=5;ptx_tcgen05_st=5;ptx_mbarrier_wait=5;ptx_cp_async_tma=2;ptx_ld_shared=26;ptx_ld_global=7
04_smem_layout_address,layout_fp16_m128n64k16_sw32_off0,1,,NVIDIA Thor,11.0,580.00,13.0,PTX ISA 9.3 / CUDA 13.0,1575.000,,,,fp16,128,64,16,32,128,37,1,discard,same,8,8,32,1,nocount,sw32,sw32,16,16,16,0,512,0,64,none,0,none,0,4,20,3387377.0,2150.7155555555555,,,,,6144,,9.984972873110966,,,0,0.0,1,bf14b28d2af4128daa99f23eec8a5e105636d0b04136f8be580fdc39d6f1f97d,
04_smem_layout_address,layout_fp16_m128n64k16_sw32_off0,1,,NVIDIA Thor,11.0,580.00,13.0,PTX ISA 9.3 / CUDA 13.0,1575.000,,,,fp16,128,64,16,32,128,37,2,discard,same,8,8,32,1,nocount,sw32,sw32,16,16,16,0,512,0,64,none,0,none,0,4,20,3387486.0,2150.7847619047616,,,,,6144,,9.98465158409511,,,0,0.0,1,bf14b28d2af4128daa99f23eec8a5e105636d0b04136f8be580fdc39d6f1f97d,
04_smem_layout_address,layout_fp16_m128n64k16_sw32_off0,1,,NVIDIA Thor,11.0,580.00,13.0,PTX ISA 9.3 / CUDA 13.0,1575.000,,,,fp16,128,64,16,32,128,37,3,discard,same,8,8,32,1,nocount,sw32,sw32,16,16,16,0,512,0,64,none,0,none,0,4,20,3387374.0,2150.7136507936507,,,,,6144,,9.984981716220295,,,0,0.0,1,bf14b28d2af4128daa99f23eec8a5e105636d0b04136f8be580fdc39d6f1f97d,
04_smem_layout_address,layout_fp16_m128n64k16_sw32_off0,1,,NVIDIA Thor,11.0,580.00,13.0,PTX ISA 9.3 / CUDA 13.0,1575.000,,,,fp16,128,64,16,32,128,37,4,discard,same,8,8,32,1,nocount,sw32,sw32,16,16,16,0,512,0,64,none,0,none,0,4,20,3387379.0,2150.7168253968257,,,,,6144,,9.984966977713448,,,0,0.0,1,bf14b28d2af4128daa99f23eec8a5e105636d0b04136f8be580fdc39d6f1f97d,
04_smem_layout_address,layout_fp16_m128n256k16_sw128_off128,1,,NVIDIA Thor,11.0,580.00,13.0,PTX ISA 9.3 / CUDA 13.0,1575.000,,,,fp16,128,256,16,32,128,38,0,discard,same,2,2,32,1,nocount,sw128,sw128,16,16,16,128,512,0,256,none,0,none,0,4,20,3678174.0,2335.348571428571,,,,,12288,,36.78223755156771,,,0,0.0,1,bf14b28d2af4128daa99f23eec8a5e105636d0b04136f8be580fdc39d6f1f97d,; UTCHMMA=21;UTCHMMA_WS=16;UTCBAR=1;UTCATOMSWS=3;SYNCS_TRYWAIT=8;LDS=21;LDG=9;ptx_tcgen05_mma=21;ptx_tcgen05_mma_ws=16;ptx_tcgen05_commit=1;ptx_tcgen05_alloc=1;ptx_tcgen05_dealloc=1;ptx_tcgen05_ld=5;ptx_tcgen05_st=5;ptx_mbarrier_wait=5;ptx_cp_async_tma=2;ptx_ld_shared=26;ptx_ld_global=7
04_smem_layout_address,layout_fp16_m128n256k16_sw128_off128,1,,NVIDIA Thor,11.0,580.00,13.0,PTX ISA 9.3 / CUDA 13.0,1575.000,,,,fp16,128,256,16,32,128,38,1,discard,same,2,2,32,1,nocount,sw128,sw128,16,16,16,128,512,0,256,none,0,none,0,4,20,3678177.0,2335.3504761904765,,,,,12288,,36.78220755118636,,,0,0.0,1,bf14b28d2af4128daa99f23eec8a5e105636d0b04136f8be580fdc39d6f1f97d,
04_smem_layout_address,layout_fp16_m128n256k16_sw128_off128,1,,NVIDIA Thor,11.0,580.00,13.0,PTX ISA 9.3 / CUDA 13.0,1575.000,,,,fp16,128,256,16,32,128,38,2,discard,same,2,2,32,1,nocount,sw128,sw128,16,16,16,128,512,0,256,none,0,none,0,4,20,3678181.0,2335.3530158730155,,,,,12288,,36.78216755075403,,,0,0.0,1,bf14b28d2af4128daa99f23eec8a5e105636d0b04136f8be580fdc39d6f1f97d,
04_smem_layout_address,layout_fp16_m128n256k16_sw128_off128,1,,NVIDIA Thor,11.0,580.00,13.0,PTX ISA 9.3 / CUDA 13.0,1575.000,,,,fp16,128,256,16,32,128,38,3,discard,same,2,2,32,1,nocount,sw128,sw128,16,16,16,128,512,0,256,none,0,none,0,4,20,3678179.0,2335.351746031746,,,,,12288,,36.78218755095932,,,0,0.0,1,bf14b28d2af4128daa99f23eec8a5e105636d0b04136f8be580fdc39d6f1f97d,
04_smem_layout_address,layout_fp16_m128n256k16_sw128_off128,1,,NVIDIA Thor,11.0,580.00,13.0,PTX ISA 9.3 / CUDA 13.0,1575.000,,,,fp16,128,256,16,32,128,38,4,discard,same,2,2,32,1,nocount,sw128,sw128,16,16,16,128,512,0,256,none,0,none,0,4,20,3678186.0,2335.3561904761905,,,,,12288,,36.782117550335954,,,0,0.0,1,bf14b28d2af4128daa99f23eec8a5e105636d0b04136f8be580fdc39d6f1f97d,
04_smem_layout_address,layout_fp16_m128n64k16_sw128_off128,1,,NVIDIA Thor,11.0,580.00,13.0,PTX ISA 9.3 / CUDA 13.0,1575.000,,,,fp16,128,64,16,32,128,39,0,discard,same,8,8,32,1,nocount,sw128,sw128,16,16,16,128,512,0,64,none,0,none,0,4,20,3678591.0,2335.6133333333332,,,,,6144,,9.194516991967848,,,0,0.0,1,bf14b28d2af4128daa99f23eec8a5e105636d0b04136f8be580fdc39d6f1f97d,; UTCHMMA=21;UTCHMMA_WS=16;UTCBAR=1;UTCATOMSWS=3;SYNCS_TRYWAIT=8;LDS=21;LDG=9;ptx_tcgen05_mma=21;ptx_tcgen05_mma_ws=16;ptx_tcgen05_commit=1;ptx_tcgen05_alloc=1;ptx_tcgen05_dealloc=1;ptx_tcgen05_ld=5;ptx_tcgen05_st=5;ptx_mbarrier_wait=5;ptx_cp_async_tma=2;ptx_ld_shared=26;ptx_ld_global=7
04_smem_layout_address,layout_fp16_m128n64k16_sw128_off128,1,,NVIDIA Thor,11.0,580.00,13.0,PTX ISA 9.3 / CUDA 13.0,1575.000,,,,fp16,128,64,16,32,128,39,1,discard,same,8,8,32,1,nocount,sw128,sw128,16,16,16,128,512,0,64,none,0,none,0,4,20,3678579.0,2335.6057142857144,,,,,6144,,9.19454698567028,,,0,0.0,1,bf14b28d2af4128daa99f23eec8a5e105636d0b04136f8be580fdc39d6f1f97d,
04_smem_layout_address,layout_fp16_m128n64k16_sw128_off128,1,,NVIDIA Thor,11.0,580.00,13.0,PTX ISA 9.3 / CUDA 13.0,1575.000,,,,fp16,128,64,16,32,128,39,2,discard,same,8,8,32,1,nocount,sw128,sw128,16,16,16,128,512,0,64,none,0,none,0,4,20,3678583.0,2335.608253968254,,,,,6144,,9.194536987747728,,,0,0.0,1,bf14b28d2af4128daa99f23eec8a5e105636d0b04136f8be580fdc39d6f1f97d,
04_smem_layout_address,layout_fp16_m128n64k16_sw128_off128,1,,NVIDIA Thor,11.0,580.00,13.0,PTX ISA 9.3 / CUDA 13.0,1575.000,,,,fp16,128,64,16,32,128,39,3,discard,same,8,8,32,1,nocount,sw128,sw128,16,16,16,128,512,0,64,none,0,none,0,4,20,3678579.0,2335.6057142857144,,,,,6144,,9.19454698567028,,,0,0.0,1,bf14b28d2af4128daa99f23eec8a5e105636d0b04136f8be580fdc39d6f1f97d,
04_smem_layout_address,layout_fp16_m128n64k16_sw128_off128,1,,NVIDIA Thor,11.0,580.00,13.0,PTX ISA 9.3 / CUDA 13.0,1575.000,,,,fp16,128,64,16,32,128,39,4,discard,same,8,8,32,1,nocount,sw128,sw128,16,16,16,128,512,0,64,none,0,none,0,4,20,3678579.0,2335.6057142857144,,,,,6144,,9.19454698567028,,,0,0.0,1,bf14b28d2af4128daa99f23eec8a5e105636d0b04136f8be580fdc39d6f1f97d,
04_smem_layout_address,layout_fp16_m128n128k16_sw32_off16,0,misaligned address,,,580.00,13.0,PTX ISA 9.3 / CUDA 13.0,1575.000,,,,fp16,128,128,16,32,128,40,0,discard,same,4,4,32,1,nocount,sw32,sw32,16,16,16,16,512,0,128,none,0,none,0,4,,nan,nan,,,,,8192,,,,,,nan,0,bf14b28d2af4128daa99f23eec8a5e105636d0b04136f8be580fdc39d6f1f97d,; UTCHMMA=21;UTCHMMA_WS=16;UTCBAR=1;UTCATOMSWS=3;SYNCS_TRYWAIT=8;LDS=21;LDG=9;ptx_tcgen05_mma=21;ptx_tcgen05_mma_ws=16;ptx_tcgen05_commit=1;ptx_tcgen05_alloc=1;ptx_tcgen05_dealloc=1;ptx_tcgen05_ld=5;ptx_tcgen05_st=5;ptx_mbarrier_wait=5;ptx_cp_async_tma=2;ptx_ld_shared=26;ptx_ld_global=7
04_smem_layout_address,layout_fp16_m128n128k16_sw32_off16,0,misaligned address,,,580.00,13.0,PTX ISA 9.3 / CUDA 13.0,1575.000,,,,fp16,128,128,16,32,128,40,1,discard,same,4,4,32,1,nocount,sw32,sw32,16,16,16,16,512,0,128,none,0,none,0,4,,nan,nan,,,,,8192,,,,,,nan,0,bf14b28d2af4128daa99f23eec8a5e105636d0b04136f8be580fdc39d6f1f97d,
04_smem_layout_address,layout_fp16_m128n128k16_sw32_off16,0,misaligned address,,,580.00,13.0,PTX ISA 9.3 / CUDA 13.0,1575.000,,,,fp16,128,128,16,32,128,40,2,discard,same,4,4,32,1,nocount,sw32,sw32,16,16,16,16,512,0,128,none,0,none,0,4,,nan,nan,,,,,8192,,,,,,nan,0,bf14b28d2af4128daa99f23eec8a5e105636d0b04136f8be580fdc39d6f1f97d,
04_smem_layout_address,layout_fp16_m128n128k16_sw32_off16,0,misaligned address,,,580.00,13.0,PTX ISA 9.3 / CUDA 13.0,1575.000,,,,fp16,128,128,16,32,128,40,3,discard,same,4,4,32,1,nocount,sw32,sw32,16,16,16,16,512,0,128,none,0,none,0,4,,nan,nan,,,,,8192,,,,,,nan,0,bf14b28d2af4128daa99f23eec8a5e105636d0b04136f8be580fdc39d6f1f97d,
04_smem_layout_address,layout_fp16_m128n128k16_sw32_off16,0,misaligned address,,,580.00,13.0,PTX ISA 9.3 / CUDA 13.0,1575.000,,,,fp16,128,128,16,32,128,40,4,discard,same,4,4,32,1,nocount,sw32,sw32,16,16,16,16,512,0,128,none,0,none,0,4,,nan,nan,,,,,8192,,,,,,nan,0,bf14b28d2af4128daa99f23eec8a5e105636d0b04136f8be580fdc39d6f1f97d,
04_smem_layout_address,layout_fp16_m128n64k16_sw32_off32,0,misaligned address,,,580.00,13.0,PTX ISA 9.3 / CUDA 13.0,1575.000,,,,fp16,128,64,16,32,128,41,0,discard,same,8,8,32,1,nocount,sw32,sw32,16,16,16,32,512,0,64,none,0,none,0,4,,nan,nan,,,,,6144,,,,,,nan,0,bf14b28d2af4128daa99f23eec8a5e105636d0b04136f8be580fdc39d6f1f97d,; UTCHMMA=21;UTCHMMA_WS=16;UTCBAR=1;UTCATOMSWS=3;SYNCS_TRYWAIT=8;LDS=21;LDG=9;ptx_tcgen05_mma=21;ptx_tcgen05_mma_ws=16;ptx_tcgen05_commit=1;ptx_tcgen05_alloc=1;ptx_tcgen05_dealloc=1;ptx_tcgen05_ld=5;ptx_tcgen05_st=5;ptx_mbarrier_wait=5;ptx_cp_async_tma=2;ptx_ld_shared=26;ptx_ld_global=7
04_smem_layout_address,layout_fp16_m128n64k16_sw32_off32,0,misaligned address,,,580.00,13.0,PTX ISA 9.3 / CUDA 13.0,1575.000,,,,fp16,128,64,16,32,128,41,1,discard,same,8,8,32,1,nocount,sw32,sw32,16,16,16,32,512,0,64,none,0,none,0,4,,nan,nan,,,,,6144,,,,,,nan,0,bf14b28d2af4128daa99f23eec8a5e105636d0b04136f8be580fdc39d6f1f97d,
04_smem_layout_address,layout_fp16_m128n64k16_sw32_off32,0,misaligned address,,,580.00,13.0,PTX ISA 9.3 / CUDA 13.0,1575.000,,,,fp16,128,64,16,32,128,41,2,discard,same,8,8,32,1,nocount,sw32,sw32,16,16,16,32,512,0,64,none,0,none,0,4,,nan,nan,,,,,6144,,,,,,nan,0,bf14b28d2af4128daa99f23eec8a5e105636d0b04136f8be580fdc39d6f1f97d,
04_smem_layout_address,layout_fp16_m128n64k16_sw32_off32,0,misaligned address,,,580.00,13.0,PTX ISA 9.3 / CUDA 13.0,1575.000,,,,fp16,128,64,16,32,128,41,3,discard,same,8,8,32,1,nocount,sw32,sw32,16,16,16,32,512,0,64,none,0,none,0,4,,nan,nan,,,,,6144,,,,,,nan,0,bf14b28d2af4128daa99f23eec8a5e105636d0b04136f8be580fdc39d6f1f97d,
04_smem_layout_address,layout_fp16_m128n64k16_sw32_off32,0,misaligned address,,,580.00,13.0,PTX ISA 9.3 / CUDA 13.0,1575.000,,,,fp16,128,64,16,32,128,41,4,discard,same,8,8,32,1,nocount,sw32,sw32,16,16,16,32,512,0,64,none,0,none,0,4,,nan,nan,,,,,6144,,,,,,nan,0,bf14b28d2af4128daa99f23eec8a5e105636d0b04136f8be580fdc39d6f1f97d,
04_smem_layout_address,layout_bf16_m128n128k16_sw32_off32,0,misaligned address,,,580.00,13.0,PTX ISA 9.3 / CUDA 13.0,1575.000,,,,bf16,128,128,16,32,128,42,0,discard,same,4,4,32,1,nocount,sw32,sw32,16,16,16,32,512,0,128,none,0,none,0,4,,nan,nan,,,,,8192,,,,,,nan,0,bf14b28d2af4128daa99f23eec8a5e105636d0b04136f8be580fdc39d6f1f97d,; UTCHMMA=21;UTCHMMA_WS=16;UTCBAR=1;UTCATOMSWS=3;SYNCS_TRYWAIT=8;LDS=21;LDG=9;ptx_tcgen05_mma=21;ptx_tcgen05_mma_ws=16;ptx_tcgen05_commit=1;ptx_tcgen05_alloc=1;ptx_tcgen05_dealloc=1;ptx_tcgen05_ld=5;ptx_tcgen05_st=5;ptx_mbarrier_wait=5;ptx_cp_async_tma=2;ptx_ld_shared=26;ptx_ld_global=7
04_smem_layout_address,layout_bf16_m128n128k16_sw32_off32,0,misaligned address,,,580.00,13.0,PTX ISA 9.3 / CUDA 13.0,1575.000,,,,bf16,128,128,16,32,128,42,1,discard,same,4,4,32,1,nocount,sw32,sw32,16,16,16,32,512,0,128,none,0,none,0,4,,nan,nan,,,,,8192,,,,,,nan,0,bf14b28d2af4128daa99f23eec8a5e105636d0b04136f8be580fdc39d6f1f97d,
04_smem_layout_address,layout_bf16_m128n128k16_sw32_off32,0,misaligned address,,,580.00,13.0,PTX ISA 9.3 / CUDA 13.0,1575.000,,,,bf16,128,128,16,32,128,42,2,discard,same,4,4,32,1,nocount,sw32,sw32,16,16,16,32,512,0,128,none,0,none,0,4,,nan,nan,,,,,8192,,,,,,nan,0,bf14b28d2af4128daa99f23eec8a5e105636d0b04136f8be580fdc39d6f1f97d,
04_smem_layout_address,layout_bf16_m128n128k16_sw32_off32,0,misaligned address,,,580.00,13.0,PTX ISA 9.3 / CUDA 13.0,1575.000,,,,bf16,128,128,16,32,128,42,3,discard,same,4,4,32,1,nocount,sw32,sw32,16,16,16,32,512,0,128,none,0,none,0,4,,nan,nan,,,,,8192,,,,,,nan,0,bf14b28d2af4128daa99f23eec8a5e105636d0b04136f8be580fdc39d6f1f97d,
04_smem_layout_address,layout_bf16_m128n128k16_sw32_off32,0,misaligned address,,,580.00,13.0,PTX ISA 9.3 / CUDA 13.0,1575.000,,,,bf16,128,128,16,32,128,42,4,discard,same,4,4,32,1,nocount,sw32,sw32,16,16,16,32,512,0,128,none,0,none,0,4,,nan,nan,,,,,8192,,,,,,nan,0,bf14b28d2af4128daa99f23eec8a5e105636d0b04136f8be580fdc39d6f1f97d,
04_smem_layout_address,layout_fp16_m128n256k16_sw32_off256,1,,NVIDIA Thor,11.0,580.00,13.0,PTX ISA 9.3 / CUDA 13.0,1575.000,,,,fp16,128,256,16,32,128,43,0,discard,same,2,2,32,1,nocount,sw32,sw32,16,16,16,256,512,0,256,none,0,none,0,4,20,3387377.0,2150.7155555555555,,,,,12288,,39.93989149244386,,,0,0.0,1,bf14b28d2af4128daa99f23eec8a5e105636d0b04136f8be580fdc39d6f1f97d,; UTCHMMA=21;UTCHMMA_WS=16;UTCBAR=1;UTCATOMSWS=3;SYNCS_TRYWAIT=8;LDS=21;LDG=9;ptx_tcgen05_mma=21;ptx_tcgen05_mma_ws=16;ptx_tcgen05_commit=1;ptx_tcgen05_alloc=1;ptx_tcgen05_dealloc=1;ptx_tcgen05_ld=5;ptx_tcgen05_st=5;ptx_mbarrier_wait=5;ptx_cp_async_tma=2;ptx_ld_shared=26;ptx_ld_global=7
04_smem_layout_address,layout_fp16_m128n256k16_sw32_off256,1,,NVIDIA Thor,11.0,580.00,13.0,PTX ISA 9.3 / CUDA 13.0,1575.000,,,,fp16,128,256,16,32,128,43,1,discard,same,2,2,32,1,nocount,sw32,sw32,16,16,16,256,512,0,256,none,0,none,0,4,20,3387352.0,2150.6996825396827,,,,,12288,,39.94018626466927,,,0,0.0,1,bf14b28d2af4128daa99f23eec8a5e105636d0b04136f8be580fdc39d6f1f97d,
04_smem_layout_address,layout_fp16_m128n256k16_sw32_off256,1,,NVIDIA Thor,11.0,580.00,13.0,PTX ISA 9.3 / CUDA 13.0,1575.000,,,,fp16,128,256,16,32,128,43,2,discard,same,2,2,32,1,nocount,sw32,sw32,16,16,16,256,512,0,256,none,0,none,0,4,20,3387360.0,2150.7047619047617,,,,,12288,,39.94009193708375,,,0,0.0,1,bf14b28d2af4128daa99f23eec8a5e105636d0b04136f8be580fdc39d6f1f97d,
04_smem_layout_address,layout_fp16_m128n256k16_sw32_off256,1,,NVIDIA Thor,11.0,580.00,13.0,PTX ISA 9.3 / CUDA 13.0,1575.000,,,,fp16,128,256,16,32,128,43,3,discard,same,2,2,32,1,nocount,sw32,sw32,16,16,16,256,512,0,256,none,0,none,0,4,20,3387354.0,2150.7009523809525,,,,,12288,,39.94016268273112,,,0,0.0,1,bf14b28d2af4128daa99f23eec8a5e105636d0b04136f8be580fdc39d6f1f97d,
04_smem_layout_address,layout_fp16_m128n256k16_sw32_off256,1,,NVIDIA Thor,11.0,580.00,13.0,PTX ISA 9.3 / CUDA 13.0,1575.000,,,,fp16,128,256,16,32,128,43,4,discard,same,2,2,32,1,nocount,sw32,sw32,16,16,16,256,512,0,256,none,0,none,0,4,20,3387364.0,2150.7073015873016,,,,,12288,,39.94004477345806,,,0,0.0,1,bf14b28d2af4128daa99f23eec8a5e105636d0b04136f8be580fdc39d6f1f97d,
04_smem_layout_address,layout_fp16_m128n256k16_none_off16,0,misaligned address,,,580.00,13.0,PTX ISA 9.3 / CUDA 13.0,1575.000,,,,fp16,128,256,16,32,128,44,0,discard,same,2,2,32,1,nocount,none,none,16,16,16,16,512,0,256,none,0,none,0,4,,nan,nan,,,,,12288,,,,,,nan,0,bf14b28d2af4128daa99f23eec8a5e105636d0b04136f8be580fdc39d6f1f97d,; UTCHMMA=21;UTCHMMA_WS=16;UTCBAR=1;UTCATOMSWS=3;SYNCS_TRYWAIT=8;LDS=21;LDG=9;ptx_tcgen05_mma=21;ptx_tcgen05_mma_ws=16;ptx_tcgen05_commit=1;ptx_tcgen05_alloc=1;ptx_tcgen05_dealloc=1;ptx_tcgen05_ld=5;ptx_tcgen05_st=5;ptx_mbarrier_wait=5;ptx_cp_async_tma=2;ptx_ld_shared=26;ptx_ld_global=7
04_smem_layout_address,layout_fp16_m128n256k16_none_off16,0,misaligned address,,,580.00,13.0,PTX ISA 9.3 / CUDA 13.0,1575.000,,,,fp16,128,256,16,32,128,44,1,discard,same,2,2,32,1,nocount,none,none,16,16,16,16,512,0,256,none,0,none,0,4,,nan,nan,,,,,12288,,,,,,nan,0,bf14b28d2af4128daa99f23eec8a5e105636d0b04136f8be580fdc39d6f1f97d,
04_smem_layout_address,layout_fp16_m128n256k16_none_off16,0,misaligned address,,,580.00,13.0,PTX ISA 9.3 / CUDA 13.0,1575.000,,,,fp16,128,256,16,32,128,44,2,discard,same,2,2,32,1,nocount,none,none,16,16,16,16,512,0,256,none,0,none,0,4,,nan,nan,,,,,12288,,,,,,nan,0,bf14b28d2af4128daa99f23eec8a5e105636d0b04136f8be580fdc39d6f1f97d,
04_smem_layout_address,layout_fp16_m128n256k16_none_off16,0,misaligned address,,,580.00,13.0,PTX ISA 9.3 / CUDA 13.0,1575.000,,,,fp16,128,256,16,32,128,44,3,discard,same,2,2,32,1,nocount,none,none,16,16,16,16,512,0,256,none,0,none,0,4,,nan,nan,,,,,12288,,,,,,nan,0,bf14b28d2af4128daa99f23eec8a5e105636d0b04136f8be580fdc39d6f1f97d,
04_smem_layout_address,layout_fp16_m128n256k16_none_off16,0,misaligned address,,,580.00,13.0,PTX ISA 9.3 / CUDA 13.0,1575.000,,,,fp16,128,256,16,32,128,44,4,discard,same,2,2,32,1,nocount,none,none,16,16,16,16,512,0,256,none,0,none,0,4,,nan,nan,,,,,12288,,,,,,nan,0,bf14b28d2af4128daa99f23eec8a5e105636d0b04136f8be580fdc39d6f1f97d,
04_smem_layout_address,layout_bf16_m128n64k16_sw32_off0,1,,NVIDIA Thor,11.0,580.00,13.0,PTX ISA 9.3 / CUDA 13.0,1575.000,,,,bf16,128,64,16,32,128,45,0,discard,same,8,8,32,1,nocount,sw32,sw32,16,16,16,0,512,0,64,none,0,none,0,4,20,3387377.0,2150.7155555555555,,,,,6144,,9.984972873110966,,,0,0.0,1,bf14b28d2af4128daa99f23eec8a5e105636d0b04136f8be580fdc39d6f1f97d,; UTCHMMA=21;UTCHMMA_WS=16;UTCBAR=1;UTCATOMSWS=3;SYNCS_TRYWAIT=8;LDS=21;LDG=9;ptx_tcgen05_mma=21;ptx_tcgen05_mma_ws=16;ptx_tcgen05_commit=1;ptx_tcgen05_alloc=1;ptx_tcgen05_dealloc=1;ptx_tcgen05_ld=5;ptx_tcgen05_st=5;ptx_mbarrier_wait=5;ptx_cp_async_tma=2;ptx_ld_shared=26;ptx_ld_global=7
04_smem_layout_address,layout_bf16_m128n64k16_sw32_off0,1,,NVIDIA Thor,11.0,580.00,13.0,PTX ISA 9.3 / CUDA 13.0,1575.000,,,,bf16,128,64,16,32,128,45,1,discard,same,8,8,32,1,nocount,sw32,sw32,16,16,16,0,512,0,64,none,0,none,0,4,20,3387373.0,2150.713015873016,,,,,6144,,9.984984663926884,,,0,0.0,1,bf14b28d2af4128daa99f23eec8a5e105636d0b04136f8be580fdc39d6f1f97d,
04_smem_layout_address,layout_bf16_m128n64k16_sw32_off0,1,,NVIDIA Thor,11.0,580.00,13.0,PTX ISA 9.3 / CUDA 13.0,1575.000,,,,bf16,128,64,16,32,128,45,2,discard,same,8,8,32,1,nocount,sw32,sw32,16,16,16,0,512,0,64,none,0,none,0,4,20,3387486.0,2150.7847619047616,,,,,6144,,9.98465158409511,,,0,0.0,1,bf14b28d2af4128daa99f23eec8a5e105636d0b04136f8be580fdc39d6f1f97d,
04_smem_layout_address,layout_bf16_m128n64k16_sw32_off0,1,,NVIDIA Thor,11.0,580.00,13.0,PTX ISA 9.3 / CUDA 13.0,1575.000,,,,bf16,128,64,16,32,128,45,3,discard,same,8,8,32,1,nocount,sw32,sw32,16,16,16,0,512,0,64,none,0,none,0,4,20,3387382.0,2150.71873015873,,,,,6144,,9.984958134630224,,,0,0.0,1,bf14b28d2af4128daa99f23eec8a5e105636d0b04136f8be580fdc39d6f1f97d,
04_smem_layout_address,layout_bf16_m128n64k16_sw32_off0,1,,NVIDIA Thor,11.0,580.00,13.0,PTX ISA 9.3 / CUDA 13.0,1575.000,,,,bf16,128,64,16,32,128,45,4,discard,same,8,8,32,1,nocount,sw32,sw32,16,16,16,0,512,0,64,none,0,none,0,4,20,3387381.0,2150.7180952380954,,,,,6144,,9.98496108232289,,,0,0.0,1,bf14b28d2af4128daa99f23eec8a5e105636d0b04136f8be580fdc39d6f1f97d,
04_smem_layout_address,layout_bf16_m128n128k16_sw128_off128,1,,NVIDIA Thor,11.0,580.00,13.0,PTX ISA 9.3 / CUDA 13.0,1575.000,,,,bf16,128,128,16,32,128,46,0,discard,same,4,4,32,1,nocount,sw128,sw128,16,16,16,128,512,0,128,none,0,none,0,4,20,3678990.0,2335.8666666666663,,,,,8192,,18.387039625549406,,,0,0.0,1,bf14b28d2af4128daa99f23eec8a5e105636d0b04136f8be580fdc39d6f1f97d,; UTCHMMA=21;UTCHMMA_WS=16;UTCBAR=1;UTCATOMSWS=3;SYNCS_TRYWAIT=8;LDS=21;LDG=9;ptx_tcgen05_mma=21;ptx_tcgen05_mma_ws=16;ptx_tcgen05_commit=1;ptx_tcgen05_alloc=1;ptx_tcgen05_dealloc=1;ptx_tcgen05_ld=5;ptx_tcgen05_st=5;ptx_mbarrier_wait=5;ptx_cp_async_tma=2;ptx_ld_shared=26;ptx_ld_global=7
04_smem_layout_address,layout_bf16_m128n128k16_sw128_off128,1,,NVIDIA Thor,11.0,580.00,13.0,PTX ISA 9.3 / CUDA 13.0,1575.000,,,,bf16,128,128,16,32,128,46,1,discard,same,4,4,32,1,nocount,sw128,sw128,16,16,16,128,512,0,128,none,0,none,0,4,20,3678996.0,2335.8704761904764,,,,,8192,,18.387009638499197,,,0,0.0,1,bf14b28d2af4128daa99f23eec8a5e105636d0b04136f8be580fdc39d6f1f97d,
04_smem_layout_address,layout_bf16_m128n128k16_sw128_off128,1,,NVIDIA Thor,11.0,580.00,13.0,PTX ISA 9.3 / CUDA 13.0,1575.000,,,,bf16,128,128,16,32,128,46,2,discard,same,4,4,32,1,nocount,sw128,sw128,16,16,16,128,512,0,128,none,0,none,0,4,20,3678992.0,2335.8679365079365,,,,,8192,,18.38702962985513,,,0,0.0,1,bf14b28d2af4128daa99f23eec8a5e105636d0b04136f8be580fdc39d6f1f97d,
04_smem_layout_address,layout_bf16_m128n128k16_sw128_off128,1,,NVIDIA Thor,11.0,580.00,13.0,PTX ISA 9.3 / CUDA 13.0,1575.000,,,,bf16,128,128,16,32,128,46,3,discard,same,4,4,32,1,nocount,sw128,sw128,16,16,16,128,512,0,128,none,0,none,0,4,20,3678960.0,2335.847619047619,,,,,8192,,18.387189562267597,,,0,0.0,1,bf14b28d2af4128daa99f23eec8a5e105636d0b04136f8be580fdc39d6f1f97d,
04_smem_layout_address,layout_bf16_m128n128k16_sw128_off128,1,,NVIDIA Thor,11.0,580.00,13.0,PTX ISA 9.3 / CUDA 13.0,1575.000,,,,bf16,128,128,16,32,128,46,4,discard,same,4,4,32,1,nocount,sw128,sw128,16,16,16,128,512,0,128,none,0,none,0,4,20,3678987.0,2335.864761904762,,,,,8192,,18.387054619111183,,,0,0.0,1,bf14b28d2af4128daa99f23eec8a5e105636d0b04136f8be580fdc39d6f1f97d,
04_smem_layout_address,layout_fp16_m128n256k16_sw64_off32,0,misaligned address,,,580.00,13.0,PTX ISA 9.3 / CUDA 13.0,1575.000,,,,fp16,128,256,16,32,128,47,0,discard,same,2,2,32,1,nocount,sw64,sw64,16,16,16,32,512,0,256,none,0,none,0,4,,nan,nan,,,,,12288,,,,,,nan,0,bf14b28d2af4128daa99f23eec8a5e105636d0b04136f8be580fdc39d6f1f97d,; UTCHMMA=21;UTCHMMA_WS=16;UTCBAR=1;UTCATOMSWS=3;SYNCS_TRYWAIT=8;LDS=21;LDG=9;ptx_tcgen05_mma=21;ptx_tcgen05_mma_ws=16;ptx_tcgen05_commit=1;ptx_tcgen05_alloc=1;ptx_tcgen05_dealloc=1;ptx_tcgen05_ld=5;ptx_tcgen05_st=5;ptx_mbarrier_wait=5;ptx_cp_async_tma=2;ptx_ld_shared=26;ptx_ld_global=7
04_smem_layout_address,layout_fp16_m128n256k16_sw64_off32,0,misaligned address,,,580.00,13.0,PTX ISA 9.3 / CUDA 13.0,1575.000,,,,fp16,128,256,16,32,128,47,1,discard,same,2,2,32,1,nocount,sw64,sw64,16,16,16,32,512,0,256,none,0,none,0,4,,nan,nan,,,,,12288,,,,,,nan,0,bf14b28d2af4128daa99f23eec8a5e105636d0b04136f8be580fdc39d6f1f97d,
04_smem_layout_address,layout_fp16_m128n256k16_sw64_off32,0,misaligned address,,,580.00,13.0,PTX ISA 9.3 / CUDA 13.0,1575.000,,,,fp16,128,256,16,32,128,47,2,discard,same,2,2,32,1,nocount,sw64,sw64,16,16,16,32,512,0,256,none,0,none,0,4,,nan,nan,,,,,12288,,,,,,nan,0,bf14b28d2af4128daa99f23eec8a5e105636d0b04136f8be580fdc39d6f1f97d,
04_smem_layout_address,layout_fp16_m128n256k16_sw64_off32,0,misaligned address,,,580.00,13.0,PTX ISA 9.3 / CUDA 13.0,1575.000,,,,fp16,128,256,16,32,128,47,3,discard,same,2,2,32,1,nocount,sw64,sw64,16,16,16,32,512,0,256,none,0,none,0,4,,nan,nan,,,,,12288,,,,,,nan,0,bf14b28d2af4128daa99f23eec8a5e105636d0b04136f8be580fdc39d6f1f97d,
04_smem_layout_address,layout_fp16_m128n256k16_sw64_off32,0,misaligned address,,,580.00,13.0,PTX ISA 9.3 / CUDA 13.0,1575.000,,,,fp16,128,256,16,32,128,47,4,discard,same,2,2,32,1,nocount,sw64,sw64,16,16,16,32,512,0,256,none,0,none,0,4,,nan,nan,,,,,12288,,,,,,nan,0,bf14b28d2af4128daa99f23eec8a5e105636d0b04136f8be580fdc39d6f1f97d,
04_smem_layout_address,layout_bf16_m128n64k16_none_off16,0,misaligned address,,,580.00,13.0,PTX ISA 9.3 / CUDA 13.0,1575.000,,,,bf16,128,64,16,32,128,48,0,discard,same,8,8,32,1,nocount,none,none,16,16,16,16,512,0,64,none,0,none,0,4,,nan,nan,,,,,6144,,,,,,nan,0,bf14b28d2af4128daa99f23eec8a5e105636d0b04136f8be580fdc39d6f1f97d,; UTCHMMA=21;UTCHMMA_WS=16;UTCBAR=1;UTCATOMSWS=3;SYNCS_TRYWAIT=8;LDS=21;LDG=9;ptx_tcgen05_mma=21;ptx_tcgen05_mma_ws=16;ptx_tcgen05_commit=1;ptx_tcgen05_alloc=1;ptx_tcgen05_dealloc=1;ptx_tcgen05_ld=5;ptx_tcgen05_st=5;ptx_mbarrier_wait=5;ptx_cp_async_tma=2;ptx_ld_shared=26;ptx_ld_global=7
04_smem_layout_address,layout_bf16_m128n64k16_none_off16,0,misaligned address,,,580.00,13.0,PTX ISA 9.3 / CUDA 13.0,1575.000,,,,bf16,128,64,16,32,128,48,1,discard,same,8,8,32,1,nocount,none,none,16,16,16,16,512,0,64,none,0,none,0,4,,nan,nan,,,,,6144,,,,,,nan,0,bf14b28d2af4128daa99f23eec8a5e105636d0b04136f8be580fdc39d6f1f97d,
04_smem_layout_address,layout_bf16_m128n64k16_none_off16,0,misaligned address,,,580.00,13.0,PTX ISA 9.3 / CUDA 13.0,1575.000,,,,bf16,128,64,16,32,128,48,2,discard,same,8,8,32,1,nocount,none,none,16,16,16,16,512,0,64,none,0,none,0,4,,nan,nan,,,,,6144,,,,,,nan,0,bf14b28d2af4128daa99f23eec8a5e105636d0b04136f8be580fdc39d6f1f97d,
04_smem_layout_address,layout_bf16_m128n64k16_none_off16,0,misaligned address,,,580.00,13.0,PTX ISA 9.3 / CUDA 13.0,1575.000,,,,bf16,128,64,16,32,128,48,3,discard,same,8,8,32,1,nocount,none,none,16,16,16,16,512,0,64,none,0,none,0,4,,nan,nan,,,,,6144,,,,,,nan,0,bf14b28d2af4128daa99f23eec8a5e105636d0b04136f8be580fdc39d6f1f97d,
04_smem_layout_address,layout_bf16_m128n64k16_none_off16,0,misaligned address,,,580.00,13.0,PTX ISA 9.3 / CUDA 13.0,1575.000,,,,bf16,128,64,16,32,128,48,4,discard,same,8,8,32,1,nocount,none,none,16,16,16,16,512,0,64,none,0,none,0,4,,nan,nan,,,,,6144,,,,,,nan,0,bf14b28d2af4128daa99f23eec8a5e105636d0b04136f8be580fdc39d6f1f97d,
04_smem_layout_address,layout_fp16_m128n256k16_sw64_off0,1,,NVIDIA Thor,11.0,580.00,13.0,PTX ISA 9.3 / CUDA 13.0,1575.000,,,,fp16,128,256,16,32,128,49,0,discard,same,2,2,32,1,nocount,sw64,sw64,16,16,16,0,512,0,256,none,0,none,0,4,20,3562239.0,2261.7390476190476,,,,,12288,,37.97933541910018,,,0,0.0,1,bf14b28d2af4128daa99f23eec8a5e105636d0b04136f8be580fdc39d6f1f97d,; UTCHMMA=21;UTCHMMA_WS=16;UTCBAR=1;UTCATOMSWS=3;SYNCS_TRYWAIT=8;LDS=21;LDG=9;ptx_tcgen05_mma=21;ptx_tcgen05_mma_ws=16;ptx_tcgen05_commit=1;ptx_tcgen05_alloc=1;ptx_tcgen05_dealloc=1;ptx_tcgen05_ld=5;ptx_tcgen05_st=5;ptx_mbarrier_wait=5;ptx_cp_async_tma=2;ptx_ld_shared=26;ptx_ld_global=7
04_smem_layout_address,layout_fp16_m128n256k16_sw64_off0,1,,NVIDIA Thor,11.0,580.00,13.0,PTX ISA 9.3 / CUDA 13.0,1575.000,,,,fp16,128,256,16,32,128,49,1,discard,same,2,2,32,1,nocount,sw64,sw64,16,16,16,0,512,0,256,none,0,none,0,4,20,3562238.0,2261.738412698413,,,,,12288,,37.97934608075036,,,0,0.0,1,bf14b28d2af4128daa99f23eec8a5e105636d0b04136f8be580fdc39d6f1f97d,
04_smem_layout_address,layout_fp16_m128n256k16_sw64_off0,1,,NVIDIA Thor,11.0,580.00,13.0,PTX ISA 9.3 / CUDA 13.0,1575.000,,,,fp16,128,256,16,32,128,49,2,discard,same,2,2,32,1,nocount,sw64,sw64,16,16,16,0,512,0,256,none,0,none,0,4,20,3562239.0,2261.7390476190476,,,,,12288,,37.97933541910018,,,0,0.0,1,bf14b28d2af4128daa99f23eec8a5e105636d0b04136f8be580fdc39d6f1f97d,
04_smem_layout_address,layout_fp16_m128n256k16_sw64_off0,1,,NVIDIA Thor,11.0,580.00,13.0,PTX ISA 9.3 / CUDA 13.0,1575.000,,,,fp16,128,256,16,32,128,49,3,discard,same,2,2,32,1,nocount,sw64,sw64,16,16,16,0,512,0,256,none,0,none,0,4,20,3562232.0,2261.7346031746033,,,,,12288,,37.979410050777155,,,0,0.0,1,bf14b28d2af4128daa99f23eec8a5e105636d0b04136f8be580fdc39d6f1f97d,
04_smem_layout_address,layout_fp16_m128n256k16_sw64_off0,1,,NVIDIA Thor,11.0,580.00,13.0,PTX ISA 9.3 / CUDA 13.0,1575.000,,,,fp16,128,256,16,32,128,49,4,discard,same,2,2,32,1,nocount,sw64,sw64,16,16,16,0,512,0,256,none,0,none,0,4,20,3562239.0,2261.7390476190476,,,,,12288,,37.97933541910018,,,0,0.0,1,bf14b28d2af4128daa99f23eec8a5e105636d0b04136f8be580fdc39d6f1f97d,
04_smem_layout_address,layout_fp16_m128n256k16_sw128_off32,0,misaligned address,,,580.00,13.0,PTX ISA 9.3 / CUDA 13.0,1575.000,,,,fp16,128,256,16,32,128,50,0,discard,same,2,2,32,1,nocount,sw128,sw128,16,16,16,32,512,0,256,none,0,none,0,4,,nan,nan,,,,,12288,,,,,,nan,0,bf14b28d2af4128daa99f23eec8a5e105636d0b04136f8be580fdc39d6f1f97d,; UTCHMMA=21;UTCHMMA_WS=16;UTCBAR=1;UTCATOMSWS=3;SYNCS_TRYWAIT=8;LDS=21;LDG=9;ptx_tcgen05_mma=21;ptx_tcgen05_mma_ws=16;ptx_tcgen05_commit=1;ptx_tcgen05_alloc=1;ptx_tcgen05_dealloc=1;ptx_tcgen05_ld=5;ptx_tcgen05_st=5;ptx_mbarrier_wait=5;ptx_cp_async_tma=2;ptx_ld_shared=26;ptx_ld_global=7
04_smem_layout_address,layout_fp16_m128n256k16_sw128_off32,0,misaligned address,,,580.00,13.0,PTX ISA 9.3 / CUDA 13.0,1575.000,,,,fp16,128,256,16,32,128,50,1,discard,same,2,2,32,1,nocount,sw128,sw128,16,16,16,32,512,0,256,none,0,none,0,4,,nan,nan,,,,,12288,,,,,,nan,0,bf14b28d2af4128daa99f23eec8a5e105636d0b04136f8be580fdc39d6f1f97d,
04_smem_layout_address,layout_fp16_m128n256k16_sw128_off32,0,misaligned address,,,580.00,13.0,PTX ISA 9.3 / CUDA 13.0,1575.000,,,,fp16,128,256,16,32,128,50,2,discard,same,2,2,32,1,nocount,sw128,sw128,16,16,16,32,512,0,256,none,0,none,0,4,,nan,nan,,,,,12288,,,,,,nan,0,bf14b28d2af4128daa99f23eec8a5e105636d0b04136f8be580fdc39d6f1f97d,
04_smem_layout_address,layout_fp16_m128n256k16_sw128_off32,0,misaligned address,,,580.00,13.0,PTX ISA 9.3 / CUDA 13.0,1575.000,,,,fp16,128,256,16,32,128,50,3,discard,same,2,2,32,1,nocount,sw128,sw128,16,16,16,32,512,0,256,none,0,none,0,4,,nan,nan,,,,,12288,,,,,,nan,0,bf14b28d2af4128daa99f23eec8a5e105636d0b04136f8be580fdc39d6f1f97d,
04_smem_layout_address,layout_fp16_m128n256k16_sw128_off32,0,misaligned address,,,580.00,13.0,PTX ISA 9.3 / CUDA 13.0,1575.000,,,,fp16,128,256,16,32,128,50,4,discard,same,2,2,32,1,nocount,sw128,sw128,16,16,16,32,512,0,256,none,0,none,0,4,,nan,nan,,,,,12288,,,,,,nan,0,bf14b28d2af4128daa99f23eec8a5e105636d0b04136f8be580fdc39d6f1f97d,
04_smem_layout_address,layout_bf16_m128n64k16_sw128_off16,0,misaligned address,,,580.00,13.0,PTX ISA 9.3 / CUDA 13.0,1575.000,,,,bf16,128,64,16,32,128,51,0,discard,same,8,8,32,1,nocount,sw128,sw128,16,16,16,16,512,0,64,none,0,none,0,4,,nan,nan,,,,,6144,,,,,,nan,0,bf14b28d2af4128daa99f23eec8a5e105636d0b04136f8be580fdc39d6f1f97d,; UTCHMMA=21;UTCHMMA_WS=16;UTCBAR=1;UTCATOMSWS=3;SYNCS_TRYWAIT=8;LDS=21;LDG=9;ptx_tcgen05_mma=21;ptx_tcgen05_mma_ws=16;ptx_tcgen05_commit=1;ptx_tcgen05_alloc=1;ptx_tcgen05_dealloc=1;ptx_tcgen05_ld=5;ptx_tcgen05_st=5;ptx_mbarrier_wait=5;ptx_cp_async_tma=2;ptx_ld_shared=26;ptx_ld_global=7
04_smem_layout_address,layout_bf16_m128n64k16_sw128_off16,0,misaligned address,,,580.00,13.0,PTX ISA 9.3 / CUDA 13.0,1575.000,,,,bf16,128,64,16,32,128,51,1,discard,same,8,8,32,1,nocount,sw128,sw128,16,16,16,16,512,0,64,none,0,none,0,4,,nan,nan,,,,,6144,,,,,,nan,0,bf14b28d2af4128daa99f23eec8a5e105636d0b04136f8be580fdc39d6f1f97d,
04_smem_layout_address,layout_bf16_m128n64k16_sw128_off16,0,misaligned address,,,580.00,13.0,PTX ISA 9.3 / CUDA 13.0,1575.000,,,,bf16,128,64,16,32,128,51,2,discard,same,8,8,32,1,nocount,sw128,sw128,16,16,16,16,512,0,64,none,0,none,0,4,,nan,nan,,,,,6144,,,,,,nan,0,bf14b28d2af4128daa99f23eec8a5e105636d0b04136f8be580fdc39d6f1f97d,
04_smem_layout_address,layout_bf16_m128n64k16_sw128_off16,0,misaligned address,,,580.00,13.0,PTX ISA 9.3 / CUDA 13.0,1575.000,,,,bf16,128,64,16,32,128,51,3,discard,same,8,8,32,1,nocount,sw128,sw128,16,16,16,16,512,0,64,none,0,none,0,4,,nan,nan,,,,,6144,,,,,,nan,0,bf14b28d2af4128daa99f23eec8a5e105636d0b04136f8be580fdc39d6f1f97d,
04_smem_layout_address,layout_bf16_m128n64k16_sw128_off16,0,misaligned address,,,580.00,13.0,PTX ISA 9.3 / CUDA 13.0,1575.000,,,,bf16,128,64,16,32,128,51,4,discard,same,8,8,32,1,nocount,sw128,sw128,16,16,16,16,512,0,64,none,0,none,0,4,,nan,nan,,,,,6144,,,,,,nan,0,bf14b28d2af4128daa99f23eec8a5e105636d0b04136f8be580fdc39d6f1f97d,
04_smem_layout_address,layout_bf16_m128n256k16_none_off64,0,misaligned address,,,580.00,13.0,PTX ISA 9.3 / CUDA 13.0,1575.000,,,,bf16,128,256,16,32,128,52,0,discard,same,2,2,32,1,nocount,none,none,16,16,16,64,512,0,256,none,0,none,0,4,,nan,nan,,,,,12288,,,,,,nan,0,bf14b28d2af4128daa99f23eec8a5e105636d0b04136f8be580fdc39d6f1f97d,; UTCHMMA=21;UTCHMMA_WS=16;UTCBAR=1;UTCATOMSWS=3;SYNCS_TRYWAIT=8;LDS=21;LDG=9;ptx_tcgen05_mma=21;ptx_tcgen05_mma_ws=16;ptx_tcgen05_commit=1;ptx_tcgen05_alloc=1;ptx_tcgen05_dealloc=1;ptx_tcgen05_ld=5;ptx_tcgen05_st=5;ptx_mbarrier_wait=5;ptx_cp_async_tma=2;ptx_ld_shared=26;ptx_ld_global=7
04_smem_layout_address,layout_bf16_m128n256k16_none_off64,0,misaligned address,,,580.00,13.0,PTX ISA 9.3 / CUDA 13.0,1575.000,,,,bf16,128,256,16,32,128,52,1,discard,same,2,2,32,1,nocount,none,none,16,16,16,64,512,0,256,none,0,none,0,4,,nan,nan,,,,,12288,,,,,,nan,0,bf14b28d2af4128daa99f23eec8a5e105636d0b04136f8be580fdc39d6f1f97d,
04_smem_layout_address,layout_bf16_m128n256k16_none_off64,0,misaligned address,,,580.00,13.0,PTX ISA 9.3 / CUDA 13.0,1575.000,,,,bf16,128,256,16,32,128,52,2,discard,same,2,2,32,1,nocount,none,none,16,16,16,64,512,0,256,none,0,none,0,4,,nan,nan,,,,,12288,,,,,,nan,0,bf14b28d2af4128daa99f23eec8a5e105636d0b04136f8be580fdc39d6f1f97d,
04_smem_layout_address,layout_bf16_m128n256k16_none_off64,0,misaligned address,,,580.00,13.0,PTX ISA 9.3 / CUDA 13.0,1575.000,,,,bf16,128,256,16,32,128,52,3,discard,same,2,2,32,1,nocount,none,none,16,16,16,64,512,0,256,none,0,none,0,4,,nan,nan,,,,,12288,,,,,,nan,0,bf14b28d2af4128daa99f23eec8a5e105636d0b04136f8be580fdc39d6f1f97d,
04_smem_layout_address,layout_bf16_m128n256k16_none_off64,0,misaligned address,,,580.00,13.0,PTX ISA 9.3 / CUDA 13.0,1575.000,,,,bf16,128,256,16,32,128,52,4,discard,same,2,2,32,1,nocount,none,none,16,16,16,64,512,0,256,none,0,none,0,4,,nan,nan,,,,,12288,,,,,,nan,0,bf14b28d2af4128daa99f23eec8a5e105636d0b04136f8be580fdc39d6f1f97d,
04_smem_layout_address,layout_fp16_m128n256k16_sw128_off64,0,misaligned address,,,580.00,13.0,PTX ISA 9.3 / CUDA 13.0,1575.000,,,,fp16,128,256,16,32,128,53,0,discard,same,2,2,32,1,nocount,sw128,sw128,16,16,16,64,512,0,256,none,0,none,0,4,,nan,nan,,,,,12288,,,,,,nan,0,bf14b28d2af4128daa99f23eec8a5e105636d0b04136f8be580fdc39d6f1f97d,; UTCHMMA=21;UTCHMMA_WS=16;UTCBAR=1;UTCATOMSWS=3;SYNCS_TRYWAIT=8;LDS=21;LDG=9;ptx_tcgen05_mma=21;ptx_tcgen05_mma_ws=16;ptx_tcgen05_commit=1;ptx_tcgen05_alloc=1;ptx_tcgen05_dealloc=1;ptx_tcgen05_ld=5;ptx_tcgen05_st=5;ptx_mbarrier_wait=5;ptx_cp_async_tma=2;ptx_ld_shared=26;ptx_ld_global=7
04_smem_layout_address,layout_fp16_m128n256k16_sw128_off64,0,misaligned address,,,580.00,13.0,PTX ISA 9.3 / CUDA 13.0,1575.000,,,,fp16,128,256,16,32,128,53,1,discard,same,2,2,32,1,nocount,sw128,sw128,16,16,16,64,512,0,256,none,0,none,0,4,,nan,nan,,,,,12288,,,,,,nan,0,bf14b28d2af4128daa99f23eec8a5e105636d0b04136f8be580fdc39d6f1f97d,
04_smem_layout_address,layout_fp16_m128n256k16_sw128_off64,0,misaligned address,,,580.00,13.0,PTX ISA 9.3 / CUDA 13.0,1575.000,,,,fp16,128,256,16,32,128,53,2,discard,same,2,2,32,1,nocount,sw128,sw128,16,16,16,64,512,0,256,none,0,none,0,4,,nan,nan,,,,,12288,,,,,,nan,0,bf14b28d2af4128daa99f23eec8a5e105636d0b04136f8be580fdc39d6f1f97d,
04_smem_layout_address,layout_fp16_m128n256k16_sw128_off64,0,misaligned address,,,580.00,13.0,PTX ISA 9.3 / CUDA 13.0,1575.000,,,,fp16,128,256,16,32,128,53,3,discard,same,2,2,32,1,nocount,sw128,sw128,16,16,16,64,512,0,256,none,0,none,0,4,,nan,nan,,,,,12288,,,,,,nan,0,bf14b28d2af4128daa99f23eec8a5e105636d0b04136f8be580fdc39d6f1f97d,
04_smem_layout_address,layout_fp16_m128n256k16_sw128_off64,0,misaligned address,,,580.00,13.0,PTX ISA 9.3 / CUDA 13.0,1575.000,,,,fp16,128,256,16,32,128,53,4,discard,same,2,2,32,1,nocount,sw128,sw128,16,16,16,64,512,0,256,none,0,none,0,4,,nan,nan,,,,,12288,,,,,,nan,0,bf14b28d2af4128daa99f23eec8a5e105636d0b04136f8be580fdc39d6f1f97d,
04_smem_layout_address,layout_bf16_m128n256k16_none_off0,0,max_abs_error>0.25,NVIDIA Thor,11.0,580.00,13.0,PTX ISA 9.3 / CUDA 13.0,1575.000,,,,bf16,128,256,16,32,128,54,0,discard,same,2,2,32,1,nocount,none,none,16,16,16,0,512,0,256,none,0,none,0,4,20,3678184.0,2335.3549206349207,,,,,12288,,36.782137550486866,,,0,0.83203125,1,bf14b28d2af4128daa99f23eec8a5e105636d0b04136f8be580fdc39d6f1f97d,; UTCHMMA=21;UTCHMMA_WS=16;UTCBAR=1;UTCATOMSWS=3;SYNCS_TRYWAIT=8;LDS=21;LDG=9;ptx_tcgen05_mma=21;ptx_tcgen05_mma_ws=16;ptx_tcgen05_commit=1;ptx_tcgen05_alloc=1;ptx_tcgen05_dealloc=1;ptx_tcgen05_ld=5;ptx_tcgen05_st=5;ptx_mbarrier_wait=5;ptx_cp_async_tma=2;ptx_ld_shared=26;ptx_ld_global=7
04_smem_layout_address,layout_bf16_m128n256k16_none_off0,0,max_abs_error>0.25,NVIDIA Thor,11.0,580.00,13.0,PTX ISA 9.3 / CUDA 13.0,1575.000,,,,bf16,128,256,16,32,128,54,1,discard,same,2,2,32,1,nocount,none,none,16,16,16,0,512,0,256,none,0,none,0,4,20,3678184.0,2335.3549206349207,,,,,12288,,36.782137550486866,,,0,0.83203125,1,bf14b28d2af4128daa99f23eec8a5e105636d0b04136f8be580fdc39d6f1f97d,
04_smem_layout_address,layout_bf16_m128n256k16_none_off0,0,max_abs_error>0.25,NVIDIA Thor,11.0,580.00,13.0,PTX ISA 9.3 / CUDA 13.0,1575.000,,,,bf16,128,256,16,32,128,54,2,discard,same,2,2,32,1,nocount,none,none,16,16,16,0,512,0,256,none,0,none,0,4,20,3678180.0,2335.352380952381,,,,,12288,,36.78217755085395,,,0,0.83203125,1,bf14b28d2af4128daa99f23eec8a5e105636d0b04136f8be580fdc39d6f1f97d,
04_smem_layout_address,layout_bf16_m128n256k16_none_off0,0,max_abs_error>0.25,NVIDIA Thor,11.0,580.00,13.0,PTX ISA 9.3 / CUDA 13.0,1575.000,,,,bf16,128,256,16,32,128,54,3,discard,same,2,2,32,1,nocount,none,none,16,16,16,0,512,0,256,none,0,none,0,4,20,3678179.0,2335.351746031746,,,,,12288,,36.78218755095932,,,0,0.83203125,1,bf14b28d2af4128daa99f23eec8a5e105636d0b04136f8be580fdc39d6f1f97d,
04_smem_layout_address,layout_bf16_m128n256k16_none_off0,0,max_abs_error>0.25,NVIDIA Thor,11.0,580.00,13.0,PTX ISA 9.3 / CUDA 13.0,1575.000,,,,bf16,128,256,16,32,128,54,4,discard,same,2,2,32,1,nocount,none,none,16,16,16,0,512,0,256,none,0,none,0,4,20,3678183.0,2335.3542857142857,,,,,12288,,36.782147550570485,,,0,0.83203125,1,bf14b28d2af4128daa99f23eec8a5e105636d0b04136f8be580fdc39d6f1f97d,
04_smem_layout_address,layout_fp16_m128n128k16_sw64_off0,1,,NVIDIA Thor,11.0,580.00,13.0,PTX ISA 9.3 / CUDA 13.0,1575.000,,,,fp16,128,128,16,32,128,55,0,discard,same,4,4,32,1,nocount,sw64,sw64,16,16,16,0,512,0,128,none,0,none,0,4,20,3563111.0,2262.2926984126984,,,,,8192,,18.985020368997766,,,0,0.0,1,bf14b28d2af4128daa99f23eec8a5e105636d0b04136f8be580fdc39d6f1f97d,; UTCHMMA=21;UTCHMMA_WS=16;UTCBAR=1;UTCATOMSWS=3;SYNCS_TRYWAIT=8;LDS=21;LDG=9;ptx_tcgen05_mma=21;ptx_tcgen05_mma_ws=16;ptx_tcgen05_commit=1;ptx_tcgen05_alloc=1;ptx_tcgen05_dealloc=1;ptx_tcgen05_ld=5;ptx_tcgen05_st=5;ptx_mbarrier_wait=5;ptx_cp_async_tma=2;ptx_ld_shared=26;ptx_ld_global=7
04_smem_layout_address,layout_fp16_m128n128k16_sw64_off0,1,,NVIDIA Thor,11.0,580.00,13.0,PTX ISA 9.3 / CUDA 13.0,1575.000,,,,fp16,128,128,16,32,128,55,1,discard,same,4,4,32,1,nocount,sw64,sw64,16,16,16,0,512,0,128,none,0,none,0,4,20,3563097.0,2262.2838095238094,,,,,8192,,18.98509496429651,,,0,0.0,1,bf14b28d2af4128daa99f23eec8a5e105636d0b04136f8be580fdc39d6f1f97d,
04_smem_layout_address,layout_fp16_m128n128k16_sw64_off0,1,,NVIDIA Thor,11.0,580.00,13.0,PTX ISA 9.3 / CUDA 13.0,1575.000,,,,fp16,128,128,16,32,128,55,2,discard,same,4,4,32,1,nocount,sw64,sw64,16,16,16,0,512,0,128,none,0,none,0,4,20,3562778.0,2262.08126984127,,,,,8192,,18.98679483032622,,,0,0.0,1,bf14b28d2af4128daa99f23eec8a5e105636d0b04136f8be580fdc39d6f1f97d,
04_smem_layout_address,layout_fp16_m128n128k16_sw64_off0,1,,NVIDIA Thor,11.0,580.00,13.0,PTX ISA 9.3 / CUDA 13.0,1575.000,,,,fp16,128,128,16,32,128,55,3,discard,same,4,4,32,1,nocount,sw64,sw64,16,16,16,0,512,0,128,none,0,none,0,4,20,3563110.0,2262.2920634920633,,,,,8192,,18.98502569721395,,,0,0.0,1,bf14b28d2af4128daa99f23eec8a5e105636d0b04136f8be580fdc39d6f1f97d,
04_smem_layout_address,layout_fp16_m128n128k16_sw64_off0,1,,NVIDIA Thor,11.0,580.00,13.0,PTX ISA 9.3 / CUDA 13.0,1575.000,,,,fp16,128,128,16,32,128,55,4,discard,same,4,4,32,1,nocount,sw64,sw64,16,16,16,0,512,0,128,none,0,none,0,4,20,3563107.0,2262.290158730159,,,,,8192,,18.985041681880446,,,0,0.0,1,bf14b28d2af4128daa99f23eec8a5e105636d0b04136f8be580fdc39d6f1f97d,
04_smem_layout_address,layout_bf16_m128n128k16_sw32_off16,0,misaligned address,,,580.00,13.0,PTX ISA 9.3 / CUDA 13.0,1575.000,,,,bf16,128,128,16,32,128,56,0,discard,same,4,4,32,1,nocount,sw32,sw32,16,16,16,16,512,0,128,none,0,none,0,4,,nan,nan,,,,,8192,,,,,,nan,0,bf14b28d2af4128daa99f23eec8a5e105636d0b04136f8be580fdc39d6f1f97d,; UTCHMMA=21;UTCHMMA_WS=16;UTCBAR=1;UTCATOMSWS=3;SYNCS_TRYWAIT=8;LDS=21;LDG=9;ptx_tcgen05_mma=21;ptx_tcgen05_mma_ws=16;ptx_tcgen05_commit=1;ptx_tcgen05_alloc=1;ptx_tcgen05_dealloc=1;ptx_tcgen05_ld=5;ptx_tcgen05_st=5;ptx_mbarrier_wait=5;ptx_cp_async_tma=2;ptx_ld_shared=26;ptx_ld_global=7
04_smem_layout_address,layout_bf16_m128n128k16_sw32_off16,0,misaligned address,,,580.00,13.0,PTX ISA 9.3 / CUDA 13.0,1575.000,,,,bf16,128,128,16,32,128,56,1,discard,same,4,4,32,1,nocount,sw32,sw32,16,16,16,16,512,0,128,none,0,none,0,4,,nan,nan,,,,,8192,,,,,,nan,0,bf14b28d2af4128daa99f23eec8a5e105636d0b04136f8be580fdc39d6f1f97d,
04_smem_layout_address,layout_bf16_m128n128k16_sw32_off16,0,misaligned address,,,580.00,13.0,PTX ISA 9.3 / CUDA 13.0,1575.000,,,,bf16,128,128,16,32,128,56,2,discard,same,4,4,32,1,nocount,sw32,sw32,16,16,16,16,512,0,128,none,0,none,0,4,,nan,nan,,,,,8192,,,,,,nan,0,bf14b28d2af4128daa99f23eec8a5e105636d0b04136f8be580fdc39d6f1f97d,
04_smem_layout_address,layout_bf16_m128n128k16_sw32_off16,0,misaligned address,,,580.00,13.0,PTX ISA 9.3 / CUDA 13.0,1575.000,,,,bf16,128,128,16,32,128,56,3,discard,same,4,4,32,1,nocount,sw32,sw32,16,16,16,16,512,0,128,none,0,none,0,4,,nan,nan,,,,,8192,,,,,,nan,0,bf14b28d2af4128daa99f23eec8a5e105636d0b04136f8be580fdc39d6f1f97d,
04_smem_layout_address,layout_bf16_m128n128k16_sw32_off16,0,misaligned address,,,580.00,13.0,PTX ISA 9.3 / CUDA 13.0,1575.000,,,,bf16,128,128,16,32,128,56,4,discard,same,4,4,32,1,nocount,sw32,sw32,16,16,16,16,512,0,128,none,0,none,0,4,,nan,nan,,,,,8192,,,,,,nan,0,bf14b28d2af4128daa99f23eec8a5e105636d0b04136f8be580fdc39d6f1f97d,
04_smem_layout_address,layout_bf16_m128n128k16_sw64_off0,1,,NVIDIA Thor,11.0,580.00,13.0,PTX ISA 9.3 / CUDA 13.0,1575.000,,,,bf16,128,128,16,32,128,57,0,discard,same,4,4,32,1,nocount,sw64,sw64,16,16,16,0,512,0,128,none,0,none,0,4,20,3562779.0,2262.0819047619048,,,,,8192,,18.986789501116967,,,0,0.0,1,bf14b28d2af4128daa99f23eec8a5e105636d0b04136f8be580fdc39d6f1f97d,; UTCHMMA=21;UTCHMMA_WS=16;UTCBAR=1;UTCATOMSWS=3;SYNCS_TRYWAIT=8;LDS=21;LDG=9;ptx_tcgen05_mma=21;ptx_tcgen05_mma_ws=16;ptx_tcgen05_commit=1;ptx_tcgen05_alloc=1;ptx_tcgen05_dealloc=1;ptx_tcgen05_ld=5;ptx_tcgen05_st=5;ptx_mbarrier_wait=5;ptx_cp_async_tma=2;ptx_ld_shared=26;ptx_ld_global=7
04_smem_layout_address,layout_bf16_m128n128k16_sw64_off0,1,,NVIDIA Thor,11.0,580.00,13.0,PTX ISA 9.3 / CUDA 13.0,1575.000,,,,bf16,128,128,16,32,128,57,1,discard,same,4,4,32,1,nocount,sw64,sw64,16,16,16,0,512,0,128,none,0,none,0,4,20,3562795.0,2262.0920634920635,,,,,8192,,18.986704234175697,,,0,0.0,1,bf14b28d2af4128daa99f23eec8a5e105636d0b04136f8be580fdc39d6f1f97d,
04_smem_layout_address,layout_bf16_m128n128k16_sw64_off0,1,,NVIDIA Thor,11.0,580.00,13.0,PTX ISA 9.3 / CUDA 13.0,1575.000,,,,bf16,128,128,16,32,128,57,2,discard,same,4,4,32,1,nocount,sw64,sw64,16,16,16,0,512,0,128,none,0,none,0,4,20,3563116.0,2262.295873015873,,,,,8192,,18.984993727961708,,,0,0.0,1,bf14b28d2af4128daa99f23eec8a5e105636d0b04136f8be580fdc39d6f1f97d,
04_smem_layout_address,layout_bf16_m128n128k16_sw64_off0,1,,NVIDIA Thor,11.0,580.00,13.0,PTX ISA 9.3 / CUDA 13.0,1575.000,,,,bf16,128,128,16,32,128,57,3,discard,same,4,4,32,1,nocount,sw64,sw64,16,16,16,0,512,0,128,none,0,none,0,4,20,3563110.0,2262.2920634920633,,,,,8192,,18.98502569721395,,,0,0.0,1,bf14b28d2af4128daa99f23eec8a5e105636d0b04136f8be580fdc39d6f1f97d,
04_smem_layout_address,layout_bf16_m128n128k16_sw64_off0,1,,NVIDIA Thor,11.0,580.00,13.0,PTX ISA 9.3 / CUDA 13.0,1575.000,,,,bf16,128,128,16,32,128,57,4,discard,same,4,4,32,1,nocount,sw64,sw64,16,16,16,0,512,0,128,none,0,none,0,4,20,3563110.0,2262.2920634920633,,,,,8192,,18.98502569721395,,,0,0.0,1,bf14b28d2af4128daa99f23eec8a5e105636d0b04136f8be580fdc39d6f1f97d,
04_smem_layout_address,layout_bf16_m128n256k16_sw128_off256,1,,NVIDIA Thor,11.0,580.00,13.0,PTX ISA 9.3 / CUDA 13.0,1575.000,,,,bf16,128,256,16,32,128,58,0,discard,same,2,2,32,1,nocount,sw128,sw128,16,16,16,256,512,0,256,none,0,none,0,4,20,3678187.0,2335.3568253968256,,,,,12288,,36.78210755026865,,,0,0.0,1,bf14b28d2af4128daa99f23eec8a5e105636d0b04136f8be580fdc39d6f1f97d,; UTCHMMA=21;UTCHMMA_WS=16;UTCBAR=1;UTCATOMSWS=3;SYNCS_TRYWAIT=8;LDS=21;LDG=9;ptx_tcgen05_mma=21;ptx_tcgen05_mma_ws=16;ptx_tcgen05_commit=1;ptx_tcgen05_alloc=1;ptx_tcgen05_dealloc=1;ptx_tcgen05_ld=5;ptx_tcgen05_st=5;ptx_mbarrier_wait=5;ptx_cp_async_tma=2;ptx_ld_shared=26;ptx_ld_global=7
04_smem_layout_address,layout_bf16_m128n256k16_sw128_off256,1,,NVIDIA Thor,11.0,580.00,13.0,PTX ISA 9.3 / CUDA 13.0,1575.000,,,,bf16,128,256,16,32,128,58,1,discard,same,2,2,32,1,nocount,sw128,sw128,16,16,16,256,512,0,256,none,0,none,0,4,20,3678178.0,2335.351111111111,,,,,12288,,36.78219755107013,,,0,0.0,1,bf14b28d2af4128daa99f23eec8a5e105636d0b04136f8be580fdc39d6f1f97d,
04_smem_layout_address,layout_bf16_m128n256k16_sw128_off256,1,,NVIDIA Thor,11.0,580.00,13.0,PTX ISA 9.3 / CUDA 13.0,1575.000,,,,bf16,128,256,16,32,128,58,2,discard,same,2,2,32,1,nocount,sw128,sw128,16,16,16,256,512,0,256,none,0,none,0,4,20,3678178.0,2335.351111111111,,,,,12288,,36.78219755107013,,,0,0.0,1,bf14b28d2af4128daa99f23eec8a5e105636d0b04136f8be580fdc39d6f1f97d,
04_smem_layout_address,layout_bf16_m128n256k16_sw128_off256,1,,NVIDIA Thor,11.0,580.00,13.0,PTX ISA 9.3 / CUDA 13.0,1575.000,,,,bf16,128,256,16,32,128,58,3,discard,same,2,2,32,1,nocount,sw128,sw128,16,16,16,256,512,0,256,none,0,none,0,4,20,3678178.0,2335.351111111111,,,,,12288,,36.78219755107013,,,0,0.0,1,bf14b28d2af4128daa99f23eec8a5e105636d0b04136f8be580fdc39d6f1f97d,
04_smem_layout_address,layout_bf16_m128n256k16_sw128_off256,1,,NVIDIA Thor,11.0,580.00,13.0,PTX ISA 9.3 / CUDA 13.0,1575.000,,,,bf16,128,256,16,32,128,58,4,discard,same,2,2,32,1,nocount,sw128,sw128,16,16,16,256,512,0,256,none,0,none,0,4,20,3678177.0,2335.3504761904765,,,,,12288,,36.78220755118636,,,0,0.0,1,bf14b28d2af4128daa99f23eec8a5e105636d0b04136f8be580fdc39d6f1f97d,
04_smem_layout_address,layout_fp16_m128n256k16_none_off64,0,misaligned address,,,580.00,13.0,PTX ISA 9.3 / CUDA 13.0,1575.000,,,,fp16,128,256,16,32,128,59,0,discard,same,2,2,32,1,nocount,none,none,16,16,16,64,512,0,256,none,0,none,0,4,,nan,nan,,,,,12288,,,,,,nan,0,bf14b28d2af4128daa99f23eec8a5e105636d0b04136f8be580fdc39d6f1f97d,; UTCHMMA=21;UTCHMMA_WS=16;UTCBAR=1;UTCATOMSWS=3;SYNCS_TRYWAIT=8;LDS=21;LDG=9;ptx_tcgen05_mma=21;ptx_tcgen05_mma_ws=16;ptx_tcgen05_commit=1;ptx_tcgen05_alloc=1;ptx_tcgen05_dealloc=1;ptx_tcgen05_ld=5;ptx_tcgen05_st=5;ptx_mbarrier_wait=5;ptx_cp_async_tma=2;ptx_ld_shared=26;ptx_ld_global=7
04_smem_layout_address,layout_fp16_m128n256k16_none_off64,0,misaligned address,,,580.00,13.0,PTX ISA 9.3 / CUDA 13.0,1575.000,,,,fp16,128,256,16,32,128,59,1,discard,same,2,2,32,1,nocount,none,none,16,16,16,64,512,0,256,none,0,none,0,4,,nan,nan,,,,,12288,,,,,,nan,0,bf14b28d2af4128daa99f23eec8a5e105636d0b04136f8be580fdc39d6f1f97d,
04_smem_layout_address,layout_fp16_m128n256k16_none_off64,0,misaligned address,,,580.00,13.0,PTX ISA 9.3 / CUDA 13.0,1575.000,,,,fp16,128,256,16,32,128,59,2,discard,same,2,2,32,1,nocount,none,none,16,16,16,64,512,0,256,none,0,none,0,4,,nan,nan,,,,,12288,,,,,,nan,0,bf14b28d2af4128daa99f23eec8a5e105636d0b04136f8be580fdc39d6f1f97d,
04_smem_layout_address,layout_fp16_m128n256k16_none_off64,0,misaligned address,,,580.00,13.0,PTX ISA 9.3 / CUDA 13.0,1575.000,,,,fp16,128,256,16,32,128,59,3,discard,same,2,2,32,1,nocount,none,none,16,16,16,64,512,0,256,none,0,none,0,4,,nan,nan,,,,,12288,,,,,,nan,0,bf14b28d2af4128daa99f23eec8a5e105636d0b04136f8be580fdc39d6f1f97d,
04_smem_layout_address,layout_fp16_m128n256k16_none_off64,0,misaligned address,,,580.00,13.0,PTX ISA 9.3 / CUDA 13.0,1575.000,,,,fp16,128,256,16,32,128,59,4,discard,same,2,2,32,1,nocount,none,none,16,16,16,64,512,0,256,none,0,none,0,4,,nan,nan,,,,,12288,,,,,,nan,0,bf14b28d2af4128daa99f23eec8a5e105636d0b04136f8be580fdc39d6f1f97d,
04_smem_layout_address,layout_bf16_m128n64k16_none_off128,0,max_abs_error>0.25,NVIDIA Thor,11.0,580.00,13.0,PTX ISA 9.3 / CUDA 13.0,1575.000,,,,bf16,128,64,16,32,128,60,0,discard,same,8,8,32,1,nocount,none,none,16,16,16,128,512,0,64,none,0,none,0,4,20,3678582.0,2335.607619047619,,,,,6144,,9.194539487226328,,,0,0.83203125,1,bf14b28d2af4128daa99f23eec8a5e105636d0b04136f8be580fdc39d6f1f97d,; UTCHMMA=21;UTCHMMA_WS=16;UTCBAR=1;UTCATOMSWS=3;SYNCS_TRYWAIT=8;LDS=21;LDG=9;ptx_tcgen05_mma=21;ptx_tcgen05_mma_ws=16;ptx_tcgen05_commit=1;ptx_tcgen05_alloc=1;ptx_tcgen05_dealloc=1;ptx_tcgen05_ld=5;ptx_tcgen05_st=5;ptx_mbarrier_wait=5;ptx_cp_async_tma=2;ptx_ld_shared=26;ptx_ld_global=7
04_smem_layout_address,layout_bf16_m128n64k16_none_off128,0,max_abs_error>0.25,NVIDIA Thor,11.0,580.00,13.0,PTX ISA 9.3 / CUDA 13.0,1575.000,,,,bf16,128,64,16,32,128,60,1,discard,same,8,8,32,1,nocount,none,none,16,16,16,128,512,0,64,none,0,none,0,4,20,3678619.0,2335.6311111111113,,,,,6144,,9.194447007423166,,,0,0.83203125,1,bf14b28d2af4128daa99f23eec8a5e105636d0b04136f8be580fdc39d6f1f97d,
04_smem_layout_address,layout_bf16_m128n64k16_none_off128,0,max_abs_error>0.25,NVIDIA Thor,11.0,580.00,13.0,PTX ISA 9.3 / CUDA 13.0,1575.000,,,,bf16,128,64,16,32,128,60,2,discard,same,8,8,32,1,nocount,none,none,16,16,16,128,512,0,64,none,0,none,0,4,20,3678583.0,2335.608253968254,,,,,6144,,9.194536987747728,,,0,0.83203125,1,bf14b28d2af4128daa99f23eec8a5e105636d0b04136f8be580fdc39d6f1f97d,
04_smem_layout_address,layout_bf16_m128n64k16_none_off128,0,max_abs_error>0.25,NVIDIA Thor,11.0,580.00,13.0,PTX ISA 9.3 / CUDA 13.0,1575.000,,,,bf16,128,64,16,32,128,60,3,discard,same,8,8,32,1,nocount,none,none,16,16,16,128,512,0,64,none,0,none,0,4,20,3678629.0,2335.63746031746,,,,,6144,,9.194422013201116,,,0,0.83203125,1,bf14b28d2af4128daa99f23eec8a5e105636d0b04136f8be580fdc39d6f1f97d,
04_smem_layout_address,layout_bf16_m128n64k16_none_off128,0,max_abs_error>0.25,NVIDIA Thor,11.0,580.00,13.0,PTX ISA 9.3 / CUDA 13.0,1575.000,,,,bf16,128,64,16,32,128,60,4,discard,same,8,8,32,1,nocount,none,none,16,16,16,128,512,0,64,none,0,none,0,4,20,3678575.0,2335.603174603175,,,,,6144,,9.194556983614579,,,0,0.83203125,1,bf14b28d2af4128daa99f23eec8a5e105636d0b04136f8be580fdc39d6f1f97d,
04_smem_layout_address,layout_fp16_m128n64k16_sw64_off16,0,misaligned address,,,580.00,13.0,PTX ISA 9.3 / CUDA 13.0,1575.000,,,,fp16,128,64,16,32,128,61,0,discard,same,8,8,32,1,nocount,sw64,sw64,16,16,16,16,512,0,64,none,0,none,0,4,,nan,nan,,,,,6144,,,,,,nan,0,bf14b28d2af4128daa99f23eec8a5e105636d0b04136f8be580fdc39d6f1f97d,; UTCHMMA=21;UTCHMMA_WS=16;UTCBAR=1;UTCATOMSWS=3;SYNCS_TRYWAIT=8;LDS=21;LDG=9;ptx_tcgen05_mma=21;ptx_tcgen05_mma_ws=16;ptx_tcgen05_commit=1;ptx_tcgen05_alloc=1;ptx_tcgen05_dealloc=1;ptx_tcgen05_ld=5;ptx_tcgen05_st=5;ptx_mbarrier_wait=5;ptx_cp_async_tma=2;ptx_ld_shared=26;ptx_ld_global=7
04_smem_layout_address,layout_fp16_m128n64k16_sw64_off16,0,misaligned address,,,580.00,13.0,PTX ISA 9.3 / CUDA 13.0,1575.000,,,,fp16,128,64,16,32,128,61,1,discard,same,8,8,32,1,nocount,sw64,sw64,16,16,16,16,512,0,64,none,0,none,0,4,,nan,nan,,,,,6144,,,,,,nan,0,bf14b28d2af4128daa99f23eec8a5e105636d0b04136f8be580fdc39d6f1f97d,
04_smem_layout_address,layout_fp16_m128n64k16_sw64_off16,0,misaligned address,,,580.00,13.0,PTX ISA 9.3 / CUDA 13.0,1575.000,,,,fp16,128,64,16,32,128,61,2,discard,same,8,8,32,1,nocount,sw64,sw64,16,16,16,16,512,0,64,none,0,none,0,4,,nan,nan,,,,,6144,,,,,,nan,0,bf14b28d2af4128daa99f23eec8a5e105636d0b04136f8be580fdc39d6f1f97d,
04_smem_layout_address,layout_fp16_m128n64k16_sw64_off16,0,misaligned address,,,580.00,13.0,PTX ISA 9.3 / CUDA 13.0,1575.000,,,,fp16,128,64,16,32,128,61,3,discard,same,8,8,32,1,nocount,sw64,sw64,16,16,16,16,512,0,64,none,0,none,0,4,,nan,nan,,,,,6144,,,,,,nan,0,bf14b28d2af4128daa99f23eec8a5e105636d0b04136f8be580fdc39d6f1f97d,
04_smem_layout_address,layout_fp16_m128n64k16_sw64_off16,0,misaligned address,,,580.00,13.0,PTX ISA 9.3 / CUDA 13.0,1575.000,,,,fp16,128,64,16,32,128,61,4,discard,same,8,8,32,1,nocount,sw64,sw64,16,16,16,16,512,0,64,none,0,none,0,4,,nan,nan,,,,,6144,,,,,,nan,0,bf14b28d2af4128daa99f23eec8a5e105636d0b04136f8be580fdc39d6f1f97d,
04_smem_layout_address,layout_fp16_m128n128k16_none_off32,0,misaligned address,,,580.00,13.0,PTX ISA 9.3 / CUDA 13.0,1575.000,,,,fp16,128,128,16,32,128,62,0,discard,same,4,4,32,1,nocount,none,none,16,16,16,32,512,0,128,none,0,none,0,4,,nan,nan,,,,,8192,,,,,,nan,0,bf14b28d2af4128daa99f23eec8a5e105636d0b04136f8be580fdc39d6f1f97d,; UTCHMMA=21;UTCHMMA_WS=16;UTCBAR=1;UTCATOMSWS=3;SYNCS_TRYWAIT=8;LDS=21;LDG=9;ptx_tcgen05_mma=21;ptx_tcgen05_mma_ws=16;ptx_tcgen05_commit=1;ptx_tcgen05_alloc=1;ptx_tcgen05_dealloc=1;ptx_tcgen05_ld=5;ptx_tcgen05_st=5;ptx_mbarrier_wait=5;ptx_cp_async_tma=2;ptx_ld_shared=26;ptx_ld_global=7
04_smem_layout_address,layout_fp16_m128n128k16_none_off32,0,misaligned address,,,580.00,13.0,PTX ISA 9.3 / CUDA 13.0,1575.000,,,,fp16,128,128,16,32,128,62,1,discard,same,4,4,32,1,nocount,none,none,16,16,16,32,512,0,128,none,0,none,0,4,,nan,nan,,,,,8192,,,,,,nan,0,bf14b28d2af4128daa99f23eec8a5e105636d0b04136f8be580fdc39d6f1f97d,
04_smem_layout_address,layout_fp16_m128n128k16_none_off32,0,misaligned address,,,580.00,13.0,PTX ISA 9.3 / CUDA 13.0,1575.000,,,,fp16,128,128,16,32,128,62,2,discard,same,4,4,32,1,nocount,none,none,16,16,16,32,512,0,128,none,0,none,0,4,,nan,nan,,,,,8192,,,,,,nan,0,bf14b28d2af4128daa99f23eec8a5e105636d0b04136f8be580fdc39d6f1f97d,
04_smem_layout_address,layout_fp16_m128n128k16_none_off32,0,misaligned address,,,580.00,13.0,PTX ISA 9.3 / CUDA 13.0,1575.000,,,,fp16,128,128,16,32,128,62,3,discard,same,4,4,32,1,nocount,none,none,16,16,16,32,512,0,128,none,0,none,0,4,,nan,nan,,,,,8192,,,,,,nan,0,bf14b28d2af4128daa99f23eec8a5e105636d0b04136f8be580fdc39d6f1f97d,
04_smem_layout_address,layout_fp16_m128n128k16_none_off32,0,misaligned address,,,580.00,13.0,PTX ISA 9.3 / CUDA 13.0,1575.000,,,,fp16,128,128,16,32,128,62,4,discard,same,4,4,32,1,nocount,none,none,16,16,16,32,512,0,128,none,0,none,0,4,,nan,nan,,,,,8192,,,,,,nan,0,bf14b28d2af4128daa99f23eec8a5e105636d0b04136f8be580fdc39d6f1f97d,
04_smem_layout_address,layout_bf16_m128n256k16_sw32_off16,0,misaligned address,,,580.00,13.0,PTX ISA 9.3 / CUDA 13.0,1575.000,,,,bf16,128,256,16,32,128,63,0,discard,same,2,2,32,1,nocount,sw32,sw32,16,16,16,16,512,0,256,none,0,none,0,4,,nan,nan,,,,,12288,,,,,,nan,0,bf14b28d2af4128daa99f23eec8a5e105636d0b04136f8be580fdc39d6f1f97d,; UTCHMMA=21;UTCHMMA_WS=16;UTCBAR=1;UTCATOMSWS=3;SYNCS_TRYWAIT=8;LDS=21;LDG=9;ptx_tcgen05_mma=21;ptx_tcgen05_mma_ws=16;ptx_tcgen05_commit=1;ptx_tcgen05_alloc=1;ptx_tcgen05_dealloc=1;ptx_tcgen05_ld=5;ptx_tcgen05_st=5;ptx_mbarrier_wait=5;ptx_cp_async_tma=2;ptx_ld_shared=26;ptx_ld_global=7
04_smem_layout_address,layout_bf16_m128n256k16_sw32_off16,0,misaligned address,,,580.00,13.0,PTX ISA 9.3 / CUDA 13.0,1575.000,,,,bf16,128,256,16,32,128,63,1,discard,same,2,2,32,1,nocount,sw32,sw32,16,16,16,16,512,0,256,none,0,none,0,4,,nan,nan,,,,,12288,,,,,,nan,0,bf14b28d2af4128daa99f23eec8a5e105636d0b04136f8be580fdc39d6f1f97d,
04_smem_layout_address,layout_bf16_m128n256k16_sw32_off16,0,misaligned address,,,580.00,13.0,PTX ISA 9.3 / CUDA 13.0,1575.000,,,,bf16,128,256,16,32,128,63,2,discard,same,2,2,32,1,nocount,sw32,sw32,16,16,16,16,512,0,256,none,0,none,0,4,,nan,nan,,,,,12288,,,,,,nan,0,bf14b28d2af4128daa99f23eec8a5e105636d0b04136f8be580fdc39d6f1f97d,
04_smem_layout_address,layout_bf16_m128n256k16_sw32_off16,0,misaligned address,,,580.00,13.0,PTX ISA 9.3 / CUDA 13.0,1575.000,,,,bf16,128,256,16,32,128,63,3,discard,same,2,2,32,1,nocount,sw32,sw32,16,16,16,16,512,0,256,none,0,none,0,4,,nan,nan,,,,,12288,,,,,,nan,0,bf14b28d2af4128daa99f23eec8a5e105636d0b04136f8be580fdc39d6f1f97d,
04_smem_layout_address,layout_bf16_m128n256k16_sw32_off16,0,misaligned address,,,580.00,13.0,PTX ISA 9.3 / CUDA 13.0,1575.000,,,,bf16,128,256,16,32,128,63,4,discard,same,2,2,32,1,nocount,sw32,sw32,16,16,16,16,512,0,256,none,0,none,0,4,,nan,nan,,,,,12288,,,,,,nan,0,bf14b28d2af4128daa99f23eec8a5e105636d0b04136f8be580fdc39d6f1f97d,
04_smem_layout_address,layout_fp16_m128n64k16_none_off128,0,max_abs_error>0.05,NVIDIA Thor,11.0,580.00,13.0,PTX ISA 9.3 / CUDA 13.0,1575.000,,,,fp16,128,64,16,32,128,64,0,discard,same,8,8,32,1,nocount,none,none,16,16,16,128,512,0,64,none,0,none,0,4,20,3678581.0,2335.606984126984,,,,,6144,,9.194541986706287,,,0,0.83203125,1,bf14b28d2af4128daa99f23eec8a5e105636d0b04136f8be580fdc39d6f1f97d,; UTCHMMA=21;UTCHMMA_WS=16;UTCBAR=1;UTCATOMSWS=3;SYNCS_TRYWAIT=8;LDS=21;LDG=9;ptx_tcgen05_mma=21;ptx_tcgen05_mma_ws=16;ptx_tcgen05_commit=1;ptx_tcgen05_alloc=1;ptx_tcgen05_dealloc=1;ptx_tcgen05_ld=5;ptx_tcgen05_st=5;ptx_mbarrier_wait=5;ptx_cp_async_tma=2;ptx_ld_shared=26;ptx_ld_global=7
04_smem_layout_address,layout_fp16_m128n64k16_none_off128,0,max_abs_error>0.05,NVIDIA Thor,11.0,580.00,13.0,PTX ISA 9.3 / CUDA 13.0,1575.000,,,,fp16,128,64,16,32,128,64,1,discard,same,8,8,32,1,nocount,none,none,16,16,16,128,512,0,64,none,0,none,0,4,20,3678619.0,2335.6311111111113,,,,,6144,,9.194447007423166,,,0,0.83203125,1,bf14b28d2af4128daa99f23eec8a5e105636d0b04136f8be580fdc39d6f1f97d,
04_smem_layout_address,layout_fp16_m128n64k16_none_off128,0,max_abs_error>0.05,NVIDIA Thor,11.0,580.00,13.0,PTX ISA 9.3 / CUDA 13.0,1575.000,,,,fp16,128,64,16,32,128,64,2,discard,same,8,8,32,1,nocount,none,none,16,16,16,128,512,0,64,none,0,none,0,4,20,3678620.0,2335.631746031746,,,,,6144,,9.194444507994845,,,0,0.83203125,1,bf14b28d2af4128daa99f23eec8a5e105636d0b04136f8be580fdc39d6f1f97d,
04_smem_layout_address,layout_fp16_m128n64k16_none_off128,0,max_abs_error>0.05,NVIDIA Thor,11.0,580.00,13.0,PTX ISA 9.3 / CUDA 13.0,1575.000,,,,fp16,128,64,16,32,128,64,3,discard,same,8,8,32,1,nocount,none,none,16,16,16,128,512,0,64,none,0,none,0,4,20,3678581.0,2335.606984126984,,,,,6144,,9.194541986706287,,,0,0.83203125,1,bf14b28d2af4128daa99f23eec8a5e105636d0b04136f8be580fdc39d6f1f97d,
04_smem_layout_address,layout_fp16_m128n64k16_none_off128,0,max_abs_error>0.05,NVIDIA Thor,11.0,580.00,13.0,PTX ISA 9.3 / CUDA 13.0,1575.000,,,,fp16,128,64,16,32,128,64,4,discard,same,8,8,32,1,nocount,none,none,16,16,16,128,512,0,64,none,0,none,0,4,20,3678583.0,2335.608253968254,,,,,6144,,9.194536987747728,,,0,0.83203125,1,bf14b28d2af4128daa99f23eec8a5e105636d0b04136f8be580fdc39d6f1f97d,
04_smem_layout_address,layout_fp16_m128n128k16_sw64_off256,1,,NVIDIA Thor,11.0,580.00,13.0,PTX ISA 9.3 / CUDA 13.0,1575.000,,,,fp16,128,128,16,32,128,65,0,discard,same,4,4,32,1,nocount,sw64,sw64,16,16,16,256,512,0,128,none,0,none,0,4,20,3562787.0,2262.086984126984,,,,,8192,,18.986746867550597,,,0,0.0,1,bf14b28d2af4128daa99f23eec8a5e105636d0b04136f8be580fdc39d6f1f97d,; UTCHMMA=21;UTCHMMA_WS=16;UTCBAR=1;UTCATOMSWS=3;SYNCS_TRYWAIT=8;LDS=21;LDG=9;ptx_tcgen05_mma=21;ptx_tcgen05_mma_ws=16;ptx_tcgen05_commit=1;ptx_tcgen05_alloc=1;ptx_tcgen05_dealloc=1;ptx_tcgen05_ld=5;ptx_tcgen05_st=5;ptx_mbarrier_wait=5;ptx_cp_async_tma=2;ptx_ld_shared=26;ptx_ld_global=7
04_smem_layout_address,layout_fp16_m128n128k16_sw64_off256,1,,NVIDIA Thor,11.0,580.00,13.0,PTX ISA 9.3 / CUDA 13.0,1575.000,,,,fp16,128,128,16,32,128,65,1,discard,same,4,4,32,1,nocount,sw64,sw64,16,16,16,256,512,0,128,none,0,none,0,4,20,3563117.0,2262.296507936508,,,,,8192,,18.984988399763466,,,0,0.0,1,bf14b28d2af4128daa99f23eec8a5e105636d0b04136f8be580fdc39d6f1f97d,
04_smem_layout_address,layout_fp16_m128n128k16_sw64_off256,1,,NVIDIA Thor,11.0,580.00,13.0,PTX ISA 9.3 / CUDA 13.0,1575.000,,,,fp16,128,128,16,32,128,65,2,discard,same,4,4,32,1,nocount,sw64,sw64,16,16,16,256,512,0,128,none,0,none,0,4,20,3563116.0,2262.295873015873,,,,,8192,,18.984993727961708,,,0,0.0,1,bf14b28d2af4128daa99f23eec8a5e105636d0b04136f8be580fdc39d6f1f97d,
04_smem_layout_address,layout_fp16_m128n128k16_sw64_off256,1,,NVIDIA Thor,11.0,580.00,13.0,PTX ISA 9.3 / CUDA 13.0,1575.000,,,,fp16,128,128,16,32,128,65,3,discard,same,4,4,32,1,nocount,sw64,sw64,16,16,16,256,512,0,128,none,0,none,0,4,20,3563110.0,2262.2920634920633,,,,,8192,,18.98502569721395,,,0,0.0,1,bf14b28d2af4128daa99f23eec8a5e105636d0b04136f8be580fdc39d6f1f97d,
04_smem_layout_address,layout_fp16_m128n128k16_sw64_off256,1,,NVIDIA Thor,11.0,580.00,13.0,PTX ISA 9.3 / CUDA 13.0,1575.000,,,,fp16,128,128,16,32,128,65,4,discard,same,4,4,32,1,nocount,sw64,sw64,16,16,16,256,512,0,128,none,0,none,0,4,20,3563110.0,2262.2920634920633,,,,,8192,,18.98502569721395,,,0,0.0,1,bf14b28d2af4128daa99f23eec8a5e105636d0b04136f8be580fdc39d6f1f97d,
04_smem_layout_address,layout_bf16_m128n128k16_sw64_off128,1,,NVIDIA Thor,11.0,580.00,13.0,PTX ISA 9.3 / CUDA 13.0,1575.000,,,,bf16,128,128,16,32,128,66,0,discard,same,4,4,32,1,nocount,sw64,sw64,16,16,16,128,512,0,128,none,0,none,0,4,20,3563117.0,2262.296507936508,,,,,8192,,18.984988399763466,,,0,0.0,1,bf14b28d2af4128daa99f23eec8a5e105636d0b04136f8be580fdc39d6f1f97d,; UTCHMMA=21;UTCHMMA_WS=16;UTCBAR=1;UTCATOMSWS=3;SYNCS_TRYWAIT=8;LDS=21;LDG=9;ptx_tcgen05_mma=21;ptx_tcgen05_mma_ws=16;ptx_tcgen05_commit=1;ptx_tcgen05_alloc=1;ptx_tcgen05_dealloc=1;ptx_tcgen05_ld=5;ptx_tcgen05_st=5;ptx_mbarrier_wait=5;ptx_cp_async_tma=2;ptx_ld_shared=26;ptx_ld_global=7
04_smem_layout_address,layout_bf16_m128n128k16_sw64_off128,1,,NVIDIA Thor,11.0,580.00,13.0,PTX ISA 9.3 / CUDA 13.0,1575.000,,,,bf16,128,128,16,32,128,66,1,discard,same,4,4,32,1,nocount,sw64,sw64,16,16,16,128,512,0,128,none,0,none,0,4,20,3562980.0,2262.209523809524,,,,,8192,,18.98571839078524,,,0,0.0,1,bf14b28d2af4128daa99f23eec8a5e105636d0b04136f8be580fdc39d6f1f97d,
04_smem_layout_address,layout_bf16_m128n128k16_sw64_off128,1,,NVIDIA Thor,11.0,580.00,13.0,PTX ISA 9.3 / CUDA 13.0,1575.000,,,,bf16,128,128,16,32,128,66,2,discard,same,4,4,32,1,nocount,sw64,sw64,16,16,16,128,512,0,128,none,0,none,0,4,20,3563105.0,2262.2888888888892,,,,,8192,,18.985052338339734,,,0,0.0,1,bf14b28d2af4128daa99f23eec8a5e105636d0b04136f8be580fdc39d6f1f97d,
04_smem_layout_address,layout_bf16_m128n128k16_sw64_off128,1,,NVIDIA Thor,11.0,580.00,13.0,PTX ISA 9.3 / CUDA 13.0,1575.000,,,,bf16,128,128,16,32,128,66,3,discard,same,4,4,32,1,nocount,sw64,sw64,16,16,16,128,512,0,128,none,0,none,0,4,20,3563116.0,2262.295873015873,,,,,8192,,18.984993727961708,,,0,0.0,1,bf14b28d2af4128daa99f23eec8a5e105636d0b04136f8be580fdc39d6f1f97d,
04_smem_layout_address,layout_bf16_m128n128k16_sw64_off128,1,,NVIDIA Thor,11.0,580.00,13.0,PTX ISA 9.3 / CUDA 13.0,1575.000,,,,bf16,128,128,16,32,128,66,4,discard,same,4,4,32,1,nocount,sw64,sw64,16,16,16,128,512,0,128,none,0,none,0,4,20,3563110.0,2262.2920634920633,,,,,8192,,18.98502569721395,,,0,0.0,1,bf14b28d2af4128daa99f23eec8a5e105636d0b04136f8be580fdc39d6f1f97d,
04_smem_layout_address,layout_fp16_m128n128k16_sw32_off256,1,,NVIDIA Thor,11.0,580.00,13.0,PTX ISA 9.3 / CUDA 13.0,1575.000,,,,fp16,128,128,16,32,128,67,0,discard,same,4,4,32,1,nocount,sw32,sw32,16,16,16,256,512,0,128,none,0,none,0,4,20,3387676.0,2150.905396825397,,,,,8192,,19.968183176903572,,,0,0.0,1,bf14b28d2af4128daa99f23eec8a5e105636d0b04136f8be580fdc39d6f1f97d,; UTCHMMA=21;UTCHMMA_WS=16;UTCBAR=1;UTCATOMSWS=3;SYNCS_TRYWAIT=8;LDS=21;LDG=9;ptx_tcgen05_mma=21;ptx_tcgen05_mma_ws=16;ptx_tcgen05_commit=1;ptx_tcgen05_alloc=1;ptx_tcgen05_dealloc=1;ptx_tcgen05_ld=5;ptx_tcgen05_st=5;ptx_mbarrier_wait=5;ptx_cp_async_tma=2;ptx_ld_shared=26;ptx_ld_global=7
04_smem_layout_address,layout_fp16_m128n128k16_sw32_off256,1,,NVIDIA Thor,11.0,580.00,13.0,PTX ISA 9.3 / CUDA 13.0,1575.000,,,,fp16,128,128,16,32,128,67,1,discard,same,4,4,32,1,nocount,sw32,sw32,16,16,16,256,512,0,128,none,0,none,0,4,20,3387619.0,2150.8692063492067,,,,,8192,,19.9685191610981,,,0,0.0,1,bf14b28d2af4128daa99f23eec8a5e105636d0b04136f8be580fdc39d6f1f97d,
04_smem_layout_address,layout_fp16_m128n128k16_sw32_off256,1,,NVIDIA Thor,11.0,580.00,13.0,PTX ISA 9.3 / CUDA 13.0,1575.000,,,,fp16,128,128,16,32,128,67,2,discard,same,4,4,32,1,nocount,sw32,sw32,16,16,16,256,512,0,128,none,0,none,0,4,20,3387684.0,2150.9104761904764,,,,,8192,,19.968136022131933,,,0,0.0,1,bf14b28d2af4128daa99f23eec8a5e105636d0b04136f8be580fdc39d6f1f97d,
04_smem_layout_address,layout_fp16_m128n128k16_sw32_off256,1,,NVIDIA Thor,11.0,580.00,13.0,PTX ISA 9.3 / CUDA 13.0,1575.000,,,,fp16,128,128,16,32,128,67,3,discard,same,4,4,32,1,nocount,sw32,sw32,16,16,16,256,512,0,128,none,0,none,0,4,20,3387615.0,2150.866666666667,,,,,8192,,19.968542739360878,,,0,0.0,1,bf14b28d2af4128daa99f23eec8a5e105636d0b04136f8be580fdc39d6f1f97d,
04_smem_layout_address,layout_fp16_m128n128k16_sw32_off256,1,,NVIDIA Thor,11.0,580.00,13.0,PTX ISA 9.3 / CUDA 13.0,1575.000,,,,fp16,128,128,16,32,128,67,4,discard,same,4,4,32,1,nocount,sw32,sw32,16,16,16,256,512,0,128,none,0,none,0,4,20,3387617.0,2150.8679365079365,,,,,8192,,19.968530950222533,,,0,0.0,1,bf14b28d2af4128daa99f23eec8a5e105636d0b04136f8be580fdc39d6f1f97d,
04_smem_layout_address,layout_fp16_m128n256k16_none_off128,0,max_abs_error>0.05,NVIDIA Thor,11.0,580.00,13.0,PTX ISA 9.3 / CUDA 13.0,1575.000,,,,fp16,128,256,16,32,128,68,0,discard,same,2,2,32,1,nocount,none,none,16,16,16,128,512,0,256,none,0,none,0,4,20,3678179.0,2335.351746031746,,,,,12288,,36.78218755095932,,,0,0.83203125,1,bf14b28d2af4128daa99f23eec8a5e105636d0b04136f8be580fdc39d6f1f97d,; UTCHMMA=21;UTCHMMA_WS=16;UTCBAR=1;UTCATOMSWS=3;SYNCS_TRYWAIT=8;LDS=21;LDG=9;ptx_tcgen05_mma=21;ptx_tcgen05_mma_ws=16;ptx_tcgen05_commit=1;ptx_tcgen05_alloc=1;ptx_tcgen05_dealloc=1;ptx_tcgen05_ld=5;ptx_tcgen05_st=5;ptx_mbarrier_wait=5;ptx_cp_async_tma=2;ptx_ld_shared=26;ptx_ld_global=7
04_smem_layout_address,layout_fp16_m128n256k16_none_off128,0,max_abs_error>0.05,NVIDIA Thor,11.0,580.00,13.0,PTX ISA 9.3 / CUDA 13.0,1575.000,,,,fp16,128,256,16,32,128,68,1,discard,same,2,2,32,1,nocount,none,none,16,16,16,128,512,0,256,none,0,none,0,4,20,3678179.0,2335.351746031746,,,,,12288,,36.78218755095932,,,0,0.83203125,1,bf14b28d2af4128daa99f23eec8a5e105636d0b04136f8be580fdc39d6f1f97d,
04_smem_layout_address,layout_fp16_m128n256k16_none_off128,0,max_abs_error>0.05,NVIDIA Thor,11.0,580.00,13.0,PTX ISA 9.3 / CUDA 13.0,1575.000,,,,fp16,128,256,16,32,128,68,2,discard,same,2,2,32,1,nocount,none,none,16,16,16,128,512,0,256,none,0,none,0,4,20,3678183.0,2335.3542857142857,,,,,12288,,36.782147550570485,,,0,0.83203125,1,bf14b28d2af4128daa99f23eec8a5e105636d0b04136f8be580fdc39d6f1f97d,
04_smem_layout_address,layout_fp16_m128n256k16_none_off128,0,max_abs_error>0.05,NVIDIA Thor,11.0,580.00,13.0,PTX ISA 9.3 / CUDA 13.0,1575.000,,,,fp16,128,256,16,32,128,68,3,discard,same,2,2,32,1,nocount,none,none,16,16,16,128,512,0,256,none,0,none,0,4,20,3678179.0,2335.351746031746,,,,,12288,,36.78218755095932,,,0,0.83203125,1,bf14b28d2af4128daa99f23eec8a5e105636d0b04136f8be580fdc39d6f1f97d,
04_smem_layout_address,layout_fp16_m128n256k16_none_off128,0,max_abs_error>0.05,NVIDIA Thor,11.0,580.00,13.0,PTX ISA 9.3 / CUDA 13.0,1575.000,,,,fp16,128,256,16,32,128,68,4,discard,same,2,2,32,1,nocount,none,none,16,16,16,128,512,0,256,none,0,none,0,4,20,3678182.0,2335.353650793651,,,,,12288,,36.78215755065954,,,0,0.83203125,1,bf14b28d2af4128daa99f23eec8a5e105636d0b04136f8be580fdc39d6f1f97d,
04_smem_layout_address,layout_fp16_m128n256k16_sw32_off16,0,misaligned address,,,580.00,13.0,PTX ISA 9.3 / CUDA 13.0,1575.000,,,,fp16,128,256,16,32,128,69,0,discard,same,2,2,32,1,nocount,sw32,sw32,16,16,16,16,512,0,256,none,0,none,0,4,,nan,nan,,,,,12288,,,,,,nan,0,bf14b28d2af4128daa99f23eec8a5e105636d0b04136f8be580fdc39d6f1f97d,; UTCHMMA=21;UTCHMMA_WS=16;UTCBAR=1;UTCATOMSWS=3;SYNCS_TRYWAIT=8;LDS=21;LDG=9;ptx_tcgen05_mma=21;ptx_tcgen05_mma_ws=16;ptx_tcgen05_commit=1;ptx_tcgen05_alloc=1;ptx_tcgen05_dealloc=1;ptx_tcgen05_ld=5;ptx_tcgen05_st=5;ptx_mbarrier_wait=5;ptx_cp_async_tma=2;ptx_ld_shared=26;ptx_ld_global=7
04_smem_layout_address,layout_fp16_m128n256k16_sw32_off16,0,misaligned address,,,580.00,13.0,PTX ISA 9.3 / CUDA 13.0,1575.000,,,,fp16,128,256,16,32,128,69,1,discard,same,2,2,32,1,nocount,sw32,sw32,16,16,16,16,512,0,256,none,0,none,0,4,,nan,nan,,,,,12288,,,,,,nan,0,bf14b28d2af4128daa99f23eec8a5e105636d0b04136f8be580fdc39d6f1f97d,
04_smem_layout_address,layout_fp16_m128n256k16_sw32_off16,0,misaligned address,,,580.00,13.0,PTX ISA 9.3 / CUDA 13.0,1575.000,,,,fp16,128,256,16,32,128,69,2,discard,same,2,2,32,1,nocount,sw32,sw32,16,16,16,16,512,0,256,none,0,none,0,4,,nan,nan,,,,,12288,,,,,,nan,0,bf14b28d2af4128daa99f23eec8a5e105636d0b04136f8be580fdc39d6f1f97d,
04_smem_layout_address,layout_fp16_m128n256k16_sw32_off16,0,misaligned address,,,580.00,13.0,PTX ISA 9.3 / CUDA 13.0,1575.000,,,,fp16,128,256,16,32,128,69,3,discard,same,2,2,32,1,nocount,sw32,sw32,16,16,16,16,512,0,256,none,0,none,0,4,,nan,nan,,,,,12288,,,,,,nan,0,bf14b28d2af4128daa99f23eec8a5e105636d0b04136f8be580fdc39d6f1f97d,
04_smem_layout_address,layout_fp16_m128n256k16_sw32_off16,0,misaligned address,,,580.00,13.0,PTX ISA 9.3 / CUDA 13.0,1575.000,,,,fp16,128,256,16,32,128,69,4,discard,same,2,2,32,1,nocount,sw32,sw32,16,16,16,16,512,0,256,none,0,none,0,4,,nan,nan,,,,,12288,,,,,,nan,0,bf14b28d2af4128daa99f23eec8a5e105636d0b04136f8be580fdc39d6f1f97d,
04_smem_layout_address,layout_bf16_m128n64k16_sw32_off256,1,,NVIDIA Thor,11.0,580.00,13.0,PTX ISA 9.3 / CUDA 13.0,1575.000,,,,bf16,128,64,16,32,128,70,0,discard,same,8,8,32,1,nocount,sw32,sw32,16,16,16,256,512,0,64,none,0,none,0,4,20,3387374.0,2150.7136507936507,,,,,6144,,9.984981716220295,,,0,0.0,1,bf14b28d2af4128daa99f23eec8a5e105636d0b04136f8be580fdc39d6f1f97d,; UTCHMMA=21;UTCHMMA_WS=16;UTCBAR=1;UTCATOMSWS=3;SYNCS_TRYWAIT=8;LDS=21;LDG=9;ptx_tcgen05_mma=21;ptx_tcgen05_mma_ws=16;ptx_tcgen05_commit=1;ptx_tcgen05_alloc=1;ptx_tcgen05_dealloc=1;ptx_tcgen05_ld=5;ptx_tcgen05_st=5;ptx_mbarrier_wait=5;ptx_cp_async_tma=2;ptx_ld_shared=26;ptx_ld_global=7
04_smem_layout_address,layout_bf16_m128n64k16_sw32_off256,1,,NVIDIA Thor,11.0,580.00,13.0,PTX ISA 9.3 / CUDA 13.0,1575.000,,,,bf16,128,64,16,32,128,70,1,discard,same,8,8,32,1,nocount,sw32,sw32,16,16,16,256,512,0,64,none,0,none,0,4,20,3387484.0,2150.7834920634923,,,,,6144,,9.984657479120195,,,0,0.0,1,bf14b28d2af4128daa99f23eec8a5e105636d0b04136f8be580fdc39d6f1f97d,
04_smem_layout_address,layout_bf16_m128n64k16_sw32_off256,1,,NVIDIA Thor,11.0,580.00,13.0,PTX ISA 9.3 / CUDA 13.0,1575.000,,,,bf16,128,64,16,32,128,70,2,discard,same,8,8,32,1,nocount,sw32,sw32,16,16,16,256,512,0,64,none,0,none,0,4,20,3387376.0,2150.7149206349204,,,,,6144,,9.984975820812334,,,0,0.0,1,bf14b28d2af4128daa99f23eec8a5e105636d0b04136f8be580fdc39d6f1f97d,
04_smem_layout_address,layout_bf16_m128n64k16_sw32_off256,1,,NVIDIA Thor,11.0,580.00,13.0,PTX ISA 9.3 / CUDA 13.0,1575.000,,,,bf16,128,64,16,32,128,70,3,discard,same,8,8,32,1,nocount,sw32,sw32,16,16,16,256,512,0,64,none,0,none,0,4,20,3387373.0,2150.713015873016,,,,,6144,,9.984984663926884,,,0,0.0,1,bf14b28d2af4128daa99f23eec8a5e105636d0b04136f8be580fdc39d6f1f97d,
04_smem_layout_address,layout_bf16_m128n64k16_sw32_off256,1,,NVIDIA Thor,11.0,580.00,13.0,PTX ISA 9.3 / CUDA 13.0,1575.000,,,,bf16,128,64,16,32,128,70,4,discard,same,8,8,32,1,nocount,sw32,sw32,16,16,16,256,512,0,64,none,0,none,0,4,20,3387485.0,2150.784126984127,,,,,6144,,9.98465453160678,,,0,0.0,1,bf14b28d2af4128daa99f23eec8a5e105636d0b04136f8be580fdc39d6f1f97d,
04_smem_layout_address,layout_bf16_m128n256k16_sw32_off32,0,misaligned address,,,580.00,13.0,PTX ISA 9.3 / CUDA 13.0,1575.000,,,,bf16,128,256,16,32,128,71,0,discard,same,2,2,32,1,nocount,sw32,sw32,16,16,16,32,512,0,256,none,0,none,0,4,,nan,nan,,,,,12288,,,,,,nan,0,bf14b28d2af4128daa99f23eec8a5e105636d0b04136f8be580fdc39d6f1f97d,; UTCHMMA=21;UTCHMMA_WS=16;UTCBAR=1;UTCATOMSWS=3;SYNCS_TRYWAIT=8;LDS=21;LDG=9;ptx_tcgen05_mma=21;ptx_tcgen05_mma_ws=16;ptx_tcgen05_commit=1;ptx_tcgen05_alloc=1;ptx_tcgen05_dealloc=1;ptx_tcgen05_ld=5;ptx_tcgen05_st=5;ptx_mbarrier_wait=5;ptx_cp_async_tma=2;ptx_ld_shared=26;ptx_ld_global=7
04_smem_layout_address,layout_bf16_m128n256k16_sw32_off32,0,misaligned address,,,580.00,13.0,PTX ISA 9.3 / CUDA 13.0,1575.000,,,,bf16,128,256,16,32,128,71,1,discard,same,2,2,32,1,nocount,sw32,sw32,16,16,16,32,512,0,256,none,0,none,0,4,,nan,nan,,,,,12288,,,,,,nan,0,bf14b28d2af4128daa99f23eec8a5e105636d0b04136f8be580fdc39d6f1f97d,
04_smem_layout_address,layout_bf16_m128n256k16_sw32_off32,0,misaligned address,,,580.00,13.0,PTX ISA 9.3 / CUDA 13.0,1575.000,,,,bf16,128,256,16,32,128,71,2,discard,same,2,2,32,1,nocount,sw32,sw32,16,16,16,32,512,0,256,none,0,none,0,4,,nan,nan,,,,,12288,,,,,,nan,0,bf14b28d2af4128daa99f23eec8a5e105636d0b04136f8be580fdc39d6f1f97d,
04_smem_layout_address,layout_bf16_m128n256k16_sw32_off32,0,misaligned address,,,580.00,13.0,PTX ISA 9.3 / CUDA 13.0,1575.000,,,,bf16,128,256,16,32,128,71,3,discard,same,2,2,32,1,nocount,sw32,sw32,16,16,16,32,512,0,256,none,0,none,0,4,,nan,nan,,,,,12288,,,,,,nan,0,bf14b28d2af4128daa99f23eec8a5e105636d0b04136f8be580fdc39d6f1f97d,
04_smem_layout_address,layout_bf16_m128n256k16_sw32_off32,0,misaligned address,,,580.00,13.0,PTX ISA 9.3 / CUDA 13.0,1575.000,,,,bf16,128,256,16,32,128,71,4,discard,same,2,2,32,1,nocount,sw32,sw32,16,16,16,32,512,0,256,none,0,none,0,4,,nan,nan,,,,,12288,,,,,,nan,0,bf14b28d2af4128daa99f23eec8a5e105636d0b04136f8be580fdc39d6f1f97d,
04_smem_layout_address,layout_bf16_m128n128k16_sw32_off256,1,,NVIDIA Thor,11.0,580.00,13.0,PTX ISA 9.3 / CUDA 13.0,1575.000,,,,bf16,128,128,16,32,128,72,0,discard,same,4,4,32,1,nocount,sw32,sw32,16,16,16,256,512,0,128,none,0,none,0,4,20,3387614.0,2150.8660317460317,,,,,8192,,19.968548633935274,,,0,0.0,1,bf14b28d2af4128daa99f23eec8a5e105636d0b04136f8be580fdc39d6f1f97d,; UTCHMMA=21;UTCHMMA_WS=16;UTCBAR=1;UTCATOMSWS=3;SYNCS_TRYWAIT=8;LDS=21;LDG=9;ptx_tcgen05_mma=21;ptx_tcgen05_mma_ws=16;ptx_tcgen05_commit=1;ptx_tcgen05_alloc=1;ptx_tcgen05_dealloc=1;ptx_tcgen05_ld=5;ptx_tcgen05_st=5;ptx_mbarrier_wait=5;ptx_cp_async_tma=2;ptx_ld_shared=26;ptx_ld_global=7
04_smem_layout_address,layout_bf16_m128n128k16_sw32_off256,1,,NVIDIA Thor,11.0,580.00,13.0,PTX ISA 9.3 / CUDA 13.0,1575.000,,,,bf16,128,128,16,32,128,72,1,discard,same,4,4,32,1,nocount,sw32,sw32,16,16,16,256,512,0,128,none,0,none,0,4,20,3387619.0,2150.8692063492067,,,,,8192,,19.9685191610981,,,0,0.0,1,bf14b28d2af4128daa99f23eec8a5e105636d0b04136f8be580fdc39d6f1f97d,
04_smem_layout_address,layout_bf16_m128n128k16_sw32_off256,1,,NVIDIA Thor,11.0,580.00,13.0,PTX ISA 9.3 / CUDA 13.0,1575.000,,,,bf16,128,128,16,32,128,72,2,discard,same,4,4,32,1,nocount,sw32,sw32,16,16,16,256,512,0,128,none,0,none,0,4,20,3387620.0,2150.8698412698413,,,,,8192,,19.968513266541112,,,0,0.0,1,bf14b28d2af4128daa99f23eec8a5e105636d0b04136f8be580fdc39d6f1f97d,
04_smem_layout_address,layout_bf16_m128n128k16_sw32_off256,1,,NVIDIA Thor,11.0,580.00,13.0,PTX ISA 9.3 / CUDA 13.0,1575.000,,,,bf16,128,128,16,32,128,72,3,discard,same,4,4,32,1,nocount,sw32,sw32,16,16,16,256,512,0,128,none,0,none,0,4,20,3387623.0,2150.8717460317457,,,,,8192,,19.968495582891016,,,0,0.0,1,bf14b28d2af4128daa99f23eec8a5e105636d0b04136f8be580fdc39d6f1f97d,
04_smem_layout_address,layout_bf16_m128n128k16_sw32_off256,1,,NVIDIA Thor,11.0,580.00,13.0,PTX ISA 9.3 / CUDA 13.0,1575.000,,,,bf16,128,128,16,32,128,72,4,discard,same,4,4,32,1,nocount,sw32,sw32,16,16,16,256,512,0,128,none,0,none,0,4,20,3387621.0,2150.870476190476,,,,,8192,,19.968507371987602,,,0,0.0,1,bf14b28d2af4128daa99f23eec8a5e105636d0b04136f8be580fdc39d6f1f97d,
04_smem_layout_address,layout_fp16_m128n64k16_sw64_off32,0,misaligned address,,,580.00,13.0,PTX ISA 9.3 / CUDA 13.0,1575.000,,,,fp16,128,64,16,32,128,73,0,discard,same,8,8,32,1,nocount,sw64,sw64,16,16,16,32,512,0,64,none,0,none,0,4,,nan,nan,,,,,6144,,,,,,nan,0,bf14b28d2af4128daa99f23eec8a5e105636d0b04136f8be580fdc39d6f1f97d,; UTCHMMA=21;UTCHMMA_WS=16;UTCBAR=1;UTCATOMSWS=3;SYNCS_TRYWAIT=8;LDS=21;LDG=9;ptx_tcgen05_mma=21;ptx_tcgen05_mma_ws=16;ptx_tcgen05_commit=1;ptx_tcgen05_alloc=1;ptx_tcgen05_dealloc=1;ptx_tcgen05_ld=5;ptx_tcgen05_st=5;ptx_mbarrier_wait=5;ptx_cp_async_tma=2;ptx_ld_shared=26;ptx_ld_global=7
04_smem_layout_address,layout_fp16_m128n64k16_sw64_off32,0,misaligned address,,,580.00,13.0,PTX ISA 9.3 / CUDA 13.0,1575.000,,,,fp16,128,64,16,32,128,73,1,discard,same,8,8,32,1,nocount,sw64,sw64,16,16,16,32,512,0,64,none,0,none,0,4,,nan,nan,,,,,6144,,,,,,nan,0,bf14b28d2af4128daa99f23eec8a5e105636d0b04136f8be580fdc39d6f1f97d,
04_smem_layout_address,layout_fp16_m128n64k16_sw64_off32,0,misaligned address,,,580.00,13.0,PTX ISA 9.3 / CUDA 13.0,1575.000,,,,fp16,128,64,16,32,128,73,2,discard,same,8,8,32,1,nocount,sw64,sw64,16,16,16,32,512,0,64,none,0,none,0,4,,nan,nan,,,,,6144,,,,,,nan,0,bf14b28d2af4128daa99f23eec8a5e105636d0b04136f8be580fdc39d6f1f97d,
04_smem_layout_address,layout_fp16_m128n64k16_sw64_off32,0,misaligned address,,,580.00,13.0,PTX ISA 9.3 / CUDA 13.0,1575.000,,,,fp16,128,64,16,32,128,73,3,discard,same,8,8,32,1,nocount,sw64,sw64,16,16,16,32,512,0,64,none,0,none,0,4,,nan,nan,,,,,6144,,,,,,nan,0,bf14b28d2af4128daa99f23eec8a5e105636d0b04136f8be580fdc39d6f1f97d,
04_smem_layout_address,layout_fp16_m128n64k16_sw64_off32,0,misaligned address,,,580.00,13.0,PTX ISA 9.3 / CUDA 13.0,1575.000,,,,fp16,128,64,16,32,128,73,4,discard,same,8,8,32,1,nocount,sw64,sw64,16,16,16,32,512,0,64,none,0,none,0,4,,nan,nan,,,,,6144,,,,,,nan,0,bf14b28d2af4128daa99f23eec8a5e105636d0b04136f8be580fdc39d6f1f97d,
04_smem_layout_address,layout_bf16_m128n128k16_none_off16,0,misaligned address,,,580.00,13.0,PTX ISA 9.3 / CUDA 13.0,1575.000,,,,bf16,128,128,16,32,128,74,0,discard,same,4,4,32,1,nocount,none,none,16,16,16,16,512,0,128,none,0,none,0,4,,nan,nan,,,,,8192,,,,,,nan,0,bf14b28d2af4128daa99f23eec8a5e105636d0b04136f8be580fdc39d6f1f97d,; UTCHMMA=21;UTCHMMA_WS=16;UTCBAR=1;UTCATOMSWS=3;SYNCS_TRYWAIT=8;LDS=21;LDG=9;ptx_tcgen05_mma=21;ptx_tcgen05_mma_ws=16;ptx_tcgen05_commit=1;ptx_tcgen05_alloc=1;ptx_tcgen05_dealloc=1;ptx_tcgen05_ld=5;ptx_tcgen05_st=5;ptx_mbarrier_wait=5;ptx_cp_async_tma=2;ptx_ld_shared=26;ptx_ld_global=7
04_smem_layout_address,layout_bf16_m128n128k16_none_off16,0,misaligned address,,,580.00,13.0,PTX ISA 9.3 / CUDA 13.0,1575.000,,,,bf16,128,128,16,32,128,74,1,discard,same,4,4,32,1,nocount,none,none,16,16,16,16,512,0,128,none,0,none,0,4,,nan,nan,,,,,8192,,,,,,nan,0,bf14b28d2af4128daa99f23eec8a5e105636d0b04136f8be580fdc39d6f1f97d,
04_smem_layout_address,layout_bf16_m128n128k16_none_off16,0,misaligned address,,,580.00,13.0,PTX ISA 9.3 / CUDA 13.0,1575.000,,,,bf16,128,128,16,32,128,74,2,discard,same,4,4,32,1,nocount,none,none,16,16,16,16,512,0,128,none,0,none,0,4,,nan,nan,,,,,8192,,,,,,nan,0,bf14b28d2af4128daa99f23eec8a5e105636d0b04136f8be580fdc39d6f1f97d,
04_smem_layout_address,layout_bf16_m128n128k16_none_off16,0,misaligned address,,,580.00,13.0,PTX ISA 9.3 / CUDA 13.0,1575.000,,,,bf16,128,128,16,32,128,74,3,discard,same,4,4,32,1,nocount,none,none,16,16,16,16,512,0,128,none,0,none,0,4,,nan,nan,,,,,8192,,,,,,nan,0,bf14b28d2af4128daa99f23eec8a5e105636d0b04136f8be580fdc39d6f1f97d,
04_smem_layout_address,layout_bf16_m128n128k16_none_off16,0,misaligned address,,,580.00,13.0,PTX ISA 9.3 / CUDA 13.0,1575.000,,,,bf16,128,128,16,32,128,74,4,discard,same,4,4,32,1,nocount,none,none,16,16,16,16,512,0,128,none,0,none,0,4,,nan,nan,,,,,8192,,,,,,nan,0,bf14b28d2af4128daa99f23eec8a5e105636d0b04136f8be580fdc39d6f1f97d,
04_smem_layout_address,layout_bf16_m128n256k16_sw128_off0,1,,NVIDIA Thor,11.0,580.00,13.0,PTX ISA 9.3 / CUDA 13.0,1575.000,,,,bf16,128,256,16,32,128,75,0,discard,same,2,2,32,1,nocount,sw128,sw128,16,16,16,0,512,0,256,none,0,none,0,4,20,3678184.0,2335.3549206349207,,,,,12288,,36.782137550486866,,,0,0.0,1,bf14b28d2af4128daa99f23eec8a5e105636d0b04136f8be580fdc39d6f1f97d,; UTCHMMA=21;UTCHMMA_WS=16;UTCBAR=1;UTCATOMSWS=3;SYNCS_TRYWAIT=8;LDS=21;LDG=9;ptx_tcgen05_mma=21;ptx_tcgen05_mma_ws=16;ptx_tcgen05_commit=1;ptx_tcgen05_alloc=1;ptx_tcgen05_dealloc=1;ptx_tcgen05_ld=5;ptx_tcgen05_st=5;ptx_mbarrier_wait=5;ptx_cp_async_tma=2;ptx_ld_shared=26;ptx_ld_global=7
04_smem_layout_address,layout_bf16_m128n256k16_sw128_off0,1,,NVIDIA Thor,11.0,580.00,13.0,PTX ISA 9.3 / CUDA 13.0,1575.000,,,,bf16,128,256,16,32,128,75,1,discard,same,2,2,32,1,nocount,sw128,sw128,16,16,16,0,512,0,256,none,0,none,0,4,20,3678182.0,2335.353650793651,,,,,12288,,36.78215755065954,,,0,0.0,1,bf14b28d2af4128daa99f23eec8a5e105636d0b04136f8be580fdc39d6f1f97d,
04_smem_layout_address,layout_bf16_m128n256k16_sw128_off0,1,,NVIDIA Thor,11.0,580.00,13.0,PTX ISA 9.3 / CUDA 13.0,1575.000,,,,bf16,128,256,16,32,128,75,2,discard,same,2,2,32,1,nocount,sw128,sw128,16,16,16,0,512,0,256,none,0,none,0,4,20,3678179.0,2335.351746031746,,,,,12288,,36.78218755095932,,,0,0.0,1,bf14b28d2af4128daa99f23eec8a5e105636d0b04136f8be580fdc39d6f1f97d,
04_smem_layout_address,layout_bf16_m128n256k16_sw128_off0,1,,NVIDIA Thor,11.0,580.00,13.0,PTX ISA 9.3 / CUDA 13.0,1575.000,,,,bf16,128,256,16,32,128,75,3,discard,same,2,2,32,1,nocount,sw128,sw128,16,16,16,0,512,0,256,none,0,none,0,4,20,3678184.0,2335.3549206349207,,,,,12288,,36.782137550486866,,,0,0.0,1,bf14b28d2af4128daa99f23eec8a5e105636d0b04136f8be580fdc39d6f1f97d,
04_smem_layout_address,layout_bf16_m128n256k16_sw128_off0,1,,NVIDIA Thor,11.0,580.00,13.0,PTX ISA 9.3 / CUDA 13.0,1575.000,,,,bf16,128,256,16,32,128,75,4,discard,same,2,2,32,1,nocount,sw128,sw128,16,16,16,0,512,0,256,none,0,none,0,4,20,3678185.0,2335.3555555555554,,,,,12288,,36.782127550408696,,,0,0.0,1,bf14b28d2af4128daa99f23eec8a5e105636d0b04136f8be580fdc39d6f1f97d,
04_smem_layout_address,layout_bf16_m128n256k16_sw128_off64,0,misaligned address,,,580.00,13.0,PTX ISA 9.3 / CUDA 13.0,1575.000,,,,bf16,128,256,16,32,128,76,0,discard,same,2,2,32,1,nocount,sw128,sw128,16,16,16,64,512,0,256,none,0,none,0,4,,nan,nan,,,,,12288,,,,,,nan,0,bf14b28d2af4128daa99f23eec8a5e105636d0b04136f8be580fdc39d6f1f97d,; UTCHMMA=21;UTCHMMA_WS=16;UTCBAR=1;UTCATOMSWS=3;SYNCS_TRYWAIT=8;LDS=21;LDG=9;ptx_tcgen05_mma=21;ptx_tcgen05_mma_ws=16;ptx_tcgen05_commit=1;ptx_tcgen05_alloc=1;ptx_tcgen05_dealloc=1;ptx_tcgen05_ld=5;ptx_tcgen05_st=5;ptx_mbarrier_wait=5;ptx_cp_async_tma=2;ptx_ld_shared=26;ptx_ld_global=7
04_smem_layout_address,layout_bf16_m128n256k16_sw128_off64,0,misaligned address,,,580.00,13.0,PTX ISA 9.3 / CUDA 13.0,1575.000,,,,bf16,128,256,16,32,128,76,1,discard,same,2,2,32,1,nocount,sw128,sw128,16,16,16,64,512,0,256,none,0,none,0,4,,nan,nan,,,,,12288,,,,,,nan,0,bf14b28d2af4128daa99f23eec8a5e105636d0b04136f8be580fdc39d6f1f97d,
04_smem_layout_address,layout_bf16_m128n256k16_sw128_off64,0,misaligned address,,,580.00,13.0,PTX ISA 9.3 / CUDA 13.0,1575.000,,,,bf16,128,256,16,32,128,76,2,discard,same,2,2,32,1,nocount,sw128,sw128,16,16,16,64,512,0,256,none,0,none,0,4,,nan,nan,,,,,12288,,,,,,nan,0,bf14b28d2af4128daa99f23eec8a5e105636d0b04136f8be580fdc39d6f1f97d,
04_smem_layout_address,layout_bf16_m128n256k16_sw128_off64,0,misaligned address,,,580.00,13.0,PTX ISA 9.3 / CUDA 13.0,1575.000,,,,bf16,128,256,16,32,128,76,3,discard,same,2,2,32,1,nocount,sw128,sw128,16,16,16,64,512,0,256,none,0,none,0,4,,nan,nan,,,,,12288,,,,,,nan,0,bf14b28d2af4128daa99f23eec8a5e105636d0b04136f8be580fdc39d6f1f97d,
04_smem_layout_address,layout_bf16_m128n256k16_sw128_off64,0,misaligned address,,,580.00,13.0,PTX ISA 9.3 / CUDA 13.0,1575.000,,,,bf16,128,256,16,32,128,76,4,discard,same,2,2,32,1,nocount,sw128,sw128,16,16,16,64,512,0,256,none,0,none,0,4,,nan,nan,,,,,12288,,,,,,nan,0,bf14b28d2af4128daa99f23eec8a5e105636d0b04136f8be580fdc39d6f1f97d,
04_smem_layout_address,layout_bf16_m128n256k16_sw32_off128,1,,NVIDIA Thor,11.0,580.00,13.0,PTX ISA 9.3 / CUDA 13.0,1575.000,,,,bf16,128,256,16,32,128,77,0,discard,same,2,2,32,1,nocount,sw32,sw32,16,16,16,128,512,0,256,none,0,none,0,4,20,3387353.0,2150.7003174603174,,,,,12288,,39.94017447369672,,,0,0.0,1,bf14b28d2af4128daa99f23eec8a5e105636d0b04136f8be580fdc39d6f1f97d,; UTCHMMA=21;UTCHMMA_WS=16;UTCBAR=1;UTCATOMSWS=3;SYNCS_TRYWAIT=8;LDS=21;LDG=9;ptx_tcgen05_mma=21;ptx_tcgen05_mma_ws=16;ptx_tcgen05_commit=1;ptx_tcgen05_alloc=1;ptx_tcgen05_dealloc=1;ptx_tcgen05_ld=5;ptx_tcgen05_st=5;ptx_mbarrier_wait=5;ptx_cp_async_tma=2;ptx_ld_shared=26;ptx_ld_global=7
04_smem_layout_address,layout_bf16_m128n256k16_sw32_off128,1,,NVIDIA Thor,11.0,580.00,13.0,PTX ISA 9.3 / CUDA 13.0,1575.000,,,,bf16,128,256,16,32,128,77,1,discard,same,2,2,32,1,nocount,sw32,sw32,16,16,16,128,512,0,256,none,0,none,0,4,20,3387355.0,2150.701587301587,,,,,12288,,39.94015089177249,,,0,0.0,1,bf14b28d2af4128daa99f23eec8a5e105636d0b04136f8be580fdc39d6f1f97d,
04_smem_layout_address,layout_bf16_m128n256k16_sw32_off128,1,,NVIDIA Thor,11.0,580.00,13.0,PTX ISA 9.3 / CUDA 13.0,1575.000,,,,bf16,128,256,16,32,128,77,2,discard,same,2,2,32,1,nocount,sw32,sw32,16,16,16,128,512,0,256,none,0,none,0,4,20,3387365.0,2150.7079365079367,,,,,12288,,39.94003298256904,,,0,0.0,1,bf14b28d2af4128daa99f23eec8a5e105636d0b04136f8be580fdc39d6f1f97d,
04_smem_layout_address,layout_bf16_m128n256k16_sw32_off128,1,,NVIDIA Thor,11.0,580.00,13.0,PTX ISA 9.3 / CUDA 13.0,1575.000,,,,bf16,128,256,16,32,128,77,3,discard,same,2,2,32,1,nocount,sw32,sw32,16,16,16,128,512,0,256,none,0,none,0,4,20,3387115.0,2150.549206349206,,,,,12288,,39.94298092152171,,,0,0.0,1,bf14b28d2af4128daa99f23eec8a5e105636d0b04136f8be580fdc39d6f1f97d,
04_smem_layout_address,layout_bf16_m128n256k16_sw32_off128,1,,NVIDIA Thor,11.0,580.00,13.0,PTX ISA 9.3 / CUDA 13.0,1575.000,,,,bf16,128,256,16,32,128,77,4,discard,same,2,2,32,1,nocount,sw32,sw32,16,16,16,128,512,0,256,none,0,none,0,4,20,3387354.0,2150.7009523809525,,,,,12288,,39.94016268273112,,,0,0.0,1,bf14b28d2af4128daa99f23eec8a5e105636d0b04136f8be580fdc39d6f1f97d,
04_smem_layout_address,layout_fp16_m128n128k16_none_off16,0,misaligned address,,,580.00,13.0,PTX ISA 9.3 / CUDA 13.0,1575.000,,,,fp16,128,128,16,32,128,78,0,discard,same,4,4,32,1,nocount,none,none,16,16,16,16,512,0,128,none,0,none,0,4,,nan,nan,,,,,8192,,,,,,nan,0,bf14b28d2af4128daa99f23eec8a5e105636d0b04136f8be580fdc39d6f1f97d,; UTCHMMA=21;UTCHMMA_WS=16;UTCBAR=1;UTCATOMSWS=3;SYNCS_TRYWAIT=8;LDS=21;LDG=9;ptx_tcgen05_mma=21;ptx_tcgen05_mma_ws=16;ptx_tcgen05_commit=1;ptx_tcgen05_alloc=1;ptx_tcgen05_dealloc=1;ptx_tcgen05_ld=5;ptx_tcgen05_st=5;ptx_mbarrier_wait=5;ptx_cp_async_tma=2;ptx_ld_shared=26;ptx_ld_global=7
04_smem_layout_address,layout_fp16_m128n128k16_none_off16,0,misaligned address,,,580.00,13.0,PTX ISA 9.3 / CUDA 13.0,1575.000,,,,fp16,128,128,16,32,128,78,1,discard,same,4,4,32,1,nocount,none,none,16,16,16,16,512,0,128,none,0,none,0,4,,nan,nan,,,,,8192,,,,,,nan,0,bf14b28d2af4128daa99f23eec8a5e105636d0b04136f8be580fdc39d6f1f97d,
04_smem_layout_address,layout_fp16_m128n128k16_none_off16,0,misaligned address,,,580.00,13.0,PTX ISA 9.3 / CUDA 13.0,1575.000,,,,fp16,128,128,16,32,128,78,2,discard,same,4,4,32,1,nocount,none,none,16,16,16,16,512,0,128,none,0,none,0,4,,nan,nan,,,,,8192,,,,,,nan,0,bf14b28d2af4128daa99f23eec8a5e105636d0b04136f8be580fdc39d6f1f97d,
04_smem_layout_address,layout_fp16_m128n128k16_none_off16,0,misaligned address,,,580.00,13.0,PTX ISA 9.3 / CUDA 13.0,1575.000,,,,fp16,128,128,16,32,128,78,3,discard,same,4,4,32,1,nocount,none,none,16,16,16,16,512,0,128,none,0,none,0,4,,nan,nan,,,,,8192,,,,,,nan,0,bf14b28d2af4128daa99f23eec8a5e105636d0b04136f8be580fdc39d6f1f97d,
04_smem_layout_address,layout_fp16_m128n128k16_none_off16,0,misaligned address,,,580.00,13.0,PTX ISA 9.3 / CUDA 13.0,1575.000,,,,fp16,128,128,16,32,128,78,4,discard,same,4,4,32,1,nocount,none,none,16,16,16,16,512,0,128,none,0,none,0,4,,nan,nan,,,,,8192,,,,,,nan,0,bf14b28d2af4128daa99f23eec8a5e105636d0b04136f8be580fdc39d6f1f97d,
04_smem_layout_address,layout_fp16_m128n128k16_sw128_off256,1,,NVIDIA Thor,11.0,580.00,13.0,PTX ISA 9.3 / CUDA 13.0,1575.000,,,,fp16,128,128,16,32,128,79,0,discard,same,4,4,32,1,nocount,sw128,sw128,16,16,16,256,512,0,128,none,0,none,0,4,20,3678993.0,2335.8685714285716,,,,,8192,,18.387024632012075,,,0,0.0,1,bf14b28d2af4128daa99f23eec8a5e105636d0b04136f8be580fdc39d6f1f97d,; UTCHMMA=21;UTCHMMA_WS=16;UTCBAR=1;UTCATOMSWS=3;SYNCS_TRYWAIT=8;LDS=21;LDG=9;ptx_tcgen05_mma=21;ptx_tcgen05_mma_ws=16;ptx_tcgen05_commit=1;ptx_tcgen05_alloc=1;ptx_tcgen05_dealloc=1;ptx_tcgen05_ld=5;ptx_tcgen05_st=5;ptx_mbarrier_wait=5;ptx_cp_async_tma=2;ptx_ld_shared=26;ptx_ld_global=7
04_smem_layout_address,layout_fp16_m128n128k16_sw128_off256,1,,NVIDIA Thor,11.0,580.00,13.0,PTX ISA 9.3 / CUDA 13.0,1575.000,,,,fp16,128,128,16,32,128,79,1,discard,same,4,4,32,1,nocount,sw128,sw128,16,16,16,256,512,0,128,none,0,none,0,4,20,3678995.0,2335.869841269841,,,,,8192,,18.387014636334108,,,0,0.0,1,bf14b28d2af4128daa99f23eec8a5e105636d0b04136f8be580fdc39d6f1f97d,
04_smem_layout_address,layout_fp16_m128n128k16_sw128_off256,1,,NVIDIA Thor,11.0,580.00,13.0,PTX ISA 9.3 / CUDA 13.0,1575.000,,,,fp16,128,128,16,32,128,79,2,discard,same,4,4,32,1,nocount,sw128,sw128,16,16,16,256,512,0,128,none,0,none,0,4,20,3678964.0,2335.850158730159,,,,,8192,,18.387169570563888,,,0,0.0,1,bf14b28d2af4128daa99f23eec8a5e105636d0b04136f8be580fdc39d6f1f97d,
04_smem_layout_address,layout_fp16_m128n128k16_sw128_off256,1,,NVIDIA Thor,11.0,580.00,13.0,PTX ISA 9.3 / CUDA 13.0,1575.000,,,,fp16,128,128,16,32,128,79,3,discard,same,4,4,32,1,nocount,sw128,sw128,16,16,16,256,512,0,128,none,0,none,0,4,20,3678992.0,2335.8679365079365,,,,,8192,,18.38702962985513,,,0,0.0,1,bf14b28d2af4128daa99f23eec8a5e105636d0b04136f8be580fdc39d6f1f97d,
04_smem_layout_address,layout_fp16_m128n128k16_sw128_off256,1,,NVIDIA Thor,11.0,580.00,13.0,PTX ISA 9.3 / CUDA 13.0,1575.000,,,,fp16,128,128,16,32,128,79,4,discard,same,4,4,32,1,nocount,sw128,sw128,16,16,16,256,512,0,128,none,0,none,0,4,20,3678996.0,2335.8704761904764,,,,,8192,,18.387009638499197,,,0,0.0,1,bf14b28d2af4128daa99f23eec8a5e105636d0b04136f8be580fdc39d6f1f97d,
04_smem_layout_address,layout_bf16_m128n256k16_none_off128,0,max_abs_error>0.25,NVIDIA Thor,11.0,580.00,13.0,PTX ISA 9.3 / CUDA 13.0,1575.000,,,,bf16,128,256,16,32,128,80,0,discard,same,2,2,32,1,nocount,none,none,16,16,16,128,512,0,256,none,0,none,0,4,20,3678182.0,2335.353650793651,,,,,12288,,36.78215755065954,,,0,0.83203125,1,bf14b28d2af4128daa99f23eec8a5e105636d0b04136f8be580fdc39d6f1f97d,; UTCHMMA=21;UTCHMMA_WS=16;UTCBAR=1;UTCATOMSWS=3;SYNCS_TRYWAIT=8;LDS=21;LDG=9;ptx_tcgen05_mma=21;ptx_tcgen05_mma_ws=16;ptx_tcgen05_commit=1;ptx_tcgen05_alloc=1;ptx_tcgen05_dealloc=1;ptx_tcgen05_ld=5;ptx_tcgen05_st=5;ptx_mbarrier_wait=5;ptx_cp_async_tma=2;ptx_ld_shared=26;ptx_ld_global=7
04_smem_layout_address,layout_bf16_m128n256k16_none_off128,0,max_abs_error>0.25,NVIDIA Thor,11.0,580.00,13.0,PTX ISA 9.3 / CUDA 13.0,1575.000,,,,bf16,128,256,16,32,128,80,1,discard,same,2,2,32,1,nocount,none,none,16,16,16,128,512,0,256,none,0,none,0,4,20,3678179.0,2335.351746031746,,,,,12288,,36.78218755095932,,,0,0.83203125,1,bf14b28d2af4128daa99f23eec8a5e105636d0b04136f8be580fdc39d6f1f97d,
04_smem_layout_address,layout_bf16_m128n256k16_none_off128,0,max_abs_error>0.25,NVIDIA Thor,11.0,580.00,13.0,PTX ISA 9.3 / CUDA 13.0,1575.000,,,,bf16,128,256,16,32,128,80,2,discard,same,2,2,32,1,nocount,none,none,16,16,16,128,512,0,256,none,0,none,0,4,20,3678178.0,2335.351111111111,,,,,12288,,36.78219755107013,,,0,0.83203125,1,bf14b28d2af4128daa99f23eec8a5e105636d0b04136f8be580fdc39d6f1f97d,
04_smem_layout_address,layout_bf16_m128n256k16_none_off128,0,max_abs_error>0.25,NVIDIA Thor,11.0,580.00,13.0,PTX ISA 9.3 / CUDA 13.0,1575.000,,,,bf16,128,256,16,32,128,80,3,discard,same,2,2,32,1,nocount,none,none,16,16,16,128,512,0,256,none,0,none,0,4,20,3678179.0,2335.351746031746,,,,,12288,,36.78218755095932,,,0,0.83203125,1,bf14b28d2af4128daa99f23eec8a5e105636d0b04136f8be580fdc39d6f1f97d,
04_smem_layout_address,layout_bf16_m128n256k16_none_off128,0,max_abs_error>0.25,NVIDIA Thor,11.0,580.00,13.0,PTX ISA 9.3 / CUDA 13.0,1575.000,,,,bf16,128,256,16,32,128,80,4,discard,same,2,2,32,1,nocount,none,none,16,16,16,128,512,0,256,none,0,none,0,4,20,3678179.0,2335.351746031746,,,,,12288,,36.78218755095932,,,0,0.83203125,1,bf14b28d2af4128daa99f23eec8a5e105636d0b04136f8be580fdc39d6f1f97d,
04_smem_layout_address,layout_bf16_m128n128k16_none_off32,0,misaligned address,,,580.00,13.0,PTX ISA 9.3 / CUDA 13.0,1575.000,,,,bf16,128,128,16,32,128,81,0,discard,same,4,4,32,1,nocount,none,none,16,16,16,32,512,0,128,none,0,none,0,4,,nan,nan,,,,,8192,,,,,,nan,0,bf14b28d2af4128daa99f23eec8a5e105636d0b04136f8be580fdc39d6f1f97d,; UTCHMMA=21;UTCHMMA_WS=16;UTCBAR=1;UTCATOMSWS=3;SYNCS_TRYWAIT=8;LDS=21;LDG=9;ptx_tcgen05_mma=21;ptx_tcgen05_mma_ws=16;ptx_tcgen05_commit=1;ptx_tcgen05_alloc=1;ptx_tcgen05_dealloc=1;ptx_tcgen05_ld=5;ptx_tcgen05_st=5;ptx_mbarrier_wait=5;ptx_cp_async_tma=2;ptx_ld_shared=26;ptx_ld_global=7
04_smem_layout_address,layout_bf16_m128n128k16_none_off32,0,misaligned address,,,580.00,13.0,PTX ISA 9.3 / CUDA 13.0,1575.000,,,,bf16,128,128,16,32,128,81,1,discard,same,4,4,32,1,nocount,none,none,16,16,16,32,512,0,128,none,0,none,0,4,,nan,nan,,,,,8192,,,,,,nan,0,bf14b28d2af4128daa99f23eec8a5e105636d0b04136f8be580fdc39d6f1f97d,
04_smem_layout_address,layout_bf16_m128n128k16_none_off32,0,misaligned address,,,580.00,13.0,PTX ISA 9.3 / CUDA 13.0,1575.000,,,,bf16,128,128,16,32,128,81,2,discard,same,4,4,32,1,nocount,none,none,16,16,16,32,512,0,128,none,0,none,0,4,,nan,nan,,,,,8192,,,,,,nan,0,bf14b28d2af4128daa99f23eec8a5e105636d0b04136f8be580fdc39d6f1f97d,
04_smem_layout_address,layout_bf16_m128n128k16_none_off32,0,misaligned address,,,580.00,13.0,PTX ISA 9.3 / CUDA 13.0,1575.000,,,,bf16,128,128,16,32,128,81,3,discard,same,4,4,32,1,nocount,none,none,16,16,16,32,512,0,128,none,0,none,0,4,,nan,nan,,,,,8192,,,,,,nan,0,bf14b28d2af4128daa99f23eec8a5e105636d0b04136f8be580fdc39d6f1f97d,
04_smem_layout_address,layout_bf16_m128n128k16_none_off32,0,misaligned address,,,580.00,13.0,PTX ISA 9.3 / CUDA 13.0,1575.000,,,,bf16,128,128,16,32,128,81,4,discard,same,4,4,32,1,nocount,none,none,16,16,16,32,512,0,128,none,0,none,0,4,,nan,nan,,,,,8192,,,,,,nan,0,bf14b28d2af4128daa99f23eec8a5e105636d0b04136f8be580fdc39d6f1f97d,
04_smem_layout_address,layout_bf16_m128n64k16_sw128_off32,0,misaligned address,,,580.00,13.0,PTX ISA 9.3 / CUDA 13.0,1575.000,,,,bf16,128,64,16,32,128,82,0,discard,same,8,8,32,1,nocount,sw128,sw128,16,16,16,32,512,0,64,none,0,none,0,4,,nan,nan,,,,,6144,,,,,,nan,0,bf14b28d2af4128daa99f23eec8a5e105636d0b04136f8be580fdc39d6f1f97d,; UTCHMMA=21;UTCHMMA_WS=16;UTCBAR=1;UTCATOMSWS=3;SYNCS_TRYWAIT=8;LDS=21;LDG=9;ptx_tcgen05_mma=21;ptx_tcgen05_mma_ws=16;ptx_tcgen05_commit=1;ptx_tcgen05_alloc=1;ptx_tcgen05_dealloc=1;ptx_tcgen05_ld=5;ptx_tcgen05_st=5;ptx_mbarrier_wait=5;ptx_cp_async_tma=2;ptx_ld_shared=26;ptx_ld_global=7
04_smem_layout_address,layout_bf16_m128n64k16_sw128_off32,0,misaligned address,,,580.00,13.0,PTX ISA 9.3 / CUDA 13.0,1575.000,,,,bf16,128,64,16,32,128,82,1,discard,same,8,8,32,1,nocount,sw128,sw128,16,16,16,32,512,0,64,none,0,none,0,4,,nan,nan,,,,,6144,,,,,,nan,0,bf14b28d2af4128daa99f23eec8a5e105636d0b04136f8be580fdc39d6f1f97d,
04_smem_layout_address,layout_bf16_m128n64k16_sw128_off32,0,misaligned address,,,580.00,13.0,PTX ISA 9.3 / CUDA 13.0,1575.000,,,,bf16,128,64,16,32,128,82,2,discard,same,8,8,32,1,nocount,sw128,sw128,16,16,16,32,512,0,64,none,0,none,0,4,,nan,nan,,,,,6144,,,,,,nan,0,bf14b28d2af4128daa99f23eec8a5e105636d0b04136f8be580fdc39d6f1f97d,
04_smem_layout_address,layout_bf16_m128n64k16_sw128_off32,0,misaligned address,,,580.00,13.0,PTX ISA 9.3 / CUDA 13.0,1575.000,,,,bf16,128,64,16,32,128,82,3,discard,same,8,8,32,1,nocount,sw128,sw128,16,16,16,32,512,0,64,none,0,none,0,4,,nan,nan,,,,,6144,,,,,,nan,0,bf14b28d2af4128daa99f23eec8a5e105636d0b04136f8be580fdc39d6f1f97d,
04_smem_layout_address,layout_bf16_m128n64k16_sw128_off32,0,misaligned address,,,580.00,13.0,PTX ISA 9.3 / CUDA 13.0,1575.000,,,,bf16,128,64,16,32,128,82,4,discard,same,8,8,32,1,nocount,sw128,sw128,16,16,16,32,512,0,64,none,0,none,0,4,,nan,nan,,,,,6144,,,,,,nan,0,bf14b28d2af4128daa99f23eec8a5e105636d0b04136f8be580fdc39d6f1f97d,
04_smem_layout_address,layout_bf16_m128n128k16_none_off256,0,max_abs_error>0.25,NVIDIA Thor,11.0,580.00,13.0,PTX ISA 9.3 / CUDA 13.0,1575.000,,,,bf16,128,128,16,32,128,83,0,discard,same,4,4,32,1,nocount,none,none,16,16,16,256,512,0,128,none,0,none,0,4,20,3678995.0,2335.869841269841,,,,,8192,,18.387014636334108,,,0,0.83203125,1,bf14b28d2af4128daa99f23eec8a5e105636d0b04136f8be580fdc39d6f1f97d,; UTCHMMA=21;UTCHMMA_WS=16;UTCBAR=1;UTCATOMSWS=3;SYNCS_TRYWAIT=8;LDS=21;LDG=9;ptx_tcgen05_mma=21;ptx_tcgen05_mma_ws=16;ptx_tcgen05_commit=1;ptx_tcgen05_alloc=1;ptx_tcgen05_dealloc=1;ptx_tcgen05_ld=5;ptx_tcgen05_st=5;ptx_mbarrier_wait=5;ptx_cp_async_tma=2;ptx_ld_shared=26;ptx_ld_global=7
04_smem_layout_address,layout_bf16_m128n128k16_none_off256,0,max_abs_error>0.25,NVIDIA Thor,11.0,580.00,13.0,PTX ISA 9.3 / CUDA 13.0,1575.000,,,,bf16,128,128,16,32,128,83,1,discard,same,4,4,32,1,nocount,none,none,16,16,16,256,512,0,128,none,0,none,0,4,20,3678962.0,2335.8488888888887,,,,,8192,,18.387179566410307,,,0,0.83203125,1,bf14b28d2af4128daa99f23eec8a5e105636d0b04136f8be580fdc39d6f1f97d,
04_smem_layout_address,layout_bf16_m128n128k16_none_off256,0,max_abs_error>0.25,NVIDIA Thor,11.0,580.00,13.0,PTX ISA 9.3 / CUDA 13.0,1575.000,,,,bf16,128,128,16,32,128,83,2,discard,same,4,4,32,1,nocount,none,none,16,16,16,256,512,0,128,none,0,none,0,4,20,3678990.0,2335.8666666666663,,,,,8192,,18.387039625549406,,,0,0.83203125,1,bf14b28d2af4128daa99f23eec8a5e105636d0b04136f8be580fdc39d6f1f97d,
04_smem_layout_address,layout_bf16_m128n128k16_none_off256,0,max_abs_error>0.25,NVIDIA Thor,11.0,580.00,13.0,PTX ISA 9.3 / CUDA 13.0,1575.000,,,,bf16,128,128,16,32,128,83,3,discard,same,4,4,32,1,nocount,none,none,16,16,16,256,512,0,128,none,0,none,0,4,20,3678982.0,2335.8615873015874,,,,,8192,,18.38707960843516,,,0,0.83203125,1,bf14b28d2af4128daa99f23eec8a5e105636d0b04136f8be580fdc39d6f1f97d,
04_smem_layout_address,layout_bf16_m128n128k16_none_off256,0,max_abs_error>0.25,NVIDIA Thor,11.0,580.00,13.0,PTX ISA 9.3 / CUDA 13.0,1575.000,,,,bf16,128,128,16,32,128,83,4,discard,same,4,4,32,1,nocount,none,none,16,16,16,256,512,0,128,none,0,none,0,4,20,3678995.0,2335.869841269841,,,,,8192,,18.387014636334108,,,0,0.83203125,1,bf14b28d2af4128daa99f23eec8a5e105636d0b04136f8be580fdc39d6f1f97d,
04_smem_layout_address,layout_bf16_m128n256k16_sw32_off0,1,,NVIDIA Thor,11.0,580.00,13.0,PTX ISA 9.3 / CUDA 13.0,1575.000,,,,bf16,128,256,16,32,128,84,0,discard,same,2,2,32,1,nocount,sw32,sw32,16,16,16,0,512,0,256,none,0,none,0,4,20,3387360.0,2150.7047619047617,,,,,12288,,39.94009193708375,,,0,0.0,1,bf14b28d2af4128daa99f23eec8a5e105636d0b04136f8be580fdc39d6f1f97d,; UTCHMMA=21;UTCHMMA_WS=16;UTCBAR=1;UTCATOMSWS=3;SYNCS_TRYWAIT=8;LDS=21;LDG=9;ptx_tcgen05_mma=21;ptx_tcgen05_mma_ws=16;ptx_tcgen05_commit=1;ptx_tcgen05_alloc=1;ptx_tcgen05_dealloc=1;ptx_tcgen05_ld=5;ptx_tcgen05_st=5;ptx_mbarrier_wait=5;ptx_cp_async_tma=2;ptx_ld_shared=26;ptx_ld_global=7
04_smem_layout_address,layout_bf16_m128n256k16_sw32_off0,1,,NVIDIA Thor,11.0,580.00,13.0,PTX ISA 9.3 / CUDA 13.0,1575.000,,,,bf16,128,256,16,32,128,84,1,discard,same,2,2,32,1,nocount,sw32,sw32,16,16,16,0,512,0,256,none,0,none,0,4,20,3387343.0,2150.6939682539683,,,,,12288,,39.94029238373557,,,0,0.0,1,bf14b28d2af4128daa99f23eec8a5e105636d0b04136f8be580fdc39d6f1f97d,
04_smem_layout_address,layout_bf16_m128n256k16_sw32_off0,1,,NVIDIA Thor,11.0,580.00,13.0,PTX ISA 9.3 / CUDA 13.0,1575.000,,,,bf16,128,256,16,32,128,84,2,discard,same,2,2,32,1,nocount,sw32,sw32,16,16,16,0,512,0,256,none,0,none,0,4,20,3387348.0,2150.697142857143,,,,,12288,,39.94023342862913,,,0,0.0,1,bf14b28d2af4128daa99f23eec8a5e105636d0b04136f8be580fdc39d6f1f97d,
04_smem_layout_address,layout_bf16_m128n256k16_sw32_off0,1,,NVIDIA Thor,11.0,580.00,13.0,PTX ISA 9.3 / CUDA 13.0,1575.000,,,,bf16,128,256,16,32,128,84,3,discard,same,2,2,32,1,nocount,sw32,sw32,16,16,16,0,512,0,256,none,0,none,0,4,20,3387370.0,2150.711111111111,,,,,12288,,39.93997402822839,,,0,0.0,1,bf14b28d2af4128daa99f23eec8a5e105636d0b04136f8be580fdc39d6f1f97d,
04_smem_layout_address,layout_bf16_m128n256k16_sw32_off0,1,,NVIDIA Thor,11.0,580.00,13.0,PTX ISA 9.3 / CUDA 13.0,1575.000,,,,bf16,128,256,16,32,128,84,4,discard,same,2,2,32,1,nocount,sw32,sw32,16,16,16,0,512,0,256,none,0,none,0,4,20,3387352.0,2150.6996825396827,,,,,12288,,39.94018626466927,,,0,0.0,1,bf14b28d2af4128daa99f23eec8a5e105636d0b04136f8be580fdc39d6f1f97d,
04_smem_layout_address,layout_fp16_m128n128k16_sw128_off16,0,misaligned address,,,580.00,13.0,PTX ISA 9.3 / CUDA 13.0,1575.000,,,,fp16,128,128,16,32,128,85,0,discard,same,4,4,32,1,nocount,sw128,sw128,16,16,16,16,512,0,128,none,0,none,0,4,,nan,nan,,,,,8192,,,,,,nan,0,bf14b28d2af4128daa99f23eec8a5e105636d0b04136f8be580fdc39d6f1f97d,; UTCHMMA=21;UTCHMMA_WS=16;UTCBAR=1;UTCATOMSWS=3;SYNCS_TRYWAIT=8;LDS=21;LDG=9;ptx_tcgen05_mma=21;ptx_tcgen05_mma_ws=16;ptx_tcgen05_commit=1;ptx_tcgen05_alloc=1;ptx_tcgen05_dealloc=1;ptx_tcgen05_ld=5;ptx_tcgen05_st=5;ptx_mbarrier_wait=5;ptx_cp_async_tma=2;ptx_ld_shared=26;ptx_ld_global=7
04_smem_layout_address,layout_fp16_m128n128k16_sw128_off16,0,misaligned address,,,580.00,13.0,PTX ISA 9.3 / CUDA 13.0,1575.000,,,,fp16,128,128,16,32,128,85,1,discard,same,4,4,32,1,nocount,sw128,sw128,16,16,16,16,512,0,128,none,0,none,0,4,,nan,nan,,,,,8192,,,,,,nan,0,bf14b28d2af4128daa99f23eec8a5e105636d0b04136f8be580fdc39d6f1f97d,
04_smem_layout_address,layout_fp16_m128n128k16_sw128_off16,0,misaligned address,,,580.00,13.0,PTX ISA 9.3 / CUDA 13.0,1575.000,,,,fp16,128,128,16,32,128,85,2,discard,same,4,4,32,1,nocount,sw128,sw128,16,16,16,16,512,0,128,none,0,none,0,4,,nan,nan,,,,,8192,,,,,,nan,0,bf14b28d2af4128daa99f23eec8a5e105636d0b04136f8be580fdc39d6f1f97d,
04_smem_layout_address,layout_fp16_m128n128k16_sw128_off16,0,misaligned address,,,580.00,13.0,PTX ISA 9.3 / CUDA 13.0,1575.000,,,,fp16,128,128,16,32,128,85,3,discard,same,4,4,32,1,nocount,sw128,sw128,16,16,16,16,512,0,128,none,0,none,0,4,,nan,nan,,,,,8192,,,,,,nan,0,bf14b28d2af4128daa99f23eec8a5e105636d0b04136f8be580fdc39d6f1f97d,
04_smem_layout_address,layout_fp16_m128n128k16_sw128_off16,0,misaligned address,,,580.00,13.0,PTX ISA 9.3 / CUDA 13.0,1575.000,,,,fp16,128,128,16,32,128,85,4,discard,same,4,4,32,1,nocount,sw128,sw128,16,16,16,16,512,0,128,none,0,none,0,4,,nan,nan,,,,,8192,,,,,,nan,0,bf14b28d2af4128daa99f23eec8a5e105636d0b04136f8be580fdc39d6f1f97d,
04_smem_layout_address,layout_bf16_m128n128k16_sw128_off64,0,misaligned address,,,580.00,13.0,PTX ISA 9.3 / CUDA 13.0,1575.000,,,,bf16,128,128,16,32,128,86,0,discard,same,4,4,32,1,nocount,sw128,sw128,16,16,16,64,512,0,128,none,0,none,0,4,,nan,nan,,,,,8192,,,,,,nan,0,bf14b28d2af4128daa99f23eec8a5e105636d0b04136f8be580fdc39d6f1f97d,; UTCHMMA=21;UTCHMMA_WS=16;UTCBAR=1;UTCATOMSWS=3;SYNCS_TRYWAIT=8;LDS=21;LDG=9;ptx_tcgen05_mma=21;ptx_tcgen05_mma_ws=16;ptx_tcgen05_commit=1;ptx_tcgen05_alloc=1;ptx_tcgen05_dealloc=1;ptx_tcgen05_ld=5;ptx_tcgen05_st=5;ptx_mbarrier_wait=5;ptx_cp_async_tma=2;ptx_ld_shared=26;ptx_ld_global=7
04_smem_layout_address,layout_bf16_m128n128k16_sw128_off64,0,misaligned address,,,580.00,13.0,PTX ISA 9.3 / CUDA 13.0,1575.000,,,,bf16,128,128,16,32,128,86,1,discard,same,4,4,32,1,nocount,sw128,sw128,16,16,16,64,512,0,128,none,0,none,0,4,,nan,nan,,,,,8192,,,,,,nan,0,bf14b28d2af4128daa99f23eec8a5e105636d0b04136f8be580fdc39d6f1f97d,
04_smem_layout_address,layout_bf16_m128n128k16_sw128_off64,0,misaligned address,,,580.00,13.0,PTX ISA 9.3 / CUDA 13.0,1575.000,,,,bf16,128,128,16,32,128,86,2,discard,same,4,4,32,1,nocount,sw128,sw128,16,16,16,64,512,0,128,none,0,none,0,4,,nan,nan,,,,,8192,,,,,,nan,0,bf14b28d2af4128daa99f23eec8a5e105636d0b04136f8be580fdc39d6f1f97d,
04_smem_layout_address,layout_bf16_m128n128k16_sw128_off64,0,misaligned address,,,580.00,13.0,PTX ISA 9.3 / CUDA 13.0,1575.000,,,,bf16,128,128,16,32,128,86,3,discard,same,4,4,32,1,nocount,sw128,sw128,16,16,16,64,512,0,128,none,0,none,0,4,,nan,nan,,,,,8192,,,,,,nan,0,bf14b28d2af4128daa99f23eec8a5e105636d0b04136f8be580fdc39d6f1f97d,
04_smem_layout_address,layout_bf16_m128n128k16_sw128_off64,0,misaligned address,,,580.00,13.0,PTX ISA 9.3 / CUDA 13.0,1575.000,,,,bf16,128,128,16,32,128,86,4,discard,same,4,4,32,1,nocount,sw128,sw128,16,16,16,64,512,0,128,none,0,none,0,4,,nan,nan,,,,,8192,,,,,,nan,0,bf14b28d2af4128daa99f23eec8a5e105636d0b04136f8be580fdc39d6f1f97d,
04_smem_layout_address,layout_fp16_m128n128k16_sw64_off16,0,misaligned address,,,580.00,13.0,PTX ISA 9.3 / CUDA 13.0,1575.000,,,,fp16,128,128,16,32,128,87,0,discard,same,4,4,32,1,nocount,sw64,sw64,16,16,16,16,512,0,128,none,0,none,0,4,,nan,nan,,,,,8192,,,,,,nan,0,bf14b28d2af4128daa99f23eec8a5e105636d0b04136f8be580fdc39d6f1f97d,; UTCHMMA=21;UTCHMMA_WS=16;UTCBAR=1;UTCATOMSWS=3;SYNCS_TRYWAIT=8;LDS=21;LDG=9;ptx_tcgen05_mma=21;ptx_tcgen05_mma_ws=16;ptx_tcgen05_commit=1;ptx_tcgen05_alloc=1;ptx_tcgen05_dealloc=1;ptx_tcgen05_ld=5;ptx_tcgen05_st=5;ptx_mbarrier_wait=5;ptx_cp_async_tma=2;ptx_ld_shared=26;ptx_ld_global=7
04_smem_layout_address,layout_fp16_m128n128k16_sw64_off16,0,misaligned address,,,580.00,13.0,PTX ISA 9.3 / CUDA 13.0,1575.000,,,,fp16,128,128,16,32,128,87,1,discard,same,4,4,32,1,nocount,sw64,sw64,16,16,16,16,512,0,128,none,0,none,0,4,,nan,nan,,,,,8192,,,,,,nan,0,bf14b28d2af4128daa99f23eec8a5e105636d0b04136f8be580fdc39d6f1f97d,
04_smem_layout_address,layout_fp16_m128n128k16_sw64_off16,0,misaligned address,,,580.00,13.0,PTX ISA 9.3 / CUDA 13.0,1575.000,,,,fp16,128,128,16,32,128,87,2,discard,same,4,4,32,1,nocount,sw64,sw64,16,16,16,16,512,0,128,none,0,none,0,4,,nan,nan,,,,,8192,,,,,,nan,0,bf14b28d2af4128daa99f23eec8a5e105636d0b04136f8be580fdc39d6f1f97d,
04_smem_layout_address,layout_fp16_m128n128k16_sw64_off16,0,misaligned address,,,580.00,13.0,PTX ISA 9.3 / CUDA 13.0,1575.000,,,,fp16,128,128,16,32,128,87,3,discard,same,4,4,32,1,nocount,sw64,sw64,16,16,16,16,512,0,128,none,0,none,0,4,,nan,nan,,,,,8192,,,,,,nan,0,bf14b28d2af4128daa99f23eec8a5e105636d0b04136f8be580fdc39d6f1f97d,
04_smem_layout_address,layout_fp16_m128n128k16_sw64_off16,0,misaligned address,,,580.00,13.0,PTX ISA 9.3 / CUDA 13.0,1575.000,,,,fp16,128,128,16,32,128,87,4,discard,same,4,4,32,1,nocount,sw64,sw64,16,16,16,16,512,0,128,none,0,none,0,4,,nan,nan,,,,,8192,,,,,,nan,0,bf14b28d2af4128daa99f23eec8a5e105636d0b04136f8be580fdc39d6f1f97d,
04_smem_layout_address,layout_bf16_m128n64k16_none_off32,0,misaligned address,,,580.00,13.0,PTX ISA 9.3 / CUDA 13.0,1575.000,,,,bf16,128,64,16,32,128,88,0,discard,same,8,8,32,1,nocount,none,none,16,16,16,32,512,0,64,none,0,none,0,4,,nan,nan,,,,,6144,,,,,,nan,0,bf14b28d2af4128daa99f23eec8a5e105636d0b04136f8be580fdc39d6f1f97d,; UTCHMMA=21;UTCHMMA_WS=16;UTCBAR=1;UTCATOMSWS=3;SYNCS_TRYWAIT=8;LDS=21;LDG=9;ptx_tcgen05_mma=21;ptx_tcgen05_mma_ws=16;ptx_tcgen05_commit=1;ptx_tcgen05_alloc=1;ptx_tcgen05_dealloc=1;ptx_tcgen05_ld=5;ptx_tcgen05_st=5;ptx_mbarrier_wait=5;ptx_cp_async_tma=2;ptx_ld_shared=26;ptx_ld_global=7
04_smem_layout_address,layout_bf16_m128n64k16_none_off32,0,misaligned address,,,580.00,13.0,PTX ISA 9.3 / CUDA 13.0,1575.000,,,,bf16,128,64,16,32,128,88,1,discard,same,8,8,32,1,nocount,none,none,16,16,16,32,512,0,64,none,0,none,0,4,,nan,nan,,,,,6144,,,,,,nan,0,bf14b28d2af4128daa99f23eec8a5e105636d0b04136f8be580fdc39d6f1f97d,
04_smem_layout_address,layout_bf16_m128n64k16_none_off32,0,misaligned address,,,580.00,13.0,PTX ISA 9.3 / CUDA 13.0,1575.000,,,,bf16,128,64,16,32,128,88,2,discard,same,8,8,32,1,nocount,none,none,16,16,16,32,512,0,64,none,0,none,0,4,,nan,nan,,,,,6144,,,,,,nan,0,bf14b28d2af4128daa99f23eec8a5e105636d0b04136f8be580fdc39d6f1f97d,
04_smem_layout_address,layout_bf16_m128n64k16_none_off32,0,misaligned address,,,580.00,13.0,PTX ISA 9.3 / CUDA 13.0,1575.000,,,,bf16,128,64,16,32,128,88,3,discard,same,8,8,32,1,nocount,none,none,16,16,16,32,512,0,64,none,0,none,0,4,,nan,nan,,,,,6144,,,,,,nan,0,bf14b28d2af4128daa99f23eec8a5e105636d0b04136f8be580fdc39d6f1f97d,
04_smem_layout_address,layout_bf16_m128n64k16_none_off32,0,misaligned address,,,580.00,13.0,PTX ISA 9.3 / CUDA 13.0,1575.000,,,,bf16,128,64,16,32,128,88,4,discard,same,8,8,32,1,nocount,none,none,16,16,16,32,512,0,64,none,0,none,0,4,,nan,nan,,,,,6144,,,,,,nan,0,bf14b28d2af4128daa99f23eec8a5e105636d0b04136f8be580fdc39d6f1f97d,
04_smem_layout_address,layout_fp16_m128n256k16_sw64_off256,1,,NVIDIA Thor,11.0,580.00,13.0,PTX ISA 9.3 / CUDA 13.0,1575.000,,,,fp16,128,256,16,32,128,89,0,discard,same,2,2,32,1,nocount,sw64,sw64,16,16,16,256,512,0,256,none,0,none,0,4,20,3562232.0,2261.7346031746033,,,,,12288,,37.979410050777155,,,0,0.0,1,bf14b28d2af4128daa99f23eec8a5e105636d0b04136f8be580fdc39d6f1f97d,; UTCHMMA=21;UTCHMMA_WS=16;UTCBAR=1;UTCATOMSWS=3;SYNCS_TRYWAIT=8;LDS=21;LDG=9;ptx_tcgen05_mma=21;ptx_tcgen05_mma_ws=16;ptx_tcgen05_commit=1;ptx_tcgen05_alloc=1;ptx_tcgen05_dealloc=1;ptx_tcgen05_ld=5;ptx_tcgen05_st=5;ptx_mbarrier_wait=5;ptx_cp_async_tma=2;ptx_ld_shared=26;ptx_ld_global=7
04_smem_layout_address,layout_fp16_m128n256k16_sw64_off256,1,,NVIDIA Thor,11.0,580.00,13.0,PTX ISA 9.3 / CUDA 13.0,1575.000,,,,fp16,128,256,16,32,128,89,1,discard,same,2,2,32,1,nocount,sw64,sw64,16,16,16,256,512,0,256,none,0,none,0,4,20,3562230.0,2261.733333333333,,,,,12288,,37.979431374167305,,,0,0.0,1,bf14b28d2af4128daa99f23eec8a5e105636d0b04136f8be580fdc39d6f1f97d,
04_smem_layout_address,layout_fp16_m128n256k16_sw64_off256,1,,NVIDIA Thor,11.0,580.00,13.0,PTX ISA 9.3 / CUDA 13.0,1575.000,,,,fp16,128,256,16,32,128,89,2,discard,same,2,2,32,1,nocount,sw64,sw64,16,16,16,256,512,0,256,none,0,none,0,4,20,3562234.0,2261.735873015873,,,,,12288,,37.97938872741094,,,0,0.0,1,bf14b28d2af4128daa99f23eec8a5e105636d0b04136f8be580fdc39d6f1f97d,
04_smem_layout_address,layout_fp16_m128n256k16_sw64_off256,1,,NVIDIA Thor,11.0,580.00,13.0,PTX ISA 9.3 / CUDA 13.0,1575.000,,,,fp16,128,256,16,32,128,89,3,discard,same,2,2,32,1,nocount,sw64,sw64,16,16,16,256,512,0,256,none,0,none,0,4,20,3562239.0,2261.7390476190476,,,,,12288,,37.97933541910018,,,0,0.0,1,bf14b28d2af4128daa99f23eec8a5e105636d0b04136f8be580fdc39d6f1f97d,
04_smem_layout_address,layout_fp16_m128n256k16_sw64_off256,1,,NVIDIA Thor,11.0,580.00,13.0,PTX ISA 9.3 / CUDA 13.0,1575.000,,,,fp16,128,256,16,32,128,89,4,discard,same,2,2,32,1,nocount,sw64,sw64,16,16,16,256,512,0,256,none,0,none,0,4,20,3562234.0,2261.735873015873,,,,,12288,,37.97938872741094,,,0,0.0,1,bf14b28d2af4128daa99f23eec8a5e105636d0b04136f8be580fdc39d6f1f97d,
04_smem_layout_address,layout_fp16_m128n64k16_sw128_off64,0,misaligned address,,,580.00,13.0,PTX ISA 9.3 / CUDA 13.0,1575.000,,,,fp16,128,64,16,32,128,90,0,discard,same,8,8,32,1,nocount,sw128,sw128,16,16,16,64,512,0,64,none,0,none,0,4,,nan,nan,,,,,6144,,,,,,nan,0,bf14b28d2af4128daa99f23eec8a5e105636d0b04136f8be580fdc39d6f1f97d,; UTCHMMA=21;UTCHMMA_WS=16;UTCBAR=1;UTCATOMSWS=3;SYNCS_TRYWAIT=8;LDS=21;LDG=9;ptx_tcgen05_mma=21;ptx_tcgen05_mma_ws=16;ptx_tcgen05_commit=1;ptx_tcgen05_alloc=1;ptx_tcgen05_dealloc=1;ptx_tcgen05_ld=5;ptx_tcgen05_st=5;ptx_mbarrier_wait=5;ptx_cp_async_tma=2;ptx_ld_shared=26;ptx_ld_global=7
04_smem_layout_address,layout_fp16_m128n64k16_sw128_off64,0,misaligned address,,,580.00,13.0,PTX ISA 9.3 / CUDA 13.0,1575.000,,,,fp16,128,64,16,32,128,90,1,discard,same,8,8,32,1,nocount,sw128,sw128,16,16,16,64,512,0,64,none,0,none,0,4,,nan,nan,,,,,6144,,,,,,nan,0,bf14b28d2af4128daa99f23eec8a5e105636d0b04136f8be580fdc39d6f1f97d,
04_smem_layout_address,layout_fp16_m128n64k16_sw128_off64,0,misaligned address,,,580.00,13.0,PTX ISA 9.3 / CUDA 13.0,1575.000,,,,fp16,128,64,16,32,128,90,2,discard,same,8,8,32,1,nocount,sw128,sw128,16,16,16,64,512,0,64,none,0,none,0,4,,nan,nan,,,,,6144,,,,,,nan,0,bf14b28d2af4128daa99f23eec8a5e105636d0b04136f8be580fdc39d6f1f97d,
04_smem_layout_address,layout_fp16_m128n64k16_sw128_off64,0,misaligned address,,,580.00,13.0,PTX ISA 9.3 / CUDA 13.0,1575.000,,,,fp16,128,64,16,32,128,90,3,discard,same,8,8,32,1,nocount,sw128,sw128,16,16,16,64,512,0,64,none,0,none,0,4,,nan,nan,,,,,6144,,,,,,nan,0,bf14b28d2af4128daa99f23eec8a5e105636d0b04136f8be580fdc39d6f1f97d,
04_smem_layout_address,layout_fp16_m128n64k16_sw128_off64,0,misaligned address,,,580.00,13.0,PTX ISA 9.3 / CUDA 13.0,1575.000,,,,fp16,128,64,16,32,128,90,4,discard,same,8,8,32,1,nocount,sw128,sw128,16,16,16,64,512,0,64,none,0,none,0,4,,nan,nan,,,,,6144,,,,,,nan,0,bf14b28d2af4128daa99f23eec8a5e105636d0b04136f8be580fdc39d6f1f97d,
04_smem_layout_address,layout_bf16_m128n64k16_sw128_off256,1,,NVIDIA Thor,11.0,580.00,13.0,PTX ISA 9.3 / CUDA 13.0,1575.000,,,,bf16,128,64,16,32,128,91,0,discard,same,8,8,32,1,nocount,sw128,sw128,16,16,16,256,512,0,64,none,0,none,0,4,20,3678579.0,2335.6057142857144,,,,,6144,,9.19454698567028,,,0,0.0,1,bf14b28d2af4128daa99f23eec8a5e105636d0b04136f8be580fdc39d6f1f97d,; UTCHMMA=21;UTCHMMA_WS=16;UTCBAR=1;UTCATOMSWS=3;SYNCS_TRYWAIT=8;LDS=21;LDG=9;ptx_tcgen05_mma=21;ptx_tcgen05_mma_ws=16;ptx_tcgen05_commit=1;ptx_tcgen05_alloc=1;ptx_tcgen05_dealloc=1;ptx_tcgen05_ld=5;ptx_tcgen05_st=5;ptx_mbarrier_wait=5;ptx_cp_async_tma=2;ptx_ld_shared=26;ptx_ld_global=7
04_smem_layout_address,layout_bf16_m128n64k16_sw128_off256,1,,NVIDIA Thor,11.0,580.00,13.0,PTX ISA 9.3 / CUDA 13.0,1575.000,,,,bf16,128,64,16,32,128,91,1,discard,same,8,8,32,1,nocount,sw128,sw128,16,16,16,256,512,0,64,none,0,none,0,4,20,3678580.0,2335.606349206349,,,,,6144,,9.194544486187606,,,0,0.0,1,bf14b28d2af4128daa99f23eec8a5e105636d0b04136f8be580fdc39d6f1f97d,
04_smem_layout_address,layout_bf16_m128n64k16_sw128_off256,1,,NVIDIA Thor,11.0,580.00,13.0,PTX ISA 9.3 / CUDA 13.0,1575.000,,,,bf16,128,64,16,32,128,91,2,discard,same,8,8,32,1,nocount,sw128,sw128,16,16,16,256,512,0,64,none,0,none,0,4,20,3678578.0,2335.6050793650793,,,,,6144,,9.194549485154319,,,0,0.0,1,bf14b28d2af4128daa99f23eec8a5e105636d0b04136f8be580fdc39d6f1f97d,
04_smem_layout_address,layout_bf16_m128n64k16_sw128_off256,1,,NVIDIA Thor,11.0,580.00,13.0,PTX ISA 9.3 / CUDA 13.0,1575.000,,,,bf16,128,64,16,32,128,91,3,discard,same,8,8,32,1,nocount,sw128,sw128,16,16,16,256,512,0,64,none,0,none,0,4,20,3678588.0,2335.6114285714284,,,,,6144,,9.19452449037511,,,0,0.0,1,bf14b28d2af4128daa99f23eec8a5e105636d0b04136f8be580fdc39d6f1f97d,
04_smem_layout_address,layout_bf16_m128n64k16_sw128_off256,1,,NVIDIA Thor,11.0,580.00,13.0,PTX ISA 9.3 / CUDA 13.0,1575.000,,,,bf16,128,64,16,32,128,91,4,discard,same,8,8,32,1,nocount,sw128,sw128,16,16,16,256,512,0,64,none,0,none,0,4,20,3678576.0,2335.6038095238096,,,,,6144,,9.194554484126467,,,0,0.0,1,bf14b28d2af4128daa99f23eec8a5e105636d0b04136f8be580fdc39d6f1f97d,
04_smem_layout_address,layout_bf16_m128n256k16_none_off32,0,misaligned address,,,580.00,13.0,PTX ISA 9.3 / CUDA 13.0,1575.000,,,,bf16,128,256,16,32,128,92,0,discard,same,2,2,32,1,nocount,none,none,16,16,16,32,512,0,256,none,0,none,0,4,,nan,nan,,,,,12288,,,,,,nan,0,bf14b28d2af4128daa99f23eec8a5e105636d0b04136f8be580fdc39d6f1f97d,; UTCHMMA=21;UTCHMMA_WS=16;UTCBAR=1;UTCATOMSWS=3;SYNCS_TRYWAIT=8;LDS=21;LDG=9;ptx_tcgen05_mma=21;ptx_tcgen05_mma_ws=16;ptx_tcgen05_commit=1;ptx_tcgen05_alloc=1;ptx_tcgen05_dealloc=1;ptx_tcgen05_ld=5;ptx_tcgen05_st=5;ptx_mbarrier_wait=5;ptx_cp_async_tma=2;ptx_ld_shared=26;ptx_ld_global=7
04_smem_layout_address,layout_bf16_m128n256k16_none_off32,0,misaligned address,,,580.00,13.0,PTX ISA 9.3 / CUDA 13.0,1575.000,,,,bf16,128,256,16,32,128,92,1,discard,same,2,2,32,1,nocount,none,none,16,16,16,32,512,0,256,none,0,none,0,4,,nan,nan,,,,,12288,,,,,,nan,0,bf14b28d2af4128daa99f23eec8a5e105636d0b04136f8be580fdc39d6f1f97d,
04_smem_layout_address,layout_bf16_m128n256k16_none_off32,0,misaligned address,,,580.00,13.0,PTX ISA 9.3 / CUDA 13.0,1575.000,,,,bf16,128,256,16,32,128,92,2,discard,same,2,2,32,1,nocount,none,none,16,16,16,32,512,0,256,none,0,none,0,4,,nan,nan,,,,,12288,,,,,,nan,0,bf14b28d2af4128daa99f23eec8a5e105636d0b04136f8be580fdc39d6f1f97d,
04_smem_layout_address,layout_bf16_m128n256k16_none_off32,0,misaligned address,,,580.00,13.0,PTX ISA 9.3 / CUDA 13.0,1575.000,,,,bf16,128,256,16,32,128,92,3,discard,same,2,2,32,1,nocount,none,none,16,16,16,32,512,0,256,none,0,none,0,4,,nan,nan,,,,,12288,,,,,,nan,0,bf14b28d2af4128daa99f23eec8a5e105636d0b04136f8be580fdc39d6f1f97d,
04_smem_layout_address,layout_bf16_m128n256k16_none_off32,0,misaligned address,,,580.00,13.0,PTX ISA 9.3 / CUDA 13.0,1575.000,,,,bf16,128,256,16,32,128,92,4,discard,same,2,2,32,1,nocount,none,none,16,16,16,32,512,0,256,none,0,none,0,4,,nan,nan,,,,,12288,,,,,,nan,0,bf14b28d2af4128daa99f23eec8a5e105636d0b04136f8be580fdc39d6f1f97d,
04_smem_layout_address,layout_bf16_m128n128k16_sw64_off16,0,misaligned address,,,580.00,13.0,PTX ISA 9.3 / CUDA 13.0,1575.000,,,,bf16,128,128,16,32,128,93,0,discard,same,4,4,32,1,nocount,sw64,sw64,16,16,16,16,512,0,128,none,0,none,0,4,,nan,nan,,,,,8192,,,,,,nan,0,bf14b28d2af4128daa99f23eec8a5e105636d0b04136f8be580fdc39d6f1f97d,; UTCHMMA=21;UTCHMMA_WS=16;UTCBAR=1;UTCATOMSWS=3;SYNCS_TRYWAIT=8;LDS=21;LDG=9;ptx_tcgen05_mma=21;ptx_tcgen05_mma_ws=16;ptx_tcgen05_commit=1;ptx_tcgen05_alloc=1;ptx_tcgen05_dealloc=1;ptx_tcgen05_ld=5;ptx_tcgen05_st=5;ptx_mbarrier_wait=5;ptx_cp_async_tma=2;ptx_ld_shared=26;ptx_ld_global=7
04_smem_layout_address,layout_bf16_m128n128k16_sw64_off16,0,misaligned address,,,580.00,13.0,PTX ISA 9.3 / CUDA 13.0,1575.000,,,,bf16,128,128,16,32,128,93,1,discard,same,4,4,32,1,nocount,sw64,sw64,16,16,16,16,512,0,128,none,0,none,0,4,,nan,nan,,,,,8192,,,,,,nan,0,bf14b28d2af4128daa99f23eec8a5e105636d0b04136f8be580fdc39d6f1f97d,
04_smem_layout_address,layout_bf16_m128n128k16_sw64_off16,0,misaligned address,,,580.00,13.0,PTX ISA 9.3 / CUDA 13.0,1575.000,,,,bf16,128,128,16,32,128,93,2,discard,same,4,4,32,1,nocount,sw64,sw64,16,16,16,16,512,0,128,none,0,none,0,4,,nan,nan,,,,,8192,,,,,,nan,0,bf14b28d2af4128daa99f23eec8a5e105636d0b04136f8be580fdc39d6f1f97d,
04_smem_layout_address,layout_bf16_m128n128k16_sw64_off16,0,misaligned address,,,580.00,13.0,PTX ISA 9.3 / CUDA 13.0,1575.000,,,,bf16,128,128,16,32,128,93,3,discard,same,4,4,32,1,nocount,sw64,sw64,16,16,16,16,512,0,128,none,0,none,0,4,,nan,nan,,,,,8192,,,,,,nan,0,bf14b28d2af4128daa99f23eec8a5e105636d0b04136f8be580fdc39d6f1f97d,
04_smem_layout_address,layout_bf16_m128n128k16_sw64_off16,0,misaligned address,,,580.00,13.0,PTX ISA 9.3 / CUDA 13.0,1575.000,,,,bf16,128,128,16,32,128,93,4,discard,same,4,4,32,1,nocount,sw64,sw64,16,16,16,16,512,0,128,none,0,none,0,4,,nan,nan,,,,,8192,,,,,,nan,0,bf14b28d2af4128daa99f23eec8a5e105636d0b04136f8be580fdc39d6f1f97d,
04_smem_layout_address,layout_fp16_m128n64k16_sw32_off16,0,misaligned address,,,580.00,13.0,PTX ISA 9.3 / CUDA 13.0,1575.000,,,,fp16,128,64,16,32,128,94,0,discard,same,8,8,32,1,nocount,sw32,sw32,16,16,16,16,512,0,64,none,0,none,0,4,,nan,nan,,,,,6144,,,,,,nan,0,bf14b28d2af4128daa99f23eec8a5e105636d0b04136f8be580fdc39d6f1f97d,; UTCHMMA=21;UTCHMMA_WS=16;UTCBAR=1;UTCATOMSWS=3;SYNCS_TRYWAIT=8;LDS=21;LDG=9;ptx_tcgen05_mma=21;ptx_tcgen05_mma_ws=16;ptx_tcgen05_commit=1;ptx_tcgen05_alloc=1;ptx_tcgen05_dealloc=1;ptx_tcgen05_ld=5;ptx_tcgen05_st=5;ptx_mbarrier_wait=5;ptx_cp_async_tma=2;ptx_ld_shared=26;ptx_ld_global=7
04_smem_layout_address,layout_fp16_m128n64k16_sw32_off16,0,misaligned address,,,580.00,13.0,PTX ISA 9.3 / CUDA 13.0,1575.000,,,,fp16,128,64,16,32,128,94,1,discard,same,8,8,32,1,nocount,sw32,sw32,16,16,16,16,512,0,64,none,0,none,0,4,,nan,nan,,,,,6144,,,,,,nan,0,bf14b28d2af4128daa99f23eec8a5e105636d0b04136f8be580fdc39d6f1f97d,
04_smem_layout_address,layout_fp16_m128n64k16_sw32_off16,0,misaligned address,,,580.00,13.0,PTX ISA 9.3 / CUDA 13.0,1575.000,,,,fp16,128,64,16,32,128,94,2,discard,same,8,8,32,1,nocount,sw32,sw32,16,16,16,16,512,0,64,none,0,none,0,4,,nan,nan,,,,,6144,,,,,,nan,0,bf14b28d2af4128daa99f23eec8a5e105636d0b04136f8be580fdc39d6f1f97d,
04_smem_layout_address,layout_fp16_m128n64k16_sw32_off16,0,misaligned address,,,580.00,13.0,PTX ISA 9.3 / CUDA 13.0,1575.000,,,,fp16,128,64,16,32,128,94,3,discard,same,8,8,32,1,nocount,sw32,sw32,16,16,16,16,512,0,64,none,0,none,0,4,,nan,nan,,,,,6144,,,,,,nan,0,bf14b28d2af4128daa99f23eec8a5e105636d0b04136f8be580fdc39d6f1f97d,
04_smem_layout_address,layout_fp16_m128n64k16_sw32_off16,0,misaligned address,,,580.00,13.0,PTX ISA 9.3 / CUDA 13.0,1575.000,,,,fp16,128,64,16,32,128,94,4,discard,same,8,8,32,1,nocount,sw32,sw32,16,16,16,16,512,0,64,none,0,none,0,4,,nan,nan,,,,,6144,,,,,,nan,0,bf14b28d2af4128daa99f23eec8a5e105636d0b04136f8be580fdc39d6f1f97d,
04_smem_layout_address,layout_fp16_m128n64k16_none_off16,0,misaligned address,,,580.00,13.0,PTX ISA 9.3 / CUDA 13.0,1575.000,,,,fp16,128,64,16,32,128,95,0,discard,same,8,8,32,1,nocount,none,none,16,16,16,16,512,0,64,none,0,none,0,4,,nan,nan,,,,,6144,,,,,,nan,0,bf14b28d2af4128daa99f23eec8a5e105636d0b04136f8be580fdc39d6f1f97d,; UTCHMMA=21;UTCHMMA_WS=16;UTCBAR=1;UTCATOMSWS=3;SYNCS_TRYWAIT=8;LDS=21;LDG=9;ptx_tcgen05_mma=21;ptx_tcgen05_mma_ws=16;ptx_tcgen05_commit=1;ptx_tcgen05_alloc=1;ptx_tcgen05_dealloc=1;ptx_tcgen05_ld=5;ptx_tcgen05_st=5;ptx_mbarrier_wait=5;ptx_cp_async_tma=2;ptx_ld_shared=26;ptx_ld_global=7
04_smem_layout_address,layout_fp16_m128n64k16_none_off16,0,misaligned address,,,580.00,13.0,PTX ISA 9.3 / CUDA 13.0,1575.000,,,,fp16,128,64,16,32,128,95,1,discard,same,8,8,32,1,nocount,none,none,16,16,16,16,512,0,64,none,0,none,0,4,,nan,nan,,,,,6144,,,,,,nan,0,bf14b28d2af4128daa99f23eec8a5e105636d0b04136f8be580fdc39d6f1f97d,
04_smem_layout_address,layout_fp16_m128n64k16_none_off16,0,misaligned address,,,580.00,13.0,PTX ISA 9.3 / CUDA 13.0,1575.000,,,,fp16,128,64,16,32,128,95,2,discard,same,8,8,32,1,nocount,none,none,16,16,16,16,512,0,64,none,0,none,0,4,,nan,nan,,,,,6144,,,,,,nan,0,bf14b28d2af4128daa99f23eec8a5e105636d0b04136f8be580fdc39d6f1f97d,
04_smem_layout_address,layout_fp16_m128n64k16_none_off16,0,misaligned address,,,580.00,13.0,PTX ISA 9.3 / CUDA 13.0,1575.000,,,,fp16,128,64,16,32,128,95,3,discard,same,8,8,32,1,nocount,none,none,16,16,16,16,512,0,64,none,0,none,0,4,,nan,nan,,,,,6144,,,,,,nan,0,bf14b28d2af4128daa99f23eec8a5e105636d0b04136f8be580fdc39d6f1f97d,
04_smem_layout_address,layout_fp16_m128n64k16_none_off16,0,misaligned address,,,580.00,13.0,PTX ISA 9.3 / CUDA 13.0,1575.000,,,,fp16,128,64,16,32,128,95,4,discard,same,8,8,32,1,nocount,none,none,16,16,16,16,512,0,64,none,0,none,0,4,,nan,nan,,,,,6144,,,,,,nan,0,bf14b28d2af4128daa99f23eec8a5e105636d0b04136f8be580fdc39d6f1f97d,
04_smem_layout_address,layout_fp16_m128n64k16_none_off32,0,misaligned address,,,580.00,13.0,PTX ISA 9.3 / CUDA 13.0,1575.000,,,,fp16,128,64,16,32,128,96,0,discard,same,8,8,32,1,nocount,none,none,16,16,16,32,512,0,64,none,0,none,0,4,,nan,nan,,,,,6144,,,,,,nan,0,bf14b28d2af4128daa99f23eec8a5e105636d0b04136f8be580fdc39d6f1f97d,; UTCHMMA=21;UTCHMMA_WS=16;UTCBAR=1;UTCATOMSWS=3;SYNCS_TRYWAIT=8;LDS=21;LDG=9;ptx_tcgen05_mma=21;ptx_tcgen05_mma_ws=16;ptx_tcgen05_commit=1;ptx_tcgen05_alloc=1;ptx_tcgen05_dealloc=1;ptx_tcgen05_ld=5;ptx_tcgen05_st=5;ptx_mbarrier_wait=5;ptx_cp_async_tma=2;ptx_ld_shared=26;ptx_ld_global=7
04_smem_layout_address,layout_fp16_m128n64k16_none_off32,0,misaligned address,,,580.00,13.0,PTX ISA 9.3 / CUDA 13.0,1575.000,,,,fp16,128,64,16,32,128,96,1,discard,same,8,8,32,1,nocount,none,none,16,16,16,32,512,0,64,none,0,none,0,4,,nan,nan,,,,,6144,,,,,,nan,0,bf14b28d2af4128daa99f23eec8a5e105636d0b04136f8be580fdc39d6f1f97d,
04_smem_layout_address,layout_fp16_m128n64k16_none_off32,0,misaligned address,,,580.00,13.0,PTX ISA 9.3 / CUDA 13.0,1575.000,,,,fp16,128,64,16,32,128,96,2,discard,same,8,8,32,1,nocount,none,none,16,16,16,32,512,0,64,none,0,none,0,4,,nan,nan,,,,,6144,,,,,,nan,0,bf14b28d2af4128daa99f23eec8a5e105636d0b04136f8be580fdc39d6f1f97d,
04_smem_layout_address,layout_fp16_m128n64k16_none_off32,0,misaligned address,,,580.00,13.0,PTX ISA 9.3 / CUDA 13.0,1575.000,,,,fp16,128,64,16,32,128,96,3,discard,same,8,8,32,1,nocount,none,none,16,16,16,32,512,0,64,none,0,none,0,4,,nan,nan,,,,,6144,,,,,,nan,0,bf14b28d2af4128daa99f23eec8a5e105636d0b04136f8be580fdc39d6f1f97d,
04_smem_layout_address,layout_fp16_m128n64k16_none_off32,0,misaligned address,,,580.00,13.0,PTX ISA 9.3 / CUDA 13.0,1575.000,,,,fp16,128,64,16,32,128,96,4,discard,same,8,8,32,1,nocount,none,none,16,16,16,32,512,0,64,none,0,none,0,4,,nan,nan,,,,,6144,,,,,,nan,0,bf14b28d2af4128daa99f23eec8a5e105636d0b04136f8be580fdc39d6f1f97d,
04_smem_layout_address,layout_bf16_m128n256k16_sw64_off256,1,,NVIDIA Thor,11.0,580.00,13.0,PTX ISA 9.3 / CUDA 13.0,1575.000,,,,bf16,128,256,16,32,128,97,0,discard,same,2,2,32,1,nocount,sw64,sw64,16,16,16,256,512,0,256,none,0,none,0,4,20,3562236.0,2261.7371428571428,,,,,12288,,37.97936740406868,,,0,0.0,1,bf14b28d2af4128daa99f23eec8a5e105636d0b04136f8be580fdc39d6f1f97d,; UTCHMMA=21;UTCHMMA_WS=16;UTCBAR=1;UTCATOMSWS=3;SYNCS_TRYWAIT=8;LDS=21;LDG=9;ptx_tcgen05_mma=21;ptx_tcgen05_mma_ws=16;ptx_tcgen05_commit=1;ptx_tcgen05_alloc=1;ptx_tcgen05_dealloc=1;ptx_tcgen05_ld=5;ptx_tcgen05_st=5;ptx_mbarrier_wait=5;ptx_cp_async_tma=2;ptx_ld_shared=26;ptx_ld_global=7
04_smem_layout_address,layout_bf16_m128n256k16_sw64_off256,1,,NVIDIA Thor,11.0,580.00,13.0,PTX ISA 9.3 / CUDA 13.0,1575.000,,,,bf16,128,256,16,32,128,97,1,discard,same,2,2,32,1,nocount,sw64,sw64,16,16,16,256,512,0,256,none,0,none,0,4,20,3562231.0,2261.7339682539687,,,,,12288,,37.979420712469235,,,0,0.0,1,bf14b28d2af4128daa99f23eec8a5e105636d0b04136f8be580fdc39d6f1f97d,
04_smem_layout_address,layout_bf16_m128n256k16_sw64_off256,1,,NVIDIA Thor,11.0,580.00,13.0,PTX ISA 9.3 / CUDA 13.0,1575.000,,,,bf16,128,256,16,32,128,97,2,discard,same,2,2,32,1,nocount,sw64,sw64,16,16,16,256,512,0,256,none,0,none,0,4,20,3562239.0,2261.7390476190476,,,,,12288,,37.97933541910018,,,0,0.0,1,bf14b28d2af4128daa99f23eec8a5e105636d0b04136f8be580fdc39d6f1f97d,
04_smem_layout_address,layout_bf16_m128n256k16_sw64_off256,1,,NVIDIA Thor,11.0,580.00,13.0,PTX ISA 9.3 / CUDA 13.0,1575.000,,,,bf16,128,256,16,32,128,97,3,discard,same,2,2,32,1,nocount,sw64,sw64,16,16,16,256,512,0,256,none,0,none,0,4,20,3562226.0,2261.7307936507937,,,,,12288,,37.97947402101944,,,0,0.0,1,bf14b28d2af4128daa99f23eec8a5e105636d0b04136f8be580fdc39d6f1f97d,
04_smem_layout_address,layout_bf16_m128n256k16_sw64_off256,1,,NVIDIA Thor,11.0,580.00,13.0,PTX ISA 9.3 / CUDA 13.0,1575.000,,,,bf16,128,256,16,32,128,97,4,discard,same,2,2,32,1,nocount,sw64,sw64,16,16,16,256,512,0,256,none,0,none,0,4,20,3562239.0,2261.7390476190476,,,,,12288,,37.97933541910018,,,0,0.0,1,bf14b28d2af4128daa99f23eec8a5e105636d0b04136f8be580fdc39d6f1f97d,
04_smem_layout_address,layout_fp16_m128n64k16_sw64_off128,1,,NVIDIA Thor,11.0,580.00,13.0,PTX ISA 9.3 / CUDA 13.0,1575.000,,,,fp16,128,64,16,32,128,98,0,discard,same,8,8,32,1,nocount,sw64,sw64,16,16,16,128,512,0,64,none,0,none,0,4,20,3562080.0,2261.638095238095,,,,,6144,,9.495257674167902,,,0,0.0,1,bf14b28d2af4128daa99f23eec8a5e105636d0b04136f8be580fdc39d6f1f97d,; UTCHMMA=21;UTCHMMA_WS=16;UTCBAR=1;UTCATOMSWS=3;SYNCS_TRYWAIT=8;LDS=21;LDG=9;ptx_tcgen05_mma=21;ptx_tcgen05_mma_ws=16;ptx_tcgen05_commit=1;ptx_tcgen05_alloc=1;ptx_tcgen05_dealloc=1;ptx_tcgen05_ld=5;ptx_tcgen05_st=5;ptx_mbarrier_wait=5;ptx_cp_async_tma=2;ptx_ld_shared=26;ptx_ld_global=7
04_smem_layout_address,layout_fp16_m128n64k16_sw64_off128,1,,NVIDIA Thor,11.0,580.00,13.0,PTX ISA 9.3 / CUDA 13.0,1575.000,,,,fp16,128,64,16,32,128,98,1,discard,same,8,8,32,1,nocount,sw64,sw64,16,16,16,128,512,0,64,none,0,none,0,4,20,3562096.0,2261.648253968254,,,,,6144,,9.49521502396342,,,0,0.0,1,bf14b28d2af4128daa99f23eec8a5e105636d0b04136f8be580fdc39d6f1f97d,
04_smem_layout_address,layout_fp16_m128n64k16_sw64_off128,1,,NVIDIA Thor,11.0,580.00,13.0,PTX ISA 9.3 / CUDA 13.0,1575.000,,,,fp16,128,64,16,32,128,98,2,discard,same,8,8,32,1,nocount,sw64,sw64,16,16,16,128,512,0,64,none,0,none,0,4,20,3562092.0,2261.6457142857143,,,,,6144,,9.49522568647862,,,0,0.0,1,bf14b28d2af4128daa99f23eec8a5e105636d0b04136f8be580fdc39d6f1f97d,
04_smem_layout_address,layout_fp16_m128n64k16_sw64_off128,1,,NVIDIA Thor,11.0,580.00,13.0,PTX ISA 9.3 / CUDA 13.0,1575.000,,,,fp16,128,64,16,32,128,98,3,discard,same,8,8,32,1,nocount,sw64,sw64,16,16,16,128,512,0,64,none,0,none,0,4,20,3562090.0,2261.6444444444446,,,,,6144,,9.4952310177452,,,0,0.0,1,bf14b28d2af4128daa99f23eec8a5e105636d0b04136f8be580fdc39d6f1f97d,
04_smem_layout_address,layout_fp16_m128n64k16_sw64_off128,1,,NVIDIA Thor,11.0,580.00,13.0,PTX ISA 9.3 / CUDA 13.0,1575.000,,,,fp16,128,64,16,32,128,98,4,discard,same,8,8,32,1,nocount,sw64,sw64,16,16,16,128,512,0,64,none,0,none,0,4,20,3561848.0,2261.4907936507934,,,,,6144,,9.495876145192048,,,0,0.0,1,bf14b28d2af4128daa99f23eec8a5e105636d0b04136f8be580fdc39d6f1f97d,
04_smem_layout_address,layout_fp16_m128n128k16_none_off256,0,max_abs_error>0.05,NVIDIA Thor,11.0,580.00,13.0,PTX ISA 9.3 / CUDA 13.0,1575.000,,,,fp16,128,128,16,32,128,99,0,discard,same,4,4,32,1,nocount,none,none,16,16,16,256,512,0,128,none,0,none,0,4,20,3678962.0,2335.8488888888887,,,,,8192,,18.387179566410307,,,0,0.83203125,1,bf14b28d2af4128daa99f23eec8a5e105636d0b04136f8be580fdc39d6f1f97d,; UTCHMMA=21;UTCHMMA_WS=16;UTCBAR=1;UTCATOMSWS=3;SYNCS_TRYWAIT=8;LDS=21;LDG=9;ptx_tcgen05_mma=21;ptx_tcgen05_mma_ws=16;ptx_tcgen05_commit=1;ptx_tcgen05_alloc=1;ptx_tcgen05_dealloc=1;ptx_tcgen05_ld=5;ptx_tcgen05_st=5;ptx_mbarrier_wait=5;ptx_cp_async_tma=2;ptx_ld_shared=26;ptx_ld_global=7
04_smem_layout_address,layout_fp16_m128n128k16_none_off256,0,max_abs_error>0.05,NVIDIA Thor,11.0,580.00,13.0,PTX ISA 9.3 / CUDA 13.0,1575.000,,,,fp16,128,128,16,32,128,99,1,discard,same,4,4,32,1,nocount,none,none,16,16,16,256,512,0,128,none,0,none,0,4,20,3678954.0,2335.84380952381,,,,,8192,,18.38721954990467,,,0,0.83203125,1,bf14b28d2af4128daa99f23eec8a5e105636d0b04136f8be580fdc39d6f1f97d,
04_smem_layout_address,layout_fp16_m128n128k16_none_off256,0,max_abs_error>0.05,NVIDIA Thor,11.0,580.00,13.0,PTX ISA 9.3 / CUDA 13.0,1575.000,,,,fp16,128,128,16,32,128,99,2,discard,same,4,4,32,1,nocount,none,none,16,16,16,256,512,0,128,none,0,none,0,4,20,3678990.0,2335.8666666666663,,,,,8192,,18.387039625549406,,,0,0.83203125,1,bf14b28d2af4128daa99f23eec8a5e105636d0b04136f8be580fdc39d6f1f97d,
04_smem_layout_address,layout_fp16_m128n128k16_none_off256,0,max_abs_error>0.05,NVIDIA Thor,11.0,580.00,13.0,PTX ISA 9.3 / CUDA 13.0,1575.000,,,,fp16,128,128,16,32,128,99,3,discard,same,4,4,32,1,nocount,none,none,16,16,16,256,512,0,128,none,0,none,0,4,20,3678985.0,2335.8634920634922,,,,,8192,,18.387064614832624,,,0,0.83203125,1,bf14b28d2af4128daa99f23eec8a5e105636d0b04136f8be580fdc39d6f1f97d,
04_smem_layout_address,layout_fp16_m128n128k16_none_off256,0,max_abs_error>0.05,NVIDIA Thor,11.0,580.00,13.0,PTX ISA 9.3 / CUDA 13.0,1575.000,,,,fp16,128,128,16,32,128,99,4,discard,same,4,4,32,1,nocount,none,none,16,16,16,256,512,0,128,none,0,none,0,4,20,3678991.0,2335.867301587302,,,,,8192,,18.38703462770091,,,0,0.83203125,1,bf14b28d2af4128daa99f23eec8a5e105636d0b04136f8be580fdc39d6f1f97d,
04_smem_layout_address,layout_bf16_m128n128k16_none_off0,0,max_abs_error>0.25,NVIDIA Thor,11.0,580.00,13.0,PTX ISA 9.3 / CUDA 13.0,1575.000,,,,bf16,128,128,16,32,128,100,0,discard,same,4,4,32,1,nocount,none,none,16,16,16,0,512,0,128,none,0,none,0,4,20,3679000.0,2335.873015873016,,,,,8192,,18.386989647186734,,,0,0.83203125,1,bf14b28d2af4128daa99f23eec8a5e105636d0b04136f8be580fdc39d6f1f97d,; UTCHMMA=21;UTCHMMA_WS=16;UTCBAR=1;UTCATOMSWS=3;SYNCS_TRYWAIT=8;LDS=21;LDG=9;ptx_tcgen05_mma=21;ptx_tcgen05_mma_ws=16;ptx_tcgen05_commit=1;ptx_tcgen05_alloc=1;ptx_tcgen05_dealloc=1;ptx_tcgen05_ld=5;ptx_tcgen05_st=5;ptx_mbarrier_wait=5;ptx_cp_async_tma=2;ptx_ld_shared=26;ptx_ld_global=7
04_smem_layout_address,layout_bf16_m128n128k16_none_off0,0,max_abs_error>0.25,NVIDIA Thor,11.0,580.00,13.0,PTX ISA 9.3 / CUDA 13.0,1575.000,,,,bf16,128,128,16,32,128,100,1,discard,same,4,4,32,1,nocount,none,none,16,16,16,0,512,0,128,none,0,none,0,4,20,3678965.0,2335.8507936507935,,,,,8192,,18.387164572644753,,,0,0.83203125,1,bf14b28d2af4128daa99f23eec8a5e105636d0b04136f8be580fdc39d6f1f97d,
04_smem_layout_address,layout_bf16_m128n128k16_none_off0,0,max_abs_error>0.25,NVIDIA Thor,11.0,580.00,13.0,PTX ISA 9.3 / CUDA 13.0,1575.000,,,,bf16,128,128,16,32,128,100,2,discard,same,4,4,32,1,nocount,none,none,16,16,16,0,512,0,128,none,0,none,0,4,20,3678964.0,2335.850158730159,,,,,8192,,18.387169570563888,,,0,0.83203125,1,bf14b28d2af4128daa99f23eec8a5e105636d0b04136f8be580fdc39d6f1f97d,
04_smem_layout_address,layout_bf16_m128n128k16_none_off0,0,max_abs_error>0.25,NVIDIA Thor,11.0,580.00,13.0,PTX ISA 9.3 / CUDA 13.0,1575.000,,,,bf16,128,128,16,32,128,100,3,discard,same,4,4,32,1,nocount,none,none,16,16,16,0,512,0,128,none,0,none,0,4,20,3678988.0,2335.8653968253966,,,,,8192,,18.387049621254544,,,0,0.83203125,1,bf14b28d2af4128daa99f23eec8a5e105636d0b04136f8be580fdc39d6f1f97d,
04_smem_layout_address,layout_bf16_m128n128k16_none_off0,0,max_abs_error>0.25,NVIDIA Thor,11.0,580.00,13.0,PTX ISA 9.3 / CUDA 13.0,1575.000,,,,bf16,128,128,16,32,128,100,4,discard,same,4,4,32,1,nocount,none,none,16,16,16,0,512,0,128,none,0,none,0,4,20,3678957.0,2335.845714285714,,,,,8192,,18.38720455607391,,,0,0.83203125,1,bf14b28d2af4128daa99f23eec8a5e105636d0b04136f8be580fdc39d6f1f97d,
04_smem_layout_address,layout_bf16_m128n256k16_sw64_off0,1,,NVIDIA Thor,11.0,580.00,13.0,PTX ISA 9.3 / CUDA 13.0,1575.000,,,,bf16,128,256,16,32,128,101,0,discard,same,2,2,32,1,nocount,sw64,sw64,16,16,16,0,512,0,256,none,0,none,0,4,20,3562233.0,2261.735238095238,,,,,12288,,37.979399389091064,,,0,0.0,1,bf14b28d2af4128daa99f23eec8a5e105636d0b04136f8be580fdc39d6f1f97d,; UTCHMMA=21;UTCHMMA_WS=16;UTCBAR=1;UTCATOMSWS=3;SYNCS_TRYWAIT=8;LDS=21;LDG=9;ptx_tcgen05_mma=21;ptx_tcgen05_mma_ws=16;ptx_tcgen05_commit=1;ptx_tcgen05_alloc=1;ptx_tcgen05_dealloc=1;ptx_tcgen05_ld=5;ptx_tcgen05_st=5;ptx_mbarrier_wait=5;ptx_cp_async_tma=2;ptx_ld_shared=26;ptx_ld_global=7
04_smem_layout_address,layout_bf16_m128n256k16_sw64_off0,1,,NVIDIA Thor,11.0,580.00,13.0,PTX ISA 9.3 / CUDA 13.0,1575.000,,,,bf16,128,256,16,32,128,101,1,discard,same,2,2,32,1,nocount,sw64,sw64,16,16,16,0,512,0,256,none,0,none,0,4,20,3562239.0,2261.7390476190476,,,,,12288,,37.97933541910018,,,0,0.0,1,bf14b28d2af4128daa99f23eec8a5e105636d0b04136f8be580fdc39d6f1f97d,
04_smem_layout_address,layout_bf16_m128n256k16_sw64_off0,1,,NVIDIA Thor,11.0,580.00,13.0,PTX ISA 9.3 / CUDA 13.0,1575.000,,,,bf16,128,256,16,32,128,101,2,discard,same,2,2,32,1,nocount,sw64,sw64,16,16,16,0,512,0,256,none,0,none,0,4,20,3562234.0,2261.735873015873,,,,,12288,,37.97938872741094,,,0,0.0,1,bf14b28d2af4128daa99f23eec8a5e105636d0b04136f8be580fdc39d6f1f97d,
04_smem_layout_address,layout_bf16_m128n256k16_sw64_off0,1,,NVIDIA Thor,11.0,580.00,13.0,PTX ISA 9.3 / CUDA 13.0,1575.000,,,,bf16,128,256,16,32,128,101,3,discard,same,2,2,32,1,nocount,sw64,sw64,16,16,16,0,512,0,256,none,0,none,0,4,20,3562232.0,2261.7346031746033,,,,,12288,,37.979410050777155,,,0,0.0,1,bf14b28d2af4128daa99f23eec8a5e105636d0b04136f8be580fdc39d6f1f97d,
04_smem_layout_address,layout_bf16_m128n256k16_sw64_off0,1,,NVIDIA Thor,11.0,580.00,13.0,PTX ISA 9.3 / CUDA 13.0,1575.000,,,,bf16,128,256,16,32,128,101,4,discard,same,2,2,32,1,nocount,sw64,sw64,16,16,16,0,512,0,256,none,0,none,0,4,20,3562238.0,2261.738412698413,,,,,12288,,37.97934608075036,,,0,0.0,1,bf14b28d2af4128daa99f23eec8a5e105636d0b04136f8be580fdc39d6f1f97d,
04_smem_layout_address,layout_bf16_m128n128k16_sw128_off32,0,misaligned address,,,580.00,13.0,PTX ISA 9.3 / CUDA 13.0,1575.000,,,,bf16,128,128,16,32,128,102,0,discard,same,4,4,32,1,nocount,sw128,sw128,16,16,16,32,512,0,128,none,0,none,0,4,,nan,nan,,,,,8192,,,,,,nan,0,bf14b28d2af4128daa99f23eec8a5e105636d0b04136f8be580fdc39d6f1f97d,; UTCHMMA=21;UTCHMMA_WS=16;UTCBAR=1;UTCATOMSWS=3;SYNCS_TRYWAIT=8;LDS=21;LDG=9;ptx_tcgen05_mma=21;ptx_tcgen05_mma_ws=16;ptx_tcgen05_commit=1;ptx_tcgen05_alloc=1;ptx_tcgen05_dealloc=1;ptx_tcgen05_ld=5;ptx_tcgen05_st=5;ptx_mbarrier_wait=5;ptx_cp_async_tma=2;ptx_ld_shared=26;ptx_ld_global=7
04_smem_layout_address,layout_bf16_m128n128k16_sw128_off32,0,misaligned address,,,580.00,13.0,PTX ISA 9.3 / CUDA 13.0,1575.000,,,,bf16,128,128,16,32,128,102,1,discard,same,4,4,32,1,nocount,sw128,sw128,16,16,16,32,512,0,128,none,0,none,0,4,,nan,nan,,,,,8192,,,,,,nan,0,bf14b28d2af4128daa99f23eec8a5e105636d0b04136f8be580fdc39d6f1f97d,
04_smem_layout_address,layout_bf16_m128n128k16_sw128_off32,0,misaligned address,,,580.00,13.0,PTX ISA 9.3 / CUDA 13.0,1575.000,,,,bf16,128,128,16,32,128,102,2,discard,same,4,4,32,1,nocount,sw128,sw128,16,16,16,32,512,0,128,none,0,none,0,4,,nan,nan,,,,,8192,,,,,,nan,0,bf14b28d2af4128daa99f23eec8a5e105636d0b04136f8be580fdc39d6f1f97d,
04_smem_layout_address,layout_bf16_m128n128k16_sw128_off32,0,misaligned address,,,580.00,13.0,PTX ISA 9.3 / CUDA 13.0,1575.000,,,,bf16,128,128,16,32,128,102,3,discard,same,4,4,32,1,nocount,sw128,sw128,16,16,16,32,512,0,128,none,0,none,0,4,,nan,nan,,,,,8192,,,,,,nan,0,bf14b28d2af4128daa99f23eec8a5e105636d0b04136f8be580fdc39d6f1f97d,
04_smem_layout_address,layout_bf16_m128n128k16_sw128_off32,0,misaligned address,,,580.00,13.0,PTX ISA 9.3 / CUDA 13.0,1575.000,,,,bf16,128,128,16,32,128,102,4,discard,same,4,4,32,1,nocount,sw128,sw128,16,16,16,32,512,0,128,none,0,none,0,4,,nan,nan,,,,,8192,,,,,,nan,0,bf14b28d2af4128daa99f23eec8a5e105636d0b04136f8be580fdc39d6f1f97d,
04_smem_layout_address,layout_bf16_m128n256k16_sw128_off32,0,misaligned address,,,580.00,13.0,PTX ISA 9.3 / CUDA 13.0,1575.000,,,,bf16,128,256,16,32,128,103,0,discard,same,2,2,32,1,nocount,sw128,sw128,16,16,16,32,512,0,256,none,0,none,0,4,,nan,nan,,,,,12288,,,,,,nan,0,bf14b28d2af4128daa99f23eec8a5e105636d0b04136f8be580fdc39d6f1f97d,; UTCHMMA=21;UTCHMMA_WS=16;UTCBAR=1;UTCATOMSWS=3;SYNCS_TRYWAIT=8;LDS=21;LDG=9;ptx_tcgen05_mma=21;ptx_tcgen05_mma_ws=16;ptx_tcgen05_commit=1;ptx_tcgen05_alloc=1;ptx_tcgen05_dealloc=1;ptx_tcgen05_ld=5;ptx_tcgen05_st=5;ptx_mbarrier_wait=5;ptx_cp_async_tma=2;ptx_ld_shared=26;ptx_ld_global=7
04_smem_layout_address,layout_bf16_m128n256k16_sw128_off32,0,misaligned address,,,580.00,13.0,PTX ISA 9.3 / CUDA 13.0,1575.000,,,,bf16,128,256,16,32,128,103,1,discard,same,2,2,32,1,nocount,sw128,sw128,16,16,16,32,512,0,256,none,0,none,0,4,,nan,nan,,,,,12288,,,,,,nan,0,bf14b28d2af4128daa99f23eec8a5e105636d0b04136f8be580fdc39d6f1f97d,
04_smem_layout_address,layout_bf16_m128n256k16_sw128_off32,0,misaligned address,,,580.00,13.0,PTX ISA 9.3 / CUDA 13.0,1575.000,,,,bf16,128,256,16,32,128,103,2,discard,same,2,2,32,1,nocount,sw128,sw128,16,16,16,32,512,0,256,none,0,none,0,4,,nan,nan,,,,,12288,,,,,,nan,0,bf14b28d2af4128daa99f23eec8a5e105636d0b04136f8be580fdc39d6f1f97d,
04_smem_layout_address,layout_bf16_m128n256k16_sw128_off32,0,misaligned address,,,580.00,13.0,PTX ISA 9.3 / CUDA 13.0,1575.000,,,,bf16,128,256,16,32,128,103,3,discard,same,2,2,32,1,nocount,sw128,sw128,16,16,16,32,512,0,256,none,0,none,0,4,,nan,nan,,,,,12288,,,,,,nan,0,bf14b28d2af4128daa99f23eec8a5e105636d0b04136f8be580fdc39d6f1f97d,
04_smem_layout_address,layout_bf16_m128n256k16_sw128_off32,0,misaligned address,,,580.00,13.0,PTX ISA 9.3 / CUDA 13.0,1575.000,,,,bf16,128,256,16,32,128,103,4,discard,same,2,2,32,1,nocount,sw128,sw128,16,16,16,32,512,0,256,none,0,none,0,4,,nan,nan,,,,,12288,,,,,,nan,0,bf14b28d2af4128daa99f23eec8a5e105636d0b04136f8be580fdc39d6f1f97d,
04_smem_layout_address,layout_fp16_m128n128k16_none_off128,0,max_abs_error>0.05,NVIDIA Thor,11.0,580.00,13.0,PTX ISA 9.3 / CUDA 13.0,1575.000,,,,fp16,128,128,16,32,128,104,0,discard,same,4,4,32,1,nocount,none,none,16,16,16,128,512,0,128,none,0,none,0,4,20,3678958.0,2335.8463492063493,,,,,8192,,18.387199558135755,,,0,0.83203125,1,bf14b28d2af4128daa99f23eec8a5e105636d0b04136f8be580fdc39d6f1f97d,; UTCHMMA=21;UTCHMMA_WS=16;UTCBAR=1;UTCATOMSWS=3;SYNCS_TRYWAIT=8;LDS=21;LDG=9;ptx_tcgen05_mma=21;ptx_tcgen05_mma_ws=16;ptx_tcgen05_commit=1;ptx_tcgen05_alloc=1;ptx_tcgen05_dealloc=1;ptx_tcgen05_ld=5;ptx_tcgen05_st=5;ptx_mbarrier_wait=5;ptx_cp_async_tma=2;ptx_ld_shared=26;ptx_ld_global=7
04_smem_layout_address,layout_fp16_m128n128k16_none_off128,0,max_abs_error>0.05,NVIDIA Thor,11.0,580.00,13.0,PTX ISA 9.3 / CUDA 13.0,1575.000,,,,fp16,128,128,16,32,128,104,1,discard,same,4,4,32,1,nocount,none,none,16,16,16,128,512,0,128,none,0,none,0,4,20,3678992.0,2335.8679365079365,,,,,8192,,18.38702962985513,,,0,0.83203125,1,bf14b28d2af4128daa99f23eec8a5e105636d0b04136f8be580fdc39d6f1f97d,
04_smem_layout_address,layout_fp16_m128n128k16_none_off128,0,max_abs_error>0.05,NVIDIA Thor,11.0,580.00,13.0,PTX ISA 9.3 / CUDA 13.0,1575.000,,,,fp16,128,128,16,32,128,104,2,discard,same,4,4,32,1,nocount,none,none,16,16,16,128,512,0,128,none,0,none,0,4,20,3678990.0,2335.8666666666663,,,,,8192,,18.387039625549406,,,0,0.83203125,1,bf14b28d2af4128daa99f23eec8a5e105636d0b04136f8be580fdc39d6f1f97d,
04_smem_layout_address,layout_fp16_m128n128k16_none_off128,0,max_abs_error>0.05,NVIDIA Thor,11.0,580.00,13.0,PTX ISA 9.3 / CUDA 13.0,1575.000,,,,fp16,128,128,16,32,128,104,3,discard,same,4,4,32,1,nocount,none,none,16,16,16,128,512,0,128,none,0,none,0,4,20,3678961.0,2335.848253968254,,,,,8192,,18.387184564337595,,,0,0.83203125,1,bf14b28d2af4128daa99f23eec8a5e105636d0b04136f8be580fdc39d6f1f97d,
04_smem_layout_address,layout_fp16_m128n128k16_none_off128,0,max_abs_error>0.05,NVIDIA Thor,11.0,580.00,13.0,PTX ISA 9.3 / CUDA 13.0,1575.000,,,,fp16,128,128,16,32,128,104,4,discard,same,4,4,32,1,nocount,none,none,16,16,16,128,512,0,128,none,0,none,0,4,20,3678990.0,2335.8666666666663,,,,,8192,,18.387039625549406,,,0,0.83203125,1,bf14b28d2af4128daa99f23eec8a5e105636d0b04136f8be580fdc39d6f1f97d,
04_smem_layout_address,layout_bf16_m128n128k16_none_off64,0,misaligned address,,,580.00,13.0,PTX ISA 9.3 / CUDA 13.0,1575.000,,,,bf16,128,128,16,32,128,105,0,discard,same,4,4,32,1,nocount,none,none,16,16,16,64,512,0,128,none,0,none,0,4,,nan,nan,,,,,8192,,,,,,nan,0,bf14b28d2af4128daa99f23eec8a5e105636d0b04136f8be580fdc39d6f1f97d,; UTCHMMA=21;UTCHMMA_WS=16;UTCBAR=1;UTCATOMSWS=3;SYNCS_TRYWAIT=8;LDS=21;LDG=9;ptx_tcgen05_mma=21;ptx_tcgen05_mma_ws=16;ptx_tcgen05_commit=1;ptx_tcgen05_alloc=1;ptx_tcgen05_dealloc=1;ptx_tcgen05_ld=5;ptx_tcgen05_st=5;ptx_mbarrier_wait=5;ptx_cp_async_tma=2;ptx_ld_shared=26;ptx_ld_global=7
04_smem_layout_address,layout_bf16_m128n128k16_none_off64,0,misaligned address,,,580.00,13.0,PTX ISA 9.3 / CUDA 13.0,1575.000,,,,bf16,128,128,16,32,128,105,1,discard,same,4,4,32,1,nocount,none,none,16,16,16,64,512,0,128,none,0,none,0,4,,nan,nan,,,,,8192,,,,,,nan,0,bf14b28d2af4128daa99f23eec8a5e105636d0b04136f8be580fdc39d6f1f97d,
04_smem_layout_address,layout_bf16_m128n128k16_none_off64,0,misaligned address,,,580.00,13.0,PTX ISA 9.3 / CUDA 13.0,1575.000,,,,bf16,128,128,16,32,128,105,2,discard,same,4,4,32,1,nocount,none,none,16,16,16,64,512,0,128,none,0,none,0,4,,nan,nan,,,,,8192,,,,,,nan,0,bf14b28d2af4128daa99f23eec8a5e105636d0b04136f8be580fdc39d6f1f97d,
04_smem_layout_address,layout_bf16_m128n128k16_none_off64,0,misaligned address,,,580.00,13.0,PTX ISA 9.3 / CUDA 13.0,1575.000,,,,bf16,128,128,16,32,128,105,3,discard,same,4,4,32,1,nocount,none,none,16,16,16,64,512,0,128,none,0,none,0,4,,nan,nan,,,,,8192,,,,,,nan,0,bf14b28d2af4128daa99f23eec8a5e105636d0b04136f8be580fdc39d6f1f97d,
04_smem_layout_address,layout_bf16_m128n128k16_none_off64,0,misaligned address,,,580.00,13.0,PTX ISA 9.3 / CUDA 13.0,1575.000,,,,bf16,128,128,16,32,128,105,4,discard,same,4,4,32,1,nocount,none,none,16,16,16,64,512,0,128,none,0,none,0,4,,nan,nan,,,,,8192,,,,,,nan,0,bf14b28d2af4128daa99f23eec8a5e105636d0b04136f8be580fdc39d6f1f97d,
04_smem_layout_address,layout_fp16_m128n256k16_sw32_off64,0,misaligned address,,,580.00,13.0,PTX ISA 9.3 / CUDA 13.0,1575.000,,,,fp16,128,256,16,32,128,106,0,discard,same,2,2,32,1,nocount,sw32,sw32,16,16,16,64,512,0,256,none,0,none,0,4,,nan,nan,,,,,12288,,,,,,nan,0,bf14b28d2af4128daa99f23eec8a5e105636d0b04136f8be580fdc39d6f1f97d,; UTCHMMA=21;UTCHMMA_WS=16;UTCBAR=1;UTCATOMSWS=3;SYNCS_TRYWAIT=8;LDS=21;LDG=9;ptx_tcgen05_mma=21;ptx_tcgen05_mma_ws=16;ptx_tcgen05_commit=1;ptx_tcgen05_alloc=1;ptx_tcgen05_dealloc=1;ptx_tcgen05_ld=5;ptx_tcgen05_st=5;ptx_mbarrier_wait=5;ptx_cp_async_tma=2;ptx_ld_shared=26;ptx_ld_global=7
04_smem_layout_address,layout_fp16_m128n256k16_sw32_off64,0,misaligned address,,,580.00,13.0,PTX ISA 9.3 / CUDA 13.0,1575.000,,,,fp16,128,256,16,32,128,106,1,discard,same,2,2,32,1,nocount,sw32,sw32,16,16,16,64,512,0,256,none,0,none,0,4,,nan,nan,,,,,12288,,,,,,nan,0,bf14b28d2af4128daa99f23eec8a5e105636d0b04136f8be580fdc39d6f1f97d,
04_smem_layout_address,layout_fp16_m128n256k16_sw32_off64,0,misaligned address,,,580.00,13.0,PTX ISA 9.3 / CUDA 13.0,1575.000,,,,fp16,128,256,16,32,128,106,2,discard,same,2,2,32,1,nocount,sw32,sw32,16,16,16,64,512,0,256,none,0,none,0,4,,nan,nan,,,,,12288,,,,,,nan,0,bf14b28d2af4128daa99f23eec8a5e105636d0b04136f8be580fdc39d6f1f97d,
04_smem_layout_address,layout_fp16_m128n256k16_sw32_off64,0,misaligned address,,,580.00,13.0,PTX ISA 9.3 / CUDA 13.0,1575.000,,,,fp16,128,256,16,32,128,106,3,discard,same,2,2,32,1,nocount,sw32,sw32,16,16,16,64,512,0,256,none,0,none,0,4,,nan,nan,,,,,12288,,,,,,nan,0,bf14b28d2af4128daa99f23eec8a5e105636d0b04136f8be580fdc39d6f1f97d,
04_smem_layout_address,layout_fp16_m128n256k16_sw32_off64,0,misaligned address,,,580.00,13.0,PTX ISA 9.3 / CUDA 13.0,1575.000,,,,fp16,128,256,16,32,128,106,4,discard,same,2,2,32,1,nocount,sw32,sw32,16,16,16,64,512,0,256,none,0,none,0,4,,nan,nan,,,,,12288,,,,,,nan,0,bf14b28d2af4128daa99f23eec8a5e105636d0b04136f8be580fdc39d6f1f97d,
04_smem_layout_address,layout_bf16_m128n256k16_sw32_off256,1,,NVIDIA Thor,11.0,580.00,13.0,PTX ISA 9.3 / CUDA 13.0,1575.000,,,,bf16,128,256,16,32,128,107,0,discard,same,2,2,32,1,nocount,sw32,sw32,16,16,16,256,512,0,256,none,0,none,0,4,20,3387364.0,2150.7073015873016,,,,,12288,,39.94004477345806,,,0,0.0,1,bf14b28d2af4128daa99f23eec8a5e105636d0b04136f8be580fdc39d6f1f97d,; UTCHMMA=21;UTCHMMA_WS=16;UTCBAR=1;UTCATOMSWS=3;SYNCS_TRYWAIT=8;LDS=21;LDG=9;ptx_tcgen05_mma=21;ptx_tcgen05_mma_ws=16;ptx_tcgen05_commit=1;ptx_tcgen05_alloc=1;ptx_tcgen05_dealloc=1;ptx_tcgen05_ld=5;ptx_tcgen05_st=5;ptx_mbarrier_wait=5;ptx_cp_async_tma=2;ptx_ld_shared=26;ptx_ld_global=7
04_smem_layout_address,layout_bf16_m128n256k16_sw32_off256,1,,NVIDIA Thor,11.0,580.00,13.0,PTX ISA 9.3 / CUDA 13.0,1575.000,,,,bf16,128,256,16,32,128,107,1,discard,same,2,2,32,1,nocount,sw32,sw32,16,16,16,256,512,0,256,none,0,none,0,4,20,3387120.0,2150.5523809523806,,,,,12288,,39.942921958478,,,0,0.0,1,bf14b28d2af4128daa99f23eec8a5e105636d0b04136f8be580fdc39d6f1f97d,
04_smem_layout_address,layout_bf16_m128n256k16_sw32_off256,1,,NVIDIA Thor,11.0,580.00,13.0,PTX ISA 9.3 / CUDA 13.0,1575.000,,,,bf16,128,256,16,32,128,107,2,discard,same,2,2,32,1,nocount,sw32,sw32,16,16,16,256,512,0,256,none,0,none,0,4,20,3387361.0,2150.7053968253967,,,,,12288,,39.940080146166885,,,0,0.0,1,bf14b28d2af4128daa99f23eec8a5e105636d0b04136f8be580fdc39d6f1f97d,
04_smem_layout_address,layout_bf16_m128n256k16_sw32_off256,1,,NVIDIA Thor,11.0,580.00,13.0,PTX ISA 9.3 / CUDA 13.0,1575.000,,,,bf16,128,256,16,32,128,107,3,discard,same,2,2,32,1,nocount,sw32,sw32,16,16,16,256,512,0,256,none,0,none,0,4,20,3387353.0,2150.7003174603174,,,,,12288,,39.94017447369672,,,0,0.0,1,bf14b28d2af4128daa99f23eec8a5e105636d0b04136f8be580fdc39d6f1f97d,
04_smem_layout_address,layout_bf16_m128n256k16_sw32_off256,1,,NVIDIA Thor,11.0,580.00,13.0,PTX ISA 9.3 / CUDA 13.0,1575.000,,,,bf16,128,256,16,32,128,107,4,discard,same,2,2,32,1,nocount,sw32,sw32,16,16,16,256,512,0,256,none,0,none,0,4,20,3387114.0,2150.5485714285714,,,,,12288,,39.94299271415134,,,0,0.0,1,bf14b28d2af4128daa99f23eec8a5e105636d0b04136f8be580fdc39d6f1f97d,
04_smem_layout_address,layout_fp16_m128n128k16_sw128_off128,1,,NVIDIA Thor,11.0,580.00,13.0,PTX ISA 9.3 / CUDA 13.0,1575.000,,,,fp16,128,128,16,32,128,108,0,discard,same,4,4,32,1,nocount,sw128,sw128,16,16,16,128,512,0,128,none,0,none,0,4,20,3678992.0,2335.8679365079365,,,,,8192,,18.38702962985513,,,0,0.0,1,bf14b28d2af4128daa99f23eec8a5e105636d0b04136f8be580fdc39d6f1f97d,; UTCHMMA=21;UTCHMMA_WS=16;UTCBAR=1;UTCATOMSWS=3;SYNCS_TRYWAIT=8;LDS=21;LDG=9;ptx_tcgen05_mma=21;ptx_tcgen05_mma_ws=16;ptx_tcgen05_commit=1;ptx_tcgen05_alloc=1;ptx_tcgen05_dealloc=1;ptx_tcgen05_ld=5;ptx_tcgen05_st=5;ptx_mbarrier_wait=5;ptx_cp_async_tma=2;ptx_ld_shared=26;ptx_ld_global=7
04_smem_layout_address,layout_fp16_m128n128k16_sw128_off128,1,,NVIDIA Thor,11.0,580.00,13.0,PTX ISA 9.3 / CUDA 13.0,1575.000,,,,fp16,128,128,16,32,128,108,1,discard,same,4,4,32,1,nocount,sw128,sw128,16,16,16,128,512,0,128,none,0,none,0,4,20,3678959.0,2335.8469841269844,,,,,8192,,18.387194560200317,,,0,0.0,1,bf14b28d2af4128daa99f23eec8a5e105636d0b04136f8be580fdc39d6f1f97d,
04_smem_layout_address,layout_fp16_m128n128k16_sw128_off128,1,,NVIDIA Thor,11.0,580.00,13.0,PTX ISA 9.3 / CUDA 13.0,1575.000,,,,fp16,128,128,16,32,128,108,2,discard,same,4,4,32,1,nocount,sw128,sw128,16,16,16,128,512,0,128,none,0,none,0,4,20,3678994.0,2335.8692063492063,,,,,8192,,18.387019634171736,,,0,0.0,1,bf14b28d2af4128daa99f23eec8a5e105636d0b04136f8be580fdc39d6f1f97d,
04_smem_layout_address,layout_fp16_m128n128k16_sw128_off128,1,,NVIDIA Thor,11.0,580.00,13.0,PTX ISA 9.3 / CUDA 13.0,1575.000,,,,fp16,128,128,16,32,128,108,3,discard,same,4,4,32,1,nocount,sw128,sw128,16,16,16,128,512,0,128,none,0,none,0,4,20,3678999.0,2335.872380952381,,,,,8192,,18.386994645010777,,,0,0.0,1,bf14b28d2af4128daa99f23eec8a5e105636d0b04136f8be580fdc39d6f1f97d,
04_smem_layout_address,layout_fp16_m128n128k16_sw128_off128,1,,NVIDIA Thor,11.0,580.00,13.0,PTX ISA 9.3 / CUDA 13.0,1575.000,,,,fp16,128,128,16,32,128,108,4,discard,same,4,4,32,1,nocount,sw128,sw128,16,16,16,128,512,0,128,none,0,none,0,4,20,3678958.0,2335.8463492063493,,,,,8192,,18.387199558135755,,,0,0.0,1,bf14b28d2af4128daa99f23eec8a5e105636d0b04136f8be580fdc39d6f1f97d,
04_smem_layout_address,layout_bf16_m128n64k16_sw128_off128,1,,NVIDIA Thor,11.0,580.00,13.0,PTX ISA 9.3 / CUDA 13.0,1575.000,,,,bf16,128,64,16,32,128,109,0,discard,same,8,8,32,1,nocount,sw128,sw128,16,16,16,128,512,0,64,none,0,none,0,4,20,3678582.0,2335.607619047619,,,,,6144,,9.194539487226328,,,0,0.0,1,bf14b28d2af4128daa99f23eec8a5e105636d0b04136f8be580fdc39d6f1f97d,; UTCHMMA=21;UTCHMMA_WS=16;UTCBAR=1;UTCATOMSWS=3;SYNCS_TRYWAIT=8;LDS=21;LDG=9;ptx_tcgen05_mma=21;ptx_tcgen05_mma_ws=16;ptx_tcgen05_commit=1;ptx_tcgen05_alloc=1;ptx_tcgen05_dealloc=1;ptx_tcgen05_ld=5;ptx_tcgen05_st=5;ptx_mbarrier_wait=5;ptx_cp_async_tma=2;ptx_ld_shared=26;ptx_ld_global=7
04_smem_layout_address,layout_bf16_m128n64k16_sw128_off128,1,,NVIDIA Thor,11.0,580.00,13.0,PTX ISA 9.3 / CUDA 13.0,1575.000,,,,bf16,128,64,16,32,128,109,1,discard,same,8,8,32,1,nocount,sw128,sw128,16,16,16,128,512,0,64,none,0,none,0,4,20,3678587.0,2335.6107936507938,,,,,6144,,9.194526989846915,,,0,0.0,1,bf14b28d2af4128daa99f23eec8a5e105636d0b04136f8be580fdc39d6f1f97d,
04_smem_layout_address,layout_bf16_m128n64k16_sw128_off128,1,,NVIDIA Thor,11.0,580.00,13.0,PTX ISA 9.3 / CUDA 13.0,1575.000,,,,bf16,128,64,16,32,128,109,2,discard,same,8,8,32,1,nocount,sw128,sw128,16,16,16,128,512,0,64,none,0,none,0,4,20,3678584.0,2335.608888888889,,,,,6144,,9.194534488270486,,,0,0.0,1,bf14b28d2af4128daa99f23eec8a5e105636d0b04136f8be580fdc39d6f1f97d,
04_smem_layout_address,layout_bf16_m128n64k16_sw128_off128,1,,NVIDIA Thor,11.0,580.00,13.0,PTX ISA 9.3 / CUDA 13.0,1575.000,,,,bf16,128,64,16,32,128,109,3,discard,same,8,8,32,1,nocount,sw128,sw128,16,16,16,128,512,0,64,none,0,none,0,4,20,3678577.0,2335.6044444444447,,,,,6144,,9.194551984639713,,,0,0.0,1,bf14b28d2af4128daa99f23eec8a5e105636d0b04136f8be580fdc39d6f1f97d,
04_smem_layout_address,layout_bf16_m128n64k16_sw128_off128,1,,NVIDIA Thor,11.0,580.00,13.0,PTX ISA 9.3 / CUDA 13.0,1575.000,,,,bf16,128,64,16,32,128,109,4,discard,same,8,8,32,1,nocount,sw128,sw128,16,16,16,128,512,0,64,none,0,none,0,4,20,3678579.0,2335.6057142857144,,,,,6144,,9.19454698567028,,,0,0.0,1,bf14b28d2af4128daa99f23eec8a5e105636d0b04136f8be580fdc39d6f1f97d,
04_smem_layout_address,layout_fp16_m128n256k16_sw32_off32,0,misaligned address,,,580.00,13.0,PTX ISA 9.3 / CUDA 13.0,1575.000,,,,fp16,128,256,16,32,128,110,0,discard,same,2,2,32,1,nocount,sw32,sw32,16,16,16,32,512,0,256,none,0,none,0,4,,nan,nan,,,,,12288,,,,,,nan,0,bf14b28d2af4128daa99f23eec8a5e105636d0b04136f8be580fdc39d6f1f97d,; UTCHMMA=21;UTCHMMA_WS=16;UTCBAR=1;UTCATOMSWS=3;SYNCS_TRYWAIT=8;LDS=21;LDG=9;ptx_tcgen05_mma=21;ptx_tcgen05_mma_ws=16;ptx_tcgen05_commit=1;ptx_tcgen05_alloc=1;ptx_tcgen05_dealloc=1;ptx_tcgen05_ld=5;ptx_tcgen05_st=5;ptx_mbarrier_wait=5;ptx_cp_async_tma=2;ptx_ld_shared=26;ptx_ld_global=7
04_smem_layout_address,layout_fp16_m128n256k16_sw32_off32,0,misaligned address,,,580.00,13.0,PTX ISA 9.3 / CUDA 13.0,1575.000,,,,fp16,128,256,16,32,128,110,1,discard,same,2,2,32,1,nocount,sw32,sw32,16,16,16,32,512,0,256,none,0,none,0,4,,nan,nan,,,,,12288,,,,,,nan,0,bf14b28d2af4128daa99f23eec8a5e105636d0b04136f8be580fdc39d6f1f97d,
04_smem_layout_address,layout_fp16_m128n256k16_sw32_off32,0,misaligned address,,,580.00,13.0,PTX ISA 9.3 / CUDA 13.0,1575.000,,,,fp16,128,256,16,32,128,110,2,discard,same,2,2,32,1,nocount,sw32,sw32,16,16,16,32,512,0,256,none,0,none,0,4,,nan,nan,,,,,12288,,,,,,nan,0,bf14b28d2af4128daa99f23eec8a5e105636d0b04136f8be580fdc39d6f1f97d,
04_smem_layout_address,layout_fp16_m128n256k16_sw32_off32,0,misaligned address,,,580.00,13.0,PTX ISA 9.3 / CUDA 13.0,1575.000,,,,fp16,128,256,16,32,128,110,3,discard,same,2,2,32,1,nocount,sw32,sw32,16,16,16,32,512,0,256,none,0,none,0,4,,nan,nan,,,,,12288,,,,,,nan,0,bf14b28d2af4128daa99f23eec8a5e105636d0b04136f8be580fdc39d6f1f97d,
04_smem_layout_address,layout_fp16_m128n256k16_sw32_off32,0,misaligned address,,,580.00,13.0,PTX ISA 9.3 / CUDA 13.0,1575.000,,,,fp16,128,256,16,32,128,110,4,discard,same,2,2,32,1,nocount,sw32,sw32,16,16,16,32,512,0,256,none,0,none,0,4,,nan,nan,,,,,12288,,,,,,nan,0,bf14b28d2af4128daa99f23eec8a5e105636d0b04136f8be580fdc39d6f1f97d,
04_smem_layout_address,layout_bf16_m128n64k16_none_off64,0,misaligned address,,,580.00,13.0,PTX ISA 9.3 / CUDA 13.0,1575.000,,,,bf16,128,64,16,32,128,111,0,discard,same,8,8,32,1,nocount,none,none,16,16,16,64,512,0,64,none,0,none,0,4,,nan,nan,,,,,6144,,,,,,nan,0,bf14b28d2af4128daa99f23eec8a5e105636d0b04136f8be580fdc39d6f1f97d,; UTCHMMA=21;UTCHMMA_WS=16;UTCBAR=1;UTCATOMSWS=3;SYNCS_TRYWAIT=8;LDS=21;LDG=9;ptx_tcgen05_mma=21;ptx_tcgen05_mma_ws=16;ptx_tcgen05_commit=1;ptx_tcgen05_alloc=1;ptx_tcgen05_dealloc=1;ptx_tcgen05_ld=5;ptx_tcgen05_st=5;ptx_mbarrier_wait=5;ptx_cp_async_tma=2;ptx_ld_shared=26;ptx_ld_global=7
04_smem_layout_address,layout_bf16_m128n64k16_none_off64,0,misaligned address,,,580.00,13.0,PTX ISA 9.3 / CUDA 13.0,1575.000,,,,bf16,128,64,16,32,128,111,1,discard,same,8,8,32,1,nocount,none,none,16,16,16,64,512,0,64,none,0,none,0,4,,nan,nan,,,,,6144,,,,,,nan,0,bf14b28d2af4128daa99f23eec8a5e105636d0b04136f8be580fdc39d6f1f97d,
04_smem_layout_address,layout_bf16_m128n64k16_none_off64,0,misaligned address,,,580.00,13.0,PTX ISA 9.3 / CUDA 13.0,1575.000,,,,bf16,128,64,16,32,128,111,2,discard,same,8,8,32,1,nocount,none,none,16,16,16,64,512,0,64,none,0,none,0,4,,nan,nan,,,,,6144,,,,,,nan,0,bf14b28d2af4128daa99f23eec8a5e105636d0b04136f8be580fdc39d6f1f97d,
04_smem_layout_address,layout_bf16_m128n64k16_none_off64,0,misaligned address,,,580.00,13.0,PTX ISA 9.3 / CUDA 13.0,1575.000,,,,bf16,128,64,16,32,128,111,3,discard,same,8,8,32,1,nocount,none,none,16,16,16,64,512,0,64,none,0,none,0,4,,nan,nan,,,,,6144,,,,,,nan,0,bf14b28d2af4128daa99f23eec8a5e105636d0b04136f8be580fdc39d6f1f97d,
04_smem_layout_address,layout_bf16_m128n64k16_none_off64,0,misaligned address,,,580.00,13.0,PTX ISA 9.3 / CUDA 13.0,1575.000,,,,bf16,128,64,16,32,128,111,4,discard,same,8,8,32,1,nocount,none,none,16,16,16,64,512,0,64,none,0,none,0,4,,nan,nan,,,,,6144,,,,,,nan,0,bf14b28d2af4128daa99f23eec8a5e105636d0b04136f8be580fdc39d6f1f97d,
04_smem_layout_address,layout_bf16_m128n128k16_none_off128,0,max_abs_error>0.25,NVIDIA Thor,11.0,580.00,13.0,PTX ISA 9.3 / CUDA 13.0,1575.000,,,,bf16,128,128,16,32,128,112,0,discard,same,4,4,32,1,nocount,none,none,16,16,16,128,512,0,128,none,0,none,0,4,20,3678995.0,2335.869841269841,,,,,8192,,18.387014636334108,,,0,0.83203125,1,bf14b28d2af4128daa99f23eec8a5e105636d0b04136f8be580fdc39d6f1f97d,; UTCHMMA=21;UTCHMMA_WS=16;UTCBAR=1;UTCATOMSWS=3;SYNCS_TRYWAIT=8;LDS=21;LDG=9;ptx_tcgen05_mma=21;ptx_tcgen05_mma_ws=16;ptx_tcgen05_commit=1;ptx_tcgen05_alloc=1;ptx_tcgen05_dealloc=1;ptx_tcgen05_ld=5;ptx_tcgen05_st=5;ptx_mbarrier_wait=5;ptx_cp_async_tma=2;ptx_ld_shared=26;ptx_ld_global=7
04_smem_layout_address,layout_bf16_m128n128k16_none_off128,0,max_abs_error>0.25,NVIDIA Thor,11.0,580.00,13.0,PTX ISA 9.3 / CUDA 13.0,1575.000,,,,bf16,128,128,16,32,128,112,1,discard,same,4,4,32,1,nocount,none,none,16,16,16,128,512,0,128,none,0,none,0,4,20,3678960.0,2335.847619047619,,,,,8192,,18.387189562267597,,,0,0.83203125,1,bf14b28d2af4128daa99f23eec8a5e105636d0b04136f8be580fdc39d6f1f97d,
04_smem_layout_address,layout_bf16_m128n128k16_none_off128,0,max_abs_error>0.25,NVIDIA Thor,11.0,580.00,13.0,PTX ISA 9.3 / CUDA 13.0,1575.000,,,,bf16,128,128,16,32,128,112,2,discard,same,4,4,32,1,nocount,none,none,16,16,16,128,512,0,128,none,0,none,0,4,20,3678995.0,2335.869841269841,,,,,8192,,18.387014636334108,,,0,0.83203125,1,bf14b28d2af4128daa99f23eec8a5e105636d0b04136f8be580fdc39d6f1f97d,
04_smem_layout_address,layout_bf16_m128n128k16_none_off128,0,max_abs_error>0.25,NVIDIA Thor,11.0,580.00,13.0,PTX ISA 9.3 / CUDA 13.0,1575.000,,,,bf16,128,128,16,32,128,112,3,discard,same,4,4,32,1,nocount,none,none,16,16,16,128,512,0,128,none,0,none,0,4,20,3678992.0,2335.8679365079365,,,,,8192,,18.38702962985513,,,0,0.83203125,1,bf14b28d2af4128daa99f23eec8a5e105636d0b04136f8be580fdc39d6f1f97d,
04_smem_layout_address,layout_bf16_m128n128k16_none_off128,0,max_abs_error>0.25,NVIDIA Thor,11.0,580.00,13.0,PTX ISA 9.3 / CUDA 13.0,1575.000,,,,bf16,128,128,16,32,128,112,4,discard,same,4,4,32,1,nocount,none,none,16,16,16,128,512,0,128,none,0,none,0,4,20,3678958.0,2335.8463492063493,,,,,8192,,18.387199558135755,,,0,0.83203125,1,bf14b28d2af4128daa99f23eec8a5e105636d0b04136f8be580fdc39d6f1f97d,
04_smem_layout_address,layout_fp16_m128n256k16_sw64_off16,0,misaligned address,,,580.00,13.0,PTX ISA 9.3 / CUDA 13.0,1575.000,,,,fp16,128,256,16,32,128,113,0,discard,same,2,2,32,1,nocount,sw64,sw64,16,16,16,16,512,0,256,none,0,none,0,4,,nan,nan,,,,,12288,,,,,,nan,0,bf14b28d2af4128daa99f23eec8a5e105636d0b04136f8be580fdc39d6f1f97d,; UTCHMMA=21;UTCHMMA_WS=16;UTCBAR=1;UTCATOMSWS=3;SYNCS_TRYWAIT=8;LDS=21;LDG=9;ptx_tcgen05_mma=21;ptx_tcgen05_mma_ws=16;ptx_tcgen05_commit=1;ptx_tcgen05_alloc=1;ptx_tcgen05_dealloc=1;ptx_tcgen05_ld=5;ptx_tcgen05_st=5;ptx_mbarrier_wait=5;ptx_cp_async_tma=2;ptx_ld_shared=26;ptx_ld_global=7
04_smem_layout_address,layout_fp16_m128n256k16_sw64_off16,0,misaligned address,,,580.00,13.0,PTX ISA 9.3 / CUDA 13.0,1575.000,,,,fp16,128,256,16,32,128,113,1,discard,same,2,2,32,1,nocount,sw64,sw64,16,16,16,16,512,0,256,none,0,none,0,4,,nan,nan,,,,,12288,,,,,,nan,0,bf14b28d2af4128daa99f23eec8a5e105636d0b04136f8be580fdc39d6f1f97d,
04_smem_layout_address,layout_fp16_m128n256k16_sw64_off16,0,misaligned address,,,580.00,13.0,PTX ISA 9.3 / CUDA 13.0,1575.000,,,,fp16,128,256,16,32,128,113,2,discard,same,2,2,32,1,nocount,sw64,sw64,16,16,16,16,512,0,256,none,0,none,0,4,,nan,nan,,,,,12288,,,,,,nan,0,bf14b28d2af4128daa99f23eec8a5e105636d0b04136f8be580fdc39d6f1f97d,
04_smem_layout_address,layout_fp16_m128n256k16_sw64_off16,0,misaligned address,,,580.00,13.0,PTX ISA 9.3 / CUDA 13.0,1575.000,,,,fp16,128,256,16,32,128,113,3,discard,same,2,2,32,1,nocount,sw64,sw64,16,16,16,16,512,0,256,none,0,none,0,4,,nan,nan,,,,,12288,,,,,,nan,0,bf14b28d2af4128daa99f23eec8a5e105636d0b04136f8be580fdc39d6f1f97d,
04_smem_layout_address,layout_fp16_m128n256k16_sw64_off16,0,misaligned address,,,580.00,13.0,PTX ISA 9.3 / CUDA 13.0,1575.000,,,,fp16,128,256,16,32,128,113,4,discard,same,2,2,32,1,nocount,sw64,sw64,16,16,16,16,512,0,256,none,0,none,0,4,,nan,nan,,,,,12288,,,,,,nan,0,bf14b28d2af4128daa99f23eec8a5e105636d0b04136f8be580fdc39d6f1f97d,
04_smem_layout_address,layout_fp16_m128n64k16_sw32_off64,0,misaligned address,,,580.00,13.0,PTX ISA 9.3 / CUDA 13.0,1575.000,,,,fp16,128,64,16,32,128,114,0,discard,same,8,8,32,1,nocount,sw32,sw32,16,16,16,64,512,0,64,none,0,none,0,4,,nan,nan,,,,,6144,,,,,,nan,0,bf14b28d2af4128daa99f23eec8a5e105636d0b04136f8be580fdc39d6f1f97d,; UTCHMMA=21;UTCHMMA_WS=16;UTCBAR=1;UTCATOMSWS=3;SYNCS_TRYWAIT=8;LDS=21;LDG=9;ptx_tcgen05_mma=21;ptx_tcgen05_mma_ws=16;ptx_tcgen05_commit=1;ptx_tcgen05_alloc=1;ptx_tcgen05_dealloc=1;ptx_tcgen05_ld=5;ptx_tcgen05_st=5;ptx_mbarrier_wait=5;ptx_cp_async_tma=2;ptx_ld_shared=26;ptx_ld_global=7
04_smem_layout_address,layout_fp16_m128n64k16_sw32_off64,0,misaligned address,,,580.00,13.0,PTX ISA 9.3 / CUDA 13.0,1575.000,,,,fp16,128,64,16,32,128,114,1,discard,same,8,8,32,1,nocount,sw32,sw32,16,16,16,64,512,0,64,none,0,none,0,4,,nan,nan,,,,,6144,,,,,,nan,0,bf14b28d2af4128daa99f23eec8a5e105636d0b04136f8be580fdc39d6f1f97d,
04_smem_layout_address,layout_fp16_m128n64k16_sw32_off64,0,misaligned address,,,580.00,13.0,PTX ISA 9.3 / CUDA 13.0,1575.000,,,,fp16,128,64,16,32,128,114,2,discard,same,8,8,32,1,nocount,sw32,sw32,16,16,16,64,512,0,64,none,0,none,0,4,,nan,nan,,,,,6144,,,,,,nan,0,bf14b28d2af4128daa99f23eec8a5e105636d0b04136f8be580fdc39d6f1f97d,
04_smem_layout_address,layout_fp16_m128n64k16_sw32_off64,0,misaligned address,,,580.00,13.0,PTX ISA 9.3 / CUDA 13.0,1575.000,,,,fp16,128,64,16,32,128,114,3,discard,same,8,8,32,1,nocount,sw32,sw32,16,16,16,64,512,0,64,none,0,none,0,4,,nan,nan,,,,,6144,,,,,,nan,0,bf14b28d2af4128daa99f23eec8a5e105636d0b04136f8be580fdc39d6f1f97d,
04_smem_layout_address,layout_fp16_m128n64k16_sw32_off64,0,misaligned address,,,580.00,13.0,PTX ISA 9.3 / CUDA 13.0,1575.000,,,,fp16,128,64,16,32,128,114,4,discard,same,8,8,32,1,nocount,sw32,sw32,16,16,16,64,512,0,64,none,0,none,0,4,,nan,nan,,,,,6144,,,,,,nan,0,bf14b28d2af4128daa99f23eec8a5e105636d0b04136f8be580fdc39d6f1f97d,
04_smem_layout_address,layout_fp16_m128n256k16_none_off0,0,max_abs_error>0.05,NVIDIA Thor,11.0,580.00,13.0,PTX ISA 9.3 / CUDA 13.0,1575.000,,,,fp16,128,256,16,32,128,115,0,discard,same,2,2,32,1,nocount,none,none,16,16,16,0,512,0,256,none,0,none,0,4,20,3678178.0,2335.351111111111,,,,,12288,,36.78219755107013,,,0,0.83203125,1,bf14b28d2af4128daa99f23eec8a5e105636d0b04136f8be580fdc39d6f1f97d,; UTCHMMA=21;UTCHMMA_WS=16;UTCBAR=1;UTCATOMSWS=3;SYNCS_TRYWAIT=8;LDS=21;LDG=9;ptx_tcgen05_mma=21;ptx_tcgen05_mma_ws=16;ptx_tcgen05_commit=1;ptx_tcgen05_alloc=1;ptx_tcgen05_dealloc=1;ptx_tcgen05_ld=5;ptx_tcgen05_st=5;ptx_mbarrier_wait=5;ptx_cp_async_tma=2;ptx_ld_shared=26;ptx_ld_global=7
04_smem_layout_address,layout_fp16_m128n256k16_none_off0,0,max_abs_error>0.05,NVIDIA Thor,11.0,580.00,13.0,PTX ISA 9.3 / CUDA 13.0,1575.000,,,,fp16,128,256,16,32,128,115,1,discard,same,2,2,32,1,nocount,none,none,16,16,16,0,512,0,256,none,0,none,0,4,20,3678182.0,2335.353650793651,,,,,12288,,36.78215755065954,,,0,0.83203125,1,bf14b28d2af4128daa99f23eec8a5e105636d0b04136f8be580fdc39d6f1f97d,
04_smem_layout_address,layout_fp16_m128n256k16_none_off0,0,max_abs_error>0.05,NVIDIA Thor,11.0,580.00,13.0,PTX ISA 9.3 / CUDA 13.0,1575.000,,,,fp16,128,256,16,32,128,115,2,discard,same,2,2,32,1,nocount,none,none,16,16,16,0,512,0,256,none,0,none,0,4,20,3678179.0,2335.351746031746,,,,,12288,,36.78218755095932,,,0,0.83203125,1,bf14b28d2af4128daa99f23eec8a5e105636d0b04136f8be580fdc39d6f1f97d,
04_smem_layout_address,layout_fp16_m128n256k16_none_off0,0,max_abs_error>0.05,NVIDIA Thor,11.0,580.00,13.0,PTX ISA 9.3 / CUDA 13.0,1575.000,,,,fp16,128,256,16,32,128,115,3,discard,same,2,2,32,1,nocount,none,none,16,16,16,0,512,0,256,none,0,none,0,4,20,3678179.0,2335.351746031746,,,,,12288,,36.78218755095932,,,0,0.83203125,1,bf14b28d2af4128daa99f23eec8a5e105636d0b04136f8be580fdc39d6f1f97d,
04_smem_layout_address,layout_fp16_m128n256k16_none_off0,0,max_abs_error>0.05,NVIDIA Thor,11.0,580.00,13.0,PTX ISA 9.3 / CUDA 13.0,1575.000,,,,fp16,128,256,16,32,128,115,4,discard,same,2,2,32,1,nocount,none,none,16,16,16,0,512,0,256,none,0,none,0,4,20,3678178.0,2335.351111111111,,,,,12288,,36.78219755107013,,,0,0.83203125,1,bf14b28d2af4128daa99f23eec8a5e105636d0b04136f8be580fdc39d6f1f97d,
04_smem_layout_address,layout_bf16_m128n64k16_sw64_off128,1,,NVIDIA Thor,11.0,580.00,13.0,PTX ISA 9.3 / CUDA 13.0,1575.000,,,,bf16,128,64,16,32,128,116,0,discard,same,8,8,32,1,nocount,sw64,sw64,16,16,16,128,512,0,64,none,0,none,0,4,20,3562080.0,2261.638095238095,,,,,6144,,9.495257674167902,,,0,0.0,1,bf14b28d2af4128daa99f23eec8a5e105636d0b04136f8be580fdc39d6f1f97d,; UTCHMMA=21;UTCHMMA_WS=16;UTCBAR=1;UTCATOMSWS=3;SYNCS_TRYWAIT=8;LDS=21;LDG=9;ptx_tcgen05_mma=21;ptx_tcgen05_mma_ws=16;ptx_tcgen05_commit=1;ptx_tcgen05_alloc=1;ptx_tcgen05_dealloc=1;ptx_tcgen05_ld=5;ptx_tcgen05_st=5;ptx_mbarrier_wait=5;ptx_cp_async_tma=2;ptx_ld_shared=26;ptx_ld_global=7
04_smem_layout_address,layout_bf16_m128n64k16_sw64_off128,1,,NVIDIA Thor,11.0,580.00,13.0,PTX ISA 9.3 / CUDA 13.0,1575.000,,,,bf16,128,64,16,32,128,116,1,discard,same,8,8,32,1,nocount,sw64,sw64,16,16,16,128,512,0,64,none,0,none,0,4,20,3562090.0,2261.6444444444446,,,,,6144,,9.4952310177452,,,0,0.0,1,bf14b28d2af4128daa99f23eec8a5e105636d0b04136f8be580fdc39d6f1f97d,
04_smem_layout_address,layout_bf16_m128n64k16_sw64_off128,1,,NVIDIA Thor,11.0,580.00,13.0,PTX ISA 9.3 / CUDA 13.0,1575.000,,,,bf16,128,64,16,32,128,116,2,discard,same,8,8,32,1,nocount,sw64,sw64,16,16,16,128,512,0,64,none,0,none,0,4,20,3562099.0,2261.6501587301586,,,,,6144,,9.495207027092734,,,0,0.0,1,bf14b28d2af4128daa99f23eec8a5e105636d0b04136f8be580fdc39d6f1f97d,
04_smem_layout_address,layout_bf16_m128n64k16_sw64_off128,1,,NVIDIA Thor,11.0,580.00,13.0,PTX ISA 9.3 / CUDA 13.0,1575.000,,,,bf16,128,64,16,32,128,116,3,discard,same,8,8,32,1,nocount,sw64,sw64,16,16,16,128,512,0,64,none,0,none,0,4,20,3562083.0,2261.64,,,,,6144,,9.495249677225376,,,0,0.0,1,bf14b28d2af4128daa99f23eec8a5e105636d0b04136f8be580fdc39d6f1f97d,
04_smem_layout_address,layout_bf16_m128n64k16_sw64_off128,1,,NVIDIA Thor,11.0,580.00,13.0,PTX ISA 9.3 / CUDA 13.0,1575.000,,,,bf16,128,64,16,32,128,116,4,discard,same,8,8,32,1,nocount,sw64,sw64,16,16,16,128,512,0,64,none,0,none,0,4,20,3562093.0,2261.646349206349,,,,,6144,,9.495223020847574,,,0,0.0,1,bf14b28d2af4128daa99f23eec8a5e105636d0b04136f8be580fdc39d6f1f97d,
04_smem_layout_address,layout_fp16_m128n64k16_sw64_off0,1,,NVIDIA Thor,11.0,580.00,13.0,PTX ISA 9.3 / CUDA 13.0,1575.000,,,,fp16,128,64,16,32,128,117,0,discard,same,8,8,32,1,nocount,sw64,sw64,16,16,16,0,512,0,64,none,0,none,0,4,20,3561851.0,2261.4926984126982,,,,,6144,,9.49586814720773,,,0,0.0,1,bf14b28d2af4128daa99f23eec8a5e105636d0b04136f8be580fdc39d6f1f97d,; UTCHMMA=21;UTCHMMA_WS=16;UTCBAR=1;UTCATOMSWS=3;SYNCS_TRYWAIT=8;LDS=21;LDG=9;ptx_tcgen05_mma=21;ptx_tcgen05_mma_ws=16;ptx_tcgen05_commit=1;ptx_tcgen05_alloc=1;ptx_tcgen05_dealloc=1;ptx_tcgen05_ld=5;ptx_tcgen05_st=5;ptx_mbarrier_wait=5;ptx_cp_async_tma=2;ptx_ld_shared=26;ptx_ld_global=7
04_smem_layout_address,layout_fp16_m128n64k16_sw64_off0,1,,NVIDIA Thor,11.0,580.00,13.0,PTX ISA 9.3 / CUDA 13.0,1575.000,,,,fp16,128,64,16,32,128,117,1,discard,same,8,8,32,1,nocount,sw64,sw64,16,16,16,0,512,0,64,none,0,none,0,4,20,3562085.0,2261.64126984127,,,,,6144,,9.495244345937842,,,0,0.0,1,bf14b28d2af4128daa99f23eec8a5e105636d0b04136f8be580fdc39d6f1f97d,
04_smem_layout_address,layout_fp16_m128n64k16_sw64_off0,1,,NVIDIA Thor,11.0,580.00,13.0,PTX ISA 9.3 / CUDA 13.0,1575.000,,,,fp16,128,64,16,32,128,117,2,discard,same,8,8,32,1,nocount,sw64,sw64,16,16,16,0,512,0,64,none,0,none,0,4,20,3562087.0,2261.64253968254,,,,,6144,,9.495239014656295,,,0,0.0,1,bf14b28d2af4128daa99f23eec8a5e105636d0b04136f8be580fdc39d6f1f97d,
04_smem_layout_address,layout_fp16_m128n64k16_sw64_off0,1,,NVIDIA Thor,11.0,580.00,13.0,PTX ISA 9.3 / CUDA 13.0,1575.000,,,,fp16,128,64,16,32,128,117,3,discard,same,8,8,32,1,nocount,sw64,sw64,16,16,16,0,512,0,64,none,0,none,0,4,20,3562091.0,2261.6450793650793,,,,,6144,,9.495228352111162,,,0,0.0,1,bf14b28d2af4128daa99f23eec8a5e105636d0b04136f8be580fdc39d6f1f97d,
04_smem_layout_address,layout_fp16_m128n64k16_sw64_off0,1,,NVIDIA Thor,11.0,580.00,13.0,PTX ISA 9.3 / CUDA 13.0,1575.000,,,,fp16,128,64,16,32,128,117,4,discard,same,8,8,32,1,nocount,sw64,sw64,16,16,16,0,512,0,64,none,0,none,0,4,20,3562091.0,2261.6450793650793,,,,,6144,,9.495228352111162,,,0,0.0,1,bf14b28d2af4128daa99f23eec8a5e105636d0b04136f8be580fdc39d6f1f97d,
04_smem_layout_address,layout_fp16_m128n64k16_sw128_off32,0,misaligned address,,,580.00,13.0,PTX ISA 9.3 / CUDA 13.0,1575.000,,,,fp16,128,64,16,32,128,118,0,discard,same,8,8,32,1,nocount,sw128,sw128,16,16,16,32,512,0,64,none,0,none,0,4,,nan,nan,,,,,6144,,,,,,nan,0,bf14b28d2af4128daa99f23eec8a5e105636d0b04136f8be580fdc39d6f1f97d,; UTCHMMA=21;UTCHMMA_WS=16;UTCBAR=1;UTCATOMSWS=3;SYNCS_TRYWAIT=8;LDS=21;LDG=9;ptx_tcgen05_mma=21;ptx_tcgen05_mma_ws=16;ptx_tcgen05_commit=1;ptx_tcgen05_alloc=1;ptx_tcgen05_dealloc=1;ptx_tcgen05_ld=5;ptx_tcgen05_st=5;ptx_mbarrier_wait=5;ptx_cp_async_tma=2;ptx_ld_shared=26;ptx_ld_global=7
04_smem_layout_address,layout_fp16_m128n64k16_sw128_off32,0,misaligned address,,,580.00,13.0,PTX ISA 9.3 / CUDA 13.0,1575.000,,,,fp16,128,64,16,32,128,118,1,discard,same,8,8,32,1,nocount,sw128,sw128,16,16,16,32,512,0,64,none,0,none,0,4,,nan,nan,,,,,6144,,,,,,nan,0,bf14b28d2af4128daa99f23eec8a5e105636d0b04136f8be580fdc39d6f1f97d,
04_smem_layout_address,layout_fp16_m128n64k16_sw128_off32,0,misaligned address,,,580.00,13.0,PTX ISA 9.3 / CUDA 13.0,1575.000,,,,fp16,128,64,16,32,128,118,2,discard,same,8,8,32,1,nocount,sw128,sw128,16,16,16,32,512,0,64,none,0,none,0,4,,nan,nan,,,,,6144,,,,,,nan,0,bf14b28d2af4128daa99f23eec8a5e105636d0b04136f8be580fdc39d6f1f97d,
04_smem_layout_address,layout_fp16_m128n64k16_sw128_off32,0,misaligned address,,,580.00,13.0,PTX ISA 9.3 / CUDA 13.0,1575.000,,,,fp16,128,64,16,32,128,118,3,discard,same,8,8,32,1,nocount,sw128,sw128,16,16,16,32,512,0,64,none,0,none,0,4,,nan,nan,,,,,6144,,,,,,nan,0,bf14b28d2af4128daa99f23eec8a5e105636d0b04136f8be580fdc39d6f1f97d,
04_smem_layout_address,layout_fp16_m128n64k16_sw128_off32,0,misaligned address,,,580.00,13.0,PTX ISA 9.3 / CUDA 13.0,1575.000,,,,fp16,128,64,16,32,128,118,4,discard,same,8,8,32,1,nocount,sw128,sw128,16,16,16,32,512,0,64,none,0,none,0,4,,nan,nan,,,,,6144,,,,,,nan,0,bf14b28d2af4128daa99f23eec8a5e105636d0b04136f8be580fdc39d6f1f97d,
04_smem_layout_address,layout_bf16_m128n128k16_sw128_off0,1,,NVIDIA Thor,11.0,580.00,13.0,PTX ISA 9.3 / CUDA 13.0,1575.000,,,,bf16,128,128,16,32,128,119,0,discard,same,4,4,32,1,nocount,sw128,sw128,16,16,16,0,512,0,128,none,0,none,0,4,20,3678957.0,2335.845714285714,,,,,8192,,18.38720455607391,,,0,0.0,1,bf14b28d2af4128daa99f23eec8a5e105636d0b04136f8be580fdc39d6f1f97d,; UTCHMMA=21;UTCHMMA_WS=16;UTCBAR=1;UTCATOMSWS=3;SYNCS_TRYWAIT=8;LDS=21;LDG=9;ptx_tcgen05_mma=21;ptx_tcgen05_mma_ws=16;ptx_tcgen05_commit=1;ptx_tcgen05_alloc=1;ptx_tcgen05_dealloc=1;ptx_tcgen05_ld=5;ptx_tcgen05_st=5;ptx_mbarrier_wait=5;ptx_cp_async_tma=2;ptx_ld_shared=26;ptx_ld_global=7
04_smem_layout_address,layout_bf16_m128n128k16_sw128_off0,1,,NVIDIA Thor,11.0,580.00,13.0,PTX ISA 9.3 / CUDA 13.0,1575.000,,,,bf16,128,128,16,32,128,119,1,discard,same,4,4,32,1,nocount,sw128,sw128,16,16,16,0,512,0,128,none,0,none,0,4,20,3678962.0,2335.8488888888887,,,,,8192,,18.387179566410307,,,0,0.0,1,bf14b28d2af4128daa99f23eec8a5e105636d0b04136f8be580fdc39d6f1f97d,
04_smem_layout_address,layout_bf16_m128n128k16_sw128_off0,1,,NVIDIA Thor,11.0,580.00,13.0,PTX ISA 9.3 / CUDA 13.0,1575.000,,,,bf16,128,128,16,32,128,119,2,discard,same,4,4,32,1,nocount,sw128,sw128,16,16,16,0,512,0,128,none,0,none,0,4,20,3678960.0,2335.847619047619,,,,,8192,,18.387189562267597,,,0,0.0,1,bf14b28d2af4128daa99f23eec8a5e105636d0b04136f8be580fdc39d6f1f97d,
04_smem_layout_address,layout_bf16_m128n128k16_sw128_off0,1,,NVIDIA Thor,11.0,580.00,13.0,PTX ISA 9.3 / CUDA 13.0,1575.000,,,,bf16,128,128,16,32,128,119,3,discard,same,4,4,32,1,nocount,sw128,sw128,16,16,16,0,512,0,128,none,0,none,0,4,20,3678988.0,2335.8653968253966,,,,,8192,,18.387049621254544,,,0,0.0,1,bf14b28d2af4128daa99f23eec8a5e105636d0b04136f8be580fdc39d6f1f97d,
04_smem_layout_address,layout_bf16_m128n128k16_sw128_off0,1,,NVIDIA Thor,11.0,580.00,13.0,PTX ISA 9.3 / CUDA 13.0,1575.000,,,,bf16,128,128,16,32,128,119,4,discard,same,4,4,32,1,nocount,sw128,sw128,16,16,16,0,512,0,128,none,0,none,0,4,20,3678958.0,2335.8463492063493,,,,,8192,,18.387199558135755,,,0,0.0,1,bf14b28d2af4128daa99f23eec8a5e105636d0b04136f8be580fdc39d6f1f97d,
04_smem_layout_address,layout_fp16_m128n128k16_none_off64,0,misaligned address,,,580.00,13.0,PTX ISA 9.3 / CUDA 13.0,1575.000,,,,fp16,128,128,16,32,128,120,0,discard,same,4,4,32,1,nocount,none,none,16,16,16,64,512,0,128,none,0,none,0,4,,nan,nan,,,,,8192,,,,,,nan,0,bf14b28d2af4128daa99f23eec8a5e105636d0b04136f8be580fdc39d6f1f97d,; UTCHMMA=21;UTCHMMA_WS=16;UTCBAR=1;UTCATOMSWS=3;SYNCS_TRYWAIT=8;LDS=21;LDG=9;ptx_tcgen05_mma=21;ptx_tcgen05_mma_ws=16;ptx_tcgen05_commit=1;ptx_tcgen05_alloc=1;ptx_tcgen05_dealloc=1;ptx_tcgen05_ld=5;ptx_tcgen05_st=5;ptx_mbarrier_wait=5;ptx_cp_async_tma=2;ptx_ld_shared=26;ptx_ld_global=7
04_smem_layout_address,layout_fp16_m128n128k16_none_off64,0,misaligned address,,,580.00,13.0,PTX ISA 9.3 / CUDA 13.0,1575.000,,,,fp16,128,128,16,32,128,120,1,discard,same,4,4,32,1,nocount,none,none,16,16,16,64,512,0,128,none,0,none,0,4,,nan,nan,,,,,8192,,,,,,nan,0,bf14b28d2af4128daa99f23eec8a5e105636d0b04136f8be580fdc39d6f1f97d,
04_smem_layout_address,layout_fp16_m128n128k16_none_off64,0,misaligned address,,,580.00,13.0,PTX ISA 9.3 / CUDA 13.0,1575.000,,,,fp16,128,128,16,32,128,120,2,discard,same,4,4,32,1,nocount,none,none,16,16,16,64,512,0,128,none,0,none,0,4,,nan,nan,,,,,8192,,,,,,nan,0,bf14b28d2af4128daa99f23eec8a5e105636d0b04136f8be580fdc39d6f1f97d,
04_smem_layout_address,layout_fp16_m128n128k16_none_off64,0,misaligned address,,,580.00,13.0,PTX ISA 9.3 / CUDA 13.0,1575.000,,,,fp16,128,128,16,32,128,120,3,discard,same,4,4,32,1,nocount,none,none,16,16,16,64,512,0,128,none,0,none,0,4,,nan,nan,,,,,8192,,,,,,nan,0,bf14b28d2af4128daa99f23eec8a5e105636d0b04136f8be580fdc39d6f1f97d,
04_smem_layout_address,layout_fp16_m128n128k16_none_off64,0,misaligned address,,,580.00,13.0,PTX ISA 9.3 / CUDA 13.0,1575.000,,,,fp16,128,128,16,32,128,120,4,discard,same,4,4,32,1,nocount,none,none,16,16,16,64,512,0,128,none,0,none,0,4,,nan,nan,,,,,8192,,,,,,nan,0,bf14b28d2af4128daa99f23eec8a5e105636d0b04136f8be580fdc39d6f1f97d,
04_smem_layout_address,layout_fp16_m128n256k16_sw128_off16,0,misaligned address,,,580.00,13.0,PTX ISA 9.3 / CUDA 13.0,1575.000,,,,fp16,128,256,16,32,128,121,0,discard,same,2,2,32,1,nocount,sw128,sw128,16,16,16,16,512,0,256,none,0,none,0,4,,nan,nan,,,,,12288,,,,,,nan,0,bf14b28d2af4128daa99f23eec8a5e105636d0b04136f8be580fdc39d6f1f97d,; UTCHMMA=21;UTCHMMA_WS=16;UTCBAR=1;UTCATOMSWS=3;SYNCS_TRYWAIT=8;LDS=21;LDG=9;ptx_tcgen05_mma=21;ptx_tcgen05_mma_ws=16;ptx_tcgen05_commit=1;ptx_tcgen05_alloc=1;ptx_tcgen05_dealloc=1;ptx_tcgen05_ld=5;ptx_tcgen05_st=5;ptx_mbarrier_wait=5;ptx_cp_async_tma=2;ptx_ld_shared=26;ptx_ld_global=7
04_smem_layout_address,layout_fp16_m128n256k16_sw128_off16,0,misaligned address,,,580.00,13.0,PTX ISA 9.3 / CUDA 13.0,1575.000,,,,fp16,128,256,16,32,128,121,1,discard,same,2,2,32,1,nocount,sw128,sw128,16,16,16,16,512,0,256,none,0,none,0,4,,nan,nan,,,,,12288,,,,,,nan,0,bf14b28d2af4128daa99f23eec8a5e105636d0b04136f8be580fdc39d6f1f97d,
04_smem_layout_address,layout_fp16_m128n256k16_sw128_off16,0,misaligned address,,,580.00,13.0,PTX ISA 9.3 / CUDA 13.0,1575.000,,,,fp16,128,256,16,32,128,121,2,discard,same,2,2,32,1,nocount,sw128,sw128,16,16,16,16,512,0,256,none,0,none,0,4,,nan,nan,,,,,12288,,,,,,nan,0,bf14b28d2af4128daa99f23eec8a5e105636d0b04136f8be580fdc39d6f1f97d,
04_smem_layout_address,layout_fp16_m128n256k16_sw128_off16,0,misaligned address,,,580.00,13.0,PTX ISA 9.3 / CUDA 13.0,1575.000,,,,fp16,128,256,16,32,128,121,3,discard,same,2,2,32,1,nocount,sw128,sw128,16,16,16,16,512,0,256,none,0,none,0,4,,nan,nan,,,,,12288,,,,,,nan,0,bf14b28d2af4128daa99f23eec8a5e105636d0b04136f8be580fdc39d6f1f97d,
04_smem_layout_address,layout_fp16_m128n256k16_sw128_off16,0,misaligned address,,,580.00,13.0,PTX ISA 9.3 / CUDA 13.0,1575.000,,,,fp16,128,256,16,32,128,121,4,discard,same,2,2,32,1,nocount,sw128,sw128,16,16,16,16,512,0,256,none,0,none,0,4,,nan,nan,,,,,12288,,,,,,nan,0,bf14b28d2af4128daa99f23eec8a5e105636d0b04136f8be580fdc39d6f1f97d,
04_smem_layout_address,layout_bf16_m128n128k16_sw64_off256,1,,NVIDIA Thor,11.0,580.00,13.0,PTX ISA 9.3 / CUDA 13.0,1575.000,,,,bf16,128,128,16,32,128,122,0,discard,same,4,4,32,1,nocount,sw64,sw64,16,16,16,256,512,0,128,none,0,none,0,4,20,3563118.0,2262.2971428571427,,,,,8192,,18.98498307156822,,,0,0.0,1,bf14b28d2af4128daa99f23eec8a5e105636d0b04136f8be580fdc39d6f1f97d,; UTCHMMA=21;UTCHMMA_WS=16;UTCBAR=1;UTCATOMSWS=3;SYNCS_TRYWAIT=8;LDS=21;LDG=9;ptx_tcgen05_mma=21;ptx_tcgen05_mma_ws=16;ptx_tcgen05_commit=1;ptx_tcgen05_alloc=1;ptx_tcgen05_dealloc=1;ptx_tcgen05_ld=5;ptx_tcgen05_st=5;ptx_mbarrier_wait=5;ptx_cp_async_tma=2;ptx_ld_shared=26;ptx_ld_global=7
04_smem_layout_address,layout_bf16_m128n128k16_sw64_off256,1,,NVIDIA Thor,11.0,580.00,13.0,PTX ISA 9.3 / CUDA 13.0,1575.000,,,,bf16,128,128,16,32,128,122,1,discard,same,4,4,32,1,nocount,sw64,sw64,16,16,16,256,512,0,128,none,0,none,0,4,20,3563103.0,2262.287619047619,,,,,8192,,18.985062994810985,,,0,0.0,1,bf14b28d2af4128daa99f23eec8a5e105636d0b04136f8be580fdc39d6f1f97d,
04_smem_layout_address,layout_bf16_m128n128k16_sw64_off256,1,,NVIDIA Thor,11.0,580.00,13.0,PTX ISA 9.3 / CUDA 13.0,1575.000,,,,bf16,128,128,16,32,128,122,2,discard,same,4,4,32,1,nocount,sw64,sw64,16,16,16,256,512,0,128,none,0,none,0,4,20,3563110.0,2262.2920634920633,,,,,8192,,18.98502569721395,,,0,0.0,1,bf14b28d2af4128daa99f23eec8a5e105636d0b04136f8be580fdc39d6f1f97d,
04_smem_layout_address,layout_bf16_m128n128k16_sw64_off256,1,,NVIDIA Thor,11.0,580.00,13.0,PTX ISA 9.3 / CUDA 13.0,1575.000,,,,bf16,128,128,16,32,128,122,3,discard,same,4,4,32,1,nocount,sw64,sw64,16,16,16,256,512,0,128,none,0,none,0,4,20,3563110.0,2262.2920634920633,,,,,8192,,18.98502569721395,,,0,0.0,1,bf14b28d2af4128daa99f23eec8a5e105636d0b04136f8be580fdc39d6f1f97d,
04_smem_layout_address,layout_bf16_m128n128k16_sw64_off256,1,,NVIDIA Thor,11.0,580.00,13.0,PTX ISA 9.3 / CUDA 13.0,1575.000,,,,bf16,128,128,16,32,128,122,4,discard,same,4,4,32,1,nocount,sw64,sw64,16,16,16,256,512,0,128,none,0,none,0,4,20,3563107.0,2262.290158730159,,,,,8192,,18.985041681880446,,,0,0.0,1,bf14b28d2af4128daa99f23eec8a5e105636d0b04136f8be580fdc39d6f1f97d,
04_smem_layout_address,layout_fp16_m128n128k16_sw64_off128,1,,NVIDIA Thor,11.0,580.00,13.0,PTX ISA 9.3 / CUDA 13.0,1575.000,,,,fp16,128,128,16,32,128,123,0,discard,same,4,4,32,1,nocount,sw64,sw64,16,16,16,128,512,0,128,none,0,none,0,4,20,3562980.0,2262.209523809524,,,,,8192,,18.98571839078524,,,0,0.0,1,bf14b28d2af4128daa99f23eec8a5e105636d0b04136f8be580fdc39d6f1f97d,; UTCHMMA=21;UTCHMMA_WS=16;UTCBAR=1;UTCATOMSWS=3;SYNCS_TRYWAIT=8;LDS=21;LDG=9;ptx_tcgen05_mma=21;ptx_tcgen05_mma_ws=16;ptx_tcgen05_commit=1;ptx_tcgen05_alloc=1;ptx_tcgen05_dealloc=1;ptx_tcgen05_ld=5;ptx_tcgen05_st=5;ptx_mbarrier_wait=5;ptx_cp_async_tma=2;ptx_ld_shared=26;ptx_ld_global=7
04_smem_layout_address,layout_fp16_m128n128k16_sw64_off128,1,,NVIDIA Thor,11.0,580.00,13.0,PTX ISA 9.3 / CUDA 13.0,1575.000,,,,fp16,128,128,16,32,128,123,1,discard,same,4,4,32,1,nocount,sw64,sw64,16,16,16,128,512,0,128,none,0,none,0,4,20,3562779.0,2262.0819047619048,,,,,8192,,18.986789501116967,,,0,0.0,1,bf14b28d2af4128daa99f23eec8a5e105636d0b04136f8be580fdc39d6f1f97d,
04_smem_layout_address,layout_fp16_m128n128k16_sw64_off128,1,,NVIDIA Thor,11.0,580.00,13.0,PTX ISA 9.3 / CUDA 13.0,1575.000,,,,fp16,128,128,16,32,128,123,2,discard,same,4,4,32,1,nocount,sw64,sw64,16,16,16,128,512,0,128,none,0,none,0,4,20,3563116.0,2262.295873015873,,,,,8192,,18.984993727961708,,,0,0.0,1,bf14b28d2af4128daa99f23eec8a5e105636d0b04136f8be580fdc39d6f1f97d,
04_smem_layout_address,layout_fp16_m128n128k16_sw64_off128,1,,NVIDIA Thor,11.0,580.00,13.0,PTX ISA 9.3 / CUDA 13.0,1575.000,,,,fp16,128,128,16,32,128,123,3,discard,same,4,4,32,1,nocount,sw64,sw64,16,16,16,128,512,0,128,none,0,none,0,4,20,3563110.0,2262.2920634920633,,,,,8192,,18.98502569721395,,,0,0.0,1,bf14b28d2af4128daa99f23eec8a5e105636d0b04136f8be580fdc39d6f1f97d,
04_smem_layout_address,layout_fp16_m128n128k16_sw64_off128,1,,NVIDIA Thor,11.0,580.00,13.0,PTX ISA 9.3 / CUDA 13.0,1575.000,,,,fp16,128,128,16,32,128,123,4,discard,same,4,4,32,1,nocount,sw64,sw64,16,16,16,128,512,0,128,none,0,none,0,4,20,3563116.0,2262.295873015873,,,,,8192,,18.984993727961708,,,0,0.0,1,bf14b28d2af4128daa99f23eec8a5e105636d0b04136f8be580fdc39d6f1f97d,
04_smem_layout_address,layout_fp16_m128n64k16_sw32_off256,1,,NVIDIA Thor,11.0,580.00,13.0,PTX ISA 9.3 / CUDA 13.0,1575.000,,,,fp16,128,64,16,32,128,124,0,discard,same,8,8,32,1,nocount,sw32,sw32,16,16,16,256,512,0,64,none,0,none,0,4,20,3387376.0,2150.7149206349204,,,,,6144,,9.984975820812334,,,0,0.0,1,bf14b28d2af4128daa99f23eec8a5e105636d0b04136f8be580fdc39d6f1f97d,; UTCHMMA=21;UTCHMMA_WS=16;UTCBAR=1;UTCATOMSWS=3;SYNCS_TRYWAIT=8;LDS=21;LDG=9;ptx_tcgen05_mma=21;ptx_tcgen05_mma_ws=16;ptx_tcgen05_commit=1;ptx_tcgen05_alloc=1;ptx_tcgen05_dealloc=1;ptx_tcgen05_ld=5;ptx_tcgen05_st=5;ptx_mbarrier_wait=5;ptx_cp_async_tma=2;ptx_ld_shared=26;ptx_ld_global=7
04_smem_layout_address,layout_fp16_m128n64k16_sw32_off256,1,,NVIDIA Thor,11.0,580.00,13.0,PTX ISA 9.3 / CUDA 13.0,1575.000,,,,fp16,128,64,16,32,128,124,1,discard,same,8,8,32,1,nocount,sw32,sw32,16,16,16,256,512,0,64,none,0,none,0,4,20,3387374.0,2150.7136507936507,,,,,6144,,9.984981716220295,,,0,0.0,1,bf14b28d2af4128daa99f23eec8a5e105636d0b04136f8be580fdc39d6f1f97d,
04_smem_layout_address,layout_fp16_m128n64k16_sw32_off256,1,,NVIDIA Thor,11.0,580.00,13.0,PTX ISA 9.3 / CUDA 13.0,1575.000,,,,fp16,128,64,16,32,128,124,2,discard,same,8,8,32,1,nocount,sw32,sw32,16,16,16,256,512,0,64,none,0,none,0,4,20,3387378.0,2150.71619047619,,,,,6144,,9.984969925411336,,,0,0.0,1,bf14b28d2af4128daa99f23eec8a5e105636d0b04136f8be580fdc39d6f1f97d,
04_smem_layout_address,layout_fp16_m128n64k16_sw32_off256,1,,NVIDIA Thor,11.0,580.00,13.0,PTX ISA 9.3 / CUDA 13.0,1575.000,,,,fp16,128,64,16,32,128,124,3,discard,same,8,8,32,1,nocount,sw32,sw32,16,16,16,256,512,0,64,none,0,none,0,4,20,3387486.0,2150.7847619047616,,,,,6144,,9.98465158409511,,,0,0.0,1,bf14b28d2af4128daa99f23eec8a5e105636d0b04136f8be580fdc39d6f1f97d,
04_smem_layout_address,layout_fp16_m128n64k16_sw32_off256,1,,NVIDIA Thor,11.0,580.00,13.0,PTX ISA 9.3 / CUDA 13.0,1575.000,,,,fp16,128,64,16,32,128,124,4,discard,same,8,8,32,1,nocount,sw32,sw32,16,16,16,256,512,0,64,none,0,none,0,4,20,3387371.0,2150.711746031746,,,,,6144,,9.984990559345285,,,0,0.0,1,bf14b28d2af4128daa99f23eec8a5e105636d0b04136f8be580fdc39d6f1f97d,
04_smem_layout_address,layout_fp16_m128n128k16_sw64_off32,0,misaligned address,,,580.00,13.0,PTX ISA 9.3 / CUDA 13.0,1575.000,,,,fp16,128,128,16,32,128,125,0,discard,same,4,4,32,1,nocount,sw64,sw64,16,16,16,32,512,0,128,none,0,none,0,4,,nan,nan,,,,,8192,,,,,,nan,0,bf14b28d2af4128daa99f23eec8a5e105636d0b04136f8be580fdc39d6f1f97d,; UTCHMMA=21;UTCHMMA_WS=16;UTCBAR=1;UTCATOMSWS=3;SYNCS_TRYWAIT=8;LDS=21;LDG=9;ptx_tcgen05_mma=21;ptx_tcgen05_mma_ws=16;ptx_tcgen05_commit=1;ptx_tcgen05_alloc=1;ptx_tcgen05_dealloc=1;ptx_tcgen05_ld=5;ptx_tcgen05_st=5;ptx_mbarrier_wait=5;ptx_cp_async_tma=2;ptx_ld_shared=26;ptx_ld_global=7
04_smem_layout_address,layout_fp16_m128n128k16_sw64_off32,0,misaligned address,,,580.00,13.0,PTX ISA 9.3 / CUDA 13.0,1575.000,,,,fp16,128,128,16,32,128,125,1,discard,same,4,4,32,1,nocount,sw64,sw64,16,16,16,32,512,0,128,none,0,none,0,4,,nan,nan,,,,,8192,,,,,,nan,0,bf14b28d2af4128daa99f23eec8a5e105636d0b04136f8be580fdc39d6f1f97d,
04_smem_layout_address,layout_fp16_m128n128k16_sw64_off32,0,misaligned address,,,580.00,13.0,PTX ISA 9.3 / CUDA 13.0,1575.000,,,,fp16,128,128,16,32,128,125,2,discard,same,4,4,32,1,nocount,sw64,sw64,16,16,16,32,512,0,128,none,0,none,0,4,,nan,nan,,,,,8192,,,,,,nan,0,bf14b28d2af4128daa99f23eec8a5e105636d0b04136f8be580fdc39d6f1f97d,
04_smem_layout_address,layout_fp16_m128n128k16_sw64_off32,0,misaligned address,,,580.00,13.0,PTX ISA 9.3 / CUDA 13.0,1575.000,,,,fp16,128,128,16,32,128,125,3,discard,same,4,4,32,1,nocount,sw64,sw64,16,16,16,32,512,0,128,none,0,none,0,4,,nan,nan,,,,,8192,,,,,,nan,0,bf14b28d2af4128daa99f23eec8a5e105636d0b04136f8be580fdc39d6f1f97d,
04_smem_layout_address,layout_fp16_m128n128k16_sw64_off32,0,misaligned address,,,580.00,13.0,PTX ISA 9.3 / CUDA 13.0,1575.000,,,,fp16,128,128,16,32,128,125,4,discard,same,4,4,32,1,nocount,sw64,sw64,16,16,16,32,512,0,128,none,0,none,0,4,,nan,nan,,,,,8192,,,,,,nan,0,bf14b28d2af4128daa99f23eec8a5e105636d0b04136f8be580fdc39d6f1f97d,
04_smem_layout_address,layout_fp16_m128n256k16_none_off256,0,max_abs_error>0.05,NVIDIA Thor,11.0,580.00,13.0,PTX ISA 9.3 / CUDA 13.0,1575.000,,,,fp16,128,256,16,32,128,126,0,discard,same,2,2,32,1,nocount,none,none,16,16,16,256,512,0,256,none,0,none,0,4,20,3678178.0,2335.351111111111,,,,,12288,,36.78219755107013,,,0,0.83203125,1,bf14b28d2af4128daa99f23eec8a5e105636d0b04136f8be580fdc39d6f1f97d,; UTCHMMA=21;UTCHMMA_WS=16;UTCBAR=1;UTCATOMSWS=3;SYNCS_TRYWAIT=8;LDS=21;LDG=9;ptx_tcgen05_mma=21;ptx_tcgen05_mma_ws=16;ptx_tcgen05_commit=1;ptx_tcgen05_alloc=1;ptx_tcgen05_dealloc=1;ptx_tcgen05_ld=5;ptx_tcgen05_st=5;ptx_mbarrier_wait=5;ptx_cp_async_tma=2;ptx_ld_shared=26;ptx_ld_global=7
04_smem_layout_address,layout_fp16_m128n256k16_none_off256,0,max_abs_error>0.05,NVIDIA Thor,11.0,580.00,13.0,PTX ISA 9.3 / CUDA 13.0,1575.000,,,,fp16,128,256,16,32,128,126,1,discard,same,2,2,32,1,nocount,none,none,16,16,16,256,512,0,256,none,0,none,0,4,20,3678182.0,2335.353650793651,,,,,12288,,36.78215755065954,,,0,0.83203125,1,bf14b28d2af4128daa99f23eec8a5e105636d0b04136f8be580fdc39d6f1f97d,
04_smem_layout_address,layout_fp16_m128n256k16_none_off256,0,max_abs_error>0.05,NVIDIA Thor,11.0,580.00,13.0,PTX ISA 9.3 / CUDA 13.0,1575.000,,,,fp16,128,256,16,32,128,126,2,discard,same,2,2,32,1,nocount,none,none,16,16,16,256,512,0,256,none,0,none,0,4,20,3678183.0,2335.3542857142857,,,,,12288,,36.782147550570485,,,0,0.83203125,1,bf14b28d2af4128daa99f23eec8a5e105636d0b04136f8be580fdc39d6f1f97d,
04_smem_layout_address,layout_fp16_m128n256k16_none_off256,0,max_abs_error>0.05,NVIDIA Thor,11.0,580.00,13.0,PTX ISA 9.3 / CUDA 13.0,1575.000,,,,fp16,128,256,16,32,128,126,3,discard,same,2,2,32,1,nocount,none,none,16,16,16,256,512,0,256,none,0,none,0,4,20,3678179.0,2335.351746031746,,,,,12288,,36.78218755095932,,,0,0.83203125,1,bf14b28d2af4128daa99f23eec8a5e105636d0b04136f8be580fdc39d6f1f97d,
04_smem_layout_address,layout_fp16_m128n256k16_none_off256,0,max_abs_error>0.05,NVIDIA Thor,11.0,580.00,13.0,PTX ISA 9.3 / CUDA 13.0,1575.000,,,,fp16,128,256,16,32,128,126,4,discard,same,2,2,32,1,nocount,none,none,16,16,16,256,512,0,256,none,0,none,0,4,20,3678182.0,2335.353650793651,,,,,12288,,36.78215755065954,,,0,0.83203125,1,bf14b28d2af4128daa99f23eec8a5e105636d0b04136f8be580fdc39d6f1f97d,
04_smem_layout_address,layout_bf16_m128n256k16_sw64_off128,1,,NVIDIA Thor,11.0,580.00,13.0,PTX ISA 9.3 / CUDA 13.0,1575.000,,,,bf16,128,256,16,32,128,127,0,discard,same,2,2,32,1,nocount,sw64,sw64,16,16,16,128,512,0,256,none,0,none,0,4,20,3562249.0,2261.7453968253967,,,,,12288,,37.979228802927594,,,0,0.0,1,bf14b28d2af4128daa99f23eec8a5e105636d0b04136f8be580fdc39d6f1f97d,; UTCHMMA=21;UTCHMMA_WS=16;UTCBAR=1;UTCATOMSWS=3;SYNCS_TRYWAIT=8;LDS=21;LDG=9;ptx_tcgen05_mma=21;ptx_tcgen05_mma_ws=16;ptx_tcgen05_commit=1;ptx_tcgen05_alloc=1;ptx_tcgen05_dealloc=1;ptx_tcgen05_ld=5;ptx_tcgen05_st=5;ptx_mbarrier_wait=5;ptx_cp_async_tma=2;ptx_ld_shared=26;ptx_ld_global=7
04_smem_layout_address,layout_bf16_m128n256k16_sw64_off128,1,,NVIDIA Thor,11.0,580.00,13.0,PTX ISA 9.3 / CUDA 13.0,1575.000,,,,bf16,128,256,16,32,128,127,1,discard,same,2,2,32,1,nocount,sw64,sw64,16,16,16,128,512,0,256,none,0,none,0,4,20,3562240.0,2261.7396825396822,,,,,12288,,37.979324757455984,,,0,0.0,1,bf14b28d2af4128daa99f23eec8a5e105636d0b04136f8be580fdc39d6f1f97d,
04_smem_layout_address,layout_bf16_m128n256k16_sw64_off128,1,,NVIDIA Thor,11.0,580.00,13.0,PTX ISA 9.3 / CUDA 13.0,1575.000,,,,bf16,128,256,16,32,128,127,2,discard,same,2,2,32,1,nocount,sw64,sw64,16,16,16,128,512,0,256,none,0,none,0,4,20,3562226.0,2261.7307936507937,,,,,12288,,37.97947402101944,,,0,0.0,1,bf14b28d2af4128daa99f23eec8a5e105636d0b04136f8be580fdc39d6f1f97d,
04_smem_layout_address,layout_bf16_m128n256k16_sw64_off128,1,,NVIDIA Thor,11.0,580.00,13.0,PTX ISA 9.3 / CUDA 13.0,1575.000,,,,bf16,128,256,16,32,128,127,3,discard,same,2,2,32,1,nocount,sw64,sw64,16,16,16,128,512,0,256,none,0,none,0,4,20,3562233.0,2261.735238095238,,,,,12288,,37.979399389091064,,,0,0.0,1,bf14b28d2af4128daa99f23eec8a5e105636d0b04136f8be580fdc39d6f1f97d,
04_smem_layout_address,layout_bf16_m128n256k16_sw64_off128,1,,NVIDIA Thor,11.0,580.00,13.0,PTX ISA 9.3 / CUDA 13.0,1575.000,,,,bf16,128,256,16,32,128,127,4,discard,same,2,2,32,1,nocount,sw64,sw64,16,16,16,128,512,0,256,none,0,none,0,4,20,3562232.0,2261.7346031746033,,,,,12288,,37.979410050777155,,,0,0.0,1,bf14b28d2af4128daa99f23eec8a5e105636d0b04136f8be580fdc39d6f1f97d,
04_smem_layout_address,layout_bf16_m128n64k16_none_off256,0,max_abs_error>0.25,NVIDIA Thor,11.0,580.00,13.0,PTX ISA 9.3 / CUDA 13.0,1575.000,,,,bf16,128,64,16,32,128,128,0,discard,same,8,8,32,1,nocount,none,none,16,16,16,256,512,0,64,none,0,none,0,4,20,3678584.0,2335.608888888889,,,,,6144,,9.194534488270486,,,0,0.83203125,1,bf14b28d2af4128daa99f23eec8a5e105636d0b04136f8be580fdc39d6f1f97d,; UTCHMMA=21;UTCHMMA_WS=16;UTCBAR=1;UTCATOMSWS=3;SYNCS_TRYWAIT=8;LDS=21;LDG=9;ptx_tcgen05_mma=21;ptx_tcgen05_mma_ws=16;ptx_tcgen05_commit=1;ptx_tcgen05_alloc=1;ptx_tcgen05_dealloc=1;ptx_tcgen05_ld=5;ptx_tcgen05_st=5;ptx_mbarrier_wait=5;ptx_cp_async_tma=2;ptx_ld_shared=26;ptx_ld_global=7
04_smem_layout_address,layout_bf16_m128n64k16_none_off256,0,max_abs_error>0.25,NVIDIA Thor,11.0,580.00,13.0,PTX ISA 9.3 / CUDA 13.0,1575.000,,,,bf16,128,64,16,32,128,128,1,discard,same,8,8,32,1,nocount,none,none,16,16,16,256,512,0,64,none,0,none,0,4,20,3678621.0,2335.632380952381,,,,,6144,,9.194442008567885,,,0,0.83203125,1,bf14b28d2af4128daa99f23eec8a5e105636d0b04136f8be580fdc39d6f1f97d,
04_smem_layout_address,layout_bf16_m128n64k16_none_off256,0,max_abs_error>0.25,NVIDIA Thor,11.0,580.00,13.0,PTX ISA 9.3 / CUDA 13.0,1575.000,,,,bf16,128,64,16,32,128,128,2,discard,same,8,8,32,1,nocount,none,none,16,16,16,256,512,0,64,none,0,none,0,4,20,3678584.0,2335.608888888889,,,,,6144,,9.194534488270486,,,0,0.83203125,1,bf14b28d2af4128daa99f23eec8a5e105636d0b04136f8be580fdc39d6f1f97d,
04_smem_layout_address,layout_bf16_m128n64k16_none_off256,0,max_abs_error>0.25,NVIDIA Thor,11.0,580.00,13.0,PTX ISA 9.3 / CUDA 13.0,1575.000,,,,bf16,128,64,16,32,128,128,3,discard,same,8,8,32,1,nocount,none,none,16,16,16,256,512,0,64,none,0,none,0,4,20,3678580.0,2335.606349206349,,,,,6144,,9.194544486187606,,,0,0.83203125,1,bf14b28d2af4128daa99f23eec8a5e105636d0b04136f8be580fdc39d6f1f97d,
04_smem_layout_address,layout_bf16_m128n64k16_none_off256,0,max_abs_error>0.25,NVIDIA Thor,11.0,580.00,13.0,PTX ISA 9.3 / CUDA 13.0,1575.000,,,,bf16,128,64,16,32,128,128,4,discard,same,8,8,32,1,nocount,none,none,16,16,16,256,512,0,64,none,0,none,0,4,20,3678618.0,2335.630476190476,,,,,6144,,9.194449506852843,,,0,0.83203125,1,bf14b28d2af4128daa99f23eec8a5e105636d0b04136f8be580fdc39d6f1f97d,
04_smem_layout_address,layout_fp16_m128n64k16_sw128_off16,0,misaligned address,,,580.00,13.0,PTX ISA 9.3 / CUDA 13.0,1575.000,,,,fp16,128,64,16,32,128,129,0,discard,same,8,8,32,1,nocount,sw128,sw128,16,16,16,16,512,0,64,none,0,none,0,4,,nan,nan,,,,,6144,,,,,,nan,0,bf14b28d2af4128daa99f23eec8a5e105636d0b04136f8be580fdc39d6f1f97d,; UTCHMMA=21;UTCHMMA_WS=16;UTCBAR=1;UTCATOMSWS=3;SYNCS_TRYWAIT=8;LDS=21;LDG=9;ptx_tcgen05_mma=21;ptx_tcgen05_mma_ws=16;ptx_tcgen05_commit=1;ptx_tcgen05_alloc=1;ptx_tcgen05_dealloc=1;ptx_tcgen05_ld=5;ptx_tcgen05_st=5;ptx_mbarrier_wait=5;ptx_cp_async_tma=2;ptx_ld_shared=26;ptx_ld_global=7
04_smem_layout_address,layout_fp16_m128n64k16_sw128_off16,0,misaligned address,,,580.00,13.0,PTX ISA 9.3 / CUDA 13.0,1575.000,,,,fp16,128,64,16,32,128,129,1,discard,same,8,8,32,1,nocount,sw128,sw128,16,16,16,16,512,0,64,none,0,none,0,4,,nan,nan,,,,,6144,,,,,,nan,0,bf14b28d2af4128daa99f23eec8a5e105636d0b04136f8be580fdc39d6f1f97d,
04_smem_layout_address,layout_fp16_m128n64k16_sw128_off16,0,misaligned address,,,580.00,13.0,PTX ISA 9.3 / CUDA 13.0,1575.000,,,,fp16,128,64,16,32,128,129,2,discard,same,8,8,32,1,nocount,sw128,sw128,16,16,16,16,512,0,64,none,0,none,0,4,,nan,nan,,,,,6144,,,,,,nan,0,bf14b28d2af4128daa99f23eec8a5e105636d0b04136f8be580fdc39d6f1f97d,
04_smem_layout_address,layout_fp16_m128n64k16_sw128_off16,0,misaligned address,,,580.00,13.0,PTX ISA 9.3 / CUDA 13.0,1575.000,,,,fp16,128,64,16,32,128,129,3,discard,same,8,8,32,1,nocount,sw128,sw128,16,16,16,16,512,0,64,none,0,none,0,4,,nan,nan,,,,,6144,,,,,,nan,0,bf14b28d2af4128daa99f23eec8a5e105636d0b04136f8be580fdc39d6f1f97d,
04_smem_layout_address,layout_fp16_m128n64k16_sw128_off16,0,misaligned address,,,580.00,13.0,PTX ISA 9.3 / CUDA 13.0,1575.000,,,,fp16,128,64,16,32,128,129,4,discard,same,8,8,32,1,nocount,sw128,sw128,16,16,16,16,512,0,64,none,0,none,0,4,,nan,nan,,,,,6144,,,,,,nan,0,bf14b28d2af4128daa99f23eec8a5e105636d0b04136f8be580fdc39d6f1f97d,
04_smem_layout_address,layout_bf16_m128n256k16_none_off16,0,misaligned address,,,580.00,13.0,PTX ISA 9.3 / CUDA 13.0,1575.000,,,,bf16,128,256,16,32,128,130,0,discard,same,2,2,32,1,nocount,none,none,16,16,16,16,512,0,256,none,0,none,0,4,,nan,nan,,,,,12288,,,,,,nan,0,bf14b28d2af4128daa99f23eec8a5e105636d0b04136f8be580fdc39d6f1f97d,; UTCHMMA=21;UTCHMMA_WS=16;UTCBAR=1;UTCATOMSWS=3;SYNCS_TRYWAIT=8;LDS=21;LDG=9;ptx_tcgen05_mma=21;ptx_tcgen05_mma_ws=16;ptx_tcgen05_commit=1;ptx_tcgen05_alloc=1;ptx_tcgen05_dealloc=1;ptx_tcgen05_ld=5;ptx_tcgen05_st=5;ptx_mbarrier_wait=5;ptx_cp_async_tma=2;ptx_ld_shared=26;ptx_ld_global=7
04_smem_layout_address,layout_bf16_m128n256k16_none_off16,0,misaligned address,,,580.00,13.0,PTX ISA 9.3 / CUDA 13.0,1575.000,,,,bf16,128,256,16,32,128,130,1,discard,same,2,2,32,1,nocount,none,none,16,16,16,16,512,0,256,none,0,none,0,4,,nan,nan,,,,,12288,,,,,,nan,0,bf14b28d2af4128daa99f23eec8a5e105636d0b04136f8be580fdc39d6f1f97d,
04_smem_layout_address,layout_bf16_m128n256k16_none_off16,0,misaligned address,,,580.00,13.0,PTX ISA 9.3 / CUDA 13.0,1575.000,,,,bf16,128,256,16,32,128,130,2,discard,same,2,2,32,1,nocount,none,none,16,16,16,16,512,0,256,none,0,none,0,4,,nan,nan,,,,,12288,,,,,,nan,0,bf14b28d2af4128daa99f23eec8a5e105636d0b04136f8be580fdc39d6f1f97d,
04_smem_layout_address,layout_bf16_m128n256k16_none_off16,0,misaligned address,,,580.00,13.0,PTX ISA 9.3 / CUDA 13.0,1575.000,,,,bf16,128,256,16,32,128,130,3,discard,same,2,2,32,1,nocount,none,none,16,16,16,16,512,0,256,none,0,none,0,4,,nan,nan,,,,,12288,,,,,,nan,0,bf14b28d2af4128daa99f23eec8a5e105636d0b04136f8be580fdc39d6f1f97d,
04_smem_layout_address,layout_bf16_m128n256k16_none_off16,0,misaligned address,,,580.00,13.0,PTX ISA 9.3 / CUDA 13.0,1575.000,,,,bf16,128,256,16,32,128,130,4,discard,same,2,2,32,1,nocount,none,none,16,16,16,16,512,0,256,none,0,none,0,4,,nan,nan,,,,,12288,,,,,,nan,0,bf14b28d2af4128daa99f23eec8a5e105636d0b04136f8be580fdc39d6f1f97d,
04_smem_layout_address,layout_bf16_m128n64k16_sw32_off16,0,misaligned address,,,580.00,13.0,PTX ISA 9.3 / CUDA 13.0,1575.000,,,,bf16,128,64,16,32,128,131,0,discard,same,8,8,32,1,nocount,sw32,sw32,16,16,16,16,512,0,64,none,0,none,0,4,,nan,nan,,,,,6144,,,,,,nan,0,bf14b28d2af4128daa99f23eec8a5e105636d0b04136f8be580fdc39d6f1f97d,; UTCHMMA=21;UTCHMMA_WS=16;UTCBAR=1;UTCATOMSWS=3;SYNCS_TRYWAIT=8;LDS=21;LDG=9;ptx_tcgen05_mma=21;ptx_tcgen05_mma_ws=16;ptx_tcgen05_commit=1;ptx_tcgen05_alloc=1;ptx_tcgen05_dealloc=1;ptx_tcgen05_ld=5;ptx_tcgen05_st=5;ptx_mbarrier_wait=5;ptx_cp_async_tma=2;ptx_ld_shared=26;ptx_ld_global=7
04_smem_layout_address,layout_bf16_m128n64k16_sw32_off16,0,misaligned address,,,580.00,13.0,PTX ISA 9.3 / CUDA 13.0,1575.000,,,,bf16,128,64,16,32,128,131,1,discard,same,8,8,32,1,nocount,sw32,sw32,16,16,16,16,512,0,64,none,0,none,0,4,,nan,nan,,,,,6144,,,,,,nan,0,bf14b28d2af4128daa99f23eec8a5e105636d0b04136f8be580fdc39d6f1f97d,
04_smem_layout_address,layout_bf16_m128n64k16_sw32_off16,0,misaligned address,,,580.00,13.0,PTX ISA 9.3 / CUDA 13.0,1575.000,,,,bf16,128,64,16,32,128,131,2,discard,same,8,8,32,1,nocount,sw32,sw32,16,16,16,16,512,0,64,none,0,none,0,4,,nan,nan,,,,,6144,,,,,,nan,0,bf14b28d2af4128daa99f23eec8a5e105636d0b04136f8be580fdc39d6f1f97d,
04_smem_layout_address,layout_bf16_m128n64k16_sw32_off16,0,misaligned address,,,580.00,13.0,PTX ISA 9.3 / CUDA 13.0,1575.000,,,,bf16,128,64,16,32,128,131,3,discard,same,8,8,32,1,nocount,sw32,sw32,16,16,16,16,512,0,64,none,0,none,0,4,,nan,nan,,,,,6144,,,,,,nan,0,bf14b28d2af4128daa99f23eec8a5e105636d0b04136f8be580fdc39d6f1f97d,
04_smem_layout_address,layout_bf16_m128n64k16_sw32_off16,0,misaligned address,,,580.00,13.0,PTX ISA 9.3 / CUDA 13.0,1575.000,,,,bf16,128,64,16,32,128,131,4,discard,same,8,8,32,1,nocount,sw32,sw32,16,16,16,16,512,0,64,none,0,none,0,4,,nan,nan,,,,,6144,,,,,,nan,0,bf14b28d2af4128daa99f23eec8a5e105636d0b04136f8be580fdc39d6f1f97d,
04_smem_layout_address,layout_fp16_m128n64k16_none_off0,0,max_abs_error>0.05,NVIDIA Thor,11.0,580.00,13.0,PTX ISA 9.3 / CUDA 13.0,1575.000,,,,fp16,128,64,16,32,128,132,0,discard,same,8,8,32,1,nocount,none,none,16,16,16,0,512,0,64,none,0,none,0,4,20,3678575.0,2335.603174603175,,,,,6144,,9.194556983614579,,,0,0.83203125,1,bf14b28d2af4128daa99f23eec8a5e105636d0b04136f8be580fdc39d6f1f97d,; UTCHMMA=21;UTCHMMA_WS=16;UTCBAR=1;UTCATOMSWS=3;SYNCS_TRYWAIT=8;LDS=21;LDG=9;ptx_tcgen05_mma=21;ptx_tcgen05_mma_ws=16;ptx_tcgen05_commit=1;ptx_tcgen05_alloc=1;ptx_tcgen05_dealloc=1;ptx_tcgen05_ld=5;ptx_tcgen05_st=5;ptx_mbarrier_wait=5;ptx_cp_async_tma=2;ptx_ld_shared=26;ptx_ld_global=7
04_smem_layout_address,layout_fp16_m128n64k16_none_off0,0,max_abs_error>0.05,NVIDIA Thor,11.0,580.00,13.0,PTX ISA 9.3 / CUDA 13.0,1575.000,,,,fp16,128,64,16,32,128,132,1,discard,same,8,8,32,1,nocount,none,none,16,16,16,0,512,0,64,none,0,none,0,4,20,3678575.0,2335.603174603175,,,,,6144,,9.194556983614579,,,0,0.83203125,1,bf14b28d2af4128daa99f23eec8a5e105636d0b04136f8be580fdc39d6f1f97d,
04_smem_layout_address,layout_fp16_m128n64k16_none_off0,0,max_abs_error>0.05,NVIDIA Thor,11.0,580.00,13.0,PTX ISA 9.3 / CUDA 13.0,1575.000,,,,fp16,128,64,16,32,128,132,2,discard,same,8,8,32,1,nocount,none,none,16,16,16,0,512,0,64,none,0,none,0,4,20,3678588.0,2335.6114285714284,,,,,6144,,9.19452449037511,,,0,0.83203125,1,bf14b28d2af4128daa99f23eec8a5e105636d0b04136f8be580fdc39d6f1f97d,
04_smem_layout_address,layout_fp16_m128n64k16_none_off0,0,max_abs_error>0.05,NVIDIA Thor,11.0,580.00,13.0,PTX ISA 9.3 / CUDA 13.0,1575.000,,,,fp16,128,64,16,32,128,132,3,discard,same,8,8,32,1,nocount,none,none,16,16,16,0,512,0,64,none,0,none,0,4,20,3678589.0,2335.6120634920635,,,,,6144,,9.194521990904665,,,0,0.83203125,1,bf14b28d2af4128daa99f23eec8a5e105636d0b04136f8be580fdc39d6f1f97d,
04_smem_layout_address,layout_fp16_m128n64k16_none_off0,0,max_abs_error>0.05,NVIDIA Thor,11.0,580.00,13.0,PTX ISA 9.3 / CUDA 13.0,1575.000,,,,fp16,128,64,16,32,128,132,4,discard,same,8,8,32,1,nocount,none,none,16,16,16,0,512,0,64,none,0,none,0,4,20,3678580.0,2335.606349206349,,,,,6144,,9.194544486187606,,,0,0.83203125,1,bf14b28d2af4128daa99f23eec8a5e105636d0b04136f8be580fdc39d6f1f97d,
04_smem_layout_address,layout_fp16_m128n128k16_sw32_off32,0,misaligned address,,,580.00,13.0,PTX ISA 9.3 / CUDA 13.0,1575.000,,,,fp16,128,128,16,32,128,133,0,discard,same,4,4,32,1,nocount,sw32,sw32,16,16,16,32,512,0,128,none,0,none,0,4,,nan,nan,,,,,8192,,,,,,nan,0,bf14b28d2af4128daa99f23eec8a5e105636d0b04136f8be580fdc39d6f1f97d,; UTCHMMA=21;UTCHMMA_WS=16;UTCBAR=1;UTCATOMSWS=3;SYNCS_TRYWAIT=8;LDS=21;LDG=9;ptx_tcgen05_mma=21;ptx_tcgen05_mma_ws=16;ptx_tcgen05_commit=1;ptx_tcgen05_alloc=1;ptx_tcgen05_dealloc=1;ptx_tcgen05_ld=5;ptx_tcgen05_st=5;ptx_mbarrier_wait=5;ptx_cp_async_tma=2;ptx_ld_shared=26;ptx_ld_global=7
04_smem_layout_address,layout_fp16_m128n128k16_sw32_off32,0,misaligned address,,,580.00,13.0,PTX ISA 9.3 / CUDA 13.0,1575.000,,,,fp16,128,128,16,32,128,133,1,discard,same,4,4,32,1,nocount,sw32,sw32,16,16,16,32,512,0,128,none,0,none,0,4,,nan,nan,,,,,8192,,,,,,nan,0,bf14b28d2af4128daa99f23eec8a5e105636d0b04136f8be580fdc39d6f1f97d,
04_smem_layout_address,layout_fp16_m128n128k16_sw32_off32,0,misaligned address,,,580.00,13.0,PTX ISA 9.3 / CUDA 13.0,1575.000,,,,fp16,128,128,16,32,128,133,2,discard,same,4,4,32,1,nocount,sw32,sw32,16,16,16,32,512,0,128,none,0,none,0,4,,nan,nan,,,,,8192,,,,,,nan,0,bf14b28d2af4128daa99f23eec8a5e105636d0b04136f8be580fdc39d6f1f97d,
04_smem_layout_address,layout_fp16_m128n128k16_sw32_off32,0,misaligned address,,,580.00,13.0,PTX ISA 9.3 / CUDA 13.0,1575.000,,,,fp16,128,128,16,32,128,133,3,discard,same,4,4,32,1,nocount,sw32,sw32,16,16,16,32,512,0,128,none,0,none,0,4,,nan,nan,,,,,8192,,,,,,nan,0,bf14b28d2af4128daa99f23eec8a5e105636d0b04136f8be580fdc39d6f1f97d,
04_smem_layout_address,layout_fp16_m128n128k16_sw32_off32,0,misaligned address,,,580.00,13.0,PTX ISA 9.3 / CUDA 13.0,1575.000,,,,fp16,128,128,16,32,128,133,4,discard,same,4,4,32,1,nocount,sw32,sw32,16,16,16,32,512,0,128,none,0,none,0,4,,nan,nan,,,,,8192,,,,,,nan,0,bf14b28d2af4128daa99f23eec8a5e105636d0b04136f8be580fdc39d6f1f97d,
04_smem_layout_address,layout_fp16_m128n128k16_sw128_off0,1,,NVIDIA Thor,11.0,580.00,13.0,PTX ISA 9.3 / CUDA 13.0,1575.000,,,,fp16,128,128,16,32,128,134,0,discard,same,4,4,32,1,nocount,sw128,sw128,16,16,16,0,512,0,128,none,0,none,0,4,20,3678994.0,2335.8692063492063,,,,,8192,,18.387019634171736,,,0,0.0,1,bf14b28d2af4128daa99f23eec8a5e105636d0b04136f8be580fdc39d6f1f97d,; UTCHMMA=21;UTCHMMA_WS=16;UTCBAR=1;UTCATOMSWS=3;SYNCS_TRYWAIT=8;LDS=21;LDG=9;ptx_tcgen05_mma=21;ptx_tcgen05_mma_ws=16;ptx_tcgen05_commit=1;ptx_tcgen05_alloc=1;ptx_tcgen05_dealloc=1;ptx_tcgen05_ld=5;ptx_tcgen05_st=5;ptx_mbarrier_wait=5;ptx_cp_async_tma=2;ptx_ld_shared=26;ptx_ld_global=7
04_smem_layout_address,layout_fp16_m128n128k16_sw128_off0,1,,NVIDIA Thor,11.0,580.00,13.0,PTX ISA 9.3 / CUDA 13.0,1575.000,,,,fp16,128,128,16,32,128,134,1,discard,same,4,4,32,1,nocount,sw128,sw128,16,16,16,0,512,0,128,none,0,none,0,4,20,3678962.0,2335.8488888888887,,,,,8192,,18.387179566410307,,,0,0.0,1,bf14b28d2af4128daa99f23eec8a5e105636d0b04136f8be580fdc39d6f1f97d,
04_smem_layout_address,layout_fp16_m128n128k16_sw128_off0,1,,NVIDIA Thor,11.0,580.00,13.0,PTX ISA 9.3 / CUDA 13.0,1575.000,,,,fp16,128,128,16,32,128,134,2,discard,same,4,4,32,1,nocount,sw128,sw128,16,16,16,0,512,0,128,none,0,none,0,4,20,3678987.0,2335.864761904762,,,,,8192,,18.387054619111183,,,0,0.0,1,bf14b28d2af4128daa99f23eec8a5e105636d0b04136f8be580fdc39d6f1f97d,
04_smem_layout_address,layout_fp16_m128n128k16_sw128_off0,1,,NVIDIA Thor,11.0,580.00,13.0,PTX ISA 9.3 / CUDA 13.0,1575.000,,,,fp16,128,128,16,32,128,134,3,discard,same,4,4,32,1,nocount,sw128,sw128,16,16,16,0,512,0,128,none,0,none,0,4,20,3678995.0,2335.869841269841,,,,,8192,,18.387014636334108,,,0,0.0,1,bf14b28d2af4128daa99f23eec8a5e105636d0b04136f8be580fdc39d6f1f97d,
04_smem_layout_address,layout_fp16_m128n128k16_sw128_off0,1,,NVIDIA Thor,11.0,580.00,13.0,PTX ISA 9.3 / CUDA 13.0,1575.000,,,,fp16,128,128,16,32,128,134,4,discard,same,4,4,32,1,nocount,sw128,sw128,16,16,16,0,512,0,128,none,0,none,0,4,20,3678994.0,2335.8692063492063,,,,,8192,,18.387019634171736,,,0,0.0,1,bf14b28d2af4128daa99f23eec8a5e105636d0b04136f8be580fdc39d6f1f97d,
04_smem_layout_address,layout_fp16_m128n256k16_sw128_off256,1,,NVIDIA Thor,11.0,580.00,13.0,PTX ISA 9.3 / CUDA 13.0,1575.000,,,,fp16,128,256,16,32,128,135,0,discard,same,2,2,32,1,nocount,sw128,sw128,16,16,16,256,512,0,256,none,0,none,0,4,20,3678178.0,2335.351111111111,,,,,12288,,36.78219755107013,,,0,0.0,1,bf14b28d2af4128daa99f23eec8a5e105636d0b04136f8be580fdc39d6f1f97d,; UTCHMMA=21;UTCHMMA_WS=16;UTCBAR=1;UTCATOMSWS=3;SYNCS_TRYWAIT=8;LDS=21;LDG=9;ptx_tcgen05_mma=21;ptx_tcgen05_mma_ws=16;ptx_tcgen05_commit=1;ptx_tcgen05_alloc=1;ptx_tcgen05_dealloc=1;ptx_tcgen05_ld=5;ptx_tcgen05_st=5;ptx_mbarrier_wait=5;ptx_cp_async_tma=2;ptx_ld_shared=26;ptx_ld_global=7
04_smem_layout_address,layout_fp16_m128n256k16_sw128_off256,1,,NVIDIA Thor,11.0,580.00,13.0,PTX ISA 9.3 / CUDA 13.0,1575.000,,,,fp16,128,256,16,32,128,135,1,discard,same,2,2,32,1,nocount,sw128,sw128,16,16,16,256,512,0,256,none,0,none,0,4,20,3678183.0,2335.3542857142857,,,,,12288,,36.782147550570485,,,0,0.0,1,bf14b28d2af4128daa99f23eec8a5e105636d0b04136f8be580fdc39d6f1f97d,
04_smem_layout_address,layout_fp16_m128n256k16_sw128_off256,1,,NVIDIA Thor,11.0,580.00,13.0,PTX ISA 9.3 / CUDA 13.0,1575.000,,,,fp16,128,256,16,32,128,135,2,discard,same,2,2,32,1,nocount,sw128,sw128,16,16,16,256,512,0,256,none,0,none,0,4,20,3678179.0,2335.351746031746,,,,,12288,,36.78218755095932,,,0,0.0,1,bf14b28d2af4128daa99f23eec8a5e105636d0b04136f8be580fdc39d6f1f97d,
04_smem_layout_address,layout_fp16_m128n256k16_sw128_off256,1,,NVIDIA Thor,11.0,580.00,13.0,PTX ISA 9.3 / CUDA 13.0,1575.000,,,,fp16,128,256,16,32,128,135,3,discard,same,2,2,32,1,nocount,sw128,sw128,16,16,16,256,512,0,256,none,0,none,0,4,20,3678180.0,2335.352380952381,,,,,12288,,36.78217755085395,,,0,0.0,1,bf14b28d2af4128daa99f23eec8a5e105636d0b04136f8be580fdc39d6f1f97d,
04_smem_layout_address,layout_fp16_m128n256k16_sw128_off256,1,,NVIDIA Thor,11.0,580.00,13.0,PTX ISA 9.3 / CUDA 13.0,1575.000,,,,fp16,128,256,16,32,128,135,4,discard,same,2,2,32,1,nocount,sw128,sw128,16,16,16,256,512,0,256,none,0,none,0,4,20,3678186.0,2335.3561904761905,,,,,12288,,36.782117550335954,,,0,0.0,1,bf14b28d2af4128daa99f23eec8a5e105636d0b04136f8be580fdc39d6f1f97d,
04_smem_layout_address,layout_bf16_m128n256k16_sw128_off16,0,misaligned address,,,580.00,13.0,PTX ISA 9.3 / CUDA 13.0,1575.000,,,,bf16,128,256,16,32,128,136,0,discard,same,2,2,32,1,nocount,sw128,sw128,16,16,16,16,512,0,256,none,0,none,0,4,,nan,nan,,,,,12288,,,,,,nan,0,bf14b28d2af4128daa99f23eec8a5e105636d0b04136f8be580fdc39d6f1f97d,; UTCHMMA=21;UTCHMMA_WS=16;UTCBAR=1;UTCATOMSWS=3;SYNCS_TRYWAIT=8;LDS=21;LDG=9;ptx_tcgen05_mma=21;ptx_tcgen05_mma_ws=16;ptx_tcgen05_commit=1;ptx_tcgen05_alloc=1;ptx_tcgen05_dealloc=1;ptx_tcgen05_ld=5;ptx_tcgen05_st=5;ptx_mbarrier_wait=5;ptx_cp_async_tma=2;ptx_ld_shared=26;ptx_ld_global=7
04_smem_layout_address,layout_bf16_m128n256k16_sw128_off16,0,misaligned address,,,580.00,13.0,PTX ISA 9.3 / CUDA 13.0,1575.000,,,,bf16,128,256,16,32,128,136,1,discard,same,2,2,32,1,nocount,sw128,sw128,16,16,16,16,512,0,256,none,0,none,0,4,,nan,nan,,,,,12288,,,,,,nan,0,bf14b28d2af4128daa99f23eec8a5e105636d0b04136f8be580fdc39d6f1f97d,
04_smem_layout_address,layout_bf16_m128n256k16_sw128_off16,0,misaligned address,,,580.00,13.0,PTX ISA 9.3 / CUDA 13.0,1575.000,,,,bf16,128,256,16,32,128,136,2,discard,same,2,2,32,1,nocount,sw128,sw128,16,16,16,16,512,0,256,none,0,none,0,4,,nan,nan,,,,,12288,,,,,,nan,0,bf14b28d2af4128daa99f23eec8a5e105636d0b04136f8be580fdc39d6f1f97d,
04_smem_layout_address,layout_bf16_m128n256k16_sw128_off16,0,misaligned address,,,580.00,13.0,PTX ISA 9.3 / CUDA 13.0,1575.000,,,,bf16,128,256,16,32,128,136,3,discard,same,2,2,32,1,nocount,sw128,sw128,16,16,16,16,512,0,256,none,0,none,0,4,,nan,nan,,,,,12288,,,,,,nan,0,bf14b28d2af4128daa99f23eec8a5e105636d0b04136f8be580fdc39d6f1f97d,
04_smem_layout_address,layout_bf16_m128n256k16_sw128_off16,0,misaligned address,,,580.00,13.0,PTX ISA 9.3 / CUDA 13.0,1575.000,,,,bf16,128,256,16,32,128,136,4,discard,same,2,2,32,1,nocount,sw128,sw128,16,16,16,16,512,0,256,none,0,none,0,4,,nan,nan,,,,,12288,,,,,,nan,0,bf14b28d2af4128daa99f23eec8a5e105636d0b04136f8be580fdc39d6f1f97d,
04_smem_layout_address,layout_fp16_m128n64k16_none_off64,0,misaligned address,,,580.00,13.0,PTX ISA 9.3 / CUDA 13.0,1575.000,,,,fp16,128,64,16,32,128,137,0,discard,same,8,8,32,1,nocount,none,none,16,16,16,64,512,0,64,none,0,none,0,4,,nan,nan,,,,,6144,,,,,,nan,0,bf14b28d2af4128daa99f23eec8a5e105636d0b04136f8be580fdc39d6f1f97d,; UTCHMMA=21;UTCHMMA_WS=16;UTCBAR=1;UTCATOMSWS=3;SYNCS_TRYWAIT=8;LDS=21;LDG=9;ptx_tcgen05_mma=21;ptx_tcgen05_mma_ws=16;ptx_tcgen05_commit=1;ptx_tcgen05_alloc=1;ptx_tcgen05_dealloc=1;ptx_tcgen05_ld=5;ptx_tcgen05_st=5;ptx_mbarrier_wait=5;ptx_cp_async_tma=2;ptx_ld_shared=26;ptx_ld_global=7
04_smem_layout_address,layout_fp16_m128n64k16_none_off64,0,misaligned address,,,580.00,13.0,PTX ISA 9.3 / CUDA 13.0,1575.000,,,,fp16,128,64,16,32,128,137,1,discard,same,8,8,32,1,nocount,none,none,16,16,16,64,512,0,64,none,0,none,0,4,,nan,nan,,,,,6144,,,,,,nan,0,bf14b28d2af4128daa99f23eec8a5e105636d0b04136f8be580fdc39d6f1f97d,
04_smem_layout_address,layout_fp16_m128n64k16_none_off64,0,misaligned address,,,580.00,13.0,PTX ISA 9.3 / CUDA 13.0,1575.000,,,,fp16,128,64,16,32,128,137,2,discard,same,8,8,32,1,nocount,none,none,16,16,16,64,512,0,64,none,0,none,0,4,,nan,nan,,,,,6144,,,,,,nan,0,bf14b28d2af4128daa99f23eec8a5e105636d0b04136f8be580fdc39d6f1f97d,
04_smem_layout_address,layout_fp16_m128n64k16_none_off64,0,misaligned address,,,580.00,13.0,PTX ISA 9.3 / CUDA 13.0,1575.000,,,,fp16,128,64,16,32,128,137,3,discard,same,8,8,32,1,nocount,none,none,16,16,16,64,512,0,64,none,0,none,0,4,,nan,nan,,,,,6144,,,,,,nan,0,bf14b28d2af4128daa99f23eec8a5e105636d0b04136f8be580fdc39d6f1f97d,
04_smem_layout_address,layout_fp16_m128n64k16_none_off64,0,misaligned address,,,580.00,13.0,PTX ISA 9.3 / CUDA 13.0,1575.000,,,,fp16,128,64,16,32,128,137,4,discard,same,8,8,32,1,nocount,none,none,16,16,16,64,512,0,64,none,0,none,0,4,,nan,nan,,,,,6144,,,,,,nan,0,bf14b28d2af4128daa99f23eec8a5e105636d0b04136f8be580fdc39d6f1f97d,
04_smem_layout_address,layout_bf16_m128n64k16_sw64_off64,0,misaligned address,,,580.00,13.0,PTX ISA 9.3 / CUDA 13.0,1575.000,,,,bf16,128,64,16,32,128,138,0,discard,same,8,8,32,1,nocount,sw64,sw64,16,16,16,64,512,0,64,none,0,none,0,4,,nan,nan,,,,,6144,,,,,,nan,0,bf14b28d2af4128daa99f23eec8a5e105636d0b04136f8be580fdc39d6f1f97d,; UTCHMMA=21;UTCHMMA_WS=16;UTCBAR=1;UTCATOMSWS=3;SYNCS_TRYWAIT=8;LDS=21;LDG=9;ptx_tcgen05_mma=21;ptx_tcgen05_mma_ws=16;ptx_tcgen05_commit=1;ptx_tcgen05_alloc=1;ptx_tcgen05_dealloc=1;ptx_tcgen05_ld=5;ptx_tcgen05_st=5;ptx_mbarrier_wait=5;ptx_cp_async_tma=2;ptx_ld_shared=26;ptx_ld_global=7
04_smem_layout_address,layout_bf16_m128n64k16_sw64_off64,0,misaligned address,,,580.00,13.0,PTX ISA 9.3 / CUDA 13.0,1575.000,,,,bf16,128,64,16,32,128,138,1,discard,same,8,8,32,1,nocount,sw64,sw64,16,16,16,64,512,0,64,none,0,none,0,4,,nan,nan,,,,,6144,,,,,,nan,0,bf14b28d2af4128daa99f23eec8a5e105636d0b04136f8be580fdc39d6f1f97d,
04_smem_layout_address,layout_bf16_m128n64k16_sw64_off64,0,misaligned address,,,580.00,13.0,PTX ISA 9.3 / CUDA 13.0,1575.000,,,,bf16,128,64,16,32,128,138,2,discard,same,8,8,32,1,nocount,sw64,sw64,16,16,16,64,512,0,64,none,0,none,0,4,,nan,nan,,,,,6144,,,,,,nan,0,bf14b28d2af4128daa99f23eec8a5e105636d0b04136f8be580fdc39d6f1f97d,
04_smem_layout_address,layout_bf16_m128n64k16_sw64_off64,0,misaligned address,,,580.00,13.0,PTX ISA 9.3 / CUDA 13.0,1575.000,,,,bf16,128,64,16,32,128,138,3,discard,same,8,8,32,1,nocount,sw64,sw64,16,16,16,64,512,0,64,none,0,none,0,4,,nan,nan,,,,,6144,,,,,,nan,0,bf14b28d2af4128daa99f23eec8a5e105636d0b04136f8be580fdc39d6f1f97d,
04_smem_layout_address,layout_bf16_m128n64k16_sw64_off64,0,misaligned address,,,580.00,13.0,PTX ISA 9.3 / CUDA 13.0,1575.000,,,,bf16,128,64,16,32,128,138,4,discard,same,8,8,32,1,nocount,sw64,sw64,16,16,16,64,512,0,64,none,0,none,0,4,,nan,nan,,,,,6144,,,,,,nan,0,bf14b28d2af4128daa99f23eec8a5e105636d0b04136f8be580fdc39d6f1f97d,
04_smem_layout_address,layout_bf16_m128n128k16_sw128_off256,1,,NVIDIA Thor,11.0,580.00,13.0,PTX ISA 9.3 / CUDA 13.0,1575.000,,,,bf16,128,128,16,32,128,139,0,discard,same,4,4,32,1,nocount,sw128,sw128,16,16,16,256,512,0,128,none,0,none,0,4,20,3678963.0,2335.849523809524,,,,,8192,,18.387174568485744,,,0,0.0,1,bf14b28d2af4128daa99f23eec8a5e105636d0b04136f8be580fdc39d6f1f97d,; UTCHMMA=21;UTCHMMA_WS=16;UTCBAR=1;UTCATOMSWS=3;SYNCS_TRYWAIT=8;LDS=21;LDG=9;ptx_tcgen05_mma=21;ptx_tcgen05_mma_ws=16;ptx_tcgen05_commit=1;ptx_tcgen05_alloc=1;ptx_tcgen05_dealloc=1;ptx_tcgen05_ld=5;ptx_tcgen05_st=5;ptx_mbarrier_wait=5;ptx_cp_async_tma=2;ptx_ld_shared=26;ptx_ld_global=7
04_smem_layout_address,layout_bf16_m128n128k16_sw128_off256,1,,NVIDIA Thor,11.0,580.00,13.0,PTX ISA 9.3 / CUDA 13.0,1575.000,,,,bf16,128,128,16,32,128,139,1,discard,same,4,4,32,1,nocount,sw128,sw128,16,16,16,256,512,0,128,none,0,none,0,4,20,3678990.0,2335.8666666666663,,,,,8192,,18.387039625549406,,,0,0.0,1,bf14b28d2af4128daa99f23eec8a5e105636d0b04136f8be580fdc39d6f1f97d,
04_smem_layout_address,layout_bf16_m128n128k16_sw128_off256,1,,NVIDIA Thor,11.0,580.00,13.0,PTX ISA 9.3 / CUDA 13.0,1575.000,,,,bf16,128,128,16,32,128,139,2,discard,same,4,4,32,1,nocount,sw128,sw128,16,16,16,256,512,0,128,none,0,none,0,4,20,3678987.0,2335.864761904762,,,,,8192,,18.387054619111183,,,0,0.0,1,bf14b28d2af4128daa99f23eec8a5e105636d0b04136f8be580fdc39d6f1f97d,
04_smem_layout_address,layout_bf16_m128n128k16_sw128_off256,1,,NVIDIA Thor,11.0,580.00,13.0,PTX ISA 9.3 / CUDA 13.0,1575.000,,,,bf16,128,128,16,32,128,139,3,discard,same,4,4,32,1,nocount,sw128,sw128,16,16,16,256,512,0,128,none,0,none,0,4,20,3678988.0,2335.8653968253966,,,,,8192,,18.387049621254544,,,0,0.0,1,bf14b28d2af4128daa99f23eec8a5e105636d0b04136f8be580fdc39d6f1f97d,
04_smem_layout_address,layout_bf16_m128n128k16_sw128_off256,1,,NVIDIA Thor,11.0,580.00,13.0,PTX ISA 9.3 / CUDA 13.0,1575.000,,,,bf16,128,128,16,32,128,139,4,discard,same,4,4,32,1,nocount,sw128,sw128,16,16,16,256,512,0,128,none,0,none,0,4,20,3678957.0,2335.845714285714,,,,,8192,,18.38720455607391,,,0,0.0,1,bf14b28d2af4128daa99f23eec8a5e105636d0b04136f8be580fdc39d6f1f97d,
04_smem_layout_address,layout_bf16_m128n64k16_sw128_off64,0,misaligned address,,,580.00,13.0,PTX ISA 9.3 / CUDA 13.0,1575.000,,,,bf16,128,64,16,32,128,140,0,discard,same,8,8,32,1,nocount,sw128,sw128,16,16,16,64,512,0,64,none,0,none,0,4,,nan,nan,,,,,6144,,,,,,nan,0,bf14b28d2af4128daa99f23eec8a5e105636d0b04136f8be580fdc39d6f1f97d,; UTCHMMA=21;UTCHMMA_WS=16;UTCBAR=1;UTCATOMSWS=3;SYNCS_TRYWAIT=8;LDS=21;LDG=9;ptx_tcgen05_mma=21;ptx_tcgen05_mma_ws=16;ptx_tcgen05_commit=1;ptx_tcgen05_alloc=1;ptx_tcgen05_dealloc=1;ptx_tcgen05_ld=5;ptx_tcgen05_st=5;ptx_mbarrier_wait=5;ptx_cp_async_tma=2;ptx_ld_shared=26;ptx_ld_global=7
04_smem_layout_address,layout_bf16_m128n64k16_sw128_off64,0,misaligned address,,,580.00,13.0,PTX ISA 9.3 / CUDA 13.0,1575.000,,,,bf16,128,64,16,32,128,140,1,discard,same,8,8,32,1,nocount,sw128,sw128,16,16,16,64,512,0,64,none,0,none,0,4,,nan,nan,,,,,6144,,,,,,nan,0,bf14b28d2af4128daa99f23eec8a5e105636d0b04136f8be580fdc39d6f1f97d,
04_smem_layout_address,layout_bf16_m128n64k16_sw128_off64,0,misaligned address,,,580.00,13.0,PTX ISA 9.3 / CUDA 13.0,1575.000,,,,bf16,128,64,16,32,128,140,2,discard,same,8,8,32,1,nocount,sw128,sw128,16,16,16,64,512,0,64,none,0,none,0,4,,nan,nan,,,,,6144,,,,,,nan,0,bf14b28d2af4128daa99f23eec8a5e105636d0b04136f8be580fdc39d6f1f97d,
04_smem_layout_address,layout_bf16_m128n64k16_sw128_off64,0,misaligned address,,,580.00,13.0,PTX ISA 9.3 / CUDA 13.0,1575.000,,,,bf16,128,64,16,32,128,140,3,discard,same,8,8,32,1,nocount,sw128,sw128,16,16,16,64,512,0,64,none,0,none,0,4,,nan,nan,,,,,6144,,,,,,nan,0,bf14b28d2af4128daa99f23eec8a5e105636d0b04136f8be580fdc39d6f1f97d,
04_smem_layout_address,layout_bf16_m128n64k16_sw128_off64,0,misaligned address,,,580.00,13.0,PTX ISA 9.3 / CUDA 13.0,1575.000,,,,bf16,128,64,16,32,128,140,4,discard,same,8,8,32,1,nocount,sw128,sw128,16,16,16,64,512,0,64,none,0,none,0,4,,nan,nan,,,,,6144,,,,,,nan,0,bf14b28d2af4128daa99f23eec8a5e105636d0b04136f8be580fdc39d6f1f97d,
04_smem_layout_address,layout_bf16_m128n64k16_sw64_off0,1,,NVIDIA Thor,11.0,580.00,13.0,PTX ISA 9.3 / CUDA 13.0,1575.000,,,,bf16,128,64,16,32,128,141,0,discard,same,8,8,32,1,nocount,sw64,sw64,16,16,16,0,512,0,64,none,0,none,0,4,20,3562096.0,2261.648253968254,,,,,6144,,9.49521502396342,,,0,0.0,1,bf14b28d2af4128daa99f23eec8a5e105636d0b04136f8be580fdc39d6f1f97d,; UTCHMMA=21;UTCHMMA_WS=16;UTCBAR=1;UTCATOMSWS=3;SYNCS_TRYWAIT=8;LDS=21;LDG=9;ptx_tcgen05_mma=21;ptx_tcgen05_mma_ws=16;ptx_tcgen05_commit=1;ptx_tcgen05_alloc=1;ptx_tcgen05_dealloc=1;ptx_tcgen05_ld=5;ptx_tcgen05_st=5;ptx_mbarrier_wait=5;ptx_cp_async_tma=2;ptx_ld_shared=26;ptx_ld_global=7
04_smem_layout_address,layout_bf16_m128n64k16_sw64_off0,1,,NVIDIA Thor,11.0,580.00,13.0,PTX ISA 9.3 / CUDA 13.0,1575.000,,,,bf16,128,64,16,32,128,141,1,discard,same,8,8,32,1,nocount,sw64,sw64,16,16,16,0,512,0,64,none,0,none,0,4,20,3562091.0,2261.6450793650793,,,,,6144,,9.495228352111162,,,0,0.0,1,bf14b28d2af4128daa99f23eec8a5e105636d0b04136f8be580fdc39d6f1f97d,
04_smem_layout_address,layout_bf16_m128n64k16_sw64_off0,1,,NVIDIA Thor,11.0,580.00,13.0,PTX ISA 9.3 / CUDA 13.0,1575.000,,,,bf16,128,64,16,32,128,141,2,discard,same,8,8,32,1,nocount,sw64,sw64,16,16,16,0,512,0,64,none,0,none,0,4,20,3562082.0,2261.639365079365,,,,,6144,,9.495252342871389,,,0,0.0,1,bf14b28d2af4128daa99f23eec8a5e105636d0b04136f8be580fdc39d6f1f97d,
04_smem_layout_address,layout_bf16_m128n64k16_sw64_off0,1,,NVIDIA Thor,11.0,580.00,13.0,PTX ISA 9.3 / CUDA 13.0,1575.000,,,,bf16,128,64,16,32,128,141,3,discard,same,8,8,32,1,nocount,sw64,sw64,16,16,16,0,512,0,64,none,0,none,0,4,20,3562092.0,2261.6457142857143,,,,,6144,,9.49522568647862,,,0,0.0,1,bf14b28d2af4128daa99f23eec8a5e105636d0b04136f8be580fdc39d6f1f97d,
04_smem_layout_address,layout_bf16_m128n64k16_sw64_off0,1,,NVIDIA Thor,11.0,580.00,13.0,PTX ISA 9.3 / CUDA 13.0,1575.000,,,,bf16,128,64,16,32,128,141,4,discard,same,8,8,32,1,nocount,sw64,sw64,16,16,16,0,512,0,64,none,0,none,0,4,20,3562087.0,2261.64253968254,,,,,6144,,9.495239014656295,,,0,0.0,1,bf14b28d2af4128daa99f23eec8a5e105636d0b04136f8be580fdc39d6f1f97d,
04_smem_layout_address,layout_bf16_m128n64k16_sw32_off128,1,,NVIDIA Thor,11.0,580.00,13.0,PTX ISA 9.3 / CUDA 13.0,1575.000,,,,bf16,128,64,16,32,128,142,0,discard,same,8,8,32,1,nocount,sw32,sw32,16,16,16,128,512,0,64,none,0,none,0,4,20,3387374.0,2150.7136507936507,,,,,6144,,9.984981716220295,,,0,0.0,1,bf14b28d2af4128daa99f23eec8a5e105636d0b04136f8be580fdc39d6f1f97d,; UTCHMMA=21;UTCHMMA_WS=16;UTCBAR=1;UTCATOMSWS=3;SYNCS_TRYWAIT=8;LDS=21;LDG=9;ptx_tcgen05_mma=21;ptx_tcgen05_mma_ws=16;ptx_tcgen05_commit=1;ptx_tcgen05_alloc=1;ptx_tcgen05_dealloc=1;ptx_tcgen05_ld=5;ptx_tcgen05_st=5;ptx_mbarrier_wait=5;ptx_cp_async_tma=2;ptx_ld_shared=26;ptx_ld_global=7
04_smem_layout_address,layout_bf16_m128n64k16_sw32_off128,1,,NVIDIA Thor,11.0,580.00,13.0,PTX ISA 9.3 / CUDA 13.0,1575.000,,,,bf16,128,64,16,32,128,142,1,discard,same,8,8,32,1,nocount,sw32,sw32,16,16,16,128,512,0,64,none,0,none,0,4,20,3387486.0,2150.7847619047616,,,,,6144,,9.98465158409511,,,0,0.0,1,bf14b28d2af4128daa99f23eec8a5e105636d0b04136f8be580fdc39d6f1f97d,
04_smem_layout_address,layout_bf16_m128n64k16_sw32_off128,1,,NVIDIA Thor,11.0,580.00,13.0,PTX ISA 9.3 / CUDA 13.0,1575.000,,,,bf16,128,64,16,32,128,142,2,discard,same,8,8,32,1,nocount,sw32,sw32,16,16,16,128,512,0,64,none,0,none,0,4,20,3387369.0,2150.710476190476,,,,,6144,,9.98499645477065,,,0,0.0,1,bf14b28d2af4128daa99f23eec8a5e105636d0b04136f8be580fdc39d6f1f97d,
04_smem_layout_address,layout_bf16_m128n64k16_sw32_off128,1,,NVIDIA Thor,11.0,580.00,13.0,PTX ISA 9.3 / CUDA 13.0,1575.000,,,,bf16,128,64,16,32,128,142,3,discard,same,8,8,32,1,nocount,sw32,sw32,16,16,16,128,512,0,64,none,0,none,0,4,20,3387491.0,2150.7879365079366,,,,,6144,,9.984636846562838,,,0,0.0,1,bf14b28d2af4128daa99f23eec8a5e105636d0b04136f8be580fdc39d6f1f97d,
04_smem_layout_address,layout_bf16_m128n64k16_sw32_off128,1,,NVIDIA Thor,11.0,580.00,13.0,PTX ISA 9.3 / CUDA 13.0,1575.000,,,,bf16,128,64,16,32,128,142,4,discard,same,8,8,32,1,nocount,sw32,sw32,16,16,16,128,512,0,64,none,0,none,0,4,20,3387371.0,2150.711746031746,,,,,6144,,9.984990559345285,,,0,0.0,1,bf14b28d2af4128daa99f23eec8a5e105636d0b04136f8be580fdc39d6f1f97d,
04_smem_layout_address,layout_bf16_m128n64k16_none_off0,0,max_abs_error>0.25,NVIDIA Thor,11.0,580.00,13.0,PTX ISA 9.3 / CUDA 13.0,1575.000,,,,bf16,128,64,16,32,128,143,0,discard,same,8,8,32,1,nocount,none,none,16,16,16,0,512,0,64,none,0,none,0,4,20,3678580.0,2335.606349206349,,,,,6144,,9.194544486187606,,,0,0.83203125,1,bf14b28d2af4128daa99f23eec8a5e105636d0b04136f8be580fdc39d6f1f97d,; UTCHMMA=21;UTCHMMA_WS=16;UTCBAR=1;UTCATOMSWS=3;SYNCS_TRYWAIT=8;LDS=21;LDG=9;ptx_tcgen05_mma=21;ptx_tcgen05_mma_ws=16;ptx_tcgen05_commit=1;ptx_tcgen05_alloc=1;ptx_tcgen05_dealloc=1;ptx_tcgen05_ld=5;ptx_tcgen05_st=5;ptx_mbarrier_wait=5;ptx_cp_async_tma=2;ptx_ld_shared=26;ptx_ld_global=7
04_smem_layout_address,layout_bf16_m128n64k16_none_off0,0,max_abs_error>0.25,NVIDIA Thor,11.0,580.00,13.0,PTX ISA 9.3 / CUDA 13.0,1575.000,,,,bf16,128,64,16,32,128,143,1,discard,same,8,8,32,1,nocount,none,none,16,16,16,0,512,0,64,none,0,none,0,4,20,3678581.0,2335.606984126984,,,,,6144,,9.194541986706287,,,0,0.83203125,1,bf14b28d2af4128daa99f23eec8a5e105636d0b04136f8be580fdc39d6f1f97d,
04_smem_layout_address,layout_bf16_m128n64k16_none_off0,0,max_abs_error>0.25,NVIDIA Thor,11.0,580.00,13.0,PTX ISA 9.3 / CUDA 13.0,1575.000,,,,bf16,128,64,16,32,128,143,2,discard,same,8,8,32,1,nocount,none,none,16,16,16,0,512,0,64,none,0,none,0,4,20,3678584.0,2335.608888888889,,,,,6144,,9.194534488270486,,,0,0.83203125,1,bf14b28d2af4128daa99f23eec8a5e105636d0b04136f8be580fdc39d6f1f97d,
04_smem_layout_address,layout_bf16_m128n64k16_none_off0,0,max_abs_error>0.25,NVIDIA Thor,11.0,580.00,13.0,PTX ISA 9.3 / CUDA 13.0,1575.000,,,,bf16,128,64,16,32,128,143,3,discard,same,8,8,32,1,nocount,none,none,16,16,16,0,512,0,64,none,0,none,0,4,20,3678580.0,2335.606349206349,,,,,6144,,9.194544486187606,,,0,0.83203125,1,bf14b28d2af4128daa99f23eec8a5e105636d0b04136f8be580fdc39d6f1f97d,
04_smem_layout_address,layout_bf16_m128n64k16_none_off0,0,max_abs_error>0.25,NVIDIA Thor,11.0,580.00,13.0,PTX ISA 9.3 / CUDA 13.0,1575.000,,,,bf16,128,64,16,32,128,143,4,discard,same,8,8,32,1,nocount,none,none,16,16,16,0,512,0,64,none,0,none,0,4,20,3678584.0,2335.608888888889,,,,,6144,,9.194534488270486,,,0,0.83203125,1,bf14b28d2af4128daa99f23eec8a5e105636d0b04136f8be580fdc39d6f1f97d,
04_smem_layout_address,layout_fp16_m128n128k16_sw32_off0,1,,NVIDIA Thor,11.0,580.00,13.0,PTX ISA 9.3 / CUDA 13.0,1575.000,,,,fp16,128,128,16,32,128,144,0,discard,same,4,4,32,1,nocount,sw32,sw32,16,16,16,0,512,0,128,none,0,none,0,4,20,3387619.0,2150.8692063492067,,,,,8192,,19.9685191610981,,,0,0.0,1,bf14b28d2af4128daa99f23eec8a5e105636d0b04136f8be580fdc39d6f1f97d,; UTCHMMA=21;UTCHMMA_WS=16;UTCBAR=1;UTCATOMSWS=3;SYNCS_TRYWAIT=8;LDS=21;LDG=9;ptx_tcgen05_mma=21;ptx_tcgen05_mma_ws=16;ptx_tcgen05_commit=1;ptx_tcgen05_alloc=1;ptx_tcgen05_dealloc=1;ptx_tcgen05_ld=5;ptx_tcgen05_st=5;ptx_mbarrier_wait=5;ptx_cp_async_tma=2;ptx_ld_shared=26;ptx_ld_global=7
04_smem_layout_address,layout_fp16_m128n128k16_sw32_off0,1,,NVIDIA Thor,11.0,580.00,13.0,PTX ISA 9.3 / CUDA 13.0,1575.000,,,,fp16,128,128,16,32,128,144,1,discard,same,4,4,32,1,nocount,sw32,sw32,16,16,16,0,512,0,128,none,0,none,0,4,20,3387618.0,2150.868571428571,,,,,8192,,19.968525055658578,,,0,0.0,1,bf14b28d2af4128daa99f23eec8a5e105636d0b04136f8be580fdc39d6f1f97d,
04_smem_layout_address,layout_fp16_m128n128k16_sw32_off0,1,,NVIDIA Thor,11.0,580.00,13.0,PTX ISA 9.3 / CUDA 13.0,1575.000,,,,fp16,128,128,16,32,128,144,2,discard,same,4,4,32,1,nocount,sw32,sw32,16,16,16,0,512,0,128,none,0,none,0,4,20,3387681.0,2150.9085714285716,,,,,8192,,19.9681537051452,,,0,0.0,1,bf14b28d2af4128daa99f23eec8a5e105636d0b04136f8be580fdc39d6f1f97d,
04_smem_layout_address,layout_fp16_m128n128k16_sw32_off0,1,,NVIDIA Thor,11.0,580.00,13.0,PTX ISA 9.3 / CUDA 13.0,1575.000,,,,fp16,128,128,16,32,128,144,3,discard,same,4,4,32,1,nocount,sw32,sw32,16,16,16,0,512,0,128,none,0,none,0,4,20,3387675.0,2150.904761904762,,,,,8192,,19.96818907126569,,,0,0.0,1,bf14b28d2af4128daa99f23eec8a5e105636d0b04136f8be580fdc39d6f1f97d,
04_smem_layout_address,layout_fp16_m128n128k16_sw32_off0,1,,NVIDIA Thor,11.0,580.00,13.0,PTX ISA 9.3 / CUDA 13.0,1575.000,,,,fp16,128,128,16,32,128,144,4,discard,same,4,4,32,1,nocount,sw32,sw32,16,16,16,0,512,0,128,none,0,none,0,4,20,3387678.0,2150.9066666666663,,,,,8192,,19.968171388189788,,,0,0.0,1,bf14b28d2af4128daa99f23eec8a5e105636d0b04136f8be580fdc39d6f1f97d,
