experiment,case_id,valid,invalid_reason,gpu,compute_capability,driver,cuda_version,ptx_version,sm_clock_mhz,mem_clock_mhz,temperature_c,power_w,dtype,m,n,k,Q,iterations,run_order,repeat,collector_mode,operand_address_mode,independent_d_count,d_reuse_distance,commit_interval,pending_mbarriers,wait_polling_mode,smem_layout,swizzle,alignment_bytes,lda,ldb,smem_base_offset,tmem_columns,d_base_column,d_tile_base_delta,d_alias_class,input_d,interference_mode,interference_ops_per_iter,interference_warps,resident_ctas,elapsed_cycles,elapsed_us,elapsed_cycles_p10,elapsed_cycles_p90,alpha_cycles,beta_cycles_per_mma,logical_smem_bytes_per_mma,effective_smem_bytes_per_cycle,tflops,tflops_p10,tflops_p90,poll_count,max_abs_error,guard_ok,sass_hash,notes
01_collector_protocol,collector_ws_b2_fp16_m128n128k16,1,,NVIDIA Thor,11.0,580.00,13.0,PTX ISA 9.3 / CUDA 13.0,1575.000,,,,fp16,128,128,16,8,300,1,0,fill_use_lastuse,same,4,4,8,1,nocount,sw128,sw128,16,16,16,0,512,0,128,none,0,none,0,4,20,3098271.0,1967.1561904761907,,,,,8192,,12.792997384670352,,,0,0.0,1,bf14b28d2af4128daa99f23eec8a5e105636d0b04136f8be580fdc39d6f1f97d,; UTCHMMA=21;UTCHMMA_WS=16;UTCBAR=1;UTCATOMSWS=3;SYNCS_TRYWAIT=8;LDS=21;LDG=9;ptx_tcgen05_mma=21;ptx_tcgen05_mma_ws=16;ptx_tcgen05_commit=1;ptx_tcgen05_alloc=1;ptx_tcgen05_dealloc=1;ptx_tcgen05_ld=5;ptx_tcgen05_st=5;ptx_mbarrier_wait=5;ptx_cp_async_tma=2;ptx_ld_shared=26;ptx_ld_global=7
01_collector_protocol,collector_ws_b2_fp16_m128n128k16,1,,NVIDIA Thor,11.0,580.00,13.0,PTX ISA 9.3 / CUDA 13.0,1575.000,,,,fp16,128,128,16,8,300,1,1,fill_use_lastuse,same,4,4,8,1,nocount,sw128,sw128,16,16,16,0,512,0,128,none,0,none,0,4,20,3098281.0,1967.1625396825398,,,,,8192,,12.792956094040534,,,0,0.0,1,bf14b28d2af4128daa99f23eec8a5e105636d0b04136f8be580fdc39d6f1f97d,
01_collector_protocol,collector_ws_b2_fp16_m128n128k16,1,,NVIDIA Thor,11.0,580.00,13.0,PTX ISA 9.3 / CUDA 13.0,1575.000,,,,fp16,128,128,16,8,300,1,2,fill_use_lastuse,same,4,4,8,1,nocount,sw128,sw128,16,16,16,0,512,0,128,none,0,none,0,4,20,3098280.0,1967.161904761905,,,,,8192,,12.79296022309152,,,0,0.0,1,bf14b28d2af4128daa99f23eec8a5e105636d0b04136f8be580fdc39d6f1f97d,
01_collector_protocol,collector_ws_b2_fp16_m128n128k16,1,,NVIDIA Thor,11.0,580.00,13.0,PTX ISA 9.3 / CUDA 13.0,1575.000,,,,fp16,128,128,16,8,300,1,3,fill_use_lastuse,same,4,4,8,1,nocount,sw128,sw128,16,16,16,0,512,0,128,none,0,none,0,4,20,3098279.0,1967.1612698412698,,,,,8192,,12.792964352145177,,,0,0.0,1,bf14b28d2af4128daa99f23eec8a5e105636d0b04136f8be580fdc39d6f1f97d,
01_collector_protocol,collector_ws_b2_fp16_m128n128k16,1,,NVIDIA Thor,11.0,580.00,13.0,PTX ISA 9.3 / CUDA 13.0,1575.000,,,,fp16,128,128,16,8,300,1,4,fill_use_lastuse,same,4,4,8,1,nocount,sw128,sw128,16,16,16,0,512,0,128,none,0,none,0,4,20,3098274.0,1967.1580952380953,,,,,8192,,12.79298499745342,,,0,0.0,1,bf14b28d2af4128daa99f23eec8a5e105636d0b04136f8be580fdc39d6f1f97d,
01_collector_protocol,collector_fp16_m128n128k16_same_fill_lastuse_r0,1,,NVIDIA Thor,11.0,580.00,13.0,PTX ISA 9.3 / CUDA 13.0,1575.000,,,,fp16,128,128,16,2,400,2,0,fill_lastuse,same,4,4,2,1,nocount,sw128,sw128,16,16,16,0,512,0,128,none,0,none,0,4,20,1028370.0,652.9333333333334,,,,,8192,,12.84757198284664,,,0,0.0,1,bf14b28d2af4128daa99f23eec8a5e105636d0b04136f8be580fdc39d6f1f97d,; UTCHMMA=21;UTCHMMA_WS=16;UTCBAR=1;UTCATOMSWS=3;SYNCS_TRYWAIT=8;LDS=21;LDG=9;ptx_tcgen05_mma=21;ptx_tcgen05_mma_ws=16;ptx_tcgen05_commit=1;ptx_tcgen05_alloc=1;ptx_tcgen05_dealloc=1;ptx_tcgen05_ld=5;ptx_tcgen05_st=5;ptx_mbarrier_wait=5;ptx_cp_async_tma=2;ptx_ld_shared=26;ptx_ld_global=7
01_collector_protocol,collector_fp16_m128n128k16_same_fill_lastuse_r0,1,,NVIDIA Thor,11.0,580.00,13.0,PTX ISA 9.3 / CUDA 13.0,1575.000,,,,fp16,128,128,16,2,400,2,1,fill_lastuse,same,4,4,2,1,nocount,sw128,sw128,16,16,16,0,512,0,128,none,0,none,0,4,20,1028374.0,652.935873015873,,,,,8192,,12.847522010474789,,,0,0.0,1,bf14b28d2af4128daa99f23eec8a5e105636d0b04136f8be580fdc39d6f1f97d,
01_collector_protocol,collector_fp16_m128n128k16_same_fill_lastuse_r0,1,,NVIDIA Thor,11.0,580.00,13.0,PTX ISA 9.3 / CUDA 13.0,1575.000,,,,fp16,128,128,16,2,400,2,2,fill_lastuse,same,4,4,2,1,nocount,sw128,sw128,16,16,16,0,512,0,128,none,0,none,0,4,20,1028364.0,652.9295238095237,,,,,8192,,12.847646942133332,,,0,0.0,1,bf14b28d2af4128daa99f23eec8a5e105636d0b04136f8be580fdc39d6f1f97d,
01_collector_protocol,collector_fp16_m128n128k16_same_fill_lastuse_r0,1,,NVIDIA Thor,11.0,580.00,13.0,PTX ISA 9.3 / CUDA 13.0,1575.000,,,,fp16,128,128,16,2,400,2,3,fill_lastuse,same,4,4,2,1,nocount,sw128,sw128,16,16,16,0,512,0,128,none,0,none,0,4,20,1028371.0,652.9339682539683,,,,,8192,,12.847559489717232,,,0,0.0,1,bf14b28d2af4128daa99f23eec8a5e105636d0b04136f8be580fdc39d6f1f97d,
01_collector_protocol,collector_fp16_m128n128k16_same_fill_lastuse_r0,1,,NVIDIA Thor,11.0,580.00,13.0,PTX ISA 9.3 / CUDA 13.0,1575.000,,,,fp16,128,128,16,2,400,2,4,fill_lastuse,same,4,4,2,1,nocount,sw128,sw128,16,16,16,0,512,0,128,none,0,none,0,4,20,1028370.0,652.9333333333334,,,,,8192,,12.84757198284664,,,0,0.0,1,bf14b28d2af4128daa99f23eec8a5e105636d0b04136f8be580fdc39d6f1f97d,
01_collector_protocol,collector_bf16_m128n64k16_pingpong_fill_use_lastuse_r7,1,,NVIDIA Thor,11.0,580.00,13.0,PTX ISA 9.3 / CUDA 13.0,1575.000,,,,bf16,128,64,16,9,400,3,0,fill_use_lastuse,pingpong,8,8,9,1,nocount,sw128,sw128,16,16,16,0,512,0,64,none,0,none,0,4,20,3557960.0,2259.0222222222224,,,,,6144,,8.355105060203037,,,0,0.0,1,bf14b28d2af4128daa99f23eec8a5e105636d0b04136f8be580fdc39d6f1f97d,; UTCHMMA=21;UTCHMMA_WS=16;UTCBAR=1;UTCATOMSWS=3;SYNCS_TRYWAIT=8;LDS=21;LDG=9;ptx_tcgen05_mma=21;ptx_tcgen05_mma_ws=16;ptx_tcgen05_commit=1;ptx_tcgen05_alloc=1;ptx_tcgen05_dealloc=1;ptx_tcgen05_ld=5;ptx_tcgen05_st=5;ptx_mbarrier_wait=5;ptx_cp_async_tma=2;ptx_ld_shared=26;ptx_ld_global=7
01_collector_protocol,collector_bf16_m128n64k16_pingpong_fill_use_lastuse_r7,1,,NVIDIA Thor,11.0,580.00,13.0,PTX ISA 9.3 / CUDA 13.0,1575.000,,,,bf16,128,64,16,9,400,3,1,fill_use_lastuse,pingpong,8,8,9,1,nocount,sw128,sw128,16,16,16,0,512,0,64,none,0,none,0,4,20,3557957.0,2259.0203174603175,,,,,6144,,8.355112105064789,,,0,0.0,1,bf14b28d2af4128daa99f23eec8a5e105636d0b04136f8be580fdc39d6f1f97d,
01_collector_protocol,collector_bf16_m128n64k16_pingpong_fill_use_lastuse_r7,1,,NVIDIA Thor,11.0,580.00,13.0,PTX ISA 9.3 / CUDA 13.0,1575.000,,,,bf16,128,64,16,9,400,3,2,fill_use_lastuse,pingpong,8,8,9,1,nocount,sw128,sw128,16,16,16,0,512,0,64,none,0,none,0,4,20,3557957.0,2259.0203174603175,,,,,6144,,8.355112105064789,,,0,0.0,1,bf14b28d2af4128daa99f23eec8a5e105636d0b04136f8be580fdc39d6f1f97d,
01_collector_protocol,collector_bf16_m128n64k16_pingpong_fill_use_lastuse_r7,1,,NVIDIA Thor,11.0,580.00,13.0,PTX ISA 9.3 / CUDA 13.0,1575.000,,,,bf16,128,64,16,9,400,3,3,fill_use_lastuse,pingpong,8,8,9,1,nocount,sw128,sw128,16,16,16,0,512,0,64,none,0,none,0,4,20,3557959.0,2259.0215873015877,,,,,6144,,8.355107408488967,,,0,0.0,1,bf14b28d2af4128daa99f23eec8a5e105636d0b04136f8be580fdc39d6f1f97d,
01_collector_protocol,collector_bf16_m128n64k16_pingpong_fill_use_lastuse_r7,1,,NVIDIA Thor,11.0,580.00,13.0,PTX ISA 9.3 / CUDA 13.0,1575.000,,,,bf16,128,64,16,9,400,3,4,fill_use_lastuse,pingpong,8,8,9,1,nocount,sw128,sw128,16,16,16,0,512,0,64,none,0,none,0,4,20,3557959.0,2259.0215873015877,,,,,6144,,8.355107408488967,,,0,0.0,1,bf14b28d2af4128daa99f23eec8a5e105636d0b04136f8be580fdc39d6f1f97d,
01_collector_protocol,collector_bf16_m128n128k16_pingpong_fill_use_lastuse_r1,1,,NVIDIA Thor,11.0,580.00,13.0,PTX ISA 9.3 / CUDA 13.0,1575.000,,,,bf16,128,128,16,3,400,4,0,fill_use_lastuse,pingpong,4,4,3,1,nocount,sw128,sw128,16,16,16,0,512,0,128,none,0,none,0,4,20,1392773.0,884.3003174603175,,,,,8192,,14.22922931446833,,,0,0.0,1,bf14b28d2af4128daa99f23eec8a5e105636d0b04136f8be580fdc39d6f1f97d,; UTCHMMA=21;UTCHMMA_WS=16;UTCBAR=1;UTCATOMSWS=3;SYNCS_TRYWAIT=8;LDS=21;LDG=9;ptx_tcgen05_mma=21;ptx_tcgen05_mma_ws=16;ptx_tcgen05_commit=1;ptx_tcgen05_alloc=1;ptx_tcgen05_dealloc=1;ptx_tcgen05_ld=5;ptx_tcgen05_st=5;ptx_mbarrier_wait=5;ptx_cp_async_tma=2;ptx_ld_shared=26;ptx_ld_global=7
01_collector_protocol,collector_bf16_m128n128k16_pingpong_fill_use_lastuse_r1,1,,NVIDIA Thor,11.0,580.00,13.0,PTX ISA 9.3 / CUDA 13.0,1575.000,,,,bf16,128,128,16,3,400,4,1,fill_use_lastuse,pingpong,4,4,3,1,nocount,sw128,sw128,16,16,16,0,512,0,128,none,0,none,0,4,20,1392762.0,884.2933333333333,,,,,8192,,14.229341696571273,,,0,0.0,1,bf14b28d2af4128daa99f23eec8a5e105636d0b04136f8be580fdc39d6f1f97d,
01_collector_protocol,collector_bf16_m128n128k16_pingpong_fill_use_lastuse_r1,1,,NVIDIA Thor,11.0,580.00,13.0,PTX ISA 9.3 / CUDA 13.0,1575.000,,,,bf16,128,128,16,3,400,4,2,fill_use_lastuse,pingpong,4,4,3,1,nocount,sw128,sw128,16,16,16,0,512,0,128,none,0,none,0,4,20,1392772.0,884.2996825396825,,,,,8192,,14.229239530949789,,,0,0.0,1,bf14b28d2af4128daa99f23eec8a5e105636d0b04136f8be580fdc39d6f1f97d,
01_collector_protocol,collector_bf16_m128n128k16_pingpong_fill_use_lastuse_r1,1,,NVIDIA Thor,11.0,580.00,13.0,PTX ISA 9.3 / CUDA 13.0,1575.000,,,,bf16,128,128,16,3,400,4,3,fill_use_lastuse,pingpong,4,4,3,1,nocount,sw128,sw128,16,16,16,0,512,0,128,none,0,none,0,4,20,1392769.0,884.2977777777778,,,,,8192,,14.22927018048219,,,0,0.0,1,bf14b28d2af4128daa99f23eec8a5e105636d0b04136f8be580fdc39d6f1f97d,
01_collector_protocol,collector_bf16_m128n128k16_pingpong_fill_use_lastuse_r1,1,,NVIDIA Thor,11.0,580.00,13.0,PTX ISA 9.3 / CUDA 13.0,1575.000,,,,bf16,128,128,16,3,400,4,4,fill_use_lastuse,pingpong,4,4,3,1,nocount,sw128,sw128,16,16,16,0,512,0,128,none,0,none,0,4,20,1392771.0,884.2990476190477,,,,,8192,,14.229249747445918,,,0,0.0,1,bf14b28d2af4128daa99f23eec8a5e105636d0b04136f8be580fdc39d6f1f97d,
01_collector_protocol,collector_bf16_m128n256k16_pingpong_fill_use_lastuse_r3,1,,NVIDIA Thor,11.0,580.00,13.0,PTX ISA 9.3 / CUDA 13.0,1575.000,,,,bf16,128,256,16,5,400,5,0,fill_use_lastuse,pingpong,2,2,5,1,nocount,sw128,sw128,16,16,16,0,512,0,256,none,0,none,0,4,20,2113569.0,1341.9485714285715,,,,,12288,,31.255325943936533,,,0,0.0,1,bf14b28d2af4128daa99f23eec8a5e105636d0b04136f8be580fdc39d6f1f97d,; UTCHMMA=21;UTCHMMA_WS=16;UTCBAR=1;UTCATOMSWS=3;SYNCS_TRYWAIT=8;LDS=21;LDG=9;ptx_tcgen05_mma=21;ptx_tcgen05_mma_ws=16;ptx_tcgen05_commit=1;ptx_tcgen05_alloc=1;ptx_tcgen05_dealloc=1;ptx_tcgen05_ld=5;ptx_tcgen05_st=5;ptx_mbarrier_wait=5;ptx_cp_async_tma=2;ptx_ld_shared=26;ptx_ld_global=7
01_collector_protocol,collector_bf16_m128n256k16_pingpong_fill_use_lastuse_r3,1,,NVIDIA Thor,11.0,580.00,13.0,PTX ISA 9.3 / CUDA 13.0,1575.000,,,,bf16,128,256,16,5,400,5,1,fill_use_lastuse,pingpong,2,2,5,1,nocount,sw128,sw128,16,16,16,0,512,0,256,none,0,none,0,4,20,2113566.0,1341.9466666666667,,,,,12288,,31.25537030781154,,,0,0.0,1,bf14b28d2af4128daa99f23eec8a5e105636d0b04136f8be580fdc39d6f1f97d,
01_collector_protocol,collector_bf16_m128n256k16_pingpong_fill_use_lastuse_r3,1,,NVIDIA Thor,11.0,580.00,13.0,PTX ISA 9.3 / CUDA 13.0,1575.000,,,,bf16,128,256,16,5,400,5,2,fill_use_lastuse,pingpong,2,2,5,1,nocount,sw128,sw128,16,16,16,0,512,0,256,none,0,none,0,4,20,2113569.0,1341.9485714285715,,,,,12288,,31.255325943936533,,,0,0.0,1,bf14b28d2af4128daa99f23eec8a5e105636d0b04136f8be580fdc39d6f1f97d,
01_collector_protocol,collector_bf16_m128n256k16_pingpong_fill_use_lastuse_r3,1,,NVIDIA Thor,11.0,580.00,13.0,PTX ISA 9.3 / CUDA 13.0,1575.000,,,,bf16,128,256,16,5,400,5,3,fill_use_lastuse,pingpong,2,2,5,1,nocount,sw128,sw128,16,16,16,0,512,0,256,none,0,none,0,4,20,2113570.0,1341.9492063492064,,,,,12288,,31.255311156006186,,,0,0.0,1,bf14b28d2af4128daa99f23eec8a5e105636d0b04136f8be580fdc39d6f1f97d,
01_collector_protocol,collector_bf16_m128n256k16_pingpong_fill_use_lastuse_r3,1,,NVIDIA Thor,11.0,580.00,13.0,PTX ISA 9.3 / CUDA 13.0,1575.000,,,,bf16,128,256,16,5,400,5,4,fill_use_lastuse,pingpong,2,2,5,1,nocount,sw128,sw128,16,16,16,0,512,0,256,none,0,none,0,4,20,2113566.0,1341.9466666666667,,,,,12288,,31.25537030781154,,,0,0.0,1,bf14b28d2af4128daa99f23eec8a5e105636d0b04136f8be580fdc39d6f1f97d,
01_collector_protocol,collector_bf16_m128n128k16_same_fill_use_lastuse_r1,1,,NVIDIA Thor,11.0,580.00,13.0,PTX ISA 9.3 / CUDA 13.0,1575.000,,,,bf16,128,128,16,3,400,6,0,fill_use_lastuse,same,4,4,3,1,nocount,sw128,sw128,16,16,16,0,512,0,128,none,0,none,0,4,20,1392770.0,884.2984126984127,,,,,8192,,14.229259963956718,,,0,0.0,1,bf14b28d2af4128daa99f23eec8a5e105636d0b04136f8be580fdc39d6f1f97d,; UTCHMMA=21;UTCHMMA_WS=16;UTCBAR=1;UTCATOMSWS=3;SYNCS_TRYWAIT=8;LDS=21;LDG=9;ptx_tcgen05_mma=21;ptx_tcgen05_mma_ws=16;ptx_tcgen05_commit=1;ptx_tcgen05_alloc=1;ptx_tcgen05_dealloc=1;ptx_tcgen05_ld=5;ptx_tcgen05_st=5;ptx_mbarrier_wait=5;ptx_cp_async_tma=2;ptx_ld_shared=26;ptx_ld_global=7
01_collector_protocol,collector_bf16_m128n128k16_same_fill_use_lastuse_r1,1,,NVIDIA Thor,11.0,580.00,13.0,PTX ISA 9.3 / CUDA 13.0,1575.000,,,,bf16,128,128,16,3,400,6,1,fill_use_lastuse,same,4,4,3,1,nocount,sw128,sw128,16,16,16,0,512,0,128,none,0,none,0,4,20,1392773.0,884.3003174603175,,,,,8192,,14.22922931446833,,,0,0.0,1,bf14b28d2af4128daa99f23eec8a5e105636d0b04136f8be580fdc39d6f1f97d,
01_collector_protocol,collector_bf16_m128n128k16_same_fill_use_lastuse_r1,1,,NVIDIA Thor,11.0,580.00,13.0,PTX ISA 9.3 / CUDA 13.0,1575.000,,,,bf16,128,128,16,3,400,6,2,fill_use_lastuse,same,4,4,3,1,nocount,sw128,sw128,16,16,16,0,512,0,128,none,0,none,0,4,20,1392772.0,884.2996825396825,,,,,8192,,14.229239530949789,,,0,0.0,1,bf14b28d2af4128daa99f23eec8a5e105636d0b04136f8be580fdc39d6f1f97d,
01_collector_protocol,collector_bf16_m128n128k16_same_fill_use_lastuse_r1,1,,NVIDIA Thor,11.0,580.00,13.0,PTX ISA 9.3 / CUDA 13.0,1575.000,,,,bf16,128,128,16,3,400,6,3,fill_use_lastuse,same,4,4,3,1,nocount,sw128,sw128,16,16,16,0,512,0,128,none,0,none,0,4,20,1392778.0,884.3034920634921,,,,,8192,,14.229178232281095,,,0,0.0,1,bf14b28d2af4128daa99f23eec8a5e105636d0b04136f8be580fdc39d6f1f97d,
01_collector_protocol,collector_bf16_m128n128k16_same_fill_use_lastuse_r1,1,,NVIDIA Thor,11.0,580.00,13.0,PTX ISA 9.3 / CUDA 13.0,1575.000,,,,bf16,128,128,16,3,400,6,4,fill_use_lastuse,same,4,4,3,1,nocount,sw128,sw128,16,16,16,0,512,0,128,none,0,none,0,4,20,1392770.0,884.2984126984127,,,,,8192,,14.229259963956718,,,0,0.0,1,bf14b28d2af4128daa99f23eec8a5e105636d0b04136f8be580fdc39d6f1f97d,
01_collector_protocol,collector_fp16_m128n64k16_pingpong_fill_use_lastuse_r1,1,,NVIDIA Thor,11.0,580.00,13.0,PTX ISA 9.3 / CUDA 13.0,1575.000,,,,fp16,128,64,16,3,400,7,0,fill_use_lastuse,pingpong,8,8,3,1,nocount,sw128,sw128,16,16,16,0,512,0,64,none,0,none,0,4,20,1392767.0,884.296507936508,,,,,6144,,7.114645306788573,,,0,0.0,1,bf14b28d2af4128daa99f23eec8a5e105636d0b04136f8be580fdc39d6f1f97d,; UTCHMMA=21;UTCHMMA_WS=16;UTCBAR=1;UTCATOMSWS=3;SYNCS_TRYWAIT=8;LDS=21;LDG=9;ptx_tcgen05_mma=21;ptx_tcgen05_mma_ws=16;ptx_tcgen05_commit=1;ptx_tcgen05_alloc=1;ptx_tcgen05_dealloc=1;ptx_tcgen05_ld=5;ptx_tcgen05_st=5;ptx_mbarrier_wait=5;ptx_cp_async_tma=2;ptx_ld_shared=26;ptx_ld_global=7
01_collector_protocol,collector_fp16_m128n64k16_pingpong_fill_use_lastuse_r1,1,,NVIDIA Thor,11.0,580.00,13.0,PTX ISA 9.3 / CUDA 13.0,1575.000,,,,fp16,128,64,16,3,400,7,1,fill_use_lastuse,pingpong,8,8,3,1,nocount,sw128,sw128,16,16,16,0,512,0,64,none,0,none,0,4,20,1392759.0,884.2914285714286,,,,,6144,,7.114686173271902,,,0,0.0,1,bf14b28d2af4128daa99f23eec8a5e105636d0b04136f8be580fdc39d6f1f97d,
01_collector_protocol,collector_fp16_m128n64k16_pingpong_fill_use_lastuse_r1,1,,NVIDIA Thor,11.0,580.00,13.0,PTX ISA 9.3 / CUDA 13.0,1575.000,,,,fp16,128,64,16,3,400,7,2,fill_use_lastuse,pingpong,8,8,3,1,nocount,sw128,sw128,16,16,16,0,512,0,64,none,0,none,0,4,20,1392776.0,884.3022222222222,,,,,6144,,7.114599332555989,,,0,0.0,1,bf14b28d2af4128daa99f23eec8a5e105636d0b04136f8be580fdc39d6f1f97d,
01_collector_protocol,collector_fp16_m128n64k16_pingpong_fill_use_lastuse_r1,1,,NVIDIA Thor,11.0,580.00,13.0,PTX ISA 9.3 / CUDA 13.0,1575.000,,,,fp16,128,64,16,3,400,7,3,fill_use_lastuse,pingpong,8,8,3,1,nocount,sw128,sw128,16,16,16,0,512,0,64,none,0,none,0,4,20,1392770.0,884.2984126984127,,,,,6144,,7.114629981978359,,,0,0.0,1,bf14b28d2af4128daa99f23eec8a5e105636d0b04136f8be580fdc39d6f1f97d,
01_collector_protocol,collector_fp16_m128n64k16_pingpong_fill_use_lastuse_r1,1,,NVIDIA Thor,11.0,580.00,13.0,PTX ISA 9.3 / CUDA 13.0,1575.000,,,,fp16,128,64,16,3,400,7,4,fill_use_lastuse,pingpong,8,8,3,1,nocount,sw128,sw128,16,16,16,0,512,0,64,none,0,none,0,4,20,1392771.0,884.2990476190477,,,,,6144,,7.114624873722959,,,0,0.0,1,bf14b28d2af4128daa99f23eec8a5e105636d0b04136f8be580fdc39d6f1f97d,
01_collector_protocol,collector_fp16_m128n128k16_pingpong_fill_lastuse_r0,1,,NVIDIA Thor,11.0,580.00,13.0,PTX ISA 9.3 / CUDA 13.0,1575.000,,,,fp16,128,128,16,2,400,8,0,fill_lastuse,pingpong,4,4,2,1,nocount,sw128,sw128,16,16,16,0,512,0,128,none,0,none,0,4,20,1028370.0,652.9333333333334,,,,,8192,,12.84757198284664,,,0,0.0,1,bf14b28d2af4128daa99f23eec8a5e105636d0b04136f8be580fdc39d6f1f97d,; UTCHMMA=21;UTCHMMA_WS=16;UTCBAR=1;UTCATOMSWS=3;SYNCS_TRYWAIT=8;LDS=21;LDG=9;ptx_tcgen05_mma=21;ptx_tcgen05_mma_ws=16;ptx_tcgen05_commit=1;ptx_tcgen05_alloc=1;ptx_tcgen05_dealloc=1;ptx_tcgen05_ld=5;ptx_tcgen05_st=5;ptx_mbarrier_wait=5;ptx_cp_async_tma=2;ptx_ld_shared=26;ptx_ld_global=7
01_collector_protocol,collector_fp16_m128n128k16_pingpong_fill_lastuse_r0,1,,NVIDIA Thor,11.0,580.00,13.0,PTX ISA 9.3 / CUDA 13.0,1575.000,,,,fp16,128,128,16,2,400,8,1,fill_lastuse,pingpong,4,4,2,1,nocount,sw128,sw128,16,16,16,0,512,0,128,none,0,none,0,4,20,1028368.0,652.9320634920634,,,,,8192,,12.84759696917835,,,0,0.0,1,bf14b28d2af4128daa99f23eec8a5e105636d0b04136f8be580fdc39d6f1f97d,
01_collector_protocol,collector_fp16_m128n128k16_pingpong_fill_lastuse_r0,1,,NVIDIA Thor,11.0,580.00,13.0,PTX ISA 9.3 / CUDA 13.0,1575.000,,,,fp16,128,128,16,2,400,8,2,fill_lastuse,pingpong,4,4,2,1,nocount,sw128,sw128,16,16,16,0,512,0,128,none,0,none,0,4,20,1028371.0,652.9339682539683,,,,,8192,,12.847559489717232,,,0,0.0,1,bf14b28d2af4128daa99f23eec8a5e105636d0b04136f8be580fdc39d6f1f97d,
01_collector_protocol,collector_fp16_m128n128k16_pingpong_fill_lastuse_r0,1,,NVIDIA Thor,11.0,580.00,13.0,PTX ISA 9.3 / CUDA 13.0,1575.000,,,,fp16,128,128,16,2,400,8,3,fill_lastuse,pingpong,4,4,2,1,nocount,sw128,sw128,16,16,16,0,512,0,128,none,0,none,0,4,20,1028373.0,652.9352380952381,,,,,8192,,12.847534503531307,,,0,0.0,1,bf14b28d2af4128daa99f23eec8a5e105636d0b04136f8be580fdc39d6f1f97d,
01_collector_protocol,collector_fp16_m128n128k16_pingpong_fill_lastuse_r0,1,,NVIDIA Thor,11.0,580.00,13.0,PTX ISA 9.3 / CUDA 13.0,1575.000,,,,fp16,128,128,16,2,400,8,4,fill_lastuse,pingpong,4,4,2,1,nocount,sw128,sw128,16,16,16,0,512,0,128,none,0,none,0,4,20,1028370.0,652.9333333333334,,,,,8192,,12.84757198284664,,,0,0.0,1,bf14b28d2af4128daa99f23eec8a5e105636d0b04136f8be580fdc39d6f1f97d,
01_collector_protocol,collector_fp16_m128n256k16_pingpong_discard_r0,1,,NVIDIA Thor,11.0,580.00,13.0,PTX ISA 9.3 / CUDA 13.0,1575.000,,,,fp16,128,256,16,32,400,9,0,discard,pingpong,2,2,32,1,nocount,sw128,sw128,16,16,16,0,512,0,256,none,0,none,0,4,20,11493558.0,7297.4971428571425,,,,,12288,,36.78459213413287,,,0,0.0,1,bf14b28d2af4128daa99f23eec8a5e105636d0b04136f8be580fdc39d6f1f97d,; UTCHMMA=21;UTCHMMA_WS=16;UTCBAR=1;UTCATOMSWS=3;SYNCS_TRYWAIT=8;LDS=21;LDG=9;ptx_tcgen05_mma=21;ptx_tcgen05_mma_ws=16;ptx_tcgen05_commit=1;ptx_tcgen05_alloc=1;ptx_tcgen05_dealloc=1;ptx_tcgen05_ld=5;ptx_tcgen05_st=5;ptx_mbarrier_wait=5;ptx_cp_async_tma=2;ptx_ld_shared=26;ptx_ld_global=7
01_collector_protocol,collector_fp16_m128n256k16_pingpong_discard_r0,1,,NVIDIA Thor,11.0,580.00,13.0,PTX ISA 9.3 / CUDA 13.0,1575.000,,,,fp16,128,256,16,32,400,9,1,discard,pingpong,2,2,32,1,nocount,sw128,sw128,16,16,16,0,512,0,256,none,0,none,0,4,20,11493554.0,7297.494603174603,,,,,12288,,36.78460493594932,,,0,0.0,1,bf14b28d2af4128daa99f23eec8a5e105636d0b04136f8be580fdc39d6f1f97d,
01_collector_protocol,collector_fp16_m128n256k16_pingpong_discard_r0,1,,NVIDIA Thor,11.0,580.00,13.0,PTX ISA 9.3 / CUDA 13.0,1575.000,,,,fp16,128,256,16,32,400,9,2,discard,pingpong,2,2,32,1,nocount,sw128,sw128,16,16,16,0,512,0,256,none,0,none,0,4,20,11493555.0,7297.495238095238,,,,,12288,,36.78460173549437,,,0,0.0,1,bf14b28d2af4128daa99f23eec8a5e105636d0b04136f8be580fdc39d6f1f97d,
01_collector_protocol,collector_fp16_m128n256k16_pingpong_discard_r0,1,,NVIDIA Thor,11.0,580.00,13.0,PTX ISA 9.3 / CUDA 13.0,1575.000,,,,fp16,128,256,16,32,400,9,3,discard,pingpong,2,2,32,1,nocount,sw128,sw128,16,16,16,0,512,0,256,none,0,none,0,4,20,11493555.0,7297.495238095238,,,,,12288,,36.78460173549437,,,0,0.0,1,bf14b28d2af4128daa99f23eec8a5e105636d0b04136f8be580fdc39d6f1f97d,
01_collector_protocol,collector_fp16_m128n256k16_pingpong_discard_r0,1,,NVIDIA Thor,11.0,580.00,13.0,PTX ISA 9.3 / CUDA 13.0,1575.000,,,,fp16,128,256,16,32,400,9,4,discard,pingpong,2,2,32,1,nocount,sw128,sw128,16,16,16,0,512,0,256,none,0,none,0,4,20,11493557.0,7297.496507936507,,,,,12288,,36.78459533458616,,,0,0.0,1,bf14b28d2af4128daa99f23eec8a5e105636d0b04136f8be580fdc39d6f1f97d,
01_collector_protocol,collector_fp16_m128n256k16_same_fill_use_discard_r3,1,,NVIDIA Thor,11.0,580.00,13.0,PTX ISA 9.3 / CUDA 13.0,1575.000,,,,fp16,128,256,16,5,400,10,0,fill_use_discard,same,2,2,5,1,nocount,sw128,sw128,16,16,16,0,512,0,256,none,0,none,0,4,20,2110766.0,1340.168888888889,,,,,12288,,31.296831576783028,,,0,0.0,1,bf14b28d2af4128daa99f23eec8a5e105636d0b04136f8be580fdc39d6f1f97d,; UTCHMMA=21;UTCHMMA_WS=16;UTCBAR=1;UTCATOMSWS=3;SYNCS_TRYWAIT=8;LDS=21;LDG=9;ptx_tcgen05_mma=21;ptx_tcgen05_mma_ws=16;ptx_tcgen05_commit=1;ptx_tcgen05_alloc=1;ptx_tcgen05_dealloc=1;ptx_tcgen05_ld=5;ptx_tcgen05_st=5;ptx_mbarrier_wait=5;ptx_cp_async_tma=2;ptx_ld_shared=26;ptx_ld_global=7
01_collector_protocol,collector_fp16_m128n256k16_same_fill_use_discard_r3,1,,NVIDIA Thor,11.0,580.00,13.0,PTX ISA 9.3 / CUDA 13.0,1575.000,,,,fp16,128,256,16,5,400,10,1,fill_use_discard,same,2,2,5,1,nocount,sw128,sw128,16,16,16,0,512,0,256,none,0,none,0,4,20,2110768.0,1340.1701587301586,,,,,12288,,31.296801922333483,,,0,0.0,1,bf14b28d2af4128daa99f23eec8a5e105636d0b04136f8be580fdc39d6f1f97d,
01_collector_protocol,collector_fp16_m128n256k16_same_fill_use_discard_r3,1,,NVIDIA Thor,11.0,580.00,13.0,PTX ISA 9.3 / CUDA 13.0,1575.000,,,,fp16,128,256,16,5,400,10,2,fill_use_discard,same,2,2,5,1,nocount,sw128,sw128,16,16,16,0,512,0,256,none,0,none,0,4,20,2110765.0,1340.168253968254,,,,,12288,,31.296846404028866,,,0,0.0,1,bf14b28d2af4128daa99f23eec8a5e105636d0b04136f8be580fdc39d6f1f97d,
01_collector_protocol,collector_fp16_m128n256k16_same_fill_use_discard_r3,1,,NVIDIA Thor,11.0,580.00,13.0,PTX ISA 9.3 / CUDA 13.0,1575.000,,,,fp16,128,256,16,5,400,10,3,fill_use_discard,same,2,2,5,1,nocount,sw128,sw128,16,16,16,0,512,0,256,none,0,none,0,4,20,2110772.0,1340.1726984126985,,,,,12288,,31.296742613602984,,,0,0.0,1,bf14b28d2af4128daa99f23eec8a5e105636d0b04136f8be580fdc39d6f1f97d,
01_collector_protocol,collector_fp16_m128n256k16_same_fill_use_discard_r3,1,,NVIDIA Thor,11.0,580.00,13.0,PTX ISA 9.3 / CUDA 13.0,1575.000,,,,fp16,128,256,16,5,400,10,4,fill_use_discard,same,2,2,5,1,nocount,sw128,sw128,16,16,16,0,512,0,256,none,0,none,0,4,20,2110763.0,1340.166984126984,,,,,12288,,31.296876058562706,,,0,0.0,1,bf14b28d2af4128daa99f23eec8a5e105636d0b04136f8be580fdc39d6f1f97d,
01_collector_protocol,collector_fp16_m128n256k16_pingpong_fill_use_discard_r3,1,,NVIDIA Thor,11.0,580.00,13.0,PTX ISA 9.3 / CUDA 13.0,1575.000,,,,fp16,128,256,16,5,400,11,0,fill_use_discard,pingpong,2,2,5,1,nocount,sw128,sw128,16,16,16,0,512,0,256,none,0,none,0,4,20,2110772.0,1340.1726984126985,,,,,12288,,31.296742613602984,,,0,0.0,1,bf14b28d2af4128daa99f23eec8a5e105636d0b04136f8be580fdc39d6f1f97d,; UTCHMMA=21;UTCHMMA_WS=16;UTCBAR=1;UTCATOMSWS=3;SYNCS_TRYWAIT=8;LDS=21;LDG=9;ptx_tcgen05_mma=21;ptx_tcgen05_mma_ws=16;ptx_tcgen05_commit=1;ptx_tcgen05_alloc=1;ptx_tcgen05_dealloc=1;ptx_tcgen05_ld=5;ptx_tcgen05_st=5;ptx_mbarrier_wait=5;ptx_cp_async_tma=2;ptx_ld_shared=26;ptx_ld_global=7
01_collector_protocol,collector_fp16_m128n256k16_pingpong_fill_use_discard_r3,1,,NVIDIA Thor,11.0,580.00,13.0,PTX ISA 9.3 / CUDA 13.0,1575.000,,,,fp16,128,256,16,5,400,11,1,fill_use_discard,pingpong,2,2,5,1,nocount,sw128,sw128,16,16,16,0,512,0,256,none,0,none,0,4,20,2110772.0,1340.1726984126985,,,,,12288,,31.296742613602984,,,0,0.0,1,bf14b28d2af4128daa99f23eec8a5e105636d0b04136f8be580fdc39d6f1f97d,
01_collector_protocol,collector_fp16_m128n256k16_pingpong_fill_use_discard_r3,1,,NVIDIA Thor,11.0,580.00,13.0,PTX ISA 9.3 / CUDA 13.0,1575.000,,,,fp16,128,256,16,5,400,11,2,fill_use_discard,pingpong,2,2,5,1,nocount,sw128,sw128,16,16,16,0,512,0,256,none,0,none,0,4,20,2110768.0,1340.1701587301586,,,,,12288,,31.296801922333483,,,0,0.0,1,bf14b28d2af4128daa99f23eec8a5e105636d0b04136f8be580fdc39d6f1f97d,
01_collector_protocol,collector_fp16_m128n256k16_pingpong_fill_use_discard_r3,1,,NVIDIA Thor,11.0,580.00,13.0,PTX ISA 9.3 / CUDA 13.0,1575.000,,,,fp16,128,256,16,5,400,11,3,fill_use_discard,pingpong,2,2,5,1,nocount,sw128,sw128,16,16,16,0,512,0,256,none,0,none,0,4,20,2110766.0,1340.168888888889,,,,,12288,,31.296831576783028,,,0,0.0,1,bf14b28d2af4128daa99f23eec8a5e105636d0b04136f8be580fdc39d6f1f97d,
01_collector_protocol,collector_fp16_m128n256k16_pingpong_fill_use_discard_r3,1,,NVIDIA Thor,11.0,580.00,13.0,PTX ISA 9.3 / CUDA 13.0,1575.000,,,,fp16,128,256,16,5,400,11,4,fill_use_discard,pingpong,2,2,5,1,nocount,sw128,sw128,16,16,16,0,512,0,256,none,0,none,0,4,20,2110772.0,1340.1726984126985,,,,,12288,,31.296742613602984,,,0,0.0,1,bf14b28d2af4128daa99f23eec8a5e105636d0b04136f8be580fdc39d6f1f97d,
01_collector_protocol,collector_fp16_m128n128k16_pingpong_fill_use_lastuse_r3,1,,NVIDIA Thor,11.0,580.00,13.0,PTX ISA 9.3 / CUDA 13.0,1575.000,,,,fp16,128,128,16,5,400,12,0,fill_use_lastuse,pingpong,4,4,5,1,nocount,sw128,sw128,16,16,16,0,512,0,128,none,0,none,0,4,20,2113572.0,1341.9504761904761,,,,,8192,,15.627640790093738,,,0,0.0,1,bf14b28d2af4128daa99f23eec8a5e105636d0b04136f8be580fdc39d6f1f97d,; UTCHMMA=21;UTCHMMA_WS=16;UTCBAR=1;UTCATOMSWS=3;SYNCS_TRYWAIT=8;LDS=21;LDG=9;ptx_tcgen05_mma=21;ptx_tcgen05_mma_ws=16;ptx_tcgen05_commit=1;ptx_tcgen05_alloc=1;ptx_tcgen05_dealloc=1;ptx_tcgen05_ld=5;ptx_tcgen05_st=5;ptx_mbarrier_wait=5;ptx_cp_async_tma=2;ptx_ld_shared=26;ptx_ld_global=7
01_collector_protocol,collector_fp16_m128n128k16_pingpong_fill_use_lastuse_r3,1,,NVIDIA Thor,11.0,580.00,13.0,PTX ISA 9.3 / CUDA 13.0,1575.000,,,,fp16,128,128,16,5,400,12,1,fill_use_lastuse,pingpong,4,4,5,1,nocount,sw128,sw128,16,16,16,0,512,0,128,none,0,none,0,4,20,2113572.0,1341.9504761904761,,,,,8192,,15.627640790093738,,,0,0.0,1,bf14b28d2af4128daa99f23eec8a5e105636d0b04136f8be580fdc39d6f1f97d,
01_collector_protocol,collector_fp16_m128n128k16_pingpong_fill_use_lastuse_r3,1,,NVIDIA Thor,11.0,580.00,13.0,PTX ISA 9.3 / CUDA 13.0,1575.000,,,,fp16,128,128,16,5,400,12,2,fill_use_lastuse,pingpong,4,4,5,1,nocount,sw128,sw128,16,16,16,0,512,0,128,none,0,none,0,4,20,2113572.0,1341.9504761904761,,,,,8192,,15.627640790093738,,,0,0.0,1,bf14b28d2af4128daa99f23eec8a5e105636d0b04136f8be580fdc39d6f1f97d,
01_collector_protocol,collector_fp16_m128n128k16_pingpong_fill_use_lastuse_r3,1,,NVIDIA Thor,11.0,580.00,13.0,PTX ISA 9.3 / CUDA 13.0,1575.000,,,,fp16,128,128,16,5,400,12,3,fill_use_lastuse,pingpong,4,4,5,1,nocount,sw128,sw128,16,16,16,0,512,0,128,none,0,none,0,4,20,2113569.0,1341.9485714285715,,,,,8192,,15.627662971968267,,,0,0.0,1,bf14b28d2af4128daa99f23eec8a5e105636d0b04136f8be580fdc39d6f1f97d,
01_collector_protocol,collector_fp16_m128n128k16_pingpong_fill_use_lastuse_r3,1,,NVIDIA Thor,11.0,580.00,13.0,PTX ISA 9.3 / CUDA 13.0,1575.000,,,,fp16,128,128,16,5,400,12,4,fill_use_lastuse,pingpong,4,4,5,1,nocount,sw128,sw128,16,16,16,0,512,0,128,none,0,none,0,4,20,2113572.0,1341.9504761904761,,,,,8192,,15.627640790093738,,,0,0.0,1,bf14b28d2af4128daa99f23eec8a5e105636d0b04136f8be580fdc39d6f1f97d,
01_collector_protocol,collector_fp16_m128n128k16_pingpong_fill_use_lastuse_r7,1,,NVIDIA Thor,11.0,580.00,13.0,PTX ISA 9.3 / CUDA 13.0,1575.000,,,,fp16,128,128,16,9,400,13,0,fill_use_lastuse,pingpong,4,4,9,1,nocount,sw128,sw128,16,16,16,0,512,0,128,none,0,none,0,4,20,3557954.0,2259.0184126984127,,,,,8192,,16.71023829987684,,,0,0.0,1,bf14b28d2af4128daa99f23eec8a5e105636d0b04136f8be580fdc39d6f1f97d,; UTCHMMA=21;UTCHMMA_WS=16;UTCBAR=1;UTCATOMSWS=3;SYNCS_TRYWAIT=8;LDS=21;LDG=9;ptx_tcgen05_mma=21;ptx_tcgen05_mma_ws=16;ptx_tcgen05_commit=1;ptx_tcgen05_alloc=1;ptx_tcgen05_dealloc=1;ptx_tcgen05_ld=5;ptx_tcgen05_st=5;ptx_mbarrier_wait=5;ptx_cp_async_tma=2;ptx_ld_shared=26;ptx_ld_global=7
01_collector_protocol,collector_fp16_m128n128k16_pingpong_fill_use_lastuse_r7,1,,NVIDIA Thor,11.0,580.00,13.0,PTX ISA 9.3 / CUDA 13.0,1575.000,,,,fp16,128,128,16,9,400,13,1,fill_use_lastuse,pingpong,4,4,9,1,nocount,sw128,sw128,16,16,16,0,512,0,128,none,0,none,0,4,20,3557956.0,2259.0196825396824,,,,,8192,,16.71022890670936,,,0,0.0,1,bf14b28d2af4128daa99f23eec8a5e105636d0b04136f8be580fdc39d6f1f97d,
01_collector_protocol,collector_fp16_m128n128k16_pingpong_fill_use_lastuse_r7,1,,NVIDIA Thor,11.0,580.00,13.0,PTX ISA 9.3 / CUDA 13.0,1575.000,,,,fp16,128,128,16,9,400,13,2,fill_use_lastuse,pingpong,4,4,9,1,nocount,sw128,sw128,16,16,16,0,512,0,128,none,0,none,0,4,20,3557948.0,2259.0146031746035,,,,,8192,,16.710266479442645,,,0,0.0,1,bf14b28d2af4128daa99f23eec8a5e105636d0b04136f8be580fdc39d6f1f97d,
01_collector_protocol,collector_fp16_m128n128k16_pingpong_fill_use_lastuse_r7,1,,NVIDIA Thor,11.0,580.00,13.0,PTX ISA 9.3 / CUDA 13.0,1575.000,,,,fp16,128,128,16,9,400,13,3,fill_use_lastuse,pingpong,4,4,9,1,nocount,sw128,sw128,16,16,16,0,512,0,128,none,0,none,0,4,20,3557946.0,2259.0133333333333,,,,,8192,,16.710275872652367,,,0,0.0,1,bf14b28d2af4128daa99f23eec8a5e105636d0b04136f8be580fdc39d6f1f97d,
01_collector_protocol,collector_fp16_m128n128k16_pingpong_fill_use_lastuse_r7,1,,NVIDIA Thor,11.0,580.00,13.0,PTX ISA 9.3 / CUDA 13.0,1575.000,,,,fp16,128,128,16,9,400,13,4,fill_use_lastuse,pingpong,4,4,9,1,nocount,sw128,sw128,16,16,16,0,512,0,128,none,0,none,0,4,20,3557957.0,2259.0203174603175,,,,,8192,,16.710224210129578,,,0,0.0,1,bf14b28d2af4128daa99f23eec8a5e105636d0b04136f8be580fdc39d6f1f97d,
01_collector_protocol,collector_fp16_m128n128k16_same_fill_use_discard_r3,1,,NVIDIA Thor,11.0,580.00,13.0,PTX ISA 9.3 / CUDA 13.0,1575.000,,,,fp16,128,128,16,5,400,14,0,fill_use_discard,same,4,4,5,1,nocount,sw128,sw128,16,16,16,0,512,0,128,none,0,none,0,4,20,2110773.0,1340.1733333333334,,,,,8192,,15.64836389322774,,,0,0.0,1,bf14b28d2af4128daa99f23eec8a5e105636d0b04136f8be580fdc39d6f1f97d,; UTCHMMA=21;UTCHMMA_WS=16;UTCBAR=1;UTCATOMSWS=3;SYNCS_TRYWAIT=8;LDS=21;LDG=9;ptx_tcgen05_mma=21;ptx_tcgen05_mma_ws=16;ptx_tcgen05_commit=1;ptx_tcgen05_alloc=1;ptx_tcgen05_dealloc=1;ptx_tcgen05_ld=5;ptx_tcgen05_st=5;ptx_mbarrier_wait=5;ptx_cp_async_tma=2;ptx_ld_shared=26;ptx_ld_global=7
01_collector_protocol,collector_fp16_m128n128k16_same_fill_use_discard_r3,1,,NVIDIA Thor,11.0,580.00,13.0,PTX ISA 9.3 / CUDA 13.0,1575.000,,,,fp16,128,128,16,5,400,14,1,fill_use_discard,same,4,4,5,1,nocount,sw128,sw128,16,16,16,0,512,0,128,none,0,none,0,4,20,2110771.0,1340.1720634920634,,,,,8192,,15.648378720382267,,,0,0.0,1,bf14b28d2af4128daa99f23eec8a5e105636d0b04136f8be580fdc39d6f1f97d,
01_collector_protocol,collector_fp16_m128n128k16_same_fill_use_discard_r3,1,,NVIDIA Thor,11.0,580.00,13.0,PTX ISA 9.3 / CUDA 13.0,1575.000,,,,fp16,128,128,16,5,400,14,2,fill_use_discard,same,4,4,5,1,nocount,sw128,sw128,16,16,16,0,512,0,128,none,0,none,0,4,20,2110760.0,1340.1650793650792,,,,,8192,,15.648460270234418,,,0,0.0,1,bf14b28d2af4128daa99f23eec8a5e105636d0b04136f8be580fdc39d6f1f97d,
01_collector_protocol,collector_fp16_m128n128k16_same_fill_use_discard_r3,1,,NVIDIA Thor,11.0,580.00,13.0,PTX ISA 9.3 / CUDA 13.0,1575.000,,,,fp16,128,128,16,5,400,14,3,fill_use_discard,same,4,4,5,1,nocount,sw128,sw128,16,16,16,0,512,0,128,none,0,none,0,4,20,2110768.0,1340.1701587301586,,,,,8192,,15.648400961166741,,,0,0.0,1,bf14b28d2af4128daa99f23eec8a5e105636d0b04136f8be580fdc39d6f1f97d,
01_collector_protocol,collector_fp16_m128n128k16_same_fill_use_discard_r3,1,,NVIDIA Thor,11.0,580.00,13.0,PTX ISA 9.3 / CUDA 13.0,1575.000,,,,fp16,128,128,16,5,400,14,4,fill_use_discard,same,4,4,5,1,nocount,sw128,sw128,16,16,16,0,512,0,128,none,0,none,0,4,20,2110765.0,1340.168253968254,,,,,8192,,15.648423202014433,,,0,0.0,1,bf14b28d2af4128daa99f23eec8a5e105636d0b04136f8be580fdc39d6f1f97d,
01_collector_protocol,collector_bf16_m128n256k16_same_fill_use_discard_r3,1,,NVIDIA Thor,11.0,580.00,13.0,PTX ISA 9.3 / CUDA 13.0,1575.000,,,,bf16,128,256,16,5,400,15,0,fill_use_discard,same,2,2,5,1,nocount,sw128,sw128,16,16,16,0,512,0,256,none,0,none,0,4,20,2110762.0,1340.1663492063492,,,,,12288,,31.296890885850704,,,0,0.0,1,bf14b28d2af4128daa99f23eec8a5e105636d0b04136f8be580fdc39d6f1f97d,; UTCHMMA=21;UTCHMMA_WS=16;UTCBAR=1;UTCATOMSWS=3;SYNCS_TRYWAIT=8;LDS=21;LDG=9;ptx_tcgen05_mma=21;ptx_tcgen05_mma_ws=16;ptx_tcgen05_commit=1;ptx_tcgen05_alloc=1;ptx_tcgen05_dealloc=1;ptx_tcgen05_ld=5;ptx_tcgen05_st=5;ptx_mbarrier_wait=5;ptx_cp_async_tma=2;ptx_ld_shared=26;ptx_ld_global=7
01_collector_protocol,collector_bf16_m128n256k16_same_fill_use_discard_r3,1,,NVIDIA Thor,11.0,580.00,13.0,PTX ISA 9.3 / CUDA 13.0,1575.000,,,,bf16,128,256,16,5,400,15,1,fill_use_discard,same,2,2,5,1,nocount,sw128,sw128,16,16,16,0,512,0,256,none,0,none,0,4,20,2110772.0,1340.1726984126985,,,,,12288,,31.296742613602984,,,0,0.0,1,bf14b28d2af4128daa99f23eec8a5e105636d0b04136f8be580fdc39d6f1f97d,
01_collector_protocol,collector_bf16_m128n256k16_same_fill_use_discard_r3,1,,NVIDIA Thor,11.0,580.00,13.0,PTX ISA 9.3 / CUDA 13.0,1575.000,,,,bf16,128,256,16,5,400,15,2,fill_use_discard,same,2,2,5,1,nocount,sw128,sw128,16,16,16,0,512,0,256,none,0,none,0,4,20,2110766.0,1340.168888888889,,,,,12288,,31.296831576783028,,,0,0.0,1,bf14b28d2af4128daa99f23eec8a5e105636d0b04136f8be580fdc39d6f1f97d,
01_collector_protocol,collector_bf16_m128n256k16_same_fill_use_discard_r3,1,,NVIDIA Thor,11.0,580.00,13.0,PTX ISA 9.3 / CUDA 13.0,1575.000,,,,bf16,128,256,16,5,400,15,3,fill_use_discard,same,2,2,5,1,nocount,sw128,sw128,16,16,16,0,512,0,256,none,0,none,0,4,20,2110770.0,1340.1714285714286,,,,,12288,,31.29677226794014,,,0,0.0,1,bf14b28d2af4128daa99f23eec8a5e105636d0b04136f8be580fdc39d6f1f97d,
01_collector_protocol,collector_bf16_m128n256k16_same_fill_use_discard_r3,1,,NVIDIA Thor,11.0,580.00,13.0,PTX ISA 9.3 / CUDA 13.0,1575.000,,,,bf16,128,256,16,5,400,15,4,fill_use_discard,same,2,2,5,1,nocount,sw128,sw128,16,16,16,0,512,0,256,none,0,none,0,4,20,2110777.0,1340.175873015873,,,,,12288,,31.296668478005966,,,0,0.0,1,bf14b28d2af4128daa99f23eec8a5e105636d0b04136f8be580fdc39d6f1f97d,
01_collector_protocol,collector_ws_b2_bf16_m128n128k16,1,,NVIDIA Thor,11.0,580.00,13.0,PTX ISA 9.3 / CUDA 13.0,1575.000,,,,bf16,128,128,16,8,300,16,0,fill_use_lastuse,same,4,4,8,1,nocount,sw128,sw128,16,16,16,0,512,0,128,none,0,none,0,4,20,3098274.0,1967.1580952380953,,,,,8192,,12.79298499745342,,,0,0.0,1,bf14b28d2af4128daa99f23eec8a5e105636d0b04136f8be580fdc39d6f1f97d,; UTCHMMA=21;UTCHMMA_WS=16;UTCBAR=1;UTCATOMSWS=3;SYNCS_TRYWAIT=8;LDS=21;LDG=9;ptx_tcgen05_mma=21;ptx_tcgen05_mma_ws=16;ptx_tcgen05_commit=1;ptx_tcgen05_alloc=1;ptx_tcgen05_dealloc=1;ptx_tcgen05_ld=5;ptx_tcgen05_st=5;ptx_mbarrier_wait=5;ptx_cp_async_tma=2;ptx_ld_shared=26;ptx_ld_global=7
01_collector_protocol,collector_ws_b2_bf16_m128n128k16,1,,NVIDIA Thor,11.0,580.00,13.0,PTX ISA 9.3 / CUDA 13.0,1575.000,,,,bf16,128,128,16,8,300,16,1,fill_use_lastuse,same,4,4,8,1,nocount,sw128,sw128,16,16,16,0,512,0,128,none,0,none,0,4,20,3098273.0,1967.1574603174602,,,,,8192,,12.792989126523068,,,0,0.0,1,bf14b28d2af4128daa99f23eec8a5e105636d0b04136f8be580fdc39d6f1f97d,
01_collector_protocol,collector_ws_b2_bf16_m128n128k16,1,,NVIDIA Thor,11.0,580.00,13.0,PTX ISA 9.3 / CUDA 13.0,1575.000,,,,bf16,128,128,16,8,300,16,2,fill_use_lastuse,same,4,4,8,1,nocount,sw128,sw128,16,16,16,0,512,0,128,none,0,none,0,4,20,3098281.0,1967.1625396825398,,,,,8192,,12.792956094040534,,,0,0.0,1,bf14b28d2af4128daa99f23eec8a5e105636d0b04136f8be580fdc39d6f1f97d,
01_collector_protocol,collector_ws_b2_bf16_m128n128k16,1,,NVIDIA Thor,11.0,580.00,13.0,PTX ISA 9.3 / CUDA 13.0,1575.000,,,,bf16,128,128,16,8,300,16,3,fill_use_lastuse,same,4,4,8,1,nocount,sw128,sw128,16,16,16,0,512,0,128,none,0,none,0,4,20,3098279.0,1967.1612698412698,,,,,8192,,12.792964352145177,,,0,0.0,1,bf14b28d2af4128daa99f23eec8a5e105636d0b04136f8be580fdc39d6f1f97d,
01_collector_protocol,collector_ws_b2_bf16_m128n128k16,1,,NVIDIA Thor,11.0,580.00,13.0,PTX ISA 9.3 / CUDA 13.0,1575.000,,,,bf16,128,128,16,8,300,16,4,fill_use_lastuse,same,4,4,8,1,nocount,sw128,sw128,16,16,16,0,512,0,128,none,0,none,0,4,20,3098272.0,1967.1568253968253,,,,,8192,,12.792993255595377,,,0,0.0,1,bf14b28d2af4128daa99f23eec8a5e105636d0b04136f8be580fdc39d6f1f97d,
01_collector_protocol,collector_ws_b2_fp16_m128n64k16,1,,NVIDIA Thor,11.0,580.00,13.0,PTX ISA 9.3 / CUDA 13.0,1575.000,,,,fp16,128,64,16,8,300,17,0,fill_use_lastuse,same,8,8,8,1,nocount,sw128,sw128,16,16,16,0,512,0,64,none,0,none,0,4,20,3098281.0,1967.1625396825398,,,,,6144,,6.396478047020267,,,0,0.0,1,bf14b28d2af4128daa99f23eec8a5e105636d0b04136f8be580fdc39d6f1f97d,; UTCHMMA=21;UTCHMMA_WS=16;UTCBAR=1;UTCATOMSWS=3;SYNCS_TRYWAIT=8;LDS=21;LDG=9;ptx_tcgen05_mma=21;ptx_tcgen05_mma_ws=16;ptx_tcgen05_commit=1;ptx_tcgen05_alloc=1;ptx_tcgen05_dealloc=1;ptx_tcgen05_ld=5;ptx_tcgen05_st=5;ptx_mbarrier_wait=5;ptx_cp_async_tma=2;ptx_ld_shared=26;ptx_ld_global=7
01_collector_protocol,collector_ws_b2_fp16_m128n64k16,1,,NVIDIA Thor,11.0,580.00,13.0,PTX ISA 9.3 / CUDA 13.0,1575.000,,,,fp16,128,64,16,8,300,17,1,fill_use_lastuse,same,8,8,8,1,nocount,sw128,sw128,16,16,16,0,512,0,64,none,0,none,0,4,20,3098278.0,1967.1606349206352,,,,,6144,,6.3964842406007465,,,0,0.0,1,bf14b28d2af4128daa99f23eec8a5e105636d0b04136f8be580fdc39d6f1f97d,
01_collector_protocol,collector_ws_b2_fp16_m128n64k16,1,,NVIDIA Thor,11.0,580.00,13.0,PTX ISA 9.3 / CUDA 13.0,1575.000,,,,fp16,128,64,16,8,300,17,2,fill_use_lastuse,same,8,8,8,1,nocount,sw128,sw128,16,16,16,0,512,0,64,none,0,none,0,4,20,3098281.0,1967.1625396825398,,,,,6144,,6.396478047020267,,,0,0.0,1,bf14b28d2af4128daa99f23eec8a5e105636d0b04136f8be580fdc39d6f1f97d,
01_collector_protocol,collector_ws_b2_fp16_m128n64k16,1,,NVIDIA Thor,11.0,580.00,13.0,PTX ISA 9.3 / CUDA 13.0,1575.000,,,,fp16,128,64,16,8,300,17,3,fill_use_lastuse,same,8,8,8,1,nocount,sw128,sw128,16,16,16,0,512,0,64,none,0,none,0,4,20,3098270.0,1967.1555555555556,,,,,6144,,6.396500756873998,,,0,0.0,1,bf14b28d2af4128daa99f23eec8a5e105636d0b04136f8be580fdc39d6f1f97d,
01_collector_protocol,collector_ws_b2_fp16_m128n64k16,1,,NVIDIA Thor,11.0,580.00,13.0,PTX ISA 9.3 / CUDA 13.0,1575.000,,,,fp16,128,64,16,8,300,17,4,fill_use_lastuse,same,8,8,8,1,nocount,sw128,sw128,16,16,16,0,512,0,64,none,0,none,0,4,20,3098279.0,1967.1612698412698,,,,,6144,,6.396482176072588,,,0,0.0,1,bf14b28d2af4128daa99f23eec8a5e105636d0b04136f8be580fdc39d6f1f97d,
01_collector_protocol,collector_fp16_m128n64k16_same_fill_use_lastuse_r3,1,,NVIDIA Thor,11.0,580.00,13.0,PTX ISA 9.3 / CUDA 13.0,1575.000,,,,fp16,128,64,16,5,400,18,0,fill_use_lastuse,same,8,8,5,1,nocount,sw128,sw128,16,16,16,0,512,0,64,none,0,none,0,4,20,2113562.0,1341.944126984127,,,,,6144,,7.813857364960194,,,0,0.0,1,bf14b28d2af4128daa99f23eec8a5e105636d0b04136f8be580fdc39d6f1f97d,; UTCHMMA=21;UTCHMMA_WS=16;UTCBAR=1;UTCATOMSWS=3;SYNCS_TRYWAIT=8;LDS=21;LDG=9;ptx_tcgen05_mma=21;ptx_tcgen05_mma_ws=16;ptx_tcgen05_commit=1;ptx_tcgen05_alloc=1;ptx_tcgen05_dealloc=1;ptx_tcgen05_ld=5;ptx_tcgen05_st=5;ptx_mbarrier_wait=5;ptx_cp_async_tma=2;ptx_ld_shared=26;ptx_ld_global=7
01_collector_protocol,collector_fp16_m128n64k16_same_fill_use_lastuse_r3,1,,NVIDIA Thor,11.0,580.00,13.0,PTX ISA 9.3 / CUDA 13.0,1575.000,,,,fp16,128,64,16,5,400,18,1,fill_use_lastuse,same,8,8,5,1,nocount,sw128,sw128,16,16,16,0,512,0,64,none,0,none,0,4,20,2113567.0,1341.9473015873016,,,,,6144,,7.813838879959802,,,0,0.0,1,bf14b28d2af4128daa99f23eec8a5e105636d0b04136f8be580fdc39d6f1f97d,
01_collector_protocol,collector_fp16_m128n64k16_same_fill_use_lastuse_r3,1,,NVIDIA Thor,11.0,580.00,13.0,PTX ISA 9.3 / CUDA 13.0,1575.000,,,,fp16,128,64,16,5,400,18,2,fill_use_lastuse,same,8,8,5,1,nocount,sw128,sw128,16,16,16,0,512,0,64,none,0,none,0,4,20,2113560.0,1341.942857142857,,,,,6144,,7.813864758984841,,,0,0.0,1,bf14b28d2af4128daa99f23eec8a5e105636d0b04136f8be580fdc39d6f1f97d,
01_collector_protocol,collector_fp16_m128n64k16_same_fill_use_lastuse_r3,1,,NVIDIA Thor,11.0,580.00,13.0,PTX ISA 9.3 / CUDA 13.0,1575.000,,,,fp16,128,64,16,5,400,18,3,fill_use_lastuse,same,8,8,5,1,nocount,sw128,sw128,16,16,16,0,512,0,64,none,0,none,0,4,20,2113572.0,1341.9504761904761,,,,,6144,,7.813820395046869,,,0,0.0,1,bf14b28d2af4128daa99f23eec8a5e105636d0b04136f8be580fdc39d6f1f97d,
01_collector_protocol,collector_fp16_m128n64k16_same_fill_use_lastuse_r3,1,,NVIDIA Thor,11.0,580.00,13.0,PTX ISA 9.3 / CUDA 13.0,1575.000,,,,fp16,128,64,16,5,400,18,4,fill_use_lastuse,same,8,8,5,1,nocount,sw128,sw128,16,16,16,0,512,0,64,none,0,none,0,4,20,2113562.0,1341.944126984127,,,,,6144,,7.813857364960194,,,0,0.0,1,bf14b28d2af4128daa99f23eec8a5e105636d0b04136f8be580fdc39d6f1f97d,
01_collector_protocol,collector_bf16_m128n128k16_same_fill_use_discard_r3,1,,NVIDIA Thor,11.0,580.00,13.0,PTX ISA 9.3 / CUDA 13.0,1575.000,,,,bf16,128,128,16,5,400,19,0,fill_use_discard,same,4,4,5,1,nocount,sw128,sw128,16,16,16,0,512,0,128,none,0,none,0,4,20,2110770.0,1340.1714285714286,,,,,8192,,15.64838613397007,,,0,0.0,1,bf14b28d2af4128daa99f23eec8a5e105636d0b04136f8be580fdc39d6f1f97d,; UTCHMMA=21;UTCHMMA_WS=16;UTCBAR=1;UTCATOMSWS=3;SYNCS_TRYWAIT=8;LDS=21;LDG=9;ptx_tcgen05_mma=21;ptx_tcgen05_mma_ws=16;ptx_tcgen05_commit=1;ptx_tcgen05_alloc=1;ptx_tcgen05_dealloc=1;ptx_tcgen05_ld=5;ptx_tcgen05_st=5;ptx_mbarrier_wait=5;ptx_cp_async_tma=2;ptx_ld_shared=26;ptx_ld_global=7
01_collector_protocol,collector_bf16_m128n128k16_same_fill_use_discard_r3,1,,NVIDIA Thor,11.0,580.00,13.0,PTX ISA 9.3 / CUDA 13.0,1575.000,,,,bf16,128,128,16,5,400,19,1,fill_use_discard,same,4,4,5,1,nocount,sw128,sw128,16,16,16,0,512,0,128,none,0,none,0,4,20,2110766.0,1340.168888888889,,,,,8192,,15.648415788391514,,,0,0.0,1,bf14b28d2af4128daa99f23eec8a5e105636d0b04136f8be580fdc39d6f1f97d,
01_collector_protocol,collector_bf16_m128n128k16_same_fill_use_discard_r3,1,,NVIDIA Thor,11.0,580.00,13.0,PTX ISA 9.3 / CUDA 13.0,1575.000,,,,bf16,128,128,16,5,400,19,2,fill_use_discard,same,4,4,5,1,nocount,sw128,sw128,16,16,16,0,512,0,128,none,0,none,0,4,20,2110767.0,1340.1695238095238,,,,,8192,,15.648408374775615,,,0,0.0,1,bf14b28d2af4128daa99f23eec8a5e105636d0b04136f8be580fdc39d6f1f97d,
01_collector_protocol,collector_bf16_m128n128k16_same_fill_use_discard_r3,1,,NVIDIA Thor,11.0,580.00,13.0,PTX ISA 9.3 / CUDA 13.0,1575.000,,,,bf16,128,128,16,5,400,19,3,fill_use_discard,same,4,4,5,1,nocount,sw128,sw128,16,16,16,0,512,0,128,none,0,none,0,4,20,2110766.0,1340.168888888889,,,,,8192,,15.648415788391514,,,0,0.0,1,bf14b28d2af4128daa99f23eec8a5e105636d0b04136f8be580fdc39d6f1f97d,
01_collector_protocol,collector_bf16_m128n128k16_same_fill_use_discard_r3,1,,NVIDIA Thor,11.0,580.00,13.0,PTX ISA 9.3 / CUDA 13.0,1575.000,,,,bf16,128,128,16,5,400,19,4,fill_use_discard,same,4,4,5,1,nocount,sw128,sw128,16,16,16,0,512,0,128,none,0,none,0,4,20,2110760.0,1340.1650793650792,,,,,8192,,15.648460270234418,,,0,0.0,1,bf14b28d2af4128daa99f23eec8a5e105636d0b04136f8be580fdc39d6f1f97d,
01_collector_protocol,collector_fp16_m128n256k16_same_discard_r0,1,,NVIDIA Thor,11.0,580.00,13.0,PTX ISA 9.3 / CUDA 13.0,1575.000,,,,fp16,128,256,16,32,400,20,0,discard,same,2,2,32,1,nocount,sw128,sw128,16,16,16,0,512,0,256,none,0,none,0,4,20,11493554.0,7297.494603174603,,,,,12288,,36.78460493594932,,,0,0.0,1,bf14b28d2af4128daa99f23eec8a5e105636d0b04136f8be580fdc39d6f1f97d,; UTCHMMA=21;UTCHMMA_WS=16;UTCBAR=1;UTCATOMSWS=3;SYNCS_TRYWAIT=8;LDS=21;LDG=9;ptx_tcgen05_mma=21;ptx_tcgen05_mma_ws=16;ptx_tcgen05_commit=1;ptx_tcgen05_alloc=1;ptx_tcgen05_dealloc=1;ptx_tcgen05_ld=5;ptx_tcgen05_st=5;ptx_mbarrier_wait=5;ptx_cp_async_tma=2;ptx_ld_shared=26;ptx_ld_global=7
01_collector_protocol,collector_fp16_m128n256k16_same_discard_r0,1,,NVIDIA Thor,11.0,580.00,13.0,PTX ISA 9.3 / CUDA 13.0,1575.000,,,,fp16,128,256,16,32,400,20,1,discard,same,2,2,32,1,nocount,sw128,sw128,16,16,16,0,512,0,256,none,0,none,0,4,20,11493558.0,7297.4971428571425,,,,,12288,,36.78459213413287,,,0,0.0,1,bf14b28d2af4128daa99f23eec8a5e105636d0b04136f8be580fdc39d6f1f97d,
01_collector_protocol,collector_fp16_m128n256k16_same_discard_r0,1,,NVIDIA Thor,11.0,580.00,13.0,PTX ISA 9.3 / CUDA 13.0,1575.000,,,,fp16,128,256,16,32,400,20,2,discard,same,2,2,32,1,nocount,sw128,sw128,16,16,16,0,512,0,256,none,0,none,0,4,20,11493556.0,7297.495873015873,,,,,12288,,36.78459853503998,,,0,0.0,1,bf14b28d2af4128daa99f23eec8a5e105636d0b04136f8be580fdc39d6f1f97d,
01_collector_protocol,collector_fp16_m128n256k16_same_discard_r0,1,,NVIDIA Thor,11.0,580.00,13.0,PTX ISA 9.3 / CUDA 13.0,1575.000,,,,fp16,128,256,16,32,400,20,3,discard,same,2,2,32,1,nocount,sw128,sw128,16,16,16,0,512,0,256,none,0,none,0,4,20,11493557.0,7297.496507936507,,,,,12288,,36.78459533458616,,,0,0.0,1,bf14b28d2af4128daa99f23eec8a5e105636d0b04136f8be580fdc39d6f1f97d,
01_collector_protocol,collector_fp16_m128n256k16_same_discard_r0,1,,NVIDIA Thor,11.0,580.00,13.0,PTX ISA 9.3 / CUDA 13.0,1575.000,,,,fp16,128,256,16,32,400,20,4,discard,same,2,2,32,1,nocount,sw128,sw128,16,16,16,0,512,0,256,none,0,none,0,4,20,11493553.0,7297.493968253968,,,,,12288,,36.78460813640482,,,0,0.0,1,bf14b28d2af4128daa99f23eec8a5e105636d0b04136f8be580fdc39d6f1f97d,
01_collector_protocol,collector_bf16_m128n128k16_pingpong_fill_use_lastuse_r7,1,,NVIDIA Thor,11.0,580.00,13.0,PTX ISA 9.3 / CUDA 13.0,1575.000,,,,bf16,128,128,16,9,400,21,0,fill_use_lastuse,pingpong,4,4,9,1,nocount,sw128,sw128,16,16,16,0,512,0,128,none,0,none,0,4,20,3557948.0,2259.0146031746035,,,,,8192,,16.710266479442645,,,0,0.0,1,bf14b28d2af4128daa99f23eec8a5e105636d0b04136f8be580fdc39d6f1f97d,; UTCHMMA=21;UTCHMMA_WS=16;UTCBAR=1;UTCATOMSWS=3;SYNCS_TRYWAIT=8;LDS=21;LDG=9;ptx_tcgen05_mma=21;ptx_tcgen05_mma_ws=16;ptx_tcgen05_commit=1;ptx_tcgen05_alloc=1;ptx_tcgen05_dealloc=1;ptx_tcgen05_ld=5;ptx_tcgen05_st=5;ptx_mbarrier_wait=5;ptx_cp_async_tma=2;ptx_ld_shared=26;ptx_ld_global=7
01_collector_protocol,collector_bf16_m128n128k16_pingpong_fill_use_lastuse_r7,1,,NVIDIA Thor,11.0,580.00,13.0,PTX ISA 9.3 / CUDA 13.0,1575.000,,,,bf16,128,128,16,9,400,21,1,fill_use_lastuse,pingpong,4,4,9,1,nocount,sw128,sw128,16,16,16,0,512,0,128,none,0,none,0,4,20,3557962.0,2259.023492063492,,,,,8192,,16.710200727270273,,,0,0.0,1,bf14b28d2af4128daa99f23eec8a5e105636d0b04136f8be580fdc39d6f1f97d,
01_collector_protocol,collector_bf16_m128n128k16_pingpong_fill_use_lastuse_r7,1,,NVIDIA Thor,11.0,580.00,13.0,PTX ISA 9.3 / CUDA 13.0,1575.000,,,,bf16,128,128,16,9,400,21,2,fill_use_lastuse,pingpong,4,4,9,1,nocount,sw128,sw128,16,16,16,0,512,0,128,none,0,none,0,4,20,3557952.0,2259.0171428571425,,,,,8192,,16.710247693054882,,,0,0.0,1,bf14b28d2af4128daa99f23eec8a5e105636d0b04136f8be580fdc39d6f1f97d,
01_collector_protocol,collector_bf16_m128n128k16_pingpong_fill_use_lastuse_r7,1,,NVIDIA Thor,11.0,580.00,13.0,PTX ISA 9.3 / CUDA 13.0,1575.000,,,,bf16,128,128,16,9,400,21,3,fill_use_lastuse,pingpong,4,4,9,1,nocount,sw128,sw128,16,16,16,0,512,0,128,none,0,none,0,4,20,3557950.0,2259.0158730158732,,,,,8192,,16.710257086243484,,,0,0.0,1,bf14b28d2af4128daa99f23eec8a5e105636d0b04136f8be580fdc39d6f1f97d,
01_collector_protocol,collector_bf16_m128n128k16_pingpong_fill_use_lastuse_r7,1,,NVIDIA Thor,11.0,580.00,13.0,PTX ISA 9.3 / CUDA 13.0,1575.000,,,,bf16,128,128,16,9,400,21,4,fill_use_lastuse,pingpong,4,4,9,1,nocount,sw128,sw128,16,16,16,0,512,0,128,none,0,none,0,4,20,3557952.0,2259.0171428571425,,,,,8192,,16.710247693054882,,,0,0.0,1,bf14b28d2af4128daa99f23eec8a5e105636d0b04136f8be580fdc39d6f1f97d,
01_collector_protocol,collector_bf16_m128n256k16_same_fill_use_lastuse_r7,1,,NVIDIA Thor,11.0,580.00,13.0,PTX ISA 9.3 / CUDA 13.0,1575.000,,,,bf16,128,256,16,9,400,22,0,fill_use_lastuse,same,2,2,9,1,nocount,sw128,sw128,16,16,16,0,512,0,256,none,0,none,0,4,20,3557080.0,2258.463492063492,,,,,12288,,33.42868824991285,,,0,0.0,1,bf14b28d2af4128daa99f23eec8a5e105636d0b04136f8be580fdc39d6f1f97d,; UTCHMMA=21;UTCHMMA_WS=16;UTCBAR=1;UTCATOMSWS=3;SYNCS_TRYWAIT=8;LDS=21;LDG=9;ptx_tcgen05_mma=21;ptx_tcgen05_mma_ws=16;ptx_tcgen05_commit=1;ptx_tcgen05_alloc=1;ptx_tcgen05_dealloc=1;ptx_tcgen05_ld=5;ptx_tcgen05_st=5;ptx_mbarrier_wait=5;ptx_cp_async_tma=2;ptx_ld_shared=26;ptx_ld_global=7
01_collector_protocol,collector_bf16_m128n256k16_same_fill_use_lastuse_r7,1,,NVIDIA Thor,11.0,580.00,13.0,PTX ISA 9.3 / CUDA 13.0,1575.000,,,,bf16,128,256,16,9,400,22,1,fill_use_lastuse,same,2,2,9,1,nocount,sw128,sw128,16,16,16,0,512,0,256,none,0,none,0,4,20,3557952.0,2259.0171428571425,,,,,12288,,33.420495386109764,,,0,0.0,1,bf14b28d2af4128daa99f23eec8a5e105636d0b04136f8be580fdc39d6f1f97d,
01_collector_protocol,collector_bf16_m128n256k16_same_fill_use_lastuse_r7,1,,NVIDIA Thor,11.0,580.00,13.0,PTX ISA 9.3 / CUDA 13.0,1575.000,,,,bf16,128,256,16,9,400,22,2,fill_use_lastuse,same,2,2,9,1,nocount,sw128,sw128,16,16,16,0,512,0,256,none,0,none,0,4,20,3557943.0,2259.011428571429,,,,,12288,,33.4205799249735,,,0,0.0,1,bf14b28d2af4128daa99f23eec8a5e105636d0b04136f8be580fdc39d6f1f97d,
01_collector_protocol,collector_bf16_m128n256k16_same_fill_use_lastuse_r7,1,,NVIDIA Thor,11.0,580.00,13.0,PTX ISA 9.3 / CUDA 13.0,1575.000,,,,bf16,128,256,16,9,400,22,3,fill_use_lastuse,same,2,2,9,1,nocount,sw128,sw128,16,16,16,0,512,0,256,none,0,none,0,4,20,3557952.0,2259.0171428571425,,,,,12288,,33.420495386109764,,,0,0.0,1,bf14b28d2af4128daa99f23eec8a5e105636d0b04136f8be580fdc39d6f1f97d,
01_collector_protocol,collector_bf16_m128n256k16_same_fill_use_lastuse_r7,1,,NVIDIA Thor,11.0,580.00,13.0,PTX ISA 9.3 / CUDA 13.0,1575.000,,,,bf16,128,256,16,9,400,22,4,fill_use_lastuse,same,2,2,9,1,nocount,sw128,sw128,16,16,16,0,512,0,256,none,0,none,0,4,20,3557943.0,2259.011428571429,,,,,12288,,33.4205799249735,,,0,0.0,1,bf14b28d2af4128daa99f23eec8a5e105636d0b04136f8be580fdc39d6f1f97d,
01_collector_protocol,collector_fp16_m128n64k16_same_fill_use_lastuse_r7,1,,NVIDIA Thor,11.0,580.00,13.0,PTX ISA 9.3 / CUDA 13.0,1575.000,,,,fp16,128,64,16,9,400,23,0,fill_use_lastuse,same,8,8,9,1,nocount,sw128,sw128,16,16,16,0,512,0,64,none,0,none,0,4,20,3557953.0,2259.0177777777776,,,,,6144,,8.35512149823227,,,0,0.0,1,bf14b28d2af4128daa99f23eec8a5e105636d0b04136f8be580fdc39d6f1f97d,; UTCHMMA=21;UTCHMMA_WS=16;UTCBAR=1;UTCATOMSWS=3;SYNCS_TRYWAIT=8;LDS=21;LDG=9;ptx_tcgen05_mma=21;ptx_tcgen05_mma_ws=16;ptx_tcgen05_commit=1;ptx_tcgen05_alloc=1;ptx_tcgen05_dealloc=1;ptx_tcgen05_ld=5;ptx_tcgen05_st=5;ptx_mbarrier_wait=5;ptx_cp_async_tma=2;ptx_ld_shared=26;ptx_ld_global=7
01_collector_protocol,collector_fp16_m128n64k16_same_fill_use_lastuse_r7,1,,NVIDIA Thor,11.0,580.00,13.0,PTX ISA 9.3 / CUDA 13.0,1575.000,,,,fp16,128,64,16,9,400,23,1,fill_use_lastuse,same,8,8,9,1,nocount,sw128,sw128,16,16,16,0,512,0,64,none,0,none,0,4,20,3557962.0,2259.023492063492,,,,,6144,,8.355100363635136,,,0,0.0,1,bf14b28d2af4128daa99f23eec8a5e105636d0b04136f8be580fdc39d6f1f97d,
01_collector_protocol,collector_fp16_m128n64k16_same_fill_use_lastuse_r7,1,,NVIDIA Thor,11.0,580.00,13.0,PTX ISA 9.3 / CUDA 13.0,1575.000,,,,fp16,128,64,16,9,400,23,2,fill_use_lastuse,same,8,8,9,1,nocount,sw128,sw128,16,16,16,0,512,0,64,none,0,none,0,4,20,3557957.0,2259.0203174603175,,,,,6144,,8.355112105064789,,,0,0.0,1,bf14b28d2af4128daa99f23eec8a5e105636d0b04136f8be580fdc39d6f1f97d,
01_collector_protocol,collector_fp16_m128n64k16_same_fill_use_lastuse_r7,1,,NVIDIA Thor,11.0,580.00,13.0,PTX ISA 9.3 / CUDA 13.0,1575.000,,,,fp16,128,64,16,9,400,23,3,fill_use_lastuse,same,8,8,9,1,nocount,sw128,sw128,16,16,16,0,512,0,64,none,0,none,0,4,20,3557957.0,2259.0203174603175,,,,,6144,,8.355112105064789,,,0,0.0,1,bf14b28d2af4128daa99f23eec8a5e105636d0b04136f8be580fdc39d6f1f97d,
01_collector_protocol,collector_fp16_m128n64k16_same_fill_use_lastuse_r7,1,,NVIDIA Thor,11.0,580.00,13.0,PTX ISA 9.3 / CUDA 13.0,1575.000,,,,fp16,128,64,16,9,400,23,4,fill_use_lastuse,same,8,8,9,1,nocount,sw128,sw128,16,16,16,0,512,0,64,none,0,none,0,4,20,3557960.0,2259.0222222222224,,,,,6144,,8.355105060203037,,,0,0.0,1,bf14b28d2af4128daa99f23eec8a5e105636d0b04136f8be580fdc39d6f1f97d,
01_collector_protocol,collector_bf16_m128n128k16_pingpong_discard_r0,1,,NVIDIA Thor,11.0,580.00,13.0,PTX ISA 9.3 / CUDA 13.0,1575.000,,,,bf16,128,128,16,32,400,24,0,discard,pingpong,4,4,32,1,nocount,sw128,sw128,16,16,16,0,512,0,128,none,0,none,0,4,20,11495967.0,7299.026666666667,,,,,8192,,18.388441929243534,,,0,0.0,1,bf14b28d2af4128daa99f23eec8a5e105636d0b04136f8be580fdc39d6f1f97d,; UTCHMMA=21;UTCHMMA_WS=16;UTCBAR=1;UTCATOMSWS=3;SYNCS_TRYWAIT=8;LDS=21;LDG=9;ptx_tcgen05_mma=21;ptx_tcgen05_mma_ws=16;ptx_tcgen05_commit=1;ptx_tcgen05_alloc=1;ptx_tcgen05_dealloc=1;ptx_tcgen05_ld=5;ptx_tcgen05_st=5;ptx_mbarrier_wait=5;ptx_cp_async_tma=2;ptx_ld_shared=26;ptx_ld_global=7
01_collector_protocol,collector_bf16_m128n128k16_pingpong_discard_r0,1,,NVIDIA Thor,11.0,580.00,13.0,PTX ISA 9.3 / CUDA 13.0,1575.000,,,,bf16,128,128,16,32,400,24,1,discard,pingpong,4,4,32,1,nocount,sw128,sw128,16,16,16,0,512,0,128,none,0,none,0,4,20,11495968.0,7299.027301587302,,,,,8192,,18.388440329687764,,,0,0.0,1,bf14b28d2af4128daa99f23eec8a5e105636d0b04136f8be580fdc39d6f1f97d,
01_collector_protocol,collector_bf16_m128n128k16_pingpong_discard_r0,1,,NVIDIA Thor,11.0,580.00,13.0,PTX ISA 9.3 / CUDA 13.0,1575.000,,,,bf16,128,128,16,32,400,24,2,discard,pingpong,4,4,32,1,nocount,sw128,sw128,16,16,16,0,512,0,128,none,0,none,0,4,20,11495968.0,7299.027301587302,,,,,8192,,18.388440329687764,,,0,0.0,1,bf14b28d2af4128daa99f23eec8a5e105636d0b04136f8be580fdc39d6f1f97d,
01_collector_protocol,collector_bf16_m128n128k16_pingpong_discard_r0,1,,NVIDIA Thor,11.0,580.00,13.0,PTX ISA 9.3 / CUDA 13.0,1575.000,,,,bf16,128,128,16,32,400,24,3,discard,pingpong,4,4,32,1,nocount,sw128,sw128,16,16,16,0,512,0,128,none,0,none,0,4,20,11495962.0,7299.023492063492,,,,,8192,,18.38844992702655,,,0,0.0,1,bf14b28d2af4128daa99f23eec8a5e105636d0b04136f8be580fdc39d6f1f97d,
01_collector_protocol,collector_bf16_m128n128k16_pingpong_discard_r0,1,,NVIDIA Thor,11.0,580.00,13.0,PTX ISA 9.3 / CUDA 13.0,1575.000,,,,bf16,128,128,16,32,400,24,4,discard,pingpong,4,4,32,1,nocount,sw128,sw128,16,16,16,0,512,0,128,none,0,none,0,4,20,11496088.0,7299.103492063492,,,,,8192,,18.388248385015842,,,0,0.0,1,bf14b28d2af4128daa99f23eec8a5e105636d0b04136f8be580fdc39d6f1f97d,
01_collector_protocol,collector_ws_b2_fp16_m128n256k16,1,,NVIDIA Thor,11.0,580.00,13.0,PTX ISA 9.3 / CUDA 13.0,1575.000,,,,fp16,128,256,16,8,300,25,0,fill_use_lastuse,same,2,2,8,1,nocount,sw128,sw128,16,16,16,0,512,0,256,none,0,none,0,4,20,3098271.0,1967.1561904761907,,,,,12288,,25.585994769340704,,,0,0.0,1,bf14b28d2af4128daa99f23eec8a5e105636d0b04136f8be580fdc39d6f1f97d,; UTCHMMA=21;UTCHMMA_WS=16;UTCBAR=1;UTCATOMSWS=3;SYNCS_TRYWAIT=8;LDS=21;LDG=9;ptx_tcgen05_mma=21;ptx_tcgen05_mma_ws=16;ptx_tcgen05_commit=1;ptx_tcgen05_alloc=1;ptx_tcgen05_dealloc=1;ptx_tcgen05_ld=5;ptx_tcgen05_st=5;ptx_mbarrier_wait=5;ptx_cp_async_tma=2;ptx_ld_shared=26;ptx_ld_global=7
01_collector_protocol,collector_ws_b2_fp16_m128n256k16,1,,NVIDIA Thor,11.0,580.00,13.0,PTX ISA 9.3 / CUDA 13.0,1575.000,,,,fp16,128,256,16,8,300,25,1,fill_use_lastuse,same,2,2,8,1,nocount,sw128,sw128,16,16,16,0,512,0,256,none,0,none,0,4,20,3098273.0,1967.1574603174602,,,,,12288,,25.585978253046136,,,0,0.0,1,bf14b28d2af4128daa99f23eec8a5e105636d0b04136f8be580fdc39d6f1f97d,
01_collector_protocol,collector_ws_b2_fp16_m128n256k16,1,,NVIDIA Thor,11.0,580.00,13.0,PTX ISA 9.3 / CUDA 13.0,1575.000,,,,fp16,128,256,16,8,300,25,2,fill_use_lastuse,same,2,2,8,1,nocount,sw128,sw128,16,16,16,0,512,0,256,none,0,none,0,4,20,3098269.0,1967.1549206349207,,,,,12288,,25.586011285656603,,,0,0.0,1,bf14b28d2af4128daa99f23eec8a5e105636d0b04136f8be580fdc39d6f1f97d,
01_collector_protocol,collector_ws_b2_fp16_m128n256k16,1,,NVIDIA Thor,11.0,580.00,13.0,PTX ISA 9.3 / CUDA 13.0,1575.000,,,,fp16,128,256,16,8,300,25,3,fill_use_lastuse,same,2,2,8,1,nocount,sw128,sw128,16,16,16,0,512,0,256,none,0,none,0,4,20,3098271.0,1967.1561904761907,,,,,12288,,25.585994769340704,,,0,0.0,1,bf14b28d2af4128daa99f23eec8a5e105636d0b04136f8be580fdc39d6f1f97d,
01_collector_protocol,collector_ws_b2_fp16_m128n256k16,1,,NVIDIA Thor,11.0,580.00,13.0,PTX ISA 9.3 / CUDA 13.0,1575.000,,,,fp16,128,256,16,8,300,25,4,fill_use_lastuse,same,2,2,8,1,nocount,sw128,sw128,16,16,16,0,512,0,256,none,0,none,0,4,20,3098273.0,1967.1574603174602,,,,,12288,,25.585978253046136,,,0,0.0,1,bf14b28d2af4128daa99f23eec8a5e105636d0b04136f8be580fdc39d6f1f97d,
01_collector_protocol,collector_fp16_m128n64k16_pingpong_fill_lastuse_r0,1,,NVIDIA Thor,11.0,580.00,13.0,PTX ISA 9.3 / CUDA 13.0,1575.000,,,,fp16,128,64,16,2,400,26,0,fill_lastuse,pingpong,8,8,2,1,nocount,sw128,sw128,16,16,16,0,512,0,64,none,0,none,0,4,20,1028370.0,652.9333333333334,,,,,6144,,6.42378599142332,,,0,0.0,1,bf14b28d2af4128daa99f23eec8a5e105636d0b04136f8be580fdc39d6f1f97d,; UTCHMMA=21;UTCHMMA_WS=16;UTCBAR=1;UTCATOMSWS=3;SYNCS_TRYWAIT=8;LDS=21;LDG=9;ptx_tcgen05_mma=21;ptx_tcgen05_mma_ws=16;ptx_tcgen05_commit=1;ptx_tcgen05_alloc=1;ptx_tcgen05_dealloc=1;ptx_tcgen05_ld=5;ptx_tcgen05_st=5;ptx_mbarrier_wait=5;ptx_cp_async_tma=2;ptx_ld_shared=26;ptx_ld_global=7
01_collector_protocol,collector_fp16_m128n64k16_pingpong_fill_lastuse_r0,1,,NVIDIA Thor,11.0,580.00,13.0,PTX ISA 9.3 / CUDA 13.0,1575.000,,,,fp16,128,64,16,2,400,26,1,fill_lastuse,pingpong,8,8,2,1,nocount,sw128,sw128,16,16,16,0,512,0,64,none,0,none,0,4,20,1028361.0,652.927619047619,,,,,6144,,6.423842211052345,,,0,0.0,1,bf14b28d2af4128daa99f23eec8a5e105636d0b04136f8be580fdc39d6f1f97d,
01_collector_protocol,collector_fp16_m128n64k16_pingpong_fill_lastuse_r0,1,,NVIDIA Thor,11.0,580.00,13.0,PTX ISA 9.3 / CUDA 13.0,1575.000,,,,fp16,128,64,16,2,400,26,2,fill_lastuse,pingpong,8,8,2,1,nocount,sw128,sw128,16,16,16,0,512,0,64,none,0,none,0,4,20,1028375.0,652.936507936508,,,,,6144,,6.423754758721283,,,0,0.0,1,bf14b28d2af4128daa99f23eec8a5e105636d0b04136f8be580fdc39d6f1f97d,
01_collector_protocol,collector_fp16_m128n64k16_pingpong_fill_lastuse_r0,1,,NVIDIA Thor,11.0,580.00,13.0,PTX ISA 9.3 / CUDA 13.0,1575.000,,,,fp16,128,64,16,2,400,26,3,fill_lastuse,pingpong,8,8,2,1,nocount,sw128,sw128,16,16,16,0,512,0,64,none,0,none,0,4,20,1028373.0,652.9352380952381,,,,,6144,,6.423767251765653,,,0,0.0,1,bf14b28d2af4128daa99f23eec8a5e105636d0b04136f8be580fdc39d6f1f97d,
01_collector_protocol,collector_fp16_m128n64k16_pingpong_fill_lastuse_r0,1,,NVIDIA Thor,11.0,580.00,13.0,PTX ISA 9.3 / CUDA 13.0,1575.000,,,,fp16,128,64,16,2,400,26,4,fill_lastuse,pingpong,8,8,2,1,nocount,sw128,sw128,16,16,16,0,512,0,64,none,0,none,0,4,20,1028361.0,652.927619047619,,,,,6144,,6.423842211052345,,,0,0.0,1,bf14b28d2af4128daa99f23eec8a5e105636d0b04136f8be580fdc39d6f1f97d,
01_collector_protocol,collector_bf16_m128n64k16_pingpong_fill_use_lastuse_r1,1,,NVIDIA Thor,11.0,580.00,13.0,PTX ISA 9.3 / CUDA 13.0,1575.000,,,,bf16,128,64,16,3,400,27,0,fill_use_lastuse,pingpong,8,8,3,1,nocount,sw128,sw128,16,16,16,0,512,0,64,none,0,none,0,4,20,1392772.0,884.2996825396825,,,,,6144,,7.114619765474894,,,0,0.0,1,bf14b28d2af4128daa99f23eec8a5e105636d0b04136f8be580fdc39d6f1f97d,; UTCHMMA=21;UTCHMMA_WS=16;UTCBAR=1;UTCATOMSWS=3;SYNCS_TRYWAIT=8;LDS=21;LDG=9;ptx_tcgen05_mma=21;ptx_tcgen05_mma_ws=16;ptx_tcgen05_commit=1;ptx_tcgen05_alloc=1;ptx_tcgen05_dealloc=1;ptx_tcgen05_ld=5;ptx_tcgen05_st=5;ptx_mbarrier_wait=5;ptx_cp_async_tma=2;ptx_ld_shared=26;ptx_ld_global=7
01_collector_protocol,collector_bf16_m128n64k16_pingpong_fill_use_lastuse_r1,1,,NVIDIA Thor,11.0,580.00,13.0,PTX ISA 9.3 / CUDA 13.0,1575.000,,,,bf16,128,64,16,3,400,27,1,fill_use_lastuse,pingpong,8,8,3,1,nocount,sw128,sw128,16,16,16,0,512,0,64,none,0,none,0,4,20,1392773.0,884.3003174603175,,,,,6144,,7.114614657234165,,,0,0.0,1,bf14b28d2af4128daa99f23eec8a5e105636d0b04136f8be580fdc39d6f1f97d,
01_collector_protocol,collector_bf16_m128n64k16_pingpong_fill_use_lastuse_r1,1,,NVIDIA Thor,11.0,580.00,13.0,PTX ISA 9.3 / CUDA 13.0,1575.000,,,,bf16,128,64,16,3,400,27,2,fill_use_lastuse,pingpong,8,8,3,1,nocount,sw128,sw128,16,16,16,0,512,0,64,none,0,none,0,4,20,1392768.0,884.2971428571428,,,,,6144,,7.114640198511167,,,0,0.0,1,bf14b28d2af4128daa99f23eec8a5e105636d0b04136f8be580fdc39d6f1f97d,
01_collector_protocol,collector_bf16_m128n64k16_pingpong_fill_use_lastuse_r1,1,,NVIDIA Thor,11.0,580.00,13.0,PTX ISA 9.3 / CUDA 13.0,1575.000,,,,bf16,128,64,16,3,400,27,3,fill_use_lastuse,pingpong,8,8,3,1,nocount,sw128,sw128,16,16,16,0,512,0,64,none,0,none,0,4,20,1392773.0,884.3003174603175,,,,,6144,,7.114614657234165,,,0,0.0,1,bf14b28d2af4128daa99f23eec8a5e105636d0b04136f8be580fdc39d6f1f97d,
01_collector_protocol,collector_bf16_m128n64k16_pingpong_fill_use_lastuse_r1,1,,NVIDIA Thor,11.0,580.00,13.0,PTX ISA 9.3 / CUDA 13.0,1575.000,,,,bf16,128,64,16,3,400,27,4,fill_use_lastuse,pingpong,8,8,3,1,nocount,sw128,sw128,16,16,16,0,512,0,64,none,0,none,0,4,20,1392767.0,884.296507936508,,,,,6144,,7.114645306788573,,,0,0.0,1,bf14b28d2af4128daa99f23eec8a5e105636d0b04136f8be580fdc39d6f1f97d,
01_collector_protocol,collector_ws_b4_bf16_m128n128k16,1,,NVIDIA Thor,11.0,580.00,13.0,PTX ISA 9.3 / CUDA 13.0,1575.000,,,,bf16,128,128,16,16,300,28,0,fill_use_lastuse,same,4,4,16,1,nocount,sw128,sw128,16,16,16,0,512,0,128,none,0,none,0,4,20,5971137.0,3791.198095238095,,,,,8192,,13.275921419990867,,,0,0.0,1,bf14b28d2af4128daa99f23eec8a5e105636d0b04136f8be580fdc39d6f1f97d,; UTCHMMA=21;UTCHMMA_WS=16;UTCBAR=1;UTCATOMSWS=3;SYNCS_TRYWAIT=8;LDS=21;LDG=9;ptx_tcgen05_mma=21;ptx_tcgen05_mma_ws=16;ptx_tcgen05_commit=1;ptx_tcgen05_alloc=1;ptx_tcgen05_dealloc=1;ptx_tcgen05_ld=5;ptx_tcgen05_st=5;ptx_mbarrier_wait=5;ptx_cp_async_tma=2;ptx_ld_shared=26;ptx_ld_global=7
01_collector_protocol,collector_ws_b4_bf16_m128n128k16,1,,NVIDIA Thor,11.0,580.00,13.0,PTX ISA 9.3 / CUDA 13.0,1575.000,,,,bf16,128,128,16,16,300,28,1,fill_use_lastuse,same,4,4,16,1,nocount,sw128,sw128,16,16,16,0,512,0,128,none,0,none,0,4,20,5971134.0,3791.1961904761906,,,,,8192,,13.275928090041187,,,0,0.0,1,bf14b28d2af4128daa99f23eec8a5e105636d0b04136f8be580fdc39d6f1f97d,
01_collector_protocol,collector_ws_b4_bf16_m128n128k16,1,,NVIDIA Thor,11.0,580.00,13.0,PTX ISA 9.3 / CUDA 13.0,1575.000,,,,bf16,128,128,16,16,300,28,2,fill_use_lastuse,same,4,4,16,1,nocount,sw128,sw128,16,16,16,0,512,0,128,none,0,none,0,4,20,5971132.0,3791.1949206349204,,,,,8192,,13.275932536745128,,,0,0.0,1,bf14b28d2af4128daa99f23eec8a5e105636d0b04136f8be580fdc39d6f1f97d,
01_collector_protocol,collector_ws_b4_bf16_m128n128k16,1,,NVIDIA Thor,11.0,580.00,13.0,PTX ISA 9.3 / CUDA 13.0,1575.000,,,,bf16,128,128,16,16,300,28,3,fill_use_lastuse,same,4,4,16,1,nocount,sw128,sw128,16,16,16,0,512,0,128,none,0,none,0,4,20,5971136.0,3791.1974603174604,,,,,8192,,13.275923643340228,,,0,0.0,1,bf14b28d2af4128daa99f23eec8a5e105636d0b04136f8be580fdc39d6f1f97d,
01_collector_protocol,collector_ws_b4_bf16_m128n128k16,1,,NVIDIA Thor,11.0,580.00,13.0,PTX ISA 9.3 / CUDA 13.0,1575.000,,,,bf16,128,128,16,16,300,28,4,fill_use_lastuse,same,4,4,16,1,nocount,sw128,sw128,16,16,16,0,512,0,128,none,0,none,0,4,20,5970542.0,3790.8203174603173,,,,,8192,,13.27724444447422,,,0,0.0,1,bf14b28d2af4128daa99f23eec8a5e105636d0b04136f8be580fdc39d6f1f97d,
01_collector_protocol,collector_ws_b4_bf16_m128n256k16,1,,NVIDIA Thor,11.0,580.00,13.0,PTX ISA 9.3 / CUDA 13.0,1575.000,,,,bf16,128,256,16,16,300,29,0,fill_use_lastuse,same,2,2,16,1,nocount,sw128,sw128,16,16,16,0,512,0,256,none,0,none,0,4,20,5970843.0,3791.011428571429,,,,,12288,,26.553150233559986,,,0,0.0,1,bf14b28d2af4128daa99f23eec8a5e105636d0b04136f8be580fdc39d6f1f97d,; UTCHMMA=21;UTCHMMA_WS=16;UTCBAR=1;UTCATOMSWS=3;SYNCS_TRYWAIT=8;LDS=21;LDG=9;ptx_tcgen05_mma=21;ptx_tcgen05_mma_ws=16;ptx_tcgen05_commit=1;ptx_tcgen05_alloc=1;ptx_tcgen05_dealloc=1;ptx_tcgen05_ld=5;ptx_tcgen05_st=5;ptx_mbarrier_wait=5;ptx_cp_async_tma=2;ptx_ld_shared=26;ptx_ld_global=7
01_collector_protocol,collector_ws_b4_bf16_m128n256k16,1,,NVIDIA Thor,11.0,580.00,13.0,PTX ISA 9.3 / CUDA 13.0,1575.000,,,,bf16,128,256,16,16,300,29,1,fill_use_lastuse,same,2,2,16,1,nocount,sw128,sw128,16,16,16,0,512,0,256,none,0,none,0,4,20,5970837.0,3791.007619047619,,,,,12288,,26.553176916402172,,,0,0.0,1,bf14b28d2af4128daa99f23eec8a5e105636d0b04136f8be580fdc39d6f1f97d,
01_collector_protocol,collector_ws_b4_bf16_m128n256k16,1,,NVIDIA Thor,11.0,580.00,13.0,PTX ISA 9.3 / CUDA 13.0,1575.000,,,,bf16,128,256,16,16,300,29,2,fill_use_lastuse,same,2,2,16,1,nocount,sw128,sw128,16,16,16,0,512,0,256,none,0,none,0,4,20,5970834.0,3791.0057142857145,,,,,12288,,26.553190257843376,,,0,0.0,1,bf14b28d2af4128daa99f23eec8a5e105636d0b04136f8be580fdc39d6f1f97d,
01_collector_protocol,collector_ws_b4_bf16_m128n256k16,1,,NVIDIA Thor,11.0,580.00,13.0,PTX ISA 9.3 / CUDA 13.0,1575.000,,,,bf16,128,256,16,16,300,29,3,fill_use_lastuse,same,2,2,16,1,nocount,sw128,sw128,16,16,16,0,512,0,256,none,0,none,0,4,20,5970844.0,3791.0120634920636,,,,,12288,,26.553145786424835,,,0,0.0,1,bf14b28d2af4128daa99f23eec8a5e105636d0b04136f8be580fdc39d6f1f97d,
01_collector_protocol,collector_ws_b4_bf16_m128n256k16,1,,NVIDIA Thor,11.0,580.00,13.0,PTX ISA 9.3 / CUDA 13.0,1575.000,,,,bf16,128,256,16,16,300,29,4,fill_use_lastuse,same,2,2,16,1,nocount,sw128,sw128,16,16,16,0,512,0,256,none,0,none,0,4,20,5970832.0,3791.0044444444447,,,,,12288,,26.553199152144963,,,0,0.0,1,bf14b28d2af4128daa99f23eec8a5e105636d0b04136f8be580fdc39d6f1f97d,
01_collector_protocol,collector_fp16_m128n128k16_pingpong_discard_r0,1,,NVIDIA Thor,11.0,580.00,13.0,PTX ISA 9.3 / CUDA 13.0,1575.000,,,,fp16,128,128,16,32,400,30,0,discard,pingpong,4,4,32,1,nocount,sw128,sw128,16,16,16,0,512,0,128,none,0,none,0,4,20,11495968.0,7299.027301587302,,,,,8192,,18.388440329687764,,,0,0.0,1,bf14b28d2af4128daa99f23eec8a5e105636d0b04136f8be580fdc39d6f1f97d,; UTCHMMA=21;UTCHMMA_WS=16;UTCBAR=1;UTCATOMSWS=3;SYNCS_TRYWAIT=8;LDS=21;LDG=9;ptx_tcgen05_mma=21;ptx_tcgen05_mma_ws=16;ptx_tcgen05_commit=1;ptx_tcgen05_alloc=1;ptx_tcgen05_dealloc=1;ptx_tcgen05_ld=5;ptx_tcgen05_st=5;ptx_mbarrier_wait=5;ptx_cp_async_tma=2;ptx_ld_shared=26;ptx_ld_global=7
01_collector_protocol,collector_fp16_m128n128k16_pingpong_discard_r0,1,,NVIDIA Thor,11.0,580.00,13.0,PTX ISA 9.3 / CUDA 13.0,1575.000,,,,fp16,128,128,16,32,400,30,1,discard,pingpong,4,4,32,1,nocount,sw128,sw128,16,16,16,0,512,0,128,none,0,none,0,4,20,11496090.0,7299.104761904762,,,,,8192,,18.388245185971925,,,0,0.0,1,bf14b28d2af4128daa99f23eec8a5e105636d0b04136f8be580fdc39d6f1f97d,
01_collector_protocol,collector_fp16_m128n128k16_pingpong_discard_r0,1,,NVIDIA Thor,11.0,580.00,13.0,PTX ISA 9.3 / CUDA 13.0,1575.000,,,,fp16,128,128,16,32,400,30,2,discard,pingpong,4,4,32,1,nocount,sw128,sw128,16,16,16,0,512,0,128,none,0,none,0,4,20,11495965.0,7299.025396825397,,,,,8192,,18.388445128355905,,,0,0.0,1,bf14b28d2af4128daa99f23eec8a5e105636d0b04136f8be580fdc39d6f1f97d,
01_collector_protocol,collector_fp16_m128n128k16_pingpong_discard_r0,1,,NVIDIA Thor,11.0,580.00,13.0,PTX ISA 9.3 / CUDA 13.0,1575.000,,,,fp16,128,128,16,32,400,30,3,discard,pingpong,4,4,32,1,nocount,sw128,sw128,16,16,16,0,512,0,128,none,0,none,0,4,20,11496089.0,7299.104126984127,,,,,8192,,18.388246785493745,,,0,0.0,1,bf14b28d2af4128daa99f23eec8a5e105636d0b04136f8be580fdc39d6f1f97d,
01_collector_protocol,collector_fp16_m128n128k16_pingpong_discard_r0,1,,NVIDIA Thor,11.0,580.00,13.0,PTX ISA 9.3 / CUDA 13.0,1575.000,,,,fp16,128,128,16,32,400,30,4,discard,pingpong,4,4,32,1,nocount,sw128,sw128,16,16,16,0,512,0,128,none,0,none,0,4,20,11495971.0,7299.029206349206,,,,,8192,,18.38843553102213,,,0,0.0,1,bf14b28d2af4128daa99f23eec8a5e105636d0b04136f8be580fdc39d6f1f97d,
01_collector_protocol,collector_fp16_m128n64k16_pingpong_fill_use_discard_r3,1,,NVIDIA Thor,11.0,580.00,13.0,PTX ISA 9.3 / CUDA 13.0,1575.000,,,,fp16,128,64,16,5,400,31,0,fill_use_discard,pingpong,8,8,5,1,nocount,sw128,sw128,16,16,16,0,512,0,64,none,0,none,0,4,20,2110766.0,1340.168888888889,,,,,6144,,7.824207894195757,,,0,0.0,1,bf14b28d2af4128daa99f23eec8a5e105636d0b04136f8be580fdc39d6f1f97d,; UTCHMMA=21;UTCHMMA_WS=16;UTCBAR=1;UTCATOMSWS=3;SYNCS_TRYWAIT=8;LDS=21;LDG=9;ptx_tcgen05_mma=21;ptx_tcgen05_mma_ws=16;ptx_tcgen05_commit=1;ptx_tcgen05_alloc=1;ptx_tcgen05_dealloc=1;ptx_tcgen05_ld=5;ptx_tcgen05_st=5;ptx_mbarrier_wait=5;ptx_cp_async_tma=2;ptx_ld_shared=26;ptx_ld_global=7
01_collector_protocol,collector_fp16_m128n64k16_pingpong_fill_use_discard_r3,1,,NVIDIA Thor,11.0,580.00,13.0,PTX ISA 9.3 / CUDA 13.0,1575.000,,,,fp16,128,64,16,5,400,31,1,fill_use_discard,pingpong,8,8,5,1,nocount,sw128,sw128,16,16,16,0,512,0,64,none,0,none,0,4,20,2110770.0,1340.1714285714286,,,,,6144,,7.824193066985035,,,0,0.0,1,bf14b28d2af4128daa99f23eec8a5e105636d0b04136f8be580fdc39d6f1f97d,
01_collector_protocol,collector_fp16_m128n64k16_pingpong_fill_use_discard_r3,1,,NVIDIA Thor,11.0,580.00,13.0,PTX ISA 9.3 / CUDA 13.0,1575.000,,,,fp16,128,64,16,5,400,31,2,fill_use_discard,pingpong,8,8,5,1,nocount,sw128,sw128,16,16,16,0,512,0,64,none,0,none,0,4,20,2110770.0,1340.1714285714286,,,,,6144,,7.824193066985035,,,0,0.0,1,bf14b28d2af4128daa99f23eec8a5e105636d0b04136f8be580fdc39d6f1f97d,
01_collector_protocol,collector_fp16_m128n64k16_pingpong_fill_use_discard_r3,1,,NVIDIA Thor,11.0,580.00,13.0,PTX ISA 9.3 / CUDA 13.0,1575.000,,,,fp16,128,64,16,5,400,31,3,fill_use_discard,pingpong,8,8,5,1,nocount,sw128,sw128,16,16,16,0,512,0,64,none,0,none,0,4,20,2110775.0,1340.1746031746031,,,,,6144,,7.824174533050657,,,0,0.0,1,bf14b28d2af4128daa99f23eec8a5e105636d0b04136f8be580fdc39d6f1f97d,
01_collector_protocol,collector_fp16_m128n64k16_pingpong_fill_use_discard_r3,1,,NVIDIA Thor,11.0,580.00,13.0,PTX ISA 9.3 / CUDA 13.0,1575.000,,,,fp16,128,64,16,5,400,31,4,fill_use_discard,pingpong,8,8,5,1,nocount,sw128,sw128,16,16,16,0,512,0,64,none,0,none,0,4,20,2110759.0,1340.1644444444444,,,,,6144,,7.824233841949744,,,0,0.0,1,bf14b28d2af4128daa99f23eec8a5e105636d0b04136f8be580fdc39d6f1f97d,
01_collector_protocol,collector_bf16_m128n256k16_same_fill_use_lastuse_r1,1,,NVIDIA Thor,11.0,580.00,13.0,PTX ISA 9.3 / CUDA 13.0,1575.000,,,,bf16,128,256,16,3,400,32,0,fill_use_lastuse,same,2,2,3,1,nocount,sw128,sw128,16,16,16,0,512,0,256,none,0,none,0,4,20,1392770.0,884.2984126984127,,,,,12288,,28.458519927913436,,,0,0.0,1,bf14b28d2af4128daa99f23eec8a5e105636d0b04136f8be580fdc39d6f1f97d,; UTCHMMA=21;UTCHMMA_WS=16;UTCBAR=1;UTCATOMSWS=3;SYNCS_TRYWAIT=8;LDS=21;LDG=9;ptx_tcgen05_mma=21;ptx_tcgen05_mma_ws=16;ptx_tcgen05_commit=1;ptx_tcgen05_alloc=1;ptx_tcgen05_dealloc=1;ptx_tcgen05_ld=5;ptx_tcgen05_st=5;ptx_mbarrier_wait=5;ptx_cp_async_tma=2;ptx_ld_shared=26;ptx_ld_global=7
01_collector_protocol,collector_bf16_m128n256k16_same_fill_use_lastuse_r1,1,,NVIDIA Thor,11.0,580.00,13.0,PTX ISA 9.3 / CUDA 13.0,1575.000,,,,bf16,128,256,16,3,400,32,1,fill_use_lastuse,same,2,2,3,1,nocount,sw128,sw128,16,16,16,0,512,0,256,none,0,none,0,4,20,1392770.0,884.2984126984127,,,,,12288,,28.458519927913436,,,0,0.0,1,bf14b28d2af4128daa99f23eec8a5e105636d0b04136f8be580fdc39d6f1f97d,
01_collector_protocol,collector_bf16_m128n256k16_same_fill_use_lastuse_r1,1,,NVIDIA Thor,11.0,580.00,13.0,PTX ISA 9.3 / CUDA 13.0,1575.000,,,,bf16,128,256,16,3,400,32,2,fill_use_lastuse,same,2,2,3,1,nocount,sw128,sw128,16,16,16,0,512,0,256,none,0,none,0,4,20,1392770.0,884.2984126984127,,,,,12288,,28.458519927913436,,,0,0.0,1,bf14b28d2af4128daa99f23eec8a5e105636d0b04136f8be580fdc39d6f1f97d,
01_collector_protocol,collector_bf16_m128n256k16_same_fill_use_lastuse_r1,1,,NVIDIA Thor,11.0,580.00,13.0,PTX ISA 9.3 / CUDA 13.0,1575.000,,,,bf16,128,256,16,3,400,32,3,fill_use_lastuse,same,2,2,3,1,nocount,sw128,sw128,16,16,16,0,512,0,256,none,0,none,0,4,20,1392778.0,884.3034920634921,,,,,12288,,28.45835646456219,,,0,0.0,1,bf14b28d2af4128daa99f23eec8a5e105636d0b04136f8be580fdc39d6f1f97d,
01_collector_protocol,collector_bf16_m128n256k16_same_fill_use_lastuse_r1,1,,NVIDIA Thor,11.0,580.00,13.0,PTX ISA 9.3 / CUDA 13.0,1575.000,,,,bf16,128,256,16,3,400,32,4,fill_use_lastuse,same,2,2,3,1,nocount,sw128,sw128,16,16,16,0,512,0,256,none,0,none,0,4,20,1392766.0,884.295873015873,,,,,12288,,28.458601660293258,,,0,0.0,1,bf14b28d2af4128daa99f23eec8a5e105636d0b04136f8be580fdc39d6f1f97d,
01_collector_protocol,collector_bf16_m128n256k16_same_fill_use_lastuse_r3,1,,NVIDIA Thor,11.0,580.00,13.0,PTX ISA 9.3 / CUDA 13.0,1575.000,,,,bf16,128,256,16,5,400,33,0,fill_use_lastuse,same,2,2,5,1,nocount,sw128,sw128,16,16,16,0,512,0,256,none,0,none,0,4,20,2113568.0,1341.9479365079364,,,,,12288,,31.255340731880874,,,0,0.0,1,bf14b28d2af4128daa99f23eec8a5e105636d0b04136f8be580fdc39d6f1f97d,; UTCHMMA=21;UTCHMMA_WS=16;UTCBAR=1;UTCATOMSWS=3;SYNCS_TRYWAIT=8;LDS=21;LDG=9;ptx_tcgen05_mma=21;ptx_tcgen05_mma_ws=16;ptx_tcgen05_commit=1;ptx_tcgen05_alloc=1;ptx_tcgen05_dealloc=1;ptx_tcgen05_ld=5;ptx_tcgen05_st=5;ptx_mbarrier_wait=5;ptx_cp_async_tma=2;ptx_ld_shared=26;ptx_ld_global=7
01_collector_protocol,collector_bf16_m128n256k16_same_fill_use_lastuse_r3,1,,NVIDIA Thor,11.0,580.00,13.0,PTX ISA 9.3 / CUDA 13.0,1575.000,,,,bf16,128,256,16,5,400,33,1,fill_use_lastuse,same,2,2,5,1,nocount,sw128,sw128,16,16,16,0,512,0,256,none,0,none,0,4,20,2113558.0,1341.9415873015873,,,,,12288,,31.255488612093917,,,0,0.0,1,bf14b28d2af4128daa99f23eec8a5e105636d0b04136f8be580fdc39d6f1f97d,
01_collector_protocol,collector_bf16_m128n256k16_same_fill_use_lastuse_r3,1,,NVIDIA Thor,11.0,580.00,13.0,PTX ISA 9.3 / CUDA 13.0,1575.000,,,,bf16,128,256,16,5,400,33,2,fill_use_lastuse,same,2,2,5,1,nocount,sw128,sw128,16,16,16,0,512,0,256,none,0,none,0,4,20,2113567.0,1341.9473015873016,,,,,12288,,31.25535551983921,,,0,0.0,1,bf14b28d2af4128daa99f23eec8a5e105636d0b04136f8be580fdc39d6f1f97d,
01_collector_protocol,collector_bf16_m128n256k16_same_fill_use_lastuse_r3,1,,NVIDIA Thor,11.0,580.00,13.0,PTX ISA 9.3 / CUDA 13.0,1575.000,,,,bf16,128,256,16,5,400,33,3,fill_use_lastuse,same,2,2,5,1,nocount,sw128,sw128,16,16,16,0,512,0,256,none,0,none,0,4,20,2113558.0,1341.9415873015873,,,,,12288,,31.255488612093917,,,0,0.0,1,bf14b28d2af4128daa99f23eec8a5e105636d0b04136f8be580fdc39d6f1f97d,
01_collector_protocol,collector_bf16_m128n256k16_same_fill_use_lastuse_r3,1,,NVIDIA Thor,11.0,580.00,13.0,PTX ISA 9.3 / CUDA 13.0,1575.000,,,,bf16,128,256,16,5,400,33,4,fill_use_lastuse,same,2,2,5,1,nocount,sw128,sw128,16,16,16,0,512,0,256,none,0,none,0,4,20,2113562.0,1341.944126984127,,,,,12288,,31.255429459840776,,,0,0.0,1,bf14b28d2af4128daa99f23eec8a5e105636d0b04136f8be580fdc39d6f1f97d,
01_collector_protocol,collector_ws_b1_bf16_m128n128k16,1,,NVIDIA Thor,11.0,580.00,13.0,PTX ISA 9.3 / CUDA 13.0,1575.000,,,,bf16,128,128,16,4,300,34,0,fill_use_lastuse,same,4,4,4,1,nocount,sw128,sw128,16,16,16,0,512,0,128,none,0,none,0,4,20,1660620.0,1054.3619047619047,,,,,8192,,11.934148932326481,,,0,0.0,1,bf14b28d2af4128daa99f23eec8a5e105636d0b04136f8be580fdc39d6f1f97d,; UTCHMMA=21;UTCHMMA_WS=16;UTCBAR=1;UTCATOMSWS=3;SYNCS_TRYWAIT=8;LDS=21;LDG=9;ptx_tcgen05_mma=21;ptx_tcgen05_mma_ws=16;ptx_tcgen05_commit=1;ptx_tcgen05_alloc=1;ptx_tcgen05_dealloc=1;ptx_tcgen05_ld=5;ptx_tcgen05_st=5;ptx_mbarrier_wait=5;ptx_cp_async_tma=2;ptx_ld_shared=26;ptx_ld_global=7
01_collector_protocol,collector_ws_b1_bf16_m128n128k16,1,,NVIDIA Thor,11.0,580.00,13.0,PTX ISA 9.3 / CUDA 13.0,1575.000,,,,bf16,128,128,16,4,300,34,1,fill_use_lastuse,same,4,4,4,1,nocount,sw128,sw128,16,16,16,0,512,0,128,none,0,none,0,4,20,1660616.0,1054.359365079365,,,,,8192,,11.93417767864455,,,0,0.0,1,bf14b28d2af4128daa99f23eec8a5e105636d0b04136f8be580fdc39d6f1f97d,
01_collector_protocol,collector_ws_b1_bf16_m128n128k16,1,,NVIDIA Thor,11.0,580.00,13.0,PTX ISA 9.3 / CUDA 13.0,1575.000,,,,bf16,128,128,16,4,300,34,2,fill_use_lastuse,same,4,4,4,1,nocount,sw128,sw128,16,16,16,0,512,0,128,none,0,none,0,4,20,1660626.0,1054.3657142857144,,,,,8192,,11.934105813109031,,,0,0.0,1,bf14b28d2af4128daa99f23eec8a5e105636d0b04136f8be580fdc39d6f1f97d,
01_collector_protocol,collector_ws_b1_bf16_m128n128k16,1,,NVIDIA Thor,11.0,580.00,13.0,PTX ISA 9.3 / CUDA 13.0,1575.000,,,,bf16,128,128,16,4,300,34,3,fill_use_lastuse,same,4,4,4,1,nocount,sw128,sw128,16,16,16,0,512,0,128,none,0,none,0,4,20,1660616.0,1054.359365079365,,,,,8192,,11.93417767864455,,,0,0.0,1,bf14b28d2af4128daa99f23eec8a5e105636d0b04136f8be580fdc39d6f1f97d,
01_collector_protocol,collector_ws_b1_bf16_m128n128k16,1,,NVIDIA Thor,11.0,580.00,13.0,PTX ISA 9.3 / CUDA 13.0,1575.000,,,,bf16,128,128,16,4,300,34,4,fill_use_lastuse,same,4,4,4,1,nocount,sw128,sw128,16,16,16,0,512,0,128,none,0,none,0,4,20,1660620.0,1054.3619047619047,,,,,8192,,11.934148932326481,,,0,0.0,1,bf14b28d2af4128daa99f23eec8a5e105636d0b04136f8be580fdc39d6f1f97d,
01_collector_protocol,collector_bf16_m128n128k16_same_fill_use_lastuse_r3,1,,NVIDIA Thor,11.0,580.00,13.0,PTX ISA 9.3 / CUDA 13.0,1575.000,,,,bf16,128,128,16,5,400,35,0,fill_use_lastuse,same,4,4,5,1,nocount,sw128,sw128,16,16,16,0,512,0,128,none,0,none,0,4,20,2113574.0,1341.951746031746,,,,,8192,,15.627626002212367,,,0,0.0,1,bf14b28d2af4128daa99f23eec8a5e105636d0b04136f8be580fdc39d6f1f97d,; UTCHMMA=21;UTCHMMA_WS=16;UTCBAR=1;UTCATOMSWS=3;SYNCS_TRYWAIT=8;LDS=21;LDG=9;ptx_tcgen05_mma=21;ptx_tcgen05_mma_ws=16;ptx_tcgen05_commit=1;ptx_tcgen05_alloc=1;ptx_tcgen05_dealloc=1;ptx_tcgen05_ld=5;ptx_tcgen05_st=5;ptx_mbarrier_wait=5;ptx_cp_async_tma=2;ptx_ld_shared=26;ptx_ld_global=7
01_collector_protocol,collector_bf16_m128n128k16_same_fill_use_lastuse_r3,1,,NVIDIA Thor,11.0,580.00,13.0,PTX ISA 9.3 / CUDA 13.0,1575.000,,,,bf16,128,128,16,5,400,35,1,fill_use_lastuse,same,4,4,5,1,nocount,sw128,sw128,16,16,16,0,512,0,128,none,0,none,0,4,20,2113573.0,1341.951111111111,,,,,8192,,15.627633396149555,,,0,0.0,1,bf14b28d2af4128daa99f23eec8a5e105636d0b04136f8be580fdc39d6f1f97d,
01_collector_protocol,collector_bf16_m128n128k16_same_fill_use_lastuse_r3,1,,NVIDIA Thor,11.0,580.00,13.0,PTX ISA 9.3 / CUDA 13.0,1575.000,,,,bf16,128,128,16,5,400,35,2,fill_use_lastuse,same,4,4,5,1,nocount,sw128,sw128,16,16,16,0,512,0,128,none,0,none,0,4,20,2113569.0,1341.9485714285715,,,,,8192,,15.627662971968267,,,0,0.0,1,bf14b28d2af4128daa99f23eec8a5e105636d0b04136f8be580fdc39d6f1f97d,
01_collector_protocol,collector_bf16_m128n128k16_same_fill_use_lastuse_r3,1,,NVIDIA Thor,11.0,580.00,13.0,PTX ISA 9.3 / CUDA 13.0,1575.000,,,,bf16,128,128,16,5,400,35,3,fill_use_lastuse,same,4,4,5,1,nocount,sw128,sw128,16,16,16,0,512,0,128,none,0,none,0,4,20,2113568.0,1341.9479365079364,,,,,8192,,15.627670365940437,,,0,0.0,1,bf14b28d2af4128daa99f23eec8a5e105636d0b04136f8be580fdc39d6f1f97d,
01_collector_protocol,collector_bf16_m128n128k16_same_fill_use_lastuse_r3,1,,NVIDIA Thor,11.0,580.00,13.0,PTX ISA 9.3 / CUDA 13.0,1575.000,,,,bf16,128,128,16,5,400,35,4,fill_use_lastuse,same,4,4,5,1,nocount,sw128,sw128,16,16,16,0,512,0,128,none,0,none,0,4,20,2113566.0,1341.9466666666667,,,,,8192,,15.62768515390577,,,0,0.0,1,bf14b28d2af4128daa99f23eec8a5e105636d0b04136f8be580fdc39d6f1f97d,
01_collector_protocol,collector_bf16_m128n64k16_pingpong_fill_use_lastuse_r3,1,,NVIDIA Thor,11.0,580.00,13.0,PTX ISA 9.3 / CUDA 13.0,1575.000,,,,bf16,128,64,16,5,400,36,0,fill_use_lastuse,pingpong,8,8,5,1,nocount,sw128,sw128,16,16,16,0,512,0,64,none,0,none,0,4,20,2113570.0,1341.9492063492064,,,,,6144,,7.813827789001547,,,0,0.0,1,bf14b28d2af4128daa99f23eec8a5e105636d0b04136f8be580fdc39d6f1f97d,; UTCHMMA=21;UTCHMMA_WS=16;UTCBAR=1;UTCATOMSWS=3;SYNCS_TRYWAIT=8;LDS=21;LDG=9;ptx_tcgen05_mma=21;ptx_tcgen05_mma_ws=16;ptx_tcgen05_commit=1;ptx_tcgen05_alloc=1;ptx_tcgen05_dealloc=1;ptx_tcgen05_ld=5;ptx_tcgen05_st=5;ptx_mbarrier_wait=5;ptx_cp_async_tma=2;ptx_ld_shared=26;ptx_ld_global=7
01_collector_protocol,collector_bf16_m128n64k16_pingpong_fill_use_lastuse_r3,1,,NVIDIA Thor,11.0,580.00,13.0,PTX ISA 9.3 / CUDA 13.0,1575.000,,,,bf16,128,64,16,5,400,36,1,fill_use_lastuse,pingpong,8,8,5,1,nocount,sw128,sw128,16,16,16,0,512,0,64,none,0,none,0,4,20,2113955.0,1342.1936507936507,,,,,6144,,7.812404710601692,,,0,0.0,1,bf14b28d2af4128daa99f23eec8a5e105636d0b04136f8be580fdc39d6f1f97d,
01_collector_protocol,collector_bf16_m128n64k16_pingpong_fill_use_lastuse_r3,1,,NVIDIA Thor,11.0,580.00,13.0,PTX ISA 9.3 / CUDA 13.0,1575.000,,,,bf16,128,64,16,5,400,36,2,fill_use_lastuse,pingpong,8,8,5,1,nocount,sw128,sw128,16,16,16,0,512,0,64,none,0,none,0,4,20,2113562.0,1341.944126984127,,,,,6144,,7.813857364960194,,,0,0.0,1,bf14b28d2af4128daa99f23eec8a5e105636d0b04136f8be580fdc39d6f1f97d,
01_collector_protocol,collector_bf16_m128n64k16_pingpong_fill_use_lastuse_r3,1,,NVIDIA Thor,11.0,580.00,13.0,PTX ISA 9.3 / CUDA 13.0,1575.000,,,,bf16,128,64,16,5,400,36,3,fill_use_lastuse,pingpong,8,8,5,1,nocount,sw128,sw128,16,16,16,0,512,0,64,none,0,none,0,4,20,2113958.0,1342.1955555555555,,,,,6144,,7.812393623714378,,,0,0.0,1,bf14b28d2af4128daa99f23eec8a5e105636d0b04136f8be580fdc39d6f1f97d,
01_collector_protocol,collector_bf16_m128n64k16_pingpong_fill_use_lastuse_r3,1,,NVIDIA Thor,11.0,580.00,13.0,PTX ISA 9.3 / CUDA 13.0,1575.000,,,,bf16,128,64,16,5,400,36,4,fill_use_lastuse,pingpong,8,8,5,1,nocount,sw128,sw128,16,16,16,0,512,0,64,none,0,none,0,4,20,2113572.0,1341.9504761904761,,,,,6144,,7.813820395046869,,,0,0.0,1,bf14b28d2af4128daa99f23eec8a5e105636d0b04136f8be580fdc39d6f1f97d,
01_collector_protocol,collector_ws_b4_fp16_m128n128k16,1,,NVIDIA Thor,11.0,580.00,13.0,PTX ISA 9.3 / CUDA 13.0,1575.000,,,,fp16,128,128,16,16,300,37,0,fill_use_lastuse,same,4,4,16,1,nocount,sw128,sw128,16,16,16,0,512,0,128,none,0,none,0,4,20,5970550.0,3790.825396825397,,,,,8192,,13.277226654160838,,,0,0.0,1,bf14b28d2af4128daa99f23eec8a5e105636d0b04136f8be580fdc39d6f1f97d,; UTCHMMA=21;UTCHMMA_WS=16;UTCBAR=1;UTCATOMSWS=3;SYNCS_TRYWAIT=8;LDS=21;LDG=9;ptx_tcgen05_mma=21;ptx_tcgen05_mma_ws=16;ptx_tcgen05_commit=1;ptx_tcgen05_alloc=1;ptx_tcgen05_dealloc=1;ptx_tcgen05_ld=5;ptx_tcgen05_st=5;ptx_mbarrier_wait=5;ptx_cp_async_tma=2;ptx_ld_shared=26;ptx_ld_global=7
01_collector_protocol,collector_ws_b4_fp16_m128n128k16,1,,NVIDIA Thor,11.0,580.00,13.0,PTX ISA 9.3 / CUDA 13.0,1575.000,,,,fp16,128,128,16,16,300,37,1,fill_use_lastuse,same,4,4,16,1,nocount,sw128,sw128,16,16,16,0,512,0,128,none,0,none,0,4,20,5971133.0,3791.1955555555555,,,,,8192,,13.275930313392784,,,0,0.0,1,bf14b28d2af4128daa99f23eec8a5e105636d0b04136f8be580fdc39d6f1f97d,
01_collector_protocol,collector_ws_b4_fp16_m128n128k16,1,,NVIDIA Thor,11.0,580.00,13.0,PTX ISA 9.3 / CUDA 13.0,1575.000,,,,fp16,128,128,16,16,300,37,2,fill_use_lastuse,same,4,4,16,1,nocount,sw128,sw128,16,16,16,0,512,0,128,none,0,none,0,4,20,5971135.0,3791.1968253968253,,,,,8192,,13.275925866690336,,,0,0.0,1,bf14b28d2af4128daa99f23eec8a5e105636d0b04136f8be580fdc39d6f1f97d,
01_collector_protocol,collector_ws_b4_fp16_m128n128k16,1,,NVIDIA Thor,11.0,580.00,13.0,PTX ISA 9.3 / CUDA 13.0,1575.000,,,,fp16,128,128,16,16,300,37,3,fill_use_lastuse,same,4,4,16,1,nocount,sw128,sw128,16,16,16,0,512,0,128,none,0,none,0,4,20,5970544.0,3790.8215873015874,,,,,8192,,13.277239996891407,,,0,0.0,1,bf14b28d2af4128daa99f23eec8a5e105636d0b04136f8be580fdc39d6f1f97d,
01_collector_protocol,collector_ws_b4_fp16_m128n128k16,1,,NVIDIA Thor,11.0,580.00,13.0,PTX ISA 9.3 / CUDA 13.0,1575.000,,,,fp16,128,128,16,16,300,37,4,fill_use_lastuse,same,4,4,16,1,nocount,sw128,sw128,16,16,16,0,512,0,128,none,0,none,0,4,20,5971129.0,3791.193015873016,,,,,8192,,13.275939206806619,,,0,0.0,1,bf14b28d2af4128daa99f23eec8a5e105636d0b04136f8be580fdc39d6f1f97d,
01_collector_protocol,collector_bf16_m128n64k16_pingpong_fill_lastuse_r0,1,,NVIDIA Thor,11.0,580.00,13.0,PTX ISA 9.3 / CUDA 13.0,1575.000,,,,bf16,128,64,16,2,400,38,0,fill_lastuse,pingpong,8,8,2,1,nocount,sw128,sw128,16,16,16,0,512,0,64,none,0,none,0,4,20,1028372.0,652.9346031746031,,,,,6144,,6.42377349830606,,,0,0.0,1,bf14b28d2af4128daa99f23eec8a5e105636d0b04136f8be580fdc39d6f1f97d,; UTCHMMA=21;UTCHMMA_WS=16;UTCBAR=1;UTCATOMSWS=3;SYNCS_TRYWAIT=8;LDS=21;LDG=9;ptx_tcgen05_mma=21;ptx_tcgen05_mma_ws=16;ptx_tcgen05_commit=1;ptx_tcgen05_alloc=1;ptx_tcgen05_dealloc=1;ptx_tcgen05_ld=5;ptx_tcgen05_st=5;ptx_mbarrier_wait=5;ptx_cp_async_tma=2;ptx_ld_shared=26;ptx_ld_global=7
01_collector_protocol,collector_bf16_m128n64k16_pingpong_fill_lastuse_r0,1,,NVIDIA Thor,11.0,580.00,13.0,PTX ISA 9.3 / CUDA 13.0,1575.000,,,,bf16,128,64,16,2,400,38,1,fill_lastuse,pingpong,8,8,2,1,nocount,sw128,sw128,16,16,16,0,512,0,64,none,0,none,0,4,20,1028371.0,652.9339682539683,,,,,6144,,6.423779744858616,,,0,0.0,1,bf14b28d2af4128daa99f23eec8a5e105636d0b04136f8be580fdc39d6f1f97d,
01_collector_protocol,collector_bf16_m128n64k16_pingpong_fill_lastuse_r0,1,,NVIDIA Thor,11.0,580.00,13.0,PTX ISA 9.3 / CUDA 13.0,1575.000,,,,bf16,128,64,16,2,400,38,2,fill_lastuse,pingpong,8,8,2,1,nocount,sw128,sw128,16,16,16,0,512,0,64,none,0,none,0,4,20,1028373.0,652.9352380952381,,,,,6144,,6.423767251765653,,,0,0.0,1,bf14b28d2af4128daa99f23eec8a5e105636d0b04136f8be580fdc39d6f1f97d,
01_collector_protocol,collector_bf16_m128n64k16_pingpong_fill_lastuse_r0,1,,NVIDIA Thor,11.0,580.00,13.0,PTX ISA 9.3 / CUDA 13.0,1575.000,,,,bf16,128,64,16,2,400,38,3,fill_lastuse,pingpong,8,8,2,1,nocount,sw128,sw128,16,16,16,0,512,0,64,none,0,none,0,4,20,1028368.0,652.9320634920634,,,,,6144,,6.423798484589175,,,0,0.0,1,bf14b28d2af4128daa99f23eec8a5e105636d0b04136f8be580fdc39d6f1f97d,
01_collector_protocol,collector_bf16_m128n64k16_pingpong_fill_lastuse_r0,1,,NVIDIA Thor,11.0,580.00,13.0,PTX ISA 9.3 / CUDA 13.0,1575.000,,,,bf16,128,64,16,2,400,38,4,fill_lastuse,pingpong,8,8,2,1,nocount,sw128,sw128,16,16,16,0,512,0,64,none,0,none,0,4,20,1028369.0,652.9326984126984,,,,,6144,,6.423792238000173,,,0,0.0,1,bf14b28d2af4128daa99f23eec8a5e105636d0b04136f8be580fdc39d6f1f97d,
01_collector_protocol,collector_bf16_m128n64k16_pingpong_fill_use_discard_r3,1,,NVIDIA Thor,11.0,580.00,13.0,PTX ISA 9.3 / CUDA 13.0,1575.000,,,,bf16,128,64,16,5,400,39,0,fill_use_discard,pingpong,8,8,5,1,nocount,sw128,sw128,16,16,16,0,512,0,64,none,0,none,0,4,20,2110770.0,1340.1714285714286,,,,,6144,,7.824193066985035,,,0,0.0,1,bf14b28d2af4128daa99f23eec8a5e105636d0b04136f8be580fdc39d6f1f97d,; UTCHMMA=21;UTCHMMA_WS=16;UTCBAR=1;UTCATOMSWS=3;SYNCS_TRYWAIT=8;LDS=21;LDG=9;ptx_tcgen05_mma=21;ptx_tcgen05_mma_ws=16;ptx_tcgen05_commit=1;ptx_tcgen05_alloc=1;ptx_tcgen05_dealloc=1;ptx_tcgen05_ld=5;ptx_tcgen05_st=5;ptx_mbarrier_wait=5;ptx_cp_async_tma=2;ptx_ld_shared=26;ptx_ld_global=7
01_collector_protocol,collector_bf16_m128n64k16_pingpong_fill_use_discard_r3,1,,NVIDIA Thor,11.0,580.00,13.0,PTX ISA 9.3 / CUDA 13.0,1575.000,,,,bf16,128,64,16,5,400,39,1,fill_use_discard,pingpong,8,8,5,1,nocount,sw128,sw128,16,16,16,0,512,0,64,none,0,none,0,4,20,2110762.0,1340.1663492063492,,,,,6144,,7.824222721462676,,,0,0.0,1,bf14b28d2af4128daa99f23eec8a5e105636d0b04136f8be580fdc39d6f1f97d,
01_collector_protocol,collector_bf16_m128n64k16_pingpong_fill_use_discard_r3,1,,NVIDIA Thor,11.0,580.00,13.0,PTX ISA 9.3 / CUDA 13.0,1575.000,,,,bf16,128,64,16,5,400,39,2,fill_use_discard,pingpong,8,8,5,1,nocount,sw128,sw128,16,16,16,0,512,0,64,none,0,none,0,4,20,2110771.0,1340.1720634920634,,,,,6144,,7.824189360191133,,,0,0.0,1,bf14b28d2af4128daa99f23eec8a5e105636d0b04136f8be580fdc39d6f1f97d,
01_collector_protocol,collector_bf16_m128n64k16_pingpong_fill_use_discard_r3,1,,NVIDIA Thor,11.0,580.00,13.0,PTX ISA 9.3 / CUDA 13.0,1575.000,,,,bf16,128,64,16,5,400,39,3,fill_use_discard,pingpong,8,8,5,1,nocount,sw128,sw128,16,16,16,0,512,0,64,none,0,none,0,4,20,2110767.0,1340.1695238095238,,,,,6144,,7.824204187387807,,,0,0.0,1,bf14b28d2af4128daa99f23eec8a5e105636d0b04136f8be580fdc39d6f1f97d,
01_collector_protocol,collector_bf16_m128n64k16_pingpong_fill_use_discard_r3,1,,NVIDIA Thor,11.0,580.00,13.0,PTX ISA 9.3 / CUDA 13.0,1575.000,,,,bf16,128,64,16,5,400,39,4,fill_use_discard,pingpong,8,8,5,1,nocount,sw128,sw128,16,16,16,0,512,0,64,none,0,none,0,4,20,2110769.0,1340.1707936507937,,,,,6144,,7.824196773782447,,,0,0.0,1,bf14b28d2af4128daa99f23eec8a5e105636d0b04136f8be580fdc39d6f1f97d,
01_collector_protocol,collector_bf16_m128n256k16_pingpong_fill_use_discard_r3,1,,NVIDIA Thor,11.0,580.00,13.0,PTX ISA 9.3 / CUDA 13.0,1575.000,,,,bf16,128,256,16,5,400,40,0,fill_use_discard,pingpong,2,2,5,1,nocount,sw128,sw128,16,16,16,0,512,0,256,none,0,none,0,4,20,2110770.0,1340.1714285714286,,,,,12288,,31.29677226794014,,,0,0.0,1,bf14b28d2af4128daa99f23eec8a5e105636d0b04136f8be580fdc39d6f1f97d,; UTCHMMA=21;UTCHMMA_WS=16;UTCBAR=1;UTCATOMSWS=3;SYNCS_TRYWAIT=8;LDS=21;LDG=9;ptx_tcgen05_mma=21;ptx_tcgen05_mma_ws=16;ptx_tcgen05_commit=1;ptx_tcgen05_alloc=1;ptx_tcgen05_dealloc=1;ptx_tcgen05_ld=5;ptx_tcgen05_st=5;ptx_mbarrier_wait=5;ptx_cp_async_tma=2;ptx_ld_shared=26;ptx_ld_global=7
01_collector_protocol,collector_bf16_m128n256k16_pingpong_fill_use_discard_r3,1,,NVIDIA Thor,11.0,580.00,13.0,PTX ISA 9.3 / CUDA 13.0,1575.000,,,,bf16,128,256,16,5,400,40,1,fill_use_discard,pingpong,2,2,5,1,nocount,sw128,sw128,16,16,16,0,512,0,256,none,0,none,0,4,20,2110768.0,1340.1701587301586,,,,,12288,,31.296801922333483,,,0,0.0,1,bf14b28d2af4128daa99f23eec8a5e105636d0b04136f8be580fdc39d6f1f97d,
01_collector_protocol,collector_bf16_m128n256k16_pingpong_fill_use_discard_r3,1,,NVIDIA Thor,11.0,580.00,13.0,PTX ISA 9.3 / CUDA 13.0,1575.000,,,,bf16,128,256,16,5,400,40,2,fill_use_discard,pingpong,2,2,5,1,nocount,sw128,sw128,16,16,16,0,512,0,256,none,0,none,0,4,20,2110778.0,1340.176507936508,,,,,12288,,31.29665365092871,,,0,0.0,1,bf14b28d2af4128daa99f23eec8a5e105636d0b04136f8be580fdc39d6f1f97d,
01_collector_protocol,collector_bf16_m128n256k16_pingpong_fill_use_discard_r3,1,,NVIDIA Thor,11.0,580.00,13.0,PTX ISA 9.3 / CUDA 13.0,1575.000,,,,bf16,128,256,16,5,400,40,3,fill_use_discard,pingpong,2,2,5,1,nocount,sw128,sw128,16,16,16,0,512,0,256,none,0,none,0,4,20,2110769.0,1340.1707936507937,,,,,12288,,31.296787095129787,,,0,0.0,1,bf14b28d2af4128daa99f23eec8a5e105636d0b04136f8be580fdc39d6f1f97d,
01_collector_protocol,collector_bf16_m128n256k16_pingpong_fill_use_discard_r3,1,,NVIDIA Thor,11.0,580.00,13.0,PTX ISA 9.3 / CUDA 13.0,1575.000,,,,bf16,128,256,16,5,400,40,4,fill_use_discard,pingpong,2,2,5,1,nocount,sw128,sw128,16,16,16,0,512,0,256,none,0,none,0,4,20,2110770.0,1340.1714285714286,,,,,12288,,31.29677226794014,,,0,0.0,1,bf14b28d2af4128daa99f23eec8a5e105636d0b04136f8be580fdc39d6f1f97d,
01_collector_protocol,collector_ws_b2_bf16_m128n64k16,1,,NVIDIA Thor,11.0,580.00,13.0,PTX ISA 9.3 / CUDA 13.0,1575.000,,,,bf16,128,64,16,8,300,41,0,fill_use_lastuse,same,8,8,8,1,nocount,sw128,sw128,16,16,16,0,512,0,64,none,0,none,0,4,20,3098282.0,1967.1631746031744,,,,,6144,,6.396475982496106,,,0,0.0,1,bf14b28d2af4128daa99f23eec8a5e105636d0b04136f8be580fdc39d6f1f97d,; UTCHMMA=21;UTCHMMA_WS=16;UTCBAR=1;UTCATOMSWS=3;SYNCS_TRYWAIT=8;LDS=21;LDG=9;ptx_tcgen05_mma=21;ptx_tcgen05_mma_ws=16;ptx_tcgen05_commit=1;ptx_tcgen05_alloc=1;ptx_tcgen05_dealloc=1;ptx_tcgen05_ld=5;ptx_tcgen05_st=5;ptx_mbarrier_wait=5;ptx_cp_async_tma=2;ptx_ld_shared=26;ptx_ld_global=7
01_collector_protocol,collector_ws_b2_bf16_m128n64k16,1,,NVIDIA Thor,11.0,580.00,13.0,PTX ISA 9.3 / CUDA 13.0,1575.000,,,,bf16,128,64,16,8,300,41,1,fill_use_lastuse,same,8,8,8,1,nocount,sw128,sw128,16,16,16,0,512,0,64,none,0,none,0,4,20,3098266.0,1967.1530158730156,,,,,6144,,6.396509015042608,,,0,0.0,1,bf14b28d2af4128daa99f23eec8a5e105636d0b04136f8be580fdc39d6f1f97d,
01_collector_protocol,collector_ws_b2_bf16_m128n64k16,1,,NVIDIA Thor,11.0,580.00,13.0,PTX ISA 9.3 / CUDA 13.0,1575.000,,,,bf16,128,64,16,8,300,41,2,fill_use_lastuse,same,8,8,8,1,nocount,sw128,sw128,16,16,16,0,512,0,64,none,0,none,0,4,20,3098281.0,1967.1625396825398,,,,,6144,,6.396478047020267,,,0,0.0,1,bf14b28d2af4128daa99f23eec8a5e105636d0b04136f8be580fdc39d6f1f97d,
01_collector_protocol,collector_ws_b2_bf16_m128n64k16,1,,NVIDIA Thor,11.0,580.00,13.0,PTX ISA 9.3 / CUDA 13.0,1575.000,,,,bf16,128,64,16,8,300,41,3,fill_use_lastuse,same,8,8,8,1,nocount,sw128,sw128,16,16,16,0,512,0,64,none,0,none,0,4,20,3098274.0,1967.1580952380953,,,,,6144,,6.39649249872671,,,0,0.0,1,bf14b28d2af4128daa99f23eec8a5e105636d0b04136f8be580fdc39d6f1f97d,
01_collector_protocol,collector_ws_b2_bf16_m128n64k16,1,,NVIDIA Thor,11.0,580.00,13.0,PTX ISA 9.3 / CUDA 13.0,1575.000,,,,bf16,128,64,16,8,300,41,4,fill_use_lastuse,same,8,8,8,1,nocount,sw128,sw128,16,16,16,0,512,0,64,none,0,none,0,4,20,3098266.0,1967.1530158730156,,,,,6144,,6.396509015042608,,,0,0.0,1,bf14b28d2af4128daa99f23eec8a5e105636d0b04136f8be580fdc39d6f1f97d,
01_collector_protocol,collector_bf16_m128n128k16_same_fill_use_lastuse_r7,1,,NVIDIA Thor,11.0,580.00,13.0,PTX ISA 9.3 / CUDA 13.0,1575.000,,,,bf16,128,128,16,9,400,42,0,fill_use_lastuse,same,4,4,9,1,nocount,sw128,sw128,16,16,16,0,512,0,128,none,0,none,0,4,20,3557955.0,2259.019047619048,,,,,8192,,16.710233603291776,,,0,0.0,1,bf14b28d2af4128daa99f23eec8a5e105636d0b04136f8be580fdc39d6f1f97d,; UTCHMMA=21;UTCHMMA_WS=16;UTCBAR=1;UTCATOMSWS=3;SYNCS_TRYWAIT=8;LDS=21;LDG=9;ptx_tcgen05_mma=21;ptx_tcgen05_mma_ws=16;ptx_tcgen05_commit=1;ptx_tcgen05_alloc=1;ptx_tcgen05_dealloc=1;ptx_tcgen05_ld=5;ptx_tcgen05_st=5;ptx_mbarrier_wait=5;ptx_cp_async_tma=2;ptx_ld_shared=26;ptx_ld_global=7
01_collector_protocol,collector_bf16_m128n128k16_same_fill_use_lastuse_r7,1,,NVIDIA Thor,11.0,580.00,13.0,PTX ISA 9.3 / CUDA 13.0,1575.000,,,,bf16,128,128,16,9,400,42,1,fill_use_lastuse,same,4,4,9,1,nocount,sw128,sw128,16,16,16,0,512,0,128,none,0,none,0,4,20,3557952.0,2259.0171428571425,,,,,8192,,16.710247693054882,,,0,0.0,1,bf14b28d2af4128daa99f23eec8a5e105636d0b04136f8be580fdc39d6f1f97d,
01_collector_protocol,collector_bf16_m128n128k16_same_fill_use_lastuse_r7,1,,NVIDIA Thor,11.0,580.00,13.0,PTX ISA 9.3 / CUDA 13.0,1575.000,,,,bf16,128,128,16,9,400,42,2,fill_use_lastuse,same,4,4,9,1,nocount,sw128,sw128,16,16,16,0,512,0,128,none,0,none,0,4,20,3557948.0,2259.0146031746035,,,,,8192,,16.710266479442645,,,0,0.0,1,bf14b28d2af4128daa99f23eec8a5e105636d0b04136f8be580fdc39d6f1f97d,
01_collector_protocol,collector_bf16_m128n128k16_same_fill_use_lastuse_r7,1,,NVIDIA Thor,11.0,580.00,13.0,PTX ISA 9.3 / CUDA 13.0,1575.000,,,,bf16,128,128,16,9,400,42,3,fill_use_lastuse,same,4,4,9,1,nocount,sw128,sw128,16,16,16,0,512,0,128,none,0,none,0,4,20,3557956.0,2259.0196825396824,,,,,8192,,16.71022890670936,,,0,0.0,1,bf14b28d2af4128daa99f23eec8a5e105636d0b04136f8be580fdc39d6f1f97d,
01_collector_protocol,collector_bf16_m128n128k16_same_fill_use_lastuse_r7,1,,NVIDIA Thor,11.0,580.00,13.0,PTX ISA 9.3 / CUDA 13.0,1575.000,,,,bf16,128,128,16,9,400,42,4,fill_use_lastuse,same,4,4,9,1,nocount,sw128,sw128,16,16,16,0,512,0,128,none,0,none,0,4,20,3557953.0,2259.0177777777776,,,,,8192,,16.71024299646454,,,0,0.0,1,bf14b28d2af4128daa99f23eec8a5e105636d0b04136f8be580fdc39d6f1f97d,
01_collector_protocol,collector_ws_b1_bf16_m128n256k16,1,,NVIDIA Thor,11.0,580.00,13.0,PTX ISA 9.3 / CUDA 13.0,1575.000,,,,bf16,128,256,16,4,300,43,0,fill_use_lastuse,same,2,2,4,1,nocount,sw128,sw128,16,16,16,0,512,0,256,none,0,none,0,4,20,1660619.0,1054.3612698412696,,,,,12288,,23.868312237786032,,,0,0.0,1,bf14b28d2af4128daa99f23eec8a5e105636d0b04136f8be580fdc39d6f1f97d,; UTCHMMA=21;UTCHMMA_WS=16;UTCBAR=1;UTCATOMSWS=3;SYNCS_TRYWAIT=8;LDS=21;LDG=9;ptx_tcgen05_mma=21;ptx_tcgen05_mma_ws=16;ptx_tcgen05_commit=1;ptx_tcgen05_alloc=1;ptx_tcgen05_dealloc=1;ptx_tcgen05_ld=5;ptx_tcgen05_st=5;ptx_mbarrier_wait=5;ptx_cp_async_tma=2;ptx_ld_shared=26;ptx_ld_global=7
01_collector_protocol,collector_ws_b1_bf16_m128n256k16,1,,NVIDIA Thor,11.0,580.00,13.0,PTX ISA 9.3 / CUDA 13.0,1575.000,,,,bf16,128,256,16,4,300,43,1,fill_use_lastuse,same,2,2,4,1,nocount,sw128,sw128,16,16,16,0,512,0,256,none,0,none,0,4,20,1660626.0,1054.3657142857144,,,,,12288,,23.868211626218063,,,0,0.0,1,bf14b28d2af4128daa99f23eec8a5e105636d0b04136f8be580fdc39d6f1f97d,
01_collector_protocol,collector_ws_b1_bf16_m128n256k16,1,,NVIDIA Thor,11.0,580.00,13.0,PTX ISA 9.3 / CUDA 13.0,1575.000,,,,bf16,128,256,16,4,300,43,2,fill_use_lastuse,same,2,2,4,1,nocount,sw128,sw128,16,16,16,0,512,0,256,none,0,none,0,4,20,1660623.0,1054.3638095238096,,,,,12288,,23.868254745357618,,,0,0.0,1,bf14b28d2af4128daa99f23eec8a5e105636d0b04136f8be580fdc39d6f1f97d,
01_collector_protocol,collector_ws_b1_bf16_m128n256k16,1,,NVIDIA Thor,11.0,580.00,13.0,PTX ISA 9.3 / CUDA 13.0,1575.000,,,,bf16,128,256,16,4,300,43,3,fill_use_lastuse,same,2,2,4,1,nocount,sw128,sw128,16,16,16,0,512,0,256,none,0,none,0,4,20,1660620.0,1054.3619047619047,,,,,12288,,23.868297864652963,,,0,0.0,1,bf14b28d2af4128daa99f23eec8a5e105636d0b04136f8be580fdc39d6f1f97d,
01_collector_protocol,collector_ws_b1_bf16_m128n256k16,1,,NVIDIA Thor,11.0,580.00,13.0,PTX ISA 9.3 / CUDA 13.0,1575.000,,,,bf16,128,256,16,4,300,43,4,fill_use_lastuse,same,2,2,4,1,nocount,sw128,sw128,16,16,16,0,512,0,256,none,0,none,0,4,20,1660622.0,1054.3631746031747,,,,,12288,,23.868269118438754,,,0,0.0,1,bf14b28d2af4128daa99f23eec8a5e105636d0b04136f8be580fdc39d6f1f97d,
01_collector_protocol,collector_bf16_m128n256k16_pingpong_discard_r0,1,,NVIDIA Thor,11.0,580.00,13.0,PTX ISA 9.3 / CUDA 13.0,1575.000,,,,bf16,128,256,16,32,400,44,0,discard,pingpong,2,2,32,1,nocount,sw128,sw128,16,16,16,0,512,0,256,none,0,none,0,4,20,11493555.0,7297.495238095238,,,,,12288,,36.78460173549437,,,0,0.0,1,bf14b28d2af4128daa99f23eec8a5e105636d0b04136f8be580fdc39d6f1f97d,; UTCHMMA=21;UTCHMMA_WS=16;UTCBAR=1;UTCATOMSWS=3;SYNCS_TRYWAIT=8;LDS=21;LDG=9;ptx_tcgen05_mma=21;ptx_tcgen05_mma_ws=16;ptx_tcgen05_commit=1;ptx_tcgen05_alloc=1;ptx_tcgen05_dealloc=1;ptx_tcgen05_ld=5;ptx_tcgen05_st=5;ptx_mbarrier_wait=5;ptx_cp_async_tma=2;ptx_ld_shared=26;ptx_ld_global=7
01_collector_protocol,collector_bf16_m128n256k16_pingpong_discard_r0,1,,NVIDIA Thor,11.0,580.00,13.0,PTX ISA 9.3 / CUDA 13.0,1575.000,,,,bf16,128,256,16,32,400,44,1,discard,pingpong,2,2,32,1,nocount,sw128,sw128,16,16,16,0,512,0,256,none,0,none,0,4,20,11493562.0,7297.499682539683,,,,,12288,,36.78457933232535,,,0,0.0,1,bf14b28d2af4128daa99f23eec8a5e105636d0b04136f8be580fdc39d6f1f97d,
01_collector_protocol,collector_bf16_m128n256k16_pingpong_discard_r0,1,,NVIDIA Thor,11.0,580.00,13.0,PTX ISA 9.3 / CUDA 13.0,1575.000,,,,bf16,128,256,16,32,400,44,2,discard,pingpong,2,2,32,1,nocount,sw128,sw128,16,16,16,0,512,0,256,none,0,none,0,4,20,11493559.0,7297.497777777778,,,,,12288,,36.784588933680155,,,0,0.0,1,bf14b28d2af4128daa99f23eec8a5e105636d0b04136f8be580fdc39d6f1f97d,
01_collector_protocol,collector_bf16_m128n256k16_pingpong_discard_r0,1,,NVIDIA Thor,11.0,580.00,13.0,PTX ISA 9.3 / CUDA 13.0,1575.000,,,,bf16,128,256,16,32,400,44,3,discard,pingpong,2,2,32,1,nocount,sw128,sw128,16,16,16,0,512,0,256,none,0,none,0,4,20,11493552.0,7297.493333333334,,,,,12288,,36.78461133686088,,,0,0.0,1,bf14b28d2af4128daa99f23eec8a5e105636d0b04136f8be580fdc39d6f1f97d,
01_collector_protocol,collector_bf16_m128n256k16_pingpong_discard_r0,1,,NVIDIA Thor,11.0,580.00,13.0,PTX ISA 9.3 / CUDA 13.0,1575.000,,,,bf16,128,256,16,32,400,44,4,discard,pingpong,2,2,32,1,nocount,sw128,sw128,16,16,16,0,512,0,256,none,0,none,0,4,20,11493552.0,7297.493333333334,,,,,12288,,36.78461133686088,,,0,0.0,1,bf14b28d2af4128daa99f23eec8a5e105636d0b04136f8be580fdc39d6f1f97d,
01_collector_protocol,collector_bf16_m128n256k16_same_fill_lastuse_r0,1,,NVIDIA Thor,11.0,580.00,13.0,PTX ISA 9.3 / CUDA 13.0,1575.000,,,,bf16,128,256,16,2,400,45,0,fill_lastuse,same,2,2,2,1,nocount,sw128,sw128,16,16,16,0,512,0,256,none,0,none,0,4,20,1028362.0,652.928253968254,,,,,12288,,25.695343857513212,,,0,0.0,1,bf14b28d2af4128daa99f23eec8a5e105636d0b04136f8be580fdc39d6f1f97d,; UTCHMMA=21;UTCHMMA_WS=16;UTCBAR=1;UTCATOMSWS=3;SYNCS_TRYWAIT=8;LDS=21;LDG=9;ptx_tcgen05_mma=21;ptx_tcgen05_mma_ws=16;ptx_tcgen05_commit=1;ptx_tcgen05_alloc=1;ptx_tcgen05_dealloc=1;ptx_tcgen05_ld=5;ptx_tcgen05_st=5;ptx_mbarrier_wait=5;ptx_cp_async_tma=2;ptx_ld_shared=26;ptx_ld_global=7
01_collector_protocol,collector_bf16_m128n256k16_same_fill_lastuse_r0,1,,NVIDIA Thor,11.0,580.00,13.0,PTX ISA 9.3 / CUDA 13.0,1575.000,,,,bf16,128,256,16,2,400,45,1,fill_lastuse,same,2,2,2,1,nocount,sw128,sw128,16,16,16,0,512,0,256,none,0,none,0,4,20,1028372.0,652.9346031746031,,,,,12288,,25.69509399322424,,,0,0.0,1,bf14b28d2af4128daa99f23eec8a5e105636d0b04136f8be580fdc39d6f1f97d,
01_collector_protocol,collector_bf16_m128n256k16_same_fill_lastuse_r0,1,,NVIDIA Thor,11.0,580.00,13.0,PTX ISA 9.3 / CUDA 13.0,1575.000,,,,bf16,128,256,16,2,400,45,2,fill_lastuse,same,2,2,2,1,nocount,sw128,sw128,16,16,16,0,512,0,256,none,0,none,0,4,20,1028364.0,652.9295238095237,,,,,12288,,25.695293884266665,,,0,0.0,1,bf14b28d2af4128daa99f23eec8a5e105636d0b04136f8be580fdc39d6f1f97d,
01_collector_protocol,collector_bf16_m128n256k16_same_fill_lastuse_r0,1,,NVIDIA Thor,11.0,580.00,13.0,PTX ISA 9.3 / CUDA 13.0,1575.000,,,,bf16,128,256,16,2,400,45,3,fill_lastuse,same,2,2,2,1,nocount,sw128,sw128,16,16,16,0,512,0,256,none,0,none,0,4,20,1028368.0,652.9320634920634,,,,,12288,,25.6951939383567,,,0,0.0,1,bf14b28d2af4128daa99f23eec8a5e105636d0b04136f8be580fdc39d6f1f97d,
01_collector_protocol,collector_bf16_m128n256k16_same_fill_lastuse_r0,1,,NVIDIA Thor,11.0,580.00,13.0,PTX ISA 9.3 / CUDA 13.0,1575.000,,,,bf16,128,256,16,2,400,45,4,fill_lastuse,same,2,2,2,1,nocount,sw128,sw128,16,16,16,0,512,0,256,none,0,none,0,4,20,1028366.0,652.9307936507937,,,,,12288,,25.695243911214487,,,0,0.0,1,bf14b28d2af4128daa99f23eec8a5e105636d0b04136f8be580fdc39d6f1f97d,
01_collector_protocol,collector_fp16_m128n64k16_same_fill_use_discard_r3,1,,NVIDIA Thor,11.0,580.00,13.0,PTX ISA 9.3 / CUDA 13.0,1575.000,,,,fp16,128,64,16,5,400,46,0,fill_use_discard,same,8,8,5,1,nocount,sw128,sw128,16,16,16,0,512,0,64,none,0,none,0,4,20,2110774.0,1340.1739682539683,,,,,6144,,7.824178239830508,,,0,0.0,1,bf14b28d2af4128daa99f23eec8a5e105636d0b04136f8be580fdc39d6f1f97d,; UTCHMMA=21;UTCHMMA_WS=16;UTCBAR=1;UTCATOMSWS=3;SYNCS_TRYWAIT=8;LDS=21;LDG=9;ptx_tcgen05_mma=21;ptx_tcgen05_mma_ws=16;ptx_tcgen05_commit=1;ptx_tcgen05_alloc=1;ptx_tcgen05_dealloc=1;ptx_tcgen05_ld=5;ptx_tcgen05_st=5;ptx_mbarrier_wait=5;ptx_cp_async_tma=2;ptx_ld_shared=26;ptx_ld_global=7
01_collector_protocol,collector_fp16_m128n64k16_same_fill_use_discard_r3,1,,NVIDIA Thor,11.0,580.00,13.0,PTX ISA 9.3 / CUDA 13.0,1575.000,,,,fp16,128,64,16,5,400,46,1,fill_use_discard,same,8,8,5,1,nocount,sw128,sw128,16,16,16,0,512,0,64,none,0,none,0,4,20,2110763.0,1340.166984126984,,,,,6144,,7.8242190146406765,,,0,0.0,1,bf14b28d2af4128daa99f23eec8a5e105636d0b04136f8be580fdc39d6f1f97d,
01_collector_protocol,collector_fp16_m128n64k16_same_fill_use_discard_r3,1,,NVIDIA Thor,11.0,580.00,13.0,PTX ISA 9.3 / CUDA 13.0,1575.000,,,,fp16,128,64,16,5,400,46,2,fill_use_discard,same,8,8,5,1,nocount,sw128,sw128,16,16,16,0,512,0,64,none,0,none,0,4,20,2110769.0,1340.1707936507937,,,,,6144,,7.824196773782447,,,0,0.0,1,bf14b28d2af4128daa99f23eec8a5e105636d0b04136f8be580fdc39d6f1f97d,
01_collector_protocol,collector_fp16_m128n64k16_same_fill_use_discard_r3,1,,NVIDIA Thor,11.0,580.00,13.0,PTX ISA 9.3 / CUDA 13.0,1575.000,,,,fp16,128,64,16,5,400,46,3,fill_use_discard,same,8,8,5,1,nocount,sw128,sw128,16,16,16,0,512,0,64,none,0,none,0,4,20,2110769.0,1340.1707936507937,,,,,6144,,7.824196773782447,,,0,0.0,1,bf14b28d2af4128daa99f23eec8a5e105636d0b04136f8be580fdc39d6f1f97d,
01_collector_protocol,collector_fp16_m128n64k16_same_fill_use_discard_r3,1,,NVIDIA Thor,11.0,580.00,13.0,PTX ISA 9.3 / CUDA 13.0,1575.000,,,,fp16,128,64,16,5,400,46,4,fill_use_discard,same,8,8,5,1,nocount,sw128,sw128,16,16,16,0,512,0,64,none,0,none,0,4,20,2110778.0,1340.176507936508,,,,,6144,,7.824163412732178,,,0,0.0,1,bf14b28d2af4128daa99f23eec8a5e105636d0b04136f8be580fdc39d6f1f97d,
01_collector_protocol,collector_bf16_m128n64k16_pingpong_discard_r0,1,,NVIDIA Thor,11.0,580.00,13.0,PTX ISA 9.3 / CUDA 13.0,1575.000,,,,bf16,128,64,16,32,400,47,0,discard,pingpong,8,8,32,1,nocount,sw128,sw128,16,16,16,0,512,0,64,none,0,none,0,4,20,11494775.0,7298.269841269842,,,,,6144,,9.195174398802934,,,0,0.0,1,bf14b28d2af4128daa99f23eec8a5e105636d0b04136f8be580fdc39d6f1f97d,; UTCHMMA=21;UTCHMMA_WS=16;UTCBAR=1;UTCATOMSWS=3;SYNCS_TRYWAIT=8;LDS=21;LDG=9;ptx_tcgen05_mma=21;ptx_tcgen05_mma_ws=16;ptx_tcgen05_commit=1;ptx_tcgen05_alloc=1;ptx_tcgen05_dealloc=1;ptx_tcgen05_ld=5;ptx_tcgen05_st=5;ptx_mbarrier_wait=5;ptx_cp_async_tma=2;ptx_ld_shared=26;ptx_ld_global=7
01_collector_protocol,collector_bf16_m128n64k16_pingpong_discard_r0,1,,NVIDIA Thor,11.0,580.00,13.0,PTX ISA 9.3 / CUDA 13.0,1575.000,,,,bf16,128,64,16,32,400,47,1,discard,pingpong,8,8,32,1,nocount,sw128,sw128,16,16,16,0,512,0,64,none,0,none,0,4,20,11494772.0,7298.267936507936,,,,,6144,,9.195176798635066,,,0,0.0,1,bf14b28d2af4128daa99f23eec8a5e105636d0b04136f8be580fdc39d6f1f97d,
01_collector_protocol,collector_bf16_m128n64k16_pingpong_discard_r0,1,,NVIDIA Thor,11.0,580.00,13.0,PTX ISA 9.3 / CUDA 13.0,1575.000,,,,bf16,128,64,16,32,400,47,2,discard,pingpong,8,8,32,1,nocount,sw128,sw128,16,16,16,0,512,0,64,none,0,none,0,4,20,11494771.0,7298.2673015873015,,,,,6144,,9.195177598579388,,,0,0.0,1,bf14b28d2af4128daa99f23eec8a5e105636d0b04136f8be580fdc39d6f1f97d,
01_collector_protocol,collector_bf16_m128n64k16_pingpong_discard_r0,1,,NVIDIA Thor,11.0,580.00,13.0,PTX ISA 9.3 / CUDA 13.0,1575.000,,,,bf16,128,64,16,32,400,47,3,discard,pingpong,8,8,32,1,nocount,sw128,sw128,16,16,16,0,512,0,64,none,0,none,0,4,20,11494773.0,7298.268571428571,,,,,6144,,9.195175998690884,,,0,0.0,1,bf14b28d2af4128daa99f23eec8a5e105636d0b04136f8be580fdc39d6f1f97d,
01_collector_protocol,collector_bf16_m128n64k16_pingpong_discard_r0,1,,NVIDIA Thor,11.0,580.00,13.0,PTX ISA 9.3 / CUDA 13.0,1575.000,,,,bf16,128,64,16,32,400,47,4,discard,pingpong,8,8,32,1,nocount,sw128,sw128,16,16,16,0,512,0,64,none,0,none,0,4,20,11494778.0,7298.271746031746,,,,,6144,,9.195171998972056,,,0,0.0,1,bf14b28d2af4128daa99f23eec8a5e105636d0b04136f8be580fdc39d6f1f97d,
01_collector_protocol,collector_fp16_m128n256k16_same_fill_use_lastuse_r3,1,,NVIDIA Thor,11.0,580.00,13.0,PTX ISA 9.3 / CUDA 13.0,1575.000,,,,fp16,128,256,16,5,400,48,0,fill_use_lastuse,same,2,2,5,1,nocount,sw128,sw128,16,16,16,0,512,0,256,none,0,none,0,4,20,2113572.0,1341.9504761904761,,,,,12288,,31.255281580187475,,,0,0.0,1,bf14b28d2af4128daa99f23eec8a5e105636d0b04136f8be580fdc39d6f1f97d,; UTCHMMA=21;UTCHMMA_WS=16;UTCBAR=1;UTCATOMSWS=3;SYNCS_TRYWAIT=8;LDS=21;LDG=9;ptx_tcgen05_mma=21;ptx_tcgen05_mma_ws=16;ptx_tcgen05_commit=1;ptx_tcgen05_alloc=1;ptx_tcgen05_dealloc=1;ptx_tcgen05_ld=5;ptx_tcgen05_st=5;ptx_mbarrier_wait=5;ptx_cp_async_tma=2;ptx_ld_shared=26;ptx_ld_global=7
01_collector_protocol,collector_fp16_m128n256k16_same_fill_use_lastuse_r3,1,,NVIDIA Thor,11.0,580.00,13.0,PTX ISA 9.3 / CUDA 13.0,1575.000,,,,fp16,128,256,16,5,400,48,1,fill_use_lastuse,same,2,2,5,1,nocount,sw128,sw128,16,16,16,0,512,0,256,none,0,none,0,4,20,2113565.0,1341.9460317460316,,,,,12288,,31.25538509579786,,,0,0.0,1,bf14b28d2af4128daa99f23eec8a5e105636d0b04136f8be580fdc39d6f1f97d,
01_collector_protocol,collector_fp16_m128n256k16_same_fill_use_lastuse_r3,1,,NVIDIA Thor,11.0,580.00,13.0,PTX ISA 9.3 / CUDA 13.0,1575.000,,,,fp16,128,256,16,5,400,48,2,fill_use_lastuse,same,2,2,5,1,nocount,sw128,sw128,16,16,16,0,512,0,256,none,0,none,0,4,20,2113568.0,1341.9479365079364,,,,,12288,,31.255340731880874,,,0,0.0,1,bf14b28d2af4128daa99f23eec8a5e105636d0b04136f8be580fdc39d6f1f97d,
01_collector_protocol,collector_fp16_m128n256k16_same_fill_use_lastuse_r3,1,,NVIDIA Thor,11.0,580.00,13.0,PTX ISA 9.3 / CUDA 13.0,1575.000,,,,fp16,128,256,16,5,400,48,3,fill_use_lastuse,same,2,2,5,1,nocount,sw128,sw128,16,16,16,0,512,0,256,none,0,none,0,4,20,2113562.0,1341.944126984127,,,,,12288,,31.255429459840776,,,0,0.0,1,bf14b28d2af4128daa99f23eec8a5e105636d0b04136f8be580fdc39d6f1f97d,
01_collector_protocol,collector_fp16_m128n256k16_same_fill_use_lastuse_r3,1,,NVIDIA Thor,11.0,580.00,13.0,PTX ISA 9.3 / CUDA 13.0,1575.000,,,,fp16,128,256,16,5,400,48,4,fill_use_lastuse,same,2,2,5,1,nocount,sw128,sw128,16,16,16,0,512,0,256,none,0,none,0,4,20,2113562.0,1341.944126984127,,,,,12288,,31.255429459840776,,,0,0.0,1,bf14b28d2af4128daa99f23eec8a5e105636d0b04136f8be580fdc39d6f1f97d,
01_collector_protocol,collector_bf16_m128n256k16_pingpong_fill_use_lastuse_r1,1,,NVIDIA Thor,11.0,580.00,13.0,PTX ISA 9.3 / CUDA 13.0,1575.000,,,,bf16,128,256,16,3,400,49,0,fill_use_lastuse,pingpong,2,2,3,1,nocount,sw128,sw128,16,16,16,0,512,0,256,none,0,none,0,4,20,1392765.0,884.2952380952381,,,,,12288,,28.458622093461567,,,0,0.0,1,bf14b28d2af4128daa99f23eec8a5e105636d0b04136f8be580fdc39d6f1f97d,; UTCHMMA=21;UTCHMMA_WS=16;UTCBAR=1;UTCATOMSWS=3;SYNCS_TRYWAIT=8;LDS=21;LDG=9;ptx_tcgen05_mma=21;ptx_tcgen05_mma_ws=16;ptx_tcgen05_commit=1;ptx_tcgen05_alloc=1;ptx_tcgen05_dealloc=1;ptx_tcgen05_ld=5;ptx_tcgen05_st=5;ptx_mbarrier_wait=5;ptx_cp_async_tma=2;ptx_ld_shared=26;ptx_ld_global=7
01_collector_protocol,collector_bf16_m128n256k16_pingpong_fill_use_lastuse_r1,1,,NVIDIA Thor,11.0,580.00,13.0,PTX ISA 9.3 / CUDA 13.0,1575.000,,,,bf16,128,256,16,3,400,49,1,fill_use_lastuse,pingpong,2,2,3,1,nocount,sw128,sw128,16,16,16,0,512,0,256,none,0,none,0,4,20,1392771.0,884.2990476190477,,,,,12288,,28.458499494891836,,,0,0.0,1,bf14b28d2af4128daa99f23eec8a5e105636d0b04136f8be580fdc39d6f1f97d,
01_collector_protocol,collector_bf16_m128n256k16_pingpong_fill_use_lastuse_r1,1,,NVIDIA Thor,11.0,580.00,13.0,PTX ISA 9.3 / CUDA 13.0,1575.000,,,,bf16,128,256,16,3,400,49,2,fill_use_lastuse,pingpong,2,2,3,1,nocount,sw128,sw128,16,16,16,0,512,0,256,none,0,none,0,4,20,1392773.0,884.3003174603175,,,,,12288,,28.45845862893666,,,0,0.0,1,bf14b28d2af4128daa99f23eec8a5e105636d0b04136f8be580fdc39d6f1f97d,
01_collector_protocol,collector_bf16_m128n256k16_pingpong_fill_use_lastuse_r1,1,,NVIDIA Thor,11.0,580.00,13.0,PTX ISA 9.3 / CUDA 13.0,1575.000,,,,bf16,128,256,16,3,400,49,3,fill_use_lastuse,pingpong,2,2,3,1,nocount,sw128,sw128,16,16,16,0,512,0,256,none,0,none,0,4,20,1392764.0,884.2946031746031,,,,,12288,,28.45864252665922,,,0,0.0,1,bf14b28d2af4128daa99f23eec8a5e105636d0b04136f8be580fdc39d6f1f97d,
01_collector_protocol,collector_bf16_m128n256k16_pingpong_fill_use_lastuse_r1,1,,NVIDIA Thor,11.0,580.00,13.0,PTX ISA 9.3 / CUDA 13.0,1575.000,,,,bf16,128,256,16,3,400,49,4,fill_use_lastuse,pingpong,2,2,3,1,nocount,sw128,sw128,16,16,16,0,512,0,256,none,0,none,0,4,20,1392768.0,884.2971428571428,,,,,12288,,28.45856079404467,,,0,0.0,1,bf14b28d2af4128daa99f23eec8a5e105636d0b04136f8be580fdc39d6f1f97d,
01_collector_protocol,collector_bf16_m128n128k16_pingpong_fill_lastuse_r0,1,,NVIDIA Thor,11.0,580.00,13.0,PTX ISA 9.3 / CUDA 13.0,1575.000,,,,bf16,128,128,16,2,400,50,0,fill_lastuse,pingpong,4,4,2,1,nocount,sw128,sw128,16,16,16,0,512,0,128,none,0,none,0,4,20,1028371.0,652.9339682539683,,,,,8192,,12.847559489717232,,,0,0.0,1,bf14b28d2af4128daa99f23eec8a5e105636d0b04136f8be580fdc39d6f1f97d,; UTCHMMA=21;UTCHMMA_WS=16;UTCBAR=1;UTCATOMSWS=3;SYNCS_TRYWAIT=8;LDS=21;LDG=9;ptx_tcgen05_mma=21;ptx_tcgen05_mma_ws=16;ptx_tcgen05_commit=1;ptx_tcgen05_alloc=1;ptx_tcgen05_dealloc=1;ptx_tcgen05_ld=5;ptx_tcgen05_st=5;ptx_mbarrier_wait=5;ptx_cp_async_tma=2;ptx_ld_shared=26;ptx_ld_global=7
01_collector_protocol,collector_bf16_m128n128k16_pingpong_fill_lastuse_r0,1,,NVIDIA Thor,11.0,580.00,13.0,PTX ISA 9.3 / CUDA 13.0,1575.000,,,,bf16,128,128,16,2,400,50,1,fill_lastuse,pingpong,4,4,2,1,nocount,sw128,sw128,16,16,16,0,512,0,128,none,0,none,0,4,20,1028369.0,652.9326984126984,,,,,8192,,12.847584476000346,,,0,0.0,1,bf14b28d2af4128daa99f23eec8a5e105636d0b04136f8be580fdc39d6f1f97d,
01_collector_protocol,collector_bf16_m128n128k16_pingpong_fill_lastuse_r0,1,,NVIDIA Thor,11.0,580.00,13.0,PTX ISA 9.3 / CUDA 13.0,1575.000,,,,bf16,128,128,16,2,400,50,2,fill_lastuse,pingpong,4,4,2,1,nocount,sw128,sw128,16,16,16,0,512,0,128,none,0,none,0,4,20,1028369.0,652.9326984126984,,,,,8192,,12.847584476000346,,,0,0.0,1,bf14b28d2af4128daa99f23eec8a5e105636d0b04136f8be580fdc39d6f1f97d,
01_collector_protocol,collector_bf16_m128n128k16_pingpong_fill_lastuse_r0,1,,NVIDIA Thor,11.0,580.00,13.0,PTX ISA 9.3 / CUDA 13.0,1575.000,,,,bf16,128,128,16,2,400,50,3,fill_lastuse,pingpong,4,4,2,1,nocount,sw128,sw128,16,16,16,0,512,0,128,none,0,none,0,4,20,1028370.0,652.9333333333334,,,,,8192,,12.84757198284664,,,0,0.0,1,bf14b28d2af4128daa99f23eec8a5e105636d0b04136f8be580fdc39d6f1f97d,
01_collector_protocol,collector_bf16_m128n128k16_pingpong_fill_lastuse_r0,1,,NVIDIA Thor,11.0,580.00,13.0,PTX ISA 9.3 / CUDA 13.0,1575.000,,,,bf16,128,128,16,2,400,50,4,fill_lastuse,pingpong,4,4,2,1,nocount,sw128,sw128,16,16,16,0,512,0,128,none,0,none,0,4,20,1028370.0,652.9333333333334,,,,,8192,,12.84757198284664,,,0,0.0,1,bf14b28d2af4128daa99f23eec8a5e105636d0b04136f8be580fdc39d6f1f97d,
01_collector_protocol,collector_bf16_m128n128k16_pingpong_fill_use_lastuse_r3,1,,NVIDIA Thor,11.0,580.00,13.0,PTX ISA 9.3 / CUDA 13.0,1575.000,,,,bf16,128,128,16,5,400,51,0,fill_use_lastuse,pingpong,4,4,5,1,nocount,sw128,sw128,16,16,16,0,512,0,128,none,0,none,0,4,20,2113569.0,1341.9485714285715,,,,,8192,,15.627662971968267,,,0,0.0,1,bf14b28d2af4128daa99f23eec8a5e105636d0b04136f8be580fdc39d6f1f97d,; UTCHMMA=21;UTCHMMA_WS=16;UTCBAR=1;UTCATOMSWS=3;SYNCS_TRYWAIT=8;LDS=21;LDG=9;ptx_tcgen05_mma=21;ptx_tcgen05_mma_ws=16;ptx_tcgen05_commit=1;ptx_tcgen05_alloc=1;ptx_tcgen05_dealloc=1;ptx_tcgen05_ld=5;ptx_tcgen05_st=5;ptx_mbarrier_wait=5;ptx_cp_async_tma=2;ptx_ld_shared=26;ptx_ld_global=7
01_collector_protocol,collector_bf16_m128n128k16_pingpong_fill_use_lastuse_r3,1,,NVIDIA Thor,11.0,580.00,13.0,PTX ISA 9.3 / CUDA 13.0,1575.000,,,,bf16,128,128,16,5,400,51,1,fill_use_lastuse,pingpong,4,4,5,1,nocount,sw128,sw128,16,16,16,0,512,0,128,none,0,none,0,4,20,2113576.0,1341.9530158730158,,,,,8192,,15.627611214358982,,,0,0.0,1,bf14b28d2af4128daa99f23eec8a5e105636d0b04136f8be580fdc39d6f1f97d,
01_collector_protocol,collector_bf16_m128n128k16_pingpong_fill_use_lastuse_r3,1,,NVIDIA Thor,11.0,580.00,13.0,PTX ISA 9.3 / CUDA 13.0,1575.000,,,,bf16,128,128,16,5,400,51,2,fill_use_lastuse,pingpong,4,4,5,1,nocount,sw128,sw128,16,16,16,0,512,0,128,none,0,none,0,4,20,2113570.0,1341.9492063492064,,,,,8192,,15.627655578003093,,,0,0.0,1,bf14b28d2af4128daa99f23eec8a5e105636d0b04136f8be580fdc39d6f1f97d,
01_collector_protocol,collector_bf16_m128n128k16_pingpong_fill_use_lastuse_r3,1,,NVIDIA Thor,11.0,580.00,13.0,PTX ISA 9.3 / CUDA 13.0,1575.000,,,,bf16,128,128,16,5,400,51,3,fill_use_lastuse,pingpong,4,4,5,1,nocount,sw128,sw128,16,16,16,0,512,0,128,none,0,none,0,4,20,2113570.0,1341.9492063492064,,,,,8192,,15.627655578003093,,,0,0.0,1,bf14b28d2af4128daa99f23eec8a5e105636d0b04136f8be580fdc39d6f1f97d,
01_collector_protocol,collector_bf16_m128n128k16_pingpong_fill_use_lastuse_r3,1,,NVIDIA Thor,11.0,580.00,13.0,PTX ISA 9.3 / CUDA 13.0,1575.000,,,,bf16,128,128,16,5,400,51,4,fill_use_lastuse,pingpong,4,4,5,1,nocount,sw128,sw128,16,16,16,0,512,0,128,none,0,none,0,4,20,2113573.0,1341.951111111111,,,,,8192,,15.627633396149555,,,0,0.0,1,bf14b28d2af4128daa99f23eec8a5e105636d0b04136f8be580fdc39d6f1f97d,
01_collector_protocol,collector_fp16_m128n128k16_pingpong_fill_use_lastuse_r1,1,,NVIDIA Thor,11.0,580.00,13.0,PTX ISA 9.3 / CUDA 13.0,1575.000,,,,fp16,128,128,16,3,400,52,0,fill_use_lastuse,pingpong,4,4,3,1,nocount,sw128,sw128,16,16,16,0,512,0,128,none,0,none,0,4,20,1392767.0,884.296507936508,,,,,8192,,14.229290613577145,,,0,0.0,1,bf14b28d2af4128daa99f23eec8a5e105636d0b04136f8be580fdc39d6f1f97d,; UTCHMMA=21;UTCHMMA_WS=16;UTCBAR=1;UTCATOMSWS=3;SYNCS_TRYWAIT=8;LDS=21;LDG=9;ptx_tcgen05_mma=21;ptx_tcgen05_mma_ws=16;ptx_tcgen05_commit=1;ptx_tcgen05_alloc=1;ptx_tcgen05_dealloc=1;ptx_tcgen05_ld=5;ptx_tcgen05_st=5;ptx_mbarrier_wait=5;ptx_cp_async_tma=2;ptx_ld_shared=26;ptx_ld_global=7
01_collector_protocol,collector_fp16_m128n128k16_pingpong_fill_use_lastuse_r1,1,,NVIDIA Thor,11.0,580.00,13.0,PTX ISA 9.3 / CUDA 13.0,1575.000,,,,fp16,128,128,16,3,400,52,1,fill_use_lastuse,pingpong,4,4,3,1,nocount,sw128,sw128,16,16,16,0,512,0,128,none,0,none,0,4,20,1392772.0,884.2996825396825,,,,,8192,,14.229239530949789,,,0,0.0,1,bf14b28d2af4128daa99f23eec8a5e105636d0b04136f8be580fdc39d6f1f97d,
01_collector_protocol,collector_fp16_m128n128k16_pingpong_fill_use_lastuse_r1,1,,NVIDIA Thor,11.0,580.00,13.0,PTX ISA 9.3 / CUDA 13.0,1575.000,,,,fp16,128,128,16,3,400,52,2,fill_use_lastuse,pingpong,4,4,3,1,nocount,sw128,sw128,16,16,16,0,512,0,128,none,0,none,0,4,20,1392774.0,884.3009523809524,,,,,8192,,14.229219098001543,,,0,0.0,1,bf14b28d2af4128daa99f23eec8a5e105636d0b04136f8be580fdc39d6f1f97d,
01_collector_protocol,collector_fp16_m128n128k16_pingpong_fill_use_lastuse_r1,1,,NVIDIA Thor,11.0,580.00,13.0,PTX ISA 9.3 / CUDA 13.0,1575.000,,,,fp16,128,128,16,3,400,52,3,fill_use_lastuse,pingpong,4,4,3,1,nocount,sw128,sw128,16,16,16,0,512,0,128,none,0,none,0,4,20,1392766.0,884.295873015873,,,,,8192,,14.229300830146629,,,0,0.0,1,bf14b28d2af4128daa99f23eec8a5e105636d0b04136f8be580fdc39d6f1f97d,
01_collector_protocol,collector_fp16_m128n128k16_pingpong_fill_use_lastuse_r1,1,,NVIDIA Thor,11.0,580.00,13.0,PTX ISA 9.3 / CUDA 13.0,1575.000,,,,fp16,128,128,16,3,400,52,4,fill_use_lastuse,pingpong,4,4,3,1,nocount,sw128,sw128,16,16,16,0,512,0,128,none,0,none,0,4,20,1392774.0,884.3009523809524,,,,,8192,,14.229219098001543,,,0,0.0,1,bf14b28d2af4128daa99f23eec8a5e105636d0b04136f8be580fdc39d6f1f97d,
01_collector_protocol,collector_fp16_m128n64k16_same_fill_lastuse_r0,1,,NVIDIA Thor,11.0,580.00,13.0,PTX ISA 9.3 / CUDA 13.0,1575.000,,,,fp16,128,64,16,2,400,53,0,fill_lastuse,same,8,8,2,1,nocount,sw128,sw128,16,16,16,0,512,0,64,none,0,none,0,4,20,1028363.0,652.9288888888889,,,,,6144,,6.423829717716409,,,0,0.0,1,bf14b28d2af4128daa99f23eec8a5e105636d0b04136f8be580fdc39d6f1f97d,; UTCHMMA=21;UTCHMMA_WS=16;UTCBAR=1;UTCATOMSWS=3;SYNCS_TRYWAIT=8;LDS=21;LDG=9;ptx_tcgen05_mma=21;ptx_tcgen05_mma_ws=16;ptx_tcgen05_commit=1;ptx_tcgen05_alloc=1;ptx_tcgen05_dealloc=1;ptx_tcgen05_ld=5;ptx_tcgen05_st=5;ptx_mbarrier_wait=5;ptx_cp_async_tma=2;ptx_ld_shared=26;ptx_ld_global=7
01_collector_protocol,collector_fp16_m128n64k16_same_fill_lastuse_r0,1,,NVIDIA Thor,11.0,580.00,13.0,PTX ISA 9.3 / CUDA 13.0,1575.000,,,,fp16,128,64,16,2,400,53,1,fill_lastuse,same,8,8,2,1,nocount,sw128,sw128,16,16,16,0,512,0,64,none,0,none,0,4,20,1028375.0,652.936507936508,,,,,6144,,6.423754758721283,,,0,0.0,1,bf14b28d2af4128daa99f23eec8a5e105636d0b04136f8be580fdc39d6f1f97d,
01_collector_protocol,collector_fp16_m128n64k16_same_fill_lastuse_r0,1,,NVIDIA Thor,11.0,580.00,13.0,PTX ISA 9.3 / CUDA 13.0,1575.000,,,,fp16,128,64,16,2,400,53,2,fill_lastuse,same,8,8,2,1,nocount,sw128,sw128,16,16,16,0,512,0,64,none,0,none,0,4,20,1028373.0,652.9352380952381,,,,,6144,,6.423767251765653,,,0,0.0,1,bf14b28d2af4128daa99f23eec8a5e105636d0b04136f8be580fdc39d6f1f97d,
01_collector_protocol,collector_fp16_m128n64k16_same_fill_lastuse_r0,1,,NVIDIA Thor,11.0,580.00,13.0,PTX ISA 9.3 / CUDA 13.0,1575.000,,,,fp16,128,64,16,2,400,53,3,fill_lastuse,same,8,8,2,1,nocount,sw128,sw128,16,16,16,0,512,0,64,none,0,none,0,4,20,1028378.0,652.9384126984127,,,,,6144,,6.423736019245842,,,0,0.0,1,bf14b28d2af4128daa99f23eec8a5e105636d0b04136f8be580fdc39d6f1f97d,
01_collector_protocol,collector_fp16_m128n64k16_same_fill_lastuse_r0,1,,NVIDIA Thor,11.0,580.00,13.0,PTX ISA 9.3 / CUDA 13.0,1575.000,,,,fp16,128,64,16,2,400,53,4,fill_lastuse,same,8,8,2,1,nocount,sw128,sw128,16,16,16,0,512,0,64,none,0,none,0,4,20,1028373.0,652.9352380952381,,,,,6144,,6.423767251765653,,,0,0.0,1,bf14b28d2af4128daa99f23eec8a5e105636d0b04136f8be580fdc39d6f1f97d,
01_collector_protocol,collector_ws_b1_bf16_m128n64k16,1,,NVIDIA Thor,11.0,580.00,13.0,PTX ISA 9.3 / CUDA 13.0,1575.000,,,,bf16,128,64,16,4,300,54,0,fill_use_lastuse,same,8,8,4,1,nocount,sw128,sw128,16,16,16,0,512,0,64,none,0,none,0,4,20,1660625.0,1054.3650793650795,,,,,6144,,5.967056499811817,,,0,0.0,1,bf14b28d2af4128daa99f23eec8a5e105636d0b04136f8be580fdc39d6f1f97d,; UTCHMMA=21;UTCHMMA_WS=16;UTCBAR=1;UTCATOMSWS=3;SYNCS_TRYWAIT=8;LDS=21;LDG=9;ptx_tcgen05_mma=21;ptx_tcgen05_mma_ws=16;ptx_tcgen05_commit=1;ptx_tcgen05_alloc=1;ptx_tcgen05_dealloc=1;ptx_tcgen05_ld=5;ptx_tcgen05_st=5;ptx_mbarrier_wait=5;ptx_cp_async_tma=2;ptx_ld_shared=26;ptx_ld_global=7
01_collector_protocol,collector_ws_b1_bf16_m128n64k16,1,,NVIDIA Thor,11.0,580.00,13.0,PTX ISA 9.3 / CUDA 13.0,1575.000,,,,bf16,128,64,16,4,300,54,1,fill_use_lastuse,same,8,8,4,1,nocount,sw128,sw128,16,16,16,0,512,0,64,none,0,none,0,4,20,1660621.0,1054.3625396825396,,,,,6144,,5.9670708728843005,,,0,0.0,1,bf14b28d2af4128daa99f23eec8a5e105636d0b04136f8be580fdc39d6f1f97d,
01_collector_protocol,collector_ws_b1_bf16_m128n64k16,1,,NVIDIA Thor,11.0,580.00,13.0,PTX ISA 9.3 / CUDA 13.0,1575.000,,,,bf16,128,64,16,4,300,54,2,fill_use_lastuse,same,8,8,4,1,nocount,sw128,sw128,16,16,16,0,512,0,64,none,0,none,0,4,20,1660619.0,1054.3612698412696,,,,,6144,,5.967078059446508,,,0,0.0,1,bf14b28d2af4128daa99f23eec8a5e105636d0b04136f8be580fdc39d6f1f97d,
01_collector_protocol,collector_ws_b1_bf16_m128n64k16,1,,NVIDIA Thor,11.0,580.00,13.0,PTX ISA 9.3 / CUDA 13.0,1575.000,,,,bf16,128,64,16,4,300,54,3,fill_use_lastuse,same,8,8,4,1,nocount,sw128,sw128,16,16,16,0,512,0,64,none,0,none,0,4,20,1660617.0,1054.3600000000001,,,,,6144,,5.967085246026025,,,0,0.0,1,bf14b28d2af4128daa99f23eec8a5e105636d0b04136f8be580fdc39d6f1f97d,
01_collector_protocol,collector_ws_b1_bf16_m128n64k16,1,,NVIDIA Thor,11.0,580.00,13.0,PTX ISA 9.3 / CUDA 13.0,1575.000,,,,bf16,128,64,16,4,300,54,4,fill_use_lastuse,same,8,8,4,1,nocount,sw128,sw128,16,16,16,0,512,0,64,none,0,none,0,4,20,1660625.0,1054.3650793650795,,,,,6144,,5.967056499811817,,,0,0.0,1,bf14b28d2af4128daa99f23eec8a5e105636d0b04136f8be580fdc39d6f1f97d,
01_collector_protocol,collector_bf16_m128n256k16_pingpong_fill_lastuse_r0,1,,NVIDIA Thor,11.0,580.00,13.0,PTX ISA 9.3 / CUDA 13.0,1575.000,,,,bf16,128,256,16,2,400,55,0,fill_lastuse,pingpong,2,2,2,1,nocount,sw128,sw128,16,16,16,0,512,0,256,none,0,none,0,4,20,1028372.0,652.9346031746031,,,,,12288,,25.69509399322424,,,0,0.0,1,bf14b28d2af4128daa99f23eec8a5e105636d0b04136f8be580fdc39d6f1f97d,; UTCHMMA=21;UTCHMMA_WS=16;UTCBAR=1;UTCATOMSWS=3;SYNCS_TRYWAIT=8;LDS=21;LDG=9;ptx_tcgen05_mma=21;ptx_tcgen05_mma_ws=16;ptx_tcgen05_commit=1;ptx_tcgen05_alloc=1;ptx_tcgen05_dealloc=1;ptx_tcgen05_ld=5;ptx_tcgen05_st=5;ptx_mbarrier_wait=5;ptx_cp_async_tma=2;ptx_ld_shared=26;ptx_ld_global=7
01_collector_protocol,collector_bf16_m128n256k16_pingpong_fill_lastuse_r0,1,,NVIDIA Thor,11.0,580.00,13.0,PTX ISA 9.3 / CUDA 13.0,1575.000,,,,bf16,128,256,16,2,400,55,1,fill_lastuse,pingpong,2,2,2,1,nocount,sw128,sw128,16,16,16,0,512,0,256,none,0,none,0,4,20,1028370.0,652.9333333333334,,,,,12288,,25.69514396569328,,,0,0.0,1,bf14b28d2af4128daa99f23eec8a5e105636d0b04136f8be580fdc39d6f1f97d,
01_collector_protocol,collector_bf16_m128n256k16_pingpong_fill_lastuse_r0,1,,NVIDIA Thor,11.0,580.00,13.0,PTX ISA 9.3 / CUDA 13.0,1575.000,,,,bf16,128,256,16,2,400,55,2,fill_lastuse,pingpong,2,2,2,1,nocount,sw128,sw128,16,16,16,0,512,0,256,none,0,none,0,4,20,1028366.0,652.9307936507937,,,,,12288,,25.695243911214487,,,0,0.0,1,bf14b28d2af4128daa99f23eec8a5e105636d0b04136f8be580fdc39d6f1f97d,
01_collector_protocol,collector_bf16_m128n256k16_pingpong_fill_lastuse_r0,1,,NVIDIA Thor,11.0,580.00,13.0,PTX ISA 9.3 / CUDA 13.0,1575.000,,,,bf16,128,256,16,2,400,55,3,fill_lastuse,pingpong,2,2,2,1,nocount,sw128,sw128,16,16,16,0,512,0,256,none,0,none,0,4,20,1028360.0,652.926984126984,,,,,12288,,25.695393830954142,,,0,0.0,1,bf14b28d2af4128daa99f23eec8a5e105636d0b04136f8be580fdc39d6f1f97d,
01_collector_protocol,collector_bf16_m128n256k16_pingpong_fill_lastuse_r0,1,,NVIDIA Thor,11.0,580.00,13.0,PTX ISA 9.3 / CUDA 13.0,1575.000,,,,bf16,128,256,16,2,400,55,4,fill_lastuse,pingpong,2,2,2,1,nocount,sw128,sw128,16,16,16,0,512,0,256,none,0,none,0,4,20,1028373.0,652.9352380952381,,,,,12288,,25.695069007062614,,,0,0.0,1,bf14b28d2af4128daa99f23eec8a5e105636d0b04136f8be580fdc39d6f1f97d,
01_collector_protocol,collector_ws_b4_fp16_m128n64k16,1,,NVIDIA Thor,11.0,580.00,13.0,PTX ISA 9.3 / CUDA 13.0,1575.000,,,,fp16,128,64,16,16,300,56,0,fill_use_lastuse,same,8,8,16,1,nocount,sw128,sw128,16,16,16,0,512,0,64,none,0,none,0,4,20,5970845.0,3791.0126984126987,,,,,6144,,6.638285334822793,,,0,0.0,1,bf14b28d2af4128daa99f23eec8a5e105636d0b04136f8be580fdc39d6f1f97d,; UTCHMMA=21;UTCHMMA_WS=16;UTCBAR=1;UTCATOMSWS=3;SYNCS_TRYWAIT=8;LDS=21;LDG=9;ptx_tcgen05_mma=21;ptx_tcgen05_mma_ws=16;ptx_tcgen05_commit=1;ptx_tcgen05_alloc=1;ptx_tcgen05_dealloc=1;ptx_tcgen05_ld=5;ptx_tcgen05_st=5;ptx_mbarrier_wait=5;ptx_cp_async_tma=2;ptx_ld_shared=26;ptx_ld_global=7
01_collector_protocol,collector_ws_b4_fp16_m128n64k16,1,,NVIDIA Thor,11.0,580.00,13.0,PTX ISA 9.3 / CUDA 13.0,1575.000,,,,fp16,128,64,16,16,300,56,1,fill_use_lastuse,same,8,8,16,1,nocount,sw128,sw128,16,16,16,0,512,0,64,none,0,none,0,4,20,5970836.0,3791.006984126984,,,,,6144,,6.638295340886938,,,0,0.0,1,bf14b28d2af4128daa99f23eec8a5e105636d0b04136f8be580fdc39d6f1f97d,
01_collector_protocol,collector_ws_b4_fp16_m128n64k16,1,,NVIDIA Thor,11.0,580.00,13.0,PTX ISA 9.3 / CUDA 13.0,1575.000,,,,fp16,128,64,16,16,300,56,2,fill_use_lastuse,same,8,8,16,1,nocount,sw128,sw128,16,16,16,0,512,0,64,none,0,none,0,4,20,5970844.0,3791.0120634920636,,,,,6144,,6.638286446606209,,,0,0.0,1,bf14b28d2af4128daa99f23eec8a5e105636d0b04136f8be580fdc39d6f1f97d,
01_collector_protocol,collector_ws_b4_fp16_m128n64k16,1,,NVIDIA Thor,11.0,580.00,13.0,PTX ISA 9.3 / CUDA 13.0,1575.000,,,,fp16,128,64,16,16,300,56,3,fill_use_lastuse,same,8,8,16,1,nocount,sw128,sw128,16,16,16,0,512,0,64,none,0,none,0,4,20,5970843.0,3791.011428571429,,,,,6144,,6.6382875583899965,,,0,0.0,1,bf14b28d2af4128daa99f23eec8a5e105636d0b04136f8be580fdc39d6f1f97d,
01_collector_protocol,collector_ws_b4_fp16_m128n64k16,1,,NVIDIA Thor,11.0,580.00,13.0,PTX ISA 9.3 / CUDA 13.0,1575.000,,,,fp16,128,64,16,16,300,56,4,fill_use_lastuse,same,8,8,16,1,nocount,sw128,sw128,16,16,16,0,512,0,64,none,0,none,0,4,20,5970838.0,3791.008253968254,,,,,6144,,6.638293117314522,,,0,0.0,1,bf14b28d2af4128daa99f23eec8a5e105636d0b04136f8be580fdc39d6f1f97d,
01_collector_protocol,collector_fp16_m128n256k16_pingpong_fill_use_lastuse_r1,1,,NVIDIA Thor,11.0,580.00,13.0,PTX ISA 9.3 / CUDA 13.0,1575.000,,,,fp16,128,256,16,3,400,57,0,fill_use_lastuse,pingpong,2,2,3,1,nocount,sw128,sw128,16,16,16,0,512,0,256,none,0,none,0,4,20,1392768.0,884.2971428571428,,,,,12288,,28.45856079404467,,,0,0.0,1,bf14b28d2af4128daa99f23eec8a5e105636d0b04136f8be580fdc39d6f1f97d,; UTCHMMA=21;UTCHMMA_WS=16;UTCBAR=1;UTCATOMSWS=3;SYNCS_TRYWAIT=8;LDS=21;LDG=9;ptx_tcgen05_mma=21;ptx_tcgen05_mma_ws=16;ptx_tcgen05_commit=1;ptx_tcgen05_alloc=1;ptx_tcgen05_dealloc=1;ptx_tcgen05_ld=5;ptx_tcgen05_st=5;ptx_mbarrier_wait=5;ptx_cp_async_tma=2;ptx_ld_shared=26;ptx_ld_global=7
01_collector_protocol,collector_fp16_m128n256k16_pingpong_fill_use_lastuse_r1,1,,NVIDIA Thor,11.0,580.00,13.0,PTX ISA 9.3 / CUDA 13.0,1575.000,,,,fp16,128,256,16,3,400,57,1,fill_use_lastuse,pingpong,2,2,3,1,nocount,sw128,sw128,16,16,16,0,512,0,256,none,0,none,0,4,20,1392761.0,884.2926984126984,,,,,12288,,28.458703826428227,,,0,0.0,1,bf14b28d2af4128daa99f23eec8a5e105636d0b04136f8be580fdc39d6f1f97d,
01_collector_protocol,collector_fp16_m128n256k16_pingpong_fill_use_lastuse_r1,1,,NVIDIA Thor,11.0,580.00,13.0,PTX ISA 9.3 / CUDA 13.0,1575.000,,,,fp16,128,256,16,3,400,57,2,fill_use_lastuse,pingpong,2,2,3,1,nocount,sw128,sw128,16,16,16,0,512,0,256,none,0,none,0,4,20,1392772.0,884.2996825396825,,,,,12288,,28.458479061899578,,,0,0.0,1,bf14b28d2af4128daa99f23eec8a5e105636d0b04136f8be580fdc39d6f1f97d,
01_collector_protocol,collector_fp16_m128n256k16_pingpong_fill_use_lastuse_r1,1,,NVIDIA Thor,11.0,580.00,13.0,PTX ISA 9.3 / CUDA 13.0,1575.000,,,,fp16,128,256,16,3,400,57,3,fill_use_lastuse,pingpong,2,2,3,1,nocount,sw128,sw128,16,16,16,0,512,0,256,none,0,none,0,4,20,1392769.0,884.2977777777778,,,,,12288,,28.45854036096438,,,0,0.0,1,bf14b28d2af4128daa99f23eec8a5e105636d0b04136f8be580fdc39d6f1f97d,
01_collector_protocol,collector_fp16_m128n256k16_pingpong_fill_use_lastuse_r1,1,,NVIDIA Thor,11.0,580.00,13.0,PTX ISA 9.3 / CUDA 13.0,1575.000,,,,fp16,128,256,16,3,400,57,4,fill_use_lastuse,pingpong,2,2,3,1,nocount,sw128,sw128,16,16,16,0,512,0,256,none,0,none,0,4,20,1392771.0,884.2990476190477,,,,,12288,,28.458499494891836,,,0,0.0,1,bf14b28d2af4128daa99f23eec8a5e105636d0b04136f8be580fdc39d6f1f97d,
01_collector_protocol,collector_fp16_m128n256k16_same_fill_lastuse_r0,1,,NVIDIA Thor,11.0,580.00,13.0,PTX ISA 9.3 / CUDA 13.0,1575.000,,,,fp16,128,256,16,2,400,58,0,fill_lastuse,same,2,2,2,1,nocount,sw128,sw128,16,16,16,0,512,0,256,none,0,none,0,4,20,1028364.0,652.9295238095237,,,,,12288,,25.695293884266665,,,0,0.0,1,bf14b28d2af4128daa99f23eec8a5e105636d0b04136f8be580fdc39d6f1f97d,; UTCHMMA=21;UTCHMMA_WS=16;UTCBAR=1;UTCATOMSWS=3;SYNCS_TRYWAIT=8;LDS=21;LDG=9;ptx_tcgen05_mma=21;ptx_tcgen05_mma_ws=16;ptx_tcgen05_commit=1;ptx_tcgen05_alloc=1;ptx_tcgen05_dealloc=1;ptx_tcgen05_ld=5;ptx_tcgen05_st=5;ptx_mbarrier_wait=5;ptx_cp_async_tma=2;ptx_ld_shared=26;ptx_ld_global=7
01_collector_protocol,collector_fp16_m128n256k16_same_fill_lastuse_r0,1,,NVIDIA Thor,11.0,580.00,13.0,PTX ISA 9.3 / CUDA 13.0,1575.000,,,,fp16,128,256,16,2,400,58,1,fill_lastuse,same,2,2,2,1,nocount,sw128,sw128,16,16,16,0,512,0,256,none,0,none,0,4,20,1028370.0,652.9333333333334,,,,,12288,,25.69514396569328,,,0,0.0,1,bf14b28d2af4128daa99f23eec8a5e105636d0b04136f8be580fdc39d6f1f97d,
01_collector_protocol,collector_fp16_m128n256k16_same_fill_lastuse_r0,1,,NVIDIA Thor,11.0,580.00,13.0,PTX ISA 9.3 / CUDA 13.0,1575.000,,,,fp16,128,256,16,2,400,58,2,fill_lastuse,same,2,2,2,1,nocount,sw128,sw128,16,16,16,0,512,0,256,none,0,none,0,4,20,1028371.0,652.9339682539683,,,,,12288,,25.695118979434465,,,0,0.0,1,bf14b28d2af4128daa99f23eec8a5e105636d0b04136f8be580fdc39d6f1f97d,
01_collector_protocol,collector_fp16_m128n256k16_same_fill_lastuse_r0,1,,NVIDIA Thor,11.0,580.00,13.0,PTX ISA 9.3 / CUDA 13.0,1575.000,,,,fp16,128,256,16,2,400,58,3,fill_lastuse,same,2,2,2,1,nocount,sw128,sw128,16,16,16,0,512,0,256,none,0,none,0,4,20,1028368.0,652.9320634920634,,,,,12288,,25.6951939383567,,,0,0.0,1,bf14b28d2af4128daa99f23eec8a5e105636d0b04136f8be580fdc39d6f1f97d,
01_collector_protocol,collector_fp16_m128n256k16_same_fill_lastuse_r0,1,,NVIDIA Thor,11.0,580.00,13.0,PTX ISA 9.3 / CUDA 13.0,1575.000,,,,fp16,128,256,16,2,400,58,4,fill_lastuse,same,2,2,2,1,nocount,sw128,sw128,16,16,16,0,512,0,256,none,0,none,0,4,20,1028366.0,652.9307936507937,,,,,12288,,25.695243911214487,,,0,0.0,1,bf14b28d2af4128daa99f23eec8a5e105636d0b04136f8be580fdc39d6f1f97d,
01_collector_protocol,collector_bf16_m128n64k16_same_fill_lastuse_r0,1,,NVIDIA Thor,11.0,580.00,13.0,PTX ISA 9.3 / CUDA 13.0,1575.000,,,,bf16,128,64,16,2,400,59,0,fill_lastuse,same,8,8,2,1,nocount,sw128,sw128,16,16,16,0,512,0,64,none,0,none,0,4,20,1028372.0,652.9346031746031,,,,,6144,,6.42377349830606,,,0,0.0,1,bf14b28d2af4128daa99f23eec8a5e105636d0b04136f8be580fdc39d6f1f97d,; UTCHMMA=21;UTCHMMA_WS=16;UTCBAR=1;UTCATOMSWS=3;SYNCS_TRYWAIT=8;LDS=21;LDG=9;ptx_tcgen05_mma=21;ptx_tcgen05_mma_ws=16;ptx_tcgen05_commit=1;ptx_tcgen05_alloc=1;ptx_tcgen05_dealloc=1;ptx_tcgen05_ld=5;ptx_tcgen05_st=5;ptx_mbarrier_wait=5;ptx_cp_async_tma=2;ptx_ld_shared=26;ptx_ld_global=7
01_collector_protocol,collector_bf16_m128n64k16_same_fill_lastuse_r0,1,,NVIDIA Thor,11.0,580.00,13.0,PTX ISA 9.3 / CUDA 13.0,1575.000,,,,bf16,128,64,16,2,400,59,1,fill_lastuse,same,8,8,2,1,nocount,sw128,sw128,16,16,16,0,512,0,64,none,0,none,0,4,20,1028366.0,652.9307936507937,,,,,6144,,6.423810977803622,,,0,0.0,1,bf14b28d2af4128daa99f23eec8a5e105636d0b04136f8be580fdc39d6f1f97d,
01_collector_protocol,collector_bf16_m128n64k16_same_fill_lastuse_r0,1,,NVIDIA Thor,11.0,580.00,13.0,PTX ISA 9.3 / CUDA 13.0,1575.000,,,,bf16,128,64,16,2,400,59,2,fill_lastuse,same,8,8,2,1,nocount,sw128,sw128,16,16,16,0,512,0,64,none,0,none,0,4,20,1028365.0,652.9301587301587,,,,,6144,,6.42381722442907,,,0,0.0,1,bf14b28d2af4128daa99f23eec8a5e105636d0b04136f8be580fdc39d6f1f97d,
01_collector_protocol,collector_bf16_m128n64k16_same_fill_lastuse_r0,1,,NVIDIA Thor,11.0,580.00,13.0,PTX ISA 9.3 / CUDA 13.0,1575.000,,,,bf16,128,64,16,2,400,59,3,fill_lastuse,same,8,8,2,1,nocount,sw128,sw128,16,16,16,0,512,0,64,none,0,none,0,4,20,1028370.0,652.9333333333334,,,,,6144,,6.42378599142332,,,0,0.0,1,bf14b28d2af4128daa99f23eec8a5e105636d0b04136f8be580fdc39d6f1f97d,
01_collector_protocol,collector_bf16_m128n64k16_same_fill_lastuse_r0,1,,NVIDIA Thor,11.0,580.00,13.0,PTX ISA 9.3 / CUDA 13.0,1575.000,,,,bf16,128,64,16,2,400,59,4,fill_lastuse,same,8,8,2,1,nocount,sw128,sw128,16,16,16,0,512,0,64,none,0,none,0,4,20,1028366.0,652.9307936507937,,,,,6144,,6.423810977803622,,,0,0.0,1,bf14b28d2af4128daa99f23eec8a5e105636d0b04136f8be580fdc39d6f1f97d,
01_collector_protocol,collector_bf16_m128n64k16_same_fill_use_lastuse_r3,1,,NVIDIA Thor,11.0,580.00,13.0,PTX ISA 9.3 / CUDA 13.0,1575.000,,,,bf16,128,64,16,5,400,60,0,fill_use_lastuse,same,8,8,5,1,nocount,sw128,sw128,16,16,16,0,512,0,64,none,0,none,0,4,20,2113566.0,1341.9466666666667,,,,,6144,,7.813842576952885,,,0,0.0,1,bf14b28d2af4128daa99f23eec8a5e105636d0b04136f8be580fdc39d6f1f97d,; UTCHMMA=21;UTCHMMA_WS=16;UTCBAR=1;UTCATOMSWS=3;SYNCS_TRYWAIT=8;LDS=21;LDG=9;ptx_tcgen05_mma=21;ptx_tcgen05_mma_ws=16;ptx_tcgen05_commit=1;ptx_tcgen05_alloc=1;ptx_tcgen05_dealloc=1;ptx_tcgen05_ld=5;ptx_tcgen05_st=5;ptx_mbarrier_wait=5;ptx_cp_async_tma=2;ptx_ld_shared=26;ptx_ld_global=7
01_collector_protocol,collector_bf16_m128n64k16_same_fill_use_lastuse_r3,1,,NVIDIA Thor,11.0,580.00,13.0,PTX ISA 9.3 / CUDA 13.0,1575.000,,,,bf16,128,64,16,5,400,60,1,fill_use_lastuse,same,8,8,5,1,nocount,sw128,sw128,16,16,16,0,512,0,64,none,0,none,0,4,20,2113571.0,1341.9498412698413,,,,,6144,,7.813824092022459,,,0,0.0,1,bf14b28d2af4128daa99f23eec8a5e105636d0b04136f8be580fdc39d6f1f97d,
01_collector_protocol,collector_bf16_m128n64k16_same_fill_use_lastuse_r3,1,,NVIDIA Thor,11.0,580.00,13.0,PTX ISA 9.3 / CUDA 13.0,1575.000,,,,bf16,128,64,16,5,400,60,2,fill_use_lastuse,same,8,8,5,1,nocount,sw128,sw128,16,16,16,0,512,0,64,none,0,none,0,4,20,2113570.0,1341.9492063492064,,,,,6144,,7.813827789001547,,,0,0.0,1,bf14b28d2af4128daa99f23eec8a5e105636d0b04136f8be580fdc39d6f1f97d,
01_collector_protocol,collector_bf16_m128n64k16_same_fill_use_lastuse_r3,1,,NVIDIA Thor,11.0,580.00,13.0,PTX ISA 9.3 / CUDA 13.0,1575.000,,,,bf16,128,64,16,5,400,60,3,fill_use_lastuse,same,8,8,5,1,nocount,sw128,sw128,16,16,16,0,512,0,64,none,0,none,0,4,20,2113576.0,1341.9530158730158,,,,,6144,,7.813805607179491,,,0,0.0,1,bf14b28d2af4128daa99f23eec8a5e105636d0b04136f8be580fdc39d6f1f97d,
01_collector_protocol,collector_bf16_m128n64k16_same_fill_use_lastuse_r3,1,,NVIDIA Thor,11.0,580.00,13.0,PTX ISA 9.3 / CUDA 13.0,1575.000,,,,bf16,128,64,16,5,400,60,4,fill_use_lastuse,same,8,8,5,1,nocount,sw128,sw128,16,16,16,0,512,0,64,none,0,none,0,4,20,2113569.0,1341.9485714285715,,,,,6144,,7.813831485984133,,,0,0.0,1,bf14b28d2af4128daa99f23eec8a5e105636d0b04136f8be580fdc39d6f1f97d,
01_collector_protocol,collector_ws_b4_bf16_m128n64k16,1,,NVIDIA Thor,11.0,580.00,13.0,PTX ISA 9.3 / CUDA 13.0,1575.000,,,,bf16,128,64,16,16,300,61,0,fill_use_lastuse,same,8,8,16,1,nocount,sw128,sw128,16,16,16,0,512,0,64,none,0,none,0,4,20,5970832.0,3791.0044444444447,,,,,6144,,6.638299788036241,,,0,0.0,1,bf14b28d2af4128daa99f23eec8a5e105636d0b04136f8be580fdc39d6f1f97d,; UTCHMMA=21;UTCHMMA_WS=16;UTCBAR=1;UTCATOMSWS=3;SYNCS_TRYWAIT=8;LDS=21;LDG=9;ptx_tcgen05_mma=21;ptx_tcgen05_mma_ws=16;ptx_tcgen05_commit=1;ptx_tcgen05_alloc=1;ptx_tcgen05_dealloc=1;ptx_tcgen05_ld=5;ptx_tcgen05_st=5;ptx_mbarrier_wait=5;ptx_cp_async_tma=2;ptx_ld_shared=26;ptx_ld_global=7
01_collector_protocol,collector_ws_b4_bf16_m128n64k16,1,,NVIDIA Thor,11.0,580.00,13.0,PTX ISA 9.3 / CUDA 13.0,1575.000,,,,bf16,128,64,16,16,300,61,1,fill_use_lastuse,same,8,8,16,1,nocount,sw128,sw128,16,16,16,0,512,0,64,none,0,none,0,4,20,5970831.0,3791.003809523809,,,,,6144,,6.638300899824497,,,0,0.0,1,bf14b28d2af4128daa99f23eec8a5e105636d0b04136f8be580fdc39d6f1f97d,
01_collector_protocol,collector_ws_b4_bf16_m128n64k16,1,,NVIDIA Thor,11.0,580.00,13.0,PTX ISA 9.3 / CUDA 13.0,1575.000,,,,bf16,128,64,16,16,300,61,2,fill_use_lastuse,same,8,8,16,1,nocount,sw128,sw128,16,16,16,0,512,0,64,none,0,none,0,4,20,5970831.0,3791.003809523809,,,,,6144,,6.638300899824497,,,0,0.0,1,bf14b28d2af4128daa99f23eec8a5e105636d0b04136f8be580fdc39d6f1f97d,
01_collector_protocol,collector_ws_b4_bf16_m128n64k16,1,,NVIDIA Thor,11.0,580.00,13.0,PTX ISA 9.3 / CUDA 13.0,1575.000,,,,bf16,128,64,16,16,300,61,3,fill_use_lastuse,same,8,8,16,1,nocount,sw128,sw128,16,16,16,0,512,0,64,none,0,none,0,4,20,5970839.0,3791.008888888889,,,,,6144,,6.638292005528871,,,0,0.0,1,bf14b28d2af4128daa99f23eec8a5e105636d0b04136f8be580fdc39d6f1f97d,
01_collector_protocol,collector_ws_b4_bf16_m128n64k16,1,,NVIDIA Thor,11.0,580.00,13.0,PTX ISA 9.3 / CUDA 13.0,1575.000,,,,bf16,128,64,16,16,300,61,4,fill_use_lastuse,same,8,8,16,1,nocount,sw128,sw128,16,16,16,0,512,0,64,none,0,none,0,4,20,5970838.0,3791.008253968254,,,,,6144,,6.638293117314522,,,0,0.0,1,bf14b28d2af4128daa99f23eec8a5e105636d0b04136f8be580fdc39d6f1f97d,
01_collector_protocol,collector_bf16_m128n128k16_same_fill_lastuse_r0,1,,NVIDIA Thor,11.0,580.00,13.0,PTX ISA 9.3 / CUDA 13.0,1575.000,,,,bf16,128,128,16,2,400,62,0,fill_lastuse,same,4,4,2,1,nocount,sw128,sw128,16,16,16,0,512,0,128,none,0,none,0,4,20,1028372.0,652.9346031746031,,,,,8192,,12.84754699661212,,,0,0.0,1,bf14b28d2af4128daa99f23eec8a5e105636d0b04136f8be580fdc39d6f1f97d,; UTCHMMA=21;UTCHMMA_WS=16;UTCBAR=1;UTCATOMSWS=3;SYNCS_TRYWAIT=8;LDS=21;LDG=9;ptx_tcgen05_mma=21;ptx_tcgen05_mma_ws=16;ptx_tcgen05_commit=1;ptx_tcgen05_alloc=1;ptx_tcgen05_dealloc=1;ptx_tcgen05_ld=5;ptx_tcgen05_st=5;ptx_mbarrier_wait=5;ptx_cp_async_tma=2;ptx_ld_shared=26;ptx_ld_global=7
01_collector_protocol,collector_bf16_m128n128k16_same_fill_lastuse_r0,1,,NVIDIA Thor,11.0,580.00,13.0,PTX ISA 9.3 / CUDA 13.0,1575.000,,,,bf16,128,128,16,2,400,62,1,fill_lastuse,same,4,4,2,1,nocount,sw128,sw128,16,16,16,0,512,0,128,none,0,none,0,4,20,1028372.0,652.9346031746031,,,,,8192,,12.84754699661212,,,0,0.0,1,bf14b28d2af4128daa99f23eec8a5e105636d0b04136f8be580fdc39d6f1f97d,
01_collector_protocol,collector_bf16_m128n128k16_same_fill_lastuse_r0,1,,NVIDIA Thor,11.0,580.00,13.0,PTX ISA 9.3 / CUDA 13.0,1575.000,,,,bf16,128,128,16,2,400,62,2,fill_lastuse,same,4,4,2,1,nocount,sw128,sw128,16,16,16,0,512,0,128,none,0,none,0,4,20,1028372.0,652.9346031746031,,,,,8192,,12.84754699661212,,,0,0.0,1,bf14b28d2af4128daa99f23eec8a5e105636d0b04136f8be580fdc39d6f1f97d,
01_collector_protocol,collector_bf16_m128n128k16_same_fill_lastuse_r0,1,,NVIDIA Thor,11.0,580.00,13.0,PTX ISA 9.3 / CUDA 13.0,1575.000,,,,bf16,128,128,16,2,400,62,3,fill_lastuse,same,4,4,2,1,nocount,sw128,sw128,16,16,16,0,512,0,128,none,0,none,0,4,20,1028370.0,652.9333333333334,,,,,8192,,12.84757198284664,,,0,0.0,1,bf14b28d2af4128daa99f23eec8a5e105636d0b04136f8be580fdc39d6f1f97d,
01_collector_protocol,collector_bf16_m128n128k16_same_fill_lastuse_r0,1,,NVIDIA Thor,11.0,580.00,13.0,PTX ISA 9.3 / CUDA 13.0,1575.000,,,,bf16,128,128,16,2,400,62,4,fill_lastuse,same,4,4,2,1,nocount,sw128,sw128,16,16,16,0,512,0,128,none,0,none,0,4,20,1028372.0,652.9346031746031,,,,,8192,,12.84754699661212,,,0,0.0,1,bf14b28d2af4128daa99f23eec8a5e105636d0b04136f8be580fdc39d6f1f97d,
01_collector_protocol,collector_ws_b1_fp16_m128n128k16,1,,NVIDIA Thor,11.0,580.00,13.0,PTX ISA 9.3 / CUDA 13.0,1575.000,,,,fp16,128,128,16,4,300,63,0,fill_use_lastuse,same,4,4,4,1,nocount,sw128,sw128,16,16,16,0,512,0,128,none,0,none,0,4,20,1660624.0,1054.3644444444444,,,,,8192,,11.934120186146895,,,0,0.0,1,bf14b28d2af4128daa99f23eec8a5e105636d0b04136f8be580fdc39d6f1f97d,; UTCHMMA=21;UTCHMMA_WS=16;UTCBAR=1;UTCATOMSWS=3;SYNCS_TRYWAIT=8;LDS=21;LDG=9;ptx_tcgen05_mma=21;ptx_tcgen05_mma_ws=16;ptx_tcgen05_commit=1;ptx_tcgen05_alloc=1;ptx_tcgen05_dealloc=1;ptx_tcgen05_ld=5;ptx_tcgen05_st=5;ptx_mbarrier_wait=5;ptx_cp_async_tma=2;ptx_ld_shared=26;ptx_ld_global=7
01_collector_protocol,collector_ws_b1_fp16_m128n128k16,1,,NVIDIA Thor,11.0,580.00,13.0,PTX ISA 9.3 / CUDA 13.0,1575.000,,,,fp16,128,128,16,4,300,63,1,fill_use_lastuse,same,4,4,4,1,nocount,sw128,sw128,16,16,16,0,512,0,128,none,0,none,0,4,20,1660623.0,1054.3638095238096,,,,,8192,,11.934127372678809,,,0,0.0,1,bf14b28d2af4128daa99f23eec8a5e105636d0b04136f8be580fdc39d6f1f97d,
01_collector_protocol,collector_ws_b1_fp16_m128n128k16,1,,NVIDIA Thor,11.0,580.00,13.0,PTX ISA 9.3 / CUDA 13.0,1575.000,,,,fp16,128,128,16,4,300,63,2,fill_use_lastuse,same,4,4,4,1,nocount,sw128,sw128,16,16,16,0,512,0,128,none,0,none,0,4,20,1660625.0,1054.3650793650795,,,,,8192,,11.934112999623634,,,0,0.0,1,bf14b28d2af4128daa99f23eec8a5e105636d0b04136f8be580fdc39d6f1f97d,
01_collector_protocol,collector_ws_b1_fp16_m128n128k16,1,,NVIDIA Thor,11.0,580.00,13.0,PTX ISA 9.3 / CUDA 13.0,1575.000,,,,fp16,128,128,16,4,300,63,3,fill_use_lastuse,same,4,4,4,1,nocount,sw128,sw128,16,16,16,0,512,0,128,none,0,none,0,4,20,1660620.0,1054.3619047619047,,,,,8192,,11.934148932326481,,,0,0.0,1,bf14b28d2af4128daa99f23eec8a5e105636d0b04136f8be580fdc39d6f1f97d,
01_collector_protocol,collector_ws_b1_fp16_m128n128k16,1,,NVIDIA Thor,11.0,580.00,13.0,PTX ISA 9.3 / CUDA 13.0,1575.000,,,,fp16,128,128,16,4,300,63,4,fill_use_lastuse,same,4,4,4,1,nocount,sw128,sw128,16,16,16,0,512,0,128,none,0,none,0,4,20,1660618.0,1054.360634920635,,,,,8192,,11.934163305468205,,,0,0.0,1,bf14b28d2af4128daa99f23eec8a5e105636d0b04136f8be580fdc39d6f1f97d,
01_collector_protocol,collector_fp16_m128n128k16_same_discard_r0,1,,NVIDIA Thor,11.0,580.00,13.0,PTX ISA 9.3 / CUDA 13.0,1575.000,,,,fp16,128,128,16,32,400,64,0,discard,same,4,4,32,1,nocount,sw128,sw128,16,16,16,0,512,0,128,none,0,none,0,4,20,11496092.0,7299.1060317460315,,,,,8192,,18.388241986929124,,,0,0.0,1,bf14b28d2af4128daa99f23eec8a5e105636d0b04136f8be580fdc39d6f1f97d,; UTCHMMA=21;UTCHMMA_WS=16;UTCBAR=1;UTCATOMSWS=3;SYNCS_TRYWAIT=8;LDS=21;LDG=9;ptx_tcgen05_mma=21;ptx_tcgen05_mma_ws=16;ptx_tcgen05_commit=1;ptx_tcgen05_alloc=1;ptx_tcgen05_dealloc=1;ptx_tcgen05_ld=5;ptx_tcgen05_st=5;ptx_mbarrier_wait=5;ptx_cp_async_tma=2;ptx_ld_shared=26;ptx_ld_global=7
01_collector_protocol,collector_fp16_m128n128k16_same_discard_r0,1,,NVIDIA Thor,11.0,580.00,13.0,PTX ISA 9.3 / CUDA 13.0,1575.000,,,,fp16,128,128,16,32,400,64,1,discard,same,4,4,32,1,nocount,sw128,sw128,16,16,16,0,512,0,128,none,0,none,0,4,20,11496100.0,7299.111111111111,,,,,8192,,18.388229190769042,,,0,0.0,1,bf14b28d2af4128daa99f23eec8a5e105636d0b04136f8be580fdc39d6f1f97d,
01_collector_protocol,collector_fp16_m128n128k16_same_discard_r0,1,,NVIDIA Thor,11.0,580.00,13.0,PTX ISA 9.3 / CUDA 13.0,1575.000,,,,fp16,128,128,16,32,400,64,2,discard,same,4,4,32,1,nocount,sw128,sw128,16,16,16,0,512,0,128,none,0,none,0,4,20,11496094.0,7299.107301587302,,,,,8192,,18.388238787887435,,,0,0.0,1,bf14b28d2af4128daa99f23eec8a5e105636d0b04136f8be580fdc39d6f1f97d,
01_collector_protocol,collector_fp16_m128n128k16_same_discard_r0,1,,NVIDIA Thor,11.0,580.00,13.0,PTX ISA 9.3 / CUDA 13.0,1575.000,,,,fp16,128,128,16,32,400,64,3,discard,same,4,4,32,1,nocount,sw128,sw128,16,16,16,0,512,0,128,none,0,none,0,4,20,11496098.0,7299.109841269841,,,,,8192,,18.388232389807396,,,0,0.0,1,bf14b28d2af4128daa99f23eec8a5e105636d0b04136f8be580fdc39d6f1f97d,
01_collector_protocol,collector_fp16_m128n128k16_same_discard_r0,1,,NVIDIA Thor,11.0,580.00,13.0,PTX ISA 9.3 / CUDA 13.0,1575.000,,,,fp16,128,128,16,32,400,64,4,discard,same,4,4,32,1,nocount,sw128,sw128,16,16,16,0,512,0,128,none,0,none,0,4,20,11496094.0,7299.107301587302,,,,,8192,,18.388238787887435,,,0,0.0,1,bf14b28d2af4128daa99f23eec8a5e105636d0b04136f8be580fdc39d6f1f97d,
01_collector_protocol,collector_fp16_m128n64k16_pingpong_discard_r0,1,,NVIDIA Thor,11.0,580.00,13.0,PTX ISA 9.3 / CUDA 13.0,1575.000,,,,fp16,128,64,16,32,400,65,0,discard,pingpong,8,8,32,1,nocount,sw128,sw128,16,16,16,0,512,0,64,none,0,none,0,4,20,11494773.0,7298.268571428571,,,,,6144,,9.195175998690884,,,0,0.0,1,bf14b28d2af4128daa99f23eec8a5e105636d0b04136f8be580fdc39d6f1f97d,; UTCHMMA=21;UTCHMMA_WS=16;UTCBAR=1;UTCATOMSWS=3;SYNCS_TRYWAIT=8;LDS=21;LDG=9;ptx_tcgen05_mma=21;ptx_tcgen05_mma_ws=16;ptx_tcgen05_commit=1;ptx_tcgen05_alloc=1;ptx_tcgen05_dealloc=1;ptx_tcgen05_ld=5;ptx_tcgen05_st=5;ptx_mbarrier_wait=5;ptx_cp_async_tma=2;ptx_ld_shared=26;ptx_ld_global=7
01_collector_protocol,collector_fp16_m128n64k16_pingpong_discard_r0,1,,NVIDIA Thor,11.0,580.00,13.0,PTX ISA 9.3 / CUDA 13.0,1575.000,,,,fp16,128,64,16,32,400,65,1,discard,pingpong,8,8,32,1,nocount,sw128,sw128,16,16,16,0,512,0,64,none,0,none,0,4,20,11494837.0,7298.309206349206,,,,,6144,,9.19512480255266,,,0,0.0,1,bf14b28d2af4128daa99f23eec8a5e105636d0b04136f8be580fdc39d6f1f97d,
01_collector_protocol,collector_fp16_m128n64k16_pingpong_discard_r0,1,,NVIDIA Thor,11.0,580.00,13.0,PTX ISA 9.3 / CUDA 13.0,1575.000,,,,fp16,128,64,16,32,400,65,2,discard,pingpong,8,8,32,1,nocount,sw128,sw128,16,16,16,0,512,0,64,none,0,none,0,4,20,11494772.0,7298.267936507936,,,,,6144,,9.195176798635066,,,0,0.0,1,bf14b28d2af4128daa99f23eec8a5e105636d0b04136f8be580fdc39d6f1f97d,
01_collector_protocol,collector_fp16_m128n64k16_pingpong_discard_r0,1,,NVIDIA Thor,11.0,580.00,13.0,PTX ISA 9.3 / CUDA 13.0,1575.000,,,,fp16,128,64,16,32,400,65,3,discard,pingpong,8,8,32,1,nocount,sw128,sw128,16,16,16,0,512,0,64,none,0,none,0,4,20,11494772.0,7298.267936507936,,,,,6144,,9.195176798635066,,,0,0.0,1,bf14b28d2af4128daa99f23eec8a5e105636d0b04136f8be580fdc39d6f1f97d,
01_collector_protocol,collector_fp16_m128n64k16_pingpong_discard_r0,1,,NVIDIA Thor,11.0,580.00,13.0,PTX ISA 9.3 / CUDA 13.0,1575.000,,,,fp16,128,64,16,32,400,65,4,discard,pingpong,8,8,32,1,nocount,sw128,sw128,16,16,16,0,512,0,64,none,0,none,0,4,20,11494780.0,7298.2730158730155,,,,,6144,,9.195170399085498,,,0,0.0,1,bf14b28d2af4128daa99f23eec8a5e105636d0b04136f8be580fdc39d6f1f97d,
01_collector_protocol,collector_fp16_m128n64k16_same_fill_use_lastuse_r1,1,,NVIDIA Thor,11.0,580.00,13.0,PTX ISA 9.3 / CUDA 13.0,1575.000,,,,fp16,128,64,16,3,400,66,0,fill_use_lastuse,same,8,8,3,1,nocount,sw128,sw128,16,16,16,0,512,0,64,none,0,none,0,4,20,1392773.0,884.3003174603175,,,,,6144,,7.114614657234165,,,0,0.0,1,bf14b28d2af4128daa99f23eec8a5e105636d0b04136f8be580fdc39d6f1f97d,; UTCHMMA=21;UTCHMMA_WS=16;UTCBAR=1;UTCATOMSWS=3;SYNCS_TRYWAIT=8;LDS=21;LDG=9;ptx_tcgen05_mma=21;ptx_tcgen05_mma_ws=16;ptx_tcgen05_commit=1;ptx_tcgen05_alloc=1;ptx_tcgen05_dealloc=1;ptx_tcgen05_ld=5;ptx_tcgen05_st=5;ptx_mbarrier_wait=5;ptx_cp_async_tma=2;ptx_ld_shared=26;ptx_ld_global=7
01_collector_protocol,collector_fp16_m128n64k16_same_fill_use_lastuse_r1,1,,NVIDIA Thor,11.0,580.00,13.0,PTX ISA 9.3 / CUDA 13.0,1575.000,,,,fp16,128,64,16,3,400,66,1,fill_use_lastuse,same,8,8,3,1,nocount,sw128,sw128,16,16,16,0,512,0,64,none,0,none,0,4,20,1392772.0,884.2996825396825,,,,,6144,,7.114619765474894,,,0,0.0,1,bf14b28d2af4128daa99f23eec8a5e105636d0b04136f8be580fdc39d6f1f97d,
01_collector_protocol,collector_fp16_m128n64k16_same_fill_use_lastuse_r1,1,,NVIDIA Thor,11.0,580.00,13.0,PTX ISA 9.3 / CUDA 13.0,1575.000,,,,fp16,128,64,16,3,400,66,2,fill_use_lastuse,same,8,8,3,1,nocount,sw128,sw128,16,16,16,0,512,0,64,none,0,none,0,4,20,1392771.0,884.2990476190477,,,,,6144,,7.114624873722959,,,0,0.0,1,bf14b28d2af4128daa99f23eec8a5e105636d0b04136f8be580fdc39d6f1f97d,
01_collector_protocol,collector_fp16_m128n64k16_same_fill_use_lastuse_r1,1,,NVIDIA Thor,11.0,580.00,13.0,PTX ISA 9.3 / CUDA 13.0,1575.000,,,,fp16,128,64,16,3,400,66,3,fill_use_lastuse,same,8,8,3,1,nocount,sw128,sw128,16,16,16,0,512,0,64,none,0,none,0,4,20,1392765.0,884.2952380952381,,,,,6144,,7.114655523365392,,,0,0.0,1,bf14b28d2af4128daa99f23eec8a5e105636d0b04136f8be580fdc39d6f1f97d,
01_collector_protocol,collector_fp16_m128n64k16_same_fill_use_lastuse_r1,1,,NVIDIA Thor,11.0,580.00,13.0,PTX ISA 9.3 / CUDA 13.0,1575.000,,,,fp16,128,64,16,3,400,66,4,fill_use_lastuse,same,8,8,3,1,nocount,sw128,sw128,16,16,16,0,512,0,64,none,0,none,0,4,20,1392772.0,884.2996825396825,,,,,6144,,7.114619765474894,,,0,0.0,1,bf14b28d2af4128daa99f23eec8a5e105636d0b04136f8be580fdc39d6f1f97d,
01_collector_protocol,collector_ws_b2_bf16_m128n256k16,1,,NVIDIA Thor,11.0,580.00,13.0,PTX ISA 9.3 / CUDA 13.0,1575.000,,,,bf16,128,256,16,8,300,67,0,fill_use_lastuse,same,2,2,8,1,nocount,sw128,sw128,16,16,16,0,512,0,256,none,0,none,0,4,20,3098282.0,1967.1631746031744,,,,,12288,,25.585903929984426,,,0,0.0,1,bf14b28d2af4128daa99f23eec8a5e105636d0b04136f8be580fdc39d6f1f97d,; UTCHMMA=21;UTCHMMA_WS=16;UTCBAR=1;UTCATOMSWS=3;SYNCS_TRYWAIT=8;LDS=21;LDG=9;ptx_tcgen05_mma=21;ptx_tcgen05_mma_ws=16;ptx_tcgen05_commit=1;ptx_tcgen05_alloc=1;ptx_tcgen05_dealloc=1;ptx_tcgen05_ld=5;ptx_tcgen05_st=5;ptx_mbarrier_wait=5;ptx_cp_async_tma=2;ptx_ld_shared=26;ptx_ld_global=7
01_collector_protocol,collector_ws_b2_bf16_m128n256k16,1,,NVIDIA Thor,11.0,580.00,13.0,PTX ISA 9.3 / CUDA 13.0,1575.000,,,,bf16,128,256,16,8,300,67,1,fill_use_lastuse,same,2,2,8,1,nocount,sw128,sw128,16,16,16,0,512,0,256,none,0,none,0,4,20,3098276.0,1967.1593650793652,,,,,12288,,25.58595347864425,,,0,0.0,1,bf14b28d2af4128daa99f23eec8a5e105636d0b04136f8be580fdc39d6f1f97d,
01_collector_protocol,collector_ws_b2_bf16_m128n256k16,1,,NVIDIA Thor,11.0,580.00,13.0,PTX ISA 9.3 / CUDA 13.0,1575.000,,,,bf16,128,256,16,8,300,67,2,fill_use_lastuse,same,2,2,8,1,nocount,sw128,sw128,16,16,16,0,512,0,256,none,0,none,0,4,20,3098279.0,1967.1612698412698,,,,,12288,,25.585928704290353,,,0,0.0,1,bf14b28d2af4128daa99f23eec8a5e105636d0b04136f8be580fdc39d6f1f97d,
01_collector_protocol,collector_ws_b2_bf16_m128n256k16,1,,NVIDIA Thor,11.0,580.00,13.0,PTX ISA 9.3 / CUDA 13.0,1575.000,,,,bf16,128,256,16,8,300,67,3,fill_use_lastuse,same,2,2,8,1,nocount,sw128,sw128,16,16,16,0,512,0,256,none,0,none,0,4,20,3098279.0,1967.1612698412698,,,,,12288,,25.585928704290353,,,0,0.0,1,bf14b28d2af4128daa99f23eec8a5e105636d0b04136f8be580fdc39d6f1f97d,
01_collector_protocol,collector_ws_b2_bf16_m128n256k16,1,,NVIDIA Thor,11.0,580.00,13.0,PTX ISA 9.3 / CUDA 13.0,1575.000,,,,bf16,128,256,16,8,300,67,4,fill_use_lastuse,same,2,2,8,1,nocount,sw128,sw128,16,16,16,0,512,0,256,none,0,none,0,4,20,3098277.0,1967.1599999999999,,,,,12288,,25.58594522052096,,,0,0.0,1,bf14b28d2af4128daa99f23eec8a5e105636d0b04136f8be580fdc39d6f1f97d,
01_collector_protocol,collector_bf16_m128n64k16_same_fill_use_lastuse_r7,1,,NVIDIA Thor,11.0,580.00,13.0,PTX ISA 9.3 / CUDA 13.0,1575.000,,,,bf16,128,64,16,9,400,68,0,fill_use_lastuse,same,8,8,9,1,nocount,sw128,sw128,16,16,16,0,512,0,64,none,0,none,0,4,20,3557958.0,2259.020952380952,,,,,6144,,8.35510975677622,,,0,0.0,1,bf14b28d2af4128daa99f23eec8a5e105636d0b04136f8be580fdc39d6f1f97d,; UTCHMMA=21;UTCHMMA_WS=16;UTCBAR=1;UTCATOMSWS=3;SYNCS_TRYWAIT=8;LDS=21;LDG=9;ptx_tcgen05_mma=21;ptx_tcgen05_mma_ws=16;ptx_tcgen05_commit=1;ptx_tcgen05_alloc=1;ptx_tcgen05_dealloc=1;ptx_tcgen05_ld=5;ptx_tcgen05_st=5;ptx_mbarrier_wait=5;ptx_cp_async_tma=2;ptx_ld_shared=26;ptx_ld_global=7
01_collector_protocol,collector_bf16_m128n64k16_same_fill_use_lastuse_r7,1,,NVIDIA Thor,11.0,580.00,13.0,PTX ISA 9.3 / CUDA 13.0,1575.000,,,,bf16,128,64,16,9,400,68,1,fill_use_lastuse,same,8,8,9,1,nocount,sw128,sw128,16,16,16,0,512,0,64,none,0,none,0,4,20,3557961.0,2259.022857142857,,,,,6144,,8.355102711918427,,,0,0.0,1,bf14b28d2af4128daa99f23eec8a5e105636d0b04136f8be580fdc39d6f1f97d,
01_collector_protocol,collector_bf16_m128n64k16_same_fill_use_lastuse_r7,1,,NVIDIA Thor,11.0,580.00,13.0,PTX ISA 9.3 / CUDA 13.0,1575.000,,,,bf16,128,64,16,9,400,68,2,fill_use_lastuse,same,8,8,9,1,nocount,sw128,sw128,16,16,16,0,512,0,64,none,0,none,0,4,20,3557958.0,2259.020952380952,,,,,6144,,8.35510975677622,,,0,0.0,1,bf14b28d2af4128daa99f23eec8a5e105636d0b04136f8be580fdc39d6f1f97d,
01_collector_protocol,collector_bf16_m128n64k16_same_fill_use_lastuse_r7,1,,NVIDIA Thor,11.0,580.00,13.0,PTX ISA 9.3 / CUDA 13.0,1575.000,,,,bf16,128,64,16,9,400,68,3,fill_use_lastuse,same,8,8,9,1,nocount,sw128,sw128,16,16,16,0,512,0,64,none,0,none,0,4,20,3557964.0,2259.024761904762,,,,,6144,,8.355095667072517,,,0,0.0,1,bf14b28d2af4128daa99f23eec8a5e105636d0b04136f8be580fdc39d6f1f97d,
01_collector_protocol,collector_bf16_m128n64k16_same_fill_use_lastuse_r7,1,,NVIDIA Thor,11.0,580.00,13.0,PTX ISA 9.3 / CUDA 13.0,1575.000,,,,bf16,128,64,16,9,400,68,4,fill_use_lastuse,same,8,8,9,1,nocount,sw128,sw128,16,16,16,0,512,0,64,none,0,none,0,4,20,3557950.0,2259.0158730158732,,,,,6144,,8.355128543121742,,,0,0.0,1,bf14b28d2af4128daa99f23eec8a5e105636d0b04136f8be580fdc39d6f1f97d,
01_collector_protocol,collector_fp16_m128n256k16_same_fill_use_lastuse_r7,1,,NVIDIA Thor,11.0,580.00,13.0,PTX ISA 9.3 / CUDA 13.0,1575.000,,,,fp16,128,256,16,9,400,69,0,fill_use_lastuse,same,2,2,9,1,nocount,sw128,sw128,16,16,16,0,512,0,256,none,0,none,0,4,20,3557074.0,2258.459682539683,,,,,12288,,33.428744636743566,,,0,0.0,1,bf14b28d2af4128daa99f23eec8a5e105636d0b04136f8be580fdc39d6f1f97d,; UTCHMMA=21;UTCHMMA_WS=16;UTCBAR=1;UTCATOMSWS=3;SYNCS_TRYWAIT=8;LDS=21;LDG=9;ptx_tcgen05_mma=21;ptx_tcgen05_mma_ws=16;ptx_tcgen05_commit=1;ptx_tcgen05_alloc=1;ptx_tcgen05_dealloc=1;ptx_tcgen05_ld=5;ptx_tcgen05_st=5;ptx_mbarrier_wait=5;ptx_cp_async_tma=2;ptx_ld_shared=26;ptx_ld_global=7
01_collector_protocol,collector_fp16_m128n256k16_same_fill_use_lastuse_r7,1,,NVIDIA Thor,11.0,580.00,13.0,PTX ISA 9.3 / CUDA 13.0,1575.000,,,,fp16,128,256,16,9,400,69,1,fill_use_lastuse,same,2,2,9,1,nocount,sw128,sw128,16,16,16,0,512,0,256,none,0,none,0,4,20,3557074.0,2258.459682539683,,,,,12288,,33.428744636743566,,,0,0.0,1,bf14b28d2af4128daa99f23eec8a5e105636d0b04136f8be580fdc39d6f1f97d,
01_collector_protocol,collector_fp16_m128n256k16_same_fill_use_lastuse_r7,1,,NVIDIA Thor,11.0,580.00,13.0,PTX ISA 9.3 / CUDA 13.0,1575.000,,,,fp16,128,256,16,9,400,69,2,fill_use_lastuse,same,2,2,9,1,nocount,sw128,sw128,16,16,16,0,512,0,256,none,0,none,0,4,20,3557074.0,2258.459682539683,,,,,12288,,33.428744636743566,,,0,0.0,1,bf14b28d2af4128daa99f23eec8a5e105636d0b04136f8be580fdc39d6f1f97d,
01_collector_protocol,collector_fp16_m128n256k16_same_fill_use_lastuse_r7,1,,NVIDIA Thor,11.0,580.00,13.0,PTX ISA 9.3 / CUDA 13.0,1575.000,,,,fp16,128,256,16,9,400,69,3,fill_use_lastuse,same,2,2,9,1,nocount,sw128,sw128,16,16,16,0,512,0,256,none,0,none,0,4,20,3557073.0,2258.4590476190474,,,,,12288,,33.428754034567184,,,0,0.0,1,bf14b28d2af4128daa99f23eec8a5e105636d0b04136f8be580fdc39d6f1f97d,
01_collector_protocol,collector_fp16_m128n256k16_same_fill_use_lastuse_r7,1,,NVIDIA Thor,11.0,580.00,13.0,PTX ISA 9.3 / CUDA 13.0,1575.000,,,,fp16,128,256,16,9,400,69,4,fill_use_lastuse,same,2,2,9,1,nocount,sw128,sw128,16,16,16,0,512,0,256,none,0,none,0,4,20,3557081.0,2258.4641269841272,,,,,12288,,33.428678852126225,,,0,0.0,1,bf14b28d2af4128daa99f23eec8a5e105636d0b04136f8be580fdc39d6f1f97d,
01_collector_protocol,collector_fp16_m128n128k16_same_fill_use_lastuse_r1,1,,NVIDIA Thor,11.0,580.00,13.0,PTX ISA 9.3 / CUDA 13.0,1575.000,,,,fp16,128,128,16,3,400,70,0,fill_use_lastuse,same,4,4,3,1,nocount,sw128,sw128,16,16,16,0,512,0,128,none,0,none,0,4,20,1392769.0,884.2977777777778,,,,,8192,,14.22927018048219,,,0,0.0,1,bf14b28d2af4128daa99f23eec8a5e105636d0b04136f8be580fdc39d6f1f97d,; UTCHMMA=21;UTCHMMA_WS=16;UTCBAR=1;UTCATOMSWS=3;SYNCS_TRYWAIT=8;LDS=21;LDG=9;ptx_tcgen05_mma=21;ptx_tcgen05_mma_ws=16;ptx_tcgen05_commit=1;ptx_tcgen05_alloc=1;ptx_tcgen05_dealloc=1;ptx_tcgen05_ld=5;ptx_tcgen05_st=5;ptx_mbarrier_wait=5;ptx_cp_async_tma=2;ptx_ld_shared=26;ptx_ld_global=7
01_collector_protocol,collector_fp16_m128n128k16_same_fill_use_lastuse_r1,1,,NVIDIA Thor,11.0,580.00,13.0,PTX ISA 9.3 / CUDA 13.0,1575.000,,,,fp16,128,128,16,3,400,70,1,fill_use_lastuse,same,4,4,3,1,nocount,sw128,sw128,16,16,16,0,512,0,128,none,0,none,0,4,20,1392770.0,884.2984126984127,,,,,8192,,14.229259963956718,,,0,0.0,1,bf14b28d2af4128daa99f23eec8a5e105636d0b04136f8be580fdc39d6f1f97d,
01_collector_protocol,collector_fp16_m128n128k16_same_fill_use_lastuse_r1,1,,NVIDIA Thor,11.0,580.00,13.0,PTX ISA 9.3 / CUDA 13.0,1575.000,,,,fp16,128,128,16,3,400,70,2,fill_use_lastuse,same,4,4,3,1,nocount,sw128,sw128,16,16,16,0,512,0,128,none,0,none,0,4,20,1392768.0,884.2971428571428,,,,,8192,,14.229280397022334,,,0,0.0,1,bf14b28d2af4128daa99f23eec8a5e105636d0b04136f8be580fdc39d6f1f97d,
01_collector_protocol,collector_fp16_m128n128k16_same_fill_use_lastuse_r1,1,,NVIDIA Thor,11.0,580.00,13.0,PTX ISA 9.3 / CUDA 13.0,1575.000,,,,fp16,128,128,16,3,400,70,3,fill_use_lastuse,same,4,4,3,1,nocount,sw128,sw128,16,16,16,0,512,0,128,none,0,none,0,4,20,1392771.0,884.2990476190477,,,,,8192,,14.229249747445918,,,0,0.0,1,bf14b28d2af4128daa99f23eec8a5e105636d0b04136f8be580fdc39d6f1f97d,
01_collector_protocol,collector_fp16_m128n128k16_same_fill_use_lastuse_r1,1,,NVIDIA Thor,11.0,580.00,13.0,PTX ISA 9.3 / CUDA 13.0,1575.000,,,,fp16,128,128,16,3,400,70,4,fill_use_lastuse,same,4,4,3,1,nocount,sw128,sw128,16,16,16,0,512,0,128,none,0,none,0,4,20,1392771.0,884.2990476190477,,,,,8192,,14.229249747445918,,,0,0.0,1,bf14b28d2af4128daa99f23eec8a5e105636d0b04136f8be580fdc39d6f1f97d,
01_collector_protocol,collector_fp16_m128n256k16_same_fill_use_lastuse_r1,1,,NVIDIA Thor,11.0,580.00,13.0,PTX ISA 9.3 / CUDA 13.0,1575.000,,,,fp16,128,256,16,3,400,71,0,fill_use_lastuse,same,2,2,3,1,nocount,sw128,sw128,16,16,16,0,512,0,256,none,0,none,0,4,20,1392764.0,884.2946031746031,,,,,12288,,28.45864252665922,,,0,0.0,1,bf14b28d2af4128daa99f23eec8a5e105636d0b04136f8be580fdc39d6f1f97d,; UTCHMMA=21;UTCHMMA_WS=16;UTCBAR=1;UTCATOMSWS=3;SYNCS_TRYWAIT=8;LDS=21;LDG=9;ptx_tcgen05_mma=21;ptx_tcgen05_mma_ws=16;ptx_tcgen05_commit=1;ptx_tcgen05_alloc=1;ptx_tcgen05_dealloc=1;ptx_tcgen05_ld=5;ptx_tcgen05_st=5;ptx_mbarrier_wait=5;ptx_cp_async_tma=2;ptx_ld_shared=26;ptx_ld_global=7
01_collector_protocol,collector_fp16_m128n256k16_same_fill_use_lastuse_r1,1,,NVIDIA Thor,11.0,580.00,13.0,PTX ISA 9.3 / CUDA 13.0,1575.000,,,,fp16,128,256,16,3,400,71,1,fill_use_lastuse,same,2,2,3,1,nocount,sw128,sw128,16,16,16,0,512,0,256,none,0,none,0,4,20,1392770.0,884.2984126984127,,,,,12288,,28.458519927913436,,,0,0.0,1,bf14b28d2af4128daa99f23eec8a5e105636d0b04136f8be580fdc39d6f1f97d,
01_collector_protocol,collector_fp16_m128n256k16_same_fill_use_lastuse_r1,1,,NVIDIA Thor,11.0,580.00,13.0,PTX ISA 9.3 / CUDA 13.0,1575.000,,,,fp16,128,256,16,3,400,71,2,fill_use_lastuse,same,2,2,3,1,nocount,sw128,sw128,16,16,16,0,512,0,256,none,0,none,0,4,20,1392768.0,884.2971428571428,,,,,12288,,28.45856079404467,,,0,0.0,1,bf14b28d2af4128daa99f23eec8a5e105636d0b04136f8be580fdc39d6f1f97d,
01_collector_protocol,collector_fp16_m128n256k16_same_fill_use_lastuse_r1,1,,NVIDIA Thor,11.0,580.00,13.0,PTX ISA 9.3 / CUDA 13.0,1575.000,,,,fp16,128,256,16,3,400,71,3,fill_use_lastuse,same,2,2,3,1,nocount,sw128,sw128,16,16,16,0,512,0,256,none,0,none,0,4,20,1392766.0,884.295873015873,,,,,12288,,28.458601660293258,,,0,0.0,1,bf14b28d2af4128daa99f23eec8a5e105636d0b04136f8be580fdc39d6f1f97d,
01_collector_protocol,collector_fp16_m128n256k16_same_fill_use_lastuse_r1,1,,NVIDIA Thor,11.0,580.00,13.0,PTX ISA 9.3 / CUDA 13.0,1575.000,,,,fp16,128,256,16,3,400,71,4,fill_use_lastuse,same,2,2,3,1,nocount,sw128,sw128,16,16,16,0,512,0,256,none,0,none,0,4,20,1392784.0,884.3073015873016,,,,,12288,,28.458233868281084,,,0,0.0,1,bf14b28d2af4128daa99f23eec8a5e105636d0b04136f8be580fdc39d6f1f97d,
01_collector_protocol,collector_bf16_m128n128k16_pingpong_fill_use_discard_r3,1,,NVIDIA Thor,11.0,580.00,13.0,PTX ISA 9.3 / CUDA 13.0,1575.000,,,,bf16,128,128,16,5,400,72,0,fill_use_discard,pingpong,4,4,5,1,nocount,sw128,sw128,16,16,16,0,512,0,128,none,0,none,0,4,20,2110768.0,1340.1701587301586,,,,,8192,,15.648400961166741,,,0,0.0,1,bf14b28d2af4128daa99f23eec8a5e105636d0b04136f8be580fdc39d6f1f97d,; UTCHMMA=21;UTCHMMA_WS=16;UTCBAR=1;UTCATOMSWS=3;SYNCS_TRYWAIT=8;LDS=21;LDG=9;ptx_tcgen05_mma=21;ptx_tcgen05_mma_ws=16;ptx_tcgen05_commit=1;ptx_tcgen05_alloc=1;ptx_tcgen05_dealloc=1;ptx_tcgen05_ld=5;ptx_tcgen05_st=5;ptx_mbarrier_wait=5;ptx_cp_async_tma=2;ptx_ld_shared=26;ptx_ld_global=7
01_collector_protocol,collector_bf16_m128n128k16_pingpong_fill_use_discard_r3,1,,NVIDIA Thor,11.0,580.00,13.0,PTX ISA 9.3 / CUDA 13.0,1575.000,,,,bf16,128,128,16,5,400,72,1,fill_use_discard,pingpong,4,4,5,1,nocount,sw128,sw128,16,16,16,0,512,0,128,none,0,none,0,4,20,2110774.0,1340.1739682539683,,,,,8192,,15.648356479661016,,,0,0.0,1,bf14b28d2af4128daa99f23eec8a5e105636d0b04136f8be580fdc39d6f1f97d,
01_collector_protocol,collector_bf16_m128n128k16_pingpong_fill_use_discard_r3,1,,NVIDIA Thor,11.0,580.00,13.0,PTX ISA 9.3 / CUDA 13.0,1575.000,,,,bf16,128,128,16,5,400,72,2,fill_use_discard,pingpong,4,4,5,1,nocount,sw128,sw128,16,16,16,0,512,0,128,none,0,none,0,4,20,2110772.0,1340.1726984126985,,,,,8192,,15.648371306801492,,,0,0.0,1,bf14b28d2af4128daa99f23eec8a5e105636d0b04136f8be580fdc39d6f1f97d,
01_collector_protocol,collector_bf16_m128n128k16_pingpong_fill_use_discard_r3,1,,NVIDIA Thor,11.0,580.00,13.0,PTX ISA 9.3 / CUDA 13.0,1575.000,,,,bf16,128,128,16,5,400,72,3,fill_use_discard,pingpong,4,4,5,1,nocount,sw128,sw128,16,16,16,0,512,0,128,none,0,none,0,4,20,2110762.0,1340.1663492063492,,,,,8192,,15.648445442925352,,,0,0.0,1,bf14b28d2af4128daa99f23eec8a5e105636d0b04136f8be580fdc39d6f1f97d,
01_collector_protocol,collector_bf16_m128n128k16_pingpong_fill_use_discard_r3,1,,NVIDIA Thor,11.0,580.00,13.0,PTX ISA 9.3 / CUDA 13.0,1575.000,,,,bf16,128,128,16,5,400,72,4,fill_use_discard,pingpong,4,4,5,1,nocount,sw128,sw128,16,16,16,0,512,0,128,none,0,none,0,4,20,2110766.0,1340.168888888889,,,,,8192,,15.648415788391514,,,0,0.0,1,bf14b28d2af4128daa99f23eec8a5e105636d0b04136f8be580fdc39d6f1f97d,
01_collector_protocol,collector_bf16_m128n64k16_same_fill_use_lastuse_r1,1,,NVIDIA Thor,11.0,580.00,13.0,PTX ISA 9.3 / CUDA 13.0,1575.000,,,,bf16,128,64,16,3,400,73,0,fill_use_lastuse,same,8,8,3,1,nocount,sw128,sw128,16,16,16,0,512,0,64,none,0,none,0,4,20,1392768.0,884.2971428571428,,,,,6144,,7.114640198511167,,,0,0.0,1,bf14b28d2af4128daa99f23eec8a5e105636d0b04136f8be580fdc39d6f1f97d,; UTCHMMA=21;UTCHMMA_WS=16;UTCBAR=1;UTCATOMSWS=3;SYNCS_TRYWAIT=8;LDS=21;LDG=9;ptx_tcgen05_mma=21;ptx_tcgen05_mma_ws=16;ptx_tcgen05_commit=1;ptx_tcgen05_alloc=1;ptx_tcgen05_dealloc=1;ptx_tcgen05_ld=5;ptx_tcgen05_st=5;ptx_mbarrier_wait=5;ptx_cp_async_tma=2;ptx_ld_shared=26;ptx_ld_global=7
01_collector_protocol,collector_bf16_m128n64k16_same_fill_use_lastuse_r1,1,,NVIDIA Thor,11.0,580.00,13.0,PTX ISA 9.3 / CUDA 13.0,1575.000,,,,bf16,128,64,16,3,400,73,1,fill_use_lastuse,same,8,8,3,1,nocount,sw128,sw128,16,16,16,0,512,0,64,none,0,none,0,4,20,1392767.0,884.296507936508,,,,,6144,,7.114645306788573,,,0,0.0,1,bf14b28d2af4128daa99f23eec8a5e105636d0b04136f8be580fdc39d6f1f97d,
01_collector_protocol,collector_bf16_m128n64k16_same_fill_use_lastuse_r1,1,,NVIDIA Thor,11.0,580.00,13.0,PTX ISA 9.3 / CUDA 13.0,1575.000,,,,bf16,128,64,16,3,400,73,2,fill_use_lastuse,same,8,8,3,1,nocount,sw128,sw128,16,16,16,0,512,0,64,none,0,none,0,4,20,1392768.0,884.2971428571428,,,,,6144,,7.114640198511167,,,0,0.0,1,bf14b28d2af4128daa99f23eec8a5e105636d0b04136f8be580fdc39d6f1f97d,
01_collector_protocol,collector_bf16_m128n64k16_same_fill_use_lastuse_r1,1,,NVIDIA Thor,11.0,580.00,13.0,PTX ISA 9.3 / CUDA 13.0,1575.000,,,,bf16,128,64,16,3,400,73,3,fill_use_lastuse,same,8,8,3,1,nocount,sw128,sw128,16,16,16,0,512,0,64,none,0,none,0,4,20,1392770.0,884.2984126984127,,,,,6144,,7.114629981978359,,,0,0.0,1,bf14b28d2af4128daa99f23eec8a5e105636d0b04136f8be580fdc39d6f1f97d,
01_collector_protocol,collector_bf16_m128n64k16_same_fill_use_lastuse_r1,1,,NVIDIA Thor,11.0,580.00,13.0,PTX ISA 9.3 / CUDA 13.0,1575.000,,,,bf16,128,64,16,3,400,73,4,fill_use_lastuse,same,8,8,3,1,nocount,sw128,sw128,16,16,16,0,512,0,64,none,0,none,0,4,20,1392774.0,884.3009523809524,,,,,6144,,7.114609549000772,,,0,0.0,1,bf14b28d2af4128daa99f23eec8a5e105636d0b04136f8be580fdc39d6f1f97d,
01_collector_protocol,collector_fp16_m128n64k16_same_discard_r0,1,,NVIDIA Thor,11.0,580.00,13.0,PTX ISA 9.3 / CUDA 13.0,1575.000,,,,fp16,128,64,16,32,400,74,0,discard,same,8,8,32,1,nocount,sw128,sw128,16,16,16,0,512,0,64,none,0,none,0,4,20,11494771.0,7298.2673015873015,,,,,6144,,9.195177598579388,,,0,0.0,1,bf14b28d2af4128daa99f23eec8a5e105636d0b04136f8be580fdc39d6f1f97d,; UTCHMMA=21;UTCHMMA_WS=16;UTCBAR=1;UTCATOMSWS=3;SYNCS_TRYWAIT=8;LDS=21;LDG=9;ptx_tcgen05_mma=21;ptx_tcgen05_mma_ws=16;ptx_tcgen05_commit=1;ptx_tcgen05_alloc=1;ptx_tcgen05_dealloc=1;ptx_tcgen05_ld=5;ptx_tcgen05_st=5;ptx_mbarrier_wait=5;ptx_cp_async_tma=2;ptx_ld_shared=26;ptx_ld_global=7
01_collector_protocol,collector_fp16_m128n64k16_same_discard_r0,1,,NVIDIA Thor,11.0,580.00,13.0,PTX ISA 9.3 / CUDA 13.0,1575.000,,,,fp16,128,64,16,32,400,74,1,discard,same,8,8,32,1,nocount,sw128,sw128,16,16,16,0,512,0,64,none,0,none,0,4,20,11494772.0,7298.267936507936,,,,,6144,,9.195176798635066,,,0,0.0,1,bf14b28d2af4128daa99f23eec8a5e105636d0b04136f8be580fdc39d6f1f97d,
01_collector_protocol,collector_fp16_m128n64k16_same_discard_r0,1,,NVIDIA Thor,11.0,580.00,13.0,PTX ISA 9.3 / CUDA 13.0,1575.000,,,,fp16,128,64,16,32,400,74,2,discard,same,8,8,32,1,nocount,sw128,sw128,16,16,16,0,512,0,64,none,0,none,0,4,20,11494776.0,7298.270476190476,,,,,6144,,9.19517359885917,,,0,0.0,1,bf14b28d2af4128daa99f23eec8a5e105636d0b04136f8be580fdc39d6f1f97d,
01_collector_protocol,collector_fp16_m128n64k16_same_discard_r0,1,,NVIDIA Thor,11.0,580.00,13.0,PTX ISA 9.3 / CUDA 13.0,1575.000,,,,fp16,128,64,16,32,400,74,3,discard,same,8,8,32,1,nocount,sw128,sw128,16,16,16,0,512,0,64,none,0,none,0,4,20,11494770.0,7298.266666666666,,,,,6144,,9.195178398523849,,,0,0.0,1,bf14b28d2af4128daa99f23eec8a5e105636d0b04136f8be580fdc39d6f1f97d,
01_collector_protocol,collector_fp16_m128n64k16_same_discard_r0,1,,NVIDIA Thor,11.0,580.00,13.0,PTX ISA 9.3 / CUDA 13.0,1575.000,,,,fp16,128,64,16,32,400,74,4,discard,same,8,8,32,1,nocount,sw128,sw128,16,16,16,0,512,0,64,none,0,none,0,4,20,11494771.0,7298.2673015873015,,,,,6144,,9.195177598579388,,,0,0.0,1,bf14b28d2af4128daa99f23eec8a5e105636d0b04136f8be580fdc39d6f1f97d,
01_collector_protocol,collector_bf16_m128n256k16_pingpong_fill_use_lastuse_r7,1,,NVIDIA Thor,11.0,580.00,13.0,PTX ISA 9.3 / CUDA 13.0,1575.000,,,,bf16,128,256,16,9,400,75,0,fill_use_lastuse,pingpong,2,2,9,1,nocount,sw128,sw128,16,16,16,0,512,0,256,none,0,none,0,4,20,3557074.0,2258.459682539683,,,,,12288,,33.428744636743566,,,0,0.0,1,bf14b28d2af4128daa99f23eec8a5e105636d0b04136f8be580fdc39d6f1f97d,; UTCHMMA=21;UTCHMMA_WS=16;UTCBAR=1;UTCATOMSWS=3;SYNCS_TRYWAIT=8;LDS=21;LDG=9;ptx_tcgen05_mma=21;ptx_tcgen05_mma_ws=16;ptx_tcgen05_commit=1;ptx_tcgen05_alloc=1;ptx_tcgen05_dealloc=1;ptx_tcgen05_ld=5;ptx_tcgen05_st=5;ptx_mbarrier_wait=5;ptx_cp_async_tma=2;ptx_ld_shared=26;ptx_ld_global=7
01_collector_protocol,collector_bf16_m128n256k16_pingpong_fill_use_lastuse_r7,1,,NVIDIA Thor,11.0,580.00,13.0,PTX ISA 9.3 / CUDA 13.0,1575.000,,,,bf16,128,256,16,9,400,75,1,fill_use_lastuse,pingpong,2,2,9,1,nocount,sw128,sw128,16,16,16,0,512,0,256,none,0,none,0,4,20,3557074.0,2258.459682539683,,,,,12288,,33.428744636743566,,,0,0.0,1,bf14b28d2af4128daa99f23eec8a5e105636d0b04136f8be580fdc39d6f1f97d,
01_collector_protocol,collector_bf16_m128n256k16_pingpong_fill_use_lastuse_r7,1,,NVIDIA Thor,11.0,580.00,13.0,PTX ISA 9.3 / CUDA 13.0,1575.000,,,,bf16,128,256,16,9,400,75,2,fill_use_lastuse,pingpong,2,2,9,1,nocount,sw128,sw128,16,16,16,0,512,0,256,none,0,none,0,4,20,3557944.0,2259.0120634920636,,,,,12288,,33.4205705317453,,,0,0.0,1,bf14b28d2af4128daa99f23eec8a5e105636d0b04136f8be580fdc39d6f1f97d,
01_collector_protocol,collector_bf16_m128n256k16_pingpong_fill_use_lastuse_r7,1,,NVIDIA Thor,11.0,580.00,13.0,PTX ISA 9.3 / CUDA 13.0,1575.000,,,,bf16,128,256,16,9,400,75,3,fill_use_lastuse,pingpong,2,2,9,1,nocount,sw128,sw128,16,16,16,0,512,0,256,none,0,none,0,4,20,3557952.0,2259.0171428571425,,,,,12288,,33.420495386109764,,,0,0.0,1,bf14b28d2af4128daa99f23eec8a5e105636d0b04136f8be580fdc39d6f1f97d,
01_collector_protocol,collector_bf16_m128n256k16_pingpong_fill_use_lastuse_r7,1,,NVIDIA Thor,11.0,580.00,13.0,PTX ISA 9.3 / CUDA 13.0,1575.000,,,,bf16,128,256,16,9,400,75,4,fill_use_lastuse,pingpong,2,2,9,1,nocount,sw128,sw128,16,16,16,0,512,0,256,none,0,none,0,4,20,3557957.0,2259.0203174603175,,,,,12288,,33.420448420259156,,,0,0.0,1,bf14b28d2af4128daa99f23eec8a5e105636d0b04136f8be580fdc39d6f1f97d,
01_collector_protocol,collector_ws_b1_fp16_m128n256k16,1,,NVIDIA Thor,11.0,580.00,13.0,PTX ISA 9.3 / CUDA 13.0,1575.000,,,,fp16,128,256,16,4,300,76,0,fill_use_lastuse,same,2,2,4,1,nocount,sw128,sw128,16,16,16,0,512,0,256,none,0,none,0,4,20,1660617.0,1054.3600000000001,,,,,12288,,23.8683409841041,,,0,0.0,1,bf14b28d2af4128daa99f23eec8a5e105636d0b04136f8be580fdc39d6f1f97d,; UTCHMMA=21;UTCHMMA_WS=16;UTCBAR=1;UTCATOMSWS=3;SYNCS_TRYWAIT=8;LDS=21;LDG=9;ptx_tcgen05_mma=21;ptx_tcgen05_mma_ws=16;ptx_tcgen05_commit=1;ptx_tcgen05_alloc=1;ptx_tcgen05_dealloc=1;ptx_tcgen05_ld=5;ptx_tcgen05_st=5;ptx_mbarrier_wait=5;ptx_cp_async_tma=2;ptx_ld_shared=26;ptx_ld_global=7
01_collector_protocol,collector_ws_b1_fp16_m128n256k16,1,,NVIDIA Thor,11.0,580.00,13.0,PTX ISA 9.3 / CUDA 13.0,1575.000,,,,fp16,128,256,16,4,300,76,1,fill_use_lastuse,same,2,2,4,1,nocount,sw128,sw128,16,16,16,0,512,0,256,none,0,none,0,4,20,1660619.0,1054.3612698412696,,,,,12288,,23.868312237786032,,,0,0.0,1,bf14b28d2af4128daa99f23eec8a5e105636d0b04136f8be580fdc39d6f1f97d,
01_collector_protocol,collector_ws_b1_fp16_m128n256k16,1,,NVIDIA Thor,11.0,580.00,13.0,PTX ISA 9.3 / CUDA 13.0,1575.000,,,,fp16,128,256,16,4,300,76,2,fill_use_lastuse,same,2,2,4,1,nocount,sw128,sw128,16,16,16,0,512,0,256,none,0,none,0,4,20,1660616.0,1054.359365079365,,,,,12288,,23.8683553572891,,,0,0.0,1,bf14b28d2af4128daa99f23eec8a5e105636d0b04136f8be580fdc39d6f1f97d,
01_collector_protocol,collector_ws_b1_fp16_m128n256k16,1,,NVIDIA Thor,11.0,580.00,13.0,PTX ISA 9.3 / CUDA 13.0,1575.000,,,,fp16,128,256,16,4,300,76,3,fill_use_lastuse,same,2,2,4,1,nocount,sw128,sw128,16,16,16,0,512,0,256,none,0,none,0,4,20,1660627.0,1054.366349206349,,,,,12288,,23.868197253206173,,,0,0.0,1,bf14b28d2af4128daa99f23eec8a5e105636d0b04136f8be580fdc39d6f1f97d,
01_collector_protocol,collector_ws_b1_fp16_m128n256k16,1,,NVIDIA Thor,11.0,580.00,13.0,PTX ISA 9.3 / CUDA 13.0,1575.000,,,,fp16,128,256,16,4,300,76,4,fill_use_lastuse,same,2,2,4,1,nocount,sw128,sw128,16,16,16,0,512,0,256,none,0,none,0,4,20,1660619.0,1054.3612698412696,,,,,12288,,23.868312237786032,,,0,0.0,1,bf14b28d2af4128daa99f23eec8a5e105636d0b04136f8be580fdc39d6f1f97d,
01_collector_protocol,collector_fp16_m128n64k16_pingpong_fill_use_lastuse_r3,1,,NVIDIA Thor,11.0,580.00,13.0,PTX ISA 9.3 / CUDA 13.0,1575.000,,,,fp16,128,64,16,5,400,77,0,fill_use_lastuse,pingpong,8,8,5,1,nocount,sw128,sw128,16,16,16,0,512,0,64,none,0,none,0,4,20,2113571.0,1341.9498412698413,,,,,6144,,7.813824092022459,,,0,0.0,1,bf14b28d2af4128daa99f23eec8a5e105636d0b04136f8be580fdc39d6f1f97d,; UTCHMMA=21;UTCHMMA_WS=16;UTCBAR=1;UTCATOMSWS=3;SYNCS_TRYWAIT=8;LDS=21;LDG=9;ptx_tcgen05_mma=21;ptx_tcgen05_mma_ws=16;ptx_tcgen05_commit=1;ptx_tcgen05_alloc=1;ptx_tcgen05_dealloc=1;ptx_tcgen05_ld=5;ptx_tcgen05_st=5;ptx_mbarrier_wait=5;ptx_cp_async_tma=2;ptx_ld_shared=26;ptx_ld_global=7
01_collector_protocol,collector_fp16_m128n64k16_pingpong_fill_use_lastuse_r3,1,,NVIDIA Thor,11.0,580.00,13.0,PTX ISA 9.3 / CUDA 13.0,1575.000,,,,fp16,128,64,16,5,400,77,1,fill_use_lastuse,pingpong,8,8,5,1,nocount,sw128,sw128,16,16,16,0,512,0,64,none,0,none,0,4,20,2113570.0,1341.9492063492064,,,,,6144,,7.813827789001547,,,0,0.0,1,bf14b28d2af4128daa99f23eec8a5e105636d0b04136f8be580fdc39d6f1f97d,
01_collector_protocol,collector_fp16_m128n64k16_pingpong_fill_use_lastuse_r3,1,,NVIDIA Thor,11.0,580.00,13.0,PTX ISA 9.3 / CUDA 13.0,1575.000,,,,fp16,128,64,16,5,400,77,2,fill_use_lastuse,pingpong,8,8,5,1,nocount,sw128,sw128,16,16,16,0,512,0,64,none,0,none,0,4,20,2113568.0,1341.9479365079364,,,,,6144,,7.813835182970219,,,0,0.0,1,bf14b28d2af4128daa99f23eec8a5e105636d0b04136f8be580fdc39d6f1f97d,
01_collector_protocol,collector_fp16_m128n64k16_pingpong_fill_use_lastuse_r3,1,,NVIDIA Thor,11.0,580.00,13.0,PTX ISA 9.3 / CUDA 13.0,1575.000,,,,fp16,128,64,16,5,400,77,3,fill_use_lastuse,pingpong,8,8,5,1,nocount,sw128,sw128,16,16,16,0,512,0,64,none,0,none,0,4,20,2113571.0,1341.9498412698413,,,,,6144,,7.813824092022459,,,0,0.0,1,bf14b28d2af4128daa99f23eec8a5e105636d0b04136f8be580fdc39d6f1f97d,
01_collector_protocol,collector_fp16_m128n64k16_pingpong_fill_use_lastuse_r3,1,,NVIDIA Thor,11.0,580.00,13.0,PTX ISA 9.3 / CUDA 13.0,1575.000,,,,fp16,128,64,16,5,400,77,4,fill_use_lastuse,pingpong,8,8,5,1,nocount,sw128,sw128,16,16,16,0,512,0,64,none,0,none,0,4,20,2113570.0,1341.9492063492064,,,,,6144,,7.813827789001547,,,0,0.0,1,bf14b28d2af4128daa99f23eec8a5e105636d0b04136f8be580fdc39d6f1f97d,
01_collector_protocol,collector_fp16_m128n128k16_same_fill_use_lastuse_r7,1,,NVIDIA Thor,11.0,580.00,13.0,PTX ISA 9.3 / CUDA 13.0,1575.000,,,,fp16,128,128,16,9,400,78,0,fill_use_lastuse,same,4,4,9,1,nocount,sw128,sw128,16,16,16,0,512,0,128,none,0,none,0,4,20,3557958.0,2259.020952380952,,,,,8192,,16.71021951355244,,,0,0.0,1,bf14b28d2af4128daa99f23eec8a5e105636d0b04136f8be580fdc39d6f1f97d,; UTCHMMA=21;UTCHMMA_WS=16;UTCBAR=1;UTCATOMSWS=3;SYNCS_TRYWAIT=8;LDS=21;LDG=9;ptx_tcgen05_mma=21;ptx_tcgen05_mma_ws=16;ptx_tcgen05_commit=1;ptx_tcgen05_alloc=1;ptx_tcgen05_dealloc=1;ptx_tcgen05_ld=5;ptx_tcgen05_st=5;ptx_mbarrier_wait=5;ptx_cp_async_tma=2;ptx_ld_shared=26;ptx_ld_global=7
01_collector_protocol,collector_fp16_m128n128k16_same_fill_use_lastuse_r7,1,,NVIDIA Thor,11.0,580.00,13.0,PTX ISA 9.3 / CUDA 13.0,1575.000,,,,fp16,128,128,16,9,400,78,1,fill_use_lastuse,same,4,4,9,1,nocount,sw128,sw128,16,16,16,0,512,0,128,none,0,none,0,4,20,3557958.0,2259.020952380952,,,,,8192,,16.71021951355244,,,0,0.0,1,bf14b28d2af4128daa99f23eec8a5e105636d0b04136f8be580fdc39d6f1f97d,
01_collector_protocol,collector_fp16_m128n128k16_same_fill_use_lastuse_r7,1,,NVIDIA Thor,11.0,580.00,13.0,PTX ISA 9.3 / CUDA 13.0,1575.000,,,,fp16,128,128,16,9,400,78,2,fill_use_lastuse,same,4,4,9,1,nocount,sw128,sw128,16,16,16,0,512,0,128,none,0,none,0,4,20,3557955.0,2259.019047619048,,,,,8192,,16.710233603291776,,,0,0.0,1,bf14b28d2af4128daa99f23eec8a5e105636d0b04136f8be580fdc39d6f1f97d,
01_collector_protocol,collector_fp16_m128n128k16_same_fill_use_lastuse_r7,1,,NVIDIA Thor,11.0,580.00,13.0,PTX ISA 9.3 / CUDA 13.0,1575.000,,,,fp16,128,128,16,9,400,78,3,fill_use_lastuse,same,4,4,9,1,nocount,sw128,sw128,16,16,16,0,512,0,128,none,0,none,0,4,20,3557953.0,2259.0177777777776,,,,,8192,,16.71024299646454,,,0,0.0,1,bf14b28d2af4128daa99f23eec8a5e105636d0b04136f8be580fdc39d6f1f97d,
01_collector_protocol,collector_fp16_m128n128k16_same_fill_use_lastuse_r7,1,,NVIDIA Thor,11.0,580.00,13.0,PTX ISA 9.3 / CUDA 13.0,1575.000,,,,fp16,128,128,16,9,400,78,4,fill_use_lastuse,same,4,4,9,1,nocount,sw128,sw128,16,16,16,0,512,0,128,none,0,none,0,4,20,3557953.0,2259.0177777777776,,,,,8192,,16.71024299646454,,,0,0.0,1,bf14b28d2af4128daa99f23eec8a5e105636d0b04136f8be580fdc39d6f1f97d,
01_collector_protocol,collector_ws_b1_fp16_m128n64k16,1,,NVIDIA Thor,11.0,580.00,13.0,PTX ISA 9.3 / CUDA 13.0,1575.000,,,,fp16,128,64,16,4,300,79,0,fill_use_lastuse,same,8,8,4,1,nocount,sw128,sw128,16,16,16,0,512,0,64,none,0,none,0,4,20,1660617.0,1054.3600000000001,,,,,6144,,5.967085246026025,,,0,0.0,1,bf14b28d2af4128daa99f23eec8a5e105636d0b04136f8be580fdc39d6f1f97d,; UTCHMMA=21;UTCHMMA_WS=16;UTCBAR=1;UTCATOMSWS=3;SYNCS_TRYWAIT=8;LDS=21;LDG=9;ptx_tcgen05_mma=21;ptx_tcgen05_mma_ws=16;ptx_tcgen05_commit=1;ptx_tcgen05_alloc=1;ptx_tcgen05_dealloc=1;ptx_tcgen05_ld=5;ptx_tcgen05_st=5;ptx_mbarrier_wait=5;ptx_cp_async_tma=2;ptx_ld_shared=26;ptx_ld_global=7
01_collector_protocol,collector_ws_b1_fp16_m128n64k16,1,,NVIDIA Thor,11.0,580.00,13.0,PTX ISA 9.3 / CUDA 13.0,1575.000,,,,fp16,128,64,16,4,300,79,1,fill_use_lastuse,same,8,8,4,1,nocount,sw128,sw128,16,16,16,0,512,0,64,none,0,none,0,4,20,1660625.0,1054.3650793650795,,,,,6144,,5.967056499811817,,,0,0.0,1,bf14b28d2af4128daa99f23eec8a5e105636d0b04136f8be580fdc39d6f1f97d,
01_collector_protocol,collector_ws_b1_fp16_m128n64k16,1,,NVIDIA Thor,11.0,580.00,13.0,PTX ISA 9.3 / CUDA 13.0,1575.000,,,,fp16,128,64,16,4,300,79,2,fill_use_lastuse,same,8,8,4,1,nocount,sw128,sw128,16,16,16,0,512,0,64,none,0,none,0,4,20,1660617.0,1054.3600000000001,,,,,6144,,5.967085246026025,,,0,0.0,1,bf14b28d2af4128daa99f23eec8a5e105636d0b04136f8be580fdc39d6f1f97d,
01_collector_protocol,collector_ws_b1_fp16_m128n64k16,1,,NVIDIA Thor,11.0,580.00,13.0,PTX ISA 9.3 / CUDA 13.0,1575.000,,,,fp16,128,64,16,4,300,79,3,fill_use_lastuse,same,8,8,4,1,nocount,sw128,sw128,16,16,16,0,512,0,64,none,0,none,0,4,20,1660623.0,1054.3638095238096,,,,,6144,,5.967063686339404,,,0,0.0,1,bf14b28d2af4128daa99f23eec8a5e105636d0b04136f8be580fdc39d6f1f97d,
01_collector_protocol,collector_ws_b1_fp16_m128n64k16,1,,NVIDIA Thor,11.0,580.00,13.0,PTX ISA 9.3 / CUDA 13.0,1575.000,,,,fp16,128,64,16,4,300,79,4,fill_use_lastuse,same,8,8,4,1,nocount,sw128,sw128,16,16,16,0,512,0,64,none,0,none,0,4,20,1660624.0,1054.3644444444444,,,,,6144,,5.967060093073448,,,0,0.0,1,bf14b28d2af4128daa99f23eec8a5e105636d0b04136f8be580fdc39d6f1f97d,
01_collector_protocol,collector_fp16_m128n128k16_pingpong_fill_use_discard_r3,1,,NVIDIA Thor,11.0,580.00,13.0,PTX ISA 9.3 / CUDA 13.0,1575.000,,,,fp16,128,128,16,5,400,80,0,fill_use_discard,pingpong,4,4,5,1,nocount,sw128,sw128,16,16,16,0,512,0,128,none,0,none,0,4,20,2110766.0,1340.168888888889,,,,,8192,,15.648415788391514,,,0,0.0,1,bf14b28d2af4128daa99f23eec8a5e105636d0b04136f8be580fdc39d6f1f97d,; UTCHMMA=21;UTCHMMA_WS=16;UTCBAR=1;UTCATOMSWS=3;SYNCS_TRYWAIT=8;LDS=21;LDG=9;ptx_tcgen05_mma=21;ptx_tcgen05_mma_ws=16;ptx_tcgen05_commit=1;ptx_tcgen05_alloc=1;ptx_tcgen05_dealloc=1;ptx_tcgen05_ld=5;ptx_tcgen05_st=5;ptx_mbarrier_wait=5;ptx_cp_async_tma=2;ptx_ld_shared=26;ptx_ld_global=7
01_collector_protocol,collector_fp16_m128n128k16_pingpong_fill_use_discard_r3,1,,NVIDIA Thor,11.0,580.00,13.0,PTX ISA 9.3 / CUDA 13.0,1575.000,,,,fp16,128,128,16,5,400,80,1,fill_use_discard,pingpong,4,4,5,1,nocount,sw128,sw128,16,16,16,0,512,0,128,none,0,none,0,4,20,2110767.0,1340.1695238095238,,,,,8192,,15.648408374775615,,,0,0.0,1,bf14b28d2af4128daa99f23eec8a5e105636d0b04136f8be580fdc39d6f1f97d,
01_collector_protocol,collector_fp16_m128n128k16_pingpong_fill_use_discard_r3,1,,NVIDIA Thor,11.0,580.00,13.0,PTX ISA 9.3 / CUDA 13.0,1575.000,,,,fp16,128,128,16,5,400,80,2,fill_use_discard,pingpong,4,4,5,1,nocount,sw128,sw128,16,16,16,0,512,0,128,none,0,none,0,4,20,2110769.0,1340.1707936507937,,,,,8192,,15.648393547564893,,,0,0.0,1,bf14b28d2af4128daa99f23eec8a5e105636d0b04136f8be580fdc39d6f1f97d,
01_collector_protocol,collector_fp16_m128n128k16_pingpong_fill_use_discard_r3,1,,NVIDIA Thor,11.0,580.00,13.0,PTX ISA 9.3 / CUDA 13.0,1575.000,,,,fp16,128,128,16,5,400,80,3,fill_use_discard,pingpong,4,4,5,1,nocount,sw128,sw128,16,16,16,0,512,0,128,none,0,none,0,4,20,2110814.0,1340.199365079365,,,,,8192,,15.648059942751944,,,0,0.0,1,bf14b28d2af4128daa99f23eec8a5e105636d0b04136f8be580fdc39d6f1f97d,
01_collector_protocol,collector_fp16_m128n128k16_pingpong_fill_use_discard_r3,1,,NVIDIA Thor,11.0,580.00,13.0,PTX ISA 9.3 / CUDA 13.0,1575.000,,,,fp16,128,128,16,5,400,80,4,fill_use_discard,pingpong,4,4,5,1,nocount,sw128,sw128,16,16,16,0,512,0,128,none,0,none,0,4,20,2110772.0,1340.1726984126985,,,,,8192,,15.648371306801492,,,0,0.0,1,bf14b28d2af4128daa99f23eec8a5e105636d0b04136f8be580fdc39d6f1f97d,
01_collector_protocol,collector_bf16_m128n128k16_same_discard_r0,1,,NVIDIA Thor,11.0,580.00,13.0,PTX ISA 9.3 / CUDA 13.0,1575.000,,,,bf16,128,128,16,32,400,81,0,discard,same,4,4,32,1,nocount,sw128,sw128,16,16,16,0,512,0,128,none,0,none,0,4,20,11495968.0,7299.027301587302,,,,,8192,,18.388440329687764,,,0,0.0,1,bf14b28d2af4128daa99f23eec8a5e105636d0b04136f8be580fdc39d6f1f97d,; UTCHMMA=21;UTCHMMA_WS=16;UTCBAR=1;UTCATOMSWS=3;SYNCS_TRYWAIT=8;LDS=21;LDG=9;ptx_tcgen05_mma=21;ptx_tcgen05_mma_ws=16;ptx_tcgen05_commit=1;ptx_tcgen05_alloc=1;ptx_tcgen05_dealloc=1;ptx_tcgen05_ld=5;ptx_tcgen05_st=5;ptx_mbarrier_wait=5;ptx_cp_async_tma=2;ptx_ld_shared=26;ptx_ld_global=7
01_collector_protocol,collector_bf16_m128n128k16_same_discard_r0,1,,NVIDIA Thor,11.0,580.00,13.0,PTX ISA 9.3 / CUDA 13.0,1575.000,,,,bf16,128,128,16,32,400,81,1,discard,same,4,4,32,1,nocount,sw128,sw128,16,16,16,0,512,0,128,none,0,none,0,4,20,11496090.0,7299.104761904762,,,,,8192,,18.388245185971925,,,0,0.0,1,bf14b28d2af4128daa99f23eec8a5e105636d0b04136f8be580fdc39d6f1f97d,
01_collector_protocol,collector_bf16_m128n128k16_same_discard_r0,1,,NVIDIA Thor,11.0,580.00,13.0,PTX ISA 9.3 / CUDA 13.0,1575.000,,,,bf16,128,128,16,32,400,81,2,discard,same,4,4,32,1,nocount,sw128,sw128,16,16,16,0,512,0,128,none,0,none,0,4,20,11496092.0,7299.1060317460315,,,,,8192,,18.388241986929124,,,0,0.0,1,bf14b28d2af4128daa99f23eec8a5e105636d0b04136f8be580fdc39d6f1f97d,
01_collector_protocol,collector_bf16_m128n128k16_same_discard_r0,1,,NVIDIA Thor,11.0,580.00,13.0,PTX ISA 9.3 / CUDA 13.0,1575.000,,,,bf16,128,128,16,32,400,81,3,discard,same,4,4,32,1,nocount,sw128,sw128,16,16,16,0,512,0,128,none,0,none,0,4,20,11496091.0,7299.105396825396,,,,,8192,,18.388243586450386,,,0,0.0,1,bf14b28d2af4128daa99f23eec8a5e105636d0b04136f8be580fdc39d6f1f97d,
01_collector_protocol,collector_bf16_m128n128k16_same_discard_r0,1,,NVIDIA Thor,11.0,580.00,13.0,PTX ISA 9.3 / CUDA 13.0,1575.000,,,,bf16,128,128,16,32,400,81,4,discard,same,4,4,32,1,nocount,sw128,sw128,16,16,16,0,512,0,128,none,0,none,0,4,20,11496085.0,7299.101587301588,,,,,8192,,18.388253183583803,,,0,0.0,1,bf14b28d2af4128daa99f23eec8a5e105636d0b04136f8be580fdc39d6f1f97d,
01_collector_protocol,collector_fp16_m128n64k16_pingpong_fill_use_lastuse_r7,1,,NVIDIA Thor,11.0,580.00,13.0,PTX ISA 9.3 / CUDA 13.0,1575.000,,,,fp16,128,64,16,9,400,82,0,fill_use_lastuse,pingpong,8,8,9,1,nocount,sw128,sw128,16,16,16,0,512,0,64,none,0,none,0,4,20,3557955.0,2259.019047619048,,,,,6144,,8.355116801645888,,,0,0.0,1,bf14b28d2af4128daa99f23eec8a5e105636d0b04136f8be580fdc39d6f1f97d,; UTCHMMA=21;UTCHMMA_WS=16;UTCBAR=1;UTCATOMSWS=3;SYNCS_TRYWAIT=8;LDS=21;LDG=9;ptx_tcgen05_mma=21;ptx_tcgen05_mma_ws=16;ptx_tcgen05_commit=1;ptx_tcgen05_alloc=1;ptx_tcgen05_dealloc=1;ptx_tcgen05_ld=5;ptx_tcgen05_st=5;ptx_mbarrier_wait=5;ptx_cp_async_tma=2;ptx_ld_shared=26;ptx_ld_global=7
01_collector_protocol,collector_fp16_m128n64k16_pingpong_fill_use_lastuse_r7,1,,NVIDIA Thor,11.0,580.00,13.0,PTX ISA 9.3 / CUDA 13.0,1575.000,,,,fp16,128,64,16,9,400,82,1,fill_use_lastuse,pingpong,8,8,9,1,nocount,sw128,sw128,16,16,16,0,512,0,64,none,0,none,0,4,20,3557958.0,2259.020952380952,,,,,6144,,8.35510975677622,,,0,0.0,1,bf14b28d2af4128daa99f23eec8a5e105636d0b04136f8be580fdc39d6f1f97d,
01_collector_protocol,collector_fp16_m128n64k16_pingpong_fill_use_lastuse_r7,1,,NVIDIA Thor,11.0,580.00,13.0,PTX ISA 9.3 / CUDA 13.0,1575.000,,,,fp16,128,64,16,9,400,82,2,fill_use_lastuse,pingpong,8,8,9,1,nocount,sw128,sw128,16,16,16,0,512,0,64,none,0,none,0,4,20,3557963.0,2259.0241269841267,,,,,6144,,8.355098015353168,,,0,0.0,1,bf14b28d2af4128daa99f23eec8a5e105636d0b04136f8be580fdc39d6f1f97d,
01_collector_protocol,collector_fp16_m128n64k16_pingpong_fill_use_lastuse_r7,1,,NVIDIA Thor,11.0,580.00,13.0,PTX ISA 9.3 / CUDA 13.0,1575.000,,,,fp16,128,64,16,9,400,82,3,fill_use_lastuse,pingpong,8,8,9,1,nocount,sw128,sw128,16,16,16,0,512,0,64,none,0,none,0,4,20,3557958.0,2259.020952380952,,,,,6144,,8.35510975677622,,,0,0.0,1,bf14b28d2af4128daa99f23eec8a5e105636d0b04136f8be580fdc39d6f1f97d,
01_collector_protocol,collector_fp16_m128n64k16_pingpong_fill_use_lastuse_r7,1,,NVIDIA Thor,11.0,580.00,13.0,PTX ISA 9.3 / CUDA 13.0,1575.000,,,,fp16,128,64,16,9,400,82,4,fill_use_lastuse,pingpong,8,8,9,1,nocount,sw128,sw128,16,16,16,0,512,0,64,none,0,none,0,4,20,3557951.0,2259.016507936508,,,,,6144,,8.355126194823931,,,0,0.0,1,bf14b28d2af4128daa99f23eec8a5e105636d0b04136f8be580fdc39d6f1f97d,
01_collector_protocol,collector_fp16_m128n256k16_pingpong_fill_use_lastuse_r7,1,,NVIDIA Thor,11.0,580.00,13.0,PTX ISA 9.3 / CUDA 13.0,1575.000,,,,fp16,128,256,16,9,400,83,0,fill_use_lastuse,pingpong,2,2,9,1,nocount,sw128,sw128,16,16,16,0,512,0,256,none,0,none,0,4,20,3557961.0,2259.022857142857,,,,,12288,,33.42041084767371,,,0,0.0,1,bf14b28d2af4128daa99f23eec8a5e105636d0b04136f8be580fdc39d6f1f97d,; UTCHMMA=21;UTCHMMA_WS=16;UTCBAR=1;UTCATOMSWS=3;SYNCS_TRYWAIT=8;LDS=21;LDG=9;ptx_tcgen05_mma=21;ptx_tcgen05_mma_ws=16;ptx_tcgen05_commit=1;ptx_tcgen05_alloc=1;ptx_tcgen05_dealloc=1;ptx_tcgen05_ld=5;ptx_tcgen05_st=5;ptx_mbarrier_wait=5;ptx_cp_async_tma=2;ptx_ld_shared=26;ptx_ld_global=7
01_collector_protocol,collector_fp16_m128n256k16_pingpong_fill_use_lastuse_r7,1,,NVIDIA Thor,11.0,580.00,13.0,PTX ISA 9.3 / CUDA 13.0,1575.000,,,,fp16,128,256,16,9,400,83,1,fill_use_lastuse,pingpong,2,2,9,1,nocount,sw128,sw128,16,16,16,0,512,0,256,none,0,none,0,4,20,3557956.0,2259.0196825396824,,,,,12288,,33.42045781341872,,,0,0.0,1,bf14b28d2af4128daa99f23eec8a5e105636d0b04136f8be580fdc39d6f1f97d,
01_collector_protocol,collector_fp16_m128n256k16_pingpong_fill_use_lastuse_r7,1,,NVIDIA Thor,11.0,580.00,13.0,PTX ISA 9.3 / CUDA 13.0,1575.000,,,,fp16,128,256,16,9,400,83,2,fill_use_lastuse,pingpong,2,2,9,1,nocount,sw128,sw128,16,16,16,0,512,0,256,none,0,none,0,4,20,3557942.0,2259.0107936507934,,,,,12288,,33.420589318206986,,,0,0.0,1,bf14b28d2af4128daa99f23eec8a5e105636d0b04136f8be580fdc39d6f1f97d,
01_collector_protocol,collector_fp16_m128n256k16_pingpong_fill_use_lastuse_r7,1,,NVIDIA Thor,11.0,580.00,13.0,PTX ISA 9.3 / CUDA 13.0,1575.000,,,,fp16,128,256,16,9,400,83,3,fill_use_lastuse,pingpong,2,2,9,1,nocount,sw128,sw128,16,16,16,0,512,0,256,none,0,none,0,4,20,3557958.0,2259.020952380952,,,,,12288,,33.42043902710488,,,0,0.0,1,bf14b28d2af4128daa99f23eec8a5e105636d0b04136f8be580fdc39d6f1f97d,
01_collector_protocol,collector_fp16_m128n256k16_pingpong_fill_use_lastuse_r7,1,,NVIDIA Thor,11.0,580.00,13.0,PTX ISA 9.3 / CUDA 13.0,1575.000,,,,fp16,128,256,16,9,400,83,4,fill_use_lastuse,pingpong,2,2,9,1,nocount,sw128,sw128,16,16,16,0,512,0,256,none,0,none,0,4,20,3557944.0,2259.0120634920636,,,,,12288,,33.4205705317453,,,0,0.0,1,bf14b28d2af4128daa99f23eec8a5e105636d0b04136f8be580fdc39d6f1f97d,
01_collector_protocol,collector_bf16_m128n256k16_same_discard_r0,1,,NVIDIA Thor,11.0,580.00,13.0,PTX ISA 9.3 / CUDA 13.0,1575.000,,,,bf16,128,256,16,32,400,84,0,discard,same,2,2,32,1,nocount,sw128,sw128,16,16,16,0,512,0,256,none,0,none,0,4,20,11493552.0,7297.493333333334,,,,,12288,,36.78461133686088,,,0,0.0,1,bf14b28d2af4128daa99f23eec8a5e105636d0b04136f8be580fdc39d6f1f97d,; UTCHMMA=21;UTCHMMA_WS=16;UTCBAR=1;UTCATOMSWS=3;SYNCS_TRYWAIT=8;LDS=21;LDG=9;ptx_tcgen05_mma=21;ptx_tcgen05_mma_ws=16;ptx_tcgen05_commit=1;ptx_tcgen05_alloc=1;ptx_tcgen05_dealloc=1;ptx_tcgen05_ld=5;ptx_tcgen05_st=5;ptx_mbarrier_wait=5;ptx_cp_async_tma=2;ptx_ld_shared=26;ptx_ld_global=7
01_collector_protocol,collector_bf16_m128n256k16_same_discard_r0,1,,NVIDIA Thor,11.0,580.00,13.0,PTX ISA 9.3 / CUDA 13.0,1575.000,,,,bf16,128,256,16,32,400,84,1,discard,same,2,2,32,1,nocount,sw128,sw128,16,16,16,0,512,0,256,none,0,none,0,4,20,11493557.0,7297.496507936507,,,,,12288,,36.78459533458616,,,0,0.0,1,bf14b28d2af4128daa99f23eec8a5e105636d0b04136f8be580fdc39d6f1f97d,
01_collector_protocol,collector_bf16_m128n256k16_same_discard_r0,1,,NVIDIA Thor,11.0,580.00,13.0,PTX ISA 9.3 / CUDA 13.0,1575.000,,,,bf16,128,256,16,32,400,84,2,discard,same,2,2,32,1,nocount,sw128,sw128,16,16,16,0,512,0,256,none,0,none,0,4,20,11493553.0,7297.493968253968,,,,,12288,,36.78460813640482,,,0,0.0,1,bf14b28d2af4128daa99f23eec8a5e105636d0b04136f8be580fdc39d6f1f97d,
01_collector_protocol,collector_bf16_m128n256k16_same_discard_r0,1,,NVIDIA Thor,11.0,580.00,13.0,PTX ISA 9.3 / CUDA 13.0,1575.000,,,,bf16,128,256,16,32,400,84,3,discard,same,2,2,32,1,nocount,sw128,sw128,16,16,16,0,512,0,256,none,0,none,0,4,20,12012525.0,7627.0,,,,,12288,,35.19541838206372,,,0,0.0,1,bf14b28d2af4128daa99f23eec8a5e105636d0b04136f8be580fdc39d6f1f97d,
01_collector_protocol,collector_bf16_m128n256k16_same_discard_r0,1,,NVIDIA Thor,11.0,580.00,13.0,PTX ISA 9.3 / CUDA 13.0,1575.000,,,,bf16,128,256,16,32,400,84,4,discard,same,2,2,32,1,nocount,sw128,sw128,16,16,16,0,512,0,256,none,0,none,0,4,20,11493559.0,7297.497777777778,,,,,12288,,36.784588933680155,,,0,0.0,1,bf14b28d2af4128daa99f23eec8a5e105636d0b04136f8be580fdc39d6f1f97d,
01_collector_protocol,collector_bf16_m128n64k16_same_fill_use_discard_r3,1,,NVIDIA Thor,11.0,580.00,13.0,PTX ISA 9.3 / CUDA 13.0,1575.000,,,,bf16,128,64,16,5,400,85,0,fill_use_discard,same,8,8,5,1,nocount,sw128,sw128,16,16,16,0,512,0,64,none,0,none,0,4,20,2110768.0,1340.1701587301586,,,,,6144,,7.824200480583371,,,0,0.0,1,bf14b28d2af4128daa99f23eec8a5e105636d0b04136f8be580fdc39d6f1f97d,; UTCHMMA=21;UTCHMMA_WS=16;UTCBAR=1;UTCATOMSWS=3;SYNCS_TRYWAIT=8;LDS=21;LDG=9;ptx_tcgen05_mma=21;ptx_tcgen05_mma_ws=16;ptx_tcgen05_commit=1;ptx_tcgen05_alloc=1;ptx_tcgen05_dealloc=1;ptx_tcgen05_ld=5;ptx_tcgen05_st=5;ptx_mbarrier_wait=5;ptx_cp_async_tma=2;ptx_ld_shared=26;ptx_ld_global=7
01_collector_protocol,collector_bf16_m128n64k16_same_fill_use_discard_r3,1,,NVIDIA Thor,11.0,580.00,13.0,PTX ISA 9.3 / CUDA 13.0,1575.000,,,,bf16,128,64,16,5,400,85,1,fill_use_discard,same,8,8,5,1,nocount,sw128,sw128,16,16,16,0,512,0,64,none,0,none,0,4,20,2110776.0,1340.175238095238,,,,,6144,,7.824170826274318,,,0,0.0,1,bf14b28d2af4128daa99f23eec8a5e105636d0b04136f8be580fdc39d6f1f97d,
01_collector_protocol,collector_bf16_m128n64k16_same_fill_use_discard_r3,1,,NVIDIA Thor,11.0,580.00,13.0,PTX ISA 9.3 / CUDA 13.0,1575.000,,,,bf16,128,64,16,5,400,85,2,fill_use_discard,same,8,8,5,1,nocount,sw128,sw128,16,16,16,0,512,0,64,none,0,none,0,4,20,2110766.0,1340.168888888889,,,,,6144,,7.824207894195757,,,0,0.0,1,bf14b28d2af4128daa99f23eec8a5e105636d0b04136f8be580fdc39d6f1f97d,
01_collector_protocol,collector_bf16_m128n64k16_same_fill_use_discard_r3,1,,NVIDIA Thor,11.0,580.00,13.0,PTX ISA 9.3 / CUDA 13.0,1575.000,,,,bf16,128,64,16,5,400,85,3,fill_use_discard,same,8,8,5,1,nocount,sw128,sw128,16,16,16,0,512,0,64,none,0,none,0,4,20,2111156.0,1340.4165079365077,,,,,6144,,7.822762505470936,,,0,0.0,1,bf14b28d2af4128daa99f23eec8a5e105636d0b04136f8be580fdc39d6f1f97d,
01_collector_protocol,collector_bf16_m128n64k16_same_fill_use_discard_r3,1,,NVIDIA Thor,11.0,580.00,13.0,PTX ISA 9.3 / CUDA 13.0,1575.000,,,,bf16,128,64,16,5,400,85,4,fill_use_discard,same,8,8,5,1,nocount,sw128,sw128,16,16,16,0,512,0,64,none,0,none,0,4,20,2110772.0,1340.1726984126985,,,,,6144,,7.824185653400746,,,0,0.0,1,bf14b28d2af4128daa99f23eec8a5e105636d0b04136f8be580fdc39d6f1f97d,
01_collector_protocol,collector_fp16_m128n256k16_pingpong_fill_lastuse_r0,1,,NVIDIA Thor,11.0,580.00,13.0,PTX ISA 9.3 / CUDA 13.0,1575.000,,,,fp16,128,256,16,2,400,86,0,fill_lastuse,pingpong,2,2,2,1,nocount,sw128,sw128,16,16,16,0,512,0,256,none,0,none,0,4,20,1028361.0,652.927619047619,,,,,12288,,25.69536884420938,,,0,0.0,1,bf14b28d2af4128daa99f23eec8a5e105636d0b04136f8be580fdc39d6f1f97d,; UTCHMMA=21;UTCHMMA_WS=16;UTCBAR=1;UTCATOMSWS=3;SYNCS_TRYWAIT=8;LDS=21;LDG=9;ptx_tcgen05_mma=21;ptx_tcgen05_mma_ws=16;ptx_tcgen05_commit=1;ptx_tcgen05_alloc=1;ptx_tcgen05_dealloc=1;ptx_tcgen05_ld=5;ptx_tcgen05_st=5;ptx_mbarrier_wait=5;ptx_cp_async_tma=2;ptx_ld_shared=26;ptx_ld_global=7
01_collector_protocol,collector_fp16_m128n256k16_pingpong_fill_lastuse_r0,1,,NVIDIA Thor,11.0,580.00,13.0,PTX ISA 9.3 / CUDA 13.0,1575.000,,,,fp16,128,256,16,2,400,86,1,fill_lastuse,pingpong,2,2,2,1,nocount,sw128,sw128,16,16,16,0,512,0,256,none,0,none,0,4,20,1028374.0,652.935873015873,,,,,12288,,25.695044020949577,,,0,0.0,1,bf14b28d2af4128daa99f23eec8a5e105636d0b04136f8be580fdc39d6f1f97d,
01_collector_protocol,collector_fp16_m128n256k16_pingpong_fill_lastuse_r0,1,,NVIDIA Thor,11.0,580.00,13.0,PTX ISA 9.3 / CUDA 13.0,1575.000,,,,fp16,128,256,16,2,400,86,2,fill_lastuse,pingpong,2,2,2,1,nocount,sw128,sw128,16,16,16,0,512,0,256,none,0,none,0,4,20,1028371.0,652.9339682539683,,,,,12288,,25.695118979434465,,,0,0.0,1,bf14b28d2af4128daa99f23eec8a5e105636d0b04136f8be580fdc39d6f1f97d,
01_collector_protocol,collector_fp16_m128n256k16_pingpong_fill_lastuse_r0,1,,NVIDIA Thor,11.0,580.00,13.0,PTX ISA 9.3 / CUDA 13.0,1575.000,,,,fp16,128,256,16,2,400,86,3,fill_lastuse,pingpong,2,2,2,1,nocount,sw128,sw128,16,16,16,0,512,0,256,none,0,none,0,4,20,1028367.0,652.9314285714286,,,,,12288,,25.695218924761296,,,0,0.0,1,bf14b28d2af4128daa99f23eec8a5e105636d0b04136f8be580fdc39d6f1f97d,
01_collector_protocol,collector_fp16_m128n256k16_pingpong_fill_lastuse_r0,1,,NVIDIA Thor,11.0,580.00,13.0,PTX ISA 9.3 / CUDA 13.0,1575.000,,,,fp16,128,256,16,2,400,86,4,fill_lastuse,pingpong,2,2,2,1,nocount,sw128,sw128,16,16,16,0,512,0,256,none,0,none,0,4,20,1028369.0,652.9326984126984,,,,,12288,,25.695168952000692,,,0,0.0,1,bf14b28d2af4128daa99f23eec8a5e105636d0b04136f8be580fdc39d6f1f97d,
01_collector_protocol,collector_fp16_m128n256k16_pingpong_fill_use_lastuse_r3,1,,NVIDIA Thor,11.0,580.00,13.0,PTX ISA 9.3 / CUDA 13.0,1575.000,,,,fp16,128,256,16,5,400,87,0,fill_use_lastuse,pingpong,2,2,5,1,nocount,sw128,sw128,16,16,16,0,512,0,256,none,0,none,0,4,20,2113572.0,1341.9504761904761,,,,,12288,,31.255281580187475,,,0,0.0,1,bf14b28d2af4128daa99f23eec8a5e105636d0b04136f8be580fdc39d6f1f97d,; UTCHMMA=21;UTCHMMA_WS=16;UTCBAR=1;UTCATOMSWS=3;SYNCS_TRYWAIT=8;LDS=21;LDG=9;ptx_tcgen05_mma=21;ptx_tcgen05_mma_ws=16;ptx_tcgen05_commit=1;ptx_tcgen05_alloc=1;ptx_tcgen05_dealloc=1;ptx_tcgen05_ld=5;ptx_tcgen05_st=5;ptx_mbarrier_wait=5;ptx_cp_async_tma=2;ptx_ld_shared=26;ptx_ld_global=7
01_collector_protocol,collector_fp16_m128n256k16_pingpong_fill_use_lastuse_r3,1,,NVIDIA Thor,11.0,580.00,13.0,PTX ISA 9.3 / CUDA 13.0,1575.000,,,,fp16,128,256,16,5,400,87,1,fill_use_lastuse,pingpong,2,2,5,1,nocount,sw128,sw128,16,16,16,0,512,0,256,none,0,none,0,4,20,2113568.0,1341.9479365079364,,,,,12288,,31.255340731880874,,,0,0.0,1,bf14b28d2af4128daa99f23eec8a5e105636d0b04136f8be580fdc39d6f1f97d,
01_collector_protocol,collector_fp16_m128n256k16_pingpong_fill_use_lastuse_r3,1,,NVIDIA Thor,11.0,580.00,13.0,PTX ISA 9.3 / CUDA 13.0,1575.000,,,,fp16,128,256,16,5,400,87,2,fill_use_lastuse,pingpong,2,2,5,1,nocount,sw128,sw128,16,16,16,0,512,0,256,none,0,none,0,4,20,2113572.0,1341.9504761904761,,,,,12288,,31.255281580187475,,,0,0.0,1,bf14b28d2af4128daa99f23eec8a5e105636d0b04136f8be580fdc39d6f1f97d,
01_collector_protocol,collector_fp16_m128n256k16_pingpong_fill_use_lastuse_r3,1,,NVIDIA Thor,11.0,580.00,13.0,PTX ISA 9.3 / CUDA 13.0,1575.000,,,,fp16,128,256,16,5,400,87,3,fill_use_lastuse,pingpong,2,2,5,1,nocount,sw128,sw128,16,16,16,0,512,0,256,none,0,none,0,4,20,2113570.0,1341.9492063492064,,,,,12288,,31.255311156006186,,,0,0.0,1,bf14b28d2af4128daa99f23eec8a5e105636d0b04136f8be580fdc39d6f1f97d,
01_collector_protocol,collector_fp16_m128n256k16_pingpong_fill_use_lastuse_r3,1,,NVIDIA Thor,11.0,580.00,13.0,PTX ISA 9.3 / CUDA 13.0,1575.000,,,,fp16,128,256,16,5,400,87,4,fill_use_lastuse,pingpong,2,2,5,1,nocount,sw128,sw128,16,16,16,0,512,0,256,none,0,none,0,4,20,2113570.0,1341.9492063492064,,,,,12288,,31.255311156006186,,,0,0.0,1,bf14b28d2af4128daa99f23eec8a5e105636d0b04136f8be580fdc39d6f1f97d,
01_collector_protocol,collector_ws_b4_fp16_m128n256k16,1,,NVIDIA Thor,11.0,580.00,13.0,PTX ISA 9.3 / CUDA 13.0,1575.000,,,,fp16,128,256,16,16,300,88,0,fill_use_lastuse,same,2,2,16,1,nocount,sw128,sw128,16,16,16,0,512,0,256,none,0,none,0,4,20,5970836.0,3791.006984126984,,,,,12288,,26.55318136354775,,,0,0.0,1,bf14b28d2af4128daa99f23eec8a5e105636d0b04136f8be580fdc39d6f1f97d,; UTCHMMA=21;UTCHMMA_WS=16;UTCBAR=1;UTCATOMSWS=3;SYNCS_TRYWAIT=8;LDS=21;LDG=9;ptx_tcgen05_mma=21;ptx_tcgen05_mma_ws=16;ptx_tcgen05_commit=1;ptx_tcgen05_alloc=1;ptx_tcgen05_dealloc=1;ptx_tcgen05_ld=5;ptx_tcgen05_st=5;ptx_mbarrier_wait=5;ptx_cp_async_tma=2;ptx_ld_shared=26;ptx_ld_global=7
01_collector_protocol,collector_ws_b4_fp16_m128n256k16,1,,NVIDIA Thor,11.0,580.00,13.0,PTX ISA 9.3 / CUDA 13.0,1575.000,,,,fp16,128,256,16,16,300,88,1,fill_use_lastuse,same,2,2,16,1,nocount,sw128,sw128,16,16,16,0,512,0,256,none,0,none,0,4,20,5970839.0,3791.008888888889,,,,,12288,,26.553168022115486,,,0,0.0,1,bf14b28d2af4128daa99f23eec8a5e105636d0b04136f8be580fdc39d6f1f97d,
01_collector_protocol,collector_ws_b4_fp16_m128n256k16,1,,NVIDIA Thor,11.0,580.00,13.0,PTX ISA 9.3 / CUDA 13.0,1575.000,,,,fp16,128,256,16,16,300,88,2,fill_use_lastuse,same,2,2,16,1,nocount,sw128,sw128,16,16,16,0,512,0,256,none,0,none,0,4,20,5970832.0,3791.0044444444447,,,,,12288,,26.553199152144963,,,0,0.0,1,bf14b28d2af4128daa99f23eec8a5e105636d0b04136f8be580fdc39d6f1f97d,
01_collector_protocol,collector_ws_b4_fp16_m128n256k16,1,,NVIDIA Thor,11.0,580.00,13.0,PTX ISA 9.3 / CUDA 13.0,1575.000,,,,fp16,128,256,16,16,300,88,3,fill_use_lastuse,same,2,2,16,1,nocount,sw128,sw128,16,16,16,0,512,0,256,none,0,none,0,4,20,5970840.0,3791.0095238095237,,,,,12288,,26.553163574974374,,,0,0.0,1,bf14b28d2af4128daa99f23eec8a5e105636d0b04136f8be580fdc39d6f1f97d,
01_collector_protocol,collector_ws_b4_fp16_m128n256k16,1,,NVIDIA Thor,11.0,580.00,13.0,PTX ISA 9.3 / CUDA 13.0,1575.000,,,,fp16,128,256,16,16,300,88,4,fill_use_lastuse,same,2,2,16,1,nocount,sw128,sw128,16,16,16,0,512,0,256,none,0,none,0,4,20,5970846.0,3791.0133333333333,,,,,12288,,26.553136892159,,,0,0.0,1,bf14b28d2af4128daa99f23eec8a5e105636d0b04136f8be580fdc39d6f1f97d,
01_collector_protocol,collector_bf16_m128n64k16_same_discard_r0,1,,NVIDIA Thor,11.0,580.00,13.0,PTX ISA 9.3 / CUDA 13.0,1575.000,,,,bf16,128,64,16,32,400,89,0,discard,same,8,8,32,1,nocount,sw128,sw128,16,16,16,0,512,0,64,none,0,none,0,4,20,11494779.0,7298.272380952381,,,,,6144,,9.195171199028707,,,0,0.0,1,bf14b28d2af4128daa99f23eec8a5e105636d0b04136f8be580fdc39d6f1f97d,; UTCHMMA=21;UTCHMMA_WS=16;UTCBAR=1;UTCATOMSWS=3;SYNCS_TRYWAIT=8;LDS=21;LDG=9;ptx_tcgen05_mma=21;ptx_tcgen05_mma_ws=16;ptx_tcgen05_commit=1;ptx_tcgen05_alloc=1;ptx_tcgen05_dealloc=1;ptx_tcgen05_ld=5;ptx_tcgen05_st=5;ptx_mbarrier_wait=5;ptx_cp_async_tma=2;ptx_ld_shared=26;ptx_ld_global=7
01_collector_protocol,collector_bf16_m128n64k16_same_discard_r0,1,,NVIDIA Thor,11.0,580.00,13.0,PTX ISA 9.3 / CUDA 13.0,1575.000,,,,bf16,128,64,16,32,400,89,1,discard,same,8,8,32,1,nocount,sw128,sw128,16,16,16,0,512,0,64,none,0,none,0,4,20,11494773.0,7298.268571428571,,,,,6144,,9.195175998690884,,,0,0.0,1,bf14b28d2af4128daa99f23eec8a5e105636d0b04136f8be580fdc39d6f1f97d,
01_collector_protocol,collector_bf16_m128n64k16_same_discard_r0,1,,NVIDIA Thor,11.0,580.00,13.0,PTX ISA 9.3 / CUDA 13.0,1575.000,,,,bf16,128,64,16,32,400,89,2,discard,same,8,8,32,1,nocount,sw128,sw128,16,16,16,0,512,0,64,none,0,none,0,4,20,11494778.0,7298.271746031746,,,,,6144,,9.195171998972056,,,0,0.0,1,bf14b28d2af4128daa99f23eec8a5e105636d0b04136f8be580fdc39d6f1f97d,
01_collector_protocol,collector_bf16_m128n64k16_same_discard_r0,1,,NVIDIA Thor,11.0,580.00,13.0,PTX ISA 9.3 / CUDA 13.0,1575.000,,,,bf16,128,64,16,32,400,89,3,discard,same,8,8,32,1,nocount,sw128,sw128,16,16,16,0,512,0,64,none,0,none,0,4,20,11494839.0,7298.310476190477,,,,,6144,,9.195123202682526,,,0,0.0,1,bf14b28d2af4128daa99f23eec8a5e105636d0b04136f8be580fdc39d6f1f97d,
01_collector_protocol,collector_bf16_m128n64k16_same_discard_r0,1,,NVIDIA Thor,11.0,580.00,13.0,PTX ISA 9.3 / CUDA 13.0,1575.000,,,,bf16,128,64,16,32,400,89,4,discard,same,8,8,32,1,nocount,sw128,sw128,16,16,16,0,512,0,64,none,0,none,0,4,20,11494772.0,7298.267936507936,,,,,6144,,9.195176798635066,,,0,0.0,1,bf14b28d2af4128daa99f23eec8a5e105636d0b04136f8be580fdc39d6f1f97d,
01_collector_protocol,collector_fp16_m128n128k16_same_fill_use_lastuse_r3,1,,NVIDIA Thor,11.0,580.00,13.0,PTX ISA 9.3 / CUDA 13.0,1575.000,,,,fp16,128,128,16,5,400,90,0,fill_use_lastuse,same,4,4,5,1,nocount,sw128,sw128,16,16,16,0,512,0,128,none,0,none,0,4,20,2113572.0,1341.9504761904761,,,,,8192,,15.627640790093738,,,0,0.0,1,bf14b28d2af4128daa99f23eec8a5e105636d0b04136f8be580fdc39d6f1f97d,; UTCHMMA=21;UTCHMMA_WS=16;UTCBAR=1;UTCATOMSWS=3;SYNCS_TRYWAIT=8;LDS=21;LDG=9;ptx_tcgen05_mma=21;ptx_tcgen05_mma_ws=16;ptx_tcgen05_commit=1;ptx_tcgen05_alloc=1;ptx_tcgen05_dealloc=1;ptx_tcgen05_ld=5;ptx_tcgen05_st=5;ptx_mbarrier_wait=5;ptx_cp_async_tma=2;ptx_ld_shared=26;ptx_ld_global=7
01_collector_protocol,collector_fp16_m128n128k16_same_fill_use_lastuse_r3,1,,NVIDIA Thor,11.0,580.00,13.0,PTX ISA 9.3 / CUDA 13.0,1575.000,,,,fp16,128,128,16,5,400,90,1,fill_use_lastuse,same,4,4,5,1,nocount,sw128,sw128,16,16,16,0,512,0,128,none,0,none,0,4,20,2113572.0,1341.9504761904761,,,,,8192,,15.627640790093738,,,0,0.0,1,bf14b28d2af4128daa99f23eec8a5e105636d0b04136f8be580fdc39d6f1f97d,
01_collector_protocol,collector_fp16_m128n128k16_same_fill_use_lastuse_r3,1,,NVIDIA Thor,11.0,580.00,13.0,PTX ISA 9.3 / CUDA 13.0,1575.000,,,,fp16,128,128,16,5,400,90,2,fill_use_lastuse,same,4,4,5,1,nocount,sw128,sw128,16,16,16,0,512,0,128,none,0,none,0,4,20,2113562.0,1341.944126984127,,,,,8192,,15.627714729920388,,,0,0.0,1,bf14b28d2af4128daa99f23eec8a5e105636d0b04136f8be580fdc39d6f1f97d,
01_collector_protocol,collector_fp16_m128n128k16_same_fill_use_lastuse_r3,1,,NVIDIA Thor,11.0,580.00,13.0,PTX ISA 9.3 / CUDA 13.0,1575.000,,,,fp16,128,128,16,5,400,90,3,fill_use_lastuse,same,4,4,5,1,nocount,sw128,sw128,16,16,16,0,512,0,128,none,0,none,0,4,20,2113571.0,1341.9498412698413,,,,,8192,,15.627648184044919,,,0,0.0,1,bf14b28d2af4128daa99f23eec8a5e105636d0b04136f8be580fdc39d6f1f97d,
01_collector_protocol,collector_fp16_m128n128k16_same_fill_use_lastuse_r3,1,,NVIDIA Thor,11.0,580.00,13.0,PTX ISA 9.3 / CUDA 13.0,1575.000,,,,fp16,128,128,16,5,400,90,4,fill_use_lastuse,same,4,4,5,1,nocount,sw128,sw128,16,16,16,0,512,0,128,none,0,none,0,4,20,2113568.0,1341.9479365079364,,,,,8192,,15.627670365940437,,,0,0.0,1,bf14b28d2af4128daa99f23eec8a5e105636d0b04136f8be580fdc39d6f1f97d,
