experiment,case_id,valid,invalid_reason,gpu,compute_capability,driver,cuda_version,ptx_version,sm_clock_mhz,mem_clock_mhz,temperature_c,power_w,dtype,m,n,k,Q,iterations,run_order,repeat,collector_mode,operand_address_mode,independent_d_count,d_reuse_distance,commit_interval,pending_mbarriers,wait_polling_mode,smem_layout,swizzle,alignment_bytes,lda,ldb,smem_base_offset,tmem_columns,d_base_column,d_tile_base_delta,d_alias_class,input_d,interference_mode,interference_ops_per_iter,interference_warps,resident_ctas,elapsed_cycles,elapsed_us,elapsed_cycles_p10,elapsed_cycles_p90,alpha_cycles,beta_cycles_per_mma,logical_smem_bytes_per_mma,effective_smem_bytes_per_cycle,tflops,tflops_p10,tflops_p90,poll_count,max_abs_error,guard_ok,sass_hash,notes
06_tmem_dependency,tmem_fp16_m128n128k16_c256_full_in0_rd1,1,,NVIDIA Thor,11.0,580.00,13.0,PTX ISA 9.3 / CUDA 13.0,1575.000,,,,fp16,128,128,16,32,128,1,0,discard,same,1,1,32,1,nocount,sw128,sw128,16,16,16,0,256,0,0,full,0,none,0,4,20,3181148.0,2019.776507936508,,,,,8192,,21.264567040577806,,,0,0.0,1,bf14b28d2af4128daa99f23eec8a5e105636d0b04136f8be580fdc39d6f1f97d,; UTCHMMA=21;UTCHMMA_WS=16;UTCBAR=1;UTCATOMSWS=3;SYNCS_TRYWAIT=8;LDS=21;LDG=9;ptx_tcgen05_mma=21;ptx_tcgen05_mma_ws=16;ptx_tcgen05_commit=1;ptx_tcgen05_alloc=1;ptx_tcgen05_dealloc=1;ptx_tcgen05_ld=5;ptx_tcgen05_st=5;ptx_mbarrier_wait=5;ptx_cp_async_tma=2;ptx_ld_shared=26;ptx_ld_global=7
06_tmem_dependency,tmem_fp16_m128n128k16_c256_full_in0_rd1,1,,NVIDIA Thor,11.0,580.00,13.0,PTX ISA 9.3 / CUDA 13.0,1575.000,,,,fp16,128,128,16,32,128,1,1,discard,same,1,1,32,1,nocount,sw128,sw128,16,16,16,0,256,0,0,full,0,none,0,4,20,3181160.0,2019.784126984127,,,,,8192,,21.264486826189188,,,0,0.0,1,bf14b28d2af4128daa99f23eec8a5e105636d0b04136f8be580fdc39d6f1f97d,
06_tmem_dependency,tmem_fp16_m128n128k16_c256_full_in0_rd1,1,,NVIDIA Thor,11.0,580.00,13.0,PTX ISA 9.3 / CUDA 13.0,1575.000,,,,fp16,128,128,16,32,128,1,2,discard,same,1,1,32,1,nocount,sw128,sw128,16,16,16,0,256,0,0,full,0,none,0,4,20,3181518.0,2020.0114285714287,,,,,8192,,21.26209404190075,,,0,0.0,1,bf14b28d2af4128daa99f23eec8a5e105636d0b04136f8be580fdc39d6f1f97d,
06_tmem_dependency,tmem_fp16_m128n128k16_c256_full_in0_rd1,1,,NVIDIA Thor,11.0,580.00,13.0,PTX ISA 9.3 / CUDA 13.0,1575.000,,,,fp16,128,128,16,32,128,1,3,discard,same,1,1,32,1,nocount,sw128,sw128,16,16,16,0,256,0,0,full,0,none,0,4,20,3181160.0,2019.784126984127,,,,,8192,,21.264486826189188,,,0,0.0,1,bf14b28d2af4128daa99f23eec8a5e105636d0b04136f8be580fdc39d6f1f97d,
06_tmem_dependency,tmem_fp16_m128n128k16_c256_full_in0_rd1,1,,NVIDIA Thor,11.0,580.00,13.0,PTX ISA 9.3 / CUDA 13.0,1575.000,,,,fp16,128,128,16,32,128,1,4,discard,same,1,1,32,1,nocount,sw128,sw128,16,16,16,0,256,0,0,full,0,none,0,4,20,3181147.0,2019.7758730158728,,,,,8192,,21.26457372513751,,,0,0.0,1,bf14b28d2af4128daa99f23eec8a5e105636d0b04136f8be580fdc39d6f1f97d,
06_tmem_dependency,tmem_bf16_m128n128k16_c256_full_in1_rd1,1,,NVIDIA Thor,11.0,580.00,13.0,PTX ISA 9.3 / CUDA 13.0,1575.000,,,,bf16,128,128,16,32,128,2,0,discard,same,1,1,32,1,nocount,sw128,sw128,16,16,16,0,256,0,0,full,1,none,0,4,20,3181152.0,2019.7790476190478,,,,,8192,,21.26454030238102,,,0,0.0,1,bf14b28d2af4128daa99f23eec8a5e105636d0b04136f8be580fdc39d6f1f97d,; UTCHMMA=21;UTCHMMA_WS=16;UTCBAR=1;UTCATOMSWS=3;SYNCS_TRYWAIT=8;LDS=21;LDG=9;ptx_tcgen05_mma=21;ptx_tcgen05_mma_ws=16;ptx_tcgen05_commit=1;ptx_tcgen05_alloc=1;ptx_tcgen05_dealloc=1;ptx_tcgen05_ld=5;ptx_tcgen05_st=5;ptx_mbarrier_wait=5;ptx_cp_async_tma=2;ptx_ld_shared=26;ptx_ld_global=7
06_tmem_dependency,tmem_bf16_m128n128k16_c256_full_in1_rd1,1,,NVIDIA Thor,11.0,580.00,13.0,PTX ISA 9.3 / CUDA 13.0,1575.000,,,,bf16,128,128,16,32,128,2,1,discard,same,1,1,32,1,nocount,sw128,sw128,16,16,16,0,256,0,0,full,1,none,0,4,20,3181149.0,2019.7771428571427,,,,,8192,,21.264560356022304,,,0,0.0,1,bf14b28d2af4128daa99f23eec8a5e105636d0b04136f8be580fdc39d6f1f97d,
06_tmem_dependency,tmem_bf16_m128n128k16_c256_full_in1_rd1,1,,NVIDIA Thor,11.0,580.00,13.0,PTX ISA 9.3 / CUDA 13.0,1575.000,,,,bf16,128,128,16,32,128,2,2,discard,same,1,1,32,1,nocount,sw128,sw128,16,16,16,0,256,0,0,full,1,none,0,4,20,3181519.0,2020.0120634920634,,,,,8192,,21.262087358899944,,,0,0.0,1,bf14b28d2af4128daa99f23eec8a5e105636d0b04136f8be580fdc39d6f1f97d,
06_tmem_dependency,tmem_bf16_m128n128k16_c256_full_in1_rd1,1,,NVIDIA Thor,11.0,580.00,13.0,PTX ISA 9.3 / CUDA 13.0,1575.000,,,,bf16,128,128,16,32,128,2,3,discard,same,1,1,32,1,nocount,sw128,sw128,16,16,16,0,256,0,0,full,1,none,0,4,20,3181152.0,2019.7790476190478,,,,,8192,,21.26454030238102,,,0,0.0,1,bf14b28d2af4128daa99f23eec8a5e105636d0b04136f8be580fdc39d6f1f97d,
06_tmem_dependency,tmem_bf16_m128n128k16_c256_full_in1_rd1,1,,NVIDIA Thor,11.0,580.00,13.0,PTX ISA 9.3 / CUDA 13.0,1575.000,,,,bf16,128,128,16,32,128,2,4,discard,same,1,1,32,1,nocount,sw128,sw128,16,16,16,0,256,0,0,full,1,none,0,4,20,3181150.0,2019.7777777777778,,,,,8192,,21.264553671471006,,,0,0.0,1,bf14b28d2af4128daa99f23eec8a5e105636d0b04136f8be580fdc39d6f1f97d,
06_tmem_dependency,tmem_fp16_m128n256k16_c256_none_in0_rd1,1,,NVIDIA Thor,11.0,580.00,13.0,PTX ISA 9.3 / CUDA 13.0,1575.000,,,,fp16,128,256,16,32,128,3,0,discard,same,1,1,32,1,nocount,sw128,sw128,16,16,16,0,256,0,256,none,0,none,0,4,20,3181542.0,2020.0266666666666,,,,,12288,,42.52386730208182,,,0,0.0,1,bf14b28d2af4128daa99f23eec8a5e105636d0b04136f8be580fdc39d6f1f97d,; UTCHMMA=21;UTCHMMA_WS=16;UTCBAR=1;UTCATOMSWS=3;SYNCS_TRYWAIT=8;LDS=21;LDG=9;ptx_tcgen05_mma=21;ptx_tcgen05_mma_ws=16;ptx_tcgen05_commit=1;ptx_tcgen05_alloc=1;ptx_tcgen05_dealloc=1;ptx_tcgen05_ld=5;ptx_tcgen05_st=5;ptx_mbarrier_wait=5;ptx_cp_async_tma=2;ptx_ld_shared=26;ptx_ld_global=7
06_tmem_dependency,tmem_fp16_m128n256k16_c256_none_in0_rd1,1,,NVIDIA Thor,11.0,580.00,13.0,PTX ISA 9.3 / CUDA 13.0,1575.000,,,,fp16,128,256,16,32,128,3,1,discard,same,1,1,32,1,nocount,sw128,sw128,16,16,16,0,256,0,256,none,0,none,0,4,20,3181547.0,2020.0298412698412,,,,,12288,,42.52380047316605,,,0,0.0,1,bf14b28d2af4128daa99f23eec8a5e105636d0b04136f8be580fdc39d6f1f97d,
06_tmem_dependency,tmem_fp16_m128n256k16_c256_none_in0_rd1,1,,NVIDIA Thor,11.0,580.00,13.0,PTX ISA 9.3 / CUDA 13.0,1575.000,,,,fp16,128,256,16,32,128,3,2,discard,same,1,1,32,1,nocount,sw128,sw128,16,16,16,0,256,0,256,none,0,none,0,4,20,3181544.0,2020.0279365079366,,,,,12288,,42.52384057049031,,,0,0.0,1,bf14b28d2af4128daa99f23eec8a5e105636d0b04136f8be580fdc39d6f1f97d,
06_tmem_dependency,tmem_fp16_m128n256k16_c256_none_in0_rd1,1,,NVIDIA Thor,11.0,580.00,13.0,PTX ISA 9.3 / CUDA 13.0,1575.000,,,,fp16,128,256,16,32,128,3,3,discard,same,1,1,32,1,nocount,sw128,sw128,16,16,16,0,256,0,256,none,0,none,0,4,20,3181792.0,2020.1853968253965,,,,,12288,,42.520526113586314,,,0,0.0,1,bf14b28d2af4128daa99f23eec8a5e105636d0b04136f8be580fdc39d6f1f97d,
06_tmem_dependency,tmem_fp16_m128n256k16_c256_none_in0_rd1,1,,NVIDIA Thor,11.0,580.00,13.0,PTX ISA 9.3 / CUDA 13.0,1575.000,,,,fp16,128,256,16,32,128,3,4,discard,same,1,1,32,1,nocount,sw128,sw128,16,16,16,0,256,0,256,none,0,none,0,4,20,3181546.0,2020.0292063492063,,,,,12288,,42.52381383893239,,,0,0.0,1,bf14b28d2af4128daa99f23eec8a5e105636d0b04136f8be580fdc39d6f1f97d,
06_tmem_dependency,tmem_bf16_m128n64k16_c256_partial_in1_rd1,1,,NVIDIA Thor,11.0,580.00,13.0,PTX ISA 9.3 / CUDA 13.0,1575.000,,,,bf16,128,64,16,32,128,4,0,discard,same,1,1,32,1,nocount,sw128,sw128,16,16,16,0,256,0,32,partial,1,none,0,4,20,3182162.0,2020.4203174603174,,,,,6144,,10.628895529517354,,,0,0.0,1,bf14b28d2af4128daa99f23eec8a5e105636d0b04136f8be580fdc39d6f1f97d,; UTCHMMA=21;UTCHMMA_WS=16;UTCBAR=1;UTCATOMSWS=3;SYNCS_TRYWAIT=8;LDS=21;LDG=9;ptx_tcgen05_mma=21;ptx_tcgen05_mma_ws=16;ptx_tcgen05_commit=1;ptx_tcgen05_alloc=1;ptx_tcgen05_dealloc=1;ptx_tcgen05_ld=5;ptx_tcgen05_st=5;ptx_mbarrier_wait=5;ptx_cp_async_tma=2;ptx_ld_shared=26;ptx_ld_global=7
06_tmem_dependency,tmem_bf16_m128n64k16_c256_partial_in1_rd1,1,,NVIDIA Thor,11.0,580.00,13.0,PTX ISA 9.3 / CUDA 13.0,1575.000,,,,bf16,128,64,16,32,128,4,1,discard,same,1,1,32,1,nocount,sw128,sw128,16,16,16,0,256,0,32,partial,1,none,0,4,20,3182173.0,2020.4273015873016,,,,,6144,,10.628858788004298,,,0,0.0,1,bf14b28d2af4128daa99f23eec8a5e105636d0b04136f8be580fdc39d6f1f97d,
06_tmem_dependency,tmem_bf16_m128n64k16_c256_partial_in1_rd1,1,,NVIDIA Thor,11.0,580.00,13.0,PTX ISA 9.3 / CUDA 13.0,1575.000,,,,bf16,128,64,16,32,128,4,2,discard,same,1,1,32,1,nocount,sw128,sw128,16,16,16,0,256,0,32,partial,1,none,0,4,20,3182159.0,2020.4184126984128,,,,,6144,,10.628905549974089,,,0,0.0,1,bf14b28d2af4128daa99f23eec8a5e105636d0b04136f8be580fdc39d6f1f97d,
06_tmem_dependency,tmem_bf16_m128n64k16_c256_partial_in1_rd1,1,,NVIDIA Thor,11.0,580.00,13.0,PTX ISA 9.3 / CUDA 13.0,1575.000,,,,bf16,128,64,16,32,128,4,3,discard,same,1,1,32,1,nocount,sw128,sw128,16,16,16,0,256,0,32,partial,1,none,0,4,20,3182153.0,2020.4146031746031,,,,,6144,,10.628925590944243,,,0,0.0,1,bf14b28d2af4128daa99f23eec8a5e105636d0b04136f8be580fdc39d6f1f97d,
06_tmem_dependency,tmem_bf16_m128n64k16_c256_partial_in1_rd1,1,,NVIDIA Thor,11.0,580.00,13.0,PTX ISA 9.3 / CUDA 13.0,1575.000,,,,bf16,128,64,16,32,128,4,4,discard,same,1,1,32,1,nocount,sw128,sw128,16,16,16,0,256,0,32,partial,1,none,0,4,20,3182169.0,2020.4247619047617,,,,,6144,,10.628872148525112,,,0,0.0,1,bf14b28d2af4128daa99f23eec8a5e105636d0b04136f8be580fdc39d6f1f97d,
06_tmem_dependency,tmem_fp16_m128n64k16_c128_partial_in1_rd1,1,,NVIDIA Thor,11.0,580.00,13.0,PTX ISA 9.3 / CUDA 13.0,1575.000,,,,fp16,128,64,16,32,128,5,0,discard,same,1,1,32,1,nocount,sw128,sw128,16,16,16,0,128,0,32,partial,1,none,0,4,20,3182170.0,2020.425396825397,,,,,6144,,10.628868808391758,,,0,0.0,1,bf14b28d2af4128daa99f23eec8a5e105636d0b04136f8be580fdc39d6f1f97d,; UTCHMMA=21;UTCHMMA_WS=16;UTCBAR=1;UTCATOMSWS=3;SYNCS_TRYWAIT=8;LDS=21;LDG=9;ptx_tcgen05_mma=21;ptx_tcgen05_mma_ws=16;ptx_tcgen05_commit=1;ptx_tcgen05_alloc=1;ptx_tcgen05_dealloc=1;ptx_tcgen05_ld=5;ptx_tcgen05_st=5;ptx_mbarrier_wait=5;ptx_cp_async_tma=2;ptx_ld_shared=26;ptx_ld_global=7
06_tmem_dependency,tmem_fp16_m128n64k16_c128_partial_in1_rd1,1,,NVIDIA Thor,11.0,580.00,13.0,PTX ISA 9.3 / CUDA 13.0,1575.000,,,,fp16,128,64,16,32,128,5,1,discard,same,1,1,32,1,nocount,sw128,sw128,16,16,16,0,128,0,32,partial,1,none,0,4,20,3182153.0,2020.4146031746031,,,,,6144,,10.628925590944243,,,0,0.0,1,bf14b28d2af4128daa99f23eec8a5e105636d0b04136f8be580fdc39d6f1f97d,
06_tmem_dependency,tmem_fp16_m128n64k16_c128_partial_in1_rd1,1,,NVIDIA Thor,11.0,580.00,13.0,PTX ISA 9.3 / CUDA 13.0,1575.000,,,,fp16,128,64,16,32,128,5,2,discard,same,1,1,32,1,nocount,sw128,sw128,16,16,16,0,128,0,32,partial,1,none,0,4,20,3182169.0,2020.4247619047617,,,,,6144,,10.628872148525112,,,0,0.0,1,bf14b28d2af4128daa99f23eec8a5e105636d0b04136f8be580fdc39d6f1f97d,
06_tmem_dependency,tmem_fp16_m128n64k16_c128_partial_in1_rd1,1,,NVIDIA Thor,11.0,580.00,13.0,PTX ISA 9.3 / CUDA 13.0,1575.000,,,,fp16,128,64,16,32,128,5,3,discard,same,1,1,32,1,nocount,sw128,sw128,16,16,16,0,128,0,32,partial,1,none,0,4,20,3182155.0,2020.4158730158729,,,,,6144,,10.628918910612462,,,0,0.0,1,bf14b28d2af4128daa99f23eec8a5e105636d0b04136f8be580fdc39d6f1f97d,
06_tmem_dependency,tmem_fp16_m128n64k16_c128_partial_in1_rd1,1,,NVIDIA Thor,11.0,580.00,13.0,PTX ISA 9.3 / CUDA 13.0,1575.000,,,,fp16,128,64,16,32,128,5,4,discard,same,1,1,32,1,nocount,sw128,sw128,16,16,16,0,128,0,32,partial,1,none,0,4,20,3182170.0,2020.425396825397,,,,,6144,,10.628868808391758,,,0,0.0,1,bf14b28d2af4128daa99f23eec8a5e105636d0b04136f8be580fdc39d6f1f97d,
06_tmem_dependency,tmem_bf16_m128n128k16_c256_partial_in0_rd2,1,,NVIDIA Thor,11.0,580.00,13.0,PTX ISA 9.3 / CUDA 13.0,1575.000,,,,bf16,128,128,16,32,128,6,0,discard,same,1,2,32,1,nocount,sw128,sw128,16,16,16,0,256,0,64,partial,0,none,0,4,20,3678998.0,2335.871746031746,,,,,8192,,18.38699964283753,,,0,0.0,1,bf14b28d2af4128daa99f23eec8a5e105636d0b04136f8be580fdc39d6f1f97d,; UTCHMMA=21;UTCHMMA_WS=16;UTCBAR=1;UTCATOMSWS=3;SYNCS_TRYWAIT=8;LDS=21;LDG=9;ptx_tcgen05_mma=21;ptx_tcgen05_mma_ws=16;ptx_tcgen05_commit=1;ptx_tcgen05_alloc=1;ptx_tcgen05_dealloc=1;ptx_tcgen05_ld=5;ptx_tcgen05_st=5;ptx_mbarrier_wait=5;ptx_cp_async_tma=2;ptx_ld_shared=26;ptx_ld_global=7
06_tmem_dependency,tmem_bf16_m128n128k16_c256_partial_in0_rd2,1,,NVIDIA Thor,11.0,580.00,13.0,PTX ISA 9.3 / CUDA 13.0,1575.000,,,,bf16,128,128,16,32,128,6,1,discard,same,1,2,32,1,nocount,sw128,sw128,16,16,16,0,256,0,64,partial,0,none,0,4,20,3678996.0,2335.8704761904764,,,,,8192,,18.387009638499197,,,0,0.0,1,bf14b28d2af4128daa99f23eec8a5e105636d0b04136f8be580fdc39d6f1f97d,
06_tmem_dependency,tmem_bf16_m128n128k16_c256_partial_in0_rd2,1,,NVIDIA Thor,11.0,580.00,13.0,PTX ISA 9.3 / CUDA 13.0,1575.000,,,,bf16,128,128,16,32,128,6,2,discard,same,1,2,32,1,nocount,sw128,sw128,16,16,16,0,256,0,64,partial,0,none,0,4,20,3678994.0,2335.8692063492063,,,,,8192,,18.387019634171736,,,0,0.0,1,bf14b28d2af4128daa99f23eec8a5e105636d0b04136f8be580fdc39d6f1f97d,
06_tmem_dependency,tmem_bf16_m128n128k16_c256_partial_in0_rd2,1,,NVIDIA Thor,11.0,580.00,13.0,PTX ISA 9.3 / CUDA 13.0,1575.000,,,,bf16,128,128,16,32,128,6,3,discard,same,1,2,32,1,nocount,sw128,sw128,16,16,16,0,256,0,64,partial,0,none,0,4,20,3678956.0,2335.845079365079,,,,,8192,,18.38720955401478,,,0,0.0,1,bf14b28d2af4128daa99f23eec8a5e105636d0b04136f8be580fdc39d6f1f97d,
06_tmem_dependency,tmem_bf16_m128n128k16_c256_partial_in0_rd2,1,,NVIDIA Thor,11.0,580.00,13.0,PTX ISA 9.3 / CUDA 13.0,1575.000,,,,bf16,128,128,16,32,128,6,4,discard,same,1,2,32,1,nocount,sw128,sw128,16,16,16,0,256,0,64,partial,0,none,0,4,20,3678964.0,2335.850158730159,,,,,8192,,18.387169570563888,,,0,0.0,1,bf14b28d2af4128daa99f23eec8a5e105636d0b04136f8be580fdc39d6f1f97d,
06_tmem_dependency,tmem_fp16_m128n128k16_c512_full_in1_rd4,1,,NVIDIA Thor,11.0,580.00,13.0,PTX ISA 9.3 / CUDA 13.0,1575.000,,,,fp16,128,128,16,32,128,7,0,discard,same,1,1,32,1,nocount,sw128,sw128,16,16,16,0,512,0,0,full,1,none,0,4,20,3181153.0,2019.7796825396824,,,,,8192,,21.264533617842336,,,0,0.0,1,bf14b28d2af4128daa99f23eec8a5e105636d0b04136f8be580fdc39d6f1f97d,; UTCHMMA=21;UTCHMMA_WS=16;UTCBAR=1;UTCATOMSWS=3;SYNCS_TRYWAIT=8;LDS=21;LDG=9;ptx_tcgen05_mma=21;ptx_tcgen05_mma_ws=16;ptx_tcgen05_commit=1;ptx_tcgen05_alloc=1;ptx_tcgen05_dealloc=1;ptx_tcgen05_ld=5;ptx_tcgen05_st=5;ptx_mbarrier_wait=5;ptx_cp_async_tma=2;ptx_ld_shared=26;ptx_ld_global=7
06_tmem_dependency,tmem_fp16_m128n128k16_c512_full_in1_rd4,1,,NVIDIA Thor,11.0,580.00,13.0,PTX ISA 9.3 / CUDA 13.0,1575.000,,,,fp16,128,128,16,32,128,7,1,discard,same,1,1,32,1,nocount,sw128,sw128,16,16,16,0,512,0,0,full,1,none,0,4,20,3181151.0,2019.7784126984127,,,,,8192,,21.264546986923918,,,0,0.0,1,bf14b28d2af4128daa99f23eec8a5e105636d0b04136f8be580fdc39d6f1f97d,
06_tmem_dependency,tmem_fp16_m128n128k16_c512_full_in1_rd4,1,,NVIDIA Thor,11.0,580.00,13.0,PTX ISA 9.3 / CUDA 13.0,1575.000,,,,fp16,128,128,16,32,128,7,2,discard,same,1,1,32,1,nocount,sw128,sw128,16,16,16,0,512,0,0,full,1,none,0,4,20,3181151.0,2019.7784126984127,,,,,8192,,21.264546986923918,,,0,0.0,1,bf14b28d2af4128daa99f23eec8a5e105636d0b04136f8be580fdc39d6f1f97d,
06_tmem_dependency,tmem_fp16_m128n128k16_c512_full_in1_rd4,1,,NVIDIA Thor,11.0,580.00,13.0,PTX ISA 9.3 / CUDA 13.0,1575.000,,,,fp16,128,128,16,32,128,7,3,discard,same,1,1,32,1,nocount,sw128,sw128,16,16,16,0,512,0,0,full,1,none,0,4,20,3181521.0,2020.0133333333333,,,,,8192,,21.26207399291094,,,0,0.0,1,bf14b28d2af4128daa99f23eec8a5e105636d0b04136f8be580fdc39d6f1f97d,
06_tmem_dependency,tmem_fp16_m128n128k16_c512_full_in1_rd4,1,,NVIDIA Thor,11.0,580.00,13.0,PTX ISA 9.3 / CUDA 13.0,1575.000,,,,fp16,128,128,16,32,128,7,4,discard,same,1,1,32,1,nocount,sw128,sw128,16,16,16,0,512,0,0,full,1,none,0,4,20,3181150.0,2019.7777777777778,,,,,8192,,21.264553671471006,,,0,0.0,1,bf14b28d2af4128daa99f23eec8a5e105636d0b04136f8be580fdc39d6f1f97d,
06_tmem_dependency,tmem_bf16_m128n64k16_c256_none_in1_rd1,1,,NVIDIA Thor,11.0,580.00,13.0,PTX ISA 9.3 / CUDA 13.0,1575.000,,,,bf16,128,64,16,32,128,8,0,discard,same,4,1,32,1,nocount,sw128,sw128,16,16,16,0,256,0,64,none,1,none,0,4,20,3182153.0,2020.4146031746031,,,,,6144,,10.628925590944243,,,0,0.0,1,bf14b28d2af4128daa99f23eec8a5e105636d0b04136f8be580fdc39d6f1f97d,; UTCHMMA=21;UTCHMMA_WS=16;UTCBAR=1;UTCATOMSWS=3;SYNCS_TRYWAIT=8;LDS=21;LDG=9;ptx_tcgen05_mma=21;ptx_tcgen05_mma_ws=16;ptx_tcgen05_commit=1;ptx_tcgen05_alloc=1;ptx_tcgen05_dealloc=1;ptx_tcgen05_ld=5;ptx_tcgen05_st=5;ptx_mbarrier_wait=5;ptx_cp_async_tma=2;ptx_ld_shared=26;ptx_ld_global=7
06_tmem_dependency,tmem_bf16_m128n64k16_c256_none_in1_rd1,1,,NVIDIA Thor,11.0,580.00,13.0,PTX ISA 9.3 / CUDA 13.0,1575.000,,,,bf16,128,64,16,32,128,8,1,discard,same,4,1,32,1,nocount,sw128,sw128,16,16,16,0,256,0,64,none,1,none,0,4,20,3182167.0,2020.423492063492,,,,,6144,,10.628878828798113,,,0,0.0,1,bf14b28d2af4128daa99f23eec8a5e105636d0b04136f8be580fdc39d6f1f97d,
06_tmem_dependency,tmem_bf16_m128n64k16_c256_none_in1_rd1,1,,NVIDIA Thor,11.0,580.00,13.0,PTX ISA 9.3 / CUDA 13.0,1575.000,,,,bf16,128,64,16,32,128,8,2,discard,same,4,1,32,1,nocount,sw128,sw128,16,16,16,0,256,0,64,none,1,none,0,4,20,3182168.0,2020.424126984127,,,,,6144,,10.62887548866056,,,0,0.0,1,bf14b28d2af4128daa99f23eec8a5e105636d0b04136f8be580fdc39d6f1f97d,
06_tmem_dependency,tmem_bf16_m128n64k16_c256_none_in1_rd1,1,,NVIDIA Thor,11.0,580.00,13.0,PTX ISA 9.3 / CUDA 13.0,1575.000,,,,bf16,128,64,16,32,128,8,3,discard,same,4,1,32,1,nocount,sw128,sw128,16,16,16,0,256,0,64,none,1,none,0,4,20,3182166.0,2020.422857142857,,,,,6144,,10.628882168937762,,,0,0.0,1,bf14b28d2af4128daa99f23eec8a5e105636d0b04136f8be580fdc39d6f1f97d,
06_tmem_dependency,tmem_bf16_m128n64k16_c256_none_in1_rd1,1,,NVIDIA Thor,11.0,580.00,13.0,PTX ISA 9.3 / CUDA 13.0,1575.000,,,,bf16,128,64,16,32,128,8,4,discard,same,4,1,32,1,nocount,sw128,sw128,16,16,16,0,256,0,64,none,1,none,0,4,20,3182173.0,2020.4273015873016,,,,,6144,,10.628858788004298,,,0,0.0,1,bf14b28d2af4128daa99f23eec8a5e105636d0b04136f8be580fdc39d6f1f97d,
06_tmem_dependency,tmem_bf16_m128n128k16_c512_none_in1_rd4,1,,NVIDIA Thor,11.0,580.00,13.0,PTX ISA 9.3 / CUDA 13.0,1575.000,,,,bf16,128,128,16,32,128,9,0,discard,same,4,4,32,1,nocount,sw128,sw128,16,16,16,0,512,0,128,none,1,none,0,4,20,3678988.0,2335.8653968253966,,,,,8192,,18.387049621254544,,,0,0.0,1,bf14b28d2af4128daa99f23eec8a5e105636d0b04136f8be580fdc39d6f1f97d,; UTCHMMA=21;UTCHMMA_WS=16;UTCBAR=1;UTCATOMSWS=3;SYNCS_TRYWAIT=8;LDS=21;LDG=9;ptx_tcgen05_mma=21;ptx_tcgen05_mma_ws=16;ptx_tcgen05_commit=1;ptx_tcgen05_alloc=1;ptx_tcgen05_dealloc=1;ptx_tcgen05_ld=5;ptx_tcgen05_st=5;ptx_mbarrier_wait=5;ptx_cp_async_tma=2;ptx_ld_shared=26;ptx_ld_global=7
06_tmem_dependency,tmem_bf16_m128n128k16_c512_none_in1_rd4,1,,NVIDIA Thor,11.0,580.00,13.0,PTX ISA 9.3 / CUDA 13.0,1575.000,,,,bf16,128,128,16,32,128,9,1,discard,same,4,4,32,1,nocount,sw128,sw128,16,16,16,0,512,0,128,none,1,none,0,4,20,3678996.0,2335.8704761904764,,,,,8192,,18.387009638499197,,,0,0.0,1,bf14b28d2af4128daa99f23eec8a5e105636d0b04136f8be580fdc39d6f1f97d,
06_tmem_dependency,tmem_bf16_m128n128k16_c512_none_in1_rd4,1,,NVIDIA Thor,11.0,580.00,13.0,PTX ISA 9.3 / CUDA 13.0,1575.000,,,,bf16,128,128,16,32,128,9,2,discard,same,4,4,32,1,nocount,sw128,sw128,16,16,16,0,512,0,128,none,1,none,0,4,20,3679001.0,2335.873650793651,,,,,8192,,18.386984649365413,,,0,0.0,1,bf14b28d2af4128daa99f23eec8a5e105636d0b04136f8be580fdc39d6f1f97d,
06_tmem_dependency,tmem_bf16_m128n128k16_c512_none_in1_rd4,1,,NVIDIA Thor,11.0,580.00,13.0,PTX ISA 9.3 / CUDA 13.0,1575.000,,,,bf16,128,128,16,32,128,9,3,discard,same,4,4,32,1,nocount,sw128,sw128,16,16,16,0,512,0,128,none,1,none,0,4,20,3678996.0,2335.8704761904764,,,,,8192,,18.387009638499197,,,0,0.0,1,bf14b28d2af4128daa99f23eec8a5e105636d0b04136f8be580fdc39d6f1f97d,
06_tmem_dependency,tmem_bf16_m128n128k16_c512_none_in1_rd4,1,,NVIDIA Thor,11.0,580.00,13.0,PTX ISA 9.3 / CUDA 13.0,1575.000,,,,bf16,128,128,16,32,128,9,4,discard,same,4,4,32,1,nocount,sw128,sw128,16,16,16,0,512,0,128,none,1,none,0,4,20,3678993.0,2335.8685714285716,,,,,8192,,18.387024632012075,,,0,0.0,1,bf14b28d2af4128daa99f23eec8a5e105636d0b04136f8be580fdc39d6f1f97d,
06_tmem_dependency,tmem_bf16_m128n128k16_c512_partial_in1_rd1,1,,NVIDIA Thor,11.0,580.00,13.0,PTX ISA 9.3 / CUDA 13.0,1575.000,,,,bf16,128,128,16,32,128,10,0,discard,same,1,1,32,1,nocount,sw128,sw128,16,16,16,0,512,0,64,partial,1,none,0,4,20,3181154.0,2019.7803174603173,,,,,8192,,21.264526933307852,,,0,0.0,1,bf14b28d2af4128daa99f23eec8a5e105636d0b04136f8be580fdc39d6f1f97d,; UTCHMMA=21;UTCHMMA_WS=16;UTCBAR=1;UTCATOMSWS=3;SYNCS_TRYWAIT=8;LDS=21;LDG=9;ptx_tcgen05_mma=21;ptx_tcgen05_mma_ws=16;ptx_tcgen05_commit=1;ptx_tcgen05_alloc=1;ptx_tcgen05_dealloc=1;ptx_tcgen05_ld=5;ptx_tcgen05_st=5;ptx_mbarrier_wait=5;ptx_cp_async_tma=2;ptx_ld_shared=26;ptx_ld_global=7
06_tmem_dependency,tmem_bf16_m128n128k16_c512_partial_in1_rd1,1,,NVIDIA Thor,11.0,580.00,13.0,PTX ISA 9.3 / CUDA 13.0,1575.000,,,,bf16,128,128,16,32,128,10,1,discard,same,1,1,32,1,nocount,sw128,sw128,16,16,16,0,512,0,64,partial,1,none,0,4,20,3181523.0,2020.0146031746033,,,,,8192,,21.262060626938734,,,0,0.0,1,bf14b28d2af4128daa99f23eec8a5e105636d0b04136f8be580fdc39d6f1f97d,
06_tmem_dependency,tmem_bf16_m128n128k16_c512_partial_in1_rd1,1,,NVIDIA Thor,11.0,580.00,13.0,PTX ISA 9.3 / CUDA 13.0,1575.000,,,,bf16,128,128,16,32,128,10,2,discard,same,1,1,32,1,nocount,sw128,sw128,16,16,16,0,512,0,64,partial,1,none,0,4,20,3181148.0,2019.776507936508,,,,,8192,,21.264567040577806,,,0,0.0,1,bf14b28d2af4128daa99f23eec8a5e105636d0b04136f8be580fdc39d6f1f97d,
06_tmem_dependency,tmem_bf16_m128n128k16_c512_partial_in1_rd1,1,,NVIDIA Thor,11.0,580.00,13.0,PTX ISA 9.3 / CUDA 13.0,1575.000,,,,bf16,128,128,16,32,128,10,3,discard,same,1,1,32,1,nocount,sw128,sw128,16,16,16,0,512,0,64,partial,1,none,0,4,20,3181156.0,2019.7815873015873,,,,,8192,,21.264513564251487,,,0,0.0,1,bf14b28d2af4128daa99f23eec8a5e105636d0b04136f8be580fdc39d6f1f97d,
06_tmem_dependency,tmem_bf16_m128n128k16_c512_partial_in1_rd1,1,,NVIDIA Thor,11.0,580.00,13.0,PTX ISA 9.3 / CUDA 13.0,1575.000,,,,bf16,128,128,16,32,128,10,4,discard,same,1,1,32,1,nocount,sw128,sw128,16,16,16,0,512,0,64,partial,1,none,0,4,20,3181521.0,2020.0133333333333,,,,,8192,,21.26207399291094,,,0,0.0,1,bf14b28d2af4128daa99f23eec8a5e105636d0b04136f8be580fdc39d6f1f97d,
06_tmem_dependency,tmem_fp16_m128n64k16_c256_full_in1_rd1,1,,NVIDIA Thor,11.0,580.00,13.0,PTX ISA 9.3 / CUDA 13.0,1575.000,,,,fp16,128,64,16,32,128,11,0,discard,same,1,1,32,1,nocount,sw128,sw128,16,16,16,0,256,0,0,full,1,none,0,4,20,3182173.0,2020.4273015873016,,,,,6144,,10.628858788004298,,,0,0.0,1,bf14b28d2af4128daa99f23eec8a5e105636d0b04136f8be580fdc39d6f1f97d,; UTCHMMA=21;UTCHMMA_WS=16;UTCBAR=1;UTCATOMSWS=3;SYNCS_TRYWAIT=8;LDS=21;LDG=9;ptx_tcgen05_mma=21;ptx_tcgen05_mma_ws=16;ptx_tcgen05_commit=1;ptx_tcgen05_alloc=1;ptx_tcgen05_dealloc=1;ptx_tcgen05_ld=5;ptx_tcgen05_st=5;ptx_mbarrier_wait=5;ptx_cp_async_tma=2;ptx_ld_shared=26;ptx_ld_global=7
06_tmem_dependency,tmem_fp16_m128n64k16_c256_full_in1_rd1,1,,NVIDIA Thor,11.0,580.00,13.0,PTX ISA 9.3 / CUDA 13.0,1575.000,,,,fp16,128,64,16,32,128,11,1,discard,same,1,1,32,1,nocount,sw128,sw128,16,16,16,0,256,0,0,full,1,none,0,4,20,3182158.0,2020.417777777778,,,,,6144,,10.628908890130534,,,0,0.0,1,bf14b28d2af4128daa99f23eec8a5e105636d0b04136f8be580fdc39d6f1f97d,
06_tmem_dependency,tmem_fp16_m128n64k16_c256_full_in1_rd1,1,,NVIDIA Thor,11.0,580.00,13.0,PTX ISA 9.3 / CUDA 13.0,1575.000,,,,fp16,128,64,16,32,128,11,2,discard,same,1,1,32,1,nocount,sw128,sw128,16,16,16,0,256,0,0,full,1,none,0,4,20,3182167.0,2020.423492063492,,,,,6144,,10.628878828798113,,,0,0.0,1,bf14b28d2af4128daa99f23eec8a5e105636d0b04136f8be580fdc39d6f1f97d,
06_tmem_dependency,tmem_fp16_m128n64k16_c256_full_in1_rd1,1,,NVIDIA Thor,11.0,580.00,13.0,PTX ISA 9.3 / CUDA 13.0,1575.000,,,,fp16,128,64,16,32,128,11,3,discard,same,1,1,32,1,nocount,sw128,sw128,16,16,16,0,256,0,0,full,1,none,0,4,20,3182167.0,2020.423492063492,,,,,6144,,10.628878828798113,,,0,0.0,1,bf14b28d2af4128daa99f23eec8a5e105636d0b04136f8be580fdc39d6f1f97d,
06_tmem_dependency,tmem_fp16_m128n64k16_c256_full_in1_rd1,1,,NVIDIA Thor,11.0,580.00,13.0,PTX ISA 9.3 / CUDA 13.0,1575.000,,,,fp16,128,64,16,32,128,11,4,discard,same,1,1,32,1,nocount,sw128,sw128,16,16,16,0,256,0,0,full,1,none,0,4,20,3182167.0,2020.423492063492,,,,,6144,,10.628878828798113,,,0,0.0,1,bf14b28d2af4128daa99f23eec8a5e105636d0b04136f8be580fdc39d6f1f97d,
06_tmem_dependency,tmem_fp16_m128n256k16_c512_none_in0_rd1,1,,NVIDIA Thor,11.0,580.00,13.0,PTX ISA 9.3 / CUDA 13.0,1575.000,,,,fp16,128,256,16,32,128,12,0,discard,same,2,1,32,1,nocount,sw128,sw128,16,16,16,0,512,0,256,none,0,none,0,4,20,3181542.0,2020.0266666666666,,,,,12288,,42.52386730208182,,,0,0.0,1,bf14b28d2af4128daa99f23eec8a5e105636d0b04136f8be580fdc39d6f1f97d,; UTCHMMA=21;UTCHMMA_WS=16;UTCBAR=1;UTCATOMSWS=3;SYNCS_TRYWAIT=8;LDS=21;LDG=9;ptx_tcgen05_mma=21;ptx_tcgen05_mma_ws=16;ptx_tcgen05_commit=1;ptx_tcgen05_alloc=1;ptx_tcgen05_dealloc=1;ptx_tcgen05_ld=5;ptx_tcgen05_st=5;ptx_mbarrier_wait=5;ptx_cp_async_tma=2;ptx_ld_shared=26;ptx_ld_global=7
06_tmem_dependency,tmem_fp16_m128n256k16_c512_none_in0_rd1,1,,NVIDIA Thor,11.0,580.00,13.0,PTX ISA 9.3 / CUDA 13.0,1575.000,,,,fp16,128,256,16,32,128,12,1,discard,same,2,1,32,1,nocount,sw128,sw128,16,16,16,0,512,0,256,none,0,none,0,4,20,3181548.0,2020.0304761904763,,,,,12288,,42.52378710740808,,,0,0.0,1,bf14b28d2af4128daa99f23eec8a5e105636d0b04136f8be580fdc39d6f1f97d,
06_tmem_dependency,tmem_fp16_m128n256k16_c512_none_in0_rd1,1,,NVIDIA Thor,11.0,580.00,13.0,PTX ISA 9.3 / CUDA 13.0,1575.000,,,,fp16,128,256,16,32,128,12,2,discard,same,2,1,32,1,nocount,sw128,sw128,16,16,16,0,512,0,256,none,0,none,0,4,20,3181545.0,2020.0285714285712,,,,,12288,,42.523827204707146,,,0,0.0,1,bf14b28d2af4128daa99f23eec8a5e105636d0b04136f8be580fdc39d6f1f97d,
06_tmem_dependency,tmem_fp16_m128n256k16_c512_none_in0_rd1,1,,NVIDIA Thor,11.0,580.00,13.0,PTX ISA 9.3 / CUDA 13.0,1575.000,,,,fp16,128,256,16,32,128,12,3,discard,same,2,1,32,1,nocount,sw128,sw128,16,16,16,0,512,0,256,none,0,none,0,4,20,3181796.0,2020.1879365079365,,,,,12288,,42.52047265883797,,,0,0.0,1,bf14b28d2af4128daa99f23eec8a5e105636d0b04136f8be580fdc39d6f1f97d,
06_tmem_dependency,tmem_fp16_m128n256k16_c512_none_in0_rd1,1,,NVIDIA Thor,11.0,580.00,13.0,PTX ISA 9.3 / CUDA 13.0,1575.000,,,,fp16,128,256,16,32,128,12,4,discard,same,2,1,32,1,nocount,sw128,sw128,16,16,16,0,512,0,256,none,0,none,0,4,20,3181788.0,2020.1828571428573,,,,,12288,,42.520579568469046,,,0,0.0,1,bf14b28d2af4128daa99f23eec8a5e105636d0b04136f8be580fdc39d6f1f97d,
06_tmem_dependency,tmem_bf16_m128n128k16_c512_partial_in0_rd1,1,,NVIDIA Thor,11.0,580.00,13.0,PTX ISA 9.3 / CUDA 13.0,1575.000,,,,bf16,128,128,16,32,128,13,0,discard,same,1,1,32,1,nocount,sw128,sw128,16,16,16,0,512,0,64,partial,0,none,0,4,20,3181520.0,2020.0126984126987,,,,,8192,,21.26208067590334,,,0,0.0,1,bf14b28d2af4128daa99f23eec8a5e105636d0b04136f8be580fdc39d6f1f97d,; UTCHMMA=21;UTCHMMA_WS=16;UTCBAR=1;UTCATOMSWS=3;SYNCS_TRYWAIT=8;LDS=21;LDG=9;ptx_tcgen05_mma=21;ptx_tcgen05_mma_ws=16;ptx_tcgen05_commit=1;ptx_tcgen05_alloc=1;ptx_tcgen05_dealloc=1;ptx_tcgen05_ld=5;ptx_tcgen05_st=5;ptx_mbarrier_wait=5;ptx_cp_async_tma=2;ptx_ld_shared=26;ptx_ld_global=7
06_tmem_dependency,tmem_bf16_m128n128k16_c512_partial_in0_rd1,1,,NVIDIA Thor,11.0,580.00,13.0,PTX ISA 9.3 / CUDA 13.0,1575.000,,,,bf16,128,128,16,32,128,13,1,discard,same,1,1,32,1,nocount,sw128,sw128,16,16,16,0,512,0,64,partial,0,none,0,4,20,3181153.0,2019.7796825396824,,,,,8192,,21.264533617842336,,,0,0.0,1,bf14b28d2af4128daa99f23eec8a5e105636d0b04136f8be580fdc39d6f1f97d,
06_tmem_dependency,tmem_bf16_m128n128k16_c512_partial_in0_rd1,1,,NVIDIA Thor,11.0,580.00,13.0,PTX ISA 9.3 / CUDA 13.0,1575.000,,,,bf16,128,128,16,32,128,13,2,discard,same,1,1,32,1,nocount,sw128,sw128,16,16,16,0,512,0,64,partial,0,none,0,4,20,3181149.0,2019.7771428571427,,,,,8192,,21.264560356022304,,,0,0.0,1,bf14b28d2af4128daa99f23eec8a5e105636d0b04136f8be580fdc39d6f1f97d,
06_tmem_dependency,tmem_bf16_m128n128k16_c512_partial_in0_rd1,1,,NVIDIA Thor,11.0,580.00,13.0,PTX ISA 9.3 / CUDA 13.0,1575.000,,,,bf16,128,128,16,32,128,13,3,discard,same,1,1,32,1,nocount,sw128,sw128,16,16,16,0,512,0,64,partial,0,none,0,4,20,3181147.0,2019.7758730158728,,,,,8192,,21.26457372513751,,,0,0.0,1,bf14b28d2af4128daa99f23eec8a5e105636d0b04136f8be580fdc39d6f1f97d,
06_tmem_dependency,tmem_bf16_m128n128k16_c512_partial_in0_rd1,1,,NVIDIA Thor,11.0,580.00,13.0,PTX ISA 9.3 / CUDA 13.0,1575.000,,,,bf16,128,128,16,32,128,13,4,discard,same,1,1,32,1,nocount,sw128,sw128,16,16,16,0,512,0,64,partial,0,none,0,4,20,3181158.0,2019.782857142857,,,,,8192,,21.264500195211934,,,0,0.0,1,bf14b28d2af4128daa99f23eec8a5e105636d0b04136f8be580fdc39d6f1f97d,
06_tmem_dependency,tmem_fp16_m128n128k16_c512_partial_in0_rd4,1,,NVIDIA Thor,11.0,580.00,13.0,PTX ISA 9.3 / CUDA 13.0,1575.000,,,,fp16,128,128,16,32,128,14,0,discard,same,1,4,32,1,nocount,sw128,sw128,16,16,16,0,512,0,64,partial,0,none,0,4,20,3678999.0,2335.872380952381,,,,,8192,,18.386994645010777,,,0,0.0,1,bf14b28d2af4128daa99f23eec8a5e105636d0b04136f8be580fdc39d6f1f97d,; UTCHMMA=21;UTCHMMA_WS=16;UTCBAR=1;UTCATOMSWS=3;SYNCS_TRYWAIT=8;LDS=21;LDG=9;ptx_tcgen05_mma=21;ptx_tcgen05_mma_ws=16;ptx_tcgen05_commit=1;ptx_tcgen05_alloc=1;ptx_tcgen05_dealloc=1;ptx_tcgen05_ld=5;ptx_tcgen05_st=5;ptx_mbarrier_wait=5;ptx_cp_async_tma=2;ptx_ld_shared=26;ptx_ld_global=7
06_tmem_dependency,tmem_fp16_m128n128k16_c512_partial_in0_rd4,1,,NVIDIA Thor,11.0,580.00,13.0,PTX ISA 9.3 / CUDA 13.0,1575.000,,,,fp16,128,128,16,32,128,14,1,discard,same,1,4,32,1,nocount,sw128,sw128,16,16,16,0,512,0,64,partial,0,none,0,4,20,3678994.0,2335.8692063492063,,,,,8192,,18.387019634171736,,,0,0.0,1,bf14b28d2af4128daa99f23eec8a5e105636d0b04136f8be580fdc39d6f1f97d,
06_tmem_dependency,tmem_fp16_m128n128k16_c512_partial_in0_rd4,1,,NVIDIA Thor,11.0,580.00,13.0,PTX ISA 9.3 / CUDA 13.0,1575.000,,,,fp16,128,128,16,32,128,14,2,discard,same,1,4,32,1,nocount,sw128,sw128,16,16,16,0,512,0,64,partial,0,none,0,4,20,3678962.0,2335.8488888888887,,,,,8192,,18.387179566410307,,,0,0.0,1,bf14b28d2af4128daa99f23eec8a5e105636d0b04136f8be580fdc39d6f1f97d,
06_tmem_dependency,tmem_fp16_m128n128k16_c512_partial_in0_rd4,1,,NVIDIA Thor,11.0,580.00,13.0,PTX ISA 9.3 / CUDA 13.0,1575.000,,,,fp16,128,128,16,32,128,14,3,discard,same,1,4,32,1,nocount,sw128,sw128,16,16,16,0,512,0,64,partial,0,none,0,4,20,3678991.0,2335.867301587302,,,,,8192,,18.38703462770091,,,0,0.0,1,bf14b28d2af4128daa99f23eec8a5e105636d0b04136f8be580fdc39d6f1f97d,
06_tmem_dependency,tmem_fp16_m128n128k16_c512_partial_in0_rd4,1,,NVIDIA Thor,11.0,580.00,13.0,PTX ISA 9.3 / CUDA 13.0,1575.000,,,,fp16,128,128,16,32,128,14,4,discard,same,1,4,32,1,nocount,sw128,sw128,16,16,16,0,512,0,64,partial,0,none,0,4,20,3678997.0,2335.871111111111,,,,,8192,,18.38700464066701,,,0,0.0,1,bf14b28d2af4128daa99f23eec8a5e105636d0b04136f8be580fdc39d6f1f97d,
06_tmem_dependency,tmem_bf16_m128n64k16_c256_full_in1_rd1,1,,NVIDIA Thor,11.0,580.00,13.0,PTX ISA 9.3 / CUDA 13.0,1575.000,,,,bf16,128,64,16,32,128,15,0,discard,same,1,1,32,1,nocount,sw128,sw128,16,16,16,0,256,0,0,full,1,none,0,4,20,3182167.0,2020.423492063492,,,,,6144,,10.628878828798113,,,0,0.0,1,bf14b28d2af4128daa99f23eec8a5e105636d0b04136f8be580fdc39d6f1f97d,; UTCHMMA=21;UTCHMMA_WS=16;UTCBAR=1;UTCATOMSWS=3;SYNCS_TRYWAIT=8;LDS=21;LDG=9;ptx_tcgen05_mma=21;ptx_tcgen05_mma_ws=16;ptx_tcgen05_commit=1;ptx_tcgen05_alloc=1;ptx_tcgen05_dealloc=1;ptx_tcgen05_ld=5;ptx_tcgen05_st=5;ptx_mbarrier_wait=5;ptx_cp_async_tma=2;ptx_ld_shared=26;ptx_ld_global=7
06_tmem_dependency,tmem_bf16_m128n64k16_c256_full_in1_rd1,1,,NVIDIA Thor,11.0,580.00,13.0,PTX ISA 9.3 / CUDA 13.0,1575.000,,,,bf16,128,64,16,32,128,15,1,discard,same,1,1,32,1,nocount,sw128,sw128,16,16,16,0,256,0,0,full,1,none,0,4,20,3182160.0,2020.4190476190474,,,,,6144,,10.628902209819746,,,0,0.0,1,bf14b28d2af4128daa99f23eec8a5e105636d0b04136f8be580fdc39d6f1f97d,
06_tmem_dependency,tmem_bf16_m128n64k16_c256_full_in1_rd1,1,,NVIDIA Thor,11.0,580.00,13.0,PTX ISA 9.3 / CUDA 13.0,1575.000,,,,bf16,128,64,16,32,128,15,2,discard,same,1,1,32,1,nocount,sw128,sw128,16,16,16,0,256,0,0,full,1,none,0,4,20,3182173.0,2020.4273015873016,,,,,6144,,10.628858788004298,,,0,0.0,1,bf14b28d2af4128daa99f23eec8a5e105636d0b04136f8be580fdc39d6f1f97d,
06_tmem_dependency,tmem_bf16_m128n64k16_c256_full_in1_rd1,1,,NVIDIA Thor,11.0,580.00,13.0,PTX ISA 9.3 / CUDA 13.0,1575.000,,,,bf16,128,64,16,32,128,15,3,discard,same,1,1,32,1,nocount,sw128,sw128,16,16,16,0,256,0,0,full,1,none,0,4,20,3182157.0,2020.4171428571428,,,,,6144,,10.628912230289078,,,0,0.0,1,bf14b28d2af4128daa99f23eec8a5e105636d0b04136f8be580fdc39d6f1f97d,
06_tmem_dependency,tmem_bf16_m128n64k16_c256_full_in1_rd1,1,,NVIDIA Thor,11.0,580.00,13.0,PTX ISA 9.3 / CUDA 13.0,1575.000,,,,bf16,128,64,16,32,128,15,4,discard,same,1,1,32,1,nocount,sw128,sw128,16,16,16,0,256,0,0,full,1,none,0,4,20,3182157.0,2020.4171428571428,,,,,6144,,10.628912230289078,,,0,0.0,1,bf14b28d2af4128daa99f23eec8a5e105636d0b04136f8be580fdc39d6f1f97d,
06_tmem_dependency,tmem_bf16_m128n128k16_c256_partial_in1_rd2,1,,NVIDIA Thor,11.0,580.00,13.0,PTX ISA 9.3 / CUDA 13.0,1575.000,,,,bf16,128,128,16,32,128,16,0,discard,same,1,2,32,1,nocount,sw128,sw128,16,16,16,0,256,0,64,partial,1,none,0,4,20,3678964.0,2335.850158730159,,,,,8192,,18.387169570563888,,,0,0.0,1,bf14b28d2af4128daa99f23eec8a5e105636d0b04136f8be580fdc39d6f1f97d,; UTCHMMA=21;UTCHMMA_WS=16;UTCBAR=1;UTCATOMSWS=3;SYNCS_TRYWAIT=8;LDS=21;LDG=9;ptx_tcgen05_mma=21;ptx_tcgen05_mma_ws=16;ptx_tcgen05_commit=1;ptx_tcgen05_alloc=1;ptx_tcgen05_dealloc=1;ptx_tcgen05_ld=5;ptx_tcgen05_st=5;ptx_mbarrier_wait=5;ptx_cp_async_tma=2;ptx_ld_shared=26;ptx_ld_global=7
06_tmem_dependency,tmem_bf16_m128n128k16_c256_partial_in1_rd2,1,,NVIDIA Thor,11.0,580.00,13.0,PTX ISA 9.3 / CUDA 13.0,1575.000,,,,bf16,128,128,16,32,128,16,1,discard,same,1,2,32,1,nocount,sw128,sw128,16,16,16,0,256,0,64,partial,1,none,0,4,20,3678992.0,2335.8679365079365,,,,,8192,,18.38702962985513,,,0,0.0,1,bf14b28d2af4128daa99f23eec8a5e105636d0b04136f8be580fdc39d6f1f97d,
06_tmem_dependency,tmem_bf16_m128n128k16_c256_partial_in1_rd2,1,,NVIDIA Thor,11.0,580.00,13.0,PTX ISA 9.3 / CUDA 13.0,1575.000,,,,bf16,128,128,16,32,128,16,2,discard,same,1,2,32,1,nocount,sw128,sw128,16,16,16,0,256,0,64,partial,1,none,0,4,20,3678999.0,2335.872380952381,,,,,8192,,18.386994645010777,,,0,0.0,1,bf14b28d2af4128daa99f23eec8a5e105636d0b04136f8be580fdc39d6f1f97d,
06_tmem_dependency,tmem_bf16_m128n128k16_c256_partial_in1_rd2,1,,NVIDIA Thor,11.0,580.00,13.0,PTX ISA 9.3 / CUDA 13.0,1575.000,,,,bf16,128,128,16,32,128,16,3,discard,same,1,2,32,1,nocount,sw128,sw128,16,16,16,0,256,0,64,partial,1,none,0,4,20,3678985.0,2335.8634920634922,,,,,8192,,18.387064614832624,,,0,0.0,1,bf14b28d2af4128daa99f23eec8a5e105636d0b04136f8be580fdc39d6f1f97d,
06_tmem_dependency,tmem_bf16_m128n128k16_c256_partial_in1_rd2,1,,NVIDIA Thor,11.0,580.00,13.0,PTX ISA 9.3 / CUDA 13.0,1575.000,,,,bf16,128,128,16,32,128,16,4,discard,same,1,2,32,1,nocount,sw128,sw128,16,16,16,0,256,0,64,partial,1,none,0,4,20,3678992.0,2335.8679365079365,,,,,8192,,18.38702962985513,,,0,0.0,1,bf14b28d2af4128daa99f23eec8a5e105636d0b04136f8be580fdc39d6f1f97d,
06_tmem_dependency,tmem_bf16_m128n128k16_c512_full_in1_rd1,1,,NVIDIA Thor,11.0,580.00,13.0,PTX ISA 9.3 / CUDA 13.0,1575.000,,,,bf16,128,128,16,32,128,17,0,discard,same,1,1,32,1,nocount,sw128,sw128,16,16,16,0,512,0,0,full,1,none,0,4,20,3181521.0,2020.0133333333333,,,,,8192,,21.26207399291094,,,0,0.0,1,bf14b28d2af4128daa99f23eec8a5e105636d0b04136f8be580fdc39d6f1f97d,; UTCHMMA=21;UTCHMMA_WS=16;UTCBAR=1;UTCATOMSWS=3;SYNCS_TRYWAIT=8;LDS=21;LDG=9;ptx_tcgen05_mma=21;ptx_tcgen05_mma_ws=16;ptx_tcgen05_commit=1;ptx_tcgen05_alloc=1;ptx_tcgen05_dealloc=1;ptx_tcgen05_ld=5;ptx_tcgen05_st=5;ptx_mbarrier_wait=5;ptx_cp_async_tma=2;ptx_ld_shared=26;ptx_ld_global=7
06_tmem_dependency,tmem_bf16_m128n128k16_c512_full_in1_rd1,1,,NVIDIA Thor,11.0,580.00,13.0,PTX ISA 9.3 / CUDA 13.0,1575.000,,,,bf16,128,128,16,32,128,17,1,discard,same,1,1,32,1,nocount,sw128,sw128,16,16,16,0,512,0,0,full,1,none,0,4,20,3181523.0,2020.0146031746033,,,,,8192,,21.262060626938734,,,0,0.0,1,bf14b28d2af4128daa99f23eec8a5e105636d0b04136f8be580fdc39d6f1f97d,
06_tmem_dependency,tmem_bf16_m128n128k16_c512_full_in1_rd1,1,,NVIDIA Thor,11.0,580.00,13.0,PTX ISA 9.3 / CUDA 13.0,1575.000,,,,bf16,128,128,16,32,128,17,2,discard,same,1,1,32,1,nocount,sw128,sw128,16,16,16,0,512,0,0,full,1,none,0,4,20,3181523.0,2020.0146031746033,,,,,8192,,21.262060626938734,,,0,0.0,1,bf14b28d2af4128daa99f23eec8a5e105636d0b04136f8be580fdc39d6f1f97d,
06_tmem_dependency,tmem_bf16_m128n128k16_c512_full_in1_rd1,1,,NVIDIA Thor,11.0,580.00,13.0,PTX ISA 9.3 / CUDA 13.0,1575.000,,,,bf16,128,128,16,32,128,17,3,discard,same,1,1,32,1,nocount,sw128,sw128,16,16,16,0,512,0,0,full,1,none,0,4,20,3181147.0,2019.7758730158728,,,,,8192,,21.26457372513751,,,0,0.0,1,bf14b28d2af4128daa99f23eec8a5e105636d0b04136f8be580fdc39d6f1f97d,
06_tmem_dependency,tmem_bf16_m128n128k16_c512_full_in1_rd1,1,,NVIDIA Thor,11.0,580.00,13.0,PTX ISA 9.3 / CUDA 13.0,1575.000,,,,bf16,128,128,16,32,128,17,4,discard,same,1,1,32,1,nocount,sw128,sw128,16,16,16,0,512,0,0,full,1,none,0,4,20,3181151.0,2019.7784126984127,,,,,8192,,21.264546986923918,,,0,0.0,1,bf14b28d2af4128daa99f23eec8a5e105636d0b04136f8be580fdc39d6f1f97d,
06_tmem_dependency,tmem_fp16_m128n64k16_c128_none_in1_rd2,1,,NVIDIA Thor,11.0,580.00,13.0,PTX ISA 9.3 / CUDA 13.0,1575.000,,,,fp16,128,64,16,32,128,18,0,discard,same,2,2,32,1,nocount,sw128,sw128,16,16,16,0,128,0,64,none,1,none,0,4,20,3678952.0,2335.84253968254,,,,,6144,,9.193614772902716,,,0,0.0,1,bf14b28d2af4128daa99f23eec8a5e105636d0b04136f8be580fdc39d6f1f97d,; UTCHMMA=21;UTCHMMA_WS=16;UTCBAR=1;UTCATOMSWS=3;SYNCS_TRYWAIT=8;LDS=21;LDG=9;ptx_tcgen05_mma=21;ptx_tcgen05_mma_ws=16;ptx_tcgen05_commit=1;ptx_tcgen05_alloc=1;ptx_tcgen05_dealloc=1;ptx_tcgen05_ld=5;ptx_tcgen05_st=5;ptx_mbarrier_wait=5;ptx_cp_async_tma=2;ptx_ld_shared=26;ptx_ld_global=7
06_tmem_dependency,tmem_fp16_m128n64k16_c128_none_in1_rd2,1,,NVIDIA Thor,11.0,580.00,13.0,PTX ISA 9.3 / CUDA 13.0,1575.000,,,,fp16,128,64,16,32,128,18,1,discard,same,2,2,32,1,nocount,sw128,sw128,16,16,16,0,128,0,64,none,1,none,0,4,20,3678956.0,2335.845079365079,,,,,6144,,9.19360477700739,,,0,0.0,1,bf14b28d2af4128daa99f23eec8a5e105636d0b04136f8be580fdc39d6f1f97d,
06_tmem_dependency,tmem_fp16_m128n64k16_c128_none_in1_rd2,1,,NVIDIA Thor,11.0,580.00,13.0,PTX ISA 9.3 / CUDA 13.0,1575.000,,,,fp16,128,64,16,32,128,18,2,discard,same,2,2,32,1,nocount,sw128,sw128,16,16,16,0,128,0,64,none,1,none,0,4,20,3678952.0,2335.84253968254,,,,,6144,,9.193614772902716,,,0,0.0,1,bf14b28d2af4128daa99f23eec8a5e105636d0b04136f8be580fdc39d6f1f97d,
06_tmem_dependency,tmem_fp16_m128n64k16_c128_none_in1_rd2,1,,NVIDIA Thor,11.0,580.00,13.0,PTX ISA 9.3 / CUDA 13.0,1575.000,,,,fp16,128,64,16,32,128,18,3,discard,same,2,2,32,1,nocount,sw128,sw128,16,16,16,0,128,0,64,none,1,none,0,4,20,3678962.0,2335.8488888888887,,,,,6144,,9.193589783205153,,,0,0.0,1,bf14b28d2af4128daa99f23eec8a5e105636d0b04136f8be580fdc39d6f1f97d,
06_tmem_dependency,tmem_fp16_m128n64k16_c128_none_in1_rd2,1,,NVIDIA Thor,11.0,580.00,13.0,PTX ISA 9.3 / CUDA 13.0,1575.000,,,,fp16,128,64,16,32,128,18,4,discard,same,2,2,32,1,nocount,sw128,sw128,16,16,16,0,128,0,64,none,1,none,0,4,20,3678954.0,2335.84380952381,,,,,6144,,9.193609774952336,,,0,0.0,1,bf14b28d2af4128daa99f23eec8a5e105636d0b04136f8be580fdc39d6f1f97d,
06_tmem_dependency,tmem_fp16_m128n64k16_c512_partial_in0_rd8,1,,NVIDIA Thor,11.0,580.00,13.0,PTX ISA 9.3 / CUDA 13.0,1575.000,,,,fp16,128,64,16,32,128,19,0,discard,same,1,8,32,1,nocount,sw128,sw128,16,16,16,0,512,0,32,partial,0,none,0,4,20,3678587.0,2335.6107936507938,,,,,6144,,9.194526989846915,,,0,0.0,1,bf14b28d2af4128daa99f23eec8a5e105636d0b04136f8be580fdc39d6f1f97d,; UTCHMMA=21;UTCHMMA_WS=16;UTCBAR=1;UTCATOMSWS=3;SYNCS_TRYWAIT=8;LDS=21;LDG=9;ptx_tcgen05_mma=21;ptx_tcgen05_mma_ws=16;ptx_tcgen05_commit=1;ptx_tcgen05_alloc=1;ptx_tcgen05_dealloc=1;ptx_tcgen05_ld=5;ptx_tcgen05_st=5;ptx_mbarrier_wait=5;ptx_cp_async_tma=2;ptx_ld_shared=26;ptx_ld_global=7
06_tmem_dependency,tmem_fp16_m128n64k16_c512_partial_in0_rd8,1,,NVIDIA Thor,11.0,580.00,13.0,PTX ISA 9.3 / CUDA 13.0,1575.000,,,,fp16,128,64,16,32,128,19,1,discard,same,1,8,32,1,nocount,sw128,sw128,16,16,16,0,512,0,32,partial,0,none,0,4,20,3678610.0,2335.625396825397,,,,,6144,,9.1944695023392,,,0,0.0,1,bf14b28d2af4128daa99f23eec8a5e105636d0b04136f8be580fdc39d6f1f97d,
06_tmem_dependency,tmem_fp16_m128n64k16_c512_partial_in0_rd8,1,,NVIDIA Thor,11.0,580.00,13.0,PTX ISA 9.3 / CUDA 13.0,1575.000,,,,fp16,128,64,16,32,128,19,2,discard,same,1,8,32,1,nocount,sw128,sw128,16,16,16,0,512,0,32,partial,0,none,0,4,20,3678580.0,2335.606349206349,,,,,6144,,9.194544486187606,,,0,0.0,1,bf14b28d2af4128daa99f23eec8a5e105636d0b04136f8be580fdc39d6f1f97d,
06_tmem_dependency,tmem_fp16_m128n64k16_c512_partial_in0_rd8,1,,NVIDIA Thor,11.0,580.00,13.0,PTX ISA 9.3 / CUDA 13.0,1575.000,,,,fp16,128,64,16,32,128,19,3,discard,same,1,8,32,1,nocount,sw128,sw128,16,16,16,0,512,0,32,partial,0,none,0,4,20,3678578.0,2335.6050793650793,,,,,6144,,9.194549485154319,,,0,0.0,1,bf14b28d2af4128daa99f23eec8a5e105636d0b04136f8be580fdc39d6f1f97d,
06_tmem_dependency,tmem_fp16_m128n64k16_c512_partial_in0_rd8,1,,NVIDIA Thor,11.0,580.00,13.0,PTX ISA 9.3 / CUDA 13.0,1575.000,,,,fp16,128,64,16,32,128,19,4,discard,same,1,8,32,1,nocount,sw128,sw128,16,16,16,0,512,0,32,partial,0,none,0,4,20,3678621.0,2335.632380952381,,,,,6144,,9.194442008567885,,,0,0.0,1,bf14b28d2af4128daa99f23eec8a5e105636d0b04136f8be580fdc39d6f1f97d,
06_tmem_dependency,tmem_bf16_m128n128k16_c512_full_in0_rd4,1,,NVIDIA Thor,11.0,580.00,13.0,PTX ISA 9.3 / CUDA 13.0,1575.000,,,,bf16,128,128,16,32,128,20,0,discard,same,1,1,32,1,nocount,sw128,sw128,16,16,16,0,512,0,0,full,0,none,0,4,20,3181149.0,2019.7771428571427,,,,,8192,,21.264560356022304,,,0,0.0,1,bf14b28d2af4128daa99f23eec8a5e105636d0b04136f8be580fdc39d6f1f97d,; UTCHMMA=21;UTCHMMA_WS=16;UTCBAR=1;UTCATOMSWS=3;SYNCS_TRYWAIT=8;LDS=21;LDG=9;ptx_tcgen05_mma=21;ptx_tcgen05_mma_ws=16;ptx_tcgen05_commit=1;ptx_tcgen05_alloc=1;ptx_tcgen05_dealloc=1;ptx_tcgen05_ld=5;ptx_tcgen05_st=5;ptx_mbarrier_wait=5;ptx_cp_async_tma=2;ptx_ld_shared=26;ptx_ld_global=7
06_tmem_dependency,tmem_bf16_m128n128k16_c512_full_in0_rd4,1,,NVIDIA Thor,11.0,580.00,13.0,PTX ISA 9.3 / CUDA 13.0,1575.000,,,,bf16,128,128,16,32,128,20,1,discard,same,1,1,32,1,nocount,sw128,sw128,16,16,16,0,512,0,0,full,0,none,0,4,20,3181144.0,2019.7739682539682,,,,,8192,,21.264593778841824,,,0,0.0,1,bf14b28d2af4128daa99f23eec8a5e105636d0b04136f8be580fdc39d6f1f97d,
06_tmem_dependency,tmem_bf16_m128n128k16_c512_full_in0_rd4,1,,NVIDIA Thor,11.0,580.00,13.0,PTX ISA 9.3 / CUDA 13.0,1575.000,,,,bf16,128,128,16,32,128,20,2,discard,same,1,1,32,1,nocount,sw128,sw128,16,16,16,0,512,0,0,full,0,none,0,4,20,3181154.0,2019.7803174603173,,,,,8192,,21.264526933307852,,,0,0.0,1,bf14b28d2af4128daa99f23eec8a5e105636d0b04136f8be580fdc39d6f1f97d,
06_tmem_dependency,tmem_bf16_m128n128k16_c512_full_in0_rd4,1,,NVIDIA Thor,11.0,580.00,13.0,PTX ISA 9.3 / CUDA 13.0,1575.000,,,,bf16,128,128,16,32,128,20,3,discard,same,1,1,32,1,nocount,sw128,sw128,16,16,16,0,512,0,0,full,0,none,0,4,20,3181149.0,2019.7771428571427,,,,,8192,,21.264560356022304,,,0,0.0,1,bf14b28d2af4128daa99f23eec8a5e105636d0b04136f8be580fdc39d6f1f97d,
06_tmem_dependency,tmem_bf16_m128n128k16_c512_full_in0_rd4,1,,NVIDIA Thor,11.0,580.00,13.0,PTX ISA 9.3 / CUDA 13.0,1575.000,,,,bf16,128,128,16,32,128,20,4,discard,same,1,1,32,1,nocount,sw128,sw128,16,16,16,0,512,0,0,full,0,none,0,4,20,3181152.0,2019.7790476190478,,,,,8192,,21.26454030238102,,,0,0.0,1,bf14b28d2af4128daa99f23eec8a5e105636d0b04136f8be580fdc39d6f1f97d,
06_tmem_dependency,tmem_bf16_m128n256k16_c512_partial_in0_rd2,1,,NVIDIA Thor,11.0,580.00,13.0,PTX ISA 9.3 / CUDA 13.0,1575.000,,,,bf16,128,256,16,32,128,21,0,discard,same,1,2,32,1,nocount,sw128,sw128,16,16,16,0,512,0,128,partial,0,none,0,4,20,3678178.0,2335.351111111111,,,,,12288,,36.78219755107013,,,0,0.0,1,bf14b28d2af4128daa99f23eec8a5e105636d0b04136f8be580fdc39d6f1f97d,; UTCHMMA=21;UTCHMMA_WS=16;UTCBAR=1;UTCATOMSWS=3;SYNCS_TRYWAIT=8;LDS=21;LDG=9;ptx_tcgen05_mma=21;ptx_tcgen05_mma_ws=16;ptx_tcgen05_commit=1;ptx_tcgen05_alloc=1;ptx_tcgen05_dealloc=1;ptx_tcgen05_ld=5;ptx_tcgen05_st=5;ptx_mbarrier_wait=5;ptx_cp_async_tma=2;ptx_ld_shared=26;ptx_ld_global=7
06_tmem_dependency,tmem_bf16_m128n256k16_c512_partial_in0_rd2,1,,NVIDIA Thor,11.0,580.00,13.0,PTX ISA 9.3 / CUDA 13.0,1575.000,,,,bf16,128,256,16,32,128,21,1,discard,same,1,2,32,1,nocount,sw128,sw128,16,16,16,0,512,0,128,partial,0,none,0,4,20,3678178.0,2335.351111111111,,,,,12288,,36.78219755107013,,,0,0.0,1,bf14b28d2af4128daa99f23eec8a5e105636d0b04136f8be580fdc39d6f1f97d,
06_tmem_dependency,tmem_bf16_m128n256k16_c512_partial_in0_rd2,1,,NVIDIA Thor,11.0,580.00,13.0,PTX ISA 9.3 / CUDA 13.0,1575.000,,,,bf16,128,256,16,32,128,21,2,discard,same,1,2,32,1,nocount,sw128,sw128,16,16,16,0,512,0,128,partial,0,none,0,4,20,3678183.0,2335.3542857142857,,,,,12288,,36.782147550570485,,,0,0.0,1,bf14b28d2af4128daa99f23eec8a5e105636d0b04136f8be580fdc39d6f1f97d,
06_tmem_dependency,tmem_bf16_m128n256k16_c512_partial_in0_rd2,1,,NVIDIA Thor,11.0,580.00,13.0,PTX ISA 9.3 / CUDA 13.0,1575.000,,,,bf16,128,256,16,32,128,21,3,discard,same,1,2,32,1,nocount,sw128,sw128,16,16,16,0,512,0,128,partial,0,none,0,4,20,3678183.0,2335.3542857142857,,,,,12288,,36.782147550570485,,,0,0.0,1,bf14b28d2af4128daa99f23eec8a5e105636d0b04136f8be580fdc39d6f1f97d,
06_tmem_dependency,tmem_bf16_m128n256k16_c512_partial_in0_rd2,1,,NVIDIA Thor,11.0,580.00,13.0,PTX ISA 9.3 / CUDA 13.0,1575.000,,,,bf16,128,256,16,32,128,21,4,discard,same,1,2,32,1,nocount,sw128,sw128,16,16,16,0,512,0,128,partial,0,none,0,4,20,3678177.0,2335.3504761904765,,,,,12288,,36.78220755118636,,,0,0.0,1,bf14b28d2af4128daa99f23eec8a5e105636d0b04136f8be580fdc39d6f1f97d,
06_tmem_dependency,tmem_fp16_m128n256k16_c512_none_in1_rd2,1,,NVIDIA Thor,11.0,580.00,13.0,PTX ISA 9.3 / CUDA 13.0,1575.000,,,,fp16,128,256,16,32,128,22,0,discard,same,2,2,32,1,nocount,sw128,sw128,16,16,16,0,512,0,256,none,1,none,0,4,20,3678187.0,2335.3568253968256,,,,,12288,,36.78210755026865,,,0,0.0,1,bf14b28d2af4128daa99f23eec8a5e105636d0b04136f8be580fdc39d6f1f97d,; UTCHMMA=21;UTCHMMA_WS=16;UTCBAR=1;UTCATOMSWS=3;SYNCS_TRYWAIT=8;LDS=21;LDG=9;ptx_tcgen05_mma=21;ptx_tcgen05_mma_ws=16;ptx_tcgen05_commit=1;ptx_tcgen05_alloc=1;ptx_tcgen05_dealloc=1;ptx_tcgen05_ld=5;ptx_tcgen05_st=5;ptx_mbarrier_wait=5;ptx_cp_async_tma=2;ptx_ld_shared=26;ptx_ld_global=7
06_tmem_dependency,tmem_fp16_m128n256k16_c512_none_in1_rd2,1,,NVIDIA Thor,11.0,580.00,13.0,PTX ISA 9.3 / CUDA 13.0,1575.000,,,,fp16,128,256,16,32,128,22,1,discard,same,2,2,32,1,nocount,sw128,sw128,16,16,16,0,512,0,256,none,1,none,0,4,20,3678179.0,2335.351746031746,,,,,12288,,36.78218755095932,,,0,0.0,1,bf14b28d2af4128daa99f23eec8a5e105636d0b04136f8be580fdc39d6f1f97d,
06_tmem_dependency,tmem_fp16_m128n256k16_c512_none_in1_rd2,1,,NVIDIA Thor,11.0,580.00,13.0,PTX ISA 9.3 / CUDA 13.0,1575.000,,,,fp16,128,256,16,32,128,22,2,discard,same,2,2,32,1,nocount,sw128,sw128,16,16,16,0,512,0,256,none,1,none,0,4,20,3678182.0,2335.353650793651,,,,,12288,,36.78215755065954,,,0,0.0,1,bf14b28d2af4128daa99f23eec8a5e105636d0b04136f8be580fdc39d6f1f97d,
06_tmem_dependency,tmem_fp16_m128n256k16_c512_none_in1_rd2,1,,NVIDIA Thor,11.0,580.00,13.0,PTX ISA 9.3 / CUDA 13.0,1575.000,,,,fp16,128,256,16,32,128,22,3,discard,same,2,2,32,1,nocount,sw128,sw128,16,16,16,0,512,0,256,none,1,none,0,4,20,3678186.0,2335.3561904761905,,,,,12288,,36.782117550335954,,,0,0.0,1,bf14b28d2af4128daa99f23eec8a5e105636d0b04136f8be580fdc39d6f1f97d,
06_tmem_dependency,tmem_fp16_m128n256k16_c512_none_in1_rd2,1,,NVIDIA Thor,11.0,580.00,13.0,PTX ISA 9.3 / CUDA 13.0,1575.000,,,,fp16,128,256,16,32,128,22,4,discard,same,2,2,32,1,nocount,sw128,sw128,16,16,16,0,512,0,256,none,1,none,0,4,20,3678186.0,2335.3561904761905,,,,,12288,,36.782117550335954,,,0,0.0,1,bf14b28d2af4128daa99f23eec8a5e105636d0b04136f8be580fdc39d6f1f97d,
06_tmem_dependency,tmem_bf16_m128n64k16_c512_full_in1_rd1,1,,NVIDIA Thor,11.0,580.00,13.0,PTX ISA 9.3 / CUDA 13.0,1575.000,,,,bf16,128,64,16,32,128,23,0,discard,same,1,1,32,1,nocount,sw128,sw128,16,16,16,0,512,0,0,full,1,none,0,4,20,3182155.0,2020.4158730158729,,,,,6144,,10.628918910612462,,,0,0.0,1,bf14b28d2af4128daa99f23eec8a5e105636d0b04136f8be580fdc39d6f1f97d,; UTCHMMA=21;UTCHMMA_WS=16;UTCBAR=1;UTCATOMSWS=3;SYNCS_TRYWAIT=8;LDS=21;LDG=9;ptx_tcgen05_mma=21;ptx_tcgen05_mma_ws=16;ptx_tcgen05_commit=1;ptx_tcgen05_alloc=1;ptx_tcgen05_dealloc=1;ptx_tcgen05_ld=5;ptx_tcgen05_st=5;ptx_mbarrier_wait=5;ptx_cp_async_tma=2;ptx_ld_shared=26;ptx_ld_global=7
06_tmem_dependency,tmem_bf16_m128n64k16_c512_full_in1_rd1,1,,NVIDIA Thor,11.0,580.00,13.0,PTX ISA 9.3 / CUDA 13.0,1575.000,,,,bf16,128,64,16,32,128,23,1,discard,same,1,1,32,1,nocount,sw128,sw128,16,16,16,0,512,0,0,full,1,none,0,4,20,3182173.0,2020.4273015873016,,,,,6144,,10.628858788004298,,,0,0.0,1,bf14b28d2af4128daa99f23eec8a5e105636d0b04136f8be580fdc39d6f1f97d,
06_tmem_dependency,tmem_bf16_m128n64k16_c512_full_in1_rd1,1,,NVIDIA Thor,11.0,580.00,13.0,PTX ISA 9.3 / CUDA 13.0,1575.000,,,,bf16,128,64,16,32,128,23,2,discard,same,1,1,32,1,nocount,sw128,sw128,16,16,16,0,512,0,0,full,1,none,0,4,20,3182168.0,2020.424126984127,,,,,6144,,10.62887548866056,,,0,0.0,1,bf14b28d2af4128daa99f23eec8a5e105636d0b04136f8be580fdc39d6f1f97d,
06_tmem_dependency,tmem_bf16_m128n64k16_c512_full_in1_rd1,1,,NVIDIA Thor,11.0,580.00,13.0,PTX ISA 9.3 / CUDA 13.0,1575.000,,,,bf16,128,64,16,32,128,23,3,discard,same,1,1,32,1,nocount,sw128,sw128,16,16,16,0,512,0,0,full,1,none,0,4,20,3182163.0,2020.4209523809525,,,,,6144,,10.628892189369305,,,0,0.0,1,bf14b28d2af4128daa99f23eec8a5e105636d0b04136f8be580fdc39d6f1f97d,
06_tmem_dependency,tmem_bf16_m128n64k16_c512_full_in1_rd1,1,,NVIDIA Thor,11.0,580.00,13.0,PTX ISA 9.3 / CUDA 13.0,1575.000,,,,bf16,128,64,16,32,128,23,4,discard,same,1,1,32,1,nocount,sw128,sw128,16,16,16,0,512,0,0,full,1,none,0,4,20,3182157.0,2020.4171428571428,,,,,6144,,10.628912230289078,,,0,0.0,1,bf14b28d2af4128daa99f23eec8a5e105636d0b04136f8be580fdc39d6f1f97d,
06_tmem_dependency,tmem_fp16_m128n64k16_c128_partial_in0_rd2,1,,NVIDIA Thor,11.0,580.00,13.0,PTX ISA 9.3 / CUDA 13.0,1575.000,,,,fp16,128,64,16,32,128,24,0,discard,same,1,2,32,1,nocount,sw128,sw128,16,16,16,0,128,0,32,partial,0,none,0,4,20,3678958.0,2335.8463492063493,,,,,6144,,9.193599779067878,,,0,0.0,1,bf14b28d2af4128daa99f23eec8a5e105636d0b04136f8be580fdc39d6f1f97d,; UTCHMMA=21;UTCHMMA_WS=16;UTCBAR=1;UTCATOMSWS=3;SYNCS_TRYWAIT=8;LDS=21;LDG=9;ptx_tcgen05_mma=21;ptx_tcgen05_mma_ws=16;ptx_tcgen05_commit=1;ptx_tcgen05_alloc=1;ptx_tcgen05_dealloc=1;ptx_tcgen05_ld=5;ptx_tcgen05_st=5;ptx_mbarrier_wait=5;ptx_cp_async_tma=2;ptx_ld_shared=26;ptx_ld_global=7
06_tmem_dependency,tmem_fp16_m128n64k16_c128_partial_in0_rd2,1,,NVIDIA Thor,11.0,580.00,13.0,PTX ISA 9.3 / CUDA 13.0,1575.000,,,,fp16,128,64,16,32,128,24,1,discard,same,1,2,32,1,nocount,sw128,sw128,16,16,16,0,128,0,32,partial,0,none,0,4,20,3678964.0,2335.850158730159,,,,,6144,,9.193584785281944,,,0,0.0,1,bf14b28d2af4128daa99f23eec8a5e105636d0b04136f8be580fdc39d6f1f97d,
06_tmem_dependency,tmem_fp16_m128n64k16_c128_partial_in0_rd2,1,,NVIDIA Thor,11.0,580.00,13.0,PTX ISA 9.3 / CUDA 13.0,1575.000,,,,fp16,128,64,16,32,128,24,2,discard,same,1,2,32,1,nocount,sw128,sw128,16,16,16,0,128,0,32,partial,0,none,0,4,20,3678962.0,2335.8488888888887,,,,,6144,,9.193589783205153,,,0,0.0,1,bf14b28d2af4128daa99f23eec8a5e105636d0b04136f8be580fdc39d6f1f97d,
06_tmem_dependency,tmem_fp16_m128n64k16_c128_partial_in0_rd2,1,,NVIDIA Thor,11.0,580.00,13.0,PTX ISA 9.3 / CUDA 13.0,1575.000,,,,fp16,128,64,16,32,128,24,3,discard,same,1,2,32,1,nocount,sw128,sw128,16,16,16,0,128,0,32,partial,0,none,0,4,20,3678962.0,2335.8488888888887,,,,,6144,,9.193589783205153,,,0,0.0,1,bf14b28d2af4128daa99f23eec8a5e105636d0b04136f8be580fdc39d6f1f97d,
06_tmem_dependency,tmem_fp16_m128n64k16_c128_partial_in0_rd2,1,,NVIDIA Thor,11.0,580.00,13.0,PTX ISA 9.3 / CUDA 13.0,1575.000,,,,fp16,128,64,16,32,128,24,4,discard,same,1,2,32,1,nocount,sw128,sw128,16,16,16,0,128,0,32,partial,0,none,0,4,20,3678962.0,2335.8488888888887,,,,,6144,,9.193589783205153,,,0,0.0,1,bf14b28d2af4128daa99f23eec8a5e105636d0b04136f8be580fdc39d6f1f97d,
06_tmem_dependency,tmem_fp16_m128n128k16_c512_partial_in1_rd1,1,,NVIDIA Thor,11.0,580.00,13.0,PTX ISA 9.3 / CUDA 13.0,1575.000,,,,fp16,128,128,16,32,128,25,0,discard,same,1,1,32,1,nocount,sw128,sw128,16,16,16,0,512,0,64,partial,1,none,0,4,20,3181149.0,2019.7771428571427,,,,,8192,,21.264560356022304,,,0,0.0,1,bf14b28d2af4128daa99f23eec8a5e105636d0b04136f8be580fdc39d6f1f97d,; UTCHMMA=21;UTCHMMA_WS=16;UTCBAR=1;UTCATOMSWS=3;SYNCS_TRYWAIT=8;LDS=21;LDG=9;ptx_tcgen05_mma=21;ptx_tcgen05_mma_ws=16;ptx_tcgen05_commit=1;ptx_tcgen05_alloc=1;ptx_tcgen05_dealloc=1;ptx_tcgen05_ld=5;ptx_tcgen05_st=5;ptx_mbarrier_wait=5;ptx_cp_async_tma=2;ptx_ld_shared=26;ptx_ld_global=7
06_tmem_dependency,tmem_fp16_m128n128k16_c512_partial_in1_rd1,1,,NVIDIA Thor,11.0,580.00,13.0,PTX ISA 9.3 / CUDA 13.0,1575.000,,,,fp16,128,128,16,32,128,25,1,discard,same,1,1,32,1,nocount,sw128,sw128,16,16,16,0,512,0,64,partial,1,none,0,4,20,3181150.0,2019.7777777777778,,,,,8192,,21.264553671471006,,,0,0.0,1,bf14b28d2af4128daa99f23eec8a5e105636d0b04136f8be580fdc39d6f1f97d,
06_tmem_dependency,tmem_fp16_m128n128k16_c512_partial_in1_rd1,1,,NVIDIA Thor,11.0,580.00,13.0,PTX ISA 9.3 / CUDA 13.0,1575.000,,,,fp16,128,128,16,32,128,25,2,discard,same,1,1,32,1,nocount,sw128,sw128,16,16,16,0,512,0,64,partial,1,none,0,4,20,3181155.0,2019.7809523809524,,,,,8192,,21.264520248777565,,,0,0.0,1,bf14b28d2af4128daa99f23eec8a5e105636d0b04136f8be580fdc39d6f1f97d,
06_tmem_dependency,tmem_fp16_m128n128k16_c512_partial_in1_rd1,1,,NVIDIA Thor,11.0,580.00,13.0,PTX ISA 9.3 / CUDA 13.0,1575.000,,,,fp16,128,128,16,32,128,25,3,discard,same,1,1,32,1,nocount,sw128,sw128,16,16,16,0,512,0,64,partial,1,none,0,4,20,3181151.0,2019.7784126984127,,,,,8192,,21.264546986923918,,,0,0.0,1,bf14b28d2af4128daa99f23eec8a5e105636d0b04136f8be580fdc39d6f1f97d,
06_tmem_dependency,tmem_fp16_m128n128k16_c512_partial_in1_rd1,1,,NVIDIA Thor,11.0,580.00,13.0,PTX ISA 9.3 / CUDA 13.0,1575.000,,,,fp16,128,128,16,32,128,25,4,discard,same,1,1,32,1,nocount,sw128,sw128,16,16,16,0,512,0,64,partial,1,none,0,4,20,3181154.0,2019.7803174603173,,,,,8192,,21.264526933307852,,,0,0.0,1,bf14b28d2af4128daa99f23eec8a5e105636d0b04136f8be580fdc39d6f1f97d,
06_tmem_dependency,tmem_bf16_m128n64k16_c128_full_in0_rd2,1,,NVIDIA Thor,11.0,580.00,13.0,PTX ISA 9.3 / CUDA 13.0,1575.000,,,,bf16,128,64,16,32,128,26,0,discard,same,1,1,32,1,nocount,sw128,sw128,16,16,16,0,128,0,0,full,0,none,0,4,20,3182157.0,2020.4171428571428,,,,,6144,,10.628912230289078,,,0,0.0,1,bf14b28d2af4128daa99f23eec8a5e105636d0b04136f8be580fdc39d6f1f97d,; UTCHMMA=21;UTCHMMA_WS=16;UTCBAR=1;UTCATOMSWS=3;SYNCS_TRYWAIT=8;LDS=21;LDG=9;ptx_tcgen05_mma=21;ptx_tcgen05_mma_ws=16;ptx_tcgen05_commit=1;ptx_tcgen05_alloc=1;ptx_tcgen05_dealloc=1;ptx_tcgen05_ld=5;ptx_tcgen05_st=5;ptx_mbarrier_wait=5;ptx_cp_async_tma=2;ptx_ld_shared=26;ptx_ld_global=7
06_tmem_dependency,tmem_bf16_m128n64k16_c128_full_in0_rd2,1,,NVIDIA Thor,11.0,580.00,13.0,PTX ISA 9.3 / CUDA 13.0,1575.000,,,,bf16,128,64,16,32,128,26,1,discard,same,1,1,32,1,nocount,sw128,sw128,16,16,16,0,128,0,0,full,0,none,0,4,20,3182167.0,2020.423492063492,,,,,6144,,10.628878828798113,,,0,0.0,1,bf14b28d2af4128daa99f23eec8a5e105636d0b04136f8be580fdc39d6f1f97d,
06_tmem_dependency,tmem_bf16_m128n64k16_c128_full_in0_rd2,1,,NVIDIA Thor,11.0,580.00,13.0,PTX ISA 9.3 / CUDA 13.0,1575.000,,,,bf16,128,64,16,32,128,26,2,discard,same,1,1,32,1,nocount,sw128,sw128,16,16,16,0,128,0,0,full,0,none,0,4,20,3182156.0,2020.4165079365082,,,,,6144,,10.628915570449719,,,0,0.0,1,bf14b28d2af4128daa99f23eec8a5e105636d0b04136f8be580fdc39d6f1f97d,
06_tmem_dependency,tmem_bf16_m128n64k16_c128_full_in0_rd2,1,,NVIDIA Thor,11.0,580.00,13.0,PTX ISA 9.3 / CUDA 13.0,1575.000,,,,bf16,128,64,16,32,128,26,3,discard,same,1,1,32,1,nocount,sw128,sw128,16,16,16,0,128,0,0,full,0,none,0,4,20,3182159.0,2020.4184126984128,,,,,6144,,10.628905549974089,,,0,0.0,1,bf14b28d2af4128daa99f23eec8a5e105636d0b04136f8be580fdc39d6f1f97d,
06_tmem_dependency,tmem_bf16_m128n64k16_c128_full_in0_rd2,1,,NVIDIA Thor,11.0,580.00,13.0,PTX ISA 9.3 / CUDA 13.0,1575.000,,,,bf16,128,64,16,32,128,26,4,discard,same,1,1,32,1,nocount,sw128,sw128,16,16,16,0,128,0,0,full,0,none,0,4,20,3182153.0,2020.4146031746031,,,,,6144,,10.628925590944243,,,0,0.0,1,bf14b28d2af4128daa99f23eec8a5e105636d0b04136f8be580fdc39d6f1f97d,
06_tmem_dependency,tmem_fp16_m128n128k16_c256_partial_in1_rd2,1,,NVIDIA Thor,11.0,580.00,13.0,PTX ISA 9.3 / CUDA 13.0,1575.000,,,,fp16,128,128,16,32,128,27,0,discard,same,1,2,32,1,nocount,sw128,sw128,16,16,16,0,256,0,64,partial,1,none,0,4,20,3678996.0,2335.8704761904764,,,,,8192,,18.387009638499197,,,0,0.0,1,bf14b28d2af4128daa99f23eec8a5e105636d0b04136f8be580fdc39d6f1f97d,; UTCHMMA=21;UTCHMMA_WS=16;UTCBAR=1;UTCATOMSWS=3;SYNCS_TRYWAIT=8;LDS=21;LDG=9;ptx_tcgen05_mma=21;ptx_tcgen05_mma_ws=16;ptx_tcgen05_commit=1;ptx_tcgen05_alloc=1;ptx_tcgen05_dealloc=1;ptx_tcgen05_ld=5;ptx_tcgen05_st=5;ptx_mbarrier_wait=5;ptx_cp_async_tma=2;ptx_ld_shared=26;ptx_ld_global=7
06_tmem_dependency,tmem_fp16_m128n128k16_c256_partial_in1_rd2,1,,NVIDIA Thor,11.0,580.00,13.0,PTX ISA 9.3 / CUDA 13.0,1575.000,,,,fp16,128,128,16,32,128,27,1,discard,same,1,2,32,1,nocount,sw128,sw128,16,16,16,0,256,0,64,partial,1,none,0,4,20,3678996.0,2335.8704761904764,,,,,8192,,18.387009638499197,,,0,0.0,1,bf14b28d2af4128daa99f23eec8a5e105636d0b04136f8be580fdc39d6f1f97d,
06_tmem_dependency,tmem_fp16_m128n128k16_c256_partial_in1_rd2,1,,NVIDIA Thor,11.0,580.00,13.0,PTX ISA 9.3 / CUDA 13.0,1575.000,,,,fp16,128,128,16,32,128,27,2,discard,same,1,2,32,1,nocount,sw128,sw128,16,16,16,0,256,0,64,partial,1,none,0,4,20,3678995.0,2335.869841269841,,,,,8192,,18.387014636334108,,,0,0.0,1,bf14b28d2af4128daa99f23eec8a5e105636d0b04136f8be580fdc39d6f1f97d,
06_tmem_dependency,tmem_fp16_m128n128k16_c256_partial_in1_rd2,1,,NVIDIA Thor,11.0,580.00,13.0,PTX ISA 9.3 / CUDA 13.0,1575.000,,,,fp16,128,128,16,32,128,27,3,discard,same,1,2,32,1,nocount,sw128,sw128,16,16,16,0,256,0,64,partial,1,none,0,4,20,3678994.0,2335.8692063492063,,,,,8192,,18.387019634171736,,,0,0.0,1,bf14b28d2af4128daa99f23eec8a5e105636d0b04136f8be580fdc39d6f1f97d,
06_tmem_dependency,tmem_fp16_m128n128k16_c256_partial_in1_rd2,1,,NVIDIA Thor,11.0,580.00,13.0,PTX ISA 9.3 / CUDA 13.0,1575.000,,,,fp16,128,128,16,32,128,27,4,discard,same,1,2,32,1,nocount,sw128,sw128,16,16,16,0,256,0,64,partial,1,none,0,4,20,3678959.0,2335.8469841269844,,,,,8192,,18.387194560200317,,,0,0.0,1,bf14b28d2af4128daa99f23eec8a5e105636d0b04136f8be580fdc39d6f1f97d,
06_tmem_dependency,tmem_bf16_m128n64k16_c256_partial_in0_rd4,1,,NVIDIA Thor,11.0,580.00,13.0,PTX ISA 9.3 / CUDA 13.0,1575.000,,,,bf16,128,64,16,32,128,28,0,discard,same,1,4,32,1,nocount,sw128,sw128,16,16,16,0,256,0,32,partial,0,none,0,4,20,3678580.0,2335.606349206349,,,,,6144,,9.194544486187606,,,0,0.0,1,bf14b28d2af4128daa99f23eec8a5e105636d0b04136f8be580fdc39d6f1f97d,; UTCHMMA=21;UTCHMMA_WS=16;UTCBAR=1;UTCATOMSWS=3;SYNCS_TRYWAIT=8;LDS=21;LDG=9;ptx_tcgen05_mma=21;ptx_tcgen05_mma_ws=16;ptx_tcgen05_commit=1;ptx_tcgen05_alloc=1;ptx_tcgen05_dealloc=1;ptx_tcgen05_ld=5;ptx_tcgen05_st=5;ptx_mbarrier_wait=5;ptx_cp_async_tma=2;ptx_ld_shared=26;ptx_ld_global=7
06_tmem_dependency,tmem_bf16_m128n64k16_c256_partial_in0_rd4,1,,NVIDIA Thor,11.0,580.00,13.0,PTX ISA 9.3 / CUDA 13.0,1575.000,,,,bf16,128,64,16,32,128,28,1,discard,same,1,4,32,1,nocount,sw128,sw128,16,16,16,0,256,0,32,partial,0,none,0,4,20,3678578.0,2335.6050793650793,,,,,6144,,9.194549485154319,,,0,0.0,1,bf14b28d2af4128daa99f23eec8a5e105636d0b04136f8be580fdc39d6f1f97d,
06_tmem_dependency,tmem_bf16_m128n64k16_c256_partial_in0_rd4,1,,NVIDIA Thor,11.0,580.00,13.0,PTX ISA 9.3 / CUDA 13.0,1575.000,,,,bf16,128,64,16,32,128,28,2,discard,same,1,4,32,1,nocount,sw128,sw128,16,16,16,0,256,0,32,partial,0,none,0,4,20,3678576.0,2335.6038095238096,,,,,6144,,9.194554484126467,,,0,0.0,1,bf14b28d2af4128daa99f23eec8a5e105636d0b04136f8be580fdc39d6f1f97d,
06_tmem_dependency,tmem_bf16_m128n64k16_c256_partial_in0_rd4,1,,NVIDIA Thor,11.0,580.00,13.0,PTX ISA 9.3 / CUDA 13.0,1575.000,,,,bf16,128,64,16,32,128,28,3,discard,same,1,4,32,1,nocount,sw128,sw128,16,16,16,0,256,0,32,partial,0,none,0,4,20,3678578.0,2335.6050793650793,,,,,6144,,9.194549485154319,,,0,0.0,1,bf14b28d2af4128daa99f23eec8a5e105636d0b04136f8be580fdc39d6f1f97d,
06_tmem_dependency,tmem_bf16_m128n64k16_c256_partial_in0_rd4,1,,NVIDIA Thor,11.0,580.00,13.0,PTX ISA 9.3 / CUDA 13.0,1575.000,,,,bf16,128,64,16,32,128,28,4,discard,same,1,4,32,1,nocount,sw128,sw128,16,16,16,0,256,0,32,partial,0,none,0,4,20,3678586.0,2335.610158730159,,,,,6144,,9.19452948932008,,,0,0.0,1,bf14b28d2af4128daa99f23eec8a5e105636d0b04136f8be580fdc39d6f1f97d,
06_tmem_dependency,tmem_bf16_m128n128k16_c512_partial_in1_rd4,1,,NVIDIA Thor,11.0,580.00,13.0,PTX ISA 9.3 / CUDA 13.0,1575.000,,,,bf16,128,128,16,32,128,29,0,discard,same,1,4,32,1,nocount,sw128,sw128,16,16,16,0,512,0,64,partial,1,none,0,4,20,3678991.0,2335.867301587302,,,,,8192,,18.38703462770091,,,0,0.0,1,bf14b28d2af4128daa99f23eec8a5e105636d0b04136f8be580fdc39d6f1f97d,; UTCHMMA=21;UTCHMMA_WS=16;UTCBAR=1;UTCATOMSWS=3;SYNCS_TRYWAIT=8;LDS=21;LDG=9;ptx_tcgen05_mma=21;ptx_tcgen05_mma_ws=16;ptx_tcgen05_commit=1;ptx_tcgen05_alloc=1;ptx_tcgen05_dealloc=1;ptx_tcgen05_ld=5;ptx_tcgen05_st=5;ptx_mbarrier_wait=5;ptx_cp_async_tma=2;ptx_ld_shared=26;ptx_ld_global=7
06_tmem_dependency,tmem_bf16_m128n128k16_c512_partial_in1_rd4,1,,NVIDIA Thor,11.0,580.00,13.0,PTX ISA 9.3 / CUDA 13.0,1575.000,,,,bf16,128,128,16,32,128,29,1,discard,same,1,4,32,1,nocount,sw128,sw128,16,16,16,0,512,0,64,partial,1,none,0,4,20,3678962.0,2335.8488888888887,,,,,8192,,18.387179566410307,,,0,0.0,1,bf14b28d2af4128daa99f23eec8a5e105636d0b04136f8be580fdc39d6f1f97d,
06_tmem_dependency,tmem_bf16_m128n128k16_c512_partial_in1_rd4,1,,NVIDIA Thor,11.0,580.00,13.0,PTX ISA 9.3 / CUDA 13.0,1575.000,,,,bf16,128,128,16,32,128,29,2,discard,same,1,4,32,1,nocount,sw128,sw128,16,16,16,0,512,0,64,partial,1,none,0,4,20,3678994.0,2335.8692063492063,,,,,8192,,18.387019634171736,,,0,0.0,1,bf14b28d2af4128daa99f23eec8a5e105636d0b04136f8be580fdc39d6f1f97d,
06_tmem_dependency,tmem_bf16_m128n128k16_c512_partial_in1_rd4,1,,NVIDIA Thor,11.0,580.00,13.0,PTX ISA 9.3 / CUDA 13.0,1575.000,,,,bf16,128,128,16,32,128,29,3,discard,same,1,4,32,1,nocount,sw128,sw128,16,16,16,0,512,0,64,partial,1,none,0,4,20,3678993.0,2335.8685714285716,,,,,8192,,18.387024632012075,,,0,0.0,1,bf14b28d2af4128daa99f23eec8a5e105636d0b04136f8be580fdc39d6f1f97d,
06_tmem_dependency,tmem_bf16_m128n128k16_c512_partial_in1_rd4,1,,NVIDIA Thor,11.0,580.00,13.0,PTX ISA 9.3 / CUDA 13.0,1575.000,,,,bf16,128,128,16,32,128,29,4,discard,same,1,4,32,1,nocount,sw128,sw128,16,16,16,0,512,0,64,partial,1,none,0,4,20,3678991.0,2335.867301587302,,,,,8192,,18.38703462770091,,,0,0.0,1,bf14b28d2af4128daa99f23eec8a5e105636d0b04136f8be580fdc39d6f1f97d,
06_tmem_dependency,tmem_fp16_m128n128k16_c256_none_in0_rd2,1,,NVIDIA Thor,11.0,580.00,13.0,PTX ISA 9.3 / CUDA 13.0,1575.000,,,,fp16,128,128,16,32,128,30,0,discard,same,2,2,32,1,nocount,sw128,sw128,16,16,16,0,256,0,128,none,0,none,0,4,20,3678956.0,2335.845079365079,,,,,8192,,18.38720955401478,,,0,0.0,1,bf14b28d2af4128daa99f23eec8a5e105636d0b04136f8be580fdc39d6f1f97d,; UTCHMMA=21;UTCHMMA_WS=16;UTCBAR=1;UTCATOMSWS=3;SYNCS_TRYWAIT=8;LDS=21;LDG=9;ptx_tcgen05_mma=21;ptx_tcgen05_mma_ws=16;ptx_tcgen05_commit=1;ptx_tcgen05_alloc=1;ptx_tcgen05_dealloc=1;ptx_tcgen05_ld=5;ptx_tcgen05_st=5;ptx_mbarrier_wait=5;ptx_cp_async_tma=2;ptx_ld_shared=26;ptx_ld_global=7
06_tmem_dependency,tmem_fp16_m128n128k16_c256_none_in0_rd2,1,,NVIDIA Thor,11.0,580.00,13.0,PTX ISA 9.3 / CUDA 13.0,1575.000,,,,fp16,128,128,16,32,128,30,1,discard,same,2,2,32,1,nocount,sw128,sw128,16,16,16,0,256,0,128,none,0,none,0,4,20,3678960.0,2335.847619047619,,,,,8192,,18.387189562267597,,,0,0.0,1,bf14b28d2af4128daa99f23eec8a5e105636d0b04136f8be580fdc39d6f1f97d,
06_tmem_dependency,tmem_fp16_m128n128k16_c256_none_in0_rd2,1,,NVIDIA Thor,11.0,580.00,13.0,PTX ISA 9.3 / CUDA 13.0,1575.000,,,,fp16,128,128,16,32,128,30,2,discard,same,2,2,32,1,nocount,sw128,sw128,16,16,16,0,256,0,128,none,0,none,0,4,20,3678972.0,2335.855238095238,,,,,8192,,18.387129587286882,,,0,0.0,1,bf14b28d2af4128daa99f23eec8a5e105636d0b04136f8be580fdc39d6f1f97d,
06_tmem_dependency,tmem_fp16_m128n128k16_c256_none_in0_rd2,1,,NVIDIA Thor,11.0,580.00,13.0,PTX ISA 9.3 / CUDA 13.0,1575.000,,,,fp16,128,128,16,32,128,30,3,discard,same,2,2,32,1,nocount,sw128,sw128,16,16,16,0,256,0,128,none,0,none,0,4,20,3678992.0,2335.8679365079365,,,,,8192,,18.38702962985513,,,0,0.0,1,bf14b28d2af4128daa99f23eec8a5e105636d0b04136f8be580fdc39d6f1f97d,
06_tmem_dependency,tmem_fp16_m128n128k16_c256_none_in0_rd2,1,,NVIDIA Thor,11.0,580.00,13.0,PTX ISA 9.3 / CUDA 13.0,1575.000,,,,fp16,128,128,16,32,128,30,4,discard,same,2,2,32,1,nocount,sw128,sw128,16,16,16,0,256,0,128,none,0,none,0,4,20,3678992.0,2335.8679365079365,,,,,8192,,18.38702962985513,,,0,0.0,1,bf14b28d2af4128daa99f23eec8a5e105636d0b04136f8be580fdc39d6f1f97d,
06_tmem_dependency,tmem_bf16_m128n64k16_c256_full_in0_rd4,1,,NVIDIA Thor,11.0,580.00,13.0,PTX ISA 9.3 / CUDA 13.0,1575.000,,,,bf16,128,64,16,32,128,31,0,discard,same,1,1,32,1,nocount,sw128,sw128,16,16,16,0,256,0,0,full,0,none,0,4,20,3182159.0,2020.4184126984128,,,,,6144,,10.628905549974089,,,0,0.0,1,bf14b28d2af4128daa99f23eec8a5e105636d0b04136f8be580fdc39d6f1f97d,; UTCHMMA=21;UTCHMMA_WS=16;UTCBAR=1;UTCATOMSWS=3;SYNCS_TRYWAIT=8;LDS=21;LDG=9;ptx_tcgen05_mma=21;ptx_tcgen05_mma_ws=16;ptx_tcgen05_commit=1;ptx_tcgen05_alloc=1;ptx_tcgen05_dealloc=1;ptx_tcgen05_ld=5;ptx_tcgen05_st=5;ptx_mbarrier_wait=5;ptx_cp_async_tma=2;ptx_ld_shared=26;ptx_ld_global=7
06_tmem_dependency,tmem_bf16_m128n64k16_c256_full_in0_rd4,1,,NVIDIA Thor,11.0,580.00,13.0,PTX ISA 9.3 / CUDA 13.0,1575.000,,,,bf16,128,64,16,32,128,31,1,discard,same,1,1,32,1,nocount,sw128,sw128,16,16,16,0,256,0,0,full,0,none,0,4,20,3182159.0,2020.4184126984128,,,,,6144,,10.628905549974089,,,0,0.0,1,bf14b28d2af4128daa99f23eec8a5e105636d0b04136f8be580fdc39d6f1f97d,
06_tmem_dependency,tmem_bf16_m128n64k16_c256_full_in0_rd4,1,,NVIDIA Thor,11.0,580.00,13.0,PTX ISA 9.3 / CUDA 13.0,1575.000,,,,bf16,128,64,16,32,128,31,2,discard,same,1,1,32,1,nocount,sw128,sw128,16,16,16,0,256,0,0,full,0,none,0,4,20,3182167.0,2020.423492063492,,,,,6144,,10.628878828798113,,,0,0.0,1,bf14b28d2af4128daa99f23eec8a5e105636d0b04136f8be580fdc39d6f1f97d,
06_tmem_dependency,tmem_bf16_m128n64k16_c256_full_in0_rd4,1,,NVIDIA Thor,11.0,580.00,13.0,PTX ISA 9.3 / CUDA 13.0,1575.000,,,,bf16,128,64,16,32,128,31,3,discard,same,1,1,32,1,nocount,sw128,sw128,16,16,16,0,256,0,0,full,0,none,0,4,20,3182154.0,2020.4152380952382,,,,,6144,,10.628922250777302,,,0,0.0,1,bf14b28d2af4128daa99f23eec8a5e105636d0b04136f8be580fdc39d6f1f97d,
06_tmem_dependency,tmem_bf16_m128n64k16_c256_full_in0_rd4,1,,NVIDIA Thor,11.0,580.00,13.0,PTX ISA 9.3 / CUDA 13.0,1575.000,,,,bf16,128,64,16,32,128,31,4,discard,same,1,1,32,1,nocount,sw128,sw128,16,16,16,0,256,0,0,full,0,none,0,4,20,3182167.0,2020.423492063492,,,,,6144,,10.628878828798113,,,0,0.0,1,bf14b28d2af4128daa99f23eec8a5e105636d0b04136f8be580fdc39d6f1f97d,
06_tmem_dependency,tmem_bf16_m128n64k16_c512_partial_in0_rd2,1,,NVIDIA Thor,11.0,580.00,13.0,PTX ISA 9.3 / CUDA 13.0,1575.000,,,,bf16,128,64,16,32,128,32,0,discard,same,1,2,32,1,nocount,sw128,sw128,16,16,16,0,512,0,32,partial,0,none,0,4,20,3678964.0,2335.850158730159,,,,,6144,,9.193584785281944,,,0,0.0,1,bf14b28d2af4128daa99f23eec8a5e105636d0b04136f8be580fdc39d6f1f97d,; UTCHMMA=21;UTCHMMA_WS=16;UTCBAR=1;UTCATOMSWS=3;SYNCS_TRYWAIT=8;LDS=21;LDG=9;ptx_tcgen05_mma=21;ptx_tcgen05_mma_ws=16;ptx_tcgen05_commit=1;ptx_tcgen05_alloc=1;ptx_tcgen05_dealloc=1;ptx_tcgen05_ld=5;ptx_tcgen05_st=5;ptx_mbarrier_wait=5;ptx_cp_async_tma=2;ptx_ld_shared=26;ptx_ld_global=7
06_tmem_dependency,tmem_bf16_m128n64k16_c512_partial_in0_rd2,1,,NVIDIA Thor,11.0,580.00,13.0,PTX ISA 9.3 / CUDA 13.0,1575.000,,,,bf16,128,64,16,32,128,32,1,discard,same,1,2,32,1,nocount,sw128,sw128,16,16,16,0,512,0,32,partial,0,none,0,4,20,3678960.0,2335.847619047619,,,,,6144,,9.193594781133799,,,0,0.0,1,bf14b28d2af4128daa99f23eec8a5e105636d0b04136f8be580fdc39d6f1f97d,
06_tmem_dependency,tmem_bf16_m128n64k16_c512_partial_in0_rd2,1,,NVIDIA Thor,11.0,580.00,13.0,PTX ISA 9.3 / CUDA 13.0,1575.000,,,,bf16,128,64,16,32,128,32,2,discard,same,1,2,32,1,nocount,sw128,sw128,16,16,16,0,512,0,32,partial,0,none,0,4,20,3678958.0,2335.8463492063493,,,,,6144,,9.193599779067878,,,0,0.0,1,bf14b28d2af4128daa99f23eec8a5e105636d0b04136f8be580fdc39d6f1f97d,
06_tmem_dependency,tmem_bf16_m128n64k16_c512_partial_in0_rd2,1,,NVIDIA Thor,11.0,580.00,13.0,PTX ISA 9.3 / CUDA 13.0,1575.000,,,,bf16,128,64,16,32,128,32,3,discard,same,1,2,32,1,nocount,sw128,sw128,16,16,16,0,512,0,32,partial,0,none,0,4,20,3678956.0,2335.845079365079,,,,,6144,,9.19360477700739,,,0,0.0,1,bf14b28d2af4128daa99f23eec8a5e105636d0b04136f8be580fdc39d6f1f97d,
06_tmem_dependency,tmem_bf16_m128n64k16_c512_partial_in0_rd2,1,,NVIDIA Thor,11.0,580.00,13.0,PTX ISA 9.3 / CUDA 13.0,1575.000,,,,bf16,128,64,16,32,128,32,4,discard,same,1,2,32,1,nocount,sw128,sw128,16,16,16,0,512,0,32,partial,0,none,0,4,20,3678955.0,2335.8444444444444,,,,,6144,,9.193607275979184,,,0,0.0,1,bf14b28d2af4128daa99f23eec8a5e105636d0b04136f8be580fdc39d6f1f97d,
06_tmem_dependency,tmem_fp16_m128n64k16_c256_partial_in1_rd1,1,,NVIDIA Thor,11.0,580.00,13.0,PTX ISA 9.3 / CUDA 13.0,1575.000,,,,fp16,128,64,16,32,128,33,0,discard,same,1,1,32,1,nocount,sw128,sw128,16,16,16,0,256,0,32,partial,1,none,0,4,20,3182158.0,2020.417777777778,,,,,6144,,10.628908890130534,,,0,0.0,1,bf14b28d2af4128daa99f23eec8a5e105636d0b04136f8be580fdc39d6f1f97d,; UTCHMMA=21;UTCHMMA_WS=16;UTCBAR=1;UTCATOMSWS=3;SYNCS_TRYWAIT=8;LDS=21;LDG=9;ptx_tcgen05_mma=21;ptx_tcgen05_mma_ws=16;ptx_tcgen05_commit=1;ptx_tcgen05_alloc=1;ptx_tcgen05_dealloc=1;ptx_tcgen05_ld=5;ptx_tcgen05_st=5;ptx_mbarrier_wait=5;ptx_cp_async_tma=2;ptx_ld_shared=26;ptx_ld_global=7
06_tmem_dependency,tmem_fp16_m128n64k16_c256_partial_in1_rd1,1,,NVIDIA Thor,11.0,580.00,13.0,PTX ISA 9.3 / CUDA 13.0,1575.000,,,,fp16,128,64,16,32,128,33,1,discard,same,1,1,32,1,nocount,sw128,sw128,16,16,16,0,256,0,32,partial,1,none,0,4,20,3182155.0,2020.4158730158729,,,,,6144,,10.628918910612462,,,0,0.0,1,bf14b28d2af4128daa99f23eec8a5e105636d0b04136f8be580fdc39d6f1f97d,
06_tmem_dependency,tmem_fp16_m128n64k16_c256_partial_in1_rd1,1,,NVIDIA Thor,11.0,580.00,13.0,PTX ISA 9.3 / CUDA 13.0,1575.000,,,,fp16,128,64,16,32,128,33,2,discard,same,1,1,32,1,nocount,sw128,sw128,16,16,16,0,256,0,32,partial,1,none,0,4,20,3182167.0,2020.423492063492,,,,,6144,,10.628878828798113,,,0,0.0,1,bf14b28d2af4128daa99f23eec8a5e105636d0b04136f8be580fdc39d6f1f97d,
06_tmem_dependency,tmem_fp16_m128n64k16_c256_partial_in1_rd1,1,,NVIDIA Thor,11.0,580.00,13.0,PTX ISA 9.3 / CUDA 13.0,1575.000,,,,fp16,128,64,16,32,128,33,3,discard,same,1,1,32,1,nocount,sw128,sw128,16,16,16,0,256,0,32,partial,1,none,0,4,20,3182153.0,2020.4146031746031,,,,,6144,,10.628925590944243,,,0,0.0,1,bf14b28d2af4128daa99f23eec8a5e105636d0b04136f8be580fdc39d6f1f97d,
06_tmem_dependency,tmem_fp16_m128n64k16_c256_partial_in1_rd1,1,,NVIDIA Thor,11.0,580.00,13.0,PTX ISA 9.3 / CUDA 13.0,1575.000,,,,fp16,128,64,16,32,128,33,4,discard,same,1,1,32,1,nocount,sw128,sw128,16,16,16,0,256,0,32,partial,1,none,0,4,20,3182172.0,2020.4266666666667,,,,,6144,,10.628862128131352,,,0,0.0,1,bf14b28d2af4128daa99f23eec8a5e105636d0b04136f8be580fdc39d6f1f97d,
06_tmem_dependency,tmem_fp16_m128n64k16_c256_full_in0_rd4,1,,NVIDIA Thor,11.0,580.00,13.0,PTX ISA 9.3 / CUDA 13.0,1575.000,,,,fp16,128,64,16,32,128,34,0,discard,same,1,1,32,1,nocount,sw128,sw128,16,16,16,0,256,0,0,full,0,none,0,4,20,3182165.0,2020.4222222222224,,,,,6144,,10.62888550907951,,,0,0.0,1,bf14b28d2af4128daa99f23eec8a5e105636d0b04136f8be580fdc39d6f1f97d,; UTCHMMA=21;UTCHMMA_WS=16;UTCBAR=1;UTCATOMSWS=3;SYNCS_TRYWAIT=8;LDS=21;LDG=9;ptx_tcgen05_mma=21;ptx_tcgen05_mma_ws=16;ptx_tcgen05_commit=1;ptx_tcgen05_alloc=1;ptx_tcgen05_dealloc=1;ptx_tcgen05_ld=5;ptx_tcgen05_st=5;ptx_mbarrier_wait=5;ptx_cp_async_tma=2;ptx_ld_shared=26;ptx_ld_global=7
06_tmem_dependency,tmem_fp16_m128n64k16_c256_full_in0_rd4,1,,NVIDIA Thor,11.0,580.00,13.0,PTX ISA 9.3 / CUDA 13.0,1575.000,,,,fp16,128,64,16,32,128,34,1,discard,same,1,1,32,1,nocount,sw128,sw128,16,16,16,0,256,0,0,full,0,none,0,4,20,3182157.0,2020.4171428571428,,,,,6144,,10.628912230289078,,,0,0.0,1,bf14b28d2af4128daa99f23eec8a5e105636d0b04136f8be580fdc39d6f1f97d,
06_tmem_dependency,tmem_fp16_m128n64k16_c256_full_in0_rd4,1,,NVIDIA Thor,11.0,580.00,13.0,PTX ISA 9.3 / CUDA 13.0,1575.000,,,,fp16,128,64,16,32,128,34,2,discard,same,1,1,32,1,nocount,sw128,sw128,16,16,16,0,256,0,0,full,0,none,0,4,20,3182155.0,2020.4158730158729,,,,,6144,,10.628918910612462,,,0,0.0,1,bf14b28d2af4128daa99f23eec8a5e105636d0b04136f8be580fdc39d6f1f97d,
06_tmem_dependency,tmem_fp16_m128n64k16_c256_full_in0_rd4,1,,NVIDIA Thor,11.0,580.00,13.0,PTX ISA 9.3 / CUDA 13.0,1575.000,,,,fp16,128,64,16,32,128,34,3,discard,same,1,1,32,1,nocount,sw128,sw128,16,16,16,0,256,0,0,full,0,none,0,4,20,3182153.0,2020.4146031746031,,,,,6144,,10.628925590944243,,,0,0.0,1,bf14b28d2af4128daa99f23eec8a5e105636d0b04136f8be580fdc39d6f1f97d,
06_tmem_dependency,tmem_fp16_m128n64k16_c256_full_in0_rd4,1,,NVIDIA Thor,11.0,580.00,13.0,PTX ISA 9.3 / CUDA 13.0,1575.000,,,,fp16,128,64,16,32,128,34,4,discard,same,1,1,32,1,nocount,sw128,sw128,16,16,16,0,256,0,0,full,0,none,0,4,20,3182171.0,2020.4260317460316,,,,,6144,,10.628865468260505,,,0,0.0,1,bf14b28d2af4128daa99f23eec8a5e105636d0b04136f8be580fdc39d6f1f97d,
06_tmem_dependency,tmem_fp16_m128n64k16_c128_full_in0_rd1,1,,NVIDIA Thor,11.0,580.00,13.0,PTX ISA 9.3 / CUDA 13.0,1575.000,,,,fp16,128,64,16,32,128,35,0,discard,same,1,1,32,1,nocount,sw128,sw128,16,16,16,0,128,0,0,full,0,none,0,4,20,3182167.0,2020.423492063492,,,,,6144,,10.628878828798113,,,0,0.0,1,bf14b28d2af4128daa99f23eec8a5e105636d0b04136f8be580fdc39d6f1f97d,; UTCHMMA=21;UTCHMMA_WS=16;UTCBAR=1;UTCATOMSWS=3;SYNCS_TRYWAIT=8;LDS=21;LDG=9;ptx_tcgen05_mma=21;ptx_tcgen05_mma_ws=16;ptx_tcgen05_commit=1;ptx_tcgen05_alloc=1;ptx_tcgen05_dealloc=1;ptx_tcgen05_ld=5;ptx_tcgen05_st=5;ptx_mbarrier_wait=5;ptx_cp_async_tma=2;ptx_ld_shared=26;ptx_ld_global=7
06_tmem_dependency,tmem_fp16_m128n64k16_c128_full_in0_rd1,1,,NVIDIA Thor,11.0,580.00,13.0,PTX ISA 9.3 / CUDA 13.0,1575.000,,,,fp16,128,64,16,32,128,35,1,discard,same,1,1,32,1,nocount,sw128,sw128,16,16,16,0,128,0,0,full,0,none,0,4,20,3182167.0,2020.423492063492,,,,,6144,,10.628878828798113,,,0,0.0,1,bf14b28d2af4128daa99f23eec8a5e105636d0b04136f8be580fdc39d6f1f97d,
06_tmem_dependency,tmem_fp16_m128n64k16_c128_full_in0_rd1,1,,NVIDIA Thor,11.0,580.00,13.0,PTX ISA 9.3 / CUDA 13.0,1575.000,,,,fp16,128,64,16,32,128,35,2,discard,same,1,1,32,1,nocount,sw128,sw128,16,16,16,0,128,0,0,full,0,none,0,4,20,3182164.0,2020.4215873015874,,,,,6144,,10.62888884922336,,,0,0.0,1,bf14b28d2af4128daa99f23eec8a5e105636d0b04136f8be580fdc39d6f1f97d,
06_tmem_dependency,tmem_fp16_m128n64k16_c128_full_in0_rd1,1,,NVIDIA Thor,11.0,580.00,13.0,PTX ISA 9.3 / CUDA 13.0,1575.000,,,,fp16,128,64,16,32,128,35,3,discard,same,1,1,32,1,nocount,sw128,sw128,16,16,16,0,128,0,0,full,0,none,0,4,20,3182165.0,2020.4222222222224,,,,,6144,,10.62888550907951,,,0,0.0,1,bf14b28d2af4128daa99f23eec8a5e105636d0b04136f8be580fdc39d6f1f97d,
06_tmem_dependency,tmem_fp16_m128n64k16_c128_full_in0_rd1,1,,NVIDIA Thor,11.0,580.00,13.0,PTX ISA 9.3 / CUDA 13.0,1575.000,,,,fp16,128,64,16,32,128,35,4,discard,same,1,1,32,1,nocount,sw128,sw128,16,16,16,0,128,0,0,full,0,none,0,4,20,3182166.0,2020.422857142857,,,,,6144,,10.628882168937762,,,0,0.0,1,bf14b28d2af4128daa99f23eec8a5e105636d0b04136f8be580fdc39d6f1f97d,
06_tmem_dependency,tmem_fp16_m128n256k16_c256_full_in1_rd1,1,,NVIDIA Thor,11.0,580.00,13.0,PTX ISA 9.3 / CUDA 13.0,1575.000,,,,fp16,128,256,16,32,128,36,0,discard,same,1,1,32,1,nocount,sw128,sw128,16,16,16,0,256,0,0,full,1,none,0,4,20,3181543.0,2020.0273015873017,,,,,12288,,42.52385393628186,,,0,0.0,1,bf14b28d2af4128daa99f23eec8a5e105636d0b04136f8be580fdc39d6f1f97d,; UTCHMMA=21;UTCHMMA_WS=16;UTCBAR=1;UTCATOMSWS=3;SYNCS_TRYWAIT=8;LDS=21;LDG=9;ptx_tcgen05_mma=21;ptx_tcgen05_mma_ws=16;ptx_tcgen05_commit=1;ptx_tcgen05_alloc=1;ptx_tcgen05_dealloc=1;ptx_tcgen05_ld=5;ptx_tcgen05_st=5;ptx_mbarrier_wait=5;ptx_cp_async_tma=2;ptx_ld_shared=26;ptx_ld_global=7
06_tmem_dependency,tmem_fp16_m128n256k16_c256_full_in1_rd1,1,,NVIDIA Thor,11.0,580.00,13.0,PTX ISA 9.3 / CUDA 13.0,1575.000,,,,fp16,128,256,16,32,128,36,1,discard,same,1,1,32,1,nocount,sw128,sw128,16,16,16,0,256,0,0,full,1,none,0,4,20,3181546.0,2020.0292063492063,,,,,12288,,42.52381383893239,,,0,0.0,1,bf14b28d2af4128daa99f23eec8a5e105636d0b04136f8be580fdc39d6f1f97d,
06_tmem_dependency,tmem_fp16_m128n256k16_c256_full_in1_rd1,1,,NVIDIA Thor,11.0,580.00,13.0,PTX ISA 9.3 / CUDA 13.0,1575.000,,,,fp16,128,256,16,32,128,36,2,discard,same,1,1,32,1,nocount,sw128,sw128,16,16,16,0,256,0,0,full,1,none,0,4,20,3181541.0,2020.0260317460318,,,,,12288,,42.52388066789018,,,0,0.0,1,bf14b28d2af4128daa99f23eec8a5e105636d0b04136f8be580fdc39d6f1f97d,
06_tmem_dependency,tmem_fp16_m128n256k16_c256_full_in1_rd1,1,,NVIDIA Thor,11.0,580.00,13.0,PTX ISA 9.3 / CUDA 13.0,1575.000,,,,fp16,128,256,16,32,128,36,3,discard,same,1,1,32,1,nocount,sw128,sw128,16,16,16,0,256,0,0,full,1,none,0,4,20,3181550.0,2020.0317460317463,,,,,12288,,42.5237603759174,,,0,0.0,1,bf14b28d2af4128daa99f23eec8a5e105636d0b04136f8be580fdc39d6f1f97d,
06_tmem_dependency,tmem_fp16_m128n256k16_c256_full_in1_rd1,1,,NVIDIA Thor,11.0,580.00,13.0,PTX ISA 9.3 / CUDA 13.0,1575.000,,,,fp16,128,256,16,32,128,36,4,discard,same,1,1,32,1,nocount,sw128,sw128,16,16,16,0,256,0,0,full,1,none,0,4,20,3181792.0,2020.1853968253965,,,,,12288,,42.520526113586314,,,0,0.0,1,bf14b28d2af4128daa99f23eec8a5e105636d0b04136f8be580fdc39d6f1f97d,
06_tmem_dependency,tmem_bf16_m128n256k16_c512_partial_in0_rd1,1,,NVIDIA Thor,11.0,580.00,13.0,PTX ISA 9.3 / CUDA 13.0,1575.000,,,,bf16,128,256,16,32,128,37,0,discard,same,1,1,32,1,nocount,sw128,sw128,16,16,16,0,512,0,128,partial,0,none,0,4,20,3181542.0,2020.0266666666666,,,,,12288,,42.52386730208182,,,0,0.0,1,bf14b28d2af4128daa99f23eec8a5e105636d0b04136f8be580fdc39d6f1f97d,; UTCHMMA=21;UTCHMMA_WS=16;UTCBAR=1;UTCATOMSWS=3;SYNCS_TRYWAIT=8;LDS=21;LDG=9;ptx_tcgen05_mma=21;ptx_tcgen05_mma_ws=16;ptx_tcgen05_commit=1;ptx_tcgen05_alloc=1;ptx_tcgen05_dealloc=1;ptx_tcgen05_ld=5;ptx_tcgen05_st=5;ptx_mbarrier_wait=5;ptx_cp_async_tma=2;ptx_ld_shared=26;ptx_ld_global=7
06_tmem_dependency,tmem_bf16_m128n256k16_c512_partial_in0_rd1,1,,NVIDIA Thor,11.0,580.00,13.0,PTX ISA 9.3 / CUDA 13.0,1575.000,,,,bf16,128,256,16,32,128,37,1,discard,same,1,1,32,1,nocount,sw128,sw128,16,16,16,0,512,0,128,partial,0,none,0,4,20,3181788.0,2020.1828571428573,,,,,12288,,42.520579568469046,,,0,0.0,1,bf14b28d2af4128daa99f23eec8a5e105636d0b04136f8be580fdc39d6f1f97d,
06_tmem_dependency,tmem_bf16_m128n256k16_c512_partial_in0_rd1,1,,NVIDIA Thor,11.0,580.00,13.0,PTX ISA 9.3 / CUDA 13.0,1575.000,,,,bf16,128,256,16,32,128,37,2,discard,same,1,1,32,1,nocount,sw128,sw128,16,16,16,0,512,0,128,partial,0,none,0,4,20,3181786.0,2020.1815873015873,,,,,12288,,42.52060629596082,,,0,0.0,1,bf14b28d2af4128daa99f23eec8a5e105636d0b04136f8be580fdc39d6f1f97d,
06_tmem_dependency,tmem_bf16_m128n256k16_c512_partial_in0_rd1,1,,NVIDIA Thor,11.0,580.00,13.0,PTX ISA 9.3 / CUDA 13.0,1575.000,,,,bf16,128,256,16,32,128,37,3,discard,same,1,1,32,1,nocount,sw128,sw128,16,16,16,0,512,0,128,partial,0,none,0,4,20,3181550.0,2020.0317460317463,,,,,12288,,42.5237603759174,,,0,0.0,1,bf14b28d2af4128daa99f23eec8a5e105636d0b04136f8be580fdc39d6f1f97d,
06_tmem_dependency,tmem_bf16_m128n256k16_c512_partial_in0_rd1,1,,NVIDIA Thor,11.0,580.00,13.0,PTX ISA 9.3 / CUDA 13.0,1575.000,,,,bf16,128,256,16,32,128,37,4,discard,same,1,1,32,1,nocount,sw128,sw128,16,16,16,0,512,0,128,partial,0,none,0,4,20,3181544.0,2020.0279365079366,,,,,12288,,42.52384057049031,,,0,0.0,1,bf14b28d2af4128daa99f23eec8a5e105636d0b04136f8be580fdc39d6f1f97d,
06_tmem_dependency,tmem_fp16_m128n256k16_c512_full_in1_rd1,1,,NVIDIA Thor,11.0,580.00,13.0,PTX ISA 9.3 / CUDA 13.0,1575.000,,,,fp16,128,256,16,32,128,38,0,discard,same,1,1,32,1,nocount,sw128,sw128,16,16,16,0,512,0,0,full,1,none,0,4,20,3181792.0,2020.1853968253965,,,,,12288,,42.520526113586314,,,0,0.0,1,bf14b28d2af4128daa99f23eec8a5e105636d0b04136f8be580fdc39d6f1f97d,; UTCHMMA=21;UTCHMMA_WS=16;UTCBAR=1;UTCATOMSWS=3;SYNCS_TRYWAIT=8;LDS=21;LDG=9;ptx_tcgen05_mma=21;ptx_tcgen05_mma_ws=16;ptx_tcgen05_commit=1;ptx_tcgen05_alloc=1;ptx_tcgen05_dealloc=1;ptx_tcgen05_ld=5;ptx_tcgen05_st=5;ptx_mbarrier_wait=5;ptx_cp_async_tma=2;ptx_ld_shared=26;ptx_ld_global=7
06_tmem_dependency,tmem_fp16_m128n256k16_c512_full_in1_rd1,1,,NVIDIA Thor,11.0,580.00,13.0,PTX ISA 9.3 / CUDA 13.0,1575.000,,,,fp16,128,256,16,32,128,38,1,discard,same,1,1,32,1,nocount,sw128,sw128,16,16,16,0,512,0,0,full,1,none,0,4,20,3181559.0,2020.0374603174605,,,,,12288,,42.52364008462517,,,0,0.0,1,bf14b28d2af4128daa99f23eec8a5e105636d0b04136f8be580fdc39d6f1f97d,
06_tmem_dependency,tmem_fp16_m128n256k16_c512_full_in1_rd1,1,,NVIDIA Thor,11.0,580.00,13.0,PTX ISA 9.3 / CUDA 13.0,1575.000,,,,fp16,128,256,16,32,128,38,2,discard,same,1,1,32,1,nocount,sw128,sw128,16,16,16,0,512,0,0,full,1,none,0,4,20,3181542.0,2020.0266666666666,,,,,12288,,42.52386730208182,,,0,0.0,1,bf14b28d2af4128daa99f23eec8a5e105636d0b04136f8be580fdc39d6f1f97d,
06_tmem_dependency,tmem_fp16_m128n256k16_c512_full_in1_rd1,1,,NVIDIA Thor,11.0,580.00,13.0,PTX ISA 9.3 / CUDA 13.0,1575.000,,,,fp16,128,256,16,32,128,38,3,discard,same,1,1,32,1,nocount,sw128,sw128,16,16,16,0,512,0,0,full,1,none,0,4,20,3181551.0,2020.032380952381,,,,,12288,,42.52374701018466,,,0,0.0,1,bf14b28d2af4128daa99f23eec8a5e105636d0b04136f8be580fdc39d6f1f97d,
06_tmem_dependency,tmem_fp16_m128n256k16_c512_full_in1_rd1,1,,NVIDIA Thor,11.0,580.00,13.0,PTX ISA 9.3 / CUDA 13.0,1575.000,,,,fp16,128,256,16,32,128,38,4,discard,same,1,1,32,1,nocount,sw128,sw128,16,16,16,0,512,0,0,full,1,none,0,4,20,3181542.0,2020.0266666666666,,,,,12288,,42.52386730208182,,,0,0.0,1,bf14b28d2af4128daa99f23eec8a5e105636d0b04136f8be580fdc39d6f1f97d,
06_tmem_dependency,tmem_bf16_m128n256k16_c256_full_in1_rd1,1,,NVIDIA Thor,11.0,580.00,13.0,PTX ISA 9.3 / CUDA 13.0,1575.000,,,,bf16,128,256,16,32,128,39,0,discard,same,1,1,32,1,nocount,sw128,sw128,16,16,16,0,256,0,0,full,1,none,0,4,20,3181545.0,2020.0285714285712,,,,,12288,,42.523827204707146,,,0,0.0,1,bf14b28d2af4128daa99f23eec8a5e105636d0b04136f8be580fdc39d6f1f97d,; UTCHMMA=21;UTCHMMA_WS=16;UTCBAR=1;UTCATOMSWS=3;SYNCS_TRYWAIT=8;LDS=21;LDG=9;ptx_tcgen05_mma=21;ptx_tcgen05_mma_ws=16;ptx_tcgen05_commit=1;ptx_tcgen05_alloc=1;ptx_tcgen05_dealloc=1;ptx_tcgen05_ld=5;ptx_tcgen05_st=5;ptx_mbarrier_wait=5;ptx_cp_async_tma=2;ptx_ld_shared=26;ptx_ld_global=7
06_tmem_dependency,tmem_bf16_m128n256k16_c256_full_in1_rd1,1,,NVIDIA Thor,11.0,580.00,13.0,PTX ISA 9.3 / CUDA 13.0,1575.000,,,,bf16,128,256,16,32,128,39,1,discard,same,1,1,32,1,nocount,sw128,sw128,16,16,16,0,256,0,0,full,1,none,0,4,20,3181544.0,2020.0279365079366,,,,,12288,,42.52384057049031,,,0,0.0,1,bf14b28d2af4128daa99f23eec8a5e105636d0b04136f8be580fdc39d6f1f97d,
06_tmem_dependency,tmem_bf16_m128n256k16_c256_full_in1_rd1,1,,NVIDIA Thor,11.0,580.00,13.0,PTX ISA 9.3 / CUDA 13.0,1575.000,,,,bf16,128,256,16,32,128,39,2,discard,same,1,1,32,1,nocount,sw128,sw128,16,16,16,0,256,0,0,full,1,none,0,4,20,3181785.0,2020.1809523809522,,,,,12288,,42.520619659719316,,,0,0.0,1,bf14b28d2af4128daa99f23eec8a5e105636d0b04136f8be580fdc39d6f1f97d,
06_tmem_dependency,tmem_bf16_m128n256k16_c256_full_in1_rd1,1,,NVIDIA Thor,11.0,580.00,13.0,PTX ISA 9.3 / CUDA 13.0,1575.000,,,,bf16,128,256,16,32,128,39,3,discard,same,1,1,32,1,nocount,sw128,sw128,16,16,16,0,256,0,0,full,1,none,0,4,20,3181545.0,2020.0285714285712,,,,,12288,,42.523827204707146,,,0,0.0,1,bf14b28d2af4128daa99f23eec8a5e105636d0b04136f8be580fdc39d6f1f97d,
06_tmem_dependency,tmem_bf16_m128n256k16_c256_full_in1_rd1,1,,NVIDIA Thor,11.0,580.00,13.0,PTX ISA 9.3 / CUDA 13.0,1575.000,,,,bf16,128,256,16,32,128,39,4,discard,same,1,1,32,1,nocount,sw128,sw128,16,16,16,0,256,0,0,full,1,none,0,4,20,3181545.0,2020.0285714285712,,,,,12288,,42.523827204707146,,,0,0.0,1,bf14b28d2af4128daa99f23eec8a5e105636d0b04136f8be580fdc39d6f1f97d,
06_tmem_dependency,tmem_bf16_m128n256k16_c512_none_in1_rd1,1,,NVIDIA Thor,11.0,580.00,13.0,PTX ISA 9.3 / CUDA 13.0,1575.000,,,,bf16,128,256,16,32,128,40,0,discard,same,2,1,32,1,nocount,sw128,sw128,16,16,16,0,512,0,256,none,1,none,0,4,20,3181793.0,2020.1860317460319,,,,,12288,,42.52051274988662,,,0,0.0,1,bf14b28d2af4128daa99f23eec8a5e105636d0b04136f8be580fdc39d6f1f97d,; UTCHMMA=21;UTCHMMA_WS=16;UTCBAR=1;UTCATOMSWS=3;SYNCS_TRYWAIT=8;LDS=21;LDG=9;ptx_tcgen05_mma=21;ptx_tcgen05_mma_ws=16;ptx_tcgen05_commit=1;ptx_tcgen05_alloc=1;ptx_tcgen05_dealloc=1;ptx_tcgen05_ld=5;ptx_tcgen05_st=5;ptx_mbarrier_wait=5;ptx_cp_async_tma=2;ptx_ld_shared=26;ptx_ld_global=7
06_tmem_dependency,tmem_bf16_m128n256k16_c512_none_in1_rd1,1,,NVIDIA Thor,11.0,580.00,13.0,PTX ISA 9.3 / CUDA 13.0,1575.000,,,,bf16,128,256,16,32,128,40,1,discard,same,2,1,32,1,nocount,sw128,sw128,16,16,16,0,512,0,256,none,1,none,0,4,20,3181788.0,2020.1828571428573,,,,,12288,,42.520579568469046,,,0,0.0,1,bf14b28d2af4128daa99f23eec8a5e105636d0b04136f8be580fdc39d6f1f97d,
06_tmem_dependency,tmem_bf16_m128n256k16_c512_none_in1_rd1,1,,NVIDIA Thor,11.0,580.00,13.0,PTX ISA 9.3 / CUDA 13.0,1575.000,,,,bf16,128,256,16,32,128,40,2,discard,same,2,1,32,1,nocount,sw128,sw128,16,16,16,0,512,0,256,none,1,none,0,4,20,3181792.0,2020.1853968253965,,,,,12288,,42.520526113586314,,,0,0.0,1,bf14b28d2af4128daa99f23eec8a5e105636d0b04136f8be580fdc39d6f1f97d,
06_tmem_dependency,tmem_bf16_m128n256k16_c512_none_in1_rd1,1,,NVIDIA Thor,11.0,580.00,13.0,PTX ISA 9.3 / CUDA 13.0,1575.000,,,,bf16,128,256,16,32,128,40,3,discard,same,2,1,32,1,nocount,sw128,sw128,16,16,16,0,512,0,256,none,1,none,0,4,20,3181550.0,2020.0317460317463,,,,,12288,,42.5237603759174,,,0,0.0,1,bf14b28d2af4128daa99f23eec8a5e105636d0b04136f8be580fdc39d6f1f97d,
06_tmem_dependency,tmem_bf16_m128n256k16_c512_none_in1_rd1,1,,NVIDIA Thor,11.0,580.00,13.0,PTX ISA 9.3 / CUDA 13.0,1575.000,,,,bf16,128,256,16,32,128,40,4,discard,same,2,1,32,1,nocount,sw128,sw128,16,16,16,0,512,0,256,none,1,none,0,4,20,3181550.0,2020.0317460317463,,,,,12288,,42.5237603759174,,,0,0.0,1,bf14b28d2af4128daa99f23eec8a5e105636d0b04136f8be580fdc39d6f1f97d,
06_tmem_dependency,tmem_fp16_m128n64k16_c512_full_in0_rd1,1,,NVIDIA Thor,11.0,580.00,13.0,PTX ISA 9.3 / CUDA 13.0,1575.000,,,,fp16,128,64,16,32,128,41,0,discard,same,1,1,32,1,nocount,sw128,sw128,16,16,16,0,512,0,0,full,0,none,0,4,20,3182154.0,2020.4152380952382,,,,,6144,,10.628922250777302,,,0,0.0,1,bf14b28d2af4128daa99f23eec8a5e105636d0b04136f8be580fdc39d6f1f97d,; UTCHMMA=21;UTCHMMA_WS=16;UTCBAR=1;UTCATOMSWS=3;SYNCS_TRYWAIT=8;LDS=21;LDG=9;ptx_tcgen05_mma=21;ptx_tcgen05_mma_ws=16;ptx_tcgen05_commit=1;ptx_tcgen05_alloc=1;ptx_tcgen05_dealloc=1;ptx_tcgen05_ld=5;ptx_tcgen05_st=5;ptx_mbarrier_wait=5;ptx_cp_async_tma=2;ptx_ld_shared=26;ptx_ld_global=7
06_tmem_dependency,tmem_fp16_m128n64k16_c512_full_in0_rd1,1,,NVIDIA Thor,11.0,580.00,13.0,PTX ISA 9.3 / CUDA 13.0,1575.000,,,,fp16,128,64,16,32,128,41,1,discard,same,1,1,32,1,nocount,sw128,sw128,16,16,16,0,512,0,0,full,0,none,0,4,20,3182160.0,2020.4190476190474,,,,,6144,,10.628902209819746,,,0,0.0,1,bf14b28d2af4128daa99f23eec8a5e105636d0b04136f8be580fdc39d6f1f97d,
06_tmem_dependency,tmem_fp16_m128n64k16_c512_full_in0_rd1,1,,NVIDIA Thor,11.0,580.00,13.0,PTX ISA 9.3 / CUDA 13.0,1575.000,,,,fp16,128,64,16,32,128,41,2,discard,same,1,1,32,1,nocount,sw128,sw128,16,16,16,0,512,0,0,full,0,none,0,4,20,3182173.0,2020.4273015873016,,,,,6144,,10.628858788004298,,,0,0.0,1,bf14b28d2af4128daa99f23eec8a5e105636d0b04136f8be580fdc39d6f1f97d,
06_tmem_dependency,tmem_fp16_m128n64k16_c512_full_in0_rd1,1,,NVIDIA Thor,11.0,580.00,13.0,PTX ISA 9.3 / CUDA 13.0,1575.000,,,,fp16,128,64,16,32,128,41,3,discard,same,1,1,32,1,nocount,sw128,sw128,16,16,16,0,512,0,0,full,0,none,0,4,20,3182173.0,2020.4273015873016,,,,,6144,,10.628858788004298,,,0,0.0,1,bf14b28d2af4128daa99f23eec8a5e105636d0b04136f8be580fdc39d6f1f97d,
06_tmem_dependency,tmem_fp16_m128n64k16_c512_full_in0_rd1,1,,NVIDIA Thor,11.0,580.00,13.0,PTX ISA 9.3 / CUDA 13.0,1575.000,,,,fp16,128,64,16,32,128,41,4,discard,same,1,1,32,1,nocount,sw128,sw128,16,16,16,0,512,0,0,full,0,none,0,4,20,3182155.0,2020.4158730158729,,,,,6144,,10.628918910612462,,,0,0.0,1,bf14b28d2af4128daa99f23eec8a5e105636d0b04136f8be580fdc39d6f1f97d,
06_tmem_dependency,tmem_bf16_m128n256k16_c256_none_in0_rd1,1,,NVIDIA Thor,11.0,580.00,13.0,PTX ISA 9.3 / CUDA 13.0,1575.000,,,,bf16,128,256,16,32,128,42,0,discard,same,1,1,32,1,nocount,sw128,sw128,16,16,16,0,256,0,256,none,0,none,0,4,20,3181548.0,2020.0304761904763,,,,,12288,,42.52378710740808,,,0,0.0,1,bf14b28d2af4128daa99f23eec8a5e105636d0b04136f8be580fdc39d6f1f97d,; UTCHMMA=21;UTCHMMA_WS=16;UTCBAR=1;UTCATOMSWS=3;SYNCS_TRYWAIT=8;LDS=21;LDG=9;ptx_tcgen05_mma=21;ptx_tcgen05_mma_ws=16;ptx_tcgen05_commit=1;ptx_tcgen05_alloc=1;ptx_tcgen05_dealloc=1;ptx_tcgen05_ld=5;ptx_tcgen05_st=5;ptx_mbarrier_wait=5;ptx_cp_async_tma=2;ptx_ld_shared=26;ptx_ld_global=7
06_tmem_dependency,tmem_bf16_m128n256k16_c256_none_in0_rd1,1,,NVIDIA Thor,11.0,580.00,13.0,PTX ISA 9.3 / CUDA 13.0,1575.000,,,,bf16,128,256,16,32,128,42,1,discard,same,1,1,32,1,nocount,sw128,sw128,16,16,16,0,256,0,256,none,0,none,0,4,20,3181540.0,2020.0253968253967,,,,,12288,,42.52389403370695,,,0,0.0,1,bf14b28d2af4128daa99f23eec8a5e105636d0b04136f8be580fdc39d6f1f97d,
06_tmem_dependency,tmem_bf16_m128n256k16_c256_none_in0_rd1,1,,NVIDIA Thor,11.0,580.00,13.0,PTX ISA 9.3 / CUDA 13.0,1575.000,,,,bf16,128,256,16,32,128,42,2,discard,same,1,1,32,1,nocount,sw128,sw128,16,16,16,0,256,0,256,none,0,none,0,4,20,3181552.0,2020.033015873016,,,,,12288,,42.523733644460314,,,0,0.0,1,bf14b28d2af4128daa99f23eec8a5e105636d0b04136f8be580fdc39d6f1f97d,
06_tmem_dependency,tmem_bf16_m128n256k16_c256_none_in0_rd1,1,,NVIDIA Thor,11.0,580.00,13.0,PTX ISA 9.3 / CUDA 13.0,1575.000,,,,bf16,128,256,16,32,128,42,3,discard,same,1,1,32,1,nocount,sw128,sw128,16,16,16,0,256,0,256,none,0,none,0,4,20,3181551.0,2020.032380952381,,,,,12288,,42.52374701018466,,,0,0.0,1,bf14b28d2af4128daa99f23eec8a5e105636d0b04136f8be580fdc39d6f1f97d,
06_tmem_dependency,tmem_bf16_m128n256k16_c256_none_in0_rd1,1,,NVIDIA Thor,11.0,580.00,13.0,PTX ISA 9.3 / CUDA 13.0,1575.000,,,,bf16,128,256,16,32,128,42,4,discard,same,1,1,32,1,nocount,sw128,sw128,16,16,16,0,256,0,256,none,0,none,0,4,20,3181546.0,2020.0292063492063,,,,,12288,,42.52381383893239,,,0,0.0,1,bf14b28d2af4128daa99f23eec8a5e105636d0b04136f8be580fdc39d6f1f97d,
06_tmem_dependency,tmem_bf16_m128n64k16_c128_partial_in1_rd2,1,,NVIDIA Thor,11.0,580.00,13.0,PTX ISA 9.3 / CUDA 13.0,1575.000,,,,bf16,128,64,16,32,128,43,0,discard,same,1,2,32,1,nocount,sw128,sw128,16,16,16,0,128,0,32,partial,1,none,0,4,20,3678954.0,2335.84380952381,,,,,6144,,9.193609774952336,,,0,0.0,1,bf14b28d2af4128daa99f23eec8a5e105636d0b04136f8be580fdc39d6f1f97d,; UTCHMMA=21;UTCHMMA_WS=16;UTCBAR=1;UTCATOMSWS=3;SYNCS_TRYWAIT=8;LDS=21;LDG=9;ptx_tcgen05_mma=21;ptx_tcgen05_mma_ws=16;ptx_tcgen05_commit=1;ptx_tcgen05_alloc=1;ptx_tcgen05_dealloc=1;ptx_tcgen05_ld=5;ptx_tcgen05_st=5;ptx_mbarrier_wait=5;ptx_cp_async_tma=2;ptx_ld_shared=26;ptx_ld_global=7
06_tmem_dependency,tmem_bf16_m128n64k16_c128_partial_in1_rd2,1,,NVIDIA Thor,11.0,580.00,13.0,PTX ISA 9.3 / CUDA 13.0,1575.000,,,,bf16,128,64,16,32,128,43,1,discard,same,1,2,32,1,nocount,sw128,sw128,16,16,16,0,128,0,32,partial,1,none,0,4,20,3678953.0,2335.8431746031747,,,,,6144,,9.193612273926847,,,0,0.0,1,bf14b28d2af4128daa99f23eec8a5e105636d0b04136f8be580fdc39d6f1f97d,
06_tmem_dependency,tmem_bf16_m128n64k16_c128_partial_in1_rd2,1,,NVIDIA Thor,11.0,580.00,13.0,PTX ISA 9.3 / CUDA 13.0,1575.000,,,,bf16,128,64,16,32,128,43,2,discard,same,1,2,32,1,nocount,sw128,sw128,16,16,16,0,128,0,32,partial,1,none,0,4,20,3678962.0,2335.8488888888887,,,,,6144,,9.193589783205153,,,0,0.0,1,bf14b28d2af4128daa99f23eec8a5e105636d0b04136f8be580fdc39d6f1f97d,
06_tmem_dependency,tmem_bf16_m128n64k16_c128_partial_in1_rd2,1,,NVIDIA Thor,11.0,580.00,13.0,PTX ISA 9.3 / CUDA 13.0,1575.000,,,,bf16,128,64,16,32,128,43,3,discard,same,1,2,32,1,nocount,sw128,sw128,16,16,16,0,128,0,32,partial,1,none,0,4,20,3678958.0,2335.8463492063493,,,,,6144,,9.193599779067878,,,0,0.0,1,bf14b28d2af4128daa99f23eec8a5e105636d0b04136f8be580fdc39d6f1f97d,
06_tmem_dependency,tmem_bf16_m128n64k16_c128_partial_in1_rd2,1,,NVIDIA Thor,11.0,580.00,13.0,PTX ISA 9.3 / CUDA 13.0,1575.000,,,,bf16,128,64,16,32,128,43,4,discard,same,1,2,32,1,nocount,sw128,sw128,16,16,16,0,128,0,32,partial,1,none,0,4,20,3678956.0,2335.845079365079,,,,,6144,,9.19360477700739,,,0,0.0,1,bf14b28d2af4128daa99f23eec8a5e105636d0b04136f8be580fdc39d6f1f97d,
06_tmem_dependency,tmem_bf16_m128n64k16_c512_none_in0_rd1,1,,NVIDIA Thor,11.0,580.00,13.0,PTX ISA 9.3 / CUDA 13.0,1575.000,,,,bf16,128,64,16,32,128,44,0,discard,same,8,1,32,1,nocount,sw128,sw128,16,16,16,0,512,0,64,none,0,none,0,4,20,3182167.0,2020.423492063492,,,,,6144,,10.628878828798113,,,0,0.0,1,bf14b28d2af4128daa99f23eec8a5e105636d0b04136f8be580fdc39d6f1f97d,; UTCHMMA=21;UTCHMMA_WS=16;UTCBAR=1;UTCATOMSWS=3;SYNCS_TRYWAIT=8;LDS=21;LDG=9;ptx_tcgen05_mma=21;ptx_tcgen05_mma_ws=16;ptx_tcgen05_commit=1;ptx_tcgen05_alloc=1;ptx_tcgen05_dealloc=1;ptx_tcgen05_ld=5;ptx_tcgen05_st=5;ptx_mbarrier_wait=5;ptx_cp_async_tma=2;ptx_ld_shared=26;ptx_ld_global=7
06_tmem_dependency,tmem_bf16_m128n64k16_c512_none_in0_rd1,1,,NVIDIA Thor,11.0,580.00,13.0,PTX ISA 9.3 / CUDA 13.0,1575.000,,,,bf16,128,64,16,32,128,44,1,discard,same,8,1,32,1,nocount,sw128,sw128,16,16,16,0,512,0,64,none,0,none,0,4,20,3182167.0,2020.423492063492,,,,,6144,,10.628878828798113,,,0,0.0,1,bf14b28d2af4128daa99f23eec8a5e105636d0b04136f8be580fdc39d6f1f97d,
06_tmem_dependency,tmem_bf16_m128n64k16_c512_none_in0_rd1,1,,NVIDIA Thor,11.0,580.00,13.0,PTX ISA 9.3 / CUDA 13.0,1575.000,,,,bf16,128,64,16,32,128,44,2,discard,same,8,1,32,1,nocount,sw128,sw128,16,16,16,0,512,0,64,none,0,none,0,4,20,3182159.0,2020.4184126984128,,,,,6144,,10.628905549974089,,,0,0.0,1,bf14b28d2af4128daa99f23eec8a5e105636d0b04136f8be580fdc39d6f1f97d,
06_tmem_dependency,tmem_bf16_m128n64k16_c512_none_in0_rd1,1,,NVIDIA Thor,11.0,580.00,13.0,PTX ISA 9.3 / CUDA 13.0,1575.000,,,,bf16,128,64,16,32,128,44,3,discard,same,8,1,32,1,nocount,sw128,sw128,16,16,16,0,512,0,64,none,0,none,0,4,20,3182162.0,2020.4203174603174,,,,,6144,,10.628895529517354,,,0,0.0,1,bf14b28d2af4128daa99f23eec8a5e105636d0b04136f8be580fdc39d6f1f97d,
06_tmem_dependency,tmem_bf16_m128n64k16_c512_none_in0_rd1,1,,NVIDIA Thor,11.0,580.00,13.0,PTX ISA 9.3 / CUDA 13.0,1575.000,,,,bf16,128,64,16,32,128,44,4,discard,same,8,1,32,1,nocount,sw128,sw128,16,16,16,0,512,0,64,none,0,none,0,4,20,3182167.0,2020.423492063492,,,,,6144,,10.628878828798113,,,0,0.0,1,bf14b28d2af4128daa99f23eec8a5e105636d0b04136f8be580fdc39d6f1f97d,
06_tmem_dependency,tmem_bf16_m128n256k16_c512_partial_in1_rd2,1,,NVIDIA Thor,11.0,580.00,13.0,PTX ISA 9.3 / CUDA 13.0,1575.000,,,,bf16,128,256,16,32,128,45,0,discard,same,1,2,32,1,nocount,sw128,sw128,16,16,16,0,512,0,128,partial,1,none,0,4,20,3678177.0,2335.3504761904765,,,,,12288,,36.78220755118636,,,0,0.0,1,bf14b28d2af4128daa99f23eec8a5e105636d0b04136f8be580fdc39d6f1f97d,; UTCHMMA=21;UTCHMMA_WS=16;UTCBAR=1;UTCATOMSWS=3;SYNCS_TRYWAIT=8;LDS=21;LDG=9;ptx_tcgen05_mma=21;ptx_tcgen05_mma_ws=16;ptx_tcgen05_commit=1;ptx_tcgen05_alloc=1;ptx_tcgen05_dealloc=1;ptx_tcgen05_ld=5;ptx_tcgen05_st=5;ptx_mbarrier_wait=5;ptx_cp_async_tma=2;ptx_ld_shared=26;ptx_ld_global=7
06_tmem_dependency,tmem_bf16_m128n256k16_c512_partial_in1_rd2,1,,NVIDIA Thor,11.0,580.00,13.0,PTX ISA 9.3 / CUDA 13.0,1575.000,,,,bf16,128,256,16,32,128,45,1,discard,same,1,2,32,1,nocount,sw128,sw128,16,16,16,0,512,0,128,partial,1,none,0,4,20,3678180.0,2335.352380952381,,,,,12288,,36.78217755085395,,,0,0.0,1,bf14b28d2af4128daa99f23eec8a5e105636d0b04136f8be580fdc39d6f1f97d,
06_tmem_dependency,tmem_bf16_m128n256k16_c512_partial_in1_rd2,1,,NVIDIA Thor,11.0,580.00,13.0,PTX ISA 9.3 / CUDA 13.0,1575.000,,,,bf16,128,256,16,32,128,45,2,discard,same,1,2,32,1,nocount,sw128,sw128,16,16,16,0,512,0,128,partial,1,none,0,4,20,3678181.0,2335.3530158730155,,,,,12288,,36.78216755075403,,,0,0.0,1,bf14b28d2af4128daa99f23eec8a5e105636d0b04136f8be580fdc39d6f1f97d,
06_tmem_dependency,tmem_bf16_m128n256k16_c512_partial_in1_rd2,1,,NVIDIA Thor,11.0,580.00,13.0,PTX ISA 9.3 / CUDA 13.0,1575.000,,,,bf16,128,256,16,32,128,45,3,discard,same,1,2,32,1,nocount,sw128,sw128,16,16,16,0,512,0,128,partial,1,none,0,4,20,3678179.0,2335.351746031746,,,,,12288,,36.78218755095932,,,0,0.0,1,bf14b28d2af4128daa99f23eec8a5e105636d0b04136f8be580fdc39d6f1f97d,
06_tmem_dependency,tmem_bf16_m128n256k16_c512_partial_in1_rd2,1,,NVIDIA Thor,11.0,580.00,13.0,PTX ISA 9.3 / CUDA 13.0,1575.000,,,,bf16,128,256,16,32,128,45,4,discard,same,1,2,32,1,nocount,sw128,sw128,16,16,16,0,512,0,128,partial,1,none,0,4,20,3678179.0,2335.351746031746,,,,,12288,,36.78218755095932,,,0,0.0,1,bf14b28d2af4128daa99f23eec8a5e105636d0b04136f8be580fdc39d6f1f97d,
06_tmem_dependency,tmem_fp16_m128n64k16_c512_none_in0_rd1,1,,NVIDIA Thor,11.0,580.00,13.0,PTX ISA 9.3 / CUDA 13.0,1575.000,,,,fp16,128,64,16,32,128,46,0,discard,same,8,1,32,1,nocount,sw128,sw128,16,16,16,0,512,0,64,none,0,none,0,4,20,3182164.0,2020.4215873015874,,,,,6144,,10.62888884922336,,,0,0.0,1,bf14b28d2af4128daa99f23eec8a5e105636d0b04136f8be580fdc39d6f1f97d,; UTCHMMA=21;UTCHMMA_WS=16;UTCBAR=1;UTCATOMSWS=3;SYNCS_TRYWAIT=8;LDS=21;LDG=9;ptx_tcgen05_mma=21;ptx_tcgen05_mma_ws=16;ptx_tcgen05_commit=1;ptx_tcgen05_alloc=1;ptx_tcgen05_dealloc=1;ptx_tcgen05_ld=5;ptx_tcgen05_st=5;ptx_mbarrier_wait=5;ptx_cp_async_tma=2;ptx_ld_shared=26;ptx_ld_global=7
06_tmem_dependency,tmem_fp16_m128n64k16_c512_none_in0_rd1,1,,NVIDIA Thor,11.0,580.00,13.0,PTX ISA 9.3 / CUDA 13.0,1575.000,,,,fp16,128,64,16,32,128,46,1,discard,same,8,1,32,1,nocount,sw128,sw128,16,16,16,0,512,0,64,none,0,none,0,4,20,3182162.0,2020.4203174603174,,,,,6144,,10.628895529517354,,,0,0.0,1,bf14b28d2af4128daa99f23eec8a5e105636d0b04136f8be580fdc39d6f1f97d,
06_tmem_dependency,tmem_fp16_m128n64k16_c512_none_in0_rd1,1,,NVIDIA Thor,11.0,580.00,13.0,PTX ISA 9.3 / CUDA 13.0,1575.000,,,,fp16,128,64,16,32,128,46,2,discard,same,8,1,32,1,nocount,sw128,sw128,16,16,16,0,512,0,64,none,0,none,0,4,20,3182160.0,2020.4190476190474,,,,,6144,,10.628902209819746,,,0,0.0,1,bf14b28d2af4128daa99f23eec8a5e105636d0b04136f8be580fdc39d6f1f97d,
06_tmem_dependency,tmem_fp16_m128n64k16_c512_none_in0_rd1,1,,NVIDIA Thor,11.0,580.00,13.0,PTX ISA 9.3 / CUDA 13.0,1575.000,,,,fp16,128,64,16,32,128,46,3,discard,same,8,1,32,1,nocount,sw128,sw128,16,16,16,0,512,0,64,none,0,none,0,4,20,3182167.0,2020.423492063492,,,,,6144,,10.628878828798113,,,0,0.0,1,bf14b28d2af4128daa99f23eec8a5e105636d0b04136f8be580fdc39d6f1f97d,
06_tmem_dependency,tmem_fp16_m128n64k16_c512_none_in0_rd1,1,,NVIDIA Thor,11.0,580.00,13.0,PTX ISA 9.3 / CUDA 13.0,1575.000,,,,fp16,128,64,16,32,128,46,4,discard,same,8,1,32,1,nocount,sw128,sw128,16,16,16,0,512,0,64,none,0,none,0,4,20,3182157.0,2020.4171428571428,,,,,6144,,10.628912230289078,,,0,0.0,1,bf14b28d2af4128daa99f23eec8a5e105636d0b04136f8be580fdc39d6f1f97d,
06_tmem_dependency,tmem_bf16_m128n64k16_c128_full_in1_rd1,1,,NVIDIA Thor,11.0,580.00,13.0,PTX ISA 9.3 / CUDA 13.0,1575.000,,,,bf16,128,64,16,32,128,47,0,discard,same,1,1,32,1,nocount,sw128,sw128,16,16,16,0,128,0,0,full,1,none,0,4,20,3182172.0,2020.4266666666667,,,,,6144,,10.628862128131352,,,0,0.0,1,bf14b28d2af4128daa99f23eec8a5e105636d0b04136f8be580fdc39d6f1f97d,; UTCHMMA=21;UTCHMMA_WS=16;UTCBAR=1;UTCATOMSWS=3;SYNCS_TRYWAIT=8;LDS=21;LDG=9;ptx_tcgen05_mma=21;ptx_tcgen05_mma_ws=16;ptx_tcgen05_commit=1;ptx_tcgen05_alloc=1;ptx_tcgen05_dealloc=1;ptx_tcgen05_ld=5;ptx_tcgen05_st=5;ptx_mbarrier_wait=5;ptx_cp_async_tma=2;ptx_ld_shared=26;ptx_ld_global=7
06_tmem_dependency,tmem_bf16_m128n64k16_c128_full_in1_rd1,1,,NVIDIA Thor,11.0,580.00,13.0,PTX ISA 9.3 / CUDA 13.0,1575.000,,,,bf16,128,64,16,32,128,47,1,discard,same,1,1,32,1,nocount,sw128,sw128,16,16,16,0,128,0,0,full,1,none,0,4,20,3182153.0,2020.4146031746031,,,,,6144,,10.628925590944243,,,0,0.0,1,bf14b28d2af4128daa99f23eec8a5e105636d0b04136f8be580fdc39d6f1f97d,
06_tmem_dependency,tmem_bf16_m128n64k16_c128_full_in1_rd1,1,,NVIDIA Thor,11.0,580.00,13.0,PTX ISA 9.3 / CUDA 13.0,1575.000,,,,bf16,128,64,16,32,128,47,2,discard,same,1,1,32,1,nocount,sw128,sw128,16,16,16,0,128,0,0,full,1,none,0,4,20,3182167.0,2020.423492063492,,,,,6144,,10.628878828798113,,,0,0.0,1,bf14b28d2af4128daa99f23eec8a5e105636d0b04136f8be580fdc39d6f1f97d,
06_tmem_dependency,tmem_bf16_m128n64k16_c128_full_in1_rd1,1,,NVIDIA Thor,11.0,580.00,13.0,PTX ISA 9.3 / CUDA 13.0,1575.000,,,,bf16,128,64,16,32,128,47,3,discard,same,1,1,32,1,nocount,sw128,sw128,16,16,16,0,128,0,0,full,1,none,0,4,20,3182167.0,2020.423492063492,,,,,6144,,10.628878828798113,,,0,0.0,1,bf14b28d2af4128daa99f23eec8a5e105636d0b04136f8be580fdc39d6f1f97d,
06_tmem_dependency,tmem_bf16_m128n64k16_c128_full_in1_rd1,1,,NVIDIA Thor,11.0,580.00,13.0,PTX ISA 9.3 / CUDA 13.0,1575.000,,,,bf16,128,64,16,32,128,47,4,discard,same,1,1,32,1,nocount,sw128,sw128,16,16,16,0,128,0,0,full,1,none,0,4,20,3182167.0,2020.423492063492,,,,,6144,,10.628878828798113,,,0,0.0,1,bf14b28d2af4128daa99f23eec8a5e105636d0b04136f8be580fdc39d6f1f97d,
06_tmem_dependency,tmem_bf16_m128n128k16_c256_none_in0_rd1,1,,NVIDIA Thor,11.0,580.00,13.0,PTX ISA 9.3 / CUDA 13.0,1575.000,,,,bf16,128,128,16,32,128,48,0,discard,same,2,1,32,1,nocount,sw128,sw128,16,16,16,0,256,0,128,none,0,none,0,4,20,3181152.0,2019.7790476190478,,,,,8192,,21.26454030238102,,,0,0.0,1,bf14b28d2af4128daa99f23eec8a5e105636d0b04136f8be580fdc39d6f1f97d,; UTCHMMA=21;UTCHMMA_WS=16;UTCBAR=1;UTCATOMSWS=3;SYNCS_TRYWAIT=8;LDS=21;LDG=9;ptx_tcgen05_mma=21;ptx_tcgen05_mma_ws=16;ptx_tcgen05_commit=1;ptx_tcgen05_alloc=1;ptx_tcgen05_dealloc=1;ptx_tcgen05_ld=5;ptx_tcgen05_st=5;ptx_mbarrier_wait=5;ptx_cp_async_tma=2;ptx_ld_shared=26;ptx_ld_global=7
06_tmem_dependency,tmem_bf16_m128n128k16_c256_none_in0_rd1,1,,NVIDIA Thor,11.0,580.00,13.0,PTX ISA 9.3 / CUDA 13.0,1575.000,,,,bf16,128,128,16,32,128,48,1,discard,same,2,1,32,1,nocount,sw128,sw128,16,16,16,0,256,0,128,none,0,none,0,4,20,3181147.0,2019.7758730158728,,,,,8192,,21.26457372513751,,,0,0.0,1,bf14b28d2af4128daa99f23eec8a5e105636d0b04136f8be580fdc39d6f1f97d,
06_tmem_dependency,tmem_bf16_m128n128k16_c256_none_in0_rd1,1,,NVIDIA Thor,11.0,580.00,13.0,PTX ISA 9.3 / CUDA 13.0,1575.000,,,,bf16,128,128,16,32,128,48,2,discard,same,2,1,32,1,nocount,sw128,sw128,16,16,16,0,256,0,128,none,0,none,0,4,20,3181148.0,2019.776507936508,,,,,8192,,21.264567040577806,,,0,0.0,1,bf14b28d2af4128daa99f23eec8a5e105636d0b04136f8be580fdc39d6f1f97d,
06_tmem_dependency,tmem_bf16_m128n128k16_c256_none_in0_rd1,1,,NVIDIA Thor,11.0,580.00,13.0,PTX ISA 9.3 / CUDA 13.0,1575.000,,,,bf16,128,128,16,32,128,48,3,discard,same,2,1,32,1,nocount,sw128,sw128,16,16,16,0,256,0,128,none,0,none,0,4,20,3181152.0,2019.7790476190478,,,,,8192,,21.26454030238102,,,0,0.0,1,bf14b28d2af4128daa99f23eec8a5e105636d0b04136f8be580fdc39d6f1f97d,
06_tmem_dependency,tmem_bf16_m128n128k16_c256_none_in0_rd1,1,,NVIDIA Thor,11.0,580.00,13.0,PTX ISA 9.3 / CUDA 13.0,1575.000,,,,bf16,128,128,16,32,128,48,4,discard,same,2,1,32,1,nocount,sw128,sw128,16,16,16,0,256,0,128,none,0,none,0,4,20,3181525.0,2020.0158730158732,,,,,8192,,21.262047260983334,,,0,0.0,1,bf14b28d2af4128daa99f23eec8a5e105636d0b04136f8be580fdc39d6f1f97d,
06_tmem_dependency,tmem_bf16_m128n64k16_c512_full_in0_rd1,1,,NVIDIA Thor,11.0,580.00,13.0,PTX ISA 9.3 / CUDA 13.0,1575.000,,,,bf16,128,64,16,32,128,49,0,discard,same,1,1,32,1,nocount,sw128,sw128,16,16,16,0,512,0,0,full,0,none,0,4,20,3182169.0,2020.4247619047617,,,,,6144,,10.628872148525112,,,0,0.0,1,bf14b28d2af4128daa99f23eec8a5e105636d0b04136f8be580fdc39d6f1f97d,; UTCHMMA=21;UTCHMMA_WS=16;UTCBAR=1;UTCATOMSWS=3;SYNCS_TRYWAIT=8;LDS=21;LDG=9;ptx_tcgen05_mma=21;ptx_tcgen05_mma_ws=16;ptx_tcgen05_commit=1;ptx_tcgen05_alloc=1;ptx_tcgen05_dealloc=1;ptx_tcgen05_ld=5;ptx_tcgen05_st=5;ptx_mbarrier_wait=5;ptx_cp_async_tma=2;ptx_ld_shared=26;ptx_ld_global=7
06_tmem_dependency,tmem_bf16_m128n64k16_c512_full_in0_rd1,1,,NVIDIA Thor,11.0,580.00,13.0,PTX ISA 9.3 / CUDA 13.0,1575.000,,,,bf16,128,64,16,32,128,49,1,discard,same,1,1,32,1,nocount,sw128,sw128,16,16,16,0,512,0,0,full,0,none,0,4,20,3182158.0,2020.417777777778,,,,,6144,,10.628908890130534,,,0,0.0,1,bf14b28d2af4128daa99f23eec8a5e105636d0b04136f8be580fdc39d6f1f97d,
06_tmem_dependency,tmem_bf16_m128n64k16_c512_full_in0_rd1,1,,NVIDIA Thor,11.0,580.00,13.0,PTX ISA 9.3 / CUDA 13.0,1575.000,,,,bf16,128,64,16,32,128,49,2,discard,same,1,1,32,1,nocount,sw128,sw128,16,16,16,0,512,0,0,full,0,none,0,4,20,3182171.0,2020.4260317460316,,,,,6144,,10.628865468260505,,,0,0.0,1,bf14b28d2af4128daa99f23eec8a5e105636d0b04136f8be580fdc39d6f1f97d,
06_tmem_dependency,tmem_bf16_m128n64k16_c512_full_in0_rd1,1,,NVIDIA Thor,11.0,580.00,13.0,PTX ISA 9.3 / CUDA 13.0,1575.000,,,,bf16,128,64,16,32,128,49,3,discard,same,1,1,32,1,nocount,sw128,sw128,16,16,16,0,512,0,0,full,0,none,0,4,20,3182172.0,2020.4266666666667,,,,,6144,,10.628862128131352,,,0,0.0,1,bf14b28d2af4128daa99f23eec8a5e105636d0b04136f8be580fdc39d6f1f97d,
06_tmem_dependency,tmem_bf16_m128n64k16_c512_full_in0_rd1,1,,NVIDIA Thor,11.0,580.00,13.0,PTX ISA 9.3 / CUDA 13.0,1575.000,,,,bf16,128,64,16,32,128,49,4,discard,same,1,1,32,1,nocount,sw128,sw128,16,16,16,0,512,0,0,full,0,none,0,4,20,3182167.0,2020.423492063492,,,,,6144,,10.628878828798113,,,0,0.0,1,bf14b28d2af4128daa99f23eec8a5e105636d0b04136f8be580fdc39d6f1f97d,
06_tmem_dependency,tmem_bf16_m128n128k16_c128_full_in0_rd1,1,,NVIDIA Thor,11.0,580.00,13.0,PTX ISA 9.3 / CUDA 13.0,1575.000,,,,bf16,128,128,16,32,128,50,0,discard,same,1,1,32,1,nocount,sw128,sw128,16,16,16,0,128,0,0,full,0,none,0,4,20,3181523.0,2020.0146031746033,,,,,8192,,21.262060626938734,,,0,0.0,1,bf14b28d2af4128daa99f23eec8a5e105636d0b04136f8be580fdc39d6f1f97d,; UTCHMMA=21;UTCHMMA_WS=16;UTCBAR=1;UTCATOMSWS=3;SYNCS_TRYWAIT=8;LDS=21;LDG=9;ptx_tcgen05_mma=21;ptx_tcgen05_mma_ws=16;ptx_tcgen05_commit=1;ptx_tcgen05_alloc=1;ptx_tcgen05_dealloc=1;ptx_tcgen05_ld=5;ptx_tcgen05_st=5;ptx_mbarrier_wait=5;ptx_cp_async_tma=2;ptx_ld_shared=26;ptx_ld_global=7
06_tmem_dependency,tmem_bf16_m128n128k16_c128_full_in0_rd1,1,,NVIDIA Thor,11.0,580.00,13.0,PTX ISA 9.3 / CUDA 13.0,1575.000,,,,bf16,128,128,16,32,128,50,1,discard,same,1,1,32,1,nocount,sw128,sw128,16,16,16,0,128,0,0,full,0,none,0,4,20,3181148.0,2019.776507936508,,,,,8192,,21.264567040577806,,,0,0.0,1,bf14b28d2af4128daa99f23eec8a5e105636d0b04136f8be580fdc39d6f1f97d,
06_tmem_dependency,tmem_bf16_m128n128k16_c128_full_in0_rd1,1,,NVIDIA Thor,11.0,580.00,13.0,PTX ISA 9.3 / CUDA 13.0,1575.000,,,,bf16,128,128,16,32,128,50,2,discard,same,1,1,32,1,nocount,sw128,sw128,16,16,16,0,128,0,0,full,0,none,0,4,20,3181149.0,2019.7771428571427,,,,,8192,,21.264560356022304,,,0,0.0,1,bf14b28d2af4128daa99f23eec8a5e105636d0b04136f8be580fdc39d6f1f97d,
06_tmem_dependency,tmem_bf16_m128n128k16_c128_full_in0_rd1,1,,NVIDIA Thor,11.0,580.00,13.0,PTX ISA 9.3 / CUDA 13.0,1575.000,,,,bf16,128,128,16,32,128,50,3,discard,same,1,1,32,1,nocount,sw128,sw128,16,16,16,0,128,0,0,full,0,none,0,4,20,3181515.0,2020.0095238095237,,,,,8192,,21.262114090928378,,,0,0.0,1,bf14b28d2af4128daa99f23eec8a5e105636d0b04136f8be580fdc39d6f1f97d,
06_tmem_dependency,tmem_bf16_m128n128k16_c128_full_in0_rd1,1,,NVIDIA Thor,11.0,580.00,13.0,PTX ISA 9.3 / CUDA 13.0,1575.000,,,,bf16,128,128,16,32,128,50,4,discard,same,1,1,32,1,nocount,sw128,sw128,16,16,16,0,128,0,0,full,0,none,0,4,20,3181147.0,2019.7758730158728,,,,,8192,,21.26457372513751,,,0,0.0,1,bf14b28d2af4128daa99f23eec8a5e105636d0b04136f8be580fdc39d6f1f97d,
06_tmem_dependency,tmem_bf16_m128n256k16_c512_full_in0_rd1,1,,NVIDIA Thor,11.0,580.00,13.0,PTX ISA 9.3 / CUDA 13.0,1575.000,,,,bf16,128,256,16,32,128,51,0,discard,same,1,1,32,1,nocount,sw128,sw128,16,16,16,0,512,0,0,full,0,none,0,4,20,3181547.0,2020.0298412698412,,,,,12288,,42.52380047316605,,,0,0.0,1,bf14b28d2af4128daa99f23eec8a5e105636d0b04136f8be580fdc39d6f1f97d,; UTCHMMA=21;UTCHMMA_WS=16;UTCBAR=1;UTCATOMSWS=3;SYNCS_TRYWAIT=8;LDS=21;LDG=9;ptx_tcgen05_mma=21;ptx_tcgen05_mma_ws=16;ptx_tcgen05_commit=1;ptx_tcgen05_alloc=1;ptx_tcgen05_dealloc=1;ptx_tcgen05_ld=5;ptx_tcgen05_st=5;ptx_mbarrier_wait=5;ptx_cp_async_tma=2;ptx_ld_shared=26;ptx_ld_global=7
06_tmem_dependency,tmem_bf16_m128n256k16_c512_full_in0_rd1,1,,NVIDIA Thor,11.0,580.00,13.0,PTX ISA 9.3 / CUDA 13.0,1575.000,,,,bf16,128,256,16,32,128,51,1,discard,same,1,1,32,1,nocount,sw128,sw128,16,16,16,0,512,0,0,full,0,none,0,4,20,3181792.0,2020.1853968253965,,,,,12288,,42.520526113586314,,,0,0.0,1,bf14b28d2af4128daa99f23eec8a5e105636d0b04136f8be580fdc39d6f1f97d,
06_tmem_dependency,tmem_bf16_m128n256k16_c512_full_in0_rd1,1,,NVIDIA Thor,11.0,580.00,13.0,PTX ISA 9.3 / CUDA 13.0,1575.000,,,,bf16,128,256,16,32,128,51,2,discard,same,1,1,32,1,nocount,sw128,sw128,16,16,16,0,512,0,0,full,0,none,0,4,20,3181541.0,2020.0260317460318,,,,,12288,,42.52388066789018,,,0,0.0,1,bf14b28d2af4128daa99f23eec8a5e105636d0b04136f8be580fdc39d6f1f97d,
06_tmem_dependency,tmem_bf16_m128n256k16_c512_full_in0_rd1,1,,NVIDIA Thor,11.0,580.00,13.0,PTX ISA 9.3 / CUDA 13.0,1575.000,,,,bf16,128,256,16,32,128,51,3,discard,same,1,1,32,1,nocount,sw128,sw128,16,16,16,0,512,0,0,full,0,none,0,4,20,3181792.0,2020.1853968253965,,,,,12288,,42.520526113586314,,,0,0.0,1,bf14b28d2af4128daa99f23eec8a5e105636d0b04136f8be580fdc39d6f1f97d,
06_tmem_dependency,tmem_bf16_m128n256k16_c512_full_in0_rd1,1,,NVIDIA Thor,11.0,580.00,13.0,PTX ISA 9.3 / CUDA 13.0,1575.000,,,,bf16,128,256,16,32,128,51,4,discard,same,1,1,32,1,nocount,sw128,sw128,16,16,16,0,512,0,0,full,0,none,0,4,20,3181545.0,2020.0285714285712,,,,,12288,,42.523827204707146,,,0,0.0,1,bf14b28d2af4128daa99f23eec8a5e105636d0b04136f8be580fdc39d6f1f97d,
06_tmem_dependency,tmem_fp16_m128n256k16_c512_none_in1_rd1,1,,NVIDIA Thor,11.0,580.00,13.0,PTX ISA 9.3 / CUDA 13.0,1575.000,,,,fp16,128,256,16,32,128,52,0,discard,same,2,1,32,1,nocount,sw128,sw128,16,16,16,0,512,0,256,none,1,none,0,4,20,3181541.0,2020.0260317460318,,,,,12288,,42.52388066789018,,,0,0.0,1,bf14b28d2af4128daa99f23eec8a5e105636d0b04136f8be580fdc39d6f1f97d,; UTCHMMA=21;UTCHMMA_WS=16;UTCBAR=1;UTCATOMSWS=3;SYNCS_TRYWAIT=8;LDS=21;LDG=9;ptx_tcgen05_mma=21;ptx_tcgen05_mma_ws=16;ptx_tcgen05_commit=1;ptx_tcgen05_alloc=1;ptx_tcgen05_dealloc=1;ptx_tcgen05_ld=5;ptx_tcgen05_st=5;ptx_mbarrier_wait=5;ptx_cp_async_tma=2;ptx_ld_shared=26;ptx_ld_global=7
06_tmem_dependency,tmem_fp16_m128n256k16_c512_none_in1_rd1,1,,NVIDIA Thor,11.0,580.00,13.0,PTX ISA 9.3 / CUDA 13.0,1575.000,,,,fp16,128,256,16,32,128,52,1,discard,same,2,1,32,1,nocount,sw128,sw128,16,16,16,0,512,0,256,none,1,none,0,4,20,3181549.0,2020.031111111111,,,,,12288,,42.523773741658545,,,0,0.0,1,bf14b28d2af4128daa99f23eec8a5e105636d0b04136f8be580fdc39d6f1f97d,
06_tmem_dependency,tmem_fp16_m128n256k16_c512_none_in1_rd1,1,,NVIDIA Thor,11.0,580.00,13.0,PTX ISA 9.3 / CUDA 13.0,1575.000,,,,fp16,128,256,16,32,128,52,2,discard,same,2,1,32,1,nocount,sw128,sw128,16,16,16,0,512,0,256,none,1,none,0,4,20,3181543.0,2020.0273015873017,,,,,12288,,42.52385393628186,,,0,0.0,1,bf14b28d2af4128daa99f23eec8a5e105636d0b04136f8be580fdc39d6f1f97d,
06_tmem_dependency,tmem_fp16_m128n256k16_c512_none_in1_rd1,1,,NVIDIA Thor,11.0,580.00,13.0,PTX ISA 9.3 / CUDA 13.0,1575.000,,,,fp16,128,256,16,32,128,52,3,discard,same,2,1,32,1,nocount,sw128,sw128,16,16,16,0,512,0,256,none,1,none,0,4,20,3181544.0,2020.0279365079366,,,,,12288,,42.52384057049031,,,0,0.0,1,bf14b28d2af4128daa99f23eec8a5e105636d0b04136f8be580fdc39d6f1f97d,
06_tmem_dependency,tmem_fp16_m128n256k16_c512_none_in1_rd1,1,,NVIDIA Thor,11.0,580.00,13.0,PTX ISA 9.3 / CUDA 13.0,1575.000,,,,fp16,128,256,16,32,128,52,4,discard,same,2,1,32,1,nocount,sw128,sw128,16,16,16,0,512,0,256,none,1,none,0,4,20,3181543.0,2020.0273015873017,,,,,12288,,42.52385393628186,,,0,0.0,1,bf14b28d2af4128daa99f23eec8a5e105636d0b04136f8be580fdc39d6f1f97d,
06_tmem_dependency,tmem_bf16_m128n64k16_c512_none_in0_rd8,1,,NVIDIA Thor,11.0,580.00,13.0,PTX ISA 9.3 / CUDA 13.0,1575.000,,,,bf16,128,64,16,32,128,53,0,discard,same,8,8,32,1,nocount,sw128,sw128,16,16,16,0,512,0,64,none,0,none,0,4,20,3678581.0,2335.606984126984,,,,,6144,,9.194541986706287,,,0,0.0,1,bf14b28d2af4128daa99f23eec8a5e105636d0b04136f8be580fdc39d6f1f97d,; UTCHMMA=21;UTCHMMA_WS=16;UTCBAR=1;UTCATOMSWS=3;SYNCS_TRYWAIT=8;LDS=21;LDG=9;ptx_tcgen05_mma=21;ptx_tcgen05_mma_ws=16;ptx_tcgen05_commit=1;ptx_tcgen05_alloc=1;ptx_tcgen05_dealloc=1;ptx_tcgen05_ld=5;ptx_tcgen05_st=5;ptx_mbarrier_wait=5;ptx_cp_async_tma=2;ptx_ld_shared=26;ptx_ld_global=7
06_tmem_dependency,tmem_bf16_m128n64k16_c512_none_in0_rd8,1,,NVIDIA Thor,11.0,580.00,13.0,PTX ISA 9.3 / CUDA 13.0,1575.000,,,,bf16,128,64,16,32,128,53,1,discard,same,8,8,32,1,nocount,sw128,sw128,16,16,16,0,512,0,64,none,0,none,0,4,20,3678580.0,2335.606349206349,,,,,6144,,9.194544486187606,,,0,0.0,1,bf14b28d2af4128daa99f23eec8a5e105636d0b04136f8be580fdc39d6f1f97d,
06_tmem_dependency,tmem_bf16_m128n64k16_c512_none_in0_rd8,1,,NVIDIA Thor,11.0,580.00,13.0,PTX ISA 9.3 / CUDA 13.0,1575.000,,,,bf16,128,64,16,32,128,53,2,discard,same,8,8,32,1,nocount,sw128,sw128,16,16,16,0,512,0,64,none,0,none,0,4,20,3678587.0,2335.6107936507938,,,,,6144,,9.194526989846915,,,0,0.0,1,bf14b28d2af4128daa99f23eec8a5e105636d0b04136f8be580fdc39d6f1f97d,
06_tmem_dependency,tmem_bf16_m128n64k16_c512_none_in0_rd8,1,,NVIDIA Thor,11.0,580.00,13.0,PTX ISA 9.3 / CUDA 13.0,1575.000,,,,bf16,128,64,16,32,128,53,3,discard,same,8,8,32,1,nocount,sw128,sw128,16,16,16,0,512,0,64,none,0,none,0,4,20,3678621.0,2335.632380952381,,,,,6144,,9.194442008567885,,,0,0.0,1,bf14b28d2af4128daa99f23eec8a5e105636d0b04136f8be580fdc39d6f1f97d,
06_tmem_dependency,tmem_bf16_m128n64k16_c512_none_in0_rd8,1,,NVIDIA Thor,11.0,580.00,13.0,PTX ISA 9.3 / CUDA 13.0,1575.000,,,,bf16,128,64,16,32,128,53,4,discard,same,8,8,32,1,nocount,sw128,sw128,16,16,16,0,512,0,64,none,0,none,0,4,20,3678587.0,2335.6107936507938,,,,,6144,,9.194526989846915,,,0,0.0,1,bf14b28d2af4128daa99f23eec8a5e105636d0b04136f8be580fdc39d6f1f97d,
06_tmem_dependency,tmem_bf16_m128n128k16_c256_none_in1_rd2,1,,NVIDIA Thor,11.0,580.00,13.0,PTX ISA 9.3 / CUDA 13.0,1575.000,,,,bf16,128,128,16,32,128,54,0,discard,same,2,2,32,1,nocount,sw128,sw128,16,16,16,0,256,0,128,none,1,none,0,4,20,3678957.0,2335.845714285714,,,,,8192,,18.38720455607391,,,0,0.0,1,bf14b28d2af4128daa99f23eec8a5e105636d0b04136f8be580fdc39d6f1f97d,; UTCHMMA=21;UTCHMMA_WS=16;UTCBAR=1;UTCATOMSWS=3;SYNCS_TRYWAIT=8;LDS=21;LDG=9;ptx_tcgen05_mma=21;ptx_tcgen05_mma_ws=16;ptx_tcgen05_commit=1;ptx_tcgen05_alloc=1;ptx_tcgen05_dealloc=1;ptx_tcgen05_ld=5;ptx_tcgen05_st=5;ptx_mbarrier_wait=5;ptx_cp_async_tma=2;ptx_ld_shared=26;ptx_ld_global=7
06_tmem_dependency,tmem_bf16_m128n128k16_c256_none_in1_rd2,1,,NVIDIA Thor,11.0,580.00,13.0,PTX ISA 9.3 / CUDA 13.0,1575.000,,,,bf16,128,128,16,32,128,54,1,discard,same,2,2,32,1,nocount,sw128,sw128,16,16,16,0,256,0,128,none,1,none,0,4,20,3678972.0,2335.855238095238,,,,,8192,,18.387129587286882,,,0,0.0,1,bf14b28d2af4128daa99f23eec8a5e105636d0b04136f8be580fdc39d6f1f97d,
06_tmem_dependency,tmem_bf16_m128n128k16_c256_none_in1_rd2,1,,NVIDIA Thor,11.0,580.00,13.0,PTX ISA 9.3 / CUDA 13.0,1575.000,,,,bf16,128,128,16,32,128,54,2,discard,same,2,2,32,1,nocount,sw128,sw128,16,16,16,0,256,0,128,none,1,none,0,4,20,3678962.0,2335.8488888888887,,,,,8192,,18.387179566410307,,,0,0.0,1,bf14b28d2af4128daa99f23eec8a5e105636d0b04136f8be580fdc39d6f1f97d,
06_tmem_dependency,tmem_bf16_m128n128k16_c256_none_in1_rd2,1,,NVIDIA Thor,11.0,580.00,13.0,PTX ISA 9.3 / CUDA 13.0,1575.000,,,,bf16,128,128,16,32,128,54,3,discard,same,2,2,32,1,nocount,sw128,sw128,16,16,16,0,256,0,128,none,1,none,0,4,20,3678992.0,2335.8679365079365,,,,,8192,,18.38702962985513,,,0,0.0,1,bf14b28d2af4128daa99f23eec8a5e105636d0b04136f8be580fdc39d6f1f97d,
06_tmem_dependency,tmem_bf16_m128n128k16_c256_none_in1_rd2,1,,NVIDIA Thor,11.0,580.00,13.0,PTX ISA 9.3 / CUDA 13.0,1575.000,,,,bf16,128,128,16,32,128,54,4,discard,same,2,2,32,1,nocount,sw128,sw128,16,16,16,0,256,0,128,none,1,none,0,4,20,3678956.0,2335.845079365079,,,,,8192,,18.38720955401478,,,0,0.0,1,bf14b28d2af4128daa99f23eec8a5e105636d0b04136f8be580fdc39d6f1f97d,
06_tmem_dependency,tmem_fp16_m128n128k16_c256_none_in1_rd1,1,,NVIDIA Thor,11.0,580.00,13.0,PTX ISA 9.3 / CUDA 13.0,1575.000,,,,fp16,128,128,16,32,128,55,0,discard,same,2,1,32,1,nocount,sw128,sw128,16,16,16,0,256,0,128,none,1,none,0,4,20,3181154.0,2019.7803174603173,,,,,8192,,21.264526933307852,,,0,0.0,1,bf14b28d2af4128daa99f23eec8a5e105636d0b04136f8be580fdc39d6f1f97d,; UTCHMMA=21;UTCHMMA_WS=16;UTCBAR=1;UTCATOMSWS=3;SYNCS_TRYWAIT=8;LDS=21;LDG=9;ptx_tcgen05_mma=21;ptx_tcgen05_mma_ws=16;ptx_tcgen05_commit=1;ptx_tcgen05_alloc=1;ptx_tcgen05_dealloc=1;ptx_tcgen05_ld=5;ptx_tcgen05_st=5;ptx_mbarrier_wait=5;ptx_cp_async_tma=2;ptx_ld_shared=26;ptx_ld_global=7
06_tmem_dependency,tmem_fp16_m128n128k16_c256_none_in1_rd1,1,,NVIDIA Thor,11.0,580.00,13.0,PTX ISA 9.3 / CUDA 13.0,1575.000,,,,fp16,128,128,16,32,128,55,1,discard,same,2,1,32,1,nocount,sw128,sw128,16,16,16,0,256,0,128,none,1,none,0,4,20,3181154.0,2019.7803174603173,,,,,8192,,21.264526933307852,,,0,0.0,1,bf14b28d2af4128daa99f23eec8a5e105636d0b04136f8be580fdc39d6f1f97d,
06_tmem_dependency,tmem_fp16_m128n128k16_c256_none_in1_rd1,1,,NVIDIA Thor,11.0,580.00,13.0,PTX ISA 9.3 / CUDA 13.0,1575.000,,,,fp16,128,128,16,32,128,55,2,discard,same,2,1,32,1,nocount,sw128,sw128,16,16,16,0,256,0,128,none,1,none,0,4,20,3181152.0,2019.7790476190478,,,,,8192,,21.26454030238102,,,0,0.0,1,bf14b28d2af4128daa99f23eec8a5e105636d0b04136f8be580fdc39d6f1f97d,
06_tmem_dependency,tmem_fp16_m128n128k16_c256_none_in1_rd1,1,,NVIDIA Thor,11.0,580.00,13.0,PTX ISA 9.3 / CUDA 13.0,1575.000,,,,fp16,128,128,16,32,128,55,3,discard,same,2,1,32,1,nocount,sw128,sw128,16,16,16,0,256,0,128,none,1,none,0,4,20,3181153.0,2019.7796825396824,,,,,8192,,21.264533617842336,,,0,0.0,1,bf14b28d2af4128daa99f23eec8a5e105636d0b04136f8be580fdc39d6f1f97d,
06_tmem_dependency,tmem_fp16_m128n128k16_c256_none_in1_rd1,1,,NVIDIA Thor,11.0,580.00,13.0,PTX ISA 9.3 / CUDA 13.0,1575.000,,,,fp16,128,128,16,32,128,55,4,discard,same,2,1,32,1,nocount,sw128,sw128,16,16,16,0,256,0,128,none,1,none,0,4,20,3181521.0,2020.0133333333333,,,,,8192,,21.26207399291094,,,0,0.0,1,bf14b28d2af4128daa99f23eec8a5e105636d0b04136f8be580fdc39d6f1f97d,
06_tmem_dependency,tmem_bf16_m128n128k16_c256_partial_in1_rd1,1,,NVIDIA Thor,11.0,580.00,13.0,PTX ISA 9.3 / CUDA 13.0,1575.000,,,,bf16,128,128,16,32,128,56,0,discard,same,1,1,32,1,nocount,sw128,sw128,16,16,16,0,256,0,64,partial,1,none,0,4,20,3181518.0,2020.0114285714287,,,,,8192,,21.26209404190075,,,0,0.0,1,bf14b28d2af4128daa99f23eec8a5e105636d0b04136f8be580fdc39d6f1f97d,; UTCHMMA=21;UTCHMMA_WS=16;UTCBAR=1;UTCATOMSWS=3;SYNCS_TRYWAIT=8;LDS=21;LDG=9;ptx_tcgen05_mma=21;ptx_tcgen05_mma_ws=16;ptx_tcgen05_commit=1;ptx_tcgen05_alloc=1;ptx_tcgen05_dealloc=1;ptx_tcgen05_ld=5;ptx_tcgen05_st=5;ptx_mbarrier_wait=5;ptx_cp_async_tma=2;ptx_ld_shared=26;ptx_ld_global=7
06_tmem_dependency,tmem_bf16_m128n128k16_c256_partial_in1_rd1,1,,NVIDIA Thor,11.0,580.00,13.0,PTX ISA 9.3 / CUDA 13.0,1575.000,,,,bf16,128,128,16,32,128,56,1,discard,same,1,1,32,1,nocount,sw128,sw128,16,16,16,0,256,0,64,partial,1,none,0,4,20,3181521.0,2020.0133333333333,,,,,8192,,21.26207399291094,,,0,0.0,1,bf14b28d2af4128daa99f23eec8a5e105636d0b04136f8be580fdc39d6f1f97d,
06_tmem_dependency,tmem_bf16_m128n128k16_c256_partial_in1_rd1,1,,NVIDIA Thor,11.0,580.00,13.0,PTX ISA 9.3 / CUDA 13.0,1575.000,,,,bf16,128,128,16,32,128,56,2,discard,same,1,1,32,1,nocount,sw128,sw128,16,16,16,0,256,0,64,partial,1,none,0,4,20,3181155.0,2019.7809523809524,,,,,8192,,21.264520248777565,,,0,0.0,1,bf14b28d2af4128daa99f23eec8a5e105636d0b04136f8be580fdc39d6f1f97d,
06_tmem_dependency,tmem_bf16_m128n128k16_c256_partial_in1_rd1,1,,NVIDIA Thor,11.0,580.00,13.0,PTX ISA 9.3 / CUDA 13.0,1575.000,,,,bf16,128,128,16,32,128,56,3,discard,same,1,1,32,1,nocount,sw128,sw128,16,16,16,0,256,0,64,partial,1,none,0,4,20,3181150.0,2019.7777777777778,,,,,8192,,21.264553671471006,,,0,0.0,1,bf14b28d2af4128daa99f23eec8a5e105636d0b04136f8be580fdc39d6f1f97d,
06_tmem_dependency,tmem_bf16_m128n128k16_c256_partial_in1_rd1,1,,NVIDIA Thor,11.0,580.00,13.0,PTX ISA 9.3 / CUDA 13.0,1575.000,,,,bf16,128,128,16,32,128,56,4,discard,same,1,1,32,1,nocount,sw128,sw128,16,16,16,0,256,0,64,partial,1,none,0,4,20,3181149.0,2019.7771428571427,,,,,8192,,21.264560356022304,,,0,0.0,1,bf14b28d2af4128daa99f23eec8a5e105636d0b04136f8be580fdc39d6f1f97d,
06_tmem_dependency,tmem_fp16_m128n64k16_c128_none_in0_rd1,1,,NVIDIA Thor,11.0,580.00,13.0,PTX ISA 9.3 / CUDA 13.0,1575.000,,,,fp16,128,64,16,32,128,57,0,discard,same,2,1,32,1,nocount,sw128,sw128,16,16,16,0,128,0,64,none,0,none,0,4,20,3182169.0,2020.4247619047617,,,,,6144,,10.628872148525112,,,0,0.0,1,bf14b28d2af4128daa99f23eec8a5e105636d0b04136f8be580fdc39d6f1f97d,; UTCHMMA=21;UTCHMMA_WS=16;UTCBAR=1;UTCATOMSWS=3;SYNCS_TRYWAIT=8;LDS=21;LDG=9;ptx_tcgen05_mma=21;ptx_tcgen05_mma_ws=16;ptx_tcgen05_commit=1;ptx_tcgen05_alloc=1;ptx_tcgen05_dealloc=1;ptx_tcgen05_ld=5;ptx_tcgen05_st=5;ptx_mbarrier_wait=5;ptx_cp_async_tma=2;ptx_ld_shared=26;ptx_ld_global=7
06_tmem_dependency,tmem_fp16_m128n64k16_c128_none_in0_rd1,1,,NVIDIA Thor,11.0,580.00,13.0,PTX ISA 9.3 / CUDA 13.0,1575.000,,,,fp16,128,64,16,32,128,57,1,discard,same,2,1,32,1,nocount,sw128,sw128,16,16,16,0,128,0,64,none,0,none,0,4,20,3182159.0,2020.4184126984128,,,,,6144,,10.628905549974089,,,0,0.0,1,bf14b28d2af4128daa99f23eec8a5e105636d0b04136f8be580fdc39d6f1f97d,
06_tmem_dependency,tmem_fp16_m128n64k16_c128_none_in0_rd1,1,,NVIDIA Thor,11.0,580.00,13.0,PTX ISA 9.3 / CUDA 13.0,1575.000,,,,fp16,128,64,16,32,128,57,2,discard,same,2,1,32,1,nocount,sw128,sw128,16,16,16,0,128,0,64,none,0,none,0,4,20,3182160.0,2020.4190476190474,,,,,6144,,10.628902209819746,,,0,0.0,1,bf14b28d2af4128daa99f23eec8a5e105636d0b04136f8be580fdc39d6f1f97d,
06_tmem_dependency,tmem_fp16_m128n64k16_c128_none_in0_rd1,1,,NVIDIA Thor,11.0,580.00,13.0,PTX ISA 9.3 / CUDA 13.0,1575.000,,,,fp16,128,64,16,32,128,57,3,discard,same,2,1,32,1,nocount,sw128,sw128,16,16,16,0,128,0,64,none,0,none,0,4,20,3182173.0,2020.4273015873016,,,,,6144,,10.628858788004298,,,0,0.0,1,bf14b28d2af4128daa99f23eec8a5e105636d0b04136f8be580fdc39d6f1f97d,
06_tmem_dependency,tmem_fp16_m128n64k16_c128_none_in0_rd1,1,,NVIDIA Thor,11.0,580.00,13.0,PTX ISA 9.3 / CUDA 13.0,1575.000,,,,fp16,128,64,16,32,128,57,4,discard,same,2,1,32,1,nocount,sw128,sw128,16,16,16,0,128,0,64,none,0,none,0,4,20,3182167.0,2020.423492063492,,,,,6144,,10.628878828798113,,,0,0.0,1,bf14b28d2af4128daa99f23eec8a5e105636d0b04136f8be580fdc39d6f1f97d,
06_tmem_dependency,tmem_fp16_m128n64k16_c128_partial_in1_rd2,1,,NVIDIA Thor,11.0,580.00,13.0,PTX ISA 9.3 / CUDA 13.0,1575.000,,,,fp16,128,64,16,32,128,58,0,discard,same,1,2,32,1,nocount,sw128,sw128,16,16,16,0,128,0,32,partial,1,none,0,4,20,3678964.0,2335.850158730159,,,,,6144,,9.193584785281944,,,0,0.0,1,bf14b28d2af4128daa99f23eec8a5e105636d0b04136f8be580fdc39d6f1f97d,; UTCHMMA=21;UTCHMMA_WS=16;UTCBAR=1;UTCATOMSWS=3;SYNCS_TRYWAIT=8;LDS=21;LDG=9;ptx_tcgen05_mma=21;ptx_tcgen05_mma_ws=16;ptx_tcgen05_commit=1;ptx_tcgen05_alloc=1;ptx_tcgen05_dealloc=1;ptx_tcgen05_ld=5;ptx_tcgen05_st=5;ptx_mbarrier_wait=5;ptx_cp_async_tma=2;ptx_ld_shared=26;ptx_ld_global=7
06_tmem_dependency,tmem_fp16_m128n64k16_c128_partial_in1_rd2,1,,NVIDIA Thor,11.0,580.00,13.0,PTX ISA 9.3 / CUDA 13.0,1575.000,,,,fp16,128,64,16,32,128,58,1,discard,same,1,2,32,1,nocount,sw128,sw128,16,16,16,0,128,0,32,partial,1,none,0,4,20,3678957.0,2335.845714285714,,,,,6144,,9.193602278036956,,,0,0.0,1,bf14b28d2af4128daa99f23eec8a5e105636d0b04136f8be580fdc39d6f1f97d,
06_tmem_dependency,tmem_fp16_m128n64k16_c128_partial_in1_rd2,1,,NVIDIA Thor,11.0,580.00,13.0,PTX ISA 9.3 / CUDA 13.0,1575.000,,,,fp16,128,64,16,32,128,58,2,discard,same,1,2,32,1,nocount,sw128,sw128,16,16,16,0,128,0,32,partial,1,none,0,4,20,3678965.0,2335.8507936507935,,,,,6144,,9.193582286322377,,,0,0.0,1,bf14b28d2af4128daa99f23eec8a5e105636d0b04136f8be580fdc39d6f1f97d,
06_tmem_dependency,tmem_fp16_m128n64k16_c128_partial_in1_rd2,1,,NVIDIA Thor,11.0,580.00,13.0,PTX ISA 9.3 / CUDA 13.0,1575.000,,,,fp16,128,64,16,32,128,58,3,discard,same,1,2,32,1,nocount,sw128,sw128,16,16,16,0,128,0,32,partial,1,none,0,4,20,3678957.0,2335.845714285714,,,,,6144,,9.193602278036956,,,0,0.0,1,bf14b28d2af4128daa99f23eec8a5e105636d0b04136f8be580fdc39d6f1f97d,
06_tmem_dependency,tmem_fp16_m128n64k16_c128_partial_in1_rd2,1,,NVIDIA Thor,11.0,580.00,13.0,PTX ISA 9.3 / CUDA 13.0,1575.000,,,,fp16,128,64,16,32,128,58,4,discard,same,1,2,32,1,nocount,sw128,sw128,16,16,16,0,128,0,32,partial,1,none,0,4,20,3678955.0,2335.8444444444444,,,,,6144,,9.193607275979184,,,0,0.0,1,bf14b28d2af4128daa99f23eec8a5e105636d0b04136f8be580fdc39d6f1f97d,
06_tmem_dependency,tmem_fp16_m128n128k16_c256_partial_in1_rd1,1,,NVIDIA Thor,11.0,580.00,13.0,PTX ISA 9.3 / CUDA 13.0,1575.000,,,,fp16,128,128,16,32,128,59,0,discard,same,1,1,32,1,nocount,sw128,sw128,16,16,16,0,256,0,64,partial,1,none,0,4,20,3181149.0,2019.7771428571427,,,,,8192,,21.264560356022304,,,0,0.0,1,bf14b28d2af4128daa99f23eec8a5e105636d0b04136f8be580fdc39d6f1f97d,; UTCHMMA=21;UTCHMMA_WS=16;UTCBAR=1;UTCATOMSWS=3;SYNCS_TRYWAIT=8;LDS=21;LDG=9;ptx_tcgen05_mma=21;ptx_tcgen05_mma_ws=16;ptx_tcgen05_commit=1;ptx_tcgen05_alloc=1;ptx_tcgen05_dealloc=1;ptx_tcgen05_ld=5;ptx_tcgen05_st=5;ptx_mbarrier_wait=5;ptx_cp_async_tma=2;ptx_ld_shared=26;ptx_ld_global=7
06_tmem_dependency,tmem_fp16_m128n128k16_c256_partial_in1_rd1,1,,NVIDIA Thor,11.0,580.00,13.0,PTX ISA 9.3 / CUDA 13.0,1575.000,,,,fp16,128,128,16,32,128,59,1,discard,same,1,1,32,1,nocount,sw128,sw128,16,16,16,0,256,0,64,partial,1,none,0,4,20,3181151.0,2019.7784126984127,,,,,8192,,21.264546986923918,,,0,0.0,1,bf14b28d2af4128daa99f23eec8a5e105636d0b04136f8be580fdc39d6f1f97d,
06_tmem_dependency,tmem_fp16_m128n128k16_c256_partial_in1_rd1,1,,NVIDIA Thor,11.0,580.00,13.0,PTX ISA 9.3 / CUDA 13.0,1575.000,,,,fp16,128,128,16,32,128,59,2,discard,same,1,1,32,1,nocount,sw128,sw128,16,16,16,0,256,0,64,partial,1,none,0,4,20,3181150.0,2019.7777777777778,,,,,8192,,21.264553671471006,,,0,0.0,1,bf14b28d2af4128daa99f23eec8a5e105636d0b04136f8be580fdc39d6f1f97d,
06_tmem_dependency,tmem_fp16_m128n128k16_c256_partial_in1_rd1,1,,NVIDIA Thor,11.0,580.00,13.0,PTX ISA 9.3 / CUDA 13.0,1575.000,,,,fp16,128,128,16,32,128,59,3,discard,same,1,1,32,1,nocount,sw128,sw128,16,16,16,0,256,0,64,partial,1,none,0,4,20,3181523.0,2020.0146031746033,,,,,8192,,21.262060626938734,,,0,0.0,1,bf14b28d2af4128daa99f23eec8a5e105636d0b04136f8be580fdc39d6f1f97d,
06_tmem_dependency,tmem_fp16_m128n128k16_c256_partial_in1_rd1,1,,NVIDIA Thor,11.0,580.00,13.0,PTX ISA 9.3 / CUDA 13.0,1575.000,,,,fp16,128,128,16,32,128,59,4,discard,same,1,1,32,1,nocount,sw128,sw128,16,16,16,0,256,0,64,partial,1,none,0,4,20,3181155.0,2019.7809523809524,,,,,8192,,21.264520248777565,,,0,0.0,1,bf14b28d2af4128daa99f23eec8a5e105636d0b04136f8be580fdc39d6f1f97d,
06_tmem_dependency,tmem_bf16_m128n64k16_c128_partial_in0_rd2,1,,NVIDIA Thor,11.0,580.00,13.0,PTX ISA 9.3 / CUDA 13.0,1575.000,,,,bf16,128,64,16,32,128,60,0,discard,same,1,2,32,1,nocount,sw128,sw128,16,16,16,0,128,0,32,partial,0,none,0,4,20,3678954.0,2335.84380952381,,,,,6144,,9.193609774952336,,,0,0.0,1,bf14b28d2af4128daa99f23eec8a5e105636d0b04136f8be580fdc39d6f1f97d,; UTCHMMA=21;UTCHMMA_WS=16;UTCBAR=1;UTCATOMSWS=3;SYNCS_TRYWAIT=8;LDS=21;LDG=9;ptx_tcgen05_mma=21;ptx_tcgen05_mma_ws=16;ptx_tcgen05_commit=1;ptx_tcgen05_alloc=1;ptx_tcgen05_dealloc=1;ptx_tcgen05_ld=5;ptx_tcgen05_st=5;ptx_mbarrier_wait=5;ptx_cp_async_tma=2;ptx_ld_shared=26;ptx_ld_global=7
06_tmem_dependency,tmem_bf16_m128n64k16_c128_partial_in0_rd2,1,,NVIDIA Thor,11.0,580.00,13.0,PTX ISA 9.3 / CUDA 13.0,1575.000,,,,bf16,128,64,16,32,128,60,1,discard,same,1,2,32,1,nocount,sw128,sw128,16,16,16,0,128,0,32,partial,0,none,0,4,20,3678958.0,2335.8463492063493,,,,,6144,,9.193599779067878,,,0,0.0,1,bf14b28d2af4128daa99f23eec8a5e105636d0b04136f8be580fdc39d6f1f97d,
06_tmem_dependency,tmem_bf16_m128n64k16_c128_partial_in0_rd2,1,,NVIDIA Thor,11.0,580.00,13.0,PTX ISA 9.3 / CUDA 13.0,1575.000,,,,bf16,128,64,16,32,128,60,2,discard,same,1,2,32,1,nocount,sw128,sw128,16,16,16,0,128,0,32,partial,0,none,0,4,20,3678953.0,2335.8431746031747,,,,,6144,,9.193612273926847,,,0,0.0,1,bf14b28d2af4128daa99f23eec8a5e105636d0b04136f8be580fdc39d6f1f97d,
06_tmem_dependency,tmem_bf16_m128n64k16_c128_partial_in0_rd2,1,,NVIDIA Thor,11.0,580.00,13.0,PTX ISA 9.3 / CUDA 13.0,1575.000,,,,bf16,128,64,16,32,128,60,3,discard,same,1,2,32,1,nocount,sw128,sw128,16,16,16,0,128,0,32,partial,0,none,0,4,20,3678952.0,2335.84253968254,,,,,6144,,9.193614772902716,,,0,0.0,1,bf14b28d2af4128daa99f23eec8a5e105636d0b04136f8be580fdc39d6f1f97d,
06_tmem_dependency,tmem_bf16_m128n64k16_c128_partial_in0_rd2,1,,NVIDIA Thor,11.0,580.00,13.0,PTX ISA 9.3 / CUDA 13.0,1575.000,,,,bf16,128,64,16,32,128,60,4,discard,same,1,2,32,1,nocount,sw128,sw128,16,16,16,0,128,0,32,partial,0,none,0,4,20,3678958.0,2335.8463492063493,,,,,6144,,9.193599779067878,,,0,0.0,1,bf14b28d2af4128daa99f23eec8a5e105636d0b04136f8be580fdc39d6f1f97d,
06_tmem_dependency,tmem_bf16_m128n64k16_c256_partial_in0_rd1,1,,NVIDIA Thor,11.0,580.00,13.0,PTX ISA 9.3 / CUDA 13.0,1575.000,,,,bf16,128,64,16,32,128,61,0,discard,same,1,1,32,1,nocount,sw128,sw128,16,16,16,0,256,0,32,partial,0,none,0,4,20,3182161.0,2020.4196825396825,,,,,6144,,10.6288988696675,,,0,0.0,1,bf14b28d2af4128daa99f23eec8a5e105636d0b04136f8be580fdc39d6f1f97d,; UTCHMMA=21;UTCHMMA_WS=16;UTCBAR=1;UTCATOMSWS=3;SYNCS_TRYWAIT=8;LDS=21;LDG=9;ptx_tcgen05_mma=21;ptx_tcgen05_mma_ws=16;ptx_tcgen05_commit=1;ptx_tcgen05_alloc=1;ptx_tcgen05_dealloc=1;ptx_tcgen05_ld=5;ptx_tcgen05_st=5;ptx_mbarrier_wait=5;ptx_cp_async_tma=2;ptx_ld_shared=26;ptx_ld_global=7
06_tmem_dependency,tmem_bf16_m128n64k16_c256_partial_in0_rd1,1,,NVIDIA Thor,11.0,580.00,13.0,PTX ISA 9.3 / CUDA 13.0,1575.000,,,,bf16,128,64,16,32,128,61,1,discard,same,1,1,32,1,nocount,sw128,sw128,16,16,16,0,256,0,32,partial,0,none,0,4,20,3182158.0,2020.417777777778,,,,,6144,,10.628908890130534,,,0,0.0,1,bf14b28d2af4128daa99f23eec8a5e105636d0b04136f8be580fdc39d6f1f97d,
06_tmem_dependency,tmem_bf16_m128n64k16_c256_partial_in0_rd1,1,,NVIDIA Thor,11.0,580.00,13.0,PTX ISA 9.3 / CUDA 13.0,1575.000,,,,bf16,128,64,16,32,128,61,2,discard,same,1,1,32,1,nocount,sw128,sw128,16,16,16,0,256,0,32,partial,0,none,0,4,20,3182165.0,2020.4222222222224,,,,,6144,,10.62888550907951,,,0,0.0,1,bf14b28d2af4128daa99f23eec8a5e105636d0b04136f8be580fdc39d6f1f97d,
06_tmem_dependency,tmem_bf16_m128n64k16_c256_partial_in0_rd1,1,,NVIDIA Thor,11.0,580.00,13.0,PTX ISA 9.3 / CUDA 13.0,1575.000,,,,bf16,128,64,16,32,128,61,3,discard,same,1,1,32,1,nocount,sw128,sw128,16,16,16,0,256,0,32,partial,0,none,0,4,20,3182160.0,2020.4190476190474,,,,,6144,,10.628902209819746,,,0,0.0,1,bf14b28d2af4128daa99f23eec8a5e105636d0b04136f8be580fdc39d6f1f97d,
06_tmem_dependency,tmem_bf16_m128n64k16_c256_partial_in0_rd1,1,,NVIDIA Thor,11.0,580.00,13.0,PTX ISA 9.3 / CUDA 13.0,1575.000,,,,bf16,128,64,16,32,128,61,4,discard,same,1,1,32,1,nocount,sw128,sw128,16,16,16,0,256,0,32,partial,0,none,0,4,20,3182161.0,2020.4196825396825,,,,,6144,,10.6288988696675,,,0,0.0,1,bf14b28d2af4128daa99f23eec8a5e105636d0b04136f8be580fdc39d6f1f97d,
06_tmem_dependency,tmem_bf16_m128n64k16_c512_partial_in1_rd2,1,,NVIDIA Thor,11.0,580.00,13.0,PTX ISA 9.3 / CUDA 13.0,1575.000,,,,bf16,128,64,16,32,128,62,0,discard,same,1,2,32,1,nocount,sw128,sw128,16,16,16,0,512,0,32,partial,1,none,0,4,20,3678956.0,2335.845079365079,,,,,6144,,9.19360477700739,,,0,0.0,1,bf14b28d2af4128daa99f23eec8a5e105636d0b04136f8be580fdc39d6f1f97d,; UTCHMMA=21;UTCHMMA_WS=16;UTCBAR=1;UTCATOMSWS=3;SYNCS_TRYWAIT=8;LDS=21;LDG=9;ptx_tcgen05_mma=21;ptx_tcgen05_mma_ws=16;ptx_tcgen05_commit=1;ptx_tcgen05_alloc=1;ptx_tcgen05_dealloc=1;ptx_tcgen05_ld=5;ptx_tcgen05_st=5;ptx_mbarrier_wait=5;ptx_cp_async_tma=2;ptx_ld_shared=26;ptx_ld_global=7
06_tmem_dependency,tmem_bf16_m128n64k16_c512_partial_in1_rd2,1,,NVIDIA Thor,11.0,580.00,13.0,PTX ISA 9.3 / CUDA 13.0,1575.000,,,,bf16,128,64,16,32,128,62,1,discard,same,1,2,32,1,nocount,sw128,sw128,16,16,16,0,512,0,32,partial,1,none,0,4,20,3678957.0,2335.845714285714,,,,,6144,,9.193602278036956,,,0,0.0,1,bf14b28d2af4128daa99f23eec8a5e105636d0b04136f8be580fdc39d6f1f97d,
06_tmem_dependency,tmem_bf16_m128n64k16_c512_partial_in1_rd2,1,,NVIDIA Thor,11.0,580.00,13.0,PTX ISA 9.3 / CUDA 13.0,1575.000,,,,bf16,128,64,16,32,128,62,2,discard,same,1,2,32,1,nocount,sw128,sw128,16,16,16,0,512,0,32,partial,1,none,0,4,20,3678959.0,2335.8469841269844,,,,,6144,,9.193597280100159,,,0,0.0,1,bf14b28d2af4128daa99f23eec8a5e105636d0b04136f8be580fdc39d6f1f97d,
06_tmem_dependency,tmem_bf16_m128n64k16_c512_partial_in1_rd2,1,,NVIDIA Thor,11.0,580.00,13.0,PTX ISA 9.3 / CUDA 13.0,1575.000,,,,bf16,128,64,16,32,128,62,3,discard,same,1,2,32,1,nocount,sw128,sw128,16,16,16,0,512,0,32,partial,1,none,0,4,20,3678959.0,2335.8469841269844,,,,,6144,,9.193597280100159,,,0,0.0,1,bf14b28d2af4128daa99f23eec8a5e105636d0b04136f8be580fdc39d6f1f97d,
06_tmem_dependency,tmem_bf16_m128n64k16_c512_partial_in1_rd2,1,,NVIDIA Thor,11.0,580.00,13.0,PTX ISA 9.3 / CUDA 13.0,1575.000,,,,bf16,128,64,16,32,128,62,4,discard,same,1,2,32,1,nocount,sw128,sw128,16,16,16,0,512,0,32,partial,1,none,0,4,20,3678964.0,2335.850158730159,,,,,6144,,9.193584785281944,,,0,0.0,1,bf14b28d2af4128daa99f23eec8a5e105636d0b04136f8be580fdc39d6f1f97d,
06_tmem_dependency,tmem_bf16_m128n256k16_c512_full_in1_rd1,1,,NVIDIA Thor,11.0,580.00,13.0,PTX ISA 9.3 / CUDA 13.0,1575.000,,,,bf16,128,256,16,32,128,63,0,discard,same,1,1,32,1,nocount,sw128,sw128,16,16,16,0,512,0,0,full,1,none,0,4,20,3181552.0,2020.033015873016,,,,,12288,,42.523733644460314,,,0,0.0,1,bf14b28d2af4128daa99f23eec8a5e105636d0b04136f8be580fdc39d6f1f97d,; UTCHMMA=21;UTCHMMA_WS=16;UTCBAR=1;UTCATOMSWS=3;SYNCS_TRYWAIT=8;LDS=21;LDG=9;ptx_tcgen05_mma=21;ptx_tcgen05_mma_ws=16;ptx_tcgen05_commit=1;ptx_tcgen05_alloc=1;ptx_tcgen05_dealloc=1;ptx_tcgen05_ld=5;ptx_tcgen05_st=5;ptx_mbarrier_wait=5;ptx_cp_async_tma=2;ptx_ld_shared=26;ptx_ld_global=7
06_tmem_dependency,tmem_bf16_m128n256k16_c512_full_in1_rd1,1,,NVIDIA Thor,11.0,580.00,13.0,PTX ISA 9.3 / CUDA 13.0,1575.000,,,,bf16,128,256,16,32,128,63,1,discard,same,1,1,32,1,nocount,sw128,sw128,16,16,16,0,512,0,0,full,1,none,0,4,20,3181544.0,2020.0279365079366,,,,,12288,,42.52384057049031,,,0,0.0,1,bf14b28d2af4128daa99f23eec8a5e105636d0b04136f8be580fdc39d6f1f97d,
06_tmem_dependency,tmem_bf16_m128n256k16_c512_full_in1_rd1,1,,NVIDIA Thor,11.0,580.00,13.0,PTX ISA 9.3 / CUDA 13.0,1575.000,,,,bf16,128,256,16,32,128,63,2,discard,same,1,1,32,1,nocount,sw128,sw128,16,16,16,0,512,0,0,full,1,none,0,4,20,3181545.0,2020.0285714285712,,,,,12288,,42.523827204707146,,,0,0.0,1,bf14b28d2af4128daa99f23eec8a5e105636d0b04136f8be580fdc39d6f1f97d,
06_tmem_dependency,tmem_bf16_m128n256k16_c512_full_in1_rd1,1,,NVIDIA Thor,11.0,580.00,13.0,PTX ISA 9.3 / CUDA 13.0,1575.000,,,,bf16,128,256,16,32,128,63,3,discard,same,1,1,32,1,nocount,sw128,sw128,16,16,16,0,512,0,0,full,1,none,0,4,20,3181549.0,2020.031111111111,,,,,12288,,42.523773741658545,,,0,0.0,1,bf14b28d2af4128daa99f23eec8a5e105636d0b04136f8be580fdc39d6f1f97d,
06_tmem_dependency,tmem_bf16_m128n256k16_c512_full_in1_rd1,1,,NVIDIA Thor,11.0,580.00,13.0,PTX ISA 9.3 / CUDA 13.0,1575.000,,,,bf16,128,256,16,32,128,63,4,discard,same,1,1,32,1,nocount,sw128,sw128,16,16,16,0,512,0,0,full,1,none,0,4,20,3181792.0,2020.1853968253965,,,,,12288,,42.520526113586314,,,0,0.0,1,bf14b28d2af4128daa99f23eec8a5e105636d0b04136f8be580fdc39d6f1f97d,
06_tmem_dependency,tmem_bf16_m128n64k16_c128_partial_in1_rd1,1,,NVIDIA Thor,11.0,580.00,13.0,PTX ISA 9.3 / CUDA 13.0,1575.000,,,,bf16,128,64,16,32,128,64,0,discard,same,1,1,32,1,nocount,sw128,sw128,16,16,16,0,128,0,32,partial,1,none,0,4,20,3182157.0,2020.4171428571428,,,,,6144,,10.628912230289078,,,0,0.0,1,bf14b28d2af4128daa99f23eec8a5e105636d0b04136f8be580fdc39d6f1f97d,; UTCHMMA=21;UTCHMMA_WS=16;UTCBAR=1;UTCATOMSWS=3;SYNCS_TRYWAIT=8;LDS=21;LDG=9;ptx_tcgen05_mma=21;ptx_tcgen05_mma_ws=16;ptx_tcgen05_commit=1;ptx_tcgen05_alloc=1;ptx_tcgen05_dealloc=1;ptx_tcgen05_ld=5;ptx_tcgen05_st=5;ptx_mbarrier_wait=5;ptx_cp_async_tma=2;ptx_ld_shared=26;ptx_ld_global=7
06_tmem_dependency,tmem_bf16_m128n64k16_c128_partial_in1_rd1,1,,NVIDIA Thor,11.0,580.00,13.0,PTX ISA 9.3 / CUDA 13.0,1575.000,,,,bf16,128,64,16,32,128,64,1,discard,same,1,1,32,1,nocount,sw128,sw128,16,16,16,0,128,0,32,partial,1,none,0,4,20,3182159.0,2020.4184126984128,,,,,6144,,10.628905549974089,,,0,0.0,1,bf14b28d2af4128daa99f23eec8a5e105636d0b04136f8be580fdc39d6f1f97d,
06_tmem_dependency,tmem_bf16_m128n64k16_c128_partial_in1_rd1,1,,NVIDIA Thor,11.0,580.00,13.0,PTX ISA 9.3 / CUDA 13.0,1575.000,,,,bf16,128,64,16,32,128,64,2,discard,same,1,1,32,1,nocount,sw128,sw128,16,16,16,0,128,0,32,partial,1,none,0,4,20,3182155.0,2020.4158730158729,,,,,6144,,10.628918910612462,,,0,0.0,1,bf14b28d2af4128daa99f23eec8a5e105636d0b04136f8be580fdc39d6f1f97d,
06_tmem_dependency,tmem_bf16_m128n64k16_c128_partial_in1_rd1,1,,NVIDIA Thor,11.0,580.00,13.0,PTX ISA 9.3 / CUDA 13.0,1575.000,,,,bf16,128,64,16,32,128,64,3,discard,same,1,1,32,1,nocount,sw128,sw128,16,16,16,0,128,0,32,partial,1,none,0,4,20,3182172.0,2020.4266666666667,,,,,6144,,10.628862128131352,,,0,0.0,1,bf14b28d2af4128daa99f23eec8a5e105636d0b04136f8be580fdc39d6f1f97d,
06_tmem_dependency,tmem_bf16_m128n64k16_c128_partial_in1_rd1,1,,NVIDIA Thor,11.0,580.00,13.0,PTX ISA 9.3 / CUDA 13.0,1575.000,,,,bf16,128,64,16,32,128,64,4,discard,same,1,1,32,1,nocount,sw128,sw128,16,16,16,0,128,0,32,partial,1,none,0,4,20,3182153.0,2020.4146031746031,,,,,6144,,10.628925590944243,,,0,0.0,1,bf14b28d2af4128daa99f23eec8a5e105636d0b04136f8be580fdc39d6f1f97d,
06_tmem_dependency,tmem_fp16_m128n128k16_c512_full_in0_rd4,1,,NVIDIA Thor,11.0,580.00,13.0,PTX ISA 9.3 / CUDA 13.0,1575.000,,,,fp16,128,128,16,32,128,65,0,discard,same,1,1,32,1,nocount,sw128,sw128,16,16,16,0,512,0,0,full,0,none,0,4,20,3181525.0,2020.0158730158732,,,,,8192,,21.262047260983334,,,0,0.0,1,bf14b28d2af4128daa99f23eec8a5e105636d0b04136f8be580fdc39d6f1f97d,; UTCHMMA=21;UTCHMMA_WS=16;UTCBAR=1;UTCATOMSWS=3;SYNCS_TRYWAIT=8;LDS=21;LDG=9;ptx_tcgen05_mma=21;ptx_tcgen05_mma_ws=16;ptx_tcgen05_commit=1;ptx_tcgen05_alloc=1;ptx_tcgen05_dealloc=1;ptx_tcgen05_ld=5;ptx_tcgen05_st=5;ptx_mbarrier_wait=5;ptx_cp_async_tma=2;ptx_ld_shared=26;ptx_ld_global=7
06_tmem_dependency,tmem_fp16_m128n128k16_c512_full_in0_rd4,1,,NVIDIA Thor,11.0,580.00,13.0,PTX ISA 9.3 / CUDA 13.0,1575.000,,,,fp16,128,128,16,32,128,65,1,discard,same,1,1,32,1,nocount,sw128,sw128,16,16,16,0,512,0,0,full,0,none,0,4,20,3181521.0,2020.0133333333333,,,,,8192,,21.26207399291094,,,0,0.0,1,bf14b28d2af4128daa99f23eec8a5e105636d0b04136f8be580fdc39d6f1f97d,
06_tmem_dependency,tmem_fp16_m128n128k16_c512_full_in0_rd4,1,,NVIDIA Thor,11.0,580.00,13.0,PTX ISA 9.3 / CUDA 13.0,1575.000,,,,fp16,128,128,16,32,128,65,2,discard,same,1,1,32,1,nocount,sw128,sw128,16,16,16,0,512,0,0,full,0,none,0,4,20,3181151.0,2019.7784126984127,,,,,8192,,21.264546986923918,,,0,0.0,1,bf14b28d2af4128daa99f23eec8a5e105636d0b04136f8be580fdc39d6f1f97d,
06_tmem_dependency,tmem_fp16_m128n128k16_c512_full_in0_rd4,1,,NVIDIA Thor,11.0,580.00,13.0,PTX ISA 9.3 / CUDA 13.0,1575.000,,,,fp16,128,128,16,32,128,65,3,discard,same,1,1,32,1,nocount,sw128,sw128,16,16,16,0,512,0,0,full,0,none,0,4,20,3181525.0,2020.0158730158732,,,,,8192,,21.262047260983334,,,0,0.0,1,bf14b28d2af4128daa99f23eec8a5e105636d0b04136f8be580fdc39d6f1f97d,
06_tmem_dependency,tmem_fp16_m128n128k16_c512_full_in0_rd4,1,,NVIDIA Thor,11.0,580.00,13.0,PTX ISA 9.3 / CUDA 13.0,1575.000,,,,fp16,128,128,16,32,128,65,4,discard,same,1,1,32,1,nocount,sw128,sw128,16,16,16,0,512,0,0,full,0,none,0,4,20,3181525.0,2020.0158730158732,,,,,8192,,21.262047260983334,,,0,0.0,1,bf14b28d2af4128daa99f23eec8a5e105636d0b04136f8be580fdc39d6f1f97d,
06_tmem_dependency,tmem_fp16_m128n64k16_c512_full_in1_rd1,1,,NVIDIA Thor,11.0,580.00,13.0,PTX ISA 9.3 / CUDA 13.0,1575.000,,,,fp16,128,64,16,32,128,66,0,discard,same,1,1,32,1,nocount,sw128,sw128,16,16,16,0,512,0,0,full,1,none,0,4,20,3182158.0,2020.417777777778,,,,,6144,,10.628908890130534,,,0,0.0,1,bf14b28d2af4128daa99f23eec8a5e105636d0b04136f8be580fdc39d6f1f97d,; UTCHMMA=21;UTCHMMA_WS=16;UTCBAR=1;UTCATOMSWS=3;SYNCS_TRYWAIT=8;LDS=21;LDG=9;ptx_tcgen05_mma=21;ptx_tcgen05_mma_ws=16;ptx_tcgen05_commit=1;ptx_tcgen05_alloc=1;ptx_tcgen05_dealloc=1;ptx_tcgen05_ld=5;ptx_tcgen05_st=5;ptx_mbarrier_wait=5;ptx_cp_async_tma=2;ptx_ld_shared=26;ptx_ld_global=7
06_tmem_dependency,tmem_fp16_m128n64k16_c512_full_in1_rd1,1,,NVIDIA Thor,11.0,580.00,13.0,PTX ISA 9.3 / CUDA 13.0,1575.000,,,,fp16,128,64,16,32,128,66,1,discard,same,1,1,32,1,nocount,sw128,sw128,16,16,16,0,512,0,0,full,1,none,0,4,20,3182162.0,2020.4203174603174,,,,,6144,,10.628895529517354,,,0,0.0,1,bf14b28d2af4128daa99f23eec8a5e105636d0b04136f8be580fdc39d6f1f97d,
06_tmem_dependency,tmem_fp16_m128n64k16_c512_full_in1_rd1,1,,NVIDIA Thor,11.0,580.00,13.0,PTX ISA 9.3 / CUDA 13.0,1575.000,,,,fp16,128,64,16,32,128,66,2,discard,same,1,1,32,1,nocount,sw128,sw128,16,16,16,0,512,0,0,full,1,none,0,4,20,3182165.0,2020.4222222222224,,,,,6144,,10.62888550907951,,,0,0.0,1,bf14b28d2af4128daa99f23eec8a5e105636d0b04136f8be580fdc39d6f1f97d,
06_tmem_dependency,tmem_fp16_m128n64k16_c512_full_in1_rd1,1,,NVIDIA Thor,11.0,580.00,13.0,PTX ISA 9.3 / CUDA 13.0,1575.000,,,,fp16,128,64,16,32,128,66,3,discard,same,1,1,32,1,nocount,sw128,sw128,16,16,16,0,512,0,0,full,1,none,0,4,20,3182157.0,2020.4171428571428,,,,,6144,,10.628912230289078,,,0,0.0,1,bf14b28d2af4128daa99f23eec8a5e105636d0b04136f8be580fdc39d6f1f97d,
06_tmem_dependency,tmem_fp16_m128n64k16_c512_full_in1_rd1,1,,NVIDIA Thor,11.0,580.00,13.0,PTX ISA 9.3 / CUDA 13.0,1575.000,,,,fp16,128,64,16,32,128,66,4,discard,same,1,1,32,1,nocount,sw128,sw128,16,16,16,0,512,0,0,full,1,none,0,4,20,3182167.0,2020.423492063492,,,,,6144,,10.628878828798113,,,0,0.0,1,bf14b28d2af4128daa99f23eec8a5e105636d0b04136f8be580fdc39d6f1f97d,
06_tmem_dependency,tmem_bf16_m128n128k16_c512_partial_in0_rd4,1,,NVIDIA Thor,11.0,580.00,13.0,PTX ISA 9.3 / CUDA 13.0,1575.000,,,,bf16,128,128,16,32,128,67,0,discard,same,1,4,32,1,nocount,sw128,sw128,16,16,16,0,512,0,64,partial,0,none,0,4,20,3678987.0,2335.864761904762,,,,,8192,,18.387054619111183,,,0,0.0,1,bf14b28d2af4128daa99f23eec8a5e105636d0b04136f8be580fdc39d6f1f97d,; UTCHMMA=21;UTCHMMA_WS=16;UTCBAR=1;UTCATOMSWS=3;SYNCS_TRYWAIT=8;LDS=21;LDG=9;ptx_tcgen05_mma=21;ptx_tcgen05_mma_ws=16;ptx_tcgen05_commit=1;ptx_tcgen05_alloc=1;ptx_tcgen05_dealloc=1;ptx_tcgen05_ld=5;ptx_tcgen05_st=5;ptx_mbarrier_wait=5;ptx_cp_async_tma=2;ptx_ld_shared=26;ptx_ld_global=7
06_tmem_dependency,tmem_bf16_m128n128k16_c512_partial_in0_rd4,1,,NVIDIA Thor,11.0,580.00,13.0,PTX ISA 9.3 / CUDA 13.0,1575.000,,,,bf16,128,128,16,32,128,67,1,discard,same,1,4,32,1,nocount,sw128,sw128,16,16,16,0,512,0,64,partial,0,none,0,4,20,3678988.0,2335.8653968253966,,,,,8192,,18.387049621254544,,,0,0.0,1,bf14b28d2af4128daa99f23eec8a5e105636d0b04136f8be580fdc39d6f1f97d,
06_tmem_dependency,tmem_bf16_m128n128k16_c512_partial_in0_rd4,1,,NVIDIA Thor,11.0,580.00,13.0,PTX ISA 9.3 / CUDA 13.0,1575.000,,,,bf16,128,128,16,32,128,67,2,discard,same,1,4,32,1,nocount,sw128,sw128,16,16,16,0,512,0,64,partial,0,none,0,4,20,3678955.0,2335.8444444444444,,,,,8192,,18.38721455195837,,,0,0.0,1,bf14b28d2af4128daa99f23eec8a5e105636d0b04136f8be580fdc39d6f1f97d,
06_tmem_dependency,tmem_bf16_m128n128k16_c512_partial_in0_rd4,1,,NVIDIA Thor,11.0,580.00,13.0,PTX ISA 9.3 / CUDA 13.0,1575.000,,,,bf16,128,128,16,32,128,67,3,discard,same,1,4,32,1,nocount,sw128,sw128,16,16,16,0,512,0,64,partial,0,none,0,4,20,3678996.0,2335.8704761904764,,,,,8192,,18.387009638499197,,,0,0.0,1,bf14b28d2af4128daa99f23eec8a5e105636d0b04136f8be580fdc39d6f1f97d,
06_tmem_dependency,tmem_bf16_m128n128k16_c512_partial_in0_rd4,1,,NVIDIA Thor,11.0,580.00,13.0,PTX ISA 9.3 / CUDA 13.0,1575.000,,,,bf16,128,128,16,32,128,67,4,discard,same,1,4,32,1,nocount,sw128,sw128,16,16,16,0,512,0,64,partial,0,none,0,4,20,3678984.0,2335.862857142857,,,,,8192,,18.387069612697417,,,0,0.0,1,bf14b28d2af4128daa99f23eec8a5e105636d0b04136f8be580fdc39d6f1f97d,
06_tmem_dependency,tmem_fp16_m128n128k16_c256_full_in1_rd1,1,,NVIDIA Thor,11.0,580.00,13.0,PTX ISA 9.3 / CUDA 13.0,1575.000,,,,fp16,128,128,16,32,128,68,0,discard,same,1,1,32,1,nocount,sw128,sw128,16,16,16,0,256,0,0,full,1,none,0,4,20,3181154.0,2019.7803174603173,,,,,8192,,21.264526933307852,,,0,0.0,1,bf14b28d2af4128daa99f23eec8a5e105636d0b04136f8be580fdc39d6f1f97d,; UTCHMMA=21;UTCHMMA_WS=16;UTCBAR=1;UTCATOMSWS=3;SYNCS_TRYWAIT=8;LDS=21;LDG=9;ptx_tcgen05_mma=21;ptx_tcgen05_mma_ws=16;ptx_tcgen05_commit=1;ptx_tcgen05_alloc=1;ptx_tcgen05_dealloc=1;ptx_tcgen05_ld=5;ptx_tcgen05_st=5;ptx_mbarrier_wait=5;ptx_cp_async_tma=2;ptx_ld_shared=26;ptx_ld_global=7
06_tmem_dependency,tmem_fp16_m128n128k16_c256_full_in1_rd1,1,,NVIDIA Thor,11.0,580.00,13.0,PTX ISA 9.3 / CUDA 13.0,1575.000,,,,fp16,128,128,16,32,128,68,1,discard,same,1,1,32,1,nocount,sw128,sw128,16,16,16,0,256,0,0,full,1,none,0,4,20,3181152.0,2019.7790476190478,,,,,8192,,21.26454030238102,,,0,0.0,1,bf14b28d2af4128daa99f23eec8a5e105636d0b04136f8be580fdc39d6f1f97d,
06_tmem_dependency,tmem_fp16_m128n128k16_c256_full_in1_rd1,1,,NVIDIA Thor,11.0,580.00,13.0,PTX ISA 9.3 / CUDA 13.0,1575.000,,,,fp16,128,128,16,32,128,68,2,discard,same,1,1,32,1,nocount,sw128,sw128,16,16,16,0,256,0,0,full,1,none,0,4,20,3181521.0,2020.0133333333333,,,,,8192,,21.26207399291094,,,0,0.0,1,bf14b28d2af4128daa99f23eec8a5e105636d0b04136f8be580fdc39d6f1f97d,
06_tmem_dependency,tmem_fp16_m128n128k16_c256_full_in1_rd1,1,,NVIDIA Thor,11.0,580.00,13.0,PTX ISA 9.3 / CUDA 13.0,1575.000,,,,fp16,128,128,16,32,128,68,3,discard,same,1,1,32,1,nocount,sw128,sw128,16,16,16,0,256,0,0,full,1,none,0,4,20,3181154.0,2019.7803174603173,,,,,8192,,21.264526933307852,,,0,0.0,1,bf14b28d2af4128daa99f23eec8a5e105636d0b04136f8be580fdc39d6f1f97d,
06_tmem_dependency,tmem_fp16_m128n128k16_c256_full_in1_rd1,1,,NVIDIA Thor,11.0,580.00,13.0,PTX ISA 9.3 / CUDA 13.0,1575.000,,,,fp16,128,128,16,32,128,68,4,discard,same,1,1,32,1,nocount,sw128,sw128,16,16,16,0,256,0,0,full,1,none,0,4,20,3181149.0,2019.7771428571427,,,,,8192,,21.264560356022304,,,0,0.0,1,bf14b28d2af4128daa99f23eec8a5e105636d0b04136f8be580fdc39d6f1f97d,
06_tmem_dependency,tmem_fp16_m128n128k16_c128_full_in1_rd1,1,,NVIDIA Thor,11.0,580.00,13.0,PTX ISA 9.3 / CUDA 13.0,1575.000,,,,fp16,128,128,16,32,128,69,0,discard,same,1,1,32,1,nocount,sw128,sw128,16,16,16,0,128,0,0,full,1,none,0,4,20,3181150.0,2019.7777777777778,,,,,8192,,21.264553671471006,,,0,0.0,1,bf14b28d2af4128daa99f23eec8a5e105636d0b04136f8be580fdc39d6f1f97d,; UTCHMMA=21;UTCHMMA_WS=16;UTCBAR=1;UTCATOMSWS=3;SYNCS_TRYWAIT=8;LDS=21;LDG=9;ptx_tcgen05_mma=21;ptx_tcgen05_mma_ws=16;ptx_tcgen05_commit=1;ptx_tcgen05_alloc=1;ptx_tcgen05_dealloc=1;ptx_tcgen05_ld=5;ptx_tcgen05_st=5;ptx_mbarrier_wait=5;ptx_cp_async_tma=2;ptx_ld_shared=26;ptx_ld_global=7
06_tmem_dependency,tmem_fp16_m128n128k16_c128_full_in1_rd1,1,,NVIDIA Thor,11.0,580.00,13.0,PTX ISA 9.3 / CUDA 13.0,1575.000,,,,fp16,128,128,16,32,128,69,1,discard,same,1,1,32,1,nocount,sw128,sw128,16,16,16,0,128,0,0,full,1,none,0,4,20,3181526.0,2020.0165079365079,,,,,8192,,21.262040578011938,,,0,0.0,1,bf14b28d2af4128daa99f23eec8a5e105636d0b04136f8be580fdc39d6f1f97d,
06_tmem_dependency,tmem_fp16_m128n128k16_c128_full_in1_rd1,1,,NVIDIA Thor,11.0,580.00,13.0,PTX ISA 9.3 / CUDA 13.0,1575.000,,,,fp16,128,128,16,32,128,69,2,discard,same,1,1,32,1,nocount,sw128,sw128,16,16,16,0,128,0,0,full,1,none,0,4,20,3181151.0,2019.7784126984127,,,,,8192,,21.264546986923918,,,0,0.0,1,bf14b28d2af4128daa99f23eec8a5e105636d0b04136f8be580fdc39d6f1f97d,
06_tmem_dependency,tmem_fp16_m128n128k16_c128_full_in1_rd1,1,,NVIDIA Thor,11.0,580.00,13.0,PTX ISA 9.3 / CUDA 13.0,1575.000,,,,fp16,128,128,16,32,128,69,3,discard,same,1,1,32,1,nocount,sw128,sw128,16,16,16,0,128,0,0,full,1,none,0,4,20,3181152.0,2019.7790476190478,,,,,8192,,21.26454030238102,,,0,0.0,1,bf14b28d2af4128daa99f23eec8a5e105636d0b04136f8be580fdc39d6f1f97d,
06_tmem_dependency,tmem_fp16_m128n128k16_c128_full_in1_rd1,1,,NVIDIA Thor,11.0,580.00,13.0,PTX ISA 9.3 / CUDA 13.0,1575.000,,,,fp16,128,128,16,32,128,69,4,discard,same,1,1,32,1,nocount,sw128,sw128,16,16,16,0,128,0,0,full,1,none,0,4,20,3181151.0,2019.7784126984127,,,,,8192,,21.264546986923918,,,0,0.0,1,bf14b28d2af4128daa99f23eec8a5e105636d0b04136f8be580fdc39d6f1f97d,
06_tmem_dependency,tmem_fp16_m128n64k16_c256_full_in1_rd4,1,,NVIDIA Thor,11.0,580.00,13.0,PTX ISA 9.3 / CUDA 13.0,1575.000,,,,fp16,128,64,16,32,128,70,0,discard,same,1,1,32,1,nocount,sw128,sw128,16,16,16,0,256,0,0,full,1,none,0,4,20,3182167.0,2020.423492063492,,,,,6144,,10.628878828798113,,,0,0.0,1,bf14b28d2af4128daa99f23eec8a5e105636d0b04136f8be580fdc39d6f1f97d,; UTCHMMA=21;UTCHMMA_WS=16;UTCBAR=1;UTCATOMSWS=3;SYNCS_TRYWAIT=8;LDS=21;LDG=9;ptx_tcgen05_mma=21;ptx_tcgen05_mma_ws=16;ptx_tcgen05_commit=1;ptx_tcgen05_alloc=1;ptx_tcgen05_dealloc=1;ptx_tcgen05_ld=5;ptx_tcgen05_st=5;ptx_mbarrier_wait=5;ptx_cp_async_tma=2;ptx_ld_shared=26;ptx_ld_global=7
06_tmem_dependency,tmem_fp16_m128n64k16_c256_full_in1_rd4,1,,NVIDIA Thor,11.0,580.00,13.0,PTX ISA 9.3 / CUDA 13.0,1575.000,,,,fp16,128,64,16,32,128,70,1,discard,same,1,1,32,1,nocount,sw128,sw128,16,16,16,0,256,0,0,full,1,none,0,4,20,3182165.0,2020.4222222222224,,,,,6144,,10.62888550907951,,,0,0.0,1,bf14b28d2af4128daa99f23eec8a5e105636d0b04136f8be580fdc39d6f1f97d,
06_tmem_dependency,tmem_fp16_m128n64k16_c256_full_in1_rd4,1,,NVIDIA Thor,11.0,580.00,13.0,PTX ISA 9.3 / CUDA 13.0,1575.000,,,,fp16,128,64,16,32,128,70,2,discard,same,1,1,32,1,nocount,sw128,sw128,16,16,16,0,256,0,0,full,1,none,0,4,20,3182167.0,2020.423492063492,,,,,6144,,10.628878828798113,,,0,0.0,1,bf14b28d2af4128daa99f23eec8a5e105636d0b04136f8be580fdc39d6f1f97d,
06_tmem_dependency,tmem_fp16_m128n64k16_c256_full_in1_rd4,1,,NVIDIA Thor,11.0,580.00,13.0,PTX ISA 9.3 / CUDA 13.0,1575.000,,,,fp16,128,64,16,32,128,70,3,discard,same,1,1,32,1,nocount,sw128,sw128,16,16,16,0,256,0,0,full,1,none,0,4,20,3182169.0,2020.4247619047617,,,,,6144,,10.628872148525112,,,0,0.0,1,bf14b28d2af4128daa99f23eec8a5e105636d0b04136f8be580fdc39d6f1f97d,
06_tmem_dependency,tmem_fp16_m128n64k16_c256_full_in1_rd4,1,,NVIDIA Thor,11.0,580.00,13.0,PTX ISA 9.3 / CUDA 13.0,1575.000,,,,fp16,128,64,16,32,128,70,4,discard,same,1,1,32,1,nocount,sw128,sw128,16,16,16,0,256,0,0,full,1,none,0,4,20,3182173.0,2020.4273015873016,,,,,6144,,10.628858788004298,,,0,0.0,1,bf14b28d2af4128daa99f23eec8a5e105636d0b04136f8be580fdc39d6f1f97d,
06_tmem_dependency,tmem_fp16_m128n256k16_c256_full_in0_rd1,1,,NVIDIA Thor,11.0,580.00,13.0,PTX ISA 9.3 / CUDA 13.0,1575.000,,,,fp16,128,256,16,32,128,71,0,discard,same,1,1,32,1,nocount,sw128,sw128,16,16,16,0,256,0,0,full,0,none,0,4,20,3181549.0,2020.031111111111,,,,,12288,,42.523773741658545,,,0,0.0,1,bf14b28d2af4128daa99f23eec8a5e105636d0b04136f8be580fdc39d6f1f97d,; UTCHMMA=21;UTCHMMA_WS=16;UTCBAR=1;UTCATOMSWS=3;SYNCS_TRYWAIT=8;LDS=21;LDG=9;ptx_tcgen05_mma=21;ptx_tcgen05_mma_ws=16;ptx_tcgen05_commit=1;ptx_tcgen05_alloc=1;ptx_tcgen05_dealloc=1;ptx_tcgen05_ld=5;ptx_tcgen05_st=5;ptx_mbarrier_wait=5;ptx_cp_async_tma=2;ptx_ld_shared=26;ptx_ld_global=7
06_tmem_dependency,tmem_fp16_m128n256k16_c256_full_in0_rd1,1,,NVIDIA Thor,11.0,580.00,13.0,PTX ISA 9.3 / CUDA 13.0,1575.000,,,,fp16,128,256,16,32,128,71,1,discard,same,1,1,32,1,nocount,sw128,sw128,16,16,16,0,256,0,0,full,0,none,0,4,20,3181545.0,2020.0285714285712,,,,,12288,,42.523827204707146,,,0,0.0,1,bf14b28d2af4128daa99f23eec8a5e105636d0b04136f8be580fdc39d6f1f97d,
06_tmem_dependency,tmem_fp16_m128n256k16_c256_full_in0_rd1,1,,NVIDIA Thor,11.0,580.00,13.0,PTX ISA 9.3 / CUDA 13.0,1575.000,,,,fp16,128,256,16,32,128,71,2,discard,same,1,1,32,1,nocount,sw128,sw128,16,16,16,0,256,0,0,full,0,none,0,4,20,3181541.0,2020.0260317460318,,,,,12288,,42.52388066789018,,,0,0.0,1,bf14b28d2af4128daa99f23eec8a5e105636d0b04136f8be580fdc39d6f1f97d,
06_tmem_dependency,tmem_fp16_m128n256k16_c256_full_in0_rd1,1,,NVIDIA Thor,11.0,580.00,13.0,PTX ISA 9.3 / CUDA 13.0,1575.000,,,,fp16,128,256,16,32,128,71,3,discard,same,1,1,32,1,nocount,sw128,sw128,16,16,16,0,256,0,0,full,0,none,0,4,20,3181541.0,2020.0260317460318,,,,,12288,,42.52388066789018,,,0,0.0,1,bf14b28d2af4128daa99f23eec8a5e105636d0b04136f8be580fdc39d6f1f97d,
06_tmem_dependency,tmem_fp16_m128n256k16_c256_full_in0_rd1,1,,NVIDIA Thor,11.0,580.00,13.0,PTX ISA 9.3 / CUDA 13.0,1575.000,,,,fp16,128,256,16,32,128,71,4,discard,same,1,1,32,1,nocount,sw128,sw128,16,16,16,0,256,0,0,full,0,none,0,4,20,3181796.0,2020.1879365079365,,,,,12288,,42.52047265883797,,,0,0.0,1,bf14b28d2af4128daa99f23eec8a5e105636d0b04136f8be580fdc39d6f1f97d,
06_tmem_dependency,tmem_fp16_m128n64k16_c256_partial_in0_rd1,1,,NVIDIA Thor,11.0,580.00,13.0,PTX ISA 9.3 / CUDA 13.0,1575.000,,,,fp16,128,64,16,32,128,72,0,discard,same,1,1,32,1,nocount,sw128,sw128,16,16,16,0,256,0,32,partial,0,none,0,4,20,3182162.0,2020.4203174603174,,,,,6144,,10.628895529517354,,,0,0.0,1,bf14b28d2af4128daa99f23eec8a5e105636d0b04136f8be580fdc39d6f1f97d,; UTCHMMA=21;UTCHMMA_WS=16;UTCBAR=1;UTCATOMSWS=3;SYNCS_TRYWAIT=8;LDS=21;LDG=9;ptx_tcgen05_mma=21;ptx_tcgen05_mma_ws=16;ptx_tcgen05_commit=1;ptx_tcgen05_alloc=1;ptx_tcgen05_dealloc=1;ptx_tcgen05_ld=5;ptx_tcgen05_st=5;ptx_mbarrier_wait=5;ptx_cp_async_tma=2;ptx_ld_shared=26;ptx_ld_global=7
06_tmem_dependency,tmem_fp16_m128n64k16_c256_partial_in0_rd1,1,,NVIDIA Thor,11.0,580.00,13.0,PTX ISA 9.3 / CUDA 13.0,1575.000,,,,fp16,128,64,16,32,128,72,1,discard,same,1,1,32,1,nocount,sw128,sw128,16,16,16,0,256,0,32,partial,0,none,0,4,20,3182169.0,2020.4247619047617,,,,,6144,,10.628872148525112,,,0,0.0,1,bf14b28d2af4128daa99f23eec8a5e105636d0b04136f8be580fdc39d6f1f97d,
06_tmem_dependency,tmem_fp16_m128n64k16_c256_partial_in0_rd1,1,,NVIDIA Thor,11.0,580.00,13.0,PTX ISA 9.3 / CUDA 13.0,1575.000,,,,fp16,128,64,16,32,128,72,2,discard,same,1,1,32,1,nocount,sw128,sw128,16,16,16,0,256,0,32,partial,0,none,0,4,20,3182160.0,2020.4190476190474,,,,,6144,,10.628902209819746,,,0,0.0,1,bf14b28d2af4128daa99f23eec8a5e105636d0b04136f8be580fdc39d6f1f97d,
06_tmem_dependency,tmem_fp16_m128n64k16_c256_partial_in0_rd1,1,,NVIDIA Thor,11.0,580.00,13.0,PTX ISA 9.3 / CUDA 13.0,1575.000,,,,fp16,128,64,16,32,128,72,3,discard,same,1,1,32,1,nocount,sw128,sw128,16,16,16,0,256,0,32,partial,0,none,0,4,20,3182162.0,2020.4203174603174,,,,,6144,,10.628895529517354,,,0,0.0,1,bf14b28d2af4128daa99f23eec8a5e105636d0b04136f8be580fdc39d6f1f97d,
06_tmem_dependency,tmem_fp16_m128n64k16_c256_partial_in0_rd1,1,,NVIDIA Thor,11.0,580.00,13.0,PTX ISA 9.3 / CUDA 13.0,1575.000,,,,fp16,128,64,16,32,128,72,4,discard,same,1,1,32,1,nocount,sw128,sw128,16,16,16,0,256,0,32,partial,0,none,0,4,20,3182157.0,2020.4171428571428,,,,,6144,,10.628912230289078,,,0,0.0,1,bf14b28d2af4128daa99f23eec8a5e105636d0b04136f8be580fdc39d6f1f97d,
06_tmem_dependency,tmem_fp16_m128n128k16_c512_full_in1_rd1,1,,NVIDIA Thor,11.0,580.00,13.0,PTX ISA 9.3 / CUDA 13.0,1575.000,,,,fp16,128,128,16,32,128,73,0,discard,same,1,1,32,1,nocount,sw128,sw128,16,16,16,0,512,0,0,full,1,none,0,4,20,3181156.0,2019.7815873015873,,,,,8192,,21.264513564251487,,,0,0.0,1,bf14b28d2af4128daa99f23eec8a5e105636d0b04136f8be580fdc39d6f1f97d,; UTCHMMA=21;UTCHMMA_WS=16;UTCBAR=1;UTCATOMSWS=3;SYNCS_TRYWAIT=8;LDS=21;LDG=9;ptx_tcgen05_mma=21;ptx_tcgen05_mma_ws=16;ptx_tcgen05_commit=1;ptx_tcgen05_alloc=1;ptx_tcgen05_dealloc=1;ptx_tcgen05_ld=5;ptx_tcgen05_st=5;ptx_mbarrier_wait=5;ptx_cp_async_tma=2;ptx_ld_shared=26;ptx_ld_global=7
06_tmem_dependency,tmem_fp16_m128n128k16_c512_full_in1_rd1,1,,NVIDIA Thor,11.0,580.00,13.0,PTX ISA 9.3 / CUDA 13.0,1575.000,,,,fp16,128,128,16,32,128,73,1,discard,same,1,1,32,1,nocount,sw128,sw128,16,16,16,0,512,0,0,full,1,none,0,4,20,3181523.0,2020.0146031746033,,,,,8192,,21.262060626938734,,,0,0.0,1,bf14b28d2af4128daa99f23eec8a5e105636d0b04136f8be580fdc39d6f1f97d,
06_tmem_dependency,tmem_fp16_m128n128k16_c512_full_in1_rd1,1,,NVIDIA Thor,11.0,580.00,13.0,PTX ISA 9.3 / CUDA 13.0,1575.000,,,,fp16,128,128,16,32,128,73,2,discard,same,1,1,32,1,nocount,sw128,sw128,16,16,16,0,512,0,0,full,1,none,0,4,20,3181521.0,2020.0133333333333,,,,,8192,,21.26207399291094,,,0,0.0,1,bf14b28d2af4128daa99f23eec8a5e105636d0b04136f8be580fdc39d6f1f97d,
06_tmem_dependency,tmem_fp16_m128n128k16_c512_full_in1_rd1,1,,NVIDIA Thor,11.0,580.00,13.0,PTX ISA 9.3 / CUDA 13.0,1575.000,,,,fp16,128,128,16,32,128,73,3,discard,same,1,1,32,1,nocount,sw128,sw128,16,16,16,0,512,0,0,full,1,none,0,4,20,3181521.0,2020.0133333333333,,,,,8192,,21.26207399291094,,,0,0.0,1,bf14b28d2af4128daa99f23eec8a5e105636d0b04136f8be580fdc39d6f1f97d,
06_tmem_dependency,tmem_fp16_m128n128k16_c512_full_in1_rd1,1,,NVIDIA Thor,11.0,580.00,13.0,PTX ISA 9.3 / CUDA 13.0,1575.000,,,,fp16,128,128,16,32,128,73,4,discard,same,1,1,32,1,nocount,sw128,sw128,16,16,16,0,512,0,0,full,1,none,0,4,20,3181147.0,2019.7758730158728,,,,,8192,,21.26457372513751,,,0,0.0,1,bf14b28d2af4128daa99f23eec8a5e105636d0b04136f8be580fdc39d6f1f97d,
06_tmem_dependency,tmem_bf16_m128n64k16_c512_partial_in1_rd1,1,,NVIDIA Thor,11.0,580.00,13.0,PTX ISA 9.3 / CUDA 13.0,1575.000,,,,bf16,128,64,16,32,128,74,0,discard,same,1,1,32,1,nocount,sw128,sw128,16,16,16,0,512,0,32,partial,1,none,0,4,20,3182157.0,2020.4171428571428,,,,,6144,,10.628912230289078,,,0,0.0,1,bf14b28d2af4128daa99f23eec8a5e105636d0b04136f8be580fdc39d6f1f97d,; UTCHMMA=21;UTCHMMA_WS=16;UTCBAR=1;UTCATOMSWS=3;SYNCS_TRYWAIT=8;LDS=21;LDG=9;ptx_tcgen05_mma=21;ptx_tcgen05_mma_ws=16;ptx_tcgen05_commit=1;ptx_tcgen05_alloc=1;ptx_tcgen05_dealloc=1;ptx_tcgen05_ld=5;ptx_tcgen05_st=5;ptx_mbarrier_wait=5;ptx_cp_async_tma=2;ptx_ld_shared=26;ptx_ld_global=7
06_tmem_dependency,tmem_bf16_m128n64k16_c512_partial_in1_rd1,1,,NVIDIA Thor,11.0,580.00,13.0,PTX ISA 9.3 / CUDA 13.0,1575.000,,,,bf16,128,64,16,32,128,74,1,discard,same,1,1,32,1,nocount,sw128,sw128,16,16,16,0,512,0,32,partial,1,none,0,4,20,3182167.0,2020.423492063492,,,,,6144,,10.628878828798113,,,0,0.0,1,bf14b28d2af4128daa99f23eec8a5e105636d0b04136f8be580fdc39d6f1f97d,
06_tmem_dependency,tmem_bf16_m128n64k16_c512_partial_in1_rd1,1,,NVIDIA Thor,11.0,580.00,13.0,PTX ISA 9.3 / CUDA 13.0,1575.000,,,,bf16,128,64,16,32,128,74,2,discard,same,1,1,32,1,nocount,sw128,sw128,16,16,16,0,512,0,32,partial,1,none,0,4,20,3182167.0,2020.423492063492,,,,,6144,,10.628878828798113,,,0,0.0,1,bf14b28d2af4128daa99f23eec8a5e105636d0b04136f8be580fdc39d6f1f97d,
06_tmem_dependency,tmem_bf16_m128n64k16_c512_partial_in1_rd1,1,,NVIDIA Thor,11.0,580.00,13.0,PTX ISA 9.3 / CUDA 13.0,1575.000,,,,bf16,128,64,16,32,128,74,3,discard,same,1,1,32,1,nocount,sw128,sw128,16,16,16,0,512,0,32,partial,1,none,0,4,20,3182155.0,2020.4158730158729,,,,,6144,,10.628918910612462,,,0,0.0,1,bf14b28d2af4128daa99f23eec8a5e105636d0b04136f8be580fdc39d6f1f97d,
06_tmem_dependency,tmem_bf16_m128n64k16_c512_partial_in1_rd1,1,,NVIDIA Thor,11.0,580.00,13.0,PTX ISA 9.3 / CUDA 13.0,1575.000,,,,bf16,128,64,16,32,128,74,4,discard,same,1,1,32,1,nocount,sw128,sw128,16,16,16,0,512,0,32,partial,1,none,0,4,20,3182167.0,2020.423492063492,,,,,6144,,10.628878828798113,,,0,0.0,1,bf14b28d2af4128daa99f23eec8a5e105636d0b04136f8be580fdc39d6f1f97d,
06_tmem_dependency,tmem_fp16_m128n256k16_c512_partial_in1_rd1,1,,NVIDIA Thor,11.0,580.00,13.0,PTX ISA 9.3 / CUDA 13.0,1575.000,,,,fp16,128,256,16,32,128,75,0,discard,same,1,1,32,1,nocount,sw128,sw128,16,16,16,0,512,0,128,partial,1,none,0,4,20,3181541.0,2020.0260317460318,,,,,12288,,42.52388066789018,,,0,0.0,1,bf14b28d2af4128daa99f23eec8a5e105636d0b04136f8be580fdc39d6f1f97d,; UTCHMMA=21;UTCHMMA_WS=16;UTCBAR=1;UTCATOMSWS=3;SYNCS_TRYWAIT=8;LDS=21;LDG=9;ptx_tcgen05_mma=21;ptx_tcgen05_mma_ws=16;ptx_tcgen05_commit=1;ptx_tcgen05_alloc=1;ptx_tcgen05_dealloc=1;ptx_tcgen05_ld=5;ptx_tcgen05_st=5;ptx_mbarrier_wait=5;ptx_cp_async_tma=2;ptx_ld_shared=26;ptx_ld_global=7
06_tmem_dependency,tmem_fp16_m128n256k16_c512_partial_in1_rd1,1,,NVIDIA Thor,11.0,580.00,13.0,PTX ISA 9.3 / CUDA 13.0,1575.000,,,,fp16,128,256,16,32,128,75,1,discard,same,1,1,32,1,nocount,sw128,sw128,16,16,16,0,512,0,128,partial,1,none,0,4,20,3181553.0,2020.0336507936508,,,,,12288,,42.52372027874438,,,0,0.0,1,bf14b28d2af4128daa99f23eec8a5e105636d0b04136f8be580fdc39d6f1f97d,
06_tmem_dependency,tmem_fp16_m128n256k16_c512_partial_in1_rd1,1,,NVIDIA Thor,11.0,580.00,13.0,PTX ISA 9.3 / CUDA 13.0,1575.000,,,,fp16,128,256,16,32,128,75,2,discard,same,1,1,32,1,nocount,sw128,sw128,16,16,16,0,512,0,128,partial,1,none,0,4,20,3181796.0,2020.1879365079365,,,,,12288,,42.52047265883797,,,0,0.0,1,bf14b28d2af4128daa99f23eec8a5e105636d0b04136f8be580fdc39d6f1f97d,
06_tmem_dependency,tmem_fp16_m128n256k16_c512_partial_in1_rd1,1,,NVIDIA Thor,11.0,580.00,13.0,PTX ISA 9.3 / CUDA 13.0,1575.000,,,,fp16,128,256,16,32,128,75,3,discard,same,1,1,32,1,nocount,sw128,sw128,16,16,16,0,512,0,128,partial,1,none,0,4,20,3181549.0,2020.031111111111,,,,,12288,,42.523773741658545,,,0,0.0,1,bf14b28d2af4128daa99f23eec8a5e105636d0b04136f8be580fdc39d6f1f97d,
06_tmem_dependency,tmem_fp16_m128n256k16_c512_partial_in1_rd1,1,,NVIDIA Thor,11.0,580.00,13.0,PTX ISA 9.3 / CUDA 13.0,1575.000,,,,fp16,128,256,16,32,128,75,4,discard,same,1,1,32,1,nocount,sw128,sw128,16,16,16,0,512,0,128,partial,1,none,0,4,20,3181547.0,2020.0298412698412,,,,,12288,,42.52380047316605,,,0,0.0,1,bf14b28d2af4128daa99f23eec8a5e105636d0b04136f8be580fdc39d6f1f97d,
06_tmem_dependency,tmem_bf16_m128n64k16_c256_full_in1_rd4,1,,NVIDIA Thor,11.0,580.00,13.0,PTX ISA 9.3 / CUDA 13.0,1575.000,,,,bf16,128,64,16,32,128,76,0,discard,same,1,1,32,1,nocount,sw128,sw128,16,16,16,0,256,0,0,full,1,none,0,4,20,3182157.0,2020.4171428571428,,,,,6144,,10.628912230289078,,,0,0.0,1,bf14b28d2af4128daa99f23eec8a5e105636d0b04136f8be580fdc39d6f1f97d,; UTCHMMA=21;UTCHMMA_WS=16;UTCBAR=1;UTCATOMSWS=3;SYNCS_TRYWAIT=8;LDS=21;LDG=9;ptx_tcgen05_mma=21;ptx_tcgen05_mma_ws=16;ptx_tcgen05_commit=1;ptx_tcgen05_alloc=1;ptx_tcgen05_dealloc=1;ptx_tcgen05_ld=5;ptx_tcgen05_st=5;ptx_mbarrier_wait=5;ptx_cp_async_tma=2;ptx_ld_shared=26;ptx_ld_global=7
06_tmem_dependency,tmem_bf16_m128n64k16_c256_full_in1_rd4,1,,NVIDIA Thor,11.0,580.00,13.0,PTX ISA 9.3 / CUDA 13.0,1575.000,,,,bf16,128,64,16,32,128,76,1,discard,same,1,1,32,1,nocount,sw128,sw128,16,16,16,0,256,0,0,full,1,none,0,4,20,3182167.0,2020.423492063492,,,,,6144,,10.628878828798113,,,0,0.0,1,bf14b28d2af4128daa99f23eec8a5e105636d0b04136f8be580fdc39d6f1f97d,
06_tmem_dependency,tmem_bf16_m128n64k16_c256_full_in1_rd4,1,,NVIDIA Thor,11.0,580.00,13.0,PTX ISA 9.3 / CUDA 13.0,1575.000,,,,bf16,128,64,16,32,128,76,2,discard,same,1,1,32,1,nocount,sw128,sw128,16,16,16,0,256,0,0,full,1,none,0,4,20,3182162.0,2020.4203174603174,,,,,6144,,10.628895529517354,,,0,0.0,1,bf14b28d2af4128daa99f23eec8a5e105636d0b04136f8be580fdc39d6f1f97d,
06_tmem_dependency,tmem_bf16_m128n64k16_c256_full_in1_rd4,1,,NVIDIA Thor,11.0,580.00,13.0,PTX ISA 9.3 / CUDA 13.0,1575.000,,,,bf16,128,64,16,32,128,76,3,discard,same,1,1,32,1,nocount,sw128,sw128,16,16,16,0,256,0,0,full,1,none,0,4,20,3182153.0,2020.4146031746031,,,,,6144,,10.628925590944243,,,0,0.0,1,bf14b28d2af4128daa99f23eec8a5e105636d0b04136f8be580fdc39d6f1f97d,
06_tmem_dependency,tmem_bf16_m128n64k16_c256_full_in1_rd4,1,,NVIDIA Thor,11.0,580.00,13.0,PTX ISA 9.3 / CUDA 13.0,1575.000,,,,bf16,128,64,16,32,128,76,4,discard,same,1,1,32,1,nocount,sw128,sw128,16,16,16,0,256,0,0,full,1,none,0,4,20,3182173.0,2020.4273015873016,,,,,6144,,10.628858788004298,,,0,0.0,1,bf14b28d2af4128daa99f23eec8a5e105636d0b04136f8be580fdc39d6f1f97d,
06_tmem_dependency,tmem_bf16_m128n256k16_c256_full_in0_rd1,1,,NVIDIA Thor,11.0,580.00,13.0,PTX ISA 9.3 / CUDA 13.0,1575.000,,,,bf16,128,256,16,32,128,77,0,discard,same,1,1,32,1,nocount,sw128,sw128,16,16,16,0,256,0,0,full,0,none,0,4,20,3181549.0,2020.031111111111,,,,,12288,,42.523773741658545,,,0,0.0,1,bf14b28d2af4128daa99f23eec8a5e105636d0b04136f8be580fdc39d6f1f97d,; UTCHMMA=21;UTCHMMA_WS=16;UTCBAR=1;UTCATOMSWS=3;SYNCS_TRYWAIT=8;LDS=21;LDG=9;ptx_tcgen05_mma=21;ptx_tcgen05_mma_ws=16;ptx_tcgen05_commit=1;ptx_tcgen05_alloc=1;ptx_tcgen05_dealloc=1;ptx_tcgen05_ld=5;ptx_tcgen05_st=5;ptx_mbarrier_wait=5;ptx_cp_async_tma=2;ptx_ld_shared=26;ptx_ld_global=7
06_tmem_dependency,tmem_bf16_m128n256k16_c256_full_in0_rd1,1,,NVIDIA Thor,11.0,580.00,13.0,PTX ISA 9.3 / CUDA 13.0,1575.000,,,,bf16,128,256,16,32,128,77,1,discard,same,1,1,32,1,nocount,sw128,sw128,16,16,16,0,256,0,0,full,0,none,0,4,20,3181558.0,2020.0368253968254,,,,,12288,,42.52365345029071,,,0,0.0,1,bf14b28d2af4128daa99f23eec8a5e105636d0b04136f8be580fdc39d6f1f97d,
06_tmem_dependency,tmem_bf16_m128n256k16_c256_full_in0_rd1,1,,NVIDIA Thor,11.0,580.00,13.0,PTX ISA 9.3 / CUDA 13.0,1575.000,,,,bf16,128,256,16,32,128,77,2,discard,same,1,1,32,1,nocount,sw128,sw128,16,16,16,0,256,0,0,full,0,none,0,4,20,3181545.0,2020.0285714285712,,,,,12288,,42.523827204707146,,,0,0.0,1,bf14b28d2af4128daa99f23eec8a5e105636d0b04136f8be580fdc39d6f1f97d,
06_tmem_dependency,tmem_bf16_m128n256k16_c256_full_in0_rd1,1,,NVIDIA Thor,11.0,580.00,13.0,PTX ISA 9.3 / CUDA 13.0,1575.000,,,,bf16,128,256,16,32,128,77,3,discard,same,1,1,32,1,nocount,sw128,sw128,16,16,16,0,256,0,0,full,0,none,0,4,20,3181788.0,2020.1828571428573,,,,,12288,,42.520579568469046,,,0,0.0,1,bf14b28d2af4128daa99f23eec8a5e105636d0b04136f8be580fdc39d6f1f97d,
06_tmem_dependency,tmem_bf16_m128n256k16_c256_full_in0_rd1,1,,NVIDIA Thor,11.0,580.00,13.0,PTX ISA 9.3 / CUDA 13.0,1575.000,,,,bf16,128,256,16,32,128,77,4,discard,same,1,1,32,1,nocount,sw128,sw128,16,16,16,0,256,0,0,full,0,none,0,4,20,3181548.0,2020.0304761904763,,,,,12288,,42.52378710740808,,,0,0.0,1,bf14b28d2af4128daa99f23eec8a5e105636d0b04136f8be580fdc39d6f1f97d,
06_tmem_dependency,tmem_bf16_m128n64k16_c512_partial_in0_rd1,1,,NVIDIA Thor,11.0,580.00,13.0,PTX ISA 9.3 / CUDA 13.0,1575.000,,,,bf16,128,64,16,32,128,78,0,discard,same,1,1,32,1,nocount,sw128,sw128,16,16,16,0,512,0,32,partial,0,none,0,4,20,3182156.0,2020.4165079365082,,,,,6144,,10.628915570449719,,,0,0.0,1,bf14b28d2af4128daa99f23eec8a5e105636d0b04136f8be580fdc39d6f1f97d,; UTCHMMA=21;UTCHMMA_WS=16;UTCBAR=1;UTCATOMSWS=3;SYNCS_TRYWAIT=8;LDS=21;LDG=9;ptx_tcgen05_mma=21;ptx_tcgen05_mma_ws=16;ptx_tcgen05_commit=1;ptx_tcgen05_alloc=1;ptx_tcgen05_dealloc=1;ptx_tcgen05_ld=5;ptx_tcgen05_st=5;ptx_mbarrier_wait=5;ptx_cp_async_tma=2;ptx_ld_shared=26;ptx_ld_global=7
06_tmem_dependency,tmem_bf16_m128n64k16_c512_partial_in0_rd1,1,,NVIDIA Thor,11.0,580.00,13.0,PTX ISA 9.3 / CUDA 13.0,1575.000,,,,bf16,128,64,16,32,128,78,1,discard,same,1,1,32,1,nocount,sw128,sw128,16,16,16,0,512,0,32,partial,0,none,0,4,20,3182152.0,2020.4139682539683,,,,,6144,,10.628928931113283,,,0,0.0,1,bf14b28d2af4128daa99f23eec8a5e105636d0b04136f8be580fdc39d6f1f97d,
06_tmem_dependency,tmem_bf16_m128n64k16_c512_partial_in0_rd1,1,,NVIDIA Thor,11.0,580.00,13.0,PTX ISA 9.3 / CUDA 13.0,1575.000,,,,bf16,128,64,16,32,128,78,2,discard,same,1,1,32,1,nocount,sw128,sw128,16,16,16,0,512,0,32,partial,0,none,0,4,20,3182155.0,2020.4158730158729,,,,,6144,,10.628918910612462,,,0,0.0,1,bf14b28d2af4128daa99f23eec8a5e105636d0b04136f8be580fdc39d6f1f97d,
06_tmem_dependency,tmem_bf16_m128n64k16_c512_partial_in0_rd1,1,,NVIDIA Thor,11.0,580.00,13.0,PTX ISA 9.3 / CUDA 13.0,1575.000,,,,bf16,128,64,16,32,128,78,3,discard,same,1,1,32,1,nocount,sw128,sw128,16,16,16,0,512,0,32,partial,0,none,0,4,20,3182163.0,2020.4209523809525,,,,,6144,,10.628892189369305,,,0,0.0,1,bf14b28d2af4128daa99f23eec8a5e105636d0b04136f8be580fdc39d6f1f97d,
06_tmem_dependency,tmem_bf16_m128n64k16_c512_partial_in0_rd1,1,,NVIDIA Thor,11.0,580.00,13.0,PTX ISA 9.3 / CUDA 13.0,1575.000,,,,bf16,128,64,16,32,128,78,4,discard,same,1,1,32,1,nocount,sw128,sw128,16,16,16,0,512,0,32,partial,0,none,0,4,20,3182167.0,2020.423492063492,,,,,6144,,10.628878828798113,,,0,0.0,1,bf14b28d2af4128daa99f23eec8a5e105636d0b04136f8be580fdc39d6f1f97d,
06_tmem_dependency,tmem_bf16_m128n128k16_c256_full_in0_rd1,1,,NVIDIA Thor,11.0,580.00,13.0,PTX ISA 9.3 / CUDA 13.0,1575.000,,,,bf16,128,128,16,32,128,79,0,discard,same,1,1,32,1,nocount,sw128,sw128,16,16,16,0,256,0,0,full,0,none,0,4,20,3181151.0,2019.7784126984127,,,,,8192,,21.264546986923918,,,0,0.0,1,bf14b28d2af4128daa99f23eec8a5e105636d0b04136f8be580fdc39d6f1f97d,; UTCHMMA=21;UTCHMMA_WS=16;UTCBAR=1;UTCATOMSWS=3;SYNCS_TRYWAIT=8;LDS=21;LDG=9;ptx_tcgen05_mma=21;ptx_tcgen05_mma_ws=16;ptx_tcgen05_commit=1;ptx_tcgen05_alloc=1;ptx_tcgen05_dealloc=1;ptx_tcgen05_ld=5;ptx_tcgen05_st=5;ptx_mbarrier_wait=5;ptx_cp_async_tma=2;ptx_ld_shared=26;ptx_ld_global=7
06_tmem_dependency,tmem_bf16_m128n128k16_c256_full_in0_rd1,1,,NVIDIA Thor,11.0,580.00,13.0,PTX ISA 9.3 / CUDA 13.0,1575.000,,,,bf16,128,128,16,32,128,79,1,discard,same,1,1,32,1,nocount,sw128,sw128,16,16,16,0,256,0,0,full,0,none,0,4,20,3181148.0,2019.776507936508,,,,,8192,,21.264567040577806,,,0,0.0,1,bf14b28d2af4128daa99f23eec8a5e105636d0b04136f8be580fdc39d6f1f97d,
06_tmem_dependency,tmem_bf16_m128n128k16_c256_full_in0_rd1,1,,NVIDIA Thor,11.0,580.00,13.0,PTX ISA 9.3 / CUDA 13.0,1575.000,,,,bf16,128,128,16,32,128,79,2,discard,same,1,1,32,1,nocount,sw128,sw128,16,16,16,0,256,0,0,full,0,none,0,4,20,3181148.0,2019.776507936508,,,,,8192,,21.264567040577806,,,0,0.0,1,bf14b28d2af4128daa99f23eec8a5e105636d0b04136f8be580fdc39d6f1f97d,
06_tmem_dependency,tmem_bf16_m128n128k16_c256_full_in0_rd1,1,,NVIDIA Thor,11.0,580.00,13.0,PTX ISA 9.3 / CUDA 13.0,1575.000,,,,bf16,128,128,16,32,128,79,3,discard,same,1,1,32,1,nocount,sw128,sw128,16,16,16,0,256,0,0,full,0,none,0,4,20,3181521.0,2020.0133333333333,,,,,8192,,21.26207399291094,,,0,0.0,1,bf14b28d2af4128daa99f23eec8a5e105636d0b04136f8be580fdc39d6f1f97d,
06_tmem_dependency,tmem_bf16_m128n128k16_c256_full_in0_rd1,1,,NVIDIA Thor,11.0,580.00,13.0,PTX ISA 9.3 / CUDA 13.0,1575.000,,,,bf16,128,128,16,32,128,79,4,discard,same,1,1,32,1,nocount,sw128,sw128,16,16,16,0,256,0,0,full,0,none,0,4,20,3181149.0,2019.7771428571427,,,,,8192,,21.264560356022304,,,0,0.0,1,bf14b28d2af4128daa99f23eec8a5e105636d0b04136f8be580fdc39d6f1f97d,
06_tmem_dependency,tmem_fp16_m128n128k16_c512_none_in0_rd1,1,,NVIDIA Thor,11.0,580.00,13.0,PTX ISA 9.3 / CUDA 13.0,1575.000,,,,fp16,128,128,16,32,128,80,0,discard,same,4,1,32,1,nocount,sw128,sw128,16,16,16,0,512,0,128,none,0,none,0,4,20,3181521.0,2020.0133333333333,,,,,8192,,21.26207399291094,,,0,0.0,1,bf14b28d2af4128daa99f23eec8a5e105636d0b04136f8be580fdc39d6f1f97d,; UTCHMMA=21;UTCHMMA_WS=16;UTCBAR=1;UTCATOMSWS=3;SYNCS_TRYWAIT=8;LDS=21;LDG=9;ptx_tcgen05_mma=21;ptx_tcgen05_mma_ws=16;ptx_tcgen05_commit=1;ptx_tcgen05_alloc=1;ptx_tcgen05_dealloc=1;ptx_tcgen05_ld=5;ptx_tcgen05_st=5;ptx_mbarrier_wait=5;ptx_cp_async_tma=2;ptx_ld_shared=26;ptx_ld_global=7
06_tmem_dependency,tmem_fp16_m128n128k16_c512_none_in0_rd1,1,,NVIDIA Thor,11.0,580.00,13.0,PTX ISA 9.3 / CUDA 13.0,1575.000,,,,fp16,128,128,16,32,128,80,1,discard,same,4,1,32,1,nocount,sw128,sw128,16,16,16,0,512,0,128,none,0,none,0,4,20,3181155.0,2019.7809523809524,,,,,8192,,21.264520248777565,,,0,0.0,1,bf14b28d2af4128daa99f23eec8a5e105636d0b04136f8be580fdc39d6f1f97d,
06_tmem_dependency,tmem_fp16_m128n128k16_c512_none_in0_rd1,1,,NVIDIA Thor,11.0,580.00,13.0,PTX ISA 9.3 / CUDA 13.0,1575.000,,,,fp16,128,128,16,32,128,80,2,discard,same,4,1,32,1,nocount,sw128,sw128,16,16,16,0,512,0,128,none,0,none,0,4,20,3181525.0,2020.0158730158732,,,,,8192,,21.262047260983334,,,0,0.0,1,bf14b28d2af4128daa99f23eec8a5e105636d0b04136f8be580fdc39d6f1f97d,
06_tmem_dependency,tmem_fp16_m128n128k16_c512_none_in0_rd1,1,,NVIDIA Thor,11.0,580.00,13.0,PTX ISA 9.3 / CUDA 13.0,1575.000,,,,fp16,128,128,16,32,128,80,3,discard,same,4,1,32,1,nocount,sw128,sw128,16,16,16,0,512,0,128,none,0,none,0,4,20,3181155.0,2019.7809523809524,,,,,8192,,21.264520248777565,,,0,0.0,1,bf14b28d2af4128daa99f23eec8a5e105636d0b04136f8be580fdc39d6f1f97d,
06_tmem_dependency,tmem_fp16_m128n128k16_c512_none_in0_rd1,1,,NVIDIA Thor,11.0,580.00,13.0,PTX ISA 9.3 / CUDA 13.0,1575.000,,,,fp16,128,128,16,32,128,80,4,discard,same,4,1,32,1,nocount,sw128,sw128,16,16,16,0,512,0,128,none,0,none,0,4,20,3181519.0,2020.0120634920634,,,,,8192,,21.262087358899944,,,0,0.0,1,bf14b28d2af4128daa99f23eec8a5e105636d0b04136f8be580fdc39d6f1f97d,
06_tmem_dependency,tmem_fp16_m128n128k16_c256_full_in1_rd2,1,,NVIDIA Thor,11.0,580.00,13.0,PTX ISA 9.3 / CUDA 13.0,1575.000,,,,fp16,128,128,16,32,128,81,0,discard,same,1,1,32,1,nocount,sw128,sw128,16,16,16,0,256,0,0,full,1,none,0,4,20,3181525.0,2020.0158730158732,,,,,8192,,21.262047260983334,,,0,0.0,1,bf14b28d2af4128daa99f23eec8a5e105636d0b04136f8be580fdc39d6f1f97d,; UTCHMMA=21;UTCHMMA_WS=16;UTCBAR=1;UTCATOMSWS=3;SYNCS_TRYWAIT=8;LDS=21;LDG=9;ptx_tcgen05_mma=21;ptx_tcgen05_mma_ws=16;ptx_tcgen05_commit=1;ptx_tcgen05_alloc=1;ptx_tcgen05_dealloc=1;ptx_tcgen05_ld=5;ptx_tcgen05_st=5;ptx_mbarrier_wait=5;ptx_cp_async_tma=2;ptx_ld_shared=26;ptx_ld_global=7
06_tmem_dependency,tmem_fp16_m128n128k16_c256_full_in1_rd2,1,,NVIDIA Thor,11.0,580.00,13.0,PTX ISA 9.3 / CUDA 13.0,1575.000,,,,fp16,128,128,16,32,128,81,1,discard,same,1,1,32,1,nocount,sw128,sw128,16,16,16,0,256,0,0,full,1,none,0,4,20,3181521.0,2020.0133333333333,,,,,8192,,21.26207399291094,,,0,0.0,1,bf14b28d2af4128daa99f23eec8a5e105636d0b04136f8be580fdc39d6f1f97d,
06_tmem_dependency,tmem_fp16_m128n128k16_c256_full_in1_rd2,1,,NVIDIA Thor,11.0,580.00,13.0,PTX ISA 9.3 / CUDA 13.0,1575.000,,,,fp16,128,128,16,32,128,81,2,discard,same,1,1,32,1,nocount,sw128,sw128,16,16,16,0,256,0,0,full,1,none,0,4,20,3181155.0,2019.7809523809524,,,,,8192,,21.264520248777565,,,0,0.0,1,bf14b28d2af4128daa99f23eec8a5e105636d0b04136f8be580fdc39d6f1f97d,
06_tmem_dependency,tmem_fp16_m128n128k16_c256_full_in1_rd2,1,,NVIDIA Thor,11.0,580.00,13.0,PTX ISA 9.3 / CUDA 13.0,1575.000,,,,fp16,128,128,16,32,128,81,3,discard,same,1,1,32,1,nocount,sw128,sw128,16,16,16,0,256,0,0,full,1,none,0,4,20,3181154.0,2019.7803174603173,,,,,8192,,21.264526933307852,,,0,0.0,1,bf14b28d2af4128daa99f23eec8a5e105636d0b04136f8be580fdc39d6f1f97d,
06_tmem_dependency,tmem_fp16_m128n128k16_c256_full_in1_rd2,1,,NVIDIA Thor,11.0,580.00,13.0,PTX ISA 9.3 / CUDA 13.0,1575.000,,,,fp16,128,128,16,32,128,81,4,discard,same,1,1,32,1,nocount,sw128,sw128,16,16,16,0,256,0,0,full,1,none,0,4,20,3181526.0,2020.0165079365079,,,,,8192,,21.262040578011938,,,0,0.0,1,bf14b28d2af4128daa99f23eec8a5e105636d0b04136f8be580fdc39d6f1f97d,
06_tmem_dependency,tmem_bf16_m128n128k16_c512_full_in1_rd4,1,,NVIDIA Thor,11.0,580.00,13.0,PTX ISA 9.3 / CUDA 13.0,1575.000,,,,bf16,128,128,16,32,128,82,0,discard,same,1,1,32,1,nocount,sw128,sw128,16,16,16,0,512,0,0,full,1,none,0,4,20,3181148.0,2019.776507936508,,,,,8192,,21.264567040577806,,,0,0.0,1,bf14b28d2af4128daa99f23eec8a5e105636d0b04136f8be580fdc39d6f1f97d,; UTCHMMA=21;UTCHMMA_WS=16;UTCBAR=1;UTCATOMSWS=3;SYNCS_TRYWAIT=8;LDS=21;LDG=9;ptx_tcgen05_mma=21;ptx_tcgen05_mma_ws=16;ptx_tcgen05_commit=1;ptx_tcgen05_alloc=1;ptx_tcgen05_dealloc=1;ptx_tcgen05_ld=5;ptx_tcgen05_st=5;ptx_mbarrier_wait=5;ptx_cp_async_tma=2;ptx_ld_shared=26;ptx_ld_global=7
06_tmem_dependency,tmem_bf16_m128n128k16_c512_full_in1_rd4,1,,NVIDIA Thor,11.0,580.00,13.0,PTX ISA 9.3 / CUDA 13.0,1575.000,,,,bf16,128,128,16,32,128,82,1,discard,same,1,1,32,1,nocount,sw128,sw128,16,16,16,0,512,0,0,full,1,none,0,4,20,3181521.0,2020.0133333333333,,,,,8192,,21.26207399291094,,,0,0.0,1,bf14b28d2af4128daa99f23eec8a5e105636d0b04136f8be580fdc39d6f1f97d,
06_tmem_dependency,tmem_bf16_m128n128k16_c512_full_in1_rd4,1,,NVIDIA Thor,11.0,580.00,13.0,PTX ISA 9.3 / CUDA 13.0,1575.000,,,,bf16,128,128,16,32,128,82,2,discard,same,1,1,32,1,nocount,sw128,sw128,16,16,16,0,512,0,0,full,1,none,0,4,20,3181526.0,2020.0165079365079,,,,,8192,,21.262040578011938,,,0,0.0,1,bf14b28d2af4128daa99f23eec8a5e105636d0b04136f8be580fdc39d6f1f97d,
06_tmem_dependency,tmem_bf16_m128n128k16_c512_full_in1_rd4,1,,NVIDIA Thor,11.0,580.00,13.0,PTX ISA 9.3 / CUDA 13.0,1575.000,,,,bf16,128,128,16,32,128,82,3,discard,same,1,1,32,1,nocount,sw128,sw128,16,16,16,0,512,0,0,full,1,none,0,4,20,3181520.0,2020.0126984126987,,,,,8192,,21.26208067590334,,,0,0.0,1,bf14b28d2af4128daa99f23eec8a5e105636d0b04136f8be580fdc39d6f1f97d,
06_tmem_dependency,tmem_bf16_m128n128k16_c512_full_in1_rd4,1,,NVIDIA Thor,11.0,580.00,13.0,PTX ISA 9.3 / CUDA 13.0,1575.000,,,,bf16,128,128,16,32,128,82,4,discard,same,1,1,32,1,nocount,sw128,sw128,16,16,16,0,512,0,0,full,1,none,0,4,20,3181150.0,2019.7777777777778,,,,,8192,,21.264553671471006,,,0,0.0,1,bf14b28d2af4128daa99f23eec8a5e105636d0b04136f8be580fdc39d6f1f97d,
06_tmem_dependency,tmem_fp16_m128n128k16_c512_none_in0_rd4,1,,NVIDIA Thor,11.0,580.00,13.0,PTX ISA 9.3 / CUDA 13.0,1575.000,,,,fp16,128,128,16,32,128,83,0,discard,same,4,4,32,1,nocount,sw128,sw128,16,16,16,0,512,0,128,none,0,none,0,4,20,3678992.0,2335.8679365079365,,,,,8192,,18.38702962985513,,,0,0.0,1,bf14b28d2af4128daa99f23eec8a5e105636d0b04136f8be580fdc39d6f1f97d,; UTCHMMA=21;UTCHMMA_WS=16;UTCBAR=1;UTCATOMSWS=3;SYNCS_TRYWAIT=8;LDS=21;LDG=9;ptx_tcgen05_mma=21;ptx_tcgen05_mma_ws=16;ptx_tcgen05_commit=1;ptx_tcgen05_alloc=1;ptx_tcgen05_dealloc=1;ptx_tcgen05_ld=5;ptx_tcgen05_st=5;ptx_mbarrier_wait=5;ptx_cp_async_tma=2;ptx_ld_shared=26;ptx_ld_global=7
06_tmem_dependency,tmem_fp16_m128n128k16_c512_none_in0_rd4,1,,NVIDIA Thor,11.0,580.00,13.0,PTX ISA 9.3 / CUDA 13.0,1575.000,,,,fp16,128,128,16,32,128,83,1,discard,same,4,4,32,1,nocount,sw128,sw128,16,16,16,0,512,0,128,none,0,none,0,4,20,3679002.0,2335.8742857142856,,,,,8192,,18.38697965154681,,,0,0.0,1,bf14b28d2af4128daa99f23eec8a5e105636d0b04136f8be580fdc39d6f1f97d,
06_tmem_dependency,tmem_fp16_m128n128k16_c512_none_in0_rd4,1,,NVIDIA Thor,11.0,580.00,13.0,PTX ISA 9.3 / CUDA 13.0,1575.000,,,,fp16,128,128,16,32,128,83,2,discard,same,4,4,32,1,nocount,sw128,sw128,16,16,16,0,512,0,128,none,0,none,0,4,20,3678987.0,2335.864761904762,,,,,8192,,18.387054619111183,,,0,0.0,1,bf14b28d2af4128daa99f23eec8a5e105636d0b04136f8be580fdc39d6f1f97d,
06_tmem_dependency,tmem_fp16_m128n128k16_c512_none_in0_rd4,1,,NVIDIA Thor,11.0,580.00,13.0,PTX ISA 9.3 / CUDA 13.0,1575.000,,,,fp16,128,128,16,32,128,83,3,discard,same,4,4,32,1,nocount,sw128,sw128,16,16,16,0,512,0,128,none,0,none,0,4,20,3679001.0,2335.873650793651,,,,,8192,,18.386984649365413,,,0,0.0,1,bf14b28d2af4128daa99f23eec8a5e105636d0b04136f8be580fdc39d6f1f97d,
06_tmem_dependency,tmem_fp16_m128n128k16_c512_none_in0_rd4,1,,NVIDIA Thor,11.0,580.00,13.0,PTX ISA 9.3 / CUDA 13.0,1575.000,,,,fp16,128,128,16,32,128,83,4,discard,same,4,4,32,1,nocount,sw128,sw128,16,16,16,0,512,0,128,none,0,none,0,4,20,3678962.0,2335.8488888888887,,,,,8192,,18.387179566410307,,,0,0.0,1,bf14b28d2af4128daa99f23eec8a5e105636d0b04136f8be580fdc39d6f1f97d,
06_tmem_dependency,tmem_fp16_m128n128k16_c512_partial_in0_rd1,1,,NVIDIA Thor,11.0,580.00,13.0,PTX ISA 9.3 / CUDA 13.0,1575.000,,,,fp16,128,128,16,32,128,84,0,discard,same,1,1,32,1,nocount,sw128,sw128,16,16,16,0,512,0,64,partial,0,none,0,4,20,3181152.0,2019.7790476190478,,,,,8192,,21.26454030238102,,,0,0.0,1,bf14b28d2af4128daa99f23eec8a5e105636d0b04136f8be580fdc39d6f1f97d,; UTCHMMA=21;UTCHMMA_WS=16;UTCBAR=1;UTCATOMSWS=3;SYNCS_TRYWAIT=8;LDS=21;LDG=9;ptx_tcgen05_mma=21;ptx_tcgen05_mma_ws=16;ptx_tcgen05_commit=1;ptx_tcgen05_alloc=1;ptx_tcgen05_dealloc=1;ptx_tcgen05_ld=5;ptx_tcgen05_st=5;ptx_mbarrier_wait=5;ptx_cp_async_tma=2;ptx_ld_shared=26;ptx_ld_global=7
06_tmem_dependency,tmem_fp16_m128n128k16_c512_partial_in0_rd1,1,,NVIDIA Thor,11.0,580.00,13.0,PTX ISA 9.3 / CUDA 13.0,1575.000,,,,fp16,128,128,16,32,128,84,1,discard,same,1,1,32,1,nocount,sw128,sw128,16,16,16,0,512,0,64,partial,0,none,0,4,20,3181521.0,2020.0133333333333,,,,,8192,,21.26207399291094,,,0,0.0,1,bf14b28d2af4128daa99f23eec8a5e105636d0b04136f8be580fdc39d6f1f97d,
06_tmem_dependency,tmem_fp16_m128n128k16_c512_partial_in0_rd1,1,,NVIDIA Thor,11.0,580.00,13.0,PTX ISA 9.3 / CUDA 13.0,1575.000,,,,fp16,128,128,16,32,128,84,2,discard,same,1,1,32,1,nocount,sw128,sw128,16,16,16,0,512,0,64,partial,0,none,0,4,20,3181521.0,2020.0133333333333,,,,,8192,,21.26207399291094,,,0,0.0,1,bf14b28d2af4128daa99f23eec8a5e105636d0b04136f8be580fdc39d6f1f97d,
06_tmem_dependency,tmem_fp16_m128n128k16_c512_partial_in0_rd1,1,,NVIDIA Thor,11.0,580.00,13.0,PTX ISA 9.3 / CUDA 13.0,1575.000,,,,fp16,128,128,16,32,128,84,3,discard,same,1,1,32,1,nocount,sw128,sw128,16,16,16,0,512,0,64,partial,0,none,0,4,20,3181151.0,2019.7784126984127,,,,,8192,,21.264546986923918,,,0,0.0,1,bf14b28d2af4128daa99f23eec8a5e105636d0b04136f8be580fdc39d6f1f97d,
06_tmem_dependency,tmem_fp16_m128n128k16_c512_partial_in0_rd1,1,,NVIDIA Thor,11.0,580.00,13.0,PTX ISA 9.3 / CUDA 13.0,1575.000,,,,fp16,128,128,16,32,128,84,4,discard,same,1,1,32,1,nocount,sw128,sw128,16,16,16,0,512,0,64,partial,0,none,0,4,20,3181152.0,2019.7790476190478,,,,,8192,,21.26454030238102,,,0,0.0,1,bf14b28d2af4128daa99f23eec8a5e105636d0b04136f8be580fdc39d6f1f97d,
06_tmem_dependency,tmem_fp16_m128n64k16_c512_partial_in1_rd8,1,,NVIDIA Thor,11.0,580.00,13.0,PTX ISA 9.3 / CUDA 13.0,1575.000,,,,fp16,128,64,16,32,128,85,0,discard,same,1,8,32,1,nocount,sw128,sw128,16,16,16,0,512,0,32,partial,1,none,0,4,20,3678583.0,2335.608253968254,,,,,6144,,9.194536987747728,,,0,0.0,1,bf14b28d2af4128daa99f23eec8a5e105636d0b04136f8be580fdc39d6f1f97d,; UTCHMMA=21;UTCHMMA_WS=16;UTCBAR=1;UTCATOMSWS=3;SYNCS_TRYWAIT=8;LDS=21;LDG=9;ptx_tcgen05_mma=21;ptx_tcgen05_mma_ws=16;ptx_tcgen05_commit=1;ptx_tcgen05_alloc=1;ptx_tcgen05_dealloc=1;ptx_tcgen05_ld=5;ptx_tcgen05_st=5;ptx_mbarrier_wait=5;ptx_cp_async_tma=2;ptx_ld_shared=26;ptx_ld_global=7
06_tmem_dependency,tmem_fp16_m128n64k16_c512_partial_in1_rd8,1,,NVIDIA Thor,11.0,580.00,13.0,PTX ISA 9.3 / CUDA 13.0,1575.000,,,,fp16,128,64,16,32,128,85,1,discard,same,1,8,32,1,nocount,sw128,sw128,16,16,16,0,512,0,32,partial,1,none,0,4,20,3678581.0,2335.606984126984,,,,,6144,,9.194541986706287,,,0,0.0,1,bf14b28d2af4128daa99f23eec8a5e105636d0b04136f8be580fdc39d6f1f97d,
06_tmem_dependency,tmem_fp16_m128n64k16_c512_partial_in1_rd8,1,,NVIDIA Thor,11.0,580.00,13.0,PTX ISA 9.3 / CUDA 13.0,1575.000,,,,fp16,128,64,16,32,128,85,2,discard,same,1,8,32,1,nocount,sw128,sw128,16,16,16,0,512,0,32,partial,1,none,0,4,20,3678584.0,2335.608888888889,,,,,6144,,9.194534488270486,,,0,0.0,1,bf14b28d2af4128daa99f23eec8a5e105636d0b04136f8be580fdc39d6f1f97d,
06_tmem_dependency,tmem_fp16_m128n64k16_c512_partial_in1_rd8,1,,NVIDIA Thor,11.0,580.00,13.0,PTX ISA 9.3 / CUDA 13.0,1575.000,,,,fp16,128,64,16,32,128,85,3,discard,same,1,8,32,1,nocount,sw128,sw128,16,16,16,0,512,0,32,partial,1,none,0,4,20,3678586.0,2335.610158730159,,,,,6144,,9.19452948932008,,,0,0.0,1,bf14b28d2af4128daa99f23eec8a5e105636d0b04136f8be580fdc39d6f1f97d,
06_tmem_dependency,tmem_fp16_m128n64k16_c512_partial_in1_rd8,1,,NVIDIA Thor,11.0,580.00,13.0,PTX ISA 9.3 / CUDA 13.0,1575.000,,,,fp16,128,64,16,32,128,85,4,discard,same,1,8,32,1,nocount,sw128,sw128,16,16,16,0,512,0,32,partial,1,none,0,4,20,3678578.0,2335.6050793650793,,,,,6144,,9.194549485154319,,,0,0.0,1,bf14b28d2af4128daa99f23eec8a5e105636d0b04136f8be580fdc39d6f1f97d,
06_tmem_dependency,tmem_bf16_m128n64k16_c256_none_in0_rd1,1,,NVIDIA Thor,11.0,580.00,13.0,PTX ISA 9.3 / CUDA 13.0,1575.000,,,,bf16,128,64,16,32,128,86,0,discard,same,4,1,32,1,nocount,sw128,sw128,16,16,16,0,256,0,64,none,0,none,0,4,20,3182167.0,2020.423492063492,,,,,6144,,10.628878828798113,,,0,0.0,1,bf14b28d2af4128daa99f23eec8a5e105636d0b04136f8be580fdc39d6f1f97d,; UTCHMMA=21;UTCHMMA_WS=16;UTCBAR=1;UTCATOMSWS=3;SYNCS_TRYWAIT=8;LDS=21;LDG=9;ptx_tcgen05_mma=21;ptx_tcgen05_mma_ws=16;ptx_tcgen05_commit=1;ptx_tcgen05_alloc=1;ptx_tcgen05_dealloc=1;ptx_tcgen05_ld=5;ptx_tcgen05_st=5;ptx_mbarrier_wait=5;ptx_cp_async_tma=2;ptx_ld_shared=26;ptx_ld_global=7
06_tmem_dependency,tmem_bf16_m128n64k16_c256_none_in0_rd1,1,,NVIDIA Thor,11.0,580.00,13.0,PTX ISA 9.3 / CUDA 13.0,1575.000,,,,bf16,128,64,16,32,128,86,1,discard,same,4,1,32,1,nocount,sw128,sw128,16,16,16,0,256,0,64,none,0,none,0,4,20,3182173.0,2020.4273015873016,,,,,6144,,10.628858788004298,,,0,0.0,1,bf14b28d2af4128daa99f23eec8a5e105636d0b04136f8be580fdc39d6f1f97d,
06_tmem_dependency,tmem_bf16_m128n64k16_c256_none_in0_rd1,1,,NVIDIA Thor,11.0,580.00,13.0,PTX ISA 9.3 / CUDA 13.0,1575.000,,,,bf16,128,64,16,32,128,86,2,discard,same,4,1,32,1,nocount,sw128,sw128,16,16,16,0,256,0,64,none,0,none,0,4,20,3182167.0,2020.423492063492,,,,,6144,,10.628878828798113,,,0,0.0,1,bf14b28d2af4128daa99f23eec8a5e105636d0b04136f8be580fdc39d6f1f97d,
06_tmem_dependency,tmem_bf16_m128n64k16_c256_none_in0_rd1,1,,NVIDIA Thor,11.0,580.00,13.0,PTX ISA 9.3 / CUDA 13.0,1575.000,,,,bf16,128,64,16,32,128,86,3,discard,same,4,1,32,1,nocount,sw128,sw128,16,16,16,0,256,0,64,none,0,none,0,4,20,3182163.0,2020.4209523809525,,,,,6144,,10.628892189369305,,,0,0.0,1,bf14b28d2af4128daa99f23eec8a5e105636d0b04136f8be580fdc39d6f1f97d,
06_tmem_dependency,tmem_bf16_m128n64k16_c256_none_in0_rd1,1,,NVIDIA Thor,11.0,580.00,13.0,PTX ISA 9.3 / CUDA 13.0,1575.000,,,,bf16,128,64,16,32,128,86,4,discard,same,4,1,32,1,nocount,sw128,sw128,16,16,16,0,256,0,64,none,0,none,0,4,20,3182166.0,2020.422857142857,,,,,6144,,10.628882168937762,,,0,0.0,1,bf14b28d2af4128daa99f23eec8a5e105636d0b04136f8be580fdc39d6f1f97d,
06_tmem_dependency,tmem_bf16_m128n128k16_c128_none_in1_rd1,1,,NVIDIA Thor,11.0,580.00,13.0,PTX ISA 9.3 / CUDA 13.0,1575.000,,,,bf16,128,128,16,32,128,87,0,discard,same,1,1,32,1,nocount,sw128,sw128,16,16,16,0,128,0,128,none,1,none,0,4,20,3181146.0,2019.7752380952381,,,,,8192,,21.26458040970141,,,0,0.0,1,bf14b28d2af4128daa99f23eec8a5e105636d0b04136f8be580fdc39d6f1f97d,; UTCHMMA=21;UTCHMMA_WS=16;UTCBAR=1;UTCATOMSWS=3;SYNCS_TRYWAIT=8;LDS=21;LDG=9;ptx_tcgen05_mma=21;ptx_tcgen05_mma_ws=16;ptx_tcgen05_commit=1;ptx_tcgen05_alloc=1;ptx_tcgen05_dealloc=1;ptx_tcgen05_ld=5;ptx_tcgen05_st=5;ptx_mbarrier_wait=5;ptx_cp_async_tma=2;ptx_ld_shared=26;ptx_ld_global=7
06_tmem_dependency,tmem_bf16_m128n128k16_c128_none_in1_rd1,1,,NVIDIA Thor,11.0,580.00,13.0,PTX ISA 9.3 / CUDA 13.0,1575.000,,,,bf16,128,128,16,32,128,87,1,discard,same,1,1,32,1,nocount,sw128,sw128,16,16,16,0,128,0,128,none,1,none,0,4,20,3181153.0,2019.7796825396824,,,,,8192,,21.264533617842336,,,0,0.0,1,bf14b28d2af4128daa99f23eec8a5e105636d0b04136f8be580fdc39d6f1f97d,
06_tmem_dependency,tmem_bf16_m128n128k16_c128_none_in1_rd1,1,,NVIDIA Thor,11.0,580.00,13.0,PTX ISA 9.3 / CUDA 13.0,1575.000,,,,bf16,128,128,16,32,128,87,2,discard,same,1,1,32,1,nocount,sw128,sw128,16,16,16,0,128,0,128,none,1,none,0,4,20,3181152.0,2019.7790476190478,,,,,8192,,21.26454030238102,,,0,0.0,1,bf14b28d2af4128daa99f23eec8a5e105636d0b04136f8be580fdc39d6f1f97d,
06_tmem_dependency,tmem_bf16_m128n128k16_c128_none_in1_rd1,1,,NVIDIA Thor,11.0,580.00,13.0,PTX ISA 9.3 / CUDA 13.0,1575.000,,,,bf16,128,128,16,32,128,87,3,discard,same,1,1,32,1,nocount,sw128,sw128,16,16,16,0,128,0,128,none,1,none,0,4,20,3181158.0,2019.782857142857,,,,,8192,,21.264500195211934,,,0,0.0,1,bf14b28d2af4128daa99f23eec8a5e105636d0b04136f8be580fdc39d6f1f97d,
06_tmem_dependency,tmem_bf16_m128n128k16_c128_none_in1_rd1,1,,NVIDIA Thor,11.0,580.00,13.0,PTX ISA 9.3 / CUDA 13.0,1575.000,,,,bf16,128,128,16,32,128,87,4,discard,same,1,1,32,1,nocount,sw128,sw128,16,16,16,0,128,0,128,none,1,none,0,4,20,3181521.0,2020.0133333333333,,,,,8192,,21.26207399291094,,,0,0.0,1,bf14b28d2af4128daa99f23eec8a5e105636d0b04136f8be580fdc39d6f1f97d,
06_tmem_dependency,tmem_bf16_m128n128k16_c256_full_in1_rd2,1,,NVIDIA Thor,11.0,580.00,13.0,PTX ISA 9.3 / CUDA 13.0,1575.000,,,,bf16,128,128,16,32,128,88,0,discard,same,1,1,32,1,nocount,sw128,sw128,16,16,16,0,256,0,0,full,1,none,0,4,20,3181153.0,2019.7796825396824,,,,,8192,,21.264533617842336,,,0,0.0,1,bf14b28d2af4128daa99f23eec8a5e105636d0b04136f8be580fdc39d6f1f97d,; UTCHMMA=21;UTCHMMA_WS=16;UTCBAR=1;UTCATOMSWS=3;SYNCS_TRYWAIT=8;LDS=21;LDG=9;ptx_tcgen05_mma=21;ptx_tcgen05_mma_ws=16;ptx_tcgen05_commit=1;ptx_tcgen05_alloc=1;ptx_tcgen05_dealloc=1;ptx_tcgen05_ld=5;ptx_tcgen05_st=5;ptx_mbarrier_wait=5;ptx_cp_async_tma=2;ptx_ld_shared=26;ptx_ld_global=7
06_tmem_dependency,tmem_bf16_m128n128k16_c256_full_in1_rd2,1,,NVIDIA Thor,11.0,580.00,13.0,PTX ISA 9.3 / CUDA 13.0,1575.000,,,,bf16,128,128,16,32,128,88,1,discard,same,1,1,32,1,nocount,sw128,sw128,16,16,16,0,256,0,0,full,1,none,0,4,20,3181150.0,2019.7777777777778,,,,,8192,,21.264553671471006,,,0,0.0,1,bf14b28d2af4128daa99f23eec8a5e105636d0b04136f8be580fdc39d6f1f97d,
06_tmem_dependency,tmem_bf16_m128n128k16_c256_full_in1_rd2,1,,NVIDIA Thor,11.0,580.00,13.0,PTX ISA 9.3 / CUDA 13.0,1575.000,,,,bf16,128,128,16,32,128,88,2,discard,same,1,1,32,1,nocount,sw128,sw128,16,16,16,0,256,0,0,full,1,none,0,4,20,3181155.0,2019.7809523809524,,,,,8192,,21.264520248777565,,,0,0.0,1,bf14b28d2af4128daa99f23eec8a5e105636d0b04136f8be580fdc39d6f1f97d,
06_tmem_dependency,tmem_bf16_m128n128k16_c256_full_in1_rd2,1,,NVIDIA Thor,11.0,580.00,13.0,PTX ISA 9.3 / CUDA 13.0,1575.000,,,,bf16,128,128,16,32,128,88,3,discard,same,1,1,32,1,nocount,sw128,sw128,16,16,16,0,256,0,0,full,1,none,0,4,20,3181147.0,2019.7758730158728,,,,,8192,,21.26457372513751,,,0,0.0,1,bf14b28d2af4128daa99f23eec8a5e105636d0b04136f8be580fdc39d6f1f97d,
06_tmem_dependency,tmem_bf16_m128n128k16_c256_full_in1_rd2,1,,NVIDIA Thor,11.0,580.00,13.0,PTX ISA 9.3 / CUDA 13.0,1575.000,,,,bf16,128,128,16,32,128,88,4,discard,same,1,1,32,1,nocount,sw128,sw128,16,16,16,0,256,0,0,full,1,none,0,4,20,3181150.0,2019.7777777777778,,,,,8192,,21.264553671471006,,,0,0.0,1,bf14b28d2af4128daa99f23eec8a5e105636d0b04136f8be580fdc39d6f1f97d,
06_tmem_dependency,tmem_bf16_m128n128k16_c512_none_in0_rd1,1,,NVIDIA Thor,11.0,580.00,13.0,PTX ISA 9.3 / CUDA 13.0,1575.000,,,,bf16,128,128,16,32,128,89,0,discard,same,4,1,32,1,nocount,sw128,sw128,16,16,16,0,512,0,128,none,0,none,0,4,20,3181148.0,2019.776507936508,,,,,8192,,21.264567040577806,,,0,0.0,1,bf14b28d2af4128daa99f23eec8a5e105636d0b04136f8be580fdc39d6f1f97d,; UTCHMMA=21;UTCHMMA_WS=16;UTCBAR=1;UTCATOMSWS=3;SYNCS_TRYWAIT=8;LDS=21;LDG=9;ptx_tcgen05_mma=21;ptx_tcgen05_mma_ws=16;ptx_tcgen05_commit=1;ptx_tcgen05_alloc=1;ptx_tcgen05_dealloc=1;ptx_tcgen05_ld=5;ptx_tcgen05_st=5;ptx_mbarrier_wait=5;ptx_cp_async_tma=2;ptx_ld_shared=26;ptx_ld_global=7
06_tmem_dependency,tmem_bf16_m128n128k16_c512_none_in0_rd1,1,,NVIDIA Thor,11.0,580.00,13.0,PTX ISA 9.3 / CUDA 13.0,1575.000,,,,bf16,128,128,16,32,128,89,1,discard,same,4,1,32,1,nocount,sw128,sw128,16,16,16,0,512,0,128,none,0,none,0,4,20,3181523.0,2020.0146031746033,,,,,8192,,21.262060626938734,,,0,0.0,1,bf14b28d2af4128daa99f23eec8a5e105636d0b04136f8be580fdc39d6f1f97d,
06_tmem_dependency,tmem_bf16_m128n128k16_c512_none_in0_rd1,1,,NVIDIA Thor,11.0,580.00,13.0,PTX ISA 9.3 / CUDA 13.0,1575.000,,,,bf16,128,128,16,32,128,89,2,discard,same,4,1,32,1,nocount,sw128,sw128,16,16,16,0,512,0,128,none,0,none,0,4,20,3181154.0,2019.7803174603173,,,,,8192,,21.264526933307852,,,0,0.0,1,bf14b28d2af4128daa99f23eec8a5e105636d0b04136f8be580fdc39d6f1f97d,
06_tmem_dependency,tmem_bf16_m128n128k16_c512_none_in0_rd1,1,,NVIDIA Thor,11.0,580.00,13.0,PTX ISA 9.3 / CUDA 13.0,1575.000,,,,bf16,128,128,16,32,128,89,3,discard,same,4,1,32,1,nocount,sw128,sw128,16,16,16,0,512,0,128,none,0,none,0,4,20,3181154.0,2019.7803174603173,,,,,8192,,21.264526933307852,,,0,0.0,1,bf14b28d2af4128daa99f23eec8a5e105636d0b04136f8be580fdc39d6f1f97d,
06_tmem_dependency,tmem_bf16_m128n128k16_c512_none_in0_rd1,1,,NVIDIA Thor,11.0,580.00,13.0,PTX ISA 9.3 / CUDA 13.0,1575.000,,,,bf16,128,128,16,32,128,89,4,discard,same,4,1,32,1,nocount,sw128,sw128,16,16,16,0,512,0,128,none,0,none,0,4,20,3181150.0,2019.7777777777778,,,,,8192,,21.264553671471006,,,0,0.0,1,bf14b28d2af4128daa99f23eec8a5e105636d0b04136f8be580fdc39d6f1f97d,
06_tmem_dependency,tmem_fp16_m128n64k16_c128_full_in1_rd2,1,,NVIDIA Thor,11.0,580.00,13.0,PTX ISA 9.3 / CUDA 13.0,1575.000,,,,fp16,128,64,16,32,128,90,0,discard,same,1,1,32,1,nocount,sw128,sw128,16,16,16,0,128,0,0,full,1,none,0,4,20,3182162.0,2020.4203174603174,,,,,6144,,10.628895529517354,,,0,0.0,1,bf14b28d2af4128daa99f23eec8a5e105636d0b04136f8be580fdc39d6f1f97d,; UTCHMMA=21;UTCHMMA_WS=16;UTCBAR=1;UTCATOMSWS=3;SYNCS_TRYWAIT=8;LDS=21;LDG=9;ptx_tcgen05_mma=21;ptx_tcgen05_mma_ws=16;ptx_tcgen05_commit=1;ptx_tcgen05_alloc=1;ptx_tcgen05_dealloc=1;ptx_tcgen05_ld=5;ptx_tcgen05_st=5;ptx_mbarrier_wait=5;ptx_cp_async_tma=2;ptx_ld_shared=26;ptx_ld_global=7
06_tmem_dependency,tmem_fp16_m128n64k16_c128_full_in1_rd2,1,,NVIDIA Thor,11.0,580.00,13.0,PTX ISA 9.3 / CUDA 13.0,1575.000,,,,fp16,128,64,16,32,128,90,1,discard,same,1,1,32,1,nocount,sw128,sw128,16,16,16,0,128,0,0,full,1,none,0,4,20,3182167.0,2020.423492063492,,,,,6144,,10.628878828798113,,,0,0.0,1,bf14b28d2af4128daa99f23eec8a5e105636d0b04136f8be580fdc39d6f1f97d,
06_tmem_dependency,tmem_fp16_m128n64k16_c128_full_in1_rd2,1,,NVIDIA Thor,11.0,580.00,13.0,PTX ISA 9.3 / CUDA 13.0,1575.000,,,,fp16,128,64,16,32,128,90,2,discard,same,1,1,32,1,nocount,sw128,sw128,16,16,16,0,128,0,0,full,1,none,0,4,20,3182153.0,2020.4146031746031,,,,,6144,,10.628925590944243,,,0,0.0,1,bf14b28d2af4128daa99f23eec8a5e105636d0b04136f8be580fdc39d6f1f97d,
06_tmem_dependency,tmem_fp16_m128n64k16_c128_full_in1_rd2,1,,NVIDIA Thor,11.0,580.00,13.0,PTX ISA 9.3 / CUDA 13.0,1575.000,,,,fp16,128,64,16,32,128,90,3,discard,same,1,1,32,1,nocount,sw128,sw128,16,16,16,0,128,0,0,full,1,none,0,4,20,3182167.0,2020.423492063492,,,,,6144,,10.628878828798113,,,0,0.0,1,bf14b28d2af4128daa99f23eec8a5e105636d0b04136f8be580fdc39d6f1f97d,
06_tmem_dependency,tmem_fp16_m128n64k16_c128_full_in1_rd2,1,,NVIDIA Thor,11.0,580.00,13.0,PTX ISA 9.3 / CUDA 13.0,1575.000,,,,fp16,128,64,16,32,128,90,4,discard,same,1,1,32,1,nocount,sw128,sw128,16,16,16,0,128,0,0,full,1,none,0,4,20,3182155.0,2020.4158730158729,,,,,6144,,10.628918910612462,,,0,0.0,1,bf14b28d2af4128daa99f23eec8a5e105636d0b04136f8be580fdc39d6f1f97d,
06_tmem_dependency,tmem_bf16_m128n64k16_c512_none_in1_rd8,1,,NVIDIA Thor,11.0,580.00,13.0,PTX ISA 9.3 / CUDA 13.0,1575.000,,,,bf16,128,64,16,32,128,91,0,discard,same,8,8,32,1,nocount,sw128,sw128,16,16,16,0,512,0,64,none,1,none,0,4,20,3678581.0,2335.606984126984,,,,,6144,,9.194541986706287,,,0,0.0,1,bf14b28d2af4128daa99f23eec8a5e105636d0b04136f8be580fdc39d6f1f97d,; UTCHMMA=21;UTCHMMA_WS=16;UTCBAR=1;UTCATOMSWS=3;SYNCS_TRYWAIT=8;LDS=21;LDG=9;ptx_tcgen05_mma=21;ptx_tcgen05_mma_ws=16;ptx_tcgen05_commit=1;ptx_tcgen05_alloc=1;ptx_tcgen05_dealloc=1;ptx_tcgen05_ld=5;ptx_tcgen05_st=5;ptx_mbarrier_wait=5;ptx_cp_async_tma=2;ptx_ld_shared=26;ptx_ld_global=7
06_tmem_dependency,tmem_bf16_m128n64k16_c512_none_in1_rd8,1,,NVIDIA Thor,11.0,580.00,13.0,PTX ISA 9.3 / CUDA 13.0,1575.000,,,,bf16,128,64,16,32,128,91,1,discard,same,8,8,32,1,nocount,sw128,sw128,16,16,16,0,512,0,64,none,1,none,0,4,20,3678583.0,2335.608253968254,,,,,6144,,9.194536987747728,,,0,0.0,1,bf14b28d2af4128daa99f23eec8a5e105636d0b04136f8be580fdc39d6f1f97d,
06_tmem_dependency,tmem_bf16_m128n64k16_c512_none_in1_rd8,1,,NVIDIA Thor,11.0,580.00,13.0,PTX ISA 9.3 / CUDA 13.0,1575.000,,,,bf16,128,64,16,32,128,91,2,discard,same,8,8,32,1,nocount,sw128,sw128,16,16,16,0,512,0,64,none,1,none,0,4,20,3678580.0,2335.606349206349,,,,,6144,,9.194544486187606,,,0,0.0,1,bf14b28d2af4128daa99f23eec8a5e105636d0b04136f8be580fdc39d6f1f97d,
06_tmem_dependency,tmem_bf16_m128n64k16_c512_none_in1_rd8,1,,NVIDIA Thor,11.0,580.00,13.0,PTX ISA 9.3 / CUDA 13.0,1575.000,,,,bf16,128,64,16,32,128,91,3,discard,same,8,8,32,1,nocount,sw128,sw128,16,16,16,0,512,0,64,none,1,none,0,4,20,3678580.0,2335.606349206349,,,,,6144,,9.194544486187606,,,0,0.0,1,bf14b28d2af4128daa99f23eec8a5e105636d0b04136f8be580fdc39d6f1f97d,
06_tmem_dependency,tmem_bf16_m128n64k16_c512_none_in1_rd8,1,,NVIDIA Thor,11.0,580.00,13.0,PTX ISA 9.3 / CUDA 13.0,1575.000,,,,bf16,128,64,16,32,128,91,4,discard,same,8,8,32,1,nocount,sw128,sw128,16,16,16,0,512,0,64,none,1,none,0,4,20,3678585.0,2335.6095238095236,,,,,6144,,9.194531988794605,,,0,0.0,1,bf14b28d2af4128daa99f23eec8a5e105636d0b04136f8be580fdc39d6f1f97d,
06_tmem_dependency,tmem_fp16_m128n64k16_c256_none_in0_rd1,1,,NVIDIA Thor,11.0,580.00,13.0,PTX ISA 9.3 / CUDA 13.0,1575.000,,,,fp16,128,64,16,32,128,92,0,discard,same,4,1,32,1,nocount,sw128,sw128,16,16,16,0,256,0,64,none,0,none,0,4,20,3182162.0,2020.4203174603174,,,,,6144,,10.628895529517354,,,0,0.0,1,bf14b28d2af4128daa99f23eec8a5e105636d0b04136f8be580fdc39d6f1f97d,; UTCHMMA=21;UTCHMMA_WS=16;UTCBAR=1;UTCATOMSWS=3;SYNCS_TRYWAIT=8;LDS=21;LDG=9;ptx_tcgen05_mma=21;ptx_tcgen05_mma_ws=16;ptx_tcgen05_commit=1;ptx_tcgen05_alloc=1;ptx_tcgen05_dealloc=1;ptx_tcgen05_ld=5;ptx_tcgen05_st=5;ptx_mbarrier_wait=5;ptx_cp_async_tma=2;ptx_ld_shared=26;ptx_ld_global=7
06_tmem_dependency,tmem_fp16_m128n64k16_c256_none_in0_rd1,1,,NVIDIA Thor,11.0,580.00,13.0,PTX ISA 9.3 / CUDA 13.0,1575.000,,,,fp16,128,64,16,32,128,92,1,discard,same,4,1,32,1,nocount,sw128,sw128,16,16,16,0,256,0,64,none,0,none,0,4,20,3182167.0,2020.423492063492,,,,,6144,,10.628878828798113,,,0,0.0,1,bf14b28d2af4128daa99f23eec8a5e105636d0b04136f8be580fdc39d6f1f97d,
06_tmem_dependency,tmem_fp16_m128n64k16_c256_none_in0_rd1,1,,NVIDIA Thor,11.0,580.00,13.0,PTX ISA 9.3 / CUDA 13.0,1575.000,,,,fp16,128,64,16,32,128,92,2,discard,same,4,1,32,1,nocount,sw128,sw128,16,16,16,0,256,0,64,none,0,none,0,4,20,3182165.0,2020.4222222222224,,,,,6144,,10.62888550907951,,,0,0.0,1,bf14b28d2af4128daa99f23eec8a5e105636d0b04136f8be580fdc39d6f1f97d,
06_tmem_dependency,tmem_fp16_m128n64k16_c256_none_in0_rd1,1,,NVIDIA Thor,11.0,580.00,13.0,PTX ISA 9.3 / CUDA 13.0,1575.000,,,,fp16,128,64,16,32,128,92,3,discard,same,4,1,32,1,nocount,sw128,sw128,16,16,16,0,256,0,64,none,0,none,0,4,20,3182170.0,2020.425396825397,,,,,6144,,10.628868808391758,,,0,0.0,1,bf14b28d2af4128daa99f23eec8a5e105636d0b04136f8be580fdc39d6f1f97d,
06_tmem_dependency,tmem_fp16_m128n64k16_c256_none_in0_rd1,1,,NVIDIA Thor,11.0,580.00,13.0,PTX ISA 9.3 / CUDA 13.0,1575.000,,,,fp16,128,64,16,32,128,92,4,discard,same,4,1,32,1,nocount,sw128,sw128,16,16,16,0,256,0,64,none,0,none,0,4,20,3182163.0,2020.4209523809525,,,,,6144,,10.628892189369305,,,0,0.0,1,bf14b28d2af4128daa99f23eec8a5e105636d0b04136f8be580fdc39d6f1f97d,
06_tmem_dependency,tmem_bf16_m128n256k16_c512_none_in1_rd2,1,,NVIDIA Thor,11.0,580.00,13.0,PTX ISA 9.3 / CUDA 13.0,1575.000,,,,bf16,128,256,16,32,128,93,0,discard,same,2,2,32,1,nocount,sw128,sw128,16,16,16,0,512,0,256,none,1,none,0,4,20,3678183.0,2335.3542857142857,,,,,12288,,36.782147550570485,,,0,0.0,1,bf14b28d2af4128daa99f23eec8a5e105636d0b04136f8be580fdc39d6f1f97d,; UTCHMMA=21;UTCHMMA_WS=16;UTCBAR=1;UTCATOMSWS=3;SYNCS_TRYWAIT=8;LDS=21;LDG=9;ptx_tcgen05_mma=21;ptx_tcgen05_mma_ws=16;ptx_tcgen05_commit=1;ptx_tcgen05_alloc=1;ptx_tcgen05_dealloc=1;ptx_tcgen05_ld=5;ptx_tcgen05_st=5;ptx_mbarrier_wait=5;ptx_cp_async_tma=2;ptx_ld_shared=26;ptx_ld_global=7
06_tmem_dependency,tmem_bf16_m128n256k16_c512_none_in1_rd2,1,,NVIDIA Thor,11.0,580.00,13.0,PTX ISA 9.3 / CUDA 13.0,1575.000,,,,bf16,128,256,16,32,128,93,1,discard,same,2,2,32,1,nocount,sw128,sw128,16,16,16,0,512,0,256,none,1,none,0,4,20,3678180.0,2335.352380952381,,,,,12288,,36.78217755085395,,,0,0.0,1,bf14b28d2af4128daa99f23eec8a5e105636d0b04136f8be580fdc39d6f1f97d,
06_tmem_dependency,tmem_bf16_m128n256k16_c512_none_in1_rd2,1,,NVIDIA Thor,11.0,580.00,13.0,PTX ISA 9.3 / CUDA 13.0,1575.000,,,,bf16,128,256,16,32,128,93,2,discard,same,2,2,32,1,nocount,sw128,sw128,16,16,16,0,512,0,256,none,1,none,0,4,20,3678179.0,2335.351746031746,,,,,12288,,36.78218755095932,,,0,0.0,1,bf14b28d2af4128daa99f23eec8a5e105636d0b04136f8be580fdc39d6f1f97d,
06_tmem_dependency,tmem_bf16_m128n256k16_c512_none_in1_rd2,1,,NVIDIA Thor,11.0,580.00,13.0,PTX ISA 9.3 / CUDA 13.0,1575.000,,,,bf16,128,256,16,32,128,93,3,discard,same,2,2,32,1,nocount,sw128,sw128,16,16,16,0,512,0,256,none,1,none,0,4,20,3678177.0,2335.3504761904765,,,,,12288,,36.78220755118636,,,0,0.0,1,bf14b28d2af4128daa99f23eec8a5e105636d0b04136f8be580fdc39d6f1f97d,
06_tmem_dependency,tmem_bf16_m128n256k16_c512_none_in1_rd2,1,,NVIDIA Thor,11.0,580.00,13.0,PTX ISA 9.3 / CUDA 13.0,1575.000,,,,bf16,128,256,16,32,128,93,4,discard,same,2,2,32,1,nocount,sw128,sw128,16,16,16,0,512,0,256,none,1,none,0,4,20,3678177.0,2335.3504761904765,,,,,12288,,36.78220755118636,,,0,0.0,1,bf14b28d2af4128daa99f23eec8a5e105636d0b04136f8be580fdc39d6f1f97d,
06_tmem_dependency,tmem_fp16_m128n128k16_c256_partial_in0_rd1,1,,NVIDIA Thor,11.0,580.00,13.0,PTX ISA 9.3 / CUDA 13.0,1575.000,,,,fp16,128,128,16,32,128,94,0,discard,same,1,1,32,1,nocount,sw128,sw128,16,16,16,0,256,0,64,partial,0,none,0,4,20,3181153.0,2019.7796825396824,,,,,8192,,21.264533617842336,,,0,0.0,1,bf14b28d2af4128daa99f23eec8a5e105636d0b04136f8be580fdc39d6f1f97d,; UTCHMMA=21;UTCHMMA_WS=16;UTCBAR=1;UTCATOMSWS=3;SYNCS_TRYWAIT=8;LDS=21;LDG=9;ptx_tcgen05_mma=21;ptx_tcgen05_mma_ws=16;ptx_tcgen05_commit=1;ptx_tcgen05_alloc=1;ptx_tcgen05_dealloc=1;ptx_tcgen05_ld=5;ptx_tcgen05_st=5;ptx_mbarrier_wait=5;ptx_cp_async_tma=2;ptx_ld_shared=26;ptx_ld_global=7
06_tmem_dependency,tmem_fp16_m128n128k16_c256_partial_in0_rd1,1,,NVIDIA Thor,11.0,580.00,13.0,PTX ISA 9.3 / CUDA 13.0,1575.000,,,,fp16,128,128,16,32,128,94,1,discard,same,1,1,32,1,nocount,sw128,sw128,16,16,16,0,256,0,64,partial,0,none,0,4,20,3181158.0,2019.782857142857,,,,,8192,,21.264500195211934,,,0,0.0,1,bf14b28d2af4128daa99f23eec8a5e105636d0b04136f8be580fdc39d6f1f97d,
06_tmem_dependency,tmem_fp16_m128n128k16_c256_partial_in0_rd1,1,,NVIDIA Thor,11.0,580.00,13.0,PTX ISA 9.3 / CUDA 13.0,1575.000,,,,fp16,128,128,16,32,128,94,2,discard,same,1,1,32,1,nocount,sw128,sw128,16,16,16,0,256,0,64,partial,0,none,0,4,20,3181149.0,2019.7771428571427,,,,,8192,,21.264560356022304,,,0,0.0,1,bf14b28d2af4128daa99f23eec8a5e105636d0b04136f8be580fdc39d6f1f97d,
06_tmem_dependency,tmem_fp16_m128n128k16_c256_partial_in0_rd1,1,,NVIDIA Thor,11.0,580.00,13.0,PTX ISA 9.3 / CUDA 13.0,1575.000,,,,fp16,128,128,16,32,128,94,3,discard,same,1,1,32,1,nocount,sw128,sw128,16,16,16,0,256,0,64,partial,0,none,0,4,20,3181153.0,2019.7796825396824,,,,,8192,,21.264533617842336,,,0,0.0,1,bf14b28d2af4128daa99f23eec8a5e105636d0b04136f8be580fdc39d6f1f97d,
06_tmem_dependency,tmem_fp16_m128n128k16_c256_partial_in0_rd1,1,,NVIDIA Thor,11.0,580.00,13.0,PTX ISA 9.3 / CUDA 13.0,1575.000,,,,fp16,128,128,16,32,128,94,4,discard,same,1,1,32,1,nocount,sw128,sw128,16,16,16,0,256,0,64,partial,0,none,0,4,20,3181521.0,2020.0133333333333,,,,,8192,,21.26207399291094,,,0,0.0,1,bf14b28d2af4128daa99f23eec8a5e105636d0b04136f8be580fdc39d6f1f97d,
06_tmem_dependency,tmem_fp16_m128n64k16_c256_none_in1_rd4,1,,NVIDIA Thor,11.0,580.00,13.0,PTX ISA 9.3 / CUDA 13.0,1575.000,,,,fp16,128,64,16,32,128,95,0,discard,same,4,4,32,1,nocount,sw128,sw128,16,16,16,0,256,0,64,none,1,none,0,4,20,3678620.0,2335.631746031746,,,,,6144,,9.194444507994845,,,0,0.0,1,bf14b28d2af4128daa99f23eec8a5e105636d0b04136f8be580fdc39d6f1f97d,; UTCHMMA=21;UTCHMMA_WS=16;UTCBAR=1;UTCATOMSWS=3;SYNCS_TRYWAIT=8;LDS=21;LDG=9;ptx_tcgen05_mma=21;ptx_tcgen05_mma_ws=16;ptx_tcgen05_commit=1;ptx_tcgen05_alloc=1;ptx_tcgen05_dealloc=1;ptx_tcgen05_ld=5;ptx_tcgen05_st=5;ptx_mbarrier_wait=5;ptx_cp_async_tma=2;ptx_ld_shared=26;ptx_ld_global=7
06_tmem_dependency,tmem_fp16_m128n64k16_c256_none_in1_rd4,1,,NVIDIA Thor,11.0,580.00,13.0,PTX ISA 9.3 / CUDA 13.0,1575.000,,,,fp16,128,64,16,32,128,95,1,discard,same,4,4,32,1,nocount,sw128,sw128,16,16,16,0,256,0,64,none,1,none,0,4,20,3678579.0,2335.6057142857144,,,,,6144,,9.19454698567028,,,0,0.0,1,bf14b28d2af4128daa99f23eec8a5e105636d0b04136f8be580fdc39d6f1f97d,
06_tmem_dependency,tmem_fp16_m128n64k16_c256_none_in1_rd4,1,,NVIDIA Thor,11.0,580.00,13.0,PTX ISA 9.3 / CUDA 13.0,1575.000,,,,fp16,128,64,16,32,128,95,2,discard,same,4,4,32,1,nocount,sw128,sw128,16,16,16,0,256,0,64,none,1,none,0,4,20,3678618.0,2335.630476190476,,,,,6144,,9.194449506852843,,,0,0.0,1,bf14b28d2af4128daa99f23eec8a5e105636d0b04136f8be580fdc39d6f1f97d,
06_tmem_dependency,tmem_fp16_m128n64k16_c256_none_in1_rd4,1,,NVIDIA Thor,11.0,580.00,13.0,PTX ISA 9.3 / CUDA 13.0,1575.000,,,,fp16,128,64,16,32,128,95,3,discard,same,4,4,32,1,nocount,sw128,sw128,16,16,16,0,256,0,64,none,1,none,0,4,20,3678585.0,2335.6095238095236,,,,,6144,,9.194531988794605,,,0,0.0,1,bf14b28d2af4128daa99f23eec8a5e105636d0b04136f8be580fdc39d6f1f97d,
06_tmem_dependency,tmem_fp16_m128n64k16_c256_none_in1_rd4,1,,NVIDIA Thor,11.0,580.00,13.0,PTX ISA 9.3 / CUDA 13.0,1575.000,,,,fp16,128,64,16,32,128,95,4,discard,same,4,4,32,1,nocount,sw128,sw128,16,16,16,0,256,0,64,none,1,none,0,4,20,3678621.0,2335.632380952381,,,,,6144,,9.194442008567885,,,0,0.0,1,bf14b28d2af4128daa99f23eec8a5e105636d0b04136f8be580fdc39d6f1f97d,
06_tmem_dependency,tmem_fp16_m128n64k16_c512_none_in1_rd1,1,,NVIDIA Thor,11.0,580.00,13.0,PTX ISA 9.3 / CUDA 13.0,1575.000,,,,fp16,128,64,16,32,128,96,0,discard,same,8,1,32,1,nocount,sw128,sw128,16,16,16,0,512,0,64,none,1,none,0,4,20,3182167.0,2020.423492063492,,,,,6144,,10.628878828798113,,,0,0.0,1,bf14b28d2af4128daa99f23eec8a5e105636d0b04136f8be580fdc39d6f1f97d,; UTCHMMA=21;UTCHMMA_WS=16;UTCBAR=1;UTCATOMSWS=3;SYNCS_TRYWAIT=8;LDS=21;LDG=9;ptx_tcgen05_mma=21;ptx_tcgen05_mma_ws=16;ptx_tcgen05_commit=1;ptx_tcgen05_alloc=1;ptx_tcgen05_dealloc=1;ptx_tcgen05_ld=5;ptx_tcgen05_st=5;ptx_mbarrier_wait=5;ptx_cp_async_tma=2;ptx_ld_shared=26;ptx_ld_global=7
06_tmem_dependency,tmem_fp16_m128n64k16_c512_none_in1_rd1,1,,NVIDIA Thor,11.0,580.00,13.0,PTX ISA 9.3 / CUDA 13.0,1575.000,,,,fp16,128,64,16,32,128,96,1,discard,same,8,1,32,1,nocount,sw128,sw128,16,16,16,0,512,0,64,none,1,none,0,4,20,3182172.0,2020.4266666666667,,,,,6144,,10.628862128131352,,,0,0.0,1,bf14b28d2af4128daa99f23eec8a5e105636d0b04136f8be580fdc39d6f1f97d,
06_tmem_dependency,tmem_fp16_m128n64k16_c512_none_in1_rd1,1,,NVIDIA Thor,11.0,580.00,13.0,PTX ISA 9.3 / CUDA 13.0,1575.000,,,,fp16,128,64,16,32,128,96,2,discard,same,8,1,32,1,nocount,sw128,sw128,16,16,16,0,512,0,64,none,1,none,0,4,20,3182155.0,2020.4158730158729,,,,,6144,,10.628918910612462,,,0,0.0,1,bf14b28d2af4128daa99f23eec8a5e105636d0b04136f8be580fdc39d6f1f97d,
06_tmem_dependency,tmem_fp16_m128n64k16_c512_none_in1_rd1,1,,NVIDIA Thor,11.0,580.00,13.0,PTX ISA 9.3 / CUDA 13.0,1575.000,,,,fp16,128,64,16,32,128,96,3,discard,same,8,1,32,1,nocount,sw128,sw128,16,16,16,0,512,0,64,none,1,none,0,4,20,3182161.0,2020.4196825396825,,,,,6144,,10.6288988696675,,,0,0.0,1,bf14b28d2af4128daa99f23eec8a5e105636d0b04136f8be580fdc39d6f1f97d,
06_tmem_dependency,tmem_fp16_m128n64k16_c512_none_in1_rd1,1,,NVIDIA Thor,11.0,580.00,13.0,PTX ISA 9.3 / CUDA 13.0,1575.000,,,,fp16,128,64,16,32,128,96,4,discard,same,8,1,32,1,nocount,sw128,sw128,16,16,16,0,512,0,64,none,1,none,0,4,20,3182169.0,2020.4247619047617,,,,,6144,,10.628872148525112,,,0,0.0,1,bf14b28d2af4128daa99f23eec8a5e105636d0b04136f8be580fdc39d6f1f97d,
06_tmem_dependency,tmem_bf16_m128n64k16_c256_none_in1_rd4,1,,NVIDIA Thor,11.0,580.00,13.0,PTX ISA 9.3 / CUDA 13.0,1575.000,,,,bf16,128,64,16,32,128,97,0,discard,same,4,4,32,1,nocount,sw128,sw128,16,16,16,0,256,0,64,none,1,none,0,4,20,3678587.0,2335.6107936507938,,,,,6144,,9.194526989846915,,,0,0.0,1,bf14b28d2af4128daa99f23eec8a5e105636d0b04136f8be580fdc39d6f1f97d,; UTCHMMA=21;UTCHMMA_WS=16;UTCBAR=1;UTCATOMSWS=3;SYNCS_TRYWAIT=8;LDS=21;LDG=9;ptx_tcgen05_mma=21;ptx_tcgen05_mma_ws=16;ptx_tcgen05_commit=1;ptx_tcgen05_alloc=1;ptx_tcgen05_dealloc=1;ptx_tcgen05_ld=5;ptx_tcgen05_st=5;ptx_mbarrier_wait=5;ptx_cp_async_tma=2;ptx_ld_shared=26;ptx_ld_global=7
06_tmem_dependency,tmem_bf16_m128n64k16_c256_none_in1_rd4,1,,NVIDIA Thor,11.0,580.00,13.0,PTX ISA 9.3 / CUDA 13.0,1575.000,,,,bf16,128,64,16,32,128,97,1,discard,same,4,4,32,1,nocount,sw128,sw128,16,16,16,0,256,0,64,none,1,none,0,4,20,3678581.0,2335.606984126984,,,,,6144,,9.194541986706287,,,0,0.0,1,bf14b28d2af4128daa99f23eec8a5e105636d0b04136f8be580fdc39d6f1f97d,
06_tmem_dependency,tmem_bf16_m128n64k16_c256_none_in1_rd4,1,,NVIDIA Thor,11.0,580.00,13.0,PTX ISA 9.3 / CUDA 13.0,1575.000,,,,bf16,128,64,16,32,128,97,2,discard,same,4,4,32,1,nocount,sw128,sw128,16,16,16,0,256,0,64,none,1,none,0,4,20,3678577.0,2335.6044444444447,,,,,6144,,9.194551984639713,,,0,0.0,1,bf14b28d2af4128daa99f23eec8a5e105636d0b04136f8be580fdc39d6f1f97d,
06_tmem_dependency,tmem_bf16_m128n64k16_c256_none_in1_rd4,1,,NVIDIA Thor,11.0,580.00,13.0,PTX ISA 9.3 / CUDA 13.0,1575.000,,,,bf16,128,64,16,32,128,97,3,discard,same,4,4,32,1,nocount,sw128,sw128,16,16,16,0,256,0,64,none,1,none,0,4,20,3678584.0,2335.608888888889,,,,,6144,,9.194534488270486,,,0,0.0,1,bf14b28d2af4128daa99f23eec8a5e105636d0b04136f8be580fdc39d6f1f97d,
06_tmem_dependency,tmem_bf16_m128n64k16_c256_none_in1_rd4,1,,NVIDIA Thor,11.0,580.00,13.0,PTX ISA 9.3 / CUDA 13.0,1575.000,,,,bf16,128,64,16,32,128,97,4,discard,same,4,4,32,1,nocount,sw128,sw128,16,16,16,0,256,0,64,none,1,none,0,4,20,3678578.0,2335.6050793650793,,,,,6144,,9.194549485154319,,,0,0.0,1,bf14b28d2af4128daa99f23eec8a5e105636d0b04136f8be580fdc39d6f1f97d,
06_tmem_dependency,tmem_fp16_m128n128k16_c128_none_in0_rd1,1,,NVIDIA Thor,11.0,580.00,13.0,PTX ISA 9.3 / CUDA 13.0,1575.000,,,,fp16,128,128,16,32,128,98,0,discard,same,1,1,32,1,nocount,sw128,sw128,16,16,16,0,128,0,128,none,0,none,0,4,20,3181154.0,2019.7803174603173,,,,,8192,,21.264526933307852,,,0,0.0,1,bf14b28d2af4128daa99f23eec8a5e105636d0b04136f8be580fdc39d6f1f97d,; UTCHMMA=21;UTCHMMA_WS=16;UTCBAR=1;UTCATOMSWS=3;SYNCS_TRYWAIT=8;LDS=21;LDG=9;ptx_tcgen05_mma=21;ptx_tcgen05_mma_ws=16;ptx_tcgen05_commit=1;ptx_tcgen05_alloc=1;ptx_tcgen05_dealloc=1;ptx_tcgen05_ld=5;ptx_tcgen05_st=5;ptx_mbarrier_wait=5;ptx_cp_async_tma=2;ptx_ld_shared=26;ptx_ld_global=7
06_tmem_dependency,tmem_fp16_m128n128k16_c128_none_in0_rd1,1,,NVIDIA Thor,11.0,580.00,13.0,PTX ISA 9.3 / CUDA 13.0,1575.000,,,,fp16,128,128,16,32,128,98,1,discard,same,1,1,32,1,nocount,sw128,sw128,16,16,16,0,128,0,128,none,0,none,0,4,20,3181518.0,2020.0114285714287,,,,,8192,,21.26209404190075,,,0,0.0,1,bf14b28d2af4128daa99f23eec8a5e105636d0b04136f8be580fdc39d6f1f97d,
06_tmem_dependency,tmem_fp16_m128n128k16_c128_none_in0_rd1,1,,NVIDIA Thor,11.0,580.00,13.0,PTX ISA 9.3 / CUDA 13.0,1575.000,,,,fp16,128,128,16,32,128,98,2,discard,same,1,1,32,1,nocount,sw128,sw128,16,16,16,0,128,0,128,none,0,none,0,4,20,3181519.0,2020.0120634920634,,,,,8192,,21.262087358899944,,,0,0.0,1,bf14b28d2af4128daa99f23eec8a5e105636d0b04136f8be580fdc39d6f1f97d,
06_tmem_dependency,tmem_fp16_m128n128k16_c128_none_in0_rd1,1,,NVIDIA Thor,11.0,580.00,13.0,PTX ISA 9.3 / CUDA 13.0,1575.000,,,,fp16,128,128,16,32,128,98,3,discard,same,1,1,32,1,nocount,sw128,sw128,16,16,16,0,128,0,128,none,0,none,0,4,20,3181153.0,2019.7796825396824,,,,,8192,,21.264533617842336,,,0,0.0,1,bf14b28d2af4128daa99f23eec8a5e105636d0b04136f8be580fdc39d6f1f97d,
06_tmem_dependency,tmem_fp16_m128n128k16_c128_none_in0_rd1,1,,NVIDIA Thor,11.0,580.00,13.0,PTX ISA 9.3 / CUDA 13.0,1575.000,,,,fp16,128,128,16,32,128,98,4,discard,same,1,1,32,1,nocount,sw128,sw128,16,16,16,0,128,0,128,none,0,none,0,4,20,3181520.0,2020.0126984126987,,,,,8192,,21.26208067590334,,,0,0.0,1,bf14b28d2af4128daa99f23eec8a5e105636d0b04136f8be580fdc39d6f1f97d,
06_tmem_dependency,tmem_bf16_m128n64k16_c512_full_in0_rd8,1,,NVIDIA Thor,11.0,580.00,13.0,PTX ISA 9.3 / CUDA 13.0,1575.000,,,,bf16,128,64,16,32,128,99,0,discard,same,1,1,32,1,nocount,sw128,sw128,16,16,16,0,512,0,0,full,0,none,0,4,20,3182173.0,2020.4273015873016,,,,,6144,,10.628858788004298,,,0,0.0,1,bf14b28d2af4128daa99f23eec8a5e105636d0b04136f8be580fdc39d6f1f97d,; UTCHMMA=21;UTCHMMA_WS=16;UTCBAR=1;UTCATOMSWS=3;SYNCS_TRYWAIT=8;LDS=21;LDG=9;ptx_tcgen05_mma=21;ptx_tcgen05_mma_ws=16;ptx_tcgen05_commit=1;ptx_tcgen05_alloc=1;ptx_tcgen05_dealloc=1;ptx_tcgen05_ld=5;ptx_tcgen05_st=5;ptx_mbarrier_wait=5;ptx_cp_async_tma=2;ptx_ld_shared=26;ptx_ld_global=7
06_tmem_dependency,tmem_bf16_m128n64k16_c512_full_in0_rd8,1,,NVIDIA Thor,11.0,580.00,13.0,PTX ISA 9.3 / CUDA 13.0,1575.000,,,,bf16,128,64,16,32,128,99,1,discard,same,1,1,32,1,nocount,sw128,sw128,16,16,16,0,512,0,0,full,0,none,0,4,20,3182165.0,2020.4222222222224,,,,,6144,,10.62888550907951,,,0,0.0,1,bf14b28d2af4128daa99f23eec8a5e105636d0b04136f8be580fdc39d6f1f97d,
06_tmem_dependency,tmem_bf16_m128n64k16_c512_full_in0_rd8,1,,NVIDIA Thor,11.0,580.00,13.0,PTX ISA 9.3 / CUDA 13.0,1575.000,,,,bf16,128,64,16,32,128,99,2,discard,same,1,1,32,1,nocount,sw128,sw128,16,16,16,0,512,0,0,full,0,none,0,4,20,3182161.0,2020.4196825396825,,,,,6144,,10.6288988696675,,,0,0.0,1,bf14b28d2af4128daa99f23eec8a5e105636d0b04136f8be580fdc39d6f1f97d,
06_tmem_dependency,tmem_bf16_m128n64k16_c512_full_in0_rd8,1,,NVIDIA Thor,11.0,580.00,13.0,PTX ISA 9.3 / CUDA 13.0,1575.000,,,,bf16,128,64,16,32,128,99,3,discard,same,1,1,32,1,nocount,sw128,sw128,16,16,16,0,512,0,0,full,0,none,0,4,20,3182158.0,2020.417777777778,,,,,6144,,10.628908890130534,,,0,0.0,1,bf14b28d2af4128daa99f23eec8a5e105636d0b04136f8be580fdc39d6f1f97d,
06_tmem_dependency,tmem_bf16_m128n64k16_c512_full_in0_rd8,1,,NVIDIA Thor,11.0,580.00,13.0,PTX ISA 9.3 / CUDA 13.0,1575.000,,,,bf16,128,64,16,32,128,99,4,discard,same,1,1,32,1,nocount,sw128,sw128,16,16,16,0,512,0,0,full,0,none,0,4,20,3182154.0,2020.4152380952382,,,,,6144,,10.628922250777302,,,0,0.0,1,bf14b28d2af4128daa99f23eec8a5e105636d0b04136f8be580fdc39d6f1f97d,
06_tmem_dependency,tmem_bf16_m128n64k16_c512_full_in1_rd8,1,,NVIDIA Thor,11.0,580.00,13.0,PTX ISA 9.3 / CUDA 13.0,1575.000,,,,bf16,128,64,16,32,128,100,0,discard,same,1,1,32,1,nocount,sw128,sw128,16,16,16,0,512,0,0,full,1,none,0,4,20,3182173.0,2020.4273015873016,,,,,6144,,10.628858788004298,,,0,0.0,1,bf14b28d2af4128daa99f23eec8a5e105636d0b04136f8be580fdc39d6f1f97d,; UTCHMMA=21;UTCHMMA_WS=16;UTCBAR=1;UTCATOMSWS=3;SYNCS_TRYWAIT=8;LDS=21;LDG=9;ptx_tcgen05_mma=21;ptx_tcgen05_mma_ws=16;ptx_tcgen05_commit=1;ptx_tcgen05_alloc=1;ptx_tcgen05_dealloc=1;ptx_tcgen05_ld=5;ptx_tcgen05_st=5;ptx_mbarrier_wait=5;ptx_cp_async_tma=2;ptx_ld_shared=26;ptx_ld_global=7
06_tmem_dependency,tmem_bf16_m128n64k16_c512_full_in1_rd8,1,,NVIDIA Thor,11.0,580.00,13.0,PTX ISA 9.3 / CUDA 13.0,1575.000,,,,bf16,128,64,16,32,128,100,1,discard,same,1,1,32,1,nocount,sw128,sw128,16,16,16,0,512,0,0,full,1,none,0,4,20,3182157.0,2020.4171428571428,,,,,6144,,10.628912230289078,,,0,0.0,1,bf14b28d2af4128daa99f23eec8a5e105636d0b04136f8be580fdc39d6f1f97d,
06_tmem_dependency,tmem_bf16_m128n64k16_c512_full_in1_rd8,1,,NVIDIA Thor,11.0,580.00,13.0,PTX ISA 9.3 / CUDA 13.0,1575.000,,,,bf16,128,64,16,32,128,100,2,discard,same,1,1,32,1,nocount,sw128,sw128,16,16,16,0,512,0,0,full,1,none,0,4,20,3182170.0,2020.425396825397,,,,,6144,,10.628868808391758,,,0,0.0,1,bf14b28d2af4128daa99f23eec8a5e105636d0b04136f8be580fdc39d6f1f97d,
06_tmem_dependency,tmem_bf16_m128n64k16_c512_full_in1_rd8,1,,NVIDIA Thor,11.0,580.00,13.0,PTX ISA 9.3 / CUDA 13.0,1575.000,,,,bf16,128,64,16,32,128,100,3,discard,same,1,1,32,1,nocount,sw128,sw128,16,16,16,0,512,0,0,full,1,none,0,4,20,3182157.0,2020.4171428571428,,,,,6144,,10.628912230289078,,,0,0.0,1,bf14b28d2af4128daa99f23eec8a5e105636d0b04136f8be580fdc39d6f1f97d,
06_tmem_dependency,tmem_bf16_m128n64k16_c512_full_in1_rd8,1,,NVIDIA Thor,11.0,580.00,13.0,PTX ISA 9.3 / CUDA 13.0,1575.000,,,,bf16,128,64,16,32,128,100,4,discard,same,1,1,32,1,nocount,sw128,sw128,16,16,16,0,512,0,0,full,1,none,0,4,20,3182167.0,2020.423492063492,,,,,6144,,10.628878828798113,,,0,0.0,1,bf14b28d2af4128daa99f23eec8a5e105636d0b04136f8be580fdc39d6f1f97d,
06_tmem_dependency,tmem_fp16_m128n128k16_c512_partial_in0_rd2,1,,NVIDIA Thor,11.0,580.00,13.0,PTX ISA 9.3 / CUDA 13.0,1575.000,,,,fp16,128,128,16,32,128,101,0,discard,same,1,2,32,1,nocount,sw128,sw128,16,16,16,0,512,0,64,partial,0,none,0,4,20,3678959.0,2335.8469841269844,,,,,8192,,18.387194560200317,,,0,0.0,1,bf14b28d2af4128daa99f23eec8a5e105636d0b04136f8be580fdc39d6f1f97d,; UTCHMMA=21;UTCHMMA_WS=16;UTCBAR=1;UTCATOMSWS=3;SYNCS_TRYWAIT=8;LDS=21;LDG=9;ptx_tcgen05_mma=21;ptx_tcgen05_mma_ws=16;ptx_tcgen05_commit=1;ptx_tcgen05_alloc=1;ptx_tcgen05_dealloc=1;ptx_tcgen05_ld=5;ptx_tcgen05_st=5;ptx_mbarrier_wait=5;ptx_cp_async_tma=2;ptx_ld_shared=26;ptx_ld_global=7
06_tmem_dependency,tmem_fp16_m128n128k16_c512_partial_in0_rd2,1,,NVIDIA Thor,11.0,580.00,13.0,PTX ISA 9.3 / CUDA 13.0,1575.000,,,,fp16,128,128,16,32,128,101,1,discard,same,1,2,32,1,nocount,sw128,sw128,16,16,16,0,512,0,64,partial,0,none,0,4,20,3678988.0,2335.8653968253966,,,,,8192,,18.387049621254544,,,0,0.0,1,bf14b28d2af4128daa99f23eec8a5e105636d0b04136f8be580fdc39d6f1f97d,
06_tmem_dependency,tmem_fp16_m128n128k16_c512_partial_in0_rd2,1,,NVIDIA Thor,11.0,580.00,13.0,PTX ISA 9.3 / CUDA 13.0,1575.000,,,,fp16,128,128,16,32,128,101,2,discard,same,1,2,32,1,nocount,sw128,sw128,16,16,16,0,512,0,64,partial,0,none,0,4,20,3678999.0,2335.872380952381,,,,,8192,,18.386994645010777,,,0,0.0,1,bf14b28d2af4128daa99f23eec8a5e105636d0b04136f8be580fdc39d6f1f97d,
06_tmem_dependency,tmem_fp16_m128n128k16_c512_partial_in0_rd2,1,,NVIDIA Thor,11.0,580.00,13.0,PTX ISA 9.3 / CUDA 13.0,1575.000,,,,fp16,128,128,16,32,128,101,3,discard,same,1,2,32,1,nocount,sw128,sw128,16,16,16,0,512,0,64,partial,0,none,0,4,20,3678958.0,2335.8463492063493,,,,,8192,,18.387199558135755,,,0,0.0,1,bf14b28d2af4128daa99f23eec8a5e105636d0b04136f8be580fdc39d6f1f97d,
06_tmem_dependency,tmem_fp16_m128n128k16_c512_partial_in0_rd2,1,,NVIDIA Thor,11.0,580.00,13.0,PTX ISA 9.3 / CUDA 13.0,1575.000,,,,fp16,128,128,16,32,128,101,4,discard,same,1,2,32,1,nocount,sw128,sw128,16,16,16,0,512,0,64,partial,0,none,0,4,20,3678994.0,2335.8692063492063,,,,,8192,,18.387019634171736,,,0,0.0,1,bf14b28d2af4128daa99f23eec8a5e105636d0b04136f8be580fdc39d6f1f97d,
06_tmem_dependency,tmem_fp16_m128n256k16_c256_none_in1_rd1,1,,NVIDIA Thor,11.0,580.00,13.0,PTX ISA 9.3 / CUDA 13.0,1575.000,,,,fp16,128,256,16,32,128,102,0,discard,same,1,1,32,1,nocount,sw128,sw128,16,16,16,0,256,0,256,none,1,none,0,4,20,3181543.0,2020.0273015873017,,,,,12288,,42.52385393628186,,,0,0.0,1,bf14b28d2af4128daa99f23eec8a5e105636d0b04136f8be580fdc39d6f1f97d,; UTCHMMA=21;UTCHMMA_WS=16;UTCBAR=1;UTCATOMSWS=3;SYNCS_TRYWAIT=8;LDS=21;LDG=9;ptx_tcgen05_mma=21;ptx_tcgen05_mma_ws=16;ptx_tcgen05_commit=1;ptx_tcgen05_alloc=1;ptx_tcgen05_dealloc=1;ptx_tcgen05_ld=5;ptx_tcgen05_st=5;ptx_mbarrier_wait=5;ptx_cp_async_tma=2;ptx_ld_shared=26;ptx_ld_global=7
06_tmem_dependency,tmem_fp16_m128n256k16_c256_none_in1_rd1,1,,NVIDIA Thor,11.0,580.00,13.0,PTX ISA 9.3 / CUDA 13.0,1575.000,,,,fp16,128,256,16,32,128,102,1,discard,same,1,1,32,1,nocount,sw128,sw128,16,16,16,0,256,0,256,none,1,none,0,4,20,3181550.0,2020.0317460317463,,,,,12288,,42.5237603759174,,,0,0.0,1,bf14b28d2af4128daa99f23eec8a5e105636d0b04136f8be580fdc39d6f1f97d,
06_tmem_dependency,tmem_fp16_m128n256k16_c256_none_in1_rd1,1,,NVIDIA Thor,11.0,580.00,13.0,PTX ISA 9.3 / CUDA 13.0,1575.000,,,,fp16,128,256,16,32,128,102,2,discard,same,1,1,32,1,nocount,sw128,sw128,16,16,16,0,256,0,256,none,1,none,0,4,20,3181540.0,2020.0253968253967,,,,,12288,,42.52389403370695,,,0,0.0,1,bf14b28d2af4128daa99f23eec8a5e105636d0b04136f8be580fdc39d6f1f97d,
06_tmem_dependency,tmem_fp16_m128n256k16_c256_none_in1_rd1,1,,NVIDIA Thor,11.0,580.00,13.0,PTX ISA 9.3 / CUDA 13.0,1575.000,,,,fp16,128,256,16,32,128,102,3,discard,same,1,1,32,1,nocount,sw128,sw128,16,16,16,0,256,0,256,none,1,none,0,4,20,3181541.0,2020.0260317460318,,,,,12288,,42.52388066789018,,,0,0.0,1,bf14b28d2af4128daa99f23eec8a5e105636d0b04136f8be580fdc39d6f1f97d,
06_tmem_dependency,tmem_fp16_m128n256k16_c256_none_in1_rd1,1,,NVIDIA Thor,11.0,580.00,13.0,PTX ISA 9.3 / CUDA 13.0,1575.000,,,,fp16,128,256,16,32,128,102,4,discard,same,1,1,32,1,nocount,sw128,sw128,16,16,16,0,256,0,256,none,1,none,0,4,20,3181549.0,2020.031111111111,,,,,12288,,42.523773741658545,,,0,0.0,1,bf14b28d2af4128daa99f23eec8a5e105636d0b04136f8be580fdc39d6f1f97d,
06_tmem_dependency,tmem_fp16_m128n64k16_c128_none_in0_rd2,1,,NVIDIA Thor,11.0,580.00,13.0,PTX ISA 9.3 / CUDA 13.0,1575.000,,,,fp16,128,64,16,32,128,103,0,discard,same,2,2,32,1,nocount,sw128,sw128,16,16,16,0,128,0,64,none,0,none,0,4,20,3678957.0,2335.845714285714,,,,,6144,,9.193602278036956,,,0,0.0,1,bf14b28d2af4128daa99f23eec8a5e105636d0b04136f8be580fdc39d6f1f97d,; UTCHMMA=21;UTCHMMA_WS=16;UTCBAR=1;UTCATOMSWS=3;SYNCS_TRYWAIT=8;LDS=21;LDG=9;ptx_tcgen05_mma=21;ptx_tcgen05_mma_ws=16;ptx_tcgen05_commit=1;ptx_tcgen05_alloc=1;ptx_tcgen05_dealloc=1;ptx_tcgen05_ld=5;ptx_tcgen05_st=5;ptx_mbarrier_wait=5;ptx_cp_async_tma=2;ptx_ld_shared=26;ptx_ld_global=7
06_tmem_dependency,tmem_fp16_m128n64k16_c128_none_in0_rd2,1,,NVIDIA Thor,11.0,580.00,13.0,PTX ISA 9.3 / CUDA 13.0,1575.000,,,,fp16,128,64,16,32,128,103,1,discard,same,2,2,32,1,nocount,sw128,sw128,16,16,16,0,128,0,64,none,0,none,0,4,20,3678956.0,2335.845079365079,,,,,6144,,9.19360477700739,,,0,0.0,1,bf14b28d2af4128daa99f23eec8a5e105636d0b04136f8be580fdc39d6f1f97d,
06_tmem_dependency,tmem_fp16_m128n64k16_c128_none_in0_rd2,1,,NVIDIA Thor,11.0,580.00,13.0,PTX ISA 9.3 / CUDA 13.0,1575.000,,,,fp16,128,64,16,32,128,103,2,discard,same,2,2,32,1,nocount,sw128,sw128,16,16,16,0,128,0,64,none,0,none,0,4,20,3678954.0,2335.84380952381,,,,,6144,,9.193609774952336,,,0,0.0,1,bf14b28d2af4128daa99f23eec8a5e105636d0b04136f8be580fdc39d6f1f97d,
06_tmem_dependency,tmem_fp16_m128n64k16_c128_none_in0_rd2,1,,NVIDIA Thor,11.0,580.00,13.0,PTX ISA 9.3 / CUDA 13.0,1575.000,,,,fp16,128,64,16,32,128,103,3,discard,same,2,2,32,1,nocount,sw128,sw128,16,16,16,0,128,0,64,none,0,none,0,4,20,3678955.0,2335.8444444444444,,,,,6144,,9.193607275979184,,,0,0.0,1,bf14b28d2af4128daa99f23eec8a5e105636d0b04136f8be580fdc39d6f1f97d,
06_tmem_dependency,tmem_fp16_m128n64k16_c128_none_in0_rd2,1,,NVIDIA Thor,11.0,580.00,13.0,PTX ISA 9.3 / CUDA 13.0,1575.000,,,,fp16,128,64,16,32,128,103,4,discard,same,2,2,32,1,nocount,sw128,sw128,16,16,16,0,128,0,64,none,0,none,0,4,20,3678952.0,2335.84253968254,,,,,6144,,9.193614772902716,,,0,0.0,1,bf14b28d2af4128daa99f23eec8a5e105636d0b04136f8be580fdc39d6f1f97d,
06_tmem_dependency,tmem_bf16_m128n256k16_c512_full_in0_rd2,1,,NVIDIA Thor,11.0,580.00,13.0,PTX ISA 9.3 / CUDA 13.0,1575.000,,,,bf16,128,256,16,32,128,104,0,discard,same,1,1,32,1,nocount,sw128,sw128,16,16,16,0,512,0,0,full,0,none,0,4,20,3181792.0,2020.1853968253965,,,,,12288,,42.520526113586314,,,0,0.0,1,bf14b28d2af4128daa99f23eec8a5e105636d0b04136f8be580fdc39d6f1f97d,; UTCHMMA=21;UTCHMMA_WS=16;UTCBAR=1;UTCATOMSWS=3;SYNCS_TRYWAIT=8;LDS=21;LDG=9;ptx_tcgen05_mma=21;ptx_tcgen05_mma_ws=16;ptx_tcgen05_commit=1;ptx_tcgen05_alloc=1;ptx_tcgen05_dealloc=1;ptx_tcgen05_ld=5;ptx_tcgen05_st=5;ptx_mbarrier_wait=5;ptx_cp_async_tma=2;ptx_ld_shared=26;ptx_ld_global=7
06_tmem_dependency,tmem_bf16_m128n256k16_c512_full_in0_rd2,1,,NVIDIA Thor,11.0,580.00,13.0,PTX ISA 9.3 / CUDA 13.0,1575.000,,,,bf16,128,256,16,32,128,104,1,discard,same,1,1,32,1,nocount,sw128,sw128,16,16,16,0,512,0,0,full,0,none,0,4,20,3181541.0,2020.0260317460318,,,,,12288,,42.52388066789018,,,0,0.0,1,bf14b28d2af4128daa99f23eec8a5e105636d0b04136f8be580fdc39d6f1f97d,
06_tmem_dependency,tmem_bf16_m128n256k16_c512_full_in0_rd2,1,,NVIDIA Thor,11.0,580.00,13.0,PTX ISA 9.3 / CUDA 13.0,1575.000,,,,bf16,128,256,16,32,128,104,2,discard,same,1,1,32,1,nocount,sw128,sw128,16,16,16,0,512,0,0,full,0,none,0,4,20,3181546.0,2020.0292063492063,,,,,12288,,42.52381383893239,,,0,0.0,1,bf14b28d2af4128daa99f23eec8a5e105636d0b04136f8be580fdc39d6f1f97d,
06_tmem_dependency,tmem_bf16_m128n256k16_c512_full_in0_rd2,1,,NVIDIA Thor,11.0,580.00,13.0,PTX ISA 9.3 / CUDA 13.0,1575.000,,,,bf16,128,256,16,32,128,104,3,discard,same,1,1,32,1,nocount,sw128,sw128,16,16,16,0,512,0,0,full,0,none,0,4,20,3181540.0,2020.0253968253967,,,,,12288,,42.52389403370695,,,0,0.0,1,bf14b28d2af4128daa99f23eec8a5e105636d0b04136f8be580fdc39d6f1f97d,
06_tmem_dependency,tmem_bf16_m128n256k16_c512_full_in0_rd2,1,,NVIDIA Thor,11.0,580.00,13.0,PTX ISA 9.3 / CUDA 13.0,1575.000,,,,bf16,128,256,16,32,128,104,4,discard,same,1,1,32,1,nocount,sw128,sw128,16,16,16,0,512,0,0,full,0,none,0,4,20,3181549.0,2020.031111111111,,,,,12288,,42.523773741658545,,,0,0.0,1,bf14b28d2af4128daa99f23eec8a5e105636d0b04136f8be580fdc39d6f1f97d,
06_tmem_dependency,tmem_fp16_m128n64k16_c256_none_in0_rd4,1,,NVIDIA Thor,11.0,580.00,13.0,PTX ISA 9.3 / CUDA 13.0,1575.000,,,,fp16,128,64,16,32,128,105,0,discard,same,4,4,32,1,nocount,sw128,sw128,16,16,16,0,256,0,64,none,0,none,0,4,20,3678587.0,2335.6107936507938,,,,,6144,,9.194526989846915,,,0,0.0,1,bf14b28d2af4128daa99f23eec8a5e105636d0b04136f8be580fdc39d6f1f97d,; UTCHMMA=21;UTCHMMA_WS=16;UTCBAR=1;UTCATOMSWS=3;SYNCS_TRYWAIT=8;LDS=21;LDG=9;ptx_tcgen05_mma=21;ptx_tcgen05_mma_ws=16;ptx_tcgen05_commit=1;ptx_tcgen05_alloc=1;ptx_tcgen05_dealloc=1;ptx_tcgen05_ld=5;ptx_tcgen05_st=5;ptx_mbarrier_wait=5;ptx_cp_async_tma=2;ptx_ld_shared=26;ptx_ld_global=7
06_tmem_dependency,tmem_fp16_m128n64k16_c256_none_in0_rd4,1,,NVIDIA Thor,11.0,580.00,13.0,PTX ISA 9.3 / CUDA 13.0,1575.000,,,,fp16,128,64,16,32,128,105,1,discard,same,4,4,32,1,nocount,sw128,sw128,16,16,16,0,256,0,64,none,0,none,0,4,20,3678581.0,2335.606984126984,,,,,6144,,9.194541986706287,,,0,0.0,1,bf14b28d2af4128daa99f23eec8a5e105636d0b04136f8be580fdc39d6f1f97d,
06_tmem_dependency,tmem_fp16_m128n64k16_c256_none_in0_rd4,1,,NVIDIA Thor,11.0,580.00,13.0,PTX ISA 9.3 / CUDA 13.0,1575.000,,,,fp16,128,64,16,32,128,105,2,discard,same,4,4,32,1,nocount,sw128,sw128,16,16,16,0,256,0,64,none,0,none,0,4,20,3678584.0,2335.608888888889,,,,,6144,,9.194534488270486,,,0,0.0,1,bf14b28d2af4128daa99f23eec8a5e105636d0b04136f8be580fdc39d6f1f97d,
06_tmem_dependency,tmem_fp16_m128n64k16_c256_none_in0_rd4,1,,NVIDIA Thor,11.0,580.00,13.0,PTX ISA 9.3 / CUDA 13.0,1575.000,,,,fp16,128,64,16,32,128,105,3,discard,same,4,4,32,1,nocount,sw128,sw128,16,16,16,0,256,0,64,none,0,none,0,4,20,3678619.0,2335.6311111111113,,,,,6144,,9.194447007423166,,,0,0.0,1,bf14b28d2af4128daa99f23eec8a5e105636d0b04136f8be580fdc39d6f1f97d,
06_tmem_dependency,tmem_fp16_m128n64k16_c256_none_in0_rd4,1,,NVIDIA Thor,11.0,580.00,13.0,PTX ISA 9.3 / CUDA 13.0,1575.000,,,,fp16,128,64,16,32,128,105,4,discard,same,4,4,32,1,nocount,sw128,sw128,16,16,16,0,256,0,64,none,0,none,0,4,20,3678622.0,2335.6330158730157,,,,,6144,,9.194439509142283,,,0,0.0,1,bf14b28d2af4128daa99f23eec8a5e105636d0b04136f8be580fdc39d6f1f97d,
06_tmem_dependency,tmem_bf16_m128n64k16_c128_none_in0_rd2,1,,NVIDIA Thor,11.0,580.00,13.0,PTX ISA 9.3 / CUDA 13.0,1575.000,,,,bf16,128,64,16,32,128,106,0,discard,same,2,2,32,1,nocount,sw128,sw128,16,16,16,0,128,0,64,none,0,none,0,4,20,3678952.0,2335.84253968254,,,,,6144,,9.193614772902716,,,0,0.0,1,bf14b28d2af4128daa99f23eec8a5e105636d0b04136f8be580fdc39d6f1f97d,; UTCHMMA=21;UTCHMMA_WS=16;UTCBAR=1;UTCATOMSWS=3;SYNCS_TRYWAIT=8;LDS=21;LDG=9;ptx_tcgen05_mma=21;ptx_tcgen05_mma_ws=16;ptx_tcgen05_commit=1;ptx_tcgen05_alloc=1;ptx_tcgen05_dealloc=1;ptx_tcgen05_ld=5;ptx_tcgen05_st=5;ptx_mbarrier_wait=5;ptx_cp_async_tma=2;ptx_ld_shared=26;ptx_ld_global=7
06_tmem_dependency,tmem_bf16_m128n64k16_c128_none_in0_rd2,1,,NVIDIA Thor,11.0,580.00,13.0,PTX ISA 9.3 / CUDA 13.0,1575.000,,,,bf16,128,64,16,32,128,106,1,discard,same,2,2,32,1,nocount,sw128,sw128,16,16,16,0,128,0,64,none,0,none,0,4,20,3678956.0,2335.845079365079,,,,,6144,,9.19360477700739,,,0,0.0,1,bf14b28d2af4128daa99f23eec8a5e105636d0b04136f8be580fdc39d6f1f97d,
06_tmem_dependency,tmem_bf16_m128n64k16_c128_none_in0_rd2,1,,NVIDIA Thor,11.0,580.00,13.0,PTX ISA 9.3 / CUDA 13.0,1575.000,,,,bf16,128,64,16,32,128,106,2,discard,same,2,2,32,1,nocount,sw128,sw128,16,16,16,0,128,0,64,none,0,none,0,4,20,3678953.0,2335.8431746031747,,,,,6144,,9.193612273926847,,,0,0.0,1,bf14b28d2af4128daa99f23eec8a5e105636d0b04136f8be580fdc39d6f1f97d,
06_tmem_dependency,tmem_bf16_m128n64k16_c128_none_in0_rd2,1,,NVIDIA Thor,11.0,580.00,13.0,PTX ISA 9.3 / CUDA 13.0,1575.000,,,,bf16,128,64,16,32,128,106,3,discard,same,2,2,32,1,nocount,sw128,sw128,16,16,16,0,128,0,64,none,0,none,0,4,20,3678954.0,2335.84380952381,,,,,6144,,9.193609774952336,,,0,0.0,1,bf14b28d2af4128daa99f23eec8a5e105636d0b04136f8be580fdc39d6f1f97d,
06_tmem_dependency,tmem_bf16_m128n64k16_c128_none_in0_rd2,1,,NVIDIA Thor,11.0,580.00,13.0,PTX ISA 9.3 / CUDA 13.0,1575.000,,,,bf16,128,64,16,32,128,106,4,discard,same,2,2,32,1,nocount,sw128,sw128,16,16,16,0,128,0,64,none,0,none,0,4,20,3678956.0,2335.845079365079,,,,,6144,,9.19360477700739,,,0,0.0,1,bf14b28d2af4128daa99f23eec8a5e105636d0b04136f8be580fdc39d6f1f97d,
06_tmem_dependency,tmem_fp16_m128n64k16_c128_none_in1_rd1,1,,NVIDIA Thor,11.0,580.00,13.0,PTX ISA 9.3 / CUDA 13.0,1575.000,,,,fp16,128,64,16,32,128,107,0,discard,same,2,1,32,1,nocount,sw128,sw128,16,16,16,0,128,0,64,none,1,none,0,4,20,3182155.0,2020.4158730158729,,,,,6144,,10.628918910612462,,,0,0.0,1,bf14b28d2af4128daa99f23eec8a5e105636d0b04136f8be580fdc39d6f1f97d,; UTCHMMA=21;UTCHMMA_WS=16;UTCBAR=1;UTCATOMSWS=3;SYNCS_TRYWAIT=8;LDS=21;LDG=9;ptx_tcgen05_mma=21;ptx_tcgen05_mma_ws=16;ptx_tcgen05_commit=1;ptx_tcgen05_alloc=1;ptx_tcgen05_dealloc=1;ptx_tcgen05_ld=5;ptx_tcgen05_st=5;ptx_mbarrier_wait=5;ptx_cp_async_tma=2;ptx_ld_shared=26;ptx_ld_global=7
06_tmem_dependency,tmem_fp16_m128n64k16_c128_none_in1_rd1,1,,NVIDIA Thor,11.0,580.00,13.0,PTX ISA 9.3 / CUDA 13.0,1575.000,,,,fp16,128,64,16,32,128,107,1,discard,same,2,1,32,1,nocount,sw128,sw128,16,16,16,0,128,0,64,none,1,none,0,4,20,3182168.0,2020.424126984127,,,,,6144,,10.62887548866056,,,0,0.0,1,bf14b28d2af4128daa99f23eec8a5e105636d0b04136f8be580fdc39d6f1f97d,
06_tmem_dependency,tmem_fp16_m128n64k16_c128_none_in1_rd1,1,,NVIDIA Thor,11.0,580.00,13.0,PTX ISA 9.3 / CUDA 13.0,1575.000,,,,fp16,128,64,16,32,128,107,2,discard,same,2,1,32,1,nocount,sw128,sw128,16,16,16,0,128,0,64,none,1,none,0,4,20,3182156.0,2020.4165079365082,,,,,6144,,10.628915570449719,,,0,0.0,1,bf14b28d2af4128daa99f23eec8a5e105636d0b04136f8be580fdc39d6f1f97d,
06_tmem_dependency,tmem_fp16_m128n64k16_c128_none_in1_rd1,1,,NVIDIA Thor,11.0,580.00,13.0,PTX ISA 9.3 / CUDA 13.0,1575.000,,,,fp16,128,64,16,32,128,107,3,discard,same,2,1,32,1,nocount,sw128,sw128,16,16,16,0,128,0,64,none,1,none,0,4,20,3182158.0,2020.417777777778,,,,,6144,,10.628908890130534,,,0,0.0,1,bf14b28d2af4128daa99f23eec8a5e105636d0b04136f8be580fdc39d6f1f97d,
06_tmem_dependency,tmem_fp16_m128n64k16_c128_none_in1_rd1,1,,NVIDIA Thor,11.0,580.00,13.0,PTX ISA 9.3 / CUDA 13.0,1575.000,,,,fp16,128,64,16,32,128,107,4,discard,same,2,1,32,1,nocount,sw128,sw128,16,16,16,0,128,0,64,none,1,none,0,4,20,3182155.0,2020.4158730158729,,,,,6144,,10.628918910612462,,,0,0.0,1,bf14b28d2af4128daa99f23eec8a5e105636d0b04136f8be580fdc39d6f1f97d,
06_tmem_dependency,tmem_bf16_m128n256k16_c512_none_in0_rd1,1,,NVIDIA Thor,11.0,580.00,13.0,PTX ISA 9.3 / CUDA 13.0,1575.000,,,,bf16,128,256,16,32,128,108,0,discard,same,2,1,32,1,nocount,sw128,sw128,16,16,16,0,512,0,256,none,0,none,0,4,20,3181543.0,2020.0273015873017,,,,,12288,,42.52385393628186,,,0,0.0,1,bf14b28d2af4128daa99f23eec8a5e105636d0b04136f8be580fdc39d6f1f97d,; UTCHMMA=21;UTCHMMA_WS=16;UTCBAR=1;UTCATOMSWS=3;SYNCS_TRYWAIT=8;LDS=21;LDG=9;ptx_tcgen05_mma=21;ptx_tcgen05_mma_ws=16;ptx_tcgen05_commit=1;ptx_tcgen05_alloc=1;ptx_tcgen05_dealloc=1;ptx_tcgen05_ld=5;ptx_tcgen05_st=5;ptx_mbarrier_wait=5;ptx_cp_async_tma=2;ptx_ld_shared=26;ptx_ld_global=7
06_tmem_dependency,tmem_bf16_m128n256k16_c512_none_in0_rd1,1,,NVIDIA Thor,11.0,580.00,13.0,PTX ISA 9.3 / CUDA 13.0,1575.000,,,,bf16,128,256,16,32,128,108,1,discard,same,2,1,32,1,nocount,sw128,sw128,16,16,16,0,512,0,256,none,0,none,0,4,20,3181542.0,2020.0266666666666,,,,,12288,,42.52386730208182,,,0,0.0,1,bf14b28d2af4128daa99f23eec8a5e105636d0b04136f8be580fdc39d6f1f97d,
06_tmem_dependency,tmem_bf16_m128n256k16_c512_none_in0_rd1,1,,NVIDIA Thor,11.0,580.00,13.0,PTX ISA 9.3 / CUDA 13.0,1575.000,,,,bf16,128,256,16,32,128,108,2,discard,same,2,1,32,1,nocount,sw128,sw128,16,16,16,0,512,0,256,none,0,none,0,4,20,3181545.0,2020.0285714285712,,,,,12288,,42.523827204707146,,,0,0.0,1,bf14b28d2af4128daa99f23eec8a5e105636d0b04136f8be580fdc39d6f1f97d,
06_tmem_dependency,tmem_bf16_m128n256k16_c512_none_in0_rd1,1,,NVIDIA Thor,11.0,580.00,13.0,PTX ISA 9.3 / CUDA 13.0,1575.000,,,,bf16,128,256,16,32,128,108,3,discard,same,2,1,32,1,nocount,sw128,sw128,16,16,16,0,512,0,256,none,0,none,0,4,20,3181551.0,2020.032380952381,,,,,12288,,42.52374701018466,,,0,0.0,1,bf14b28d2af4128daa99f23eec8a5e105636d0b04136f8be580fdc39d6f1f97d,
06_tmem_dependency,tmem_bf16_m128n256k16_c512_none_in0_rd1,1,,NVIDIA Thor,11.0,580.00,13.0,PTX ISA 9.3 / CUDA 13.0,1575.000,,,,bf16,128,256,16,32,128,108,4,discard,same,2,1,32,1,nocount,sw128,sw128,16,16,16,0,512,0,256,none,0,none,0,4,20,3181787.0,2020.1822222222222,,,,,12288,,42.52059293221073,,,0,0.0,1,bf14b28d2af4128daa99f23eec8a5e105636d0b04136f8be580fdc39d6f1f97d,
06_tmem_dependency,tmem_fp16_m128n128k16_c256_partial_in0_rd2,1,,NVIDIA Thor,11.0,580.00,13.0,PTX ISA 9.3 / CUDA 13.0,1575.000,,,,fp16,128,128,16,32,128,109,0,discard,same,1,2,32,1,nocount,sw128,sw128,16,16,16,0,256,0,64,partial,0,none,0,4,20,3679001.0,2335.873650793651,,,,,8192,,18.386984649365413,,,0,0.0,1,bf14b28d2af4128daa99f23eec8a5e105636d0b04136f8be580fdc39d6f1f97d,; UTCHMMA=21;UTCHMMA_WS=16;UTCBAR=1;UTCATOMSWS=3;SYNCS_TRYWAIT=8;LDS=21;LDG=9;ptx_tcgen05_mma=21;ptx_tcgen05_mma_ws=16;ptx_tcgen05_commit=1;ptx_tcgen05_alloc=1;ptx_tcgen05_dealloc=1;ptx_tcgen05_ld=5;ptx_tcgen05_st=5;ptx_mbarrier_wait=5;ptx_cp_async_tma=2;ptx_ld_shared=26;ptx_ld_global=7
06_tmem_dependency,tmem_fp16_m128n128k16_c256_partial_in0_rd2,1,,NVIDIA Thor,11.0,580.00,13.0,PTX ISA 9.3 / CUDA 13.0,1575.000,,,,fp16,128,128,16,32,128,109,1,discard,same,1,2,32,1,nocount,sw128,sw128,16,16,16,0,256,0,64,partial,0,none,0,4,20,3678987.0,2335.864761904762,,,,,8192,,18.387054619111183,,,0,0.0,1,bf14b28d2af4128daa99f23eec8a5e105636d0b04136f8be580fdc39d6f1f97d,
06_tmem_dependency,tmem_fp16_m128n128k16_c256_partial_in0_rd2,1,,NVIDIA Thor,11.0,580.00,13.0,PTX ISA 9.3 / CUDA 13.0,1575.000,,,,fp16,128,128,16,32,128,109,2,discard,same,1,2,32,1,nocount,sw128,sw128,16,16,16,0,256,0,64,partial,0,none,0,4,20,3678987.0,2335.864761904762,,,,,8192,,18.387054619111183,,,0,0.0,1,bf14b28d2af4128daa99f23eec8a5e105636d0b04136f8be580fdc39d6f1f97d,
06_tmem_dependency,tmem_fp16_m128n128k16_c256_partial_in0_rd2,1,,NVIDIA Thor,11.0,580.00,13.0,PTX ISA 9.3 / CUDA 13.0,1575.000,,,,fp16,128,128,16,32,128,109,3,discard,same,1,2,32,1,nocount,sw128,sw128,16,16,16,0,256,0,64,partial,0,none,0,4,20,3678982.0,2335.8615873015874,,,,,8192,,18.38707960843516,,,0,0.0,1,bf14b28d2af4128daa99f23eec8a5e105636d0b04136f8be580fdc39d6f1f97d,
06_tmem_dependency,tmem_fp16_m128n128k16_c256_partial_in0_rd2,1,,NVIDIA Thor,11.0,580.00,13.0,PTX ISA 9.3 / CUDA 13.0,1575.000,,,,fp16,128,128,16,32,128,109,4,discard,same,1,2,32,1,nocount,sw128,sw128,16,16,16,0,256,0,64,partial,0,none,0,4,20,3678960.0,2335.847619047619,,,,,8192,,18.387189562267597,,,0,0.0,1,bf14b28d2af4128daa99f23eec8a5e105636d0b04136f8be580fdc39d6f1f97d,
06_tmem_dependency,tmem_fp16_m128n256k16_c512_partial_in0_rd2,1,,NVIDIA Thor,11.0,580.00,13.0,PTX ISA 9.3 / CUDA 13.0,1575.000,,,,fp16,128,256,16,32,128,110,0,discard,same,1,2,32,1,nocount,sw128,sw128,16,16,16,0,512,0,128,partial,0,none,0,4,20,3678177.0,2335.3504761904765,,,,,12288,,36.78220755118636,,,0,0.0,1,bf14b28d2af4128daa99f23eec8a5e105636d0b04136f8be580fdc39d6f1f97d,; UTCHMMA=21;UTCHMMA_WS=16;UTCBAR=1;UTCATOMSWS=3;SYNCS_TRYWAIT=8;LDS=21;LDG=9;ptx_tcgen05_mma=21;ptx_tcgen05_mma_ws=16;ptx_tcgen05_commit=1;ptx_tcgen05_alloc=1;ptx_tcgen05_dealloc=1;ptx_tcgen05_ld=5;ptx_tcgen05_st=5;ptx_mbarrier_wait=5;ptx_cp_async_tma=2;ptx_ld_shared=26;ptx_ld_global=7
06_tmem_dependency,tmem_fp16_m128n256k16_c512_partial_in0_rd2,1,,NVIDIA Thor,11.0,580.00,13.0,PTX ISA 9.3 / CUDA 13.0,1575.000,,,,fp16,128,256,16,32,128,110,1,discard,same,1,2,32,1,nocount,sw128,sw128,16,16,16,0,512,0,128,partial,0,none,0,4,20,3678179.0,2335.351746031746,,,,,12288,,36.78218755095932,,,0,0.0,1,bf14b28d2af4128daa99f23eec8a5e105636d0b04136f8be580fdc39d6f1f97d,
06_tmem_dependency,tmem_fp16_m128n256k16_c512_partial_in0_rd2,1,,NVIDIA Thor,11.0,580.00,13.0,PTX ISA 9.3 / CUDA 13.0,1575.000,,,,fp16,128,256,16,32,128,110,2,discard,same,1,2,32,1,nocount,sw128,sw128,16,16,16,0,512,0,128,partial,0,none,0,4,20,3678185.0,2335.3555555555554,,,,,12288,,36.782127550408696,,,0,0.0,1,bf14b28d2af4128daa99f23eec8a5e105636d0b04136f8be580fdc39d6f1f97d,
06_tmem_dependency,tmem_fp16_m128n256k16_c512_partial_in0_rd2,1,,NVIDIA Thor,11.0,580.00,13.0,PTX ISA 9.3 / CUDA 13.0,1575.000,,,,fp16,128,256,16,32,128,110,3,discard,same,1,2,32,1,nocount,sw128,sw128,16,16,16,0,512,0,128,partial,0,none,0,4,20,3678179.0,2335.351746031746,,,,,12288,,36.78218755095932,,,0,0.0,1,bf14b28d2af4128daa99f23eec8a5e105636d0b04136f8be580fdc39d6f1f97d,
06_tmem_dependency,tmem_fp16_m128n256k16_c512_partial_in0_rd2,1,,NVIDIA Thor,11.0,580.00,13.0,PTX ISA 9.3 / CUDA 13.0,1575.000,,,,fp16,128,256,16,32,128,110,4,discard,same,1,2,32,1,nocount,sw128,sw128,16,16,16,0,512,0,128,partial,0,none,0,4,20,3678183.0,2335.3542857142857,,,,,12288,,36.782147550570485,,,0,0.0,1,bf14b28d2af4128daa99f23eec8a5e105636d0b04136f8be580fdc39d6f1f97d,
06_tmem_dependency,tmem_fp16_m128n64k16_c256_partial_in0_rd2,1,,NVIDIA Thor,11.0,580.00,13.0,PTX ISA 9.3 / CUDA 13.0,1575.000,,,,fp16,128,64,16,32,128,111,0,discard,same,1,2,32,1,nocount,sw128,sw128,16,16,16,0,256,0,32,partial,0,none,0,4,20,3678963.0,2335.849523809524,,,,,6144,,9.193587284242872,,,0,0.0,1,bf14b28d2af4128daa99f23eec8a5e105636d0b04136f8be580fdc39d6f1f97d,; UTCHMMA=21;UTCHMMA_WS=16;UTCBAR=1;UTCATOMSWS=3;SYNCS_TRYWAIT=8;LDS=21;LDG=9;ptx_tcgen05_mma=21;ptx_tcgen05_mma_ws=16;ptx_tcgen05_commit=1;ptx_tcgen05_alloc=1;ptx_tcgen05_dealloc=1;ptx_tcgen05_ld=5;ptx_tcgen05_st=5;ptx_mbarrier_wait=5;ptx_cp_async_tma=2;ptx_ld_shared=26;ptx_ld_global=7
06_tmem_dependency,tmem_fp16_m128n64k16_c256_partial_in0_rd2,1,,NVIDIA Thor,11.0,580.00,13.0,PTX ISA 9.3 / CUDA 13.0,1575.000,,,,fp16,128,64,16,32,128,111,1,discard,same,1,2,32,1,nocount,sw128,sw128,16,16,16,0,256,0,32,partial,0,none,0,4,20,3678953.0,2335.8431746031747,,,,,6144,,9.193612273926847,,,0,0.0,1,bf14b28d2af4128daa99f23eec8a5e105636d0b04136f8be580fdc39d6f1f97d,
06_tmem_dependency,tmem_fp16_m128n64k16_c256_partial_in0_rd2,1,,NVIDIA Thor,11.0,580.00,13.0,PTX ISA 9.3 / CUDA 13.0,1575.000,,,,fp16,128,64,16,32,128,111,2,discard,same,1,2,32,1,nocount,sw128,sw128,16,16,16,0,256,0,32,partial,0,none,0,4,20,3678956.0,2335.845079365079,,,,,6144,,9.19360477700739,,,0,0.0,1,bf14b28d2af4128daa99f23eec8a5e105636d0b04136f8be580fdc39d6f1f97d,
06_tmem_dependency,tmem_fp16_m128n64k16_c256_partial_in0_rd2,1,,NVIDIA Thor,11.0,580.00,13.0,PTX ISA 9.3 / CUDA 13.0,1575.000,,,,fp16,128,64,16,32,128,111,3,discard,same,1,2,32,1,nocount,sw128,sw128,16,16,16,0,256,0,32,partial,0,none,0,4,20,3678957.0,2335.845714285714,,,,,6144,,9.193602278036956,,,0,0.0,1,bf14b28d2af4128daa99f23eec8a5e105636d0b04136f8be580fdc39d6f1f97d,
06_tmem_dependency,tmem_fp16_m128n64k16_c256_partial_in0_rd2,1,,NVIDIA Thor,11.0,580.00,13.0,PTX ISA 9.3 / CUDA 13.0,1575.000,,,,fp16,128,64,16,32,128,111,4,discard,same,1,2,32,1,nocount,sw128,sw128,16,16,16,0,256,0,32,partial,0,none,0,4,20,3678956.0,2335.845079365079,,,,,6144,,9.19360477700739,,,0,0.0,1,bf14b28d2af4128daa99f23eec8a5e105636d0b04136f8be580fdc39d6f1f97d,
06_tmem_dependency,tmem_bf16_m128n128k16_c512_partial_in1_rd2,1,,NVIDIA Thor,11.0,580.00,13.0,PTX ISA 9.3 / CUDA 13.0,1575.000,,,,bf16,128,128,16,32,128,112,0,discard,same,1,2,32,1,nocount,sw128,sw128,16,16,16,0,512,0,64,partial,1,none,0,4,20,3678996.0,2335.8704761904764,,,,,8192,,18.387009638499197,,,0,0.0,1,bf14b28d2af4128daa99f23eec8a5e105636d0b04136f8be580fdc39d6f1f97d,; UTCHMMA=21;UTCHMMA_WS=16;UTCBAR=1;UTCATOMSWS=3;SYNCS_TRYWAIT=8;LDS=21;LDG=9;ptx_tcgen05_mma=21;ptx_tcgen05_mma_ws=16;ptx_tcgen05_commit=1;ptx_tcgen05_alloc=1;ptx_tcgen05_dealloc=1;ptx_tcgen05_ld=5;ptx_tcgen05_st=5;ptx_mbarrier_wait=5;ptx_cp_async_tma=2;ptx_ld_shared=26;ptx_ld_global=7
06_tmem_dependency,tmem_bf16_m128n128k16_c512_partial_in1_rd2,1,,NVIDIA Thor,11.0,580.00,13.0,PTX ISA 9.3 / CUDA 13.0,1575.000,,,,bf16,128,128,16,32,128,112,1,discard,same,1,2,32,1,nocount,sw128,sw128,16,16,16,0,512,0,64,partial,1,none,0,4,20,3678999.0,2335.872380952381,,,,,8192,,18.386994645010777,,,0,0.0,1,bf14b28d2af4128daa99f23eec8a5e105636d0b04136f8be580fdc39d6f1f97d,
06_tmem_dependency,tmem_bf16_m128n128k16_c512_partial_in1_rd2,1,,NVIDIA Thor,11.0,580.00,13.0,PTX ISA 9.3 / CUDA 13.0,1575.000,,,,bf16,128,128,16,32,128,112,2,discard,same,1,2,32,1,nocount,sw128,sw128,16,16,16,0,512,0,64,partial,1,none,0,4,20,3678962.0,2335.8488888888887,,,,,8192,,18.387179566410307,,,0,0.0,1,bf14b28d2af4128daa99f23eec8a5e105636d0b04136f8be580fdc39d6f1f97d,
06_tmem_dependency,tmem_bf16_m128n128k16_c512_partial_in1_rd2,1,,NVIDIA Thor,11.0,580.00,13.0,PTX ISA 9.3 / CUDA 13.0,1575.000,,,,bf16,128,128,16,32,128,112,3,discard,same,1,2,32,1,nocount,sw128,sw128,16,16,16,0,512,0,64,partial,1,none,0,4,20,3678996.0,2335.8704761904764,,,,,8192,,18.387009638499197,,,0,0.0,1,bf14b28d2af4128daa99f23eec8a5e105636d0b04136f8be580fdc39d6f1f97d,
06_tmem_dependency,tmem_bf16_m128n128k16_c512_partial_in1_rd2,1,,NVIDIA Thor,11.0,580.00,13.0,PTX ISA 9.3 / CUDA 13.0,1575.000,,,,bf16,128,128,16,32,128,112,4,discard,same,1,2,32,1,nocount,sw128,sw128,16,16,16,0,512,0,64,partial,1,none,0,4,20,3678960.0,2335.847619047619,,,,,8192,,18.387189562267597,,,0,0.0,1,bf14b28d2af4128daa99f23eec8a5e105636d0b04136f8be580fdc39d6f1f97d,
06_tmem_dependency,tmem_bf16_m128n128k16_c256_partial_in0_rd1,1,,NVIDIA Thor,11.0,580.00,13.0,PTX ISA 9.3 / CUDA 13.0,1575.000,,,,bf16,128,128,16,32,128,113,0,discard,same,1,1,32,1,nocount,sw128,sw128,16,16,16,0,256,0,64,partial,0,none,0,4,20,3181149.0,2019.7771428571427,,,,,8192,,21.264560356022304,,,0,0.0,1,bf14b28d2af4128daa99f23eec8a5e105636d0b04136f8be580fdc39d6f1f97d,; UTCHMMA=21;UTCHMMA_WS=16;UTCBAR=1;UTCATOMSWS=3;SYNCS_TRYWAIT=8;LDS=21;LDG=9;ptx_tcgen05_mma=21;ptx_tcgen05_mma_ws=16;ptx_tcgen05_commit=1;ptx_tcgen05_alloc=1;ptx_tcgen05_dealloc=1;ptx_tcgen05_ld=5;ptx_tcgen05_st=5;ptx_mbarrier_wait=5;ptx_cp_async_tma=2;ptx_ld_shared=26;ptx_ld_global=7
06_tmem_dependency,tmem_bf16_m128n128k16_c256_partial_in0_rd1,1,,NVIDIA Thor,11.0,580.00,13.0,PTX ISA 9.3 / CUDA 13.0,1575.000,,,,bf16,128,128,16,32,128,113,1,discard,same,1,1,32,1,nocount,sw128,sw128,16,16,16,0,256,0,64,partial,0,none,0,4,20,3181151.0,2019.7784126984127,,,,,8192,,21.264546986923918,,,0,0.0,1,bf14b28d2af4128daa99f23eec8a5e105636d0b04136f8be580fdc39d6f1f97d,
06_tmem_dependency,tmem_bf16_m128n128k16_c256_partial_in0_rd1,1,,NVIDIA Thor,11.0,580.00,13.0,PTX ISA 9.3 / CUDA 13.0,1575.000,,,,bf16,128,128,16,32,128,113,2,discard,same,1,1,32,1,nocount,sw128,sw128,16,16,16,0,256,0,64,partial,0,none,0,4,20,3181152.0,2019.7790476190478,,,,,8192,,21.26454030238102,,,0,0.0,1,bf14b28d2af4128daa99f23eec8a5e105636d0b04136f8be580fdc39d6f1f97d,
06_tmem_dependency,tmem_bf16_m128n128k16_c256_partial_in0_rd1,1,,NVIDIA Thor,11.0,580.00,13.0,PTX ISA 9.3 / CUDA 13.0,1575.000,,,,bf16,128,128,16,32,128,113,3,discard,same,1,1,32,1,nocount,sw128,sw128,16,16,16,0,256,0,64,partial,0,none,0,4,20,3181521.0,2020.0133333333333,,,,,8192,,21.26207399291094,,,0,0.0,1,bf14b28d2af4128daa99f23eec8a5e105636d0b04136f8be580fdc39d6f1f97d,
06_tmem_dependency,tmem_bf16_m128n128k16_c256_partial_in0_rd1,1,,NVIDIA Thor,11.0,580.00,13.0,PTX ISA 9.3 / CUDA 13.0,1575.000,,,,bf16,128,128,16,32,128,113,4,discard,same,1,1,32,1,nocount,sw128,sw128,16,16,16,0,256,0,64,partial,0,none,0,4,20,3181154.0,2019.7803174603173,,,,,8192,,21.264526933307852,,,0,0.0,1,bf14b28d2af4128daa99f23eec8a5e105636d0b04136f8be580fdc39d6f1f97d,
06_tmem_dependency,tmem_bf16_m128n64k16_c256_partial_in0_rd2,1,,NVIDIA Thor,11.0,580.00,13.0,PTX ISA 9.3 / CUDA 13.0,1575.000,,,,bf16,128,64,16,32,128,114,0,discard,same,1,2,32,1,nocount,sw128,sw128,16,16,16,0,256,0,32,partial,0,none,0,4,20,3678958.0,2335.8463492063493,,,,,6144,,9.193599779067878,,,0,0.0,1,bf14b28d2af4128daa99f23eec8a5e105636d0b04136f8be580fdc39d6f1f97d,; UTCHMMA=21;UTCHMMA_WS=16;UTCBAR=1;UTCATOMSWS=3;SYNCS_TRYWAIT=8;LDS=21;LDG=9;ptx_tcgen05_mma=21;ptx_tcgen05_mma_ws=16;ptx_tcgen05_commit=1;ptx_tcgen05_alloc=1;ptx_tcgen05_dealloc=1;ptx_tcgen05_ld=5;ptx_tcgen05_st=5;ptx_mbarrier_wait=5;ptx_cp_async_tma=2;ptx_ld_shared=26;ptx_ld_global=7
06_tmem_dependency,tmem_bf16_m128n64k16_c256_partial_in0_rd2,1,,NVIDIA Thor,11.0,580.00,13.0,PTX ISA 9.3 / CUDA 13.0,1575.000,,,,bf16,128,64,16,32,128,114,1,discard,same,1,2,32,1,nocount,sw128,sw128,16,16,16,0,256,0,32,partial,0,none,0,4,20,3678956.0,2335.845079365079,,,,,6144,,9.19360477700739,,,0,0.0,1,bf14b28d2af4128daa99f23eec8a5e105636d0b04136f8be580fdc39d6f1f97d,
06_tmem_dependency,tmem_bf16_m128n64k16_c256_partial_in0_rd2,1,,NVIDIA Thor,11.0,580.00,13.0,PTX ISA 9.3 / CUDA 13.0,1575.000,,,,bf16,128,64,16,32,128,114,2,discard,same,1,2,32,1,nocount,sw128,sw128,16,16,16,0,256,0,32,partial,0,none,0,4,20,3678955.0,2335.8444444444444,,,,,6144,,9.193607275979184,,,0,0.0,1,bf14b28d2af4128daa99f23eec8a5e105636d0b04136f8be580fdc39d6f1f97d,
06_tmem_dependency,tmem_bf16_m128n64k16_c256_partial_in0_rd2,1,,NVIDIA Thor,11.0,580.00,13.0,PTX ISA 9.3 / CUDA 13.0,1575.000,,,,bf16,128,64,16,32,128,114,3,discard,same,1,2,32,1,nocount,sw128,sw128,16,16,16,0,256,0,32,partial,0,none,0,4,20,3678957.0,2335.845714285714,,,,,6144,,9.193602278036956,,,0,0.0,1,bf14b28d2af4128daa99f23eec8a5e105636d0b04136f8be580fdc39d6f1f97d,
06_tmem_dependency,tmem_bf16_m128n64k16_c256_partial_in0_rd2,1,,NVIDIA Thor,11.0,580.00,13.0,PTX ISA 9.3 / CUDA 13.0,1575.000,,,,bf16,128,64,16,32,128,114,4,discard,same,1,2,32,1,nocount,sw128,sw128,16,16,16,0,256,0,32,partial,0,none,0,4,20,3678962.0,2335.8488888888887,,,,,6144,,9.193589783205153,,,0,0.0,1,bf14b28d2af4128daa99f23eec8a5e105636d0b04136f8be580fdc39d6f1f97d,
06_tmem_dependency,tmem_fp16_m128n128k16_c128_none_in1_rd1,1,,NVIDIA Thor,11.0,580.00,13.0,PTX ISA 9.3 / CUDA 13.0,1575.000,,,,fp16,128,128,16,32,128,115,0,discard,same,1,1,32,1,nocount,sw128,sw128,16,16,16,0,128,0,128,none,1,none,0,4,20,3181156.0,2019.7815873015873,,,,,8192,,21.264513564251487,,,0,0.0,1,bf14b28d2af4128daa99f23eec8a5e105636d0b04136f8be580fdc39d6f1f97d,; UTCHMMA=21;UTCHMMA_WS=16;UTCBAR=1;UTCATOMSWS=3;SYNCS_TRYWAIT=8;LDS=21;LDG=9;ptx_tcgen05_mma=21;ptx_tcgen05_mma_ws=16;ptx_tcgen05_commit=1;ptx_tcgen05_alloc=1;ptx_tcgen05_dealloc=1;ptx_tcgen05_ld=5;ptx_tcgen05_st=5;ptx_mbarrier_wait=5;ptx_cp_async_tma=2;ptx_ld_shared=26;ptx_ld_global=7
06_tmem_dependency,tmem_fp16_m128n128k16_c128_none_in1_rd1,1,,NVIDIA Thor,11.0,580.00,13.0,PTX ISA 9.3 / CUDA 13.0,1575.000,,,,fp16,128,128,16,32,128,115,1,discard,same,1,1,32,1,nocount,sw128,sw128,16,16,16,0,128,0,128,none,1,none,0,4,20,3181153.0,2019.7796825396824,,,,,8192,,21.264533617842336,,,0,0.0,1,bf14b28d2af4128daa99f23eec8a5e105636d0b04136f8be580fdc39d6f1f97d,
06_tmem_dependency,tmem_fp16_m128n128k16_c128_none_in1_rd1,1,,NVIDIA Thor,11.0,580.00,13.0,PTX ISA 9.3 / CUDA 13.0,1575.000,,,,fp16,128,128,16,32,128,115,2,discard,same,1,1,32,1,nocount,sw128,sw128,16,16,16,0,128,0,128,none,1,none,0,4,20,3181150.0,2019.7777777777778,,,,,8192,,21.264553671471006,,,0,0.0,1,bf14b28d2af4128daa99f23eec8a5e105636d0b04136f8be580fdc39d6f1f97d,
06_tmem_dependency,tmem_fp16_m128n128k16_c128_none_in1_rd1,1,,NVIDIA Thor,11.0,580.00,13.0,PTX ISA 9.3 / CUDA 13.0,1575.000,,,,fp16,128,128,16,32,128,115,3,discard,same,1,1,32,1,nocount,sw128,sw128,16,16,16,0,128,0,128,none,1,none,0,4,20,3181525.0,2020.0158730158732,,,,,8192,,21.262047260983334,,,0,0.0,1,bf14b28d2af4128daa99f23eec8a5e105636d0b04136f8be580fdc39d6f1f97d,
06_tmem_dependency,tmem_fp16_m128n128k16_c128_none_in1_rd1,1,,NVIDIA Thor,11.0,580.00,13.0,PTX ISA 9.3 / CUDA 13.0,1575.000,,,,fp16,128,128,16,32,128,115,4,discard,same,1,1,32,1,nocount,sw128,sw128,16,16,16,0,128,0,128,none,1,none,0,4,20,3181151.0,2019.7784126984127,,,,,8192,,21.264546986923918,,,0,0.0,1,bf14b28d2af4128daa99f23eec8a5e105636d0b04136f8be580fdc39d6f1f97d,
06_tmem_dependency,tmem_bf16_m128n64k16_c256_partial_in1_rd4,1,,NVIDIA Thor,11.0,580.00,13.0,PTX ISA 9.3 / CUDA 13.0,1575.000,,,,bf16,128,64,16,32,128,116,0,discard,same,1,4,32,1,nocount,sw128,sw128,16,16,16,0,256,0,32,partial,1,none,0,4,20,3678618.0,2335.630476190476,,,,,6144,,9.194449506852843,,,0,0.0,1,bf14b28d2af4128daa99f23eec8a5e105636d0b04136f8be580fdc39d6f1f97d,; UTCHMMA=21;UTCHMMA_WS=16;UTCBAR=1;UTCATOMSWS=3;SYNCS_TRYWAIT=8;LDS=21;LDG=9;ptx_tcgen05_mma=21;ptx_tcgen05_mma_ws=16;ptx_tcgen05_commit=1;ptx_tcgen05_alloc=1;ptx_tcgen05_dealloc=1;ptx_tcgen05_ld=5;ptx_tcgen05_st=5;ptx_mbarrier_wait=5;ptx_cp_async_tma=2;ptx_ld_shared=26;ptx_ld_global=7
06_tmem_dependency,tmem_bf16_m128n64k16_c256_partial_in1_rd4,1,,NVIDIA Thor,11.0,580.00,13.0,PTX ISA 9.3 / CUDA 13.0,1575.000,,,,bf16,128,64,16,32,128,116,1,discard,same,1,4,32,1,nocount,sw128,sw128,16,16,16,0,256,0,32,partial,1,none,0,4,20,3678580.0,2335.606349206349,,,,,6144,,9.194544486187606,,,0,0.0,1,bf14b28d2af4128daa99f23eec8a5e105636d0b04136f8be580fdc39d6f1f97d,
06_tmem_dependency,tmem_bf16_m128n64k16_c256_partial_in1_rd4,1,,NVIDIA Thor,11.0,580.00,13.0,PTX ISA 9.3 / CUDA 13.0,1575.000,,,,bf16,128,64,16,32,128,116,2,discard,same,1,4,32,1,nocount,sw128,sw128,16,16,16,0,256,0,32,partial,1,none,0,4,20,3678620.0,2335.631746031746,,,,,6144,,9.194444507994845,,,0,0.0,1,bf14b28d2af4128daa99f23eec8a5e105636d0b04136f8be580fdc39d6f1f97d,
06_tmem_dependency,tmem_bf16_m128n64k16_c256_partial_in1_rd4,1,,NVIDIA Thor,11.0,580.00,13.0,PTX ISA 9.3 / CUDA 13.0,1575.000,,,,bf16,128,64,16,32,128,116,3,discard,same,1,4,32,1,nocount,sw128,sw128,16,16,16,0,256,0,32,partial,1,none,0,4,20,3678582.0,2335.607619047619,,,,,6144,,9.194539487226328,,,0,0.0,1,bf14b28d2af4128daa99f23eec8a5e105636d0b04136f8be580fdc39d6f1f97d,
06_tmem_dependency,tmem_bf16_m128n64k16_c256_partial_in1_rd4,1,,NVIDIA Thor,11.0,580.00,13.0,PTX ISA 9.3 / CUDA 13.0,1575.000,,,,bf16,128,64,16,32,128,116,4,discard,same,1,4,32,1,nocount,sw128,sw128,16,16,16,0,256,0,32,partial,1,none,0,4,20,3678591.0,2335.6133333333332,,,,,6144,,9.194516991967848,,,0,0.0,1,bf14b28d2af4128daa99f23eec8a5e105636d0b04136f8be580fdc39d6f1f97d,
06_tmem_dependency,tmem_fp16_m128n64k16_c512_none_in0_rd8,1,,NVIDIA Thor,11.0,580.00,13.0,PTX ISA 9.3 / CUDA 13.0,1575.000,,,,fp16,128,64,16,32,128,117,0,discard,same,8,8,32,1,nocount,sw128,sw128,16,16,16,0,512,0,64,none,0,none,0,4,20,3678619.0,2335.6311111111113,,,,,6144,,9.194447007423166,,,0,0.0,1,bf14b28d2af4128daa99f23eec8a5e105636d0b04136f8be580fdc39d6f1f97d,; UTCHMMA=21;UTCHMMA_WS=16;UTCBAR=1;UTCATOMSWS=3;SYNCS_TRYWAIT=8;LDS=21;LDG=9;ptx_tcgen05_mma=21;ptx_tcgen05_mma_ws=16;ptx_tcgen05_commit=1;ptx_tcgen05_alloc=1;ptx_tcgen05_dealloc=1;ptx_tcgen05_ld=5;ptx_tcgen05_st=5;ptx_mbarrier_wait=5;ptx_cp_async_tma=2;ptx_ld_shared=26;ptx_ld_global=7
06_tmem_dependency,tmem_fp16_m128n64k16_c512_none_in0_rd8,1,,NVIDIA Thor,11.0,580.00,13.0,PTX ISA 9.3 / CUDA 13.0,1575.000,,,,fp16,128,64,16,32,128,117,1,discard,same,8,8,32,1,nocount,sw128,sw128,16,16,16,0,512,0,64,none,0,none,0,4,20,3678583.0,2335.608253968254,,,,,6144,,9.194536987747728,,,0,0.0,1,bf14b28d2af4128daa99f23eec8a5e105636d0b04136f8be580fdc39d6f1f97d,
06_tmem_dependency,tmem_fp16_m128n64k16_c512_none_in0_rd8,1,,NVIDIA Thor,11.0,580.00,13.0,PTX ISA 9.3 / CUDA 13.0,1575.000,,,,fp16,128,64,16,32,128,117,2,discard,same,8,8,32,1,nocount,sw128,sw128,16,16,16,0,512,0,64,none,0,none,0,4,20,3678580.0,2335.606349206349,,,,,6144,,9.194544486187606,,,0,0.0,1,bf14b28d2af4128daa99f23eec8a5e105636d0b04136f8be580fdc39d6f1f97d,
06_tmem_dependency,tmem_fp16_m128n64k16_c512_none_in0_rd8,1,,NVIDIA Thor,11.0,580.00,13.0,PTX ISA 9.3 / CUDA 13.0,1575.000,,,,fp16,128,64,16,32,128,117,3,discard,same,8,8,32,1,nocount,sw128,sw128,16,16,16,0,512,0,64,none,0,none,0,4,20,3678580.0,2335.606349206349,,,,,6144,,9.194544486187606,,,0,0.0,1,bf14b28d2af4128daa99f23eec8a5e105636d0b04136f8be580fdc39d6f1f97d,
06_tmem_dependency,tmem_fp16_m128n64k16_c512_none_in0_rd8,1,,NVIDIA Thor,11.0,580.00,13.0,PTX ISA 9.3 / CUDA 13.0,1575.000,,,,fp16,128,64,16,32,128,117,4,discard,same,8,8,32,1,nocount,sw128,sw128,16,16,16,0,512,0,64,none,0,none,0,4,20,3678582.0,2335.607619047619,,,,,6144,,9.194539487226328,,,0,0.0,1,bf14b28d2af4128daa99f23eec8a5e105636d0b04136f8be580fdc39d6f1f97d,
06_tmem_dependency,tmem_fp16_m128n256k16_c512_none_in0_rd2,1,,NVIDIA Thor,11.0,580.00,13.0,PTX ISA 9.3 / CUDA 13.0,1575.000,,,,fp16,128,256,16,32,128,118,0,discard,same,2,2,32,1,nocount,sw128,sw128,16,16,16,0,512,0,256,none,0,none,0,4,20,3678183.0,2335.3542857142857,,,,,12288,,36.782147550570485,,,0,0.0,1,bf14b28d2af4128daa99f23eec8a5e105636d0b04136f8be580fdc39d6f1f97d,; UTCHMMA=21;UTCHMMA_WS=16;UTCBAR=1;UTCATOMSWS=3;SYNCS_TRYWAIT=8;LDS=21;LDG=9;ptx_tcgen05_mma=21;ptx_tcgen05_mma_ws=16;ptx_tcgen05_commit=1;ptx_tcgen05_alloc=1;ptx_tcgen05_dealloc=1;ptx_tcgen05_ld=5;ptx_tcgen05_st=5;ptx_mbarrier_wait=5;ptx_cp_async_tma=2;ptx_ld_shared=26;ptx_ld_global=7
06_tmem_dependency,tmem_fp16_m128n256k16_c512_none_in0_rd2,1,,NVIDIA Thor,11.0,580.00,13.0,PTX ISA 9.3 / CUDA 13.0,1575.000,,,,fp16,128,256,16,32,128,118,1,discard,same,2,2,32,1,nocount,sw128,sw128,16,16,16,0,512,0,256,none,0,none,0,4,20,3678182.0,2335.353650793651,,,,,12288,,36.78215755065954,,,0,0.0,1,bf14b28d2af4128daa99f23eec8a5e105636d0b04136f8be580fdc39d6f1f97d,
06_tmem_dependency,tmem_fp16_m128n256k16_c512_none_in0_rd2,1,,NVIDIA Thor,11.0,580.00,13.0,PTX ISA 9.3 / CUDA 13.0,1575.000,,,,fp16,128,256,16,32,128,118,2,discard,same,2,2,32,1,nocount,sw128,sw128,16,16,16,0,512,0,256,none,0,none,0,4,20,3678179.0,2335.351746031746,,,,,12288,,36.78218755095932,,,0,0.0,1,bf14b28d2af4128daa99f23eec8a5e105636d0b04136f8be580fdc39d6f1f97d,
06_tmem_dependency,tmem_fp16_m128n256k16_c512_none_in0_rd2,1,,NVIDIA Thor,11.0,580.00,13.0,PTX ISA 9.3 / CUDA 13.0,1575.000,,,,fp16,128,256,16,32,128,118,3,discard,same,2,2,32,1,nocount,sw128,sw128,16,16,16,0,512,0,256,none,0,none,0,4,20,3678189.0,2335.3580952380953,,,,,12288,,36.78208755015036,,,0,0.0,1,bf14b28d2af4128daa99f23eec8a5e105636d0b04136f8be580fdc39d6f1f97d,
06_tmem_dependency,tmem_fp16_m128n256k16_c512_none_in0_rd2,1,,NVIDIA Thor,11.0,580.00,13.0,PTX ISA 9.3 / CUDA 13.0,1575.000,,,,fp16,128,256,16,32,128,118,4,discard,same,2,2,32,1,nocount,sw128,sw128,16,16,16,0,512,0,256,none,0,none,0,4,20,3678179.0,2335.351746031746,,,,,12288,,36.78218755095932,,,0,0.0,1,bf14b28d2af4128daa99f23eec8a5e105636d0b04136f8be580fdc39d6f1f97d,
06_tmem_dependency,tmem_bf16_m128n128k16_c128_full_in1_rd1,1,,NVIDIA Thor,11.0,580.00,13.0,PTX ISA 9.3 / CUDA 13.0,1575.000,,,,bf16,128,128,16,32,128,119,0,discard,same,1,1,32,1,nocount,sw128,sw128,16,16,16,0,128,0,0,full,1,none,0,4,20,3181153.0,2019.7796825396824,,,,,8192,,21.264533617842336,,,0,0.0,1,bf14b28d2af4128daa99f23eec8a5e105636d0b04136f8be580fdc39d6f1f97d,; UTCHMMA=21;UTCHMMA_WS=16;UTCBAR=1;UTCATOMSWS=3;SYNCS_TRYWAIT=8;LDS=21;LDG=9;ptx_tcgen05_mma=21;ptx_tcgen05_mma_ws=16;ptx_tcgen05_commit=1;ptx_tcgen05_alloc=1;ptx_tcgen05_dealloc=1;ptx_tcgen05_ld=5;ptx_tcgen05_st=5;ptx_mbarrier_wait=5;ptx_cp_async_tma=2;ptx_ld_shared=26;ptx_ld_global=7
06_tmem_dependency,tmem_bf16_m128n128k16_c128_full_in1_rd1,1,,NVIDIA Thor,11.0,580.00,13.0,PTX ISA 9.3 / CUDA 13.0,1575.000,,,,bf16,128,128,16,32,128,119,1,discard,same,1,1,32,1,nocount,sw128,sw128,16,16,16,0,128,0,0,full,1,none,0,4,20,3181521.0,2020.0133333333333,,,,,8192,,21.26207399291094,,,0,0.0,1,bf14b28d2af4128daa99f23eec8a5e105636d0b04136f8be580fdc39d6f1f97d,
06_tmem_dependency,tmem_bf16_m128n128k16_c128_full_in1_rd1,1,,NVIDIA Thor,11.0,580.00,13.0,PTX ISA 9.3 / CUDA 13.0,1575.000,,,,bf16,128,128,16,32,128,119,2,discard,same,1,1,32,1,nocount,sw128,sw128,16,16,16,0,128,0,0,full,1,none,0,4,20,3181158.0,2019.782857142857,,,,,8192,,21.264500195211934,,,0,0.0,1,bf14b28d2af4128daa99f23eec8a5e105636d0b04136f8be580fdc39d6f1f97d,
06_tmem_dependency,tmem_bf16_m128n128k16_c128_full_in1_rd1,1,,NVIDIA Thor,11.0,580.00,13.0,PTX ISA 9.3 / CUDA 13.0,1575.000,,,,bf16,128,128,16,32,128,119,3,discard,same,1,1,32,1,nocount,sw128,sw128,16,16,16,0,128,0,0,full,1,none,0,4,20,3181153.0,2019.7796825396824,,,,,8192,,21.264533617842336,,,0,0.0,1,bf14b28d2af4128daa99f23eec8a5e105636d0b04136f8be580fdc39d6f1f97d,
06_tmem_dependency,tmem_bf16_m128n128k16_c128_full_in1_rd1,1,,NVIDIA Thor,11.0,580.00,13.0,PTX ISA 9.3 / CUDA 13.0,1575.000,,,,bf16,128,128,16,32,128,119,4,discard,same,1,1,32,1,nocount,sw128,sw128,16,16,16,0,128,0,0,full,1,none,0,4,20,3181151.0,2019.7784126984127,,,,,8192,,21.264546986923918,,,0,0.0,1,bf14b28d2af4128daa99f23eec8a5e105636d0b04136f8be580fdc39d6f1f97d,
06_tmem_dependency,tmem_fp16_m128n256k16_c512_full_in0_rd1,1,,NVIDIA Thor,11.0,580.00,13.0,PTX ISA 9.3 / CUDA 13.0,1575.000,,,,fp16,128,256,16,32,128,120,0,discard,same,1,1,32,1,nocount,sw128,sw128,16,16,16,0,512,0,0,full,0,none,0,4,20,3181541.0,2020.0260317460318,,,,,12288,,42.52388066789018,,,0,0.0,1,bf14b28d2af4128daa99f23eec8a5e105636d0b04136f8be580fdc39d6f1f97d,; UTCHMMA=21;UTCHMMA_WS=16;UTCBAR=1;UTCATOMSWS=3;SYNCS_TRYWAIT=8;LDS=21;LDG=9;ptx_tcgen05_mma=21;ptx_tcgen05_mma_ws=16;ptx_tcgen05_commit=1;ptx_tcgen05_alloc=1;ptx_tcgen05_dealloc=1;ptx_tcgen05_ld=5;ptx_tcgen05_st=5;ptx_mbarrier_wait=5;ptx_cp_async_tma=2;ptx_ld_shared=26;ptx_ld_global=7
06_tmem_dependency,tmem_fp16_m128n256k16_c512_full_in0_rd1,1,,NVIDIA Thor,11.0,580.00,13.0,PTX ISA 9.3 / CUDA 13.0,1575.000,,,,fp16,128,256,16,32,128,120,1,discard,same,1,1,32,1,nocount,sw128,sw128,16,16,16,0,512,0,0,full,0,none,0,4,20,3181788.0,2020.1828571428573,,,,,12288,,42.520579568469046,,,0,0.0,1,bf14b28d2af4128daa99f23eec8a5e105636d0b04136f8be580fdc39d6f1f97d,
06_tmem_dependency,tmem_fp16_m128n256k16_c512_full_in0_rd1,1,,NVIDIA Thor,11.0,580.00,13.0,PTX ISA 9.3 / CUDA 13.0,1575.000,,,,fp16,128,256,16,32,128,120,2,discard,same,1,1,32,1,nocount,sw128,sw128,16,16,16,0,512,0,0,full,0,none,0,4,20,3181785.0,2020.1809523809522,,,,,12288,,42.520619659719316,,,0,0.0,1,bf14b28d2af4128daa99f23eec8a5e105636d0b04136f8be580fdc39d6f1f97d,
06_tmem_dependency,tmem_fp16_m128n256k16_c512_full_in0_rd1,1,,NVIDIA Thor,11.0,580.00,13.0,PTX ISA 9.3 / CUDA 13.0,1575.000,,,,fp16,128,256,16,32,128,120,3,discard,same,1,1,32,1,nocount,sw128,sw128,16,16,16,0,512,0,0,full,0,none,0,4,20,3181792.0,2020.1853968253965,,,,,12288,,42.520526113586314,,,0,0.0,1,bf14b28d2af4128daa99f23eec8a5e105636d0b04136f8be580fdc39d6f1f97d,
06_tmem_dependency,tmem_fp16_m128n256k16_c512_full_in0_rd1,1,,NVIDIA Thor,11.0,580.00,13.0,PTX ISA 9.3 / CUDA 13.0,1575.000,,,,fp16,128,256,16,32,128,120,4,discard,same,1,1,32,1,nocount,sw128,sw128,16,16,16,0,512,0,0,full,0,none,0,4,20,3181792.0,2020.1853968253965,,,,,12288,,42.520526113586314,,,0,0.0,1,bf14b28d2af4128daa99f23eec8a5e105636d0b04136f8be580fdc39d6f1f97d,
06_tmem_dependency,tmem_bf16_m128n64k16_c128_full_in0_rd1,1,,NVIDIA Thor,11.0,580.00,13.0,PTX ISA 9.3 / CUDA 13.0,1575.000,,,,bf16,128,64,16,32,128,121,0,discard,same,1,1,32,1,nocount,sw128,sw128,16,16,16,0,128,0,0,full,0,none,0,4,20,3182168.0,2020.424126984127,,,,,6144,,10.62887548866056,,,0,0.0,1,bf14b28d2af4128daa99f23eec8a5e105636d0b04136f8be580fdc39d6f1f97d,; UTCHMMA=21;UTCHMMA_WS=16;UTCBAR=1;UTCATOMSWS=3;SYNCS_TRYWAIT=8;LDS=21;LDG=9;ptx_tcgen05_mma=21;ptx_tcgen05_mma_ws=16;ptx_tcgen05_commit=1;ptx_tcgen05_alloc=1;ptx_tcgen05_dealloc=1;ptx_tcgen05_ld=5;ptx_tcgen05_st=5;ptx_mbarrier_wait=5;ptx_cp_async_tma=2;ptx_ld_shared=26;ptx_ld_global=7
06_tmem_dependency,tmem_bf16_m128n64k16_c128_full_in0_rd1,1,,NVIDIA Thor,11.0,580.00,13.0,PTX ISA 9.3 / CUDA 13.0,1575.000,,,,bf16,128,64,16,32,128,121,1,discard,same,1,1,32,1,nocount,sw128,sw128,16,16,16,0,128,0,0,full,0,none,0,4,20,3182170.0,2020.425396825397,,,,,6144,,10.628868808391758,,,0,0.0,1,bf14b28d2af4128daa99f23eec8a5e105636d0b04136f8be580fdc39d6f1f97d,
06_tmem_dependency,tmem_bf16_m128n64k16_c128_full_in0_rd1,1,,NVIDIA Thor,11.0,580.00,13.0,PTX ISA 9.3 / CUDA 13.0,1575.000,,,,bf16,128,64,16,32,128,121,2,discard,same,1,1,32,1,nocount,sw128,sw128,16,16,16,0,128,0,0,full,0,none,0,4,20,3182169.0,2020.4247619047617,,,,,6144,,10.628872148525112,,,0,0.0,1,bf14b28d2af4128daa99f23eec8a5e105636d0b04136f8be580fdc39d6f1f97d,
06_tmem_dependency,tmem_bf16_m128n64k16_c128_full_in0_rd1,1,,NVIDIA Thor,11.0,580.00,13.0,PTX ISA 9.3 / CUDA 13.0,1575.000,,,,bf16,128,64,16,32,128,121,3,discard,same,1,1,32,1,nocount,sw128,sw128,16,16,16,0,128,0,0,full,0,none,0,4,20,3182158.0,2020.417777777778,,,,,6144,,10.628908890130534,,,0,0.0,1,bf14b28d2af4128daa99f23eec8a5e105636d0b04136f8be580fdc39d6f1f97d,
06_tmem_dependency,tmem_bf16_m128n64k16_c128_full_in0_rd1,1,,NVIDIA Thor,11.0,580.00,13.0,PTX ISA 9.3 / CUDA 13.0,1575.000,,,,bf16,128,64,16,32,128,121,4,discard,same,1,1,32,1,nocount,sw128,sw128,16,16,16,0,128,0,0,full,0,none,0,4,20,3182155.0,2020.4158730158729,,,,,6144,,10.628918910612462,,,0,0.0,1,bf14b28d2af4128daa99f23eec8a5e105636d0b04136f8be580fdc39d6f1f97d,
06_tmem_dependency,tmem_fp16_m128n128k16_c256_full_in0_rd2,1,,NVIDIA Thor,11.0,580.00,13.0,PTX ISA 9.3 / CUDA 13.0,1575.000,,,,fp16,128,128,16,32,128,122,0,discard,same,1,1,32,1,nocount,sw128,sw128,16,16,16,0,256,0,0,full,0,none,0,4,20,3181148.0,2019.776507936508,,,,,8192,,21.264567040577806,,,0,0.0,1,bf14b28d2af4128daa99f23eec8a5e105636d0b04136f8be580fdc39d6f1f97d,; UTCHMMA=21;UTCHMMA_WS=16;UTCBAR=1;UTCATOMSWS=3;SYNCS_TRYWAIT=8;LDS=21;LDG=9;ptx_tcgen05_mma=21;ptx_tcgen05_mma_ws=16;ptx_tcgen05_commit=1;ptx_tcgen05_alloc=1;ptx_tcgen05_dealloc=1;ptx_tcgen05_ld=5;ptx_tcgen05_st=5;ptx_mbarrier_wait=5;ptx_cp_async_tma=2;ptx_ld_shared=26;ptx_ld_global=7
06_tmem_dependency,tmem_fp16_m128n128k16_c256_full_in0_rd2,1,,NVIDIA Thor,11.0,580.00,13.0,PTX ISA 9.3 / CUDA 13.0,1575.000,,,,fp16,128,128,16,32,128,122,1,discard,same,1,1,32,1,nocount,sw128,sw128,16,16,16,0,256,0,0,full,0,none,0,4,20,3181523.0,2020.0146031746033,,,,,8192,,21.262060626938734,,,0,0.0,1,bf14b28d2af4128daa99f23eec8a5e105636d0b04136f8be580fdc39d6f1f97d,
06_tmem_dependency,tmem_fp16_m128n128k16_c256_full_in0_rd2,1,,NVIDIA Thor,11.0,580.00,13.0,PTX ISA 9.3 / CUDA 13.0,1575.000,,,,fp16,128,128,16,32,128,122,2,discard,same,1,1,32,1,nocount,sw128,sw128,16,16,16,0,256,0,0,full,0,none,0,4,20,3181148.0,2019.776507936508,,,,,8192,,21.264567040577806,,,0,0.0,1,bf14b28d2af4128daa99f23eec8a5e105636d0b04136f8be580fdc39d6f1f97d,
06_tmem_dependency,tmem_fp16_m128n128k16_c256_full_in0_rd2,1,,NVIDIA Thor,11.0,580.00,13.0,PTX ISA 9.3 / CUDA 13.0,1575.000,,,,fp16,128,128,16,32,128,122,3,discard,same,1,1,32,1,nocount,sw128,sw128,16,16,16,0,256,0,0,full,0,none,0,4,20,3181520.0,2020.0126984126987,,,,,8192,,21.26208067590334,,,0,0.0,1,bf14b28d2af4128daa99f23eec8a5e105636d0b04136f8be580fdc39d6f1f97d,
06_tmem_dependency,tmem_fp16_m128n128k16_c256_full_in0_rd2,1,,NVIDIA Thor,11.0,580.00,13.0,PTX ISA 9.3 / CUDA 13.0,1575.000,,,,fp16,128,128,16,32,128,122,4,discard,same,1,1,32,1,nocount,sw128,sw128,16,16,16,0,256,0,0,full,0,none,0,4,20,3181522.0,2020.0139682539682,,,,,8192,,21.262067309922738,,,0,0.0,1,bf14b28d2af4128daa99f23eec8a5e105636d0b04136f8be580fdc39d6f1f97d,
06_tmem_dependency,tmem_bf16_m128n128k16_c256_full_in0_rd2,1,,NVIDIA Thor,11.0,580.00,13.0,PTX ISA 9.3 / CUDA 13.0,1575.000,,,,bf16,128,128,16,32,128,123,0,discard,same,1,1,32,1,nocount,sw128,sw128,16,16,16,0,256,0,0,full,0,none,0,4,20,3181148.0,2019.776507936508,,,,,8192,,21.264567040577806,,,0,0.0,1,bf14b28d2af4128daa99f23eec8a5e105636d0b04136f8be580fdc39d6f1f97d,; UTCHMMA=21;UTCHMMA_WS=16;UTCBAR=1;UTCATOMSWS=3;SYNCS_TRYWAIT=8;LDS=21;LDG=9;ptx_tcgen05_mma=21;ptx_tcgen05_mma_ws=16;ptx_tcgen05_commit=1;ptx_tcgen05_alloc=1;ptx_tcgen05_dealloc=1;ptx_tcgen05_ld=5;ptx_tcgen05_st=5;ptx_mbarrier_wait=5;ptx_cp_async_tma=2;ptx_ld_shared=26;ptx_ld_global=7
06_tmem_dependency,tmem_bf16_m128n128k16_c256_full_in0_rd2,1,,NVIDIA Thor,11.0,580.00,13.0,PTX ISA 9.3 / CUDA 13.0,1575.000,,,,bf16,128,128,16,32,128,123,1,discard,same,1,1,32,1,nocount,sw128,sw128,16,16,16,0,256,0,0,full,0,none,0,4,20,3181152.0,2019.7790476190478,,,,,8192,,21.26454030238102,,,0,0.0,1,bf14b28d2af4128daa99f23eec8a5e105636d0b04136f8be580fdc39d6f1f97d,
06_tmem_dependency,tmem_bf16_m128n128k16_c256_full_in0_rd2,1,,NVIDIA Thor,11.0,580.00,13.0,PTX ISA 9.3 / CUDA 13.0,1575.000,,,,bf16,128,128,16,32,128,123,2,discard,same,1,1,32,1,nocount,sw128,sw128,16,16,16,0,256,0,0,full,0,none,0,4,20,3181156.0,2019.7815873015873,,,,,8192,,21.264513564251487,,,0,0.0,1,bf14b28d2af4128daa99f23eec8a5e105636d0b04136f8be580fdc39d6f1f97d,
06_tmem_dependency,tmem_bf16_m128n128k16_c256_full_in0_rd2,1,,NVIDIA Thor,11.0,580.00,13.0,PTX ISA 9.3 / CUDA 13.0,1575.000,,,,bf16,128,128,16,32,128,123,3,discard,same,1,1,32,1,nocount,sw128,sw128,16,16,16,0,256,0,0,full,0,none,0,4,20,3181525.0,2020.0158730158732,,,,,8192,,21.262047260983334,,,0,0.0,1,bf14b28d2af4128daa99f23eec8a5e105636d0b04136f8be580fdc39d6f1f97d,
06_tmem_dependency,tmem_bf16_m128n128k16_c256_full_in0_rd2,1,,NVIDIA Thor,11.0,580.00,13.0,PTX ISA 9.3 / CUDA 13.0,1575.000,,,,bf16,128,128,16,32,128,123,4,discard,same,1,1,32,1,nocount,sw128,sw128,16,16,16,0,256,0,0,full,0,none,0,4,20,3181155.0,2019.7809523809524,,,,,8192,,21.264520248777565,,,0,0.0,1,bf14b28d2af4128daa99f23eec8a5e105636d0b04136f8be580fdc39d6f1f97d,
06_tmem_dependency,tmem_fp16_m128n64k16_c256_partial_in1_rd4,1,,NVIDIA Thor,11.0,580.00,13.0,PTX ISA 9.3 / CUDA 13.0,1575.000,,,,fp16,128,64,16,32,128,124,0,discard,same,1,4,32,1,nocount,sw128,sw128,16,16,16,0,256,0,32,partial,1,none,0,4,20,3678579.0,2335.6057142857144,,,,,6144,,9.19454698567028,,,0,0.0,1,bf14b28d2af4128daa99f23eec8a5e105636d0b04136f8be580fdc39d6f1f97d,; UTCHMMA=21;UTCHMMA_WS=16;UTCBAR=1;UTCATOMSWS=3;SYNCS_TRYWAIT=8;LDS=21;LDG=9;ptx_tcgen05_mma=21;ptx_tcgen05_mma_ws=16;ptx_tcgen05_commit=1;ptx_tcgen05_alloc=1;ptx_tcgen05_dealloc=1;ptx_tcgen05_ld=5;ptx_tcgen05_st=5;ptx_mbarrier_wait=5;ptx_cp_async_tma=2;ptx_ld_shared=26;ptx_ld_global=7
06_tmem_dependency,tmem_fp16_m128n64k16_c256_partial_in1_rd4,1,,NVIDIA Thor,11.0,580.00,13.0,PTX ISA 9.3 / CUDA 13.0,1575.000,,,,fp16,128,64,16,32,128,124,1,discard,same,1,4,32,1,nocount,sw128,sw128,16,16,16,0,256,0,32,partial,1,none,0,4,20,3678581.0,2335.606984126984,,,,,6144,,9.194541986706287,,,0,0.0,1,bf14b28d2af4128daa99f23eec8a5e105636d0b04136f8be580fdc39d6f1f97d,
06_tmem_dependency,tmem_fp16_m128n64k16_c256_partial_in1_rd4,1,,NVIDIA Thor,11.0,580.00,13.0,PTX ISA 9.3 / CUDA 13.0,1575.000,,,,fp16,128,64,16,32,128,124,2,discard,same,1,4,32,1,nocount,sw128,sw128,16,16,16,0,256,0,32,partial,1,none,0,4,20,3678584.0,2335.608888888889,,,,,6144,,9.194534488270486,,,0,0.0,1,bf14b28d2af4128daa99f23eec8a5e105636d0b04136f8be580fdc39d6f1f97d,
06_tmem_dependency,tmem_fp16_m128n64k16_c256_partial_in1_rd4,1,,NVIDIA Thor,11.0,580.00,13.0,PTX ISA 9.3 / CUDA 13.0,1575.000,,,,fp16,128,64,16,32,128,124,3,discard,same,1,4,32,1,nocount,sw128,sw128,16,16,16,0,256,0,32,partial,1,none,0,4,20,3678621.0,2335.632380952381,,,,,6144,,9.194442008567885,,,0,0.0,1,bf14b28d2af4128daa99f23eec8a5e105636d0b04136f8be580fdc39d6f1f97d,
06_tmem_dependency,tmem_fp16_m128n64k16_c256_partial_in1_rd4,1,,NVIDIA Thor,11.0,580.00,13.0,PTX ISA 9.3 / CUDA 13.0,1575.000,,,,fp16,128,64,16,32,128,124,4,discard,same,1,4,32,1,nocount,sw128,sw128,16,16,16,0,256,0,32,partial,1,none,0,4,20,3678628.0,2335.6368253968253,,,,,6144,,9.194424512617204,,,0,0.0,1,bf14b28d2af4128daa99f23eec8a5e105636d0b04136f8be580fdc39d6f1f97d,
06_tmem_dependency,tmem_fp16_m128n128k16_c512_none_in1_rd4,1,,NVIDIA Thor,11.0,580.00,13.0,PTX ISA 9.3 / CUDA 13.0,1575.000,,,,fp16,128,128,16,32,128,125,0,discard,same,4,4,32,1,nocount,sw128,sw128,16,16,16,0,512,0,128,none,1,none,0,4,20,3678992.0,2335.8679365079365,,,,,8192,,18.38702962985513,,,0,0.0,1,bf14b28d2af4128daa99f23eec8a5e105636d0b04136f8be580fdc39d6f1f97d,; UTCHMMA=21;UTCHMMA_WS=16;UTCBAR=1;UTCATOMSWS=3;SYNCS_TRYWAIT=8;LDS=21;LDG=9;ptx_tcgen05_mma=21;ptx_tcgen05_mma_ws=16;ptx_tcgen05_commit=1;ptx_tcgen05_alloc=1;ptx_tcgen05_dealloc=1;ptx_tcgen05_ld=5;ptx_tcgen05_st=5;ptx_mbarrier_wait=5;ptx_cp_async_tma=2;ptx_ld_shared=26;ptx_ld_global=7
06_tmem_dependency,tmem_fp16_m128n128k16_c512_none_in1_rd4,1,,NVIDIA Thor,11.0,580.00,13.0,PTX ISA 9.3 / CUDA 13.0,1575.000,,,,fp16,128,128,16,32,128,125,1,discard,same,4,4,32,1,nocount,sw128,sw128,16,16,16,0,512,0,128,none,1,none,0,4,20,3678988.0,2335.8653968253966,,,,,8192,,18.387049621254544,,,0,0.0,1,bf14b28d2af4128daa99f23eec8a5e105636d0b04136f8be580fdc39d6f1f97d,
06_tmem_dependency,tmem_fp16_m128n128k16_c512_none_in1_rd4,1,,NVIDIA Thor,11.0,580.00,13.0,PTX ISA 9.3 / CUDA 13.0,1575.000,,,,fp16,128,128,16,32,128,125,2,discard,same,4,4,32,1,nocount,sw128,sw128,16,16,16,0,512,0,128,none,1,none,0,4,20,3678988.0,2335.8653968253966,,,,,8192,,18.387049621254544,,,0,0.0,1,bf14b28d2af4128daa99f23eec8a5e105636d0b04136f8be580fdc39d6f1f97d,
06_tmem_dependency,tmem_fp16_m128n128k16_c512_none_in1_rd4,1,,NVIDIA Thor,11.0,580.00,13.0,PTX ISA 9.3 / CUDA 13.0,1575.000,,,,fp16,128,128,16,32,128,125,3,discard,same,4,4,32,1,nocount,sw128,sw128,16,16,16,0,512,0,128,none,1,none,0,4,20,3679001.0,2335.873650793651,,,,,8192,,18.386984649365413,,,0,0.0,1,bf14b28d2af4128daa99f23eec8a5e105636d0b04136f8be580fdc39d6f1f97d,
06_tmem_dependency,tmem_fp16_m128n128k16_c512_none_in1_rd4,1,,NVIDIA Thor,11.0,580.00,13.0,PTX ISA 9.3 / CUDA 13.0,1575.000,,,,fp16,128,128,16,32,128,125,4,discard,same,4,4,32,1,nocount,sw128,sw128,16,16,16,0,512,0,128,none,1,none,0,4,20,3678992.0,2335.8679365079365,,,,,8192,,18.38702962985513,,,0,0.0,1,bf14b28d2af4128daa99f23eec8a5e105636d0b04136f8be580fdc39d6f1f97d,
06_tmem_dependency,tmem_fp16_m128n64k16_c512_partial_in0_rd2,1,,NVIDIA Thor,11.0,580.00,13.0,PTX ISA 9.3 / CUDA 13.0,1575.000,,,,fp16,128,64,16,32,128,126,0,discard,same,1,2,32,1,nocount,sw128,sw128,16,16,16,0,512,0,32,partial,0,none,0,4,20,3678950.0,2335.84126984127,,,,,6144,,9.193619770858533,,,0,0.0,1,bf14b28d2af4128daa99f23eec8a5e105636d0b04136f8be580fdc39d6f1f97d,; UTCHMMA=21;UTCHMMA_WS=16;UTCBAR=1;UTCATOMSWS=3;SYNCS_TRYWAIT=8;LDS=21;LDG=9;ptx_tcgen05_mma=21;ptx_tcgen05_mma_ws=16;ptx_tcgen05_commit=1;ptx_tcgen05_alloc=1;ptx_tcgen05_dealloc=1;ptx_tcgen05_ld=5;ptx_tcgen05_st=5;ptx_mbarrier_wait=5;ptx_cp_async_tma=2;ptx_ld_shared=26;ptx_ld_global=7
06_tmem_dependency,tmem_fp16_m128n64k16_c512_partial_in0_rd2,1,,NVIDIA Thor,11.0,580.00,13.0,PTX ISA 9.3 / CUDA 13.0,1575.000,,,,fp16,128,64,16,32,128,126,1,discard,same,1,2,32,1,nocount,sw128,sw128,16,16,16,0,512,0,32,partial,0,none,0,4,20,3678962.0,2335.8488888888887,,,,,6144,,9.193589783205153,,,0,0.0,1,bf14b28d2af4128daa99f23eec8a5e105636d0b04136f8be580fdc39d6f1f97d,
06_tmem_dependency,tmem_fp16_m128n64k16_c512_partial_in0_rd2,1,,NVIDIA Thor,11.0,580.00,13.0,PTX ISA 9.3 / CUDA 13.0,1575.000,,,,fp16,128,64,16,32,128,126,2,discard,same,1,2,32,1,nocount,sw128,sw128,16,16,16,0,512,0,32,partial,0,none,0,4,20,3678964.0,2335.850158730159,,,,,6144,,9.193584785281944,,,0,0.0,1,bf14b28d2af4128daa99f23eec8a5e105636d0b04136f8be580fdc39d6f1f97d,
06_tmem_dependency,tmem_fp16_m128n64k16_c512_partial_in0_rd2,1,,NVIDIA Thor,11.0,580.00,13.0,PTX ISA 9.3 / CUDA 13.0,1575.000,,,,fp16,128,64,16,32,128,126,3,discard,same,1,2,32,1,nocount,sw128,sw128,16,16,16,0,512,0,32,partial,0,none,0,4,20,3678960.0,2335.847619047619,,,,,6144,,9.193594781133799,,,0,0.0,1,bf14b28d2af4128daa99f23eec8a5e105636d0b04136f8be580fdc39d6f1f97d,
06_tmem_dependency,tmem_fp16_m128n64k16_c512_partial_in0_rd2,1,,NVIDIA Thor,11.0,580.00,13.0,PTX ISA 9.3 / CUDA 13.0,1575.000,,,,fp16,128,64,16,32,128,126,4,discard,same,1,2,32,1,nocount,sw128,sw128,16,16,16,0,512,0,32,partial,0,none,0,4,20,3678955.0,2335.8444444444444,,,,,6144,,9.193607275979184,,,0,0.0,1,bf14b28d2af4128daa99f23eec8a5e105636d0b04136f8be580fdc39d6f1f97d,
06_tmem_dependency,tmem_fp16_m128n128k16_c256_none_in0_rd1,1,,NVIDIA Thor,11.0,580.00,13.0,PTX ISA 9.3 / CUDA 13.0,1575.000,,,,fp16,128,128,16,32,128,127,0,discard,same,2,1,32,1,nocount,sw128,sw128,16,16,16,0,256,0,128,none,0,none,0,4,20,3181148.0,2019.776507936508,,,,,8192,,21.264567040577806,,,0,0.0,1,bf14b28d2af4128daa99f23eec8a5e105636d0b04136f8be580fdc39d6f1f97d,; UTCHMMA=21;UTCHMMA_WS=16;UTCBAR=1;UTCATOMSWS=3;SYNCS_TRYWAIT=8;LDS=21;LDG=9;ptx_tcgen05_mma=21;ptx_tcgen05_mma_ws=16;ptx_tcgen05_commit=1;ptx_tcgen05_alloc=1;ptx_tcgen05_dealloc=1;ptx_tcgen05_ld=5;ptx_tcgen05_st=5;ptx_mbarrier_wait=5;ptx_cp_async_tma=2;ptx_ld_shared=26;ptx_ld_global=7
06_tmem_dependency,tmem_fp16_m128n128k16_c256_none_in0_rd1,1,,NVIDIA Thor,11.0,580.00,13.0,PTX ISA 9.3 / CUDA 13.0,1575.000,,,,fp16,128,128,16,32,128,127,1,discard,same,2,1,32,1,nocount,sw128,sw128,16,16,16,0,256,0,128,none,0,none,0,4,20,3181150.0,2019.7777777777778,,,,,8192,,21.264553671471006,,,0,0.0,1,bf14b28d2af4128daa99f23eec8a5e105636d0b04136f8be580fdc39d6f1f97d,
06_tmem_dependency,tmem_fp16_m128n128k16_c256_none_in0_rd1,1,,NVIDIA Thor,11.0,580.00,13.0,PTX ISA 9.3 / CUDA 13.0,1575.000,,,,fp16,128,128,16,32,128,127,2,discard,same,2,1,32,1,nocount,sw128,sw128,16,16,16,0,256,0,128,none,0,none,0,4,20,3181148.0,2019.776507936508,,,,,8192,,21.264567040577806,,,0,0.0,1,bf14b28d2af4128daa99f23eec8a5e105636d0b04136f8be580fdc39d6f1f97d,
06_tmem_dependency,tmem_fp16_m128n128k16_c256_none_in0_rd1,1,,NVIDIA Thor,11.0,580.00,13.0,PTX ISA 9.3 / CUDA 13.0,1575.000,,,,fp16,128,128,16,32,128,127,3,discard,same,2,1,32,1,nocount,sw128,sw128,16,16,16,0,256,0,128,none,0,none,0,4,20,3181521.0,2020.0133333333333,,,,,8192,,21.26207399291094,,,0,0.0,1,bf14b28d2af4128daa99f23eec8a5e105636d0b04136f8be580fdc39d6f1f97d,
06_tmem_dependency,tmem_fp16_m128n128k16_c256_none_in0_rd1,1,,NVIDIA Thor,11.0,580.00,13.0,PTX ISA 9.3 / CUDA 13.0,1575.000,,,,fp16,128,128,16,32,128,127,4,discard,same,2,1,32,1,nocount,sw128,sw128,16,16,16,0,256,0,128,none,0,none,0,4,20,3181154.0,2019.7803174603173,,,,,8192,,21.264526933307852,,,0,0.0,1,bf14b28d2af4128daa99f23eec8a5e105636d0b04136f8be580fdc39d6f1f97d,
06_tmem_dependency,tmem_bf16_m128n64k16_c512_partial_in0_rd8,1,,NVIDIA Thor,11.0,580.00,13.0,PTX ISA 9.3 / CUDA 13.0,1575.000,,,,bf16,128,64,16,32,128,128,0,discard,same,1,8,32,1,nocount,sw128,sw128,16,16,16,0,512,0,32,partial,0,none,0,4,20,3678575.0,2335.603174603175,,,,,6144,,9.194556983614579,,,0,0.0,1,bf14b28d2af4128daa99f23eec8a5e105636d0b04136f8be580fdc39d6f1f97d,; UTCHMMA=21;UTCHMMA_WS=16;UTCBAR=1;UTCATOMSWS=3;SYNCS_TRYWAIT=8;LDS=21;LDG=9;ptx_tcgen05_mma=21;ptx_tcgen05_mma_ws=16;ptx_tcgen05_commit=1;ptx_tcgen05_alloc=1;ptx_tcgen05_dealloc=1;ptx_tcgen05_ld=5;ptx_tcgen05_st=5;ptx_mbarrier_wait=5;ptx_cp_async_tma=2;ptx_ld_shared=26;ptx_ld_global=7
06_tmem_dependency,tmem_bf16_m128n64k16_c512_partial_in0_rd8,1,,NVIDIA Thor,11.0,580.00,13.0,PTX ISA 9.3 / CUDA 13.0,1575.000,,,,bf16,128,64,16,32,128,128,1,discard,same,1,8,32,1,nocount,sw128,sw128,16,16,16,0,512,0,32,partial,0,none,0,4,20,3678581.0,2335.606984126984,,,,,6144,,9.194541986706287,,,0,0.0,1,bf14b28d2af4128daa99f23eec8a5e105636d0b04136f8be580fdc39d6f1f97d,
06_tmem_dependency,tmem_bf16_m128n64k16_c512_partial_in0_rd8,1,,NVIDIA Thor,11.0,580.00,13.0,PTX ISA 9.3 / CUDA 13.0,1575.000,,,,bf16,128,64,16,32,128,128,2,discard,same,1,8,32,1,nocount,sw128,sw128,16,16,16,0,512,0,32,partial,0,none,0,4,20,3678588.0,2335.6114285714284,,,,,6144,,9.19452449037511,,,0,0.0,1,bf14b28d2af4128daa99f23eec8a5e105636d0b04136f8be580fdc39d6f1f97d,
06_tmem_dependency,tmem_bf16_m128n64k16_c512_partial_in0_rd8,1,,NVIDIA Thor,11.0,580.00,13.0,PTX ISA 9.3 / CUDA 13.0,1575.000,,,,bf16,128,64,16,32,128,128,3,discard,same,1,8,32,1,nocount,sw128,sw128,16,16,16,0,512,0,32,partial,0,none,0,4,20,3678580.0,2335.606349206349,,,,,6144,,9.194544486187606,,,0,0.0,1,bf14b28d2af4128daa99f23eec8a5e105636d0b04136f8be580fdc39d6f1f97d,
06_tmem_dependency,tmem_bf16_m128n64k16_c512_partial_in0_rd8,1,,NVIDIA Thor,11.0,580.00,13.0,PTX ISA 9.3 / CUDA 13.0,1575.000,,,,bf16,128,64,16,32,128,128,4,discard,same,1,8,32,1,nocount,sw128,sw128,16,16,16,0,512,0,32,partial,0,none,0,4,20,3678576.0,2335.6038095238096,,,,,6144,,9.194554484126467,,,0,0.0,1,bf14b28d2af4128daa99f23eec8a5e105636d0b04136f8be580fdc39d6f1f97d,
06_tmem_dependency,tmem_fp16_m128n64k16_c128_full_in1_rd1,1,,NVIDIA Thor,11.0,580.00,13.0,PTX ISA 9.3 / CUDA 13.0,1575.000,,,,fp16,128,64,16,32,128,129,0,discard,same,1,1,32,1,nocount,sw128,sw128,16,16,16,0,128,0,0,full,1,none,0,4,20,3182167.0,2020.423492063492,,,,,6144,,10.628878828798113,,,0,0.0,1,bf14b28d2af4128daa99f23eec8a5e105636d0b04136f8be580fdc39d6f1f97d,; UTCHMMA=21;UTCHMMA_WS=16;UTCBAR=1;UTCATOMSWS=3;SYNCS_TRYWAIT=8;LDS=21;LDG=9;ptx_tcgen05_mma=21;ptx_tcgen05_mma_ws=16;ptx_tcgen05_commit=1;ptx_tcgen05_alloc=1;ptx_tcgen05_dealloc=1;ptx_tcgen05_ld=5;ptx_tcgen05_st=5;ptx_mbarrier_wait=5;ptx_cp_async_tma=2;ptx_ld_shared=26;ptx_ld_global=7
06_tmem_dependency,tmem_fp16_m128n64k16_c128_full_in1_rd1,1,,NVIDIA Thor,11.0,580.00,13.0,PTX ISA 9.3 / CUDA 13.0,1575.000,,,,fp16,128,64,16,32,128,129,1,discard,same,1,1,32,1,nocount,sw128,sw128,16,16,16,0,128,0,0,full,1,none,0,4,20,3182157.0,2020.4171428571428,,,,,6144,,10.628912230289078,,,0,0.0,1,bf14b28d2af4128daa99f23eec8a5e105636d0b04136f8be580fdc39d6f1f97d,
06_tmem_dependency,tmem_fp16_m128n64k16_c128_full_in1_rd1,1,,NVIDIA Thor,11.0,580.00,13.0,PTX ISA 9.3 / CUDA 13.0,1575.000,,,,fp16,128,64,16,32,128,129,2,discard,same,1,1,32,1,nocount,sw128,sw128,16,16,16,0,128,0,0,full,1,none,0,4,20,3182167.0,2020.423492063492,,,,,6144,,10.628878828798113,,,0,0.0,1,bf14b28d2af4128daa99f23eec8a5e105636d0b04136f8be580fdc39d6f1f97d,
06_tmem_dependency,tmem_fp16_m128n64k16_c128_full_in1_rd1,1,,NVIDIA Thor,11.0,580.00,13.0,PTX ISA 9.3 / CUDA 13.0,1575.000,,,,fp16,128,64,16,32,128,129,3,discard,same,1,1,32,1,nocount,sw128,sw128,16,16,16,0,128,0,0,full,1,none,0,4,20,3182166.0,2020.422857142857,,,,,6144,,10.628882168937762,,,0,0.0,1,bf14b28d2af4128daa99f23eec8a5e105636d0b04136f8be580fdc39d6f1f97d,
06_tmem_dependency,tmem_fp16_m128n64k16_c128_full_in1_rd1,1,,NVIDIA Thor,11.0,580.00,13.0,PTX ISA 9.3 / CUDA 13.0,1575.000,,,,fp16,128,64,16,32,128,129,4,discard,same,1,1,32,1,nocount,sw128,sw128,16,16,16,0,128,0,0,full,1,none,0,4,20,3182159.0,2020.4184126984128,,,,,6144,,10.628905549974089,,,0,0.0,1,bf14b28d2af4128daa99f23eec8a5e105636d0b04136f8be580fdc39d6f1f97d,
06_tmem_dependency,tmem_bf16_m128n128k16_c256_none_in1_rd1,1,,NVIDIA Thor,11.0,580.00,13.0,PTX ISA 9.3 / CUDA 13.0,1575.000,,,,bf16,128,128,16,32,128,130,0,discard,same,2,1,32,1,nocount,sw128,sw128,16,16,16,0,256,0,128,none,1,none,0,4,20,3181152.0,2019.7790476190478,,,,,8192,,21.26454030238102,,,0,0.0,1,bf14b28d2af4128daa99f23eec8a5e105636d0b04136f8be580fdc39d6f1f97d,; UTCHMMA=21;UTCHMMA_WS=16;UTCBAR=1;UTCATOMSWS=3;SYNCS_TRYWAIT=8;LDS=21;LDG=9;ptx_tcgen05_mma=21;ptx_tcgen05_mma_ws=16;ptx_tcgen05_commit=1;ptx_tcgen05_alloc=1;ptx_tcgen05_dealloc=1;ptx_tcgen05_ld=5;ptx_tcgen05_st=5;ptx_mbarrier_wait=5;ptx_cp_async_tma=2;ptx_ld_shared=26;ptx_ld_global=7
06_tmem_dependency,tmem_bf16_m128n128k16_c256_none_in1_rd1,1,,NVIDIA Thor,11.0,580.00,13.0,PTX ISA 9.3 / CUDA 13.0,1575.000,,,,bf16,128,128,16,32,128,130,1,discard,same,2,1,32,1,nocount,sw128,sw128,16,16,16,0,256,0,128,none,1,none,0,4,20,3181153.0,2019.7796825396824,,,,,8192,,21.264533617842336,,,0,0.0,1,bf14b28d2af4128daa99f23eec8a5e105636d0b04136f8be580fdc39d6f1f97d,
06_tmem_dependency,tmem_bf16_m128n128k16_c256_none_in1_rd1,1,,NVIDIA Thor,11.0,580.00,13.0,PTX ISA 9.3 / CUDA 13.0,1575.000,,,,bf16,128,128,16,32,128,130,2,discard,same,2,1,32,1,nocount,sw128,sw128,16,16,16,0,256,0,128,none,1,none,0,4,20,3181148.0,2019.776507936508,,,,,8192,,21.264567040577806,,,0,0.0,1,bf14b28d2af4128daa99f23eec8a5e105636d0b04136f8be580fdc39d6f1f97d,
06_tmem_dependency,tmem_bf16_m128n128k16_c256_none_in1_rd1,1,,NVIDIA Thor,11.0,580.00,13.0,PTX ISA 9.3 / CUDA 13.0,1575.000,,,,bf16,128,128,16,32,128,130,3,discard,same,2,1,32,1,nocount,sw128,sw128,16,16,16,0,256,0,128,none,1,none,0,4,20,3181156.0,2019.7815873015873,,,,,8192,,21.264513564251487,,,0,0.0,1,bf14b28d2af4128daa99f23eec8a5e105636d0b04136f8be580fdc39d6f1f97d,
06_tmem_dependency,tmem_bf16_m128n128k16_c256_none_in1_rd1,1,,NVIDIA Thor,11.0,580.00,13.0,PTX ISA 9.3 / CUDA 13.0,1575.000,,,,bf16,128,128,16,32,128,130,4,discard,same,2,1,32,1,nocount,sw128,sw128,16,16,16,0,256,0,128,none,1,none,0,4,20,3181521.0,2020.0133333333333,,,,,8192,,21.26207399291094,,,0,0.0,1,bf14b28d2af4128daa99f23eec8a5e105636d0b04136f8be580fdc39d6f1f97d,
06_tmem_dependency,tmem_fp16_m128n64k16_c512_full_in0_rd8,1,,NVIDIA Thor,11.0,580.00,13.0,PTX ISA 9.3 / CUDA 13.0,1575.000,,,,fp16,128,64,16,32,128,131,0,discard,same,1,1,32,1,nocount,sw128,sw128,16,16,16,0,512,0,0,full,0,none,0,4,20,3182173.0,2020.4273015873016,,,,,6144,,10.628858788004298,,,0,0.0,1,bf14b28d2af4128daa99f23eec8a5e105636d0b04136f8be580fdc39d6f1f97d,; UTCHMMA=21;UTCHMMA_WS=16;UTCBAR=1;UTCATOMSWS=3;SYNCS_TRYWAIT=8;LDS=21;LDG=9;ptx_tcgen05_mma=21;ptx_tcgen05_mma_ws=16;ptx_tcgen05_commit=1;ptx_tcgen05_alloc=1;ptx_tcgen05_dealloc=1;ptx_tcgen05_ld=5;ptx_tcgen05_st=5;ptx_mbarrier_wait=5;ptx_cp_async_tma=2;ptx_ld_shared=26;ptx_ld_global=7
06_tmem_dependency,tmem_fp16_m128n64k16_c512_full_in0_rd8,1,,NVIDIA Thor,11.0,580.00,13.0,PTX ISA 9.3 / CUDA 13.0,1575.000,,,,fp16,128,64,16,32,128,131,1,discard,same,1,1,32,1,nocount,sw128,sw128,16,16,16,0,512,0,0,full,0,none,0,4,20,3182167.0,2020.423492063492,,,,,6144,,10.628878828798113,,,0,0.0,1,bf14b28d2af4128daa99f23eec8a5e105636d0b04136f8be580fdc39d6f1f97d,
06_tmem_dependency,tmem_fp16_m128n64k16_c512_full_in0_rd8,1,,NVIDIA Thor,11.0,580.00,13.0,PTX ISA 9.3 / CUDA 13.0,1575.000,,,,fp16,128,64,16,32,128,131,2,discard,same,1,1,32,1,nocount,sw128,sw128,16,16,16,0,512,0,0,full,0,none,0,4,20,3182167.0,2020.423492063492,,,,,6144,,10.628878828798113,,,0,0.0,1,bf14b28d2af4128daa99f23eec8a5e105636d0b04136f8be580fdc39d6f1f97d,
06_tmem_dependency,tmem_fp16_m128n64k16_c512_full_in0_rd8,1,,NVIDIA Thor,11.0,580.00,13.0,PTX ISA 9.3 / CUDA 13.0,1575.000,,,,fp16,128,64,16,32,128,131,3,discard,same,1,1,32,1,nocount,sw128,sw128,16,16,16,0,512,0,0,full,0,none,0,4,20,3182163.0,2020.4209523809525,,,,,6144,,10.628892189369305,,,0,0.0,1,bf14b28d2af4128daa99f23eec8a5e105636d0b04136f8be580fdc39d6f1f97d,
06_tmem_dependency,tmem_fp16_m128n64k16_c512_full_in0_rd8,1,,NVIDIA Thor,11.0,580.00,13.0,PTX ISA 9.3 / CUDA 13.0,1575.000,,,,fp16,128,64,16,32,128,131,4,discard,same,1,1,32,1,nocount,sw128,sw128,16,16,16,0,512,0,0,full,0,none,0,4,20,3182167.0,2020.423492063492,,,,,6144,,10.628878828798113,,,0,0.0,1,bf14b28d2af4128daa99f23eec8a5e105636d0b04136f8be580fdc39d6f1f97d,
06_tmem_dependency,tmem_bf16_m128n256k16_c256_none_in1_rd1,1,,NVIDIA Thor,11.0,580.00,13.0,PTX ISA 9.3 / CUDA 13.0,1575.000,,,,bf16,128,256,16,32,128,132,0,discard,same,1,1,32,1,nocount,sw128,sw128,16,16,16,0,256,0,256,none,1,none,0,4,20,3181796.0,2020.1879365079365,,,,,12288,,42.52047265883797,,,0,0.0,1,bf14b28d2af4128daa99f23eec8a5e105636d0b04136f8be580fdc39d6f1f97d,; UTCHMMA=21;UTCHMMA_WS=16;UTCBAR=1;UTCATOMSWS=3;SYNCS_TRYWAIT=8;LDS=21;LDG=9;ptx_tcgen05_mma=21;ptx_tcgen05_mma_ws=16;ptx_tcgen05_commit=1;ptx_tcgen05_alloc=1;ptx_tcgen05_dealloc=1;ptx_tcgen05_ld=5;ptx_tcgen05_st=5;ptx_mbarrier_wait=5;ptx_cp_async_tma=2;ptx_ld_shared=26;ptx_ld_global=7
06_tmem_dependency,tmem_bf16_m128n256k16_c256_none_in1_rd1,1,,NVIDIA Thor,11.0,580.00,13.0,PTX ISA 9.3 / CUDA 13.0,1575.000,,,,bf16,128,256,16,32,128,132,1,discard,same,1,1,32,1,nocount,sw128,sw128,16,16,16,0,256,0,256,none,1,none,0,4,20,3181792.0,2020.1853968253965,,,,,12288,,42.520526113586314,,,0,0.0,1,bf14b28d2af4128daa99f23eec8a5e105636d0b04136f8be580fdc39d6f1f97d,
06_tmem_dependency,tmem_bf16_m128n256k16_c256_none_in1_rd1,1,,NVIDIA Thor,11.0,580.00,13.0,PTX ISA 9.3 / CUDA 13.0,1575.000,,,,bf16,128,256,16,32,128,132,2,discard,same,1,1,32,1,nocount,sw128,sw128,16,16,16,0,256,0,256,none,1,none,0,4,20,3181539.0,2020.024761904762,,,,,12288,,42.523907399532106,,,0,0.0,1,bf14b28d2af4128daa99f23eec8a5e105636d0b04136f8be580fdc39d6f1f97d,
06_tmem_dependency,tmem_bf16_m128n256k16_c256_none_in1_rd1,1,,NVIDIA Thor,11.0,580.00,13.0,PTX ISA 9.3 / CUDA 13.0,1575.000,,,,bf16,128,256,16,32,128,132,3,discard,same,1,1,32,1,nocount,sw128,sw128,16,16,16,0,256,0,256,none,1,none,0,4,20,3181543.0,2020.0273015873017,,,,,12288,,42.52385393628186,,,0,0.0,1,bf14b28d2af4128daa99f23eec8a5e105636d0b04136f8be580fdc39d6f1f97d,
06_tmem_dependency,tmem_bf16_m128n256k16_c256_none_in1_rd1,1,,NVIDIA Thor,11.0,580.00,13.0,PTX ISA 9.3 / CUDA 13.0,1575.000,,,,bf16,128,256,16,32,128,132,4,discard,same,1,1,32,1,nocount,sw128,sw128,16,16,16,0,256,0,256,none,1,none,0,4,20,3181545.0,2020.0285714285712,,,,,12288,,42.523827204707146,,,0,0.0,1,bf14b28d2af4128daa99f23eec8a5e105636d0b04136f8be580fdc39d6f1f97d,
06_tmem_dependency,tmem_fp16_m128n128k16_c128_full_in0_rd1,1,,NVIDIA Thor,11.0,580.00,13.0,PTX ISA 9.3 / CUDA 13.0,1575.000,,,,fp16,128,128,16,32,128,133,0,discard,same,1,1,32,1,nocount,sw128,sw128,16,16,16,0,128,0,0,full,0,none,0,4,20,3181152.0,2019.7790476190478,,,,,8192,,21.26454030238102,,,0,0.0,1,bf14b28d2af4128daa99f23eec8a5e105636d0b04136f8be580fdc39d6f1f97d,; UTCHMMA=21;UTCHMMA_WS=16;UTCBAR=1;UTCATOMSWS=3;SYNCS_TRYWAIT=8;LDS=21;LDG=9;ptx_tcgen05_mma=21;ptx_tcgen05_mma_ws=16;ptx_tcgen05_commit=1;ptx_tcgen05_alloc=1;ptx_tcgen05_dealloc=1;ptx_tcgen05_ld=5;ptx_tcgen05_st=5;ptx_mbarrier_wait=5;ptx_cp_async_tma=2;ptx_ld_shared=26;ptx_ld_global=7
06_tmem_dependency,tmem_fp16_m128n128k16_c128_full_in0_rd1,1,,NVIDIA Thor,11.0,580.00,13.0,PTX ISA 9.3 / CUDA 13.0,1575.000,,,,fp16,128,128,16,32,128,133,1,discard,same,1,1,32,1,nocount,sw128,sw128,16,16,16,0,128,0,0,full,0,none,0,4,20,3181155.0,2019.7809523809524,,,,,8192,,21.264520248777565,,,0,0.0,1,bf14b28d2af4128daa99f23eec8a5e105636d0b04136f8be580fdc39d6f1f97d,
06_tmem_dependency,tmem_fp16_m128n128k16_c128_full_in0_rd1,1,,NVIDIA Thor,11.0,580.00,13.0,PTX ISA 9.3 / CUDA 13.0,1575.000,,,,fp16,128,128,16,32,128,133,2,discard,same,1,1,32,1,nocount,sw128,sw128,16,16,16,0,128,0,0,full,0,none,0,4,20,3181153.0,2019.7796825396824,,,,,8192,,21.264533617842336,,,0,0.0,1,bf14b28d2af4128daa99f23eec8a5e105636d0b04136f8be580fdc39d6f1f97d,
06_tmem_dependency,tmem_fp16_m128n128k16_c128_full_in0_rd1,1,,NVIDIA Thor,11.0,580.00,13.0,PTX ISA 9.3 / CUDA 13.0,1575.000,,,,fp16,128,128,16,32,128,133,3,discard,same,1,1,32,1,nocount,sw128,sw128,16,16,16,0,128,0,0,full,0,none,0,4,20,3181523.0,2020.0146031746033,,,,,8192,,21.262060626938734,,,0,0.0,1,bf14b28d2af4128daa99f23eec8a5e105636d0b04136f8be580fdc39d6f1f97d,
06_tmem_dependency,tmem_fp16_m128n128k16_c128_full_in0_rd1,1,,NVIDIA Thor,11.0,580.00,13.0,PTX ISA 9.3 / CUDA 13.0,1575.000,,,,fp16,128,128,16,32,128,133,4,discard,same,1,1,32,1,nocount,sw128,sw128,16,16,16,0,128,0,0,full,0,none,0,4,20,3181521.0,2020.0133333333333,,,,,8192,,21.26207399291094,,,0,0.0,1,bf14b28d2af4128daa99f23eec8a5e105636d0b04136f8be580fdc39d6f1f97d,
06_tmem_dependency,tmem_fp16_m128n64k16_c512_partial_in1_rd1,1,,NVIDIA Thor,11.0,580.00,13.0,PTX ISA 9.3 / CUDA 13.0,1575.000,,,,fp16,128,64,16,32,128,134,0,discard,same,1,1,32,1,nocount,sw128,sw128,16,16,16,0,512,0,32,partial,1,none,0,4,20,3182167.0,2020.423492063492,,,,,6144,,10.628878828798113,,,0,0.0,1,bf14b28d2af4128daa99f23eec8a5e105636d0b04136f8be580fdc39d6f1f97d,; UTCHMMA=21;UTCHMMA_WS=16;UTCBAR=1;UTCATOMSWS=3;SYNCS_TRYWAIT=8;LDS=21;LDG=9;ptx_tcgen05_mma=21;ptx_tcgen05_mma_ws=16;ptx_tcgen05_commit=1;ptx_tcgen05_alloc=1;ptx_tcgen05_dealloc=1;ptx_tcgen05_ld=5;ptx_tcgen05_st=5;ptx_mbarrier_wait=5;ptx_cp_async_tma=2;ptx_ld_shared=26;ptx_ld_global=7
06_tmem_dependency,tmem_fp16_m128n64k16_c512_partial_in1_rd1,1,,NVIDIA Thor,11.0,580.00,13.0,PTX ISA 9.3 / CUDA 13.0,1575.000,,,,fp16,128,64,16,32,128,134,1,discard,same,1,1,32,1,nocount,sw128,sw128,16,16,16,0,512,0,32,partial,1,none,0,4,20,3182167.0,2020.423492063492,,,,,6144,,10.628878828798113,,,0,0.0,1,bf14b28d2af4128daa99f23eec8a5e105636d0b04136f8be580fdc39d6f1f97d,
06_tmem_dependency,tmem_fp16_m128n64k16_c512_partial_in1_rd1,1,,NVIDIA Thor,11.0,580.00,13.0,PTX ISA 9.3 / CUDA 13.0,1575.000,,,,fp16,128,64,16,32,128,134,2,discard,same,1,1,32,1,nocount,sw128,sw128,16,16,16,0,512,0,32,partial,1,none,0,4,20,3182173.0,2020.4273015873016,,,,,6144,,10.628858788004298,,,0,0.0,1,bf14b28d2af4128daa99f23eec8a5e105636d0b04136f8be580fdc39d6f1f97d,
06_tmem_dependency,tmem_fp16_m128n64k16_c512_partial_in1_rd1,1,,NVIDIA Thor,11.0,580.00,13.0,PTX ISA 9.3 / CUDA 13.0,1575.000,,,,fp16,128,64,16,32,128,134,3,discard,same,1,1,32,1,nocount,sw128,sw128,16,16,16,0,512,0,32,partial,1,none,0,4,20,3182153.0,2020.4146031746031,,,,,6144,,10.628925590944243,,,0,0.0,1,bf14b28d2af4128daa99f23eec8a5e105636d0b04136f8be580fdc39d6f1f97d,
06_tmem_dependency,tmem_fp16_m128n64k16_c512_partial_in1_rd1,1,,NVIDIA Thor,11.0,580.00,13.0,PTX ISA 9.3 / CUDA 13.0,1575.000,,,,fp16,128,64,16,32,128,134,4,discard,same,1,1,32,1,nocount,sw128,sw128,16,16,16,0,512,0,32,partial,1,none,0,4,20,3182167.0,2020.423492063492,,,,,6144,,10.628878828798113,,,0,0.0,1,bf14b28d2af4128daa99f23eec8a5e105636d0b04136f8be580fdc39d6f1f97d,
06_tmem_dependency,tmem_bf16_m128n256k16_c512_none_in0_rd2,1,,NVIDIA Thor,11.0,580.00,13.0,PTX ISA 9.3 / CUDA 13.0,1575.000,,,,bf16,128,256,16,32,128,135,0,discard,same,2,2,32,1,nocount,sw128,sw128,16,16,16,0,512,0,256,none,0,none,0,4,20,3678180.0,2335.352380952381,,,,,12288,,36.78217755085395,,,0,0.0,1,bf14b28d2af4128daa99f23eec8a5e105636d0b04136f8be580fdc39d6f1f97d,; UTCHMMA=21;UTCHMMA_WS=16;UTCBAR=1;UTCATOMSWS=3;SYNCS_TRYWAIT=8;LDS=21;LDG=9;ptx_tcgen05_mma=21;ptx_tcgen05_mma_ws=16;ptx_tcgen05_commit=1;ptx_tcgen05_alloc=1;ptx_tcgen05_dealloc=1;ptx_tcgen05_ld=5;ptx_tcgen05_st=5;ptx_mbarrier_wait=5;ptx_cp_async_tma=2;ptx_ld_shared=26;ptx_ld_global=7
06_tmem_dependency,tmem_bf16_m128n256k16_c512_none_in0_rd2,1,,NVIDIA Thor,11.0,580.00,13.0,PTX ISA 9.3 / CUDA 13.0,1575.000,,,,bf16,128,256,16,32,128,135,1,discard,same,2,2,32,1,nocount,sw128,sw128,16,16,16,0,512,0,256,none,0,none,0,4,20,3678179.0,2335.351746031746,,,,,12288,,36.78218755095932,,,0,0.0,1,bf14b28d2af4128daa99f23eec8a5e105636d0b04136f8be580fdc39d6f1f97d,
06_tmem_dependency,tmem_bf16_m128n256k16_c512_none_in0_rd2,1,,NVIDIA Thor,11.0,580.00,13.0,PTX ISA 9.3 / CUDA 13.0,1575.000,,,,bf16,128,256,16,32,128,135,2,discard,same,2,2,32,1,nocount,sw128,sw128,16,16,16,0,512,0,256,none,0,none,0,4,20,3678181.0,2335.3530158730155,,,,,12288,,36.78216755075403,,,0,0.0,1,bf14b28d2af4128daa99f23eec8a5e105636d0b04136f8be580fdc39d6f1f97d,
06_tmem_dependency,tmem_bf16_m128n256k16_c512_none_in0_rd2,1,,NVIDIA Thor,11.0,580.00,13.0,PTX ISA 9.3 / CUDA 13.0,1575.000,,,,bf16,128,256,16,32,128,135,3,discard,same,2,2,32,1,nocount,sw128,sw128,16,16,16,0,512,0,256,none,0,none,0,4,20,3678177.0,2335.3504761904765,,,,,12288,,36.78220755118636,,,0,0.0,1,bf14b28d2af4128daa99f23eec8a5e105636d0b04136f8be580fdc39d6f1f97d,
06_tmem_dependency,tmem_bf16_m128n256k16_c512_none_in0_rd2,1,,NVIDIA Thor,11.0,580.00,13.0,PTX ISA 9.3 / CUDA 13.0,1575.000,,,,bf16,128,256,16,32,128,135,4,discard,same,2,2,32,1,nocount,sw128,sw128,16,16,16,0,512,0,256,none,0,none,0,4,20,3678187.0,2335.3568253968256,,,,,12288,,36.78210755026865,,,0,0.0,1,bf14b28d2af4128daa99f23eec8a5e105636d0b04136f8be580fdc39d6f1f97d,
06_tmem_dependency,tmem_bf16_m128n64k16_c128_none_in1_rd1,1,,NVIDIA Thor,11.0,580.00,13.0,PTX ISA 9.3 / CUDA 13.0,1575.000,,,,bf16,128,64,16,32,128,136,0,discard,same,2,1,32,1,nocount,sw128,sw128,16,16,16,0,128,0,64,none,1,none,0,4,20,3182163.0,2020.4209523809525,,,,,6144,,10.628892189369305,,,0,0.0,1,bf14b28d2af4128daa99f23eec8a5e105636d0b04136f8be580fdc39d6f1f97d,; UTCHMMA=21;UTCHMMA_WS=16;UTCBAR=1;UTCATOMSWS=3;SYNCS_TRYWAIT=8;LDS=21;LDG=9;ptx_tcgen05_mma=21;ptx_tcgen05_mma_ws=16;ptx_tcgen05_commit=1;ptx_tcgen05_alloc=1;ptx_tcgen05_dealloc=1;ptx_tcgen05_ld=5;ptx_tcgen05_st=5;ptx_mbarrier_wait=5;ptx_cp_async_tma=2;ptx_ld_shared=26;ptx_ld_global=7
06_tmem_dependency,tmem_bf16_m128n64k16_c128_none_in1_rd1,1,,NVIDIA Thor,11.0,580.00,13.0,PTX ISA 9.3 / CUDA 13.0,1575.000,,,,bf16,128,64,16,32,128,136,1,discard,same,2,1,32,1,nocount,sw128,sw128,16,16,16,0,128,0,64,none,1,none,0,4,20,3182167.0,2020.423492063492,,,,,6144,,10.628878828798113,,,0,0.0,1,bf14b28d2af4128daa99f23eec8a5e105636d0b04136f8be580fdc39d6f1f97d,
06_tmem_dependency,tmem_bf16_m128n64k16_c128_none_in1_rd1,1,,NVIDIA Thor,11.0,580.00,13.0,PTX ISA 9.3 / CUDA 13.0,1575.000,,,,bf16,128,64,16,32,128,136,2,discard,same,2,1,32,1,nocount,sw128,sw128,16,16,16,0,128,0,64,none,1,none,0,4,20,3182167.0,2020.423492063492,,,,,6144,,10.628878828798113,,,0,0.0,1,bf14b28d2af4128daa99f23eec8a5e105636d0b04136f8be580fdc39d6f1f97d,
06_tmem_dependency,tmem_bf16_m128n64k16_c128_none_in1_rd1,1,,NVIDIA Thor,11.0,580.00,13.0,PTX ISA 9.3 / CUDA 13.0,1575.000,,,,bf16,128,64,16,32,128,136,3,discard,same,2,1,32,1,nocount,sw128,sw128,16,16,16,0,128,0,64,none,1,none,0,4,20,3182167.0,2020.423492063492,,,,,6144,,10.628878828798113,,,0,0.0,1,bf14b28d2af4128daa99f23eec8a5e105636d0b04136f8be580fdc39d6f1f97d,
06_tmem_dependency,tmem_bf16_m128n64k16_c128_none_in1_rd1,1,,NVIDIA Thor,11.0,580.00,13.0,PTX ISA 9.3 / CUDA 13.0,1575.000,,,,bf16,128,64,16,32,128,136,4,discard,same,2,1,32,1,nocount,sw128,sw128,16,16,16,0,128,0,64,none,1,none,0,4,20,3182157.0,2020.4171428571428,,,,,6144,,10.628912230289078,,,0,0.0,1,bf14b28d2af4128daa99f23eec8a5e105636d0b04136f8be580fdc39d6f1f97d,
06_tmem_dependency,tmem_bf16_m128n128k16_c512_none_in0_rd4,1,,NVIDIA Thor,11.0,580.00,13.0,PTX ISA 9.3 / CUDA 13.0,1575.000,,,,bf16,128,128,16,32,128,137,0,discard,same,4,4,32,1,nocount,sw128,sw128,16,16,16,0,512,0,128,none,0,none,0,4,20,3678987.0,2335.864761904762,,,,,8192,,18.387054619111183,,,0,0.0,1,bf14b28d2af4128daa99f23eec8a5e105636d0b04136f8be580fdc39d6f1f97d,; UTCHMMA=21;UTCHMMA_WS=16;UTCBAR=1;UTCATOMSWS=3;SYNCS_TRYWAIT=8;LDS=21;LDG=9;ptx_tcgen05_mma=21;ptx_tcgen05_mma_ws=16;ptx_tcgen05_commit=1;ptx_tcgen05_alloc=1;ptx_tcgen05_dealloc=1;ptx_tcgen05_ld=5;ptx_tcgen05_st=5;ptx_mbarrier_wait=5;ptx_cp_async_tma=2;ptx_ld_shared=26;ptx_ld_global=7
06_tmem_dependency,tmem_bf16_m128n128k16_c512_none_in0_rd4,1,,NVIDIA Thor,11.0,580.00,13.0,PTX ISA 9.3 / CUDA 13.0,1575.000,,,,bf16,128,128,16,32,128,137,1,discard,same,4,4,32,1,nocount,sw128,sw128,16,16,16,0,512,0,128,none,0,none,0,4,20,3678990.0,2335.8666666666663,,,,,8192,,18.387039625549406,,,0,0.0,1,bf14b28d2af4128daa99f23eec8a5e105636d0b04136f8be580fdc39d6f1f97d,
06_tmem_dependency,tmem_bf16_m128n128k16_c512_none_in0_rd4,1,,NVIDIA Thor,11.0,580.00,13.0,PTX ISA 9.3 / CUDA 13.0,1575.000,,,,bf16,128,128,16,32,128,137,2,discard,same,4,4,32,1,nocount,sw128,sw128,16,16,16,0,512,0,128,none,0,none,0,4,20,3678960.0,2335.847619047619,,,,,8192,,18.387189562267597,,,0,0.0,1,bf14b28d2af4128daa99f23eec8a5e105636d0b04136f8be580fdc39d6f1f97d,
06_tmem_dependency,tmem_bf16_m128n128k16_c512_none_in0_rd4,1,,NVIDIA Thor,11.0,580.00,13.0,PTX ISA 9.3 / CUDA 13.0,1575.000,,,,bf16,128,128,16,32,128,137,3,discard,same,4,4,32,1,nocount,sw128,sw128,16,16,16,0,512,0,128,none,0,none,0,4,20,3678994.0,2335.8692063492063,,,,,8192,,18.387019634171736,,,0,0.0,1,bf14b28d2af4128daa99f23eec8a5e105636d0b04136f8be580fdc39d6f1f97d,
06_tmem_dependency,tmem_bf16_m128n128k16_c512_none_in0_rd4,1,,NVIDIA Thor,11.0,580.00,13.0,PTX ISA 9.3 / CUDA 13.0,1575.000,,,,bf16,128,128,16,32,128,137,4,discard,same,4,4,32,1,nocount,sw128,sw128,16,16,16,0,512,0,128,none,0,none,0,4,20,3678996.0,2335.8704761904764,,,,,8192,,18.387009638499197,,,0,0.0,1,bf14b28d2af4128daa99f23eec8a5e105636d0b04136f8be580fdc39d6f1f97d,
06_tmem_dependency,tmem_fp16_m128n128k16_c512_partial_in1_rd2,1,,NVIDIA Thor,11.0,580.00,13.0,PTX ISA 9.3 / CUDA 13.0,1575.000,,,,fp16,128,128,16,32,128,138,0,discard,same,1,2,32,1,nocount,sw128,sw128,16,16,16,0,512,0,64,partial,1,none,0,4,20,3678995.0,2335.869841269841,,,,,8192,,18.387014636334108,,,0,0.0,1,bf14b28d2af4128daa99f23eec8a5e105636d0b04136f8be580fdc39d6f1f97d,; UTCHMMA=21;UTCHMMA_WS=16;UTCBAR=1;UTCATOMSWS=3;SYNCS_TRYWAIT=8;LDS=21;LDG=9;ptx_tcgen05_mma=21;ptx_tcgen05_mma_ws=16;ptx_tcgen05_commit=1;ptx_tcgen05_alloc=1;ptx_tcgen05_dealloc=1;ptx_tcgen05_ld=5;ptx_tcgen05_st=5;ptx_mbarrier_wait=5;ptx_cp_async_tma=2;ptx_ld_shared=26;ptx_ld_global=7
06_tmem_dependency,tmem_fp16_m128n128k16_c512_partial_in1_rd2,1,,NVIDIA Thor,11.0,580.00,13.0,PTX ISA 9.3 / CUDA 13.0,1575.000,,,,fp16,128,128,16,32,128,138,1,discard,same,1,2,32,1,nocount,sw128,sw128,16,16,16,0,512,0,64,partial,1,none,0,4,20,3678958.0,2335.8463492063493,,,,,8192,,18.387199558135755,,,0,0.0,1,bf14b28d2af4128daa99f23eec8a5e105636d0b04136f8be580fdc39d6f1f97d,
06_tmem_dependency,tmem_fp16_m128n128k16_c512_partial_in1_rd2,1,,NVIDIA Thor,11.0,580.00,13.0,PTX ISA 9.3 / CUDA 13.0,1575.000,,,,fp16,128,128,16,32,128,138,2,discard,same,1,2,32,1,nocount,sw128,sw128,16,16,16,0,512,0,64,partial,1,none,0,4,20,3678998.0,2335.871746031746,,,,,8192,,18.38699964283753,,,0,0.0,1,bf14b28d2af4128daa99f23eec8a5e105636d0b04136f8be580fdc39d6f1f97d,
06_tmem_dependency,tmem_fp16_m128n128k16_c512_partial_in1_rd2,1,,NVIDIA Thor,11.0,580.00,13.0,PTX ISA 9.3 / CUDA 13.0,1575.000,,,,fp16,128,128,16,32,128,138,3,discard,same,1,2,32,1,nocount,sw128,sw128,16,16,16,0,512,0,64,partial,1,none,0,4,20,3678985.0,2335.8634920634922,,,,,8192,,18.387064614832624,,,0,0.0,1,bf14b28d2af4128daa99f23eec8a5e105636d0b04136f8be580fdc39d6f1f97d,
06_tmem_dependency,tmem_fp16_m128n128k16_c512_partial_in1_rd2,1,,NVIDIA Thor,11.0,580.00,13.0,PTX ISA 9.3 / CUDA 13.0,1575.000,,,,fp16,128,128,16,32,128,138,4,discard,same,1,2,32,1,nocount,sw128,sw128,16,16,16,0,512,0,64,partial,1,none,0,4,20,3678992.0,2335.8679365079365,,,,,8192,,18.38702962985513,,,0,0.0,1,bf14b28d2af4128daa99f23eec8a5e105636d0b04136f8be580fdc39d6f1f97d,
06_tmem_dependency,tmem_bf16_m128n64k16_c128_full_in1_rd2,1,,NVIDIA Thor,11.0,580.00,13.0,PTX ISA 9.3 / CUDA 13.0,1575.000,,,,bf16,128,64,16,32,128,139,0,discard,same,1,1,32,1,nocount,sw128,sw128,16,16,16,0,128,0,0,full,1,none,0,4,20,3182157.0,2020.4171428571428,,,,,6144,,10.628912230289078,,,0,0.0,1,bf14b28d2af4128daa99f23eec8a5e105636d0b04136f8be580fdc39d6f1f97d,; UTCHMMA=21;UTCHMMA_WS=16;UTCBAR=1;UTCATOMSWS=3;SYNCS_TRYWAIT=8;LDS=21;LDG=9;ptx_tcgen05_mma=21;ptx_tcgen05_mma_ws=16;ptx_tcgen05_commit=1;ptx_tcgen05_alloc=1;ptx_tcgen05_dealloc=1;ptx_tcgen05_ld=5;ptx_tcgen05_st=5;ptx_mbarrier_wait=5;ptx_cp_async_tma=2;ptx_ld_shared=26;ptx_ld_global=7
06_tmem_dependency,tmem_bf16_m128n64k16_c128_full_in1_rd2,1,,NVIDIA Thor,11.0,580.00,13.0,PTX ISA 9.3 / CUDA 13.0,1575.000,,,,bf16,128,64,16,32,128,139,1,discard,same,1,1,32,1,nocount,sw128,sw128,16,16,16,0,128,0,0,full,1,none,0,4,20,3182154.0,2020.4152380952382,,,,,6144,,10.628922250777302,,,0,0.0,1,bf14b28d2af4128daa99f23eec8a5e105636d0b04136f8be580fdc39d6f1f97d,
06_tmem_dependency,tmem_bf16_m128n64k16_c128_full_in1_rd2,1,,NVIDIA Thor,11.0,580.00,13.0,PTX ISA 9.3 / CUDA 13.0,1575.000,,,,bf16,128,64,16,32,128,139,2,discard,same,1,1,32,1,nocount,sw128,sw128,16,16,16,0,128,0,0,full,1,none,0,4,20,3182162.0,2020.4203174603174,,,,,6144,,10.628895529517354,,,0,0.0,1,bf14b28d2af4128daa99f23eec8a5e105636d0b04136f8be580fdc39d6f1f97d,
06_tmem_dependency,tmem_bf16_m128n64k16_c128_full_in1_rd2,1,,NVIDIA Thor,11.0,580.00,13.0,PTX ISA 9.3 / CUDA 13.0,1575.000,,,,bf16,128,64,16,32,128,139,3,discard,same,1,1,32,1,nocount,sw128,sw128,16,16,16,0,128,0,0,full,1,none,0,4,20,3182160.0,2020.4190476190474,,,,,6144,,10.628902209819746,,,0,0.0,1,bf14b28d2af4128daa99f23eec8a5e105636d0b04136f8be580fdc39d6f1f97d,
06_tmem_dependency,tmem_bf16_m128n64k16_c128_full_in1_rd2,1,,NVIDIA Thor,11.0,580.00,13.0,PTX ISA 9.3 / CUDA 13.0,1575.000,,,,bf16,128,64,16,32,128,139,4,discard,same,1,1,32,1,nocount,sw128,sw128,16,16,16,0,128,0,0,full,1,none,0,4,20,3182161.0,2020.4196825396825,,,,,6144,,10.6288988696675,,,0,0.0,1,bf14b28d2af4128daa99f23eec8a5e105636d0b04136f8be580fdc39d6f1f97d,
06_tmem_dependency,tmem_bf16_m128n128k16_c512_partial_in0_rd2,1,,NVIDIA Thor,11.0,580.00,13.0,PTX ISA 9.3 / CUDA 13.0,1575.000,,,,bf16,128,128,16,32,128,140,0,discard,same,1,2,32,1,nocount,sw128,sw128,16,16,16,0,512,0,64,partial,0,none,0,4,20,3678993.0,2335.8685714285716,,,,,8192,,18.387024632012075,,,0,0.0,1,bf14b28d2af4128daa99f23eec8a5e105636d0b04136f8be580fdc39d6f1f97d,; UTCHMMA=21;UTCHMMA_WS=16;UTCBAR=1;UTCATOMSWS=3;SYNCS_TRYWAIT=8;LDS=21;LDG=9;ptx_tcgen05_mma=21;ptx_tcgen05_mma_ws=16;ptx_tcgen05_commit=1;ptx_tcgen05_alloc=1;ptx_tcgen05_dealloc=1;ptx_tcgen05_ld=5;ptx_tcgen05_st=5;ptx_mbarrier_wait=5;ptx_cp_async_tma=2;ptx_ld_shared=26;ptx_ld_global=7
06_tmem_dependency,tmem_bf16_m128n128k16_c512_partial_in0_rd2,1,,NVIDIA Thor,11.0,580.00,13.0,PTX ISA 9.3 / CUDA 13.0,1575.000,,,,bf16,128,128,16,32,128,140,1,discard,same,1,2,32,1,nocount,sw128,sw128,16,16,16,0,512,0,64,partial,0,none,0,4,20,3678991.0,2335.867301587302,,,,,8192,,18.38703462770091,,,0,0.0,1,bf14b28d2af4128daa99f23eec8a5e105636d0b04136f8be580fdc39d6f1f97d,
06_tmem_dependency,tmem_bf16_m128n128k16_c512_partial_in0_rd2,1,,NVIDIA Thor,11.0,580.00,13.0,PTX ISA 9.3 / CUDA 13.0,1575.000,,,,bf16,128,128,16,32,128,140,2,discard,same,1,2,32,1,nocount,sw128,sw128,16,16,16,0,512,0,64,partial,0,none,0,4,20,3678992.0,2335.8679365079365,,,,,8192,,18.38702962985513,,,0,0.0,1,bf14b28d2af4128daa99f23eec8a5e105636d0b04136f8be580fdc39d6f1f97d,
06_tmem_dependency,tmem_bf16_m128n128k16_c512_partial_in0_rd2,1,,NVIDIA Thor,11.0,580.00,13.0,PTX ISA 9.3 / CUDA 13.0,1575.000,,,,bf16,128,128,16,32,128,140,3,discard,same,1,2,32,1,nocount,sw128,sw128,16,16,16,0,512,0,64,partial,0,none,0,4,20,3678986.0,2335.864126984127,,,,,8192,,18.387059616970546,,,0,0.0,1,bf14b28d2af4128daa99f23eec8a5e105636d0b04136f8be580fdc39d6f1f97d,
06_tmem_dependency,tmem_bf16_m128n128k16_c512_partial_in0_rd2,1,,NVIDIA Thor,11.0,580.00,13.0,PTX ISA 9.3 / CUDA 13.0,1575.000,,,,bf16,128,128,16,32,128,140,4,discard,same,1,2,32,1,nocount,sw128,sw128,16,16,16,0,512,0,64,partial,0,none,0,4,20,3678961.0,2335.848253968254,,,,,8192,,18.387184564337595,,,0,0.0,1,bf14b28d2af4128daa99f23eec8a5e105636d0b04136f8be580fdc39d6f1f97d,
06_tmem_dependency,tmem_bf16_m128n128k16_c128_none_in0_rd1,1,,NVIDIA Thor,11.0,580.00,13.0,PTX ISA 9.3 / CUDA 13.0,1575.000,,,,bf16,128,128,16,32,128,141,0,discard,same,1,1,32,1,nocount,sw128,sw128,16,16,16,0,128,0,128,none,0,none,0,4,20,3181154.0,2019.7803174603173,,,,,8192,,21.264526933307852,,,0,0.0,1,bf14b28d2af4128daa99f23eec8a5e105636d0b04136f8be580fdc39d6f1f97d,; UTCHMMA=21;UTCHMMA_WS=16;UTCBAR=1;UTCATOMSWS=3;SYNCS_TRYWAIT=8;LDS=21;LDG=9;ptx_tcgen05_mma=21;ptx_tcgen05_mma_ws=16;ptx_tcgen05_commit=1;ptx_tcgen05_alloc=1;ptx_tcgen05_dealloc=1;ptx_tcgen05_ld=5;ptx_tcgen05_st=5;ptx_mbarrier_wait=5;ptx_cp_async_tma=2;ptx_ld_shared=26;ptx_ld_global=7
06_tmem_dependency,tmem_bf16_m128n128k16_c128_none_in0_rd1,1,,NVIDIA Thor,11.0,580.00,13.0,PTX ISA 9.3 / CUDA 13.0,1575.000,,,,bf16,128,128,16,32,128,141,1,discard,same,1,1,32,1,nocount,sw128,sw128,16,16,16,0,128,0,128,none,0,none,0,4,20,3181521.0,2020.0133333333333,,,,,8192,,21.26207399291094,,,0,0.0,1,bf14b28d2af4128daa99f23eec8a5e105636d0b04136f8be580fdc39d6f1f97d,
06_tmem_dependency,tmem_bf16_m128n128k16_c128_none_in0_rd1,1,,NVIDIA Thor,11.0,580.00,13.0,PTX ISA 9.3 / CUDA 13.0,1575.000,,,,bf16,128,128,16,32,128,141,2,discard,same,1,1,32,1,nocount,sw128,sw128,16,16,16,0,128,0,128,none,0,none,0,4,20,3181152.0,2019.7790476190478,,,,,8192,,21.26454030238102,,,0,0.0,1,bf14b28d2af4128daa99f23eec8a5e105636d0b04136f8be580fdc39d6f1f97d,
06_tmem_dependency,tmem_bf16_m128n128k16_c128_none_in0_rd1,1,,NVIDIA Thor,11.0,580.00,13.0,PTX ISA 9.3 / CUDA 13.0,1575.000,,,,bf16,128,128,16,32,128,141,3,discard,same,1,1,32,1,nocount,sw128,sw128,16,16,16,0,128,0,128,none,0,none,0,4,20,3181521.0,2020.0133333333333,,,,,8192,,21.26207399291094,,,0,0.0,1,bf14b28d2af4128daa99f23eec8a5e105636d0b04136f8be580fdc39d6f1f97d,
06_tmem_dependency,tmem_bf16_m128n128k16_c128_none_in0_rd1,1,,NVIDIA Thor,11.0,580.00,13.0,PTX ISA 9.3 / CUDA 13.0,1575.000,,,,bf16,128,128,16,32,128,141,4,discard,same,1,1,32,1,nocount,sw128,sw128,16,16,16,0,128,0,128,none,0,none,0,4,20,3181151.0,2019.7784126984127,,,,,8192,,21.264546986923918,,,0,0.0,1,bf14b28d2af4128daa99f23eec8a5e105636d0b04136f8be580fdc39d6f1f97d,
06_tmem_dependency,tmem_fp16_m128n128k16_c512_full_in0_rd1,1,,NVIDIA Thor,11.0,580.00,13.0,PTX ISA 9.3 / CUDA 13.0,1575.000,,,,fp16,128,128,16,32,128,142,0,discard,same,1,1,32,1,nocount,sw128,sw128,16,16,16,0,512,0,0,full,0,none,0,4,20,3181146.0,2019.7752380952381,,,,,8192,,21.26458040970141,,,0,0.0,1,bf14b28d2af4128daa99f23eec8a5e105636d0b04136f8be580fdc39d6f1f97d,; UTCHMMA=21;UTCHMMA_WS=16;UTCBAR=1;UTCATOMSWS=3;SYNCS_TRYWAIT=8;LDS=21;LDG=9;ptx_tcgen05_mma=21;ptx_tcgen05_mma_ws=16;ptx_tcgen05_commit=1;ptx_tcgen05_alloc=1;ptx_tcgen05_dealloc=1;ptx_tcgen05_ld=5;ptx_tcgen05_st=5;ptx_mbarrier_wait=5;ptx_cp_async_tma=2;ptx_ld_shared=26;ptx_ld_global=7
06_tmem_dependency,tmem_fp16_m128n128k16_c512_full_in0_rd1,1,,NVIDIA Thor,11.0,580.00,13.0,PTX ISA 9.3 / CUDA 13.0,1575.000,,,,fp16,128,128,16,32,128,142,1,discard,same,1,1,32,1,nocount,sw128,sw128,16,16,16,0,512,0,0,full,0,none,0,4,20,3181154.0,2019.7803174603173,,,,,8192,,21.264526933307852,,,0,0.0,1,bf14b28d2af4128daa99f23eec8a5e105636d0b04136f8be580fdc39d6f1f97d,
06_tmem_dependency,tmem_fp16_m128n128k16_c512_full_in0_rd1,1,,NVIDIA Thor,11.0,580.00,13.0,PTX ISA 9.3 / CUDA 13.0,1575.000,,,,fp16,128,128,16,32,128,142,2,discard,same,1,1,32,1,nocount,sw128,sw128,16,16,16,0,512,0,0,full,0,none,0,4,20,3181523.0,2020.0146031746033,,,,,8192,,21.262060626938734,,,0,0.0,1,bf14b28d2af4128daa99f23eec8a5e105636d0b04136f8be580fdc39d6f1f97d,
06_tmem_dependency,tmem_fp16_m128n128k16_c512_full_in0_rd1,1,,NVIDIA Thor,11.0,580.00,13.0,PTX ISA 9.3 / CUDA 13.0,1575.000,,,,fp16,128,128,16,32,128,142,3,discard,same,1,1,32,1,nocount,sw128,sw128,16,16,16,0,512,0,0,full,0,none,0,4,20,3181153.0,2019.7796825396824,,,,,8192,,21.264533617842336,,,0,0.0,1,bf14b28d2af4128daa99f23eec8a5e105636d0b04136f8be580fdc39d6f1f97d,
06_tmem_dependency,tmem_fp16_m128n128k16_c512_full_in0_rd1,1,,NVIDIA Thor,11.0,580.00,13.0,PTX ISA 9.3 / CUDA 13.0,1575.000,,,,fp16,128,128,16,32,128,142,4,discard,same,1,1,32,1,nocount,sw128,sw128,16,16,16,0,512,0,0,full,0,none,0,4,20,3181526.0,2020.0165079365079,,,,,8192,,21.262040578011938,,,0,0.0,1,bf14b28d2af4128daa99f23eec8a5e105636d0b04136f8be580fdc39d6f1f97d,
06_tmem_dependency,tmem_bf16_m128n64k16_c512_partial_in1_rd8,1,,NVIDIA Thor,11.0,580.00,13.0,PTX ISA 9.3 / CUDA 13.0,1575.000,,,,bf16,128,64,16,32,128,143,0,discard,same,1,8,32,1,nocount,sw128,sw128,16,16,16,0,512,0,32,partial,1,none,0,4,20,3678581.0,2335.606984126984,,,,,6144,,9.194541986706287,,,0,0.0,1,bf14b28d2af4128daa99f23eec8a5e105636d0b04136f8be580fdc39d6f1f97d,; UTCHMMA=21;UTCHMMA_WS=16;UTCBAR=1;UTCATOMSWS=3;SYNCS_TRYWAIT=8;LDS=21;LDG=9;ptx_tcgen05_mma=21;ptx_tcgen05_mma_ws=16;ptx_tcgen05_commit=1;ptx_tcgen05_alloc=1;ptx_tcgen05_dealloc=1;ptx_tcgen05_ld=5;ptx_tcgen05_st=5;ptx_mbarrier_wait=5;ptx_cp_async_tma=2;ptx_ld_shared=26;ptx_ld_global=7
06_tmem_dependency,tmem_bf16_m128n64k16_c512_partial_in1_rd8,1,,NVIDIA Thor,11.0,580.00,13.0,PTX ISA 9.3 / CUDA 13.0,1575.000,,,,bf16,128,64,16,32,128,143,1,discard,same,1,8,32,1,nocount,sw128,sw128,16,16,16,0,512,0,32,partial,1,none,0,4,20,3678591.0,2335.6133333333332,,,,,6144,,9.194516991967848,,,0,0.0,1,bf14b28d2af4128daa99f23eec8a5e105636d0b04136f8be580fdc39d6f1f97d,
06_tmem_dependency,tmem_bf16_m128n64k16_c512_partial_in1_rd8,1,,NVIDIA Thor,11.0,580.00,13.0,PTX ISA 9.3 / CUDA 13.0,1575.000,,,,bf16,128,64,16,32,128,143,2,discard,same,1,8,32,1,nocount,sw128,sw128,16,16,16,0,512,0,32,partial,1,none,0,4,20,3678578.0,2335.6050793650793,,,,,6144,,9.194549485154319,,,0,0.0,1,bf14b28d2af4128daa99f23eec8a5e105636d0b04136f8be580fdc39d6f1f97d,
06_tmem_dependency,tmem_bf16_m128n64k16_c512_partial_in1_rd8,1,,NVIDIA Thor,11.0,580.00,13.0,PTX ISA 9.3 / CUDA 13.0,1575.000,,,,bf16,128,64,16,32,128,143,3,discard,same,1,8,32,1,nocount,sw128,sw128,16,16,16,0,512,0,32,partial,1,none,0,4,20,3678582.0,2335.607619047619,,,,,6144,,9.194539487226328,,,0,0.0,1,bf14b28d2af4128daa99f23eec8a5e105636d0b04136f8be580fdc39d6f1f97d,
06_tmem_dependency,tmem_bf16_m128n64k16_c512_partial_in1_rd8,1,,NVIDIA Thor,11.0,580.00,13.0,PTX ISA 9.3 / CUDA 13.0,1575.000,,,,bf16,128,64,16,32,128,143,4,discard,same,1,8,32,1,nocount,sw128,sw128,16,16,16,0,512,0,32,partial,1,none,0,4,20,3678620.0,2335.631746031746,,,,,6144,,9.194444507994845,,,0,0.0,1,bf14b28d2af4128daa99f23eec8a5e105636d0b04136f8be580fdc39d6f1f97d,
06_tmem_dependency,tmem_bf16_m128n64k16_c256_partial_in1_rd2,1,,NVIDIA Thor,11.0,580.00,13.0,PTX ISA 9.3 / CUDA 13.0,1575.000,,,,bf16,128,64,16,32,128,144,0,discard,same,1,2,32,1,nocount,sw128,sw128,16,16,16,0,256,0,32,partial,1,none,0,4,20,3678964.0,2335.850158730159,,,,,6144,,9.193584785281944,,,0,0.0,1,bf14b28d2af4128daa99f23eec8a5e105636d0b04136f8be580fdc39d6f1f97d,; UTCHMMA=21;UTCHMMA_WS=16;UTCBAR=1;UTCATOMSWS=3;SYNCS_TRYWAIT=8;LDS=21;LDG=9;ptx_tcgen05_mma=21;ptx_tcgen05_mma_ws=16;ptx_tcgen05_commit=1;ptx_tcgen05_alloc=1;ptx_tcgen05_dealloc=1;ptx_tcgen05_ld=5;ptx_tcgen05_st=5;ptx_mbarrier_wait=5;ptx_cp_async_tma=2;ptx_ld_shared=26;ptx_ld_global=7
06_tmem_dependency,tmem_bf16_m128n64k16_c256_partial_in1_rd2,1,,NVIDIA Thor,11.0,580.00,13.0,PTX ISA 9.3 / CUDA 13.0,1575.000,,,,bf16,128,64,16,32,128,144,1,discard,same,1,2,32,1,nocount,sw128,sw128,16,16,16,0,256,0,32,partial,1,none,0,4,20,3678966.0,2335.8514285714286,,,,,6144,,9.193579787364166,,,0,0.0,1,bf14b28d2af4128daa99f23eec8a5e105636d0b04136f8be580fdc39d6f1f97d,
06_tmem_dependency,tmem_bf16_m128n64k16_c256_partial_in1_rd2,1,,NVIDIA Thor,11.0,580.00,13.0,PTX ISA 9.3 / CUDA 13.0,1575.000,,,,bf16,128,64,16,32,128,144,2,discard,same,1,2,32,1,nocount,sw128,sw128,16,16,16,0,256,0,32,partial,1,none,0,4,20,3678956.0,2335.845079365079,,,,,6144,,9.19360477700739,,,0,0.0,1,bf14b28d2af4128daa99f23eec8a5e105636d0b04136f8be580fdc39d6f1f97d,
06_tmem_dependency,tmem_bf16_m128n64k16_c256_partial_in1_rd2,1,,NVIDIA Thor,11.0,580.00,13.0,PTX ISA 9.3 / CUDA 13.0,1575.000,,,,bf16,128,64,16,32,128,144,3,discard,same,1,2,32,1,nocount,sw128,sw128,16,16,16,0,256,0,32,partial,1,none,0,4,20,3678959.0,2335.8469841269844,,,,,6144,,9.193597280100159,,,0,0.0,1,bf14b28d2af4128daa99f23eec8a5e105636d0b04136f8be580fdc39d6f1f97d,
06_tmem_dependency,tmem_bf16_m128n64k16_c256_partial_in1_rd2,1,,NVIDIA Thor,11.0,580.00,13.0,PTX ISA 9.3 / CUDA 13.0,1575.000,,,,bf16,128,64,16,32,128,144,4,discard,same,1,2,32,1,nocount,sw128,sw128,16,16,16,0,256,0,32,partial,1,none,0,4,20,3678958.0,2335.8463492063493,,,,,6144,,9.193599779067878,,,0,0.0,1,bf14b28d2af4128daa99f23eec8a5e105636d0b04136f8be580fdc39d6f1f97d,
06_tmem_dependency,tmem_fp16_m128n64k16_c512_partial_in0_rd1,1,,NVIDIA Thor,11.0,580.00,13.0,PTX ISA 9.3 / CUDA 13.0,1575.000,,,,fp16,128,64,16,32,128,145,0,discard,same,1,1,32,1,nocount,sw128,sw128,16,16,16,0,512,0,32,partial,0,none,0,4,20,3182153.0,2020.4146031746031,,,,,6144,,10.628925590944243,,,0,0.0,1,bf14b28d2af4128daa99f23eec8a5e105636d0b04136f8be580fdc39d6f1f97d,; UTCHMMA=21;UTCHMMA_WS=16;UTCBAR=1;UTCATOMSWS=3;SYNCS_TRYWAIT=8;LDS=21;LDG=9;ptx_tcgen05_mma=21;ptx_tcgen05_mma_ws=16;ptx_tcgen05_commit=1;ptx_tcgen05_alloc=1;ptx_tcgen05_dealloc=1;ptx_tcgen05_ld=5;ptx_tcgen05_st=5;ptx_mbarrier_wait=5;ptx_cp_async_tma=2;ptx_ld_shared=26;ptx_ld_global=7
06_tmem_dependency,tmem_fp16_m128n64k16_c512_partial_in0_rd1,1,,NVIDIA Thor,11.0,580.00,13.0,PTX ISA 9.3 / CUDA 13.0,1575.000,,,,fp16,128,64,16,32,128,145,1,discard,same,1,1,32,1,nocount,sw128,sw128,16,16,16,0,512,0,32,partial,0,none,0,4,20,3182159.0,2020.4184126984128,,,,,6144,,10.628905549974089,,,0,0.0,1,bf14b28d2af4128daa99f23eec8a5e105636d0b04136f8be580fdc39d6f1f97d,
06_tmem_dependency,tmem_fp16_m128n64k16_c512_partial_in0_rd1,1,,NVIDIA Thor,11.0,580.00,13.0,PTX ISA 9.3 / CUDA 13.0,1575.000,,,,fp16,128,64,16,32,128,145,2,discard,same,1,1,32,1,nocount,sw128,sw128,16,16,16,0,512,0,32,partial,0,none,0,4,20,3182157.0,2020.4171428571428,,,,,6144,,10.628912230289078,,,0,0.0,1,bf14b28d2af4128daa99f23eec8a5e105636d0b04136f8be580fdc39d6f1f97d,
06_tmem_dependency,tmem_fp16_m128n64k16_c512_partial_in0_rd1,1,,NVIDIA Thor,11.0,580.00,13.0,PTX ISA 9.3 / CUDA 13.0,1575.000,,,,fp16,128,64,16,32,128,145,3,discard,same,1,1,32,1,nocount,sw128,sw128,16,16,16,0,512,0,32,partial,0,none,0,4,20,3182167.0,2020.423492063492,,,,,6144,,10.628878828798113,,,0,0.0,1,bf14b28d2af4128daa99f23eec8a5e105636d0b04136f8be580fdc39d6f1f97d,
06_tmem_dependency,tmem_fp16_m128n64k16_c512_partial_in0_rd1,1,,NVIDIA Thor,11.0,580.00,13.0,PTX ISA 9.3 / CUDA 13.0,1575.000,,,,fp16,128,64,16,32,128,145,4,discard,same,1,1,32,1,nocount,sw128,sw128,16,16,16,0,512,0,32,partial,0,none,0,4,20,3182157.0,2020.4171428571428,,,,,6144,,10.628912230289078,,,0,0.0,1,bf14b28d2af4128daa99f23eec8a5e105636d0b04136f8be580fdc39d6f1f97d,
06_tmem_dependency,tmem_bf16_m128n128k16_c256_none_in0_rd2,1,,NVIDIA Thor,11.0,580.00,13.0,PTX ISA 9.3 / CUDA 13.0,1575.000,,,,bf16,128,128,16,32,128,146,0,discard,same,2,2,32,1,nocount,sw128,sw128,16,16,16,0,256,0,128,none,0,none,0,4,20,3678995.0,2335.869841269841,,,,,8192,,18.387014636334108,,,0,0.0,1,bf14b28d2af4128daa99f23eec8a5e105636d0b04136f8be580fdc39d6f1f97d,; UTCHMMA=21;UTCHMMA_WS=16;UTCBAR=1;UTCATOMSWS=3;SYNCS_TRYWAIT=8;LDS=21;LDG=9;ptx_tcgen05_mma=21;ptx_tcgen05_mma_ws=16;ptx_tcgen05_commit=1;ptx_tcgen05_alloc=1;ptx_tcgen05_dealloc=1;ptx_tcgen05_ld=5;ptx_tcgen05_st=5;ptx_mbarrier_wait=5;ptx_cp_async_tma=2;ptx_ld_shared=26;ptx_ld_global=7
06_tmem_dependency,tmem_bf16_m128n128k16_c256_none_in0_rd2,1,,NVIDIA Thor,11.0,580.00,13.0,PTX ISA 9.3 / CUDA 13.0,1575.000,,,,bf16,128,128,16,32,128,146,1,discard,same,2,2,32,1,nocount,sw128,sw128,16,16,16,0,256,0,128,none,0,none,0,4,20,3678963.0,2335.849523809524,,,,,8192,,18.387174568485744,,,0,0.0,1,bf14b28d2af4128daa99f23eec8a5e105636d0b04136f8be580fdc39d6f1f97d,
06_tmem_dependency,tmem_bf16_m128n128k16_c256_none_in0_rd2,1,,NVIDIA Thor,11.0,580.00,13.0,PTX ISA 9.3 / CUDA 13.0,1575.000,,,,bf16,128,128,16,32,128,146,2,discard,same,2,2,32,1,nocount,sw128,sw128,16,16,16,0,256,0,128,none,0,none,0,4,20,3678993.0,2335.8685714285716,,,,,8192,,18.387024632012075,,,0,0.0,1,bf14b28d2af4128daa99f23eec8a5e105636d0b04136f8be580fdc39d6f1f97d,
06_tmem_dependency,tmem_bf16_m128n128k16_c256_none_in0_rd2,1,,NVIDIA Thor,11.0,580.00,13.0,PTX ISA 9.3 / CUDA 13.0,1575.000,,,,bf16,128,128,16,32,128,146,3,discard,same,2,2,32,1,nocount,sw128,sw128,16,16,16,0,256,0,128,none,0,none,0,4,20,3678991.0,2335.867301587302,,,,,8192,,18.38703462770091,,,0,0.0,1,bf14b28d2af4128daa99f23eec8a5e105636d0b04136f8be580fdc39d6f1f97d,
06_tmem_dependency,tmem_bf16_m128n128k16_c256_none_in0_rd2,1,,NVIDIA Thor,11.0,580.00,13.0,PTX ISA 9.3 / CUDA 13.0,1575.000,,,,bf16,128,128,16,32,128,146,4,discard,same,2,2,32,1,nocount,sw128,sw128,16,16,16,0,256,0,128,none,0,none,0,4,20,3678990.0,2335.8666666666663,,,,,8192,,18.387039625549406,,,0,0.0,1,bf14b28d2af4128daa99f23eec8a5e105636d0b04136f8be580fdc39d6f1f97d,
06_tmem_dependency,tmem_fp16_m128n64k16_c256_full_in0_rd1,1,,NVIDIA Thor,11.0,580.00,13.0,PTX ISA 9.3 / CUDA 13.0,1575.000,,,,fp16,128,64,16,32,128,147,0,discard,same,1,1,32,1,nocount,sw128,sw128,16,16,16,0,256,0,0,full,0,none,0,4,20,3182158.0,2020.417777777778,,,,,6144,,10.628908890130534,,,0,0.0,1,bf14b28d2af4128daa99f23eec8a5e105636d0b04136f8be580fdc39d6f1f97d,; UTCHMMA=21;UTCHMMA_WS=16;UTCBAR=1;UTCATOMSWS=3;SYNCS_TRYWAIT=8;LDS=21;LDG=9;ptx_tcgen05_mma=21;ptx_tcgen05_mma_ws=16;ptx_tcgen05_commit=1;ptx_tcgen05_alloc=1;ptx_tcgen05_dealloc=1;ptx_tcgen05_ld=5;ptx_tcgen05_st=5;ptx_mbarrier_wait=5;ptx_cp_async_tma=2;ptx_ld_shared=26;ptx_ld_global=7
06_tmem_dependency,tmem_fp16_m128n64k16_c256_full_in0_rd1,1,,NVIDIA Thor,11.0,580.00,13.0,PTX ISA 9.3 / CUDA 13.0,1575.000,,,,fp16,128,64,16,32,128,147,1,discard,same,1,1,32,1,nocount,sw128,sw128,16,16,16,0,256,0,0,full,0,none,0,4,20,3182156.0,2020.4165079365082,,,,,6144,,10.628915570449719,,,0,0.0,1,bf14b28d2af4128daa99f23eec8a5e105636d0b04136f8be580fdc39d6f1f97d,
06_tmem_dependency,tmem_fp16_m128n64k16_c256_full_in0_rd1,1,,NVIDIA Thor,11.0,580.00,13.0,PTX ISA 9.3 / CUDA 13.0,1575.000,,,,fp16,128,64,16,32,128,147,2,discard,same,1,1,32,1,nocount,sw128,sw128,16,16,16,0,256,0,0,full,0,none,0,4,20,3182158.0,2020.417777777778,,,,,6144,,10.628908890130534,,,0,0.0,1,bf14b28d2af4128daa99f23eec8a5e105636d0b04136f8be580fdc39d6f1f97d,
06_tmem_dependency,tmem_fp16_m128n64k16_c256_full_in0_rd1,1,,NVIDIA Thor,11.0,580.00,13.0,PTX ISA 9.3 / CUDA 13.0,1575.000,,,,fp16,128,64,16,32,128,147,3,discard,same,1,1,32,1,nocount,sw128,sw128,16,16,16,0,256,0,0,full,0,none,0,4,20,3182169.0,2020.4247619047617,,,,,6144,,10.628872148525112,,,0,0.0,1,bf14b28d2af4128daa99f23eec8a5e105636d0b04136f8be580fdc39d6f1f97d,
06_tmem_dependency,tmem_fp16_m128n64k16_c256_full_in0_rd1,1,,NVIDIA Thor,11.0,580.00,13.0,PTX ISA 9.3 / CUDA 13.0,1575.000,,,,fp16,128,64,16,32,128,147,4,discard,same,1,1,32,1,nocount,sw128,sw128,16,16,16,0,256,0,0,full,0,none,0,4,20,3182158.0,2020.417777777778,,,,,6144,,10.628908890130534,,,0,0.0,1,bf14b28d2af4128daa99f23eec8a5e105636d0b04136f8be580fdc39d6f1f97d,
06_tmem_dependency,tmem_fp16_m128n64k16_c128_partial_in0_rd1,1,,NVIDIA Thor,11.0,580.00,13.0,PTX ISA 9.3 / CUDA 13.0,1575.000,,,,fp16,128,64,16,32,128,148,0,discard,same,1,1,32,1,nocount,sw128,sw128,16,16,16,0,128,0,32,partial,0,none,0,4,20,3182156.0,2020.4165079365082,,,,,6144,,10.628915570449719,,,0,0.0,1,bf14b28d2af4128daa99f23eec8a5e105636d0b04136f8be580fdc39d6f1f97d,; UTCHMMA=21;UTCHMMA_WS=16;UTCBAR=1;UTCATOMSWS=3;SYNCS_TRYWAIT=8;LDS=21;LDG=9;ptx_tcgen05_mma=21;ptx_tcgen05_mma_ws=16;ptx_tcgen05_commit=1;ptx_tcgen05_alloc=1;ptx_tcgen05_dealloc=1;ptx_tcgen05_ld=5;ptx_tcgen05_st=5;ptx_mbarrier_wait=5;ptx_cp_async_tma=2;ptx_ld_shared=26;ptx_ld_global=7
06_tmem_dependency,tmem_fp16_m128n64k16_c128_partial_in0_rd1,1,,NVIDIA Thor,11.0,580.00,13.0,PTX ISA 9.3 / CUDA 13.0,1575.000,,,,fp16,128,64,16,32,128,148,1,discard,same,1,1,32,1,nocount,sw128,sw128,16,16,16,0,128,0,32,partial,0,none,0,4,20,3182156.0,2020.4165079365082,,,,,6144,,10.628915570449719,,,0,0.0,1,bf14b28d2af4128daa99f23eec8a5e105636d0b04136f8be580fdc39d6f1f97d,
06_tmem_dependency,tmem_fp16_m128n64k16_c128_partial_in0_rd1,1,,NVIDIA Thor,11.0,580.00,13.0,PTX ISA 9.3 / CUDA 13.0,1575.000,,,,fp16,128,64,16,32,128,148,2,discard,same,1,1,32,1,nocount,sw128,sw128,16,16,16,0,128,0,32,partial,0,none,0,4,20,3182158.0,2020.417777777778,,,,,6144,,10.628908890130534,,,0,0.0,1,bf14b28d2af4128daa99f23eec8a5e105636d0b04136f8be580fdc39d6f1f97d,
06_tmem_dependency,tmem_fp16_m128n64k16_c128_partial_in0_rd1,1,,NVIDIA Thor,11.0,580.00,13.0,PTX ISA 9.3 / CUDA 13.0,1575.000,,,,fp16,128,64,16,32,128,148,3,discard,same,1,1,32,1,nocount,sw128,sw128,16,16,16,0,128,0,32,partial,0,none,0,4,20,3182158.0,2020.417777777778,,,,,6144,,10.628908890130534,,,0,0.0,1,bf14b28d2af4128daa99f23eec8a5e105636d0b04136f8be580fdc39d6f1f97d,
06_tmem_dependency,tmem_fp16_m128n64k16_c128_partial_in0_rd1,1,,NVIDIA Thor,11.0,580.00,13.0,PTX ISA 9.3 / CUDA 13.0,1575.000,,,,fp16,128,64,16,32,128,148,4,discard,same,1,1,32,1,nocount,sw128,sw128,16,16,16,0,128,0,32,partial,0,none,0,4,20,3182171.0,2020.4260317460316,,,,,6144,,10.628865468260505,,,0,0.0,1,bf14b28d2af4128daa99f23eec8a5e105636d0b04136f8be580fdc39d6f1f97d,
06_tmem_dependency,tmem_bf16_m128n256k16_c512_partial_in1_rd1,1,,NVIDIA Thor,11.0,580.00,13.0,PTX ISA 9.3 / CUDA 13.0,1575.000,,,,bf16,128,256,16,32,128,149,0,discard,same,1,1,32,1,nocount,sw128,sw128,16,16,16,0,512,0,128,partial,1,none,0,4,20,3181549.0,2020.031111111111,,,,,12288,,42.523773741658545,,,0,0.0,1,bf14b28d2af4128daa99f23eec8a5e105636d0b04136f8be580fdc39d6f1f97d,; UTCHMMA=21;UTCHMMA_WS=16;UTCBAR=1;UTCATOMSWS=3;SYNCS_TRYWAIT=8;LDS=21;LDG=9;ptx_tcgen05_mma=21;ptx_tcgen05_mma_ws=16;ptx_tcgen05_commit=1;ptx_tcgen05_alloc=1;ptx_tcgen05_dealloc=1;ptx_tcgen05_ld=5;ptx_tcgen05_st=5;ptx_mbarrier_wait=5;ptx_cp_async_tma=2;ptx_ld_shared=26;ptx_ld_global=7
06_tmem_dependency,tmem_bf16_m128n256k16_c512_partial_in1_rd1,1,,NVIDIA Thor,11.0,580.00,13.0,PTX ISA 9.3 / CUDA 13.0,1575.000,,,,bf16,128,256,16,32,128,149,1,discard,same,1,1,32,1,nocount,sw128,sw128,16,16,16,0,512,0,128,partial,1,none,0,4,20,3181543.0,2020.0273015873017,,,,,12288,,42.52385393628186,,,0,0.0,1,bf14b28d2af4128daa99f23eec8a5e105636d0b04136f8be580fdc39d6f1f97d,
06_tmem_dependency,tmem_bf16_m128n256k16_c512_partial_in1_rd1,1,,NVIDIA Thor,11.0,580.00,13.0,PTX ISA 9.3 / CUDA 13.0,1575.000,,,,bf16,128,256,16,32,128,149,2,discard,same,1,1,32,1,nocount,sw128,sw128,16,16,16,0,512,0,128,partial,1,none,0,4,20,3181552.0,2020.033015873016,,,,,12288,,42.523733644460314,,,0,0.0,1,bf14b28d2af4128daa99f23eec8a5e105636d0b04136f8be580fdc39d6f1f97d,
06_tmem_dependency,tmem_bf16_m128n256k16_c512_partial_in1_rd1,1,,NVIDIA Thor,11.0,580.00,13.0,PTX ISA 9.3 / CUDA 13.0,1575.000,,,,bf16,128,256,16,32,128,149,3,discard,same,1,1,32,1,nocount,sw128,sw128,16,16,16,0,512,0,128,partial,1,none,0,4,20,3181791.0,2020.184761904762,,,,,12288,,42.52053947729439,,,0,0.0,1,bf14b28d2af4128daa99f23eec8a5e105636d0b04136f8be580fdc39d6f1f97d,
06_tmem_dependency,tmem_bf16_m128n256k16_c512_partial_in1_rd1,1,,NVIDIA Thor,11.0,580.00,13.0,PTX ISA 9.3 / CUDA 13.0,1575.000,,,,bf16,128,256,16,32,128,149,4,discard,same,1,1,32,1,nocount,sw128,sw128,16,16,16,0,512,0,128,partial,1,none,0,4,20,3181546.0,2020.0292063492063,,,,,12288,,42.52381383893239,,,0,0.0,1,bf14b28d2af4128daa99f23eec8a5e105636d0b04136f8be580fdc39d6f1f97d,
06_tmem_dependency,tmem_bf16_m128n64k16_c256_full_in0_rd1,1,,NVIDIA Thor,11.0,580.00,13.0,PTX ISA 9.3 / CUDA 13.0,1575.000,,,,bf16,128,64,16,32,128,150,0,discard,same,1,1,32,1,nocount,sw128,sw128,16,16,16,0,256,0,0,full,0,none,0,4,20,3182169.0,2020.4247619047617,,,,,6144,,10.628872148525112,,,0,0.0,1,bf14b28d2af4128daa99f23eec8a5e105636d0b04136f8be580fdc39d6f1f97d,; UTCHMMA=21;UTCHMMA_WS=16;UTCBAR=1;UTCATOMSWS=3;SYNCS_TRYWAIT=8;LDS=21;LDG=9;ptx_tcgen05_mma=21;ptx_tcgen05_mma_ws=16;ptx_tcgen05_commit=1;ptx_tcgen05_alloc=1;ptx_tcgen05_dealloc=1;ptx_tcgen05_ld=5;ptx_tcgen05_st=5;ptx_mbarrier_wait=5;ptx_cp_async_tma=2;ptx_ld_shared=26;ptx_ld_global=7
06_tmem_dependency,tmem_bf16_m128n64k16_c256_full_in0_rd1,1,,NVIDIA Thor,11.0,580.00,13.0,PTX ISA 9.3 / CUDA 13.0,1575.000,,,,bf16,128,64,16,32,128,150,1,discard,same,1,1,32,1,nocount,sw128,sw128,16,16,16,0,256,0,0,full,0,none,0,4,20,3182167.0,2020.423492063492,,,,,6144,,10.628878828798113,,,0,0.0,1,bf14b28d2af4128daa99f23eec8a5e105636d0b04136f8be580fdc39d6f1f97d,
06_tmem_dependency,tmem_bf16_m128n64k16_c256_full_in0_rd1,1,,NVIDIA Thor,11.0,580.00,13.0,PTX ISA 9.3 / CUDA 13.0,1575.000,,,,bf16,128,64,16,32,128,150,2,discard,same,1,1,32,1,nocount,sw128,sw128,16,16,16,0,256,0,0,full,0,none,0,4,20,3182167.0,2020.423492063492,,,,,6144,,10.628878828798113,,,0,0.0,1,bf14b28d2af4128daa99f23eec8a5e105636d0b04136f8be580fdc39d6f1f97d,
06_tmem_dependency,tmem_bf16_m128n64k16_c256_full_in0_rd1,1,,NVIDIA Thor,11.0,580.00,13.0,PTX ISA 9.3 / CUDA 13.0,1575.000,,,,bf16,128,64,16,32,128,150,3,discard,same,1,1,32,1,nocount,sw128,sw128,16,16,16,0,256,0,0,full,0,none,0,4,20,3182176.0,2020.4292063492062,,,,,6144,,10.628848767635732,,,0,0.0,1,bf14b28d2af4128daa99f23eec8a5e105636d0b04136f8be580fdc39d6f1f97d,
06_tmem_dependency,tmem_bf16_m128n64k16_c256_full_in0_rd1,1,,NVIDIA Thor,11.0,580.00,13.0,PTX ISA 9.3 / CUDA 13.0,1575.000,,,,bf16,128,64,16,32,128,150,4,discard,same,1,1,32,1,nocount,sw128,sw128,16,16,16,0,256,0,0,full,0,none,0,4,20,3182169.0,2020.4247619047617,,,,,6144,,10.628872148525112,,,0,0.0,1,bf14b28d2af4128daa99f23eec8a5e105636d0b04136f8be580fdc39d6f1f97d,
06_tmem_dependency,tmem_fp16_m128n128k16_c512_partial_in1_rd4,1,,NVIDIA Thor,11.0,580.00,13.0,PTX ISA 9.3 / CUDA 13.0,1575.000,,,,fp16,128,128,16,32,128,151,0,discard,same,1,4,32,1,nocount,sw128,sw128,16,16,16,0,512,0,64,partial,1,none,0,4,20,3678956.0,2335.845079365079,,,,,8192,,18.38720955401478,,,0,0.0,1,bf14b28d2af4128daa99f23eec8a5e105636d0b04136f8be580fdc39d6f1f97d,; UTCHMMA=21;UTCHMMA_WS=16;UTCBAR=1;UTCATOMSWS=3;SYNCS_TRYWAIT=8;LDS=21;LDG=9;ptx_tcgen05_mma=21;ptx_tcgen05_mma_ws=16;ptx_tcgen05_commit=1;ptx_tcgen05_alloc=1;ptx_tcgen05_dealloc=1;ptx_tcgen05_ld=5;ptx_tcgen05_st=5;ptx_mbarrier_wait=5;ptx_cp_async_tma=2;ptx_ld_shared=26;ptx_ld_global=7
06_tmem_dependency,tmem_fp16_m128n128k16_c512_partial_in1_rd4,1,,NVIDIA Thor,11.0,580.00,13.0,PTX ISA 9.3 / CUDA 13.0,1575.000,,,,fp16,128,128,16,32,128,151,1,discard,same,1,4,32,1,nocount,sw128,sw128,16,16,16,0,512,0,64,partial,1,none,0,4,20,3678959.0,2335.8469841269844,,,,,8192,,18.387194560200317,,,0,0.0,1,bf14b28d2af4128daa99f23eec8a5e105636d0b04136f8be580fdc39d6f1f97d,
06_tmem_dependency,tmem_fp16_m128n128k16_c512_partial_in1_rd4,1,,NVIDIA Thor,11.0,580.00,13.0,PTX ISA 9.3 / CUDA 13.0,1575.000,,,,fp16,128,128,16,32,128,151,2,discard,same,1,4,32,1,nocount,sw128,sw128,16,16,16,0,512,0,64,partial,1,none,0,4,20,3678995.0,2335.869841269841,,,,,8192,,18.387014636334108,,,0,0.0,1,bf14b28d2af4128daa99f23eec8a5e105636d0b04136f8be580fdc39d6f1f97d,
06_tmem_dependency,tmem_fp16_m128n128k16_c512_partial_in1_rd4,1,,NVIDIA Thor,11.0,580.00,13.0,PTX ISA 9.3 / CUDA 13.0,1575.000,,,,fp16,128,128,16,32,128,151,3,discard,same,1,4,32,1,nocount,sw128,sw128,16,16,16,0,512,0,64,partial,1,none,0,4,20,3678957.0,2335.845714285714,,,,,8192,,18.38720455607391,,,0,0.0,1,bf14b28d2af4128daa99f23eec8a5e105636d0b04136f8be580fdc39d6f1f97d,
06_tmem_dependency,tmem_fp16_m128n128k16_c512_partial_in1_rd4,1,,NVIDIA Thor,11.0,580.00,13.0,PTX ISA 9.3 / CUDA 13.0,1575.000,,,,fp16,128,128,16,32,128,151,4,discard,same,1,4,32,1,nocount,sw128,sw128,16,16,16,0,512,0,64,partial,1,none,0,4,20,3678993.0,2335.8685714285716,,,,,8192,,18.387024632012075,,,0,0.0,1,bf14b28d2af4128daa99f23eec8a5e105636d0b04136f8be580fdc39d6f1f97d,
06_tmem_dependency,tmem_fp16_m128n64k16_c512_full_in1_rd8,1,,NVIDIA Thor,11.0,580.00,13.0,PTX ISA 9.3 / CUDA 13.0,1575.000,,,,fp16,128,64,16,32,128,152,0,discard,same,1,1,32,1,nocount,sw128,sw128,16,16,16,0,512,0,0,full,1,none,0,4,20,3182173.0,2020.4273015873016,,,,,6144,,10.628858788004298,,,0,0.0,1,bf14b28d2af4128daa99f23eec8a5e105636d0b04136f8be580fdc39d6f1f97d,; UTCHMMA=21;UTCHMMA_WS=16;UTCBAR=1;UTCATOMSWS=3;SYNCS_TRYWAIT=8;LDS=21;LDG=9;ptx_tcgen05_mma=21;ptx_tcgen05_mma_ws=16;ptx_tcgen05_commit=1;ptx_tcgen05_alloc=1;ptx_tcgen05_dealloc=1;ptx_tcgen05_ld=5;ptx_tcgen05_st=5;ptx_mbarrier_wait=5;ptx_cp_async_tma=2;ptx_ld_shared=26;ptx_ld_global=7
06_tmem_dependency,tmem_fp16_m128n64k16_c512_full_in1_rd8,1,,NVIDIA Thor,11.0,580.00,13.0,PTX ISA 9.3 / CUDA 13.0,1575.000,,,,fp16,128,64,16,32,128,152,1,discard,same,1,1,32,1,nocount,sw128,sw128,16,16,16,0,512,0,0,full,1,none,0,4,20,3182167.0,2020.423492063492,,,,,6144,,10.628878828798113,,,0,0.0,1,bf14b28d2af4128daa99f23eec8a5e105636d0b04136f8be580fdc39d6f1f97d,
06_tmem_dependency,tmem_fp16_m128n64k16_c512_full_in1_rd8,1,,NVIDIA Thor,11.0,580.00,13.0,PTX ISA 9.3 / CUDA 13.0,1575.000,,,,fp16,128,64,16,32,128,152,2,discard,same,1,1,32,1,nocount,sw128,sw128,16,16,16,0,512,0,0,full,1,none,0,4,20,3182170.0,2020.425396825397,,,,,6144,,10.628868808391758,,,0,0.0,1,bf14b28d2af4128daa99f23eec8a5e105636d0b04136f8be580fdc39d6f1f97d,
06_tmem_dependency,tmem_fp16_m128n64k16_c512_full_in1_rd8,1,,NVIDIA Thor,11.0,580.00,13.0,PTX ISA 9.3 / CUDA 13.0,1575.000,,,,fp16,128,64,16,32,128,152,3,discard,same,1,1,32,1,nocount,sw128,sw128,16,16,16,0,512,0,0,full,1,none,0,4,20,3182173.0,2020.4273015873016,,,,,6144,,10.628858788004298,,,0,0.0,1,bf14b28d2af4128daa99f23eec8a5e105636d0b04136f8be580fdc39d6f1f97d,
06_tmem_dependency,tmem_fp16_m128n64k16_c512_full_in1_rd8,1,,NVIDIA Thor,11.0,580.00,13.0,PTX ISA 9.3 / CUDA 13.0,1575.000,,,,fp16,128,64,16,32,128,152,4,discard,same,1,1,32,1,nocount,sw128,sw128,16,16,16,0,512,0,0,full,1,none,0,4,20,3182155.0,2020.4158730158729,,,,,6144,,10.628918910612462,,,0,0.0,1,bf14b28d2af4128daa99f23eec8a5e105636d0b04136f8be580fdc39d6f1f97d,
06_tmem_dependency,tmem_fp16_m128n128k16_c512_none_in1_rd1,1,,NVIDIA Thor,11.0,580.00,13.0,PTX ISA 9.3 / CUDA 13.0,1575.000,,,,fp16,128,128,16,32,128,153,0,discard,same,4,1,32,1,nocount,sw128,sw128,16,16,16,0,512,0,128,none,1,none,0,4,20,3181156.0,2019.7815873015873,,,,,8192,,21.264513564251487,,,0,0.0,1,bf14b28d2af4128daa99f23eec8a5e105636d0b04136f8be580fdc39d6f1f97d,; UTCHMMA=21;UTCHMMA_WS=16;UTCBAR=1;UTCATOMSWS=3;SYNCS_TRYWAIT=8;LDS=21;LDG=9;ptx_tcgen05_mma=21;ptx_tcgen05_mma_ws=16;ptx_tcgen05_commit=1;ptx_tcgen05_alloc=1;ptx_tcgen05_dealloc=1;ptx_tcgen05_ld=5;ptx_tcgen05_st=5;ptx_mbarrier_wait=5;ptx_cp_async_tma=2;ptx_ld_shared=26;ptx_ld_global=7
06_tmem_dependency,tmem_fp16_m128n128k16_c512_none_in1_rd1,1,,NVIDIA Thor,11.0,580.00,13.0,PTX ISA 9.3 / CUDA 13.0,1575.000,,,,fp16,128,128,16,32,128,153,1,discard,same,4,1,32,1,nocount,sw128,sw128,16,16,16,0,512,0,128,none,1,none,0,4,20,3181521.0,2020.0133333333333,,,,,8192,,21.26207399291094,,,0,0.0,1,bf14b28d2af4128daa99f23eec8a5e105636d0b04136f8be580fdc39d6f1f97d,
06_tmem_dependency,tmem_fp16_m128n128k16_c512_none_in1_rd1,1,,NVIDIA Thor,11.0,580.00,13.0,PTX ISA 9.3 / CUDA 13.0,1575.000,,,,fp16,128,128,16,32,128,153,2,discard,same,4,1,32,1,nocount,sw128,sw128,16,16,16,0,512,0,128,none,1,none,0,4,20,3181151.0,2019.7784126984127,,,,,8192,,21.264546986923918,,,0,0.0,1,bf14b28d2af4128daa99f23eec8a5e105636d0b04136f8be580fdc39d6f1f97d,
06_tmem_dependency,tmem_fp16_m128n128k16_c512_none_in1_rd1,1,,NVIDIA Thor,11.0,580.00,13.0,PTX ISA 9.3 / CUDA 13.0,1575.000,,,,fp16,128,128,16,32,128,153,3,discard,same,4,1,32,1,nocount,sw128,sw128,16,16,16,0,512,0,128,none,1,none,0,4,20,3181523.0,2020.0146031746033,,,,,8192,,21.262060626938734,,,0,0.0,1,bf14b28d2af4128daa99f23eec8a5e105636d0b04136f8be580fdc39d6f1f97d,
06_tmem_dependency,tmem_fp16_m128n128k16_c512_none_in1_rd1,1,,NVIDIA Thor,11.0,580.00,13.0,PTX ISA 9.3 / CUDA 13.0,1575.000,,,,fp16,128,128,16,32,128,153,4,discard,same,4,1,32,1,nocount,sw128,sw128,16,16,16,0,512,0,128,none,1,none,0,4,20,3181149.0,2019.7771428571427,,,,,8192,,21.264560356022304,,,0,0.0,1,bf14b28d2af4128daa99f23eec8a5e105636d0b04136f8be580fdc39d6f1f97d,
06_tmem_dependency,tmem_bf16_m128n128k16_c512_full_in0_rd1,1,,NVIDIA Thor,11.0,580.00,13.0,PTX ISA 9.3 / CUDA 13.0,1575.000,,,,bf16,128,128,16,32,128,154,0,discard,same,1,1,32,1,nocount,sw128,sw128,16,16,16,0,512,0,0,full,0,none,0,4,20,3181525.0,2020.0158730158732,,,,,8192,,21.262047260983334,,,0,0.0,1,bf14b28d2af4128daa99f23eec8a5e105636d0b04136f8be580fdc39d6f1f97d,; UTCHMMA=21;UTCHMMA_WS=16;UTCBAR=1;UTCATOMSWS=3;SYNCS_TRYWAIT=8;LDS=21;LDG=9;ptx_tcgen05_mma=21;ptx_tcgen05_mma_ws=16;ptx_tcgen05_commit=1;ptx_tcgen05_alloc=1;ptx_tcgen05_dealloc=1;ptx_tcgen05_ld=5;ptx_tcgen05_st=5;ptx_mbarrier_wait=5;ptx_cp_async_tma=2;ptx_ld_shared=26;ptx_ld_global=7
06_tmem_dependency,tmem_bf16_m128n128k16_c512_full_in0_rd1,1,,NVIDIA Thor,11.0,580.00,13.0,PTX ISA 9.3 / CUDA 13.0,1575.000,,,,bf16,128,128,16,32,128,154,1,discard,same,1,1,32,1,nocount,sw128,sw128,16,16,16,0,512,0,0,full,0,none,0,4,20,3181151.0,2019.7784126984127,,,,,8192,,21.264546986923918,,,0,0.0,1,bf14b28d2af4128daa99f23eec8a5e105636d0b04136f8be580fdc39d6f1f97d,
06_tmem_dependency,tmem_bf16_m128n128k16_c512_full_in0_rd1,1,,NVIDIA Thor,11.0,580.00,13.0,PTX ISA 9.3 / CUDA 13.0,1575.000,,,,bf16,128,128,16,32,128,154,2,discard,same,1,1,32,1,nocount,sw128,sw128,16,16,16,0,512,0,0,full,0,none,0,4,20,3181152.0,2019.7790476190478,,,,,8192,,21.26454030238102,,,0,0.0,1,bf14b28d2af4128daa99f23eec8a5e105636d0b04136f8be580fdc39d6f1f97d,
06_tmem_dependency,tmem_bf16_m128n128k16_c512_full_in0_rd1,1,,NVIDIA Thor,11.0,580.00,13.0,PTX ISA 9.3 / CUDA 13.0,1575.000,,,,bf16,128,128,16,32,128,154,3,discard,same,1,1,32,1,nocount,sw128,sw128,16,16,16,0,512,0,0,full,0,none,0,4,20,3181149.0,2019.7771428571427,,,,,8192,,21.264560356022304,,,0,0.0,1,bf14b28d2af4128daa99f23eec8a5e105636d0b04136f8be580fdc39d6f1f97d,
06_tmem_dependency,tmem_bf16_m128n128k16_c512_full_in0_rd1,1,,NVIDIA Thor,11.0,580.00,13.0,PTX ISA 9.3 / CUDA 13.0,1575.000,,,,bf16,128,128,16,32,128,154,4,discard,same,1,1,32,1,nocount,sw128,sw128,16,16,16,0,512,0,0,full,0,none,0,4,20,3181153.0,2019.7796825396824,,,,,8192,,21.264533617842336,,,0,0.0,1,bf14b28d2af4128daa99f23eec8a5e105636d0b04136f8be580fdc39d6f1f97d,
06_tmem_dependency,tmem_bf16_m128n64k16_c128_none_in1_rd2,1,,NVIDIA Thor,11.0,580.00,13.0,PTX ISA 9.3 / CUDA 13.0,1575.000,,,,bf16,128,64,16,32,128,155,0,discard,same,2,2,32,1,nocount,sw128,sw128,16,16,16,0,128,0,64,none,1,none,0,4,20,3678959.0,2335.8469841269844,,,,,6144,,9.193597280100159,,,0,0.0,1,bf14b28d2af4128daa99f23eec8a5e105636d0b04136f8be580fdc39d6f1f97d,; UTCHMMA=21;UTCHMMA_WS=16;UTCBAR=1;UTCATOMSWS=3;SYNCS_TRYWAIT=8;LDS=21;LDG=9;ptx_tcgen05_mma=21;ptx_tcgen05_mma_ws=16;ptx_tcgen05_commit=1;ptx_tcgen05_alloc=1;ptx_tcgen05_dealloc=1;ptx_tcgen05_ld=5;ptx_tcgen05_st=5;ptx_mbarrier_wait=5;ptx_cp_async_tma=2;ptx_ld_shared=26;ptx_ld_global=7
06_tmem_dependency,tmem_bf16_m128n64k16_c128_none_in1_rd2,1,,NVIDIA Thor,11.0,580.00,13.0,PTX ISA 9.3 / CUDA 13.0,1575.000,,,,bf16,128,64,16,32,128,155,1,discard,same,2,2,32,1,nocount,sw128,sw128,16,16,16,0,128,0,64,none,1,none,0,4,20,3678960.0,2335.847619047619,,,,,6144,,9.193594781133799,,,0,0.0,1,bf14b28d2af4128daa99f23eec8a5e105636d0b04136f8be580fdc39d6f1f97d,
06_tmem_dependency,tmem_bf16_m128n64k16_c128_none_in1_rd2,1,,NVIDIA Thor,11.0,580.00,13.0,PTX ISA 9.3 / CUDA 13.0,1575.000,,,,bf16,128,64,16,32,128,155,2,discard,same,2,2,32,1,nocount,sw128,sw128,16,16,16,0,128,0,64,none,1,none,0,4,20,3678958.0,2335.8463492063493,,,,,6144,,9.193599779067878,,,0,0.0,1,bf14b28d2af4128daa99f23eec8a5e105636d0b04136f8be580fdc39d6f1f97d,
06_tmem_dependency,tmem_bf16_m128n64k16_c128_none_in1_rd2,1,,NVIDIA Thor,11.0,580.00,13.0,PTX ISA 9.3 / CUDA 13.0,1575.000,,,,bf16,128,64,16,32,128,155,3,discard,same,2,2,32,1,nocount,sw128,sw128,16,16,16,0,128,0,64,none,1,none,0,4,20,3678952.0,2335.84253968254,,,,,6144,,9.193614772902716,,,0,0.0,1,bf14b28d2af4128daa99f23eec8a5e105636d0b04136f8be580fdc39d6f1f97d,
06_tmem_dependency,tmem_bf16_m128n64k16_c128_none_in1_rd2,1,,NVIDIA Thor,11.0,580.00,13.0,PTX ISA 9.3 / CUDA 13.0,1575.000,,,,bf16,128,64,16,32,128,155,4,discard,same,2,2,32,1,nocount,sw128,sw128,16,16,16,0,128,0,64,none,1,none,0,4,20,3678954.0,2335.84380952381,,,,,6144,,9.193609774952336,,,0,0.0,1,bf14b28d2af4128daa99f23eec8a5e105636d0b04136f8be580fdc39d6f1f97d,
06_tmem_dependency,tmem_fp16_m128n64k16_c128_full_in0_rd2,1,,NVIDIA Thor,11.0,580.00,13.0,PTX ISA 9.3 / CUDA 13.0,1575.000,,,,fp16,128,64,16,32,128,156,0,discard,same,1,1,32,1,nocount,sw128,sw128,16,16,16,0,128,0,0,full,0,none,0,4,20,3182167.0,2020.423492063492,,,,,6144,,10.628878828798113,,,0,0.0,1,bf14b28d2af4128daa99f23eec8a5e105636d0b04136f8be580fdc39d6f1f97d,; UTCHMMA=21;UTCHMMA_WS=16;UTCBAR=1;UTCATOMSWS=3;SYNCS_TRYWAIT=8;LDS=21;LDG=9;ptx_tcgen05_mma=21;ptx_tcgen05_mma_ws=16;ptx_tcgen05_commit=1;ptx_tcgen05_alloc=1;ptx_tcgen05_dealloc=1;ptx_tcgen05_ld=5;ptx_tcgen05_st=5;ptx_mbarrier_wait=5;ptx_cp_async_tma=2;ptx_ld_shared=26;ptx_ld_global=7
06_tmem_dependency,tmem_fp16_m128n64k16_c128_full_in0_rd2,1,,NVIDIA Thor,11.0,580.00,13.0,PTX ISA 9.3 / CUDA 13.0,1575.000,,,,fp16,128,64,16,32,128,156,1,discard,same,1,1,32,1,nocount,sw128,sw128,16,16,16,0,128,0,0,full,0,none,0,4,20,3182167.0,2020.423492063492,,,,,6144,,10.628878828798113,,,0,0.0,1,bf14b28d2af4128daa99f23eec8a5e105636d0b04136f8be580fdc39d6f1f97d,
06_tmem_dependency,tmem_fp16_m128n64k16_c128_full_in0_rd2,1,,NVIDIA Thor,11.0,580.00,13.0,PTX ISA 9.3 / CUDA 13.0,1575.000,,,,fp16,128,64,16,32,128,156,2,discard,same,1,1,32,1,nocount,sw128,sw128,16,16,16,0,128,0,0,full,0,none,0,4,20,3182169.0,2020.4247619047617,,,,,6144,,10.628872148525112,,,0,0.0,1,bf14b28d2af4128daa99f23eec8a5e105636d0b04136f8be580fdc39d6f1f97d,
06_tmem_dependency,tmem_fp16_m128n64k16_c128_full_in0_rd2,1,,NVIDIA Thor,11.0,580.00,13.0,PTX ISA 9.3 / CUDA 13.0,1575.000,,,,fp16,128,64,16,32,128,156,3,discard,same,1,1,32,1,nocount,sw128,sw128,16,16,16,0,128,0,0,full,0,none,0,4,20,3182153.0,2020.4146031746031,,,,,6144,,10.628925590944243,,,0,0.0,1,bf14b28d2af4128daa99f23eec8a5e105636d0b04136f8be580fdc39d6f1f97d,
06_tmem_dependency,tmem_fp16_m128n64k16_c128_full_in0_rd2,1,,NVIDIA Thor,11.0,580.00,13.0,PTX ISA 9.3 / CUDA 13.0,1575.000,,,,fp16,128,64,16,32,128,156,4,discard,same,1,1,32,1,nocount,sw128,sw128,16,16,16,0,128,0,0,full,0,none,0,4,20,3182170.0,2020.425396825397,,,,,6144,,10.628868808391758,,,0,0.0,1,bf14b28d2af4128daa99f23eec8a5e105636d0b04136f8be580fdc39d6f1f97d,
06_tmem_dependency,tmem_bf16_m128n256k16_c512_full_in1_rd2,1,,NVIDIA Thor,11.0,580.00,13.0,PTX ISA 9.3 / CUDA 13.0,1575.000,,,,bf16,128,256,16,32,128,157,0,discard,same,1,1,32,1,nocount,sw128,sw128,16,16,16,0,512,0,0,full,1,none,0,4,20,3181543.0,2020.0273015873017,,,,,12288,,42.52385393628186,,,0,0.0,1,bf14b28d2af4128daa99f23eec8a5e105636d0b04136f8be580fdc39d6f1f97d,; UTCHMMA=21;UTCHMMA_WS=16;UTCBAR=1;UTCATOMSWS=3;SYNCS_TRYWAIT=8;LDS=21;LDG=9;ptx_tcgen05_mma=21;ptx_tcgen05_mma_ws=16;ptx_tcgen05_commit=1;ptx_tcgen05_alloc=1;ptx_tcgen05_dealloc=1;ptx_tcgen05_ld=5;ptx_tcgen05_st=5;ptx_mbarrier_wait=5;ptx_cp_async_tma=2;ptx_ld_shared=26;ptx_ld_global=7
06_tmem_dependency,tmem_bf16_m128n256k16_c512_full_in1_rd2,1,,NVIDIA Thor,11.0,580.00,13.0,PTX ISA 9.3 / CUDA 13.0,1575.000,,,,bf16,128,256,16,32,128,157,1,discard,same,1,1,32,1,nocount,sw128,sw128,16,16,16,0,512,0,0,full,1,none,0,4,20,3181541.0,2020.0260317460318,,,,,12288,,42.52388066789018,,,0,0.0,1,bf14b28d2af4128daa99f23eec8a5e105636d0b04136f8be580fdc39d6f1f97d,
06_tmem_dependency,tmem_bf16_m128n256k16_c512_full_in1_rd2,1,,NVIDIA Thor,11.0,580.00,13.0,PTX ISA 9.3 / CUDA 13.0,1575.000,,,,bf16,128,256,16,32,128,157,2,discard,same,1,1,32,1,nocount,sw128,sw128,16,16,16,0,512,0,0,full,1,none,0,4,20,3181543.0,2020.0273015873017,,,,,12288,,42.52385393628186,,,0,0.0,1,bf14b28d2af4128daa99f23eec8a5e105636d0b04136f8be580fdc39d6f1f97d,
06_tmem_dependency,tmem_bf16_m128n256k16_c512_full_in1_rd2,1,,NVIDIA Thor,11.0,580.00,13.0,PTX ISA 9.3 / CUDA 13.0,1575.000,,,,bf16,128,256,16,32,128,157,3,discard,same,1,1,32,1,nocount,sw128,sw128,16,16,16,0,512,0,0,full,1,none,0,4,20,3181544.0,2020.0279365079366,,,,,12288,,42.52384057049031,,,0,0.0,1,bf14b28d2af4128daa99f23eec8a5e105636d0b04136f8be580fdc39d6f1f97d,
06_tmem_dependency,tmem_bf16_m128n256k16_c512_full_in1_rd2,1,,NVIDIA Thor,11.0,580.00,13.0,PTX ISA 9.3 / CUDA 13.0,1575.000,,,,bf16,128,256,16,32,128,157,4,discard,same,1,1,32,1,nocount,sw128,sw128,16,16,16,0,512,0,0,full,1,none,0,4,20,3181786.0,2020.1815873015873,,,,,12288,,42.52060629596082,,,0,0.0,1,bf14b28d2af4128daa99f23eec8a5e105636d0b04136f8be580fdc39d6f1f97d,
06_tmem_dependency,tmem_fp16_m128n256k16_c512_partial_in1_rd2,1,,NVIDIA Thor,11.0,580.00,13.0,PTX ISA 9.3 / CUDA 13.0,1575.000,,,,fp16,128,256,16,32,128,158,0,discard,same,1,2,32,1,nocount,sw128,sw128,16,16,16,0,512,0,128,partial,1,none,0,4,20,3678177.0,2335.3504761904765,,,,,12288,,36.78220755118636,,,0,0.0,1,bf14b28d2af4128daa99f23eec8a5e105636d0b04136f8be580fdc39d6f1f97d,; UTCHMMA=21;UTCHMMA_WS=16;UTCBAR=1;UTCATOMSWS=3;SYNCS_TRYWAIT=8;LDS=21;LDG=9;ptx_tcgen05_mma=21;ptx_tcgen05_mma_ws=16;ptx_tcgen05_commit=1;ptx_tcgen05_alloc=1;ptx_tcgen05_dealloc=1;ptx_tcgen05_ld=5;ptx_tcgen05_st=5;ptx_mbarrier_wait=5;ptx_cp_async_tma=2;ptx_ld_shared=26;ptx_ld_global=7
06_tmem_dependency,tmem_fp16_m128n256k16_c512_partial_in1_rd2,1,,NVIDIA Thor,11.0,580.00,13.0,PTX ISA 9.3 / CUDA 13.0,1575.000,,,,fp16,128,256,16,32,128,158,1,discard,same,1,2,32,1,nocount,sw128,sw128,16,16,16,0,512,0,128,partial,1,none,0,4,20,3678184.0,2335.3549206349207,,,,,12288,,36.782137550486866,,,0,0.0,1,bf14b28d2af4128daa99f23eec8a5e105636d0b04136f8be580fdc39d6f1f97d,
06_tmem_dependency,tmem_fp16_m128n256k16_c512_partial_in1_rd2,1,,NVIDIA Thor,11.0,580.00,13.0,PTX ISA 9.3 / CUDA 13.0,1575.000,,,,fp16,128,256,16,32,128,158,2,discard,same,1,2,32,1,nocount,sw128,sw128,16,16,16,0,512,0,128,partial,1,none,0,4,20,3678194.0,2335.36126984127,,,,,12288,,36.78203754994979,,,0,0.0,1,bf14b28d2af4128daa99f23eec8a5e105636d0b04136f8be580fdc39d6f1f97d,
06_tmem_dependency,tmem_fp16_m128n256k16_c512_partial_in1_rd2,1,,NVIDIA Thor,11.0,580.00,13.0,PTX ISA 9.3 / CUDA 13.0,1575.000,,,,fp16,128,256,16,32,128,158,3,discard,same,1,2,32,1,nocount,sw128,sw128,16,16,16,0,512,0,128,partial,1,none,0,4,20,3678179.0,2335.351746031746,,,,,12288,,36.78218755095932,,,0,0.0,1,bf14b28d2af4128daa99f23eec8a5e105636d0b04136f8be580fdc39d6f1f97d,
06_tmem_dependency,tmem_fp16_m128n256k16_c512_partial_in1_rd2,1,,NVIDIA Thor,11.0,580.00,13.0,PTX ISA 9.3 / CUDA 13.0,1575.000,,,,fp16,128,256,16,32,128,158,4,discard,same,1,2,32,1,nocount,sw128,sw128,16,16,16,0,512,0,128,partial,1,none,0,4,20,3678182.0,2335.353650793651,,,,,12288,,36.78215755065954,,,0,0.0,1,bf14b28d2af4128daa99f23eec8a5e105636d0b04136f8be580fdc39d6f1f97d,
06_tmem_dependency,tmem_fp16_m128n64k16_c256_partial_in0_rd4,1,,NVIDIA Thor,11.0,580.00,13.0,PTX ISA 9.3 / CUDA 13.0,1575.000,,,,fp16,128,64,16,32,128,159,0,discard,same,1,4,32,1,nocount,sw128,sw128,16,16,16,0,256,0,32,partial,0,none,0,4,20,3678582.0,2335.607619047619,,,,,6144,,9.194539487226328,,,0,0.0,1,bf14b28d2af4128daa99f23eec8a5e105636d0b04136f8be580fdc39d6f1f97d,; UTCHMMA=21;UTCHMMA_WS=16;UTCBAR=1;UTCATOMSWS=3;SYNCS_TRYWAIT=8;LDS=21;LDG=9;ptx_tcgen05_mma=21;ptx_tcgen05_mma_ws=16;ptx_tcgen05_commit=1;ptx_tcgen05_alloc=1;ptx_tcgen05_dealloc=1;ptx_tcgen05_ld=5;ptx_tcgen05_st=5;ptx_mbarrier_wait=5;ptx_cp_async_tma=2;ptx_ld_shared=26;ptx_ld_global=7
06_tmem_dependency,tmem_fp16_m128n64k16_c256_partial_in0_rd4,1,,NVIDIA Thor,11.0,580.00,13.0,PTX ISA 9.3 / CUDA 13.0,1575.000,,,,fp16,128,64,16,32,128,159,1,discard,same,1,4,32,1,nocount,sw128,sw128,16,16,16,0,256,0,32,partial,0,none,0,4,20,3678579.0,2335.6057142857144,,,,,6144,,9.19454698567028,,,0,0.0,1,bf14b28d2af4128daa99f23eec8a5e105636d0b04136f8be580fdc39d6f1f97d,
06_tmem_dependency,tmem_fp16_m128n64k16_c256_partial_in0_rd4,1,,NVIDIA Thor,11.0,580.00,13.0,PTX ISA 9.3 / CUDA 13.0,1575.000,,,,fp16,128,64,16,32,128,159,2,discard,same,1,4,32,1,nocount,sw128,sw128,16,16,16,0,256,0,32,partial,0,none,0,4,20,3678584.0,2335.608888888889,,,,,6144,,9.194534488270486,,,0,0.0,1,bf14b28d2af4128daa99f23eec8a5e105636d0b04136f8be580fdc39d6f1f97d,
06_tmem_dependency,tmem_fp16_m128n64k16_c256_partial_in0_rd4,1,,NVIDIA Thor,11.0,580.00,13.0,PTX ISA 9.3 / CUDA 13.0,1575.000,,,,fp16,128,64,16,32,128,159,3,discard,same,1,4,32,1,nocount,sw128,sw128,16,16,16,0,256,0,32,partial,0,none,0,4,20,3678582.0,2335.607619047619,,,,,6144,,9.194539487226328,,,0,0.0,1,bf14b28d2af4128daa99f23eec8a5e105636d0b04136f8be580fdc39d6f1f97d,
06_tmem_dependency,tmem_fp16_m128n64k16_c256_partial_in0_rd4,1,,NVIDIA Thor,11.0,580.00,13.0,PTX ISA 9.3 / CUDA 13.0,1575.000,,,,fp16,128,64,16,32,128,159,4,discard,same,1,4,32,1,nocount,sw128,sw128,16,16,16,0,256,0,32,partial,0,none,0,4,20,3678633.0,2335.64,,,,,6144,,9.194412015550341,,,0,0.0,1,bf14b28d2af4128daa99f23eec8a5e105636d0b04136f8be580fdc39d6f1f97d,
06_tmem_dependency,tmem_fp16_m128n64k16_c512_partial_in1_rd2,1,,NVIDIA Thor,11.0,580.00,13.0,PTX ISA 9.3 / CUDA 13.0,1575.000,,,,fp16,128,64,16,32,128,160,0,discard,same,1,2,32,1,nocount,sw128,sw128,16,16,16,0,512,0,32,partial,1,none,0,4,20,3678953.0,2335.8431746031747,,,,,6144,,9.193612273926847,,,0,0.0,1,bf14b28d2af4128daa99f23eec8a5e105636d0b04136f8be580fdc39d6f1f97d,; UTCHMMA=21;UTCHMMA_WS=16;UTCBAR=1;UTCATOMSWS=3;SYNCS_TRYWAIT=8;LDS=21;LDG=9;ptx_tcgen05_mma=21;ptx_tcgen05_mma_ws=16;ptx_tcgen05_commit=1;ptx_tcgen05_alloc=1;ptx_tcgen05_dealloc=1;ptx_tcgen05_ld=5;ptx_tcgen05_st=5;ptx_mbarrier_wait=5;ptx_cp_async_tma=2;ptx_ld_shared=26;ptx_ld_global=7
06_tmem_dependency,tmem_fp16_m128n64k16_c512_partial_in1_rd2,1,,NVIDIA Thor,11.0,580.00,13.0,PTX ISA 9.3 / CUDA 13.0,1575.000,,,,fp16,128,64,16,32,128,160,1,discard,same,1,2,32,1,nocount,sw128,sw128,16,16,16,0,512,0,32,partial,1,none,0,4,20,3678957.0,2335.845714285714,,,,,6144,,9.193602278036956,,,0,0.0,1,bf14b28d2af4128daa99f23eec8a5e105636d0b04136f8be580fdc39d6f1f97d,
06_tmem_dependency,tmem_fp16_m128n64k16_c512_partial_in1_rd2,1,,NVIDIA Thor,11.0,580.00,13.0,PTX ISA 9.3 / CUDA 13.0,1575.000,,,,fp16,128,64,16,32,128,160,2,discard,same,1,2,32,1,nocount,sw128,sw128,16,16,16,0,512,0,32,partial,1,none,0,4,20,3678967.0,2335.8520634920633,,,,,6144,,9.193577288407317,,,0,0.0,1,bf14b28d2af4128daa99f23eec8a5e105636d0b04136f8be580fdc39d6f1f97d,
06_tmem_dependency,tmem_fp16_m128n64k16_c512_partial_in1_rd2,1,,NVIDIA Thor,11.0,580.00,13.0,PTX ISA 9.3 / CUDA 13.0,1575.000,,,,fp16,128,64,16,32,128,160,3,discard,same,1,2,32,1,nocount,sw128,sw128,16,16,16,0,512,0,32,partial,1,none,0,4,20,3678951.0,2335.8419047619045,,,,,6144,,9.193617271879948,,,0,0.0,1,bf14b28d2af4128daa99f23eec8a5e105636d0b04136f8be580fdc39d6f1f97d,
06_tmem_dependency,tmem_fp16_m128n64k16_c512_partial_in1_rd2,1,,NVIDIA Thor,11.0,580.00,13.0,PTX ISA 9.3 / CUDA 13.0,1575.000,,,,fp16,128,64,16,32,128,160,4,discard,same,1,2,32,1,nocount,sw128,sw128,16,16,16,0,512,0,32,partial,1,none,0,4,20,3678956.0,2335.845079365079,,,,,6144,,9.19360477700739,,,0,0.0,1,bf14b28d2af4128daa99f23eec8a5e105636d0b04136f8be580fdc39d6f1f97d,
06_tmem_dependency,tmem_fp16_m128n64k16_c256_partial_in1_rd2,1,,NVIDIA Thor,11.0,580.00,13.0,PTX ISA 9.3 / CUDA 13.0,1575.000,,,,fp16,128,64,16,32,128,161,0,discard,same,1,2,32,1,nocount,sw128,sw128,16,16,16,0,256,0,32,partial,1,none,0,4,20,3678957.0,2335.845714285714,,,,,6144,,9.193602278036956,,,0,0.0,1,bf14b28d2af4128daa99f23eec8a5e105636d0b04136f8be580fdc39d6f1f97d,; UTCHMMA=21;UTCHMMA_WS=16;UTCBAR=1;UTCATOMSWS=3;SYNCS_TRYWAIT=8;LDS=21;LDG=9;ptx_tcgen05_mma=21;ptx_tcgen05_mma_ws=16;ptx_tcgen05_commit=1;ptx_tcgen05_alloc=1;ptx_tcgen05_dealloc=1;ptx_tcgen05_ld=5;ptx_tcgen05_st=5;ptx_mbarrier_wait=5;ptx_cp_async_tma=2;ptx_ld_shared=26;ptx_ld_global=7
06_tmem_dependency,tmem_fp16_m128n64k16_c256_partial_in1_rd2,1,,NVIDIA Thor,11.0,580.00,13.0,PTX ISA 9.3 / CUDA 13.0,1575.000,,,,fp16,128,64,16,32,128,161,1,discard,same,1,2,32,1,nocount,sw128,sw128,16,16,16,0,256,0,32,partial,1,none,0,4,20,3678958.0,2335.8463492063493,,,,,6144,,9.193599779067878,,,0,0.0,1,bf14b28d2af4128daa99f23eec8a5e105636d0b04136f8be580fdc39d6f1f97d,
06_tmem_dependency,tmem_fp16_m128n64k16_c256_partial_in1_rd2,1,,NVIDIA Thor,11.0,580.00,13.0,PTX ISA 9.3 / CUDA 13.0,1575.000,,,,fp16,128,64,16,32,128,161,2,discard,same,1,2,32,1,nocount,sw128,sw128,16,16,16,0,256,0,32,partial,1,none,0,4,20,3678954.0,2335.84380952381,,,,,6144,,9.193609774952336,,,0,0.0,1,bf14b28d2af4128daa99f23eec8a5e105636d0b04136f8be580fdc39d6f1f97d,
06_tmem_dependency,tmem_fp16_m128n64k16_c256_partial_in1_rd2,1,,NVIDIA Thor,11.0,580.00,13.0,PTX ISA 9.3 / CUDA 13.0,1575.000,,,,fp16,128,64,16,32,128,161,3,discard,same,1,2,32,1,nocount,sw128,sw128,16,16,16,0,256,0,32,partial,1,none,0,4,20,3678956.0,2335.845079365079,,,,,6144,,9.19360477700739,,,0,0.0,1,bf14b28d2af4128daa99f23eec8a5e105636d0b04136f8be580fdc39d6f1f97d,
06_tmem_dependency,tmem_fp16_m128n64k16_c256_partial_in1_rd2,1,,NVIDIA Thor,11.0,580.00,13.0,PTX ISA 9.3 / CUDA 13.0,1575.000,,,,fp16,128,64,16,32,128,161,4,discard,same,1,2,32,1,nocount,sw128,sw128,16,16,16,0,256,0,32,partial,1,none,0,4,20,3678957.0,2335.845714285714,,,,,6144,,9.193602278036956,,,0,0.0,1,bf14b28d2af4128daa99f23eec8a5e105636d0b04136f8be580fdc39d6f1f97d,
06_tmem_dependency,tmem_fp16_m128n128k16_c256_none_in1_rd2,1,,NVIDIA Thor,11.0,580.00,13.0,PTX ISA 9.3 / CUDA 13.0,1575.000,,,,fp16,128,128,16,32,128,162,0,discard,same,2,2,32,1,nocount,sw128,sw128,16,16,16,0,256,0,128,none,1,none,0,4,20,3678995.0,2335.869841269841,,,,,8192,,18.387014636334108,,,0,0.0,1,bf14b28d2af4128daa99f23eec8a5e105636d0b04136f8be580fdc39d6f1f97d,; UTCHMMA=21;UTCHMMA_WS=16;UTCBAR=1;UTCATOMSWS=3;SYNCS_TRYWAIT=8;LDS=21;LDG=9;ptx_tcgen05_mma=21;ptx_tcgen05_mma_ws=16;ptx_tcgen05_commit=1;ptx_tcgen05_alloc=1;ptx_tcgen05_dealloc=1;ptx_tcgen05_ld=5;ptx_tcgen05_st=5;ptx_mbarrier_wait=5;ptx_cp_async_tma=2;ptx_ld_shared=26;ptx_ld_global=7
06_tmem_dependency,tmem_fp16_m128n128k16_c256_none_in1_rd2,1,,NVIDIA Thor,11.0,580.00,13.0,PTX ISA 9.3 / CUDA 13.0,1575.000,,,,fp16,128,128,16,32,128,162,1,discard,same,2,2,32,1,nocount,sw128,sw128,16,16,16,0,256,0,128,none,1,none,0,4,20,3678993.0,2335.8685714285716,,,,,8192,,18.387024632012075,,,0,0.0,1,bf14b28d2af4128daa99f23eec8a5e105636d0b04136f8be580fdc39d6f1f97d,
06_tmem_dependency,tmem_fp16_m128n128k16_c256_none_in1_rd2,1,,NVIDIA Thor,11.0,580.00,13.0,PTX ISA 9.3 / CUDA 13.0,1575.000,,,,fp16,128,128,16,32,128,162,2,discard,same,2,2,32,1,nocount,sw128,sw128,16,16,16,0,256,0,128,none,1,none,0,4,20,3678997.0,2335.871111111111,,,,,8192,,18.38700464066701,,,0,0.0,1,bf14b28d2af4128daa99f23eec8a5e105636d0b04136f8be580fdc39d6f1f97d,
06_tmem_dependency,tmem_fp16_m128n128k16_c256_none_in1_rd2,1,,NVIDIA Thor,11.0,580.00,13.0,PTX ISA 9.3 / CUDA 13.0,1575.000,,,,fp16,128,128,16,32,128,162,3,discard,same,2,2,32,1,nocount,sw128,sw128,16,16,16,0,256,0,128,none,1,none,0,4,20,3678963.0,2335.849523809524,,,,,8192,,18.387174568485744,,,0,0.0,1,bf14b28d2af4128daa99f23eec8a5e105636d0b04136f8be580fdc39d6f1f97d,
06_tmem_dependency,tmem_fp16_m128n128k16_c256_none_in1_rd2,1,,NVIDIA Thor,11.0,580.00,13.0,PTX ISA 9.3 / CUDA 13.0,1575.000,,,,fp16,128,128,16,32,128,162,4,discard,same,2,2,32,1,nocount,sw128,sw128,16,16,16,0,256,0,128,none,1,none,0,4,20,3678995.0,2335.869841269841,,,,,8192,,18.387014636334108,,,0,0.0,1,bf14b28d2af4128daa99f23eec8a5e105636d0b04136f8be580fdc39d6f1f97d,
06_tmem_dependency,tmem_bf16_m128n64k16_c512_none_in1_rd1,1,,NVIDIA Thor,11.0,580.00,13.0,PTX ISA 9.3 / CUDA 13.0,1575.000,,,,bf16,128,64,16,32,128,163,0,discard,same,8,1,32,1,nocount,sw128,sw128,16,16,16,0,512,0,64,none,1,none,0,4,20,3182173.0,2020.4273015873016,,,,,6144,,10.628858788004298,,,0,0.0,1,bf14b28d2af4128daa99f23eec8a5e105636d0b04136f8be580fdc39d6f1f97d,; UTCHMMA=21;UTCHMMA_WS=16;UTCBAR=1;UTCATOMSWS=3;SYNCS_TRYWAIT=8;LDS=21;LDG=9;ptx_tcgen05_mma=21;ptx_tcgen05_mma_ws=16;ptx_tcgen05_commit=1;ptx_tcgen05_alloc=1;ptx_tcgen05_dealloc=1;ptx_tcgen05_ld=5;ptx_tcgen05_st=5;ptx_mbarrier_wait=5;ptx_cp_async_tma=2;ptx_ld_shared=26;ptx_ld_global=7
06_tmem_dependency,tmem_bf16_m128n64k16_c512_none_in1_rd1,1,,NVIDIA Thor,11.0,580.00,13.0,PTX ISA 9.3 / CUDA 13.0,1575.000,,,,bf16,128,64,16,32,128,163,1,discard,same,8,1,32,1,nocount,sw128,sw128,16,16,16,0,512,0,64,none,1,none,0,4,20,3182163.0,2020.4209523809525,,,,,6144,,10.628892189369305,,,0,0.0,1,bf14b28d2af4128daa99f23eec8a5e105636d0b04136f8be580fdc39d6f1f97d,
06_tmem_dependency,tmem_bf16_m128n64k16_c512_none_in1_rd1,1,,NVIDIA Thor,11.0,580.00,13.0,PTX ISA 9.3 / CUDA 13.0,1575.000,,,,bf16,128,64,16,32,128,163,2,discard,same,8,1,32,1,nocount,sw128,sw128,16,16,16,0,512,0,64,none,1,none,0,4,20,3182159.0,2020.4184126984128,,,,,6144,,10.628905549974089,,,0,0.0,1,bf14b28d2af4128daa99f23eec8a5e105636d0b04136f8be580fdc39d6f1f97d,
06_tmem_dependency,tmem_bf16_m128n64k16_c512_none_in1_rd1,1,,NVIDIA Thor,11.0,580.00,13.0,PTX ISA 9.3 / CUDA 13.0,1575.000,,,,bf16,128,64,16,32,128,163,3,discard,same,8,1,32,1,nocount,sw128,sw128,16,16,16,0,512,0,64,none,1,none,0,4,20,3182160.0,2020.4190476190474,,,,,6144,,10.628902209819746,,,0,0.0,1,bf14b28d2af4128daa99f23eec8a5e105636d0b04136f8be580fdc39d6f1f97d,
06_tmem_dependency,tmem_bf16_m128n64k16_c512_none_in1_rd1,1,,NVIDIA Thor,11.0,580.00,13.0,PTX ISA 9.3 / CUDA 13.0,1575.000,,,,bf16,128,64,16,32,128,163,4,discard,same,8,1,32,1,nocount,sw128,sw128,16,16,16,0,512,0,64,none,1,none,0,4,20,3182153.0,2020.4146031746031,,,,,6144,,10.628925590944243,,,0,0.0,1,bf14b28d2af4128daa99f23eec8a5e105636d0b04136f8be580fdc39d6f1f97d,
06_tmem_dependency,tmem_fp16_m128n64k16_c256_none_in1_rd1,1,,NVIDIA Thor,11.0,580.00,13.0,PTX ISA 9.3 / CUDA 13.0,1575.000,,,,fp16,128,64,16,32,128,164,0,discard,same,4,1,32,1,nocount,sw128,sw128,16,16,16,0,256,0,64,none,1,none,0,4,20,3182170.0,2020.425396825397,,,,,6144,,10.628868808391758,,,0,0.0,1,bf14b28d2af4128daa99f23eec8a5e105636d0b04136f8be580fdc39d6f1f97d,; UTCHMMA=21;UTCHMMA_WS=16;UTCBAR=1;UTCATOMSWS=3;SYNCS_TRYWAIT=8;LDS=21;LDG=9;ptx_tcgen05_mma=21;ptx_tcgen05_mma_ws=16;ptx_tcgen05_commit=1;ptx_tcgen05_alloc=1;ptx_tcgen05_dealloc=1;ptx_tcgen05_ld=5;ptx_tcgen05_st=5;ptx_mbarrier_wait=5;ptx_cp_async_tma=2;ptx_ld_shared=26;ptx_ld_global=7
06_tmem_dependency,tmem_fp16_m128n64k16_c256_none_in1_rd1,1,,NVIDIA Thor,11.0,580.00,13.0,PTX ISA 9.3 / CUDA 13.0,1575.000,,,,fp16,128,64,16,32,128,164,1,discard,same,4,1,32,1,nocount,sw128,sw128,16,16,16,0,256,0,64,none,1,none,0,4,20,3182169.0,2020.4247619047617,,,,,6144,,10.628872148525112,,,0,0.0,1,bf14b28d2af4128daa99f23eec8a5e105636d0b04136f8be580fdc39d6f1f97d,
06_tmem_dependency,tmem_fp16_m128n64k16_c256_none_in1_rd1,1,,NVIDIA Thor,11.0,580.00,13.0,PTX ISA 9.3 / CUDA 13.0,1575.000,,,,fp16,128,64,16,32,128,164,2,discard,same,4,1,32,1,nocount,sw128,sw128,16,16,16,0,256,0,64,none,1,none,0,4,20,3182155.0,2020.4158730158729,,,,,6144,,10.628918910612462,,,0,0.0,1,bf14b28d2af4128daa99f23eec8a5e105636d0b04136f8be580fdc39d6f1f97d,
06_tmem_dependency,tmem_fp16_m128n64k16_c256_none_in1_rd1,1,,NVIDIA Thor,11.0,580.00,13.0,PTX ISA 9.3 / CUDA 13.0,1575.000,,,,fp16,128,64,16,32,128,164,3,discard,same,4,1,32,1,nocount,sw128,sw128,16,16,16,0,256,0,64,none,1,none,0,4,20,3182158.0,2020.417777777778,,,,,6144,,10.628908890130534,,,0,0.0,1,bf14b28d2af4128daa99f23eec8a5e105636d0b04136f8be580fdc39d6f1f97d,
06_tmem_dependency,tmem_fp16_m128n64k16_c256_none_in1_rd1,1,,NVIDIA Thor,11.0,580.00,13.0,PTX ISA 9.3 / CUDA 13.0,1575.000,,,,fp16,128,64,16,32,128,164,4,discard,same,4,1,32,1,nocount,sw128,sw128,16,16,16,0,256,0,64,none,1,none,0,4,20,3182155.0,2020.4158730158729,,,,,6144,,10.628918910612462,,,0,0.0,1,bf14b28d2af4128daa99f23eec8a5e105636d0b04136f8be580fdc39d6f1f97d,
06_tmem_dependency,tmem_fp16_m128n256k16_c512_full_in1_rd2,1,,NVIDIA Thor,11.0,580.00,13.0,PTX ISA 9.3 / CUDA 13.0,1575.000,,,,fp16,128,256,16,32,128,165,0,discard,same,1,1,32,1,nocount,sw128,sw128,16,16,16,0,512,0,0,full,1,none,0,4,20,3181542.0,2020.0266666666666,,,,,12288,,42.52386730208182,,,0,0.0,1,bf14b28d2af4128daa99f23eec8a5e105636d0b04136f8be580fdc39d6f1f97d,; UTCHMMA=21;UTCHMMA_WS=16;UTCBAR=1;UTCATOMSWS=3;SYNCS_TRYWAIT=8;LDS=21;LDG=9;ptx_tcgen05_mma=21;ptx_tcgen05_mma_ws=16;ptx_tcgen05_commit=1;ptx_tcgen05_alloc=1;ptx_tcgen05_dealloc=1;ptx_tcgen05_ld=5;ptx_tcgen05_st=5;ptx_mbarrier_wait=5;ptx_cp_async_tma=2;ptx_ld_shared=26;ptx_ld_global=7
06_tmem_dependency,tmem_fp16_m128n256k16_c512_full_in1_rd2,1,,NVIDIA Thor,11.0,580.00,13.0,PTX ISA 9.3 / CUDA 13.0,1575.000,,,,fp16,128,256,16,32,128,165,1,discard,same,1,1,32,1,nocount,sw128,sw128,16,16,16,0,512,0,0,full,1,none,0,4,20,3181538.0,2020.0241269841267,,,,,12288,,42.52392076536569,,,0,0.0,1,bf14b28d2af4128daa99f23eec8a5e105636d0b04136f8be580fdc39d6f1f97d,
06_tmem_dependency,tmem_fp16_m128n256k16_c512_full_in1_rd2,1,,NVIDIA Thor,11.0,580.00,13.0,PTX ISA 9.3 / CUDA 13.0,1575.000,,,,fp16,128,256,16,32,128,165,2,discard,same,1,1,32,1,nocount,sw128,sw128,16,16,16,0,512,0,0,full,1,none,0,4,20,3181541.0,2020.0260317460318,,,,,12288,,42.52388066789018,,,0,0.0,1,bf14b28d2af4128daa99f23eec8a5e105636d0b04136f8be580fdc39d6f1f97d,
06_tmem_dependency,tmem_fp16_m128n256k16_c512_full_in1_rd2,1,,NVIDIA Thor,11.0,580.00,13.0,PTX ISA 9.3 / CUDA 13.0,1575.000,,,,fp16,128,256,16,32,128,165,3,discard,same,1,1,32,1,nocount,sw128,sw128,16,16,16,0,512,0,0,full,1,none,0,4,20,3181541.0,2020.0260317460318,,,,,12288,,42.52388066789018,,,0,0.0,1,bf14b28d2af4128daa99f23eec8a5e105636d0b04136f8be580fdc39d6f1f97d,
06_tmem_dependency,tmem_fp16_m128n256k16_c512_full_in1_rd2,1,,NVIDIA Thor,11.0,580.00,13.0,PTX ISA 9.3 / CUDA 13.0,1575.000,,,,fp16,128,256,16,32,128,165,4,discard,same,1,1,32,1,nocount,sw128,sw128,16,16,16,0,512,0,0,full,1,none,0,4,20,3181542.0,2020.0266666666666,,,,,12288,,42.52386730208182,,,0,0.0,1,bf14b28d2af4128daa99f23eec8a5e105636d0b04136f8be580fdc39d6f1f97d,
06_tmem_dependency,tmem_bf16_m128n128k16_c512_none_in1_rd1,1,,NVIDIA Thor,11.0,580.00,13.0,PTX ISA 9.3 / CUDA 13.0,1575.000,,,,bf16,128,128,16,32,128,166,0,discard,same,4,1,32,1,nocount,sw128,sw128,16,16,16,0,512,0,128,none,1,none,0,4,20,3181152.0,2019.7790476190478,,,,,8192,,21.26454030238102,,,0,0.0,1,bf14b28d2af4128daa99f23eec8a5e105636d0b04136f8be580fdc39d6f1f97d,; UTCHMMA=21;UTCHMMA_WS=16;UTCBAR=1;UTCATOMSWS=3;SYNCS_TRYWAIT=8;LDS=21;LDG=9;ptx_tcgen05_mma=21;ptx_tcgen05_mma_ws=16;ptx_tcgen05_commit=1;ptx_tcgen05_alloc=1;ptx_tcgen05_dealloc=1;ptx_tcgen05_ld=5;ptx_tcgen05_st=5;ptx_mbarrier_wait=5;ptx_cp_async_tma=2;ptx_ld_shared=26;ptx_ld_global=7
06_tmem_dependency,tmem_bf16_m128n128k16_c512_none_in1_rd1,1,,NVIDIA Thor,11.0,580.00,13.0,PTX ISA 9.3 / CUDA 13.0,1575.000,,,,bf16,128,128,16,32,128,166,1,discard,same,4,1,32,1,nocount,sw128,sw128,16,16,16,0,512,0,128,none,1,none,0,4,20,3181521.0,2020.0133333333333,,,,,8192,,21.26207399291094,,,0,0.0,1,bf14b28d2af4128daa99f23eec8a5e105636d0b04136f8be580fdc39d6f1f97d,
06_tmem_dependency,tmem_bf16_m128n128k16_c512_none_in1_rd1,1,,NVIDIA Thor,11.0,580.00,13.0,PTX ISA 9.3 / CUDA 13.0,1575.000,,,,bf16,128,128,16,32,128,166,2,discard,same,4,1,32,1,nocount,sw128,sw128,16,16,16,0,512,0,128,none,1,none,0,4,20,3181151.0,2019.7784126984127,,,,,8192,,21.264546986923918,,,0,0.0,1,bf14b28d2af4128daa99f23eec8a5e105636d0b04136f8be580fdc39d6f1f97d,
06_tmem_dependency,tmem_bf16_m128n128k16_c512_none_in1_rd1,1,,NVIDIA Thor,11.0,580.00,13.0,PTX ISA 9.3 / CUDA 13.0,1575.000,,,,bf16,128,128,16,32,128,166,3,discard,same,4,1,32,1,nocount,sw128,sw128,16,16,16,0,512,0,128,none,1,none,0,4,20,3181152.0,2019.7790476190478,,,,,8192,,21.26454030238102,,,0,0.0,1,bf14b28d2af4128daa99f23eec8a5e105636d0b04136f8be580fdc39d6f1f97d,
06_tmem_dependency,tmem_bf16_m128n128k16_c512_none_in1_rd1,1,,NVIDIA Thor,11.0,580.00,13.0,PTX ISA 9.3 / CUDA 13.0,1575.000,,,,bf16,128,128,16,32,128,166,4,discard,same,4,1,32,1,nocount,sw128,sw128,16,16,16,0,512,0,128,none,1,none,0,4,20,3181523.0,2020.0146031746033,,,,,8192,,21.262060626938734,,,0,0.0,1,bf14b28d2af4128daa99f23eec8a5e105636d0b04136f8be580fdc39d6f1f97d,
06_tmem_dependency,tmem_bf16_m128n64k16_c256_none_in0_rd4,1,,NVIDIA Thor,11.0,580.00,13.0,PTX ISA 9.3 / CUDA 13.0,1575.000,,,,bf16,128,64,16,32,128,167,0,discard,same,4,4,32,1,nocount,sw128,sw128,16,16,16,0,256,0,64,none,0,none,0,4,20,3678580.0,2335.606349206349,,,,,6144,,9.194544486187606,,,0,0.0,1,bf14b28d2af4128daa99f23eec8a5e105636d0b04136f8be580fdc39d6f1f97d,; UTCHMMA=21;UTCHMMA_WS=16;UTCBAR=1;UTCATOMSWS=3;SYNCS_TRYWAIT=8;LDS=21;LDG=9;ptx_tcgen05_mma=21;ptx_tcgen05_mma_ws=16;ptx_tcgen05_commit=1;ptx_tcgen05_alloc=1;ptx_tcgen05_dealloc=1;ptx_tcgen05_ld=5;ptx_tcgen05_st=5;ptx_mbarrier_wait=5;ptx_cp_async_tma=2;ptx_ld_shared=26;ptx_ld_global=7
06_tmem_dependency,tmem_bf16_m128n64k16_c256_none_in0_rd4,1,,NVIDIA Thor,11.0,580.00,13.0,PTX ISA 9.3 / CUDA 13.0,1575.000,,,,bf16,128,64,16,32,128,167,1,discard,same,4,4,32,1,nocount,sw128,sw128,16,16,16,0,256,0,64,none,0,none,0,4,20,3678591.0,2335.6133333333332,,,,,6144,,9.194516991967848,,,0,0.0,1,bf14b28d2af4128daa99f23eec8a5e105636d0b04136f8be580fdc39d6f1f97d,
06_tmem_dependency,tmem_bf16_m128n64k16_c256_none_in0_rd4,1,,NVIDIA Thor,11.0,580.00,13.0,PTX ISA 9.3 / CUDA 13.0,1575.000,,,,bf16,128,64,16,32,128,167,2,discard,same,4,4,32,1,nocount,sw128,sw128,16,16,16,0,256,0,64,none,0,none,0,4,20,3678587.0,2335.6107936507938,,,,,6144,,9.194526989846915,,,0,0.0,1,bf14b28d2af4128daa99f23eec8a5e105636d0b04136f8be580fdc39d6f1f97d,
06_tmem_dependency,tmem_bf16_m128n64k16_c256_none_in0_rd4,1,,NVIDIA Thor,11.0,580.00,13.0,PTX ISA 9.3 / CUDA 13.0,1575.000,,,,bf16,128,64,16,32,128,167,3,discard,same,4,4,32,1,nocount,sw128,sw128,16,16,16,0,256,0,64,none,0,none,0,4,20,3678587.0,2335.6107936507938,,,,,6144,,9.194526989846915,,,0,0.0,1,bf14b28d2af4128daa99f23eec8a5e105636d0b04136f8be580fdc39d6f1f97d,
06_tmem_dependency,tmem_bf16_m128n64k16_c256_none_in0_rd4,1,,NVIDIA Thor,11.0,580.00,13.0,PTX ISA 9.3 / CUDA 13.0,1575.000,,,,bf16,128,64,16,32,128,167,4,discard,same,4,4,32,1,nocount,sw128,sw128,16,16,16,0,256,0,64,none,0,none,0,4,20,3678579.0,2335.6057142857144,,,,,6144,,9.19454698567028,,,0,0.0,1,bf14b28d2af4128daa99f23eec8a5e105636d0b04136f8be580fdc39d6f1f97d,
06_tmem_dependency,tmem_fp16_m128n256k16_c512_full_in0_rd2,1,,NVIDIA Thor,11.0,580.00,13.0,PTX ISA 9.3 / CUDA 13.0,1575.000,,,,fp16,128,256,16,32,128,168,0,discard,same,1,1,32,1,nocount,sw128,sw128,16,16,16,0,512,0,0,full,0,none,0,4,20,3181793.0,2020.1860317460319,,,,,12288,,42.52051274988662,,,0,0.0,1,bf14b28d2af4128daa99f23eec8a5e105636d0b04136f8be580fdc39d6f1f97d,; UTCHMMA=21;UTCHMMA_WS=16;UTCBAR=1;UTCATOMSWS=3;SYNCS_TRYWAIT=8;LDS=21;LDG=9;ptx_tcgen05_mma=21;ptx_tcgen05_mma_ws=16;ptx_tcgen05_commit=1;ptx_tcgen05_alloc=1;ptx_tcgen05_dealloc=1;ptx_tcgen05_ld=5;ptx_tcgen05_st=5;ptx_mbarrier_wait=5;ptx_cp_async_tma=2;ptx_ld_shared=26;ptx_ld_global=7
06_tmem_dependency,tmem_fp16_m128n256k16_c512_full_in0_rd2,1,,NVIDIA Thor,11.0,580.00,13.0,PTX ISA 9.3 / CUDA 13.0,1575.000,,,,fp16,128,256,16,32,128,168,1,discard,same,1,1,32,1,nocount,sw128,sw128,16,16,16,0,512,0,0,full,0,none,0,4,20,3181548.0,2020.0304761904763,,,,,12288,,42.52378710740808,,,0,0.0,1,bf14b28d2af4128daa99f23eec8a5e105636d0b04136f8be580fdc39d6f1f97d,
06_tmem_dependency,tmem_fp16_m128n256k16_c512_full_in0_rd2,1,,NVIDIA Thor,11.0,580.00,13.0,PTX ISA 9.3 / CUDA 13.0,1575.000,,,,fp16,128,256,16,32,128,168,2,discard,same,1,1,32,1,nocount,sw128,sw128,16,16,16,0,512,0,0,full,0,none,0,4,20,3181796.0,2020.1879365079365,,,,,12288,,42.52047265883797,,,0,0.0,1,bf14b28d2af4128daa99f23eec8a5e105636d0b04136f8be580fdc39d6f1f97d,
06_tmem_dependency,tmem_fp16_m128n256k16_c512_full_in0_rd2,1,,NVIDIA Thor,11.0,580.00,13.0,PTX ISA 9.3 / CUDA 13.0,1575.000,,,,fp16,128,256,16,32,128,168,3,discard,same,1,1,32,1,nocount,sw128,sw128,16,16,16,0,512,0,0,full,0,none,0,4,20,3181548.0,2020.0304761904763,,,,,12288,,42.52378710740808,,,0,0.0,1,bf14b28d2af4128daa99f23eec8a5e105636d0b04136f8be580fdc39d6f1f97d,
06_tmem_dependency,tmem_fp16_m128n256k16_c512_full_in0_rd2,1,,NVIDIA Thor,11.0,580.00,13.0,PTX ISA 9.3 / CUDA 13.0,1575.000,,,,fp16,128,256,16,32,128,168,4,discard,same,1,1,32,1,nocount,sw128,sw128,16,16,16,0,512,0,0,full,0,none,0,4,20,3181796.0,2020.1879365079365,,,,,12288,,42.52047265883797,,,0,0.0,1,bf14b28d2af4128daa99f23eec8a5e105636d0b04136f8be580fdc39d6f1f97d,
06_tmem_dependency,tmem_fp16_m128n256k16_c512_partial_in0_rd1,1,,NVIDIA Thor,11.0,580.00,13.0,PTX ISA 9.3 / CUDA 13.0,1575.000,,,,fp16,128,256,16,32,128,169,0,discard,same,1,1,32,1,nocount,sw128,sw128,16,16,16,0,512,0,128,partial,0,none,0,4,20,3181549.0,2020.031111111111,,,,,12288,,42.523773741658545,,,0,0.0,1,bf14b28d2af4128daa99f23eec8a5e105636d0b04136f8be580fdc39d6f1f97d,; UTCHMMA=21;UTCHMMA_WS=16;UTCBAR=1;UTCATOMSWS=3;SYNCS_TRYWAIT=8;LDS=21;LDG=9;ptx_tcgen05_mma=21;ptx_tcgen05_mma_ws=16;ptx_tcgen05_commit=1;ptx_tcgen05_alloc=1;ptx_tcgen05_dealloc=1;ptx_tcgen05_ld=5;ptx_tcgen05_st=5;ptx_mbarrier_wait=5;ptx_cp_async_tma=2;ptx_ld_shared=26;ptx_ld_global=7
06_tmem_dependency,tmem_fp16_m128n256k16_c512_partial_in0_rd1,1,,NVIDIA Thor,11.0,580.00,13.0,PTX ISA 9.3 / CUDA 13.0,1575.000,,,,fp16,128,256,16,32,128,169,1,discard,same,1,1,32,1,nocount,sw128,sw128,16,16,16,0,512,0,128,partial,0,none,0,4,20,3181796.0,2020.1879365079365,,,,,12288,,42.52047265883797,,,0,0.0,1,bf14b28d2af4128daa99f23eec8a5e105636d0b04136f8be580fdc39d6f1f97d,
06_tmem_dependency,tmem_fp16_m128n256k16_c512_partial_in0_rd1,1,,NVIDIA Thor,11.0,580.00,13.0,PTX ISA 9.3 / CUDA 13.0,1575.000,,,,fp16,128,256,16,32,128,169,2,discard,same,1,1,32,1,nocount,sw128,sw128,16,16,16,0,512,0,128,partial,0,none,0,4,20,3181792.0,2020.1853968253965,,,,,12288,,42.520526113586314,,,0,0.0,1,bf14b28d2af4128daa99f23eec8a5e105636d0b04136f8be580fdc39d6f1f97d,
06_tmem_dependency,tmem_fp16_m128n256k16_c512_partial_in0_rd1,1,,NVIDIA Thor,11.0,580.00,13.0,PTX ISA 9.3 / CUDA 13.0,1575.000,,,,fp16,128,256,16,32,128,169,3,discard,same,1,1,32,1,nocount,sw128,sw128,16,16,16,0,512,0,128,partial,0,none,0,4,20,3181541.0,2020.0260317460318,,,,,12288,,42.52388066789018,,,0,0.0,1,bf14b28d2af4128daa99f23eec8a5e105636d0b04136f8be580fdc39d6f1f97d,
06_tmem_dependency,tmem_fp16_m128n256k16_c512_partial_in0_rd1,1,,NVIDIA Thor,11.0,580.00,13.0,PTX ISA 9.3 / CUDA 13.0,1575.000,,,,fp16,128,256,16,32,128,169,4,discard,same,1,1,32,1,nocount,sw128,sw128,16,16,16,0,512,0,128,partial,0,none,0,4,20,3181553.0,2020.0336507936508,,,,,12288,,42.52372027874438,,,0,0.0,1,bf14b28d2af4128daa99f23eec8a5e105636d0b04136f8be580fdc39d6f1f97d,
06_tmem_dependency,tmem_bf16_m128n64k16_c128_none_in0_rd1,1,,NVIDIA Thor,11.0,580.00,13.0,PTX ISA 9.3 / CUDA 13.0,1575.000,,,,bf16,128,64,16,32,128,170,0,discard,same,2,1,32,1,nocount,sw128,sw128,16,16,16,0,128,0,64,none,0,none,0,4,20,3182156.0,2020.4165079365082,,,,,6144,,10.628915570449719,,,0,0.0,1,bf14b28d2af4128daa99f23eec8a5e105636d0b04136f8be580fdc39d6f1f97d,; UTCHMMA=21;UTCHMMA_WS=16;UTCBAR=1;UTCATOMSWS=3;SYNCS_TRYWAIT=8;LDS=21;LDG=9;ptx_tcgen05_mma=21;ptx_tcgen05_mma_ws=16;ptx_tcgen05_commit=1;ptx_tcgen05_alloc=1;ptx_tcgen05_dealloc=1;ptx_tcgen05_ld=5;ptx_tcgen05_st=5;ptx_mbarrier_wait=5;ptx_cp_async_tma=2;ptx_ld_shared=26;ptx_ld_global=7
06_tmem_dependency,tmem_bf16_m128n64k16_c128_none_in0_rd1,1,,NVIDIA Thor,11.0,580.00,13.0,PTX ISA 9.3 / CUDA 13.0,1575.000,,,,bf16,128,64,16,32,128,170,1,discard,same,2,1,32,1,nocount,sw128,sw128,16,16,16,0,128,0,64,none,0,none,0,4,20,3182158.0,2020.417777777778,,,,,6144,,10.628908890130534,,,0,0.0,1,bf14b28d2af4128daa99f23eec8a5e105636d0b04136f8be580fdc39d6f1f97d,
06_tmem_dependency,tmem_bf16_m128n64k16_c128_none_in0_rd1,1,,NVIDIA Thor,11.0,580.00,13.0,PTX ISA 9.3 / CUDA 13.0,1575.000,,,,bf16,128,64,16,32,128,170,2,discard,same,2,1,32,1,nocount,sw128,sw128,16,16,16,0,128,0,64,none,0,none,0,4,20,3182158.0,2020.417777777778,,,,,6144,,10.628908890130534,,,0,0.0,1,bf14b28d2af4128daa99f23eec8a5e105636d0b04136f8be580fdc39d6f1f97d,
06_tmem_dependency,tmem_bf16_m128n64k16_c128_none_in0_rd1,1,,NVIDIA Thor,11.0,580.00,13.0,PTX ISA 9.3 / CUDA 13.0,1575.000,,,,bf16,128,64,16,32,128,170,3,discard,same,2,1,32,1,nocount,sw128,sw128,16,16,16,0,128,0,64,none,0,none,0,4,20,3182155.0,2020.4158730158729,,,,,6144,,10.628918910612462,,,0,0.0,1,bf14b28d2af4128daa99f23eec8a5e105636d0b04136f8be580fdc39d6f1f97d,
06_tmem_dependency,tmem_bf16_m128n64k16_c128_none_in0_rd1,1,,NVIDIA Thor,11.0,580.00,13.0,PTX ISA 9.3 / CUDA 13.0,1575.000,,,,bf16,128,64,16,32,128,170,4,discard,same,2,1,32,1,nocount,sw128,sw128,16,16,16,0,128,0,64,none,0,none,0,4,20,3182157.0,2020.4171428571428,,,,,6144,,10.628912230289078,,,0,0.0,1,bf14b28d2af4128daa99f23eec8a5e105636d0b04136f8be580fdc39d6f1f97d,
06_tmem_dependency,tmem_bf16_m128n64k16_c128_partial_in0_rd1,1,,NVIDIA Thor,11.0,580.00,13.0,PTX ISA 9.3 / CUDA 13.0,1575.000,,,,bf16,128,64,16,32,128,171,0,discard,same,1,1,32,1,nocount,sw128,sw128,16,16,16,0,128,0,32,partial,0,none,0,4,20,3182154.0,2020.4152380952382,,,,,6144,,10.628922250777302,,,0,0.0,1,bf14b28d2af4128daa99f23eec8a5e105636d0b04136f8be580fdc39d6f1f97d,; UTCHMMA=21;UTCHMMA_WS=16;UTCBAR=1;UTCATOMSWS=3;SYNCS_TRYWAIT=8;LDS=21;LDG=9;ptx_tcgen05_mma=21;ptx_tcgen05_mma_ws=16;ptx_tcgen05_commit=1;ptx_tcgen05_alloc=1;ptx_tcgen05_dealloc=1;ptx_tcgen05_ld=5;ptx_tcgen05_st=5;ptx_mbarrier_wait=5;ptx_cp_async_tma=2;ptx_ld_shared=26;ptx_ld_global=7
06_tmem_dependency,tmem_bf16_m128n64k16_c128_partial_in0_rd1,1,,NVIDIA Thor,11.0,580.00,13.0,PTX ISA 9.3 / CUDA 13.0,1575.000,,,,bf16,128,64,16,32,128,171,1,discard,same,1,1,32,1,nocount,sw128,sw128,16,16,16,0,128,0,32,partial,0,none,0,4,20,3182167.0,2020.423492063492,,,,,6144,,10.628878828798113,,,0,0.0,1,bf14b28d2af4128daa99f23eec8a5e105636d0b04136f8be580fdc39d6f1f97d,
06_tmem_dependency,tmem_bf16_m128n64k16_c128_partial_in0_rd1,1,,NVIDIA Thor,11.0,580.00,13.0,PTX ISA 9.3 / CUDA 13.0,1575.000,,,,bf16,128,64,16,32,128,171,2,discard,same,1,1,32,1,nocount,sw128,sw128,16,16,16,0,128,0,32,partial,0,none,0,4,20,3182157.0,2020.4171428571428,,,,,6144,,10.628912230289078,,,0,0.0,1,bf14b28d2af4128daa99f23eec8a5e105636d0b04136f8be580fdc39d6f1f97d,
06_tmem_dependency,tmem_bf16_m128n64k16_c128_partial_in0_rd1,1,,NVIDIA Thor,11.0,580.00,13.0,PTX ISA 9.3 / CUDA 13.0,1575.000,,,,bf16,128,64,16,32,128,171,3,discard,same,1,1,32,1,nocount,sw128,sw128,16,16,16,0,128,0,32,partial,0,none,0,4,20,3182173.0,2020.4273015873016,,,,,6144,,10.628858788004298,,,0,0.0,1,bf14b28d2af4128daa99f23eec8a5e105636d0b04136f8be580fdc39d6f1f97d,
06_tmem_dependency,tmem_bf16_m128n64k16_c128_partial_in0_rd1,1,,NVIDIA Thor,11.0,580.00,13.0,PTX ISA 9.3 / CUDA 13.0,1575.000,,,,bf16,128,64,16,32,128,171,4,discard,same,1,1,32,1,nocount,sw128,sw128,16,16,16,0,128,0,32,partial,0,none,0,4,20,3182167.0,2020.423492063492,,,,,6144,,10.628878828798113,,,0,0.0,1,bf14b28d2af4128daa99f23eec8a5e105636d0b04136f8be580fdc39d6f1f97d,
06_tmem_dependency,tmem_fp16_m128n64k16_c512_none_in1_rd8,1,,NVIDIA Thor,11.0,580.00,13.0,PTX ISA 9.3 / CUDA 13.0,1575.000,,,,fp16,128,64,16,32,128,172,0,discard,same,8,8,32,1,nocount,sw128,sw128,16,16,16,0,512,0,64,none,1,none,0,4,20,3678582.0,2335.607619047619,,,,,6144,,9.194539487226328,,,0,0.0,1,bf14b28d2af4128daa99f23eec8a5e105636d0b04136f8be580fdc39d6f1f97d,; UTCHMMA=21;UTCHMMA_WS=16;UTCBAR=1;UTCATOMSWS=3;SYNCS_TRYWAIT=8;LDS=21;LDG=9;ptx_tcgen05_mma=21;ptx_tcgen05_mma_ws=16;ptx_tcgen05_commit=1;ptx_tcgen05_alloc=1;ptx_tcgen05_dealloc=1;ptx_tcgen05_ld=5;ptx_tcgen05_st=5;ptx_mbarrier_wait=5;ptx_cp_async_tma=2;ptx_ld_shared=26;ptx_ld_global=7
06_tmem_dependency,tmem_fp16_m128n64k16_c512_none_in1_rd8,1,,NVIDIA Thor,11.0,580.00,13.0,PTX ISA 9.3 / CUDA 13.0,1575.000,,,,fp16,128,64,16,32,128,172,1,discard,same,8,8,32,1,nocount,sw128,sw128,16,16,16,0,512,0,64,none,1,none,0,4,20,3678580.0,2335.606349206349,,,,,6144,,9.194544486187606,,,0,0.0,1,bf14b28d2af4128daa99f23eec8a5e105636d0b04136f8be580fdc39d6f1f97d,
06_tmem_dependency,tmem_fp16_m128n64k16_c512_none_in1_rd8,1,,NVIDIA Thor,11.0,580.00,13.0,PTX ISA 9.3 / CUDA 13.0,1575.000,,,,fp16,128,64,16,32,128,172,2,discard,same,8,8,32,1,nocount,sw128,sw128,16,16,16,0,512,0,64,none,1,none,0,4,20,3678586.0,2335.610158730159,,,,,6144,,9.19452948932008,,,0,0.0,1,bf14b28d2af4128daa99f23eec8a5e105636d0b04136f8be580fdc39d6f1f97d,
06_tmem_dependency,tmem_fp16_m128n64k16_c512_none_in1_rd8,1,,NVIDIA Thor,11.0,580.00,13.0,PTX ISA 9.3 / CUDA 13.0,1575.000,,,,fp16,128,64,16,32,128,172,3,discard,same,8,8,32,1,nocount,sw128,sw128,16,16,16,0,512,0,64,none,1,none,0,4,20,3678581.0,2335.606984126984,,,,,6144,,9.194541986706287,,,0,0.0,1,bf14b28d2af4128daa99f23eec8a5e105636d0b04136f8be580fdc39d6f1f97d,
06_tmem_dependency,tmem_fp16_m128n64k16_c512_none_in1_rd8,1,,NVIDIA Thor,11.0,580.00,13.0,PTX ISA 9.3 / CUDA 13.0,1575.000,,,,fp16,128,64,16,32,128,172,4,discard,same,8,8,32,1,nocount,sw128,sw128,16,16,16,0,512,0,64,none,1,none,0,4,20,3678582.0,2335.607619047619,,,,,6144,,9.194539487226328,,,0,0.0,1,bf14b28d2af4128daa99f23eec8a5e105636d0b04136f8be580fdc39d6f1f97d,
