experiment,case_id,valid,invalid_reason,gpu,compute_capability,driver,cuda_version,ptx_version,sm_clock_mhz,mem_clock_mhz,temperature_c,power_w,dtype,m,n,k,Q,iterations,run_order,repeat,collector_mode,operand_address_mode,independent_d_count,d_reuse_distance,commit_interval,pending_mbarriers,wait_polling_mode,smem_layout,swizzle,alignment_bytes,lda,ldb,smem_base_offset,tmem_columns,d_base_column,d_tile_base_delta,d_alias_class,input_d,interference_mode,interference_ops_per_iter,interference_warps,resident_ctas,elapsed_cycles,elapsed_us,elapsed_cycles_p10,elapsed_cycles_p90,alpha_cycles,beta_cycles_per_mma,logical_smem_bytes_per_mma,effective_smem_bytes_per_cycle,tflops,tflops_p10,tflops_p90,poll_count,max_abs_error,guard_ok,sass_hash,notes
02_latency_throughput,lat_fp16_m128n128k16_legal_ring_in1_q1,1,,NVIDIA Thor,11.0,580.00,13.0,PTX ISA 9.3 / CUDA 13.0,1575.000,,,,fp16,128,128,16,1,512,1,5,discard,same,4,4,1,1,nocount,sw128,sw128,16,16,16,0,512,0,128,none,1,none,0,4,20,841328.0,534.176507936508,841077.3999999999,841479.2,781.0459748557623,874.4691603716302,8192,,10.050440332426827,10.048634649570461,10.053434872941382,0,0.0,1,bf14b28d2af4128daa99f23eec8a5e105636d0b04136f8be580fdc39d6f1f97d,legal_ring; UTCHMMA=21;UTCHMMA_WS=16;UTCBAR=1;UTCATOMSWS=3;SYNCS_TRYWAIT=8;LDS=21;LDG=9;ptx_tcgen05_mma=21;ptx_tcgen05_mma_ws=16;ptx_tcgen05_commit=1;ptx_tcgen05_alloc=1;ptx_tcgen05_dealloc=1;ptx_tcgen05_ld=5;ptx_tcgen05_st=5;ptx_mbarrier_wait=5;ptx_cp_async_tma=2;ptx_ld_shared=26;ptx_ld_global=7
02_latency_throughput,lat_bf16_m128n128k16_same_d_in0_q8,1,,NVIDIA Thor,11.0,580.00,13.0,PTX ISA 9.3 / CUDA 13.0,1575.000,,,,bf16,128,128,16,8,64,2,5,discard,same,1,1,8,1,nocount,sw128,sw128,16,16,16,0,512,0,0,none,0,none,0,4,20,435695.0,276.63174603174605,435690.2,435699.6,787.4689710674247,752.5719016281445,8192,,19.40742231147936,19.407217413981677,19.407636123319314,0,0.0,1,bf14b28d2af4128daa99f23eec8a5e105636d0b04136f8be580fdc39d6f1f97d,same_d; UTCHMMA=21;UTCHMMA_WS=16;UTCBAR=1;UTCATOMSWS=3;SYNCS_TRYWAIT=8;LDS=21;LDG=9;ptx_tcgen05_mma=21;ptx_tcgen05_mma_ws=16;ptx_tcgen05_commit=1;ptx_tcgen05_alloc=1;ptx_tcgen05_dealloc=1;ptx_tcgen05_ld=5;ptx_tcgen05_st=5;ptx_mbarrier_wait=5;ptx_cp_async_tma=2;ptx_ld_shared=26;ptx_ld_global=7
02_latency_throughput,lat_bf16_m128n256k16_same_d_in1_q64,1,,NVIDIA Thor,11.0,580.00,13.0,PTX ISA 9.3 / CUDA 13.0,1575.000,,,,bf16,128,256,16,64,8,3,5,discard,same,1,1,64,1,nocount,sw128,sw128,16,16,16,0,512,0,0,none,1,none,0,4,20,391704.0,248.7009523809524,391699.2,391709.0,785.4692803828166,752.8134051879779,12288,,43.174013357024684,43.17346226066113,43.174542428713224,0,0.0,1,bf14b28d2af4128daa99f23eec8a5e105636d0b04136f8be580fdc39d6f1f97d,same_d; UTCHMMA=21;UTCHMMA_WS=16;UTCBAR=1;UTCATOMSWS=3;SYNCS_TRYWAIT=8;LDS=21;LDG=9;ptx_tcgen05_mma=21;ptx_tcgen05_mma_ws=16;ptx_tcgen05_commit=1;ptx_tcgen05_alloc=1;ptx_tcgen05_dealloc=1;ptx_tcgen05_ld=5;ptx_tcgen05_st=5;ptx_mbarrier_wait=5;ptx_cp_async_tma=2;ptx_ld_shared=26;ptx_ld_global=7
02_latency_throughput,lat_bf16_m128n256k16_legal_ring_in1_q48,1,,NVIDIA Thor,11.0,580.00,13.0,PTX ISA 9.3 / CUDA 13.0,1575.000,,,,bf16,128,256,16,48,10,4,5,discard,same,2,2,48,1,nocount,sw128,sw128,16,16,16,0,512,0,256,none,1,none,0,4,20,427472.0,271.41079365079366,427469.80000000005,427477.80000000005,782.1260899596709,874.2527859342456,12288,,37.088906688625215,37.08840346840796,37.08909756919271,0,0.0,1,bf14b28d2af4128daa99f23eec8a5e105636d0b04136f8be580fdc39d6f1f97d,legal_ring; UTCHMMA=21;UTCHMMA_WS=16;UTCBAR=1;UTCATOMSWS=3;SYNCS_TRYWAIT=8;LDS=21;LDG=9;ptx_tcgen05_mma=21;ptx_tcgen05_mma_ws=16;ptx_tcgen05_commit=1;ptx_tcgen05_alloc=1;ptx_tcgen05_dealloc=1;ptx_tcgen05_ld=5;ptx_tcgen05_st=5;ptx_mbarrier_wait=5;ptx_cp_async_tma=2;ptx_ld_shared=26;ptx_ld_global=7
02_latency_throughput,lat_fp16_m128n64k16_legal_ring_in0_q3,1,,NVIDIA Thor,11.0,580.00,13.0,PTX ISA 9.3 / CUDA 13.0,1575.000,,,,fp16,128,64,16,3,170,5,5,discard,same,8,8,3,1,nocount,sw128,sw128,16,16,16,0,512,0,64,none,0,none,0,4,20,578875.0,367.53968253968253,578873.8,578881.8,780.9723385179677,874.3665016401734,6144,,7.275047911898078,7.274962453521851,7.275062993025535,0,0.0,1,bf14b28d2af4128daa99f23eec8a5e105636d0b04136f8be580fdc39d6f1f97d,legal_ring; UTCHMMA=21;UTCHMMA_WS=16;UTCBAR=1;UTCATOMSWS=3;SYNCS_TRYWAIT=8;LDS=21;LDG=9;ptx_tcgen05_mma=21;ptx_tcgen05_mma_ws=16;ptx_tcgen05_commit=1;ptx_tcgen05_alloc=1;ptx_tcgen05_dealloc=1;ptx_tcgen05_ld=5;ptx_tcgen05_st=5;ptx_mbarrier_wait=5;ptx_cp_async_tma=2;ptx_ld_shared=26;ptx_ld_global=7
02_latency_throughput,lat_bf16_m128n128k16_legal_ring_in0_q6,1,,NVIDIA Thor,11.0,580.00,13.0,PTX ISA 9.3 / CUDA 13.0,1575.000,,,,bf16,128,128,16,6,85,6,5,discard,same,4,4,6,1,nocount,sw128,sw128,16,16,16,0,512,0,128,none,0,none,0,4,20,512321.0,325.2831746031746,512318.2,512323.19999999995,781.095600264056,874.4672932168828,8192,,16.440252732173775,16.440182135087394,16.440342584099714,0,0.0,1,bf14b28d2af4128daa99f23eec8a5e105636d0b04136f8be580fdc39d6f1f97d,legal_ring; UTCHMMA=21;UTCHMMA_WS=16;UTCBAR=1;UTCATOMSWS=3;SYNCS_TRYWAIT=8;LDS=21;LDG=9;ptx_tcgen05_mma=21;ptx_tcgen05_mma_ws=16;ptx_tcgen05_commit=1;ptx_tcgen05_alloc=1;ptx_tcgen05_dealloc=1;ptx_tcgen05_ld=5;ptx_tcgen05_st=5;ptx_mbarrier_wait=5;ptx_cp_async_tma=2;ptx_ld_shared=26;ptx_ld_global=7
02_latency_throughput,lat_fp16_m128n128k16_legal_ring_in0_q4,1,,NVIDIA Thor,11.0,580.00,13.0,PTX ISA 9.3 / CUDA 13.0,1575.000,,,,fp16,128,128,16,4,128,7,5,discard,same,4,4,4,1,nocount,sw128,sw128,16,16,16,0,512,0,128,none,0,none,0,4,20,547818.0,347.82095238095235,547814.3999999999,547821.0,781.0876772515294,874.4683934150742,8192,,15.43526657393514,15.435182046690432,15.435368007863179,0,0.0,1,bf14b28d2af4128daa99f23eec8a5e105636d0b04136f8be580fdc39d6f1f97d,legal_ring; UTCHMMA=21;UTCHMMA_WS=16;UTCBAR=1;UTCATOMSWS=3;SYNCS_TRYWAIT=8;LDS=21;LDG=9;ptx_tcgen05_mma=21;ptx_tcgen05_mma_ws=16;ptx_tcgen05_commit=1;ptx_tcgen05_alloc=1;ptx_tcgen05_dealloc=1;ptx_tcgen05_ld=5;ptx_tcgen05_st=5;ptx_mbarrier_wait=5;ptx_cp_async_tma=2;ptx_ld_shared=26;ptx_ld_global=7
02_latency_throughput,lat_bf16_m128n64k16_legal_ring_in0_q32,1,,NVIDIA Thor,11.0,580.00,13.0,PTX ISA 9.3 / CUDA 13.0,1575.000,,,,bf16,128,64,16,32,16,8,5,discard,same,8,8,32,1,nocount,sw128,sw128,16,16,16,0,512,0,64,none,0,none,0,4,20,460150.0,292.1587301587302,460146.2,460151.0,780.9607439667889,874.3618246594358,6144,,9.188000504183417,9.187980536823781,9.188076381035266,0,0.0,1,bf14b28d2af4128daa99f23eec8a5e105636d0b04136f8be580fdc39d6f1f97d,legal_ring; UTCHMMA=21;UTCHMMA_WS=16;UTCBAR=1;UTCATOMSWS=3;SYNCS_TRYWAIT=8;LDS=21;LDG=9;ptx_tcgen05_mma=21;ptx_tcgen05_mma_ws=16;ptx_tcgen05_commit=1;ptx_tcgen05_alloc=1;ptx_tcgen05_dealloc=1;ptx_tcgen05_ld=5;ptx_tcgen05_st=5;ptx_mbarrier_wait=5;ptx_cp_async_tma=2;ptx_ld_shared=26;ptx_ld_global=7
02_latency_throughput,lat_fp16_m128n64k16_legal_ring_in0_q24,1,,NVIDIA Thor,11.0,580.00,13.0,PTX ISA 9.3 / CUDA 13.0,1575.000,,,,fp16,128,64,16,24,21,9,5,discard,same,8,8,24,1,nocount,sw128,sw128,16,16,16,0,512,0,64,none,0,none,0,4,20,457020.0,290.1714285714285,457015.80000000005,457022.6,780.9723385179677,874.3665016401734,6144,,9.106380779834582,9.1063289736761,9.106464468009921,0,0.0,1,bf14b28d2af4128daa99f23eec8a5e105636d0b04136f8be580fdc39d6f1f97d,legal_ring; UTCHMMA=21;UTCHMMA_WS=16;UTCBAR=1;UTCATOMSWS=3;SYNCS_TRYWAIT=8;LDS=21;LDG=9;ptx_tcgen05_mma=21;ptx_tcgen05_mma_ws=16;ptx_tcgen05_commit=1;ptx_tcgen05_alloc=1;ptx_tcgen05_dealloc=1;ptx_tcgen05_ld=5;ptx_tcgen05_st=5;ptx_mbarrier_wait=5;ptx_cp_async_tma=2;ptx_ld_shared=26;ptx_ld_global=7
02_latency_throughput,lat_fp16_m128n64k16_same_d_in0_q48,1,,NVIDIA Thor,11.0,580.00,13.0,PTX ISA 9.3 / CUDA 13.0,1575.000,,,,fp16,128,64,16,48,10,10,5,discard,same,1,1,48,1,nocount,sw128,sw128,16,16,16,0,512,0,0,none,0,none,0,4,20,369243.0,234.44,369237.0,369244.6,785.5087943496892,752.8603052661067,6144,,10.734441221634533,10.734394707483812,10.734615655250515,0,0.0,1,bf14b28d2af4128daa99f23eec8a5e105636d0b04136f8be580fdc39d6f1f97d,same_d; UTCHMMA=21;UTCHMMA_WS=16;UTCBAR=1;UTCATOMSWS=3;SYNCS_TRYWAIT=8;LDS=21;LDG=9;ptx_tcgen05_mma=21;ptx_tcgen05_mma_ws=16;ptx_tcgen05_commit=1;ptx_tcgen05_alloc=1;ptx_tcgen05_dealloc=1;ptx_tcgen05_ld=5;ptx_tcgen05_st=5;ptx_mbarrier_wait=5;ptx_cp_async_tma=2;ptx_ld_shared=26;ptx_ld_global=7
02_latency_throughput,lat_fp16_m128n128k16_legal_ring_in0_q6,1,,NVIDIA Thor,11.0,580.00,13.0,PTX ISA 9.3 / CUDA 13.0,1575.000,,,,fp16,128,128,16,6,85,11,5,discard,same,4,4,6,1,nocount,sw128,sw128,16,16,16,0,512,0,128,none,0,none,0,4,20,512322.0,325.2838095238095,512321.4,512322.0,781.0876772515294,874.4683934150742,8192,,16.440220642486562,16.440220642486562,16.44023989629889,0,0.0,1,bf14b28d2af4128daa99f23eec8a5e105636d0b04136f8be580fdc39d6f1f97d,legal_ring; UTCHMMA=21;UTCHMMA_WS=16;UTCBAR=1;UTCATOMSWS=3;SYNCS_TRYWAIT=8;LDS=21;LDG=9;ptx_tcgen05_mma=21;ptx_tcgen05_mma_ws=16;ptx_tcgen05_commit=1;ptx_tcgen05_alloc=1;ptx_tcgen05_dealloc=1;ptx_tcgen05_ld=5;ptx_tcgen05_st=5;ptx_mbarrier_wait=5;ptx_cp_async_tma=2;ptx_ld_shared=26;ptx_ld_global=7
02_latency_throughput,lat_bf16_m128n256k16_legal_ring_in1_q8,1,,NVIDIA Thor,11.0,580.00,13.0,PTX ISA 9.3 / CUDA 13.0,1575.000,,,,bf16,128,256,16,8,64,12,5,discard,same,2,2,8,1,nocount,sw128,sw128,16,16,16,0,512,0,256,none,1,none,0,4,20,497587.0,315.92825396825396,497581.2,497593.19999999995,782.1260899596709,874.2527859342456,12288,,33.986888178348714,33.986464702623685,33.98728434303293,0,0.0,1,bf14b28d2af4128daa99f23eec8a5e105636d0b04136f8be580fdc39d6f1f97d,legal_ring; UTCHMMA=21;UTCHMMA_WS=16;UTCBAR=1;UTCATOMSWS=3;SYNCS_TRYWAIT=8;LDS=21;LDG=9;ptx_tcgen05_mma=21;ptx_tcgen05_mma_ws=16;ptx_tcgen05_commit=1;ptx_tcgen05_alloc=1;ptx_tcgen05_dealloc=1;ptx_tcgen05_ld=5;ptx_tcgen05_st=5;ptx_mbarrier_wait=5;ptx_cp_async_tma=2;ptx_ld_shared=26;ptx_ld_global=7
02_latency_throughput,lat_bf16_m128n128k16_same_d_in1_q8,1,,NVIDIA Thor,11.0,580.00,13.0,PTX ISA 9.3 / CUDA 13.0,1575.000,,,,bf16,128,128,16,8,64,13,5,discard,same,1,1,8,1,nocount,sw128,sw128,16,16,16,0,512,0,0,none,1,none,0,4,20,435696.0,276.6323809523809,435690.2,435724.0,787.5153553462314,752.5721318436277,8192,,19.407377767985018,19.40613068283077,19.407636123319314,0,0.0,1,bf14b28d2af4128daa99f23eec8a5e105636d0b04136f8be580fdc39d6f1f97d,same_d; UTCHMMA=21;UTCHMMA_WS=16;UTCBAR=1;UTCATOMSWS=3;SYNCS_TRYWAIT=8;LDS=21;LDG=9;ptx_tcgen05_mma=21;ptx_tcgen05_mma_ws=16;ptx_tcgen05_commit=1;ptx_tcgen05_alloc=1;ptx_tcgen05_dealloc=1;ptx_tcgen05_ld=5;ptx_tcgen05_st=5;ptx_mbarrier_wait=5;ptx_cp_async_tma=2;ptx_ld_shared=26;ptx_ld_global=7
02_latency_throughput,lat_bf16_m128n256k16_legal_ring_in0_q64,1,,NVIDIA Thor,11.0,580.00,13.0,PTX ISA 9.3 / CUDA 13.0,1575.000,,,,bf16,128,256,16,64,8,14,5,discard,same,2,2,64,1,nocount,sw128,sw128,16,16,16,0,512,0,256,none,0,none,0,4,20,453883.0,288.1796825396826,453878.4,453884.2,782.0351892886574,874.2602903897068,12288,,37.25945613296819,37.25935762487173,37.25983375287236,0,0.0,1,bf14b28d2af4128daa99f23eec8a5e105636d0b04136f8be580fdc39d6f1f97d,legal_ring; UTCHMMA=21;UTCHMMA_WS=16;UTCBAR=1;UTCATOMSWS=3;SYNCS_TRYWAIT=8;LDS=21;LDG=9;ptx_tcgen05_mma=21;ptx_tcgen05_mma_ws=16;ptx_tcgen05_commit=1;ptx_tcgen05_alloc=1;ptx_tcgen05_dealloc=1;ptx_tcgen05_ld=5;ptx_tcgen05_st=5;ptx_mbarrier_wait=5;ptx_cp_async_tma=2;ptx_ld_shared=26;ptx_ld_global=7
02_latency_throughput,lat_fp16_m128n256k16_legal_ring_in0_q64,1,,NVIDIA Thor,11.0,580.00,13.0,PTX ISA 9.3 / CUDA 13.0,1575.000,,,,fp16,128,256,16,64,8,15,5,discard,same,2,2,64,1,nocount,sw128,sw128,16,16,16,0,512,0,256,none,0,none,0,4,20,453877.0,288.17587301587304,453873.8,453882.8,782.1524727342985,874.2524986615206,12288,,37.25994868213195,37.25947255145451,37.26021138051769,0,0.0,1,bf14b28d2af4128daa99f23eec8a5e105636d0b04136f8be580fdc39d6f1f97d,legal_ring; UTCHMMA=21;UTCHMMA_WS=16;UTCBAR=1;UTCATOMSWS=3;SYNCS_TRYWAIT=8;LDS=21;LDG=9;ptx_tcgen05_mma=21;ptx_tcgen05_mma_ws=16;ptx_tcgen05_commit=1;ptx_tcgen05_alloc=1;ptx_tcgen05_dealloc=1;ptx_tcgen05_ld=5;ptx_tcgen05_st=5;ptx_mbarrier_wait=5;ptx_cp_async_tma=2;ptx_ld_shared=26;ptx_ld_global=7
02_latency_throughput,commit_prefix_c8_p4,1,,NVIDIA Thor,11.0,580.00,13.0,PTX ISA 9.3 / CUDA 13.0,1575.000,,,,bf16,128,128,16,16,128,16,5,discard,same,4,4,8,4,count,sw128,sw128,16,16,16,0,512,0,128,none,0,none,0,4,20,1988937.0,1262.817142857143,1988866.2,1988952.0,,,8192,,17.00549964931016,17.005371399843586,17.00610502717764,0,0.0,1,bf14b28d2af4128daa99f23eec8a5e105636d0b04136f8be580fdc39d6f1f97d,commit prefix scan; pending_mbarriers is prefix tracking count; UTCHMMA=21;UTCHMMA_WS=16;UTCBAR=1;UTCATOMSWS=3;SYNCS_TRYWAIT=8;LDS=21;LDG=9;ptx_tcgen05_mma=21;ptx_tcgen05_mma_ws=16;ptx_tcgen05_commit=1;ptx_tcgen05_alloc=1;ptx_tcgen05_dealloc=1;ptx_tcgen05_ld=5;ptx_tcgen05_st=5;ptx_mbarrier_wait=5;ptx_cp_async_tma=2;ptx_ld_shared=26;ptx_ld_global=7
02_latency_throughput,lat_bf16_m128n256k16_legal_ring_in1_q12,1,,NVIDIA Thor,11.0,580.00,13.0,PTX ISA 9.3 / CUDA 13.0,1575.000,,,,bf16,128,256,16,12,42,17,5,discard,same,2,2,12,1,nocount,sw128,sw128,16,16,16,0,512,0,256,none,1,none,0,4,20,473499.0,300.6342857142857,473488.4,473515.4,782.1260899596709,874.2527859342456,12288,,35.157819923590125,35.15660225083143,35.158607012467805,0,0.0,1,bf14b28d2af4128daa99f23eec8a5e105636d0b04136f8be580fdc39d6f1f97d,legal_ring; UTCHMMA=21;UTCHMMA_WS=16;UTCBAR=1;UTCATOMSWS=3;SYNCS_TRYWAIT=8;LDS=21;LDG=9;ptx_tcgen05_mma=21;ptx_tcgen05_mma_ws=16;ptx_tcgen05_commit=1;ptx_tcgen05_alloc=1;ptx_tcgen05_dealloc=1;ptx_tcgen05_ld=5;ptx_tcgen05_st=5;ptx_mbarrier_wait=5;ptx_cp_async_tma=2;ptx_ld_shared=26;ptx_ld_global=7
02_latency_throughput,lat_bf16_m128n64k16_legal_ring_in0_q64,1,,NVIDIA Thor,11.0,580.00,13.0,PTX ISA 9.3 / CUDA 13.0,1575.000,,,,bf16,128,64,16,64,8,18,5,discard,same,8,8,64,1,nocount,sw128,sw128,16,16,16,0,512,0,64,none,0,none,0,4,20,453940.0,288.215873015873,453938.4,453944.4,780.9607439667889,874.3618246594358,6144,,9.31369439132925,9.313604115567426,9.31372721938687,0,0.0,1,bf14b28d2af4128daa99f23eec8a5e105636d0b04136f8be580fdc39d6f1f97d,legal_ring; UTCHMMA=21;UTCHMMA_WS=16;UTCBAR=1;UTCATOMSWS=3;SYNCS_TRYWAIT=8;LDS=21;LDG=9;ptx_tcgen05_mma=21;ptx_tcgen05_mma_ws=16;ptx_tcgen05_commit=1;ptx_tcgen05_alloc=1;ptx_tcgen05_dealloc=1;ptx_tcgen05_ld=5;ptx_tcgen05_st=5;ptx_mbarrier_wait=5;ptx_cp_async_tma=2;ptx_ld_shared=26;ptx_ld_global=7
02_latency_throughput,lat_bf16_m128n64k16_same_d_in1_q2,1,,NVIDIA Thor,11.0,580.00,13.0,PTX ISA 9.3 / CUDA 13.0,1575.000,,,,bf16,128,64,16,2,256,19,5,discard,same,1,1,2,1,nocount,sw128,sw128,16,16,16,0,512,0,0,none,1,none,0,4,20,586097.0,372.12507936507933,586096.0,586099.4,785.8454581051265,752.8594261530949,6144,,7.2135814242352385,7.213551885648172,7.2135937320848456,0,0.0,1,bf14b28d2af4128daa99f23eec8a5e105636d0b04136f8be580fdc39d6f1f97d,same_d; UTCHMMA=21;UTCHMMA_WS=16;UTCBAR=1;UTCATOMSWS=3;SYNCS_TRYWAIT=8;LDS=21;LDG=9;ptx_tcgen05_mma=21;ptx_tcgen05_mma_ws=16;ptx_tcgen05_commit=1;ptx_tcgen05_alloc=1;ptx_tcgen05_dealloc=1;ptx_tcgen05_ld=5;ptx_tcgen05_st=5;ptx_mbarrier_wait=5;ptx_cp_async_tma=2;ptx_ld_shared=26;ptx_ld_global=7
02_latency_throughput,lat_fp16_m128n256k16_legal_ring_in1_q1,1,,NVIDIA Thor,11.0,580.00,13.0,PTX ISA 9.3 / CUDA 13.0,1575.000,,,,fp16,128,256,16,1,512,20,5,discard,same,2,2,1,1,nocount,sw128,sw128,16,16,16,0,512,0,256,none,1,none,0,4,20,841080.0,534.0190476190477,841071.4,841329.6,782.1123965082807,874.2600760516125,12288,,20.106807590241118,20.10084243797643,20.107013183429775,0,0.0,1,bf14b28d2af4128daa99f23eec8a5e105636d0b04136f8be580fdc39d6f1f97d,legal_ring; UTCHMMA=21;UTCHMMA_WS=16;UTCBAR=1;UTCATOMSWS=3;SYNCS_TRYWAIT=8;LDS=21;LDG=9;ptx_tcgen05_mma=21;ptx_tcgen05_mma_ws=16;ptx_tcgen05_commit=1;ptx_tcgen05_alloc=1;ptx_tcgen05_dealloc=1;ptx_tcgen05_ld=5;ptx_tcgen05_st=5;ptx_mbarrier_wait=5;ptx_cp_async_tma=2;ptx_ld_shared=26;ptx_ld_global=7
02_latency_throughput,lat_fp16_m128n64k16_legal_ring_in0_q64,1,,NVIDIA Thor,11.0,580.00,13.0,PTX ISA 9.3 / CUDA 13.0,1575.000,,,,fp16,128,64,16,64,8,21,5,discard,same,8,8,64,1,nocount,sw128,sw128,16,16,16,0,512,0,64,none,0,none,0,4,20,453942.0,288.21714285714285,453941.0,453951.0,780.9723385179677,874.3665016401734,6144,,9.313653356596216,9.313468705856794,9.313673873917535,0,0.0,1,bf14b28d2af4128daa99f23eec8a5e105636d0b04136f8be580fdc39d6f1f97d,legal_ring; UTCHMMA=21;UTCHMMA_WS=16;UTCBAR=1;UTCATOMSWS=3;SYNCS_TRYWAIT=8;LDS=21;LDG=9;ptx_tcgen05_mma=21;ptx_tcgen05_mma_ws=16;ptx_tcgen05_commit=1;ptx_tcgen05_alloc=1;ptx_tcgen05_dealloc=1;ptx_tcgen05_ld=5;ptx_tcgen05_st=5;ptx_mbarrier_wait=5;ptx_cp_async_tma=2;ptx_ld_shared=26;ptx_ld_global=7
02_latency_throughput,lat_fp16_m128n256k16_legal_ring_in0_q6,1,,NVIDIA Thor,11.0,580.00,13.0,PTX ISA 9.3 / CUDA 13.0,1575.000,,,,fp16,128,256,16,6,85,22,5,discard,same,2,2,6,1,nocount,sw128,sw128,16,16,16,0,512,0,256,none,0,none,0,4,20,512322.0,325.2838095238095,512319.8,512327.2,782.1524727342985,874.2524986615206,12288,,32.880441284973124,32.88010755773797,32.88058248004784,0,0.0,1,bf14b28d2af4128daa99f23eec8a5e105636d0b04136f8be580fdc39d6f1f97d,legal_ring; UTCHMMA=21;UTCHMMA_WS=16;UTCBAR=1;UTCATOMSWS=3;SYNCS_TRYWAIT=8;LDS=21;LDG=9;ptx_tcgen05_mma=21;ptx_tcgen05_mma_ws=16;ptx_tcgen05_commit=1;ptx_tcgen05_alloc=1;ptx_tcgen05_dealloc=1;ptx_tcgen05_ld=5;ptx_tcgen05_st=5;ptx_mbarrier_wait=5;ptx_cp_async_tma=2;ptx_ld_shared=26;ptx_ld_global=7
02_latency_throughput,lat_fp16_m128n256k16_legal_ring_in1_q3,1,,NVIDIA Thor,11.0,580.00,13.0,PTX ISA 9.3 / CUDA 13.0,1575.000,,,,fp16,128,256,16,3,170,23,5,discard,same,2,2,3,1,nocount,sw128,sw128,16,16,16,0,512,0,256,none,1,none,0,4,20,578879.0,367.5422222222222,578875.0,578881.4,782.1123965082807,874.2600760516125,12288,,29.09999056797707,29.099869921875243,29.10019164759231,0,0.0,1,bf14b28d2af4128daa99f23eec8a5e105636d0b04136f8be580fdc39d6f1f97d,legal_ring; UTCHMMA=21;UTCHMMA_WS=16;UTCBAR=1;UTCATOMSWS=3;SYNCS_TRYWAIT=8;LDS=21;LDG=9;ptx_tcgen05_mma=21;ptx_tcgen05_mma_ws=16;ptx_tcgen05_commit=1;ptx_tcgen05_alloc=1;ptx_tcgen05_dealloc=1;ptx_tcgen05_ld=5;ptx_tcgen05_st=5;ptx_mbarrier_wait=5;ptx_cp_async_tma=2;ptx_ld_shared=26;ptx_ld_global=7
02_latency_throughput,lat_fp16_m128n64k16_same_d_in1_q24,1,,NVIDIA Thor,11.0,580.00,13.0,PTX ISA 9.3 / CUDA 13.0,1575.000,,,,fp16,128,64,16,24,21,24,5,discard,same,1,1,24,1,nocount,sw128,sw128,16,16,16,0,512,0,0,none,1,none,0,4,20,396019.0,251.44063492063492,396015.0,396030.2,785.6074052530239,752.858392250107,6144,,10.509087048853717,10.508789844879189,10.509193197227379,0,0.0,1,bf14b28d2af4128daa99f23eec8a5e105636d0b04136f8be580fdc39d6f1f97d,same_d; UTCHMMA=21;UTCHMMA_WS=16;UTCBAR=1;UTCATOMSWS=3;SYNCS_TRYWAIT=8;LDS=21;LDG=9;ptx_tcgen05_mma=21;ptx_tcgen05_mma_ws=16;ptx_tcgen05_commit=1;ptx_tcgen05_alloc=1;ptx_tcgen05_dealloc=1;ptx_tcgen05_ld=5;ptx_tcgen05_st=5;ptx_mbarrier_wait=5;ptx_cp_async_tma=2;ptx_ld_shared=26;ptx_ld_global=7
02_latency_throughput,lat_bf16_m128n128k16_legal_ring_in0_q12,1,,NVIDIA Thor,11.0,580.00,13.0,PTX ISA 9.3 / CUDA 13.0,1575.000,,,,bf16,128,128,16,12,42,25,5,discard,same,4,4,12,1,nocount,sw128,sw128,16,16,16,0,512,0,128,none,0,none,0,4,20,473568.0,300.67809523809524,473533.60000000003,473572.6,781.095600264056,874.4672932168828,8192,,17.576348672207583,17.576177946782956,17.57762551198593,0,0.0,1,bf14b28d2af4128daa99f23eec8a5e105636d0b04136f8be580fdc39d6f1f97d,legal_ring; UTCHMMA=21;UTCHMMA_WS=16;UTCBAR=1;UTCATOMSWS=3;SYNCS_TRYWAIT=8;LDS=21;LDG=9;ptx_tcgen05_mma=21;ptx_tcgen05_mma_ws=16;ptx_tcgen05_commit=1;ptx_tcgen05_alloc=1;ptx_tcgen05_dealloc=1;ptx_tcgen05_ld=5;ptx_tcgen05_st=5;ptx_mbarrier_wait=5;ptx_cp_async_tma=2;ptx_ld_shared=26;ptx_ld_global=7
02_latency_throughput,lat_fp16_m128n64k16_same_d_in1_q3,1,,NVIDIA Thor,11.0,580.00,13.0,PTX ISA 9.3 / CUDA 13.0,1575.000,,,,fp16,128,64,16,3,170,26,5,discard,same,1,1,3,1,nocount,sw128,sw128,16,16,16,0,512,0,0,none,1,none,0,4,20,517170.0,328.3619047619048,517168.2,517175.19999999995,785.6074052530239,752.858392250107,6144,,8.143054237484773,8.142972362199725,8.143082579389086,0,0.0,1,bf14b28d2af4128daa99f23eec8a5e105636d0b04136f8be580fdc39d6f1f97d,same_d; UTCHMMA=21;UTCHMMA_WS=16;UTCBAR=1;UTCATOMSWS=3;SYNCS_TRYWAIT=8;LDS=21;LDG=9;ptx_tcgen05_mma=21;ptx_tcgen05_mma_ws=16;ptx_tcgen05_commit=1;ptx_tcgen05_alloc=1;ptx_tcgen05_dealloc=1;ptx_tcgen05_ld=5;ptx_tcgen05_st=5;ptx_mbarrier_wait=5;ptx_cp_async_tma=2;ptx_ld_shared=26;ptx_ld_global=7
02_latency_throughput,lat_fp16_m128n256k16_same_d_in0_q2,1,,NVIDIA Thor,11.0,580.00,13.0,PTX ISA 9.3 / CUDA 13.0,1575.000,,,,fp16,128,256,16,2,256,27,5,discard,same,1,1,2,1,nocount,sw128,sw128,16,16,16,0,512,0,0,none,0,none,0,4,20,586094.0,372.1231746031746,586091.6,586098.4,785.4732699917931,752.8025746884518,12288,,28.85447339164025,28.854256773587927,28.854591548810888,0,0.0,1,bf14b28d2af4128daa99f23eec8a5e105636d0b04136f8be580fdc39d6f1f97d,same_d; UTCHMMA=21;UTCHMMA_WS=16;UTCBAR=1;UTCATOMSWS=3;SYNCS_TRYWAIT=8;LDS=21;LDG=9;ptx_tcgen05_mma=21;ptx_tcgen05_mma_ws=16;ptx_tcgen05_commit=1;ptx_tcgen05_alloc=1;ptx_tcgen05_dealloc=1;ptx_tcgen05_ld=5;ptx_tcgen05_st=5;ptx_mbarrier_wait=5;ptx_cp_async_tma=2;ptx_ld_shared=26;ptx_ld_global=7
02_latency_throughput,commit_prefix_c2_p1,1,,NVIDIA Thor,11.0,580.00,13.0,PTX ISA 9.3 / CUDA 13.0,1575.000,,,,bf16,128,128,16,16,128,28,5,discard,same,4,4,2,1,count,sw128,sw128,16,16,16,0,512,0,128,none,0,none,0,4,20,2561264.0,1626.199365079365,2561259.8,2561267.0,,,8192,,13.205537365925574,13.205521898353798,13.205559020605776,0,0.0,1,bf14b28d2af4128daa99f23eec8a5e105636d0b04136f8be580fdc39d6f1f97d,commit prefix scan; pending_mbarriers is prefix tracking count; UTCHMMA=21;UTCHMMA_WS=16;UTCBAR=1;UTCATOMSWS=3;SYNCS_TRYWAIT=8;LDS=21;LDG=9;ptx_tcgen05_mma=21;ptx_tcgen05_mma_ws=16;ptx_tcgen05_commit=1;ptx_tcgen05_alloc=1;ptx_tcgen05_dealloc=1;ptx_tcgen05_ld=5;ptx_tcgen05_st=5;ptx_mbarrier_wait=5;ptx_cp_async_tma=2;ptx_ld_shared=26;ptx_ld_global=7
02_latency_throughput,lat_bf16_m128n64k16_same_d_in1_q64,1,,NVIDIA Thor,11.0,580.00,13.0,PTX ISA 9.3 / CUDA 13.0,1575.000,,,,bf16,128,64,16,64,8,29,5,discard,same,1,1,64,1,nocount,sw128,sw128,16,16,16,0,512,0,0,none,1,none,0,4,20,391719.0,248.7104761904762,391713.8,391722.6,785.8454581051265,752.8594261530949,6144,,10.79309002626883,10.79299083587879,10.793233304587307,0,0.0,1,bf14b28d2af4128daa99f23eec8a5e105636d0b04136f8be580fdc39d6f1f97d,same_d; UTCHMMA=21;UTCHMMA_WS=16;UTCBAR=1;UTCATOMSWS=3;SYNCS_TRYWAIT=8;LDS=21;LDG=9;ptx_tcgen05_mma=21;ptx_tcgen05_mma_ws=16;ptx_tcgen05_commit=1;ptx_tcgen05_alloc=1;ptx_tcgen05_dealloc=1;ptx_tcgen05_ld=5;ptx_tcgen05_st=5;ptx_mbarrier_wait=5;ptx_cp_async_tma=2;ptx_ld_shared=26;ptx_ld_global=7
02_latency_throughput,lat_fp16_m128n64k16_legal_ring_in0_q48,1,,NVIDIA Thor,11.0,580.00,13.0,PTX ISA 9.3 / CUDA 13.0,1575.000,,,,fp16,128,64,16,48,10,30,5,discard,same,8,8,48,1,nocount,sw128,sw128,16,16,16,0,512,0,64,none,0,none,0,4,20,427502.0,271.4298412698413,427496.4,427502.0,780.9723385179677,874.3665016401734,6144,,9.271575992626934,9.271575992626934,9.271697445885405,0,0.0,1,bf14b28d2af4128daa99f23eec8a5e105636d0b04136f8be580fdc39d6f1f97d,legal_ring; UTCHMMA=21;UTCHMMA_WS=16;UTCBAR=1;UTCATOMSWS=3;SYNCS_TRYWAIT=8;LDS=21;LDG=9;ptx_tcgen05_mma=21;ptx_tcgen05_mma_ws=16;ptx_tcgen05_commit=1;ptx_tcgen05_alloc=1;ptx_tcgen05_dealloc=1;ptx_tcgen05_ld=5;ptx_tcgen05_st=5;ptx_mbarrier_wait=5;ptx_cp_async_tma=2;ptx_ld_shared=26;ptx_ld_global=7
02_latency_throughput,lat_bf16_m128n128k16_same_d_in1_q1,1,,NVIDIA Thor,11.0,580.00,13.0,PTX ISA 9.3 / CUDA 13.0,1575.000,,,,bf16,128,128,16,1,512,31,5,discard,same,1,1,1,1,nocount,sw128,sw128,16,16,16,0,512,0,0,none,1,none,0,4,20,779126.0,494.68317460317456,779124.8,779126.6,787.5153553462314,752.5721318436277,8192,,10.852823373883043,10.852815016203198,10.852840089307094,0,0.0,1,bf14b28d2af4128daa99f23eec8a5e105636d0b04136f8be580fdc39d6f1f97d,same_d; UTCHMMA=21;UTCHMMA_WS=16;UTCBAR=1;UTCATOMSWS=3;SYNCS_TRYWAIT=8;LDS=21;LDG=9;ptx_tcgen05_mma=21;ptx_tcgen05_mma_ws=16;ptx_tcgen05_commit=1;ptx_tcgen05_alloc=1;ptx_tcgen05_dealloc=1;ptx_tcgen05_ld=5;ptx_tcgen05_st=5;ptx_mbarrier_wait=5;ptx_cp_async_tma=2;ptx_ld_shared=26;ptx_ld_global=7
02_latency_throughput,lat_fp16_m128n128k16_same_d_in0_q3,1,,NVIDIA Thor,11.0,580.00,13.0,PTX ISA 9.3 / CUDA 13.0,1575.000,,,,fp16,128,128,16,3,170,32,5,discard,same,1,1,3,1,nocount,sw128,sw128,16,16,16,0,512,0,0,none,0,none,0,4,20,517173.0,328.3638095238095,517168.60000000003,517173.0,787.5308033513866,752.5684480252465,8192,,16.286014003051204,16.286014003051204,16.28615256247368,0,0.0,1,bf14b28d2af4128daa99f23eec8a5e105636d0b04136f8be580fdc39d6f1f97d,same_d; UTCHMMA=21;UTCHMMA_WS=16;UTCBAR=1;UTCATOMSWS=3;SYNCS_TRYWAIT=8;LDS=21;LDG=9;ptx_tcgen05_mma=21;ptx_tcgen05_mma_ws=16;ptx_tcgen05_commit=1;ptx_tcgen05_alloc=1;ptx_tcgen05_dealloc=1;ptx_tcgen05_ld=5;ptx_tcgen05_st=5;ptx_mbarrier_wait=5;ptx_cp_async_tma=2;ptx_ld_shared=26;ptx_ld_global=7
02_latency_throughput,lat_bf16_m128n128k16_same_d_in0_q3,1,,NVIDIA Thor,11.0,580.00,13.0,PTX ISA 9.3 / CUDA 13.0,1575.000,,,,bf16,128,128,16,3,170,33,5,discard,same,1,1,3,1,nocount,sw128,sw128,16,16,16,0,512,0,0,none,0,none,0,4,20,517170.0,328.3619047619048,517169.39999999997,517176.80000000005,787.4689710674247,752.5719016281445,8192,,16.286108474969545,16.285894341129932,16.28612736949935,0,0.0,1,bf14b28d2af4128daa99f23eec8a5e105636d0b04136f8be580fdc39d6f1f97d,same_d; UTCHMMA=21;UTCHMMA_WS=16;UTCBAR=1;UTCATOMSWS=3;SYNCS_TRYWAIT=8;LDS=21;LDG=9;ptx_tcgen05_mma=21;ptx_tcgen05_mma_ws=16;ptx_tcgen05_commit=1;ptx_tcgen05_alloc=1;ptx_tcgen05_dealloc=1;ptx_tcgen05_ld=5;ptx_tcgen05_st=5;ptx_mbarrier_wait=5;ptx_cp_async_tma=2;ptx_ld_shared=26;ptx_ld_global=7
02_latency_throughput,lat_fp16_m128n256k16_legal_ring_in0_q12,1,,NVIDIA Thor,11.0,580.00,13.0,PTX ISA 9.3 / CUDA 13.0,1575.000,,,,fp16,128,256,16,12,42,34,5,discard,same,2,2,12,1,nocount,sw128,sw128,16,16,16,0,512,0,256,none,0,none,0,4,20,473511.0,300.64190476190475,473498.0,473515.6,782.1524727342985,874.2524986615206,12288,,35.15692893301317,35.15658739863654,35.157894189897476,0,0.0,1,bf14b28d2af4128daa99f23eec8a5e105636d0b04136f8be580fdc39d6f1f97d,legal_ring; UTCHMMA=21;UTCHMMA_WS=16;UTCBAR=1;UTCATOMSWS=3;SYNCS_TRYWAIT=8;LDS=21;LDG=9;ptx_tcgen05_mma=21;ptx_tcgen05_mma_ws=16;ptx_tcgen05_commit=1;ptx_tcgen05_alloc=1;ptx_tcgen05_dealloc=1;ptx_tcgen05_ld=5;ptx_tcgen05_st=5;ptx_mbarrier_wait=5;ptx_cp_async_tma=2;ptx_ld_shared=26;ptx_ld_global=7
02_latency_throughput,lat_bf16_m128n256k16_legal_ring_in1_q3,1,,NVIDIA Thor,11.0,580.00,13.0,PTX ISA 9.3 / CUDA 13.0,1575.000,,,,bf16,128,256,16,3,170,35,5,discard,same,2,2,3,1,nocount,sw128,sw128,16,16,16,0,512,0,256,none,1,none,0,4,20,578877.0,367.5409523809524,578873.8,578889.6,782.1260899596709,874.2527859342456,12288,,29.100091107437333,29.099457729626465,29.10025197210214,0,0.0,1,bf14b28d2af4128daa99f23eec8a5e105636d0b04136f8be580fdc39d6f1f97d,legal_ring; UTCHMMA=21;UTCHMMA_WS=16;UTCBAR=1;UTCATOMSWS=3;SYNCS_TRYWAIT=8;LDS=21;LDG=9;ptx_tcgen05_mma=21;ptx_tcgen05_mma_ws=16;ptx_tcgen05_commit=1;ptx_tcgen05_alloc=1;ptx_tcgen05_dealloc=1;ptx_tcgen05_ld=5;ptx_tcgen05_st=5;ptx_mbarrier_wait=5;ptx_cp_async_tma=2;ptx_ld_shared=26;ptx_ld_global=7
02_latency_throughput,lat_fp16_m128n64k16_same_d_in0_q1,1,,NVIDIA Thor,11.0,580.00,13.0,PTX ISA 9.3 / CUDA 13.0,1575.000,,,,fp16,128,64,16,1,512,36,5,discard,same,1,1,1,1,nocount,sw128,sw128,16,16,16,0,512,0,0,none,0,none,0,4,20,779123.0,494.68126984126985,779120.4,779125.2,785.5087943496892,752.8603052661067,6144,,5.426432581248403,5.426417258749538,5.426450689780003,0,0.0,1,bf14b28d2af4128daa99f23eec8a5e105636d0b04136f8be580fdc39d6f1f97d,same_d; UTCHMMA=21;UTCHMMA_WS=16;UTCBAR=1;UTCATOMSWS=3;SYNCS_TRYWAIT=8;LDS=21;LDG=9;ptx_tcgen05_mma=21;ptx_tcgen05_mma_ws=16;ptx_tcgen05_commit=1;ptx_tcgen05_alloc=1;ptx_tcgen05_dealloc=1;ptx_tcgen05_ld=5;ptx_tcgen05_st=5;ptx_mbarrier_wait=5;ptx_cp_async_tma=2;ptx_ld_shared=26;ptx_ld_global=7
02_latency_throughput,lat_fp16_m128n128k16_legal_ring_in0_q64,1,,NVIDIA Thor,11.0,580.00,13.0,PTX ISA 9.3 / CUDA 13.0,1575.000,,,,fp16,128,128,16,64,8,37,5,discard,same,4,4,64,1,nocount,sw128,sw128,16,16,16,0,512,0,128,none,0,none,0,4,20,453984.0,288.2438095238095,453978.8,453987.2,781.0876772515294,874.4683934150742,8192,,18.625583421442165,18.625452136182222,18.62579676416473,0,0.0,1,bf14b28d2af4128daa99f23eec8a5e105636d0b04136f8be580fdc39d6f1f97d,legal_ring; UTCHMMA=21;UTCHMMA_WS=16;UTCBAR=1;UTCATOMSWS=3;SYNCS_TRYWAIT=8;LDS=21;LDG=9;ptx_tcgen05_mma=21;ptx_tcgen05_mma_ws=16;ptx_tcgen05_commit=1;ptx_tcgen05_alloc=1;ptx_tcgen05_dealloc=1;ptx_tcgen05_ld=5;ptx_tcgen05_st=5;ptx_mbarrier_wait=5;ptx_cp_async_tma=2;ptx_ld_shared=26;ptx_ld_global=7
02_latency_throughput,lat_fp16_m128n128k16_legal_ring_in1_q48,1,,NVIDIA Thor,11.0,580.00,13.0,PTX ISA 9.3 / CUDA 13.0,1575.000,,,,fp16,128,128,16,48,10,38,5,discard,same,4,4,48,1,nocount,sw128,sw128,16,16,16,0,512,0,128,none,1,none,0,4,20,427559.0,271.4660317460317,427556.4,427565.19999999995,781.0459748557623,874.4691603716302,8192,,18.540679906164996,18.540411053195225,18.540792653344464,0,0.0,1,bf14b28d2af4128daa99f23eec8a5e105636d0b04136f8be580fdc39d6f1f97d,legal_ring; UTCHMMA=21;UTCHMMA_WS=16;UTCBAR=1;UTCATOMSWS=3;SYNCS_TRYWAIT=8;LDS=21;LDG=9;ptx_tcgen05_mma=21;ptx_tcgen05_mma_ws=16;ptx_tcgen05_commit=1;ptx_tcgen05_alloc=1;ptx_tcgen05_dealloc=1;ptx_tcgen05_ld=5;ptx_tcgen05_st=5;ptx_mbarrier_wait=5;ptx_cp_async_tma=2;ptx_ld_shared=26;ptx_ld_global=7
02_latency_throughput,lat_fp16_m128n128k16_legal_ring_in1_q8,1,,NVIDIA Thor,11.0,580.00,13.0,PTX ISA 9.3 / CUDA 13.0,1575.000,,,,fp16,128,128,16,8,64,39,5,discard,same,4,4,8,1,nocount,sw128,sw128,16,16,16,0,512,0,128,none,1,none,0,4,20,497525.0,315.88888888888886,497523.4,497528.6,781.0459748557623,874.4691603716302,8192,,16.995561758705595,16.99543878283218,16.995616415244385,0,0.0,1,bf14b28d2af4128daa99f23eec8a5e105636d0b04136f8be580fdc39d6f1f97d,legal_ring; UTCHMMA=21;UTCHMMA_WS=16;UTCBAR=1;UTCATOMSWS=3;SYNCS_TRYWAIT=8;LDS=21;LDG=9;ptx_tcgen05_mma=21;ptx_tcgen05_mma_ws=16;ptx_tcgen05_commit=1;ptx_tcgen05_alloc=1;ptx_tcgen05_dealloc=1;ptx_tcgen05_ld=5;ptx_tcgen05_st=5;ptx_mbarrier_wait=5;ptx_cp_async_tma=2;ptx_ld_shared=26;ptx_ld_global=7
02_latency_throughput,lat_fp16_m128n128k16_legal_ring_in0_q2,1,,NVIDIA Thor,11.0,580.00,13.0,PTX ISA 9.3 / CUDA 13.0,1575.000,,,,fp16,128,128,16,2,256,40,5,discard,same,4,4,2,1,nocount,sw128,sw128,16,16,16,0,512,0,128,none,0,none,0,4,20,648050.0,411.46031746031747,648044.2,648052.2,781.0876772515294,874.4683934150742,8192,,13.0479389923617,13.047894697401427,13.048055771571585,0,0.0,1,bf14b28d2af4128daa99f23eec8a5e105636d0b04136f8be580fdc39d6f1f97d,legal_ring; UTCHMMA=21;UTCHMMA_WS=16;UTCBAR=1;UTCATOMSWS=3;SYNCS_TRYWAIT=8;LDS=21;LDG=9;ptx_tcgen05_mma=21;ptx_tcgen05_mma_ws=16;ptx_tcgen05_commit=1;ptx_tcgen05_alloc=1;ptx_tcgen05_dealloc=1;ptx_tcgen05_ld=5;ptx_tcgen05_st=5;ptx_mbarrier_wait=5;ptx_cp_async_tma=2;ptx_ld_shared=26;ptx_ld_global=7
02_latency_throughput,lat_bf16_m128n256k16_legal_ring_in0_q24,1,,NVIDIA Thor,11.0,580.00,13.0,PTX ISA 9.3 / CUDA 13.0,1575.000,,,,bf16,128,256,16,24,21,41,5,discard,same,2,2,24,1,nocount,sw128,sw128,16,16,16,0,512,0,256,none,0,none,0,4,20,457061.0,290.1974603174603,457059.39999999997,457063.6,782.0351892886574,874.2602903897068,12288,,36.422255620146984,36.422048432688854,36.42238312136043,0,0.0,1,bf14b28d2af4128daa99f23eec8a5e105636d0b04136f8be580fdc39d6f1f97d,legal_ring; UTCHMMA=21;UTCHMMA_WS=16;UTCBAR=1;UTCATOMSWS=3;SYNCS_TRYWAIT=8;LDS=21;LDG=9;ptx_tcgen05_mma=21;ptx_tcgen05_mma_ws=16;ptx_tcgen05_commit=1;ptx_tcgen05_alloc=1;ptx_tcgen05_dealloc=1;ptx_tcgen05_ld=5;ptx_tcgen05_st=5;ptx_mbarrier_wait=5;ptx_cp_async_tma=2;ptx_ld_shared=26;ptx_ld_global=7
02_latency_throughput,lat_bf16_m128n64k16_same_d_in1_q6,1,,NVIDIA Thor,11.0,580.00,13.0,PTX ISA 9.3 / CUDA 13.0,1575.000,,,,bf16,128,64,16,6,85,42,5,discard,same,1,1,6,1,nocount,sw128,sw128,16,16,16,0,512,0,0,none,1,none,0,4,20,450694.0,286.15492063492064,450691.6,450697.0,785.8454581051265,752.8594261530949,6144,,9.344130074951076,9.344067877088154,9.344179834014247,0,0.0,1,bf14b28d2af4128daa99f23eec8a5e105636d0b04136f8be580fdc39d6f1f97d,same_d; UTCHMMA=21;UTCHMMA_WS=16;UTCBAR=1;UTCATOMSWS=3;SYNCS_TRYWAIT=8;LDS=21;LDG=9;ptx_tcgen05_mma=21;ptx_tcgen05_mma_ws=16;ptx_tcgen05_commit=1;ptx_tcgen05_alloc=1;ptx_tcgen05_dealloc=1;ptx_tcgen05_ld=5;ptx_tcgen05_st=5;ptx_mbarrier_wait=5;ptx_cp_async_tma=2;ptx_ld_shared=26;ptx_ld_global=7
02_latency_throughput,lat_bf16_m128n128k16_legal_ring_in0_q64,1,,NVIDIA Thor,11.0,580.00,13.0,PTX ISA 9.3 / CUDA 13.0,1575.000,,,,bf16,128,128,16,64,8,43,5,discard,same,4,4,64,1,nocount,sw128,sw128,16,16,16,0,512,0,128,none,0,none,0,4,20,453983.0,288.2431746031746,453978.4,453983.0,781.095600264056,874.4672932168828,8192,,18.625624448492562,18.625624448492562,18.625813176033226,0,0.0,1,bf14b28d2af4128daa99f23eec8a5e105636d0b04136f8be580fdc39d6f1f97d,legal_ring; UTCHMMA=21;UTCHMMA_WS=16;UTCBAR=1;UTCATOMSWS=3;SYNCS_TRYWAIT=8;LDS=21;LDG=9;ptx_tcgen05_mma=21;ptx_tcgen05_mma_ws=16;ptx_tcgen05_commit=1;ptx_tcgen05_alloc=1;ptx_tcgen05_dealloc=1;ptx_tcgen05_ld=5;ptx_tcgen05_st=5;ptx_mbarrier_wait=5;ptx_cp_async_tma=2;ptx_ld_shared=26;ptx_ld_global=7
02_latency_throughput,lat_fp16_m128n256k16_same_d_in1_q32,1,,NVIDIA Thor,11.0,580.00,13.0,PTX ISA 9.3 / CUDA 13.0,1575.000,,,,fp16,128,256,16,32,16,44,5,discard,same,1,1,32,1,nocount,sw128,sw128,16,16,16,0,512,0,0,none,1,none,0,4,20,398011.0,252.7053968253968,398006.4,398022.80000000005,785.4378661773553,752.8089947761537,12288,,42.48986517458061,42.48860550784974,42.490356255642176,0,0.0,1,bf14b28d2af4128daa99f23eec8a5e105636d0b04136f8be580fdc39d6f1f97d,same_d; UTCHMMA=21;UTCHMMA_WS=16;UTCBAR=1;UTCATOMSWS=3;SYNCS_TRYWAIT=8;LDS=21;LDG=9;ptx_tcgen05_mma=21;ptx_tcgen05_mma_ws=16;ptx_tcgen05_commit=1;ptx_tcgen05_alloc=1;ptx_tcgen05_dealloc=1;ptx_tcgen05_ld=5;ptx_tcgen05_st=5;ptx_mbarrier_wait=5;ptx_cp_async_tma=2;ptx_ld_shared=26;ptx_ld_global=7
02_latency_throughput,lat_bf16_m128n64k16_legal_ring_in1_q32,1,,NVIDIA Thor,11.0,580.00,13.0,PTX ISA 9.3 / CUDA 13.0,1575.000,,,,bf16,128,64,16,32,16,45,5,discard,same,8,8,32,1,nocount,sw128,sw128,16,16,16,0,512,0,64,none,1,none,0,4,20,460150.0,292.1587301587302,460148.8,460156.4,780.9396888366173,874.3660425668124,6144,,9.188000504183417,9.187872714748014,9.188024465171196,0,0.0,1,bf14b28d2af4128daa99f23eec8a5e105636d0b04136f8be580fdc39d6f1f97d,legal_ring; UTCHMMA=21;UTCHMMA_WS=16;UTCBAR=1;UTCATOMSWS=3;SYNCS_TRYWAIT=8;LDS=21;LDG=9;ptx_tcgen05_mma=21;ptx_tcgen05_mma_ws=16;ptx_tcgen05_commit=1;ptx_tcgen05_alloc=1;ptx_tcgen05_dealloc=1;ptx_tcgen05_ld=5;ptx_tcgen05_st=5;ptx_mbarrier_wait=5;ptx_cp_async_tma=2;ptx_ld_shared=26;ptx_ld_global=7
02_latency_throughput,lat_fp16_m128n64k16_same_d_in0_q4,1,,NVIDIA Thor,11.0,580.00,13.0,PTX ISA 9.3 / CUDA 13.0,1575.000,,,,fp16,128,64,16,4,128,46,5,discard,same,1,1,4,1,nocount,sw128,sw128,16,16,16,0,512,0,0,none,0,none,0,4,20,485748.0,308.4114285714286,485744.6,485752.6,785.5087943496892,752.8603052661067,6144,,8.703810271992884,8.703727848610203,8.70387119500414,0,0.0,1,bf14b28d2af4128daa99f23eec8a5e105636d0b04136f8be580fdc39d6f1f97d,same_d; UTCHMMA=21;UTCHMMA_WS=16;UTCBAR=1;UTCATOMSWS=3;SYNCS_TRYWAIT=8;LDS=21;LDG=9;ptx_tcgen05_mma=21;ptx_tcgen05_mma_ws=16;ptx_tcgen05_commit=1;ptx_tcgen05_alloc=1;ptx_tcgen05_dealloc=1;ptx_tcgen05_ld=5;ptx_tcgen05_st=5;ptx_mbarrier_wait=5;ptx_cp_async_tma=2;ptx_ld_shared=26;ptx_ld_global=7
02_latency_throughput,lat_fp16_m128n128k16_same_d_in0_q8,1,,NVIDIA Thor,11.0,580.00,13.0,PTX ISA 9.3 / CUDA 13.0,1575.000,,,,fp16,128,128,16,8,64,47,5,discard,same,1,1,8,1,nocount,sw128,sw128,16,16,16,0,512,0,0,none,0,none,0,4,20,435691.0,276.62920634920636,435689.80000000005,435698.0,787.5308033513866,752.5684480252465,8192,,19.407600487501462,19.407288681609742,19.40765394104421,0,0.0,1,bf14b28d2af4128daa99f23eec8a5e105636d0b04136f8be580fdc39d6f1f97d,same_d; UTCHMMA=21;UTCHMMA_WS=16;UTCBAR=1;UTCATOMSWS=3;SYNCS_TRYWAIT=8;LDS=21;LDG=9;ptx_tcgen05_mma=21;ptx_tcgen05_mma_ws=16;ptx_tcgen05_commit=1;ptx_tcgen05_alloc=1;ptx_tcgen05_dealloc=1;ptx_tcgen05_ld=5;ptx_tcgen05_st=5;ptx_mbarrier_wait=5;ptx_cp_async_tma=2;ptx_ld_shared=26;ptx_ld_global=7
02_latency_throughput,lat_bf16_m128n128k16_same_d_in0_q12,1,,NVIDIA Thor,11.0,580.00,13.0,PTX ISA 9.3 / CUDA 13.0,1575.000,,,,bf16,128,128,16,12,42,48,5,discard,same,1,1,12,1,nocount,sw128,sw128,16,16,16,0,512,0,0,none,0,none,0,4,20,412503.0,261.90666666666664,412501.2,412503.0,787.4689710674247,752.5719016281445,8192,,20.17826849259278,20.17826849259278,20.178356543218932,0,0.0,1,bf14b28d2af4128daa99f23eec8a5e105636d0b04136f8be580fdc39d6f1f97d,same_d; UTCHMMA=21;UTCHMMA_WS=16;UTCBAR=1;UTCATOMSWS=3;SYNCS_TRYWAIT=8;LDS=21;LDG=9;ptx_tcgen05_mma=21;ptx_tcgen05_mma_ws=16;ptx_tcgen05_commit=1;ptx_tcgen05_alloc=1;ptx_tcgen05_dealloc=1;ptx_tcgen05_ld=5;ptx_tcgen05_st=5;ptx_mbarrier_wait=5;ptx_cp_async_tma=2;ptx_ld_shared=26;ptx_ld_global=7
02_latency_throughput,lat_fp16_m128n128k16_same_d_in1_q64,1,,NVIDIA Thor,11.0,580.00,13.0,PTX ISA 9.3 / CUDA 13.0,1575.000,,,,fp16,128,128,16,64,8,49,5,discard,same,1,1,64,1,nocount,sw128,sw128,16,16,16,0,512,0,0,none,1,none,0,4,20,391575.0,248.6190476190476,391573.4,391583.0,787.7606965817195,752.5639915425807,8192,,21.5941182761923,21.593677111444748,21.59420651150777,0,0.0,1,bf14b28d2af4128daa99f23eec8a5e105636d0b04136f8be580fdc39d6f1f97d,same_d; UTCHMMA=21;UTCHMMA_WS=16;UTCBAR=1;UTCATOMSWS=3;SYNCS_TRYWAIT=8;LDS=21;LDG=9;ptx_tcgen05_mma=21;ptx_tcgen05_mma_ws=16;ptx_tcgen05_commit=1;ptx_tcgen05_alloc=1;ptx_tcgen05_dealloc=1;ptx_tcgen05_ld=5;ptx_tcgen05_st=5;ptx_mbarrier_wait=5;ptx_cp_async_tma=2;ptx_ld_shared=26;ptx_ld_global=7
02_latency_throughput,lat_bf16_m128n256k16_same_d_in0_q8,1,,NVIDIA Thor,11.0,580.00,13.0,PTX ISA 9.3 / CUDA 13.0,1575.000,,,,bf16,128,256,16,8,64,50,5,discard,same,1,1,8,1,nocount,sw128,sw128,16,16,16,0,512,0,0,none,0,none,0,4,20,435697.0,276.6330158730159,435694.80000000005,435701.4,785.412469759447,752.808329126516,12288,,38.81466644939029,38.81427447408267,38.81486244060183,0,0.0,1,bf14b28d2af4128daa99f23eec8a5e105636d0b04136f8be580fdc39d6f1f97d,same_d; UTCHMMA=21;UTCHMMA_WS=16;UTCBAR=1;UTCATOMSWS=3;SYNCS_TRYWAIT=8;LDS=21;LDG=9;ptx_tcgen05_mma=21;ptx_tcgen05_mma_ws=16;ptx_tcgen05_commit=1;ptx_tcgen05_alloc=1;ptx_tcgen05_dealloc=1;ptx_tcgen05_ld=5;ptx_tcgen05_st=5;ptx_mbarrier_wait=5;ptx_cp_async_tma=2;ptx_ld_shared=26;ptx_ld_global=7
02_latency_throughput,lat_fp16_m128n128k16_same_d_in0_q2,1,,NVIDIA Thor,11.0,580.00,13.0,PTX ISA 9.3 / CUDA 13.0,1575.000,,,,fp16,128,128,16,2,256,51,5,discard,same,1,1,2,1,nocount,sw128,sw128,16,16,16,0,512,0,0,none,0,none,0,4,20,586095.0,372.1238095238095,586092.0,586096.2,787.5308033513866,752.5684480252465,8192,,14.42721207995291,14.427182541063452,14.427285927806555,0,0.0,1,bf14b28d2af4128daa99f23eec8a5e105636d0b04136f8be580fdc39d6f1f97d,same_d; UTCHMMA=21;UTCHMMA_WS=16;UTCBAR=1;UTCATOMSWS=3;SYNCS_TRYWAIT=8;LDS=21;LDG=9;ptx_tcgen05_mma=21;ptx_tcgen05_mma_ws=16;ptx_tcgen05_commit=1;ptx_tcgen05_alloc=1;ptx_tcgen05_dealloc=1;ptx_tcgen05_ld=5;ptx_tcgen05_st=5;ptx_mbarrier_wait=5;ptx_cp_async_tma=2;ptx_ld_shared=26;ptx_ld_global=7
02_latency_throughput,lat_bf16_m128n256k16_legal_ring_in0_q32,1,,NVIDIA Thor,11.0,580.00,13.0,PTX ISA 9.3 / CUDA 13.0,1575.000,,,,bf16,128,256,16,32,16,52,5,discard,same,2,2,32,1,nocount,sw128,sw128,16,16,16,0,512,0,256,none,0,none,0,4,20,460084.0,292.1168253968254,460081.0,460088.80000000005,782.0351892886574,874.2602903897068,12288,,36.75727416732596,36.756890687564145,36.75751384647486,0,0.0,1,bf14b28d2af4128daa99f23eec8a5e105636d0b04136f8be580fdc39d6f1f97d,legal_ring; UTCHMMA=21;UTCHMMA_WS=16;UTCBAR=1;UTCATOMSWS=3;SYNCS_TRYWAIT=8;LDS=21;LDG=9;ptx_tcgen05_mma=21;ptx_tcgen05_mma_ws=16;ptx_tcgen05_commit=1;ptx_tcgen05_alloc=1;ptx_tcgen05_dealloc=1;ptx_tcgen05_ld=5;ptx_tcgen05_st=5;ptx_mbarrier_wait=5;ptx_cp_async_tma=2;ptx_ld_shared=26;ptx_ld_global=7
02_latency_throughput,lat_bf16_m128n128k16_same_d_in0_q32,1,,NVIDIA Thor,11.0,580.00,13.0,PTX ISA 9.3 / CUDA 13.0,1575.000,,,,bf16,128,128,16,32,16,53,5,discard,same,1,1,32,1,nocount,sw128,sw128,16,16,16,0,512,0,0,none,0,none,0,4,20,397953.0,252.66857142857145,397950.0,397972.2,787.4689710674247,752.5719016281445,8192,,21.248028948142114,21.24700386946857,21.2481891292876,0,0.0,1,bf14b28d2af4128daa99f23eec8a5e105636d0b04136f8be580fdc39d6f1f97d,same_d; UTCHMMA=21;UTCHMMA_WS=16;UTCBAR=1;UTCATOMSWS=3;SYNCS_TRYWAIT=8;LDS=21;LDG=9;ptx_tcgen05_mma=21;ptx_tcgen05_mma_ws=16;ptx_tcgen05_commit=1;ptx_tcgen05_alloc=1;ptx_tcgen05_dealloc=1;ptx_tcgen05_ld=5;ptx_tcgen05_st=5;ptx_mbarrier_wait=5;ptx_cp_async_tma=2;ptx_ld_shared=26;ptx_ld_global=7
02_latency_throughput,lat_bf16_m128n128k16_legal_ring_in0_q8,1,,NVIDIA Thor,11.0,580.00,13.0,PTX ISA 9.3 / CUDA 13.0,1575.000,,,,bf16,128,128,16,8,64,54,5,discard,same,4,4,8,1,nocount,sw128,sw128,16,16,16,0,512,0,128,none,0,none,0,4,20,497531.0,315.8926984126984,497527.80000000005,497536.80000000005,781.095600264056,874.4672932168828,8192,,16.995356799877797,16.99515867876442,16.99546611070335,0,0.0,1,bf14b28d2af4128daa99f23eec8a5e105636d0b04136f8be580fdc39d6f1f97d,legal_ring; UTCHMMA=21;UTCHMMA_WS=16;UTCBAR=1;UTCATOMSWS=3;SYNCS_TRYWAIT=8;LDS=21;LDG=9;ptx_tcgen05_mma=21;ptx_tcgen05_mma_ws=16;ptx_tcgen05_commit=1;ptx_tcgen05_alloc=1;ptx_tcgen05_dealloc=1;ptx_tcgen05_ld=5;ptx_tcgen05_st=5;ptx_mbarrier_wait=5;ptx_cp_async_tma=2;ptx_ld_shared=26;ptx_ld_global=7
02_latency_throughput,lat_fp16_m128n128k16_same_d_in0_q32,1,,NVIDIA Thor,11.0,580.00,13.0,PTX ISA 9.3 / CUDA 13.0,1575.000,,,,fp16,128,128,16,32,16,55,5,discard,same,1,1,32,1,nocount,sw128,sw128,16,16,16,0,512,0,0,none,0,none,0,4,20,397950.0,252.66666666666666,397947.19999999995,397969.4,787.5308033513866,752.5684480252465,8192,,21.2481891292876,21.24715336097744,21.248338634158834,0,0.0,1,bf14b28d2af4128daa99f23eec8a5e105636d0b04136f8be580fdc39d6f1f97d,same_d; UTCHMMA=21;UTCHMMA_WS=16;UTCBAR=1;UTCATOMSWS=3;SYNCS_TRYWAIT=8;LDS=21;LDG=9;ptx_tcgen05_mma=21;ptx_tcgen05_mma_ws=16;ptx_tcgen05_commit=1;ptx_tcgen05_alloc=1;ptx_tcgen05_dealloc=1;ptx_tcgen05_ld=5;ptx_tcgen05_st=5;ptx_mbarrier_wait=5;ptx_cp_async_tma=2;ptx_ld_shared=26;ptx_ld_global=7
02_latency_throughput,lat_bf16_m128n256k16_same_d_in0_q32,1,,NVIDIA Thor,11.0,580.00,13.0,PTX ISA 9.3 / CUDA 13.0,1575.000,,,,bf16,128,256,16,32,16,56,5,discard,same,1,1,32,1,nocount,sw128,sw128,16,16,16,0,512,0,0,none,0,none,0,4,20,398009.0,252.70412698412696,398008.4,398028.0,785.412469759447,752.808329126516,12288,,42.49007868666287,42.48805043426029,42.49014274077035,0,0.0,1,bf14b28d2af4128daa99f23eec8a5e105636d0b04136f8be580fdc39d6f1f97d,same_d; UTCHMMA=21;UTCHMMA_WS=16;UTCBAR=1;UTCATOMSWS=3;SYNCS_TRYWAIT=8;LDS=21;LDG=9;ptx_tcgen05_mma=21;ptx_tcgen05_mma_ws=16;ptx_tcgen05_commit=1;ptx_tcgen05_alloc=1;ptx_tcgen05_dealloc=1;ptx_tcgen05_ld=5;ptx_tcgen05_st=5;ptx_mbarrier_wait=5;ptx_cp_async_tma=2;ptx_ld_shared=26;ptx_ld_global=7
02_latency_throughput,lat_fp16_m128n256k16_legal_ring_in1_q2,1,,NVIDIA Thor,11.0,580.00,13.0,PTX ISA 9.3 / CUDA 13.0,1575.000,,,,fp16,128,256,16,2,256,57,5,discard,same,2,2,2,1,nocount,sw128,sw128,16,16,16,0,512,0,256,none,1,none,0,4,20,648047.0,411.4584126984127,648042.0,648048.8,782.1123965082807,874.2600760516125,12288,,26.095998790211205,26.09592630691852,26.09620013554926,0,0.0,1,bf14b28d2af4128daa99f23eec8a5e105636d0b04136f8be580fdc39d6f1f97d,legal_ring; UTCHMMA=21;UTCHMMA_WS=16;UTCBAR=1;UTCATOMSWS=3;SYNCS_TRYWAIT=8;LDS=21;LDG=9;ptx_tcgen05_mma=21;ptx_tcgen05_mma_ws=16;ptx_tcgen05_commit=1;ptx_tcgen05_alloc=1;ptx_tcgen05_dealloc=1;ptx_tcgen05_ld=5;ptx_tcgen05_st=5;ptx_mbarrier_wait=5;ptx_cp_async_tma=2;ptx_ld_shared=26;ptx_ld_global=7
02_latency_throughput,lat_bf16_m128n128k16_same_d_in1_q48,1,,NVIDIA Thor,11.0,580.00,13.0,PTX ISA 9.3 / CUDA 13.0,1575.000,,,,bf16,128,128,16,48,10,58,5,discard,same,1,1,48,1,nocount,sw128,sw128,16,16,16,0,512,0,0,none,1,none,0,4,20,369128.0,234.36698412698414,369117.2,369131.2,787.5153553462314,752.5721318436277,8192,,21.47557096725255,21.47538479558447,21.476199333231385,0,0.0,1,bf14b28d2af4128daa99f23eec8a5e105636d0b04136f8be580fdc39d6f1f97d,same_d; UTCHMMA=21;UTCHMMA_WS=16;UTCBAR=1;UTCATOMSWS=3;SYNCS_TRYWAIT=8;LDS=21;LDG=9;ptx_tcgen05_mma=21;ptx_tcgen05_mma_ws=16;ptx_tcgen05_commit=1;ptx_tcgen05_alloc=1;ptx_tcgen05_dealloc=1;ptx_tcgen05_ld=5;ptx_tcgen05_st=5;ptx_mbarrier_wait=5;ptx_cp_async_tma=2;ptx_ld_shared=26;ptx_ld_global=7
02_latency_throughput,lat_bf16_m128n128k16_legal_ring_in1_q8,1,,NVIDIA Thor,11.0,580.00,13.0,PTX ISA 9.3 / CUDA 13.0,1575.000,,,,bf16,128,128,16,8,64,59,5,discard,same,4,4,8,1,nocount,sw128,sw128,16,16,16,0,512,0,128,none,1,none,0,4,20,497531.0,315.8926984126984,497527.4,497533.80000000005,781.0100084045298,874.4678960754948,8192,,16.995356799877797,16.995261154264863,16.99547977459774,0,0.0,1,bf14b28d2af4128daa99f23eec8a5e105636d0b04136f8be580fdc39d6f1f97d,legal_ring; UTCHMMA=21;UTCHMMA_WS=16;UTCBAR=1;UTCATOMSWS=3;SYNCS_TRYWAIT=8;LDS=21;LDG=9;ptx_tcgen05_mma=21;ptx_tcgen05_mma_ws=16;ptx_tcgen05_commit=1;ptx_tcgen05_alloc=1;ptx_tcgen05_dealloc=1;ptx_tcgen05_ld=5;ptx_tcgen05_st=5;ptx_mbarrier_wait=5;ptx_cp_async_tma=2;ptx_ld_shared=26;ptx_ld_global=7
02_latency_throughput,lat_bf16_m128n64k16_legal_ring_in0_q2,1,,NVIDIA Thor,11.0,580.00,13.0,PTX ISA 9.3 / CUDA 13.0,1575.000,,,,bf16,128,64,16,2,256,60,5,discard,same,8,8,2,1,nocount,sw128,sw128,16,16,16,0,512,0,64,none,0,none,0,4,20,648045.0,411.45714285714286,648041.8,648053.0,780.9607439667889,874.3618246594358,6144,,6.524019831956115,6.523939295088519,6.524052047274828,0,0.0,1,bf14b28d2af4128daa99f23eec8a5e105636d0b04136f8be580fdc39d6f1f97d,legal_ring; UTCHMMA=21;UTCHMMA_WS=16;UTCBAR=1;UTCATOMSWS=3;SYNCS_TRYWAIT=8;LDS=21;LDG=9;ptx_tcgen05_mma=21;ptx_tcgen05_mma_ws=16;ptx_tcgen05_commit=1;ptx_tcgen05_alloc=1;ptx_tcgen05_dealloc=1;ptx_tcgen05_ld=5;ptx_tcgen05_st=5;ptx_mbarrier_wait=5;ptx_cp_async_tma=2;ptx_ld_shared=26;ptx_ld_global=7
02_latency_throughput,lat_bf16_m128n128k16_same_d_in0_q64,1,,NVIDIA Thor,11.0,580.00,13.0,PTX ISA 9.3 / CUDA 13.0,1575.000,,,,bf16,128,128,16,64,8,61,5,discard,same,1,1,64,1,nocount,sw128,sw128,16,16,16,0,512,0,0,none,0,none,0,4,20,391584.0,248.6247619047619,391577.4,391585.0,787.4689710674247,752.5719016281445,8192,,21.59362196616818,21.59356682201821,21.593985924655602,0,0.0,1,bf14b28d2af4128daa99f23eec8a5e105636d0b04136f8be580fdc39d6f1f97d,same_d; UTCHMMA=21;UTCHMMA_WS=16;UTCBAR=1;UTCATOMSWS=3;SYNCS_TRYWAIT=8;LDS=21;LDG=9;ptx_tcgen05_mma=21;ptx_tcgen05_mma_ws=16;ptx_tcgen05_commit=1;ptx_tcgen05_alloc=1;ptx_tcgen05_dealloc=1;ptx_tcgen05_ld=5;ptx_tcgen05_st=5;ptx_mbarrier_wait=5;ptx_cp_async_tma=2;ptx_ld_shared=26;ptx_ld_global=7
02_latency_throughput,lat_bf16_m128n64k16_same_d_in0_q6,1,,NVIDIA Thor,11.0,580.00,13.0,PTX ISA 9.3 / CUDA 13.0,1575.000,,,,bf16,128,64,16,6,85,62,5,discard,same,1,1,6,1,nocount,sw128,sw128,16,16,16,0,512,0,0,none,0,none,0,4,20,450695.0,286.15555555555557,450692.4,450698.0,785.5632909254637,752.8588489741785,6144,,9.344109342238097,9.344047144651185,9.344163247494247,0,0.0,1,bf14b28d2af4128daa99f23eec8a5e105636d0b04136f8be580fdc39d6f1f97d,same_d; UTCHMMA=21;UTCHMMA_WS=16;UTCBAR=1;UTCATOMSWS=3;SYNCS_TRYWAIT=8;LDS=21;LDG=9;ptx_tcgen05_mma=21;ptx_tcgen05_mma_ws=16;ptx_tcgen05_commit=1;ptx_tcgen05_alloc=1;ptx_tcgen05_dealloc=1;ptx_tcgen05_ld=5;ptx_tcgen05_st=5;ptx_mbarrier_wait=5;ptx_cp_async_tma=2;ptx_ld_shared=26;ptx_ld_global=7
02_latency_throughput,lat_fp16_m128n256k16_same_d_in0_q3,1,,NVIDIA Thor,11.0,580.00,13.0,PTX ISA 9.3 / CUDA 13.0,1575.000,,,,fp16,128,256,16,3,170,63,5,discard,same,1,1,3,1,nocount,sw128,sw128,16,16,16,0,512,0,0,none,0,none,0,4,20,517168.0,328.36063492063494,517165.19999999995,517175.19999999995,785.4732699917931,752.8025746884518,12288,,32.57234291371469,32.5718894487989,32.57251926490035,0,0.0,1,bf14b28d2af4128daa99f23eec8a5e105636d0b04136f8be580fdc39d6f1f97d,same_d; UTCHMMA=21;UTCHMMA_WS=16;UTCBAR=1;UTCATOMSWS=3;SYNCS_TRYWAIT=8;LDS=21;LDG=9;ptx_tcgen05_mma=21;ptx_tcgen05_mma_ws=16;ptx_tcgen05_commit=1;ptx_tcgen05_alloc=1;ptx_tcgen05_dealloc=1;ptx_tcgen05_ld=5;ptx_tcgen05_st=5;ptx_mbarrier_wait=5;ptx_cp_async_tma=2;ptx_ld_shared=26;ptx_ld_global=7
02_latency_throughput,lat_bf16_m128n128k16_legal_ring_in1_q6,1,,NVIDIA Thor,11.0,580.00,13.0,PTX ISA 9.3 / CUDA 13.0,1575.000,,,,bf16,128,128,16,6,85,64,5,discard,same,4,4,6,1,nocount,sw128,sw128,16,16,16,0,512,0,128,none,1,none,0,4,20,512319.0,325.28190476190474,512316.4,512323.19999999995,781.0100084045298,874.4678960754948,8192,,16.44031691192402,16.440182135763855,16.440400346363504,0,0.0,1,bf14b28d2af4128daa99f23eec8a5e105636d0b04136f8be580fdc39d6f1f97d,legal_ring; UTCHMMA=21;UTCHMMA_WS=16;UTCBAR=1;UTCATOMSWS=3;SYNCS_TRYWAIT=8;LDS=21;LDG=9;ptx_tcgen05_mma=21;ptx_tcgen05_mma_ws=16;ptx_tcgen05_commit=1;ptx_tcgen05_alloc=1;ptx_tcgen05_dealloc=1;ptx_tcgen05_ld=5;ptx_tcgen05_st=5;ptx_mbarrier_wait=5;ptx_cp_async_tma=2;ptx_ld_shared=26;ptx_ld_global=7
02_latency_throughput,lat_bf16_m128n256k16_legal_ring_in1_q1,1,,NVIDIA Thor,11.0,580.00,13.0,PTX ISA 9.3 / CUDA 13.0,1575.000,,,,bf16,128,256,16,1,512,65,5,discard,same,2,2,1,1,nocount,sw128,sw128,16,16,16,0,512,0,256,none,1,none,0,4,20,841324.0,534.1739682539683,841083.8,841327.4,782.1260899596709,874.2527859342456,12288,,20.100976232699885,20.10089500008171,20.10671675005284,0,0.0,1,bf14b28d2af4128daa99f23eec8a5e105636d0b04136f8be580fdc39d6f1f97d,legal_ring; UTCHMMA=21;UTCHMMA_WS=16;UTCBAR=1;UTCATOMSWS=3;SYNCS_TRYWAIT=8;LDS=21;LDG=9;ptx_tcgen05_mma=21;ptx_tcgen05_mma_ws=16;ptx_tcgen05_commit=1;ptx_tcgen05_alloc=1;ptx_tcgen05_dealloc=1;ptx_tcgen05_ld=5;ptx_tcgen05_st=5;ptx_mbarrier_wait=5;ptx_cp_async_tma=2;ptx_ld_shared=26;ptx_ld_global=7
02_latency_throughput,lat_bf16_m128n64k16_legal_ring_in1_q64,1,,NVIDIA Thor,11.0,580.00,13.0,PTX ISA 9.3 / CUDA 13.0,1575.000,,,,bf16,128,64,16,64,8,66,5,discard,same,8,8,64,1,nocount,sw128,sw128,16,16,16,0,512,0,64,none,1,none,0,4,20,453944.0,288.2184126984127,453943.4,453945.19999999995,780.9396888366173,874.3660425668124,6144,,9.313612322224767,9.313587701818847,9.313624632509084,0,0.0,1,bf14b28d2af4128daa99f23eec8a5e105636d0b04136f8be580fdc39d6f1f97d,legal_ring; UTCHMMA=21;UTCHMMA_WS=16;UTCBAR=1;UTCATOMSWS=3;SYNCS_TRYWAIT=8;LDS=21;LDG=9;ptx_tcgen05_mma=21;ptx_tcgen05_mma_ws=16;ptx_tcgen05_commit=1;ptx_tcgen05_alloc=1;ptx_tcgen05_dealloc=1;ptx_tcgen05_ld=5;ptx_tcgen05_st=5;ptx_mbarrier_wait=5;ptx_cp_async_tma=2;ptx_ld_shared=26;ptx_ld_global=7
02_latency_throughput,lat_fp16_m128n64k16_same_d_in0_q12,1,,NVIDIA Thor,11.0,580.00,13.0,PTX ISA 9.3 / CUDA 13.0,1575.000,,,,fp16,128,64,16,12,42,67,5,discard,same,1,1,12,1,nocount,sw128,sw128,16,16,16,0,512,0,0,none,0,none,0,4,20,412506.0,261.90857142857146,412503.19999999995,412513.0,785.5087943496892,752.8603052661067,6144,,10.089060871841863,10.08888967035457,10.089129354760956,0,0.0,1,bf14b28d2af4128daa99f23eec8a5e105636d0b04136f8be580fdc39d6f1f97d,same_d; UTCHMMA=21;UTCHMMA_WS=16;UTCBAR=1;UTCATOMSWS=3;SYNCS_TRYWAIT=8;LDS=21;LDG=9;ptx_tcgen05_mma=21;ptx_tcgen05_mma_ws=16;ptx_tcgen05_commit=1;ptx_tcgen05_alloc=1;ptx_tcgen05_dealloc=1;ptx_tcgen05_ld=5;ptx_tcgen05_st=5;ptx_mbarrier_wait=5;ptx_cp_async_tma=2;ptx_ld_shared=26;ptx_ld_global=7
02_latency_throughput,lat_fp16_m128n128k16_legal_ring_in1_q32,1,,NVIDIA Thor,11.0,580.00,13.0,PTX ISA 9.3 / CUDA 13.0,1575.000,,,,fp16,128,128,16,32,16,68,5,discard,same,4,4,32,1,nocount,sw128,sw128,16,16,16,0,512,0,128,none,1,none,0,4,20,460191.0,292.1847619047619,460187.4,460193.80000000005,781.0459748557623,874.4691603716302,8192,,18.37436382719349,18.374252030527664,18.37450756802464,0,0.0,1,bf14b28d2af4128daa99f23eec8a5e105636d0b04136f8be580fdc39d6f1f97d,legal_ring; UTCHMMA=21;UTCHMMA_WS=16;UTCBAR=1;UTCATOMSWS=3;SYNCS_TRYWAIT=8;LDS=21;LDG=9;ptx_tcgen05_mma=21;ptx_tcgen05_mma_ws=16;ptx_tcgen05_commit=1;ptx_tcgen05_alloc=1;ptx_tcgen05_dealloc=1;ptx_tcgen05_ld=5;ptx_tcgen05_st=5;ptx_mbarrier_wait=5;ptx_cp_async_tma=2;ptx_ld_shared=26;ptx_ld_global=7
02_latency_throughput,lat_bf16_m128n64k16_same_d_in1_q16,1,,NVIDIA Thor,11.0,580.00,13.0,PTX ISA 9.3 / CUDA 13.0,1575.000,,,,bf16,128,64,16,16,32,69,5,discard,same,1,1,16,1,nocount,sw128,sw128,16,16,16,0,512,0,0,none,1,none,0,4,20,410743.0,260.7892063492064,410694.4,410746.4,785.8454581051265,752.8594261530949,6144,,10.293196553562689,10.293111350692858,10.294414695564472,0,0.0,1,bf14b28d2af4128daa99f23eec8a5e105636d0b04136f8be580fdc39d6f1f97d,same_d; UTCHMMA=21;UTCHMMA_WS=16;UTCBAR=1;UTCATOMSWS=3;SYNCS_TRYWAIT=8;LDS=21;LDG=9;ptx_tcgen05_mma=21;ptx_tcgen05_mma_ws=16;ptx_tcgen05_commit=1;ptx_tcgen05_alloc=1;ptx_tcgen05_dealloc=1;ptx_tcgen05_ld=5;ptx_tcgen05_st=5;ptx_mbarrier_wait=5;ptx_cp_async_tma=2;ptx_ld_shared=26;ptx_ld_global=7
02_latency_throughput,lat_bf16_m128n128k16_legal_ring_in0_q24,1,,NVIDIA Thor,11.0,580.00,13.0,PTX ISA 9.3 / CUDA 13.0,1575.000,,,,bf16,128,128,16,24,21,70,5,discard,same,4,4,24,1,nocount,sw128,sw128,16,16,16,0,512,0,128,none,0,none,0,4,20,457112.0,290.22984126984124,457111.0,457115.0,781.095600264056,874.4672932168828,8192,,18.209095993979595,18.208976489504828,18.209135829153094,0,0.0,1,bf14b28d2af4128daa99f23eec8a5e105636d0b04136f8be580fdc39d6f1f97d,legal_ring; UTCHMMA=21;UTCHMMA_WS=16;UTCBAR=1;UTCATOMSWS=3;SYNCS_TRYWAIT=8;LDS=21;LDG=9;ptx_tcgen05_mma=21;ptx_tcgen05_mma_ws=16;ptx_tcgen05_commit=1;ptx_tcgen05_alloc=1;ptx_tcgen05_dealloc=1;ptx_tcgen05_ld=5;ptx_tcgen05_st=5;ptx_mbarrier_wait=5;ptx_cp_async_tma=2;ptx_ld_shared=26;ptx_ld_global=7
02_latency_throughput,lat_fp16_m128n64k16_legal_ring_in1_q3,1,,NVIDIA Thor,11.0,580.00,13.0,PTX ISA 9.3 / CUDA 13.0,1575.000,,,,fp16,128,64,16,3,170,71,5,discard,same,8,8,3,1,nocount,sw128,sw128,16,16,16,0,512,0,64,none,1,none,0,4,20,578876.0,367.54031746031745,578876.0,578882.0,781.0013988701976,874.3625717017189,6144,,7.275035344356996,7.274959940152576,7.275035344356996,0,0.0,1,bf14b28d2af4128daa99f23eec8a5e105636d0b04136f8be580fdc39d6f1f97d,legal_ring; UTCHMMA=21;UTCHMMA_WS=16;UTCBAR=1;UTCATOMSWS=3;SYNCS_TRYWAIT=8;LDS=21;LDG=9;ptx_tcgen05_mma=21;ptx_tcgen05_mma_ws=16;ptx_tcgen05_commit=1;ptx_tcgen05_alloc=1;ptx_tcgen05_dealloc=1;ptx_tcgen05_ld=5;ptx_tcgen05_st=5;ptx_mbarrier_wait=5;ptx_cp_async_tma=2;ptx_ld_shared=26;ptx_ld_global=7
02_latency_throughput,lat_bf16_m128n256k16_same_d_in1_q32,1,,NVIDIA Thor,11.0,580.00,13.0,PTX ISA 9.3 / CUDA 13.0,1575.000,,,,bf16,128,256,16,32,16,72,5,discard,same,1,1,32,1,nocount,sw128,sw128,16,16,16,0,512,0,0,none,1,none,0,4,20,398010.0,252.7047619047619,398005.0,398034.4,785.4692803828166,752.8134051879779,12288,,42.489971930353505,42.487367243660074,42.49050571726486,0,0.0,1,bf14b28d2af4128daa99f23eec8a5e105636d0b04136f8be580fdc39d6f1f97d,same_d; UTCHMMA=21;UTCHMMA_WS=16;UTCBAR=1;UTCATOMSWS=3;SYNCS_TRYWAIT=8;LDS=21;LDG=9;ptx_tcgen05_mma=21;ptx_tcgen05_mma_ws=16;ptx_tcgen05_commit=1;ptx_tcgen05_alloc=1;ptx_tcgen05_dealloc=1;ptx_tcgen05_ld=5;ptx_tcgen05_st=5;ptx_mbarrier_wait=5;ptx_cp_async_tma=2;ptx_ld_shared=26;ptx_ld_global=7
02_latency_throughput,lat_fp16_m128n128k16_legal_ring_in0_q24,1,,NVIDIA Thor,11.0,580.00,13.0,PTX ISA 9.3 / CUDA 13.0,1575.000,,,,fp16,128,128,16,24,21,73,5,discard,same,4,4,24,1,nocount,sw128,sw128,16,16,16,0,512,0,128,none,0,none,0,4,20,457114.0,290.2311111111111,457111.2,457118.4,781.0876772515294,874.4683934150742,8192,,18.209016324155463,18.20884105333096,18.209127862292682,0,0.0,1,bf14b28d2af4128daa99f23eec8a5e105636d0b04136f8be580fdc39d6f1f97d,legal_ring; UTCHMMA=21;UTCHMMA_WS=16;UTCBAR=1;UTCATOMSWS=3;SYNCS_TRYWAIT=8;LDS=21;LDG=9;ptx_tcgen05_mma=21;ptx_tcgen05_mma_ws=16;ptx_tcgen05_commit=1;ptx_tcgen05_alloc=1;ptx_tcgen05_dealloc=1;ptx_tcgen05_ld=5;ptx_tcgen05_st=5;ptx_mbarrier_wait=5;ptx_cp_async_tma=2;ptx_ld_shared=26;ptx_ld_global=7
02_latency_throughput,lat_bf16_m128n256k16_same_d_in0_q64,1,,NVIDIA Thor,11.0,580.00,13.0,PTX ISA 9.3 / CUDA 13.0,1575.000,,,,bf16,128,256,16,64,8,74,5,discard,same,1,1,64,1,nocount,sw128,sw128,16,16,16,0,512,0,0,none,0,none,0,4,20,391702.0,248.69968253968256,391698.0,391708.2,785.412469759447,752.808329126516,12288,,43.17423380018483,43.173550437024744,43.17467469325858,0,0.0,1,bf14b28d2af4128daa99f23eec8a5e105636d0b04136f8be580fdc39d6f1f97d,same_d; UTCHMMA=21;UTCHMMA_WS=16;UTCBAR=1;UTCATOMSWS=3;SYNCS_TRYWAIT=8;LDS=21;LDG=9;ptx_tcgen05_mma=21;ptx_tcgen05_mma_ws=16;ptx_tcgen05_commit=1;ptx_tcgen05_alloc=1;ptx_tcgen05_dealloc=1;ptx_tcgen05_ld=5;ptx_tcgen05_st=5;ptx_mbarrier_wait=5;ptx_cp_async_tma=2;ptx_ld_shared=26;ptx_ld_global=7
02_latency_throughput,commit_prefix_c8_p1,1,,NVIDIA Thor,11.0,580.00,13.0,PTX ISA 9.3 / CUDA 13.0,1575.000,,,,bf16,128,128,16,16,128,75,5,discard,same,4,4,8,1,count,sw128,sw128,16,16,16,0,512,0,128,none,0,none,0,4,20,1990268.0,1263.6622222222222,1990267.4,1990272.6,,,8192,,16.994127150715382,16.99408787318986,16.994132273885434,0,0.0,1,bf14b28d2af4128daa99f23eec8a5e105636d0b04136f8be580fdc39d6f1f97d,commit prefix scan; pending_mbarriers is prefix tracking count; UTCHMMA=21;UTCHMMA_WS=16;UTCBAR=1;UTCATOMSWS=3;SYNCS_TRYWAIT=8;LDS=21;LDG=9;ptx_tcgen05_mma=21;ptx_tcgen05_mma_ws=16;ptx_tcgen05_commit=1;ptx_tcgen05_alloc=1;ptx_tcgen05_dealloc=1;ptx_tcgen05_ld=5;ptx_tcgen05_st=5;ptx_mbarrier_wait=5;ptx_cp_async_tma=2;ptx_ld_shared=26;ptx_ld_global=7
02_latency_throughput,lat_fp16_m128n256k16_same_d_in0_q32,1,,NVIDIA Thor,11.0,580.00,13.0,PTX ISA 9.3 / CUDA 13.0,1575.000,,,,fp16,128,256,16,32,16,76,5,discard,same,1,1,32,1,nocount,sw128,sw128,16,16,16,0,512,0,0,none,0,none,0,4,20,398011.0,252.7053968253968,398008.0,398021.6,785.4732699917931,752.8025746884518,12288,,42.48986517458061,42.48873360415624,42.490185445118044,0,0.0,1,bf14b28d2af4128daa99f23eec8a5e105636d0b04136f8be580fdc39d6f1f97d,same_d; UTCHMMA=21;UTCHMMA_WS=16;UTCBAR=1;UTCATOMSWS=3;SYNCS_TRYWAIT=8;LDS=21;LDG=9;ptx_tcgen05_mma=21;ptx_tcgen05_mma_ws=16;ptx_tcgen05_commit=1;ptx_tcgen05_alloc=1;ptx_tcgen05_dealloc=1;ptx_tcgen05_ld=5;ptx_tcgen05_st=5;ptx_mbarrier_wait=5;ptx_cp_async_tma=2;ptx_ld_shared=26;ptx_ld_global=7
02_latency_throughput,lat_fp16_m128n64k16_same_d_in0_q8,1,,NVIDIA Thor,11.0,580.00,13.0,PTX ISA 9.3 / CUDA 13.0,1575.000,,,,fp16,128,64,16,8,64,77,5,discard,same,1,1,8,1,nocount,sw128,sw128,16,16,16,0,512,0,0,none,0,none,0,4,20,435694.0,276.63111111111107,435690.0,435699.19999999995,785.5087943496892,752.8603052661067,6144,,9.703733427589087,9.703617615137649,9.70382251600909,0,0.0,1,bf14b28d2af4128daa99f23eec8a5e105636d0b04136f8be580fdc39d6f1f97d,same_d; UTCHMMA=21;UTCHMMA_WS=16;UTCBAR=1;UTCATOMSWS=3;SYNCS_TRYWAIT=8;LDS=21;LDG=9;ptx_tcgen05_mma=21;ptx_tcgen05_mma_ws=16;ptx_tcgen05_commit=1;ptx_tcgen05_alloc=1;ptx_tcgen05_dealloc=1;ptx_tcgen05_ld=5;ptx_tcgen05_st=5;ptx_mbarrier_wait=5;ptx_cp_async_tma=2;ptx_ld_shared=26;ptx_ld_global=7
02_latency_throughput,lat_bf16_m128n256k16_same_d_in1_q16,1,,NVIDIA Thor,11.0,580.00,13.0,PTX ISA 9.3 / CUDA 13.0,1575.000,,,,bf16,128,256,16,16,32,78,5,discard,same,1,1,16,1,nocount,sw128,sw128,16,16,16,0,512,0,0,none,1,none,0,4,20,410633.0,260.7193650793651,410629.2,410666.4,785.4692803828166,752.8134051879779,12288,,41.1838155433197,41.18046618418215,41.18419666262564,0,0.0,1,bf14b28d2af4128daa99f23eec8a5e105636d0b04136f8be580fdc39d6f1f97d,same_d; UTCHMMA=21;UTCHMMA_WS=16;UTCBAR=1;UTCATOMSWS=3;SYNCS_TRYWAIT=8;LDS=21;LDG=9;ptx_tcgen05_mma=21;ptx_tcgen05_mma_ws=16;ptx_tcgen05_commit=1;ptx_tcgen05_alloc=1;ptx_tcgen05_dealloc=1;ptx_tcgen05_ld=5;ptx_tcgen05_st=5;ptx_mbarrier_wait=5;ptx_cp_async_tma=2;ptx_ld_shared=26;ptx_ld_global=7
02_latency_throughput,lat_fp16_m128n256k16_legal_ring_in1_q32,1,,NVIDIA Thor,11.0,580.00,13.0,PTX ISA 9.3 / CUDA 13.0,1575.000,,,,fp16,128,256,16,32,16,79,5,discard,same,2,2,32,1,nocount,sw128,sw128,16,16,16,0,512,0,256,none,1,none,0,4,20,460086.0,292.11809523809524,460083.8,460087.6,782.1123965082807,874.2600760516125,12288,,36.75711438296318,36.75698655651483,36.75729014600535,0,0.0,1,bf14b28d2af4128daa99f23eec8a5e105636d0b04136f8be580fdc39d6f1f97d,legal_ring; UTCHMMA=21;UTCHMMA_WS=16;UTCBAR=1;UTCATOMSWS=3;SYNCS_TRYWAIT=8;LDS=21;LDG=9;ptx_tcgen05_mma=21;ptx_tcgen05_mma_ws=16;ptx_tcgen05_commit=1;ptx_tcgen05_alloc=1;ptx_tcgen05_dealloc=1;ptx_tcgen05_ld=5;ptx_tcgen05_st=5;ptx_mbarrier_wait=5;ptx_cp_async_tma=2;ptx_ld_shared=26;ptx_ld_global=7
02_latency_throughput,lat_fp16_m128n256k16_legal_ring_in1_q4,1,,NVIDIA Thor,11.0,580.00,13.0,PTX ISA 9.3 / CUDA 13.0,1575.000,,,,fp16,128,256,16,4,128,80,5,discard,same,2,2,4,1,nocount,sw128,sw128,16,16,16,0,512,0,256,none,1,none,0,4,20,547817.0,347.8203174603175,547816.4,547819.0,782.1123965082807,874.2600760516125,12288,,30.870589499778212,30.870476796168077,30.870623311046412,0,0.0,1,bf14b28d2af4128daa99f23eec8a5e105636d0b04136f8be580fdc39d6f1f97d,legal_ring; UTCHMMA=21;UTCHMMA_WS=16;UTCBAR=1;UTCATOMSWS=3;SYNCS_TRYWAIT=8;LDS=21;LDG=9;ptx_tcgen05_mma=21;ptx_tcgen05_mma_ws=16;ptx_tcgen05_commit=1;ptx_tcgen05_alloc=1;ptx_tcgen05_dealloc=1;ptx_tcgen05_ld=5;ptx_tcgen05_st=5;ptx_mbarrier_wait=5;ptx_cp_async_tma=2;ptx_ld_shared=26;ptx_ld_global=7
02_latency_throughput,lat_bf16_m128n64k16_legal_ring_in0_q8,1,,NVIDIA Thor,11.0,580.00,13.0,PTX ISA 9.3 / CUDA 13.0,1575.000,,,,bf16,128,64,16,8,64,81,5,discard,same,8,8,8,1,nocount,sw128,sw128,16,16,16,0,512,0,64,none,0,none,0,4,20,497651.0,315.9688888888889,497646.2,497685.19999999995,780.9607439667889,874.3618246594358,6144,,8.495629330595136,8.49504554902859,8.495711274922268,0,0.0,1,bf14b28d2af4128daa99f23eec8a5e105636d0b04136f8be580fdc39d6f1f97d,legal_ring; UTCHMMA=21;UTCHMMA_WS=16;UTCBAR=1;UTCATOMSWS=3;SYNCS_TRYWAIT=8;LDS=21;LDG=9;ptx_tcgen05_mma=21;ptx_tcgen05_mma_ws=16;ptx_tcgen05_commit=1;ptx_tcgen05_alloc=1;ptx_tcgen05_dealloc=1;ptx_tcgen05_ld=5;ptx_tcgen05_st=5;ptx_mbarrier_wait=5;ptx_cp_async_tma=2;ptx_ld_shared=26;ptx_ld_global=7
02_latency_throughput,lat_bf16_m128n64k16_same_d_in0_q4,1,,NVIDIA Thor,11.0,580.00,13.0,PTX ISA 9.3 / CUDA 13.0,1575.000,,,,bf16,128,64,16,4,128,82,5,discard,same,1,1,4,1,nocount,sw128,sw128,16,16,16,0,512,0,0,none,0,none,0,4,20,485747.0,308.41079365079366,485743.8,485750.0,785.5632909254637,752.8588489741785,6144,,8.703828190395413,8.70377443540916,8.703885529814693,0,0.0,1,bf14b28d2af4128daa99f23eec8a5e105636d0b04136f8be580fdc39d6f1f97d,same_d; UTCHMMA=21;UTCHMMA_WS=16;UTCBAR=1;UTCATOMSWS=3;SYNCS_TRYWAIT=8;LDS=21;LDG=9;ptx_tcgen05_mma=21;ptx_tcgen05_mma_ws=16;ptx_tcgen05_commit=1;ptx_tcgen05_alloc=1;ptx_tcgen05_dealloc=1;ptx_tcgen05_ld=5;ptx_tcgen05_st=5;ptx_mbarrier_wait=5;ptx_cp_async_tma=2;ptx_ld_shared=26;ptx_ld_global=7
02_latency_throughput,lat_fp16_m128n128k16_legal_ring_in0_q3,1,,NVIDIA Thor,11.0,580.00,13.0,PTX ISA 9.3 / CUDA 13.0,1575.000,,,,fp16,128,128,16,3,170,83,5,discard,same,4,4,3,1,nocount,sw128,sw128,16,16,16,0,512,0,128,none,0,none,0,4,20,578875.0,367.53968253968253,578873.4,578880.7999999999,781.0876772515294,874.4683934150742,8192,,14.550095823796156,14.549950042195336,14.550136040118673,0,0.0,1,bf14b28d2af4128daa99f23eec8a5e105636d0b04136f8be580fdc39d6f1f97d,legal_ring; UTCHMMA=21;UTCHMMA_WS=16;UTCBAR=1;UTCATOMSWS=3;SYNCS_TRYWAIT=8;LDS=21;LDG=9;ptx_tcgen05_mma=21;ptx_tcgen05_mma_ws=16;ptx_tcgen05_commit=1;ptx_tcgen05_alloc=1;ptx_tcgen05_dealloc=1;ptx_tcgen05_ld=5;ptx_tcgen05_st=5;ptx_mbarrier_wait=5;ptx_cp_async_tma=2;ptx_ld_shared=26;ptx_ld_global=7
02_latency_throughput,lat_bf16_m128n256k16_same_d_in1_q2,1,,NVIDIA Thor,11.0,580.00,13.0,PTX ISA 9.3 / CUDA 13.0,1575.000,,,,bf16,128,256,16,2,256,84,5,discard,same,1,1,2,1,nocount,sw128,sw128,16,16,16,0,512,0,0,none,1,none,0,4,20,586096.0,372.12444444444446,586094.2,586099.4,785.4692803828166,752.8134051879779,12288,,28.854374928339382,28.85420754259269,28.85446354546136,0,0.0,1,bf14b28d2af4128daa99f23eec8a5e105636d0b04136f8be580fdc39d6f1f97d,same_d; UTCHMMA=21;UTCHMMA_WS=16;UTCBAR=1;UTCATOMSWS=3;SYNCS_TRYWAIT=8;LDS=21;LDG=9;ptx_tcgen05_mma=21;ptx_tcgen05_mma_ws=16;ptx_tcgen05_commit=1;ptx_tcgen05_alloc=1;ptx_tcgen05_dealloc=1;ptx_tcgen05_ld=5;ptx_tcgen05_st=5;ptx_mbarrier_wait=5;ptx_cp_async_tma=2;ptx_ld_shared=26;ptx_ld_global=7
02_latency_throughput,lat_fp16_m128n64k16_same_d_in1_q12,1,,NVIDIA Thor,11.0,580.00,13.0,PTX ISA 9.3 / CUDA 13.0,1575.000,,,,fp16,128,64,16,12,42,85,5,discard,same,1,1,12,1,nocount,sw128,sw128,16,16,16,0,512,0,0,none,1,none,0,4,20,412504.0,261.9073015873016,412502.0,412507.4,785.6074052530239,752.858392250107,6144,,10.089109788026297,10.089026631022664,10.089158704685069,0,0.0,1,bf14b28d2af4128daa99f23eec8a5e105636d0b04136f8be580fdc39d6f1f97d,same_d; UTCHMMA=21;UTCHMMA_WS=16;UTCBAR=1;UTCATOMSWS=3;SYNCS_TRYWAIT=8;LDS=21;LDG=9;ptx_tcgen05_mma=21;ptx_tcgen05_mma_ws=16;ptx_tcgen05_commit=1;ptx_tcgen05_alloc=1;ptx_tcgen05_dealloc=1;ptx_tcgen05_ld=5;ptx_tcgen05_st=5;ptx_mbarrier_wait=5;ptx_cp_async_tma=2;ptx_ld_shared=26;ptx_ld_global=7
02_latency_throughput,lat_bf16_m128n128k16_legal_ring_in1_q4,1,,NVIDIA Thor,11.0,580.00,13.0,PTX ISA 9.3 / CUDA 13.0,1575.000,,,,bf16,128,128,16,4,128,86,5,discard,same,4,4,4,1,nocount,sw128,sw128,16,16,16,0,512,0,128,none,1,none,0,4,20,547818.0,347.82095238095235,547813.2,547820.4,781.0100084045298,874.4678960754948,8192,,15.43526657393514,15.435198952262812,15.43540181956342,0,0.0,1,bf14b28d2af4128daa99f23eec8a5e105636d0b04136f8be580fdc39d6f1f97d,legal_ring; UTCHMMA=21;UTCHMMA_WS=16;UTCBAR=1;UTCATOMSWS=3;SYNCS_TRYWAIT=8;LDS=21;LDG=9;ptx_tcgen05_mma=21;ptx_tcgen05_mma_ws=16;ptx_tcgen05_commit=1;ptx_tcgen05_alloc=1;ptx_tcgen05_dealloc=1;ptx_tcgen05_ld=5;ptx_tcgen05_st=5;ptx_mbarrier_wait=5;ptx_cp_async_tma=2;ptx_ld_shared=26;ptx_ld_global=7
02_latency_throughput,lat_fp16_m128n64k16_legal_ring_in0_q2,1,,NVIDIA Thor,11.0,580.00,13.0,PTX ISA 9.3 / CUDA 13.0,1575.000,,,,fp16,128,64,16,2,256,87,5,discard,same,8,8,2,1,nocount,sw128,sw128,16,16,16,0,512,0,64,none,0,none,0,4,20,648047.0,411.4584126984127,648041.8,648061.6000000001,780.9723385179677,874.3665016401734,6144,,6.523999697552801,6.523852720307724,6.524052047274828,0,0.0,1,bf14b28d2af4128daa99f23eec8a5e105636d0b04136f8be580fdc39d6f1f97d,legal_ring; UTCHMMA=21;UTCHMMA_WS=16;UTCBAR=1;UTCATOMSWS=3;SYNCS_TRYWAIT=8;LDS=21;LDG=9;ptx_tcgen05_mma=21;ptx_tcgen05_mma_ws=16;ptx_tcgen05_commit=1;ptx_tcgen05_alloc=1;ptx_tcgen05_dealloc=1;ptx_tcgen05_ld=5;ptx_tcgen05_st=5;ptx_mbarrier_wait=5;ptx_cp_async_tma=2;ptx_ld_shared=26;ptx_ld_global=7
02_latency_throughput,lat_bf16_m128n128k16_same_d_in1_q64,1,,NVIDIA Thor,11.0,580.00,13.0,PTX ISA 9.3 / CUDA 13.0,1575.000,,,,bf16,128,128,16,64,8,88,5,discard,same,1,1,64,1,nocount,sw128,sw128,16,16,16,0,512,0,0,none,1,none,0,4,20,391577.0,248.62031746031744,391573.19999999995,391584.8,787.5153553462314,752.5721318436277,8192,,21.59400798310422,21.59357785653748,21.594217541239075,0,0.0,1,bf14b28d2af4128daa99f23eec8a5e105636d0b04136f8be580fdc39d6f1f97d,same_d; UTCHMMA=21;UTCHMMA_WS=16;UTCBAR=1;UTCATOMSWS=3;SYNCS_TRYWAIT=8;LDS=21;LDG=9;ptx_tcgen05_mma=21;ptx_tcgen05_mma_ws=16;ptx_tcgen05_commit=1;ptx_tcgen05_alloc=1;ptx_tcgen05_dealloc=1;ptx_tcgen05_ld=5;ptx_tcgen05_st=5;ptx_mbarrier_wait=5;ptx_cp_async_tma=2;ptx_ld_shared=26;ptx_ld_global=7
02_latency_throughput,lat_fp16_m128n64k16_same_d_in1_q48,1,,NVIDIA Thor,11.0,580.00,13.0,PTX ISA 9.3 / CUDA 13.0,1575.000,,,,fp16,128,64,16,48,10,89,5,discard,same,1,1,48,1,nocount,sw128,sw128,16,16,16,0,512,0,0,none,1,none,0,4,20,369241.0,234.43873015873018,369235.4,369242.6,785.6074052530239,752.858392250107,6144,,10.734499364913429,10.734452850258819,10.734662169464187,0,0.0,1,bf14b28d2af4128daa99f23eec8a5e105636d0b04136f8be580fdc39d6f1f97d,same_d; UTCHMMA=21;UTCHMMA_WS=16;UTCBAR=1;UTCATOMSWS=3;SYNCS_TRYWAIT=8;LDS=21;LDG=9;ptx_tcgen05_mma=21;ptx_tcgen05_mma_ws=16;ptx_tcgen05_commit=1;ptx_tcgen05_alloc=1;ptx_tcgen05_dealloc=1;ptx_tcgen05_ld=5;ptx_tcgen05_st=5;ptx_mbarrier_wait=5;ptx_cp_async_tma=2;ptx_ld_shared=26;ptx_ld_global=7
02_latency_throughput,lat_fp16_m128n64k16_legal_ring_in1_q4,1,,NVIDIA Thor,11.0,580.00,13.0,PTX ISA 9.3 / CUDA 13.0,1575.000,,,,fp16,128,64,16,4,128,90,5,discard,same,8,8,4,1,nocount,sw128,sw128,16,16,16,0,512,0,64,none,1,none,0,4,20,547819.0,347.82158730158733,547815.4,547820.0,781.0013988701976,874.3625717017189,6144,,7.717619199042019,7.717605111167902,7.7176699158208795,0,0.0,1,bf14b28d2af4128daa99f23eec8a5e105636d0b04136f8be580fdc39d6f1f97d,legal_ring; UTCHMMA=21;UTCHMMA_WS=16;UTCBAR=1;UTCATOMSWS=3;SYNCS_TRYWAIT=8;LDS=21;LDG=9;ptx_tcgen05_mma=21;ptx_tcgen05_mma_ws=16;ptx_tcgen05_commit=1;ptx_tcgen05_alloc=1;ptx_tcgen05_dealloc=1;ptx_tcgen05_ld=5;ptx_tcgen05_st=5;ptx_mbarrier_wait=5;ptx_cp_async_tma=2;ptx_ld_shared=26;ptx_ld_global=7
02_latency_throughput,lat_fp16_m128n64k16_legal_ring_in1_q64,1,,NVIDIA Thor,11.0,580.00,13.0,PTX ISA 9.3 / CUDA 13.0,1575.000,,,,fp16,128,64,16,64,8,91,5,discard,same,8,8,64,1,nocount,sw128,sw128,16,16,16,0,512,0,64,none,1,none,0,4,20,453942.0,288.21714285714285,453939.39999999997,453943.0,781.0013988701976,874.3625717017189,6144,,9.313653356596216,9.313632839365296,9.313706701830519,0,0.0,1,bf14b28d2af4128daa99f23eec8a5e105636d0b04136f8be580fdc39d6f1f97d,legal_ring; UTCHMMA=21;UTCHMMA_WS=16;UTCBAR=1;UTCATOMSWS=3;SYNCS_TRYWAIT=8;LDS=21;LDG=9;ptx_tcgen05_mma=21;ptx_tcgen05_mma_ws=16;ptx_tcgen05_commit=1;ptx_tcgen05_alloc=1;ptx_tcgen05_dealloc=1;ptx_tcgen05_ld=5;ptx_tcgen05_st=5;ptx_mbarrier_wait=5;ptx_cp_async_tma=2;ptx_ld_shared=26;ptx_ld_global=7
02_latency_throughput,lat_bf16_m128n256k16_same_d_in1_q6,1,,NVIDIA Thor,11.0,580.00,13.0,PTX ISA 9.3 / CUDA 13.0,1575.000,,,,bf16,128,256,16,6,85,92,5,discard,same,1,1,6,1,nocount,sw128,sw128,16,16,16,0,512,0,0,none,1,none,0,4,20,450694.0,286.15492063492064,450690.6,450700.6,785.4692803828166,752.8134051879779,12288,,37.376520299804305,37.37597296302668,37.37680226816015,0,0.0,1,bf14b28d2af4128daa99f23eec8a5e105636d0b04136f8be580fdc39d6f1f97d,same_d; UTCHMMA=21;UTCHMMA_WS=16;UTCBAR=1;UTCATOMSWS=3;SYNCS_TRYWAIT=8;LDS=21;LDG=9;ptx_tcgen05_mma=21;ptx_tcgen05_mma_ws=16;ptx_tcgen05_commit=1;ptx_tcgen05_alloc=1;ptx_tcgen05_dealloc=1;ptx_tcgen05_ld=5;ptx_tcgen05_st=5;ptx_mbarrier_wait=5;ptx_cp_async_tma=2;ptx_ld_shared=26;ptx_ld_global=7
02_latency_throughput,lat_bf16_m128n128k16_same_d_in0_q16,1,,NVIDIA Thor,11.0,580.00,13.0,PTX ISA 9.3 / CUDA 13.0,1575.000,,,,bf16,128,128,16,16,32,93,5,discard,same,1,1,16,1,nocount,sw128,sw128,16,16,16,0,512,0,0,none,0,none,0,4,20,410653.0,260.7320634920635,410651.4,410655.80000000005,787.4689710674247,752.5719016281445,8192,,20.590904885633368,20.590764489648762,20.5909851129499,0,0.0,1,bf14b28d2af4128daa99f23eec8a5e105636d0b04136f8be580fdc39d6f1f97d,same_d; UTCHMMA=21;UTCHMMA_WS=16;UTCBAR=1;UTCATOMSWS=3;SYNCS_TRYWAIT=8;LDS=21;LDG=9;ptx_tcgen05_mma=21;ptx_tcgen05_mma_ws=16;ptx_tcgen05_commit=1;ptx_tcgen05_alloc=1;ptx_tcgen05_dealloc=1;ptx_tcgen05_ld=5;ptx_tcgen05_st=5;ptx_mbarrier_wait=5;ptx_cp_async_tma=2;ptx_ld_shared=26;ptx_ld_global=7
02_latency_throughput,commit_prefix_c4_p1,1,,NVIDIA Thor,11.0,580.00,13.0,PTX ISA 9.3 / CUDA 13.0,1575.000,,,,bf16,128,128,16,16,128,94,5,discard,same,4,4,4,1,count,sw128,sw128,16,16,16,0,512,0,128,none,0,none,0,4,20,2180845.0,1384.6634920634922,2180842.8,2180850.6,,,8192,,15.509065273322955,15.509025449089195,15.5090809186278,0,0.0,1,bf14b28d2af4128daa99f23eec8a5e105636d0b04136f8be580fdc39d6f1f97d,commit prefix scan; pending_mbarriers is prefix tracking count; UTCHMMA=21;UTCHMMA_WS=16;UTCBAR=1;UTCATOMSWS=3;SYNCS_TRYWAIT=8;LDS=21;LDG=9;ptx_tcgen05_mma=21;ptx_tcgen05_mma_ws=16;ptx_tcgen05_commit=1;ptx_tcgen05_alloc=1;ptx_tcgen05_dealloc=1;ptx_tcgen05_ld=5;ptx_tcgen05_st=5;ptx_mbarrier_wait=5;ptx_cp_async_tma=2;ptx_ld_shared=26;ptx_ld_global=7
02_latency_throughput,lat_bf16_m128n256k16_legal_ring_in1_q64,1,,NVIDIA Thor,11.0,580.00,13.0,PTX ISA 9.3 / CUDA 13.0,1575.000,,,,bf16,128,256,16,64,8,95,5,discard,same,2,2,64,1,nocount,sw128,sw128,16,16,16,0,512,0,256,none,1,none,0,4,20,453878.0,288.1765079365079,453877.0,453883.39999999997,782.1260899596709,874.2527859342456,12288,,37.25986658970032,37.25942330033626,37.25994868213195,0,0.0,1,bf14b28d2af4128daa99f23eec8a5e105636d0b04136f8be580fdc39d6f1f97d,legal_ring; UTCHMMA=21;UTCHMMA_WS=16;UTCBAR=1;UTCATOMSWS=3;SYNCS_TRYWAIT=8;LDS=21;LDG=9;ptx_tcgen05_mma=21;ptx_tcgen05_mma_ws=16;ptx_tcgen05_commit=1;ptx_tcgen05_alloc=1;ptx_tcgen05_dealloc=1;ptx_tcgen05_ld=5;ptx_tcgen05_st=5;ptx_mbarrier_wait=5;ptx_cp_async_tma=2;ptx_ld_shared=26;ptx_ld_global=7
02_latency_throughput,lat_fp16_m128n64k16_same_d_in1_q6,1,,NVIDIA Thor,11.0,580.00,13.0,PTX ISA 9.3 / CUDA 13.0,1575.000,,,,fp16,128,64,16,6,85,96,5,discard,same,1,1,6,1,nocount,sw128,sw128,16,16,16,0,512,0,0,none,1,none,0,4,20,450695.0,286.15555555555557,450692.4,450696.80000000005,785.6074052530239,752.858392250107,6144,,9.344109342238097,9.34407202368595,9.344163247494247,0,0.0,1,bf14b28d2af4128daa99f23eec8a5e105636d0b04136f8be580fdc39d6f1f97d,same_d; UTCHMMA=21;UTCHMMA_WS=16;UTCBAR=1;UTCATOMSWS=3;SYNCS_TRYWAIT=8;LDS=21;LDG=9;ptx_tcgen05_mma=21;ptx_tcgen05_mma_ws=16;ptx_tcgen05_commit=1;ptx_tcgen05_alloc=1;ptx_tcgen05_dealloc=1;ptx_tcgen05_ld=5;ptx_tcgen05_st=5;ptx_mbarrier_wait=5;ptx_cp_async_tma=2;ptx_ld_shared=26;ptx_ld_global=7
02_latency_throughput,lat_fp16_m128n256k16_legal_ring_in1_q48,1,,NVIDIA Thor,11.0,580.00,13.0,PTX ISA 9.3 / CUDA 13.0,1575.000,,,,fp16,128,256,16,48,10,97,5,discard,same,2,2,48,1,nocount,sw128,sw128,16,16,16,0,512,0,256,none,1,none,0,4,20,427479.0,271.41523809523807,427471.4,427480.6,782.1123965082807,874.2600760516125,12288,,37.08829935505604,37.08816053879597,37.08895874846747,0,0.0,1,bf14b28d2af4128daa99f23eec8a5e105636d0b04136f8be580fdc39d6f1f97d,legal_ring; UTCHMMA=21;UTCHMMA_WS=16;UTCBAR=1;UTCATOMSWS=3;SYNCS_TRYWAIT=8;LDS=21;LDG=9;ptx_tcgen05_mma=21;ptx_tcgen05_mma_ws=16;ptx_tcgen05_commit=1;ptx_tcgen05_alloc=1;ptx_tcgen05_dealloc=1;ptx_tcgen05_ld=5;ptx_tcgen05_st=5;ptx_mbarrier_wait=5;ptx_cp_async_tma=2;ptx_ld_shared=26;ptx_ld_global=7
02_latency_throughput,lat_bf16_m128n128k16_legal_ring_in1_q48,1,,NVIDIA Thor,11.0,580.00,13.0,PTX ISA 9.3 / CUDA 13.0,1575.000,,,,bf16,128,128,16,48,10,98,5,discard,same,4,4,48,1,nocount,sw128,sw128,16,16,16,0,512,0,128,none,1,none,0,4,20,427561.0,271.46730158730156,427557.0,427573.19999999995,781.0100084045298,874.4678960754948,8192,,18.54059317851722,18.54006415862811,18.540766635232696,0,0.0,1,bf14b28d2af4128daa99f23eec8a5e105636d0b04136f8be580fdc39d6f1f97d,legal_ring; UTCHMMA=21;UTCHMMA_WS=16;UTCBAR=1;UTCATOMSWS=3;SYNCS_TRYWAIT=8;LDS=21;LDG=9;ptx_tcgen05_mma=21;ptx_tcgen05_mma_ws=16;ptx_tcgen05_commit=1;ptx_tcgen05_alloc=1;ptx_tcgen05_dealloc=1;ptx_tcgen05_ld=5;ptx_tcgen05_st=5;ptx_mbarrier_wait=5;ptx_cp_async_tma=2;ptx_ld_shared=26;ptx_ld_global=7
02_latency_throughput,lat_fp16_m128n256k16_legal_ring_in0_q2,1,,NVIDIA Thor,11.0,580.00,13.0,PTX ISA 9.3 / CUDA 13.0,1575.000,,,,fp16,128,256,16,2,256,99,5,discard,same,2,2,2,1,nocount,sw128,sw128,16,16,16,0,512,0,256,none,0,none,0,4,20,648045.0,411.45714285714286,648042.8,648049.8,782.1524727342985,874.2524986615206,12288,,26.09607932782446,26.09588603852201,26.09616791983285,0,0.0,1,bf14b28d2af4128daa99f23eec8a5e105636d0b04136f8be580fdc39d6f1f97d,legal_ring; UTCHMMA=21;UTCHMMA_WS=16;UTCBAR=1;UTCATOMSWS=3;SYNCS_TRYWAIT=8;LDS=21;LDG=9;ptx_tcgen05_mma=21;ptx_tcgen05_mma_ws=16;ptx_tcgen05_commit=1;ptx_tcgen05_alloc=1;ptx_tcgen05_dealloc=1;ptx_tcgen05_ld=5;ptx_tcgen05_st=5;ptx_mbarrier_wait=5;ptx_cp_async_tma=2;ptx_ld_shared=26;ptx_ld_global=7
02_latency_throughput,commit_prefix_c1_p2,1,,NVIDIA Thor,11.0,580.00,13.0,PTX ISA 9.3 / CUDA 13.0,1575.000,,,,bf16,128,128,16,16,128,100,5,discard,same,4,4,1,2,count,sw128,sw128,16,16,16,0,512,0,128,none,0,none,0,4,20,3295825.0,2092.5873015873017,3295822.0,3295859.5999999996,,,8192,,10.2623371859853,10.262229452354003,10.262346527214966,0,0.0,1,bf14b28d2af4128daa99f23eec8a5e105636d0b04136f8be580fdc39d6f1f97d,commit prefix scan; pending_mbarriers is prefix tracking count; UTCHMMA=21;UTCHMMA_WS=16;UTCBAR=1;UTCATOMSWS=3;SYNCS_TRYWAIT=8;LDS=21;LDG=9;ptx_tcgen05_mma=21;ptx_tcgen05_mma_ws=16;ptx_tcgen05_commit=1;ptx_tcgen05_alloc=1;ptx_tcgen05_dealloc=1;ptx_tcgen05_ld=5;ptx_tcgen05_st=5;ptx_mbarrier_wait=5;ptx_cp_async_tma=2;ptx_ld_shared=26;ptx_ld_global=7
02_latency_throughput,commit_prefix_c2_p4,1,,NVIDIA Thor,11.0,580.00,13.0,PTX ISA 9.3 / CUDA 13.0,1575.000,,,,bf16,128,128,16,16,128,101,5,discard,same,4,4,2,4,count,sw128,sw128,16,16,16,0,512,0,128,none,0,none,0,4,20,2560995.0,1626.0285714285715,2560917.6,2561012.6,,,8192,,13.206924439914955,13.206833678423061,13.207323607378601,0,0.0,1,bf14b28d2af4128daa99f23eec8a5e105636d0b04136f8be580fdc39d6f1f97d,commit prefix scan; pending_mbarriers is prefix tracking count; UTCHMMA=21;UTCHMMA_WS=16;UTCBAR=1;UTCATOMSWS=3;SYNCS_TRYWAIT=8;LDS=21;LDG=9;ptx_tcgen05_mma=21;ptx_tcgen05_mma_ws=16;ptx_tcgen05_commit=1;ptx_tcgen05_alloc=1;ptx_tcgen05_dealloc=1;ptx_tcgen05_ld=5;ptx_tcgen05_st=5;ptx_mbarrier_wait=5;ptx_cp_async_tma=2;ptx_ld_shared=26;ptx_ld_global=7
02_latency_throughput,lat_bf16_m128n128k16_legal_ring_in1_q2,1,,NVIDIA Thor,11.0,580.00,13.0,PTX ISA 9.3 / CUDA 13.0,1575.000,,,,bf16,128,128,16,2,256,102,5,discard,same,4,4,2,1,nocount,sw128,sw128,16,16,16,0,512,0,128,none,1,none,0,4,20,648044.0,411.45650793650793,648042.4,648047.8,781.0100084045298,874.4678960754948,8192,,13.04805979840875,13.047983287719656,13.048092013739891,0,0.0,1,bf14b28d2af4128daa99f23eec8a5e105636d0b04136f8be580fdc39d6f1f97d,legal_ring; UTCHMMA=21;UTCHMMA_WS=16;UTCBAR=1;UTCATOMSWS=3;SYNCS_TRYWAIT=8;LDS=21;LDG=9;ptx_tcgen05_mma=21;ptx_tcgen05_mma_ws=16;ptx_tcgen05_commit=1;ptx_tcgen05_alloc=1;ptx_tcgen05_dealloc=1;ptx_tcgen05_ld=5;ptx_tcgen05_st=5;ptx_mbarrier_wait=5;ptx_cp_async_tma=2;ptx_ld_shared=26;ptx_ld_global=7
02_latency_throughput,lat_bf16_m128n256k16_same_d_in1_q8,1,,NVIDIA Thor,11.0,580.00,13.0,PTX ISA 9.3 / CUDA 13.0,1575.000,,,,bf16,128,256,16,8,64,103,5,discard,same,1,1,8,1,nocount,sw128,sw128,16,16,16,0,512,0,0,none,1,none,0,4,20,435695.0,276.63174603174605,435691.0,435695.6,785.4692803828166,752.8134051879779,12288,,38.81484462295872,38.81479117076551,38.815200975002924,0,0.0,1,bf14b28d2af4128daa99f23eec8a5e105636d0b04136f8be580fdc39d6f1f97d,same_d; UTCHMMA=21;UTCHMMA_WS=16;UTCBAR=1;UTCATOMSWS=3;SYNCS_TRYWAIT=8;LDS=21;LDG=9;ptx_tcgen05_mma=21;ptx_tcgen05_mma_ws=16;ptx_tcgen05_commit=1;ptx_tcgen05_alloc=1;ptx_tcgen05_dealloc=1;ptx_tcgen05_ld=5;ptx_tcgen05_st=5;ptx_mbarrier_wait=5;ptx_cp_async_tma=2;ptx_ld_shared=26;ptx_ld_global=7
02_latency_throughput,lat_fp16_m128n256k16_legal_ring_in0_q1,1,,NVIDIA Thor,11.0,580.00,13.0,PTX ISA 9.3 / CUDA 13.0,1575.000,,,,fp16,128,256,16,1,512,104,5,discard,same,2,2,1,1,nocount,sw128,sw128,16,16,16,0,512,0,256,none,0,none,0,4,20,841075.0,534.015873015873,841070.8,841082.0,782.1524727342985,874.2524986615206,12288,,20.106927120649168,20.10675977847582,20.1070275273175,0,0.0,1,bf14b28d2af4128daa99f23eec8a5e105636d0b04136f8be580fdc39d6f1f97d,legal_ring; UTCHMMA=21;UTCHMMA_WS=16;UTCBAR=1;UTCATOMSWS=3;SYNCS_TRYWAIT=8;LDS=21;LDG=9;ptx_tcgen05_mma=21;ptx_tcgen05_mma_ws=16;ptx_tcgen05_commit=1;ptx_tcgen05_alloc=1;ptx_tcgen05_dealloc=1;ptx_tcgen05_ld=5;ptx_tcgen05_st=5;ptx_mbarrier_wait=5;ptx_cp_async_tma=2;ptx_ld_shared=26;ptx_ld_global=7
02_latency_throughput,lat_bf16_m128n128k16_legal_ring_in1_q16,1,,NVIDIA Thor,11.0,580.00,13.0,PTX ISA 9.3 / CUDA 13.0,1575.000,,,,bf16,128,128,16,16,32,105,5,discard,same,4,4,16,1,nocount,sw128,sw128,16,16,16,0,512,0,128,none,1,none,0,4,20,472774.0,300.17396825396827,472773.0,472777.2,781.0100084045298,874.4678960754948,8192,,17.885325470520797,17.885204413487617,17.88536330120375,0,0.0,1,bf14b28d2af4128daa99f23eec8a5e105636d0b04136f8be580fdc39d6f1f97d,legal_ring; UTCHMMA=21;UTCHMMA_WS=16;UTCBAR=1;UTCATOMSWS=3;SYNCS_TRYWAIT=8;LDS=21;LDG=9;ptx_tcgen05_mma=21;ptx_tcgen05_mma_ws=16;ptx_tcgen05_commit=1;ptx_tcgen05_alloc=1;ptx_tcgen05_dealloc=1;ptx_tcgen05_ld=5;ptx_tcgen05_st=5;ptx_mbarrier_wait=5;ptx_cp_async_tma=2;ptx_ld_shared=26;ptx_ld_global=7
02_latency_throughput,lat_fp16_m128n256k16_same_d_in1_q24,1,,NVIDIA Thor,11.0,580.00,13.0,PTX ISA 9.3 / CUDA 13.0,1575.000,,,,fp16,128,256,16,24,21,106,5,discard,same,1,1,24,1,nocount,sw128,sw128,16,16,16,0,512,0,0,none,1,none,0,4,20,395942.0,251.39174603174604,395934.0,395975.0,785.4378661773553,752.8089947761537,12288,,42.04452312712468,42.0410191956563,42.04537265301792,0,0.0,1,bf14b28d2af4128daa99f23eec8a5e105636d0b04136f8be580fdc39d6f1f97d,same_d; UTCHMMA=21;UTCHMMA_WS=16;UTCBAR=1;UTCATOMSWS=3;SYNCS_TRYWAIT=8;LDS=21;LDG=9;ptx_tcgen05_mma=21;ptx_tcgen05_mma_ws=16;ptx_tcgen05_commit=1;ptx_tcgen05_alloc=1;ptx_tcgen05_dealloc=1;ptx_tcgen05_ld=5;ptx_tcgen05_st=5;ptx_mbarrier_wait=5;ptx_cp_async_tma=2;ptx_ld_shared=26;ptx_ld_global=7
02_latency_throughput,lat_fp16_m128n128k16_same_d_in1_q4,1,,NVIDIA Thor,11.0,580.00,13.0,PTX ISA 9.3 / CUDA 13.0,1575.000,,,,fp16,128,128,16,4,128,107,5,discard,same,1,1,4,1,nocount,sw128,sw128,16,16,16,0,512,0,0,none,1,none,0,4,20,485748.0,308.4114285714286,485745.4,485750.6,787.7606965817195,752.5639915425807,8192,,17.407620543985768,17.40752736900088,17.407713720003528,0,0.0,1,bf14b28d2af4128daa99f23eec8a5e105636d0b04136f8be580fdc39d6f1f97d,same_d; UTCHMMA=21;UTCHMMA_WS=16;UTCBAR=1;UTCATOMSWS=3;SYNCS_TRYWAIT=8;LDS=21;LDG=9;ptx_tcgen05_mma=21;ptx_tcgen05_mma_ws=16;ptx_tcgen05_commit=1;ptx_tcgen05_alloc=1;ptx_tcgen05_dealloc=1;ptx_tcgen05_ld=5;ptx_tcgen05_st=5;ptx_mbarrier_wait=5;ptx_cp_async_tma=2;ptx_ld_shared=26;ptx_ld_global=7
02_latency_throughput,lat_bf16_m128n128k16_legal_ring_in0_q2,1,,NVIDIA Thor,11.0,580.00,13.0,PTX ISA 9.3 / CUDA 13.0,1575.000,,,,bf16,128,128,16,2,256,108,5,discard,same,4,4,2,1,nocount,sw128,sw128,16,16,16,0,512,0,128,none,0,none,0,4,20,648048.0,411.4590476190476,648045.8,648058.4,781.095600264056,874.4672932168828,8192,,13.047979260795497,13.04776986825786,13.048023556389579,0,0.0,1,bf14b28d2af4128daa99f23eec8a5e105636d0b04136f8be580fdc39d6f1f97d,legal_ring; UTCHMMA=21;UTCHMMA_WS=16;UTCBAR=1;UTCATOMSWS=3;SYNCS_TRYWAIT=8;LDS=21;LDG=9;ptx_tcgen05_mma=21;ptx_tcgen05_mma_ws=16;ptx_tcgen05_commit=1;ptx_tcgen05_alloc=1;ptx_tcgen05_dealloc=1;ptx_tcgen05_ld=5;ptx_tcgen05_st=5;ptx_mbarrier_wait=5;ptx_cp_async_tma=2;ptx_ld_shared=26;ptx_ld_global=7
02_latency_throughput,lat_bf16_m128n64k16_same_d_in0_q48,1,,NVIDIA Thor,11.0,580.00,13.0,PTX ISA 9.3 / CUDA 13.0,1575.000,,,,bf16,128,64,16,48,10,109,5,discard,same,1,1,48,1,nocount,sw128,sw128,16,16,16,0,512,0,0,none,0,none,0,4,20,369242.0,234.4393650793651,369235.80000000005,369245.6,785.5632909254637,752.8588489741785,6144,,10.734470293195248,10.734365636993846,10.734650540461974,0,0.0,1,bf14b28d2af4128daa99f23eec8a5e105636d0b04136f8be580fdc39d6f1f97d,same_d; UTCHMMA=21;UTCHMMA_WS=16;UTCBAR=1;UTCATOMSWS=3;SYNCS_TRYWAIT=8;LDS=21;LDG=9;ptx_tcgen05_mma=21;ptx_tcgen05_mma_ws=16;ptx_tcgen05_commit=1;ptx_tcgen05_alloc=1;ptx_tcgen05_dealloc=1;ptx_tcgen05_ld=5;ptx_tcgen05_st=5;ptx_mbarrier_wait=5;ptx_cp_async_tma=2;ptx_ld_shared=26;ptx_ld_global=7
02_latency_throughput,lat_fp16_m128n128k16_legal_ring_in0_q16,1,,NVIDIA Thor,11.0,580.00,13.0,PTX ISA 9.3 / CUDA 13.0,1575.000,,,,fp16,128,128,16,16,32,110,5,discard,same,4,4,16,1,nocount,sw128,sw128,16,16,16,0,512,0,128,none,0,none,0,4,20,472778.0,300.17650793650796,472774.8,472784.0,781.0876772515294,874.4683934150742,8192,,17.885174149389357,17.884947174413476,17.885295206166482,0,0.0,1,bf14b28d2af4128daa99f23eec8a5e105636d0b04136f8be580fdc39d6f1f97d,legal_ring; UTCHMMA=21;UTCHMMA_WS=16;UTCBAR=1;UTCATOMSWS=3;SYNCS_TRYWAIT=8;LDS=21;LDG=9;ptx_tcgen05_mma=21;ptx_tcgen05_mma_ws=16;ptx_tcgen05_commit=1;ptx_tcgen05_alloc=1;ptx_tcgen05_dealloc=1;ptx_tcgen05_ld=5;ptx_tcgen05_st=5;ptx_mbarrier_wait=5;ptx_cp_async_tma=2;ptx_ld_shared=26;ptx_ld_global=7
02_latency_throughput,lat_fp16_m128n64k16_legal_ring_in1_q24,1,,NVIDIA Thor,11.0,580.00,13.0,PTX ISA 9.3 / CUDA 13.0,1575.000,,,,fp16,128,64,16,24,21,111,5,discard,same,8,8,24,1,nocount,sw128,sw128,16,16,16,0,512,0,64,none,1,none,0,4,20,457020.0,290.1714285714285,457017.19999999995,457023.80000000005,781.0013988701976,874.3625717017189,6144,,9.106380779834582,9.106305063419102,9.106436571846835,0,0.0,1,bf14b28d2af4128daa99f23eec8a5e105636d0b04136f8be580fdc39d6f1f97d,legal_ring; UTCHMMA=21;UTCHMMA_WS=16;UTCBAR=1;UTCATOMSWS=3;SYNCS_TRYWAIT=8;LDS=21;LDG=9;ptx_tcgen05_mma=21;ptx_tcgen05_mma_ws=16;ptx_tcgen05_commit=1;ptx_tcgen05_alloc=1;ptx_tcgen05_dealloc=1;ptx_tcgen05_ld=5;ptx_tcgen05_st=5;ptx_mbarrier_wait=5;ptx_cp_async_tma=2;ptx_ld_shared=26;ptx_ld_global=7
02_latency_throughput,lat_bf16_m128n256k16_same_d_in1_q12,1,,NVIDIA Thor,11.0,580.00,13.0,PTX ISA 9.3 / CUDA 13.0,1575.000,,,,bf16,128,256,16,12,42,112,5,discard,same,1,1,12,1,nocount,sw128,sw128,16,16,16,0,512,0,0,none,1,none,0,4,20,412506.0,261.90857142857146,412503.6,412514.4,785.4692803828166,752.8134051879779,12288,,40.35624348736745,40.35542172079758,40.35647828619115,0,0.0,1,bf14b28d2af4128daa99f23eec8a5e105636d0b04136f8be580fdc39d6f1f97d,same_d; UTCHMMA=21;UTCHMMA_WS=16;UTCBAR=1;UTCATOMSWS=3;SYNCS_TRYWAIT=8;LDS=21;LDG=9;ptx_tcgen05_mma=21;ptx_tcgen05_mma_ws=16;ptx_tcgen05_commit=1;ptx_tcgen05_alloc=1;ptx_tcgen05_dealloc=1;ptx_tcgen05_ld=5;ptx_tcgen05_st=5;ptx_mbarrier_wait=5;ptx_cp_async_tma=2;ptx_ld_shared=26;ptx_ld_global=7
02_latency_throughput,lat_fp16_m128n64k16_same_d_in0_q2,1,,NVIDIA Thor,11.0,580.00,13.0,PTX ISA 9.3 / CUDA 13.0,1575.000,,,,fp16,128,64,16,2,256,113,5,discard,same,1,1,2,1,nocount,sw128,sw128,16,16,16,0,512,0,0,none,0,none,0,4,20,586097.0,372.12507936507933,586092.6,586100.8,785.5087943496892,752.8603052661067,6144,,7.2135814242352385,7.213534654835115,7.213635579168315,0,0.0,1,bf14b28d2af4128daa99f23eec8a5e105636d0b04136f8be580fdc39d6f1f97d,same_d; UTCHMMA=21;UTCHMMA_WS=16;UTCBAR=1;UTCATOMSWS=3;SYNCS_TRYWAIT=8;LDS=21;LDG=9;ptx_tcgen05_mma=21;ptx_tcgen05_mma_ws=16;ptx_tcgen05_commit=1;ptx_tcgen05_alloc=1;ptx_tcgen05_dealloc=1;ptx_tcgen05_ld=5;ptx_tcgen05_st=5;ptx_mbarrier_wait=5;ptx_cp_async_tma=2;ptx_ld_shared=26;ptx_ld_global=7
02_latency_throughput,lat_fp16_m128n64k16_same_d_in0_q6,1,,NVIDIA Thor,11.0,580.00,13.0,PTX ISA 9.3 / CUDA 13.0,1575.000,,,,fp16,128,64,16,6,85,114,5,discard,same,1,1,6,1,nocount,sw128,sw128,16,16,16,0,512,0,0,none,0,none,0,4,20,450695.0,286.15555555555557,450692.4,450696.6,785.5087943496892,752.8603052661067,6144,,9.344109342238097,9.344076170099743,9.344163247494247,0,0.0,1,bf14b28d2af4128daa99f23eec8a5e105636d0b04136f8be580fdc39d6f1f97d,same_d; UTCHMMA=21;UTCHMMA_WS=16;UTCBAR=1;UTCATOMSWS=3;SYNCS_TRYWAIT=8;LDS=21;LDG=9;ptx_tcgen05_mma=21;ptx_tcgen05_mma_ws=16;ptx_tcgen05_commit=1;ptx_tcgen05_alloc=1;ptx_tcgen05_dealloc=1;ptx_tcgen05_ld=5;ptx_tcgen05_st=5;ptx_mbarrier_wait=5;ptx_cp_async_tma=2;ptx_ld_shared=26;ptx_ld_global=7
02_latency_throughput,lat_fp16_m128n128k16_legal_ring_in1_q12,1,,NVIDIA Thor,11.0,580.00,13.0,PTX ISA 9.3 / CUDA 13.0,1575.000,,,,fp16,128,128,16,12,42,115,5,discard,same,4,4,12,1,nocount,sw128,sw128,16,16,16,0,512,0,128,none,1,none,0,4,20,473569.0,300.67873015873016,473547.0,473572.4,781.0459748557623,874.4691603716302,8192,,17.5763115575555,17.5761853692118,17.57712813915522,0,0.0,1,bf14b28d2af4128daa99f23eec8a5e105636d0b04136f8be580fdc39d6f1f97d,legal_ring; UTCHMMA=21;UTCHMMA_WS=16;UTCBAR=1;UTCATOMSWS=3;SYNCS_TRYWAIT=8;LDS=21;LDG=9;ptx_tcgen05_mma=21;ptx_tcgen05_mma_ws=16;ptx_tcgen05_commit=1;ptx_tcgen05_alloc=1;ptx_tcgen05_dealloc=1;ptx_tcgen05_ld=5;ptx_tcgen05_st=5;ptx_mbarrier_wait=5;ptx_cp_async_tma=2;ptx_ld_shared=26;ptx_ld_global=7
02_latency_throughput,lat_fp16_m128n128k16_legal_ring_in0_q8,1,,NVIDIA Thor,11.0,580.00,13.0,PTX ISA 9.3 / CUDA 13.0,1575.000,,,,fp16,128,128,16,8,64,116,5,discard,same,4,4,8,1,nocount,sw128,sw128,16,16,16,0,512,0,128,none,0,none,0,4,20,497526.0,315.88952380952384,497523.8,497535.2,781.0876772515294,874.4683934150742,8192,,16.99552759855766,16.995213334012416,16.995602751130285,0,0.0,1,bf14b28d2af4128daa99f23eec8a5e105636d0b04136f8be580fdc39d6f1f97d,legal_ring; UTCHMMA=21;UTCHMMA_WS=16;UTCBAR=1;UTCATOMSWS=3;SYNCS_TRYWAIT=8;LDS=21;LDG=9;ptx_tcgen05_mma=21;ptx_tcgen05_mma_ws=16;ptx_tcgen05_commit=1;ptx_tcgen05_alloc=1;ptx_tcgen05_dealloc=1;ptx_tcgen05_ld=5;ptx_tcgen05_st=5;ptx_mbarrier_wait=5;ptx_cp_async_tma=2;ptx_ld_shared=26;ptx_ld_global=7
02_latency_throughput,lat_fp16_m128n128k16_same_d_in0_q24,1,,NVIDIA Thor,11.0,580.00,13.0,PTX ISA 9.3 / CUDA 13.0,1575.000,,,,fp16,128,128,16,24,21,117,5,discard,same,1,1,24,1,nocount,sw128,sw128,16,16,16,0,512,0,0,none,0,none,0,4,20,395917.0,251.375873015873,395910.2,395957.0,787.5308033513866,752.5684480252465,8192,,21.02358900476615,21.021465179299774,21.023950098064415,0,0.0,1,bf14b28d2af4128daa99f23eec8a5e105636d0b04136f8be580fdc39d6f1f97d,same_d; UTCHMMA=21;UTCHMMA_WS=16;UTCBAR=1;UTCATOMSWS=3;SYNCS_TRYWAIT=8;LDS=21;LDG=9;ptx_tcgen05_mma=21;ptx_tcgen05_mma_ws=16;ptx_tcgen05_commit=1;ptx_tcgen05_alloc=1;ptx_tcgen05_dealloc=1;ptx_tcgen05_ld=5;ptx_tcgen05_st=5;ptx_mbarrier_wait=5;ptx_cp_async_tma=2;ptx_ld_shared=26;ptx_ld_global=7
02_latency_throughput,lat_fp16_m128n64k16_legal_ring_in1_q6,1,,NVIDIA Thor,11.0,580.00,13.0,PTX ISA 9.3 / CUDA 13.0,1575.000,,,,fp16,128,64,16,6,85,118,5,discard,same,8,8,6,1,nocount,sw128,sw128,16,16,16,0,512,0,64,none,1,none,0,4,20,512404.0,325.335873015873,512403.0,512407.0,781.0013988701976,874.3625717017189,6144,,8.218794857183005,8.21874673862035,8.218810896891705,0,0.0,1,bf14b28d2af4128daa99f23eec8a5e105636d0b04136f8be580fdc39d6f1f97d,legal_ring; UTCHMMA=21;UTCHMMA_WS=16;UTCBAR=1;UTCATOMSWS=3;SYNCS_TRYWAIT=8;LDS=21;LDG=9;ptx_tcgen05_mma=21;ptx_tcgen05_mma_ws=16;ptx_tcgen05_commit=1;ptx_tcgen05_alloc=1;ptx_tcgen05_dealloc=1;ptx_tcgen05_ld=5;ptx_tcgen05_st=5;ptx_mbarrier_wait=5;ptx_cp_async_tma=2;ptx_ld_shared=26;ptx_ld_global=7
02_latency_throughput,lat_bf16_m128n256k16_same_d_in0_q24,1,,NVIDIA Thor,11.0,580.00,13.0,PTX ISA 9.3 / CUDA 13.0,1575.000,,,,bf16,128,256,16,24,21,119,5,discard,same,1,1,24,1,nocount,sw128,sw128,16,16,16,0,512,0,0,none,0,none,0,4,20,395943.0,251.39238095238093,395937.8,395958.2,785.412469759447,752.808329126516,12288,,42.044416938801795,42.04280297348052,42.044969124195624,0,0.0,1,bf14b28d2af4128daa99f23eec8a5e105636d0b04136f8be580fdc39d6f1f97d,same_d; UTCHMMA=21;UTCHMMA_WS=16;UTCBAR=1;UTCATOMSWS=3;SYNCS_TRYWAIT=8;LDS=21;LDG=9;ptx_tcgen05_mma=21;ptx_tcgen05_mma_ws=16;ptx_tcgen05_commit=1;ptx_tcgen05_alloc=1;ptx_tcgen05_dealloc=1;ptx_tcgen05_ld=5;ptx_tcgen05_st=5;ptx_mbarrier_wait=5;ptx_cp_async_tma=2;ptx_ld_shared=26;ptx_ld_global=7
02_latency_throughput,lat_fp16_m128n128k16_same_d_in1_q24,1,,NVIDIA Thor,11.0,580.00,13.0,PTX ISA 9.3 / CUDA 13.0,1575.000,,,,fp16,128,128,16,24,21,120,5,discard,same,1,1,24,1,nocount,sw128,sw128,16,16,16,0,512,0,0,none,1,none,0,4,20,395957.0,251.40126984126982,395911.2,395960.0,787.7606965817195,752.5639915425807,8192,,21.021465179299774,21.021305910492316,21.02389699537346,0,0.0,1,bf14b28d2af4128daa99f23eec8a5e105636d0b04136f8be580fdc39d6f1f97d,same_d; UTCHMMA=21;UTCHMMA_WS=16;UTCBAR=1;UTCATOMSWS=3;SYNCS_TRYWAIT=8;LDS=21;LDG=9;ptx_tcgen05_mma=21;ptx_tcgen05_mma_ws=16;ptx_tcgen05_commit=1;ptx_tcgen05_alloc=1;ptx_tcgen05_dealloc=1;ptx_tcgen05_ld=5;ptx_tcgen05_st=5;ptx_mbarrier_wait=5;ptx_cp_async_tma=2;ptx_ld_shared=26;ptx_ld_global=7
02_latency_throughput,lat_bf16_m128n256k16_legal_ring_in1_q32,1,,NVIDIA Thor,11.0,580.00,13.0,PTX ISA 9.3 / CUDA 13.0,1575.000,,,,bf16,128,256,16,32,16,121,5,discard,same,2,2,32,1,nocount,sw128,sw128,16,16,16,0,512,0,256,none,1,none,0,4,20,460083.0,292.11619047619047,460081.2,460086.20000000007,782.1260899596709,874.2527859342456,12288,,36.757354060028305,36.757098404770005,36.75749786814278,0,0.0,1,bf14b28d2af4128daa99f23eec8a5e105636d0b04136f8be580fdc39d6f1f97d,legal_ring; UTCHMMA=21;UTCHMMA_WS=16;UTCBAR=1;UTCATOMSWS=3;SYNCS_TRYWAIT=8;LDS=21;LDG=9;ptx_tcgen05_mma=21;ptx_tcgen05_mma_ws=16;ptx_tcgen05_commit=1;ptx_tcgen05_alloc=1;ptx_tcgen05_dealloc=1;ptx_tcgen05_ld=5;ptx_tcgen05_st=5;ptx_mbarrier_wait=5;ptx_cp_async_tma=2;ptx_ld_shared=26;ptx_ld_global=7
02_latency_throughput,lat_bf16_m128n128k16_legal_ring_in0_q32,1,,NVIDIA Thor,11.0,580.00,13.0,PTX ISA 9.3 / CUDA 13.0,1575.000,,,,bf16,128,128,16,32,16,122,5,discard,same,4,4,32,1,nocount,sw128,sw128,16,16,16,0,512,0,128,none,0,none,0,4,20,460192.0,292.1853968253969,460189.2,460198.80000000005,781.095600264056,874.4672932168828,8192,,18.374323899589733,18.37405239781866,18.374435697504946,0,0.0,1,bf14b28d2af4128daa99f23eec8a5e105636d0b04136f8be580fdc39d6f1f97d,legal_ring; UTCHMMA=21;UTCHMMA_WS=16;UTCBAR=1;UTCATOMSWS=3;SYNCS_TRYWAIT=8;LDS=21;LDG=9;ptx_tcgen05_mma=21;ptx_tcgen05_mma_ws=16;ptx_tcgen05_commit=1;ptx_tcgen05_alloc=1;ptx_tcgen05_dealloc=1;ptx_tcgen05_ld=5;ptx_tcgen05_st=5;ptx_mbarrier_wait=5;ptx_cp_async_tma=2;ptx_ld_shared=26;ptx_ld_global=7
02_latency_throughput,lat_fp16_m128n256k16_same_d_in1_q6,1,,NVIDIA Thor,11.0,580.00,13.0,PTX ISA 9.3 / CUDA 13.0,1575.000,,,,fp16,128,256,16,6,85,123,5,discard,same,1,1,6,1,nocount,sw128,sw128,16,16,16,0,512,0,0,none,1,none,0,4,20,450695.0,286.15555555555557,450691.8,450695.6,785.4378661773553,752.8089947761537,12288,,37.37643736895239,37.376387610662064,37.37670274915056,0,0.0,1,bf14b28d2af4128daa99f23eec8a5e105636d0b04136f8be580fdc39d6f1f97d,same_d; UTCHMMA=21;UTCHMMA_WS=16;UTCBAR=1;UTCATOMSWS=3;SYNCS_TRYWAIT=8;LDS=21;LDG=9;ptx_tcgen05_mma=21;ptx_tcgen05_mma_ws=16;ptx_tcgen05_commit=1;ptx_tcgen05_alloc=1;ptx_tcgen05_dealloc=1;ptx_tcgen05_ld=5;ptx_tcgen05_st=5;ptx_mbarrier_wait=5;ptx_cp_async_tma=2;ptx_ld_shared=26;ptx_ld_global=7
02_latency_throughput,lat_fp16_m128n64k16_legal_ring_in0_q32,1,,NVIDIA Thor,11.0,580.00,13.0,PTX ISA 9.3 / CUDA 13.0,1575.000,,,,fp16,128,64,16,32,16,124,5,discard,same,8,8,32,1,nocount,sw128,sw128,16,16,16,0,512,0,64,none,0,none,0,4,20,460152.0,292.16,460148.4,460153.19999999995,780.9723385179677,874.3665016401734,6144,,9.18796056955093,9.187936608979722,9.188032452149766,0,0.0,1,bf14b28d2af4128daa99f23eec8a5e105636d0b04136f8be580fdc39d6f1f97d,legal_ring; UTCHMMA=21;UTCHMMA_WS=16;UTCBAR=1;UTCATOMSWS=3;SYNCS_TRYWAIT=8;LDS=21;LDG=9;ptx_tcgen05_mma=21;ptx_tcgen05_mma_ws=16;ptx_tcgen05_commit=1;ptx_tcgen05_alloc=1;ptx_tcgen05_dealloc=1;ptx_tcgen05_ld=5;ptx_tcgen05_st=5;ptx_mbarrier_wait=5;ptx_cp_async_tma=2;ptx_ld_shared=26;ptx_ld_global=7
02_latency_throughput,lat_fp16_m128n64k16_legal_ring_in1_q1,1,,NVIDIA Thor,11.0,580.00,13.0,PTX ISA 9.3 / CUDA 13.0,1575.000,,,,fp16,128,64,16,1,512,125,5,discard,same,8,8,1,1,nocount,sw128,sw128,16,16,16,0,512,0,64,none,1,none,0,4,20,841079.0,534.0184126984127,841075.4,841227.0,781.0013988701976,874.3625717017189,6144,,5.026707874052259,5.025823610122082,5.026729389542762,0,0.0,1,bf14b28d2af4128daa99f23eec8a5e105636d0b04136f8be580fdc39d6f1f97d,legal_ring; UTCHMMA=21;UTCHMMA_WS=16;UTCBAR=1;UTCATOMSWS=3;SYNCS_TRYWAIT=8;LDS=21;LDG=9;ptx_tcgen05_mma=21;ptx_tcgen05_mma_ws=16;ptx_tcgen05_commit=1;ptx_tcgen05_alloc=1;ptx_tcgen05_dealloc=1;ptx_tcgen05_ld=5;ptx_tcgen05_st=5;ptx_mbarrier_wait=5;ptx_cp_async_tma=2;ptx_ld_shared=26;ptx_ld_global=7
02_latency_throughput,lat_fp16_m128n256k16_same_d_in0_q12,1,,NVIDIA Thor,11.0,580.00,13.0,PTX ISA 9.3 / CUDA 13.0,1575.000,,,,fp16,128,256,16,12,42,126,5,discard,same,1,1,12,1,nocount,sw128,sw128,16,16,16,0,512,0,0,none,0,none,0,4,20,412506.0,261.90857142857146,412501.6,412507.6,785.4732699917931,752.8025746884518,12288,,40.35624348736745,40.35608695700026,40.356673953205714,0,0.0,1,bf14b28d2af4128daa99f23eec8a5e105636d0b04136f8be580fdc39d6f1f97d,same_d; UTCHMMA=21;UTCHMMA_WS=16;UTCBAR=1;UTCATOMSWS=3;SYNCS_TRYWAIT=8;LDS=21;LDG=9;ptx_tcgen05_mma=21;ptx_tcgen05_mma_ws=16;ptx_tcgen05_commit=1;ptx_tcgen05_alloc=1;ptx_tcgen05_dealloc=1;ptx_tcgen05_ld=5;ptx_tcgen05_st=5;ptx_mbarrier_wait=5;ptx_cp_async_tma=2;ptx_ld_shared=26;ptx_ld_global=7
02_latency_throughput,lat_bf16_m128n256k16_same_d_in1_q1,1,,NVIDIA Thor,11.0,580.00,13.0,PTX ISA 9.3 / CUDA 13.0,1575.000,,,,bf16,128,256,16,1,512,127,5,discard,same,1,1,1,1,nocount,sw128,sw128,16,16,16,0,512,0,0,none,1,none,0,4,20,779129.0,494.68507936507933,779122.0,779151.8,785.4692803828166,752.8134051879779,12288,,21.70556317118218,21.70492802256795,21.70575818421249,0,0.0,1,bf14b28d2af4128daa99f23eec8a5e105636d0b04136f8be580fdc39d6f1f97d,same_d; UTCHMMA=21;UTCHMMA_WS=16;UTCBAR=1;UTCATOMSWS=3;SYNCS_TRYWAIT=8;LDS=21;LDG=9;ptx_tcgen05_mma=21;ptx_tcgen05_mma_ws=16;ptx_tcgen05_commit=1;ptx_tcgen05_alloc=1;ptx_tcgen05_dealloc=1;ptx_tcgen05_ld=5;ptx_tcgen05_st=5;ptx_mbarrier_wait=5;ptx_cp_async_tma=2;ptx_ld_shared=26;ptx_ld_global=7
02_latency_throughput,lat_fp16_m128n256k16_same_d_in0_q24,1,,NVIDIA Thor,11.0,580.00,13.0,PTX ISA 9.3 / CUDA 13.0,1575.000,,,,fp16,128,256,16,24,21,128,5,discard,same,1,1,24,1,nocount,sw128,sw128,16,16,16,0,512,0,0,none,0,none,0,4,20,395940.0,251.3904761904762,395935.4,395959.2,785.4732699917931,752.8025746884518,12288,,42.0447355053796,42.04269682860017,42.045223985825714,0,0.0,1,bf14b28d2af4128daa99f23eec8a5e105636d0b04136f8be580fdc39d6f1f97d,same_d; UTCHMMA=21;UTCHMMA_WS=16;UTCBAR=1;UTCATOMSWS=3;SYNCS_TRYWAIT=8;LDS=21;LDG=9;ptx_tcgen05_mma=21;ptx_tcgen05_mma_ws=16;ptx_tcgen05_commit=1;ptx_tcgen05_alloc=1;ptx_tcgen05_dealloc=1;ptx_tcgen05_ld=5;ptx_tcgen05_st=5;ptx_mbarrier_wait=5;ptx_cp_async_tma=2;ptx_ld_shared=26;ptx_ld_global=7
02_latency_throughput,lat_bf16_m128n256k16_legal_ring_in0_q8,1,,NVIDIA Thor,11.0,580.00,13.0,PTX ISA 9.3 / CUDA 13.0,1575.000,,,,bf16,128,256,16,8,64,129,5,discard,same,2,2,8,1,nocount,sw128,sw128,16,16,16,0,512,0,256,none,0,none,0,4,20,497583.0,315.92571428571426,497580.80000000005,497590.2,782.0351892886574,874.2602903897068,12288,,33.987161394179466,33.986669610461064,33.98731166489055,0,0.0,1,bf14b28d2af4128daa99f23eec8a5e105636d0b04136f8be580fdc39d6f1f97d,legal_ring; UTCHMMA=21;UTCHMMA_WS=16;UTCBAR=1;UTCATOMSWS=3;SYNCS_TRYWAIT=8;LDS=21;LDG=9;ptx_tcgen05_mma=21;ptx_tcgen05_mma_ws=16;ptx_tcgen05_commit=1;ptx_tcgen05_alloc=1;ptx_tcgen05_dealloc=1;ptx_tcgen05_ld=5;ptx_tcgen05_st=5;ptx_mbarrier_wait=5;ptx_cp_async_tma=2;ptx_ld_shared=26;ptx_ld_global=7
02_latency_throughput,lat_fp16_m128n128k16_legal_ring_in1_q6,1,,NVIDIA Thor,11.0,580.00,13.0,PTX ISA 9.3 / CUDA 13.0,1575.000,,,,fp16,128,128,16,6,85,130,5,discard,same,4,4,6,1,nocount,sw128,sw128,16,16,16,0,512,0,128,none,1,none,0,4,20,512319.0,325.28190476190474,512317.19999999995,512322.2,781.0459748557623,874.4691603716302,8192,,16.44031691192402,16.440214224624285,16.44037467426297,0,0.0,1,bf14b28d2af4128daa99f23eec8a5e105636d0b04136f8be580fdc39d6f1f97d,legal_ring; UTCHMMA=21;UTCHMMA_WS=16;UTCBAR=1;UTCATOMSWS=3;SYNCS_TRYWAIT=8;LDS=21;LDG=9;ptx_tcgen05_mma=21;ptx_tcgen05_mma_ws=16;ptx_tcgen05_commit=1;ptx_tcgen05_alloc=1;ptx_tcgen05_dealloc=1;ptx_tcgen05_ld=5;ptx_tcgen05_st=5;ptx_mbarrier_wait=5;ptx_cp_async_tma=2;ptx_ld_shared=26;ptx_ld_global=7
02_latency_throughput,lat_fp16_m128n64k16_legal_ring_in0_q16,1,,NVIDIA Thor,11.0,580.00,13.0,PTX ISA 9.3 / CUDA 13.0,1575.000,,,,fp16,128,64,16,16,32,131,5,discard,same,8,8,16,1,nocount,sw128,sw128,16,16,16,0,512,0,64,none,0,none,0,4,20,472630.0,300.0825396825397,472625.4,472641.19999999995,780.9723385179677,874.3665016401734,6144,,8.945387368554684,8.945175393559786,8.945474433163199,0,0.0,1,bf14b28d2af4128daa99f23eec8a5e105636d0b04136f8be580fdc39d6f1f97d,legal_ring; UTCHMMA=21;UTCHMMA_WS=16;UTCBAR=1;UTCATOMSWS=3;SYNCS_TRYWAIT=8;LDS=21;LDG=9;ptx_tcgen05_mma=21;ptx_tcgen05_mma_ws=16;ptx_tcgen05_commit=1;ptx_tcgen05_alloc=1;ptx_tcgen05_dealloc=1;ptx_tcgen05_ld=5;ptx_tcgen05_st=5;ptx_mbarrier_wait=5;ptx_cp_async_tma=2;ptx_ld_shared=26;ptx_ld_global=7
02_latency_throughput,lat_bf16_m128n128k16_legal_ring_in1_q24,1,,NVIDIA Thor,11.0,580.00,13.0,PTX ISA 9.3 / CUDA 13.0,1575.000,,,,bf16,128,128,16,24,21,132,5,discard,same,4,4,24,1,nocount,sw128,sw128,16,16,16,0,512,0,128,none,1,none,0,4,20,457115.0,290.23174603174607,457111.0,457118.4,781.0100084045298,874.4678960754948,8192,,18.208976489504828,18.20884105333096,18.209135829153094,0,0.0,1,bf14b28d2af4128daa99f23eec8a5e105636d0b04136f8be580fdc39d6f1f97d,legal_ring; UTCHMMA=21;UTCHMMA_WS=16;UTCBAR=1;UTCATOMSWS=3;SYNCS_TRYWAIT=8;LDS=21;LDG=9;ptx_tcgen05_mma=21;ptx_tcgen05_mma_ws=16;ptx_tcgen05_commit=1;ptx_tcgen05_alloc=1;ptx_tcgen05_dealloc=1;ptx_tcgen05_ld=5;ptx_tcgen05_st=5;ptx_mbarrier_wait=5;ptx_cp_async_tma=2;ptx_ld_shared=26;ptx_ld_global=7
02_latency_throughput,lat_fp16_m128n256k16_legal_ring_in0_q4,1,,NVIDIA Thor,11.0,580.00,13.0,PTX ISA 9.3 / CUDA 13.0,1575.000,,,,fp16,128,256,16,4,128,133,5,discard,same,2,2,4,1,nocount,sw128,sw128,16,16,16,0,512,0,256,none,0,none,0,4,20,547816.0,347.8196825396825,547813.4,547821.2,782.1524727342985,874.2524986615206,12288,,30.87064585189188,30.870352824357095,30.870792368374936,0,0.0,1,bf14b28d2af4128daa99f23eec8a5e105636d0b04136f8be580fdc39d6f1f97d,legal_ring; UTCHMMA=21;UTCHMMA_WS=16;UTCBAR=1;UTCATOMSWS=3;SYNCS_TRYWAIT=8;LDS=21;LDG=9;ptx_tcgen05_mma=21;ptx_tcgen05_mma_ws=16;ptx_tcgen05_commit=1;ptx_tcgen05_alloc=1;ptx_tcgen05_dealloc=1;ptx_tcgen05_ld=5;ptx_tcgen05_st=5;ptx_mbarrier_wait=5;ptx_cp_async_tma=2;ptx_ld_shared=26;ptx_ld_global=7
02_latency_throughput,lat_fp16_m128n256k16_same_d_in1_q64,1,,NVIDIA Thor,11.0,580.00,13.0,PTX ISA 9.3 / CUDA 13.0,1575.000,,,,fp16,128,256,16,64,8,134,5,discard,same,1,1,64,1,nocount,sw128,sw128,16,16,16,0,512,0,0,none,1,none,0,4,20,391701.0,248.6990476190476,391698.0,391702.8,785.4378661773553,752.8089947761537,12288,,43.174344022609084,43.17414562325844,43.17467469494699,0,0.0,1,bf14b28d2af4128daa99f23eec8a5e105636d0b04136f8be580fdc39d6f1f97d,same_d; UTCHMMA=21;UTCHMMA_WS=16;UTCBAR=1;UTCATOMSWS=3;SYNCS_TRYWAIT=8;LDS=21;LDG=9;ptx_tcgen05_mma=21;ptx_tcgen05_mma_ws=16;ptx_tcgen05_commit=1;ptx_tcgen05_alloc=1;ptx_tcgen05_dealloc=1;ptx_tcgen05_ld=5;ptx_tcgen05_st=5;ptx_mbarrier_wait=5;ptx_cp_async_tma=2;ptx_ld_shared=26;ptx_ld_global=7
02_latency_throughput,lat_fp16_m128n128k16_legal_ring_in1_q64,1,,NVIDIA Thor,11.0,580.00,13.0,PTX ISA 9.3 / CUDA 13.0,1575.000,,,,fp16,128,128,16,64,8,135,5,discard,same,4,4,64,1,nocount,sw128,sw128,16,16,16,0,512,0,128,none,1,none,0,4,20,453984.0,288.2438095238095,453979.39999999997,453984.6,781.0459748557623,874.4691603716302,8192,,18.625583421442165,18.62555880532037,18.62577214739225,0,0.0,1,bf14b28d2af4128daa99f23eec8a5e105636d0b04136f8be580fdc39d6f1f97d,legal_ring; UTCHMMA=21;UTCHMMA_WS=16;UTCBAR=1;UTCATOMSWS=3;SYNCS_TRYWAIT=8;LDS=21;LDG=9;ptx_tcgen05_mma=21;ptx_tcgen05_mma_ws=16;ptx_tcgen05_commit=1;ptx_tcgen05_alloc=1;ptx_tcgen05_dealloc=1;ptx_tcgen05_ld=5;ptx_tcgen05_st=5;ptx_mbarrier_wait=5;ptx_cp_async_tma=2;ptx_ld_shared=26;ptx_ld_global=7
02_latency_throughput,lat_bf16_m128n64k16_same_d_in0_q32,1,,NVIDIA Thor,11.0,580.00,13.0,PTX ISA 9.3 / CUDA 13.0,1575.000,,,,bf16,128,64,16,32,16,136,5,discard,same,1,1,32,1,nocount,sw128,sw128,16,16,16,0,512,0,0,none,0,none,0,4,20,398064.0,252.73904761904762,398059.4,398072.2,785.5632909254637,752.8588489741785,6144,,10.621051971542263,10.620833185602041,10.621174709117293,0,0.0,1,bf14b28d2af4128daa99f23eec8a5e105636d0b04136f8be580fdc39d6f1f97d,same_d; UTCHMMA=21;UTCHMMA_WS=16;UTCBAR=1;UTCATOMSWS=3;SYNCS_TRYWAIT=8;LDS=21;LDG=9;ptx_tcgen05_mma=21;ptx_tcgen05_mma_ws=16;ptx_tcgen05_commit=1;ptx_tcgen05_alloc=1;ptx_tcgen05_dealloc=1;ptx_tcgen05_ld=5;ptx_tcgen05_st=5;ptx_mbarrier_wait=5;ptx_cp_async_tma=2;ptx_ld_shared=26;ptx_ld_global=7
02_latency_throughput,lat_bf16_m128n64k16_same_d_in1_q1,1,,NVIDIA Thor,11.0,580.00,13.0,PTX ISA 9.3 / CUDA 13.0,1575.000,,,,bf16,128,64,16,1,512,137,5,discard,same,1,1,1,1,nocount,sw128,sw128,16,16,16,0,512,0,0,none,1,none,0,4,20,779124.0,494.6819047619048,779122.4,779125.2,785.8454581051265,752.8594261530949,6144,,5.4264256164615645,5.426417258749538,5.426436760131235,0,0.0,1,bf14b28d2af4128daa99f23eec8a5e105636d0b04136f8be580fdc39d6f1f97d,same_d; UTCHMMA=21;UTCHMMA_WS=16;UTCBAR=1;UTCATOMSWS=3;SYNCS_TRYWAIT=8;LDS=21;LDG=9;ptx_tcgen05_mma=21;ptx_tcgen05_mma_ws=16;ptx_tcgen05_commit=1;ptx_tcgen05_alloc=1;ptx_tcgen05_dealloc=1;ptx_tcgen05_ld=5;ptx_tcgen05_st=5;ptx_mbarrier_wait=5;ptx_cp_async_tma=2;ptx_ld_shared=26;ptx_ld_global=7
02_latency_throughput,lat_bf16_m128n256k16_same_d_in0_q1,1,,NVIDIA Thor,11.0,580.00,13.0,PTX ISA 9.3 / CUDA 13.0,1575.000,,,,bf16,128,256,16,1,512,138,5,discard,same,1,1,1,1,nocount,sw128,sw128,16,16,16,0,512,0,0,none,0,none,0,4,20,779122.0,494.6806349206349,779118.2,779127.6,785.412469759447,752.808329126516,12288,,21.70575818421249,21.70560217351649,21.70586404997364,0,0.0,1,bf14b28d2af4128daa99f23eec8a5e105636d0b04136f8be580fdc39d6f1f97d,same_d; UTCHMMA=21;UTCHMMA_WS=16;UTCBAR=1;UTCATOMSWS=3;SYNCS_TRYWAIT=8;LDS=21;LDG=9;ptx_tcgen05_mma=21;ptx_tcgen05_mma_ws=16;ptx_tcgen05_commit=1;ptx_tcgen05_alloc=1;ptx_tcgen05_dealloc=1;ptx_tcgen05_ld=5;ptx_tcgen05_st=5;ptx_mbarrier_wait=5;ptx_cp_async_tma=2;ptx_ld_shared=26;ptx_ld_global=7
02_latency_throughput,commit_prefix_c4_p4,1,,NVIDIA Thor,11.0,580.00,13.0,PTX ISA 9.3 / CUDA 13.0,1575.000,,,,bf16,128,128,16,16,128,139,5,discard,same,4,4,4,4,count,sw128,sw128,16,16,16,0,512,0,128,none,0,none,0,4,20,2184153.0,1386.7638095238096,2184152.4,2184156.4000000004,,,8192,,15.485576081895362,15.485551976052275,15.48558033587844,0,0.0,1,bf14b28d2af4128daa99f23eec8a5e105636d0b04136f8be580fdc39d6f1f97d,commit prefix scan; pending_mbarriers is prefix tracking count; UTCHMMA=21;UTCHMMA_WS=16;UTCBAR=1;UTCATOMSWS=3;SYNCS_TRYWAIT=8;LDS=21;LDG=9;ptx_tcgen05_mma=21;ptx_tcgen05_mma_ws=16;ptx_tcgen05_commit=1;ptx_tcgen05_alloc=1;ptx_tcgen05_dealloc=1;ptx_tcgen05_ld=5;ptx_tcgen05_st=5;ptx_mbarrier_wait=5;ptx_cp_async_tma=2;ptx_ld_shared=26;ptx_ld_global=7
02_latency_throughput,lat_bf16_m128n64k16_same_d_in0_q1,1,,NVIDIA Thor,11.0,580.00,13.0,PTX ISA 9.3 / CUDA 13.0,1575.000,,,,bf16,128,64,16,1,512,140,5,discard,same,1,1,1,1,nocount,sw128,sw128,16,16,16,0,512,0,0,none,0,none,0,4,20,779126.0,494.68317460317456,779122.4,779130.6,785.5632909254637,752.8588489741785,6144,,5.426411686941521,5.426379649394049,5.426436760131235,0,0.0,1,bf14b28d2af4128daa99f23eec8a5e105636d0b04136f8be580fdc39d6f1f97d,same_d; UTCHMMA=21;UTCHMMA_WS=16;UTCBAR=1;UTCATOMSWS=3;SYNCS_TRYWAIT=8;LDS=21;LDG=9;ptx_tcgen05_mma=21;ptx_tcgen05_mma_ws=16;ptx_tcgen05_commit=1;ptx_tcgen05_alloc=1;ptx_tcgen05_dealloc=1;ptx_tcgen05_ld=5;ptx_tcgen05_st=5;ptx_mbarrier_wait=5;ptx_cp_async_tma=2;ptx_ld_shared=26;ptx_ld_global=7
02_latency_throughput,lat_fp16_m128n256k16_legal_ring_in1_q12,1,,NVIDIA Thor,11.0,580.00,13.0,PTX ISA 9.3 / CUDA 13.0,1575.000,,,,fp16,128,256,16,12,42,141,5,discard,same,2,2,12,1,nocount,sw128,sw128,16,16,16,0,512,0,256,none,1,none,0,4,20,473511.0,300.64190476190475,473509.39999999997,473517.2,782.1123965082807,874.2600760516125,12288,,35.15692893301317,35.15646860572599,35.157047729185145,0,0.0,1,bf14b28d2af4128daa99f23eec8a5e105636d0b04136f8be580fdc39d6f1f97d,legal_ring; UTCHMMA=21;UTCHMMA_WS=16;UTCBAR=1;UTCATOMSWS=3;SYNCS_TRYWAIT=8;LDS=21;LDG=9;ptx_tcgen05_mma=21;ptx_tcgen05_mma_ws=16;ptx_tcgen05_commit=1;ptx_tcgen05_alloc=1;ptx_tcgen05_dealloc=1;ptx_tcgen05_ld=5;ptx_tcgen05_st=5;ptx_mbarrier_wait=5;ptx_cp_async_tma=2;ptx_ld_shared=26;ptx_ld_global=7
02_latency_throughput,lat_bf16_m128n128k16_legal_ring_in1_q3,1,,NVIDIA Thor,11.0,580.00,13.0,PTX ISA 9.3 / CUDA 13.0,1575.000,,,,bf16,128,128,16,3,170,142,5,discard,same,4,4,3,1,nocount,sw128,sw128,16,16,16,0,512,0,128,none,1,none,0,4,20,578874.0,367.5390476190476,578874.0,578885.8,781.0100084045298,874.4678960754948,8192,,14.550120958965165,14.549824371265364,14.550120958965167,0,0.0,1,bf14b28d2af4128daa99f23eec8a5e105636d0b04136f8be580fdc39d6f1f97d,legal_ring; UTCHMMA=21;UTCHMMA_WS=16;UTCBAR=1;UTCATOMSWS=3;SYNCS_TRYWAIT=8;LDS=21;LDG=9;ptx_tcgen05_mma=21;ptx_tcgen05_mma_ws=16;ptx_tcgen05_commit=1;ptx_tcgen05_alloc=1;ptx_tcgen05_dealloc=1;ptx_tcgen05_ld=5;ptx_tcgen05_st=5;ptx_mbarrier_wait=5;ptx_cp_async_tma=2;ptx_ld_shared=26;ptx_ld_global=7
02_latency_throughput,lat_fp16_m128n64k16_same_d_in1_q2,1,,NVIDIA Thor,11.0,580.00,13.0,PTX ISA 9.3 / CUDA 13.0,1575.000,,,,fp16,128,64,16,2,256,143,5,discard,same,1,1,2,1,nocount,sw128,sw128,16,16,16,0,512,0,0,none,1,none,0,4,20,586097.0,372.12507936507933,586093.4,586104.8,785.6074052530239,752.858392250107,6144,,7.2135814242352385,7.213485424772232,7.2136257326954265,0,0.0,1,bf14b28d2af4128daa99f23eec8a5e105636d0b04136f8be580fdc39d6f1f97d,same_d; UTCHMMA=21;UTCHMMA_WS=16;UTCBAR=1;UTCATOMSWS=3;SYNCS_TRYWAIT=8;LDS=21;LDG=9;ptx_tcgen05_mma=21;ptx_tcgen05_mma_ws=16;ptx_tcgen05_commit=1;ptx_tcgen05_alloc=1;ptx_tcgen05_dealloc=1;ptx_tcgen05_ld=5;ptx_tcgen05_st=5;ptx_mbarrier_wait=5;ptx_cp_async_tma=2;ptx_ld_shared=26;ptx_ld_global=7
02_latency_throughput,lat_fp16_m128n256k16_same_d_in1_q12,1,,NVIDIA Thor,11.0,580.00,13.0,PTX ISA 9.3 / CUDA 13.0,1575.000,,,,fp16,128,256,16,12,42,144,5,discard,same,1,1,12,1,nocount,sw128,sw128,16,16,16,0,512,0,0,none,1,none,0,4,20,412505.0,261.9079365079365,412501.4,412509.6,785.4378661773553,752.8089947761537,12288,,40.35634131949916,40.35589129567768,40.35669351915771,0,0.0,1,bf14b28d2af4128daa99f23eec8a5e105636d0b04136f8be580fdc39d6f1f97d,same_d; UTCHMMA=21;UTCHMMA_WS=16;UTCBAR=1;UTCATOMSWS=3;SYNCS_TRYWAIT=8;LDS=21;LDG=9;ptx_tcgen05_mma=21;ptx_tcgen05_mma_ws=16;ptx_tcgen05_commit=1;ptx_tcgen05_alloc=1;ptx_tcgen05_dealloc=1;ptx_tcgen05_ld=5;ptx_tcgen05_st=5;ptx_mbarrier_wait=5;ptx_cp_async_tma=2;ptx_ld_shared=26;ptx_ld_global=7
02_latency_throughput,lat_bf16_m128n128k16_same_d_in1_q16,1,,NVIDIA Thor,11.0,580.00,13.0,PTX ISA 9.3 / CUDA 13.0,1575.000,,,,bf16,128,128,16,16,32,145,5,discard,same,1,1,16,1,nocount,sw128,sw128,16,16,16,0,512,0,0,none,1,none,0,4,20,410657.0,260.7346031746032,410654.6,410709.8,787.5153553462314,752.5721318436277,8192,,20.59070432015039,20.58805744876278,20.590824659440177,0,0.0,1,bf14b28d2af4128daa99f23eec8a5e105636d0b04136f8be580fdc39d6f1f97d,same_d; UTCHMMA=21;UTCHMMA_WS=16;UTCBAR=1;UTCATOMSWS=3;SYNCS_TRYWAIT=8;LDS=21;LDG=9;ptx_tcgen05_mma=21;ptx_tcgen05_mma_ws=16;ptx_tcgen05_commit=1;ptx_tcgen05_alloc=1;ptx_tcgen05_dealloc=1;ptx_tcgen05_ld=5;ptx_tcgen05_st=5;ptx_mbarrier_wait=5;ptx_cp_async_tma=2;ptx_ld_shared=26;ptx_ld_global=7
02_latency_throughput,lat_bf16_m128n64k16_legal_ring_in0_q16,1,,NVIDIA Thor,11.0,580.00,13.0,PTX ISA 9.3 / CUDA 13.0,1575.000,,,,bf16,128,64,16,16,32,146,5,discard,same,8,8,16,1,nocount,sw128,sw128,16,16,16,0,512,0,64,none,0,none,0,4,20,472636.0,300.0863492063492,472631.8,472647.0,780.9607439667889,874.3618246594358,6144,,8.94527380902005,8.945065624268329,8.945353300429996,0,0.0,1,bf14b28d2af4128daa99f23eec8a5e105636d0b04136f8be580fdc39d6f1f97d,legal_ring; UTCHMMA=21;UTCHMMA_WS=16;UTCBAR=1;UTCATOMSWS=3;SYNCS_TRYWAIT=8;LDS=21;LDG=9;ptx_tcgen05_mma=21;ptx_tcgen05_mma_ws=16;ptx_tcgen05_commit=1;ptx_tcgen05_alloc=1;ptx_tcgen05_dealloc=1;ptx_tcgen05_ld=5;ptx_tcgen05_st=5;ptx_mbarrier_wait=5;ptx_cp_async_tma=2;ptx_ld_shared=26;ptx_ld_global=7
02_latency_throughput,lat_bf16_m128n128k16_same_d_in0_q1,1,,NVIDIA Thor,11.0,580.00,13.0,PTX ISA 9.3 / CUDA 13.0,1575.000,,,,bf16,128,128,16,1,512,147,5,discard,same,1,1,1,1,nocount,sw128,sw128,16,16,16,0,512,0,0,none,0,none,0,4,20,779123.0,494.68126984126985,779121.8,779129.0,787.4689710674247,752.5719016281445,8192,,10.852865162496807,10.852781586020166,10.852881878049585,0,0.0,1,bf14b28d2af4128daa99f23eec8a5e105636d0b04136f8be580fdc39d6f1f97d,same_d; UTCHMMA=21;UTCHMMA_WS=16;UTCBAR=1;UTCATOMSWS=3;SYNCS_TRYWAIT=8;LDS=21;LDG=9;ptx_tcgen05_mma=21;ptx_tcgen05_mma_ws=16;ptx_tcgen05_commit=1;ptx_tcgen05_alloc=1;ptx_tcgen05_dealloc=1;ptx_tcgen05_ld=5;ptx_tcgen05_st=5;ptx_mbarrier_wait=5;ptx_cp_async_tma=2;ptx_ld_shared=26;ptx_ld_global=7
02_latency_throughput,lat_fp16_m128n256k16_same_d_in1_q8,1,,NVIDIA Thor,11.0,580.00,13.0,PTX ISA 9.3 / CUDA 13.0,1575.000,,,,fp16,128,256,16,8,64,148,5,discard,same,1,1,8,1,nocount,sw128,sw128,16,16,16,0,512,0,0,none,1,none,0,4,20,435695.0,276.63174603174605,435692.4,435697.80000000005,785.4378661773553,752.8089947761537,12288,,38.81484462295872,38.814595180862575,38.81507625109224,0,0.0,1,bf14b28d2af4128daa99f23eec8a5e105636d0b04136f8be580fdc39d6f1f97d,same_d; UTCHMMA=21;UTCHMMA_WS=16;UTCBAR=1;UTCATOMSWS=3;SYNCS_TRYWAIT=8;LDS=21;LDG=9;ptx_tcgen05_mma=21;ptx_tcgen05_mma_ws=16;ptx_tcgen05_commit=1;ptx_tcgen05_alloc=1;ptx_tcgen05_dealloc=1;ptx_tcgen05_ld=5;ptx_tcgen05_st=5;ptx_mbarrier_wait=5;ptx_cp_async_tma=2;ptx_ld_shared=26;ptx_ld_global=7
02_latency_throughput,lat_bf16_m128n256k16_legal_ring_in1_q2,1,,NVIDIA Thor,11.0,580.00,13.0,PTX ISA 9.3 / CUDA 13.0,1575.000,,,,bf16,128,256,16,2,256,149,5,discard,same,2,2,2,1,nocount,sw128,sw128,16,16,16,0,512,0,256,none,1,none,0,4,20,648045.0,411.45714285714286,648040.0,648047.6,782.1260899596709,874.2527859342456,12288,,26.09607932782446,26.095974629039077,26.09628067440531,0,0.0,1,bf14b28d2af4128daa99f23eec8a5e105636d0b04136f8be580fdc39d6f1f97d,legal_ring; UTCHMMA=21;UTCHMMA_WS=16;UTCBAR=1;UTCATOMSWS=3;SYNCS_TRYWAIT=8;LDS=21;LDG=9;ptx_tcgen05_mma=21;ptx_tcgen05_mma_ws=16;ptx_tcgen05_commit=1;ptx_tcgen05_alloc=1;ptx_tcgen05_dealloc=1;ptx_tcgen05_ld=5;ptx_tcgen05_st=5;ptx_mbarrier_wait=5;ptx_cp_async_tma=2;ptx_ld_shared=26;ptx_ld_global=7
02_latency_throughput,lat_fp16_m128n256k16_legal_ring_in0_q32,1,,NVIDIA Thor,11.0,580.00,13.0,PTX ISA 9.3 / CUDA 13.0,1575.000,,,,fp16,128,256,16,32,16,150,5,discard,same,2,2,32,1,nocount,sw128,sw128,16,16,16,0,512,0,256,none,0,none,0,4,20,460085.0,292.1174603174603,460084.39999999997,460086.0,782.1524727342985,874.2524986615206,12288,,36.75719427497093,36.75711438296318,36.75724221038395,0,0.0,1,bf14b28d2af4128daa99f23eec8a5e105636d0b04136f8be580fdc39d6f1f97d,legal_ring; UTCHMMA=21;UTCHMMA_WS=16;UTCBAR=1;UTCATOMSWS=3;SYNCS_TRYWAIT=8;LDS=21;LDG=9;ptx_tcgen05_mma=21;ptx_tcgen05_mma_ws=16;ptx_tcgen05_commit=1;ptx_tcgen05_alloc=1;ptx_tcgen05_dealloc=1;ptx_tcgen05_ld=5;ptx_tcgen05_st=5;ptx_mbarrier_wait=5;ptx_cp_async_tma=2;ptx_ld_shared=26;ptx_ld_global=7
02_latency_throughput,lat_fp16_m128n128k16_legal_ring_in1_q24,1,,NVIDIA Thor,11.0,580.00,13.0,PTX ISA 9.3 / CUDA 13.0,1575.000,,,,fp16,128,128,16,24,21,151,5,discard,same,4,4,24,1,nocount,sw128,sw128,16,16,16,0,512,0,128,none,1,none,0,4,20,457114.0,290.2311111111111,457111.0,457118.6,781.0459748557623,874.4691603716302,8192,,18.209016324155463,18.208833086226548,18.209135829153094,0,0.0,1,bf14b28d2af4128daa99f23eec8a5e105636d0b04136f8be580fdc39d6f1f97d,legal_ring; UTCHMMA=21;UTCHMMA_WS=16;UTCBAR=1;UTCATOMSWS=3;SYNCS_TRYWAIT=8;LDS=21;LDG=9;ptx_tcgen05_mma=21;ptx_tcgen05_mma_ws=16;ptx_tcgen05_commit=1;ptx_tcgen05_alloc=1;ptx_tcgen05_dealloc=1;ptx_tcgen05_ld=5;ptx_tcgen05_st=5;ptx_mbarrier_wait=5;ptx_cp_async_tma=2;ptx_ld_shared=26;ptx_ld_global=7
02_latency_throughput,lat_fp16_m128n128k16_same_d_in0_q6,1,,NVIDIA Thor,11.0,580.00,13.0,PTX ISA 9.3 / CUDA 13.0,1575.000,,,,fp16,128,128,16,6,85,152,5,discard,same,1,1,6,1,nocount,sw128,sw128,16,16,16,0,512,0,0,none,0,none,0,4,20,450693.0,286.1542857142857,450692.4,450699.2,787.5308033513866,752.5684480252465,8192,,18.68830161551211,18.68804453178485,18.688326494988495,0,0.0,1,bf14b28d2af4128daa99f23eec8a5e105636d0b04136f8be580fdc39d6f1f97d,same_d; UTCHMMA=21;UTCHMMA_WS=16;UTCBAR=1;UTCATOMSWS=3;SYNCS_TRYWAIT=8;LDS=21;LDG=9;ptx_tcgen05_mma=21;ptx_tcgen05_mma_ws=16;ptx_tcgen05_commit=1;ptx_tcgen05_alloc=1;ptx_tcgen05_dealloc=1;ptx_tcgen05_ld=5;ptx_tcgen05_st=5;ptx_mbarrier_wait=5;ptx_cp_async_tma=2;ptx_ld_shared=26;ptx_ld_global=7
02_latency_throughput,lat_bf16_m128n256k16_legal_ring_in1_q24,1,,NVIDIA Thor,11.0,580.00,13.0,PTX ISA 9.3 / CUDA 13.0,1575.000,,,,bf16,128,256,16,24,21,153,5,discard,same,2,2,24,1,nocount,sw128,sw128,16,16,16,0,512,0,256,none,1,none,0,4,20,457070.0,290.2031746031746,457066.8,457079.19999999995,782.1260899596709,874.2527859342456,12288,,36.421538442689304,36.42080535919609,36.421793436050265,0,0.0,1,bf14b28d2af4128daa99f23eec8a5e105636d0b04136f8be580fdc39d6f1f97d,legal_ring; UTCHMMA=21;UTCHMMA_WS=16;UTCBAR=1;UTCATOMSWS=3;SYNCS_TRYWAIT=8;LDS=21;LDG=9;ptx_tcgen05_mma=21;ptx_tcgen05_mma_ws=16;ptx_tcgen05_commit=1;ptx_tcgen05_alloc=1;ptx_tcgen05_dealloc=1;ptx_tcgen05_ld=5;ptx_tcgen05_st=5;ptx_mbarrier_wait=5;ptx_cp_async_tma=2;ptx_ld_shared=26;ptx_ld_global=7
02_latency_throughput,lat_bf16_m128n128k16_legal_ring_in0_q1,1,,NVIDIA Thor,11.0,580.00,13.0,PTX ISA 9.3 / CUDA 13.0,1575.000,,,,bf16,128,128,16,1,512,154,5,discard,same,4,4,1,1,nocount,sw128,sw128,16,16,16,0,512,0,128,none,0,none,0,4,20,841077.0,534.0171428571429,841074.2,841329.0,781.095600264056,874.4672932168828,8192,,10.053439654157703,10.050428386517046,10.053473122853868,0,0.0,1,bf14b28d2af4128daa99f23eec8a5e105636d0b04136f8be580fdc39d6f1f97d,legal_ring; UTCHMMA=21;UTCHMMA_WS=16;UTCBAR=1;UTCATOMSWS=3;SYNCS_TRYWAIT=8;LDS=21;LDG=9;ptx_tcgen05_mma=21;ptx_tcgen05_mma_ws=16;ptx_tcgen05_commit=1;ptx_tcgen05_alloc=1;ptx_tcgen05_dealloc=1;ptx_tcgen05_ld=5;ptx_tcgen05_st=5;ptx_mbarrier_wait=5;ptx_cp_async_tma=2;ptx_ld_shared=26;ptx_ld_global=7
02_latency_throughput,lat_bf16_m128n128k16_same_d_in1_q24,1,,NVIDIA Thor,11.0,580.00,13.0,PTX ISA 9.3 / CUDA 13.0,1575.000,,,,bf16,128,128,16,24,21,155,5,discard,same,1,1,24,1,nocount,sw128,sw128,16,16,16,0,512,0,0,none,1,none,0,4,20,395912.0,251.3726984126984,395909.80000000005,395940.2,787.5153553462314,752.5721318436277,8192,,21.023854513124128,21.022357190501708,21.023971339054953,0,0.0,1,bf14b28d2af4128daa99f23eec8a5e105636d0b04136f8be580fdc39d6f1f97d,same_d; UTCHMMA=21;UTCHMMA_WS=16;UTCBAR=1;UTCATOMSWS=3;SYNCS_TRYWAIT=8;LDS=21;LDG=9;ptx_tcgen05_mma=21;ptx_tcgen05_mma_ws=16;ptx_tcgen05_commit=1;ptx_tcgen05_alloc=1;ptx_tcgen05_dealloc=1;ptx_tcgen05_ld=5;ptx_tcgen05_st=5;ptx_mbarrier_wait=5;ptx_cp_async_tma=2;ptx_ld_shared=26;ptx_ld_global=7
02_latency_throughput,lat_bf16_m128n256k16_legal_ring_in1_q4,1,,NVIDIA Thor,11.0,580.00,13.0,PTX ISA 9.3 / CUDA 13.0,1575.000,,,,bf16,128,256,16,4,128,156,5,discard,same,2,2,4,1,nocount,sw128,sw128,16,16,16,0,512,0,256,none,1,none,0,4,20,547819.0,347.82158730158733,547816.4,547820.6,782.1260899596709,874.2527859342456,12288,,30.870476796168077,30.870386633897162,30.870623311046412,0,0.0,1,bf14b28d2af4128daa99f23eec8a5e105636d0b04136f8be580fdc39d6f1f97d,legal_ring; UTCHMMA=21;UTCHMMA_WS=16;UTCBAR=1;UTCATOMSWS=3;SYNCS_TRYWAIT=8;LDS=21;LDG=9;ptx_tcgen05_mma=21;ptx_tcgen05_mma_ws=16;ptx_tcgen05_commit=1;ptx_tcgen05_alloc=1;ptx_tcgen05_dealloc=1;ptx_tcgen05_ld=5;ptx_tcgen05_st=5;ptx_mbarrier_wait=5;ptx_cp_async_tma=2;ptx_ld_shared=26;ptx_ld_global=7
02_latency_throughput,lat_fp16_m128n128k16_same_d_in1_q1,1,,NVIDIA Thor,11.0,580.00,13.0,PTX ISA 9.3 / CUDA 13.0,1575.000,,,,fp16,128,128,16,1,512,157,5,discard,same,1,1,1,1,nocount,sw128,sw128,16,16,16,0,512,0,0,none,1,none,0,4,20,779123.0,494.68126984126985,779122.0,779123.6000000001,787.7606965817195,752.5639915425807,8192,,10.852865162496807,10.852856804752602,10.852879092106244,0,0.0,1,bf14b28d2af4128daa99f23eec8a5e105636d0b04136f8be580fdc39d6f1f97d,same_d; UTCHMMA=21;UTCHMMA_WS=16;UTCBAR=1;UTCATOMSWS=3;SYNCS_TRYWAIT=8;LDS=21;LDG=9;ptx_tcgen05_mma=21;ptx_tcgen05_mma_ws=16;ptx_tcgen05_commit=1;ptx_tcgen05_alloc=1;ptx_tcgen05_dealloc=1;ptx_tcgen05_ld=5;ptx_tcgen05_st=5;ptx_mbarrier_wait=5;ptx_cp_async_tma=2;ptx_ld_shared=26;ptx_ld_global=7
02_latency_throughput,lat_fp16_m128n256k16_legal_ring_in0_q3,1,,NVIDIA Thor,11.0,580.00,13.0,PTX ISA 9.3 / CUDA 13.0,1575.000,,,,fp16,128,256,16,3,170,158,5,discard,same,2,2,3,1,nocount,sw128,sw128,16,16,16,0,512,0,256,none,0,none,0,4,20,578873.0,367.5384126984127,578872.4,578891.2,782.1524727342985,874.2524986615206,12288,,29.100292188442022,29.099377307505925,29.100322350853254,0,0.0,1,bf14b28d2af4128daa99f23eec8a5e105636d0b04136f8be580fdc39d6f1f97d,legal_ring; UTCHMMA=21;UTCHMMA_WS=16;UTCBAR=1;UTCATOMSWS=3;SYNCS_TRYWAIT=8;LDS=21;LDG=9;ptx_tcgen05_mma=21;ptx_tcgen05_mma_ws=16;ptx_tcgen05_commit=1;ptx_tcgen05_alloc=1;ptx_tcgen05_dealloc=1;ptx_tcgen05_ld=5;ptx_tcgen05_st=5;ptx_mbarrier_wait=5;ptx_cp_async_tma=2;ptx_ld_shared=26;ptx_ld_global=7
02_latency_throughput,lat_bf16_m128n128k16_same_d_in1_q32,1,,NVIDIA Thor,11.0,580.00,13.0,PTX ISA 9.3 / CUDA 13.0,1575.000,,,,bf16,128,128,16,32,16,159,5,discard,same,1,1,32,1,nocount,sw128,sw128,16,16,16,0,512,0,0,none,1,none,0,4,20,397953.0,252.66857142857145,397952.0,397974.2,787.5153553462314,752.5721318436277,8192,,21.248028948142114,21.24689710318094,21.248082341588933,0,0.0,1,bf14b28d2af4128daa99f23eec8a5e105636d0b04136f8be580fdc39d6f1f97d,same_d; UTCHMMA=21;UTCHMMA_WS=16;UTCBAR=1;UTCATOMSWS=3;SYNCS_TRYWAIT=8;LDS=21;LDG=9;ptx_tcgen05_mma=21;ptx_tcgen05_mma_ws=16;ptx_tcgen05_commit=1;ptx_tcgen05_alloc=1;ptx_tcgen05_dealloc=1;ptx_tcgen05_ld=5;ptx_tcgen05_st=5;ptx_mbarrier_wait=5;ptx_cp_async_tma=2;ptx_ld_shared=26;ptx_ld_global=7
02_latency_throughput,lat_bf16_m128n128k16_same_d_in0_q4,1,,NVIDIA Thor,11.0,580.00,13.0,PTX ISA 9.3 / CUDA 13.0,1575.000,,,,bf16,128,128,16,4,128,160,5,discard,same,1,1,4,1,nocount,sw128,sw128,16,16,16,0,512,0,0,none,0,none,0,4,20,485749.0,308.4120634920635,485744.4,485753.4,787.4689710674247,752.5719016281445,8192,,17.407584707328272,17.407427028071467,17.407749557811954,0,0.0,1,bf14b28d2af4128daa99f23eec8a5e105636d0b04136f8be580fdc39d6f1f97d,same_d; UTCHMMA=21;UTCHMMA_WS=16;UTCBAR=1;UTCATOMSWS=3;SYNCS_TRYWAIT=8;LDS=21;LDG=9;ptx_tcgen05_mma=21;ptx_tcgen05_mma_ws=16;ptx_tcgen05_commit=1;ptx_tcgen05_alloc=1;ptx_tcgen05_dealloc=1;ptx_tcgen05_ld=5;ptx_tcgen05_st=5;ptx_mbarrier_wait=5;ptx_cp_async_tma=2;ptx_ld_shared=26;ptx_ld_global=7
02_latency_throughput,lat_bf16_m128n64k16_same_d_in0_q2,1,,NVIDIA Thor,11.0,580.00,13.0,PTX ISA 9.3 / CUDA 13.0,1575.000,,,,bf16,128,64,16,2,256,161,5,discard,same,1,1,2,1,nocount,sw128,sw128,16,16,16,0,512,0,0,none,0,none,0,4,20,586100.0,372.12698412698415,586092.2,586100.0,785.5632909254637,752.8588489741785,6144,,7.213544500938406,7.213544500938406,7.213640502341757,0,0.0,1,bf14b28d2af4128daa99f23eec8a5e105636d0b04136f8be580fdc39d6f1f97d,same_d; UTCHMMA=21;UTCHMMA_WS=16;UTCBAR=1;UTCATOMSWS=3;SYNCS_TRYWAIT=8;LDS=21;LDG=9;ptx_tcgen05_mma=21;ptx_tcgen05_mma_ws=16;ptx_tcgen05_commit=1;ptx_tcgen05_alloc=1;ptx_tcgen05_dealloc=1;ptx_tcgen05_ld=5;ptx_tcgen05_st=5;ptx_mbarrier_wait=5;ptx_cp_async_tma=2;ptx_ld_shared=26;ptx_ld_global=7
02_latency_throughput,lat_bf16_m128n256k16_same_d_in0_q6,1,,NVIDIA Thor,11.0,580.00,13.0,PTX ISA 9.3 / CUDA 13.0,1575.000,,,,bf16,128,256,16,6,85,162,5,discard,same,1,1,6,1,nocount,sw128,sw128,16,16,16,0,512,0,0,none,0,none,0,4,20,450695.0,286.15555555555557,450692.0,450739.0,785.412469759447,752.808329126516,12288,,37.37643736895239,37.37278899210065,37.37668616261217,0,0.0,1,bf14b28d2af4128daa99f23eec8a5e105636d0b04136f8be580fdc39d6f1f97d,same_d; UTCHMMA=21;UTCHMMA_WS=16;UTCBAR=1;UTCATOMSWS=3;SYNCS_TRYWAIT=8;LDS=21;LDG=9;ptx_tcgen05_mma=21;ptx_tcgen05_mma_ws=16;ptx_tcgen05_commit=1;ptx_tcgen05_alloc=1;ptx_tcgen05_dealloc=1;ptx_tcgen05_ld=5;ptx_tcgen05_st=5;ptx_mbarrier_wait=5;ptx_cp_async_tma=2;ptx_ld_shared=26;ptx_ld_global=7
02_latency_throughput,lat_fp16_m128n256k16_same_d_in1_q1,1,,NVIDIA Thor,11.0,580.00,13.0,PTX ISA 9.3 / CUDA 13.0,1575.000,,,,fp16,128,256,16,1,512,163,5,discard,same,1,1,1,1,nocount,sw128,sw128,16,16,16,0,512,0,0,none,1,none,0,4,20,779125.0,494.68253968253964,779121.3999999999,779148.0,785.4378661773553,752.8089947761537,12288,,21.70567460677042,21.705033873126336,21.705774899786718,0,0.0,1,bf14b28d2af4128daa99f23eec8a5e105636d0b04136f8be580fdc39d6f1f97d,same_d; UTCHMMA=21;UTCHMMA_WS=16;UTCBAR=1;UTCATOMSWS=3;SYNCS_TRYWAIT=8;LDS=21;LDG=9;ptx_tcgen05_mma=21;ptx_tcgen05_mma_ws=16;ptx_tcgen05_commit=1;ptx_tcgen05_alloc=1;ptx_tcgen05_dealloc=1;ptx_tcgen05_ld=5;ptx_tcgen05_st=5;ptx_mbarrier_wait=5;ptx_cp_async_tma=2;ptx_ld_shared=26;ptx_ld_global=7
02_latency_throughput,lat_bf16_m128n64k16_legal_ring_in0_q6,1,,NVIDIA Thor,11.0,580.00,13.0,PTX ISA 9.3 / CUDA 13.0,1575.000,,,,bf16,128,64,16,6,85,164,5,discard,same,8,8,6,1,nocount,sw128,sw128,16,16,16,0,512,0,64,none,0,none,0,4,20,512408.0,325.3384126984127,512404.39999999997,512409.0,780.9607439667889,874.3618246594358,6144,,8.218730698974255,8.218714659578579,8.218788441324566,0,0.0,1,bf14b28d2af4128daa99f23eec8a5e105636d0b04136f8be580fdc39d6f1f97d,legal_ring; UTCHMMA=21;UTCHMMA_WS=16;UTCBAR=1;UTCATOMSWS=3;SYNCS_TRYWAIT=8;LDS=21;LDG=9;ptx_tcgen05_mma=21;ptx_tcgen05_mma_ws=16;ptx_tcgen05_commit=1;ptx_tcgen05_alloc=1;ptx_tcgen05_dealloc=1;ptx_tcgen05_ld=5;ptx_tcgen05_st=5;ptx_mbarrier_wait=5;ptx_cp_async_tma=2;ptx_ld_shared=26;ptx_ld_global=7
02_latency_throughput,lat_fp16_m128n128k16_legal_ring_in1_q3,1,,NVIDIA Thor,11.0,580.00,13.0,PTX ISA 9.3 / CUDA 13.0,1575.000,,,,fp16,128,128,16,3,170,165,5,discard,same,4,4,3,1,nocount,sw128,sw128,16,16,16,0,512,0,128,none,1,none,0,4,20,578875.0,367.53968253968253,578873.4,578879.0,781.0459748557623,874.4691603716302,8192,,14.550095823796156,14.549995284249057,14.550136040118673,0,0.0,1,bf14b28d2af4128daa99f23eec8a5e105636d0b04136f8be580fdc39d6f1f97d,legal_ring; UTCHMMA=21;UTCHMMA_WS=16;UTCBAR=1;UTCATOMSWS=3;SYNCS_TRYWAIT=8;LDS=21;LDG=9;ptx_tcgen05_mma=21;ptx_tcgen05_mma_ws=16;ptx_tcgen05_commit=1;ptx_tcgen05_alloc=1;ptx_tcgen05_dealloc=1;ptx_tcgen05_ld=5;ptx_tcgen05_st=5;ptx_mbarrier_wait=5;ptx_cp_async_tma=2;ptx_ld_shared=26;ptx_ld_global=7
02_latency_throughput,lat_bf16_m128n128k16_legal_ring_in0_q16,1,,NVIDIA Thor,11.0,580.00,13.0,PTX ISA 9.3 / CUDA 13.0,1575.000,,,,bf16,128,128,16,16,32,166,5,discard,same,4,4,16,1,nocount,sw128,sw128,16,16,16,0,512,0,128,none,0,none,0,4,20,472777.0,300.175873015873,472775.19999999995,472779.6,781.095600264056,874.4672932168828,8192,,17.885211979432164,17.88511362167293,17.885280074085344,0,0.0,1,bf14b28d2af4128daa99f23eec8a5e105636d0b04136f8be580fdc39d6f1f97d,legal_ring; UTCHMMA=21;UTCHMMA_WS=16;UTCBAR=1;UTCATOMSWS=3;SYNCS_TRYWAIT=8;LDS=21;LDG=9;ptx_tcgen05_mma=21;ptx_tcgen05_mma_ws=16;ptx_tcgen05_commit=1;ptx_tcgen05_alloc=1;ptx_tcgen05_dealloc=1;ptx_tcgen05_ld=5;ptx_tcgen05_st=5;ptx_mbarrier_wait=5;ptx_cp_async_tma=2;ptx_ld_shared=26;ptx_ld_global=7
02_latency_throughput,lat_bf16_m128n128k16_same_d_in0_q2,1,,NVIDIA Thor,11.0,580.00,13.0,PTX ISA 9.3 / CUDA 13.0,1575.000,,,,bf16,128,128,16,2,256,167,5,discard,same,1,1,2,1,nocount,sw128,sw128,16,16,16,0,512,0,0,none,0,none,0,4,20,586094.0,372.1231746031746,586092.0,586103.6,787.4689710674247,752.5719016281445,8192,,14.427236695820126,14.42700038818193,14.427285927806555,0,0.0,1,bf14b28d2af4128daa99f23eec8a5e105636d0b04136f8be580fdc39d6f1f97d,same_d; UTCHMMA=21;UTCHMMA_WS=16;UTCBAR=1;UTCATOMSWS=3;SYNCS_TRYWAIT=8;LDS=21;LDG=9;ptx_tcgen05_mma=21;ptx_tcgen05_mma_ws=16;ptx_tcgen05_commit=1;ptx_tcgen05_alloc=1;ptx_tcgen05_dealloc=1;ptx_tcgen05_ld=5;ptx_tcgen05_st=5;ptx_mbarrier_wait=5;ptx_cp_async_tma=2;ptx_ld_shared=26;ptx_ld_global=7
02_latency_throughput,lat_fp16_m128n256k16_legal_ring_in1_q64,1,,NVIDIA Thor,11.0,580.00,13.0,PTX ISA 9.3 / CUDA 13.0,1575.000,,,,fp16,128,256,16,64,8,168,5,discard,same,2,2,64,1,nocount,sw128,sw128,16,16,16,0,512,0,256,none,1,none,0,4,20,453880.0,288.17777777777775,453879.39999999997,453886.6,782.1123965082807,874.2600760516125,12288,,37.259702405922276,37.2591606112832,37.25975166094716,0,0.0,1,bf14b28d2af4128daa99f23eec8a5e105636d0b04136f8be580fdc39d6f1f97d,legal_ring; UTCHMMA=21;UTCHMMA_WS=16;UTCBAR=1;UTCATOMSWS=3;SYNCS_TRYWAIT=8;LDS=21;LDG=9;ptx_tcgen05_mma=21;ptx_tcgen05_mma_ws=16;ptx_tcgen05_commit=1;ptx_tcgen05_alloc=1;ptx_tcgen05_dealloc=1;ptx_tcgen05_ld=5;ptx_tcgen05_st=5;ptx_mbarrier_wait=5;ptx_cp_async_tma=2;ptx_ld_shared=26;ptx_ld_global=7
02_latency_throughput,lat_fp16_m128n64k16_legal_ring_in0_q12,1,,NVIDIA Thor,11.0,580.00,13.0,PTX ISA 9.3 / CUDA 13.0,1575.000,,,,fp16,128,64,16,12,42,169,5,discard,same,8,8,12,1,nocount,sw128,sw128,16,16,16,0,512,0,64,none,0,none,0,4,20,473404.0,300.57396825396825,473372.19999999995,473407.4,780.9723385179677,874.3665016401734,6144,,8.79121879832025,8.791155660159324,8.79180937123075,0,0.0,1,bf14b28d2af4128daa99f23eec8a5e105636d0b04136f8be580fdc39d6f1f97d,legal_ring; UTCHMMA=21;UTCHMMA_WS=16;UTCBAR=1;UTCATOMSWS=3;SYNCS_TRYWAIT=8;LDS=21;LDG=9;ptx_tcgen05_mma=21;ptx_tcgen05_mma_ws=16;ptx_tcgen05_commit=1;ptx_tcgen05_alloc=1;ptx_tcgen05_dealloc=1;ptx_tcgen05_ld=5;ptx_tcgen05_st=5;ptx_mbarrier_wait=5;ptx_cp_async_tma=2;ptx_ld_shared=26;ptx_ld_global=7
02_latency_throughput,lat_fp16_m128n64k16_same_d_in1_q4,1,,NVIDIA Thor,11.0,580.00,13.0,PTX ISA 9.3 / CUDA 13.0,1575.000,,,,fp16,128,64,16,4,128,170,5,discard,same,1,1,4,1,nocount,sw128,sw128,16,16,16,0,512,0,0,none,1,none,0,4,20,485747.0,308.41079365079366,485744.2,485751.4,785.6074052530239,752.858392250107,6144,,8.703828190395413,8.70374935011779,8.703878362394661,0,0.0,1,bf14b28d2af4128daa99f23eec8a5e105636d0b04136f8be580fdc39d6f1f97d,same_d; UTCHMMA=21;UTCHMMA_WS=16;UTCBAR=1;UTCATOMSWS=3;SYNCS_TRYWAIT=8;LDS=21;LDG=9;ptx_tcgen05_mma=21;ptx_tcgen05_mma_ws=16;ptx_tcgen05_commit=1;ptx_tcgen05_alloc=1;ptx_tcgen05_dealloc=1;ptx_tcgen05_ld=5;ptx_tcgen05_st=5;ptx_mbarrier_wait=5;ptx_cp_async_tma=2;ptx_ld_shared=26;ptx_ld_global=7
02_latency_throughput,lat_fp16_m128n64k16_same_d_in0_q64,1,,NVIDIA Thor,11.0,580.00,13.0,PTX ISA 9.3 / CUDA 13.0,1575.000,,,,fp16,128,64,16,64,8,171,5,discard,same,1,1,64,1,nocount,sw128,sw128,16,16,16,0,512,0,0,none,0,none,0,4,20,391718.0,248.7098412698413,391716.4,391723.4,785.5087943496892,752.8603052661067,6144,,10.7931175794832,10.79296879406694,10.793161664935685,0,0.0,1,bf14b28d2af4128daa99f23eec8a5e105636d0b04136f8be580fdc39d6f1f97d,same_d; UTCHMMA=21;UTCHMMA_WS=16;UTCBAR=1;UTCATOMSWS=3;SYNCS_TRYWAIT=8;LDS=21;LDG=9;ptx_tcgen05_mma=21;ptx_tcgen05_mma_ws=16;ptx_tcgen05_commit=1;ptx_tcgen05_alloc=1;ptx_tcgen05_dealloc=1;ptx_tcgen05_ld=5;ptx_tcgen05_st=5;ptx_mbarrier_wait=5;ptx_cp_async_tma=2;ptx_ld_shared=26;ptx_ld_global=7
02_latency_throughput,lat_fp16_m128n64k16_legal_ring_in1_q48,1,,NVIDIA Thor,11.0,580.00,13.0,PTX ISA 9.3 / CUDA 13.0,1575.000,,,,fp16,128,64,16,48,10,172,5,discard,same,8,8,48,1,nocount,sw128,sw128,16,16,16,0,512,0,64,none,1,none,0,4,20,427497.0,271.4266666666667,427492.6,427501.4,781.0013988701976,874.3625717017189,6144,,9.271684432873213,9.271589005517367,9.271779862583083,0,0.0,1,bf14b28d2af4128daa99f23eec8a5e105636d0b04136f8be580fdc39d6f1f97d,legal_ring; UTCHMMA=21;UTCHMMA_WS=16;UTCBAR=1;UTCATOMSWS=3;SYNCS_TRYWAIT=8;LDS=21;LDG=9;ptx_tcgen05_mma=21;ptx_tcgen05_mma_ws=16;ptx_tcgen05_commit=1;ptx_tcgen05_alloc=1;ptx_tcgen05_dealloc=1;ptx_tcgen05_ld=5;ptx_tcgen05_st=5;ptx_mbarrier_wait=5;ptx_cp_async_tma=2;ptx_ld_shared=26;ptx_ld_global=7
02_latency_throughput,lat_fp16_m128n128k16_same_d_in0_q64,1,,NVIDIA Thor,11.0,580.00,13.0,PTX ISA 9.3 / CUDA 13.0,1575.000,,,,fp16,128,128,16,64,8,173,5,discard,same,1,1,64,1,nocount,sw128,sw128,16,16,16,0,512,0,0,none,0,none,0,4,20,391580.0,248.62222222222223,391578.19999999995,391587.6,787.5308033513866,752.5684480252465,8192,,21.593842545584554,21.593423449763065,21.593941808096353,0,0.0,1,bf14b28d2af4128daa99f23eec8a5e105636d0b04136f8be580fdc39d6f1f97d,same_d; UTCHMMA=21;UTCHMMA_WS=16;UTCBAR=1;UTCATOMSWS=3;SYNCS_TRYWAIT=8;LDS=21;LDG=9;ptx_tcgen05_mma=21;ptx_tcgen05_mma_ws=16;ptx_tcgen05_commit=1;ptx_tcgen05_alloc=1;ptx_tcgen05_dealloc=1;ptx_tcgen05_ld=5;ptx_tcgen05_st=5;ptx_mbarrier_wait=5;ptx_cp_async_tma=2;ptx_ld_shared=26;ptx_ld_global=7
02_latency_throughput,lat_bf16_m128n128k16_legal_ring_in0_q48,1,,NVIDIA Thor,11.0,580.00,13.0,PTX ISA 9.3 / CUDA 13.0,1575.000,,,,bf16,128,128,16,48,10,174,5,discard,same,4,4,48,1,nocount,sw128,sw128,16,16,16,0,512,0,128,none,0,none,0,4,20,427559.0,271.4660317460317,427555.4,427564.0,781.095600264056,874.4672932168828,8192,,18.540679906164996,18.540463089175372,18.540836018000025,0,0.0,1,bf14b28d2af4128daa99f23eec8a5e105636d0b04136f8be580fdc39d6f1f97d,legal_ring; UTCHMMA=21;UTCHMMA_WS=16;UTCBAR=1;UTCATOMSWS=3;SYNCS_TRYWAIT=8;LDS=21;LDG=9;ptx_tcgen05_mma=21;ptx_tcgen05_mma_ws=16;ptx_tcgen05_commit=1;ptx_tcgen05_alloc=1;ptx_tcgen05_dealloc=1;ptx_tcgen05_ld=5;ptx_tcgen05_st=5;ptx_mbarrier_wait=5;ptx_cp_async_tma=2;ptx_ld_shared=26;ptx_ld_global=7
02_latency_throughput,lat_bf16_m128n64k16_same_d_in0_q24,1,,NVIDIA Thor,11.0,580.00,13.0,PTX ISA 9.3 / CUDA 13.0,1575.000,,,,bf16,128,64,16,24,21,175,5,discard,same,1,1,24,1,nocount,sw128,sw128,16,16,16,0,512,0,0,none,0,none,0,4,20,396020.0,251.44126984126987,396019.4,396024.0,785.5632909254637,752.8588489741785,6144,,10.509060512095347,10.508954366402035,10.50907643415037,0,0.0,1,bf14b28d2af4128daa99f23eec8a5e105636d0b04136f8be580fdc39d6f1f97d,same_d; UTCHMMA=21;UTCHMMA_WS=16;UTCBAR=1;UTCATOMSWS=3;SYNCS_TRYWAIT=8;LDS=21;LDG=9;ptx_tcgen05_mma=21;ptx_tcgen05_mma_ws=16;ptx_tcgen05_commit=1;ptx_tcgen05_alloc=1;ptx_tcgen05_dealloc=1;ptx_tcgen05_ld=5;ptx_tcgen05_st=5;ptx_mbarrier_wait=5;ptx_cp_async_tma=2;ptx_ld_shared=26;ptx_ld_global=7
02_latency_throughput,lat_bf16_m128n128k16_same_d_in0_q24,1,,NVIDIA Thor,11.0,580.00,13.0,PTX ISA 9.3 / CUDA 13.0,1575.000,,,,bf16,128,128,16,24,21,176,5,discard,same,1,1,24,1,nocount,sw128,sw128,16,16,16,0,512,0,0,none,0,none,0,4,20,395912.0,251.3726984126984,395908.8,395912.6,787.4689710674247,752.5719016281445,8192,,21.023854513124128,21.02382265179927,21.024024442121465,0,0.0,1,bf14b28d2af4128daa99f23eec8a5e105636d0b04136f8be580fdc39d6f1f97d,same_d; UTCHMMA=21;UTCHMMA_WS=16;UTCBAR=1;UTCATOMSWS=3;SYNCS_TRYWAIT=8;LDS=21;LDG=9;ptx_tcgen05_mma=21;ptx_tcgen05_mma_ws=16;ptx_tcgen05_commit=1;ptx_tcgen05_alloc=1;ptx_tcgen05_dealloc=1;ptx_tcgen05_ld=5;ptx_tcgen05_st=5;ptx_mbarrier_wait=5;ptx_cp_async_tma=2;ptx_ld_shared=26;ptx_ld_global=7
02_latency_throughput,lat_bf16_m128n128k16_legal_ring_in1_q64,1,,NVIDIA Thor,11.0,580.00,13.0,PTX ISA 9.3 / CUDA 13.0,1575.000,,,,bf16,128,128,16,64,8,177,5,discard,same,4,4,64,1,nocount,sw128,sw128,16,16,16,0,512,0,128,none,1,none,0,4,20,453981.0,288.2419047619048,453979.8,453987.6,781.0100084045298,874.4678960754948,8192,,18.625706503135593,18.625435725578953,18.625755736355195,0,0.0,1,bf14b28d2af4128daa99f23eec8a5e105636d0b04136f8be580fdc39d6f1f97d,legal_ring; UTCHMMA=21;UTCHMMA_WS=16;UTCBAR=1;UTCATOMSWS=3;SYNCS_TRYWAIT=8;LDS=21;LDG=9;ptx_tcgen05_mma=21;ptx_tcgen05_mma_ws=16;ptx_tcgen05_commit=1;ptx_tcgen05_alloc=1;ptx_tcgen05_dealloc=1;ptx_tcgen05_ld=5;ptx_tcgen05_st=5;ptx_mbarrier_wait=5;ptx_cp_async_tma=2;ptx_ld_shared=26;ptx_ld_global=7
02_latency_throughput,lat_bf16_m128n64k16_same_d_in1_q4,1,,NVIDIA Thor,11.0,580.00,13.0,PTX ISA 9.3 / CUDA 13.0,1575.000,,,,bf16,128,64,16,4,128,178,5,discard,same,1,1,4,1,nocount,sw128,sw128,16,16,16,0,512,0,0,none,1,none,0,4,20,485750.0,308.41269841269843,485743.8,485751.60000000003,785.8454581051265,752.8594261530949,6144,,8.70377443540916,8.703745766363507,8.703885529814693,0,0.0,1,bf14b28d2af4128daa99f23eec8a5e105636d0b04136f8be580fdc39d6f1f97d,same_d; UTCHMMA=21;UTCHMMA_WS=16;UTCBAR=1;UTCATOMSWS=3;SYNCS_TRYWAIT=8;LDS=21;LDG=9;ptx_tcgen05_mma=21;ptx_tcgen05_mma_ws=16;ptx_tcgen05_commit=1;ptx_tcgen05_alloc=1;ptx_tcgen05_dealloc=1;ptx_tcgen05_ld=5;ptx_tcgen05_st=5;ptx_mbarrier_wait=5;ptx_cp_async_tma=2;ptx_ld_shared=26;ptx_ld_global=7
02_latency_throughput,lat_fp16_m128n256k16_legal_ring_in0_q16,1,,NVIDIA Thor,11.0,580.00,13.0,PTX ISA 9.3 / CUDA 13.0,1575.000,,,,fp16,128,256,16,16,32,179,5,discard,same,2,2,16,1,nocount,sw128,sw128,16,16,16,0,512,0,256,none,0,none,0,4,20,472645.0,300.0920634920635,472643.4,472649.6,782.1524727342985,874.2524986615206,12288,,35.78041390049614,35.78006567236737,35.78053502496421,0,0.0,1,bf14b28d2af4128daa99f23eec8a5e105636d0b04136f8be580fdc39d6f1f97d,legal_ring; UTCHMMA=21;UTCHMMA_WS=16;UTCBAR=1;UTCATOMSWS=3;SYNCS_TRYWAIT=8;LDS=21;LDG=9;ptx_tcgen05_mma=21;ptx_tcgen05_mma_ws=16;ptx_tcgen05_commit=1;ptx_tcgen05_alloc=1;ptx_tcgen05_dealloc=1;ptx_tcgen05_ld=5;ptx_tcgen05_st=5;ptx_mbarrier_wait=5;ptx_cp_async_tma=2;ptx_ld_shared=26;ptx_ld_global=7
02_latency_throughput,lat_fp16_m128n128k16_legal_ring_in0_q12,1,,NVIDIA Thor,11.0,580.00,13.0,PTX ISA 9.3 / CUDA 13.0,1575.000,,,,fp16,128,128,16,12,42,180,5,discard,same,4,4,12,1,nocount,sw128,sw128,16,16,16,0,512,0,128,none,0,none,0,4,20,473569.0,300.67873015873016,473533.4,473574.0,781.0876772515294,874.4683934150742,8192,,17.5763115575555,17.57612598664623,17.57763293573148,0,0.0,1,bf14b28d2af4128daa99f23eec8a5e105636d0b04136f8be580fdc39d6f1f97d,legal_ring; UTCHMMA=21;UTCHMMA_WS=16;UTCBAR=1;UTCATOMSWS=3;SYNCS_TRYWAIT=8;LDS=21;LDG=9;ptx_tcgen05_mma=21;ptx_tcgen05_mma_ws=16;ptx_tcgen05_commit=1;ptx_tcgen05_alloc=1;ptx_tcgen05_dealloc=1;ptx_tcgen05_ld=5;ptx_tcgen05_st=5;ptx_mbarrier_wait=5;ptx_cp_async_tma=2;ptx_ld_shared=26;ptx_ld_global=7
02_latency_throughput,lat_bf16_m128n256k16_legal_ring_in0_q3,1,,NVIDIA Thor,11.0,580.00,13.0,PTX ISA 9.3 / CUDA 13.0,1575.000,,,,bf16,128,256,16,3,170,181,5,discard,same,2,2,3,1,nocount,sw128,sw128,16,16,16,0,512,0,256,none,0,none,0,4,20,578876.0,367.54031746031745,578874.0,578892.6,782.0351892886574,874.2602903897068,12288,,29.100141377427985,29.099306932158783,29.100241917930333,0,0.0,1,bf14b28d2af4128daa99f23eec8a5e105636d0b04136f8be580fdc39d6f1f97d,legal_ring; UTCHMMA=21;UTCHMMA_WS=16;UTCBAR=1;UTCATOMSWS=3;SYNCS_TRYWAIT=8;LDS=21;LDG=9;ptx_tcgen05_mma=21;ptx_tcgen05_mma_ws=16;ptx_tcgen05_commit=1;ptx_tcgen05_alloc=1;ptx_tcgen05_dealloc=1;ptx_tcgen05_ld=5;ptx_tcgen05_st=5;ptx_mbarrier_wait=5;ptx_cp_async_tma=2;ptx_ld_shared=26;ptx_ld_global=7
02_latency_throughput,lat_fp16_m128n256k16_same_d_in0_q6,1,,NVIDIA Thor,11.0,580.00,13.0,PTX ISA 9.3 / CUDA 13.0,1575.000,,,,fp16,128,256,16,6,85,182,5,discard,same,1,1,6,1,nocount,sw128,sw128,16,16,16,0,512,0,0,none,0,none,0,4,20,450694.0,286.15492063492064,450691.8,450704.0,785.4732699917931,752.8025746884518,12288,,37.376520299804305,37.375691008949474,37.37670274915056,0,0.0,1,bf14b28d2af4128daa99f23eec8a5e105636d0b04136f8be580fdc39d6f1f97d,same_d; UTCHMMA=21;UTCHMMA_WS=16;UTCBAR=1;UTCATOMSWS=3;SYNCS_TRYWAIT=8;LDS=21;LDG=9;ptx_tcgen05_mma=21;ptx_tcgen05_mma_ws=16;ptx_tcgen05_commit=1;ptx_tcgen05_alloc=1;ptx_tcgen05_dealloc=1;ptx_tcgen05_ld=5;ptx_tcgen05_st=5;ptx_mbarrier_wait=5;ptx_cp_async_tma=2;ptx_ld_shared=26;ptx_ld_global=7
02_latency_throughput,lat_bf16_m128n64k16_legal_ring_in0_q4,1,,NVIDIA Thor,11.0,580.00,13.0,PTX ISA 9.3 / CUDA 13.0,1575.000,,,,bf16,128,64,16,4,128,183,5,discard,same,8,8,4,1,nocount,sw128,sw128,16,16,16,0,512,0,64,none,0,none,0,4,20,547818.0,347.82095238095235,547815.6,547819.6,780.9607439667889,874.3618246594358,6144,,7.71763328696757,7.717610746317549,7.71766709829749,0,0.0,1,bf14b28d2af4128daa99f23eec8a5e105636d0b04136f8be580fdc39d6f1f97d,legal_ring; UTCHMMA=21;UTCHMMA_WS=16;UTCBAR=1;UTCATOMSWS=3;SYNCS_TRYWAIT=8;LDS=21;LDG=9;ptx_tcgen05_mma=21;ptx_tcgen05_mma_ws=16;ptx_tcgen05_commit=1;ptx_tcgen05_alloc=1;ptx_tcgen05_dealloc=1;ptx_tcgen05_ld=5;ptx_tcgen05_st=5;ptx_mbarrier_wait=5;ptx_cp_async_tma=2;ptx_ld_shared=26;ptx_ld_global=7
02_latency_throughput,lat_fp16_m128n128k16_legal_ring_in1_q2,1,,NVIDIA Thor,11.0,580.00,13.0,PTX ISA 9.3 / CUDA 13.0,1575.000,,,,fp16,128,128,16,2,256,184,5,discard,same,4,4,2,1,nocount,sw128,sw128,16,16,16,0,512,0,128,none,1,none,0,4,20,648043.0,411.455873015873,648041.0,648053.0,781.0459748557623,874.4691603716302,8192,,13.048079932967411,13.047878590177039,13.048120202271152,0,0.0,1,bf14b28d2af4128daa99f23eec8a5e105636d0b04136f8be580fdc39d6f1f97d,legal_ring; UTCHMMA=21;UTCHMMA_WS=16;UTCBAR=1;UTCATOMSWS=3;SYNCS_TRYWAIT=8;LDS=21;LDG=9;ptx_tcgen05_mma=21;ptx_tcgen05_mma_ws=16;ptx_tcgen05_commit=1;ptx_tcgen05_alloc=1;ptx_tcgen05_dealloc=1;ptx_tcgen05_ld=5;ptx_tcgen05_st=5;ptx_mbarrier_wait=5;ptx_cp_async_tma=2;ptx_ld_shared=26;ptx_ld_global=7
02_latency_throughput,lat_fp16_m128n64k16_legal_ring_in1_q8,1,,NVIDIA Thor,11.0,580.00,13.0,PTX ISA 9.3 / CUDA 13.0,1575.000,,,,fp16,128,64,16,8,64,185,5,discard,same,8,8,8,1,nocount,sw128,sw128,16,16,16,0,512,0,64,none,1,none,0,4,20,497651.0,315.9688888888889,497643.0,497697.39999999997,781.0013988701976,874.3625717017189,6144,,8.495629330595136,8.494837288813528,8.49576590447369,0,0.0,1,bf14b28d2af4128daa99f23eec8a5e105636d0b04136f8be580fdc39d6f1f97d,legal_ring; UTCHMMA=21;UTCHMMA_WS=16;UTCBAR=1;UTCATOMSWS=3;SYNCS_TRYWAIT=8;LDS=21;LDG=9;ptx_tcgen05_mma=21;ptx_tcgen05_mma_ws=16;ptx_tcgen05_commit=1;ptx_tcgen05_alloc=1;ptx_tcgen05_dealloc=1;ptx_tcgen05_ld=5;ptx_tcgen05_st=5;ptx_mbarrier_wait=5;ptx_cp_async_tma=2;ptx_ld_shared=26;ptx_ld_global=7
02_latency_throughput,lat_fp16_m128n256k16_legal_ring_in1_q24,1,,NVIDIA Thor,11.0,580.00,13.0,PTX ISA 9.3 / CUDA 13.0,1575.000,,,,fp16,128,256,16,24,21,186,5,discard,same,2,2,24,1,nocount,sw128,sw128,16,16,16,0,512,0,256,none,1,none,0,4,20,457069.0,290.2025396825397,457063.8,457073.0,782.1123965082807,874.2600760516125,12288,,36.42161812767875,36.42129939085902,36.42203249541202,0,0.0,1,bf14b28d2af4128daa99f23eec8a5e105636d0b04136f8be580fdc39d6f1f97d,legal_ring; UTCHMMA=21;UTCHMMA_WS=16;UTCBAR=1;UTCATOMSWS=3;SYNCS_TRYWAIT=8;LDS=21;LDG=9;ptx_tcgen05_mma=21;ptx_tcgen05_mma_ws=16;ptx_tcgen05_commit=1;ptx_tcgen05_alloc=1;ptx_tcgen05_dealloc=1;ptx_tcgen05_ld=5;ptx_tcgen05_st=5;ptx_mbarrier_wait=5;ptx_cp_async_tma=2;ptx_ld_shared=26;ptx_ld_global=7
02_latency_throughput,lat_fp16_m128n64k16_same_d_in1_q32,1,,NVIDIA Thor,11.0,580.00,13.0,PTX ISA 9.3 / CUDA 13.0,1575.000,,,,fp16,128,64,16,32,16,187,5,discard,same,1,1,32,1,nocount,sw128,sw128,16,16,16,0,512,0,0,none,1,none,0,4,20,398073.0,252.7447619047619,398060.80000000005,398076.6,785.6074052530239,752.858392250107,6144,,10.62081184104423,10.620715791901366,10.621137353956016,0,0.0,1,bf14b28d2af4128daa99f23eec8a5e105636d0b04136f8be580fdc39d6f1f97d,same_d; UTCHMMA=21;UTCHMMA_WS=16;UTCBAR=1;UTCATOMSWS=3;SYNCS_TRYWAIT=8;LDS=21;LDG=9;ptx_tcgen05_mma=21;ptx_tcgen05_mma_ws=16;ptx_tcgen05_commit=1;ptx_tcgen05_alloc=1;ptx_tcgen05_dealloc=1;ptx_tcgen05_ld=5;ptx_tcgen05_st=5;ptx_mbarrier_wait=5;ptx_cp_async_tma=2;ptx_ld_shared=26;ptx_ld_global=7
02_latency_throughput,lat_bf16_m128n256k16_legal_ring_in0_q6,1,,NVIDIA Thor,11.0,580.00,13.0,PTX ISA 9.3 / CUDA 13.0,1575.000,,,,bf16,128,256,16,6,85,188,5,discard,same,2,2,6,1,nocount,sw128,sw128,16,16,16,0,512,0,256,none,0,none,0,4,20,512322.0,325.2838095238095,512320.4,512324.8,782.0351892886574,874.2602903897068,12288,,32.880441284973124,32.880261584328196,32.880543972122524,0,0.0,1,bf14b28d2af4128daa99f23eec8a5e105636d0b04136f8be580fdc39d6f1f97d,legal_ring; UTCHMMA=21;UTCHMMA_WS=16;UTCBAR=1;UTCATOMSWS=3;SYNCS_TRYWAIT=8;LDS=21;LDG=9;ptx_tcgen05_mma=21;ptx_tcgen05_mma_ws=16;ptx_tcgen05_commit=1;ptx_tcgen05_alloc=1;ptx_tcgen05_dealloc=1;ptx_tcgen05_ld=5;ptx_tcgen05_st=5;ptx_mbarrier_wait=5;ptx_cp_async_tma=2;ptx_ld_shared=26;ptx_ld_global=7
02_latency_throughput,lat_fp16_m128n128k16_same_d_in0_q4,1,,NVIDIA Thor,11.0,580.00,13.0,PTX ISA 9.3 / CUDA 13.0,1575.000,,,,fp16,128,128,16,4,128,189,5,discard,same,1,1,4,1,nocount,sw128,sw128,16,16,16,0,512,0,0,none,0,none,0,4,20,485746.0,308.41015873015874,485744.2,485752.0,787.5308033513866,752.5684480252465,8192,,17.40769221774343,17.407477198683726,17.407756724789323,0,0.0,1,bf14b28d2af4128daa99f23eec8a5e105636d0b04136f8be580fdc39d6f1f97d,same_d; UTCHMMA=21;UTCHMMA_WS=16;UTCBAR=1;UTCATOMSWS=3;SYNCS_TRYWAIT=8;LDS=21;LDG=9;ptx_tcgen05_mma=21;ptx_tcgen05_mma_ws=16;ptx_tcgen05_commit=1;ptx_tcgen05_alloc=1;ptx_tcgen05_dealloc=1;ptx_tcgen05_ld=5;ptx_tcgen05_st=5;ptx_mbarrier_wait=5;ptx_cp_async_tma=2;ptx_ld_shared=26;ptx_ld_global=7
02_latency_throughput,lat_fp16_m128n128k16_same_d_in1_q16,1,,NVIDIA Thor,11.0,580.00,13.0,PTX ISA 9.3 / CUDA 13.0,1575.000,,,,fp16,128,128,16,16,32,190,5,discard,same,1,1,16,1,nocount,sw128,sw128,16,16,16,0,512,0,0,none,1,none,0,4,20,410657.0,260.7346031746032,410653.19999999995,410710.19999999995,787.7606965817195,752.5639915425807,8192,,20.59070432015039,20.588037392458684,20.590894857530166,0,0.0,1,bf14b28d2af4128daa99f23eec8a5e105636d0b04136f8be580fdc39d6f1f97d,same_d; UTCHMMA=21;UTCHMMA_WS=16;UTCBAR=1;UTCATOMSWS=3;SYNCS_TRYWAIT=8;LDS=21;LDG=9;ptx_tcgen05_mma=21;ptx_tcgen05_mma_ws=16;ptx_tcgen05_commit=1;ptx_tcgen05_alloc=1;ptx_tcgen05_dealloc=1;ptx_tcgen05_ld=5;ptx_tcgen05_st=5;ptx_mbarrier_wait=5;ptx_cp_async_tma=2;ptx_ld_shared=26;ptx_ld_global=7
02_latency_throughput,lat_bf16_m128n64k16_legal_ring_in1_q2,1,,NVIDIA Thor,11.0,580.00,13.0,PTX ISA 9.3 / CUDA 13.0,1575.000,,,,bf16,128,64,16,2,256,191,5,discard,same,8,8,2,1,nocount,sw128,sw128,16,16,16,0,512,0,64,none,1,none,0,4,20,648044.0,411.45650793650793,648042.8,648047.2,780.9396888366173,874.3660425668124,6144,,6.524029899204375,6.523997684134219,6.524041979958213,0,0.0,1,bf14b28d2af4128daa99f23eec8a5e105636d0b04136f8be580fdc39d6f1f97d,legal_ring; UTCHMMA=21;UTCHMMA_WS=16;UTCBAR=1;UTCATOMSWS=3;SYNCS_TRYWAIT=8;LDS=21;LDG=9;ptx_tcgen05_mma=21;ptx_tcgen05_mma_ws=16;ptx_tcgen05_commit=1;ptx_tcgen05_alloc=1;ptx_tcgen05_dealloc=1;ptx_tcgen05_ld=5;ptx_tcgen05_st=5;ptx_mbarrier_wait=5;ptx_cp_async_tma=2;ptx_ld_shared=26;ptx_ld_global=7
02_latency_throughput,lat_fp16_m128n64k16_legal_ring_in0_q6,1,,NVIDIA Thor,11.0,580.00,13.0,PTX ISA 9.3 / CUDA 13.0,1575.000,,,,fp16,128,64,16,6,85,192,5,discard,same,8,8,6,1,nocount,sw128,sw128,16,16,16,0,512,0,64,none,0,none,0,4,20,512404.0,325.335873015873,512402.4,512408.0,780.9723385179677,874.3665016401734,6144,,8.218794857183005,8.218730698974255,8.218820520754488,0,0.0,1,bf14b28d2af4128daa99f23eec8a5e105636d0b04136f8be580fdc39d6f1f97d,legal_ring; UTCHMMA=21;UTCHMMA_WS=16;UTCBAR=1;UTCATOMSWS=3;SYNCS_TRYWAIT=8;LDS=21;LDG=9;ptx_tcgen05_mma=21;ptx_tcgen05_mma_ws=16;ptx_tcgen05_commit=1;ptx_tcgen05_alloc=1;ptx_tcgen05_dealloc=1;ptx_tcgen05_ld=5;ptx_tcgen05_st=5;ptx_mbarrier_wait=5;ptx_cp_async_tma=2;ptx_ld_shared=26;ptx_ld_global=7
02_latency_throughput,commit_prefix_c4_p2,1,,NVIDIA Thor,11.0,580.00,13.0,PTX ISA 9.3 / CUDA 13.0,1575.000,,,,bf16,128,128,16,16,128,193,5,discard,same,4,4,4,2,count,sw128,sw128,16,16,16,0,512,0,128,none,0,none,0,4,20,2179407.0,1383.750476190476,2179403.2,2179413.4,,,8192,,15.519298348587482,15.519252775094134,15.519325407990308,0,0.0,1,bf14b28d2af4128daa99f23eec8a5e105636d0b04136f8be580fdc39d6f1f97d,commit prefix scan; pending_mbarriers is prefix tracking count; UTCHMMA=21;UTCHMMA_WS=16;UTCBAR=1;UTCATOMSWS=3;SYNCS_TRYWAIT=8;LDS=21;LDG=9;ptx_tcgen05_mma=21;ptx_tcgen05_mma_ws=16;ptx_tcgen05_commit=1;ptx_tcgen05_alloc=1;ptx_tcgen05_dealloc=1;ptx_tcgen05_ld=5;ptx_tcgen05_st=5;ptx_mbarrier_wait=5;ptx_cp_async_tma=2;ptx_ld_shared=26;ptx_ld_global=7
02_latency_throughput,lat_bf16_m128n256k16_same_d_in0_q16,1,,NVIDIA Thor,11.0,580.00,13.0,PTX ISA 9.3 / CUDA 13.0,1575.000,,,,bf16,128,256,16,16,32,194,5,discard,same,1,1,16,1,nocount,sw128,sw128,16,16,16,0,512,0,0,none,0,none,0,4,20,410633.0,260.7193650793651,410628.6,410636.4,785.412469759447,752.808329126516,12288,,41.1838155433197,41.18347454922438,41.18425684033001,0,0.0,1,bf14b28d2af4128daa99f23eec8a5e105636d0b04136f8be580fdc39d6f1f97d,same_d; UTCHMMA=21;UTCHMMA_WS=16;UTCBAR=1;UTCATOMSWS=3;SYNCS_TRYWAIT=8;LDS=21;LDG=9;ptx_tcgen05_mma=21;ptx_tcgen05_mma_ws=16;ptx_tcgen05_commit=1;ptx_tcgen05_alloc=1;ptx_tcgen05_dealloc=1;ptx_tcgen05_ld=5;ptx_tcgen05_st=5;ptx_mbarrier_wait=5;ptx_cp_async_tma=2;ptx_ld_shared=26;ptx_ld_global=7
02_latency_throughput,lat_fp16_m128n128k16_same_d_in0_q16,1,,NVIDIA Thor,11.0,580.00,13.0,PTX ISA 9.3 / CUDA 13.0,1575.000,,,,fp16,128,128,16,16,32,195,5,discard,same,1,1,16,1,nocount,sw128,sw128,16,16,16,0,512,0,0,none,0,none,0,4,20,410657.0,260.7346031746032,410654.0,410712.4,787.5308033513866,752.5684480252465,8192,,20.59070432015039,20.587927121991548,20.590854743896323,0,0.0,1,bf14b28d2af4128daa99f23eec8a5e105636d0b04136f8be580fdc39d6f1f97d,same_d; UTCHMMA=21;UTCHMMA_WS=16;UTCBAR=1;UTCATOMSWS=3;SYNCS_TRYWAIT=8;LDS=21;LDG=9;ptx_tcgen05_mma=21;ptx_tcgen05_mma_ws=16;ptx_tcgen05_commit=1;ptx_tcgen05_alloc=1;ptx_tcgen05_dealloc=1;ptx_tcgen05_ld=5;ptx_tcgen05_st=5;ptx_mbarrier_wait=5;ptx_cp_async_tma=2;ptx_ld_shared=26;ptx_ld_global=7
02_latency_throughput,lat_bf16_m128n64k16_same_d_in1_q12,1,,NVIDIA Thor,11.0,580.00,13.0,PTX ISA 9.3 / CUDA 13.0,1575.000,,,,bf16,128,64,16,12,42,196,5,discard,same,1,1,12,1,nocount,sw128,sw128,16,16,16,0,512,0,0,none,1,none,0,4,20,412506.0,261.90857142857146,412501.8,412508.19999999995,785.8454581051265,752.8594261530949,6144,,10.089060871841863,10.089007064643756,10.089163596433956,0,0.0,1,bf14b28d2af4128daa99f23eec8a5e105636d0b04136f8be580fdc39d6f1f97d,same_d; UTCHMMA=21;UTCHMMA_WS=16;UTCBAR=1;UTCATOMSWS=3;SYNCS_TRYWAIT=8;LDS=21;LDG=9;ptx_tcgen05_mma=21;ptx_tcgen05_mma_ws=16;ptx_tcgen05_commit=1;ptx_tcgen05_alloc=1;ptx_tcgen05_dealloc=1;ptx_tcgen05_ld=5;ptx_tcgen05_st=5;ptx_mbarrier_wait=5;ptx_cp_async_tma=2;ptx_ld_shared=26;ptx_ld_global=7
02_latency_throughput,lat_bf16_m128n64k16_legal_ring_in0_q48,1,,NVIDIA Thor,11.0,580.00,13.0,PTX ISA 9.3 / CUDA 13.0,1575.000,,,,bf16,128,64,16,48,10,197,5,discard,same,8,8,48,1,nocount,sw128,sw128,16,16,16,0,512,0,64,none,0,none,0,4,20,427499.0,271.4279365079365,427497.19999999995,427501.6,780.9607439667889,874.3618246594358,6144,,9.271641056470308,9.271584667765465,9.271680095324243,0,0.0,1,bf14b28d2af4128daa99f23eec8a5e105636d0b04136f8be580fdc39d6f1f97d,legal_ring; UTCHMMA=21;UTCHMMA_WS=16;UTCBAR=1;UTCATOMSWS=3;SYNCS_TRYWAIT=8;LDS=21;LDG=9;ptx_tcgen05_mma=21;ptx_tcgen05_mma_ws=16;ptx_tcgen05_commit=1;ptx_tcgen05_alloc=1;ptx_tcgen05_dealloc=1;ptx_tcgen05_ld=5;ptx_tcgen05_st=5;ptx_mbarrier_wait=5;ptx_cp_async_tma=2;ptx_ld_shared=26;ptx_ld_global=7
02_latency_throughput,lat_bf16_m128n64k16_legal_ring_in1_q6,1,,NVIDIA Thor,11.0,580.00,13.0,PTX ISA 9.3 / CUDA 13.0,1575.000,,,,bf16,128,64,16,6,85,198,5,discard,same,8,8,6,1,nocount,sw128,sw128,16,16,16,0,512,0,64,none,1,none,0,4,20,512406.0,325.33714285714285,512402.6,512406.60000000003,780.9396888366173,874.3660425668124,6144,,8.21876277795342,8.21875315424089,8.218817312912918,0,0.0,1,bf14b28d2af4128daa99f23eec8a5e105636d0b04136f8be580fdc39d6f1f97d,legal_ring; UTCHMMA=21;UTCHMMA_WS=16;UTCBAR=1;UTCATOMSWS=3;SYNCS_TRYWAIT=8;LDS=21;LDG=9;ptx_tcgen05_mma=21;ptx_tcgen05_mma_ws=16;ptx_tcgen05_commit=1;ptx_tcgen05_alloc=1;ptx_tcgen05_dealloc=1;ptx_tcgen05_ld=5;ptx_tcgen05_st=5;ptx_mbarrier_wait=5;ptx_cp_async_tma=2;ptx_ld_shared=26;ptx_ld_global=7
02_latency_throughput,lat_fp16_m128n256k16_legal_ring_in0_q24,1,,NVIDIA Thor,11.0,580.00,13.0,PTX ISA 9.3 / CUDA 13.0,1575.000,,,,fp16,128,256,16,24,21,199,5,discard,same,2,2,24,1,nocount,sw128,sw128,16,16,16,0,512,0,256,none,0,none,0,4,20,457064.0,290.19936507936507,457060.4,457075.19999999995,782.1524727342985,874.2524986615206,12288,,36.42201655785623,36.421124098456566,36.42230343302357,0,0.0,1,bf14b28d2af4128daa99f23eec8a5e105636d0b04136f8be580fdc39d6f1f97d,legal_ring; UTCHMMA=21;UTCHMMA_WS=16;UTCBAR=1;UTCATOMSWS=3;SYNCS_TRYWAIT=8;LDS=21;LDG=9;ptx_tcgen05_mma=21;ptx_tcgen05_mma_ws=16;ptx_tcgen05_commit=1;ptx_tcgen05_alloc=1;ptx_tcgen05_dealloc=1;ptx_tcgen05_ld=5;ptx_tcgen05_st=5;ptx_mbarrier_wait=5;ptx_cp_async_tma=2;ptx_ld_shared=26;ptx_ld_global=7
02_latency_throughput,lat_bf16_m128n256k16_same_d_in0_q2,1,,NVIDIA Thor,11.0,580.00,13.0,PTX ISA 9.3 / CUDA 13.0,1575.000,,,,bf16,128,256,16,2,256,200,5,discard,same,1,1,2,1,nocount,sw128,sw128,16,16,16,0,512,0,0,none,0,none,0,4,20,586093.0,372.12253968253964,586092.0,586096.4,785.412469759447,752.808329126516,12288,,28.854522623542678,28.854355236082405,28.85457185561311,0,0.0,1,bf14b28d2af4128daa99f23eec8a5e105636d0b04136f8be580fdc39d6f1f97d,same_d; UTCHMMA=21;UTCHMMA_WS=16;UTCBAR=1;UTCATOMSWS=3;SYNCS_TRYWAIT=8;LDS=21;LDG=9;ptx_tcgen05_mma=21;ptx_tcgen05_mma_ws=16;ptx_tcgen05_commit=1;ptx_tcgen05_alloc=1;ptx_tcgen05_dealloc=1;ptx_tcgen05_ld=5;ptx_tcgen05_st=5;ptx_mbarrier_wait=5;ptx_cp_async_tma=2;ptx_ld_shared=26;ptx_ld_global=7
02_latency_throughput,lat_fp16_m128n256k16_same_d_in0_q16,1,,NVIDIA Thor,11.0,580.00,13.0,PTX ISA 9.3 / CUDA 13.0,1575.000,,,,fp16,128,256,16,16,32,201,5,discard,same,1,1,16,1,nocount,sw128,sw128,16,16,16,0,512,0,0,none,0,none,0,4,20,410633.0,260.7193650793651,410629.0,410688.4,785.4732699917931,752.8025746884518,12288,,41.1838155433197,41.17826004512561,41.18421672264202,0,0.0,1,bf14b28d2af4128daa99f23eec8a5e105636d0b04136f8be580fdc39d6f1f97d,same_d; UTCHMMA=21;UTCHMMA_WS=16;UTCBAR=1;UTCATOMSWS=3;SYNCS_TRYWAIT=8;LDS=21;LDG=9;ptx_tcgen05_mma=21;ptx_tcgen05_mma_ws=16;ptx_tcgen05_commit=1;ptx_tcgen05_alloc=1;ptx_tcgen05_dealloc=1;ptx_tcgen05_ld=5;ptx_tcgen05_st=5;ptx_mbarrier_wait=5;ptx_cp_async_tma=2;ptx_ld_shared=26;ptx_ld_global=7
02_latency_throughput,lat_bf16_m128n64k16_legal_ring_in0_q24,1,,NVIDIA Thor,11.0,580.00,13.0,PTX ISA 9.3 / CUDA 13.0,1575.000,,,,bf16,128,64,16,24,21,202,5,discard,same,8,8,24,1,nocount,sw128,sw128,16,16,16,0,512,0,64,none,0,none,0,4,20,457016.0,290.1688888888889,457013.8,457023.80000000005,780.9607439667889,874.3618246594358,6144,,9.106460482783973,9.106305063419102,9.106504320042697,0,0.0,1,bf14b28d2af4128daa99f23eec8a5e105636d0b04136f8be580fdc39d6f1f97d,legal_ring; UTCHMMA=21;UTCHMMA_WS=16;UTCBAR=1;UTCATOMSWS=3;SYNCS_TRYWAIT=8;LDS=21;LDG=9;ptx_tcgen05_mma=21;ptx_tcgen05_mma_ws=16;ptx_tcgen05_commit=1;ptx_tcgen05_alloc=1;ptx_tcgen05_dealloc=1;ptx_tcgen05_ld=5;ptx_tcgen05_st=5;ptx_mbarrier_wait=5;ptx_cp_async_tma=2;ptx_ld_shared=26;ptx_ld_global=7
02_latency_throughput,lat_bf16_m128n256k16_legal_ring_in1_q6,1,,NVIDIA Thor,11.0,580.00,13.0,PTX ISA 9.3 / CUDA 13.0,1575.000,,,,bf16,128,256,16,6,85,203,5,discard,same,2,2,6,1,nocount,sw128,sw128,16,16,16,0,512,0,256,none,1,none,0,4,20,512321.0,325.2831746031746,512318.4,512324.8,782.1260899596709,874.2527859342456,12288,,32.88050546434755,32.880261584328196,32.88067233192368,0,0.0,1,bf14b28d2af4128daa99f23eec8a5e105636d0b04136f8be580fdc39d6f1f97d,legal_ring; UTCHMMA=21;UTCHMMA_WS=16;UTCBAR=1;UTCATOMSWS=3;SYNCS_TRYWAIT=8;LDS=21;LDG=9;ptx_tcgen05_mma=21;ptx_tcgen05_mma_ws=16;ptx_tcgen05_commit=1;ptx_tcgen05_alloc=1;ptx_tcgen05_dealloc=1;ptx_tcgen05_ld=5;ptx_tcgen05_st=5;ptx_mbarrier_wait=5;ptx_cp_async_tma=2;ptx_ld_shared=26;ptx_ld_global=7
02_latency_throughput,lat_fp16_m128n256k16_legal_ring_in0_q48,1,,NVIDIA Thor,11.0,580.00,13.0,PTX ISA 9.3 / CUDA 13.0,1575.000,,,,fp16,128,256,16,48,10,204,5,discard,same,2,2,48,1,nocount,sw128,sw128,16,16,16,0,512,0,256,none,0,none,0,4,20,427474.0,271.4120634920635,427469.80000000005,427481.8,782.1524727342985,874.2524986615206,12288,,37.08873316271866,37.08805643031499,37.08909756919271,0,0.0,1,bf14b28d2af4128daa99f23eec8a5e105636d0b04136f8be580fdc39d6f1f97d,legal_ring; UTCHMMA=21;UTCHMMA_WS=16;UTCBAR=1;UTCATOMSWS=3;SYNCS_TRYWAIT=8;LDS=21;LDG=9;ptx_tcgen05_mma=21;ptx_tcgen05_mma_ws=16;ptx_tcgen05_commit=1;ptx_tcgen05_alloc=1;ptx_tcgen05_dealloc=1;ptx_tcgen05_ld=5;ptx_tcgen05_st=5;ptx_mbarrier_wait=5;ptx_cp_async_tma=2;ptx_ld_shared=26;ptx_ld_global=7
02_latency_throughput,lat_fp16_m128n256k16_same_d_in1_q2,1,,NVIDIA Thor,11.0,580.00,13.0,PTX ISA 9.3 / CUDA 13.0,1575.000,,,,fp16,128,256,16,2,256,205,5,discard,same,1,1,2,1,nocount,sw128,sw128,16,16,16,0,512,0,0,none,1,none,0,4,20,586100.0,372.12698412698415,586092.4,586105.6,785.4378661773553,752.8089947761537,12288,,28.854178003753624,28.853902314574963,28.854552162784938,0,0.0,1,bf14b28d2af4128daa99f23eec8a5e105636d0b04136f8be580fdc39d6f1f97d,same_d; UTCHMMA=21;UTCHMMA_WS=16;UTCBAR=1;UTCATOMSWS=3;SYNCS_TRYWAIT=8;LDS=21;LDG=9;ptx_tcgen05_mma=21;ptx_tcgen05_mma_ws=16;ptx_tcgen05_commit=1;ptx_tcgen05_alloc=1;ptx_tcgen05_dealloc=1;ptx_tcgen05_ld=5;ptx_tcgen05_st=5;ptx_mbarrier_wait=5;ptx_cp_async_tma=2;ptx_ld_shared=26;ptx_ld_global=7
02_latency_throughput,lat_bf16_m128n64k16_legal_ring_in1_q3,1,,NVIDIA Thor,11.0,580.00,13.0,PTX ISA 9.3 / CUDA 13.0,1575.000,,,,bf16,128,64,16,3,170,206,5,discard,same,8,8,3,1,nocount,sw128,sw128,16,16,16,0,512,0,64,none,1,none,0,4,20,578877.0,367.5409523809524,578875.8,578895.4,780.9396888366173,874.3660425668124,6144,,7.275022776859333,7.274791544532542,7.27503785788258,0,0.0,1,bf14b28d2af4128daa99f23eec8a5e105636d0b04136f8be580fdc39d6f1f97d,legal_ring; UTCHMMA=21;UTCHMMA_WS=16;UTCBAR=1;UTCATOMSWS=3;SYNCS_TRYWAIT=8;LDS=21;LDG=9;ptx_tcgen05_mma=21;ptx_tcgen05_mma_ws=16;ptx_tcgen05_commit=1;ptx_tcgen05_alloc=1;ptx_tcgen05_dealloc=1;ptx_tcgen05_ld=5;ptx_tcgen05_st=5;ptx_mbarrier_wait=5;ptx_cp_async_tma=2;ptx_ld_shared=26;ptx_ld_global=7
02_latency_throughput,lat_bf16_m128n64k16_legal_ring_in1_q4,1,,NVIDIA Thor,11.0,580.00,13.0,PTX ISA 9.3 / CUDA 13.0,1575.000,,,,bf16,128,64,16,4,128,207,5,discard,same,8,8,4,1,nocount,sw128,sw128,16,16,16,0,512,0,64,none,1,none,0,4,20,547817.0,347.8203174603175,547817.0,547820.4,780.9396888366173,874.3660425668124,6144,,7.717647374944553,7.717599476131406,7.717647374944553,0,0.0,1,bf14b28d2af4128daa99f23eec8a5e105636d0b04136f8be580fdc39d6f1f97d,legal_ring; UTCHMMA=21;UTCHMMA_WS=16;UTCBAR=1;UTCATOMSWS=3;SYNCS_TRYWAIT=8;LDS=21;LDG=9;ptx_tcgen05_mma=21;ptx_tcgen05_mma_ws=16;ptx_tcgen05_commit=1;ptx_tcgen05_alloc=1;ptx_tcgen05_dealloc=1;ptx_tcgen05_ld=5;ptx_tcgen05_st=5;ptx_mbarrier_wait=5;ptx_cp_async_tma=2;ptx_ld_shared=26;ptx_ld_global=7
02_latency_throughput,lat_fp16_m128n128k16_same_d_in1_q12,1,,NVIDIA Thor,11.0,580.00,13.0,PTX ISA 9.3 / CUDA 13.0,1575.000,,,,fp16,128,128,16,12,42,208,5,discard,same,1,1,12,1,nocount,sw128,sw128,16,16,16,0,512,0,0,none,1,none,0,4,20,412501.0,261.9053968253968,412499.80000000005,412503.6,787.7606965817195,752.5639915425807,8192,,20.178366326384666,20.17823914266867,20.17842502722901,0,0.0,1,bf14b28d2af4128daa99f23eec8a5e105636d0b04136f8be580fdc39d6f1f97d,same_d; UTCHMMA=21;UTCHMMA_WS=16;UTCBAR=1;UTCATOMSWS=3;SYNCS_TRYWAIT=8;LDS=21;LDG=9;ptx_tcgen05_mma=21;ptx_tcgen05_mma_ws=16;ptx_tcgen05_commit=1;ptx_tcgen05_alloc=1;ptx_tcgen05_dealloc=1;ptx_tcgen05_ld=5;ptx_tcgen05_st=5;ptx_mbarrier_wait=5;ptx_cp_async_tma=2;ptx_ld_shared=26;ptx_ld_global=7
02_latency_throughput,lat_bf16_m128n256k16_same_d_in0_q4,1,,NVIDIA Thor,11.0,580.00,13.0,PTX ISA 9.3 / CUDA 13.0,1575.000,,,,bf16,128,256,16,4,128,209,5,discard,same,1,1,4,1,nocount,sw128,sw128,16,16,16,0,512,0,0,none,0,none,0,4,20,485745.0,308.4095238095238,485741.2,485749.0,785.412469759447,752.808329126516,12288,,34.81545610968718,34.81516941554185,34.815728474658556,0,0.0,1,bf14b28d2af4128daa99f23eec8a5e105636d0b04136f8be580fdc39d6f1f97d,same_d; UTCHMMA=21;UTCHMMA_WS=16;UTCBAR=1;UTCATOMSWS=3;SYNCS_TRYWAIT=8;LDS=21;LDG=9;ptx_tcgen05_mma=21;ptx_tcgen05_mma_ws=16;ptx_tcgen05_commit=1;ptx_tcgen05_alloc=1;ptx_tcgen05_dealloc=1;ptx_tcgen05_ld=5;ptx_tcgen05_st=5;ptx_mbarrier_wait=5;ptx_cp_async_tma=2;ptx_ld_shared=26;ptx_ld_global=7
02_latency_throughput,lat_bf16_m128n256k16_same_d_in1_q3,1,,NVIDIA Thor,11.0,580.00,13.0,PTX ISA 9.3 / CUDA 13.0,1575.000,,,,bf16,128,256,16,3,170,210,5,discard,same,1,1,3,1,nocount,sw128,sw128,16,16,16,0,512,0,0,none,1,none,0,4,20,517172.0,328.3631746031746,517167.6,517174.0,785.4692803828166,752.8134051879779,12288,,32.57209098713774,32.57196502531063,32.57236810705437,0,0.0,1,bf14b28d2af4128daa99f23eec8a5e105636d0b04136f8be580fdc39d6f1f97d,same_d; UTCHMMA=21;UTCHMMA_WS=16;UTCBAR=1;UTCATOMSWS=3;SYNCS_TRYWAIT=8;LDS=21;LDG=9;ptx_tcgen05_mma=21;ptx_tcgen05_mma_ws=16;ptx_tcgen05_commit=1;ptx_tcgen05_alloc=1;ptx_tcgen05_dealloc=1;ptx_tcgen05_ld=5;ptx_tcgen05_st=5;ptx_mbarrier_wait=5;ptx_cp_async_tma=2;ptx_ld_shared=26;ptx_ld_global=7
02_latency_throughput,lat_fp16_m128n256k16_same_d_in1_q3,1,,NVIDIA Thor,11.0,580.00,13.0,PTX ISA 9.3 / CUDA 13.0,1575.000,,,,fp16,128,256,16,3,170,211,5,discard,same,1,1,3,1,nocount,sw128,sw128,16,16,16,0,512,0,0,none,1,none,0,4,20,517175.0,328.36507936507934,517170.4,517175.6,785.4378661773553,752.8089947761537,12288,,32.57190204476242,32.571864256579616,32.57219175835307,0,0.0,1,bf14b28d2af4128daa99f23eec8a5e105636d0b04136f8be580fdc39d6f1f97d,same_d; UTCHMMA=21;UTCHMMA_WS=16;UTCBAR=1;UTCATOMSWS=3;SYNCS_TRYWAIT=8;LDS=21;LDG=9;ptx_tcgen05_mma=21;ptx_tcgen05_mma_ws=16;ptx_tcgen05_commit=1;ptx_tcgen05_alloc=1;ptx_tcgen05_dealloc=1;ptx_tcgen05_ld=5;ptx_tcgen05_st=5;ptx_mbarrier_wait=5;ptx_cp_async_tma=2;ptx_ld_shared=26;ptx_ld_global=7
02_latency_throughput,lat_bf16_m128n128k16_same_d_in1_q3,1,,NVIDIA Thor,11.0,580.00,13.0,PTX ISA 9.3 / CUDA 13.0,1575.000,,,,bf16,128,128,16,3,170,212,5,discard,same,1,1,3,1,nocount,sw128,sw128,16,16,16,0,512,0,0,none,1,none,0,4,20,517171.0,328.36253968253965,517169.39999999997,517174.6,787.5153553462314,752.5721318436277,8192,,16.286076984208318,16.285963618490854,16.28612736949935,0,0.0,1,bf14b28d2af4128daa99f23eec8a5e105636d0b04136f8be580fdc39d6f1f97d,same_d; UTCHMMA=21;UTCHMMA_WS=16;UTCBAR=1;UTCATOMSWS=3;SYNCS_TRYWAIT=8;LDS=21;LDG=9;ptx_tcgen05_mma=21;ptx_tcgen05_mma_ws=16;ptx_tcgen05_commit=1;ptx_tcgen05_alloc=1;ptx_tcgen05_dealloc=1;ptx_tcgen05_ld=5;ptx_tcgen05_st=5;ptx_mbarrier_wait=5;ptx_cp_async_tma=2;ptx_ld_shared=26;ptx_ld_global=7
02_latency_throughput,lat_fp16_m128n256k16_legal_ring_in1_q6,1,,NVIDIA Thor,11.0,580.00,13.0,PTX ISA 9.3 / CUDA 13.0,1575.000,,,,fp16,128,256,16,6,85,213,5,discard,same,2,2,6,1,nocount,sw128,sw128,16,16,16,0,512,0,256,none,1,none,0,4,20,512320.0,325.28253968253966,512318.0,512325.4,782.1123965082807,874.2600760516125,12288,,32.880569643972514,32.88022307745516,32.880698003974096,0,0.0,1,bf14b28d2af4128daa99f23eec8a5e105636d0b04136f8be580fdc39d6f1f97d,legal_ring; UTCHMMA=21;UTCHMMA_WS=16;UTCBAR=1;UTCATOMSWS=3;SYNCS_TRYWAIT=8;LDS=21;LDG=9;ptx_tcgen05_mma=21;ptx_tcgen05_mma_ws=16;ptx_tcgen05_commit=1;ptx_tcgen05_alloc=1;ptx_tcgen05_dealloc=1;ptx_tcgen05_ld=5;ptx_tcgen05_st=5;ptx_mbarrier_wait=5;ptx_cp_async_tma=2;ptx_ld_shared=26;ptx_ld_global=7
02_latency_throughput,lat_bf16_m128n256k16_same_d_in1_q48,1,,NVIDIA Thor,11.0,580.00,13.0,PTX ISA 9.3 / CUDA 13.0,1575.000,,,,bf16,128,256,16,48,10,214,5,discard,same,1,1,48,1,nocount,sw128,sw128,16,16,16,0,512,0,0,none,1,none,0,4,20,369217.0,234.42349206349206,369209.8,369223.4,785.4692803828166,752.8134051879779,12288,,42.9407885335724,42.94004421783899,42.94162592680816,0,0.0,1,bf14b28d2af4128daa99f23eec8a5e105636d0b04136f8be580fdc39d6f1f97d,same_d; UTCHMMA=21;UTCHMMA_WS=16;UTCBAR=1;UTCATOMSWS=3;SYNCS_TRYWAIT=8;LDS=21;LDG=9;ptx_tcgen05_mma=21;ptx_tcgen05_mma_ws=16;ptx_tcgen05_commit=1;ptx_tcgen05_alloc=1;ptx_tcgen05_dealloc=1;ptx_tcgen05_ld=5;ptx_tcgen05_st=5;ptx_mbarrier_wait=5;ptx_cp_async_tma=2;ptx_ld_shared=26;ptx_ld_global=7
02_latency_throughput,lat_fp16_m128n64k16_legal_ring_in0_q4,1,,NVIDIA Thor,11.0,580.00,13.0,PTX ISA 9.3 / CUDA 13.0,1575.000,,,,fp16,128,64,16,4,128,215,5,discard,same,8,8,4,1,nocount,sw128,sw128,16,16,16,0,512,0,64,none,0,none,0,4,20,547816.0,347.8196825396825,547815.0,547820.0,780.9723385179677,874.3665016401734,6144,,7.71766146297297,7.717605111167902,7.717675551052819,0,0.0,1,bf14b28d2af4128daa99f23eec8a5e105636d0b04136f8be580fdc39d6f1f97d,legal_ring; UTCHMMA=21;UTCHMMA_WS=16;UTCBAR=1;UTCATOMSWS=3;SYNCS_TRYWAIT=8;LDS=21;LDG=9;ptx_tcgen05_mma=21;ptx_tcgen05_mma_ws=16;ptx_tcgen05_commit=1;ptx_tcgen05_alloc=1;ptx_tcgen05_dealloc=1;ptx_tcgen05_ld=5;ptx_tcgen05_st=5;ptx_mbarrier_wait=5;ptx_cp_async_tma=2;ptx_ld_shared=26;ptx_ld_global=7
02_latency_throughput,lat_bf16_m128n256k16_legal_ring_in0_q48,1,,NVIDIA Thor,11.0,580.00,13.0,PTX ISA 9.3 / CUDA 13.0,1575.000,,,,bf16,128,256,16,48,10,216,5,discard,same,2,2,48,1,nocount,sw128,sw128,16,16,16,0,512,0,256,none,0,none,0,4,20,427474.0,271.4120634920635,427470.0,427478.4,782.0351892886574,874.2602903897068,12288,,37.08873316271866,37.088351412219104,37.089080216155516,0,0.0,1,bf14b28d2af4128daa99f23eec8a5e105636d0b04136f8be580fdc39d6f1f97d,legal_ring; UTCHMMA=21;UTCHMMA_WS=16;UTCBAR=1;UTCATOMSWS=3;SYNCS_TRYWAIT=8;LDS=21;LDG=9;ptx_tcgen05_mma=21;ptx_tcgen05_mma_ws=16;ptx_tcgen05_commit=1;ptx_tcgen05_alloc=1;ptx_tcgen05_dealloc=1;ptx_tcgen05_ld=5;ptx_tcgen05_st=5;ptx_mbarrier_wait=5;ptx_cp_async_tma=2;ptx_ld_shared=26;ptx_ld_global=7
02_latency_throughput,lat_fp16_m128n64k16_same_d_in1_q8,1,,NVIDIA Thor,11.0,580.00,13.0,PTX ISA 9.3 / CUDA 13.0,1575.000,,,,fp16,128,64,16,8,64,217,5,discard,same,1,1,8,1,nocount,sw128,sw128,16,16,16,0,512,0,0,none,1,none,0,4,20,435694.0,276.63111111111107,435689.6,435697.80000000005,785.6074052530239,752.858392250107,6144,,9.703733427589087,9.703648795215644,9.70383142513736,0,0.0,1,bf14b28d2af4128daa99f23eec8a5e105636d0b04136f8be580fdc39d6f1f97d,same_d; UTCHMMA=21;UTCHMMA_WS=16;UTCBAR=1;UTCATOMSWS=3;SYNCS_TRYWAIT=8;LDS=21;LDG=9;ptx_tcgen05_mma=21;ptx_tcgen05_mma_ws=16;ptx_tcgen05_commit=1;ptx_tcgen05_alloc=1;ptx_tcgen05_dealloc=1;ptx_tcgen05_ld=5;ptx_tcgen05_st=5;ptx_mbarrier_wait=5;ptx_cp_async_tma=2;ptx_ld_shared=26;ptx_ld_global=7
02_latency_throughput,lat_bf16_m128n64k16_same_d_in1_q32,1,,NVIDIA Thor,11.0,580.00,13.0,PTX ISA 9.3 / CUDA 13.0,1575.000,,,,bf16,128,64,16,32,16,218,5,discard,same,1,1,32,1,nocount,sw128,sw128,16,16,16,0,512,0,0,none,1,none,0,4,20,398069.0,252.7422222222222,398058.4,398072.2,785.8454581051265,752.8594261530949,6144,,10.620918564369495,10.620833185602041,10.621201392133758,0,0.0,1,bf14b28d2af4128daa99f23eec8a5e105636d0b04136f8be580fdc39d6f1f97d,same_d; UTCHMMA=21;UTCHMMA_WS=16;UTCBAR=1;UTCATOMSWS=3;SYNCS_TRYWAIT=8;LDS=21;LDG=9;ptx_tcgen05_mma=21;ptx_tcgen05_mma_ws=16;ptx_tcgen05_commit=1;ptx_tcgen05_alloc=1;ptx_tcgen05_dealloc=1;ptx_tcgen05_ld=5;ptx_tcgen05_st=5;ptx_mbarrier_wait=5;ptx_cp_async_tma=2;ptx_ld_shared=26;ptx_ld_global=7
02_latency_throughput,lat_fp16_m128n256k16_same_d_in0_q1,1,,NVIDIA Thor,11.0,580.00,13.0,PTX ISA 9.3 / CUDA 13.0,1575.000,,,,fp16,128,256,16,1,512,219,5,discard,same,1,1,1,1,nocount,sw128,sw128,16,16,16,0,512,0,0,none,0,none,0,4,20,779123.0,494.68126984126985,779118.0,779178.0,785.4732699917931,752.8025746884518,12288,,21.705730324993613,21.704198183442443,21.705869621803117,0,0.0,1,bf14b28d2af4128daa99f23eec8a5e105636d0b04136f8be580fdc39d6f1f97d,same_d; UTCHMMA=21;UTCHMMA_WS=16;UTCBAR=1;UTCATOMSWS=3;SYNCS_TRYWAIT=8;LDS=21;LDG=9;ptx_tcgen05_mma=21;ptx_tcgen05_mma_ws=16;ptx_tcgen05_commit=1;ptx_tcgen05_alloc=1;ptx_tcgen05_dealloc=1;ptx_tcgen05_ld=5;ptx_tcgen05_st=5;ptx_mbarrier_wait=5;ptx_cp_async_tma=2;ptx_ld_shared=26;ptx_ld_global=7
02_latency_throughput,lat_fp16_m128n64k16_legal_ring_in1_q32,1,,NVIDIA Thor,11.0,580.00,13.0,PTX ISA 9.3 / CUDA 13.0,1575.000,,,,fp16,128,64,16,32,16,220,5,discard,same,8,8,32,1,nocount,sw128,sw128,16,16,16,0,512,0,64,none,1,none,0,4,20,460150.0,292.1587301587302,460148.8,460154.20000000007,781.0013988701976,874.3625717017189,6144,,9.188000504183417,9.187916642366435,9.188024465171196,0,0.0,1,bf14b28d2af4128daa99f23eec8a5e105636d0b04136f8be580fdc39d6f1f97d,legal_ring; UTCHMMA=21;UTCHMMA_WS=16;UTCBAR=1;UTCATOMSWS=3;SYNCS_TRYWAIT=8;LDS=21;LDG=9;ptx_tcgen05_mma=21;ptx_tcgen05_mma_ws=16;ptx_tcgen05_commit=1;ptx_tcgen05_alloc=1;ptx_tcgen05_dealloc=1;ptx_tcgen05_ld=5;ptx_tcgen05_st=5;ptx_mbarrier_wait=5;ptx_cp_async_tma=2;ptx_ld_shared=26;ptx_ld_global=7
02_latency_throughput,lat_bf16_m128n128k16_legal_ring_in1_q1,1,,NVIDIA Thor,11.0,580.00,13.0,PTX ISA 9.3 / CUDA 13.0,1575.000,,,,bf16,128,128,16,1,512,221,5,discard,same,4,4,1,1,nocount,sw128,sw128,16,16,16,0,512,0,128,none,1,none,0,4,20,841325.0,534.1746031746031,841076.4,841328.0,781.0100084045298,874.4678960754948,8192,,10.050476170326569,10.050440332426827,10.053446825999242,0,0.0,1,bf14b28d2af4128daa99f23eec8a5e105636d0b04136f8be580fdc39d6f1f97d,legal_ring; UTCHMMA=21;UTCHMMA_WS=16;UTCBAR=1;UTCATOMSWS=3;SYNCS_TRYWAIT=8;LDS=21;LDG=9;ptx_tcgen05_mma=21;ptx_tcgen05_mma_ws=16;ptx_tcgen05_commit=1;ptx_tcgen05_alloc=1;ptx_tcgen05_dealloc=1;ptx_tcgen05_ld=5;ptx_tcgen05_st=5;ptx_mbarrier_wait=5;ptx_cp_async_tma=2;ptx_ld_shared=26;ptx_ld_global=7
02_latency_throughput,lat_fp16_m128n128k16_legal_ring_in0_q48,1,,NVIDIA Thor,11.0,580.00,13.0,PTX ISA 9.3 / CUDA 13.0,1575.000,,,,fp16,128,128,16,48,10,222,5,discard,same,4,4,48,1,nocount,sw128,sw128,16,16,16,0,512,0,128,none,0,none,0,4,20,427558.0,271.46539682539685,427554.0,427559.19999999995,781.0876772515294,874.4683934150742,8192,,18.540723270293153,18.540671233461072,18.540896729442807,0,0.0,1,bf14b28d2af4128daa99f23eec8a5e105636d0b04136f8be580fdc39d6f1f97d,legal_ring; UTCHMMA=21;UTCHMMA_WS=16;UTCBAR=1;UTCATOMSWS=3;SYNCS_TRYWAIT=8;LDS=21;LDG=9;ptx_tcgen05_mma=21;ptx_tcgen05_mma_ws=16;ptx_tcgen05_commit=1;ptx_tcgen05_alloc=1;ptx_tcgen05_dealloc=1;ptx_tcgen05_ld=5;ptx_tcgen05_st=5;ptx_mbarrier_wait=5;ptx_cp_async_tma=2;ptx_ld_shared=26;ptx_ld_global=7
02_latency_throughput,lat_bf16_m128n256k16_legal_ring_in0_q12,1,,NVIDIA Thor,11.0,580.00,13.0,PTX ISA 9.3 / CUDA 13.0,1575.000,,,,bf16,128,256,16,12,42,223,5,discard,same,2,2,12,1,nocount,sw128,sw128,16,16,16,0,512,0,256,none,0,none,0,4,20,473507.0,300.63936507936506,473498.2,473513.19999999995,782.0351892886574,874.2602903897068,12288,,35.15722592485433,35.156765591483286,35.15787933092801,0,0.0,1,bf14b28d2af4128daa99f23eec8a5e105636d0b04136f8be580fdc39d6f1f97d,legal_ring; UTCHMMA=21;UTCHMMA_WS=16;UTCBAR=1;UTCATOMSWS=3;SYNCS_TRYWAIT=8;LDS=21;LDG=9;ptx_tcgen05_mma=21;ptx_tcgen05_mma_ws=16;ptx_tcgen05_commit=1;ptx_tcgen05_alloc=1;ptx_tcgen05_dealloc=1;ptx_tcgen05_ld=5;ptx_tcgen05_st=5;ptx_mbarrier_wait=5;ptx_cp_async_tma=2;ptx_ld_shared=26;ptx_ld_global=7
02_latency_throughput,lat_bf16_m128n128k16_same_d_in1_q2,1,,NVIDIA Thor,11.0,580.00,13.0,PTX ISA 9.3 / CUDA 13.0,1575.000,,,,bf16,128,128,16,2,256,224,5,discard,same,1,1,2,1,nocount,sw128,sw128,16,16,16,0,512,0,0,none,1,none,0,4,20,586096.0,372.12444444444446,586093.0,586101.2,787.5153553462314,752.5721318436277,8192,,14.427187464169691,14.42705946349134,14.427261312023342,0,0.0,1,bf14b28d2af4128daa99f23eec8a5e105636d0b04136f8be580fdc39d6f1f97d,same_d; UTCHMMA=21;UTCHMMA_WS=16;UTCBAR=1;UTCATOMSWS=3;SYNCS_TRYWAIT=8;LDS=21;LDG=9;ptx_tcgen05_mma=21;ptx_tcgen05_mma_ws=16;ptx_tcgen05_commit=1;ptx_tcgen05_alloc=1;ptx_tcgen05_dealloc=1;ptx_tcgen05_ld=5;ptx_tcgen05_st=5;ptx_mbarrier_wait=5;ptx_cp_async_tma=2;ptx_ld_shared=26;ptx_ld_global=7
02_latency_throughput,lat_fp16_m128n128k16_same_d_in1_q48,1,,NVIDIA Thor,11.0,580.00,13.0,PTX ISA 9.3 / CUDA 13.0,1575.000,,,,fp16,128,128,16,48,10,225,5,discard,same,1,1,48,1,nocount,sw128,sw128,16,16,16,0,512,0,0,none,1,none,0,4,20,369116.0,234.3593650793651,369113.4,369123.80000000005,787.7606965817195,752.5639915425807,8192,,21.476269140324447,21.475815325085126,21.476420417177927,0,0.0,1,bf14b28d2af4128daa99f23eec8a5e105636d0b04136f8be580fdc39d6f1f97d,same_d; UTCHMMA=21;UTCHMMA_WS=16;UTCBAR=1;UTCATOMSWS=3;SYNCS_TRYWAIT=8;LDS=21;LDG=9;ptx_tcgen05_mma=21;ptx_tcgen05_mma_ws=16;ptx_tcgen05_commit=1;ptx_tcgen05_alloc=1;ptx_tcgen05_dealloc=1;ptx_tcgen05_ld=5;ptx_tcgen05_st=5;ptx_mbarrier_wait=5;ptx_cp_async_tma=2;ptx_ld_shared=26;ptx_ld_global=7
02_latency_throughput,lat_fp16_m128n256k16_same_d_in0_q48,1,,NVIDIA Thor,11.0,580.00,13.0,PTX ISA 9.3 / CUDA 13.0,1575.000,,,,fp16,128,256,16,48,10,226,5,discard,same,1,1,48,1,nocount,sw128,sw128,16,16,16,0,512,0,0,none,0,none,0,4,20,369214.0,234.42158730158732,369210.4,369218.4,785.4732699917931,752.8025746884518,12288,,42.941137443325545,42.9406257121709,42.94155614258946,0,0.0,1,bf14b28d2af4128daa99f23eec8a5e105636d0b04136f8be580fdc39d6f1f97d,same_d; UTCHMMA=21;UTCHMMA_WS=16;UTCBAR=1;UTCATOMSWS=3;SYNCS_TRYWAIT=8;LDS=21;LDG=9;ptx_tcgen05_mma=21;ptx_tcgen05_mma_ws=16;ptx_tcgen05_commit=1;ptx_tcgen05_alloc=1;ptx_tcgen05_dealloc=1;ptx_tcgen05_ld=5;ptx_tcgen05_st=5;ptx_mbarrier_wait=5;ptx_cp_async_tma=2;ptx_ld_shared=26;ptx_ld_global=7
02_latency_throughput,lat_bf16_m128n256k16_legal_ring_in0_q1,1,,NVIDIA Thor,11.0,580.00,13.0,PTX ISA 9.3 / CUDA 13.0,1575.000,,,,bf16,128,256,16,1,512,227,5,discard,same,2,2,1,1,nocount,sw128,sw128,16,16,16,0,512,0,256,none,0,none,0,4,20,841074.0,534.015238095238,841072.2,841226.8,782.0351892886574,874.2602903897068,12288,,20.10695102690132,20.10329924717186,20.106994058359838,0,0.0,1,bf14b28d2af4128daa99f23eec8a5e105636d0b04136f8be580fdc39d6f1f97d,legal_ring; UTCHMMA=21;UTCHMMA_WS=16;UTCBAR=1;UTCATOMSWS=3;SYNCS_TRYWAIT=8;LDS=21;LDG=9;ptx_tcgen05_mma=21;ptx_tcgen05_mma_ws=16;ptx_tcgen05_commit=1;ptx_tcgen05_alloc=1;ptx_tcgen05_dealloc=1;ptx_tcgen05_ld=5;ptx_tcgen05_st=5;ptx_mbarrier_wait=5;ptx_cp_async_tma=2;ptx_ld_shared=26;ptx_ld_global=7
02_latency_throughput,lat_fp16_m128n256k16_same_d_in1_q4,1,,NVIDIA Thor,11.0,580.00,13.0,PTX ISA 9.3 / CUDA 13.0,1575.000,,,,fp16,128,256,16,4,128,228,5,discard,same,1,1,4,1,nocount,sw128,sw128,16,16,16,0,512,0,0,none,1,none,0,4,20,485745.0,308.4095238095238,485741.8,485748.19999999995,785.4378661773553,752.8089947761537,12288,,34.81545610968718,34.815226753426586,34.815685469253026,0,0.0,1,bf14b28d2af4128daa99f23eec8a5e105636d0b04136f8be580fdc39d6f1f97d,same_d; UTCHMMA=21;UTCHMMA_WS=16;UTCBAR=1;UTCATOMSWS=3;SYNCS_TRYWAIT=8;LDS=21;LDG=9;ptx_tcgen05_mma=21;ptx_tcgen05_mma_ws=16;ptx_tcgen05_commit=1;ptx_tcgen05_alloc=1;ptx_tcgen05_dealloc=1;ptx_tcgen05_ld=5;ptx_tcgen05_st=5;ptx_mbarrier_wait=5;ptx_cp_async_tma=2;ptx_ld_shared=26;ptx_ld_global=7
02_latency_throughput,lat_bf16_m128n128k16_legal_ring_in0_q4,1,,NVIDIA Thor,11.0,580.00,13.0,PTX ISA 9.3 / CUDA 13.0,1575.000,,,,bf16,128,128,16,4,128,229,5,discard,same,4,4,4,1,nocount,sw128,sw128,16,16,16,0,512,0,128,none,0,none,0,4,20,547819.0,347.82158730158733,547818.0,547822.6,781.095600264056,874.4672932168828,8192,,15.435238398084039,15.435136966316168,15.435266573935138,0,0.0,1,bf14b28d2af4128daa99f23eec8a5e105636d0b04136f8be580fdc39d6f1f97d,legal_ring; UTCHMMA=21;UTCHMMA_WS=16;UTCBAR=1;UTCATOMSWS=3;SYNCS_TRYWAIT=8;LDS=21;LDG=9;ptx_tcgen05_mma=21;ptx_tcgen05_mma_ws=16;ptx_tcgen05_commit=1;ptx_tcgen05_alloc=1;ptx_tcgen05_dealloc=1;ptx_tcgen05_ld=5;ptx_tcgen05_st=5;ptx_mbarrier_wait=5;ptx_cp_async_tma=2;ptx_ld_shared=26;ptx_ld_global=7
02_latency_throughput,lat_bf16_m128n64k16_same_d_in0_q3,1,,NVIDIA Thor,11.0,580.00,13.0,PTX ISA 9.3 / CUDA 13.0,1575.000,,,,bf16,128,64,16,3,170,230,5,discard,same,1,1,3,1,nocount,sw128,sw128,16,16,16,0,512,0,0,none,0,none,0,4,20,517169.0,328.3612698412698,517169.0,517173.4,785.5632909254637,752.8588489741785,6144,,8.143069982926278,8.143000703556027,8.143069982926278,0,0.0,1,bf14b28d2af4128daa99f23eec8a5e105636d0b04136f8be580fdc39d6f1f97d,same_d; UTCHMMA=21;UTCHMMA_WS=16;UTCBAR=1;UTCATOMSWS=3;SYNCS_TRYWAIT=8;LDS=21;LDG=9;ptx_tcgen05_mma=21;ptx_tcgen05_mma_ws=16;ptx_tcgen05_commit=1;ptx_tcgen05_alloc=1;ptx_tcgen05_dealloc=1;ptx_tcgen05_ld=5;ptx_tcgen05_st=5;ptx_mbarrier_wait=5;ptx_cp_async_tma=2;ptx_ld_shared=26;ptx_ld_global=7
02_latency_throughput,lat_fp16_m128n64k16_same_d_in0_q16,1,,NVIDIA Thor,11.0,580.00,13.0,PTX ISA 9.3 / CUDA 13.0,1575.000,,,,fp16,128,64,16,16,32,231,5,discard,same,1,1,16,1,nocount,sw128,sw128,16,16,16,0,512,0,0,none,0,none,0,4,20,410662.0,260.73777777777775,410660.4,410665.80000000005,785.5087943496892,752.8603052661067,6144,,10.295226809395562,10.295131545052326,10.295266921295593,0,0.0,1,bf14b28d2af4128daa99f23eec8a5e105636d0b04136f8be580fdc39d6f1f97d,same_d; UTCHMMA=21;UTCHMMA_WS=16;UTCBAR=1;UTCATOMSWS=3;SYNCS_TRYWAIT=8;LDS=21;LDG=9;ptx_tcgen05_mma=21;ptx_tcgen05_mma_ws=16;ptx_tcgen05_commit=1;ptx_tcgen05_alloc=1;ptx_tcgen05_dealloc=1;ptx_tcgen05_ld=5;ptx_tcgen05_st=5;ptx_mbarrier_wait=5;ptx_cp_async_tma=2;ptx_ld_shared=26;ptx_ld_global=7
02_latency_throughput,lat_bf16_m128n128k16_same_d_in1_q4,1,,NVIDIA Thor,11.0,580.00,13.0,PTX ISA 9.3 / CUDA 13.0,1575.000,,,,bf16,128,128,16,4,128,232,5,discard,same,1,1,4,1,nocount,sw128,sw128,16,16,16,0,512,0,0,none,1,none,0,4,20,485746.0,308.41015873015874,485743.8,485748.0,787.5153553462314,752.5721318436277,8192,,17.40769221774343,17.407620543985768,17.407771059629386,0,0.0,1,bf14b28d2af4128daa99f23eec8a5e105636d0b04136f8be580fdc39d6f1f97d,same_d; UTCHMMA=21;UTCHMMA_WS=16;UTCBAR=1;UTCATOMSWS=3;SYNCS_TRYWAIT=8;LDS=21;LDG=9;ptx_tcgen05_mma=21;ptx_tcgen05_mma_ws=16;ptx_tcgen05_commit=1;ptx_tcgen05_alloc=1;ptx_tcgen05_dealloc=1;ptx_tcgen05_ld=5;ptx_tcgen05_st=5;ptx_mbarrier_wait=5;ptx_cp_async_tma=2;ptx_ld_shared=26;ptx_ld_global=7
02_latency_throughput,commit_prefix_c1_p4,1,,NVIDIA Thor,11.0,580.00,13.0,PTX ISA 9.3 / CUDA 13.0,1575.000,,,,bf16,128,128,16,16,128,233,5,discard,same,4,4,1,4,count,sw128,sw128,16,16,16,0,512,0,128,none,0,none,0,4,20,3297495.0,2093.6476190476187,3297491.4,3297495.0,,,8192,,10.257139876178737,10.257139876178737,10.25715107430663,0,0.0,1,bf14b28d2af4128daa99f23eec8a5e105636d0b04136f8be580fdc39d6f1f97d,commit prefix scan; pending_mbarriers is prefix tracking count; UTCHMMA=21;UTCHMMA_WS=16;UTCBAR=1;UTCATOMSWS=3;SYNCS_TRYWAIT=8;LDS=21;LDG=9;ptx_tcgen05_mma=21;ptx_tcgen05_mma_ws=16;ptx_tcgen05_commit=1;ptx_tcgen05_alloc=1;ptx_tcgen05_dealloc=1;ptx_tcgen05_ld=5;ptx_tcgen05_st=5;ptx_mbarrier_wait=5;ptx_cp_async_tma=2;ptx_ld_shared=26;ptx_ld_global=7
02_latency_throughput,lat_fp16_m128n64k16_same_d_in1_q16,1,,NVIDIA Thor,11.0,580.00,13.0,PTX ISA 9.3 / CUDA 13.0,1575.000,,,,fp16,128,64,16,16,32,234,5,discard,same,1,1,16,1,nocount,sw128,sw128,16,16,16,0,512,0,0,none,1,none,0,4,20,410669.0,260.7422222222222,410662.4,410743.4,785.6074052530239,752.858392250107,6144,,10.295051323572025,10.293186529829157,10.295216782000502,0,0.0,1,bf14b28d2af4128daa99f23eec8a5e105636d0b04136f8be580fdc39d6f1f97d,same_d; UTCHMMA=21;UTCHMMA_WS=16;UTCBAR=1;UTCATOMSWS=3;SYNCS_TRYWAIT=8;LDS=21;LDG=9;ptx_tcgen05_mma=21;ptx_tcgen05_mma_ws=16;ptx_tcgen05_commit=1;ptx_tcgen05_alloc=1;ptx_tcgen05_dealloc=1;ptx_tcgen05_ld=5;ptx_tcgen05_st=5;ptx_mbarrier_wait=5;ptx_cp_async_tma=2;ptx_ld_shared=26;ptx_ld_global=7
02_latency_throughput,lat_bf16_m128n64k16_same_d_in1_q48,1,,NVIDIA Thor,11.0,580.00,13.0,PTX ISA 9.3 / CUDA 13.0,1575.000,,,,bf16,128,64,16,48,10,235,5,discard,same,1,1,48,1,nocount,sw128,sw128,16,16,16,0,512,0,0,none,1,none,0,4,20,369241.0,234.43873015873018,369233.8,369242.6,785.8454581051265,752.8594261530949,6144,,10.734499364913429,10.734452850258819,10.734708686008457,0,0.0,1,bf14b28d2af4128daa99f23eec8a5e105636d0b04136f8be580fdc39d6f1f97d,same_d; UTCHMMA=21;UTCHMMA_WS=16;UTCBAR=1;UTCATOMSWS=3;SYNCS_TRYWAIT=8;LDS=21;LDG=9;ptx_tcgen05_mma=21;ptx_tcgen05_mma_ws=16;ptx_tcgen05_commit=1;ptx_tcgen05_alloc=1;ptx_tcgen05_dealloc=1;ptx_tcgen05_ld=5;ptx_tcgen05_st=5;ptx_mbarrier_wait=5;ptx_cp_async_tma=2;ptx_ld_shared=26;ptx_ld_global=7
02_latency_throughput,lat_fp16_m128n64k16_legal_ring_in0_q8,1,,NVIDIA Thor,11.0,580.00,13.0,PTX ISA 9.3 / CUDA 13.0,1575.000,,,,fp16,128,64,16,8,64,236,5,discard,same,8,8,8,1,nocount,sw128,sw128,16,16,16,0,512,0,64,none,0,none,0,4,20,497649.0,315.96761904761905,497644.0,497698.0,780.9723385179677,874.3665016401734,6144,,8.495663473653117,8.494827047727739,8.495748832704567,0,0.0,1,bf14b28d2af4128daa99f23eec8a5e105636d0b04136f8be580fdc39d6f1f97d,legal_ring; UTCHMMA=21;UTCHMMA_WS=16;UTCBAR=1;UTCATOMSWS=3;SYNCS_TRYWAIT=8;LDS=21;LDG=9;ptx_tcgen05_mma=21;ptx_tcgen05_mma_ws=16;ptx_tcgen05_commit=1;ptx_tcgen05_alloc=1;ptx_tcgen05_dealloc=1;ptx_tcgen05_ld=5;ptx_tcgen05_st=5;ptx_mbarrier_wait=5;ptx_cp_async_tma=2;ptx_ld_shared=26;ptx_ld_global=7
02_latency_throughput,lat_bf16_m128n256k16_legal_ring_in0_q2,1,,NVIDIA Thor,11.0,580.00,13.0,PTX ISA 9.3 / CUDA 13.0,1575.000,,,,bf16,128,256,16,2,256,237,5,discard,same,2,2,2,1,nocount,sw128,sw128,16,16,16,0,512,0,256,none,0,none,0,4,20,648046.0,411.4577777777778,648041.8,648051.4,782.0351892886574,874.2602903897068,12288,,26.096039058955693,26.095821609450468,26.09620818909931,0,0.0,1,bf14b28d2af4128daa99f23eec8a5e105636d0b04136f8be580fdc39d6f1f97d,legal_ring; UTCHMMA=21;UTCHMMA_WS=16;UTCBAR=1;UTCATOMSWS=3;SYNCS_TRYWAIT=8;LDS=21;LDG=9;ptx_tcgen05_mma=21;ptx_tcgen05_mma_ws=16;ptx_tcgen05_commit=1;ptx_tcgen05_alloc=1;ptx_tcgen05_dealloc=1;ptx_tcgen05_ld=5;ptx_tcgen05_st=5;ptx_mbarrier_wait=5;ptx_cp_async_tma=2;ptx_ld_shared=26;ptx_ld_global=7
02_latency_throughput,lat_fp16_m128n256k16_same_d_in0_q4,1,,NVIDIA Thor,11.0,580.00,13.0,PTX ISA 9.3 / CUDA 13.0,1575.000,,,,fp16,128,256,16,4,128,238,5,discard,same,1,1,4,1,nocount,sw128,sw128,16,16,16,0,512,0,0,none,0,none,0,4,20,485747.0,308.41079365079366,485741.2,485754.4,785.4732699917931,752.8025746884518,12288,,34.81531276158165,34.81478238672321,34.815728474658556,0,0.0,1,bf14b28d2af4128daa99f23eec8a5e105636d0b04136f8be580fdc39d6f1f97d,same_d; UTCHMMA=21;UTCHMMA_WS=16;UTCBAR=1;UTCATOMSWS=3;SYNCS_TRYWAIT=8;LDS=21;LDG=9;ptx_tcgen05_mma=21;ptx_tcgen05_mma_ws=16;ptx_tcgen05_commit=1;ptx_tcgen05_alloc=1;ptx_tcgen05_dealloc=1;ptx_tcgen05_ld=5;ptx_tcgen05_st=5;ptx_mbarrier_wait=5;ptx_cp_async_tma=2;ptx_ld_shared=26;ptx_ld_global=7
02_latency_throughput,lat_bf16_m128n64k16_legal_ring_in0_q3,1,,NVIDIA Thor,11.0,580.00,13.0,PTX ISA 9.3 / CUDA 13.0,1575.000,,,,bf16,128,64,16,3,170,239,5,discard,same,8,8,3,1,nocount,sw128,sw128,16,16,16,0,512,0,64,none,0,none,0,4,20,578881.0,367.54349206349207,578874.8,578884.2,780.9607439667889,874.3618246594358,6144,,7.274972507302883,7.274932292178754,7.275050425432348,0,0.0,1,bf14b28d2af4128daa99f23eec8a5e105636d0b04136f8be580fdc39d6f1f97d,legal_ring; UTCHMMA=21;UTCHMMA_WS=16;UTCBAR=1;UTCATOMSWS=3;SYNCS_TRYWAIT=8;LDS=21;LDG=9;ptx_tcgen05_mma=21;ptx_tcgen05_mma_ws=16;ptx_tcgen05_commit=1;ptx_tcgen05_alloc=1;ptx_tcgen05_dealloc=1;ptx_tcgen05_ld=5;ptx_tcgen05_st=5;ptx_mbarrier_wait=5;ptx_cp_async_tma=2;ptx_ld_shared=26;ptx_ld_global=7
02_latency_throughput,lat_bf16_m128n256k16_same_d_in0_q12,1,,NVIDIA Thor,11.0,580.00,13.0,PTX ISA 9.3 / CUDA 13.0,1575.000,,,,bf16,128,256,16,12,42,240,5,discard,same,1,1,12,1,nocount,sw128,sw128,16,16,16,0,512,0,0,none,0,none,0,4,20,412503.0,261.90666666666664,412502.0,412507.8,785.412469759447,752.808329126516,12288,,40.35653698518556,40.35606739123797,40.356634818740275,0,0.0,1,bf14b28d2af4128daa99f23eec8a5e105636d0b04136f8be580fdc39d6f1f97d,same_d; UTCHMMA=21;UTCHMMA_WS=16;UTCBAR=1;UTCATOMSWS=3;SYNCS_TRYWAIT=8;LDS=21;LDG=9;ptx_tcgen05_mma=21;ptx_tcgen05_mma_ws=16;ptx_tcgen05_commit=1;ptx_tcgen05_alloc=1;ptx_tcgen05_dealloc=1;ptx_tcgen05_ld=5;ptx_tcgen05_st=5;ptx_mbarrier_wait=5;ptx_cp_async_tma=2;ptx_ld_shared=26;ptx_ld_global=7
02_latency_throughput,lat_fp16_m128n64k16_same_d_in1_q64,1,,NVIDIA Thor,11.0,580.00,13.0,PTX ISA 9.3 / CUDA 13.0,1575.000,,,,fp16,128,64,16,64,8,241,5,discard,same,1,1,64,1,nocount,sw128,sw128,16,16,16,0,512,0,0,none,1,none,0,4,20,391716.0,248.70857142857145,391714.0,391717.8,785.6074052530239,752.858392250107,6144,,10.793172686333977,10.793123090294888,10.793227793747478,0,0.0,1,bf14b28d2af4128daa99f23eec8a5e105636d0b04136f8be580fdc39d6f1f97d,same_d; UTCHMMA=21;UTCHMMA_WS=16;UTCBAR=1;UTCATOMSWS=3;SYNCS_TRYWAIT=8;LDS=21;LDG=9;ptx_tcgen05_mma=21;ptx_tcgen05_mma_ws=16;ptx_tcgen05_commit=1;ptx_tcgen05_alloc=1;ptx_tcgen05_dealloc=1;ptx_tcgen05_ld=5;ptx_tcgen05_st=5;ptx_mbarrier_wait=5;ptx_cp_async_tma=2;ptx_ld_shared=26;ptx_ld_global=7
02_latency_throughput,lat_bf16_m128n256k16_legal_ring_in1_q16,1,,NVIDIA Thor,11.0,580.00,13.0,PTX ISA 9.3 / CUDA 13.0,1575.000,,,,bf16,128,256,16,16,32,242,5,discard,same,2,2,16,1,nocount,sw128,sw128,16,16,16,0,512,0,256,none,1,none,0,4,20,472642.0,300.0901587301587,472639.8,472643.19999999995,782.1260899596709,874.2527859342456,12288,,35.78064100947441,35.7805501656909,35.78080755804458,0,0.0,1,bf14b28d2af4128daa99f23eec8a5e105636d0b04136f8be580fdc39d6f1f97d,legal_ring; UTCHMMA=21;UTCHMMA_WS=16;UTCBAR=1;UTCATOMSWS=3;SYNCS_TRYWAIT=8;LDS=21;LDG=9;ptx_tcgen05_mma=21;ptx_tcgen05_mma_ws=16;ptx_tcgen05_commit=1;ptx_tcgen05_alloc=1;ptx_tcgen05_dealloc=1;ptx_tcgen05_ld=5;ptx_tcgen05_st=5;ptx_mbarrier_wait=5;ptx_cp_async_tma=2;ptx_ld_shared=26;ptx_ld_global=7
02_latency_throughput,commit_prefix_c2_p2,1,,NVIDIA Thor,11.0,580.00,13.0,PTX ISA 9.3 / CUDA 13.0,1575.000,,,,bf16,128,128,16,16,128,243,5,discard,same,4,4,2,2,count,sw128,sw128,16,16,16,0,512,0,128,none,0,none,0,4,20,2560219.0,1625.535873015873,2560202.5999999996,2560222.6,,,8192,,13.210927446441106,13.21090887020706,13.21101207225546,0,0.0,1,bf14b28d2af4128daa99f23eec8a5e105636d0b04136f8be580fdc39d6f1f97d,commit prefix scan; pending_mbarriers is prefix tracking count; UTCHMMA=21;UTCHMMA_WS=16;UTCBAR=1;UTCATOMSWS=3;SYNCS_TRYWAIT=8;LDS=21;LDG=9;ptx_tcgen05_mma=21;ptx_tcgen05_mma_ws=16;ptx_tcgen05_commit=1;ptx_tcgen05_alloc=1;ptx_tcgen05_dealloc=1;ptx_tcgen05_ld=5;ptx_tcgen05_st=5;ptx_mbarrier_wait=5;ptx_cp_async_tma=2;ptx_ld_shared=26;ptx_ld_global=7
02_latency_throughput,lat_bf16_m128n128k16_legal_ring_in0_q3,1,,NVIDIA Thor,11.0,580.00,13.0,PTX ISA 9.3 / CUDA 13.0,1575.000,,,,bf16,128,128,16,3,170,244,5,discard,same,4,4,3,1,nocount,sw128,sw128,16,16,16,0,512,0,128,none,0,none,0,4,20,578878.0,367.5415873015873,578871.8,578879.0,781.095600264056,874.4672932168828,8192,,14.550020418810181,14.549995283988535,14.550176256684345,0,0.0,1,bf14b28d2af4128daa99f23eec8a5e105636d0b04136f8be580fdc39d6f1f97d,legal_ring; UTCHMMA=21;UTCHMMA_WS=16;UTCBAR=1;UTCATOMSWS=3;SYNCS_TRYWAIT=8;LDS=21;LDG=9;ptx_tcgen05_mma=21;ptx_tcgen05_mma_ws=16;ptx_tcgen05_commit=1;ptx_tcgen05_alloc=1;ptx_tcgen05_dealloc=1;ptx_tcgen05_ld=5;ptx_tcgen05_st=5;ptx_mbarrier_wait=5;ptx_cp_async_tma=2;ptx_ld_shared=26;ptx_ld_global=7
02_latency_throughput,lat_bf16_m128n128k16_legal_ring_in1_q12,1,,NVIDIA Thor,11.0,580.00,13.0,PTX ISA 9.3 / CUDA 13.0,1575.000,,,,bf16,128,128,16,12,42,245,5,discard,same,4,4,12,1,nocount,sw128,sw128,16,16,16,0,512,0,128,none,1,none,0,4,20,473537.0,300.6584126984127,473531.39999999997,473566.80000000005,781.0100084045298,874.4678960754948,8192,,17.57749930417264,17.576393211200802,17.57770717701238,0,0.0,1,bf14b28d2af4128daa99f23eec8a5e105636d0b04136f8be580fdc39d6f1f97d,legal_ring; UTCHMMA=21;UTCHMMA_WS=16;UTCBAR=1;UTCATOMSWS=3;SYNCS_TRYWAIT=8;LDS=21;LDG=9;ptx_tcgen05_mma=21;ptx_tcgen05_mma_ws=16;ptx_tcgen05_commit=1;ptx_tcgen05_alloc=1;ptx_tcgen05_dealloc=1;ptx_tcgen05_ld=5;ptx_tcgen05_st=5;ptx_mbarrier_wait=5;ptx_cp_async_tma=2;ptx_ld_shared=26;ptx_ld_global=7
02_latency_throughput,lat_fp16_m128n128k16_legal_ring_in1_q4,1,,NVIDIA Thor,11.0,580.00,13.0,PTX ISA 9.3 / CUDA 13.0,1575.000,,,,fp16,128,128,16,4,128,246,5,discard,same,4,4,4,1,nocount,sw128,sw128,16,16,16,0,512,0,128,none,1,none,0,4,20,547818.0,347.82095238095235,547812.8,547819.0,781.0459748557623,874.4691603716302,8192,,15.43526657393514,15.435238398084039,15.43541309006845,0,0.0,1,bf14b28d2af4128daa99f23eec8a5e105636d0b04136f8be580fdc39d6f1f97d,legal_ring; UTCHMMA=21;UTCHMMA_WS=16;UTCBAR=1;UTCATOMSWS=3;SYNCS_TRYWAIT=8;LDS=21;LDG=9;ptx_tcgen05_mma=21;ptx_tcgen05_mma_ws=16;ptx_tcgen05_commit=1;ptx_tcgen05_alloc=1;ptx_tcgen05_dealloc=1;ptx_tcgen05_ld=5;ptx_tcgen05_st=5;ptx_mbarrier_wait=5;ptx_cp_async_tma=2;ptx_ld_shared=26;ptx_ld_global=7
02_latency_throughput,lat_bf16_m128n128k16_same_d_in1_q12,1,,NVIDIA Thor,11.0,580.00,13.0,PTX ISA 9.3 / CUDA 13.0,1575.000,,,,bf16,128,128,16,12,42,247,5,discard,same,1,1,12,1,nocount,sw128,sw128,16,16,16,0,512,0,0,none,1,none,0,4,20,412499.0,261.90412698412695,412497.4,412502.6,787.5153553462314,752.5721318436277,8192,,20.17846416112524,20.178288059303725,20.17854242962923,0,0.0,1,bf14b28d2af4128daa99f23eec8a5e105636d0b04136f8be580fdc39d6f1f97d,same_d; UTCHMMA=21;UTCHMMA_WS=16;UTCBAR=1;UTCATOMSWS=3;SYNCS_TRYWAIT=8;LDS=21;LDG=9;ptx_tcgen05_mma=21;ptx_tcgen05_mma_ws=16;ptx_tcgen05_commit=1;ptx_tcgen05_alloc=1;ptx_tcgen05_dealloc=1;ptx_tcgen05_ld=5;ptx_tcgen05_st=5;ptx_mbarrier_wait=5;ptx_cp_async_tma=2;ptx_ld_shared=26;ptx_ld_global=7
02_latency_throughput,lat_fp16_m128n128k16_same_d_in0_q48,1,,NVIDIA Thor,11.0,580.00,13.0,PTX ISA 9.3 / CUDA 13.0,1575.000,,,,fp16,128,128,16,48,10,248,5,discard,same,1,1,48,1,nocount,sw128,sw128,16,16,16,0,512,0,0,none,0,none,0,4,20,369117.0,234.35999999999999,369114.19999999995,369128.0,787.5308033513866,752.5684480252465,8192,,21.47621095750128,21.47557096725255,21.47637387054108,0,0.0,1,bf14b28d2af4128daa99f23eec8a5e105636d0b04136f8be580fdc39d6f1f97d,same_d; UTCHMMA=21;UTCHMMA_WS=16;UTCBAR=1;UTCATOMSWS=3;SYNCS_TRYWAIT=8;LDS=21;LDG=9;ptx_tcgen05_mma=21;ptx_tcgen05_mma_ws=16;ptx_tcgen05_commit=1;ptx_tcgen05_alloc=1;ptx_tcgen05_dealloc=1;ptx_tcgen05_ld=5;ptx_tcgen05_st=5;ptx_mbarrier_wait=5;ptx_cp_async_tma=2;ptx_ld_shared=26;ptx_ld_global=7
02_latency_throughput,lat_bf16_m128n64k16_same_d_in0_q64,1,,NVIDIA Thor,11.0,580.00,13.0,PTX ISA 9.3 / CUDA 13.0,1575.000,,,,bf16,128,64,16,64,8,249,5,discard,same,1,1,64,1,nocount,sw128,sw128,16,16,16,0,512,0,0,none,0,none,0,4,20,391717.0,248.70920634920634,391711.4,391724.19999999995,785.5632909254637,752.8588489741785,6144,,10.793145132838248,10.79294675188934,10.793299434243202,0,0.0,1,bf14b28d2af4128daa99f23eec8a5e105636d0b04136f8be580fdc39d6f1f97d,same_d; UTCHMMA=21;UTCHMMA_WS=16;UTCBAR=1;UTCATOMSWS=3;SYNCS_TRYWAIT=8;LDS=21;LDG=9;ptx_tcgen05_mma=21;ptx_tcgen05_mma_ws=16;ptx_tcgen05_commit=1;ptx_tcgen05_alloc=1;ptx_tcgen05_dealloc=1;ptx_tcgen05_ld=5;ptx_tcgen05_st=5;ptx_mbarrier_wait=5;ptx_cp_async_tma=2;ptx_ld_shared=26;ptx_ld_global=7
02_latency_throughput,lat_bf16_m128n256k16_legal_ring_in0_q16,1,,NVIDIA Thor,11.0,580.00,13.0,PTX ISA 9.3 / CUDA 13.0,1575.000,,,,bf16,128,256,16,16,32,250,5,discard,same,2,2,16,1,nocount,sw128,sw128,16,16,16,0,512,0,256,none,0,none,0,4,20,472644.0,300.09142857142854,472643.4,472645.0,782.0351892886574,874.2602903897068,12288,,35.78048960316856,35.78041390049614,35.78053502496421,0,0.0,1,bf14b28d2af4128daa99f23eec8a5e105636d0b04136f8be580fdc39d6f1f97d,legal_ring; UTCHMMA=21;UTCHMMA_WS=16;UTCBAR=1;UTCATOMSWS=3;SYNCS_TRYWAIT=8;LDS=21;LDG=9;ptx_tcgen05_mma=21;ptx_tcgen05_mma_ws=16;ptx_tcgen05_commit=1;ptx_tcgen05_alloc=1;ptx_tcgen05_dealloc=1;ptx_tcgen05_ld=5;ptx_tcgen05_st=5;ptx_mbarrier_wait=5;ptx_cp_async_tma=2;ptx_ld_shared=26;ptx_ld_global=7
02_latency_throughput,lat_bf16_m128n256k16_same_d_in1_q24,1,,NVIDIA Thor,11.0,580.00,13.0,PTX ISA 9.3 / CUDA 13.0,1575.000,,,,bf16,128,256,16,24,21,251,5,discard,same,1,1,24,1,nocount,sw128,sw128,16,16,16,0,512,0,0,none,1,none,0,4,20,395967.0,251.40761904761902,395939.6,395970.0,785.4692803828166,752.8134051879779,12288,,42.04186857995742,42.041550058431305,42.044777986501785,0,0.0,1,bf14b28d2af4128daa99f23eec8a5e105636d0b04136f8be580fdc39d6f1f97d,same_d; UTCHMMA=21;UTCHMMA_WS=16;UTCBAR=1;UTCATOMSWS=3;SYNCS_TRYWAIT=8;LDS=21;LDG=9;ptx_tcgen05_mma=21;ptx_tcgen05_mma_ws=16;ptx_tcgen05_commit=1;ptx_tcgen05_alloc=1;ptx_tcgen05_dealloc=1;ptx_tcgen05_ld=5;ptx_tcgen05_st=5;ptx_mbarrier_wait=5;ptx_cp_async_tma=2;ptx_ld_shared=26;ptx_ld_global=7
02_latency_throughput,lat_bf16_m128n64k16_same_d_in0_q8,1,,NVIDIA Thor,11.0,580.00,13.0,PTX ISA 9.3 / CUDA 13.0,1575.000,,,,bf16,128,64,16,8,64,252,5,discard,same,1,1,8,1,nocount,sw128,sw128,16,16,16,0,512,0,0,none,0,none,0,4,20,435694.0,276.63111111111107,435690.80000000005,435724.80000000005,785.5632909254637,752.8588489741785,6144,,9.703733427589087,9.703047529803218,9.7038046982433,0,0.0,1,bf14b28d2af4128daa99f23eec8a5e105636d0b04136f8be580fdc39d6f1f97d,same_d; UTCHMMA=21;UTCHMMA_WS=16;UTCBAR=1;UTCATOMSWS=3;SYNCS_TRYWAIT=8;LDS=21;LDG=9;ptx_tcgen05_mma=21;ptx_tcgen05_mma_ws=16;ptx_tcgen05_commit=1;ptx_tcgen05_alloc=1;ptx_tcgen05_dealloc=1;ptx_tcgen05_ld=5;ptx_tcgen05_st=5;ptx_mbarrier_wait=5;ptx_cp_async_tma=2;ptx_ld_shared=26;ptx_ld_global=7
02_latency_throughput,lat_bf16_m128n64k16_same_d_in1_q8,1,,NVIDIA Thor,11.0,580.00,13.0,PTX ISA 9.3 / CUDA 13.0,1575.000,,,,bf16,128,64,16,8,64,253,5,discard,same,1,1,8,1,nocount,sw128,sw128,16,16,16,0,512,0,0,none,1,none,0,4,20,435698.0,276.63365079365076,435689.80000000005,435699.0,785.8454581051265,752.8594261530949,6144,,9.703644340804871,9.7036220693644,9.703826970522105,0,0.0,1,bf14b28d2af4128daa99f23eec8a5e105636d0b04136f8be580fdc39d6f1f97d,same_d; UTCHMMA=21;UTCHMMA_WS=16;UTCBAR=1;UTCATOMSWS=3;SYNCS_TRYWAIT=8;LDS=21;LDG=9;ptx_tcgen05_mma=21;ptx_tcgen05_mma_ws=16;ptx_tcgen05_commit=1;ptx_tcgen05_alloc=1;ptx_tcgen05_dealloc=1;ptx_tcgen05_ld=5;ptx_tcgen05_st=5;ptx_mbarrier_wait=5;ptx_cp_async_tma=2;ptx_ld_shared=26;ptx_ld_global=7
02_latency_throughput,lat_fp16_m128n128k16_legal_ring_in1_q16,1,,NVIDIA Thor,11.0,580.00,13.0,PTX ISA 9.3 / CUDA 13.0,1575.000,,,,fp16,128,128,16,16,32,254,5,discard,same,4,4,16,1,nocount,sw128,sw128,16,16,16,0,512,0,128,none,1,none,0,4,20,472772.0,300.1726984126984,472768.0,472784.80000000005,781.0459748557623,874.4691603716302,8192,,17.885401132046738,17.884916910571263,17.885552457499216,0,0.0,1,bf14b28d2af4128daa99f23eec8a5e105636d0b04136f8be580fdc39d6f1f97d,legal_ring; UTCHMMA=21;UTCHMMA_WS=16;UTCBAR=1;UTCATOMSWS=3;SYNCS_TRYWAIT=8;LDS=21;LDG=9;ptx_tcgen05_mma=21;ptx_tcgen05_mma_ws=16;ptx_tcgen05_commit=1;ptx_tcgen05_alloc=1;ptx_tcgen05_dealloc=1;ptx_tcgen05_ld=5;ptx_tcgen05_st=5;ptx_mbarrier_wait=5;ptx_cp_async_tma=2;ptx_ld_shared=26;ptx_ld_global=7
02_latency_throughput,commit_prefix_c1_p1,1,,NVIDIA Thor,11.0,580.00,13.0,PTX ISA 9.3 / CUDA 13.0,1575.000,,,,bf16,128,128,16,16,128,255,5,discard,same,4,4,1,1,count,sw128,sw128,16,16,16,0,512,0,128,none,0,none,0,4,20,3298792.0,2094.4711111111114,3298789.4,3298794.2,,,8192,,10.253107033120003,10.25310019521769,10.253115114290335,0,0.0,1,bf14b28d2af4128daa99f23eec8a5e105636d0b04136f8be580fdc39d6f1f97d,commit prefix scan; pending_mbarriers is prefix tracking count; UTCHMMA=21;UTCHMMA_WS=16;UTCBAR=1;UTCATOMSWS=3;SYNCS_TRYWAIT=8;LDS=21;LDG=9;ptx_tcgen05_mma=21;ptx_tcgen05_mma_ws=16;ptx_tcgen05_commit=1;ptx_tcgen05_alloc=1;ptx_tcgen05_dealloc=1;ptx_tcgen05_ld=5;ptx_tcgen05_st=5;ptx_mbarrier_wait=5;ptx_cp_async_tma=2;ptx_ld_shared=26;ptx_ld_global=7
02_latency_throughput,lat_fp16_m128n256k16_same_d_in0_q8,1,,NVIDIA Thor,11.0,580.00,13.0,PTX ISA 9.3 / CUDA 13.0,1575.000,,,,fp16,128,256,16,8,64,256,5,discard,same,1,1,8,1,nocount,sw128,sw128,16,16,16,0,512,0,0,none,0,none,0,4,20,435694.0,276.63111111111107,435692.4,435723.6,785.4732699917931,752.8025746884518,12288,,38.81493371035635,38.81229700029344,38.81507625109224,0,0.0,1,bf14b28d2af4128daa99f23eec8a5e105636d0b04136f8be580fdc39d6f1f97d,same_d; UTCHMMA=21;UTCHMMA_WS=16;UTCBAR=1;UTCATOMSWS=3;SYNCS_TRYWAIT=8;LDS=21;LDG=9;ptx_tcgen05_mma=21;ptx_tcgen05_mma_ws=16;ptx_tcgen05_commit=1;ptx_tcgen05_alloc=1;ptx_tcgen05_dealloc=1;ptx_tcgen05_ld=5;ptx_tcgen05_st=5;ptx_mbarrier_wait=5;ptx_cp_async_tma=2;ptx_ld_shared=26;ptx_ld_global=7
02_latency_throughput,lat_fp16_m128n256k16_same_d_in1_q16,1,,NVIDIA Thor,11.0,580.00,13.0,PTX ISA 9.3 / CUDA 13.0,1575.000,,,,fp16,128,256,16,16,32,257,5,discard,same,1,1,16,1,nocount,sw128,sw128,16,16,16,0,512,0,0,none,1,none,0,4,20,410636.0,260.7212698412698,410629.8,410685.6,785.4378661773553,752.8089947761537,12288,,41.18351466505616,41.17854078367081,41.18413648785223,0,0.0,1,bf14b28d2af4128daa99f23eec8a5e105636d0b04136f8be580fdc39d6f1f97d,same_d; UTCHMMA=21;UTCHMMA_WS=16;UTCBAR=1;UTCATOMSWS=3;SYNCS_TRYWAIT=8;LDS=21;LDG=9;ptx_tcgen05_mma=21;ptx_tcgen05_mma_ws=16;ptx_tcgen05_commit=1;ptx_tcgen05_alloc=1;ptx_tcgen05_dealloc=1;ptx_tcgen05_ld=5;ptx_tcgen05_st=5;ptx_mbarrier_wait=5;ptx_cp_async_tma=2;ptx_ld_shared=26;ptx_ld_global=7
02_latency_throughput,lat_bf16_m128n64k16_legal_ring_in1_q8,1,,NVIDIA Thor,11.0,580.00,13.0,PTX ISA 9.3 / CUDA 13.0,1575.000,,,,bf16,128,64,16,8,64,258,5,discard,same,8,8,8,1,nocount,sw128,sw128,16,16,16,0,512,0,64,none,1,none,0,4,20,497651.0,315.9688888888889,497647.4,497702.6,780.9396888366173,874.3660425668124,6144,,8.495629330595136,8.494748534862923,8.495690788305328,0,0.0,1,bf14b28d2af4128daa99f23eec8a5e105636d0b04136f8be580fdc39d6f1f97d,legal_ring; UTCHMMA=21;UTCHMMA_WS=16;UTCBAR=1;UTCATOMSWS=3;SYNCS_TRYWAIT=8;LDS=21;LDG=9;ptx_tcgen05_mma=21;ptx_tcgen05_mma_ws=16;ptx_tcgen05_commit=1;ptx_tcgen05_alloc=1;ptx_tcgen05_dealloc=1;ptx_tcgen05_ld=5;ptx_tcgen05_st=5;ptx_mbarrier_wait=5;ptx_cp_async_tma=2;ptx_ld_shared=26;ptx_ld_global=7
02_latency_throughput,lat_bf16_m128n128k16_legal_ring_in1_q32,1,,NVIDIA Thor,11.0,580.00,13.0,PTX ISA 9.3 / CUDA 13.0,1575.000,,,,bf16,128,128,16,32,16,259,5,discard,same,4,4,32,1,nocount,sw128,sw128,16,16,16,0,512,0,128,none,1,none,0,4,20,460192.0,292.1853968253969,460188.0,460193.6,781.0100084045298,874.4678960754948,8192,,18.374323899589733,18.374260015805483,18.374483611566507,0,0.0,1,bf14b28d2af4128daa99f23eec8a5e105636d0b04136f8be580fdc39d6f1f97d,legal_ring; UTCHMMA=21;UTCHMMA_WS=16;UTCBAR=1;UTCATOMSWS=3;SYNCS_TRYWAIT=8;LDS=21;LDG=9;ptx_tcgen05_mma=21;ptx_tcgen05_mma_ws=16;ptx_tcgen05_commit=1;ptx_tcgen05_alloc=1;ptx_tcgen05_dealloc=1;ptx_tcgen05_ld=5;ptx_tcgen05_st=5;ptx_mbarrier_wait=5;ptx_cp_async_tma=2;ptx_ld_shared=26;ptx_ld_global=7
02_latency_throughput,lat_fp16_m128n64k16_legal_ring_in0_q1,1,,NVIDIA Thor,11.0,580.00,13.0,PTX ISA 9.3 / CUDA 13.0,1575.000,,,,fp16,128,64,16,1,512,260,5,discard,same,8,8,1,1,nocount,sw128,sw128,16,16,16,0,512,0,64,none,0,none,0,4,20,841325.0,534.1746031746031,841080.8,841328.6000000001,780.9723385179677,874.3665016401734,6144,,5.025238085163284,5.025216582440479,5.026697116383749,0,0.0,1,bf14b28d2af4128daa99f23eec8a5e105636d0b04136f8be580fdc39d6f1f97d,legal_ring; UTCHMMA=21;UTCHMMA_WS=16;UTCBAR=1;UTCATOMSWS=3;SYNCS_TRYWAIT=8;LDS=21;LDG=9;ptx_tcgen05_mma=21;ptx_tcgen05_mma_ws=16;ptx_tcgen05_commit=1;ptx_tcgen05_alloc=1;ptx_tcgen05_dealloc=1;ptx_tcgen05_ld=5;ptx_tcgen05_st=5;ptx_mbarrier_wait=5;ptx_cp_async_tma=2;ptx_ld_shared=26;ptx_ld_global=7
02_latency_throughput,lat_bf16_m128n64k16_legal_ring_in1_q12,1,,NVIDIA Thor,11.0,580.00,13.0,PTX ISA 9.3 / CUDA 13.0,1575.000,,,,bf16,128,64,16,12,42,261,5,discard,same,8,8,12,1,nocount,sw128,sw128,16,16,16,0,512,0,64,none,1,none,0,4,20,473382.0,300.56,473377.4,473404.6,780.9396888366173,874.3660425668124,6144,,8.79162736225712,8.791207656208783,8.79171279407183,0,0.0,1,bf14b28d2af4128daa99f23eec8a5e105636d0b04136f8be580fdc39d6f1f97d,legal_ring; UTCHMMA=21;UTCHMMA_WS=16;UTCBAR=1;UTCATOMSWS=3;SYNCS_TRYWAIT=8;LDS=21;LDG=9;ptx_tcgen05_mma=21;ptx_tcgen05_mma_ws=16;ptx_tcgen05_commit=1;ptx_tcgen05_alloc=1;ptx_tcgen05_dealloc=1;ptx_tcgen05_ld=5;ptx_tcgen05_st=5;ptx_mbarrier_wait=5;ptx_cp_async_tma=2;ptx_ld_shared=26;ptx_ld_global=7
02_latency_throughput,lat_fp16_m128n128k16_same_d_in0_q12,1,,NVIDIA Thor,11.0,580.00,13.0,PTX ISA 9.3 / CUDA 13.0,1575.000,,,,fp16,128,128,16,12,42,262,5,discard,same,1,1,12,1,nocount,sw128,sw128,16,16,16,0,512,0,0,none,0,none,0,4,20,412506.0,261.90857142857146,412501.6,412522.0,787.5308033513866,752.5684480252465,8192,,20.178121743683725,20.177339136668863,20.178336976602857,0,0.0,1,bf14b28d2af4128daa99f23eec8a5e105636d0b04136f8be580fdc39d6f1f97d,same_d; UTCHMMA=21;UTCHMMA_WS=16;UTCBAR=1;UTCATOMSWS=3;SYNCS_TRYWAIT=8;LDS=21;LDG=9;ptx_tcgen05_mma=21;ptx_tcgen05_mma_ws=16;ptx_tcgen05_commit=1;ptx_tcgen05_alloc=1;ptx_tcgen05_dealloc=1;ptx_tcgen05_ld=5;ptx_tcgen05_st=5;ptx_mbarrier_wait=5;ptx_cp_async_tma=2;ptx_ld_shared=26;ptx_ld_global=7
02_latency_throughput,lat_fp16_m128n128k16_same_d_in1_q6,1,,NVIDIA Thor,11.0,580.00,13.0,PTX ISA 9.3 / CUDA 13.0,1575.000,,,,fp16,128,128,16,6,85,263,5,discard,same,1,1,6,1,nocount,sw128,sw128,16,16,16,0,512,0,0,none,1,none,0,4,20,450694.0,286.15492063492064,450693.0,450695.6,787.7606965817195,752.5639915425807,8192,,18.688260149902153,18.688193805331032,18.68830161551211,0,0.0,1,bf14b28d2af4128daa99f23eec8a5e105636d0b04136f8be580fdc39d6f1f97d,same_d; UTCHMMA=21;UTCHMMA_WS=16;UTCBAR=1;UTCATOMSWS=3;SYNCS_TRYWAIT=8;LDS=21;LDG=9;ptx_tcgen05_mma=21;ptx_tcgen05_mma_ws=16;ptx_tcgen05_commit=1;ptx_tcgen05_alloc=1;ptx_tcgen05_dealloc=1;ptx_tcgen05_ld=5;ptx_tcgen05_st=5;ptx_mbarrier_wait=5;ptx_cp_async_tma=2;ptx_ld_shared=26;ptx_ld_global=7
02_latency_throughput,lat_fp16_m128n128k16_same_d_in1_q32,1,,NVIDIA Thor,11.0,580.00,13.0,PTX ISA 9.3 / CUDA 13.0,1575.000,,,,fp16,128,128,16,32,16,264,5,discard,same,1,1,32,1,nocount,sw128,sw128,16,16,16,0,512,0,0,none,1,none,0,4,20,397956.0,252.6704761904762,397949.80000000005,397984.6,787.7606965817195,752.5639915425807,8192,,21.247868769411696,21.246341854587456,21.248199808245303,0,0.0,1,bf14b28d2af4128daa99f23eec8a5e105636d0b04136f8be580fdc39d6f1f97d,same_d; UTCHMMA=21;UTCHMMA_WS=16;UTCBAR=1;UTCATOMSWS=3;SYNCS_TRYWAIT=8;LDS=21;LDG=9;ptx_tcgen05_mma=21;ptx_tcgen05_mma_ws=16;ptx_tcgen05_commit=1;ptx_tcgen05_alloc=1;ptx_tcgen05_dealloc=1;ptx_tcgen05_ld=5;ptx_tcgen05_st=5;ptx_mbarrier_wait=5;ptx_cp_async_tma=2;ptx_ld_shared=26;ptx_ld_global=7
02_latency_throughput,lat_fp16_m128n128k16_same_d_in1_q3,1,,NVIDIA Thor,11.0,580.00,13.0,PTX ISA 9.3 / CUDA 13.0,1575.000,,,,fp16,128,128,16,3,170,265,5,discard,same,1,1,3,1,nocount,sw128,sw128,16,16,16,0,512,0,0,none,1,none,0,4,20,517169.0,328.3612698412698,517166.0,517173.4,787.7606965817195,752.5639915425807,8192,,16.286139965852556,16.286001407112053,16.286234439597628,0,0.0,1,bf14b28d2af4128daa99f23eec8a5e105636d0b04136f8be580fdc39d6f1f97d,same_d; UTCHMMA=21;UTCHMMA_WS=16;UTCBAR=1;UTCATOMSWS=3;SYNCS_TRYWAIT=8;LDS=21;LDG=9;ptx_tcgen05_mma=21;ptx_tcgen05_mma_ws=16;ptx_tcgen05_commit=1;ptx_tcgen05_alloc=1;ptx_tcgen05_dealloc=1;ptx_tcgen05_ld=5;ptx_tcgen05_st=5;ptx_mbarrier_wait=5;ptx_cp_async_tma=2;ptx_ld_shared=26;ptx_ld_global=7
02_latency_throughput,lat_fp16_m128n64k16_legal_ring_in1_q12,1,,NVIDIA Thor,11.0,580.00,13.0,PTX ISA 9.3 / CUDA 13.0,1575.000,,,,fp16,128,64,16,12,42,266,5,discard,same,8,8,12,1,nocount,sw128,sw128,16,16,16,0,512,0,64,none,1,none,0,4,20,473404.0,300.57396825396825,473374.8,473408.0,781.0013988701976,874.3625717017189,6144,,8.79121879832025,8.791144518283215,8.791761082376649,0,0.0,1,bf14b28d2af4128daa99f23eec8a5e105636d0b04136f8be580fdc39d6f1f97d,legal_ring; UTCHMMA=21;UTCHMMA_WS=16;UTCBAR=1;UTCATOMSWS=3;SYNCS_TRYWAIT=8;LDS=21;LDG=9;ptx_tcgen05_mma=21;ptx_tcgen05_mma_ws=16;ptx_tcgen05_commit=1;ptx_tcgen05_alloc=1;ptx_tcgen05_dealloc=1;ptx_tcgen05_ld=5;ptx_tcgen05_st=5;ptx_mbarrier_wait=5;ptx_cp_async_tma=2;ptx_ld_shared=26;ptx_ld_global=7
02_latency_throughput,lat_bf16_m128n64k16_legal_ring_in1_q24,1,,NVIDIA Thor,11.0,580.00,13.0,PTX ISA 9.3 / CUDA 13.0,1575.000,,,,bf16,128,64,16,24,21,267,5,discard,same,8,8,24,1,nocount,sw128,sw128,16,16,16,0,512,0,64,none,1,none,0,4,20,457022.0,290.17269841269837,457020.4,457022.6,780.9396888366173,874.3660425668124,6144,,9.106340928883075,9.1063289736761,9.10637280962684,0,0.0,1,bf14b28d2af4128daa99f23eec8a5e105636d0b04136f8be580fdc39d6f1f97d,legal_ring; UTCHMMA=21;UTCHMMA_WS=16;UTCBAR=1;UTCATOMSWS=3;SYNCS_TRYWAIT=8;LDS=21;LDG=9;ptx_tcgen05_mma=21;ptx_tcgen05_mma_ws=16;ptx_tcgen05_commit=1;ptx_tcgen05_alloc=1;ptx_tcgen05_dealloc=1;ptx_tcgen05_ld=5;ptx_tcgen05_st=5;ptx_mbarrier_wait=5;ptx_cp_async_tma=2;ptx_ld_shared=26;ptx_ld_global=7
02_latency_throughput,lat_fp16_m128n256k16_legal_ring_in1_q8,1,,NVIDIA Thor,11.0,580.00,13.0,PTX ISA 9.3 / CUDA 13.0,1575.000,,,,fp16,128,256,16,8,64,268,5,discard,same,2,2,8,1,nocount,sw128,sw128,16,16,16,0,512,0,256,none,1,none,0,4,20,497586.0,315.9276190476191,497579.8,497588.4,782.1123965082807,874.2600760516125,12288,,33.98695648189459,33.98679255437282,33.987379970138605,0,0.0,1,bf14b28d2af4128daa99f23eec8a5e105636d0b04136f8be580fdc39d6f1f97d,legal_ring; UTCHMMA=21;UTCHMMA_WS=16;UTCBAR=1;UTCATOMSWS=3;SYNCS_TRYWAIT=8;LDS=21;LDG=9;ptx_tcgen05_mma=21;ptx_tcgen05_mma_ws=16;ptx_tcgen05_commit=1;ptx_tcgen05_alloc=1;ptx_tcgen05_dealloc=1;ptx_tcgen05_ld=5;ptx_tcgen05_st=5;ptx_mbarrier_wait=5;ptx_cp_async_tma=2;ptx_ld_shared=26;ptx_ld_global=7
02_latency_throughput,lat_bf16_m128n64k16_legal_ring_in1_q16,1,,NVIDIA Thor,11.0,580.00,13.0,PTX ISA 9.3 / CUDA 13.0,1575.000,,,,bf16,128,64,16,16,32,269,5,discard,same,8,8,16,1,nocount,sw128,sw128,16,16,16,0,512,0,64,none,1,none,0,4,20,472639.0,300.088253968254,472631.8,472644.6,780.9396888366173,874.3660425668124,6144,,8.945217030333934,8.945111045391277,8.945353300429996,0,0.0,1,bf14b28d2af4128daa99f23eec8a5e105636d0b04136f8be580fdc39d6f1f97d,legal_ring; UTCHMMA=21;UTCHMMA_WS=16;UTCBAR=1;UTCATOMSWS=3;SYNCS_TRYWAIT=8;LDS=21;LDG=9;ptx_tcgen05_mma=21;ptx_tcgen05_mma_ws=16;ptx_tcgen05_commit=1;ptx_tcgen05_alloc=1;ptx_tcgen05_dealloc=1;ptx_tcgen05_ld=5;ptx_tcgen05_st=5;ptx_mbarrier_wait=5;ptx_cp_async_tma=2;ptx_ld_shared=26;ptx_ld_global=7
02_latency_throughput,lat_fp16_m128n64k16_same_d_in0_q32,1,,NVIDIA Thor,11.0,580.00,13.0,PTX ISA 9.3 / CUDA 13.0,1575.000,,,,fp16,128,64,16,32,16,270,5,discard,same,1,1,32,1,nocount,sw128,sw128,16,16,16,0,512,0,0,none,0,none,0,4,20,398063.0,252.73841269841267,398062.0,398072.2,785.5087943496892,752.8603052661067,6144,,10.621078653378989,10.620833185602041,10.62110533534977,0,0.0,1,bf14b28d2af4128daa99f23eec8a5e105636d0b04136f8be580fdc39d6f1f97d,same_d; UTCHMMA=21;UTCHMMA_WS=16;UTCBAR=1;UTCATOMSWS=3;SYNCS_TRYWAIT=8;LDS=21;LDG=9;ptx_tcgen05_mma=21;ptx_tcgen05_mma_ws=16;ptx_tcgen05_commit=1;ptx_tcgen05_alloc=1;ptx_tcgen05_dealloc=1;ptx_tcgen05_ld=5;ptx_tcgen05_st=5;ptx_mbarrier_wait=5;ptx_cp_async_tma=2;ptx_ld_shared=26;ptx_ld_global=7
02_latency_throughput,lat_bf16_m128n256k16_legal_ring_in0_q4,1,,NVIDIA Thor,11.0,580.00,13.0,PTX ISA 9.3 / CUDA 13.0,1575.000,,,,bf16,128,256,16,4,128,271,5,discard,same,2,2,4,1,nocount,sw128,sw128,16,16,16,0,512,0,256,none,0,none,0,4,20,547817.0,347.8203174603175,547815.2,547818.6,782.0351892886574,874.2602903897068,12288,,30.870589499778212,30.870499336848958,30.870690933953135,0,0.0,1,bf14b28d2af4128daa99f23eec8a5e105636d0b04136f8be580fdc39d6f1f97d,legal_ring; UTCHMMA=21;UTCHMMA_WS=16;UTCBAR=1;UTCATOMSWS=3;SYNCS_TRYWAIT=8;LDS=21;LDG=9;ptx_tcgen05_mma=21;ptx_tcgen05_mma_ws=16;ptx_tcgen05_commit=1;ptx_tcgen05_alloc=1;ptx_tcgen05_dealloc=1;ptx_tcgen05_ld=5;ptx_tcgen05_st=5;ptx_mbarrier_wait=5;ptx_cp_async_tma=2;ptx_ld_shared=26;ptx_ld_global=7
02_latency_throughput,lat_fp16_m128n256k16_legal_ring_in0_q8,1,,NVIDIA Thor,11.0,580.00,13.0,PTX ISA 9.3 / CUDA 13.0,1575.000,,,,fp16,128,256,16,8,64,272,5,discard,same,2,2,8,1,nocount,sw128,sw128,16,16,16,0,512,0,256,none,0,none,0,4,20,497585.0,315.9269841269841,497580.4,497587.6,782.1524727342985,874.2524986615206,12288,,33.987024785715,33.98684719638591,33.987338988011096,0,0.0,1,bf14b28d2af4128daa99f23eec8a5e105636d0b04136f8be580fdc39d6f1f97d,legal_ring; UTCHMMA=21;UTCHMMA_WS=16;UTCBAR=1;UTCATOMSWS=3;SYNCS_TRYWAIT=8;LDS=21;LDG=9;ptx_tcgen05_mma=21;ptx_tcgen05_mma_ws=16;ptx_tcgen05_commit=1;ptx_tcgen05_alloc=1;ptx_tcgen05_dealloc=1;ptx_tcgen05_ld=5;ptx_tcgen05_st=5;ptx_mbarrier_wait=5;ptx_cp_async_tma=2;ptx_ld_shared=26;ptx_ld_global=7
02_latency_throughput,lat_bf16_m128n256k16_same_d_in0_q48,1,,NVIDIA Thor,11.0,580.00,13.0,PTX ISA 9.3 / CUDA 13.0,1575.000,,,,bf16,128,256,16,48,10,273,5,discard,same,1,1,48,1,nocount,sw128,sw128,16,16,16,0,512,0,0,none,0,none,0,4,20,369215.0,234.42222222222222,369212.2,369220.0,785.412469759447,752.808329126516,12288,,42.941021139444494,42.940439631379135,42.941346792579495,0,0.0,1,bf14b28d2af4128daa99f23eec8a5e105636d0b04136f8be580fdc39d6f1f97d,same_d; UTCHMMA=21;UTCHMMA_WS=16;UTCBAR=1;UTCATOMSWS=3;SYNCS_TRYWAIT=8;LDS=21;LDG=9;ptx_tcgen05_mma=21;ptx_tcgen05_mma_ws=16;ptx_tcgen05_commit=1;ptx_tcgen05_alloc=1;ptx_tcgen05_dealloc=1;ptx_tcgen05_ld=5;ptx_tcgen05_st=5;ptx_mbarrier_wait=5;ptx_cp_async_tma=2;ptx_ld_shared=26;ptx_ld_global=7
02_latency_throughput,lat_bf16_m128n128k16_same_d_in1_q6,1,,NVIDIA Thor,11.0,580.00,13.0,PTX ISA 9.3 / CUDA 13.0,1575.000,,,,bf16,128,128,16,6,85,274,5,discard,same,1,1,6,1,nocount,sw128,sw128,16,16,16,0,512,0,0,none,1,none,0,4,20,450698.0,286.1574603174603,450692.4,450707.0,787.5153553462314,752.5721318436277,8192,,18.68809428930237,18.687721115924802,18.688326495761334,0,0.0,1,bf14b28d2af4128daa99f23eec8a5e105636d0b04136f8be580fdc39d6f1f97d,same_d; UTCHMMA=21;UTCHMMA_WS=16;UTCBAR=1;UTCATOMSWS=3;SYNCS_TRYWAIT=8;LDS=21;LDG=9;ptx_tcgen05_mma=21;ptx_tcgen05_mma_ws=16;ptx_tcgen05_commit=1;ptx_tcgen05_alloc=1;ptx_tcgen05_dealloc=1;ptx_tcgen05_ld=5;ptx_tcgen05_st=5;ptx_mbarrier_wait=5;ptx_cp_async_tma=2;ptx_ld_shared=26;ptx_ld_global=7
02_latency_throughput,lat_fp16_m128n128k16_legal_ring_in0_q1,1,,NVIDIA Thor,11.0,580.00,13.0,PTX ISA 9.3 / CUDA 13.0,1575.000,,,,fp16,128,128,16,1,512,275,5,discard,same,4,4,1,1,nocount,sw128,sw128,16,16,16,0,512,0,128,none,0,none,0,4,20,841329.0,534.1771428571428,841326.2,841581.8,781.0876772515294,874.4683934150742,8192,,10.050428386517046,10.047409371288431,10.050461835166672,0,0.0,1,bf14b28d2af4128daa99f23eec8a5e105636d0b04136f8be580fdc39d6f1f97d,legal_ring; UTCHMMA=21;UTCHMMA_WS=16;UTCBAR=1;UTCATOMSWS=3;SYNCS_TRYWAIT=8;LDS=21;LDG=9;ptx_tcgen05_mma=21;ptx_tcgen05_mma_ws=16;ptx_tcgen05_commit=1;ptx_tcgen05_alloc=1;ptx_tcgen05_dealloc=1;ptx_tcgen05_ld=5;ptx_tcgen05_st=5;ptx_mbarrier_wait=5;ptx_cp_async_tma=2;ptx_ld_shared=26;ptx_ld_global=7
02_latency_throughput,lat_bf16_m128n256k16_same_d_in1_q4,1,,NVIDIA Thor,11.0,580.00,13.0,PTX ISA 9.3 / CUDA 13.0,1575.000,,,,bf16,128,256,16,4,128,276,5,discard,same,1,1,4,1,nocount,sw128,sw128,16,16,16,0,512,0,0,none,1,none,0,4,20,485748.0,308.4114285714286,485743.4,485749.2,785.4692803828166,752.8134051879779,12288,,34.815241087971536,34.8151550801706,34.81557078905694,0,0.0,1,bf14b28d2af4128daa99f23eec8a5e105636d0b04136f8be580fdc39d6f1f97d,same_d; UTCHMMA=21;UTCHMMA_WS=16;UTCBAR=1;UTCATOMSWS=3;SYNCS_TRYWAIT=8;LDS=21;LDG=9;ptx_tcgen05_mma=21;ptx_tcgen05_mma_ws=16;ptx_tcgen05_commit=1;ptx_tcgen05_alloc=1;ptx_tcgen05_dealloc=1;ptx_tcgen05_ld=5;ptx_tcgen05_st=5;ptx_mbarrier_wait=5;ptx_cp_async_tma=2;ptx_ld_shared=26;ptx_ld_global=7
02_latency_throughput,lat_fp16_m128n64k16_same_d_in1_q1,1,,NVIDIA Thor,11.0,580.00,13.0,PTX ISA 9.3 / CUDA 13.0,1575.000,,,,fp16,128,64,16,1,512,277,5,discard,same,1,1,1,1,nocount,sw128,sw128,16,16,16,0,512,0,0,none,1,none,0,4,20,779122.0,494.6806349206349,779120.2,779152.6,785.6074052530239,752.858392250107,6144,,5.426439546053122,5.426226436704994,5.426452082765977,0,0.0,1,bf14b28d2af4128daa99f23eec8a5e105636d0b04136f8be580fdc39d6f1f97d,same_d; UTCHMMA=21;UTCHMMA_WS=16;UTCBAR=1;UTCATOMSWS=3;SYNCS_TRYWAIT=8;LDS=21;LDG=9;ptx_tcgen05_mma=21;ptx_tcgen05_mma_ws=16;ptx_tcgen05_commit=1;ptx_tcgen05_alloc=1;ptx_tcgen05_dealloc=1;ptx_tcgen05_ld=5;ptx_tcgen05_st=5;ptx_mbarrier_wait=5;ptx_cp_async_tma=2;ptx_ld_shared=26;ptx_ld_global=7
02_latency_throughput,lat_fp16_m128n64k16_same_d_in0_q24,1,,NVIDIA Thor,11.0,580.00,13.0,PTX ISA 9.3 / CUDA 13.0,1575.000,,,,fp16,128,64,16,24,21,278,5,discard,same,1,1,24,1,nocount,sw128,sw128,16,16,16,0,512,0,0,none,0,none,0,4,20,396012.0,251.4361904761905,396010.4,396023.8,785.5087943496892,752.8603052661067,6144,,10.50927280991485,10.508959678846251,10.50931527052413,0,0.0,1,bf14b28d2af4128daa99f23eec8a5e105636d0b04136f8be580fdc39d6f1f97d,same_d; UTCHMMA=21;UTCHMMA_WS=16;UTCBAR=1;UTCATOMSWS=3;SYNCS_TRYWAIT=8;LDS=21;LDG=9;ptx_tcgen05_mma=21;ptx_tcgen05_mma_ws=16;ptx_tcgen05_commit=1;ptx_tcgen05_alloc=1;ptx_tcgen05_dealloc=1;ptx_tcgen05_ld=5;ptx_tcgen05_st=5;ptx_mbarrier_wait=5;ptx_cp_async_tma=2;ptx_ld_shared=26;ptx_ld_global=7
02_latency_throughput,commit_prefix_c8_p2,1,,NVIDIA Thor,11.0,580.00,13.0,PTX ISA 9.3 / CUDA 13.0,1575.000,,,,bf16,128,128,16,16,128,279,5,discard,same,4,4,8,2,count,sw128,sw128,16,16,16,0,512,0,128,none,0,none,0,4,20,1988944.0,1262.8215873015872,1988936.0,1988950.4,,,8192,,17.005439799210034,17.00538507957072,17.005508199384643,0,0.0,1,bf14b28d2af4128daa99f23eec8a5e105636d0b04136f8be580fdc39d6f1f97d,commit prefix scan; pending_mbarriers is prefix tracking count; UTCHMMA=21;UTCHMMA_WS=16;UTCBAR=1;UTCATOMSWS=3;SYNCS_TRYWAIT=8;LDS=21;LDG=9;ptx_tcgen05_mma=21;ptx_tcgen05_mma_ws=16;ptx_tcgen05_commit=1;ptx_tcgen05_alloc=1;ptx_tcgen05_dealloc=1;ptx_tcgen05_ld=5;ptx_tcgen05_st=5;ptx_mbarrier_wait=5;ptx_cp_async_tma=2;ptx_ld_shared=26;ptx_ld_global=7
02_latency_throughput,lat_bf16_m128n128k16_same_d_in0_q6,1,,NVIDIA Thor,11.0,580.00,13.0,PTX ISA 9.3 / CUDA 13.0,1575.000,,,,bf16,128,128,16,6,85,280,5,discard,same,1,1,6,1,nocount,sw128,sw128,16,16,16,0,512,0,0,none,0,none,0,4,20,450698.0,286.1574603174603,450691.4,450706.39999999997,787.4689710674247,752.5719016281445,8192,,18.68809428930237,18.687745995953115,18.68836796089287,0,0.0,1,bf14b28d2af4128daa99f23eec8a5e105636d0b04136f8be580fdc39d6f1f97d,same_d; UTCHMMA=21;UTCHMMA_WS=16;UTCBAR=1;UTCATOMSWS=3;SYNCS_TRYWAIT=8;LDS=21;LDG=9;ptx_tcgen05_mma=21;ptx_tcgen05_mma_ws=16;ptx_tcgen05_commit=1;ptx_tcgen05_alloc=1;ptx_tcgen05_dealloc=1;ptx_tcgen05_ld=5;ptx_tcgen05_st=5;ptx_mbarrier_wait=5;ptx_cp_async_tma=2;ptx_ld_shared=26;ptx_ld_global=7
02_latency_throughput,lat_fp16_m128n256k16_legal_ring_in1_q16,1,,NVIDIA Thor,11.0,580.00,13.0,PTX ISA 9.3 / CUDA 13.0,1575.000,,,,fp16,128,256,16,16,32,281,5,discard,same,2,2,16,1,nocount,sw128,sw128,16,16,16,0,512,0,256,none,1,none,0,4,20,472645.0,300.0920634920635,472639.8,472646.0,782.1123965082807,874.2600760516125,12288,,35.78041390049614,35.78033819814407,35.78080755804458,0,0.0,1,bf14b28d2af4128daa99f23eec8a5e105636d0b04136f8be580fdc39d6f1f97d,legal_ring; UTCHMMA=21;UTCHMMA_WS=16;UTCBAR=1;UTCATOMSWS=3;SYNCS_TRYWAIT=8;LDS=21;LDG=9;ptx_tcgen05_mma=21;ptx_tcgen05_mma_ws=16;ptx_tcgen05_commit=1;ptx_tcgen05_alloc=1;ptx_tcgen05_dealloc=1;ptx_tcgen05_ld=5;ptx_tcgen05_st=5;ptx_mbarrier_wait=5;ptx_cp_async_tma=2;ptx_ld_shared=26;ptx_ld_global=7
02_latency_throughput,lat_fp16_m128n128k16_legal_ring_in0_q32,1,,NVIDIA Thor,11.0,580.00,13.0,PTX ISA 9.3 / CUDA 13.0,1575.000,,,,fp16,128,128,16,32,16,282,5,discard,same,4,4,32,1,nocount,sw128,sw128,16,16,16,0,512,0,128,none,0,none,0,4,20,460193.0,292.18603174603174,460192.4,460194.0,781.0876772515294,874.4683934150742,8192,,18.374283972159507,18.374244044902802,18.374307928617643,0,0.0,1,bf14b28d2af4128daa99f23eec8a5e105636d0b04136f8be580fdc39d6f1f97d,legal_ring; UTCHMMA=21;UTCHMMA_WS=16;UTCBAR=1;UTCATOMSWS=3;SYNCS_TRYWAIT=8;LDS=21;LDG=9;ptx_tcgen05_mma=21;ptx_tcgen05_mma_ws=16;ptx_tcgen05_commit=1;ptx_tcgen05_alloc=1;ptx_tcgen05_dealloc=1;ptx_tcgen05_ld=5;ptx_tcgen05_st=5;ptx_mbarrier_wait=5;ptx_cp_async_tma=2;ptx_ld_shared=26;ptx_ld_global=7
02_latency_throughput,lat_fp16_m128n256k16_same_d_in1_q48,1,,NVIDIA Thor,11.0,580.00,13.0,PTX ISA 9.3 / CUDA 13.0,1575.000,,,,fp16,128,256,16,48,10,283,5,discard,same,1,1,48,1,nocount,sw128,sw128,16,16,16,0,512,0,0,none,1,none,0,4,20,369218.0,234.42412698412699,369217.0,369219.0,785.4378661773553,752.8089947761537,12288,,42.940672231581345,42.94055593022027,42.9407885335724,0,0.0,1,bf14b28d2af4128daa99f23eec8a5e105636d0b04136f8be580fdc39d6f1f97d,same_d; UTCHMMA=21;UTCHMMA_WS=16;UTCBAR=1;UTCATOMSWS=3;SYNCS_TRYWAIT=8;LDS=21;LDG=9;ptx_tcgen05_mma=21;ptx_tcgen05_mma_ws=16;ptx_tcgen05_commit=1;ptx_tcgen05_alloc=1;ptx_tcgen05_dealloc=1;ptx_tcgen05_ld=5;ptx_tcgen05_st=5;ptx_mbarrier_wait=5;ptx_cp_async_tma=2;ptx_ld_shared=26;ptx_ld_global=7
02_latency_throughput,lat_bf16_m128n64k16_legal_ring_in1_q48,1,,NVIDIA Thor,11.0,580.00,13.0,PTX ISA 9.3 / CUDA 13.0,1575.000,,,,bf16,128,64,16,48,10,284,5,discard,same,8,8,48,1,nocount,sw128,sw128,16,16,16,0,512,0,64,none,1,none,0,4,20,427497.0,271.4266666666667,427493.8,427502.19999999995,780.9396888366173,874.3660425668124,6144,,9.271684432873213,9.271571655666447,9.27175383601077,0,0.0,1,bf14b28d2af4128daa99f23eec8a5e105636d0b04136f8be580fdc39d6f1f97d,legal_ring; UTCHMMA=21;UTCHMMA_WS=16;UTCBAR=1;UTCATOMSWS=3;SYNCS_TRYWAIT=8;LDS=21;LDG=9;ptx_tcgen05_mma=21;ptx_tcgen05_mma_ws=16;ptx_tcgen05_commit=1;ptx_tcgen05_alloc=1;ptx_tcgen05_dealloc=1;ptx_tcgen05_ld=5;ptx_tcgen05_st=5;ptx_mbarrier_wait=5;ptx_cp_async_tma=2;ptx_ld_shared=26;ptx_ld_global=7
02_latency_throughput,lat_fp16_m128n64k16_same_d_in0_q3,1,,NVIDIA Thor,11.0,580.00,13.0,PTX ISA 9.3 / CUDA 13.0,1575.000,,,,fp16,128,64,16,3,170,285,5,discard,same,1,1,3,1,nocount,sw128,sw128,16,16,16,0,512,0,0,none,0,none,0,4,20,517171.0,328.36253968253965,517169.8,517171.60000000003,785.5087943496892,752.8603052661067,6144,,8.143038492104159,8.143029044912325,8.14305738659743,0,0.0,1,bf14b28d2af4128daa99f23eec8a5e105636d0b04136f8be580fdc39d6f1f97d,same_d; UTCHMMA=21;UTCHMMA_WS=16;UTCBAR=1;UTCATOMSWS=3;SYNCS_TRYWAIT=8;LDS=21;LDG=9;ptx_tcgen05_mma=21;ptx_tcgen05_mma_ws=16;ptx_tcgen05_commit=1;ptx_tcgen05_alloc=1;ptx_tcgen05_dealloc=1;ptx_tcgen05_ld=5;ptx_tcgen05_st=5;ptx_mbarrier_wait=5;ptx_cp_async_tma=2;ptx_ld_shared=26;ptx_ld_global=7
02_latency_throughput,lat_bf16_m128n64k16_same_d_in0_q12,1,,NVIDIA Thor,11.0,580.00,13.0,PTX ISA 9.3 / CUDA 13.0,1575.000,,,,bf16,128,64,16,12,42,286,5,discard,same,1,1,12,1,nocount,sw128,sw128,16,16,16,0,512,0,0,none,0,none,0,4,20,412505.0,261.9079365079365,412503.0,412507.8,785.5632909254637,752.8588489741785,6144,,10.08908532987479,10.089016847809493,10.08913424629639,0,0.0,1,bf14b28d2af4128daa99f23eec8a5e105636d0b04136f8be580fdc39d6f1f97d,same_d; UTCHMMA=21;UTCHMMA_WS=16;UTCBAR=1;UTCATOMSWS=3;SYNCS_TRYWAIT=8;LDS=21;LDG=9;ptx_tcgen05_mma=21;ptx_tcgen05_mma_ws=16;ptx_tcgen05_commit=1;ptx_tcgen05_alloc=1;ptx_tcgen05_dealloc=1;ptx_tcgen05_ld=5;ptx_tcgen05_st=5;ptx_mbarrier_wait=5;ptx_cp_async_tma=2;ptx_ld_shared=26;ptx_ld_global=7
02_latency_throughput,lat_bf16_m128n64k16_same_d_in1_q3,1,,NVIDIA Thor,11.0,580.00,13.0,PTX ISA 9.3 / CUDA 13.0,1575.000,,,,bf16,128,64,16,3,170,287,5,discard,same,1,1,3,1,nocount,sw128,sw128,16,16,16,0,512,0,0,none,1,none,0,4,20,517170.0,328.3619047619048,517170.0,517177.4,785.8454581051265,752.8594261530949,6144,,8.143054237484773,8.14293772370193,8.143054237484773,0,0.0,1,bf14b28d2af4128daa99f23eec8a5e105636d0b04136f8be580fdc39d6f1f97d,same_d; UTCHMMA=21;UTCHMMA_WS=16;UTCBAR=1;UTCATOMSWS=3;SYNCS_TRYWAIT=8;LDS=21;LDG=9;ptx_tcgen05_mma=21;ptx_tcgen05_mma_ws=16;ptx_tcgen05_commit=1;ptx_tcgen05_alloc=1;ptx_tcgen05_dealloc=1;ptx_tcgen05_ld=5;ptx_tcgen05_st=5;ptx_mbarrier_wait=5;ptx_cp_async_tma=2;ptx_ld_shared=26;ptx_ld_global=7
02_latency_throughput,lat_fp16_m128n64k16_legal_ring_in1_q2,1,,NVIDIA Thor,11.0,580.00,13.0,PTX ISA 9.3 / CUDA 13.0,1575.000,,,,fp16,128,64,16,2,256,288,5,discard,same,8,8,2,1,nocount,sw128,sw128,16,16,16,0,512,0,64,none,1,none,0,4,20,648045.0,411.45714285714286,648043.0,648050.0,781.0013988701976,874.3625717017189,6144,,6.524019831956115,6.5239694962740575,6.524039966483706,0,0.0,1,bf14b28d2af4128daa99f23eec8a5e105636d0b04136f8be580fdc39d6f1f97d,legal_ring; UTCHMMA=21;UTCHMMA_WS=16;UTCBAR=1;UTCATOMSWS=3;SYNCS_TRYWAIT=8;LDS=21;LDG=9;ptx_tcgen05_mma=21;ptx_tcgen05_mma_ws=16;ptx_tcgen05_commit=1;ptx_tcgen05_alloc=1;ptx_tcgen05_dealloc=1;ptx_tcgen05_ld=5;ptx_tcgen05_st=5;ptx_mbarrier_wait=5;ptx_cp_async_tma=2;ptx_ld_shared=26;ptx_ld_global=7
02_latency_throughput,lat_fp16_m128n128k16_same_d_in1_q8,1,,NVIDIA Thor,11.0,580.00,13.0,PTX ISA 9.3 / CUDA 13.0,1575.000,,,,fp16,128,128,16,8,64,289,5,discard,same,1,1,8,1,nocount,sw128,sw128,16,16,16,0,512,0,0,none,1,none,0,4,20,435697.0,276.6330158730159,435696.0,435725.6,787.7606965817195,752.5639915425807,8192,,19.407333224695144,19.406059414384842,19.407377767985018,0,0.0,1,bf14b28d2af4128daa99f23eec8a5e105636d0b04136f8be580fdc39d6f1f97d,same_d; UTCHMMA=21;UTCHMMA_WS=16;UTCBAR=1;UTCATOMSWS=3;SYNCS_TRYWAIT=8;LDS=21;LDG=9;ptx_tcgen05_mma=21;ptx_tcgen05_mma_ws=16;ptx_tcgen05_commit=1;ptx_tcgen05_alloc=1;ptx_tcgen05_dealloc=1;ptx_tcgen05_ld=5;ptx_tcgen05_st=5;ptx_mbarrier_wait=5;ptx_cp_async_tma=2;ptx_ld_shared=26;ptx_ld_global=7
02_latency_throughput,lat_fp16_m128n128k16_same_d_in0_q1,1,,NVIDIA Thor,11.0,580.00,13.0,PTX ISA 9.3 / CUDA 13.0,1575.000,,,,fp16,128,128,16,1,512,290,5,discard,same,1,1,1,1,nocount,sw128,sw128,16,16,16,0,512,0,0,none,0,none,0,4,20,779123.0,494.68126984126985,779122.4,779148.8,787.5308033513866,752.5684480252465,8192,,10.852865162496807,10.852505798868016,10.85287352026247,0,0.0,1,bf14b28d2af4128daa99f23eec8a5e105636d0b04136f8be580fdc39d6f1f97d,same_d; UTCHMMA=21;UTCHMMA_WS=16;UTCBAR=1;UTCATOMSWS=3;SYNCS_TRYWAIT=8;LDS=21;LDG=9;ptx_tcgen05_mma=21;ptx_tcgen05_mma_ws=16;ptx_tcgen05_commit=1;ptx_tcgen05_alloc=1;ptx_tcgen05_dealloc=1;ptx_tcgen05_ld=5;ptx_tcgen05_st=5;ptx_mbarrier_wait=5;ptx_cp_async_tma=2;ptx_ld_shared=26;ptx_ld_global=7
02_latency_throughput,lat_fp16_m128n256k16_same_d_in0_q64,1,,NVIDIA Thor,11.0,580.00,13.0,PTX ISA 9.3 / CUDA 13.0,1575.000,,,,fp16,128,256,16,64,8,291,5,discard,same,1,1,64,1,nocount,sw128,sw128,16,16,16,0,512,0,0,none,0,none,0,4,20,391698.0,248.69714285714286,391696.4,391701.4,785.4732699917931,752.8025746884518,12288,,43.17467469325858,43.17429993465241,43.17485105307695,0,0.0,1,bf14b28d2af4128daa99f23eec8a5e105636d0b04136f8be580fdc39d6f1f97d,same_d; UTCHMMA=21;UTCHMMA_WS=16;UTCBAR=1;UTCATOMSWS=3;SYNCS_TRYWAIT=8;LDS=21;LDG=9;ptx_tcgen05_mma=21;ptx_tcgen05_mma_ws=16;ptx_tcgen05_commit=1;ptx_tcgen05_alloc=1;ptx_tcgen05_dealloc=1;ptx_tcgen05_ld=5;ptx_tcgen05_st=5;ptx_mbarrier_wait=5;ptx_cp_async_tma=2;ptx_ld_shared=26;ptx_ld_global=7
02_latency_throughput,lat_bf16_m128n256k16_same_d_in0_q3,1,,NVIDIA Thor,11.0,580.00,13.0,PTX ISA 9.3 / CUDA 13.0,1575.000,,,,bf16,128,256,16,3,170,292,5,discard,same,1,1,3,1,nocount,sw128,sw128,16,16,16,0,512,0,0,none,0,none,0,4,20,517169.0,328.3612698412698,517165.80000000005,517169.6,785.412469759447,752.808329126516,12288,,32.57227993170511,32.5722421426455,32.57248147511004,0,0.0,1,bf14b28d2af4128daa99f23eec8a5e105636d0b04136f8be580fdc39d6f1f97d,same_d; UTCHMMA=21;UTCHMMA_WS=16;UTCBAR=1;UTCATOMSWS=3;SYNCS_TRYWAIT=8;LDS=21;LDG=9;ptx_tcgen05_mma=21;ptx_tcgen05_mma_ws=16;ptx_tcgen05_commit=1;ptx_tcgen05_alloc=1;ptx_tcgen05_dealloc=1;ptx_tcgen05_ld=5;ptx_tcgen05_st=5;ptx_mbarrier_wait=5;ptx_cp_async_tma=2;ptx_ld_shared=26;ptx_ld_global=7
02_latency_throughput,lat_fp16_m128n64k16_legal_ring_in1_q16,1,,NVIDIA Thor,11.0,580.00,13.0,PTX ISA 9.3 / CUDA 13.0,1575.000,,,,fp16,128,64,16,16,32,293,5,discard,same,8,8,16,1,nocount,sw128,sw128,16,16,16,0,512,0,64,none,1,none,0,4,20,472631.0,300.0831746031746,472631.0,472637.8,781.0013988701976,874.3625717017189,6144,,8.945368441765352,8.94523974180838,8.945368441765352,0,0.0,1,bf14b28d2af4128daa99f23eec8a5e105636d0b04136f8be580fdc39d6f1f97d,legal_ring; UTCHMMA=21;UTCHMMA_WS=16;UTCBAR=1;UTCATOMSWS=3;SYNCS_TRYWAIT=8;LDS=21;LDG=9;ptx_tcgen05_mma=21;ptx_tcgen05_mma_ws=16;ptx_tcgen05_commit=1;ptx_tcgen05_alloc=1;ptx_tcgen05_dealloc=1;ptx_tcgen05_ld=5;ptx_tcgen05_st=5;ptx_mbarrier_wait=5;ptx_cp_async_tma=2;ptx_ld_shared=26;ptx_ld_global=7
02_latency_throughput,lat_bf16_m128n64k16_legal_ring_in0_q12,1,,NVIDIA Thor,11.0,580.00,13.0,PTX ISA 9.3 / CUDA 13.0,1575.000,,,,bf16,128,64,16,12,42,294,5,discard,same,8,8,12,1,nocount,sw128,sw128,16,16,16,0,512,0,64,none,0,none,0,4,20,473379.0,300.55809523809523,473370.6,473406.4,780.9607439667889,874.3618246594358,6144,,8.791683078463558,8.791174230156813,8.79183908774926,0,0.0,1,bf14b28d2af4128daa99f23eec8a5e105636d0b04136f8be580fdc39d6f1f97d,legal_ring; UTCHMMA=21;UTCHMMA_WS=16;UTCBAR=1;UTCATOMSWS=3;SYNCS_TRYWAIT=8;LDS=21;LDG=9;ptx_tcgen05_mma=21;ptx_tcgen05_mma_ws=16;ptx_tcgen05_commit=1;ptx_tcgen05_alloc=1;ptx_tcgen05_dealloc=1;ptx_tcgen05_ld=5;ptx_tcgen05_st=5;ptx_mbarrier_wait=5;ptx_cp_async_tma=2;ptx_ld_shared=26;ptx_ld_global=7
02_latency_throughput,lat_bf16_m128n128k16_same_d_in0_q48,1,,NVIDIA Thor,11.0,580.00,13.0,PTX ISA 9.3 / CUDA 13.0,1575.000,,,,bf16,128,128,16,48,10,295,5,discard,same,1,1,48,1,nocount,sw128,sw128,16,16,16,0,512,0,0,none,0,none,0,4,20,369114.0,234.35809523809525,369113.4,369130.4,787.4689710674247,752.5719016281445,8192,,21.47638550691656,21.475431338690623,21.476420417177927,0,0.0,1,bf14b28d2af4128daa99f23eec8a5e105636d0b04136f8be580fdc39d6f1f97d,same_d; UTCHMMA=21;UTCHMMA_WS=16;UTCBAR=1;UTCATOMSWS=3;SYNCS_TRYWAIT=8;LDS=21;LDG=9;ptx_tcgen05_mma=21;ptx_tcgen05_mma_ws=16;ptx_tcgen05_commit=1;ptx_tcgen05_alloc=1;ptx_tcgen05_dealloc=1;ptx_tcgen05_ld=5;ptx_tcgen05_st=5;ptx_mbarrier_wait=5;ptx_cp_async_tma=2;ptx_ld_shared=26;ptx_ld_global=7
02_latency_throughput,lat_bf16_m128n64k16_same_d_in0_q16,1,,NVIDIA Thor,11.0,580.00,13.0,PTX ISA 9.3 / CUDA 13.0,1575.000,,,,bf16,128,64,16,16,32,296,5,discard,same,1,1,16,1,nocount,sw128,sw128,16,16,16,0,512,0,0,none,0,none,0,4,20,410665.0,260.7396825396826,410660.0,410712.8,785.5632909254637,752.8588489741785,6144,,10.295151600452924,10.293953508627682,10.295276949301124,0,0.0,1,bf14b28d2af4128daa99f23eec8a5e105636d0b04136f8be580fdc39d6f1f97d,same_d; UTCHMMA=21;UTCHMMA_WS=16;UTCBAR=1;UTCATOMSWS=3;SYNCS_TRYWAIT=8;LDS=21;LDG=9;ptx_tcgen05_mma=21;ptx_tcgen05_mma_ws=16;ptx_tcgen05_commit=1;ptx_tcgen05_alloc=1;ptx_tcgen05_dealloc=1;ptx_tcgen05_ld=5;ptx_tcgen05_st=5;ptx_mbarrier_wait=5;ptx_cp_async_tma=2;ptx_ld_shared=26;ptx_ld_global=7
02_latency_throughput,lat_bf16_m128n64k16_legal_ring_in0_q1,1,,NVIDIA Thor,11.0,580.00,13.0,PTX ISA 9.3 / CUDA 13.0,1575.000,,,,bf16,128,64,16,1,512,297,5,discard,same,8,8,1,1,nocount,sw128,sw128,16,16,16,0,512,0,64,none,0,none,0,4,20,841325.0,534.1746031746031,841078.4,841327.4,780.9607439667889,874.3618246594358,6144,,5.025238085163284,5.0252237500204275,5.026711460015662,0,0.0,1,bf14b28d2af4128daa99f23eec8a5e105636d0b04136f8be580fdc39d6f1f97d,legal_ring; UTCHMMA=21;UTCHMMA_WS=16;UTCBAR=1;UTCATOMSWS=3;SYNCS_TRYWAIT=8;LDS=21;LDG=9;ptx_tcgen05_mma=21;ptx_tcgen05_mma_ws=16;ptx_tcgen05_commit=1;ptx_tcgen05_alloc=1;ptx_tcgen05_dealloc=1;ptx_tcgen05_ld=5;ptx_tcgen05_st=5;ptx_mbarrier_wait=5;ptx_cp_async_tma=2;ptx_ld_shared=26;ptx_ld_global=7
02_latency_throughput,lat_bf16_m128n64k16_same_d_in1_q24,1,,NVIDIA Thor,11.0,580.00,13.0,PTX ISA 9.3 / CUDA 13.0,1575.000,,,,bf16,128,64,16,24,21,298,5,discard,same,1,1,24,1,nocount,sw128,sw128,16,16,16,0,512,0,0,none,1,none,0,4,20,396025.0,251.44444444444443,396018.0,396028.8,785.8454581051265,752.8594261530949,6144,,10.508927830313743,10.508826994545135,10.509113586148159,0,0.0,1,bf14b28d2af4128daa99f23eec8a5e105636d0b04136f8be580fdc39d6f1f97d,same_d; UTCHMMA=21;UTCHMMA_WS=16;UTCBAR=1;UTCATOMSWS=3;SYNCS_TRYWAIT=8;LDS=21;LDG=9;ptx_tcgen05_mma=21;ptx_tcgen05_mma_ws=16;ptx_tcgen05_commit=1;ptx_tcgen05_alloc=1;ptx_tcgen05_dealloc=1;ptx_tcgen05_ld=5;ptx_tcgen05_st=5;ptx_mbarrier_wait=5;ptx_cp_async_tma=2;ptx_ld_shared=26;ptx_ld_global=7
02_latency_throughput,lat_bf16_m128n64k16_legal_ring_in1_q1,1,,NVIDIA Thor,11.0,580.00,13.0,PTX ISA 9.3 / CUDA 13.0,1575.000,,,,bf16,128,64,16,1,512,299,5,discard,same,8,8,1,1,nocount,sw128,sw128,16,16,16,0,512,0,64,none,1,none,0,4,20,841328.0,534.176507936508,841081.0,841328.6000000001,780.9396888366173,874.3660425668124,6144,,5.025220166213414,5.025216582440479,5.026695921125146,0,0.0,1,bf14b28d2af4128daa99f23eec8a5e105636d0b04136f8be580fdc39d6f1f97d,legal_ring; UTCHMMA=21;UTCHMMA_WS=16;UTCBAR=1;UTCATOMSWS=3;SYNCS_TRYWAIT=8;LDS=21;LDG=9;ptx_tcgen05_mma=21;ptx_tcgen05_mma_ws=16;ptx_tcgen05_commit=1;ptx_tcgen05_alloc=1;ptx_tcgen05_dealloc=1;ptx_tcgen05_ld=5;ptx_tcgen05_st=5;ptx_mbarrier_wait=5;ptx_cp_async_tma=2;ptx_ld_shared=26;ptx_ld_global=7
02_latency_throughput,lat_fp16_m128n128k16_same_d_in1_q2,1,,NVIDIA Thor,11.0,580.00,13.0,PTX ISA 9.3 / CUDA 13.0,1575.000,,,,fp16,128,128,16,2,256,300,5,discard,same,1,1,2,1,nocount,sw128,sw128,16,16,16,0,512,0,0,none,1,none,0,4,20,586100.0,372.12698412698415,586096.8,586105.6,787.7606965817195,752.5639915425807,8192,,14.427089001876812,14.426951157287482,14.427167771643916,0,0.0,1,bf14b28d2af4128daa99f23eec8a5e105636d0b04136f8be580fdc39d6f1f97d,same_d; UTCHMMA=21;UTCHMMA_WS=16;UTCBAR=1;UTCATOMSWS=3;SYNCS_TRYWAIT=8;LDS=21;LDG=9;ptx_tcgen05_mma=21;ptx_tcgen05_mma_ws=16;ptx_tcgen05_commit=1;ptx_tcgen05_alloc=1;ptx_tcgen05_dealloc=1;ptx_tcgen05_ld=5;ptx_tcgen05_st=5;ptx_mbarrier_wait=5;ptx_cp_async_tma=2;ptx_ld_shared=26;ptx_ld_global=7
