experiment,case_id,valid,invalid_reason,gpu,compute_capability,driver,cuda_version,ptx_version,sm_clock_mhz,mem_clock_mhz,temperature_c,power_w,dtype,m,n,k,Q,iterations,run_order,repeat,collector_mode,operand_address_mode,independent_d_count,d_reuse_distance,commit_interval,pending_mbarriers,wait_polling_mode,smem_layout,swizzle,alignment_bytes,lda,ldb,smem_base_offset,tmem_columns,d_base_column,d_tile_base_delta,d_alias_class,input_d,interference_mode,interference_ops_per_iter,interference_warps,resident_ctas,elapsed_cycles,elapsed_us,elapsed_cycles_p10,elapsed_cycles_p90,alpha_cycles,beta_cycles_per_mma,logical_smem_bytes_per_mma,effective_smem_bytes_per_cycle,tflops,tflops_p10,tflops_p90,poll_count,max_abs_error,guard_ok,sass_hash,notes
02_latency_throughput,lat_fp16_m128n128k16_legal_ring_in1_q1,1,,NVIDIA Thor,11.0,580.00,13.0,PTX ISA 9.3 / CUDA 13.0,1575.000,,,,fp16,128,128,16,1,512,1,0,discard,same,4,4,1,1,nocount,sw128,sw128,16,16,16,0,512,0,128,none,1,none,0,4,20,841328.0,534.176507936508,,,,,8192,,10.050440332426827,,,0,0.0,1,bf14b28d2af4128daa99f23eec8a5e105636d0b04136f8be580fdc39d6f1f97d,legal_ring; UTCHMMA=21;UTCHMMA_WS=16;UTCBAR=1;UTCATOMSWS=3;SYNCS_TRYWAIT=8;LDS=21;LDG=9;ptx_tcgen05_mma=21;ptx_tcgen05_mma_ws=16;ptx_tcgen05_commit=1;ptx_tcgen05_alloc=1;ptx_tcgen05_dealloc=1;ptx_tcgen05_ld=5;ptx_tcgen05_st=5;ptx_mbarrier_wait=5;ptx_cp_async_tma=2;ptx_ld_shared=26;ptx_ld_global=7
02_latency_throughput,lat_fp16_m128n128k16_legal_ring_in1_q1,1,,NVIDIA Thor,11.0,580.00,13.0,PTX ISA 9.3 / CUDA 13.0,1575.000,,,,fp16,128,128,16,1,512,1,1,discard,same,4,4,1,1,nocount,sw128,sw128,16,16,16,0,512,0,128,none,1,none,0,4,20,841328.0,534.176507936508,,,,,8192,,10.050440332426827,,,0,0.0,1,bf14b28d2af4128daa99f23eec8a5e105636d0b04136f8be580fdc39d6f1f97d,legal_ring
02_latency_throughput,lat_fp16_m128n128k16_legal_ring_in1_q1,1,,NVIDIA Thor,11.0,580.00,13.0,PTX ISA 9.3 / CUDA 13.0,1575.000,,,,fp16,128,128,16,1,512,1,2,discard,same,4,4,1,1,nocount,sw128,sw128,16,16,16,0,512,0,128,none,1,none,0,4,20,841580.0,534.3365079365079,,,,,8192,,10.04743086099955,,,0,0.0,1,bf14b28d2af4128daa99f23eec8a5e105636d0b04136f8be580fdc39d6f1f97d,legal_ring
02_latency_throughput,lat_fp16_m128n128k16_legal_ring_in1_q1,1,,NVIDIA Thor,11.0,580.00,13.0,PTX ISA 9.3 / CUDA 13.0,1575.000,,,,fp16,128,128,16,1,512,1,3,discard,same,4,4,1,1,nocount,sw128,sw128,16,16,16,0,512,0,128,none,1,none,0,4,20,841078.0,534.0177777777777,,,,,8192,,10.0534277011169,,,0,0.0,1,bf14b28d2af4128daa99f23eec8a5e105636d0b04136f8be580fdc39d6f1f97d,legal_ring
02_latency_throughput,lat_fp16_m128n128k16_legal_ring_in1_q1,1,,NVIDIA Thor,11.0,580.00,13.0,PTX ISA 9.3 / CUDA 13.0,1575.000,,,,fp16,128,128,16,1,512,1,4,discard,same,4,4,1,1,nocount,sw128,sw128,16,16,16,0,512,0,128,none,1,none,0,4,20,841077.0,534.0171428571429,,,,,8192,,10.053439654157703,,,0,0.0,1,bf14b28d2af4128daa99f23eec8a5e105636d0b04136f8be580fdc39d6f1f97d,legal_ring
02_latency_throughput,lat_bf16_m128n128k16_same_d_in0_q8,1,,NVIDIA Thor,11.0,580.00,13.0,PTX ISA 9.3 / CUDA 13.0,1575.000,,,,bf16,128,128,16,8,64,2,0,discard,same,1,1,8,1,nocount,sw128,sw128,16,16,16,0,512,0,0,none,0,none,0,4,20,435689.0,276.6279365079365,,,,,8192,,19.407689576739372,,,0,0.0,1,bf14b28d2af4128daa99f23eec8a5e105636d0b04136f8be580fdc39d6f1f97d,same_d; UTCHMMA=21;UTCHMMA_WS=16;UTCBAR=1;UTCATOMSWS=3;SYNCS_TRYWAIT=8;LDS=21;LDG=9;ptx_tcgen05_mma=21;ptx_tcgen05_mma_ws=16;ptx_tcgen05_commit=1;ptx_tcgen05_alloc=1;ptx_tcgen05_dealloc=1;ptx_tcgen05_ld=5;ptx_tcgen05_st=5;ptx_mbarrier_wait=5;ptx_cp_async_tma=2;ptx_ld_shared=26;ptx_ld_global=7
02_latency_throughput,lat_bf16_m128n128k16_same_d_in0_q8,1,,NVIDIA Thor,11.0,580.00,13.0,PTX ISA 9.3 / CUDA 13.0,1575.000,,,,bf16,128,128,16,8,64,2,1,discard,same,1,1,8,1,nocount,sw128,sw128,16,16,16,0,512,0,0,none,0,none,0,4,20,435702.0,276.63619047619045,,,,,8192,,19.40711051131278,,,0,0.0,1,bf14b28d2af4128daa99f23eec8a5e105636d0b04136f8be580fdc39d6f1f97d,same_d
02_latency_throughput,lat_bf16_m128n128k16_same_d_in0_q8,1,,NVIDIA Thor,11.0,580.00,13.0,PTX ISA 9.3 / CUDA 13.0,1575.000,,,,bf16,128,128,16,8,64,2,2,discard,same,1,1,8,1,nocount,sw128,sw128,16,16,16,0,512,0,0,none,0,none,0,4,20,435692.0,276.6298412698412,,,,,8192,,19.407555943189227,,,0,0.0,1,bf14b28d2af4128daa99f23eec8a5e105636d0b04136f8be580fdc39d6f1f97d,same_d
02_latency_throughput,lat_bf16_m128n128k16_same_d_in0_q8,1,,NVIDIA Thor,11.0,580.00,13.0,PTX ISA 9.3 / CUDA 13.0,1575.000,,,,bf16,128,128,16,8,64,2,3,discard,same,1,1,8,1,nocount,sw128,sw128,16,16,16,0,512,0,0,none,0,none,0,4,20,435696.0,276.6323809523809,,,,,8192,,19.407377767985018,,,0,0.0,1,bf14b28d2af4128daa99f23eec8a5e105636d0b04136f8be580fdc39d6f1f97d,same_d
02_latency_throughput,lat_bf16_m128n128k16_same_d_in0_q8,1,,NVIDIA Thor,11.0,580.00,13.0,PTX ISA 9.3 / CUDA 13.0,1575.000,,,,bf16,128,128,16,8,64,2,4,discard,same,1,1,8,1,nocount,sw128,sw128,16,16,16,0,512,0,0,none,0,none,0,4,20,435695.0,276.63174603174605,,,,,8192,,19.40742231147936,,,0,0.0,1,bf14b28d2af4128daa99f23eec8a5e105636d0b04136f8be580fdc39d6f1f97d,same_d
02_latency_throughput,lat_bf16_m128n256k16_same_d_in1_q64,1,,NVIDIA Thor,11.0,580.00,13.0,PTX ISA 9.3 / CUDA 13.0,1575.000,,,,bf16,128,256,16,64,8,3,0,discard,same,1,1,64,1,nocount,sw128,sw128,16,16,16,0,512,0,0,none,1,none,0,4,20,391711.0,248.7053968253968,,,,,12288,,43.17324182369145,,,0,0.0,1,bf14b28d2af4128daa99f23eec8a5e105636d0b04136f8be580fdc39d6f1f97d,same_d; UTCHMMA=21;UTCHMMA_WS=16;UTCBAR=1;UTCATOMSWS=3;SYNCS_TRYWAIT=8;LDS=21;LDG=9;ptx_tcgen05_mma=21;ptx_tcgen05_mma_ws=16;ptx_tcgen05_commit=1;ptx_tcgen05_alloc=1;ptx_tcgen05_dealloc=1;ptx_tcgen05_ld=5;ptx_tcgen05_st=5;ptx_mbarrier_wait=5;ptx_cp_async_tma=2;ptx_ld_shared=26;ptx_ld_global=7
02_latency_throughput,lat_bf16_m128n256k16_same_d_in1_q64,1,,NVIDIA Thor,11.0,580.00,13.0,PTX ISA 9.3 / CUDA 13.0,1575.000,,,,bf16,128,256,16,64,8,3,1,discard,same,1,1,64,1,nocount,sw128,sw128,16,16,16,0,512,0,0,none,1,none,0,4,20,391696.0,248.69587301587302,,,,,12288,,43.17489514317225,,,0,0.0,1,bf14b28d2af4128daa99f23eec8a5e105636d0b04136f8be580fdc39d6f1f97d,same_d
02_latency_throughput,lat_bf16_m128n256k16_same_d_in1_q64,1,,NVIDIA Thor,11.0,580.00,13.0,PTX ISA 9.3 / CUDA 13.0,1575.000,,,,bf16,128,256,16,64,8,3,2,discard,same,1,1,64,1,nocount,sw128,sw128,16,16,16,0,512,0,0,none,1,none,0,4,20,391706.0,248.70222222222225,,,,,12288,,43.17379291611566,,,0,0.0,1,bf14b28d2af4128daa99f23eec8a5e105636d0b04136f8be580fdc39d6f1f97d,same_d
02_latency_throughput,lat_bf16_m128n256k16_same_d_in1_q64,1,,NVIDIA Thor,11.0,580.00,13.0,PTX ISA 9.3 / CUDA 13.0,1575.000,,,,bf16,128,256,16,64,8,3,3,discard,same,1,1,64,1,nocount,sw128,sw128,16,16,16,0,512,0,0,none,1,none,0,4,20,391704.0,248.7009523809524,,,,,12288,,43.174013357024684,,,0,0.0,1,bf14b28d2af4128daa99f23eec8a5e105636d0b04136f8be580fdc39d6f1f97d,same_d
02_latency_throughput,lat_bf16_m128n256k16_same_d_in1_q64,1,,NVIDIA Thor,11.0,580.00,13.0,PTX ISA 9.3 / CUDA 13.0,1575.000,,,,bf16,128,256,16,64,8,3,4,discard,same,1,1,64,1,nocount,sw128,sw128,16,16,16,0,512,0,0,none,1,none,0,4,20,391704.0,248.7009523809524,,,,,12288,,43.174013357024684,,,0,0.0,1,bf14b28d2af4128daa99f23eec8a5e105636d0b04136f8be580fdc39d6f1f97d,same_d
02_latency_throughput,lat_bf16_m128n256k16_legal_ring_in1_q48,1,,NVIDIA Thor,11.0,580.00,13.0,PTX ISA 9.3 / CUDA 13.0,1575.000,,,,bf16,128,256,16,48,10,4,0,discard,same,2,2,48,1,nocount,sw128,sw128,16,16,16,0,512,0,256,none,1,none,0,4,20,427472.0,271.41079365079366,,,,,12288,,37.088906688625215,,,0,0.0,1,bf14b28d2af4128daa99f23eec8a5e105636d0b04136f8be580fdc39d6f1f97d,legal_ring; UTCHMMA=21;UTCHMMA_WS=16;UTCBAR=1;UTCATOMSWS=3;SYNCS_TRYWAIT=8;LDS=21;LDG=9;ptx_tcgen05_mma=21;ptx_tcgen05_mma_ws=16;ptx_tcgen05_commit=1;ptx_tcgen05_alloc=1;ptx_tcgen05_dealloc=1;ptx_tcgen05_ld=5;ptx_tcgen05_st=5;ptx_mbarrier_wait=5;ptx_cp_async_tma=2;ptx_ld_shared=26;ptx_ld_global=7
02_latency_throughput,lat_bf16_m128n256k16_legal_ring_in1_q48,1,,NVIDIA Thor,11.0,580.00,13.0,PTX ISA 9.3 / CUDA 13.0,1575.000,,,,bf16,128,256,16,48,10,4,1,discard,same,2,2,48,1,nocount,sw128,sw128,16,16,16,0,512,0,256,none,1,none,0,4,20,427471.0,271.41015873015874,,,,,12288,,37.088993452187395,,,0,0.0,1,bf14b28d2af4128daa99f23eec8a5e105636d0b04136f8be580fdc39d6f1f97d,legal_ring
02_latency_throughput,lat_bf16_m128n256k16_legal_ring_in1_q48,1,,NVIDIA Thor,11.0,580.00,13.0,PTX ISA 9.3 / CUDA 13.0,1575.000,,,,bf16,128,256,16,48,10,4,2,discard,same,2,2,48,1,nocount,sw128,sw128,16,16,16,0,512,0,256,none,1,none,0,4,20,427476.0,271.41333333333336,,,,,12288,,37.08855963843585,,,0,0.0,1,bf14b28d2af4128daa99f23eec8a5e105636d0b04136f8be580fdc39d6f1f97d,legal_ring
02_latency_throughput,lat_bf16_m128n256k16_legal_ring_in1_q48,1,,NVIDIA Thor,11.0,580.00,13.0,PTX ISA 9.3 / CUDA 13.0,1575.000,,,,bf16,128,256,16,48,10,4,3,discard,same,2,2,48,1,nocount,sw128,sw128,16,16,16,0,512,0,256,none,1,none,0,4,20,427469.0,271.4088888888889,,,,,12288,,37.08916698052958,,,0,0.0,1,bf14b28d2af4128daa99f23eec8a5e105636d0b04136f8be580fdc39d6f1f97d,legal_ring
02_latency_throughput,lat_bf16_m128n256k16_legal_ring_in1_q48,1,,NVIDIA Thor,11.0,580.00,13.0,PTX ISA 9.3 / CUDA 13.0,1575.000,,,,bf16,128,256,16,48,10,4,4,discard,same,2,2,48,1,nocount,sw128,sw128,16,16,16,0,512,0,256,none,1,none,0,4,20,427479.0,271.41523809523807,,,,,12288,,37.08829935505604,,,0,0.0,1,bf14b28d2af4128daa99f23eec8a5e105636d0b04136f8be580fdc39d6f1f97d,legal_ring
02_latency_throughput,lat_fp16_m128n64k16_legal_ring_in0_q3,1,,NVIDIA Thor,11.0,580.00,13.0,PTX ISA 9.3 / CUDA 13.0,1575.000,,,,fp16,128,64,16,3,170,5,0,discard,same,8,8,3,1,nocount,sw128,sw128,16,16,16,0,512,0,64,none,0,none,0,4,20,578875.0,367.53968253968253,,,,,6144,,7.275047911898078,,,0,0.0,1,bf14b28d2af4128daa99f23eec8a5e105636d0b04136f8be580fdc39d6f1f97d,legal_ring; UTCHMMA=21;UTCHMMA_WS=16;UTCBAR=1;UTCATOMSWS=3;SYNCS_TRYWAIT=8;LDS=21;LDG=9;ptx_tcgen05_mma=21;ptx_tcgen05_mma_ws=16;ptx_tcgen05_commit=1;ptx_tcgen05_alloc=1;ptx_tcgen05_dealloc=1;ptx_tcgen05_ld=5;ptx_tcgen05_st=5;ptx_mbarrier_wait=5;ptx_cp_async_tma=2;ptx_ld_shared=26;ptx_ld_global=7
02_latency_throughput,lat_fp16_m128n64k16_legal_ring_in0_q3,1,,NVIDIA Thor,11.0,580.00,13.0,PTX ISA 9.3 / CUDA 13.0,1575.000,,,,fp16,128,64,16,3,170,5,1,discard,same,8,8,3,1,nocount,sw128,sw128,16,16,16,0,512,0,64,none,0,none,0,4,20,578883.0,367.5447619047619,,,,,6144,,7.2749473727851734,,,0,0.0,1,bf14b28d2af4128daa99f23eec8a5e105636d0b04136f8be580fdc39d6f1f97d,legal_ring
02_latency_throughput,lat_fp16_m128n64k16_legal_ring_in0_q3,1,,NVIDIA Thor,11.0,580.00,13.0,PTX ISA 9.3 / CUDA 13.0,1575.000,,,,fp16,128,64,16,3,170,5,2,discard,same,8,8,3,1,nocount,sw128,sw128,16,16,16,0,512,0,64,none,0,none,0,4,20,578873.0,367.5384126984127,,,,,6144,,7.275073047110506,,,0,0.0,1,bf14b28d2af4128daa99f23eec8a5e105636d0b04136f8be580fdc39d6f1f97d,legal_ring
02_latency_throughput,lat_fp16_m128n64k16_legal_ring_in0_q3,1,,NVIDIA Thor,11.0,580.00,13.0,PTX ISA 9.3 / CUDA 13.0,1575.000,,,,fp16,128,64,16,3,170,5,3,discard,same,8,8,3,1,nocount,sw128,sw128,16,16,16,0,512,0,64,none,0,none,0,4,20,578875.0,367.53968253968253,,,,,6144,,7.275047911898078,,,0,0.0,1,bf14b28d2af4128daa99f23eec8a5e105636d0b04136f8be580fdc39d6f1f97d,legal_ring
02_latency_throughput,lat_fp16_m128n64k16_legal_ring_in0_q3,1,,NVIDIA Thor,11.0,580.00,13.0,PTX ISA 9.3 / CUDA 13.0,1575.000,,,,fp16,128,64,16,3,170,5,4,discard,same,8,8,3,1,nocount,sw128,sw128,16,16,16,0,512,0,64,none,0,none,0,4,20,578880.0,367.54285714285714,,,,,6144,,7.2749850746268665,,,0,0.0,1,bf14b28d2af4128daa99f23eec8a5e105636d0b04136f8be580fdc39d6f1f97d,legal_ring
02_latency_throughput,lat_bf16_m128n128k16_legal_ring_in0_q6,1,,NVIDIA Thor,11.0,580.00,13.0,PTX ISA 9.3 / CUDA 13.0,1575.000,,,,bf16,128,128,16,6,85,6,0,discard,same,4,4,6,1,nocount,sw128,sw128,16,16,16,0,512,0,128,none,0,none,0,4,20,512322.0,325.2838095238095,,,,,8192,,16.440220642486562,,,0,0.0,1,bf14b28d2af4128daa99f23eec8a5e105636d0b04136f8be580fdc39d6f1f97d,legal_ring; UTCHMMA=21;UTCHMMA_WS=16;UTCBAR=1;UTCATOMSWS=3;SYNCS_TRYWAIT=8;LDS=21;LDG=9;ptx_tcgen05_mma=21;ptx_tcgen05_mma_ws=16;ptx_tcgen05_commit=1;ptx_tcgen05_alloc=1;ptx_tcgen05_dealloc=1;ptx_tcgen05_ld=5;ptx_tcgen05_st=5;ptx_mbarrier_wait=5;ptx_cp_async_tma=2;ptx_ld_shared=26;ptx_ld_global=7
02_latency_throughput,lat_bf16_m128n128k16_legal_ring_in0_q6,1,,NVIDIA Thor,11.0,580.00,13.0,PTX ISA 9.3 / CUDA 13.0,1575.000,,,,bf16,128,128,16,6,85,6,1,discard,same,4,4,6,1,nocount,sw128,sw128,16,16,16,0,512,0,128,none,0,none,0,4,20,512324.0,325.28507936507935,,,,,8192,,16.44015646348795,,,0,0.0,1,bf14b28d2af4128daa99f23eec8a5e105636d0b04136f8be580fdc39d6f1f97d,legal_ring
02_latency_throughput,lat_bf16_m128n128k16_legal_ring_in0_q6,1,,NVIDIA Thor,11.0,580.00,13.0,PTX ISA 9.3 / CUDA 13.0,1575.000,,,,bf16,128,128,16,6,85,6,2,discard,same,4,4,6,1,nocount,sw128,sw128,16,16,16,0,512,0,128,none,0,none,0,4,20,512317.0,325.2806349206349,,,,,8192,,16.440381092175354,,,0,0.0,1,bf14b28d2af4128daa99f23eec8a5e105636d0b04136f8be580fdc39d6f1f97d,legal_ring
02_latency_throughput,lat_bf16_m128n128k16_legal_ring_in0_q6,1,,NVIDIA Thor,11.0,580.00,13.0,PTX ISA 9.3 / CUDA 13.0,1575.000,,,,bf16,128,128,16,6,85,6,3,discard,same,4,4,6,1,nocount,sw128,sw128,16,16,16,0,512,0,128,none,0,none,0,4,20,512321.0,325.2831746031746,,,,,8192,,16.440252732173775,,,0,0.0,1,bf14b28d2af4128daa99f23eec8a5e105636d0b04136f8be580fdc39d6f1f97d,legal_ring
02_latency_throughput,lat_bf16_m128n128k16_legal_ring_in0_q6,1,,NVIDIA Thor,11.0,580.00,13.0,PTX ISA 9.3 / CUDA 13.0,1575.000,,,,bf16,128,128,16,6,85,6,4,discard,same,4,4,6,1,nocount,sw128,sw128,16,16,16,0,512,0,128,none,0,none,0,4,20,512320.0,325.28253968253966,,,,,8192,,16.440284821986257,,,0,0.0,1,bf14b28d2af4128daa99f23eec8a5e105636d0b04136f8be580fdc39d6f1f97d,legal_ring
02_latency_throughput,lat_fp16_m128n128k16_legal_ring_in0_q4,1,,NVIDIA Thor,11.0,580.00,13.0,PTX ISA 9.3 / CUDA 13.0,1575.000,,,,fp16,128,128,16,4,128,7,0,discard,same,4,4,4,1,nocount,sw128,sw128,16,16,16,0,512,0,128,none,0,none,0,4,20,547821.0,347.8228571428571,,,,,8192,,15.435182046690434,,,0,0.0,1,bf14b28d2af4128daa99f23eec8a5e105636d0b04136f8be580fdc39d6f1f97d,legal_ring; UTCHMMA=21;UTCHMMA_WS=16;UTCBAR=1;UTCATOMSWS=3;SYNCS_TRYWAIT=8;LDS=21;LDG=9;ptx_tcgen05_mma=21;ptx_tcgen05_mma_ws=16;ptx_tcgen05_commit=1;ptx_tcgen05_alloc=1;ptx_tcgen05_dealloc=1;ptx_tcgen05_ld=5;ptx_tcgen05_st=5;ptx_mbarrier_wait=5;ptx_cp_async_tma=2;ptx_ld_shared=26;ptx_ld_global=7
02_latency_throughput,lat_fp16_m128n128k16_legal_ring_in0_q4,1,,NVIDIA Thor,11.0,580.00,13.0,PTX ISA 9.3 / CUDA 13.0,1575.000,,,,fp16,128,128,16,4,128,7,1,discard,same,4,4,4,1,nocount,sw128,sw128,16,16,16,0,512,0,128,none,0,none,0,4,20,547818.0,347.82095238095235,,,,,8192,,15.43526657393514,,,0,0.0,1,bf14b28d2af4128daa99f23eec8a5e105636d0b04136f8be580fdc39d6f1f97d,legal_ring
02_latency_throughput,lat_fp16_m128n128k16_legal_ring_in0_q4,1,,NVIDIA Thor,11.0,580.00,13.0,PTX ISA 9.3 / CUDA 13.0,1575.000,,,,fp16,128,128,16,4,128,7,2,discard,same,4,4,4,1,nocount,sw128,sw128,16,16,16,0,512,0,128,none,0,none,0,4,20,547815.0,347.81904761904764,,,,,8192,,15.435351102105638,,,0,0.0,1,bf14b28d2af4128daa99f23eec8a5e105636d0b04136f8be580fdc39d6f1f97d,legal_ring
02_latency_throughput,lat_fp16_m128n128k16_legal_ring_in0_q4,1,,NVIDIA Thor,11.0,580.00,13.0,PTX ISA 9.3 / CUDA 13.0,1575.000,,,,fp16,128,128,16,4,128,7,3,discard,same,4,4,4,1,nocount,sw128,sw128,16,16,16,0,512,0,128,none,0,none,0,4,20,547821.0,347.8228571428571,,,,,8192,,15.435182046690434,,,0,0.0,1,bf14b28d2af4128daa99f23eec8a5e105636d0b04136f8be580fdc39d6f1f97d,legal_ring
02_latency_throughput,lat_fp16_m128n128k16_legal_ring_in0_q4,1,,NVIDIA Thor,11.0,580.00,13.0,PTX ISA 9.3 / CUDA 13.0,1575.000,,,,fp16,128,128,16,4,128,7,4,discard,same,4,4,4,1,nocount,sw128,sw128,16,16,16,0,512,0,128,none,0,none,0,4,20,547814.0,347.81841269841266,,,,,8192,,15.435379278368208,,,0,0.0,1,bf14b28d2af4128daa99f23eec8a5e105636d0b04136f8be580fdc39d6f1f97d,legal_ring
02_latency_throughput,lat_bf16_m128n64k16_legal_ring_in0_q32,1,,NVIDIA Thor,11.0,580.00,13.0,PTX ISA 9.3 / CUDA 13.0,1575.000,,,,bf16,128,64,16,32,16,8,0,discard,same,8,8,32,1,nocount,sw128,sw128,16,16,16,0,512,0,64,none,0,none,0,4,20,460150.0,292.1587301587302,,,,,6144,,9.188000504183417,,,0,0.0,1,bf14b28d2af4128daa99f23eec8a5e105636d0b04136f8be580fdc39d6f1f97d,legal_ring; UTCHMMA=21;UTCHMMA_WS=16;UTCBAR=1;UTCATOMSWS=3;SYNCS_TRYWAIT=8;LDS=21;LDG=9;ptx_tcgen05_mma=21;ptx_tcgen05_mma_ws=16;ptx_tcgen05_commit=1;ptx_tcgen05_alloc=1;ptx_tcgen05_dealloc=1;ptx_tcgen05_ld=5;ptx_tcgen05_st=5;ptx_mbarrier_wait=5;ptx_cp_async_tma=2;ptx_ld_shared=26;ptx_ld_global=7
02_latency_throughput,lat_bf16_m128n64k16_legal_ring_in0_q32,1,,NVIDIA Thor,11.0,580.00,13.0,PTX ISA 9.3 / CUDA 13.0,1575.000,,,,bf16,128,64,16,32,16,8,1,discard,same,8,8,32,1,nocount,sw128,sw128,16,16,16,0,512,0,64,none,0,none,0,4,20,460148.0,292.15746031746033,,,,,6144,,9.18804043916305,,,0,0.0,1,bf14b28d2af4128daa99f23eec8a5e105636d0b04136f8be580fdc39d6f1f97d,legal_ring
02_latency_throughput,lat_bf16_m128n64k16_legal_ring_in0_q32,1,,NVIDIA Thor,11.0,580.00,13.0,PTX ISA 9.3 / CUDA 13.0,1575.000,,,,bf16,128,64,16,32,16,8,2,discard,same,8,8,32,1,nocount,sw128,sw128,16,16,16,0,512,0,64,none,0,none,0,4,20,460151.0,292.1593650793651,,,,,6144,,9.187980536823781,,,0,0.0,1,bf14b28d2af4128daa99f23eec8a5e105636d0b04136f8be580fdc39d6f1f97d,legal_ring
02_latency_throughput,lat_bf16_m128n64k16_legal_ring_in0_q32,1,,NVIDIA Thor,11.0,580.00,13.0,PTX ISA 9.3 / CUDA 13.0,1575.000,,,,bf16,128,64,16,32,16,8,3,discard,same,8,8,32,1,nocount,sw128,sw128,16,16,16,0,512,0,64,none,0,none,0,4,20,460151.0,292.1593650793651,,,,,6144,,9.187980536823781,,,0,0.0,1,bf14b28d2af4128daa99f23eec8a5e105636d0b04136f8be580fdc39d6f1f97d,legal_ring
02_latency_throughput,lat_bf16_m128n64k16_legal_ring_in0_q32,1,,NVIDIA Thor,11.0,580.00,13.0,PTX ISA 9.3 / CUDA 13.0,1575.000,,,,bf16,128,64,16,32,16,8,4,discard,same,8,8,32,1,nocount,sw128,sw128,16,16,16,0,512,0,64,none,0,none,0,4,20,460145.0,292.15555555555557,,,,,6144,,9.18810034228341,,,0,0.0,1,bf14b28d2af4128daa99f23eec8a5e105636d0b04136f8be580fdc39d6f1f97d,legal_ring
02_latency_throughput,lat_fp16_m128n64k16_legal_ring_in0_q24,1,,NVIDIA Thor,11.0,580.00,13.0,PTX ISA 9.3 / CUDA 13.0,1575.000,,,,fp16,128,64,16,24,21,9,0,discard,same,8,8,24,1,nocount,sw128,sw128,16,16,16,0,512,0,64,none,0,none,0,4,20,457023.0,290.17333333333335,,,,,6144,,9.106321003538115,,,0,0.0,1,bf14b28d2af4128daa99f23eec8a5e105636d0b04136f8be580fdc39d6f1f97d,legal_ring; UTCHMMA=21;UTCHMMA_WS=16;UTCBAR=1;UTCATOMSWS=3;SYNCS_TRYWAIT=8;LDS=21;LDG=9;ptx_tcgen05_mma=21;ptx_tcgen05_mma_ws=16;ptx_tcgen05_commit=1;ptx_tcgen05_alloc=1;ptx_tcgen05_dealloc=1;ptx_tcgen05_ld=5;ptx_tcgen05_st=5;ptx_mbarrier_wait=5;ptx_cp_async_tma=2;ptx_ld_shared=26;ptx_ld_global=7
02_latency_throughput,lat_fp16_m128n64k16_legal_ring_in0_q24,1,,NVIDIA Thor,11.0,580.00,13.0,PTX ISA 9.3 / CUDA 13.0,1575.000,,,,fp16,128,64,16,24,21,9,1,discard,same,8,8,24,1,nocount,sw128,sw128,16,16,16,0,512,0,64,none,0,none,0,4,20,457017.0,290.1695238095238,,,,,6144,,9.106440556915826,,,0,0.0,1,bf14b28d2af4128daa99f23eec8a5e105636d0b04136f8be580fdc39d6f1f97d,legal_ring
02_latency_throughput,lat_fp16_m128n64k16_legal_ring_in0_q24,1,,NVIDIA Thor,11.0,580.00,13.0,PTX ISA 9.3 / CUDA 13.0,1575.000,,,,fp16,128,64,16,24,21,9,2,discard,same,8,8,24,1,nocount,sw128,sw128,16,16,16,0,512,0,64,none,0,none,0,4,20,457020.0,290.1714285714285,,,,,6144,,9.106380779834582,,,0,0.0,1,bf14b28d2af4128daa99f23eec8a5e105636d0b04136f8be580fdc39d6f1f97d,legal_ring
02_latency_throughput,lat_fp16_m128n64k16_legal_ring_in0_q24,1,,NVIDIA Thor,11.0,580.00,13.0,PTX ISA 9.3 / CUDA 13.0,1575.000,,,,fp16,128,64,16,24,21,9,3,discard,same,8,8,24,1,nocount,sw128,sw128,16,16,16,0,512,0,64,none,0,none,0,4,20,457022.0,290.17269841269837,,,,,6144,,9.106340928883075,,,0,0.0,1,bf14b28d2af4128daa99f23eec8a5e105636d0b04136f8be580fdc39d6f1f97d,legal_ring
02_latency_throughput,lat_fp16_m128n64k16_legal_ring_in0_q24,1,,NVIDIA Thor,11.0,580.00,13.0,PTX ISA 9.3 / CUDA 13.0,1575.000,,,,fp16,128,64,16,24,21,9,4,discard,same,8,8,24,1,nocount,sw128,sw128,16,16,16,0,512,0,64,none,0,none,0,4,20,457015.0,290.16825396825396,,,,,6144,,9.10648040873932,,,0,0.0,1,bf14b28d2af4128daa99f23eec8a5e105636d0b04136f8be580fdc39d6f1f97d,legal_ring
02_latency_throughput,lat_fp16_m128n64k16_same_d_in0_q48,1,,NVIDIA Thor,11.0,580.00,13.0,PTX ISA 9.3 / CUDA 13.0,1575.000,,,,fp16,128,64,16,48,10,10,0,discard,same,1,1,48,1,nocount,sw128,sw128,16,16,16,0,512,0,0,none,0,none,0,4,20,369243.0,234.44,,,,,6144,,10.734441221634533,,,0,0.0,1,bf14b28d2af4128daa99f23eec8a5e105636d0b04136f8be580fdc39d6f1f97d,same_d; UTCHMMA=21;UTCHMMA_WS=16;UTCBAR=1;UTCATOMSWS=3;SYNCS_TRYWAIT=8;LDS=21;LDG=9;ptx_tcgen05_mma=21;ptx_tcgen05_mma_ws=16;ptx_tcgen05_commit=1;ptx_tcgen05_alloc=1;ptx_tcgen05_dealloc=1;ptx_tcgen05_ld=5;ptx_tcgen05_st=5;ptx_mbarrier_wait=5;ptx_cp_async_tma=2;ptx_ld_shared=26;ptx_ld_global=7
02_latency_throughput,lat_fp16_m128n64k16_same_d_in0_q48,1,,NVIDIA Thor,11.0,580.00,13.0,PTX ISA 9.3 / CUDA 13.0,1575.000,,,,fp16,128,64,16,48,10,10,1,discard,same,1,1,48,1,nocount,sw128,sw128,16,16,16,0,512,0,0,none,0,none,0,4,20,369245.0,234.44126984126984,,,,,6144,,10.734383078985497,,,0,0.0,1,bf14b28d2af4128daa99f23eec8a5e105636d0b04136f8be580fdc39d6f1f97d,same_d
02_latency_throughput,lat_fp16_m128n64k16_same_d_in0_q48,1,,NVIDIA Thor,11.0,580.00,13.0,PTX ISA 9.3 / CUDA 13.0,1575.000,,,,fp16,128,64,16,48,10,10,2,discard,same,1,1,48,1,nocount,sw128,sw128,16,16,16,0,512,0,0,none,0,none,0,4,20,369233.0,234.4336507936508,,,,,6144,,10.734731944327836,,,0,0.0,1,bf14b28d2af4128daa99f23eec8a5e105636d0b04136f8be580fdc39d6f1f97d,same_d
02_latency_throughput,lat_fp16_m128n64k16_same_d_in0_q48,1,,NVIDIA Thor,11.0,580.00,13.0,PTX ISA 9.3 / CUDA 13.0,1575.000,,,,fp16,128,64,16,48,10,10,3,discard,same,1,1,48,1,nocount,sw128,sw128,16,16,16,0,512,0,0,none,0,none,0,4,20,369244.0,234.44063492063492,,,,,6144,,10.734412150231282,,,0,0.0,1,bf14b28d2af4128daa99f23eec8a5e105636d0b04136f8be580fdc39d6f1f97d,same_d
02_latency_throughput,lat_fp16_m128n64k16_same_d_in0_q48,1,,NVIDIA Thor,11.0,580.00,13.0,PTX ISA 9.3 / CUDA 13.0,1575.000,,,,fp16,128,64,16,48,10,10,4,discard,same,1,1,48,1,nocount,sw128,sw128,16,16,16,0,512,0,0,none,0,none,0,4,20,369243.0,234.44,,,,,6144,,10.734441221634533,,,0,0.0,1,bf14b28d2af4128daa99f23eec8a5e105636d0b04136f8be580fdc39d6f1f97d,same_d
02_latency_throughput,lat_fp16_m128n128k16_legal_ring_in0_q6,1,,NVIDIA Thor,11.0,580.00,13.0,PTX ISA 9.3 / CUDA 13.0,1575.000,,,,fp16,128,128,16,6,85,11,0,discard,same,4,4,6,1,nocount,sw128,sw128,16,16,16,0,512,0,128,none,0,none,0,4,20,512322.0,325.2838095238095,,,,,8192,,16.440220642486562,,,0,0.0,1,bf14b28d2af4128daa99f23eec8a5e105636d0b04136f8be580fdc39d6f1f97d,legal_ring; UTCHMMA=21;UTCHMMA_WS=16;UTCBAR=1;UTCATOMSWS=3;SYNCS_TRYWAIT=8;LDS=21;LDG=9;ptx_tcgen05_mma=21;ptx_tcgen05_mma_ws=16;ptx_tcgen05_commit=1;ptx_tcgen05_alloc=1;ptx_tcgen05_dealloc=1;ptx_tcgen05_ld=5;ptx_tcgen05_st=5;ptx_mbarrier_wait=5;ptx_cp_async_tma=2;ptx_ld_shared=26;ptx_ld_global=7
02_latency_throughput,lat_fp16_m128n128k16_legal_ring_in0_q6,1,,NVIDIA Thor,11.0,580.00,13.0,PTX ISA 9.3 / CUDA 13.0,1575.000,,,,fp16,128,128,16,6,85,11,1,discard,same,4,4,6,1,nocount,sw128,sw128,16,16,16,0,512,0,128,none,0,none,0,4,20,512322.0,325.2838095238095,,,,,8192,,16.440220642486562,,,0,0.0,1,bf14b28d2af4128daa99f23eec8a5e105636d0b04136f8be580fdc39d6f1f97d,legal_ring
02_latency_throughput,lat_fp16_m128n128k16_legal_ring_in0_q6,1,,NVIDIA Thor,11.0,580.00,13.0,PTX ISA 9.3 / CUDA 13.0,1575.000,,,,fp16,128,128,16,6,85,11,2,discard,same,4,4,6,1,nocount,sw128,sw128,16,16,16,0,512,0,128,none,0,none,0,4,20,512321.0,325.2831746031746,,,,,8192,,16.440252732173775,,,0,0.0,1,bf14b28d2af4128daa99f23eec8a5e105636d0b04136f8be580fdc39d6f1f97d,legal_ring
02_latency_throughput,lat_fp16_m128n128k16_legal_ring_in0_q6,1,,NVIDIA Thor,11.0,580.00,13.0,PTX ISA 9.3 / CUDA 13.0,1575.000,,,,fp16,128,128,16,6,85,11,3,discard,same,4,4,6,1,nocount,sw128,sw128,16,16,16,0,512,0,128,none,0,none,0,4,20,512322.0,325.2838095238095,,,,,8192,,16.440220642486562,,,0,0.0,1,bf14b28d2af4128daa99f23eec8a5e105636d0b04136f8be580fdc39d6f1f97d,legal_ring
02_latency_throughput,lat_fp16_m128n128k16_legal_ring_in0_q6,1,,NVIDIA Thor,11.0,580.00,13.0,PTX ISA 9.3 / CUDA 13.0,1575.000,,,,fp16,128,128,16,6,85,11,4,discard,same,4,4,6,1,nocount,sw128,sw128,16,16,16,0,512,0,128,none,0,none,0,4,20,512322.0,325.2838095238095,,,,,8192,,16.440220642486562,,,0,0.0,1,bf14b28d2af4128daa99f23eec8a5e105636d0b04136f8be580fdc39d6f1f97d,legal_ring
02_latency_throughput,lat_bf16_m128n256k16_legal_ring_in1_q8,1,,NVIDIA Thor,11.0,580.00,13.0,PTX ISA 9.3 / CUDA 13.0,1575.000,,,,bf16,128,256,16,8,64,12,0,discard,same,2,2,8,1,nocount,sw128,sw128,16,16,16,0,512,0,256,none,1,none,0,4,20,497583.0,315.92571428571426,,,,,12288,,33.987161394179466,,,0,0.0,1,bf14b28d2af4128daa99f23eec8a5e105636d0b04136f8be580fdc39d6f1f97d,legal_ring; UTCHMMA=21;UTCHMMA_WS=16;UTCBAR=1;UTCATOMSWS=3;SYNCS_TRYWAIT=8;LDS=21;LDG=9;ptx_tcgen05_mma=21;ptx_tcgen05_mma_ws=16;ptx_tcgen05_commit=1;ptx_tcgen05_alloc=1;ptx_tcgen05_dealloc=1;ptx_tcgen05_ld=5;ptx_tcgen05_st=5;ptx_mbarrier_wait=5;ptx_cp_async_tma=2;ptx_ld_shared=26;ptx_ld_global=7
02_latency_throughput,lat_bf16_m128n256k16_legal_ring_in1_q8,1,,NVIDIA Thor,11.0,580.00,13.0,PTX ISA 9.3 / CUDA 13.0,1575.000,,,,bf16,128,256,16,8,64,12,1,discard,same,2,2,8,1,nocount,sw128,sw128,16,16,16,0,512,0,256,none,1,none,0,4,20,497587.0,315.92825396825396,,,,,12288,,33.986888178348714,,,0,0.0,1,bf14b28d2af4128daa99f23eec8a5e105636d0b04136f8be580fdc39d6f1f97d,legal_ring
02_latency_throughput,lat_bf16_m128n256k16_legal_ring_in1_q8,1,,NVIDIA Thor,11.0,580.00,13.0,PTX ISA 9.3 / CUDA 13.0,1575.000,,,,bf16,128,256,16,8,64,12,2,discard,same,2,2,8,1,nocount,sw128,sw128,16,16,16,0,512,0,256,none,1,none,0,4,20,497592.0,315.9314285714286,,,,,12288,,33.98654666473737,,,0,0.0,1,bf14b28d2af4128daa99f23eec8a5e105636d0b04136f8be580fdc39d6f1f97d,legal_ring
02_latency_throughput,lat_bf16_m128n256k16_legal_ring_in1_q8,1,,NVIDIA Thor,11.0,580.00,13.0,PTX ISA 9.3 / CUDA 13.0,1575.000,,,,bf16,128,256,16,8,64,12,3,discard,same,2,2,8,1,nocount,sw128,sw128,16,16,16,0,512,0,256,none,1,none,0,4,20,497594.0,315.9326984126984,,,,,12288,,33.98641006121456,,,0,0.0,1,bf14b28d2af4128daa99f23eec8a5e105636d0b04136f8be580fdc39d6f1f97d,legal_ring
02_latency_throughput,lat_bf16_m128n256k16_legal_ring_in1_q8,1,,NVIDIA Thor,11.0,580.00,13.0,PTX ISA 9.3 / CUDA 13.0,1575.000,,,,bf16,128,256,16,8,64,12,4,discard,same,2,2,8,1,nocount,sw128,sw128,16,16,16,0,512,0,256,none,1,none,0,4,20,497580.0,315.92380952380955,,,,,12288,,33.98736630893524,,,0,0.0,1,bf14b28d2af4128daa99f23eec8a5e105636d0b04136f8be580fdc39d6f1f97d,legal_ring
02_latency_throughput,lat_bf16_m128n128k16_same_d_in1_q8,1,,NVIDIA Thor,11.0,580.00,13.0,PTX ISA 9.3 / CUDA 13.0,1575.000,,,,bf16,128,128,16,8,64,13,0,discard,same,1,1,8,1,nocount,sw128,sw128,16,16,16,0,512,0,0,none,1,none,0,4,20,435696.0,276.6323809523809,,,,,8192,,19.407377767985018,,,0,0.0,1,bf14b28d2af4128daa99f23eec8a5e105636d0b04136f8be580fdc39d6f1f97d,same_d; UTCHMMA=21;UTCHMMA_WS=16;UTCBAR=1;UTCATOMSWS=3;SYNCS_TRYWAIT=8;LDS=21;LDG=9;ptx_tcgen05_mma=21;ptx_tcgen05_mma_ws=16;ptx_tcgen05_commit=1;ptx_tcgen05_alloc=1;ptx_tcgen05_dealloc=1;ptx_tcgen05_ld=5;ptx_tcgen05_st=5;ptx_mbarrier_wait=5;ptx_cp_async_tma=2;ptx_ld_shared=26;ptx_ld_global=7
02_latency_throughput,lat_bf16_m128n128k16_same_d_in1_q8,1,,NVIDIA Thor,11.0,580.00,13.0,PTX ISA 9.3 / CUDA 13.0,1575.000,,,,bf16,128,128,16,8,64,13,1,discard,same,1,1,8,1,nocount,sw128,sw128,16,16,16,0,512,0,0,none,1,none,0,4,20,435697.0,276.6330158730159,,,,,8192,,19.407333224695144,,,0,0.0,1,bf14b28d2af4128daa99f23eec8a5e105636d0b04136f8be580fdc39d6f1f97d,same_d
02_latency_throughput,lat_bf16_m128n128k16_same_d_in1_q8,1,,NVIDIA Thor,11.0,580.00,13.0,PTX ISA 9.3 / CUDA 13.0,1575.000,,,,bf16,128,128,16,8,64,13,2,discard,same,1,1,8,1,nocount,sw128,sw128,16,16,16,0,512,0,0,none,1,none,0,4,20,435692.0,276.6298412698412,,,,,8192,,19.407555943189227,,,0,0.0,1,bf14b28d2af4128daa99f23eec8a5e105636d0b04136f8be580fdc39d6f1f97d,same_d
02_latency_throughput,lat_bf16_m128n128k16_same_d_in1_q8,1,,NVIDIA Thor,11.0,580.00,13.0,PTX ISA 9.3 / CUDA 13.0,1575.000,,,,bf16,128,128,16,8,64,13,3,discard,same,1,1,8,1,nocount,sw128,sw128,16,16,16,0,512,0,0,none,1,none,0,4,20,435689.0,276.6279365079365,,,,,8192,,19.407689576739372,,,0,0.0,1,bf14b28d2af4128daa99f23eec8a5e105636d0b04136f8be580fdc39d6f1f97d,same_d
02_latency_throughput,lat_bf16_m128n128k16_same_d_in1_q8,1,,NVIDIA Thor,11.0,580.00,13.0,PTX ISA 9.3 / CUDA 13.0,1575.000,,,,bf16,128,128,16,8,64,13,4,discard,same,1,1,8,1,nocount,sw128,sw128,16,16,16,0,512,0,0,none,1,none,0,4,20,435742.0,276.6615873015873,,,,,8192,,19.40532898825452,,,0,0.0,1,bf14b28d2af4128daa99f23eec8a5e105636d0b04136f8be580fdc39d6f1f97d,same_d
02_latency_throughput,lat_bf16_m128n256k16_legal_ring_in0_q64,1,,NVIDIA Thor,11.0,580.00,13.0,PTX ISA 9.3 / CUDA 13.0,1575.000,,,,bf16,128,256,16,64,8,14,0,discard,same,2,2,64,1,nocount,sw128,sw128,16,16,16,0,512,0,256,none,0,none,0,4,20,453878.0,288.1765079365079,,,,,12288,,37.25986658970032,,,0,0.0,1,bf14b28d2af4128daa99f23eec8a5e105636d0b04136f8be580fdc39d6f1f97d,legal_ring; UTCHMMA=21;UTCHMMA_WS=16;UTCBAR=1;UTCATOMSWS=3;SYNCS_TRYWAIT=8;LDS=21;LDG=9;ptx_tcgen05_mma=21;ptx_tcgen05_mma_ws=16;ptx_tcgen05_commit=1;ptx_tcgen05_alloc=1;ptx_tcgen05_dealloc=1;ptx_tcgen05_ld=5;ptx_tcgen05_st=5;ptx_mbarrier_wait=5;ptx_cp_async_tma=2;ptx_ld_shared=26;ptx_ld_global=7
02_latency_throughput,lat_bf16_m128n256k16_legal_ring_in0_q64,1,,NVIDIA Thor,11.0,580.00,13.0,PTX ISA 9.3 / CUDA 13.0,1575.000,,,,bf16,128,256,16,64,8,14,1,discard,same,2,2,64,1,nocount,sw128,sw128,16,16,16,0,512,0,256,none,0,none,0,4,20,453879.0,288.1771428571429,,,,,12288,,37.25978449763042,,,0,0.0,1,bf14b28d2af4128daa99f23eec8a5e105636d0b04136f8be580fdc39d6f1f97d,legal_ring
02_latency_throughput,lat_bf16_m128n256k16_legal_ring_in0_q64,1,,NVIDIA Thor,11.0,580.00,13.0,PTX ISA 9.3 / CUDA 13.0,1575.000,,,,bf16,128,256,16,64,8,14,2,discard,same,2,2,64,1,nocount,sw128,sw128,16,16,16,0,512,0,256,none,0,none,0,4,20,453883.0,288.1796825396826,,,,,12288,,37.25945613296819,,,0,0.0,1,bf14b28d2af4128daa99f23eec8a5e105636d0b04136f8be580fdc39d6f1f97d,legal_ring
02_latency_throughput,lat_bf16_m128n256k16_legal_ring_in0_q64,1,,NVIDIA Thor,11.0,580.00,13.0,PTX ISA 9.3 / CUDA 13.0,1575.000,,,,bf16,128,256,16,64,8,14,3,discard,same,2,2,64,1,nocount,sw128,sw128,16,16,16,0,512,0,256,none,0,none,0,4,20,453885.0,288.18095238095236,,,,,12288,,37.25929195280743,,,0,0.0,1,bf14b28d2af4128daa99f23eec8a5e105636d0b04136f8be580fdc39d6f1f97d,legal_ring
02_latency_throughput,lat_bf16_m128n256k16_legal_ring_in0_q64,1,,NVIDIA Thor,11.0,580.00,13.0,PTX ISA 9.3 / CUDA 13.0,1575.000,,,,bf16,128,256,16,64,8,14,4,discard,same,2,2,64,1,nocount,sw128,sw128,16,16,16,0,512,0,256,none,0,none,0,4,20,453883.0,288.1796825396826,,,,,12288,,37.25945613296819,,,0,0.0,1,bf14b28d2af4128daa99f23eec8a5e105636d0b04136f8be580fdc39d6f1f97d,legal_ring
02_latency_throughput,lat_fp16_m128n256k16_legal_ring_in0_q64,1,,NVIDIA Thor,11.0,580.00,13.0,PTX ISA 9.3 / CUDA 13.0,1575.000,,,,fp16,128,256,16,64,8,15,0,discard,same,2,2,64,1,nocount,sw128,sw128,16,16,16,0,512,0,256,none,0,none,0,4,20,453873.0,288.17333333333335,,,,,12288,,37.26027705547587,,,0,0.0,1,bf14b28d2af4128daa99f23eec8a5e105636d0b04136f8be580fdc39d6f1f97d,legal_ring; UTCHMMA=21;UTCHMMA_WS=16;UTCBAR=1;UTCATOMSWS=3;SYNCS_TRYWAIT=8;LDS=21;LDG=9;ptx_tcgen05_mma=21;ptx_tcgen05_mma_ws=16;ptx_tcgen05_commit=1;ptx_tcgen05_alloc=1;ptx_tcgen05_dealloc=1;ptx_tcgen05_ld=5;ptx_tcgen05_st=5;ptx_mbarrier_wait=5;ptx_cp_async_tma=2;ptx_ld_shared=26;ptx_ld_global=7
02_latency_throughput,lat_fp16_m128n256k16_legal_ring_in0_q64,1,,NVIDIA Thor,11.0,580.00,13.0,PTX ISA 9.3 / CUDA 13.0,1575.000,,,,fp16,128,256,16,64,8,15,1,discard,same,2,2,64,1,nocount,sw128,sw128,16,16,16,0,512,0,256,none,0,none,0,4,20,453881.0,288.1784126984127,,,,,12288,,37.25962031457584,,,0,0.0,1,bf14b28d2af4128daa99f23eec8a5e105636d0b04136f8be580fdc39d6f1f97d,legal_ring
02_latency_throughput,lat_fp16_m128n256k16_legal_ring_in0_q64,1,,NVIDIA Thor,11.0,580.00,13.0,PTX ISA 9.3 / CUDA 13.0,1575.000,,,,fp16,128,256,16,64,8,15,2,discard,same,2,2,64,1,nocount,sw128,sw128,16,16,16,0,512,0,256,none,0,none,0,4,20,453877.0,288.17587301587304,,,,,12288,,37.25994868213195,,,0,0.0,1,bf14b28d2af4128daa99f23eec8a5e105636d0b04136f8be580fdc39d6f1f97d,legal_ring
02_latency_throughput,lat_fp16_m128n256k16_legal_ring_in0_q64,1,,NVIDIA Thor,11.0,580.00,13.0,PTX ISA 9.3 / CUDA 13.0,1575.000,,,,fp16,128,256,16,64,8,15,3,discard,same,2,2,64,1,nocount,sw128,sw128,16,16,16,0,512,0,256,none,0,none,0,4,20,453875.0,288.1746031746032,,,,,12288,,37.26011286808041,,,0,0.0,1,bf14b28d2af4128daa99f23eec8a5e105636d0b04136f8be580fdc39d6f1f97d,legal_ring
02_latency_throughput,lat_fp16_m128n256k16_legal_ring_in0_q64,1,,NVIDIA Thor,11.0,580.00,13.0,PTX ISA 9.3 / CUDA 13.0,1575.000,,,,fp16,128,256,16,64,8,15,4,discard,same,2,2,64,1,nocount,sw128,sw128,16,16,16,0,512,0,256,none,0,none,0,4,20,453884.0,288.18031746031744,,,,,12288,,37.25937404270695,,,0,0.0,1,bf14b28d2af4128daa99f23eec8a5e105636d0b04136f8be580fdc39d6f1f97d,legal_ring
02_latency_throughput,commit_prefix_c8_p4,1,,NVIDIA Thor,11.0,580.00,13.0,PTX ISA 9.3 / CUDA 13.0,1575.000,,,,bf16,128,128,16,16,128,16,0,discard,same,4,4,8,4,count,sw128,sw128,16,16,16,0,512,0,128,none,0,none,0,4,20,1988958.0,1262.830476190476,,,,,8192,,17.00532010027361,,,0,0.0,1,bf14b28d2af4128daa99f23eec8a5e105636d0b04136f8be580fdc39d6f1f97d,commit prefix scan; pending_mbarriers is prefix tracking count; UTCHMMA=21;UTCHMMA_WS=16;UTCBAR=1;UTCATOMSWS=3;SYNCS_TRYWAIT=8;LDS=21;LDG=9;ptx_tcgen05_mma=21;ptx_tcgen05_mma_ws=16;ptx_tcgen05_commit=1;ptx_tcgen05_alloc=1;ptx_tcgen05_dealloc=1;ptx_tcgen05_ld=5;ptx_tcgen05_st=5;ptx_mbarrier_wait=5;ptx_cp_async_tma=2;ptx_ld_shared=26;ptx_ld_global=7
02_latency_throughput,commit_prefix_c8_p4,1,,NVIDIA Thor,11.0,580.00,13.0,PTX ISA 9.3 / CUDA 13.0,1575.000,,,,bf16,128,128,16,16,128,16,1,discard,same,4,4,8,4,count,sw128,sw128,16,16,16,0,512,0,128,none,0,none,0,4,20,1988943.0,1262.8209523809523,,,,,8192,,17.005448349198545,,,0,0.0,1,bf14b28d2af4128daa99f23eec8a5e105636d0b04136f8be580fdc39d6f1f97d,commit prefix scan; pending_mbarriers is prefix tracking count
02_latency_throughput,commit_prefix_c8_p4,1,,NVIDIA Thor,11.0,580.00,13.0,PTX ISA 9.3 / CUDA 13.0,1575.000,,,,bf16,128,128,16,16,128,16,2,discard,same,4,4,8,4,count,sw128,sw128,16,16,16,0,512,0,128,none,0,none,0,4,20,1988934.0,1262.815238095238,,,,,8192,,17.005525299482034,,,0,0.0,1,bf14b28d2af4128daa99f23eec8a5e105636d0b04136f8be580fdc39d6f1f97d,commit prefix scan; pending_mbarriers is prefix tracking count
02_latency_throughput,commit_prefix_c8_p4,1,,NVIDIA Thor,11.0,580.00,13.0,PTX ISA 9.3 / CUDA 13.0,1575.000,,,,bf16,128,128,16,16,128,16,3,discard,same,4,4,8,4,count,sw128,sw128,16,16,16,0,512,0,128,none,0,none,0,4,20,1988821.0,1262.743492063492,,,,,8192,,17.006491512308045,,,0,0.0,1,bf14b28d2af4128daa99f23eec8a5e105636d0b04136f8be580fdc39d6f1f97d,commit prefix scan; pending_mbarriers is prefix tracking count
02_latency_throughput,commit_prefix_c8_p4,1,,NVIDIA Thor,11.0,580.00,13.0,PTX ISA 9.3 / CUDA 13.0,1575.000,,,,bf16,128,128,16,16,128,16,4,discard,same,4,4,8,4,count,sw128,sw128,16,16,16,0,512,0,128,none,0,none,0,4,20,1988937.0,1262.817142857143,,,,,8192,,17.00549964931016,,,0,0.0,1,bf14b28d2af4128daa99f23eec8a5e105636d0b04136f8be580fdc39d6f1f97d,commit prefix scan; pending_mbarriers is prefix tracking count
02_latency_throughput,lat_bf16_m128n256k16_legal_ring_in1_q12,1,,NVIDIA Thor,11.0,580.00,13.0,PTX ISA 9.3 / CUDA 13.0,1575.000,,,,bf16,128,256,16,12,42,17,0,discard,same,2,2,12,1,nocount,sw128,sw128,16,16,16,0,512,0,256,none,1,none,0,4,20,473510.0,300.6412698412699,,,,,12288,,35.157003180503054,,,0,0.0,1,bf14b28d2af4128daa99f23eec8a5e105636d0b04136f8be580fdc39d6f1f97d,legal_ring; UTCHMMA=21;UTCHMMA_WS=16;UTCBAR=1;UTCATOMSWS=3;SYNCS_TRYWAIT=8;LDS=21;LDG=9;ptx_tcgen05_mma=21;ptx_tcgen05_mma_ws=16;ptx_tcgen05_commit=1;ptx_tcgen05_alloc=1;ptx_tcgen05_dealloc=1;ptx_tcgen05_ld=5;ptx_tcgen05_st=5;ptx_mbarrier_wait=5;ptx_cp_async_tma=2;ptx_ld_shared=26;ptx_ld_global=7
02_latency_throughput,lat_bf16_m128n256k16_legal_ring_in1_q12,1,,NVIDIA Thor,11.0,580.00,13.0,PTX ISA 9.3 / CUDA 13.0,1575.000,,,,bf16,128,256,16,12,42,17,1,discard,same,2,2,12,1,nocount,sw128,sw128,16,16,16,0,512,0,256,none,1,none,0,4,20,473499.0,300.6342857142857,,,,,12288,,35.157819923590125,,,0,0.0,1,bf14b28d2af4128daa99f23eec8a5e105636d0b04136f8be580fdc39d6f1f97d,legal_ring
02_latency_throughput,lat_bf16_m128n256k16_legal_ring_in1_q12,1,,NVIDIA Thor,11.0,580.00,13.0,PTX ISA 9.3 / CUDA 13.0,1575.000,,,,bf16,128,256,16,12,42,17,2,discard,same,2,2,12,1,nocount,sw128,sw128,16,16,16,0,512,0,256,none,1,none,0,4,20,473519.0,300.64698412698414,,,,,12288,,35.15633496438369,,,0,0.0,1,bf14b28d2af4128daa99f23eec8a5e105636d0b04136f8be580fdc39d6f1f97d,legal_ring
02_latency_throughput,lat_bf16_m128n256k16_legal_ring_in1_q12,1,,NVIDIA Thor,11.0,580.00,13.0,PTX ISA 9.3 / CUDA 13.0,1575.000,,,,bf16,128,256,16,12,42,17,3,discard,same,2,2,12,1,nocount,sw128,sw128,16,16,16,0,512,0,256,none,1,none,0,4,20,473482.0,300.6234920634921,,,,,12288,,35.15908223755074,,,0,0.0,1,bf14b28d2af4128daa99f23eec8a5e105636d0b04136f8be580fdc39d6f1f97d,legal_ring
02_latency_throughput,lat_bf16_m128n256k16_legal_ring_in1_q12,1,,NVIDIA Thor,11.0,580.00,13.0,PTX ISA 9.3 / CUDA 13.0,1575.000,,,,bf16,128,256,16,12,42,17,4,discard,same,2,2,12,1,nocount,sw128,sw128,16,16,16,0,512,0,256,none,1,none,0,4,20,473498.0,300.6336507936508,,,,,12288,,35.1578941748434,,,0,0.0,1,bf14b28d2af4128daa99f23eec8a5e105636d0b04136f8be580fdc39d6f1f97d,legal_ring
02_latency_throughput,lat_bf16_m128n64k16_legal_ring_in0_q64,1,,NVIDIA Thor,11.0,580.00,13.0,PTX ISA 9.3 / CUDA 13.0,1575.000,,,,bf16,128,64,16,64,8,18,0,discard,same,8,8,64,1,nocount,sw128,sw128,16,16,16,0,512,0,64,none,0,none,0,4,20,453938.0,288.21460317460316,,,,,6144,,9.313735426423873,,,0,0.0,1,bf14b28d2af4128daa99f23eec8a5e105636d0b04136f8be580fdc39d6f1f97d,legal_ring; UTCHMMA=21;UTCHMMA_WS=16;UTCBAR=1;UTCATOMSWS=3;SYNCS_TRYWAIT=8;LDS=21;LDG=9;ptx_tcgen05_mma=21;ptx_tcgen05_mma_ws=16;ptx_tcgen05_commit=1;ptx_tcgen05_alloc=1;ptx_tcgen05_dealloc=1;ptx_tcgen05_ld=5;ptx_tcgen05_st=5;ptx_mbarrier_wait=5;ptx_cp_async_tma=2;ptx_ld_shared=26;ptx_ld_global=7
02_latency_throughput,lat_bf16_m128n64k16_legal_ring_in0_q64,1,,NVIDIA Thor,11.0,580.00,13.0,PTX ISA 9.3 / CUDA 13.0,1575.000,,,,bf16,128,64,16,64,8,18,1,discard,same,8,8,64,1,nocount,sw128,sw128,16,16,16,0,512,0,64,none,0,none,0,4,20,453939.0,288.21523809523813,,,,,6144,,9.313714908831363,,,0,0.0,1,bf14b28d2af4128daa99f23eec8a5e105636d0b04136f8be580fdc39d6f1f97d,legal_ring
02_latency_throughput,lat_bf16_m128n64k16_legal_ring_in0_q64,1,,NVIDIA Thor,11.0,580.00,13.0,PTX ISA 9.3 / CUDA 13.0,1575.000,,,,bf16,128,64,16,64,8,18,2,discard,same,8,8,64,1,nocount,sw128,sw128,16,16,16,0,512,0,64,none,0,none,0,4,20,453942.0,288.21714285714285,,,,,6144,,9.313653356596216,,,0,0.0,1,bf14b28d2af4128daa99f23eec8a5e105636d0b04136f8be580fdc39d6f1f97d,legal_ring
02_latency_throughput,lat_bf16_m128n64k16_legal_ring_in0_q64,1,,NVIDIA Thor,11.0,580.00,13.0,PTX ISA 9.3 / CUDA 13.0,1575.000,,,,bf16,128,64,16,64,8,18,3,discard,same,8,8,64,1,nocount,sw128,sw128,16,16,16,0,512,0,64,none,0,none,0,4,20,453940.0,288.215873015873,,,,,6144,,9.31369439132925,,,0,0.0,1,bf14b28d2af4128daa99f23eec8a5e105636d0b04136f8be580fdc39d6f1f97d,legal_ring
02_latency_throughput,lat_bf16_m128n64k16_legal_ring_in0_q64,1,,NVIDIA Thor,11.0,580.00,13.0,PTX ISA 9.3 / CUDA 13.0,1575.000,,,,bf16,128,64,16,64,8,18,4,discard,same,8,8,64,1,nocount,sw128,sw128,16,16,16,0,512,0,64,none,0,none,0,4,20,453946.0,288.21968253968254,,,,,6144,,9.313571288214899,,,0,0.0,1,bf14b28d2af4128daa99f23eec8a5e105636d0b04136f8be580fdc39d6f1f97d,legal_ring
02_latency_throughput,lat_bf16_m128n64k16_same_d_in1_q2,1,,NVIDIA Thor,11.0,580.00,13.0,PTX ISA 9.3 / CUDA 13.0,1575.000,,,,bf16,128,64,16,2,256,19,0,discard,same,1,1,2,1,nocount,sw128,sw128,16,16,16,0,512,0,0,none,1,none,0,4,20,586096.0,372.12444444444446,,,,,6144,,7.2135937320848456,,,0,0.0,1,bf14b28d2af4128daa99f23eec8a5e105636d0b04136f8be580fdc39d6f1f97d,same_d; UTCHMMA=21;UTCHMMA_WS=16;UTCBAR=1;UTCATOMSWS=3;SYNCS_TRYWAIT=8;LDS=21;LDG=9;ptx_tcgen05_mma=21;ptx_tcgen05_mma_ws=16;ptx_tcgen05_commit=1;ptx_tcgen05_alloc=1;ptx_tcgen05_dealloc=1;ptx_tcgen05_ld=5;ptx_tcgen05_st=5;ptx_mbarrier_wait=5;ptx_cp_async_tma=2;ptx_ld_shared=26;ptx_ld_global=7
02_latency_throughput,lat_bf16_m128n64k16_same_d_in1_q2,1,,NVIDIA Thor,11.0,580.00,13.0,PTX ISA 9.3 / CUDA 13.0,1575.000,,,,bf16,128,64,16,2,256,19,1,discard,same,1,1,2,1,nocount,sw128,sw128,16,16,16,0,512,0,0,none,1,none,0,4,20,586096.0,372.12444444444446,,,,,6144,,7.2135937320848456,,,0,0.0,1,bf14b28d2af4128daa99f23eec8a5e105636d0b04136f8be580fdc39d6f1f97d,same_d
02_latency_throughput,lat_bf16_m128n64k16_same_d_in1_q2,1,,NVIDIA Thor,11.0,580.00,13.0,PTX ISA 9.3 / CUDA 13.0,1575.000,,,,bf16,128,64,16,2,256,19,2,discard,same,1,1,2,1,nocount,sw128,sw128,16,16,16,0,512,0,0,none,1,none,0,4,20,586101.0,372.127619047619,,,,,6144,,7.2135321932567935,,,0,0.0,1,bf14b28d2af4128daa99f23eec8a5e105636d0b04136f8be580fdc39d6f1f97d,same_d
02_latency_throughput,lat_bf16_m128n64k16_same_d_in1_q2,1,,NVIDIA Thor,11.0,580.00,13.0,PTX ISA 9.3 / CUDA 13.0,1575.000,,,,bf16,128,64,16,2,256,19,3,discard,same,1,1,2,1,nocount,sw128,sw128,16,16,16,0,512,0,0,none,1,none,0,4,20,586097.0,372.12507936507933,,,,,6144,,7.2135814242352385,,,0,0.0,1,bf14b28d2af4128daa99f23eec8a5e105636d0b04136f8be580fdc39d6f1f97d,same_d
02_latency_throughput,lat_bf16_m128n64k16_same_d_in1_q2,1,,NVIDIA Thor,11.0,580.00,13.0,PTX ISA 9.3 / CUDA 13.0,1575.000,,,,bf16,128,64,16,2,256,19,4,discard,same,1,1,2,1,nocount,sw128,sw128,16,16,16,0,512,0,0,none,1,none,0,4,20,586097.0,372.12507936507933,,,,,6144,,7.2135814242352385,,,0,0.0,1,bf14b28d2af4128daa99f23eec8a5e105636d0b04136f8be580fdc39d6f1f97d,same_d
02_latency_throughput,lat_fp16_m128n256k16_legal_ring_in1_q1,1,,NVIDIA Thor,11.0,580.00,13.0,PTX ISA 9.3 / CUDA 13.0,1575.000,,,,fp16,128,256,16,1,512,20,0,discard,same,2,2,1,1,nocount,sw128,sw128,16,16,16,0,512,0,256,none,1,none,0,4,20,841071.0,534.0133333333333,,,,,12288,,20.10702274599885,,,0,0.0,1,bf14b28d2af4128daa99f23eec8a5e105636d0b04136f8be580fdc39d6f1f97d,legal_ring; UTCHMMA=21;UTCHMMA_WS=16;UTCBAR=1;UTCATOMSWS=3;SYNCS_TRYWAIT=8;LDS=21;LDG=9;ptx_tcgen05_mma=21;ptx_tcgen05_mma_ws=16;ptx_tcgen05_commit=1;ptx_tcgen05_alloc=1;ptx_tcgen05_dealloc=1;ptx_tcgen05_ld=5;ptx_tcgen05_st=5;ptx_mbarrier_wait=5;ptx_cp_async_tma=2;ptx_ld_shared=26;ptx_ld_global=7
02_latency_throughput,lat_fp16_m128n256k16_legal_ring_in1_q1,1,,NVIDIA Thor,11.0,580.00,13.0,PTX ISA 9.3 / CUDA 13.0,1575.000,,,,fp16,128,256,16,1,512,20,1,discard,same,2,2,1,1,nocount,sw128,sw128,16,16,16,0,512,0,256,none,1,none,0,4,20,841329.0,534.1771428571428,,,,,12288,,20.100856773034092,,,0,0.0,1,bf14b28d2af4128daa99f23eec8a5e105636d0b04136f8be580fdc39d6f1f97d,legal_ring
02_latency_throughput,lat_fp16_m128n256k16_legal_ring_in1_q1,1,,NVIDIA Thor,11.0,580.00,13.0,PTX ISA 9.3 / CUDA 13.0,1575.000,,,,fp16,128,256,16,1,512,20,2,discard,same,2,2,1,1,nocount,sw128,sw128,16,16,16,0,512,0,256,none,1,none,0,4,20,841080.0,534.0190476190477,,,,,12288,,20.106807590241118,,,0,0.0,1,bf14b28d2af4128daa99f23eec8a5e105636d0b04136f8be580fdc39d6f1f97d,legal_ring
02_latency_throughput,lat_fp16_m128n256k16_legal_ring_in1_q1,1,,NVIDIA Thor,11.0,580.00,13.0,PTX ISA 9.3 / CUDA 13.0,1575.000,,,,fp16,128,256,16,1,512,20,3,discard,same,2,2,1,1,nocount,sw128,sw128,16,16,16,0,512,0,256,none,1,none,0,4,20,841330.0,534.1777777777778,,,,,12288,,20.10083288127132,,,0,0.0,1,bf14b28d2af4128daa99f23eec8a5e105636d0b04136f8be580fdc39d6f1f97d,legal_ring
02_latency_throughput,lat_fp16_m128n256k16_legal_ring_in1_q1,1,,NVIDIA Thor,11.0,580.00,13.0,PTX ISA 9.3 / CUDA 13.0,1575.000,,,,fp16,128,256,16,1,512,20,4,discard,same,2,2,1,1,nocount,sw128,sw128,16,16,16,0,512,0,256,none,1,none,0,4,20,841072.0,534.0139682539683,,,,,12288,,20.10699883957616,,,0,0.0,1,bf14b28d2af4128daa99f23eec8a5e105636d0b04136f8be580fdc39d6f1f97d,legal_ring
02_latency_throughput,lat_fp16_m128n64k16_legal_ring_in0_q64,1,,NVIDIA Thor,11.0,580.00,13.0,PTX ISA 9.3 / CUDA 13.0,1575.000,,,,fp16,128,64,16,64,8,21,0,discard,same,8,8,64,1,nocount,sw128,sw128,16,16,16,0,512,0,64,none,0,none,0,4,20,453945.0,288.2190476190476,,,,,6144,,9.313591805174635,,,0,0.0,1,bf14b28d2af4128daa99f23eec8a5e105636d0b04136f8be580fdc39d6f1f97d,legal_ring; UTCHMMA=21;UTCHMMA_WS=16;UTCBAR=1;UTCATOMSWS=3;SYNCS_TRYWAIT=8;LDS=21;LDG=9;ptx_tcgen05_mma=21;ptx_tcgen05_mma_ws=16;ptx_tcgen05_commit=1;ptx_tcgen05_alloc=1;ptx_tcgen05_dealloc=1;ptx_tcgen05_ld=5;ptx_tcgen05_st=5;ptx_mbarrier_wait=5;ptx_cp_async_tma=2;ptx_ld_shared=26;ptx_ld_global=7
02_latency_throughput,lat_fp16_m128n64k16_legal_ring_in0_q64,1,,NVIDIA Thor,11.0,580.00,13.0,PTX ISA 9.3 / CUDA 13.0,1575.000,,,,fp16,128,64,16,64,8,21,1,discard,same,8,8,64,1,nocount,sw128,sw128,16,16,16,0,512,0,64,none,0,none,0,4,20,453941.0,288.2165079365079,,,,,6144,,9.313673873917535,,,0,0.0,1,bf14b28d2af4128daa99f23eec8a5e105636d0b04136f8be580fdc39d6f1f97d,legal_ring
02_latency_throughput,lat_fp16_m128n64k16_legal_ring_in0_q64,1,,NVIDIA Thor,11.0,580.00,13.0,PTX ISA 9.3 / CUDA 13.0,1575.000,,,,fp16,128,64,16,64,8,21,2,discard,same,8,8,64,1,nocount,sw128,sw128,16,16,16,0,512,0,64,none,0,none,0,4,20,453942.0,288.21714285714285,,,,,6144,,9.313653356596216,,,0,0.0,1,bf14b28d2af4128daa99f23eec8a5e105636d0b04136f8be580fdc39d6f1f97d,legal_ring
02_latency_throughput,lat_fp16_m128n64k16_legal_ring_in0_q64,1,,NVIDIA Thor,11.0,580.00,13.0,PTX ISA 9.3 / CUDA 13.0,1575.000,,,,fp16,128,64,16,64,8,21,3,discard,same,8,8,64,1,nocount,sw128,sw128,16,16,16,0,512,0,64,none,0,none,0,4,20,453941.0,288.2165079365079,,,,,6144,,9.313673873917535,,,0,0.0,1,bf14b28d2af4128daa99f23eec8a5e105636d0b04136f8be580fdc39d6f1f97d,legal_ring
02_latency_throughput,lat_fp16_m128n64k16_legal_ring_in0_q64,1,,NVIDIA Thor,11.0,580.00,13.0,PTX ISA 9.3 / CUDA 13.0,1575.000,,,,fp16,128,64,16,64,8,21,4,discard,same,8,8,64,1,nocount,sw128,sw128,16,16,16,0,512,0,64,none,0,none,0,4,20,453955.0,288.22539682539684,,,,,6144,,9.313386639644898,,,0,0.0,1,bf14b28d2af4128daa99f23eec8a5e105636d0b04136f8be580fdc39d6f1f97d,legal_ring
02_latency_throughput,lat_fp16_m128n256k16_legal_ring_in0_q6,1,,NVIDIA Thor,11.0,580.00,13.0,PTX ISA 9.3 / CUDA 13.0,1575.000,,,,fp16,128,256,16,6,85,22,0,discard,same,2,2,6,1,nocount,sw128,sw128,16,16,16,0,512,0,256,none,0,none,0,4,20,512319.0,325.28190476190474,,,,,12288,,32.88063382384804,,,0,0.0,1,bf14b28d2af4128daa99f23eec8a5e105636d0b04136f8be580fdc39d6f1f97d,legal_ring; UTCHMMA=21;UTCHMMA_WS=16;UTCBAR=1;UTCATOMSWS=3;SYNCS_TRYWAIT=8;LDS=21;LDG=9;ptx_tcgen05_mma=21;ptx_tcgen05_mma_ws=16;ptx_tcgen05_commit=1;ptx_tcgen05_alloc=1;ptx_tcgen05_dealloc=1;ptx_tcgen05_ld=5;ptx_tcgen05_st=5;ptx_mbarrier_wait=5;ptx_cp_async_tma=2;ptx_ld_shared=26;ptx_ld_global=7
02_latency_throughput,lat_fp16_m128n256k16_legal_ring_in0_q6,1,,NVIDIA Thor,11.0,580.00,13.0,PTX ISA 9.3 / CUDA 13.0,1575.000,,,,fp16,128,256,16,6,85,22,1,discard,same,2,2,6,1,nocount,sw128,sw128,16,16,16,0,512,0,256,none,0,none,0,4,20,512322.0,325.2838095238095,,,,,12288,,32.880441284973124,,,0,0.0,1,bf14b28d2af4128daa99f23eec8a5e105636d0b04136f8be580fdc39d6f1f97d,legal_ring
02_latency_throughput,lat_fp16_m128n256k16_legal_ring_in0_q6,1,,NVIDIA Thor,11.0,580.00,13.0,PTX ISA 9.3 / CUDA 13.0,1575.000,,,,fp16,128,256,16,6,85,22,2,discard,same,2,2,6,1,nocount,sw128,sw128,16,16,16,0,512,0,256,none,0,none,0,4,20,512323.0,325.28444444444443,,,,,12288,,32.88037710584924,,,0,0.0,1,bf14b28d2af4128daa99f23eec8a5e105636d0b04136f8be580fdc39d6f1f97d,legal_ring
02_latency_throughput,lat_fp16_m128n256k16_legal_ring_in0_q6,1,,NVIDIA Thor,11.0,580.00,13.0,PTX ISA 9.3 / CUDA 13.0,1575.000,,,,fp16,128,256,16,6,85,22,3,discard,same,2,2,6,1,nocount,sw128,sw128,16,16,16,0,512,0,256,none,0,none,0,4,20,512330.0,325.2888888888889,,,,,12288,,32.87992785899713,,,0,0.0,1,bf14b28d2af4128daa99f23eec8a5e105636d0b04136f8be580fdc39d6f1f97d,legal_ring
02_latency_throughput,lat_fp16_m128n256k16_legal_ring_in0_q6,1,,NVIDIA Thor,11.0,580.00,13.0,PTX ISA 9.3 / CUDA 13.0,1575.000,,,,fp16,128,256,16,6,85,22,4,discard,same,2,2,6,1,nocount,sw128,sw128,16,16,16,0,512,0,256,none,0,none,0,4,20,512321.0,325.2831746031746,,,,,12288,,32.88050546434755,,,0,0.0,1,bf14b28d2af4128daa99f23eec8a5e105636d0b04136f8be580fdc39d6f1f97d,legal_ring
02_latency_throughput,lat_fp16_m128n256k16_legal_ring_in1_q3,1,,NVIDIA Thor,11.0,580.00,13.0,PTX ISA 9.3 / CUDA 13.0,1575.000,,,,fp16,128,256,16,3,170,23,0,discard,same,2,2,3,1,nocount,sw128,sw128,16,16,16,0,512,0,256,none,1,none,0,4,20,578875.0,367.53968253968253,,,,,12288,,29.10019164759231,,,0,0.0,1,bf14b28d2af4128daa99f23eec8a5e105636d0b04136f8be580fdc39d6f1f97d,legal_ring; UTCHMMA=21;UTCHMMA_WS=16;UTCBAR=1;UTCATOMSWS=3;SYNCS_TRYWAIT=8;LDS=21;LDG=9;ptx_tcgen05_mma=21;ptx_tcgen05_mma_ws=16;ptx_tcgen05_commit=1;ptx_tcgen05_alloc=1;ptx_tcgen05_dealloc=1;ptx_tcgen05_ld=5;ptx_tcgen05_st=5;ptx_mbarrier_wait=5;ptx_cp_async_tma=2;ptx_ld_shared=26;ptx_ld_global=7
02_latency_throughput,lat_fp16_m128n256k16_legal_ring_in1_q3,1,,NVIDIA Thor,11.0,580.00,13.0,PTX ISA 9.3 / CUDA 13.0,1575.000,,,,fp16,128,256,16,3,170,23,1,discard,same,2,2,3,1,nocount,sw128,sw128,16,16,16,0,512,0,256,none,1,none,0,4,20,578875.0,367.53968253968253,,,,,12288,,29.10019164759231,,,0,0.0,1,bf14b28d2af4128daa99f23eec8a5e105636d0b04136f8be580fdc39d6f1f97d,legal_ring
02_latency_throughput,lat_fp16_m128n256k16_legal_ring_in1_q3,1,,NVIDIA Thor,11.0,580.00,13.0,PTX ISA 9.3 / CUDA 13.0,1575.000,,,,fp16,128,256,16,3,170,23,2,discard,same,2,2,3,1,nocount,sw128,sw128,16,16,16,0,512,0,256,none,1,none,0,4,20,578883.0,367.5447619047619,,,,,12288,,29.099789491140694,,,0,0.0,1,bf14b28d2af4128daa99f23eec8a5e105636d0b04136f8be580fdc39d6f1f97d,legal_ring
02_latency_throughput,lat_fp16_m128n256k16_legal_ring_in1_q3,1,,NVIDIA Thor,11.0,580.00,13.0,PTX ISA 9.3 / CUDA 13.0,1575.000,,,,fp16,128,256,16,3,170,23,3,discard,same,2,2,3,1,nocount,sw128,sw128,16,16,16,0,512,0,256,none,1,none,0,4,20,578879.0,367.5422222222222,,,,,12288,,29.09999056797707,,,0,0.0,1,bf14b28d2af4128daa99f23eec8a5e105636d0b04136f8be580fdc39d6f1f97d,legal_ring
02_latency_throughput,lat_fp16_m128n256k16_legal_ring_in1_q3,1,,NVIDIA Thor,11.0,580.00,13.0,PTX ISA 9.3 / CUDA 13.0,1575.000,,,,fp16,128,256,16,3,170,23,4,discard,same,2,2,3,1,nocount,sw128,sw128,16,16,16,0,512,0,256,none,1,none,0,4,20,578879.0,367.5422222222222,,,,,12288,,29.09999056797707,,,0,0.0,1,bf14b28d2af4128daa99f23eec8a5e105636d0b04136f8be580fdc39d6f1f97d,legal_ring
02_latency_throughput,lat_fp16_m128n64k16_same_d_in1_q24,1,,NVIDIA Thor,11.0,580.00,13.0,PTX ISA 9.3 / CUDA 13.0,1575.000,,,,fp16,128,64,16,24,21,24,0,discard,same,1,1,24,1,nocount,sw128,sw128,16,16,16,0,512,0,0,none,1,none,0,4,20,396015.0,251.43809523809523,,,,,6144,,10.509193197227379,,,0,0.0,1,bf14b28d2af4128daa99f23eec8a5e105636d0b04136f8be580fdc39d6f1f97d,same_d; UTCHMMA=21;UTCHMMA_WS=16;UTCBAR=1;UTCATOMSWS=3;SYNCS_TRYWAIT=8;LDS=21;LDG=9;ptx_tcgen05_mma=21;ptx_tcgen05_mma_ws=16;ptx_tcgen05_commit=1;ptx_tcgen05_alloc=1;ptx_tcgen05_dealloc=1;ptx_tcgen05_ld=5;ptx_tcgen05_st=5;ptx_mbarrier_wait=5;ptx_cp_async_tma=2;ptx_ld_shared=26;ptx_ld_global=7
02_latency_throughput,lat_fp16_m128n64k16_same_d_in1_q24,1,,NVIDIA Thor,11.0,580.00,13.0,PTX ISA 9.3 / CUDA 13.0,1575.000,,,,fp16,128,64,16,24,21,24,1,discard,same,1,1,24,1,nocount,sw128,sw128,16,16,16,0,512,0,0,none,1,none,0,4,20,396015.0,251.43809523809523,,,,,6144,,10.509193197227379,,,0,0.0,1,bf14b28d2af4128daa99f23eec8a5e105636d0b04136f8be580fdc39d6f1f97d,same_d
02_latency_throughput,lat_fp16_m128n64k16_same_d_in1_q24,1,,NVIDIA Thor,11.0,580.00,13.0,PTX ISA 9.3 / CUDA 13.0,1575.000,,,,fp16,128,64,16,24,21,24,2,discard,same,1,1,24,1,nocount,sw128,sw128,16,16,16,0,512,0,0,none,1,none,0,4,20,396029.0,251.44698412698412,,,,,6144,,10.508821687300678,,,0,0.0,1,bf14b28d2af4128daa99f23eec8a5e105636d0b04136f8be580fdc39d6f1f97d,same_d
02_latency_throughput,lat_fp16_m128n64k16_same_d_in1_q24,1,,NVIDIA Thor,11.0,580.00,13.0,PTX ISA 9.3 / CUDA 13.0,1575.000,,,,fp16,128,64,16,24,21,24,3,discard,same,1,1,24,1,nocount,sw128,sw128,16,16,16,0,512,0,0,none,1,none,0,4,20,396031.0,251.44825396825397,,,,,6144,,10.508768616598195,,,0,0.0,1,bf14b28d2af4128daa99f23eec8a5e105636d0b04136f8be580fdc39d6f1f97d,same_d
02_latency_throughput,lat_fp16_m128n64k16_same_d_in1_q24,1,,NVIDIA Thor,11.0,580.00,13.0,PTX ISA 9.3 / CUDA 13.0,1575.000,,,,fp16,128,64,16,24,21,24,4,discard,same,1,1,24,1,nocount,sw128,sw128,16,16,16,0,512,0,0,none,1,none,0,4,20,396019.0,251.44063492063492,,,,,6144,,10.509087048853717,,,0,0.0,1,bf14b28d2af4128daa99f23eec8a5e105636d0b04136f8be580fdc39d6f1f97d,same_d
02_latency_throughput,lat_bf16_m128n128k16_legal_ring_in0_q12,1,,NVIDIA Thor,11.0,580.00,13.0,PTX ISA 9.3 / CUDA 13.0,1575.000,,,,bf16,128,128,16,12,42,25,0,discard,same,4,4,12,1,nocount,sw128,sw128,16,16,16,0,512,0,128,none,0,none,0,4,20,473536.0,300.6577777777778,,,,,8192,,17.57753642384106,,,0,0.0,1,bf14b28d2af4128daa99f23eec8a5e105636d0b04136f8be580fdc39d6f1f97d,legal_ring; UTCHMMA=21;UTCHMMA_WS=16;UTCBAR=1;UTCATOMSWS=3;SYNCS_TRYWAIT=8;LDS=21;LDG=9;ptx_tcgen05_mma=21;ptx_tcgen05_mma_ws=16;ptx_tcgen05_commit=1;ptx_tcgen05_alloc=1;ptx_tcgen05_dealloc=1;ptx_tcgen05_ld=5;ptx_tcgen05_st=5;ptx_mbarrier_wait=5;ptx_cp_async_tma=2;ptx_ld_shared=26;ptx_ld_global=7
02_latency_throughput,lat_bf16_m128n128k16_legal_ring_in0_q12,1,,NVIDIA Thor,11.0,580.00,13.0,PTX ISA 9.3 / CUDA 13.0,1575.000,,,,bf16,128,128,16,12,42,25,1,discard,same,4,4,12,1,nocount,sw128,sw128,16,16,16,0,512,0,128,none,0,none,0,4,20,473569.0,300.67873015873016,,,,,8192,,17.5763115575555,,,0,0.0,1,bf14b28d2af4128daa99f23eec8a5e105636d0b04136f8be580fdc39d6f1f97d,legal_ring
02_latency_throughput,lat_bf16_m128n128k16_legal_ring_in0_q12,1,,NVIDIA Thor,11.0,580.00,13.0,PTX ISA 9.3 / CUDA 13.0,1575.000,,,,bf16,128,128,16,12,42,25,2,discard,same,4,4,12,1,nocount,sw128,sw128,16,16,16,0,512,0,128,none,0,none,0,4,20,473575.0,300.6825396825397,,,,,8192,,17.576088872934594,,,0,0.0,1,bf14b28d2af4128daa99f23eec8a5e105636d0b04136f8be580fdc39d6f1f97d,legal_ring
02_latency_throughput,lat_bf16_m128n128k16_legal_ring_in0_q12,1,,NVIDIA Thor,11.0,580.00,13.0,PTX ISA 9.3 / CUDA 13.0,1575.000,,,,bf16,128,128,16,12,42,25,3,discard,same,4,4,12,1,nocount,sw128,sw128,16,16,16,0,512,0,128,none,0,none,0,4,20,473568.0,300.67809523809524,,,,,8192,,17.576348672207583,,,0,0.0,1,bf14b28d2af4128daa99f23eec8a5e105636d0b04136f8be580fdc39d6f1f97d,legal_ring
02_latency_throughput,lat_bf16_m128n128k16_legal_ring_in0_q12,1,,NVIDIA Thor,11.0,580.00,13.0,PTX ISA 9.3 / CUDA 13.0,1575.000,,,,bf16,128,128,16,12,42,25,4,discard,same,4,4,12,1,nocount,sw128,sw128,16,16,16,0,512,0,128,none,0,none,0,4,20,473532.0,300.65523809523813,,,,,8192,,17.57768490408251,,,0,0.0,1,bf14b28d2af4128daa99f23eec8a5e105636d0b04136f8be580fdc39d6f1f97d,legal_ring
02_latency_throughput,lat_fp16_m128n64k16_same_d_in1_q3,1,,NVIDIA Thor,11.0,580.00,13.0,PTX ISA 9.3 / CUDA 13.0,1575.000,,,,fp16,128,64,16,3,170,26,0,discard,same,1,1,3,1,nocount,sw128,sw128,16,16,16,0,512,0,0,none,1,none,0,4,20,517170.0,328.3619047619048,,,,,6144,,8.143054237484773,,,0,0.0,1,bf14b28d2af4128daa99f23eec8a5e105636d0b04136f8be580fdc39d6f1f97d,same_d; UTCHMMA=21;UTCHMMA_WS=16;UTCBAR=1;UTCATOMSWS=3;SYNCS_TRYWAIT=8;LDS=21;LDG=9;ptx_tcgen05_mma=21;ptx_tcgen05_mma_ws=16;ptx_tcgen05_commit=1;ptx_tcgen05_alloc=1;ptx_tcgen05_dealloc=1;ptx_tcgen05_ld=5;ptx_tcgen05_st=5;ptx_mbarrier_wait=5;ptx_cp_async_tma=2;ptx_ld_shared=26;ptx_ld_global=7
02_latency_throughput,lat_fp16_m128n64k16_same_d_in1_q3,1,,NVIDIA Thor,11.0,580.00,13.0,PTX ISA 9.3 / CUDA 13.0,1575.000,,,,fp16,128,64,16,3,170,26,1,discard,same,1,1,3,1,nocount,sw128,sw128,16,16,16,0,512,0,0,none,1,none,0,4,20,517176.0,328.3657142857143,,,,,6144,,8.142959766114437,,,0,0.0,1,bf14b28d2af4128daa99f23eec8a5e105636d0b04136f8be580fdc39d6f1f97d,same_d
02_latency_throughput,lat_fp16_m128n64k16_same_d_in1_q3,1,,NVIDIA Thor,11.0,580.00,13.0,PTX ISA 9.3 / CUDA 13.0,1575.000,,,,fp16,128,64,16,3,170,26,2,discard,same,1,1,3,1,nocount,sw128,sw128,16,16,16,0,512,0,0,none,1,none,0,4,20,517170.0,328.3619047619048,,,,,6144,,8.143054237484773,,,0,0.0,1,bf14b28d2af4128daa99f23eec8a5e105636d0b04136f8be580fdc39d6f1f97d,same_d
02_latency_throughput,lat_fp16_m128n64k16_same_d_in1_q3,1,,NVIDIA Thor,11.0,580.00,13.0,PTX ISA 9.3 / CUDA 13.0,1575.000,,,,fp16,128,64,16,3,170,26,3,discard,same,1,1,3,1,nocount,sw128,sw128,16,16,16,0,512,0,0,none,1,none,0,4,20,517174.0,328.3644444444445,,,,,6144,,8.142991256327658,,,0,0.0,1,bf14b28d2af4128daa99f23eec8a5e105636d0b04136f8be580fdc39d6f1f97d,same_d
02_latency_throughput,lat_fp16_m128n64k16_same_d_in1_q3,1,,NVIDIA Thor,11.0,580.00,13.0,PTX ISA 9.3 / CUDA 13.0,1575.000,,,,fp16,128,64,16,3,170,26,4,discard,same,1,1,3,1,nocount,sw128,sw128,16,16,16,0,512,0,0,none,1,none,0,4,20,517167.0,328.35999999999996,,,,,6144,,8.143101473991962,,,0,0.0,1,bf14b28d2af4128daa99f23eec8a5e105636d0b04136f8be580fdc39d6f1f97d,same_d
02_latency_throughput,lat_fp16_m128n256k16_same_d_in0_q2,1,,NVIDIA Thor,11.0,580.00,13.0,PTX ISA 9.3 / CUDA 13.0,1575.000,,,,fp16,128,256,16,2,256,27,0,discard,same,1,1,2,1,nocount,sw128,sw128,16,16,16,0,512,0,0,none,0,none,0,4,20,586100.0,372.12698412698415,,,,,12288,,28.854178003753624,,,0,0.0,1,bf14b28d2af4128daa99f23eec8a5e105636d0b04136f8be580fdc39d6f1f97d,same_d; UTCHMMA=21;UTCHMMA_WS=16;UTCBAR=1;UTCATOMSWS=3;SYNCS_TRYWAIT=8;LDS=21;LDG=9;ptx_tcgen05_mma=21;ptx_tcgen05_mma_ws=16;ptx_tcgen05_commit=1;ptx_tcgen05_alloc=1;ptx_tcgen05_dealloc=1;ptx_tcgen05_ld=5;ptx_tcgen05_st=5;ptx_mbarrier_wait=5;ptx_cp_async_tma=2;ptx_ld_shared=26;ptx_ld_global=7
02_latency_throughput,lat_fp16_m128n256k16_same_d_in0_q2,1,,NVIDIA Thor,11.0,580.00,13.0,PTX ISA 9.3 / CUDA 13.0,1575.000,,,,fp16,128,256,16,2,256,27,1,discard,same,1,1,2,1,nocount,sw128,sw128,16,16,16,0,512,0,0,none,0,none,0,4,20,586094.0,372.1231746031746,,,,,12288,,28.85447339164025,,,0,0.0,1,bf14b28d2af4128daa99f23eec8a5e105636d0b04136f8be580fdc39d6f1f97d,same_d
02_latency_throughput,lat_fp16_m128n256k16_same_d_in0_q2,1,,NVIDIA Thor,11.0,580.00,13.0,PTX ISA 9.3 / CUDA 13.0,1575.000,,,,fp16,128,256,16,2,256,27,2,discard,same,1,1,2,1,nocount,sw128,sw128,16,16,16,0,512,0,0,none,0,none,0,4,20,586094.0,372.1231746031746,,,,,12288,,28.85447339164025,,,0,0.0,1,bf14b28d2af4128daa99f23eec8a5e105636d0b04136f8be580fdc39d6f1f97d,same_d
02_latency_throughput,lat_fp16_m128n256k16_same_d_in0_q2,1,,NVIDIA Thor,11.0,580.00,13.0,PTX ISA 9.3 / CUDA 13.0,1575.000,,,,fp16,128,256,16,2,256,27,3,discard,same,1,1,2,1,nocount,sw128,sw128,16,16,16,0,512,0,0,none,0,none,0,4,20,586096.0,372.12444444444446,,,,,12288,,28.854374928339382,,,0,0.0,1,bf14b28d2af4128daa99f23eec8a5e105636d0b04136f8be580fdc39d6f1f97d,same_d
02_latency_throughput,lat_fp16_m128n256k16_same_d_in0_q2,1,,NVIDIA Thor,11.0,580.00,13.0,PTX ISA 9.3 / CUDA 13.0,1575.000,,,,fp16,128,256,16,2,256,27,4,discard,same,1,1,2,1,nocount,sw128,sw128,16,16,16,0,512,0,0,none,0,none,0,4,20,586090.0,372.1206349206349,,,,,12288,,28.85467032025798,,,0,0.0,1,bf14b28d2af4128daa99f23eec8a5e105636d0b04136f8be580fdc39d6f1f97d,same_d
02_latency_throughput,commit_prefix_c2_p1,1,,NVIDIA Thor,11.0,580.00,13.0,PTX ISA 9.3 / CUDA 13.0,1575.000,,,,bf16,128,128,16,16,128,28,0,discard,same,4,4,2,1,count,sw128,sw128,16,16,16,0,512,0,128,none,0,none,0,4,20,2561259.0,1626.1961904761904,,,,,8192,,13.205563145312519,,,0,0.0,1,bf14b28d2af4128daa99f23eec8a5e105636d0b04136f8be580fdc39d6f1f97d,commit prefix scan; pending_mbarriers is prefix tracking count; UTCHMMA=21;UTCHMMA_WS=16;UTCBAR=1;UTCATOMSWS=3;SYNCS_TRYWAIT=8;LDS=21;LDG=9;ptx_tcgen05_mma=21;ptx_tcgen05_mma_ws=16;ptx_tcgen05_commit=1;ptx_tcgen05_alloc=1;ptx_tcgen05_dealloc=1;ptx_tcgen05_ld=5;ptx_tcgen05_st=5;ptx_mbarrier_wait=5;ptx_cp_async_tma=2;ptx_ld_shared=26;ptx_ld_global=7
02_latency_throughput,commit_prefix_c2_p1,1,,NVIDIA Thor,11.0,580.00,13.0,PTX ISA 9.3 / CUDA 13.0,1575.000,,,,bf16,128,128,16,16,128,28,1,discard,same,4,4,2,1,count,sw128,sw128,16,16,16,0,512,0,128,none,0,none,0,4,20,2561264.0,1626.199365079365,,,,,8192,,13.205537365925574,,,0,0.0,1,bf14b28d2af4128daa99f23eec8a5e105636d0b04136f8be580fdc39d6f1f97d,commit prefix scan; pending_mbarriers is prefix tracking count
02_latency_throughput,commit_prefix_c2_p1,1,,NVIDIA Thor,11.0,580.00,13.0,PTX ISA 9.3 / CUDA 13.0,1575.000,,,,bf16,128,128,16,16,128,28,2,discard,same,4,4,2,1,count,sw128,sw128,16,16,16,0,512,0,128,none,0,none,0,4,20,2561269.0,1626.2025396825397,,,,,8192,,13.205511586639279,,,0,0.0,1,bf14b28d2af4128daa99f23eec8a5e105636d0b04136f8be580fdc39d6f1f97d,commit prefix scan; pending_mbarriers is prefix tracking count
02_latency_throughput,commit_prefix_c2_p1,1,,NVIDIA Thor,11.0,580.00,13.0,PTX ISA 9.3 / CUDA 13.0,1575.000,,,,bf16,128,128,16,16,128,28,3,discard,same,4,4,2,1,count,sw128,sw128,16,16,16,0,512,0,128,none,0,none,0,4,20,2561264.0,1626.199365079365,,,,,8192,,13.205537365925574,,,0,0.0,1,bf14b28d2af4128daa99f23eec8a5e105636d0b04136f8be580fdc39d6f1f97d,commit prefix scan; pending_mbarriers is prefix tracking count
02_latency_throughput,commit_prefix_c2_p1,1,,NVIDIA Thor,11.0,580.00,13.0,PTX ISA 9.3 / CUDA 13.0,1575.000,,,,bf16,128,128,16,16,128,28,4,discard,same,4,4,2,1,count,sw128,sw128,16,16,16,0,512,0,128,none,0,none,0,4,20,2561261.0,1626.1974603174604,,,,,8192,,13.205552833545664,,,0,0.0,1,bf14b28d2af4128daa99f23eec8a5e105636d0b04136f8be580fdc39d6f1f97d,commit prefix scan; pending_mbarriers is prefix tracking count
02_latency_throughput,lat_bf16_m128n64k16_same_d_in1_q64,1,,NVIDIA Thor,11.0,580.00,13.0,PTX ISA 9.3 / CUDA 13.0,1575.000,,,,bf16,128,64,16,64,8,29,0,discard,same,1,1,64,1,nocount,sw128,sw128,16,16,16,0,512,0,0,none,1,none,0,4,20,391713.0,248.70666666666665,,,,,6144,,10.793255347665255,,,0,0.0,1,bf14b28d2af4128daa99f23eec8a5e105636d0b04136f8be580fdc39d6f1f97d,same_d; UTCHMMA=21;UTCHMMA_WS=16;UTCBAR=1;UTCATOMSWS=3;SYNCS_TRYWAIT=8;LDS=21;LDG=9;ptx_tcgen05_mma=21;ptx_tcgen05_mma_ws=16;ptx_tcgen05_commit=1;ptx_tcgen05_alloc=1;ptx_tcgen05_dealloc=1;ptx_tcgen05_ld=5;ptx_tcgen05_st=5;ptx_mbarrier_wait=5;ptx_cp_async_tma=2;ptx_ld_shared=26;ptx_ld_global=7
02_latency_throughput,lat_bf16_m128n64k16_same_d_in1_q64,1,,NVIDIA Thor,11.0,580.00,13.0,PTX ISA 9.3 / CUDA 13.0,1575.000,,,,bf16,128,64,16,64,8,29,1,discard,same,1,1,64,1,nocount,sw128,sw128,16,16,16,0,512,0,0,none,1,none,0,4,20,391722.0,248.71238095238098,,,,,6144,,10.793007367469787,,,0,0.0,1,bf14b28d2af4128daa99f23eec8a5e105636d0b04136f8be580fdc39d6f1f97d,same_d
02_latency_throughput,lat_bf16_m128n64k16_same_d_in1_q64,1,,NVIDIA Thor,11.0,580.00,13.0,PTX ISA 9.3 / CUDA 13.0,1575.000,,,,bf16,128,64,16,64,8,29,2,discard,same,1,1,64,1,nocount,sw128,sw128,16,16,16,0,512,0,0,none,1,none,0,4,20,391719.0,248.7104761904762,,,,,6144,,10.79309002626883,,,0,0.0,1,bf14b28d2af4128daa99f23eec8a5e105636d0b04136f8be580fdc39d6f1f97d,same_d
02_latency_throughput,lat_bf16_m128n64k16_same_d_in1_q64,1,,NVIDIA Thor,11.0,580.00,13.0,PTX ISA 9.3 / CUDA 13.0,1575.000,,,,bf16,128,64,16,64,8,29,3,discard,same,1,1,64,1,nocount,sw128,sw128,16,16,16,0,512,0,0,none,1,none,0,4,20,391715.0,248.7079365079365,,,,,6144,,10.793200239970387,,,0,0.0,1,bf14b28d2af4128daa99f23eec8a5e105636d0b04136f8be580fdc39d6f1f97d,same_d
02_latency_throughput,lat_bf16_m128n64k16_same_d_in1_q64,1,,NVIDIA Thor,11.0,580.00,13.0,PTX ISA 9.3 / CUDA 13.0,1575.000,,,,bf16,128,64,16,64,8,29,4,discard,same,1,1,64,1,nocount,sw128,sw128,16,16,16,0,512,0,0,none,1,none,0,4,20,391723.0,248.71301587301585,,,,,6144,,10.792979814818125,,,0,0.0,1,bf14b28d2af4128daa99f23eec8a5e105636d0b04136f8be580fdc39d6f1f97d,same_d
02_latency_throughput,lat_fp16_m128n64k16_legal_ring_in0_q48,1,,NVIDIA Thor,11.0,580.00,13.0,PTX ISA 9.3 / CUDA 13.0,1575.000,,,,fp16,128,64,16,48,10,30,0,discard,same,8,8,48,1,nocount,sw128,sw128,16,16,16,0,512,0,64,none,0,none,0,4,20,427502.0,271.4298412698413,,,,,6144,,9.271575992626934,,,0,0.0,1,bf14b28d2af4128daa99f23eec8a5e105636d0b04136f8be580fdc39d6f1f97d,legal_ring; UTCHMMA=21;UTCHMMA_WS=16;UTCBAR=1;UTCATOMSWS=3;SYNCS_TRYWAIT=8;LDS=21;LDG=9;ptx_tcgen05_mma=21;ptx_tcgen05_mma_ws=16;ptx_tcgen05_commit=1;ptx_tcgen05_alloc=1;ptx_tcgen05_dealloc=1;ptx_tcgen05_ld=5;ptx_tcgen05_st=5;ptx_mbarrier_wait=5;ptx_cp_async_tma=2;ptx_ld_shared=26;ptx_ld_global=7
02_latency_throughput,lat_fp16_m128n64k16_legal_ring_in0_q48,1,,NVIDIA Thor,11.0,580.00,13.0,PTX ISA 9.3 / CUDA 13.0,1575.000,,,,fp16,128,64,16,48,10,30,1,discard,same,8,8,48,1,nocount,sw128,sw128,16,16,16,0,512,0,64,none,0,none,0,4,20,427502.0,271.4298412698413,,,,,6144,,9.271575992626934,,,0,0.0,1,bf14b28d2af4128daa99f23eec8a5e105636d0b04136f8be580fdc39d6f1f97d,legal_ring
02_latency_throughput,lat_fp16_m128n64k16_legal_ring_in0_q48,1,,NVIDIA Thor,11.0,580.00,13.0,PTX ISA 9.3 / CUDA 13.0,1575.000,,,,fp16,128,64,16,48,10,30,2,discard,same,8,8,48,1,nocount,sw128,sw128,16,16,16,0,512,0,64,none,0,none,0,4,20,427496.0,271.42603174603175,,,,,6144,,9.271706121226865,,,0,0.0,1,bf14b28d2af4128daa99f23eec8a5e105636d0b04136f8be580fdc39d6f1f97d,legal_ring
02_latency_throughput,lat_fp16_m128n64k16_legal_ring_in0_q48,1,,NVIDIA Thor,11.0,580.00,13.0,PTX ISA 9.3 / CUDA 13.0,1575.000,,,,fp16,128,64,16,48,10,30,3,discard,same,8,8,48,1,nocount,sw128,sw128,16,16,16,0,512,0,64,none,0,none,0,4,20,427502.0,271.4298412698413,,,,,6144,,9.271575992626934,,,0,0.0,1,bf14b28d2af4128daa99f23eec8a5e105636d0b04136f8be580fdc39d6f1f97d,legal_ring
02_latency_throughput,lat_fp16_m128n64k16_legal_ring_in0_q48,1,,NVIDIA Thor,11.0,580.00,13.0,PTX ISA 9.3 / CUDA 13.0,1575.000,,,,fp16,128,64,16,48,10,30,4,discard,same,8,8,48,1,nocount,sw128,sw128,16,16,16,0,512,0,64,none,0,none,0,4,20,427497.0,271.4266666666667,,,,,6144,,9.271684432873213,,,0,0.0,1,bf14b28d2af4128daa99f23eec8a5e105636d0b04136f8be580fdc39d6f1f97d,legal_ring
02_latency_throughput,lat_bf16_m128n128k16_same_d_in1_q1,1,,NVIDIA Thor,11.0,580.00,13.0,PTX ISA 9.3 / CUDA 13.0,1575.000,,,,bf16,128,128,16,1,512,31,0,discard,same,1,1,1,1,nocount,sw128,sw128,16,16,16,0,512,0,0,none,1,none,0,4,20,779124.0,494.6819047619048,,,,,8192,,10.852851232923129,,,0,0.0,1,bf14b28d2af4128daa99f23eec8a5e105636d0b04136f8be580fdc39d6f1f97d,same_d; UTCHMMA=21;UTCHMMA_WS=16;UTCBAR=1;UTCATOMSWS=3;SYNCS_TRYWAIT=8;LDS=21;LDG=9;ptx_tcgen05_mma=21;ptx_tcgen05_mma_ws=16;ptx_tcgen05_commit=1;ptx_tcgen05_alloc=1;ptx_tcgen05_dealloc=1;ptx_tcgen05_ld=5;ptx_tcgen05_st=5;ptx_mbarrier_wait=5;ptx_cp_async_tma=2;ptx_ld_shared=26;ptx_ld_global=7
02_latency_throughput,lat_bf16_m128n128k16_same_d_in1_q1,1,,NVIDIA Thor,11.0,580.00,13.0,PTX ISA 9.3 / CUDA 13.0,1575.000,,,,bf16,128,128,16,1,512,31,1,discard,same,1,1,1,1,nocount,sw128,sw128,16,16,16,0,512,0,0,none,1,none,0,4,20,779126.0,494.68317460317456,,,,,8192,,10.852823373883043,,,0,0.0,1,bf14b28d2af4128daa99f23eec8a5e105636d0b04136f8be580fdc39d6f1f97d,same_d
02_latency_throughput,lat_bf16_m128n128k16_same_d_in1_q1,1,,NVIDIA Thor,11.0,580.00,13.0,PTX ISA 9.3 / CUDA 13.0,1575.000,,,,bf16,128,128,16,1,512,31,2,discard,same,1,1,1,1,nocount,sw128,sw128,16,16,16,0,512,0,0,none,1,none,0,4,20,779126.0,494.68317460317456,,,,,8192,,10.852823373883043,,,0,0.0,1,bf14b28d2af4128daa99f23eec8a5e105636d0b04136f8be580fdc39d6f1f97d,same_d
02_latency_throughput,lat_bf16_m128n128k16_same_d_in1_q1,1,,NVIDIA Thor,11.0,580.00,13.0,PTX ISA 9.3 / CUDA 13.0,1575.000,,,,bf16,128,128,16,1,512,31,3,discard,same,1,1,1,1,nocount,sw128,sw128,16,16,16,0,512,0,0,none,1,none,0,4,20,779126.0,494.68317460317456,,,,,8192,,10.852823373883043,,,0,0.0,1,bf14b28d2af4128daa99f23eec8a5e105636d0b04136f8be580fdc39d6f1f97d,same_d
02_latency_throughput,lat_bf16_m128n128k16_same_d_in1_q1,1,,NVIDIA Thor,11.0,580.00,13.0,PTX ISA 9.3 / CUDA 13.0,1575.000,,,,bf16,128,128,16,1,512,31,4,discard,same,1,1,1,1,nocount,sw128,sw128,16,16,16,0,512,0,0,none,1,none,0,4,20,779127.0,494.68380952380954,,,,,8192,,10.852809444416636,,,0,0.0,1,bf14b28d2af4128daa99f23eec8a5e105636d0b04136f8be580fdc39d6f1f97d,same_d
02_latency_throughput,lat_fp16_m128n128k16_same_d_in0_q3,1,,NVIDIA Thor,11.0,580.00,13.0,PTX ISA 9.3 / CUDA 13.0,1575.000,,,,fp16,128,128,16,3,170,32,0,discard,same,1,1,3,1,nocount,sw128,sw128,16,16,16,0,512,0,0,none,0,none,0,4,20,517171.0,328.36253968253965,,,,,8192,,16.286076984208318,,,0,0.0,1,bf14b28d2af4128daa99f23eec8a5e105636d0b04136f8be580fdc39d6f1f97d,same_d; UTCHMMA=21;UTCHMMA_WS=16;UTCBAR=1;UTCATOMSWS=3;SYNCS_TRYWAIT=8;LDS=21;LDG=9;ptx_tcgen05_mma=21;ptx_tcgen05_mma_ws=16;ptx_tcgen05_commit=1;ptx_tcgen05_alloc=1;ptx_tcgen05_dealloc=1;ptx_tcgen05_ld=5;ptx_tcgen05_st=5;ptx_mbarrier_wait=5;ptx_cp_async_tma=2;ptx_ld_shared=26;ptx_ld_global=7
02_latency_throughput,lat_fp16_m128n128k16_same_d_in0_q3,1,,NVIDIA Thor,11.0,580.00,13.0,PTX ISA 9.3 / CUDA 13.0,1575.000,,,,fp16,128,128,16,3,170,32,1,discard,same,1,1,3,1,nocount,sw128,sw128,16,16,16,0,512,0,0,none,0,none,0,4,20,517173.0,328.3638095238095,,,,,8192,,16.286014003051204,,,0,0.0,1,bf14b28d2af4128daa99f23eec8a5e105636d0b04136f8be580fdc39d6f1f97d,same_d
02_latency_throughput,lat_fp16_m128n128k16_same_d_in0_q3,1,,NVIDIA Thor,11.0,580.00,13.0,PTX ISA 9.3 / CUDA 13.0,1575.000,,,,fp16,128,128,16,3,170,32,2,discard,same,1,1,3,1,nocount,sw128,sw128,16,16,16,0,512,0,0,none,0,none,0,4,20,517167.0,328.35999999999996,,,,,8192,,16.286202947983924,,,0,0.0,1,bf14b28d2af4128daa99f23eec8a5e105636d0b04136f8be580fdc39d6f1f97d,same_d
02_latency_throughput,lat_fp16_m128n128k16_same_d_in0_q3,1,,NVIDIA Thor,11.0,580.00,13.0,PTX ISA 9.3 / CUDA 13.0,1575.000,,,,fp16,128,128,16,3,170,32,3,discard,same,1,1,3,1,nocount,sw128,sw128,16,16,16,0,512,0,0,none,0,none,0,4,20,517173.0,328.3638095238095,,,,,8192,,16.286014003051204,,,0,0.0,1,bf14b28d2af4128daa99f23eec8a5e105636d0b04136f8be580fdc39d6f1f97d,same_d
02_latency_throughput,lat_fp16_m128n128k16_same_d_in0_q3,1,,NVIDIA Thor,11.0,580.00,13.0,PTX ISA 9.3 / CUDA 13.0,1575.000,,,,fp16,128,128,16,3,170,32,4,discard,same,1,1,3,1,nocount,sw128,sw128,16,16,16,0,512,0,0,none,0,none,0,4,20,517173.0,328.3638095238095,,,,,8192,,16.286014003051204,,,0,0.0,1,bf14b28d2af4128daa99f23eec8a5e105636d0b04136f8be580fdc39d6f1f97d,same_d
02_latency_throughput,lat_bf16_m128n128k16_same_d_in0_q3,1,,NVIDIA Thor,11.0,580.00,13.0,PTX ISA 9.3 / CUDA 13.0,1575.000,,,,bf16,128,128,16,3,170,33,0,discard,same,1,1,3,1,nocount,sw128,sw128,16,16,16,0,512,0,0,none,0,none,0,4,20,517172.0,328.3631746031746,,,,,8192,,16.28604549356887,,,0,0.0,1,bf14b28d2af4128daa99f23eec8a5e105636d0b04136f8be580fdc39d6f1f97d,same_d; UTCHMMA=21;UTCHMMA_WS=16;UTCBAR=1;UTCATOMSWS=3;SYNCS_TRYWAIT=8;LDS=21;LDG=9;ptx_tcgen05_mma=21;ptx_tcgen05_mma_ws=16;ptx_tcgen05_commit=1;ptx_tcgen05_alloc=1;ptx_tcgen05_dealloc=1;ptx_tcgen05_ld=5;ptx_tcgen05_st=5;ptx_mbarrier_wait=5;ptx_cp_async_tma=2;ptx_ld_shared=26;ptx_ld_global=7
02_latency_throughput,lat_bf16_m128n128k16_same_d_in0_q3,1,,NVIDIA Thor,11.0,580.00,13.0,PTX ISA 9.3 / CUDA 13.0,1575.000,,,,bf16,128,128,16,3,170,33,1,discard,same,1,1,3,1,nocount,sw128,sw128,16,16,16,0,512,0,0,none,0,none,0,4,20,517180.0,328.36825396825395,,,,,8192,,16.28579357283731,,,0,0.0,1,bf14b28d2af4128daa99f23eec8a5e105636d0b04136f8be580fdc39d6f1f97d,same_d
02_latency_throughput,lat_bf16_m128n128k16_same_d_in0_q3,1,,NVIDIA Thor,11.0,580.00,13.0,PTX ISA 9.3 / CUDA 13.0,1575.000,,,,bf16,128,128,16,3,170,33,2,discard,same,1,1,3,1,nocount,sw128,sw128,16,16,16,0,512,0,0,none,0,none,0,4,20,517169.0,328.3612698412698,,,,,8192,,16.286139965852556,,,0,0.0,1,bf14b28d2af4128daa99f23eec8a5e105636d0b04136f8be580fdc39d6f1f97d,same_d
02_latency_throughput,lat_bf16_m128n128k16_same_d_in0_q3,1,,NVIDIA Thor,11.0,580.00,13.0,PTX ISA 9.3 / CUDA 13.0,1575.000,,,,bf16,128,128,16,3,170,33,3,discard,same,1,1,3,1,nocount,sw128,sw128,16,16,16,0,512,0,0,none,0,none,0,4,20,517170.0,328.3619047619048,,,,,8192,,16.286108474969545,,,0,0.0,1,bf14b28d2af4128daa99f23eec8a5e105636d0b04136f8be580fdc39d6f1f97d,same_d
02_latency_throughput,lat_bf16_m128n128k16_same_d_in0_q3,1,,NVIDIA Thor,11.0,580.00,13.0,PTX ISA 9.3 / CUDA 13.0,1575.000,,,,bf16,128,128,16,3,170,33,4,discard,same,1,1,3,1,nocount,sw128,sw128,16,16,16,0,512,0,0,none,0,none,0,4,20,517170.0,328.3619047619048,,,,,8192,,16.286108474969545,,,0,0.0,1,bf14b28d2af4128daa99f23eec8a5e105636d0b04136f8be580fdc39d6f1f97d,same_d
02_latency_throughput,lat_fp16_m128n256k16_legal_ring_in0_q12,1,,NVIDIA Thor,11.0,580.00,13.0,PTX ISA 9.3 / CUDA 13.0,1575.000,,,,fp16,128,256,16,12,42,34,0,discard,same,2,2,12,1,nocount,sw128,sw128,16,16,16,0,512,0,256,none,0,none,0,4,20,473511.0,300.64190476190475,,,,,12288,,35.15692893301317,,,0,0.0,1,bf14b28d2af4128daa99f23eec8a5e105636d0b04136f8be580fdc39d6f1f97d,legal_ring; UTCHMMA=21;UTCHMMA_WS=16;UTCBAR=1;UTCATOMSWS=3;SYNCS_TRYWAIT=8;LDS=21;LDG=9;ptx_tcgen05_mma=21;ptx_tcgen05_mma_ws=16;ptx_tcgen05_commit=1;ptx_tcgen05_alloc=1;ptx_tcgen05_dealloc=1;ptx_tcgen05_ld=5;ptx_tcgen05_st=5;ptx_mbarrier_wait=5;ptx_cp_async_tma=2;ptx_ld_shared=26;ptx_ld_global=7
02_latency_throughput,lat_fp16_m128n256k16_legal_ring_in0_q12,1,,NVIDIA Thor,11.0,580.00,13.0,PTX ISA 9.3 / CUDA 13.0,1575.000,,,,fp16,128,256,16,12,42,34,1,discard,same,2,2,12,1,nocount,sw128,sw128,16,16,16,0,512,0,256,none,0,none,0,4,20,473510.0,300.6412698412699,,,,,12288,,35.157003180503054,,,0,0.0,1,bf14b28d2af4128daa99f23eec8a5e105636d0b04136f8be580fdc39d6f1f97d,legal_ring
02_latency_throughput,lat_fp16_m128n256k16_legal_ring_in0_q12,1,,NVIDIA Thor,11.0,580.00,13.0,PTX ISA 9.3 / CUDA 13.0,1575.000,,,,fp16,128,256,16,12,42,34,2,discard,same,2,2,12,1,nocount,sw128,sw128,16,16,16,0,512,0,256,none,0,none,0,4,20,473515.0,300.64444444444445,,,,,12288,,35.15663194618967,,,0,0.0,1,bf14b28d2af4128daa99f23eec8a5e105636d0b04136f8be580fdc39d6f1f97d,legal_ring
02_latency_throughput,lat_fp16_m128n256k16_legal_ring_in0_q12,1,,NVIDIA Thor,11.0,580.00,13.0,PTX ISA 9.3 / CUDA 13.0,1575.000,,,,fp16,128,256,16,12,42,34,3,discard,same,2,2,12,1,nocount,sw128,sw128,16,16,16,0,512,0,256,none,0,none,0,4,20,473490.0,300.62857142857143,,,,,12288,,35.15848819616042,,,0,0.0,1,bf14b28d2af4128daa99f23eec8a5e105636d0b04136f8be580fdc39d6f1f97d,legal_ring
02_latency_throughput,lat_fp16_m128n256k16_legal_ring_in0_q12,1,,NVIDIA Thor,11.0,580.00,13.0,PTX ISA 9.3 / CUDA 13.0,1575.000,,,,fp16,128,256,16,12,42,34,4,discard,same,2,2,12,1,nocount,sw128,sw128,16,16,16,0,512,0,256,none,0,none,0,4,20,473516.0,300.64507936507937,,,,,12288,,35.15655770026778,,,0,0.0,1,bf14b28d2af4128daa99f23eec8a5e105636d0b04136f8be580fdc39d6f1f97d,legal_ring
02_latency_throughput,lat_bf16_m128n256k16_legal_ring_in1_q3,1,,NVIDIA Thor,11.0,580.00,13.0,PTX ISA 9.3 / CUDA 13.0,1575.000,,,,bf16,128,256,16,3,170,35,0,discard,same,2,2,3,1,nocount,sw128,sw128,16,16,16,0,512,0,256,none,1,none,0,4,20,578875.0,367.53968253968253,,,,,12288,,29.10019164759231,,,0,0.0,1,bf14b28d2af4128daa99f23eec8a5e105636d0b04136f8be580fdc39d6f1f97d,legal_ring; UTCHMMA=21;UTCHMMA_WS=16;UTCBAR=1;UTCATOMSWS=3;SYNCS_TRYWAIT=8;LDS=21;LDG=9;ptx_tcgen05_mma=21;ptx_tcgen05_mma_ws=16;ptx_tcgen05_commit=1;ptx_tcgen05_alloc=1;ptx_tcgen05_dealloc=1;ptx_tcgen05_ld=5;ptx_tcgen05_st=5;ptx_mbarrier_wait=5;ptx_cp_async_tma=2;ptx_ld_shared=26;ptx_ld_global=7
02_latency_throughput,lat_bf16_m128n256k16_legal_ring_in1_q3,1,,NVIDIA Thor,11.0,580.00,13.0,PTX ISA 9.3 / CUDA 13.0,1575.000,,,,bf16,128,256,16,3,170,35,1,discard,same,2,2,3,1,nocount,sw128,sw128,16,16,16,0,512,0,256,none,1,none,0,4,20,578877.0,367.5409523809524,,,,,12288,,29.100091107437333,,,0,0.0,1,bf14b28d2af4128daa99f23eec8a5e105636d0b04136f8be580fdc39d6f1f97d,legal_ring
02_latency_throughput,lat_bf16_m128n256k16_legal_ring_in1_q3,1,,NVIDIA Thor,11.0,580.00,13.0,PTX ISA 9.3 / CUDA 13.0,1575.000,,,,bf16,128,256,16,3,170,35,2,discard,same,2,2,3,1,nocount,sw128,sw128,16,16,16,0,512,0,256,none,1,none,0,4,20,578873.0,367.5384126984127,,,,,12288,,29.100292188442022,,,0,0.0,1,bf14b28d2af4128daa99f23eec8a5e105636d0b04136f8be580fdc39d6f1f97d,legal_ring
02_latency_throughput,lat_bf16_m128n256k16_legal_ring_in1_q3,1,,NVIDIA Thor,11.0,580.00,13.0,PTX ISA 9.3 / CUDA 13.0,1575.000,,,,bf16,128,256,16,3,170,35,3,discard,same,2,2,3,1,nocount,sw128,sw128,16,16,16,0,512,0,256,none,1,none,0,4,20,578877.0,367.5409523809524,,,,,12288,,29.100091107437333,,,0,0.0,1,bf14b28d2af4128daa99f23eec8a5e105636d0b04136f8be580fdc39d6f1f97d,legal_ring
02_latency_throughput,lat_bf16_m128n256k16_legal_ring_in1_q3,1,,NVIDIA Thor,11.0,580.00,13.0,PTX ISA 9.3 / CUDA 13.0,1575.000,,,,bf16,128,256,16,3,170,35,4,discard,same,2,2,3,1,nocount,sw128,sw128,16,16,16,0,512,0,256,none,1,none,0,4,20,578898.0,367.5542857142857,,,,,12288,,29.099035477752558,,,0,0.0,1,bf14b28d2af4128daa99f23eec8a5e105636d0b04136f8be580fdc39d6f1f97d,legal_ring
02_latency_throughput,lat_fp16_m128n64k16_same_d_in0_q1,1,,NVIDIA Thor,11.0,580.00,13.0,PTX ISA 9.3 / CUDA 13.0,1575.000,,,,fp16,128,64,16,1,512,36,0,discard,same,1,1,1,1,nocount,sw128,sw128,16,16,16,0,512,0,0,none,0,none,0,4,20,779120.0,494.6793650793651,,,,,6144,,5.426453475716192,,,0,0.0,1,bf14b28d2af4128daa99f23eec8a5e105636d0b04136f8be580fdc39d6f1f97d,same_d; UTCHMMA=21;UTCHMMA_WS=16;UTCBAR=1;UTCATOMSWS=3;SYNCS_TRYWAIT=8;LDS=21;LDG=9;ptx_tcgen05_mma=21;ptx_tcgen05_mma_ws=16;ptx_tcgen05_commit=1;ptx_tcgen05_alloc=1;ptx_tcgen05_dealloc=1;ptx_tcgen05_ld=5;ptx_tcgen05_st=5;ptx_mbarrier_wait=5;ptx_cp_async_tma=2;ptx_ld_shared=26;ptx_ld_global=7
02_latency_throughput,lat_fp16_m128n64k16_same_d_in0_q1,1,,NVIDIA Thor,11.0,580.00,13.0,PTX ISA 9.3 / CUDA 13.0,1575.000,,,,fp16,128,64,16,1,512,36,1,discard,same,1,1,1,1,nocount,sw128,sw128,16,16,16,0,512,0,0,none,0,none,0,4,20,779126.0,494.68317460317456,,,,,6144,,5.426411686941521,,,0,0.0,1,bf14b28d2af4128daa99f23eec8a5e105636d0b04136f8be580fdc39d6f1f97d,same_d
02_latency_throughput,lat_fp16_m128n64k16_same_d_in0_q1,1,,NVIDIA Thor,11.0,580.00,13.0,PTX ISA 9.3 / CUDA 13.0,1575.000,,,,fp16,128,64,16,1,512,36,2,discard,same,1,1,1,1,nocount,sw128,sw128,16,16,16,0,512,0,0,none,0,none,0,4,20,779121.0,494.67999999999995,,,,,6144,,5.426446510875718,,,0,0.0,1,bf14b28d2af4128daa99f23eec8a5e105636d0b04136f8be580fdc39d6f1f97d,same_d
02_latency_throughput,lat_fp16_m128n64k16_same_d_in0_q1,1,,NVIDIA Thor,11.0,580.00,13.0,PTX ISA 9.3 / CUDA 13.0,1575.000,,,,fp16,128,64,16,1,512,36,3,discard,same,1,1,1,1,nocount,sw128,sw128,16,16,16,0,512,0,0,none,0,none,0,4,20,779123.0,494.68126984126985,,,,,6144,,5.426432581248403,,,0,0.0,1,bf14b28d2af4128daa99f23eec8a5e105636d0b04136f8be580fdc39d6f1f97d,same_d
02_latency_throughput,lat_fp16_m128n64k16_same_d_in0_q1,1,,NVIDIA Thor,11.0,580.00,13.0,PTX ISA 9.3 / CUDA 13.0,1575.000,,,,fp16,128,64,16,1,512,36,4,discard,same,1,1,1,1,nocount,sw128,sw128,16,16,16,0,512,0,0,none,0,none,0,4,20,779124.0,494.6819047619048,,,,,6144,,5.4264256164615645,,,0,0.0,1,bf14b28d2af4128daa99f23eec8a5e105636d0b04136f8be580fdc39d6f1f97d,same_d
02_latency_throughput,lat_fp16_m128n128k16_legal_ring_in0_q64,1,,NVIDIA Thor,11.0,580.00,13.0,PTX ISA 9.3 / CUDA 13.0,1575.000,,,,fp16,128,128,16,64,8,37,0,discard,same,4,4,64,1,nocount,sw128,sw128,16,16,16,0,512,0,128,none,0,none,0,4,20,453988.0,288.2463492063492,,,,,8192,,18.625419315047978,,,0,0.0,1,bf14b28d2af4128daa99f23eec8a5e105636d0b04136f8be580fdc39d6f1f97d,legal_ring; UTCHMMA=21;UTCHMMA_WS=16;UTCBAR=1;UTCATOMSWS=3;SYNCS_TRYWAIT=8;LDS=21;LDG=9;ptx_tcgen05_mma=21;ptx_tcgen05_mma_ws=16;ptx_tcgen05_commit=1;ptx_tcgen05_alloc=1;ptx_tcgen05_dealloc=1;ptx_tcgen05_ld=5;ptx_tcgen05_st=5;ptx_mbarrier_wait=5;ptx_cp_async_tma=2;ptx_ld_shared=26;ptx_ld_global=7
02_latency_throughput,lat_fp16_m128n128k16_legal_ring_in0_q64,1,,NVIDIA Thor,11.0,580.00,13.0,PTX ISA 9.3 / CUDA 13.0,1575.000,,,,fp16,128,128,16,64,8,37,1,discard,same,4,4,64,1,nocount,sw128,sw128,16,16,16,0,512,0,128,none,0,none,0,4,20,453980.0,288.24126984126985,,,,,8192,,18.625747530728226,,,0,0.0,1,bf14b28d2af4128daa99f23eec8a5e105636d0b04136f8be580fdc39d6f1f97d,legal_ring
02_latency_throughput,lat_fp16_m128n128k16_legal_ring_in0_q64,1,,NVIDIA Thor,11.0,580.00,13.0,PTX ISA 9.3 / CUDA 13.0,1575.000,,,,fp16,128,128,16,64,8,37,2,discard,same,4,4,64,1,nocount,sw128,sw128,16,16,16,0,512,0,128,none,0,none,0,4,20,453984.0,288.2438095238095,,,,,8192,,18.625583421442165,,,0,0.0,1,bf14b28d2af4128daa99f23eec8a5e105636d0b04136f8be580fdc39d6f1f97d,legal_ring
02_latency_throughput,lat_fp16_m128n128k16_legal_ring_in0_q64,1,,NVIDIA Thor,11.0,580.00,13.0,PTX ISA 9.3 / CUDA 13.0,1575.000,,,,fp16,128,128,16,64,8,37,3,discard,same,4,4,64,1,nocount,sw128,sw128,16,16,16,0,512,0,128,none,0,none,0,4,20,453986.0,288.24507936507933,,,,,8192,,18.62550136788359,,,0,0.0,1,bf14b28d2af4128daa99f23eec8a5e105636d0b04136f8be580fdc39d6f1f97d,legal_ring
02_latency_throughput,lat_fp16_m128n128k16_legal_ring_in0_q64,1,,NVIDIA Thor,11.0,580.00,13.0,PTX ISA 9.3 / CUDA 13.0,1575.000,,,,fp16,128,128,16,64,8,37,4,discard,same,4,4,64,1,nocount,sw128,sw128,16,16,16,0,512,0,128,none,0,none,0,4,20,453978.0,288.24,,,,,8192,,18.62582958645573,,,0,0.0,1,bf14b28d2af4128daa99f23eec8a5e105636d0b04136f8be580fdc39d6f1f97d,legal_ring
02_latency_throughput,lat_fp16_m128n128k16_legal_ring_in1_q48,1,,NVIDIA Thor,11.0,580.00,13.0,PTX ISA 9.3 / CUDA 13.0,1575.000,,,,fp16,128,128,16,48,10,38,0,discard,same,4,4,48,1,nocount,sw128,sw128,16,16,16,0,512,0,128,none,1,none,0,4,20,427564.0,271.4692063492064,,,,,8192,,18.540463088566856,,,0,0.0,1,bf14b28d2af4128daa99f23eec8a5e105636d0b04136f8be580fdc39d6f1f97d,legal_ring; UTCHMMA=21;UTCHMMA_WS=16;UTCBAR=1;UTCATOMSWS=3;SYNCS_TRYWAIT=8;LDS=21;LDG=9;ptx_tcgen05_mma=21;ptx_tcgen05_mma_ws=16;ptx_tcgen05_commit=1;ptx_tcgen05_alloc=1;ptx_tcgen05_dealloc=1;ptx_tcgen05_ld=5;ptx_tcgen05_st=5;ptx_mbarrier_wait=5;ptx_cp_async_tma=2;ptx_ld_shared=26;ptx_ld_global=7
02_latency_throughput,lat_fp16_m128n128k16_legal_ring_in1_q48,1,,NVIDIA Thor,11.0,580.00,13.0,PTX ISA 9.3 / CUDA 13.0,1575.000,,,,fp16,128,128,16,48,10,38,1,discard,same,4,4,48,1,nocount,sw128,sw128,16,16,16,0,512,0,128,none,1,none,0,4,20,427566.0,271.47047619047623,,,,,8192,,18.540376362947473,,,0,0.0,1,bf14b28d2af4128daa99f23eec8a5e105636d0b04136f8be580fdc39d6f1f97d,legal_ring
02_latency_throughput,lat_fp16_m128n128k16_legal_ring_in1_q48,1,,NVIDIA Thor,11.0,580.00,13.0,PTX ISA 9.3 / CUDA 13.0,1575.000,,,,fp16,128,128,16,48,10,38,2,discard,same,4,4,48,1,nocount,sw128,sw128,16,16,16,0,512,0,128,none,1,none,0,4,20,427557.0,271.4647619047619,,,,,8192,,18.540766634624156,,,0,0.0,1,bf14b28d2af4128daa99f23eec8a5e105636d0b04136f8be580fdc39d6f1f97d,legal_ring
02_latency_throughput,lat_fp16_m128n128k16_legal_ring_in1_q48,1,,NVIDIA Thor,11.0,580.00,13.0,PTX ISA 9.3 / CUDA 13.0,1575.000,,,,fp16,128,128,16,48,10,38,3,discard,same,4,4,48,1,nocount,sw128,sw128,16,16,16,0,512,0,128,none,1,none,0,4,20,427556.0,271.464126984127,,,,,8192,,18.540809999158004,,,0,0.0,1,bf14b28d2af4128daa99f23eec8a5e105636d0b04136f8be580fdc39d6f1f97d,legal_ring
02_latency_throughput,lat_fp16_m128n128k16_legal_ring_in1_q48,1,,NVIDIA Thor,11.0,580.00,13.0,PTX ISA 9.3 / CUDA 13.0,1575.000,,,,fp16,128,128,16,48,10,38,4,discard,same,4,4,48,1,nocount,sw128,sw128,16,16,16,0,512,0,128,none,1,none,0,4,20,427559.0,271.4660317460317,,,,,8192,,18.540679906164996,,,0,0.0,1,bf14b28d2af4128daa99f23eec8a5e105636d0b04136f8be580fdc39d6f1f97d,legal_ring
02_latency_throughput,lat_fp16_m128n128k16_legal_ring_in1_q8,1,,NVIDIA Thor,11.0,580.00,13.0,PTX ISA 9.3 / CUDA 13.0,1575.000,,,,fp16,128,128,16,8,64,39,0,discard,same,4,4,8,1,nocount,sw128,sw128,16,16,16,0,512,0,128,none,1,none,0,4,20,497529.0,315.89142857142855,,,,,8192,,16.995425118937792,,,0,0.0,1,bf14b28d2af4128daa99f23eec8a5e105636d0b04136f8be580fdc39d6f1f97d,legal_ring; UTCHMMA=21;UTCHMMA_WS=16;UTCBAR=1;UTCATOMSWS=3;SYNCS_TRYWAIT=8;LDS=21;LDG=9;ptx_tcgen05_mma=21;ptx_tcgen05_mma_ws=16;ptx_tcgen05_commit=1;ptx_tcgen05_alloc=1;ptx_tcgen05_dealloc=1;ptx_tcgen05_ld=5;ptx_tcgen05_st=5;ptx_mbarrier_wait=5;ptx_cp_async_tma=2;ptx_ld_shared=26;ptx_ld_global=7
02_latency_throughput,lat_fp16_m128n128k16_legal_ring_in1_q8,1,,NVIDIA Thor,11.0,580.00,13.0,PTX ISA 9.3 / CUDA 13.0,1575.000,,,,fp16,128,128,16,8,64,39,1,discard,same,4,4,8,1,nocount,sw128,sw128,16,16,16,0,512,0,128,none,1,none,0,4,20,497524.0,315.888253968254,,,,,8192,,16.99559591899084,,,0,0.0,1,bf14b28d2af4128daa99f23eec8a5e105636d0b04136f8be580fdc39d6f1f97d,legal_ring
02_latency_throughput,lat_fp16_m128n128k16_legal_ring_in1_q8,1,,NVIDIA Thor,11.0,580.00,13.0,PTX ISA 9.3 / CUDA 13.0,1575.000,,,,fp16,128,128,16,8,64,39,2,discard,same,4,4,8,1,nocount,sw128,sw128,16,16,16,0,512,0,128,none,1,none,0,4,20,497523.0,315.887619047619,,,,,8192,,16.995630079413413,,,0,0.0,1,bf14b28d2af4128daa99f23eec8a5e105636d0b04136f8be580fdc39d6f1f97d,legal_ring
02_latency_throughput,lat_fp16_m128n128k16_legal_ring_in1_q8,1,,NVIDIA Thor,11.0,580.00,13.0,PTX ISA 9.3 / CUDA 13.0,1575.000,,,,fp16,128,128,16,8,64,39,3,discard,same,4,4,8,1,nocount,sw128,sw128,16,16,16,0,512,0,128,none,1,none,0,4,20,497528.0,315.8907936507937,,,,,8192,,16.995459278673763,,,0,0.0,1,bf14b28d2af4128daa99f23eec8a5e105636d0b04136f8be580fdc39d6f1f97d,legal_ring
02_latency_throughput,lat_fp16_m128n128k16_legal_ring_in1_q8,1,,NVIDIA Thor,11.0,580.00,13.0,PTX ISA 9.3 / CUDA 13.0,1575.000,,,,fp16,128,128,16,8,64,39,4,discard,same,4,4,8,1,nocount,sw128,sw128,16,16,16,0,512,0,128,none,1,none,0,4,20,497525.0,315.88888888888886,,,,,8192,,16.995561758705595,,,0,0.0,1,bf14b28d2af4128daa99f23eec8a5e105636d0b04136f8be580fdc39d6f1f97d,legal_ring
02_latency_throughput,lat_fp16_m128n128k16_legal_ring_in0_q2,1,,NVIDIA Thor,11.0,580.00,13.0,PTX ISA 9.3 / CUDA 13.0,1575.000,,,,fp16,128,128,16,2,256,40,0,discard,same,4,4,2,1,nocount,sw128,sw128,16,16,16,0,512,0,128,none,0,none,0,4,20,648053.0,411.4622222222222,,,,,8192,,13.047878590177039,,,0,0.0,1,bf14b28d2af4128daa99f23eec8a5e105636d0b04136f8be580fdc39d6f1f97d,legal_ring; UTCHMMA=21;UTCHMMA_WS=16;UTCBAR=1;UTCATOMSWS=3;SYNCS_TRYWAIT=8;LDS=21;LDG=9;ptx_tcgen05_mma=21;ptx_tcgen05_mma_ws=16;ptx_tcgen05_commit=1;ptx_tcgen05_alloc=1;ptx_tcgen05_dealloc=1;ptx_tcgen05_ld=5;ptx_tcgen05_st=5;ptx_mbarrier_wait=5;ptx_cp_async_tma=2;ptx_ld_shared=26;ptx_ld_global=7
02_latency_throughput,lat_fp16_m128n128k16_legal_ring_in0_q2,1,,NVIDIA Thor,11.0,580.00,13.0,PTX ISA 9.3 / CUDA 13.0,1575.000,,,,fp16,128,128,16,2,256,40,1,discard,same,4,4,2,1,nocount,sw128,sw128,16,16,16,0,512,0,128,none,0,none,0,4,20,648046.0,411.4577777777778,,,,,8192,,13.048019529477846,,,0,0.0,1,bf14b28d2af4128daa99f23eec8a5e105636d0b04136f8be580fdc39d6f1f97d,legal_ring
02_latency_throughput,lat_fp16_m128n128k16_legal_ring_in0_q2,1,,NVIDIA Thor,11.0,580.00,13.0,PTX ISA 9.3 / CUDA 13.0,1575.000,,,,fp16,128,128,16,2,256,40,2,discard,same,4,4,2,1,nocount,sw128,sw128,16,16,16,0,512,0,128,none,0,none,0,4,20,648043.0,411.455873015873,,,,,8192,,13.048079932967411,,,0,0.0,1,bf14b28d2af4128daa99f23eec8a5e105636d0b04136f8be580fdc39d6f1f97d,legal_ring
02_latency_throughput,lat_fp16_m128n128k16_legal_ring_in0_q2,1,,NVIDIA Thor,11.0,580.00,13.0,PTX ISA 9.3 / CUDA 13.0,1575.000,,,,fp16,128,128,16,2,256,40,3,discard,same,4,4,2,1,nocount,sw128,sw128,16,16,16,0,512,0,128,none,0,none,0,4,20,648050.0,411.46031746031747,,,,,8192,,13.0479389923617,,,0,0.0,1,bf14b28d2af4128daa99f23eec8a5e105636d0b04136f8be580fdc39d6f1f97d,legal_ring
02_latency_throughput,lat_fp16_m128n128k16_legal_ring_in0_q2,1,,NVIDIA Thor,11.0,580.00,13.0,PTX ISA 9.3 / CUDA 13.0,1575.000,,,,fp16,128,128,16,2,256,40,4,discard,same,4,4,2,1,nocount,sw128,sw128,16,16,16,0,512,0,128,none,0,none,0,4,20,648051.0,411.46095238095234,,,,,8192,,13.04791885823801,,,0,0.0,1,bf14b28d2af4128daa99f23eec8a5e105636d0b04136f8be580fdc39d6f1f97d,legal_ring
02_latency_throughput,lat_bf16_m128n256k16_legal_ring_in0_q24,1,,NVIDIA Thor,11.0,580.00,13.0,PTX ISA 9.3 / CUDA 13.0,1575.000,,,,bf16,128,256,16,24,21,41,0,discard,same,2,2,24,1,nocount,sw128,sw128,16,16,16,0,512,0,256,none,0,none,0,4,20,457063.0,290.19873015873014,,,,,12288,,36.42209624493779,,,0,0.0,1,bf14b28d2af4128daa99f23eec8a5e105636d0b04136f8be580fdc39d6f1f97d,legal_ring; UTCHMMA=21;UTCHMMA_WS=16;UTCBAR=1;UTCATOMSWS=3;SYNCS_TRYWAIT=8;LDS=21;LDG=9;ptx_tcgen05_mma=21;ptx_tcgen05_mma_ws=16;ptx_tcgen05_commit=1;ptx_tcgen05_alloc=1;ptx_tcgen05_dealloc=1;ptx_tcgen05_ld=5;ptx_tcgen05_st=5;ptx_mbarrier_wait=5;ptx_cp_async_tma=2;ptx_ld_shared=26;ptx_ld_global=7
02_latency_throughput,lat_bf16_m128n256k16_legal_ring_in0_q24,1,,NVIDIA Thor,11.0,580.00,13.0,PTX ISA 9.3 / CUDA 13.0,1575.000,,,,bf16,128,256,16,24,21,41,1,discard,same,2,2,24,1,nocount,sw128,sw128,16,16,16,0,512,0,256,none,0,none,0,4,20,457059.0,290.1961904761905,,,,,12288,,36.422414996750966,,,0,0.0,1,bf14b28d2af4128daa99f23eec8a5e105636d0b04136f8be580fdc39d6f1f97d,legal_ring
02_latency_throughput,lat_bf16_m128n256k16_legal_ring_in0_q24,1,,NVIDIA Thor,11.0,580.00,13.0,PTX ISA 9.3 / CUDA 13.0,1575.000,,,,bf16,128,256,16,24,21,41,2,discard,same,2,2,24,1,nocount,sw128,sw128,16,16,16,0,512,0,256,none,0,none,0,4,20,457060.0,290.1968253968254,,,,,12288,,36.422335308274626,,,0,0.0,1,bf14b28d2af4128daa99f23eec8a5e105636d0b04136f8be580fdc39d6f1f97d,legal_ring
02_latency_throughput,lat_bf16_m128n256k16_legal_ring_in0_q24,1,,NVIDIA Thor,11.0,580.00,13.0,PTX ISA 9.3 / CUDA 13.0,1575.000,,,,bf16,128,256,16,24,21,41,3,discard,same,2,2,24,1,nocount,sw128,sw128,16,16,16,0,512,0,256,none,0,none,0,4,20,457064.0,290.19936507936507,,,,,12288,,36.42201655785623,,,0,0.0,1,bf14b28d2af4128daa99f23eec8a5e105636d0b04136f8be580fdc39d6f1f97d,legal_ring
02_latency_throughput,lat_bf16_m128n256k16_legal_ring_in0_q24,1,,NVIDIA Thor,11.0,580.00,13.0,PTX ISA 9.3 / CUDA 13.0,1575.000,,,,bf16,128,256,16,24,21,41,4,discard,same,2,2,24,1,nocount,sw128,sw128,16,16,16,0,512,0,256,none,0,none,0,4,20,457061.0,290.1974603174603,,,,,12288,,36.422255620146984,,,0,0.0,1,bf14b28d2af4128daa99f23eec8a5e105636d0b04136f8be580fdc39d6f1f97d,legal_ring
02_latency_throughput,lat_bf16_m128n64k16_same_d_in1_q6,1,,NVIDIA Thor,11.0,580.00,13.0,PTX ISA 9.3 / CUDA 13.0,1575.000,,,,bf16,128,64,16,6,85,42,0,discard,same,1,1,6,1,nocount,sw128,sw128,16,16,16,0,512,0,0,none,1,none,0,4,20,450694.0,286.15492063492064,,,,,6144,,9.344130074951076,,,0,0.0,1,bf14b28d2af4128daa99f23eec8a5e105636d0b04136f8be580fdc39d6f1f97d,same_d; UTCHMMA=21;UTCHMMA_WS=16;UTCBAR=1;UTCATOMSWS=3;SYNCS_TRYWAIT=8;LDS=21;LDG=9;ptx_tcgen05_mma=21;ptx_tcgen05_mma_ws=16;ptx_tcgen05_commit=1;ptx_tcgen05_alloc=1;ptx_tcgen05_dealloc=1;ptx_tcgen05_ld=5;ptx_tcgen05_st=5;ptx_mbarrier_wait=5;ptx_cp_async_tma=2;ptx_ld_shared=26;ptx_ld_global=7
02_latency_throughput,lat_bf16_m128n64k16_same_d_in1_q6,1,,NVIDIA Thor,11.0,580.00,13.0,PTX ISA 9.3 / CUDA 13.0,1575.000,,,,bf16,128,64,16,6,85,42,1,discard,same,1,1,6,1,nocount,sw128,sw128,16,16,16,0,512,0,0,none,1,none,0,4,20,450694.0,286.15492063492064,,,,,6144,,9.344130074951076,,,0,0.0,1,bf14b28d2af4128daa99f23eec8a5e105636d0b04136f8be580fdc39d6f1f97d,same_d
02_latency_throughput,lat_bf16_m128n64k16_same_d_in1_q6,1,,NVIDIA Thor,11.0,580.00,13.0,PTX ISA 9.3 / CUDA 13.0,1575.000,,,,bf16,128,64,16,6,85,42,2,discard,same,1,1,6,1,nocount,sw128,sw128,16,16,16,0,512,0,0,none,1,none,0,4,20,450690.0,286.15238095238095,,,,,6144,,9.344213006723026,,,0,0.0,1,bf14b28d2af4128daa99f23eec8a5e105636d0b04136f8be580fdc39d6f1f97d,same_d
02_latency_throughput,lat_bf16_m128n64k16_same_d_in1_q6,1,,NVIDIA Thor,11.0,580.00,13.0,PTX ISA 9.3 / CUDA 13.0,1575.000,,,,bf16,128,64,16,6,85,42,3,discard,same,1,1,6,1,nocount,sw128,sw128,16,16,16,0,512,0,0,none,1,none,0,4,20,450697.0,286.1568253968254,,,,,6144,,9.344067877088154,,,0,0.0,1,bf14b28d2af4128daa99f23eec8a5e105636d0b04136f8be580fdc39d6f1f97d,same_d
02_latency_throughput,lat_bf16_m128n64k16_same_d_in1_q6,1,,NVIDIA Thor,11.0,580.00,13.0,PTX ISA 9.3 / CUDA 13.0,1575.000,,,,bf16,128,64,16,6,85,42,4,discard,same,1,1,6,1,nocount,sw128,sw128,16,16,16,0,512,0,0,none,1,none,0,4,20,450697.0,286.1568253968254,,,,,6144,,9.344067877088154,,,0,0.0,1,bf14b28d2af4128daa99f23eec8a5e105636d0b04136f8be580fdc39d6f1f97d,same_d
02_latency_throughput,lat_bf16_m128n128k16_legal_ring_in0_q64,1,,NVIDIA Thor,11.0,580.00,13.0,PTX ISA 9.3 / CUDA 13.0,1575.000,,,,bf16,128,128,16,64,8,43,0,discard,same,4,4,64,1,nocount,sw128,sw128,16,16,16,0,512,0,128,none,0,none,0,4,20,453983.0,288.2431746031746,,,,,8192,,18.625624448492562,,,0,0.0,1,bf14b28d2af4128daa99f23eec8a5e105636d0b04136f8be580fdc39d6f1f97d,legal_ring; UTCHMMA=21;UTCHMMA_WS=16;UTCBAR=1;UTCATOMSWS=3;SYNCS_TRYWAIT=8;LDS=21;LDG=9;ptx_tcgen05_mma=21;ptx_tcgen05_mma_ws=16;ptx_tcgen05_commit=1;ptx_tcgen05_alloc=1;ptx_tcgen05_dealloc=1;ptx_tcgen05_ld=5;ptx_tcgen05_st=5;ptx_mbarrier_wait=5;ptx_cp_async_tma=2;ptx_ld_shared=26;ptx_ld_global=7
02_latency_throughput,lat_bf16_m128n128k16_legal_ring_in0_q64,1,,NVIDIA Thor,11.0,580.00,13.0,PTX ISA 9.3 / CUDA 13.0,1575.000,,,,bf16,128,128,16,64,8,43,1,discard,same,4,4,64,1,nocount,sw128,sw128,16,16,16,0,512,0,128,none,0,none,0,4,20,453983.0,288.2431746031746,,,,,8192,,18.625624448492562,,,0,0.0,1,bf14b28d2af4128daa99f23eec8a5e105636d0b04136f8be580fdc39d6f1f97d,legal_ring
02_latency_throughput,lat_bf16_m128n128k16_legal_ring_in0_q64,1,,NVIDIA Thor,11.0,580.00,13.0,PTX ISA 9.3 / CUDA 13.0,1575.000,,,,bf16,128,128,16,64,8,43,2,discard,same,4,4,64,1,nocount,sw128,sw128,16,16,16,0,512,0,128,none,0,none,0,4,20,453983.0,288.2431746031746,,,,,8192,,18.625624448492562,,,0,0.0,1,bf14b28d2af4128daa99f23eec8a5e105636d0b04136f8be580fdc39d6f1f97d,legal_ring
02_latency_throughput,lat_bf16_m128n128k16_legal_ring_in0_q64,1,,NVIDIA Thor,11.0,580.00,13.0,PTX ISA 9.3 / CUDA 13.0,1575.000,,,,bf16,128,128,16,64,8,43,3,discard,same,4,4,64,1,nocount,sw128,sw128,16,16,16,0,512,0,128,none,0,none,0,4,20,453976.0,288.23873015873016,,,,,8192,,18.625911642906235,,,0,0.0,1,bf14b28d2af4128daa99f23eec8a5e105636d0b04136f8be580fdc39d6f1f97d,legal_ring
02_latency_throughput,lat_bf16_m128n128k16_legal_ring_in0_q64,1,,NVIDIA Thor,11.0,580.00,13.0,PTX ISA 9.3 / CUDA 13.0,1575.000,,,,bf16,128,128,16,64,8,43,4,discard,same,4,4,64,1,nocount,sw128,sw128,16,16,16,0,512,0,128,none,0,none,0,4,20,453982.0,288.2425396825397,,,,,8192,,18.625665475723707,,,0,0.0,1,bf14b28d2af4128daa99f23eec8a5e105636d0b04136f8be580fdc39d6f1f97d,legal_ring
02_latency_throughput,lat_fp16_m128n256k16_same_d_in1_q32,1,,NVIDIA Thor,11.0,580.00,13.0,PTX ISA 9.3 / CUDA 13.0,1575.000,,,,fp16,128,256,16,32,16,44,0,discard,same,1,1,32,1,nocount,sw128,sw128,16,16,16,0,512,0,0,none,1,none,0,4,20,398028.0,252.7161904761905,,,,,12288,,42.48805040851398,,,0,0.0,1,bf14b28d2af4128daa99f23eec8a5e105636d0b04136f8be580fdc39d6f1f97d,same_d; UTCHMMA=21;UTCHMMA_WS=16;UTCBAR=1;UTCATOMSWS=3;SYNCS_TRYWAIT=8;LDS=21;LDG=9;ptx_tcgen05_mma=21;ptx_tcgen05_mma_ws=16;ptx_tcgen05_commit=1;ptx_tcgen05_alloc=1;ptx_tcgen05_dealloc=1;ptx_tcgen05_ld=5;ptx_tcgen05_st=5;ptx_mbarrier_wait=5;ptx_cp_async_tma=2;ptx_ld_shared=26;ptx_ld_global=7
02_latency_throughput,lat_fp16_m128n256k16_same_d_in1_q32,1,,NVIDIA Thor,11.0,580.00,13.0,PTX ISA 9.3 / CUDA 13.0,1575.000,,,,fp16,128,256,16,32,16,44,1,discard,same,1,1,32,1,nocount,sw128,sw128,16,16,16,0,512,0,0,none,1,none,0,4,20,398011.0,252.7053968253968,,,,,12288,,42.48986517458061,,,0,0.0,1,bf14b28d2af4128daa99f23eec8a5e105636d0b04136f8be580fdc39d6f1f97d,same_d
02_latency_throughput,lat_fp16_m128n256k16_same_d_in1_q32,1,,NVIDIA Thor,11.0,580.00,13.0,PTX ISA 9.3 / CUDA 13.0,1575.000,,,,fp16,128,256,16,32,16,44,2,discard,same,1,1,32,1,nocount,sw128,sw128,16,16,16,0,512,0,0,none,1,none,0,4,20,398006.0,252.70222222222222,,,,,12288,,42.490398958809664,,,0,0.0,1,bf14b28d2af4128daa99f23eec8a5e105636d0b04136f8be580fdc39d6f1f97d,same_d
02_latency_throughput,lat_fp16_m128n256k16_same_d_in1_q32,1,,NVIDIA Thor,11.0,580.00,13.0,PTX ISA 9.3 / CUDA 13.0,1575.000,,,,fp16,128,256,16,32,16,44,3,discard,same,1,1,32,1,nocount,sw128,sw128,16,16,16,0,512,0,0,none,1,none,0,4,20,398015.0,252.7079365079365,,,,,12288,,42.48943815685339,,,0,0.0,1,bf14b28d2af4128daa99f23eec8a5e105636d0b04136f8be580fdc39d6f1f97d,same_d
02_latency_throughput,lat_fp16_m128n256k16_same_d_in1_q32,1,,NVIDIA Thor,11.0,580.00,13.0,PTX ISA 9.3 / CUDA 13.0,1575.000,,,,fp16,128,256,16,32,16,44,4,discard,same,1,1,32,1,nocount,sw128,sw128,16,16,16,0,512,0,0,none,1,none,0,4,20,398007.0,252.7028571428571,,,,,12288,,42.49029220089095,,,0,0.0,1,bf14b28d2af4128daa99f23eec8a5e105636d0b04136f8be580fdc39d6f1f97d,same_d
02_latency_throughput,lat_bf16_m128n64k16_legal_ring_in1_q32,1,,NVIDIA Thor,11.0,580.00,13.0,PTX ISA 9.3 / CUDA 13.0,1575.000,,,,bf16,128,64,16,32,16,45,0,discard,same,8,8,32,1,nocount,sw128,sw128,16,16,16,0,512,0,64,none,1,none,0,4,20,460150.0,292.1587301587302,,,,,6144,,9.188000504183417,,,0,0.0,1,bf14b28d2af4128daa99f23eec8a5e105636d0b04136f8be580fdc39d6f1f97d,legal_ring; UTCHMMA=21;UTCHMMA_WS=16;UTCBAR=1;UTCATOMSWS=3;SYNCS_TRYWAIT=8;LDS=21;LDG=9;ptx_tcgen05_mma=21;ptx_tcgen05_mma_ws=16;ptx_tcgen05_commit=1;ptx_tcgen05_alloc=1;ptx_tcgen05_dealloc=1;ptx_tcgen05_ld=5;ptx_tcgen05_st=5;ptx_mbarrier_wait=5;ptx_cp_async_tma=2;ptx_ld_shared=26;ptx_ld_global=7
02_latency_throughput,lat_bf16_m128n64k16_legal_ring_in1_q32,1,,NVIDIA Thor,11.0,580.00,13.0,PTX ISA 9.3 / CUDA 13.0,1575.000,,,,bf16,128,64,16,32,16,45,1,discard,same,8,8,32,1,nocount,sw128,sw128,16,16,16,0,512,0,64,none,1,none,0,4,20,460158.0,292.16380952380956,,,,,6144,,9.187840767736299,,,0,0.0,1,bf14b28d2af4128daa99f23eec8a5e105636d0b04136f8be580fdc39d6f1f97d,legal_ring
02_latency_throughput,lat_bf16_m128n64k16_legal_ring_in1_q32,1,,NVIDIA Thor,11.0,580.00,13.0,PTX ISA 9.3 / CUDA 13.0,1575.000,,,,bf16,128,64,16,32,16,45,2,discard,same,8,8,32,1,nocount,sw128,sw128,16,16,16,0,512,0,64,none,1,none,0,4,20,460150.0,292.1587301587302,,,,,6144,,9.188000504183417,,,0,0.0,1,bf14b28d2af4128daa99f23eec8a5e105636d0b04136f8be580fdc39d6f1f97d,legal_ring
02_latency_throughput,lat_bf16_m128n64k16_legal_ring_in1_q32,1,,NVIDIA Thor,11.0,580.00,13.0,PTX ISA 9.3 / CUDA 13.0,1575.000,,,,bf16,128,64,16,32,16,45,3,discard,same,8,8,32,1,nocount,sw128,sw128,16,16,16,0,512,0,64,none,1,none,0,4,20,460148.0,292.15746031746033,,,,,6144,,9.18804043916305,,,0,0.0,1,bf14b28d2af4128daa99f23eec8a5e105636d0b04136f8be580fdc39d6f1f97d,legal_ring
02_latency_throughput,lat_bf16_m128n64k16_legal_ring_in1_q32,1,,NVIDIA Thor,11.0,580.00,13.0,PTX ISA 9.3 / CUDA 13.0,1575.000,,,,bf16,128,64,16,32,16,45,4,discard,same,8,8,32,1,nocount,sw128,sw128,16,16,16,0,512,0,64,none,1,none,0,4,20,460154.0,292.16126984126987,,,,,6144,,9.187920635265584,,,0,0.0,1,bf14b28d2af4128daa99f23eec8a5e105636d0b04136f8be580fdc39d6f1f97d,legal_ring
02_latency_throughput,lat_fp16_m128n64k16_same_d_in0_q4,1,,NVIDIA Thor,11.0,580.00,13.0,PTX ISA 9.3 / CUDA 13.0,1575.000,,,,fp16,128,64,16,4,128,46,0,discard,same,1,1,4,1,nocount,sw128,sw128,16,16,16,0,512,0,0,none,0,none,0,4,20,485755.0,308.415873015873,,,,,6144,,8.703684845240915,,,0,0.0,1,bf14b28d2af4128daa99f23eec8a5e105636d0b04136f8be580fdc39d6f1f97d,same_d; UTCHMMA=21;UTCHMMA_WS=16;UTCBAR=1;UTCATOMSWS=3;SYNCS_TRYWAIT=8;LDS=21;LDG=9;ptx_tcgen05_mma=21;ptx_tcgen05_mma_ws=16;ptx_tcgen05_commit=1;ptx_tcgen05_alloc=1;ptx_tcgen05_dealloc=1;ptx_tcgen05_ld=5;ptx_tcgen05_st=5;ptx_mbarrier_wait=5;ptx_cp_async_tma=2;ptx_ld_shared=26;ptx_ld_global=7
02_latency_throughput,lat_fp16_m128n64k16_same_d_in0_q4,1,,NVIDIA Thor,11.0,580.00,13.0,PTX ISA 9.3 / CUDA 13.0,1575.000,,,,fp16,128,64,16,4,128,46,1,discard,same,1,1,4,1,nocount,sw128,sw128,16,16,16,0,512,0,0,none,0,none,0,4,20,485749.0,308.4120634920635,,,,,6144,,8.703792353664136,,,0,0.0,1,bf14b28d2af4128daa99f23eec8a5e105636d0b04136f8be580fdc39d6f1f97d,same_d
02_latency_throughput,lat_fp16_m128n64k16_same_d_in0_q4,1,,NVIDIA Thor,11.0,580.00,13.0,PTX ISA 9.3 / CUDA 13.0,1575.000,,,,fp16,128,64,16,4,128,46,2,discard,same,1,1,4,1,nocount,sw128,sw128,16,16,16,0,512,0,0,none,0,none,0,4,20,485743.0,308.408253968254,,,,,6144,,8.70389986474329,,,0,0.0,1,bf14b28d2af4128daa99f23eec8a5e105636d0b04136f8be580fdc39d6f1f97d,same_d
02_latency_throughput,lat_fp16_m128n64k16_same_d_in0_q4,1,,NVIDIA Thor,11.0,580.00,13.0,PTX ISA 9.3 / CUDA 13.0,1575.000,,,,fp16,128,64,16,4,128,46,3,discard,same,1,1,4,1,nocount,sw128,sw128,16,16,16,0,512,0,0,none,0,none,0,4,20,485748.0,308.4114285714286,,,,,6144,,8.703810271992884,,,0,0.0,1,bf14b28d2af4128daa99f23eec8a5e105636d0b04136f8be580fdc39d6f1f97d,same_d
02_latency_throughput,lat_fp16_m128n64k16_same_d_in0_q4,1,,NVIDIA Thor,11.0,580.00,13.0,PTX ISA 9.3 / CUDA 13.0,1575.000,,,,fp16,128,64,16,4,128,46,4,discard,same,1,1,4,1,nocount,sw128,sw128,16,16,16,0,512,0,0,none,0,none,0,4,20,485747.0,308.41079365079366,,,,,6144,,8.703828190395413,,,0,0.0,1,bf14b28d2af4128daa99f23eec8a5e105636d0b04136f8be580fdc39d6f1f97d,same_d
02_latency_throughput,lat_fp16_m128n128k16_same_d_in0_q8,1,,NVIDIA Thor,11.0,580.00,13.0,PTX ISA 9.3 / CUDA 13.0,1575.000,,,,fp16,128,128,16,8,64,47,0,discard,same,1,1,8,1,nocount,sw128,sw128,16,16,16,0,512,0,0,none,0,none,0,4,20,435689.0,276.6279365079365,,,,,8192,,19.407689576739372,,,0,0.0,1,bf14b28d2af4128daa99f23eec8a5e105636d0b04136f8be580fdc39d6f1f97d,same_d; UTCHMMA=21;UTCHMMA_WS=16;UTCBAR=1;UTCATOMSWS=3;SYNCS_TRYWAIT=8;LDS=21;LDG=9;ptx_tcgen05_mma=21;ptx_tcgen05_mma_ws=16;ptx_tcgen05_commit=1;ptx_tcgen05_alloc=1;ptx_tcgen05_dealloc=1;ptx_tcgen05_ld=5;ptx_tcgen05_st=5;ptx_mbarrier_wait=5;ptx_cp_async_tma=2;ptx_ld_shared=26;ptx_ld_global=7
02_latency_throughput,lat_fp16_m128n128k16_same_d_in0_q8,1,,NVIDIA Thor,11.0,580.00,13.0,PTX ISA 9.3 / CUDA 13.0,1575.000,,,,fp16,128,128,16,8,64,47,1,discard,same,1,1,8,1,nocount,sw128,sw128,16,16,16,0,512,0,0,none,0,none,0,4,20,435691.0,276.62920634920636,,,,,8192,,19.407600487501462,,,0,0.0,1,bf14b28d2af4128daa99f23eec8a5e105636d0b04136f8be580fdc39d6f1f97d,same_d
02_latency_throughput,lat_fp16_m128n128k16_same_d_in0_q8,1,,NVIDIA Thor,11.0,580.00,13.0,PTX ISA 9.3 / CUDA 13.0,1575.000,,,,fp16,128,128,16,8,64,47,2,discard,same,1,1,8,1,nocount,sw128,sw128,16,16,16,0,512,0,0,none,0,none,0,4,20,435691.0,276.62920634920636,,,,,8192,,19.407600487501462,,,0,0.0,1,bf14b28d2af4128daa99f23eec8a5e105636d0b04136f8be580fdc39d6f1f97d,same_d
02_latency_throughput,lat_fp16_m128n128k16_same_d_in0_q8,1,,NVIDIA Thor,11.0,580.00,13.0,PTX ISA 9.3 / CUDA 13.0,1575.000,,,,fp16,128,128,16,8,64,47,3,discard,same,1,1,8,1,nocount,sw128,sw128,16,16,16,0,512,0,0,none,0,none,0,4,20,435698.0,276.63365079365076,,,,,8192,,19.407288681609742,,,0,0.0,1,bf14b28d2af4128daa99f23eec8a5e105636d0b04136f8be580fdc39d6f1f97d,same_d
02_latency_throughput,lat_fp16_m128n128k16_same_d_in0_q8,1,,NVIDIA Thor,11.0,580.00,13.0,PTX ISA 9.3 / CUDA 13.0,1575.000,,,,fp16,128,128,16,8,64,47,4,discard,same,1,1,8,1,nocount,sw128,sw128,16,16,16,0,512,0,0,none,0,none,0,4,20,435698.0,276.63365079365076,,,,,8192,,19.407288681609742,,,0,0.0,1,bf14b28d2af4128daa99f23eec8a5e105636d0b04136f8be580fdc39d6f1f97d,same_d
02_latency_throughput,lat_bf16_m128n128k16_same_d_in0_q12,1,,NVIDIA Thor,11.0,580.00,13.0,PTX ISA 9.3 / CUDA 13.0,1575.000,,,,bf16,128,128,16,12,42,48,0,discard,same,1,1,12,1,nocount,sw128,sw128,16,16,16,0,512,0,0,none,0,none,0,4,20,412500.0,261.9047619047619,,,,,8192,,20.178415243636362,,,0,0.0,1,bf14b28d2af4128daa99f23eec8a5e105636d0b04136f8be580fdc39d6f1f97d,same_d; UTCHMMA=21;UTCHMMA_WS=16;UTCBAR=1;UTCATOMSWS=3;SYNCS_TRYWAIT=8;LDS=21;LDG=9;ptx_tcgen05_mma=21;ptx_tcgen05_mma_ws=16;ptx_tcgen05_commit=1;ptx_tcgen05_alloc=1;ptx_tcgen05_dealloc=1;ptx_tcgen05_ld=5;ptx_tcgen05_st=5;ptx_mbarrier_wait=5;ptx_cp_async_tma=2;ptx_ld_shared=26;ptx_ld_global=7
02_latency_throughput,lat_bf16_m128n128k16_same_d_in0_q12,1,,NVIDIA Thor,11.0,580.00,13.0,PTX ISA 9.3 / CUDA 13.0,1575.000,,,,bf16,128,128,16,12,42,48,1,discard,same,1,1,12,1,nocount,sw128,sw128,16,16,16,0,512,0,0,none,0,none,0,4,20,412503.0,261.90666666666664,,,,,8192,,20.17826849259278,,,0,0.0,1,bf14b28d2af4128daa99f23eec8a5e105636d0b04136f8be580fdc39d6f1f97d,same_d
02_latency_throughput,lat_bf16_m128n128k16_same_d_in0_q12,1,,NVIDIA Thor,11.0,580.00,13.0,PTX ISA 9.3 / CUDA 13.0,1575.000,,,,bf16,128,128,16,12,42,48,2,discard,same,1,1,12,1,nocount,sw128,sw128,16,16,16,0,512,0,0,none,0,none,0,4,20,412503.0,261.90666666666664,,,,,8192,,20.17826849259278,,,0,0.0,1,bf14b28d2af4128daa99f23eec8a5e105636d0b04136f8be580fdc39d6f1f97d,same_d
02_latency_throughput,lat_bf16_m128n128k16_same_d_in0_q12,1,,NVIDIA Thor,11.0,580.00,13.0,PTX ISA 9.3 / CUDA 13.0,1575.000,,,,bf16,128,128,16,12,42,48,3,discard,same,1,1,12,1,nocount,sw128,sw128,16,16,16,0,512,0,0,none,0,none,0,4,20,412503.0,261.90666666666664,,,,,8192,,20.17826849259278,,,0,0.0,1,bf14b28d2af4128daa99f23eec8a5e105636d0b04136f8be580fdc39d6f1f97d,same_d
02_latency_throughput,lat_bf16_m128n128k16_same_d_in0_q12,1,,NVIDIA Thor,11.0,580.00,13.0,PTX ISA 9.3 / CUDA 13.0,1575.000,,,,bf16,128,128,16,12,42,48,4,discard,same,1,1,12,1,nocount,sw128,sw128,16,16,16,0,512,0,0,none,0,none,0,4,20,412503.0,261.90666666666664,,,,,8192,,20.17826849259278,,,0,0.0,1,bf14b28d2af4128daa99f23eec8a5e105636d0b04136f8be580fdc39d6f1f97d,same_d
02_latency_throughput,lat_fp16_m128n128k16_same_d_in1_q64,1,,NVIDIA Thor,11.0,580.00,13.0,PTX ISA 9.3 / CUDA 13.0,1575.000,,,,fp16,128,128,16,64,8,49,0,discard,same,1,1,64,1,nocount,sw128,sw128,16,16,16,0,512,0,0,none,1,none,0,4,20,391573.0,248.61777777777775,,,,,8192,,21.594228570407054,,,0,0.0,1,bf14b28d2af4128daa99f23eec8a5e105636d0b04136f8be580fdc39d6f1f97d,same_d; UTCHMMA=21;UTCHMMA_WS=16;UTCBAR=1;UTCATOMSWS=3;SYNCS_TRYWAIT=8;LDS=21;LDG=9;ptx_tcgen05_mma=21;ptx_tcgen05_mma_ws=16;ptx_tcgen05_commit=1;ptx_tcgen05_alloc=1;ptx_tcgen05_dealloc=1;ptx_tcgen05_ld=5;ptx_tcgen05_st=5;ptx_mbarrier_wait=5;ptx_cp_async_tma=2;ptx_ld_shared=26;ptx_ld_global=7
02_latency_throughput,lat_fp16_m128n128k16_same_d_in1_q64,1,,NVIDIA Thor,11.0,580.00,13.0,PTX ISA 9.3 / CUDA 13.0,1575.000,,,,fp16,128,128,16,64,8,49,1,discard,same,1,1,64,1,nocount,sw128,sw128,16,16,16,0,512,0,0,none,1,none,0,4,20,391585.0,248.6253968253968,,,,,8192,,21.59356682201821,,,0,0.0,1,bf14b28d2af4128daa99f23eec8a5e105636d0b04136f8be580fdc39d6f1f97d,same_d
02_latency_throughput,lat_fp16_m128n128k16_same_d_in1_q64,1,,NVIDIA Thor,11.0,580.00,13.0,PTX ISA 9.3 / CUDA 13.0,1575.000,,,,fp16,128,128,16,64,8,49,2,discard,same,1,1,64,1,nocount,sw128,sw128,16,16,16,0,512,0,0,none,1,none,0,4,20,391575.0,248.6190476190476,,,,,8192,,21.5941182761923,,,0,0.0,1,bf14b28d2af4128daa99f23eec8a5e105636d0b04136f8be580fdc39d6f1f97d,same_d
02_latency_throughput,lat_fp16_m128n128k16_same_d_in1_q64,1,,NVIDIA Thor,11.0,580.00,13.0,PTX ISA 9.3 / CUDA 13.0,1575.000,,,,fp16,128,128,16,64,8,49,3,discard,same,1,1,64,1,nocount,sw128,sw128,16,16,16,0,512,0,0,none,1,none,0,4,20,391574.0,248.6184126984127,,,,,8192,,21.59417342315884,,,0,0.0,1,bf14b28d2af4128daa99f23eec8a5e105636d0b04136f8be580fdc39d6f1f97d,same_d
02_latency_throughput,lat_fp16_m128n128k16_same_d_in1_q64,1,,NVIDIA Thor,11.0,580.00,13.0,PTX ISA 9.3 / CUDA 13.0,1575.000,,,,fp16,128,128,16,64,8,49,4,discard,same,1,1,64,1,nocount,sw128,sw128,16,16,16,0,512,0,0,none,1,none,0,4,20,391580.0,248.62222222222223,,,,,8192,,21.593842545584554,,,0,0.0,1,bf14b28d2af4128daa99f23eec8a5e105636d0b04136f8be580fdc39d6f1f97d,same_d
02_latency_throughput,lat_bf16_m128n256k16_same_d_in0_q8,1,,NVIDIA Thor,11.0,580.00,13.0,PTX ISA 9.3 / CUDA 13.0,1575.000,,,,bf16,128,256,16,8,64,50,0,discard,same,1,1,8,1,nocount,sw128,sw128,16,16,16,0,512,0,0,none,0,none,0,4,20,435694.0,276.63111111111107,,,,,12288,,38.81493371035635,,,0,0.0,1,bf14b28d2af4128daa99f23eec8a5e105636d0b04136f8be580fdc39d6f1f97d,same_d; UTCHMMA=21;UTCHMMA_WS=16;UTCBAR=1;UTCATOMSWS=3;SYNCS_TRYWAIT=8;LDS=21;LDG=9;ptx_tcgen05_mma=21;ptx_tcgen05_mma_ws=16;ptx_tcgen05_commit=1;ptx_tcgen05_alloc=1;ptx_tcgen05_dealloc=1;ptx_tcgen05_ld=5;ptx_tcgen05_st=5;ptx_mbarrier_wait=5;ptx_cp_async_tma=2;ptx_ld_shared=26;ptx_ld_global=7
02_latency_throughput,lat_bf16_m128n256k16_same_d_in0_q8,1,,NVIDIA Thor,11.0,580.00,13.0,PTX ISA 9.3 / CUDA 13.0,1575.000,,,,bf16,128,256,16,8,64,50,1,discard,same,1,1,8,1,nocount,sw128,sw128,16,16,16,0,512,0,0,none,0,none,0,4,20,435696.0,276.6323809523809,,,,,12288,,38.814755535970036,,,0,0.0,1,bf14b28d2af4128daa99f23eec8a5e105636d0b04136f8be580fdc39d6f1f97d,same_d
02_latency_throughput,lat_bf16_m128n256k16_same_d_in0_q8,1,,NVIDIA Thor,11.0,580.00,13.0,PTX ISA 9.3 / CUDA 13.0,1575.000,,,,bf16,128,256,16,8,64,50,2,discard,same,1,1,8,1,nocount,sw128,sw128,16,16,16,0,512,0,0,none,0,none,0,4,20,435699.0,276.63428571428574,,,,,12288,,38.8144882774576,,,0,0.0,1,bf14b28d2af4128daa99f23eec8a5e105636d0b04136f8be580fdc39d6f1f97d,same_d
02_latency_throughput,lat_bf16_m128n256k16_same_d_in0_q8,1,,NVIDIA Thor,11.0,580.00,13.0,PTX ISA 9.3 / CUDA 13.0,1575.000,,,,bf16,128,256,16,8,64,50,3,discard,same,1,1,8,1,nocount,sw128,sw128,16,16,16,0,512,0,0,none,0,none,0,4,20,435703.0,276.63682539682543,,,,,12288,,38.81413193849939,,,0,0.0,1,bf14b28d2af4128daa99f23eec8a5e105636d0b04136f8be580fdc39d6f1f97d,same_d
02_latency_throughput,lat_bf16_m128n256k16_same_d_in0_q8,1,,NVIDIA Thor,11.0,580.00,13.0,PTX ISA 9.3 / CUDA 13.0,1575.000,,,,bf16,128,256,16,8,64,50,4,discard,same,1,1,8,1,nocount,sw128,sw128,16,16,16,0,512,0,0,none,0,none,0,4,20,435697.0,276.6330158730159,,,,,12288,,38.81466644939029,,,0,0.0,1,bf14b28d2af4128daa99f23eec8a5e105636d0b04136f8be580fdc39d6f1f97d,same_d
02_latency_throughput,lat_fp16_m128n128k16_same_d_in0_q2,1,,NVIDIA Thor,11.0,580.00,13.0,PTX ISA 9.3 / CUDA 13.0,1575.000,,,,fp16,128,128,16,2,256,51,0,discard,same,1,1,2,1,nocount,sw128,sw128,16,16,16,0,512,0,0,none,0,none,0,4,20,586097.0,372.12507936507933,,,,,8192,,14.427162848470477,,,0,0.0,1,bf14b28d2af4128daa99f23eec8a5e105636d0b04136f8be580fdc39d6f1f97d,same_d; UTCHMMA=21;UTCHMMA_WS=16;UTCBAR=1;UTCATOMSWS=3;SYNCS_TRYWAIT=8;LDS=21;LDG=9;ptx_tcgen05_mma=21;ptx_tcgen05_mma_ws=16;ptx_tcgen05_commit=1;ptx_tcgen05_alloc=1;ptx_tcgen05_dealloc=1;ptx_tcgen05_ld=5;ptx_tcgen05_st=5;ptx_mbarrier_wait=5;ptx_cp_async_tma=2;ptx_ld_shared=26;ptx_ld_global=7
02_latency_throughput,lat_fp16_m128n128k16_same_d_in0_q2,1,,NVIDIA Thor,11.0,580.00,13.0,PTX ISA 9.3 / CUDA 13.0,1575.000,,,,fp16,128,128,16,2,256,51,1,discard,same,1,1,2,1,nocount,sw128,sw128,16,16,16,0,512,0,0,none,0,none,0,4,20,586092.0,372.1219047619048,,,,,8192,,14.427285927806555,,,0,0.0,1,bf14b28d2af4128daa99f23eec8a5e105636d0b04136f8be580fdc39d6f1f97d,same_d
02_latency_throughput,lat_fp16_m128n128k16_same_d_in0_q2,1,,NVIDIA Thor,11.0,580.00,13.0,PTX ISA 9.3 / CUDA 13.0,1575.000,,,,fp16,128,128,16,2,256,51,2,discard,same,1,1,2,1,nocount,sw128,sw128,16,16,16,0,512,0,0,none,0,none,0,4,20,586095.0,372.1238095238095,,,,,8192,,14.42721207995291,,,0,0.0,1,bf14b28d2af4128daa99f23eec8a5e105636d0b04136f8be580fdc39d6f1f97d,same_d
02_latency_throughput,lat_fp16_m128n128k16_same_d_in0_q2,1,,NVIDIA Thor,11.0,580.00,13.0,PTX ISA 9.3 / CUDA 13.0,1575.000,,,,fp16,128,128,16,2,256,51,3,discard,same,1,1,2,1,nocount,sw128,sw128,16,16,16,0,512,0,0,none,0,none,0,4,20,586095.0,372.1238095238095,,,,,8192,,14.42721207995291,,,0,0.0,1,bf14b28d2af4128daa99f23eec8a5e105636d0b04136f8be580fdc39d6f1f97d,same_d
02_latency_throughput,lat_fp16_m128n128k16_same_d_in0_q2,1,,NVIDIA Thor,11.0,580.00,13.0,PTX ISA 9.3 / CUDA 13.0,1575.000,,,,fp16,128,128,16,2,256,51,4,discard,same,1,1,2,1,nocount,sw128,sw128,16,16,16,0,512,0,0,none,0,none,0,4,20,586092.0,372.1219047619048,,,,,8192,,14.427285927806555,,,0,0.0,1,bf14b28d2af4128daa99f23eec8a5e105636d0b04136f8be580fdc39d6f1f97d,same_d
02_latency_throughput,lat_bf16_m128n256k16_legal_ring_in0_q32,1,,NVIDIA Thor,11.0,580.00,13.0,PTX ISA 9.3 / CUDA 13.0,1575.000,,,,bf16,128,256,16,32,16,52,0,discard,same,2,2,32,1,nocount,sw128,sw128,16,16,16,0,512,0,256,none,0,none,0,4,20,460081.0,292.1149206349206,,,,,12288,,36.75751384647486,,,0,0.0,1,bf14b28d2af4128daa99f23eec8a5e105636d0b04136f8be580fdc39d6f1f97d,legal_ring; UTCHMMA=21;UTCHMMA_WS=16;UTCBAR=1;UTCATOMSWS=3;SYNCS_TRYWAIT=8;LDS=21;LDG=9;ptx_tcgen05_mma=21;ptx_tcgen05_mma_ws=16;ptx_tcgen05_commit=1;ptx_tcgen05_alloc=1;ptx_tcgen05_dealloc=1;ptx_tcgen05_ld=5;ptx_tcgen05_st=5;ptx_mbarrier_wait=5;ptx_cp_async_tma=2;ptx_ld_shared=26;ptx_ld_global=7
02_latency_throughput,lat_bf16_m128n256k16_legal_ring_in0_q32,1,,NVIDIA Thor,11.0,580.00,13.0,PTX ISA 9.3 / CUDA 13.0,1575.000,,,,bf16,128,256,16,32,16,52,1,discard,same,2,2,32,1,nocount,sw128,sw128,16,16,16,0,512,0,256,none,0,none,0,4,20,460084.0,292.1168253968254,,,,,12288,,36.75727416732596,,,0,0.0,1,bf14b28d2af4128daa99f23eec8a5e105636d0b04136f8be580fdc39d6f1f97d,legal_ring
02_latency_throughput,lat_bf16_m128n256k16_legal_ring_in0_q32,1,,NVIDIA Thor,11.0,580.00,13.0,PTX ISA 9.3 / CUDA 13.0,1575.000,,,,bf16,128,256,16,32,16,52,2,discard,same,2,2,32,1,nocount,sw128,sw128,16,16,16,0,512,0,256,none,0,none,0,4,20,460081.0,292.1149206349206,,,,,12288,,36.75751384647486,,,0,0.0,1,bf14b28d2af4128daa99f23eec8a5e105636d0b04136f8be580fdc39d6f1f97d,legal_ring
02_latency_throughput,lat_bf16_m128n256k16_legal_ring_in0_q32,1,,NVIDIA Thor,11.0,580.00,13.0,PTX ISA 9.3 / CUDA 13.0,1575.000,,,,bf16,128,256,16,32,16,52,3,discard,same,2,2,32,1,nocount,sw128,sw128,16,16,16,0,512,0,256,none,0,none,0,4,20,460087.0,292.11873015873016,,,,,12288,,36.75703449130273,,,0,0.0,1,bf14b28d2af4128daa99f23eec8a5e105636d0b04136f8be580fdc39d6f1f97d,legal_ring
02_latency_throughput,lat_bf16_m128n256k16_legal_ring_in0_q32,1,,NVIDIA Thor,11.0,580.00,13.0,PTX ISA 9.3 / CUDA 13.0,1575.000,,,,bf16,128,256,16,32,16,52,4,discard,same,2,2,32,1,nocount,sw128,sw128,16,16,16,0,512,0,256,none,0,none,0,4,20,460090.0,292.1206349206349,,,,,12288,,36.75679481840509,,,0,0.0,1,bf14b28d2af4128daa99f23eec8a5e105636d0b04136f8be580fdc39d6f1f97d,legal_ring
02_latency_throughput,lat_bf16_m128n128k16_same_d_in0_q32,1,,NVIDIA Thor,11.0,580.00,13.0,PTX ISA 9.3 / CUDA 13.0,1575.000,,,,bf16,128,128,16,32,16,53,0,discard,same,1,1,32,1,nocount,sw128,sw128,16,16,16,0,512,0,0,none,0,none,0,4,20,397953.0,252.66857142857145,,,,,8192,,21.248028948142114,,,0,0.0,1,bf14b28d2af4128daa99f23eec8a5e105636d0b04136f8be580fdc39d6f1f97d,same_d; UTCHMMA=21;UTCHMMA_WS=16;UTCBAR=1;UTCATOMSWS=3;SYNCS_TRYWAIT=8;LDS=21;LDG=9;ptx_tcgen05_mma=21;ptx_tcgen05_mma_ws=16;ptx_tcgen05_commit=1;ptx_tcgen05_alloc=1;ptx_tcgen05_dealloc=1;ptx_tcgen05_ld=5;ptx_tcgen05_st=5;ptx_mbarrier_wait=5;ptx_cp_async_tma=2;ptx_ld_shared=26;ptx_ld_global=7
02_latency_throughput,lat_bf16_m128n128k16_same_d_in0_q32,1,,NVIDIA Thor,11.0,580.00,13.0,PTX ISA 9.3 / CUDA 13.0,1575.000,,,,bf16,128,128,16,32,16,53,1,discard,same,1,1,32,1,nocount,sw128,sw128,16,16,16,0,512,0,0,none,0,none,0,4,20,397950.0,252.66666666666666,,,,,8192,,21.2481891292876,,,0,0.0,1,bf14b28d2af4128daa99f23eec8a5e105636d0b04136f8be580fdc39d6f1f97d,same_d
02_latency_throughput,lat_bf16_m128n128k16_same_d_in0_q32,1,,NVIDIA Thor,11.0,580.00,13.0,PTX ISA 9.3 / CUDA 13.0,1575.000,,,,bf16,128,128,16,32,16,53,2,discard,same,1,1,32,1,nocount,sw128,sw128,16,16,16,0,512,0,0,none,0,none,0,4,20,397956.0,252.6704761904762,,,,,8192,,21.247868769411696,,,0,0.0,1,bf14b28d2af4128daa99f23eec8a5e105636d0b04136f8be580fdc39d6f1f97d,same_d
02_latency_throughput,lat_bf16_m128n128k16_same_d_in0_q32,1,,NVIDIA Thor,11.0,580.00,13.0,PTX ISA 9.3 / CUDA 13.0,1575.000,,,,bf16,128,128,16,32,16,53,3,discard,same,1,1,32,1,nocount,sw128,sw128,16,16,16,0,512,0,0,none,0,none,0,4,20,397950.0,252.66666666666666,,,,,8192,,21.2481891292876,,,0,0.0,1,bf14b28d2af4128daa99f23eec8a5e105636d0b04136f8be580fdc39d6f1f97d,same_d
02_latency_throughput,lat_bf16_m128n128k16_same_d_in0_q32,1,,NVIDIA Thor,11.0,580.00,13.0,PTX ISA 9.3 / CUDA 13.0,1575.000,,,,bf16,128,128,16,32,16,53,4,discard,same,1,1,32,1,nocount,sw128,sw128,16,16,16,0,512,0,0,none,0,none,0,4,20,397983.0,252.68761904761902,,,,,8192,,21.246427269506487,,,0,0.0,1,bf14b28d2af4128daa99f23eec8a5e105636d0b04136f8be580fdc39d6f1f97d,same_d
02_latency_throughput,lat_bf16_m128n128k16_legal_ring_in0_q8,1,,NVIDIA Thor,11.0,580.00,13.0,PTX ISA 9.3 / CUDA 13.0,1575.000,,,,bf16,128,128,16,8,64,54,0,discard,same,4,4,8,1,nocount,sw128,sw128,16,16,16,0,512,0,128,none,0,none,0,4,20,497527.0,315.8901587301587,,,,,8192,,16.995493438547054,,,0,0.0,1,bf14b28d2af4128daa99f23eec8a5e105636d0b04136f8be580fdc39d6f1f97d,legal_ring; UTCHMMA=21;UTCHMMA_WS=16;UTCBAR=1;UTCATOMSWS=3;SYNCS_TRYWAIT=8;LDS=21;LDG=9;ptx_tcgen05_mma=21;ptx_tcgen05_mma_ws=16;ptx_tcgen05_commit=1;ptx_tcgen05_alloc=1;ptx_tcgen05_dealloc=1;ptx_tcgen05_ld=5;ptx_tcgen05_st=5;ptx_mbarrier_wait=5;ptx_cp_async_tma=2;ptx_ld_shared=26;ptx_ld_global=7
02_latency_throughput,lat_bf16_m128n128k16_legal_ring_in0_q8,1,,NVIDIA Thor,11.0,580.00,13.0,PTX ISA 9.3 / CUDA 13.0,1575.000,,,,bf16,128,128,16,8,64,54,1,discard,same,4,4,8,1,nocount,sw128,sw128,16,16,16,0,512,0,128,none,0,none,0,4,20,497540.0,315.8984126984127,,,,,8192,,16.99504937090485,,,0,0.0,1,bf14b28d2af4128daa99f23eec8a5e105636d0b04136f8be580fdc39d6f1f97d,legal_ring
02_latency_throughput,lat_bf16_m128n128k16_legal_ring_in0_q8,1,,NVIDIA Thor,11.0,580.00,13.0,PTX ISA 9.3 / CUDA 13.0,1575.000,,,,bf16,128,128,16,8,64,54,2,discard,same,4,4,8,1,nocount,sw128,sw128,16,16,16,0,512,0,128,none,0,none,0,4,20,497532.0,315.8933333333334,,,,,8192,,16.99532264055377,,,0,0.0,1,bf14b28d2af4128daa99f23eec8a5e105636d0b04136f8be580fdc39d6f1f97d,legal_ring
02_latency_throughput,lat_bf16_m128n128k16_legal_ring_in0_q8,1,,NVIDIA Thor,11.0,580.00,13.0,PTX ISA 9.3 / CUDA 13.0,1575.000,,,,bf16,128,128,16,8,64,54,3,discard,same,4,4,8,1,nocount,sw128,sw128,16,16,16,0,512,0,128,none,0,none,0,4,20,497529.0,315.89142857142855,,,,,8192,,16.995425118937792,,,0,0.0,1,bf14b28d2af4128daa99f23eec8a5e105636d0b04136f8be580fdc39d6f1f97d,legal_ring
02_latency_throughput,lat_bf16_m128n128k16_legal_ring_in0_q8,1,,NVIDIA Thor,11.0,580.00,13.0,PTX ISA 9.3 / CUDA 13.0,1575.000,,,,bf16,128,128,16,8,64,54,4,discard,same,4,4,8,1,nocount,sw128,sw128,16,16,16,0,512,0,128,none,0,none,0,4,20,497531.0,315.8926984126984,,,,,8192,,16.995356799877797,,,0,0.0,1,bf14b28d2af4128daa99f23eec8a5e105636d0b04136f8be580fdc39d6f1f97d,legal_ring
02_latency_throughput,lat_fp16_m128n128k16_same_d_in0_q32,1,,NVIDIA Thor,11.0,580.00,13.0,PTX ISA 9.3 / CUDA 13.0,1575.000,,,,fp16,128,128,16,32,16,55,0,discard,same,1,1,32,1,nocount,sw128,sw128,16,16,16,0,512,0,0,none,0,none,0,4,20,397981.0,252.68634920634918,,,,,8192,,21.246534040569777,,,0,0.0,1,bf14b28d2af4128daa99f23eec8a5e105636d0b04136f8be580fdc39d6f1f97d,same_d; UTCHMMA=21;UTCHMMA_WS=16;UTCBAR=1;UTCATOMSWS=3;SYNCS_TRYWAIT=8;LDS=21;LDG=9;ptx_tcgen05_mma=21;ptx_tcgen05_mma_ws=16;ptx_tcgen05_commit=1;ptx_tcgen05_alloc=1;ptx_tcgen05_dealloc=1;ptx_tcgen05_ld=5;ptx_tcgen05_st=5;ptx_mbarrier_wait=5;ptx_cp_async_tma=2;ptx_ld_shared=26;ptx_ld_global=7
02_latency_throughput,lat_fp16_m128n128k16_same_d_in0_q32,1,,NVIDIA Thor,11.0,580.00,13.0,PTX ISA 9.3 / CUDA 13.0,1575.000,,,,fp16,128,128,16,32,16,55,1,discard,same,1,1,32,1,nocount,sw128,sw128,16,16,16,0,512,0,0,none,0,none,0,4,20,397949.0,252.66603174603176,,,,,8192,,21.248242523539446,,,0,0.0,1,bf14b28d2af4128daa99f23eec8a5e105636d0b04136f8be580fdc39d6f1f97d,same_d
02_latency_throughput,lat_fp16_m128n128k16_same_d_in0_q32,1,,NVIDIA Thor,11.0,580.00,13.0,PTX ISA 9.3 / CUDA 13.0,1575.000,,,,fp16,128,128,16,32,16,55,2,discard,same,1,1,32,1,nocount,sw128,sw128,16,16,16,0,512,0,0,none,0,none,0,4,20,397952.0,252.6679365079365,,,,,8192,,21.248082341588933,,,0,0.0,1,bf14b28d2af4128daa99f23eec8a5e105636d0b04136f8be580fdc39d6f1f97d,same_d
02_latency_throughput,lat_fp16_m128n128k16_same_d_in0_q32,1,,NVIDIA Thor,11.0,580.00,13.0,PTX ISA 9.3 / CUDA 13.0,1575.000,,,,fp16,128,128,16,32,16,55,3,discard,same,1,1,32,1,nocount,sw128,sw128,16,16,16,0,512,0,0,none,0,none,0,4,20,397946.0,252.664126984127,,,,,8192,,21.248402707905093,,,0,0.0,1,bf14b28d2af4128daa99f23eec8a5e105636d0b04136f8be580fdc39d6f1f97d,same_d
02_latency_throughput,lat_fp16_m128n128k16_same_d_in0_q32,1,,NVIDIA Thor,11.0,580.00,13.0,PTX ISA 9.3 / CUDA 13.0,1575.000,,,,fp16,128,128,16,32,16,55,4,discard,same,1,1,32,1,nocount,sw128,sw128,16,16,16,0,512,0,0,none,0,none,0,4,20,397950.0,252.66666666666666,,,,,8192,,21.2481891292876,,,0,0.0,1,bf14b28d2af4128daa99f23eec8a5e105636d0b04136f8be580fdc39d6f1f97d,same_d
02_latency_throughput,lat_bf16_m128n256k16_same_d_in0_q32,1,,NVIDIA Thor,11.0,580.00,13.0,PTX ISA 9.3 / CUDA 13.0,1575.000,,,,bf16,128,256,16,32,16,56,0,discard,same,1,1,32,1,nocount,sw128,sw128,16,16,16,0,512,0,0,none,0,none,0,4,20,398016.0,252.70857142857145,,,,,12288,,42.48933140376266,,,0,0.0,1,bf14b28d2af4128daa99f23eec8a5e105636d0b04136f8be580fdc39d6f1f97d,same_d; UTCHMMA=21;UTCHMMA_WS=16;UTCBAR=1;UTCATOMSWS=3;SYNCS_TRYWAIT=8;LDS=21;LDG=9;ptx_tcgen05_mma=21;ptx_tcgen05_mma_ws=16;ptx_tcgen05_commit=1;ptx_tcgen05_alloc=1;ptx_tcgen05_dealloc=1;ptx_tcgen05_ld=5;ptx_tcgen05_st=5;ptx_mbarrier_wait=5;ptx_cp_async_tma=2;ptx_ld_shared=26;ptx_ld_global=7
02_latency_throughput,lat_bf16_m128n256k16_same_d_in0_q32,1,,NVIDIA Thor,11.0,580.00,13.0,PTX ISA 9.3 / CUDA 13.0,1575.000,,,,bf16,128,256,16,32,16,56,1,discard,same,1,1,32,1,nocount,sw128,sw128,16,16,16,0,512,0,0,none,0,none,0,4,20,398008.0,252.70349206349206,,,,,12288,,42.49018544350867,,,0,0.0,1,bf14b28d2af4128daa99f23eec8a5e105636d0b04136f8be580fdc39d6f1f97d,same_d
02_latency_throughput,lat_bf16_m128n256k16_same_d_in0_q32,1,,NVIDIA Thor,11.0,580.00,13.0,PTX ISA 9.3 / CUDA 13.0,1575.000,,,,bf16,128,256,16,32,16,56,2,discard,same,1,1,32,1,nocount,sw128,sw128,16,16,16,0,512,0,0,none,0,none,0,4,20,398009.0,252.70412698412696,,,,,12288,,42.49007868666287,,,0,0.0,1,bf14b28d2af4128daa99f23eec8a5e105636d0b04136f8be580fdc39d6f1f97d,same_d
02_latency_throughput,lat_bf16_m128n256k16_same_d_in0_q32,1,,NVIDIA Thor,11.0,580.00,13.0,PTX ISA 9.3 / CUDA 13.0,1575.000,,,,bf16,128,256,16,32,16,56,3,discard,same,1,1,32,1,nocount,sw128,sw128,16,16,16,0,512,0,0,none,0,none,0,4,20,398036.0,252.72126984126984,,,,,12288,,42.487196454592045,,,0,0.0,1,bf14b28d2af4128daa99f23eec8a5e105636d0b04136f8be580fdc39d6f1f97d,same_d
02_latency_throughput,lat_bf16_m128n256k16_same_d_in0_q32,1,,NVIDIA Thor,11.0,580.00,13.0,PTX ISA 9.3 / CUDA 13.0,1575.000,,,,bf16,128,256,16,32,16,56,4,discard,same,1,1,32,1,nocount,sw128,sw128,16,16,16,0,512,0,0,none,0,none,0,4,20,398009.0,252.70412698412696,,,,,12288,,42.49007868666287,,,0,0.0,1,bf14b28d2af4128daa99f23eec8a5e105636d0b04136f8be580fdc39d6f1f97d,same_d
02_latency_throughput,lat_fp16_m128n256k16_legal_ring_in1_q2,1,,NVIDIA Thor,11.0,580.00,13.0,PTX ISA 9.3 / CUDA 13.0,1575.000,,,,fp16,128,256,16,2,256,57,0,discard,same,2,2,2,1,nocount,sw128,sw128,16,16,16,0,512,0,256,none,1,none,0,4,20,648050.0,411.46031746031747,,,,,12288,,26.0958779847234,,,0,0.0,1,bf14b28d2af4128daa99f23eec8a5e105636d0b04136f8be580fdc39d6f1f97d,legal_ring; UTCHMMA=21;UTCHMMA_WS=16;UTCBAR=1;UTCATOMSWS=3;SYNCS_TRYWAIT=8;LDS=21;LDG=9;ptx_tcgen05_mma=21;ptx_tcgen05_mma_ws=16;ptx_tcgen05_commit=1;ptx_tcgen05_alloc=1;ptx_tcgen05_dealloc=1;ptx_tcgen05_ld=5;ptx_tcgen05_st=5;ptx_mbarrier_wait=5;ptx_cp_async_tma=2;ptx_ld_shared=26;ptx_ld_global=7
02_latency_throughput,lat_fp16_m128n256k16_legal_ring_in1_q2,1,,NVIDIA Thor,11.0,580.00,13.0,PTX ISA 9.3 / CUDA 13.0,1575.000,,,,fp16,128,256,16,2,256,57,1,discard,same,2,2,2,1,nocount,sw128,sw128,16,16,16,0,512,0,256,none,1,none,0,4,20,648047.0,411.4584126984127,,,,,12288,,26.095998790211205,,,0,0.0,1,bf14b28d2af4128daa99f23eec8a5e105636d0b04136f8be580fdc39d6f1f97d,legal_ring
02_latency_throughput,lat_fp16_m128n256k16_legal_ring_in1_q2,1,,NVIDIA Thor,11.0,580.00,13.0,PTX ISA 9.3 / CUDA 13.0,1575.000,,,,fp16,128,256,16,2,256,57,2,discard,same,2,2,2,1,nocount,sw128,sw128,16,16,16,0,512,0,256,none,1,none,0,4,20,648040.0,411.45396825396824,,,,,12288,,26.096280674032464,,,0,0.0,1,bf14b28d2af4128daa99f23eec8a5e105636d0b04136f8be580fdc39d6f1f97d,legal_ring
02_latency_throughput,lat_fp16_m128n256k16_legal_ring_in1_q2,1,,NVIDIA Thor,11.0,580.00,13.0,PTX ISA 9.3 / CUDA 13.0,1575.000,,,,fp16,128,256,16,2,256,57,3,discard,same,2,2,2,1,nocount,sw128,sw128,16,16,16,0,512,0,256,none,1,none,0,4,20,648047.0,411.4584126984127,,,,,12288,,26.095998790211205,,,0,0.0,1,bf14b28d2af4128daa99f23eec8a5e105636d0b04136f8be580fdc39d6f1f97d,legal_ring
02_latency_throughput,lat_fp16_m128n256k16_legal_ring_in1_q2,1,,NVIDIA Thor,11.0,580.00,13.0,PTX ISA 9.3 / CUDA 13.0,1575.000,,,,fp16,128,256,16,2,256,57,4,discard,same,2,2,2,1,nocount,sw128,sw128,16,16,16,0,512,0,256,none,1,none,0,4,20,648045.0,411.45714285714286,,,,,12288,,26.09607932782446,,,0,0.0,1,bf14b28d2af4128daa99f23eec8a5e105636d0b04136f8be580fdc39d6f1f97d,legal_ring
02_latency_throughput,lat_bf16_m128n128k16_same_d_in1_q48,1,,NVIDIA Thor,11.0,580.00,13.0,PTX ISA 9.3 / CUDA 13.0,1575.000,,,,bf16,128,128,16,48,10,58,0,discard,same,1,1,48,1,nocount,sw128,sw128,16,16,16,0,512,0,0,none,1,none,0,4,20,369128.0,234.36698412698414,,,,,8192,,21.47557096725255,,,0,0.0,1,bf14b28d2af4128daa99f23eec8a5e105636d0b04136f8be580fdc39d6f1f97d,same_d; UTCHMMA=21;UTCHMMA_WS=16;UTCBAR=1;UTCATOMSWS=3;SYNCS_TRYWAIT=8;LDS=21;LDG=9;ptx_tcgen05_mma=21;ptx_tcgen05_mma_ws=16;ptx_tcgen05_commit=1;ptx_tcgen05_alloc=1;ptx_tcgen05_dealloc=1;ptx_tcgen05_ld=5;ptx_tcgen05_st=5;ptx_mbarrier_wait=5;ptx_cp_async_tma=2;ptx_ld_shared=26;ptx_ld_global=7
02_latency_throughput,lat_bf16_m128n128k16_same_d_in1_q48,1,,NVIDIA Thor,11.0,580.00,13.0,PTX ISA 9.3 / CUDA 13.0,1575.000,,,,bf16,128,128,16,48,10,58,1,discard,same,1,1,48,1,nocount,sw128,sw128,16,16,16,0,512,0,0,none,1,none,0,4,20,369128.0,234.36698412698414,,,,,8192,,21.47557096725255,,,0,0.0,1,bf14b28d2af4128daa99f23eec8a5e105636d0b04136f8be580fdc39d6f1f97d,same_d
02_latency_throughput,lat_bf16_m128n128k16_same_d_in1_q48,1,,NVIDIA Thor,11.0,580.00,13.0,PTX ISA 9.3 / CUDA 13.0,1575.000,,,,bf16,128,128,16,48,10,58,2,discard,same,1,1,48,1,nocount,sw128,sw128,16,16,16,0,512,0,0,none,1,none,0,4,20,369132.0,234.3695238095238,,,,,8192,,21.47533825298267,,,0,0.0,1,bf14b28d2af4128daa99f23eec8a5e105636d0b04136f8be580fdc39d6f1f97d,same_d
02_latency_throughput,lat_bf16_m128n128k16_same_d_in1_q48,1,,NVIDIA Thor,11.0,580.00,13.0,PTX ISA 9.3 / CUDA 13.0,1575.000,,,,bf16,128,128,16,48,10,58,3,discard,same,1,1,48,1,nocount,sw128,sw128,16,16,16,0,512,0,0,none,1,none,0,4,20,369130.0,234.36825396825398,,,,,8192,,21.475454609487173,,,0,0.0,1,bf14b28d2af4128daa99f23eec8a5e105636d0b04136f8be580fdc39d6f1f97d,same_d
02_latency_throughput,lat_bf16_m128n128k16_same_d_in1_q48,1,,NVIDIA Thor,11.0,580.00,13.0,PTX ISA 9.3 / CUDA 13.0,1575.000,,,,bf16,128,128,16,48,10,58,4,discard,same,1,1,48,1,nocount,sw128,sw128,16,16,16,0,512,0,0,none,1,none,0,4,20,369110.0,234.35555555555555,,,,,8192,,21.476618243883937,,,0,0.0,1,bf14b28d2af4128daa99f23eec8a5e105636d0b04136f8be580fdc39d6f1f97d,same_d
02_latency_throughput,lat_bf16_m128n128k16_legal_ring_in1_q8,1,,NVIDIA Thor,11.0,580.00,13.0,PTX ISA 9.3 / CUDA 13.0,1575.000,,,,bf16,128,128,16,8,64,59,0,discard,same,4,4,8,1,nocount,sw128,sw128,16,16,16,0,512,0,128,none,1,none,0,4,20,497532.0,315.8933333333334,,,,,8192,,16.99532264055377,,,0,0.0,1,bf14b28d2af4128daa99f23eec8a5e105636d0b04136f8be580fdc39d6f1f97d,legal_ring; UTCHMMA=21;UTCHMMA_WS=16;UTCBAR=1;UTCATOMSWS=3;SYNCS_TRYWAIT=8;LDS=21;LDG=9;ptx_tcgen05_mma=21;ptx_tcgen05_mma_ws=16;ptx_tcgen05_commit=1;ptx_tcgen05_alloc=1;ptx_tcgen05_dealloc=1;ptx_tcgen05_ld=5;ptx_tcgen05_st=5;ptx_mbarrier_wait=5;ptx_cp_async_tma=2;ptx_ld_shared=26;ptx_ld_global=7
02_latency_throughput,lat_bf16_m128n128k16_legal_ring_in1_q8,1,,NVIDIA Thor,11.0,580.00,13.0,PTX ISA 9.3 / CUDA 13.0,1575.000,,,,bf16,128,128,16,8,64,59,1,discard,same,4,4,8,1,nocount,sw128,sw128,16,16,16,0,512,0,128,none,1,none,0,4,20,497528.0,315.8907936507937,,,,,8192,,16.995459278673763,,,0,0.0,1,bf14b28d2af4128daa99f23eec8a5e105636d0b04136f8be580fdc39d6f1f97d,legal_ring
02_latency_throughput,lat_bf16_m128n128k16_legal_ring_in1_q8,1,,NVIDIA Thor,11.0,580.00,13.0,PTX ISA 9.3 / CUDA 13.0,1575.000,,,,bf16,128,128,16,8,64,59,2,discard,same,4,4,8,1,nocount,sw128,sw128,16,16,16,0,512,0,128,none,1,none,0,4,20,497527.0,315.8901587301587,,,,,8192,,16.995493438547054,,,0,0.0,1,bf14b28d2af4128daa99f23eec8a5e105636d0b04136f8be580fdc39d6f1f97d,legal_ring
02_latency_throughput,lat_bf16_m128n128k16_legal_ring_in1_q8,1,,NVIDIA Thor,11.0,580.00,13.0,PTX ISA 9.3 / CUDA 13.0,1575.000,,,,bf16,128,128,16,8,64,59,3,discard,same,4,4,8,1,nocount,sw128,sw128,16,16,16,0,512,0,128,none,1,none,0,4,20,497531.0,315.8926984126984,,,,,8192,,16.995356799877797,,,0,0.0,1,bf14b28d2af4128daa99f23eec8a5e105636d0b04136f8be580fdc39d6f1f97d,legal_ring
02_latency_throughput,lat_bf16_m128n128k16_legal_ring_in1_q8,1,,NVIDIA Thor,11.0,580.00,13.0,PTX ISA 9.3 / CUDA 13.0,1575.000,,,,bf16,128,128,16,8,64,59,4,discard,same,4,4,8,1,nocount,sw128,sw128,16,16,16,0,512,0,128,none,1,none,0,4,20,497535.0,315.8952380952381,,,,,8192,,16.99522016340559,,,0,0.0,1,bf14b28d2af4128daa99f23eec8a5e105636d0b04136f8be580fdc39d6f1f97d,legal_ring
02_latency_throughput,lat_bf16_m128n64k16_legal_ring_in0_q2,1,,NVIDIA Thor,11.0,580.00,13.0,PTX ISA 9.3 / CUDA 13.0,1575.000,,,,bf16,128,64,16,2,256,60,0,discard,same,8,8,2,1,nocount,sw128,sw128,16,16,16,0,512,0,64,none,0,none,0,4,20,648043.0,411.455873015873,,,,,6144,,6.524039966483706,,,0,0.0,1,bf14b28d2af4128daa99f23eec8a5e105636d0b04136f8be580fdc39d6f1f97d,legal_ring; UTCHMMA=21;UTCHMMA_WS=16;UTCBAR=1;UTCATOMSWS=3;SYNCS_TRYWAIT=8;LDS=21;LDG=9;ptx_tcgen05_mma=21;ptx_tcgen05_mma_ws=16;ptx_tcgen05_commit=1;ptx_tcgen05_alloc=1;ptx_tcgen05_dealloc=1;ptx_tcgen05_ld=5;ptx_tcgen05_st=5;ptx_mbarrier_wait=5;ptx_cp_async_tma=2;ptx_ld_shared=26;ptx_ld_global=7
02_latency_throughput,lat_bf16_m128n64k16_legal_ring_in0_q2,1,,NVIDIA Thor,11.0,580.00,13.0,PTX ISA 9.3 / CUDA 13.0,1575.000,,,,bf16,128,64,16,2,256,60,1,discard,same,8,8,2,1,nocount,sw128,sw128,16,16,16,0,512,0,64,none,0,none,0,4,20,648041.0,411.45460317460316,,,,,6144,,6.524060101135576,,,0,0.0,1,bf14b28d2af4128daa99f23eec8a5e105636d0b04136f8be580fdc39d6f1f97d,legal_ring
02_latency_throughput,lat_bf16_m128n64k16_legal_ring_in0_q2,1,,NVIDIA Thor,11.0,580.00,13.0,PTX ISA 9.3 / CUDA 13.0,1575.000,,,,bf16,128,64,16,2,256,60,2,discard,same,8,8,2,1,nocount,sw128,sw128,16,16,16,0,512,0,64,none,0,none,0,4,20,648053.0,411.4622222222222,,,,,6144,,6.523939295088519,,,0,0.0,1,bf14b28d2af4128daa99f23eec8a5e105636d0b04136f8be580fdc39d6f1f97d,legal_ring
02_latency_throughput,lat_bf16_m128n64k16_legal_ring_in0_q2,1,,NVIDIA Thor,11.0,580.00,13.0,PTX ISA 9.3 / CUDA 13.0,1575.000,,,,bf16,128,64,16,2,256,60,3,discard,same,8,8,2,1,nocount,sw128,sw128,16,16,16,0,512,0,64,none,0,none,0,4,20,648045.0,411.45714285714286,,,,,6144,,6.524019831956115,,,0,0.0,1,bf14b28d2af4128daa99f23eec8a5e105636d0b04136f8be580fdc39d6f1f97d,legal_ring
02_latency_throughput,lat_bf16_m128n64k16_legal_ring_in0_q2,1,,NVIDIA Thor,11.0,580.00,13.0,PTX ISA 9.3 / CUDA 13.0,1575.000,,,,bf16,128,64,16,2,256,60,4,discard,same,8,8,2,1,nocount,sw128,sw128,16,16,16,0,512,0,64,none,0,none,0,4,20,648053.0,411.4622222222222,,,,,6144,,6.523939295088519,,,0,0.0,1,bf14b28d2af4128daa99f23eec8a5e105636d0b04136f8be580fdc39d6f1f97d,legal_ring
02_latency_throughput,lat_bf16_m128n128k16_same_d_in0_q64,1,,NVIDIA Thor,11.0,580.00,13.0,PTX ISA 9.3 / CUDA 13.0,1575.000,,,,bf16,128,128,16,64,8,61,0,discard,same,1,1,64,1,nocount,sw128,sw128,16,16,16,0,512,0,0,none,0,none,0,4,20,391585.0,248.6253968253968,,,,,8192,,21.59356682201821,,,0,0.0,1,bf14b28d2af4128daa99f23eec8a5e105636d0b04136f8be580fdc39d6f1f97d,same_d; UTCHMMA=21;UTCHMMA_WS=16;UTCBAR=1;UTCATOMSWS=3;SYNCS_TRYWAIT=8;LDS=21;LDG=9;ptx_tcgen05_mma=21;ptx_tcgen05_mma_ws=16;ptx_tcgen05_commit=1;ptx_tcgen05_alloc=1;ptx_tcgen05_dealloc=1;ptx_tcgen05_ld=5;ptx_tcgen05_st=5;ptx_mbarrier_wait=5;ptx_cp_async_tma=2;ptx_ld_shared=26;ptx_ld_global=7
02_latency_throughput,lat_bf16_m128n128k16_same_d_in0_q64,1,,NVIDIA Thor,11.0,580.00,13.0,PTX ISA 9.3 / CUDA 13.0,1575.000,,,,bf16,128,128,16,64,8,61,1,discard,same,1,1,64,1,nocount,sw128,sw128,16,16,16,0,512,0,0,none,0,none,0,4,20,391577.0,248.62031746031744,,,,,8192,,21.59400798310422,,,0,0.0,1,bf14b28d2af4128daa99f23eec8a5e105636d0b04136f8be580fdc39d6f1f97d,same_d
02_latency_throughput,lat_bf16_m128n128k16_same_d_in0_q64,1,,NVIDIA Thor,11.0,580.00,13.0,PTX ISA 9.3 / CUDA 13.0,1575.000,,,,bf16,128,128,16,64,8,61,2,discard,same,1,1,64,1,nocount,sw128,sw128,16,16,16,0,512,0,0,none,0,none,0,4,20,391584.0,248.6247619047619,,,,,8192,,21.59362196616818,,,0,0.0,1,bf14b28d2af4128daa99f23eec8a5e105636d0b04136f8be580fdc39d6f1f97d,same_d
02_latency_throughput,lat_bf16_m128n128k16_same_d_in0_q64,1,,NVIDIA Thor,11.0,580.00,13.0,PTX ISA 9.3 / CUDA 13.0,1575.000,,,,bf16,128,128,16,64,8,61,3,discard,same,1,1,64,1,nocount,sw128,sw128,16,16,16,0,512,0,0,none,0,none,0,4,20,391585.0,248.6253968253968,,,,,8192,,21.59356682201821,,,0,0.0,1,bf14b28d2af4128daa99f23eec8a5e105636d0b04136f8be580fdc39d6f1f97d,same_d
02_latency_throughput,lat_bf16_m128n128k16_same_d_in0_q64,1,,NVIDIA Thor,11.0,580.00,13.0,PTX ISA 9.3 / CUDA 13.0,1575.000,,,,bf16,128,128,16,64,8,61,4,discard,same,1,1,64,1,nocount,sw128,sw128,16,16,16,0,512,0,0,none,0,none,0,4,20,391578.0,248.6209523809524,,,,,8192,,21.593952836982673,,,0,0.0,1,bf14b28d2af4128daa99f23eec8a5e105636d0b04136f8be580fdc39d6f1f97d,same_d
02_latency_throughput,lat_bf16_m128n64k16_same_d_in0_q6,1,,NVIDIA Thor,11.0,580.00,13.0,PTX ISA 9.3 / CUDA 13.0,1575.000,,,,bf16,128,64,16,6,85,62,0,discard,same,1,1,6,1,nocount,sw128,sw128,16,16,16,0,512,0,0,none,0,none,0,4,20,450695.0,286.15555555555557,,,,,6144,,9.344109342238097,,,0,0.0,1,bf14b28d2af4128daa99f23eec8a5e105636d0b04136f8be580fdc39d6f1f97d,same_d; UTCHMMA=21;UTCHMMA_WS=16;UTCBAR=1;UTCATOMSWS=3;SYNCS_TRYWAIT=8;LDS=21;LDG=9;ptx_tcgen05_mma=21;ptx_tcgen05_mma_ws=16;ptx_tcgen05_commit=1;ptx_tcgen05_alloc=1;ptx_tcgen05_dealloc=1;ptx_tcgen05_ld=5;ptx_tcgen05_st=5;ptx_mbarrier_wait=5;ptx_cp_async_tma=2;ptx_ld_shared=26;ptx_ld_global=7
02_latency_throughput,lat_bf16_m128n64k16_same_d_in0_q6,1,,NVIDIA Thor,11.0,580.00,13.0,PTX ISA 9.3 / CUDA 13.0,1575.000,,,,bf16,128,64,16,6,85,62,1,discard,same,1,1,6,1,nocount,sw128,sw128,16,16,16,0,512,0,0,none,0,none,0,4,20,450698.0,286.1574603174603,,,,,6144,,9.344047144651185,,,0,0.0,1,bf14b28d2af4128daa99f23eec8a5e105636d0b04136f8be580fdc39d6f1f97d,same_d
02_latency_throughput,lat_bf16_m128n64k16_same_d_in0_q6,1,,NVIDIA Thor,11.0,580.00,13.0,PTX ISA 9.3 / CUDA 13.0,1575.000,,,,bf16,128,64,16,6,85,62,2,discard,same,1,1,6,1,nocount,sw128,sw128,16,16,16,0,512,0,0,none,0,none,0,4,20,450698.0,286.1574603174603,,,,,6144,,9.344047144651185,,,0,0.0,1,bf14b28d2af4128daa99f23eec8a5e105636d0b04136f8be580fdc39d6f1f97d,same_d
02_latency_throughput,lat_bf16_m128n64k16_same_d_in0_q6,1,,NVIDIA Thor,11.0,580.00,13.0,PTX ISA 9.3 / CUDA 13.0,1575.000,,,,bf16,128,64,16,6,85,62,3,discard,same,1,1,6,1,nocount,sw128,sw128,16,16,16,0,512,0,0,none,0,none,0,4,20,450692.0,286.1536507936508,,,,,6144,,9.344171540653042,,,0,0.0,1,bf14b28d2af4128daa99f23eec8a5e105636d0b04136f8be580fdc39d6f1f97d,same_d
02_latency_throughput,lat_bf16_m128n64k16_same_d_in0_q6,1,,NVIDIA Thor,11.0,580.00,13.0,PTX ISA 9.3 / CUDA 13.0,1575.000,,,,bf16,128,64,16,6,85,62,4,discard,same,1,1,6,1,nocount,sw128,sw128,16,16,16,0,512,0,0,none,0,none,0,4,20,450693.0,286.1542857142857,,,,,6144,,9.344150807756055,,,0,0.0,1,bf14b28d2af4128daa99f23eec8a5e105636d0b04136f8be580fdc39d6f1f97d,same_d
02_latency_throughput,lat_fp16_m128n256k16_same_d_in0_q3,1,,NVIDIA Thor,11.0,580.00,13.0,PTX ISA 9.3 / CUDA 13.0,1575.000,,,,fp16,128,256,16,3,170,63,0,discard,same,1,1,3,1,nocount,sw128,sw128,16,16,16,0,512,0,0,none,0,none,0,4,20,517176.0,328.3657142857143,,,,,12288,,32.57183906445775,,,0,0.0,1,bf14b28d2af4128daa99f23eec8a5e105636d0b04136f8be580fdc39d6f1f97d,same_d; UTCHMMA=21;UTCHMMA_WS=16;UTCBAR=1;UTCATOMSWS=3;SYNCS_TRYWAIT=8;LDS=21;LDG=9;ptx_tcgen05_mma=21;ptx_tcgen05_mma_ws=16;ptx_tcgen05_commit=1;ptx_tcgen05_alloc=1;ptx_tcgen05_dealloc=1;ptx_tcgen05_ld=5;ptx_tcgen05_st=5;ptx_mbarrier_wait=5;ptx_cp_async_tma=2;ptx_ld_shared=26;ptx_ld_global=7
02_latency_throughput,lat_fp16_m128n256k16_same_d_in0_q3,1,,NVIDIA Thor,11.0,580.00,13.0,PTX ISA 9.3 / CUDA 13.0,1575.000,,,,fp16,128,256,16,3,170,63,1,discard,same,1,1,3,1,nocount,sw128,sw128,16,16,16,0,512,0,0,none,0,none,0,4,20,517174.0,328.3644444444445,,,,,12288,,32.57196502531063,,,0,0.0,1,bf14b28d2af4128daa99f23eec8a5e105636d0b04136f8be580fdc39d6f1f97d,same_d
02_latency_throughput,lat_fp16_m128n256k16_same_d_in0_q3,1,,NVIDIA Thor,11.0,580.00,13.0,PTX ISA 9.3 / CUDA 13.0,1575.000,,,,fp16,128,256,16,3,170,63,2,discard,same,1,1,3,1,nocount,sw128,sw128,16,16,16,0,512,0,0,none,0,none,0,4,20,517164.0,328.35809523809525,,,,,12288,,32.57259484418869,,,0,0.0,1,bf14b28d2af4128daa99f23eec8a5e105636d0b04136f8be580fdc39d6f1f97d,same_d
02_latency_throughput,lat_fp16_m128n256k16_same_d_in0_q3,1,,NVIDIA Thor,11.0,580.00,13.0,PTX ISA 9.3 / CUDA 13.0,1575.000,,,,fp16,128,256,16,3,170,63,3,discard,same,1,1,3,1,nocount,sw128,sw128,16,16,16,0,512,0,0,none,0,none,0,4,20,517167.0,328.35999999999996,,,,,12288,,32.57240589596785,,,0,0.0,1,bf14b28d2af4128daa99f23eec8a5e105636d0b04136f8be580fdc39d6f1f97d,same_d
02_latency_throughput,lat_fp16_m128n256k16_same_d_in0_q3,1,,NVIDIA Thor,11.0,580.00,13.0,PTX ISA 9.3 / CUDA 13.0,1575.000,,,,fp16,128,256,16,3,170,63,4,discard,same,1,1,3,1,nocount,sw128,sw128,16,16,16,0,512,0,0,none,0,none,0,4,20,517168.0,328.36063492063494,,,,,12288,,32.57234291371469,,,0,0.0,1,bf14b28d2af4128daa99f23eec8a5e105636d0b04136f8be580fdc39d6f1f97d,same_d
02_latency_throughput,lat_bf16_m128n128k16_legal_ring_in1_q6,1,,NVIDIA Thor,11.0,580.00,13.0,PTX ISA 9.3 / CUDA 13.0,1575.000,,,,bf16,128,128,16,6,85,64,0,discard,same,4,4,6,1,nocount,sw128,sw128,16,16,16,0,512,0,128,none,1,none,0,4,20,512319.0,325.28190476190474,,,,,8192,,16.44031691192402,,,0,0.0,1,bf14b28d2af4128daa99f23eec8a5e105636d0b04136f8be580fdc39d6f1f97d,legal_ring; UTCHMMA=21;UTCHMMA_WS=16;UTCBAR=1;UTCATOMSWS=3;SYNCS_TRYWAIT=8;LDS=21;LDG=9;ptx_tcgen05_mma=21;ptx_tcgen05_mma_ws=16;ptx_tcgen05_commit=1;ptx_tcgen05_alloc=1;ptx_tcgen05_dealloc=1;ptx_tcgen05_ld=5;ptx_tcgen05_st=5;ptx_mbarrier_wait=5;ptx_cp_async_tma=2;ptx_ld_shared=26;ptx_ld_global=7
02_latency_throughput,lat_bf16_m128n128k16_legal_ring_in1_q6,1,,NVIDIA Thor,11.0,580.00,13.0,PTX ISA 9.3 / CUDA 13.0,1575.000,,,,bf16,128,128,16,6,85,64,1,discard,same,4,4,6,1,nocount,sw128,sw128,16,16,16,0,512,0,128,none,1,none,0,4,20,512317.0,325.2806349206349,,,,,8192,,16.440381092175354,,,0,0.0,1,bf14b28d2af4128daa99f23eec8a5e105636d0b04136f8be580fdc39d6f1f97d,legal_ring
02_latency_throughput,lat_bf16_m128n128k16_legal_ring_in1_q6,1,,NVIDIA Thor,11.0,580.00,13.0,PTX ISA 9.3 / CUDA 13.0,1575.000,,,,bf16,128,128,16,6,85,64,2,discard,same,4,4,6,1,nocount,sw128,sw128,16,16,16,0,512,0,128,none,1,none,0,4,20,512326.0,325.2863492063492,,,,,8192,,16.440092284990417,,,0,0.0,1,bf14b28d2af4128daa99f23eec8a5e105636d0b04136f8be580fdc39d6f1f97d,legal_ring
02_latency_throughput,lat_bf16_m128n128k16_legal_ring_in1_q6,1,,NVIDIA Thor,11.0,580.00,13.0,PTX ISA 9.3 / CUDA 13.0,1575.000,,,,bf16,128,128,16,6,85,64,3,discard,same,4,4,6,1,nocount,sw128,sw128,16,16,16,0,512,0,128,none,1,none,0,4,20,512316.0,325.28000000000003,,,,,8192,,16.440413182488932,,,0,0.0,1,bf14b28d2af4128daa99f23eec8a5e105636d0b04136f8be580fdc39d6f1f97d,legal_ring
02_latency_throughput,lat_bf16_m128n128k16_legal_ring_in1_q6,1,,NVIDIA Thor,11.0,580.00,13.0,PTX ISA 9.3 / CUDA 13.0,1575.000,,,,bf16,128,128,16,6,85,64,4,discard,same,4,4,6,1,nocount,sw128,sw128,16,16,16,0,512,0,128,none,1,none,0,4,20,512319.0,325.28190476190474,,,,,8192,,16.44031691192402,,,0,0.0,1,bf14b28d2af4128daa99f23eec8a5e105636d0b04136f8be580fdc39d6f1f97d,legal_ring
02_latency_throughput,lat_bf16_m128n256k16_legal_ring_in1_q1,1,,NVIDIA Thor,11.0,580.00,13.0,PTX ISA 9.3 / CUDA 13.0,1575.000,,,,bf16,128,256,16,1,512,65,0,discard,same,2,2,1,1,nocount,sw128,sw128,16,16,16,0,512,0,256,none,1,none,0,4,20,841324.0,534.1739682539683,,,,,12288,,20.100976232699885,,,0,0.0,1,bf14b28d2af4128daa99f23eec8a5e105636d0b04136f8be580fdc39d6f1f97d,legal_ring; UTCHMMA=21;UTCHMMA_WS=16;UTCBAR=1;UTCATOMSWS=3;SYNCS_TRYWAIT=8;LDS=21;LDG=9;ptx_tcgen05_mma=21;ptx_tcgen05_mma_ws=16;ptx_tcgen05_commit=1;ptx_tcgen05_alloc=1;ptx_tcgen05_dealloc=1;ptx_tcgen05_ld=5;ptx_tcgen05_st=5;ptx_mbarrier_wait=5;ptx_cp_async_tma=2;ptx_ld_shared=26;ptx_ld_global=7
02_latency_throughput,lat_bf16_m128n256k16_legal_ring_in1_q1,1,,NVIDIA Thor,11.0,580.00,13.0,PTX ISA 9.3 / CUDA 13.0,1575.000,,,,bf16,128,256,16,1,512,65,1,discard,same,2,2,1,1,nocount,sw128,sw128,16,16,16,0,512,0,256,none,1,none,0,4,20,841329.0,534.1771428571428,,,,,12288,,20.100856773034092,,,0,0.0,1,bf14b28d2af4128daa99f23eec8a5e105636d0b04136f8be580fdc39d6f1f97d,legal_ring
02_latency_throughput,lat_bf16_m128n256k16_legal_ring_in1_q1,1,,NVIDIA Thor,11.0,580.00,13.0,PTX ISA 9.3 / CUDA 13.0,1575.000,,,,bf16,128,256,16,1,512,65,2,discard,same,2,2,1,1,nocount,sw128,sw128,16,16,16,0,512,0,256,none,1,none,0,4,20,841077.0,534.0171428571429,,,,,12288,,20.106879308315406,,,0,0.0,1,bf14b28d2af4128daa99f23eec8a5e105636d0b04136f8be580fdc39d6f1f97d,legal_ring
02_latency_throughput,lat_bf16_m128n256k16_legal_ring_in1_q1,1,,NVIDIA Thor,11.0,580.00,13.0,PTX ISA 9.3 / CUDA 13.0,1575.000,,,,bf16,128,256,16,1,512,65,3,discard,same,2,2,1,1,nocount,sw128,sw128,16,16,16,0,512,0,256,none,1,none,0,4,20,841325.0,534.1746031746031,,,,,12288,,20.100952340653137,,,0,0.0,1,bf14b28d2af4128daa99f23eec8a5e105636d0b04136f8be580fdc39d6f1f97d,legal_ring
02_latency_throughput,lat_bf16_m128n256k16_legal_ring_in1_q1,1,,NVIDIA Thor,11.0,580.00,13.0,PTX ISA 9.3 / CUDA 13.0,1575.000,,,,bf16,128,256,16,1,512,65,4,discard,same,2,2,1,1,nocount,sw128,sw128,16,16,16,0,512,0,256,none,1,none,0,4,20,841094.0,534.0279365079365,,,,,12288,,20.106472912658994,,,0,0.0,1,bf14b28d2af4128daa99f23eec8a5e105636d0b04136f8be580fdc39d6f1f97d,legal_ring
02_latency_throughput,lat_bf16_m128n64k16_legal_ring_in1_q64,1,,NVIDIA Thor,11.0,580.00,13.0,PTX ISA 9.3 / CUDA 13.0,1575.000,,,,bf16,128,64,16,64,8,66,0,discard,same,8,8,64,1,nocount,sw128,sw128,16,16,16,0,512,0,64,none,1,none,0,4,20,453944.0,288.2184126984127,,,,,6144,,9.313612322224767,,,0,0.0,1,bf14b28d2af4128daa99f23eec8a5e105636d0b04136f8be580fdc39d6f1f97d,legal_ring; UTCHMMA=21;UTCHMMA_WS=16;UTCBAR=1;UTCATOMSWS=3;SYNCS_TRYWAIT=8;LDS=21;LDG=9;ptx_tcgen05_mma=21;ptx_tcgen05_mma_ws=16;ptx_tcgen05_commit=1;ptx_tcgen05_alloc=1;ptx_tcgen05_dealloc=1;ptx_tcgen05_ld=5;ptx_tcgen05_st=5;ptx_mbarrier_wait=5;ptx_cp_async_tma=2;ptx_ld_shared=26;ptx_ld_global=7
02_latency_throughput,lat_bf16_m128n64k16_legal_ring_in1_q64,1,,NVIDIA Thor,11.0,580.00,13.0,PTX ISA 9.3 / CUDA 13.0,1575.000,,,,bf16,128,64,16,64,8,66,1,discard,same,8,8,64,1,nocount,sw128,sw128,16,16,16,0,512,0,64,none,1,none,0,4,20,453944.0,288.2184126984127,,,,,6144,,9.313612322224767,,,0,0.0,1,bf14b28d2af4128daa99f23eec8a5e105636d0b04136f8be580fdc39d6f1f97d,legal_ring
02_latency_throughput,lat_bf16_m128n64k16_legal_ring_in1_q64,1,,NVIDIA Thor,11.0,580.00,13.0,PTX ISA 9.3 / CUDA 13.0,1575.000,,,,bf16,128,64,16,64,8,66,2,discard,same,8,8,64,1,nocount,sw128,sw128,16,16,16,0,512,0,64,none,1,none,0,4,20,453943.0,288.21777777777777,,,,,6144,,9.313632839365296,,,0,0.0,1,bf14b28d2af4128daa99f23eec8a5e105636d0b04136f8be580fdc39d6f1f97d,legal_ring
02_latency_throughput,lat_bf16_m128n64k16_legal_ring_in1_q64,1,,NVIDIA Thor,11.0,580.00,13.0,PTX ISA 9.3 / CUDA 13.0,1575.000,,,,bf16,128,64,16,64,8,66,3,discard,same,8,8,64,1,nocount,sw128,sw128,16,16,16,0,512,0,64,none,1,none,0,4,20,453944.0,288.2184126984127,,,,,6144,,9.313612322224767,,,0,0.0,1,bf14b28d2af4128daa99f23eec8a5e105636d0b04136f8be580fdc39d6f1f97d,legal_ring
02_latency_throughput,lat_bf16_m128n64k16_legal_ring_in1_q64,1,,NVIDIA Thor,11.0,580.00,13.0,PTX ISA 9.3 / CUDA 13.0,1575.000,,,,bf16,128,64,16,64,8,66,4,discard,same,8,8,64,1,nocount,sw128,sw128,16,16,16,0,512,0,64,none,1,none,0,4,20,453946.0,288.21968253968254,,,,,6144,,9.313571288214899,,,0,0.0,1,bf14b28d2af4128daa99f23eec8a5e105636d0b04136f8be580fdc39d6f1f97d,legal_ring
02_latency_throughput,lat_fp16_m128n64k16_same_d_in0_q12,1,,NVIDIA Thor,11.0,580.00,13.0,PTX ISA 9.3 / CUDA 13.0,1575.000,,,,fp16,128,64,16,12,42,67,0,discard,same,1,1,12,1,nocount,sw128,sw128,16,16,16,0,512,0,0,none,0,none,0,4,20,412505.0,261.9079365079365,,,,,6144,,10.08908532987479,,,0,0.0,1,bf14b28d2af4128daa99f23eec8a5e105636d0b04136f8be580fdc39d6f1f97d,same_d; UTCHMMA=21;UTCHMMA_WS=16;UTCBAR=1;UTCATOMSWS=3;SYNCS_TRYWAIT=8;LDS=21;LDG=9;ptx_tcgen05_mma=21;ptx_tcgen05_mma_ws=16;ptx_tcgen05_commit=1;ptx_tcgen05_alloc=1;ptx_tcgen05_dealloc=1;ptx_tcgen05_ld=5;ptx_tcgen05_st=5;ptx_mbarrier_wait=5;ptx_cp_async_tma=2;ptx_ld_shared=26;ptx_ld_global=7
02_latency_throughput,lat_fp16_m128n64k16_same_d_in0_q12,1,,NVIDIA Thor,11.0,580.00,13.0,PTX ISA 9.3 / CUDA 13.0,1575.000,,,,fp16,128,64,16,12,42,67,1,discard,same,1,1,12,1,nocount,sw128,sw128,16,16,16,0,512,0,0,none,0,none,0,4,20,412517.0,261.91555555555556,,,,,6144,,10.088791841305936,,,0,0.0,1,bf14b28d2af4128daa99f23eec8a5e105636d0b04136f8be580fdc39d6f1f97d,same_d
02_latency_throughput,lat_fp16_m128n64k16_same_d_in0_q12,1,,NVIDIA Thor,11.0,580.00,13.0,PTX ISA 9.3 / CUDA 13.0,1575.000,,,,fp16,128,64,16,12,42,67,2,discard,same,1,1,12,1,nocount,sw128,sw128,16,16,16,0,512,0,0,none,0,none,0,4,20,412502.0,261.9060317460318,,,,,6144,,10.089158704685069,,,0,0.0,1,bf14b28d2af4128daa99f23eec8a5e105636d0b04136f8be580fdc39d6f1f97d,same_d
02_latency_throughput,lat_fp16_m128n64k16_same_d_in0_q12,1,,NVIDIA Thor,11.0,580.00,13.0,PTX ISA 9.3 / CUDA 13.0,1575.000,,,,fp16,128,64,16,12,42,67,3,discard,same,1,1,12,1,nocount,sw128,sw128,16,16,16,0,512,0,0,none,0,none,0,4,20,412506.0,261.90857142857146,,,,,6144,,10.089060871841863,,,0,0.0,1,bf14b28d2af4128daa99f23eec8a5e105636d0b04136f8be580fdc39d6f1f97d,same_d
02_latency_throughput,lat_fp16_m128n64k16_same_d_in0_q12,1,,NVIDIA Thor,11.0,580.00,13.0,PTX ISA 9.3 / CUDA 13.0,1575.000,,,,fp16,128,64,16,12,42,67,4,discard,same,1,1,12,1,nocount,sw128,sw128,16,16,16,0,512,0,0,none,0,none,0,4,20,412507.0,261.90920634920633,,,,,6144,,10.089036413927522,,,0,0.0,1,bf14b28d2af4128daa99f23eec8a5e105636d0b04136f8be580fdc39d6f1f97d,same_d
02_latency_throughput,lat_fp16_m128n128k16_legal_ring_in1_q32,1,,NVIDIA Thor,11.0,580.00,13.0,PTX ISA 9.3 / CUDA 13.0,1575.000,,,,fp16,128,128,16,32,16,68,0,discard,same,4,4,32,1,nocount,sw128,sw128,16,16,16,0,512,0,128,none,1,none,0,4,20,460187.0,292.1822222222222,,,,,8192,,18.374523539343787,,,0,0.0,1,bf14b28d2af4128daa99f23eec8a5e105636d0b04136f8be580fdc39d6f1f97d,legal_ring; UTCHMMA=21;UTCHMMA_WS=16;UTCBAR=1;UTCATOMSWS=3;SYNCS_TRYWAIT=8;LDS=21;LDG=9;ptx_tcgen05_mma=21;ptx_tcgen05_mma_ws=16;ptx_tcgen05_commit=1;ptx_tcgen05_alloc=1;ptx_tcgen05_dealloc=1;ptx_tcgen05_ld=5;ptx_tcgen05_st=5;ptx_mbarrier_wait=5;ptx_cp_async_tma=2;ptx_ld_shared=26;ptx_ld_global=7
02_latency_throughput,lat_fp16_m128n128k16_legal_ring_in1_q32,1,,NVIDIA Thor,11.0,580.00,13.0,PTX ISA 9.3 / CUDA 13.0,1575.000,,,,fp16,128,128,16,32,16,68,1,discard,same,4,4,32,1,nocount,sw128,sw128,16,16,16,0,512,0,128,none,1,none,0,4,20,460195.0,292.1873015873016,,,,,8192,,18.37420411781962,,,0,0.0,1,bf14b28d2af4128daa99f23eec8a5e105636d0b04136f8be580fdc39d6f1f97d,legal_ring
02_latency_throughput,lat_fp16_m128n128k16_legal_ring_in1_q32,1,,NVIDIA Thor,11.0,580.00,13.0,PTX ISA 9.3 / CUDA 13.0,1575.000,,,,fp16,128,128,16,32,16,68,2,discard,same,4,4,32,1,nocount,sw128,sw128,16,16,16,0,512,0,128,none,1,none,0,4,20,460191.0,292.1847619047619,,,,,8192,,18.37436382719349,,,0,0.0,1,bf14b28d2af4128daa99f23eec8a5e105636d0b04136f8be580fdc39d6f1f97d,legal_ring
02_latency_throughput,lat_fp16_m128n128k16_legal_ring_in1_q32,1,,NVIDIA Thor,11.0,580.00,13.0,PTX ISA 9.3 / CUDA 13.0,1575.000,,,,fp16,128,128,16,32,16,68,3,discard,same,4,4,32,1,nocount,sw128,sw128,16,16,16,0,512,0,128,none,1,none,0,4,20,460192.0,292.1853968253969,,,,,8192,,18.374323899589733,,,0,0.0,1,bf14b28d2af4128daa99f23eec8a5e105636d0b04136f8be580fdc39d6f1f97d,legal_ring
02_latency_throughput,lat_fp16_m128n128k16_legal_ring_in1_q32,1,,NVIDIA Thor,11.0,580.00,13.0,PTX ISA 9.3 / CUDA 13.0,1575.000,,,,fp16,128,128,16,32,16,68,4,discard,same,4,4,32,1,nocount,sw128,sw128,16,16,16,0,512,0,128,none,1,none,0,4,20,460188.0,292.1828571428572,,,,,8192,,18.374483611045918,,,0,0.0,1,bf14b28d2af4128daa99f23eec8a5e105636d0b04136f8be580fdc39d6f1f97d,legal_ring
02_latency_throughput,lat_bf16_m128n64k16_same_d_in1_q16,1,,NVIDIA Thor,11.0,580.00,13.0,PTX ISA 9.3 / CUDA 13.0,1575.000,,,,bf16,128,64,16,16,32,69,0,discard,same,1,1,16,1,nocount,sw128,sw128,16,16,16,0,512,0,0,none,1,none,0,4,20,410748.0,260.79238095238094,,,,,6144,,10.293071255368256,,,0,0.0,1,bf14b28d2af4128daa99f23eec8a5e105636d0b04136f8be580fdc39d6f1f97d,same_d; UTCHMMA=21;UTCHMMA_WS=16;UTCBAR=1;UTCATOMSWS=3;SYNCS_TRYWAIT=8;LDS=21;LDG=9;ptx_tcgen05_mma=21;ptx_tcgen05_mma_ws=16;ptx_tcgen05_commit=1;ptx_tcgen05_alloc=1;ptx_tcgen05_dealloc=1;ptx_tcgen05_ld=5;ptx_tcgen05_st=5;ptx_mbarrier_wait=5;ptx_cp_async_tma=2;ptx_ld_shared=26;ptx_ld_global=7
02_latency_throughput,lat_bf16_m128n64k16_same_d_in1_q16,1,,NVIDIA Thor,11.0,580.00,13.0,PTX ISA 9.3 / CUDA 13.0,1575.000,,,,bf16,128,64,16,16,32,69,1,discard,same,1,1,16,1,nocount,sw128,sw128,16,16,16,0,512,0,0,none,1,none,0,4,20,410664.0,260.7390476190476,,,,,6144,,10.295176669978376,,,0,0.0,1,bf14b28d2af4128daa99f23eec8a5e105636d0b04136f8be580fdc39d6f1f97d,same_d
02_latency_throughput,lat_bf16_m128n64k16_same_d_in1_q16,1,,NVIDIA Thor,11.0,580.00,13.0,PTX ISA 9.3 / CUDA 13.0,1575.000,,,,bf16,128,64,16,16,32,69,2,discard,same,1,1,16,1,nocount,sw128,sw128,16,16,16,0,512,0,0,none,1,none,0,4,20,410744.0,260.78984126984125,,,,,6144,,10.293171493679761,,,0,0.0,1,bf14b28d2af4128daa99f23eec8a5e105636d0b04136f8be580fdc39d6f1f97d,same_d
02_latency_throughput,lat_bf16_m128n64k16_same_d_in1_q16,1,,NVIDIA Thor,11.0,580.00,13.0,PTX ISA 9.3 / CUDA 13.0,1575.000,,,,bf16,128,64,16,16,32,69,3,discard,same,1,1,16,1,nocount,sw128,sw128,16,16,16,0,512,0,0,none,1,none,0,4,20,410740.0,260.78730158730156,,,,,6144,,10.293271733943614,,,0,0.0,1,bf14b28d2af4128daa99f23eec8a5e105636d0b04136f8be580fdc39d6f1f97d,same_d
02_latency_throughput,lat_bf16_m128n64k16_same_d_in1_q16,1,,NVIDIA Thor,11.0,580.00,13.0,PTX ISA 9.3 / CUDA 13.0,1575.000,,,,bf16,128,64,16,16,32,69,4,discard,same,1,1,16,1,nocount,sw128,sw128,16,16,16,0,512,0,0,none,1,none,0,4,20,410743.0,260.7892063492064,,,,,6144,,10.293196553562689,,,0,0.0,1,bf14b28d2af4128daa99f23eec8a5e105636d0b04136f8be580fdc39d6f1f97d,same_d
02_latency_throughput,lat_bf16_m128n128k16_legal_ring_in0_q24,1,,NVIDIA Thor,11.0,580.00,13.0,PTX ISA 9.3 / CUDA 13.0,1575.000,,,,bf16,128,128,16,24,21,70,0,discard,same,4,4,24,1,nocount,sw128,sw128,16,16,16,0,512,0,128,none,0,none,0,4,20,457111.0,290.2292063492064,,,,,8192,,18.209135829153094,,,0,0.0,1,bf14b28d2af4128daa99f23eec8a5e105636d0b04136f8be580fdc39d6f1f97d,legal_ring; UTCHMMA=21;UTCHMMA_WS=16;UTCBAR=1;UTCATOMSWS=3;SYNCS_TRYWAIT=8;LDS=21;LDG=9;ptx_tcgen05_mma=21;ptx_tcgen05_mma_ws=16;ptx_tcgen05_commit=1;ptx_tcgen05_alloc=1;ptx_tcgen05_dealloc=1;ptx_tcgen05_ld=5;ptx_tcgen05_st=5;ptx_mbarrier_wait=5;ptx_cp_async_tma=2;ptx_ld_shared=26;ptx_ld_global=7
02_latency_throughput,lat_bf16_m128n128k16_legal_ring_in0_q24,1,,NVIDIA Thor,11.0,580.00,13.0,PTX ISA 9.3 / CUDA 13.0,1575.000,,,,bf16,128,128,16,24,21,70,1,discard,same,4,4,24,1,nocount,sw128,sw128,16,16,16,0,512,0,128,none,0,none,0,4,20,457115.0,290.23174603174607,,,,,8192,,18.208976489504828,,,0,0.0,1,bf14b28d2af4128daa99f23eec8a5e105636d0b04136f8be580fdc39d6f1f97d,legal_ring
02_latency_throughput,lat_bf16_m128n128k16_legal_ring_in0_q24,1,,NVIDIA Thor,11.0,580.00,13.0,PTX ISA 9.3 / CUDA 13.0,1575.000,,,,bf16,128,128,16,24,21,70,2,discard,same,4,4,24,1,nocount,sw128,sw128,16,16,16,0,512,0,128,none,0,none,0,4,20,457111.0,290.2292063492064,,,,,8192,,18.209135829153094,,,0,0.0,1,bf14b28d2af4128daa99f23eec8a5e105636d0b04136f8be580fdc39d6f1f97d,legal_ring
02_latency_throughput,lat_bf16_m128n128k16_legal_ring_in0_q24,1,,NVIDIA Thor,11.0,580.00,13.0,PTX ISA 9.3 / CUDA 13.0,1575.000,,,,bf16,128,128,16,24,21,70,3,discard,same,4,4,24,1,nocount,sw128,sw128,16,16,16,0,512,0,128,none,0,none,0,4,20,457115.0,290.23174603174607,,,,,8192,,18.208976489504828,,,0,0.0,1,bf14b28d2af4128daa99f23eec8a5e105636d0b04136f8be580fdc39d6f1f97d,legal_ring
02_latency_throughput,lat_bf16_m128n128k16_legal_ring_in0_q24,1,,NVIDIA Thor,11.0,580.00,13.0,PTX ISA 9.3 / CUDA 13.0,1575.000,,,,bf16,128,128,16,24,21,70,4,discard,same,4,4,24,1,nocount,sw128,sw128,16,16,16,0,512,0,128,none,0,none,0,4,20,457112.0,290.22984126984124,,,,,8192,,18.209095993979595,,,0,0.0,1,bf14b28d2af4128daa99f23eec8a5e105636d0b04136f8be580fdc39d6f1f97d,legal_ring
02_latency_throughput,lat_fp16_m128n64k16_legal_ring_in1_q3,1,,NVIDIA Thor,11.0,580.00,13.0,PTX ISA 9.3 / CUDA 13.0,1575.000,,,,fp16,128,64,16,3,170,71,0,discard,same,8,8,3,1,nocount,sw128,sw128,16,16,16,0,512,0,64,none,1,none,0,4,20,578876.0,367.54031746031745,,,,,6144,,7.275035344356996,,,0,0.0,1,bf14b28d2af4128daa99f23eec8a5e105636d0b04136f8be580fdc39d6f1f97d,legal_ring; UTCHMMA=21;UTCHMMA_WS=16;UTCBAR=1;UTCATOMSWS=3;SYNCS_TRYWAIT=8;LDS=21;LDG=9;ptx_tcgen05_mma=21;ptx_tcgen05_mma_ws=16;ptx_tcgen05_commit=1;ptx_tcgen05_alloc=1;ptx_tcgen05_dealloc=1;ptx_tcgen05_ld=5;ptx_tcgen05_st=5;ptx_mbarrier_wait=5;ptx_cp_async_tma=2;ptx_ld_shared=26;ptx_ld_global=7
02_latency_throughput,lat_fp16_m128n64k16_legal_ring_in1_q3,1,,NVIDIA Thor,11.0,580.00,13.0,PTX ISA 9.3 / CUDA 13.0,1575.000,,,,fp16,128,64,16,3,170,71,1,discard,same,8,8,3,1,nocount,sw128,sw128,16,16,16,0,512,0,64,none,1,none,0,4,20,578876.0,367.54031746031745,,,,,6144,,7.275035344356996,,,0,0.0,1,bf14b28d2af4128daa99f23eec8a5e105636d0b04136f8be580fdc39d6f1f97d,legal_ring
02_latency_throughput,lat_fp16_m128n64k16_legal_ring_in1_q3,1,,NVIDIA Thor,11.0,580.00,13.0,PTX ISA 9.3 / CUDA 13.0,1575.000,,,,fp16,128,64,16,3,170,71,2,discard,same,8,8,3,1,nocount,sw128,sw128,16,16,16,0,512,0,64,none,1,none,0,4,20,578876.0,367.54031746031745,,,,,6144,,7.275035344356996,,,0,0.0,1,bf14b28d2af4128daa99f23eec8a5e105636d0b04136f8be580fdc39d6f1f97d,legal_ring
02_latency_throughput,lat_fp16_m128n64k16_legal_ring_in1_q3,1,,NVIDIA Thor,11.0,580.00,13.0,PTX ISA 9.3 / CUDA 13.0,1575.000,,,,fp16,128,64,16,3,170,71,3,discard,same,8,8,3,1,nocount,sw128,sw128,16,16,16,0,512,0,64,none,1,none,0,4,20,578884.0,367.54539682539684,,,,,6144,,7.27493480559145,,,0,0.0,1,bf14b28d2af4128daa99f23eec8a5e105636d0b04136f8be580fdc39d6f1f97d,legal_ring
02_latency_throughput,lat_fp16_m128n64k16_legal_ring_in1_q3,1,,NVIDIA Thor,11.0,580.00,13.0,PTX ISA 9.3 / CUDA 13.0,1575.000,,,,fp16,128,64,16,3,170,71,4,discard,same,8,8,3,1,nocount,sw128,sw128,16,16,16,0,512,0,64,none,1,none,0,4,20,578879.0,367.5422222222222,,,,,6144,,7.2749976419942675,,,0,0.0,1,bf14b28d2af4128daa99f23eec8a5e105636d0b04136f8be580fdc39d6f1f97d,legal_ring
02_latency_throughput,lat_bf16_m128n256k16_same_d_in1_q32,1,,NVIDIA Thor,11.0,580.00,13.0,PTX ISA 9.3 / CUDA 13.0,1575.000,,,,bf16,128,256,16,32,16,72,0,discard,same,1,1,32,1,nocount,sw128,sw128,16,16,16,0,512,0,0,none,1,none,0,4,20,398010.0,252.7047619047619,,,,,12288,,42.489971930353505,,,0,0.0,1,bf14b28d2af4128daa99f23eec8a5e105636d0b04136f8be580fdc39d6f1f97d,same_d; UTCHMMA=21;UTCHMMA_WS=16;UTCBAR=1;UTCATOMSWS=3;SYNCS_TRYWAIT=8;LDS=21;LDG=9;ptx_tcgen05_mma=21;ptx_tcgen05_mma_ws=16;ptx_tcgen05_commit=1;ptx_tcgen05_alloc=1;ptx_tcgen05_dealloc=1;ptx_tcgen05_ld=5;ptx_tcgen05_st=5;ptx_mbarrier_wait=5;ptx_cp_async_tma=2;ptx_ld_shared=26;ptx_ld_global=7
02_latency_throughput,lat_bf16_m128n256k16_same_d_in1_q32,1,,NVIDIA Thor,11.0,580.00,13.0,PTX ISA 9.3 / CUDA 13.0,1575.000,,,,bf16,128,256,16,32,16,72,1,discard,same,1,1,32,1,nocount,sw128,sw128,16,16,16,0,512,0,0,none,1,none,0,4,20,398032.0,252.71873015873015,,,,,12288,,42.48762342726212,,,0,0.0,1,bf14b28d2af4128daa99f23eec8a5e105636d0b04136f8be580fdc39d6f1f97d,same_d
02_latency_throughput,lat_bf16_m128n256k16_same_d_in1_q32,1,,NVIDIA Thor,11.0,580.00,13.0,PTX ISA 9.3 / CUDA 13.0,1575.000,,,,bf16,128,256,16,32,16,72,2,discard,same,1,1,32,1,nocount,sw128,sw128,16,16,16,0,512,0,0,none,1,none,0,4,20,398036.0,252.72126984126984,,,,,12288,,42.487196454592045,,,0,0.0,1,bf14b28d2af4128daa99f23eec8a5e105636d0b04136f8be580fdc39d6f1f97d,same_d
02_latency_throughput,lat_bf16_m128n256k16_same_d_in1_q32,1,,NVIDIA Thor,11.0,580.00,13.0,PTX ISA 9.3 / CUDA 13.0,1575.000,,,,bf16,128,256,16,32,16,72,3,discard,same,1,1,32,1,nocount,sw128,sw128,16,16,16,0,512,0,0,none,1,none,0,4,20,398005.0,252.70158730158727,,,,,12288,,42.49050571726486,,,0,0.0,1,bf14b28d2af4128daa99f23eec8a5e105636d0b04136f8be580fdc39d6f1f97d,same_d
02_latency_throughput,lat_bf16_m128n256k16_same_d_in1_q32,1,,NVIDIA Thor,11.0,580.00,13.0,PTX ISA 9.3 / CUDA 13.0,1575.000,,,,bf16,128,256,16,32,16,72,4,discard,same,1,1,32,1,nocount,sw128,sw128,16,16,16,0,512,0,0,none,1,none,0,4,20,398005.0,252.70158730158727,,,,,12288,,42.49050571726486,,,0,0.0,1,bf14b28d2af4128daa99f23eec8a5e105636d0b04136f8be580fdc39d6f1f97d,same_d
02_latency_throughput,lat_fp16_m128n128k16_legal_ring_in0_q24,1,,NVIDIA Thor,11.0,580.00,13.0,PTX ISA 9.3 / CUDA 13.0,1575.000,,,,fp16,128,128,16,24,21,73,0,discard,same,4,4,24,1,nocount,sw128,sw128,16,16,16,0,512,0,128,none,0,none,0,4,20,457114.0,290.2311111111111,,,,,8192,,18.209016324155463,,,0,0.0,1,bf14b28d2af4128daa99f23eec8a5e105636d0b04136f8be580fdc39d6f1f97d,legal_ring; UTCHMMA=21;UTCHMMA_WS=16;UTCBAR=1;UTCATOMSWS=3;SYNCS_TRYWAIT=8;LDS=21;LDG=9;ptx_tcgen05_mma=21;ptx_tcgen05_mma_ws=16;ptx_tcgen05_commit=1;ptx_tcgen05_alloc=1;ptx_tcgen05_dealloc=1;ptx_tcgen05_ld=5;ptx_tcgen05_st=5;ptx_mbarrier_wait=5;ptx_cp_async_tma=2;ptx_ld_shared=26;ptx_ld_global=7
02_latency_throughput,lat_fp16_m128n128k16_legal_ring_in0_q24,1,,NVIDIA Thor,11.0,580.00,13.0,PTX ISA 9.3 / CUDA 13.0,1575.000,,,,fp16,128,128,16,24,21,73,1,discard,same,4,4,24,1,nocount,sw128,sw128,16,16,16,0,512,0,128,none,0,none,0,4,20,457120.0,290.2349206349206,,,,,8192,,18.208777318865945,,,0,0.0,1,bf14b28d2af4128daa99f23eec8a5e105636d0b04136f8be580fdc39d6f1f97d,legal_ring
02_latency_throughput,lat_fp16_m128n128k16_legal_ring_in0_q24,1,,NVIDIA Thor,11.0,580.00,13.0,PTX ISA 9.3 / CUDA 13.0,1575.000,,,,fp16,128,128,16,24,21,73,2,discard,same,4,4,24,1,nocount,sw128,sw128,16,16,16,0,512,0,128,none,0,none,0,4,20,457116.0,290.23238095238094,,,,,8192,,18.208936655028484,,,0,0.0,1,bf14b28d2af4128daa99f23eec8a5e105636d0b04136f8be580fdc39d6f1f97d,legal_ring
02_latency_throughput,lat_fp16_m128n128k16_legal_ring_in0_q24,1,,NVIDIA Thor,11.0,580.00,13.0,PTX ISA 9.3 / CUDA 13.0,1575.000,,,,fp16,128,128,16,24,21,73,3,discard,same,4,4,24,1,nocount,sw128,sw128,16,16,16,0,512,0,128,none,0,none,0,4,20,457113.0,290.2304761904762,,,,,8192,,18.20905615898038,,,0,0.0,1,bf14b28d2af4128daa99f23eec8a5e105636d0b04136f8be580fdc39d6f1f97d,legal_ring
02_latency_throughput,lat_fp16_m128n128k16_legal_ring_in0_q24,1,,NVIDIA Thor,11.0,580.00,13.0,PTX ISA 9.3 / CUDA 13.0,1575.000,,,,fp16,128,128,16,24,21,73,4,discard,same,4,4,24,1,nocount,sw128,sw128,16,16,16,0,512,0,128,none,0,none,0,4,20,457110.0,290.2285714285714,,,,,8192,,18.209175664500886,,,0,0.0,1,bf14b28d2af4128daa99f23eec8a5e105636d0b04136f8be580fdc39d6f1f97d,legal_ring
02_latency_throughput,lat_bf16_m128n256k16_same_d_in0_q64,1,,NVIDIA Thor,11.0,580.00,13.0,PTX ISA 9.3 / CUDA 13.0,1575.000,,,,bf16,128,256,16,64,8,74,0,discard,same,1,1,64,1,nocount,sw128,sw128,16,16,16,0,512,0,0,none,0,none,0,4,20,391711.0,248.7053968253968,,,,,12288,,43.17324182369145,,,0,0.0,1,bf14b28d2af4128daa99f23eec8a5e105636d0b04136f8be580fdc39d6f1f97d,same_d; UTCHMMA=21;UTCHMMA_WS=16;UTCBAR=1;UTCATOMSWS=3;SYNCS_TRYWAIT=8;LDS=21;LDG=9;ptx_tcgen05_mma=21;ptx_tcgen05_mma_ws=16;ptx_tcgen05_commit=1;ptx_tcgen05_alloc=1;ptx_tcgen05_dealloc=1;ptx_tcgen05_ld=5;ptx_tcgen05_st=5;ptx_mbarrier_wait=5;ptx_cp_async_tma=2;ptx_ld_shared=26;ptx_ld_global=7
02_latency_throughput,lat_bf16_m128n256k16_same_d_in0_q64,1,,NVIDIA Thor,11.0,580.00,13.0,PTX ISA 9.3 / CUDA 13.0,1575.000,,,,bf16,128,256,16,64,8,74,1,discard,same,1,1,64,1,nocount,sw128,sw128,16,16,16,0,512,0,0,none,0,none,0,4,20,391698.0,248.69714285714286,,,,,12288,,43.17467469325858,,,0,0.0,1,bf14b28d2af4128daa99f23eec8a5e105636d0b04136f8be580fdc39d6f1f97d,same_d
02_latency_throughput,lat_bf16_m128n256k16_same_d_in0_q64,1,,NVIDIA Thor,11.0,580.00,13.0,PTX ISA 9.3 / CUDA 13.0,1575.000,,,,bf16,128,256,16,64,8,74,2,discard,same,1,1,64,1,nocount,sw128,sw128,16,16,16,0,512,0,0,none,0,none,0,4,20,391702.0,248.69968253968256,,,,,12288,,43.17423380018483,,,0,0.0,1,bf14b28d2af4128daa99f23eec8a5e105636d0b04136f8be580fdc39d6f1f97d,same_d
02_latency_throughput,lat_bf16_m128n256k16_same_d_in0_q64,1,,NVIDIA Thor,11.0,580.00,13.0,PTX ISA 9.3 / CUDA 13.0,1575.000,,,,bf16,128,256,16,64,8,74,3,discard,same,1,1,64,1,nocount,sw128,sw128,16,16,16,0,512,0,0,none,0,none,0,4,20,391704.0,248.7009523809524,,,,,12288,,43.174013357024684,,,0,0.0,1,bf14b28d2af4128daa99f23eec8a5e105636d0b04136f8be580fdc39d6f1f97d,same_d
02_latency_throughput,lat_bf16_m128n256k16_same_d_in0_q64,1,,NVIDIA Thor,11.0,580.00,13.0,PTX ISA 9.3 / CUDA 13.0,1575.000,,,,bf16,128,256,16,64,8,74,4,discard,same,1,1,64,1,nocount,sw128,sw128,16,16,16,0,512,0,0,none,0,none,0,4,20,391698.0,248.69714285714286,,,,,12288,,43.17467469325858,,,0,0.0,1,bf14b28d2af4128daa99f23eec8a5e105636d0b04136f8be580fdc39d6f1f97d,same_d
02_latency_throughput,commit_prefix_c8_p1,1,,NVIDIA Thor,11.0,580.00,13.0,PTX ISA 9.3 / CUDA 13.0,1575.000,,,,bf16,128,128,16,16,128,75,0,discard,same,4,4,8,1,count,sw128,sw128,16,16,16,0,512,0,128,none,0,none,0,4,20,1990267.0,1263.6615873015874,,,,,8192,,16.994135689332136,,,0,0.0,1,bf14b28d2af4128daa99f23eec8a5e105636d0b04136f8be580fdc39d6f1f97d,commit prefix scan; pending_mbarriers is prefix tracking count; UTCHMMA=21;UTCHMMA_WS=16;UTCBAR=1;UTCATOMSWS=3;SYNCS_TRYWAIT=8;LDS=21;LDG=9;ptx_tcgen05_mma=21;ptx_tcgen05_mma_ws=16;ptx_tcgen05_commit=1;ptx_tcgen05_alloc=1;ptx_tcgen05_dealloc=1;ptx_tcgen05_ld=5;ptx_tcgen05_st=5;ptx_mbarrier_wait=5;ptx_cp_async_tma=2;ptx_ld_shared=26;ptx_ld_global=7
02_latency_throughput,commit_prefix_c8_p1,1,,NVIDIA Thor,11.0,580.00,13.0,PTX ISA 9.3 / CUDA 13.0,1575.000,,,,bf16,128,128,16,16,128,75,1,discard,same,4,4,8,1,count,sw128,sw128,16,16,16,0,512,0,128,none,0,none,0,4,20,1990272.0,1263.664761904762,,,,,8192,,16.994092996334167,,,0,0.0,1,bf14b28d2af4128daa99f23eec8a5e105636d0b04136f8be580fdc39d6f1f97d,commit prefix scan; pending_mbarriers is prefix tracking count
02_latency_throughput,commit_prefix_c8_p1,1,,NVIDIA Thor,11.0,580.00,13.0,PTX ISA 9.3 / CUDA 13.0,1575.000,,,,bf16,128,128,16,16,128,75,2,discard,same,4,4,8,1,count,sw128,sw128,16,16,16,0,512,0,128,none,0,none,0,4,20,1990273.0,1263.6653968253968,,,,,8192,,16.99408445776032,,,0,0.0,1,bf14b28d2af4128daa99f23eec8a5e105636d0b04136f8be580fdc39d6f1f97d,commit prefix scan; pending_mbarriers is prefix tracking count
02_latency_throughput,commit_prefix_c8_p1,1,,NVIDIA Thor,11.0,580.00,13.0,PTX ISA 9.3 / CUDA 13.0,1575.000,,,,bf16,128,128,16,16,128,75,3,discard,same,4,4,8,1,count,sw128,sw128,16,16,16,0,512,0,128,none,0,none,0,4,20,1990268.0,1263.6622222222222,,,,,8192,,16.994127150715382,,,0,0.0,1,bf14b28d2af4128daa99f23eec8a5e105636d0b04136f8be580fdc39d6f1f97d,commit prefix scan; pending_mbarriers is prefix tracking count
02_latency_throughput,commit_prefix_c8_p1,1,,NVIDIA Thor,11.0,580.00,13.0,PTX ISA 9.3 / CUDA 13.0,1575.000,,,,bf16,128,128,16,16,128,75,4,discard,same,4,4,8,1,count,sw128,sw128,16,16,16,0,512,0,128,none,0,none,0,4,20,1990268.0,1263.6622222222222,,,,,8192,,16.994127150715382,,,0,0.0,1,bf14b28d2af4128daa99f23eec8a5e105636d0b04136f8be580fdc39d6f1f97d,commit prefix scan; pending_mbarriers is prefix tracking count
02_latency_throughput,lat_fp16_m128n256k16_same_d_in0_q32,1,,NVIDIA Thor,11.0,580.00,13.0,PTX ISA 9.3 / CUDA 13.0,1575.000,,,,fp16,128,256,16,32,16,76,0,discard,same,1,1,32,1,nocount,sw128,sw128,16,16,16,0,512,0,0,none,0,none,0,4,20,398006.0,252.70222222222222,,,,,12288,,42.490398958809664,,,0,0.0,1,bf14b28d2af4128daa99f23eec8a5e105636d0b04136f8be580fdc39d6f1f97d,same_d; UTCHMMA=21;UTCHMMA_WS=16;UTCBAR=1;UTCATOMSWS=3;SYNCS_TRYWAIT=8;LDS=21;LDG=9;ptx_tcgen05_mma=21;ptx_tcgen05_mma_ws=16;ptx_tcgen05_commit=1;ptx_tcgen05_alloc=1;ptx_tcgen05_dealloc=1;ptx_tcgen05_ld=5;ptx_tcgen05_st=5;ptx_mbarrier_wait=5;ptx_cp_async_tma=2;ptx_ld_shared=26;ptx_ld_global=7
02_latency_throughput,lat_fp16_m128n256k16_same_d_in0_q32,1,,NVIDIA Thor,11.0,580.00,13.0,PTX ISA 9.3 / CUDA 13.0,1575.000,,,,fp16,128,256,16,32,16,76,1,discard,same,1,1,32,1,nocount,sw128,sw128,16,16,16,0,512,0,0,none,0,none,0,4,20,398011.0,252.7053968253968,,,,,12288,,42.48986517458061,,,0,0.0,1,bf14b28d2af4128daa99f23eec8a5e105636d0b04136f8be580fdc39d6f1f97d,same_d
02_latency_throughput,lat_fp16_m128n256k16_same_d_in0_q32,1,,NVIDIA Thor,11.0,580.00,13.0,PTX ISA 9.3 / CUDA 13.0,1575.000,,,,fp16,128,256,16,32,16,76,2,discard,same,1,1,32,1,nocount,sw128,sw128,16,16,16,0,512,0,0,none,0,none,0,4,20,398026.0,252.71492063492065,,,,,12288,,42.488263902358135,,,0,0.0,1,bf14b28d2af4128daa99f23eec8a5e105636d0b04136f8be580fdc39d6f1f97d,same_d
02_latency_throughput,lat_fp16_m128n256k16_same_d_in0_q32,1,,NVIDIA Thor,11.0,580.00,13.0,PTX ISA 9.3 / CUDA 13.0,1575.000,,,,fp16,128,256,16,32,16,76,3,discard,same,1,1,32,1,nocount,sw128,sw128,16,16,16,0,512,0,0,none,0,none,0,4,20,398011.0,252.7053968253968,,,,,12288,,42.48986517458061,,,0,0.0,1,bf14b28d2af4128daa99f23eec8a5e105636d0b04136f8be580fdc39d6f1f97d,same_d
02_latency_throughput,lat_fp16_m128n256k16_same_d_in0_q32,1,,NVIDIA Thor,11.0,580.00,13.0,PTX ISA 9.3 / CUDA 13.0,1575.000,,,,fp16,128,256,16,32,16,76,4,discard,same,1,1,32,1,nocount,sw128,sw128,16,16,16,0,512,0,0,none,0,none,0,4,20,398015.0,252.7079365079365,,,,,12288,,42.48943815685339,,,0,0.0,1,bf14b28d2af4128daa99f23eec8a5e105636d0b04136f8be580fdc39d6f1f97d,same_d
02_latency_throughput,lat_fp16_m128n64k16_same_d_in0_q8,1,,NVIDIA Thor,11.0,580.00,13.0,PTX ISA 9.3 / CUDA 13.0,1575.000,,,,fp16,128,64,16,8,64,77,0,discard,same,1,1,8,1,nocount,sw128,sw128,16,16,16,0,512,0,0,none,0,none,0,4,20,435698.0,276.63365079365076,,,,,6144,,9.703644340804871,,,0,0.0,1,bf14b28d2af4128daa99f23eec8a5e105636d0b04136f8be580fdc39d6f1f97d,same_d; UTCHMMA=21;UTCHMMA_WS=16;UTCBAR=1;UTCATOMSWS=3;SYNCS_TRYWAIT=8;LDS=21;LDG=9;ptx_tcgen05_mma=21;ptx_tcgen05_mma_ws=16;ptx_tcgen05_commit=1;ptx_tcgen05_alloc=1;ptx_tcgen05_dealloc=1;ptx_tcgen05_ld=5;ptx_tcgen05_st=5;ptx_mbarrier_wait=5;ptx_cp_async_tma=2;ptx_ld_shared=26;ptx_ld_global=7
02_latency_throughput,lat_fp16_m128n64k16_same_d_in0_q8,1,,NVIDIA Thor,11.0,580.00,13.0,PTX ISA 9.3 / CUDA 13.0,1575.000,,,,fp16,128,64,16,8,64,77,1,discard,same,1,1,8,1,nocount,sw128,sw128,16,16,16,0,512,0,0,none,0,none,0,4,20,435690.0,276.62857142857143,,,,,6144,,9.70382251600909,,,0,0.0,1,bf14b28d2af4128daa99f23eec8a5e105636d0b04136f8be580fdc39d6f1f97d,same_d
02_latency_throughput,lat_fp16_m128n64k16_same_d_in0_q8,1,,NVIDIA Thor,11.0,580.00,13.0,PTX ISA 9.3 / CUDA 13.0,1575.000,,,,fp16,128,64,16,8,64,77,2,discard,same,1,1,8,1,nocount,sw128,sw128,16,16,16,0,512,0,0,none,0,none,0,4,20,435690.0,276.62857142857143,,,,,6144,,9.70382251600909,,,0,0.0,1,bf14b28d2af4128daa99f23eec8a5e105636d0b04136f8be580fdc39d6f1f97d,same_d
02_latency_throughput,lat_fp16_m128n64k16_same_d_in0_q8,1,,NVIDIA Thor,11.0,580.00,13.0,PTX ISA 9.3 / CUDA 13.0,1575.000,,,,fp16,128,64,16,8,64,77,3,discard,same,1,1,8,1,nocount,sw128,sw128,16,16,16,0,512,0,0,none,0,none,0,4,20,435700.0,276.6349206349206,,,,,6144,,9.703599798026167,,,0,0.0,1,bf14b28d2af4128daa99f23eec8a5e105636d0b04136f8be580fdc39d6f1f97d,same_d
02_latency_throughput,lat_fp16_m128n64k16_same_d_in0_q8,1,,NVIDIA Thor,11.0,580.00,13.0,PTX ISA 9.3 / CUDA 13.0,1575.000,,,,fp16,128,64,16,8,64,77,4,discard,same,1,1,8,1,nocount,sw128,sw128,16,16,16,0,512,0,0,none,0,none,0,4,20,435694.0,276.63111111111107,,,,,6144,,9.703733427589087,,,0,0.0,1,bf14b28d2af4128daa99f23eec8a5e105636d0b04136f8be580fdc39d6f1f97d,same_d
02_latency_throughput,lat_bf16_m128n256k16_same_d_in1_q16,1,,NVIDIA Thor,11.0,580.00,13.0,PTX ISA 9.3 / CUDA 13.0,1575.000,,,,bf16,128,256,16,16,32,78,0,discard,same,1,1,16,1,nocount,sw128,sw128,16,16,16,0,512,0,0,none,1,none,0,4,20,410688.0,260.7542857142857,,,,,12288,,41.17830014025245,,,0,0.0,1,bf14b28d2af4128daa99f23eec8a5e105636d0b04136f8be580fdc39d6f1f97d,same_d; UTCHMMA=21;UTCHMMA_WS=16;UTCBAR=1;UTCATOMSWS=3;SYNCS_TRYWAIT=8;LDS=21;LDG=9;ptx_tcgen05_mma=21;ptx_tcgen05_mma_ws=16;ptx_tcgen05_commit=1;ptx_tcgen05_alloc=1;ptx_tcgen05_dealloc=1;ptx_tcgen05_ld=5;ptx_tcgen05_st=5;ptx_mbarrier_wait=5;ptx_cp_async_tma=2;ptx_ld_shared=26;ptx_ld_global=7
02_latency_throughput,lat_bf16_m128n256k16_same_d_in1_q16,1,,NVIDIA Thor,11.0,580.00,13.0,PTX ISA 9.3 / CUDA 13.0,1575.000,,,,bf16,128,256,16,16,32,78,1,discard,same,1,1,16,1,nocount,sw128,sw128,16,16,16,0,512,0,0,none,1,none,0,4,20,410634.0,260.71999999999997,,,,,12288,,41.18371525007671,,,0,0.0,1,bf14b28d2af4128daa99f23eec8a5e105636d0b04136f8be580fdc39d6f1f97d,same_d
02_latency_throughput,lat_bf16_m128n256k16_same_d_in1_q16,1,,NVIDIA Thor,11.0,580.00,13.0,PTX ISA 9.3 / CUDA 13.0,1575.000,,,,bf16,128,256,16,16,32,78,2,discard,same,1,1,16,1,nocount,sw128,sw128,16,16,16,0,512,0,0,none,1,none,0,4,20,410633.0,260.7193650793651,,,,,12288,,41.1838155433197,,,0,0.0,1,bf14b28d2af4128daa99f23eec8a5e105636d0b04136f8be580fdc39d6f1f97d,same_d
02_latency_throughput,lat_bf16_m128n256k16_same_d_in1_q16,1,,NVIDIA Thor,11.0,580.00,13.0,PTX ISA 9.3 / CUDA 13.0,1575.000,,,,bf16,128,256,16,16,32,78,3,discard,same,1,1,16,1,nocount,sw128,sw128,16,16,16,0,512,0,0,none,1,none,0,4,20,410628.0,260.71619047619043,,,,,12288,,41.184317016861975,,,0,0.0,1,bf14b28d2af4128daa99f23eec8a5e105636d0b04136f8be580fdc39d6f1f97d,same_d
02_latency_throughput,lat_bf16_m128n256k16_same_d_in1_q16,1,,NVIDIA Thor,11.0,580.00,13.0,PTX ISA 9.3 / CUDA 13.0,1575.000,,,,bf16,128,256,16,16,32,78,4,discard,same,1,1,16,1,nocount,sw128,sw128,16,16,16,0,512,0,0,none,1,none,0,4,20,410631.0,260.71809523809526,,,,,12288,,41.18401613127114,,,0,0.0,1,bf14b28d2af4128daa99f23eec8a5e105636d0b04136f8be580fdc39d6f1f97d,same_d
02_latency_throughput,lat_fp16_m128n256k16_legal_ring_in1_q32,1,,NVIDIA Thor,11.0,580.00,13.0,PTX ISA 9.3 / CUDA 13.0,1575.000,,,,fp16,128,256,16,32,16,79,0,discard,same,2,2,32,1,nocount,sw128,sw128,16,16,16,0,512,0,256,none,1,none,0,4,20,460088.0,292.1193650793651,,,,,12288,,36.75695459998956,,,0,0.0,1,bf14b28d2af4128daa99f23eec8a5e105636d0b04136f8be580fdc39d6f1f97d,legal_ring; UTCHMMA=21;UTCHMMA_WS=16;UTCBAR=1;UTCATOMSWS=3;SYNCS_TRYWAIT=8;LDS=21;LDG=9;ptx_tcgen05_mma=21;ptx_tcgen05_mma_ws=16;ptx_tcgen05_commit=1;ptx_tcgen05_alloc=1;ptx_tcgen05_dealloc=1;ptx_tcgen05_ld=5;ptx_tcgen05_st=5;ptx_mbarrier_wait=5;ptx_cp_async_tma=2;ptx_ld_shared=26;ptx_ld_global=7
02_latency_throughput,lat_fp16_m128n256k16_legal_ring_in1_q32,1,,NVIDIA Thor,11.0,580.00,13.0,PTX ISA 9.3 / CUDA 13.0,1575.000,,,,fp16,128,256,16,32,16,79,1,discard,same,2,2,32,1,nocount,sw128,sw128,16,16,16,0,512,0,256,none,1,none,0,4,20,460085.0,292.1174603174603,,,,,12288,,36.75719427497093,,,0,0.0,1,bf14b28d2af4128daa99f23eec8a5e105636d0b04136f8be580fdc39d6f1f97d,legal_ring
02_latency_throughput,lat_fp16_m128n256k16_legal_ring_in1_q32,1,,NVIDIA Thor,11.0,580.00,13.0,PTX ISA 9.3 / CUDA 13.0,1575.000,,,,fp16,128,256,16,32,16,79,2,discard,same,2,2,32,1,nocount,sw128,sw128,16,16,16,0,512,0,256,none,1,none,0,4,20,460086.0,292.11809523809524,,,,,12288,,36.75711438296318,,,0,0.0,1,bf14b28d2af4128daa99f23eec8a5e105636d0b04136f8be580fdc39d6f1f97d,legal_ring
02_latency_throughput,lat_fp16_m128n256k16_legal_ring_in1_q32,1,,NVIDIA Thor,11.0,580.00,13.0,PTX ISA 9.3 / CUDA 13.0,1575.000,,,,fp16,128,256,16,32,16,79,3,discard,same,2,2,32,1,nocount,sw128,sw128,16,16,16,0,512,0,256,none,1,none,0,4,20,460087.0,292.11873015873016,,,,,12288,,36.75703449130273,,,0,0.0,1,bf14b28d2af4128daa99f23eec8a5e105636d0b04136f8be580fdc39d6f1f97d,legal_ring
02_latency_throughput,lat_fp16_m128n256k16_legal_ring_in1_q32,1,,NVIDIA Thor,11.0,580.00,13.0,PTX ISA 9.3 / CUDA 13.0,1575.000,,,,fp16,128,256,16,32,16,79,4,discard,same,2,2,32,1,nocount,sw128,sw128,16,16,16,0,512,0,256,none,1,none,0,4,20,460083.0,292.11619047619047,,,,,12288,,36.757354060028305,,,0,0.0,1,bf14b28d2af4128daa99f23eec8a5e105636d0b04136f8be580fdc39d6f1f97d,legal_ring
02_latency_throughput,lat_fp16_m128n256k16_legal_ring_in1_q4,1,,NVIDIA Thor,11.0,580.00,13.0,PTX ISA 9.3 / CUDA 13.0,1575.000,,,,fp16,128,256,16,4,128,80,0,discard,same,2,2,4,1,nocount,sw128,sw128,16,16,16,0,512,0,256,none,1,none,0,4,20,547819.0,347.82158730158733,,,,,12288,,30.870476796168077,,,0,0.0,1,bf14b28d2af4128daa99f23eec8a5e105636d0b04136f8be580fdc39d6f1f97d,legal_ring; UTCHMMA=21;UTCHMMA_WS=16;UTCBAR=1;UTCATOMSWS=3;SYNCS_TRYWAIT=8;LDS=21;LDG=9;ptx_tcgen05_mma=21;ptx_tcgen05_mma_ws=16;ptx_tcgen05_commit=1;ptx_tcgen05_alloc=1;ptx_tcgen05_dealloc=1;ptx_tcgen05_ld=5;ptx_tcgen05_st=5;ptx_mbarrier_wait=5;ptx_cp_async_tma=2;ptx_ld_shared=26;ptx_ld_global=7
02_latency_throughput,lat_fp16_m128n256k16_legal_ring_in1_q4,1,,NVIDIA Thor,11.0,580.00,13.0,PTX ISA 9.3 / CUDA 13.0,1575.000,,,,fp16,128,256,16,4,128,80,1,discard,same,2,2,4,1,nocount,sw128,sw128,16,16,16,0,512,0,256,none,1,none,0,4,20,547819.0,347.82158730158733,,,,,12288,,30.870476796168077,,,0,0.0,1,bf14b28d2af4128daa99f23eec8a5e105636d0b04136f8be580fdc39d6f1f97d,legal_ring
02_latency_throughput,lat_fp16_m128n256k16_legal_ring_in1_q4,1,,NVIDIA Thor,11.0,580.00,13.0,PTX ISA 9.3 / CUDA 13.0,1575.000,,,,fp16,128,256,16,4,128,80,2,discard,same,2,2,4,1,nocount,sw128,sw128,16,16,16,0,512,0,256,none,1,none,0,4,20,547816.0,347.8196825396825,,,,,12288,,30.87064585189188,,,0,0.0,1,bf14b28d2af4128daa99f23eec8a5e105636d0b04136f8be580fdc39d6f1f97d,legal_ring
02_latency_throughput,lat_fp16_m128n256k16_legal_ring_in1_q4,1,,NVIDIA Thor,11.0,580.00,13.0,PTX ISA 9.3 / CUDA 13.0,1575.000,,,,fp16,128,256,16,4,128,80,3,discard,same,2,2,4,1,nocount,sw128,sw128,16,16,16,0,512,0,256,none,1,none,0,4,20,547817.0,347.8203174603175,,,,,12288,,30.870589499778212,,,0,0.0,1,bf14b28d2af4128daa99f23eec8a5e105636d0b04136f8be580fdc39d6f1f97d,legal_ring
02_latency_throughput,lat_fp16_m128n256k16_legal_ring_in1_q4,1,,NVIDIA Thor,11.0,580.00,13.0,PTX ISA 9.3 / CUDA 13.0,1575.000,,,,fp16,128,256,16,4,128,80,4,discard,same,2,2,4,1,nocount,sw128,sw128,16,16,16,0,512,0,256,none,1,none,0,4,20,547817.0,347.8203174603175,,,,,12288,,30.870589499778212,,,0,0.0,1,bf14b28d2af4128daa99f23eec8a5e105636d0b04136f8be580fdc39d6f1f97d,legal_ring
02_latency_throughput,lat_bf16_m128n64k16_legal_ring_in0_q8,1,,NVIDIA Thor,11.0,580.00,13.0,PTX ISA 9.3 / CUDA 13.0,1575.000,,,,bf16,128,64,16,8,64,81,0,discard,same,8,8,8,1,nocount,sw128,sw128,16,16,16,0,512,0,64,none,0,none,0,4,20,497654.0,315.9707936507936,,,,,6144,,8.495578116522726,,,0,0.0,1,bf14b28d2af4128daa99f23eec8a5e105636d0b04136f8be580fdc39d6f1f97d,legal_ring; UTCHMMA=21;UTCHMMA_WS=16;UTCBAR=1;UTCATOMSWS=3;SYNCS_TRYWAIT=8;LDS=21;LDG=9;ptx_tcgen05_mma=21;ptx_tcgen05_mma_ws=16;ptx_tcgen05_commit=1;ptx_tcgen05_alloc=1;ptx_tcgen05_dealloc=1;ptx_tcgen05_ld=5;ptx_tcgen05_st=5;ptx_mbarrier_wait=5;ptx_cp_async_tma=2;ptx_ld_shared=26;ptx_ld_global=7
02_latency_throughput,lat_bf16_m128n64k16_legal_ring_in0_q8,1,,NVIDIA Thor,11.0,580.00,13.0,PTX ISA 9.3 / CUDA 13.0,1575.000,,,,bf16,128,64,16,8,64,81,1,discard,same,8,8,8,1,nocount,sw128,sw128,16,16,16,0,512,0,64,none,0,none,0,4,20,497651.0,315.9688888888889,,,,,6144,,8.495629330595136,,,0,0.0,1,bf14b28d2af4128daa99f23eec8a5e105636d0b04136f8be580fdc39d6f1f97d,legal_ring
02_latency_throughput,lat_bf16_m128n64k16_legal_ring_in0_q8,1,,NVIDIA Thor,11.0,580.00,13.0,PTX ISA 9.3 / CUDA 13.0,1575.000,,,,bf16,128,64,16,8,64,81,2,discard,same,8,8,8,1,nocount,sw128,sw128,16,16,16,0,512,0,64,none,0,none,0,4,20,497651.0,315.9688888888889,,,,,6144,,8.495629330595136,,,0,0.0,1,bf14b28d2af4128daa99f23eec8a5e105636d0b04136f8be580fdc39d6f1f97d,legal_ring
02_latency_throughput,lat_bf16_m128n64k16_legal_ring_in0_q8,1,,NVIDIA Thor,11.0,580.00,13.0,PTX ISA 9.3 / CUDA 13.0,1575.000,,,,bf16,128,64,16,8,64,81,3,discard,same,8,8,8,1,nocount,sw128,sw128,16,16,16,0,512,0,64,none,0,none,0,4,20,497706.0,316.0038095238095,,,,,6144,,8.494690504032501,,,0,0.0,1,bf14b28d2af4128daa99f23eec8a5e105636d0b04136f8be580fdc39d6f1f97d,legal_ring
02_latency_throughput,lat_bf16_m128n64k16_legal_ring_in0_q8,1,,NVIDIA Thor,11.0,580.00,13.0,PTX ISA 9.3 / CUDA 13.0,1575.000,,,,bf16,128,64,16,8,64,81,4,discard,same,8,8,8,1,nocount,sw128,sw128,16,16,16,0,512,0,64,none,0,none,0,4,20,497643.0,315.9638095238095,,,,,6144,,8.49576590447369,,,0,0.0,1,bf14b28d2af4128daa99f23eec8a5e105636d0b04136f8be580fdc39d6f1f97d,legal_ring
02_latency_throughput,lat_bf16_m128n64k16_same_d_in0_q4,1,,NVIDIA Thor,11.0,580.00,13.0,PTX ISA 9.3 / CUDA 13.0,1575.000,,,,bf16,128,64,16,4,128,82,0,discard,same,1,1,4,1,nocount,sw128,sw128,16,16,16,0,512,0,0,none,0,none,0,4,20,485743.0,308.408253968254,,,,,6144,,8.70389986474329,,,0,0.0,1,bf14b28d2af4128daa99f23eec8a5e105636d0b04136f8be580fdc39d6f1f97d,same_d; UTCHMMA=21;UTCHMMA_WS=16;UTCBAR=1;UTCATOMSWS=3;SYNCS_TRYWAIT=8;LDS=21;LDG=9;ptx_tcgen05_mma=21;ptx_tcgen05_mma_ws=16;ptx_tcgen05_commit=1;ptx_tcgen05_alloc=1;ptx_tcgen05_dealloc=1;ptx_tcgen05_ld=5;ptx_tcgen05_st=5;ptx_mbarrier_wait=5;ptx_cp_async_tma=2;ptx_ld_shared=26;ptx_ld_global=7
02_latency_throughput,lat_bf16_m128n64k16_same_d_in0_q4,1,,NVIDIA Thor,11.0,580.00,13.0,PTX ISA 9.3 / CUDA 13.0,1575.000,,,,bf16,128,64,16,4,128,82,1,discard,same,1,1,4,1,nocount,sw128,sw128,16,16,16,0,512,0,0,none,0,none,0,4,20,485750.0,308.41269841269843,,,,,6144,,8.70377443540916,,,0,0.0,1,bf14b28d2af4128daa99f23eec8a5e105636d0b04136f8be580fdc39d6f1f97d,same_d
02_latency_throughput,lat_bf16_m128n64k16_same_d_in0_q4,1,,NVIDIA Thor,11.0,580.00,13.0,PTX ISA 9.3 / CUDA 13.0,1575.000,,,,bf16,128,64,16,4,128,82,2,discard,same,1,1,4,1,nocount,sw128,sw128,16,16,16,0,512,0,0,none,0,none,0,4,20,485750.0,308.41269841269843,,,,,6144,,8.70377443540916,,,0,0.0,1,bf14b28d2af4128daa99f23eec8a5e105636d0b04136f8be580fdc39d6f1f97d,same_d
02_latency_throughput,lat_bf16_m128n64k16_same_d_in0_q4,1,,NVIDIA Thor,11.0,580.00,13.0,PTX ISA 9.3 / CUDA 13.0,1575.000,,,,bf16,128,64,16,4,128,82,3,discard,same,1,1,4,1,nocount,sw128,sw128,16,16,16,0,512,0,0,none,0,none,0,4,20,485745.0,308.4095238095238,,,,,6144,,8.703864027421796,,,0,0.0,1,bf14b28d2af4128daa99f23eec8a5e105636d0b04136f8be580fdc39d6f1f97d,same_d
02_latency_throughput,lat_bf16_m128n64k16_same_d_in0_q4,1,,NVIDIA Thor,11.0,580.00,13.0,PTX ISA 9.3 / CUDA 13.0,1575.000,,,,bf16,128,64,16,4,128,82,4,discard,same,1,1,4,1,nocount,sw128,sw128,16,16,16,0,512,0,0,none,0,none,0,4,20,485747.0,308.41079365079366,,,,,6144,,8.703828190395413,,,0,0.0,1,bf14b28d2af4128daa99f23eec8a5e105636d0b04136f8be580fdc39d6f1f97d,same_d
02_latency_throughput,lat_fp16_m128n128k16_legal_ring_in0_q3,1,,NVIDIA Thor,11.0,580.00,13.0,PTX ISA 9.3 / CUDA 13.0,1575.000,,,,fp16,128,128,16,3,170,83,0,discard,same,4,4,3,1,nocount,sw128,sw128,16,16,16,0,512,0,128,none,0,none,0,4,20,578875.0,367.53968253968253,,,,,8192,,14.550095823796156,,,0,0.0,1,bf14b28d2af4128daa99f23eec8a5e105636d0b04136f8be580fdc39d6f1f97d,legal_ring; UTCHMMA=21;UTCHMMA_WS=16;UTCBAR=1;UTCATOMSWS=3;SYNCS_TRYWAIT=8;LDS=21;LDG=9;ptx_tcgen05_mma=21;ptx_tcgen05_mma_ws=16;ptx_tcgen05_commit=1;ptx_tcgen05_alloc=1;ptx_tcgen05_dealloc=1;ptx_tcgen05_ld=5;ptx_tcgen05_st=5;ptx_mbarrier_wait=5;ptx_cp_async_tma=2;ptx_ld_shared=26;ptx_ld_global=7
02_latency_throughput,lat_fp16_m128n128k16_legal_ring_in0_q3,1,,NVIDIA Thor,11.0,580.00,13.0,PTX ISA 9.3 / CUDA 13.0,1575.000,,,,fp16,128,128,16,3,170,83,1,discard,same,4,4,3,1,nocount,sw128,sw128,16,16,16,0,512,0,128,none,0,none,0,4,20,578876.0,367.54031746031745,,,,,8192,,14.550070688713992,,,0,0.0,1,bf14b28d2af4128daa99f23eec8a5e105636d0b04136f8be580fdc39d6f1f97d,legal_ring
02_latency_throughput,lat_fp16_m128n128k16_legal_ring_in0_q3,1,,NVIDIA Thor,11.0,580.00,13.0,PTX ISA 9.3 / CUDA 13.0,1575.000,,,,fp16,128,128,16,3,170,83,2,discard,same,4,4,3,1,nocount,sw128,sw128,16,16,16,0,512,0,128,none,0,none,0,4,20,578873.0,367.5384126984127,,,,,8192,,14.550146094221011,,,0,0.0,1,bf14b28d2af4128daa99f23eec8a5e105636d0b04136f8be580fdc39d6f1f97d,legal_ring
02_latency_throughput,lat_fp16_m128n128k16_legal_ring_in0_q3,1,,NVIDIA Thor,11.0,580.00,13.0,PTX ISA 9.3 / CUDA 13.0,1575.000,,,,fp16,128,128,16,3,170,83,3,discard,same,4,4,3,1,nocount,sw128,sw128,16,16,16,0,512,0,128,none,0,none,0,4,20,578884.0,367.54539682539684,,,,,8192,,14.5498696111829,,,0,0.0,1,bf14b28d2af4128daa99f23eec8a5e105636d0b04136f8be580fdc39d6f1f97d,legal_ring
02_latency_throughput,lat_fp16_m128n128k16_legal_ring_in0_q3,1,,NVIDIA Thor,11.0,580.00,13.0,PTX ISA 9.3 / CUDA 13.0,1575.000,,,,fp16,128,128,16,3,170,83,4,discard,same,4,4,3,1,nocount,sw128,sw128,16,16,16,0,512,0,128,none,0,none,0,4,20,578874.0,367.5390476190476,,,,,8192,,14.550120958965165,,,0,0.0,1,bf14b28d2af4128daa99f23eec8a5e105636d0b04136f8be580fdc39d6f1f97d,legal_ring
02_latency_throughput,lat_bf16_m128n256k16_same_d_in1_q2,1,,NVIDIA Thor,11.0,580.00,13.0,PTX ISA 9.3 / CUDA 13.0,1575.000,,,,bf16,128,256,16,2,256,84,0,discard,same,1,1,2,1,nocount,sw128,sw128,16,16,16,0,512,0,0,none,1,none,0,4,20,586096.0,372.12444444444446,,,,,12288,,28.854374928339382,,,0,0.0,1,bf14b28d2af4128daa99f23eec8a5e105636d0b04136f8be580fdc39d6f1f97d,same_d; UTCHMMA=21;UTCHMMA_WS=16;UTCBAR=1;UTCATOMSWS=3;SYNCS_TRYWAIT=8;LDS=21;LDG=9;ptx_tcgen05_mma=21;ptx_tcgen05_mma_ws=16;ptx_tcgen05_commit=1;ptx_tcgen05_alloc=1;ptx_tcgen05_dealloc=1;ptx_tcgen05_ld=5;ptx_tcgen05_st=5;ptx_mbarrier_wait=5;ptx_cp_async_tma=2;ptx_ld_shared=26;ptx_ld_global=7
02_latency_throughput,lat_bf16_m128n256k16_same_d_in1_q2,1,,NVIDIA Thor,11.0,580.00,13.0,PTX ISA 9.3 / CUDA 13.0,1575.000,,,,bf16,128,256,16,2,256,84,1,discard,same,1,1,2,1,nocount,sw128,sw128,16,16,16,0,512,0,0,none,1,none,0,4,20,586093.0,372.12253968253964,,,,,12288,,28.854522623542678,,,0,0.0,1,bf14b28d2af4128daa99f23eec8a5e105636d0b04136f8be580fdc39d6f1f97d,same_d
02_latency_throughput,lat_bf16_m128n256k16_same_d_in1_q2,1,,NVIDIA Thor,11.0,580.00,13.0,PTX ISA 9.3 / CUDA 13.0,1575.000,,,,bf16,128,256,16,2,256,84,2,discard,same,1,1,2,1,nocount,sw128,sw128,16,16,16,0,512,0,0,none,1,none,0,4,20,586097.0,372.12507936507933,,,,,12288,,28.854325696940954,,,0,0.0,1,bf14b28d2af4128daa99f23eec8a5e105636d0b04136f8be580fdc39d6f1f97d,same_d
02_latency_throughput,lat_bf16_m128n256k16_same_d_in1_q2,1,,NVIDIA Thor,11.0,580.00,13.0,PTX ISA 9.3 / CUDA 13.0,1575.000,,,,bf16,128,256,16,2,256,84,3,discard,same,1,1,2,1,nocount,sw128,sw128,16,16,16,0,512,0,0,none,1,none,0,4,20,586101.0,372.127619047619,,,,,12288,,28.854128773027174,,,0,0.0,1,bf14b28d2af4128daa99f23eec8a5e105636d0b04136f8be580fdc39d6f1f97d,same_d
02_latency_throughput,lat_bf16_m128n256k16_same_d_in1_q2,1,,NVIDIA Thor,11.0,580.00,13.0,PTX ISA 9.3 / CUDA 13.0,1575.000,,,,bf16,128,256,16,2,256,84,4,discard,same,1,1,2,1,nocount,sw128,sw128,16,16,16,0,512,0,0,none,1,none,0,4,20,586096.0,372.12444444444446,,,,,12288,,28.854374928339382,,,0,0.0,1,bf14b28d2af4128daa99f23eec8a5e105636d0b04136f8be580fdc39d6f1f97d,same_d
02_latency_throughput,lat_fp16_m128n64k16_same_d_in1_q12,1,,NVIDIA Thor,11.0,580.00,13.0,PTX ISA 9.3 / CUDA 13.0,1575.000,,,,fp16,128,64,16,12,42,85,0,discard,same,1,1,12,1,nocount,sw128,sw128,16,16,16,0,512,0,0,none,1,none,0,4,20,412504.0,261.9073015873016,,,,,6144,,10.089109788026297,,,0,0.0,1,bf14b28d2af4128daa99f23eec8a5e105636d0b04136f8be580fdc39d6f1f97d,same_d; UTCHMMA=21;UTCHMMA_WS=16;UTCBAR=1;UTCATOMSWS=3;SYNCS_TRYWAIT=8;LDS=21;LDG=9;ptx_tcgen05_mma=21;ptx_tcgen05_mma_ws=16;ptx_tcgen05_commit=1;ptx_tcgen05_alloc=1;ptx_tcgen05_dealloc=1;ptx_tcgen05_ld=5;ptx_tcgen05_st=5;ptx_mbarrier_wait=5;ptx_cp_async_tma=2;ptx_ld_shared=26;ptx_ld_global=7
02_latency_throughput,lat_fp16_m128n64k16_same_d_in1_q12,1,,NVIDIA Thor,11.0,580.00,13.0,PTX ISA 9.3 / CUDA 13.0,1575.000,,,,fp16,128,64,16,12,42,85,1,discard,same,1,1,12,1,nocount,sw128,sw128,16,16,16,0,512,0,0,none,1,none,0,4,20,412502.0,261.9060317460318,,,,,6144,,10.089158704685069,,,0,0.0,1,bf14b28d2af4128daa99f23eec8a5e105636d0b04136f8be580fdc39d6f1f97d,same_d
02_latency_throughput,lat_fp16_m128n64k16_same_d_in1_q12,1,,NVIDIA Thor,11.0,580.00,13.0,PTX ISA 9.3 / CUDA 13.0,1575.000,,,,fp16,128,64,16,12,42,85,2,discard,same,1,1,12,1,nocount,sw128,sw128,16,16,16,0,512,0,0,none,1,none,0,4,20,412509.0,261.9104761904762,,,,,6144,,10.08898749845458,,,0,0.0,1,bf14b28d2af4128daa99f23eec8a5e105636d0b04136f8be580fdc39d6f1f97d,same_d
02_latency_throughput,lat_fp16_m128n64k16_same_d_in1_q12,1,,NVIDIA Thor,11.0,580.00,13.0,PTX ISA 9.3 / CUDA 13.0,1575.000,,,,fp16,128,64,16,12,42,85,3,discard,same,1,1,12,1,nocount,sw128,sw128,16,16,16,0,512,0,0,none,1,none,0,4,20,412505.0,261.9079365079365,,,,,6144,,10.08908532987479,,,0,0.0,1,bf14b28d2af4128daa99f23eec8a5e105636d0b04136f8be580fdc39d6f1f97d,same_d
02_latency_throughput,lat_fp16_m128n64k16_same_d_in1_q12,1,,NVIDIA Thor,11.0,580.00,13.0,PTX ISA 9.3 / CUDA 13.0,1575.000,,,,fp16,128,64,16,12,42,85,4,discard,same,1,1,12,1,nocount,sw128,sw128,16,16,16,0,512,0,0,none,1,none,0,4,20,412502.0,261.9060317460318,,,,,6144,,10.089158704685069,,,0,0.0,1,bf14b28d2af4128daa99f23eec8a5e105636d0b04136f8be580fdc39d6f1f97d,same_d
02_latency_throughput,lat_bf16_m128n128k16_legal_ring_in1_q4,1,,NVIDIA Thor,11.0,580.00,13.0,PTX ISA 9.3 / CUDA 13.0,1575.000,,,,bf16,128,128,16,4,128,86,0,discard,same,4,4,4,1,nocount,sw128,sw128,16,16,16,0,512,0,128,none,1,none,0,4,20,547818.0,347.82095238095235,,,,,8192,,15.43526657393514,,,0,0.0,1,bf14b28d2af4128daa99f23eec8a5e105636d0b04136f8be580fdc39d6f1f97d,legal_ring; UTCHMMA=21;UTCHMMA_WS=16;UTCBAR=1;UTCATOMSWS=3;SYNCS_TRYWAIT=8;LDS=21;LDG=9;ptx_tcgen05_mma=21;ptx_tcgen05_mma_ws=16;ptx_tcgen05_commit=1;ptx_tcgen05_alloc=1;ptx_tcgen05_dealloc=1;ptx_tcgen05_ld=5;ptx_tcgen05_st=5;ptx_mbarrier_wait=5;ptx_cp_async_tma=2;ptx_ld_shared=26;ptx_ld_global=7
02_latency_throughput,lat_bf16_m128n128k16_legal_ring_in1_q4,1,,NVIDIA Thor,11.0,580.00,13.0,PTX ISA 9.3 / CUDA 13.0,1575.000,,,,bf16,128,128,16,4,128,86,1,discard,same,4,4,4,1,nocount,sw128,sw128,16,16,16,0,512,0,128,none,1,none,0,4,20,547818.0,347.82095238095235,,,,,8192,,15.43526657393514,,,0,0.0,1,bf14b28d2af4128daa99f23eec8a5e105636d0b04136f8be580fdc39d6f1f97d,legal_ring
02_latency_throughput,lat_bf16_m128n128k16_legal_ring_in1_q4,1,,NVIDIA Thor,11.0,580.00,13.0,PTX ISA 9.3 / CUDA 13.0,1575.000,,,,bf16,128,128,16,4,128,86,2,discard,same,4,4,4,1,nocount,sw128,sw128,16,16,16,0,512,0,128,none,1,none,0,4,20,547812.0,347.81714285714287,,,,,8192,,15.435435631201944,,,0,0.0,1,bf14b28d2af4128daa99f23eec8a5e105636d0b04136f8be580fdc39d6f1f97d,legal_ring
02_latency_throughput,lat_bf16_m128n128k16_legal_ring_in1_q4,1,,NVIDIA Thor,11.0,580.00,13.0,PTX ISA 9.3 / CUDA 13.0,1575.000,,,,bf16,128,128,16,4,128,86,3,discard,same,4,4,4,1,nocount,sw128,sw128,16,16,16,0,512,0,128,none,1,none,0,4,20,547822.0,347.82349206349204,,,,,8192,,15.43515387114793,,,0,0.0,1,bf14b28d2af4128daa99f23eec8a5e105636d0b04136f8be580fdc39d6f1f97d,legal_ring
02_latency_throughput,lat_bf16_m128n128k16_legal_ring_in1_q4,1,,NVIDIA Thor,11.0,580.00,13.0,PTX ISA 9.3 / CUDA 13.0,1575.000,,,,bf16,128,128,16,4,128,86,4,discard,same,4,4,4,1,nocount,sw128,sw128,16,16,16,0,512,0,128,none,1,none,0,4,20,547815.0,347.81904761904764,,,,,8192,,15.435351102105638,,,0,0.0,1,bf14b28d2af4128daa99f23eec8a5e105636d0b04136f8be580fdc39d6f1f97d,legal_ring
02_latency_throughput,lat_fp16_m128n64k16_legal_ring_in0_q2,1,,NVIDIA Thor,11.0,580.00,13.0,PTX ISA 9.3 / CUDA 13.0,1575.000,,,,fp16,128,64,16,2,256,87,0,discard,same,8,8,2,1,nocount,sw128,sw128,16,16,16,0,512,0,64,none,0,none,0,4,20,648058.0,411.46539682539685,,,,,6144,,6.523888960555999,,,0,0.0,1,bf14b28d2af4128daa99f23eec8a5e105636d0b04136f8be580fdc39d6f1f97d,legal_ring; UTCHMMA=21;UTCHMMA_WS=16;UTCBAR=1;UTCATOMSWS=3;SYNCS_TRYWAIT=8;LDS=21;LDG=9;ptx_tcgen05_mma=21;ptx_tcgen05_mma_ws=16;ptx_tcgen05_commit=1;ptx_tcgen05_alloc=1;ptx_tcgen05_dealloc=1;ptx_tcgen05_ld=5;ptx_tcgen05_st=5;ptx_mbarrier_wait=5;ptx_cp_async_tma=2;ptx_ld_shared=26;ptx_ld_global=7
02_latency_throughput,lat_fp16_m128n64k16_legal_ring_in0_q2,1,,NVIDIA Thor,11.0,580.00,13.0,PTX ISA 9.3 / CUDA 13.0,1575.000,,,,fp16,128,64,16,2,256,87,1,discard,same,8,8,2,1,nocount,sw128,sw128,16,16,16,0,512,0,64,none,0,none,0,4,20,648047.0,411.4584126984127,,,,,6144,,6.523999697552801,,,0,0.0,1,bf14b28d2af4128daa99f23eec8a5e105636d0b04136f8be580fdc39d6f1f97d,legal_ring
02_latency_throughput,lat_fp16_m128n64k16_legal_ring_in0_q2,1,,NVIDIA Thor,11.0,580.00,13.0,PTX ISA 9.3 / CUDA 13.0,1575.000,,,,fp16,128,64,16,2,256,87,2,discard,same,8,8,2,1,nocount,sw128,sw128,16,16,16,0,512,0,64,none,0,none,0,4,20,648041.0,411.45460317460316,,,,,6144,,6.524060101135576,,,0,0.0,1,bf14b28d2af4128daa99f23eec8a5e105636d0b04136f8be580fdc39d6f1f97d,legal_ring
02_latency_throughput,lat_fp16_m128n64k16_legal_ring_in0_q2,1,,NVIDIA Thor,11.0,580.00,13.0,PTX ISA 9.3 / CUDA 13.0,1575.000,,,,fp16,128,64,16,2,256,87,3,discard,same,8,8,2,1,nocount,sw128,sw128,16,16,16,0,512,0,64,none,0,none,0,4,20,648043.0,411.455873015873,,,,,6144,,6.524039966483706,,,0,0.0,1,bf14b28d2af4128daa99f23eec8a5e105636d0b04136f8be580fdc39d6f1f97d,legal_ring
02_latency_throughput,lat_fp16_m128n64k16_legal_ring_in0_q2,1,,NVIDIA Thor,11.0,580.00,13.0,PTX ISA 9.3 / CUDA 13.0,1575.000,,,,fp16,128,64,16,2,256,87,4,discard,same,8,8,2,1,nocount,sw128,sw128,16,16,16,0,512,0,64,none,0,none,0,4,20,648064.0,411.46920634920633,,,,,6144,,6.523828560142208,,,0,0.0,1,bf14b28d2af4128daa99f23eec8a5e105636d0b04136f8be580fdc39d6f1f97d,legal_ring
02_latency_throughput,lat_bf16_m128n128k16_same_d_in1_q64,1,,NVIDIA Thor,11.0,580.00,13.0,PTX ISA 9.3 / CUDA 13.0,1575.000,,,,bf16,128,128,16,64,8,88,0,discard,same,1,1,64,1,nocount,sw128,sw128,16,16,16,0,512,0,0,none,1,none,0,4,20,391577.0,248.62031746031744,,,,,8192,,21.59400798310422,,,0,0.0,1,bf14b28d2af4128daa99f23eec8a5e105636d0b04136f8be580fdc39d6f1f97d,same_d; UTCHMMA=21;UTCHMMA_WS=16;UTCBAR=1;UTCATOMSWS=3;SYNCS_TRYWAIT=8;LDS=21;LDG=9;ptx_tcgen05_mma=21;ptx_tcgen05_mma_ws=16;ptx_tcgen05_commit=1;ptx_tcgen05_alloc=1;ptx_tcgen05_dealloc=1;ptx_tcgen05_ld=5;ptx_tcgen05_st=5;ptx_mbarrier_wait=5;ptx_cp_async_tma=2;ptx_ld_shared=26;ptx_ld_global=7
02_latency_throughput,lat_bf16_m128n128k16_same_d_in1_q64,1,,NVIDIA Thor,11.0,580.00,13.0,PTX ISA 9.3 / CUDA 13.0,1575.000,,,,bf16,128,128,16,64,8,88,1,discard,same,1,1,64,1,nocount,sw128,sw128,16,16,16,0,512,0,0,none,1,none,0,4,20,391577.0,248.62031746031744,,,,,8192,,21.59400798310422,,,0,0.0,1,bf14b28d2af4128daa99f23eec8a5e105636d0b04136f8be580fdc39d6f1f97d,same_d
02_latency_throughput,lat_bf16_m128n128k16_same_d_in1_q64,1,,NVIDIA Thor,11.0,580.00,13.0,PTX ISA 9.3 / CUDA 13.0,1575.000,,,,bf16,128,128,16,64,8,88,2,discard,same,1,1,64,1,nocount,sw128,sw128,16,16,16,0,512,0,0,none,1,none,0,4,20,391575.0,248.6190476190476,,,,,8192,,21.5941182761923,,,0,0.0,1,bf14b28d2af4128daa99f23eec8a5e105636d0b04136f8be580fdc39d6f1f97d,same_d
02_latency_throughput,lat_bf16_m128n128k16_same_d_in1_q64,1,,NVIDIA Thor,11.0,580.00,13.0,PTX ISA 9.3 / CUDA 13.0,1575.000,,,,bf16,128,128,16,64,8,88,3,discard,same,1,1,64,1,nocount,sw128,sw128,16,16,16,0,512,0,0,none,1,none,0,4,20,391590.0,248.62857142857143,,,,,8192,,21.593291105492987,,,0,0.0,1,bf14b28d2af4128daa99f23eec8a5e105636d0b04136f8be580fdc39d6f1f97d,same_d
02_latency_throughput,lat_bf16_m128n128k16_same_d_in1_q64,1,,NVIDIA Thor,11.0,580.00,13.0,PTX ISA 9.3 / CUDA 13.0,1575.000,,,,bf16,128,128,16,64,8,88,4,discard,same,1,1,64,1,nocount,sw128,sw128,16,16,16,0,512,0,0,none,1,none,0,4,20,391572.0,248.61714285714285,,,,,8192,,21.59428371793693,,,0,0.0,1,bf14b28d2af4128daa99f23eec8a5e105636d0b04136f8be580fdc39d6f1f97d,same_d
02_latency_throughput,lat_fp16_m128n64k16_same_d_in1_q48,1,,NVIDIA Thor,11.0,580.00,13.0,PTX ISA 9.3 / CUDA 13.0,1575.000,,,,fp16,128,64,16,48,10,89,0,discard,same,1,1,48,1,nocount,sw128,sw128,16,16,16,0,512,0,0,none,1,none,0,4,20,369242.0,234.4393650793651,,,,,6144,,10.734470293195248,,,0,0.0,1,bf14b28d2af4128daa99f23eec8a5e105636d0b04136f8be580fdc39d6f1f97d,same_d; UTCHMMA=21;UTCHMMA_WS=16;UTCBAR=1;UTCATOMSWS=3;SYNCS_TRYWAIT=8;LDS=21;LDG=9;ptx_tcgen05_mma=21;ptx_tcgen05_mma_ws=16;ptx_tcgen05_commit=1;ptx_tcgen05_alloc=1;ptx_tcgen05_dealloc=1;ptx_tcgen05_ld=5;ptx_tcgen05_st=5;ptx_mbarrier_wait=5;ptx_cp_async_tma=2;ptx_ld_shared=26;ptx_ld_global=7
02_latency_throughput,lat_fp16_m128n64k16_same_d_in1_q48,1,,NVIDIA Thor,11.0,580.00,13.0,PTX ISA 9.3 / CUDA 13.0,1575.000,,,,fp16,128,64,16,48,10,89,1,discard,same,1,1,48,1,nocount,sw128,sw128,16,16,16,0,512,0,0,none,1,none,0,4,20,369241.0,234.43873015873018,,,,,6144,,10.734499364913429,,,0,0.0,1,bf14b28d2af4128daa99f23eec8a5e105636d0b04136f8be580fdc39d6f1f97d,same_d
02_latency_throughput,lat_fp16_m128n64k16_same_d_in1_q48,1,,NVIDIA Thor,11.0,580.00,13.0,PTX ISA 9.3 / CUDA 13.0,1575.000,,,,fp16,128,64,16,48,10,89,2,discard,same,1,1,48,1,nocount,sw128,sw128,16,16,16,0,512,0,0,none,1,none,0,4,20,369236.0,234.43555555555557,,,,,6144,,10.734644725866383,,,0,0.0,1,bf14b28d2af4128daa99f23eec8a5e105636d0b04136f8be580fdc39d6f1f97d,same_d
02_latency_throughput,lat_fp16_m128n64k16_same_d_in1_q48,1,,NVIDIA Thor,11.0,580.00,13.0,PTX ISA 9.3 / CUDA 13.0,1575.000,,,,fp16,128,64,16,48,10,89,3,discard,same,1,1,48,1,nocount,sw128,sw128,16,16,16,0,512,0,0,none,1,none,0,4,20,369235.0,234.43492063492064,,,,,6144,,10.734673798529391,,,0,0.0,1,bf14b28d2af4128daa99f23eec8a5e105636d0b04136f8be580fdc39d6f1f97d,same_d
02_latency_throughput,lat_fp16_m128n64k16_same_d_in1_q48,1,,NVIDIA Thor,11.0,580.00,13.0,PTX ISA 9.3 / CUDA 13.0,1575.000,,,,fp16,128,64,16,48,10,89,4,discard,same,1,1,48,1,nocount,sw128,sw128,16,16,16,0,512,0,0,none,1,none,0,4,20,369243.0,234.44,,,,,6144,,10.734441221634533,,,0,0.0,1,bf14b28d2af4128daa99f23eec8a5e105636d0b04136f8be580fdc39d6f1f97d,same_d
02_latency_throughput,lat_fp16_m128n64k16_legal_ring_in1_q4,1,,NVIDIA Thor,11.0,580.00,13.0,PTX ISA 9.3 / CUDA 13.0,1575.000,,,,fp16,128,64,16,4,128,90,0,discard,same,8,8,4,1,nocount,sw128,sw128,16,16,16,0,512,0,64,none,1,none,0,4,20,547815.0,347.81904761904764,,,,,6144,,7.717675551052819,,,0,0.0,1,bf14b28d2af4128daa99f23eec8a5e105636d0b04136f8be580fdc39d6f1f97d,legal_ring; UTCHMMA=21;UTCHMMA_WS=16;UTCBAR=1;UTCATOMSWS=3;SYNCS_TRYWAIT=8;LDS=21;LDG=9;ptx_tcgen05_mma=21;ptx_tcgen05_mma_ws=16;ptx_tcgen05_commit=1;ptx_tcgen05_alloc=1;ptx_tcgen05_dealloc=1;ptx_tcgen05_ld=5;ptx_tcgen05_st=5;ptx_mbarrier_wait=5;ptx_cp_async_tma=2;ptx_ld_shared=26;ptx_ld_global=7
02_latency_throughput,lat_fp16_m128n64k16_legal_ring_in1_q4,1,,NVIDIA Thor,11.0,580.00,13.0,PTX ISA 9.3 / CUDA 13.0,1575.000,,,,fp16,128,64,16,4,128,90,1,discard,same,8,8,4,1,nocount,sw128,sw128,16,16,16,0,512,0,64,none,1,none,0,4,20,547819.0,347.82158730158733,,,,,6144,,7.717619199042019,,,0,0.0,1,bf14b28d2af4128daa99f23eec8a5e105636d0b04136f8be580fdc39d6f1f97d,legal_ring
02_latency_throughput,lat_fp16_m128n64k16_legal_ring_in1_q4,1,,NVIDIA Thor,11.0,580.00,13.0,PTX ISA 9.3 / CUDA 13.0,1575.000,,,,fp16,128,64,16,4,128,90,2,discard,same,8,8,4,1,nocount,sw128,sw128,16,16,16,0,512,0,64,none,1,none,0,4,20,547816.0,347.8196825396825,,,,,6144,,7.71766146297297,,,0,0.0,1,bf14b28d2af4128daa99f23eec8a5e105636d0b04136f8be580fdc39d6f1f97d,legal_ring
02_latency_throughput,lat_fp16_m128n64k16_legal_ring_in1_q4,1,,NVIDIA Thor,11.0,580.00,13.0,PTX ISA 9.3 / CUDA 13.0,1575.000,,,,fp16,128,64,16,4,128,90,3,discard,same,8,8,4,1,nocount,sw128,sw128,16,16,16,0,512,0,64,none,1,none,0,4,20,547820.0,347.8222222222222,,,,,6144,,7.717605111167902,,,0,0.0,1,bf14b28d2af4128daa99f23eec8a5e105636d0b04136f8be580fdc39d6f1f97d,legal_ring
02_latency_throughput,lat_fp16_m128n64k16_legal_ring_in1_q4,1,,NVIDIA Thor,11.0,580.00,13.0,PTX ISA 9.3 / CUDA 13.0,1575.000,,,,fp16,128,64,16,4,128,90,4,discard,same,8,8,4,1,nocount,sw128,sw128,16,16,16,0,512,0,64,none,1,none,0,4,20,547820.0,347.8222222222222,,,,,6144,,7.717605111167902,,,0,0.0,1,bf14b28d2af4128daa99f23eec8a5e105636d0b04136f8be580fdc39d6f1f97d,legal_ring
02_latency_throughput,lat_fp16_m128n64k16_legal_ring_in1_q64,1,,NVIDIA Thor,11.0,580.00,13.0,PTX ISA 9.3 / CUDA 13.0,1575.000,,,,fp16,128,64,16,64,8,91,0,discard,same,8,8,64,1,nocount,sw128,sw128,16,16,16,0,512,0,64,none,1,none,0,4,20,453943.0,288.21777777777777,,,,,6144,,9.313632839365296,,,0,0.0,1,bf14b28d2af4128daa99f23eec8a5e105636d0b04136f8be580fdc39d6f1f97d,legal_ring; UTCHMMA=21;UTCHMMA_WS=16;UTCBAR=1;UTCATOMSWS=3;SYNCS_TRYWAIT=8;LDS=21;LDG=9;ptx_tcgen05_mma=21;ptx_tcgen05_mma_ws=16;ptx_tcgen05_commit=1;ptx_tcgen05_alloc=1;ptx_tcgen05_dealloc=1;ptx_tcgen05_ld=5;ptx_tcgen05_st=5;ptx_mbarrier_wait=5;ptx_cp_async_tma=2;ptx_ld_shared=26;ptx_ld_global=7
02_latency_throughput,lat_fp16_m128n64k16_legal_ring_in1_q64,1,,NVIDIA Thor,11.0,580.00,13.0,PTX ISA 9.3 / CUDA 13.0,1575.000,,,,fp16,128,64,16,64,8,91,1,discard,same,8,8,64,1,nocount,sw128,sw128,16,16,16,0,512,0,64,none,1,none,0,4,20,453939.0,288.21523809523813,,,,,6144,,9.313714908831363,,,0,0.0,1,bf14b28d2af4128daa99f23eec8a5e105636d0b04136f8be580fdc39d6f1f97d,legal_ring
02_latency_throughput,lat_fp16_m128n64k16_legal_ring_in1_q64,1,,NVIDIA Thor,11.0,580.00,13.0,PTX ISA 9.3 / CUDA 13.0,1575.000,,,,fp16,128,64,16,64,8,91,2,discard,same,8,8,64,1,nocount,sw128,sw128,16,16,16,0,512,0,64,none,1,none,0,4,20,453943.0,288.21777777777777,,,,,6144,,9.313632839365296,,,0,0.0,1,bf14b28d2af4128daa99f23eec8a5e105636d0b04136f8be580fdc39d6f1f97d,legal_ring
02_latency_throughput,lat_fp16_m128n64k16_legal_ring_in1_q64,1,,NVIDIA Thor,11.0,580.00,13.0,PTX ISA 9.3 / CUDA 13.0,1575.000,,,,fp16,128,64,16,64,8,91,3,discard,same,8,8,64,1,nocount,sw128,sw128,16,16,16,0,512,0,64,none,1,none,0,4,20,453942.0,288.21714285714285,,,,,6144,,9.313653356596216,,,0,0.0,1,bf14b28d2af4128daa99f23eec8a5e105636d0b04136f8be580fdc39d6f1f97d,legal_ring
02_latency_throughput,lat_fp16_m128n64k16_legal_ring_in1_q64,1,,NVIDIA Thor,11.0,580.00,13.0,PTX ISA 9.3 / CUDA 13.0,1575.000,,,,fp16,128,64,16,64,8,91,4,discard,same,8,8,64,1,nocount,sw128,sw128,16,16,16,0,512,0,64,none,1,none,0,4,20,453940.0,288.215873015873,,,,,6144,,9.31369439132925,,,0,0.0,1,bf14b28d2af4128daa99f23eec8a5e105636d0b04136f8be580fdc39d6f1f97d,legal_ring
02_latency_throughput,lat_bf16_m128n256k16_same_d_in1_q6,1,,NVIDIA Thor,11.0,580.00,13.0,PTX ISA 9.3 / CUDA 13.0,1575.000,,,,bf16,128,256,16,6,85,92,0,discard,same,1,1,6,1,nocount,sw128,sw128,16,16,16,0,512,0,0,none,1,none,0,4,20,450693.0,286.1542857142857,,,,,12288,,37.37660323102422,,,0,0.0,1,bf14b28d2af4128daa99f23eec8a5e105636d0b04136f8be580fdc39d6f1f97d,same_d; UTCHMMA=21;UTCHMMA_WS=16;UTCBAR=1;UTCATOMSWS=3;SYNCS_TRYWAIT=8;LDS=21;LDG=9;ptx_tcgen05_mma=21;ptx_tcgen05_mma_ws=16;ptx_tcgen05_commit=1;ptx_tcgen05_alloc=1;ptx_tcgen05_dealloc=1;ptx_tcgen05_ld=5;ptx_tcgen05_st=5;ptx_mbarrier_wait=5;ptx_cp_async_tma=2;ptx_ld_shared=26;ptx_ld_global=7
02_latency_throughput,lat_bf16_m128n256k16_same_d_in1_q6,1,,NVIDIA Thor,11.0,580.00,13.0,PTX ISA 9.3 / CUDA 13.0,1575.000,,,,bf16,128,256,16,6,85,92,1,discard,same,1,1,6,1,nocount,sw128,sw128,16,16,16,0,512,0,0,none,1,none,0,4,20,450701.0,286.1593650793651,,,,,12288,,37.37593979156913,,,0,0.0,1,bf14b28d2af4128daa99f23eec8a5e105636d0b04136f8be580fdc39d6f1f97d,same_d
02_latency_throughput,lat_bf16_m128n256k16_same_d_in1_q6,1,,NVIDIA Thor,11.0,580.00,13.0,PTX ISA 9.3 / CUDA 13.0,1575.000,,,,bf16,128,256,16,6,85,92,2,discard,same,1,1,6,1,nocount,sw128,sw128,16,16,16,0,512,0,0,none,1,none,0,4,20,450689.0,286.15174603174603,,,,,12288,,37.376934959584105,,,0,0.0,1,bf14b28d2af4128daa99f23eec8a5e105636d0b04136f8be580fdc39d6f1f97d,same_d
02_latency_throughput,lat_bf16_m128n256k16_same_d_in1_q6,1,,NVIDIA Thor,11.0,580.00,13.0,PTX ISA 9.3 / CUDA 13.0,1575.000,,,,bf16,128,256,16,6,85,92,3,discard,same,1,1,6,1,nocount,sw128,sw128,16,16,16,0,512,0,0,none,1,none,0,4,20,450694.0,286.15492063492064,,,,,12288,,37.376520299804305,,,0,0.0,1,bf14b28d2af4128daa99f23eec8a5e105636d0b04136f8be580fdc39d6f1f97d,same_d
02_latency_throughput,lat_bf16_m128n256k16_same_d_in1_q6,1,,NVIDIA Thor,11.0,580.00,13.0,PTX ISA 9.3 / CUDA 13.0,1575.000,,,,bf16,128,256,16,6,85,92,4,discard,same,1,1,6,1,nocount,sw128,sw128,16,16,16,0,512,0,0,none,1,none,0,4,20,450700.0,286.1587301587301,,,,,12288,,37.37602272021301,,,0,0.0,1,bf14b28d2af4128daa99f23eec8a5e105636d0b04136f8be580fdc39d6f1f97d,same_d
02_latency_throughput,lat_bf16_m128n128k16_same_d_in0_q16,1,,NVIDIA Thor,11.0,580.00,13.0,PTX ISA 9.3 / CUDA 13.0,1575.000,,,,bf16,128,128,16,16,32,93,0,discard,same,1,1,16,1,nocount,sw128,sw128,16,16,16,0,512,0,0,none,0,none,0,4,20,410657.0,260.7346031746032,,,,,8192,,20.59070432015039,,,0,0.0,1,bf14b28d2af4128daa99f23eec8a5e105636d0b04136f8be580fdc39d6f1f97d,same_d; UTCHMMA=21;UTCHMMA_WS=16;UTCBAR=1;UTCATOMSWS=3;SYNCS_TRYWAIT=8;LDS=21;LDG=9;ptx_tcgen05_mma=21;ptx_tcgen05_mma_ws=16;ptx_tcgen05_commit=1;ptx_tcgen05_alloc=1;ptx_tcgen05_dealloc=1;ptx_tcgen05_ld=5;ptx_tcgen05_st=5;ptx_mbarrier_wait=5;ptx_cp_async_tma=2;ptx_ld_shared=26;ptx_ld_global=7
02_latency_throughput,lat_bf16_m128n128k16_same_d_in0_q16,1,,NVIDIA Thor,11.0,580.00,13.0,PTX ISA 9.3 / CUDA 13.0,1575.000,,,,bf16,128,128,16,16,32,93,1,discard,same,1,1,16,1,nocount,sw128,sw128,16,16,16,0,512,0,0,none,0,none,0,4,20,410651.0,260.73079365079366,,,,,8192,,20.59100516984008,,,0,0.0,1,bf14b28d2af4128daa99f23eec8a5e105636d0b04136f8be580fdc39d6f1f97d,same_d
02_latency_throughput,lat_bf16_m128n128k16_same_d_in0_q16,1,,NVIDIA Thor,11.0,580.00,13.0,PTX ISA 9.3 / CUDA 13.0,1575.000,,,,bf16,128,128,16,16,32,93,2,discard,same,1,1,16,1,nocount,sw128,sw128,16,16,16,0,512,0,0,none,0,none,0,4,20,410653.0,260.7320634920635,,,,,8192,,20.590904885633368,,,0,0.0,1,bf14b28d2af4128daa99f23eec8a5e105636d0b04136f8be580fdc39d6f1f97d,same_d
02_latency_throughput,lat_bf16_m128n128k16_same_d_in0_q16,1,,NVIDIA Thor,11.0,580.00,13.0,PTX ISA 9.3 / CUDA 13.0,1575.000,,,,bf16,128,128,16,16,32,93,3,discard,same,1,1,16,1,nocount,sw128,sw128,16,16,16,0,512,0,0,none,0,none,0,4,20,410652.0,260.7314285714286,,,,,8192,,20.590955027614626,,,0,0.0,1,bf14b28d2af4128daa99f23eec8a5e105636d0b04136f8be580fdc39d6f1f97d,same_d
02_latency_throughput,lat_bf16_m128n128k16_same_d_in0_q16,1,,NVIDIA Thor,11.0,580.00,13.0,PTX ISA 9.3 / CUDA 13.0,1575.000,,,,bf16,128,128,16,16,32,93,4,discard,same,1,1,16,1,nocount,sw128,sw128,16,16,16,0,512,0,0,none,0,none,0,4,20,410654.0,260.7326984126984,,,,,8192,,20.590854743896323,,,0,0.0,1,bf14b28d2af4128daa99f23eec8a5e105636d0b04136f8be580fdc39d6f1f97d,same_d
02_latency_throughput,commit_prefix_c4_p1,1,,NVIDIA Thor,11.0,580.00,13.0,PTX ISA 9.3 / CUDA 13.0,1575.000,,,,bf16,128,128,16,16,128,94,0,discard,same,4,4,4,1,count,sw128,sw128,16,16,16,0,512,0,128,none,0,none,0,4,20,2180845.0,1384.6634920634922,,,,,8192,,15.509065273322955,,,0,0.0,1,bf14b28d2af4128daa99f23eec8a5e105636d0b04136f8be580fdc39d6f1f97d,commit prefix scan; pending_mbarriers is prefix tracking count; UTCHMMA=21;UTCHMMA_WS=16;UTCBAR=1;UTCATOMSWS=3;SYNCS_TRYWAIT=8;LDS=21;LDG=9;ptx_tcgen05_mma=21;ptx_tcgen05_mma_ws=16;ptx_tcgen05_commit=1;ptx_tcgen05_alloc=1;ptx_tcgen05_dealloc=1;ptx_tcgen05_ld=5;ptx_tcgen05_st=5;ptx_mbarrier_wait=5;ptx_cp_async_tma=2;ptx_ld_shared=26;ptx_ld_global=7
02_latency_throughput,commit_prefix_c4_p1,1,,NVIDIA Thor,11.0,580.00,13.0,PTX ISA 9.3 / CUDA 13.0,1575.000,,,,bf16,128,128,16,16,128,94,1,discard,same,4,4,4,1,count,sw128,sw128,16,16,16,0,512,0,128,none,0,none,0,4,20,2180842.0,1384.6615873015874,,,,,8192,,15.50908660783312,,,0,0.0,1,bf14b28d2af4128daa99f23eec8a5e105636d0b04136f8be580fdc39d6f1f97d,commit prefix scan; pending_mbarriers is prefix tracking count
02_latency_throughput,commit_prefix_c4_p1,1,,NVIDIA Thor,11.0,580.00,13.0,PTX ISA 9.3 / CUDA 13.0,1575.000,,,,bf16,128,128,16,16,128,94,2,discard,same,4,4,4,1,count,sw128,sw128,16,16,16,0,512,0,128,none,0,none,0,4,20,2180853.0,1384.6685714285716,,,,,8192,,15.509008381582802,,,0,0.0,1,bf14b28d2af4128daa99f23eec8a5e105636d0b04136f8be580fdc39d6f1f97d,commit prefix scan; pending_mbarriers is prefix tracking count
02_latency_throughput,commit_prefix_c4_p1,1,,NVIDIA Thor,11.0,580.00,13.0,PTX ISA 9.3 / CUDA 13.0,1575.000,,,,bf16,128,128,16,16,128,94,3,discard,same,4,4,4,1,count,sw128,sw128,16,16,16,0,512,0,128,none,0,none,0,4,20,2180844.0,1384.662857142857,,,,,8192,,15.509072384819822,,,0,0.0,1,bf14b28d2af4128daa99f23eec8a5e105636d0b04136f8be580fdc39d6f1f97d,commit prefix scan; pending_mbarriers is prefix tracking count
02_latency_throughput,commit_prefix_c4_p1,1,,NVIDIA Thor,11.0,580.00,13.0,PTX ISA 9.3 / CUDA 13.0,1575.000,,,,bf16,128,128,16,16,128,94,4,discard,same,4,4,4,1,count,sw128,sw128,16,16,16,0,512,0,128,none,0,none,0,4,20,2180847.0,1384.6647619047617,,,,,8192,,15.509051050348788,,,0,0.0,1,bf14b28d2af4128daa99f23eec8a5e105636d0b04136f8be580fdc39d6f1f97d,commit prefix scan; pending_mbarriers is prefix tracking count
02_latency_throughput,lat_bf16_m128n256k16_legal_ring_in1_q64,1,,NVIDIA Thor,11.0,580.00,13.0,PTX ISA 9.3 / CUDA 13.0,1575.000,,,,bf16,128,256,16,64,8,95,0,discard,same,2,2,64,1,nocount,sw128,sw128,16,16,16,0,512,0,256,none,1,none,0,4,20,453878.0,288.1765079365079,,,,,12288,,37.25986658970032,,,0,0.0,1,bf14b28d2af4128daa99f23eec8a5e105636d0b04136f8be580fdc39d6f1f97d,legal_ring; UTCHMMA=21;UTCHMMA_WS=16;UTCBAR=1;UTCATOMSWS=3;SYNCS_TRYWAIT=8;LDS=21;LDG=9;ptx_tcgen05_mma=21;ptx_tcgen05_mma_ws=16;ptx_tcgen05_commit=1;ptx_tcgen05_alloc=1;ptx_tcgen05_dealloc=1;ptx_tcgen05_ld=5;ptx_tcgen05_st=5;ptx_mbarrier_wait=5;ptx_cp_async_tma=2;ptx_ld_shared=26;ptx_ld_global=7
02_latency_throughput,lat_bf16_m128n256k16_legal_ring_in1_q64,1,,NVIDIA Thor,11.0,580.00,13.0,PTX ISA 9.3 / CUDA 13.0,1575.000,,,,bf16,128,256,16,64,8,95,1,discard,same,2,2,64,1,nocount,sw128,sw128,16,16,16,0,512,0,256,none,1,none,0,4,20,453878.0,288.1765079365079,,,,,12288,,37.25986658970032,,,0,0.0,1,bf14b28d2af4128daa99f23eec8a5e105636d0b04136f8be580fdc39d6f1f97d,legal_ring
02_latency_throughput,lat_bf16_m128n256k16_legal_ring_in1_q64,1,,NVIDIA Thor,11.0,580.00,13.0,PTX ISA 9.3 / CUDA 13.0,1575.000,,,,bf16,128,256,16,64,8,95,2,discard,same,2,2,64,1,nocount,sw128,sw128,16,16,16,0,512,0,256,none,1,none,0,4,20,453877.0,288.17587301587304,,,,,12288,,37.25994868213195,,,0,0.0,1,bf14b28d2af4128daa99f23eec8a5e105636d0b04136f8be580fdc39d6f1f97d,legal_ring
02_latency_throughput,lat_bf16_m128n256k16_legal_ring_in1_q64,1,,NVIDIA Thor,11.0,580.00,13.0,PTX ISA 9.3 / CUDA 13.0,1575.000,,,,bf16,128,256,16,64,8,95,3,discard,same,2,2,64,1,nocount,sw128,sw128,16,16,16,0,512,0,256,none,1,none,0,4,20,453887.0,288.1822222222222,,,,,12288,,37.25912777409355,,,0,0.0,1,bf14b28d2af4128daa99f23eec8a5e105636d0b04136f8be580fdc39d6f1f97d,legal_ring
02_latency_throughput,lat_bf16_m128n256k16_legal_ring_in1_q64,1,,NVIDIA Thor,11.0,580.00,13.0,PTX ISA 9.3 / CUDA 13.0,1575.000,,,,bf16,128,256,16,64,8,95,4,discard,same,2,2,64,1,nocount,sw128,sw128,16,16,16,0,512,0,256,none,1,none,0,4,20,453877.0,288.17587301587304,,,,,12288,,37.25994868213195,,,0,0.0,1,bf14b28d2af4128daa99f23eec8a5e105636d0b04136f8be580fdc39d6f1f97d,legal_ring
02_latency_throughput,lat_fp16_m128n64k16_same_d_in1_q6,1,,NVIDIA Thor,11.0,580.00,13.0,PTX ISA 9.3 / CUDA 13.0,1575.000,,,,fp16,128,64,16,6,85,96,0,discard,same,1,1,6,1,nocount,sw128,sw128,16,16,16,0,512,0,0,none,1,none,0,4,20,450695.0,286.15555555555557,,,,,6144,,9.344109342238097,,,0,0.0,1,bf14b28d2af4128daa99f23eec8a5e105636d0b04136f8be580fdc39d6f1f97d,same_d; UTCHMMA=21;UTCHMMA_WS=16;UTCBAR=1;UTCATOMSWS=3;SYNCS_TRYWAIT=8;LDS=21;LDG=9;ptx_tcgen05_mma=21;ptx_tcgen05_mma_ws=16;ptx_tcgen05_commit=1;ptx_tcgen05_alloc=1;ptx_tcgen05_dealloc=1;ptx_tcgen05_ld=5;ptx_tcgen05_st=5;ptx_mbarrier_wait=5;ptx_cp_async_tma=2;ptx_ld_shared=26;ptx_ld_global=7
02_latency_throughput,lat_fp16_m128n64k16_same_d_in1_q6,1,,NVIDIA Thor,11.0,580.00,13.0,PTX ISA 9.3 / CUDA 13.0,1575.000,,,,fp16,128,64,16,6,85,96,1,discard,same,1,1,6,1,nocount,sw128,sw128,16,16,16,0,512,0,0,none,1,none,0,4,20,450692.0,286.1536507936508,,,,,6144,,9.344171540653042,,,0,0.0,1,bf14b28d2af4128daa99f23eec8a5e105636d0b04136f8be580fdc39d6f1f97d,same_d
02_latency_throughput,lat_fp16_m128n64k16_same_d_in1_q6,1,,NVIDIA Thor,11.0,580.00,13.0,PTX ISA 9.3 / CUDA 13.0,1575.000,,,,fp16,128,64,16,6,85,96,2,discard,same,1,1,6,1,nocount,sw128,sw128,16,16,16,0,512,0,0,none,1,none,0,4,20,450693.0,286.1542857142857,,,,,6144,,9.344150807756055,,,0,0.0,1,bf14b28d2af4128daa99f23eec8a5e105636d0b04136f8be580fdc39d6f1f97d,same_d
02_latency_throughput,lat_fp16_m128n64k16_same_d_in1_q6,1,,NVIDIA Thor,11.0,580.00,13.0,PTX ISA 9.3 / CUDA 13.0,1575.000,,,,fp16,128,64,16,6,85,96,3,discard,same,1,1,6,1,nocount,sw128,sw128,16,16,16,0,512,0,0,none,1,none,0,4,20,450698.0,286.1574603174603,,,,,6144,,9.344047144651185,,,0,0.0,1,bf14b28d2af4128daa99f23eec8a5e105636d0b04136f8be580fdc39d6f1f97d,same_d
02_latency_throughput,lat_fp16_m128n64k16_same_d_in1_q6,1,,NVIDIA Thor,11.0,580.00,13.0,PTX ISA 9.3 / CUDA 13.0,1575.000,,,,fp16,128,64,16,6,85,96,4,discard,same,1,1,6,1,nocount,sw128,sw128,16,16,16,0,512,0,0,none,1,none,0,4,20,450695.0,286.15555555555557,,,,,6144,,9.344109342238097,,,0,0.0,1,bf14b28d2af4128daa99f23eec8a5e105636d0b04136f8be580fdc39d6f1f97d,same_d
02_latency_throughput,lat_fp16_m128n256k16_legal_ring_in1_q48,1,,NVIDIA Thor,11.0,580.00,13.0,PTX ISA 9.3 / CUDA 13.0,1575.000,,,,fp16,128,256,16,48,10,97,0,discard,same,2,2,48,1,nocount,sw128,sw128,16,16,16,0,512,0,256,none,1,none,0,4,20,427480.0,271.41587301587305,,,,,12288,,37.08821259474127,,,0,0.0,1,bf14b28d2af4128daa99f23eec8a5e105636d0b04136f8be580fdc39d6f1f97d,legal_ring; UTCHMMA=21;UTCHMMA_WS=16;UTCBAR=1;UTCATOMSWS=3;SYNCS_TRYWAIT=8;LDS=21;LDG=9;ptx_tcgen05_mma=21;ptx_tcgen05_mma_ws=16;ptx_tcgen05_commit=1;ptx_tcgen05_alloc=1;ptx_tcgen05_dealloc=1;ptx_tcgen05_ld=5;ptx_tcgen05_st=5;ptx_mbarrier_wait=5;ptx_cp_async_tma=2;ptx_ld_shared=26;ptx_ld_global=7
02_latency_throughput,lat_fp16_m128n256k16_legal_ring_in1_q48,1,,NVIDIA Thor,11.0,580.00,13.0,PTX ISA 9.3 / CUDA 13.0,1575.000,,,,fp16,128,256,16,48,10,97,1,discard,same,2,2,48,1,nocount,sw128,sw128,16,16,16,0,512,0,256,none,1,none,0,4,20,427479.0,271.41523809523807,,,,,12288,,37.08829935505604,,,0,0.0,1,bf14b28d2af4128daa99f23eec8a5e105636d0b04136f8be580fdc39d6f1f97d,legal_ring
02_latency_throughput,lat_fp16_m128n256k16_legal_ring_in1_q48,1,,NVIDIA Thor,11.0,580.00,13.0,PTX ISA 9.3 / CUDA 13.0,1575.000,,,,fp16,128,256,16,48,10,97,2,discard,same,2,2,48,1,nocount,sw128,sw128,16,16,16,0,512,0,256,none,1,none,0,4,20,427469.0,271.4088888888889,,,,,12288,,37.08916698052958,,,0,0.0,1,bf14b28d2af4128daa99f23eec8a5e105636d0b04136f8be580fdc39d6f1f97d,legal_ring
02_latency_throughput,lat_fp16_m128n256k16_legal_ring_in1_q48,1,,NVIDIA Thor,11.0,580.00,13.0,PTX ISA 9.3 / CUDA 13.0,1575.000,,,,fp16,128,256,16,48,10,97,3,discard,same,2,2,48,1,nocount,sw128,sw128,16,16,16,0,512,0,256,none,1,none,0,4,20,427481.0,271.4165079365079,,,,,12288,,37.08812583483243,,,0,0.0,1,bf14b28d2af4128daa99f23eec8a5e105636d0b04136f8be580fdc39d6f1f97d,legal_ring
02_latency_throughput,lat_fp16_m128n256k16_legal_ring_in1_q48,1,,NVIDIA Thor,11.0,580.00,13.0,PTX ISA 9.3 / CUDA 13.0,1575.000,,,,fp16,128,256,16,48,10,97,4,discard,same,2,2,48,1,nocount,sw128,sw128,16,16,16,0,512,0,256,none,1,none,0,4,20,427475.0,271.4126984126984,,,,,12288,,37.08864640037429,,,0,0.0,1,bf14b28d2af4128daa99f23eec8a5e105636d0b04136f8be580fdc39d6f1f97d,legal_ring
02_latency_throughput,lat_bf16_m128n128k16_legal_ring_in1_q48,1,,NVIDIA Thor,11.0,580.00,13.0,PTX ISA 9.3 / CUDA 13.0,1575.000,,,,bf16,128,128,16,48,10,98,0,discard,same,4,4,48,1,nocount,sw128,sw128,16,16,16,0,512,0,128,none,1,none,0,4,20,427576.0,271.4768253968254,,,,,8192,,18.53994274702041,,,0,0.0,1,bf14b28d2af4128daa99f23eec8a5e105636d0b04136f8be580fdc39d6f1f97d,legal_ring; UTCHMMA=21;UTCHMMA_WS=16;UTCBAR=1;UTCATOMSWS=3;SYNCS_TRYWAIT=8;LDS=21;LDG=9;ptx_tcgen05_mma=21;ptx_tcgen05_mma_ws=16;ptx_tcgen05_commit=1;ptx_tcgen05_alloc=1;ptx_tcgen05_dealloc=1;ptx_tcgen05_ld=5;ptx_tcgen05_st=5;ptx_mbarrier_wait=5;ptx_cp_async_tma=2;ptx_ld_shared=26;ptx_ld_global=7
02_latency_throughput,lat_bf16_m128n128k16_legal_ring_in1_q48,1,,NVIDIA Thor,11.0,580.00,13.0,PTX ISA 9.3 / CUDA 13.0,1575.000,,,,bf16,128,128,16,48,10,98,1,discard,same,4,4,48,1,nocount,sw128,sw128,16,16,16,0,512,0,128,none,1,none,0,4,20,427555.0,271.4634920634921,,,,,8192,,18.540853363894705,,,0,0.0,1,bf14b28d2af4128daa99f23eec8a5e105636d0b04136f8be580fdc39d6f1f97d,legal_ring
02_latency_throughput,lat_bf16_m128n128k16_legal_ring_in1_q48,1,,NVIDIA Thor,11.0,580.00,13.0,PTX ISA 9.3 / CUDA 13.0,1575.000,,,,bf16,128,128,16,48,10,98,2,discard,same,4,4,48,1,nocount,sw128,sw128,16,16,16,0,512,0,128,none,1,none,0,4,20,427569.0,271.47238095238095,,,,,8192,,18.540246276039657,,,0,0.0,1,bf14b28d2af4128daa99f23eec8a5e105636d0b04136f8be580fdc39d6f1f97d,legal_ring
02_latency_throughput,lat_bf16_m128n128k16_legal_ring_in1_q48,1,,NVIDIA Thor,11.0,580.00,13.0,PTX ISA 9.3 / CUDA 13.0,1575.000,,,,bf16,128,128,16,48,10,98,3,discard,same,4,4,48,1,nocount,sw128,sw128,16,16,16,0,512,0,128,none,1,none,0,4,20,427560.0,271.4666666666667,,,,,8192,,18.540636542239685,,,0,0.0,1,bf14b28d2af4128daa99f23eec8a5e105636d0b04136f8be580fdc39d6f1f97d,legal_ring
02_latency_throughput,lat_bf16_m128n128k16_legal_ring_in1_q48,1,,NVIDIA Thor,11.0,580.00,13.0,PTX ISA 9.3 / CUDA 13.0,1575.000,,,,bf16,128,128,16,48,10,98,4,discard,same,4,4,48,1,nocount,sw128,sw128,16,16,16,0,512,0,128,none,1,none,0,4,20,427561.0,271.46730158730156,,,,,8192,,18.54059317851722,,,0,0.0,1,bf14b28d2af4128daa99f23eec8a5e105636d0b04136f8be580fdc39d6f1f97d,legal_ring
02_latency_throughput,lat_fp16_m128n256k16_legal_ring_in0_q2,1,,NVIDIA Thor,11.0,580.00,13.0,PTX ISA 9.3 / CUDA 13.0,1575.000,,,,fp16,128,256,16,2,256,99,0,discard,same,2,2,2,1,nocount,sw128,sw128,16,16,16,0,512,0,256,none,0,none,0,4,20,648045.0,411.45714285714286,,,,,12288,,26.09607932782446,,,0,0.0,1,bf14b28d2af4128daa99f23eec8a5e105636d0b04136f8be580fdc39d6f1f97d,legal_ring; UTCHMMA=21;UTCHMMA_WS=16;UTCBAR=1;UTCATOMSWS=3;SYNCS_TRYWAIT=8;LDS=21;LDG=9;ptx_tcgen05_mma=21;ptx_tcgen05_mma_ws=16;ptx_tcgen05_commit=1;ptx_tcgen05_alloc=1;ptx_tcgen05_dealloc=1;ptx_tcgen05_ld=5;ptx_tcgen05_st=5;ptx_mbarrier_wait=5;ptx_cp_async_tma=2;ptx_ld_shared=26;ptx_ld_global=7
02_latency_throughput,lat_fp16_m128n256k16_legal_ring_in0_q2,1,,NVIDIA Thor,11.0,580.00,13.0,PTX ISA 9.3 / CUDA 13.0,1575.000,,,,fp16,128,256,16,2,256,99,1,discard,same,2,2,2,1,nocount,sw128,sw128,16,16,16,0,512,0,256,none,0,none,0,4,20,648042.0,411.4552380952381,,,,,12288,,26.09620013517642,,,0,0.0,1,bf14b28d2af4128daa99f23eec8a5e105636d0b04136f8be580fdc39d6f1f97d,legal_ring
02_latency_throughput,lat_fp16_m128n256k16_legal_ring_in0_q2,1,,NVIDIA Thor,11.0,580.00,13.0,PTX ISA 9.3 / CUDA 13.0,1575.000,,,,fp16,128,256,16,2,256,99,2,discard,same,2,2,2,1,nocount,sw128,sw128,16,16,16,0,512,0,256,none,0,none,0,4,20,648051.0,411.46095238095234,,,,,12288,,26.09583771647602,,,0,0.0,1,bf14b28d2af4128daa99f23eec8a5e105636d0b04136f8be580fdc39d6f1f97d,legal_ring
02_latency_throughput,lat_fp16_m128n256k16_legal_ring_in0_q2,1,,NVIDIA Thor,11.0,580.00,13.0,PTX ISA 9.3 / CUDA 13.0,1575.000,,,,fp16,128,256,16,2,256,99,3,discard,same,2,2,2,1,nocount,sw128,sw128,16,16,16,0,512,0,256,none,0,none,0,4,20,648044.0,411.45650793650793,,,,,12288,,26.0961195968175,,,0,0.0,1,bf14b28d2af4128daa99f23eec8a5e105636d0b04136f8be580fdc39d6f1f97d,legal_ring
02_latency_throughput,lat_fp16_m128n256k16_legal_ring_in0_q2,1,,NVIDIA Thor,11.0,580.00,13.0,PTX ISA 9.3 / CUDA 13.0,1575.000,,,,fp16,128,256,16,2,256,99,4,discard,same,2,2,2,1,nocount,sw128,sw128,16,16,16,0,512,0,256,none,0,none,0,4,20,648048.0,411.4590476190476,,,,,12288,,26.095958521590994,,,0,0.0,1,bf14b28d2af4128daa99f23eec8a5e105636d0b04136f8be580fdc39d6f1f97d,legal_ring
02_latency_throughput,commit_prefix_c1_p2,1,,NVIDIA Thor,11.0,580.00,13.0,PTX ISA 9.3 / CUDA 13.0,1575.000,,,,bf16,128,128,16,16,128,100,0,discard,same,4,4,1,2,count,sw128,sw128,16,16,16,0,512,0,128,none,0,none,0,4,20,3295825.0,2092.5873015873017,,,,,8192,,10.2623371859853,,,0,0.0,1,bf14b28d2af4128daa99f23eec8a5e105636d0b04136f8be580fdc39d6f1f97d,commit prefix scan; pending_mbarriers is prefix tracking count; UTCHMMA=21;UTCHMMA_WS=16;UTCBAR=1;UTCATOMSWS=3;SYNCS_TRYWAIT=8;LDS=21;LDG=9;ptx_tcgen05_mma=21;ptx_tcgen05_mma_ws=16;ptx_tcgen05_commit=1;ptx_tcgen05_alloc=1;ptx_tcgen05_dealloc=1;ptx_tcgen05_ld=5;ptx_tcgen05_st=5;ptx_mbarrier_wait=5;ptx_cp_async_tma=2;ptx_ld_shared=26;ptx_ld_global=7
02_latency_throughput,commit_prefix_c1_p2,1,,NVIDIA Thor,11.0,580.00,13.0,PTX ISA 9.3 / CUDA 13.0,1575.000,,,,bf16,128,128,16,16,128,100,1,discard,same,4,4,1,2,count,sw128,sw128,16,16,16,0,512,0,128,none,0,none,0,4,20,3295820.0,2092.584126984127,,,,,8192,,10.26235275470141,,,0,0.0,1,bf14b28d2af4128daa99f23eec8a5e105636d0b04136f8be580fdc39d6f1f97d,commit prefix scan; pending_mbarriers is prefix tracking count
02_latency_throughput,commit_prefix_c1_p2,1,,NVIDIA Thor,11.0,580.00,13.0,PTX ISA 9.3 / CUDA 13.0,1575.000,,,,bf16,128,128,16,16,128,100,2,discard,same,4,4,1,2,count,sw128,sw128,16,16,16,0,512,0,128,none,0,none,0,4,20,3295880.0,2092.6222222222223,,,,,8192,,10.262165933225724,,,0,0.0,1,bf14b28d2af4128daa99f23eec8a5e105636d0b04136f8be580fdc39d6f1f97d,commit prefix scan; pending_mbarriers is prefix tracking count
02_latency_throughput,commit_prefix_c1_p2,1,,NVIDIA Thor,11.0,580.00,13.0,PTX ISA 9.3 / CUDA 13.0,1575.000,,,,bf16,128,128,16,16,128,100,3,discard,same,4,4,1,2,count,sw128,sw128,16,16,16,0,512,0,128,none,0,none,0,4,20,3295829.0,2092.589841269841,,,,,8192,,10.262324731046421,,,0,0.0,1,bf14b28d2af4128daa99f23eec8a5e105636d0b04136f8be580fdc39d6f1f97d,commit prefix scan; pending_mbarriers is prefix tracking count
02_latency_throughput,commit_prefix_c1_p2,1,,NVIDIA Thor,11.0,580.00,13.0,PTX ISA 9.3 / CUDA 13.0,1575.000,,,,bf16,128,128,16,16,128,100,4,discard,same,4,4,1,2,count,sw128,sw128,16,16,16,0,512,0,128,none,0,none,0,4,20,3295825.0,2092.5873015873017,,,,,8192,,10.2623371859853,,,0,0.0,1,bf14b28d2af4128daa99f23eec8a5e105636d0b04136f8be580fdc39d6f1f97d,commit prefix scan; pending_mbarriers is prefix tracking count
02_latency_throughput,commit_prefix_c2_p4,1,,NVIDIA Thor,11.0,580.00,13.0,PTX ISA 9.3 / CUDA 13.0,1575.000,,,,bf16,128,128,16,16,128,101,0,discard,same,4,4,2,4,count,sw128,sw128,16,16,16,0,512,0,128,none,0,none,0,4,20,2560992.0,1626.0266666666666,,,,,8192,,13.206939910784572,,,0,0.0,1,bf14b28d2af4128daa99f23eec8a5e105636d0b04136f8be580fdc39d6f1f97d,commit prefix scan; pending_mbarriers is prefix tracking count; UTCHMMA=21;UTCHMMA_WS=16;UTCBAR=1;UTCATOMSWS=3;SYNCS_TRYWAIT=8;LDS=21;LDG=9;ptx_tcgen05_mma=21;ptx_tcgen05_mma_ws=16;ptx_tcgen05_commit=1;ptx_tcgen05_alloc=1;ptx_tcgen05_dealloc=1;ptx_tcgen05_ld=5;ptx_tcgen05_st=5;ptx_mbarrier_wait=5;ptx_cp_async_tma=2;ptx_ld_shared=26;ptx_ld_global=7
02_latency_throughput,commit_prefix_c2_p4,1,,NVIDIA Thor,11.0,580.00,13.0,PTX ISA 9.3 / CUDA 13.0,1575.000,,,,bf16,128,128,16,16,128,101,1,discard,same,4,4,2,4,count,sw128,sw128,16,16,16,0,512,0,128,none,0,none,0,4,20,2560868.0,1625.9479365079364,,,,,8192,,13.207579405107955,,,0,0.0,1,bf14b28d2af4128daa99f23eec8a5e105636d0b04136f8be580fdc39d6f1f97d,commit prefix scan; pending_mbarriers is prefix tracking count
02_latency_throughput,commit_prefix_c2_p4,1,,NVIDIA Thor,11.0,580.00,13.0,PTX ISA 9.3 / CUDA 13.0,1575.000,,,,bf16,128,128,16,16,128,101,2,discard,same,4,4,2,4,count,sw128,sw128,16,16,16,0,512,0,128,none,0,none,0,4,20,2560995.0,1626.0285714285715,,,,,8192,,13.206924439914955,,,0,0.0,1,bf14b28d2af4128daa99f23eec8a5e105636d0b04136f8be580fdc39d6f1f97d,commit prefix scan; pending_mbarriers is prefix tracking count
02_latency_throughput,commit_prefix_c2_p4,1,,NVIDIA Thor,11.0,580.00,13.0,PTX ISA 9.3 / CUDA 13.0,1575.000,,,,bf16,128,128,16,16,128,101,3,discard,same,4,4,2,4,count,sw128,sw128,16,16,16,0,512,0,128,none,0,none,0,4,20,2561000.0,1626.031746031746,,,,,8192,,13.20689865521281,,,0,0.0,1,bf14b28d2af4128daa99f23eec8a5e105636d0b04136f8be580fdc39d6f1f97d,commit prefix scan; pending_mbarriers is prefix tracking count
02_latency_throughput,commit_prefix_c2_p4,1,,NVIDIA Thor,11.0,580.00,13.0,PTX ISA 9.3 / CUDA 13.0,1575.000,,,,bf16,128,128,16,16,128,101,4,discard,same,4,4,2,4,count,sw128,sw128,16,16,16,0,512,0,128,none,0,none,0,4,20,2561021.0,1626.0450793650793,,,,,8192,,13.206790360563229,,,0,0.0,1,bf14b28d2af4128daa99f23eec8a5e105636d0b04136f8be580fdc39d6f1f97d,commit prefix scan; pending_mbarriers is prefix tracking count
02_latency_throughput,lat_bf16_m128n128k16_legal_ring_in1_q2,1,,NVIDIA Thor,11.0,580.00,13.0,PTX ISA 9.3 / CUDA 13.0,1575.000,,,,bf16,128,128,16,2,256,102,0,discard,same,4,4,2,1,nocount,sw128,sw128,16,16,16,0,512,0,128,none,1,none,0,4,20,648044.0,411.45650793650793,,,,,8192,,13.04805979840875,,,0,0.0,1,bf14b28d2af4128daa99f23eec8a5e105636d0b04136f8be580fdc39d6f1f97d,legal_ring; UTCHMMA=21;UTCHMMA_WS=16;UTCBAR=1;UTCATOMSWS=3;SYNCS_TRYWAIT=8;LDS=21;LDG=9;ptx_tcgen05_mma=21;ptx_tcgen05_mma_ws=16;ptx_tcgen05_commit=1;ptx_tcgen05_alloc=1;ptx_tcgen05_dealloc=1;ptx_tcgen05_ld=5;ptx_tcgen05_st=5;ptx_mbarrier_wait=5;ptx_cp_async_tma=2;ptx_ld_shared=26;ptx_ld_global=7
02_latency_throughput,lat_bf16_m128n128k16_legal_ring_in1_q2,1,,NVIDIA Thor,11.0,580.00,13.0,PTX ISA 9.3 / CUDA 13.0,1575.000,,,,bf16,128,128,16,2,256,102,1,discard,same,4,4,2,1,nocount,sw128,sw128,16,16,16,0,512,0,128,none,1,none,0,4,20,648046.0,411.4577777777778,,,,,8192,,13.048019529477846,,,0,0.0,1,bf14b28d2af4128daa99f23eec8a5e105636d0b04136f8be580fdc39d6f1f97d,legal_ring
02_latency_throughput,lat_bf16_m128n128k16_legal_ring_in1_q2,1,,NVIDIA Thor,11.0,580.00,13.0,PTX ISA 9.3 / CUDA 13.0,1575.000,,,,bf16,128,128,16,2,256,102,2,discard,same,4,4,2,1,nocount,sw128,sw128,16,16,16,0,512,0,128,none,1,none,0,4,20,648049.0,411.45968253968255,,,,,8192,,13.047959126547529,,,0,0.0,1,bf14b28d2af4128daa99f23eec8a5e105636d0b04136f8be580fdc39d6f1f97d,legal_ring
02_latency_throughput,lat_bf16_m128n128k16_legal_ring_in1_q2,1,,NVIDIA Thor,11.0,580.00,13.0,PTX ISA 9.3 / CUDA 13.0,1575.000,,,,bf16,128,128,16,2,256,102,3,discard,same,4,4,2,1,nocount,sw128,sw128,16,16,16,0,512,0,128,none,1,none,0,4,20,648043.0,411.455873015873,,,,,8192,,13.048079932967411,,,0,0.0,1,bf14b28d2af4128daa99f23eec8a5e105636d0b04136f8be580fdc39d6f1f97d,legal_ring
02_latency_throughput,lat_bf16_m128n128k16_legal_ring_in1_q2,1,,NVIDIA Thor,11.0,580.00,13.0,PTX ISA 9.3 / CUDA 13.0,1575.000,,,,bf16,128,128,16,2,256,102,4,discard,same,4,4,2,1,nocount,sw128,sw128,16,16,16,0,512,0,128,none,1,none,0,4,20,648042.0,411.4552380952381,,,,,8192,,13.04810006758821,,,0,0.0,1,bf14b28d2af4128daa99f23eec8a5e105636d0b04136f8be580fdc39d6f1f97d,legal_ring
02_latency_throughput,lat_bf16_m128n256k16_same_d_in1_q8,1,,NVIDIA Thor,11.0,580.00,13.0,PTX ISA 9.3 / CUDA 13.0,1575.000,,,,bf16,128,256,16,8,64,103,0,discard,same,1,1,8,1,nocount,sw128,sw128,16,16,16,0,512,0,0,none,1,none,0,4,20,435691.0,276.62920634920636,,,,,12288,,38.815200975002924,,,0,0.0,1,bf14b28d2af4128daa99f23eec8a5e105636d0b04136f8be580fdc39d6f1f97d,same_d; UTCHMMA=21;UTCHMMA_WS=16;UTCBAR=1;UTCATOMSWS=3;SYNCS_TRYWAIT=8;LDS=21;LDG=9;ptx_tcgen05_mma=21;ptx_tcgen05_mma_ws=16;ptx_tcgen05_commit=1;ptx_tcgen05_alloc=1;ptx_tcgen05_dealloc=1;ptx_tcgen05_ld=5;ptx_tcgen05_st=5;ptx_mbarrier_wait=5;ptx_cp_async_tma=2;ptx_ld_shared=26;ptx_ld_global=7
02_latency_throughput,lat_bf16_m128n256k16_same_d_in1_q8,1,,NVIDIA Thor,11.0,580.00,13.0,PTX ISA 9.3 / CUDA 13.0,1575.000,,,,bf16,128,256,16,8,64,103,1,discard,same,1,1,8,1,nocount,sw128,sw128,16,16,16,0,512,0,0,none,1,none,0,4,20,435695.0,276.63174603174605,,,,,12288,,38.81484462295872,,,0,0.0,1,bf14b28d2af4128daa99f23eec8a5e105636d0b04136f8be580fdc39d6f1f97d,same_d
02_latency_throughput,lat_bf16_m128n256k16_same_d_in1_q8,1,,NVIDIA Thor,11.0,580.00,13.0,PTX ISA 9.3 / CUDA 13.0,1575.000,,,,bf16,128,256,16,8,64,103,2,discard,same,1,1,8,1,nocount,sw128,sw128,16,16,16,0,512,0,0,none,1,none,0,4,20,435696.0,276.6323809523809,,,,,12288,,38.814755535970036,,,0,0.0,1,bf14b28d2af4128daa99f23eec8a5e105636d0b04136f8be580fdc39d6f1f97d,same_d
02_latency_throughput,lat_bf16_m128n256k16_same_d_in1_q8,1,,NVIDIA Thor,11.0,580.00,13.0,PTX ISA 9.3 / CUDA 13.0,1575.000,,,,bf16,128,256,16,8,64,103,3,discard,same,1,1,8,1,nocount,sw128,sw128,16,16,16,0,512,0,0,none,1,none,0,4,20,435691.0,276.62920634920636,,,,,12288,,38.815200975002924,,,0,0.0,1,bf14b28d2af4128daa99f23eec8a5e105636d0b04136f8be580fdc39d6f1f97d,same_d
02_latency_throughput,lat_bf16_m128n256k16_same_d_in1_q8,1,,NVIDIA Thor,11.0,580.00,13.0,PTX ISA 9.3 / CUDA 13.0,1575.000,,,,bf16,128,256,16,8,64,103,4,discard,same,1,1,8,1,nocount,sw128,sw128,16,16,16,0,512,0,0,none,1,none,0,4,20,435695.0,276.63174603174605,,,,,12288,,38.81484462295872,,,0,0.0,1,bf14b28d2af4128daa99f23eec8a5e105636d0b04136f8be580fdc39d6f1f97d,same_d
02_latency_throughput,lat_fp16_m128n256k16_legal_ring_in0_q1,1,,NVIDIA Thor,11.0,580.00,13.0,PTX ISA 9.3 / CUDA 13.0,1575.000,,,,fp16,128,256,16,1,512,104,0,discard,same,2,2,1,1,nocount,sw128,sw128,16,16,16,0,512,0,256,none,0,none,0,4,20,841082.0,534.0203174603174,,,,,12288,,20.10675977847582,,,0,0.0,1,bf14b28d2af4128daa99f23eec8a5e105636d0b04136f8be580fdc39d6f1f97d,legal_ring; UTCHMMA=21;UTCHMMA_WS=16;UTCBAR=1;UTCATOMSWS=3;SYNCS_TRYWAIT=8;LDS=21;LDG=9;ptx_tcgen05_mma=21;ptx_tcgen05_mma_ws=16;ptx_tcgen05_commit=1;ptx_tcgen05_alloc=1;ptx_tcgen05_dealloc=1;ptx_tcgen05_ld=5;ptx_tcgen05_st=5;ptx_mbarrier_wait=5;ptx_cp_async_tma=2;ptx_ld_shared=26;ptx_ld_global=7
02_latency_throughput,lat_fp16_m128n256k16_legal_ring_in0_q1,1,,NVIDIA Thor,11.0,580.00,13.0,PTX ISA 9.3 / CUDA 13.0,1575.000,,,,fp16,128,256,16,1,512,104,1,discard,same,2,2,1,1,nocount,sw128,sw128,16,16,16,0,512,0,256,none,0,none,0,4,20,841082.0,534.0203174603174,,,,,12288,,20.10675977847582,,,0,0.0,1,bf14b28d2af4128daa99f23eec8a5e105636d0b04136f8be580fdc39d6f1f97d,legal_ring
02_latency_throughput,lat_fp16_m128n256k16_legal_ring_in0_q1,1,,NVIDIA Thor,11.0,580.00,13.0,PTX ISA 9.3 / CUDA 13.0,1575.000,,,,fp16,128,256,16,1,512,104,2,discard,same,2,2,1,1,nocount,sw128,sw128,16,16,16,0,512,0,256,none,0,none,0,4,20,841075.0,534.015873015873,,,,,12288,,20.106927120649168,,,0,0.0,1,bf14b28d2af4128daa99f23eec8a5e105636d0b04136f8be580fdc39d6f1f97d,legal_ring
02_latency_throughput,lat_fp16_m128n256k16_legal_ring_in0_q1,1,,NVIDIA Thor,11.0,580.00,13.0,PTX ISA 9.3 / CUDA 13.0,1575.000,,,,fp16,128,256,16,1,512,104,3,discard,same,2,2,1,1,nocount,sw128,sw128,16,16,16,0,512,0,256,none,0,none,0,4,20,841070.0,534.0126984126983,,,,,12288,,20.10704665247839,,,0,0.0,1,bf14b28d2af4128daa99f23eec8a5e105636d0b04136f8be580fdc39d6f1f97d,legal_ring
02_latency_throughput,lat_fp16_m128n256k16_legal_ring_in0_q1,1,,NVIDIA Thor,11.0,580.00,13.0,PTX ISA 9.3 / CUDA 13.0,1575.000,,,,fp16,128,256,16,1,512,104,4,discard,same,2,2,1,1,nocount,sw128,sw128,16,16,16,0,512,0,256,none,0,none,0,4,20,841072.0,534.0139682539683,,,,,12288,,20.10699883957616,,,0,0.0,1,bf14b28d2af4128daa99f23eec8a5e105636d0b04136f8be580fdc39d6f1f97d,legal_ring
02_latency_throughput,lat_bf16_m128n128k16_legal_ring_in1_q16,1,,NVIDIA Thor,11.0,580.00,13.0,PTX ISA 9.3 / CUDA 13.0,1575.000,,,,bf16,128,128,16,16,32,105,0,discard,same,4,4,16,1,nocount,sw128,sw128,16,16,16,0,512,0,128,none,1,none,0,4,20,472778.0,300.17650793650796,,,,,8192,,17.885174149389357,,,0,0.0,1,bf14b28d2af4128daa99f23eec8a5e105636d0b04136f8be580fdc39d6f1f97d,legal_ring; UTCHMMA=21;UTCHMMA_WS=16;UTCBAR=1;UTCATOMSWS=3;SYNCS_TRYWAIT=8;LDS=21;LDG=9;ptx_tcgen05_mma=21;ptx_tcgen05_mma_ws=16;ptx_tcgen05_commit=1;ptx_tcgen05_alloc=1;ptx_tcgen05_dealloc=1;ptx_tcgen05_ld=5;ptx_tcgen05_st=5;ptx_mbarrier_wait=5;ptx_cp_async_tma=2;ptx_ld_shared=26;ptx_ld_global=7
02_latency_throughput,lat_bf16_m128n128k16_legal_ring_in1_q16,1,,NVIDIA Thor,11.0,580.00,13.0,PTX ISA 9.3 / CUDA 13.0,1575.000,,,,bf16,128,128,16,16,32,105,1,discard,same,4,4,16,1,nocount,sw128,sw128,16,16,16,0,512,0,128,none,1,none,0,4,20,472774.0,300.17396825396827,,,,,8192,,17.885325470520797,,,0,0.0,1,bf14b28d2af4128daa99f23eec8a5e105636d0b04136f8be580fdc39d6f1f97d,legal_ring
02_latency_throughput,lat_bf16_m128n128k16_legal_ring_in1_q16,1,,NVIDIA Thor,11.0,580.00,13.0,PTX ISA 9.3 / CUDA 13.0,1575.000,,,,bf16,128,128,16,16,32,105,2,discard,same,4,4,16,1,nocount,sw128,sw128,16,16,16,0,512,0,128,none,1,none,0,4,20,472773.0,300.1733333333333,,,,,8192,,17.88536330120375,,,0,0.0,1,bf14b28d2af4128daa99f23eec8a5e105636d0b04136f8be580fdc39d6f1f97d,legal_ring
02_latency_throughput,lat_bf16_m128n128k16_legal_ring_in1_q16,1,,NVIDIA Thor,11.0,580.00,13.0,PTX ISA 9.3 / CUDA 13.0,1575.000,,,,bf16,128,128,16,16,32,105,3,discard,same,4,4,16,1,nocount,sw128,sw128,16,16,16,0,512,0,128,none,1,none,0,4,20,472773.0,300.1733333333333,,,,,8192,,17.88536330120375,,,0,0.0,1,bf14b28d2af4128daa99f23eec8a5e105636d0b04136f8be580fdc39d6f1f97d,legal_ring
02_latency_throughput,lat_bf16_m128n128k16_legal_ring_in1_q16,1,,NVIDIA Thor,11.0,580.00,13.0,PTX ISA 9.3 / CUDA 13.0,1575.000,,,,bf16,128,128,16,16,32,105,4,discard,same,4,4,16,1,nocount,sw128,sw128,16,16,16,0,512,0,128,none,1,none,0,4,20,472776.0,300.1752380952381,,,,,8192,,17.885249809635006,,,0,0.0,1,bf14b28d2af4128daa99f23eec8a5e105636d0b04136f8be580fdc39d6f1f97d,legal_ring
02_latency_throughput,lat_fp16_m128n256k16_same_d_in1_q24,1,,NVIDIA Thor,11.0,580.00,13.0,PTX ISA 9.3 / CUDA 13.0,1575.000,,,,fp16,128,256,16,24,21,106,0,discard,same,1,1,24,1,nocount,sw128,sw128,16,16,16,0,512,0,0,none,1,none,0,4,20,395942.0,251.39174603174604,,,,,12288,,42.04452312712468,,,0,0.0,1,bf14b28d2af4128daa99f23eec8a5e105636d0b04136f8be580fdc39d6f1f97d,same_d; UTCHMMA=21;UTCHMMA_WS=16;UTCBAR=1;UTCATOMSWS=3;SYNCS_TRYWAIT=8;LDS=21;LDG=9;ptx_tcgen05_mma=21;ptx_tcgen05_mma_ws=16;ptx_tcgen05_commit=1;ptx_tcgen05_alloc=1;ptx_tcgen05_dealloc=1;ptx_tcgen05_ld=5;ptx_tcgen05_st=5;ptx_mbarrier_wait=5;ptx_cp_async_tma=2;ptx_ld_shared=26;ptx_ld_global=7
02_latency_throughput,lat_fp16_m128n256k16_same_d_in1_q24,1,,NVIDIA Thor,11.0,580.00,13.0,PTX ISA 9.3 / CUDA 13.0,1575.000,,,,fp16,128,256,16,24,21,106,1,discard,same,1,1,24,1,nocount,sw128,sw128,16,16,16,0,512,0,0,none,1,none,0,4,20,395934.0,251.38666666666668,,,,,12288,,42.04537265301792,,,0,0.0,1,bf14b28d2af4128daa99f23eec8a5e105636d0b04136f8be580fdc39d6f1f97d,same_d
02_latency_throughput,lat_fp16_m128n256k16_same_d_in1_q24,1,,NVIDIA Thor,11.0,580.00,13.0,PTX ISA 9.3 / CUDA 13.0,1575.000,,,,fp16,128,256,16,24,21,106,2,discard,same,1,1,24,1,nocount,sw128,sw128,16,16,16,0,512,0,0,none,1,none,0,4,20,395934.0,251.38666666666668,,,,,12288,,42.04537265301792,,,0,0.0,1,bf14b28d2af4128daa99f23eec8a5e105636d0b04136f8be580fdc39d6f1f97d,same_d
02_latency_throughput,lat_fp16_m128n256k16_same_d_in1_q24,1,,NVIDIA Thor,11.0,580.00,13.0,PTX ISA 9.3 / CUDA 13.0,1575.000,,,,fp16,128,256,16,24,21,106,3,discard,same,1,1,24,1,nocount,sw128,sw128,16,16,16,0,512,0,0,none,1,none,0,4,20,395975.0,251.4126984126984,,,,,12288,,42.0410191956563,,,0,0.0,1,bf14b28d2af4128daa99f23eec8a5e105636d0b04136f8be580fdc39d6f1f97d,same_d
02_latency_throughput,lat_fp16_m128n256k16_same_d_in1_q24,1,,NVIDIA Thor,11.0,580.00,13.0,PTX ISA 9.3 / CUDA 13.0,1575.000,,,,fp16,128,256,16,24,21,106,4,discard,same,1,1,24,1,nocount,sw128,sw128,16,16,16,0,512,0,0,none,1,none,0,4,20,395975.0,251.4126984126984,,,,,12288,,42.0410191956563,,,0,0.0,1,bf14b28d2af4128daa99f23eec8a5e105636d0b04136f8be580fdc39d6f1f97d,same_d
02_latency_throughput,lat_fp16_m128n128k16_same_d_in1_q4,1,,NVIDIA Thor,11.0,580.00,13.0,PTX ISA 9.3 / CUDA 13.0,1575.000,,,,fp16,128,128,16,4,128,107,0,discard,same,1,1,4,1,nocount,sw128,sw128,16,16,16,0,512,0,0,none,1,none,0,4,20,485745.0,308.4095238095238,,,,,8192,,17.40772805484359,,,0,0.0,1,bf14b28d2af4128daa99f23eec8a5e105636d0b04136f8be580fdc39d6f1f97d,same_d; UTCHMMA=21;UTCHMMA_WS=16;UTCBAR=1;UTCATOMSWS=3;SYNCS_TRYWAIT=8;LDS=21;LDG=9;ptx_tcgen05_mma=21;ptx_tcgen05_mma_ws=16;ptx_tcgen05_commit=1;ptx_tcgen05_alloc=1;ptx_tcgen05_dealloc=1;ptx_tcgen05_ld=5;ptx_tcgen05_st=5;ptx_mbarrier_wait=5;ptx_cp_async_tma=2;ptx_ld_shared=26;ptx_ld_global=7
02_latency_throughput,lat_fp16_m128n128k16_same_d_in1_q4,1,,NVIDIA Thor,11.0,580.00,13.0,PTX ISA 9.3 / CUDA 13.0,1575.000,,,,fp16,128,128,16,4,128,107,1,discard,same,1,1,4,1,nocount,sw128,sw128,16,16,16,0,512,0,0,none,1,none,0,4,20,485746.0,308.41015873015874,,,,,8192,,17.40769221774343,,,0,0.0,1,bf14b28d2af4128daa99f23eec8a5e105636d0b04136f8be580fdc39d6f1f97d,same_d
02_latency_throughput,lat_fp16_m128n128k16_same_d_in1_q4,1,,NVIDIA Thor,11.0,580.00,13.0,PTX ISA 9.3 / CUDA 13.0,1575.000,,,,fp16,128,128,16,4,128,107,2,discard,same,1,1,4,1,nocount,sw128,sw128,16,16,16,0,512,0,0,none,1,none,0,4,20,485748.0,308.4114285714286,,,,,8192,,17.407620543985768,,,0,0.0,1,bf14b28d2af4128daa99f23eec8a5e105636d0b04136f8be580fdc39d6f1f97d,same_d
02_latency_throughput,lat_fp16_m128n128k16_same_d_in1_q4,1,,NVIDIA Thor,11.0,580.00,13.0,PTX ISA 9.3 / CUDA 13.0,1575.000,,,,fp16,128,128,16,4,128,107,3,discard,same,1,1,4,1,nocount,sw128,sw128,16,16,16,0,512,0,0,none,1,none,0,4,20,485750.0,308.41269841269843,,,,,8192,,17.40754887081832,,,0,0.0,1,bf14b28d2af4128daa99f23eec8a5e105636d0b04136f8be580fdc39d6f1f97d,same_d
02_latency_throughput,lat_fp16_m128n128k16_same_d_in1_q4,1,,NVIDIA Thor,11.0,580.00,13.0,PTX ISA 9.3 / CUDA 13.0,1575.000,,,,fp16,128,128,16,4,128,107,4,discard,same,1,1,4,1,nocount,sw128,sw128,16,16,16,0,512,0,0,none,1,none,0,4,20,485751.0,308.4133333333333,,,,,8192,,17.407513034455924,,,0,0.0,1,bf14b28d2af4128daa99f23eec8a5e105636d0b04136f8be580fdc39d6f1f97d,same_d
02_latency_throughput,lat_bf16_m128n128k16_legal_ring_in0_q2,1,,NVIDIA Thor,11.0,580.00,13.0,PTX ISA 9.3 / CUDA 13.0,1575.000,,,,bf16,128,128,16,2,256,108,0,discard,same,4,4,2,1,nocount,sw128,sw128,16,16,16,0,512,0,128,none,0,none,0,4,20,648062.0,411.46793650793654,,,,,8192,,13.047697386978406,,,0,0.0,1,bf14b28d2af4128daa99f23eec8a5e105636d0b04136f8be580fdc39d6f1f97d,legal_ring; UTCHMMA=21;UTCHMMA_WS=16;UTCBAR=1;UTCATOMSWS=3;SYNCS_TRYWAIT=8;LDS=21;LDG=9;ptx_tcgen05_mma=21;ptx_tcgen05_mma_ws=16;ptx_tcgen05_commit=1;ptx_tcgen05_alloc=1;ptx_tcgen05_dealloc=1;ptx_tcgen05_ld=5;ptx_tcgen05_st=5;ptx_mbarrier_wait=5;ptx_cp_async_tma=2;ptx_ld_shared=26;ptx_ld_global=7
02_latency_throughput,lat_bf16_m128n128k16_legal_ring_in0_q2,1,,NVIDIA Thor,11.0,580.00,13.0,PTX ISA 9.3 / CUDA 13.0,1575.000,,,,bf16,128,128,16,2,256,108,1,discard,same,4,4,2,1,nocount,sw128,sw128,16,16,16,0,512,0,128,none,0,none,0,4,20,648047.0,411.4584126984127,,,,,8192,,13.047999395105602,,,0,0.0,1,bf14b28d2af4128daa99f23eec8a5e105636d0b04136f8be580fdc39d6f1f97d,legal_ring
02_latency_throughput,lat_bf16_m128n128k16_legal_ring_in0_q2,1,,NVIDIA Thor,11.0,580.00,13.0,PTX ISA 9.3 / CUDA 13.0,1575.000,,,,bf16,128,128,16,2,256,108,2,discard,same,4,4,2,1,nocount,sw128,sw128,16,16,16,0,512,0,128,none,0,none,0,4,20,648053.0,411.4622222222222,,,,,8192,,13.047878590177039,,,0,0.0,1,bf14b28d2af4128daa99f23eec8a5e105636d0b04136f8be580fdc39d6f1f97d,legal_ring
02_latency_throughput,lat_bf16_m128n128k16_legal_ring_in0_q2,1,,NVIDIA Thor,11.0,580.00,13.0,PTX ISA 9.3 / CUDA 13.0,1575.000,,,,bf16,128,128,16,2,256,108,3,discard,same,4,4,2,1,nocount,sw128,sw128,16,16,16,0,512,0,128,none,0,none,0,4,20,648048.0,411.4590476190476,,,,,8192,,13.047979260795497,,,0,0.0,1,bf14b28d2af4128daa99f23eec8a5e105636d0b04136f8be580fdc39d6f1f97d,legal_ring
02_latency_throughput,lat_bf16_m128n128k16_legal_ring_in0_q2,1,,NVIDIA Thor,11.0,580.00,13.0,PTX ISA 9.3 / CUDA 13.0,1575.000,,,,bf16,128,128,16,2,256,108,4,discard,same,4,4,2,1,nocount,sw128,sw128,16,16,16,0,512,0,128,none,0,none,0,4,20,648045.0,411.45714285714286,,,,,8192,,13.04803966391223,,,0,0.0,1,bf14b28d2af4128daa99f23eec8a5e105636d0b04136f8be580fdc39d6f1f97d,legal_ring
02_latency_throughput,lat_bf16_m128n64k16_same_d_in0_q48,1,,NVIDIA Thor,11.0,580.00,13.0,PTX ISA 9.3 / CUDA 13.0,1575.000,,,,bf16,128,64,16,48,10,109,0,discard,same,1,1,48,1,nocount,sw128,sw128,16,16,16,0,512,0,0,none,0,none,0,4,20,369237.0,234.4361904761905,,,,,6144,,10.73461565336085,,,0,0.0,1,bf14b28d2af4128daa99f23eec8a5e105636d0b04136f8be580fdc39d6f1f97d,same_d; UTCHMMA=21;UTCHMMA_WS=16;UTCBAR=1;UTCATOMSWS=3;SYNCS_TRYWAIT=8;LDS=21;LDG=9;ptx_tcgen05_mma=21;ptx_tcgen05_mma_ws=16;ptx_tcgen05_commit=1;ptx_tcgen05_alloc=1;ptx_tcgen05_dealloc=1;ptx_tcgen05_ld=5;ptx_tcgen05_st=5;ptx_mbarrier_wait=5;ptx_cp_async_tma=2;ptx_ld_shared=26;ptx_ld_global=7
02_latency_throughput,lat_bf16_m128n64k16_same_d_in0_q48,1,,NVIDIA Thor,11.0,580.00,13.0,PTX ISA 9.3 / CUDA 13.0,1575.000,,,,bf16,128,64,16,48,10,109,1,discard,same,1,1,48,1,nocount,sw128,sw128,16,16,16,0,512,0,0,none,0,none,0,4,20,369242.0,234.4393650793651,,,,,6144,,10.734470293195248,,,0,0.0,1,bf14b28d2af4128daa99f23eec8a5e105636d0b04136f8be580fdc39d6f1f97d,same_d
02_latency_throughput,lat_bf16_m128n64k16_same_d_in0_q48,1,,NVIDIA Thor,11.0,580.00,13.0,PTX ISA 9.3 / CUDA 13.0,1575.000,,,,bf16,128,64,16,48,10,109,2,discard,same,1,1,48,1,nocount,sw128,sw128,16,16,16,0,512,0,0,none,0,none,0,4,20,369235.0,234.43492063492064,,,,,6144,,10.734673798529391,,,0,0.0,1,bf14b28d2af4128daa99f23eec8a5e105636d0b04136f8be580fdc39d6f1f97d,same_d
02_latency_throughput,lat_bf16_m128n64k16_same_d_in0_q48,1,,NVIDIA Thor,11.0,580.00,13.0,PTX ISA 9.3 / CUDA 13.0,1575.000,,,,bf16,128,64,16,48,10,109,3,discard,same,1,1,48,1,nocount,sw128,sw128,16,16,16,0,512,0,0,none,0,none,0,4,20,369248.0,234.4431746031746,,,,,6144,,10.73429586619291,,,0,0.0,1,bf14b28d2af4128daa99f23eec8a5e105636d0b04136f8be580fdc39d6f1f97d,same_d
02_latency_throughput,lat_bf16_m128n64k16_same_d_in0_q48,1,,NVIDIA Thor,11.0,580.00,13.0,PTX ISA 9.3 / CUDA 13.0,1575.000,,,,bf16,128,64,16,48,10,109,4,discard,same,1,1,48,1,nocount,sw128,sw128,16,16,16,0,512,0,0,none,0,none,0,4,20,369242.0,234.4393650793651,,,,,6144,,10.734470293195248,,,0,0.0,1,bf14b28d2af4128daa99f23eec8a5e105636d0b04136f8be580fdc39d6f1f97d,same_d
02_latency_throughput,lat_fp16_m128n128k16_legal_ring_in0_q16,1,,NVIDIA Thor,11.0,580.00,13.0,PTX ISA 9.3 / CUDA 13.0,1575.000,,,,fp16,128,128,16,16,32,110,0,discard,same,4,4,16,1,nocount,sw128,sw128,16,16,16,0,512,0,128,none,0,none,0,4,20,472788.0,300.18285714285713,,,,,8192,,17.884795857762885,,,0,0.0,1,bf14b28d2af4128daa99f23eec8a5e105636d0b04136f8be580fdc39d6f1f97d,legal_ring; UTCHMMA=21;UTCHMMA_WS=16;UTCBAR=1;UTCATOMSWS=3;SYNCS_TRYWAIT=8;LDS=21;LDG=9;ptx_tcgen05_mma=21;ptx_tcgen05_mma_ws=16;ptx_tcgen05_commit=1;ptx_tcgen05_alloc=1;ptx_tcgen05_dealloc=1;ptx_tcgen05_ld=5;ptx_tcgen05_st=5;ptx_mbarrier_wait=5;ptx_cp_async_tma=2;ptx_ld_shared=26;ptx_ld_global=7
02_latency_throughput,lat_fp16_m128n128k16_legal_ring_in0_q16,1,,NVIDIA Thor,11.0,580.00,13.0,PTX ISA 9.3 / CUDA 13.0,1575.000,,,,fp16,128,128,16,16,32,110,1,discard,same,4,4,16,1,nocount,sw128,sw128,16,16,16,0,512,0,128,none,0,none,0,4,20,472778.0,300.17650793650796,,,,,8192,,17.885174149389357,,,0,0.0,1,bf14b28d2af4128daa99f23eec8a5e105636d0b04136f8be580fdc39d6f1f97d,legal_ring
02_latency_throughput,lat_fp16_m128n128k16_legal_ring_in0_q16,1,,NVIDIA Thor,11.0,580.00,13.0,PTX ISA 9.3 / CUDA 13.0,1575.000,,,,fp16,128,128,16,16,32,110,2,discard,same,4,4,16,1,nocount,sw128,sw128,16,16,16,0,512,0,128,none,0,none,0,4,20,472774.0,300.17396825396827,,,,,8192,,17.885325470520797,,,0,0.0,1,bf14b28d2af4128daa99f23eec8a5e105636d0b04136f8be580fdc39d6f1f97d,legal_ring
02_latency_throughput,lat_fp16_m128n128k16_legal_ring_in0_q16,1,,NVIDIA Thor,11.0,580.00,13.0,PTX ISA 9.3 / CUDA 13.0,1575.000,,,,fp16,128,128,16,16,32,110,3,discard,same,4,4,16,1,nocount,sw128,sw128,16,16,16,0,512,0,128,none,0,none,0,4,20,472776.0,300.1752380952381,,,,,8192,,17.885249809635006,,,0,0.0,1,bf14b28d2af4128daa99f23eec8a5e105636d0b04136f8be580fdc39d6f1f97d,legal_ring
02_latency_throughput,lat_fp16_m128n128k16_legal_ring_in0_q16,1,,NVIDIA Thor,11.0,580.00,13.0,PTX ISA 9.3 / CUDA 13.0,1575.000,,,,fp16,128,128,16,16,32,110,4,discard,same,4,4,16,1,nocount,sw128,sw128,16,16,16,0,512,0,128,none,0,none,0,4,20,472778.0,300.17650793650796,,,,,8192,,17.885174149389357,,,0,0.0,1,bf14b28d2af4128daa99f23eec8a5e105636d0b04136f8be580fdc39d6f1f97d,legal_ring
02_latency_throughput,lat_fp16_m128n64k16_legal_ring_in1_q24,1,,NVIDIA Thor,11.0,580.00,13.0,PTX ISA 9.3 / CUDA 13.0,1575.000,,,,fp16,128,64,16,24,21,111,0,discard,same,8,8,24,1,nocount,sw128,sw128,16,16,16,0,512,0,64,none,1,none,0,4,20,457019.0,290.17079365079366,,,,,6144,,9.10640070544113,,,0,0.0,1,bf14b28d2af4128daa99f23eec8a5e105636d0b04136f8be580fdc39d6f1f97d,legal_ring; UTCHMMA=21;UTCHMMA_WS=16;UTCBAR=1;UTCATOMSWS=3;SYNCS_TRYWAIT=8;LDS=21;LDG=9;ptx_tcgen05_mma=21;ptx_tcgen05_mma_ws=16;ptx_tcgen05_commit=1;ptx_tcgen05_alloc=1;ptx_tcgen05_dealloc=1;ptx_tcgen05_ld=5;ptx_tcgen05_st=5;ptx_mbarrier_wait=5;ptx_cp_async_tma=2;ptx_ld_shared=26;ptx_ld_global=7
02_latency_throughput,lat_fp16_m128n64k16_legal_ring_in1_q24,1,,NVIDIA Thor,11.0,580.00,13.0,PTX ISA 9.3 / CUDA 13.0,1575.000,,,,fp16,128,64,16,24,21,111,1,discard,same,8,8,24,1,nocount,sw128,sw128,16,16,16,0,512,0,64,none,1,none,0,4,20,457022.0,290.17269841269837,,,,,6144,,9.106340928883075,,,0,0.0,1,bf14b28d2af4128daa99f23eec8a5e105636d0b04136f8be580fdc39d6f1f97d,legal_ring
02_latency_throughput,lat_fp16_m128n64k16_legal_ring_in1_q24,1,,NVIDIA Thor,11.0,580.00,13.0,PTX ISA 9.3 / CUDA 13.0,1575.000,,,,fp16,128,64,16,24,21,111,2,discard,same,8,8,24,1,nocount,sw128,sw128,16,16,16,0,512,0,64,none,1,none,0,4,20,457016.0,290.1688888888889,,,,,6144,,9.106460482783973,,,0,0.0,1,bf14b28d2af4128daa99f23eec8a5e105636d0b04136f8be580fdc39d6f1f97d,legal_ring
02_latency_throughput,lat_fp16_m128n64k16_legal_ring_in1_q24,1,,NVIDIA Thor,11.0,580.00,13.0,PTX ISA 9.3 / CUDA 13.0,1575.000,,,,fp16,128,64,16,24,21,111,3,discard,same,8,8,24,1,nocount,sw128,sw128,16,16,16,0,512,0,64,none,1,none,0,4,20,457025.0,290.1746031746032,,,,,6144,,9.106281153109785,,,0,0.0,1,bf14b28d2af4128daa99f23eec8a5e105636d0b04136f8be580fdc39d6f1f97d,legal_ring
02_latency_throughput,lat_fp16_m128n64k16_legal_ring_in1_q24,1,,NVIDIA Thor,11.0,580.00,13.0,PTX ISA 9.3 / CUDA 13.0,1575.000,,,,fp16,128,64,16,24,21,111,4,discard,same,8,8,24,1,nocount,sw128,sw128,16,16,16,0,512,0,64,none,1,none,0,4,20,457020.0,290.1714285714285,,,,,6144,,9.106380779834582,,,0,0.0,1,bf14b28d2af4128daa99f23eec8a5e105636d0b04136f8be580fdc39d6f1f97d,legal_ring
02_latency_throughput,lat_bf16_m128n256k16_same_d_in1_q12,1,,NVIDIA Thor,11.0,580.00,13.0,PTX ISA 9.3 / CUDA 13.0,1575.000,,,,bf16,128,256,16,12,42,112,0,discard,same,1,1,12,1,nocount,sw128,sw128,16,16,16,0,512,0,0,none,1,none,0,4,20,412518.0,261.9161904761905,,,,,12288,,40.35506953878376,,,0,0.0,1,bf14b28d2af4128daa99f23eec8a5e105636d0b04136f8be580fdc39d6f1f97d,same_d; UTCHMMA=21;UTCHMMA_WS=16;UTCBAR=1;UTCATOMSWS=3;SYNCS_TRYWAIT=8;LDS=21;LDG=9;ptx_tcgen05_mma=21;ptx_tcgen05_mma_ws=16;ptx_tcgen05_commit=1;ptx_tcgen05_alloc=1;ptx_tcgen05_dealloc=1;ptx_tcgen05_ld=5;ptx_tcgen05_st=5;ptx_mbarrier_wait=5;ptx_cp_async_tma=2;ptx_ld_shared=26;ptx_ld_global=7
02_latency_throughput,lat_bf16_m128n256k16_same_d_in1_q12,1,,NVIDIA Thor,11.0,580.00,13.0,PTX ISA 9.3 / CUDA 13.0,1575.000,,,,bf16,128,256,16,12,42,112,1,discard,same,1,1,12,1,nocount,sw128,sw128,16,16,16,0,512,0,0,none,1,none,0,4,20,412509.0,261.9104761904762,,,,,12288,,40.35594999381832,,,0,0.0,1,bf14b28d2af4128daa99f23eec8a5e105636d0b04136f8be580fdc39d6f1f97d,same_d
02_latency_throughput,lat_bf16_m128n256k16_same_d_in1_q12,1,,NVIDIA Thor,11.0,580.00,13.0,PTX ISA 9.3 / CUDA 13.0,1575.000,,,,bf16,128,256,16,12,42,112,2,discard,same,1,1,12,1,nocount,sw128,sw128,16,16,16,0,512,0,0,none,1,none,0,4,20,412506.0,261.90857142857146,,,,,12288,,40.35624348736745,,,0,0.0,1,bf14b28d2af4128daa99f23eec8a5e105636d0b04136f8be580fdc39d6f1f97d,same_d
02_latency_throughput,lat_bf16_m128n256k16_same_d_in1_q12,1,,NVIDIA Thor,11.0,580.00,13.0,PTX ISA 9.3 / CUDA 13.0,1575.000,,,,bf16,128,256,16,12,42,112,3,discard,same,1,1,12,1,nocount,sw128,sw128,16,16,16,0,512,0,0,none,1,none,0,4,20,412506.0,261.90857142857146,,,,,12288,,40.35624348736745,,,0,0.0,1,bf14b28d2af4128daa99f23eec8a5e105636d0b04136f8be580fdc39d6f1f97d,same_d
02_latency_throughput,lat_bf16_m128n256k16_same_d_in1_q12,1,,NVIDIA Thor,11.0,580.00,13.0,PTX ISA 9.3 / CUDA 13.0,1575.000,,,,bf16,128,256,16,12,42,112,4,discard,same,1,1,12,1,nocount,sw128,sw128,16,16,16,0,512,0,0,none,1,none,0,4,20,412502.0,261.9060317460318,,,,,12288,,40.356634818740275,,,0,0.0,1,bf14b28d2af4128daa99f23eec8a5e105636d0b04136f8be580fdc39d6f1f97d,same_d
02_latency_throughput,lat_fp16_m128n64k16_same_d_in0_q2,1,,NVIDIA Thor,11.0,580.00,13.0,PTX ISA 9.3 / CUDA 13.0,1575.000,,,,fp16,128,64,16,2,256,113,0,discard,same,1,1,2,1,nocount,sw128,sw128,16,16,16,0,512,0,0,none,0,none,0,4,20,586091.0,372.12126984126985,,,,,6144,,7.213655271962887,,,0,0.0,1,bf14b28d2af4128daa99f23eec8a5e105636d0b04136f8be580fdc39d6f1f97d,same_d; UTCHMMA=21;UTCHMMA_WS=16;UTCBAR=1;UTCATOMSWS=3;SYNCS_TRYWAIT=8;LDS=21;LDG=9;ptx_tcgen05_mma=21;ptx_tcgen05_mma_ws=16;ptx_tcgen05_commit=1;ptx_tcgen05_alloc=1;ptx_tcgen05_dealloc=1;ptx_tcgen05_ld=5;ptx_tcgen05_st=5;ptx_mbarrier_wait=5;ptx_cp_async_tma=2;ptx_ld_shared=26;ptx_ld_global=7
02_latency_throughput,lat_fp16_m128n64k16_same_d_in0_q2,1,,NVIDIA Thor,11.0,580.00,13.0,PTX ISA 9.3 / CUDA 13.0,1575.000,,,,fp16,128,64,16,2,256,113,1,discard,same,1,1,2,1,nocount,sw128,sw128,16,16,16,0,512,0,0,none,0,none,0,4,20,586099.0,372.1263492063492,,,,,6144,,7.213556808662019,,,0,0.0,1,bf14b28d2af4128daa99f23eec8a5e105636d0b04136f8be580fdc39d6f1f97d,same_d
02_latency_throughput,lat_fp16_m128n64k16_same_d_in0_q2,1,,NVIDIA Thor,11.0,580.00,13.0,PTX ISA 9.3 / CUDA 13.0,1575.000,,,,fp16,128,64,16,2,256,113,2,discard,same,1,1,2,1,nocount,sw128,sw128,16,16,16,0,512,0,0,none,0,none,0,4,20,586097.0,372.12507936507933,,,,,6144,,7.2135814242352385,,,0,0.0,1,bf14b28d2af4128daa99f23eec8a5e105636d0b04136f8be580fdc39d6f1f97d,same_d
02_latency_throughput,lat_fp16_m128n64k16_same_d_in0_q2,1,,NVIDIA Thor,11.0,580.00,13.0,PTX ISA 9.3 / CUDA 13.0,1575.000,,,,fp16,128,64,16,2,256,113,3,discard,same,1,1,2,1,nocount,sw128,sw128,16,16,16,0,512,0,0,none,0,none,0,4,20,586095.0,372.1238095238095,,,,,6144,,7.213606039976455,,,0,0.0,1,bf14b28d2af4128daa99f23eec8a5e105636d0b04136f8be580fdc39d6f1f97d,same_d
02_latency_throughput,lat_fp16_m128n64k16_same_d_in0_q2,1,,NVIDIA Thor,11.0,580.00,13.0,PTX ISA 9.3 / CUDA 13.0,1575.000,,,,fp16,128,64,16,2,256,113,4,discard,same,1,1,2,1,nocount,sw128,sw128,16,16,16,0,512,0,0,none,0,none,0,4,20,586102.0,372.128253968254,,,,,6144,,7.2135198856171785,,,0,0.0,1,bf14b28d2af4128daa99f23eec8a5e105636d0b04136f8be580fdc39d6f1f97d,same_d
02_latency_throughput,lat_fp16_m128n64k16_same_d_in0_q6,1,,NVIDIA Thor,11.0,580.00,13.0,PTX ISA 9.3 / CUDA 13.0,1575.000,,,,fp16,128,64,16,6,85,114,0,discard,same,1,1,6,1,nocount,sw128,sw128,16,16,16,0,512,0,0,none,0,none,0,4,20,450695.0,286.15555555555557,,,,,6144,,9.344109342238097,,,0,0.0,1,bf14b28d2af4128daa99f23eec8a5e105636d0b04136f8be580fdc39d6f1f97d,same_d; UTCHMMA=21;UTCHMMA_WS=16;UTCBAR=1;UTCATOMSWS=3;SYNCS_TRYWAIT=8;LDS=21;LDG=9;ptx_tcgen05_mma=21;ptx_tcgen05_mma_ws=16;ptx_tcgen05_commit=1;ptx_tcgen05_alloc=1;ptx_tcgen05_dealloc=1;ptx_tcgen05_ld=5;ptx_tcgen05_st=5;ptx_mbarrier_wait=5;ptx_cp_async_tma=2;ptx_ld_shared=26;ptx_ld_global=7
02_latency_throughput,lat_fp16_m128n64k16_same_d_in0_q6,1,,NVIDIA Thor,11.0,580.00,13.0,PTX ISA 9.3 / CUDA 13.0,1575.000,,,,fp16,128,64,16,6,85,114,1,discard,same,1,1,6,1,nocount,sw128,sw128,16,16,16,0,512,0,0,none,0,none,0,4,20,450696.0,286.15619047619043,,,,,6144,,9.344088609617128,,,0,0.0,1,bf14b28d2af4128daa99f23eec8a5e105636d0b04136f8be580fdc39d6f1f97d,same_d
02_latency_throughput,lat_fp16_m128n64k16_same_d_in0_q6,1,,NVIDIA Thor,11.0,580.00,13.0,PTX ISA 9.3 / CUDA 13.0,1575.000,,,,fp16,128,64,16,6,85,114,2,discard,same,1,1,6,1,nocount,sw128,sw128,16,16,16,0,512,0,0,none,0,none,0,4,20,450693.0,286.1542857142857,,,,,6144,,9.344150807756055,,,0,0.0,1,bf14b28d2af4128daa99f23eec8a5e105636d0b04136f8be580fdc39d6f1f97d,same_d
02_latency_throughput,lat_fp16_m128n64k16_same_d_in0_q6,1,,NVIDIA Thor,11.0,580.00,13.0,PTX ISA 9.3 / CUDA 13.0,1575.000,,,,fp16,128,64,16,6,85,114,3,discard,same,1,1,6,1,nocount,sw128,sw128,16,16,16,0,512,0,0,none,0,none,0,4,20,450697.0,286.1568253968254,,,,,6144,,9.344067877088154,,,0,0.0,1,bf14b28d2af4128daa99f23eec8a5e105636d0b04136f8be580fdc39d6f1f97d,same_d
02_latency_throughput,lat_fp16_m128n64k16_same_d_in0_q6,1,,NVIDIA Thor,11.0,580.00,13.0,PTX ISA 9.3 / CUDA 13.0,1575.000,,,,fp16,128,64,16,6,85,114,4,discard,same,1,1,6,1,nocount,sw128,sw128,16,16,16,0,512,0,0,none,0,none,0,4,20,450692.0,286.1536507936508,,,,,6144,,9.344171540653042,,,0,0.0,1,bf14b28d2af4128daa99f23eec8a5e105636d0b04136f8be580fdc39d6f1f97d,same_d
02_latency_throughput,lat_fp16_m128n128k16_legal_ring_in1_q12,1,,NVIDIA Thor,11.0,580.00,13.0,PTX ISA 9.3 / CUDA 13.0,1575.000,,,,fp16,128,128,16,12,42,115,0,discard,same,4,4,12,1,nocount,sw128,sw128,16,16,16,0,512,0,128,none,1,none,0,4,20,473569.0,300.67873015873016,,,,,8192,,17.5763115575555,,,0,0.0,1,bf14b28d2af4128daa99f23eec8a5e105636d0b04136f8be580fdc39d6f1f97d,legal_ring; UTCHMMA=21;UTCHMMA_WS=16;UTCBAR=1;UTCATOMSWS=3;SYNCS_TRYWAIT=8;LDS=21;LDG=9;ptx_tcgen05_mma=21;ptx_tcgen05_mma_ws=16;ptx_tcgen05_commit=1;ptx_tcgen05_alloc=1;ptx_tcgen05_dealloc=1;ptx_tcgen05_ld=5;ptx_tcgen05_st=5;ptx_mbarrier_wait=5;ptx_cp_async_tma=2;ptx_ld_shared=26;ptx_ld_global=7
02_latency_throughput,lat_fp16_m128n128k16_legal_ring_in1_q12,1,,NVIDIA Thor,11.0,580.00,13.0,PTX ISA 9.3 / CUDA 13.0,1575.000,,,,fp16,128,128,16,12,42,115,1,discard,same,4,4,12,1,nocount,sw128,sw128,16,16,16,0,512,0,128,none,1,none,0,4,20,473570.0,300.679365079365,,,,,8192,,17.57627444306016,,,0,0.0,1,bf14b28d2af4128daa99f23eec8a5e105636d0b04136f8be580fdc39d6f1f97d,legal_ring
02_latency_throughput,lat_fp16_m128n128k16_legal_ring_in1_q12,1,,NVIDIA Thor,11.0,580.00,13.0,PTX ISA 9.3 / CUDA 13.0,1575.000,,,,fp16,128,128,16,12,42,115,2,discard,same,4,4,12,1,nocount,sw128,sw128,16,16,16,0,512,0,128,none,1,none,0,4,20,473568.0,300.67809523809524,,,,,8192,,17.576348672207583,,,0,0.0,1,bf14b28d2af4128daa99f23eec8a5e105636d0b04136f8be580fdc39d6f1f97d,legal_ring
02_latency_throughput,lat_fp16_m128n128k16_legal_ring_in1_q12,1,,NVIDIA Thor,11.0,580.00,13.0,PTX ISA 9.3 / CUDA 13.0,1575.000,,,,fp16,128,128,16,12,42,115,3,discard,same,4,4,12,1,nocount,sw128,sw128,16,16,16,0,512,0,128,none,1,none,0,4,20,473533.0,300.655873015873,,,,,8192,,17.57764778378698,,,0,0.0,1,bf14b28d2af4128daa99f23eec8a5e105636d0b04136f8be580fdc39d6f1f97d,legal_ring
02_latency_throughput,lat_fp16_m128n128k16_legal_ring_in1_q12,1,,NVIDIA Thor,11.0,580.00,13.0,PTX ISA 9.3 / CUDA 13.0,1575.000,,,,fp16,128,128,16,12,42,115,4,discard,same,4,4,12,1,nocount,sw128,sw128,16,16,16,0,512,0,128,none,1,none,0,4,20,473574.0,300.6819047619047,,,,,8192,,17.57612598664623,,,0,0.0,1,bf14b28d2af4128daa99f23eec8a5e105636d0b04136f8be580fdc39d6f1f97d,legal_ring
02_latency_throughput,lat_fp16_m128n128k16_legal_ring_in0_q8,1,,NVIDIA Thor,11.0,580.00,13.0,PTX ISA 9.3 / CUDA 13.0,1575.000,,,,fp16,128,128,16,8,64,116,0,discard,same,4,4,8,1,nocount,sw128,sw128,16,16,16,0,512,0,128,none,0,none,0,4,20,497528.0,315.8907936507937,,,,,8192,,16.995459278673763,,,0,0.0,1,bf14b28d2af4128daa99f23eec8a5e105636d0b04136f8be580fdc39d6f1f97d,legal_ring; UTCHMMA=21;UTCHMMA_WS=16;UTCBAR=1;UTCATOMSWS=3;SYNCS_TRYWAIT=8;LDS=21;LDG=9;ptx_tcgen05_mma=21;ptx_tcgen05_mma_ws=16;ptx_tcgen05_commit=1;ptx_tcgen05_alloc=1;ptx_tcgen05_dealloc=1;ptx_tcgen05_ld=5;ptx_tcgen05_st=5;ptx_mbarrier_wait=5;ptx_cp_async_tma=2;ptx_ld_shared=26;ptx_ld_global=7
02_latency_throughput,lat_fp16_m128n128k16_legal_ring_in0_q8,1,,NVIDIA Thor,11.0,580.00,13.0,PTX ISA 9.3 / CUDA 13.0,1575.000,,,,fp16,128,128,16,8,64,116,1,discard,same,4,4,8,1,nocount,sw128,sw128,16,16,16,0,512,0,128,none,0,none,0,4,20,497523.0,315.887619047619,,,,,8192,,16.995630079413413,,,0,0.0,1,bf14b28d2af4128daa99f23eec8a5e105636d0b04136f8be580fdc39d6f1f97d,legal_ring
02_latency_throughput,lat_fp16_m128n128k16_legal_ring_in0_q8,1,,NVIDIA Thor,11.0,580.00,13.0,PTX ISA 9.3 / CUDA 13.0,1575.000,,,,fp16,128,128,16,8,64,116,2,discard,same,4,4,8,1,nocount,sw128,sw128,16,16,16,0,512,0,128,none,0,none,0,4,20,497525.0,315.88888888888886,,,,,8192,,16.995561758705595,,,0,0.0,1,bf14b28d2af4128daa99f23eec8a5e105636d0b04136f8be580fdc39d6f1f97d,legal_ring
02_latency_throughput,lat_fp16_m128n128k16_legal_ring_in0_q8,1,,NVIDIA Thor,11.0,580.00,13.0,PTX ISA 9.3 / CUDA 13.0,1575.000,,,,fp16,128,128,16,8,64,116,3,discard,same,4,4,8,1,nocount,sw128,sw128,16,16,16,0,512,0,128,none,0,none,0,4,20,497526.0,315.88952380952384,,,,,8192,,16.99552759855766,,,0,0.0,1,bf14b28d2af4128daa99f23eec8a5e105636d0b04136f8be580fdc39d6f1f97d,legal_ring
02_latency_throughput,lat_fp16_m128n128k16_legal_ring_in0_q8,1,,NVIDIA Thor,11.0,580.00,13.0,PTX ISA 9.3 / CUDA 13.0,1575.000,,,,fp16,128,128,16,8,64,116,4,discard,same,4,4,8,1,nocount,sw128,sw128,16,16,16,0,512,0,128,none,0,none,0,4,20,497540.0,315.8984126984127,,,,,8192,,16.99504937090485,,,0,0.0,1,bf14b28d2af4128daa99f23eec8a5e105636d0b04136f8be580fdc39d6f1f97d,legal_ring
02_latency_throughput,lat_fp16_m128n128k16_same_d_in0_q24,1,,NVIDIA Thor,11.0,580.00,13.0,PTX ISA 9.3 / CUDA 13.0,1575.000,,,,fp16,128,128,16,24,21,117,0,discard,same,1,1,24,1,nocount,sw128,sw128,16,16,16,0,512,0,0,none,0,none,0,4,20,395917.0,251.375873015873,,,,,8192,,21.02358900476615,,,0,0.0,1,bf14b28d2af4128daa99f23eec8a5e105636d0b04136f8be580fdc39d6f1f97d,same_d; UTCHMMA=21;UTCHMMA_WS=16;UTCBAR=1;UTCATOMSWS=3;SYNCS_TRYWAIT=8;LDS=21;LDG=9;ptx_tcgen05_mma=21;ptx_tcgen05_mma_ws=16;ptx_tcgen05_commit=1;ptx_tcgen05_alloc=1;ptx_tcgen05_dealloc=1;ptx_tcgen05_ld=5;ptx_tcgen05_st=5;ptx_mbarrier_wait=5;ptx_cp_async_tma=2;ptx_ld_shared=26;ptx_ld_global=7
02_latency_throughput,lat_fp16_m128n128k16_same_d_in0_q24,1,,NVIDIA Thor,11.0,580.00,13.0,PTX ISA 9.3 / CUDA 13.0,1575.000,,,,fp16,128,128,16,24,21,117,1,discard,same,1,1,24,1,nocount,sw128,sw128,16,16,16,0,512,0,0,none,0,none,0,4,20,395957.0,251.40126984126982,,,,,8192,,21.021465179299774,,,0,0.0,1,bf14b28d2af4128daa99f23eec8a5e105636d0b04136f8be580fdc39d6f1f97d,same_d
02_latency_throughput,lat_fp16_m128n128k16_same_d_in0_q24,1,,NVIDIA Thor,11.0,580.00,13.0,PTX ISA 9.3 / CUDA 13.0,1575.000,,,,fp16,128,128,16,24,21,117,2,discard,same,1,1,24,1,nocount,sw128,sw128,16,16,16,0,512,0,0,none,0,none,0,4,20,395957.0,251.40126984126982,,,,,8192,,21.021465179299774,,,0,0.0,1,bf14b28d2af4128daa99f23eec8a5e105636d0b04136f8be580fdc39d6f1f97d,same_d
02_latency_throughput,lat_fp16_m128n128k16_same_d_in0_q24,1,,NVIDIA Thor,11.0,580.00,13.0,PTX ISA 9.3 / CUDA 13.0,1575.000,,,,fp16,128,128,16,24,21,117,3,discard,same,1,1,24,1,nocount,sw128,sw128,16,16,16,0,512,0,0,none,0,none,0,4,20,395912.0,251.3726984126984,,,,,8192,,21.023854513124128,,,0,0.0,1,bf14b28d2af4128daa99f23eec8a5e105636d0b04136f8be580fdc39d6f1f97d,same_d
02_latency_throughput,lat_fp16_m128n128k16_same_d_in0_q24,1,,NVIDIA Thor,11.0,580.00,13.0,PTX ISA 9.3 / CUDA 13.0,1575.000,,,,fp16,128,128,16,24,21,117,4,discard,same,1,1,24,1,nocount,sw128,sw128,16,16,16,0,512,0,0,none,0,none,0,4,20,395909.0,251.37079365079364,,,,,8192,,21.02401382135794,,,0,0.0,1,bf14b28d2af4128daa99f23eec8a5e105636d0b04136f8be580fdc39d6f1f97d,same_d
02_latency_throughput,lat_fp16_m128n64k16_legal_ring_in1_q6,1,,NVIDIA Thor,11.0,580.00,13.0,PTX ISA 9.3 / CUDA 13.0,1575.000,,,,fp16,128,64,16,6,85,118,0,discard,same,8,8,6,1,nocount,sw128,sw128,16,16,16,0,512,0,64,none,1,none,0,4,20,512404.0,325.335873015873,,,,,6144,,8.218794857183005,,,0,0.0,1,bf14b28d2af4128daa99f23eec8a5e105636d0b04136f8be580fdc39d6f1f97d,legal_ring; UTCHMMA=21;UTCHMMA_WS=16;UTCBAR=1;UTCATOMSWS=3;SYNCS_TRYWAIT=8;LDS=21;LDG=9;ptx_tcgen05_mma=21;ptx_tcgen05_mma_ws=16;ptx_tcgen05_commit=1;ptx_tcgen05_alloc=1;ptx_tcgen05_dealloc=1;ptx_tcgen05_ld=5;ptx_tcgen05_st=5;ptx_mbarrier_wait=5;ptx_cp_async_tma=2;ptx_ld_shared=26;ptx_ld_global=7
02_latency_throughput,lat_fp16_m128n64k16_legal_ring_in1_q6,1,,NVIDIA Thor,11.0,580.00,13.0,PTX ISA 9.3 / CUDA 13.0,1575.000,,,,fp16,128,64,16,6,85,118,1,discard,same,8,8,6,1,nocount,sw128,sw128,16,16,16,0,512,0,64,none,1,none,0,4,20,512404.0,325.335873015873,,,,,6144,,8.218794857183005,,,0,0.0,1,bf14b28d2af4128daa99f23eec8a5e105636d0b04136f8be580fdc39d6f1f97d,legal_ring
02_latency_throughput,lat_fp16_m128n64k16_legal_ring_in1_q6,1,,NVIDIA Thor,11.0,580.00,13.0,PTX ISA 9.3 / CUDA 13.0,1575.000,,,,fp16,128,64,16,6,85,118,2,discard,same,8,8,6,1,nocount,sw128,sw128,16,16,16,0,512,0,64,none,1,none,0,4,20,512403.0,325.3352380952381,,,,,6144,,8.218810896891705,,,0,0.0,1,bf14b28d2af4128daa99f23eec8a5e105636d0b04136f8be580fdc39d6f1f97d,legal_ring
02_latency_throughput,lat_fp16_m128n64k16_legal_ring_in1_q6,1,,NVIDIA Thor,11.0,580.00,13.0,PTX ISA 9.3 / CUDA 13.0,1575.000,,,,fp16,128,64,16,6,85,118,3,discard,same,8,8,6,1,nocount,sw128,sw128,16,16,16,0,512,0,64,none,1,none,0,4,20,512409.0,325.3390476190476,,,,,6144,,8.218714659578579,,,0,0.0,1,bf14b28d2af4128daa99f23eec8a5e105636d0b04136f8be580fdc39d6f1f97d,legal_ring
02_latency_throughput,lat_fp16_m128n64k16_legal_ring_in1_q6,1,,NVIDIA Thor,11.0,580.00,13.0,PTX ISA 9.3 / CUDA 13.0,1575.000,,,,fp16,128,64,16,6,85,118,4,discard,same,8,8,6,1,nocount,sw128,sw128,16,16,16,0,512,0,64,none,1,none,0,4,20,512403.0,325.3352380952381,,,,,6144,,8.218810896891705,,,0,0.0,1,bf14b28d2af4128daa99f23eec8a5e105636d0b04136f8be580fdc39d6f1f97d,legal_ring
02_latency_throughput,lat_bf16_m128n256k16_same_d_in0_q24,1,,NVIDIA Thor,11.0,580.00,13.0,PTX ISA 9.3 / CUDA 13.0,1575.000,,,,bf16,128,256,16,24,21,119,0,discard,same,1,1,24,1,nocount,sw128,sw128,16,16,16,0,512,0,0,none,0,none,0,4,20,395939.0,251.38984126984124,,,,,12288,,42.04484169531165,,,0,0.0,1,bf14b28d2af4128daa99f23eec8a5e105636d0b04136f8be580fdc39d6f1f97d,same_d; UTCHMMA=21;UTCHMMA_WS=16;UTCBAR=1;UTCATOMSWS=3;SYNCS_TRYWAIT=8;LDS=21;LDG=9;ptx_tcgen05_mma=21;ptx_tcgen05_mma_ws=16;ptx_tcgen05_commit=1;ptx_tcgen05_alloc=1;ptx_tcgen05_dealloc=1;ptx_tcgen05_ld=5;ptx_tcgen05_st=5;ptx_mbarrier_wait=5;ptx_cp_async_tma=2;ptx_ld_shared=26;ptx_ld_global=7
02_latency_throughput,lat_bf16_m128n256k16_same_d_in0_q24,1,,NVIDIA Thor,11.0,580.00,13.0,PTX ISA 9.3 / CUDA 13.0,1575.000,,,,bf16,128,256,16,24,21,119,1,discard,same,1,1,24,1,nocount,sw128,sw128,16,16,16,0,512,0,0,none,0,none,0,4,20,395967.0,251.40761904761902,,,,,12288,,42.04186857995742,,,0,0.0,1,bf14b28d2af4128daa99f23eec8a5e105636d0b04136f8be580fdc39d6f1f97d,same_d
02_latency_throughput,lat_bf16_m128n256k16_same_d_in0_q24,1,,NVIDIA Thor,11.0,580.00,13.0,PTX ISA 9.3 / CUDA 13.0,1575.000,,,,bf16,128,256,16,24,21,119,2,discard,same,1,1,24,1,nocount,sw128,sw128,16,16,16,0,512,0,0,none,0,none,0,4,20,395943.0,251.39238095238093,,,,,12288,,42.044416938801795,,,0,0.0,1,bf14b28d2af4128daa99f23eec8a5e105636d0b04136f8be580fdc39d6f1f97d,same_d
02_latency_throughput,lat_bf16_m128n256k16_same_d_in0_q24,1,,NVIDIA Thor,11.0,580.00,13.0,PTX ISA 9.3 / CUDA 13.0,1575.000,,,,bf16,128,256,16,24,21,119,3,discard,same,1,1,24,1,nocount,sw128,sw128,16,16,16,0,512,0,0,none,0,none,0,4,20,395937.0,251.38857142857142,,,,,12288,,42.04505407678494,,,0,0.0,1,bf14b28d2af4128daa99f23eec8a5e105636d0b04136f8be580fdc39d6f1f97d,same_d
02_latency_throughput,lat_bf16_m128n256k16_same_d_in0_q24,1,,NVIDIA Thor,11.0,580.00,13.0,PTX ISA 9.3 / CUDA 13.0,1575.000,,,,bf16,128,256,16,24,21,119,4,discard,same,1,1,24,1,nocount,sw128,sw128,16,16,16,0,512,0,0,none,0,none,0,4,20,395945.0,251.39365079365078,,,,,12288,,42.04420456376517,,,0,0.0,1,bf14b28d2af4128daa99f23eec8a5e105636d0b04136f8be580fdc39d6f1f97d,same_d
02_latency_throughput,lat_fp16_m128n128k16_same_d_in1_q24,1,,NVIDIA Thor,11.0,580.00,13.0,PTX ISA 9.3 / CUDA 13.0,1575.000,,,,fp16,128,128,16,24,21,120,0,discard,same,1,1,24,1,nocount,sw128,sw128,16,16,16,0,512,0,0,none,1,none,0,4,20,395913.0,251.3733333333333,,,,,8192,,21.023801410916036,,,0,0.0,1,bf14b28d2af4128daa99f23eec8a5e105636d0b04136f8be580fdc39d6f1f97d,same_d; UTCHMMA=21;UTCHMMA_WS=16;UTCBAR=1;UTCATOMSWS=3;SYNCS_TRYWAIT=8;LDS=21;LDG=9;ptx_tcgen05_mma=21;ptx_tcgen05_mma_ws=16;ptx_tcgen05_commit=1;ptx_tcgen05_alloc=1;ptx_tcgen05_dealloc=1;ptx_tcgen05_ld=5;ptx_tcgen05_st=5;ptx_mbarrier_wait=5;ptx_cp_async_tma=2;ptx_ld_shared=26;ptx_ld_global=7
02_latency_throughput,lat_fp16_m128n128k16_same_d_in1_q24,1,,NVIDIA Thor,11.0,580.00,13.0,PTX ISA 9.3 / CUDA 13.0,1575.000,,,,fp16,128,128,16,24,21,120,1,discard,same,1,1,24,1,nocount,sw128,sw128,16,16,16,0,512,0,0,none,1,none,0,4,20,395957.0,251.40126984126982,,,,,8192,,21.021465179299774,,,0,0.0,1,bf14b28d2af4128daa99f23eec8a5e105636d0b04136f8be580fdc39d6f1f97d,same_d
02_latency_throughput,lat_fp16_m128n128k16_same_d_in1_q24,1,,NVIDIA Thor,11.0,580.00,13.0,PTX ISA 9.3 / CUDA 13.0,1575.000,,,,fp16,128,128,16,24,21,120,2,discard,same,1,1,24,1,nocount,sw128,sw128,16,16,16,0,512,0,0,none,1,none,0,4,20,395957.0,251.40126984126982,,,,,8192,,21.021465179299774,,,0,0.0,1,bf14b28d2af4128daa99f23eec8a5e105636d0b04136f8be580fdc39d6f1f97d,same_d
02_latency_throughput,lat_fp16_m128n128k16_same_d_in1_q24,1,,NVIDIA Thor,11.0,580.00,13.0,PTX ISA 9.3 / CUDA 13.0,1575.000,,,,fp16,128,128,16,24,21,120,3,discard,same,1,1,24,1,nocount,sw128,sw128,16,16,16,0,512,0,0,none,1,none,0,4,20,395910.0,251.37142857142857,,,,,8192,,21.023960718345077,,,0,0.0,1,bf14b28d2af4128daa99f23eec8a5e105636d0b04136f8be580fdc39d6f1f97d,same_d
02_latency_throughput,lat_fp16_m128n128k16_same_d_in1_q24,1,,NVIDIA Thor,11.0,580.00,13.0,PTX ISA 9.3 / CUDA 13.0,1575.000,,,,fp16,128,128,16,24,21,120,4,discard,same,1,1,24,1,nocount,sw128,sw128,16,16,16,0,512,0,0,none,1,none,0,4,20,395962.0,251.40444444444447,,,,,8192,,21.021199731287343,,,0,0.0,1,bf14b28d2af4128daa99f23eec8a5e105636d0b04136f8be580fdc39d6f1f97d,same_d
02_latency_throughput,lat_bf16_m128n256k16_legal_ring_in1_q32,1,,NVIDIA Thor,11.0,580.00,13.0,PTX ISA 9.3 / CUDA 13.0,1575.000,,,,bf16,128,256,16,32,16,121,0,discard,same,2,2,32,1,nocount,sw128,sw128,16,16,16,0,512,0,256,none,1,none,0,4,20,460085.0,292.1174603174603,,,,,12288,,36.75719427497093,,,0,0.0,1,bf14b28d2af4128daa99f23eec8a5e105636d0b04136f8be580fdc39d6f1f97d,legal_ring; UTCHMMA=21;UTCHMMA_WS=16;UTCBAR=1;UTCATOMSWS=3;SYNCS_TRYWAIT=8;LDS=21;LDG=9;ptx_tcgen05_mma=21;ptx_tcgen05_mma_ws=16;ptx_tcgen05_commit=1;ptx_tcgen05_alloc=1;ptx_tcgen05_dealloc=1;ptx_tcgen05_ld=5;ptx_tcgen05_st=5;ptx_mbarrier_wait=5;ptx_cp_async_tma=2;ptx_ld_shared=26;ptx_ld_global=7
02_latency_throughput,lat_bf16_m128n256k16_legal_ring_in1_q32,1,,NVIDIA Thor,11.0,580.00,13.0,PTX ISA 9.3 / CUDA 13.0,1575.000,,,,bf16,128,256,16,32,16,121,1,discard,same,2,2,32,1,nocount,sw128,sw128,16,16,16,0,512,0,256,none,1,none,0,4,20,460083.0,292.11619047619047,,,,,12288,,36.757354060028305,,,0,0.0,1,bf14b28d2af4128daa99f23eec8a5e105636d0b04136f8be580fdc39d6f1f97d,legal_ring
02_latency_throughput,lat_bf16_m128n256k16_legal_ring_in1_q32,1,,NVIDIA Thor,11.0,580.00,13.0,PTX ISA 9.3 / CUDA 13.0,1575.000,,,,bf16,128,256,16,32,16,121,2,discard,same,2,2,32,1,nocount,sw128,sw128,16,16,16,0,512,0,256,none,1,none,0,4,20,460087.0,292.11873015873016,,,,,12288,,36.75703449130273,,,0,0.0,1,bf14b28d2af4128daa99f23eec8a5e105636d0b04136f8be580fdc39d6f1f97d,legal_ring
02_latency_throughput,lat_bf16_m128n256k16_legal_ring_in1_q32,1,,NVIDIA Thor,11.0,580.00,13.0,PTX ISA 9.3 / CUDA 13.0,1575.000,,,,bf16,128,256,16,32,16,121,3,discard,same,2,2,32,1,nocount,sw128,sw128,16,16,16,0,512,0,256,none,1,none,0,4,20,460083.0,292.11619047619047,,,,,12288,,36.757354060028305,,,0,0.0,1,bf14b28d2af4128daa99f23eec8a5e105636d0b04136f8be580fdc39d6f1f97d,legal_ring
02_latency_throughput,lat_bf16_m128n256k16_legal_ring_in1_q32,1,,NVIDIA Thor,11.0,580.00,13.0,PTX ISA 9.3 / CUDA 13.0,1575.000,,,,bf16,128,256,16,32,16,121,4,discard,same,2,2,32,1,nocount,sw128,sw128,16,16,16,0,512,0,256,none,1,none,0,4,20,460080.0,292.11428571428576,,,,,12288,,36.75759374021909,,,0,0.0,1,bf14b28d2af4128daa99f23eec8a5e105636d0b04136f8be580fdc39d6f1f97d,legal_ring
02_latency_throughput,lat_bf16_m128n128k16_legal_ring_in0_q32,1,,NVIDIA Thor,11.0,580.00,13.0,PTX ISA 9.3 / CUDA 13.0,1575.000,,,,bf16,128,128,16,32,16,122,0,discard,same,4,4,32,1,nocount,sw128,sw128,16,16,16,0,512,0,128,none,0,none,0,4,20,460202.0,292.19174603174605,,,,,8192,,18.3739246330959,,,0,0.0,1,bf14b28d2af4128daa99f23eec8a5e105636d0b04136f8be580fdc39d6f1f97d,legal_ring; UTCHMMA=21;UTCHMMA_WS=16;UTCBAR=1;UTCATOMSWS=3;SYNCS_TRYWAIT=8;LDS=21;LDG=9;ptx_tcgen05_mma=21;ptx_tcgen05_mma_ws=16;ptx_tcgen05_commit=1;ptx_tcgen05_alloc=1;ptx_tcgen05_dealloc=1;ptx_tcgen05_ld=5;ptx_tcgen05_st=5;ptx_mbarrier_wait=5;ptx_cp_async_tma=2;ptx_ld_shared=26;ptx_ld_global=7
02_latency_throughput,lat_bf16_m128n128k16_legal_ring_in0_q32,1,,NVIDIA Thor,11.0,580.00,13.0,PTX ISA 9.3 / CUDA 13.0,1575.000,,,,bf16,128,128,16,32,16,122,1,discard,same,4,4,32,1,nocount,sw128,sw128,16,16,16,0,512,0,128,none,0,none,0,4,20,460191.0,292.1847619047619,,,,,8192,,18.37436382719349,,,0,0.0,1,bf14b28d2af4128daa99f23eec8a5e105636d0b04136f8be580fdc39d6f1f97d,legal_ring
02_latency_throughput,lat_bf16_m128n128k16_legal_ring_in0_q32,1,,NVIDIA Thor,11.0,580.00,13.0,PTX ISA 9.3 / CUDA 13.0,1575.000,,,,bf16,128,128,16,32,16,122,2,discard,same,4,4,32,1,nocount,sw128,sw128,16,16,16,0,512,0,128,none,0,none,0,4,20,460194.0,292.18666666666667,,,,,8192,,18.374244044902802,,,0,0.0,1,bf14b28d2af4128daa99f23eec8a5e105636d0b04136f8be580fdc39d6f1f97d,legal_ring
02_latency_throughput,lat_bf16_m128n128k16_legal_ring_in0_q32,1,,NVIDIA Thor,11.0,580.00,13.0,PTX ISA 9.3 / CUDA 13.0,1575.000,,,,bf16,128,128,16,32,16,122,3,discard,same,4,4,32,1,nocount,sw128,sw128,16,16,16,0,512,0,128,none,0,none,0,4,20,460192.0,292.1853968253969,,,,,8192,,18.374323899589733,,,0,0.0,1,bf14b28d2af4128daa99f23eec8a5e105636d0b04136f8be580fdc39d6f1f97d,legal_ring
02_latency_throughput,lat_bf16_m128n128k16_legal_ring_in0_q32,1,,NVIDIA Thor,11.0,580.00,13.0,PTX ISA 9.3 / CUDA 13.0,1575.000,,,,bf16,128,128,16,32,16,122,4,discard,same,4,4,32,1,nocount,sw128,sw128,16,16,16,0,512,0,128,none,0,none,0,4,20,460188.0,292.1828571428572,,,,,8192,,18.374483611045918,,,0,0.0,1,bf14b28d2af4128daa99f23eec8a5e105636d0b04136f8be580fdc39d6f1f97d,legal_ring
02_latency_throughput,lat_fp16_m128n256k16_same_d_in1_q6,1,,NVIDIA Thor,11.0,580.00,13.0,PTX ISA 9.3 / CUDA 13.0,1575.000,,,,fp16,128,256,16,6,85,123,0,discard,same,1,1,6,1,nocount,sw128,sw128,16,16,16,0,512,0,0,none,1,none,0,4,20,450695.0,286.15555555555557,,,,,12288,,37.37643736895239,,,0,0.0,1,bf14b28d2af4128daa99f23eec8a5e105636d0b04136f8be580fdc39d6f1f97d,same_d; UTCHMMA=21;UTCHMMA_WS=16;UTCBAR=1;UTCATOMSWS=3;SYNCS_TRYWAIT=8;LDS=21;LDG=9;ptx_tcgen05_mma=21;ptx_tcgen05_mma_ws=16;ptx_tcgen05_commit=1;ptx_tcgen05_alloc=1;ptx_tcgen05_dealloc=1;ptx_tcgen05_ld=5;ptx_tcgen05_st=5;ptx_mbarrier_wait=5;ptx_cp_async_tma=2;ptx_ld_shared=26;ptx_ld_global=7
02_latency_throughput,lat_fp16_m128n256k16_same_d_in1_q6,1,,NVIDIA Thor,11.0,580.00,13.0,PTX ISA 9.3 / CUDA 13.0,1575.000,,,,fp16,128,256,16,6,85,123,1,discard,same,1,1,6,1,nocount,sw128,sw128,16,16,16,0,512,0,0,none,1,none,0,4,20,450693.0,286.1542857142857,,,,,12288,,37.37660323102422,,,0,0.0,1,bf14b28d2af4128daa99f23eec8a5e105636d0b04136f8be580fdc39d6f1f97d,same_d
02_latency_throughput,lat_fp16_m128n256k16_same_d_in1_q6,1,,NVIDIA Thor,11.0,580.00,13.0,PTX ISA 9.3 / CUDA 13.0,1575.000,,,,fp16,128,256,16,6,85,123,2,discard,same,1,1,6,1,nocount,sw128,sw128,16,16,16,0,512,0,0,none,1,none,0,4,20,450696.0,286.15619047619043,,,,,12288,,37.37635443846851,,,0,0.0,1,bf14b28d2af4128daa99f23eec8a5e105636d0b04136f8be580fdc39d6f1f97d,same_d
02_latency_throughput,lat_fp16_m128n256k16_same_d_in1_q6,1,,NVIDIA Thor,11.0,580.00,13.0,PTX ISA 9.3 / CUDA 13.0,1575.000,,,,fp16,128,256,16,6,85,123,3,discard,same,1,1,6,1,nocount,sw128,sw128,16,16,16,0,512,0,0,none,1,none,0,4,20,450691.0,286.1530158730159,,,,,12288,,37.37676909456812,,,0,0.0,1,bf14b28d2af4128daa99f23eec8a5e105636d0b04136f8be580fdc39d6f1f97d,same_d
02_latency_throughput,lat_fp16_m128n256k16_same_d_in1_q6,1,,NVIDIA Thor,11.0,580.00,13.0,PTX ISA 9.3 / CUDA 13.0,1575.000,,,,fp16,128,256,16,6,85,123,4,discard,same,1,1,6,1,nocount,sw128,sw128,16,16,16,0,512,0,0,none,1,none,0,4,20,450695.0,286.15555555555557,,,,,12288,,37.37643736895239,,,0,0.0,1,bf14b28d2af4128daa99f23eec8a5e105636d0b04136f8be580fdc39d6f1f97d,same_d
02_latency_throughput,lat_fp16_m128n64k16_legal_ring_in0_q32,1,,NVIDIA Thor,11.0,580.00,13.0,PTX ISA 9.3 / CUDA 13.0,1575.000,,,,fp16,128,64,16,32,16,124,0,discard,same,8,8,32,1,nocount,sw128,sw128,16,16,16,0,512,0,64,none,0,none,0,4,20,460152.0,292.16,,,,,6144,,9.18796056955093,,,0,0.0,1,bf14b28d2af4128daa99f23eec8a5e105636d0b04136f8be580fdc39d6f1f97d,legal_ring; UTCHMMA=21;UTCHMMA_WS=16;UTCBAR=1;UTCATOMSWS=3;SYNCS_TRYWAIT=8;LDS=21;LDG=9;ptx_tcgen05_mma=21;ptx_tcgen05_mma_ws=16;ptx_tcgen05_commit=1;ptx_tcgen05_alloc=1;ptx_tcgen05_dealloc=1;ptx_tcgen05_ld=5;ptx_tcgen05_st=5;ptx_mbarrier_wait=5;ptx_cp_async_tma=2;ptx_ld_shared=26;ptx_ld_global=7
02_latency_throughput,lat_fp16_m128n64k16_legal_ring_in0_q32,1,,NVIDIA Thor,11.0,580.00,13.0,PTX ISA 9.3 / CUDA 13.0,1575.000,,,,fp16,128,64,16,32,16,124,1,discard,same,8,8,32,1,nocount,sw128,sw128,16,16,16,0,512,0,64,none,0,none,0,4,20,460152.0,292.16,,,,,6144,,9.18796056955093,,,0,0.0,1,bf14b28d2af4128daa99f23eec8a5e105636d0b04136f8be580fdc39d6f1f97d,legal_ring
02_latency_throughput,lat_fp16_m128n64k16_legal_ring_in0_q32,1,,NVIDIA Thor,11.0,580.00,13.0,PTX ISA 9.3 / CUDA 13.0,1575.000,,,,fp16,128,64,16,32,16,124,2,discard,same,8,8,32,1,nocount,sw128,sw128,16,16,16,0,512,0,64,none,0,none,0,4,20,460149.0,292.15809523809526,,,,,6144,,9.188020471629843,,,0,0.0,1,bf14b28d2af4128daa99f23eec8a5e105636d0b04136f8be580fdc39d6f1f97d,legal_ring
02_latency_throughput,lat_fp16_m128n64k16_legal_ring_in0_q32,1,,NVIDIA Thor,11.0,580.00,13.0,PTX ISA 9.3 / CUDA 13.0,1575.000,,,,fp16,128,64,16,32,16,124,3,discard,same,8,8,32,1,nocount,sw128,sw128,16,16,16,0,512,0,64,none,0,none,0,4,20,460154.0,292.16126984126987,,,,,6144,,9.187920635265584,,,0,0.0,1,bf14b28d2af4128daa99f23eec8a5e105636d0b04136f8be580fdc39d6f1f97d,legal_ring
02_latency_throughput,lat_fp16_m128n64k16_legal_ring_in0_q32,1,,NVIDIA Thor,11.0,580.00,13.0,PTX ISA 9.3 / CUDA 13.0,1575.000,,,,fp16,128,64,16,32,16,124,4,discard,same,8,8,32,1,nocount,sw128,sw128,16,16,16,0,512,0,64,none,0,none,0,4,20,460148.0,292.15746031746033,,,,,6144,,9.18804043916305,,,0,0.0,1,bf14b28d2af4128daa99f23eec8a5e105636d0b04136f8be580fdc39d6f1f97d,legal_ring
02_latency_throughput,lat_fp16_m128n64k16_legal_ring_in1_q1,1,,NVIDIA Thor,11.0,580.00,13.0,PTX ISA 9.3 / CUDA 13.0,1575.000,,,,fp16,128,64,16,1,512,125,0,discard,same,8,8,1,1,nocount,sw128,sw128,16,16,16,0,512,0,64,none,1,none,0,4,20,841325.0,534.1746031746031,,,,,6144,,5.025238085163284,,,0,0.0,1,bf14b28d2af4128daa99f23eec8a5e105636d0b04136f8be580fdc39d6f1f97d,legal_ring; UTCHMMA=21;UTCHMMA_WS=16;UTCBAR=1;UTCATOMSWS=3;SYNCS_TRYWAIT=8;LDS=21;LDG=9;ptx_tcgen05_mma=21;ptx_tcgen05_mma_ws=16;ptx_tcgen05_commit=1;ptx_tcgen05_alloc=1;ptx_tcgen05_dealloc=1;ptx_tcgen05_ld=5;ptx_tcgen05_st=5;ptx_mbarrier_wait=5;ptx_cp_async_tma=2;ptx_ld_shared=26;ptx_ld_global=7
02_latency_throughput,lat_fp16_m128n64k16_legal_ring_in1_q1,1,,NVIDIA Thor,11.0,580.00,13.0,PTX ISA 9.3 / CUDA 13.0,1575.000,,,,fp16,128,64,16,1,512,125,1,discard,same,8,8,1,1,nocount,sw128,sw128,16,16,16,0,512,0,64,none,1,none,0,4,20,841075.0,534.015873015873,,,,,6144,,5.026731780162292,,,0,0.0,1,bf14b28d2af4128daa99f23eec8a5e105636d0b04136f8be580fdc39d6f1f97d,legal_ring
02_latency_throughput,lat_fp16_m128n64k16_legal_ring_in1_q1,1,,NVIDIA Thor,11.0,580.00,13.0,PTX ISA 9.3 / CUDA 13.0,1575.000,,,,fp16,128,64,16,1,512,125,2,discard,same,8,8,1,1,nocount,sw128,sw128,16,16,16,0,512,0,64,none,1,none,0,4,20,841079.0,534.0184126984127,,,,,6144,,5.026707874052259,,,0,0.0,1,bf14b28d2af4128daa99f23eec8a5e105636d0b04136f8be580fdc39d6f1f97d,legal_ring
02_latency_throughput,lat_fp16_m128n64k16_legal_ring_in1_q1,1,,NVIDIA Thor,11.0,580.00,13.0,PTX ISA 9.3 / CUDA 13.0,1575.000,,,,fp16,128,64,16,1,512,125,3,discard,same,8,8,1,1,nocount,sw128,sw128,16,16,16,0,512,0,64,none,1,none,0,4,20,841076.0,534.016507936508,,,,,6144,,5.026725803613467,,,0,0.0,1,bf14b28d2af4128daa99f23eec8a5e105636d0b04136f8be580fdc39d6f1f97d,legal_ring
02_latency_throughput,lat_fp16_m128n64k16_legal_ring_in1_q1,1,,NVIDIA Thor,11.0,580.00,13.0,PTX ISA 9.3 / CUDA 13.0,1575.000,,,,fp16,128,64,16,1,512,125,4,discard,same,8,8,1,1,nocount,sw128,sw128,16,16,16,0,512,0,64,none,1,none,0,4,20,841080.0,534.0190476190477,,,,,6144,,5.0267018975602795,,,0,0.0,1,bf14b28d2af4128daa99f23eec8a5e105636d0b04136f8be580fdc39d6f1f97d,legal_ring
02_latency_throughput,lat_fp16_m128n256k16_same_d_in0_q12,1,,NVIDIA Thor,11.0,580.00,13.0,PTX ISA 9.3 / CUDA 13.0,1575.000,,,,fp16,128,256,16,12,42,126,0,discard,same,1,1,12,1,nocount,sw128,sw128,16,16,16,0,512,0,0,none,0,none,0,4,20,412504.0,261.9073015873016,,,,,12288,,40.35643915210519,,,0,0.0,1,bf14b28d2af4128daa99f23eec8a5e105636d0b04136f8be580fdc39d6f1f97d,same_d; UTCHMMA=21;UTCHMMA_WS=16;UTCBAR=1;UTCATOMSWS=3;SYNCS_TRYWAIT=8;LDS=21;LDG=9;ptx_tcgen05_mma=21;ptx_tcgen05_mma_ws=16;ptx_tcgen05_commit=1;ptx_tcgen05_alloc=1;ptx_tcgen05_dealloc=1;ptx_tcgen05_ld=5;ptx_tcgen05_st=5;ptx_mbarrier_wait=5;ptx_cp_async_tma=2;ptx_ld_shared=26;ptx_ld_global=7
02_latency_throughput,lat_fp16_m128n256k16_same_d_in0_q12,1,,NVIDIA Thor,11.0,580.00,13.0,PTX ISA 9.3 / CUDA 13.0,1575.000,,,,fp16,128,256,16,12,42,126,1,discard,same,1,1,12,1,nocount,sw128,sw128,16,16,16,0,512,0,0,none,0,none,0,4,20,412506.0,261.90857142857146,,,,,12288,,40.35624348736745,,,0,0.0,1,bf14b28d2af4128daa99f23eec8a5e105636d0b04136f8be580fdc39d6f1f97d,same_d
02_latency_throughput,lat_fp16_m128n256k16_same_d_in0_q12,1,,NVIDIA Thor,11.0,580.00,13.0,PTX ISA 9.3 / CUDA 13.0,1575.000,,,,fp16,128,256,16,12,42,126,2,discard,same,1,1,12,1,nocount,sw128,sw128,16,16,16,0,512,0,0,none,0,none,0,4,20,412500.0,261.9047619047619,,,,,12288,,40.356830487272724,,,0,0.0,1,bf14b28d2af4128daa99f23eec8a5e105636d0b04136f8be580fdc39d6f1f97d,same_d
02_latency_throughput,lat_fp16_m128n256k16_same_d_in0_q12,1,,NVIDIA Thor,11.0,580.00,13.0,PTX ISA 9.3 / CUDA 13.0,1575.000,,,,fp16,128,256,16,12,42,126,3,discard,same,1,1,12,1,nocount,sw128,sw128,16,16,16,0,512,0,0,none,0,none,0,4,20,412508.0,261.9098412698413,,,,,12288,,40.35604782452704,,,0,0.0,1,bf14b28d2af4128daa99f23eec8a5e105636d0b04136f8be580fdc39d6f1f97d,same_d
02_latency_throughput,lat_fp16_m128n256k16_same_d_in0_q12,1,,NVIDIA Thor,11.0,580.00,13.0,PTX ISA 9.3 / CUDA 13.0,1575.000,,,,fp16,128,256,16,12,42,126,4,discard,same,1,1,12,1,nocount,sw128,sw128,16,16,16,0,512,0,0,none,0,none,0,4,20,412507.0,261.90920634920633,,,,,12288,,40.35614565571009,,,0,0.0,1,bf14b28d2af4128daa99f23eec8a5e105636d0b04136f8be580fdc39d6f1f97d,same_d
02_latency_throughput,lat_bf16_m128n256k16_same_d_in1_q1,1,,NVIDIA Thor,11.0,580.00,13.0,PTX ISA 9.3 / CUDA 13.0,1575.000,,,,bf16,128,256,16,1,512,127,0,discard,same,1,1,1,1,nocount,sw128,sw128,16,16,16,0,512,0,0,none,1,none,0,4,20,779167.0,494.70920634920634,,,,,12288,,21.704504590158464,,,0,0.0,1,bf14b28d2af4128daa99f23eec8a5e105636d0b04136f8be580fdc39d6f1f97d,same_d; UTCHMMA=21;UTCHMMA_WS=16;UTCBAR=1;UTCATOMSWS=3;SYNCS_TRYWAIT=8;LDS=21;LDG=9;ptx_tcgen05_mma=21;ptx_tcgen05_mma_ws=16;ptx_tcgen05_commit=1;ptx_tcgen05_alloc=1;ptx_tcgen05_dealloc=1;ptx_tcgen05_ld=5;ptx_tcgen05_st=5;ptx_mbarrier_wait=5;ptx_cp_async_tma=2;ptx_ld_shared=26;ptx_ld_global=7
02_latency_throughput,lat_bf16_m128n256k16_same_d_in1_q1,1,,NVIDIA Thor,11.0,580.00,13.0,PTX ISA 9.3 / CUDA 13.0,1575.000,,,,bf16,128,256,16,1,512,127,1,discard,same,1,1,1,1,nocount,sw128,sw128,16,16,16,0,512,0,0,none,1,none,0,4,20,779129.0,494.68507936507933,,,,,12288,,21.70556317118218,,,0,0.0,1,bf14b28d2af4128daa99f23eec8a5e105636d0b04136f8be580fdc39d6f1f97d,same_d
02_latency_throughput,lat_bf16_m128n256k16_same_d_in1_q1,1,,NVIDIA Thor,11.0,580.00,13.0,PTX ISA 9.3 / CUDA 13.0,1575.000,,,,bf16,128,256,16,1,512,127,2,discard,same,1,1,1,1,nocount,sw128,sw128,16,16,16,0,512,0,0,none,1,none,0,4,20,779129.0,494.68507936507933,,,,,12288,,21.70556317118218,,,0,0.0,1,bf14b28d2af4128daa99f23eec8a5e105636d0b04136f8be580fdc39d6f1f97d,same_d
02_latency_throughput,lat_bf16_m128n256k16_same_d_in1_q1,1,,NVIDIA Thor,11.0,580.00,13.0,PTX ISA 9.3 / CUDA 13.0,1575.000,,,,bf16,128,256,16,1,512,127,3,discard,same,1,1,1,1,nocount,sw128,sw128,16,16,16,0,512,0,0,none,1,none,0,4,20,779122.0,494.6806349206349,,,,,12288,,21.70575818421249,,,0,0.0,1,bf14b28d2af4128daa99f23eec8a5e105636d0b04136f8be580fdc39d6f1f97d,same_d
02_latency_throughput,lat_bf16_m128n256k16_same_d_in1_q1,1,,NVIDIA Thor,11.0,580.00,13.0,PTX ISA 9.3 / CUDA 13.0,1575.000,,,,bf16,128,256,16,1,512,127,4,discard,same,1,1,1,1,nocount,sw128,sw128,16,16,16,0,512,0,0,none,1,none,0,4,20,779122.0,494.6806349206349,,,,,12288,,21.70575818421249,,,0,0.0,1,bf14b28d2af4128daa99f23eec8a5e105636d0b04136f8be580fdc39d6f1f97d,same_d
02_latency_throughput,lat_fp16_m128n256k16_same_d_in0_q24,1,,NVIDIA Thor,11.0,580.00,13.0,PTX ISA 9.3 / CUDA 13.0,1575.000,,,,fp16,128,256,16,24,21,128,0,discard,same,1,1,24,1,nocount,sw128,sw128,16,16,16,0,512,0,0,none,0,none,0,4,20,395972.0,251.41079365079366,,,,,12288,,42.04133771074722,,,0,0.0,1,bf14b28d2af4128daa99f23eec8a5e105636d0b04136f8be580fdc39d6f1f97d,same_d; UTCHMMA=21;UTCHMMA_WS=16;UTCBAR=1;UTCATOMSWS=3;SYNCS_TRYWAIT=8;LDS=21;LDG=9;ptx_tcgen05_mma=21;ptx_tcgen05_mma_ws=16;ptx_tcgen05_commit=1;ptx_tcgen05_alloc=1;ptx_tcgen05_dealloc=1;ptx_tcgen05_ld=5;ptx_tcgen05_st=5;ptx_mbarrier_wait=5;ptx_cp_async_tma=2;ptx_ld_shared=26;ptx_ld_global=7
02_latency_throughput,lat_fp16_m128n256k16_same_d_in0_q24,1,,NVIDIA Thor,11.0,580.00,13.0,PTX ISA 9.3 / CUDA 13.0,1575.000,,,,fp16,128,256,16,24,21,128,1,discard,same,1,1,24,1,nocount,sw128,sw128,16,16,16,0,512,0,0,none,0,none,0,4,20,395939.0,251.38984126984124,,,,,12288,,42.04484169531165,,,0,0.0,1,bf14b28d2af4128daa99f23eec8a5e105636d0b04136f8be580fdc39d6f1f97d,same_d
02_latency_throughput,lat_fp16_m128n256k16_same_d_in0_q24,1,,NVIDIA Thor,11.0,580.00,13.0,PTX ISA 9.3 / CUDA 13.0,1575.000,,,,fp16,128,256,16,24,21,128,2,discard,same,1,1,24,1,nocount,sw128,sw128,16,16,16,0,512,0,0,none,0,none,0,4,20,395940.0,251.3904761904762,,,,,12288,,42.0447355053796,,,0,0.0,1,bf14b28d2af4128daa99f23eec8a5e105636d0b04136f8be580fdc39d6f1f97d,same_d
02_latency_throughput,lat_fp16_m128n256k16_same_d_in0_q24,1,,NVIDIA Thor,11.0,580.00,13.0,PTX ISA 9.3 / CUDA 13.0,1575.000,,,,fp16,128,256,16,24,21,128,3,discard,same,1,1,24,1,nocount,sw128,sw128,16,16,16,0,512,0,0,none,0,none,0,4,20,395940.0,251.3904761904762,,,,,12288,,42.0447355053796,,,0,0.0,1,bf14b28d2af4128daa99f23eec8a5e105636d0b04136f8be580fdc39d6f1f97d,same_d
02_latency_throughput,lat_fp16_m128n256k16_same_d_in0_q24,1,,NVIDIA Thor,11.0,580.00,13.0,PTX ISA 9.3 / CUDA 13.0,1575.000,,,,fp16,128,256,16,24,21,128,4,discard,same,1,1,24,1,nocount,sw128,sw128,16,16,16,0,512,0,0,none,0,none,0,4,20,395933.0,251.38603174603173,,,,,12288,,42.04547884616842,,,0,0.0,1,bf14b28d2af4128daa99f23eec8a5e105636d0b04136f8be580fdc39d6f1f97d,same_d
02_latency_throughput,lat_bf16_m128n256k16_legal_ring_in0_q8,1,,NVIDIA Thor,11.0,580.00,13.0,PTX ISA 9.3 / CUDA 13.0,1575.000,,,,bf16,128,256,16,8,64,129,0,discard,same,2,2,8,1,nocount,sw128,sw128,16,16,16,0,512,0,256,none,0,none,0,4,20,497593.0,315.9320634920635,,,,,12288,,33.98647836283871,,,0,0.0,1,bf14b28d2af4128daa99f23eec8a5e105636d0b04136f8be580fdc39d6f1f97d,legal_ring; UTCHMMA=21;UTCHMMA_WS=16;UTCBAR=1;UTCATOMSWS=3;SYNCS_TRYWAIT=8;LDS=21;LDG=9;ptx_tcgen05_mma=21;ptx_tcgen05_mma_ws=16;ptx_tcgen05_commit=1;ptx_tcgen05_alloc=1;ptx_tcgen05_dealloc=1;ptx_tcgen05_ld=5;ptx_tcgen05_st=5;ptx_mbarrier_wait=5;ptx_cp_async_tma=2;ptx_ld_shared=26;ptx_ld_global=7
02_latency_throughput,lat_bf16_m128n256k16_legal_ring_in0_q8,1,,NVIDIA Thor,11.0,580.00,13.0,PTX ISA 9.3 / CUDA 13.0,1575.000,,,,bf16,128,256,16,8,64,129,1,discard,same,2,2,8,1,nocount,sw128,sw128,16,16,16,0,512,0,256,none,0,none,0,4,20,497580.0,315.92380952380955,,,,,12288,,33.98736630893524,,,0,0.0,1,bf14b28d2af4128daa99f23eec8a5e105636d0b04136f8be580fdc39d6f1f97d,legal_ring
02_latency_throughput,lat_bf16_m128n256k16_legal_ring_in0_q8,1,,NVIDIA Thor,11.0,580.00,13.0,PTX ISA 9.3 / CUDA 13.0,1575.000,,,,bf16,128,256,16,8,64,129,2,discard,same,2,2,8,1,nocount,sw128,sw128,16,16,16,0,512,0,256,none,0,none,0,4,20,497583.0,315.92571428571426,,,,,12288,,33.987161394179466,,,0,0.0,1,bf14b28d2af4128daa99f23eec8a5e105636d0b04136f8be580fdc39d6f1f97d,legal_ring
02_latency_throughput,lat_bf16_m128n256k16_legal_ring_in0_q8,1,,NVIDIA Thor,11.0,580.00,13.0,PTX ISA 9.3 / CUDA 13.0,1575.000,,,,bf16,128,256,16,8,64,129,3,discard,same,2,2,8,1,nocount,sw128,sw128,16,16,16,0,512,0,256,none,0,none,0,4,20,497586.0,315.9276190476191,,,,,12288,,33.98695648189459,,,0,0.0,1,bf14b28d2af4128daa99f23eec8a5e105636d0b04136f8be580fdc39d6f1f97d,legal_ring
02_latency_throughput,lat_bf16_m128n256k16_legal_ring_in0_q8,1,,NVIDIA Thor,11.0,580.00,13.0,PTX ISA 9.3 / CUDA 13.0,1575.000,,,,bf16,128,256,16,8,64,129,4,discard,same,2,2,8,1,nocount,sw128,sw128,16,16,16,0,512,0,256,none,0,none,0,4,20,497582.0,315.9250793650794,,,,,12288,,33.987229698823505,,,0,0.0,1,bf14b28d2af4128daa99f23eec8a5e105636d0b04136f8be580fdc39d6f1f97d,legal_ring
02_latency_throughput,lat_fp16_m128n128k16_legal_ring_in1_q6,1,,NVIDIA Thor,11.0,580.00,13.0,PTX ISA 9.3 / CUDA 13.0,1575.000,,,,fp16,128,128,16,6,85,130,0,discard,same,4,4,6,1,nocount,sw128,sw128,16,16,16,0,512,0,128,none,1,none,0,4,20,512319.0,325.28190476190474,,,,,8192,,16.44031691192402,,,0,0.0,1,bf14b28d2af4128daa99f23eec8a5e105636d0b04136f8be580fdc39d6f1f97d,legal_ring; UTCHMMA=21;UTCHMMA_WS=16;UTCBAR=1;UTCATOMSWS=3;SYNCS_TRYWAIT=8;LDS=21;LDG=9;ptx_tcgen05_mma=21;ptx_tcgen05_mma_ws=16;ptx_tcgen05_commit=1;ptx_tcgen05_alloc=1;ptx_tcgen05_dealloc=1;ptx_tcgen05_ld=5;ptx_tcgen05_st=5;ptx_mbarrier_wait=5;ptx_cp_async_tma=2;ptx_ld_shared=26;ptx_ld_global=7
02_latency_throughput,lat_fp16_m128n128k16_legal_ring_in1_q6,1,,NVIDIA Thor,11.0,580.00,13.0,PTX ISA 9.3 / CUDA 13.0,1575.000,,,,fp16,128,128,16,6,85,130,1,discard,same,4,4,6,1,nocount,sw128,sw128,16,16,16,0,512,0,128,none,1,none,0,4,20,512316.0,325.28000000000003,,,,,8192,,16.440413182488932,,,0,0.0,1,bf14b28d2af4128daa99f23eec8a5e105636d0b04136f8be580fdc39d6f1f97d,legal_ring
02_latency_throughput,lat_fp16_m128n128k16_legal_ring_in1_q6,1,,NVIDIA Thor,11.0,580.00,13.0,PTX ISA 9.3 / CUDA 13.0,1575.000,,,,fp16,128,128,16,6,85,130,2,discard,same,4,4,6,1,nocount,sw128,sw128,16,16,16,0,512,0,128,none,1,none,0,4,20,512321.0,325.2831746031746,,,,,8192,,16.440252732173775,,,0,0.0,1,bf14b28d2af4128daa99f23eec8a5e105636d0b04136f8be580fdc39d6f1f97d,legal_ring
02_latency_throughput,lat_fp16_m128n128k16_legal_ring_in1_q6,1,,NVIDIA Thor,11.0,580.00,13.0,PTX ISA 9.3 / CUDA 13.0,1575.000,,,,fp16,128,128,16,6,85,130,3,discard,same,4,4,6,1,nocount,sw128,sw128,16,16,16,0,512,0,128,none,1,none,0,4,20,512323.0,325.28444444444443,,,,,8192,,16.44018855292462,,,0,0.0,1,bf14b28d2af4128daa99f23eec8a5e105636d0b04136f8be580fdc39d6f1f97d,legal_ring
02_latency_throughput,lat_fp16_m128n128k16_legal_ring_in1_q6,1,,NVIDIA Thor,11.0,580.00,13.0,PTX ISA 9.3 / CUDA 13.0,1575.000,,,,fp16,128,128,16,6,85,130,4,discard,same,4,4,6,1,nocount,sw128,sw128,16,16,16,0,512,0,128,none,1,none,0,4,20,512319.0,325.28190476190474,,,,,8192,,16.44031691192402,,,0,0.0,1,bf14b28d2af4128daa99f23eec8a5e105636d0b04136f8be580fdc39d6f1f97d,legal_ring
02_latency_throughput,lat_fp16_m128n64k16_legal_ring_in0_q16,1,,NVIDIA Thor,11.0,580.00,13.0,PTX ISA 9.3 / CUDA 13.0,1575.000,,,,fp16,128,64,16,16,32,131,0,discard,same,8,8,16,1,nocount,sw128,sw128,16,16,16,0,512,0,64,none,0,none,0,4,20,472637.0,300.08698412698413,,,,,6144,,8.945254882711255,,,0,0.0,1,bf14b28d2af4128daa99f23eec8a5e105636d0b04136f8be580fdc39d6f1f97d,legal_ring; UTCHMMA=21;UTCHMMA_WS=16;UTCBAR=1;UTCATOMSWS=3;SYNCS_TRYWAIT=8;LDS=21;LDG=9;ptx_tcgen05_mma=21;ptx_tcgen05_mma_ws=16;ptx_tcgen05_commit=1;ptx_tcgen05_alloc=1;ptx_tcgen05_dealloc=1;ptx_tcgen05_ld=5;ptx_tcgen05_st=5;ptx_mbarrier_wait=5;ptx_cp_async_tma=2;ptx_ld_shared=26;ptx_ld_global=7
02_latency_throughput,lat_fp16_m128n64k16_legal_ring_in0_q16,1,,NVIDIA Thor,11.0,580.00,13.0,PTX ISA 9.3 / CUDA 13.0,1575.000,,,,fp16,128,64,16,16,32,131,1,discard,same,8,8,16,1,nocount,sw128,sw128,16,16,16,0,512,0,64,none,0,none,0,4,20,472630.0,300.0825396825397,,,,,6144,,8.945387368554684,,,0,0.0,1,bf14b28d2af4128daa99f23eec8a5e105636d0b04136f8be580fdc39d6f1f97d,legal_ring
02_latency_throughput,lat_fp16_m128n64k16_legal_ring_in0_q16,1,,NVIDIA Thor,11.0,580.00,13.0,PTX ISA 9.3 / CUDA 13.0,1575.000,,,,fp16,128,64,16,16,32,131,2,discard,same,8,8,16,1,nocount,sw128,sw128,16,16,16,0,512,0,64,none,0,none,0,4,20,472629.0,300.08190476190475,,,,,6144,,8.945406295424105,,,0,0.0,1,bf14b28d2af4128daa99f23eec8a5e105636d0b04136f8be580fdc39d6f1f97d,legal_ring
02_latency_throughput,lat_fp16_m128n64k16_legal_ring_in0_q16,1,,NVIDIA Thor,11.0,580.00,13.0,PTX ISA 9.3 / CUDA 13.0,1575.000,,,,fp16,128,64,16,16,32,131,3,discard,same,8,8,16,1,nocount,sw128,sw128,16,16,16,0,512,0,64,none,0,none,0,4,20,472623.0,300.0780952380953,,,,,6144,,8.945519858322596,,,0,0.0,1,bf14b28d2af4128daa99f23eec8a5e105636d0b04136f8be580fdc39d6f1f97d,legal_ring
02_latency_throughput,lat_fp16_m128n64k16_legal_ring_in0_q16,1,,NVIDIA Thor,11.0,580.00,13.0,PTX ISA 9.3 / CUDA 13.0,1575.000,,,,fp16,128,64,16,16,32,131,4,discard,same,8,8,16,1,nocount,sw128,sw128,16,16,16,0,512,0,64,none,0,none,0,4,20,472644.0,300.09142857142854,,,,,6144,,8.94512240079214,,,0,0.0,1,bf14b28d2af4128daa99f23eec8a5e105636d0b04136f8be580fdc39d6f1f97d,legal_ring
02_latency_throughput,lat_bf16_m128n128k16_legal_ring_in1_q24,1,,NVIDIA Thor,11.0,580.00,13.0,PTX ISA 9.3 / CUDA 13.0,1575.000,,,,bf16,128,128,16,24,21,132,0,discard,same,4,4,24,1,nocount,sw128,sw128,16,16,16,0,512,0,128,none,1,none,0,4,20,457111.0,290.2292063492064,,,,,8192,,18.209135829153094,,,0,0.0,1,bf14b28d2af4128daa99f23eec8a5e105636d0b04136f8be580fdc39d6f1f97d,legal_ring; UTCHMMA=21;UTCHMMA_WS=16;UTCBAR=1;UTCATOMSWS=3;SYNCS_TRYWAIT=8;LDS=21;LDG=9;ptx_tcgen05_mma=21;ptx_tcgen05_mma_ws=16;ptx_tcgen05_commit=1;ptx_tcgen05_alloc=1;ptx_tcgen05_dealloc=1;ptx_tcgen05_ld=5;ptx_tcgen05_st=5;ptx_mbarrier_wait=5;ptx_cp_async_tma=2;ptx_ld_shared=26;ptx_ld_global=7
02_latency_throughput,lat_bf16_m128n128k16_legal_ring_in1_q24,1,,NVIDIA Thor,11.0,580.00,13.0,PTX ISA 9.3 / CUDA 13.0,1575.000,,,,bf16,128,128,16,24,21,132,1,discard,same,4,4,24,1,nocount,sw128,sw128,16,16,16,0,512,0,128,none,1,none,0,4,20,457111.0,290.2292063492064,,,,,8192,,18.209135829153094,,,0,0.0,1,bf14b28d2af4128daa99f23eec8a5e105636d0b04136f8be580fdc39d6f1f97d,legal_ring
02_latency_throughput,lat_bf16_m128n128k16_legal_ring_in1_q24,1,,NVIDIA Thor,11.0,580.00,13.0,PTX ISA 9.3 / CUDA 13.0,1575.000,,,,bf16,128,128,16,24,21,132,2,discard,same,4,4,24,1,nocount,sw128,sw128,16,16,16,0,512,0,128,none,1,none,0,4,20,457115.0,290.23174603174607,,,,,8192,,18.208976489504828,,,0,0.0,1,bf14b28d2af4128daa99f23eec8a5e105636d0b04136f8be580fdc39d6f1f97d,legal_ring
02_latency_throughput,lat_bf16_m128n128k16_legal_ring_in1_q24,1,,NVIDIA Thor,11.0,580.00,13.0,PTX ISA 9.3 / CUDA 13.0,1575.000,,,,bf16,128,128,16,24,21,132,3,discard,same,4,4,24,1,nocount,sw128,sw128,16,16,16,0,512,0,128,none,1,none,0,4,20,457116.0,290.23238095238094,,,,,8192,,18.208936655028484,,,0,0.0,1,bf14b28d2af4128daa99f23eec8a5e105636d0b04136f8be580fdc39d6f1f97d,legal_ring
02_latency_throughput,lat_bf16_m128n128k16_legal_ring_in1_q24,1,,NVIDIA Thor,11.0,580.00,13.0,PTX ISA 9.3 / CUDA 13.0,1575.000,,,,bf16,128,128,16,24,21,132,4,discard,same,4,4,24,1,nocount,sw128,sw128,16,16,16,0,512,0,128,none,1,none,0,4,20,457120.0,290.2349206349206,,,,,8192,,18.208777318865945,,,0,0.0,1,bf14b28d2af4128daa99f23eec8a5e105636d0b04136f8be580fdc39d6f1f97d,legal_ring
02_latency_throughput,lat_fp16_m128n256k16_legal_ring_in0_q4,1,,NVIDIA Thor,11.0,580.00,13.0,PTX ISA 9.3 / CUDA 13.0,1575.000,,,,fp16,128,256,16,4,128,133,0,discard,same,2,2,4,1,nocount,sw128,sw128,16,16,16,0,512,0,256,none,0,none,0,4,20,547813.0,347.8177777777778,,,,,12288,,30.87081490946728,,,0,0.0,1,bf14b28d2af4128daa99f23eec8a5e105636d0b04136f8be580fdc39d6f1f97d,legal_ring; UTCHMMA=21;UTCHMMA_WS=16;UTCBAR=1;UTCATOMSWS=3;SYNCS_TRYWAIT=8;LDS=21;LDG=9;ptx_tcgen05_mma=21;ptx_tcgen05_mma_ws=16;ptx_tcgen05_commit=1;ptx_tcgen05_alloc=1;ptx_tcgen05_dealloc=1;ptx_tcgen05_ld=5;ptx_tcgen05_st=5;ptx_mbarrier_wait=5;ptx_cp_async_tma=2;ptx_ld_shared=26;ptx_ld_global=7
02_latency_throughput,lat_fp16_m128n256k16_legal_ring_in0_q4,1,,NVIDIA Thor,11.0,580.00,13.0,PTX ISA 9.3 / CUDA 13.0,1575.000,,,,fp16,128,256,16,4,128,133,1,discard,same,2,2,4,1,nocount,sw128,sw128,16,16,16,0,512,0,256,none,0,none,0,4,20,547817.0,347.8203174603175,,,,,12288,,30.870589499778212,,,0,0.0,1,bf14b28d2af4128daa99f23eec8a5e105636d0b04136f8be580fdc39d6f1f97d,legal_ring
02_latency_throughput,lat_fp16_m128n256k16_legal_ring_in0_q4,1,,NVIDIA Thor,11.0,580.00,13.0,PTX ISA 9.3 / CUDA 13.0,1575.000,,,,fp16,128,256,16,4,128,133,2,discard,same,2,2,4,1,nocount,sw128,sw128,16,16,16,0,512,0,256,none,0,none,0,4,20,547816.0,347.8196825396825,,,,,12288,,30.87064585189188,,,0,0.0,1,bf14b28d2af4128daa99f23eec8a5e105636d0b04136f8be580fdc39d6f1f97d,legal_ring
02_latency_throughput,lat_fp16_m128n256k16_legal_ring_in0_q4,1,,NVIDIA Thor,11.0,580.00,13.0,PTX ISA 9.3 / CUDA 13.0,1575.000,,,,fp16,128,256,16,4,128,133,3,discard,same,2,2,4,1,nocount,sw128,sw128,16,16,16,0,512,0,256,none,0,none,0,4,20,547824.0,347.8247619047619,,,,,12288,,30.870195040743017,,,0,0.0,1,bf14b28d2af4128daa99f23eec8a5e105636d0b04136f8be580fdc39d6f1f97d,legal_ring
02_latency_throughput,lat_fp16_m128n256k16_legal_ring_in0_q4,1,,NVIDIA Thor,11.0,580.00,13.0,PTX ISA 9.3 / CUDA 13.0,1575.000,,,,fp16,128,256,16,4,128,133,4,discard,same,2,2,4,1,nocount,sw128,sw128,16,16,16,0,512,0,256,none,0,none,0,4,20,547814.0,347.81841269841266,,,,,12288,,30.870758556736416,,,0,0.0,1,bf14b28d2af4128daa99f23eec8a5e105636d0b04136f8be580fdc39d6f1f97d,legal_ring
02_latency_throughput,lat_fp16_m128n256k16_same_d_in1_q64,1,,NVIDIA Thor,11.0,580.00,13.0,PTX ISA 9.3 / CUDA 13.0,1575.000,,,,fp16,128,256,16,64,8,134,0,discard,same,1,1,64,1,nocount,sw128,sw128,16,16,16,0,512,0,0,none,1,none,0,4,20,391701.0,248.6990476190476,,,,,12288,,43.174344022609084,,,0,0.0,1,bf14b28d2af4128daa99f23eec8a5e105636d0b04136f8be580fdc39d6f1f97d,same_d; UTCHMMA=21;UTCHMMA_WS=16;UTCBAR=1;UTCATOMSWS=3;SYNCS_TRYWAIT=8;LDS=21;LDG=9;ptx_tcgen05_mma=21;ptx_tcgen05_mma_ws=16;ptx_tcgen05_commit=1;ptx_tcgen05_alloc=1;ptx_tcgen05_dealloc=1;ptx_tcgen05_ld=5;ptx_tcgen05_st=5;ptx_mbarrier_wait=5;ptx_cp_async_tma=2;ptx_ld_shared=26;ptx_ld_global=7
02_latency_throughput,lat_fp16_m128n256k16_same_d_in1_q64,1,,NVIDIA Thor,11.0,580.00,13.0,PTX ISA 9.3 / CUDA 13.0,1575.000,,,,fp16,128,256,16,64,8,134,1,discard,same,1,1,64,1,nocount,sw128,sw128,16,16,16,0,512,0,0,none,1,none,0,4,20,391701.0,248.6990476190476,,,,,12288,,43.174344022609084,,,0,0.0,1,bf14b28d2af4128daa99f23eec8a5e105636d0b04136f8be580fdc39d6f1f97d,same_d
02_latency_throughput,lat_fp16_m128n256k16_same_d_in1_q64,1,,NVIDIA Thor,11.0,580.00,13.0,PTX ISA 9.3 / CUDA 13.0,1575.000,,,,fp16,128,256,16,64,8,134,2,discard,same,1,1,64,1,nocount,sw128,sw128,16,16,16,0,512,0,0,none,1,none,0,4,20,391696.0,248.69587301587302,,,,,12288,,43.17489514317225,,,0,0.0,1,bf14b28d2af4128daa99f23eec8a5e105636d0b04136f8be580fdc39d6f1f97d,same_d
02_latency_throughput,lat_fp16_m128n256k16_same_d_in1_q64,1,,NVIDIA Thor,11.0,580.00,13.0,PTX ISA 9.3 / CUDA 13.0,1575.000,,,,fp16,128,256,16,64,8,134,3,discard,same,1,1,64,1,nocount,sw128,sw128,16,16,16,0,512,0,0,none,1,none,0,4,20,391701.0,248.6990476190476,,,,,12288,,43.174344022609084,,,0,0.0,1,bf14b28d2af4128daa99f23eec8a5e105636d0b04136f8be580fdc39d6f1f97d,same_d
02_latency_throughput,lat_fp16_m128n256k16_same_d_in1_q64,1,,NVIDIA Thor,11.0,580.00,13.0,PTX ISA 9.3 / CUDA 13.0,1575.000,,,,fp16,128,256,16,64,8,134,4,discard,same,1,1,64,1,nocount,sw128,sw128,16,16,16,0,512,0,0,none,1,none,0,4,20,391704.0,248.7009523809524,,,,,12288,,43.174013357024684,,,0,0.0,1,bf14b28d2af4128daa99f23eec8a5e105636d0b04136f8be580fdc39d6f1f97d,same_d
02_latency_throughput,lat_fp16_m128n128k16_legal_ring_in1_q64,1,,NVIDIA Thor,11.0,580.00,13.0,PTX ISA 9.3 / CUDA 13.0,1575.000,,,,fp16,128,128,16,64,8,135,0,discard,same,4,4,64,1,nocount,sw128,sw128,16,16,16,0,512,0,128,none,1,none,0,4,20,453984.0,288.2438095238095,,,,,8192,,18.625583421442165,,,0,0.0,1,bf14b28d2af4128daa99f23eec8a5e105636d0b04136f8be580fdc39d6f1f97d,legal_ring; UTCHMMA=21;UTCHMMA_WS=16;UTCBAR=1;UTCATOMSWS=3;SYNCS_TRYWAIT=8;LDS=21;LDG=9;ptx_tcgen05_mma=21;ptx_tcgen05_mma_ws=16;ptx_tcgen05_commit=1;ptx_tcgen05_alloc=1;ptx_tcgen05_dealloc=1;ptx_tcgen05_ld=5;ptx_tcgen05_st=5;ptx_mbarrier_wait=5;ptx_cp_async_tma=2;ptx_ld_shared=26;ptx_ld_global=7
02_latency_throughput,lat_fp16_m128n128k16_legal_ring_in1_q64,1,,NVIDIA Thor,11.0,580.00,13.0,PTX ISA 9.3 / CUDA 13.0,1575.000,,,,fp16,128,128,16,64,8,135,1,discard,same,4,4,64,1,nocount,sw128,sw128,16,16,16,0,512,0,128,none,1,none,0,4,20,453979.0,288.24063492063493,,,,,8192,,18.6257885585016,,,0,0.0,1,bf14b28d2af4128daa99f23eec8a5e105636d0b04136f8be580fdc39d6f1f97d,legal_ring
02_latency_throughput,lat_fp16_m128n128k16_legal_ring_in1_q64,1,,NVIDIA Thor,11.0,580.00,13.0,PTX ISA 9.3 / CUDA 13.0,1575.000,,,,fp16,128,128,16,64,8,135,2,discard,same,4,4,64,1,nocount,sw128,sw128,16,16,16,0,512,0,128,none,1,none,0,4,20,453984.0,288.2438095238095,,,,,8192,,18.625583421442165,,,0,0.0,1,bf14b28d2af4128daa99f23eec8a5e105636d0b04136f8be580fdc39d6f1f97d,legal_ring
02_latency_throughput,lat_fp16_m128n128k16_legal_ring_in1_q64,1,,NVIDIA Thor,11.0,580.00,13.0,PTX ISA 9.3 / CUDA 13.0,1575.000,,,,fp16,128,128,16,64,8,135,3,discard,same,4,4,64,1,nocount,sw128,sw128,16,16,16,0,512,0,128,none,1,none,0,4,20,453980.0,288.24126984126985,,,,,8192,,18.625747530728226,,,0,0.0,1,bf14b28d2af4128daa99f23eec8a5e105636d0b04136f8be580fdc39d6f1f97d,legal_ring
02_latency_throughput,lat_fp16_m128n128k16_legal_ring_in1_q64,1,,NVIDIA Thor,11.0,580.00,13.0,PTX ISA 9.3 / CUDA 13.0,1575.000,,,,fp16,128,128,16,64,8,135,4,discard,same,4,4,64,1,nocount,sw128,sw128,16,16,16,0,512,0,128,none,1,none,0,4,20,453985.0,288.24444444444447,,,,,8192,,18.62554239457251,,,0,0.0,1,bf14b28d2af4128daa99f23eec8a5e105636d0b04136f8be580fdc39d6f1f97d,legal_ring
02_latency_throughput,lat_bf16_m128n64k16_same_d_in0_q32,1,,NVIDIA Thor,11.0,580.00,13.0,PTX ISA 9.3 / CUDA 13.0,1575.000,,,,bf16,128,64,16,32,16,136,0,discard,same,1,1,32,1,nocount,sw128,sw128,16,16,16,0,512,0,0,none,0,none,0,4,20,398071.0,252.74349206349206,,,,,6144,,10.620865202438761,,,0,0.0,1,bf14b28d2af4128daa99f23eec8a5e105636d0b04136f8be580fdc39d6f1f97d,same_d; UTCHMMA=21;UTCHMMA_WS=16;UTCBAR=1;UTCATOMSWS=3;SYNCS_TRYWAIT=8;LDS=21;LDG=9;ptx_tcgen05_mma=21;ptx_tcgen05_mma_ws=16;ptx_tcgen05_commit=1;ptx_tcgen05_alloc=1;ptx_tcgen05_dealloc=1;ptx_tcgen05_ld=5;ptx_tcgen05_st=5;ptx_mbarrier_wait=5;ptx_cp_async_tma=2;ptx_ld_shared=26;ptx_ld_global=7
02_latency_throughput,lat_bf16_m128n64k16_same_d_in0_q32,1,,NVIDIA Thor,11.0,580.00,13.0,PTX ISA 9.3 / CUDA 13.0,1575.000,,,,bf16,128,64,16,32,16,136,1,discard,same,1,1,32,1,nocount,sw128,sw128,16,16,16,0,512,0,0,none,0,none,0,4,20,398064.0,252.73904761904762,,,,,6144,,10.621051971542263,,,0,0.0,1,bf14b28d2af4128daa99f23eec8a5e105636d0b04136f8be580fdc39d6f1f97d,same_d
02_latency_throughput,lat_bf16_m128n64k16_same_d_in0_q32,1,,NVIDIA Thor,11.0,580.00,13.0,PTX ISA 9.3 / CUDA 13.0,1575.000,,,,bf16,128,64,16,32,16,136,2,discard,same,1,1,32,1,nocount,sw128,sw128,16,16,16,0,512,0,0,none,0,none,0,4,20,398060.0,252.73650793650793,,,,,6144,,10.621158699693513,,,0,0.0,1,bf14b28d2af4128daa99f23eec8a5e105636d0b04136f8be580fdc39d6f1f97d,same_d
02_latency_throughput,lat_bf16_m128n64k16_same_d_in0_q32,1,,NVIDIA Thor,11.0,580.00,13.0,PTX ISA 9.3 / CUDA 13.0,1575.000,,,,bf16,128,64,16,32,16,136,3,discard,same,1,1,32,1,nocount,sw128,sw128,16,16,16,0,512,0,0,none,0,none,0,4,20,398073.0,252.7447619047619,,,,,6144,,10.62081184104423,,,0,0.0,1,bf14b28d2af4128daa99f23eec8a5e105636d0b04136f8be580fdc39d6f1f97d,same_d
02_latency_throughput,lat_bf16_m128n64k16_same_d_in0_q32,1,,NVIDIA Thor,11.0,580.00,13.0,PTX ISA 9.3 / CUDA 13.0,1575.000,,,,bf16,128,64,16,32,16,136,4,discard,same,1,1,32,1,nocount,sw128,sw128,16,16,16,0,512,0,0,none,0,none,0,4,20,398059.0,252.735873015873,,,,,6144,,10.621185382066479,,,0,0.0,1,bf14b28d2af4128daa99f23eec8a5e105636d0b04136f8be580fdc39d6f1f97d,same_d
02_latency_throughput,lat_bf16_m128n64k16_same_d_in1_q1,1,,NVIDIA Thor,11.0,580.00,13.0,PTX ISA 9.3 / CUDA 13.0,1575.000,,,,bf16,128,64,16,1,512,137,0,discard,same,1,1,1,1,nocount,sw128,sw128,16,16,16,0,512,0,0,none,1,none,0,4,20,779124.0,494.6819047619048,,,,,6144,,5.4264256164615645,,,0,0.0,1,bf14b28d2af4128daa99f23eec8a5e105636d0b04136f8be580fdc39d6f1f97d,same_d; UTCHMMA=21;UTCHMMA_WS=16;UTCBAR=1;UTCATOMSWS=3;SYNCS_TRYWAIT=8;LDS=21;LDG=9;ptx_tcgen05_mma=21;ptx_tcgen05_mma_ws=16;ptx_tcgen05_commit=1;ptx_tcgen05_alloc=1;ptx_tcgen05_dealloc=1;ptx_tcgen05_ld=5;ptx_tcgen05_st=5;ptx_mbarrier_wait=5;ptx_cp_async_tma=2;ptx_ld_shared=26;ptx_ld_global=7
02_latency_throughput,lat_bf16_m128n64k16_same_d_in1_q1,1,,NVIDIA Thor,11.0,580.00,13.0,PTX ISA 9.3 / CUDA 13.0,1575.000,,,,bf16,128,64,16,1,512,137,1,discard,same,1,1,1,1,nocount,sw128,sw128,16,16,16,0,512,0,0,none,1,none,0,4,20,779122.0,494.6806349206349,,,,,6144,,5.426439546053122,,,0,0.0,1,bf14b28d2af4128daa99f23eec8a5e105636d0b04136f8be580fdc39d6f1f97d,same_d
02_latency_throughput,lat_bf16_m128n64k16_same_d_in1_q1,1,,NVIDIA Thor,11.0,580.00,13.0,PTX ISA 9.3 / CUDA 13.0,1575.000,,,,bf16,128,64,16,1,512,137,2,discard,same,1,1,1,1,nocount,sw128,sw128,16,16,16,0,512,0,0,none,1,none,0,4,20,779123.0,494.68126984126985,,,,,6144,,5.426432581248403,,,0,0.0,1,bf14b28d2af4128daa99f23eec8a5e105636d0b04136f8be580fdc39d6f1f97d,same_d
02_latency_throughput,lat_bf16_m128n64k16_same_d_in1_q1,1,,NVIDIA Thor,11.0,580.00,13.0,PTX ISA 9.3 / CUDA 13.0,1575.000,,,,bf16,128,64,16,1,512,137,3,discard,same,1,1,1,1,nocount,sw128,sw128,16,16,16,0,512,0,0,none,1,none,0,4,20,779124.0,494.6819047619048,,,,,6144,,5.4264256164615645,,,0,0.0,1,bf14b28d2af4128daa99f23eec8a5e105636d0b04136f8be580fdc39d6f1f97d,same_d
02_latency_throughput,lat_bf16_m128n64k16_same_d_in1_q1,1,,NVIDIA Thor,11.0,580.00,13.0,PTX ISA 9.3 / CUDA 13.0,1575.000,,,,bf16,128,64,16,1,512,137,4,discard,same,1,1,1,1,nocount,sw128,sw128,16,16,16,0,512,0,0,none,1,none,0,4,20,779126.0,494.68317460317456,,,,,6144,,5.426411686941521,,,0,0.0,1,bf14b28d2af4128daa99f23eec8a5e105636d0b04136f8be580fdc39d6f1f97d,same_d
02_latency_throughput,lat_bf16_m128n256k16_same_d_in0_q1,1,,NVIDIA Thor,11.0,580.00,13.0,PTX ISA 9.3 / CUDA 13.0,1575.000,,,,bf16,128,256,16,1,512,138,0,discard,same,1,1,1,1,nocount,sw128,sw128,16,16,16,0,512,0,0,none,0,none,0,4,20,779127.0,494.68380952380954,,,,,12288,,21.70561888883327,,,0,0.0,1,bf14b28d2af4128daa99f23eec8a5e105636d0b04136f8be580fdc39d6f1f97d,same_d; UTCHMMA=21;UTCHMMA_WS=16;UTCBAR=1;UTCATOMSWS=3;SYNCS_TRYWAIT=8;LDS=21;LDG=9;ptx_tcgen05_mma=21;ptx_tcgen05_mma_ws=16;ptx_tcgen05_commit=1;ptx_tcgen05_alloc=1;ptx_tcgen05_dealloc=1;ptx_tcgen05_ld=5;ptx_tcgen05_st=5;ptx_mbarrier_wait=5;ptx_cp_async_tma=2;ptx_ld_shared=26;ptx_ld_global=7
02_latency_throughput,lat_bf16_m128n256k16_same_d_in0_q1,1,,NVIDIA Thor,11.0,580.00,13.0,PTX ISA 9.3 / CUDA 13.0,1575.000,,,,bf16,128,256,16,1,512,138,1,discard,same,1,1,1,1,nocount,sw128,sw128,16,16,16,0,512,0,0,none,0,none,0,4,20,779117.0,494.6774603174604,,,,,12288,,21.70589748137956,,,0,0.0,1,bf14b28d2af4128daa99f23eec8a5e105636d0b04136f8be580fdc39d6f1f97d,same_d
02_latency_throughput,lat_bf16_m128n256k16_same_d_in0_q1,1,,NVIDIA Thor,11.0,580.00,13.0,PTX ISA 9.3 / CUDA 13.0,1575.000,,,,bf16,128,256,16,1,512,138,2,discard,same,1,1,1,1,nocount,sw128,sw128,16,16,16,0,512,0,0,none,0,none,0,4,20,779122.0,494.6806349206349,,,,,12288,,21.70575818421249,,,0,0.0,1,bf14b28d2af4128daa99f23eec8a5e105636d0b04136f8be580fdc39d6f1f97d,same_d
02_latency_throughput,lat_bf16_m128n256k16_same_d_in0_q1,1,,NVIDIA Thor,11.0,580.00,13.0,PTX ISA 9.3 / CUDA 13.0,1575.000,,,,bf16,128,256,16,1,512,138,3,discard,same,1,1,1,1,nocount,sw128,sw128,16,16,16,0,512,0,0,none,0,none,0,4,20,779120.0,494.6793650793651,,,,,12288,,21.70581390286477,,,0,0.0,1,bf14b28d2af4128daa99f23eec8a5e105636d0b04136f8be580fdc39d6f1f97d,same_d
02_latency_throughput,lat_bf16_m128n256k16_same_d_in0_q1,1,,NVIDIA Thor,11.0,580.00,13.0,PTX ISA 9.3 / CUDA 13.0,1575.000,,,,bf16,128,256,16,1,512,138,4,discard,same,1,1,1,1,nocount,sw128,sw128,16,16,16,0,512,0,0,none,0,none,0,4,20,779128.0,494.68444444444447,,,,,12288,,21.70559102997197,,,0,0.0,1,bf14b28d2af4128daa99f23eec8a5e105636d0b04136f8be580fdc39d6f1f97d,same_d
02_latency_throughput,commit_prefix_c4_p4,1,,NVIDIA Thor,11.0,580.00,13.0,PTX ISA 9.3 / CUDA 13.0,1575.000,,,,bf16,128,128,16,16,128,139,0,discard,same,4,4,4,4,count,sw128,sw128,16,16,16,0,512,0,128,none,0,none,0,4,20,2184153.0,1386.7638095238096,,,,,8192,,15.485576081895362,,,0,0.0,1,bf14b28d2af4128daa99f23eec8a5e105636d0b04136f8be580fdc39d6f1f97d,commit prefix scan; pending_mbarriers is prefix tracking count; UTCHMMA=21;UTCHMMA_WS=16;UTCBAR=1;UTCATOMSWS=3;SYNCS_TRYWAIT=8;LDS=21;LDG=9;ptx_tcgen05_mma=21;ptx_tcgen05_mma_ws=16;ptx_tcgen05_commit=1;ptx_tcgen05_alloc=1;ptx_tcgen05_dealloc=1;ptx_tcgen05_ld=5;ptx_tcgen05_st=5;ptx_mbarrier_wait=5;ptx_cp_async_tma=2;ptx_ld_shared=26;ptx_ld_global=7
02_latency_throughput,commit_prefix_c4_p4,1,,NVIDIA Thor,11.0,580.00,13.0,PTX ISA 9.3 / CUDA 13.0,1575.000,,,,bf16,128,128,16,16,128,139,1,discard,same,4,4,4,4,count,sw128,sw128,16,16,16,0,512,0,128,none,0,none,0,4,20,2184158.0,1386.7669841269842,,,,,8192,,15.485540632133755,,,0,0.0,1,bf14b28d2af4128daa99f23eec8a5e105636d0b04136f8be580fdc39d6f1f97d,commit prefix scan; pending_mbarriers is prefix tracking count
02_latency_throughput,commit_prefix_c4_p4,1,,NVIDIA Thor,11.0,580.00,13.0,PTX ISA 9.3 / CUDA 13.0,1575.000,,,,bf16,128,128,16,16,128,139,2,discard,same,4,4,4,4,count,sw128,sw128,16,16,16,0,512,0,128,none,0,none,0,4,20,2184154.0,1386.7644444444445,,,,,8192,,15.485568991930055,,,0,0.0,1,bf14b28d2af4128daa99f23eec8a5e105636d0b04136f8be580fdc39d6f1f97d,commit prefix scan; pending_mbarriers is prefix tracking count
02_latency_throughput,commit_prefix_c4_p4,1,,NVIDIA Thor,11.0,580.00,13.0,PTX ISA 9.3 / CUDA 13.0,1575.000,,,,bf16,128,128,16,16,128,139,3,discard,same,4,4,4,4,count,sw128,sw128,16,16,16,0,512,0,128,none,0,none,0,4,20,2184152.0,1386.7631746031745,,,,,8192,,15.485583171867159,,,0,0.0,1,bf14b28d2af4128daa99f23eec8a5e105636d0b04136f8be580fdc39d6f1f97d,commit prefix scan; pending_mbarriers is prefix tracking count
02_latency_throughput,commit_prefix_c4_p4,1,,NVIDIA Thor,11.0,580.00,13.0,PTX ISA 9.3 / CUDA 13.0,1575.000,,,,bf16,128,128,16,16,128,139,4,discard,same,4,4,4,4,count,sw128,sw128,16,16,16,0,512,0,128,none,0,none,0,4,20,2184153.0,1386.7638095238096,,,,,8192,,15.485576081895362,,,0,0.0,1,bf14b28d2af4128daa99f23eec8a5e105636d0b04136f8be580fdc39d6f1f97d,commit prefix scan; pending_mbarriers is prefix tracking count
02_latency_throughput,lat_bf16_m128n64k16_same_d_in0_q1,1,,NVIDIA Thor,11.0,580.00,13.0,PTX ISA 9.3 / CUDA 13.0,1575.000,,,,bf16,128,64,16,1,512,140,0,discard,same,1,1,1,1,nocount,sw128,sw128,16,16,16,0,512,0,0,none,0,none,0,4,20,779126.0,494.68317460317456,,,,,6144,,5.426411686941521,,,0,0.0,1,bf14b28d2af4128daa99f23eec8a5e105636d0b04136f8be580fdc39d6f1f97d,same_d; UTCHMMA=21;UTCHMMA_WS=16;UTCBAR=1;UTCATOMSWS=3;SYNCS_TRYWAIT=8;LDS=21;LDG=9;ptx_tcgen05_mma=21;ptx_tcgen05_mma_ws=16;ptx_tcgen05_commit=1;ptx_tcgen05_alloc=1;ptx_tcgen05_dealloc=1;ptx_tcgen05_ld=5;ptx_tcgen05_st=5;ptx_mbarrier_wait=5;ptx_cp_async_tma=2;ptx_ld_shared=26;ptx_ld_global=7
02_latency_throughput,lat_bf16_m128n64k16_same_d_in0_q1,1,,NVIDIA Thor,11.0,580.00,13.0,PTX ISA 9.3 / CUDA 13.0,1575.000,,,,bf16,128,64,16,1,512,140,1,discard,same,1,1,1,1,nocount,sw128,sw128,16,16,16,0,512,0,0,none,0,none,0,4,20,779127.0,494.68380952380954,,,,,6144,,5.426404722208318,,,0,0.0,1,bf14b28d2af4128daa99f23eec8a5e105636d0b04136f8be580fdc39d6f1f97d,same_d
02_latency_throughput,lat_bf16_m128n64k16_same_d_in0_q1,1,,NVIDIA Thor,11.0,580.00,13.0,PTX ISA 9.3 / CUDA 13.0,1575.000,,,,bf16,128,64,16,1,512,140,2,discard,same,1,1,1,1,nocount,sw128,sw128,16,16,16,0,512,0,0,none,0,none,0,4,20,779133.0,494.687619047619,,,,,6144,,5.426362934184536,,,0,0.0,1,bf14b28d2af4128daa99f23eec8a5e105636d0b04136f8be580fdc39d6f1f97d,same_d
02_latency_throughput,lat_bf16_m128n64k16_same_d_in0_q1,1,,NVIDIA Thor,11.0,580.00,13.0,PTX ISA 9.3 / CUDA 13.0,1575.000,,,,bf16,128,64,16,1,512,140,3,discard,same,1,1,1,1,nocount,sw128,sw128,16,16,16,0,512,0,0,none,0,none,0,4,20,779122.0,494.6806349206349,,,,,6144,,5.426439546053122,,,0,0.0,1,bf14b28d2af4128daa99f23eec8a5e105636d0b04136f8be580fdc39d6f1f97d,same_d
02_latency_throughput,lat_bf16_m128n64k16_same_d_in0_q1,1,,NVIDIA Thor,11.0,580.00,13.0,PTX ISA 9.3 / CUDA 13.0,1575.000,,,,bf16,128,64,16,1,512,140,4,discard,same,1,1,1,1,nocount,sw128,sw128,16,16,16,0,512,0,0,none,0,none,0,4,20,779123.0,494.68126984126985,,,,,6144,,5.426432581248403,,,0,0.0,1,bf14b28d2af4128daa99f23eec8a5e105636d0b04136f8be580fdc39d6f1f97d,same_d
02_latency_throughput,lat_fp16_m128n256k16_legal_ring_in1_q12,1,,NVIDIA Thor,11.0,580.00,13.0,PTX ISA 9.3 / CUDA 13.0,1575.000,,,,fp16,128,256,16,12,42,141,0,discard,same,2,2,12,1,nocount,sw128,sw128,16,16,16,0,512,0,256,none,1,none,0,4,20,473509.0,300.6406349206349,,,,,12288,,35.157077428306536,,,0,0.0,1,bf14b28d2af4128daa99f23eec8a5e105636d0b04136f8be580fdc39d6f1f97d,legal_ring; UTCHMMA=21;UTCHMMA_WS=16;UTCBAR=1;UTCATOMSWS=3;SYNCS_TRYWAIT=8;LDS=21;LDG=9;ptx_tcgen05_mma=21;ptx_tcgen05_mma_ws=16;ptx_tcgen05_commit=1;ptx_tcgen05_alloc=1;ptx_tcgen05_dealloc=1;ptx_tcgen05_ld=5;ptx_tcgen05_st=5;ptx_mbarrier_wait=5;ptx_cp_async_tma=2;ptx_ld_shared=26;ptx_ld_global=7
02_latency_throughput,lat_fp16_m128n256k16_legal_ring_in1_q12,1,,NVIDIA Thor,11.0,580.00,13.0,PTX ISA 9.3 / CUDA 13.0,1575.000,,,,fp16,128,256,16,12,42,141,1,discard,same,2,2,12,1,nocount,sw128,sw128,16,16,16,0,512,0,256,none,1,none,0,4,20,473510.0,300.6412698412699,,,,,12288,,35.157003180503054,,,0,0.0,1,bf14b28d2af4128daa99f23eec8a5e105636d0b04136f8be580fdc39d6f1f97d,legal_ring
02_latency_throughput,lat_fp16_m128n256k16_legal_ring_in1_q12,1,,NVIDIA Thor,11.0,580.00,13.0,PTX ISA 9.3 / CUDA 13.0,1575.000,,,,fp16,128,256,16,12,42,141,2,discard,same,2,2,12,1,nocount,sw128,sw128,16,16,16,0,512,0,256,none,1,none,0,4,20,473518.0,300.6463492063492,,,,,12288,,35.156409209364796,,,0,0.0,1,bf14b28d2af4128daa99f23eec8a5e105636d0b04136f8be580fdc39d6f1f97d,legal_ring
02_latency_throughput,lat_fp16_m128n256k16_legal_ring_in1_q12,1,,NVIDIA Thor,11.0,580.00,13.0,PTX ISA 9.3 / CUDA 13.0,1575.000,,,,fp16,128,256,16,12,42,141,3,discard,same,2,2,12,1,nocount,sw128,sw128,16,16,16,0,512,0,256,none,1,none,0,4,20,473516.0,300.64507936507937,,,,,12288,,35.15655770026778,,,0,0.0,1,bf14b28d2af4128daa99f23eec8a5e105636d0b04136f8be580fdc39d6f1f97d,legal_ring
02_latency_throughput,lat_fp16_m128n256k16_legal_ring_in1_q12,1,,NVIDIA Thor,11.0,580.00,13.0,PTX ISA 9.3 / CUDA 13.0,1575.000,,,,fp16,128,256,16,12,42,141,4,discard,same,2,2,12,1,nocount,sw128,sw128,16,16,16,0,512,0,256,none,1,none,0,4,20,473511.0,300.64190476190475,,,,,12288,,35.15692893301317,,,0,0.0,1,bf14b28d2af4128daa99f23eec8a5e105636d0b04136f8be580fdc39d6f1f97d,legal_ring
02_latency_throughput,lat_bf16_m128n128k16_legal_ring_in1_q3,1,,NVIDIA Thor,11.0,580.00,13.0,PTX ISA 9.3 / CUDA 13.0,1575.000,,,,bf16,128,128,16,3,170,142,0,discard,same,4,4,3,1,nocount,sw128,sw128,16,16,16,0,512,0,128,none,1,none,0,4,20,578874.0,367.5390476190476,,,,,8192,,14.550120958965165,,,0,0.0,1,bf14b28d2af4128daa99f23eec8a5e105636d0b04136f8be580fdc39d6f1f97d,legal_ring; UTCHMMA=21;UTCHMMA_WS=16;UTCBAR=1;UTCATOMSWS=3;SYNCS_TRYWAIT=8;LDS=21;LDG=9;ptx_tcgen05_mma=21;ptx_tcgen05_mma_ws=16;ptx_tcgen05_commit=1;ptx_tcgen05_alloc=1;ptx_tcgen05_dealloc=1;ptx_tcgen05_ld=5;ptx_tcgen05_st=5;ptx_mbarrier_wait=5;ptx_cp_async_tma=2;ptx_ld_shared=26;ptx_ld_global=7
02_latency_throughput,lat_bf16_m128n128k16_legal_ring_in1_q3,1,,NVIDIA Thor,11.0,580.00,13.0,PTX ISA 9.3 / CUDA 13.0,1575.000,,,,bf16,128,128,16,3,170,142,1,discard,same,4,4,3,1,nocount,sw128,sw128,16,16,16,0,512,0,128,none,1,none,0,4,20,578891.0,367.5498412698413,,,,,8192,,14.549693672902153,,,0,0.0,1,bf14b28d2af4128daa99f23eec8a5e105636d0b04136f8be580fdc39d6f1f97d,legal_ring
02_latency_throughput,lat_bf16_m128n128k16_legal_ring_in1_q3,1,,NVIDIA Thor,11.0,580.00,13.0,PTX ISA 9.3 / CUDA 13.0,1575.000,,,,bf16,128,128,16,3,170,142,2,discard,same,4,4,3,1,nocount,sw128,sw128,16,16,16,0,512,0,128,none,1,none,0,4,20,578874.0,367.5390476190476,,,,,8192,,14.550120958965165,,,0,0.0,1,bf14b28d2af4128daa99f23eec8a5e105636d0b04136f8be580fdc39d6f1f97d,legal_ring
02_latency_throughput,lat_bf16_m128n128k16_legal_ring_in1_q3,1,,NVIDIA Thor,11.0,580.00,13.0,PTX ISA 9.3 / CUDA 13.0,1575.000,,,,bf16,128,128,16,3,170,142,3,discard,same,4,4,3,1,nocount,sw128,sw128,16,16,16,0,512,0,128,none,1,none,0,4,20,578878.0,367.5415873015873,,,,,8192,,14.550020418810181,,,0,0.0,1,bf14b28d2af4128daa99f23eec8a5e105636d0b04136f8be580fdc39d6f1f97d,legal_ring
02_latency_throughput,lat_bf16_m128n128k16_legal_ring_in1_q3,1,,NVIDIA Thor,11.0,580.00,13.0,PTX ISA 9.3 / CUDA 13.0,1575.000,,,,bf16,128,128,16,3,170,142,4,discard,same,4,4,3,1,nocount,sw128,sw128,16,16,16,0,512,0,128,none,1,none,0,4,20,578874.0,367.5390476190476,,,,,8192,,14.550120958965165,,,0,0.0,1,bf14b28d2af4128daa99f23eec8a5e105636d0b04136f8be580fdc39d6f1f97d,legal_ring
02_latency_throughput,lat_fp16_m128n64k16_same_d_in1_q2,1,,NVIDIA Thor,11.0,580.00,13.0,PTX ISA 9.3 / CUDA 13.0,1575.000,,,,fp16,128,64,16,2,256,143,0,discard,same,1,1,2,1,nocount,sw128,sw128,16,16,16,0,512,0,0,none,1,none,0,4,20,586108.0,372.1320634920635,,,,,6144,,7.213446040661449,,,0,0.0,1,bf14b28d2af4128daa99f23eec8a5e105636d0b04136f8be580fdc39d6f1f97d,same_d; UTCHMMA=21;UTCHMMA_WS=16;UTCBAR=1;UTCATOMSWS=3;SYNCS_TRYWAIT=8;LDS=21;LDG=9;ptx_tcgen05_mma=21;ptx_tcgen05_mma_ws=16;ptx_tcgen05_commit=1;ptx_tcgen05_alloc=1;ptx_tcgen05_dealloc=1;ptx_tcgen05_ld=5;ptx_tcgen05_st=5;ptx_mbarrier_wait=5;ptx_cp_async_tma=2;ptx_ld_shared=26;ptx_ld_global=7
02_latency_throughput,lat_fp16_m128n64k16_same_d_in1_q2,1,,NVIDIA Thor,11.0,580.00,13.0,PTX ISA 9.3 / CUDA 13.0,1575.000,,,,fp16,128,64,16,2,256,143,1,discard,same,1,1,2,1,nocount,sw128,sw128,16,16,16,0,512,0,0,none,1,none,0,4,20,586100.0,372.12698412698415,,,,,6144,,7.213544500938406,,,0,0.0,1,bf14b28d2af4128daa99f23eec8a5e105636d0b04136f8be580fdc39d6f1f97d,same_d
02_latency_throughput,lat_fp16_m128n64k16_same_d_in1_q2,1,,NVIDIA Thor,11.0,580.00,13.0,PTX ISA 9.3 / CUDA 13.0,1575.000,,,,fp16,128,64,16,2,256,143,2,discard,same,1,1,2,1,nocount,sw128,sw128,16,16,16,0,512,0,0,none,1,none,0,4,20,586097.0,372.12507936507933,,,,,6144,,7.2135814242352385,,,0,0.0,1,bf14b28d2af4128daa99f23eec8a5e105636d0b04136f8be580fdc39d6f1f97d,same_d
02_latency_throughput,lat_fp16_m128n64k16_same_d_in1_q2,1,,NVIDIA Thor,11.0,580.00,13.0,PTX ISA 9.3 / CUDA 13.0,1575.000,,,,fp16,128,64,16,2,256,143,3,discard,same,1,1,2,1,nocount,sw128,sw128,16,16,16,0,512,0,0,none,1,none,0,4,20,586093.0,372.12253968253964,,,,,6144,,7.2136306558856695,,,0,0.0,1,bf14b28d2af4128daa99f23eec8a5e105636d0b04136f8be580fdc39d6f1f97d,same_d
02_latency_throughput,lat_fp16_m128n64k16_same_d_in1_q2,1,,NVIDIA Thor,11.0,580.00,13.0,PTX ISA 9.3 / CUDA 13.0,1575.000,,,,fp16,128,64,16,2,256,143,4,discard,same,1,1,2,1,nocount,sw128,sw128,16,16,16,0,512,0,0,none,1,none,0,4,20,586094.0,372.1231746031746,,,,,6144,,7.213618347910063,,,0,0.0,1,bf14b28d2af4128daa99f23eec8a5e105636d0b04136f8be580fdc39d6f1f97d,same_d
02_latency_throughput,lat_fp16_m128n256k16_same_d_in1_q12,1,,NVIDIA Thor,11.0,580.00,13.0,PTX ISA 9.3 / CUDA 13.0,1575.000,,,,fp16,128,256,16,12,42,144,0,discard,same,1,1,12,1,nocount,sw128,sw128,16,16,16,0,512,0,0,none,1,none,0,4,20,412510.0,261.9111111111111,,,,,12288,,40.35585216358391,,,0,0.0,1,bf14b28d2af4128daa99f23eec8a5e105636d0b04136f8be580fdc39d6f1f97d,same_d; UTCHMMA=21;UTCHMMA_WS=16;UTCBAR=1;UTCATOMSWS=3;SYNCS_TRYWAIT=8;LDS=21;LDG=9;ptx_tcgen05_mma=21;ptx_tcgen05_mma_ws=16;ptx_tcgen05_commit=1;ptx_tcgen05_alloc=1;ptx_tcgen05_dealloc=1;ptx_tcgen05_ld=5;ptx_tcgen05_st=5;ptx_mbarrier_wait=5;ptx_cp_async_tma=2;ptx_ld_shared=26;ptx_ld_global=7
02_latency_throughput,lat_fp16_m128n256k16_same_d_in1_q12,1,,NVIDIA Thor,11.0,580.00,13.0,PTX ISA 9.3 / CUDA 13.0,1575.000,,,,fp16,128,256,16,12,42,144,1,discard,same,1,1,12,1,nocount,sw128,sw128,16,16,16,0,512,0,0,none,1,none,0,4,20,412501.0,261.9053968253968,,,,,12288,,40.35673265276933,,,0,0.0,1,bf14b28d2af4128daa99f23eec8a5e105636d0b04136f8be580fdc39d6f1f97d,same_d
02_latency_throughput,lat_fp16_m128n256k16_same_d_in1_q12,1,,NVIDIA Thor,11.0,580.00,13.0,PTX ISA 9.3 / CUDA 13.0,1575.000,,,,fp16,128,256,16,12,42,144,2,discard,same,1,1,12,1,nocount,sw128,sw128,16,16,16,0,512,0,0,none,1,none,0,4,20,412505.0,261.9079365079365,,,,,12288,,40.35634131949916,,,0,0.0,1,bf14b28d2af4128daa99f23eec8a5e105636d0b04136f8be580fdc39d6f1f97d,same_d
02_latency_throughput,lat_fp16_m128n256k16_same_d_in1_q12,1,,NVIDIA Thor,11.0,580.00,13.0,PTX ISA 9.3 / CUDA 13.0,1575.000,,,,fp16,128,256,16,12,42,144,3,discard,same,1,1,12,1,nocount,sw128,sw128,16,16,16,0,512,0,0,none,1,none,0,4,20,412509.0,261.9104761904762,,,,,12288,,40.35594999381832,,,0,0.0,1,bf14b28d2af4128daa99f23eec8a5e105636d0b04136f8be580fdc39d6f1f97d,same_d
02_latency_throughput,lat_fp16_m128n256k16_same_d_in1_q12,1,,NVIDIA Thor,11.0,580.00,13.0,PTX ISA 9.3 / CUDA 13.0,1575.000,,,,fp16,128,256,16,12,42,144,4,discard,same,1,1,12,1,nocount,sw128,sw128,16,16,16,0,512,0,0,none,1,none,0,4,20,412502.0,261.9060317460318,,,,,12288,,40.356634818740275,,,0,0.0,1,bf14b28d2af4128daa99f23eec8a5e105636d0b04136f8be580fdc39d6f1f97d,same_d
02_latency_throughput,lat_bf16_m128n128k16_same_d_in1_q16,1,,NVIDIA Thor,11.0,580.00,13.0,PTX ISA 9.3 / CUDA 13.0,1575.000,,,,bf16,128,128,16,16,32,145,0,discard,same,1,1,16,1,nocount,sw128,sw128,16,16,16,0,512,0,0,none,1,none,0,4,20,410653.0,260.7320634920635,,,,,8192,,20.590904885633368,,,0,0.0,1,bf14b28d2af4128daa99f23eec8a5e105636d0b04136f8be580fdc39d6f1f97d,same_d; UTCHMMA=21;UTCHMMA_WS=16;UTCBAR=1;UTCATOMSWS=3;SYNCS_TRYWAIT=8;LDS=21;LDG=9;ptx_tcgen05_mma=21;ptx_tcgen05_mma_ws=16;ptx_tcgen05_commit=1;ptx_tcgen05_alloc=1;ptx_tcgen05_dealloc=1;ptx_tcgen05_ld=5;ptx_tcgen05_st=5;ptx_mbarrier_wait=5;ptx_cp_async_tma=2;ptx_ld_shared=26;ptx_ld_global=7
02_latency_throughput,lat_bf16_m128n128k16_same_d_in1_q16,1,,NVIDIA Thor,11.0,580.00,13.0,PTX ISA 9.3 / CUDA 13.0,1575.000,,,,bf16,128,128,16,16,32,145,1,discard,same,1,1,16,1,nocount,sw128,sw128,16,16,16,0,512,0,0,none,1,none,0,4,20,410745.0,260.7904761904762,,,,,8192,,20.586292867837706,,,0,0.0,1,bf14b28d2af4128daa99f23eec8a5e105636d0b04136f8be580fdc39d6f1f97d,same_d
02_latency_throughput,lat_bf16_m128n128k16_same_d_in1_q16,1,,NVIDIA Thor,11.0,580.00,13.0,PTX ISA 9.3 / CUDA 13.0,1575.000,,,,bf16,128,128,16,16,32,145,2,discard,same,1,1,16,1,nocount,sw128,sw128,16,16,16,0,512,0,0,none,1,none,0,4,20,410657.0,260.7346031746032,,,,,8192,,20.59070432015039,,,0,0.0,1,bf14b28d2af4128daa99f23eec8a5e105636d0b04136f8be580fdc39d6f1f97d,same_d
02_latency_throughput,lat_bf16_m128n128k16_same_d_in1_q16,1,,NVIDIA Thor,11.0,580.00,13.0,PTX ISA 9.3 / CUDA 13.0,1575.000,,,,bf16,128,128,16,16,32,145,3,discard,same,1,1,16,1,nocount,sw128,sw128,16,16,16,0,512,0,0,none,1,none,0,4,20,410657.0,260.7346031746032,,,,,8192,,20.59070432015039,,,0,0.0,1,bf14b28d2af4128daa99f23eec8a5e105636d0b04136f8be580fdc39d6f1f97d,same_d
02_latency_throughput,lat_bf16_m128n128k16_same_d_in1_q16,1,,NVIDIA Thor,11.0,580.00,13.0,PTX ISA 9.3 / CUDA 13.0,1575.000,,,,bf16,128,128,16,16,32,145,4,discard,same,1,1,16,1,nocount,sw128,sw128,16,16,16,0,512,0,0,none,1,none,0,4,20,410657.0,260.7346031746032,,,,,8192,,20.59070432015039,,,0,0.0,1,bf14b28d2af4128daa99f23eec8a5e105636d0b04136f8be580fdc39d6f1f97d,same_d
02_latency_throughput,lat_bf16_m128n64k16_legal_ring_in0_q16,1,,NVIDIA Thor,11.0,580.00,13.0,PTX ISA 9.3 / CUDA 13.0,1575.000,,,,bf16,128,64,16,16,32,146,0,discard,same,8,8,16,1,nocount,sw128,sw128,16,16,16,0,512,0,64,none,0,none,0,4,20,472649.0,300.0946031746032,,,,,6144,,8.945027773252455,,,0,0.0,1,bf14b28d2af4128daa99f23eec8a5e105636d0b04136f8be580fdc39d6f1f97d,legal_ring; UTCHMMA=21;UTCHMMA_WS=16;UTCBAR=1;UTCATOMSWS=3;SYNCS_TRYWAIT=8;LDS=21;LDG=9;ptx_tcgen05_mma=21;ptx_tcgen05_mma_ws=16;ptx_tcgen05_commit=1;ptx_tcgen05_alloc=1;ptx_tcgen05_dealloc=1;ptx_tcgen05_ld=5;ptx_tcgen05_st=5;ptx_mbarrier_wait=5;ptx_cp_async_tma=2;ptx_ld_shared=26;ptx_ld_global=7
02_latency_throughput,lat_bf16_m128n64k16_legal_ring_in0_q16,1,,NVIDIA Thor,11.0,580.00,13.0,PTX ISA 9.3 / CUDA 13.0,1575.000,,,,bf16,128,64,16,16,32,146,1,discard,same,8,8,16,1,nocount,sw128,sw128,16,16,16,0,512,0,64,none,0,none,0,4,20,472633.0,300.08444444444444,,,,,6144,,8.94533058842696,,,0,0.0,1,bf14b28d2af4128daa99f23eec8a5e105636d0b04136f8be580fdc39d6f1f97d,legal_ring
02_latency_throughput,lat_bf16_m128n64k16_legal_ring_in0_q16,1,,NVIDIA Thor,11.0,580.00,13.0,PTX ISA 9.3 / CUDA 13.0,1575.000,,,,bf16,128,64,16,16,32,146,2,discard,same,8,8,16,1,nocount,sw128,sw128,16,16,16,0,512,0,64,none,0,none,0,4,20,472644.0,300.09142857142854,,,,,6144,,8.94512240079214,,,0,0.0,1,bf14b28d2af4128daa99f23eec8a5e105636d0b04136f8be580fdc39d6f1f97d,legal_ring
02_latency_throughput,lat_bf16_m128n64k16_legal_ring_in0_q16,1,,NVIDIA Thor,11.0,580.00,13.0,PTX ISA 9.3 / CUDA 13.0,1575.000,,,,bf16,128,64,16,16,32,146,3,discard,same,8,8,16,1,nocount,sw128,sw128,16,16,16,0,512,0,64,none,0,none,0,4,20,472636.0,300.0863492063492,,,,,6144,,8.94527380902005,,,0,0.0,1,bf14b28d2af4128daa99f23eec8a5e105636d0b04136f8be580fdc39d6f1f97d,legal_ring
02_latency_throughput,lat_bf16_m128n64k16_legal_ring_in0_q16,1,,NVIDIA Thor,11.0,580.00,13.0,PTX ISA 9.3 / CUDA 13.0,1575.000,,,,bf16,128,64,16,16,32,146,4,discard,same,8,8,16,1,nocount,sw128,sw128,16,16,16,0,512,0,64,none,0,none,0,4,20,472631.0,300.0831746031746,,,,,6144,,8.945368441765352,,,0,0.0,1,bf14b28d2af4128daa99f23eec8a5e105636d0b04136f8be580fdc39d6f1f97d,legal_ring
02_latency_throughput,lat_bf16_m128n128k16_same_d_in0_q1,1,,NVIDIA Thor,11.0,580.00,13.0,PTX ISA 9.3 / CUDA 13.0,1575.000,,,,bf16,128,128,16,1,512,147,0,discard,same,1,1,1,1,nocount,sw128,sw128,16,16,16,0,512,0,0,none,0,none,0,4,20,779123.0,494.68126984126985,,,,,8192,,10.852865162496807,,,0,0.0,1,bf14b28d2af4128daa99f23eec8a5e105636d0b04136f8be580fdc39d6f1f97d,same_d; UTCHMMA=21;UTCHMMA_WS=16;UTCBAR=1;UTCATOMSWS=3;SYNCS_TRYWAIT=8;LDS=21;LDG=9;ptx_tcgen05_mma=21;ptx_tcgen05_mma_ws=16;ptx_tcgen05_commit=1;ptx_tcgen05_alloc=1;ptx_tcgen05_dealloc=1;ptx_tcgen05_ld=5;ptx_tcgen05_st=5;ptx_mbarrier_wait=5;ptx_cp_async_tma=2;ptx_ld_shared=26;ptx_ld_global=7
02_latency_throughput,lat_bf16_m128n128k16_same_d_in0_q1,1,,NVIDIA Thor,11.0,580.00,13.0,PTX ISA 9.3 / CUDA 13.0,1575.000,,,,bf16,128,128,16,1,512,147,1,discard,same,1,1,1,1,nocount,sw128,sw128,16,16,16,0,512,0,0,none,0,none,0,4,20,779123.0,494.68126984126985,,,,,8192,,10.852865162496807,,,0,0.0,1,bf14b28d2af4128daa99f23eec8a5e105636d0b04136f8be580fdc39d6f1f97d,same_d
02_latency_throughput,lat_bf16_m128n128k16_same_d_in0_q1,1,,NVIDIA Thor,11.0,580.00,13.0,PTX ISA 9.3 / CUDA 13.0,1575.000,,,,bf16,128,128,16,1,512,147,2,discard,same,1,1,1,1,nocount,sw128,sw128,16,16,16,0,512,0,0,none,0,none,0,4,20,779133.0,494.687619047619,,,,,8192,,10.852725868369072,,,0,0.0,1,bf14b28d2af4128daa99f23eec8a5e105636d0b04136f8be580fdc39d6f1f97d,same_d
02_latency_throughput,lat_bf16_m128n128k16_same_d_in0_q1,1,,NVIDIA Thor,11.0,580.00,13.0,PTX ISA 9.3 / CUDA 13.0,1575.000,,,,bf16,128,128,16,1,512,147,3,discard,same,1,1,1,1,nocount,sw128,sw128,16,16,16,0,512,0,0,none,0,none,0,4,20,779121.0,494.67999999999995,,,,,8192,,10.852893021751436,,,0,0.0,1,bf14b28d2af4128daa99f23eec8a5e105636d0b04136f8be580fdc39d6f1f97d,same_d
02_latency_throughput,lat_bf16_m128n128k16_same_d_in0_q1,1,,NVIDIA Thor,11.0,580.00,13.0,PTX ISA 9.3 / CUDA 13.0,1575.000,,,,bf16,128,128,16,1,512,147,4,discard,same,1,1,1,1,nocount,sw128,sw128,16,16,16,0,512,0,0,none,0,none,0,4,20,779123.0,494.68126984126985,,,,,8192,,10.852865162496807,,,0,0.0,1,bf14b28d2af4128daa99f23eec8a5e105636d0b04136f8be580fdc39d6f1f97d,same_d
02_latency_throughput,lat_fp16_m128n256k16_same_d_in1_q8,1,,NVIDIA Thor,11.0,580.00,13.0,PTX ISA 9.3 / CUDA 13.0,1575.000,,,,fp16,128,256,16,8,64,148,0,discard,same,1,1,8,1,nocount,sw128,sw128,16,16,16,0,512,0,0,none,1,none,0,4,20,435696.0,276.6323809523809,,,,,12288,,38.814755535970036,,,0,0.0,1,bf14b28d2af4128daa99f23eec8a5e105636d0b04136f8be580fdc39d6f1f97d,same_d; UTCHMMA=21;UTCHMMA_WS=16;UTCBAR=1;UTCATOMSWS=3;SYNCS_TRYWAIT=8;LDS=21;LDG=9;ptx_tcgen05_mma=21;ptx_tcgen05_mma_ws=16;ptx_tcgen05_commit=1;ptx_tcgen05_alloc=1;ptx_tcgen05_dealloc=1;ptx_tcgen05_ld=5;ptx_tcgen05_st=5;ptx_mbarrier_wait=5;ptx_cp_async_tma=2;ptx_ld_shared=26;ptx_ld_global=7
02_latency_throughput,lat_fp16_m128n256k16_same_d_in1_q8,1,,NVIDIA Thor,11.0,580.00,13.0,PTX ISA 9.3 / CUDA 13.0,1575.000,,,,fp16,128,256,16,8,64,148,1,discard,same,1,1,8,1,nocount,sw128,sw128,16,16,16,0,512,0,0,none,1,none,0,4,20,435695.0,276.63174603174605,,,,,12288,,38.81484462295872,,,0,0.0,1,bf14b28d2af4128daa99f23eec8a5e105636d0b04136f8be580fdc39d6f1f97d,same_d
02_latency_throughput,lat_fp16_m128n256k16_same_d_in1_q8,1,,NVIDIA Thor,11.0,580.00,13.0,PTX ISA 9.3 / CUDA 13.0,1575.000,,,,fp16,128,256,16,8,64,148,2,discard,same,1,1,8,1,nocount,sw128,sw128,16,16,16,0,512,0,0,none,1,none,0,4,20,435699.0,276.63428571428574,,,,,12288,,38.8144882774576,,,0,0.0,1,bf14b28d2af4128daa99f23eec8a5e105636d0b04136f8be580fdc39d6f1f97d,same_d
02_latency_throughput,lat_fp16_m128n256k16_same_d_in1_q8,1,,NVIDIA Thor,11.0,580.00,13.0,PTX ISA 9.3 / CUDA 13.0,1575.000,,,,fp16,128,256,16,8,64,148,3,discard,same,1,1,8,1,nocount,sw128,sw128,16,16,16,0,512,0,0,none,1,none,0,4,20,435693.0,276.6304761904762,,,,,12288,,38.81502279816293,,,0,0.0,1,bf14b28d2af4128daa99f23eec8a5e105636d0b04136f8be580fdc39d6f1f97d,same_d
02_latency_throughput,lat_fp16_m128n256k16_same_d_in1_q8,1,,NVIDIA Thor,11.0,580.00,13.0,PTX ISA 9.3 / CUDA 13.0,1575.000,,,,fp16,128,256,16,8,64,148,4,discard,same,1,1,8,1,nocount,sw128,sw128,16,16,16,0,512,0,0,none,1,none,0,4,20,435692.0,276.6298412698412,,,,,12288,,38.81511188637845,,,0,0.0,1,bf14b28d2af4128daa99f23eec8a5e105636d0b04136f8be580fdc39d6f1f97d,same_d
02_latency_throughput,lat_bf16_m128n256k16_legal_ring_in1_q2,1,,NVIDIA Thor,11.0,580.00,13.0,PTX ISA 9.3 / CUDA 13.0,1575.000,,,,bf16,128,256,16,2,256,149,0,discard,same,2,2,2,1,nocount,sw128,sw128,16,16,16,0,512,0,256,none,1,none,0,4,20,648045.0,411.45714285714286,,,,,12288,,26.09607932782446,,,0,0.0,1,bf14b28d2af4128daa99f23eec8a5e105636d0b04136f8be580fdc39d6f1f97d,legal_ring; UTCHMMA=21;UTCHMMA_WS=16;UTCBAR=1;UTCATOMSWS=3;SYNCS_TRYWAIT=8;LDS=21;LDG=9;ptx_tcgen05_mma=21;ptx_tcgen05_mma_ws=16;ptx_tcgen05_commit=1;ptx_tcgen05_alloc=1;ptx_tcgen05_dealloc=1;ptx_tcgen05_ld=5;ptx_tcgen05_st=5;ptx_mbarrier_wait=5;ptx_cp_async_tma=2;ptx_ld_shared=26;ptx_ld_global=7
02_latency_throughput,lat_bf16_m128n256k16_legal_ring_in1_q2,1,,NVIDIA Thor,11.0,580.00,13.0,PTX ISA 9.3 / CUDA 13.0,1575.000,,,,bf16,128,256,16,2,256,149,1,discard,same,2,2,2,1,nocount,sw128,sw128,16,16,16,0,512,0,256,none,1,none,0,4,20,648038.0,411.4526984126984,,,,,12288,,26.096361213385634,,,0,0.0,1,bf14b28d2af4128daa99f23eec8a5e105636d0b04136f8be580fdc39d6f1f97d,legal_ring
02_latency_throughput,lat_bf16_m128n256k16_legal_ring_in1_q2,1,,NVIDIA Thor,11.0,580.00,13.0,PTX ISA 9.3 / CUDA 13.0,1575.000,,,,bf16,128,256,16,2,256,149,2,discard,same,2,2,2,1,nocount,sw128,sw128,16,16,16,0,512,0,256,none,1,none,0,4,20,648048.0,411.4590476190476,,,,,12288,,26.095958521590994,,,0,0.0,1,bf14b28d2af4128daa99f23eec8a5e105636d0b04136f8be580fdc39d6f1f97d,legal_ring
02_latency_throughput,lat_bf16_m128n256k16_legal_ring_in1_q2,1,,NVIDIA Thor,11.0,580.00,13.0,PTX ISA 9.3 / CUDA 13.0,1575.000,,,,bf16,128,256,16,2,256,149,3,discard,same,2,2,2,1,nocount,sw128,sw128,16,16,16,0,512,0,256,none,1,none,0,4,20,648043.0,411.455873015873,,,,,12288,,26.096159865934823,,,0,0.0,1,bf14b28d2af4128daa99f23eec8a5e105636d0b04136f8be580fdc39d6f1f97d,legal_ring
02_latency_throughput,lat_bf16_m128n256k16_legal_ring_in1_q2,1,,NVIDIA Thor,11.0,580.00,13.0,PTX ISA 9.3 / CUDA 13.0,1575.000,,,,bf16,128,256,16,2,256,149,4,discard,same,2,2,2,1,nocount,sw128,sw128,16,16,16,0,512,0,256,none,1,none,0,4,20,648047.0,411.4584126984127,,,,,12288,,26.095998790211205,,,0,0.0,1,bf14b28d2af4128daa99f23eec8a5e105636d0b04136f8be580fdc39d6f1f97d,legal_ring
02_latency_throughput,lat_fp16_m128n256k16_legal_ring_in0_q32,1,,NVIDIA Thor,11.0,580.00,13.0,PTX ISA 9.3 / CUDA 13.0,1575.000,,,,fp16,128,256,16,32,16,150,0,discard,same,2,2,32,1,nocount,sw128,sw128,16,16,16,0,512,0,256,none,0,none,0,4,20,460084.0,292.1168253968254,,,,,12288,,36.75727416732596,,,0,0.0,1,bf14b28d2af4128daa99f23eec8a5e105636d0b04136f8be580fdc39d6f1f97d,legal_ring; UTCHMMA=21;UTCHMMA_WS=16;UTCBAR=1;UTCATOMSWS=3;SYNCS_TRYWAIT=8;LDS=21;LDG=9;ptx_tcgen05_mma=21;ptx_tcgen05_mma_ws=16;ptx_tcgen05_commit=1;ptx_tcgen05_alloc=1;ptx_tcgen05_dealloc=1;ptx_tcgen05_ld=5;ptx_tcgen05_st=5;ptx_mbarrier_wait=5;ptx_cp_async_tma=2;ptx_ld_shared=26;ptx_ld_global=7
02_latency_throughput,lat_fp16_m128n256k16_legal_ring_in0_q32,1,,NVIDIA Thor,11.0,580.00,13.0,PTX ISA 9.3 / CUDA 13.0,1575.000,,,,fp16,128,256,16,32,16,150,1,discard,same,2,2,32,1,nocount,sw128,sw128,16,16,16,0,512,0,256,none,0,none,0,4,20,460086.0,292.11809523809524,,,,,12288,,36.75711438296318,,,0,0.0,1,bf14b28d2af4128daa99f23eec8a5e105636d0b04136f8be580fdc39d6f1f97d,legal_ring
02_latency_throughput,lat_fp16_m128n256k16_legal_ring_in0_q32,1,,NVIDIA Thor,11.0,580.00,13.0,PTX ISA 9.3 / CUDA 13.0,1575.000,,,,fp16,128,256,16,32,16,150,2,discard,same,2,2,32,1,nocount,sw128,sw128,16,16,16,0,512,0,256,none,0,none,0,4,20,460086.0,292.11809523809524,,,,,12288,,36.75711438296318,,,0,0.0,1,bf14b28d2af4128daa99f23eec8a5e105636d0b04136f8be580fdc39d6f1f97d,legal_ring
02_latency_throughput,lat_fp16_m128n256k16_legal_ring_in0_q32,1,,NVIDIA Thor,11.0,580.00,13.0,PTX ISA 9.3 / CUDA 13.0,1575.000,,,,fp16,128,256,16,32,16,150,3,discard,same,2,2,32,1,nocount,sw128,sw128,16,16,16,0,512,0,256,none,0,none,0,4,20,460085.0,292.1174603174603,,,,,12288,,36.75719427497093,,,0,0.0,1,bf14b28d2af4128daa99f23eec8a5e105636d0b04136f8be580fdc39d6f1f97d,legal_ring
02_latency_throughput,lat_fp16_m128n256k16_legal_ring_in0_q32,1,,NVIDIA Thor,11.0,580.00,13.0,PTX ISA 9.3 / CUDA 13.0,1575.000,,,,fp16,128,256,16,32,16,150,4,discard,same,2,2,32,1,nocount,sw128,sw128,16,16,16,0,512,0,256,none,0,none,0,4,20,460085.0,292.1174603174603,,,,,12288,,36.75719427497093,,,0,0.0,1,bf14b28d2af4128daa99f23eec8a5e105636d0b04136f8be580fdc39d6f1f97d,legal_ring
02_latency_throughput,lat_fp16_m128n128k16_legal_ring_in1_q24,1,,NVIDIA Thor,11.0,580.00,13.0,PTX ISA 9.3 / CUDA 13.0,1575.000,,,,fp16,128,128,16,24,21,151,0,discard,same,4,4,24,1,nocount,sw128,sw128,16,16,16,0,512,0,128,none,1,none,0,4,20,457119.0,290.2342857142857,,,,,8192,,18.208817152645153,,,0,0.0,1,bf14b28d2af4128daa99f23eec8a5e105636d0b04136f8be580fdc39d6f1f97d,legal_ring; UTCHMMA=21;UTCHMMA_WS=16;UTCBAR=1;UTCATOMSWS=3;SYNCS_TRYWAIT=8;LDS=21;LDG=9;ptx_tcgen05_mma=21;ptx_tcgen05_mma_ws=16;ptx_tcgen05_commit=1;ptx_tcgen05_alloc=1;ptx_tcgen05_dealloc=1;ptx_tcgen05_ld=5;ptx_tcgen05_st=5;ptx_mbarrier_wait=5;ptx_cp_async_tma=2;ptx_ld_shared=26;ptx_ld_global=7
02_latency_throughput,lat_fp16_m128n128k16_legal_ring_in1_q24,1,,NVIDIA Thor,11.0,580.00,13.0,PTX ISA 9.3 / CUDA 13.0,1575.000,,,,fp16,128,128,16,24,21,151,1,discard,same,4,4,24,1,nocount,sw128,sw128,16,16,16,0,512,0,128,none,1,none,0,4,20,457114.0,290.2311111111111,,,,,8192,,18.209016324155463,,,0,0.0,1,bf14b28d2af4128daa99f23eec8a5e105636d0b04136f8be580fdc39d6f1f97d,legal_ring
02_latency_throughput,lat_fp16_m128n128k16_legal_ring_in1_q24,1,,NVIDIA Thor,11.0,580.00,13.0,PTX ISA 9.3 / CUDA 13.0,1575.000,,,,fp16,128,128,16,24,21,151,2,discard,same,4,4,24,1,nocount,sw128,sw128,16,16,16,0,512,0,128,none,1,none,0,4,20,457118.0,290.2336507936508,,,,,8192,,18.208856986598647,,,0,0.0,1,bf14b28d2af4128daa99f23eec8a5e105636d0b04136f8be580fdc39d6f1f97d,legal_ring
02_latency_throughput,lat_fp16_m128n128k16_legal_ring_in1_q24,1,,NVIDIA Thor,11.0,580.00,13.0,PTX ISA 9.3 / CUDA 13.0,1575.000,,,,fp16,128,128,16,24,21,151,3,discard,same,4,4,24,1,nocount,sw128,sw128,16,16,16,0,512,0,128,none,1,none,0,4,20,457111.0,290.2292063492064,,,,,8192,,18.209135829153094,,,0,0.0,1,bf14b28d2af4128daa99f23eec8a5e105636d0b04136f8be580fdc39d6f1f97d,legal_ring
02_latency_throughput,lat_fp16_m128n128k16_legal_ring_in1_q24,1,,NVIDIA Thor,11.0,580.00,13.0,PTX ISA 9.3 / CUDA 13.0,1575.000,,,,fp16,128,128,16,24,21,151,4,discard,same,4,4,24,1,nocount,sw128,sw128,16,16,16,0,512,0,128,none,1,none,0,4,20,457111.0,290.2292063492064,,,,,8192,,18.209135829153094,,,0,0.0,1,bf14b28d2af4128daa99f23eec8a5e105636d0b04136f8be580fdc39d6f1f97d,legal_ring
02_latency_throughput,lat_fp16_m128n128k16_same_d_in0_q6,1,,NVIDIA Thor,11.0,580.00,13.0,PTX ISA 9.3 / CUDA 13.0,1575.000,,,,fp16,128,128,16,6,85,152,0,discard,same,1,1,6,1,nocount,sw128,sw128,16,16,16,0,512,0,0,none,0,none,0,4,20,450700.0,286.1587301587301,,,,,8192,,18.688011360106504,,,0,0.0,1,bf14b28d2af4128daa99f23eec8a5e105636d0b04136f8be580fdc39d6f1f97d,same_d; UTCHMMA=21;UTCHMMA_WS=16;UTCBAR=1;UTCATOMSWS=3;SYNCS_TRYWAIT=8;LDS=21;LDG=9;ptx_tcgen05_mma=21;ptx_tcgen05_mma_ws=16;ptx_tcgen05_commit=1;ptx_tcgen05_alloc=1;ptx_tcgen05_dealloc=1;ptx_tcgen05_ld=5;ptx_tcgen05_st=5;ptx_mbarrier_wait=5;ptx_cp_async_tma=2;ptx_ld_shared=26;ptx_ld_global=7
02_latency_throughput,lat_fp16_m128n128k16_same_d_in0_q6,1,,NVIDIA Thor,11.0,580.00,13.0,PTX ISA 9.3 / CUDA 13.0,1575.000,,,,fp16,128,128,16,6,85,152,1,discard,same,1,1,6,1,nocount,sw128,sw128,16,16,16,0,512,0,0,none,0,none,0,4,20,450692.0,286.1536507936508,,,,,8192,,18.688343081306083,,,0,0.0,1,bf14b28d2af4128daa99f23eec8a5e105636d0b04136f8be580fdc39d6f1f97d,same_d
02_latency_throughput,lat_fp16_m128n128k16_same_d_in0_q6,1,,NVIDIA Thor,11.0,580.00,13.0,PTX ISA 9.3 / CUDA 13.0,1575.000,,,,fp16,128,128,16,6,85,152,2,discard,same,1,1,6,1,nocount,sw128,sw128,16,16,16,0,512,0,0,none,0,none,0,4,20,450698.0,286.1574603174603,,,,,8192,,18.68809428930237,,,0,0.0,1,bf14b28d2af4128daa99f23eec8a5e105636d0b04136f8be580fdc39d6f1f97d,same_d
02_latency_throughput,lat_fp16_m128n128k16_same_d_in0_q6,1,,NVIDIA Thor,11.0,580.00,13.0,PTX ISA 9.3 / CUDA 13.0,1575.000,,,,fp16,128,128,16,6,85,152,3,discard,same,1,1,6,1,nocount,sw128,sw128,16,16,16,0,512,0,0,none,0,none,0,4,20,450693.0,286.1542857142857,,,,,8192,,18.68830161551211,,,0,0.0,1,bf14b28d2af4128daa99f23eec8a5e105636d0b04136f8be580fdc39d6f1f97d,same_d
02_latency_throughput,lat_fp16_m128n128k16_same_d_in0_q6,1,,NVIDIA Thor,11.0,580.00,13.0,PTX ISA 9.3 / CUDA 13.0,1575.000,,,,fp16,128,128,16,6,85,152,4,discard,same,1,1,6,1,nocount,sw128,sw128,16,16,16,0,512,0,0,none,0,none,0,4,20,450693.0,286.1542857142857,,,,,8192,,18.68830161551211,,,0,0.0,1,bf14b28d2af4128daa99f23eec8a5e105636d0b04136f8be580fdc39d6f1f97d,same_d
02_latency_throughput,lat_bf16_m128n256k16_legal_ring_in1_q24,1,,NVIDIA Thor,11.0,580.00,13.0,PTX ISA 9.3 / CUDA 13.0,1575.000,,,,bf16,128,256,16,24,21,153,0,discard,same,2,2,24,1,nocount,sw128,sw128,16,16,16,0,512,0,256,none,1,none,0,4,20,457066.0,290.2006349206349,,,,,12288,,36.42185718473919,,,0,0.0,1,bf14b28d2af4128daa99f23eec8a5e105636d0b04136f8be580fdc39d6f1f97d,legal_ring; UTCHMMA=21;UTCHMMA_WS=16;UTCBAR=1;UTCATOMSWS=3;SYNCS_TRYWAIT=8;LDS=21;LDG=9;ptx_tcgen05_mma=21;ptx_tcgen05_mma_ws=16;ptx_tcgen05_commit=1;ptx_tcgen05_alloc=1;ptx_tcgen05_dealloc=1;ptx_tcgen05_ld=5;ptx_tcgen05_st=5;ptx_mbarrier_wait=5;ptx_cp_async_tma=2;ptx_ld_shared=26;ptx_ld_global=7
02_latency_throughput,lat_bf16_m128n256k16_legal_ring_in1_q24,1,,NVIDIA Thor,11.0,580.00,13.0,PTX ISA 9.3 / CUDA 13.0,1575.000,,,,bf16,128,256,16,24,21,153,1,discard,same,2,2,24,1,nocount,sw128,sw128,16,16,16,0,512,0,256,none,1,none,0,4,20,457075.0,290.2063492063492,,,,,12288,,36.42114002297215,,,0,0.0,1,bf14b28d2af4128daa99f23eec8a5e105636d0b04136f8be580fdc39d6f1f97d,legal_ring
02_latency_throughput,lat_bf16_m128n256k16_legal_ring_in1_q24,1,,NVIDIA Thor,11.0,580.00,13.0,PTX ISA 9.3 / CUDA 13.0,1575.000,,,,bf16,128,256,16,24,21,153,2,discard,same,2,2,24,1,nocount,sw128,sw128,16,16,16,0,512,0,256,none,1,none,0,4,20,457068.0,290.20190476190476,,,,,12288,,36.421697813016884,,,0,0.0,1,bf14b28d2af4128daa99f23eec8a5e105636d0b04136f8be580fdc39d6f1f97d,legal_ring
02_latency_throughput,lat_bf16_m128n256k16_legal_ring_in1_q24,1,,NVIDIA Thor,11.0,580.00,13.0,PTX ISA 9.3 / CUDA 13.0,1575.000,,,,bf16,128,256,16,24,21,153,3,discard,same,2,2,24,1,nocount,sw128,sw128,16,16,16,0,512,0,256,none,1,none,0,4,20,457082.0,290.2107936507936,,,,,12288,,36.42058225001204,,,0,0.0,1,bf14b28d2af4128daa99f23eec8a5e105636d0b04136f8be580fdc39d6f1f97d,legal_ring
02_latency_throughput,lat_bf16_m128n256k16_legal_ring_in1_q24,1,,NVIDIA Thor,11.0,580.00,13.0,PTX ISA 9.3 / CUDA 13.0,1575.000,,,,bf16,128,256,16,24,21,153,4,discard,same,2,2,24,1,nocount,sw128,sw128,16,16,16,0,512,0,256,none,1,none,0,4,20,457070.0,290.2031746031746,,,,,12288,,36.421538442689304,,,0,0.0,1,bf14b28d2af4128daa99f23eec8a5e105636d0b04136f8be580fdc39d6f1f97d,legal_ring
02_latency_throughput,lat_bf16_m128n128k16_legal_ring_in0_q1,1,,NVIDIA Thor,11.0,580.00,13.0,PTX ISA 9.3 / CUDA 13.0,1575.000,,,,bf16,128,128,16,1,512,154,0,discard,same,4,4,1,1,nocount,sw128,sw128,16,16,16,0,512,0,128,none,0,none,0,4,20,841073.0,534.0146031746033,,,,,8192,,10.053487466605157,,,0,0.0,1,bf14b28d2af4128daa99f23eec8a5e105636d0b04136f8be580fdc39d6f1f97d,legal_ring; UTCHMMA=21;UTCHMMA_WS=16;UTCBAR=1;UTCATOMSWS=3;SYNCS_TRYWAIT=8;LDS=21;LDG=9;ptx_tcgen05_mma=21;ptx_tcgen05_mma_ws=16;ptx_tcgen05_commit=1;ptx_tcgen05_alloc=1;ptx_tcgen05_dealloc=1;ptx_tcgen05_ld=5;ptx_tcgen05_st=5;ptx_mbarrier_wait=5;ptx_cp_async_tma=2;ptx_ld_shared=26;ptx_ld_global=7
02_latency_throughput,lat_bf16_m128n128k16_legal_ring_in0_q1,1,,NVIDIA Thor,11.0,580.00,13.0,PTX ISA 9.3 / CUDA 13.0,1575.000,,,,bf16,128,128,16,1,512,154,1,discard,same,4,4,1,1,nocount,sw128,sw128,16,16,16,0,512,0,128,none,0,none,0,4,20,841077.0,534.0171428571429,,,,,8192,,10.053439654157703,,,0,0.0,1,bf14b28d2af4128daa99f23eec8a5e105636d0b04136f8be580fdc39d6f1f97d,legal_ring
02_latency_throughput,lat_bf16_m128n128k16_legal_ring_in0_q1,1,,NVIDIA Thor,11.0,580.00,13.0,PTX ISA 9.3 / CUDA 13.0,1575.000,,,,bf16,128,128,16,1,512,154,2,discard,same,4,4,1,1,nocount,sw128,sw128,16,16,16,0,512,0,128,none,0,none,0,4,20,841329.0,534.1771428571428,,,,,8192,,10.050428386517046,,,0,0.0,1,bf14b28d2af4128daa99f23eec8a5e105636d0b04136f8be580fdc39d6f1f97d,legal_ring
02_latency_throughput,lat_bf16_m128n128k16_legal_ring_in0_q1,1,,NVIDIA Thor,11.0,580.00,13.0,PTX ISA 9.3 / CUDA 13.0,1575.000,,,,bf16,128,128,16,1,512,154,3,discard,same,4,4,1,1,nocount,sw128,sw128,16,16,16,0,512,0,128,none,0,none,0,4,20,841076.0,534.016507936508,,,,,8192,,10.053451607226934,,,0,0.0,1,bf14b28d2af4128daa99f23eec8a5e105636d0b04136f8be580fdc39d6f1f97d,legal_ring
02_latency_throughput,lat_bf16_m128n128k16_legal_ring_in0_q1,1,,NVIDIA Thor,11.0,580.00,13.0,PTX ISA 9.3 / CUDA 13.0,1575.000,,,,bf16,128,128,16,1,512,154,4,discard,same,4,4,1,1,nocount,sw128,sw128,16,16,16,0,512,0,128,none,0,none,0,4,20,841329.0,534.1771428571428,,,,,8192,,10.050428386517046,,,0,0.0,1,bf14b28d2af4128daa99f23eec8a5e105636d0b04136f8be580fdc39d6f1f97d,legal_ring
02_latency_throughput,lat_bf16_m128n128k16_same_d_in1_q24,1,,NVIDIA Thor,11.0,580.00,13.0,PTX ISA 9.3 / CUDA 13.0,1575.000,,,,bf16,128,128,16,24,21,155,0,discard,same,1,1,24,1,nocount,sw128,sw128,16,16,16,0,512,0,0,none,1,none,0,4,20,395911.0,251.37206349206346,,,,,8192,,21.023907615600475,,,0,0.0,1,bf14b28d2af4128daa99f23eec8a5e105636d0b04136f8be580fdc39d6f1f97d,same_d; UTCHMMA=21;UTCHMMA_WS=16;UTCBAR=1;UTCATOMSWS=3;SYNCS_TRYWAIT=8;LDS=21;LDG=9;ptx_tcgen05_mma=21;ptx_tcgen05_mma_ws=16;ptx_tcgen05_commit=1;ptx_tcgen05_alloc=1;ptx_tcgen05_dealloc=1;ptx_tcgen05_ld=5;ptx_tcgen05_st=5;ptx_mbarrier_wait=5;ptx_cp_async_tma=2;ptx_ld_shared=26;ptx_ld_global=7
02_latency_throughput,lat_bf16_m128n128k16_same_d_in1_q24,1,,NVIDIA Thor,11.0,580.00,13.0,PTX ISA 9.3 / CUDA 13.0,1575.000,,,,bf16,128,128,16,24,21,155,1,discard,same,1,1,24,1,nocount,sw128,sw128,16,16,16,0,512,0,0,none,1,none,0,4,20,395915.0,251.37460317460315,,,,,8192,,21.023695207304602,,,0,0.0,1,bf14b28d2af4128daa99f23eec8a5e105636d0b04136f8be580fdc39d6f1f97d,same_d
02_latency_throughput,lat_bf16_m128n128k16_same_d_in1_q24,1,,NVIDIA Thor,11.0,580.00,13.0,PTX ISA 9.3 / CUDA 13.0,1575.000,,,,bf16,128,128,16,24,21,155,2,discard,same,1,1,24,1,nocount,sw128,sw128,16,16,16,0,512,0,0,none,1,none,0,4,20,395957.0,251.40126984126982,,,,,8192,,21.021465179299774,,,0,0.0,1,bf14b28d2af4128daa99f23eec8a5e105636d0b04136f8be580fdc39d6f1f97d,same_d
02_latency_throughput,lat_bf16_m128n128k16_same_d_in1_q24,1,,NVIDIA Thor,11.0,580.00,13.0,PTX ISA 9.3 / CUDA 13.0,1575.000,,,,bf16,128,128,16,24,21,155,3,discard,same,1,1,24,1,nocount,sw128,sw128,16,16,16,0,512,0,0,none,1,none,0,4,20,395909.0,251.37079365079364,,,,,8192,,21.02401382135794,,,0,0.0,1,bf14b28d2af4128daa99f23eec8a5e105636d0b04136f8be580fdc39d6f1f97d,same_d
02_latency_throughput,lat_bf16_m128n128k16_same_d_in1_q24,1,,NVIDIA Thor,11.0,580.00,13.0,PTX ISA 9.3 / CUDA 13.0,1575.000,,,,bf16,128,128,16,24,21,155,4,discard,same,1,1,24,1,nocount,sw128,sw128,16,16,16,0,512,0,0,none,1,none,0,4,20,395912.0,251.3726984126984,,,,,8192,,21.023854513124128,,,0,0.0,1,bf14b28d2af4128daa99f23eec8a5e105636d0b04136f8be580fdc39d6f1f97d,same_d
02_latency_throughput,lat_bf16_m128n256k16_legal_ring_in1_q4,1,,NVIDIA Thor,11.0,580.00,13.0,PTX ISA 9.3 / CUDA 13.0,1575.000,,,,bf16,128,256,16,4,128,156,0,discard,same,2,2,4,1,nocount,sw128,sw128,16,16,16,0,512,0,256,none,1,none,0,4,20,547820.0,347.8222222222222,,,,,12288,,30.87042044467161,,,0,0.0,1,bf14b28d2af4128daa99f23eec8a5e105636d0b04136f8be580fdc39d6f1f97d,legal_ring; UTCHMMA=21;UTCHMMA_WS=16;UTCBAR=1;UTCATOMSWS=3;SYNCS_TRYWAIT=8;LDS=21;LDG=9;ptx_tcgen05_mma=21;ptx_tcgen05_mma_ws=16;ptx_tcgen05_commit=1;ptx_tcgen05_alloc=1;ptx_tcgen05_dealloc=1;ptx_tcgen05_ld=5;ptx_tcgen05_st=5;ptx_mbarrier_wait=5;ptx_cp_async_tma=2;ptx_ld_shared=26;ptx_ld_global=7
02_latency_throughput,lat_bf16_m128n256k16_legal_ring_in1_q4,1,,NVIDIA Thor,11.0,580.00,13.0,PTX ISA 9.3 / CUDA 13.0,1575.000,,,,bf16,128,256,16,4,128,156,1,discard,same,2,2,4,1,nocount,sw128,sw128,16,16,16,0,512,0,256,none,1,none,0,4,20,547816.0,347.8196825396825,,,,,12288,,30.87064585189188,,,0,0.0,1,bf14b28d2af4128daa99f23eec8a5e105636d0b04136f8be580fdc39d6f1f97d,legal_ring
02_latency_throughput,lat_bf16_m128n256k16_legal_ring_in1_q4,1,,NVIDIA Thor,11.0,580.00,13.0,PTX ISA 9.3 / CUDA 13.0,1575.000,,,,bf16,128,256,16,4,128,156,2,discard,same,2,2,4,1,nocount,sw128,sw128,16,16,16,0,512,0,256,none,1,none,0,4,20,547817.0,347.8203174603175,,,,,12288,,30.870589499778212,,,0,0.0,1,bf14b28d2af4128daa99f23eec8a5e105636d0b04136f8be580fdc39d6f1f97d,legal_ring
02_latency_throughput,lat_bf16_m128n256k16_legal_ring_in1_q4,1,,NVIDIA Thor,11.0,580.00,13.0,PTX ISA 9.3 / CUDA 13.0,1575.000,,,,bf16,128,256,16,4,128,156,3,discard,same,2,2,4,1,nocount,sw128,sw128,16,16,16,0,512,0,256,none,1,none,0,4,20,547819.0,347.82158730158733,,,,,12288,,30.870476796168077,,,0,0.0,1,bf14b28d2af4128daa99f23eec8a5e105636d0b04136f8be580fdc39d6f1f97d,legal_ring
02_latency_throughput,lat_bf16_m128n256k16_legal_ring_in1_q4,1,,NVIDIA Thor,11.0,580.00,13.0,PTX ISA 9.3 / CUDA 13.0,1575.000,,,,bf16,128,256,16,4,128,156,4,discard,same,2,2,4,1,nocount,sw128,sw128,16,16,16,0,512,0,256,none,1,none,0,4,20,547821.0,347.8228571428571,,,,,12288,,30.870364093380868,,,0,0.0,1,bf14b28d2af4128daa99f23eec8a5e105636d0b04136f8be580fdc39d6f1f97d,legal_ring
02_latency_throughput,lat_fp16_m128n128k16_same_d_in1_q1,1,,NVIDIA Thor,11.0,580.00,13.0,PTX ISA 9.3 / CUDA 13.0,1575.000,,,,fp16,128,128,16,1,512,157,0,discard,same,1,1,1,1,nocount,sw128,sw128,16,16,16,0,512,0,0,none,1,none,0,4,20,779123.0,494.68126984126985,,,,,8192,,10.852865162496807,,,0,0.0,1,bf14b28d2af4128daa99f23eec8a5e105636d0b04136f8be580fdc39d6f1f97d,same_d; UTCHMMA=21;UTCHMMA_WS=16;UTCBAR=1;UTCATOMSWS=3;SYNCS_TRYWAIT=8;LDS=21;LDG=9;ptx_tcgen05_mma=21;ptx_tcgen05_mma_ws=16;ptx_tcgen05_commit=1;ptx_tcgen05_alloc=1;ptx_tcgen05_dealloc=1;ptx_tcgen05_ld=5;ptx_tcgen05_st=5;ptx_mbarrier_wait=5;ptx_cp_async_tma=2;ptx_ld_shared=26;ptx_ld_global=7
02_latency_throughput,lat_fp16_m128n128k16_same_d_in1_q1,1,,NVIDIA Thor,11.0,580.00,13.0,PTX ISA 9.3 / CUDA 13.0,1575.000,,,,fp16,128,128,16,1,512,157,1,discard,same,1,1,1,1,nocount,sw128,sw128,16,16,16,0,512,0,0,none,1,none,0,4,20,779123.0,494.68126984126985,,,,,8192,,10.852865162496807,,,0,0.0,1,bf14b28d2af4128daa99f23eec8a5e105636d0b04136f8be580fdc39d6f1f97d,same_d
02_latency_throughput,lat_fp16_m128n128k16_same_d_in1_q1,1,,NVIDIA Thor,11.0,580.00,13.0,PTX ISA 9.3 / CUDA 13.0,1575.000,,,,fp16,128,128,16,1,512,157,2,discard,same,1,1,1,1,nocount,sw128,sw128,16,16,16,0,512,0,0,none,1,none,0,4,20,779122.0,494.6806349206349,,,,,8192,,10.852879092106244,,,0,0.0,1,bf14b28d2af4128daa99f23eec8a5e105636d0b04136f8be580fdc39d6f1f97d,same_d
02_latency_throughput,lat_fp16_m128n128k16_same_d_in1_q1,1,,NVIDIA Thor,11.0,580.00,13.0,PTX ISA 9.3 / CUDA 13.0,1575.000,,,,fp16,128,128,16,1,512,157,3,discard,same,1,1,1,1,nocount,sw128,sw128,16,16,16,0,512,0,0,none,1,none,0,4,20,779124.0,494.6819047619048,,,,,8192,,10.852851232923129,,,0,0.0,1,bf14b28d2af4128daa99f23eec8a5e105636d0b04136f8be580fdc39d6f1f97d,same_d
02_latency_throughput,lat_fp16_m128n128k16_same_d_in1_q1,1,,NVIDIA Thor,11.0,580.00,13.0,PTX ISA 9.3 / CUDA 13.0,1575.000,,,,fp16,128,128,16,1,512,157,4,discard,same,1,1,1,1,nocount,sw128,sw128,16,16,16,0,512,0,0,none,1,none,0,4,20,779122.0,494.6806349206349,,,,,8192,,10.852879092106244,,,0,0.0,1,bf14b28d2af4128daa99f23eec8a5e105636d0b04136f8be580fdc39d6f1f97d,same_d
02_latency_throughput,lat_fp16_m128n256k16_legal_ring_in0_q3,1,,NVIDIA Thor,11.0,580.00,13.0,PTX ISA 9.3 / CUDA 13.0,1575.000,,,,fp16,128,256,16,3,170,158,0,discard,same,2,2,3,1,nocount,sw128,sw128,16,16,16,0,512,0,256,none,0,none,0,4,20,578902.0,367.5568253968254,,,,,12288,,29.098834414115,,,0,0.0,1,bf14b28d2af4128daa99f23eec8a5e105636d0b04136f8be580fdc39d6f1f97d,legal_ring; UTCHMMA=21;UTCHMMA_WS=16;UTCBAR=1;UTCATOMSWS=3;SYNCS_TRYWAIT=8;LDS=21;LDG=9;ptx_tcgen05_mma=21;ptx_tcgen05_mma_ws=16;ptx_tcgen05_commit=1;ptx_tcgen05_alloc=1;ptx_tcgen05_dealloc=1;ptx_tcgen05_ld=5;ptx_tcgen05_st=5;ptx_mbarrier_wait=5;ptx_cp_async_tma=2;ptx_ld_shared=26;ptx_ld_global=7
02_latency_throughput,lat_fp16_m128n256k16_legal_ring_in0_q3,1,,NVIDIA Thor,11.0,580.00,13.0,PTX ISA 9.3 / CUDA 13.0,1575.000,,,,fp16,128,256,16,3,170,158,1,discard,same,2,2,3,1,nocount,sw128,sw128,16,16,16,0,512,0,256,none,0,none,0,4,20,578875.0,367.53968253968253,,,,,12288,,29.10019164759231,,,0,0.0,1,bf14b28d2af4128daa99f23eec8a5e105636d0b04136f8be580fdc39d6f1f97d,legal_ring
02_latency_throughput,lat_fp16_m128n256k16_legal_ring_in0_q3,1,,NVIDIA Thor,11.0,580.00,13.0,PTX ISA 9.3 / CUDA 13.0,1575.000,,,,fp16,128,256,16,3,170,158,2,discard,same,2,2,3,1,nocount,sw128,sw128,16,16,16,0,512,0,256,none,0,none,0,4,20,578873.0,367.5384126984127,,,,,12288,,29.100292188442022,,,0,0.0,1,bf14b28d2af4128daa99f23eec8a5e105636d0b04136f8be580fdc39d6f1f97d,legal_ring
02_latency_throughput,lat_fp16_m128n256k16_legal_ring_in0_q3,1,,NVIDIA Thor,11.0,580.00,13.0,PTX ISA 9.3 / CUDA 13.0,1575.000,,,,fp16,128,256,16,3,170,158,3,discard,same,2,2,3,1,nocount,sw128,sw128,16,16,16,0,512,0,256,none,0,none,0,4,20,578873.0,367.5384126984127,,,,,12288,,29.100292188442022,,,0,0.0,1,bf14b28d2af4128daa99f23eec8a5e105636d0b04136f8be580fdc39d6f1f97d,legal_ring
02_latency_throughput,lat_fp16_m128n256k16_legal_ring_in0_q3,1,,NVIDIA Thor,11.0,580.00,13.0,PTX ISA 9.3 / CUDA 13.0,1575.000,,,,fp16,128,256,16,3,170,158,4,discard,same,2,2,3,1,nocount,sw128,sw128,16,16,16,0,512,0,256,none,0,none,0,4,20,578872.0,367.53777777777776,,,,,12288,,29.100342459127408,,,0,0.0,1,bf14b28d2af4128daa99f23eec8a5e105636d0b04136f8be580fdc39d6f1f97d,legal_ring
02_latency_throughput,lat_bf16_m128n128k16_same_d_in1_q32,1,,NVIDIA Thor,11.0,580.00,13.0,PTX ISA 9.3 / CUDA 13.0,1575.000,,,,bf16,128,128,16,32,16,159,0,discard,same,1,1,32,1,nocount,sw128,sw128,16,16,16,0,512,0,0,none,1,none,0,4,20,397952.0,252.6679365079365,,,,,8192,,21.248082341588933,,,0,0.0,1,bf14b28d2af4128daa99f23eec8a5e105636d0b04136f8be580fdc39d6f1f97d,same_d; UTCHMMA=21;UTCHMMA_WS=16;UTCBAR=1;UTCATOMSWS=3;SYNCS_TRYWAIT=8;LDS=21;LDG=9;ptx_tcgen05_mma=21;ptx_tcgen05_mma_ws=16;ptx_tcgen05_commit=1;ptx_tcgen05_alloc=1;ptx_tcgen05_dealloc=1;ptx_tcgen05_ld=5;ptx_tcgen05_st=5;ptx_mbarrier_wait=5;ptx_cp_async_tma=2;ptx_ld_shared=26;ptx_ld_global=7
02_latency_throughput,lat_bf16_m128n128k16_same_d_in1_q32,1,,NVIDIA Thor,11.0,580.00,13.0,PTX ISA 9.3 / CUDA 13.0,1575.000,,,,bf16,128,128,16,32,16,159,1,discard,same,1,1,32,1,nocount,sw128,sw128,16,16,16,0,512,0,0,none,1,none,0,4,20,397955.0,252.6698412698413,,,,,8192,,21.247922162053495,,,0,0.0,1,bf14b28d2af4128daa99f23eec8a5e105636d0b04136f8be580fdc39d6f1f97d,same_d
02_latency_throughput,lat_bf16_m128n128k16_same_d_in1_q32,1,,NVIDIA Thor,11.0,580.00,13.0,PTX ISA 9.3 / CUDA 13.0,1575.000,,,,bf16,128,128,16,32,16,159,2,discard,same,1,1,32,1,nocount,sw128,sw128,16,16,16,0,512,0,0,none,1,none,0,4,20,397952.0,252.6679365079365,,,,,8192,,21.248082341588933,,,0,0.0,1,bf14b28d2af4128daa99f23eec8a5e105636d0b04136f8be580fdc39d6f1f97d,same_d
02_latency_throughput,lat_bf16_m128n128k16_same_d_in1_q32,1,,NVIDIA Thor,11.0,580.00,13.0,PTX ISA 9.3 / CUDA 13.0,1575.000,,,,bf16,128,128,16,32,16,159,3,discard,same,1,1,32,1,nocount,sw128,sw128,16,16,16,0,512,0,0,none,1,none,0,4,20,397953.0,252.66857142857145,,,,,8192,,21.248028948142114,,,0,0.0,1,bf14b28d2af4128daa99f23eec8a5e105636d0b04136f8be580fdc39d6f1f97d,same_d
02_latency_throughput,lat_bf16_m128n128k16_same_d_in1_q32,1,,NVIDIA Thor,11.0,580.00,13.0,PTX ISA 9.3 / CUDA 13.0,1575.000,,,,bf16,128,128,16,32,16,159,4,discard,same,1,1,32,1,nocount,sw128,sw128,16,16,16,0,512,0,0,none,1,none,0,4,20,397987.0,252.6901587301587,,,,,8192,,21.24621373059924,,,0,0.0,1,bf14b28d2af4128daa99f23eec8a5e105636d0b04136f8be580fdc39d6f1f97d,same_d
02_latency_throughput,lat_bf16_m128n128k16_same_d_in0_q4,1,,NVIDIA Thor,11.0,580.00,13.0,PTX ISA 9.3 / CUDA 13.0,1575.000,,,,bf16,128,128,16,4,128,160,0,discard,same,1,1,4,1,nocount,sw128,sw128,16,16,16,0,512,0,0,none,0,none,0,4,20,485742.0,308.40761904761905,,,,,8192,,17.40783556702941,,,0,0.0,1,bf14b28d2af4128daa99f23eec8a5e105636d0b04136f8be580fdc39d6f1f97d,same_d; UTCHMMA=21;UTCHMMA_WS=16;UTCBAR=1;UTCATOMSWS=3;SYNCS_TRYWAIT=8;LDS=21;LDG=9;ptx_tcgen05_mma=21;ptx_tcgen05_mma_ws=16;ptx_tcgen05_commit=1;ptx_tcgen05_alloc=1;ptx_tcgen05_dealloc=1;ptx_tcgen05_ld=5;ptx_tcgen05_st=5;ptx_mbarrier_wait=5;ptx_cp_async_tma=2;ptx_ld_shared=26;ptx_ld_global=7
02_latency_throughput,lat_bf16_m128n128k16_same_d_in0_q4,1,,NVIDIA Thor,11.0,580.00,13.0,PTX ISA 9.3 / CUDA 13.0,1575.000,,,,bf16,128,128,16,4,128,160,1,discard,same,1,1,4,1,nocount,sw128,sw128,16,16,16,0,512,0,0,none,0,none,0,4,20,485749.0,308.4120634920635,,,,,8192,,17.407584707328272,,,0,0.0,1,bf14b28d2af4128daa99f23eec8a5e105636d0b04136f8be580fdc39d6f1f97d,same_d
02_latency_throughput,lat_bf16_m128n128k16_same_d_in0_q4,1,,NVIDIA Thor,11.0,580.00,13.0,PTX ISA 9.3 / CUDA 13.0,1575.000,,,,bf16,128,128,16,4,128,160,2,discard,same,1,1,4,1,nocount,sw128,sw128,16,16,16,0,512,0,0,none,0,none,0,4,20,485748.0,308.4114285714286,,,,,8192,,17.407620543985768,,,0,0.0,1,bf14b28d2af4128daa99f23eec8a5e105636d0b04136f8be580fdc39d6f1f97d,same_d
02_latency_throughput,lat_bf16_m128n128k16_same_d_in0_q4,1,,NVIDIA Thor,11.0,580.00,13.0,PTX ISA 9.3 / CUDA 13.0,1575.000,,,,bf16,128,128,16,4,128,160,3,discard,same,1,1,4,1,nocount,sw128,sw128,16,16,16,0,512,0,0,none,0,none,0,4,20,485751.0,308.4133333333333,,,,,8192,,17.407513034455924,,,0,0.0,1,bf14b28d2af4128daa99f23eec8a5e105636d0b04136f8be580fdc39d6f1f97d,same_d
02_latency_throughput,lat_bf16_m128n128k16_same_d_in0_q4,1,,NVIDIA Thor,11.0,580.00,13.0,PTX ISA 9.3 / CUDA 13.0,1575.000,,,,bf16,128,128,16,4,128,160,4,discard,same,1,1,4,1,nocount,sw128,sw128,16,16,16,0,512,0,0,none,0,none,0,4,20,485755.0,308.415873015873,,,,,8192,,17.40736969048183,,,0,0.0,1,bf14b28d2af4128daa99f23eec8a5e105636d0b04136f8be580fdc39d6f1f97d,same_d
02_latency_throughput,lat_bf16_m128n64k16_same_d_in0_q2,1,,NVIDIA Thor,11.0,580.00,13.0,PTX ISA 9.3 / CUDA 13.0,1575.000,,,,bf16,128,64,16,2,256,161,0,discard,same,1,1,2,1,nocount,sw128,sw128,16,16,16,0,512,0,0,none,0,none,0,4,20,586100.0,372.12698412698415,,,,,6144,,7.213544500938406,,,0,0.0,1,bf14b28d2af4128daa99f23eec8a5e105636d0b04136f8be580fdc39d6f1f97d,same_d; UTCHMMA=21;UTCHMMA_WS=16;UTCBAR=1;UTCATOMSWS=3;SYNCS_TRYWAIT=8;LDS=21;LDG=9;ptx_tcgen05_mma=21;ptx_tcgen05_mma_ws=16;ptx_tcgen05_commit=1;ptx_tcgen05_alloc=1;ptx_tcgen05_dealloc=1;ptx_tcgen05_ld=5;ptx_tcgen05_st=5;ptx_mbarrier_wait=5;ptx_cp_async_tma=2;ptx_ld_shared=26;ptx_ld_global=7
02_latency_throughput,lat_bf16_m128n64k16_same_d_in0_q2,1,,NVIDIA Thor,11.0,580.00,13.0,PTX ISA 9.3 / CUDA 13.0,1575.000,,,,bf16,128,64,16,2,256,161,1,discard,same,1,1,2,1,nocount,sw128,sw128,16,16,16,0,512,0,0,none,0,none,0,4,20,586094.0,372.1231746031746,,,,,6144,,7.213618347910063,,,0,0.0,1,bf14b28d2af4128daa99f23eec8a5e105636d0b04136f8be580fdc39d6f1f97d,same_d
02_latency_throughput,lat_bf16_m128n64k16_same_d_in0_q2,1,,NVIDIA Thor,11.0,580.00,13.0,PTX ISA 9.3 / CUDA 13.0,1575.000,,,,bf16,128,64,16,2,256,161,2,discard,same,1,1,2,1,nocount,sw128,sw128,16,16,16,0,512,0,0,none,0,none,0,4,20,586091.0,372.12126984126985,,,,,6144,,7.213655271962887,,,0,0.0,1,bf14b28d2af4128daa99f23eec8a5e105636d0b04136f8be580fdc39d6f1f97d,same_d
02_latency_throughput,lat_bf16_m128n64k16_same_d_in0_q2,1,,NVIDIA Thor,11.0,580.00,13.0,PTX ISA 9.3 / CUDA 13.0,1575.000,,,,bf16,128,64,16,2,256,161,3,discard,same,1,1,2,1,nocount,sw128,sw128,16,16,16,0,512,0,0,none,0,none,0,4,20,586100.0,372.12698412698415,,,,,6144,,7.213544500938406,,,0,0.0,1,bf14b28d2af4128daa99f23eec8a5e105636d0b04136f8be580fdc39d6f1f97d,same_d
02_latency_throughput,lat_bf16_m128n64k16_same_d_in0_q2,1,,NVIDIA Thor,11.0,580.00,13.0,PTX ISA 9.3 / CUDA 13.0,1575.000,,,,bf16,128,64,16,2,256,161,4,discard,same,1,1,2,1,nocount,sw128,sw128,16,16,16,0,512,0,0,none,0,none,0,4,20,586100.0,372.12698412698415,,,,,6144,,7.213544500938406,,,0,0.0,1,bf14b28d2af4128daa99f23eec8a5e105636d0b04136f8be580fdc39d6f1f97d,same_d
02_latency_throughput,lat_bf16_m128n256k16_same_d_in0_q6,1,,NVIDIA Thor,11.0,580.00,13.0,PTX ISA 9.3 / CUDA 13.0,1575.000,,,,bf16,128,256,16,6,85,162,0,discard,same,1,1,6,1,nocount,sw128,sw128,16,16,16,0,512,0,0,none,0,none,0,4,20,450695.0,286.15555555555557,,,,,12288,,37.37643736895239,,,0,0.0,1,bf14b28d2af4128daa99f23eec8a5e105636d0b04136f8be580fdc39d6f1f97d,same_d; UTCHMMA=21;UTCHMMA_WS=16;UTCBAR=1;UTCATOMSWS=3;SYNCS_TRYWAIT=8;LDS=21;LDG=9;ptx_tcgen05_mma=21;ptx_tcgen05_mma_ws=16;ptx_tcgen05_commit=1;ptx_tcgen05_alloc=1;ptx_tcgen05_dealloc=1;ptx_tcgen05_ld=5;ptx_tcgen05_st=5;ptx_mbarrier_wait=5;ptx_cp_async_tma=2;ptx_ld_shared=26;ptx_ld_global=7
02_latency_throughput,lat_bf16_m128n256k16_same_d_in0_q6,1,,NVIDIA Thor,11.0,580.00,13.0,PTX ISA 9.3 / CUDA 13.0,1575.000,,,,bf16,128,256,16,6,85,162,1,discard,same,1,1,6,1,nocount,sw128,sw128,16,16,16,0,512,0,0,none,0,none,0,4,20,450767.0,286.20126984126983,,,,,12288,,37.37046731459934,,,0,0.0,1,bf14b28d2af4128daa99f23eec8a5e105636d0b04136f8be580fdc39d6f1f97d,same_d
02_latency_throughput,lat_bf16_m128n256k16_same_d_in0_q6,1,,NVIDIA Thor,11.0,580.00,13.0,PTX ISA 9.3 / CUDA 13.0,1575.000,,,,bf16,128,256,16,6,85,162,2,discard,same,1,1,6,1,nocount,sw128,sw128,16,16,16,0,512,0,0,none,0,none,0,4,20,450692.0,286.1536507936508,,,,,12288,,37.37668616261217,,,0,0.0,1,bf14b28d2af4128daa99f23eec8a5e105636d0b04136f8be580fdc39d6f1f97d,same_d
02_latency_throughput,lat_bf16_m128n256k16_same_d_in0_q6,1,,NVIDIA Thor,11.0,580.00,13.0,PTX ISA 9.3 / CUDA 13.0,1575.000,,,,bf16,128,256,16,6,85,162,3,discard,same,1,1,6,1,nocount,sw128,sw128,16,16,16,0,512,0,0,none,0,none,0,4,20,450692.0,286.1536507936508,,,,,12288,,37.37668616261217,,,0,0.0,1,bf14b28d2af4128daa99f23eec8a5e105636d0b04136f8be580fdc39d6f1f97d,same_d
02_latency_throughput,lat_bf16_m128n256k16_same_d_in0_q6,1,,NVIDIA Thor,11.0,580.00,13.0,PTX ISA 9.3 / CUDA 13.0,1575.000,,,,bf16,128,256,16,6,85,162,4,discard,same,1,1,6,1,nocount,sw128,sw128,16,16,16,0,512,0,0,none,0,none,0,4,20,450697.0,286.1568253968254,,,,,12288,,37.376271508352616,,,0,0.0,1,bf14b28d2af4128daa99f23eec8a5e105636d0b04136f8be580fdc39d6f1f97d,same_d
02_latency_throughput,lat_fp16_m128n256k16_same_d_in1_q1,1,,NVIDIA Thor,11.0,580.00,13.0,PTX ISA 9.3 / CUDA 13.0,1575.000,,,,fp16,128,256,16,1,512,163,0,discard,same,1,1,1,1,nocount,sw128,sw128,16,16,16,0,512,0,0,none,1,none,0,4,20,779125.0,494.68253968253964,,,,,12288,,21.70567460677042,,,0,0.0,1,bf14b28d2af4128daa99f23eec8a5e105636d0b04136f8be580fdc39d6f1f97d,same_d; UTCHMMA=21;UTCHMMA_WS=16;UTCBAR=1;UTCATOMSWS=3;SYNCS_TRYWAIT=8;LDS=21;LDG=9;ptx_tcgen05_mma=21;ptx_tcgen05_mma_ws=16;ptx_tcgen05_commit=1;ptx_tcgen05_alloc=1;ptx_tcgen05_dealloc=1;ptx_tcgen05_ld=5;ptx_tcgen05_st=5;ptx_mbarrier_wait=5;ptx_cp_async_tma=2;ptx_ld_shared=26;ptx_ld_global=7
02_latency_throughput,lat_fp16_m128n256k16_same_d_in1_q1,1,,NVIDIA Thor,11.0,580.00,13.0,PTX ISA 9.3 / CUDA 13.0,1575.000,,,,fp16,128,256,16,1,512,163,1,discard,same,1,1,1,1,nocount,sw128,sw128,16,16,16,0,512,0,0,none,1,none,0,4,20,779122.0,494.6806349206349,,,,,12288,,21.70575818421249,,,0,0.0,1,bf14b28d2af4128daa99f23eec8a5e105636d0b04136f8be580fdc39d6f1f97d,same_d
02_latency_throughput,lat_fp16_m128n256k16_same_d_in1_q1,1,,NVIDIA Thor,11.0,580.00,13.0,PTX ISA 9.3 / CUDA 13.0,1575.000,,,,fp16,128,256,16,1,512,163,2,discard,same,1,1,1,1,nocount,sw128,sw128,16,16,16,0,512,0,0,none,1,none,0,4,20,779133.0,494.687619047619,,,,,12288,,21.705451736738144,,,0,0.0,1,bf14b28d2af4128daa99f23eec8a5e105636d0b04136f8be580fdc39d6f1f97d,same_d
02_latency_throughput,lat_fp16_m128n256k16_same_d_in1_q1,1,,NVIDIA Thor,11.0,580.00,13.0,PTX ISA 9.3 / CUDA 13.0,1575.000,,,,fp16,128,256,16,1,512,163,3,discard,same,1,1,1,1,nocount,sw128,sw128,16,16,16,0,512,0,0,none,1,none,0,4,20,779158.0,494.70349206349204,,,,,12288,,21.70475529738513,,,0,0.0,1,bf14b28d2af4128daa99f23eec8a5e105636d0b04136f8be580fdc39d6f1f97d,same_d
02_latency_throughput,lat_fp16_m128n256k16_same_d_in1_q1,1,,NVIDIA Thor,11.0,580.00,13.0,PTX ISA 9.3 / CUDA 13.0,1575.000,,,,fp16,128,256,16,1,512,163,4,discard,same,1,1,1,1,nocount,sw128,sw128,16,16,16,0,512,0,0,none,1,none,0,4,20,779121.0,494.67999999999995,,,,,12288,,21.705786043502872,,,0,0.0,1,bf14b28d2af4128daa99f23eec8a5e105636d0b04136f8be580fdc39d6f1f97d,same_d
02_latency_throughput,lat_bf16_m128n64k16_legal_ring_in0_q6,1,,NVIDIA Thor,11.0,580.00,13.0,PTX ISA 9.3 / CUDA 13.0,1575.000,,,,bf16,128,64,16,6,85,164,0,discard,same,8,8,6,1,nocount,sw128,sw128,16,16,16,0,512,0,64,none,0,none,0,4,20,512408.0,325.3384126984127,,,,,6144,,8.218730698974255,,,0,0.0,1,bf14b28d2af4128daa99f23eec8a5e105636d0b04136f8be580fdc39d6f1f97d,legal_ring; UTCHMMA=21;UTCHMMA_WS=16;UTCBAR=1;UTCATOMSWS=3;SYNCS_TRYWAIT=8;LDS=21;LDG=9;ptx_tcgen05_mma=21;ptx_tcgen05_mma_ws=16;ptx_tcgen05_commit=1;ptx_tcgen05_alloc=1;ptx_tcgen05_dealloc=1;ptx_tcgen05_ld=5;ptx_tcgen05_st=5;ptx_mbarrier_wait=5;ptx_cp_async_tma=2;ptx_ld_shared=26;ptx_ld_global=7
02_latency_throughput,lat_bf16_m128n64k16_legal_ring_in0_q6,1,,NVIDIA Thor,11.0,580.00,13.0,PTX ISA 9.3 / CUDA 13.0,1575.000,,,,bf16,128,64,16,6,85,164,1,discard,same,8,8,6,1,nocount,sw128,sw128,16,16,16,0,512,0,64,none,0,none,0,4,20,512404.0,325.335873015873,,,,,6144,,8.218794857183005,,,0,0.0,1,bf14b28d2af4128daa99f23eec8a5e105636d0b04136f8be580fdc39d6f1f97d,legal_ring
02_latency_throughput,lat_bf16_m128n64k16_legal_ring_in0_q6,1,,NVIDIA Thor,11.0,580.00,13.0,PTX ISA 9.3 / CUDA 13.0,1575.000,,,,bf16,128,64,16,6,85,164,2,discard,same,8,8,6,1,nocount,sw128,sw128,16,16,16,0,512,0,64,none,0,none,0,4,20,512409.0,325.3390476190476,,,,,6144,,8.218714659578579,,,0,0.0,1,bf14b28d2af4128daa99f23eec8a5e105636d0b04136f8be580fdc39d6f1f97d,legal_ring
02_latency_throughput,lat_bf16_m128n64k16_legal_ring_in0_q6,1,,NVIDIA Thor,11.0,580.00,13.0,PTX ISA 9.3 / CUDA 13.0,1575.000,,,,bf16,128,64,16,6,85,164,3,discard,same,8,8,6,1,nocount,sw128,sw128,16,16,16,0,512,0,64,none,0,none,0,4,20,512405.0,325.3365079365079,,,,,6144,,8.21877881753691,,,0,0.0,1,bf14b28d2af4128daa99f23eec8a5e105636d0b04136f8be580fdc39d6f1f97d,legal_ring
02_latency_throughput,lat_bf16_m128n64k16_legal_ring_in0_q6,1,,NVIDIA Thor,11.0,580.00,13.0,PTX ISA 9.3 / CUDA 13.0,1575.000,,,,bf16,128,64,16,6,85,164,4,discard,same,8,8,6,1,nocount,sw128,sw128,16,16,16,0,512,0,64,none,0,none,0,4,20,512409.0,325.3390476190476,,,,,6144,,8.218714659578579,,,0,0.0,1,bf14b28d2af4128daa99f23eec8a5e105636d0b04136f8be580fdc39d6f1f97d,legal_ring
02_latency_throughput,lat_fp16_m128n128k16_legal_ring_in1_q3,1,,NVIDIA Thor,11.0,580.00,13.0,PTX ISA 9.3 / CUDA 13.0,1575.000,,,,fp16,128,128,16,3,170,165,0,discard,same,4,4,3,1,nocount,sw128,sw128,16,16,16,0,512,0,128,none,1,none,0,4,20,578876.0,367.54031746031745,,,,,8192,,14.550070688713992,,,0,0.0,1,bf14b28d2af4128daa99f23eec8a5e105636d0b04136f8be580fdc39d6f1f97d,legal_ring; UTCHMMA=21;UTCHMMA_WS=16;UTCBAR=1;UTCATOMSWS=3;SYNCS_TRYWAIT=8;LDS=21;LDG=9;ptx_tcgen05_mma=21;ptx_tcgen05_mma_ws=16;ptx_tcgen05_commit=1;ptx_tcgen05_alloc=1;ptx_tcgen05_dealloc=1;ptx_tcgen05_ld=5;ptx_tcgen05_st=5;ptx_mbarrier_wait=5;ptx_cp_async_tma=2;ptx_ld_shared=26;ptx_ld_global=7
02_latency_throughput,lat_fp16_m128n128k16_legal_ring_in1_q3,1,,NVIDIA Thor,11.0,580.00,13.0,PTX ISA 9.3 / CUDA 13.0,1575.000,,,,fp16,128,128,16,3,170,165,1,discard,same,4,4,3,1,nocount,sw128,sw128,16,16,16,0,512,0,128,none,1,none,0,4,20,578881.0,367.54349206349207,,,,,8192,,14.549945014605767,,,0,0.0,1,bf14b28d2af4128daa99f23eec8a5e105636d0b04136f8be580fdc39d6f1f97d,legal_ring
02_latency_throughput,lat_fp16_m128n128k16_legal_ring_in1_q3,1,,NVIDIA Thor,11.0,580.00,13.0,PTX ISA 9.3 / CUDA 13.0,1575.000,,,,fp16,128,128,16,3,170,165,2,discard,same,4,4,3,1,nocount,sw128,sw128,16,16,16,0,512,0,128,none,1,none,0,4,20,578873.0,367.5384126984127,,,,,8192,,14.550146094221011,,,0,0.0,1,bf14b28d2af4128daa99f23eec8a5e105636d0b04136f8be580fdc39d6f1f97d,legal_ring
02_latency_throughput,lat_fp16_m128n128k16_legal_ring_in1_q3,1,,NVIDIA Thor,11.0,580.00,13.0,PTX ISA 9.3 / CUDA 13.0,1575.000,,,,fp16,128,128,16,3,170,165,3,discard,same,4,4,3,1,nocount,sw128,sw128,16,16,16,0,512,0,128,none,1,none,0,4,20,578874.0,367.5390476190476,,,,,8192,,14.550120958965165,,,0,0.0,1,bf14b28d2af4128daa99f23eec8a5e105636d0b04136f8be580fdc39d6f1f97d,legal_ring
02_latency_throughput,lat_fp16_m128n128k16_legal_ring_in1_q3,1,,NVIDIA Thor,11.0,580.00,13.0,PTX ISA 9.3 / CUDA 13.0,1575.000,,,,fp16,128,128,16,3,170,165,4,discard,same,4,4,3,1,nocount,sw128,sw128,16,16,16,0,512,0,128,none,1,none,0,4,20,578875.0,367.53968253968253,,,,,8192,,14.550095823796156,,,0,0.0,1,bf14b28d2af4128daa99f23eec8a5e105636d0b04136f8be580fdc39d6f1f97d,legal_ring
02_latency_throughput,lat_bf16_m128n128k16_legal_ring_in0_q16,1,,NVIDIA Thor,11.0,580.00,13.0,PTX ISA 9.3 / CUDA 13.0,1575.000,,,,bf16,128,128,16,16,32,166,0,discard,same,4,4,16,1,nocount,sw128,sw128,16,16,16,0,512,0,128,none,0,none,0,4,20,472780.0,300.1777777777778,,,,,8192,,17.885098489783832,,,0,0.0,1,bf14b28d2af4128daa99f23eec8a5e105636d0b04136f8be580fdc39d6f1f97d,legal_ring; UTCHMMA=21;UTCHMMA_WS=16;UTCBAR=1;UTCATOMSWS=3;SYNCS_TRYWAIT=8;LDS=21;LDG=9;ptx_tcgen05_mma=21;ptx_tcgen05_mma_ws=16;ptx_tcgen05_commit=1;ptx_tcgen05_alloc=1;ptx_tcgen05_dealloc=1;ptx_tcgen05_ld=5;ptx_tcgen05_st=5;ptx_mbarrier_wait=5;ptx_cp_async_tma=2;ptx_ld_shared=26;ptx_ld_global=7
02_latency_throughput,lat_bf16_m128n128k16_legal_ring_in0_q16,1,,NVIDIA Thor,11.0,580.00,13.0,PTX ISA 9.3 / CUDA 13.0,1575.000,,,,bf16,128,128,16,16,32,166,1,discard,same,4,4,16,1,nocount,sw128,sw128,16,16,16,0,512,0,128,none,0,none,0,4,20,472777.0,300.175873015873,,,,,8192,,17.885211979432164,,,0,0.0,1,bf14b28d2af4128daa99f23eec8a5e105636d0b04136f8be580fdc39d6f1f97d,legal_ring
02_latency_throughput,lat_bf16_m128n128k16_legal_ring_in0_q16,1,,NVIDIA Thor,11.0,580.00,13.0,PTX ISA 9.3 / CUDA 13.0,1575.000,,,,bf16,128,128,16,16,32,166,2,discard,same,4,4,16,1,nocount,sw128,sw128,16,16,16,0,512,0,128,none,0,none,0,4,20,472777.0,300.175873015873,,,,,8192,,17.885211979432164,,,0,0.0,1,bf14b28d2af4128daa99f23eec8a5e105636d0b04136f8be580fdc39d6f1f97d,legal_ring
02_latency_throughput,lat_bf16_m128n128k16_legal_ring_in0_q16,1,,NVIDIA Thor,11.0,580.00,13.0,PTX ISA 9.3 / CUDA 13.0,1575.000,,,,bf16,128,128,16,16,32,166,3,discard,same,4,4,16,1,nocount,sw128,sw128,16,16,16,0,512,0,128,none,0,none,0,4,20,472779.0,300.1771428571428,,,,,8192,,17.88513631950658,,,0,0.0,1,bf14b28d2af4128daa99f23eec8a5e105636d0b04136f8be580fdc39d6f1f97d,legal_ring
02_latency_throughput,lat_bf16_m128n128k16_legal_ring_in0_q16,1,,NVIDIA Thor,11.0,580.00,13.0,PTX ISA 9.3 / CUDA 13.0,1575.000,,,,bf16,128,128,16,16,32,166,4,discard,same,4,4,16,1,nocount,sw128,sw128,16,16,16,0,512,0,128,none,0,none,0,4,20,472774.0,300.17396825396827,,,,,8192,,17.885325470520797,,,0,0.0,1,bf14b28d2af4128daa99f23eec8a5e105636d0b04136f8be580fdc39d6f1f97d,legal_ring
02_latency_throughput,lat_bf16_m128n128k16_same_d_in0_q2,1,,NVIDIA Thor,11.0,580.00,13.0,PTX ISA 9.3 / CUDA 13.0,1575.000,,,,bf16,128,128,16,2,256,167,0,discard,same,1,1,2,1,nocount,sw128,sw128,16,16,16,0,512,0,0,none,0,none,0,4,20,586092.0,372.1219047619048,,,,,8192,,14.427285927806555,,,0,0.0,1,bf14b28d2af4128daa99f23eec8a5e105636d0b04136f8be580fdc39d6f1f97d,same_d; UTCHMMA=21;UTCHMMA_WS=16;UTCBAR=1;UTCATOMSWS=3;SYNCS_TRYWAIT=8;LDS=21;LDG=9;ptx_tcgen05_mma=21;ptx_tcgen05_mma_ws=16;ptx_tcgen05_commit=1;ptx_tcgen05_alloc=1;ptx_tcgen05_dealloc=1;ptx_tcgen05_ld=5;ptx_tcgen05_st=5;ptx_mbarrier_wait=5;ptx_cp_async_tma=2;ptx_ld_shared=26;ptx_ld_global=7
02_latency_throughput,lat_bf16_m128n128k16_same_d_in0_q2,1,,NVIDIA Thor,11.0,580.00,13.0,PTX ISA 9.3 / CUDA 13.0,1575.000,,,,bf16,128,128,16,2,256,167,1,discard,same,1,1,2,1,nocount,sw128,sw128,16,16,16,0,512,0,0,none,0,none,0,4,20,586094.0,372.1231746031746,,,,,8192,,14.427236695820126,,,0,0.0,1,bf14b28d2af4128daa99f23eec8a5e105636d0b04136f8be580fdc39d6f1f97d,same_d
02_latency_throughput,lat_bf16_m128n128k16_same_d_in0_q2,1,,NVIDIA Thor,11.0,580.00,13.0,PTX ISA 9.3 / CUDA 13.0,1575.000,,,,bf16,128,128,16,2,256,167,2,discard,same,1,1,2,1,nocount,sw128,sw128,16,16,16,0,512,0,0,none,0,none,0,4,20,586097.0,372.12507936507933,,,,,8192,,14.427162848470477,,,0,0.0,1,bf14b28d2af4128daa99f23eec8a5e105636d0b04136f8be580fdc39d6f1f97d,same_d
02_latency_throughput,lat_bf16_m128n128k16_same_d_in0_q2,1,,NVIDIA Thor,11.0,580.00,13.0,PTX ISA 9.3 / CUDA 13.0,1575.000,,,,bf16,128,128,16,2,256,167,3,discard,same,1,1,2,1,nocount,sw128,sw128,16,16,16,0,512,0,0,none,0,none,0,4,20,586108.0,372.1320634920635,,,,,8192,,14.426892081322897,,,0,0.0,1,bf14b28d2af4128daa99f23eec8a5e105636d0b04136f8be580fdc39d6f1f97d,same_d
02_latency_throughput,lat_bf16_m128n128k16_same_d_in0_q2,1,,NVIDIA Thor,11.0,580.00,13.0,PTX ISA 9.3 / CUDA 13.0,1575.000,,,,bf16,128,128,16,2,256,167,4,discard,same,1,1,2,1,nocount,sw128,sw128,16,16,16,0,512,0,0,none,0,none,0,4,20,586092.0,372.1219047619048,,,,,8192,,14.427285927806555,,,0,0.0,1,bf14b28d2af4128daa99f23eec8a5e105636d0b04136f8be580fdc39d6f1f97d,same_d
02_latency_throughput,lat_fp16_m128n256k16_legal_ring_in1_q64,1,,NVIDIA Thor,11.0,580.00,13.0,PTX ISA 9.3 / CUDA 13.0,1575.000,,,,fp16,128,256,16,64,8,168,0,discard,same,2,2,64,1,nocount,sw128,sw128,16,16,16,0,512,0,256,none,1,none,0,4,20,453880.0,288.17777777777775,,,,,12288,,37.259702405922276,,,0,0.0,1,bf14b28d2af4128daa99f23eec8a5e105636d0b04136f8be580fdc39d6f1f97d,legal_ring; UTCHMMA=21;UTCHMMA_WS=16;UTCBAR=1;UTCATOMSWS=3;SYNCS_TRYWAIT=8;LDS=21;LDG=9;ptx_tcgen05_mma=21;ptx_tcgen05_mma_ws=16;ptx_tcgen05_commit=1;ptx_tcgen05_alloc=1;ptx_tcgen05_dealloc=1;ptx_tcgen05_ld=5;ptx_tcgen05_st=5;ptx_mbarrier_wait=5;ptx_cp_async_tma=2;ptx_ld_shared=26;ptx_ld_global=7
02_latency_throughput,lat_fp16_m128n256k16_legal_ring_in1_q64,1,,NVIDIA Thor,11.0,580.00,13.0,PTX ISA 9.3 / CUDA 13.0,1575.000,,,,fp16,128,256,16,64,8,168,1,discard,same,2,2,64,1,nocount,sw128,sw128,16,16,16,0,512,0,256,none,1,none,0,4,20,453889.0,288.18349206349205,,,,,12288,,37.25896359682654,,,0,0.0,1,bf14b28d2af4128daa99f23eec8a5e105636d0b04136f8be580fdc39d6f1f97d,legal_ring
02_latency_throughput,lat_fp16_m128n256k16_legal_ring_in1_q64,1,,NVIDIA Thor,11.0,580.00,13.0,PTX ISA 9.3 / CUDA 13.0,1575.000,,,,fp16,128,256,16,64,8,168,2,discard,same,2,2,64,1,nocount,sw128,sw128,16,16,16,0,512,0,256,none,1,none,0,4,20,453880.0,288.17777777777775,,,,,12288,,37.259702405922276,,,0,0.0,1,bf14b28d2af4128daa99f23eec8a5e105636d0b04136f8be580fdc39d6f1f97d,legal_ring
02_latency_throughput,lat_fp16_m128n256k16_legal_ring_in1_q64,1,,NVIDIA Thor,11.0,580.00,13.0,PTX ISA 9.3 / CUDA 13.0,1575.000,,,,fp16,128,256,16,64,8,168,3,discard,same,2,2,64,1,nocount,sw128,sw128,16,16,16,0,512,0,256,none,1,none,0,4,20,453883.0,288.1796825396826,,,,,12288,,37.25945613296819,,,0,0.0,1,bf14b28d2af4128daa99f23eec8a5e105636d0b04136f8be580fdc39d6f1f97d,legal_ring
02_latency_throughput,lat_fp16_m128n256k16_legal_ring_in1_q64,1,,NVIDIA Thor,11.0,580.00,13.0,PTX ISA 9.3 / CUDA 13.0,1575.000,,,,fp16,128,256,16,64,8,168,4,discard,same,2,2,64,1,nocount,sw128,sw128,16,16,16,0,512,0,256,none,1,none,0,4,20,453879.0,288.1771428571429,,,,,12288,,37.25978449763042,,,0,0.0,1,bf14b28d2af4128daa99f23eec8a5e105636d0b04136f8be580fdc39d6f1f97d,legal_ring
02_latency_throughput,lat_fp16_m128n64k16_legal_ring_in0_q12,1,,NVIDIA Thor,11.0,580.00,13.0,PTX ISA 9.3 / CUDA 13.0,1575.000,,,,fp16,128,64,16,12,42,169,0,discard,same,8,8,12,1,nocount,sw128,sw128,16,16,16,0,512,0,64,none,0,none,0,4,20,473371.0,300.55301587301585,,,,,6144,,8.791831658466615,,,0,0.0,1,bf14b28d2af4128daa99f23eec8a5e105636d0b04136f8be580fdc39d6f1f97d,legal_ring; UTCHMMA=21;UTCHMMA_WS=16;UTCBAR=1;UTCATOMSWS=3;SYNCS_TRYWAIT=8;LDS=21;LDG=9;ptx_tcgen05_mma=21;ptx_tcgen05_mma_ws=16;ptx_tcgen05_commit=1;ptx_tcgen05_alloc=1;ptx_tcgen05_dealloc=1;ptx_tcgen05_ld=5;ptx_tcgen05_st=5;ptx_mbarrier_wait=5;ptx_cp_async_tma=2;ptx_ld_shared=26;ptx_ld_global=7
02_latency_throughput,lat_fp16_m128n64k16_legal_ring_in0_q12,1,,NVIDIA Thor,11.0,580.00,13.0,PTX ISA 9.3 / CUDA 13.0,1575.000,,,,fp16,128,64,16,12,42,169,1,discard,same,8,8,12,1,nocount,sw128,sw128,16,16,16,0,512,0,64,none,0,none,0,4,20,473405.0,300.57460317460317,,,,,6144,,8.791200228134473,,,0,0.0,1,bf14b28d2af4128daa99f23eec8a5e105636d0b04136f8be580fdc39d6f1f97d,legal_ring
02_latency_throughput,lat_fp16_m128n64k16_legal_ring_in0_q12,1,,NVIDIA Thor,11.0,580.00,13.0,PTX ISA 9.3 / CUDA 13.0,1575.000,,,,fp16,128,64,16,12,42,169,2,discard,same,8,8,12,1,nocount,sw128,sw128,16,16,16,0,512,0,64,none,0,none,0,4,20,473409.0,300.57714285714286,,,,,6144,,8.79112594817589,,,0,0.0,1,bf14b28d2af4128daa99f23eec8a5e105636d0b04136f8be580fdc39d6f1f97d,legal_ring
02_latency_throughput,lat_fp16_m128n64k16_legal_ring_in0_q12,1,,NVIDIA Thor,11.0,580.00,13.0,PTX ISA 9.3 / CUDA 13.0,1575.000,,,,fp16,128,64,16,12,42,169,3,discard,same,8,8,12,1,nocount,sw128,sw128,16,16,16,0,512,0,64,none,0,none,0,4,20,473374.0,300.5549206349206,,,,,6144,,8.791775940376953,,,0,0.0,1,bf14b28d2af4128daa99f23eec8a5e105636d0b04136f8be580fdc39d6f1f97d,legal_ring
02_latency_throughput,lat_fp16_m128n64k16_legal_ring_in0_q12,1,,NVIDIA Thor,11.0,580.00,13.0,PTX ISA 9.3 / CUDA 13.0,1575.000,,,,fp16,128,64,16,12,42,169,4,discard,same,8,8,12,1,nocount,sw128,sw128,16,16,16,0,512,0,64,none,0,none,0,4,20,473404.0,300.57396825396825,,,,,6144,,8.79121879832025,,,0,0.0,1,bf14b28d2af4128daa99f23eec8a5e105636d0b04136f8be580fdc39d6f1f97d,legal_ring
02_latency_throughput,lat_fp16_m128n64k16_same_d_in1_q4,1,,NVIDIA Thor,11.0,580.00,13.0,PTX ISA 9.3 / CUDA 13.0,1575.000,,,,fp16,128,64,16,4,128,170,0,discard,same,1,1,4,1,nocount,sw128,sw128,16,16,16,0,512,0,0,none,1,none,0,4,20,485753.0,308.41460317460314,,,,,6144,,8.703720681086889,,,0,0.0,1,bf14b28d2af4128daa99f23eec8a5e105636d0b04136f8be580fdc39d6f1f97d,same_d; UTCHMMA=21;UTCHMMA_WS=16;UTCBAR=1;UTCATOMSWS=3;SYNCS_TRYWAIT=8;LDS=21;LDG=9;ptx_tcgen05_mma=21;ptx_tcgen05_mma_ws=16;ptx_tcgen05_commit=1;ptx_tcgen05_alloc=1;ptx_tcgen05_dealloc=1;ptx_tcgen05_ld=5;ptx_tcgen05_st=5;ptx_mbarrier_wait=5;ptx_cp_async_tma=2;ptx_ld_shared=26;ptx_ld_global=7
02_latency_throughput,lat_fp16_m128n64k16_same_d_in1_q4,1,,NVIDIA Thor,11.0,580.00,13.0,PTX ISA 9.3 / CUDA 13.0,1575.000,,,,fp16,128,64,16,4,128,170,1,discard,same,1,1,4,1,nocount,sw128,sw128,16,16,16,0,512,0,0,none,1,none,0,4,20,485747.0,308.41079365079366,,,,,6144,,8.703828190395413,,,0,0.0,1,bf14b28d2af4128daa99f23eec8a5e105636d0b04136f8be580fdc39d6f1f97d,same_d
02_latency_throughput,lat_fp16_m128n64k16_same_d_in1_q4,1,,NVIDIA Thor,11.0,580.00,13.0,PTX ISA 9.3 / CUDA 13.0,1575.000,,,,fp16,128,64,16,4,128,170,2,discard,same,1,1,4,1,nocount,sw128,sw128,16,16,16,0,512,0,0,none,1,none,0,4,20,485746.0,308.41015873015874,,,,,6144,,8.703846108871716,,,0,0.0,1,bf14b28d2af4128daa99f23eec8a5e105636d0b04136f8be580fdc39d6f1f97d,same_d
02_latency_throughput,lat_fp16_m128n64k16_same_d_in1_q4,1,,NVIDIA Thor,11.0,580.00,13.0,PTX ISA 9.3 / CUDA 13.0,1575.000,,,,fp16,128,64,16,4,128,170,3,discard,same,1,1,4,1,nocount,sw128,sw128,16,16,16,0,512,0,0,none,1,none,0,4,20,485743.0,308.408253968254,,,,,6144,,8.70389986474329,,,0,0.0,1,bf14b28d2af4128daa99f23eec8a5e105636d0b04136f8be580fdc39d6f1f97d,same_d
02_latency_throughput,lat_fp16_m128n64k16_same_d_in1_q4,1,,NVIDIA Thor,11.0,580.00,13.0,PTX ISA 9.3 / CUDA 13.0,1575.000,,,,fp16,128,64,16,4,128,170,4,discard,same,1,1,4,1,nocount,sw128,sw128,16,16,16,0,512,0,0,none,1,none,0,4,20,485749.0,308.4120634920635,,,,,6144,,8.703792353664136,,,0,0.0,1,bf14b28d2af4128daa99f23eec8a5e105636d0b04136f8be580fdc39d6f1f97d,same_d
02_latency_throughput,lat_fp16_m128n64k16_same_d_in0_q64,1,,NVIDIA Thor,11.0,580.00,13.0,PTX ISA 9.3 / CUDA 13.0,1575.000,,,,fp16,128,64,16,64,8,171,0,discard,same,1,1,64,1,nocount,sw128,sw128,16,16,16,0,512,0,0,none,0,none,0,4,20,391716.0,248.70857142857145,,,,,6144,,10.793172686333977,,,0,0.0,1,bf14b28d2af4128daa99f23eec8a5e105636d0b04136f8be580fdc39d6f1f97d,same_d; UTCHMMA=21;UTCHMMA_WS=16;UTCBAR=1;UTCATOMSWS=3;SYNCS_TRYWAIT=8;LDS=21;LDG=9;ptx_tcgen05_mma=21;ptx_tcgen05_mma_ws=16;ptx_tcgen05_commit=1;ptx_tcgen05_alloc=1;ptx_tcgen05_dealloc=1;ptx_tcgen05_ld=5;ptx_tcgen05_st=5;ptx_mbarrier_wait=5;ptx_cp_async_tma=2;ptx_ld_shared=26;ptx_ld_global=7
02_latency_throughput,lat_fp16_m128n64k16_same_d_in0_q64,1,,NVIDIA Thor,11.0,580.00,13.0,PTX ISA 9.3 / CUDA 13.0,1575.000,,,,fp16,128,64,16,64,8,171,1,discard,same,1,1,64,1,nocount,sw128,sw128,16,16,16,0,512,0,0,none,0,none,0,4,20,391725.0,248.7142857142857,,,,,6144,,10.792924709936818,,,0,0.0,1,bf14b28d2af4128daa99f23eec8a5e105636d0b04136f8be580fdc39d6f1f97d,same_d
02_latency_throughput,lat_fp16_m128n64k16_same_d_in0_q64,1,,NVIDIA Thor,11.0,580.00,13.0,PTX ISA 9.3 / CUDA 13.0,1575.000,,,,fp16,128,64,16,64,8,171,2,discard,same,1,1,64,1,nocount,sw128,sw128,16,16,16,0,512,0,0,none,0,none,0,4,20,391718.0,248.7098412698413,,,,,6144,,10.7931175794832,,,0,0.0,1,bf14b28d2af4128daa99f23eec8a5e105636d0b04136f8be580fdc39d6f1f97d,same_d
02_latency_throughput,lat_fp16_m128n64k16_same_d_in0_q64,1,,NVIDIA Thor,11.0,580.00,13.0,PTX ISA 9.3 / CUDA 13.0,1575.000,,,,fp16,128,64,16,64,8,171,3,discard,same,1,1,64,1,nocount,sw128,sw128,16,16,16,0,512,0,0,none,0,none,0,4,20,391721.0,248.71174603174603,,,,,6144,,10.793034920262125,,,0,0.0,1,bf14b28d2af4128daa99f23eec8a5e105636d0b04136f8be580fdc39d6f1f97d,same_d
02_latency_throughput,lat_fp16_m128n64k16_same_d_in0_q64,1,,NVIDIA Thor,11.0,580.00,13.0,PTX ISA 9.3 / CUDA 13.0,1575.000,,,,fp16,128,64,16,64,8,171,4,discard,same,1,1,64,1,nocount,sw128,sw128,16,16,16,0,512,0,0,none,0,none,0,4,20,391717.0,248.70920634920634,,,,,6144,,10.793145132838248,,,0,0.0,1,bf14b28d2af4128daa99f23eec8a5e105636d0b04136f8be580fdc39d6f1f97d,same_d
02_latency_throughput,lat_fp16_m128n64k16_legal_ring_in1_q48,1,,NVIDIA Thor,11.0,580.00,13.0,PTX ISA 9.3 / CUDA 13.0,1575.000,,,,fp16,128,64,16,48,10,172,0,discard,same,8,8,48,1,nocount,sw128,sw128,16,16,16,0,512,0,64,none,1,none,0,4,20,427497.0,271.4266666666667,,,,,6144,,9.271684432873213,,,0,0.0,1,bf14b28d2af4128daa99f23eec8a5e105636d0b04136f8be580fdc39d6f1f97d,legal_ring; UTCHMMA=21;UTCHMMA_WS=16;UTCBAR=1;UTCATOMSWS=3;SYNCS_TRYWAIT=8;LDS=21;LDG=9;ptx_tcgen05_mma=21;ptx_tcgen05_mma_ws=16;ptx_tcgen05_commit=1;ptx_tcgen05_alloc=1;ptx_tcgen05_dealloc=1;ptx_tcgen05_ld=5;ptx_tcgen05_st=5;ptx_mbarrier_wait=5;ptx_cp_async_tma=2;ptx_ld_shared=26;ptx_ld_global=7
02_latency_throughput,lat_fp16_m128n64k16_legal_ring_in1_q48,1,,NVIDIA Thor,11.0,580.00,13.0,PTX ISA 9.3 / CUDA 13.0,1575.000,,,,fp16,128,64,16,48,10,172,1,discard,same,8,8,48,1,nocount,sw128,sw128,16,16,16,0,512,0,64,none,1,none,0,4,20,427503.0,271.43047619047616,,,,,6144,,9.271554304882072,,,0,0.0,1,bf14b28d2af4128daa99f23eec8a5e105636d0b04136f8be580fdc39d6f1f97d,legal_ring
02_latency_throughput,lat_fp16_m128n64k16_legal_ring_in1_q48,1,,NVIDIA Thor,11.0,580.00,13.0,PTX ISA 9.3 / CUDA 13.0,1575.000,,,,fp16,128,64,16,48,10,172,2,discard,same,8,8,48,1,nocount,sw128,sw128,16,16,16,0,512,0,64,none,1,none,0,4,20,427499.0,271.4279365079365,,,,,6144,,9.271641056470308,,,0,0.0,1,bf14b28d2af4128daa99f23eec8a5e105636d0b04136f8be580fdc39d6f1f97d,legal_ring
02_latency_throughput,lat_fp16_m128n64k16_legal_ring_in1_q48,1,,NVIDIA Thor,11.0,580.00,13.0,PTX ISA 9.3 / CUDA 13.0,1575.000,,,,fp16,128,64,16,48,10,172,3,discard,same,8,8,48,1,nocount,sw128,sw128,16,16,16,0,512,0,64,none,1,none,0,4,20,427495.0,271.42539682539683,,,,,6144,,9.271727809681984,,,0,0.0,1,bf14b28d2af4128daa99f23eec8a5e105636d0b04136f8be580fdc39d6f1f97d,legal_ring
02_latency_throughput,lat_fp16_m128n64k16_legal_ring_in1_q48,1,,NVIDIA Thor,11.0,580.00,13.0,PTX ISA 9.3 / CUDA 13.0,1575.000,,,,fp16,128,64,16,48,10,172,4,discard,same,8,8,48,1,nocount,sw128,sw128,16,16,16,0,512,0,64,none,1,none,0,4,20,427491.0,271.42285714285714,,,,,6144,,9.271814564517149,,,0,0.0,1,bf14b28d2af4128daa99f23eec8a5e105636d0b04136f8be580fdc39d6f1f97d,legal_ring
02_latency_throughput,lat_fp16_m128n128k16_same_d_in0_q64,1,,NVIDIA Thor,11.0,580.00,13.0,PTX ISA 9.3 / CUDA 13.0,1575.000,,,,fp16,128,128,16,64,8,173,0,discard,same,1,1,64,1,nocount,sw128,sw128,16,16,16,0,512,0,0,none,0,none,0,4,20,391580.0,248.62222222222223,,,,,8192,,21.593842545584554,,,0,0.0,1,bf14b28d2af4128daa99f23eec8a5e105636d0b04136f8be580fdc39d6f1f97d,same_d; UTCHMMA=21;UTCHMMA_WS=16;UTCBAR=1;UTCATOMSWS=3;SYNCS_TRYWAIT=8;LDS=21;LDG=9;ptx_tcgen05_mma=21;ptx_tcgen05_mma_ws=16;ptx_tcgen05_commit=1;ptx_tcgen05_alloc=1;ptx_tcgen05_dealloc=1;ptx_tcgen05_ld=5;ptx_tcgen05_st=5;ptx_mbarrier_wait=5;ptx_cp_async_tma=2;ptx_ld_shared=26;ptx_ld_global=7
02_latency_throughput,lat_fp16_m128n128k16_same_d_in0_q64,1,,NVIDIA Thor,11.0,580.00,13.0,PTX ISA 9.3 / CUDA 13.0,1575.000,,,,fp16,128,128,16,64,8,173,1,discard,same,1,1,64,1,nocount,sw128,sw128,16,16,16,0,512,0,0,none,0,none,0,4,20,391580.0,248.62222222222223,,,,,8192,,21.593842545584554,,,0,0.0,1,bf14b28d2af4128daa99f23eec8a5e105636d0b04136f8be580fdc39d6f1f97d,same_d
02_latency_throughput,lat_fp16_m128n128k16_same_d_in0_q64,1,,NVIDIA Thor,11.0,580.00,13.0,PTX ISA 9.3 / CUDA 13.0,1575.000,,,,fp16,128,128,16,64,8,173,2,discard,same,1,1,64,1,nocount,sw128,sw128,16,16,16,0,512,0,0,none,0,none,0,4,20,391584.0,248.6247619047619,,,,,8192,,21.59362196616818,,,0,0.0,1,bf14b28d2af4128daa99f23eec8a5e105636d0b04136f8be580fdc39d6f1f97d,same_d
02_latency_throughput,lat_fp16_m128n128k16_same_d_in0_q64,1,,NVIDIA Thor,11.0,580.00,13.0,PTX ISA 9.3 / CUDA 13.0,1575.000,,,,fp16,128,128,16,64,8,173,3,discard,same,1,1,64,1,nocount,sw128,sw128,16,16,16,0,512,0,0,none,0,none,0,4,20,391577.0,248.62031746031744,,,,,8192,,21.59400798310422,,,0,0.0,1,bf14b28d2af4128daa99f23eec8a5e105636d0b04136f8be580fdc39d6f1f97d,same_d
02_latency_throughput,lat_fp16_m128n128k16_same_d_in0_q64,1,,NVIDIA Thor,11.0,580.00,13.0,PTX ISA 9.3 / CUDA 13.0,1575.000,,,,fp16,128,128,16,64,8,173,4,discard,same,1,1,64,1,nocount,sw128,sw128,16,16,16,0,512,0,0,none,0,none,0,4,20,391590.0,248.62857142857143,,,,,8192,,21.593291105492987,,,0,0.0,1,bf14b28d2af4128daa99f23eec8a5e105636d0b04136f8be580fdc39d6f1f97d,same_d
02_latency_throughput,lat_bf16_m128n128k16_legal_ring_in0_q48,1,,NVIDIA Thor,11.0,580.00,13.0,PTX ISA 9.3 / CUDA 13.0,1575.000,,,,bf16,128,128,16,48,10,174,0,discard,same,4,4,48,1,nocount,sw128,sw128,16,16,16,0,512,0,128,none,0,none,0,4,20,427559.0,271.4660317460317,,,,,8192,,18.540679906164996,,,0,0.0,1,bf14b28d2af4128daa99f23eec8a5e105636d0b04136f8be580fdc39d6f1f97d,legal_ring; UTCHMMA=21;UTCHMMA_WS=16;UTCBAR=1;UTCATOMSWS=3;SYNCS_TRYWAIT=8;LDS=21;LDG=9;ptx_tcgen05_mma=21;ptx_tcgen05_mma_ws=16;ptx_tcgen05_commit=1;ptx_tcgen05_alloc=1;ptx_tcgen05_dealloc=1;ptx_tcgen05_ld=5;ptx_tcgen05_st=5;ptx_mbarrier_wait=5;ptx_cp_async_tma=2;ptx_ld_shared=26;ptx_ld_global=7
02_latency_throughput,lat_bf16_m128n128k16_legal_ring_in0_q48,1,,NVIDIA Thor,11.0,580.00,13.0,PTX ISA 9.3 / CUDA 13.0,1575.000,,,,bf16,128,128,16,48,10,174,1,discard,same,4,4,48,1,nocount,sw128,sw128,16,16,16,0,512,0,128,none,0,none,0,4,20,427561.0,271.46730158730156,,,,,8192,,18.54059317851722,,,0,0.0,1,bf14b28d2af4128daa99f23eec8a5e105636d0b04136f8be580fdc39d6f1f97d,legal_ring
02_latency_throughput,lat_bf16_m128n128k16_legal_ring_in0_q48,1,,NVIDIA Thor,11.0,580.00,13.0,PTX ISA 9.3 / CUDA 13.0,1575.000,,,,bf16,128,128,16,48,10,174,2,discard,same,4,4,48,1,nocount,sw128,sw128,16,16,16,0,512,0,128,none,0,none,0,4,20,427556.0,271.464126984127,,,,,8192,,18.540809999158004,,,0,0.0,1,bf14b28d2af4128daa99f23eec8a5e105636d0b04136f8be580fdc39d6f1f97d,legal_ring
02_latency_throughput,lat_bf16_m128n128k16_legal_ring_in0_q48,1,,NVIDIA Thor,11.0,580.00,13.0,PTX ISA 9.3 / CUDA 13.0,1575.000,,,,bf16,128,128,16,48,10,174,3,discard,same,4,4,48,1,nocount,sw128,sw128,16,16,16,0,512,0,128,none,0,none,0,4,20,427566.0,271.47047619047623,,,,,8192,,18.540376362947473,,,0,0.0,1,bf14b28d2af4128daa99f23eec8a5e105636d0b04136f8be580fdc39d6f1f97d,legal_ring
02_latency_throughput,lat_bf16_m128n128k16_legal_ring_in0_q48,1,,NVIDIA Thor,11.0,580.00,13.0,PTX ISA 9.3 / CUDA 13.0,1575.000,,,,bf16,128,128,16,48,10,174,4,discard,same,4,4,48,1,nocount,sw128,sw128,16,16,16,0,512,0,128,none,0,none,0,4,20,427555.0,271.4634920634921,,,,,8192,,18.540853363894705,,,0,0.0,1,bf14b28d2af4128daa99f23eec8a5e105636d0b04136f8be580fdc39d6f1f97d,legal_ring
02_latency_throughput,lat_bf16_m128n64k16_same_d_in0_q24,1,,NVIDIA Thor,11.0,580.00,13.0,PTX ISA 9.3 / CUDA 13.0,1575.000,,,,bf16,128,64,16,24,21,175,0,discard,same,1,1,24,1,nocount,sw128,sw128,16,16,16,0,512,0,0,none,0,none,0,4,20,396020.0,251.44126984126987,,,,,6144,,10.509060512095347,,,0,0.0,1,bf14b28d2af4128daa99f23eec8a5e105636d0b04136f8be580fdc39d6f1f97d,same_d; UTCHMMA=21;UTCHMMA_WS=16;UTCBAR=1;UTCATOMSWS=3;SYNCS_TRYWAIT=8;LDS=21;LDG=9;ptx_tcgen05_mma=21;ptx_tcgen05_mma_ws=16;ptx_tcgen05_commit=1;ptx_tcgen05_alloc=1;ptx_tcgen05_dealloc=1;ptx_tcgen05_ld=5;ptx_tcgen05_st=5;ptx_mbarrier_wait=5;ptx_cp_async_tma=2;ptx_ld_shared=26;ptx_ld_global=7
02_latency_throughput,lat_bf16_m128n64k16_same_d_in0_q24,1,,NVIDIA Thor,11.0,580.00,13.0,PTX ISA 9.3 / CUDA 13.0,1575.000,,,,bf16,128,64,16,24,21,175,1,discard,same,1,1,24,1,nocount,sw128,sw128,16,16,16,0,512,0,0,none,0,none,0,4,20,396019.0,251.44063492063492,,,,,6144,,10.509087048853717,,,0,0.0,1,bf14b28d2af4128daa99f23eec8a5e105636d0b04136f8be580fdc39d6f1f97d,same_d
02_latency_throughput,lat_bf16_m128n64k16_same_d_in0_q24,1,,NVIDIA Thor,11.0,580.00,13.0,PTX ISA 9.3 / CUDA 13.0,1575.000,,,,bf16,128,64,16,24,21,175,2,discard,same,1,1,24,1,nocount,sw128,sw128,16,16,16,0,512,0,0,none,0,none,0,4,20,396024.0,251.44380952380953,,,,,6144,,10.508954366402035,,,0,0.0,1,bf14b28d2af4128daa99f23eec8a5e105636d0b04136f8be580fdc39d6f1f97d,same_d
02_latency_throughput,lat_bf16_m128n64k16_same_d_in0_q24,1,,NVIDIA Thor,11.0,580.00,13.0,PTX ISA 9.3 / CUDA 13.0,1575.000,,,,bf16,128,64,16,24,21,175,3,discard,same,1,1,24,1,nocount,sw128,sw128,16,16,16,0,512,0,0,none,0,none,0,4,20,396024.0,251.44380952380953,,,,,6144,,10.508954366402035,,,0,0.0,1,bf14b28d2af4128daa99f23eec8a5e105636d0b04136f8be580fdc39d6f1f97d,same_d
02_latency_throughput,lat_bf16_m128n64k16_same_d_in0_q24,1,,NVIDIA Thor,11.0,580.00,13.0,PTX ISA 9.3 / CUDA 13.0,1575.000,,,,bf16,128,64,16,24,21,175,4,discard,same,1,1,24,1,nocount,sw128,sw128,16,16,16,0,512,0,0,none,0,none,0,4,20,396020.0,251.44126984126987,,,,,6144,,10.509060512095347,,,0,0.0,1,bf14b28d2af4128daa99f23eec8a5e105636d0b04136f8be580fdc39d6f1f97d,same_d
02_latency_throughput,lat_bf16_m128n128k16_same_d_in0_q24,1,,NVIDIA Thor,11.0,580.00,13.0,PTX ISA 9.3 / CUDA 13.0,1575.000,,,,bf16,128,128,16,24,21,176,0,discard,same,1,1,24,1,nocount,sw128,sw128,16,16,16,0,512,0,0,none,0,none,0,4,20,395908.0,251.37015873015875,,,,,8192,,21.024066924639058,,,0,0.0,1,bf14b28d2af4128daa99f23eec8a5e105636d0b04136f8be580fdc39d6f1f97d,same_d; UTCHMMA=21;UTCHMMA_WS=16;UTCBAR=1;UTCATOMSWS=3;SYNCS_TRYWAIT=8;LDS=21;LDG=9;ptx_tcgen05_mma=21;ptx_tcgen05_mma_ws=16;ptx_tcgen05_commit=1;ptx_tcgen05_alloc=1;ptx_tcgen05_dealloc=1;ptx_tcgen05_ld=5;ptx_tcgen05_st=5;ptx_mbarrier_wait=5;ptx_cp_async_tma=2;ptx_ld_shared=26;ptx_ld_global=7
02_latency_throughput,lat_bf16_m128n128k16_same_d_in0_q24,1,,NVIDIA Thor,11.0,580.00,13.0,PTX ISA 9.3 / CUDA 13.0,1575.000,,,,bf16,128,128,16,24,21,176,1,discard,same,1,1,24,1,nocount,sw128,sw128,16,16,16,0,512,0,0,none,0,none,0,4,20,395913.0,251.3733333333333,,,,,8192,,21.023801410916036,,,0,0.0,1,bf14b28d2af4128daa99f23eec8a5e105636d0b04136f8be580fdc39d6f1f97d,same_d
02_latency_throughput,lat_bf16_m128n128k16_same_d_in0_q24,1,,NVIDIA Thor,11.0,580.00,13.0,PTX ISA 9.3 / CUDA 13.0,1575.000,,,,bf16,128,128,16,24,21,176,2,discard,same,1,1,24,1,nocount,sw128,sw128,16,16,16,0,512,0,0,none,0,none,0,4,20,395912.0,251.3726984126984,,,,,8192,,21.023854513124128,,,0,0.0,1,bf14b28d2af4128daa99f23eec8a5e105636d0b04136f8be580fdc39d6f1f97d,same_d
02_latency_throughput,lat_bf16_m128n128k16_same_d_in0_q24,1,,NVIDIA Thor,11.0,580.00,13.0,PTX ISA 9.3 / CUDA 13.0,1575.000,,,,bf16,128,128,16,24,21,176,3,discard,same,1,1,24,1,nocount,sw128,sw128,16,16,16,0,512,0,0,none,0,none,0,4,20,395912.0,251.3726984126984,,,,,8192,,21.023854513124128,,,0,0.0,1,bf14b28d2af4128daa99f23eec8a5e105636d0b04136f8be580fdc39d6f1f97d,same_d
02_latency_throughput,lat_bf16_m128n128k16_same_d_in0_q24,1,,NVIDIA Thor,11.0,580.00,13.0,PTX ISA 9.3 / CUDA 13.0,1575.000,,,,bf16,128,128,16,24,21,176,4,discard,same,1,1,24,1,nocount,sw128,sw128,16,16,16,0,512,0,0,none,0,none,0,4,20,395910.0,251.37142857142857,,,,,8192,,21.023960718345077,,,0,0.0,1,bf14b28d2af4128daa99f23eec8a5e105636d0b04136f8be580fdc39d6f1f97d,same_d
02_latency_throughput,lat_bf16_m128n128k16_legal_ring_in1_q64,1,,NVIDIA Thor,11.0,580.00,13.0,PTX ISA 9.3 / CUDA 13.0,1575.000,,,,bf16,128,128,16,64,8,177,0,discard,same,4,4,64,1,nocount,sw128,sw128,16,16,16,0,512,0,128,none,1,none,0,4,20,453988.0,288.2463492063492,,,,,8192,,18.625419315047978,,,0,0.0,1,bf14b28d2af4128daa99f23eec8a5e105636d0b04136f8be580fdc39d6f1f97d,legal_ring; UTCHMMA=21;UTCHMMA_WS=16;UTCBAR=1;UTCATOMSWS=3;SYNCS_TRYWAIT=8;LDS=21;LDG=9;ptx_tcgen05_mma=21;ptx_tcgen05_mma_ws=16;ptx_tcgen05_commit=1;ptx_tcgen05_alloc=1;ptx_tcgen05_dealloc=1;ptx_tcgen05_ld=5;ptx_tcgen05_st=5;ptx_mbarrier_wait=5;ptx_cp_async_tma=2;ptx_ld_shared=26;ptx_ld_global=7
02_latency_throughput,lat_bf16_m128n128k16_legal_ring_in1_q64,1,,NVIDIA Thor,11.0,580.00,13.0,PTX ISA 9.3 / CUDA 13.0,1575.000,,,,bf16,128,128,16,64,8,177,1,discard,same,4,4,64,1,nocount,sw128,sw128,16,16,16,0,512,0,128,none,1,none,0,4,20,453981.0,288.2419047619048,,,,,8192,,18.625706503135593,,,0,0.0,1,bf14b28d2af4128daa99f23eec8a5e105636d0b04136f8be580fdc39d6f1f97d,legal_ring
02_latency_throughput,lat_bf16_m128n128k16_legal_ring_in1_q64,1,,NVIDIA Thor,11.0,580.00,13.0,PTX ISA 9.3 / CUDA 13.0,1575.000,,,,bf16,128,128,16,64,8,177,2,discard,same,4,4,64,1,nocount,sw128,sw128,16,16,16,0,512,0,128,none,1,none,0,4,20,453987.0,288.2457142857143,,,,,8192,,18.625460341375415,,,0,0.0,1,bf14b28d2af4128daa99f23eec8a5e105636d0b04136f8be580fdc39d6f1f97d,legal_ring
02_latency_throughput,lat_bf16_m128n128k16_legal_ring_in1_q64,1,,NVIDIA Thor,11.0,580.00,13.0,PTX ISA 9.3 / CUDA 13.0,1575.000,,,,bf16,128,128,16,64,8,177,3,discard,same,4,4,64,1,nocount,sw128,sw128,16,16,16,0,512,0,128,none,1,none,0,4,20,453979.0,288.24063492063493,,,,,8192,,18.6257885585016,,,0,0.0,1,bf14b28d2af4128daa99f23eec8a5e105636d0b04136f8be580fdc39d6f1f97d,legal_ring
02_latency_throughput,lat_bf16_m128n128k16_legal_ring_in1_q64,1,,NVIDIA Thor,11.0,580.00,13.0,PTX ISA 9.3 / CUDA 13.0,1575.000,,,,bf16,128,128,16,64,8,177,4,discard,same,4,4,64,1,nocount,sw128,sw128,16,16,16,0,512,0,128,none,1,none,0,4,20,453981.0,288.2419047619048,,,,,8192,,18.625706503135593,,,0,0.0,1,bf14b28d2af4128daa99f23eec8a5e105636d0b04136f8be580fdc39d6f1f97d,legal_ring
02_latency_throughput,lat_bf16_m128n64k16_same_d_in1_q4,1,,NVIDIA Thor,11.0,580.00,13.0,PTX ISA 9.3 / CUDA 13.0,1575.000,,,,bf16,128,64,16,4,128,178,0,discard,same,1,1,4,1,nocount,sw128,sw128,16,16,16,0,512,0,0,none,1,none,0,4,20,485745.0,308.4095238095238,,,,,6144,,8.703864027421796,,,0,0.0,1,bf14b28d2af4128daa99f23eec8a5e105636d0b04136f8be580fdc39d6f1f97d,same_d; UTCHMMA=21;UTCHMMA_WS=16;UTCBAR=1;UTCATOMSWS=3;SYNCS_TRYWAIT=8;LDS=21;LDG=9;ptx_tcgen05_mma=21;ptx_tcgen05_mma_ws=16;ptx_tcgen05_commit=1;ptx_tcgen05_alloc=1;ptx_tcgen05_dealloc=1;ptx_tcgen05_ld=5;ptx_tcgen05_st=5;ptx_mbarrier_wait=5;ptx_cp_async_tma=2;ptx_ld_shared=26;ptx_ld_global=7
02_latency_throughput,lat_bf16_m128n64k16_same_d_in1_q4,1,,NVIDIA Thor,11.0,580.00,13.0,PTX ISA 9.3 / CUDA 13.0,1575.000,,,,bf16,128,64,16,4,128,178,1,discard,same,1,1,4,1,nocount,sw128,sw128,16,16,16,0,512,0,0,none,1,none,0,4,20,485751.0,308.4133333333333,,,,,6144,,8.703756517227962,,,0,0.0,1,bf14b28d2af4128daa99f23eec8a5e105636d0b04136f8be580fdc39d6f1f97d,same_d
02_latency_throughput,lat_bf16_m128n64k16_same_d_in1_q4,1,,NVIDIA Thor,11.0,580.00,13.0,PTX ISA 9.3 / CUDA 13.0,1575.000,,,,bf16,128,64,16,4,128,178,2,discard,same,1,1,4,1,nocount,sw128,sw128,16,16,16,0,512,0,0,none,1,none,0,4,20,485750.0,308.41269841269843,,,,,6144,,8.70377443540916,,,0,0.0,1,bf14b28d2af4128daa99f23eec8a5e105636d0b04136f8be580fdc39d6f1f97d,same_d
02_latency_throughput,lat_bf16_m128n64k16_same_d_in1_q4,1,,NVIDIA Thor,11.0,580.00,13.0,PTX ISA 9.3 / CUDA 13.0,1575.000,,,,bf16,128,64,16,4,128,178,3,discard,same,1,1,4,1,nocount,sw128,sw128,16,16,16,0,512,0,0,none,1,none,0,4,20,485752.0,308.4139682539683,,,,,6144,,8.703738599120538,,,0,0.0,1,bf14b28d2af4128daa99f23eec8a5e105636d0b04136f8be580fdc39d6f1f97d,same_d
02_latency_throughput,lat_bf16_m128n64k16_same_d_in1_q4,1,,NVIDIA Thor,11.0,580.00,13.0,PTX ISA 9.3 / CUDA 13.0,1575.000,,,,bf16,128,64,16,4,128,178,4,discard,same,1,1,4,1,nocount,sw128,sw128,16,16,16,0,512,0,0,none,1,none,0,4,20,485743.0,308.408253968254,,,,,6144,,8.70389986474329,,,0,0.0,1,bf14b28d2af4128daa99f23eec8a5e105636d0b04136f8be580fdc39d6f1f97d,same_d
02_latency_throughput,lat_fp16_m128n256k16_legal_ring_in0_q16,1,,NVIDIA Thor,11.0,580.00,13.0,PTX ISA 9.3 / CUDA 13.0,1575.000,,,,fp16,128,256,16,16,32,179,0,discard,same,2,2,16,1,nocount,sw128,sw128,16,16,16,0,512,0,256,none,0,none,0,4,20,472650.0,300.0952380952381,,,,,12288,,35.78003539193907,,,0,0.0,1,bf14b28d2af4128daa99f23eec8a5e105636d0b04136f8be580fdc39d6f1f97d,legal_ring; UTCHMMA=21;UTCHMMA_WS=16;UTCBAR=1;UTCATOMSWS=3;SYNCS_TRYWAIT=8;LDS=21;LDG=9;ptx_tcgen05_mma=21;ptx_tcgen05_mma_ws=16;ptx_tcgen05_commit=1;ptx_tcgen05_alloc=1;ptx_tcgen05_dealloc=1;ptx_tcgen05_ld=5;ptx_tcgen05_st=5;ptx_mbarrier_wait=5;ptx_cp_async_tma=2;ptx_ld_shared=26;ptx_ld_global=7
02_latency_throughput,lat_fp16_m128n256k16_legal_ring_in0_q16,1,,NVIDIA Thor,11.0,580.00,13.0,PTX ISA 9.3 / CUDA 13.0,1575.000,,,,fp16,128,256,16,16,32,179,1,discard,same,2,2,16,1,nocount,sw128,sw128,16,16,16,0,512,0,256,none,0,none,0,4,20,472643.0,300.09079365079367,,,,,12288,,35.78056530616131,,,0,0.0,1,bf14b28d2af4128daa99f23eec8a5e105636d0b04136f8be580fdc39d6f1f97d,legal_ring
02_latency_throughput,lat_fp16_m128n256k16_legal_ring_in0_q16,1,,NVIDIA Thor,11.0,580.00,13.0,PTX ISA 9.3 / CUDA 13.0,1575.000,,,,fp16,128,256,16,16,32,179,2,discard,same,2,2,16,1,nocount,sw128,sw128,16,16,16,0,512,0,256,none,0,none,0,4,20,472649.0,300.0946031746032,,,,,12288,,35.78011109300982,,,0,0.0,1,bf14b28d2af4128daa99f23eec8a5e105636d0b04136f8be580fdc39d6f1f97d,legal_ring
02_latency_throughput,lat_fp16_m128n256k16_legal_ring_in0_q16,1,,NVIDIA Thor,11.0,580.00,13.0,PTX ISA 9.3 / CUDA 13.0,1575.000,,,,fp16,128,256,16,16,32,179,3,discard,same,2,2,16,1,nocount,sw128,sw128,16,16,16,0,512,0,256,none,0,none,0,4,20,472644.0,300.09142857142854,,,,,12288,,35.78048960316856,,,0,0.0,1,bf14b28d2af4128daa99f23eec8a5e105636d0b04136f8be580fdc39d6f1f97d,legal_ring
02_latency_throughput,lat_fp16_m128n256k16_legal_ring_in0_q16,1,,NVIDIA Thor,11.0,580.00,13.0,PTX ISA 9.3 / CUDA 13.0,1575.000,,,,fp16,128,256,16,16,32,179,4,discard,same,2,2,16,1,nocount,sw128,sw128,16,16,16,0,512,0,256,none,0,none,0,4,20,472645.0,300.0920634920635,,,,,12288,,35.78041390049614,,,0,0.0,1,bf14b28d2af4128daa99f23eec8a5e105636d0b04136f8be580fdc39d6f1f97d,legal_ring
02_latency_throughput,lat_fp16_m128n128k16_legal_ring_in0_q12,1,,NVIDIA Thor,11.0,580.00,13.0,PTX ISA 9.3 / CUDA 13.0,1575.000,,,,fp16,128,128,16,12,42,180,0,discard,same,4,4,12,1,nocount,sw128,sw128,16,16,16,0,512,0,128,none,0,none,0,4,20,473574.0,300.6819047619047,,,,,8192,,17.57612598664623,,,0,0.0,1,bf14b28d2af4128daa99f23eec8a5e105636d0b04136f8be580fdc39d6f1f97d,legal_ring; UTCHMMA=21;UTCHMMA_WS=16;UTCBAR=1;UTCATOMSWS=3;SYNCS_TRYWAIT=8;LDS=21;LDG=9;ptx_tcgen05_mma=21;ptx_tcgen05_mma_ws=16;ptx_tcgen05_commit=1;ptx_tcgen05_alloc=1;ptx_tcgen05_dealloc=1;ptx_tcgen05_ld=5;ptx_tcgen05_st=5;ptx_mbarrier_wait=5;ptx_cp_async_tma=2;ptx_ld_shared=26;ptx_ld_global=7
02_latency_throughput,lat_fp16_m128n128k16_legal_ring_in0_q12,1,,NVIDIA Thor,11.0,580.00,13.0,PTX ISA 9.3 / CUDA 13.0,1575.000,,,,fp16,128,128,16,12,42,180,1,discard,same,4,4,12,1,nocount,sw128,sw128,16,16,16,0,512,0,128,none,0,none,0,4,20,473533.0,300.655873015873,,,,,8192,,17.57764778378698,,,0,0.0,1,bf14b28d2af4128daa99f23eec8a5e105636d0b04136f8be580fdc39d6f1f97d,legal_ring
02_latency_throughput,lat_fp16_m128n128k16_legal_ring_in0_q12,1,,NVIDIA Thor,11.0,580.00,13.0,PTX ISA 9.3 / CUDA 13.0,1575.000,,,,fp16,128,128,16,12,42,180,2,discard,same,4,4,12,1,nocount,sw128,sw128,16,16,16,0,512,0,128,none,0,none,0,4,20,473574.0,300.6819047619047,,,,,8192,,17.57612598664623,,,0,0.0,1,bf14b28d2af4128daa99f23eec8a5e105636d0b04136f8be580fdc39d6f1f97d,legal_ring
02_latency_throughput,lat_fp16_m128n128k16_legal_ring_in0_q12,1,,NVIDIA Thor,11.0,580.00,13.0,PTX ISA 9.3 / CUDA 13.0,1575.000,,,,fp16,128,128,16,12,42,180,3,discard,same,4,4,12,1,nocount,sw128,sw128,16,16,16,0,512,0,128,none,0,none,0,4,20,473569.0,300.67873015873016,,,,,8192,,17.5763115575555,,,0,0.0,1,bf14b28d2af4128daa99f23eec8a5e105636d0b04136f8be580fdc39d6f1f97d,legal_ring
02_latency_throughput,lat_fp16_m128n128k16_legal_ring_in0_q12,1,,NVIDIA Thor,11.0,580.00,13.0,PTX ISA 9.3 / CUDA 13.0,1575.000,,,,fp16,128,128,16,12,42,180,4,discard,same,4,4,12,1,nocount,sw128,sw128,16,16,16,0,512,0,128,none,0,none,0,4,20,473534.0,300.656507936508,,,,,8192,,17.577610663648226,,,0,0.0,1,bf14b28d2af4128daa99f23eec8a5e105636d0b04136f8be580fdc39d6f1f97d,legal_ring
02_latency_throughput,lat_bf16_m128n256k16_legal_ring_in0_q3,1,,NVIDIA Thor,11.0,580.00,13.0,PTX ISA 9.3 / CUDA 13.0,1575.000,,,,bf16,128,256,16,3,170,181,0,discard,same,2,2,3,1,nocount,sw128,sw128,16,16,16,0,512,0,256,none,0,none,0,4,20,578876.0,367.54031746031745,,,,,12288,,29.100141377427985,,,0,0.0,1,bf14b28d2af4128daa99f23eec8a5e105636d0b04136f8be580fdc39d6f1f97d,legal_ring; UTCHMMA=21;UTCHMMA_WS=16;UTCBAR=1;UTCATOMSWS=3;SYNCS_TRYWAIT=8;LDS=21;LDG=9;ptx_tcgen05_mma=21;ptx_tcgen05_mma_ws=16;ptx_tcgen05_commit=1;ptx_tcgen05_alloc=1;ptx_tcgen05_dealloc=1;ptx_tcgen05_ld=5;ptx_tcgen05_st=5;ptx_mbarrier_wait=5;ptx_cp_async_tma=2;ptx_ld_shared=26;ptx_ld_global=7
02_latency_throughput,lat_bf16_m128n256k16_legal_ring_in0_q3,1,,NVIDIA Thor,11.0,580.00,13.0,PTX ISA 9.3 / CUDA 13.0,1575.000,,,,bf16,128,256,16,3,170,181,1,discard,same,2,2,3,1,nocount,sw128,sw128,16,16,16,0,512,0,256,none,0,none,0,4,20,578874.0,367.5390476190476,,,,,12288,,29.10024191793033,,,0,0.0,1,bf14b28d2af4128daa99f23eec8a5e105636d0b04136f8be580fdc39d6f1f97d,legal_ring
02_latency_throughput,lat_bf16_m128n256k16_legal_ring_in0_q3,1,,NVIDIA Thor,11.0,580.00,13.0,PTX ISA 9.3 / CUDA 13.0,1575.000,,,,bf16,128,256,16,3,170,181,2,discard,same,2,2,3,1,nocount,sw128,sw128,16,16,16,0,512,0,256,none,0,none,0,4,20,578874.0,367.5390476190476,,,,,12288,,29.10024191793033,,,0,0.0,1,bf14b28d2af4128daa99f23eec8a5e105636d0b04136f8be580fdc39d6f1f97d,legal_ring
02_latency_throughput,lat_bf16_m128n256k16_legal_ring_in0_q3,1,,NVIDIA Thor,11.0,580.00,13.0,PTX ISA 9.3 / CUDA 13.0,1575.000,,,,bf16,128,256,16,3,170,181,3,discard,same,2,2,3,1,nocount,sw128,sw128,16,16,16,0,512,0,256,none,0,none,0,4,20,578903.0,367.5574603174603,,,,,12288,,29.098784148639755,,,0,0.0,1,bf14b28d2af4128daa99f23eec8a5e105636d0b04136f8be580fdc39d6f1f97d,legal_ring
02_latency_throughput,lat_bf16_m128n256k16_legal_ring_in0_q3,1,,NVIDIA Thor,11.0,580.00,13.0,PTX ISA 9.3 / CUDA 13.0,1575.000,,,,bf16,128,256,16,3,170,181,4,discard,same,2,2,3,1,nocount,sw128,sw128,16,16,16,0,512,0,256,none,0,none,0,4,20,578877.0,367.5409523809524,,,,,12288,,29.100091107437333,,,0,0.0,1,bf14b28d2af4128daa99f23eec8a5e105636d0b04136f8be580fdc39d6f1f97d,legal_ring
02_latency_throughput,lat_fp16_m128n256k16_same_d_in0_q6,1,,NVIDIA Thor,11.0,580.00,13.0,PTX ISA 9.3 / CUDA 13.0,1575.000,,,,fp16,128,256,16,6,85,182,0,discard,same,1,1,6,1,nocount,sw128,sw128,16,16,16,0,512,0,0,none,0,none,0,4,20,450693.0,286.1542857142857,,,,,12288,,37.37660323102422,,,0,0.0,1,bf14b28d2af4128daa99f23eec8a5e105636d0b04136f8be580fdc39d6f1f97d,same_d; UTCHMMA=21;UTCHMMA_WS=16;UTCBAR=1;UTCATOMSWS=3;SYNCS_TRYWAIT=8;LDS=21;LDG=9;ptx_tcgen05_mma=21;ptx_tcgen05_mma_ws=16;ptx_tcgen05_commit=1;ptx_tcgen05_alloc=1;ptx_tcgen05_dealloc=1;ptx_tcgen05_ld=5;ptx_tcgen05_st=5;ptx_mbarrier_wait=5;ptx_cp_async_tma=2;ptx_ld_shared=26;ptx_ld_global=7
02_latency_throughput,lat_fp16_m128n256k16_same_d_in0_q6,1,,NVIDIA Thor,11.0,580.00,13.0,PTX ISA 9.3 / CUDA 13.0,1575.000,,,,fp16,128,256,16,6,85,182,1,discard,same,1,1,6,1,nocount,sw128,sw128,16,16,16,0,512,0,0,none,0,none,0,4,20,450694.0,286.15492063492064,,,,,12288,,37.376520299804305,,,0,0.0,1,bf14b28d2af4128daa99f23eec8a5e105636d0b04136f8be580fdc39d6f1f97d,same_d
02_latency_throughput,lat_fp16_m128n256k16_same_d_in0_q6,1,,NVIDIA Thor,11.0,580.00,13.0,PTX ISA 9.3 / CUDA 13.0,1575.000,,,,fp16,128,256,16,6,85,182,2,discard,same,1,1,6,1,nocount,sw128,sw128,16,16,16,0,512,0,0,none,0,none,0,4,20,450691.0,286.1530158730159,,,,,12288,,37.37676909456812,,,0,0.0,1,bf14b28d2af4128daa99f23eec8a5e105636d0b04136f8be580fdc39d6f1f97d,same_d
02_latency_throughput,lat_fp16_m128n256k16_same_d_in0_q6,1,,NVIDIA Thor,11.0,580.00,13.0,PTX ISA 9.3 / CUDA 13.0,1575.000,,,,fp16,128,256,16,6,85,182,3,discard,same,1,1,6,1,nocount,sw128,sw128,16,16,16,0,512,0,0,none,0,none,0,4,20,450701.0,286.1593650793651,,,,,12288,,37.37593979156913,,,0,0.0,1,bf14b28d2af4128daa99f23eec8a5e105636d0b04136f8be580fdc39d6f1f97d,same_d
02_latency_throughput,lat_fp16_m128n256k16_same_d_in0_q6,1,,NVIDIA Thor,11.0,580.00,13.0,PTX ISA 9.3 / CUDA 13.0,1575.000,,,,fp16,128,256,16,6,85,182,4,discard,same,1,1,6,1,nocount,sw128,sw128,16,16,16,0,512,0,0,none,0,none,0,4,20,450706.0,286.16253968253966,,,,,12288,,37.37552515386971,,,0,0.0,1,bf14b28d2af4128daa99f23eec8a5e105636d0b04136f8be580fdc39d6f1f97d,same_d
02_latency_throughput,lat_bf16_m128n64k16_legal_ring_in0_q4,1,,NVIDIA Thor,11.0,580.00,13.0,PTX ISA 9.3 / CUDA 13.0,1575.000,,,,bf16,128,64,16,4,128,183,0,discard,same,8,8,4,1,nocount,sw128,sw128,16,16,16,0,512,0,64,none,0,none,0,4,20,547820.0,347.8222222222222,,,,,6144,,7.717605111167902,,,0,0.0,1,bf14b28d2af4128daa99f23eec8a5e105636d0b04136f8be580fdc39d6f1f97d,legal_ring; UTCHMMA=21;UTCHMMA_WS=16;UTCBAR=1;UTCATOMSWS=3;SYNCS_TRYWAIT=8;LDS=21;LDG=9;ptx_tcgen05_mma=21;ptx_tcgen05_mma_ws=16;ptx_tcgen05_commit=1;ptx_tcgen05_alloc=1;ptx_tcgen05_dealloc=1;ptx_tcgen05_ld=5;ptx_tcgen05_st=5;ptx_mbarrier_wait=5;ptx_cp_async_tma=2;ptx_ld_shared=26;ptx_ld_global=7
02_latency_throughput,lat_bf16_m128n64k16_legal_ring_in0_q4,1,,NVIDIA Thor,11.0,580.00,13.0,PTX ISA 9.3 / CUDA 13.0,1575.000,,,,bf16,128,64,16,4,128,183,1,discard,same,8,8,4,1,nocount,sw128,sw128,16,16,16,0,512,0,64,none,0,none,0,4,20,547819.0,347.82158730158733,,,,,6144,,7.717619199042019,,,0,0.0,1,bf14b28d2af4128daa99f23eec8a5e105636d0b04136f8be580fdc39d6f1f97d,legal_ring
02_latency_throughput,lat_bf16_m128n64k16_legal_ring_in0_q4,1,,NVIDIA Thor,11.0,580.00,13.0,PTX ISA 9.3 / CUDA 13.0,1575.000,,,,bf16,128,64,16,4,128,183,2,discard,same,8,8,4,1,nocount,sw128,sw128,16,16,16,0,512,0,64,none,0,none,0,4,20,547818.0,347.82095238095235,,,,,6144,,7.71763328696757,,,0,0.0,1,bf14b28d2af4128daa99f23eec8a5e105636d0b04136f8be580fdc39d6f1f97d,legal_ring
02_latency_throughput,lat_bf16_m128n64k16_legal_ring_in0_q4,1,,NVIDIA Thor,11.0,580.00,13.0,PTX ISA 9.3 / CUDA 13.0,1575.000,,,,bf16,128,64,16,4,128,183,3,discard,same,8,8,4,1,nocount,sw128,sw128,16,16,16,0,512,0,64,none,0,none,0,4,20,547814.0,347.81841269841266,,,,,6144,,7.717689639184104,,,0,0.0,1,bf14b28d2af4128daa99f23eec8a5e105636d0b04136f8be580fdc39d6f1f97d,legal_ring
02_latency_throughput,lat_bf16_m128n64k16_legal_ring_in0_q4,1,,NVIDIA Thor,11.0,580.00,13.0,PTX ISA 9.3 / CUDA 13.0,1575.000,,,,bf16,128,64,16,4,128,183,4,discard,same,8,8,4,1,nocount,sw128,sw128,16,16,16,0,512,0,64,none,0,none,0,4,20,547818.0,347.82095238095235,,,,,6144,,7.71763328696757,,,0,0.0,1,bf14b28d2af4128daa99f23eec8a5e105636d0b04136f8be580fdc39d6f1f97d,legal_ring
02_latency_throughput,lat_fp16_m128n128k16_legal_ring_in1_q2,1,,NVIDIA Thor,11.0,580.00,13.0,PTX ISA 9.3 / CUDA 13.0,1575.000,,,,fp16,128,128,16,2,256,184,0,discard,same,4,4,2,1,nocount,sw128,sw128,16,16,16,0,512,0,128,none,1,none,0,4,20,648041.0,411.45460317460316,,,,,8192,,13.048120202271152,,,0,0.0,1,bf14b28d2af4128daa99f23eec8a5e105636d0b04136f8be580fdc39d6f1f97d,legal_ring; UTCHMMA=21;UTCHMMA_WS=16;UTCBAR=1;UTCATOMSWS=3;SYNCS_TRYWAIT=8;LDS=21;LDG=9;ptx_tcgen05_mma=21;ptx_tcgen05_mma_ws=16;ptx_tcgen05_commit=1;ptx_tcgen05_alloc=1;ptx_tcgen05_dealloc=1;ptx_tcgen05_ld=5;ptx_tcgen05_st=5;ptx_mbarrier_wait=5;ptx_cp_async_tma=2;ptx_ld_shared=26;ptx_ld_global=7
02_latency_throughput,lat_fp16_m128n128k16_legal_ring_in1_q2,1,,NVIDIA Thor,11.0,580.00,13.0,PTX ISA 9.3 / CUDA 13.0,1575.000,,,,fp16,128,128,16,2,256,184,1,discard,same,4,4,2,1,nocount,sw128,sw128,16,16,16,0,512,0,128,none,1,none,0,4,20,648053.0,411.4622222222222,,,,,8192,,13.047878590177039,,,0,0.0,1,bf14b28d2af4128daa99f23eec8a5e105636d0b04136f8be580fdc39d6f1f97d,legal_ring
02_latency_throughput,lat_fp16_m128n128k16_legal_ring_in1_q2,1,,NVIDIA Thor,11.0,580.00,13.0,PTX ISA 9.3 / CUDA 13.0,1575.000,,,,fp16,128,128,16,2,256,184,2,discard,same,4,4,2,1,nocount,sw128,sw128,16,16,16,0,512,0,128,none,1,none,0,4,20,648053.0,411.4622222222222,,,,,8192,,13.047878590177039,,,0,0.0,1,bf14b28d2af4128daa99f23eec8a5e105636d0b04136f8be580fdc39d6f1f97d,legal_ring
02_latency_throughput,lat_fp16_m128n128k16_legal_ring_in1_q2,1,,NVIDIA Thor,11.0,580.00,13.0,PTX ISA 9.3 / CUDA 13.0,1575.000,,,,fp16,128,128,16,2,256,184,3,discard,same,4,4,2,1,nocount,sw128,sw128,16,16,16,0,512,0,128,none,1,none,0,4,20,648043.0,411.455873015873,,,,,8192,,13.048079932967411,,,0,0.0,1,bf14b28d2af4128daa99f23eec8a5e105636d0b04136f8be580fdc39d6f1f97d,legal_ring
02_latency_throughput,lat_fp16_m128n128k16_legal_ring_in1_q2,1,,NVIDIA Thor,11.0,580.00,13.0,PTX ISA 9.3 / CUDA 13.0,1575.000,,,,fp16,128,128,16,2,256,184,4,discard,same,4,4,2,1,nocount,sw128,sw128,16,16,16,0,512,0,128,none,1,none,0,4,20,648041.0,411.45460317460316,,,,,8192,,13.048120202271152,,,0,0.0,1,bf14b28d2af4128daa99f23eec8a5e105636d0b04136f8be580fdc39d6f1f97d,legal_ring
02_latency_throughput,lat_fp16_m128n64k16_legal_ring_in1_q8,1,,NVIDIA Thor,11.0,580.00,13.0,PTX ISA 9.3 / CUDA 13.0,1575.000,,,,fp16,128,64,16,8,64,185,0,discard,same,8,8,8,1,nocount,sw128,sw128,16,16,16,0,512,0,64,none,1,none,0,4,20,497643.0,315.9638095238095,,,,,6144,,8.49576590447369,,,0,0.0,1,bf14b28d2af4128daa99f23eec8a5e105636d0b04136f8be580fdc39d6f1f97d,legal_ring; UTCHMMA=21;UTCHMMA_WS=16;UTCBAR=1;UTCATOMSWS=3;SYNCS_TRYWAIT=8;LDS=21;LDG=9;ptx_tcgen05_mma=21;ptx_tcgen05_mma_ws=16;ptx_tcgen05_commit=1;ptx_tcgen05_alloc=1;ptx_tcgen05_dealloc=1;ptx_tcgen05_ld=5;ptx_tcgen05_st=5;ptx_mbarrier_wait=5;ptx_cp_async_tma=2;ptx_ld_shared=26;ptx_ld_global=7
02_latency_throughput,lat_fp16_m128n64k16_legal_ring_in1_q8,1,,NVIDIA Thor,11.0,580.00,13.0,PTX ISA 9.3 / CUDA 13.0,1575.000,,,,fp16,128,64,16,8,64,185,1,discard,same,8,8,8,1,nocount,sw128,sw128,16,16,16,0,512,0,64,none,1,none,0,4,20,497695.0,315.9968253968254,,,,,6144,,8.494878252745155,,,0,0.0,1,bf14b28d2af4128daa99f23eec8a5e105636d0b04136f8be580fdc39d6f1f97d,legal_ring
02_latency_throughput,lat_fp16_m128n64k16_legal_ring_in1_q8,1,,NVIDIA Thor,11.0,580.00,13.0,PTX ISA 9.3 / CUDA 13.0,1575.000,,,,fp16,128,64,16,8,64,185,2,discard,same,8,8,8,1,nocount,sw128,sw128,16,16,16,0,512,0,64,none,1,none,0,4,20,497643.0,315.9638095238095,,,,,6144,,8.49576590447369,,,0,0.0,1,bf14b28d2af4128daa99f23eec8a5e105636d0b04136f8be580fdc39d6f1f97d,legal_ring
02_latency_throughput,lat_fp16_m128n64k16_legal_ring_in1_q8,1,,NVIDIA Thor,11.0,580.00,13.0,PTX ISA 9.3 / CUDA 13.0,1575.000,,,,fp16,128,64,16,8,64,185,3,discard,same,8,8,8,1,nocount,sw128,sw128,16,16,16,0,512,0,64,none,1,none,0,4,20,497651.0,315.9688888888889,,,,,6144,,8.495629330595136,,,0,0.0,1,bf14b28d2af4128daa99f23eec8a5e105636d0b04136f8be580fdc39d6f1f97d,legal_ring
02_latency_throughput,lat_fp16_m128n64k16_legal_ring_in1_q8,1,,NVIDIA Thor,11.0,580.00,13.0,PTX ISA 9.3 / CUDA 13.0,1575.000,,,,fp16,128,64,16,8,64,185,4,discard,same,8,8,8,1,nocount,sw128,sw128,16,16,16,0,512,0,64,none,1,none,0,4,20,497699.0,315.9993650793651,,,,,6144,,8.494809979525778,,,0,0.0,1,bf14b28d2af4128daa99f23eec8a5e105636d0b04136f8be580fdc39d6f1f97d,legal_ring
02_latency_throughput,lat_fp16_m128n256k16_legal_ring_in1_q24,1,,NVIDIA Thor,11.0,580.00,13.0,PTX ISA 9.3 / CUDA 13.0,1575.000,,,,fp16,128,256,16,24,21,186,0,discard,same,2,2,24,1,nocount,sw128,sw128,16,16,16,0,512,0,256,none,1,none,0,4,20,457063.0,290.19873015873014,,,,,12288,,36.42209624493779,,,0,0.0,1,bf14b28d2af4128daa99f23eec8a5e105636d0b04136f8be580fdc39d6f1f97d,legal_ring; UTCHMMA=21;UTCHMMA_WS=16;UTCBAR=1;UTCATOMSWS=3;SYNCS_TRYWAIT=8;LDS=21;LDG=9;ptx_tcgen05_mma=21;ptx_tcgen05_mma_ws=16;ptx_tcgen05_commit=1;ptx_tcgen05_alloc=1;ptx_tcgen05_dealloc=1;ptx_tcgen05_ld=5;ptx_tcgen05_st=5;ptx_mbarrier_wait=5;ptx_cp_async_tma=2;ptx_ld_shared=26;ptx_ld_global=7
02_latency_throughput,lat_fp16_m128n256k16_legal_ring_in1_q24,1,,NVIDIA Thor,11.0,580.00,13.0,PTX ISA 9.3 / CUDA 13.0,1575.000,,,,fp16,128,256,16,24,21,186,1,discard,same,2,2,24,1,nocount,sw128,sw128,16,16,16,0,512,0,256,none,1,none,0,4,20,457070.0,290.2031746031746,,,,,12288,,36.421538442689304,,,0,0.0,1,bf14b28d2af4128daa99f23eec8a5e105636d0b04136f8be580fdc39d6f1f97d,legal_ring
02_latency_throughput,lat_fp16_m128n256k16_legal_ring_in1_q24,1,,NVIDIA Thor,11.0,580.00,13.0,PTX ISA 9.3 / CUDA 13.0,1575.000,,,,fp16,128,256,16,24,21,186,2,discard,same,2,2,24,1,nocount,sw128,sw128,16,16,16,0,512,0,256,none,1,none,0,4,20,457069.0,290.2025396825397,,,,,12288,,36.42161812767875,,,0,0.0,1,bf14b28d2af4128daa99f23eec8a5e105636d0b04136f8be580fdc39d6f1f97d,legal_ring
02_latency_throughput,lat_fp16_m128n256k16_legal_ring_in1_q24,1,,NVIDIA Thor,11.0,580.00,13.0,PTX ISA 9.3 / CUDA 13.0,1575.000,,,,fp16,128,256,16,24,21,186,3,discard,same,2,2,24,1,nocount,sw128,sw128,16,16,16,0,512,0,256,none,1,none,0,4,20,457075.0,290.2063492063492,,,,,12288,,36.42114002297215,,,0,0.0,1,bf14b28d2af4128daa99f23eec8a5e105636d0b04136f8be580fdc39d6f1f97d,legal_ring
02_latency_throughput,lat_fp16_m128n256k16_legal_ring_in1_q24,1,,NVIDIA Thor,11.0,580.00,13.0,PTX ISA 9.3 / CUDA 13.0,1575.000,,,,fp16,128,256,16,24,21,186,4,discard,same,2,2,24,1,nocount,sw128,sw128,16,16,16,0,512,0,256,none,1,none,0,4,20,457065.0,290.2,,,,,12288,,36.42193687112336,,,0,0.0,1,bf14b28d2af4128daa99f23eec8a5e105636d0b04136f8be580fdc39d6f1f97d,legal_ring
02_latency_throughput,lat_fp16_m128n64k16_same_d_in1_q32,1,,NVIDIA Thor,11.0,580.00,13.0,PTX ISA 9.3 / CUDA 13.0,1575.000,,,,fp16,128,64,16,32,16,187,0,discard,same,1,1,32,1,nocount,sw128,sw128,16,16,16,0,512,0,0,none,1,none,0,4,20,398073.0,252.7447619047619,,,,,6144,,10.62081184104423,,,0,0.0,1,bf14b28d2af4128daa99f23eec8a5e105636d0b04136f8be580fdc39d6f1f97d,same_d; UTCHMMA=21;UTCHMMA_WS=16;UTCBAR=1;UTCATOMSWS=3;SYNCS_TRYWAIT=8;LDS=21;LDG=9;ptx_tcgen05_mma=21;ptx_tcgen05_mma_ws=16;ptx_tcgen05_commit=1;ptx_tcgen05_alloc=1;ptx_tcgen05_dealloc=1;ptx_tcgen05_ld=5;ptx_tcgen05_st=5;ptx_mbarrier_wait=5;ptx_cp_async_tma=2;ptx_ld_shared=26;ptx_ld_global=7
02_latency_throughput,lat_fp16_m128n64k16_same_d_in1_q32,1,,NVIDIA Thor,11.0,580.00,13.0,PTX ISA 9.3 / CUDA 13.0,1575.000,,,,fp16,128,64,16,32,16,187,1,discard,same,1,1,32,1,nocount,sw128,sw128,16,16,16,0,512,0,0,none,1,none,0,4,20,398062.0,252.73777777777778,,,,,6144,,10.62110533534977,,,0,0.0,1,bf14b28d2af4128daa99f23eec8a5e105636d0b04136f8be580fdc39d6f1f97d,same_d
02_latency_throughput,lat_fp16_m128n64k16_same_d_in1_q32,1,,NVIDIA Thor,11.0,580.00,13.0,PTX ISA 9.3 / CUDA 13.0,1575.000,,,,fp16,128,64,16,32,16,187,2,discard,same,1,1,32,1,nocount,sw128,sw128,16,16,16,0,512,0,0,none,1,none,0,4,20,398060.0,252.73650793650793,,,,,6144,,10.621158699693513,,,0,0.0,1,bf14b28d2af4128daa99f23eec8a5e105636d0b04136f8be580fdc39d6f1f97d,same_d
02_latency_throughput,lat_fp16_m128n64k16_same_d_in1_q32,1,,NVIDIA Thor,11.0,580.00,13.0,PTX ISA 9.3 / CUDA 13.0,1575.000,,,,fp16,128,64,16,32,16,187,3,discard,same,1,1,32,1,nocount,sw128,sw128,16,16,16,0,512,0,0,none,1,none,0,4,20,398076.0,252.74666666666667,,,,,6144,,10.620731799957797,,,0,0.0,1,bf14b28d2af4128daa99f23eec8a5e105636d0b04136f8be580fdc39d6f1f97d,same_d
02_latency_throughput,lat_fp16_m128n64k16_same_d_in1_q32,1,,NVIDIA Thor,11.0,580.00,13.0,PTX ISA 9.3 / CUDA 13.0,1575.000,,,,fp16,128,64,16,32,16,187,4,discard,same,1,1,32,1,nocount,sw128,sw128,16,16,16,0,512,0,0,none,1,none,0,4,20,398077.0,252.74730158730156,,,,,6144,,10.620705119863747,,,0,0.0,1,bf14b28d2af4128daa99f23eec8a5e105636d0b04136f8be580fdc39d6f1f97d,same_d
02_latency_throughput,lat_bf16_m128n256k16_legal_ring_in0_q6,1,,NVIDIA Thor,11.0,580.00,13.0,PTX ISA 9.3 / CUDA 13.0,1575.000,,,,bf16,128,256,16,6,85,188,0,discard,same,2,2,6,1,nocount,sw128,sw128,16,16,16,0,512,0,256,none,0,none,0,4,20,512326.0,325.2863492063492,,,,,12288,,32.880184569980834,,,0,0.0,1,bf14b28d2af4128daa99f23eec8a5e105636d0b04136f8be580fdc39d6f1f97d,legal_ring; UTCHMMA=21;UTCHMMA_WS=16;UTCBAR=1;UTCATOMSWS=3;SYNCS_TRYWAIT=8;LDS=21;LDG=9;ptx_tcgen05_mma=21;ptx_tcgen05_mma_ws=16;ptx_tcgen05_commit=1;ptx_tcgen05_alloc=1;ptx_tcgen05_dealloc=1;ptx_tcgen05_ld=5;ptx_tcgen05_st=5;ptx_mbarrier_wait=5;ptx_cp_async_tma=2;ptx_ld_shared=26;ptx_ld_global=7
02_latency_throughput,lat_bf16_m128n256k16_legal_ring_in0_q6,1,,NVIDIA Thor,11.0,580.00,13.0,PTX ISA 9.3 / CUDA 13.0,1575.000,,,,bf16,128,256,16,6,85,188,1,discard,same,2,2,6,1,nocount,sw128,sw128,16,16,16,0,512,0,256,none,0,none,0,4,20,512321.0,325.2831746031746,,,,,12288,,32.88050546434755,,,0,0.0,1,bf14b28d2af4128daa99f23eec8a5e105636d0b04136f8be580fdc39d6f1f97d,legal_ring
02_latency_throughput,lat_bf16_m128n256k16_legal_ring_in0_q6,1,,NVIDIA Thor,11.0,580.00,13.0,PTX ISA 9.3 / CUDA 13.0,1575.000,,,,bf16,128,256,16,6,85,188,2,discard,same,2,2,6,1,nocount,sw128,sw128,16,16,16,0,512,0,256,none,0,none,0,4,20,512322.0,325.2838095238095,,,,,12288,,32.880441284973124,,,0,0.0,1,bf14b28d2af4128daa99f23eec8a5e105636d0b04136f8be580fdc39d6f1f97d,legal_ring
02_latency_throughput,lat_bf16_m128n256k16_legal_ring_in0_q6,1,,NVIDIA Thor,11.0,580.00,13.0,PTX ISA 9.3 / CUDA 13.0,1575.000,,,,bf16,128,256,16,6,85,188,3,discard,same,2,2,6,1,nocount,sw128,sw128,16,16,16,0,512,0,256,none,0,none,0,4,20,512320.0,325.28253968253966,,,,,12288,,32.880569643972514,,,0,0.0,1,bf14b28d2af4128daa99f23eec8a5e105636d0b04136f8be580fdc39d6f1f97d,legal_ring
02_latency_throughput,lat_bf16_m128n256k16_legal_ring_in0_q6,1,,NVIDIA Thor,11.0,580.00,13.0,PTX ISA 9.3 / CUDA 13.0,1575.000,,,,bf16,128,256,16,6,85,188,4,discard,same,2,2,6,1,nocount,sw128,sw128,16,16,16,0,512,0,256,none,0,none,0,4,20,512323.0,325.28444444444443,,,,,12288,,32.88037710584924,,,0,0.0,1,bf14b28d2af4128daa99f23eec8a5e105636d0b04136f8be580fdc39d6f1f97d,legal_ring
02_latency_throughput,lat_fp16_m128n128k16_same_d_in0_q4,1,,NVIDIA Thor,11.0,580.00,13.0,PTX ISA 9.3 / CUDA 13.0,1575.000,,,,fp16,128,128,16,4,128,189,0,discard,same,1,1,4,1,nocount,sw128,sw128,16,16,16,0,512,0,0,none,0,none,0,4,20,485754.0,308.4152380952381,,,,,8192,,17.407405526254028,,,0,0.0,1,bf14b28d2af4128daa99f23eec8a5e105636d0b04136f8be580fdc39d6f1f97d,same_d; UTCHMMA=21;UTCHMMA_WS=16;UTCBAR=1;UTCATOMSWS=3;SYNCS_TRYWAIT=8;LDS=21;LDG=9;ptx_tcgen05_mma=21;ptx_tcgen05_mma_ws=16;ptx_tcgen05_commit=1;ptx_tcgen05_alloc=1;ptx_tcgen05_dealloc=1;ptx_tcgen05_ld=5;ptx_tcgen05_st=5;ptx_mbarrier_wait=5;ptx_cp_async_tma=2;ptx_ld_shared=26;ptx_ld_global=7
02_latency_throughput,lat_fp16_m128n128k16_same_d_in0_q4,1,,NVIDIA Thor,11.0,580.00,13.0,PTX ISA 9.3 / CUDA 13.0,1575.000,,,,fp16,128,128,16,4,128,189,1,discard,same,1,1,4,1,nocount,sw128,sw128,16,16,16,0,512,0,0,none,0,none,0,4,20,485746.0,308.41015873015874,,,,,8192,,17.40769221774343,,,0,0.0,1,bf14b28d2af4128daa99f23eec8a5e105636d0b04136f8be580fdc39d6f1f97d,same_d
02_latency_throughput,lat_fp16_m128n128k16_same_d_in0_q4,1,,NVIDIA Thor,11.0,580.00,13.0,PTX ISA 9.3 / CUDA 13.0,1575.000,,,,fp16,128,128,16,4,128,189,2,discard,same,1,1,4,1,nocount,sw128,sw128,16,16,16,0,512,0,0,none,0,none,0,4,20,485743.0,308.408253968254,,,,,8192,,17.40779972948658,,,0,0.0,1,bf14b28d2af4128daa99f23eec8a5e105636d0b04136f8be580fdc39d6f1f97d,same_d
02_latency_throughput,lat_fp16_m128n128k16_same_d_in0_q4,1,,NVIDIA Thor,11.0,580.00,13.0,PTX ISA 9.3 / CUDA 13.0,1575.000,,,,fp16,128,128,16,4,128,189,3,discard,same,1,1,4,1,nocount,sw128,sw128,16,16,16,0,512,0,0,none,0,none,0,4,20,485749.0,308.4120634920635,,,,,8192,,17.407584707328272,,,0,0.0,1,bf14b28d2af4128daa99f23eec8a5e105636d0b04136f8be580fdc39d6f1f97d,same_d
02_latency_throughput,lat_fp16_m128n128k16_same_d_in0_q4,1,,NVIDIA Thor,11.0,580.00,13.0,PTX ISA 9.3 / CUDA 13.0,1575.000,,,,fp16,128,128,16,4,128,189,4,discard,same,1,1,4,1,nocount,sw128,sw128,16,16,16,0,512,0,0,none,0,none,0,4,20,485746.0,308.41015873015874,,,,,8192,,17.40769221774343,,,0,0.0,1,bf14b28d2af4128daa99f23eec8a5e105636d0b04136f8be580fdc39d6f1f97d,same_d
02_latency_throughput,lat_fp16_m128n128k16_same_d_in1_q16,1,,NVIDIA Thor,11.0,580.00,13.0,PTX ISA 9.3 / CUDA 13.0,1575.000,,,,fp16,128,128,16,16,32,190,0,discard,same,1,1,16,1,nocount,sw128,sw128,16,16,16,0,512,0,0,none,1,none,0,4,20,410657.0,260.7346031746032,,,,,8192,,20.59070432015039,,,0,0.0,1,bf14b28d2af4128daa99f23eec8a5e105636d0b04136f8be580fdc39d6f1f97d,same_d; UTCHMMA=21;UTCHMMA_WS=16;UTCBAR=1;UTCATOMSWS=3;SYNCS_TRYWAIT=8;LDS=21;LDG=9;ptx_tcgen05_mma=21;ptx_tcgen05_mma_ws=16;ptx_tcgen05_commit=1;ptx_tcgen05_alloc=1;ptx_tcgen05_dealloc=1;ptx_tcgen05_ld=5;ptx_tcgen05_st=5;ptx_mbarrier_wait=5;ptx_cp_async_tma=2;ptx_ld_shared=26;ptx_ld_global=7
02_latency_throughput,lat_fp16_m128n128k16_same_d_in1_q16,1,,NVIDIA Thor,11.0,580.00,13.0,PTX ISA 9.3 / CUDA 13.0,1575.000,,,,fp16,128,128,16,16,32,190,1,discard,same,1,1,16,1,nocount,sw128,sw128,16,16,16,0,512,0,0,none,1,none,0,4,20,410658.0,260.73523809523806,,,,,8192,,20.590654179390153,,,0,0.0,1,bf14b28d2af4128daa99f23eec8a5e105636d0b04136f8be580fdc39d6f1f97d,same_d
02_latency_throughput,lat_fp16_m128n128k16_same_d_in1_q16,1,,NVIDIA Thor,11.0,580.00,13.0,PTX ISA 9.3 / CUDA 13.0,1575.000,,,,fp16,128,128,16,16,32,190,2,discard,same,1,1,16,1,nocount,sw128,sw128,16,16,16,0,512,0,0,none,1,none,0,4,20,410655.0,260.73333333333335,,,,,8192,,20.590804602403477,,,0,0.0,1,bf14b28d2af4128daa99f23eec8a5e105636d0b04136f8be580fdc39d6f1f97d,same_d
02_latency_throughput,lat_fp16_m128n128k16_same_d_in1_q16,1,,NVIDIA Thor,11.0,580.00,13.0,PTX ISA 9.3 / CUDA 13.0,1575.000,,,,fp16,128,128,16,16,32,190,3,discard,same,1,1,16,1,nocount,sw128,sw128,16,16,16,0,512,0,0,none,1,none,0,4,20,410745.0,260.7904761904762,,,,,8192,,20.586292867837706,,,0,0.0,1,bf14b28d2af4128daa99f23eec8a5e105636d0b04136f8be580fdc39d6f1f97d,same_d
02_latency_throughput,lat_fp16_m128n128k16_same_d_in1_q16,1,,NVIDIA Thor,11.0,580.00,13.0,PTX ISA 9.3 / CUDA 13.0,1575.000,,,,fp16,128,128,16,16,32,190,4,discard,same,1,1,16,1,nocount,sw128,sw128,16,16,16,0,512,0,0,none,1,none,0,4,20,410652.0,260.7314285714286,,,,,8192,,20.590955027614626,,,0,0.0,1,bf14b28d2af4128daa99f23eec8a5e105636d0b04136f8be580fdc39d6f1f97d,same_d
02_latency_throughput,lat_bf16_m128n64k16_legal_ring_in1_q2,1,,NVIDIA Thor,11.0,580.00,13.0,PTX ISA 9.3 / CUDA 13.0,1575.000,,,,bf16,128,64,16,2,256,191,0,discard,same,8,8,2,1,nocount,sw128,sw128,16,16,16,0,512,0,64,none,1,none,0,4,20,648046.0,411.4577777777778,,,,,6144,,6.524009764738923,,,0,0.0,1,bf14b28d2af4128daa99f23eec8a5e105636d0b04136f8be580fdc39d6f1f97d,legal_ring; UTCHMMA=21;UTCHMMA_WS=16;UTCBAR=1;UTCATOMSWS=3;SYNCS_TRYWAIT=8;LDS=21;LDG=9;ptx_tcgen05_mma=21;ptx_tcgen05_mma_ws=16;ptx_tcgen05_commit=1;ptx_tcgen05_alloc=1;ptx_tcgen05_dealloc=1;ptx_tcgen05_ld=5;ptx_tcgen05_st=5;ptx_mbarrier_wait=5;ptx_cp_async_tma=2;ptx_ld_shared=26;ptx_ld_global=7
02_latency_throughput,lat_bf16_m128n64k16_legal_ring_in1_q2,1,,NVIDIA Thor,11.0,580.00,13.0,PTX ISA 9.3 / CUDA 13.0,1575.000,,,,bf16,128,64,16,2,256,191,1,discard,same,8,8,2,1,nocount,sw128,sw128,16,16,16,0,512,0,64,none,1,none,0,4,20,648042.0,411.4552380952381,,,,,6144,,6.524050033794105,,,0,0.0,1,bf14b28d2af4128daa99f23eec8a5e105636d0b04136f8be580fdc39d6f1f97d,legal_ring
02_latency_throughput,lat_bf16_m128n64k16_legal_ring_in1_q2,1,,NVIDIA Thor,11.0,580.00,13.0,PTX ISA 9.3 / CUDA 13.0,1575.000,,,,bf16,128,64,16,2,256,191,2,discard,same,8,8,2,1,nocount,sw128,sw128,16,16,16,0,512,0,64,none,1,none,0,4,20,648044.0,411.45650793650793,,,,,6144,,6.524029899204375,,,0,0.0,1,bf14b28d2af4128daa99f23eec8a5e105636d0b04136f8be580fdc39d6f1f97d,legal_ring
02_latency_throughput,lat_bf16_m128n64k16_legal_ring_in1_q2,1,,NVIDIA Thor,11.0,580.00,13.0,PTX ISA 9.3 / CUDA 13.0,1575.000,,,,bf16,128,64,16,2,256,191,3,discard,same,8,8,2,1,nocount,sw128,sw128,16,16,16,0,512,0,64,none,1,none,0,4,20,648044.0,411.45650793650793,,,,,6144,,6.524029899204375,,,0,0.0,1,bf14b28d2af4128daa99f23eec8a5e105636d0b04136f8be580fdc39d6f1f97d,legal_ring
02_latency_throughput,lat_bf16_m128n64k16_legal_ring_in1_q2,1,,NVIDIA Thor,11.0,580.00,13.0,PTX ISA 9.3 / CUDA 13.0,1575.000,,,,bf16,128,64,16,2,256,191,4,discard,same,8,8,2,1,nocount,sw128,sw128,16,16,16,0,512,0,64,none,1,none,0,4,20,648048.0,411.4590476190476,,,,,6144,,6.5239896303977485,,,0,0.0,1,bf14b28d2af4128daa99f23eec8a5e105636d0b04136f8be580fdc39d6f1f97d,legal_ring
02_latency_throughput,lat_fp16_m128n64k16_legal_ring_in0_q6,1,,NVIDIA Thor,11.0,580.00,13.0,PTX ISA 9.3 / CUDA 13.0,1575.000,,,,fp16,128,64,16,6,85,192,0,discard,same,8,8,6,1,nocount,sw128,sw128,16,16,16,0,512,0,64,none,0,none,0,4,20,512403.0,325.3352380952381,,,,,6144,,8.218810896891705,,,0,0.0,1,bf14b28d2af4128daa99f23eec8a5e105636d0b04136f8be580fdc39d6f1f97d,legal_ring; UTCHMMA=21;UTCHMMA_WS=16;UTCBAR=1;UTCATOMSWS=3;SYNCS_TRYWAIT=8;LDS=21;LDG=9;ptx_tcgen05_mma=21;ptx_tcgen05_mma_ws=16;ptx_tcgen05_commit=1;ptx_tcgen05_alloc=1;ptx_tcgen05_dealloc=1;ptx_tcgen05_ld=5;ptx_tcgen05_st=5;ptx_mbarrier_wait=5;ptx_cp_async_tma=2;ptx_ld_shared=26;ptx_ld_global=7
02_latency_throughput,lat_fp16_m128n64k16_legal_ring_in0_q6,1,,NVIDIA Thor,11.0,580.00,13.0,PTX ISA 9.3 / CUDA 13.0,1575.000,,,,fp16,128,64,16,6,85,192,1,discard,same,8,8,6,1,nocount,sw128,sw128,16,16,16,0,512,0,64,none,0,none,0,4,20,512402.0,325.33460317460316,,,,,6144,,8.21882693666301,,,0,0.0,1,bf14b28d2af4128daa99f23eec8a5e105636d0b04136f8be580fdc39d6f1f97d,legal_ring
02_latency_throughput,lat_fp16_m128n64k16_legal_ring_in0_q6,1,,NVIDIA Thor,11.0,580.00,13.0,PTX ISA 9.3 / CUDA 13.0,1575.000,,,,fp16,128,64,16,6,85,192,2,discard,same,8,8,6,1,nocount,sw128,sw128,16,16,16,0,512,0,64,none,0,none,0,4,20,512404.0,325.335873015873,,,,,6144,,8.218794857183005,,,0,0.0,1,bf14b28d2af4128daa99f23eec8a5e105636d0b04136f8be580fdc39d6f1f97d,legal_ring
02_latency_throughput,lat_fp16_m128n64k16_legal_ring_in0_q6,1,,NVIDIA Thor,11.0,580.00,13.0,PTX ISA 9.3 / CUDA 13.0,1575.000,,,,fp16,128,64,16,6,85,192,3,discard,same,8,8,6,1,nocount,sw128,sw128,16,16,16,0,512,0,64,none,0,none,0,4,20,512408.0,325.3384126984127,,,,,6144,,8.218730698974255,,,0,0.0,1,bf14b28d2af4128daa99f23eec8a5e105636d0b04136f8be580fdc39d6f1f97d,legal_ring
02_latency_throughput,lat_fp16_m128n64k16_legal_ring_in0_q6,1,,NVIDIA Thor,11.0,580.00,13.0,PTX ISA 9.3 / CUDA 13.0,1575.000,,,,fp16,128,64,16,6,85,192,4,discard,same,8,8,6,1,nocount,sw128,sw128,16,16,16,0,512,0,64,none,0,none,0,4,20,512408.0,325.3384126984127,,,,,6144,,8.218730698974255,,,0,0.0,1,bf14b28d2af4128daa99f23eec8a5e105636d0b04136f8be580fdc39d6f1f97d,legal_ring
02_latency_throughput,commit_prefix_c4_p2,1,,NVIDIA Thor,11.0,580.00,13.0,PTX ISA 9.3 / CUDA 13.0,1575.000,,,,bf16,128,128,16,16,128,193,0,discard,same,4,4,4,2,count,sw128,sw128,16,16,16,0,512,0,128,none,0,none,0,4,20,2179407.0,1383.750476190476,,,,,8192,,15.519298348587482,,,0,0.0,1,bf14b28d2af4128daa99f23eec8a5e105636d0b04136f8be580fdc39d6f1f97d,commit prefix scan; pending_mbarriers is prefix tracking count; UTCHMMA=21;UTCHMMA_WS=16;UTCBAR=1;UTCATOMSWS=3;SYNCS_TRYWAIT=8;LDS=21;LDG=9;ptx_tcgen05_mma=21;ptx_tcgen05_mma_ws=16;ptx_tcgen05_commit=1;ptx_tcgen05_alloc=1;ptx_tcgen05_dealloc=1;ptx_tcgen05_ld=5;ptx_tcgen05_st=5;ptx_mbarrier_wait=5;ptx_cp_async_tma=2;ptx_ld_shared=26;ptx_ld_global=7
02_latency_throughput,commit_prefix_c4_p2,1,,NVIDIA Thor,11.0,580.00,13.0,PTX ISA 9.3 / CUDA 13.0,1575.000,,,,bf16,128,128,16,16,128,193,1,discard,same,4,4,4,2,count,sw128,sw128,16,16,16,0,512,0,128,none,0,none,0,4,20,2179405.0,1383.7492063492064,,,,,8192,,15.519312590362967,,,0,0.0,1,bf14b28d2af4128daa99f23eec8a5e105636d0b04136f8be580fdc39d6f1f97d,commit prefix scan; pending_mbarriers is prefix tracking count
02_latency_throughput,commit_prefix_c4_p2,1,,NVIDIA Thor,11.0,580.00,13.0,PTX ISA 9.3 / CUDA 13.0,1575.000,,,,bf16,128,128,16,16,128,193,2,discard,same,4,4,4,2,count,sw128,sw128,16,16,16,0,512,0,128,none,0,none,0,4,20,2179415.0,1383.7555555555555,,,,,8192,,15.519241381746937,,,0,0.0,1,bf14b28d2af4128daa99f23eec8a5e105636d0b04136f8be580fdc39d6f1f97d,commit prefix scan; pending_mbarriers is prefix tracking count
02_latency_throughput,commit_prefix_c4_p2,1,,NVIDIA Thor,11.0,580.00,13.0,PTX ISA 9.3 / CUDA 13.0,1575.000,,,,bf16,128,128,16,16,128,193,3,discard,same,4,4,4,2,count,sw128,sw128,16,16,16,0,512,0,128,none,0,none,0,4,20,2179411.0,1383.753015873016,,,,,8192,,15.519269865114932,,,0,0.0,1,bf14b28d2af4128daa99f23eec8a5e105636d0b04136f8be580fdc39d6f1f97d,commit prefix scan; pending_mbarriers is prefix tracking count
02_latency_throughput,commit_prefix_c4_p2,1,,NVIDIA Thor,11.0,580.00,13.0,PTX ISA 9.3 / CUDA 13.0,1575.000,,,,bf16,128,128,16,16,128,193,4,discard,same,4,4,4,2,count,sw128,sw128,16,16,16,0,512,0,128,none,0,none,0,4,20,2179402.0,1383.7473015873015,,,,,8192,,15.5193339530752,,,0,0.0,1,bf14b28d2af4128daa99f23eec8a5e105636d0b04136f8be580fdc39d6f1f97d,commit prefix scan; pending_mbarriers is prefix tracking count
02_latency_throughput,lat_bf16_m128n256k16_same_d_in0_q16,1,,NVIDIA Thor,11.0,580.00,13.0,PTX ISA 9.3 / CUDA 13.0,1575.000,,,,bf16,128,256,16,16,32,194,0,discard,same,1,1,16,1,nocount,sw128,sw128,16,16,16,0,512,0,0,none,0,none,0,4,20,410638.0,260.72253968253966,,,,,12288,,41.183314081989494,,,0,0.0,1,bf14b28d2af4128daa99f23eec8a5e105636d0b04136f8be580fdc39d6f1f97d,same_d; UTCHMMA=21;UTCHMMA_WS=16;UTCBAR=1;UTCATOMSWS=3;SYNCS_TRYWAIT=8;LDS=21;LDG=9;ptx_tcgen05_mma=21;ptx_tcgen05_mma_ws=16;ptx_tcgen05_commit=1;ptx_tcgen05_alloc=1;ptx_tcgen05_dealloc=1;ptx_tcgen05_ld=5;ptx_tcgen05_st=5;ptx_mbarrier_wait=5;ptx_cp_async_tma=2;ptx_ld_shared=26;ptx_ld_global=7
02_latency_throughput,lat_bf16_m128n256k16_same_d_in0_q16,1,,NVIDIA Thor,11.0,580.00,13.0,PTX ISA 9.3 / CUDA 13.0,1575.000,,,,bf16,128,256,16,16,32,194,1,discard,same,1,1,16,1,nocount,sw128,sw128,16,16,16,0,512,0,0,none,0,none,0,4,20,410631.0,260.71809523809526,,,,,12288,,41.18401613127114,,,0,0.0,1,bf14b28d2af4128daa99f23eec8a5e105636d0b04136f8be580fdc39d6f1f97d,same_d
02_latency_throughput,lat_bf16_m128n256k16_same_d_in0_q16,1,,NVIDIA Thor,11.0,580.00,13.0,PTX ISA 9.3 / CUDA 13.0,1575.000,,,,bf16,128,256,16,16,32,194,2,discard,same,1,1,16,1,nocount,sw128,sw128,16,16,16,0,512,0,0,none,0,none,0,4,20,410627.0,260.71555555555557,,,,,12288,,41.184417313035915,,,0,0.0,1,bf14b28d2af4128daa99f23eec8a5e105636d0b04136f8be580fdc39d6f1f97d,same_d
02_latency_throughput,lat_bf16_m128n256k16_same_d_in0_q16,1,,NVIDIA Thor,11.0,580.00,13.0,PTX ISA 9.3 / CUDA 13.0,1575.000,,,,bf16,128,256,16,16,32,194,3,discard,same,1,1,16,1,nocount,sw128,sw128,16,16,16,0,512,0,0,none,0,none,0,4,20,410633.0,260.7193650793651,,,,,12288,,41.1838155433197,,,0,0.0,1,bf14b28d2af4128daa99f23eec8a5e105636d0b04136f8be580fdc39d6f1f97d,same_d
02_latency_throughput,lat_bf16_m128n256k16_same_d_in0_q16,1,,NVIDIA Thor,11.0,580.00,13.0,PTX ISA 9.3 / CUDA 13.0,1575.000,,,,bf16,128,256,16,16,32,194,4,discard,same,1,1,16,1,nocount,sw128,sw128,16,16,16,0,512,0,0,none,0,none,0,4,20,410634.0,260.71999999999997,,,,,12288,,41.18371525007671,,,0,0.0,1,bf14b28d2af4128daa99f23eec8a5e105636d0b04136f8be580fdc39d6f1f97d,same_d
02_latency_throughput,lat_fp16_m128n128k16_same_d_in0_q16,1,,NVIDIA Thor,11.0,580.00,13.0,PTX ISA 9.3 / CUDA 13.0,1575.000,,,,fp16,128,128,16,16,32,195,0,discard,same,1,1,16,1,nocount,sw128,sw128,16,16,16,0,512,0,0,none,0,none,0,4,20,410748.0,260.79238095238094,,,,,8192,,20.58614251073651,,,0,0.0,1,bf14b28d2af4128daa99f23eec8a5e105636d0b04136f8be580fdc39d6f1f97d,same_d; UTCHMMA=21;UTCHMMA_WS=16;UTCBAR=1;UTCATOMSWS=3;SYNCS_TRYWAIT=8;LDS=21;LDG=9;ptx_tcgen05_mma=21;ptx_tcgen05_mma_ws=16;ptx_tcgen05_commit=1;ptx_tcgen05_alloc=1;ptx_tcgen05_dealloc=1;ptx_tcgen05_ld=5;ptx_tcgen05_st=5;ptx_mbarrier_wait=5;ptx_cp_async_tma=2;ptx_ld_shared=26;ptx_ld_global=7
02_latency_throughput,lat_fp16_m128n128k16_same_d_in0_q16,1,,NVIDIA Thor,11.0,580.00,13.0,PTX ISA 9.3 / CUDA 13.0,1575.000,,,,fp16,128,128,16,16,32,195,1,discard,same,1,1,16,1,nocount,sw128,sw128,16,16,16,0,512,0,0,none,0,none,0,4,20,410654.0,260.7326984126984,,,,,8192,,20.590854743896323,,,0,0.0,1,bf14b28d2af4128daa99f23eec8a5e105636d0b04136f8be580fdc39d6f1f97d,same_d
02_latency_throughput,lat_fp16_m128n128k16_same_d_in0_q16,1,,NVIDIA Thor,11.0,580.00,13.0,PTX ISA 9.3 / CUDA 13.0,1575.000,,,,fp16,128,128,16,16,32,195,2,discard,same,1,1,16,1,nocount,sw128,sw128,16,16,16,0,512,0,0,none,0,none,0,4,20,410654.0,260.7326984126984,,,,,8192,,20.590854743896323,,,0,0.0,1,bf14b28d2af4128daa99f23eec8a5e105636d0b04136f8be580fdc39d6f1f97d,same_d
02_latency_throughput,lat_fp16_m128n128k16_same_d_in0_q16,1,,NVIDIA Thor,11.0,580.00,13.0,PTX ISA 9.3 / CUDA 13.0,1575.000,,,,fp16,128,128,16,16,32,195,3,discard,same,1,1,16,1,nocount,sw128,sw128,16,16,16,0,512,0,0,none,0,none,0,4,20,410657.0,260.7346031746032,,,,,8192,,20.59070432015039,,,0,0.0,1,bf14b28d2af4128daa99f23eec8a5e105636d0b04136f8be580fdc39d6f1f97d,same_d
02_latency_throughput,lat_fp16_m128n128k16_same_d_in0_q16,1,,NVIDIA Thor,11.0,580.00,13.0,PTX ISA 9.3 / CUDA 13.0,1575.000,,,,fp16,128,128,16,16,32,195,4,discard,same,1,1,16,1,nocount,sw128,sw128,16,16,16,0,512,0,0,none,0,none,0,4,20,410659.0,260.73587301587304,,,,,8192,,20.5906040388741,,,0,0.0,1,bf14b28d2af4128daa99f23eec8a5e105636d0b04136f8be580fdc39d6f1f97d,same_d
02_latency_throughput,lat_bf16_m128n64k16_same_d_in1_q12,1,,NVIDIA Thor,11.0,580.00,13.0,PTX ISA 9.3 / CUDA 13.0,1575.000,,,,bf16,128,64,16,12,42,196,0,discard,same,1,1,12,1,nocount,sw128,sw128,16,16,16,0,512,0,0,none,1,none,0,4,20,412506.0,261.90857142857146,,,,,6144,,10.089060871841863,,,0,0.0,1,bf14b28d2af4128daa99f23eec8a5e105636d0b04136f8be580fdc39d6f1f97d,same_d; UTCHMMA=21;UTCHMMA_WS=16;UTCBAR=1;UTCATOMSWS=3;SYNCS_TRYWAIT=8;LDS=21;LDG=9;ptx_tcgen05_mma=21;ptx_tcgen05_mma_ws=16;ptx_tcgen05_commit=1;ptx_tcgen05_alloc=1;ptx_tcgen05_dealloc=1;ptx_tcgen05_ld=5;ptx_tcgen05_st=5;ptx_mbarrier_wait=5;ptx_cp_async_tma=2;ptx_ld_shared=26;ptx_ld_global=7
02_latency_throughput,lat_bf16_m128n64k16_same_d_in1_q12,1,,NVIDIA Thor,11.0,580.00,13.0,PTX ISA 9.3 / CUDA 13.0,1575.000,,,,bf16,128,64,16,12,42,196,1,discard,same,1,1,12,1,nocount,sw128,sw128,16,16,16,0,512,0,0,none,1,none,0,4,20,412503.0,261.90666666666664,,,,,6144,,10.08913424629639,,,0,0.0,1,bf14b28d2af4128daa99f23eec8a5e105636d0b04136f8be580fdc39d6f1f97d,same_d
02_latency_throughput,lat_bf16_m128n64k16_same_d_in1_q12,1,,NVIDIA Thor,11.0,580.00,13.0,PTX ISA 9.3 / CUDA 13.0,1575.000,,,,bf16,128,64,16,12,42,196,2,discard,same,1,1,12,1,nocount,sw128,sw128,16,16,16,0,512,0,0,none,1,none,0,4,20,412509.0,261.9104761904762,,,,,6144,,10.08898749845458,,,0,0.0,1,bf14b28d2af4128daa99f23eec8a5e105636d0b04136f8be580fdc39d6f1f97d,same_d
02_latency_throughput,lat_bf16_m128n64k16_same_d_in1_q12,1,,NVIDIA Thor,11.0,580.00,13.0,PTX ISA 9.3 / CUDA 13.0,1575.000,,,,bf16,128,64,16,12,42,196,3,discard,same,1,1,12,1,nocount,sw128,sw128,16,16,16,0,512,0,0,none,1,none,0,4,20,412501.0,261.9053968253968,,,,,6144,,10.089183163192333,,,0,0.0,1,bf14b28d2af4128daa99f23eec8a5e105636d0b04136f8be580fdc39d6f1f97d,same_d
02_latency_throughput,lat_bf16_m128n64k16_same_d_in1_q12,1,,NVIDIA Thor,11.0,580.00,13.0,PTX ISA 9.3 / CUDA 13.0,1575.000,,,,bf16,128,64,16,12,42,196,4,discard,same,1,1,12,1,nocount,sw128,sw128,16,16,16,0,512,0,0,none,1,none,0,4,20,412507.0,261.90920634920633,,,,,6144,,10.089036413927522,,,0,0.0,1,bf14b28d2af4128daa99f23eec8a5e105636d0b04136f8be580fdc39d6f1f97d,same_d
02_latency_throughput,lat_bf16_m128n64k16_legal_ring_in0_q48,1,,NVIDIA Thor,11.0,580.00,13.0,PTX ISA 9.3 / CUDA 13.0,1575.000,,,,bf16,128,64,16,48,10,197,0,discard,same,8,8,48,1,nocount,sw128,sw128,16,16,16,0,512,0,64,none,0,none,0,4,20,427499.0,271.4279365079365,,,,,6144,,9.271641056470308,,,0,0.0,1,bf14b28d2af4128daa99f23eec8a5e105636d0b04136f8be580fdc39d6f1f97d,legal_ring; UTCHMMA=21;UTCHMMA_WS=16;UTCBAR=1;UTCATOMSWS=3;SYNCS_TRYWAIT=8;LDS=21;LDG=9;ptx_tcgen05_mma=21;ptx_tcgen05_mma_ws=16;ptx_tcgen05_commit=1;ptx_tcgen05_alloc=1;ptx_tcgen05_dealloc=1;ptx_tcgen05_ld=5;ptx_tcgen05_st=5;ptx_mbarrier_wait=5;ptx_cp_async_tma=2;ptx_ld_shared=26;ptx_ld_global=7
02_latency_throughput,lat_bf16_m128n64k16_legal_ring_in0_q48,1,,NVIDIA Thor,11.0,580.00,13.0,PTX ISA 9.3 / CUDA 13.0,1575.000,,,,bf16,128,64,16,48,10,197,1,discard,same,8,8,48,1,nocount,sw128,sw128,16,16,16,0,512,0,64,none,0,none,0,4,20,427501.0,271.4292063492063,,,,,6144,,9.271597680473262,,,0,0.0,1,bf14b28d2af4128daa99f23eec8a5e105636d0b04136f8be580fdc39d6f1f97d,legal_ring
02_latency_throughput,lat_bf16_m128n64k16_legal_ring_in0_q48,1,,NVIDIA Thor,11.0,580.00,13.0,PTX ISA 9.3 / CUDA 13.0,1575.000,,,,bf16,128,64,16,48,10,197,2,discard,same,8,8,48,1,nocount,sw128,sw128,16,16,16,0,512,0,64,none,0,none,0,4,20,427496.0,271.42603174603175,,,,,6144,,9.271706121226865,,,0,0.0,1,bf14b28d2af4128daa99f23eec8a5e105636d0b04136f8be580fdc39d6f1f97d,legal_ring
02_latency_throughput,lat_bf16_m128n64k16_legal_ring_in0_q48,1,,NVIDIA Thor,11.0,580.00,13.0,PTX ISA 9.3 / CUDA 13.0,1575.000,,,,bf16,128,64,16,48,10,197,3,discard,same,8,8,48,1,nocount,sw128,sw128,16,16,16,0,512,0,64,none,0,none,0,4,20,427499.0,271.4279365079365,,,,,6144,,9.271641056470308,,,0,0.0,1,bf14b28d2af4128daa99f23eec8a5e105636d0b04136f8be580fdc39d6f1f97d,legal_ring
02_latency_throughput,lat_bf16_m128n64k16_legal_ring_in0_q48,1,,NVIDIA Thor,11.0,580.00,13.0,PTX ISA 9.3 / CUDA 13.0,1575.000,,,,bf16,128,64,16,48,10,197,4,discard,same,8,8,48,1,nocount,sw128,sw128,16,16,16,0,512,0,64,none,0,none,0,4,20,427502.0,271.4298412698413,,,,,6144,,9.271575992626934,,,0,0.0,1,bf14b28d2af4128daa99f23eec8a5e105636d0b04136f8be580fdc39d6f1f97d,legal_ring
02_latency_throughput,lat_bf16_m128n64k16_legal_ring_in1_q6,1,,NVIDIA Thor,11.0,580.00,13.0,PTX ISA 9.3 / CUDA 13.0,1575.000,,,,bf16,128,64,16,6,85,198,0,discard,same,8,8,6,1,nocount,sw128,sw128,16,16,16,0,512,0,64,none,1,none,0,4,20,512406.0,325.33714285714285,,,,,6144,,8.21876277795342,,,0,0.0,1,bf14b28d2af4128daa99f23eec8a5e105636d0b04136f8be580fdc39d6f1f97d,legal_ring; UTCHMMA=21;UTCHMMA_WS=16;UTCBAR=1;UTCATOMSWS=3;SYNCS_TRYWAIT=8;LDS=21;LDG=9;ptx_tcgen05_mma=21;ptx_tcgen05_mma_ws=16;ptx_tcgen05_commit=1;ptx_tcgen05_alloc=1;ptx_tcgen05_dealloc=1;ptx_tcgen05_ld=5;ptx_tcgen05_st=5;ptx_mbarrier_wait=5;ptx_cp_async_tma=2;ptx_ld_shared=26;ptx_ld_global=7
02_latency_throughput,lat_bf16_m128n64k16_legal_ring_in1_q6,1,,NVIDIA Thor,11.0,580.00,13.0,PTX ISA 9.3 / CUDA 13.0,1575.000,,,,bf16,128,64,16,6,85,198,1,discard,same,8,8,6,1,nocount,sw128,sw128,16,16,16,0,512,0,64,none,1,none,0,4,20,512401.0,325.33396825396824,,,,,6144,,8.218842976496925,,,0,0.0,1,bf14b28d2af4128daa99f23eec8a5e105636d0b04136f8be580fdc39d6f1f97d,legal_ring
02_latency_throughput,lat_bf16_m128n64k16_legal_ring_in1_q6,1,,NVIDIA Thor,11.0,580.00,13.0,PTX ISA 9.3 / CUDA 13.0,1575.000,,,,bf16,128,64,16,6,85,198,2,discard,same,8,8,6,1,nocount,sw128,sw128,16,16,16,0,512,0,64,none,1,none,0,4,20,512407.0,325.3377777777778,,,,,6144,,8.218746738432536,,,0,0.0,1,bf14b28d2af4128daa99f23eec8a5e105636d0b04136f8be580fdc39d6f1f97d,legal_ring
02_latency_throughput,lat_bf16_m128n64k16_legal_ring_in1_q6,1,,NVIDIA Thor,11.0,580.00,13.0,PTX ISA 9.3 / CUDA 13.0,1575.000,,,,bf16,128,64,16,6,85,198,3,discard,same,8,8,6,1,nocount,sw128,sw128,16,16,16,0,512,0,64,none,1,none,0,4,20,512406.0,325.33714285714285,,,,,6144,,8.21876277795342,,,0,0.0,1,bf14b28d2af4128daa99f23eec8a5e105636d0b04136f8be580fdc39d6f1f97d,legal_ring
02_latency_throughput,lat_bf16_m128n64k16_legal_ring_in1_q6,1,,NVIDIA Thor,11.0,580.00,13.0,PTX ISA 9.3 / CUDA 13.0,1575.000,,,,bf16,128,64,16,6,85,198,4,discard,same,8,8,6,1,nocount,sw128,sw128,16,16,16,0,512,0,64,none,1,none,0,4,20,512405.0,325.3365079365079,,,,,6144,,8.21877881753691,,,0,0.0,1,bf14b28d2af4128daa99f23eec8a5e105636d0b04136f8be580fdc39d6f1f97d,legal_ring
02_latency_throughput,lat_fp16_m128n256k16_legal_ring_in0_q24,1,,NVIDIA Thor,11.0,580.00,13.0,PTX ISA 9.3 / CUDA 13.0,1575.000,,,,fp16,128,256,16,24,21,199,0,discard,same,2,2,24,1,nocount,sw128,sw128,16,16,16,0,512,0,256,none,0,none,0,4,20,457061.0,290.1974603174603,,,,,12288,,36.422255620146984,,,0,0.0,1,bf14b28d2af4128daa99f23eec8a5e105636d0b04136f8be580fdc39d6f1f97d,legal_ring; UTCHMMA=21;UTCHMMA_WS=16;UTCBAR=1;UTCATOMSWS=3;SYNCS_TRYWAIT=8;LDS=21;LDG=9;ptx_tcgen05_mma=21;ptx_tcgen05_mma_ws=16;ptx_tcgen05_commit=1;ptx_tcgen05_alloc=1;ptx_tcgen05_dealloc=1;ptx_tcgen05_ld=5;ptx_tcgen05_st=5;ptx_mbarrier_wait=5;ptx_cp_async_tma=2;ptx_ld_shared=26;ptx_ld_global=7
02_latency_throughput,lat_fp16_m128n256k16_legal_ring_in0_q24,1,,NVIDIA Thor,11.0,580.00,13.0,PTX ISA 9.3 / CUDA 13.0,1575.000,,,,fp16,128,256,16,24,21,199,1,discard,same,2,2,24,1,nocount,sw128,sw128,16,16,16,0,512,0,256,none,0,none,0,4,20,457082.0,290.2107936507936,,,,,12288,,36.42058225001204,,,0,0.0,1,bf14b28d2af4128daa99f23eec8a5e105636d0b04136f8be580fdc39d6f1f97d,legal_ring
02_latency_throughput,lat_fp16_m128n256k16_legal_ring_in0_q24,1,,NVIDIA Thor,11.0,580.00,13.0,PTX ISA 9.3 / CUDA 13.0,1575.000,,,,fp16,128,256,16,24,21,199,2,discard,same,2,2,24,1,nocount,sw128,sw128,16,16,16,0,512,0,256,none,0,none,0,4,20,457060.0,290.1968253968254,,,,,12288,,36.422335308274626,,,0,0.0,1,bf14b28d2af4128daa99f23eec8a5e105636d0b04136f8be580fdc39d6f1f97d,legal_ring
02_latency_throughput,lat_fp16_m128n256k16_legal_ring_in0_q24,1,,NVIDIA Thor,11.0,580.00,13.0,PTX ISA 9.3 / CUDA 13.0,1575.000,,,,fp16,128,256,16,24,21,199,3,discard,same,2,2,24,1,nocount,sw128,sw128,16,16,16,0,512,0,256,none,0,none,0,4,20,457064.0,290.19936507936507,,,,,12288,,36.42201655785623,,,0,0.0,1,bf14b28d2af4128daa99f23eec8a5e105636d0b04136f8be580fdc39d6f1f97d,legal_ring
02_latency_throughput,lat_fp16_m128n256k16_legal_ring_in0_q24,1,,NVIDIA Thor,11.0,580.00,13.0,PTX ISA 9.3 / CUDA 13.0,1575.000,,,,fp16,128,256,16,24,21,199,4,discard,same,2,2,24,1,nocount,sw128,sw128,16,16,16,0,512,0,256,none,0,none,0,4,20,457065.0,290.2,,,,,12288,,36.42193687112336,,,0,0.0,1,bf14b28d2af4128daa99f23eec8a5e105636d0b04136f8be580fdc39d6f1f97d,legal_ring
02_latency_throughput,lat_bf16_m128n256k16_same_d_in0_q2,1,,NVIDIA Thor,11.0,580.00,13.0,PTX ISA 9.3 / CUDA 13.0,1575.000,,,,bf16,128,256,16,2,256,200,0,discard,same,1,1,2,1,nocount,sw128,sw128,16,16,16,0,512,0,0,none,0,none,0,4,20,586098.0,372.1257142857143,,,,,12288,,28.854276465710512,,,0,0.0,1,bf14b28d2af4128daa99f23eec8a5e105636d0b04136f8be580fdc39d6f1f97d,same_d; UTCHMMA=21;UTCHMMA_WS=16;UTCBAR=1;UTCATOMSWS=3;SYNCS_TRYWAIT=8;LDS=21;LDG=9;ptx_tcgen05_mma=21;ptx_tcgen05_mma_ws=16;ptx_tcgen05_commit=1;ptx_tcgen05_alloc=1;ptx_tcgen05_dealloc=1;ptx_tcgen05_ld=5;ptx_tcgen05_st=5;ptx_mbarrier_wait=5;ptx_cp_async_tma=2;ptx_ld_shared=26;ptx_ld_global=7
02_latency_throughput,lat_bf16_m128n256k16_same_d_in0_q2,1,,NVIDIA Thor,11.0,580.00,13.0,PTX ISA 9.3 / CUDA 13.0,1575.000,,,,bf16,128,256,16,2,256,200,1,discard,same,1,1,2,1,nocount,sw128,sw128,16,16,16,0,512,0,0,none,0,none,0,4,20,586094.0,372.1231746031746,,,,,12288,,28.85447339164025,,,0,0.0,1,bf14b28d2af4128daa99f23eec8a5e105636d0b04136f8be580fdc39d6f1f97d,same_d
02_latency_throughput,lat_bf16_m128n256k16_same_d_in0_q2,1,,NVIDIA Thor,11.0,580.00,13.0,PTX ISA 9.3 / CUDA 13.0,1575.000,,,,bf16,128,256,16,2,256,200,2,discard,same,1,1,2,1,nocount,sw128,sw128,16,16,16,0,512,0,0,none,0,none,0,4,20,586093.0,372.12253968253964,,,,,12288,,28.854522623542678,,,0,0.0,1,bf14b28d2af4128daa99f23eec8a5e105636d0b04136f8be580fdc39d6f1f97d,same_d
02_latency_throughput,lat_bf16_m128n256k16_same_d_in0_q2,1,,NVIDIA Thor,11.0,580.00,13.0,PTX ISA 9.3 / CUDA 13.0,1575.000,,,,bf16,128,256,16,2,256,200,3,discard,same,1,1,2,1,nocount,sw128,sw128,16,16,16,0,512,0,0,none,0,none,0,4,20,586092.0,372.1219047619048,,,,,12288,,28.85457185561311,,,0,0.0,1,bf14b28d2af4128daa99f23eec8a5e105636d0b04136f8be580fdc39d6f1f97d,same_d
02_latency_throughput,lat_bf16_m128n256k16_same_d_in0_q2,1,,NVIDIA Thor,11.0,580.00,13.0,PTX ISA 9.3 / CUDA 13.0,1575.000,,,,bf16,128,256,16,2,256,200,4,discard,same,1,1,2,1,nocount,sw128,sw128,16,16,16,0,512,0,0,none,0,none,0,4,20,586092.0,372.1219047619048,,,,,12288,,28.85457185561311,,,0,0.0,1,bf14b28d2af4128daa99f23eec8a5e105636d0b04136f8be580fdc39d6f1f97d,same_d
02_latency_throughput,lat_fp16_m128n256k16_same_d_in0_q16,1,,NVIDIA Thor,11.0,580.00,13.0,PTX ISA 9.3 / CUDA 13.0,1575.000,,,,fp16,128,256,16,16,32,201,0,discard,same,1,1,16,1,nocount,sw128,sw128,16,16,16,0,512,0,0,none,0,none,0,4,20,410633.0,260.7193650793651,,,,,12288,,41.1838155433197,,,0,0.0,1,bf14b28d2af4128daa99f23eec8a5e105636d0b04136f8be580fdc39d6f1f97d,same_d; UTCHMMA=21;UTCHMMA_WS=16;UTCBAR=1;UTCATOMSWS=3;SYNCS_TRYWAIT=8;LDS=21;LDG=9;ptx_tcgen05_mma=21;ptx_tcgen05_mma_ws=16;ptx_tcgen05_commit=1;ptx_tcgen05_alloc=1;ptx_tcgen05_dealloc=1;ptx_tcgen05_ld=5;ptx_tcgen05_st=5;ptx_mbarrier_wait=5;ptx_cp_async_tma=2;ptx_ld_shared=26;ptx_ld_global=7
02_latency_throughput,lat_fp16_m128n256k16_same_d_in0_q16,1,,NVIDIA Thor,11.0,580.00,13.0,PTX ISA 9.3 / CUDA 13.0,1575.000,,,,fp16,128,256,16,16,32,201,1,discard,same,1,1,16,1,nocount,sw128,sw128,16,16,16,0,512,0,0,none,0,none,0,4,20,410694.0,260.7580952380952,,,,,12288,,41.17769854928487,,,0,0.0,1,bf14b28d2af4128daa99f23eec8a5e105636d0b04136f8be580fdc39d6f1f97d,same_d
02_latency_throughput,lat_fp16_m128n256k16_same_d_in0_q16,1,,NVIDIA Thor,11.0,580.00,13.0,PTX ISA 9.3 / CUDA 13.0,1575.000,,,,fp16,128,256,16,16,32,201,2,discard,same,1,1,16,1,nocount,sw128,sw128,16,16,16,0,512,0,0,none,0,none,0,4,20,410632.0,260.7187301587301,,,,,12288,,41.18391583705118,,,0,0.0,1,bf14b28d2af4128daa99f23eec8a5e105636d0b04136f8be580fdc39d6f1f97d,same_d
02_latency_throughput,lat_fp16_m128n256k16_same_d_in0_q16,1,,NVIDIA Thor,11.0,580.00,13.0,PTX ISA 9.3 / CUDA 13.0,1575.000,,,,fp16,128,256,16,16,32,201,3,discard,same,1,1,16,1,nocount,sw128,sw128,16,16,16,0,512,0,0,none,0,none,0,4,20,410680.0,260.74920634920636,,,,,12288,,41.179102288886725,,,0,0.0,1,bf14b28d2af4128daa99f23eec8a5e105636d0b04136f8be580fdc39d6f1f97d,same_d
02_latency_throughput,lat_fp16_m128n256k16_same_d_in0_q16,1,,NVIDIA Thor,11.0,580.00,13.0,PTX ISA 9.3 / CUDA 13.0,1575.000,,,,fp16,128,256,16,16,32,201,4,discard,same,1,1,16,1,nocount,sw128,sw128,16,16,16,0,512,0,0,none,0,none,0,4,20,410627.0,260.71555555555557,,,,,12288,,41.184417313035915,,,0,0.0,1,bf14b28d2af4128daa99f23eec8a5e105636d0b04136f8be580fdc39d6f1f97d,same_d
02_latency_throughput,lat_bf16_m128n64k16_legal_ring_in0_q24,1,,NVIDIA Thor,11.0,580.00,13.0,PTX ISA 9.3 / CUDA 13.0,1575.000,,,,bf16,128,64,16,24,21,202,0,discard,same,8,8,24,1,nocount,sw128,sw128,16,16,16,0,512,0,64,none,0,none,0,4,20,457016.0,290.1688888888889,,,,,6144,,9.106460482783973,,,0,0.0,1,bf14b28d2af4128daa99f23eec8a5e105636d0b04136f8be580fdc39d6f1f97d,legal_ring; UTCHMMA=21;UTCHMMA_WS=16;UTCBAR=1;UTCATOMSWS=3;SYNCS_TRYWAIT=8;LDS=21;LDG=9;ptx_tcgen05_mma=21;ptx_tcgen05_mma_ws=16;ptx_tcgen05_commit=1;ptx_tcgen05_alloc=1;ptx_tcgen05_dealloc=1;ptx_tcgen05_ld=5;ptx_tcgen05_st=5;ptx_mbarrier_wait=5;ptx_cp_async_tma=2;ptx_ld_shared=26;ptx_ld_global=7
02_latency_throughput,lat_bf16_m128n64k16_legal_ring_in0_q24,1,,NVIDIA Thor,11.0,580.00,13.0,PTX ISA 9.3 / CUDA 13.0,1575.000,,,,bf16,128,64,16,24,21,202,1,discard,same,8,8,24,1,nocount,sw128,sw128,16,16,16,0,512,0,64,none,0,none,0,4,20,457025.0,290.1746031746032,,,,,6144,,9.106281153109785,,,0,0.0,1,bf14b28d2af4128daa99f23eec8a5e105636d0b04136f8be580fdc39d6f1f97d,legal_ring
02_latency_throughput,lat_bf16_m128n64k16_legal_ring_in0_q24,1,,NVIDIA Thor,11.0,580.00,13.0,PTX ISA 9.3 / CUDA 13.0,1575.000,,,,bf16,128,64,16,24,21,202,2,discard,same,8,8,24,1,nocount,sw128,sw128,16,16,16,0,512,0,64,none,0,none,0,4,20,457022.0,290.17269841269837,,,,,6144,,9.106340928883075,,,0,0.0,1,bf14b28d2af4128daa99f23eec8a5e105636d0b04136f8be580fdc39d6f1f97d,legal_ring
02_latency_throughput,lat_bf16_m128n64k16_legal_ring_in0_q24,1,,NVIDIA Thor,11.0,580.00,13.0,PTX ISA 9.3 / CUDA 13.0,1575.000,,,,bf16,128,64,16,24,21,202,3,discard,same,8,8,24,1,nocount,sw128,sw128,16,16,16,0,512,0,64,none,0,none,0,4,20,457015.0,290.16825396825396,,,,,6144,,9.10648040873932,,,0,0.0,1,bf14b28d2af4128daa99f23eec8a5e105636d0b04136f8be580fdc39d6f1f97d,legal_ring
02_latency_throughput,lat_bf16_m128n64k16_legal_ring_in0_q24,1,,NVIDIA Thor,11.0,580.00,13.0,PTX ISA 9.3 / CUDA 13.0,1575.000,,,,bf16,128,64,16,24,21,202,4,discard,same,8,8,24,1,nocount,sw128,sw128,16,16,16,0,512,0,64,none,0,none,0,4,20,457013.0,290.1669841269841,,,,,6144,,9.106520260911616,,,0,0.0,1,bf14b28d2af4128daa99f23eec8a5e105636d0b04136f8be580fdc39d6f1f97d,legal_ring
02_latency_throughput,lat_bf16_m128n256k16_legal_ring_in1_q6,1,,NVIDIA Thor,11.0,580.00,13.0,PTX ISA 9.3 / CUDA 13.0,1575.000,,,,bf16,128,256,16,6,85,203,0,discard,same,2,2,6,1,nocount,sw128,sw128,16,16,16,0,512,0,256,none,1,none,0,4,20,512323.0,325.28444444444443,,,,,12288,,32.88037710584924,,,0,0.0,1,bf14b28d2af4128daa99f23eec8a5e105636d0b04136f8be580fdc39d6f1f97d,legal_ring; UTCHMMA=21;UTCHMMA_WS=16;UTCBAR=1;UTCATOMSWS=3;SYNCS_TRYWAIT=8;LDS=21;LDG=9;ptx_tcgen05_mma=21;ptx_tcgen05_mma_ws=16;ptx_tcgen05_commit=1;ptx_tcgen05_alloc=1;ptx_tcgen05_dealloc=1;ptx_tcgen05_ld=5;ptx_tcgen05_st=5;ptx_mbarrier_wait=5;ptx_cp_async_tma=2;ptx_ld_shared=26;ptx_ld_global=7
02_latency_throughput,lat_bf16_m128n256k16_legal_ring_in1_q6,1,,NVIDIA Thor,11.0,580.00,13.0,PTX ISA 9.3 / CUDA 13.0,1575.000,,,,bf16,128,256,16,6,85,203,1,discard,same,2,2,6,1,nocount,sw128,sw128,16,16,16,0,512,0,256,none,1,none,0,4,20,512321.0,325.2831746031746,,,,,12288,,32.88050546434755,,,0,0.0,1,bf14b28d2af4128daa99f23eec8a5e105636d0b04136f8be580fdc39d6f1f97d,legal_ring
02_latency_throughput,lat_bf16_m128n256k16_legal_ring_in1_q6,1,,NVIDIA Thor,11.0,580.00,13.0,PTX ISA 9.3 / CUDA 13.0,1575.000,,,,bf16,128,256,16,6,85,203,2,discard,same,2,2,6,1,nocount,sw128,sw128,16,16,16,0,512,0,256,none,1,none,0,4,20,512326.0,325.2863492063492,,,,,12288,,32.880184569980834,,,0,0.0,1,bf14b28d2af4128daa99f23eec8a5e105636d0b04136f8be580fdc39d6f1f97d,legal_ring
02_latency_throughput,lat_bf16_m128n256k16_legal_ring_in1_q6,1,,NVIDIA Thor,11.0,580.00,13.0,PTX ISA 9.3 / CUDA 13.0,1575.000,,,,bf16,128,256,16,6,85,203,3,discard,same,2,2,6,1,nocount,sw128,sw128,16,16,16,0,512,0,256,none,1,none,0,4,20,512318.0,325.2812698412698,,,,,12288,,32.880698003974096,,,0,0.0,1,bf14b28d2af4128daa99f23eec8a5e105636d0b04136f8be580fdc39d6f1f97d,legal_ring
02_latency_throughput,lat_bf16_m128n256k16_legal_ring_in1_q6,1,,NVIDIA Thor,11.0,580.00,13.0,PTX ISA 9.3 / CUDA 13.0,1575.000,,,,bf16,128,256,16,6,85,203,4,discard,same,2,2,6,1,nocount,sw128,sw128,16,16,16,0,512,0,256,none,1,none,0,4,20,512319.0,325.28190476190474,,,,,12288,,32.88063382384804,,,0,0.0,1,bf14b28d2af4128daa99f23eec8a5e105636d0b04136f8be580fdc39d6f1f97d,legal_ring
02_latency_throughput,lat_fp16_m128n256k16_legal_ring_in0_q48,1,,NVIDIA Thor,11.0,580.00,13.0,PTX ISA 9.3 / CUDA 13.0,1575.000,,,,fp16,128,256,16,48,10,204,0,discard,same,2,2,48,1,nocount,sw128,sw128,16,16,16,0,512,0,256,none,0,none,0,4,20,427485.0,271.4190476190476,,,,,12288,,37.087778799256114,,,0,0.0,1,bf14b28d2af4128daa99f23eec8a5e105636d0b04136f8be580fdc39d6f1f97d,legal_ring; UTCHMMA=21;UTCHMMA_WS=16;UTCBAR=1;UTCATOMSWS=3;SYNCS_TRYWAIT=8;LDS=21;LDG=9;ptx_tcgen05_mma=21;ptx_tcgen05_mma_ws=16;ptx_tcgen05_commit=1;ptx_tcgen05_alloc=1;ptx_tcgen05_dealloc=1;ptx_tcgen05_ld=5;ptx_tcgen05_st=5;ptx_mbarrier_wait=5;ptx_cp_async_tma=2;ptx_ld_shared=26;ptx_ld_global=7
02_latency_throughput,lat_fp16_m128n256k16_legal_ring_in0_q48,1,,NVIDIA Thor,11.0,580.00,13.0,PTX ISA 9.3 / CUDA 13.0,1575.000,,,,fp16,128,256,16,48,10,204,1,discard,same,2,2,48,1,nocount,sw128,sw128,16,16,16,0,512,0,256,none,0,none,0,4,20,427474.0,271.4120634920635,,,,,12288,,37.08873316271866,,,0,0.0,1,bf14b28d2af4128daa99f23eec8a5e105636d0b04136f8be580fdc39d6f1f97d,legal_ring
02_latency_throughput,lat_fp16_m128n256k16_legal_ring_in0_q48,1,,NVIDIA Thor,11.0,580.00,13.0,PTX ISA 9.3 / CUDA 13.0,1575.000,,,,fp16,128,256,16,48,10,204,2,discard,same,2,2,48,1,nocount,sw128,sw128,16,16,16,0,512,0,256,none,0,none,0,4,20,427471.0,271.41015873015874,,,,,12288,,37.088993452187395,,,0,0.0,1,bf14b28d2af4128daa99f23eec8a5e105636d0b04136f8be580fdc39d6f1f97d,legal_ring
02_latency_throughput,lat_fp16_m128n256k16_legal_ring_in0_q48,1,,NVIDIA Thor,11.0,580.00,13.0,PTX ISA 9.3 / CUDA 13.0,1575.000,,,,fp16,128,256,16,48,10,204,3,discard,same,2,2,48,1,nocount,sw128,sw128,16,16,16,0,512,0,256,none,0,none,0,4,20,427477.0,271.4139682539682,,,,,12288,,37.08847287690332,,,0,0.0,1,bf14b28d2af4128daa99f23eec8a5e105636d0b04136f8be580fdc39d6f1f97d,legal_ring
02_latency_throughput,lat_fp16_m128n256k16_legal_ring_in0_q48,1,,NVIDIA Thor,11.0,580.00,13.0,PTX ISA 9.3 / CUDA 13.0,1575.000,,,,fp16,128,256,16,48,10,204,4,discard,same,2,2,48,1,nocount,sw128,sw128,16,16,16,0,512,0,256,none,0,none,0,4,20,427469.0,271.4088888888889,,,,,12288,,37.08916698052958,,,0,0.0,1,bf14b28d2af4128daa99f23eec8a5e105636d0b04136f8be580fdc39d6f1f97d,legal_ring
02_latency_throughput,lat_fp16_m128n256k16_same_d_in1_q2,1,,NVIDIA Thor,11.0,580.00,13.0,PTX ISA 9.3 / CUDA 13.0,1575.000,,,,fp16,128,256,16,2,256,205,0,discard,same,1,1,2,1,nocount,sw128,sw128,16,16,16,0,512,0,0,none,1,none,0,4,20,586102.0,372.128253968254,,,,,12288,,28.854079542468714,,,0,0.0,1,bf14b28d2af4128daa99f23eec8a5e105636d0b04136f8be580fdc39d6f1f97d,same_d; UTCHMMA=21;UTCHMMA_WS=16;UTCBAR=1;UTCATOMSWS=3;SYNCS_TRYWAIT=8;LDS=21;LDG=9;ptx_tcgen05_mma=21;ptx_tcgen05_mma_ws=16;ptx_tcgen05_commit=1;ptx_tcgen05_alloc=1;ptx_tcgen05_dealloc=1;ptx_tcgen05_ld=5;ptx_tcgen05_st=5;ptx_mbarrier_wait=5;ptx_cp_async_tma=2;ptx_ld_shared=26;ptx_ld_global=7
02_latency_throughput,lat_fp16_m128n256k16_same_d_in1_q2,1,,NVIDIA Thor,11.0,580.00,13.0,PTX ISA 9.3 / CUDA 13.0,1575.000,,,,fp16,128,256,16,2,256,205,1,discard,same,1,1,2,1,nocount,sw128,sw128,16,16,16,0,512,0,0,none,1,none,0,4,20,586108.0,372.1320634920635,,,,,12288,,28.853784162645795,,,0,0.0,1,bf14b28d2af4128daa99f23eec8a5e105636d0b04136f8be580fdc39d6f1f97d,same_d
02_latency_throughput,lat_fp16_m128n256k16_same_d_in1_q2,1,,NVIDIA Thor,11.0,580.00,13.0,PTX ISA 9.3 / CUDA 13.0,1575.000,,,,fp16,128,256,16,2,256,205,2,discard,same,1,1,2,1,nocount,sw128,sw128,16,16,16,0,512,0,0,none,1,none,0,4,20,586093.0,372.12253968253964,,,,,12288,,28.854522623542678,,,0,0.0,1,bf14b28d2af4128daa99f23eec8a5e105636d0b04136f8be580fdc39d6f1f97d,same_d
02_latency_throughput,lat_fp16_m128n256k16_same_d_in1_q2,1,,NVIDIA Thor,11.0,580.00,13.0,PTX ISA 9.3 / CUDA 13.0,1575.000,,,,fp16,128,256,16,2,256,205,3,discard,same,1,1,2,1,nocount,sw128,sw128,16,16,16,0,512,0,0,none,1,none,0,4,20,586092.0,372.1219047619048,,,,,12288,,28.85457185561311,,,0,0.0,1,bf14b28d2af4128daa99f23eec8a5e105636d0b04136f8be580fdc39d6f1f97d,same_d
02_latency_throughput,lat_fp16_m128n256k16_same_d_in1_q2,1,,NVIDIA Thor,11.0,580.00,13.0,PTX ISA 9.3 / CUDA 13.0,1575.000,,,,fp16,128,256,16,2,256,205,4,discard,same,1,1,2,1,nocount,sw128,sw128,16,16,16,0,512,0,0,none,1,none,0,4,20,586100.0,372.12698412698415,,,,,12288,,28.854178003753624,,,0,0.0,1,bf14b28d2af4128daa99f23eec8a5e105636d0b04136f8be580fdc39d6f1f97d,same_d
02_latency_throughput,lat_bf16_m128n64k16_legal_ring_in1_q3,1,,NVIDIA Thor,11.0,580.00,13.0,PTX ISA 9.3 / CUDA 13.0,1575.000,,,,bf16,128,64,16,3,170,206,0,discard,same,8,8,3,1,nocount,sw128,sw128,16,16,16,0,512,0,64,none,1,none,0,4,20,578877.0,367.5409523809524,,,,,6144,,7.275022776859333,,,0,0.0,1,bf14b28d2af4128daa99f23eec8a5e105636d0b04136f8be580fdc39d6f1f97d,legal_ring; UTCHMMA=21;UTCHMMA_WS=16;UTCBAR=1;UTCATOMSWS=3;SYNCS_TRYWAIT=8;LDS=21;LDG=9;ptx_tcgen05_mma=21;ptx_tcgen05_mma_ws=16;ptx_tcgen05_commit=1;ptx_tcgen05_alloc=1;ptx_tcgen05_dealloc=1;ptx_tcgen05_ld=5;ptx_tcgen05_st=5;ptx_mbarrier_wait=5;ptx_cp_async_tma=2;ptx_ld_shared=26;ptx_ld_global=7
02_latency_throughput,lat_bf16_m128n64k16_legal_ring_in1_q3,1,,NVIDIA Thor,11.0,580.00,13.0,PTX ISA 9.3 / CUDA 13.0,1575.000,,,,bf16,128,64,16,3,170,206,1,discard,same,8,8,3,1,nocount,sw128,sw128,16,16,16,0,512,0,64,none,1,none,0,4,20,578903.0,367.5574603174603,,,,,6144,,7.274696037159939,,,0,0.0,1,bf14b28d2af4128daa99f23eec8a5e105636d0b04136f8be580fdc39d6f1f97d,legal_ring
02_latency_throughput,lat_bf16_m128n64k16_legal_ring_in1_q3,1,,NVIDIA Thor,11.0,580.00,13.0,PTX ISA 9.3 / CUDA 13.0,1575.000,,,,bf16,128,64,16,3,170,206,2,discard,same,8,8,3,1,nocount,sw128,sw128,16,16,16,0,512,0,64,none,1,none,0,4,20,578875.0,367.53968253968253,,,,,6144,,7.275047911898078,,,0,0.0,1,bf14b28d2af4128daa99f23eec8a5e105636d0b04136f8be580fdc39d6f1f97d,legal_ring
02_latency_throughput,lat_bf16_m128n64k16_legal_ring_in1_q3,1,,NVIDIA Thor,11.0,580.00,13.0,PTX ISA 9.3 / CUDA 13.0,1575.000,,,,bf16,128,64,16,3,170,206,3,discard,same,8,8,3,1,nocount,sw128,sw128,16,16,16,0,512,0,64,none,1,none,0,4,20,578877.0,367.5409523809524,,,,,6144,,7.275022776859333,,,0,0.0,1,bf14b28d2af4128daa99f23eec8a5e105636d0b04136f8be580fdc39d6f1f97d,legal_ring
02_latency_throughput,lat_bf16_m128n64k16_legal_ring_in1_q3,1,,NVIDIA Thor,11.0,580.00,13.0,PTX ISA 9.3 / CUDA 13.0,1575.000,,,,bf16,128,64,16,3,170,206,4,discard,same,8,8,3,1,nocount,sw128,sw128,16,16,16,0,512,0,64,none,1,none,0,4,20,578884.0,367.54539682539684,,,,,6144,,7.27493480559145,,,0,0.0,1,bf14b28d2af4128daa99f23eec8a5e105636d0b04136f8be580fdc39d6f1f97d,legal_ring
02_latency_throughput,lat_bf16_m128n64k16_legal_ring_in1_q4,1,,NVIDIA Thor,11.0,580.00,13.0,PTX ISA 9.3 / CUDA 13.0,1575.000,,,,bf16,128,64,16,4,128,207,0,discard,same,8,8,4,1,nocount,sw128,sw128,16,16,16,0,512,0,64,none,1,none,0,4,20,547817.0,347.8203174603175,,,,,6144,,7.717647374944553,,,0,0.0,1,bf14b28d2af4128daa99f23eec8a5e105636d0b04136f8be580fdc39d6f1f97d,legal_ring; UTCHMMA=21;UTCHMMA_WS=16;UTCBAR=1;UTCATOMSWS=3;SYNCS_TRYWAIT=8;LDS=21;LDG=9;ptx_tcgen05_mma=21;ptx_tcgen05_mma_ws=16;ptx_tcgen05_commit=1;ptx_tcgen05_alloc=1;ptx_tcgen05_dealloc=1;ptx_tcgen05_ld=5;ptx_tcgen05_st=5;ptx_mbarrier_wait=5;ptx_cp_async_tma=2;ptx_ld_shared=26;ptx_ld_global=7
02_latency_throughput,lat_bf16_m128n64k16_legal_ring_in1_q4,1,,NVIDIA Thor,11.0,580.00,13.0,PTX ISA 9.3 / CUDA 13.0,1575.000,,,,bf16,128,64,16,4,128,207,1,discard,same,8,8,4,1,nocount,sw128,sw128,16,16,16,0,512,0,64,none,1,none,0,4,20,547822.0,347.82349206349204,,,,,6144,,7.717576935573965,,,0,0.0,1,bf14b28d2af4128daa99f23eec8a5e105636d0b04136f8be580fdc39d6f1f97d,legal_ring
02_latency_throughput,lat_bf16_m128n64k16_legal_ring_in1_q4,1,,NVIDIA Thor,11.0,580.00,13.0,PTX ISA 9.3 / CUDA 13.0,1575.000,,,,bf16,128,64,16,4,128,207,2,discard,same,8,8,4,1,nocount,sw128,sw128,16,16,16,0,512,0,64,none,1,none,0,4,20,547817.0,347.8203174603175,,,,,6144,,7.717647374944553,,,0,0.0,1,bf14b28d2af4128daa99f23eec8a5e105636d0b04136f8be580fdc39d6f1f97d,legal_ring
02_latency_throughput,lat_bf16_m128n64k16_legal_ring_in1_q4,1,,NVIDIA Thor,11.0,580.00,13.0,PTX ISA 9.3 / CUDA 13.0,1575.000,,,,bf16,128,64,16,4,128,207,3,discard,same,8,8,4,1,nocount,sw128,sw128,16,16,16,0,512,0,64,none,1,none,0,4,20,547817.0,347.8203174603175,,,,,6144,,7.717647374944553,,,0,0.0,1,bf14b28d2af4128daa99f23eec8a5e105636d0b04136f8be580fdc39d6f1f97d,legal_ring
02_latency_throughput,lat_bf16_m128n64k16_legal_ring_in1_q4,1,,NVIDIA Thor,11.0,580.00,13.0,PTX ISA 9.3 / CUDA 13.0,1575.000,,,,bf16,128,64,16,4,128,207,4,discard,same,8,8,4,1,nocount,sw128,sw128,16,16,16,0,512,0,64,none,1,none,0,4,20,547818.0,347.82095238095235,,,,,6144,,7.71763328696757,,,0,0.0,1,bf14b28d2af4128daa99f23eec8a5e105636d0b04136f8be580fdc39d6f1f97d,legal_ring
02_latency_throughput,lat_fp16_m128n128k16_same_d_in1_q12,1,,NVIDIA Thor,11.0,580.00,13.0,PTX ISA 9.3 / CUDA 13.0,1575.000,,,,fp16,128,128,16,12,42,208,0,discard,same,1,1,12,1,nocount,sw128,sw128,16,16,16,0,512,0,0,none,1,none,0,4,20,412501.0,261.9053968253968,,,,,8192,,20.178366326384666,,,0,0.0,1,bf14b28d2af4128daa99f23eec8a5e105636d0b04136f8be580fdc39d6f1f97d,same_d; UTCHMMA=21;UTCHMMA_WS=16;UTCBAR=1;UTCATOMSWS=3;SYNCS_TRYWAIT=8;LDS=21;LDG=9;ptx_tcgen05_mma=21;ptx_tcgen05_mma_ws=16;ptx_tcgen05_commit=1;ptx_tcgen05_alloc=1;ptx_tcgen05_dealloc=1;ptx_tcgen05_ld=5;ptx_tcgen05_st=5;ptx_mbarrier_wait=5;ptx_cp_async_tma=2;ptx_ld_shared=26;ptx_ld_global=7
02_latency_throughput,lat_fp16_m128n128k16_same_d_in1_q12,1,,NVIDIA Thor,11.0,580.00,13.0,PTX ISA 9.3 / CUDA 13.0,1575.000,,,,fp16,128,128,16,12,42,208,1,discard,same,1,1,12,1,nocount,sw128,sw128,16,16,16,0,512,0,0,none,1,none,0,4,20,412503.0,261.90666666666664,,,,,8192,,20.17826849259278,,,0,0.0,1,bf14b28d2af4128daa99f23eec8a5e105636d0b04136f8be580fdc39d6f1f97d,same_d
02_latency_throughput,lat_fp16_m128n128k16_same_d_in1_q12,1,,NVIDIA Thor,11.0,580.00,13.0,PTX ISA 9.3 / CUDA 13.0,1575.000,,,,fp16,128,128,16,12,42,208,2,discard,same,1,1,12,1,nocount,sw128,sw128,16,16,16,0,512,0,0,none,1,none,0,4,20,412499.0,261.90412698412695,,,,,8192,,20.17846416112524,,,0,0.0,1,bf14b28d2af4128daa99f23eec8a5e105636d0b04136f8be580fdc39d6f1f97d,same_d
02_latency_throughput,lat_fp16_m128n128k16_same_d_in1_q12,1,,NVIDIA Thor,11.0,580.00,13.0,PTX ISA 9.3 / CUDA 13.0,1575.000,,,,fp16,128,128,16,12,42,208,3,discard,same,1,1,12,1,nocount,sw128,sw128,16,16,16,0,512,0,0,none,1,none,0,4,20,412501.0,261.9053968253968,,,,,8192,,20.178366326384666,,,0,0.0,1,bf14b28d2af4128daa99f23eec8a5e105636d0b04136f8be580fdc39d6f1f97d,same_d
02_latency_throughput,lat_fp16_m128n128k16_same_d_in1_q12,1,,NVIDIA Thor,11.0,580.00,13.0,PTX ISA 9.3 / CUDA 13.0,1575.000,,,,fp16,128,128,16,12,42,208,4,discard,same,1,1,12,1,nocount,sw128,sw128,16,16,16,0,512,0,0,none,1,none,0,4,20,412504.0,261.9073015873016,,,,,8192,,20.178219576052594,,,0,0.0,1,bf14b28d2af4128daa99f23eec8a5e105636d0b04136f8be580fdc39d6f1f97d,same_d
02_latency_throughput,lat_bf16_m128n256k16_same_d_in0_q4,1,,NVIDIA Thor,11.0,580.00,13.0,PTX ISA 9.3 / CUDA 13.0,1575.000,,,,bf16,128,256,16,4,128,209,0,discard,same,1,1,4,1,nocount,sw128,sw128,16,16,16,0,512,0,0,none,0,none,0,4,20,485746.0,308.41015873015874,,,,,12288,,34.81538443548686,,,0,0.0,1,bf14b28d2af4128daa99f23eec8a5e105636d0b04136f8be580fdc39d6f1f97d,same_d; UTCHMMA=21;UTCHMMA_WS=16;UTCBAR=1;UTCATOMSWS=3;SYNCS_TRYWAIT=8;LDS=21;LDG=9;ptx_tcgen05_mma=21;ptx_tcgen05_mma_ws=16;ptx_tcgen05_commit=1;ptx_tcgen05_alloc=1;ptx_tcgen05_dealloc=1;ptx_tcgen05_ld=5;ptx_tcgen05_st=5;ptx_mbarrier_wait=5;ptx_cp_async_tma=2;ptx_ld_shared=26;ptx_ld_global=7
02_latency_throughput,lat_bf16_m128n256k16_same_d_in0_q4,1,,NVIDIA Thor,11.0,580.00,13.0,PTX ISA 9.3 / CUDA 13.0,1575.000,,,,bf16,128,256,16,4,128,209,1,discard,same,1,1,4,1,nocount,sw128,sw128,16,16,16,0,512,0,0,none,0,none,0,4,20,485751.0,308.4133333333333,,,,,12288,,34.81502606891185,,,0,0.0,1,bf14b28d2af4128daa99f23eec8a5e105636d0b04136f8be580fdc39d6f1f97d,same_d
02_latency_throughput,lat_bf16_m128n256k16_same_d_in0_q4,1,,NVIDIA Thor,11.0,580.00,13.0,PTX ISA 9.3 / CUDA 13.0,1575.000,,,,bf16,128,256,16,4,128,209,2,discard,same,1,1,4,1,nocount,sw128,sw128,16,16,16,0,512,0,0,none,0,none,0,4,20,485745.0,308.4095238095238,,,,,12288,,34.81545610968718,,,0,0.0,1,bf14b28d2af4128daa99f23eec8a5e105636d0b04136f8be580fdc39d6f1f97d,same_d
02_latency_throughput,lat_bf16_m128n256k16_same_d_in0_q4,1,,NVIDIA Thor,11.0,580.00,13.0,PTX ISA 9.3 / CUDA 13.0,1575.000,,,,bf16,128,256,16,4,128,209,3,discard,same,1,1,4,1,nocount,sw128,sw128,16,16,16,0,512,0,0,none,0,none,0,4,20,485740.0,308.4063492063492,,,,,12288,,34.81581448511549,,,0,0.0,1,bf14b28d2af4128daa99f23eec8a5e105636d0b04136f8be580fdc39d6f1f97d,same_d
02_latency_throughput,lat_bf16_m128n256k16_same_d_in0_q4,1,,NVIDIA Thor,11.0,580.00,13.0,PTX ISA 9.3 / CUDA 13.0,1575.000,,,,bf16,128,256,16,4,128,209,4,discard,same,1,1,4,1,nocount,sw128,sw128,16,16,16,0,512,0,0,none,0,none,0,4,20,485743.0,308.408253968254,,,,,12288,,34.81559945897316,,,0,0.0,1,bf14b28d2af4128daa99f23eec8a5e105636d0b04136f8be580fdc39d6f1f97d,same_d
02_latency_throughput,lat_bf16_m128n256k16_same_d_in1_q3,1,,NVIDIA Thor,11.0,580.00,13.0,PTX ISA 9.3 / CUDA 13.0,1575.000,,,,bf16,128,256,16,3,170,210,0,discard,same,1,1,3,1,nocount,sw128,sw128,16,16,16,0,512,0,0,none,1,none,0,4,20,517166.0,328.3593650793651,,,,,12288,,32.572468878464555,,,0,0.0,1,bf14b28d2af4128daa99f23eec8a5e105636d0b04136f8be580fdc39d6f1f97d,same_d; UTCHMMA=21;UTCHMMA_WS=16;UTCBAR=1;UTCATOMSWS=3;SYNCS_TRYWAIT=8;LDS=21;LDG=9;ptx_tcgen05_mma=21;ptx_tcgen05_mma_ws=16;ptx_tcgen05_commit=1;ptx_tcgen05_alloc=1;ptx_tcgen05_dealloc=1;ptx_tcgen05_ld=5;ptx_tcgen05_st=5;ptx_mbarrier_wait=5;ptx_cp_async_tma=2;ptx_ld_shared=26;ptx_ld_global=7
02_latency_throughput,lat_bf16_m128n256k16_same_d_in1_q3,1,,NVIDIA Thor,11.0,580.00,13.0,PTX ISA 9.3 / CUDA 13.0,1575.000,,,,bf16,128,256,16,3,170,210,1,discard,same,1,1,3,1,nocount,sw128,sw128,16,16,16,0,512,0,0,none,1,none,0,4,20,517174.0,328.3644444444445,,,,,12288,,32.57196502531063,,,0,0.0,1,bf14b28d2af4128daa99f23eec8a5e105636d0b04136f8be580fdc39d6f1f97d,same_d
02_latency_throughput,lat_bf16_m128n256k16_same_d_in1_q3,1,,NVIDIA Thor,11.0,580.00,13.0,PTX ISA 9.3 / CUDA 13.0,1575.000,,,,bf16,128,256,16,3,170,210,2,discard,same,1,1,3,1,nocount,sw128,sw128,16,16,16,0,512,0,0,none,1,none,0,4,20,517174.0,328.3644444444445,,,,,12288,,32.57196502531063,,,0,0.0,1,bf14b28d2af4128daa99f23eec8a5e105636d0b04136f8be580fdc39d6f1f97d,same_d
02_latency_throughput,lat_bf16_m128n256k16_same_d_in1_q3,1,,NVIDIA Thor,11.0,580.00,13.0,PTX ISA 9.3 / CUDA 13.0,1575.000,,,,bf16,128,256,16,3,170,210,3,discard,same,1,1,3,1,nocount,sw128,sw128,16,16,16,0,512,0,0,none,1,none,0,4,20,517170.0,328.3619047619048,,,,,12288,,32.57221694993909,,,0,0.0,1,bf14b28d2af4128daa99f23eec8a5e105636d0b04136f8be580fdc39d6f1f97d,same_d
02_latency_throughput,lat_bf16_m128n256k16_same_d_in1_q3,1,,NVIDIA Thor,11.0,580.00,13.0,PTX ISA 9.3 / CUDA 13.0,1575.000,,,,bf16,128,256,16,3,170,210,4,discard,same,1,1,3,1,nocount,sw128,sw128,16,16,16,0,512,0,0,none,1,none,0,4,20,517172.0,328.3631746031746,,,,,12288,,32.57209098713774,,,0,0.0,1,bf14b28d2af4128daa99f23eec8a5e105636d0b04136f8be580fdc39d6f1f97d,same_d
02_latency_throughput,lat_fp16_m128n256k16_same_d_in1_q3,1,,NVIDIA Thor,11.0,580.00,13.0,PTX ISA 9.3 / CUDA 13.0,1575.000,,,,fp16,128,256,16,3,170,211,0,discard,same,1,1,3,1,nocount,sw128,sw128,16,16,16,0,512,0,0,none,1,none,0,4,20,517168.0,328.36063492063494,,,,,12288,,32.57234291371469,,,0,0.0,1,bf14b28d2af4128daa99f23eec8a5e105636d0b04136f8be580fdc39d6f1f97d,same_d; UTCHMMA=21;UTCHMMA_WS=16;UTCBAR=1;UTCATOMSWS=3;SYNCS_TRYWAIT=8;LDS=21;LDG=9;ptx_tcgen05_mma=21;ptx_tcgen05_mma_ws=16;ptx_tcgen05_commit=1;ptx_tcgen05_alloc=1;ptx_tcgen05_dealloc=1;ptx_tcgen05_ld=5;ptx_tcgen05_st=5;ptx_mbarrier_wait=5;ptx_cp_async_tma=2;ptx_ld_shared=26;ptx_ld_global=7
02_latency_throughput,lat_fp16_m128n256k16_same_d_in1_q3,1,,NVIDIA Thor,11.0,580.00,13.0,PTX ISA 9.3 / CUDA 13.0,1575.000,,,,fp16,128,256,16,3,170,211,1,discard,same,1,1,3,1,nocount,sw128,sw128,16,16,16,0,512,0,0,none,1,none,0,4,20,517175.0,328.36507936507934,,,,,12288,,32.57190204476242,,,0,0.0,1,bf14b28d2af4128daa99f23eec8a5e105636d0b04136f8be580fdc39d6f1f97d,same_d
02_latency_throughput,lat_fp16_m128n256k16_same_d_in1_q3,1,,NVIDIA Thor,11.0,580.00,13.0,PTX ISA 9.3 / CUDA 13.0,1575.000,,,,fp16,128,256,16,3,170,211,2,discard,same,1,1,3,1,nocount,sw128,sw128,16,16,16,0,512,0,0,none,1,none,0,4,20,517174.0,328.3644444444445,,,,,12288,,32.57196502531063,,,0,0.0,1,bf14b28d2af4128daa99f23eec8a5e105636d0b04136f8be580fdc39d6f1f97d,same_d
02_latency_throughput,lat_fp16_m128n256k16_same_d_in1_q3,1,,NVIDIA Thor,11.0,580.00,13.0,PTX ISA 9.3 / CUDA 13.0,1575.000,,,,fp16,128,256,16,3,170,211,3,discard,same,1,1,3,1,nocount,sw128,sw128,16,16,16,0,512,0,0,none,1,none,0,4,20,517175.0,328.36507936507934,,,,,12288,,32.57190204476242,,,0,0.0,1,bf14b28d2af4128daa99f23eec8a5e105636d0b04136f8be580fdc39d6f1f97d,same_d
02_latency_throughput,lat_fp16_m128n256k16_same_d_in1_q3,1,,NVIDIA Thor,11.0,580.00,13.0,PTX ISA 9.3 / CUDA 13.0,1575.000,,,,fp16,128,256,16,3,170,211,4,discard,same,1,1,3,1,nocount,sw128,sw128,16,16,16,0,512,0,0,none,1,none,0,4,20,517176.0,328.3657142857143,,,,,12288,,32.57183906445775,,,0,0.0,1,bf14b28d2af4128daa99f23eec8a5e105636d0b04136f8be580fdc39d6f1f97d,same_d
02_latency_throughput,lat_bf16_m128n128k16_same_d_in1_q3,1,,NVIDIA Thor,11.0,580.00,13.0,PTX ISA 9.3 / CUDA 13.0,1575.000,,,,bf16,128,128,16,3,170,212,0,discard,same,1,1,3,1,nocount,sw128,sw128,16,16,16,0,512,0,0,none,1,none,0,4,20,517170.0,328.3619047619048,,,,,8192,,16.286108474969545,,,0,0.0,1,bf14b28d2af4128daa99f23eec8a5e105636d0b04136f8be580fdc39d6f1f97d,same_d; UTCHMMA=21;UTCHMMA_WS=16;UTCBAR=1;UTCATOMSWS=3;SYNCS_TRYWAIT=8;LDS=21;LDG=9;ptx_tcgen05_mma=21;ptx_tcgen05_mma_ws=16;ptx_tcgen05_commit=1;ptx_tcgen05_alloc=1;ptx_tcgen05_dealloc=1;ptx_tcgen05_ld=5;ptx_tcgen05_st=5;ptx_mbarrier_wait=5;ptx_cp_async_tma=2;ptx_ld_shared=26;ptx_ld_global=7
02_latency_throughput,lat_bf16_m128n128k16_same_d_in1_q3,1,,NVIDIA Thor,11.0,580.00,13.0,PTX ISA 9.3 / CUDA 13.0,1575.000,,,,bf16,128,128,16,3,170,212,1,discard,same,1,1,3,1,nocount,sw128,sw128,16,16,16,0,512,0,0,none,1,none,0,4,20,517174.0,328.3644444444445,,,,,8192,,16.285982512655316,,,0,0.0,1,bf14b28d2af4128daa99f23eec8a5e105636d0b04136f8be580fdc39d6f1f97d,same_d
02_latency_throughput,lat_bf16_m128n128k16_same_d_in1_q3,1,,NVIDIA Thor,11.0,580.00,13.0,PTX ISA 9.3 / CUDA 13.0,1575.000,,,,bf16,128,128,16,3,170,212,2,discard,same,1,1,3,1,nocount,sw128,sw128,16,16,16,0,512,0,0,none,1,none,0,4,20,517175.0,328.36507936507934,,,,,8192,,16.28595102238121,,,0,0.0,1,bf14b28d2af4128daa99f23eec8a5e105636d0b04136f8be580fdc39d6f1f97d,same_d
02_latency_throughput,lat_bf16_m128n128k16_same_d_in1_q3,1,,NVIDIA Thor,11.0,580.00,13.0,PTX ISA 9.3 / CUDA 13.0,1575.000,,,,bf16,128,128,16,3,170,212,3,discard,same,1,1,3,1,nocount,sw128,sw128,16,16,16,0,512,0,0,none,1,none,0,4,20,517171.0,328.36253968253965,,,,,8192,,16.286076984208318,,,0,0.0,1,bf14b28d2af4128daa99f23eec8a5e105636d0b04136f8be580fdc39d6f1f97d,same_d
02_latency_throughput,lat_bf16_m128n128k16_same_d_in1_q3,1,,NVIDIA Thor,11.0,580.00,13.0,PTX ISA 9.3 / CUDA 13.0,1575.000,,,,bf16,128,128,16,3,170,212,4,discard,same,1,1,3,1,nocount,sw128,sw128,16,16,16,0,512,0,0,none,1,none,0,4,20,517169.0,328.3612698412698,,,,,8192,,16.286139965852556,,,0,0.0,1,bf14b28d2af4128daa99f23eec8a5e105636d0b04136f8be580fdc39d6f1f97d,same_d
02_latency_throughput,lat_fp16_m128n256k16_legal_ring_in1_q6,1,,NVIDIA Thor,11.0,580.00,13.0,PTX ISA 9.3 / CUDA 13.0,1575.000,,,,fp16,128,256,16,6,85,213,0,discard,same,2,2,6,1,nocount,sw128,sw128,16,16,16,0,512,0,256,none,1,none,0,4,20,512320.0,325.28253968253966,,,,,12288,,32.880569643972514,,,0,0.0,1,bf14b28d2af4128daa99f23eec8a5e105636d0b04136f8be580fdc39d6f1f97d,legal_ring; UTCHMMA=21;UTCHMMA_WS=16;UTCBAR=1;UTCATOMSWS=3;SYNCS_TRYWAIT=8;LDS=21;LDG=9;ptx_tcgen05_mma=21;ptx_tcgen05_mma_ws=16;ptx_tcgen05_commit=1;ptx_tcgen05_alloc=1;ptx_tcgen05_dealloc=1;ptx_tcgen05_ld=5;ptx_tcgen05_st=5;ptx_mbarrier_wait=5;ptx_cp_async_tma=2;ptx_ld_shared=26;ptx_ld_global=7
02_latency_throughput,lat_fp16_m128n256k16_legal_ring_in1_q6,1,,NVIDIA Thor,11.0,580.00,13.0,PTX ISA 9.3 / CUDA 13.0,1575.000,,,,fp16,128,256,16,6,85,213,1,discard,same,2,2,6,1,nocount,sw128,sw128,16,16,16,0,512,0,256,none,1,none,0,4,20,512318.0,325.2812698412698,,,,,12288,,32.880698003974096,,,0,0.0,1,bf14b28d2af4128daa99f23eec8a5e105636d0b04136f8be580fdc39d6f1f97d,legal_ring
02_latency_throughput,lat_fp16_m128n256k16_legal_ring_in1_q6,1,,NVIDIA Thor,11.0,580.00,13.0,PTX ISA 9.3 / CUDA 13.0,1575.000,,,,fp16,128,256,16,6,85,213,2,discard,same,2,2,6,1,nocount,sw128,sw128,16,16,16,0,512,0,256,none,1,none,0,4,20,512323.0,325.28444444444443,,,,,12288,,32.88037710584924,,,0,0.0,1,bf14b28d2af4128daa99f23eec8a5e105636d0b04136f8be580fdc39d6f1f97d,legal_ring
02_latency_throughput,lat_fp16_m128n256k16_legal_ring_in1_q6,1,,NVIDIA Thor,11.0,580.00,13.0,PTX ISA 9.3 / CUDA 13.0,1575.000,,,,fp16,128,256,16,6,85,213,3,discard,same,2,2,6,1,nocount,sw128,sw128,16,16,16,0,512,0,256,none,1,none,0,4,20,512318.0,325.2812698412698,,,,,12288,,32.880698003974096,,,0,0.0,1,bf14b28d2af4128daa99f23eec8a5e105636d0b04136f8be580fdc39d6f1f97d,legal_ring
02_latency_throughput,lat_fp16_m128n256k16_legal_ring_in1_q6,1,,NVIDIA Thor,11.0,580.00,13.0,PTX ISA 9.3 / CUDA 13.0,1575.000,,,,fp16,128,256,16,6,85,213,4,discard,same,2,2,6,1,nocount,sw128,sw128,16,16,16,0,512,0,256,none,1,none,0,4,20,512327.0,325.2869841269841,,,,,12288,,32.88012039185911,,,0,0.0,1,bf14b28d2af4128daa99f23eec8a5e105636d0b04136f8be580fdc39d6f1f97d,legal_ring
02_latency_throughput,lat_bf16_m128n256k16_same_d_in1_q48,1,,NVIDIA Thor,11.0,580.00,13.0,PTX ISA 9.3 / CUDA 13.0,1575.000,,,,bf16,128,256,16,48,10,214,0,discard,same,1,1,48,1,nocount,sw128,sw128,16,16,16,0,512,0,0,none,1,none,0,4,20,369211.0,234.41968253968255,,,,,12288,,42.94148635874879,,,0,0.0,1,bf14b28d2af4128daa99f23eec8a5e105636d0b04136f8be580fdc39d6f1f97d,same_d; UTCHMMA=21;UTCHMMA_WS=16;UTCBAR=1;UTCATOMSWS=3;SYNCS_TRYWAIT=8;LDS=21;LDG=9;ptx_tcgen05_mma=21;ptx_tcgen05_mma_ws=16;ptx_tcgen05_commit=1;ptx_tcgen05_alloc=1;ptx_tcgen05_dealloc=1;ptx_tcgen05_ld=5;ptx_tcgen05_st=5;ptx_mbarrier_wait=5;ptx_cp_async_tma=2;ptx_ld_shared=26;ptx_ld_global=7
02_latency_throughput,lat_bf16_m128n256k16_same_d_in1_q48,1,,NVIDIA Thor,11.0,580.00,13.0,PTX ISA 9.3 / CUDA 13.0,1575.000,,,,bf16,128,256,16,48,10,214,1,discard,same,1,1,48,1,nocount,sw128,sw128,16,16,16,0,512,0,0,none,1,none,0,4,20,369218.0,234.42412698412699,,,,,12288,,42.940672231581345,,,0,0.0,1,bf14b28d2af4128daa99f23eec8a5e105636d0b04136f8be580fdc39d6f1f97d,same_d
02_latency_throughput,lat_bf16_m128n256k16_same_d_in1_q48,1,,NVIDIA Thor,11.0,580.00,13.0,PTX ISA 9.3 / CUDA 13.0,1575.000,,,,bf16,128,256,16,48,10,214,2,discard,same,1,1,48,1,nocount,sw128,sw128,16,16,16,0,512,0,0,none,1,none,0,4,20,369217.0,234.42349206349206,,,,,12288,,42.9407885335724,,,0,0.0,1,bf14b28d2af4128daa99f23eec8a5e105636d0b04136f8be580fdc39d6f1f97d,same_d
02_latency_throughput,lat_bf16_m128n256k16_same_d_in1_q48,1,,NVIDIA Thor,11.0,580.00,13.0,PTX ISA 9.3 / CUDA 13.0,1575.000,,,,bf16,128,256,16,48,10,214,3,discard,same,1,1,48,1,nocount,sw128,sw128,16,16,16,0,512,0,0,none,1,none,0,4,20,369209.0,234.4184126984127,,,,,12288,,42.94171897218107,,,0,0.0,1,bf14b28d2af4128daa99f23eec8a5e105636d0b04136f8be580fdc39d6f1f97d,same_d
02_latency_throughput,lat_bf16_m128n256k16_same_d_in1_q48,1,,NVIDIA Thor,11.0,580.00,13.0,PTX ISA 9.3 / CUDA 13.0,1575.000,,,,bf16,128,256,16,48,10,214,4,discard,same,1,1,48,1,nocount,sw128,sw128,16,16,16,0,512,0,0,none,1,none,0,4,20,369227.0,234.4298412698413,,,,,12288,,42.939625542010745,,,0,0.0,1,bf14b28d2af4128daa99f23eec8a5e105636d0b04136f8be580fdc39d6f1f97d,same_d
02_latency_throughput,lat_fp16_m128n64k16_legal_ring_in0_q4,1,,NVIDIA Thor,11.0,580.00,13.0,PTX ISA 9.3 / CUDA 13.0,1575.000,,,,fp16,128,64,16,4,128,215,0,discard,same,8,8,4,1,nocount,sw128,sw128,16,16,16,0,512,0,64,none,0,none,0,4,20,547820.0,347.8222222222222,,,,,6144,,7.717605111167902,,,0,0.0,1,bf14b28d2af4128daa99f23eec8a5e105636d0b04136f8be580fdc39d6f1f97d,legal_ring; UTCHMMA=21;UTCHMMA_WS=16;UTCBAR=1;UTCATOMSWS=3;SYNCS_TRYWAIT=8;LDS=21;LDG=9;ptx_tcgen05_mma=21;ptx_tcgen05_mma_ws=16;ptx_tcgen05_commit=1;ptx_tcgen05_alloc=1;ptx_tcgen05_dealloc=1;ptx_tcgen05_ld=5;ptx_tcgen05_st=5;ptx_mbarrier_wait=5;ptx_cp_async_tma=2;ptx_ld_shared=26;ptx_ld_global=7
02_latency_throughput,lat_fp16_m128n64k16_legal_ring_in0_q4,1,,NVIDIA Thor,11.0,580.00,13.0,PTX ISA 9.3 / CUDA 13.0,1575.000,,,,fp16,128,64,16,4,128,215,1,discard,same,8,8,4,1,nocount,sw128,sw128,16,16,16,0,512,0,64,none,0,none,0,4,20,547815.0,347.81904761904764,,,,,6144,,7.717675551052819,,,0,0.0,1,bf14b28d2af4128daa99f23eec8a5e105636d0b04136f8be580fdc39d6f1f97d,legal_ring
02_latency_throughput,lat_fp16_m128n64k16_legal_ring_in0_q4,1,,NVIDIA Thor,11.0,580.00,13.0,PTX ISA 9.3 / CUDA 13.0,1575.000,,,,fp16,128,64,16,4,128,215,2,discard,same,8,8,4,1,nocount,sw128,sw128,16,16,16,0,512,0,64,none,0,none,0,4,20,547815.0,347.81904761904764,,,,,6144,,7.717675551052819,,,0,0.0,1,bf14b28d2af4128daa99f23eec8a5e105636d0b04136f8be580fdc39d6f1f97d,legal_ring
02_latency_throughput,lat_fp16_m128n64k16_legal_ring_in0_q4,1,,NVIDIA Thor,11.0,580.00,13.0,PTX ISA 9.3 / CUDA 13.0,1575.000,,,,fp16,128,64,16,4,128,215,3,discard,same,8,8,4,1,nocount,sw128,sw128,16,16,16,0,512,0,64,none,0,none,0,4,20,547820.0,347.8222222222222,,,,,6144,,7.717605111167902,,,0,0.0,1,bf14b28d2af4128daa99f23eec8a5e105636d0b04136f8be580fdc39d6f1f97d,legal_ring
02_latency_throughput,lat_fp16_m128n64k16_legal_ring_in0_q4,1,,NVIDIA Thor,11.0,580.00,13.0,PTX ISA 9.3 / CUDA 13.0,1575.000,,,,fp16,128,64,16,4,128,215,4,discard,same,8,8,4,1,nocount,sw128,sw128,16,16,16,0,512,0,64,none,0,none,0,4,20,547816.0,347.8196825396825,,,,,6144,,7.71766146297297,,,0,0.0,1,bf14b28d2af4128daa99f23eec8a5e105636d0b04136f8be580fdc39d6f1f97d,legal_ring
02_latency_throughput,lat_bf16_m128n256k16_legal_ring_in0_q48,1,,NVIDIA Thor,11.0,580.00,13.0,PTX ISA 9.3 / CUDA 13.0,1575.000,,,,bf16,128,256,16,48,10,216,0,discard,same,2,2,48,1,nocount,sw128,sw128,16,16,16,0,512,0,256,none,0,none,0,4,20,427476.0,271.41333333333336,,,,,12288,,37.08855963843585,,,0,0.0,1,bf14b28d2af4128daa99f23eec8a5e105636d0b04136f8be580fdc39d6f1f97d,legal_ring; UTCHMMA=21;UTCHMMA_WS=16;UTCBAR=1;UTCATOMSWS=3;SYNCS_TRYWAIT=8;LDS=21;LDG=9;ptx_tcgen05_mma=21;ptx_tcgen05_mma_ws=16;ptx_tcgen05_commit=1;ptx_tcgen05_alloc=1;ptx_tcgen05_dealloc=1;ptx_tcgen05_ld=5;ptx_tcgen05_st=5;ptx_mbarrier_wait=5;ptx_cp_async_tma=2;ptx_ld_shared=26;ptx_ld_global=7
02_latency_throughput,lat_bf16_m128n256k16_legal_ring_in0_q48,1,,NVIDIA Thor,11.0,580.00,13.0,PTX ISA 9.3 / CUDA 13.0,1575.000,,,,bf16,128,256,16,48,10,216,1,discard,same,2,2,48,1,nocount,sw128,sw128,16,16,16,0,512,0,256,none,0,none,0,4,20,427480.0,271.41587301587305,,,,,12288,,37.08821259474127,,,0,0.0,1,bf14b28d2af4128daa99f23eec8a5e105636d0b04136f8be580fdc39d6f1f97d,legal_ring
02_latency_throughput,lat_bf16_m128n256k16_legal_ring_in0_q48,1,,NVIDIA Thor,11.0,580.00,13.0,PTX ISA 9.3 / CUDA 13.0,1575.000,,,,bf16,128,256,16,48,10,216,2,discard,same,2,2,48,1,nocount,sw128,sw128,16,16,16,0,512,0,256,none,0,none,0,4,20,427470.0,271.4095238095238,,,,,12288,,37.089080216155516,,,0,0.0,1,bf14b28d2af4128daa99f23eec8a5e105636d0b04136f8be580fdc39d6f1f97d,legal_ring
02_latency_throughput,lat_bf16_m128n256k16_legal_ring_in0_q48,1,,NVIDIA Thor,11.0,580.00,13.0,PTX ISA 9.3 / CUDA 13.0,1575.000,,,,bf16,128,256,16,48,10,216,3,discard,same,2,2,48,1,nocount,sw128,sw128,16,16,16,0,512,0,256,none,0,none,0,4,20,427474.0,271.4120634920635,,,,,12288,,37.08873316271866,,,0,0.0,1,bf14b28d2af4128daa99f23eec8a5e105636d0b04136f8be580fdc39d6f1f97d,legal_ring
02_latency_throughput,lat_bf16_m128n256k16_legal_ring_in0_q48,1,,NVIDIA Thor,11.0,580.00,13.0,PTX ISA 9.3 / CUDA 13.0,1575.000,,,,bf16,128,256,16,48,10,216,4,discard,same,2,2,48,1,nocount,sw128,sw128,16,16,16,0,512,0,256,none,0,none,0,4,20,427470.0,271.4095238095238,,,,,12288,,37.089080216155516,,,0,0.0,1,bf14b28d2af4128daa99f23eec8a5e105636d0b04136f8be580fdc39d6f1f97d,legal_ring
02_latency_throughput,lat_fp16_m128n64k16_same_d_in1_q8,1,,NVIDIA Thor,11.0,580.00,13.0,PTX ISA 9.3 / CUDA 13.0,1575.000,,,,fp16,128,64,16,8,64,217,0,discard,same,1,1,8,1,nocount,sw128,sw128,16,16,16,0,512,0,0,none,1,none,0,4,20,435696.0,276.6323809523809,,,,,6144,,9.703688883992509,,,0,0.0,1,bf14b28d2af4128daa99f23eec8a5e105636d0b04136f8be580fdc39d6f1f97d,same_d; UTCHMMA=21;UTCHMMA_WS=16;UTCBAR=1;UTCATOMSWS=3;SYNCS_TRYWAIT=8;LDS=21;LDG=9;ptx_tcgen05_mma=21;ptx_tcgen05_mma_ws=16;ptx_tcgen05_commit=1;ptx_tcgen05_alloc=1;ptx_tcgen05_dealloc=1;ptx_tcgen05_ld=5;ptx_tcgen05_st=5;ptx_mbarrier_wait=5;ptx_cp_async_tma=2;ptx_ld_shared=26;ptx_ld_global=7
02_latency_throughput,lat_fp16_m128n64k16_same_d_in1_q8,1,,NVIDIA Thor,11.0,580.00,13.0,PTX ISA 9.3 / CUDA 13.0,1575.000,,,,fp16,128,64,16,8,64,217,1,discard,same,1,1,8,1,nocount,sw128,sw128,16,16,16,0,512,0,0,none,1,none,0,4,20,435688.0,276.6273015873016,,,,,6144,,9.703867060832524,,,0,0.0,1,bf14b28d2af4128daa99f23eec8a5e105636d0b04136f8be580fdc39d6f1f97d,same_d
02_latency_throughput,lat_fp16_m128n64k16_same_d_in1_q8,1,,NVIDIA Thor,11.0,580.00,13.0,PTX ISA 9.3 / CUDA 13.0,1575.000,,,,fp16,128,64,16,8,64,217,2,discard,same,1,1,8,1,nocount,sw128,sw128,16,16,16,0,512,0,0,none,1,none,0,4,20,435699.0,276.63428571428574,,,,,6144,,9.7036220693644,,,0,0.0,1,bf14b28d2af4128daa99f23eec8a5e105636d0b04136f8be580fdc39d6f1f97d,same_d
02_latency_throughput,lat_fp16_m128n64k16_same_d_in1_q8,1,,NVIDIA Thor,11.0,580.00,13.0,PTX ISA 9.3 / CUDA 13.0,1575.000,,,,fp16,128,64,16,8,64,217,3,discard,same,1,1,8,1,nocount,sw128,sw128,16,16,16,0,512,0,0,none,1,none,0,4,20,435692.0,276.6298412698412,,,,,6144,,9.703777971594613,,,0,0.0,1,bf14b28d2af4128daa99f23eec8a5e105636d0b04136f8be580fdc39d6f1f97d,same_d
02_latency_throughput,lat_fp16_m128n64k16_same_d_in1_q8,1,,NVIDIA Thor,11.0,580.00,13.0,PTX ISA 9.3 / CUDA 13.0,1575.000,,,,fp16,128,64,16,8,64,217,4,discard,same,1,1,8,1,nocount,sw128,sw128,16,16,16,0,512,0,0,none,1,none,0,4,20,435694.0,276.63111111111107,,,,,6144,,9.703733427589087,,,0,0.0,1,bf14b28d2af4128daa99f23eec8a5e105636d0b04136f8be580fdc39d6f1f97d,same_d
02_latency_throughput,lat_bf16_m128n64k16_same_d_in1_q32,1,,NVIDIA Thor,11.0,580.00,13.0,PTX ISA 9.3 / CUDA 13.0,1575.000,,,,bf16,128,64,16,32,16,218,0,discard,same,1,1,32,1,nocount,sw128,sw128,16,16,16,0,512,0,0,none,1,none,0,4,20,398062.0,252.73777777777778,,,,,6144,,10.62110533534977,,,0,0.0,1,bf14b28d2af4128daa99f23eec8a5e105636d0b04136f8be580fdc39d6f1f97d,same_d; UTCHMMA=21;UTCHMMA_WS=16;UTCBAR=1;UTCATOMSWS=3;SYNCS_TRYWAIT=8;LDS=21;LDG=9;ptx_tcgen05_mma=21;ptx_tcgen05_mma_ws=16;ptx_tcgen05_commit=1;ptx_tcgen05_alloc=1;ptx_tcgen05_dealloc=1;ptx_tcgen05_ld=5;ptx_tcgen05_st=5;ptx_mbarrier_wait=5;ptx_cp_async_tma=2;ptx_ld_shared=26;ptx_ld_global=7
02_latency_throughput,lat_bf16_m128n64k16_same_d_in1_q32,1,,NVIDIA Thor,11.0,580.00,13.0,PTX ISA 9.3 / CUDA 13.0,1575.000,,,,bf16,128,64,16,32,16,218,1,discard,same,1,1,32,1,nocount,sw128,sw128,16,16,16,0,512,0,0,none,1,none,0,4,20,398069.0,252.7422222222222,,,,,6144,,10.620918564369495,,,0,0.0,1,bf14b28d2af4128daa99f23eec8a5e105636d0b04136f8be580fdc39d6f1f97d,same_d
02_latency_throughput,lat_bf16_m128n64k16_same_d_in1_q32,1,,NVIDIA Thor,11.0,580.00,13.0,PTX ISA 9.3 / CUDA 13.0,1575.000,,,,bf16,128,64,16,32,16,218,2,discard,same,1,1,32,1,nocount,sw128,sw128,16,16,16,0,512,0,0,none,1,none,0,4,20,398073.0,252.7447619047619,,,,,6144,,10.62081184104423,,,0,0.0,1,bf14b28d2af4128daa99f23eec8a5e105636d0b04136f8be580fdc39d6f1f97d,same_d
02_latency_throughput,lat_bf16_m128n64k16_same_d_in1_q32,1,,NVIDIA Thor,11.0,580.00,13.0,PTX ISA 9.3 / CUDA 13.0,1575.000,,,,bf16,128,64,16,32,16,218,3,discard,same,1,1,32,1,nocount,sw128,sw128,16,16,16,0,512,0,0,none,1,none,0,4,20,398071.0,252.74349206349206,,,,,6144,,10.620865202438761,,,0,0.0,1,bf14b28d2af4128daa99f23eec8a5e105636d0b04136f8be580fdc39d6f1f97d,same_d
02_latency_throughput,lat_bf16_m128n64k16_same_d_in1_q32,1,,NVIDIA Thor,11.0,580.00,13.0,PTX ISA 9.3 / CUDA 13.0,1575.000,,,,bf16,128,64,16,32,16,218,4,discard,same,1,1,32,1,nocount,sw128,sw128,16,16,16,0,512,0,0,none,1,none,0,4,20,398056.0,252.73396825396827,,,,,6144,,10.62126542998975,,,0,0.0,1,bf14b28d2af4128daa99f23eec8a5e105636d0b04136f8be580fdc39d6f1f97d,same_d
02_latency_throughput,lat_fp16_m128n256k16_same_d_in0_q1,1,,NVIDIA Thor,11.0,580.00,13.0,PTX ISA 9.3 / CUDA 13.0,1575.000,,,,fp16,128,256,16,1,512,219,0,discard,same,1,1,1,1,nocount,sw128,sw128,16,16,16,0,512,0,0,none,0,none,0,4,20,779163.0,494.70666666666665,,,,,12288,,21.704616014877505,,,0,0.0,1,bf14b28d2af4128daa99f23eec8a5e105636d0b04136f8be580fdc39d6f1f97d,same_d; UTCHMMA=21;UTCHMMA_WS=16;UTCBAR=1;UTCATOMSWS=3;SYNCS_TRYWAIT=8;LDS=21;LDG=9;ptx_tcgen05_mma=21;ptx_tcgen05_mma_ws=16;ptx_tcgen05_commit=1;ptx_tcgen05_alloc=1;ptx_tcgen05_dealloc=1;ptx_tcgen05_ld=5;ptx_tcgen05_st=5;ptx_mbarrier_wait=5;ptx_cp_async_tma=2;ptx_ld_shared=26;ptx_ld_global=7
02_latency_throughput,lat_fp16_m128n256k16_same_d_in0_q1,1,,NVIDIA Thor,11.0,580.00,13.0,PTX ISA 9.3 / CUDA 13.0,1575.000,,,,fp16,128,256,16,1,512,219,1,discard,same,1,1,1,1,nocount,sw128,sw128,16,16,16,0,512,0,0,none,0,none,0,4,20,779118.0,494.67809523809524,,,,,12288,,21.705869621803117,,,0,0.0,1,bf14b28d2af4128daa99f23eec8a5e105636d0b04136f8be580fdc39d6f1f97d,same_d
02_latency_throughput,lat_fp16_m128n256k16_same_d_in0_q1,1,,NVIDIA Thor,11.0,580.00,13.0,PTX ISA 9.3 / CUDA 13.0,1575.000,,,,fp16,128,256,16,1,512,219,2,discard,same,1,1,1,1,nocount,sw128,sw128,16,16,16,0,512,0,0,none,0,none,0,4,20,779188.0,494.7225396825397,,,,,12288,,21.7039196291524,,,0,0.0,1,bf14b28d2af4128daa99f23eec8a5e105636d0b04136f8be580fdc39d6f1f97d,same_d
02_latency_throughput,lat_fp16_m128n256k16_same_d_in0_q1,1,,NVIDIA Thor,11.0,580.00,13.0,PTX ISA 9.3 / CUDA 13.0,1575.000,,,,fp16,128,256,16,1,512,219,3,discard,same,1,1,1,1,nocount,sw128,sw128,16,16,16,0,512,0,0,none,0,none,0,4,20,779123.0,494.68126984126985,,,,,12288,,21.705730324993613,,,0,0.0,1,bf14b28d2af4128daa99f23eec8a5e105636d0b04136f8be580fdc39d6f1f97d,same_d
02_latency_throughput,lat_fp16_m128n256k16_same_d_in0_q1,1,,NVIDIA Thor,11.0,580.00,13.0,PTX ISA 9.3 / CUDA 13.0,1575.000,,,,fp16,128,256,16,1,512,219,4,discard,same,1,1,1,1,nocount,sw128,sw128,16,16,16,0,512,0,0,none,0,none,0,4,20,779118.0,494.67809523809524,,,,,12288,,21.705869621803117,,,0,0.0,1,bf14b28d2af4128daa99f23eec8a5e105636d0b04136f8be580fdc39d6f1f97d,same_d
02_latency_throughput,lat_fp16_m128n64k16_legal_ring_in1_q32,1,,NVIDIA Thor,11.0,580.00,13.0,PTX ISA 9.3 / CUDA 13.0,1575.000,,,,fp16,128,64,16,32,16,220,0,discard,same,8,8,32,1,nocount,sw128,sw128,16,16,16,0,512,0,64,none,1,none,0,4,20,460150.0,292.1587301587302,,,,,6144,,9.188000504183417,,,0,0.0,1,bf14b28d2af4128daa99f23eec8a5e105636d0b04136f8be580fdc39d6f1f97d,legal_ring; UTCHMMA=21;UTCHMMA_WS=16;UTCBAR=1;UTCATOMSWS=3;SYNCS_TRYWAIT=8;LDS=21;LDG=9;ptx_tcgen05_mma=21;ptx_tcgen05_mma_ws=16;ptx_tcgen05_commit=1;ptx_tcgen05_alloc=1;ptx_tcgen05_dealloc=1;ptx_tcgen05_ld=5;ptx_tcgen05_st=5;ptx_mbarrier_wait=5;ptx_cp_async_tma=2;ptx_ld_shared=26;ptx_ld_global=7
02_latency_throughput,lat_fp16_m128n64k16_legal_ring_in1_q32,1,,NVIDIA Thor,11.0,580.00,13.0,PTX ISA 9.3 / CUDA 13.0,1575.000,,,,fp16,128,64,16,32,16,220,1,discard,same,8,8,32,1,nocount,sw128,sw128,16,16,16,0,512,0,64,none,1,none,0,4,20,460148.0,292.15746031746033,,,,,6144,,9.18804043916305,,,0,0.0,1,bf14b28d2af4128daa99f23eec8a5e105636d0b04136f8be580fdc39d6f1f97d,legal_ring
02_latency_throughput,lat_fp16_m128n64k16_legal_ring_in1_q32,1,,NVIDIA Thor,11.0,580.00,13.0,PTX ISA 9.3 / CUDA 13.0,1575.000,,,,fp16,128,64,16,32,16,220,2,discard,same,8,8,32,1,nocount,sw128,sw128,16,16,16,0,512,0,64,none,1,none,0,4,20,460150.0,292.1587301587302,,,,,6144,,9.188000504183417,,,0,0.0,1,bf14b28d2af4128daa99f23eec8a5e105636d0b04136f8be580fdc39d6f1f97d,legal_ring
02_latency_throughput,lat_fp16_m128n64k16_legal_ring_in1_q32,1,,NVIDIA Thor,11.0,580.00,13.0,PTX ISA 9.3 / CUDA 13.0,1575.000,,,,fp16,128,64,16,32,16,220,3,discard,same,8,8,32,1,nocount,sw128,sw128,16,16,16,0,512,0,64,none,1,none,0,4,20,460150.0,292.1587301587302,,,,,6144,,9.188000504183417,,,0,0.0,1,bf14b28d2af4128daa99f23eec8a5e105636d0b04136f8be580fdc39d6f1f97d,legal_ring
02_latency_throughput,lat_fp16_m128n64k16_legal_ring_in1_q32,1,,NVIDIA Thor,11.0,580.00,13.0,PTX ISA 9.3 / CUDA 13.0,1575.000,,,,fp16,128,64,16,32,16,220,4,discard,same,8,8,32,1,nocount,sw128,sw128,16,16,16,0,512,0,64,none,1,none,0,4,20,460157.0,292.1631746031746,,,,,6144,,9.187860734488448,,,0,0.0,1,bf14b28d2af4128daa99f23eec8a5e105636d0b04136f8be580fdc39d6f1f97d,legal_ring
02_latency_throughput,lat_bf16_m128n128k16_legal_ring_in1_q1,1,,NVIDIA Thor,11.0,580.00,13.0,PTX ISA 9.3 / CUDA 13.0,1575.000,,,,bf16,128,128,16,1,512,221,0,discard,same,4,4,1,1,nocount,sw128,sw128,16,16,16,0,512,0,128,none,1,none,0,4,20,841328.0,534.176507936508,,,,,8192,,10.050440332426827,,,0,0.0,1,bf14b28d2af4128daa99f23eec8a5e105636d0b04136f8be580fdc39d6f1f97d,legal_ring; UTCHMMA=21;UTCHMMA_WS=16;UTCBAR=1;UTCATOMSWS=3;SYNCS_TRYWAIT=8;LDS=21;LDG=9;ptx_tcgen05_mma=21;ptx_tcgen05_mma_ws=16;ptx_tcgen05_commit=1;ptx_tcgen05_alloc=1;ptx_tcgen05_dealloc=1;ptx_tcgen05_ld=5;ptx_tcgen05_st=5;ptx_mbarrier_wait=5;ptx_cp_async_tma=2;ptx_ld_shared=26;ptx_ld_global=7
02_latency_throughput,lat_bf16_m128n128k16_legal_ring_in1_q1,1,,NVIDIA Thor,11.0,580.00,13.0,PTX ISA 9.3 / CUDA 13.0,1575.000,,,,bf16,128,128,16,1,512,221,1,discard,same,4,4,1,1,nocount,sw128,sw128,16,16,16,0,512,0,128,none,1,none,0,4,20,841076.0,534.016507936508,,,,,8192,,10.053451607226934,,,0,0.0,1,bf14b28d2af4128daa99f23eec8a5e105636d0b04136f8be580fdc39d6f1f97d,legal_ring
02_latency_throughput,lat_bf16_m128n128k16_legal_ring_in1_q1,1,,NVIDIA Thor,11.0,580.00,13.0,PTX ISA 9.3 / CUDA 13.0,1575.000,,,,bf16,128,128,16,1,512,221,2,discard,same,4,4,1,1,nocount,sw128,sw128,16,16,16,0,512,0,128,none,1,none,0,4,20,841325.0,534.1746031746031,,,,,8192,,10.050476170326569,,,0,0.0,1,bf14b28d2af4128daa99f23eec8a5e105636d0b04136f8be580fdc39d6f1f97d,legal_ring
02_latency_throughput,lat_bf16_m128n128k16_legal_ring_in1_q1,1,,NVIDIA Thor,11.0,580.00,13.0,PTX ISA 9.3 / CUDA 13.0,1575.000,,,,bf16,128,128,16,1,512,221,3,discard,same,4,4,1,1,nocount,sw128,sw128,16,16,16,0,512,0,128,none,1,none,0,4,20,841077.0,534.0171428571429,,,,,8192,,10.053439654157703,,,0,0.0,1,bf14b28d2af4128daa99f23eec8a5e105636d0b04136f8be580fdc39d6f1f97d,legal_ring
02_latency_throughput,lat_bf16_m128n128k16_legal_ring_in1_q1,1,,NVIDIA Thor,11.0,580.00,13.0,PTX ISA 9.3 / CUDA 13.0,1575.000,,,,bf16,128,128,16,1,512,221,4,discard,same,4,4,1,1,nocount,sw128,sw128,16,16,16,0,512,0,128,none,1,none,0,4,20,841328.0,534.176507936508,,,,,8192,,10.050440332426827,,,0,0.0,1,bf14b28d2af4128daa99f23eec8a5e105636d0b04136f8be580fdc39d6f1f97d,legal_ring
02_latency_throughput,lat_fp16_m128n128k16_legal_ring_in0_q48,1,,NVIDIA Thor,11.0,580.00,13.0,PTX ISA 9.3 / CUDA 13.0,1575.000,,,,fp16,128,128,16,48,10,222,0,discard,same,4,4,48,1,nocount,sw128,sw128,16,16,16,0,512,0,128,none,0,none,0,4,20,427560.0,271.4666666666667,,,,,8192,,18.540636542239685,,,0,0.0,1,bf14b28d2af4128daa99f23eec8a5e105636d0b04136f8be580fdc39d6f1f97d,legal_ring; UTCHMMA=21;UTCHMMA_WS=16;UTCBAR=1;UTCATOMSWS=3;SYNCS_TRYWAIT=8;LDS=21;LDG=9;ptx_tcgen05_mma=21;ptx_tcgen05_mma_ws=16;ptx_tcgen05_commit=1;ptx_tcgen05_alloc=1;ptx_tcgen05_dealloc=1;ptx_tcgen05_ld=5;ptx_tcgen05_st=5;ptx_mbarrier_wait=5;ptx_cp_async_tma=2;ptx_ld_shared=26;ptx_ld_global=7
02_latency_throughput,lat_fp16_m128n128k16_legal_ring_in0_q48,1,,NVIDIA Thor,11.0,580.00,13.0,PTX ISA 9.3 / CUDA 13.0,1575.000,,,,fp16,128,128,16,48,10,222,1,discard,same,4,4,48,1,nocount,sw128,sw128,16,16,16,0,512,0,128,none,0,none,0,4,20,427552.0,271.4615873015873,,,,,8192,,18.540983459321907,,,0,0.0,1,bf14b28d2af4128daa99f23eec8a5e105636d0b04136f8be580fdc39d6f1f97d,legal_ring
02_latency_throughput,lat_fp16_m128n128k16_legal_ring_in0_q48,1,,NVIDIA Thor,11.0,580.00,13.0,PTX ISA 9.3 / CUDA 13.0,1575.000,,,,fp16,128,128,16,48,10,222,2,discard,same,4,4,48,1,nocount,sw128,sw128,16,16,16,0,512,0,128,none,0,none,0,4,20,427558.0,271.46539682539685,,,,,8192,,18.540723270293153,,,0,0.0,1,bf14b28d2af4128daa99f23eec8a5e105636d0b04136f8be580fdc39d6f1f97d,legal_ring
02_latency_throughput,lat_fp16_m128n128k16_legal_ring_in0_q48,1,,NVIDIA Thor,11.0,580.00,13.0,PTX ISA 9.3 / CUDA 13.0,1575.000,,,,fp16,128,128,16,48,10,222,3,discard,same,4,4,48,1,nocount,sw128,sw128,16,16,16,0,512,0,128,none,0,none,0,4,20,427557.0,271.4647619047619,,,,,8192,,18.540766634624156,,,0,0.0,1,bf14b28d2af4128daa99f23eec8a5e105636d0b04136f8be580fdc39d6f1f97d,legal_ring
02_latency_throughput,lat_fp16_m128n128k16_legal_ring_in0_q48,1,,NVIDIA Thor,11.0,580.00,13.0,PTX ISA 9.3 / CUDA 13.0,1575.000,,,,fp16,128,128,16,48,10,222,4,discard,same,4,4,48,1,nocount,sw128,sw128,16,16,16,0,512,0,128,none,0,none,0,4,20,427558.0,271.46539682539685,,,,,8192,,18.540723270293153,,,0,0.0,1,bf14b28d2af4128daa99f23eec8a5e105636d0b04136f8be580fdc39d6f1f97d,legal_ring
02_latency_throughput,lat_bf16_m128n256k16_legal_ring_in0_q12,1,,NVIDIA Thor,11.0,580.00,13.0,PTX ISA 9.3 / CUDA 13.0,1575.000,,,,bf16,128,256,16,12,42,223,0,discard,same,2,2,12,1,nocount,sw128,sw128,16,16,16,0,512,0,256,none,0,none,0,4,20,473509.0,300.6406349206349,,,,,12288,,35.157077428306536,,,0,0.0,1,bf14b28d2af4128daa99f23eec8a5e105636d0b04136f8be580fdc39d6f1f97d,legal_ring; UTCHMMA=21;UTCHMMA_WS=16;UTCBAR=1;UTCATOMSWS=3;SYNCS_TRYWAIT=8;LDS=21;LDG=9;ptx_tcgen05_mma=21;ptx_tcgen05_mma_ws=16;ptx_tcgen05_commit=1;ptx_tcgen05_alloc=1;ptx_tcgen05_dealloc=1;ptx_tcgen05_ld=5;ptx_tcgen05_st=5;ptx_mbarrier_wait=5;ptx_cp_async_tma=2;ptx_ld_shared=26;ptx_ld_global=7
02_latency_throughput,lat_bf16_m128n256k16_legal_ring_in0_q12,1,,NVIDIA Thor,11.0,580.00,13.0,PTX ISA 9.3 / CUDA 13.0,1575.000,,,,bf16,128,256,16,12,42,223,1,discard,same,2,2,12,1,nocount,sw128,sw128,16,16,16,0,512,0,256,none,0,none,0,4,20,473493.0,300.6304761904762,,,,,12288,,35.15826543581426,,,0,0.0,1,bf14b28d2af4128daa99f23eec8a5e105636d0b04136f8be580fdc39d6f1f97d,legal_ring
02_latency_throughput,lat_bf16_m128n256k16_legal_ring_in0_q12,1,,NVIDIA Thor,11.0,580.00,13.0,PTX ISA 9.3 / CUDA 13.0,1575.000,,,,bf16,128,256,16,12,42,223,2,discard,same,2,2,12,1,nocount,sw128,sw128,16,16,16,0,512,0,256,none,0,none,0,4,20,473506.0,300.6387301587302,,,,,12288,,35.15730017359864,,,0,0.0,1,bf14b28d2af4128daa99f23eec8a5e105636d0b04136f8be580fdc39d6f1f97d,legal_ring
02_latency_throughput,lat_bf16_m128n256k16_legal_ring_in0_q12,1,,NVIDIA Thor,11.0,580.00,13.0,PTX ISA 9.3 / CUDA 13.0,1575.000,,,,bf16,128,256,16,12,42,223,3,discard,same,2,2,12,1,nocount,sw128,sw128,16,16,16,0,512,0,256,none,0,none,0,4,20,473507.0,300.63936507936506,,,,,12288,,35.15722592485433,,,0,0.0,1,bf14b28d2af4128daa99f23eec8a5e105636d0b04136f8be580fdc39d6f1f97d,legal_ring
02_latency_throughput,lat_bf16_m128n256k16_legal_ring_in0_q12,1,,NVIDIA Thor,11.0,580.00,13.0,PTX ISA 9.3 / CUDA 13.0,1575.000,,,,bf16,128,256,16,12,42,223,4,discard,same,2,2,12,1,nocount,sw128,sw128,16,16,16,0,512,0,256,none,0,none,0,4,20,473516.0,300.64507936507937,,,,,12288,,35.15655770026778,,,0,0.0,1,bf14b28d2af4128daa99f23eec8a5e105636d0b04136f8be580fdc39d6f1f97d,legal_ring
02_latency_throughput,lat_bf16_m128n128k16_same_d_in1_q2,1,,NVIDIA Thor,11.0,580.00,13.0,PTX ISA 9.3 / CUDA 13.0,1575.000,,,,bf16,128,128,16,2,256,224,0,discard,same,1,1,2,1,nocount,sw128,sw128,16,16,16,0,512,0,0,none,1,none,0,4,20,586096.0,372.12444444444446,,,,,8192,,14.427187464169691,,,0,0.0,1,bf14b28d2af4128daa99f23eec8a5e105636d0b04136f8be580fdc39d6f1f97d,same_d; UTCHMMA=21;UTCHMMA_WS=16;UTCBAR=1;UTCATOMSWS=3;SYNCS_TRYWAIT=8;LDS=21;LDG=9;ptx_tcgen05_mma=21;ptx_tcgen05_mma_ws=16;ptx_tcgen05_commit=1;ptx_tcgen05_alloc=1;ptx_tcgen05_dealloc=1;ptx_tcgen05_ld=5;ptx_tcgen05_st=5;ptx_mbarrier_wait=5;ptx_cp_async_tma=2;ptx_ld_shared=26;ptx_ld_global=7
02_latency_throughput,lat_bf16_m128n128k16_same_d_in1_q2,1,,NVIDIA Thor,11.0,580.00,13.0,PTX ISA 9.3 / CUDA 13.0,1575.000,,,,bf16,128,128,16,2,256,224,1,discard,same,1,1,2,1,nocount,sw128,sw128,16,16,16,0,512,0,0,none,1,none,0,4,20,586091.0,372.12126984126985,,,,,8192,,14.427310543925774,,,0,0.0,1,bf14b28d2af4128daa99f23eec8a5e105636d0b04136f8be580fdc39d6f1f97d,same_d
02_latency_throughput,lat_bf16_m128n128k16_same_d_in1_q2,1,,NVIDIA Thor,11.0,580.00,13.0,PTX ISA 9.3 / CUDA 13.0,1575.000,,,,bf16,128,128,16,2,256,224,2,discard,same,1,1,2,1,nocount,sw128,sw128,16,16,16,0,512,0,0,none,1,none,0,4,20,586096.0,372.12444444444446,,,,,8192,,14.427187464169691,,,0,0.0,1,bf14b28d2af4128daa99f23eec8a5e105636d0b04136f8be580fdc39d6f1f97d,same_d
02_latency_throughput,lat_bf16_m128n128k16_same_d_in1_q2,1,,NVIDIA Thor,11.0,580.00,13.0,PTX ISA 9.3 / CUDA 13.0,1575.000,,,,bf16,128,128,16,2,256,224,3,discard,same,1,1,2,1,nocount,sw128,sw128,16,16,16,0,512,0,0,none,1,none,0,4,20,586100.0,372.12698412698415,,,,,8192,,14.427089001876812,,,0,0.0,1,bf14b28d2af4128daa99f23eec8a5e105636d0b04136f8be580fdc39d6f1f97d,same_d
02_latency_throughput,lat_bf16_m128n128k16_same_d_in1_q2,1,,NVIDIA Thor,11.0,580.00,13.0,PTX ISA 9.3 / CUDA 13.0,1575.000,,,,bf16,128,128,16,2,256,224,4,discard,same,1,1,2,1,nocount,sw128,sw128,16,16,16,0,512,0,0,none,1,none,0,4,20,586102.0,372.128253968254,,,,,8192,,14.427039771234357,,,0,0.0,1,bf14b28d2af4128daa99f23eec8a5e105636d0b04136f8be580fdc39d6f1f97d,same_d
02_latency_throughput,lat_fp16_m128n128k16_same_d_in1_q48,1,,NVIDIA Thor,11.0,580.00,13.0,PTX ISA 9.3 / CUDA 13.0,1575.000,,,,fp16,128,128,16,48,10,225,0,discard,same,1,1,48,1,nocount,sw128,sw128,16,16,16,0,512,0,0,none,1,none,0,4,20,369113.0,234.35746031746032,,,,,8192,,21.476443690685507,,,0,0.0,1,bf14b28d2af4128daa99f23eec8a5e105636d0b04136f8be580fdc39d6f1f97d,same_d; UTCHMMA=21;UTCHMMA_WS=16;UTCBAR=1;UTCATOMSWS=3;SYNCS_TRYWAIT=8;LDS=21;LDG=9;ptx_tcgen05_mma=21;ptx_tcgen05_mma_ws=16;ptx_tcgen05_commit=1;ptx_tcgen05_alloc=1;ptx_tcgen05_dealloc=1;ptx_tcgen05_ld=5;ptx_tcgen05_st=5;ptx_mbarrier_wait=5;ptx_cp_async_tma=2;ptx_ld_shared=26;ptx_ld_global=7
02_latency_throughput,lat_fp16_m128n128k16_same_d_in1_q48,1,,NVIDIA Thor,11.0,580.00,13.0,PTX ISA 9.3 / CUDA 13.0,1575.000,,,,fp16,128,128,16,48,10,225,1,discard,same,1,1,48,1,nocount,sw128,sw128,16,16,16,0,512,0,0,none,1,none,0,4,20,369116.0,234.3593650793651,,,,,8192,,21.476269140324447,,,0,0.0,1,bf14b28d2af4128daa99f23eec8a5e105636d0b04136f8be580fdc39d6f1f97d,same_d
02_latency_throughput,lat_fp16_m128n128k16_same_d_in1_q48,1,,NVIDIA Thor,11.0,580.00,13.0,PTX ISA 9.3 / CUDA 13.0,1575.000,,,,fp16,128,128,16,48,10,225,2,discard,same,1,1,48,1,nocount,sw128,sw128,16,16,16,0,512,0,0,none,1,none,0,4,20,369119.0,234.36126984126983,,,,,8192,,21.476094592800695,,,0,0.0,1,bf14b28d2af4128daa99f23eec8a5e105636d0b04136f8be580fdc39d6f1f97d,same_d
02_latency_throughput,lat_fp16_m128n128k16_same_d_in1_q48,1,,NVIDIA Thor,11.0,580.00,13.0,PTX ISA 9.3 / CUDA 13.0,1575.000,,,,fp16,128,128,16,48,10,225,3,discard,same,1,1,48,1,nocount,sw128,sw128,16,16,16,0,512,0,0,none,1,none,0,4,20,369114.0,234.35809523809525,,,,,8192,,21.47638550691656,,,0,0.0,1,bf14b28d2af4128daa99f23eec8a5e105636d0b04136f8be580fdc39d6f1f97d,same_d
02_latency_throughput,lat_fp16_m128n128k16_same_d_in1_q48,1,,NVIDIA Thor,11.0,580.00,13.0,PTX ISA 9.3 / CUDA 13.0,1575.000,,,,fp16,128,128,16,48,10,225,4,discard,same,1,1,48,1,nocount,sw128,sw128,16,16,16,0,512,0,0,none,1,none,0,4,20,369127.0,234.3663492063492,,,,,8192,,21.475629146608078,,,0,0.0,1,bf14b28d2af4128daa99f23eec8a5e105636d0b04136f8be580fdc39d6f1f97d,same_d
02_latency_throughput,lat_fp16_m128n256k16_same_d_in0_q48,1,,NVIDIA Thor,11.0,580.00,13.0,PTX ISA 9.3 / CUDA 13.0,1575.000,,,,fp16,128,256,16,48,10,226,0,discard,same,1,1,48,1,nocount,sw128,sw128,16,16,16,0,512,0,0,none,0,none,0,4,20,369210.0,234.41904761904763,,,,,12288,,42.941602665149915,,,0,0.0,1,bf14b28d2af4128daa99f23eec8a5e105636d0b04136f8be580fdc39d6f1f97d,same_d; UTCHMMA=21;UTCHMMA_WS=16;UTCBAR=1;UTCATOMSWS=3;SYNCS_TRYWAIT=8;LDS=21;LDG=9;ptx_tcgen05_mma=21;ptx_tcgen05_mma_ws=16;ptx_tcgen05_commit=1;ptx_tcgen05_alloc=1;ptx_tcgen05_dealloc=1;ptx_tcgen05_ld=5;ptx_tcgen05_st=5;ptx_mbarrier_wait=5;ptx_cp_async_tma=2;ptx_ld_shared=26;ptx_ld_global=7
02_latency_throughput,lat_fp16_m128n256k16_same_d_in0_q48,1,,NVIDIA Thor,11.0,580.00,13.0,PTX ISA 9.3 / CUDA 13.0,1575.000,,,,fp16,128,256,16,48,10,226,1,discard,same,1,1,48,1,nocount,sw128,sw128,16,16,16,0,512,0,0,none,0,none,0,4,20,369220.0,234.42539682539683,,,,,12288,,42.9404396294892,,,0,0.0,1,bf14b28d2af4128daa99f23eec8a5e105636d0b04136f8be580fdc39d6f1f97d,same_d
02_latency_throughput,lat_fp16_m128n256k16_same_d_in0_q48,1,,NVIDIA Thor,11.0,580.00,13.0,PTX ISA 9.3 / CUDA 13.0,1575.000,,,,fp16,128,256,16,48,10,226,2,discard,same,1,1,48,1,nocount,sw128,sw128,16,16,16,0,512,0,0,none,0,none,0,4,20,369216.0,234.42285714285714,,,,,12288,,42.94090483619345,,,0,0.0,1,bf14b28d2af4128daa99f23eec8a5e105636d0b04136f8be580fdc39d6f1f97d,same_d
02_latency_throughput,lat_fp16_m128n256k16_same_d_in0_q48,1,,NVIDIA Thor,11.0,580.00,13.0,PTX ISA 9.3 / CUDA 13.0,1575.000,,,,fp16,128,256,16,48,10,226,3,discard,same,1,1,48,1,nocount,sw128,sw128,16,16,16,0,512,0,0,none,0,none,0,4,20,369214.0,234.42158730158732,,,,,12288,,42.941137443325545,,,0,0.0,1,bf14b28d2af4128daa99f23eec8a5e105636d0b04136f8be580fdc39d6f1f97d,same_d
02_latency_throughput,lat_fp16_m128n256k16_same_d_in0_q48,1,,NVIDIA Thor,11.0,580.00,13.0,PTX ISA 9.3 / CUDA 13.0,1575.000,,,,fp16,128,256,16,48,10,226,4,discard,same,1,1,48,1,nocount,sw128,sw128,16,16,16,0,512,0,0,none,0,none,0,4,20,369211.0,234.41968253968255,,,,,12288,,42.94148635874879,,,0,0.0,1,bf14b28d2af4128daa99f23eec8a5e105636d0b04136f8be580fdc39d6f1f97d,same_d
02_latency_throughput,lat_bf16_m128n256k16_legal_ring_in0_q1,1,,NVIDIA Thor,11.0,580.00,13.0,PTX ISA 9.3 / CUDA 13.0,1575.000,,,,bf16,128,256,16,1,512,227,0,discard,same,2,2,1,1,nocount,sw128,sw128,16,16,16,0,512,0,256,none,0,none,0,4,20,841071.0,534.0133333333333,,,,,12288,,20.10702274599885,,,0,0.0,1,bf14b28d2af4128daa99f23eec8a5e105636d0b04136f8be580fdc39d6f1f97d,legal_ring; UTCHMMA=21;UTCHMMA_WS=16;UTCBAR=1;UTCATOMSWS=3;SYNCS_TRYWAIT=8;LDS=21;LDG=9;ptx_tcgen05_mma=21;ptx_tcgen05_mma_ws=16;ptx_tcgen05_commit=1;ptx_tcgen05_alloc=1;ptx_tcgen05_dealloc=1;ptx_tcgen05_ld=5;ptx_tcgen05_st=5;ptx_mbarrier_wait=5;ptx_cp_async_tma=2;ptx_ld_shared=26;ptx_ld_global=7
02_latency_throughput,lat_bf16_m128n256k16_legal_ring_in0_q1,1,,NVIDIA Thor,11.0,580.00,13.0,PTX ISA 9.3 / CUDA 13.0,1575.000,,,,bf16,128,256,16,1,512,227,1,discard,same,2,2,1,1,nocount,sw128,sw128,16,16,16,0,512,0,256,none,0,none,0,4,20,841074.0,534.015238095238,,,,,12288,,20.10695102690132,,,0,0.0,1,bf14b28d2af4128daa99f23eec8a5e105636d0b04136f8be580fdc39d6f1f97d,legal_ring
02_latency_throughput,lat_bf16_m128n256k16_legal_ring_in0_q1,1,,NVIDIA Thor,11.0,580.00,13.0,PTX ISA 9.3 / CUDA 13.0,1575.000,,,,bf16,128,256,16,1,512,227,2,discard,same,2,2,1,1,nocount,sw128,sw128,16,16,16,0,512,0,256,none,0,none,0,4,20,841075.0,534.015873015873,,,,,12288,,20.106927120649168,,,0,0.0,1,bf14b28d2af4128daa99f23eec8a5e105636d0b04136f8be580fdc39d6f1f97d,legal_ring
02_latency_throughput,lat_bf16_m128n256k16_legal_ring_in0_q1,1,,NVIDIA Thor,11.0,580.00,13.0,PTX ISA 9.3 / CUDA 13.0,1575.000,,,,bf16,128,256,16,1,512,227,3,discard,same,2,2,1,1,nocount,sw128,sw128,16,16,16,0,512,0,256,none,0,none,0,4,20,841074.0,534.015238095238,,,,,12288,,20.10695102690132,,,0,0.0,1,bf14b28d2af4128daa99f23eec8a5e105636d0b04136f8be580fdc39d6f1f97d,legal_ring
02_latency_throughput,lat_bf16_m128n256k16_legal_ring_in0_q1,1,,NVIDIA Thor,11.0,580.00,13.0,PTX ISA 9.3 / CUDA 13.0,1575.000,,,,bf16,128,256,16,1,512,227,4,discard,same,2,2,1,1,nocount,sw128,sw128,16,16,16,0,512,0,256,none,0,none,0,4,20,841328.0,534.176507936508,,,,,12288,,20.100880664853655,,,0,0.0,1,bf14b28d2af4128daa99f23eec8a5e105636d0b04136f8be580fdc39d6f1f97d,legal_ring
02_latency_throughput,lat_fp16_m128n256k16_same_d_in1_q4,1,,NVIDIA Thor,11.0,580.00,13.0,PTX ISA 9.3 / CUDA 13.0,1575.000,,,,fp16,128,256,16,4,128,228,0,discard,same,1,1,4,1,nocount,sw128,sw128,16,16,16,0,512,0,0,none,1,none,0,4,20,485749.0,308.4120634920635,,,,,12288,,34.815169414656545,,,0,0.0,1,bf14b28d2af4128daa99f23eec8a5e105636d0b04136f8be580fdc39d6f1f97d,same_d; UTCHMMA=21;UTCHMMA_WS=16;UTCBAR=1;UTCATOMSWS=3;SYNCS_TRYWAIT=8;LDS=21;LDG=9;ptx_tcgen05_mma=21;ptx_tcgen05_mma_ws=16;ptx_tcgen05_commit=1;ptx_tcgen05_alloc=1;ptx_tcgen05_dealloc=1;ptx_tcgen05_ld=5;ptx_tcgen05_st=5;ptx_mbarrier_wait=5;ptx_cp_async_tma=2;ptx_ld_shared=26;ptx_ld_global=7
02_latency_throughput,lat_fp16_m128n256k16_same_d_in1_q4,1,,NVIDIA Thor,11.0,580.00,13.0,PTX ISA 9.3 / CUDA 13.0,1575.000,,,,fp16,128,256,16,4,128,228,1,discard,same,1,1,4,1,nocount,sw128,sw128,16,16,16,0,512,0,0,none,1,none,0,4,20,485745.0,308.4095238095238,,,,,12288,,34.81545610968718,,,0,0.0,1,bf14b28d2af4128daa99f23eec8a5e105636d0b04136f8be580fdc39d6f1f97d,same_d
02_latency_throughput,lat_fp16_m128n256k16_same_d_in1_q4,1,,NVIDIA Thor,11.0,580.00,13.0,PTX ISA 9.3 / CUDA 13.0,1575.000,,,,fp16,128,256,16,4,128,228,2,discard,same,1,1,4,1,nocount,sw128,sw128,16,16,16,0,512,0,0,none,1,none,0,4,20,485747.0,308.41079365079366,,,,,12288,,34.81531276158165,,,0,0.0,1,bf14b28d2af4128daa99f23eec8a5e105636d0b04136f8be580fdc39d6f1f97d,same_d
02_latency_throughput,lat_fp16_m128n256k16_same_d_in1_q4,1,,NVIDIA Thor,11.0,580.00,13.0,PTX ISA 9.3 / CUDA 13.0,1575.000,,,,fp16,128,256,16,4,128,228,3,discard,same,1,1,4,1,nocount,sw128,sw128,16,16,16,0,512,0,0,none,1,none,0,4,20,485741.0,308.4069841269841,,,,,12288,,34.8157428094396,,,0,0.0,1,bf14b28d2af4128daa99f23eec8a5e105636d0b04136f8be580fdc39d6f1f97d,same_d
02_latency_throughput,lat_fp16_m128n256k16_same_d_in1_q4,1,,NVIDIA Thor,11.0,580.00,13.0,PTX ISA 9.3 / CUDA 13.0,1575.000,,,,fp16,128,256,16,4,128,228,4,discard,same,1,1,4,1,nocount,sw128,sw128,16,16,16,0,512,0,0,none,1,none,0,4,20,485743.0,308.408253968254,,,,,12288,,34.81559945897316,,,0,0.0,1,bf14b28d2af4128daa99f23eec8a5e105636d0b04136f8be580fdc39d6f1f97d,same_d
02_latency_throughput,lat_bf16_m128n128k16_legal_ring_in0_q4,1,,NVIDIA Thor,11.0,580.00,13.0,PTX ISA 9.3 / CUDA 13.0,1575.000,,,,bf16,128,128,16,4,128,229,0,discard,same,4,4,4,1,nocount,sw128,sw128,16,16,16,0,512,0,128,none,0,none,0,4,20,547818.0,347.82095238095235,,,,,8192,,15.43526657393514,,,0,0.0,1,bf14b28d2af4128daa99f23eec8a5e105636d0b04136f8be580fdc39d6f1f97d,legal_ring; UTCHMMA=21;UTCHMMA_WS=16;UTCBAR=1;UTCATOMSWS=3;SYNCS_TRYWAIT=8;LDS=21;LDG=9;ptx_tcgen05_mma=21;ptx_tcgen05_mma_ws=16;ptx_tcgen05_commit=1;ptx_tcgen05_alloc=1;ptx_tcgen05_dealloc=1;ptx_tcgen05_ld=5;ptx_tcgen05_st=5;ptx_mbarrier_wait=5;ptx_cp_async_tma=2;ptx_ld_shared=26;ptx_ld_global=7
02_latency_throughput,lat_bf16_m128n128k16_legal_ring_in0_q4,1,,NVIDIA Thor,11.0,580.00,13.0,PTX ISA 9.3 / CUDA 13.0,1575.000,,,,bf16,128,128,16,4,128,229,1,discard,same,4,4,4,1,nocount,sw128,sw128,16,16,16,0,512,0,128,none,0,none,0,4,20,547825.0,347.8253968253968,,,,,8192,,15.43506934513759,,,0,0.0,1,bf14b28d2af4128daa99f23eec8a5e105636d0b04136f8be580fdc39d6f1f97d,legal_ring
02_latency_throughput,lat_bf16_m128n128k16_legal_ring_in0_q4,1,,NVIDIA Thor,11.0,580.00,13.0,PTX ISA 9.3 / CUDA 13.0,1575.000,,,,bf16,128,128,16,4,128,229,2,discard,same,4,4,4,1,nocount,sw128,sw128,16,16,16,0,512,0,128,none,0,none,0,4,20,547819.0,347.82158730158733,,,,,8192,,15.435238398084039,,,0,0.0,1,bf14b28d2af4128daa99f23eec8a5e105636d0b04136f8be580fdc39d6f1f97d,legal_ring
02_latency_throughput,lat_bf16_m128n128k16_legal_ring_in0_q4,1,,NVIDIA Thor,11.0,580.00,13.0,PTX ISA 9.3 / CUDA 13.0,1575.000,,,,bf16,128,128,16,4,128,229,3,discard,same,4,4,4,1,nocount,sw128,sw128,16,16,16,0,512,0,128,none,0,none,0,4,20,547818.0,347.82095238095235,,,,,8192,,15.43526657393514,,,0,0.0,1,bf14b28d2af4128daa99f23eec8a5e105636d0b04136f8be580fdc39d6f1f97d,legal_ring
02_latency_throughput,lat_bf16_m128n128k16_legal_ring_in0_q4,1,,NVIDIA Thor,11.0,580.00,13.0,PTX ISA 9.3 / CUDA 13.0,1575.000,,,,bf16,128,128,16,4,128,229,4,discard,same,4,4,4,1,nocount,sw128,sw128,16,16,16,0,512,0,128,none,0,none,0,4,20,547819.0,347.82158730158733,,,,,8192,,15.435238398084039,,,0,0.0,1,bf14b28d2af4128daa99f23eec8a5e105636d0b04136f8be580fdc39d6f1f97d,legal_ring
02_latency_throughput,lat_bf16_m128n64k16_same_d_in0_q3,1,,NVIDIA Thor,11.0,580.00,13.0,PTX ISA 9.3 / CUDA 13.0,1575.000,,,,bf16,128,64,16,3,170,230,0,discard,same,1,1,3,1,nocount,sw128,sw128,16,16,16,0,512,0,0,none,0,none,0,4,20,517169.0,328.3612698412698,,,,,6144,,8.143069982926278,,,0,0.0,1,bf14b28d2af4128daa99f23eec8a5e105636d0b04136f8be580fdc39d6f1f97d,same_d; UTCHMMA=21;UTCHMMA_WS=16;UTCBAR=1;UTCATOMSWS=3;SYNCS_TRYWAIT=8;LDS=21;LDG=9;ptx_tcgen05_mma=21;ptx_tcgen05_mma_ws=16;ptx_tcgen05_commit=1;ptx_tcgen05_alloc=1;ptx_tcgen05_dealloc=1;ptx_tcgen05_ld=5;ptx_tcgen05_st=5;ptx_mbarrier_wait=5;ptx_cp_async_tma=2;ptx_ld_shared=26;ptx_ld_global=7
02_latency_throughput,lat_bf16_m128n64k16_same_d_in0_q3,1,,NVIDIA Thor,11.0,580.00,13.0,PTX ISA 9.3 / CUDA 13.0,1575.000,,,,bf16,128,64,16,3,170,230,1,discard,same,1,1,3,1,nocount,sw128,sw128,16,16,16,0,512,0,0,none,0,none,0,4,20,517169.0,328.3612698412698,,,,,6144,,8.143069982926278,,,0,0.0,1,bf14b28d2af4128daa99f23eec8a5e105636d0b04136f8be580fdc39d6f1f97d,same_d
02_latency_throughput,lat_bf16_m128n64k16_same_d_in0_q3,1,,NVIDIA Thor,11.0,580.00,13.0,PTX ISA 9.3 / CUDA 13.0,1575.000,,,,bf16,128,64,16,3,170,230,2,discard,same,1,1,3,1,nocount,sw128,sw128,16,16,16,0,512,0,0,none,0,none,0,4,20,517171.0,328.36253968253965,,,,,6144,,8.143038492104159,,,0,0.0,1,bf14b28d2af4128daa99f23eec8a5e105636d0b04136f8be580fdc39d6f1f97d,same_d
02_latency_throughput,lat_bf16_m128n64k16_same_d_in0_q3,1,,NVIDIA Thor,11.0,580.00,13.0,PTX ISA 9.3 / CUDA 13.0,1575.000,,,,bf16,128,64,16,3,170,230,3,discard,same,1,1,3,1,nocount,sw128,sw128,16,16,16,0,512,0,0,none,0,none,0,4,20,517175.0,328.36507936507934,,,,,6144,,8.142975511190604,,,0,0.0,1,bf14b28d2af4128daa99f23eec8a5e105636d0b04136f8be580fdc39d6f1f97d,same_d
02_latency_throughput,lat_bf16_m128n64k16_same_d_in0_q3,1,,NVIDIA Thor,11.0,580.00,13.0,PTX ISA 9.3 / CUDA 13.0,1575.000,,,,bf16,128,64,16,3,170,230,4,discard,same,1,1,3,1,nocount,sw128,sw128,16,16,16,0,512,0,0,none,0,none,0,4,20,517169.0,328.3612698412698,,,,,6144,,8.143069982926278,,,0,0.0,1,bf14b28d2af4128daa99f23eec8a5e105636d0b04136f8be580fdc39d6f1f97d,same_d
02_latency_throughput,lat_fp16_m128n64k16_same_d_in0_q16,1,,NVIDIA Thor,11.0,580.00,13.0,PTX ISA 9.3 / CUDA 13.0,1575.000,,,,fp16,128,64,16,16,32,231,0,discard,same,1,1,16,1,nocount,sw128,sw128,16,16,16,0,512,0,0,none,0,none,0,4,20,410664.0,260.7390476190476,,,,,6144,,10.295176669978376,,,0,0.0,1,bf14b28d2af4128daa99f23eec8a5e105636d0b04136f8be580fdc39d6f1f97d,same_d; UTCHMMA=21;UTCHMMA_WS=16;UTCBAR=1;UTCATOMSWS=3;SYNCS_TRYWAIT=8;LDS=21;LDG=9;ptx_tcgen05_mma=21;ptx_tcgen05_mma_ws=16;ptx_tcgen05_commit=1;ptx_tcgen05_alloc=1;ptx_tcgen05_dealloc=1;ptx_tcgen05_ld=5;ptx_tcgen05_st=5;ptx_mbarrier_wait=5;ptx_cp_async_tma=2;ptx_ld_shared=26;ptx_ld_global=7
02_latency_throughput,lat_fp16_m128n64k16_same_d_in0_q16,1,,NVIDIA Thor,11.0,580.00,13.0,PTX ISA 9.3 / CUDA 13.0,1575.000,,,,fp16,128,64,16,16,32,231,1,discard,same,1,1,16,1,nocount,sw128,sw128,16,16,16,0,512,0,0,none,0,none,0,4,20,410662.0,260.73777777777775,,,,,6144,,10.295226809395562,,,0,0.0,1,bf14b28d2af4128daa99f23eec8a5e105636d0b04136f8be580fdc39d6f1f97d,same_d
02_latency_throughput,lat_fp16_m128n64k16_same_d_in0_q16,1,,NVIDIA Thor,11.0,580.00,13.0,PTX ISA 9.3 / CUDA 13.0,1575.000,,,,fp16,128,64,16,16,32,231,2,discard,same,1,1,16,1,nocount,sw128,sw128,16,16,16,0,512,0,0,none,0,none,0,4,20,410667.0,260.7409523809524,,,,,6144,,10.295101461768294,,,0,0.0,1,bf14b28d2af4128daa99f23eec8a5e105636d0b04136f8be580fdc39d6f1f97d,same_d
02_latency_throughput,lat_fp16_m128n64k16_same_d_in0_q16,1,,NVIDIA Thor,11.0,580.00,13.0,PTX ISA 9.3 / CUDA 13.0,1575.000,,,,fp16,128,64,16,16,32,231,3,discard,same,1,1,16,1,nocount,sw128,sw128,16,16,16,0,512,0,0,none,0,none,0,4,20,410660.0,260.7365079365079,,,,,6144,,10.295276949301124,,,0,0.0,1,bf14b28d2af4128daa99f23eec8a5e105636d0b04136f8be580fdc39d6f1f97d,same_d
02_latency_throughput,lat_fp16_m128n64k16_same_d_in0_q16,1,,NVIDIA Thor,11.0,580.00,13.0,PTX ISA 9.3 / CUDA 13.0,1575.000,,,,fp16,128,64,16,16,32,231,4,discard,same,1,1,16,1,nocount,sw128,sw128,16,16,16,0,512,0,0,none,0,none,0,4,20,410661.0,260.7371428571429,,,,,6144,,10.295251879287296,,,0,0.0,1,bf14b28d2af4128daa99f23eec8a5e105636d0b04136f8be580fdc39d6f1f97d,same_d
02_latency_throughput,lat_bf16_m128n128k16_same_d_in1_q4,1,,NVIDIA Thor,11.0,580.00,13.0,PTX ISA 9.3 / CUDA 13.0,1575.000,,,,bf16,128,128,16,4,128,232,0,discard,same,1,1,4,1,nocount,sw128,sw128,16,16,16,0,512,0,0,none,1,none,0,4,20,485748.0,308.4114285714286,,,,,8192,,17.407620543985768,,,0,0.0,1,bf14b28d2af4128daa99f23eec8a5e105636d0b04136f8be580fdc39d6f1f97d,same_d; UTCHMMA=21;UTCHMMA_WS=16;UTCBAR=1;UTCATOMSWS=3;SYNCS_TRYWAIT=8;LDS=21;LDG=9;ptx_tcgen05_mma=21;ptx_tcgen05_mma_ws=16;ptx_tcgen05_commit=1;ptx_tcgen05_alloc=1;ptx_tcgen05_dealloc=1;ptx_tcgen05_ld=5;ptx_tcgen05_st=5;ptx_mbarrier_wait=5;ptx_cp_async_tma=2;ptx_ld_shared=26;ptx_ld_global=7
02_latency_throughput,lat_bf16_m128n128k16_same_d_in1_q4,1,,NVIDIA Thor,11.0,580.00,13.0,PTX ISA 9.3 / CUDA 13.0,1575.000,,,,bf16,128,128,16,4,128,232,1,discard,same,1,1,4,1,nocount,sw128,sw128,16,16,16,0,512,0,0,none,1,none,0,4,20,485746.0,308.41015873015874,,,,,8192,,17.40769221774343,,,0,0.0,1,bf14b28d2af4128daa99f23eec8a5e105636d0b04136f8be580fdc39d6f1f97d,same_d
02_latency_throughput,lat_bf16_m128n128k16_same_d_in1_q4,1,,NVIDIA Thor,11.0,580.00,13.0,PTX ISA 9.3 / CUDA 13.0,1575.000,,,,bf16,128,128,16,4,128,232,2,discard,same,1,1,4,1,nocount,sw128,sw128,16,16,16,0,512,0,0,none,1,none,0,4,20,485748.0,308.4114285714286,,,,,8192,,17.407620543985768,,,0,0.0,1,bf14b28d2af4128daa99f23eec8a5e105636d0b04136f8be580fdc39d6f1f97d,same_d
02_latency_throughput,lat_bf16_m128n128k16_same_d_in1_q4,1,,NVIDIA Thor,11.0,580.00,13.0,PTX ISA 9.3 / CUDA 13.0,1575.000,,,,bf16,128,128,16,4,128,232,3,discard,same,1,1,4,1,nocount,sw128,sw128,16,16,16,0,512,0,0,none,1,none,0,4,20,485745.0,308.4095238095238,,,,,8192,,17.40772805484359,,,0,0.0,1,bf14b28d2af4128daa99f23eec8a5e105636d0b04136f8be580fdc39d6f1f97d,same_d
02_latency_throughput,lat_bf16_m128n128k16_same_d_in1_q4,1,,NVIDIA Thor,11.0,580.00,13.0,PTX ISA 9.3 / CUDA 13.0,1575.000,,,,bf16,128,128,16,4,128,232,4,discard,same,1,1,4,1,nocount,sw128,sw128,16,16,16,0,512,0,0,none,1,none,0,4,20,485743.0,308.408253968254,,,,,8192,,17.40779972948658,,,0,0.0,1,bf14b28d2af4128daa99f23eec8a5e105636d0b04136f8be580fdc39d6f1f97d,same_d
02_latency_throughput,commit_prefix_c1_p4,1,,NVIDIA Thor,11.0,580.00,13.0,PTX ISA 9.3 / CUDA 13.0,1575.000,,,,bf16,128,128,16,16,128,233,0,discard,same,4,4,1,4,count,sw128,sw128,16,16,16,0,512,0,128,none,0,none,0,4,20,3297495.0,2093.6476190476187,,,,,8192,,10.257139876178737,,,0,0.0,1,bf14b28d2af4128daa99f23eec8a5e105636d0b04136f8be580fdc39d6f1f97d,commit prefix scan; pending_mbarriers is prefix tracking count; UTCHMMA=21;UTCHMMA_WS=16;UTCBAR=1;UTCATOMSWS=3;SYNCS_TRYWAIT=8;LDS=21;LDG=9;ptx_tcgen05_mma=21;ptx_tcgen05_mma_ws=16;ptx_tcgen05_commit=1;ptx_tcgen05_alloc=1;ptx_tcgen05_dealloc=1;ptx_tcgen05_ld=5;ptx_tcgen05_st=5;ptx_mbarrier_wait=5;ptx_cp_async_tma=2;ptx_ld_shared=26;ptx_ld_global=7
02_latency_throughput,commit_prefix_c1_p4,1,,NVIDIA Thor,11.0,580.00,13.0,PTX ISA 9.3 / CUDA 13.0,1575.000,,,,bf16,128,128,16,16,128,233,1,discard,same,4,4,1,4,count,sw128,sw128,16,16,16,0,512,0,128,none,0,none,0,4,20,3297495.0,2093.6476190476187,,,,,8192,,10.257139876178737,,,0,0.0,1,bf14b28d2af4128daa99f23eec8a5e105636d0b04136f8be580fdc39d6f1f97d,commit prefix scan; pending_mbarriers is prefix tracking count
02_latency_throughput,commit_prefix_c1_p4,1,,NVIDIA Thor,11.0,580.00,13.0,PTX ISA 9.3 / CUDA 13.0,1575.000,,,,bf16,128,128,16,16,128,233,2,discard,same,4,4,1,4,count,sw128,sw128,16,16,16,0,512,0,128,none,0,none,0,4,20,3297495.0,2093.6476190476187,,,,,8192,,10.257139876178737,,,0,0.0,1,bf14b28d2af4128daa99f23eec8a5e105636d0b04136f8be580fdc39d6f1f97d,commit prefix scan; pending_mbarriers is prefix tracking count
02_latency_throughput,commit_prefix_c1_p4,1,,NVIDIA Thor,11.0,580.00,13.0,PTX ISA 9.3 / CUDA 13.0,1575.000,,,,bf16,128,128,16,16,128,233,3,discard,same,4,4,1,4,count,sw128,sw128,16,16,16,0,512,0,128,none,0,none,0,4,20,3297495.0,2093.6476190476187,,,,,8192,,10.257139876178737,,,0,0.0,1,bf14b28d2af4128daa99f23eec8a5e105636d0b04136f8be580fdc39d6f1f97d,commit prefix scan; pending_mbarriers is prefix tracking count
02_latency_throughput,commit_prefix_c1_p4,1,,NVIDIA Thor,11.0,580.00,13.0,PTX ISA 9.3 / CUDA 13.0,1575.000,,,,bf16,128,128,16,16,128,233,4,discard,same,4,4,1,4,count,sw128,sw128,16,16,16,0,512,0,128,none,0,none,0,4,20,3297489.0,2093.6438095238095,,,,,8192,,10.257158539725227,,,0,0.0,1,bf14b28d2af4128daa99f23eec8a5e105636d0b04136f8be580fdc39d6f1f97d,commit prefix scan; pending_mbarriers is prefix tracking count
02_latency_throughput,lat_fp16_m128n64k16_same_d_in1_q16,1,,NVIDIA Thor,11.0,580.00,13.0,PTX ISA 9.3 / CUDA 13.0,1575.000,,,,fp16,128,64,16,16,32,234,0,discard,same,1,1,16,1,nocount,sw128,sw128,16,16,16,0,512,0,0,none,1,none,0,4,20,410745.0,260.7904761904762,,,,,6144,,10.293146433918853,,,0,0.0,1,bf14b28d2af4128daa99f23eec8a5e105636d0b04136f8be580fdc39d6f1f97d,same_d; UTCHMMA=21;UTCHMMA_WS=16;UTCBAR=1;UTCATOMSWS=3;SYNCS_TRYWAIT=8;LDS=21;LDG=9;ptx_tcgen05_mma=21;ptx_tcgen05_mma_ws=16;ptx_tcgen05_commit=1;ptx_tcgen05_alloc=1;ptx_tcgen05_dealloc=1;ptx_tcgen05_ld=5;ptx_tcgen05_st=5;ptx_mbarrier_wait=5;ptx_cp_async_tma=2;ptx_ld_shared=26;ptx_ld_global=7
02_latency_throughput,lat_fp16_m128n64k16_same_d_in1_q16,1,,NVIDIA Thor,11.0,580.00,13.0,PTX ISA 9.3 / CUDA 13.0,1575.000,,,,fp16,128,64,16,16,32,234,1,discard,same,1,1,16,1,nocount,sw128,sw128,16,16,16,0,512,0,0,none,1,none,0,4,20,410666.0,260.74031746031744,,,,,6144,,10.295126531049565,,,0,0.0,1,bf14b28d2af4128daa99f23eec8a5e105636d0b04136f8be580fdc39d6f1f97d,same_d
02_latency_throughput,lat_fp16_m128n64k16_same_d_in1_q16,1,,NVIDIA Thor,11.0,580.00,13.0,PTX ISA 9.3 / CUDA 13.0,1575.000,,,,fp16,128,64,16,16,32,234,2,discard,same,1,1,16,1,nocount,sw128,sw128,16,16,16,0,512,0,0,none,1,none,0,4,20,410669.0,260.7422222222222,,,,,6144,,10.295051323572025,,,0,0.0,1,bf14b28d2af4128daa99f23eec8a5e105636d0b04136f8be580fdc39d6f1f97d,same_d
02_latency_throughput,lat_fp16_m128n64k16_same_d_in1_q16,1,,NVIDIA Thor,11.0,580.00,13.0,PTX ISA 9.3 / CUDA 13.0,1575.000,,,,fp16,128,64,16,16,32,234,3,discard,same,1,1,16,1,nocount,sw128,sw128,16,16,16,0,512,0,0,none,1,none,0,4,20,410741.0,260.78793650793654,,,,,6144,,10.293246673694615,,,0,0.0,1,bf14b28d2af4128daa99f23eec8a5e105636d0b04136f8be580fdc39d6f1f97d,same_d
02_latency_throughput,lat_fp16_m128n64k16_same_d_in1_q16,1,,NVIDIA Thor,11.0,580.00,13.0,PTX ISA 9.3 / CUDA 13.0,1575.000,,,,fp16,128,64,16,16,32,234,4,discard,same,1,1,16,1,nocount,sw128,sw128,16,16,16,0,512,0,0,none,1,none,0,4,20,410660.0,260.7365079365079,,,,,6144,,10.295276949301124,,,0,0.0,1,bf14b28d2af4128daa99f23eec8a5e105636d0b04136f8be580fdc39d6f1f97d,same_d
02_latency_throughput,lat_bf16_m128n64k16_same_d_in1_q48,1,,NVIDIA Thor,11.0,580.00,13.0,PTX ISA 9.3 / CUDA 13.0,1575.000,,,,bf16,128,64,16,48,10,235,0,discard,same,1,1,48,1,nocount,sw128,sw128,16,16,16,0,512,0,0,none,1,none,0,4,20,369242.0,234.4393650793651,,,,,6144,,10.734470293195248,,,0,0.0,1,bf14b28d2af4128daa99f23eec8a5e105636d0b04136f8be580fdc39d6f1f97d,same_d; UTCHMMA=21;UTCHMMA_WS=16;UTCBAR=1;UTCATOMSWS=3;SYNCS_TRYWAIT=8;LDS=21;LDG=9;ptx_tcgen05_mma=21;ptx_tcgen05_mma_ws=16;ptx_tcgen05_commit=1;ptx_tcgen05_alloc=1;ptx_tcgen05_dealloc=1;ptx_tcgen05_ld=5;ptx_tcgen05_st=5;ptx_mbarrier_wait=5;ptx_cp_async_tma=2;ptx_ld_shared=26;ptx_ld_global=7
02_latency_throughput,lat_bf16_m128n64k16_same_d_in1_q48,1,,NVIDIA Thor,11.0,580.00,13.0,PTX ISA 9.3 / CUDA 13.0,1575.000,,,,bf16,128,64,16,48,10,235,1,discard,same,1,1,48,1,nocount,sw128,sw128,16,16,16,0,512,0,0,none,1,none,0,4,20,369235.0,234.43492063492064,,,,,6144,,10.734673798529391,,,0,0.0,1,bf14b28d2af4128daa99f23eec8a5e105636d0b04136f8be580fdc39d6f1f97d,same_d
02_latency_throughput,lat_bf16_m128n64k16_same_d_in1_q48,1,,NVIDIA Thor,11.0,580.00,13.0,PTX ISA 9.3 / CUDA 13.0,1575.000,,,,bf16,128,64,16,48,10,235,2,discard,same,1,1,48,1,nocount,sw128,sw128,16,16,16,0,512,0,0,none,1,none,0,4,20,369241.0,234.43873015873018,,,,,6144,,10.734499364913429,,,0,0.0,1,bf14b28d2af4128daa99f23eec8a5e105636d0b04136f8be580fdc39d6f1f97d,same_d
02_latency_throughput,lat_bf16_m128n64k16_same_d_in1_q48,1,,NVIDIA Thor,11.0,580.00,13.0,PTX ISA 9.3 / CUDA 13.0,1575.000,,,,bf16,128,64,16,48,10,235,3,discard,same,1,1,48,1,nocount,sw128,sw128,16,16,16,0,512,0,0,none,1,none,0,4,20,369243.0,234.44,,,,,6144,,10.734441221634533,,,0,0.0,1,bf14b28d2af4128daa99f23eec8a5e105636d0b04136f8be580fdc39d6f1f97d,same_d
02_latency_throughput,lat_bf16_m128n64k16_same_d_in1_q48,1,,NVIDIA Thor,11.0,580.00,13.0,PTX ISA 9.3 / CUDA 13.0,1575.000,,,,bf16,128,64,16,48,10,235,4,discard,same,1,1,48,1,nocount,sw128,sw128,16,16,16,0,512,0,0,none,1,none,0,4,20,369233.0,234.4336507936508,,,,,6144,,10.734731944327836,,,0,0.0,1,bf14b28d2af4128daa99f23eec8a5e105636d0b04136f8be580fdc39d6f1f97d,same_d
02_latency_throughput,lat_fp16_m128n64k16_legal_ring_in0_q8,1,,NVIDIA Thor,11.0,580.00,13.0,PTX ISA 9.3 / CUDA 13.0,1575.000,,,,fp16,128,64,16,8,64,236,0,discard,same,8,8,8,1,nocount,sw128,sw128,16,16,16,0,512,0,64,none,0,none,0,4,20,497647.0,315.9663492063492,,,,,6144,,8.495697616985534,,,0,0.0,1,bf14b28d2af4128daa99f23eec8a5e105636d0b04136f8be580fdc39d6f1f97d,legal_ring; UTCHMMA=21;UTCHMMA_WS=16;UTCBAR=1;UTCATOMSWS=3;SYNCS_TRYWAIT=8;LDS=21;LDG=9;ptx_tcgen05_mma=21;ptx_tcgen05_mma_ws=16;ptx_tcgen05_commit=1;ptx_tcgen05_alloc=1;ptx_tcgen05_dealloc=1;ptx_tcgen05_ld=5;ptx_tcgen05_st=5;ptx_mbarrier_wait=5;ptx_cp_async_tma=2;ptx_ld_shared=26;ptx_ld_global=7
02_latency_throughput,lat_fp16_m128n64k16_legal_ring_in0_q8,1,,NVIDIA Thor,11.0,580.00,13.0,PTX ISA 9.3 / CUDA 13.0,1575.000,,,,fp16,128,64,16,8,64,236,1,discard,same,8,8,8,1,nocount,sw128,sw128,16,16,16,0,512,0,64,none,0,none,0,4,20,497642.0,315.9631746031746,,,,,6144,,8.495782976517257,,,0,0.0,1,bf14b28d2af4128daa99f23eec8a5e105636d0b04136f8be580fdc39d6f1f97d,legal_ring
02_latency_throughput,lat_fp16_m128n64k16_legal_ring_in0_q8,1,,NVIDIA Thor,11.0,580.00,13.0,PTX ISA 9.3 / CUDA 13.0,1575.000,,,,fp16,128,64,16,8,64,236,2,discard,same,8,8,8,1,nocount,sw128,sw128,16,16,16,0,512,0,64,none,0,none,0,4,20,497649.0,315.96761904761905,,,,,6144,,8.495663473653117,,,0,0.0,1,bf14b28d2af4128daa99f23eec8a5e105636d0b04136f8be580fdc39d6f1f97d,legal_ring
02_latency_throughput,lat_fp16_m128n64k16_legal_ring_in0_q8,1,,NVIDIA Thor,11.0,580.00,13.0,PTX ISA 9.3 / CUDA 13.0,1575.000,,,,fp16,128,64,16,8,64,236,3,discard,same,8,8,8,1,nocount,sw128,sw128,16,16,16,0,512,0,64,none,0,none,0,4,20,497698.0,315.99873015873015,,,,,6144,,8.494827047727739,,,0,0.0,1,bf14b28d2af4128daa99f23eec8a5e105636d0b04136f8be580fdc39d6f1f97d,legal_ring
02_latency_throughput,lat_fp16_m128n64k16_legal_ring_in0_q8,1,,NVIDIA Thor,11.0,580.00,13.0,PTX ISA 9.3 / CUDA 13.0,1575.000,,,,fp16,128,64,16,8,64,236,4,discard,same,8,8,8,1,nocount,sw128,sw128,16,16,16,0,512,0,64,none,0,none,0,4,20,497698.0,315.99873015873015,,,,,6144,,8.494827047727739,,,0,0.0,1,bf14b28d2af4128daa99f23eec8a5e105636d0b04136f8be580fdc39d6f1f97d,legal_ring
02_latency_throughput,lat_bf16_m128n256k16_legal_ring_in0_q2,1,,NVIDIA Thor,11.0,580.00,13.0,PTX ISA 9.3 / CUDA 13.0,1575.000,,,,bf16,128,256,16,2,256,237,0,discard,same,2,2,2,1,nocount,sw128,sw128,16,16,16,0,512,0,256,none,0,none,0,4,20,648049.0,411.45968253968255,,,,,12288,,26.095918253095057,,,0,0.0,1,bf14b28d2af4128daa99f23eec8a5e105636d0b04136f8be580fdc39d6f1f97d,legal_ring; UTCHMMA=21;UTCHMMA_WS=16;UTCBAR=1;UTCATOMSWS=3;SYNCS_TRYWAIT=8;LDS=21;LDG=9;ptx_tcgen05_mma=21;ptx_tcgen05_mma_ws=16;ptx_tcgen05_commit=1;ptx_tcgen05_alloc=1;ptx_tcgen05_dealloc=1;ptx_tcgen05_ld=5;ptx_tcgen05_st=5;ptx_mbarrier_wait=5;ptx_cp_async_tma=2;ptx_ld_shared=26;ptx_ld_global=7
02_latency_throughput,lat_bf16_m128n256k16_legal_ring_in0_q2,1,,NVIDIA Thor,11.0,580.00,13.0,PTX ISA 9.3 / CUDA 13.0,1575.000,,,,bf16,128,256,16,2,256,237,1,discard,same,2,2,2,1,nocount,sw128,sw128,16,16,16,0,512,0,256,none,0,none,0,4,20,648046.0,411.4577777777778,,,,,12288,,26.096039058955693,,,0,0.0,1,bf14b28d2af4128daa99f23eec8a5e105636d0b04136f8be580fdc39d6f1f97d,legal_ring
02_latency_throughput,lat_bf16_m128n256k16_legal_ring_in0_q2,1,,NVIDIA Thor,11.0,580.00,13.0,PTX ISA 9.3 / CUDA 13.0,1575.000,,,,bf16,128,256,16,2,256,237,2,discard,same,2,2,2,1,nocount,sw128,sw128,16,16,16,0,512,0,256,none,0,none,0,4,20,648041.0,411.45460317460316,,,,,12288,,26.096240404542304,,,0,0.0,1,bf14b28d2af4128daa99f23eec8a5e105636d0b04136f8be580fdc39d6f1f97d,legal_ring
02_latency_throughput,lat_bf16_m128n256k16_legal_ring_in0_q2,1,,NVIDIA Thor,11.0,580.00,13.0,PTX ISA 9.3 / CUDA 13.0,1575.000,,,,bf16,128,256,16,2,256,237,3,discard,same,2,2,2,1,nocount,sw128,sw128,16,16,16,0,512,0,256,none,0,none,0,4,20,648053.0,411.4622222222222,,,,,12288,,26.095757180354077,,,0,0.0,1,bf14b28d2af4128daa99f23eec8a5e105636d0b04136f8be580fdc39d6f1f97d,legal_ring
02_latency_throughput,lat_bf16_m128n256k16_legal_ring_in0_q2,1,,NVIDIA Thor,11.0,580.00,13.0,PTX ISA 9.3 / CUDA 13.0,1575.000,,,,bf16,128,256,16,2,256,237,4,discard,same,2,2,2,1,nocount,sw128,sw128,16,16,16,0,512,0,256,none,0,none,0,4,20,648043.0,411.455873015873,,,,,12288,,26.096159865934823,,,0,0.0,1,bf14b28d2af4128daa99f23eec8a5e105636d0b04136f8be580fdc39d6f1f97d,legal_ring
02_latency_throughput,lat_fp16_m128n256k16_same_d_in0_q4,1,,NVIDIA Thor,11.0,580.00,13.0,PTX ISA 9.3 / CUDA 13.0,1575.000,,,,fp16,128,256,16,4,128,238,0,discard,same,1,1,4,1,nocount,sw128,sw128,16,16,16,0,512,0,0,none,0,none,0,4,20,485758.0,308.4177777777778,,,,,12288,,34.81452436810099,,,0,0.0,1,bf14b28d2af4128daa99f23eec8a5e105636d0b04136f8be580fdc39d6f1f97d,same_d; UTCHMMA=21;UTCHMMA_WS=16;UTCBAR=1;UTCATOMSWS=3;SYNCS_TRYWAIT=8;LDS=21;LDG=9;ptx_tcgen05_mma=21;ptx_tcgen05_mma_ws=16;ptx_tcgen05_commit=1;ptx_tcgen05_alloc=1;ptx_tcgen05_dealloc=1;ptx_tcgen05_ld=5;ptx_tcgen05_st=5;ptx_mbarrier_wait=5;ptx_cp_async_tma=2;ptx_ld_shared=26;ptx_ld_global=7
02_latency_throughput,lat_fp16_m128n256k16_same_d_in0_q4,1,,NVIDIA Thor,11.0,580.00,13.0,PTX ISA 9.3 / CUDA 13.0,1575.000,,,,fp16,128,256,16,4,128,238,1,discard,same,1,1,4,1,nocount,sw128,sw128,16,16,16,0,512,0,0,none,0,none,0,4,20,485747.0,308.41079365079366,,,,,12288,,34.81531276158165,,,0,0.0,1,bf14b28d2af4128daa99f23eec8a5e105636d0b04136f8be580fdc39d6f1f97d,same_d
02_latency_throughput,lat_fp16_m128n256k16_same_d_in0_q4,1,,NVIDIA Thor,11.0,580.00,13.0,PTX ISA 9.3 / CUDA 13.0,1575.000,,,,fp16,128,256,16,4,128,238,2,discard,same,1,1,4,1,nocount,sw128,sw128,16,16,16,0,512,0,0,none,0,none,0,4,20,485740.0,308.4063492063492,,,,,12288,,34.81581448511549,,,0,0.0,1,bf14b28d2af4128daa99f23eec8a5e105636d0b04136f8be580fdc39d6f1f97d,same_d
02_latency_throughput,lat_fp16_m128n256k16_same_d_in0_q4,1,,NVIDIA Thor,11.0,580.00,13.0,PTX ISA 9.3 / CUDA 13.0,1575.000,,,,fp16,128,256,16,4,128,238,3,discard,same,1,1,4,1,nocount,sw128,sw128,16,16,16,0,512,0,0,none,0,none,0,4,20,485743.0,308.408253968254,,,,,12288,,34.81559945897316,,,0,0.0,1,bf14b28d2af4128daa99f23eec8a5e105636d0b04136f8be580fdc39d6f1f97d,same_d
02_latency_throughput,lat_fp16_m128n256k16_same_d_in0_q4,1,,NVIDIA Thor,11.0,580.00,13.0,PTX ISA 9.3 / CUDA 13.0,1575.000,,,,fp16,128,256,16,4,128,238,4,discard,same,1,1,4,1,nocount,sw128,sw128,16,16,16,0,512,0,0,none,0,none,0,4,20,485749.0,308.4120634920635,,,,,12288,,34.815169414656545,,,0,0.0,1,bf14b28d2af4128daa99f23eec8a5e105636d0b04136f8be580fdc39d6f1f97d,same_d
02_latency_throughput,lat_bf16_m128n64k16_legal_ring_in0_q3,1,,NVIDIA Thor,11.0,580.00,13.0,PTX ISA 9.3 / CUDA 13.0,1575.000,,,,bf16,128,64,16,3,170,239,0,discard,same,8,8,3,1,nocount,sw128,sw128,16,16,16,0,512,0,64,none,0,none,0,4,20,578885.0,367.54603174603176,,,,,6144,,7.274922238441141,,,0,0.0,1,bf14b28d2af4128daa99f23eec8a5e105636d0b04136f8be580fdc39d6f1f97d,legal_ring; UTCHMMA=21;UTCHMMA_WS=16;UTCBAR=1;UTCATOMSWS=3;SYNCS_TRYWAIT=8;LDS=21;LDG=9;ptx_tcgen05_mma=21;ptx_tcgen05_mma_ws=16;ptx_tcgen05_commit=1;ptx_tcgen05_alloc=1;ptx_tcgen05_dealloc=1;ptx_tcgen05_ld=5;ptx_tcgen05_st=5;ptx_mbarrier_wait=5;ptx_cp_async_tma=2;ptx_ld_shared=26;ptx_ld_global=7
02_latency_throughput,lat_bf16_m128n64k16_legal_ring_in0_q3,1,,NVIDIA Thor,11.0,580.00,13.0,PTX ISA 9.3 / CUDA 13.0,1575.000,,,,bf16,128,64,16,3,170,239,1,discard,same,8,8,3,1,nocount,sw128,sw128,16,16,16,0,512,0,64,none,0,none,0,4,20,578876.0,367.54031746031745,,,,,6144,,7.275035344356996,,,0,0.0,1,bf14b28d2af4128daa99f23eec8a5e105636d0b04136f8be580fdc39d6f1f97d,legal_ring
02_latency_throughput,lat_bf16_m128n64k16_legal_ring_in0_q3,1,,NVIDIA Thor,11.0,580.00,13.0,PTX ISA 9.3 / CUDA 13.0,1575.000,,,,bf16,128,64,16,3,170,239,2,discard,same,8,8,3,1,nocount,sw128,sw128,16,16,16,0,512,0,64,none,0,none,0,4,20,578881.0,367.54349206349207,,,,,6144,,7.274972507302883,,,0,0.0,1,bf14b28d2af4128daa99f23eec8a5e105636d0b04136f8be580fdc39d6f1f97d,legal_ring
02_latency_throughput,lat_bf16_m128n64k16_legal_ring_in0_q3,1,,NVIDIA Thor,11.0,580.00,13.0,PTX ISA 9.3 / CUDA 13.0,1575.000,,,,bf16,128,64,16,3,170,239,3,discard,same,8,8,3,1,nocount,sw128,sw128,16,16,16,0,512,0,64,none,0,none,0,4,20,578874.0,367.5390476190476,,,,,6144,,7.275060479482582,,,0,0.0,1,bf14b28d2af4128daa99f23eec8a5e105636d0b04136f8be580fdc39d6f1f97d,legal_ring
02_latency_throughput,lat_bf16_m128n64k16_legal_ring_in0_q3,1,,NVIDIA Thor,11.0,580.00,13.0,PTX ISA 9.3 / CUDA 13.0,1575.000,,,,bf16,128,64,16,3,170,239,4,discard,same,8,8,3,1,nocount,sw128,sw128,16,16,16,0,512,0,64,none,0,none,0,4,20,578883.0,367.5447619047619,,,,,6144,,7.2749473727851734,,,0,0.0,1,bf14b28d2af4128daa99f23eec8a5e105636d0b04136f8be580fdc39d6f1f97d,legal_ring
02_latency_throughput,lat_bf16_m128n256k16_same_d_in0_q12,1,,NVIDIA Thor,11.0,580.00,13.0,PTX ISA 9.3 / CUDA 13.0,1575.000,,,,bf16,128,256,16,12,42,240,0,discard,same,1,1,12,1,nocount,sw128,sw128,16,16,16,0,512,0,0,none,0,none,0,4,20,412509.0,261.9104761904762,,,,,12288,,40.35594999381832,,,0,0.0,1,bf14b28d2af4128daa99f23eec8a5e105636d0b04136f8be580fdc39d6f1f97d,same_d; UTCHMMA=21;UTCHMMA_WS=16;UTCBAR=1;UTCATOMSWS=3;SYNCS_TRYWAIT=8;LDS=21;LDG=9;ptx_tcgen05_mma=21;ptx_tcgen05_mma_ws=16;ptx_tcgen05_commit=1;ptx_tcgen05_alloc=1;ptx_tcgen05_dealloc=1;ptx_tcgen05_ld=5;ptx_tcgen05_st=5;ptx_mbarrier_wait=5;ptx_cp_async_tma=2;ptx_ld_shared=26;ptx_ld_global=7
02_latency_throughput,lat_bf16_m128n256k16_same_d_in0_q12,1,,NVIDIA Thor,11.0,580.00,13.0,PTX ISA 9.3 / CUDA 13.0,1575.000,,,,bf16,128,256,16,12,42,240,1,discard,same,1,1,12,1,nocount,sw128,sw128,16,16,16,0,512,0,0,none,0,none,0,4,20,412502.0,261.9060317460318,,,,,12288,,40.356634818740275,,,0,0.0,1,bf14b28d2af4128daa99f23eec8a5e105636d0b04136f8be580fdc39d6f1f97d,same_d
02_latency_throughput,lat_bf16_m128n256k16_same_d_in0_q12,1,,NVIDIA Thor,11.0,580.00,13.0,PTX ISA 9.3 / CUDA 13.0,1575.000,,,,bf16,128,256,16,12,42,240,2,discard,same,1,1,12,1,nocount,sw128,sw128,16,16,16,0,512,0,0,none,0,none,0,4,20,412502.0,261.9060317460318,,,,,12288,,40.356634818740275,,,0,0.0,1,bf14b28d2af4128daa99f23eec8a5e105636d0b04136f8be580fdc39d6f1f97d,same_d
02_latency_throughput,lat_bf16_m128n256k16_same_d_in0_q12,1,,NVIDIA Thor,11.0,580.00,13.0,PTX ISA 9.3 / CUDA 13.0,1575.000,,,,bf16,128,256,16,12,42,240,3,discard,same,1,1,12,1,nocount,sw128,sw128,16,16,16,0,512,0,0,none,0,none,0,4,20,412506.0,261.90857142857146,,,,,12288,,40.35624348736745,,,0,0.0,1,bf14b28d2af4128daa99f23eec8a5e105636d0b04136f8be580fdc39d6f1f97d,same_d
02_latency_throughput,lat_bf16_m128n256k16_same_d_in0_q12,1,,NVIDIA Thor,11.0,580.00,13.0,PTX ISA 9.3 / CUDA 13.0,1575.000,,,,bf16,128,256,16,12,42,240,4,discard,same,1,1,12,1,nocount,sw128,sw128,16,16,16,0,512,0,0,none,0,none,0,4,20,412503.0,261.90666666666664,,,,,12288,,40.35653698518556,,,0,0.0,1,bf14b28d2af4128daa99f23eec8a5e105636d0b04136f8be580fdc39d6f1f97d,same_d
02_latency_throughput,lat_fp16_m128n64k16_same_d_in1_q64,1,,NVIDIA Thor,11.0,580.00,13.0,PTX ISA 9.3 / CUDA 13.0,1575.000,,,,fp16,128,64,16,64,8,241,0,discard,same,1,1,64,1,nocount,sw128,sw128,16,16,16,0,512,0,0,none,1,none,0,4,20,391719.0,248.7104761904762,,,,,6144,,10.79309002626883,,,0,0.0,1,bf14b28d2af4128daa99f23eec8a5e105636d0b04136f8be580fdc39d6f1f97d,same_d; UTCHMMA=21;UTCHMMA_WS=16;UTCBAR=1;UTCATOMSWS=3;SYNCS_TRYWAIT=8;LDS=21;LDG=9;ptx_tcgen05_mma=21;ptx_tcgen05_mma_ws=16;ptx_tcgen05_commit=1;ptx_tcgen05_alloc=1;ptx_tcgen05_dealloc=1;ptx_tcgen05_ld=5;ptx_tcgen05_st=5;ptx_mbarrier_wait=5;ptx_cp_async_tma=2;ptx_ld_shared=26;ptx_ld_global=7
02_latency_throughput,lat_fp16_m128n64k16_same_d_in1_q64,1,,NVIDIA Thor,11.0,580.00,13.0,PTX ISA 9.3 / CUDA 13.0,1575.000,,,,fp16,128,64,16,64,8,241,1,discard,same,1,1,64,1,nocount,sw128,sw128,16,16,16,0,512,0,0,none,1,none,0,4,20,391714.0,248.7073015873016,,,,,6144,,10.793227793747478,,,0,0.0,1,bf14b28d2af4128daa99f23eec8a5e105636d0b04136f8be580fdc39d6f1f97d,same_d
02_latency_throughput,lat_fp16_m128n64k16_same_d_in1_q64,1,,NVIDIA Thor,11.0,580.00,13.0,PTX ISA 9.3 / CUDA 13.0,1575.000,,,,fp16,128,64,16,64,8,241,2,discard,same,1,1,64,1,nocount,sw128,sw128,16,16,16,0,512,0,0,none,1,none,0,4,20,391716.0,248.70857142857145,,,,,6144,,10.793172686333977,,,0,0.0,1,bf14b28d2af4128daa99f23eec8a5e105636d0b04136f8be580fdc39d6f1f97d,same_d
02_latency_throughput,lat_fp16_m128n64k16_same_d_in1_q64,1,,NVIDIA Thor,11.0,580.00,13.0,PTX ISA 9.3 / CUDA 13.0,1575.000,,,,fp16,128,64,16,64,8,241,3,discard,same,1,1,64,1,nocount,sw128,sw128,16,16,16,0,512,0,0,none,1,none,0,4,20,391714.0,248.7073015873016,,,,,6144,,10.793227793747478,,,0,0.0,1,bf14b28d2af4128daa99f23eec8a5e105636d0b04136f8be580fdc39d6f1f97d,same_d
02_latency_throughput,lat_fp16_m128n64k16_same_d_in1_q64,1,,NVIDIA Thor,11.0,580.00,13.0,PTX ISA 9.3 / CUDA 13.0,1575.000,,,,fp16,128,64,16,64,8,241,4,discard,same,1,1,64,1,nocount,sw128,sw128,16,16,16,0,512,0,0,none,1,none,0,4,20,391716.0,248.70857142857145,,,,,6144,,10.793172686333977,,,0,0.0,1,bf14b28d2af4128daa99f23eec8a5e105636d0b04136f8be580fdc39d6f1f97d,same_d
02_latency_throughput,lat_bf16_m128n256k16_legal_ring_in1_q16,1,,NVIDIA Thor,11.0,580.00,13.0,PTX ISA 9.3 / CUDA 13.0,1575.000,,,,bf16,128,256,16,16,32,242,0,discard,same,2,2,16,1,nocount,sw128,sw128,16,16,16,0,512,0,256,none,1,none,0,4,20,472641.0,300.0895238095238,,,,,12288,,35.780716713107836,,,0,0.0,1,bf14b28d2af4128daa99f23eec8a5e105636d0b04136f8be580fdc39d6f1f97d,legal_ring; UTCHMMA=21;UTCHMMA_WS=16;UTCBAR=1;UTCATOMSWS=3;SYNCS_TRYWAIT=8;LDS=21;LDG=9;ptx_tcgen05_mma=21;ptx_tcgen05_mma_ws=16;ptx_tcgen05_commit=1;ptx_tcgen05_alloc=1;ptx_tcgen05_dealloc=1;ptx_tcgen05_ld=5;ptx_tcgen05_st=5;ptx_mbarrier_wait=5;ptx_cp_async_tma=2;ptx_ld_shared=26;ptx_ld_global=7
02_latency_throughput,lat_bf16_m128n256k16_legal_ring_in1_q16,1,,NVIDIA Thor,11.0,580.00,13.0,PTX ISA 9.3 / CUDA 13.0,1575.000,,,,bf16,128,256,16,16,32,242,1,discard,same,2,2,16,1,nocount,sw128,sw128,16,16,16,0,512,0,256,none,1,none,0,4,20,472642.0,300.0901587301587,,,,,12288,,35.78064100947441,,,0,0.0,1,bf14b28d2af4128daa99f23eec8a5e105636d0b04136f8be580fdc39d6f1f97d,legal_ring
02_latency_throughput,lat_bf16_m128n256k16_legal_ring_in1_q16,1,,NVIDIA Thor,11.0,580.00,13.0,PTX ISA 9.3 / CUDA 13.0,1575.000,,,,bf16,128,256,16,16,32,242,2,discard,same,2,2,16,1,nocount,sw128,sw128,16,16,16,0,512,0,256,none,1,none,0,4,20,472644.0,300.09142857142854,,,,,12288,,35.78048960316856,,,0,0.0,1,bf14b28d2af4128daa99f23eec8a5e105636d0b04136f8be580fdc39d6f1f97d,legal_ring
02_latency_throughput,lat_bf16_m128n256k16_legal_ring_in1_q16,1,,NVIDIA Thor,11.0,580.00,13.0,PTX ISA 9.3 / CUDA 13.0,1575.000,,,,bf16,128,256,16,16,32,242,3,discard,same,2,2,16,1,nocount,sw128,sw128,16,16,16,0,512,0,256,none,1,none,0,4,20,472639.0,300.088253968254,,,,,12288,,35.780868121335736,,,0,0.0,1,bf14b28d2af4128daa99f23eec8a5e105636d0b04136f8be580fdc39d6f1f97d,legal_ring
02_latency_throughput,lat_bf16_m128n256k16_legal_ring_in1_q16,1,,NVIDIA Thor,11.0,580.00,13.0,PTX ISA 9.3 / CUDA 13.0,1575.000,,,,bf16,128,256,16,16,32,242,4,discard,same,2,2,16,1,nocount,sw128,sw128,16,16,16,0,512,0,256,none,1,none,0,4,20,472642.0,300.0901587301587,,,,,12288,,35.78064100947441,,,0,0.0,1,bf14b28d2af4128daa99f23eec8a5e105636d0b04136f8be580fdc39d6f1f97d,legal_ring
02_latency_throughput,commit_prefix_c2_p2,1,,NVIDIA Thor,11.0,580.00,13.0,PTX ISA 9.3 / CUDA 13.0,1575.000,,,,bf16,128,128,16,16,128,243,0,discard,same,4,4,2,2,count,sw128,sw128,16,16,16,0,512,0,128,none,0,none,0,4,20,2560219.0,1625.535873015873,,,,,8192,,13.210927446441106,,,0,0.0,1,bf14b28d2af4128daa99f23eec8a5e105636d0b04136f8be580fdc39d6f1f97d,commit prefix scan; pending_mbarriers is prefix tracking count; UTCHMMA=21;UTCHMMA_WS=16;UTCBAR=1;UTCATOMSWS=3;SYNCS_TRYWAIT=8;LDS=21;LDG=9;ptx_tcgen05_mma=21;ptx_tcgen05_mma_ws=16;ptx_tcgen05_commit=1;ptx_tcgen05_alloc=1;ptx_tcgen05_dealloc=1;ptx_tcgen05_ld=5;ptx_tcgen05_st=5;ptx_mbarrier_wait=5;ptx_cp_async_tma=2;ptx_ld_shared=26;ptx_ld_global=7
02_latency_throughput,commit_prefix_c2_p2,1,,NVIDIA Thor,11.0,580.00,13.0,PTX ISA 9.3 / CUDA 13.0,1575.000,,,,bf16,128,128,16,16,128,243,1,discard,same,4,4,2,2,count,sw128,sw128,16,16,16,0,512,0,128,none,0,none,0,4,20,2560201.0,1625.5244444444445,,,,,8192,,13.211020328482022,,,0,0.0,1,bf14b28d2af4128daa99f23eec8a5e105636d0b04136f8be580fdc39d6f1f97d,commit prefix scan; pending_mbarriers is prefix tracking count
02_latency_throughput,commit_prefix_c2_p2,1,,NVIDIA Thor,11.0,580.00,13.0,PTX ISA 9.3 / CUDA 13.0,1575.000,,,,bf16,128,128,16,16,128,243,2,discard,same,4,4,2,2,count,sw128,sw128,16,16,16,0,512,0,128,none,0,none,0,4,20,2560205.0,1625.5269841269842,,,,,8192,,13.210999687915617,,,0,0.0,1,bf14b28d2af4128daa99f23eec8a5e105636d0b04136f8be580fdc39d6f1f97d,commit prefix scan; pending_mbarriers is prefix tracking count
02_latency_throughput,commit_prefix_c2_p2,1,,NVIDIA Thor,11.0,580.00,13.0,PTX ISA 9.3 / CUDA 13.0,1575.000,,,,bf16,128,128,16,16,128,243,3,discard,same,4,4,2,2,count,sw128,sw128,16,16,16,0,512,0,128,none,0,none,0,4,20,2560219.0,1625.535873015873,,,,,8192,,13.210927446441106,,,0,0.0,1,bf14b28d2af4128daa99f23eec8a5e105636d0b04136f8be580fdc39d6f1f97d,commit prefix scan; pending_mbarriers is prefix tracking count
02_latency_throughput,commit_prefix_c2_p2,1,,NVIDIA Thor,11.0,580.00,13.0,PTX ISA 9.3 / CUDA 13.0,1575.000,,,,bf16,128,128,16,16,128,243,4,discard,same,4,4,2,2,count,sw128,sw128,16,16,16,0,512,0,128,none,0,none,0,4,20,2560225.0,1625.5396825396826,,,,,8192,,13.210896486051029,,,0,0.0,1,bf14b28d2af4128daa99f23eec8a5e105636d0b04136f8be580fdc39d6f1f97d,commit prefix scan; pending_mbarriers is prefix tracking count
02_latency_throughput,lat_bf16_m128n128k16_legal_ring_in0_q3,1,,NVIDIA Thor,11.0,580.00,13.0,PTX ISA 9.3 / CUDA 13.0,1575.000,,,,bf16,128,128,16,3,170,244,0,discard,same,4,4,3,1,nocount,sw128,sw128,16,16,16,0,512,0,128,none,0,none,0,4,20,578879.0,367.5422222222222,,,,,8192,,14.549995283988535,,,0,0.0,1,bf14b28d2af4128daa99f23eec8a5e105636d0b04136f8be580fdc39d6f1f97d,legal_ring; UTCHMMA=21;UTCHMMA_WS=16;UTCBAR=1;UTCATOMSWS=3;SYNCS_TRYWAIT=8;LDS=21;LDG=9;ptx_tcgen05_mma=21;ptx_tcgen05_mma_ws=16;ptx_tcgen05_commit=1;ptx_tcgen05_alloc=1;ptx_tcgen05_dealloc=1;ptx_tcgen05_ld=5;ptx_tcgen05_st=5;ptx_mbarrier_wait=5;ptx_cp_async_tma=2;ptx_ld_shared=26;ptx_ld_global=7
02_latency_throughput,lat_bf16_m128n128k16_legal_ring_in0_q3,1,,NVIDIA Thor,11.0,580.00,13.0,PTX ISA 9.3 / CUDA 13.0,1575.000,,,,bf16,128,128,16,3,170,244,1,discard,same,4,4,3,1,nocount,sw128,sw128,16,16,16,0,512,0,128,none,0,none,0,4,20,578871.0,367.53714285714284,,,,,8192,,14.550196364993237,,,0,0.0,1,bf14b28d2af4128daa99f23eec8a5e105636d0b04136f8be580fdc39d6f1f97d,legal_ring
02_latency_throughput,lat_bf16_m128n128k16_legal_ring_in0_q3,1,,NVIDIA Thor,11.0,580.00,13.0,PTX ISA 9.3 / CUDA 13.0,1575.000,,,,bf16,128,128,16,3,170,244,2,discard,same,4,4,3,1,nocount,sw128,sw128,16,16,16,0,512,0,128,none,0,none,0,4,20,578873.0,367.5384126984127,,,,,8192,,14.550146094221011,,,0,0.0,1,bf14b28d2af4128daa99f23eec8a5e105636d0b04136f8be580fdc39d6f1f97d,legal_ring
02_latency_throughput,lat_bf16_m128n128k16_legal_ring_in0_q3,1,,NVIDIA Thor,11.0,580.00,13.0,PTX ISA 9.3 / CUDA 13.0,1575.000,,,,bf16,128,128,16,3,170,244,3,discard,same,4,4,3,1,nocount,sw128,sw128,16,16,16,0,512,0,128,none,0,none,0,4,20,578878.0,367.5415873015873,,,,,8192,,14.550020418810181,,,0,0.0,1,bf14b28d2af4128daa99f23eec8a5e105636d0b04136f8be580fdc39d6f1f97d,legal_ring
02_latency_throughput,lat_bf16_m128n128k16_legal_ring_in0_q3,1,,NVIDIA Thor,11.0,580.00,13.0,PTX ISA 9.3 / CUDA 13.0,1575.000,,,,bf16,128,128,16,3,170,244,4,discard,same,4,4,3,1,nocount,sw128,sw128,16,16,16,0,512,0,128,none,0,none,0,4,20,578879.0,367.5422222222222,,,,,8192,,14.549995283988535,,,0,0.0,1,bf14b28d2af4128daa99f23eec8a5e105636d0b04136f8be580fdc39d6f1f97d,legal_ring
02_latency_throughput,lat_bf16_m128n128k16_legal_ring_in1_q12,1,,NVIDIA Thor,11.0,580.00,13.0,PTX ISA 9.3 / CUDA 13.0,1575.000,,,,bf16,128,128,16,12,42,245,0,discard,same,4,4,12,1,nocount,sw128,sw128,16,16,16,0,512,0,128,none,1,none,0,4,20,473535.0,300.65714285714284,,,,,8192,,17.577573543666254,,,0,0.0,1,bf14b28d2af4128daa99f23eec8a5e105636d0b04136f8be580fdc39d6f1f97d,legal_ring; UTCHMMA=21;UTCHMMA_WS=16;UTCBAR=1;UTCATOMSWS=3;SYNCS_TRYWAIT=8;LDS=21;LDG=9;ptx_tcgen05_mma=21;ptx_tcgen05_mma_ws=16;ptx_tcgen05_commit=1;ptx_tcgen05_alloc=1;ptx_tcgen05_dealloc=1;ptx_tcgen05_ld=5;ptx_tcgen05_st=5;ptx_mbarrier_wait=5;ptx_cp_async_tma=2;ptx_ld_shared=26;ptx_ld_global=7
02_latency_throughput,lat_bf16_m128n128k16_legal_ring_in1_q12,1,,NVIDIA Thor,11.0,580.00,13.0,PTX ISA 9.3 / CUDA 13.0,1575.000,,,,bf16,128,128,16,12,42,245,1,discard,same,4,4,12,1,nocount,sw128,sw128,16,16,16,0,512,0,128,none,1,none,0,4,20,473570.0,300.679365079365,,,,,8192,,17.57627444306016,,,0,0.0,1,bf14b28d2af4128daa99f23eec8a5e105636d0b04136f8be580fdc39d6f1f97d,legal_ring
02_latency_throughput,lat_bf16_m128n128k16_legal_ring_in1_q12,1,,NVIDIA Thor,11.0,580.00,13.0,PTX ISA 9.3 / CUDA 13.0,1575.000,,,,bf16,128,128,16,12,42,245,2,discard,same,4,4,12,1,nocount,sw128,sw128,16,16,16,0,512,0,128,none,1,none,0,4,20,473562.0,300.6742857142857,,,,,8192,,17.576571363411762,,,0,0.0,1,bf14b28d2af4128daa99f23eec8a5e105636d0b04136f8be580fdc39d6f1f97d,legal_ring
02_latency_throughput,lat_bf16_m128n128k16_legal_ring_in1_q12,1,,NVIDIA Thor,11.0,580.00,13.0,PTX ISA 9.3 / CUDA 13.0,1575.000,,,,bf16,128,128,16,12,42,245,3,discard,same,4,4,12,1,nocount,sw128,sw128,16,16,16,0,512,0,128,none,1,none,0,4,20,473529.0,300.6533333333333,,,,,8192,,17.577796265909797,,,0,0.0,1,bf14b28d2af4128daa99f23eec8a5e105636d0b04136f8be580fdc39d6f1f97d,legal_ring
02_latency_throughput,lat_bf16_m128n128k16_legal_ring_in1_q12,1,,NVIDIA Thor,11.0,580.00,13.0,PTX ISA 9.3 / CUDA 13.0,1575.000,,,,bf16,128,128,16,12,42,245,4,discard,same,4,4,12,1,nocount,sw128,sw128,16,16,16,0,512,0,128,none,1,none,0,4,20,473537.0,300.6584126984127,,,,,8192,,17.57749930417264,,,0,0.0,1,bf14b28d2af4128daa99f23eec8a5e105636d0b04136f8be580fdc39d6f1f97d,legal_ring
02_latency_throughput,lat_fp16_m128n128k16_legal_ring_in1_q4,1,,NVIDIA Thor,11.0,580.00,13.0,PTX ISA 9.3 / CUDA 13.0,1575.000,,,,fp16,128,128,16,4,128,246,0,discard,same,4,4,4,1,nocount,sw128,sw128,16,16,16,0,512,0,128,none,1,none,0,4,20,547812.0,347.81714285714287,,,,,8192,,15.435435631201944,,,0,0.0,1,bf14b28d2af4128daa99f23eec8a5e105636d0b04136f8be580fdc39d6f1f97d,legal_ring; UTCHMMA=21;UTCHMMA_WS=16;UTCBAR=1;UTCATOMSWS=3;SYNCS_TRYWAIT=8;LDS=21;LDG=9;ptx_tcgen05_mma=21;ptx_tcgen05_mma_ws=16;ptx_tcgen05_commit=1;ptx_tcgen05_alloc=1;ptx_tcgen05_dealloc=1;ptx_tcgen05_ld=5;ptx_tcgen05_st=5;ptx_mbarrier_wait=5;ptx_cp_async_tma=2;ptx_ld_shared=26;ptx_ld_global=7
02_latency_throughput,lat_fp16_m128n128k16_legal_ring_in1_q4,1,,NVIDIA Thor,11.0,580.00,13.0,PTX ISA 9.3 / CUDA 13.0,1575.000,,,,fp16,128,128,16,4,128,246,1,discard,same,4,4,4,1,nocount,sw128,sw128,16,16,16,0,512,0,128,none,1,none,0,4,20,547819.0,347.82158730158733,,,,,8192,,15.435238398084039,,,0,0.0,1,bf14b28d2af4128daa99f23eec8a5e105636d0b04136f8be580fdc39d6f1f97d,legal_ring
02_latency_throughput,lat_fp16_m128n128k16_legal_ring_in1_q4,1,,NVIDIA Thor,11.0,580.00,13.0,PTX ISA 9.3 / CUDA 13.0,1575.000,,,,fp16,128,128,16,4,128,246,2,discard,same,4,4,4,1,nocount,sw128,sw128,16,16,16,0,512,0,128,none,1,none,0,4,20,547818.0,347.82095238095235,,,,,8192,,15.43526657393514,,,0,0.0,1,bf14b28d2af4128daa99f23eec8a5e105636d0b04136f8be580fdc39d6f1f97d,legal_ring
02_latency_throughput,lat_fp16_m128n128k16_legal_ring_in1_q4,1,,NVIDIA Thor,11.0,580.00,13.0,PTX ISA 9.3 / CUDA 13.0,1575.000,,,,fp16,128,128,16,4,128,246,3,discard,same,4,4,4,1,nocount,sw128,sw128,16,16,16,0,512,0,128,none,1,none,0,4,20,547814.0,347.81841269841266,,,,,8192,,15.435379278368208,,,0,0.0,1,bf14b28d2af4128daa99f23eec8a5e105636d0b04136f8be580fdc39d6f1f97d,legal_ring
02_latency_throughput,lat_fp16_m128n128k16_legal_ring_in1_q4,1,,NVIDIA Thor,11.0,580.00,13.0,PTX ISA 9.3 / CUDA 13.0,1575.000,,,,fp16,128,128,16,4,128,246,4,discard,same,4,4,4,1,nocount,sw128,sw128,16,16,16,0,512,0,128,none,1,none,0,4,20,547819.0,347.82158730158733,,,,,8192,,15.435238398084039,,,0,0.0,1,bf14b28d2af4128daa99f23eec8a5e105636d0b04136f8be580fdc39d6f1f97d,legal_ring
02_latency_throughput,lat_bf16_m128n128k16_same_d_in1_q12,1,,NVIDIA Thor,11.0,580.00,13.0,PTX ISA 9.3 / CUDA 13.0,1575.000,,,,bf16,128,128,16,12,42,247,0,discard,same,1,1,12,1,nocount,sw128,sw128,16,16,16,0,512,0,0,none,1,none,0,4,20,412499.0,261.90412698412695,,,,,8192,,20.17846416112524,,,0,0.0,1,bf14b28d2af4128daa99f23eec8a5e105636d0b04136f8be580fdc39d6f1f97d,same_d; UTCHMMA=21;UTCHMMA_WS=16;UTCBAR=1;UTCATOMSWS=3;SYNCS_TRYWAIT=8;LDS=21;LDG=9;ptx_tcgen05_mma=21;ptx_tcgen05_mma_ws=16;ptx_tcgen05_commit=1;ptx_tcgen05_alloc=1;ptx_tcgen05_dealloc=1;ptx_tcgen05_ld=5;ptx_tcgen05_st=5;ptx_mbarrier_wait=5;ptx_cp_async_tma=2;ptx_ld_shared=26;ptx_ld_global=7
02_latency_throughput,lat_bf16_m128n128k16_same_d_in1_q12,1,,NVIDIA Thor,11.0,580.00,13.0,PTX ISA 9.3 / CUDA 13.0,1575.000,,,,bf16,128,128,16,12,42,247,1,discard,same,1,1,12,1,nocount,sw128,sw128,16,16,16,0,512,0,0,none,1,none,0,4,20,412502.0,261.9060317460318,,,,,8192,,20.178317409370138,,,0,0.0,1,bf14b28d2af4128daa99f23eec8a5e105636d0b04136f8be580fdc39d6f1f97d,same_d
02_latency_throughput,lat_bf16_m128n128k16_same_d_in1_q12,1,,NVIDIA Thor,11.0,580.00,13.0,PTX ISA 9.3 / CUDA 13.0,1575.000,,,,bf16,128,128,16,12,42,247,2,discard,same,1,1,12,1,nocount,sw128,sw128,16,16,16,0,512,0,0,none,1,none,0,4,20,412503.0,261.90666666666664,,,,,8192,,20.17826849259278,,,0,0.0,1,bf14b28d2af4128daa99f23eec8a5e105636d0b04136f8be580fdc39d6f1f97d,same_d
02_latency_throughput,lat_bf16_m128n128k16_same_d_in1_q12,1,,NVIDIA Thor,11.0,580.00,13.0,PTX ISA 9.3 / CUDA 13.0,1575.000,,,,bf16,128,128,16,12,42,247,3,discard,same,1,1,12,1,nocount,sw128,sw128,16,16,16,0,512,0,0,none,1,none,0,4,20,412498.0,261.9034920634921,,,,,8192,,20.17851307885129,,,0,0.0,1,bf14b28d2af4128daa99f23eec8a5e105636d0b04136f8be580fdc39d6f1f97d,same_d
02_latency_throughput,lat_bf16_m128n128k16_same_d_in1_q12,1,,NVIDIA Thor,11.0,580.00,13.0,PTX ISA 9.3 / CUDA 13.0,1575.000,,,,bf16,128,128,16,12,42,247,4,discard,same,1,1,12,1,nocount,sw128,sw128,16,16,16,0,512,0,0,none,1,none,0,4,20,412497.0,261.9028571428571,,,,,8192,,20.178561996814523,,,0,0.0,1,bf14b28d2af4128daa99f23eec8a5e105636d0b04136f8be580fdc39d6f1f97d,same_d
02_latency_throughput,lat_fp16_m128n128k16_same_d_in0_q48,1,,NVIDIA Thor,11.0,580.00,13.0,PTX ISA 9.3 / CUDA 13.0,1575.000,,,,fp16,128,128,16,48,10,248,0,discard,same,1,1,48,1,nocount,sw128,sw128,16,16,16,0,512,0,0,none,0,none,0,4,20,369128.0,234.36698412698414,,,,,8192,,21.47557096725255,,,0,0.0,1,bf14b28d2af4128daa99f23eec8a5e105636d0b04136f8be580fdc39d6f1f97d,same_d; UTCHMMA=21;UTCHMMA_WS=16;UTCBAR=1;UTCATOMSWS=3;SYNCS_TRYWAIT=8;LDS=21;LDG=9;ptx_tcgen05_mma=21;ptx_tcgen05_mma_ws=16;ptx_tcgen05_commit=1;ptx_tcgen05_alloc=1;ptx_tcgen05_dealloc=1;ptx_tcgen05_ld=5;ptx_tcgen05_st=5;ptx_mbarrier_wait=5;ptx_cp_async_tma=2;ptx_ld_shared=26;ptx_ld_global=7
02_latency_throughput,lat_fp16_m128n128k16_same_d_in0_q48,1,,NVIDIA Thor,11.0,580.00,13.0,PTX ISA 9.3 / CUDA 13.0,1575.000,,,,fp16,128,128,16,48,10,248,1,discard,same,1,1,48,1,nocount,sw128,sw128,16,16,16,0,512,0,0,none,0,none,0,4,20,369116.0,234.3593650793651,,,,,8192,,21.476269140324447,,,0,0.0,1,bf14b28d2af4128daa99f23eec8a5e105636d0b04136f8be580fdc39d6f1f97d,same_d
02_latency_throughput,lat_fp16_m128n128k16_same_d_in0_q48,1,,NVIDIA Thor,11.0,580.00,13.0,PTX ISA 9.3 / CUDA 13.0,1575.000,,,,fp16,128,128,16,48,10,248,2,discard,same,1,1,48,1,nocount,sw128,sw128,16,16,16,0,512,0,0,none,0,none,0,4,20,369117.0,234.35999999999999,,,,,8192,,21.47621095750128,,,0,0.0,1,bf14b28d2af4128daa99f23eec8a5e105636d0b04136f8be580fdc39d6f1f97d,same_d
02_latency_throughput,lat_fp16_m128n128k16_same_d_in0_q48,1,,NVIDIA Thor,11.0,580.00,13.0,PTX ISA 9.3 / CUDA 13.0,1575.000,,,,fp16,128,128,16,48,10,248,3,discard,same,1,1,48,1,nocount,sw128,sw128,16,16,16,0,512,0,0,none,0,none,0,4,20,369128.0,234.36698412698414,,,,,8192,,21.47557096725255,,,0,0.0,1,bf14b28d2af4128daa99f23eec8a5e105636d0b04136f8be580fdc39d6f1f97d,same_d
02_latency_throughput,lat_fp16_m128n128k16_same_d_in0_q48,1,,NVIDIA Thor,11.0,580.00,13.0,PTX ISA 9.3 / CUDA 13.0,1575.000,,,,fp16,128,128,16,48,10,248,4,discard,same,1,1,48,1,nocount,sw128,sw128,16,16,16,0,512,0,0,none,0,none,0,4,20,369113.0,234.35746031746032,,,,,8192,,21.476443690685507,,,0,0.0,1,bf14b28d2af4128daa99f23eec8a5e105636d0b04136f8be580fdc39d6f1f97d,same_d
02_latency_throughput,lat_bf16_m128n64k16_same_d_in0_q64,1,,NVIDIA Thor,11.0,580.00,13.0,PTX ISA 9.3 / CUDA 13.0,1575.000,,,,bf16,128,64,16,64,8,249,0,discard,same,1,1,64,1,nocount,sw128,sw128,16,16,16,0,512,0,0,none,0,none,0,4,20,391717.0,248.70920634920634,,,,,6144,,10.793145132838248,,,0,0.0,1,bf14b28d2af4128daa99f23eec8a5e105636d0b04136f8be580fdc39d6f1f97d,same_d; UTCHMMA=21;UTCHMMA_WS=16;UTCBAR=1;UTCATOMSWS=3;SYNCS_TRYWAIT=8;LDS=21;LDG=9;ptx_tcgen05_mma=21;ptx_tcgen05_mma_ws=16;ptx_tcgen05_commit=1;ptx_tcgen05_alloc=1;ptx_tcgen05_dealloc=1;ptx_tcgen05_ld=5;ptx_tcgen05_st=5;ptx_mbarrier_wait=5;ptx_cp_async_tma=2;ptx_ld_shared=26;ptx_ld_global=7
02_latency_throughput,lat_bf16_m128n64k16_same_d_in0_q64,1,,NVIDIA Thor,11.0,580.00,13.0,PTX ISA 9.3 / CUDA 13.0,1575.000,,,,bf16,128,64,16,64,8,249,1,discard,same,1,1,64,1,nocount,sw128,sw128,16,16,16,0,512,0,0,none,0,none,0,4,20,391725.0,248.7142857142857,,,,,6144,,10.792924709936818,,,0,0.0,1,bf14b28d2af4128daa99f23eec8a5e105636d0b04136f8be580fdc39d6f1f97d,same_d
02_latency_throughput,lat_bf16_m128n64k16_same_d_in0_q64,1,,NVIDIA Thor,11.0,580.00,13.0,PTX ISA 9.3 / CUDA 13.0,1575.000,,,,bf16,128,64,16,64,8,249,2,discard,same,1,1,64,1,nocount,sw128,sw128,16,16,16,0,512,0,0,none,0,none,0,4,20,391723.0,248.71301587301585,,,,,6144,,10.792979814818125,,,0,0.0,1,bf14b28d2af4128daa99f23eec8a5e105636d0b04136f8be580fdc39d6f1f97d,same_d
02_latency_throughput,lat_bf16_m128n64k16_same_d_in0_q64,1,,NVIDIA Thor,11.0,580.00,13.0,PTX ISA 9.3 / CUDA 13.0,1575.000,,,,bf16,128,64,16,64,8,249,3,discard,same,1,1,64,1,nocount,sw128,sw128,16,16,16,0,512,0,0,none,0,none,0,4,20,391712.0,248.70603174603175,,,,,6144,,10.793282901723714,,,0,0.0,1,bf14b28d2af4128daa99f23eec8a5e105636d0b04136f8be580fdc39d6f1f97d,same_d
02_latency_throughput,lat_bf16_m128n64k16_same_d_in0_q64,1,,NVIDIA Thor,11.0,580.00,13.0,PTX ISA 9.3 / CUDA 13.0,1575.000,,,,bf16,128,64,16,64,8,249,4,discard,same,1,1,64,1,nocount,sw128,sw128,16,16,16,0,512,0,0,none,0,none,0,4,20,391711.0,248.7053968253968,,,,,6144,,10.793310455922862,,,0,0.0,1,bf14b28d2af4128daa99f23eec8a5e105636d0b04136f8be580fdc39d6f1f97d,same_d
02_latency_throughput,lat_bf16_m128n256k16_legal_ring_in0_q16,1,,NVIDIA Thor,11.0,580.00,13.0,PTX ISA 9.3 / CUDA 13.0,1575.000,,,,bf16,128,256,16,16,32,250,0,discard,same,2,2,16,1,nocount,sw128,sw128,16,16,16,0,512,0,256,none,0,none,0,4,20,472645.0,300.0920634920635,,,,,12288,,35.78041390049614,,,0,0.0,1,bf14b28d2af4128daa99f23eec8a5e105636d0b04136f8be580fdc39d6f1f97d,legal_ring; UTCHMMA=21;UTCHMMA_WS=16;UTCBAR=1;UTCATOMSWS=3;SYNCS_TRYWAIT=8;LDS=21;LDG=9;ptx_tcgen05_mma=21;ptx_tcgen05_mma_ws=16;ptx_tcgen05_commit=1;ptx_tcgen05_alloc=1;ptx_tcgen05_dealloc=1;ptx_tcgen05_ld=5;ptx_tcgen05_st=5;ptx_mbarrier_wait=5;ptx_cp_async_tma=2;ptx_ld_shared=26;ptx_ld_global=7
02_latency_throughput,lat_bf16_m128n256k16_legal_ring_in0_q16,1,,NVIDIA Thor,11.0,580.00,13.0,PTX ISA 9.3 / CUDA 13.0,1575.000,,,,bf16,128,256,16,16,32,250,1,discard,same,2,2,16,1,nocount,sw128,sw128,16,16,16,0,512,0,256,none,0,none,0,4,20,472644.0,300.09142857142854,,,,,12288,,35.78048960316856,,,0,0.0,1,bf14b28d2af4128daa99f23eec8a5e105636d0b04136f8be580fdc39d6f1f97d,legal_ring
02_latency_throughput,lat_bf16_m128n256k16_legal_ring_in0_q16,1,,NVIDIA Thor,11.0,580.00,13.0,PTX ISA 9.3 / CUDA 13.0,1575.000,,,,bf16,128,256,16,16,32,250,2,discard,same,2,2,16,1,nocount,sw128,sw128,16,16,16,0,512,0,256,none,0,none,0,4,20,472644.0,300.09142857142854,,,,,12288,,35.78048960316856,,,0,0.0,1,bf14b28d2af4128daa99f23eec8a5e105636d0b04136f8be580fdc39d6f1f97d,legal_ring
02_latency_throughput,lat_bf16_m128n256k16_legal_ring_in0_q16,1,,NVIDIA Thor,11.0,580.00,13.0,PTX ISA 9.3 / CUDA 13.0,1575.000,,,,bf16,128,256,16,16,32,250,3,discard,same,2,2,16,1,nocount,sw128,sw128,16,16,16,0,512,0,256,none,0,none,0,4,20,472645.0,300.0920634920635,,,,,12288,,35.78041390049614,,,0,0.0,1,bf14b28d2af4128daa99f23eec8a5e105636d0b04136f8be580fdc39d6f1f97d,legal_ring
02_latency_throughput,lat_bf16_m128n256k16_legal_ring_in0_q16,1,,NVIDIA Thor,11.0,580.00,13.0,PTX ISA 9.3 / CUDA 13.0,1575.000,,,,bf16,128,256,16,16,32,250,4,discard,same,2,2,16,1,nocount,sw128,sw128,16,16,16,0,512,0,256,none,0,none,0,4,20,472643.0,300.09079365079367,,,,,12288,,35.78056530616131,,,0,0.0,1,bf14b28d2af4128daa99f23eec8a5e105636d0b04136f8be580fdc39d6f1f97d,legal_ring
02_latency_throughput,lat_bf16_m128n256k16_same_d_in1_q24,1,,NVIDIA Thor,11.0,580.00,13.0,PTX ISA 9.3 / CUDA 13.0,1575.000,,,,bf16,128,256,16,24,21,251,0,discard,same,1,1,24,1,nocount,sw128,sw128,16,16,16,0,512,0,0,none,1,none,0,4,20,395967.0,251.40761904761902,,,,,12288,,42.04186857995742,,,0,0.0,1,bf14b28d2af4128daa99f23eec8a5e105636d0b04136f8be580fdc39d6f1f97d,same_d; UTCHMMA=21;UTCHMMA_WS=16;UTCBAR=1;UTCATOMSWS=3;SYNCS_TRYWAIT=8;LDS=21;LDG=9;ptx_tcgen05_mma=21;ptx_tcgen05_mma_ws=16;ptx_tcgen05_commit=1;ptx_tcgen05_alloc=1;ptx_tcgen05_dealloc=1;ptx_tcgen05_ld=5;ptx_tcgen05_st=5;ptx_mbarrier_wait=5;ptx_cp_async_tma=2;ptx_ld_shared=26;ptx_ld_global=7
02_latency_throughput,lat_bf16_m128n256k16_same_d_in1_q24,1,,NVIDIA Thor,11.0,580.00,13.0,PTX ISA 9.3 / CUDA 13.0,1575.000,,,,bf16,128,256,16,24,21,251,1,discard,same,1,1,24,1,nocount,sw128,sw128,16,16,16,0,512,0,0,none,1,none,0,4,20,395936.0,251.38793650793653,,,,,12288,,42.04516026832619,,,0,0.0,1,bf14b28d2af4128daa99f23eec8a5e105636d0b04136f8be580fdc39d6f1f97d,same_d
02_latency_throughput,lat_bf16_m128n256k16_same_d_in1_q24,1,,NVIDIA Thor,11.0,580.00,13.0,PTX ISA 9.3 / CUDA 13.0,1575.000,,,,bf16,128,256,16,24,21,251,2,discard,same,1,1,24,1,nocount,sw128,sw128,16,16,16,0,512,0,0,none,1,none,0,4,20,395967.0,251.40761904761902,,,,,12288,,42.04186857995742,,,0,0.0,1,bf14b28d2af4128daa99f23eec8a5e105636d0b04136f8be580fdc39d6f1f97d,same_d
02_latency_throughput,lat_bf16_m128n256k16_same_d_in1_q24,1,,NVIDIA Thor,11.0,580.00,13.0,PTX ISA 9.3 / CUDA 13.0,1575.000,,,,bf16,128,256,16,24,21,251,3,discard,same,1,1,24,1,nocount,sw128,sw128,16,16,16,0,512,0,0,none,1,none,0,4,20,395945.0,251.39365079365078,,,,,12288,,42.04420456376517,,,0,0.0,1,bf14b28d2af4128daa99f23eec8a5e105636d0b04136f8be580fdc39d6f1f97d,same_d
02_latency_throughput,lat_bf16_m128n256k16_same_d_in1_q24,1,,NVIDIA Thor,11.0,580.00,13.0,PTX ISA 9.3 / CUDA 13.0,1575.000,,,,bf16,128,256,16,24,21,251,4,discard,same,1,1,24,1,nocount,sw128,sw128,16,16,16,0,512,0,0,none,1,none,0,4,20,395972.0,251.41079365079366,,,,,12288,,42.04133771074722,,,0,0.0,1,bf14b28d2af4128daa99f23eec8a5e105636d0b04136f8be580fdc39d6f1f97d,same_d
02_latency_throughput,lat_bf16_m128n64k16_same_d_in0_q8,1,,NVIDIA Thor,11.0,580.00,13.0,PTX ISA 9.3 / CUDA 13.0,1575.000,,,,bf16,128,64,16,8,64,252,0,discard,same,1,1,8,1,nocount,sw128,sw128,16,16,16,0,512,0,0,none,0,none,0,4,20,435694.0,276.63111111111107,,,,,6144,,9.703733427589087,,,0,0.0,1,bf14b28d2af4128daa99f23eec8a5e105636d0b04136f8be580fdc39d6f1f97d,same_d; UTCHMMA=21;UTCHMMA_WS=16;UTCBAR=1;UTCATOMSWS=3;SYNCS_TRYWAIT=8;LDS=21;LDG=9;ptx_tcgen05_mma=21;ptx_tcgen05_mma_ws=16;ptx_tcgen05_commit=1;ptx_tcgen05_alloc=1;ptx_tcgen05_dealloc=1;ptx_tcgen05_ld=5;ptx_tcgen05_st=5;ptx_mbarrier_wait=5;ptx_cp_async_tma=2;ptx_ld_shared=26;ptx_ld_global=7
02_latency_throughput,lat_bf16_m128n64k16_same_d_in0_q8,1,,NVIDIA Thor,11.0,580.00,13.0,PTX ISA 9.3 / CUDA 13.0,1575.000,,,,bf16,128,64,16,8,64,252,1,discard,same,1,1,8,1,nocount,sw128,sw128,16,16,16,0,512,0,0,none,0,none,0,4,20,435690.0,276.62857142857143,,,,,6144,,9.70382251600909,,,0,0.0,1,bf14b28d2af4128daa99f23eec8a5e105636d0b04136f8be580fdc39d6f1f97d,same_d
02_latency_throughput,lat_bf16_m128n64k16_same_d_in0_q8,1,,NVIDIA Thor,11.0,580.00,13.0,PTX ISA 9.3 / CUDA 13.0,1575.000,,,,bf16,128,64,16,8,64,252,2,discard,same,1,1,8,1,nocount,sw128,sw128,16,16,16,0,512,0,0,none,0,none,0,4,20,435744.0,276.66285714285715,,,,,6144,,9.70261996034369,,,0,0.0,1,bf14b28d2af4128daa99f23eec8a5e105636d0b04136f8be580fdc39d6f1f97d,same_d
02_latency_throughput,lat_bf16_m128n64k16_same_d_in0_q8,1,,NVIDIA Thor,11.0,580.00,13.0,PTX ISA 9.3 / CUDA 13.0,1575.000,,,,bf16,128,64,16,8,64,252,3,discard,same,1,1,8,1,nocount,sw128,sw128,16,16,16,0,512,0,0,none,0,none,0,4,20,435692.0,276.6298412698412,,,,,6144,,9.703777971594613,,,0,0.0,1,bf14b28d2af4128daa99f23eec8a5e105636d0b04136f8be580fdc39d6f1f97d,same_d
02_latency_throughput,lat_bf16_m128n64k16_same_d_in0_q8,1,,NVIDIA Thor,11.0,580.00,13.0,PTX ISA 9.3 / CUDA 13.0,1575.000,,,,bf16,128,64,16,8,64,252,4,discard,same,1,1,8,1,nocount,sw128,sw128,16,16,16,0,512,0,0,none,0,none,0,4,20,435696.0,276.6323809523809,,,,,6144,,9.703688883992509,,,0,0.0,1,bf14b28d2af4128daa99f23eec8a5e105636d0b04136f8be580fdc39d6f1f97d,same_d
02_latency_throughput,lat_bf16_m128n64k16_same_d_in1_q8,1,,NVIDIA Thor,11.0,580.00,13.0,PTX ISA 9.3 / CUDA 13.0,1575.000,,,,bf16,128,64,16,8,64,253,0,discard,same,1,1,8,1,nocount,sw128,sw128,16,16,16,0,512,0,0,none,1,none,0,4,20,435698.0,276.63365079365076,,,,,6144,,9.703644340804871,,,0,0.0,1,bf14b28d2af4128daa99f23eec8a5e105636d0b04136f8be580fdc39d6f1f97d,same_d; UTCHMMA=21;UTCHMMA_WS=16;UTCBAR=1;UTCATOMSWS=3;SYNCS_TRYWAIT=8;LDS=21;LDG=9;ptx_tcgen05_mma=21;ptx_tcgen05_mma_ws=16;ptx_tcgen05_commit=1;ptx_tcgen05_alloc=1;ptx_tcgen05_dealloc=1;ptx_tcgen05_ld=5;ptx_tcgen05_st=5;ptx_mbarrier_wait=5;ptx_cp_async_tma=2;ptx_ld_shared=26;ptx_ld_global=7
02_latency_throughput,lat_bf16_m128n64k16_same_d_in1_q8,1,,NVIDIA Thor,11.0,580.00,13.0,PTX ISA 9.3 / CUDA 13.0,1575.000,,,,bf16,128,64,16,8,64,253,1,discard,same,1,1,8,1,nocount,sw128,sw128,16,16,16,0,512,0,0,none,1,none,0,4,20,435691.0,276.62920634920636,,,,,6144,,9.703800243750731,,,0,0.0,1,bf14b28d2af4128daa99f23eec8a5e105636d0b04136f8be580fdc39d6f1f97d,same_d
02_latency_throughput,lat_bf16_m128n64k16_same_d_in1_q8,1,,NVIDIA Thor,11.0,580.00,13.0,PTX ISA 9.3 / CUDA 13.0,1575.000,,,,bf16,128,64,16,8,64,253,2,discard,same,1,1,8,1,nocount,sw128,sw128,16,16,16,0,512,0,0,none,1,none,0,4,20,435689.0,276.6279365079365,,,,,6144,,9.703844788369686,,,0,0.0,1,bf14b28d2af4128daa99f23eec8a5e105636d0b04136f8be580fdc39d6f1f97d,same_d
02_latency_throughput,lat_bf16_m128n64k16_same_d_in1_q8,1,,NVIDIA Thor,11.0,580.00,13.0,PTX ISA 9.3 / CUDA 13.0,1575.000,,,,bf16,128,64,16,8,64,253,3,discard,same,1,1,8,1,nocount,sw128,sw128,16,16,16,0,512,0,0,none,1,none,0,4,20,435699.0,276.63428571428574,,,,,6144,,9.7036220693644,,,0,0.0,1,bf14b28d2af4128daa99f23eec8a5e105636d0b04136f8be580fdc39d6f1f97d,same_d
02_latency_throughput,lat_bf16_m128n64k16_same_d_in1_q8,1,,NVIDIA Thor,11.0,580.00,13.0,PTX ISA 9.3 / CUDA 13.0,1575.000,,,,bf16,128,64,16,8,64,253,4,discard,same,1,1,8,1,nocount,sw128,sw128,16,16,16,0,512,0,0,none,1,none,0,4,20,435699.0,276.63428571428574,,,,,6144,,9.7036220693644,,,0,0.0,1,bf14b28d2af4128daa99f23eec8a5e105636d0b04136f8be580fdc39d6f1f97d,same_d
02_latency_throughput,lat_fp16_m128n128k16_legal_ring_in1_q16,1,,NVIDIA Thor,11.0,580.00,13.0,PTX ISA 9.3 / CUDA 13.0,1575.000,,,,fp16,128,128,16,16,32,254,0,discard,same,4,4,16,1,nocount,sw128,sw128,16,16,16,0,512,0,128,none,1,none,0,4,20,472780.0,300.1777777777778,,,,,8192,,17.885098489783832,,,0,0.0,1,bf14b28d2af4128daa99f23eec8a5e105636d0b04136f8be580fdc39d6f1f97d,legal_ring; UTCHMMA=21;UTCHMMA_WS=16;UTCBAR=1;UTCATOMSWS=3;SYNCS_TRYWAIT=8;LDS=21;LDG=9;ptx_tcgen05_mma=21;ptx_tcgen05_mma_ws=16;ptx_tcgen05_commit=1;ptx_tcgen05_alloc=1;ptx_tcgen05_dealloc=1;ptx_tcgen05_ld=5;ptx_tcgen05_st=5;ptx_mbarrier_wait=5;ptx_cp_async_tma=2;ptx_ld_shared=26;ptx_ld_global=7
02_latency_throughput,lat_fp16_m128n128k16_legal_ring_in1_q16,1,,NVIDIA Thor,11.0,580.00,13.0,PTX ISA 9.3 / CUDA 13.0,1575.000,,,,fp16,128,128,16,16,32,254,1,discard,same,4,4,16,1,nocount,sw128,sw128,16,16,16,0,512,0,128,none,1,none,0,4,20,472772.0,300.1726984126984,,,,,8192,,17.885401132046738,,,0,0.0,1,bf14b28d2af4128daa99f23eec8a5e105636d0b04136f8be580fdc39d6f1f97d,legal_ring
02_latency_throughput,lat_fp16_m128n128k16_legal_ring_in1_q16,1,,NVIDIA Thor,11.0,580.00,13.0,PTX ISA 9.3 / CUDA 13.0,1575.000,,,,fp16,128,128,16,16,32,254,2,discard,same,4,4,16,1,nocount,sw128,sw128,16,16,16,0,512,0,128,none,1,none,0,4,20,472771.0,300.17206349206344,,,,,8192,,17.885438963049765,,,0,0.0,1,bf14b28d2af4128daa99f23eec8a5e105636d0b04136f8be580fdc39d6f1f97d,legal_ring
02_latency_throughput,lat_fp16_m128n128k16_legal_ring_in1_q16,1,,NVIDIA Thor,11.0,580.00,13.0,PTX ISA 9.3 / CUDA 13.0,1575.000,,,,fp16,128,128,16,16,32,254,3,discard,same,4,4,16,1,nocount,sw128,sw128,16,16,16,0,512,0,128,none,1,none,0,4,20,472788.0,300.18285714285713,,,,,8192,,17.884795857762885,,,0,0.0,1,bf14b28d2af4128daa99f23eec8a5e105636d0b04136f8be580fdc39d6f1f97d,legal_ring
02_latency_throughput,lat_fp16_m128n128k16_legal_ring_in1_q16,1,,NVIDIA Thor,11.0,580.00,13.0,PTX ISA 9.3 / CUDA 13.0,1575.000,,,,fp16,128,128,16,16,32,254,4,discard,same,4,4,16,1,nocount,sw128,sw128,16,16,16,0,512,0,128,none,1,none,0,4,20,472766.0,300.1688888888889,,,,,8192,,17.885628120465515,,,0,0.0,1,bf14b28d2af4128daa99f23eec8a5e105636d0b04136f8be580fdc39d6f1f97d,legal_ring
02_latency_throughput,commit_prefix_c1_p1,1,,NVIDIA Thor,11.0,580.00,13.0,PTX ISA 9.3 / CUDA 13.0,1575.000,,,,bf16,128,128,16,16,128,255,0,discard,same,4,4,1,1,count,sw128,sw128,16,16,16,0,512,0,128,none,0,none,0,4,20,3298793.0,2094.471746031746,,,,,8192,,10.253103924981048,,,0,0.0,1,bf14b28d2af4128daa99f23eec8a5e105636d0b04136f8be580fdc39d6f1f97d,commit prefix scan; pending_mbarriers is prefix tracking count; UTCHMMA=21;UTCHMMA_WS=16;UTCBAR=1;UTCATOMSWS=3;SYNCS_TRYWAIT=8;LDS=21;LDG=9;ptx_tcgen05_mma=21;ptx_tcgen05_mma_ws=16;ptx_tcgen05_commit=1;ptx_tcgen05_alloc=1;ptx_tcgen05_dealloc=1;ptx_tcgen05_ld=5;ptx_tcgen05_st=5;ptx_mbarrier_wait=5;ptx_cp_async_tma=2;ptx_ld_shared=26;ptx_ld_global=7
02_latency_throughput,commit_prefix_c1_p1,1,,NVIDIA Thor,11.0,580.00,13.0,PTX ISA 9.3 / CUDA 13.0,1575.000,,,,bf16,128,128,16,16,128,255,1,discard,same,4,4,1,1,count,sw128,sw128,16,16,16,0,512,0,128,none,0,none,0,4,20,3298792.0,2094.4711111111114,,,,,8192,,10.253107033120003,,,0,0.0,1,bf14b28d2af4128daa99f23eec8a5e105636d0b04136f8be580fdc39d6f1f97d,commit prefix scan; pending_mbarriers is prefix tracking count
02_latency_throughput,commit_prefix_c1_p1,1,,NVIDIA Thor,11.0,580.00,13.0,PTX ISA 9.3 / CUDA 13.0,1575.000,,,,bf16,128,128,16,16,128,255,2,discard,same,4,4,1,1,count,sw128,sw128,16,16,16,0,512,0,128,none,0,none,0,4,20,3298795.0,2094.473015873016,,,,,8192,,10.253097708708784,,,0,0.0,1,bf14b28d2af4128daa99f23eec8a5e105636d0b04136f8be580fdc39d6f1f97d,commit prefix scan; pending_mbarriers is prefix tracking count
02_latency_throughput,commit_prefix_c1_p1,1,,NVIDIA Thor,11.0,580.00,13.0,PTX ISA 9.3 / CUDA 13.0,1575.000,,,,bf16,128,128,16,16,128,255,3,discard,same,4,4,1,1,count,sw128,sw128,16,16,16,0,512,0,128,none,0,none,0,4,20,3298789.0,2094.469206349206,,,,,8192,,10.25311635754818,,,0,0.0,1,bf14b28d2af4128daa99f23eec8a5e105636d0b04136f8be580fdc39d6f1f97d,commit prefix scan; pending_mbarriers is prefix tracking count
02_latency_throughput,commit_prefix_c1_p1,1,,NVIDIA Thor,11.0,580.00,13.0,PTX ISA 9.3 / CUDA 13.0,1575.000,,,,bf16,128,128,16,16,128,255,4,discard,same,4,4,1,1,count,sw128,sw128,16,16,16,0,512,0,128,none,0,none,0,4,20,3298790.0,2094.4698412698413,,,,,8192,,10.253113249403569,,,0,0.0,1,bf14b28d2af4128daa99f23eec8a5e105636d0b04136f8be580fdc39d6f1f97d,commit prefix scan; pending_mbarriers is prefix tracking count
02_latency_throughput,lat_fp16_m128n256k16_same_d_in0_q8,1,,NVIDIA Thor,11.0,580.00,13.0,PTX ISA 9.3 / CUDA 13.0,1575.000,,,,fp16,128,256,16,8,64,256,0,discard,same,1,1,8,1,nocount,sw128,sw128,16,16,16,0,512,0,0,none,0,none,0,4,20,435694.0,276.63111111111107,,,,,12288,,38.81493371035635,,,0,0.0,1,bf14b28d2af4128daa99f23eec8a5e105636d0b04136f8be580fdc39d6f1f97d,same_d; UTCHMMA=21;UTCHMMA_WS=16;UTCBAR=1;UTCATOMSWS=3;SYNCS_TRYWAIT=8;LDS=21;LDG=9;ptx_tcgen05_mma=21;ptx_tcgen05_mma_ws=16;ptx_tcgen05_commit=1;ptx_tcgen05_alloc=1;ptx_tcgen05_dealloc=1;ptx_tcgen05_ld=5;ptx_tcgen05_st=5;ptx_mbarrier_wait=5;ptx_cp_async_tma=2;ptx_ld_shared=26;ptx_ld_global=7
02_latency_throughput,lat_fp16_m128n256k16_same_d_in0_q8,1,,NVIDIA Thor,11.0,580.00,13.0,PTX ISA 9.3 / CUDA 13.0,1575.000,,,,fp16,128,256,16,8,64,256,1,discard,same,1,1,8,1,nocount,sw128,sw128,16,16,16,0,512,0,0,none,0,none,0,4,20,435742.0,276.6615873015873,,,,,12288,,38.81065797650904,,,0,0.0,1,bf14b28d2af4128daa99f23eec8a5e105636d0b04136f8be580fdc39d6f1f97d,same_d
02_latency_throughput,lat_fp16_m128n256k16_same_d_in0_q8,1,,NVIDIA Thor,11.0,580.00,13.0,PTX ISA 9.3 / CUDA 13.0,1575.000,,,,fp16,128,256,16,8,64,256,2,discard,same,1,1,8,1,nocount,sw128,sw128,16,16,16,0,512,0,0,none,0,none,0,4,20,435693.0,276.6304761904762,,,,,12288,,38.81502279816293,,,0,0.0,1,bf14b28d2af4128daa99f23eec8a5e105636d0b04136f8be580fdc39d6f1f97d,same_d
02_latency_throughput,lat_fp16_m128n256k16_same_d_in0_q8,1,,NVIDIA Thor,11.0,580.00,13.0,PTX ISA 9.3 / CUDA 13.0,1575.000,,,,fp16,128,256,16,8,64,256,3,discard,same,1,1,8,1,nocount,sw128,sw128,16,16,16,0,512,0,0,none,0,none,0,4,20,435692.0,276.6298412698412,,,,,12288,,38.81511188637845,,,0,0.0,1,bf14b28d2af4128daa99f23eec8a5e105636d0b04136f8be580fdc39d6f1f97d,same_d
02_latency_throughput,lat_fp16_m128n256k16_same_d_in0_q8,1,,NVIDIA Thor,11.0,580.00,13.0,PTX ISA 9.3 / CUDA 13.0,1575.000,,,,fp16,128,256,16,8,64,256,4,discard,same,1,1,8,1,nocount,sw128,sw128,16,16,16,0,512,0,0,none,0,none,0,4,20,435696.0,276.6323809523809,,,,,12288,,38.814755535970036,,,0,0.0,1,bf14b28d2af4128daa99f23eec8a5e105636d0b04136f8be580fdc39d6f1f97d,same_d
02_latency_throughput,lat_fp16_m128n256k16_same_d_in1_q16,1,,NVIDIA Thor,11.0,580.00,13.0,PTX ISA 9.3 / CUDA 13.0,1575.000,,,,fp16,128,256,16,16,32,257,0,discard,same,1,1,16,1,nocount,sw128,sw128,16,16,16,0,512,0,0,none,1,none,0,4,20,410682.0,260.7504761904762,,,,,12288,,41.178901748798346,,,0,0.0,1,bf14b28d2af4128daa99f23eec8a5e105636d0b04136f8be580fdc39d6f1f97d,same_d; UTCHMMA=21;UTCHMMA_WS=16;UTCBAR=1;UTCATOMSWS=3;SYNCS_TRYWAIT=8;LDS=21;LDG=9;ptx_tcgen05_mma=21;ptx_tcgen05_mma_ws=16;ptx_tcgen05_commit=1;ptx_tcgen05_alloc=1;ptx_tcgen05_dealloc=1;ptx_tcgen05_ld=5;ptx_tcgen05_st=5;ptx_mbarrier_wait=5;ptx_cp_async_tma=2;ptx_ld_shared=26;ptx_ld_global=7
02_latency_throughput,lat_fp16_m128n256k16_same_d_in1_q16,1,,NVIDIA Thor,11.0,580.00,13.0,PTX ISA 9.3 / CUDA 13.0,1575.000,,,,fp16,128,256,16,16,32,257,1,discard,same,1,1,16,1,nocount,sw128,sw128,16,16,16,0,512,0,0,none,1,none,0,4,20,410688.0,260.7542857142857,,,,,12288,,41.17830014025245,,,0,0.0,1,bf14b28d2af4128daa99f23eec8a5e105636d0b04136f8be580fdc39d6f1f97d,same_d
02_latency_throughput,lat_fp16_m128n256k16_same_d_in1_q16,1,,NVIDIA Thor,11.0,580.00,13.0,PTX ISA 9.3 / CUDA 13.0,1575.000,,,,fp16,128,256,16,16,32,257,2,discard,same,1,1,16,1,nocount,sw128,sw128,16,16,16,0,512,0,0,none,1,none,0,4,20,410634.0,260.71999999999997,,,,,12288,,41.18371525007671,,,0,0.0,1,bf14b28d2af4128daa99f23eec8a5e105636d0b04136f8be580fdc39d6f1f97d,same_d
02_latency_throughput,lat_fp16_m128n256k16_same_d_in1_q16,1,,NVIDIA Thor,11.0,580.00,13.0,PTX ISA 9.3 / CUDA 13.0,1575.000,,,,fp16,128,256,16,16,32,257,3,discard,same,1,1,16,1,nocount,sw128,sw128,16,16,16,0,512,0,0,none,1,none,0,4,20,410636.0,260.7212698412698,,,,,12288,,41.18351466505616,,,0,0.0,1,bf14b28d2af4128daa99f23eec8a5e105636d0b04136f8be580fdc39d6f1f97d,same_d
02_latency_throughput,lat_fp16_m128n256k16_same_d_in1_q16,1,,NVIDIA Thor,11.0,580.00,13.0,PTX ISA 9.3 / CUDA 13.0,1575.000,,,,fp16,128,256,16,16,32,257,4,discard,same,1,1,16,1,nocount,sw128,sw128,16,16,16,0,512,0,0,none,1,none,0,4,20,410627.0,260.71555555555557,,,,,12288,,41.184417313035915,,,0,0.0,1,bf14b28d2af4128daa99f23eec8a5e105636d0b04136f8be580fdc39d6f1f97d,same_d
02_latency_throughput,lat_bf16_m128n64k16_legal_ring_in1_q8,1,,NVIDIA Thor,11.0,580.00,13.0,PTX ISA 9.3 / CUDA 13.0,1575.000,,,,bf16,128,64,16,8,64,258,0,discard,same,8,8,8,1,nocount,sw128,sw128,16,16,16,0,512,0,64,none,1,none,0,4,20,497648.0,315.96698412698413,,,,,6144,,8.49568054528502,,,0,0.0,1,bf14b28d2af4128daa99f23eec8a5e105636d0b04136f8be580fdc39d6f1f97d,legal_ring; UTCHMMA=21;UTCHMMA_WS=16;UTCBAR=1;UTCATOMSWS=3;SYNCS_TRYWAIT=8;LDS=21;LDG=9;ptx_tcgen05_mma=21;ptx_tcgen05_mma_ws=16;ptx_tcgen05_commit=1;ptx_tcgen05_alloc=1;ptx_tcgen05_dealloc=1;ptx_tcgen05_ld=5;ptx_tcgen05_st=5;ptx_mbarrier_wait=5;ptx_cp_async_tma=2;ptx_ld_shared=26;ptx_ld_global=7
02_latency_throughput,lat_bf16_m128n64k16_legal_ring_in1_q8,1,,NVIDIA Thor,11.0,580.00,13.0,PTX ISA 9.3 / CUDA 13.0,1575.000,,,,bf16,128,64,16,8,64,258,1,discard,same,8,8,8,1,nocount,sw128,sw128,16,16,16,0,512,0,64,none,1,none,0,4,20,497651.0,315.9688888888889,,,,,6144,,8.495629330595136,,,0,0.0,1,bf14b28d2af4128daa99f23eec8a5e105636d0b04136f8be580fdc39d6f1f97d,legal_ring
02_latency_throughput,lat_bf16_m128n64k16_legal_ring_in1_q8,1,,NVIDIA Thor,11.0,580.00,13.0,PTX ISA 9.3 / CUDA 13.0,1575.000,,,,bf16,128,64,16,8,64,258,2,discard,same,8,8,8,1,nocount,sw128,sw128,16,16,16,0,512,0,64,none,1,none,0,4,20,497705.0,316.0031746031746,,,,,6144,,8.494707571754352,,,0,0.0,1,bf14b28d2af4128daa99f23eec8a5e105636d0b04136f8be580fdc39d6f1f97d,legal_ring
02_latency_throughput,lat_bf16_m128n64k16_legal_ring_in1_q8,1,,NVIDIA Thor,11.0,580.00,13.0,PTX ISA 9.3 / CUDA 13.0,1575.000,,,,bf16,128,64,16,8,64,258,3,discard,same,8,8,8,1,nocount,sw128,sw128,16,16,16,0,512,0,64,none,1,none,0,4,20,497647.0,315.9663492063492,,,,,6144,,8.495697616985534,,,0,0.0,1,bf14b28d2af4128daa99f23eec8a5e105636d0b04136f8be580fdc39d6f1f97d,legal_ring
02_latency_throughput,lat_bf16_m128n64k16_legal_ring_in1_q8,1,,NVIDIA Thor,11.0,580.00,13.0,PTX ISA 9.3 / CUDA 13.0,1575.000,,,,bf16,128,64,16,8,64,258,4,discard,same,8,8,8,1,nocount,sw128,sw128,16,16,16,0,512,0,64,none,1,none,0,4,20,497699.0,315.9993650793651,,,,,6144,,8.494809979525778,,,0,0.0,1,bf14b28d2af4128daa99f23eec8a5e105636d0b04136f8be580fdc39d6f1f97d,legal_ring
02_latency_throughput,lat_bf16_m128n128k16_legal_ring_in1_q32,1,,NVIDIA Thor,11.0,580.00,13.0,PTX ISA 9.3 / CUDA 13.0,1575.000,,,,bf16,128,128,16,32,16,259,0,discard,same,4,4,32,1,nocount,sw128,sw128,16,16,16,0,512,0,128,none,1,none,0,4,20,460192.0,292.1853968253969,,,,,8192,,18.374323899589733,,,0,0.0,1,bf14b28d2af4128daa99f23eec8a5e105636d0b04136f8be580fdc39d6f1f97d,legal_ring; UTCHMMA=21;UTCHMMA_WS=16;UTCBAR=1;UTCATOMSWS=3;SYNCS_TRYWAIT=8;LDS=21;LDG=9;ptx_tcgen05_mma=21;ptx_tcgen05_mma_ws=16;ptx_tcgen05_commit=1;ptx_tcgen05_alloc=1;ptx_tcgen05_dealloc=1;ptx_tcgen05_ld=5;ptx_tcgen05_st=5;ptx_mbarrier_wait=5;ptx_cp_async_tma=2;ptx_ld_shared=26;ptx_ld_global=7
02_latency_throughput,lat_bf16_m128n128k16_legal_ring_in1_q32,1,,NVIDIA Thor,11.0,580.00,13.0,PTX ISA 9.3 / CUDA 13.0,1575.000,,,,bf16,128,128,16,32,16,259,1,discard,same,4,4,32,1,nocount,sw128,sw128,16,16,16,0,512,0,128,none,1,none,0,4,20,460194.0,292.18666666666667,,,,,8192,,18.374244044902802,,,0,0.0,1,bf14b28d2af4128daa99f23eec8a5e105636d0b04136f8be580fdc39d6f1f97d,legal_ring
02_latency_throughput,lat_bf16_m128n128k16_legal_ring_in1_q32,1,,NVIDIA Thor,11.0,580.00,13.0,PTX ISA 9.3 / CUDA 13.0,1575.000,,,,bf16,128,128,16,32,16,259,2,discard,same,4,4,32,1,nocount,sw128,sw128,16,16,16,0,512,0,128,none,1,none,0,4,20,460193.0,292.18603174603174,,,,,8192,,18.374283972159507,,,0,0.0,1,bf14b28d2af4128daa99f23eec8a5e105636d0b04136f8be580fdc39d6f1f97d,legal_ring
02_latency_throughput,lat_bf16_m128n128k16_legal_ring_in1_q32,1,,NVIDIA Thor,11.0,580.00,13.0,PTX ISA 9.3 / CUDA 13.0,1575.000,,,,bf16,128,128,16,32,16,259,3,discard,same,4,4,32,1,nocount,sw128,sw128,16,16,16,0,512,0,128,none,1,none,0,4,20,460191.0,292.1847619047619,,,,,8192,,18.37436382719349,,,0,0.0,1,bf14b28d2af4128daa99f23eec8a5e105636d0b04136f8be580fdc39d6f1f97d,legal_ring
02_latency_throughput,lat_bf16_m128n128k16_legal_ring_in1_q32,1,,NVIDIA Thor,11.0,580.00,13.0,PTX ISA 9.3 / CUDA 13.0,1575.000,,,,bf16,128,128,16,32,16,259,4,discard,same,4,4,32,1,nocount,sw128,sw128,16,16,16,0,512,0,128,none,1,none,0,4,20,460186.0,292.18158730158734,,,,,8192,,18.374563467815186,,,0,0.0,1,bf14b28d2af4128daa99f23eec8a5e105636d0b04136f8be580fdc39d6f1f97d,legal_ring
02_latency_throughput,lat_fp16_m128n64k16_legal_ring_in0_q1,1,,NVIDIA Thor,11.0,580.00,13.0,PTX ISA 9.3 / CUDA 13.0,1575.000,,,,fp16,128,64,16,1,512,260,0,discard,same,8,8,1,1,nocount,sw128,sw128,16,16,16,0,512,0,64,none,0,none,0,4,20,841325.0,534.1746031746031,,,,,6144,,5.025238085163284,,,0,0.0,1,bf14b28d2af4128daa99f23eec8a5e105636d0b04136f8be580fdc39d6f1f97d,legal_ring; UTCHMMA=21;UTCHMMA_WS=16;UTCBAR=1;UTCATOMSWS=3;SYNCS_TRYWAIT=8;LDS=21;LDG=9;ptx_tcgen05_mma=21;ptx_tcgen05_mma_ws=16;ptx_tcgen05_commit=1;ptx_tcgen05_alloc=1;ptx_tcgen05_dealloc=1;ptx_tcgen05_ld=5;ptx_tcgen05_st=5;ptx_mbarrier_wait=5;ptx_cp_async_tma=2;ptx_ld_shared=26;ptx_ld_global=7
02_latency_throughput,lat_fp16_m128n64k16_legal_ring_in0_q1,1,,NVIDIA Thor,11.0,580.00,13.0,PTX ISA 9.3 / CUDA 13.0,1575.000,,,,fp16,128,64,16,1,512,260,1,discard,same,8,8,1,1,nocount,sw128,sw128,16,16,16,0,512,0,64,none,0,none,0,4,20,841328.0,534.176507936508,,,,,6144,,5.025220166213414,,,0,0.0,1,bf14b28d2af4128daa99f23eec8a5e105636d0b04136f8be580fdc39d6f1f97d,legal_ring
02_latency_throughput,lat_fp16_m128n64k16_legal_ring_in0_q1,1,,NVIDIA Thor,11.0,580.00,13.0,PTX ISA 9.3 / CUDA 13.0,1575.000,,,,fp16,128,64,16,1,512,260,2,discard,same,8,8,1,1,nocount,sw128,sw128,16,16,16,0,512,0,64,none,0,none,0,4,20,841080.0,534.0190476190477,,,,,6144,,5.0267018975602795,,,0,0.0,1,bf14b28d2af4128daa99f23eec8a5e105636d0b04136f8be580fdc39d6f1f97d,legal_ring
02_latency_throughput,lat_fp16_m128n64k16_legal_ring_in0_q1,1,,NVIDIA Thor,11.0,580.00,13.0,PTX ISA 9.3 / CUDA 13.0,1575.000,,,,fp16,128,64,16,1,512,260,3,discard,same,8,8,1,1,nocount,sw128,sw128,16,16,16,0,512,0,64,none,0,none,0,4,20,841329.0,534.1771428571428,,,,,6144,,5.025214193258523,,,0,0.0,1,bf14b28d2af4128daa99f23eec8a5e105636d0b04136f8be580fdc39d6f1f97d,legal_ring
02_latency_throughput,lat_fp16_m128n64k16_legal_ring_in0_q1,1,,NVIDIA Thor,11.0,580.00,13.0,PTX ISA 9.3 / CUDA 13.0,1575.000,,,,fp16,128,64,16,1,512,260,4,discard,same,8,8,1,1,nocount,sw128,sw128,16,16,16,0,512,0,64,none,0,none,0,4,20,841082.0,534.0203174603174,,,,,6144,,5.026689944618955,,,0,0.0,1,bf14b28d2af4128daa99f23eec8a5e105636d0b04136f8be580fdc39d6f1f97d,legal_ring
02_latency_throughput,lat_bf16_m128n64k16_legal_ring_in1_q12,1,,NVIDIA Thor,11.0,580.00,13.0,PTX ISA 9.3 / CUDA 13.0,1575.000,,,,bf16,128,64,16,12,42,261,0,discard,same,8,8,12,1,nocount,sw128,sw128,16,16,16,0,512,0,64,none,1,none,0,4,20,473378.0,300.5574603174603,,,,,6144,,8.791701650689301,,,0,0.0,1,bf14b28d2af4128daa99f23eec8a5e105636d0b04136f8be580fdc39d6f1f97d,legal_ring; UTCHMMA=21;UTCHMMA_WS=16;UTCBAR=1;UTCATOMSWS=3;SYNCS_TRYWAIT=8;LDS=21;LDG=9;ptx_tcgen05_mma=21;ptx_tcgen05_mma_ws=16;ptx_tcgen05_commit=1;ptx_tcgen05_alloc=1;ptx_tcgen05_dealloc=1;ptx_tcgen05_ld=5;ptx_tcgen05_st=5;ptx_mbarrier_wait=5;ptx_cp_async_tma=2;ptx_ld_shared=26;ptx_ld_global=7
02_latency_throughput,lat_bf16_m128n64k16_legal_ring_in1_q12,1,,NVIDIA Thor,11.0,580.00,13.0,PTX ISA 9.3 / CUDA 13.0,1575.000,,,,bf16,128,64,16,12,42,261,1,discard,same,8,8,12,1,nocount,sw128,sw128,16,16,16,0,512,0,64,none,1,none,0,4,20,473404.0,300.57396825396825,,,,,6144,,8.79121879832025,,,0,0.0,1,bf14b28d2af4128daa99f23eec8a5e105636d0b04136f8be580fdc39d6f1f97d,legal_ring
02_latency_throughput,lat_bf16_m128n64k16_legal_ring_in1_q12,1,,NVIDIA Thor,11.0,580.00,13.0,PTX ISA 9.3 / CUDA 13.0,1575.000,,,,bf16,128,64,16,12,42,261,2,discard,same,8,8,12,1,nocount,sw128,sw128,16,16,16,0,512,0,64,none,1,none,0,4,20,473405.0,300.57460317460317,,,,,6144,,8.791200228134473,,,0,0.0,1,bf14b28d2af4128daa99f23eec8a5e105636d0b04136f8be580fdc39d6f1f97d,legal_ring
02_latency_throughput,lat_bf16_m128n64k16_legal_ring_in1_q12,1,,NVIDIA Thor,11.0,580.00,13.0,PTX ISA 9.3 / CUDA 13.0,1575.000,,,,bf16,128,64,16,12,42,261,3,discard,same,8,8,12,1,nocount,sw128,sw128,16,16,16,0,512,0,64,none,1,none,0,4,20,473382.0,300.56,,,,,6144,,8.79162736225712,,,0,0.0,1,bf14b28d2af4128daa99f23eec8a5e105636d0b04136f8be580fdc39d6f1f97d,legal_ring
02_latency_throughput,lat_bf16_m128n64k16_legal_ring_in1_q12,1,,NVIDIA Thor,11.0,580.00,13.0,PTX ISA 9.3 / CUDA 13.0,1575.000,,,,bf16,128,64,16,12,42,261,4,discard,same,8,8,12,1,nocount,sw128,sw128,16,16,16,0,512,0,64,none,1,none,0,4,20,473377.0,300.5568253968254,,,,,6144,,8.791720222993513,,,0,0.0,1,bf14b28d2af4128daa99f23eec8a5e105636d0b04136f8be580fdc39d6f1f97d,legal_ring
02_latency_throughput,lat_fp16_m128n128k16_same_d_in0_q12,1,,NVIDIA Thor,11.0,580.00,13.0,PTX ISA 9.3 / CUDA 13.0,1575.000,,,,fp16,128,128,16,12,42,262,0,discard,same,1,1,12,1,nocount,sw128,sw128,16,16,16,0,512,0,0,none,0,none,0,4,20,412504.0,261.9073015873016,,,,,8192,,20.178219576052594,,,0,0.0,1,bf14b28d2af4128daa99f23eec8a5e105636d0b04136f8be580fdc39d6f1f97d,same_d; UTCHMMA=21;UTCHMMA_WS=16;UTCBAR=1;UTCATOMSWS=3;SYNCS_TRYWAIT=8;LDS=21;LDG=9;ptx_tcgen05_mma=21;ptx_tcgen05_mma_ws=16;ptx_tcgen05_commit=1;ptx_tcgen05_alloc=1;ptx_tcgen05_dealloc=1;ptx_tcgen05_ld=5;ptx_tcgen05_st=5;ptx_mbarrier_wait=5;ptx_cp_async_tma=2;ptx_ld_shared=26;ptx_ld_global=7
02_latency_throughput,lat_fp16_m128n128k16_same_d_in0_q12,1,,NVIDIA Thor,11.0,580.00,13.0,PTX ISA 9.3 / CUDA 13.0,1575.000,,,,fp16,128,128,16,12,42,262,1,discard,same,1,1,12,1,nocount,sw128,sw128,16,16,16,0,512,0,0,none,0,none,0,4,20,412532.0,261.9250793650794,,,,,8192,,20.176850009211407,,,0,0.0,1,bf14b28d2af4128daa99f23eec8a5e105636d0b04136f8be580fdc39d6f1f97d,same_d
02_latency_throughput,lat_fp16_m128n128k16_same_d_in0_q12,1,,NVIDIA Thor,11.0,580.00,13.0,PTX ISA 9.3 / CUDA 13.0,1575.000,,,,fp16,128,128,16,12,42,262,2,discard,same,1,1,12,1,nocount,sw128,sw128,16,16,16,0,512,0,0,none,0,none,0,4,20,412500.0,261.9047619047619,,,,,8192,,20.178415243636362,,,0,0.0,1,bf14b28d2af4128daa99f23eec8a5e105636d0b04136f8be580fdc39d6f1f97d,same_d
02_latency_throughput,lat_fp16_m128n128k16_same_d_in0_q12,1,,NVIDIA Thor,11.0,580.00,13.0,PTX ISA 9.3 / CUDA 13.0,1575.000,,,,fp16,128,128,16,12,42,262,3,discard,same,1,1,12,1,nocount,sw128,sw128,16,16,16,0,512,0,0,none,0,none,0,4,20,412507.0,261.90920634920633,,,,,8192,,20.178072827855043,,,0,0.0,1,bf14b28d2af4128daa99f23eec8a5e105636d0b04136f8be580fdc39d6f1f97d,same_d
02_latency_throughput,lat_fp16_m128n128k16_same_d_in0_q12,1,,NVIDIA Thor,11.0,580.00,13.0,PTX ISA 9.3 / CUDA 13.0,1575.000,,,,fp16,128,128,16,12,42,262,4,discard,same,1,1,12,1,nocount,sw128,sw128,16,16,16,0,512,0,0,none,0,none,0,4,20,412506.0,261.90857142857146,,,,,8192,,20.178121743683725,,,0,0.0,1,bf14b28d2af4128daa99f23eec8a5e105636d0b04136f8be580fdc39d6f1f97d,same_d
02_latency_throughput,lat_fp16_m128n128k16_same_d_in1_q6,1,,NVIDIA Thor,11.0,580.00,13.0,PTX ISA 9.3 / CUDA 13.0,1575.000,,,,fp16,128,128,16,6,85,263,0,discard,same,1,1,6,1,nocount,sw128,sw128,16,16,16,0,512,0,0,none,1,none,0,4,20,450693.0,286.1542857142857,,,,,8192,,18.68830161551211,,,0,0.0,1,bf14b28d2af4128daa99f23eec8a5e105636d0b04136f8be580fdc39d6f1f97d,same_d; UTCHMMA=21;UTCHMMA_WS=16;UTCBAR=1;UTCATOMSWS=3;SYNCS_TRYWAIT=8;LDS=21;LDG=9;ptx_tcgen05_mma=21;ptx_tcgen05_mma_ws=16;ptx_tcgen05_commit=1;ptx_tcgen05_alloc=1;ptx_tcgen05_dealloc=1;ptx_tcgen05_ld=5;ptx_tcgen05_st=5;ptx_mbarrier_wait=5;ptx_cp_async_tma=2;ptx_ld_shared=26;ptx_ld_global=7
02_latency_throughput,lat_fp16_m128n128k16_same_d_in1_q6,1,,NVIDIA Thor,11.0,580.00,13.0,PTX ISA 9.3 / CUDA 13.0,1575.000,,,,fp16,128,128,16,6,85,263,1,discard,same,1,1,6,1,nocount,sw128,sw128,16,16,16,0,512,0,0,none,1,none,0,4,20,450693.0,286.1542857142857,,,,,8192,,18.68830161551211,,,0,0.0,1,bf14b28d2af4128daa99f23eec8a5e105636d0b04136f8be580fdc39d6f1f97d,same_d
02_latency_throughput,lat_fp16_m128n128k16_same_d_in1_q6,1,,NVIDIA Thor,11.0,580.00,13.0,PTX ISA 9.3 / CUDA 13.0,1575.000,,,,fp16,128,128,16,6,85,263,2,discard,same,1,1,6,1,nocount,sw128,sw128,16,16,16,0,512,0,0,none,1,none,0,4,20,450695.0,286.15555555555557,,,,,8192,,18.688218684476194,,,0,0.0,1,bf14b28d2af4128daa99f23eec8a5e105636d0b04136f8be580fdc39d6f1f97d,same_d
02_latency_throughput,lat_fp16_m128n128k16_same_d_in1_q6,1,,NVIDIA Thor,11.0,580.00,13.0,PTX ISA 9.3 / CUDA 13.0,1575.000,,,,fp16,128,128,16,6,85,263,3,discard,same,1,1,6,1,nocount,sw128,sw128,16,16,16,0,512,0,0,none,1,none,0,4,20,450694.0,286.15492063492064,,,,,8192,,18.688260149902153,,,0,0.0,1,bf14b28d2af4128daa99f23eec8a5e105636d0b04136f8be580fdc39d6f1f97d,same_d
02_latency_throughput,lat_fp16_m128n128k16_same_d_in1_q6,1,,NVIDIA Thor,11.0,580.00,13.0,PTX ISA 9.3 / CUDA 13.0,1575.000,,,,fp16,128,128,16,6,85,263,4,discard,same,1,1,6,1,nocount,sw128,sw128,16,16,16,0,512,0,0,none,1,none,0,4,20,450696.0,286.15619047619043,,,,,8192,,18.688177219234255,,,0,0.0,1,bf14b28d2af4128daa99f23eec8a5e105636d0b04136f8be580fdc39d6f1f97d,same_d
02_latency_throughput,lat_fp16_m128n128k16_same_d_in1_q32,1,,NVIDIA Thor,11.0,580.00,13.0,PTX ISA 9.3 / CUDA 13.0,1575.000,,,,fp16,128,128,16,32,16,264,0,discard,same,1,1,32,1,nocount,sw128,sw128,16,16,16,0,512,0,0,none,1,none,0,4,20,397949.0,252.66603174603176,,,,,8192,,21.248242523539446,,,0,0.0,1,bf14b28d2af4128daa99f23eec8a5e105636d0b04136f8be580fdc39d6f1f97d,same_d; UTCHMMA=21;UTCHMMA_WS=16;UTCBAR=1;UTCATOMSWS=3;SYNCS_TRYWAIT=8;LDS=21;LDG=9;ptx_tcgen05_mma=21;ptx_tcgen05_mma_ws=16;ptx_tcgen05_commit=1;ptx_tcgen05_alloc=1;ptx_tcgen05_dealloc=1;ptx_tcgen05_ld=5;ptx_tcgen05_st=5;ptx_mbarrier_wait=5;ptx_cp_async_tma=2;ptx_ld_shared=26;ptx_ld_global=7
02_latency_throughput,lat_fp16_m128n128k16_same_d_in1_q32,1,,NVIDIA Thor,11.0,580.00,13.0,PTX ISA 9.3 / CUDA 13.0,1575.000,,,,fp16,128,128,16,32,16,264,1,discard,same,1,1,32,1,nocount,sw128,sw128,16,16,16,0,512,0,0,none,1,none,0,4,20,397987.0,252.6901587301587,,,,,8192,,21.24621373059924,,,0,0.0,1,bf14b28d2af4128daa99f23eec8a5e105636d0b04136f8be580fdc39d6f1f97d,same_d
02_latency_throughput,lat_fp16_m128n128k16_same_d_in1_q32,1,,NVIDIA Thor,11.0,580.00,13.0,PTX ISA 9.3 / CUDA 13.0,1575.000,,,,fp16,128,128,16,32,16,264,2,discard,same,1,1,32,1,nocount,sw128,sw128,16,16,16,0,512,0,0,none,1,none,0,4,20,397951.0,252.6673015873016,,,,,8192,,21.248135735304093,,,0,0.0,1,bf14b28d2af4128daa99f23eec8a5e105636d0b04136f8be580fdc39d6f1f97d,same_d
02_latency_throughput,lat_fp16_m128n128k16_same_d_in1_q32,1,,NVIDIA Thor,11.0,580.00,13.0,PTX ISA 9.3 / CUDA 13.0,1575.000,,,,fp16,128,128,16,32,16,264,3,discard,same,1,1,32,1,nocount,sw128,sw128,16,16,16,0,512,0,0,none,1,none,0,4,20,397956.0,252.6704761904762,,,,,8192,,21.247868769411696,,,0,0.0,1,bf14b28d2af4128daa99f23eec8a5e105636d0b04136f8be580fdc39d6f1f97d,same_d
02_latency_throughput,lat_fp16_m128n128k16_same_d_in1_q32,1,,NVIDIA Thor,11.0,580.00,13.0,PTX ISA 9.3 / CUDA 13.0,1575.000,,,,fp16,128,128,16,32,16,264,4,discard,same,1,1,32,1,nocount,sw128,sw128,16,16,16,0,512,0,0,none,1,none,0,4,20,397981.0,252.68634920634918,,,,,8192,,21.246534040569777,,,0,0.0,1,bf14b28d2af4128daa99f23eec8a5e105636d0b04136f8be580fdc39d6f1f97d,same_d
02_latency_throughput,lat_fp16_m128n128k16_same_d_in1_q3,1,,NVIDIA Thor,11.0,580.00,13.0,PTX ISA 9.3 / CUDA 13.0,1575.000,,,,fp16,128,128,16,3,170,265,0,discard,same,1,1,3,1,nocount,sw128,sw128,16,16,16,0,512,0,0,none,1,none,0,4,20,517164.0,328.35809523809525,,,,,8192,,16.286297422094346,,,0,0.0,1,bf14b28d2af4128daa99f23eec8a5e105636d0b04136f8be580fdc39d6f1f97d,same_d; UTCHMMA=21;UTCHMMA_WS=16;UTCBAR=1;UTCATOMSWS=3;SYNCS_TRYWAIT=8;LDS=21;LDG=9;ptx_tcgen05_mma=21;ptx_tcgen05_mma_ws=16;ptx_tcgen05_commit=1;ptx_tcgen05_alloc=1;ptx_tcgen05_dealloc=1;ptx_tcgen05_ld=5;ptx_tcgen05_st=5;ptx_mbarrier_wait=5;ptx_cp_async_tma=2;ptx_ld_shared=26;ptx_ld_global=7
02_latency_throughput,lat_fp16_m128n128k16_same_d_in1_q3,1,,NVIDIA Thor,11.0,580.00,13.0,PTX ISA 9.3 / CUDA 13.0,1575.000,,,,fp16,128,128,16,3,170,265,1,discard,same,1,1,3,1,nocount,sw128,sw128,16,16,16,0,512,0,0,none,1,none,0,4,20,517169.0,328.3612698412698,,,,,8192,,16.286139965852556,,,0,0.0,1,bf14b28d2af4128daa99f23eec8a5e105636d0b04136f8be580fdc39d6f1f97d,same_d
02_latency_throughput,lat_fp16_m128n128k16_same_d_in1_q3,1,,NVIDIA Thor,11.0,580.00,13.0,PTX ISA 9.3 / CUDA 13.0,1575.000,,,,fp16,128,128,16,3,170,265,2,discard,same,1,1,3,1,nocount,sw128,sw128,16,16,16,0,512,0,0,none,1,none,0,4,20,517175.0,328.36507936507934,,,,,8192,,16.28595102238121,,,0,0.0,1,bf14b28d2af4128daa99f23eec8a5e105636d0b04136f8be580fdc39d6f1f97d,same_d
02_latency_throughput,lat_fp16_m128n128k16_same_d_in1_q3,1,,NVIDIA Thor,11.0,580.00,13.0,PTX ISA 9.3 / CUDA 13.0,1575.000,,,,fp16,128,128,16,3,170,265,3,discard,same,1,1,3,1,nocount,sw128,sw128,16,16,16,0,512,0,0,none,1,none,0,4,20,517171.0,328.36253968253965,,,,,8192,,16.286076984208318,,,0,0.0,1,bf14b28d2af4128daa99f23eec8a5e105636d0b04136f8be580fdc39d6f1f97d,same_d
02_latency_throughput,lat_fp16_m128n128k16_same_d_in1_q3,1,,NVIDIA Thor,11.0,580.00,13.0,PTX ISA 9.3 / CUDA 13.0,1575.000,,,,fp16,128,128,16,3,170,265,4,discard,same,1,1,3,1,nocount,sw128,sw128,16,16,16,0,512,0,0,none,1,none,0,4,20,517169.0,328.3612698412698,,,,,8192,,16.286139965852556,,,0,0.0,1,bf14b28d2af4128daa99f23eec8a5e105636d0b04136f8be580fdc39d6f1f97d,same_d
02_latency_throughput,lat_fp16_m128n64k16_legal_ring_in1_q12,1,,NVIDIA Thor,11.0,580.00,13.0,PTX ISA 9.3 / CUDA 13.0,1575.000,,,,fp16,128,64,16,12,42,266,0,discard,same,8,8,12,1,nocount,sw128,sw128,16,16,16,0,512,0,64,none,1,none,0,4,20,473410.0,300.5777777777778,,,,,6144,,8.791107378382375,,,0,0.0,1,bf14b28d2af4128daa99f23eec8a5e105636d0b04136f8be580fdc39d6f1f97d,legal_ring; UTCHMMA=21;UTCHMMA_WS=16;UTCBAR=1;UTCATOMSWS=3;SYNCS_TRYWAIT=8;LDS=21;LDG=9;ptx_tcgen05_mma=21;ptx_tcgen05_mma_ws=16;ptx_tcgen05_commit=1;ptx_tcgen05_alloc=1;ptx_tcgen05_dealloc=1;ptx_tcgen05_ld=5;ptx_tcgen05_st=5;ptx_mbarrier_wait=5;ptx_cp_async_tma=2;ptx_ld_shared=26;ptx_ld_global=7
02_latency_throughput,lat_fp16_m128n64k16_legal_ring_in1_q12,1,,NVIDIA Thor,11.0,580.00,13.0,PTX ISA 9.3 / CUDA 13.0,1575.000,,,,fp16,128,64,16,12,42,266,1,discard,same,8,8,12,1,nocount,sw128,sw128,16,16,16,0,512,0,64,none,1,none,0,4,20,473405.0,300.57460317460317,,,,,6144,,8.791200228134473,,,0,0.0,1,bf14b28d2af4128daa99f23eec8a5e105636d0b04136f8be580fdc39d6f1f97d,legal_ring
02_latency_throughput,lat_fp16_m128n64k16_legal_ring_in1_q12,1,,NVIDIA Thor,11.0,580.00,13.0,PTX ISA 9.3 / CUDA 13.0,1575.000,,,,fp16,128,64,16,12,42,266,2,discard,same,8,8,12,1,nocount,sw128,sw128,16,16,16,0,512,0,64,none,1,none,0,4,20,473376.0,300.55619047619047,,,,,6144,,8.791738795376192,,,0,0.0,1,bf14b28d2af4128daa99f23eec8a5e105636d0b04136f8be580fdc39d6f1f97d,legal_ring
02_latency_throughput,lat_fp16_m128n64k16_legal_ring_in1_q12,1,,NVIDIA Thor,11.0,580.00,13.0,PTX ISA 9.3 / CUDA 13.0,1575.000,,,,fp16,128,64,16,12,42,266,3,discard,same,8,8,12,1,nocount,sw128,sw128,16,16,16,0,512,0,64,none,1,none,0,4,20,473374.0,300.5549206349206,,,,,6144,,8.791775940376953,,,0,0.0,1,bf14b28d2af4128daa99f23eec8a5e105636d0b04136f8be580fdc39d6f1f97d,legal_ring
02_latency_throughput,lat_fp16_m128n64k16_legal_ring_in1_q12,1,,NVIDIA Thor,11.0,580.00,13.0,PTX ISA 9.3 / CUDA 13.0,1575.000,,,,fp16,128,64,16,12,42,266,4,discard,same,8,8,12,1,nocount,sw128,sw128,16,16,16,0,512,0,64,none,1,none,0,4,20,473404.0,300.57396825396825,,,,,6144,,8.79121879832025,,,0,0.0,1,bf14b28d2af4128daa99f23eec8a5e105636d0b04136f8be580fdc39d6f1f97d,legal_ring
02_latency_throughput,lat_bf16_m128n64k16_legal_ring_in1_q24,1,,NVIDIA Thor,11.0,580.00,13.0,PTX ISA 9.3 / CUDA 13.0,1575.000,,,,bf16,128,64,16,24,21,267,0,discard,same,8,8,24,1,nocount,sw128,sw128,16,16,16,0,512,0,64,none,1,none,0,4,20,457021.0,290.1720634920635,,,,,6144,,9.106360854315229,,,0,0.0,1,bf14b28d2af4128daa99f23eec8a5e105636d0b04136f8be580fdc39d6f1f97d,legal_ring; UTCHMMA=21;UTCHMMA_WS=16;UTCBAR=1;UTCATOMSWS=3;SYNCS_TRYWAIT=8;LDS=21;LDG=9;ptx_tcgen05_mma=21;ptx_tcgen05_mma_ws=16;ptx_tcgen05_commit=1;ptx_tcgen05_alloc=1;ptx_tcgen05_dealloc=1;ptx_tcgen05_ld=5;ptx_tcgen05_st=5;ptx_mbarrier_wait=5;ptx_cp_async_tma=2;ptx_ld_shared=26;ptx_ld_global=7
02_latency_throughput,lat_bf16_m128n64k16_legal_ring_in1_q24,1,,NVIDIA Thor,11.0,580.00,13.0,PTX ISA 9.3 / CUDA 13.0,1575.000,,,,bf16,128,64,16,24,21,267,1,discard,same,8,8,24,1,nocount,sw128,sw128,16,16,16,0,512,0,64,none,1,none,0,4,20,457022.0,290.17269841269837,,,,,6144,,9.106340928883075,,,0,0.0,1,bf14b28d2af4128daa99f23eec8a5e105636d0b04136f8be580fdc39d6f1f97d,legal_ring
02_latency_throughput,lat_bf16_m128n64k16_legal_ring_in1_q24,1,,NVIDIA Thor,11.0,580.00,13.0,PTX ISA 9.3 / CUDA 13.0,1575.000,,,,bf16,128,64,16,24,21,267,2,discard,same,8,8,24,1,nocount,sw128,sw128,16,16,16,0,512,0,64,none,1,none,0,4,20,457023.0,290.17333333333335,,,,,6144,,9.106321003538115,,,0,0.0,1,bf14b28d2af4128daa99f23eec8a5e105636d0b04136f8be580fdc39d6f1f97d,legal_ring
02_latency_throughput,lat_bf16_m128n64k16_legal_ring_in1_q24,1,,NVIDIA Thor,11.0,580.00,13.0,PTX ISA 9.3 / CUDA 13.0,1575.000,,,,bf16,128,64,16,24,21,267,3,discard,same,8,8,24,1,nocount,sw128,sw128,16,16,16,0,512,0,64,none,1,none,0,4,20,457020.0,290.1714285714285,,,,,6144,,9.106380779834582,,,0,0.0,1,bf14b28d2af4128daa99f23eec8a5e105636d0b04136f8be580fdc39d6f1f97d,legal_ring
02_latency_throughput,lat_bf16_m128n64k16_legal_ring_in1_q24,1,,NVIDIA Thor,11.0,580.00,13.0,PTX ISA 9.3 / CUDA 13.0,1575.000,,,,bf16,128,64,16,24,21,267,4,discard,same,8,8,24,1,nocount,sw128,sw128,16,16,16,0,512,0,64,none,1,none,0,4,20,457022.0,290.17269841269837,,,,,6144,,9.106340928883075,,,0,0.0,1,bf14b28d2af4128daa99f23eec8a5e105636d0b04136f8be580fdc39d6f1f97d,legal_ring
02_latency_throughput,lat_fp16_m128n256k16_legal_ring_in1_q8,1,,NVIDIA Thor,11.0,580.00,13.0,PTX ISA 9.3 / CUDA 13.0,1575.000,,,,fp16,128,256,16,8,64,268,0,discard,same,2,2,8,1,nocount,sw128,sw128,16,16,16,0,512,0,256,none,1,none,0,4,20,497586.0,315.9276190476191,,,,,12288,,33.98695648189459,,,0,0.0,1,bf14b28d2af4128daa99f23eec8a5e105636d0b04136f8be580fdc39d6f1f97d,legal_ring; UTCHMMA=21;UTCHMMA_WS=16;UTCBAR=1;UTCATOMSWS=3;SYNCS_TRYWAIT=8;LDS=21;LDG=9;ptx_tcgen05_mma=21;ptx_tcgen05_mma_ws=16;ptx_tcgen05_commit=1;ptx_tcgen05_alloc=1;ptx_tcgen05_dealloc=1;ptx_tcgen05_ld=5;ptx_tcgen05_st=5;ptx_mbarrier_wait=5;ptx_cp_async_tma=2;ptx_ld_shared=26;ptx_ld_global=7
02_latency_throughput,lat_fp16_m128n256k16_legal_ring_in1_q8,1,,NVIDIA Thor,11.0,580.00,13.0,PTX ISA 9.3 / CUDA 13.0,1575.000,,,,fp16,128,256,16,8,64,268,1,discard,same,2,2,8,1,nocount,sw128,sw128,16,16,16,0,512,0,256,none,1,none,0,4,20,497581.0,315.9244444444444,,,,,12288,,33.987298003742104,,,0,0.0,1,bf14b28d2af4128daa99f23eec8a5e105636d0b04136f8be580fdc39d6f1f97d,legal_ring
02_latency_throughput,lat_fp16_m128n256k16_legal_ring_in1_q8,1,,NVIDIA Thor,11.0,580.00,13.0,PTX ISA 9.3 / CUDA 13.0,1575.000,,,,fp16,128,256,16,8,64,268,2,discard,same,2,2,8,1,nocount,sw128,sw128,16,16,16,0,512,0,256,none,1,none,0,4,20,497579.0,315.9231746031746,,,,,12288,,33.987434614402936,,,0,0.0,1,bf14b28d2af4128daa99f23eec8a5e105636d0b04136f8be580fdc39d6f1f97d,legal_ring
02_latency_throughput,lat_fp16_m128n256k16_legal_ring_in1_q8,1,,NVIDIA Thor,11.0,580.00,13.0,PTX ISA 9.3 / CUDA 13.0,1575.000,,,,fp16,128,256,16,8,64,268,3,discard,same,2,2,8,1,nocount,sw128,sw128,16,16,16,0,512,0,256,none,1,none,0,4,20,497590.0,315.9301587301588,,,,,12288,,33.9866832693583,,,0,0.0,1,bf14b28d2af4128daa99f23eec8a5e105636d0b04136f8be580fdc39d6f1f97d,legal_ring
02_latency_throughput,lat_fp16_m128n256k16_legal_ring_in1_q8,1,,NVIDIA Thor,11.0,580.00,13.0,PTX ISA 9.3 / CUDA 13.0,1575.000,,,,fp16,128,256,16,8,64,268,4,discard,same,2,2,8,1,nocount,sw128,sw128,16,16,16,0,512,0,256,none,1,none,0,4,20,497586.0,315.9276190476191,,,,,12288,,33.98695648189459,,,0,0.0,1,bf14b28d2af4128daa99f23eec8a5e105636d0b04136f8be580fdc39d6f1f97d,legal_ring
02_latency_throughput,lat_bf16_m128n64k16_legal_ring_in1_q16,1,,NVIDIA Thor,11.0,580.00,13.0,PTX ISA 9.3 / CUDA 13.0,1575.000,,,,bf16,128,64,16,16,32,269,0,discard,same,8,8,16,1,nocount,sw128,sw128,16,16,16,0,512,0,64,none,1,none,0,4,20,472639.0,300.088253968254,,,,,6144,,8.945217030333934,,,0,0.0,1,bf14b28d2af4128daa99f23eec8a5e105636d0b04136f8be580fdc39d6f1f97d,legal_ring; UTCHMMA=21;UTCHMMA_WS=16;UTCBAR=1;UTCATOMSWS=3;SYNCS_TRYWAIT=8;LDS=21;LDG=9;ptx_tcgen05_mma=21;ptx_tcgen05_mma_ws=16;ptx_tcgen05_commit=1;ptx_tcgen05_alloc=1;ptx_tcgen05_dealloc=1;ptx_tcgen05_ld=5;ptx_tcgen05_st=5;ptx_mbarrier_wait=5;ptx_cp_async_tma=2;ptx_ld_shared=26;ptx_ld_global=7
02_latency_throughput,lat_bf16_m128n64k16_legal_ring_in1_q16,1,,NVIDIA Thor,11.0,580.00,13.0,PTX ISA 9.3 / CUDA 13.0,1575.000,,,,bf16,128,64,16,16,32,269,1,discard,same,8,8,16,1,nocount,sw128,sw128,16,16,16,0,512,0,64,none,1,none,0,4,20,472645.0,300.0920634920635,,,,,6144,,8.945103475124036,,,0,0.0,1,bf14b28d2af4128daa99f23eec8a5e105636d0b04136f8be580fdc39d6f1f97d,legal_ring
02_latency_throughput,lat_bf16_m128n64k16_legal_ring_in1_q16,1,,NVIDIA Thor,11.0,580.00,13.0,PTX ISA 9.3 / CUDA 13.0,1575.000,,,,bf16,128,64,16,16,32,269,2,discard,same,8,8,16,1,nocount,sw128,sw128,16,16,16,0,512,0,64,none,1,none,0,4,20,472644.0,300.09142857142854,,,,,6144,,8.94512240079214,,,0,0.0,1,bf14b28d2af4128daa99f23eec8a5e105636d0b04136f8be580fdc39d6f1f97d,legal_ring
02_latency_throughput,lat_bf16_m128n64k16_legal_ring_in1_q16,1,,NVIDIA Thor,11.0,580.00,13.0,PTX ISA 9.3 / CUDA 13.0,1575.000,,,,bf16,128,64,16,16,32,269,3,discard,same,8,8,16,1,nocount,sw128,sw128,16,16,16,0,512,0,64,none,1,none,0,4,20,472633.0,300.08444444444444,,,,,6144,,8.94533058842696,,,0,0.0,1,bf14b28d2af4128daa99f23eec8a5e105636d0b04136f8be580fdc39d6f1f97d,legal_ring
02_latency_throughput,lat_bf16_m128n64k16_legal_ring_in1_q16,1,,NVIDIA Thor,11.0,580.00,13.0,PTX ISA 9.3 / CUDA 13.0,1575.000,,,,bf16,128,64,16,16,32,269,4,discard,same,8,8,16,1,nocount,sw128,sw128,16,16,16,0,512,0,64,none,1,none,0,4,20,472631.0,300.0831746031746,,,,,6144,,8.945368441765352,,,0,0.0,1,bf14b28d2af4128daa99f23eec8a5e105636d0b04136f8be580fdc39d6f1f97d,legal_ring
02_latency_throughput,lat_fp16_m128n64k16_same_d_in0_q32,1,,NVIDIA Thor,11.0,580.00,13.0,PTX ISA 9.3 / CUDA 13.0,1575.000,,,,fp16,128,64,16,32,16,270,0,discard,same,1,1,32,1,nocount,sw128,sw128,16,16,16,0,512,0,0,none,0,none,0,4,20,398071.0,252.74349206349206,,,,,6144,,10.620865202438761,,,0,0.0,1,bf14b28d2af4128daa99f23eec8a5e105636d0b04136f8be580fdc39d6f1f97d,same_d; UTCHMMA=21;UTCHMMA_WS=16;UTCBAR=1;UTCATOMSWS=3;SYNCS_TRYWAIT=8;LDS=21;LDG=9;ptx_tcgen05_mma=21;ptx_tcgen05_mma_ws=16;ptx_tcgen05_commit=1;ptx_tcgen05_alloc=1;ptx_tcgen05_dealloc=1;ptx_tcgen05_ld=5;ptx_tcgen05_st=5;ptx_mbarrier_wait=5;ptx_cp_async_tma=2;ptx_ld_shared=26;ptx_ld_global=7
02_latency_throughput,lat_fp16_m128n64k16_same_d_in0_q32,1,,NVIDIA Thor,11.0,580.00,13.0,PTX ISA 9.3 / CUDA 13.0,1575.000,,,,fp16,128,64,16,32,16,270,1,discard,same,1,1,32,1,nocount,sw128,sw128,16,16,16,0,512,0,0,none,0,none,0,4,20,398063.0,252.73841269841267,,,,,6144,,10.621078653378989,,,0,0.0,1,bf14b28d2af4128daa99f23eec8a5e105636d0b04136f8be580fdc39d6f1f97d,same_d
02_latency_throughput,lat_fp16_m128n64k16_same_d_in0_q32,1,,NVIDIA Thor,11.0,580.00,13.0,PTX ISA 9.3 / CUDA 13.0,1575.000,,,,fp16,128,64,16,32,16,270,2,discard,same,1,1,32,1,nocount,sw128,sw128,16,16,16,0,512,0,0,none,0,none,0,4,20,398073.0,252.7447619047619,,,,,6144,,10.62081184104423,,,0,0.0,1,bf14b28d2af4128daa99f23eec8a5e105636d0b04136f8be580fdc39d6f1f97d,same_d
02_latency_throughput,lat_fp16_m128n64k16_same_d_in0_q32,1,,NVIDIA Thor,11.0,580.00,13.0,PTX ISA 9.3 / CUDA 13.0,1575.000,,,,fp16,128,64,16,32,16,270,3,discard,same,1,1,32,1,nocount,sw128,sw128,16,16,16,0,512,0,0,none,0,none,0,4,20,398062.0,252.73777777777778,,,,,6144,,10.62110533534977,,,0,0.0,1,bf14b28d2af4128daa99f23eec8a5e105636d0b04136f8be580fdc39d6f1f97d,same_d
02_latency_throughput,lat_fp16_m128n64k16_same_d_in0_q32,1,,NVIDIA Thor,11.0,580.00,13.0,PTX ISA 9.3 / CUDA 13.0,1575.000,,,,fp16,128,64,16,32,16,270,4,discard,same,1,1,32,1,nocount,sw128,sw128,16,16,16,0,512,0,0,none,0,none,0,4,20,398062.0,252.73777777777778,,,,,6144,,10.62110533534977,,,0,0.0,1,bf14b28d2af4128daa99f23eec8a5e105636d0b04136f8be580fdc39d6f1f97d,same_d
02_latency_throughput,lat_bf16_m128n256k16_legal_ring_in0_q4,1,,NVIDIA Thor,11.0,580.00,13.0,PTX ISA 9.3 / CUDA 13.0,1575.000,,,,bf16,128,256,16,4,128,271,0,discard,same,2,2,4,1,nocount,sw128,sw128,16,16,16,0,512,0,256,none,0,none,0,4,20,547817.0,347.8203174603175,,,,,12288,,30.870589499778212,,,0,0.0,1,bf14b28d2af4128daa99f23eec8a5e105636d0b04136f8be580fdc39d6f1f97d,legal_ring; UTCHMMA=21;UTCHMMA_WS=16;UTCBAR=1;UTCATOMSWS=3;SYNCS_TRYWAIT=8;LDS=21;LDG=9;ptx_tcgen05_mma=21;ptx_tcgen05_mma_ws=16;ptx_tcgen05_commit=1;ptx_tcgen05_alloc=1;ptx_tcgen05_dealloc=1;ptx_tcgen05_ld=5;ptx_tcgen05_st=5;ptx_mbarrier_wait=5;ptx_cp_async_tma=2;ptx_ld_shared=26;ptx_ld_global=7
02_latency_throughput,lat_bf16_m128n256k16_legal_ring_in0_q4,1,,NVIDIA Thor,11.0,580.00,13.0,PTX ISA 9.3 / CUDA 13.0,1575.000,,,,bf16,128,256,16,4,128,271,1,discard,same,2,2,4,1,nocount,sw128,sw128,16,16,16,0,512,0,256,none,0,none,0,4,20,547817.0,347.8203174603175,,,,,12288,,30.870589499778212,,,0,0.0,1,bf14b28d2af4128daa99f23eec8a5e105636d0b04136f8be580fdc39d6f1f97d,legal_ring
02_latency_throughput,lat_bf16_m128n256k16_legal_ring_in0_q4,1,,NVIDIA Thor,11.0,580.00,13.0,PTX ISA 9.3 / CUDA 13.0,1575.000,,,,bf16,128,256,16,4,128,271,2,discard,same,2,2,4,1,nocount,sw128,sw128,16,16,16,0,512,0,256,none,0,none,0,4,20,547819.0,347.82158730158733,,,,,12288,,30.870476796168077,,,0,0.0,1,bf14b28d2af4128daa99f23eec8a5e105636d0b04136f8be580fdc39d6f1f97d,legal_ring
02_latency_throughput,lat_bf16_m128n256k16_legal_ring_in0_q4,1,,NVIDIA Thor,11.0,580.00,13.0,PTX ISA 9.3 / CUDA 13.0,1575.000,,,,bf16,128,256,16,4,128,271,3,discard,same,2,2,4,1,nocount,sw128,sw128,16,16,16,0,512,0,256,none,0,none,0,4,20,547814.0,347.81841269841266,,,,,12288,,30.870758556736416,,,0,0.0,1,bf14b28d2af4128daa99f23eec8a5e105636d0b04136f8be580fdc39d6f1f97d,legal_ring
02_latency_throughput,lat_bf16_m128n256k16_legal_ring_in0_q4,1,,NVIDIA Thor,11.0,580.00,13.0,PTX ISA 9.3 / CUDA 13.0,1575.000,,,,bf16,128,256,16,4,128,271,4,discard,same,2,2,4,1,nocount,sw128,sw128,16,16,16,0,512,0,256,none,0,none,0,4,20,547818.0,347.82095238095235,,,,,12288,,30.87053314787028,,,0,0.0,1,bf14b28d2af4128daa99f23eec8a5e105636d0b04136f8be580fdc39d6f1f97d,legal_ring
02_latency_throughput,lat_fp16_m128n256k16_legal_ring_in0_q8,1,,NVIDIA Thor,11.0,580.00,13.0,PTX ISA 9.3 / CUDA 13.0,1575.000,,,,fp16,128,256,16,8,64,272,0,discard,same,2,2,8,1,nocount,sw128,sw128,16,16,16,0,512,0,256,none,0,none,0,4,20,497585.0,315.9269841269841,,,,,12288,,33.987024785715,,,0,0.0,1,bf14b28d2af4128daa99f23eec8a5e105636d0b04136f8be580fdc39d6f1f97d,legal_ring; UTCHMMA=21;UTCHMMA_WS=16;UTCBAR=1;UTCATOMSWS=3;SYNCS_TRYWAIT=8;LDS=21;LDG=9;ptx_tcgen05_mma=21;ptx_tcgen05_mma_ws=16;ptx_tcgen05_commit=1;ptx_tcgen05_alloc=1;ptx_tcgen05_dealloc=1;ptx_tcgen05_ld=5;ptx_tcgen05_st=5;ptx_mbarrier_wait=5;ptx_cp_async_tma=2;ptx_ld_shared=26;ptx_ld_global=7
02_latency_throughput,lat_fp16_m128n256k16_legal_ring_in0_q8,1,,NVIDIA Thor,11.0,580.00,13.0,PTX ISA 9.3 / CUDA 13.0,1575.000,,,,fp16,128,256,16,8,64,272,1,discard,same,2,2,8,1,nocount,sw128,sw128,16,16,16,0,512,0,256,none,0,none,0,4,20,497584.0,315.92634920634924,,,,,12288,,33.98709308980996,,,0,0.0,1,bf14b28d2af4128daa99f23eec8a5e105636d0b04136f8be580fdc39d6f1f97d,legal_ring
02_latency_throughput,lat_fp16_m128n256k16_legal_ring_in0_q8,1,,NVIDIA Thor,11.0,580.00,13.0,PTX ISA 9.3 / CUDA 13.0,1575.000,,,,fp16,128,256,16,8,64,272,2,discard,same,2,2,8,1,nocount,sw128,sw128,16,16,16,0,512,0,256,none,0,none,0,4,20,497587.0,315.92825396825396,,,,,12288,,33.986888178348714,,,0,0.0,1,bf14b28d2af4128daa99f23eec8a5e105636d0b04136f8be580fdc39d6f1f97d,legal_ring
02_latency_throughput,lat_fp16_m128n256k16_legal_ring_in0_q8,1,,NVIDIA Thor,11.0,580.00,13.0,PTX ISA 9.3 / CUDA 13.0,1575.000,,,,fp16,128,256,16,8,64,272,3,discard,same,2,2,8,1,nocount,sw128,sw128,16,16,16,0,512,0,256,none,0,none,0,4,20,497578.0,315.9225396825397,,,,,12288,,33.98750292014518,,,0,0.0,1,bf14b28d2af4128daa99f23eec8a5e105636d0b04136f8be580fdc39d6f1f97d,legal_ring
02_latency_throughput,lat_fp16_m128n256k16_legal_ring_in0_q8,1,,NVIDIA Thor,11.0,580.00,13.0,PTX ISA 9.3 / CUDA 13.0,1575.000,,,,fp16,128,256,16,8,64,272,4,discard,same,2,2,8,1,nocount,sw128,sw128,16,16,16,0,512,0,256,none,0,none,0,4,20,497588.0,315.92888888888893,,,,,12288,,33.98681987507737,,,0,0.0,1,bf14b28d2af4128daa99f23eec8a5e105636d0b04136f8be580fdc39d6f1f97d,legal_ring
02_latency_throughput,lat_bf16_m128n256k16_same_d_in0_q48,1,,NVIDIA Thor,11.0,580.00,13.0,PTX ISA 9.3 / CUDA 13.0,1575.000,,,,bf16,128,256,16,48,10,273,0,discard,same,1,1,48,1,nocount,sw128,sw128,16,16,16,0,512,0,0,none,0,none,0,4,20,369215.0,234.42222222222222,,,,,12288,,42.941021139444494,,,0,0.0,1,bf14b28d2af4128daa99f23eec8a5e105636d0b04136f8be580fdc39d6f1f97d,same_d; UTCHMMA=21;UTCHMMA_WS=16;UTCBAR=1;UTCATOMSWS=3;SYNCS_TRYWAIT=8;LDS=21;LDG=9;ptx_tcgen05_mma=21;ptx_tcgen05_mma_ws=16;ptx_tcgen05_commit=1;ptx_tcgen05_alloc=1;ptx_tcgen05_dealloc=1;ptx_tcgen05_ld=5;ptx_tcgen05_st=5;ptx_mbarrier_wait=5;ptx_cp_async_tma=2;ptx_ld_shared=26;ptx_ld_global=7
02_latency_throughput,lat_bf16_m128n256k16_same_d_in0_q48,1,,NVIDIA Thor,11.0,580.00,13.0,PTX ISA 9.3 / CUDA 13.0,1575.000,,,,bf16,128,256,16,48,10,273,1,discard,same,1,1,48,1,nocount,sw128,sw128,16,16,16,0,512,0,0,none,0,none,0,4,20,369214.0,234.42158730158732,,,,,12288,,42.941137443325545,,,0,0.0,1,bf14b28d2af4128daa99f23eec8a5e105636d0b04136f8be580fdc39d6f1f97d,same_d
02_latency_throughput,lat_bf16_m128n256k16_same_d_in0_q48,1,,NVIDIA Thor,11.0,580.00,13.0,PTX ISA 9.3 / CUDA 13.0,1575.000,,,,bf16,128,256,16,48,10,273,2,discard,same,1,1,48,1,nocount,sw128,sw128,16,16,16,0,512,0,0,none,0,none,0,4,20,369222.0,234.42666666666668,,,,,12288,,42.94020702991696,,,0,0.0,1,bf14b28d2af4128daa99f23eec8a5e105636d0b04136f8be580fdc39d6f1f97d,same_d
02_latency_throughput,lat_bf16_m128n256k16_same_d_in0_q48,1,,NVIDIA Thor,11.0,580.00,13.0,PTX ISA 9.3 / CUDA 13.0,1575.000,,,,bf16,128,256,16,48,10,273,3,discard,same,1,1,48,1,nocount,sw128,sw128,16,16,16,0,512,0,0,none,0,none,0,4,20,369211.0,234.41968253968255,,,,,12288,,42.94148635874879,,,0,0.0,1,bf14b28d2af4128daa99f23eec8a5e105636d0b04136f8be580fdc39d6f1f97d,same_d
02_latency_throughput,lat_bf16_m128n256k16_same_d_in0_q48,1,,NVIDIA Thor,11.0,580.00,13.0,PTX ISA 9.3 / CUDA 13.0,1575.000,,,,bf16,128,256,16,48,10,273,4,discard,same,1,1,48,1,nocount,sw128,sw128,16,16,16,0,512,0,0,none,0,none,0,4,20,369217.0,234.42349206349206,,,,,12288,,42.9407885335724,,,0,0.0,1,bf14b28d2af4128daa99f23eec8a5e105636d0b04136f8be580fdc39d6f1f97d,same_d
02_latency_throughput,lat_bf16_m128n128k16_same_d_in1_q6,1,,NVIDIA Thor,11.0,580.00,13.0,PTX ISA 9.3 / CUDA 13.0,1575.000,,,,bf16,128,128,16,6,85,274,0,discard,same,1,1,6,1,nocount,sw128,sw128,16,16,16,0,512,0,0,none,1,none,0,4,20,450696.0,286.15619047619043,,,,,8192,,18.688177219234255,,,0,0.0,1,bf14b28d2af4128daa99f23eec8a5e105636d0b04136f8be580fdc39d6f1f97d,same_d; UTCHMMA=21;UTCHMMA_WS=16;UTCBAR=1;UTCATOMSWS=3;SYNCS_TRYWAIT=8;LDS=21;LDG=9;ptx_tcgen05_mma=21;ptx_tcgen05_mma_ws=16;ptx_tcgen05_commit=1;ptx_tcgen05_alloc=1;ptx_tcgen05_dealloc=1;ptx_tcgen05_ld=5;ptx_tcgen05_st=5;ptx_mbarrier_wait=5;ptx_cp_async_tma=2;ptx_ld_shared=26;ptx_ld_global=7
02_latency_throughput,lat_bf16_m128n128k16_same_d_in1_q6,1,,NVIDIA Thor,11.0,580.00,13.0,PTX ISA 9.3 / CUDA 13.0,1575.000,,,,bf16,128,128,16,6,85,274,1,discard,same,1,1,6,1,nocount,sw128,sw128,16,16,16,0,512,0,0,none,1,none,0,4,20,450711.0,286.1657142857143,,,,,8192,,18.687555262684956,,,0,0.0,1,bf14b28d2af4128daa99f23eec8a5e105636d0b04136f8be580fdc39d6f1f97d,same_d
02_latency_throughput,lat_bf16_m128n128k16_same_d_in1_q6,1,,NVIDIA Thor,11.0,580.00,13.0,PTX ISA 9.3 / CUDA 13.0,1575.000,,,,bf16,128,128,16,6,85,274,2,discard,same,1,1,6,1,nocount,sw128,sw128,16,16,16,0,512,0,0,none,1,none,0,4,20,450698.0,286.1574603174603,,,,,8192,,18.68809428930237,,,0,0.0,1,bf14b28d2af4128daa99f23eec8a5e105636d0b04136f8be580fdc39d6f1f97d,same_d
02_latency_throughput,lat_bf16_m128n128k16_same_d_in1_q6,1,,NVIDIA Thor,11.0,580.00,13.0,PTX ISA 9.3 / CUDA 13.0,1575.000,,,,bf16,128,128,16,6,85,274,3,discard,same,1,1,6,1,nocount,sw128,sw128,16,16,16,0,512,0,0,none,1,none,0,4,20,450701.0,286.1593650793651,,,,,8192,,18.687969895784565,,,0,0.0,1,bf14b28d2af4128daa99f23eec8a5e105636d0b04136f8be580fdc39d6f1f97d,same_d
02_latency_throughput,lat_bf16_m128n128k16_same_d_in1_q6,1,,NVIDIA Thor,11.0,580.00,13.0,PTX ISA 9.3 / CUDA 13.0,1575.000,,,,bf16,128,128,16,6,85,274,4,discard,same,1,1,6,1,nocount,sw128,sw128,16,16,16,0,512,0,0,none,1,none,0,4,20,450690.0,286.15238095238095,,,,,8192,,18.68842601344605,,,0,0.0,1,bf14b28d2af4128daa99f23eec8a5e105636d0b04136f8be580fdc39d6f1f97d,same_d
02_latency_throughput,lat_fp16_m128n128k16_legal_ring_in0_q1,1,,NVIDIA Thor,11.0,580.00,13.0,PTX ISA 9.3 / CUDA 13.0,1575.000,,,,fp16,128,128,16,1,512,275,0,discard,same,4,4,1,1,nocount,sw128,sw128,16,16,16,0,512,0,128,none,0,none,0,4,20,841580.0,534.3365079365079,,,,,8192,,10.04743086099955,,,0,0.0,1,bf14b28d2af4128daa99f23eec8a5e105636d0b04136f8be580fdc39d6f1f97d,legal_ring; UTCHMMA=21;UTCHMMA_WS=16;UTCBAR=1;UTCATOMSWS=3;SYNCS_TRYWAIT=8;LDS=21;LDG=9;ptx_tcgen05_mma=21;ptx_tcgen05_mma_ws=16;ptx_tcgen05_commit=1;ptx_tcgen05_alloc=1;ptx_tcgen05_dealloc=1;ptx_tcgen05_ld=5;ptx_tcgen05_st=5;ptx_mbarrier_wait=5;ptx_cp_async_tma=2;ptx_ld_shared=26;ptx_ld_global=7
02_latency_throughput,lat_fp16_m128n128k16_legal_ring_in0_q1,1,,NVIDIA Thor,11.0,580.00,13.0,PTX ISA 9.3 / CUDA 13.0,1575.000,,,,fp16,128,128,16,1,512,275,1,discard,same,4,4,1,1,nocount,sw128,sw128,16,16,16,0,512,0,128,none,0,none,0,4,20,841328.0,534.176507936508,,,,,8192,,10.050440332426827,,,0,0.0,1,bf14b28d2af4128daa99f23eec8a5e105636d0b04136f8be580fdc39d6f1f97d,legal_ring
02_latency_throughput,lat_fp16_m128n128k16_legal_ring_in0_q1,1,,NVIDIA Thor,11.0,580.00,13.0,PTX ISA 9.3 / CUDA 13.0,1575.000,,,,fp16,128,128,16,1,512,275,2,discard,same,4,4,1,1,nocount,sw128,sw128,16,16,16,0,512,0,128,none,0,none,0,4,20,841329.0,534.1771428571428,,,,,8192,,10.050428386517046,,,0,0.0,1,bf14b28d2af4128daa99f23eec8a5e105636d0b04136f8be580fdc39d6f1f97d,legal_ring
02_latency_throughput,lat_fp16_m128n128k16_legal_ring_in0_q1,1,,NVIDIA Thor,11.0,580.00,13.0,PTX ISA 9.3 / CUDA 13.0,1575.000,,,,fp16,128,128,16,1,512,275,3,discard,same,4,4,1,1,nocount,sw128,sw128,16,16,16,0,512,0,128,none,0,none,0,4,20,841583.0,534.3384126984128,,,,,8192,,10.047395044814355,,,0,0.0,1,bf14b28d2af4128daa99f23eec8a5e105636d0b04136f8be580fdc39d6f1f97d,legal_ring
02_latency_throughput,lat_fp16_m128n128k16_legal_ring_in0_q1,1,,NVIDIA Thor,11.0,580.00,13.0,PTX ISA 9.3 / CUDA 13.0,1575.000,,,,fp16,128,128,16,1,512,275,4,discard,same,4,4,1,1,nocount,sw128,sw128,16,16,16,0,512,0,128,none,0,none,0,4,20,841325.0,534.1746031746031,,,,,8192,,10.050476170326569,,,0,0.0,1,bf14b28d2af4128daa99f23eec8a5e105636d0b04136f8be580fdc39d6f1f97d,legal_ring
02_latency_throughput,lat_bf16_m128n256k16_same_d_in1_q4,1,,NVIDIA Thor,11.0,580.00,13.0,PTX ISA 9.3 / CUDA 13.0,1575.000,,,,bf16,128,256,16,4,128,276,0,discard,same,1,1,4,1,nocount,sw128,sw128,16,16,16,0,512,0,0,none,1,none,0,4,20,485748.0,308.4114285714286,,,,,12288,,34.815241087971536,,,0,0.0,1,bf14b28d2af4128daa99f23eec8a5e105636d0b04136f8be580fdc39d6f1f97d,same_d; UTCHMMA=21;UTCHMMA_WS=16;UTCBAR=1;UTCATOMSWS=3;SYNCS_TRYWAIT=8;LDS=21;LDG=9;ptx_tcgen05_mma=21;ptx_tcgen05_mma_ws=16;ptx_tcgen05_commit=1;ptx_tcgen05_alloc=1;ptx_tcgen05_dealloc=1;ptx_tcgen05_ld=5;ptx_tcgen05_st=5;ptx_mbarrier_wait=5;ptx_cp_async_tma=2;ptx_ld_shared=26;ptx_ld_global=7
02_latency_throughput,lat_bf16_m128n256k16_same_d_in1_q4,1,,NVIDIA Thor,11.0,580.00,13.0,PTX ISA 9.3 / CUDA 13.0,1575.000,,,,bf16,128,256,16,4,128,276,1,discard,same,1,1,4,1,nocount,sw128,sw128,16,16,16,0,512,0,0,none,1,none,0,4,20,485750.0,308.41269841269843,,,,,12288,,34.81509774163664,,,0,0.0,1,bf14b28d2af4128daa99f23eec8a5e105636d0b04136f8be580fdc39d6f1f97d,same_d
02_latency_throughput,lat_bf16_m128n256k16_same_d_in1_q4,1,,NVIDIA Thor,11.0,580.00,13.0,PTX ISA 9.3 / CUDA 13.0,1575.000,,,,bf16,128,256,16,4,128,276,2,discard,same,1,1,4,1,nocount,sw128,sw128,16,16,16,0,512,0,0,none,1,none,0,4,20,485744.0,308.4088888888889,,,,,12288,,34.81552778418261,,,0,0.0,1,bf14b28d2af4128daa99f23eec8a5e105636d0b04136f8be580fdc39d6f1f97d,same_d
02_latency_throughput,lat_bf16_m128n256k16_same_d_in1_q4,1,,NVIDIA Thor,11.0,580.00,13.0,PTX ISA 9.3 / CUDA 13.0,1575.000,,,,bf16,128,256,16,4,128,276,3,discard,same,1,1,4,1,nocount,sw128,sw128,16,16,16,0,512,0,0,none,1,none,0,4,20,485743.0,308.408253968254,,,,,12288,,34.81559945897316,,,0,0.0,1,bf14b28d2af4128daa99f23eec8a5e105636d0b04136f8be580fdc39d6f1f97d,same_d
02_latency_throughput,lat_bf16_m128n256k16_same_d_in1_q4,1,,NVIDIA Thor,11.0,580.00,13.0,PTX ISA 9.3 / CUDA 13.0,1575.000,,,,bf16,128,256,16,4,128,276,4,discard,same,1,1,4,1,nocount,sw128,sw128,16,16,16,0,512,0,0,none,1,none,0,4,20,485748.0,308.4114285714286,,,,,12288,,34.815241087971536,,,0,0.0,1,bf14b28d2af4128daa99f23eec8a5e105636d0b04136f8be580fdc39d6f1f97d,same_d
02_latency_throughput,lat_fp16_m128n64k16_same_d_in1_q1,1,,NVIDIA Thor,11.0,580.00,13.0,PTX ISA 9.3 / CUDA 13.0,1575.000,,,,fp16,128,64,16,1,512,277,0,discard,same,1,1,1,1,nocount,sw128,sw128,16,16,16,0,512,0,0,none,1,none,0,4,20,779119.0,494.67873015873016,,,,,6144,,5.426460440574546,,,0,0.0,1,bf14b28d2af4128daa99f23eec8a5e105636d0b04136f8be580fdc39d6f1f97d,same_d; UTCHMMA=21;UTCHMMA_WS=16;UTCBAR=1;UTCATOMSWS=3;SYNCS_TRYWAIT=8;LDS=21;LDG=9;ptx_tcgen05_mma=21;ptx_tcgen05_mma_ws=16;ptx_tcgen05_commit=1;ptx_tcgen05_alloc=1;ptx_tcgen05_dealloc=1;ptx_tcgen05_ld=5;ptx_tcgen05_st=5;ptx_mbarrier_wait=5;ptx_cp_async_tma=2;ptx_ld_shared=26;ptx_ld_global=7
02_latency_throughput,lat_fp16_m128n64k16_same_d_in1_q1,1,,NVIDIA Thor,11.0,580.00,13.0,PTX ISA 9.3 / CUDA 13.0,1575.000,,,,fp16,128,64,16,1,512,277,1,discard,same,1,1,1,1,nocount,sw128,sw128,16,16,16,0,512,0,0,none,1,none,0,4,20,779173.0,494.7130158730158,,,,,6144,,5.4260843638062415,,,0,0.0,1,bf14b28d2af4128daa99f23eec8a5e105636d0b04136f8be580fdc39d6f1f97d,same_d
02_latency_throughput,lat_fp16_m128n64k16_same_d_in1_q1,1,,NVIDIA Thor,11.0,580.00,13.0,PTX ISA 9.3 / CUDA 13.0,1575.000,,,,fp16,128,64,16,1,512,277,2,discard,same,1,1,1,1,nocount,sw128,sw128,16,16,16,0,512,0,0,none,1,none,0,4,20,779122.0,494.6806349206349,,,,,6144,,5.426439546053122,,,0,0.0,1,bf14b28d2af4128daa99f23eec8a5e105636d0b04136f8be580fdc39d6f1f97d,same_d
02_latency_throughput,lat_fp16_m128n64k16_same_d_in1_q1,1,,NVIDIA Thor,11.0,580.00,13.0,PTX ISA 9.3 / CUDA 13.0,1575.000,,,,fp16,128,64,16,1,512,277,3,discard,same,1,1,1,1,nocount,sw128,sw128,16,16,16,0,512,0,0,none,1,none,0,4,20,779122.0,494.6806349206349,,,,,6144,,5.426439546053122,,,0,0.0,1,bf14b28d2af4128daa99f23eec8a5e105636d0b04136f8be580fdc39d6f1f97d,same_d
02_latency_throughput,lat_fp16_m128n64k16_same_d_in1_q1,1,,NVIDIA Thor,11.0,580.00,13.0,PTX ISA 9.3 / CUDA 13.0,1575.000,,,,fp16,128,64,16,1,512,277,4,discard,same,1,1,1,1,nocount,sw128,sw128,16,16,16,0,512,0,0,none,1,none,0,4,20,779122.0,494.6806349206349,,,,,6144,,5.426439546053122,,,0,0.0,1,bf14b28d2af4128daa99f23eec8a5e105636d0b04136f8be580fdc39d6f1f97d,same_d
02_latency_throughput,lat_fp16_m128n64k16_same_d_in0_q24,1,,NVIDIA Thor,11.0,580.00,13.0,PTX ISA 9.3 / CUDA 13.0,1575.000,,,,fp16,128,64,16,24,21,278,0,discard,same,1,1,24,1,nocount,sw128,sw128,16,16,16,0,512,0,0,none,0,none,0,4,20,396010.0,251.43492063492064,,,,,6144,,10.509325885709957,,,0,0.0,1,bf14b28d2af4128daa99f23eec8a5e105636d0b04136f8be580fdc39d6f1f97d,same_d; UTCHMMA=21;UTCHMMA_WS=16;UTCBAR=1;UTCATOMSWS=3;SYNCS_TRYWAIT=8;LDS=21;LDG=9;ptx_tcgen05_mma=21;ptx_tcgen05_mma_ws=16;ptx_tcgen05_commit=1;ptx_tcgen05_alloc=1;ptx_tcgen05_dealloc=1;ptx_tcgen05_ld=5;ptx_tcgen05_st=5;ptx_mbarrier_wait=5;ptx_cp_async_tma=2;ptx_ld_shared=26;ptx_ld_global=7
02_latency_throughput,lat_fp16_m128n64k16_same_d_in0_q24,1,,NVIDIA Thor,11.0,580.00,13.0,PTX ISA 9.3 / CUDA 13.0,1575.000,,,,fp16,128,64,16,24,21,278,1,discard,same,1,1,24,1,nocount,sw128,sw128,16,16,16,0,512,0,0,none,0,none,0,4,20,396012.0,251.4361904761905,,,,,6144,,10.50927280991485,,,0,0.0,1,bf14b28d2af4128daa99f23eec8a5e105636d0b04136f8be580fdc39d6f1f97d,same_d
02_latency_throughput,lat_fp16_m128n64k16_same_d_in0_q24,1,,NVIDIA Thor,11.0,580.00,13.0,PTX ISA 9.3 / CUDA 13.0,1575.000,,,,fp16,128,64,16,24,21,278,2,discard,same,1,1,24,1,nocount,sw128,sw128,16,16,16,0,512,0,0,none,0,none,0,4,20,396011.0,251.43555555555554,,,,,6144,,10.50929934774539,,,0,0.0,1,bf14b28d2af4128daa99f23eec8a5e105636d0b04136f8be580fdc39d6f1f97d,same_d
02_latency_throughput,lat_fp16_m128n64k16_same_d_in0_q24,1,,NVIDIA Thor,11.0,580.00,13.0,PTX ISA 9.3 / CUDA 13.0,1575.000,,,,fp16,128,64,16,24,21,278,3,discard,same,1,1,24,1,nocount,sw128,sw128,16,16,16,0,512,0,0,none,0,none,0,4,20,396013.0,251.43682539682538,,,,,6144,,10.509246272218336,,,0,0.0,1,bf14b28d2af4128daa99f23eec8a5e105636d0b04136f8be580fdc39d6f1f97d,same_d
02_latency_throughput,lat_fp16_m128n64k16_same_d_in0_q24,1,,NVIDIA Thor,11.0,580.00,13.0,PTX ISA 9.3 / CUDA 13.0,1575.000,,,,fp16,128,64,16,24,21,278,4,discard,same,1,1,24,1,nocount,sw128,sw128,16,16,16,0,512,0,0,none,0,none,0,4,20,396031.0,251.44825396825397,,,,,6144,,10.508768616598195,,,0,0.0,1,bf14b28d2af4128daa99f23eec8a5e105636d0b04136f8be580fdc39d6f1f97d,same_d
02_latency_throughput,commit_prefix_c8_p2,1,,NVIDIA Thor,11.0,580.00,13.0,PTX ISA 9.3 / CUDA 13.0,1575.000,,,,bf16,128,128,16,16,128,279,0,discard,same,4,4,8,2,count,sw128,sw128,16,16,16,0,512,0,128,none,0,none,0,4,20,1988944.0,1262.8215873015872,,,,,8192,,17.005439799210034,,,0,0.0,1,bf14b28d2af4128daa99f23eec8a5e105636d0b04136f8be580fdc39d6f1f97d,commit prefix scan; pending_mbarriers is prefix tracking count; UTCHMMA=21;UTCHMMA_WS=16;UTCBAR=1;UTCATOMSWS=3;SYNCS_TRYWAIT=8;LDS=21;LDG=9;ptx_tcgen05_mma=21;ptx_tcgen05_mma_ws=16;ptx_tcgen05_commit=1;ptx_tcgen05_alloc=1;ptx_tcgen05_dealloc=1;ptx_tcgen05_ld=5;ptx_tcgen05_st=5;ptx_mbarrier_wait=5;ptx_cp_async_tma=2;ptx_ld_shared=26;ptx_ld_global=7
02_latency_throughput,commit_prefix_c8_p2,1,,NVIDIA Thor,11.0,580.00,13.0,PTX ISA 9.3 / CUDA 13.0,1575.000,,,,bf16,128,128,16,16,128,279,1,discard,same,4,4,8,2,count,sw128,sw128,16,16,16,0,512,0,128,none,0,none,0,4,20,1988934.0,1262.815238095238,,,,,8192,,17.005525299482034,,,0,0.0,1,bf14b28d2af4128daa99f23eec8a5e105636d0b04136f8be580fdc39d6f1f97d,commit prefix scan; pending_mbarriers is prefix tracking count
02_latency_throughput,commit_prefix_c8_p2,1,,NVIDIA Thor,11.0,580.00,13.0,PTX ISA 9.3 / CUDA 13.0,1575.000,,,,bf16,128,128,16,16,128,279,2,discard,same,4,4,8,2,count,sw128,sw128,16,16,16,0,512,0,128,none,0,none,0,4,20,1988954.0,1262.8279365079366,,,,,8192,,17.005354299797784,,,0,0.0,1,bf14b28d2af4128daa99f23eec8a5e105636d0b04136f8be580fdc39d6f1f97d,commit prefix scan; pending_mbarriers is prefix tracking count
02_latency_throughput,commit_prefix_c8_p2,1,,NVIDIA Thor,11.0,580.00,13.0,PTX ISA 9.3 / CUDA 13.0,1575.000,,,,bf16,128,128,16,16,128,279,3,discard,same,4,4,8,2,count,sw128,sw128,16,16,16,0,512,0,128,none,0,none,0,4,20,1988939.0,1262.8184126984127,,,,,8192,,17.00548254923856,,,0,0.0,1,bf14b28d2af4128daa99f23eec8a5e105636d0b04136f8be580fdc39d6f1f97d,commit prefix scan; pending_mbarriers is prefix tracking count
02_latency_throughput,commit_prefix_c8_p2,1,,NVIDIA Thor,11.0,580.00,13.0,PTX ISA 9.3 / CUDA 13.0,1575.000,,,,bf16,128,128,16,16,128,279,4,discard,same,4,4,8,2,count,sw128,sw128,16,16,16,0,512,0,128,none,0,none,0,4,20,1988945.0,1262.8222222222223,,,,,8192,,17.00543124923012,,,0,0.0,1,bf14b28d2af4128daa99f23eec8a5e105636d0b04136f8be580fdc39d6f1f97d,commit prefix scan; pending_mbarriers is prefix tracking count
02_latency_throughput,lat_bf16_m128n128k16_same_d_in0_q6,1,,NVIDIA Thor,11.0,580.00,13.0,PTX ISA 9.3 / CUDA 13.0,1575.000,,,,bf16,128,128,16,6,85,280,0,discard,same,1,1,6,1,nocount,sw128,sw128,16,16,16,0,512,0,0,none,0,none,0,4,20,450698.0,286.1574603174603,,,,,8192,,18.68809428930237,,,0,0.0,1,bf14b28d2af4128daa99f23eec8a5e105636d0b04136f8be580fdc39d6f1f97d,same_d; UTCHMMA=21;UTCHMMA_WS=16;UTCBAR=1;UTCATOMSWS=3;SYNCS_TRYWAIT=8;LDS=21;LDG=9;ptx_tcgen05_mma=21;ptx_tcgen05_mma_ws=16;ptx_tcgen05_commit=1;ptx_tcgen05_alloc=1;ptx_tcgen05_dealloc=1;ptx_tcgen05_ld=5;ptx_tcgen05_st=5;ptx_mbarrier_wait=5;ptx_cp_async_tma=2;ptx_ld_shared=26;ptx_ld_global=7
02_latency_throughput,lat_bf16_m128n128k16_same_d_in0_q6,1,,NVIDIA Thor,11.0,580.00,13.0,PTX ISA 9.3 / CUDA 13.0,1575.000,,,,bf16,128,128,16,6,85,280,1,discard,same,1,1,6,1,nocount,sw128,sw128,16,16,16,0,512,0,0,none,0,none,0,4,20,450698.0,286.1574603174603,,,,,8192,,18.68809428930237,,,0,0.0,1,bf14b28d2af4128daa99f23eec8a5e105636d0b04136f8be580fdc39d6f1f97d,same_d
02_latency_throughput,lat_bf16_m128n128k16_same_d_in0_q6,1,,NVIDIA Thor,11.0,580.00,13.0,PTX ISA 9.3 / CUDA 13.0,1575.000,,,,bf16,128,128,16,6,85,280,2,discard,same,1,1,6,1,nocount,sw128,sw128,16,16,16,0,512,0,0,none,0,none,0,4,20,450691.0,286.1530158730159,,,,,8192,,18.68838454728406,,,0,0.0,1,bf14b28d2af4128daa99f23eec8a5e105636d0b04136f8be580fdc39d6f1f97d,same_d
02_latency_throughput,lat_bf16_m128n128k16_same_d_in0_q6,1,,NVIDIA Thor,11.0,580.00,13.0,PTX ISA 9.3 / CUDA 13.0,1575.000,,,,bf16,128,128,16,6,85,280,3,discard,same,1,1,6,1,nocount,sw128,sw128,16,16,16,0,512,0,0,none,0,none,0,4,20,450692.0,286.1536507936508,,,,,8192,,18.688343081306083,,,0,0.0,1,bf14b28d2af4128daa99f23eec8a5e105636d0b04136f8be580fdc39d6f1f97d,same_d
02_latency_throughput,lat_bf16_m128n128k16_same_d_in0_q6,1,,NVIDIA Thor,11.0,580.00,13.0,PTX ISA 9.3 / CUDA 13.0,1575.000,,,,bf16,128,128,16,6,85,280,4,discard,same,1,1,6,1,nocount,sw128,sw128,16,16,16,0,512,0,0,none,0,none,0,4,20,450712.0,286.1663492063492,,,,,8192,,18.687513800386945,,,0,0.0,1,bf14b28d2af4128daa99f23eec8a5e105636d0b04136f8be580fdc39d6f1f97d,same_d
02_latency_throughput,lat_fp16_m128n256k16_legal_ring_in1_q16,1,,NVIDIA Thor,11.0,580.00,13.0,PTX ISA 9.3 / CUDA 13.0,1575.000,,,,fp16,128,256,16,16,32,281,0,discard,same,2,2,16,1,nocount,sw128,sw128,16,16,16,0,512,0,256,none,1,none,0,4,20,472646.0,300.0926984126984,,,,,12288,,35.78033819814407,,,0,0.0,1,bf14b28d2af4128daa99f23eec8a5e105636d0b04136f8be580fdc39d6f1f97d,legal_ring; UTCHMMA=21;UTCHMMA_WS=16;UTCBAR=1;UTCATOMSWS=3;SYNCS_TRYWAIT=8;LDS=21;LDG=9;ptx_tcgen05_mma=21;ptx_tcgen05_mma_ws=16;ptx_tcgen05_commit=1;ptx_tcgen05_alloc=1;ptx_tcgen05_dealloc=1;ptx_tcgen05_ld=5;ptx_tcgen05_st=5;ptx_mbarrier_wait=5;ptx_cp_async_tma=2;ptx_ld_shared=26;ptx_ld_global=7
02_latency_throughput,lat_fp16_m128n256k16_legal_ring_in1_q16,1,,NVIDIA Thor,11.0,580.00,13.0,PTX ISA 9.3 / CUDA 13.0,1575.000,,,,fp16,128,256,16,16,32,281,1,discard,same,2,2,16,1,nocount,sw128,sw128,16,16,16,0,512,0,256,none,1,none,0,4,20,472639.0,300.088253968254,,,,,12288,,35.780868121335736,,,0,0.0,1,bf14b28d2af4128daa99f23eec8a5e105636d0b04136f8be580fdc39d6f1f97d,legal_ring
02_latency_throughput,lat_fp16_m128n256k16_legal_ring_in1_q16,1,,NVIDIA Thor,11.0,580.00,13.0,PTX ISA 9.3 / CUDA 13.0,1575.000,,,,fp16,128,256,16,16,32,281,2,discard,same,2,2,16,1,nocount,sw128,sw128,16,16,16,0,512,0,256,none,1,none,0,4,20,472641.0,300.0895238095238,,,,,12288,,35.780716713107836,,,0,0.0,1,bf14b28d2af4128daa99f23eec8a5e105636d0b04136f8be580fdc39d6f1f97d,legal_ring
02_latency_throughput,lat_fp16_m128n256k16_legal_ring_in1_q16,1,,NVIDIA Thor,11.0,580.00,13.0,PTX ISA 9.3 / CUDA 13.0,1575.000,,,,fp16,128,256,16,16,32,281,3,discard,same,2,2,16,1,nocount,sw128,sw128,16,16,16,0,512,0,256,none,1,none,0,4,20,472646.0,300.0926984126984,,,,,12288,,35.78033819814407,,,0,0.0,1,bf14b28d2af4128daa99f23eec8a5e105636d0b04136f8be580fdc39d6f1f97d,legal_ring
02_latency_throughput,lat_fp16_m128n256k16_legal_ring_in1_q16,1,,NVIDIA Thor,11.0,580.00,13.0,PTX ISA 9.3 / CUDA 13.0,1575.000,,,,fp16,128,256,16,16,32,281,4,discard,same,2,2,16,1,nocount,sw128,sw128,16,16,16,0,512,0,256,none,1,none,0,4,20,472645.0,300.0920634920635,,,,,12288,,35.78041390049614,,,0,0.0,1,bf14b28d2af4128daa99f23eec8a5e105636d0b04136f8be580fdc39d6f1f97d,legal_ring
02_latency_throughput,lat_fp16_m128n128k16_legal_ring_in0_q32,1,,NVIDIA Thor,11.0,580.00,13.0,PTX ISA 9.3 / CUDA 13.0,1575.000,,,,fp16,128,128,16,32,16,282,0,discard,same,4,4,32,1,nocount,sw128,sw128,16,16,16,0,512,0,128,none,0,none,0,4,20,460193.0,292.18603174603174,,,,,8192,,18.374283972159507,,,0,0.0,1,bf14b28d2af4128daa99f23eec8a5e105636d0b04136f8be580fdc39d6f1f97d,legal_ring; UTCHMMA=21;UTCHMMA_WS=16;UTCBAR=1;UTCATOMSWS=3;SYNCS_TRYWAIT=8;LDS=21;LDG=9;ptx_tcgen05_mma=21;ptx_tcgen05_mma_ws=16;ptx_tcgen05_commit=1;ptx_tcgen05_alloc=1;ptx_tcgen05_dealloc=1;ptx_tcgen05_ld=5;ptx_tcgen05_st=5;ptx_mbarrier_wait=5;ptx_cp_async_tma=2;ptx_ld_shared=26;ptx_ld_global=7
02_latency_throughput,lat_fp16_m128n128k16_legal_ring_in0_q32,1,,NVIDIA Thor,11.0,580.00,13.0,PTX ISA 9.3 / CUDA 13.0,1575.000,,,,fp16,128,128,16,32,16,282,1,discard,same,4,4,32,1,nocount,sw128,sw128,16,16,16,0,512,0,128,none,0,none,0,4,20,460192.0,292.1853968253969,,,,,8192,,18.374323899589733,,,0,0.0,1,bf14b28d2af4128daa99f23eec8a5e105636d0b04136f8be580fdc39d6f1f97d,legal_ring
02_latency_throughput,lat_fp16_m128n128k16_legal_ring_in0_q32,1,,NVIDIA Thor,11.0,580.00,13.0,PTX ISA 9.3 / CUDA 13.0,1575.000,,,,fp16,128,128,16,32,16,282,2,discard,same,4,4,32,1,nocount,sw128,sw128,16,16,16,0,512,0,128,none,0,none,0,4,20,460193.0,292.18603174603174,,,,,8192,,18.374283972159507,,,0,0.0,1,bf14b28d2af4128daa99f23eec8a5e105636d0b04136f8be580fdc39d6f1f97d,legal_ring
02_latency_throughput,lat_fp16_m128n128k16_legal_ring_in0_q32,1,,NVIDIA Thor,11.0,580.00,13.0,PTX ISA 9.3 / CUDA 13.0,1575.000,,,,fp16,128,128,16,32,16,282,3,discard,same,4,4,32,1,nocount,sw128,sw128,16,16,16,0,512,0,128,none,0,none,0,4,20,460194.0,292.18666666666667,,,,,8192,,18.374244044902802,,,0,0.0,1,bf14b28d2af4128daa99f23eec8a5e105636d0b04136f8be580fdc39d6f1f97d,legal_ring
02_latency_throughput,lat_fp16_m128n128k16_legal_ring_in0_q32,1,,NVIDIA Thor,11.0,580.00,13.0,PTX ISA 9.3 / CUDA 13.0,1575.000,,,,fp16,128,128,16,32,16,282,4,discard,same,4,4,32,1,nocount,sw128,sw128,16,16,16,0,512,0,128,none,0,none,0,4,20,460194.0,292.18666666666667,,,,,8192,,18.374244044902802,,,0,0.0,1,bf14b28d2af4128daa99f23eec8a5e105636d0b04136f8be580fdc39d6f1f97d,legal_ring
02_latency_throughput,lat_fp16_m128n256k16_same_d_in1_q48,1,,NVIDIA Thor,11.0,580.00,13.0,PTX ISA 9.3 / CUDA 13.0,1575.000,,,,fp16,128,256,16,48,10,283,0,discard,same,1,1,48,1,nocount,sw128,sw128,16,16,16,0,512,0,0,none,1,none,0,4,20,369217.0,234.42349206349206,,,,,12288,,42.9407885335724,,,0,0.0,1,bf14b28d2af4128daa99f23eec8a5e105636d0b04136f8be580fdc39d6f1f97d,same_d; UTCHMMA=21;UTCHMMA_WS=16;UTCBAR=1;UTCATOMSWS=3;SYNCS_TRYWAIT=8;LDS=21;LDG=9;ptx_tcgen05_mma=21;ptx_tcgen05_mma_ws=16;ptx_tcgen05_commit=1;ptx_tcgen05_alloc=1;ptx_tcgen05_dealloc=1;ptx_tcgen05_ld=5;ptx_tcgen05_st=5;ptx_mbarrier_wait=5;ptx_cp_async_tma=2;ptx_ld_shared=26;ptx_ld_global=7
02_latency_throughput,lat_fp16_m128n256k16_same_d_in1_q48,1,,NVIDIA Thor,11.0,580.00,13.0,PTX ISA 9.3 / CUDA 13.0,1575.000,,,,fp16,128,256,16,48,10,283,1,discard,same,1,1,48,1,nocount,sw128,sw128,16,16,16,0,512,0,0,none,1,none,0,4,20,369219.0,234.4247619047619,,,,,12288,,42.94055593022027,,,0,0.0,1,bf14b28d2af4128daa99f23eec8a5e105636d0b04136f8be580fdc39d6f1f97d,same_d
02_latency_throughput,lat_fp16_m128n256k16_same_d_in1_q48,1,,NVIDIA Thor,11.0,580.00,13.0,PTX ISA 9.3 / CUDA 13.0,1575.000,,,,fp16,128,256,16,48,10,283,2,discard,same,1,1,48,1,nocount,sw128,sw128,16,16,16,0,512,0,0,none,1,none,0,4,20,369218.0,234.42412698412699,,,,,12288,,42.940672231581345,,,0,0.0,1,bf14b28d2af4128daa99f23eec8a5e105636d0b04136f8be580fdc39d6f1f97d,same_d
02_latency_throughput,lat_fp16_m128n256k16_same_d_in1_q48,1,,NVIDIA Thor,11.0,580.00,13.0,PTX ISA 9.3 / CUDA 13.0,1575.000,,,,fp16,128,256,16,48,10,283,3,discard,same,1,1,48,1,nocount,sw128,sw128,16,16,16,0,512,0,0,none,1,none,0,4,20,369217.0,234.42349206349206,,,,,12288,,42.9407885335724,,,0,0.0,1,bf14b28d2af4128daa99f23eec8a5e105636d0b04136f8be580fdc39d6f1f97d,same_d
02_latency_throughput,lat_fp16_m128n256k16_same_d_in1_q48,1,,NVIDIA Thor,11.0,580.00,13.0,PTX ISA 9.3 / CUDA 13.0,1575.000,,,,fp16,128,256,16,48,10,283,4,discard,same,1,1,48,1,nocount,sw128,sw128,16,16,16,0,512,0,0,none,1,none,0,4,20,369219.0,234.4247619047619,,,,,12288,,42.94055593022027,,,0,0.0,1,bf14b28d2af4128daa99f23eec8a5e105636d0b04136f8be580fdc39d6f1f97d,same_d
02_latency_throughput,lat_bf16_m128n64k16_legal_ring_in1_q48,1,,NVIDIA Thor,11.0,580.00,13.0,PTX ISA 9.3 / CUDA 13.0,1575.000,,,,bf16,128,64,16,48,10,284,0,discard,same,8,8,48,1,nocount,sw128,sw128,16,16,16,0,512,0,64,none,1,none,0,4,20,427498.0,271.4273015873016,,,,,6144,,9.271662744621027,,,0,0.0,1,bf14b28d2af4128daa99f23eec8a5e105636d0b04136f8be580fdc39d6f1f97d,legal_ring; UTCHMMA=21;UTCHMMA_WS=16;UTCBAR=1;UTCATOMSWS=3;SYNCS_TRYWAIT=8;LDS=21;LDG=9;ptx_tcgen05_mma=21;ptx_tcgen05_mma_ws=16;ptx_tcgen05_commit=1;ptx_tcgen05_alloc=1;ptx_tcgen05_dealloc=1;ptx_tcgen05_ld=5;ptx_tcgen05_st=5;ptx_mbarrier_wait=5;ptx_cp_async_tma=2;ptx_ld_shared=26;ptx_ld_global=7
02_latency_throughput,lat_bf16_m128n64k16_legal_ring_in1_q48,1,,NVIDIA Thor,11.0,580.00,13.0,PTX ISA 9.3 / CUDA 13.0,1575.000,,,,bf16,128,64,16,48,10,284,1,discard,same,8,8,48,1,nocount,sw128,sw128,16,16,16,0,512,0,64,none,1,none,0,4,20,427495.0,271.42539682539683,,,,,6144,,9.271727809681984,,,0,0.0,1,bf14b28d2af4128daa99f23eec8a5e105636d0b04136f8be580fdc39d6f1f97d,legal_ring
02_latency_throughput,lat_bf16_m128n64k16_legal_ring_in1_q48,1,,NVIDIA Thor,11.0,580.00,13.0,PTX ISA 9.3 / CUDA 13.0,1575.000,,,,bf16,128,64,16,48,10,284,2,discard,same,8,8,48,1,nocount,sw128,sw128,16,16,16,0,512,0,64,none,1,none,0,4,20,427493.0,271.424126984127,,,,,6144,,9.271771186896629,,,0,0.0,1,bf14b28d2af4128daa99f23eec8a5e105636d0b04136f8be580fdc39d6f1f97d,legal_ring
02_latency_throughput,lat_bf16_m128n64k16_legal_ring_in1_q48,1,,NVIDIA Thor,11.0,580.00,13.0,PTX ISA 9.3 / CUDA 13.0,1575.000,,,,bf16,128,64,16,48,10,284,3,discard,same,8,8,48,1,nocount,sw128,sw128,16,16,16,0,512,0,64,none,1,none,0,4,20,427497.0,271.4266666666667,,,,,6144,,9.271684432873213,,,0,0.0,1,bf14b28d2af4128daa99f23eec8a5e105636d0b04136f8be580fdc39d6f1f97d,legal_ring
02_latency_throughput,lat_bf16_m128n64k16_legal_ring_in1_q48,1,,NVIDIA Thor,11.0,580.00,13.0,PTX ISA 9.3 / CUDA 13.0,1575.000,,,,bf16,128,64,16,48,10,284,4,discard,same,8,8,48,1,nocount,sw128,sw128,16,16,16,0,512,0,64,none,1,none,0,4,20,427505.0,271.431746031746,,,,,6144,,9.271510929696728,,,0,0.0,1,bf14b28d2af4128daa99f23eec8a5e105636d0b04136f8be580fdc39d6f1f97d,legal_ring
02_latency_throughput,lat_fp16_m128n64k16_same_d_in0_q3,1,,NVIDIA Thor,11.0,580.00,13.0,PTX ISA 9.3 / CUDA 13.0,1575.000,,,,fp16,128,64,16,3,170,285,0,discard,same,1,1,3,1,nocount,sw128,sw128,16,16,16,0,512,0,0,none,0,none,0,4,20,517172.0,328.3631746031746,,,,,6144,,8.143022746784435,,,0,0.0,1,bf14b28d2af4128daa99f23eec8a5e105636d0b04136f8be580fdc39d6f1f97d,same_d; UTCHMMA=21;UTCHMMA_WS=16;UTCBAR=1;UTCATOMSWS=3;SYNCS_TRYWAIT=8;LDS=21;LDG=9;ptx_tcgen05_mma=21;ptx_tcgen05_mma_ws=16;ptx_tcgen05_commit=1;ptx_tcgen05_alloc=1;ptx_tcgen05_dealloc=1;ptx_tcgen05_ld=5;ptx_tcgen05_st=5;ptx_mbarrier_wait=5;ptx_cp_async_tma=2;ptx_ld_shared=26;ptx_ld_global=7
02_latency_throughput,lat_fp16_m128n64k16_same_d_in0_q3,1,,NVIDIA Thor,11.0,580.00,13.0,PTX ISA 9.3 / CUDA 13.0,1575.000,,,,fp16,128,64,16,3,170,285,1,discard,same,1,1,3,1,nocount,sw128,sw128,16,16,16,0,512,0,0,none,0,none,0,4,20,517171.0,328.36253968253965,,,,,6144,,8.143038492104159,,,0,0.0,1,bf14b28d2af4128daa99f23eec8a5e105636d0b04136f8be580fdc39d6f1f97d,same_d
02_latency_throughput,lat_fp16_m128n64k16_same_d_in0_q3,1,,NVIDIA Thor,11.0,580.00,13.0,PTX ISA 9.3 / CUDA 13.0,1575.000,,,,fp16,128,64,16,3,170,285,2,discard,same,1,1,3,1,nocount,sw128,sw128,16,16,16,0,512,0,0,none,0,none,0,4,20,517169.0,328.3612698412698,,,,,6144,,8.143069982926278,,,0,0.0,1,bf14b28d2af4128daa99f23eec8a5e105636d0b04136f8be580fdc39d6f1f97d,same_d
02_latency_throughput,lat_fp16_m128n64k16_same_d_in0_q3,1,,NVIDIA Thor,11.0,580.00,13.0,PTX ISA 9.3 / CUDA 13.0,1575.000,,,,fp16,128,64,16,3,170,285,3,discard,same,1,1,3,1,nocount,sw128,sw128,16,16,16,0,512,0,0,none,0,none,0,4,20,517171.0,328.36253968253965,,,,,6144,,8.143038492104159,,,0,0.0,1,bf14b28d2af4128daa99f23eec8a5e105636d0b04136f8be580fdc39d6f1f97d,same_d
02_latency_throughput,lat_fp16_m128n64k16_same_d_in0_q3,1,,NVIDIA Thor,11.0,580.00,13.0,PTX ISA 9.3 / CUDA 13.0,1575.000,,,,fp16,128,64,16,3,170,285,4,discard,same,1,1,3,1,nocount,sw128,sw128,16,16,16,0,512,0,0,none,0,none,0,4,20,517171.0,328.36253968253965,,,,,6144,,8.143038492104159,,,0,0.0,1,bf14b28d2af4128daa99f23eec8a5e105636d0b04136f8be580fdc39d6f1f97d,same_d
02_latency_throughput,lat_bf16_m128n64k16_same_d_in0_q12,1,,NVIDIA Thor,11.0,580.00,13.0,PTX ISA 9.3 / CUDA 13.0,1575.000,,,,bf16,128,64,16,12,42,286,0,discard,same,1,1,12,1,nocount,sw128,sw128,16,16,16,0,512,0,0,none,0,none,0,4,20,412509.0,261.9104761904762,,,,,6144,,10.08898749845458,,,0,0.0,1,bf14b28d2af4128daa99f23eec8a5e105636d0b04136f8be580fdc39d6f1f97d,same_d; UTCHMMA=21;UTCHMMA_WS=16;UTCBAR=1;UTCATOMSWS=3;SYNCS_TRYWAIT=8;LDS=21;LDG=9;ptx_tcgen05_mma=21;ptx_tcgen05_mma_ws=16;ptx_tcgen05_commit=1;ptx_tcgen05_alloc=1;ptx_tcgen05_dealloc=1;ptx_tcgen05_ld=5;ptx_tcgen05_st=5;ptx_mbarrier_wait=5;ptx_cp_async_tma=2;ptx_ld_shared=26;ptx_ld_global=7
02_latency_throughput,lat_bf16_m128n64k16_same_d_in0_q12,1,,NVIDIA Thor,11.0,580.00,13.0,PTX ISA 9.3 / CUDA 13.0,1575.000,,,,bf16,128,64,16,12,42,286,1,discard,same,1,1,12,1,nocount,sw128,sw128,16,16,16,0,512,0,0,none,0,none,0,4,20,412506.0,261.90857142857146,,,,,6144,,10.089060871841863,,,0,0.0,1,bf14b28d2af4128daa99f23eec8a5e105636d0b04136f8be580fdc39d6f1f97d,same_d
02_latency_throughput,lat_bf16_m128n64k16_same_d_in0_q12,1,,NVIDIA Thor,11.0,580.00,13.0,PTX ISA 9.3 / CUDA 13.0,1575.000,,,,bf16,128,64,16,12,42,286,2,discard,same,1,1,12,1,nocount,sw128,sw128,16,16,16,0,512,0,0,none,0,none,0,4,20,412505.0,261.9079365079365,,,,,6144,,10.08908532987479,,,0,0.0,1,bf14b28d2af4128daa99f23eec8a5e105636d0b04136f8be580fdc39d6f1f97d,same_d
02_latency_throughput,lat_bf16_m128n64k16_same_d_in0_q12,1,,NVIDIA Thor,11.0,580.00,13.0,PTX ISA 9.3 / CUDA 13.0,1575.000,,,,bf16,128,64,16,12,42,286,3,discard,same,1,1,12,1,nocount,sw128,sw128,16,16,16,0,512,0,0,none,0,none,0,4,20,412503.0,261.90666666666664,,,,,6144,,10.08913424629639,,,0,0.0,1,bf14b28d2af4128daa99f23eec8a5e105636d0b04136f8be580fdc39d6f1f97d,same_d
02_latency_throughput,lat_bf16_m128n64k16_same_d_in0_q12,1,,NVIDIA Thor,11.0,580.00,13.0,PTX ISA 9.3 / CUDA 13.0,1575.000,,,,bf16,128,64,16,12,42,286,4,discard,same,1,1,12,1,nocount,sw128,sw128,16,16,16,0,512,0,0,none,0,none,0,4,20,412503.0,261.90666666666664,,,,,6144,,10.08913424629639,,,0,0.0,1,bf14b28d2af4128daa99f23eec8a5e105636d0b04136f8be580fdc39d6f1f97d,same_d
02_latency_throughput,lat_bf16_m128n64k16_same_d_in1_q3,1,,NVIDIA Thor,11.0,580.00,13.0,PTX ISA 9.3 / CUDA 13.0,1575.000,,,,bf16,128,64,16,3,170,287,0,discard,same,1,1,3,1,nocount,sw128,sw128,16,16,16,0,512,0,0,none,1,none,0,4,20,517170.0,328.3619047619048,,,,,6144,,8.143054237484773,,,0,0.0,1,bf14b28d2af4128daa99f23eec8a5e105636d0b04136f8be580fdc39d6f1f97d,same_d; UTCHMMA=21;UTCHMMA_WS=16;UTCBAR=1;UTCATOMSWS=3;SYNCS_TRYWAIT=8;LDS=21;LDG=9;ptx_tcgen05_mma=21;ptx_tcgen05_mma_ws=16;ptx_tcgen05_commit=1;ptx_tcgen05_alloc=1;ptx_tcgen05_dealloc=1;ptx_tcgen05_ld=5;ptx_tcgen05_st=5;ptx_mbarrier_wait=5;ptx_cp_async_tma=2;ptx_ld_shared=26;ptx_ld_global=7
02_latency_throughput,lat_bf16_m128n64k16_same_d_in1_q3,1,,NVIDIA Thor,11.0,580.00,13.0,PTX ISA 9.3 / CUDA 13.0,1575.000,,,,bf16,128,64,16,3,170,287,1,discard,same,1,1,3,1,nocount,sw128,sw128,16,16,16,0,512,0,0,none,1,none,0,4,20,517170.0,328.3619047619048,,,,,6144,,8.143054237484773,,,0,0.0,1,bf14b28d2af4128daa99f23eec8a5e105636d0b04136f8be580fdc39d6f1f97d,same_d
02_latency_throughput,lat_bf16_m128n64k16_same_d_in1_q3,1,,NVIDIA Thor,11.0,580.00,13.0,PTX ISA 9.3 / CUDA 13.0,1575.000,,,,bf16,128,64,16,3,170,287,2,discard,same,1,1,3,1,nocount,sw128,sw128,16,16,16,0,512,0,0,none,1,none,0,4,20,517170.0,328.3619047619048,,,,,6144,,8.143054237484773,,,0,0.0,1,bf14b28d2af4128daa99f23eec8a5e105636d0b04136f8be580fdc39d6f1f97d,same_d
02_latency_throughput,lat_bf16_m128n64k16_same_d_in1_q3,1,,NVIDIA Thor,11.0,580.00,13.0,PTX ISA 9.3 / CUDA 13.0,1575.000,,,,bf16,128,64,16,3,170,287,3,discard,same,1,1,3,1,nocount,sw128,sw128,16,16,16,0,512,0,0,none,1,none,0,4,20,517181.0,328.3688888888889,,,,,6144,,8.142881041646929,,,0,0.0,1,bf14b28d2af4128daa99f23eec8a5e105636d0b04136f8be580fdc39d6f1f97d,same_d
02_latency_throughput,lat_bf16_m128n64k16_same_d_in1_q3,1,,NVIDIA Thor,11.0,580.00,13.0,PTX ISA 9.3 / CUDA 13.0,1575.000,,,,bf16,128,64,16,3,170,287,4,discard,same,1,1,3,1,nocount,sw128,sw128,16,16,16,0,512,0,0,none,1,none,0,4,20,517172.0,328.3631746031746,,,,,6144,,8.143022746784435,,,0,0.0,1,bf14b28d2af4128daa99f23eec8a5e105636d0b04136f8be580fdc39d6f1f97d,same_d
02_latency_throughput,lat_fp16_m128n64k16_legal_ring_in1_q2,1,,NVIDIA Thor,11.0,580.00,13.0,PTX ISA 9.3 / CUDA 13.0,1575.000,,,,fp16,128,64,16,2,256,288,0,discard,same,8,8,2,1,nocount,sw128,sw128,16,16,16,0,512,0,64,none,1,none,0,4,20,648052.0,411.4615873015873,,,,,6144,,6.523949362088228,,,0,0.0,1,bf14b28d2af4128daa99f23eec8a5e105636d0b04136f8be580fdc39d6f1f97d,legal_ring; UTCHMMA=21;UTCHMMA_WS=16;UTCBAR=1;UTCATOMSWS=3;SYNCS_TRYWAIT=8;LDS=21;LDG=9;ptx_tcgen05_mma=21;ptx_tcgen05_mma_ws=16;ptx_tcgen05_commit=1;ptx_tcgen05_alloc=1;ptx_tcgen05_dealloc=1;ptx_tcgen05_ld=5;ptx_tcgen05_st=5;ptx_mbarrier_wait=5;ptx_cp_async_tma=2;ptx_ld_shared=26;ptx_ld_global=7
02_latency_throughput,lat_fp16_m128n64k16_legal_ring_in1_q2,1,,NVIDIA Thor,11.0,580.00,13.0,PTX ISA 9.3 / CUDA 13.0,1575.000,,,,fp16,128,64,16,2,256,288,1,discard,same,8,8,2,1,nocount,sw128,sw128,16,16,16,0,512,0,64,none,1,none,0,4,20,648045.0,411.45714285714286,,,,,6144,,6.524019831956115,,,0,0.0,1,bf14b28d2af4128daa99f23eec8a5e105636d0b04136f8be580fdc39d6f1f97d,legal_ring
02_latency_throughput,lat_fp16_m128n64k16_legal_ring_in1_q2,1,,NVIDIA Thor,11.0,580.00,13.0,PTX ISA 9.3 / CUDA 13.0,1575.000,,,,fp16,128,64,16,2,256,288,2,discard,same,8,8,2,1,nocount,sw128,sw128,16,16,16,0,512,0,64,none,1,none,0,4,20,648043.0,411.455873015873,,,,,6144,,6.524039966483706,,,0,0.0,1,bf14b28d2af4128daa99f23eec8a5e105636d0b04136f8be580fdc39d6f1f97d,legal_ring
02_latency_throughput,lat_fp16_m128n64k16_legal_ring_in1_q2,1,,NVIDIA Thor,11.0,580.00,13.0,PTX ISA 9.3 / CUDA 13.0,1575.000,,,,fp16,128,64,16,2,256,288,3,discard,same,8,8,2,1,nocount,sw128,sw128,16,16,16,0,512,0,64,none,1,none,0,4,20,648047.0,411.4584126984127,,,,,6144,,6.523999697552801,,,0,0.0,1,bf14b28d2af4128daa99f23eec8a5e105636d0b04136f8be580fdc39d6f1f97d,legal_ring
02_latency_throughput,lat_fp16_m128n64k16_legal_ring_in1_q2,1,,NVIDIA Thor,11.0,580.00,13.0,PTX ISA 9.3 / CUDA 13.0,1575.000,,,,fp16,128,64,16,2,256,288,4,discard,same,8,8,2,1,nocount,sw128,sw128,16,16,16,0,512,0,64,none,1,none,0,4,20,648043.0,411.455873015873,,,,,6144,,6.524039966483706,,,0,0.0,1,bf14b28d2af4128daa99f23eec8a5e105636d0b04136f8be580fdc39d6f1f97d,legal_ring
02_latency_throughput,lat_fp16_m128n128k16_same_d_in1_q8,1,,NVIDIA Thor,11.0,580.00,13.0,PTX ISA 9.3 / CUDA 13.0,1575.000,,,,fp16,128,128,16,8,64,289,0,discard,same,1,1,8,1,nocount,sw128,sw128,16,16,16,0,512,0,0,none,1,none,0,4,20,435697.0,276.6330158730159,,,,,8192,,19.407333224695144,,,0,0.0,1,bf14b28d2af4128daa99f23eec8a5e105636d0b04136f8be580fdc39d6f1f97d,same_d; UTCHMMA=21;UTCHMMA_WS=16;UTCBAR=1;UTCATOMSWS=3;SYNCS_TRYWAIT=8;LDS=21;LDG=9;ptx_tcgen05_mma=21;ptx_tcgen05_mma_ws=16;ptx_tcgen05_commit=1;ptx_tcgen05_alloc=1;ptx_tcgen05_dealloc=1;ptx_tcgen05_ld=5;ptx_tcgen05_st=5;ptx_mbarrier_wait=5;ptx_cp_async_tma=2;ptx_ld_shared=26;ptx_ld_global=7
02_latency_throughput,lat_fp16_m128n128k16_same_d_in1_q8,1,,NVIDIA Thor,11.0,580.00,13.0,PTX ISA 9.3 / CUDA 13.0,1575.000,,,,fp16,128,128,16,8,64,289,1,discard,same,1,1,8,1,nocount,sw128,sw128,16,16,16,0,512,0,0,none,1,none,0,4,20,435742.0,276.6615873015873,,,,,8192,,19.40532898825452,,,0,0.0,1,bf14b28d2af4128daa99f23eec8a5e105636d0b04136f8be580fdc39d6f1f97d,same_d
02_latency_throughput,lat_fp16_m128n128k16_same_d_in1_q8,1,,NVIDIA Thor,11.0,580.00,13.0,PTX ISA 9.3 / CUDA 13.0,1575.000,,,,fp16,128,128,16,8,64,289,2,discard,same,1,1,8,1,nocount,sw128,sw128,16,16,16,0,512,0,0,none,1,none,0,4,20,435696.0,276.6323809523809,,,,,8192,,19.407377767985018,,,0,0.0,1,bf14b28d2af4128daa99f23eec8a5e105636d0b04136f8be580fdc39d6f1f97d,same_d
02_latency_throughput,lat_fp16_m128n128k16_same_d_in1_q8,1,,NVIDIA Thor,11.0,580.00,13.0,PTX ISA 9.3 / CUDA 13.0,1575.000,,,,fp16,128,128,16,8,64,289,3,discard,same,1,1,8,1,nocount,sw128,sw128,16,16,16,0,512,0,0,none,1,none,0,4,20,435696.0,276.6323809523809,,,,,8192,,19.407377767985018,,,0,0.0,1,bf14b28d2af4128daa99f23eec8a5e105636d0b04136f8be580fdc39d6f1f97d,same_d
02_latency_throughput,lat_fp16_m128n128k16_same_d_in1_q8,1,,NVIDIA Thor,11.0,580.00,13.0,PTX ISA 9.3 / CUDA 13.0,1575.000,,,,fp16,128,128,16,8,64,289,4,discard,same,1,1,8,1,nocount,sw128,sw128,16,16,16,0,512,0,0,none,1,none,0,4,20,435701.0,276.6355555555556,,,,,8192,,19.407155053580322,,,0,0.0,1,bf14b28d2af4128daa99f23eec8a5e105636d0b04136f8be580fdc39d6f1f97d,same_d
02_latency_throughput,lat_fp16_m128n128k16_same_d_in0_q1,1,,NVIDIA Thor,11.0,580.00,13.0,PTX ISA 9.3 / CUDA 13.0,1575.000,,,,fp16,128,128,16,1,512,290,0,discard,same,1,1,1,1,nocount,sw128,sw128,16,16,16,0,512,0,0,none,0,none,0,4,20,779166.0,494.7085714285714,,,,,8192,,10.852266223115487,,,0,0.0,1,bf14b28d2af4128daa99f23eec8a5e105636d0b04136f8be580fdc39d6f1f97d,same_d; UTCHMMA=21;UTCHMMA_WS=16;UTCBAR=1;UTCATOMSWS=3;SYNCS_TRYWAIT=8;LDS=21;LDG=9;ptx_tcgen05_mma=21;ptx_tcgen05_mma_ws=16;ptx_tcgen05_commit=1;ptx_tcgen05_alloc=1;ptx_tcgen05_dealloc=1;ptx_tcgen05_ld=5;ptx_tcgen05_st=5;ptx_mbarrier_wait=5;ptx_cp_async_tma=2;ptx_ld_shared=26;ptx_ld_global=7
02_latency_throughput,lat_fp16_m128n128k16_same_d_in0_q1,1,,NVIDIA Thor,11.0,580.00,13.0,PTX ISA 9.3 / CUDA 13.0,1575.000,,,,fp16,128,128,16,1,512,290,1,discard,same,1,1,1,1,nocount,sw128,sw128,16,16,16,0,512,0,0,none,0,none,0,4,20,779123.0,494.68126984126985,,,,,8192,,10.852865162496807,,,0,0.0,1,bf14b28d2af4128daa99f23eec8a5e105636d0b04136f8be580fdc39d6f1f97d,same_d
02_latency_throughput,lat_fp16_m128n128k16_same_d_in0_q1,1,,NVIDIA Thor,11.0,580.00,13.0,PTX ISA 9.3 / CUDA 13.0,1575.000,,,,fp16,128,128,16,1,512,290,2,discard,same,1,1,1,1,nocount,sw128,sw128,16,16,16,0,512,0,0,none,0,none,0,4,20,779123.0,494.68126984126985,,,,,8192,,10.852865162496807,,,0,0.0,1,bf14b28d2af4128daa99f23eec8a5e105636d0b04136f8be580fdc39d6f1f97d,same_d
02_latency_throughput,lat_fp16_m128n128k16_same_d_in0_q1,1,,NVIDIA Thor,11.0,580.00,13.0,PTX ISA 9.3 / CUDA 13.0,1575.000,,,,fp16,128,128,16,1,512,290,3,discard,same,1,1,1,1,nocount,sw128,sw128,16,16,16,0,512,0,0,none,0,none,0,4,20,779123.0,494.68126984126985,,,,,8192,,10.852865162496807,,,0,0.0,1,bf14b28d2af4128daa99f23eec8a5e105636d0b04136f8be580fdc39d6f1f97d,same_d
02_latency_throughput,lat_fp16_m128n128k16_same_d_in0_q1,1,,NVIDIA Thor,11.0,580.00,13.0,PTX ISA 9.3 / CUDA 13.0,1575.000,,,,fp16,128,128,16,1,512,290,4,discard,same,1,1,1,1,nocount,sw128,sw128,16,16,16,0,512,0,0,none,0,none,0,4,20,779122.0,494.6806349206349,,,,,8192,,10.852879092106244,,,0,0.0,1,bf14b28d2af4128daa99f23eec8a5e105636d0b04136f8be580fdc39d6f1f97d,same_d
02_latency_throughput,lat_fp16_m128n256k16_same_d_in0_q64,1,,NVIDIA Thor,11.0,580.00,13.0,PTX ISA 9.3 / CUDA 13.0,1575.000,,,,fp16,128,256,16,64,8,291,0,discard,same,1,1,64,1,nocount,sw128,sw128,16,16,16,0,512,0,0,none,0,none,0,4,20,391699.0,248.69777777777776,,,,,12288,,43.174564469145956,,,0,0.0,1,bf14b28d2af4128daa99f23eec8a5e105636d0b04136f8be580fdc39d6f1f97d,same_d; UTCHMMA=21;UTCHMMA_WS=16;UTCBAR=1;UTCATOMSWS=3;SYNCS_TRYWAIT=8;LDS=21;LDG=9;ptx_tcgen05_mma=21;ptx_tcgen05_mma_ws=16;ptx_tcgen05_commit=1;ptx_tcgen05_alloc=1;ptx_tcgen05_dealloc=1;ptx_tcgen05_ld=5;ptx_tcgen05_st=5;ptx_mbarrier_wait=5;ptx_cp_async_tma=2;ptx_ld_shared=26;ptx_ld_global=7
02_latency_throughput,lat_fp16_m128n256k16_same_d_in0_q64,1,,NVIDIA Thor,11.0,580.00,13.0,PTX ISA 9.3 / CUDA 13.0,1575.000,,,,fp16,128,256,16,64,8,291,1,discard,same,1,1,64,1,nocount,sw128,sw128,16,16,16,0,512,0,0,none,0,none,0,4,20,391697.0,248.6965079365079,,,,,12288,,43.17478491793401,,,0,0.0,1,bf14b28d2af4128daa99f23eec8a5e105636d0b04136f8be580fdc39d6f1f97d,same_d
02_latency_throughput,lat_fp16_m128n256k16_same_d_in0_q64,1,,NVIDIA Thor,11.0,580.00,13.0,PTX ISA 9.3 / CUDA 13.0,1575.000,,,,fp16,128,256,16,64,8,291,2,discard,same,1,1,64,1,nocount,sw128,sw128,16,16,16,0,512,0,0,none,0,none,0,4,20,391703.0,248.70031746031745,,,,,12288,,43.174123578323375,,,0,0.0,1,bf14b28d2af4128daa99f23eec8a5e105636d0b04136f8be580fdc39d6f1f97d,same_d
02_latency_throughput,lat_fp16_m128n256k16_same_d_in0_q64,1,,NVIDIA Thor,11.0,580.00,13.0,PTX ISA 9.3 / CUDA 13.0,1575.000,,,,fp16,128,256,16,64,8,291,3,discard,same,1,1,64,1,nocount,sw128,sw128,16,16,16,0,512,0,0,none,0,none,0,4,20,391698.0,248.69714285714286,,,,,12288,,43.17467469325858,,,0,0.0,1,bf14b28d2af4128daa99f23eec8a5e105636d0b04136f8be580fdc39d6f1f97d,same_d
02_latency_throughput,lat_fp16_m128n256k16_same_d_in0_q64,1,,NVIDIA Thor,11.0,580.00,13.0,PTX ISA 9.3 / CUDA 13.0,1575.000,,,,fp16,128,256,16,64,8,291,4,discard,same,1,1,64,1,nocount,sw128,sw128,16,16,16,0,512,0,0,none,0,none,0,4,20,391696.0,248.69587301587302,,,,,12288,,43.17489514317225,,,0,0.0,1,bf14b28d2af4128daa99f23eec8a5e105636d0b04136f8be580fdc39d6f1f97d,same_d
02_latency_throughput,lat_bf16_m128n256k16_same_d_in0_q3,1,,NVIDIA Thor,11.0,580.00,13.0,PTX ISA 9.3 / CUDA 13.0,1575.000,,,,bf16,128,256,16,3,170,292,0,discard,same,1,1,3,1,nocount,sw128,sw128,16,16,16,0,512,0,0,none,0,none,0,4,20,517165.0,328.3587301587301,,,,,12288,,32.57253186120484,,,0,0.0,1,bf14b28d2af4128daa99f23eec8a5e105636d0b04136f8be580fdc39d6f1f97d,same_d; UTCHMMA=21;UTCHMMA_WS=16;UTCBAR=1;UTCATOMSWS=3;SYNCS_TRYWAIT=8;LDS=21;LDG=9;ptx_tcgen05_mma=21;ptx_tcgen05_mma_ws=16;ptx_tcgen05_commit=1;ptx_tcgen05_alloc=1;ptx_tcgen05_dealloc=1;ptx_tcgen05_ld=5;ptx_tcgen05_st=5;ptx_mbarrier_wait=5;ptx_cp_async_tma=2;ptx_ld_shared=26;ptx_ld_global=7
02_latency_throughput,lat_bf16_m128n256k16_same_d_in0_q3,1,,NVIDIA Thor,11.0,580.00,13.0,PTX ISA 9.3 / CUDA 13.0,1575.000,,,,bf16,128,256,16,3,170,292,1,discard,same,1,1,3,1,nocount,sw128,sw128,16,16,16,0,512,0,0,none,0,none,0,4,20,517169.0,328.3612698412698,,,,,12288,,32.57227993170511,,,0,0.0,1,bf14b28d2af4128daa99f23eec8a5e105636d0b04136f8be580fdc39d6f1f97d,same_d
02_latency_throughput,lat_bf16_m128n256k16_same_d_in0_q3,1,,NVIDIA Thor,11.0,580.00,13.0,PTX ISA 9.3 / CUDA 13.0,1575.000,,,,bf16,128,256,16,3,170,292,2,discard,same,1,1,3,1,nocount,sw128,sw128,16,16,16,0,512,0,0,none,0,none,0,4,20,517169.0,328.3612698412698,,,,,12288,,32.57227993170511,,,0,0.0,1,bf14b28d2af4128daa99f23eec8a5e105636d0b04136f8be580fdc39d6f1f97d,same_d
02_latency_throughput,lat_bf16_m128n256k16_same_d_in0_q3,1,,NVIDIA Thor,11.0,580.00,13.0,PTX ISA 9.3 / CUDA 13.0,1575.000,,,,bf16,128,256,16,3,170,292,3,discard,same,1,1,3,1,nocount,sw128,sw128,16,16,16,0,512,0,0,none,0,none,0,4,20,517170.0,328.3619047619048,,,,,12288,,32.57221694993909,,,0,0.0,1,bf14b28d2af4128daa99f23eec8a5e105636d0b04136f8be580fdc39d6f1f97d,same_d
02_latency_throughput,lat_bf16_m128n256k16_same_d_in0_q3,1,,NVIDIA Thor,11.0,580.00,13.0,PTX ISA 9.3 / CUDA 13.0,1575.000,,,,bf16,128,256,16,3,170,292,4,discard,same,1,1,3,1,nocount,sw128,sw128,16,16,16,0,512,0,0,none,0,none,0,4,20,517167.0,328.35999999999996,,,,,12288,,32.57240589596785,,,0,0.0,1,bf14b28d2af4128daa99f23eec8a5e105636d0b04136f8be580fdc39d6f1f97d,same_d
02_latency_throughput,lat_fp16_m128n64k16_legal_ring_in1_q16,1,,NVIDIA Thor,11.0,580.00,13.0,PTX ISA 9.3 / CUDA 13.0,1575.000,,,,fp16,128,64,16,16,32,293,0,discard,same,8,8,16,1,nocount,sw128,sw128,16,16,16,0,512,0,64,none,1,none,0,4,20,472639.0,300.088253968254,,,,,6144,,8.945217030333934,,,0,0.0,1,bf14b28d2af4128daa99f23eec8a5e105636d0b04136f8be580fdc39d6f1f97d,legal_ring; UTCHMMA=21;UTCHMMA_WS=16;UTCBAR=1;UTCATOMSWS=3;SYNCS_TRYWAIT=8;LDS=21;LDG=9;ptx_tcgen05_mma=21;ptx_tcgen05_mma_ws=16;ptx_tcgen05_commit=1;ptx_tcgen05_alloc=1;ptx_tcgen05_dealloc=1;ptx_tcgen05_ld=5;ptx_tcgen05_st=5;ptx_mbarrier_wait=5;ptx_cp_async_tma=2;ptx_ld_shared=26;ptx_ld_global=7
02_latency_throughput,lat_fp16_m128n64k16_legal_ring_in1_q16,1,,NVIDIA Thor,11.0,580.00,13.0,PTX ISA 9.3 / CUDA 13.0,1575.000,,,,fp16,128,64,16,16,32,293,1,discard,same,8,8,16,1,nocount,sw128,sw128,16,16,16,0,512,0,64,none,1,none,0,4,20,472631.0,300.0831746031746,,,,,6144,,8.945368441765352,,,0,0.0,1,bf14b28d2af4128daa99f23eec8a5e105636d0b04136f8be580fdc39d6f1f97d,legal_ring
02_latency_throughput,lat_fp16_m128n64k16_legal_ring_in1_q16,1,,NVIDIA Thor,11.0,580.00,13.0,PTX ISA 9.3 / CUDA 13.0,1575.000,,,,fp16,128,64,16,16,32,293,2,discard,same,8,8,16,1,nocount,sw128,sw128,16,16,16,0,512,0,64,none,1,none,0,4,20,472636.0,300.0863492063492,,,,,6144,,8.94527380902005,,,0,0.0,1,bf14b28d2af4128daa99f23eec8a5e105636d0b04136f8be580fdc39d6f1f97d,legal_ring
02_latency_throughput,lat_fp16_m128n64k16_legal_ring_in1_q16,1,,NVIDIA Thor,11.0,580.00,13.0,PTX ISA 9.3 / CUDA 13.0,1575.000,,,,fp16,128,64,16,16,32,293,3,discard,same,8,8,16,1,nocount,sw128,sw128,16,16,16,0,512,0,64,none,1,none,0,4,20,472631.0,300.0831746031746,,,,,6144,,8.945368441765352,,,0,0.0,1,bf14b28d2af4128daa99f23eec8a5e105636d0b04136f8be580fdc39d6f1f97d,legal_ring
02_latency_throughput,lat_fp16_m128n64k16_legal_ring_in1_q16,1,,NVIDIA Thor,11.0,580.00,13.0,PTX ISA 9.3 / CUDA 13.0,1575.000,,,,fp16,128,64,16,16,32,293,4,discard,same,8,8,16,1,nocount,sw128,sw128,16,16,16,0,512,0,64,none,1,none,0,4,20,472631.0,300.0831746031746,,,,,6144,,8.945368441765352,,,0,0.0,1,bf14b28d2af4128daa99f23eec8a5e105636d0b04136f8be580fdc39d6f1f97d,legal_ring
02_latency_throughput,lat_bf16_m128n64k16_legal_ring_in0_q12,1,,NVIDIA Thor,11.0,580.00,13.0,PTX ISA 9.3 / CUDA 13.0,1575.000,,,,bf16,128,64,16,12,42,294,0,discard,same,8,8,12,1,nocount,sw128,sw128,16,16,16,0,512,0,64,none,0,none,0,4,20,473404.0,300.57396825396825,,,,,6144,,8.79121879832025,,,0,0.0,1,bf14b28d2af4128daa99f23eec8a5e105636d0b04136f8be580fdc39d6f1f97d,legal_ring; UTCHMMA=21;UTCHMMA_WS=16;UTCBAR=1;UTCATOMSWS=3;SYNCS_TRYWAIT=8;LDS=21;LDG=9;ptx_tcgen05_mma=21;ptx_tcgen05_mma_ws=16;ptx_tcgen05_commit=1;ptx_tcgen05_alloc=1;ptx_tcgen05_dealloc=1;ptx_tcgen05_ld=5;ptx_tcgen05_st=5;ptx_mbarrier_wait=5;ptx_cp_async_tma=2;ptx_ld_shared=26;ptx_ld_global=7
02_latency_throughput,lat_bf16_m128n64k16_legal_ring_in0_q12,1,,NVIDIA Thor,11.0,580.00,13.0,PTX ISA 9.3 / CUDA 13.0,1575.000,,,,bf16,128,64,16,12,42,294,1,discard,same,8,8,12,1,nocount,sw128,sw128,16,16,16,0,512,0,64,none,0,none,0,4,20,473369.0,300.551746031746,,,,,6144,,8.791868804252074,,,0,0.0,1,bf14b28d2af4128daa99f23eec8a5e105636d0b04136f8be580fdc39d6f1f97d,legal_ring
02_latency_throughput,lat_bf16_m128n64k16_legal_ring_in0_q12,1,,NVIDIA Thor,11.0,580.00,13.0,PTX ISA 9.3 / CUDA 13.0,1575.000,,,,bf16,128,64,16,12,42,294,2,discard,same,8,8,12,1,nocount,sw128,sw128,16,16,16,0,512,0,64,none,0,none,0,4,20,473373.0,300.5542857142857,,,,,6144,,8.791794512995038,,,0,0.0,1,bf14b28d2af4128daa99f23eec8a5e105636d0b04136f8be580fdc39d6f1f97d,legal_ring
02_latency_throughput,lat_bf16_m128n64k16_legal_ring_in0_q12,1,,NVIDIA Thor,11.0,580.00,13.0,PTX ISA 9.3 / CUDA 13.0,1575.000,,,,bf16,128,64,16,12,42,294,3,discard,same,8,8,12,1,nocount,sw128,sw128,16,16,16,0,512,0,64,none,0,none,0,4,20,473379.0,300.55809523809523,,,,,6144,,8.791683078463558,,,0,0.0,1,bf14b28d2af4128daa99f23eec8a5e105636d0b04136f8be580fdc39d6f1f97d,legal_ring
02_latency_throughput,lat_bf16_m128n64k16_legal_ring_in0_q12,1,,NVIDIA Thor,11.0,580.00,13.0,PTX ISA 9.3 / CUDA 13.0,1575.000,,,,bf16,128,64,16,12,42,294,4,discard,same,8,8,12,1,nocount,sw128,sw128,16,16,16,0,512,0,64,none,0,none,0,4,20,473408.0,300.57650793650794,,,,,6144,,8.791144518047856,,,0,0.0,1,bf14b28d2af4128daa99f23eec8a5e105636d0b04136f8be580fdc39d6f1f97d,legal_ring
02_latency_throughput,lat_bf16_m128n128k16_same_d_in0_q48,1,,NVIDIA Thor,11.0,580.00,13.0,PTX ISA 9.3 / CUDA 13.0,1575.000,,,,bf16,128,128,16,48,10,295,0,discard,same,1,1,48,1,nocount,sw128,sw128,16,16,16,0,512,0,0,none,0,none,0,4,20,369113.0,234.35746031746032,,,,,8192,,21.476443690685507,,,0,0.0,1,bf14b28d2af4128daa99f23eec8a5e105636d0b04136f8be580fdc39d6f1f97d,same_d; UTCHMMA=21;UTCHMMA_WS=16;UTCBAR=1;UTCATOMSWS=3;SYNCS_TRYWAIT=8;LDS=21;LDG=9;ptx_tcgen05_mma=21;ptx_tcgen05_mma_ws=16;ptx_tcgen05_commit=1;ptx_tcgen05_alloc=1;ptx_tcgen05_dealloc=1;ptx_tcgen05_ld=5;ptx_tcgen05_st=5;ptx_mbarrier_wait=5;ptx_cp_async_tma=2;ptx_ld_shared=26;ptx_ld_global=7
02_latency_throughput,lat_bf16_m128n128k16_same_d_in0_q48,1,,NVIDIA Thor,11.0,580.00,13.0,PTX ISA 9.3 / CUDA 13.0,1575.000,,,,bf16,128,128,16,48,10,295,1,discard,same,1,1,48,1,nocount,sw128,sw128,16,16,16,0,512,0,0,none,0,none,0,4,20,369132.0,234.3695238095238,,,,,8192,,21.47533825298267,,,0,0.0,1,bf14b28d2af4128daa99f23eec8a5e105636d0b04136f8be580fdc39d6f1f97d,same_d
02_latency_throughput,lat_bf16_m128n128k16_same_d_in0_q48,1,,NVIDIA Thor,11.0,580.00,13.0,PTX ISA 9.3 / CUDA 13.0,1575.000,,,,bf16,128,128,16,48,10,295,2,discard,same,1,1,48,1,nocount,sw128,sw128,16,16,16,0,512,0,0,none,0,none,0,4,20,369114.0,234.35809523809525,,,,,8192,,21.47638550691656,,,0,0.0,1,bf14b28d2af4128daa99f23eec8a5e105636d0b04136f8be580fdc39d6f1f97d,same_d
02_latency_throughput,lat_bf16_m128n128k16_same_d_in0_q48,1,,NVIDIA Thor,11.0,580.00,13.0,PTX ISA 9.3 / CUDA 13.0,1575.000,,,,bf16,128,128,16,48,10,295,3,discard,same,1,1,48,1,nocount,sw128,sw128,16,16,16,0,512,0,0,none,0,none,0,4,20,369114.0,234.35809523809525,,,,,8192,,21.47638550691656,,,0,0.0,1,bf14b28d2af4128daa99f23eec8a5e105636d0b04136f8be580fdc39d6f1f97d,same_d
02_latency_throughput,lat_bf16_m128n128k16_same_d_in0_q48,1,,NVIDIA Thor,11.0,580.00,13.0,PTX ISA 9.3 / CUDA 13.0,1575.000,,,,bf16,128,128,16,48,10,295,4,discard,same,1,1,48,1,nocount,sw128,sw128,16,16,16,0,512,0,0,none,0,none,0,4,20,369128.0,234.36698412698414,,,,,8192,,21.47557096725255,,,0,0.0,1,bf14b28d2af4128daa99f23eec8a5e105636d0b04136f8be580fdc39d6f1f97d,same_d
02_latency_throughput,lat_bf16_m128n64k16_same_d_in0_q16,1,,NVIDIA Thor,11.0,580.00,13.0,PTX ISA 9.3 / CUDA 13.0,1575.000,,,,bf16,128,64,16,16,32,296,0,discard,same,1,1,16,1,nocount,sw128,sw128,16,16,16,0,512,0,0,none,0,none,0,4,20,410660.0,260.7365079365079,,,,,6144,,10.295276949301124,,,0,0.0,1,bf14b28d2af4128daa99f23eec8a5e105636d0b04136f8be580fdc39d6f1f97d,same_d; UTCHMMA=21;UTCHMMA_WS=16;UTCBAR=1;UTCATOMSWS=3;SYNCS_TRYWAIT=8;LDS=21;LDG=9;ptx_tcgen05_mma=21;ptx_tcgen05_mma_ws=16;ptx_tcgen05_commit=1;ptx_tcgen05_alloc=1;ptx_tcgen05_dealloc=1;ptx_tcgen05_ld=5;ptx_tcgen05_st=5;ptx_mbarrier_wait=5;ptx_cp_async_tma=2;ptx_ld_shared=26;ptx_ld_global=7
02_latency_throughput,lat_bf16_m128n64k16_same_d_in0_q16,1,,NVIDIA Thor,11.0,580.00,13.0,PTX ISA 9.3 / CUDA 13.0,1575.000,,,,bf16,128,64,16,16,32,296,1,discard,same,1,1,16,1,nocount,sw128,sw128,16,16,16,0,512,0,0,none,0,none,0,4,20,410666.0,260.74031746031744,,,,,6144,,10.295126531049565,,,0,0.0,1,bf14b28d2af4128daa99f23eec8a5e105636d0b04136f8be580fdc39d6f1f97d,same_d
02_latency_throughput,lat_bf16_m128n64k16_same_d_in0_q16,1,,NVIDIA Thor,11.0,580.00,13.0,PTX ISA 9.3 / CUDA 13.0,1575.000,,,,bf16,128,64,16,16,32,296,2,discard,same,1,1,16,1,nocount,sw128,sw128,16,16,16,0,512,0,0,none,0,none,0,4,20,410665.0,260.7396825396826,,,,,6144,,10.295151600452924,,,0,0.0,1,bf14b28d2af4128daa99f23eec8a5e105636d0b04136f8be580fdc39d6f1f97d,same_d
02_latency_throughput,lat_bf16_m128n64k16_same_d_in0_q16,1,,NVIDIA Thor,11.0,580.00,13.0,PTX ISA 9.3 / CUDA 13.0,1575.000,,,,bf16,128,64,16,16,32,296,3,discard,same,1,1,16,1,nocount,sw128,sw128,16,16,16,0,512,0,0,none,0,none,0,4,20,410744.0,260.78984126984125,,,,,6144,,10.293171493679761,,,0,0.0,1,bf14b28d2af4128daa99f23eec8a5e105636d0b04136f8be580fdc39d6f1f97d,same_d
02_latency_throughput,lat_bf16_m128n64k16_same_d_in0_q16,1,,NVIDIA Thor,11.0,580.00,13.0,PTX ISA 9.3 / CUDA 13.0,1575.000,,,,bf16,128,64,16,16,32,296,4,discard,same,1,1,16,1,nocount,sw128,sw128,16,16,16,0,512,0,0,none,0,none,0,4,20,410660.0,260.7365079365079,,,,,6144,,10.295276949301124,,,0,0.0,1,bf14b28d2af4128daa99f23eec8a5e105636d0b04136f8be580fdc39d6f1f97d,same_d
02_latency_throughput,lat_bf16_m128n64k16_legal_ring_in0_q1,1,,NVIDIA Thor,11.0,580.00,13.0,PTX ISA 9.3 / CUDA 13.0,1575.000,,,,bf16,128,64,16,1,512,297,0,discard,same,8,8,1,1,nocount,sw128,sw128,16,16,16,0,512,0,64,none,0,none,0,4,20,841082.0,534.0203174603174,,,,,6144,,5.026689944618955,,,0,0.0,1,bf14b28d2af4128daa99f23eec8a5e105636d0b04136f8be580fdc39d6f1f97d,legal_ring; UTCHMMA=21;UTCHMMA_WS=16;UTCBAR=1;UTCATOMSWS=3;SYNCS_TRYWAIT=8;LDS=21;LDG=9;ptx_tcgen05_mma=21;ptx_tcgen05_mma_ws=16;ptx_tcgen05_commit=1;ptx_tcgen05_alloc=1;ptx_tcgen05_dealloc=1;ptx_tcgen05_ld=5;ptx_tcgen05_st=5;ptx_mbarrier_wait=5;ptx_cp_async_tma=2;ptx_ld_shared=26;ptx_ld_global=7
02_latency_throughput,lat_bf16_m128n64k16_legal_ring_in0_q1,1,,NVIDIA Thor,11.0,580.00,13.0,PTX ISA 9.3 / CUDA 13.0,1575.000,,,,bf16,128,64,16,1,512,297,1,discard,same,8,8,1,1,nocount,sw128,sw128,16,16,16,0,512,0,64,none,0,none,0,4,20,841076.0,534.016507936508,,,,,6144,,5.026725803613467,,,0,0.0,1,bf14b28d2af4128daa99f23eec8a5e105636d0b04136f8be580fdc39d6f1f97d,legal_ring
02_latency_throughput,lat_bf16_m128n64k16_legal_ring_in0_q1,1,,NVIDIA Thor,11.0,580.00,13.0,PTX ISA 9.3 / CUDA 13.0,1575.000,,,,bf16,128,64,16,1,512,297,2,discard,same,8,8,1,1,nocount,sw128,sw128,16,16,16,0,512,0,64,none,0,none,0,4,20,841329.0,534.1771428571428,,,,,6144,,5.025214193258523,,,0,0.0,1,bf14b28d2af4128daa99f23eec8a5e105636d0b04136f8be580fdc39d6f1f97d,legal_ring
02_latency_throughput,lat_bf16_m128n64k16_legal_ring_in0_q1,1,,NVIDIA Thor,11.0,580.00,13.0,PTX ISA 9.3 / CUDA 13.0,1575.000,,,,bf16,128,64,16,1,512,297,3,discard,same,8,8,1,1,nocount,sw128,sw128,16,16,16,0,512,0,64,none,0,none,0,4,20,841325.0,534.1746031746031,,,,,6144,,5.025238085163284,,,0,0.0,1,bf14b28d2af4128daa99f23eec8a5e105636d0b04136f8be580fdc39d6f1f97d,legal_ring
02_latency_throughput,lat_bf16_m128n64k16_legal_ring_in0_q1,1,,NVIDIA Thor,11.0,580.00,13.0,PTX ISA 9.3 / CUDA 13.0,1575.000,,,,bf16,128,64,16,1,512,297,4,discard,same,8,8,1,1,nocount,sw128,sw128,16,16,16,0,512,0,64,none,0,none,0,4,20,841325.0,534.1746031746031,,,,,6144,,5.025238085163284,,,0,0.0,1,bf14b28d2af4128daa99f23eec8a5e105636d0b04136f8be580fdc39d6f1f97d,legal_ring
02_latency_throughput,lat_bf16_m128n64k16_same_d_in1_q24,1,,NVIDIA Thor,11.0,580.00,13.0,PTX ISA 9.3 / CUDA 13.0,1575.000,,,,bf16,128,64,16,24,21,298,0,discard,same,1,1,24,1,nocount,sw128,sw128,16,16,16,0,512,0,0,none,1,none,0,4,20,396030.0,251.44761904761907,,,,,6144,,10.508795151882431,,,0,0.0,1,bf14b28d2af4128daa99f23eec8a5e105636d0b04136f8be580fdc39d6f1f97d,same_d; UTCHMMA=21;UTCHMMA_WS=16;UTCBAR=1;UTCATOMSWS=3;SYNCS_TRYWAIT=8;LDS=21;LDG=9;ptx_tcgen05_mma=21;ptx_tcgen05_mma_ws=16;ptx_tcgen05_commit=1;ptx_tcgen05_alloc=1;ptx_tcgen05_dealloc=1;ptx_tcgen05_ld=5;ptx_tcgen05_st=5;ptx_mbarrier_wait=5;ptx_cp_async_tma=2;ptx_ld_shared=26;ptx_ld_global=7
02_latency_throughput,lat_bf16_m128n64k16_same_d_in1_q24,1,,NVIDIA Thor,11.0,580.00,13.0,PTX ISA 9.3 / CUDA 13.0,1575.000,,,,bf16,128,64,16,24,21,298,1,discard,same,1,1,24,1,nocount,sw128,sw128,16,16,16,0,512,0,0,none,1,none,0,4,20,396021.0,251.44190476190477,,,,,6144,,10.509033975470999,,,0,0.0,1,bf14b28d2af4128daa99f23eec8a5e105636d0b04136f8be580fdc39d6f1f97d,same_d
02_latency_throughput,lat_bf16_m128n64k16_same_d_in1_q24,1,,NVIDIA Thor,11.0,580.00,13.0,PTX ISA 9.3 / CUDA 13.0,1575.000,,,,bf16,128,64,16,24,21,298,2,discard,same,1,1,24,1,nocount,sw128,sw128,16,16,16,0,512,0,0,none,1,none,0,4,20,396025.0,251.44444444444443,,,,,6144,,10.508927830313743,,,0,0.0,1,bf14b28d2af4128daa99f23eec8a5e105636d0b04136f8be580fdc39d6f1f97d,same_d
02_latency_throughput,lat_bf16_m128n64k16_same_d_in1_q24,1,,NVIDIA Thor,11.0,580.00,13.0,PTX ISA 9.3 / CUDA 13.0,1575.000,,,,bf16,128,64,16,24,21,298,3,discard,same,1,1,24,1,nocount,sw128,sw128,16,16,16,0,512,0,0,none,1,none,0,4,20,396027.0,251.44571428571427,,,,,6144,,10.508874758539191,,,0,0.0,1,bf14b28d2af4128daa99f23eec8a5e105636d0b04136f8be580fdc39d6f1f97d,same_d
02_latency_throughput,lat_bf16_m128n64k16_same_d_in1_q24,1,,NVIDIA Thor,11.0,580.00,13.0,PTX ISA 9.3 / CUDA 13.0,1575.000,,,,bf16,128,64,16,24,21,298,4,discard,same,1,1,24,1,nocount,sw128,sw128,16,16,16,0,512,0,0,none,1,none,0,4,20,396016.0,251.43873015873018,,,,,6144,,10.509166659932932,,,0,0.0,1,bf14b28d2af4128daa99f23eec8a5e105636d0b04136f8be580fdc39d6f1f97d,same_d
02_latency_throughput,lat_bf16_m128n64k16_legal_ring_in1_q1,1,,NVIDIA Thor,11.0,580.00,13.0,PTX ISA 9.3 / CUDA 13.0,1575.000,,,,bf16,128,64,16,1,512,299,0,discard,same,8,8,1,1,nocount,sw128,sw128,16,16,16,0,512,0,64,none,1,none,0,4,20,841328.0,534.176507936508,,,,,6144,,5.025220166213414,,,0,0.0,1,bf14b28d2af4128daa99f23eec8a5e105636d0b04136f8be580fdc39d6f1f97d,legal_ring; UTCHMMA=21;UTCHMMA_WS=16;UTCBAR=1;UTCATOMSWS=3;SYNCS_TRYWAIT=8;LDS=21;LDG=9;ptx_tcgen05_mma=21;ptx_tcgen05_mma_ws=16;ptx_tcgen05_commit=1;ptx_tcgen05_alloc=1;ptx_tcgen05_dealloc=1;ptx_tcgen05_ld=5;ptx_tcgen05_st=5;ptx_mbarrier_wait=5;ptx_cp_async_tma=2;ptx_ld_shared=26;ptx_ld_global=7
02_latency_throughput,lat_bf16_m128n64k16_legal_ring_in1_q1,1,,NVIDIA Thor,11.0,580.00,13.0,PTX ISA 9.3 / CUDA 13.0,1575.000,,,,bf16,128,64,16,1,512,299,1,discard,same,8,8,1,1,nocount,sw128,sw128,16,16,16,0,512,0,64,none,1,none,0,4,20,841084.0,534.0215873015874,,,,,6144,,5.026677991734475,,,0,0.0,1,bf14b28d2af4128daa99f23eec8a5e105636d0b04136f8be580fdc39d6f1f97d,legal_ring
02_latency_throughput,lat_bf16_m128n64k16_legal_ring_in1_q1,1,,NVIDIA Thor,11.0,580.00,13.0,PTX ISA 9.3 / CUDA 13.0,1575.000,,,,bf16,128,64,16,1,512,299,2,discard,same,8,8,1,1,nocount,sw128,sw128,16,16,16,0,512,0,64,none,1,none,0,4,20,841328.0,534.176507936508,,,,,6144,,5.025220166213414,,,0,0.0,1,bf14b28d2af4128daa99f23eec8a5e105636d0b04136f8be580fdc39d6f1f97d,legal_ring
02_latency_throughput,lat_bf16_m128n64k16_legal_ring_in1_q1,1,,NVIDIA Thor,11.0,580.00,13.0,PTX ISA 9.3 / CUDA 13.0,1575.000,,,,bf16,128,64,16,1,512,299,3,discard,same,8,8,1,1,nocount,sw128,sw128,16,16,16,0,512,0,64,none,1,none,0,4,20,841079.0,534.0184126984127,,,,,6144,,5.026707874052259,,,0,0.0,1,bf14b28d2af4128daa99f23eec8a5e105636d0b04136f8be580fdc39d6f1f97d,legal_ring
02_latency_throughput,lat_bf16_m128n64k16_legal_ring_in1_q1,1,,NVIDIA Thor,11.0,580.00,13.0,PTX ISA 9.3 / CUDA 13.0,1575.000,,,,bf16,128,64,16,1,512,299,4,discard,same,8,8,1,1,nocount,sw128,sw128,16,16,16,0,512,0,64,none,1,none,0,4,20,841329.0,534.1771428571428,,,,,6144,,5.025214193258523,,,0,0.0,1,bf14b28d2af4128daa99f23eec8a5e105636d0b04136f8be580fdc39d6f1f97d,legal_ring
02_latency_throughput,lat_fp16_m128n128k16_same_d_in1_q2,1,,NVIDIA Thor,11.0,580.00,13.0,PTX ISA 9.3 / CUDA 13.0,1575.000,,,,fp16,128,128,16,2,256,300,0,discard,same,1,1,2,1,nocount,sw128,sw128,16,16,16,0,512,0,0,none,1,none,0,4,20,586108.0,372.1320634920635,,,,,8192,,14.426892081322897,,,0,0.0,1,bf14b28d2af4128daa99f23eec8a5e105636d0b04136f8be580fdc39d6f1f97d,same_d; UTCHMMA=21;UTCHMMA_WS=16;UTCBAR=1;UTCATOMSWS=3;SYNCS_TRYWAIT=8;LDS=21;LDG=9;ptx_tcgen05_mma=21;ptx_tcgen05_mma_ws=16;ptx_tcgen05_commit=1;ptx_tcgen05_alloc=1;ptx_tcgen05_dealloc=1;ptx_tcgen05_ld=5;ptx_tcgen05_st=5;ptx_mbarrier_wait=5;ptx_cp_async_tma=2;ptx_ld_shared=26;ptx_ld_global=7
02_latency_throughput,lat_fp16_m128n128k16_same_d_in1_q2,1,,NVIDIA Thor,11.0,580.00,13.0,PTX ISA 9.3 / CUDA 13.0,1575.000,,,,fp16,128,128,16,2,256,300,1,discard,same,1,1,2,1,nocount,sw128,sw128,16,16,16,0,512,0,0,none,1,none,0,4,20,586098.0,372.1257142857143,,,,,8192,,14.427138232855256,,,0,0.0,1,bf14b28d2af4128daa99f23eec8a5e105636d0b04136f8be580fdc39d6f1f97d,same_d
02_latency_throughput,lat_fp16_m128n128k16_same_d_in1_q2,1,,NVIDIA Thor,11.0,580.00,13.0,PTX ISA 9.3 / CUDA 13.0,1575.000,,,,fp16,128,128,16,2,256,300,2,discard,same,1,1,2,1,nocount,sw128,sw128,16,16,16,0,512,0,0,none,1,none,0,4,20,586096.0,372.12444444444446,,,,,8192,,14.427187464169691,,,0,0.0,1,bf14b28d2af4128daa99f23eec8a5e105636d0b04136f8be580fdc39d6f1f97d,same_d
02_latency_throughput,lat_fp16_m128n128k16_same_d_in1_q2,1,,NVIDIA Thor,11.0,580.00,13.0,PTX ISA 9.3 / CUDA 13.0,1575.000,,,,fp16,128,128,16,2,256,300,3,discard,same,1,1,2,1,nocount,sw128,sw128,16,16,16,0,512,0,0,none,1,none,0,4,20,586100.0,372.12698412698415,,,,,8192,,14.427089001876812,,,0,0.0,1,bf14b28d2af4128daa99f23eec8a5e105636d0b04136f8be580fdc39d6f1f97d,same_d
02_latency_throughput,lat_fp16_m128n128k16_same_d_in1_q2,1,,NVIDIA Thor,11.0,580.00,13.0,PTX ISA 9.3 / CUDA 13.0,1575.000,,,,fp16,128,128,16,2,256,300,4,discard,same,1,1,2,1,nocount,sw128,sw128,16,16,16,0,512,0,0,none,1,none,0,4,20,586102.0,372.128253968254,,,,,8192,,14.427039771234357,,,0,0.0,1,bf14b28d2af4128daa99f23eec8a5e105636d0b04136f8be580fdc39d6f1f97d,same_d
