phase,case_id,valid,invalid_reason,gpu,compute_capability,driver,cuda_version,sm_clock_mhz,mem_clock_mhz,temperature_c,power_w,telemetry_status,dtype,n,q,iterations,repeat,run_order,mode,d_mode,addr_mode,collector,input_d,wait_hint,active_blocks_request,launch_blocks,interference,interference_ops,clock64_cycles,clock64_cycles_p10,clock64_cycles_p50,clock64_cycles_p90,clock64_cycles_cv,cycles_per_mma,event_ms,event_ms_p10,event_ms_p50,event_ms_p90,event_ms_cv,clock64_full_grid_tflops,event_wall_tflops,poll_count,max_abs_error,guard_ok,sass_hash,sass_utchmma,sass_trywait,sass_syncthreads,sass_ld_shared,sass_ld_global,sass_utcld,sass_utcst,notes
calibration,v2_calibration_fp16_n128_q4_batch_same_in1_same_discard_h32_b1_none_ops0,1,,NVIDIA Thor,11.0,580.00,13.0,1575.000,,,,mem_clock_mhz:unavailable;temperature_c:unavailable;power_w:unavailable;sm_clock_mhz:sysfs_or_default,fp16,128,4,500,3,1,batch,same,same,discard,1,32,1,1,none,0,315248.0,315172.80000000005,315248.0,315266.4,0.00019664267991967614,157.624,0.296928,0.2967232,0.296928,0.297952,0.0027682803863770503,5.238755519464041,3.5314150231706,500,0.000000000,1,640e48c3d92ba8291d2d0868dddfc9fe90a597dad81638b26dfa971bd031c620,4,3,19,10,2,0,0,"static single-case binary; CUDA event includes setup/readback, clock64 covers timed window"
control,v2_control_fp16_n256_q1_forced_wait_same_in0_same_discard_h32_b1_none_ops0,1,,NVIDIA Thor,11.0,580.00,13.0,1575.000,,,,mem_clock_mhz:unavailable;temperature_c:unavailable;power_w:unavailable;sm_clock_mhz:sysfs_or_default,fp16,256,1,1000,3,2,forced_wait,same,same,discard,0,32,1,1,none,0,497318.0,497250.80000000005,497318.0,497368.4,0.00014829669215032278,497.318,0.413344,0.4127808,0.413344,0.4137024,0.0014052249530305883,3.320827317732316,2.5368119532399165,1000,0.000000000,1,b8769f0d08091079041a9961d5f53537c653cdc43d2c907973460f274bcffc58,1,3,19,10,2,0,0,"static single-case binary; CUDA event includes setup/readback, clock64 covers timed window"
calibration,v2_calibration_fp16_n128_q64_batch_same_in1_same_discard_h0_b0_none_ops0,1,,NVIDIA Thor,11.0,580.00,13.0,1575.000,,,,mem_clock_mhz:unavailable;temperature_c:unavailable;power_w:unavailable;sm_clock_mhz:sysfs_or_default,fp16,128,64,500,3,3,batch,same,same,discard,1,0,0,20,none,0,2206154.0,2205902.0,2206154.0,2206181.2,8.722910670254086e-05,68.9423125,1.53152,1.5301632,1.53152,1.6045312,0.03406459974469925,239.54914480131487,219.09235269536146,10530,0.000000000,1,ab39074e29bf887bfc29b8b6ab7b10bb618c43bac5cd166acc9e75c53e9abd23,64,3,19,10,2,0,0,"static single-case binary; CUDA event includes setup/readback, clock64 covers timed window"
calibration,v2_calibration_bf16_n256_q4_batch_same_in0_same_discard_h0_b0_none_ops0,1,,NVIDIA Thor,11.0,580.00,13.0,1575.000,,,,mem_clock_mhz:unavailable;temperature_c:unavailable;power_w:unavailable;sm_clock_mhz:sysfs_or_default,bf16,256,4,500,3,4,batch,same,same,discard,0,0,0,20,none,0,425320.0,425296.0,425320.0,425586.4,0.00047359450012804714,212.66,0.403424,0.40201600000000004,0.403424,0.4035008,0.0025937747677779815,155.31902567478602,103.96763702704847,19982,0.000000000,1,9baa93de745943143d83b8ce2cc0329378b2fc27bb440a912d38db9b3e789c2d,4,3,19,10,2,0,0,"static single-case binary; CUDA event includes setup/readback, clock64 covers timed window"
calibration,v2_calibration_bf16_n128_q4_batch_same_in1_same_discard_h10000000_b0_none_ops0,1,,NVIDIA Thor,11.0,580.00,13.0,1575.000,,,,mem_clock_mhz:unavailable;temperature_c:unavailable;power_w:unavailable;sm_clock_mhz:sysfs_or_default,bf16,128,4,500,3,5,batch,same,same,discard,1,10000000,0,20,none,0,319606.0,319605.2,319606.0,319608.4,6.513212071502886e-06,159.803,0.334784,0.3329664,0.334784,0.3351168,0.004329766137752802,103.34644531078892,62.641942267252915,10000,0.000000000,1,c24b4508ab4fb2809073cff1c539ada4d174b73b39108dc28fcff6a274d9cfcb,4,3,19,10,2,0,0,"static single-case binary; CUDA event includes setup/readback, clock64 covers timed window"
calibration,v2_calibration_bf16_n256_q32_batch_ring_in0_same_discard_h10000000_b1_none_ops0,1,,NVIDIA Thor,11.0,580.00,13.0,1575.000,,,,mem_clock_mhz:unavailable;temperature_c:unavailable;power_w:unavailable;sm_clock_mhz:sysfs_or_default,bf16,256,32,500,3,6,batch,ring,same,discard,0,10000000,1,1,none,0,2239145.0,2239145.0,2239145.0,2239145.8,2.578440356661198e-07,139.9465625,1.519168,1.5191424000000002,1.519168,1.5202176,0.0005046662118464894,11.800984393596663,11.043687070817711,500,0.000000000,1,b30cb7e25701f5d11fe750c92a727c245fc89a10b8cce29de66c0c88b6d96c1c,32,3,17,7,2,0,0,"static single-case binary; CUDA event includes setup/readback, clock64 covers timed window"
calibration,v2_calibration_bf16_n256_q1_batch_same_in1_same_discard_h32_b0_none_ops0,1,,NVIDIA Thor,11.0,580.00,13.0,1575.000,,,,mem_clock_mhz:unavailable;temperature_c:unavailable;power_w:unavailable;sm_clock_mhz:sysfs_or_default,bf16,256,1,500,3,7,batch,same,same,discard,1,32,0,20,none,0,249036.0,248941.60000000003,249036.0,249424.8,0.0012848822687429123,498.072,0.289632,0.2895296,0.289632,0.29055359999999997,0.002431151243973994,66.31600250566183,36.20373439398962,10000,0.000000000,1,c66b97bbb1680654f31cfa0d3e42df9d0feec6ee218051b8809a978cf9f675b4,1,3,19,10,2,0,0,"static single-case binary; CUDA event includes setup/readback, clock64 covers timed window"
calibration,v2_calibration_fp16_n256_q4_batch_same_in1_same_discard_h10000000_b0_none_ops0,1,,NVIDIA Thor,11.0,580.00,13.0,1575.000,,,,mem_clock_mhz:unavailable;temperature_c:unavailable;power_w:unavailable;sm_clock_mhz:sysfs_or_default,fp16,256,4,500,3,8,batch,same,same,discard,1,10000000,0,20,none,0,447266.0,447263.60000000003,447266.0,447266.0,3.872538221342777e-06,223.633,0.413536,0.4128448,0.413536,0.4140992,0.0018993767551542821,147.69798732745164,101.42536562717636,10012,0.000000000,1,bd29770273e804a0e612bf7360f9c24d40c8bad62ed98656923a491e5d4a6e2e,4,3,19,10,2,0,0,"static single-case binary; CUDA event includes setup/readback, clock64 covers timed window"
calibration,v2_calibration_fp16_n256_q2_batch_same_in0_same_discard_h10000000_b0_none_ops0,1,,NVIDIA Thor,11.0,580.00,13.0,1575.000,,,,mem_clock_mhz:unavailable;temperature_c:unavailable;power_w:unavailable;sm_clock_mhz:sysfs_or_default,fp16,256,2,500,3,9,batch,same,same,discard,0,10000000,0,20,none,0,319434.0,319384.4,319434.0,319437.2,0.00011585098648259037,319.434,0.334048,0.33261440000000003,0.334048,0.3441856,0.023349588455893057,103.40209245102275,62.779959766261136,10000,0.000000000,1,91554b60a283973dce439745564fe13b6dc675b3e2946338fc1a293b1fdb7e9b,2,3,19,10,2,0,0,"static single-case binary; CUDA event includes setup/readback, clock64 covers timed window"
calibration,v2_calibration_bf16_n256_q16_batch_same_in1_same_discard_h10000000_b1_none_ops0,1,,NVIDIA Thor,11.0,580.00,13.0,1575.000,,,,mem_clock_mhz:unavailable;temperature_c:unavailable;power_w:unavailable;sm_clock_mhz:sysfs_or_default,bf16,256,16,500,3,10,batch,same,same,discard,1,10000000,1,1,none,0,1215146.0,1215146.0,1215146.0,1215146.0,0.0,151.89325,0.868064,0.867552,0.868064,0.8695231999999999,0.0014721857713720081,10.872814953923232,9.663582408670328,500,0.000000000,1,24ef8628f65a2805e9617a253a32385fe0d5e1cf791abb68c45531c030c041d0,16,3,19,10,2,0,0,"static single-case binary; CUDA event includes setup/readback, clock64 covers timed window"
calibration,v2_calibration_fp16_n128_q1_batch_ring_in0_same_discard_h32_b1_none_ops0,1,,NVIDIA Thor,11.0,580.00,13.0,1575.000,,,,mem_clock_mhz:unavailable;temperature_c:unavailable;power_w:unavailable;sm_clock_mhz:sysfs_or_default,fp16,128,1,500,3,11,batch,ring,same,discard,0,32,1,1,none,0,215644.0,215643.2,215644.0,215644.0,2.6773346888136097e-06,431.288,0.234944,0.2347904,0.234944,0.235072,0.0007501798702319709,1.9146222477787462,1.115772269136475,500,0.000000000,1,ca30d9cb7651db5650e1a3a45c718979ab7970b1eb21c2db883dac900e0ab89f,1,3,17,7,2,0,0,"static single-case binary; CUDA event includes setup/readback, clock64 covers timed window"
calibration,v2_calibration_bf16_n128_q2_batch_same_in0_same_discard_h32_b0_none_ops0,1,,NVIDIA Thor,11.0,580.00,13.0,1575.000,,,,mem_clock_mhz:unavailable;temperature_c:unavailable;power_w:unavailable;sm_clock_mhz:sysfs_or_default,bf16,128,2,500,3,12,batch,same,same,discard,0,32,0,20,none,0,237652.0,237651.2,237652.0,237653.6,6.42756252474671e-06,237.652,0.28144,0.28136320000000004,0.28144,0.28144,0.00019695824511821789,69.4926699543871,37.257532689027855,10000,0.000000000,1,56337dde396bd0cd9b7fa182d495ecef09c3aad461b22c22baa4121586157ca9,2,3,19,10,2,0,0,"static single-case binary; CUDA event includes setup/readback, clock64 covers timed window"
calibration,v2_calibration_bf16_n128_q8_batch_same_in0_same_discard_h0_b0_none_ops0,1,,NVIDIA Thor,11.0,580.00,13.0,1575.000,,,,mem_clock_mhz:unavailable;temperature_c:unavailable;power_w:unavailable;sm_clock_mhz:sysfs_or_default,bf16,128,8,500,3,13,batch,same,same,discard,0,0,0,20,none,0,408315.0,408307.80000000005,408315.0,408355.80000000005,7.924340268442083e-05,102.07875,0.388384,0.386208,0.388384,0.38989440000000003,0.00596868049958642,161.7875610741707,107.99373815605173,10000,0.000000000,1,6baec20952414bc272bb0ed187835288c34114d6208d844f938550b61e7bc49a,8,3,19,10,2,0,0,"static single-case binary; CUDA event includes setup/readback, clock64 covers timed window"
control,v2_control_fp16_n128_q64_empty_same_in0_same_discard_h10000000_b1_none_ops0,1,,NVIDIA Thor,11.0,580.00,13.0,1575.000,,,,mem_clock_mhz:unavailable;temperature_c:unavailable;power_w:unavailable;sm_clock_mhz:sysfs_or_default,fp16,128,64,1000,3,14,empty,same,same,discard,0,10000000,1,1,none,0,264107.0,264107.0,264107.0,264107.0,0.0,,0.264672,0.26462080000000004,0.264672,0.2648512,0.0005712566233684518,,,0,0.000000000,1,8be76282936f7eb26d02e082859a948d3ab53ba6ec77c4b1ddb5f11c39e17bd1,0,2,16,9,2,0,0,"static single-case binary; CUDA event includes setup/readback, clock64 covers timed window"
control,v2_control_fp16_n128_q1_commit_wait_same_in0_same_discard_h0_b1_none_ops0,1,,NVIDIA Thor,11.0,580.00,13.0,1575.000,,,,mem_clock_mhz:unavailable;temperature_c:unavailable;power_w:unavailable;sm_clock_mhz:sysfs_or_default,fp16,128,1,1000,3,15,commit_wait,same,same,discard,0,0,1,1,none,0,258145.0,258144.2,258145.0,258145.0,2.236537661787676e-06,,0.261568,0.261184,0.261568,0.2617984,0.0014836460661994742,,,1000,0.000000000,1,adf8b9b42c63e2595c29de8b6cb137d359ff0182430722853c622e8e387bfc3f,0,3,19,9,2,0,0,"static single-case binary; CUDA event includes setup/readback, clock64 covers timed window"
control,v2_control_bf16_n256_q1_forced_wait_same_in0_same_discard_h32_b1_none_ops0,1,,NVIDIA Thor,11.0,580.00,13.0,1575.000,,,,mem_clock_mhz:unavailable;temperature_c:unavailable;power_w:unavailable;sm_clock_mhz:sysfs_or_default,bf16,256,1,1000,3,16,forced_wait,same,same,discard,0,32,1,1,none,0,497269.0,497249.0,497269.0,497346.60000000003,0.0001295891435087003,497.269,0.413056,0.41277440000000004,0.413056,0.4141824,0.002252749007021474,3.3211545461309675,2.538580725131702,1000,0.000000000,1,969b4479ff34558a6b9f55cc5a76f7b7e61b4203e549f7e253399ff786cc758f,1,3,19,10,2,0,0,"static single-case binary; CUDA event includes setup/readback, clock64 covers timed window"
calibration,v2_calibration_bf16_n128_q16_batch_ring_in0_same_discard_h32_b0_none_ops0,1,,NVIDIA Thor,11.0,580.00,13.0,1575.000,,,,mem_clock_mhz:unavailable;temperature_c:unavailable;power_w:unavailable;sm_clock_mhz:sysfs_or_default,bf16,128,16,500,3,17,batch,ring,same,discard,0,32,0,20,none,0,684615.0,684545.4,684615.0,684672.6,0.00011629663194731624,85.576875,0.564704,0.5647040000000001,0.564704,0.56688,0.0027764552982189415,192.98521942989856,148.5487618292061,19197,0.000000000,1,29e871a6a02d84fa8b4281d8d39b55f8325f54f09edfbb6a603c7e2edf8885df,16,3,17,7,2,0,0,"static single-case binary; CUDA event includes setup/readback, clock64 covers timed window"
calibration,v2_calibration_bf16_n256_q16_batch_same_in1_same_discard_h0_b0_none_ops0,1,,NVIDIA Thor,11.0,580.00,13.0,1575.000,,,,mem_clock_mhz:unavailable;temperature_c:unavailable;power_w:unavailable;sm_clock_mhz:sysfs_or_default,bf16,256,16,500,3,18,batch,same,same,discard,1,0,0,20,none,0,1238149.0,1237810.6,1238149.0,1238223.4000000001,0.00022214603366089598,154.768625,0.915808,0.9154496000000001,0.915808,0.920928,0.004174064062753001,213.41627865466918,183.19577902791852,29982,0.000000000,1,5adf26d5ff06d5920cf44a22426e24464501b10bc62c29c5e3bae7df89e1424e,16,3,19,10,2,0,0,"static single-case binary; CUDA event includes setup/readback, clock64 covers timed window"
calibration,v2_calibration_fp16_n256_q32_batch_same_in1_same_discard_h32_b0_none_ops0,1,,NVIDIA Thor,11.0,580.00,13.0,1575.000,,,,mem_clock_mhz:unavailable;temperature_c:unavailable;power_w:unavailable;sm_clock_mhz:sysfs_or_default,fp16,256,32,500,3,19,batch,same,same,discard,1,32,0,20,none,0,2246547.0,2246358.2,2246547.0,2246825.4,0.0001307694072111975,140.4091875,1.558336,1.5534208,1.558336,1.5587712000000002,0.002386331751471424,235.24204212064114,215.32218982299068,29972,0.000000000,1,b1e1daa4e4fb5d5a1e29ea5a80fa2759212b02bd63289e97d88cbed2cddfc80e,32,3,19,10,2,0,0,"static single-case binary; CUDA event includes setup/readback, clock64 covers timed window"
control,v2_control_fp16_n128_q1_forced_wait_same_in0_same_discard_h32_b0_none_ops0,1,,NVIDIA Thor,11.0,580.00,13.0,1575.000,,,,mem_clock_mhz:unavailable;temperature_c:unavailable;power_w:unavailable;sm_clock_mhz:sysfs_or_default,fp16,128,1,1000,3,20,forced_wait,same,same,discard,0,32,0,20,none,0,431199.0,431195.0,431199.0,431199.0,6.69473376292091e-06,431.199,0.404544,0.4038016,0.404544,0.40654080000000004,0.004371693470911442,38.300348562960494,25.919949375098874,20000,0.000000000,1,ec6b828f666182cb1e79c5b1efa205193156a5424e7cd0049531cb5a7433a0e2,1,3,19,10,2,0,0,"static single-case binary; CUDA event includes setup/readback, clock64 covers timed window"
calibration,v2_calibration_fp16_n256_q8_batch_same_in1_same_discard_h10000000_b1_none_ops0,1,,NVIDIA Thor,11.0,580.00,13.0,1575.000,,,,mem_clock_mhz:unavailable;temperature_c:unavailable;power_w:unavailable;sm_clock_mhz:sysfs_or_default,fp16,256,8,500,3,21,batch,same,same,discard,1,10000000,1,1,none,0,703145.0,703145.0,703145.0,703145.0,0.0,175.78625,0.54416,0.5439552000000001,0.54416,0.5445184,0.0006547614938354224,9.394973725191816,7.70785063216701,500,0.000000000,1,acda6f43274de55976eff6a16aa1ec4b0db569e55dc3706970a8d9e6754c34cf,8,3,19,10,2,0,0,"static single-case binary; CUDA event includes setup/readback, clock64 covers timed window"
calibration,v2_calibration_bf16_n128_q64_batch_same_in1_same_discard_h32_b0_none_ops0,1,,NVIDIA Thor,11.0,580.00,13.0,1575.000,,,,mem_clock_mhz:unavailable;temperature_c:unavailable;power_w:unavailable;sm_clock_mhz:sysfs_or_default,bf16,128,64,500,3,22,batch,same,same,discard,1,32,0,20,none,0,2224273.0,2224166.6,2224273.0,2224315.4,4.3081780515834307e-05,69.50853125,1.541888,1.5390976,1.541888,1.5420416000000001,0.0013444077301138604,237.59776969823398,217.61912668105597,15472,0.000000000,1,a076b45e68d7279aa2a542a62d44b8e5176501a94eabc7a414e69c4b4248656e,64,3,19,10,2,0,0,"static single-case binary; CUDA event includes setup/readback, clock64 covers timed window"
calibration,v2_calibration_fp16_n256_q1_batch_same_in1_same_discard_h32_b0_none_ops0,1,,NVIDIA Thor,11.0,580.00,13.0,1575.000,,,,mem_clock_mhz:unavailable;temperature_c:unavailable;power_w:unavailable;sm_clock_mhz:sysfs_or_default,fp16,256,1,500,3,23,batch,same,same,discard,1,32,0,20,none,0,249178.0,249174.80000000002,249178.0,249296.40000000002,0.00034757862867770963,498.356,0.289184,0.2876992,0.289184,0.2899776,0.005004145767867344,66.27821075696892,36.259820736970234,10000,0.000000000,1,9f9b97b45f76b6f2910edaca00e5fd85db0d025323ea19b1d0e0ea54b49b99cb,1,3,19,10,2,0,0,"static single-case binary; CUDA event includes setup/readback, clock64 covers timed window"
calibration,v2_calibration_bf16_n128_q8_batch_same_in0_same_discard_h10000000_b1_none_ops0,1,,NVIDIA Thor,11.0,580.00,13.0,1575.000,,,,mem_clock_mhz:unavailable;temperature_c:unavailable;power_w:unavailable;sm_clock_mhz:sysfs_or_default,bf16,128,8,500,3,24,batch,same,same,discard,0,10000000,1,1,none,0,447441.0,447441.00000000006,447441.0,447441.0,0.0,111.86025,0.381632,0.38055680000000003,0.381632,0.38219520000000007,0.0027280604951635287,7.382011036091909,5.49522052658058,500,0.000000000,1,93006b2319900ff46c998d9be4f3457f1813a9a46603fa34a613af81143dc035,8,3,19,10,2,0,0,"static single-case binary; CUDA event includes setup/readback, clock64 covers timed window"
calibration,v2_calibration_fp16_n256_q1_batch_same_in1_same_discard_h32_b1_none_ops0,1,,NVIDIA Thor,11.0,580.00,13.0,1575.000,,,,mem_clock_mhz:unavailable;temperature_c:unavailable;power_w:unavailable;sm_clock_mhz:sysfs_or_default,fp16,256,1,500,3,25,batch,same,same,discard,1,32,1,1,none,0,248717.0,248716.2,248717.0,248732.2,4.5309149815596644e-05,497.434,0.255712,0.2555584000000001,0.255712,0.2560192,0.0011466472400739637,3.320052911542034,2.050306594919284,500,0.000000000,1,9f9b97b45f76b6f2910edaca00e5fd85db0d025323ea19b1d0e0ea54b49b99cb,1,3,19,10,2,0,0,"static single-case binary; CUDA event includes setup/readback, clock64 covers timed window"
calibration,v2_calibration_bf16_n128_q16_batch_same_in1_same_discard_h10000000_b1_none_ops0,1,,NVIDIA Thor,11.0,580.00,13.0,1575.000,,,,mem_clock_mhz:unavailable;temperature_c:unavailable;power_w:unavailable;sm_clock_mhz:sysfs_or_default,bf16,128,16,500,3,26,batch,same,same,discard,1,10000000,1,1,none,0,703422.0,703422.0,703422.0,703422.8,8.207732990985867e-07,87.92775,0.54432,0.5437312000000001,0.54432,0.5444224000000001,0.0008569717509712239,9.391274085826147,7.705584950029394,500,0.000000000,1,039fcd25405737b4619accb14d76df5ead7e00641e9677a68c9a2914bbf6cd0b,16,3,19,10,2,0,0,"static single-case binary; CUDA event includes setup/readback, clock64 covers timed window"
calibration,v2_calibration_bf16_n256_q1_batch_ring_in0_same_discard_h10000000_b0_none_ops0,1,,NVIDIA Thor,11.0,580.00,13.0,1575.000,,,,mem_clock_mhz:unavailable;temperature_c:unavailable;power_w:unavailable;sm_clock_mhz:sysfs_or_default,bf16,256,1,500,3,27,batch,ring,same,discard,0,10000000,0,20,none,0,255585.0,255584.2,255585.0,255589.0,1.2577160178091102e-05,511.17,0.292704,0.28804480000000005,0.292704,0.30225280000000004,0.030717060707240406,64.61674980926111,35.82376735541707,10000,0.000000000,1,9557ff72fc4368f2d86ae84a07c8e785e648d3c8d6f75ad7288e32b84eb837b5,1,3,17,7,2,0,0,"static single-case binary; CUDA event includes setup/readback, clock64 covers timed window"
calibration,v2_calibration_bf16_n128_q1_batch_same_in0_same_discard_h0_b1_none_ops0,1,,NVIDIA Thor,11.0,580.00,13.0,1575.000,,,,mem_clock_mhz:unavailable;temperature_c:unavailable;power_w:unavailable;sm_clock_mhz:sysfs_or_default,bf16,128,1,500,3,28,batch,same,same,discard,0,0,1,1,none,0,225128.0,225128.00000000003,225128.0,225128.0,0.0,450.256,0.241152,0.2409216,0.241152,0.2411776,0.0007310934354804868,1.833964677872144,1.0870488322717622,500,0.000000000,1,4e7ef6d3f8a0cf7078d13a557c22a9ec522d51e4e7f118fbf70baab90368d630,1,3,19,10,2,0,0,"static single-case binary; CUDA event includes setup/readback, clock64 covers timed window"
calibration,v2_calibration_fp16_n256_q1_batch_ring_in0_same_discard_h10000000_b1_none_ops0,1,,NVIDIA Thor,11.0,580.00,13.0,1575.000,,,,mem_clock_mhz:unavailable;temperature_c:unavailable;power_w:unavailable;sm_clock_mhz:sysfs_or_default,fp16,256,1,500,3,29,batch,ring,same,discard,0,10000000,1,1,none,0,255578.0,255578.00000000003,255578.0,255578.0,0.0,511.156,0.25968,0.258784,0.25968,0.25980800000000004,0.002689018472264463,3.230925979544405,2.018977202711029,500,0.000000000,1,cf4e56b1f912148d9745b5d8effd068cfaf6fda17b6144deb1f645207af05822,1,3,17,7,2,0,0,"static single-case binary; CUDA event includes setup/readback, clock64 covers timed window"
calibration,v2_calibration_fp16_n128_q64_batch_ring_in0_same_discard_h10000000_b1_none_ops0,1,,NVIDIA Thor,11.0,580.00,13.0,1575.000,,,,mem_clock_mhz:unavailable;temperature_c:unavailable;power_w:unavailable;sm_clock_mhz:sysfs_or_default,fp16,128,64,500,3,30,batch,ring,same,discard,0,10000000,1,1,none,0,2245411.0,2245411.0,2245411.0,2245411.0,0.0,70.16909375,1.522912,1.5226816000000003,1.522912,1.5231424,0.00018911138660675467,11.768052797461133,11.016536740139943,500,0.000000000,1,a92d3abadce7a9d20c4bd866bbf3790ab33e0370683867554871e0704b0bc4ca,64,3,17,7,2,0,0,"static single-case binary; CUDA event includes setup/readback, clock64 covers timed window"
calibration,v2_calibration_fp16_n256_q8_batch_same_in1_same_discard_h0_b1_none_ops0,1,,NVIDIA Thor,11.0,580.00,13.0,1575.000,,,,mem_clock_mhz:unavailable;temperature_c:unavailable;power_w:unavailable;sm_clock_mhz:sysfs_or_default,fp16,256,8,500,3,31,batch,same,same,discard,1,0,1,1,none,0,725484.0,725271.2000000001,725484.0,725669.6,0.0003434910463170341,181.371,0.558432,0.5583808,0.558432,0.5585856,0.00023855446257038446,9.105685032337034,7.510858976562946,1498,0.000000000,1,8dca61d626d3570226d6885db183e49aa66cdf1a2c628ae03d75bed8fffd276d,8,3,19,10,2,0,0,"static single-case binary; CUDA event includes setup/readback, clock64 covers timed window"
calibration,v2_calibration_bf16_n128_q16_batch_same_in0_same_discard_h10000000_b0_none_ops0,1,,NVIDIA Thor,11.0,580.00,13.0,1575.000,,,,mem_clock_mhz:unavailable;temperature_c:unavailable;power_w:unavailable;sm_clock_mhz:sysfs_or_default,bf16,128,16,500,3,32,batch,same,same,discard,0,10000000,0,20,none,0,703430.0,703427.6,703430.0,703431.6,3.577630568737623e-06,87.92875,0.576672,0.5756992000000001,0.576672,0.577056,0.001516604477399196,187.82334560652802,145.46584540258587,10000,0.000000000,1,88ef92e2e57db63c070fd3be27a575f26a5748360b95c2e50ab015e232ab1d85,16,3,19,10,2,0,0,"static single-case binary; CUDA event includes setup/readback, clock64 covers timed window"
control,v2_control_fp16_n256_q1_commit_wait_same_in0_same_discard_h10000000_b1_none_ops0,1,,NVIDIA Thor,11.0,580.00,13.0,1575.000,,,,mem_clock_mhz:unavailable;temperature_c:unavailable;power_w:unavailable;sm_clock_mhz:sysfs_or_default,fp16,256,1,1000,3,33,commit_wait,same,same,discard,0,10000000,1,1,none,0,258144.0,258144.0,258144.0,258144.0,0.0,,0.261376,0.2612736,0.261376,0.26150399999999996,0.0005520403696579936,,,1000,0.000000000,1,29e31f26cd5918a5a9bbe2cb083db7f97f040a2ee2768fb54565f89b4507d338,0,3,19,9,2,0,0,"static single-case binary; CUDA event includes setup/readback, clock64 covers timed window"
calibration,v2_calibration_fp16_n128_q8_batch_same_in1_same_discard_h10000000_b1_none_ops0,1,,NVIDIA Thor,11.0,580.00,13.0,1575.000,,,,mem_clock_mhz:unavailable;temperature_c:unavailable;power_w:unavailable;sm_clock_mhz:sysfs_or_default,fp16,128,8,500,3,34,batch,same,same,discard,1,10000000,1,1,none,0,447441.0,447441.00000000006,447441.0,447441.0,0.0,111.86025,0.3816,0.3808576,0.3816,0.381728,0.0015404514349824172,7.382011036091909,5.495681341719077,500,0.000000000,1,1c300bd4a1d419dbc995c6216376e5817de36e6e250bfb300262655581444e3b,8,3,19,10,2,0,0,"static single-case binary; CUDA event includes setup/readback, clock64 covers timed window"
calibration,v2_calibration_fp16_n128_q2_batch_same_in0_same_discard_h0_b1_none_ops0,1,,NVIDIA Thor,11.0,580.00,13.0,1575.000,,,,mem_clock_mhz:unavailable;temperature_c:unavailable;power_w:unavailable;sm_clock_mhz:sysfs_or_default,fp16,128,2,500,3,35,batch,same,same,discard,0,0,1,1,none,0,247130.0,247130.0,247130.0,247130.0,0.0,247.13,0.254912,0.25370880000000007,0.254912,0.2549376,0.003449861072810769,3.341373366244486,2.0567411498870194,500,0.000000000,1,bde2a14f08151a948b4586e21c9a5b88b821d719276d95aa11df2200936b0f60,2,3,19,10,2,0,0,"static single-case binary; CUDA event includes setup/readback, clock64 covers timed window"
calibration,v2_calibration_bf16_n128_q4_batch_same_in0_same_discard_h0_b0_none_ops0,1,,NVIDIA Thor,11.0,580.00,13.0,1575.000,,,,mem_clock_mhz:unavailable;temperature_c:unavailable;power_w:unavailable;sm_clock_mhz:sysfs_or_default,bf16,128,4,500,3,36,batch,same,same,discard,0,0,0,20,none,0,291162.0,291157.2,291162.0,291162.0,1.1897587632702824e-05,145.581,0.314048,0.3138944000000001,0.314048,0.3172224,0.007447716211439464,113.44249593010076,66.7780721418382,10000,0.000000000,1,c5bd0eb94512ee9a63eb17b99d85d9e1731c13b40850c41809105da375bcbe3a,4,3,19,10,2,0,0,"static single-case binary; CUDA event includes setup/readback, clock64 covers timed window"
control,v2_control_bf16_n256_q1_forced_wait_same_in0_same_discard_h0_b0_none_ops0,1,,NVIDIA Thor,11.0,580.00,13.0,1575.000,,,,mem_clock_mhz:unavailable;temperature_c:unavailable;power_w:unavailable;sm_clock_mhz:sysfs_or_default,bf16,256,1,1000,3,37,forced_wait,same,same,discard,0,0,0,20,none,0,450132.0,450129.60000000003,450132.0,450133.6,5.590834115403826e-06,450.132,0.415968,0.41558400000000006,0.415968,0.4163776,0.0011925756145682758,73.37879555330437,50.4161858604508,20000,0.000000000,1,4c58793f728b6ff8f27ec1e885d73f9d5d6aa1b018bf22820ded00a6104006d8,1,3,19,10,2,0,0,"static single-case binary; CUDA event includes setup/readback, clock64 covers timed window"
calibration,v2_calibration_fp16_n128_q4_batch_ring_in0_same_discard_h0_b1_none_ops0,1,,NVIDIA Thor,11.0,580.00,13.0,1575.000,,,,mem_clock_mhz:unavailable;temperature_c:unavailable;power_w:unavailable;sm_clock_mhz:sysfs_or_default,fp16,128,4,500,3,38,batch,ring,same,discard,0,0,1,1,none,0,291139.0,291139.0,291139.0,291139.0,0.0,145.5695,0.28176,0.2816832,0.28176,0.28229760000000004,0.0014841331098197667,5.672572894734131,3.721521862578081,500,0.000000000,1,cfcfeb57f1ca70cfde38c73af289b816d62d0ca7011a602f7ec75ac7c20fb5ee,4,3,17,7,2,0,0,"static single-case binary; CUDA event includes setup/readback, clock64 covers timed window"
calibration,v2_calibration_fp16_n256_q4_batch_ring_in0_same_discard_h10000000_b1_none_ops0,1,,NVIDIA Thor,11.0,580.00,13.0,1575.000,,,,mem_clock_mhz:unavailable;temperature_c:unavailable;power_w:unavailable;sm_clock_mhz:sysfs_or_default,fp16,256,4,500,3,39,batch,ring,same,discard,0,10000000,1,1,none,0,447263.0,447262.20000000007,447263.0,447263.0,1.2908528080209968e-06,223.6315,0.382112,0.38185600000000003,0.382112,0.38362240000000003,0.0031183519607058344,7.38494890031145,5.488317561343272,500,0.000000000,1,c11ff0fd5b2d18cf9c3c3e9b608e220a43cb7727106138537fccd4692acd2922,4,3,17,7,2,0,0,"static single-case binary; CUDA event includes setup/readback, clock64 covers timed window"
calibration,v2_calibration_bf16_n128_q2_batch_same_in1_same_discard_h10000000_b0_none_ops0,1,,NVIDIA Thor,11.0,580.00,13.0,1575.000,,,,mem_clock_mhz:unavailable;temperature_c:unavailable;power_w:unavailable;sm_clock_mhz:sysfs_or_default,bf16,128,2,500,3,40,batch,same,same,discard,1,10000000,0,20,none,0,237654.0,237651.60000000003,237654.0,237654.0,7.288150402346603e-06,237.654,0.282112,0.281728,0.282112,0.2825984,0.0019324630151417634,69.49208513216693,37.16878402903811,10000,0.000000000,1,e2a990e595019ef0a210b1887177a7795c364f285c8de86dca7ca77a9a4a531b,2,3,19,10,2,0,0,"static single-case binary; CUDA event includes setup/readback, clock64 covers timed window"
calibration,v2_calibration_bf16_n256_q2_batch_same_in1_same_discard_h32_b1_none_ops0,1,,NVIDIA Thor,11.0,580.00,13.0,1575.000,,,,mem_clock_mhz:unavailable;temperature_c:unavailable;power_w:unavailable;sm_clock_mhz:sysfs_or_default,bf16,256,2,500,3,41,batch,same,same,discard,1,32,1,1,none,0,295112.0,294792.80000000005,295112.0,295992.8,0.002630459684240172,295.112,0.286464,0.2843392,0.286464,0.287616,0.007263774231134606,5.596204830708341,3.6604110813226094,677,0.000000000,1,350a89ef7c51a4e40d93ab31b65fcd6afa4d4c933685818dbeb5d717c1b31c7b,2,3,19,10,2,0,0,"static single-case binary; CUDA event includes setup/readback, clock64 covers timed window"
calibration,v2_calibration_fp16_n256_q32_batch_ring_in0_same_discard_h32_b1_none_ops0,1,,NVIDIA Thor,11.0,580.00,13.0,1575.000,,,,mem_clock_mhz:unavailable;temperature_c:unavailable;power_w:unavailable;sm_clock_mhz:sysfs_or_default,fp16,256,32,500,3,42,batch,ring,same,discard,0,32,1,1,none,0,2246809.0,2246504.2,2246809.0,2247005.8,0.00014060798672980613,140.4255625,1.525472,1.5251648,1.525472,1.6011456,0.035149845973884736,11.760730529386343,10.998049128400917,1500,0.000000000,1,181e18201ef2b2e4b205e55c82860cbcbacfef096ff852ceccde1e737d7156ba,32,3,17,7,2,0,0,"static single-case binary; CUDA event includes setup/readback, clock64 covers timed window"
calibration,v2_calibration_fp16_n128_q8_batch_ring_in0_same_discard_h32_b1_none_ops0,1,,NVIDIA Thor,11.0,580.00,13.0,1575.000,,,,mem_clock_mhz:unavailable;temperature_c:unavailable;power_w:unavailable;sm_clock_mhz:sysfs_or_default,fp16,128,8,500,3,43,batch,ring,same,discard,0,32,1,1,none,0,432731.0,432540.60000000003,432731.0,432739.80000000005,0.0003251834078795713,108.18275,0.371936,0.37188479999999996,0.371936,0.37232000000000004,0.0007991147219062816,7.632950724584096,5.63847543663426,813,0.000000000,1,5f7c98209ff27ac851115eab583b61483884052d3e7cba6f8b470ac2109e7050,8,3,17,7,2,0,0,"static single-case binary; CUDA event includes setup/readback, clock64 covers timed window"
calibration,v2_calibration_bf16_n256_q1_batch_same_in1_same_discard_h10000000_b0_none_ops0,1,,NVIDIA Thor,11.0,580.00,13.0,1575.000,,,,mem_clock_mhz:unavailable;temperature_c:unavailable;power_w:unavailable;sm_clock_mhz:sysfs_or_default,bf16,256,1,500,3,44,batch,same,same,discard,1,10000000,0,20,none,0,255599.0,255597.40000000002,255599.0,255601.4,9.845923483460766e-06,511.198,0.2944,0.293632,0.2944,0.3061248,0.029274117759465354,64.61321053681743,35.61739130434783,10000,0.000000000,1,d7c135f0a9a32efa7e5c6c35054f172b7b279063101237657cd7a1cd7ed205b5,1,3,19,10,2,0,0,"static single-case binary; CUDA event includes setup/readback, clock64 covers timed window"
calibration,v2_calibration_fp16_n128_q8_batch_same_in0_same_discard_h10000000_b1_none_ops0,1,,NVIDIA Thor,11.0,580.00,13.0,1575.000,,,,mem_clock_mhz:unavailable;temperature_c:unavailable;power_w:unavailable;sm_clock_mhz:sysfs_or_default,fp16,128,8,500,3,45,batch,same,same,discard,0,10000000,1,1,none,0,447441.0,447441.00000000006,447441.0,447441.0,0.0,111.86025,0.382176,0.3818944000000001,0.382176,0.38240640000000004,0.0008387517347987503,7.382011036091909,5.487398476094783,500,0.000000000,1,00aa29e04f217adfb39d56c86e66623e3e352b267413ef236f4d471157ba697e,8,3,19,10,2,0,0,"static single-case binary; CUDA event includes setup/readback, clock64 covers timed window"
control,v2_control_fp16_n256_q64_empty_same_in0_same_discard_h10000000_b1_none_ops0,1,,NVIDIA Thor,11.0,580.00,13.0,1575.000,,,,mem_clock_mhz:unavailable;temperature_c:unavailable;power_w:unavailable;sm_clock_mhz:sysfs_or_default,fp16,256,64,1000,3,46,empty,same,same,discard,0,10000000,1,1,none,0,264108.0,264107.2,264108.0,264108.0,2.1860413083665084e-06,,0.266336,0.2647488,0.266336,0.2664128,0.0044189982177871056,,,0,0.000000000,1,a0b006bbd8175a7d3368e54a226315dd34a891798a090586024c9e967bba7409,0,2,16,9,2,0,0,"static single-case binary; CUDA event includes setup/readback, clock64 covers timed window"
calibration,v2_calibration_bf16_n128_q8_batch_same_in0_same_discard_h32_b0_none_ops0,1,,NVIDIA Thor,11.0,580.00,13.0,1575.000,,,,mem_clock_mhz:unavailable;temperature_c:unavailable;power_w:unavailable;sm_clock_mhz:sysfs_or_default,bf16,128,8,500,3,47,batch,same,same,discard,0,32,0,20,none,0,432479.0,432081.4,432479.0,432587.8,0.0007706914915876865,108.11975,0.404512,0.403488,0.404512,0.4045376,0.0018520772194372313,152.74796695330872,103.68799936713867,16241,0.000000000,1,4892dc04b31d0a0ab6dc867d2d008f80eda57342130effdd642da1f08b825b07,8,3,19,10,2,0,0,"static single-case binary; CUDA event includes setup/readback, clock64 covers timed window"
calibration,v2_calibration_fp16_n128_q1_batch_ring_in0_same_discard_h32_b0_none_ops0,1,,NVIDIA Thor,11.0,580.00,13.0,1575.000,,,,mem_clock_mhz:unavailable;temperature_c:unavailable;power_w:unavailable;sm_clock_mhz:sysfs_or_default,fp16,128,1,500,3,48,batch,ring,same,discard,0,32,0,20,none,0,215655.0,215655.0,215655.0,215655.0,0.0,431.31,0.265824,0.2644416,0.265824,0.2676672,0.00760422501108097,38.29049175766849,19.72312507523775,10000,0.000000000,1,ca30d9cb7651db5650e1a3a45c718979ab7970b1eb21c2db883dac900e0ab89f,1,3,17,7,2,0,0,"static single-case binary; CUDA event includes setup/readback, clock64 covers timed window"
calibration,v2_calibration_bf16_n128_q32_batch_same_in0_same_discard_h10000000_b1_none_ops0,1,,NVIDIA Thor,11.0,580.00,13.0,1575.000,,,,mem_clock_mhz:unavailable;temperature_c:unavailable;power_w:unavailable;sm_clock_mhz:sysfs_or_default,bf16,128,32,500,3,49,batch,same,same,discard,0,10000000,1,1,none,0,1215422.0,1215422.0,1215422.0,1215422.8,4.750202899482888e-07,75.963875,0.869888,0.8685312000000001,0.869888,0.8699904,0.001171141656071845,10.870345937460405,9.643319599764569,500,0.000000000,1,c2cac3b5415461651fdc0824c326c2f7d94304e6e9032637c1146a7b8a99fe3f,32,3,19,10,2,0,0,"static single-case binary; CUDA event includes setup/readback, clock64 covers timed window"
control,v2_control_fp16_n256_q64_empty_same_in0_same_discard_h32_b0_none_ops0,1,,NVIDIA Thor,11.0,580.00,13.0,1575.000,,,,mem_clock_mhz:unavailable;temperature_c:unavailable;power_w:unavailable;sm_clock_mhz:sysfs_or_default,fp16,256,64,1000,3,50,empty,same,same,discard,0,32,0,20,none,0,264112.0,264111.2,264112.0,264116.0,1.2171101750502254e-05,,0.299392,0.2991872,0.299392,0.2996224,0.0009089993104259382,,,0,0.000000000,1,c955d3e26f8c86660201f32239b2e335f327e336e6bc4fd4453380463e23eaec,0,2,16,9,2,0,0,"static single-case binary; CUDA event includes setup/readback, clock64 covers timed window"
calibration,v2_calibration_fp16_n256_q16_batch_same_in0_same_discard_h32_b1_none_ops0,1,,NVIDIA Thor,11.0,580.00,13.0,1575.000,,,,mem_clock_mhz:unavailable;temperature_c:unavailable;power_w:unavailable;sm_clock_mhz:sysfs_or_default,fp16,256,16,500,3,51,batch,same,same,discard,0,32,1,1,none,0,1236730.0,1234842.8,1236730.0,1236850.8,0.001138828765657839,154.59125,0.88112,0.88048,0.88112,0.882272,0.0012879755917575143,10.683057417544655,9.520392228073362,1498,0.000000000,1,75874f0f10508a8d3b3468fa66852ed6e0cd9f98ac8acada6d51b96351f052a7,16,3,19,10,2,0,0,"static single-case binary; CUDA event includes setup/readback, clock64 covers timed window"
calibration,v2_calibration_fp16_n256_q64_batch_same_in0_same_discard_h0_b0_none_ops0,1,,NVIDIA Thor,11.0,580.00,13.0,1575.000,,,,mem_clock_mhz:unavailable;temperature_c:unavailable;power_w:unavailable;sm_clock_mhz:sysfs_or_default,fp16,256,64,500,3,52,batch,same,same,discard,0,0,0,20,none,0,4323015.0,4323005.4,4323015.0,4323023.0,2.5480232646091633e-06,135.09421875,2.875296,2.8742720000000004,2.875296,2.8753984,0.00027082345611906874,244.49709473596553,233.3981057950207,30000,0.000000000,1,d4ba1be6804b7e3eba4b68d91ab109ed019489cf5a8eaef8d3f0b4bc0e37808e,64,3,19,10,2,0,0,"static single-case binary; CUDA event includes setup/readback, clock64 covers timed window"
calibration,v2_calibration_fp16_n128_q2_batch_same_in1_same_discard_h10000000_b0_none_ops0,1,,NVIDIA Thor,11.0,580.00,13.0,1575.000,,,,mem_clock_mhz:unavailable;temperature_c:unavailable;power_w:unavailable;sm_clock_mhz:sysfs_or_default,fp16,128,2,500,3,53,batch,same,same,discard,1,10000000,0,20,none,0,237653.0,237652.2,237653.0,237653.8,4.207815596689291e-06,237.653,0.281824,0.2812096,0.281824,0.2823872,0.002612579420377417,69.4923775420466,37.20676734415805,10000,0.000000000,1,4f808d6d1049f674840b19c02fce9aa5f86b08d1bb30923fe844e68029ed8ee0,2,3,19,10,2,0,0,"static single-case binary; CUDA event includes setup/readback, clock64 covers timed window"
calibration,v2_calibration_fp16_n256_q8_batch_same_in0_same_discard_h0_b0_none_ops0,1,,NVIDIA Thor,11.0,580.00,13.0,1575.000,,,,mem_clock_mhz:unavailable;temperature_c:unavailable;power_w:unavailable;sm_clock_mhz:sysfs_or_default,fp16,256,8,500,3,54,batch,same,same,discard,0,0,0,20,none,0,725813.0,725669.0,725813.0,725963.4,0.0002535278592538522,181.45325,0.592704,0.5922432,0.592704,0.5931392,0.0009449679181373308,182.03115127450184,141.53115214339704,29995,0.000000000,1,6c89c95e8f3d68cd883c5ebffe66b8615221c3c08bc6a98846bce2563bf44748,8,3,19,10,2,0,0,"static single-case binary; CUDA event includes setup/readback, clock64 covers timed window"
calibration,v2_calibration_fp16_n256_q64_batch_same_in0_same_discard_h0_b1_none_ops0,1,,NVIDIA Thor,11.0,580.00,13.0,1575.000,,,,mem_clock_mhz:unavailable;temperature_c:unavailable;power_w:unavailable;sm_clock_mhz:sysfs_or_default,fp16,256,64,500,3,55,batch,same,same,discard,0,0,1,1,none,0,4322855.0,4322799.0,4322855.0,4322915.0,1.6774640471391287e-05,135.08921875,2.842656,2.8417344,2.842656,2.8435007999999997,0.00038849590072805436,12.225307210165504,11.803901703195885,1499,0.000000000,1,d4ba1be6804b7e3eba4b68d91ab109ed019489cf5a8eaef8d3f0b4bc0e37808e,64,3,19,10,2,0,0,"static single-case binary; CUDA event includes setup/readback, clock64 covers timed window"
calibration,v2_calibration_bf16_n128_q16_batch_same_in1_same_discard_h32_b0_none_ops0,1,,NVIDIA Thor,11.0,580.00,13.0,1575.000,,,,mem_clock_mhz:unavailable;temperature_c:unavailable;power_w:unavailable;sm_clock_mhz:sysfs_or_default,bf16,128,16,500,3,56,batch,same,same,discard,1,32,0,20,none,0,684510.0,684470.8,684510.0,684516.4,4.5084096091127396e-05,85.56375,0.56528,0.5651008000000001,0.56528,0.5659968,0.0010480001798015108,193.0148222816321,148.39739598075292,19063,0.000000000,1,24f496b79732b226df2b4fd27575497c370cb0003d59ceb157bf5ec9f53bc9ea,16,3,19,10,2,0,0,"static single-case binary; CUDA event includes setup/readback, clock64 covers timed window"
calibration,v2_calibration_fp16_n256_q16_batch_same_in1_same_discard_h0_b1_none_ops0,1,,NVIDIA Thor,11.0,580.00,13.0,1575.000,,,,mem_clock_mhz:unavailable;temperature_c:unavailable;power_w:unavailable;sm_clock_mhz:sysfs_or_default,fp16,256,16,500,3,57,batch,same,same,discard,1,0,1,1,none,0,1238817.0,1238816.2000000002,1238817.0,1238836.2,1.1425277693621505e-05,154.852125,0.884096,0.8838656,0.884096,0.8850944000000001,0.0009231746741568167,10.665059972538316,9.488345157087014,1500,0.000000000,1,bffefff912f113ddbcc6e00b987ff97fd019162953ea1317a6590982dddd9809,16,3,19,10,2,0,0,"static single-case binary; CUDA event includes setup/readback, clock64 covers timed window"
calibration,v2_calibration_bf16_n128_q32_batch_ring_in0_same_discard_h32_b0_none_ops0,1,,NVIDIA Thor,11.0,580.00,13.0,1575.000,,,,mem_clock_mhz:unavailable;temperature_c:unavailable;power_w:unavailable;sm_clock_mhz:sysfs_or_default,bf16,128,32,500,3,58,batch,ring,same,discard,0,32,0,20,none,0,1189117.0,1189113.0,1189117.0,1189250.6,8.232020332600597e-05,74.3198125,0.885728,0.8850368000000001,0.885728,0.888544,0.002619207419797582,222.21627644714522,189.41724773293834,12634,0.000000000,1,68a05265a2ce67e0abdee69a8fbffa08f0e3e61576163a2ca95bec90641fe3e9,32,3,17,7,2,0,0,"static single-case binary; CUDA event includes setup/readback, clock64 covers timed window"
calibration,v2_calibration_fp16_n256_q16_batch_same_in1_same_discard_h32_b1_none_ops0,1,,NVIDIA Thor,11.0,580.00,13.0,1575.000,,,,mem_clock_mhz:unavailable;temperature_c:unavailable;power_w:unavailable;sm_clock_mhz:sysfs_or_default,fp16,256,16,500,3,59,batch,same,same,discard,1,32,1,1,none,0,1235594.0,1235246.0,1235594.0,1236786.8,0.0008172667090993261,154.44925,0.881952,0.8818240000000002,0.881952,0.882464,0.00047989394744698996,10.692879376235236,9.511411051848627,1500,0.000000000,1,d4129a774ae4e60330d70cf4b3b723a2bea54bc1afd3ec87d913c8affddc9feb,16,3,19,10,2,0,0,"static single-case binary; CUDA event includes setup/readback, clock64 covers timed window"
calibration,v2_calibration_fp16_n256_q8_batch_ring_in0_same_discard_h32_b0_none_ops0,1,,NVIDIA Thor,11.0,580.00,13.0,1575.000,,,,mem_clock_mhz:unavailable;temperature_c:unavailable;power_w:unavailable;sm_clock_mhz:sysfs_or_default,fp16,256,8,500,3,60,batch,ring,same,discard,0,32,0,20,none,0,709921.0,709764.2,709921.0,709933.0,0.00016584933132448903,177.48025,0.584064,0.5824,0.584064,0.5860352,0.0038937585895154046,186.10602588175303,143.62480824019283,29972,0.000000000,1,862273fd4b8bb558c8835608cb96c4922d55c362e74a82566ccb25c38341d15d,8,3,17,7,2,0,0,"static single-case binary; CUDA event includes setup/readback, clock64 covers timed window"
calibration,v2_calibration_fp16_n256_q32_batch_ring_in0_same_discard_h10000000_b0_none_ops0,1,,NVIDIA Thor,11.0,580.00,13.0,1575.000,,,,mem_clock_mhz:unavailable;temperature_c:unavailable;power_w:unavailable;sm_clock_mhz:sysfs_or_default,fp16,256,32,500,3,61,batch,ring,same,discard,0,10000000,0,20,none,0,2239158.0,2239151.6,2239158.0,2239177.2,7.437299346509959e-06,139.947375,1.553312,1.5530816,1.553312,1.5635008000000001,0.004775505769811097,236.0183175997406,216.01862343173812,10000,0.000000000,1,65bd625865446b0621f39de0b7d34a80954cabae2012572ee6d88c1436d1c296,32,3,17,7,2,0,0,"static single-case binary; CUDA event includes setup/readback, clock64 covers timed window"
calibration,v2_calibration_bf16_n128_q8_batch_ring_in0_same_discard_h0_b1_none_ops0,1,,NVIDIA Thor,11.0,580.00,13.0,1575.000,,,,mem_clock_mhz:unavailable;temperature_c:unavailable;power_w:unavailable;sm_clock_mhz:sysfs_or_default,bf16,128,8,500,3,62,batch,ring,same,discard,0,0,1,1,none,0,407814.0,407158.8,407814.0,407846.0,0.0011895581643029825,101.9535,0.355808,0.3556032,0.355808,0.356192,0.0010498908936660593,8.099315864585325,5.894055220793238,500,0.000000000,1,6b562f2d47815fda90f30377cc3e7469b111f2ac9ee7d08840e33f9b3d3b57d2,8,3,17,7,2,0,0,"static single-case binary; CUDA event includes setup/readback, clock64 covers timed window"
calibration,v2_calibration_bf16_n128_q8_batch_same_in1_same_discard_h32_b0_none_ops0,1,,NVIDIA Thor,11.0,580.00,13.0,1575.000,,,,mem_clock_mhz:unavailable;temperature_c:unavailable;power_w:unavailable;sm_clock_mhz:sysfs_or_default,bf16,128,8,500,3,63,batch,same,same,discard,1,32,0,20,none,0,432420.0,432090.4,432420.0,432468.0,0.0005943663733180449,108.105,0.4056,0.40429440000000005,0.4056,0.40583040000000004,0.0025556732781555477,152.76880810323297,103.40986193293885,16007,0.000000000,1,a40645c4feda1e8a24a90daa0beab71066d0e4236c24cba34ef3c327a346804c,8,3,19,10,2,0,0,"static single-case binary; CUDA event includes setup/readback, clock64 covers timed window"
calibration,v2_calibration_bf16_n128_q4_batch_same_in1_same_discard_h0_b1_none_ops0,1,,NVIDIA Thor,11.0,580.00,13.0,1575.000,,,,mem_clock_mhz:unavailable;temperature_c:unavailable;power_w:unavailable;sm_clock_mhz:sysfs_or_default,bf16,128,4,500,3,64,batch,same,same,discard,1,0,1,1,none,0,291134.0,291134.0,291134.0,291134.0,0.0,145.567,0.281664,0.2810752,0.281664,0.2940032,0.03184303117495404,5.672670316761353,3.7227902749375135,500,0.000000000,1,76b19556e3f1678a23462bc1207b326e803e328c3a631d9f688604d6ae9a5058,4,3,19,10,2,0,0,"static single-case binary; CUDA event includes setup/readback, clock64 covers timed window"
calibration,v2_calibration_fp16_n256_q64_batch_same_in1_same_discard_h10000000_b1_none_ops0,1,,NVIDIA Thor,11.0,580.00,13.0,1575.000,,,,mem_clock_mhz:unavailable;temperature_c:unavailable;power_w:unavailable;sm_clock_mhz:sysfs_or_default,fp16,256,64,500,3,65,batch,same,same,discard,1,10000000,1,1,none,0,4293632.0,4293632.0,4293632.0,4293632.0,0.0,134.176,2.824928,2.8225984,2.824928,2.8249536,0.0005986460556775252,12.308514190317196,11.877977775008778,500,0.000000000,1,a90fbbc37bef1fb3e6998efc2d03670b8ed3a5c73e46fff4c4168b9c85bb7243,64,3,19,10,2,0,0,"static single-case binary; CUDA event includes setup/readback, clock64 covers timed window"
calibration,v2_calibration_bf16_n128_q8_batch_same_in1_same_discard_h32_b1_none_ops0,1,,NVIDIA Thor,11.0,580.00,13.0,1575.000,,,,mem_clock_mhz:unavailable;temperature_c:unavailable;power_w:unavailable;sm_clock_mhz:sysfs_or_default,bf16,128,8,500,3,66,batch,same,same,discard,1,32,1,1,none,0,432561.0,432519.4,432561.0,432713.80000000005,0.0002957749652130781,108.14025,0.372128,0.37210240000000006,0.372128,0.3730752,0.0018603563119755473,7.6359505364561295,5.635566256771863,813,0.000000000,1,a40645c4feda1e8a24a90daa0beab71066d0e4236c24cba34ef3c327a346804c,8,3,19,10,2,0,0,"static single-case binary; CUDA event includes setup/readback, clock64 covers timed window"
calibration,v2_calibration_fp16_n128_q16_batch_same_in1_same_discard_h32_b1_none_ops0,1,,NVIDIA Thor,11.0,580.00,13.0,1575.000,,,,mem_clock_mhz:unavailable;temperature_c:unavailable;power_w:unavailable;sm_clock_mhz:sysfs_or_default,fp16,128,16,500,3,67,batch,same,same,discard,1,32,1,1,none,0,684737.0,684643.4,684737.0,684741.0,0.00010083053912066655,85.592125,0.532064,0.532064,0.532064,0.532064,0.0,9.647541756908128,7.883081734528178,964,0.000000000,1,25d1369dc84090d21acdabe5c4ceab16cce6450b5975d160368cd19ad1213a5b,16,3,19,10,2,0,0,"static single-case binary; CUDA event includes setup/readback, clock64 covers timed window"
calibration,v2_calibration_bf16_n256_q16_batch_same_in0_same_discard_h0_b1_none_ops0,1,,NVIDIA Thor,11.0,580.00,13.0,1575.000,,,,mem_clock_mhz:unavailable;temperature_c:unavailable;power_w:unavailable;sm_clock_mhz:sysfs_or_default,bf16,256,16,500,3,68,batch,same,same,discard,0,0,1,1,none,0,1238613.0,1238595.4000000001,1238613.0,1238757.0,8.946819166826456e-05,154.826625,0.884544,0.8839552,0.884544,0.8847232,0.0005679053126036921,10.666816511694938,9.483539541277766,1499,0.000000000,1,1697f0c68da756b6ee0399272054a866c2e13a9a982353dd40123aee1a69a07b,16,3,19,10,2,0,0,"static single-case binary; CUDA event includes setup/readback, clock64 covers timed window"
calibration,v2_calibration_fp16_n128_q1_batch_same_in0_same_discard_h32_b0_none_ops0,1,,NVIDIA Thor,11.0,580.00,13.0,1575.000,,,,mem_clock_mhz:unavailable;temperature_c:unavailable;power_w:unavailable;sm_clock_mhz:sysfs_or_default,fp16,128,1,500,3,69,batch,same,same,discard,0,32,0,20,none,0,215663.0,215662.2,215663.0,215664.59999999998,7.08291580233982e-06,431.326,0.26752,0.2671104,0.26752,0.2680832,0.0022816053609589692,38.289071375247495,19.598086124401913,10000,0.000000000,1,173316705a318c42b5267f8601090ae83451fcba980fd62b9c14cf0c6eaa6e34,1,3,19,10,2,0,0,"static single-case binary; CUDA event includes setup/readback, clock64 covers timed window"
calibration,v2_calibration_bf16_n128_q8_batch_ring_in0_same_discard_h32_b0_none_ops0,1,,NVIDIA Thor,11.0,580.00,13.0,1575.000,,,,mem_clock_mhz:unavailable;temperature_c:unavailable;power_w:unavailable;sm_clock_mhz:sysfs_or_default,bf16,128,8,500,3,70,batch,ring,same,discard,0,32,0,20,none,0,432467.0,432027.80000000005,432467.0,432559.0,0.0008208055059344507,108.11675,0.404416,0.40380160000000004,0.404416,0.4054912,0.002642090017160725,152.7522053705832,103.71261275518278,15687,0.000000000,1,cbf65434819d598257eb828818f7e065f93776f520f78fc6c857ffd45717cd59,8,3,17,7,2,0,0,"static single-case binary; CUDA event includes setup/readback, clock64 covers timed window"
control,v2_control_bf16_n128_q64_empty_same_in0_same_discard_h10000000_b0_none_ops0,1,,NVIDIA Thor,11.0,580.00,13.0,1575.000,,,,mem_clock_mhz:unavailable;temperature_c:unavailable;power_w:unavailable;sm_clock_mhz:sysfs_or_default,bf16,128,64,1000,3,71,empty,same,same,discard,0,10000000,0,20,none,0,264111.0,264111.0,264111.0,264114.2,8.744010730630412e-06,,0.300192,0.29983360000000003,0.300192,0.3205184,0.04797329534492602,,,0,0.000000000,1,515eeeffe90fd2682a458ed2cf73a34c0d47a8ab49efaf38e9fd85ab2ddd00ae,0,2,16,9,2,0,0,"static single-case binary; CUDA event includes setup/readback, clock64 covers timed window"
calibration,v2_calibration_bf16_n128_q64_batch_ring_in0_same_discard_h10000000_b0_none_ops0,1,,NVIDIA Thor,11.0,580.00,13.0,1575.000,,,,mem_clock_mhz:unavailable;temperature_c:unavailable;power_w:unavailable;sm_clock_mhz:sysfs_or_default,bf16,128,64,500,3,72,batch,ring,same,discard,0,10000000,0,20,none,0,2245418.0,2245418.0,2245418.0,2245418.8000000003,2.5712369967717625e-07,70.1693125,1.55632,1.5553216,1.55632,1.5571392000000002,0.0007311436461053903,235.36032222062883,215.60111031150407,10000,0.000000000,1,31ab5d70e640cc78d7e65bb90b1ea3789c46635db5d0c6fa611bce470488f2fa,64,3,17,7,2,0,0,"static single-case binary; CUDA event includes setup/readback, clock64 covers timed window"
calibration,v2_calibration_bf16_n256_q1_batch_same_in0_same_discard_h32_b1_none_ops0,1,,NVIDIA Thor,11.0,580.00,13.0,1575.000,,,,mem_clock_mhz:unavailable;temperature_c:unavailable;power_w:unavailable;sm_clock_mhz:sysfs_or_default,bf16,256,1,500,3,73,batch,same,same,discard,0,32,1,1,none,0,248677.0,248634.6,248677.0,248707.4,0.00018379865657615558,497.354,0.255552,0.25552640000000004,0.255552,0.2556544,0.0003312572068441985,3.3205869461188606,2.0515902829952415,500,0.000000000,1,540003b3cc2d9ea0a0fb8c85ef6032127a1423cf7f3d00cc3cdead3433b8df19,1,3,19,10,2,0,0,"static single-case binary; CUDA event includes setup/readback, clock64 covers timed window"
calibration,v2_calibration_bf16_n256_q4_batch_same_in1_same_discard_h10000000_b0_none_ops0,1,,NVIDIA Thor,11.0,580.00,13.0,1575.000,,,,mem_clock_mhz:unavailable;temperature_c:unavailable;power_w:unavailable;sm_clock_mhz:sysfs_or_default,bf16,256,4,500,3,74,batch,same,same,discard,1,10000000,0,20,none,0,447270.0,447267.60000000003,447270.0,447270.80000000005,4.654166615788844e-06,223.635,0.414016,0.41363200000000006,0.414016,0.417088,0.005703633926982478,147.69666644308805,101.30777554490646,10000,0.000000000,1,6ad6d760b96d0f9a8721672e2f01b4c400fb19b14d0f57e0caebaa2d3f0dd80a,4,3,19,10,2,0,0,"static single-case binary; CUDA event includes setup/readback, clock64 covers timed window"
calibration,v2_calibration_fp16_n128_q4_batch_ring_in0_same_discard_h10000000_b1_none_ops0,1,,NVIDIA Thor,11.0,580.00,13.0,1575.000,,,,mem_clock_mhz:unavailable;temperature_c:unavailable;power_w:unavailable;sm_clock_mhz:sysfs_or_default,fp16,128,4,500,3,75,batch,ring,same,discard,0,10000000,1,1,none,0,319589.0,319589.0,319589.0,319589.0,0.0,159.7945,0.299776,0.2991104,0.299776,0.30054400000000003,0.0029910131716214443,5.167597132567142,3.4978650725875324,500,0.000000000,1,31683145226323dc435335d8f44f5724a76e1c9c27fb2ea302b6b1ee009b4463,4,3,17,7,2,0,0,"static single-case binary; CUDA event includes setup/readback, clock64 covers timed window"
calibration,v2_calibration_bf16_n128_q16_batch_same_in0_same_discard_h10000000_b1_none_ops0,1,,NVIDIA Thor,11.0,580.00,13.0,1575.000,,,,mem_clock_mhz:unavailable;temperature_c:unavailable;power_w:unavailable;sm_clock_mhz:sysfs_or_default,bf16,128,16,500,3,76,batch,same,same,discard,0,10000000,1,1,none,0,703422.0,703422.0,703422.0,703422.8,8.207732990985867e-07,87.92775,0.543616,0.5379072,0.543616,0.5436672,0.00764619709667509,9.391274085826147,7.71556392747822,500,0.000000000,1,88ef92e2e57db63c070fd3be27a575f26a5748360b95c2e50ab015e232ab1d85,16,3,19,10,2,0,0,"static single-case binary; CUDA event includes setup/readback, clock64 covers timed window"
calibration,v2_calibration_bf16_n128_q32_batch_ring_in0_same_discard_h32_b1_none_ops0,1,,NVIDIA Thor,11.0,580.00,13.0,1575.000,,,,mem_clock_mhz:unavailable;temperature_c:unavailable;power_w:unavailable;sm_clock_mhz:sysfs_or_default,bf16,128,32,500,3,77,batch,ring,same,discard,0,32,1,1,none,0,1188702.0,1188650.0,1188702.0,1188750.8,5.300794631393839e-05,74.293875,0.851424,0.8509376000000001,0.851424,0.8522944000000001,0.0010089975636628512,11.114692833022911,9.852444845341454,550,0.000000000,1,68a05265a2ce67e0abdee69a8fbffa08f0e3e61576163a2ca95bec90641fe3e9,32,3,17,7,2,0,0,"static single-case binary; CUDA event includes setup/readback, clock64 covers timed window"
calibration,v2_calibration_bf16_n256_q4_batch_ring_in0_same_discard_h0_b1_none_ops0,1,,NVIDIA Thor,11.0,580.00,13.0,1575.000,,,,mem_clock_mhz:unavailable;temperature_c:unavailable;power_w:unavailable;sm_clock_mhz:sysfs_or_default,bf16,256,4,500,3,78,batch,ring,same,discard,0,0,1,1,none,0,425100.0,425064.0,425100.0,425184.0,0.00018106422090634,212.55,0.367552,0.36752640000000003,0.367552,0.37978880000000004,0.023723705991904574,7.769970359915314,5.7057287132160885,1000,0.000000000,1,db81edbc5e6dfe0b908f30708181719579369ffdb6df70a9ff982e2b625a0f20,4,3,17,7,2,0,0,"static single-case binary; CUDA event includes setup/readback, clock64 covers timed window"
calibration,v2_calibration_bf16_n128_q16_batch_ring_in0_same_discard_h0_b1_none_ops0,1,,NVIDIA Thor,11.0,580.00,13.0,1575.000,,,,mem_clock_mhz:unavailable;temperature_c:unavailable;power_w:unavailable;sm_clock_mhz:sysfs_or_default,bf16,128,16,500,3,79,batch,ring,same,discard,0,0,1,1,none,0,693201.0,693030.6000000001,693201.0,693550.6,0.00047797781295576893,86.650125,0.537824,0.5377984,0.537824,0.5383872000000001,0.0007731652194599694,9.529745052300848,7.798655322187184,982,0.000000000,1,91741f87d7f8d7208e953b4af5d13b1bd53554a60a5e72459fae0bd55332dfab,16,3,17,7,2,0,0,"static single-case binary; CUDA event includes setup/readback, clock64 covers timed window"
calibration,v2_calibration_fp16_n256_q1_batch_ring_in0_same_discard_h10000000_b0_none_ops0,1,,NVIDIA Thor,11.0,580.00,13.0,1575.000,,,,mem_clock_mhz:unavailable;temperature_c:unavailable;power_w:unavailable;sm_clock_mhz:sysfs_or_default,fp16,256,1,500,3,80,batch,ring,same,discard,0,10000000,0,20,none,0,255584.0,255583.2,255584.0,255584.0,2.2589482212202883e-06,511.168,0.293888,0.29347840000000003,0.293888,0.29532159999999996,0.004110596369602126,64.61700262927258,35.67944250871081,10000,0.000000000,1,cf4e56b1f912148d9745b5d8effd068cfaf6fda17b6144deb1f645207af05822,1,3,17,7,2,0,0,"static single-case binary; CUDA event includes setup/readback, clock64 covers timed window"
calibration,v2_calibration_fp16_n128_q16_batch_same_in1_same_discard_h10000000_b1_none_ops0,1,,NVIDIA Thor,11.0,580.00,13.0,1575.000,,,,mem_clock_mhz:unavailable;temperature_c:unavailable;power_w:unavailable;sm_clock_mhz:sysfs_or_default,fp16,128,16,500,3,81,batch,same,same,discard,1,10000000,1,1,none,0,703422.0,703422.0,703422.0,703422.8,8.207732990985867e-07,87.92775,0.544992,0.544096,0.544992,0.5451456,0.001300924618536915,9.391274085826147,7.69608361223651,500,0.000000000,1,69018e9bfca559339dd18dbdf44cbc56d8668a7faaf0aae53c08f29dff94b0d9,16,3,19,10,2,0,0,"static single-case binary; CUDA event includes setup/readback, clock64 covers timed window"
calibration,v2_calibration_fp16_n128_q1_batch_same_in0_same_discard_h10000000_b0_none_ops0,1,,NVIDIA Thor,11.0,580.00,13.0,1575.000,,,,mem_clock_mhz:unavailable;temperature_c:unavailable;power_w:unavailable;sm_clock_mhz:sysfs_or_default,fp16,128,1,500,3,82,batch,same,same,discard,0,10000000,0,20,none,0,215663.0,215661.40000000002,215663.0,215663.8,7.082937697385177e-06,431.326,0.26672,0.26303360000000003,0.26672,0.2677952,0.01175159464956725,38.289071375247495,19.656868626274743,10000,0.000000000,1,5de932703e9c79feeec7f2e6c8102125f17f67a861c43562cfdf37767acac0a1,1,3,19,10,2,0,0,"static single-case binary; CUDA event includes setup/readback, clock64 covers timed window"
calibration,v2_calibration_bf16_n256_q64_batch_same_in1_same_discard_h0_b1_none_ops0,1,,NVIDIA Thor,11.0,580.00,13.0,1575.000,,,,mem_clock_mhz:unavailable;temperature_c:unavailable;power_w:unavailable;sm_clock_mhz:sysfs_or_default,bf16,256,64,500,3,83,batch,same,same,discard,1,0,1,1,none,0,4322995.0,4322956.6,4322995.0,4323033.4,1.1103413258632036e-05,135.09359375,2.842688,2.8417408,2.842688,2.844736,0.0006730846862956084,12.224911294137513,11.803768827250828,1500,0.000000000,1,3bca76783b625b874240a49f8043f83c1949f4fbee6e78ec2ca34b8a8b5e0be4,64,3,19,10,2,0,0,"static single-case binary; CUDA event includes setup/readback, clock64 covers timed window"
calibration,v2_calibration_bf16_n256_q4_batch_same_in1_same_discard_h0_b1_none_ops0,1,,NVIDIA Thor,11.0,580.00,13.0,1575.000,,,,mem_clock_mhz:unavailable;temperature_c:unavailable;power_w:unavailable;sm_clock_mhz:sysfs_or_default,bf16,256,4,500,3,84,batch,same,same,discard,1,0,1,1,none,0,425299.0,424963.0,425299.0,425316.60000000003,0.0005858436050404163,212.6495,0.368096,0.36740480000000003,0.368096,0.3681728,0.001437382482980278,7.7663347433217575,5.697296357471964,999,0.000000000,1,3e8fa64347f0ce1c2f252a1d04f58438575a743ffd8c8f091ae2dc261ed0d803,4,3,19,10,2,0,0,"static single-case binary; CUDA event includes setup/readback, clock64 covers timed window"
calibration,v2_calibration_fp16_n128_q16_batch_ring_in0_same_discard_h32_b1_none_ops0,1,,NVIDIA Thor,11.0,580.00,13.0,1575.000,,,,mem_clock_mhz:unavailable;temperature_c:unavailable;power_w:unavailable;sm_clock_mhz:sysfs_or_default,fp16,128,16,500,3,85,batch,ring,same,discard,0,32,1,1,none,0,684553.0,684532.2,684553.0,684695.4,0.00016219242840631736,85.569125,0.531776,0.5305984,0.531776,0.532416,0.0021680745416133296,9.650134905551505,7.88735106511012,962,0.000000000,1,b114fb50ce35c642867813f278d1aa442c6e91970c0efe4a2e556e7049756c95,16,3,17,7,2,0,0,"static single-case binary; CUDA event includes setup/readback, clock64 covers timed window"
calibration,v2_calibration_fp16_n256_q4_batch_same_in1_same_discard_h0_b0_none_ops0,1,,NVIDIA Thor,11.0,580.00,13.0,1575.000,,,,mem_clock_mhz:unavailable;temperature_c:unavailable;power_w:unavailable;sm_clock_mhz:sysfs_or_default,fp16,256,4,500,3,86,batch,same,same,discard,1,0,0,20,none,0,425404.0,425392.0,425404.0,425454.4,9.72883366394381e-05,212.702,0.400928,0.39888000000000007,0.400928,0.40113279999999996,0.003891411454808929,155.28835647995788,104.61489344720249,19983,0.000000000,1,973ca9621e77466e7b31f3ecab20fa2ec61ab83acd6b025f38ebb98aec5b4230,4,3,19,10,2,0,0,"static single-case binary; CUDA event includes setup/readback, clock64 covers timed window"
calibration,v2_calibration_bf16_n128_q64_batch_same_in0_same_discard_h32_b1_none_ops0,1,,NVIDIA Thor,11.0,580.00,13.0,1575.000,,,,mem_clock_mhz:unavailable;temperature_c:unavailable;power_w:unavailable;sm_clock_mhz:sysfs_or_default,bf16,128,64,500,3,87,batch,same,same,discard,0,32,1,1,none,0,2222802.0,2222792.4,2222802.0,2222966.8,5.5129365869292043e-05,69.4625625,1.509248,1.5092223999999999,1.509248,1.5093504,5.6095649550879606e-05,11.887750325939964,11.116275125095411,767,0.000000000,1,3d4305b458e64c9f3e99694450cca6d6bbcbf87aed4cd395525c8fcb5491adff,64,3,19,10,2,0,0,"static single-case binary; CUDA event includes setup/readback, clock64 covers timed window"
calibration,v2_calibration_fp16_n128_q32_batch_same_in1_same_discard_h32_b0_none_ops0,1,,NVIDIA Thor,11.0,580.00,13.0,1575.000,,,,mem_clock_mhz:unavailable;temperature_c:unavailable;power_w:unavailable;sm_clock_mhz:sysfs_or_default,fp16,128,32,500,3,88,batch,same,same,discard,1,32,0,20,none,0,1188843.0,1188702.2000000002,1188843.0,1188941.4,0.00012641120943369965,74.3026875,0.885952,0.8838528,0.885952,0.8860544,0.0017548316846726618,222.2674920069345,189.36935635339162,12792,0.000000000,1,c6ba0582f5dea648caa96975b7cea6d9bf2d29f6214676719008aaafdb1e7cd2,32,3,19,10,2,0,0,"static single-case binary; CUDA event includes setup/readback, clock64 covers timed window"
calibration,v2_calibration_bf16_n256_q32_batch_ring_in0_same_discard_h0_b1_none_ops0,1,,NVIDIA Thor,11.0,580.00,13.0,1575.000,,,,mem_clock_mhz:unavailable;temperature_c:unavailable;power_w:unavailable;sm_clock_mhz:sysfs_or_default,bf16,256,32,500,3,89,batch,ring,same,discard,0,0,1,1,none,0,2261843.0,2261825.4,2261843.0,2261867.8000000003,1.1772266507705961e-05,141.3651875,1.53376,1.5335808000000002,1.53376,1.5340672,0.0002004733864932453,11.68255939956929,10.938618819111204,1500,0.000000000,1,076abdf9379069bf55597c6b053de6daa5dff54222f74b4fa32cc5ecedad0a6d,32,3,17,7,2,0,0,"static single-case binary; CUDA event includes setup/readback, clock64 covers timed window"
calibration,v2_calibration_bf16_n256_q64_batch_same_in0_same_discard_h32_b1_none_ops0,1,,NVIDIA Thor,11.0,580.00,13.0,1575.000,,,,mem_clock_mhz:unavailable;temperature_c:unavailable;power_w:unavailable;sm_clock_mhz:sysfs_or_default,bf16,256,64,500,3,90,batch,same,same,discard,0,32,1,1,none,0,4311415.0,4311198.2,4311415.0,4311535.0,4.949195956229844e-05,134.73171875,2.835616,2.8354880000000002,2.835616,2.8358975999999996,9.236983323215113e-05,12.257746099598393,11.833207317210793,1500,0.000000000,1,9443576fbc14112da7e839e6c46fc730ca3ea7e7a51d668f020b3e2a6d4472e6,64,3,19,10,2,0,0,"static single-case binary; CUDA event includes setup/readback, clock64 covers timed window"
calibration,v2_calibration_bf16_n256_q8_batch_same_in1_same_discard_h0_b0_none_ops0,1,,NVIDIA Thor,11.0,580.00,13.0,1575.000,,,,mem_clock_mhz:unavailable;temperature_c:unavailable;power_w:unavailable;sm_clock_mhz:sysfs_or_default,bf16,256,8,500,3,91,batch,same,same,discard,1,0,0,20,none,0,725874.0,725854.8,725874.0,725938.7999999999,7.579378615569467e-05,181.4685,0.592704,0.5917056,0.592704,0.5937279999999999,0.002132617642030468,182.01585399118855,141.53115214339704,30000,0.000000000,1,3f62cfd6ccda1dc6d6530b1f1276af8bccb348514ca12d96323a836f78b02160,8,3,19,10,2,0,0,"static single-case binary; CUDA event includes setup/readback, clock64 covers timed window"
calibration,v2_calibration_bf16_n128_q64_batch_same_in0_same_discard_h0_b0_none_ops0,1,,NVIDIA Thor,11.0,580.00,13.0,1575.000,,,,mem_clock_mhz:unavailable;temperature_c:unavailable;power_w:unavailable;sm_clock_mhz:sysfs_or_default,bf16,128,64,500,3,92,batch,same,same,discard,0,0,0,20,none,0,2205989.0,2205973.8,2205989.0,2206113.8,4.352722477255483e-05,68.93715625,1.530976,1.5308992,1.530976,1.5311552,0.00010725620114075347,239.56706221109897,219.1702025374663,10500,0.000000000,1,95e7824a5f10e0bd000102c91ff0634ffe3bd42161366ae0299f64c377e18da1,64,3,19,10,2,0,0,"static single-case binary; CUDA event includes setup/readback, clock64 covers timed window"
control,v2_control_bf16_n256_q1_commit_wait_same_in0_same_discard_h0_b0_none_ops0,1,,NVIDIA Thor,11.0,580.00,13.0,1575.000,,,,mem_clock_mhz:unavailable;temperature_c:unavailable;power_w:unavailable;sm_clock_mhz:sysfs_or_default,bf16,256,1,1000,3,93,commit_wait,same,same,discard,0,0,0,20,none,0,258148.0,258147.2,258148.0,258150.40000000002,8.063826268582184e-06,,0.296384,0.29543680000000005,0.296384,0.3000448,0.010224397362126712,,,20000,0.000000000,1,a74838b0dd21faa9d62ab99f4191e0bf741e4b05f8dac4010500bb2c445d480d,0,3,19,9,2,0,0,"static single-case binary; CUDA event includes setup/readback, clock64 covers timed window"
calibration,v2_calibration_fp16_n128_q2_batch_same_in1_same_discard_h32_b0_none_ops0,1,,NVIDIA Thor,11.0,580.00,13.0,1575.000,,,,mem_clock_mhz:unavailable;temperature_c:unavailable;power_w:unavailable;sm_clock_mhz:sysfs_or_default,fp16,128,2,500,3,94,batch,same,same,discard,1,32,0,20,none,0,237652.0,237649.6,237652.0,237653.6,1.0589496441249096e-05,237.652,0.284,0.2835136,0.284,0.28435839999999996,0.0018666052965897607,69.4926699543871,36.92169014084508,10000,0.000000000,1,cc964e9c07f02d9debb2447d9494fee05f5c1cc15bff5cd2416d15c79f0688e5,2,3,19,10,2,0,0,"static single-case binary; CUDA event includes setup/readback, clock64 covers timed window"
calibration,v2_calibration_fp16_n256_q8_batch_same_in0_same_discard_h0_b1_none_ops0,1,,NVIDIA Thor,11.0,580.00,13.0,1575.000,,,,mem_clock_mhz:unavailable;temperature_c:unavailable;power_w:unavailable;sm_clock_mhz:sysfs_or_default,fp16,256,8,500,3,95,batch,same,same,discard,0,0,1,1,none,0,725657.0,725587.4,725657.0,725696.2,9.492132441097586e-05,181.41425,0.55792,0.5578176,0.55792,0.5582272,0.0004775102172231932,9.103514194722852,7.517751648981934,1500,0.000000000,1,6c89c95e8f3d68cd883c5ebffe66b8615221c3c08bc6a98846bce2563bf44748,8,3,19,10,2,0,0,"static single-case binary; CUDA event includes setup/readback, clock64 covers timed window"
calibration,v2_calibration_bf16_n256_q32_batch_same_in0_same_discard_h0_b1_none_ops0,1,,NVIDIA Thor,11.0,580.00,13.0,1575.000,,,,mem_clock_mhz:unavailable;temperature_c:unavailable;power_w:unavailable;sm_clock_mhz:sysfs_or_default,bf16,256,32,500,3,96,batch,same,same,discard,0,0,1,1,none,0,2261792.0,2261781.6,2261792.0,2261928.0,4.514431737461588e-05,141.362,1.534976,1.5343104,1.534976,1.5354624000000001,0.00047097351230000766,11.68282282367256,10.929953302201469,1500,0.000000000,1,f69ae7b4ed931fd11628437925361739e3d5d898a294a1bf5634be7d5d809d95,32,3,19,10,2,0,0,"static single-case binary; CUDA event includes setup/readback, clock64 covers timed window"
calibration,v2_calibration_bf16_n128_q16_batch_same_in0_same_discard_h0_b1_none_ops0,1,,NVIDIA Thor,11.0,580.00,13.0,1575.000,,,,mem_clock_mhz:unavailable;temperature_c:unavailable;power_w:unavailable;sm_clock_mhz:sysfs_or_default,bf16,128,16,500,3,97,batch,same,same,discard,0,0,1,1,none,0,693870.0,693434.0,693870.0,694017.2000000001,0.0005464574113079434,86.73375,0.53824,0.5373184,0.53824,0.5395456000000001,0.002598216106317317,9.520556876648364,7.792627824019024,979,0.000000000,1,ff7c1f0bb8313f33aee49d49f28d53b1e91ac6dabd57dbeda308422f1dbe859e,16,3,19,10,2,0,0,"static single-case binary; CUDA event includes setup/readback, clock64 covers timed window"
control,v2_control_bf16_n128_q1_forced_wait_same_in0_same_discard_h0_b0_none_ops0,1,,NVIDIA Thor,11.0,580.00,13.0,1575.000,,,,mem_clock_mhz:unavailable;temperature_c:unavailable;power_w:unavailable;sm_clock_mhz:sysfs_or_default,bf16,128,1,1000,3,98,forced_wait,same,same,discard,0,0,0,20,none,0,450135.0,450129.4,450135.0,450135.0,8.978357234668699e-06,450.135,0.41392,0.41358720000000004,0.41392,0.4148672,0.002004345479575477,36.689153254023786,25.332817935833013,20000,0.000000000,1,e9a2261d21ba875565a4c527eaf44fd3d5c35da1d488ef8816b1d07e67d451e3,1,3,19,10,2,0,0,"static single-case binary; CUDA event includes setup/readback, clock64 covers timed window"
calibration,v2_calibration_fp16_n128_q4_batch_same_in1_same_discard_h10000000_b1_none_ops0,1,,NVIDIA Thor,11.0,580.00,13.0,1575.000,,,,mem_clock_mhz:unavailable;temperature_c:unavailable;power_w:unavailable;sm_clock_mhz:sysfs_or_default,fp16,128,4,500,3,99,batch,same,same,discard,1,10000000,1,1,none,0,319602.0,319602.0,319602.0,319602.0,0.0,159.801,0.30064,0.3003328,0.30064,0.3013056,0.002066570060545893,5.167386937503521,3.487812666311868,500,0.000000000,1,dfd1f9183c31196a3e5d127cec3c8519e092cad39e9042be18e0db07e22b87a3,4,3,19,10,2,0,0,"static single-case binary; CUDA event includes setup/readback, clock64 covers timed window"
calibration,v2_calibration_bf16_n128_q16_batch_same_in1_same_discard_h0_b1_none_ops0,1,,NVIDIA Thor,11.0,580.00,13.0,1575.000,,,,mem_clock_mhz:unavailable;temperature_c:unavailable;power_w:unavailable;sm_clock_mhz:sysfs_or_default,bf16,128,16,500,3,100,batch,same,same,discard,1,0,1,1,none,0,694000.0,693732.0,694000.0,694098.4,0.000341586029018876,86.75,0.537376,0.5372480000000001,0.537376,0.5381695999999999,0.0011607263149536332,9.5187734870317,7.805156910617519,982,0.000000000,1,911cdbdb26045b4c41a79d5eb5aadea3e23f8dd3589602a8610ca2915fd50242,16,3,19,10,2,0,0,"static single-case binary; CUDA event includes setup/readback, clock64 covers timed window"
calibration,v2_calibration_bf16_n128_q2_batch_same_in0_same_discard_h32_b1_none_ops0,1,,NVIDIA Thor,11.0,580.00,13.0,1575.000,,,,mem_clock_mhz:unavailable;temperature_c:unavailable;power_w:unavailable;sm_clock_mhz:sysfs_or_default,bf16,128,2,500,3,101,batch,same,same,discard,0,32,1,1,none,0,237632.0,237632.0,237632.0,237640.80000000002,2.672516735458854e-05,237.632,0.246944,0.24686720000000004,0.246944,0.24771200000000002,0.0023619321241127103,3.474925935900889,2.123104833484515,500,0.000000000,1,56337dde396bd0cd9b7fa182d495ecef09c3aad461b22c22baa4121586157ca9,2,3,19,10,2,0,0,"static single-case binary; CUDA event includes setup/readback, clock64 covers timed window"
calibration,v2_calibration_fp16_n128_q1_batch_same_in1_same_discard_h32_b0_none_ops0,1,,NVIDIA Thor,11.0,580.00,13.0,1575.000,,,,mem_clock_mhz:unavailable;temperature_c:unavailable;power_w:unavailable;sm_clock_mhz:sysfs_or_default,fp16,128,1,500,3,102,batch,same,same,discard,1,32,0,20,none,0,215661.0,215659.40000000002,215661.0,215662.6,9.2738139951127e-06,431.322,0.267712,0.267712,0.267712,0.26807040000000004,0.0009656224636016445,38.289426460973466,19.584030600047807,10000,0.000000000,1,ed88b32c2ae6e1eddcef05fa2681c2183d23a49a93a5fe334a97365a60d9c4b1,1,3,19,10,2,0,0,"static single-case binary; CUDA event includes setup/readback, clock64 covers timed window"
calibration,v2_calibration_fp16_n256_q32_batch_same_in0_same_discard_h32_b0_none_ops0,1,,NVIDIA Thor,11.0,580.00,13.0,1575.000,,,,mem_clock_mhz:unavailable;temperature_c:unavailable;power_w:unavailable;sm_clock_mhz:sysfs_or_default,fp16,256,32,500,3,103,batch,same,same,discard,0,32,0,20,none,0,2246725.0,2246550.6,2246725.0,2246957.8,0.00011366242250426408,140.4203125,1.557536,1.5574592,1.557536,1.5592256,0.0008009200312153236,235.22340473355663,215.4327861442689,29995,0.000000000,1,2b7234bbd775dd6641b552d55c630ebc30a5889e84001976ec9bacfdb315300d,32,3,19,10,2,0,0,"static single-case binary; CUDA event includes setup/readback, clock64 covers timed window"
calibration,v2_calibration_bf16_n256_q64_batch_ring_in0_same_discard_h10000000_b1_none_ops0,1,,NVIDIA Thor,11.0,580.00,13.0,1575.000,,,,mem_clock_mhz:unavailable;temperature_c:unavailable;power_w:unavailable;sm_clock_mhz:sysfs_or_default,bf16,256,64,500,3,104,batch,ring,same,discard,0,10000000,1,1,none,0,4293133.0,4293133.0,4293133.0,4293133.0,0.0,134.16040625,2.823424,2.8224512,2.823424,2.8285951999999996,0.0014611639203714537,12.309944835158845,11.884305014053858,501,0.000000000,1,8d618d32d775e0470f2d43c66a1e949dfd624c865d904c45f320f866334e5ae5,64,3,17,7,2,0,0,"static single-case binary; CUDA event includes setup/readback, clock64 covers timed window"
calibration,v2_calibration_fp16_n256_q1_batch_same_in0_same_discard_h0_b0_none_ops0,1,,NVIDIA Thor,11.0,580.00,13.0,1575.000,,,,mem_clock_mhz:unavailable;temperature_c:unavailable;power_w:unavailable;sm_clock_mhz:sysfs_or_default,fp16,256,1,500,3,105,batch,same,same,discard,0,0,0,20,none,0,225131.0,225131.00000000003,225131.0,225131.0,0.0,450.262,0.274272,0.2728128,0.274272,0.27447679999999997,0.004143328329967169,73.35760956953952,38.231244895578115,10000,0.000000000,1,de82b0fd70e8a52e5614503df1c7abe13098cabf3cde456bab70736d9e4a7b18,1,3,19,10,2,0,0,"static single-case binary; CUDA event includes setup/readback, clock64 covers timed window"
calibration,v2_calibration_fp16_n128_q4_batch_same_in1_same_discard_h32_b0_none_ops0,1,,NVIDIA Thor,11.0,580.00,13.0,1575.000,,,,mem_clock_mhz:unavailable;temperature_c:unavailable;power_w:unavailable;sm_clock_mhz:sysfs_or_default,fp16,128,4,500,3,106,batch,same,same,discard,1,32,0,20,none,0,315348.0,315275.2,315348.0,315419.2,0.000285405463497816,157.674,0.330208,0.33008000000000004,0.330208,0.3308736,0.0016117874275705165,104.7418851554473,63.5100300416707,10000,0.000000000,1,640e48c3d92ba8291d2d0868dddfc9fe90a597dad81638b26dfa971bd031c620,4,3,19,10,2,0,0,"static single-case binary; CUDA event includes setup/readback, clock64 covers timed window"
calibration,v2_calibration_bf16_n128_q1_batch_ring_in0_same_discard_h32_b1_none_ops0,1,,NVIDIA Thor,11.0,580.00,13.0,1575.000,,,,mem_clock_mhz:unavailable;temperature_c:unavailable;power_w:unavailable;sm_clock_mhz:sysfs_or_default,bf16,128,1,500,3,107,batch,ring,same,discard,0,32,1,1,none,0,215644.0,215643.2,215644.0,215644.0,2.6773346888136097e-06,431.288,0.234464,0.2341824,0.234464,0.2350016,0.002217952507527165,1.9146222477787462,1.1180565033437968,500,0.000000000,1,66cc443b167090a44b4430c149a66f7f25166bf2c979b6048ad4007721f81f21,1,3,17,7,2,0,0,"static single-case binary; CUDA event includes setup/readback, clock64 covers timed window"
control,v2_control_fp16_n256_q1_forced_wait_same_in0_same_discard_h0_b0_none_ops0,1,,NVIDIA Thor,11.0,580.00,13.0,1575.000,,,,mem_clock_mhz:unavailable;temperature_c:unavailable;power_w:unavailable;sm_clock_mhz:sysfs_or_default,fp16,256,1,1000,3,108,forced_wait,same,same,discard,0,0,0,20,none,0,450131.0,450129.4,450131.0,450133.4,5.59083825555412e-06,450.131,0.41904,0.416608,0.41904,0.4195776,0.004728941759146654,73.37895856983856,50.04658266513936,20000,0.000000000,1,c05112b6f9e0ce73af0d3a30986b934fa60132d34c27d46e717619266580c257,1,3,19,10,2,0,0,"static single-case binary; CUDA event includes setup/readback, clock64 covers timed window"
calibration,v2_calibration_bf16_n128_q8_batch_same_in1_same_discard_h10000000_b0_none_ops0,1,,NVIDIA Thor,11.0,580.00,13.0,1575.000,,,,mem_clock_mhz:unavailable;temperature_c:unavailable;power_w:unavailable;sm_clock_mhz:sysfs_or_default,bf16,128,8,500,3,109,batch,same,same,discard,1,10000000,0,20,none,0,447446.0,447445.2,447446.0,447446.0,1.2903248644482549e-06,111.8615,0.4136,0.4124992,0.4136,0.4148288,0.0035216262003231105,147.63857091135023,101.40967117988394,10000,0.000000000,1,624e408bd969c617c491940e51fac6bbcdfdfedc033b632e706a2e9a35d766aa,8,3,19,10,2,0,0,"static single-case binary; CUDA event includes setup/readback, clock64 covers timed window"
calibration,v2_calibration_fp16_n256_q16_batch_ring_in0_same_discard_h10000000_b1_none_ops0,1,,NVIDIA Thor,11.0,580.00,13.0,1575.000,,,,mem_clock_mhz:unavailable;temperature_c:unavailable;power_w:unavailable;sm_clock_mhz:sysfs_or_default,fp16,256,16,500,3,110,batch,ring,same,discard,0,10000000,1,1,none,0,1215146.0,1215146.0,1215146.0,1215146.8,4.751281827974291e-07,151.89325,0.870304,0.8693568,0.870304,0.8724031999999999,0.0022380405671887835,10.872814953923232,9.638710151854985,500,0.000000000,1,6b97296db759c70e7fa5b31842e73ccf0c9c475b3f3017aeaaf09cc2b8a34ff5,16,3,17,7,2,0,0,"static single-case binary; CUDA event includes setup/readback, clock64 covers timed window"
calibration,v2_calibration_fp16_n128_q2_batch_same_in1_same_discard_h0_b0_none_ops0,1,,NVIDIA Thor,11.0,580.00,13.0,1575.000,,,,mem_clock_mhz:unavailable;temperature_c:unavailable;power_w:unavailable;sm_clock_mhz:sysfs_or_default,fp16,128,2,500,3,111,batch,same,same,discard,1,0,0,20,none,0,247148.0,247140.80000000002,247148.0,247148.0,2.1024711900732897e-05,247.148,0.28816,0.28798080000000004,0.28816,0.2887488,0.0017418900324801935,66.82260022334795,36.38867295946696,10000,0.000000000,1,cca326f410812f4d02099f7f94f9b78166c5c6489edac0a7de99c2999ca5612f,2,3,19,10,2,0,0,"static single-case binary; CUDA event includes setup/readback, clock64 covers timed window"
calibration,v2_calibration_fp16_n256_q32_batch_ring_in0_same_discard_h10000000_b1_none_ops0,1,,NVIDIA Thor,11.0,580.00,13.0,1575.000,,,,mem_clock_mhz:unavailable;temperature_c:unavailable;power_w:unavailable;sm_clock_mhz:sysfs_or_default,fp16,256,32,500,3,112,batch,ring,same,discard,0,10000000,1,1,none,0,2239145.0,2239145.0,2239145.0,2239145.0,0.0,139.9465625,1.519072,1.5189184000000002,1.519072,1.5196096,0.00029862344929559284,11.800984393596663,11.04438499294306,500,0.000000000,1,65bd625865446b0621f39de0b7d34a80954cabae2012572ee6d88c1436d1c296,32,3,17,7,2,0,0,"static single-case binary; CUDA event includes setup/readback, clock64 covers timed window"
calibration,v2_calibration_fp16_n128_q2_batch_same_in0_same_discard_h10000000_b0_none_ops0,1,,NVIDIA Thor,11.0,580.00,13.0,1575.000,,,,mem_clock_mhz:unavailable;temperature_c:unavailable;power_w:unavailable;sm_clock_mhz:sysfs_or_default,fp16,128,2,500,3,113,batch,same,same,discard,0,10000000,0,20,none,0,237651.0,237650.2,237651.0,237652.6,6.427589570934226e-06,237.651,0.280768,0.2783872,0.280768,0.2809216,0.006347256300230074,69.49296236918843,37.34670617734214,10000,0.000000000,1,202641085da9f4ccc2030409325f3cbe91bc32bd1e061be1fc2d4d1172846990,2,3,19,10,2,0,0,"static single-case binary; CUDA event includes setup/readback, clock64 covers timed window"
calibration,v2_calibration_fp16_n256_q16_batch_same_in0_same_discard_h32_b0_none_ops0,1,,NVIDIA Thor,11.0,580.00,13.0,1575.000,,,,mem_clock_mhz:unavailable;temperature_c:unavailable;power_w:unavailable;sm_clock_mhz:sysfs_or_default,fp16,256,16,500,3,114,batch,same,same,discard,0,32,0,20,none,0,1236511.0,1236338.2,1236511.0,1236974.2,0.0003324192517495193,154.563875,0.913696,0.9136704000000001,0.913696,0.9146944,0.0007985396039966596,213.69899014242495,183.619234406192,29965,0.000000000,1,75874f0f10508a8d3b3468fa66852ed6e0cd9f98ac8acada6d51b96351f052a7,16,3,19,10,2,0,0,"static single-case binary; CUDA event includes setup/readback, clock64 covers timed window"
calibration,v2_calibration_fp16_n256_q2_batch_same_in1_same_discard_h32_b0_none_ops0,1,,NVIDIA Thor,11.0,580.00,13.0,1575.000,,,,mem_clock_mhz:unavailable;temperature_c:unavailable;power_w:unavailable;sm_clock_mhz:sysfs_or_default,fp16,256,2,500,3,115,batch,same,same,discard,1,32,0,20,none,0,302205.0,302063.4,302205.0,302772.2,0.0015505698904254093,302.205,0.324672,0.3241088,0.324672,0.32569600000000004,0.003096184721336092,109.29714597706855,64.59294303173664,15476,0.000000000,1,b56ba42badea3b788082c8a30093157c97ff7f55aeb8bb64685f13b0300a0bf1,2,3,19,10,2,0,0,"static single-case binary; CUDA event includes setup/readback, clock64 covers timed window"
calibration,v2_calibration_fp16_n256_q16_batch_ring_in0_same_discard_h10000000_b0_none_ops0,1,,NVIDIA Thor,11.0,580.00,13.0,1575.000,,,,mem_clock_mhz:unavailable;temperature_c:unavailable;power_w:unavailable;sm_clock_mhz:sysfs_or_default,fp16,256,16,500,3,116,batch,ring,same,discard,0,10000000,0,20,none,0,1215151.0,1215147.8,1215151.0,1215184.6,2.0970031036824824e-05,151.893875,0.90144,0.9012352,0.90144,0.9034624,0.0017055861436541433,217.45540430777737,186.1157259495918,10000,0.000000000,1,6b97296db759c70e7fa5b31842e73ccf0c9c475b3f3017aeaaf09cc2b8a34ff5,16,3,17,7,2,0,0,"static single-case binary; CUDA event includes setup/readback, clock64 covers timed window"
calibration,v2_calibration_bf16_n256_q32_batch_same_in1_same_discard_h10000000_b0_none_ops0,1,,NVIDIA Thor,11.0,580.00,13.0,1575.000,,,,mem_clock_mhz:unavailable;temperature_c:unavailable;power_w:unavailable;sm_clock_mhz:sysfs_or_default,bf16,256,32,500,3,117,batch,same,same,discard,1,10000000,0,20,none,0,2239151.0,2239149.4000000004,2239151.0,2239151.8,6.8218957053297e-07,139.9469375,1.5536,1.5513728000000002,1.5536,1.5540095999999999,0.0011422382237813826,236.01905543663648,215.97857878475796,10000,0.000000000,1,40ffb6f4606a0d157a0d5c5b8caca33b54e2b15e72bf55fdb277b85b4db2443f,32,3,19,10,2,0,0,"static single-case binary; CUDA event includes setup/readback, clock64 covers timed window"
calibration,v2_calibration_fp16_n128_q8_batch_same_in0_same_discard_h0_b1_none_ops0,1,,NVIDIA Thor,11.0,580.00,13.0,1575.000,,,,mem_clock_mhz:unavailable;temperature_c:unavailable;power_w:unavailable;sm_clock_mhz:sysfs_or_default,fp16,128,8,500,3,118,batch,same,same,discard,0,0,1,1,none,0,407488.0,405365.6,407488.0,407953.6,0.004239084231109282,101.872,0.354976,0.3542592,0.354976,0.3571776,0.0053461492464742695,8.105795508088582,5.907869827819345,500,0.000000000,1,5acb615fc880d3d24a39d982f13a66df938488de4d94dc8a9fd08abda684b51b,8,3,19,10,2,0,0,"static single-case binary; CUDA event includes setup/readback, clock64 covers timed window"
control,v2_control_bf16_n256_q1_commit_wait_same_in0_same_discard_h10000000_b0_none_ops0,1,,NVIDIA Thor,11.0,580.00,13.0,1575.000,,,,mem_clock_mhz:unavailable;temperature_c:unavailable;power_w:unavailable;sm_clock_mhz:sysfs_or_default,bf16,256,1,1000,3,119,commit_wait,same,same,discard,0,10000000,0,20,none,0,258151.0,258149.40000000002,258151.0,258151.0,4.472977134948182e-06,,0.295424,0.29416960000000003,0.295424,0.2962944,0.004522086495074242,,,20000,0.000000000,1,20889491f02dac9ae259ff7e8a188b4683e589994cfc23ccf2b802c401cc5454,0,3,19,9,2,0,0,"static single-case binary; CUDA event includes setup/readback, clock64 covers timed window"
calibration,v2_calibration_fp16_n128_q2_batch_same_in1_same_discard_h32_b1_none_ops0,1,,NVIDIA Thor,11.0,580.00,13.0,1575.000,,,,mem_clock_mhz:unavailable;temperature_c:unavailable;power_w:unavailable;sm_clock_mhz:sysfs_or_default,fp16,128,2,500,3,120,batch,same,same,discard,1,32,1,1,none,0,237632.0,237632.0,237632.0,237632.0,0.0,237.632,0.247872,0.24728320000000004,0.247872,0.250048,0.007324735671481629,3.474925935900889,2.115156209656597,500,0.000000000,1,cc964e9c07f02d9debb2447d9494fee05f5c1cc15bff5cd2416d15c79f0688e5,2,3,19,10,2,0,0,"static single-case binary; CUDA event includes setup/readback, clock64 covers timed window"
calibration,v2_calibration_bf16_n256_q1_batch_ring_in0_same_discard_h0_b1_none_ops0,1,,NVIDIA Thor,11.0,580.00,13.0,1575.000,,,,mem_clock_mhz:unavailable;temperature_c:unavailable;power_w:unavailable;sm_clock_mhz:sysfs_or_default,bf16,256,1,500,3,121,batch,ring,same,discard,0,0,1,1,none,0,225125.0,225125.0,225125.0,225125.0,0.0,450.25,0.242432,0.24076800000000004,0.242432,0.2434304,0.006942851884801678,3.66797823431427,2.162618796198522,500,0.000000000,1,81857b40ebf2a134430c3177b45ca3b129af4733c46de2aa8d5ac6db03449991,1,3,17,7,2,0,0,"static single-case binary; CUDA event includes setup/readback, clock64 covers timed window"
calibration,v2_calibration_fp16_n128_q64_batch_same_in0_same_discard_h10000000_b0_none_ops0,1,,NVIDIA Thor,11.0,580.00,13.0,1575.000,,,,mem_clock_mhz:unavailable;temperature_c:unavailable;power_w:unavailable;sm_clock_mhz:sysfs_or_default,fp16,128,64,500,3,122,batch,same,same,discard,0,10000000,0,20,none,0,2245914.0,2245913.2,2245914.0,2245915.6,6.801351275873598e-07,70.1848125,1.556832,1.5555008000000001,1.556832,1.5568832000000001,0.0006295120732653614,235.30834395261795,215.530204928984,10000,0.000000000,1,8f4965913b45de073441ba404e6620bf1096ac21ad1a4dc02bbb725e483b5f72,64,3,19,10,2,0,0,"static single-case binary; CUDA event includes setup/readback, clock64 covers timed window"
calibration,v2_calibration_fp16_n256_q8_batch_ring_in0_same_discard_h32_b1_none_ops0,1,,NVIDIA Thor,11.0,580.00,13.0,1575.000,,,,mem_clock_mhz:unavailable;temperature_c:unavailable;power_w:unavailable;sm_clock_mhz:sysfs_or_default,fp16,256,8,500,3,123,batch,ring,same,discard,0,32,1,1,none,0,708878.0,708870.0,708878.0,708904.4,3.174256841933169e-05,177.2195,0.548128,0.5479232,0.548128,0.5481536,0.0002880235225174311,9.318992548788367,7.652052075427638,1498,0.000000000,1,862273fd4b8bb558c8835608cb96c4922d55c362e74a82566ccb25c38341d15d,8,3,17,7,2,0,0,"static single-case binary; CUDA event includes setup/readback, clock64 covers timed window"
calibration,v2_calibration_fp16_n256_q32_batch_same_in1_same_discard_h0_b0_none_ops0,1,,NVIDIA Thor,11.0,580.00,13.0,1575.000,,,,mem_clock_mhz:unavailable;temperature_c:unavailable;power_w:unavailable;sm_clock_mhz:sysfs_or_default,fp16,256,32,500,3,124,batch,same,same,discard,1,0,0,20,none,0,2262082.0,2261906.8000000003,2262082.0,2262152.4,6.988813349936867e-05,141.380125,1.568768,1.5680512000000002,1.568768,1.5698432,0.0007186114388438834,233.62650160339015,213.89033942558746,29994,0.000000000,1,34b230995aae566ed4f432a5832882ef937c006e3f1a698d6f897290491cca9f,32,3,19,10,2,0,0,"static single-case binary; CUDA event includes setup/readback, clock64 covers timed window"
calibration,v2_calibration_bf16_n128_q32_batch_same_in0_same_discard_h0_b0_none_ops0,1,,NVIDIA Thor,11.0,580.00,13.0,1575.000,,,,mem_clock_mhz:unavailable;temperature_c:unavailable;power_w:unavailable;sm_clock_mhz:sysfs_or_default,bf16,128,32,500,3,125,batch,same,same,discard,0,0,0,20,none,0,1205334.0,1205158.8,1205334.0,1205364.4000000001,0.00011509148634968192,75.333375,0.895072,0.8947904,0.895072,0.8951743999999999,0.00027771983404600067,219.2264982154324,187.4398484144292,19272,0.000000000,1,aea7b9b4bf18410f9915ee133de85ade6a325212c52176806f93929b802bea1e,32,3,19,10,2,0,0,"static single-case binary; CUDA event includes setup/readback, clock64 covers timed window"
control,v2_control_bf16_n256_q1_commit_wait_same_in0_same_discard_h0_b1_none_ops0,1,,NVIDIA Thor,11.0,580.00,13.0,1575.000,,,,mem_clock_mhz:unavailable;temperature_c:unavailable;power_w:unavailable;sm_clock_mhz:sysfs_or_default,bf16,256,1,1000,3,126,commit_wait,same,same,discard,0,0,1,1,none,0,258144.0,258144.0,258144.0,258144.8,2.236540549755598e-06,,0.261024,0.261024,0.261024,0.2613568,0.0009196479537002489,,,1000,0.000000000,1,a74838b0dd21faa9d62ab99f4191e0bf741e4b05f8dac4010500bb2c445d480d,0,3,19,9,2,0,0,"static single-case binary; CUDA event includes setup/readback, clock64 covers timed window"
calibration,v2_calibration_bf16_n128_q64_batch_same_in1_same_discard_h32_b1_none_ops0,1,,NVIDIA Thor,11.0,580.00,13.0,1575.000,,,,mem_clock_mhz:unavailable;temperature_c:unavailable;power_w:unavailable;sm_clock_mhz:sysfs_or_default,bf16,128,64,500,3,127,batch,same,same,discard,1,32,1,1,none,0,2222847.0,2222635.0,2222847.0,2222978.2,9.73867098213769e-05,69.46396875,1.509088,1.5090880000000002,1.509088,1.5098816000000002,0.00037943844188767295,11.887509666657218,11.117453720392716,759,0.000000000,1,a076b45e68d7279aa2a542a62d44b8e5176501a94eabc7a414e69c4b4248656e,64,3,19,10,2,0,0,"static single-case binary; CUDA event includes setup/readback, clock64 covers timed window"
calibration,v2_calibration_bf16_n256_q2_batch_same_in0_same_discard_h10000000_b0_none_ops0,1,,NVIDIA Thor,11.0,580.00,13.0,1575.000,,,,mem_clock_mhz:unavailable;temperature_c:unavailable;power_w:unavailable;sm_clock_mhz:sysfs_or_default,bf16,256,2,500,3,128,batch,same,same,discard,0,10000000,0,20,none,0,319436.0,319435.2,319436.0,319439.19999999995,8.282544949597544e-06,319.436,0.333824,0.3334912,0.333824,0.3344384,0.0017986914396526349,103.40144504689516,62.822085889570545,10000,0.000000000,1,5fc729e1e88d0aad6774c74c928b03f7c69389582b25ecc8aa0efcfc5f26ab54,2,3,19,10,2,0,0,"static single-case binary; CUDA event includes setup/readback, clock64 covers timed window"
calibration,v2_calibration_fp16_n128_q32_batch_same_in0_same_discard_h10000000_b1_none_ops0,1,,NVIDIA Thor,11.0,580.00,13.0,1575.000,,,,mem_clock_mhz:unavailable;temperature_c:unavailable;power_w:unavailable;sm_clock_mhz:sysfs_or_default,fp16,128,32,500,3,129,batch,same,same,discard,0,10000000,1,1,none,0,1215422.0,1215422.0,1215422.0,1215422.8,4.750202899482888e-07,75.963875,0.869344,0.8686784000000001,0.869344,0.869472,0.0006127878121168914,10.870345937460405,9.649353995656496,500,0.000000000,1,e05182187f929aeca57d9c58f1ef762265c51264302bf5b49e9488f6d47e482e,32,3,19,10,2,0,0,"static single-case binary; CUDA event includes setup/readback, clock64 covers timed window"
calibration,v2_calibration_bf16_n256_q32_batch_same_in0_same_discard_h32_b1_none_ops0,1,,NVIDIA Thor,11.0,580.00,13.0,1575.000,,,,mem_clock_mhz:unavailable;temperature_c:unavailable;power_w:unavailable;sm_clock_mhz:sysfs_or_default,bf16,256,32,500,3,130,batch,same,same,discard,0,32,1,1,none,0,2246363.0,2246274.2,2246363.0,2246674.2,0.00011687963243829582,140.3976875,1.522944,1.5228160000000002,1.522944,1.5247104,0.0008685839362256055,11.763065541944915,11.016305261388469,1499,0.000000000,1,342d233e4cd8a4e202f22e920f44b1e73d7ae59ec78337ac41259d50a4ec6c73,32,3,19,10,2,0,0,"static single-case binary; CUDA event includes setup/readback, clock64 covers timed window"
calibration,v2_calibration_bf16_n256_q64_batch_same_in0_same_discard_h10000000_b1_none_ops0,1,,NVIDIA Thor,11.0,580.00,13.0,1575.000,,,,mem_clock_mhz:unavailable;temperature_c:unavailable;power_w:unavailable;sm_clock_mhz:sysfs_or_default,bf16,256,64,500,3,131,batch,same,same,discard,0,10000000,1,1,none,0,4293632.0,4293632.0,4293632.0,4293632.8,1.3446662973618044e-07,134.176,2.82336,2.8227456,2.82336,2.8245375999999998,0.00040313462395211527,12.308514190317196,11.884574407797801,501,0.000000000,1,a2ccae72998b67fed1ee796a80fcfa7a2ec6a3e276988e27086f3e0e04b7c4b3,64,3,19,10,2,0,0,"static single-case binary; CUDA event includes setup/readback, clock64 covers timed window"
calibration,v2_calibration_fp16_n256_q64_batch_ring_in0_same_discard_h10000000_b0_none_ops0,1,,NVIDIA Thor,11.0,580.00,13.0,1575.000,,,,mem_clock_mhz:unavailable;temperature_c:unavailable;power_w:unavailable;sm_clock_mhz:sysfs_or_default,fp16,256,64,500,3,132,batch,ring,same,discard,0,10000000,0,20,none,0,4293138.0,4293137.2,4293138.0,4293138.0,1.344821233365897e-07,134.1605625,2.857056,2.8560576,2.857056,2.8590272,0.0006610426242584005,246.19860996781375,234.88816460020385,10000,0.000000000,1,56fb8035a7a5ee417138779a483a01efda1640ff18856400606d6442cd4b324e,64,3,17,7,2,0,0,"static single-case binary; CUDA event includes setup/readback, clock64 covers timed window"
calibration,v2_calibration_bf16_n256_q1_batch_same_in1_same_discard_h0_b0_none_ops0,1,,NVIDIA Thor,11.0,580.00,13.0,1575.000,,,,mem_clock_mhz:unavailable;temperature_c:unavailable;power_w:unavailable;sm_clock_mhz:sysfs_or_default,bf16,256,1,500,3,133,batch,same,same,discard,1,0,0,20,none,0,225136.0,225136.00000000003,225136.0,225136.8,2.5644473312746456e-06,450.272,0.275392,0.2744704,0.275392,0.2763136,0.004183128050197588,73.3559803851894,38.07576109690913,10000,0.000000000,1,66ef6b09173120f1e55a162e2c418de97285821d09015b3a9a170898cb3f357b,1,3,19,10,2,0,0,"static single-case binary; CUDA event includes setup/readback, clock64 covers timed window"
calibration,v2_calibration_fp16_n256_q2_batch_same_in1_same_discard_h10000000_b0_none_ops0,1,,NVIDIA Thor,11.0,580.00,13.0,1575.000,,,,mem_clock_mhz:unavailable;temperature_c:unavailable;power_w:unavailable;sm_clock_mhz:sysfs_or_default,fp16,256,2,500,3,134,batch,same,same,discard,1,10000000,0,20,none,0,319438.0,319436.4,319438.0,319438.0,3.614795197323789e-06,319.438,0.336,0.33448960000000005,0.336,0.3364096,0.003767147678249887,103.40079765087434,62.41523809523809,10000,0.000000000,1,0d1e1812b6be62870c6e14d5d998c1b2d25b8e9d580e3c4a516b6687222752fe,2,3,19,10,2,0,0,"static single-case binary; CUDA event includes setup/readback, clock64 covers timed window"
calibration,v2_calibration_bf16_n128_q8_batch_same_in0_same_discard_h10000000_b0_none_ops0,1,,NVIDIA Thor,11.0,580.00,13.0,1575.000,,,,mem_clock_mhz:unavailable;temperature_c:unavailable;power_w:unavailable;sm_clock_mhz:sysfs_or_default,bf16,128,8,500,3,135,batch,same,same,discard,0,10000000,0,20,none,0,447445.0,447442.60000000003,447445.0,447446.60000000003,5.62440825850403e-06,111.86125,0.414912,0.4133504,0.414912,0.415424,0.0032576366996982624,147.63890087049802,101.08900200524448,10000,0.000000000,1,93006b2319900ff46c998d9be4f3457f1813a9a46603fa34a613af81143dc035,8,3,19,10,2,0,0,"static single-case binary; CUDA event includes setup/readback, clock64 covers timed window"
calibration,v2_calibration_bf16_n128_q4_batch_same_in1_same_discard_h10000000_b1_none_ops0,1,,NVIDIA Thor,11.0,580.00,13.0,1575.000,,,,mem_clock_mhz:unavailable;temperature_c:unavailable;power_w:unavailable;sm_clock_mhz:sysfs_or_default,bf16,128,4,500,3,136,batch,same,same,discard,1,10000000,1,1,none,0,319600.0,319600.0,319600.0,319600.0,0.0,159.8,0.300672,0.3001344,0.300672,0.300928,0.0016845575165994624,5.167419274092616,3.4874414644529588,500,0.000000000,1,c24b4508ab4fb2809073cff1c539ada4d174b73b39108dc28fcff6a274d9cfcb,4,3,19,10,2,0,0,"static single-case binary; CUDA event includes setup/readback, clock64 covers timed window"
control,v2_control_fp16_n256_q1_commit_wait_same_in0_same_discard_h32_b0_none_ops0,1,,NVIDIA Thor,11.0,580.00,13.0,1575.000,,,,mem_clock_mhz:unavailable;temperature_c:unavailable;power_w:unavailable;sm_clock_mhz:sysfs_or_default,fp16,256,1,1000,3,137,commit_wait,same,same,discard,0,32,0,20,none,0,258148.0,258147.2,258148.0,258149.59999999998,5.917238402928342e-06,,0.296736,0.2949184,0.296736,0.2968128,0.004527919268883434,,,20000,0.000000000,1,c72ed06fc56bef7f4783d92926eb5d804993e13d86464442488e43cfede71c63,0,3,19,9,2,0,0,"static single-case binary; CUDA event includes setup/readback, clock64 covers timed window"
calibration,v2_calibration_bf16_n128_q64_batch_same_in1_same_discard_h0_b1_none_ops0,1,,NVIDIA Thor,11.0,580.00,13.0,1575.000,,,,mem_clock_mhz:unavailable;temperature_c:unavailable;power_w:unavailable;sm_clock_mhz:sysfs_or_default,bf16,128,64,500,3,138,batch,same,same,discard,1,0,1,1,none,0,2205709.0,2205707.4000000004,2205709.0,2205770.6,2.042151162298846e-05,68.92840625,1.497504,1.496992,1.497504,1.4978879999999999,0.00037523876144532944,11.979873682339782,11.203453212812787,522,0.000000000,1,112793e77a6d2906b8e316dc5c78ad8c680863619f1ec4a445853ed8a8144b51,64,3,19,10,2,0,0,"static single-case binary; CUDA event includes setup/readback, clock64 covers timed window"
calibration,v2_calibration_bf16_n256_q64_batch_same_in1_same_discard_h32_b0_none_ops0,1,,NVIDIA Thor,11.0,580.00,13.0,1575.000,,,,mem_clock_mhz:unavailable;temperature_c:unavailable;power_w:unavailable;sm_clock_mhz:sysfs_or_default,bf16,256,64,500,3,139,batch,same,same,discard,1,32,0,20,none,0,4308921.0,4307721.0,4308921.0,4308959.4,0.0002042989293042107,134.65378125,3.271232,3.2703104,3.271232,3.4847872,0.0459707332496814,245.29681746311894,205.14859233463113,29992,0.000000000,1,3c71eee40e5416e03a0c5357e6b00d624c117b0c0a538fcea6d5c99edfa25991,64,3,19,10,2,0,0,"static single-case binary; CUDA event includes setup/readback, clock64 covers timed window"
calibration,v2_calibration_fp16_n256_q8_batch_same_in0_same_discard_h10000000_b0_none_ops0,1,,NVIDIA Thor,11.0,580.00,13.0,1575.000,,,,mem_clock_mhz:unavailable;temperature_c:unavailable;power_w:unavailable;sm_clock_mhz:sysfs_or_default,fp16,256,8,500,3,140,batch,same,same,discard,0,10000000,0,20,none,0,703148.0,703148.0,703148.0,703157.6,9.853066236426134e-06,175.787,0.578016,0.5776832000000001,0.578016,0.5780928,0.00047093341782506376,187.89867282563557,145.12760892432044,10004,0.000000000,1,4965208c3a35ae39365b263da1cdb24e7fff60bbf78d1250d43f270d0b9cfef1,8,3,19,10,2,0,0,"static single-case binary; CUDA event includes setup/readback, clock64 covers timed window"
calibration,v2_calibration_bf16_n128_q32_batch_same_in1_same_discard_h0_b0_none_ops0,1,,NVIDIA Thor,11.0,580.00,13.0,1575.000,,,,mem_clock_mhz:unavailable;temperature_c:unavailable;power_w:unavailable;sm_clock_mhz:sysfs_or_default,bf16,128,32,500,3,141,batch,same,same,discard,1,0,0,20,none,0,1205213.0,1205212.2000000002,1205213.0,1205383.4,0.00010227077654672399,75.3258125,0.89424,0.8913216,0.89424,0.8951616,0.0028047955801356224,219.24850794009026,187.61424226158525,19297,0.000000000,1,bca96d7ae3332dfced960824bcc7dba426b4492a7bdbbba147e2c5ad7314398d,32,3,19,10,2,0,0,"static single-case binary; CUDA event includes setup/readback, clock64 covers timed window"
calibration,v2_calibration_fp16_n256_q8_batch_ring_in0_same_discard_h10000000_b1_none_ops0,1,,NVIDIA Thor,11.0,580.00,13.0,1575.000,,,,mem_clock_mhz:unavailable;temperature_c:unavailable;power_w:unavailable;sm_clock_mhz:sysfs_or_default,fp16,256,8,500,3,142,batch,ring,same,discard,0,10000000,1,1,none,0,703145.0,703145.0,703145.0,703145.8,8.210966379491376e-07,175.78625,0.544544,0.5443392,0.544544,0.5455936,0.00154374435378141,9.394973725191816,7.702415231826997,500,0.000000000,1,60dae41e0ce190378bf904b44d59af1b02522c632fee646decb8c14a2e593be7,8,3,17,7,2,0,0,"static single-case binary; CUDA event includes setup/readback, clock64 covers timed window"
calibration,v2_calibration_bf16_n256_q16_batch_same_in0_same_discard_h10000000_b1_none_ops0,1,,NVIDIA Thor,11.0,580.00,13.0,1575.000,,,,mem_clock_mhz:unavailable;temperature_c:unavailable;power_w:unavailable;sm_clock_mhz:sysfs_or_default,bf16,256,16,500,3,143,batch,same,same,discard,0,10000000,1,1,none,0,1215146.0,1215146.0,1215146.0,1215169.2,1.3778611469942655e-05,151.89325,0.869536,0.8694080000000001,0.869536,0.8695615999999999,0.00011830522923376958,10.872814953923232,9.647223346704449,500,0.000000000,1,020030772c86af2690c5ceae030a5d031a95c59f485832a66cdb21e72a21209e,16,3,19,10,2,0,0,"static single-case binary; CUDA event includes setup/readback, clock64 covers timed window"
calibration,v2_calibration_fp16_n128_q1_batch_same_in1_same_discard_h0_b1_none_ops0,1,,NVIDIA Thor,11.0,580.00,13.0,1575.000,,,,mem_clock_mhz:unavailable;temperature_c:unavailable;power_w:unavailable;sm_clock_mhz:sysfs_or_default,fp16,128,1,500,3,144,batch,same,same,discard,1,0,1,1,none,0,225128.0,225128.00000000003,225128.0,225128.0,0.0,450.256,0.240768,0.2407168,0.240768,0.2409728,0.0007030962825045044,1.833964677872144,1.0887825624667729,500,0.000000000,1,484b10651d65bc3bcc2dbee520ede22f87877f5504ece0d698336a34d3e2724f,1,3,19,10,2,0,0,"static single-case binary; CUDA event includes setup/readback, clock64 covers timed window"
calibration,v2_calibration_bf16_n256_q64_batch_same_in0_same_discard_h32_b0_none_ops0,1,,NVIDIA Thor,11.0,580.00,13.0,1575.000,,,,mem_clock_mhz:unavailable;temperature_c:unavailable;power_w:unavailable;sm_clock_mhz:sysfs_or_default,bf16,256,64,500,3,145,batch,same,same,discard,0,32,0,20,none,0,4311453.0,4311196.2,4311453.0,4311493.0,4.6695553867001924e-05,134.73290625,2.868864,2.86848,2.868864,2.8754432000000003,0.0017038745709659726,245.15276126169064,233.921384910543,29970,0.000000000,1,9443576fbc14112da7e839e6c46fc730ca3ea7e7a51d668f020b3e2a6d4472e6,64,3,19,10,2,0,0,"static single-case binary; CUDA event includes setup/readback, clock64 covers timed window"
calibration,v2_calibration_fp16_n256_q64_batch_same_in0_same_discard_h32_b0_none_ops0,1,,NVIDIA Thor,11.0,580.00,13.0,1575.000,,,,mem_clock_mhz:unavailable;temperature_c:unavailable;power_w:unavailable;sm_clock_mhz:sysfs_or_default,fp16,256,64,500,3,146,batch,same,same,discard,0,32,0,20,none,0,4311400.0,4311385.6,4311400.0,4311488.8,1.6204400325282783e-05,134.73125,2.867104,2.867104,2.867104,2.8697152,0.0006570241039076284,245.155774922299,234.0649798542362,29972,0.000000000,1,1e93acf087f262842421cfe8ef2ecce1600df58d4479eb93889c92be889a9088,64,3,19,10,2,0,0,"static single-case binary; CUDA event includes setup/readback, clock64 covers timed window"
calibration,v2_calibration_bf16_n128_q32_batch_same_in1_same_discard_h10000000_b0_none_ops0,1,,NVIDIA Thor,11.0,580.00,13.0,1575.000,,,,mem_clock_mhz:unavailable;temperature_c:unavailable;power_w:unavailable;sm_clock_mhz:sysfs_or_default,bf16,128,32,500,3,147,batch,same,same,discard,1,10000000,0,20,none,0,1215425.0,1215423.4,1215425.0,1215429.0,2.9664918106606154e-06,75.9640625,0.903008,0.9028288000000001,0.903008,0.9042112,0.0010401376430917916,217.4063821297077,185.79255111804102,10000,0.000000000,1,6002fc9643910582a517b1900fe516f916c0cd15dc35a8345d847d0c5e608959,32,3,19,10,2,0,0,"static single-case binary; CUDA event includes setup/readback, clock64 covers timed window"
calibration,v2_calibration_bf16_n128_q2_batch_same_in0_same_discard_h0_b1_none_ops0,1,,NVIDIA Thor,11.0,580.00,13.0,1575.000,,,,mem_clock_mhz:unavailable;temperature_c:unavailable;power_w:unavailable;sm_clock_mhz:sysfs_or_default,bf16,128,2,500,3,148,batch,same,same,discard,0,0,1,1,none,0,247124.0,247124.0,247124.0,247124.0,0.0,247.124,0.25504,0.2534784,0.25504,0.2580608,0.011390662160470667,3.3414544924815073,2.0557089084065243,500,0.000000000,1,667771dd301a87c639961ccf0eabf65e96ed245537f6db8e8fbc96b4fc8e3086,2,3,19,10,2,0,0,"static single-case binary; CUDA event includes setup/readback, clock64 covers timed window"
calibration,v2_calibration_bf16_n128_q1_batch_same_in1_same_discard_h10000000_b1_none_ops0,1,,NVIDIA Thor,11.0,580.00,13.0,1575.000,,,,mem_clock_mhz:unavailable;temperature_c:unavailable;power_w:unavailable;sm_clock_mhz:sysfs_or_default,bf16,128,1,500,3,149,batch,same,same,discard,1,10000000,1,1,none,0,215655.0,215655.0,215655.0,215655.0,0.0,431.31,0.234848,0.2345152,0.234848,0.23500159999999998,0.0013238348281993104,1.9145245878834247,1.1162283689876003,500,0.000000000,1,ea556525cd9fe95fd5076406294504c1c66e263cc4397aa582078195f78787e6,1,3,19,10,2,0,0,"static single-case binary; CUDA event includes setup/readback, clock64 covers timed window"
control,v2_control_fp16_n128_q1_commit_wait_same_in0_same_discard_h10000000_b0_none_ops0,1,,NVIDIA Thor,11.0,580.00,13.0,1575.000,,,,mem_clock_mhz:unavailable;temperature_c:unavailable;power_w:unavailable;sm_clock_mhz:sysfs_or_default,fp16,128,1,1000,3,150,commit_wait,same,same,discard,0,10000000,0,20,none,0,258152.0,258152.0,258152.0,258152.0,0.0,,0.294048,0.29297280000000003,0.294048,0.2951488,0.004625034138949064,,,20000,0.000000000,1,cd0704797ff474084a61095856e22ab6bfa989917e6f9124a7278a2317c88e59,0,3,19,9,2,0,0,"static single-case binary; CUDA event includes setup/readback, clock64 covers timed window"
calibration,v2_calibration_fp16_n128_q8_batch_same_in0_same_discard_h10000000_b0_none_ops0,1,,NVIDIA Thor,11.0,580.00,13.0,1575.000,,,,mem_clock_mhz:unavailable;temperature_c:unavailable;power_w:unavailable;sm_clock_mhz:sysfs_or_default,fp16,128,8,500,3,151,batch,same,same,discard,0,10000000,0,20,none,0,447446.0,447446.00000000006,447446.0,447446.80000000005,1.290322941946019e-06,111.8615,0.416,0.4155904,0.416,0.416256,0.0010089919255734643,147.63857091135023,100.82461538461538,10000,0.000000000,1,00aa29e04f217adfb39d56c86e66623e3e352b267413ef236f4d471157ba697e,8,3,19,10,2,0,0,"static single-case binary; CUDA event includes setup/readback, clock64 covers timed window"
calibration,v2_calibration_bf16_n128_q32_batch_same_in1_same_discard_h32_b0_none_ops0,1,,NVIDIA Thor,11.0,580.00,13.0,1575.000,,,,mem_clock_mhz:unavailable;temperature_c:unavailable;power_w:unavailable;sm_clock_mhz:sysfs_or_default,bf16,128,32,500,3,152,batch,same,same,discard,1,32,0,20,none,0,1188551.0,1188492.6,1188551.0,1188694.2,0.00010908957849288233,74.2844375,0.885152,0.8850496000000001,0.885152,0.8855872,0.0004030490308852893,222.32209808413776,189.54050829688006,12453,0.000000000,1,d0a6513ba0f446ff81a36014f7827cfb491f7e4ca7a06a05bcdecc9297449907,32,3,19,10,2,0,0,"static single-case binary; CUDA event includes setup/readback, clock64 covers timed window"
control,v2_control_bf16_n256_q64_empty_same_in0_same_discard_h32_b1_none_ops0,1,,NVIDIA Thor,11.0,580.00,13.0,1575.000,,,,mem_clock_mhz:unavailable;temperature_c:unavailable;power_w:unavailable;sm_clock_mhz:sysfs_or_default,bf16,256,64,1000,3,153,empty,same,same,discard,0,32,1,1,none,0,264108.0,264107.2,264108.0,264108.0,2.1860413083665084e-06,,0.266432,0.2650752,0.266432,0.266432,0.0036829967021524235,,,0,0.000000000,1,b8a04d3763c5c1e1656a6eed9dab1fd82f76f0bd0e8bec6088967416d79a8ead,0,2,16,9,2,0,0,"static single-case binary; CUDA event includes setup/readback, clock64 covers timed window"
calibration,v2_calibration_fp16_n128_q2_batch_ring_in0_same_discard_h32_b1_none_ops0,1,,NVIDIA Thor,11.0,580.00,13.0,1575.000,,,,mem_clock_mhz:unavailable;temperature_c:unavailable;power_w:unavailable;sm_clock_mhz:sysfs_or_default,fp16,128,2,500,3,154,batch,ring,same,discard,0,32,1,1,none,0,237649.0,237649.0,237649.0,237649.0,0.0,237.649,0.247744,0.247232,0.247744,0.24843520000000002,0.0030456746128927907,3.474677360308691,2.116249031258073,500,0.000000000,1,e1ed2bfe2ea343e31d4357b8f7b15d54298c136ee43d3a0cfc2c2ec778699035,2,3,17,7,2,0,0,"static single-case binary; CUDA event includes setup/readback, clock64 covers timed window"
calibration,v2_calibration_bf16_n256_q8_batch_same_in0_same_discard_h0_b0_none_ops0,1,,NVIDIA Thor,11.0,580.00,13.0,1575.000,,,,mem_clock_mhz:unavailable;temperature_c:unavailable;power_w:unavailable;sm_clock_mhz:sysfs_or_default,bf16,256,8,500,3,155,batch,same,same,discard,0,0,0,20,none,0,725926.0,725894.8,725926.0,725937.2,3.7835047510189663e-05,181.4815,0.593216,0.5931648,0.593216,0.5937536,0.0006870567775822203,182.00281571399842,141.40899773438343,30000,0.000000000,1,2c322940ee879c72422fec2b153b5d68e9f192eb8663c61b218596097ea69582,8,3,19,10,2,0,0,"static single-case binary; CUDA event includes setup/readback, clock64 covers timed window"
calibration,v2_calibration_bf16_n128_q32_batch_ring_in0_same_discard_h10000000_b1_none_ops0,1,,NVIDIA Thor,11.0,580.00,13.0,1575.000,,,,mem_clock_mhz:unavailable;temperature_c:unavailable;power_w:unavailable;sm_clock_mhz:sysfs_or_default,bf16,128,32,500,3,156,batch,ring,same,discard,0,10000000,1,1,none,0,1215422.0,1215408.4,1215422.0,1215422.0,8.075384793707428e-06,75.963875,0.869984,0.8685248000000001,0.869984,0.8700864,0.0012559133688212292,10.870345937460405,9.642255489756133,500,0.000000000,1,8a2decbeee040986b7e19739dcf395a8b1fd5fdef286a4fc574f1d6950fb0f16,32,3,17,7,2,0,0,"static single-case binary; CUDA event includes setup/readback, clock64 covers timed window"
calibration,v2_calibration_fp16_n256_q4_batch_same_in0_same_discard_h10000000_b0_none_ops0,1,,NVIDIA Thor,11.0,580.00,13.0,1575.000,,,,mem_clock_mhz:unavailable;temperature_c:unavailable;power_w:unavailable;sm_clock_mhz:sysfs_or_default,fp16,256,4,500,3,157,batch,same,same,discard,0,10000000,0,20,none,0,447270.0,447268.4,447270.0,447270.80000000005,3.4152220583971637e-06,223.635,0.415936,0.4105344,0.415936,0.4165248,0.009970686823035214,147.69666644308805,100.84012925065396,10000,0.000000000,1,cdad0d4b919651ad5de05722332664d9a99bc6f69a1b7bd24e5630a48104ee4f,4,3,19,10,2,0,0,"static single-case binary; CUDA event includes setup/readback, clock64 covers timed window"
calibration,v2_calibration_fp16_n128_q64_batch_ring_in0_same_discard_h0_b1_none_ops0,1,,NVIDIA Thor,11.0,580.00,13.0,1575.000,,,,mem_clock_mhz:unavailable;temperature_c:unavailable;power_w:unavailable;sm_clock_mhz:sysfs_or_default,fp16,128,64,500,3,158,batch,ring,same,discard,0,0,1,1,none,0,2234726.0,2233865.2,2234726.0,2234787.6,0.000288493399592287,69.8351875,1.516128,1.5143616,1.516128,1.5179712,0.0014880818688959565,11.824319938999235,11.065830853331647,960,0.000000000,1,9aa0887b05f614c727996c96fa33d935cbd51edbd95706169850c480afa6714b,64,3,17,7,2,0,0,"static single-case binary; CUDA event includes setup/readback, clock64 covers timed window"
calibration,v2_calibration_bf16_n256_q1_batch_same_in0_same_discard_h0_b0_none_ops0,1,,NVIDIA Thor,11.0,580.00,13.0,1575.000,,,,mem_clock_mhz:unavailable;temperature_c:unavailable;power_w:unavailable;sm_clock_mhz:sysfs_or_default,bf16,256,1,500,3,159,batch,same,same,discard,0,0,0,20,none,0,225131.0,225128.60000000003,225131.0,225134.19999999998,1.5599270578140667e-05,450.262,0.2744,0.2738368,0.2744,0.276064,0.005266580566082059,73.35760956953952,38.2134110787172,10000,0.000000000,1,77a8d38ad38c2a77d60e0b0a011f1eb605ac59bd5c4e32adb1d4efd61d425677,1,3,19,10,2,0,0,"static single-case binary; CUDA event includes setup/readback, clock64 covers timed window"
calibration,v2_calibration_bf16_n256_q32_batch_same_in1_same_discard_h32_b0_none_ops0,1,,NVIDIA Thor,11.0,580.00,13.0,1575.000,,,,mem_clock_mhz:unavailable;temperature_c:unavailable;power_w:unavailable;sm_clock_mhz:sysfs_or_default,bf16,256,32,500,3,160,batch,same,same,discard,1,32,0,20,none,0,2246702.0,2246612.4,2246702.0,2246721.2,3.231008009489874e-05,140.418875,1.558048,1.557792,1.558048,1.615904,0.026450937892329093,235.2258127691167,215.36199141489863,29968,0.000000000,1,dd851ad1e1df298569210f3471a2662781b6c7ca78b3b64604975e705868a9c7,32,3,19,10,2,0,0,"static single-case binary; CUDA event includes setup/readback, clock64 covers timed window"
calibration,v2_calibration_fp16_n256_q2_batch_same_in1_same_discard_h0_b0_none_ops0,1,,NVIDIA Thor,11.0,580.00,13.0,1575.000,,,,mem_clock_mhz:unavailable;temperature_c:unavailable;power_w:unavailable;sm_clock_mhz:sysfs_or_default,fp16,256,2,500,3,161,batch,same,same,discard,1,0,0,20,none,0,308136.0,308084.0,308136.0,308616.0,0.001189102747743631,308.136,0.326304,0.326048,0.326304,0.3267392,0.0013383616726220088,107.19339512423086,64.26988329900952,17998,0.000000000,1,1960bf99e77d0697a898a4eb8dd09def2a9ec57f8e77cc0588108cc57825c0e0,2,3,19,10,2,0,0,"static single-case binary; CUDA event includes setup/readback, clock64 covers timed window"
calibration,v2_calibration_fp16_n256_q2_batch_same_in1_same_discard_h10000000_b1_none_ops0,1,,NVIDIA Thor,11.0,580.00,13.0,1575.000,,,,mem_clock_mhz:unavailable;temperature_c:unavailable;power_w:unavailable;sm_clock_mhz:sysfs_or_default,fp16,256,2,500,3,162,batch,same,same,discard,1,10000000,1,1,none,0,319430.0,319430.0,319430.0,319430.0,0.0,319.43,0.30032,0.3002688,0.30032,0.30093440000000005,0.0015404432277539301,5.170169364179945,3.4915290356952586,500,0.000000000,1,0d1e1812b6be62870c6e14d5d998c1b2d25b8e9d580e3c4a516b6687222752fe,2,3,19,10,2,0,0,"static single-case binary; CUDA event includes setup/readback, clock64 covers timed window"
calibration,v2_calibration_fp16_n256_q32_batch_same_in1_same_discard_h0_b1_none_ops0,1,,NVIDIA Thor,11.0,580.00,13.0,1575.000,,,,mem_clock_mhz:unavailable;temperature_c:unavailable;power_w:unavailable;sm_clock_mhz:sysfs_or_default,fp16,256,32,500,3,163,batch,same,same,discard,1,0,1,1,none,0,2261714.0,2261408.4000000004,2261714.0,2261920.4,0.00014237067279112263,141.357125,1.533376,1.5329152000000001,1.533376,1.5334016000000001,0.00022317169458593785,11.683225730574247,10.94135815351225,1498,0.000000000,1,34b230995aae566ed4f432a5832882ef937c006e3f1a698d6f897290491cca9f,32,3,19,10,2,0,0,"static single-case binary; CUDA event includes setup/readback, clock64 covers timed window"
calibration,v2_calibration_bf16_n128_q16_batch_ring_in0_same_discard_h10000000_b1_none_ops0,1,,NVIDIA Thor,11.0,580.00,13.0,1575.000,,,,mem_clock_mhz:unavailable;temperature_c:unavailable;power_w:unavailable;sm_clock_mhz:sysfs_or_default,bf16,128,16,500,3,164,batch,ring,same,discard,0,10000000,1,1,none,0,703422.0,703400.4,703422.0,703422.0,2.2161173120371527e-05,87.92775,0.543648,0.5436224000000001,0.543648,0.5438528,0.0002903175851797305,9.391274085826147,7.715109776914475,501,0.000000000,1,a53116e86327ba2f863e8c3b94953635b7023d953b8b0682b91bc352bc03142e,16,3,17,7,2,0,0,"static single-case binary; CUDA event includes setup/readback, clock64 covers timed window"
calibration,v2_calibration_fp16_n128_q4_batch_same_in1_same_discard_h0_b1_none_ops0,1,,NVIDIA Thor,11.0,580.00,13.0,1575.000,,,,mem_clock_mhz:unavailable;temperature_c:unavailable;power_w:unavailable;sm_clock_mhz:sysfs_or_default,fp16,128,4,500,3,165,batch,same,same,discard,1,0,1,1,none,0,291136.0,291136.0,291136.0,291136.0,0.0,145.568,0.281888,0.281376,0.281888,0.2824256,0.0023273080542881093,5.672631347548912,3.719831990010216,500,0.000000000,1,aa18fabfc94084d12cdacff681102869e322fc112ed03a940e2e02a2f8518e3b,4,3,19,10,2,0,0,"static single-case binary; CUDA event includes setup/readback, clock64 covers timed window"
control,v2_control_fp16_n128_q1_forced_wait_same_in0_same_discard_h32_b1_none_ops0,1,,NVIDIA Thor,11.0,580.00,13.0,1575.000,,,,mem_clock_mhz:unavailable;temperature_c:unavailable;power_w:unavailable;sm_clock_mhz:sysfs_or_default,fp16,128,1,1000,3,166,forced_wait,same,same,discard,0,32,1,1,none,0,431176.0,431176.00000000006,431176.0,431176.0,0.0,431.176,0.372192,0.3716032,0.372192,0.3722944,0.001253512243757191,1.9151195799395142,1.4086492992863897,1000,0.000000000,1,ec6b828f666182cb1e79c5b1efa205193156a5424e7cd0049531cb5a7433a0e2,1,3,19,10,2,0,0,"static single-case binary; CUDA event includes setup/readback, clock64 covers timed window"
calibration,v2_calibration_fp16_n256_q64_batch_same_in1_same_discard_h0_b1_none_ops0,1,,NVIDIA Thor,11.0,580.00,13.0,1575.000,,,,mem_clock_mhz:unavailable;temperature_c:unavailable;power_w:unavailable;sm_clock_mhz:sysfs_or_default,fp16,256,64,500,3,167,batch,same,same,discard,1,0,1,1,none,0,4322893.0,4322884.2,4322893.0,4322955.4,1.1224247797690193e-05,135.09040625,2.841952,2.8369088000000002,2.841952,2.842336,0.0013330214739400513,12.225199744708,11.80682573104683,1500,0.000000000,1,10b8c6a0cfb544964689dc33e613594621a48d2d1993393b445176792a72708a,64,3,19,10,2,0,0,"static single-case binary; CUDA event includes setup/readback, clock64 covers timed window"
calibration,v2_calibration_fp16_n256_q1_batch_ring_in0_same_discard_h32_b0_none_ops0,1,,NVIDIA Thor,11.0,580.00,13.0,1575.000,,,,mem_clock_mhz:unavailable;temperature_c:unavailable;power_w:unavailable;sm_clock_mhz:sysfs_or_default,fp16,256,1,500,3,168,batch,ring,same,discard,0,32,0,20,none,0,249035.0,248975.80000000002,249035.0,249047.8,0.00019281472335776293,498.07,0.2888,0.2875456,0.2888,0.291232,0.008098628073672058,66.31626879755856,36.308033240997226,10000,0.000000000,1,d61b3549aabece32ed78aeae50803fda8548decd87160fbd45f966047927606b,1,3,17,7,2,0,0,"static single-case binary; CUDA event includes setup/readback, clock64 covers timed window"
control,v2_control_fp16_n128_q1_forced_wait_same_in0_same_discard_h0_b1_none_ops0,1,,NVIDIA Thor,11.0,580.00,13.0,1575.000,,,,mem_clock_mhz:unavailable;temperature_c:unavailable;power_w:unavailable;sm_clock_mhz:sysfs_or_default,fp16,128,1,1000,3,169,forced_wait,same,same,discard,0,0,1,1,none,0,450126.0,450126.00000000006,450126.0,450126.0,0.0,450.126,0.383392,0.38249600000000006,0.383392,0.38441600000000004,0.0031318377237114065,1.8344943415843564,1.3674985393539771,1000,0.000000000,1,be7dc69180960d8b9a8f9fd900159607755f1509c3318352e4bb6692127b1b57,1,3,19,10,2,0,0,"static single-case binary; CUDA event includes setup/readback, clock64 covers timed window"
calibration,v2_calibration_bf16_n256_q2_batch_same_in1_same_discard_h0_b1_none_ops0,1,,NVIDIA Thor,11.0,580.00,13.0,1575.000,,,,mem_clock_mhz:unavailable;temperature_c:unavailable;power_w:unavailable;sm_clock_mhz:sysfs_or_default,bf16,256,2,500,3,170,batch,same,same,discard,1,0,1,1,none,0,306351.0,305182.2,306351.0,307263.0,0.0042573802157708715,306.351,0.292192,0.29034879999999996,0.292192,0.2924992,0.004986419357524163,5.390898675049208,3.5886540357025516,888,0.000000000,1,1679be704060cc4991ac1563bd4e48e0a725b09adff1bc43131c735163c91811,2,3,19,10,2,0,0,"static single-case binary; CUDA event includes setup/readback, clock64 covers timed window"
calibration,v2_calibration_fp16_n128_q8_batch_same_in0_same_discard_h0_b0_none_ops0,1,,NVIDIA Thor,11.0,580.00,13.0,1575.000,,,,mem_clock_mhz:unavailable;temperature_c:unavailable;power_w:unavailable;sm_clock_mhz:sysfs_or_default,fp16,128,8,500,3,171,batch,same,same,discard,0,0,0,20,none,0,408420.0,408274.4,408420.0,408448.80000000005,0.0002861723741894313,102.105,0.389824,0.3886464,0.389824,0.3919232,0.00531722653024356,161.7459673865139,107.59481201773107,10000,0.000000000,1,5acb615fc880d3d24a39d982f13a66df938488de4d94dc8a9fd08abda684b51b,8,3,19,10,2,0,0,"static single-case binary; CUDA event includes setup/readback, clock64 covers timed window"
calibration,v2_calibration_fp16_n128_q32_batch_same_in0_same_discard_h32_b1_none_ops0,1,,NVIDIA Thor,11.0,580.00,13.0,1575.000,,,,mem_clock_mhz:unavailable;temperature_c:unavailable;power_w:unavailable;sm_clock_mhz:sysfs_or_default,fp16,128,32,500,3,172,batch,same,same,discard,0,32,1,1,none,0,1188786.0,1188766.0,1188786.0,1188966.8,0.00011630053486257732,74.299125,0.853056,0.8517760000000001,0.853056,0.8539776,0.0016204166419955396,11.11390746526288,9.833595918673568,564,0.000000000,1,16bca5148debad52d6c483acaf92169b8333ad4dde32eabd25e1fa6163c86fe2,32,3,19,10,2,0,0,"static single-case binary; CUDA event includes setup/readback, clock64 covers timed window"
control,v2_control_bf16_n256_q1_forced_wait_same_in0_same_discard_h0_b1_none_ops0,1,,NVIDIA Thor,11.0,580.00,13.0,1575.000,,,,mem_clock_mhz:unavailable;temperature_c:unavailable;power_w:unavailable;sm_clock_mhz:sysfs_or_default,bf16,256,1,1000,3,173,forced_wait,same,same,discard,0,0,1,1,none,0,450127.0,450127.00000000006,450127.0,450127.0,0.0,450.127,0.382176,0.3819456,0.382176,0.3839424,0.0035670965967318927,3.6689805321609232,2.7436992380473915,1000,0.000000000,1,4c58793f728b6ff8f27ec1e885d73f9d5d6aa1b018bf22820ded00a6104006d8,1,3,19,10,2,0,0,"static single-case binary; CUDA event includes setup/readback, clock64 covers timed window"
calibration,v2_calibration_fp16_n128_q64_batch_same_in0_same_discard_h0_b1_none_ops0,1,,NVIDIA Thor,11.0,580.00,13.0,1575.000,,,,mem_clock_mhz:unavailable;temperature_c:unavailable;power_w:unavailable;sm_clock_mhz:sysfs_or_default,fp16,128,64,500,3,174,batch,same,same,discard,0,0,1,1,none,0,2205881.0,2205745.8000000003,2205881.0,2205908.1999999997,4.928944050212674e-05,68.93378125,1.498912,1.4982976,1.498912,1.4990912,0.0003471381549046607,11.978939571082936,11.19292927136483,506,0.000000000,1,875146301b1c59f3978d8e34dc27eb357f0ffc10c9771563fce5a49e1d32ee95,64,3,19,10,2,0,0,"static single-case binary; CUDA event includes setup/readback, clock64 covers timed window"
calibration,v2_calibration_bf16_n128_q4_batch_ring_in0_same_discard_h10000000_b0_none_ops0,1,,NVIDIA Thor,11.0,580.00,13.0,1575.000,,,,mem_clock_mhz:unavailable;temperature_c:unavailable;power_w:unavailable;sm_clock_mhz:sysfs_or_default,bf16,128,4,500,3,175,batch,ring,same,discard,0,10000000,0,20,none,0,319595.0,319594.2,319595.0,319595.8,3.1289600901140508e-06,159.7975,0.33472,0.3321088,0.33472,0.334976,0.005942708791805978,103.35000234672007,62.653919694072655,10000,0.000000000,1,92c843e8c2ffcbb6ca2a6894db72a11547e704c7aa7db9ec562d68c0c132a35e,4,3,17,7,2,0,0,"static single-case binary; CUDA event includes setup/readback, clock64 covers timed window"
calibration,v2_calibration_bf16_n128_q4_batch_ring_in0_same_discard_h0_b0_none_ops0,1,,NVIDIA Thor,11.0,580.00,13.0,1575.000,,,,mem_clock_mhz:unavailable;temperature_c:unavailable;power_w:unavailable;sm_clock_mhz:sysfs_or_default,bf16,128,4,500,3,176,batch,ring,same,discard,0,0,0,20,none,0,291156.0,291155.2,291156.0,291159.2,9.087026281575201e-06,145.578,0.313952,0.31395200000000006,0.313952,0.3158208,0.004285220258677161,113.44483369739933,66.79849148914484,10000,0.000000000,1,4976f18faa7067787da22051067835a03beb793b0d5079137b2c7d9ba237066d,4,3,17,7,2,0,0,"static single-case binary; CUDA event includes setup/readback, clock64 covers timed window"
calibration,v2_calibration_fp16_n256_q32_batch_same_in0_same_discard_h10000000_b0_none_ops0,1,,NVIDIA Thor,11.0,580.00,13.0,1575.000,,,,mem_clock_mhz:unavailable;temperature_c:unavailable;power_w:unavailable;sm_clock_mhz:sysfs_or_default,fp16,256,32,500,3,177,batch,same,same,discard,0,10000000,0,20,none,0,2239148.0,2239146.4,2239148.0,2239148.8000000003,6.821904845274967e-07,139.94675,1.553056,1.5525184,1.553056,1.5539776,0.0005939072605134108,236.01937165386119,216.05423114169741,10000,0.000000000,1,dc3ad0ea16f34c5de7d340c9f5fff06e987800c24b53743843ebcdaa6d5cca6f,32,3,19,10,2,0,0,"static single-case binary; CUDA event includes setup/readback, clock64 covers timed window"
control,v2_control_fp16_n128_q1_commit_wait_same_in0_same_discard_h10000000_b1_none_ops0,1,,NVIDIA Thor,11.0,580.00,13.0,1575.000,,,,mem_clock_mhz:unavailable;temperature_c:unavailable;power_w:unavailable;sm_clock_mhz:sysfs_or_default,fp16,128,1,1000,3,178,commit_wait,same,same,discard,0,10000000,1,1,none,0,258145.0,258145.0,258145.0,258145.0,0.0,,0.262016,0.26165760000000005,0.262016,0.262272,0.001472568511402682,,,1000,0.000000000,1,cd0704797ff474084a61095856e22ab6bfa989917e6f9124a7278a2317c88e59,0,3,19,9,2,0,0,"static single-case binary; CUDA event includes setup/readback, clock64 covers timed window"
calibration,v2_calibration_bf16_n256_q32_batch_ring_in0_same_discard_h32_b0_none_ops0,1,,NVIDIA Thor,11.0,580.00,13.0,1575.000,,,,mem_clock_mhz:unavailable;temperature_c:unavailable;power_w:unavailable;sm_clock_mhz:sysfs_or_default,bf16,256,32,500,3,179,batch,ring,same,discard,0,32,0,20,none,0,2246610.0,2246444.4000000004,2246610.0,2246658.8,6.252748229017484e-05,140.413125,1.5568,1.5525248,1.5568,1.5572096,0.0020854571042335434,235.23544540440932,215.53463514902364,29981,0.000000000,1,ed22bb0cf278e2d9160c6d43d07c17237e38cf37c7e066d793f1d7d51f42c252,32,3,17,7,2,0,0,"static single-case binary; CUDA event includes setup/readback, clock64 covers timed window"
calibration,v2_calibration_fp16_n256_q4_batch_ring_in0_same_discard_h32_b1_none_ops0,1,,NVIDIA Thor,11.0,580.00,13.0,1575.000,,,,mem_clock_mhz:unavailable;temperature_c:unavailable;power_w:unavailable;sm_clock_mhz:sysfs_or_default,fp16,256,4,500,3,180,batch,ring,same,discard,0,32,1,1,none,0,432464.0,432425.60000000003,432464.0,432539.2,0.0001670163288669745,216.232,0.371776,0.37164800000000003,0.371776,0.37203200000000003,0.0006573016573848436,7.637663250582708,5.640902048545361,1003,0.000000000,1,a27bd05e127a60b5ed1b02073d1d9e925208242017afdea54177e7fbef4eac31,4,3,17,7,2,0,0,"static single-case binary; CUDA event includes setup/readback, clock64 covers timed window"
calibration,v2_calibration_bf16_n128_q2_batch_ring_in0_same_discard_h32_b1_none_ops0,1,,NVIDIA Thor,11.0,580.00,13.0,1575.000,,,,mem_clock_mhz:unavailable;temperature_c:unavailable;power_w:unavailable;sm_clock_mhz:sysfs_or_default,bf16,128,2,500,3,181,batch,ring,same,discard,0,32,1,1,none,0,237649.0,237649.0,237649.0,237649.0,0.0,237.649,0.2496,0.2481152,0.2496,0.2496512,0.004379498944185081,3.474677360308691,2.1005128205128205,500,0.000000000,1,b1865be602b3d95fade0f09a47332bdca8c65ecdc041ca01d084d50841183885,2,3,17,7,2,0,0,"static single-case binary; CUDA event includes setup/readback, clock64 covers timed window"
calibration,v2_calibration_bf16_n128_q4_batch_same_in0_same_discard_h32_b1_none_ops0,1,,NVIDIA Thor,11.0,580.00,13.0,1575.000,,,,mem_clock_mhz:unavailable;temperature_c:unavailable;power_w:unavailable;sm_clock_mhz:sysfs_or_default,bf16,128,4,500,3,182,batch,same,same,discard,0,32,1,1,none,0,315262.0,315254.0,315262.0,315290.8,7.673934063693019e-05,157.631,0.2984,0.2968384,0.2984,0.2989888,0.004661442723546648,5.238522879382862,3.513994638069705,500,0.000000000,1,b4a4f270d8aac0d6a4b86c1760d178a06a47d97c9224de9d4664902a7e7f3d57,4,3,19,10,2,0,0,"static single-case binary; CUDA event includes setup/readback, clock64 covers timed window"
control,v2_control_fp16_n128_q64_empty_same_in0_same_discard_h10000000_b0_none_ops0,1,,NVIDIA Thor,11.0,580.00,13.0,1575.000,,,,mem_clock_mhz:unavailable;temperature_c:unavailable;power_w:unavailable;sm_clock_mhz:sysfs_or_default,fp16,128,64,1000,3,183,empty,same,same,discard,0,10000000,0,20,none,0,264113.0,264113.0,264113.0,264114.6,4.371983293982962e-06,,0.298144,0.29712000000000005,0.298144,0.3000384,0.006200341962263747,,,0,0.000000000,1,8be76282936f7eb26d02e082859a948d3ab53ba6ec77c4b1ddb5f11c39e17bd1,0,2,16,9,2,0,0,"static single-case binary; CUDA event includes setup/readback, clock64 covers timed window"
calibration,v2_calibration_bf16_n128_q8_batch_same_in0_same_discard_h0_b1_none_ops0,1,,NVIDIA Thor,11.0,580.00,13.0,1575.000,,,,mem_clock_mhz:unavailable;temperature_c:unavailable;power_w:unavailable;sm_clock_mhz:sysfs_or_default,bf16,128,8,500,3,184,batch,same,same,discard,0,0,1,1,none,0,408287.0,407649.4,408287.0,408426.2,0.0012687230062059668,102.07175,0.357088,0.3568064,0.357088,0.3571136,0.0005968561375515728,8.089932816866567,5.872927681691907,500,0.000000000,1,6baec20952414bc272bb0ed187835288c34114d6208d844f938550b61e7bc49a,8,3,19,10,2,0,0,"static single-case binary; CUDA event includes setup/readback, clock64 covers timed window"
calibration,v2_calibration_bf16_n128_q2_batch_same_in1_same_discard_h10000000_b1_none_ops0,1,,NVIDIA Thor,11.0,580.00,13.0,1575.000,,,,mem_clock_mhz:unavailable;temperature_c:unavailable;power_w:unavailable;sm_clock_mhz:sysfs_or_default,bf16,128,2,500,3,185,batch,same,same,discard,1,10000000,1,1,none,0,237632.0,237632.0,237632.0,237632.0,0.0,237.632,0.248704,0.2477568,0.248704,0.2487552,0.00283004448434848,3.474925935900889,2.108080288214102,500,0.000000000,1,e2a990e595019ef0a210b1887177a7795c364f285c8de86dca7ca77a9a4a531b,2,3,19,10,2,0,0,"static single-case binary; CUDA event includes setup/readback, clock64 covers timed window"
calibration,v2_calibration_bf16_n256_q4_batch_same_in0_same_discard_h10000000_b0_none_ops0,1,,NVIDIA Thor,11.0,580.00,13.0,1575.000,,,,mem_clock_mhz:unavailable;temperature_c:unavailable;power_w:unavailable;sm_clock_mhz:sysfs_or_default,bf16,256,4,500,3,186,batch,same,same,discard,0,10000000,0,20,none,0,447263.0,447248.6,447263.0,447267.8,2.792564486527224e-05,223.6315,0.415744,0.41543680000000005,0.415744,0.416896,0.002311001953597887,147.698978006229,100.88669950738915,10000,0.000000000,1,877a78104d64cae680df873e601599024b462998be2d950c124c07ef1eb7b729,4,3,19,10,2,0,0,"static single-case binary; CUDA event includes setup/readback, clock64 covers timed window"
control,v2_control_bf16_n128_q64_empty_same_in0_same_discard_h0_b0_none_ops0,1,,NVIDIA Thor,11.0,580.00,13.0,1575.000,,,,mem_clock_mhz:unavailable;temperature_c:unavailable;power_w:unavailable;sm_clock_mhz:sysfs_or_default,bf16,128,64,1000,3,187,empty,same,same,discard,0,0,0,20,none,0,264118.0,264114.0,264118.0,264118.0,1.0929847879967523e-05,,0.298976,0.29656960000000004,0.298976,0.29987199999999997,0.0071552540628683345,,,0,0.000000000,1,3cbbe6e7e2be480d7d6101faf08548b4bf52c13b611e8d5a47edf713a6072f9d,0,2,16,9,2,0,0,"static single-case binary; CUDA event includes setup/readback, clock64 covers timed window"
control,v2_control_bf16_n128_q64_empty_same_in0_same_discard_h32_b1_none_ops0,1,,NVIDIA Thor,11.0,580.00,13.0,1575.000,,,,mem_clock_mhz:unavailable;temperature_c:unavailable;power_w:unavailable;sm_clock_mhz:sysfs_or_default,bf16,128,64,1000,3,188,empty,same,same,discard,0,32,1,1,none,0,264107.0,264107.0,264107.0,264107.8,2.1860440673979486e-06,,0.265792,0.2647424,0.265792,0.2664576,0.0040692315995795115,,,0,0.000000000,1,890ac70aa9cea6e6ced01c726f528115f5a55fa15315c2c84322c527b2b4a06e,0,2,16,9,2,0,0,"static single-case binary; CUDA event includes setup/readback, clock64 covers timed window"
calibration,v2_calibration_bf16_n256_q4_batch_same_in0_same_discard_h32_b0_none_ops0,1,,NVIDIA Thor,11.0,580.00,13.0,1575.000,,,,mem_clock_mhz:unavailable;temperature_c:unavailable;power_w:unavailable;sm_clock_mhz:sysfs_or_default,bf16,256,4,500,3,189,batch,same,same,discard,0,32,0,20,none,0,432380.0,432060.80000000005,432380.0,432570.4,0.0007445143601211301,216.19,0.405472,0.40396160000000003,0.405472,0.40567679999999995,0.002891761413550163,152.78294093158794,103.44250651093047,20095,0.000000000,1,8146346a7d93b30098c4c5fa61c669cc372aa4cda853183c0fa52885ff054034,4,3,19,10,2,0,0,"static single-case binary; CUDA event includes setup/readback, clock64 covers timed window"
calibration,v2_calibration_fp16_n128_q1_batch_same_in1_same_discard_h32_b1_none_ops0,1,,NVIDIA Thor,11.0,580.00,13.0,1575.000,,,,mem_clock_mhz:unavailable;temperature_c:unavailable;power_w:unavailable;sm_clock_mhz:sysfs_or_default,fp16,128,1,500,3,190,batch,same,same,discard,1,32,1,1,none,0,215655.0,215654.2,215655.0,215655.0,2.677198124731635e-06,431.31,0.235008,0.23500800000000002,0.235008,0.2397184,0.01434539739794174,1.9145245878834247,1.1154684095860565,500,0.000000000,1,ed88b32c2ae6e1eddcef05fa2681c2183d23a49a93a5fe334a97365a60d9c4b1,1,3,19,10,2,0,0,"static single-case binary; CUDA event includes setup/readback, clock64 covers timed window"
control,v2_control_bf16_n128_q1_commit_wait_same_in0_same_discard_h32_b1_none_ops0,1,,NVIDIA Thor,11.0,580.00,13.0,1575.000,,,,mem_clock_mhz:unavailable;temperature_c:unavailable;power_w:unavailable;sm_clock_mhz:sysfs_or_default,bf16,128,1,1000,3,191,commit_wait,same,same,discard,0,32,1,1,none,0,258144.0,258144.0,258144.0,258144.0,0.0,,0.261504,0.26104320000000003,0.261504,0.2619648,0.002202643171806141,,,1000,0.000000000,1,1608e60404c0baa2b691c7834336020800f245bdcc2381c506e6c7ec1364fae2,0,3,19,9,2,0,0,"static single-case binary; CUDA event includes setup/readback, clock64 covers timed window"
calibration,v2_calibration_bf16_n256_q64_batch_ring_in0_same_discard_h32_b1_none_ops0,1,,NVIDIA Thor,11.0,580.00,13.0,1575.000,,,,mem_clock_mhz:unavailable;temperature_c:unavailable;power_w:unavailable;sm_clock_mhz:sysfs_or_default,bf16,256,64,500,3,192,batch,ring,same,discard,0,32,1,1,none,0,4311315.0,4311179.800000001,4311315.0,4311330.2,2.4005474304290282e-05,134.72859375,2.83536,2.8352064,2.83536,2.8364096,0.00028865834181607605,12.25803041531412,11.834275718074599,1499,0.000000000,1,fae77a8063a9587d86887b4b2c722eeb4454f8ea146444221cd490088894260d,64,3,17,7,2,0,0,"static single-case binary; CUDA event includes setup/readback, clock64 covers timed window"
control,v2_control_fp16_n256_q1_forced_wait_same_in0_same_discard_h10000000_b0_none_ops0,1,,NVIDIA Thor,11.0,580.00,13.0,1575.000,,,,mem_clock_mhz:unavailable;temperature_c:unavailable;power_w:unavailable;sm_clock_mhz:sysfs_or_default,fp16,256,1,1000,3,193,forced_wait,same,same,discard,0,10000000,0,20,none,0,511096.0,511084.80000000005,511096.0,511099.19999999995,1.8492989371474482e-05,511.096,0.458592,0.4583872,0.458592,0.45905280000000004,0.0009290042255395339,64.626105467466,45.73023515456005,20000,0.000000000,1,c12399f01df414863f36be9260a6b7744889f974911a7c81a48fa8ef21fb8824,1,3,19,10,2,0,0,"static single-case binary; CUDA event includes setup/readback, clock64 covers timed window"
calibration,v2_calibration_fp16_n256_q64_batch_same_in0_same_discard_h10000000_b1_none_ops0,1,,NVIDIA Thor,11.0,580.00,13.0,1575.000,,,,mem_clock_mhz:unavailable;temperature_c:unavailable;power_w:unavailable;sm_clock_mhz:sysfs_or_default,fp16,256,64,500,3,194,batch,same,same,discard,0,10000000,1,1,none,0,4293632.0,4293632.0,4293632.0,4293632.8,1.3446662973618044e-07,134.176,2.824352,2.8230720000000002,2.824352,2.8253247999999997,0.0005000867124582805,12.308514190317196,11.880400176748507,501,0.000000000,1,139347cf021e35632a7d1defc16a9a52679a8be8bbd6a5aafba1823c754aaa36,64,3,19,10,2,0,0,"static single-case binary; CUDA event includes setup/readback, clock64 covers timed window"
calibration,v2_calibration_fp16_n128_q1_batch_ring_in0_same_discard_h10000000_b0_none_ops0,1,,NVIDIA Thor,11.0,580.00,13.0,1575.000,,,,mem_clock_mhz:unavailable;temperature_c:unavailable;power_w:unavailable;sm_clock_mhz:sysfs_or_default,fp16,128,1,500,3,195,batch,ring,same,discard,0,10000000,0,20,none,0,215656.0,215655.2,215656.0,215660.0,1.490582399391775e-05,431.312,0.268736,0.26812159999999996,0.268736,0.2696576,0.0035943034683508165,38.29031420410283,19.509407001667064,10000,0.000000000,1,b8f90e3c43d5566ac8a3f11b5f87dc808fb6aceaa42ac85ec64b9632328820bc,1,3,17,7,2,0,0,"static single-case binary; CUDA event includes setup/readback, clock64 covers timed window"
calibration,v2_calibration_fp16_n256_q32_batch_same_in0_same_discard_h0_b0_none_ops0,1,,NVIDIA Thor,11.0,580.00,13.0,1575.000,,,,mem_clock_mhz:unavailable;temperature_c:unavailable;power_w:unavailable;sm_clock_mhz:sysfs_or_default,fp16,256,32,500,3,196,batch,same,same,discard,0,0,0,20,none,0,2261857.0,2261764.2,2261857.0,2261907.4,4.014357251334307e-05,141.3660625,1.566304,1.5650240000000002,1.566304,1.5663296,0.0005959550016360295,233.6497417829686,214.22681676098637,29993,0.000000000,1,743d982e9124fe4dc0a4137f9e1d5b373076d07dc77ffc91a25db9132a448b1f,32,3,19,10,2,0,0,"static single-case binary; CUDA event includes setup/readback, clock64 covers timed window"
calibration,v2_calibration_bf16_n256_q1_batch_same_in0_same_discard_h10000000_b0_none_ops0,1,,NVIDIA Thor,11.0,580.00,13.0,1575.000,,,,mem_clock_mhz:unavailable;temperature_c:unavailable;power_w:unavailable;sm_clock_mhz:sysfs_or_default,bf16,256,1,500,3,197,batch,same,same,discard,0,10000000,0,20,none,0,255596.0,255593.60000000003,255596.0,255597.6,9.846064728889183e-06,511.192,0.293504,0.2928128,0.293504,0.29406720000000003,0.002676290957682396,64.6139689197014,35.72612298299172,10000,0.000000000,1,493a096a67e41b1fdc9b8feeaf0a73ca77bc66f6ccc311512fe059d7480088a9,1,3,19,10,2,0,0,"static single-case binary; CUDA event includes setup/readback, clock64 covers timed window"
calibration,v2_calibration_fp16_n128_q2_batch_ring_in0_same_discard_h0_b1_none_ops0,1,,NVIDIA Thor,11.0,580.00,13.0,1575.000,,,,mem_clock_mhz:unavailable;temperature_c:unavailable;power_w:unavailable;sm_clock_mhz:sysfs_or_default,fp16,128,2,500,3,198,batch,ring,same,discard,0,0,1,1,none,0,247145.0,247145.0,247145.0,247146.59999999998,4.672145597181898e-06,247.145,0.254848,0.2545664,0.254848,0.25840640000000004,0.010442324726808762,3.3411705678852495,2.0572576594676044,500,0.000000000,1,ab6716b3fc740aeabfaf20bd7d2a383d189c7223b79b32bd549af84593661abc,2,3,17,7,2,0,0,"static single-case binary; CUDA event includes setup/readback, clock64 covers timed window"
calibration,v2_calibration_fp16_n256_q2_batch_same_in0_same_discard_h0_b1_none_ops0,1,,NVIDIA Thor,11.0,580.00,13.0,1575.000,,,,mem_clock_mhz:unavailable;temperature_c:unavailable;power_w:unavailable;sm_clock_mhz:sysfs_or_default,fp16,256,2,500,3,199,batch,same,same,discard,0,0,1,1,none,0,306920.0,306249.6,306920.0,307076.0,0.0017894710123924288,306.92,0.292288,0.29216,0.292288,0.2930048,0.001945571058808263,5.380904470220253,3.5874753667615504,868,0.000000000,1,7798546f68cfc5add089e78a6ab81c9b9390cb871d3655940f679156610264e5,2,3,19,10,2,0,0,"static single-case binary; CUDA event includes setup/readback, clock64 covers timed window"
calibration,v2_calibration_bf16_n256_q8_batch_same_in1_same_discard_h10000000_b1_none_ops0,1,,NVIDIA Thor,11.0,580.00,13.0,1575.000,,,,mem_clock_mhz:unavailable;temperature_c:unavailable;power_w:unavailable;sm_clock_mhz:sysfs_or_default,bf16,256,8,500,3,200,batch,same,same,discard,1,10000000,1,1,none,0,703146.0,703145.2,703146.0,703146.0,8.210962486999504e-07,175.7865,0.543872,0.5434624,0.543872,0.544128,0.0007717357331178622,9.394960363850467,7.711932219345727,500,0.000000000,1,3f64e0cbfa7793217e0aa3a321d34fe56c2979fec20188de6fc034e2142cb443,8,3,19,10,2,0,0,"static single-case binary; CUDA event includes setup/readback, clock64 covers timed window"
control,v2_control_fp16_n256_q1_commit_wait_same_in0_same_discard_h0_b1_none_ops0,1,,NVIDIA Thor,11.0,580.00,13.0,1575.000,,,,mem_clock_mhz:unavailable;temperature_c:unavailable;power_w:unavailable;sm_clock_mhz:sysfs_or_default,fp16,256,1,1000,3,201,commit_wait,same,same,discard,0,0,1,1,none,0,258144.0,258144.0,258144.0,258144.8,2.236540549755598e-06,,0.261728,0.2616512,0.261728,0.2619072,0.0006273095765593236,,,1000,0.000000000,1,9fcd96291172d14c7097cebc12ef8c0335d64bc313f86e5f153cf1e8081c5480,0,3,19,9,2,0,0,"static single-case binary; CUDA event includes setup/readback, clock64 covers timed window"
calibration,v2_calibration_fp16_n128_q16_batch_same_in1_same_discard_h0_b0_none_ops0,1,,NVIDIA Thor,11.0,580.00,13.0,1575.000,,,,mem_clock_mhz:unavailable;temperature_c:unavailable;power_w:unavailable;sm_clock_mhz:sysfs_or_default,fp16,128,16,500,3,202,batch,same,same,discard,1,0,0,20,none,0,694377.0,694010.6000000001,694377.0,694596.2,0.0005326600202762227,86.797125,0.571296,0.5698880000000001,0.571296,0.5721408,0.002491135330384602,190.27210866719375,146.83470565171118,19564,0.000000000,1,8590809807dda4583bd68aa562b989656bd49a0ccc470dee8d1d65fbdc201572,16,3,19,10,2,0,0,"static single-case binary; CUDA event includes setup/readback, clock64 covers timed window"
calibration,v2_calibration_bf16_n128_q8_batch_ring_in0_same_discard_h32_b1_none_ops0,1,,NVIDIA Thor,11.0,580.00,13.0,1575.000,,,,mem_clock_mhz:unavailable;temperature_c:unavailable;power_w:unavailable;sm_clock_mhz:sysfs_or_default,bf16,128,8,500,3,203,batch,ring,same,discard,0,32,1,1,none,0,432729.0,432728.2,432729.0,432734.60000000003,1.0072999030669571e-05,108.18225,0.372704,0.372576,0.372704,0.37334399999999995,0.0013792012186426528,7.632986002786964,5.626856701296472,812,0.000000000,1,cbf65434819d598257eb828818f7e065f93776f520f78fc6c857ffd45717cd59,8,3,17,7,2,0,0,"static single-case binary; CUDA event includes setup/readback, clock64 covers timed window"
calibration,v2_calibration_bf16_n256_q2_batch_same_in1_same_discard_h10000000_b1_none_ops0,1,,NVIDIA Thor,11.0,580.00,13.0,1575.000,,,,mem_clock_mhz:unavailable;temperature_c:unavailable;power_w:unavailable;sm_clock_mhz:sysfs_or_default,bf16,256,2,500,3,204,batch,same,same,discard,1,10000000,1,1,none,0,319402.0,319402.0,319402.0,319424.39999999997,5.0611252170063436e-05,319.402,0.301088,0.300832,0.301088,0.30735999999999997,0.015222838578378103,5.170622600985592,3.4826230205122752,501,0.000000000,1,82f2d96c3a84d436191a53191356d5e4620d0e9791f29d2322ec3a06b3e9726b,2,3,19,10,2,0,0,"static single-case binary; CUDA event includes setup/readback, clock64 covers timed window"
control,v2_control_fp16_n128_q1_forced_wait_same_in0_same_discard_h10000000_b1_none_ops0,1,,NVIDIA Thor,11.0,580.00,13.0,1575.000,,,,mem_clock_mhz:unavailable;temperature_c:unavailable;power_w:unavailable;sm_clock_mhz:sysfs_or_default,fp16,128,1,1000,3,205,forced_wait,same,same,discard,0,10000000,1,1,none,0,431176.0,431176.00000000006,431176.0,431176.0,0.0,431.176,0.371168,0.370528,0.371168,0.37137279999999995,0.0014848477669551995,1.9151195799395142,1.412535563410639,1000,0.000000000,1,2ce63cb7d5855ef7f99d4aad3acf83106bb615f052e189b2c6d7b5723b017525,1,3,19,10,2,0,0,"static single-case binary; CUDA event includes setup/readback, clock64 covers timed window"
calibration,v2_calibration_bf16_n256_q2_batch_ring_in0_same_discard_h0_b0_none_ops0,1,,NVIDIA Thor,11.0,580.00,13.0,1575.000,,,,mem_clock_mhz:unavailable;temperature_c:unavailable;power_w:unavailable;sm_clock_mhz:sysfs_or_default,bf16,256,2,500,3,206,batch,ring,same,discard,0,0,0,20,none,0,308434.0,308060.4,308434.0,308554.0,0.001043647716057459,308.434,0.32656,0.3262016,0.32656,0.32755839999999997,0.002689144524166342,107.08982796967909,64.21950024497795,17780,0.000000000,1,799cfd82ce18745b69c9bd69c26dff36efc285356c0f55038cf9a1e16504e638,2,3,17,7,2,0,0,"static single-case binary; CUDA event includes setup/readback, clock64 covers timed window"
calibration,v2_calibration_bf16_n256_q64_batch_ring_in0_same_discard_h0_b1_none_ops0,1,,NVIDIA Thor,11.0,580.00,13.0,1575.000,,,,mem_clock_mhz:unavailable;temperature_c:unavailable;power_w:unavailable;sm_clock_mhz:sysfs_or_default,bf16,256,64,500,3,207,batch,ring,same,discard,0,0,1,1,none,0,4321798.0,4321754.800000001,4321798.0,4321802.8,7.646249459995115e-06,135.0561875,2.84112,2.84112,2.84112,2.8424511999999997,0.00033807911201122926,12.22829720408034,11.810283268570142,1500,0.000000000,1,23d985361ba5e75b8edc4310e79ec72d7ce5e6e11ad74d01a1344770128d5df4,64,3,17,7,2,0,0,"static single-case binary; CUDA event includes setup/readback, clock64 covers timed window"
calibration,v2_calibration_bf16_n128_q1_batch_same_in0_same_discard_h0_b0_none_ops0,1,,NVIDIA Thor,11.0,580.00,13.0,1575.000,,,,mem_clock_mhz:unavailable;temperature_c:unavailable;power_w:unavailable;sm_clock_mhz:sysfs_or_default,bf16,128,1,500,3,208,batch,same,same,discard,0,0,0,20,none,0,225135.0,225134.2,225135.0,225135.80000000002,4.441779376818353e-06,450.27,0.273504,0.273248,0.273504,0.2758336,0.006490634046175182,36.67815310813512,19.16929916929917,10000,0.000000000,1,4e7ef6d3f8a0cf7078d13a557c22a9ec522d51e4e7f118fbf70baab90368d630,1,3,19,10,2,0,0,"static single-case binary; CUDA event includes setup/readback, clock64 covers timed window"
calibration,v2_calibration_bf16_n128_q1_batch_ring_in0_same_discard_h32_b0_none_ops0,1,,NVIDIA Thor,11.0,580.00,13.0,1575.000,,,,mem_clock_mhz:unavailable;temperature_c:unavailable;power_w:unavailable;sm_clock_mhz:sysfs_or_default,bf16,128,1,500,3,209,batch,ring,same,discard,0,32,0,20,none,0,215658.0,215656.40000000002,215658.0,215658.8,7.083101914540237e-06,431.316,0.26832,0.2676544,0.26832,0.26865279999999997,0.002369480710938857,38.28995910191136,19.53965414430531,10000,0.000000000,1,66cc443b167090a44b4430c149a66f7f25166bf2c979b6048ad4007721f81f21,1,3,17,7,2,0,0,"static single-case binary; CUDA event includes setup/readback, clock64 covers timed window"
calibration,v2_calibration_bf16_n128_q2_batch_same_in0_same_discard_h10000000_b1_none_ops0,1,,NVIDIA Thor,11.0,580.00,13.0,1575.000,,,,mem_clock_mhz:unavailable;temperature_c:unavailable;power_w:unavailable;sm_clock_mhz:sysfs_or_default,bf16,128,2,500,3,210,batch,same,same,discard,0,10000000,1,1,none,0,237643.0,237634.2,237643.0,237643.0,2.672475499742979e-05,237.643,0.248768,0.2472832,0.248768,0.2493824,0.0054309212482866525,3.474765088809685,2.1075379470028297,500,0.000000000,1,fba571c502c2f6fd013900a6329cd1de497fc1f5c530a9f982806ce976b63b43,2,3,19,10,2,0,0,"static single-case binary; CUDA event includes setup/readback, clock64 covers timed window"
calibration,v2_calibration_bf16_n256_q4_batch_same_in0_same_discard_h32_b1_none_ops0,1,,NVIDIA Thor,11.0,580.00,13.0,1575.000,,,,mem_clock_mhz:unavailable;temperature_c:unavailable;power_w:unavailable;sm_clock_mhz:sysfs_or_default,bf16,256,4,500,3,211,batch,same,same,discard,0,32,1,1,none,0,432513.0,432500.20000000007,432513.0,432515.4,2.3616564825744626e-05,216.2565,0.371872,0.3659584,0.371872,0.3722816,0.011967654078578078,7.636797969078386,5.63944583082351,1002,0.000000000,1,8146346a7d93b30098c4c5fa61c669cc372aa4cda853183c0fa52885ff054034,4,3,19,10,2,0,0,"static single-case binary; CUDA event includes setup/readback, clock64 covers timed window"
control,v2_control_fp16_n256_q64_empty_same_in0_same_discard_h10000000_b0_none_ops0,1,,NVIDIA Thor,11.0,580.00,13.0,1575.000,,,,mem_clock_mhz:unavailable;temperature_c:unavailable;power_w:unavailable;sm_clock_mhz:sysfs_or_default,fp16,256,64,1000,3,212,empty,same,same,discard,0,10000000,0,20,none,0,264110.0,264109.2,264110.0,264111.6,5.783663260626986e-06,,0.298048,0.29794560000000003,0.298048,0.2989952,0.002424161834950623,,,0,0.000000000,1,a0b006bbd8175a7d3368e54a226315dd34a891798a090586024c9e967bba7409,0,2,16,9,2,0,0,"static single-case binary; CUDA event includes setup/readback, clock64 covers timed window"
calibration,v2_calibration_fp16_n256_q4_batch_same_in0_same_discard_h10000000_b1_none_ops0,1,,NVIDIA Thor,11.0,580.00,13.0,1575.000,,,,mem_clock_mhz:unavailable;temperature_c:unavailable;power_w:unavailable;sm_clock_mhz:sysfs_or_default,fp16,256,4,500,3,213,batch,same,same,discard,0,10000000,1,1,none,0,447264.0,447262.4,447264.0,447264.0,2.5817017678904704e-06,223.632,0.380768,0.3803072,0.380768,0.3823808,0.0035699463350909893,7.384932388924661,5.507689721825364,500,0.000000000,1,cdad0d4b919651ad5de05722332664d9a99bc6f69a1b7bd24e5630a48104ee4f,4,3,19,10,2,0,0,"static single-case binary; CUDA event includes setup/readback, clock64 covers timed window"
calibration,v2_calibration_bf16_n128_q1_batch_same_in0_same_discard_h32_b1_none_ops0,1,,NVIDIA Thor,11.0,580.00,13.0,1575.000,,,,mem_clock_mhz:unavailable;temperature_c:unavailable;power_w:unavailable;sm_clock_mhz:sysfs_or_default,bf16,128,1,500,3,214,batch,same,same,discard,0,32,1,1,none,0,215654.0,215654.0,215654.0,215654.8,2.6772022628324605e-06,431.308,0.236,0.2310592,0.236,0.2368448,0.01667313182184235,1.9145334656440407,1.1107796610169491,500,0.000000000,1,db823d077a87fdc1e80ee04475cf4c7ae37ab23f1cbdc2cfb2cd4293f821e64a,1,3,19,10,2,0,0,"static single-case binary; CUDA event includes setup/readback, clock64 covers timed window"
control,v2_control_fp16_n128_q1_forced_wait_same_in0_same_discard_h0_b0_none_ops0,1,,NVIDIA Thor,11.0,580.00,13.0,1575.000,,,,mem_clock_mhz:unavailable;temperature_c:unavailable;power_w:unavailable;sm_clock_mhz:sysfs_or_default,fp16,128,1,1000,3,215,forced_wait,same,same,discard,0,0,0,20,none,0,450135.0,450129.4,450135.0,450135.0,8.978357234668699e-06,450.135,0.416288,0.4159296,0.416288,0.4167232,0.0011932494001737053,36.689153254023786,25.188715504650624,20000,0.000000000,1,be7dc69180960d8b9a8f9fd900159607755f1509c3318352e4bb6692127b1b57,1,3,19,10,2,0,0,"static single-case binary; CUDA event includes setup/readback, clock64 covers timed window"
control,v2_control_fp16_n256_q1_commit_wait_same_in0_same_discard_h0_b0_none_ops0,1,,NVIDIA Thor,11.0,580.00,13.0,1575.000,,,,mem_clock_mhz:unavailable;temperature_c:unavailable;power_w:unavailable;sm_clock_mhz:sysfs_or_default,fp16,256,1,1000,3,216,commit_wait,same,same,discard,0,0,0,20,none,0,258155.0,258149.40000000002,258155.0,258155.0,1.5655278469564704e-05,,0.294528,0.2943488,0.294528,0.2956032,0.0028757086425725948,,,20000,0.000000000,1,9fcd96291172d14c7097cebc12ef8c0335d64bc313f86e5f153cf1e8081c5480,0,3,19,9,2,0,0,"static single-case binary; CUDA event includes setup/readback, clock64 covers timed window"
calibration,v2_calibration_fp16_n256_q16_batch_same_in0_same_discard_h0_b0_none_ops0,1,,NVIDIA Thor,11.0,580.00,13.0,1575.000,,,,mem_clock_mhz:unavailable;temperature_c:unavailable;power_w:unavailable;sm_clock_mhz:sysfs_or_default,fp16,256,16,500,3,217,batch,same,same,discard,0,0,0,20,none,0,1238515.0,1238374.2000000002,1238515.0,1238818.2,0.00022898758285589736,154.814375,0.925856,0.9206336,0.925856,0.9355584,0.010204605415510472,213.3532109017654,181.2076175992811,29997,0.000000000,1,235fcd540aa95e94b73ee732d96c3929a0fd276b3d3790517ab16df42c7b9e6f,16,3,19,10,2,0,0,"static single-case binary; CUDA event includes setup/readback, clock64 covers timed window"
calibration,v2_calibration_bf16_n128_q8_batch_ring_in0_same_discard_h10000000_b1_none_ops0,1,,NVIDIA Thor,11.0,580.00,13.0,1575.000,,,,mem_clock_mhz:unavailable;temperature_c:unavailable;power_w:unavailable;sm_clock_mhz:sysfs_or_default,bf16,128,8,500,3,218,batch,ring,same,discard,0,10000000,1,1,none,0,447439.0,447439.0,447439.0,447439.0,0.0,111.85975,0.380736,0.3804544,0.380736,0.381248,0.0013205809297959442,7.3820440328178805,5.5081526306942346,500,0.000000000,1,f8bbb56ccc7c02349aed24932a902fa0816a8d5ec725dd4d2eccbed23e07ab65,8,3,17,7,2,0,0,"static single-case binary; CUDA event includes setup/readback, clock64 covers timed window"
calibration,v2_calibration_fp16_n128_q4_batch_same_in1_same_discard_h10000000_b0_none_ops0,1,,NVIDIA Thor,11.0,580.00,13.0,1575.000,,,,mem_clock_mhz:unavailable;temperature_c:unavailable;power_w:unavailable;sm_clock_mhz:sysfs_or_default,fp16,128,4,500,3,219,batch,same,same,discard,1,10000000,0,20,none,0,319606.0,319606.0,319606.0,319606.8,1.8064418910856765e-06,159.803,0.332832,0.332448,0.332832,0.33296,0.0010010255503476303,103.34644531078892,63.009326026343615,10000,0.000000000,1,dfd1f9183c31196a3e5d127cec3c8519e092cad39e9042be18e0db07e22b87a3,4,3,19,10,2,0,0,"static single-case binary; CUDA event includes setup/readback, clock64 covers timed window"
calibration,v2_calibration_bf16_n256_q8_batch_same_in0_same_discard_h10000000_b1_none_ops0,1,,NVIDIA Thor,11.0,580.00,13.0,1575.000,,,,mem_clock_mhz:unavailable;temperature_c:unavailable;power_w:unavailable;sm_clock_mhz:sysfs_or_default,bf16,256,8,500,3,220,batch,same,same,discard,0,10000000,1,1,none,0,703145.0,703145.0,703145.0,703145.0,0.0,175.78625,0.544352,0.5441216,0.544352,0.5446592,0.0006193071803934225,9.394973725191816,7.705131973428959,500,0.000000000,1,a318e1e30accf7187d541cf4646627d4925beb6beab1c72a70073e2707e51630,8,3,19,10,2,0,0,"static single-case binary; CUDA event includes setup/readback, clock64 covers timed window"
calibration,v2_calibration_fp16_n256_q8_batch_ring_in0_same_discard_h0_b1_none_ops0,1,,NVIDIA Thor,11.0,580.00,13.0,1575.000,,,,mem_clock_mhz:unavailable;temperature_c:unavailable;power_w:unavailable;sm_clock_mhz:sysfs_or_default,fp16,256,8,500,3,221,batch,ring,same,discard,0,0,1,1,none,0,725387.0,725270.2000000001,725387.0,725622.2,0.00030893144125236286,181.34675,0.5584,0.5582464,0.5584,0.5601152,0.002319687394027598,9.106902660235157,7.511289398280802,1500,0.000000000,1,ab5e190aad06142a7ff91e8afcd84b9d0ea40368d7cf14da82a35b89e68618e2,8,3,17,7,2,0,0,"static single-case binary; CUDA event includes setup/readback, clock64 covers timed window"
calibration,v2_calibration_fp16_n256_q32_batch_same_in1_same_discard_h10000000_b1_none_ops0,1,,NVIDIA Thor,11.0,580.00,13.0,1575.000,,,,mem_clock_mhz:unavailable;temperature_c:unavailable;power_w:unavailable;sm_clock_mhz:sysfs_or_default,fp16,256,32,500,3,222,batch,same,same,discard,1,10000000,1,1,none,0,2239145.0,2239115.4000000004,2239145.0,2239145.0,9.540283288268533e-06,139.9465625,1.5184,1.5180672,1.5184,1.5187584,0.0002845730497225666,11.800984393596663,11.04927291886196,501,0.000000000,1,1c00211b3d92d7df83d5cb88df8e4fb948f11843260d1eb90ddb394ddde489ee,32,3,19,10,2,0,0,"static single-case binary; CUDA event includes setup/readback, clock64 covers timed window"
calibration,v2_calibration_bf16_n256_q2_batch_same_in1_same_discard_h32_b0_none_ops0,1,,NVIDIA Thor,11.0,580.00,13.0,1575.000,,,,mem_clock_mhz:unavailable;temperature_c:unavailable;power_w:unavailable;sm_clock_mhz:sysfs_or_default,bf16,256,2,500,3,223,batch,same,same,discard,1,32,0,20,none,0,302708.0,302531.2,302708.0,302916.0,0.0007953309129755707,302.708,0.323872,0.3225408,0.323872,0.32461439999999997,0.004058071549890794,109.11553047821663,64.75249481276553,15278,0.000000000,1,350a89ef7c51a4e40d93ab31b65fcd6afa4d4c933685818dbeb5d717c1b31c7b,2,3,19,10,2,0,0,"static single-case binary; CUDA event includes setup/readback, clock64 covers timed window"
calibration,v2_calibration_fp16_n256_q4_batch_ring_in0_same_discard_h32_b0_none_ops0,1,,NVIDIA Thor,11.0,580.00,13.0,1575.000,,,,mem_clock_mhz:unavailable;temperature_c:unavailable;power_w:unavailable;sm_clock_mhz:sysfs_or_default,fp16,256,4,500,3,224,batch,ring,same,discard,0,32,0,20,none,0,432234.0,432218.0,432234.0,432361.2,0.00022689743291411349,216.117,0.404832,0.403936,0.404832,0.40641920000000004,0.0038801181961501136,152.83454795319204,103.60603904829657,20065,0.000000000,1,a27bd05e127a60b5ed1b02073d1d9e925208242017afdea54177e7fbef4eac31,4,3,17,7,2,0,0,"static single-case binary; CUDA event includes setup/readback, clock64 covers timed window"
calibration,v2_calibration_bf16_n128_q4_batch_same_in0_same_discard_h0_b1_none_ops0,1,,NVIDIA Thor,11.0,580.00,13.0,1575.000,,,,mem_clock_mhz:unavailable;temperature_c:unavailable;power_w:unavailable;sm_clock_mhz:sysfs_or_default,bf16,128,4,500,3,225,batch,same,same,discard,0,0,1,1,none,0,291136.0,291136.0,291136.0,291136.0,0.0,145.568,0.282336,0.28223360000000003,0.282336,0.282464,0.0005110596622013345,5.672631347548912,3.713929502436813,500,0.000000000,1,c5bd0eb94512ee9a63eb17b99d85d9e1731c13b40850c41809105da375bcbe3a,4,3,19,10,2,0,0,"static single-case binary; CUDA event includes setup/readback, clock64 covers timed window"
calibration,v2_calibration_fp16_n256_q64_batch_same_in1_same_discard_h32_b1_none_ops0,1,,NVIDIA Thor,11.0,580.00,13.0,1575.000,,,,mem_clock_mhz:unavailable;temperature_c:unavailable;power_w:unavailable;sm_clock_mhz:sysfs_or_default,fp16,256,64,500,3,226,batch,same,same,discard,1,32,1,1,none,0,4311229.0,4311196.2,4311229.0,4311471.4,4.358169510249474e-05,134.72590625,2.835936,2.8353728,2.835936,2.8399552,0.0011009225081144802,12.258274937378644,11.831872087381381,1498,0.000000000,1,b7edda32b16a5ba1ae480630d5202963e4c44aa3eeea5047ebc25f9c3704f4bd,64,3,19,10,2,0,0,"static single-case binary; CUDA event includes setup/readback, clock64 covers timed window"
calibration,v2_calibration_bf16_n128_q1_batch_ring_in0_same_discard_h0_b1_none_ops0,1,,NVIDIA Thor,11.0,580.00,13.0,1575.000,,,,mem_clock_mhz:unavailable;temperature_c:unavailable;power_w:unavailable;sm_clock_mhz:sysfs_or_default,bf16,128,1,500,3,227,batch,ring,same,discard,0,0,1,1,none,0,225125.0,225125.0,225125.0,225125.0,0.0,450.25,0.240704,0.24008960000000004,0.240704,0.2408576,0.0021120952456609044,1.833989117157135,1.0890720553044404,500,0.000000000,1,01c42f888b17c4749728981bf7130be1ea6d1f33966c0afce75ca3a4e7f5cf4a,1,3,17,7,2,0,0,"static single-case binary; CUDA event includes setup/readback, clock64 covers timed window"
calibration,v2_calibration_fp16_n256_q1_batch_same_in0_same_discard_h10000000_b1_none_ops0,1,,NVIDIA Thor,11.0,580.00,13.0,1575.000,,,,mem_clock_mhz:unavailable;temperature_c:unavailable;power_w:unavailable;sm_clock_mhz:sysfs_or_default,fp16,256,1,500,3,228,batch,same,same,discard,0,10000000,1,1,none,0,255593.0,255593.00000000003,255593.0,255593.0,0.0,511.186,0.259968,0.2596608,0.259968,0.2601728,0.0012393030918041797,3.2307363660194137,2.016740521910389,500,0.000000000,1,72b7fc018a8d18dd3279f2db1a5c0072cec9bedbe0ff58f0d2aa897644b27cb0,1,3,19,10,2,0,0,"static single-case binary; CUDA event includes setup/readback, clock64 covers timed window"
control,v2_control_bf16_n128_q1_forced_wait_same_in0_same_discard_h32_b1_none_ops0,1,,NVIDIA Thor,11.0,580.00,13.0,1575.000,,,,mem_clock_mhz:unavailable;temperature_c:unavailable;power_w:unavailable;sm_clock_mhz:sysfs_or_default,bf16,128,1,1000,3,229,forced_wait,same,same,discard,0,32,1,1,none,0,431176.0,431176.00000000006,431176.0,431176.0,0.0,431.176,0.370336,0.37031040000000004,0.370336,0.37166720000000003,0.0026156180140162206,1.9151195799395142,1.4157089777931393,1000,0.000000000,1,3fcdb95fa00400f40c0a25e6d42771cdf7825b5d6d40670944a652dc4c37ce47,1,3,19,10,2,0,0,"static single-case binary; CUDA event includes setup/readback, clock64 covers timed window"
calibration,v2_calibration_fp16_n128_q4_batch_same_in0_same_discard_h0_b1_none_ops0,1,,NVIDIA Thor,11.0,580.00,13.0,1575.000,,,,mem_clock_mhz:unavailable;temperature_c:unavailable;power_w:unavailable;sm_clock_mhz:sysfs_or_default,fp16,128,4,500,3,230,batch,same,same,discard,0,0,1,1,none,0,291134.0,291134.0,291134.0,291134.0,0.0,145.567,0.281952,0.28167040000000004,0.281952,0.28223360000000003,0.0012484394506866107,5.672670316761353,3.718987629099989,500,0.000000000,1,c9902a8140325ac841dfc5b95b8d71aefbdff4eed8cee94fb772abbf2d21fa6d,4,3,19,10,2,0,0,"static single-case binary; CUDA event includes setup/readback, clock64 covers timed window"
calibration,v2_calibration_bf16_n256_q32_batch_ring_in0_same_discard_h0_b0_none_ops0,1,,NVIDIA Thor,11.0,580.00,13.0,1575.000,,,,mem_clock_mhz:unavailable;temperature_c:unavailable;power_w:unavailable;sm_clock_mhz:sysfs_or_default,bf16,256,32,500,3,231,batch,ring,same,discard,0,0,0,20,none,0,2261815.0,2261797.4000000004,2261815.0,2261968.6,5.2044144200992515e-05,141.3634375,1.567488,1.56736,1.567488,1.5675903999999998,9.205619055645377e-05,233.6540804619299,214.0650008165932,29981,0.000000000,1,076abdf9379069bf55597c6b053de6daa5dff54222f74b4fa32cc5ecedad0a6d,32,3,17,7,2,0,0,"static single-case binary; CUDA event includes setup/readback, clock64 covers timed window"
calibration,v2_calibration_fp16_n128_q16_batch_same_in1_same_discard_h32_b0_none_ops0,1,,NVIDIA Thor,11.0,580.00,13.0,1575.000,,,,mem_clock_mhz:unavailable;temperature_c:unavailable;power_w:unavailable;sm_clock_mhz:sysfs_or_default,fp16,128,16,500,3,232,batch,same,same,discard,1,32,0,20,none,0,684563.0,684544.6,684563.0,684719.0,0.00017495270637844912,85.570375,0.565408,0.564128,0.565408,0.565792,0.001927487904615841,192.99987875476762,148.36380100741414,19066,0.000000000,1,25d1369dc84090d21acdabe5c4ceab16cce6450b5975d160368cd19ad1213a5b,16,3,19,10,2,0,0,"static single-case binary; CUDA event includes setup/readback, clock64 covers timed window"
calibration,v2_calibration_fp16_n128_q4_batch_same_in0_same_discard_h0_b0_none_ops0,1,,NVIDIA Thor,11.0,580.00,13.0,1575.000,,,,mem_clock_mhz:unavailable;temperature_c:unavailable;power_w:unavailable;sm_clock_mhz:sysfs_or_default,fp16,128,4,500,3,233,batch,same,same,discard,0,0,0,20,none,0,291157.0,291154.60000000003,291157.0,291157.8,7.149650415067276e-06,145.5785,0.313056,0.312032,0.313056,0.3138496,0.003639564771075186,113.4444440628252,66.98967596851682,10000,0.000000000,1,c9902a8140325ac841dfc5b95b8d71aefbdff4eed8cee94fb772abbf2d21fa6d,4,3,19,10,2,0,0,"static single-case binary; CUDA event includes setup/readback, clock64 covers timed window"
control,v2_control_bf16_n128_q1_commit_wait_same_in0_same_discard_h0_b0_none_ops0,1,,NVIDIA Thor,11.0,580.00,13.0,1575.000,,,,mem_clock_mhz:unavailable;temperature_c:unavailable;power_w:unavailable;sm_clock_mhz:sysfs_or_default,bf16,128,1,1000,3,234,commit_wait,same,same,discard,0,0,0,20,none,0,258150.0,258149.2,258150.0,258151.59999999998,5.917192559575545e-06,,0.292832,0.2922176,0.292832,0.2962624,0.009267099039092532,,,20000,0.000000000,1,f5500534993f9d149dad7d01337e7df77fa55e8fac5dbaa682a3a133d6d2179a,0,3,19,9,2,0,0,"static single-case binary; CUDA event includes setup/readback, clock64 covers timed window"
calibration,v2_calibration_fp16_n128_q8_batch_same_in0_same_discard_h32_b1_none_ops0,1,,NVIDIA Thor,11.0,580.00,13.0,1575.000,,,,mem_clock_mhz:unavailable;temperature_c:unavailable;power_w:unavailable;sm_clock_mhz:sysfs_or_default,fp16,128,8,500,3,235,batch,same,same,discard,0,32,1,1,none,0,432622.0,432540.4,432622.0,432716.39999999997,0.0002544844454113913,108.1555,0.372288,0.37167360000000005,0.372288,0.37320960000000003,0.002594890680622327,7.634873862170671,5.63314423242221,818,0.000000000,1,b353f0825bd4429447fb3d56a68669d95b0a94def79f82775d754a9ed41b51b4,8,3,19,10,2,0,0,"static single-case binary; CUDA event includes setup/readback, clock64 covers timed window"
calibration,v2_calibration_bf16_n128_q64_batch_ring_in0_same_discard_h32_b1_none_ops0,1,,NVIDIA Thor,11.0,580.00,13.0,1575.000,,,,mem_clock_mhz:unavailable;temperature_c:unavailable;power_w:unavailable;sm_clock_mhz:sysfs_or_default,bf16,128,64,500,3,236,batch,ring,same,discard,0,32,1,1,none,0,2221653.0,2221526.6,2221653.0,2221832.2,8.639783478703929e-05,69.42665625,1.508256,1.5072320000000001,1.508256,1.5091264000000002,0.0007859056322781841,11.893898462091064,11.123586446863131,752,0.000000000,1,8c667bc98013039f0ed5c04bf3b614e30780e5cee503e7b6af31b5411af6c48f,64,3,17,7,2,0,0,"static single-case binary; CUDA event includes setup/readback, clock64 covers timed window"
calibration,v2_calibration_fp16_n256_q32_batch_ring_in0_same_discard_h0_b1_none_ops0,1,,NVIDIA Thor,11.0,580.00,13.0,1575.000,,,,mem_clock_mhz:unavailable;temperature_c:unavailable;power_w:unavailable;sm_clock_mhz:sysfs_or_default,fp16,256,32,500,3,237,batch,ring,same,discard,0,0,1,1,none,0,2261856.0,2261760.8000000003,2261856.0,2261976.8,5.982478202088989e-05,141.366,1.533536,1.5330240000000002,1.533536,1.5339200000000002,0.0003664218355378538,11.682492254148807,10.940216597458422,1500,0.000000000,1,8c607b4138747f87ab658f040d45d03f0fdbf80f461533e81d5c59116f123973,32,3,17,7,2,0,0,"static single-case binary; CUDA event includes setup/readback, clock64 covers timed window"
calibration,v2_calibration_fp16_n128_q8_batch_same_in1_same_discard_h0_b1_none_ops0,1,,NVIDIA Thor,11.0,580.00,13.0,1575.000,,,,mem_clock_mhz:unavailable;temperature_c:unavailable;power_w:unavailable;sm_clock_mhz:sysfs_or_default,fp16,128,8,500,3,238,batch,same,same,discard,1,0,1,1,none,0,407640.0,407372.80000000005,407640.0,408096.80000000005,0.0011224467681556114,101.91,0.356736,0.35671040000000004,0.356736,0.357632,0.0018372094288406414,8.102773035030909,5.878722640832436,500,0.000000000,1,3b9181a56143a414a1f943f562ebf1022d44245dd951590d8c83fa0269bfe19d,8,3,19,10,2,0,0,"static single-case binary; CUDA event includes setup/readback, clock64 covers timed window"
calibration,v2_calibration_fp16_n256_q1_batch_same_in1_same_discard_h0_b1_none_ops0,1,,NVIDIA Thor,11.0,580.00,13.0,1575.000,,,,mem_clock_mhz:unavailable;temperature_c:unavailable;power_w:unavailable;sm_clock_mhz:sysfs_or_default,fp16,256,1,500,3,239,batch,same,same,discard,1,0,1,1,none,0,225128.0,225128.00000000003,225128.0,225128.0,0.0,450.256,0.240896,0.24012800000000004,0.240896,0.2409984,0.002471382190755584,3.667929355744288,2.1764080765143463,500,0.000000000,1,487e79a09cac0bf720b4f9a5c9dde354cba03fa568d427e7a3b01e63dd9d5c0c,1,3,19,10,2,0,0,"static single-case binary; CUDA event includes setup/readback, clock64 covers timed window"
control,v2_control_bf16_n128_q64_empty_same_in0_same_discard_h0_b1_none_ops0,1,,NVIDIA Thor,11.0,580.00,13.0,1575.000,,,,mem_clock_mhz:unavailable;temperature_c:unavailable;power_w:unavailable;sm_clock_mhz:sysfs_or_default,bf16,128,64,1000,3,240,empty,same,same,discard,0,0,1,1,none,0,264107.0,264107.0,264107.0,264107.0,0.0,,0.265472,0.2651648,0.265472,0.26572799999999996,0.001327872027795379,,,0,0.000000000,1,3cbbe6e7e2be480d7d6101faf08548b4bf52c13b611e8d5a47edf713a6072f9d,0,2,16,9,2,0,0,"static single-case binary; CUDA event includes setup/readback, clock64 covers timed window"
calibration,v2_calibration_bf16_n128_q2_batch_ring_in0_same_discard_h0_b0_none_ops0,1,,NVIDIA Thor,11.0,580.00,13.0,1575.000,,,,mem_clock_mhz:unavailable;temperature_c:unavailable;power_w:unavailable;sm_clock_mhz:sysfs_or_default,bf16,128,2,500,3,241,batch,ring,same,discard,0,0,0,20,none,0,247149.0,247146.60000000003,247149.0,247149.8,8.422739378373847e-06,247.149,0.290304,0.2888192,0.290304,0.3051008,0.03803534539830596,66.82232984960488,36.119929453262785,10000,0.000000000,1,4ffadd6fd095528ede5d6f268c2f4ab0fdb42da6d5edd61eef6f1ab892843a74,2,3,17,7,2,0,0,"static single-case binary; CUDA event includes setup/readback, clock64 covers timed window"
calibration,v2_calibration_fp16_n256_q64_batch_ring_in0_same_discard_h0_b0_none_ops0,1,,NVIDIA Thor,11.0,580.00,13.0,1575.000,,,,mem_clock_mhz:unavailable;temperature_c:unavailable;power_w:unavailable;sm_clock_mhz:sysfs_or_default,fp16,256,64,500,3,242,batch,ring,same,discard,0,0,0,20,none,0,4322001.0,4321933.0,4322001.0,4322013.0,1.2477844585008604e-05,135.06253125,2.87568,2.8745024,2.87568,2.8759616,0.00033652558157522267,244.55445706745556,233.36693929783564,30000,0.000000000,1,164abfa829353490498f266de5451df12a63ec7a0364c525bc681da0bc0d0f50,64,3,17,7,2,0,0,"static single-case binary; CUDA event includes setup/readback, clock64 covers timed window"
calibration,v2_calibration_fp16_n128_q2_batch_same_in0_same_discard_h32_b1_none_ops0,1,,NVIDIA Thor,11.0,580.00,13.0,1575.000,,,,mem_clock_mhz:unavailable;temperature_c:unavailable;power_w:unavailable;sm_clock_mhz:sysfs_or_default,fp16,128,2,500,3,243,batch,same,same,discard,0,32,1,1,none,0,237632.0,237632.0,237632.0,237632.0,0.0,237.632,0.247776,0.2475712,0.247776,0.2480576,0.0012318429770363385,3.474925935900889,2.115975720005166,500,0.000000000,1,7c28a6caa5240d95e116b7bdcb7d590e2c707d3dd07076b426d2ef8998e0b44e,2,3,19,10,2,0,0,"static single-case binary; CUDA event includes setup/readback, clock64 covers timed window"
calibration,v2_calibration_fp16_n256_q2_batch_same_in0_same_discard_h32_b0_none_ops0,1,,NVIDIA Thor,11.0,580.00,13.0,1575.000,,,,mem_clock_mhz:unavailable;temperature_c:unavailable;power_w:unavailable;sm_clock_mhz:sysfs_or_default,fp16,256,2,500,3,244,batch,same,same,discard,0,32,0,20,none,0,302535.0,302434.2,302535.0,302956.6,0.0011445305296682211,302.535,0.322368,0.3199616,0.322368,0.3239296,0.007759444386878684,109.17792652089841,65.05459598967639,15174,0.000000000,1,cbd4bf63a1e27ae7244edfb3fdb5a169663f95170ab8a5ad113bc257082215ab,2,3,19,10,2,0,0,"static single-case binary; CUDA event includes setup/readback, clock64 covers timed window"
calibration,v2_calibration_fp16_n128_q1_batch_same_in0_same_discard_h10000000_b1_none_ops0,1,,NVIDIA Thor,11.0,580.00,13.0,1575.000,,,,mem_clock_mhz:unavailable;temperature_c:unavailable;power_w:unavailable;sm_clock_mhz:sysfs_or_default,fp16,128,1,500,3,245,batch,same,same,discard,0,10000000,1,1,none,0,215655.0,215654.2,215655.0,215655.0,2.677198124731635e-06,431.31,0.235424,0.23532160000000002,0.235424,0.23690879999999997,0.0047049089011247155,1.9145245878834247,1.1134973494630964,500,0.000000000,1,5de932703e9c79feeec7f2e6c8102125f17f67a861c43562cfdf37767acac0a1,1,3,19,10,2,0,0,"static single-case binary; CUDA event includes setup/readback, clock64 covers timed window"
control,v2_control_bf16_n256_q64_empty_same_in0_same_discard_h10000000_b0_none_ops0,1,,NVIDIA Thor,11.0,580.00,13.0,1575.000,,,,mem_clock_mhz:unavailable;temperature_c:unavailable;power_w:unavailable;sm_clock_mhz:sysfs_or_default,bf16,256,64,1000,3,246,empty,same,same,discard,0,10000000,0,20,none,0,264111.0,264110.2,264111.0,264112.60000000003,5.783641362046612e-06,,0.300096,0.2993536,0.300096,0.3009664,0.003361852032064361,,,0,0.000000000,1,2ce5f806f3a5d6684981897baeca113ce3f4145687ee790d97935b478626cd25,0,2,16,9,2,0,0,"static single-case binary; CUDA event includes setup/readback, clock64 covers timed window"
control,v2_control_bf16_n128_q1_commit_wait_same_in0_same_discard_h32_b0_none_ops0,1,,NVIDIA Thor,11.0,580.00,13.0,1575.000,,,,mem_clock_mhz:unavailable;temperature_c:unavailable;power_w:unavailable;sm_clock_mhz:sysfs_or_default,bf16,128,1,1000,3,247,commit_wait,same,same,discard,0,32,0,20,none,0,258150.0,258146.80000000002,258150.0,258152.40000000002,1.3604063989820813e-05,,0.295392,0.29528960000000004,0.295392,0.2965696,0.0030053962118874785,,,20000,0.000000000,1,1608e60404c0baa2b691c7834336020800f245bdcc2381c506e6c7ec1364fae2,0,3,19,9,2,0,0,"static single-case binary; CUDA event includes setup/readback, clock64 covers timed window"
calibration,v2_calibration_fp16_n256_q8_batch_same_in1_same_discard_h10000000_b0_none_ops0,1,,NVIDIA Thor,11.0,580.00,13.0,1575.000,,,,mem_clock_mhz:unavailable;temperature_c:unavailable;power_w:unavailable;sm_clock_mhz:sysfs_or_default,fp16,256,8,500,3,248,batch,same,same,discard,1,10000000,0,20,none,0,703150.0,703149.2000000001,703150.0,703155.6,6.199084897064467e-06,175.7875,0.576,0.5758976,0.576,0.577024,0.0013508244570948796,187.89813837730213,145.63555555555558,10000,0.000000000,1,acda6f43274de55976eff6a16aa1ec4b0db569e55dc3706970a8d9e6754c34cf,8,3,19,10,2,0,0,"static single-case binary; CUDA event includes setup/readback, clock64 covers timed window"
calibration,v2_calibration_fp16_n128_q1_batch_same_in1_same_discard_h0_b0_none_ops0,1,,NVIDIA Thor,11.0,580.00,13.0,1575.000,,,,mem_clock_mhz:unavailable;temperature_c:unavailable;power_w:unavailable;sm_clock_mhz:sysfs_or_default,fp16,128,1,500,3,249,batch,same,same,discard,1,0,0,20,none,0,225134.0,225131.60000000003,225134.0,225136.4,1.332539731893006e-05,450.268,0.274304,0.2727936,0.274304,0.2743552,0.0040518469428653114,36.67831602512282,19.113392440503965,10000,0.000000000,1,484b10651d65bc3bcc2dbee520ede22f87877f5504ece0d698336a34d3e2724f,1,3,19,10,2,0,0,"static single-case binary; CUDA event includes setup/readback, clock64 covers timed window"
calibration,v2_calibration_fp16_n256_q16_batch_ring_in0_same_discard_h32_b1_none_ops0,1,,NVIDIA Thor,11.0,580.00,13.0,1575.000,,,,mem_clock_mhz:unavailable;temperature_c:unavailable;power_w:unavailable;sm_clock_mhz:sysfs_or_default,fp16,256,16,500,3,250,batch,ring,same,discard,0,32,1,1,none,0,1237325.0,1235819.4,1237325.0,1237624.2,0.0009775746473076024,154.665625,0.882464,0.882464,0.882464,0.8858176000000001,0.0027382715332905493,10.677920190734042,9.505892591652465,1498,0.000000000,1,dcddda01481b151d8b9c8c92147d1e7382f429a73ed2160c0f64623fd7bc4395,16,3,17,7,2,0,0,"static single-case binary; CUDA event includes setup/readback, clock64 covers timed window"
calibration,v2_calibration_fp16_n256_q64_batch_ring_in0_same_discard_h32_b0_none_ops0,1,,NVIDIA Thor,11.0,580.00,13.0,1575.000,,,,mem_clock_mhz:unavailable;temperature_c:unavailable;power_w:unavailable;sm_clock_mhz:sysfs_or_default,fp16,256,64,500,3,251,batch,ring,same,discard,0,32,0,20,none,0,4311446.0,4311322.8,4311446.0,4311535.600000001,3.0976132338019574e-05,134.7326875,2.867392,2.8673152,2.867392,2.869568,0.0005574189648087299,245.15315928809034,234.04147043724745,29966,0.000000000,1,8a24537d19347143a98f46cc08884560562ee7e17bf905e0041c8a36c35a7399,64,3,17,7,2,0,0,"static single-case binary; CUDA event includes setup/readback, clock64 covers timed window"
calibration,v2_calibration_fp16_n128_q4_batch_same_in0_same_discard_h10000000_b0_none_ops0,1,,NVIDIA Thor,11.0,580.00,13.0,1575.000,,,,mem_clock_mhz:unavailable;temperature_c:unavailable;power_w:unavailable;sm_clock_mhz:sysfs_or_default,fp16,128,4,500,3,252,batch,same,same,discard,0,10000000,0,20,none,0,319606.0,319605.2,319606.0,319607.6,4.7793960017019274e-06,159.803,0.332672,0.332672,0.332672,0.3335936,0.0019969840210248154,103.34644531078892,63.0396306271643,10000,0.000000000,1,62c1f5b6ca1a605d859a2040bddfdf0e74b400acb599ca40567c2c628aa22ef8,4,3,19,10,2,0,0,"static single-case binary; CUDA event includes setup/readback, clock64 covers timed window"
calibration,v2_calibration_fp16_n256_q64_batch_same_in1_same_discard_h32_b0_none_ops0,1,,NVIDIA Thor,11.0,580.00,13.0,1575.000,,,,mem_clock_mhz:unavailable;temperature_c:unavailable;power_w:unavailable;sm_clock_mhz:sysfs_or_default,fp16,256,64,500,3,253,batch,same,same,discard,1,32,0,20,none,0,4308345.0,4308237.0,4308345.0,4308399.4,2.3982963172435687e-05,134.63578125,3.2736,3.2719616,3.2736,3.4162176,0.031065742719007274,245.32961218286835,205.00019550342128,29964,0.000000000,1,b7edda32b16a5ba1ae480630d5202963e4c44aa3eeea5047ebc25f9c3704f4bd,64,3,19,10,2,0,0,"static single-case binary; CUDA event includes setup/readback, clock64 covers timed window"
calibration,v2_calibration_bf16_n128_q2_batch_same_in1_same_discard_h0_b0_none_ops0,1,,NVIDIA Thor,11.0,580.00,13.0,1575.000,,,,mem_clock_mhz:unavailable;temperature_c:unavailable;power_w:unavailable;sm_clock_mhz:sysfs_or_default,bf16,128,2,500,3,254,batch,same,same,discard,1,0,0,20,none,0,247139.0,247139.0,247139.0,247145.4,1.868888486435043e-05,247.139,0.287808,0.2871168,0.287808,0.2880384,0.0020844452598126253,66.82503368549682,36.43317767400489,10000,0.000000000,1,996805b4a9f49ae89b219e805c17bac94c3ec6fa0f570ef4cb712cc445cb4ee5,2,3,19,10,2,0,0,"static single-case binary; CUDA event includes setup/readback, clock64 covers timed window"
calibration,v2_calibration_fp16_n128_q32_batch_same_in0_same_discard_h32_b0_none_ops0,1,,NVIDIA Thor,11.0,580.00,13.0,1575.000,,,,mem_clock_mhz:unavailable;temperature_c:unavailable;power_w:unavailable;sm_clock_mhz:sysfs_or_default,fp16,128,32,500,3,255,batch,same,same,discard,0,32,0,20,none,0,1188897.0,1188700.2000000002,1188897.0,1189013.0,0.00016626147359842687,74.3060625,0.885472,0.8848064,0.885472,0.8867776,0.0014151557304486577,222.257396561687,189.47201040800837,12477,0.000000000,1,16bca5148debad52d6c483acaf92169b8333ad4dde32eabd25e1fa6163c86fe2,32,3,19,10,2,0,0,"static single-case binary; CUDA event includes setup/readback, clock64 covers timed window"
calibration,v2_calibration_fp16_n256_q4_batch_ring_in0_same_discard_h0_b0_none_ops0,1,,NVIDIA Thor,11.0,580.00,13.0,1575.000,,,,mem_clock_mhz:unavailable;temperature_c:unavailable;power_w:unavailable;sm_clock_mhz:sysfs_or_default,fp16,256,4,500,3,256,batch,ring,same,discard,0,0,0,20,none,0,425431.0,425323.80000000005,425431.0,425446.19999999995,0.0001960368668611102,212.7155,0.400768,0.4002816,0.400768,0.40081920000000004,0.0009258601331760762,155.27850109653502,104.65665921430852,19994,0.000000000,1,81232dd83e4f0a5b87d3d798fa058ff75d583ec38ffcfc0e639c9583340955ba,4,3,17,7,2,0,0,"static single-case binary; CUDA event includes setup/readback, clock64 covers timed window"
calibration,v2_calibration_fp16_n256_q32_batch_same_in0_same_discard_h32_b1_none_ops0,1,,NVIDIA Thor,11.0,580.00,13.0,1575.000,,,,mem_clock_mhz:unavailable;temperature_c:unavailable;power_w:unavailable;sm_clock_mhz:sysfs_or_default,fp16,256,32,500,3,257,batch,same,same,discard,0,32,1,1,none,0,2246721.0,2246713.8000000003,2246721.0,2246870.6,4.925008204517499e-05,140.4200625,1.524288,1.5233664000000002,1.524288,1.5244928,0.0004921370111075738,11.761191175940404,11.006591930133938,1500,0.000000000,1,2b7234bbd775dd6641b552d55c630ebc30a5889e84001976ec9bacfdb315300d,32,3,19,10,2,0,0,"static single-case binary; CUDA event includes setup/readback, clock64 covers timed window"
calibration,v2_calibration_fp16_n256_q16_batch_ring_in0_same_discard_h32_b0_none_ops0,1,,NVIDIA Thor,11.0,580.00,13.0,1575.000,,,,mem_clock_mhz:unavailable;temperature_c:unavailable;power_w:unavailable;sm_clock_mhz:sysfs_or_default,fp16,256,16,500,3,258,batch,ring,same,discard,0,32,0,20,none,0,1236107.0,1235799.8,1236107.0,1236410.2,0.00030863286497715445,154.513375,0.91648,0.9156096,0.91648,0.9170943999999999,0.0010176926082828086,213.7688339278072,183.06145251396646,29969,0.000000000,1,dcddda01481b151d8b9c8c92147d1e7382f429a73ed2160c0f64623fd7bc4395,16,3,17,7,2,0,0,"static single-case binary; CUDA event includes setup/readback, clock64 covers timed window"
calibration,v2_calibration_bf16_n128_q8_batch_same_in1_same_discard_h0_b0_none_ops0,1,,NVIDIA Thor,11.0,580.00,13.0,1575.000,,,,mem_clock_mhz:unavailable;temperature_c:unavailable;power_w:unavailable;sm_clock_mhz:sysfs_or_default,bf16,128,8,500,3,259,batch,same,same,discard,1,0,0,20,none,0,408386.0,408345.2,408386.0,408405.19999999995,9.378940538867545e-05,102.0965,0.389248,0.38394880000000003,0.389248,0.3894784,0.010100220790750309,161.7594334771515,107.754028280171,10000,0.000000000,1,33df49499dc7b67f54cfba615c50889dea0b08457b52bfbcca612a279e3c12e2,8,3,19,10,2,0,0,"static single-case binary; CUDA event includes setup/readback, clock64 covers timed window"
calibration,v2_calibration_fp16_n128_q2_batch_same_in1_same_discard_h0_b1_none_ops0,1,,NVIDIA Thor,11.0,580.00,13.0,1575.000,,,,mem_clock_mhz:unavailable;temperature_c:unavailable;power_w:unavailable;sm_clock_mhz:sysfs_or_default,fp16,128,2,500,3,260,batch,same,same,discard,1,0,1,1,none,0,247130.0,247130.0,247130.0,247130.0,0.0,247.13,0.2536,0.2530624,0.2536,0.25582720000000003,0.007205555959340866,3.341373366244486,2.0673817034700317,500,0.000000000,1,cca326f410812f4d02099f7f94f9b78166c5c6489edac0a7de99c2999ca5612f,2,3,19,10,2,0,0,"static single-case binary; CUDA event includes setup/readback, clock64 covers timed window"
calibration,v2_calibration_bf16_n128_q32_batch_same_in0_same_discard_h10000000_b0_none_ops0,1,,NVIDIA Thor,11.0,580.00,13.0,1575.000,,,,mem_clock_mhz:unavailable;temperature_c:unavailable;power_w:unavailable;sm_clock_mhz:sysfs_or_default,bf16,128,32,500,3,261,batch,same,same,discard,0,10000000,0,20,none,0,1215427.0,1215425.4,1215427.0,1215427.8,1.2567810741237205e-06,75.9641875,0.901632,0.9007104,0.901632,0.9027072,0.001385422762150866,217.4060243848458,186.07609312890403,10000,0.000000000,1,c2cac3b5415461651fdc0824c326c2f7d94304e6e9032637c1146a7b8a99fe3f,32,3,19,10,2,0,0,"static single-case binary; CUDA event includes setup/readback, clock64 covers timed window"
calibration,v2_calibration_bf16_n256_q4_batch_same_in1_same_discard_h10000000_b1_none_ops0,1,,NVIDIA Thor,11.0,580.00,13.0,1575.000,,,,mem_clock_mhz:unavailable;temperature_c:unavailable;power_w:unavailable;sm_clock_mhz:sysfs_or_default,bf16,256,4,500,3,262,batch,same,same,discard,1,10000000,1,1,none,0,447262.0,447262.00000000006,447262.0,447263.6,2.5817056160419936e-06,223.631,0.380288,0.379904,0.380288,0.381952,0.0035732874410881865,7.38496541177207,5.514641534836755,500,0.000000000,1,6ad6d760b96d0f9a8721672e2f01b4c400fb19b14d0f57e0caebaa2d3f0dd80a,4,3,19,10,2,0,0,"static single-case binary; CUDA event includes setup/readback, clock64 covers timed window"
calibration,v2_calibration_bf16_n256_q1_batch_ring_in0_same_discard_h0_b0_none_ops0,1,,NVIDIA Thor,11.0,580.00,13.0,1575.000,,,,mem_clock_mhz:unavailable;temperature_c:unavailable;power_w:unavailable;sm_clock_mhz:sysfs_or_default,bf16,256,1,500,3,263,batch,ring,same,discard,0,0,0,20,none,0,225129.0,225127.40000000002,225129.0,225132.2,1.3570181613724358e-05,450.258,0.274848,0.2745408,0.274848,0.27512960000000003,0.0013393956319752952,73.35826126354223,38.15112353009664,10000,0.000000000,1,81857b40ebf2a134430c3177b45ca3b129af4733c46de2aa8d5ac6db03449991,1,3,17,7,2,0,0,"static single-case binary; CUDA event includes setup/readback, clock64 covers timed window"
calibration,v2_calibration_fp16_n256_q8_batch_ring_in0_same_discard_h10000000_b0_none_ops0,1,,NVIDIA Thor,11.0,580.00,13.0,1575.000,,,,mem_clock_mhz:unavailable;temperature_c:unavailable;power_w:unavailable;sm_clock_mhz:sysfs_or_default,fp16,256,8,500,3,264,batch,ring,same,discard,0,10000000,0,20,none,0,703152.0,703152.0,703152.0,703152.8,8.210884637937047e-07,175.788,0.578144,0.5779136,0.578144,0.5785024,0.0006414544017530471,187.897603932009,145.0954779432114,10000,0.000000000,1,60dae41e0ce190378bf904b44d59af1b02522c632fee646decb8c14a2e593be7,8,3,17,7,2,0,0,"static single-case binary; CUDA event includes setup/readback, clock64 covers timed window"
calibration,v2_calibration_bf16_n128_q8_batch_ring_in0_same_discard_h10000000_b0_none_ops0,1,,NVIDIA Thor,11.0,580.00,13.0,1575.000,,,,mem_clock_mhz:unavailable;temperature_c:unavailable;power_w:unavailable;sm_clock_mhz:sysfs_or_default,bf16,128,8,500,3,265,batch,ring,same,discard,0,10000000,0,20,none,0,447444.0,447444.0,447444.0,447447.2,5.161303302806085e-06,111.861,0.414272,0.41350400000000004,0.414272,0.41544960000000003,0.0029556549585536746,147.63923083112078,101.24517225397807,10000,0.000000000,1,f8bbb56ccc7c02349aed24932a902fa0816a8d5ec725dd4d2eccbed23e07ab65,8,3,17,7,2,0,0,"static single-case binary; CUDA event includes setup/readback, clock64 covers timed window"
calibration,v2_calibration_bf16_n128_q16_batch_ring_in0_same_discard_h10000000_b0_none_ops0,1,,NVIDIA Thor,11.0,580.00,13.0,1575.000,,,,mem_clock_mhz:unavailable;temperature_c:unavailable;power_w:unavailable;sm_clock_mhz:sysfs_or_default,bf16,128,16,500,3,266,batch,ring,same,discard,0,10000000,0,20,none,0,703430.0,703426.8,703430.0,703430.0,3.2830636370025242e-06,87.92875,0.576672,0.5755968,0.576672,0.595104,0.023474085998141957,187.82334560652802,145.46584540258587,10000,0.000000000,1,a53116e86327ba2f863e8c3b94953635b7023d953b8b0682b91bc352bc03142e,16,3,17,7,2,0,0,"static single-case binary; CUDA event includes setup/readback, clock64 covers timed window"
calibration,v2_calibration_bf16_n256_q64_batch_same_in1_same_discard_h10000000_b1_none_ops0,1,,NVIDIA Thor,11.0,580.00,13.0,1575.000,,,,mem_clock_mhz:unavailable;temperature_c:unavailable;power_w:unavailable;sm_clock_mhz:sysfs_or_default,bf16,256,64,500,3,267,batch,same,same,discard,1,10000000,1,1,none,0,4293632.0,4293632.0,4293632.0,4696496.8,0.0651671244028693,134.176,2.824384,2.823488,2.824384,3.0737536000000003,0.06157665556964242,12.308514190317196,11.880265572953254,500,0.000000000,1,d1d3684a720a896eb8094fe967a3dbfc87322795dcfd819b9b7f8207c73d94b6,64,3,19,10,2,0,0,"static single-case binary; CUDA event includes setup/readback, clock64 covers timed window"
control,v2_control_fp16_n256_q64_empty_same_in0_same_discard_h0_b1_none_ops0,1,,NVIDIA Thor,11.0,580.00,13.0,1575.000,,,,mem_clock_mhz:unavailable;temperature_c:unavailable;power_w:unavailable;sm_clock_mhz:sysfs_or_default,fp16,256,64,1000,3,268,empty,same,same,discard,0,0,1,1,none,0,264107.0,264107.0,264107.0,264107.0,0.0,,0.265536,0.2648704,0.265536,0.2657152,0.0020970132833358773,,,0,0.000000000,1,ef888c4db66b1692d11972ace8c56fb72ad6f2a5e93243529d29bb93f6de2ef1,0,2,16,9,2,0,0,"static single-case binary; CUDA event includes setup/readback, clock64 covers timed window"
calibration,v2_calibration_bf16_n256_q16_batch_same_in0_same_discard_h0_b0_none_ops0,1,,NVIDIA Thor,11.0,580.00,13.0,1575.000,,,,mem_clock_mhz:unavailable;temperature_c:unavailable;power_w:unavailable;sm_clock_mhz:sysfs_or_default,bf16,256,16,500,3,269,batch,same,same,discard,0,0,0,20,none,0,1238540.0,1238426.4,1238540.0,1238716.0,0.0001472631861158702,154.8175,0.917088,0.9170880000000001,0.917088,0.9181887999999999,0.0008658240493543141,213.34890435512781,182.9400886283541,30000,0.000000000,1,1697f0c68da756b6ee0399272054a866c2e13a9a982353dd40123aee1a69a07b,16,3,19,10,2,0,0,"static single-case binary; CUDA event includes setup/readback, clock64 covers timed window"
calibration,v2_calibration_fp16_n128_q16_batch_ring_in0_same_discard_h10000000_b0_none_ops0,1,,NVIDIA Thor,11.0,580.00,13.0,1575.000,,,,mem_clock_mhz:unavailable;temperature_c:unavailable;power_w:unavailable;sm_clock_mhz:sysfs_or_default,fp16,128,16,500,3,270,batch,ring,same,discard,0,10000000,0,20,none,0,703429.0,703427.4,703429.0,703430.6,2.8432151645724017e-06,87.928625,0.57808,0.5779264000000001,0.57808,0.5787968,0.001004161616379881,187.82361261762026,145.11154165513423,10000,0.000000000,1,98207e519a3b8d53746faade5abfcaadc4053c02efc559aa13c235f4fef889c6,16,3,17,7,2,0,0,"static single-case binary; CUDA event includes setup/readback, clock64 covers timed window"
calibration,v2_calibration_fp16_n256_q32_batch_same_in0_same_discard_h0_b1_none_ops0,1,,NVIDIA Thor,11.0,580.00,13.0,1575.000,,,,mem_clock_mhz:unavailable;temperature_c:unavailable;power_w:unavailable;sm_clock_mhz:sysfs_or_default,fp16,256,32,500,3,271,batch,same,same,discard,0,0,1,1,none,0,2261842.0,2261800.4,2261842.0,2261860.4,1.6987591331813778e-05,141.365125,1.533312,1.5332352,1.533312,1.5334400000000001,8.434334367292596e-05,11.682564564633603,10.94181484264129,1500,0.000000000,1,743d982e9124fe4dc0a4137f9e1d5b373076d07dc77ffc91a25db9132a448b1f,32,3,19,10,2,0,0,"static single-case binary; CUDA event includes setup/readback, clock64 covers timed window"
calibration,v2_calibration_bf16_n128_q2_batch_ring_in0_same_discard_h10000000_b0_none_ops0,1,,NVIDIA Thor,11.0,580.00,13.0,1575.000,,,,mem_clock_mhz:unavailable;temperature_c:unavailable;power_w:unavailable;sm_clock_mhz:sysfs_or_default,bf16,128,2,500,3,272,batch,ring,same,discard,0,10000000,0,20,none,0,237658.0,237654.00000000003,237658.0,237658.0,1.214674696633989e-05,237.658,0.282912,0.28104320000000005,0.282912,0.2836032,0.005861686412130017,69.49091551725589,37.06368057912001,10000,0.000000000,1,b43cd404a224aaacf301953c1305ffcfc7130bf128d8848b7e36e747d3986aa4,2,3,17,7,2,0,0,"static single-case binary; CUDA event includes setup/readback, clock64 covers timed window"
calibration,v2_calibration_fp16_n256_q64_batch_same_in1_same_discard_h0_b0_none_ops0,1,,NVIDIA Thor,11.0,580.00,13.0,1575.000,,,,mem_clock_mhz:unavailable;temperature_c:unavailable;power_w:unavailable;sm_clock_mhz:sysfs_or_default,fp16,256,64,500,3,273,batch,same,same,discard,1,0,0,20,none,0,4322866.0,4322763.600000001,4322866.0,4322870.8,1.7509927876227442e-05,135.0895625,3.28256,3.2811776000000004,3.28256,3.2837888,0.0004974692749779469,244.50552203098593,204.44063170208616,30000,0.000000000,1,10b8c6a0cfb544964689dc33e613594621a48d2d1993393b445176792a72708a,64,3,19,10,2,0,0,"static single-case binary; CUDA event includes setup/readback, clock64 covers timed window"
calibration,v2_calibration_bf16_n256_q8_batch_ring_in0_same_discard_h32_b1_none_ops0,1,,NVIDIA Thor,11.0,580.00,13.0,1575.000,,,,mem_clock_mhz:unavailable;temperature_c:unavailable;power_w:unavailable;sm_clock_mhz:sysfs_or_default,bf16,256,8,500,3,274,batch,ring,same,discard,0,32,1,1,none,0,708790.0,708478.8,708790.0,708914.0,0.00039545312774208203,177.1975,0.54704,0.5466816,0.54704,0.5473728,0.0007899005187010025,9.320149550642645,7.667271131909916,1500,0.000000000,1,2251aedddae2b03a7f10627dcede0e6233b090bb69ab12f141d7a2cc274115d6,8,3,17,7,2,0,0,"static single-case binary; CUDA event includes setup/readback, clock64 covers timed window"
calibration,v2_calibration_fp16_n128_q64_batch_same_in1_same_discard_h32_b1_none_ops0,1,,NVIDIA Thor,11.0,580.00,13.0,1575.000,,,,mem_clock_mhz:unavailable;temperature_c:unavailable;power_w:unavailable;sm_clock_mhz:sysfs_or_default,fp16,128,64,500,3,275,batch,same,same,discard,1,32,1,1,none,0,2222721.0,2222517.0,2222721.0,2223069.8,0.00015720330917059916,69.46003125,1.508896,1.5088447999999999,1.508896,1.5094336,0.0002701694235657492,11.888183537205075,11.118868364685174,762,0.000000000,1,fb87a95190e0616b9306917a1d84380103c554820b689c4b58742f35b1800971,64,3,19,10,2,0,0,"static single-case binary; CUDA event includes setup/readback, clock64 covers timed window"
calibration,v2_calibration_bf16_n128_q1_batch_same_in1_same_discard_h32_b0_none_ops0,1,,NVIDIA Thor,11.0,580.00,13.0,1575.000,,,,mem_clock_mhz:unavailable;temperature_c:unavailable;power_w:unavailable;sm_clock_mhz:sysfs_or_default,bf16,128,1,500,3,276,batch,same,same,discard,1,32,0,20,none,0,215662.0,215661.2,215662.0,215662.80000000002,4.636885496749543e-06,431.324,0.26752,0.2671104,0.26752,0.268032,0.0021571917171852267,38.28924891728723,19.598086124401913,10000,0.000000000,1,7694fd98522578a4bd4df4e113a040b7dc28a574b0c69630e4a9005ae1a30739,1,3,19,10,2,0,0,"static single-case binary; CUDA event includes setup/readback, clock64 covers timed window"
calibration,v2_calibration_bf16_n256_q2_batch_ring_in0_same_discard_h10000000_b1_none_ops0,1,,NVIDIA Thor,11.0,580.00,13.0,1575.000,,,,mem_clock_mhz:unavailable;temperature_c:unavailable;power_w:unavailable;sm_clock_mhz:sysfs_or_default,bf16,256,2,500,3,277,batch,ring,same,discard,0,10000000,1,1,none,0,319430.0,319430.0,319430.0,319430.0,0.0,319.43,0.299936,0.2997056,0.299936,0.3002176,0.0010685949433744289,5.170169364179945,3.4959991464845834,500,0.000000000,1,22bc13dab2bd0659490f09764707d5d5eaac5ccdbf94ebed63decaefff938b1b,2,3,17,7,2,0,0,"static single-case binary; CUDA event includes setup/readback, clock64 covers timed window"
calibration,v2_calibration_fp16_n256_q1_batch_same_in1_same_discard_h10000000_b1_none_ops0,1,,NVIDIA Thor,11.0,580.00,13.0,1575.000,,,,mem_clock_mhz:unavailable;temperature_c:unavailable;power_w:unavailable;sm_clock_mhz:sysfs_or_default,fp16,256,1,500,3,278,batch,same,same,discard,1,10000000,1,1,none,0,255593.0,255593.00000000003,255593.0,255593.0,0.0,511.186,0.25872,0.2584896,0.25872,0.259232,0.0018351144876132743,3.2307363660194137,2.0264687693259122,500,0.000000000,1,fcfdf91c5a49ffe3a3b6e08e15dcc41f843886752d680063dd807f6dec0862ea,1,3,19,10,2,0,0,"static single-case binary; CUDA event includes setup/readback, clock64 covers timed window"
calibration,v2_calibration_fp16_n256_q16_batch_ring_in0_same_discard_h0_b0_none_ops0,1,,NVIDIA Thor,11.0,580.00,13.0,1575.000,,,,mem_clock_mhz:unavailable;temperature_c:unavailable;power_w:unavailable;sm_clock_mhz:sysfs_or_default,fp16,256,16,500,3,279,batch,ring,same,discard,0,0,0,20,none,0,1238359.0,1238321.4000000001,1238359.0,1238680.6,0.0001992640272611799,154.794875,0.917952,0.9173376000000001,0.917952,0.9180032,0.0005044989170628906,213.38008768055144,182.76790071812033,29988,0.000000000,1,7e80efa94aec113b2caf2c13d211f11c765f9799a2e91e6351d349149b894f39,16,3,17,7,2,0,0,"static single-case binary; CUDA event includes setup/readback, clock64 covers timed window"
calibration,v2_calibration_fp16_n256_q2_batch_same_in0_same_discard_h0_b0_none_ops0,1,,NVIDIA Thor,11.0,580.00,13.0,1575.000,,,,mem_clock_mhz:unavailable;temperature_c:unavailable;power_w:unavailable;sm_clock_mhz:sysfs_or_default,fp16,256,2,500,3,280,batch,same,same,discard,0,0,0,20,none,0,308674.0,307679.60000000003,308674.0,309158.0,0.0030544391773222727,308.674,0.327136,0.3260352,0.327136,0.3278784,0.003545210397055821,107.00656355896513,64.10642668492615,17884,0.000000000,1,7798546f68cfc5add089e78a6ab81c9b9390cb871d3655940f679156610264e5,2,3,19,10,2,0,0,"static single-case binary; CUDA event includes setup/readback, clock64 covers timed window"
control,v2_control_bf16_n128_q1_forced_wait_same_in0_same_discard_h0_b1_none_ops0,1,,NVIDIA Thor,11.0,580.00,13.0,1575.000,,,,mem_clock_mhz:unavailable;temperature_c:unavailable;power_w:unavailable;sm_clock_mhz:sysfs_or_default,bf16,128,1,1000,3,281,forced_wait,same,same,discard,0,0,1,1,none,0,450126.0,450126.00000000006,450126.0,450126.0,0.0,450.126,0.382528,0.3819136,0.382528,0.38449920000000004,0.004407638798306729,1.8344943415843564,1.370587251129329,1000,0.000000000,1,e9a2261d21ba875565a4c527eaf44fd3d5c35da1d488ef8816b1d07e67d451e3,1,3,19,10,2,0,0,"static single-case binary; CUDA event includes setup/readback, clock64 covers timed window"
control,v2_control_bf16_n256_q64_empty_same_in0_same_discard_h0_b0_none_ops0,1,,NVIDIA Thor,11.0,580.00,13.0,1575.000,,,,mem_clock_mhz:unavailable;temperature_c:unavailable;power_w:unavailable;sm_clock_mhz:sysfs_or_default,bf16,256,64,1000,3,282,empty,same,same,discard,0,0,0,20,none,0,264110.0,264110.0,264110.0,264113.2,8.744043837921267e-06,,0.298304,0.298304,0.298304,0.300608,0.005556193779626411,,,0,0.000000000,1,b733a103c91526e59e057d68531709113d6cec6ed8be0b74f29b3330b45755cb,0,2,16,9,2,0,0,"static single-case binary; CUDA event includes setup/readback, clock64 covers timed window"
calibration,v2_calibration_fp16_n128_q32_batch_same_in0_same_discard_h10000000_b0_none_ops0,1,,NVIDIA Thor,11.0,580.00,13.0,1575.000,,,,mem_clock_mhz:unavailable;temperature_c:unavailable;power_w:unavailable;sm_clock_mhz:sysfs_or_default,fp16,128,32,500,3,283,batch,same,same,discard,0,10000000,0,20,none,0,1215428.0,1215425.6,1215428.0,1215428.0,1.4250553982829716e-06,75.96425,0.902336,0.9016448000000001,0.902336,0.9024384,0.0005981549169309363,217.4058455128564,185.93091708631817,10000,0.000000000,1,e05182187f929aeca57d9c58f1ef762265c51264302bf5b49e9488f6d47e482e,32,3,19,10,2,0,0,"static single-case binary; CUDA event includes setup/readback, clock64 covers timed window"
calibration,v2_calibration_fp16_n256_q4_batch_same_in0_same_discard_h0_b1_none_ops0,1,,NVIDIA Thor,11.0,580.00,13.0,1575.000,,,,mem_clock_mhz:unavailable;temperature_c:unavailable;power_w:unavailable;sm_clock_mhz:sysfs_or_default,fp16,256,4,500,3,284,batch,same,same,discard,0,0,1,1,none,0,425122.0,425069.20000000007,425122.0,425338.0,0.0004186892224459402,212.561,0.367872,0.36774399999999996,0.367872,0.3680768,0.0005703608353746607,7.76956826510978,5.700765483646486,1000,0.000000000,1,ed201a99aa9dc185f448d6b43a4523ec141cf0d28ed91a070bfdf4afc7488726,4,3,19,10,2,0,0,"static single-case binary; CUDA event includes setup/readback, clock64 covers timed window"
calibration,v2_calibration_bf16_n256_q4_batch_ring_in0_same_discard_h32_b1_none_ops0,1,,NVIDIA Thor,11.0,580.00,13.0,1575.000,,,,mem_clock_mhz:unavailable;temperature_c:unavailable;power_w:unavailable;sm_clock_mhz:sysfs_or_default,bf16,256,4,500,3,285,batch,ring,same,discard,0,32,1,1,none,0,432560.0,432551.2,432560.0,432563.2,1.7957035705807307e-05,216.28,0.37216,0.3714176,0.37216,0.3724928,0.0018496821039020717,7.635968189384132,5.6350816852966465,1001,0.000000000,1,b46094e4672ecdde67a1ff4b59221ab517587ba35f41832730887dd10906f79f,4,3,17,7,2,0,0,"static single-case binary; CUDA event includes setup/readback, clock64 covers timed window"
calibration,v2_calibration_bf16_n256_q64_batch_same_in1_same_discard_h32_b1_none_ops0,1,,NVIDIA Thor,11.0,580.00,13.0,1575.000,,,,mem_clock_mhz:unavailable;temperature_c:unavailable;power_w:unavailable;sm_clock_mhz:sysfs_or_default,bf16,256,64,500,3,286,batch,same,same,discard,1,32,1,1,none,0,4311134.0,4311117.2,4311134.0,4712154.8,0.06462790138369603,134.7229375,2.836096,2.8358912,2.836096,3.0829312,0.06063983623315452,12.258545060302,11.83120458545832,1498,0.000000000,1,3c71eee40e5416e03a0c5357e6b00d624c117b0c0a538fcea6d5c99edfa25991,64,3,19,10,2,0,0,"static single-case binary; CUDA event includes setup/readback, clock64 covers timed window"
control,v2_control_bf16_n256_q64_empty_same_in0_same_discard_h32_b0_none_ops0,1,,NVIDIA Thor,11.0,580.00,13.0,1575.000,,,,mem_clock_mhz:unavailable;temperature_c:unavailable;power_w:unavailable;sm_clock_mhz:sysfs_or_default,bf16,256,64,1000,3,287,empty,same,same,discard,0,32,0,20,none,0,264113.0,264110.6,264113.0,264116.2,1.3296884863635231e-05,,0.298592,0.2984896,0.298592,0.30010240000000005,0.003773007978508557,,,0,0.000000000,1,b8a04d3763c5c1e1656a6eed9dab1fd82f76f0bd0e8bec6088967416d79a8ead,0,2,16,9,2,0,0,"static single-case binary; CUDA event includes setup/readback, clock64 covers timed window"
calibration,v2_calibration_bf16_n256_q4_batch_ring_in0_same_discard_h32_b0_none_ops0,1,,NVIDIA Thor,11.0,580.00,13.0,1575.000,,,,mem_clock_mhz:unavailable;temperature_c:unavailable;power_w:unavailable;sm_clock_mhz:sysfs_or_default,bf16,256,4,500,3,288,batch,ring,same,discard,0,32,0,20,none,0,431928.0,431863.20000000007,431928.0,432218.4,0.0005473218255733387,215.964,0.40608,0.40147200000000005,0.40608,0.4081024,0.010488156413903015,152.94282380396734,103.2876280535855,20043,0.000000000,1,b46094e4672ecdde67a1ff4b59221ab517587ba35f41832730887dd10906f79f,4,3,17,7,2,0,0,"static single-case binary; CUDA event includes setup/readback, clock64 covers timed window"
calibration,v2_calibration_bf16_n256_q16_batch_ring_in0_same_discard_h0_b0_none_ops0,1,,NVIDIA Thor,11.0,580.00,13.0,1575.000,,,,mem_clock_mhz:unavailable;temperature_c:unavailable;power_w:unavailable;sm_clock_mhz:sysfs_or_default,bf16,256,16,500,3,289,batch,ring,same,discard,0,0,0,20,none,0,1238367.0,1238286.2000000002,1238367.0,1238427.0,7.131982189175793e-05,154.795875,0.918816,0.9164608000000001,0.918816,0.9189183999999999,0.0018933341255223998,213.37870921948019,182.59603663845647,30000,0.000000000,1,97041a66b1b480dee878a61bb8873198922e3a0786c7d80f8d629dc3a54b7f30,16,3,17,7,2,0,0,"static single-case binary; CUDA event includes setup/readback, clock64 covers timed window"
calibration,v2_calibration_fp16_n256_q16_batch_same_in0_same_discard_h10000000_b0_none_ops0,1,,NVIDIA Thor,11.0,580.00,13.0,1575.000,,,,mem_clock_mhz:unavailable;temperature_c:unavailable;power_w:unavailable;sm_clock_mhz:sysfs_or_default,fp16,256,16,500,3,290,batch,same,same,discard,0,10000000,0,20,none,0,1215150.0,1215148.4,1215150.0,1215150.0,9.502540195711898e-07,151.89375,0.902464,0.9017216,0.902464,0.9046912000000001,0.0021391021207780815,217.45558326132578,185.90454577689525,10000,0.000000000,1,6ed156ccc61fe7eac198c08c57351def1b1939ad7cb71c4f6b91f7bff95be55f,16,3,19,10,2,0,0,"static single-case binary; CUDA event includes setup/readback, clock64 covers timed window"
calibration,v2_calibration_bf16_n256_q64_batch_same_in0_same_discard_h10000000_b0_none_ops0,1,,NVIDIA Thor,11.0,580.00,13.0,1575.000,,,,mem_clock_mhz:unavailable;temperature_c:unavailable;power_w:unavailable;sm_clock_mhz:sysfs_or_default,bf16,256,64,500,3,291,batch,same,same,discard,0,10000000,0,20,none,0,4293640.0,4293635.2,4293640.0,5073168.8,0.12181125708927193,134.17625,2.859232,2.857312,2.859232,3.5166399999999998,0.15168719635753425,246.16982513671385,234.7094044834417,10000,0.000000000,1,a2ccae72998b67fed1ee796a80fcfa7a2ec6a3e276988e27086f3e0e04b7c4b3,64,3,19,10,2,0,0,"static single-case binary; CUDA event includes setup/readback, clock64 covers timed window"
calibration,v2_calibration_bf16_n128_q32_batch_ring_in0_same_discard_h0_b0_none_ops0,1,,NVIDIA Thor,11.0,580.00,13.0,1575.000,,,,mem_clock_mhz:unavailable;temperature_c:unavailable;power_w:unavailable;sm_clock_mhz:sysfs_or_default,bf16,128,32,500,3,292,batch,ring,same,discard,0,0,0,20,none,0,1205129.0,1204995.4000000001,1205129.0,1205234.6,0.0001243372929133239,75.3205625,0.897056,0.8959808,0.897056,0.9052992000000001,0.007080250681020842,219.26379001750018,187.02529162059002,19268,0.000000000,1,fac93cf39af81cb9d79afa2af521800599dadf9d49f79538128ad2f327a7d62c,32,3,17,7,2,0,0,"static single-case binary; CUDA event includes setup/readback, clock64 covers timed window"
calibration,v2_calibration_bf16_n256_q2_batch_same_in0_same_discard_h0_b0_none_ops0,1,,NVIDIA Thor,11.0,580.00,13.0,1575.000,,,,mem_clock_mhz:unavailable;temperature_c:unavailable;power_w:unavailable;sm_clock_mhz:sysfs_or_default,bf16,256,2,500,3,293,batch,same,same,discard,0,0,0,20,none,0,308800.0,308713.6,308800.0,309197.6,0.0010444792505008022,308.8,0.325984,0.3249088,0.325984,0.3261632,0.0026044918050581317,106.96290155440414,64.33297339746737,17963,0.000000000,1,a3a42588700a218e9657d9d51f5f9b4af507b1a32bf2f6b19c8c2732e167b23f,2,3,19,10,2,0,0,"static single-case binary; CUDA event includes setup/readback, clock64 covers timed window"
calibration,v2_calibration_bf16_n256_q16_batch_same_in0_same_discard_h10000000_b0_none_ops0,1,,NVIDIA Thor,11.0,580.00,13.0,1575.000,,,,mem_clock_mhz:unavailable;temperature_c:unavailable;power_w:unavailable;sm_clock_mhz:sysfs_or_default,bf16,256,16,500,3,294,batch,same,same,discard,0,10000000,0,20,none,0,1215155.0,1215148.6,1215155.0,1215155.0,3.8010066942364205e-06,151.894375,0.903776,0.9037248,0.903776,0.9038272,7.081400701059609e-05,217.45468849652926,185.63467053783236,10000,0.000000000,1,020030772c86af2690c5ceae030a5d031a95c59f485832a66cdb21e72a21209e,16,3,19,10,2,0,0,"static single-case binary; CUDA event includes setup/readback, clock64 covers timed window"
calibration,v2_calibration_bf16_n128_q64_batch_same_in1_same_discard_h0_b0_none_ops0,1,,NVIDIA Thor,11.0,580.00,13.0,1575.000,,,,mem_clock_mhz:unavailable;temperature_c:unavailable;power_w:unavailable;sm_clock_mhz:sysfs_or_default,bf16,128,64,500,3,295,batch,same,same,discard,1,0,0,20,none,0,2206111.0,2206010.2,2206111.0,2206179.8,4.833289006064377e-05,68.94096875,1.53168,1.5309888,1.53168,1.531808,0.0003596985877198743,239.55381392867355,219.06946620704065,10321,0.000000000,1,112793e77a6d2906b8e316dc5c78ad8c680863619f1ec4a445853ed8a8144b51,64,3,19,10,2,0,0,"static single-case binary; CUDA event includes setup/readback, clock64 covers timed window"
calibration,v2_calibration_bf16_n128_q4_batch_same_in1_same_discard_h0_b0_none_ops0,1,,NVIDIA Thor,11.0,580.00,13.0,1575.000,,,,mem_clock_mhz:unavailable;temperature_c:unavailable;power_w:unavailable;sm_clock_mhz:sysfs_or_default,bf16,128,4,500,3,296,batch,same,same,discard,1,0,0,20,none,0,291158.0,291152.4,291158.0,291158.0,1.3880725491612323e-05,145.579,0.31488,0.31467520000000004,0.31488,0.3162624,0.0034219413840064126,113.44405443092754,66.60162601626017,10000,0.000000000,1,76b19556e3f1678a23462bc1207b326e803e328c3a631d9f688604d6ae9a5058,4,3,19,10,2,0,0,"static single-case binary; CUDA event includes setup/readback, clock64 covers timed window"
control,v2_control_bf16_n256_q1_commit_wait_same_in0_same_discard_h10000000_b1_none_ops0,1,,NVIDIA Thor,11.0,580.00,13.0,1575.000,,,,mem_clock_mhz:unavailable;temperature_c:unavailable;power_w:unavailable;sm_clock_mhz:sysfs_or_default,bf16,256,1,1000,3,297,commit_wait,same,same,discard,0,10000000,1,1,none,0,258144.0,258144.0,258144.0,258144.0,0.0,,0.261824,0.2613376,0.261824,0.2619264,0.0015027767796801585,,,1000,0.000000000,1,20889491f02dac9ae259ff7e8a188b4683e589994cfc23ccf2b802c401cc5454,0,3,19,9,2,0,0,"static single-case binary; CUDA event includes setup/readback, clock64 covers timed window"
calibration,v2_calibration_fp16_n256_q2_batch_ring_in0_same_discard_h32_b0_none_ops0,1,,NVIDIA Thor,11.0,580.00,13.0,1575.000,,,,mem_clock_mhz:unavailable;temperature_c:unavailable;power_w:unavailable;sm_clock_mhz:sysfs_or_default,fp16,256,2,500,3,298,batch,ring,same,discard,0,32,0,20,none,0,302361.0,301829.0,302361.0,302483.4,0.0014391147805878134,302.361,0.325088,0.3234752,0.325088,0.32513919999999996,0.0036458390056146083,109.24075525613422,64.5102864455163,15073,0.000000000,1,d51f82a4537f267c65ce29362eacae15ce7ace61b8f532cde295ba0f4926012d,2,3,17,7,2,0,0,"static single-case binary; CUDA event includes setup/readback, clock64 covers timed window"
calibration,v2_calibration_fp16_n128_q8_batch_ring_in0_same_discard_h10000000_b1_none_ops0,1,,NVIDIA Thor,11.0,580.00,13.0,1575.000,,,,mem_clock_mhz:unavailable;temperature_c:unavailable;power_w:unavailable;sm_clock_mhz:sysfs_or_default,fp16,128,8,500,3,299,batch,ring,same,discard,0,10000000,1,1,none,0,447438.0,447438.0,447438.0,447438.8,1.2903460123509588e-06,111.8595,0.380864,0.3805056,0.380864,0.3809152,0.0007327112024778542,7.382060531291486,5.50630146193917,500,0.000000000,1,0c5f09e3acc739e709ab3786a3849b93f72262e8c0ff9a4416da86c1ac3b3d4b,8,3,17,7,2,0,0,"static single-case binary; CUDA event includes setup/readback, clock64 covers timed window"
control,v2_control_fp16_n128_q1_commit_wait_same_in0_same_discard_h32_b1_none_ops0,1,,NVIDIA Thor,11.0,580.00,13.0,1575.000,,,,mem_clock_mhz:unavailable;temperature_c:unavailable;power_w:unavailable;sm_clock_mhz:sysfs_or_default,fp16,128,1,1000,3,300,commit_wait,same,same,discard,0,32,1,1,none,0,258144.0,258144.0,258144.0,258144.0,0.0,,0.26224,0.26067840000000003,0.26224,0.2622656,0.004343799609679373,,,1000,0.000000000,1,88d9182ac56cfcd5d459c1c761fa574981fd4e8acf82db6cc39548e36b364206,0,3,19,9,2,0,0,"static single-case binary; CUDA event includes setup/readback, clock64 covers timed window"
calibration,v2_calibration_fp16_n256_q32_batch_same_in1_same_discard_h32_b1_none_ops0,1,,NVIDIA Thor,11.0,580.00,13.0,1575.000,,,,mem_clock_mhz:unavailable;temperature_c:unavailable;power_w:unavailable;sm_clock_mhz:sysfs_or_default,fp16,256,32,500,3,301,batch,same,same,discard,1,32,1,1,none,0,2246403.0,2246363.8000000003,2246403.0,2246403.0,1.2593630299751748e-05,140.4001875,1.523392,1.5228544000000002,1.523392,1.5239552,0.00045166128940457594,11.762856085929373,11.01306557996891,1498,0.000000000,1,b1e1daa4e4fb5d5a1e29ea5a80fa2759212b02bd63289e97d88cbed2cddfc80e,32,3,19,10,2,0,0,"static single-case binary; CUDA event includes setup/readback, clock64 covers timed window"
calibration,v2_calibration_fp16_n128_q2_batch_same_in0_same_discard_h32_b0_none_ops0,1,,NVIDIA Thor,11.0,580.00,13.0,1575.000,,,,mem_clock_mhz:unavailable;temperature_c:unavailable;power_w:unavailable;sm_clock_mhz:sysfs_or_default,fp16,128,2,500,3,302,batch,same,same,discard,0,32,0,20,none,0,237654.0,237651.60000000003,237654.0,237654.0,7.288150402346603e-06,237.654,0.282208,0.28036479999999997,0.282208,0.2824128,0.005008210250250721,69.49208513216693,37.15614015194466,10000,0.000000000,1,7c28a6caa5240d95e116b7bdcb7d590e2c707d3dd07076b426d2ef8998e0b44e,2,3,19,10,2,0,0,"static single-case binary; CUDA event includes setup/readback, clock64 covers timed window"
calibration,v2_calibration_bf16_n256_q4_batch_same_in1_same_discard_h32_b0_none_ops0,1,,NVIDIA Thor,11.0,580.00,13.0,1575.000,,,,mem_clock_mhz:unavailable;temperature_c:unavailable;power_w:unavailable;sm_clock_mhz:sysfs_or_default,bf16,256,4,500,3,303,batch,same,same,discard,1,32,0,20,none,0,431817.0,431749.80000000005,431817.0,432187.39999999997,0.0006819677892584039,215.9085,0.40544,0.4053376,0.40544,0.407232,0.0032790186017467022,152.98213826690474,103.45067087608524,20031,0.000000000,1,01cf9ccfbd8769816f061d45a70cce40874247ea13be74bbae895bf5e65b2a89,4,3,19,10,2,0,0,"static single-case binary; CUDA event includes setup/readback, clock64 covers timed window"
calibration,v2_calibration_bf16_n256_q16_batch_same_in0_same_discard_h32_b0_none_ops0,1,,NVIDIA Thor,11.0,580.00,13.0,1575.000,,,,mem_clock_mhz:unavailable;temperature_c:unavailable;power_w:unavailable;sm_clock_mhz:sysfs_or_default,bf16,256,16,500,3,304,batch,same,same,discard,0,32,0,20,none,0,1236762.0,1236235.6,1236762.0,1237054.8,0.0004195902285862896,154.59525,0.9168,0.9152127999999999,0.9168,0.918208,0.002043269022977874,213.6556200788834,182.9975567190227,29994,0.000000000,1,02d4485566dd9408cc9e74ae3369c3074b7fca962cf3de7dfdac5fe96bab843b,16,3,19,10,2,0,0,"static single-case binary; CUDA event includes setup/readback, clock64 covers timed window"
calibration,v2_calibration_bf16_n128_q2_batch_same_in0_same_discard_h0_b0_none_ops0,1,,NVIDIA Thor,11.0,580.00,13.0,1575.000,,,,mem_clock_mhz:unavailable;temperature_c:unavailable;power_w:unavailable;sm_clock_mhz:sysfs_or_default,bf16,128,2,500,3,305,batch,same,same,discard,0,0,0,20,none,0,247145.0,247140.2,247145.0,247147.40000000002,1.854212805067426e-05,247.145,0.288672,0.2872896,0.288672,0.2889792,0.0039032743047067806,66.82341135770498,36.32413257953664,10000,0.000000000,1,667771dd301a87c639961ccf0eabf65e96ed245537f6db8e8fbc96b4fc8e3086,2,3,19,10,2,0,0,"static single-case binary; CUDA event includes setup/readback, clock64 covers timed window"
calibration,v2_calibration_fp16_n256_q64_batch_ring_in0_same_discard_h32_b1_none_ops0,1,,NVIDIA Thor,11.0,580.00,13.0,1575.000,,,,mem_clock_mhz:unavailable;temperature_c:unavailable;power_w:unavailable;sm_clock_mhz:sysfs_or_default,fp16,256,64,500,3,306,batch,ring,same,discard,0,32,1,1,none,0,4311510.0,4311246.0,4311510.0,4311522.8,4.5300380777987385e-05,134.7346875,2.834976,2.8342592000000004,2.834976,2.835744,0.00032740203276837354,12.257476011884467,11.83587868115991,1498,0.000000000,1,8a24537d19347143a98f46cc08884560562ee7e17bf905e0041c8a36c35a7399,64,3,17,7,2,0,0,"static single-case binary; CUDA event includes setup/readback, clock64 covers timed window"
calibration,v2_calibration_bf16_n256_q1_batch_ring_in0_same_discard_h32_b1_none_ops0,1,,NVIDIA Thor,11.0,580.00,13.0,1575.000,,,,mem_clock_mhz:unavailable;temperature_c:unavailable;power_w:unavailable;sm_clock_mhz:sysfs_or_default,bf16,256,1,500,3,307,batch,ring,same,discard,0,32,1,1,none,0,248627.0,248595.80000000002,248627.0,248694.2,0.00025280113785792785,497.254,0.25568,0.25473280000000004,0.25568,0.25570560000000003,0.002714515897180725,3.321254730982556,2.050563204005006,500,0.000000000,1,0a166c14f5d41846e49453b329a661682c2312131920d9b0198c9ba6620e0860,1,3,17,7,2,0,0,"static single-case binary; CUDA event includes setup/readback, clock64 covers timed window"
calibration,v2_calibration_bf16_n128_q4_batch_same_in1_same_discard_h32_b0_none_ops0,1,,NVIDIA Thor,11.0,580.00,13.0,1575.000,,,,mem_clock_mhz:unavailable;temperature_c:unavailable;power_w:unavailable;sm_clock_mhz:sysfs_or_default,bf16,128,4,500,3,308,batch,same,same,discard,1,32,0,20,none,0,315334.0,315321.2,315334.0,315467.6,0.00032136193653684286,157.667,0.330432,0.330432,0.330432,0.3305088,0.00016772061659422937,104.74653541958686,63.466976564013166,10000,0.000000000,1,d1e1a7ee88d364611e462db4a30ea991874d723e6019e38c75e94fe13704c2d1,4,3,19,10,2,0,0,"static single-case binary; CUDA event includes setup/readback, clock64 covers timed window"
calibration,v2_calibration_bf16_n128_q32_batch_ring_in0_same_discard_h10000000_b0_none_ops0,1,,NVIDIA Thor,11.0,580.00,13.0,1575.000,,,,mem_clock_mhz:unavailable;temperature_c:unavailable;power_w:unavailable;sm_clock_mhz:sysfs_or_default,bf16,128,32,500,3,309,batch,ring,same,discard,0,10000000,0,20,none,0,1215431.0,1215429.4000000001,1215431.0,1215433.4,2.070550107937196e-06,75.9644375,0.90432,0.9034752,0.90432,0.9045504,0.0007827178390024227,217.40530889865403,185.5230007077141,10000,0.000000000,1,8a2decbeee040986b7e19739dcf395a8b1fd5fdef286a4fc574f1d6950fb0f16,32,3,17,7,2,0,0,"static single-case binary; CUDA event includes setup/readback, clock64 covers timed window"
calibration,v2_calibration_fp16_n128_q32_batch_ring_in0_same_discard_h0_b1_none_ops0,1,,NVIDIA Thor,11.0,580.00,13.0,1575.000,,,,mem_clock_mhz:unavailable;temperature_c:unavailable;power_w:unavailable;sm_clock_mhz:sysfs_or_default,fp16,128,32,500,3,310,batch,ring,same,discard,0,0,1,1,none,0,1204708.0,1203415.2000000002,1204708.0,1204836.8,0.0008161089659991758,75.29425,0.86224,0.8618816000000001,0.86224,0.8723776,0.008598351319602248,10.967020722033887,9.72885507515309,954,0.000000000,1,feea15b3272713acec67219cf946a4fa7f9185a2e489e11e27c3d83e2392035e,32,3,17,7,2,0,0,"static single-case binary; CUDA event includes setup/readback, clock64 covers timed window"
calibration,v2_calibration_bf16_n128_q8_batch_same_in0_same_discard_h32_b1_none_ops0,1,,NVIDIA Thor,11.0,580.00,13.0,1575.000,,,,mem_clock_mhz:unavailable;temperature_c:unavailable;power_w:unavailable;sm_clock_mhz:sysfs_or_default,bf16,128,8,500,3,311,batch,same,same,discard,0,32,1,1,none,0,432695.0,432551.0,432695.0,432742.2,0.0002877591397101266,108.17375,0.373504,0.3725056,0.373504,0.38819840000000005,0.028962205630017647,7.633585782132912,5.614804660726525,814,0.000000000,1,4892dc04b31d0a0ab6dc867d2d008f80eda57342130effdd642da1f08b825b07,8,3,19,10,2,0,0,"static single-case binary; CUDA event includes setup/readback, clock64 covers timed window"
calibration,v2_calibration_bf16_n128_q1_batch_same_in1_same_discard_h0_b1_none_ops0,1,,NVIDIA Thor,11.0,580.00,13.0,1575.000,,,,mem_clock_mhz:unavailable;temperature_c:unavailable;power_w:unavailable;sm_clock_mhz:sysfs_or_default,bf16,128,1,500,3,312,batch,same,same,discard,1,0,1,1,none,0,225128.0,225128.00000000003,225128.0,225128.8,2.5645384596472785e-06,450.256,0.240352,0.23899520000000002,0.240352,0.2408384,0.004975418873797061,1.833964677872144,1.0906670217015044,500,0.000000000,1,8e97098f268f3f41c4f0b3302a31e45a39eda9cbd1976da1696e485457a03853,1,3,19,10,2,0,0,"static single-case binary; CUDA event includes setup/readback, clock64 covers timed window"
calibration,v2_calibration_bf16_n128_q4_batch_ring_in0_same_discard_h10000000_b1_none_ops0,1,,NVIDIA Thor,11.0,580.00,13.0,1575.000,,,,mem_clock_mhz:unavailable;temperature_c:unavailable;power_w:unavailable;sm_clock_mhz:sysfs_or_default,bf16,128,4,500,3,313,batch,ring,same,discard,0,10000000,1,1,none,0,319589.0,319574.60000000003,319589.0,319589.0,3.251832808820639e-05,159.7945,0.300608,0.2996864,0.300608,0.300736,0.0023837304635440843,5.167597132567142,3.48818394720034,500,0.000000000,1,92c843e8c2ffcbb6ca2a6894db72a11547e704c7aa7db9ec562d68c0c132a35e,4,3,17,7,2,0,0,"static single-case binary; CUDA event includes setup/readback, clock64 covers timed window"
calibration,v2_calibration_fp16_n128_q32_batch_same_in0_same_discard_h0_b0_none_ops0,1,,NVIDIA Thor,11.0,580.00,13.0,1575.000,,,,mem_clock_mhz:unavailable;temperature_c:unavailable;power_w:unavailable;sm_clock_mhz:sysfs_or_default,fp16,128,32,500,3,314,batch,same,same,discard,0,0,0,20,none,0,1205281.0,1205231.4000000001,1205281.0,1205507.4,0.0001525852692790502,75.3300625,0.897696,0.8960832000000001,0.897696,0.8992832000000001,0.0022279759498720695,219.23613829472131,186.89195451466867,19275,0.000000000,1,497ae28499ebb5ddfad0988a8a369ad1b6226c5ac3e086701926c28255d054c0,32,3,19,10,2,0,0,"static single-case binary; CUDA event includes setup/readback, clock64 covers timed window"
control,v2_control_fp16_n256_q1_commit_wait_same_in0_same_discard_h32_b1_none_ops0,1,,NVIDIA Thor,11.0,580.00,13.0,1575.000,,,,mem_clock_mhz:unavailable;temperature_c:unavailable;power_w:unavailable;sm_clock_mhz:sysfs_or_default,fp16,256,1,1000,3,315,commit_wait,same,same,discard,0,32,1,1,none,0,258144.0,258144.0,258144.0,258144.0,0.0,,0.261792,0.26115200000000005,0.261792,0.262688,0.0036824708426719498,,,1000,0.000000000,1,c72ed06fc56bef7f4783d92926eb5d804993e13d86464442488e43cfede71c63,0,3,19,9,2,0,0,"static single-case binary; CUDA event includes setup/readback, clock64 covers timed window"
calibration,v2_calibration_fp16_n128_q64_batch_ring_in0_same_discard_h32_b1_none_ops0,1,,NVIDIA Thor,11.0,580.00,13.0,1575.000,,,,mem_clock_mhz:unavailable;temperature_c:unavailable;power_w:unavailable;sm_clock_mhz:sysfs_or_default,fp16,128,64,500,3,316,batch,ring,same,discard,0,32,1,1,none,0,2221802.0,2221486.0,2221802.0,2221980.4,0.0001408639767963279,69.4313125,1.508352,1.5075584000000002,1.508352,1.5092736,0.0007113436553184894,11.893100825366076,11.12287847929396,748,0.000000000,1,a5eb6ced8f4b72f59eea4ac7651c4fb460ca7263e9eba34d76480bd407a1ad31,64,3,17,7,2,0,0,"static single-case binary; CUDA event includes setup/readback, clock64 covers timed window"
calibration,v2_calibration_fp16_n128_q64_batch_same_in0_same_discard_h0_b0_none_ops0,1,,NVIDIA Thor,11.0,580.00,13.0,1575.000,,,,mem_clock_mhz:unavailable;temperature_c:unavailable;power_w:unavailable;sm_clock_mhz:sysfs_or_default,fp16,128,64,500,3,317,batch,same,same,discard,0,0,0,20,none,0,2206097.0,2205861.0,2206097.0,2206137.8,8.467280886222688e-05,68.94053125,1.532512,1.531104,1.532512,1.5327936000000002,0.0007385706115821345,239.55533414895174,218.9505335031634,10240,0.000000000,1,875146301b1c59f3978d8e34dc27eb357f0ffc10c9771563fce5a49e1d32ee95,64,3,19,10,2,0,0,"static single-case binary; CUDA event includes setup/readback, clock64 covers timed window"
calibration,v2_calibration_fp16_n128_q32_batch_ring_in0_same_discard_h10000000_b1_none_ops0,1,,NVIDIA Thor,11.0,580.00,13.0,1575.000,,,,mem_clock_mhz:unavailable;temperature_c:unavailable;power_w:unavailable;sm_clock_mhz:sysfs_or_default,fp16,128,32,500,3,318,batch,ring,same,discard,0,10000000,1,1,none,0,1215422.0,1215422.0,1215422.0,1215422.8,4.750202899482888e-07,75.963875,0.869152,0.8633920000000002,0.869152,0.8698176,0.005094100128650145,10.870345937460405,9.651485585950443,500,0.000000000,1,2f8624b6753be97d3936e4482e4ef7fdc5debdce19501752bad5069220c51fa5,32,3,17,7,2,0,0,"static single-case binary; CUDA event includes setup/readback, clock64 covers timed window"
calibration,v2_calibration_bf16_n128_q32_batch_same_in1_same_discard_h32_b1_none_ops0,1,,NVIDIA Thor,11.0,580.00,13.0,1575.000,,,,mem_clock_mhz:unavailable;temperature_c:unavailable;power_w:unavailable;sm_clock_mhz:sysfs_or_default,bf16,128,32,500,3,319,batch,same,same,discard,1,32,1,1,none,0,1188715.0,1188662.2000000002,1188715.0,1189094.2,0.000247777790760987,74.2946875,0.852288,0.8519552,0.852288,0.8527744,0.0006042002154764729,11.114571280752743,9.842457009837048,563,0.000000000,1,d0a6513ba0f446ff81a36014f7827cfb491f7e4ca7a06a05bcdecc9297449907,32,3,19,10,2,0,0,"static single-case binary; CUDA event includes setup/readback, clock64 covers timed window"
calibration,v2_calibration_bf16_n256_q8_batch_same_in1_same_discard_h10000000_b0_none_ops0,1,,NVIDIA Thor,11.0,580.00,13.0,1575.000,,,,mem_clock_mhz:unavailable;temperature_c:unavailable;power_w:unavailable;sm_clock_mhz:sysfs_or_default,bf16,256,8,500,3,320,batch,same,same,discard,1,10000000,0,20,none,0,703150.0,703148.4,703150.0,703178.0,2.9593012193060783e-05,175.7875,0.577408,0.5756672,0.577408,0.579072,0.0036859523836763187,187.89813837730213,145.28042562624694,10000,0.000000000,1,3f64e0cbfa7793217e0aa3a321d34fe56c2979fec20188de6fc034e2142cb443,8,3,19,10,2,0,0,"static single-case binary; CUDA event includes setup/readback, clock64 covers timed window"
calibration,v2_calibration_fp16_n128_q16_batch_same_in0_same_discard_h10000000_b0_none_ops0,1,,NVIDIA Thor,11.0,580.00,13.0,1575.000,,,,mem_clock_mhz:unavailable;temperature_c:unavailable;power_w:unavailable;sm_clock_mhz:sysfs_or_default,fp16,128,16,500,3,321,batch,same,same,discard,0,10000000,0,20,none,0,703431.0,703427.8,703431.0,703431.0,3.283058969778788e-06,87.928875,0.578464,0.5764928,0.578464,0.5785408,0.0025119640150937524,187.82307859619493,145.01521270122257,10000,0.000000000,1,8b89106f0f9c83a2e405837845a4751fbfe129d3c150421e8acfb755f5329ddb,16,3,19,10,2,0,0,"static single-case binary; CUDA event includes setup/readback, clock64 covers timed window"
calibration,v2_calibration_fp16_n128_q2_batch_ring_in0_same_discard_h10000000_b1_none_ops0,1,,NVIDIA Thor,11.0,580.00,13.0,1575.000,,,,mem_clock_mhz:unavailable;temperature_c:unavailable;power_w:unavailable;sm_clock_mhz:sysfs_or_default,fp16,128,2,500,3,322,batch,ring,same,discard,0,10000000,1,1,none,0,237649.0,237649.0,237649.0,237649.0,0.0,237.649,0.248608,0.24853120000000004,0.248608,0.2492992,0.0021245610957770626,3.474677360308691,2.1088943235937703,500,0.000000000,1,4794d891f8ceb19c38236a8e59c87179d14f6d91a3584d6776fa7154872bf9bf,2,3,17,7,2,0,0,"static single-case binary; CUDA event includes setup/readback, clock64 covers timed window"
calibration,v2_calibration_fp16_n256_q2_batch_ring_in0_same_discard_h0_b0_none_ops0,1,,NVIDIA Thor,11.0,580.00,13.0,1575.000,,,,mem_clock_mhz:unavailable;temperature_c:unavailable;power_w:unavailable;sm_clock_mhz:sysfs_or_default,fp16,256,2,500,3,323,batch,ring,same,discard,0,0,0,20,none,0,308785.0,308134.6,308785.0,308967.4,0.0017732596560919214,308.785,0.326016,0.3239424,0.326016,0.3263488,0.005010617647047885,106.96809754359829,64.32665881429133,17891,0.000000000,1,0c3252a88ffac9e9d22cee219143341e904f9e69d61604e9d4dd773f8d9a4fe6,2,3,17,7,2,0,0,"static single-case binary; CUDA event includes setup/readback, clock64 covers timed window"
calibration,v2_calibration_bf16_n128_q64_batch_same_in0_same_discard_h10000000_b0_none_ops0,1,,NVIDIA Thor,11.0,580.00,13.0,1575.000,,,,mem_clock_mhz:unavailable;temperature_c:unavailable;power_w:unavailable;sm_clock_mhz:sysfs_or_default,bf16,128,64,500,3,324,batch,same,same,discard,0,10000000,0,20,none,0,2245912.0,2245911.2,2245912.0,2245913.6,6.801357332522537e-07,70.18475,1.556512,1.5562048,1.556512,1.556512,0.00014244717458466652,235.30855349630798,215.57451532657635,10000,0.000000000,1,81e3fe99e7f484c6090d06e90e8ce5e9c40c92d3abd2847fafbe1acb1cec2fb8,64,3,19,10,2,0,0,"static single-case binary; CUDA event includes setup/readback, clock64 covers timed window"
calibration,v2_calibration_fp16_n128_q64_batch_same_in0_same_discard_h10000000_b1_none_ops0,1,,NVIDIA Thor,11.0,580.00,13.0,1575.000,,,,mem_clock_mhz:unavailable;temperature_c:unavailable;power_w:unavailable;sm_clock_mhz:sysfs_or_default,fp16,128,64,500,3,325,batch,same,same,discard,0,10000000,1,1,none,0,2245909.0,2245909.0,2245909.0,2245909.0,0.0,70.18465625,1.523232,1.5231808000000002,1.523232,1.523232,2.4258244796109277e-05,11.765443390627137,11.014222390285918,500,0.000000000,1,8f4965913b45de073441ba404e6620bf1096ac21ad1a4dc02bbb725e483b5f72,64,3,19,10,2,0,0,"static single-case binary; CUDA event includes setup/readback, clock64 covers timed window"
calibration,v2_calibration_fp16_n128_q64_batch_same_in0_same_discard_h32_b1_none_ops0,1,,NVIDIA Thor,11.0,580.00,13.0,1575.000,,,,mem_clock_mhz:unavailable;temperature_c:unavailable;power_w:unavailable;sm_clock_mhz:sysfs_or_default,fp16,128,64,500,3,326,batch,same,same,discard,0,32,1,1,none,0,2222838.0,2222553.2,2222838.0,2222934.0,0.00011137451703568295,69.4636875,1.508416,1.5081088000000002,1.508416,1.5090559999999997,0.00040042128121973964,11.887557797734248,11.122406550977978,764,0.000000000,1,05afe8522c70fc079f1396043ef2cc04ba80c6bbb7ccbd71a585659a1d973694,64,3,19,10,2,0,0,"static single-case binary; CUDA event includes setup/readback, clock64 covers timed window"
calibration,v2_calibration_fp16_n128_q8_batch_ring_in0_same_discard_h10000000_b0_none_ops0,1,,NVIDIA Thor,11.0,580.00,13.0,1575.000,,,,mem_clock_mhz:unavailable;temperature_c:unavailable;power_w:unavailable;sm_clock_mhz:sysfs_or_default,fp16,128,8,500,3,327,batch,ring,same,discard,0,10000000,0,20,none,0,447445.0,447444.2,447445.0,447448.2,5.913006957408471e-06,111.86125,0.41584,0.41407360000000004,0.41584,0.4170432,0.004492467095183011,147.63890087049802,100.86340900346288,10000,0.000000000,1,0c5f09e3acc739e709ab3786a3849b93f72262e8c0ff9a4416da86c1ac3b3d4b,8,3,17,7,2,0,0,"static single-case binary; CUDA event includes setup/readback, clock64 covers timed window"
calibration,v2_calibration_bf16_n128_q2_batch_same_in0_same_discard_h10000000_b0_none_ops0,1,,NVIDIA Thor,11.0,580.00,13.0,1575.000,,,,mem_clock_mhz:unavailable;temperature_c:unavailable;power_w:unavailable;sm_clock_mhz:sysfs_or_default,bf16,128,2,500,3,328,batch,same,same,discard,0,10000000,0,20,none,0,237653.0,237651.40000000002,237653.0,237653.0,4.858780564799496e-06,237.653,0.281024,0.2808448,0.281024,0.28128,0.0009727887675415401,69.4923775420466,37.31268503757686,10000,0.000000000,1,fba571c502c2f6fd013900a6329cd1de497fc1f5c530a9f982806ce976b63b43,2,3,19,10,2,0,0,"static single-case binary; CUDA event includes setup/readback, clock64 covers timed window"
calibration,v2_calibration_bf16_n128_q2_batch_same_in1_same_discard_h32_b0_none_ops0,1,,NVIDIA Thor,11.0,580.00,13.0,1575.000,,,,mem_clock_mhz:unavailable;temperature_c:unavailable;power_w:unavailable;sm_clock_mhz:sysfs_or_default,bf16,128,2,500,3,329,batch,same,same,discard,1,32,0,20,none,0,237654.0,237654.0,237654.0,237654.0,0.0,237.654,0.281184,0.28072320000000006,0.281184,0.2824384,0.003941498775540549,69.49208513216693,37.291453283259365,10000,0.000000000,1,f9e4d67d077f540a3d41c3d4f049d6f6c5e62359b237bc9cbf2884d83b261687,2,3,19,10,2,0,0,"static single-case binary; CUDA event includes setup/readback, clock64 covers timed window"
control,v2_control_bf16_n128_q1_forced_wait_same_in0_same_discard_h10000000_b0_none_ops0,1,,NVIDIA Thor,11.0,580.00,13.0,1575.000,,,,mem_clock_mhz:unavailable;temperature_c:unavailable;power_w:unavailable;sm_clock_mhz:sysfs_or_default,bf16,128,1,1000,3,330,forced_wait,same,same,discard,0,10000000,0,20,none,0,431197.0,431193.80000000005,431197.0,431197.8,6.135843818274267e-06,431.197,0.404768,0.40469120000000003,0.404768,0.40563839999999995,0.001623367490841894,38.30052620959794,25.905605186180725,20000,0.000000000,1,3f4f352e618fa48e02b3bb7b3bf05b03c8c1b59a20335b3717d69b875dc70bc8,1,3,19,10,2,0,0,"static single-case binary; CUDA event includes setup/readback, clock64 covers timed window"
calibration,v2_calibration_bf16_n128_q1_batch_ring_in0_same_discard_h10000000_b0_none_ops0,1,,NVIDIA Thor,11.0,580.00,13.0,1575.000,,,,mem_clock_mhz:unavailable;temperature_c:unavailable;power_w:unavailable;sm_clock_mhz:sysfs_or_default,bf16,128,1,500,3,331,batch,ring,same,discard,0,10000000,0,20,none,0,215658.0,215654.00000000003,215658.0,215660.40000000002,1.874015514269882e-05,431.316,0.267072,0.2653312,0.267072,0.2676608,0.0056797590514083935,38.28995910191136,19.630960939372155,10000,0.000000000,1,c3928ecc3fae1402ac7d3b0761371ef36a688a8a9b908f1d1a0c2036186c52e5,1,3,17,7,2,0,0,"static single-case binary; CUDA event includes setup/readback, clock64 covers timed window"
calibration,v2_calibration_fp16_n128_q1_batch_ring_in0_same_discard_h10000000_b1_none_ops0,1,,NVIDIA Thor,11.0,580.00,13.0,1575.000,,,,mem_clock_mhz:unavailable;temperature_c:unavailable;power_w:unavailable;sm_clock_mhz:sysfs_or_default,fp16,128,1,500,3,332,batch,ring,same,discard,0,10000000,1,1,none,0,215644.0,215644.0,215644.0,215644.0,0.0,431.288,0.232736,0.23232640000000004,0.232736,0.23376,0.003961600082916052,1.9146222477787462,1.1263577615839406,500,0.000000000,1,b8f90e3c43d5566ac8a3f11b5f87dc808fb6aceaa42ac85ec64b9632328820bc,1,3,17,7,2,0,0,"static single-case binary; CUDA event includes setup/readback, clock64 covers timed window"
calibration,v2_calibration_bf16_n128_q32_batch_same_in1_same_discard_h10000000_b1_none_ops0,1,,NVIDIA Thor,11.0,580.00,13.0,1575.000,,,,mem_clock_mhz:unavailable;temperature_c:unavailable;power_w:unavailable;sm_clock_mhz:sysfs_or_default,bf16,128,32,500,3,333,batch,same,same,discard,1,10000000,1,1,none,0,1215422.0,1215413.2000000002,1215422.0,1215422.8,5.478217754167062e-06,75.963875,0.869184,0.8684672,0.869184,0.8763775999999999,0.006272137678228932,10.870345937460405,9.651130255504013,500,0.000000000,1,6002fc9643910582a517b1900fe516f916c0cd15dc35a8345d847d0c5e608959,32,3,19,10,2,0,0,"static single-case binary; CUDA event includes setup/readback, clock64 covers timed window"
calibration,v2_calibration_bf16_n128_q8_batch_same_in1_same_discard_h0_b1_none_ops0,1,,NVIDIA Thor,11.0,580.00,13.0,1575.000,,,,mem_clock_mhz:unavailable;temperature_c:unavailable;power_w:unavailable;sm_clock_mhz:sysfs_or_default,bf16,128,8,500,3,334,batch,same,same,discard,1,0,1,1,none,0,408263.0,406883.0,408263.0,408378.2,0.0025506547128073555,102.06575,0.356896,0.35574400000000006,0.356896,0.35830399999999996,0.00448922262431403,8.09040838871022,5.876087151439076,500,0.000000000,1,33df49499dc7b67f54cfba615c50889dea0b08457b52bfbcca612a279e3c12e2,8,3,19,10,2,0,0,"static single-case binary; CUDA event includes setup/readback, clock64 covers timed window"
calibration,v2_calibration_fp16_n256_q16_batch_same_in1_same_discard_h10000000_b0_none_ops0,1,,NVIDIA Thor,11.0,580.00,13.0,1575.000,,,,mem_clock_mhz:unavailable;temperature_c:unavailable;power_w:unavailable;sm_clock_mhz:sysfs_or_default,fp16,256,16,500,3,335,batch,same,same,discard,1,10000000,0,20,none,0,1215151.0,1215148.6,1215151.0,1215154.2,2.8900800155077362e-06,151.893875,0.904672,0.9042368000000002,0.904672,0.9047232,0.00036935917741844824,217.45540430777737,185.4508153231226,10020,0.000000000,1,11eab58984231259942aeee77279655383098f92511bcc65dd5c1561fe4290d6,16,3,19,10,2,0,0,"static single-case binary; CUDA event includes setup/readback, clock64 covers timed window"
calibration,v2_calibration_bf16_n128_q64_batch_same_in0_same_discard_h10000000_b1_none_ops0,1,,NVIDIA Thor,11.0,580.00,13.0,1575.000,,,,mem_clock_mhz:unavailable;temperature_c:unavailable;power_w:unavailable;sm_clock_mhz:sysfs_or_default,bf16,128,64,500,3,336,batch,same,same,discard,0,10000000,1,1,none,0,2245909.0,2245909.0,2245909.0,2245909.8,2.570674873739155e-07,70.18465625,1.524576,1.523808,1.524576,1.5250368,0.0005090096623767006,11.765443390627137,11.004512730096762,500,0.000000000,1,81e3fe99e7f484c6090d06e90e8ce5e9c40c92d3abd2847fafbe1acb1cec2fb8,64,3,19,10,2,0,0,"static single-case binary; CUDA event includes setup/readback, clock64 covers timed window"
calibration,v2_calibration_fp16_n256_q4_batch_same_in0_same_discard_h32_b0_none_ops0,1,,NVIDIA Thor,11.0,580.00,13.0,1575.000,,,,mem_clock_mhz:unavailable;temperature_c:unavailable;power_w:unavailable;sm_clock_mhz:sysfs_or_default,fp16,256,4,500,3,337,batch,same,same,discard,0,32,0,20,none,0,432450.0,432090.80000000005,432450.0,432638.0,0.0008037738152759807,216.225,0.405024,0.4047168,0.405024,0.4059456,0.0019723641526721907,152.75821019771072,103.55692502172711,20035,0.000000000,1,1cad4391f853c58f5ca0754daeabaa6d2d8b82dd44af4221fc354aa184e26731,4,3,19,10,2,0,0,"static single-case binary; CUDA event includes setup/readback, clock64 covers timed window"
calibration,v2_calibration_fp16_n256_q2_batch_ring_in0_same_discard_h32_b1_none_ops0,1,,NVIDIA Thor,11.0,580.00,13.0,1575.000,,,,mem_clock_mhz:unavailable;temperature_c:unavailable;power_w:unavailable;sm_clock_mhz:sysfs_or_default,fp16,256,2,500,3,338,batch,ring,same,discard,0,32,1,1,none,0,296421.0,295113.8,296421.0,297807.4,0.005679608160182743,296.421,0.285792,0.2839744,0.285792,0.2862784,0.005321904014163081,5.571491898347284,3.6690180270966297,654,0.000000000,1,d51f82a4537f267c65ce29362eacae15ce7ace61b8f532cde295ba0f4926012d,2,3,17,7,2,0,0,"static single-case binary; CUDA event includes setup/readback, clock64 covers timed window"
calibration,v2_calibration_bf16_n256_q8_batch_same_in0_same_discard_h32_b0_none_ops0,1,,NVIDIA Thor,11.0,580.00,13.0,1575.000,,,,mem_clock_mhz:unavailable;temperature_c:unavailable;power_w:unavailable;sm_clock_mhz:sysfs_or_default,bf16,256,8,500,3,339,batch,same,same,discard,0,32,0,20,none,0,709922.0,709863.6000000001,709922.0,709939.6000000001,7.00505941451679e-05,177.4805,0.581856,0.580832,0.581856,0.5822656,0.0015870377003418088,186.10576373179026,144.1698289611175,29994,0.000000000,1,221cd01c4d0a2c838378f3379cc9683d71492807ff2d3e484247db5689bd04bc,8,3,19,10,2,0,0,"static single-case binary; CUDA event includes setup/readback, clock64 covers timed window"
calibration,v2_calibration_bf16_n128_q1_batch_same_in1_same_discard_h0_b0_none_ops0,1,,NVIDIA Thor,11.0,580.00,13.0,1575.000,,,,mem_clock_mhz:unavailable;temperature_c:unavailable;power_w:unavailable;sm_clock_mhz:sysfs_or_default,bf16,128,1,500,3,340,batch,same,same,discard,1,0,0,20,none,0,225133.0,225131.40000000002,225133.0,225133.8,6.785000392295862e-06,450.266,0.273888,0.2734016,0.273888,0.27491200000000005,0.0035158114280587453,36.67847894355781,19.14242318027807,10000,0.000000000,1,8e97098f268f3f41c4f0b3302a31e45a39eda9cbd1976da1696e485457a03853,1,3,19,10,2,0,0,"static single-case binary; CUDA event includes setup/readback, clock64 covers timed window"
calibration,v2_calibration_fp16_n256_q8_batch_same_in0_same_discard_h32_b1_none_ops0,1,,NVIDIA Thor,11.0,580.00,13.0,1575.000,,,,mem_clock_mhz:unavailable;temperature_c:unavailable;power_w:unavailable;sm_clock_mhz:sysfs_or_default,fp16,256,8,500,3,341,batch,same,same,discard,0,32,1,1,none,0,708089.0,707803.4,708089.0,708867.3999999999,0.0009718628804847158,177.02225,0.547008,0.5466496000000001,0.547008,0.5478784000000001,0.0014434921509160164,9.329376391950728,7.667719667719667,1498,0.000000000,1,73ed6744dd2c7f0fce3d83b9925cbc647d2f5379d493d9bec09c6d1a299bfab2,8,3,19,10,2,0,0,"static single-case binary; CUDA event includes setup/readback, clock64 covers timed window"
control,v2_control_fp16_n256_q1_forced_wait_same_in0_same_discard_h0_b1_none_ops0,1,,NVIDIA Thor,11.0,580.00,13.0,1575.000,,,,mem_clock_mhz:unavailable;temperature_c:unavailable;power_w:unavailable;sm_clock_mhz:sysfs_or_default,fp16,256,1,1000,3,342,forced_wait,same,same,discard,0,0,1,1,none,0,450126.0,450126.00000000006,450126.0,450126.0,0.0,450.126,0.382688,0.3825344,0.382688,0.3827648,0.0003832225869673758,3.668988683168713,2.7400284304707756,1000,0.000000000,1,c05112b6f9e0ce73af0d3a30986b934fa60132d34c27d46e717619266580c257,1,3,19,10,2,0,0,"static single-case binary; CUDA event includes setup/readback, clock64 covers timed window"
calibration,v2_calibration_bf16_n256_q4_batch_ring_in0_same_discard_h10000000_b0_none_ops0,1,,NVIDIA Thor,11.0,580.00,13.0,1575.000,,,,mem_clock_mhz:unavailable;temperature_c:unavailable;power_w:unavailable;sm_clock_mhz:sysfs_or_default,bf16,256,4,500,3,343,batch,ring,same,discard,0,10000000,0,20,none,0,447267.0,447264.60000000003,447267.0,447270.2,7.851869167621407e-06,223.6335,0.416736,0.41594240000000005,0.416736,0.4172224,0.0019386173230085083,147.69765710414583,100.64654841434384,10000,0.000000000,1,795c1020dffe3276cb4465884d18e56120abd758d8783fcee3da073fa579cfa2,4,3,17,7,2,0,0,"static single-case binary; CUDA event includes setup/readback, clock64 covers timed window"
calibration,v2_calibration_bf16_n256_q32_batch_same_in1_same_discard_h0_b1_none_ops0,1,,NVIDIA Thor,11.0,580.00,13.0,1575.000,,,,mem_clock_mhz:unavailable;temperature_c:unavailable;power_w:unavailable;sm_clock_mhz:sysfs_or_default,bf16,256,32,500,3,344,batch,same,same,discard,1,0,1,1,none,0,2261805.0,2261788.2,2261805.0,2261903.4,3.4391560985718975e-05,141.3628125,1.533568,1.5331584,1.533568,1.5343616,0.000498562588217905,11.68275567522399,10.939988314831817,1500,0.000000000,1,fb7793caf1001b7ac5e929e07b3c2cec1207364832e76de3f5cad09498c1e391,32,3,19,10,2,0,0,"static single-case binary; CUDA event includes setup/readback, clock64 covers timed window"
calibration,v2_calibration_bf16_n256_q2_batch_same_in0_same_discard_h10000000_b1_none_ops0,1,,NVIDIA Thor,11.0,580.00,13.0,1575.000,,,,mem_clock_mhz:unavailable;temperature_c:unavailable;power_w:unavailable;sm_clock_mhz:sysfs_or_default,bf16,256,2,500,3,345,batch,same,same,discard,0,10000000,1,1,none,0,319431.0,319431.0,319431.0,319431.0,0.0,319.431,0.300576,0.3001152,0.300576,0.30080640000000003,0.0014640816916792353,5.170153178620735,3.4885553071436175,500,0.000000000,1,5fc729e1e88d0aad6774c74c928b03f7c69389582b25ecc8aa0efcfc5f26ab54,2,3,19,10,2,0,0,"static single-case binary; CUDA event includes setup/readback, clock64 covers timed window"
calibration,v2_calibration_fp16_n128_q1_batch_same_in0_same_discard_h0_b1_none_ops0,1,,NVIDIA Thor,11.0,580.00,13.0,1575.000,,,,mem_clock_mhz:unavailable;temperature_c:unavailable;power_w:unavailable;sm_clock_mhz:sysfs_or_default,fp16,128,1,500,3,346,batch,same,same,discard,0,0,1,1,none,0,225129.0,225129.0,225129.0,225129.0,0.0,450.258,0.240832,0.2408064,0.240832,0.2423424,0.004553275258829282,1.833956531588556,1.0884932234918947,500,0.000000000,1,8f09ac219b77c646ad42835b4da529999ddf88c43a345982902a8e148c8b580b,1,3,19,10,2,0,0,"static single-case binary; CUDA event includes setup/readback, clock64 covers timed window"
calibration,v2_calibration_fp16_n128_q32_batch_ring_in0_same_discard_h0_b0_none_ops0,1,,NVIDIA Thor,11.0,580.00,13.0,1575.000,,,,mem_clock_mhz:unavailable;temperature_c:unavailable;power_w:unavailable;sm_clock_mhz:sysfs_or_default,fp16,128,32,500,3,347,batch,ring,same,discard,0,0,0,20,none,0,1205379.0,1205313.4000000001,1205379.0,1205422.2,5.681137417558907e-05,75.3361875,0.895488,0.8951296,0.895488,0.8958976000000001,0.0005364047096838061,219.2183139079078,187.35277301315037,19317,0.000000000,1,feea15b3272713acec67219cf946a4fa7f9185a2e489e11e27c3d83e2392035e,32,3,17,7,2,0,0,"static single-case binary; CUDA event includes setup/readback, clock64 covers timed window"
calibration,v2_calibration_bf16_n128_q64_batch_ring_in0_same_discard_h0_b1_none_ops0,1,,NVIDIA Thor,11.0,580.00,13.0,1575.000,,,,mem_clock_mhz:unavailable;temperature_c:unavailable;power_w:unavailable;sm_clock_mhz:sysfs_or_default,bf16,128,64,500,3,348,batch,ring,same,discard,0,0,1,1,none,0,2233391.0,2233239.0,2233391.0,2234327.8,0.0003299759711708478,69.79346875,1.517248,1.5150464000000001,1.517248,1.5174528,0.001099756412661,11.831387876104094,11.057662293837264,956,0.000000000,1,c655b66f16ff9f099fb7c592399cb2bbb7ffaf18ea9420342ed212b54874f908,64,3,17,7,2,0,0,"static single-case binary; CUDA event includes setup/readback, clock64 covers timed window"
calibration,v2_calibration_fp16_n256_q32_batch_ring_in0_same_discard_h32_b0_none_ops0,1,,NVIDIA Thor,11.0,580.00,13.0,1575.000,,,,mem_clock_mhz:unavailable;temperature_c:unavailable;power_w:unavailable;sm_clock_mhz:sysfs_or_default,fp16,256,32,500,3,349,batch,ring,same,discard,0,32,0,20,none,0,2246530.0,2246462.0,2246530.0,2246785.2,9.480750763487779e-05,140.408125,1.558496,1.5571904,1.558496,1.5595712000000002,0.0009563146630139251,235.24382225031493,215.30008418372586,29960,0.000000000,1,181e18201ef2b2e4b205e55c82860cbcbacfef096ff852ceccde1e737d7156ba,32,3,17,7,2,0,0,"static single-case binary; CUDA event includes setup/readback, clock64 covers timed window"
calibration,v2_calibration_bf16_n128_q2_batch_same_in1_same_discard_h32_b1_none_ops0,1,,NVIDIA Thor,11.0,580.00,13.0,1575.000,,,,mem_clock_mhz:unavailable;temperature_c:unavailable;power_w:unavailable;sm_clock_mhz:sysfs_or_default,bf16,128,2,500,3,350,batch,same,same,discard,1,32,1,1,none,0,237632.0,237632.0,237632.0,237632.0,0.0,237.632,0.249088,0.24862720000000005,0.249088,0.2493184,0.0017668329372660543,3.474925935900889,2.104830421377184,500,0.000000000,1,f9e4d67d077f540a3d41c3d4f049d6f6c5e62359b237bc9cbf2884d83b261687,2,3,19,10,2,0,0,"static single-case binary; CUDA event includes setup/readback, clock64 covers timed window"
control,v2_control_fp16_n128_q64_empty_same_in0_same_discard_h32_b0_none_ops0,1,,NVIDIA Thor,11.0,580.00,13.0,1575.000,,,,mem_clock_mhz:unavailable;temperature_c:unavailable;power_w:unavailable;sm_clock_mhz:sysfs_or_default,fp16,128,64,1000,3,351,empty,same,same,discard,0,32,0,20,none,0,264117.0,264114.60000000003,264117.0,264117.0,6.557917004531635e-06,,0.298848,0.29882240000000004,0.298848,0.29997440000000003,0.0027473576439355873,,,0,0.000000000,1,aef31760af5e42d116c3b1b7b08a53c2a3c18fd51fe5aaa06601cabd6ee29e18,0,2,16,9,2,0,0,"static single-case binary; CUDA event includes setup/readback, clock64 covers timed window"
calibration,v2_calibration_fp16_n128_q64_batch_same_in1_same_discard_h32_b0_none_ops0,1,,NVIDIA Thor,11.0,580.00,13.0,1575.000,,,,mem_clock_mhz:unavailable;temperature_c:unavailable;power_w:unavailable;sm_clock_mhz:sysfs_or_default,fp16,128,64,500,3,352,batch,same,same,discard,1,32,0,20,none,0,2224413.0,2224388.2,2224413.0,2225226.6,0.0002680381462896568,69.51290625,1.556768,1.5471168,1.556768,1.6809024,0.05812771255568213,237.58281578106224,215.5390655511933,15474,0.000000000,1,fb87a95190e0616b9306917a1d84380103c554820b689c4b58742f35b1800971,64,3,19,10,2,0,0,"static single-case binary; CUDA event includes setup/readback, clock64 covers timed window"
calibration,v2_calibration_bf16_n128_q16_batch_ring_in0_same_discard_h32_b1_none_ops0,1,,NVIDIA Thor,11.0,580.00,13.0,1575.000,,,,mem_clock_mhz:unavailable;temperature_c:unavailable;power_w:unavailable;sm_clock_mhz:sysfs_or_default,bf16,128,16,500,3,353,batch,ring,same,discard,0,32,1,1,none,0,684681.0,684187.4000000001,684681.0,684722.6,0.0005436808879852638,85.585125,0.531648,0.5257088000000001,0.531648,0.5318016,0.00820564794443368,9.64833082851722,7.8892500300951,963,0.000000000,1,29e871a6a02d84fa8b4281d8d39b55f8325f54f09edfbb6a603c7e2edf8885df,16,3,17,7,2,0,0,"static single-case binary; CUDA event includes setup/readback, clock64 covers timed window"
calibration,v2_calibration_bf16_n256_q8_batch_same_in1_same_discard_h32_b0_none_ops0,1,,NVIDIA Thor,11.0,580.00,13.0,1575.000,,,,mem_clock_mhz:unavailable;temperature_c:unavailable;power_w:unavailable;sm_clock_mhz:sysfs_or_default,bf16,256,8,500,3,354,batch,same,same,discard,1,32,0,20,none,0,709819.0,709795.0000000001,709819.0,710014.2,0.00021170055176482846,177.45475,0.581376,0.5805312,0.581376,0.5821184,0.0017076053902096218,186.13276905802746,144.28885953324527,29972,0.000000000,1,920da72c1da64314a96f76308caa7e8fd66a5a2a6af6b751ab2b7015b65a96cb,8,3,19,10,2,0,0,"static single-case binary; CUDA event includes setup/readback, clock64 covers timed window"
calibration,v2_calibration_bf16_n256_q1_batch_same_in1_same_discard_h32_b1_none_ops0,1,,NVIDIA Thor,11.0,580.00,13.0,1575.000,,,,mem_clock_mhz:unavailable;temperature_c:unavailable;power_w:unavailable;sm_clock_mhz:sysfs_or_default,bf16,256,1,500,3,355,batch,same,same,discard,1,32,1,1,none,0,248706.0,248666.80000000002,248706.0,248717.19999999998,0.00013301754382730174,497.412,0.254976,0.2546432,0.254976,0.2550784,0.0011159063926321788,3.320199753926323,2.056224899598394,500,0.000000000,1,c66b97bbb1680654f31cfa0d3e42df9d0feec6ee218051b8809a978cf9f675b4,1,3,19,10,2,0,0,"static single-case binary; CUDA event includes setup/readback, clock64 covers timed window"
calibration,v2_calibration_fp16_n256_q1_batch_same_in1_same_discard_h0_b0_none_ops0,1,,NVIDIA Thor,11.0,580.00,13.0,1575.000,,,,mem_clock_mhz:unavailable;temperature_c:unavailable;power_w:unavailable;sm_clock_mhz:sysfs_or_default,fp16,256,1,500,3,356,batch,same,same,discard,1,0,0,20,none,0,225132.0,225132.0,225132.0,225136.0,1.2822388533396288e-05,450.264,0.272736,0.26920320000000003,0.272736,0.2748864,0.013179218125057773,73.35728372688024,38.44655637686261,10000,0.000000000,1,487e79a09cac0bf720b4f9a5c9dde354cba03fa568d427e7a3b01e63dd9d5c0c,1,3,19,10,2,0,0,"static single-case binary; CUDA event includes setup/readback, clock64 covers timed window"
calibration,v2_calibration_bf16_n256_q16_batch_same_in0_same_discard_h32_b1_none_ops0,1,,NVIDIA Thor,11.0,580.00,13.0,1575.000,,,,mem_clock_mhz:unavailable;temperature_c:unavailable;power_w:unavailable;sm_clock_mhz:sysfs_or_default,bf16,256,16,500,3,357,batch,same,same,discard,0,32,1,1,none,0,1237360.0,1237094.4,1237360.0,1237456.8,0.00018956521467130495,154.67,0.883712,0.8826112000000002,0.883712,0.8852224000000001,0.00185395551319839,10.677618154781147,9.492468134414832,1499,0.000000000,1,02d4485566dd9408cc9e74ae3369c3074b7fca962cf3de7dfdac5fe96bab843b,16,3,19,10,2,0,0,"static single-case binary; CUDA event includes setup/readback, clock64 covers timed window"
calibration,v2_calibration_bf16_n128_q2_batch_ring_in0_same_discard_h10000000_b1_none_ops0,1,,NVIDIA Thor,11.0,580.00,13.0,1575.000,,,,mem_clock_mhz:unavailable;temperature_c:unavailable;power_w:unavailable;sm_clock_mhz:sysfs_or_default,bf16,128,2,500,3,358,batch,ring,same,discard,0,10000000,1,1,none,0,237649.0,237649.0,237649.0,237649.0,0.0,237.649,0.248768,0.2481024,0.248768,0.24943359999999998,0.0033444816053511683,3.474677360308691,2.1075379470028297,500,0.000000000,1,b43cd404a224aaacf301953c1305ffcfc7130bf128d8848b7e36e747d3986aa4,2,3,17,7,2,0,0,"static single-case binary; CUDA event includes setup/readback, clock64 covers timed window"
calibration,v2_calibration_fp16_n256_q32_batch_same_in1_same_discard_h10000000_b0_none_ops0,1,,NVIDIA Thor,11.0,580.00,13.0,1575.000,,,,mem_clock_mhz:unavailable;temperature_c:unavailable;power_w:unavailable;sm_clock_mhz:sysfs_or_default,fp16,256,32,500,3,359,batch,same,same,discard,1,10000000,0,20,none,0,2239148.0,2239146.4,2239148.0,2239148.8000000003,6.821904845274967e-07,139.94675,1.552576,1.552448,1.552576,1.553984,0.0006859352887090198,236.01937165386119,216.12102724761942,10000,0.000000000,1,1c00211b3d92d7df83d5cb88df8e4fb948f11843260d1eb90ddb394ddde489ee,32,3,19,10,2,0,0,"static single-case binary; CUDA event includes setup/readback, clock64 covers timed window"
calibration,v2_calibration_fp16_n256_q2_batch_ring_in0_same_discard_h10000000_b0_none_ops0,1,,NVIDIA Thor,11.0,580.00,13.0,1575.000,,,,mem_clock_mhz:unavailable;temperature_c:unavailable;power_w:unavailable;sm_clock_mhz:sysfs_or_default,fp16,256,2,500,3,360,batch,ring,same,discard,0,10000000,0,20,none,0,319433.0,319433.0,319433.0,319437.8,1.0844464805477654e-05,319.433,0.33552,0.33293439999999996,0.33552,0.3359296,0.00606671661606266,103.40241615612663,62.50453028135432,10000,0.000000000,1,2fc1590500113f94bbc85a5e8132fc448581ddc1e31603dd980c2962f303f143,2,3,17,7,2,0,0,"static single-case binary; CUDA event includes setup/readback, clock64 covers timed window"
control,v2_control_fp16_n256_q64_empty_same_in0_same_discard_h32_b1_none_ops0,1,,NVIDIA Thor,11.0,580.00,13.0,1575.000,,,,mem_clock_mhz:unavailable;temperature_c:unavailable;power_w:unavailable;sm_clock_mhz:sysfs_or_default,fp16,256,64,1000,3,361,empty,same,same,discard,0,32,1,1,none,0,264107.0,264107.0,264107.0,264107.0,0.0,,0.266048,0.26520320000000003,0.266048,0.2661248,0.0024054653607223087,,,0,0.000000000,1,c955d3e26f8c86660201f32239b2e335f327e336e6bc4fd4453380463e23eaec,0,2,16,9,2,0,0,"static single-case binary; CUDA event includes setup/readback, clock64 covers timed window"
calibration,v2_calibration_fp16_n256_q64_batch_same_in0_same_discard_h10000000_b0_none_ops0,1,,NVIDIA Thor,11.0,580.00,13.0,1575.000,,,,mem_clock_mhz:unavailable;temperature_c:unavailable;power_w:unavailable;sm_clock_mhz:sysfs_or_default,fp16,256,64,500,3,362,batch,same,same,discard,0,10000000,0,20,none,0,4293640.0,4293634.4,4293640.0,4293642.4,1.1951637848069695e-06,134.17625,2.857632,2.8571712000000002,2.857632,2.8585792,0.00031399029244403296,246.16982513671385,234.84081925174408,10000,0.000000000,1,139347cf021e35632a7d1defc16a9a52679a8be8bbd6a5aafba1823c754aaa36,64,3,19,10,2,0,0,"static single-case binary; CUDA event includes setup/readback, clock64 covers timed window"
calibration,v2_calibration_bf16_n128_q64_batch_ring_in0_same_discard_h10000000_b1_none_ops0,1,,NVIDIA Thor,11.0,580.00,13.0,1575.000,,,,mem_clock_mhz:unavailable;temperature_c:unavailable;power_w:unavailable;sm_clock_mhz:sysfs_or_default,bf16,128,64,500,3,363,batch,ring,same,discard,0,10000000,1,1,none,0,2245412.0,2245411.2,2245412.0,2245412.0,2.5712446308195563e-07,70.169125,1.523456,1.522816,1.523456,1.523456,0.00030323230687341764,11.768047556528602,11.01260292387834,500,0.000000000,1,31ab5d70e640cc78d7e65bb90b1ea3789c46635db5d0c6fa611bce470488f2fa,64,3,17,7,2,0,0,"static single-case binary; CUDA event includes setup/readback, clock64 covers timed window"
calibration,v2_calibration_bf16_n256_q32_batch_same_in1_same_discard_h32_b1_none_ops0,1,,NVIDIA Thor,11.0,580.00,13.0,1575.000,,,,mem_clock_mhz:unavailable;temperature_c:unavailable;power_w:unavailable;sm_clock_mhz:sysfs_or_default,bf16,256,32,500,3,364,batch,same,same,discard,1,32,1,1,none,0,2246393.0,2246233.8000000003,2246393.0,2246690.6,0.00012901908545700147,140.3995625,1.523104,1.5224640000000003,1.523104,1.5252288,0.0011873262846421738,11.762908449233949,11.015148013530265,1498,0.000000000,1,dd851ad1e1df298569210f3471a2662781b6c7ca78b3b64604975e705868a9c7,32,3,19,10,2,0,0,"static single-case binary; CUDA event includes setup/readback, clock64 covers timed window"
calibration,v2_calibration_bf16_n256_q4_batch_same_in0_same_discard_h0_b1_none_ops0,1,,NVIDIA Thor,11.0,580.00,13.0,1575.000,,,,mem_clock_mhz:unavailable;temperature_c:unavailable;power_w:unavailable;sm_clock_mhz:sysfs_or_default,bf16,256,4,500,3,365,batch,same,same,discard,0,0,1,1,none,0,425108.0,425035.20000000007,425108.0,425158.4,0.00018212967054120674,212.554,0.368416,0.36775040000000003,0.368416,0.3685184,0.0014157420080389712,7.76982413880708,5.692347780769564,999,0.000000000,1,9baa93de745943143d83b8ce2cc0329378b2fc27bb440a912d38db9b3e789c2d,4,3,19,10,2,0,0,"static single-case binary; CUDA event includes setup/readback, clock64 covers timed window"
calibration,v2_calibration_bf16_n128_q64_batch_same_in0_same_discard_h32_b0_none_ops0,1,,NVIDIA Thor,11.0,580.00,13.0,1575.000,,,,mem_clock_mhz:unavailable;temperature_c:unavailable;power_w:unavailable;sm_clock_mhz:sysfs_or_default,bf16,128,64,500,3,366,batch,same,same,discard,0,32,0,20,none,0,2224388.0,2224157.6,2224388.0,2224696.0,0.00015179821995672812,69.512125,1.543008,1.5427520000000001,1.543008,1.5447232,0.0008679639046170635,237.5854859853587,217.46116675999087,15447,0.000000000,1,3d4305b458e64c9f3e99694450cca6d6bbcbf87aed4cd395525c8fcb5491adff,64,3,19,10,2,0,0,"static single-case binary; CUDA event includes setup/readback, clock64 covers timed window"
calibration,v2_calibration_bf16_n128_q2_batch_ring_in0_same_discard_h32_b0_none_ops0,1,,NVIDIA Thor,11.0,580.00,13.0,1575.000,,,,mem_clock_mhz:unavailable;temperature_c:unavailable;power_w:unavailable;sm_clock_mhz:sysfs_or_default,bf16,128,2,500,3,367,batch,ring,same,discard,0,32,0,20,none,0,237655.0,237651.80000000002,237655.0,237657.40000000002,1.4777259094221783e-05,237.655,0.280992,0.28032640000000003,0.280992,0.282784,0.005645066489215203,69.49179272474807,37.31693428994419,10000,0.000000000,1,b1865be602b3d95fade0f09a47332bdca8c65ecdc041ca01d084d50841183885,2,3,17,7,2,0,0,"static single-case binary; CUDA event includes setup/readback, clock64 covers timed window"
calibration,v2_calibration_fp16_n128_q32_batch_same_in0_same_discard_h0_b1_none_ops0,1,,NVIDIA Thor,11.0,580.00,13.0,1575.000,,,,mem_clock_mhz:unavailable;temperature_c:unavailable;power_w:unavailable;sm_clock_mhz:sysfs_or_default,fp16,128,32,500,3,368,batch,same,same,discard,0,0,1,1,none,0,1205098.0,1204530.8,1205098.0,1205270.0,0.0004012739507974672,75.318625,0.86368,0.86304,0.86368,0.8638336,0.0006093247745000588,10.96347151849891,9.712634309003334,959,0.000000000,1,497ae28499ebb5ddfad0988a8a369ad1b6226c5ac3e086701926c28255d054c0,32,3,19,10,2,0,0,"static single-case binary; CUDA event includes setup/readback, clock64 covers timed window"
calibration,v2_calibration_bf16_n256_q2_batch_same_in1_same_discard_h10000000_b0_none_ops0,1,,NVIDIA Thor,11.0,580.00,13.0,1575.000,,,,mem_clock_mhz:unavailable;temperature_c:unavailable;power_w:unavailable;sm_clock_mhz:sysfs_or_default,bf16,256,2,500,3,369,batch,same,same,discard,1,10000000,0,20,none,0,319434.0,319433.2,319434.0,319434.8,3.130537137562063e-06,319.434,0.3352,0.334048,0.3352,0.3354304,0.002765072377232049,103.40209245102275,62.56420047732697,10000,0.000000000,1,82f2d96c3a84d436191a53191356d5e4620d0e9791f29d2322ec3a06b3e9726b,2,3,19,10,2,0,0,"static single-case binary; CUDA event includes setup/readback, clock64 covers timed window"
calibration,v2_calibration_bf16_n256_q1_batch_ring_in0_same_discard_h10000000_b1_none_ops0,1,,NVIDIA Thor,11.0,580.00,13.0,1575.000,,,,mem_clock_mhz:unavailable;temperature_c:unavailable;power_w:unavailable;sm_clock_mhz:sysfs_or_default,bf16,256,1,500,3,370,batch,ring,same,discard,0,10000000,1,1,none,0,255578.0,255578.00000000003,255578.0,255578.0,0.0,511.156,0.258944,0.2550272,0.258944,0.25896959999999997,0.011021142029623291,3.230925979544405,2.024715768660405,500,0.000000000,1,9557ff72fc4368f2d86ae84a07c8e785e648d3c8d6f75ad7288e32b84eb837b5,1,3,17,7,2,0,0,"static single-case binary; CUDA event includes setup/readback, clock64 covers timed window"
calibration,v2_calibration_fp16_n128_q8_batch_same_in1_same_discard_h32_b0_none_ops0,1,,NVIDIA Thor,11.0,580.00,13.0,1575.000,,,,mem_clock_mhz:unavailable;temperature_c:unavailable;power_w:unavailable;sm_clock_mhz:sysfs_or_default,fp16,128,8,500,3,371,batch,same,same,discard,1,32,0,20,none,0,432001.0,431499.4,432001.0,432361.80000000005,0.0012533831961356557,108.00025,0.407104,0.40579840000000006,0.407104,0.4071808,0.0023884764529346204,152.91697935884406,103.02782581355132,15781,0.000000000,1,39cede8bdac9ee78fb0ec5c232fc35789f71d761b2f59a794d8c4853b3480fd2,8,3,19,10,2,0,0,"static single-case binary; CUDA event includes setup/readback, clock64 covers timed window"
control,v2_control_fp16_n128_q1_commit_wait_same_in0_same_discard_h32_b0_none_ops0,1,,NVIDIA Thor,11.0,580.00,13.0,1575.000,,,,mem_clock_mhz:unavailable;temperature_c:unavailable;power_w:unavailable;sm_clock_mhz:sysfs_or_default,fp16,128,1,1000,3,372,commit_wait,same,same,discard,0,32,0,20,none,0,258155.0,258150.2,258155.0,258156.59999999998,1.6127340171805678e-05,,0.293792,0.29366400000000004,0.293792,0.2942016,0.0011943443907893256,,,20000,0.000000000,1,88d9182ac56cfcd5d459c1c761fa574981fd4e8acf82db6cc39548e36b364206,0,3,19,9,2,0,0,"static single-case binary; CUDA event includes setup/readback, clock64 covers timed window"
calibration,v2_calibration_fp16_n256_q2_batch_ring_in0_same_discard_h0_b1_none_ops0,1,,NVIDIA Thor,11.0,580.00,13.0,1575.000,,,,mem_clock_mhz:unavailable;temperature_c:unavailable;power_w:unavailable;sm_clock_mhz:sysfs_or_default,fp16,256,2,500,3,373,batch,ring,same,discard,0,0,1,1,none,0,306558.0,306322.80000000005,306558.0,307466.8,0.002461181429962085,306.558,0.291616,0.29136,0.291616,0.2917184,0.000791472127200963,5.387258528565557,3.59574234609898,879,0.000000000,1,0c3252a88ffac9e9d22cee219143341e904f9e69d61604e9d4dd773f8d9a4fe6,2,3,17,7,2,0,0,"static single-case binary; CUDA event includes setup/readback, clock64 covers timed window"
control,v2_control_bf16_n128_q1_forced_wait_same_in0_same_discard_h10000000_b1_none_ops0,1,,NVIDIA Thor,11.0,580.00,13.0,1575.000,,,,mem_clock_mhz:unavailable;temperature_c:unavailable;power_w:unavailable;sm_clock_mhz:sysfs_or_default,bf16,128,1,1000,3,374,forced_wait,same,same,discard,0,10000000,1,1,none,0,431176.0,431176.00000000006,431176.0,431176.0,0.0,431.176,0.371712,0.37061120000000003,0.371712,0.37176319999999996,0.002191204638798891,1.9151195799395142,1.4104683195592285,1000,0.000000000,1,3f4f352e618fa48e02b3bb7b3bf05b03c8c1b59a20335b3717d69b875dc70bc8,1,3,19,10,2,0,0,"static single-case binary; CUDA event includes setup/readback, clock64 covers timed window"
calibration,v2_calibration_fp16_n128_q8_batch_same_in1_same_discard_h10000000_b0_none_ops0,1,,NVIDIA Thor,11.0,580.00,13.0,1575.000,,,,mem_clock_mhz:unavailable;temperature_c:unavailable;power_w:unavailable;sm_clock_mhz:sysfs_or_default,fp16,128,8,500,3,375,batch,same,same,discard,1,10000000,0,20,none,0,447446.0,447445.2,447446.0,447452.4,1.102447477135069e-05,111.8615,0.414944,0.4139712,0.414944,0.4158912,0.002892116536862537,147.63857091135023,101.08120613865967,10000,0.000000000,1,1c300bd4a1d419dbc995c6216376e5817de36e6e250bfb300262655581444e3b,8,3,19,10,2,0,0,"static single-case binary; CUDA event includes setup/readback, clock64 covers timed window"
calibration,v2_calibration_fp16_n128_q16_batch_same_in0_same_discard_h0_b1_none_ops0,1,,NVIDIA Thor,11.0,580.00,13.0,1575.000,,,,mem_clock_mhz:unavailable;temperature_c:unavailable;power_w:unavailable;sm_clock_mhz:sysfs_or_default,fp16,128,16,500,3,376,batch,same,same,discard,0,0,1,1,none,0,694145.0,693645.8,694145.0,694385.0,0.0006791748338974097,86.768125,0.537792,0.5374848000000001,0.537792,0.5382528,0.0008983620222834809,9.51678510973932,7.799119362132571,978,0.000000000,1,8f54da76f9ceac96e056ce98dcf3ad6fd181996364fe462ee1994b4be32baa62,16,3,19,10,2,0,0,"static single-case binary; CUDA event includes setup/readback, clock64 covers timed window"
calibration,v2_calibration_bf16_n128_q4_batch_ring_in0_same_discard_h0_b1_none_ops0,1,,NVIDIA Thor,11.0,580.00,13.0,1575.000,,,,mem_clock_mhz:unavailable;temperature_c:unavailable;power_w:unavailable;sm_clock_mhz:sysfs_or_default,bf16,128,4,500,3,377,batch,ring,same,discard,0,0,1,1,none,0,291140.0,291139.2,291140.0,291140.0,1.983069760983992e-06,145.57,0.282304,0.2785664,0.282304,0.28235520000000003,0.00967362442394484,5.672553410730233,3.7143504874178195,500,0.000000000,1,4976f18faa7067787da22051067835a03beb793b0d5079137b2c7d9ba237066d,4,3,17,7,2,0,0,"static single-case binary; CUDA event includes setup/readback, clock64 covers timed window"
calibration,v2_calibration_fp16_n256_q16_batch_same_in0_same_discard_h10000000_b1_none_ops0,1,,NVIDIA Thor,11.0,580.00,13.0,1575.000,,,,mem_clock_mhz:unavailable;temperature_c:unavailable;power_w:unavailable;sm_clock_mhz:sysfs_or_default,fp16,256,16,500,3,378,batch,same,same,discard,0,10000000,1,1,none,0,1215146.0,1215146.0,1215146.0,1215146.0,0.0,151.89325,0.86768,0.8676288000000001,0.86768,0.8691903999999999,0.0012771963920662815,10.872814953923232,9.667859118569057,500,0.000000000,1,6ed156ccc61fe7eac198c08c57351def1b1939ad7cb71c4f6b91f7bff95be55f,16,3,19,10,2,0,0,"static single-case binary; CUDA event includes setup/readback, clock64 covers timed window"
calibration,v2_calibration_bf16_n256_q2_batch_ring_in0_same_discard_h10000000_b0_none_ops0,1,,NVIDIA Thor,11.0,580.00,13.0,1575.000,,,,mem_clock_mhz:unavailable;temperature_c:unavailable;power_w:unavailable;sm_clock_mhz:sysfs_or_default,bf16,256,2,500,3,379,batch,ring,same,discard,0,10000000,0,20,none,0,319436.0,319428.0,319436.0,319440.0,2.3909847381025836e-05,319.436,0.335008,0.3324224,0.335008,0.3358272,0.006645511924874016,103.40144504689516,62.600057312064195,10003,0.000000000,1,22bc13dab2bd0659490f09764707d5d5eaac5ccdbf94ebed63decaefff938b1b,2,3,17,7,2,0,0,"static single-case binary; CUDA event includes setup/readback, clock64 covers timed window"
calibration,v2_calibration_bf16_n256_q8_batch_same_in1_same_discard_h32_b1_none_ops0,1,,NVIDIA Thor,11.0,580.00,13.0,1575.000,,,,mem_clock_mhz:unavailable;temperature_c:unavailable;power_w:unavailable;sm_clock_mhz:sysfs_or_default,bf16,256,8,500,3,380,batch,same,same,discard,1,32,1,1,none,0,708951.0,708847.8,708951.0,709096.6,0.000220391780357378,177.23775,0.547968,0.5468416,0.547968,0.5479936000000001,0.001501896695607378,9.318032981122814,7.654286381686521,1500,0.000000000,1,920da72c1da64314a96f76308caa7e8fd66a5a2a6af6b751ab2b7015b65a96cb,8,3,19,10,2,0,0,"static single-case binary; CUDA event includes setup/readback, clock64 covers timed window"
calibration,v2_calibration_bf16_n128_q2_batch_ring_in0_same_discard_h0_b1_none_ops0,1,,NVIDIA Thor,11.0,580.00,13.0,1575.000,,,,mem_clock_mhz:unavailable;temperature_c:unavailable;power_w:unavailable;sm_clock_mhz:sysfs_or_default,bf16,128,2,500,3,381,batch,ring,same,discard,0,0,1,1,none,0,247145.0,247145.0,247145.0,247145.0,0.0,247.145,0.254624,0.2545984,0.254624,0.2552896,0.00192182164432629,3.3411705678852495,2.0590674877466384,500,0.000000000,1,4ffadd6fd095528ede5d6f268c2f4ab0fdb42da6d5edd61eef6f1ab892843a74,2,3,17,7,2,0,0,"static single-case binary; CUDA event includes setup/readback, clock64 covers timed window"
calibration,v2_calibration_fp16_n256_q1_batch_same_in1_same_discard_h10000000_b0_none_ops0,1,,NVIDIA Thor,11.0,580.00,13.0,1575.000,,,,mem_clock_mhz:unavailable;temperature_c:unavailable;power_w:unavailable;sm_clock_mhz:sysfs_or_default,fp16,256,1,500,3,382,batch,same,same,discard,1,10000000,0,20,none,0,255598.0,255597.2,255598.0,255601.2,1.0351180212225364e-05,511.196,0.294016,0.2926848,0.294016,0.2947584,0.004470494565327573,64.61346332913404,35.66390944710491,10000,0.000000000,1,fcfdf91c5a49ffe3a3b6e08e15dcc41f843886752d680063dd807f6dec0862ea,1,3,19,10,2,0,0,"static single-case binary; CUDA event includes setup/readback, clock64 covers timed window"
calibration,v2_calibration_fp16_n256_q2_batch_same_in1_same_discard_h0_b1_none_ops0,1,,NVIDIA Thor,11.0,580.00,13.0,1575.000,,,,mem_clock_mhz:unavailable;temperature_c:unavailable;power_w:unavailable;sm_clock_mhz:sysfs_or_default,fp16,256,2,500,3,383,batch,same,same,discard,1,0,1,1,none,0,307015.0,306364.6,307015.0,307211.8,0.0018063041431407897,307.015,0.291936,0.2916032,0.291936,0.2923456,0.0015920472431317106,5.3792394508411645,3.5918009426723674,867,0.000000000,1,1960bf99e77d0697a898a4eb8dd09def2a9ec57f8e77cc0588108cc57825c0e0,2,3,19,10,2,0,0,"static single-case binary; CUDA event includes setup/readback, clock64 covers timed window"
control,v2_control_bf16_n256_q1_forced_wait_same_in0_same_discard_h32_b0_none_ops0,1,,NVIDIA Thor,11.0,580.00,13.0,1575.000,,,,mem_clock_mhz:unavailable;temperature_c:unavailable;power_w:unavailable;sm_clock_mhz:sysfs_or_default,bf16,256,1,1000,3,384,forced_wait,same,same,discard,0,32,0,20,none,0,497988.0,497938.4,497988.0,498308.0,0.0005034353970239077,497.988,0.44832,0.4470912000000001,0.44832,0.46393599999999996,0.025837670875468417,66.32718860695438,46.77801570306924,20000,0.000000000,1,969b4479ff34558a6b9f55cc5a76f7b7e61b4203e549f7e253399ff786cc758f,1,3,19,10,2,0,0,"static single-case binary; CUDA event includes setup/readback, clock64 covers timed window"
calibration,v2_calibration_bf16_n256_q4_batch_ring_in0_same_discard_h0_b0_none_ops0,1,,NVIDIA Thor,11.0,580.00,13.0,1575.000,,,,mem_clock_mhz:unavailable;temperature_c:unavailable;power_w:unavailable;sm_clock_mhz:sysfs_or_default,bf16,256,4,500,3,385,batch,ring,same,discard,0,0,0,20,none,0,425320.0,425276.80000000005,425320.0,425349.60000000003,0.00010760015168699178,212.66,0.406016,0.4018176,0.406016,0.4139008,0.018815409297424836,155.31902567478602,103.30390920554855,19984,0.000000000,1,db81edbc5e6dfe0b908f30708181719579369ffdb6df70a9ff982e2b625a0f20,4,3,17,7,2,0,0,"static single-case binary; CUDA event includes setup/readback, clock64 covers timed window"
calibration,v2_calibration_fp16_n256_q8_batch_same_in1_same_discard_h32_b0_none_ops0,1,,NVIDIA Thor,11.0,580.00,13.0,1575.000,,,,mem_clock_mhz:unavailable;temperature_c:unavailable;power_w:unavailable;sm_clock_mhz:sysfs_or_default,fp16,256,8,500,3,386,batch,same,same,discard,1,32,0,20,none,0,709856.0,709812.8,709856.0,710084.0,0.00025656723408918524,177.464,0.583616,0.5817472,0.583616,0.5841792,0.0027292282002428303,186.12306721363205,143.73505866871366,29964,0.000000000,1,9051e70ea8cd3a8c79fd97023df9ec1ece94a7e12ec945e593867c4f7dbe1859,8,3,19,10,2,0,0,"static single-case binary; CUDA event includes setup/readback, clock64 covers timed window"
calibration,v2_calibration_fp16_n256_q8_batch_same_in0_same_discard_h10000000_b1_none_ops0,1,,NVIDIA Thor,11.0,580.00,13.0,1575.000,,,,mem_clock_mhz:unavailable;temperature_c:unavailable;power_w:unavailable;sm_clock_mhz:sysfs_or_default,fp16,256,8,500,3,387,batch,same,same,discard,0,10000000,1,1,none,0,703145.0,703145.0,703145.0,703145.8,8.210966379491376e-07,175.78625,0.54384,0.5438144,0.54384,0.5450176,0.0015785680872543164,9.394973725191816,7.712385995881141,500,0.000000000,1,4965208c3a35ae39365b263da1cdb24e7fff60bbf78d1250d43f270d0b9cfef1,8,3,19,10,2,0,0,"static single-case binary; CUDA event includes setup/readback, clock64 covers timed window"
calibration,v2_calibration_fp16_n128_q8_batch_same_in1_same_discard_h32_b1_none_ops0,1,,NVIDIA Thor,11.0,580.00,13.0,1575.000,,,,mem_clock_mhz:unavailable;temperature_c:unavailable;power_w:unavailable;sm_clock_mhz:sysfs_or_default,fp16,128,8,500,3,388,batch,same,same,discard,1,32,1,1,none,0,432667.0,432599.80000000005,432667.0,432671.0,0.00011557705290971945,108.16675,0.37296,0.372832,0.37296,0.37470080000000006,0.0034926256430462058,7.634079788844538,5.622994422994423,808,0.000000000,1,39cede8bdac9ee78fb0ec5c232fc35789f71d761b2f59a794d8c4853b3480fd2,8,3,19,10,2,0,0,"static single-case binary; CUDA event includes setup/readback, clock64 covers timed window"
calibration,v2_calibration_fp16_n256_q2_batch_same_in1_same_discard_h32_b1_none_ops0,1,,NVIDIA Thor,11.0,580.00,13.0,1575.000,,,,mem_clock_mhz:unavailable;temperature_c:unavailable;power_w:unavailable;sm_clock_mhz:sysfs_or_default,fp16,256,2,500,3,389,batch,same,same,discard,1,32,1,1,none,0,294353.0,294076.2,294353.0,294981.8,0.001969703439558614,294.353,0.284288,0.2839808,0.284288,0.2844416,0.0010318792377743695,5.610634849993035,3.6884286357496623,658,0.000000000,1,b56ba42badea3b788082c8a30093157c97ff7f55aeb8bb64685f13b0300a0bf1,2,3,19,10,2,0,0,"static single-case binary; CUDA event includes setup/readback, clock64 covers timed window"
calibration,v2_calibration_bf16_n256_q1_batch_ring_in0_same_discard_h32_b0_none_ops0,1,,NVIDIA Thor,11.0,580.00,13.0,1575.000,,,,mem_clock_mhz:unavailable;temperature_c:unavailable;power_w:unavailable;sm_clock_mhz:sysfs_or_default,bf16,256,1,500,3,390,batch,ring,same,discard,0,32,0,20,none,0,249190.0,249054.0,249190.0,249256.40000000002,0.0005176130635231703,498.38,0.28896,0.28834560000000004,0.28896,0.29088,0.005708301683950652,66.2750190617601,36.28792912513843,10000,0.000000000,1,0a166c14f5d41846e49453b329a661682c2312131920d9b0198c9ba6620e0860,1,3,17,7,2,0,0,"static single-case binary; CUDA event includes setup/readback, clock64 covers timed window"
calibration,v2_calibration_fp16_n128_q8_batch_ring_in0_same_discard_h32_b0_none_ops0,1,,NVIDIA Thor,11.0,580.00,13.0,1575.000,,,,mem_clock_mhz:unavailable;temperature_c:unavailable;power_w:unavailable;sm_clock_mhz:sysfs_or_default,fp16,128,8,500,3,391,batch,ring,same,discard,0,32,0,20,none,0,432416.0,432086.4,432416.0,432530.4,0.0006665341297097876,108.104,0.405376,0.40481280000000003,0.405376,0.4071424,0.0037433828499800555,152.7702212684082,103.4670034733186,15728,0.000000000,1,5f7c98209ff27ac851115eab583b61483884052d3e7cba6f8b470ac2109e7050,8,3,17,7,2,0,0,"static single-case binary; CUDA event includes setup/readback, clock64 covers timed window"
calibration,v2_calibration_bf16_n128_q16_batch_same_in0_same_discard_h0_b0_none_ops0,1,,NVIDIA Thor,11.0,580.00,13.0,1575.000,,,,mem_clock_mhz:unavailable;temperature_c:unavailable;power_w:unavailable;sm_clock_mhz:sysfs_or_default,bf16,128,16,500,3,392,batch,same,same,discard,0,0,0,20,none,0,694140.0,694008.8,694140.0,694238.4,0.00020743668845438906,86.7675,0.570432,0.567872,0.570432,0.5716096,0.004191702067951851,190.33707321289654,147.05710759564678,19625,0.000000000,1,ff7c1f0bb8313f33aee49d49f28d53b1e91ac6dabd57dbeda308422f1dbe859e,16,3,19,10,2,0,0,"static single-case binary; CUDA event includes setup/readback, clock64 covers timed window"
calibration,v2_calibration_bf16_n256_q1_batch_same_in0_same_discard_h0_b1_none_ops0,1,,NVIDIA Thor,11.0,580.00,13.0,1575.000,,,,mem_clock_mhz:unavailable;temperature_c:unavailable;power_w:unavailable;sm_clock_mhz:sysfs_or_default,bf16,256,1,500,3,393,batch,same,same,discard,0,0,1,1,none,0,225128.0,225128.00000000003,225128.0,225128.0,0.0,450.256,0.2408,0.24044160000000003,0.2408,0.2417472,0.0034981244665849513,3.667929355744288,2.1772757475083058,500,0.000000000,1,77a8d38ad38c2a77d60e0b0a011f1eb605ac59bd5c4e32adb1d4efd61d425677,1,3,19,10,2,0,0,"static single-case binary; CUDA event includes setup/readback, clock64 covers timed window"
calibration,v2_calibration_fp16_n128_q8_batch_ring_in0_same_discard_h0_b1_none_ops0,1,,NVIDIA Thor,11.0,580.00,13.0,1575.000,,,,mem_clock_mhz:unavailable;temperature_c:unavailable;power_w:unavailable;sm_clock_mhz:sysfs_or_default,fp16,128,8,500,3,394,batch,ring,same,discard,0,0,1,1,none,0,406949.0,406424.2,406949.0,407577.8,0.0017739302023231257,101.73725,0.355168,0.3493568,0.355168,0.3556544,0.01240957002416962,8.116531555551186,5.904676096945671,500,0.000000000,1,13e980d97992f407bfd17ddaa7c60a6898c7effda1c45b058d73df5f61021102,8,3,17,7,2,0,0,"static single-case binary; CUDA event includes setup/readback, clock64 covers timed window"
calibration,v2_calibration_bf16_n256_q32_batch_same_in1_same_discard_h10000000_b1_none_ops0,1,,NVIDIA Thor,11.0,580.00,13.0,1575.000,,,,mem_clock_mhz:unavailable;temperature_c:unavailable;power_w:unavailable;sm_clock_mhz:sysfs_or_default,bf16,256,32,500,3,395,batch,same,same,discard,1,10000000,1,1,none,0,2239145.0,2239145.0,2239145.0,2239145.8,2.578440356661198e-07,139.9465625,1.519296,1.5191168000000002,1.519296,1.519424,0.0001269598216694457,11.800984393596663,11.042756645183031,500,0.000000000,1,40ffb6f4606a0d157a0d5c5b8caca33b54e2b15e72bf55fdb277b85b4db2443f,32,3,19,10,2,0,0,"static single-case binary; CUDA event includes setup/readback, clock64 covers timed window"
calibration,v2_calibration_fp16_n128_q1_batch_same_in1_same_discard_h10000000_b0_none_ops0,1,,NVIDIA Thor,11.0,580.00,13.0,1575.000,,,,mem_clock_mhz:unavailable;temperature_c:unavailable;power_w:unavailable;sm_clock_mhz:sysfs_or_default,fp16,128,1,500,3,396,batch,same,same,discard,1,10000000,0,20,none,0,215662.0,215661.2,215662.0,215663.6,7.082948644958616e-06,431.324,0.266848,0.263008,0.266848,0.26820479999999997,0.01267556080526139,38.28924891728723,19.647439740976136,10000,0.000000000,1,fe7d91760de48087d02f07d8ca74d577b80f6e63a3d1f81c90bf989562c84186,1,3,19,10,2,0,0,"static single-case binary; CUDA event includes setup/readback, clock64 covers timed window"
calibration,v2_calibration_bf16_n256_q8_batch_same_in0_same_discard_h32_b1_none_ops0,1,,NVIDIA Thor,11.0,580.00,13.0,1575.000,,,,mem_clock_mhz:unavailable;temperature_c:unavailable;power_w:unavailable;sm_clock_mhz:sysfs_or_default,bf16,256,8,500,3,397,batch,same,same,discard,0,32,1,1,none,0,709191.0,708902.2,709191.0,709215.7999999999,0.00030733343409689045,177.29775,0.548672,0.5480320000000001,0.548672,0.5490816000000001,0.0012053886904142557,9.314879630452163,7.644465181383412,1498,0.000000000,1,221cd01c4d0a2c838378f3379cc9683d71492807ff2d3e484247db5689bd04bc,8,3,19,10,2,0,0,"static single-case binary; CUDA event includes setup/readback, clock64 covers timed window"
calibration,v2_calibration_fp16_n256_q4_batch_same_in1_same_discard_h10000000_b1_none_ops0,1,,NVIDIA Thor,11.0,580.00,13.0,1575.000,,,,mem_clock_mhz:unavailable;temperature_c:unavailable;power_w:unavailable;sm_clock_mhz:sysfs_or_default,fp16,256,4,500,3,398,batch,same,same,discard,1,10000000,1,1,none,0,447264.0,447264.0,447264.0,447264.0,0.0,223.632,0.381632,0.38127360000000005,0.381632,0.3831424,0.003244513964962825,7.384932388924661,5.49522052658058,500,0.000000000,1,bd29770273e804a0e612bf7360f9c24d40c8bad62ed98656923a491e5d4a6e2e,4,3,19,10,2,0,0,"static single-case binary; CUDA event includes setup/readback, clock64 covers timed window"
calibration,v2_calibration_bf16_n128_q32_batch_same_in0_same_discard_h32_b1_none_ops0,1,,NVIDIA Thor,11.0,580.00,13.0,1575.000,,,,mem_clock_mhz:unavailable;temperature_c:unavailable;power_w:unavailable;sm_clock_mhz:sysfs_or_default,bf16,128,32,500,3,399,batch,same,same,discard,0,32,1,1,none,0,1188911.0,1188739.0,1188911.0,1189147.8,0.00021579571840521072,74.3069375,0.853472,0.8522176,0.853472,0.8535744000000001,0.0011071694600370587,11.11273896868647,9.828802819541824,666,0.000000000,1,4b8a325e0dd6dc2617010b7ab493633fe858dfebb81955a1a496a9cca1432e5c,32,3,19,10,2,0,0,"static single-case binary; CUDA event includes setup/readback, clock64 covers timed window"
calibration,v2_calibration_bf16_n256_q16_batch_ring_in0_same_discard_h32_b1_none_ops0,1,,NVIDIA Thor,11.0,580.00,13.0,1575.000,,,,mem_clock_mhz:unavailable;temperature_c:unavailable;power_w:unavailable;sm_clock_mhz:sysfs_or_default,bf16,256,16,500,3,400,batch,ring,same,discard,0,32,1,1,none,0,1237423.0,1237383.0,1237423.0,1237430.2,2.5687329311112067e-05,154.677875,0.883296,0.8824256,0.883296,0.8846272,0.0015687933520017057,10.677074533122465,9.496938738542912,1499,0.000000000,1,0a0d5f3df4b4aed6897073d372e3796fcde07996e14b0cc98299b8467e9dbf7f,16,3,17,7,2,0,0,"static single-case binary; CUDA event includes setup/readback, clock64 covers timed window"
calibration,v2_calibration_bf16_n256_q4_batch_same_in1_same_discard_h0_b0_none_ops0,1,,NVIDIA Thor,11.0,580.00,13.0,1575.000,,,,mem_clock_mhz:unavailable;temperature_c:unavailable;power_w:unavailable;sm_clock_mhz:sysfs_or_default,bf16,256,4,500,3,401,batch,same,same,discard,1,0,0,20,none,0,425325.0,425258.60000000003,425325.0,425423.4,0.0002436771391151888,212.6625,0.400608,0.40019840000000007,0.400608,0.4010688,0.0013586464838971008,155.31719978839712,104.69845834331815,19986,0.000000000,1,3e8fa64347f0ce1c2f252a1d04f58438575a743ffd8c8f091ae2dc261ed0d803,4,3,19,10,2,0,0,"static single-case binary; CUDA event includes setup/readback, clock64 covers timed window"
calibration,v2_calibration_fp16_n128_q64_batch_same_in1_same_discard_h0_b1_none_ops0,1,,NVIDIA Thor,11.0,580.00,13.0,1575.000,,,,mem_clock_mhz:unavailable;temperature_c:unavailable;power_w:unavailable;sm_clock_mhz:sysfs_or_default,fp16,128,64,500,3,402,batch,same,same,discard,1,0,1,1,none,0,2205769.0,2205756.2,2205769.0,2205781.0,7.028247419257012e-06,68.93028125,1.498112,1.4977792,1.498112,1.4993151999999998,0.0006740667474073912,11.979547813030285,11.198906356801094,508,0.000000000,1,ab39074e29bf887bfc29b8b6ab7b10bb618c43bac5cd166acc9e75c53e9abd23,64,3,19,10,2,0,0,"static single-case binary; CUDA event includes setup/readback, clock64 covers timed window"
control,v2_control_bf16_n256_q1_commit_wait_same_in0_same_discard_h32_b0_none_ops0,1,,NVIDIA Thor,11.0,580.00,13.0,1575.000,,,,mem_clock_mhz:unavailable;temperature_c:unavailable;power_w:unavailable;sm_clock_mhz:sysfs_or_default,bf16,256,1,1000,3,403,commit_wait,same,same,discard,0,32,0,20,none,0,258149.0,258147.40000000002,258149.0,258150.6,7.747463674079697e-06,,0.294752,0.29324160000000005,0.294752,0.29498240000000003,0.004017353054697716,,,20000,0.000000000,1,95499bf868191dcfcf9eda6c45fcc8f8f5deb840cb2745dbe65741e23da4e46e,0,3,19,9,2,0,0,"static single-case binary; CUDA event includes setup/readback, clock64 covers timed window"
calibration,v2_calibration_fp16_n128_q64_batch_same_in0_same_discard_h32_b0_none_ops0,1,,NVIDIA Thor,11.0,580.00,13.0,1575.000,,,,mem_clock_mhz:unavailable;temperature_c:unavailable;power_w:unavailable;sm_clock_mhz:sysfs_or_default,fp16,128,64,500,3,404,batch,same,same,discard,0,32,0,20,none,0,2224273.0,2223989.8000000003,2224273.0,2224300.2,9.660720981926036e-05,69.50853125,1.543456,1.5415616,1.543456,1.5439936,0.0010350076678468248,237.59776969823398,217.39804698028323,15401,0.000000000,1,05afe8522c70fc079f1396043ef2cc04ba80c6bbb7ccbd71a585659a1d973694,64,3,19,10,2,0,0,"static single-case binary; CUDA event includes setup/readback, clock64 covers timed window"
control,v2_control_bf16_n256_q1_commit_wait_same_in0_same_discard_h32_b1_none_ops0,1,,NVIDIA Thor,11.0,580.00,13.0,1575.000,,,,mem_clock_mhz:unavailable;temperature_c:unavailable;power_w:unavailable;sm_clock_mhz:sysfs_or_default,bf16,256,1,1000,3,405,commit_wait,same,same,discard,0,32,1,1,none,0,258144.0,258144.0,258144.0,258144.8,2.236540549755598e-06,,0.262112,0.261344,0.262112,0.26216320000000004,0.002190968369891878,,,1000,0.000000000,1,95499bf868191dcfcf9eda6c45fcc8f8f5deb840cb2745dbe65741e23da4e46e,0,3,19,9,2,0,0,"static single-case binary; CUDA event includes setup/readback, clock64 covers timed window"
calibration,v2_calibration_fp16_n128_q64_batch_same_in1_same_discard_h10000000_b0_none_ops0,1,,NVIDIA Thor,11.0,580.00,13.0,1575.000,,,,mem_clock_mhz:unavailable;temperature_c:unavailable;power_w:unavailable;sm_clock_mhz:sysfs_or_default,fp16,128,64,500,3,406,batch,same,same,discard,1,10000000,0,20,none,0,2245915.0,2245911.8,2245915.0,2245919.0,2.007755896180812e-06,70.18484375,1.554752,1.5509888000000003,1.554752,1.5574656,0.0026157376818243786,235.30823918091286,215.81854855308111,10000,0.000000000,1,1cc85f7c482ce0ccb21364f93c9c850b51243a869ddb76ea40067cd12daf2b34,64,3,19,10,2,0,0,"static single-case binary; CUDA event includes setup/readback, clock64 covers timed window"
calibration,v2_calibration_bf16_n128_q16_batch_same_in1_same_discard_h32_b1_none_ops0,1,,NVIDIA Thor,11.0,580.00,13.0,1575.000,,,,mem_clock_mhz:unavailable;temperature_c:unavailable;power_w:unavailable;sm_clock_mhz:sysfs_or_default,bf16,128,16,500,3,407,batch,same,same,discard,1,32,1,1,none,0,684662.0,683951.6000000001,684662.0,684695.6000000001,0.0007674557666576395,85.58275,0.53152,0.5311104,0.53152,0.5324416000000001,0.0016028071699448977,9.648598578568695,7.891149909692957,961,0.000000000,1,24f496b79732b226df2b4fd27575497c370cb0003d59ceb157bf5ec9f53bc9ea,16,3,19,10,2,0,0,"static single-case binary; CUDA event includes setup/readback, clock64 covers timed window"
calibration,v2_calibration_bf16_n256_q64_batch_ring_in0_same_discard_h10000000_b0_none_ops0,1,,NVIDIA Thor,11.0,580.00,13.0,1575.000,,,,mem_clock_mhz:unavailable;temperature_c:unavailable;power_w:unavailable;sm_clock_mhz:sysfs_or_default,bf16,256,64,500,3,408,batch,ring,same,discard,0,10000000,0,20,none,0,4293140.0,4293136.800000001,4293140.0,4293143.2,9.317189749227838e-07,134.160625,2.857792,2.8570496,2.857792,2.8578432,0.00019428817959056657,246.1984952738555,234.827671153114,10000,0.000000000,1,8d618d32d775e0470f2d43c66a1e949dfd624c865d904c45f320f866334e5ae5,64,3,17,7,2,0,0,"static single-case binary; CUDA event includes setup/readback, clock64 covers timed window"
control,v2_control_bf16_n128_q1_commit_wait_same_in0_same_discard_h10000000_b1_none_ops0,1,,NVIDIA Thor,11.0,580.00,13.0,1575.000,,,,mem_clock_mhz:unavailable;temperature_c:unavailable;power_w:unavailable;sm_clock_mhz:sysfs_or_default,bf16,128,1,1000,3,409,commit_wait,same,same,discard,0,10000000,1,1,none,0,258144.0,258144.0,258144.0,258144.0,0.0,,0.261888,0.2614272,0.261888,0.261888,0.0012707636152376673,,,1000,0.000000000,1,01ce57573fb2ccc96baa0c0201574a3a25521c9f292ff5f4984fd9623de238a1,0,3,19,9,2,0,0,"static single-case binary; CUDA event includes setup/readback, clock64 covers timed window"
calibration,v2_calibration_fp16_n256_q1_batch_same_in0_same_discard_h0_b1_none_ops0,1,,NVIDIA Thor,11.0,580.00,13.0,1575.000,,,,mem_clock_mhz:unavailable;temperature_c:unavailable;power_w:unavailable;sm_clock_mhz:sysfs_or_default,fp16,256,1,500,3,410,batch,same,same,discard,0,0,1,1,none,0,225129.0,225129.0,225129.0,225129.0,0.0,450.258,0.240832,0.2394752,0.240832,0.24088320000000002,0.004154074832995682,3.667913063177112,2.1769864469837894,500,0.000000000,1,de82b0fd70e8a52e5614503df1c7abe13098cabf3cde456bab70736d9e4a7b18,1,3,19,10,2,0,0,"static single-case binary; CUDA event includes setup/readback, clock64 covers timed window"
calibration,v2_calibration_fp16_n128_q4_batch_ring_in0_same_discard_h10000000_b0_none_ops0,1,,NVIDIA Thor,11.0,580.00,13.0,1575.000,,,,mem_clock_mhz:unavailable;temperature_c:unavailable;power_w:unavailable;sm_clock_mhz:sysfs_or_default,fp16,128,4,500,3,411,batch,ring,same,discard,0,10000000,0,20,none,0,319598.0,319594.80000000005,319598.0,319598.0,7.225986118206811e-06,159.799,0.333024,0.3325888,0.333024,0.3331008,0.0010368628632911729,103.34903222172855,62.972998943019135,10000,0.000000000,1,31683145226323dc435335d8f44f5724a76e1c9c27fb2ea302b6b1ee009b4463,4,3,17,7,2,0,0,"static single-case binary; CUDA event includes setup/readback, clock64 covers timed window"
calibration,v2_calibration_bf16_n256_q16_batch_same_in1_same_discard_h10000000_b0_none_ops0,1,,NVIDIA Thor,11.0,580.00,13.0,1575.000,,,,mem_clock_mhz:unavailable;temperature_c:unavailable;power_w:unavailable;sm_clock_mhz:sysfs_or_default,bf16,256,16,500,3,412,batch,same,same,discard,1,10000000,0,20,none,0,1215151.0,1215150.2,1215151.0,1215151.8,8.229429922700964e-07,151.893875,0.903552,0.9022464000000001,0.903552,0.9036544,0.0010866227077031233,217.45540430777737,185.6806913160504,10000,0.000000000,1,24ef8628f65a2805e9617a253a32385fe0d5e1cf791abb68c45531c030c041d0,16,3,19,10,2,0,0,"static single-case binary; CUDA event includes setup/readback, clock64 covers timed window"
calibration,v2_calibration_bf16_n128_q32_batch_same_in0_same_discard_h0_b1_none_ops0,1,,NVIDIA Thor,11.0,580.00,13.0,1575.000,,,,mem_clock_mhz:unavailable;temperature_c:unavailable;power_w:unavailable;sm_clock_mhz:sysfs_or_default,bf16,128,32,500,3,413,batch,same,same,discard,0,0,1,1,none,0,1204453.0,1204277.8,1204453.0,1204684.2,0.0002115463217284298,75.2783125,0.860992,0.8607616,0.860992,0.861888,0.0008636581478059483,10.969342597843172,9.742956961272577,959,0.000000000,1,aea7b9b4bf18410f9915ee133de85ade6a325212c52176806f93929b802bea1e,32,3,19,10,2,0,0,"static single-case binary; CUDA event includes setup/readback, clock64 covers timed window"
calibration,v2_calibration_bf16_n128_q1_batch_ring_in0_same_discard_h10000000_b1_none_ops0,1,,NVIDIA Thor,11.0,580.00,13.0,1575.000,,,,mem_clock_mhz:unavailable;temperature_c:unavailable;power_w:unavailable;sm_clock_mhz:sysfs_or_default,bf16,128,1,500,3,414,batch,ring,same,discard,0,10000000,1,1,none,0,215643.0,215643.00000000003,215643.0,215643.0,0.0,431.286,0.23536,0.2346944,0.23536,0.2355136,0.0023147835467767592,1.9146311264450966,1.1138001359619307,500,0.000000000,1,c3928ecc3fae1402ac7d3b0761371ef36a688a8a9b908f1d1a0c2036186c52e5,1,3,17,7,2,0,0,"static single-case binary; CUDA event includes setup/readback, clock64 covers timed window"
calibration,v2_calibration_bf16_n256_q16_batch_same_in1_same_discard_h32_b0_none_ops0,1,,NVIDIA Thor,11.0,580.00,13.0,1575.000,,,,mem_clock_mhz:unavailable;temperature_c:unavailable;power_w:unavailable;sm_clock_mhz:sysfs_or_default,bf16,256,16,500,3,415,batch,same,same,discard,1,32,0,20,none,0,1236526.0,1236281.2,1236526.0,1236786.8,0.000255595947228146,154.56575,0.915584,0.9154816,0.915584,0.9176832,0.001694903428942201,213.69639781128743,183.2405983503425,29993,0.000000000,1,d5a2389f688dda64310e6e1b24ee37f5fba8d3989e01ec623a32d3f0797b585c,16,3,19,10,2,0,0,"static single-case binary; CUDA event includes setup/readback, clock64 covers timed window"
calibration,v2_calibration_fp16_n128_q4_batch_same_in0_same_discard_h32_b0_none_ops0,1,,NVIDIA Thor,11.0,580.00,13.0,1575.000,,,,mem_clock_mhz:unavailable;temperature_c:unavailable;power_w:unavailable;sm_clock_mhz:sysfs_or_default,fp16,128,4,500,3,416,batch,same,same,discard,0,32,0,20,none,0,315354.0,315318.8,315354.0,315398.0,0.00015728727259223707,157.677,0.333216,0.33219200000000004,0.333216,0.3342912,0.003937524231537242,104.73989231149756,62.936713723230575,10000,0.000000000,1,af7b27772e90b083fb7caeacec783505e21d394f850767bcbdeed887590ca15f,4,3,19,10,2,0,0,"static single-case binary; CUDA event includes setup/readback, clock64 covers timed window"
calibration,v2_calibration_fp16_n256_q64_batch_ring_in0_same_discard_h0_b1_none_ops0,1,,NVIDIA Thor,11.0,580.00,13.0,1575.000,,,,mem_clock_mhz:unavailable;temperature_c:unavailable;power_w:unavailable;sm_clock_mhz:sysfs_or_default,fp16,256,64,500,3,417,batch,ring,same,discard,0,0,1,1,none,0,4321628.0,4321584.800000001,4321628.0,4321719.2,1.9845930665701202e-05,135.050875,2.841184,2.8411584000000003,2.841184,2.8417215999999996,0.00013990971693610913,12.228778228945202,11.810017232252468,1500,0.000000000,1,164abfa829353490498f266de5451df12a63ec7a0364c525bc681da0bc0d0f50,64,3,17,7,2,0,0,"static single-case binary; CUDA event includes setup/readback, clock64 covers timed window"
calibration,v2_calibration_fp16_n128_q8_batch_same_in0_same_discard_h32_b0_none_ops0,1,,NVIDIA Thor,11.0,580.00,13.0,1575.000,,,,mem_clock_mhz:unavailable;temperature_c:unavailable;power_w:unavailable;sm_clock_mhz:sysfs_or_default,fp16,128,8,500,3,418,batch,same,same,discard,0,32,0,20,none,0,432216.0,432102.4,432216.0,432385.6,0.0004121553408124598,108.054,0.404224,0.40394240000000003,0.404224,0.4045056,0.0008708043065230941,152.84091287689486,103.76187460417987,15909,0.000000000,1,b353f0825bd4429447fb3d56a68669d95b0a94def79f82775d754a9ed41b51b4,8,3,19,10,2,0,0,"static single-case binary; CUDA event includes setup/readback, clock64 covers timed window"
calibration,v2_calibration_fp16_n256_q4_batch_same_in1_same_discard_h0_b1_none_ops0,1,,NVIDIA Thor,11.0,580.00,13.0,1575.000,,,,mem_clock_mhz:unavailable;temperature_c:unavailable;power_w:unavailable;sm_clock_mhz:sysfs_or_default,fp16,256,4,500,3,419,batch,same,same,discard,1,0,1,1,none,0,425264.0,425229.60000000003,425264.0,425415.2,0.0002901849605107023,212.632,0.367744,0.36513280000000004,0.367744,0.3684864,0.006000042898157695,7.766973926784304,5.702749738948833,1000,0.000000000,1,973ca9621e77466e7b31f3ecab20fa2ec61ab83acd6b025f38ebb98aec5b4230,4,3,19,10,2,0,0,"static single-case binary; CUDA event includes setup/readback, clock64 covers timed window"
calibration,v2_calibration_fp16_n128_q32_batch_ring_in0_same_discard_h10000000_b0_none_ops0,1,,NVIDIA Thor,11.0,580.00,13.0,1575.000,,,,mem_clock_mhz:unavailable;temperature_c:unavailable;power_w:unavailable;sm_clock_mhz:sysfs_or_default,fp16,128,32,500,3,420,batch,ring,same,discard,0,10000000,0,20,none,0,1215427.0,1215427.0,1215427.0,1215432.6,3.3251228792081543e-06,75.9641875,0.901504,0.9010176000000001,0.901504,0.903936,0.0021660365573442694,217.4060243848458,186.10251313360786,10000,0.000000000,1,2f8624b6753be97d3936e4482e4ef7fdc5debdce19501752bad5069220c51fa5,32,3,17,7,2,0,0,"static single-case binary; CUDA event includes setup/readback, clock64 covers timed window"
calibration,v2_calibration_bf16_n256_q8_batch_ring_in0_same_discard_h32_b0_none_ops0,1,,NVIDIA Thor,11.0,580.00,13.0,1575.000,,,,mem_clock_mhz:unavailable;temperature_c:unavailable;power_w:unavailable;sm_clock_mhz:sysfs_or_default,bf16,256,8,500,3,421,batch,ring,same,discard,0,32,0,20,none,0,710032.0,709990.4,710032.0,710078.3999999999,7.749948026262181e-05,177.508,0.58048,0.5803776,0.58048,0.5827583999999999,0.0028938773194868437,186.0769317439214,144.51157662624038,29995,0.000000000,1,2251aedddae2b03a7f10627dcede0e6233b090bb69ab12f141d7a2cc274115d6,8,3,17,7,2,0,0,"static single-case binary; CUDA event includes setup/readback, clock64 covers timed window"
calibration,v2_calibration_bf16_n128_q32_batch_ring_in0_same_discard_h0_b1_none_ops0,1,,NVIDIA Thor,11.0,580.00,13.0,1575.000,,,,mem_clock_mhz:unavailable;temperature_c:unavailable;power_w:unavailable;sm_clock_mhz:sysfs_or_default,bf16,128,32,500,3,422,batch,ring,same,discard,0,0,1,1,none,0,1204680.0,1204107.2000000002,1204680.0,1204953.6,0.0004482192847120794,75.2925,0.861216,0.8604480000000001,0.861216,0.8614464000000001,0.0007589600035925912,10.967275625062257,9.740422843978745,962,0.000000000,1,fac93cf39af81cb9d79afa2af521800599dadf9d49f79538128ad2f327a7d62c,32,3,17,7,2,0,0,"static single-case binary; CUDA event includes setup/readback, clock64 covers timed window"
calibration,v2_calibration_fp16_n128_q1_batch_same_in1_same_discard_h10000000_b1_none_ops0,1,,NVIDIA Thor,11.0,580.00,13.0,1575.000,,,,mem_clock_mhz:unavailable;temperature_c:unavailable;power_w:unavailable;sm_clock_mhz:sysfs_or_default,fp16,128,1,500,3,423,batch,same,same,discard,1,10000000,1,1,none,0,215654.0,215654.0,215654.0,215654.0,0.0,431.308,0.234208,0.23369600000000001,0.234208,0.2351808,0.004022094160452206,1.9145334656440407,1.1192785899713076,500,0.000000000,1,fe7d91760de48087d02f07d8ca74d577b80f6e63a3d1f81c90bf989562c84186,1,3,19,10,2,0,0,"static single-case binary; CUDA event includes setup/readback, clock64 covers timed window"
calibration,v2_calibration_bf16_n256_q64_batch_same_in0_same_discard_h0_b0_none_ops0,1,,NVIDIA Thor,11.0,580.00,13.0,1575.000,,,,mem_clock_mhz:unavailable;temperature_c:unavailable;power_w:unavailable;sm_clock_mhz:sysfs_or_default,bf16,256,64,500,3,424,batch,same,same,discard,0,0,0,20,none,0,4322946.0,4322925.2,4322946.0,4322982.0,8.309416182812762e-06,135.0920625,2.876352,2.8756096,2.876352,2.8765568,0.000216601456779979,244.5009972366067,233.31241795162762,29995,0.000000000,1,91138baedaa1d9e5f50eeddc360a03e724887be00fb632e952f5ff86ac16ad5c,64,3,19,10,2,0,0,"static single-case binary; CUDA event includes setup/readback, clock64 covers timed window"
calibration,v2_calibration_bf16_n256_q32_batch_ring_in0_same_discard_h32_b1_none_ops0,1,,NVIDIA Thor,11.0,580.00,13.0,1575.000,,,,mem_clock_mhz:unavailable;temperature_c:unavailable;power_w:unavailable;sm_clock_mhz:sysfs_or_default,bf16,256,32,500,3,425,batch,ring,same,discard,0,32,1,1,none,0,2246447.0,2246446.2,2246447.0,2246683.0,7.594227456915741e-05,140.4029375,1.525024,1.5234880000000002,1.525024,1.5256384,0.0009081040047343444,11.762625692927543,11.001279979856054,1499,0.000000000,1,ed22bb0cf278e2d9160c6d43d07c17237e38cf37c7e066d793f1d7d51f42c252,32,3,17,7,2,0,0,"static single-case binary; CUDA event includes setup/readback, clock64 covers timed window"
calibration,v2_calibration_bf16_n128_q4_batch_ring_in0_same_discard_h32_b0_none_ops0,1,,NVIDIA Thor,11.0,580.00,13.0,1575.000,,,,mem_clock_mhz:unavailable;temperature_c:unavailable;power_w:unavailable;sm_clock_mhz:sysfs_or_default,bf16,128,4,500,3,426,batch,ring,same,discard,0,32,0,20,none,0,315343.0,315304.6,315343.0,315374.2,0.00013819216445424572,157.6715,0.332608,0.33217280000000005,0.332608,0.33278720000000006,0.0011878293713315391,104.74354591666851,63.05176063113334,10000,0.000000000,1,68eaebf1237665929f506ec64012cb54aac2eed7eee84c864b89654652acd3ae,4,3,17,7,2,0,0,"static single-case binary; CUDA event includes setup/readback, clock64 covers timed window"
calibration,v2_calibration_fp16_n256_q4_batch_ring_in0_same_discard_h10000000_b0_none_ops0,1,,NVIDIA Thor,11.0,580.00,13.0,1575.000,,,,mem_clock_mhz:unavailable;temperature_c:unavailable;power_w:unavailable;sm_clock_mhz:sysfs_or_default,fp16,256,4,500,3,427,batch,ring,same,discard,0,10000000,0,20,none,0,447270.0,447268.4,447270.0,447271.60000000003,4.471571981129967e-06,223.635,0.417024,0.4154624,0.417024,0.4174336,0.003121494914943566,147.69666644308805,100.57704112952732,10000,0.000000000,1,c11ff0fd5b2d18cf9c3c3e9b608e220a43cb7727106138537fccd4692acd2922,4,3,17,7,2,0,0,"static single-case binary; CUDA event includes setup/readback, clock64 covers timed window"
calibration,v2_calibration_fp16_n256_q32_batch_same_in0_same_discard_h10000000_b1_none_ops0,1,,NVIDIA Thor,11.0,580.00,13.0,1575.000,,,,mem_clock_mhz:unavailable;temperature_c:unavailable;power_w:unavailable;sm_clock_mhz:sysfs_or_default,fp16,256,32,500,3,428,batch,same,same,discard,0,10000000,1,1,none,0,2239145.0,2239145.0,2239145.0,2239145.0,0.0,139.9465625,1.519488,1.5181056000000002,1.519488,1.519616,0.0006892259830096419,11.800984393596663,11.041361300648639,500,0.000000000,1,dc3ad0ea16f34c5de7d340c9f5fff06e987800c24b53743843ebcdaa6d5cca6f,32,3,19,10,2,0,0,"static single-case binary; CUDA event includes setup/readback, clock64 covers timed window"
calibration,v2_calibration_fp16_n128_q2_batch_same_in0_same_discard_h10000000_b1_none_ops0,1,,NVIDIA Thor,11.0,580.00,13.0,1575.000,,,,mem_clock_mhz:unavailable;temperature_c:unavailable;power_w:unavailable;sm_clock_mhz:sysfs_or_default,fp16,128,2,500,3,429,batch,same,same,discard,0,10000000,1,1,none,0,237632.0,237632.0,237632.0,237632.0,0.0,237.632,0.248064,0.24780800000000003,0.248064,0.2486016,0.0020400471545632946,3.474925935900889,2.1135190918472655,500,0.000000000,1,202641085da9f4ccc2030409325f3cbe91bc32bd1e061be1fc2d4d1172846990,2,3,19,10,2,0,0,"static single-case binary; CUDA event includes setup/readback, clock64 covers timed window"
calibration,v2_calibration_fp16_n256_q8_batch_ring_in0_same_discard_h0_b0_none_ops0,1,,NVIDIA Thor,11.0,580.00,13.0,1575.000,,,,mem_clock_mhz:unavailable;temperature_c:unavailable;power_w:unavailable;sm_clock_mhz:sysfs_or_default,fp16,256,8,500,3,430,batch,ring,same,discard,0,0,0,20,none,0,725905.0,725881.8,725905.0,725909.8,2.5784904644672353e-05,181.47625,0.59328,0.5928448000000001,0.59328,0.5938432,0.0010545624719864412,182.00808094723138,141.39374325782092,30000,0.000000000,1,ab5e190aad06142a7ff91e8afcd84b9d0ea40368d7cf14da82a35b89e68618e2,8,3,17,7,2,0,0,"static single-case binary; CUDA event includes setup/readback, clock64 covers timed window"
control,v2_control_bf16_n256_q64_empty_same_in0_same_discard_h0_b1_none_ops0,1,,NVIDIA Thor,11.0,580.00,13.0,1575.000,,,,mem_clock_mhz:unavailable;temperature_c:unavailable;power_w:unavailable;sm_clock_mhz:sysfs_or_default,bf16,256,64,1000,3,431,empty,same,same,discard,0,0,1,1,none,0,264107.0,264107.0,264107.0,264107.0,0.0,,0.265408,0.2639744,0.265408,0.2656384,0.0042542822332071566,,,0,0.000000000,1,b733a103c91526e59e057d68531709113d6cec6ed8be0b74f29b3330b45755cb,0,2,16,9,2,0,0,"static single-case binary; CUDA event includes setup/readback, clock64 covers timed window"
calibration,v2_calibration_fp16_n256_q4_batch_same_in1_same_discard_h32_b1_none_ops0,1,,NVIDIA Thor,11.0,580.00,13.0,1575.000,,,,mem_clock_mhz:unavailable;temperature_c:unavailable;power_w:unavailable;sm_clock_mhz:sysfs_or_default,fp16,256,4,500,3,432,batch,same,same,discard,1,32,1,1,none,0,432533.0,432499.4,432533.0,432560.2,8.801720440582116e-05,216.2665,0.372544,0.372288,0.372544,0.3725952,0.0005523598580097802,7.636444849294735,5.629273320735269,1001,0.000000000,1,efd7b6c79bdd2dd3f977e42824160078a80de4886d8f071523684e537fdaa4c9,4,3,19,10,2,0,0,"static single-case binary; CUDA event includes setup/readback, clock64 covers timed window"
calibration,v2_calibration_bf16_n256_q1_batch_same_in1_same_discard_h0_b1_none_ops0,1,,NVIDIA Thor,11.0,580.00,13.0,1575.000,,,,mem_clock_mhz:unavailable;temperature_c:unavailable;power_w:unavailable;sm_clock_mhz:sysfs_or_default,bf16,256,1,500,3,433,batch,same,same,discard,1,0,1,1,none,0,225128.0,225128.00000000003,225128.0,225128.0,0.0,450.256,0.241344,0.2410112,0.241344,0.24159999999999998,0.001529314758609017,3.667929355744288,2.1723680721294087,500,0.000000000,1,66ef6b09173120f1e55a162e2c418de97285821d09015b3a9a170898cb3f357b,1,3,19,10,2,0,0,"static single-case binary; CUDA event includes setup/readback, clock64 covers timed window"
calibration,v2_calibration_bf16_n256_q2_batch_same_in1_same_discard_h0_b0_none_ops0,1,,NVIDIA Thor,11.0,580.00,13.0,1575.000,,,,mem_clock_mhz:unavailable;temperature_c:unavailable;power_w:unavailable;sm_clock_mhz:sysfs_or_default,bf16,256,2,500,3,434,batch,same,same,discard,1,0,0,20,none,0,308460.0,308410.4,308460.0,309112.8,0.0015872345003120796,308.46,0.327456,0.32707200000000003,0.327456,0.3278656,0.0015149206455027221,107.08080140050573,64.04377992768494,17960,0.000000000,1,1679be704060cc4991ac1563bd4e48e0a725b09adff1bc43131c735163c91811,2,3,19,10,2,0,0,"static single-case binary; CUDA event includes setup/readback, clock64 covers timed window"
control,v2_control_bf16_n256_q64_empty_same_in0_same_discard_h10000000_b1_none_ops0,1,,NVIDIA Thor,11.0,580.00,13.0,1575.000,,,,mem_clock_mhz:unavailable;temperature_c:unavailable;power_w:unavailable;sm_clock_mhz:sysfs_or_default,bf16,256,64,1000,3,435,empty,same,same,discard,0,10000000,1,1,none,0,264108.0,264107.2,264108.0,264108.0,2.1860413083665084e-06,,0.264608,0.2593088,0.264608,0.26514560000000004,0.015354198147869381,,,0,0.000000000,1,2ce5f806f3a5d6684981897baeca113ce3f4145687ee790d97935b478626cd25,0,2,16,9,2,0,0,"static single-case binary; CUDA event includes setup/readback, clock64 covers timed window"
calibration,v2_calibration_fp16_n256_q1_batch_same_in0_same_discard_h32_b1_none_ops0,1,,NVIDIA Thor,11.0,580.00,13.0,1575.000,,,,mem_clock_mhz:unavailable;temperature_c:unavailable;power_w:unavailable;sm_clock_mhz:sysfs_or_default,fp16,256,1,500,3,436,batch,same,same,discard,0,32,1,1,none,0,248680.0,248632.80000000002,248680.0,248704.8,0.0001838582890595361,497.36,0.25488,0.25485440000000004,0.25488,0.2555712,0.00199218302871019,3.32054688756635,2.05699937225361,500,0.000000000,1,77faead213946da02a59ff4319dcd26f0d5480074efee88ece212a1b101a9cca,1,3,19,10,2,0,0,"static single-case binary; CUDA event includes setup/readback, clock64 covers timed window"
calibration,v2_calibration_fp16_n128_q2_batch_same_in0_same_discard_h0_b0_none_ops0,1,,NVIDIA Thor,11.0,580.00,13.0,1575.000,,,,mem_clock_mhz:unavailable;temperature_c:unavailable;power_w:unavailable;sm_clock_mhz:sysfs_or_default,fp16,128,2,500,3,437,batch,same,same,discard,0,0,0,20,none,0,247147.0,247140.6,247147.0,247147.0,1.8688683212847307e-05,247.147,0.287872,0.28720640000000003,0.287872,0.28828159999999997,0.0023571966929474652,66.82287059927897,36.425077812361046,10000,0.000000000,1,bde2a14f08151a948b4586e21c9a5b88b821d719276d95aa11df2200936b0f60,2,3,19,10,2,0,0,"static single-case binary; CUDA event includes setup/readback, clock64 covers timed window"
calibration,v2_calibration_fp16_n128_q32_batch_same_in1_same_discard_h32_b1_none_ops0,1,,NVIDIA Thor,11.0,580.00,13.0,1575.000,,,,mem_clock_mhz:unavailable;temperature_c:unavailable;power_w:unavailable;sm_clock_mhz:sysfs_or_default,fp16,128,32,500,3,438,batch,same,same,discard,1,32,1,1,none,0,1188717.0,1188569.0,1188717.0,1188786.6,0.00011686133883503039,74.2948125,0.851936,0.85168,0.851936,0.8529344000000001,0.00097214434549709,11.114552580639463,9.846523682530142,535,0.000000000,1,c6ba0582f5dea648caa96975b7cea6d9bf2d29f6214676719008aaafdb1e7cd2,32,3,19,10,2,0,0,"static single-case binary; CUDA event includes setup/readback, clock64 covers timed window"
calibration,v2_calibration_fp16_n128_q16_batch_ring_in0_same_discard_h10000000_b1_none_ops0,1,,NVIDIA Thor,11.0,580.00,13.0,1575.000,,,,mem_clock_mhz:unavailable;temperature_c:unavailable;power_w:unavailable;sm_clock_mhz:sysfs_or_default,fp16,128,16,500,3,439,batch,ring,same,discard,0,10000000,1,1,none,0,703422.0,703370.0,703422.0,703422.0,5.33519330584987e-05,87.92775,0.543776,0.5436224000000001,0.543776,0.5447744,0.0014369315129228774,9.391274085826147,7.713293709174366,500,0.000000000,1,98207e519a3b8d53746faade5abfcaadc4053c02efc559aa13c235f4fef889c6,16,3,17,7,2,0,0,"static single-case binary; CUDA event includes setup/readback, clock64 covers timed window"
calibration,v2_calibration_fp16_n128_q1_batch_ring_in0_same_discard_h0_b1_none_ops0,1,,NVIDIA Thor,11.0,580.00,13.0,1575.000,,,,mem_clock_mhz:unavailable;temperature_c:unavailable;power_w:unavailable;sm_clock_mhz:sysfs_or_default,fp16,128,1,500,3,440,batch,ring,same,discard,0,0,1,1,none,0,225125.0,225125.0,225125.0,225125.0,0.0,450.25,0.240928,0.2390336,0.240928,0.2415424,0.006799702801434278,1.833989117157135,1.0880595032540843,500,0.000000000,1,37f550c28ed55c1a9e818af6f7951d03a4739faf7eae3638fc1fbf2399ad88de,1,3,17,7,2,0,0,"static single-case binary; CUDA event includes setup/readback, clock64 covers timed window"
calibration,v2_calibration_fp16_n256_q4_batch_same_in0_same_discard_h32_b1_none_ops0,1,,NVIDIA Thor,11.0,580.00,13.0,1575.000,,,,mem_clock_mhz:unavailable;temperature_c:unavailable;power_w:unavailable;sm_clock_mhz:sysfs_or_default,fp16,256,4,500,3,441,batch,same,same,discard,0,32,1,1,none,0,432481.0,432481.00000000006,432481.0,432529.0,8.009464984214499e-05,216.2405,0.372192,0.37196160000000006,0.372192,0.37232,0.0006100431842068566,7.637363028664843,5.634597197145559,1000,0.000000000,1,1cad4391f853c58f5ca0754daeabaa6d2d8b82dd44af4221fc354aa184e26731,4,3,19,10,2,0,0,"static single-case binary; CUDA event includes setup/readback, clock64 covers timed window"
calibration,v2_calibration_bf16_n256_q1_batch_same_in0_same_discard_h32_b0_none_ops0,1,,NVIDIA Thor,11.0,580.00,13.0,1575.000,,,,mem_clock_mhz:unavailable;temperature_c:unavailable;power_w:unavailable;sm_clock_mhz:sysfs_or_default,bf16,256,1,500,3,442,batch,same,same,discard,0,32,0,20,none,0,249085.0,249041.0,249085.0,249164.2,0.0003132906148565974,498.17,0.289344,0.289344,0.289344,0.2910336,0.004204006814487573,66.30295682196841,36.2397699623977,10000,0.000000000,1,540003b3cc2d9ea0a0fb8c85ef6032127a1423cf7f3d00cc3cdead3433b8df19,1,3,19,10,2,0,0,"static single-case binary; CUDA event includes setup/readback, clock64 covers timed window"
calibration,v2_calibration_fp16_n128_q4_batch_ring_in0_same_discard_h32_b1_none_ops0,1,,NVIDIA Thor,11.0,580.00,13.0,1575.000,,,,mem_clock_mhz:unavailable;temperature_c:unavailable;power_w:unavailable;sm_clock_mhz:sysfs_or_default,fp16,128,4,500,3,443,batch,ring,same,discard,0,32,1,1,none,0,315248.0,315247.2,315248.0,315274.4,6.137086101119694e-05,157.624,0.296896,0.2968192,0.296896,0.29812479999999997,0.0030795411645870977,5.238755519464041,3.5317956456132786,500,0.000000000,1,5a5df16a5964f17ddd953f8401a17c7af7ce4aa5047c9029d1272803de118a0e,4,3,17,7,2,0,0,"static single-case binary; CUDA event includes setup/readback, clock64 covers timed window"
calibration,v2_calibration_bf16_n256_q2_batch_ring_in0_same_discard_h32_b1_none_ops0,1,,NVIDIA Thor,11.0,580.00,13.0,1575.000,,,,mem_clock_mhz:unavailable;temperature_c:unavailable;power_w:unavailable;sm_clock_mhz:sysfs_or_default,bf16,256,2,500,3,444,batch,ring,same,discard,0,32,1,1,none,0,295041.0,293558.60000000003,295041.0,298952.2,0.01176500840863393,295.041,0.283392,0.27781120000000004,0.283392,0.2878976,0.022322183195239848,5.597551526736962,3.700090334236676,628,0.000000000,1,1946546ba2df09ae1af6c17fb637d11b8a0ffcee7aebb2dd7d0b01f35ede5680,2,3,17,7,2,0,0,"static single-case binary; CUDA event includes setup/readback, clock64 covers timed window"
calibration,v2_calibration_fp16_n128_q8_batch_same_in1_same_discard_h0_b0_none_ops0,1,,NVIDIA Thor,11.0,580.00,13.0,1575.000,,,,mem_clock_mhz:unavailable;temperature_c:unavailable;power_w:unavailable;sm_clock_mhz:sysfs_or_default,fp16,128,8,500,3,445,batch,same,same,discard,1,0,0,20,none,0,408426.0,408390.00000000006,408426.0,408441.19999999995,8.04775455927742e-05,102.1065,0.388704,0.3882944,0.388704,0.38965120000000003,0.0022366755338272875,161.7435912503122,107.90483246892238,10000,0.000000000,1,3b9181a56143a414a1f943f562ebf1022d44245dd951590d8c83fa0269bfe19d,8,3,19,10,2,0,0,"static single-case binary; CUDA event includes setup/readback, clock64 covers timed window"
control,v2_control_fp16_n256_q1_forced_wait_same_in0_same_discard_h10000000_b1_none_ops0,1,,NVIDIA Thor,11.0,580.00,13.0,1575.000,,,,mem_clock_mhz:unavailable;temperature_c:unavailable;power_w:unavailable;sm_clock_mhz:sysfs_or_default,fp16,256,1,1000,3,446,forced_wait,same,same,discard,0,10000000,1,1,none,0,511093.0,511085.0,511093.0,511093.8,1.1901548710204111e-05,511.093,0.42128,0.4150592,0.42128,0.42197120000000005,0.011357550200620573,3.2313242404024316,2.489023927079377,1000,0.000000000,1,c12399f01df414863f36be9260a6b7744889f974911a7c81a48fa8ef21fb8824,1,3,19,10,2,0,0,"static single-case binary; CUDA event includes setup/readback, clock64 covers timed window"
calibration,v2_calibration_bf16_n128_q64_batch_ring_in0_same_discard_h32_b0_none_ops0,1,,NVIDIA Thor,11.0,580.00,13.0,1575.000,,,,mem_clock_mhz:unavailable;temperature_c:unavailable;power_w:unavailable;sm_clock_mhz:sysfs_or_default,bf16,128,64,500,3,447,batch,ring,same,discard,0,32,0,20,none,0,2222075.0,2222040.6,2222075.0,2222165.4,3.6260779101263764e-05,69.43984375,1.54064,1.5379776,1.54064,1.5410240000000002,0.001346971415672497,237.83279322255098,217.795409699865,15111,0.000000000,1,8c667bc98013039f0ed5c04bf3b614e30780e5cee503e7b6af31b5411af6c48f,64,3,17,7,2,0,0,"static single-case binary; CUDA event includes setup/readback, clock64 covers timed window"
control,v2_control_bf16_n256_q1_forced_wait_same_in0_same_discard_h10000000_b0_none_ops0,1,,NVIDIA Thor,11.0,580.00,13.0,1575.000,,,,mem_clock_mhz:unavailable;temperature_c:unavailable;power_w:unavailable;sm_clock_mhz:sysfs_or_default,bf16,256,1,1000,3,448,forced_wait,same,same,discard,0,10000000,0,20,none,0,511098.0,511096.4,511098.0,511098.0,2.2592576072514267e-06,511.098,0.455168,0.45504000000000006,0.455168,0.45578240000000003,0.0010894114407470714,64.62585257621826,46.07424071991001,20000,0.000000000,1,e08953e7b65ee9e025a036f94c3ef065c00a1f47e8b4c3339515536fee2f4e1a,1,3,19,10,2,0,0,"static single-case binary; CUDA event includes setup/readback, clock64 covers timed window"
calibration,v2_calibration_bf16_n128_q16_batch_same_in0_same_discard_h32_b1_none_ops0,1,,NVIDIA Thor,11.0,580.00,13.0,1575.000,,,,mem_clock_mhz:unavailable;temperature_c:unavailable;power_w:unavailable;sm_clock_mhz:sysfs_or_default,bf16,128,16,500,3,449,batch,same,same,discard,0,32,1,1,none,0,684731.0,684663.0,684731.0,684749.4,8.308444843367968e-05,85.591375,0.532192,0.5315264000000001,0.532192,0.5324992000000001,0.001168331545085768,9.64762629412134,7.881185737478203,963,0.000000000,1,5cdcdd0253d5fbfdf102a13f8bc4cf1add92235e4eb61719541153eef5694a19,16,3,19,10,2,0,0,"static single-case binary; CUDA event includes setup/readback, clock64 covers timed window"
calibration,v2_calibration_fp16_n128_q16_batch_same_in1_same_discard_h10000000_b0_none_ops0,1,,NVIDIA Thor,11.0,580.00,13.0,1575.000,,,,mem_clock_mhz:unavailable;temperature_c:unavailable;power_w:unavailable;sm_clock_mhz:sysfs_or_default,fp16,128,16,500,3,450,batch,same,same,discard,1,10000000,0,20,none,0,703431.0,703427.8,703431.0,703432.6,4.343074670702609e-06,87.928875,0.576352,0.5763008000000001,0.576352,0.5775808,0.0015703599360610636,187.82307859619493,145.54661040475267,10000,0.000000000,1,69018e9bfca559339dd18dbdf44cbc56d8668a7faaf0aae53c08f29dff94b0d9,16,3,19,10,2,0,0,"static single-case binary; CUDA event includes setup/readback, clock64 covers timed window"
calibration,v2_calibration_bf16_n128_q4_batch_same_in0_same_discard_h10000000_b1_none_ops0,1,,NVIDIA Thor,11.0,580.00,13.0,1575.000,,,,mem_clock_mhz:unavailable;temperature_c:unavailable;power_w:unavailable;sm_clock_mhz:sysfs_or_default,bf16,128,4,500,3,451,batch,same,same,discard,0,10000000,1,1,none,0,319600.0,319600.0,319600.0,319600.0,0.0,159.8,0.30032,0.30001279999999997,0.30032,0.3010368,0.00218590810668286,5.167419274092616,3.4915290356952586,500,0.000000000,1,aa3a014cf76625a43e39aba698d12df7beb463df45389a6defe49e984464a617,4,3,19,10,2,0,0,"static single-case binary; CUDA event includes setup/readback, clock64 covers timed window"
control,v2_control_bf16_n128_q1_commit_wait_same_in0_same_discard_h0_b1_none_ops0,1,,NVIDIA Thor,11.0,580.00,13.0,1575.000,,,,mem_clock_mhz:unavailable;temperature_c:unavailable;power_w:unavailable;sm_clock_mhz:sysfs_or_default,bf16,128,1,1000,3,452,commit_wait,same,same,discard,0,0,1,1,none,0,258144.0,258144.0,258144.0,258144.0,0.0,,0.261664,0.2615616,0.261664,0.2617408,0.0004295007644864616,,,1000,0.000000000,1,f5500534993f9d149dad7d01337e7df77fa55e8fac5dbaa682a3a133d6d2179a,0,3,19,9,2,0,0,"static single-case binary; CUDA event includes setup/readback, clock64 covers timed window"
calibration,v2_calibration_bf16_n128_q64_batch_ring_in0_same_discard_h0_b0_none_ops0,1,,NVIDIA Thor,11.0,580.00,13.0,1575.000,,,,mem_clock_mhz:unavailable;temperature_c:unavailable;power_w:unavailable;sm_clock_mhz:sysfs_or_default,bf16,128,64,500,3,453,batch,ring,same,discard,0,0,0,20,none,0,2235005.0,2234779.4000000004,2235005.0,2235153.8,0.00010543094321294363,69.84390625,1.549824,1.5436800000000002,1.549824,1.5611904,0.007155322466554749,236.45687772510578,216.50479022134124,19134,0.000000000,1,c655b66f16ff9f099fb7c592399cb2bbb7ffaf18ea9420342ed212b54874f908,64,3,17,7,2,0,0,"static single-case binary; CUDA event includes setup/readback, clock64 covers timed window"
calibration,v2_calibration_fp16_n256_q1_batch_ring_in0_same_discard_h0_b1_none_ops0,1,,NVIDIA Thor,11.0,580.00,13.0,1575.000,,,,mem_clock_mhz:unavailable;temperature_c:unavailable;power_w:unavailable;sm_clock_mhz:sysfs_or_default,fp16,256,1,500,3,454,batch,ring,same,discard,0,0,1,1,none,0,225125.0,225125.0,225125.0,225125.0,0.0,450.25,0.241184,0.241056,0.241184,0.241312,0.0006633939233116929,3.66797823431427,2.1738092079076554,500,0.000000000,1,bfae3985ac4ce605d227b51c9b7f40f026251e6f7de9d8aa333128583055c8bc,1,3,17,7,2,0,0,"static single-case binary; CUDA event includes setup/readback, clock64 covers timed window"
control,v2_control_bf16_n128_q1_forced_wait_same_in0_same_discard_h32_b0_none_ops0,1,,NVIDIA Thor,11.0,580.00,13.0,1575.000,,,,mem_clock_mhz:unavailable;temperature_c:unavailable;power_w:unavailable;sm_clock_mhz:sysfs_or_default,bf16,128,1,1000,3,455,forced_wait,same,same,discard,0,32,0,20,none,0,431198.0,431198.0,431198.0,431198.0,0.0,431.198,0.405056,0.4031872,0.405056,0.405056,0.0033360520554214473,38.30043738607322,25.887185969347446,20000,0.000000000,1,3fcdb95fa00400f40c0a25e6d42771cdf7825b5d6d40670944a652dc4c37ce47,1,3,19,10,2,0,0,"static single-case binary; CUDA event includes setup/readback, clock64 covers timed window"
calibration,v2_calibration_fp16_n256_q1_batch_ring_in0_same_discard_h0_b0_none_ops0,1,,NVIDIA Thor,11.0,580.00,13.0,1575.000,,,,mem_clock_mhz:unavailable;temperature_c:unavailable;power_w:unavailable;sm_clock_mhz:sysfs_or_default,fp16,256,1,500,3,456,batch,ring,same,discard,0,0,0,20,none,0,225130.0,225130.0,225130.0,225133.2,1.0258017142994324e-05,450.26,0.273888,0.2735552,0.273888,0.2746816,0.0026392655120741236,73.3579354150935,38.28484636055614,10000,0.000000000,1,bfae3985ac4ce605d227b51c9b7f40f026251e6f7de9d8aa333128583055c8bc,1,3,17,7,2,0,0,"static single-case binary; CUDA event includes setup/readback, clock64 covers timed window"
calibration,v2_calibration_fp16_n128_q32_batch_same_in1_same_discard_h0_b1_none_ops0,1,,NVIDIA Thor,11.0,580.00,13.0,1575.000,,,,mem_clock_mhz:unavailable;temperature_c:unavailable;power_w:unavailable;sm_clock_mhz:sysfs_or_default,fp16,128,32,500,3,457,batch,same,same,discard,1,0,1,1,none,0,1204728.0,1203578.4000000001,1204728.0,1204752.0,0.0006962345959425363,75.2955,0.86192,0.8614080000000001,0.86192,0.8619456000000001,0.00043991175807483026,10.966838655696556,9.732467050306292,960,0.000000000,1,2e2ffee89f26bac62469869ecc6411b4fbbed9440aa0d9ddb06454dc5ffe5619,32,3,19,10,2,0,0,"static single-case binary; CUDA event includes setup/readback, clock64 covers timed window"
calibration,v2_calibration_bf16_n256_q16_batch_ring_in0_same_discard_h10000000_b1_none_ops0,1,,NVIDIA Thor,11.0,580.00,13.0,1575.000,,,,mem_clock_mhz:unavailable;temperature_c:unavailable;power_w:unavailable;sm_clock_mhz:sysfs_or_default,bf16,256,16,500,3,458,batch,ring,same,discard,0,10000000,1,1,none,0,1215146.0,1215146.0,1215146.0,1215146.0,0.0,151.89325,0.869792,0.8694848,0.869792,0.8699456,0.0003372144446047368,10.872814953923232,9.644383944667231,500,0.000000000,1,601c82f9c6f02858d474654720105db9e73de2ae786b1c4cb6c96d8c119eb291,16,3,17,7,2,0,0,"static single-case binary; CUDA event includes setup/readback, clock64 covers timed window"
calibration,v2_calibration_bf16_n256_q4_batch_same_in0_same_discard_h10000000_b1_none_ops0,1,,NVIDIA Thor,11.0,580.00,13.0,1575.000,,,,mem_clock_mhz:unavailable;temperature_c:unavailable;power_w:unavailable;sm_clock_mhz:sysfs_or_default,bf16,256,4,500,3,459,batch,same,same,discard,0,10000000,1,1,none,0,447262.0,447262.00000000006,447262.0,447262.0,0.0,223.631,0.382368,0.3809600000000001,0.382368,0.3823936,0.0026860146440301847,7.38496541177207,5.484643066365385,500,0.000000000,1,877a78104d64cae680df873e601599024b462998be2d950c124c07ef1eb7b729,4,3,19,10,2,0,0,"static single-case binary; CUDA event includes setup/readback, clock64 covers timed window"
calibration,v2_calibration_fp16_n128_q4_batch_same_in0_same_discard_h10000000_b1_none_ops0,1,,NVIDIA Thor,11.0,580.00,13.0,1575.000,,,,mem_clock_mhz:unavailable;temperature_c:unavailable;power_w:unavailable;sm_clock_mhz:sysfs_or_default,fp16,128,4,500,3,460,batch,same,same,discard,0,10000000,1,1,none,0,319600.0,319600.0,319600.0,319600.0,0.0,159.8,0.300288,0.2995456,0.300288,0.30033920000000003,0.0018505975011090428,5.167419274092616,3.4919011082693947,500,0.000000000,1,62c1f5b6ca1a605d859a2040bddfdf0e74b400acb599ca40567c2c628aa22ef8,4,3,19,10,2,0,0,"static single-case binary; CUDA event includes setup/readback, clock64 covers timed window"
calibration,v2_calibration_fp16_n256_q16_batch_same_in0_same_discard_h0_b1_none_ops0,1,,NVIDIA Thor,11.0,580.00,13.0,1575.000,,,,mem_clock_mhz:unavailable;temperature_c:unavailable;power_w:unavailable;sm_clock_mhz:sysfs_or_default,fp16,256,16,500,3,461,batch,same,same,discard,0,0,1,1,none,0,1238712.0,1238708.0,1238712.0,1238755.2,2.6410915403436523e-05,154.839,0.884288,0.8830336000000001,0.884288,0.8846976,0.0012260575767930092,10.665964001317496,9.486285011218065,1500,0.000000000,1,235fcd540aa95e94b73ee732d96c3929a0fd276b3d3790517ab16df42c7b9e6f,16,3,19,10,2,0,0,"static single-case binary; CUDA event includes setup/readback, clock64 covers timed window"
control,v2_control_fp16_n128_q1_commit_wait_same_in0_same_discard_h0_b0_none_ops0,1,,NVIDIA Thor,11.0,580.00,13.0,1575.000,,,,mem_clock_mhz:unavailable;temperature_c:unavailable;power_w:unavailable;sm_clock_mhz:sysfs_or_default,fp16,128,1,1000,3,462,commit_wait,same,same,discard,0,0,0,20,none,0,258151.0,258151.00000000003,258151.0,258154.19999999998,8.945884962335558e-06,,0.295296,0.2948864,0.295296,0.2956544,0.0016268087926013866,,,20000,0.000000000,1,adf8b9b42c63e2595c29de8b6cb137d359ff0182430722853c622e8e387bfc3f,0,3,19,9,2,0,0,"static single-case binary; CUDA event includes setup/readback, clock64 covers timed window"
calibration,v2_calibration_bf16_n256_q32_batch_same_in0_same_discard_h0_b0_none_ops0,1,,NVIDIA Thor,11.0,580.00,13.0,1575.000,,,,mem_clock_mhz:unavailable;temperature_c:unavailable;power_w:unavailable;sm_clock_mhz:sysfs_or_default,bf16,256,32,500,3,463,batch,same,same,discard,0,0,0,20,none,0,2261829.0,2261791.4000000004,2261829.0,2261920.2,3.660315779879545e-05,141.3643125,1.568928,1.5686720000000003,1.568928,1.5689792,0.00013113565853715194,233.6526342177061,213.86852679026697,30000,0.000000000,1,f69ae7b4ed931fd11628437925361739e3d5d898a294a1bf5634be7d5d809d95,32,3,19,10,2,0,0,"static single-case binary; CUDA event includes setup/readback, clock64 covers timed window"
calibration,v2_calibration_fp16_n256_q16_batch_ring_in0_same_discard_h0_b1_none_ops0,1,,NVIDIA Thor,11.0,580.00,13.0,1575.000,,,,mem_clock_mhz:unavailable;temperature_c:unavailable;power_w:unavailable;sm_clock_mhz:sysfs_or_default,fp16,256,16,500,3,464,batch,ring,same,discard,0,0,1,1,none,0,1238719.0,1238446.2,1238719.0,1238794.2,0.00018479135449185255,154.839875,0.883872,0.8835904,0.883872,1.084448,0.14974753140544714,10.66590372796413,9.49074979182506,1500,0.000000000,1,7e80efa94aec113b2caf2c13d211f11c765f9799a2e91e6351d349149b894f39,16,3,17,7,2,0,0,"static single-case binary; CUDA event includes setup/readback, clock64 covers timed window"
calibration,v2_calibration_bf16_n128_q16_batch_same_in1_same_discard_h10000000_b0_none_ops0,1,,NVIDIA Thor,11.0,580.00,13.0,1575.000,,,,mem_clock_mhz:unavailable;temperature_c:unavailable;power_w:unavailable;sm_clock_mhz:sysfs_or_default,bf16,128,16,500,3,465,batch,same,same,discard,1,10000000,0,20,none,0,703427.0,703426.2000000001,703427.0,703428.6000000001,2.171546596595071e-06,87.928375,0.577024,0.575488,0.577024,0.5775872,0.0023553655765877245,187.82414664208224,145.377107364685,10000,0.000000000,1,039fcd25405737b4619accb14d76df5ead7e00641e9677a68c9a2914bbf6cd0b,16,3,19,10,2,0,0,"static single-case binary; CUDA event includes setup/readback, clock64 covers timed window"
calibration,v2_calibration_bf16_n256_q8_batch_same_in1_same_discard_h0_b1_none_ops0,1,,NVIDIA Thor,11.0,580.00,13.0,1575.000,,,,mem_clock_mhz:unavailable;temperature_c:unavailable;power_w:unavailable;sm_clock_mhz:sysfs_or_default,bf16,256,8,500,3,466,batch,same,same,discard,1,0,1,1,none,0,725562.0,725384.4,725562.0,725623.6000000001,0.00021398530320542754,181.3905,0.559552,0.5522560000000001,0.559552,0.5596288,0.009511134615319449,9.104706145029647,7.495825231613861,1500,0.000000000,1,3f62cfd6ccda1dc6d6530b1f1276af8bccb348514ca12d96323a836f78b02160,8,3,19,10,2,0,0,"static single-case binary; CUDA event includes setup/readback, clock64 covers timed window"
calibration,v2_calibration_bf16_n256_q4_batch_ring_in0_same_discard_h10000000_b1_none_ops0,1,,NVIDIA Thor,11.0,580.00,13.0,1575.000,,,,mem_clock_mhz:unavailable;temperature_c:unavailable;power_w:unavailable;sm_clock_mhz:sysfs_or_default,bf16,256,4,500,3,467,batch,ring,same,discard,0,10000000,1,1,none,0,447262.0,447252.4,447262.0,447262.8,1.6174496032651306e-05,223.631,0.382208,0.3773184,0.382208,0.38287360000000004,0.009966752933048757,7.38496541177207,5.486939048894842,500,0.000000000,1,795c1020dffe3276cb4465884d18e56120abd758d8783fcee3da073fa579cfa2,4,3,17,7,2,0,0,"static single-case binary; CUDA event includes setup/readback, clock64 covers timed window"
calibration,v2_calibration_fp16_n128_q4_batch_same_in0_same_discard_h32_b1_none_ops0,1,,NVIDIA Thor,11.0,580.00,13.0,1575.000,,,,mem_clock_mhz:unavailable;temperature_c:unavailable;power_w:unavailable;sm_clock_mhz:sysfs_or_default,fp16,128,4,500,3,468,batch,same,same,discard,0,32,1,1,none,0,315200.0,315152.0,315200.0,315251.2,0.0001967337863077311,157.6,0.29888,0.2984448,0.29888,0.3032576,0.011072162664223525,5.2395532994923855,3.5083511777301934,500,0.000000000,1,af7b27772e90b083fb7caeacec783505e21d394f850767bcbdeed887590ca15f,4,3,19,10,2,0,0,"static single-case binary; CUDA event includes setup/readback, clock64 covers timed window"
calibration,v2_calibration_bf16_n256_q2_batch_same_in0_same_discard_h32_b1_none_ops0,1,,NVIDIA Thor,11.0,580.00,13.0,1575.000,,,,mem_clock_mhz:unavailable;temperature_c:unavailable;power_w:unavailable;sm_clock_mhz:sysfs_or_default,bf16,256,2,500,3,469,batch,same,same,discard,0,32,1,1,none,0,294769.0,294405.8,294769.0,295089.0,0.0014496454586480525,294.769,0.284032,0.28369920000000004,0.284032,0.284288,0.0012994436726389913,5.602716703588233,3.691753041910771,634,0.000000000,1,8da8e2158496134a1841785cd26b03507eec1d413ea9ca712721ef460ed92a2c,2,3,19,10,2,0,0,"static single-case binary; CUDA event includes setup/readback, clock64 covers timed window"
calibration,v2_calibration_bf16_n128_q8_batch_ring_in0_same_discard_h0_b0_none_ops0,1,,NVIDIA Thor,11.0,580.00,13.0,1575.000,,,,mem_clock_mhz:unavailable;temperature_c:unavailable;power_w:unavailable;sm_clock_mhz:sysfs_or_default,bf16,128,8,500,3,470,batch,ring,same,discard,0,0,0,20,none,0,408455.0,408202.2,408455.0,408459.80000000005,0.0004510797496510752,102.11375,0.389728,0.38832,0.389728,0.3911616,0.004556961307050722,161.73210757610997,107.62131537893096,10000,0.000000000,1,6b562f2d47815fda90f30377cc3e7469b111f2ac9ee7d08840e33f9b3d3b57d2,8,3,17,7,2,0,0,"static single-case binary; CUDA event includes setup/readback, clock64 covers timed window"
calibration,v2_calibration_fp16_n128_q64_batch_ring_in0_same_discard_h10000000_b0_none_ops0,1,,NVIDIA Thor,11.0,580.00,13.0,1575.000,,,,mem_clock_mhz:unavailable;temperature_c:unavailable;power_w:unavailable;sm_clock_mhz:sysfs_or_default,fp16,128,64,500,3,471,batch,ring,same,discard,0,10000000,0,20,none,0,2245415.0,2245414.2,2245415.0,2245415.0,2.5712411954924393e-07,70.16921875,1.55472,1.5543616000000002,1.55472,1.5572032,0.0012435253257425335,235.3606366751803,215.8229906349696,10000,0.000000000,1,a92d3abadce7a9d20c4bd866bbf3790ab33e0370683867554871e0704b0bc4ca,64,3,17,7,2,0,0,"static single-case binary; CUDA event includes setup/readback, clock64 covers timed window"
calibration,v2_calibration_bf16_n256_q32_batch_ring_in0_same_discard_h10000000_b0_none_ops0,1,,NVIDIA Thor,11.0,580.00,13.0,1575.000,,,,mem_clock_mhz:unavailable;temperature_c:unavailable;power_w:unavailable;sm_clock_mhz:sysfs_or_default,bf16,256,32,500,3,472,batch,ring,same,discard,0,10000000,0,20,none,0,2239148.0,2239148.0,2239148.0,2239149.6,5.156873036475105e-07,139.94675,1.55552,1.5541376000000002,1.55552,1.5618431999999998,0.003297047046522476,236.01937165386119,215.7119934169924,10000,0.000000000,1,b30cb7e25701f5d11fe750c92a727c245fc89a10b8cce29de66c0c88b6d96c1c,32,3,17,7,2,0,0,"static single-case binary; CUDA event includes setup/readback, clock64 covers timed window"
calibration,v2_calibration_fp16_n256_q1_batch_ring_in0_same_discard_h32_b1_none_ops0,1,,NVIDIA Thor,11.0,580.00,13.0,1575.000,,,,mem_clock_mhz:unavailable;temperature_c:unavailable;power_w:unavailable;sm_clock_mhz:sysfs_or_default,fp16,256,1,500,3,473,batch,ring,same,discard,0,32,1,1,none,0,248684.0,248609.60000000003,248684.0,248694.4,0.00023250034853251265,497.368,0.254688,0.25450880000000004,0.254688,0.2555584,0.002752473920615077,3.320493477666436,2.0585500691041583,500,0.000000000,1,d61b3549aabece32ed78aeae50803fda8548decd87160fbd45f966047927606b,1,3,17,7,2,0,0,"static single-case binary; CUDA event includes setup/readback, clock64 covers timed window"
calibration,v2_calibration_bf16_n128_q64_batch_same_in1_same_discard_h10000000_b1_none_ops0,1,,NVIDIA Thor,11.0,580.00,13.0,1575.000,,,,mem_clock_mhz:unavailable;temperature_c:unavailable;power_w:unavailable;sm_clock_mhz:sysfs_or_default,bf16,128,64,500,3,474,batch,same,same,discard,1,10000000,1,1,none,0,2245909.0,2245892.2,2245909.0,2245909.0,5.398434861798129e-06,70.18465625,1.523328,1.5230976,1.523328,1.5239168,0.0003466285912785659,11.765443390627137,11.01352827493488,500,0.000000000,1,c339a660fde59cab0fca6fe8bf5451fe7ed625b9ed160586e3f183b086a119c5,64,3,19,10,2,0,0,"static single-case binary; CUDA event includes setup/readback, clock64 covers timed window"
calibration,v2_calibration_fp16_n256_q8_batch_same_in1_same_discard_h32_b1_none_ops0,1,,NVIDIA Thor,11.0,580.00,13.0,1575.000,,,,mem_clock_mhz:unavailable;temperature_c:unavailable;power_w:unavailable;sm_clock_mhz:sysfs_or_default,fp16,256,8,500,3,475,batch,same,same,discard,1,32,1,1,none,0,708103.0,708004.6,708103.0,708540.6,0.0005035832296826875,177.02575,0.547616,0.5465408,0.547616,0.5479232,0.0016578900635862994,9.329191939590709,7.659206451235902,1499,0.000000000,1,9051e70ea8cd3a8c79fd97023df9ec1ece94a7e12ec945e593867c4f7dbe1859,8,3,19,10,2,0,0,"static single-case binary; CUDA event includes setup/readback, clock64 covers timed window"
calibration,v2_calibration_bf16_n256_q16_batch_ring_in0_same_discard_h32_b0_none_ops0,1,,NVIDIA Thor,11.0,580.00,13.0,1575.000,,,,mem_clock_mhz:unavailable;temperature_c:unavailable;power_w:unavailable;sm_clock_mhz:sysfs_or_default,bf16,256,16,500,3,476,batch,ring,same,discard,0,32,0,20,none,0,1235703.0,1235664.6,1235703.0,1235927.8,0.00014381177965810387,154.462875,0.916608,0.9159424,0.916608,0.9170688,0.0007723411397531118,213.83872338256037,183.03588884234046,29998,0.000000000,1,0a0d5f3df4b4aed6897073d372e3796fcde07996e14b0cc98299b8467e9dbf7f,16,3,17,7,2,0,0,"static single-case binary; CUDA event includes setup/readback, clock64 covers timed window"
calibration,v2_calibration_bf16_n128_q4_batch_same_in0_same_discard_h32_b0_none_ops0,1,,NVIDIA Thor,11.0,580.00,13.0,1575.000,,,,mem_clock_mhz:unavailable;temperature_c:unavailable;power_w:unavailable;sm_clock_mhz:sysfs_or_default,bf16,128,4,500,3,477,batch,same,same,discard,0,32,0,20,none,0,315354.0,315338.8,315354.0,315368.4,5.8671434871019594e-05,157.677,0.331744,0.3309504,0.331744,0.3318464,0.0018495118807364424,104.73989231149756,63.21597376290151,10000,0.000000000,1,b4a4f270d8aac0d6a4b86c1760d178a06a47d97c9224de9d4664902a7e7f3d57,4,3,19,10,2,0,0,"static single-case binary; CUDA event includes setup/readback, clock64 covers timed window"
calibration,v2_calibration_bf16_n256_q16_batch_ring_in0_same_discard_h0_b1_none_ops0,1,,NVIDIA Thor,11.0,580.00,13.0,1575.000,,,,mem_clock_mhz:unavailable;temperature_c:unavailable;power_w:unavailable;sm_clock_mhz:sysfs_or_default,bf16,256,16,500,3,478,batch,ring,same,discard,0,0,1,1,none,0,1238740.0,1238570.4,1238740.0,1238755.2,0.00010352626112326934,154.8425,0.884192,0.8838592000000001,0.884192,0.88432,0.000336305962834447,10.665722911991217,9.487314972313705,1500,0.000000000,1,97041a66b1b480dee878a61bb8873198922e3a0786c7d80f8d629dc3a54b7f30,16,3,17,7,2,0,0,"static single-case binary; CUDA event includes setup/readback, clock64 covers timed window"
calibration,v2_calibration_fp16_n128_q1_batch_ring_in0_same_discard_h0_b0_none_ops0,1,,NVIDIA Thor,11.0,580.00,13.0,1575.000,,,,mem_clock_mhz:unavailable;temperature_c:unavailable;power_w:unavailable;sm_clock_mhz:sysfs_or_default,fp16,128,1,500,3,479,batch,ring,same,discard,0,0,0,20,none,0,225132.0,225130.4,225132.0,225132.80000000002,6.785030530216896e-06,450.264,0.27408,0.27277440000000003,0.27408,0.2802496,0.018075634810310895,36.67864186344012,19.12901342673672,10000,0.000000000,1,37f550c28ed55c1a9e818af6f7951d03a4739faf7eae3638fc1fbf2399ad88de,1,3,17,7,2,0,0,"static single-case binary; CUDA event includes setup/readback, clock64 covers timed window"
calibration,v2_calibration_bf16_n128_q4_batch_ring_in0_same_discard_h32_b1_none_ops0,1,,NVIDIA Thor,11.0,580.00,13.0,1575.000,,,,mem_clock_mhz:unavailable;temperature_c:unavailable;power_w:unavailable;sm_clock_mhz:sysfs_or_default,bf16,128,4,500,3,480,batch,ring,same,discard,0,32,1,1,none,0,315191.0,315176.60000000003,315191.0,315283.0,0.00022890096728807782,157.5955,0.29744,0.2973888,0.29744,0.29872,0.00316419715662253,5.239702910298835,3.5253362022592794,500,0.000000000,1,68eaebf1237665929f506ec64012cb54aac2eed7eee84c864b89654652acd3ae,4,3,17,7,2,0,0,"static single-case binary; CUDA event includes setup/readback, clock64 covers timed window"
calibration,v2_calibration_fp16_n128_q2_batch_ring_in0_same_discard_h32_b0_none_ops0,1,,NVIDIA Thor,11.0,580.00,13.0,1575.000,,,,mem_clock_mhz:unavailable;temperature_c:unavailable;power_w:unavailable;sm_clock_mhz:sysfs_or_default,fp16,128,2,500,3,481,batch,ring,same,discard,0,32,0,20,none,0,237653.0,237652.2,237653.0,237654.59999999998,6.427535478786805e-06,237.653,0.28176,0.2815296,0.28176,0.28219520000000003,0.001499095660624327,69.4923775420466,37.21521862578081,10000,0.000000000,1,e1ed2bfe2ea343e31d4357b8f7b15d54298c136ee43d3a0cfc2c2ec778699035,2,3,17,7,2,0,0,"static single-case binary; CUDA event includes setup/readback, clock64 covers timed window"
calibration,v2_calibration_fp16_n256_q2_batch_same_in0_same_discard_h32_b1_none_ops0,1,,NVIDIA Thor,11.0,580.00,13.0,1575.000,,,,mem_clock_mhz:unavailable;temperature_c:unavailable;power_w:unavailable;sm_clock_mhz:sysfs_or_default,fp16,256,2,500,3,482,batch,same,same,discard,0,32,1,1,none,0,295214.0,293872.4,295214.0,295814.8,0.004215189242675007,295.214,0.28608,0.2845184,0.28608,0.28613120000000003,0.004014388339431805,5.594271274397555,3.6653243847874717,670,0.000000000,1,cbd4bf63a1e27ae7244edfb3fdb5a169663f95170ab8a5ad113bc257082215ab,2,3,19,10,2,0,0,"static single-case binary; CUDA event includes setup/readback, clock64 covers timed window"
calibration,v2_calibration_fp16_n256_q64_batch_same_in1_same_discard_h10000000_b0_none_ops0,1,,NVIDIA Thor,11.0,580.00,13.0,1575.000,,,,mem_clock_mhz:unavailable;temperature_c:unavailable;power_w:unavailable;sm_clock_mhz:sysfs_or_default,fp16,256,64,500,3,483,batch,same,same,discard,1,10000000,0,20,none,0,4293637.0,4293635.4,4293637.0,4293639.399999999,5.861257677461619e-07,134.17615625,3.263136,3.2617024,3.263136,3.2634432,0.00035597960183259063,246.16999713762485,205.65757602502626,10000,0.000000000,1,a90fbbc37bef1fb3e6998efc2d03670b8ed3a5c73e46fff4c4168b9c85bb7243,64,3,19,10,2,0,0,"static single-case binary; CUDA event includes setup/readback, clock64 covers timed window"
control,v2_control_bf16_n128_q64_empty_same_in0_same_discard_h32_b0_none_ops0,1,,NVIDIA Thor,11.0,580.00,13.0,1575.000,,,,mem_clock_mhz:unavailable;temperature_c:unavailable;power_w:unavailable;sm_clock_mhz:sysfs_or_default,bf16,128,64,1000,3,484,empty,same,same,discard,0,32,0,20,none,0,264114.0,264110.0,264114.0,264116.4,1.5301960841282963e-05,,0.298144,0.29781120000000005,0.298144,0.29868160000000005,0.0018408539979910782,,,0,0.000000000,1,890ac70aa9cea6e6ced01c726f528115f5a55fa15315c2c84322c527b2b4a06e,0,2,16,9,2,0,0,"static single-case binary; CUDA event includes setup/readback, clock64 covers timed window"
calibration,v2_calibration_bf16_n128_q32_batch_same_in0_same_discard_h32_b0_none_ops0,1,,NVIDIA Thor,11.0,580.00,13.0,1575.000,,,,mem_clock_mhz:unavailable;temperature_c:unavailable;power_w:unavailable;sm_clock_mhz:sysfs_or_default,bf16,128,32,500,3,485,batch,same,same,discard,0,32,0,20,none,0,1189073.0,1188986.6,1189073.0,1189120.2,7.122421647862822e-05,74.3170625,0.88352,0.8832128,0.88352,0.8841088,0.000644092735334164,222.22449925277925,189.89061934081857,12865,0.000000000,1,4b8a325e0dd6dc2617010b7ab493633fe858dfebb81955a1a496a9cca1432e5c,32,3,19,10,2,0,0,"static single-case binary; CUDA event includes setup/readback, clock64 covers timed window"
control,v2_control_fp16_n256_q64_empty_same_in0_same_discard_h0_b0_none_ops0,1,,NVIDIA Thor,11.0,580.00,13.0,1575.000,,,,mem_clock_mhz:unavailable;temperature_c:unavailable;power_w:unavailable;sm_clock_mhz:sysfs_or_default,fp16,256,64,1000,3,486,empty,same,same,discard,0,0,0,20,none,0,264117.0,264114.60000000003,264117.0,264117.0,6.557917004531635e-06,,0.299712,0.2996608,0.299712,0.30047999999999997,0.0019120144577613066,,,0,0.000000000,1,ef888c4db66b1692d11972ace8c56fb72ad6f2a5e93243529d29bb93f6de2ef1,0,2,16,9,2,0,0,"static single-case binary; CUDA event includes setup/readback, clock64 covers timed window"
calibration,v2_calibration_fp16_n128_q32_batch_ring_in0_same_discard_h32_b0_none_ops0,1,,NVIDIA Thor,11.0,580.00,13.0,1575.000,,,,mem_clock_mhz:unavailable;temperature_c:unavailable;power_w:unavailable;sm_clock_mhz:sysfs_or_default,fp16,128,32,500,3,487,batch,ring,same,discard,0,32,0,20,none,0,1188848.0,1188758.4000000001,1188848.0,1188977.5999999999,0.00011587377958576665,74.303,0.884992,0.8845824000000001,0.884992,0.8865792,0.0014888587038793543,222.2665572049581,189.57477581718254,12438,0.000000000,1,3960d26b0935f5a36216c6e7047ea2d47c421709f34c329794a107de2d7ba600,32,3,17,7,2,0,0,"static single-case binary; CUDA event includes setup/readback, clock64 covers timed window"
control,v2_control_fp16_n128_q64_empty_same_in0_same_discard_h32_b1_none_ops0,1,,NVIDIA Thor,11.0,580.00,13.0,1575.000,,,,mem_clock_mhz:unavailable;temperature_c:unavailable;power_w:unavailable;sm_clock_mhz:sysfs_or_default,fp16,128,64,1000,3,488,empty,same,same,discard,0,32,1,1,none,0,264107.0,264107.0,264107.0,264107.0,0.0,,0.265664,0.2654848,0.265664,0.2658176,0.0007837470907826484,,,0,0.000000000,1,aef31760af5e42d116c3b1b7b08a53c2a3c18fd51fe5aaa06601cabd6ee29e18,0,2,16,9,2,0,0,"static single-case binary; CUDA event includes setup/readback, clock64 covers timed window"
calibration,v2_calibration_fp16_n128_q4_batch_ring_in0_same_discard_h0_b0_none_ops0,1,,NVIDIA Thor,11.0,580.00,13.0,1575.000,,,,mem_clock_mhz:unavailable;temperature_c:unavailable;power_w:unavailable;sm_clock_mhz:sysfs_or_default,fp16,128,4,500,3,489,batch,ring,same,discard,0,0,0,20,none,0,291157.0,291156.2,291157.0,291160.2,9.08699507162637e-06,145.5785,0.315104,0.3137472,0.315104,0.3156928,0.003962015913368905,113.4444440628252,66.55428049152026,10000,0.000000000,1,cfcfeb57f1ca70cfde38c73af289b816d62d0ca7011a602f7ec75ac7c20fb5ee,4,3,17,7,2,0,0,"static single-case binary; CUDA event includes setup/readback, clock64 covers timed window"
calibration,v2_calibration_bf16_n256_q32_batch_same_in1_same_discard_h0_b0_none_ops0,1,,NVIDIA Thor,11.0,580.00,13.0,1575.000,,,,mem_clock_mhz:unavailable;temperature_c:unavailable;power_w:unavailable;sm_clock_mhz:sysfs_or_default,bf16,256,32,500,3,490,batch,same,same,discard,1,0,0,20,none,0,2262050.0,2261892.4000000004,2262050.0,2262246.0,9.789014249274739e-05,141.378125,1.567264,1.5665984000000002,1.567264,1.5680064,0.0005617549304666378,233.62980659136625,214.09559589194927,29998,0.000000000,1,fb7793caf1001b7ac5e929e07b3c2cec1207364832e76de3f5cad09498c1e391,32,3,19,10,2,0,0,"static single-case binary; CUDA event includes setup/readback, clock64 covers timed window"
calibration,v2_calibration_fp16_n128_q64_batch_ring_in0_same_discard_h0_b0_none_ops0,1,,NVIDIA Thor,11.0,580.00,13.0,1575.000,,,,mem_clock_mhz:unavailable;temperature_c:unavailable;power_w:unavailable;sm_clock_mhz:sysfs_or_default,fp16,128,64,500,3,491,batch,ring,same,discard,0,0,0,20,none,0,2235042.0,2234559.6,2235042.0,2235103.6,0.00016661658839438334,69.8450625,1.550528,1.5492992,1.550528,1.5509888,0.0007042656307997963,236.4529633000185,216.40648862838984,19148,0.000000000,1,9aa0887b05f614c727996c96fa33d935cbd51edbd95706169850c480afa6714b,64,3,17,7,2,0,0,"static single-case binary; CUDA event includes setup/readback, clock64 covers timed window"
calibration,v2_calibration_bf16_n256_q32_batch_same_in0_same_discard_h10000000_b1_none_ops0,1,,NVIDIA Thor,11.0,580.00,13.0,1575.000,,,,mem_clock_mhz:unavailable;temperature_c:unavailable;power_w:unavailable;sm_clock_mhz:sysfs_or_default,bf16,256,32,500,3,492,batch,same,same,discard,0,10000000,1,1,none,0,2239146.0,2239145.2,2239146.0,2239146.0,2.5784399728183193e-07,139.946625,1.519584,1.5187136000000003,1.519584,1.5224512000000001,0.0016078487365381558,11.800979123290753,11.040663760608165,500,0.000000000,1,c6be3f5e47e45a66fcb128fb0c59cdce90a2e81a6bbf9c55349fd3c15273462f,32,3,19,10,2,0,0,"static single-case binary; CUDA event includes setup/readback, clock64 covers timed window"
calibration,v2_calibration_fp16_n256_q8_batch_same_in1_same_discard_h0_b0_none_ops0,1,,NVIDIA Thor,11.0,580.00,13.0,1575.000,,,,mem_clock_mhz:unavailable;temperature_c:unavailable;power_w:unavailable;sm_clock_mhz:sysfs_or_default,fp16,256,8,500,3,493,batch,same,same,discard,1,0,0,20,none,0,725901.0,725884.2,725901.0,725967.4,7.575740136330353e-05,181.47525,0.592416,0.5914176,0.592416,0.5926720000000001,0.0013992503858138445,182.00908388333946,141.59995678712255,29994,0.000000000,1,8dca61d626d3570226d6885db183e49aa66cdf1a2c628ae03d75bed8fffd276d,8,3,19,10,2,0,0,"static single-case binary; CUDA event includes setup/readback, clock64 covers timed window"
calibration,v2_calibration_bf16_n256_q16_batch_ring_in0_same_discard_h10000000_b0_none_ops0,1,,NVIDIA Thor,11.0,580.00,13.0,1575.000,,,,mem_clock_mhz:unavailable;temperature_c:unavailable;power_w:unavailable;sm_clock_mhz:sysfs_or_default,bf16,256,16,500,3,494,batch,ring,same,discard,0,10000000,0,20,none,0,1215149.0,1215148.2,1215149.0,1215153.0,2.6453930558915636e-06,151.893625,0.903232,0.9005184,0.903232,0.90336,0.0022237382721675726,217.45576221516868,185.7464748813151,10000,0.000000000,1,601c82f9c6f02858d474654720105db9e73de2ae786b1c4cb6c96d8c119eb291,16,3,17,7,2,0,0,"static single-case binary; CUDA event includes setup/readback, clock64 covers timed window"
calibration,v2_calibration_bf16_n256_q64_batch_ring_in0_same_discard_h0_b0_none_ops0,1,,NVIDIA Thor,11.0,580.00,13.0,1575.000,,,,mem_clock_mhz:unavailable;temperature_c:unavailable;power_w:unavailable;sm_clock_mhz:sysfs_or_default,bf16,256,64,500,3,495,batch,ring,same,discard,0,0,0,20,none,0,4321860.0,4321855.2,4321860.0,4322101.6,4.074943762306454e-05,135.058125,2.876896,2.8751296,2.876896,2.8771008,0.0004710135946555345,244.5624356179978,233.26830027918982,30000,0.000000000,1,23d985361ba5e75b8edc4310e79ec72d7ce5e6e11ad74d01a1344770128d5df4,64,3,17,7,2,0,0,"static single-case binary; CUDA event includes setup/readback, clock64 covers timed window"
calibration,v2_calibration_bf16_n256_q2_batch_same_in0_same_discard_h32_b0_none_ops0,1,,NVIDIA Thor,11.0,580.00,13.0,1575.000,,,,mem_clock_mhz:unavailable;temperature_c:unavailable;power_w:unavailable;sm_clock_mhz:sysfs_or_default,bf16,256,2,500,3,496,batch,same,same,discard,0,32,0,20,none,0,302684.0,302062.4,302684.0,302804.8,0.0016462437371245573,302.684,0.322464,0.3217728,0.322464,0.32407679999999994,0.004577699767570815,109.1241823155502,65.03522873871194,15130,0.000000000,1,8da8e2158496134a1841785cd26b03507eec1d413ea9ca712721ef460ed92a2c,2,3,19,10,2,0,0,"static single-case binary; CUDA event includes setup/readback, clock64 covers timed window"
calibration,v2_calibration_fp16_n256_q32_batch_ring_in0_same_discard_h0_b0_none_ops0,1,,NVIDIA Thor,11.0,580.00,13.0,1575.000,,,,mem_clock_mhz:unavailable;temperature_c:unavailable;power_w:unavailable;sm_clock_mhz:sysfs_or_default,fp16,256,32,500,3,497,batch,ring,same,discard,0,0,0,20,none,0,2261874.0,2261807.6,2261874.0,2261879.6,2.2133794365088376e-05,141.367125,1.567744,1.5675392000000001,1.567744,1.5681536,0.00024941902220412826,233.647985696816,214.0300457217505,30000,0.000000000,1,8c607b4138747f87ab658f040d45d03f0fdbf80f461533e81d5c59116f123973,32,3,17,7,2,0,0,"static single-case binary; CUDA event includes setup/readback, clock64 covers timed window"
calibration,v2_calibration_fp16_n256_q1_batch_same_in0_same_discard_h32_b0_none_ops0,1,,NVIDIA Thor,11.0,580.00,13.0,1575.000,,,,mem_clock_mhz:unavailable;temperature_c:unavailable;power_w:unavailable;sm_clock_mhz:sysfs_or_default,fp16,256,1,500,3,498,batch,same,same,discard,0,32,0,20,none,0,249043.0,248985.40000000002,249043.0,249135.8,0.0003808526574023936,498.086,0.288096,0.28801920000000003,0.288096,0.2907328,0.0066787871256514504,66.31413852226322,36.39675663667666,10000,0.000000000,1,77faead213946da02a59ff4319dcd26f0d5480074efee88ece212a1b101a9cca,1,3,19,10,2,0,0,"static single-case binary; CUDA event includes setup/readback, clock64 covers timed window"
calibration,v2_calibration_bf16_n256_q16_batch_same_in1_same_discard_h0_b1_none_ops0,1,,NVIDIA Thor,11.0,580.00,13.0,1575.000,,,,mem_clock_mhz:unavailable;temperature_c:unavailable;power_w:unavailable;sm_clock_mhz:sysfs_or_default,bf16,256,16,500,3,499,batch,same,same,discard,1,0,1,1,none,0,1238717.0,1238442.6,1238717.0,1238763.4,0.00017497131968026918,154.839625,0.884288,0.8831872000000001,0.884288,0.8848,0.0011652697864525448,10.665920948852724,9.486285011218065,1498,0.000000000,1,5adf26d5ff06d5920cf44a22426e24464501b10bc62c29c5e3bae7df89e1424e,16,3,19,10,2,0,0,"static single-case binary; CUDA event includes setup/readback, clock64 covers timed window"
calibration,v2_calibration_fp16_n128_q2_batch_ring_in0_same_discard_h10000000_b0_none_ops0,1,,NVIDIA Thor,11.0,580.00,13.0,1575.000,,,,mem_clock_mhz:unavailable;temperature_c:unavailable;power_w:unavailable;sm_clock_mhz:sysfs_or_default,fp16,128,2,500,3,500,batch,ring,same,discard,0,10000000,0,20,none,0,237654.0,237653.2,237654.0,237654.8,4.207797891051697e-06,237.654,0.283104,0.28205440000000004,0.283104,0.28320639999999997,0.0028191773080626053,69.49208513216693,37.038544139256246,10000,0.000000000,1,4794d891f8ceb19c38236a8e59c87179d14f6d91a3584d6776fa7154872bf9bf,2,3,17,7,2,0,0,"static single-case binary; CUDA event includes setup/readback, clock64 covers timed window"
calibration,v2_calibration_fp16_n256_q16_batch_same_in1_same_discard_h32_b0_none_ops0,1,,NVIDIA Thor,11.0,580.00,13.0,1575.000,,,,mem_clock_mhz:unavailable;temperature_c:unavailable;power_w:unavailable;sm_clock_mhz:sysfs_or_default,fp16,256,16,500,3,501,batch,same,same,discard,1,32,0,20,none,0,1236021.0,1235601.0,1236021.0,1236265.0,0.0003396837314837148,154.502625,0.914432,0.9144064000000001,0.914432,0.9149696,0.0004346374295280321,213.78370755836673,183.47144456886898,29964,0.000000000,1,d4129a774ae4e60330d70cf4b3b723a2bea54bc1afd3ec87d913c8affddc9feb,16,3,19,10,2,0,0,"static single-case binary; CUDA event includes setup/readback, clock64 covers timed window"
calibration,v2_calibration_fp16_n256_q2_batch_same_in0_same_discard_h10000000_b1_none_ops0,1,,NVIDIA Thor,11.0,580.00,13.0,1575.000,,,,mem_clock_mhz:unavailable;temperature_c:unavailable;power_w:unavailable;sm_clock_mhz:sysfs_or_default,fp16,256,2,500,3,502,batch,same,same,discard,0,10000000,1,1,none,0,319431.0,319431.0,319431.0,319431.0,0.0,319.431,0.300672,0.30026240000000004,0.300672,0.300672,0.0009837005864369837,5.170153178620735,3.4874414644529588,500,0.000000000,1,91554b60a283973dce439745564fe13b6dc675b3e2946338fc1a293b1fdb7e9b,2,3,19,10,2,0,0,"static single-case binary; CUDA event includes setup/readback, clock64 covers timed window"
calibration,v2_calibration_bf16_n256_q2_batch_ring_in0_same_discard_h32_b0_none_ops0,1,,NVIDIA Thor,11.0,580.00,13.0,1575.000,,,,mem_clock_mhz:unavailable;temperature_c:unavailable;power_w:unavailable;sm_clock_mhz:sysfs_or_default,bf16,256,2,500,3,503,batch,ring,same,discard,0,32,0,20,none,0,302279.0,301634.2,302279.0,302617.4,0.002066405398167757,302.279,0.32176,0.32119680000000006,0.32176,0.32206719999999994,0.0017154723470571768,109.2703892761323,65.1775236200895,15084,0.000000000,1,1946546ba2df09ae1af6c17fb637d11b8a0ffcee7aebb2dd7d0b01f35ede5680,2,3,17,7,2,0,0,"static single-case binary; CUDA event includes setup/readback, clock64 covers timed window"
calibration,v2_calibration_bf16_n256_q1_batch_same_in1_same_discard_h10000000_b1_none_ops0,1,,NVIDIA Thor,11.0,580.00,13.0,1575.000,,,,mem_clock_mhz:unavailable;temperature_c:unavailable;power_w:unavailable;sm_clock_mhz:sysfs_or_default,bf16,256,1,500,3,504,batch,same,same,discard,1,10000000,1,1,none,0,255593.0,255593.00000000003,255593.0,255593.0,0.0,511.186,0.259168,0.25911680000000004,0.259168,0.2595008,0.0010051663421811752,3.2307363660194137,2.0229657982466973,500,0.000000000,1,d7c135f0a9a32efa7e5c6c35054f172b7b279063101237657cd7a1cd7ed205b5,1,3,19,10,2,0,0,"static single-case binary; CUDA event includes setup/readback, clock64 covers timed window"
calibration,v2_calibration_bf16_n256_q8_batch_same_in0_same_discard_h10000000_b0_none_ops0,1,,NVIDIA Thor,11.0,580.00,13.0,1575.000,,,,mem_clock_mhz:unavailable;temperature_c:unavailable;power_w:unavailable;sm_clock_mhz:sysfs_or_default,bf16,256,8,500,3,505,batch,same,same,discard,0,10000000,0,20,none,0,703148.0,703146.4,703148.0,703148.0,1.642188604919099e-06,175.787,0.578144,0.5778112000000001,0.578144,0.5782208,0.000470829134807332,187.89867282563557,145.0954779432114,10000,0.000000000,1,a318e1e30accf7187d541cf4646627d4925beb6beab1c72a70073e2707e51630,8,3,19,10,2,0,0,"static single-case binary; CUDA event includes setup/readback, clock64 covers timed window"
calibration,v2_calibration_bf16_n128_q1_batch_same_in0_same_discard_h10000000_b0_none_ops0,1,,NVIDIA Thor,11.0,580.00,13.0,1575.000,,,,mem_clock_mhz:unavailable;temperature_c:unavailable;power_w:unavailable;sm_clock_mhz:sysfs_or_default,bf16,128,1,500,3,506,batch,same,same,discard,0,10000000,0,20,none,0,215662.0,215662.0,215662.0,215662.80000000002,2.677102951943203e-06,431.324,0.275808,0.26881920000000004,0.275808,0.2879424,0.04351602097736548,38.28924891728723,19.009165796496113,10000,0.000000000,1,c363da1fd33f218e45521d14b7b7f3cabc847ba8c2fe39330a58fb8b2ecf18fa,1,3,19,10,2,0,0,"static single-case binary; CUDA event includes setup/readback, clock64 covers timed window"
calibration,v2_calibration_fp16_n256_q16_batch_same_in1_same_discard_h0_b0_none_ops0,1,,NVIDIA Thor,11.0,580.00,13.0,1575.000,,,,mem_clock_mhz:unavailable;temperature_c:unavailable;power_w:unavailable;sm_clock_mhz:sysfs_or_default,fp16,256,16,500,3,507,batch,same,same,discard,1,0,0,20,none,0,1238005.0,1237943.4,1238005.0,1238379.4,0.00023822226899330187,154.750625,0.917824,0.9172096,0.917824,0.92,0.001995454294264332,213.4411024188109,182.79338958231645,30000,0.000000000,1,bffefff912f113ddbcc6e00b987ff97fd019162953ea1317a6590982dddd9809,16,3,19,10,2,0,0,"static single-case binary; CUDA event includes setup/readback, clock64 covers timed window"
calibration,v2_calibration_fp16_n256_q8_batch_same_in0_same_discard_h32_b0_none_ops0,1,,NVIDIA Thor,11.0,580.00,13.0,1575.000,,,,mem_clock_mhz:unavailable;temperature_c:unavailable;power_w:unavailable;sm_clock_mhz:sysfs_or_default,fp16,256,8,500,3,508,batch,same,same,discard,0,32,0,20,none,0,709786.0,709778.8,709786.0,709926.0,0.00014613410305158503,177.4465,0.582336,0.5798784,0.582336,0.582336,0.0030510638468679635,186.14142290774964,144.05099461479284,30000,0.000000000,1,73ed6744dd2c7f0fce3d83b9925cbc647d2f5379d493d9bec09c6d1a299bfab2,8,3,19,10,2,0,0,"static single-case binary; CUDA event includes setup/readback, clock64 covers timed window"
calibration,v2_calibration_bf16_n128_q8_batch_same_in1_same_discard_h10000000_b1_none_ops0,1,,NVIDIA Thor,11.0,580.00,13.0,1575.000,,,,mem_clock_mhz:unavailable;temperature_c:unavailable;power_w:unavailable;sm_clock_mhz:sysfs_or_default,bf16,128,8,500,3,509,batch,same,same,discard,1,10000000,1,1,none,0,447441.0,447381.00000000006,447441.0,447441.0,9.67807816198391e-05,111.86025,0.381984,0.3816256,0.381984,0.3825472,0.00151993719409431,7.382011036091909,5.4901566557761585,500,0.000000000,1,624e408bd969c617c491940e51fac6bbcdfdfedc033b632e706a2e9a35d766aa,8,3,19,10,2,0,0,"static single-case binary; CUDA event includes setup/readback, clock64 covers timed window"
calibration,v2_calibration_fp16_n128_q64_batch_same_in1_same_discard_h10000000_b1_none_ops0,1,,NVIDIA Thor,11.0,580.00,13.0,1575.000,,,,mem_clock_mhz:unavailable;temperature_c:unavailable;power_w:unavailable;sm_clock_mhz:sysfs_or_default,fp16,128,64,500,3,510,batch,same,same,discard,1,10000000,1,1,none,0,2245909.0,2245909.0,2245909.0,2245909.8,2.570674873739155e-07,70.18465625,1.523872,1.5238208000000002,1.523872,1.525024,0.0005579247691567314,11.765443390627137,11.009596606539132,500,0.000000000,1,1cc85f7c482ce0ccb21364f93c9c850b51243a869ddb76ea40067cd12daf2b34,64,3,19,10,2,0,0,"static single-case binary; CUDA event includes setup/readback, clock64 covers timed window"
calibration,v2_calibration_bf16_n256_q1_batch_same_in0_same_discard_h10000000_b1_none_ops0,1,,NVIDIA Thor,11.0,580.00,13.0,1575.000,,,,mem_clock_mhz:unavailable;temperature_c:unavailable;power_w:unavailable;sm_clock_mhz:sysfs_or_default,bf16,256,1,500,3,511,batch,same,same,discard,0,10000000,1,1,none,0,255593.0,255593.00000000003,255593.0,255593.0,0.0,511.186,0.25904,0.25891200000000003,0.25904,0.25947519999999996,0.0014239489560032748,3.2307363660194137,2.023965410747375,500,0.000000000,1,493a096a67e41b1fdc9b8feeaf0a73ca77bc66f6ccc311512fe059d7480088a9,1,3,19,10,2,0,0,"static single-case binary; CUDA event includes setup/readback, clock64 covers timed window"
calibration,v2_calibration_bf16_n256_q16_batch_same_in1_same_discard_h32_b1_none_ops0,1,,NVIDIA Thor,11.0,580.00,13.0,1575.000,,,,mem_clock_mhz:unavailable;temperature_c:unavailable;power_w:unavailable;sm_clock_mhz:sysfs_or_default,bf16,256,16,500,3,512,batch,same,same,discard,1,32,1,1,none,0,1237409.0,1237267.4000000001,1237409.0,1237593.8,0.00016533882106946929,154.676125,0.8832,0.8820992000000001,0.8832,0.8932351999999999,0.008648348419525671,10.67719533315177,9.497971014492753,1499,0.000000000,1,d5a2389f688dda64310e6e1b24ee37f5fba8d3989e01ec623a32d3f0797b585c,16,3,19,10,2,0,0,"static single-case binary; CUDA event includes setup/readback, clock64 covers timed window"
calibration,v2_calibration_bf16_n256_q64_batch_same_in1_same_discard_h10000000_b0_none_ops0,1,,NVIDIA Thor,11.0,580.00,13.0,1575.000,,,,mem_clock_mhz:unavailable;temperature_c:unavailable;power_w:unavailable;sm_clock_mhz:sysfs_or_default,bf16,256,64,500,3,513,batch,same,same,discard,1,10000000,0,20,none,0,4293637.0,4293636.2,4293637.0,4293639.399999999,4.848257261265872e-07,134.17615625,3.421664,3.2945088,3.421664,3.6001728,0.05574591945340768,246.16999713762485,196.12932187380179,10000,0.000000000,1,d1d3684a720a896eb8094fe967a3dbfc87322795dcfd819b9b7f8207c73d94b6,64,3,19,10,2,0,0,"static single-case binary; CUDA event includes setup/readback, clock64 covers timed window"
calibration,v2_calibration_fp16_n128_q16_batch_ring_in0_same_discard_h32_b0_none_ops0,1,,NVIDIA Thor,11.0,580.00,13.0,1575.000,,,,mem_clock_mhz:unavailable;temperature_c:unavailable;power_w:unavailable;sm_clock_mhz:sysfs_or_default,fp16,128,16,500,3,514,batch,ring,same,discard,0,32,0,20,none,0,684712.0,684631.2000000001,684712.0,684753.6000000001,0.0001136223690418336,85.589,0.563584,0.5632768000000001,0.563584,0.5636608,0.00045074984003592083,192.9578801014149,148.8439700204406,19252,0.000000000,1,b114fb50ce35c642867813f278d1aa442c6e91970c0efe4a2e556e7049756c95,16,3,17,7,2,0,0,"static single-case binary; CUDA event includes setup/readback, clock64 covers timed window"
calibration,v2_calibration_fp16_n128_q32_batch_ring_in0_same_discard_h32_b1_none_ops0,1,,NVIDIA Thor,11.0,580.00,13.0,1575.000,,,,mem_clock_mhz:unavailable;temperature_c:unavailable;power_w:unavailable;sm_clock_mhz:sysfs_or_default,fp16,128,32,500,3,515,batch,ring,same,discard,0,32,1,1,none,0,1188726.0,1188658.8,1188726.0,1189224.4,0.0003248603773557272,74.295375,0.852224,0.8516864,0.852224,0.852224,0.00045537486020590605,11.114468430908385,9.843196155001502,635,0.000000000,1,3960d26b0935f5a36216c6e7047ea2d47c421709f34c329794a107de2d7ba600,32,3,17,7,2,0,0,"static single-case binary; CUDA event includes setup/readback, clock64 covers timed window"
calibration,v2_calibration_fp16_n128_q32_batch_same_in1_same_discard_h10000000_b0_none_ops0,1,,NVIDIA Thor,11.0,580.00,13.0,1575.000,,,,mem_clock_mhz:unavailable;temperature_c:unavailable;power_w:unavailable;sm_clock_mhz:sysfs_or_default,fp16,128,32,500,3,516,batch,same,same,discard,1,10000000,0,20,none,0,1215426.0,1215425.2,1215426.0,1215426.8,8.227567947369893e-07,75.964125,0.900992,0.9005568,0.900992,0.9029888,0.0017979270065874074,217.4062032571296,186.20826821991758,10000,0.000000000,1,c87bb8013f302110978b250fed388dee83d4e96c723161621fc324db61438b02,32,3,19,10,2,0,0,"static single-case binary; CUDA event includes setup/readback, clock64 covers timed window"
calibration,v2_calibration_fp16_n256_q16_batch_same_in1_same_discard_h10000000_b1_none_ops0,1,,NVIDIA Thor,11.0,580.00,13.0,1575.000,,,,mem_clock_mhz:unavailable;temperature_c:unavailable;power_w:unavailable;sm_clock_mhz:sysfs_or_default,fp16,256,16,500,3,517,batch,same,same,discard,1,10000000,1,1,none,0,1215146.0,1215146.0,1215146.0,1215146.0,0.0,151.89325,0.869248,0.8691968000000001,0.869248,0.8695039999999999,0.00023665400640475326,10.872814953923232,9.650419673096746,500,0.000000000,1,11eab58984231259942aeee77279655383098f92511bcc65dd5c1561fe4290d6,16,3,19,10,2,0,0,"static single-case binary; CUDA event includes setup/readback, clock64 covers timed window"
calibration,v2_calibration_bf16_n128_q4_batch_same_in1_same_discard_h32_b1_none_ops0,1,,NVIDIA Thor,11.0,580.00,13.0,1575.000,,,,mem_clock_mhz:unavailable;temperature_c:unavailable;power_w:unavailable;sm_clock_mhz:sysfs_or_default,bf16,128,4,500,3,518,batch,same,same,discard,1,32,1,1,none,0,315272.0,315154.4,315272.0,315311.2,0.00032356886716920004,157.636,0.296928,0.296288,0.296928,0.2973632,0.0022774734093917834,5.238356720546069,3.5314150231706,500,0.000000000,1,d1e1a7ee88d364611e462db4a30ea991874d723e6019e38c75e94fe13704c2d1,4,3,19,10,2,0,0,"static single-case binary; CUDA event includes setup/readback, clock64 covers timed window"
control,v2_control_fp16_n128_q1_forced_wait_same_in0_same_discard_h10000000_b0_none_ops0,1,,NVIDIA Thor,11.0,580.00,13.0,1575.000,,,,mem_clock_mhz:unavailable;temperature_c:unavailable;power_w:unavailable;sm_clock_mhz:sysfs_or_default,fp16,128,1,1000,3,519,forced_wait,same,same,discard,0,10000000,0,20,none,0,431196.0,431196.00000000006,431196.0,431196.80000000005,1.3389498577746698e-06,431.196,0.404416,0.4030848,0.404416,0.4213632,0.030998883504017874,38.30061503353463,25.928153188795694,20000,0.000000000,1,2ce63cb7d5855ef7f99d4aad3acf83106bb615f052e189b2c6d7b5723b017525,1,3,19,10,2,0,0,"static single-case binary; CUDA event includes setup/readback, clock64 covers timed window"
calibration,v2_calibration_bf16_n128_q4_batch_same_in0_same_discard_h10000000_b0_none_ops0,1,,NVIDIA Thor,11.0,580.00,13.0,1575.000,,,,mem_clock_mhz:unavailable;temperature_c:unavailable;power_w:unavailable;sm_clock_mhz:sysfs_or_default,bf16,128,4,500,3,520,batch,same,same,discard,0,10000000,0,20,none,0,319605.0,319605.0,319605.0,319607.4,5.419331325347075e-06,159.8025,0.333536,0.3321024,0.333536,0.33425279999999996,0.004107170687838567,103.34676866757405,62.876331190636094,10000,0.000000000,1,aa3a014cf76625a43e39aba698d12df7beb463df45389a6defe49e984464a617,4,3,19,10,2,0,0,"static single-case binary; CUDA event includes setup/readback, clock64 covers timed window"
control,v2_control_bf16_n128_q64_empty_same_in0_same_discard_h10000000_b1_none_ops0,1,,NVIDIA Thor,11.0,580.00,13.0,1575.000,,,,mem_clock_mhz:unavailable;temperature_c:unavailable;power_w:unavailable;sm_clock_mhz:sysfs_or_default,bf16,128,64,1000,3,521,empty,same,same,discard,0,10000000,1,1,none,0,264108.0,264107.2,264108.0,264108.0,2.1860413083665084e-06,,0.268096,0.26668800000000004,0.268096,0.2705536,0.009106900528309318,,,0,0.000000000,1,515eeeffe90fd2682a458ed2cf73a34c0d47a8ab49efaf38e9fd85ab2ddd00ae,0,2,16,9,2,0,0,"static single-case binary; CUDA event includes setup/readback, clock64 covers timed window"
calibration,v2_calibration_fp16_n128_q2_batch_ring_in0_same_discard_h0_b0_none_ops0,1,,NVIDIA Thor,11.0,580.00,13.0,1575.000,,,,mem_clock_mhz:unavailable;temperature_c:unavailable;power_w:unavailable;sm_clock_mhz:sysfs_or_default,fp16,128,2,500,3,522,batch,ring,same,discard,0,0,0,20,none,0,247148.0,247147.2,247148.0,247149.59999999998,6.180600981806931e-06,247.148,0.286592,0.2835456,0.286592,0.2884352,0.010789191933198022,66.82260022334795,36.58776239392586,10000,0.000000000,1,ab6716b3fc740aeabfaf20bd7d2a383d189c7223b79b32bd549af84593661abc,2,3,17,7,2,0,0,"static single-case binary; CUDA event includes setup/readback, clock64 covers timed window"
calibration,v2_calibration_fp16_n128_q16_batch_same_in0_same_discard_h32_b0_none_ops0,1,,NVIDIA Thor,11.0,580.00,13.0,1575.000,,,,mem_clock_mhz:unavailable;temperature_c:unavailable;power_w:unavailable;sm_clock_mhz:sysfs_or_default,fp16,128,16,500,3,523,batch,same,same,discard,0,32,0,20,none,0,684680.0,684660.8,684680.0,684734.4,6.969736454078132e-05,85.585,0.565152,0.5643328,0.565152,0.5653311999999999,0.0011778745552136441,192.96689840509435,148.43100617179095,19207,0.000000000,1,1794c9280a0e7b649b698cb6bd555008bc4e2bafc2bceb2c904f2610e396e8e7,16,3,19,10,2,0,0,"static single-case binary; CUDA event includes setup/readback, clock64 covers timed window"
control,v2_control_bf16_n128_q1_commit_wait_same_in0_same_discard_h10000000_b0_none_ops0,1,,NVIDIA Thor,11.0,580.00,13.0,1575.000,,,,mem_clock_mhz:unavailable;temperature_c:unavailable;power_w:unavailable;sm_clock_mhz:sysfs_or_default,bf16,128,1,1000,3,524,commit_wait,same,same,discard,0,10000000,0,20,none,0,258153.0,258148.2,258153.0,258153.0,1.3418896750885159e-05,,0.293696,0.2934144,0.293696,0.29597439999999997,0.005957857397155616,,,20000,0.000000000,1,01ce57573fb2ccc96baa0c0201574a3a25521c9f292ff5f4984fd9623de238a1,0,3,19,9,2,0,0,"static single-case binary; CUDA event includes setup/readback, clock64 covers timed window"
calibration,v2_calibration_bf16_n256_q4_batch_same_in1_same_discard_h32_b1_none_ops0,1,,NVIDIA Thor,11.0,580.00,13.0,1575.000,,,,mem_clock_mhz:unavailable;temperature_c:unavailable;power_w:unavailable;sm_clock_mhz:sysfs_or_default,bf16,256,4,500,3,525,batch,same,same,discard,1,32,1,1,none,0,432534.0,432504.4,432534.0,432537.2,5.22638313128195e-05,216.267,0.371616,0.37133439999999995,0.371616,0.372768,0.002552439860232706,7.6364271941627715,5.643330750021527,999,0.000000000,1,01cf9ccfbd8769816f061d45a70cce40874247ea13be74bbae895bf5e65b2a89,4,3,19,10,2,0,0,"static single-case binary; CUDA event includes setup/readback, clock64 covers timed window"
calibration,v2_calibration_fp16_n128_q16_batch_same_in0_same_discard_h10000000_b1_none_ops0,1,,NVIDIA Thor,11.0,580.00,13.0,1575.000,,,,mem_clock_mhz:unavailable;temperature_c:unavailable;power_w:unavailable;sm_clock_mhz:sysfs_or_default,fp16,128,16,500,3,526,batch,same,same,discard,0,10000000,1,1,none,0,703423.0,703423.0,703423.0,703423.0,0.0,87.927875,0.544064,0.5430144,0.544064,0.5440896,0.0014106611833786167,9.39126073500582,7.709210681096341,500,0.000000000,1,8b89106f0f9c83a2e405837845a4751fbfe129d3c150421e8acfb755f5329ddb,16,3,19,10,2,0,0,"static single-case binary; CUDA event includes setup/readback, clock64 covers timed window"
calibration,v2_calibration_bf16_n256_q64_batch_same_in1_same_discard_h0_b0_none_ops0,1,,NVIDIA Thor,11.0,580.00,13.0,1575.000,,,,mem_clock_mhz:unavailable;temperature_c:unavailable;power_w:unavailable;sm_clock_mhz:sysfs_or_default,bf16,256,64,500,3,527,batch,same,same,discard,1,0,0,20,none,0,4322768.0,4322762.4,4322768.0,4322801.6,6.1306784809684436e-06,135.0865,3.290048,3.2829312000000006,3.290048,3.5766144,0.06147884386135466,244.51106513234114,203.97533409846906,29996,0.000000000,1,3bca76783b625b874240a49f8043f83c1949f4fbee6e78ec2ca34b8a8b5e0be4,64,3,19,10,2,0,0,"static single-case binary; CUDA event includes setup/readback, clock64 covers timed window"
calibration,v2_calibration_fp16_n256_q1_batch_same_in0_same_discard_h10000000_b0_none_ops0,1,,NVIDIA Thor,11.0,580.00,13.0,1575.000,,,,mem_clock_mhz:unavailable;temperature_c:unavailable;power_w:unavailable;sm_clock_mhz:sysfs_or_default,fp16,256,1,500,3,528,batch,same,same,discard,0,10000000,0,20,none,0,255598.0,255596.40000000002,255598.0,255598.0,4.517654872687449e-06,511.196,0.29408,0.2929792,0.29408,0.2942848,0.0029884178793783,64.61346332913404,35.65614798694233,10000,0.000000000,1,72b7fc018a8d18dd3279f2db1a5c0072cec9bedbe0ff58f0d2aa897644b27cb0,1,3,19,10,2,0,0,"static single-case binary; CUDA event includes setup/readback, clock64 covers timed window"
calibration,v2_calibration_fp16_n128_q4_batch_same_in1_same_discard_h0_b0_none_ops0,1,,NVIDIA Thor,11.0,580.00,13.0,1575.000,,,,mem_clock_mhz:unavailable;temperature_c:unavailable;power_w:unavailable;sm_clock_mhz:sysfs_or_default,fp16,128,4,500,3,529,batch,same,same,discard,1,0,0,20,none,0,291153.0,291149.0,291153.0,291157.8,1.8916391868956e-05,145.5765,0.317344,0.3165248,0.317344,0.31785599999999997,0.002645995571190159,113.44600261718065,66.08450136129878,10000,0.000000000,1,aa18fabfc94084d12cdacff681102869e322fc112ed03a940e2e02a2f8518e3b,4,3,19,10,2,0,0,"static single-case binary; CUDA event includes setup/readback, clock64 covers timed window"
control,v2_control_fp16_n128_q64_empty_same_in0_same_discard_h0_b1_none_ops0,1,,NVIDIA Thor,11.0,580.00,13.0,1575.000,,,,mem_clock_mhz:unavailable;temperature_c:unavailable;power_w:unavailable;sm_clock_mhz:sysfs_or_default,fp16,128,64,1000,3,530,empty,same,same,discard,0,0,1,1,none,0,264108.0,264107.2,264108.0,264108.0,2.1860413083665084e-06,,0.265792,0.265536,0.265792,0.2658944,0.0008683890355163746,,,0,0.000000000,1,bf9b616452dd03640ab44814a68489ba1ddb04d37ce6fa45b8ffc0bc8787657d,0,2,16,9,2,0,0,"static single-case binary; CUDA event includes setup/readback, clock64 covers timed window"
calibration,v2_calibration_bf16_n256_q8_batch_ring_in0_same_discard_h10000000_b1_none_ops0,1,,NVIDIA Thor,11.0,580.00,13.0,1575.000,,,,mem_clock_mhz:unavailable;temperature_c:unavailable;power_w:unavailable;sm_clock_mhz:sysfs_or_default,bf16,256,8,500,3,531,batch,ring,same,discard,0,10000000,1,1,none,0,703146.0,703145.2,703146.0,703146.0,8.210962486999504e-07,175.7865,0.544448,0.5438848000000001,0.544448,0.54496,0.0012347924182279687,9.394960363850467,7.70377336311273,500,0.000000000,1,1ca601739a76273e49d9819eba7c1d1eb03ead244a314d4c280adc469e4973b0,8,3,17,7,2,0,0,"static single-case binary; CUDA event includes setup/readback, clock64 covers timed window"
calibration,v2_calibration_bf16_n256_q32_batch_same_in0_same_discard_h32_b0_none_ops0,1,,NVIDIA Thor,11.0,580.00,13.0,1575.000,,,,mem_clock_mhz:unavailable;temperature_c:unavailable;power_w:unavailable;sm_clock_mhz:sysfs_or_default,bf16,256,32,500,3,532,batch,same,same,discard,0,32,0,20,none,0,2246810.0,2246726.0,2246810.0,2246839.6,3.2786213862244524e-05,140.425625,1.559584,1.5595584000000002,1.559584,1.5599679999999998,0.00018388551423825198,235.21450589947526,215.14988612347906,29994,0.000000000,1,342d233e4cd8a4e202f22e920f44b1e73d7ae59ec78337ac41259d50a4ec6c73,32,3,19,10,2,0,0,"static single-case binary; CUDA event includes setup/readback, clock64 covers timed window"
calibration,v2_calibration_fp16_n128_q8_batch_ring_in0_same_discard_h0_b0_none_ops0,1,,NVIDIA Thor,11.0,580.00,13.0,1575.000,,,,mem_clock_mhz:unavailable;temperature_c:unavailable;power_w:unavailable;sm_clock_mhz:sysfs_or_default,fp16,128,8,500,3,533,batch,ring,same,discard,0,0,0,20,none,0,408403.0,408351.0,408403.0,408419.0,0.0001088204650640517,102.10075,0.390016,0.38963200000000003,0.390016,0.39045120000000005,0.0013135491941719778,161.75270015156596,107.5418444371513,10000,0.000000000,1,13e980d97992f407bfd17ddaa7c60a6898c7effda1c45b058d73df5f61021102,8,3,17,7,2,0,0,"static single-case binary; CUDA event includes setup/readback, clock64 covers timed window"
calibration,v2_calibration_fp16_n256_q64_batch_same_in0_same_discard_h32_b1_none_ops0,1,,NVIDIA Thor,11.0,580.00,13.0,1575.000,,,,mem_clock_mhz:unavailable;temperature_c:unavailable;power_w:unavailable;sm_clock_mhz:sysfs_or_default,fp16,256,64,500,3,534,batch,same,same,discard,0,32,1,1,none,0,4311188.0,4311053.6,4311188.0,4311448.8,5.82607004803796e-05,134.724625,2.835104,2.8347455999999998,2.835104,2.8413248,0.0016296580172850711,12.258391515285346,11.83534431188415,1500,0.000000000,1,1e93acf087f262842421cfe8ef2ecce1600df58d4479eb93889c92be889a9088,64,3,19,10,2,0,0,"static single-case binary; CUDA event includes setup/readback, clock64 covers timed window"
calibration,v2_calibration_bf16_n128_q1_batch_same_in1_same_discard_h32_b1_none_ops0,1,,NVIDIA Thor,11.0,580.00,13.0,1575.000,,,,mem_clock_mhz:unavailable;temperature_c:unavailable;power_w:unavailable;sm_clock_mhz:sysfs_or_default,bf16,128,1,500,3,535,batch,same,same,discard,1,32,1,1,none,0,215654.0,215654.0,215654.0,215654.0,0.0,431.308,0.23504,0.2348608,0.23504,0.23511680000000001,0.0006987791892488429,1.9145334656440407,1.1153165418652145,500,0.000000000,1,7694fd98522578a4bd4df4e113a040b7dc28a574b0c69630e4a9005ae1a30739,1,3,19,10,2,0,0,"static single-case binary; CUDA event includes setup/readback, clock64 covers timed window"
calibration,v2_calibration_fp16_n128_q16_batch_same_in0_same_discard_h0_b0_none_ops0,1,,NVIDIA Thor,11.0,580.00,13.0,1575.000,,,,mem_clock_mhz:unavailable;temperature_c:unavailable;power_w:unavailable;sm_clock_mhz:sysfs_or_default,fp16,128,16,500,3,536,batch,same,same,discard,0,0,0,20,none,0,694187.0,694128.6000000001,694187.0,694358.2,0.00021485693131780259,86.773375,0.570368,0.5700608,0.570368,0.5712383999999999,0.0013381336350373814,190.3241864223905,147.07360861759426,19536,0.000000000,1,8f54da76f9ceac96e056ce98dcf3ad6fd181996364fe462ee1994b4be32baa62,16,3,19,10,2,0,0,"static single-case binary; CUDA event includes setup/readback, clock64 covers timed window"
calibration,v2_calibration_bf16_n128_q16_batch_same_in0_same_discard_h32_b0_none_ops0,1,,NVIDIA Thor,11.0,580.00,13.0,1575.000,,,,mem_clock_mhz:unavailable;temperature_c:unavailable;power_w:unavailable;sm_clock_mhz:sysfs_or_default,bf16,128,16,500,3,537,batch,same,same,discard,0,32,0,20,none,0,684609.0,684565.8,684609.0,684714.6,0.0001397635086012919,85.576125,0.565024,0.5639488,0.565024,0.566176,0.0024639608016544523,192.98691077680837,148.46463159087048,19178,0.000000000,1,5cdcdd0253d5fbfdf102a13f8bc4cf1add92235e4eb61719541153eef5694a19,16,3,19,10,2,0,0,"static single-case binary; CUDA event includes setup/readback, clock64 covers timed window"
calibration,v2_calibration_bf16_n256_q8_batch_same_in0_same_discard_h0_b1_none_ops0,1,,NVIDIA Thor,11.0,580.00,13.0,1575.000,,,,mem_clock_mhz:unavailable;temperature_c:unavailable;power_w:unavailable;sm_clock_mhz:sysfs_or_default,bf16,256,8,500,3,538,batch,same,same,discard,0,0,1,1,none,0,725660.0,725603.2000000001,725660.0,725672.0,6.330725992869347e-05,181.415,0.557536,0.551264,0.557536,0.5582528000000001,0.00865601669809265,9.103476559270181,7.522929461057221,1500,0.000000000,1,2c322940ee879c72422fec2b153b5d68e9f192eb8663c61b218596097ea69582,8,3,19,10,2,0,0,"static single-case binary; CUDA event includes setup/readback, clock64 covers timed window"
calibration,v2_calibration_bf16_n256_q64_batch_same_in0_same_discard_h0_b1_none_ops0,1,,NVIDIA Thor,11.0,580.00,13.0,1575.000,,,,mem_clock_mhz:unavailable;temperature_c:unavailable;power_w:unavailable;sm_clock_mhz:sysfs_or_default,bf16,256,64,500,3,539,batch,same,same,discard,0,0,1,1,none,0,4323016.0,4322997.600000001,4323016.0,4323069.600000001,1.0816079525069892e-05,135.09425,2.841952,2.8412864000000004,2.841952,2.8421312,0.00019579753850386622,12.22485190894505,11.80682573104683,1500,0.000000000,1,91138baedaa1d9e5f50eeddc360a03e724887be00fb632e952f5ff86ac16ad5c,64,3,19,10,2,0,0,"static single-case binary; CUDA event includes setup/readback, clock64 covers timed window"
calibration,v2_calibration_bf16_n256_q2_batch_ring_in0_same_discard_h0_b1_none_ops0,1,,NVIDIA Thor,11.0,580.00,13.0,1575.000,,,,mem_clock_mhz:unavailable;temperature_c:unavailable;power_w:unavailable;sm_clock_mhz:sysfs_or_default,bf16,256,2,500,3,540,batch,ring,same,discard,0,0,1,1,none,0,306355.0,306157.4,306355.0,306429.4,0.000573668052519939,306.355,0.292192,0.2920896,0.292192,0.292448,0.0007895655919115266,5.390828287444305,3.5886540357025516,891,0.000000000,1,799cfd82ce18745b69c9bd69c26dff36efc285356c0f55038cf9a1e16504e638,2,3,17,7,2,0,0,"static single-case binary; CUDA event includes setup/readback, clock64 covers timed window"
calibration,v2_calibration_bf16_n128_q16_batch_same_in1_same_discard_h0_b0_none_ops0,1,,NVIDIA Thor,11.0,580.00,13.0,1575.000,,,,mem_clock_mhz:unavailable;temperature_c:unavailable;power_w:unavailable;sm_clock_mhz:sysfs_or_default,bf16,128,16,500,3,541,batch,same,same,discard,1,0,0,20,none,0,694118.0,693919.6,694118.0,694321.2,0.0003616175531960992,86.76475,0.5712,0.570432,0.5712,0.5717376000000001,0.0014362083955821068,190.34310592723426,146.85938375350142,19618,0.000000000,1,911cdbdb26045b4c41a79d5eb5aadea3e23f8dd3589602a8610ca2915fd50242,16,3,19,10,2,0,0,"static single-case binary; CUDA event includes setup/readback, clock64 covers timed window"
calibration,v2_calibration_fp16_n128_q32_batch_same_in1_same_discard_h0_b0_none_ops0,1,,NVIDIA Thor,11.0,580.00,13.0,1575.000,,,,mem_clock_mhz:unavailable;temperature_c:unavailable;power_w:unavailable;sm_clock_mhz:sysfs_or_default,fp16,128,32,500,3,542,batch,same,same,discard,1,0,0,20,none,0,1205024.0,1204760.0,1205024.0,1205434.4000000001,0.0003525042622414771,75.314,0.897568,0.8940352,0.897568,0.8976448,0.0028765294062486338,219.28289561037786,186.91860672394736,19174,0.000000000,1,2e2ffee89f26bac62469869ecc6411b4fbbed9440aa0d9ddb06454dc5ffe5619,32,3,19,10,2,0,0,"static single-case binary; CUDA event includes setup/readback, clock64 covers timed window"
control,v2_control_fp16_n256_q1_forced_wait_same_in0_same_discard_h32_b0_none_ops0,1,,NVIDIA Thor,11.0,580.00,13.0,1575.000,,,,mem_clock_mhz:unavailable;temperature_c:unavailable;power_w:unavailable;sm_clock_mhz:sysfs_or_default,fp16,256,1,1000,3,543,forced_wait,same,same,discard,0,32,0,20,none,0,497873.0,497774.6,497873.0,497965.0,0.00023906306298104347,497.873,0.44656,0.4464832,0.44656,0.44830080000000005,0.0028729218254859115,66.34250903342821,46.96237907560014,20000,0.000000000,1,b8769f0d08091079041a9961d5f53537c653cdc43d2c907973460f274bcffc58,1,3,19,10,2,0,0,"static single-case binary; CUDA event includes setup/readback, clock64 covers timed window"
calibration,v2_calibration_bf16_n256_q8_batch_ring_in0_same_discard_h10000000_b0_none_ops0,1,,NVIDIA Thor,11.0,580.00,13.0,1575.000,,,,mem_clock_mhz:unavailable;temperature_c:unavailable;power_w:unavailable;sm_clock_mhz:sysfs_or_default,bf16,256,8,500,3,544,batch,ring,same,discard,0,10000000,0,20,none,0,703150.0,703150.0,703150.0,703153.2000000001,3.2843585260809234e-06,175.7875,0.577568,0.5771071999999999,0.577568,0.5779264,0.00088884689917561,187.89813837730213,145.24017951133027,10000,0.000000000,1,1ca601739a76273e49d9819eba7c1d1eb03ead244a314d4c280adc469e4973b0,8,3,17,7,2,0,0,"static single-case binary; CUDA event includes setup/readback, clock64 covers timed window"
calibration,v2_calibration_fp16_n128_q16_batch_ring_in0_same_discard_h0_b0_none_ops0,1,,NVIDIA Thor,11.0,580.00,13.0,1575.000,,,,mem_clock_mhz:unavailable;temperature_c:unavailable;power_w:unavailable;sm_clock_mhz:sysfs_or_default,fp16,128,16,500,3,545,batch,ring,same,discard,0,0,0,20,none,0,694149.0,693873.0000000001,694149.0,694342.6,0.0004250050806375166,86.768625,0.570688,0.5704064,0.570688,0.5712768,0.0009726063220595878,190.33460539451903,146.99114051811148,19603,0.000000000,1,7704573206d6fbf909a22070a911bdf3db402250d77981f02aaa8e58a206a228,16,3,17,7,2,0,0,"static single-case binary; CUDA event includes setup/readback, clock64 covers timed window"
calibration,v2_calibration_bf16_n128_q64_batch_same_in0_same_discard_h0_b1_none_ops0,1,,NVIDIA Thor,11.0,580.00,13.0,1575.000,,,,mem_clock_mhz:unavailable;temperature_c:unavailable;power_w:unavailable;sm_clock_mhz:sysfs_or_default,bf16,128,64,500,3,546,batch,same,same,discard,0,0,1,1,none,0,2205894.0,2205828.4000000004,2205894.0,2205994.0,4.7255683624562673e-05,68.9341875,1.496672,1.4932928,1.496672,1.5187136,0.011470154067065915,11.978868975571809,11.209681212717282,553,0.000000000,1,95e7824a5f10e0bd000102c91ff0634ffe3bd42161366ae0299f64c377e18da1,64,3,19,10,2,0,0,"static single-case binary; CUDA event includes setup/readback, clock64 covers timed window"
calibration,v2_calibration_fp16_n256_q4_batch_same_in0_same_discard_h0_b0_none_ops0,1,,NVIDIA Thor,11.0,580.00,13.0,1575.000,,,,mem_clock_mhz:unavailable;temperature_c:unavailable;power_w:unavailable;sm_clock_mhz:sysfs_or_default,fp16,256,4,500,3,547,batch,same,same,discard,0,0,0,20,none,0,425501.0,425492.2,425501.0,425579.4,0.00014102021656454302,212.7505,0.40064,0.39859200000000006,0.40064,0.400896,0.003947358918898036,155.25295592724814,104.69009584664536,19992,0.000000000,1,ed201a99aa9dc185f448d6b43a4523ec141cf0d28ed91a070bfdf4afc7488726,4,3,19,10,2,0,0,"static single-case binary; CUDA event includes setup/readback, clock64 covers timed window"
calibration,v2_calibration_bf16_n256_q8_batch_ring_in0_same_discard_h0_b0_none_ops0,1,,NVIDIA Thor,11.0,580.00,13.0,1575.000,,,,mem_clock_mhz:unavailable;temperature_c:unavailable;power_w:unavailable;sm_clock_mhz:sysfs_or_default,bf16,256,8,500,3,548,batch,ring,same,discard,0,0,0,20,none,0,725844.0,725827.2000000001,725844.0,725907.2,7.264296707545712e-05,181.461,0.592704,0.5926016000000001,0.592704,0.5932416,0.0007247984843741479,182.02337692396713,141.53115214339704,29998,0.000000000,1,d992b3d663b5637877c68d5b6669f72c11f872dc51e500cfee56e6ba9b04cfff,8,3,17,7,2,0,0,"static single-case binary; CUDA event includes setup/readback, clock64 covers timed window"
calibration,v2_calibration_fp16_n256_q64_batch_ring_in0_same_discard_h10000000_b1_none_ops0,1,,NVIDIA Thor,11.0,580.00,13.0,1575.000,,,,mem_clock_mhz:unavailable;temperature_c:unavailable;power_w:unavailable;sm_clock_mhz:sysfs_or_default,fp16,256,64,500,3,549,batch,ring,same,discard,0,10000000,1,1,none,0,4293134.0,4293133.2,4293134.0,4293134.0,1.3448224863632066e-07,134.1604375,2.822784,2.8222464000000005,2.822784,2.8239615999999996,0.0003884427319043091,12.30994196780254,11.88699950120165,500,0.000000000,1,56fb8035a7a5ee417138779a483a01efda1640ff18856400606d6442cd4b324e,64,3,17,7,2,0,0,"static single-case binary; CUDA event includes setup/readback, clock64 covers timed window"
calibration,v2_calibration_fp16_n256_q4_batch_ring_in0_same_discard_h0_b1_none_ops0,1,,NVIDIA Thor,11.0,580.00,13.0,1575.000,,,,mem_clock_mhz:unavailable;temperature_c:unavailable;power_w:unavailable;sm_clock_mhz:sysfs_or_default,fp16,256,4,500,3,550,batch,ring,same,discard,0,0,1,1,none,0,425038.0,424827.6,425038.0,425230.8,0.0005930866488510184,212.519,0.367136,0.36659840000000005,0.367136,0.3676224,0.0017440507538087524,7.771103760134388,5.712193846422034,999,0.000000000,1,81232dd83e4f0a5b87d3d798fa058ff75d583ec38ffcfc0e639c9583340955ba,4,3,17,7,2,0,0,"static single-case binary; CUDA event includes setup/readback, clock64 covers timed window"
calibration,v2_calibration_bf16_n128_q1_batch_same_in1_same_discard_h10000000_b0_none_ops0,1,,NVIDIA Thor,11.0,580.00,13.0,1575.000,,,,mem_clock_mhz:unavailable;temperature_c:unavailable;power_w:unavailable;sm_clock_mhz:sysfs_or_default,bf16,128,1,500,3,551,batch,same,same,discard,1,10000000,0,20,none,0,215661.0,215659.40000000002,215661.0,215665.0,1.6718528416985788e-05,431.322,0.265952,0.2622144,0.265952,0.2706624,0.019866754766195798,38.289426460973466,19.71363253519432,10000,0.000000000,1,ea556525cd9fe95fd5076406294504c1c66e263cc4397aa582078195f78787e6,1,3,19,10,2,0,0,"static single-case binary; CUDA event includes setup/readback, clock64 covers timed window"
calibration,v2_calibration_fp16_n256_q4_batch_same_in1_same_discard_h32_b0_none_ops0,1,,NVIDIA Thor,11.0,580.00,13.0,1575.000,,,,mem_clock_mhz:unavailable;temperature_c:unavailable;power_w:unavailable;sm_clock_mhz:sysfs_or_default,fp16,256,4,500,3,552,batch,same,same,discard,1,32,0,20,none,0,431775.0,431459.80000000005,431775.0,432175.0,0.0010375993671084447,215.8875,0.406368,0.4057024,0.406368,0.40867200000000004,0.004785365890270569,152.99701928087546,103.21442633278211,20092,0.000000000,1,efd7b6c79bdd2dd3f977e42824160078a80de4886d8f071523684e537fdaa4c9,4,3,19,10,2,0,0,"static single-case binary; CUDA event includes setup/readback, clock64 covers timed window"
calibration,v2_calibration_bf16_n128_q1_batch_same_in0_same_discard_h10000000_b1_none_ops0,1,,NVIDIA Thor,11.0,580.00,13.0,1575.000,,,,mem_clock_mhz:unavailable;temperature_c:unavailable;power_w:unavailable;sm_clock_mhz:sysfs_or_default,bf16,128,1,500,3,553,batch,same,same,discard,0,10000000,1,1,none,0,215655.0,215655.0,215655.0,215655.0,0.0,431.31,0.234944,0.2347904,0.234944,0.23609600000000003,0.0037899007110174204,1.9145245878834247,1.115772269136475,500,0.000000000,1,c363da1fd33f218e45521d14b7b7f3cabc847ba8c2fe39330a58fb8b2ecf18fa,1,3,19,10,2,0,0,"static single-case binary; CUDA event includes setup/readback, clock64 covers timed window"
calibration,v2_calibration_bf16_n128_q32_batch_same_in1_same_discard_h0_b1_none_ops0,1,,NVIDIA Thor,11.0,580.00,13.0,1575.000,,,,mem_clock_mhz:unavailable;temperature_c:unavailable;power_w:unavailable;sm_clock_mhz:sysfs_or_default,bf16,128,32,500,3,554,batch,same,same,discard,1,0,1,1,none,0,1204865.0,1204673.8,1204865.0,1204998.6,0.00016936779650609534,75.3040625,0.862432,0.8620224000000001,0.862432,0.863328,0.0009675734572900053,10.96559166379636,9.726689176653927,963,0.000000000,1,bca96d7ae3332dfced960824bcc7dba426b4492a7bdbbba147e2c5ad7314398d,32,3,19,10,2,0,0,"static single-case binary; CUDA event includes setup/readback, clock64 covers timed window"
control,v2_control_fp16_n256_q1_commit_wait_same_in0_same_discard_h10000000_b0_none_ops0,1,,NVIDIA Thor,11.0,580.00,13.0,1575.000,,,,mem_clock_mhz:unavailable;temperature_c:unavailable;power_w:unavailable;sm_clock_mhz:sysfs_or_default,fp16,256,1,1000,3,555,commit_wait,same,same,discard,0,10000000,0,20,none,0,258151.0,258149.40000000002,258151.0,258155.8,1.6127423468051545e-05,,0.295232,0.29520640000000004,0.295232,0.3011712,0.014429202278132767,,,20000,0.000000000,1,29e31f26cd5918a5a9bbe2cb083db7f97f040a2ee2768fb54565f89b4507d338,0,3,19,9,2,0,0,"static single-case binary; CUDA event includes setup/readback, clock64 covers timed window"
calibration,v2_calibration_fp16_n128_q4_batch_ring_in0_same_discard_h32_b0_none_ops0,1,,NVIDIA Thor,11.0,580.00,13.0,1575.000,,,,mem_clock_mhz:unavailable;temperature_c:unavailable;power_w:unavailable;sm_clock_mhz:sysfs_or_default,fp16,128,4,500,3,556,batch,ring,same,discard,0,32,0,20,none,0,315382.0,315330.0,315382.0,315434.0,0.00020609927009150808,157.691,0.33008,0.32782720000000004,0.33008,0.33112959999999997,0.006399594495048146,104.73059337565239,63.53465826466311,10000,0.000000000,1,5a5df16a5964f17ddd953f8401a17c7af7ce4aa5047c9029d1272803de118a0e,4,3,17,7,2,0,0,"static single-case binary; CUDA event includes setup/readback, clock64 covers timed window"
calibration,v2_calibration_bf16_n256_q32_batch_same_in0_same_discard_h10000000_b0_none_ops0,1,,NVIDIA Thor,11.0,580.00,13.0,1575.000,,,,mem_clock_mhz:unavailable;temperature_c:unavailable;power_w:unavailable;sm_clock_mhz:sysfs_or_default,bf16,256,32,500,3,557,batch,same,same,discard,0,10000000,0,20,none,0,2239151.0,2239150.2,2239151.0,2239152.6,6.821893674234077e-07,139.9469375,1.552672,1.5514432000000002,1.552672,1.5530304,0.0006703130454140191,236.01905543663648,216.1076647224913,10000,0.000000000,1,c6be3f5e47e45a66fcb128fb0c59cdce90a2e81a6bbf9c55349fd3c15273462f,32,3,19,10,2,0,0,"static single-case binary; CUDA event includes setup/readback, clock64 covers timed window"
calibration,v2_calibration_bf16_n128_q64_batch_same_in1_same_discard_h10000000_b0_none_ops0,1,,NVIDIA Thor,11.0,580.00,13.0,1575.000,,,,mem_clock_mhz:unavailable;temperature_c:unavailable;power_w:unavailable;sm_clock_mhz:sysfs_or_default,bf16,128,64,500,3,558,batch,same,same,discard,1,10000000,0,20,none,0,2245913.0,2245896.2,2245913.0,2245914.6,5.672991710435101e-06,70.18478125,1.55776,1.5566336,1.55776,1.6542719999999997,0.04385687181952783,235.3084487244163,215.40180772391125,10000,0.000000000,1,c339a660fde59cab0fca6fe8bf5451fe7ed625b9ed160586e3f183b086a119c5,64,3,19,10,2,0,0,"static single-case binary; CUDA event includes setup/readback, clock64 covers timed window"
calibration,v2_calibration_bf16_n256_q64_batch_ring_in0_same_discard_h32_b0_none_ops0,1,,NVIDIA Thor,11.0,580.00,13.0,1575.000,,,,mem_clock_mhz:unavailable;temperature_c:unavailable;power_w:unavailable;sm_clock_mhz:sysfs_or_default,bf16,256,64,500,3,559,batch,ring,same,discard,0,32,0,20,none,0,4311478.0,4311317.2,4311478.0,4311508.4,2.9788366060000962e-05,134.7336875,2.868992,2.8685568000000004,2.868992,2.8692735999999996,0.00015734642045715997,245.15133974938524,233.9109485143214,29979,0.000000000,1,fae77a8063a9587d86887b4b2c722eeb4454f8ea146444221cd490088894260d,64,3,17,7,2,0,0,"static single-case binary; CUDA event includes setup/readback, clock64 covers timed window"
control,v2_control_fp16_n128_q64_empty_same_in0_same_discard_h0_b0_none_ops0,1,,NVIDIA Thor,11.0,580.00,13.0,1575.000,,,,mem_clock_mhz:unavailable;temperature_c:unavailable;power_w:unavailable;sm_clock_mhz:sysfs_or_default,fp16,128,64,1000,3,560,empty,same,same,discard,0,0,0,20,none,0,264115.0,264113.4,264115.0,264115.0,4.371972258400408e-06,,0.298656,0.2974272,0.298656,0.2999104,0.005196520617741469,,,0,0.000000000,1,bf9b616452dd03640ab44814a68489ba1ddb04d37ce6fa45b8ffc0bc8787657d,0,2,16,9,2,0,0,"static single-case binary; CUDA event includes setup/readback, clock64 covers timed window"
calibration,v2_calibration_bf16_n128_q2_batch_same_in1_same_discard_h0_b1_none_ops0,1,,NVIDIA Thor,11.0,580.00,13.0,1575.000,,,,mem_clock_mhz:unavailable;temperature_c:unavailable;power_w:unavailable;sm_clock_mhz:sysfs_or_default,bf16,128,2,500,3,561,batch,same,same,discard,1,0,1,1,none,0,247130.0,247130.0,247130.0,247130.0,0.0,247.13,0.253824,0.2530816,0.253824,0.2546688,0.003910272847328538,3.341373366244486,2.065557236510338,500,0.000000000,1,996805b4a9f49ae89b219e805c17bac94c3ec6fa0f570ef4cb712cc445cb4ee5,2,3,19,10,2,0,0,"static single-case binary; CUDA event includes setup/readback, clock64 covers timed window"
calibration,v2_calibration_fp16_n128_q16_batch_same_in1_same_discard_h0_b1_none_ops0,1,,NVIDIA Thor,11.0,580.00,13.0,1575.000,,,,mem_clock_mhz:unavailable;temperature_c:unavailable;power_w:unavailable;sm_clock_mhz:sysfs_or_default,fp16,128,16,500,3,562,batch,same,same,discard,1,0,1,1,none,0,694017.0,693461.8,694017.0,694063.3999999999,0.0006030951065864445,86.752125,0.537344,0.5368576,0.537344,0.5376000000000001,0.0008774149659096404,9.518540323940192,7.805621724630776,973,0.000000000,1,8590809807dda4583bd68aa562b989656bd49a0ccc470dee8d1d65fbdc201572,16,3,19,10,2,0,0,"static single-case binary; CUDA event includes setup/readback, clock64 covers timed window"
calibration,v2_calibration_fp16_n128_q2_batch_same_in1_same_discard_h10000000_b1_none_ops0,1,,NVIDIA Thor,11.0,580.00,13.0,1575.000,,,,mem_clock_mhz:unavailable;temperature_c:unavailable;power_w:unavailable;sm_clock_mhz:sysfs_or_default,fp16,128,2,500,3,563,batch,same,same,discard,1,10000000,1,1,none,0,237632.0,237632.0,237632.0,237640.80000000002,2.672516735458854e-05,237.632,0.246816,0.2467392,0.246816,0.2498112,0.008828854140588642,3.474925935900889,2.1242058861662128,500,0.000000000,1,4f808d6d1049f674840b19c02fce9aa5f86b08d1bb30923fe844e68029ed8ee0,2,3,19,10,2,0,0,"static single-case binary; CUDA event includes setup/readback, clock64 covers timed window"
calibration,v2_calibration_bf16_n128_q1_batch_ring_in0_same_discard_h0_b0_none_ops0,1,,NVIDIA Thor,11.0,580.00,13.0,1575.000,,,,mem_clock_mhz:unavailable;temperature_c:unavailable;power_w:unavailable;sm_clock_mhz:sysfs_or_default,bf16,128,1,500,3,564,batch,ring,same,discard,0,0,0,20,none,0,225132.0,225129.6,225132.0,225132.0,7.69352424841038e-06,450.264,0.274368,0.2694784,0.274368,0.2748544,0.013637717521744558,36.67864186344012,19.108933986470728,10000,0.000000000,1,01c42f888b17c4749728981bf7130be1ea6d1f33966c0afce75ca3a4e7f5cf4a,1,3,17,7,2,0,0,"static single-case binary; CUDA event includes setup/readback, clock64 covers timed window"
calibration,v2_calibration_bf16_n256_q8_batch_ring_in0_same_discard_h0_b1_none_ops0,1,,NVIDIA Thor,11.0,580.00,13.0,1575.000,,,,mem_clock_mhz:unavailable;temperature_c:unavailable;power_w:unavailable;sm_clock_mhz:sysfs_or_default,bf16,256,8,500,3,565,batch,ring,same,discard,0,0,1,1,none,0,725655.0,725575.0,725655.0,725720.6,0.00012560925588107574,181.41375,0.558848,0.5578496000000001,0.558848,0.5592576,0.0016206245979658708,9.103539285197511,7.505267979844251,1500,0.000000000,1,d992b3d663b5637877c68d5b6669f72c11f872dc51e500cfee56e6ba9b04cfff,8,3,17,7,2,0,0,"static single-case binary; CUDA event includes setup/readback, clock64 covers timed window"
calibration,v2_calibration_bf16_n128_q1_batch_same_in0_same_discard_h32_b0_none_ops0,1,,NVIDIA Thor,11.0,580.00,13.0,1575.000,,,,mem_clock_mhz:unavailable;temperature_c:unavailable;power_w:unavailable;sm_clock_mhz:sysfs_or_default,bf16,128,1,500,3,566,batch,same,same,discard,0,32,0,20,none,0,215662.0,215657.2,215662.0,215662.80000000002,1.7555100832328226e-05,431.324,0.266656,0.26601600000000003,0.266656,0.2683968,0.005765709698020152,38.28924891728723,19.66158646345854,10000,0.000000000,1,db823d077a87fdc1e80ee04475cf4c7ae37ab23f1cbdc2cfb2cd4293f821e64a,1,3,19,10,2,0,0,"static single-case binary; CUDA event includes setup/readback, clock64 covers timed window"
control,v2_control_bf16_n256_q1_forced_wait_same_in0_same_discard_h10000000_b1_none_ops0,1,,NVIDIA Thor,11.0,580.00,13.0,1575.000,,,,mem_clock_mhz:unavailable;temperature_c:unavailable;power_w:unavailable;sm_clock_mhz:sysfs_or_default,bf16,256,1,1000,3,567,forced_wait,same,same,discard,0,10000000,1,1,none,0,511093.0,511093.0,511093.0,511093.0,0.0,511.093,0.421472,0.42139519999999997,0.421472,0.42183040000000005,0.0006887287515847082,3.2313242404024316,2.487890061498747,1000,0.000000000,1,e08953e7b65ee9e025a036f94c3ef065c00a1f47e8b4c3339515536fee2f4e1a,1,3,19,10,2,0,0,"static single-case binary; CUDA event includes setup/readback, clock64 covers timed window"
calibration,v2_calibration_fp16_n256_q2_batch_ring_in0_same_discard_h10000000_b1_none_ops0,1,,NVIDIA Thor,11.0,580.00,13.0,1575.000,,,,mem_clock_mhz:unavailable;temperature_c:unavailable;power_w:unavailable;sm_clock_mhz:sysfs_or_default,fp16,256,2,500,3,568,batch,ring,same,discard,0,10000000,1,1,none,0,319430.0,319430.0,319430.0,319430.0,0.0,319.43,0.301152,0.30087040000000004,0.301152,0.30120319999999995,0.0007440476190475598,5.170169364179945,3.481882902985868,500,0.000000000,1,2fc1590500113f94bbc85a5e8132fc448581ddc1e31603dd980c2962f303f143,2,3,17,7,2,0,0,"static single-case binary; CUDA event includes setup/readback, clock64 covers timed window"
calibration,v2_calibration_bf16_n128_q16_batch_ring_in0_same_discard_h0_b0_none_ops0,1,,NVIDIA Thor,11.0,580.00,13.0,1575.000,,,,mem_clock_mhz:unavailable;temperature_c:unavailable;power_w:unavailable;sm_clock_mhz:sysfs_or_default,bf16,128,16,500,3,569,batch,ring,same,discard,0,0,0,20,none,0,694155.0,694148.6,694155.0,694240.6,9.249740852148782e-05,86.769375,0.569088,0.5657856000000001,0.569088,0.5723648,0.007225749709685274,190.3329602178188,147.40440845704003,19589,0.000000000,1,91741f87d7f8d7208e953b4af5d13b1bd53554a60a5e72459fae0bd55332dfab,16,3,17,7,2,0,0,"static single-case binary; CUDA event includes setup/readback, clock64 covers timed window"
calibration,v2_calibration_fp16_n128_q16_batch_same_in0_same_discard_h32_b1_none_ops0,1,,NVIDIA Thor,11.0,580.00,13.0,1575.000,,,,mem_clock_mhz:unavailable;temperature_c:unavailable;power_w:unavailable;sm_clock_mhz:sysfs_or_default,fp16,128,16,500,3,570,batch,same,same,discard,0,32,1,1,none,0,684697.0,684436.2000000001,684697.0,684702.6000000001,0.0002779312031756135,85.587125,0.531776,0.5315712,0.531776,0.5318528,0.0003422079100730843,9.648105366315319,7.88735106511012,960,0.000000000,1,1794c9280a0e7b649b698cb6bd555008bc4e2bafc2bceb2c904f2610e396e8e7,16,3,19,10,2,0,0,"static single-case binary; CUDA event includes setup/readback, clock64 covers timed window"
calibration,v2_calibration_fp16_n128_q64_batch_ring_in0_same_discard_h32_b0_none_ops0,1,,NVIDIA Thor,11.0,580.00,13.0,1575.000,,,,mem_clock_mhz:unavailable;temperature_c:unavailable;power_w:unavailable;sm_clock_mhz:sysfs_or_default,fp16,128,64,500,3,571,batch,ring,same,discard,0,32,0,20,none,0,2222264.0,2222086.4000000004,2222264.0,2222271.2,5.8882031927951924e-05,69.44575,1.542656,1.5420928,1.542656,1.5453952,0.0014306572741028811,237.81256592376062,217.5107865914371,15045,0.000000000,1,a5eb6ced8f4b72f59eea4ac7651c4fb460ca7263e9eba34d76480bd407a1ad31,64,3,17,7,2,0,0,"static single-case binary; CUDA event includes setup/readback, clock64 covers timed window"
calibration,v2_calibration_fp16_n128_q16_batch_ring_in0_same_discard_h0_b1_none_ops0,1,,NVIDIA Thor,11.0,580.00,13.0,1575.000,,,,mem_clock_mhz:unavailable;temperature_c:unavailable;power_w:unavailable;sm_clock_mhz:sysfs_or_default,fp16,128,16,500,3,572,batch,ring,same,discard,0,0,1,1,none,0,693394.0,693222.8,693394.0,694004.3999999999,0.0007404585085991369,86.67425,0.538464,0.5376448,0.538464,0.5386432,0.0012362827155343336,9.527092533249494,7.7893861056635165,978,0.000000000,1,7704573206d6fbf909a22070a911bdf3db402250d77981f02aaa8e58a206a228,16,3,17,7,2,0,0,"static single-case binary; CUDA event includes setup/readback, clock64 covers timed window"
calibration,v2_calibration_fp16_n128_q1_batch_same_in0_same_discard_h32_b1_none_ops0,1,,NVIDIA Thor,11.0,580.00,13.0,1575.000,,,,mem_clock_mhz:unavailable;temperature_c:unavailable;power_w:unavailable;sm_clock_mhz:sysfs_or_default,fp16,128,1,500,3,573,batch,same,same,discard,0,32,1,1,none,0,215655.0,215654.2,215655.0,215655.0,2.677198124731635e-06,431.31,0.234624,0.23408640000000003,0.234624,0.2346752,0.0017392287258148683,1.9145245878834247,1.1172940534642661,500,0.000000000,1,173316705a318c42b5267f8601090ae83451fcba980fd62b9c14cf0c6eaa6e34,1,3,19,10,2,0,0,"static single-case binary; CUDA event includes setup/readback, clock64 covers timed window"
calibration,v2_calibration_fp16_n128_q32_batch_same_in1_same_discard_h10000000_b1_none_ops0,1,,NVIDIA Thor,11.0,580.00,13.0,1575.000,,,,mem_clock_mhz:unavailable;temperature_c:unavailable;power_w:unavailable;sm_clock_mhz:sysfs_or_default,fp16,128,32,500,3,574,batch,same,same,discard,1,10000000,1,1,none,0,1215422.0,1215422.0,1215422.0,1215422.8,4.750202899482888e-07,75.963875,0.869376,0.8687360000000001,0.869376,0.8695808,0.0006337575973431316,10.870345937460405,9.648998822143698,500,0.000000000,1,c87bb8013f302110978b250fed388dee83d4e96c723161621fc324db61438b02,32,3,19,10,2,0,0,"static single-case binary; CUDA event includes setup/readback, clock64 covers timed window"
calibration,v2_calibration_fp16_n128_q1_batch_same_in0_same_discard_h0_b0_none_ops0,1,,NVIDIA Thor,11.0,580.00,13.0,1575.000,,,,mem_clock_mhz:unavailable;temperature_c:unavailable;power_w:unavailable;sm_clock_mhz:sysfs_or_default,fp16,128,1,500,3,575,batch,same,same,discard,0,0,0,20,none,0,225136.0,225133.60000000003,225136.0,225136.0,7.693387556661013e-06,450.272,0.274272,0.27376,0.274272,0.2763968,0.006356709406155225,36.6779901925947,19.115622447789058,10000,0.000000000,1,8f09ac219b77c646ad42835b4da529999ddf88c43a345982902a8e148c8b580b,1,3,19,10,2,0,0,"static single-case binary; CUDA event includes setup/readback, clock64 covers timed window"
calibration,v2_calibration_bf16_n256_q2_batch_same_in0_same_discard_h0_b1_none_ops0,1,,NVIDIA Thor,11.0,580.00,13.0,1575.000,,,,mem_clock_mhz:unavailable;temperature_c:unavailable;power_w:unavailable;sm_clock_mhz:sysfs_or_default,bf16,256,2,500,3,576,batch,same,same,discard,0,0,1,1,none,0,305880.0,305820.80000000005,305880.0,306435.2,0.0013841237170828732,305.88,0.292032,0.29198080000000004,0.292032,0.29231359999999995,0.0007667871617920301,5.399199686151432,3.590620206004821,862,0.000000000,1,a3a42588700a218e9657d9d51f5f9b4af507b1a32bf2f6b19c8c2732e167b23f,2,3,19,10,2,0,0,"static single-case binary; CUDA event includes setup/readback, clock64 covers timed window"
