phase,case_id,valid,invalid_reason,gpu,compute_capability,driver,cuda_version,sm_clock_mhz,mem_clock_mhz,temperature_c,power_w,telemetry_status,dtype,n,q,iterations,repeat,run_order,mode,d_mode,addr_mode,collector,input_d,wait_hint,active_blocks_request,launch_blocks,interference,interference_ops,clock64_cycles,clock64_cycles_p10,clock64_cycles_p50,clock64_cycles_p90,clock64_cycles_cv,cycles_per_mma,event_ms,event_ms_p10,event_ms_p50,event_ms_p90,event_ms_cv,clock64_full_grid_tflops,event_wall_tflops,poll_count,max_abs_error,guard_ok,sass_hash,sass_utchmma,sass_trywait,sass_syncthreads,sass_ld_shared,sass_ld_global,sass_utcld,sass_utcst,notes
calibration,v2_calibration_fp16_n128_q4_batch_same_in1_same_discard_h32_b1_none_ops0,1,,NVIDIA Thor,11.0,580.00,13.0,1575.000,,,,mem_clock_mhz:unavailable;temperature_c:unavailable;power_w:unavailable;sm_clock_mhz:sysfs_or_default,fp16,128,4,500,0,1,batch,same,same,discard,1,32,1,1,none,0,315271.0,,,,,157.6355,0.296672,,,,,5.238373335955416,3.534462301801316,500,0.000000000,1,640e48c3d92ba8291d2d0868dddfc9fe90a597dad81638b26dfa971bd031c620,4,3,19,10,2,0,0,"static single-case binary; CUDA event includes setup/readback, clock64 covers timed window"
calibration,v2_calibration_fp16_n128_q4_batch_same_in1_same_discard_h32_b1_none_ops0,1,,NVIDIA Thor,11.0,580.00,13.0,1575.000,,,,mem_clock_mhz:unavailable;temperature_c:unavailable;power_w:unavailable;sm_clock_mhz:sysfs_or_default,fp16,128,4,500,1,1,batch,same,same,discard,1,32,1,1,none,0,315154.0,,,,,157.577,0.296928,,,,,5.240318066722936,3.5314150231706,500,0.000000000,1,640e48c3d92ba8291d2d0868dddfc9fe90a597dad81638b26dfa971bd031c620,4,3,19,10,2,0,0,"static single-case binary; CUDA event includes setup/readback, clock64 covers timed window"
calibration,v2_calibration_fp16_n128_q4_batch_same_in1_same_discard_h32_b1_none_ops0,1,,NVIDIA Thor,11.0,580.00,13.0,1575.000,,,,mem_clock_mhz:unavailable;temperature_c:unavailable;power_w:unavailable;sm_clock_mhz:sysfs_or_default,fp16,128,4,500,2,1,batch,same,same,discard,1,32,1,1,none,0,315248.0,,,,,157.624,0.298208,,,,,5.238755519464041,3.5162571091318817,500,0.000000000,1,640e48c3d92ba8291d2d0868dddfc9fe90a597dad81638b26dfa971bd031c620,4,3,19,10,2,0,0,"static single-case binary; CUDA event includes setup/readback, clock64 covers timed window"
control,v2_control_fp16_n256_q1_forced_wait_same_in0_same_discard_h32_b1_none_ops0,1,,NVIDIA Thor,11.0,580.00,13.0,1575.000,,,,mem_clock_mhz:unavailable;temperature_c:unavailable;power_w:unavailable;sm_clock_mhz:sysfs_or_default,fp16,256,1,1000,0,2,forced_wait,same,same,discard,0,32,1,1,none,0,497234.0,,,,,497.234,0.413344,,,,,3.321388320187276,2.5368119532399165,1000,0.000000000,1,b8769f0d08091079041a9961d5f53537c653cdc43d2c907973460f274bcffc58,1,3,19,10,2,0,0,"static single-case binary; CUDA event includes setup/readback, clock64 covers timed window"
control,v2_control_fp16_n256_q1_forced_wait_same_in0_same_discard_h32_b1_none_ops0,1,,NVIDIA Thor,11.0,580.00,13.0,1575.000,,,,mem_clock_mhz:unavailable;temperature_c:unavailable;power_w:unavailable;sm_clock_mhz:sysfs_or_default,fp16,256,1,1000,1,2,forced_wait,same,same,discard,0,32,1,1,none,0,497318.0,,,,,497.318,0.41264,,,,,3.320827317732316,2.5411399767351686,1000,0.000000000,1,b8769f0d08091079041a9961d5f53537c653cdc43d2c907973460f274bcffc58,1,3,19,10,2,0,0,"static single-case binary; CUDA event includes setup/readback, clock64 covers timed window"
control,v2_control_fp16_n256_q1_forced_wait_same_in0_same_discard_h32_b1_none_ops0,1,,NVIDIA Thor,11.0,580.00,13.0,1575.000,,,,mem_clock_mhz:unavailable;temperature_c:unavailable;power_w:unavailable;sm_clock_mhz:sysfs_or_default,fp16,256,1,1000,2,2,forced_wait,same,same,discard,0,32,1,1,none,0,497381.0,,,,,497.381,0.413792,,,,,3.3204066902434954,2.5340654241744645,1000,0.000000000,1,b8769f0d08091079041a9961d5f53537c653cdc43d2c907973460f274bcffc58,1,3,19,10,2,0,0,"static single-case binary; CUDA event includes setup/readback, clock64 covers timed window"
calibration,v2_calibration_fp16_n128_q64_batch_same_in1_same_discard_h0_b0_none_ops0,1,,NVIDIA Thor,11.0,580.00,13.0,1575.000,,,,mem_clock_mhz:unavailable;temperature_c:unavailable;power_w:unavailable;sm_clock_mhz:sysfs_or_default,fp16,128,64,500,0,3,batch,same,same,discard,1,0,0,20,none,0,2206154.0,,,,,68.9423125,1.53152,,,,,239.54914480131487,219.09235269536146,10530,0.000000000,1,ab39074e29bf887bfc29b8b6ab7b10bb618c43bac5cd166acc9e75c53e9abd23,64,3,19,10,2,0,0,"static single-case binary; CUDA event includes setup/readback, clock64 covers timed window"
calibration,v2_calibration_fp16_n128_q64_batch_same_in1_same_discard_h0_b0_none_ops0,1,,NVIDIA Thor,11.0,580.00,13.0,1575.000,,,,mem_clock_mhz:unavailable;temperature_c:unavailable;power_w:unavailable;sm_clock_mhz:sysfs_or_default,fp16,128,64,500,1,3,batch,same,same,discard,1,0,0,20,none,0,2205839.0,,,,,68.93246875,1.622784,,,,,239.58335309149942,206.77078403533682,10106,0.000000000,1,ab39074e29bf887bfc29b8b6ab7b10bb618c43bac5cd166acc9e75c53e9abd23,64,3,19,10,2,0,0,"static single-case binary; CUDA event includes setup/readback, clock64 covers timed window"
calibration,v2_calibration_fp16_n128_q64_batch_same_in1_same_discard_h0_b0_none_ops0,1,,NVIDIA Thor,11.0,580.00,13.0,1575.000,,,,mem_clock_mhz:unavailable;temperature_c:unavailable;power_w:unavailable;sm_clock_mhz:sysfs_or_default,fp16,128,64,500,2,3,batch,same,same,discard,1,0,0,20,none,0,2206188.0,,,,,68.943375,1.529824,,,,,239.5454530620237,219.33524379275,10478,0.000000000,1,ab39074e29bf887bfc29b8b6ab7b10bb618c43bac5cd166acc9e75c53e9abd23,64,3,19,10,2,0,0,"static single-case binary; CUDA event includes setup/readback, clock64 covers timed window"
calibration,v2_calibration_bf16_n256_q4_batch_same_in0_same_discard_h0_b0_none_ops0,1,,NVIDIA Thor,11.0,580.00,13.0,1575.000,,,,mem_clock_mhz:unavailable;temperature_c:unavailable;power_w:unavailable;sm_clock_mhz:sysfs_or_default,bf16,256,4,500,0,4,batch,same,same,discard,0,0,0,20,none,0,425653.0,,,,,212.8265,0.401664,,,,,155.197515347008,104.42319949012109,19982,0.000000000,1,9baa93de745943143d83b8ce2cc0329378b2fc27bb440a912d38db9b3e789c2d,4,3,19,10,2,0,0,"static single-case binary; CUDA event includes setup/readback, clock64 covers timed window"
calibration,v2_calibration_bf16_n256_q4_batch_same_in0_same_discard_h0_b0_none_ops0,1,,NVIDIA Thor,11.0,580.00,13.0,1575.000,,,,mem_clock_mhz:unavailable;temperature_c:unavailable;power_w:unavailable;sm_clock_mhz:sysfs_or_default,bf16,256,4,500,1,4,batch,same,same,discard,0,0,0,20,none,0,425320.0,,,,,212.66,0.403424,,,,,155.31902567478602,103.96763702704847,19988,0.000000000,1,9baa93de745943143d83b8ce2cc0329378b2fc27bb440a912d38db9b3e789c2d,4,3,19,10,2,0,0,"static single-case binary; CUDA event includes setup/readback, clock64 covers timed window"
calibration,v2_calibration_bf16_n256_q4_batch_same_in0_same_discard_h0_b0_none_ops0,1,,NVIDIA Thor,11.0,580.00,13.0,1575.000,,,,mem_clock_mhz:unavailable;temperature_c:unavailable;power_w:unavailable;sm_clock_mhz:sysfs_or_default,bf16,256,4,500,2,4,batch,same,same,discard,0,0,0,20,none,0,425290.0,,,,,212.645,0.40352,,,,,155.32998189470712,103.94290245836638,19987,0.000000000,1,9baa93de745943143d83b8ce2cc0329378b2fc27bb440a912d38db9b3e789c2d,4,3,19,10,2,0,0,"static single-case binary; CUDA event includes setup/readback, clock64 covers timed window"
calibration,v2_calibration_bf16_n128_q4_batch_same_in1_same_discard_h10000000_b0_none_ops0,1,,NVIDIA Thor,11.0,580.00,13.0,1575.000,,,,mem_clock_mhz:unavailable;temperature_c:unavailable;power_w:unavailable;sm_clock_mhz:sysfs_or_default,bf16,128,4,500,0,5,batch,same,same,discard,1,10000000,0,20,none,0,319606.0,,,,,159.803,0.332512,,,,,103.34644531078892,63.06996439226254,10000,0.000000000,1,c24b4508ab4fb2809073cff1c539ada4d174b73b39108dc28fcff6a274d9cfcb,4,3,19,10,2,0,0,"static single-case binary; CUDA event includes setup/readback, clock64 covers timed window"
calibration,v2_calibration_bf16_n128_q4_batch_same_in1_same_discard_h10000000_b0_none_ops0,1,,NVIDIA Thor,11.0,580.00,13.0,1575.000,,,,mem_clock_mhz:unavailable;temperature_c:unavailable;power_w:unavailable;sm_clock_mhz:sysfs_or_default,bf16,128,4,500,1,5,batch,same,same,discard,1,10000000,0,20,none,0,319609.0,,,,,159.8045,0.3352,,,,,103.34547525257425,62.56420047732697,10000,0.000000000,1,c24b4508ab4fb2809073cff1c539ada4d174b73b39108dc28fcff6a274d9cfcb,4,3,19,10,2,0,0,"static single-case binary; CUDA event includes setup/readback, clock64 covers timed window"
calibration,v2_calibration_bf16_n128_q4_batch_same_in1_same_discard_h10000000_b0_none_ops0,1,,NVIDIA Thor,11.0,580.00,13.0,1575.000,,,,mem_clock_mhz:unavailable;temperature_c:unavailable;power_w:unavailable;sm_clock_mhz:sysfs_or_default,bf16,128,4,500,2,5,batch,same,same,discard,1,10000000,0,20,none,0,319605.0,,,,,159.8025,0.334784,,,,,103.34676866757405,62.641942267252915,10000,0.000000000,1,c24b4508ab4fb2809073cff1c539ada4d174b73b39108dc28fcff6a274d9cfcb,4,3,19,10,2,0,0,"static single-case binary; CUDA event includes setup/readback, clock64 covers timed window"
calibration,v2_calibration_bf16_n256_q32_batch_ring_in0_same_discard_h10000000_b1_none_ops0,1,,NVIDIA Thor,11.0,580.00,13.0,1575.000,,,,mem_clock_mhz:unavailable;temperature_c:unavailable;power_w:unavailable;sm_clock_mhz:sysfs_or_default,bf16,256,32,500,0,6,batch,ring,same,discard,0,10000000,1,1,none,0,2239145.0,,,,,139.9465625,1.519168,,,,,11.800984393596663,11.043687070817711,500,0.000000000,1,b30cb7e25701f5d11fe750c92a727c245fc89a10b8cce29de66c0c88b6d96c1c,32,3,17,7,2,0,0,"static single-case binary; CUDA event includes setup/readback, clock64 covers timed window"
calibration,v2_calibration_bf16_n256_q32_batch_ring_in0_same_discard_h10000000_b1_none_ops0,1,,NVIDIA Thor,11.0,580.00,13.0,1575.000,,,,mem_clock_mhz:unavailable;temperature_c:unavailable;power_w:unavailable;sm_clock_mhz:sysfs_or_default,bf16,256,32,500,1,6,batch,ring,same,discard,0,10000000,1,1,none,0,2239146.0,,,,,139.946625,1.519136,,,,,11.800979123290753,11.043919701725189,500,0.000000000,1,b30cb7e25701f5d11fe750c92a727c245fc89a10b8cce29de66c0c88b6d96c1c,32,3,17,7,2,0,0,"static single-case binary; CUDA event includes setup/readback, clock64 covers timed window"
calibration,v2_calibration_bf16_n256_q32_batch_ring_in0_same_discard_h10000000_b1_none_ops0,1,,NVIDIA Thor,11.0,580.00,13.0,1575.000,,,,mem_clock_mhz:unavailable;temperature_c:unavailable;power_w:unavailable;sm_clock_mhz:sysfs_or_default,bf16,256,32,500,2,6,batch,ring,same,discard,0,10000000,1,1,none,0,2239145.0,,,,,139.9465625,1.52048,,,,,11.800984393596663,11.034157634431232,500,0.000000000,1,b30cb7e25701f5d11fe750c92a727c245fc89a10b8cce29de66c0c88b6d96c1c,32,3,17,7,2,0,0,"static single-case binary; CUDA event includes setup/readback, clock64 covers timed window"
calibration,v2_calibration_bf16_n256_q1_batch_same_in1_same_discard_h32_b0_none_ops0,1,,NVIDIA Thor,11.0,580.00,13.0,1575.000,,,,mem_clock_mhz:unavailable;temperature_c:unavailable;power_w:unavailable;sm_clock_mhz:sysfs_or_default,bf16,256,1,500,0,7,batch,same,same,discard,1,32,0,20,none,0,249036.0,,,,,498.072,0.289632,,,,,66.31600250566183,36.20373439398962,10000,0.000000000,1,c66b97bbb1680654f31cfa0d3e42df9d0feec6ee218051b8809a978cf9f675b4,1,3,19,10,2,0,0,"static single-case binary; CUDA event includes setup/readback, clock64 covers timed window"
calibration,v2_calibration_bf16_n256_q1_batch_same_in1_same_discard_h32_b0_none_ops0,1,,NVIDIA Thor,11.0,580.00,13.0,1575.000,,,,mem_clock_mhz:unavailable;temperature_c:unavailable;power_w:unavailable;sm_clock_mhz:sysfs_or_default,bf16,256,1,500,1,7,batch,same,same,discard,1,32,0,20,none,0,248918.0,,,,,497.836,0.289504,,,,,66.34743971910429,36.219741350724,10000,0.000000000,1,c66b97bbb1680654f31cfa0d3e42df9d0feec6ee218051b8809a978cf9f675b4,1,3,19,10,2,0,0,"static single-case binary; CUDA event includes setup/readback, clock64 covers timed window"
calibration,v2_calibration_bf16_n256_q1_batch_same_in1_same_discard_h32_b0_none_ops0,1,,NVIDIA Thor,11.0,580.00,13.0,1575.000,,,,mem_clock_mhz:unavailable;temperature_c:unavailable;power_w:unavailable;sm_clock_mhz:sysfs_or_default,bf16,256,1,500,2,7,batch,same,same,discard,1,32,0,20,none,0,249522.0,,,,,499.044,0.290784,,,,,66.18683723278909,36.06030593155057,10000,0.000000000,1,c66b97bbb1680654f31cfa0d3e42df9d0feec6ee218051b8809a978cf9f675b4,1,3,19,10,2,0,0,"static single-case binary; CUDA event includes setup/readback, clock64 covers timed window"
calibration,v2_calibration_fp16_n256_q4_batch_same_in1_same_discard_h10000000_b0_none_ops0,1,,NVIDIA Thor,11.0,580.00,13.0,1575.000,,,,mem_clock_mhz:unavailable;temperature_c:unavailable;power_w:unavailable;sm_clock_mhz:sysfs_or_default,fp16,256,4,500,0,8,batch,same,same,discard,1,10000000,0,20,none,0,447266.0,,,,,223.633,0.413536,,,,,147.69798732745164,101.42536562717636,10012,0.000000000,1,bd29770273e804a0e612bf7360f9c24d40c8bad62ed98656923a491e5d4a6e2e,4,3,19,10,2,0,0,"static single-case binary; CUDA event includes setup/readback, clock64 covers timed window"
calibration,v2_calibration_fp16_n256_q4_batch_same_in1_same_discard_h10000000_b0_none_ops0,1,,NVIDIA Thor,11.0,580.00,13.0,1575.000,,,,mem_clock_mhz:unavailable;temperature_c:unavailable;power_w:unavailable;sm_clock_mhz:sysfs_or_default,fp16,256,4,500,1,8,batch,same,same,discard,1,10000000,0,20,none,0,447263.0,,,,,223.6315,0.41424,,,,,147.698978006229,101.2529934337582,10008,0.000000000,1,bd29770273e804a0e612bf7360f9c24d40c8bad62ed98656923a491e5d4a6e2e,4,3,19,10,2,0,0,"static single-case binary; CUDA event includes setup/readback, clock64 covers timed window"
calibration,v2_calibration_fp16_n256_q4_batch_same_in1_same_discard_h10000000_b0_none_ops0,1,,NVIDIA Thor,11.0,580.00,13.0,1575.000,,,,mem_clock_mhz:unavailable;temperature_c:unavailable;power_w:unavailable;sm_clock_mhz:sysfs_or_default,fp16,256,4,500,2,8,batch,same,same,discard,1,10000000,0,20,none,0,447266.0,,,,,223.633,0.412672,,,,,147.69798732745164,101.6377171215881,10000,0.000000000,1,bd29770273e804a0e612bf7360f9c24d40c8bad62ed98656923a491e5d4a6e2e,4,3,19,10,2,0,0,"static single-case binary; CUDA event includes setup/readback, clock64 covers timed window"
calibration,v2_calibration_fp16_n256_q2_batch_same_in0_same_discard_h10000000_b0_none_ops0,1,,NVIDIA Thor,11.0,580.00,13.0,1575.000,,,,mem_clock_mhz:unavailable;temperature_c:unavailable;power_w:unavailable;sm_clock_mhz:sysfs_or_default,fp16,256,2,500,0,9,batch,same,same,discard,0,10000000,0,20,none,0,319372.0,,,,,319.372,0.334048,,,,,103.42216600077653,62.779959766261136,10000,0.000000000,1,91554b60a283973dce439745564fe13b6dc675b3e2946338fc1a293b1fdb7e9b,2,3,19,10,2,0,0,"static single-case binary; CUDA event includes setup/readback, clock64 covers timed window"
calibration,v2_calibration_fp16_n256_q2_batch_same_in0_same_discard_h10000000_b0_none_ops0,1,,NVIDIA Thor,11.0,580.00,13.0,1575.000,,,,mem_clock_mhz:unavailable;temperature_c:unavailable;power_w:unavailable;sm_clock_mhz:sysfs_or_default,fp16,256,2,500,1,9,batch,same,same,discard,0,10000000,0,20,none,0,319438.0,,,,,319.438,0.332256,,,,,103.40079765087434,63.11855918328036,10000,0.000000000,1,91554b60a283973dce439745564fe13b6dc675b3e2946338fc1a293b1fdb7e9b,2,3,19,10,2,0,0,"static single-case binary; CUDA event includes setup/readback, clock64 covers timed window"
calibration,v2_calibration_fp16_n256_q2_batch_same_in0_same_discard_h10000000_b0_none_ops0,1,,NVIDIA Thor,11.0,580.00,13.0,1575.000,,,,mem_clock_mhz:unavailable;temperature_c:unavailable;power_w:unavailable;sm_clock_mhz:sysfs_or_default,fp16,256,2,500,2,9,batch,same,same,discard,0,10000000,0,20,none,0,319434.0,,,,,319.434,0.34672,,,,,103.40209245102275,60.48546377480388,10000,0.000000000,1,91554b60a283973dce439745564fe13b6dc675b3e2946338fc1a293b1fdb7e9b,2,3,19,10,2,0,0,"static single-case binary; CUDA event includes setup/readback, clock64 covers timed window"
calibration,v2_calibration_bf16_n256_q16_batch_same_in1_same_discard_h10000000_b1_none_ops0,1,,NVIDIA Thor,11.0,580.00,13.0,1575.000,,,,mem_clock_mhz:unavailable;temperature_c:unavailable;power_w:unavailable;sm_clock_mhz:sysfs_or_default,bf16,256,16,500,0,10,batch,same,same,discard,1,10000000,1,1,none,0,1215146.0,,,,,151.89325,0.867424,,,,,10.872814953923232,9.670712362120486,500,0.000000000,1,24ef8628f65a2805e9617a253a32385fe0d5e1cf791abb68c45531c030c041d0,16,3,19,10,2,0,0,"static single-case binary; CUDA event includes setup/readback, clock64 covers timed window"
calibration,v2_calibration_bf16_n256_q16_batch_same_in1_same_discard_h10000000_b1_none_ops0,1,,NVIDIA Thor,11.0,580.00,13.0,1575.000,,,,mem_clock_mhz:unavailable;temperature_c:unavailable;power_w:unavailable;sm_clock_mhz:sysfs_or_default,bf16,256,16,500,1,10,batch,same,same,discard,1,10000000,1,1,none,0,1215146.0,,,,,151.89325,0.869888,,,,,10.872814953923232,9.643319599764569,500,0.000000000,1,24ef8628f65a2805e9617a253a32385fe0d5e1cf791abb68c45531c030c041d0,16,3,19,10,2,0,0,"static single-case binary; CUDA event includes setup/readback, clock64 covers timed window"
calibration,v2_calibration_bf16_n256_q16_batch_same_in1_same_discard_h10000000_b1_none_ops0,1,,NVIDIA Thor,11.0,580.00,13.0,1575.000,,,,mem_clock_mhz:unavailable;temperature_c:unavailable;power_w:unavailable;sm_clock_mhz:sysfs_or_default,bf16,256,16,500,2,10,batch,same,same,discard,1,10000000,1,1,none,0,1215146.0,,,,,151.89325,0.868064,,,,,10.872814953923232,9.663582408670328,500,0.000000000,1,24ef8628f65a2805e9617a253a32385fe0d5e1cf791abb68c45531c030c041d0,16,3,19,10,2,0,0,"static single-case binary; CUDA event includes setup/readback, clock64 covers timed window"
calibration,v2_calibration_fp16_n128_q1_batch_ring_in0_same_discard_h32_b1_none_ops0,1,,NVIDIA Thor,11.0,580.00,13.0,1575.000,,,,mem_clock_mhz:unavailable;temperature_c:unavailable;power_w:unavailable;sm_clock_mhz:sysfs_or_default,fp16,128,1,500,0,11,batch,ring,same,discard,0,32,1,1,none,0,215643.0,,,,,431.286,0.235104,,,,,1.9146311264450966,1.1150129304478018,500,0.000000000,1,ca30d9cb7651db5650e1a3a45c718979ab7970b1eb21c2db883dac900e0ab89f,1,3,17,7,2,0,0,"static single-case binary; CUDA event includes setup/readback, clock64 covers timed window"
calibration,v2_calibration_fp16_n128_q1_batch_ring_in0_same_discard_h32_b1_none_ops0,1,,NVIDIA Thor,11.0,580.00,13.0,1575.000,,,,mem_clock_mhz:unavailable;temperature_c:unavailable;power_w:unavailable;sm_clock_mhz:sysfs_or_default,fp16,128,1,500,1,11,batch,ring,same,discard,0,32,1,1,none,0,215644.0,,,,,431.288,0.234944,,,,,1.9146222477787462,1.115772269136475,500,0.000000000,1,ca30d9cb7651db5650e1a3a45c718979ab7970b1eb21c2db883dac900e0ab89f,1,3,17,7,2,0,0,"static single-case binary; CUDA event includes setup/readback, clock64 covers timed window"
calibration,v2_calibration_fp16_n128_q1_batch_ring_in0_same_discard_h32_b1_none_ops0,1,,NVIDIA Thor,11.0,580.00,13.0,1575.000,,,,mem_clock_mhz:unavailable;temperature_c:unavailable;power_w:unavailable;sm_clock_mhz:sysfs_or_default,fp16,128,1,500,2,11,batch,ring,same,discard,0,32,1,1,none,0,215644.0,,,,,431.288,0.234752,,,,,1.9146222477787462,1.1166848418756816,500,0.000000000,1,ca30d9cb7651db5650e1a3a45c718979ab7970b1eb21c2db883dac900e0ab89f,1,3,17,7,2,0,0,"static single-case binary; CUDA event includes setup/readback, clock64 covers timed window"
calibration,v2_calibration_bf16_n128_q2_batch_same_in0_same_discard_h32_b0_none_ops0,1,,NVIDIA Thor,11.0,580.00,13.0,1575.000,,,,mem_clock_mhz:unavailable;temperature_c:unavailable;power_w:unavailable;sm_clock_mhz:sysfs_or_default,bf16,128,2,500,0,12,batch,same,same,discard,0,32,0,20,none,0,237652.0,,,,,237.652,0.281344,,,,,69.4926699543871,37.270245677888994,10000,0.000000000,1,56337dde396bd0cd9b7fa182d495ecef09c3aad461b22c22baa4121586157ca9,2,3,19,10,2,0,0,"static single-case binary; CUDA event includes setup/readback, clock64 covers timed window"
calibration,v2_calibration_bf16_n128_q2_batch_same_in0_same_discard_h32_b0_none_ops0,1,,NVIDIA Thor,11.0,580.00,13.0,1575.000,,,,mem_clock_mhz:unavailable;temperature_c:unavailable;power_w:unavailable;sm_clock_mhz:sysfs_or_default,bf16,128,2,500,1,12,batch,same,same,discard,0,32,0,20,none,0,237654.0,,,,,237.654,0.28144,,,,,69.49208513216693,37.257532689027855,10000,0.000000000,1,56337dde396bd0cd9b7fa182d495ecef09c3aad461b22c22baa4121586157ca9,2,3,19,10,2,0,0,"static single-case binary; CUDA event includes setup/readback, clock64 covers timed window"
calibration,v2_calibration_bf16_n128_q2_batch_same_in0_same_discard_h32_b0_none_ops0,1,,NVIDIA Thor,11.0,580.00,13.0,1575.000,,,,mem_clock_mhz:unavailable;temperature_c:unavailable;power_w:unavailable;sm_clock_mhz:sysfs_or_default,bf16,128,2,500,2,12,batch,same,same,discard,0,32,0,20,none,0,237651.0,,,,,237.651,0.28144,,,,,69.49296236918843,37.257532689027855,10000,0.000000000,1,56337dde396bd0cd9b7fa182d495ecef09c3aad461b22c22baa4121586157ca9,2,3,19,10,2,0,0,"static single-case binary; CUDA event includes setup/readback, clock64 covers timed window"
calibration,v2_calibration_bf16_n128_q8_batch_same_in0_same_discard_h0_b0_none_ops0,1,,NVIDIA Thor,11.0,580.00,13.0,1575.000,,,,mem_clock_mhz:unavailable;temperature_c:unavailable;power_w:unavailable;sm_clock_mhz:sysfs_or_default,bf16,128,8,500,0,13,batch,same,same,discard,0,0,0,20,none,0,408306.0,,,,,102.0765,0.388384,,,,,161.79112724280319,107.99373815605173,10000,0.000000000,1,6baec20952414bc272bb0ed187835288c34114d6208d844f938550b61e7bc49a,8,3,19,10,2,0,0,"static single-case binary; CUDA event includes setup/readback, clock64 covers timed window"
calibration,v2_calibration_bf16_n128_q8_batch_same_in0_same_discard_h0_b0_none_ops0,1,,NVIDIA Thor,11.0,580.00,13.0,1575.000,,,,mem_clock_mhz:unavailable;temperature_c:unavailable;power_w:unavailable;sm_clock_mhz:sysfs_or_default,bf16,128,8,500,1,13,batch,same,same,discard,0,0,0,20,none,0,408315.0,,,,,102.07875,0.390272,,,,,161.7875610741707,107.47130206625124,10000,0.000000000,1,6baec20952414bc272bb0ed187835288c34114d6208d844f938550b61e7bc49a,8,3,19,10,2,0,0,"static single-case binary; CUDA event includes setup/readback, clock64 covers timed window"
calibration,v2_calibration_bf16_n128_q8_batch_same_in0_same_discard_h0_b0_none_ops0,1,,NVIDIA Thor,11.0,580.00,13.0,1575.000,,,,mem_clock_mhz:unavailable;temperature_c:unavailable;power_w:unavailable;sm_clock_mhz:sysfs_or_default,bf16,128,8,500,2,13,batch,same,same,discard,0,0,0,20,none,0,408366.0,,,,,102.0915,0.385664,,,,,161.7673557543968,108.75539329571855,10000,0.000000000,1,6baec20952414bc272bb0ed187835288c34114d6208d844f938550b61e7bc49a,8,3,19,10,2,0,0,"static single-case binary; CUDA event includes setup/readback, clock64 covers timed window"
control,v2_control_fp16_n128_q64_empty_same_in0_same_discard_h10000000_b1_none_ops0,1,,NVIDIA Thor,11.0,580.00,13.0,1575.000,,,,mem_clock_mhz:unavailable;temperature_c:unavailable;power_w:unavailable;sm_clock_mhz:sysfs_or_default,fp16,128,64,1000,0,14,empty,same,same,discard,0,10000000,1,1,none,0,264107.0,,,,,,0.264672,,,,,,,0,0.000000000,1,8be76282936f7eb26d02e082859a948d3ab53ba6ec77c4b1ddb5f11c39e17bd1,0,2,16,9,2,0,0,"static single-case binary; CUDA event includes setup/readback, clock64 covers timed window"
control,v2_control_fp16_n128_q64_empty_same_in0_same_discard_h10000000_b1_none_ops0,1,,NVIDIA Thor,11.0,580.00,13.0,1575.000,,,,mem_clock_mhz:unavailable;temperature_c:unavailable;power_w:unavailable;sm_clock_mhz:sysfs_or_default,fp16,128,64,1000,1,14,empty,same,same,discard,0,10000000,1,1,none,0,264107.0,,,,,,0.264896,,,,,,,0,0.000000000,1,8be76282936f7eb26d02e082859a948d3ab53ba6ec77c4b1ddb5f11c39e17bd1,0,2,16,9,2,0,0,"static single-case binary; CUDA event includes setup/readback, clock64 covers timed window"
control,v2_control_fp16_n128_q64_empty_same_in0_same_discard_h10000000_b1_none_ops0,1,,NVIDIA Thor,11.0,580.00,13.0,1575.000,,,,mem_clock_mhz:unavailable;temperature_c:unavailable;power_w:unavailable;sm_clock_mhz:sysfs_or_default,fp16,128,64,1000,2,14,empty,same,same,discard,0,10000000,1,1,none,0,264107.0,,,,,,0.264608,,,,,,,0,0.000000000,1,8be76282936f7eb26d02e082859a948d3ab53ba6ec77c4b1ddb5f11c39e17bd1,0,2,16,9,2,0,0,"static single-case binary; CUDA event includes setup/readback, clock64 covers timed window"
control,v2_control_fp16_n128_q1_commit_wait_same_in0_same_discard_h0_b1_none_ops0,1,,NVIDIA Thor,11.0,580.00,13.0,1575.000,,,,mem_clock_mhz:unavailable;temperature_c:unavailable;power_w:unavailable;sm_clock_mhz:sysfs_or_default,fp16,128,1,1000,0,15,commit_wait,same,same,discard,0,0,1,1,none,0,258144.0,,,,,,0.261568,,,,,,,1000,0.000000000,1,adf8b9b42c63e2595c29de8b6cb137d359ff0182430722853c622e8e387bfc3f,0,3,19,9,2,0,0,"static single-case binary; CUDA event includes setup/readback, clock64 covers timed window"
control,v2_control_fp16_n128_q1_commit_wait_same_in0_same_discard_h0_b1_none_ops0,1,,NVIDIA Thor,11.0,580.00,13.0,1575.000,,,,mem_clock_mhz:unavailable;temperature_c:unavailable;power_w:unavailable;sm_clock_mhz:sysfs_or_default,fp16,128,1,1000,1,15,commit_wait,same,same,discard,0,0,1,1,none,0,258145.0,,,,,,0.261088,,,,,,,1000,0.000000000,1,adf8b9b42c63e2595c29de8b6cb137d359ff0182430722853c622e8e387bfc3f,0,3,19,9,2,0,0,"static single-case binary; CUDA event includes setup/readback, clock64 covers timed window"
control,v2_control_fp16_n128_q1_commit_wait_same_in0_same_discard_h0_b1_none_ops0,1,,NVIDIA Thor,11.0,580.00,13.0,1575.000,,,,mem_clock_mhz:unavailable;temperature_c:unavailable;power_w:unavailable;sm_clock_mhz:sysfs_or_default,fp16,128,1,1000,2,15,commit_wait,same,same,discard,0,0,1,1,none,0,258145.0,,,,,,0.261856,,,,,,,1000,0.000000000,1,adf8b9b42c63e2595c29de8b6cb137d359ff0182430722853c622e8e387bfc3f,0,3,19,9,2,0,0,"static single-case binary; CUDA event includes setup/readback, clock64 covers timed window"
control,v2_control_bf16_n256_q1_forced_wait_same_in0_same_discard_h32_b1_none_ops0,1,,NVIDIA Thor,11.0,580.00,13.0,1575.000,,,,mem_clock_mhz:unavailable;temperature_c:unavailable;power_w:unavailable;sm_clock_mhz:sysfs_or_default,bf16,256,1,1000,0,16,forced_wait,same,same,discard,0,32,1,1,none,0,497244.0,,,,,497.244,0.413056,,,,,3.32132152424162,2.538580725131702,1000,0.000000000,1,969b4479ff34558a6b9f55cc5a76f7b7e61b4203e549f7e253399ff786cc758f,1,3,19,10,2,0,0,"static single-case binary; CUDA event includes setup/readback, clock64 covers timed window"
control,v2_control_bf16_n256_q1_forced_wait_same_in0_same_discard_h32_b1_none_ops0,1,,NVIDIA Thor,11.0,580.00,13.0,1575.000,,,,mem_clock_mhz:unavailable;temperature_c:unavailable;power_w:unavailable;sm_clock_mhz:sysfs_or_default,bf16,256,1,1000,1,16,forced_wait,same,same,discard,0,32,1,1,none,0,497269.0,,,,,497.269,0.412704,,,,,3.3211545461309675,2.5407459099015273,1000,0.000000000,1,969b4479ff34558a6b9f55cc5a76f7b7e61b4203e549f7e253399ff786cc758f,1,3,19,10,2,0,0,"static single-case binary; CUDA event includes setup/readback, clock64 covers timed window"
control,v2_control_bf16_n256_q1_forced_wait_same_in0_same_discard_h32_b1_none_ops0,1,,NVIDIA Thor,11.0,580.00,13.0,1575.000,,,,mem_clock_mhz:unavailable;temperature_c:unavailable;power_w:unavailable;sm_clock_mhz:sysfs_or_default,bf16,256,1,1000,2,16,forced_wait,same,same,discard,0,32,1,1,none,0,497366.0,,,,,497.366,0.414464,,,,,3.3205068299803364,2.529956763434219,1000,0.000000000,1,969b4479ff34558a6b9f55cc5a76f7b7e61b4203e549f7e253399ff786cc758f,1,3,19,10,2,0,0,"static single-case binary; CUDA event includes setup/readback, clock64 covers timed window"
calibration,v2_calibration_bf16_n128_q16_batch_ring_in0_same_discard_h32_b0_none_ops0,1,,NVIDIA Thor,11.0,580.00,13.0,1575.000,,,,mem_clock_mhz:unavailable;temperature_c:unavailable;power_w:unavailable;sm_clock_mhz:sysfs_or_default,bf16,128,16,500,0,17,batch,ring,same,discard,0,32,0,20,none,0,684687.0,,,,,85.585875,0.564704,,,,,192.96492557913322,148.5487618292061,19197,0.000000000,1,29e871a6a02d84fa8b4281d8d39b55f8325f54f09edfbb6a603c7e2edf8885df,16,3,17,7,2,0,0,"static single-case binary; CUDA event includes setup/readback, clock64 covers timed window"
calibration,v2_calibration_bf16_n128_q16_batch_ring_in0_same_discard_h32_b0_none_ops0,1,,NVIDIA Thor,11.0,580.00,13.0,1575.000,,,,mem_clock_mhz:unavailable;temperature_c:unavailable;power_w:unavailable;sm_clock_mhz:sysfs_or_default,bf16,128,16,500,1,17,batch,ring,same,discard,0,32,0,20,none,0,684528.0,,,,,85.566,0.567424,,,,,193.00974686207138,147.83667944958265,19166,0.000000000,1,29e871a6a02d84fa8b4281d8d39b55f8325f54f09edfbb6a603c7e2edf8885df,16,3,17,7,2,0,0,"static single-case binary; CUDA event includes setup/readback, clock64 covers timed window"
calibration,v2_calibration_bf16_n128_q16_batch_ring_in0_same_discard_h32_b0_none_ops0,1,,NVIDIA Thor,11.0,580.00,13.0,1575.000,,,,mem_clock_mhz:unavailable;temperature_c:unavailable;power_w:unavailable;sm_clock_mhz:sysfs_or_default,bf16,128,16,500,2,17,batch,ring,same,discard,0,32,0,20,none,0,684615.0,,,,,85.576875,0.564704,,,,,192.98521942989856,148.5487618292061,19189,0.000000000,1,29e871a6a02d84fa8b4281d8d39b55f8325f54f09edfbb6a603c7e2edf8885df,16,3,17,7,2,0,0,"static single-case binary; CUDA event includes setup/readback, clock64 covers timed window"
calibration,v2_calibration_bf16_n256_q16_batch_same_in1_same_discard_h0_b0_none_ops0,1,,NVIDIA Thor,11.0,580.00,13.0,1575.000,,,,mem_clock_mhz:unavailable;temperature_c:unavailable;power_w:unavailable;sm_clock_mhz:sysfs_or_default,bf16,256,16,500,0,18,batch,same,same,discard,1,0,0,20,none,0,1238149.0,,,,,154.768625,0.922208,,,,,213.41627865466918,181.92442485860022,29982,0.000000000,1,5adf26d5ff06d5920cf44a22426e24464501b10bc62c29c5e3bae7df89e1424e,16,3,19,10,2,0,0,"static single-case binary; CUDA event includes setup/readback, clock64 covers timed window"
calibration,v2_calibration_bf16_n256_q16_batch_same_in1_same_discard_h0_b0_none_ops0,1,,NVIDIA Thor,11.0,580.00,13.0,1575.000,,,,mem_clock_mhz:unavailable;temperature_c:unavailable;power_w:unavailable;sm_clock_mhz:sysfs_or_default,bf16,256,16,500,1,18,batch,same,same,discard,1,0,0,20,none,0,1237726.0,,,,,154.71575,0.91536,,,,,213.48921489893561,183.28543960846005,29992,0.000000000,1,5adf26d5ff06d5920cf44a22426e24464501b10bc62c29c5e3bae7df89e1424e,16,3,19,10,2,0,0,"static single-case binary; CUDA event includes setup/readback, clock64 covers timed window"
calibration,v2_calibration_bf16_n256_q16_batch_same_in1_same_discard_h0_b0_none_ops0,1,,NVIDIA Thor,11.0,580.00,13.0,1575.000,,,,mem_clock_mhz:unavailable;temperature_c:unavailable;power_w:unavailable;sm_clock_mhz:sysfs_or_default,bf16,256,16,500,2,18,batch,same,same,discard,1,0,0,20,none,0,1238242.0,,,,,154.78025,0.915808,,,,,213.4002497088614,183.19577902791852,30000,0.000000000,1,5adf26d5ff06d5920cf44a22426e24464501b10bc62c29c5e3bae7df89e1424e,16,3,19,10,2,0,0,"static single-case binary; CUDA event includes setup/readback, clock64 covers timed window"
calibration,v2_calibration_fp16_n256_q32_batch_same_in1_same_discard_h32_b0_none_ops0,1,,NVIDIA Thor,11.0,580.00,13.0,1575.000,,,,mem_clock_mhz:unavailable;temperature_c:unavailable;power_w:unavailable;sm_clock_mhz:sysfs_or_default,fp16,256,32,500,0,19,batch,same,same,discard,1,32,0,20,none,0,2246547.0,,,,,140.4091875,1.552192,,,,,235.24204212064114,216.17449387704616,29972,0.000000000,1,b1e1daa4e4fb5d5a1e29ea5a80fa2759212b02bd63289e97d88cbed2cddfc80e,32,3,19,10,2,0,0,"static single-case binary; CUDA event includes setup/readback, clock64 covers timed window"
calibration,v2_calibration_fp16_n256_q32_batch_same_in1_same_discard_h32_b0_none_ops0,1,,NVIDIA Thor,11.0,580.00,13.0,1575.000,,,,mem_clock_mhz:unavailable;temperature_c:unavailable;power_w:unavailable;sm_clock_mhz:sysfs_or_default,fp16,256,32,500,1,19,batch,same,same,discard,1,32,0,20,none,0,2246311.0,,,,,140.3944375,1.558336,,,,,235.266756918343,215.32218982299068,29962,0.000000000,1,b1e1daa4e4fb5d5a1e29ea5a80fa2759212b02bd63289e97d88cbed2cddfc80e,32,3,19,10,2,0,0,"static single-case binary; CUDA event includes setup/readback, clock64 covers timed window"
calibration,v2_calibration_fp16_n256_q32_batch_same_in1_same_discard_h32_b0_none_ops0,1,,NVIDIA Thor,11.0,580.00,13.0,1575.000,,,,mem_clock_mhz:unavailable;temperature_c:unavailable;power_w:unavailable;sm_clock_mhz:sysfs_or_default,fp16,256,32,500,2,19,batch,same,same,discard,1,32,0,20,none,0,2246895.0,,,,,140.4309375,1.55888,,,,,235.20560773867936,215.247049163502,29972,0.000000000,1,b1e1daa4e4fb5d5a1e29ea5a80fa2759212b02bd63289e97d88cbed2cddfc80e,32,3,19,10,2,0,0,"static single-case binary; CUDA event includes setup/readback, clock64 covers timed window"
control,v2_control_fp16_n128_q1_forced_wait_same_in0_same_discard_h32_b0_none_ops0,1,,NVIDIA Thor,11.0,580.00,13.0,1575.000,,,,mem_clock_mhz:unavailable;temperature_c:unavailable;power_w:unavailable;sm_clock_mhz:sysfs_or_default,fp16,128,1,1000,0,20,forced_wait,same,same,discard,0,32,0,20,none,0,431194.0,,,,,431.194,0.40704,,,,,38.30079268264401,25.761006289308177,20000,0.000000000,1,ec6b828f666182cb1e79c5b1efa205193156a5424e7cd0049531cb5a7433a0e2,1,3,19,10,2,0,0,"static single-case binary; CUDA event includes setup/readback, clock64 covers timed window"
control,v2_control_fp16_n128_q1_forced_wait_same_in0_same_discard_h32_b0_none_ops0,1,,NVIDIA Thor,11.0,580.00,13.0,1575.000,,,,mem_clock_mhz:unavailable;temperature_c:unavailable;power_w:unavailable;sm_clock_mhz:sysfs_or_default,fp16,128,1,1000,1,20,forced_wait,same,same,discard,0,32,0,20,none,0,431199.0,,,,,431.199,0.404544,,,,,38.300348562960494,25.919949375098874,20000,0.000000000,1,ec6b828f666182cb1e79c5b1efa205193156a5424e7cd0049531cb5a7433a0e2,1,3,19,10,2,0,0,"static single-case binary; CUDA event includes setup/readback, clock64 covers timed window"
control,v2_control_fp16_n128_q1_forced_wait_same_in0_same_discard_h32_b0_none_ops0,1,,NVIDIA Thor,11.0,580.00,13.0,1575.000,,,,mem_clock_mhz:unavailable;temperature_c:unavailable;power_w:unavailable;sm_clock_mhz:sysfs_or_default,fp16,128,1,1000,2,20,forced_wait,same,same,discard,0,32,0,20,none,0,431199.0,,,,,431.199,0.403616,,,,,38.300348562960494,25.979544913977644,20000,0.000000000,1,ec6b828f666182cb1e79c5b1efa205193156a5424e7cd0049531cb5a7433a0e2,1,3,19,10,2,0,0,"static single-case binary; CUDA event includes setup/readback, clock64 covers timed window"
calibration,v2_calibration_fp16_n256_q8_batch_same_in1_same_discard_h10000000_b1_none_ops0,1,,NVIDIA Thor,11.0,580.00,13.0,1575.000,,,,mem_clock_mhz:unavailable;temperature_c:unavailable;power_w:unavailable;sm_clock_mhz:sysfs_or_default,fp16,256,8,500,0,21,batch,same,same,discard,1,10000000,1,1,none,0,703145.0,,,,,175.78625,0.543904,,,,,9.394973725191816,7.7114784962052125,500,0.000000000,1,acda6f43274de55976eff6a16aa1ec4b0db569e55dc3706970a8d9e6754c34cf,8,3,19,10,2,0,0,"static single-case binary; CUDA event includes setup/readback, clock64 covers timed window"
calibration,v2_calibration_fp16_n256_q8_batch_same_in1_same_discard_h10000000_b1_none_ops0,1,,NVIDIA Thor,11.0,580.00,13.0,1575.000,,,,mem_clock_mhz:unavailable;temperature_c:unavailable;power_w:unavailable;sm_clock_mhz:sysfs_or_default,fp16,256,8,500,1,21,batch,same,same,discard,1,10000000,1,1,none,0,703145.0,,,,,175.78625,0.54416,,,,,9.394973725191816,7.70785063216701,500,0.000000000,1,acda6f43274de55976eff6a16aa1ec4b0db569e55dc3706970a8d9e6754c34cf,8,3,19,10,2,0,0,"static single-case binary; CUDA event includes setup/readback, clock64 covers timed window"
calibration,v2_calibration_fp16_n256_q8_batch_same_in1_same_discard_h10000000_b1_none_ops0,1,,NVIDIA Thor,11.0,580.00,13.0,1575.000,,,,mem_clock_mhz:unavailable;temperature_c:unavailable;power_w:unavailable;sm_clock_mhz:sysfs_or_default,fp16,256,8,500,2,21,batch,same,same,discard,1,10000000,1,1,none,0,703145.0,,,,,175.78625,0.544608,,,,,9.394973725191816,7.701510076972795,500,0.000000000,1,acda6f43274de55976eff6a16aa1ec4b0db569e55dc3706970a8d9e6754c34cf,8,3,19,10,2,0,0,"static single-case binary; CUDA event includes setup/readback, clock64 covers timed window"
calibration,v2_calibration_bf16_n128_q64_batch_same_in1_same_discard_h32_b0_none_ops0,1,,NVIDIA Thor,11.0,580.00,13.0,1575.000,,,,mem_clock_mhz:unavailable;temperature_c:unavailable;power_w:unavailable;sm_clock_mhz:sysfs_or_default,bf16,128,64,500,0,22,batch,same,same,discard,1,32,0,20,none,0,2224326.0,,,,,69.5101875,1.541888,,,,,237.59210835102408,217.61912668105597,15472,0.000000000,1,a076b45e68d7279aa2a542a62d44b8e5176501a94eabc7a414e69c4b4248656e,64,3,19,10,2,0,0,"static single-case binary; CUDA event includes setup/readback, clock64 covers timed window"
calibration,v2_calibration_bf16_n128_q64_batch_same_in1_same_discard_h32_b0_none_ops0,1,,NVIDIA Thor,11.0,580.00,13.0,1575.000,,,,mem_clock_mhz:unavailable;temperature_c:unavailable;power_w:unavailable;sm_clock_mhz:sysfs_or_default,bf16,128,64,500,1,22,batch,same,same,discard,1,32,0,20,none,0,2224273.0,,,,,69.50853125,1.54208,,,,,237.59776969823398,217.59203154181367,15479,0.000000000,1,a076b45e68d7279aa2a542a62d44b8e5176501a94eabc7a414e69c4b4248656e,64,3,19,10,2,0,0,"static single-case binary; CUDA event includes setup/readback, clock64 covers timed window"
calibration,v2_calibration_bf16_n128_q64_batch_same_in1_same_discard_h32_b0_none_ops0,1,,NVIDIA Thor,11.0,580.00,13.0,1575.000,,,,mem_clock_mhz:unavailable;temperature_c:unavailable;power_w:unavailable;sm_clock_mhz:sysfs_or_default,bf16,128,64,500,2,22,batch,same,same,discard,1,32,0,20,none,0,2224140.0,,,,,69.504375,1.5384,,,,,237.61197766327658,218.11253250130002,15425,0.000000000,1,a076b45e68d7279aa2a542a62d44b8e5176501a94eabc7a414e69c4b4248656e,64,3,19,10,2,0,0,"static single-case binary; CUDA event includes setup/readback, clock64 covers timed window"
calibration,v2_calibration_fp16_n256_q1_batch_same_in1_same_discard_h32_b0_none_ops0,1,,NVIDIA Thor,11.0,580.00,13.0,1575.000,,,,mem_clock_mhz:unavailable;temperature_c:unavailable;power_w:unavailable;sm_clock_mhz:sysfs_or_default,fp16,256,1,500,0,23,batch,same,same,discard,1,32,0,20,none,0,249178.0,,,,,498.356,0.289184,,,,,66.27821075696892,36.259820736970234,10000,0.000000000,1,9f9b97b45f76b6f2910edaca00e5fd85db0d025323ea19b1d0e0ea54b49b99cb,1,3,19,10,2,0,0,"static single-case binary; CUDA event includes setup/readback, clock64 covers timed window"
calibration,v2_calibration_fp16_n256_q1_batch_same_in1_same_discard_h32_b0_none_ops0,1,,NVIDIA Thor,11.0,580.00,13.0,1575.000,,,,mem_clock_mhz:unavailable;temperature_c:unavailable;power_w:unavailable;sm_clock_mhz:sysfs_or_default,fp16,256,1,500,1,23,batch,same,same,discard,1,32,0,20,none,0,249326.0,,,,,498.652,0.290176,,,,,66.2388679880959,36.135862373180416,10000,0.000000000,1,9f9b97b45f76b6f2910edaca00e5fd85db0d025323ea19b1d0e0ea54b49b99cb,1,3,19,10,2,0,0,"static single-case binary; CUDA event includes setup/readback, clock64 covers timed window"
calibration,v2_calibration_fp16_n256_q1_batch_same_in1_same_discard_h32_b0_none_ops0,1,,NVIDIA Thor,11.0,580.00,13.0,1575.000,,,,mem_clock_mhz:unavailable;temperature_c:unavailable;power_w:unavailable;sm_clock_mhz:sysfs_or_default,fp16,256,1,500,2,23,batch,same,same,discard,1,32,0,20,none,0,249174.0,,,,,498.348,0.287328,,,,,66.27927472368707,36.494041652745295,10000,0.000000000,1,9f9b97b45f76b6f2910edaca00e5fd85db0d025323ea19b1d0e0ea54b49b99cb,1,3,19,10,2,0,0,"static single-case binary; CUDA event includes setup/readback, clock64 covers timed window"
calibration,v2_calibration_bf16_n128_q8_batch_same_in0_same_discard_h10000000_b1_none_ops0,1,,NVIDIA Thor,11.0,580.00,13.0,1575.000,,,,mem_clock_mhz:unavailable;temperature_c:unavailable;power_w:unavailable;sm_clock_mhz:sysfs_or_default,bf16,128,8,500,0,24,batch,same,same,discard,0,10000000,1,1,none,0,447441.0,,,,,111.86025,0.382336,,,,,7.382011036091909,5.485102109139605,500,0.000000000,1,93006b2319900ff46c998d9be4f3457f1813a9a46603fa34a613af81143dc035,8,3,19,10,2,0,0,"static single-case binary; CUDA event includes setup/readback, clock64 covers timed window"
calibration,v2_calibration_bf16_n128_q8_batch_same_in0_same_discard_h10000000_b1_none_ops0,1,,NVIDIA Thor,11.0,580.00,13.0,1575.000,,,,mem_clock_mhz:unavailable;temperature_c:unavailable;power_w:unavailable;sm_clock_mhz:sysfs_or_default,bf16,128,8,500,1,24,batch,same,same,discard,0,10000000,1,1,none,0,447441.0,,,,,111.86025,0.381632,,,,,7.382011036091909,5.49522052658058,500,0.000000000,1,93006b2319900ff46c998d9be4f3457f1813a9a46603fa34a613af81143dc035,8,3,19,10,2,0,0,"static single-case binary; CUDA event includes setup/readback, clock64 covers timed window"
calibration,v2_calibration_bf16_n128_q8_batch_same_in0_same_discard_h10000000_b1_none_ops0,1,,NVIDIA Thor,11.0,580.00,13.0,1575.000,,,,mem_clock_mhz:unavailable;temperature_c:unavailable;power_w:unavailable;sm_clock_mhz:sysfs_or_default,bf16,128,8,500,2,24,batch,same,same,discard,0,10000000,1,1,none,0,447441.0,,,,,111.86025,0.380288,,,,,7.382011036091909,5.514641534836755,500,0.000000000,1,93006b2319900ff46c998d9be4f3457f1813a9a46603fa34a613af81143dc035,8,3,19,10,2,0,0,"static single-case binary; CUDA event includes setup/readback, clock64 covers timed window"
calibration,v2_calibration_fp16_n256_q1_batch_same_in1_same_discard_h32_b1_none_ops0,1,,NVIDIA Thor,11.0,580.00,13.0,1575.000,,,,mem_clock_mhz:unavailable;temperature_c:unavailable;power_w:unavailable;sm_clock_mhz:sysfs_or_default,fp16,256,1,500,0,25,batch,same,same,discard,1,32,1,1,none,0,248736.0,,,,,497.472,0.25552,,,,,3.3197993052875336,2.05184721352536,500,0.000000000,1,9f9b97b45f76b6f2910edaca00e5fd85db0d025323ea19b1d0e0ea54b49b99cb,1,3,19,10,2,0,0,"static single-case binary; CUDA event includes setup/readback, clock64 covers timed window"
calibration,v2_calibration_fp16_n256_q1_batch_same_in1_same_discard_h32_b1_none_ops0,1,,NVIDIA Thor,11.0,580.00,13.0,1575.000,,,,mem_clock_mhz:unavailable;temperature_c:unavailable;power_w:unavailable;sm_clock_mhz:sysfs_or_default,fp16,256,1,500,1,25,batch,same,same,discard,1,32,1,1,none,0,248717.0,,,,,497.434,0.255712,,,,,3.320052911542034,2.050306594919284,500,0.000000000,1,9f9b97b45f76b6f2910edaca00e5fd85db0d025323ea19b1d0e0ea54b49b99cb,1,3,19,10,2,0,0,"static single-case binary; CUDA event includes setup/readback, clock64 covers timed window"
calibration,v2_calibration_fp16_n256_q1_batch_same_in1_same_discard_h32_b1_none_ops0,1,,NVIDIA Thor,11.0,580.00,13.0,1575.000,,,,mem_clock_mhz:unavailable;temperature_c:unavailable;power_w:unavailable;sm_clock_mhz:sysfs_or_default,fp16,256,1,500,2,25,batch,same,same,discard,1,32,1,1,none,0,248716.0,,,,,497.432,0.256096,,,,,3.3200662603129674,2.0472322878920406,500,0.000000000,1,9f9b97b45f76b6f2910edaca00e5fd85db0d025323ea19b1d0e0ea54b49b99cb,1,3,19,10,2,0,0,"static single-case binary; CUDA event includes setup/readback, clock64 covers timed window"
calibration,v2_calibration_bf16_n128_q16_batch_same_in1_same_discard_h10000000_b1_none_ops0,1,,NVIDIA Thor,11.0,580.00,13.0,1575.000,,,,mem_clock_mhz:unavailable;temperature_c:unavailable;power_w:unavailable;sm_clock_mhz:sysfs_or_default,bf16,128,16,500,0,26,batch,same,same,discard,1,10000000,1,1,none,0,703423.0,,,,,87.927875,0.543584,,,,,9.39126073500582,7.716018131512334,500,0.000000000,1,039fcd25405737b4619accb14d76df5ead7e00641e9677a68c9a2914bbf6cd0b,16,3,19,10,2,0,0,"static single-case binary; CUDA event includes setup/readback, clock64 covers timed window"
calibration,v2_calibration_bf16_n128_q16_batch_same_in1_same_discard_h10000000_b1_none_ops0,1,,NVIDIA Thor,11.0,580.00,13.0,1575.000,,,,mem_clock_mhz:unavailable;temperature_c:unavailable;power_w:unavailable;sm_clock_mhz:sysfs_or_default,bf16,128,16,500,1,26,batch,same,same,discard,1,10000000,1,1,none,0,703422.0,,,,,87.92775,0.54432,,,,,9.391274085826147,7.705584950029394,500,0.000000000,1,039fcd25405737b4619accb14d76df5ead7e00641e9677a68c9a2914bbf6cd0b,16,3,19,10,2,0,0,"static single-case binary; CUDA event includes setup/readback, clock64 covers timed window"
calibration,v2_calibration_bf16_n128_q16_batch_same_in1_same_discard_h10000000_b1_none_ops0,1,,NVIDIA Thor,11.0,580.00,13.0,1575.000,,,,mem_clock_mhz:unavailable;temperature_c:unavailable;power_w:unavailable;sm_clock_mhz:sysfs_or_default,bf16,128,16,500,2,26,batch,same,same,discard,1,10000000,1,1,none,0,703422.0,,,,,87.92775,0.544448,,,,,9.391274085826147,7.70377336311273,500,0.000000000,1,039fcd25405737b4619accb14d76df5ead7e00641e9677a68c9a2914bbf6cd0b,16,3,19,10,2,0,0,"static single-case binary; CUDA event includes setup/readback, clock64 covers timed window"
calibration,v2_calibration_bf16_n256_q1_batch_ring_in0_same_discard_h10000000_b0_none_ops0,1,,NVIDIA Thor,11.0,580.00,13.0,1575.000,,,,mem_clock_mhz:unavailable;temperature_c:unavailable;power_w:unavailable;sm_clock_mhz:sysfs_or_default,bf16,256,1,500,0,27,batch,ring,same,discard,0,10000000,0,20,none,0,255590.0,,,,,511.18,0.28688,,,,,64.61548573887868,36.55103179029559,10000,0.000000000,1,9557ff72fc4368f2d86ae84a07c8e785e648d3c8d6f75ad7288e32b84eb837b5,1,3,17,7,2,0,0,"static single-case binary; CUDA event includes setup/readback, clock64 covers timed window"
calibration,v2_calibration_bf16_n256_q1_batch_ring_in0_same_discard_h10000000_b0_none_ops0,1,,NVIDIA Thor,11.0,580.00,13.0,1575.000,,,,mem_clock_mhz:unavailable;temperature_c:unavailable;power_w:unavailable;sm_clock_mhz:sysfs_or_default,bf16,256,1,500,1,27,batch,ring,same,discard,0,10000000,0,20,none,0,255585.0,,,,,511.17,0.292704,,,,,64.61674980926111,35.82376735541707,10000,0.000000000,1,9557ff72fc4368f2d86ae84a07c8e785e648d3c8d6f75ad7288e32b84eb837b5,1,3,17,7,2,0,0,"static single-case binary; CUDA event includes setup/readback, clock64 covers timed window"
calibration,v2_calibration_bf16_n256_q1_batch_ring_in0_same_discard_h10000000_b0_none_ops0,1,,NVIDIA Thor,11.0,580.00,13.0,1575.000,,,,mem_clock_mhz:unavailable;temperature_c:unavailable;power_w:unavailable;sm_clock_mhz:sysfs_or_default,bf16,256,1,500,2,27,batch,ring,same,discard,0,10000000,0,20,none,0,255584.0,,,,,511.168,0.30464,,,,,64.61700262927258,34.42016806722689,10000,0.000000000,1,9557ff72fc4368f2d86ae84a07c8e785e648d3c8d6f75ad7288e32b84eb837b5,1,3,17,7,2,0,0,"static single-case binary; CUDA event includes setup/readback, clock64 covers timed window"
calibration,v2_calibration_bf16_n128_q1_batch_same_in0_same_discard_h0_b1_none_ops0,1,,NVIDIA Thor,11.0,580.00,13.0,1575.000,,,,mem_clock_mhz:unavailable;temperature_c:unavailable;power_w:unavailable;sm_clock_mhz:sysfs_or_default,bf16,128,1,500,0,28,batch,same,same,discard,0,0,1,1,none,0,225128.0,,,,,450.256,0.241184,,,,,1.833964677872144,1.0869046039538277,500,0.000000000,1,4e7ef6d3f8a0cf7078d13a557c22a9ec522d51e4e7f118fbf70baab90368d630,1,3,19,10,2,0,0,"static single-case binary; CUDA event includes setup/readback, clock64 covers timed window"
calibration,v2_calibration_bf16_n128_q1_batch_same_in0_same_discard_h0_b1_none_ops0,1,,NVIDIA Thor,11.0,580.00,13.0,1575.000,,,,mem_clock_mhz:unavailable;temperature_c:unavailable;power_w:unavailable;sm_clock_mhz:sysfs_or_default,bf16,128,1,500,1,28,batch,same,same,discard,0,0,1,1,none,0,225128.0,,,,,450.256,0.240864,,,,,1.833964677872144,1.088348611664674,500,0.000000000,1,4e7ef6d3f8a0cf7078d13a557c22a9ec522d51e4e7f118fbf70baab90368d630,1,3,19,10,2,0,0,"static single-case binary; CUDA event includes setup/readback, clock64 covers timed window"
calibration,v2_calibration_bf16_n128_q1_batch_same_in0_same_discard_h0_b1_none_ops0,1,,NVIDIA Thor,11.0,580.00,13.0,1575.000,,,,mem_clock_mhz:unavailable;temperature_c:unavailable;power_w:unavailable;sm_clock_mhz:sysfs_or_default,bf16,128,1,500,2,28,batch,same,same,discard,0,0,1,1,none,0,225128.0,,,,,450.256,0.241152,,,,,1.833964677872144,1.0870488322717622,500,0.000000000,1,4e7ef6d3f8a0cf7078d13a557c22a9ec522d51e4e7f118fbf70baab90368d630,1,3,19,10,2,0,0,"static single-case binary; CUDA event includes setup/readback, clock64 covers timed window"
calibration,v2_calibration_fp16_n256_q1_batch_ring_in0_same_discard_h10000000_b1_none_ops0,1,,NVIDIA Thor,11.0,580.00,13.0,1575.000,,,,mem_clock_mhz:unavailable;temperature_c:unavailable;power_w:unavailable;sm_clock_mhz:sysfs_or_default,fp16,256,1,500,0,29,batch,ring,same,discard,0,10000000,1,1,none,0,255578.0,,,,,511.156,0.25856,,,,,3.230925979544405,2.0277227722772277,500,0.000000000,1,cf4e56b1f912148d9745b5d8effd068cfaf6fda17b6144deb1f645207af05822,1,3,17,7,2,0,0,"static single-case binary; CUDA event includes setup/readback, clock64 covers timed window"
calibration,v2_calibration_fp16_n256_q1_batch_ring_in0_same_discard_h10000000_b1_none_ops0,1,,NVIDIA Thor,11.0,580.00,13.0,1575.000,,,,mem_clock_mhz:unavailable;temperature_c:unavailable;power_w:unavailable;sm_clock_mhz:sysfs_or_default,fp16,256,1,500,1,29,batch,ring,same,discard,0,10000000,1,1,none,0,255578.0,,,,,511.156,0.25968,,,,,3.230925979544405,2.018977202711029,500,0.000000000,1,cf4e56b1f912148d9745b5d8effd068cfaf6fda17b6144deb1f645207af05822,1,3,17,7,2,0,0,"static single-case binary; CUDA event includes setup/readback, clock64 covers timed window"
calibration,v2_calibration_fp16_n256_q1_batch_ring_in0_same_discard_h10000000_b1_none_ops0,1,,NVIDIA Thor,11.0,580.00,13.0,1575.000,,,,mem_clock_mhz:unavailable;temperature_c:unavailable;power_w:unavailable;sm_clock_mhz:sysfs_or_default,fp16,256,1,500,2,29,batch,ring,same,discard,0,10000000,1,1,none,0,255578.0,,,,,511.156,0.25984,,,,,3.230925979544405,2.017733990147783,500,0.000000000,1,cf4e56b1f912148d9745b5d8effd068cfaf6fda17b6144deb1f645207af05822,1,3,17,7,2,0,0,"static single-case binary; CUDA event includes setup/readback, clock64 covers timed window"
calibration,v2_calibration_fp16_n128_q64_batch_ring_in0_same_discard_h10000000_b1_none_ops0,1,,NVIDIA Thor,11.0,580.00,13.0,1575.000,,,,mem_clock_mhz:unavailable;temperature_c:unavailable;power_w:unavailable;sm_clock_mhz:sysfs_or_default,fp16,128,64,500,0,30,batch,ring,same,discard,0,10000000,1,1,none,0,2245411.0,,,,,70.16909375,1.522912,,,,,11.768052797461133,11.016536740139943,500,0.000000000,1,a92d3abadce7a9d20c4bd866bbf3790ab33e0370683867554871e0704b0bc4ca,64,3,17,7,2,0,0,"static single-case binary; CUDA event includes setup/readback, clock64 covers timed window"
calibration,v2_calibration_fp16_n128_q64_batch_ring_in0_same_discard_h10000000_b1_none_ops0,1,,NVIDIA Thor,11.0,580.00,13.0,1575.000,,,,mem_clock_mhz:unavailable;temperature_c:unavailable;power_w:unavailable;sm_clock_mhz:sysfs_or_default,fp16,128,64,500,1,30,batch,ring,same,discard,0,10000000,1,1,none,0,2245411.0,,,,,70.16909375,1.522624,,,,,11.768052797461133,11.018620486738683,500,0.000000000,1,a92d3abadce7a9d20c4bd866bbf3790ab33e0370683867554871e0704b0bc4ca,64,3,17,7,2,0,0,"static single-case binary; CUDA event includes setup/readback, clock64 covers timed window"
calibration,v2_calibration_fp16_n128_q64_batch_ring_in0_same_discard_h10000000_b1_none_ops0,1,,NVIDIA Thor,11.0,580.00,13.0,1575.000,,,,mem_clock_mhz:unavailable;temperature_c:unavailable;power_w:unavailable;sm_clock_mhz:sysfs_or_default,fp16,128,64,500,2,30,batch,ring,same,discard,0,10000000,1,1,none,0,2245411.0,,,,,70.16909375,1.5232,,,,,11.768052797461133,11.014453781512604,500,0.000000000,1,a92d3abadce7a9d20c4bd866bbf3790ab33e0370683867554871e0704b0bc4ca,64,3,17,7,2,0,0,"static single-case binary; CUDA event includes setup/readback, clock64 covers timed window"
calibration,v2_calibration_fp16_n256_q8_batch_same_in1_same_discard_h0_b1_none_ops0,1,,NVIDIA Thor,11.0,580.00,13.0,1575.000,,,,mem_clock_mhz:unavailable;temperature_c:unavailable;power_w:unavailable;sm_clock_mhz:sysfs_or_default,fp16,256,8,500,0,31,batch,same,same,discard,1,0,1,1,none,0,725218.0,,,,,181.3045,0.558432,,,,,9.10902487252109,7.510858976562946,1498,0.000000000,1,8dca61d626d3570226d6885db183e49aa66cdf1a2c628ae03d75bed8fffd276d,8,3,19,10,2,0,0,"static single-case binary; CUDA event includes setup/readback, clock64 covers timed window"
calibration,v2_calibration_fp16_n256_q8_batch_same_in1_same_discard_h0_b1_none_ops0,1,,NVIDIA Thor,11.0,580.00,13.0,1575.000,,,,mem_clock_mhz:unavailable;temperature_c:unavailable;power_w:unavailable;sm_clock_mhz:sysfs_or_default,fp16,256,8,500,1,31,batch,same,same,discard,1,0,1,1,none,0,725716.0,,,,,181.429,0.558624,,,,,9.102774087935227,7.5082774818124545,1500,0.000000000,1,8dca61d626d3570226d6885db183e49aa66cdf1a2c628ae03d75bed8fffd276d,8,3,19,10,2,0,0,"static single-case binary; CUDA event includes setup/readback, clock64 covers timed window"
calibration,v2_calibration_fp16_n256_q8_batch_same_in1_same_discard_h0_b1_none_ops0,1,,NVIDIA Thor,11.0,580.00,13.0,1575.000,,,,mem_clock_mhz:unavailable;temperature_c:unavailable;power_w:unavailable;sm_clock_mhz:sysfs_or_default,fp16,256,8,500,2,31,batch,same,same,discard,1,0,1,1,none,0,725484.0,,,,,181.371,0.558368,,,,,9.105685032337034,7.511719869333487,1499,0.000000000,1,8dca61d626d3570226d6885db183e49aa66cdf1a2c628ae03d75bed8fffd276d,8,3,19,10,2,0,0,"static single-case binary; CUDA event includes setup/readback, clock64 covers timed window"
calibration,v2_calibration_bf16_n128_q16_batch_same_in0_same_discard_h10000000_b0_none_ops0,1,,NVIDIA Thor,11.0,580.00,13.0,1575.000,,,,mem_clock_mhz:unavailable;temperature_c:unavailable;power_w:unavailable;sm_clock_mhz:sysfs_or_default,bf16,128,16,500,0,32,batch,same,same,discard,0,10000000,0,20,none,0,703427.0,,,,,87.928375,0.575456,,,,,187.82414664208224,145.77323027303567,10000,0.000000000,1,88ef92e2e57db63c070fd3be27a575f26a5748360b95c2e50ab015e232ab1d85,16,3,19,10,2,0,0,"static single-case binary; CUDA event includes setup/readback, clock64 covers timed window"
calibration,v2_calibration_bf16_n128_q16_batch_same_in0_same_discard_h10000000_b0_none_ops0,1,,NVIDIA Thor,11.0,580.00,13.0,1575.000,,,,mem_clock_mhz:unavailable;temperature_c:unavailable;power_w:unavailable;sm_clock_mhz:sysfs_or_default,bf16,128,16,500,1,32,batch,same,same,discard,0,10000000,0,20,none,0,703432.0,,,,,87.929,0.577152,,,,,187.82281158662104,145.34486582390772,10000,0.000000000,1,88ef92e2e57db63c070fd3be27a575f26a5748360b95c2e50ab015e232ab1d85,16,3,19,10,2,0,0,"static single-case binary; CUDA event includes setup/readback, clock64 covers timed window"
calibration,v2_calibration_bf16_n128_q16_batch_same_in0_same_discard_h10000000_b0_none_ops0,1,,NVIDIA Thor,11.0,580.00,13.0,1575.000,,,,mem_clock_mhz:unavailable;temperature_c:unavailable;power_w:unavailable;sm_clock_mhz:sysfs_or_default,bf16,128,16,500,2,32,batch,same,same,discard,0,10000000,0,20,none,0,703430.0,,,,,87.92875,0.576672,,,,,187.82334560652802,145.46584540258587,10000,0.000000000,1,88ef92e2e57db63c070fd3be27a575f26a5748360b95c2e50ab015e232ab1d85,16,3,19,10,2,0,0,"static single-case binary; CUDA event includes setup/readback, clock64 covers timed window"
control,v2_control_fp16_n256_q1_commit_wait_same_in0_same_discard_h10000000_b1_none_ops0,1,,NVIDIA Thor,11.0,580.00,13.0,1575.000,,,,mem_clock_mhz:unavailable;temperature_c:unavailable;power_w:unavailable;sm_clock_mhz:sysfs_or_default,fp16,256,1,1000,0,33,commit_wait,same,same,discard,0,10000000,1,1,none,0,258144.0,,,,,,0.261248,,,,,,,1000,0.000000000,1,29e31f26cd5918a5a9bbe2cb083db7f97f040a2ee2768fb54565f89b4507d338,0,3,19,9,2,0,0,"static single-case binary; CUDA event includes setup/readback, clock64 covers timed window"
control,v2_control_fp16_n256_q1_commit_wait_same_in0_same_discard_h10000000_b1_none_ops0,1,,NVIDIA Thor,11.0,580.00,13.0,1575.000,,,,mem_clock_mhz:unavailable;temperature_c:unavailable;power_w:unavailable;sm_clock_mhz:sysfs_or_default,fp16,256,1,1000,1,33,commit_wait,same,same,discard,0,10000000,1,1,none,0,258144.0,,,,,,0.261376,,,,,,,1000,0.000000000,1,29e31f26cd5918a5a9bbe2cb083db7f97f040a2ee2768fb54565f89b4507d338,0,3,19,9,2,0,0,"static single-case binary; CUDA event includes setup/readback, clock64 covers timed window"
control,v2_control_fp16_n256_q1_commit_wait_same_in0_same_discard_h10000000_b1_none_ops0,1,,NVIDIA Thor,11.0,580.00,13.0,1575.000,,,,mem_clock_mhz:unavailable;temperature_c:unavailable;power_w:unavailable;sm_clock_mhz:sysfs_or_default,fp16,256,1,1000,2,33,commit_wait,same,same,discard,0,10000000,1,1,none,0,258144.0,,,,,,0.261536,,,,,,,1000,0.000000000,1,29e31f26cd5918a5a9bbe2cb083db7f97f040a2ee2768fb54565f89b4507d338,0,3,19,9,2,0,0,"static single-case binary; CUDA event includes setup/readback, clock64 covers timed window"
calibration,v2_calibration_fp16_n128_q8_batch_same_in1_same_discard_h10000000_b1_none_ops0,1,,NVIDIA Thor,11.0,580.00,13.0,1575.000,,,,mem_clock_mhz:unavailable;temperature_c:unavailable;power_w:unavailable;sm_clock_mhz:sysfs_or_default,fp16,128,8,500,0,34,batch,same,same,discard,1,10000000,1,1,none,0,447441.0,,,,,111.86025,0.38176,,,,,7.382011036091909,5.493378038558257,500,0.000000000,1,1c300bd4a1d419dbc995c6216376e5817de36e6e250bfb300262655581444e3b,8,3,19,10,2,0,0,"static single-case binary; CUDA event includes setup/readback, clock64 covers timed window"
calibration,v2_calibration_fp16_n128_q8_batch_same_in1_same_discard_h10000000_b1_none_ops0,1,,NVIDIA Thor,11.0,580.00,13.0,1575.000,,,,mem_clock_mhz:unavailable;temperature_c:unavailable;power_w:unavailable;sm_clock_mhz:sysfs_or_default,fp16,128,8,500,1,34,batch,same,same,discard,1,10000000,1,1,none,0,447441.0,,,,,111.86025,0.3816,,,,,7.382011036091909,5.495681341719077,500,0.000000000,1,1c300bd4a1d419dbc995c6216376e5817de36e6e250bfb300262655581444e3b,8,3,19,10,2,0,0,"static single-case binary; CUDA event includes setup/readback, clock64 covers timed window"
calibration,v2_calibration_fp16_n128_q8_batch_same_in1_same_discard_h10000000_b1_none_ops0,1,,NVIDIA Thor,11.0,580.00,13.0,1575.000,,,,mem_clock_mhz:unavailable;temperature_c:unavailable;power_w:unavailable;sm_clock_mhz:sysfs_or_default,fp16,128,8,500,2,34,batch,same,same,discard,1,10000000,1,1,none,0,447441.0,,,,,111.86025,0.380672,,,,,7.382011036091909,5.509078681909885,500,0.000000000,1,1c300bd4a1d419dbc995c6216376e5817de36e6e250bfb300262655581444e3b,8,3,19,10,2,0,0,"static single-case binary; CUDA event includes setup/readback, clock64 covers timed window"
calibration,v2_calibration_fp16_n128_q2_batch_same_in0_same_discard_h0_b1_none_ops0,1,,NVIDIA Thor,11.0,580.00,13.0,1575.000,,,,mem_clock_mhz:unavailable;temperature_c:unavailable;power_w:unavailable;sm_clock_mhz:sysfs_or_default,fp16,128,2,500,0,35,batch,same,same,discard,0,0,1,1,none,0,247130.0,,,,,247.13,0.254944,,,,,3.341373366244486,2.0564829923434167,500,0.000000000,1,bde2a14f08151a948b4586e21c9a5b88b821d719276d95aa11df2200936b0f60,2,3,19,10,2,0,0,"static single-case binary; CUDA event includes setup/readback, clock64 covers timed window"
calibration,v2_calibration_fp16_n128_q2_batch_same_in0_same_discard_h0_b1_none_ops0,1,,NVIDIA Thor,11.0,580.00,13.0,1575.000,,,,mem_clock_mhz:unavailable;temperature_c:unavailable;power_w:unavailable;sm_clock_mhz:sysfs_or_default,fp16,128,2,500,1,35,batch,same,same,discard,0,0,1,1,none,0,247130.0,,,,,247.13,0.254912,,,,,3.341373366244486,2.0567411498870194,500,0.000000000,1,bde2a14f08151a948b4586e21c9a5b88b821d719276d95aa11df2200936b0f60,2,3,19,10,2,0,0,"static single-case binary; CUDA event includes setup/readback, clock64 covers timed window"
calibration,v2_calibration_fp16_n128_q2_batch_same_in0_same_discard_h0_b1_none_ops0,1,,NVIDIA Thor,11.0,580.00,13.0,1575.000,,,,mem_clock_mhz:unavailable;temperature_c:unavailable;power_w:unavailable;sm_clock_mhz:sysfs_or_default,fp16,128,2,500,2,35,batch,same,same,discard,0,0,1,1,none,0,247130.0,,,,,247.13,0.253408,,,,,3.341373366244486,2.0689480995075136,500,0.000000000,1,bde2a14f08151a948b4586e21c9a5b88b821d719276d95aa11df2200936b0f60,2,3,19,10,2,0,0,"static single-case binary; CUDA event includes setup/readback, clock64 covers timed window"
calibration,v2_calibration_bf16_n128_q4_batch_same_in0_same_discard_h0_b0_none_ops0,1,,NVIDIA Thor,11.0,580.00,13.0,1575.000,,,,mem_clock_mhz:unavailable;temperature_c:unavailable;power_w:unavailable;sm_clock_mhz:sysfs_or_default,bf16,128,4,500,0,36,batch,same,same,discard,0,0,0,20,none,0,291162.0,,,,,145.581,0.313856,,,,,113.44249593010076,66.81892332789559,10000,0.000000000,1,c5bd0eb94512ee9a63eb17b99d85d9e1731c13b40850c41809105da375bcbe3a,4,3,19,10,2,0,0,"static single-case binary; CUDA event includes setup/readback, clock64 covers timed window"
calibration,v2_calibration_bf16_n128_q4_batch_same_in0_same_discard_h0_b0_none_ops0,1,,NVIDIA Thor,11.0,580.00,13.0,1575.000,,,,mem_clock_mhz:unavailable;temperature_c:unavailable;power_w:unavailable;sm_clock_mhz:sysfs_or_default,bf16,128,4,500,1,36,batch,same,same,discard,0,0,0,20,none,0,291156.0,,,,,145.578,0.314048,,,,,113.44483369739933,66.7780721418382,10000,0.000000000,1,c5bd0eb94512ee9a63eb17b99d85d9e1731c13b40850c41809105da375bcbe3a,4,3,19,10,2,0,0,"static single-case binary; CUDA event includes setup/readback, clock64 covers timed window"
calibration,v2_calibration_bf16_n128_q4_batch_same_in0_same_discard_h0_b0_none_ops0,1,,NVIDIA Thor,11.0,580.00,13.0,1575.000,,,,mem_clock_mhz:unavailable;temperature_c:unavailable;power_w:unavailable;sm_clock_mhz:sysfs_or_default,bf16,128,4,500,2,36,batch,same,same,discard,0,0,0,20,none,0,291162.0,,,,,145.581,0.318016,,,,,113.44249593010076,65.94485812034614,10000,0.000000000,1,c5bd0eb94512ee9a63eb17b99d85d9e1731c13b40850c41809105da375bcbe3a,4,3,19,10,2,0,0,"static single-case binary; CUDA event includes setup/readback, clock64 covers timed window"
control,v2_control_bf16_n256_q1_forced_wait_same_in0_same_discard_h0_b0_none_ops0,1,,NVIDIA Thor,11.0,580.00,13.0,1575.000,,,,mem_clock_mhz:unavailable;temperature_c:unavailable;power_w:unavailable;sm_clock_mhz:sysfs_or_default,bf16,256,1,1000,0,37,forced_wait,same,same,discard,0,0,0,20,none,0,450132.0,,,,,450.132,0.415488,,,,,73.37879555330437,50.47443006777572,20000,0.000000000,1,4c58793f728b6ff8f27ec1e885d73f9d5d6aa1b018bf22820ded00a6104006d8,1,3,19,10,2,0,0,"static single-case binary; CUDA event includes setup/readback, clock64 covers timed window"
control,v2_control_bf16_n256_q1_forced_wait_same_in0_same_discard_h0_b0_none_ops0,1,,NVIDIA Thor,11.0,580.00,13.0,1575.000,,,,mem_clock_mhz:unavailable;temperature_c:unavailable;power_w:unavailable;sm_clock_mhz:sysfs_or_default,bf16,256,1,1000,1,37,forced_wait,same,same,discard,0,0,0,20,none,0,450134.0,,,,,450.134,0.415968,,,,,73.37846952240889,50.4161858604508,20000,0.000000000,1,4c58793f728b6ff8f27ec1e885d73f9d5d6aa1b018bf22820ded00a6104006d8,1,3,19,10,2,0,0,"static single-case binary; CUDA event includes setup/readback, clock64 covers timed window"
control,v2_control_bf16_n256_q1_forced_wait_same_in0_same_discard_h0_b0_none_ops0,1,,NVIDIA Thor,11.0,580.00,13.0,1575.000,,,,mem_clock_mhz:unavailable;temperature_c:unavailable;power_w:unavailable;sm_clock_mhz:sysfs_or_default,bf16,256,1,1000,2,37,forced_wait,same,same,discard,0,0,0,20,none,0,450129.0,,,,,450.129,0.41648,,,,,73.37928460507987,50.35420668459469,20000,0.000000000,1,4c58793f728b6ff8f27ec1e885d73f9d5d6aa1b018bf22820ded00a6104006d8,1,3,19,10,2,0,0,"static single-case binary; CUDA event includes setup/readback, clock64 covers timed window"
calibration,v2_calibration_fp16_n128_q4_batch_ring_in0_same_discard_h0_b1_none_ops0,1,,NVIDIA Thor,11.0,580.00,13.0,1575.000,,,,mem_clock_mhz:unavailable;temperature_c:unavailable;power_w:unavailable;sm_clock_mhz:sysfs_or_default,fp16,128,4,500,0,38,batch,ring,same,discard,0,0,1,1,none,0,291139.0,,,,,145.5695,0.282432,,,,,5.672572894734131,3.7126671198731023,500,0.000000000,1,cfcfeb57f1ca70cfde38c73af289b816d62d0ca7011a602f7ec75ac7c20fb5ee,4,3,17,7,2,0,0,"static single-case binary; CUDA event includes setup/readback, clock64 covers timed window"
calibration,v2_calibration_fp16_n128_q4_batch_ring_in0_same_discard_h0_b1_none_ops0,1,,NVIDIA Thor,11.0,580.00,13.0,1575.000,,,,mem_clock_mhz:unavailable;temperature_c:unavailable;power_w:unavailable;sm_clock_mhz:sysfs_or_default,fp16,128,4,500,1,38,batch,ring,same,discard,0,0,1,1,none,0,291139.0,,,,,145.5695,0.28176,,,,,5.672572894734131,3.721521862578081,500,0.000000000,1,cfcfeb57f1ca70cfde38c73af289b816d62d0ca7011a602f7ec75ac7c20fb5ee,4,3,17,7,2,0,0,"static single-case binary; CUDA event includes setup/readback, clock64 covers timed window"
calibration,v2_calibration_fp16_n128_q4_batch_ring_in0_same_discard_h0_b1_none_ops0,1,,NVIDIA Thor,11.0,580.00,13.0,1575.000,,,,mem_clock_mhz:unavailable;temperature_c:unavailable;power_w:unavailable;sm_clock_mhz:sysfs_or_default,fp16,128,4,500,2,38,batch,ring,same,discard,0,0,1,1,none,0,291139.0,,,,,145.5695,0.281664,,,,,5.672572894734131,3.7227902749375135,500,0.000000000,1,cfcfeb57f1ca70cfde38c73af289b816d62d0ca7011a602f7ec75ac7c20fb5ee,4,3,17,7,2,0,0,"static single-case binary; CUDA event includes setup/readback, clock64 covers timed window"
calibration,v2_calibration_fp16_n256_q4_batch_ring_in0_same_discard_h10000000_b1_none_ops0,1,,NVIDIA Thor,11.0,580.00,13.0,1575.000,,,,mem_clock_mhz:unavailable;temperature_c:unavailable;power_w:unavailable;sm_clock_mhz:sysfs_or_default,fp16,256,4,500,0,39,batch,ring,same,discard,0,10000000,1,1,none,0,447262.0,,,,,223.631,0.381792,,,,,7.38496541177207,5.492917609588467,500,0.000000000,1,c11ff0fd5b2d18cf9c3c3e9b608e220a43cb7727106138537fccd4692acd2922,4,3,17,7,2,0,0,"static single-case binary; CUDA event includes setup/readback, clock64 covers timed window"
calibration,v2_calibration_fp16_n256_q4_batch_ring_in0_same_discard_h10000000_b1_none_ops0,1,,NVIDIA Thor,11.0,580.00,13.0,1575.000,,,,mem_clock_mhz:unavailable;temperature_c:unavailable;power_w:unavailable;sm_clock_mhz:sysfs_or_default,fp16,256,4,500,1,39,batch,ring,same,discard,0,10000000,1,1,none,0,447263.0,,,,,223.6315,0.382112,,,,,7.38494890031145,5.488317561343272,500,0.000000000,1,c11ff0fd5b2d18cf9c3c3e9b608e220a43cb7727106138537fccd4692acd2922,4,3,17,7,2,0,0,"static single-case binary; CUDA event includes setup/readback, clock64 covers timed window"
calibration,v2_calibration_fp16_n256_q4_batch_ring_in0_same_discard_h10000000_b1_none_ops0,1,,NVIDIA Thor,11.0,580.00,13.0,1575.000,,,,mem_clock_mhz:unavailable;temperature_c:unavailable;power_w:unavailable;sm_clock_mhz:sysfs_or_default,fp16,256,4,500,2,39,batch,ring,same,discard,0,10000000,1,1,none,0,447263.0,,,,,223.6315,0.384,,,,,7.38494890031145,5.461333333333333,500,0.000000000,1,c11ff0fd5b2d18cf9c3c3e9b608e220a43cb7727106138537fccd4692acd2922,4,3,17,7,2,0,0,"static single-case binary; CUDA event includes setup/readback, clock64 covers timed window"
calibration,v2_calibration_bf16_n128_q2_batch_same_in1_same_discard_h10000000_b0_none_ops0,1,,NVIDIA Thor,11.0,580.00,13.0,1575.000,,,,mem_clock_mhz:unavailable;temperature_c:unavailable;power_w:unavailable;sm_clock_mhz:sysfs_or_default,bf16,128,2,500,0,40,batch,same,same,discard,1,10000000,0,20,none,0,237654.0,,,,,237.654,0.281632,,,,,69.49208513216693,37.2321327121918,10000,0.000000000,1,e2a990e595019ef0a210b1887177a7795c364f285c8de86dca7ca77a9a4a531b,2,3,19,10,2,0,0,"static single-case binary; CUDA event includes setup/readback, clock64 covers timed window"
calibration,v2_calibration_bf16_n128_q2_batch_same_in1_same_discard_h10000000_b0_none_ops0,1,,NVIDIA Thor,11.0,580.00,13.0,1575.000,,,,mem_clock_mhz:unavailable;temperature_c:unavailable;power_w:unavailable;sm_clock_mhz:sysfs_or_default,bf16,128,2,500,1,40,batch,same,same,discard,1,10000000,0,20,none,0,237654.0,,,,,237.654,0.282112,,,,,69.49208513216693,37.16878402903811,10000,0.000000000,1,e2a990e595019ef0a210b1887177a7795c364f285c8de86dca7ca77a9a4a531b,2,3,19,10,2,0,0,"static single-case binary; CUDA event includes setup/readback, clock64 covers timed window"
calibration,v2_calibration_bf16_n128_q2_batch_same_in1_same_discard_h10000000_b0_none_ops0,1,,NVIDIA Thor,11.0,580.00,13.0,1575.000,,,,mem_clock_mhz:unavailable;temperature_c:unavailable;power_w:unavailable;sm_clock_mhz:sysfs_or_default,bf16,128,2,500,2,40,batch,same,same,discard,1,10000000,0,20,none,0,237651.0,,,,,237.651,0.28272,,,,,69.49296236918843,37.088851160158455,10000,0.000000000,1,e2a990e595019ef0a210b1887177a7795c364f285c8de86dca7ca77a9a4a531b,2,3,19,10,2,0,0,"static single-case binary; CUDA event includes setup/readback, clock64 covers timed window"
calibration,v2_calibration_bf16_n256_q2_batch_same_in1_same_discard_h32_b1_none_ops0,1,,NVIDIA Thor,11.0,580.00,13.0,1575.000,,,,mem_clock_mhz:unavailable;temperature_c:unavailable;power_w:unavailable;sm_clock_mhz:sysfs_or_default,bf16,256,2,500,0,41,batch,same,same,discard,1,32,1,1,none,0,295112.0,,,,,295.112,0.287904,,,,,5.596204830708341,3.642102923196621,677,0.000000000,1,350a89ef7c51a4e40d93ab31b65fcd6afa4d4c933685818dbeb5d717c1b31c7b,2,3,19,10,2,0,0,"static single-case binary; CUDA event includes setup/readback, clock64 covers timed window"
calibration,v2_calibration_bf16_n256_q2_batch_same_in1_same_discard_h32_b1_none_ops0,1,,NVIDIA Thor,11.0,580.00,13.0,1575.000,,,,mem_clock_mhz:unavailable;temperature_c:unavailable;power_w:unavailable;sm_clock_mhz:sysfs_or_default,bf16,256,2,500,1,41,batch,same,same,discard,1,32,1,1,none,0,294713.0,,,,,294.713,0.283808,,,,,5.603781305880636,3.694666817003044,659,0.000000000,1,350a89ef7c51a4e40d93ab31b65fcd6afa4d4c933685818dbeb5d717c1b31c7b,2,3,19,10,2,0,0,"static single-case binary; CUDA event includes setup/readback, clock64 covers timed window"
calibration,v2_calibration_bf16_n256_q2_batch_same_in1_same_discard_h32_b1_none_ops0,1,,NVIDIA Thor,11.0,580.00,13.0,1575.000,,,,mem_clock_mhz:unavailable;temperature_c:unavailable;power_w:unavailable;sm_clock_mhz:sysfs_or_default,bf16,256,2,500,2,41,batch,same,same,discard,1,32,1,1,none,0,296213.0,,,,,296.213,0.286464,,,,,5.575404185501649,3.6604110813226094,654,0.000000000,1,350a89ef7c51a4e40d93ab31b65fcd6afa4d4c933685818dbeb5d717c1b31c7b,2,3,19,10,2,0,0,"static single-case binary; CUDA event includes setup/readback, clock64 covers timed window"
calibration,v2_calibration_fp16_n256_q32_batch_ring_in0_same_discard_h32_b1_none_ops0,1,,NVIDIA Thor,11.0,580.00,13.0,1575.000,,,,mem_clock_mhz:unavailable;temperature_c:unavailable;power_w:unavailable;sm_clock_mhz:sysfs_or_default,fp16,256,32,500,0,42,batch,ring,same,discard,0,32,1,1,none,0,2246809.0,,,,,140.4255625,1.525088,,,,,11.760730529386343,11.000818313435028,1500,0.000000000,1,181e18201ef2b2e4b205e55c82860cbcbacfef096ff852ceccde1e737d7156ba,32,3,17,7,2,0,0,"static single-case binary; CUDA event includes setup/readback, clock64 covers timed window"
calibration,v2_calibration_fp16_n256_q32_batch_ring_in0_same_discard_h32_b1_none_ops0,1,,NVIDIA Thor,11.0,580.00,13.0,1575.000,,,,mem_clock_mhz:unavailable;temperature_c:unavailable;power_w:unavailable;sm_clock_mhz:sysfs_or_default,fp16,256,32,500,1,42,batch,ring,same,discard,0,32,1,1,none,0,2246428.0,,,,,140.40175,1.620064,,,,,11.762725179707518,10.355897050980701,1499,0.000000000,1,181e18201ef2b2e4b205e55c82860cbcbacfef096ff852ceccde1e737d7156ba,32,3,17,7,2,0,0,"static single-case binary; CUDA event includes setup/readback, clock64 covers timed window"
calibration,v2_calibration_fp16_n256_q32_batch_ring_in0_same_discard_h32_b1_none_ops0,1,,NVIDIA Thor,11.0,580.00,13.0,1575.000,,,,mem_clock_mhz:unavailable;temperature_c:unavailable;power_w:unavailable;sm_clock_mhz:sysfs_or_default,fp16,256,32,500,2,42,batch,ring,same,discard,0,32,1,1,none,0,2247055.0,,,,,140.4409375,1.525472,,,,,11.759443004287833,10.998049128400917,1500,0.000000000,1,181e18201ef2b2e4b205e55c82860cbcbacfef096ff852ceccde1e737d7156ba,32,3,17,7,2,0,0,"static single-case binary; CUDA event includes setup/readback, clock64 covers timed window"
calibration,v2_calibration_fp16_n128_q8_batch_ring_in0_same_discard_h32_b1_none_ops0,1,,NVIDIA Thor,11.0,580.00,13.0,1575.000,,,,mem_clock_mhz:unavailable;temperature_c:unavailable;power_w:unavailable;sm_clock_mhz:sysfs_or_default,fp16,128,8,500,0,43,batch,ring,same,discard,0,32,1,1,none,0,432731.0,,,,,108.18275,0.372416,,,,,7.632950724584096,5.6312081113593395,813,0.000000000,1,5f7c98209ff27ac851115eab583b61483884052d3e7cba6f8b470ac2109e7050,8,3,17,7,2,0,0,"static single-case binary; CUDA event includes setup/readback, clock64 covers timed window"
calibration,v2_calibration_fp16_n128_q8_batch_ring_in0_same_discard_h32_b1_none_ops0,1,,NVIDIA Thor,11.0,580.00,13.0,1575.000,,,,mem_clock_mhz:unavailable;temperature_c:unavailable;power_w:unavailable;sm_clock_mhz:sysfs_or_default,fp16,128,8,500,1,43,batch,ring,same,discard,0,32,1,1,none,0,432493.0,,,,,108.12325,0.371936,,,,,7.637151121521042,5.63847543663426,813,0.000000000,1,5f7c98209ff27ac851115eab583b61483884052d3e7cba6f8b470ac2109e7050,8,3,17,7,2,0,0,"static single-case binary; CUDA event includes setup/readback, clock64 covers timed window"
calibration,v2_calibration_fp16_n128_q8_batch_ring_in0_same_discard_h32_b1_none_ops0,1,,NVIDIA Thor,11.0,580.00,13.0,1575.000,,,,mem_clock_mhz:unavailable;temperature_c:unavailable;power_w:unavailable;sm_clock_mhz:sysfs_or_default,fp16,128,8,500,2,43,batch,ring,same,discard,0,32,1,1,none,0,432742.0,,,,,108.1855,0.371872,,,,,7.632756700297175,5.63944583082351,808,0.000000000,1,5f7c98209ff27ac851115eab583b61483884052d3e7cba6f8b470ac2109e7050,8,3,17,7,2,0,0,"static single-case binary; CUDA event includes setup/readback, clock64 covers timed window"
calibration,v2_calibration_bf16_n256_q1_batch_same_in1_same_discard_h10000000_b0_none_ops0,1,,NVIDIA Thor,11.0,580.00,13.0,1575.000,,,,mem_clock_mhz:unavailable;temperature_c:unavailable;power_w:unavailable;sm_clock_mhz:sysfs_or_default,bf16,256,1,500,0,44,batch,same,same,discard,1,10000000,0,20,none,0,255602.0,,,,,511.204,0.309056,,,,,64.61245217173574,33.92834955477325,10000,0.000000000,1,d7c135f0a9a32efa7e5c6c35054f172b7b279063101237657cd7a1cd7ed205b5,1,3,19,10,2,0,0,"static single-case binary; CUDA event includes setup/readback, clock64 covers timed window"
calibration,v2_calibration_bf16_n256_q1_batch_same_in1_same_discard_h10000000_b0_none_ops0,1,,NVIDIA Thor,11.0,580.00,13.0,1575.000,,,,mem_clock_mhz:unavailable;temperature_c:unavailable;power_w:unavailable;sm_clock_mhz:sysfs_or_default,bf16,256,1,500,1,44,batch,same,same,discard,1,10000000,0,20,none,0,255597.0,,,,,511.194,0.2944,,,,,64.61371612342867,35.61739130434783,10000,0.000000000,1,d7c135f0a9a32efa7e5c6c35054f172b7b279063101237657cd7a1cd7ed205b5,1,3,19,10,2,0,0,"static single-case binary; CUDA event includes setup/readback, clock64 covers timed window"
calibration,v2_calibration_bf16_n256_q1_batch_same_in1_same_discard_h10000000_b0_none_ops0,1,,NVIDIA Thor,11.0,580.00,13.0,1575.000,,,,mem_clock_mhz:unavailable;temperature_c:unavailable;power_w:unavailable;sm_clock_mhz:sysfs_or_default,bf16,256,1,500,2,44,batch,same,same,discard,1,10000000,0,20,none,0,255599.0,,,,,511.198,0.29344,,,,,64.61321053681743,35.73391494002181,10000,0.000000000,1,d7c135f0a9a32efa7e5c6c35054f172b7b279063101237657cd7a1cd7ed205b5,1,3,19,10,2,0,0,"static single-case binary; CUDA event includes setup/readback, clock64 covers timed window"
calibration,v2_calibration_fp16_n128_q8_batch_same_in0_same_discard_h10000000_b1_none_ops0,1,,NVIDIA Thor,11.0,580.00,13.0,1575.000,,,,mem_clock_mhz:unavailable;temperature_c:unavailable;power_w:unavailable;sm_clock_mhz:sysfs_or_default,fp16,128,8,500,0,45,batch,same,same,discard,0,10000000,1,1,none,0,447441.0,,,,,111.86025,0.381824,,,,,7.382011036091909,5.492457257794167,500,0.000000000,1,00aa29e04f217adfb39d56c86e66623e3e352b267413ef236f4d471157ba697e,8,3,19,10,2,0,0,"static single-case binary; CUDA event includes setup/readback, clock64 covers timed window"
calibration,v2_calibration_fp16_n128_q8_batch_same_in0_same_discard_h10000000_b1_none_ops0,1,,NVIDIA Thor,11.0,580.00,13.0,1575.000,,,,mem_clock_mhz:unavailable;temperature_c:unavailable;power_w:unavailable;sm_clock_mhz:sysfs_or_default,fp16,128,8,500,1,45,batch,same,same,discard,0,10000000,1,1,none,0,447441.0,,,,,111.86025,0.382464,,,,,7.382011036091909,5.48326639892905,500,0.000000000,1,00aa29e04f217adfb39d56c86e66623e3e352b267413ef236f4d471157ba697e,8,3,19,10,2,0,0,"static single-case binary; CUDA event includes setup/readback, clock64 covers timed window"
calibration,v2_calibration_fp16_n128_q8_batch_same_in0_same_discard_h10000000_b1_none_ops0,1,,NVIDIA Thor,11.0,580.00,13.0,1575.000,,,,mem_clock_mhz:unavailable;temperature_c:unavailable;power_w:unavailable;sm_clock_mhz:sysfs_or_default,fp16,128,8,500,2,45,batch,same,same,discard,0,10000000,1,1,none,0,447441.0,,,,,111.86025,0.382176,,,,,7.382011036091909,5.487398476094783,500,0.000000000,1,00aa29e04f217adfb39d56c86e66623e3e352b267413ef236f4d471157ba697e,8,3,19,10,2,0,0,"static single-case binary; CUDA event includes setup/readback, clock64 covers timed window"
control,v2_control_fp16_n256_q64_empty_same_in0_same_discard_h10000000_b1_none_ops0,1,,NVIDIA Thor,11.0,580.00,13.0,1575.000,,,,mem_clock_mhz:unavailable;temperature_c:unavailable;power_w:unavailable;sm_clock_mhz:sysfs_or_default,fp16,256,64,1000,0,46,empty,same,same,discard,0,10000000,1,1,none,0,264107.0,,,,,,0.266432,,,,,,,0,0.000000000,1,a0b006bbd8175a7d3368e54a226315dd34a891798a090586024c9e967bba7409,0,2,16,9,2,0,0,"static single-case binary; CUDA event includes setup/readback, clock64 covers timed window"
control,v2_control_fp16_n256_q64_empty_same_in0_same_discard_h10000000_b1_none_ops0,1,,NVIDIA Thor,11.0,580.00,13.0,1575.000,,,,mem_clock_mhz:unavailable;temperature_c:unavailable;power_w:unavailable;sm_clock_mhz:sysfs_or_default,fp16,256,64,1000,1,46,empty,same,same,discard,0,10000000,1,1,none,0,264108.0,,,,,,0.266336,,,,,,,0,0.000000000,1,a0b006bbd8175a7d3368e54a226315dd34a891798a090586024c9e967bba7409,0,2,16,9,2,0,0,"static single-case binary; CUDA event includes setup/readback, clock64 covers timed window"
control,v2_control_fp16_n256_q64_empty_same_in0_same_discard_h10000000_b1_none_ops0,1,,NVIDIA Thor,11.0,580.00,13.0,1575.000,,,,mem_clock_mhz:unavailable;temperature_c:unavailable;power_w:unavailable;sm_clock_mhz:sysfs_or_default,fp16,256,64,1000,2,46,empty,same,same,discard,0,10000000,1,1,none,0,264108.0,,,,,,0.264352,,,,,,,0,0.000000000,1,a0b006bbd8175a7d3368e54a226315dd34a891798a090586024c9e967bba7409,0,2,16,9,2,0,0,"static single-case binary; CUDA event includes setup/readback, clock64 covers timed window"
calibration,v2_calibration_bf16_n128_q8_batch_same_in0_same_discard_h32_b0_none_ops0,1,,NVIDIA Thor,11.0,580.00,13.0,1575.000,,,,mem_clock_mhz:unavailable;temperature_c:unavailable;power_w:unavailable;sm_clock_mhz:sysfs_or_default,bf16,128,8,500,0,47,batch,same,same,discard,0,32,0,20,none,0,432615.0,,,,,108.15375,0.403232,,,,,152.69994799070767,104.01714149670661,16241,0.000000000,1,4892dc04b31d0a0ab6dc867d2d008f80eda57342130effdd642da1f08b825b07,8,3,19,10,2,0,0,"static single-case binary; CUDA event includes setup/readback, clock64 covers timed window"
calibration,v2_calibration_bf16_n128_q8_batch_same_in0_same_discard_h32_b0_none_ops0,1,,NVIDIA Thor,11.0,580.00,13.0,1575.000,,,,mem_clock_mhz:unavailable;temperature_c:unavailable;power_w:unavailable;sm_clock_mhz:sysfs_or_default,bf16,128,8,500,1,47,batch,same,same,discard,0,32,0,20,none,0,432479.0,,,,,108.11975,0.404512,,,,,152.74796695330872,103.68799936713867,16010,0.000000000,1,4892dc04b31d0a0ab6dc867d2d008f80eda57342130effdd642da1f08b825b07,8,3,19,10,2,0,0,"static single-case binary; CUDA event includes setup/readback, clock64 covers timed window"
calibration,v2_calibration_bf16_n128_q8_batch_same_in0_same_discard_h32_b0_none_ops0,1,,NVIDIA Thor,11.0,580.00,13.0,1575.000,,,,mem_clock_mhz:unavailable;temperature_c:unavailable;power_w:unavailable;sm_clock_mhz:sysfs_or_default,bf16,128,8,500,2,47,batch,same,same,discard,0,32,0,20,none,0,431982.0,,,,,107.9955,0.404544,,,,,152.92370515438145,103.6797975003955,15545,0.000000000,1,4892dc04b31d0a0ab6dc867d2d008f80eda57342130effdd642da1f08b825b07,8,3,19,10,2,0,0,"static single-case binary; CUDA event includes setup/readback, clock64 covers timed window"
calibration,v2_calibration_fp16_n128_q1_batch_ring_in0_same_discard_h32_b0_none_ops0,1,,NVIDIA Thor,11.0,580.00,13.0,1575.000,,,,mem_clock_mhz:unavailable;temperature_c:unavailable;power_w:unavailable;sm_clock_mhz:sysfs_or_default,fp16,128,1,500,0,48,batch,ring,same,discard,0,32,0,20,none,0,215655.0,,,,,431.31,0.265824,,,,,38.29049175766849,19.72312507523775,10000,0.000000000,1,ca30d9cb7651db5650e1a3a45c718979ab7970b1eb21c2db883dac900e0ab89f,1,3,17,7,2,0,0,"static single-case binary; CUDA event includes setup/readback, clock64 covers timed window"
calibration,v2_calibration_fp16_n128_q1_batch_ring_in0_same_discard_h32_b0_none_ops0,1,,NVIDIA Thor,11.0,580.00,13.0,1575.000,,,,mem_clock_mhz:unavailable;temperature_c:unavailable;power_w:unavailable;sm_clock_mhz:sysfs_or_default,fp16,128,1,500,1,48,batch,ring,same,discard,0,32,0,20,none,0,215655.0,,,,,431.31,0.268128,,,,,38.29049175766849,19.55364601981144,10000,0.000000000,1,ca30d9cb7651db5650e1a3a45c718979ab7970b1eb21c2db883dac900e0ab89f,1,3,17,7,2,0,0,"static single-case binary; CUDA event includes setup/readback, clock64 covers timed window"
calibration,v2_calibration_fp16_n128_q1_batch_ring_in0_same_discard_h32_b0_none_ops0,1,,NVIDIA Thor,11.0,580.00,13.0,1575.000,,,,mem_clock_mhz:unavailable;temperature_c:unavailable;power_w:unavailable;sm_clock_mhz:sysfs_or_default,fp16,128,1,500,2,48,batch,ring,same,discard,0,32,0,20,none,0,215655.0,,,,,431.31,0.264096,,,,,38.29049175766849,19.85217496667878,10000,0.000000000,1,ca30d9cb7651db5650e1a3a45c718979ab7970b1eb21c2db883dac900e0ab89f,1,3,17,7,2,0,0,"static single-case binary; CUDA event includes setup/readback, clock64 covers timed window"
calibration,v2_calibration_bf16_n128_q32_batch_same_in0_same_discard_h10000000_b1_none_ops0,1,,NVIDIA Thor,11.0,580.00,13.0,1575.000,,,,mem_clock_mhz:unavailable;temperature_c:unavailable;power_w:unavailable;sm_clock_mhz:sysfs_or_default,bf16,128,32,500,0,49,batch,same,same,discard,0,10000000,1,1,none,0,1215422.0,,,,,75.963875,0.869888,,,,,10.870345937460405,9.643319599764569,500,0.000000000,1,c2cac3b5415461651fdc0824c326c2f7d94304e6e9032637c1146a7b8a99fe3f,32,3,19,10,2,0,0,"static single-case binary; CUDA event includes setup/readback, clock64 covers timed window"
calibration,v2_calibration_bf16_n128_q32_batch_same_in0_same_discard_h10000000_b1_none_ops0,1,,NVIDIA Thor,11.0,580.00,13.0,1575.000,,,,mem_clock_mhz:unavailable;temperature_c:unavailable;power_w:unavailable;sm_clock_mhz:sysfs_or_default,bf16,128,32,500,1,49,batch,same,same,discard,0,10000000,1,1,none,0,1215423.0,,,,,75.9639375,0.868192,,,,,10.870336993787348,9.66215767940732,500,0.000000000,1,c2cac3b5415461651fdc0824c326c2f7d94304e6e9032637c1146a7b8a99fe3f,32,3,19,10,2,0,0,"static single-case binary; CUDA event includes setup/readback, clock64 covers timed window"
calibration,v2_calibration_bf16_n128_q32_batch_same_in0_same_discard_h10000000_b1_none_ops0,1,,NVIDIA Thor,11.0,580.00,13.0,1575.000,,,,mem_clock_mhz:unavailable;temperature_c:unavailable;power_w:unavailable;sm_clock_mhz:sysfs_or_default,bf16,128,32,500,2,49,batch,same,same,discard,0,10000000,1,1,none,0,1215422.0,,,,,75.963875,0.870016,,,,,10.870345937460405,9.641900838605265,500,0.000000000,1,c2cac3b5415461651fdc0824c326c2f7d94304e6e9032637c1146a7b8a99fe3f,32,3,19,10,2,0,0,"static single-case binary; CUDA event includes setup/readback, clock64 covers timed window"
control,v2_control_fp16_n256_q64_empty_same_in0_same_discard_h32_b0_none_ops0,1,,NVIDIA Thor,11.0,580.00,13.0,1575.000,,,,mem_clock_mhz:unavailable;temperature_c:unavailable;power_w:unavailable;sm_clock_mhz:sysfs_or_default,fp16,256,64,1000,0,50,empty,same,same,discard,0,32,0,20,none,0,264117.0,,,,,,0.299136,,,,,,,0,0.000000000,1,c955d3e26f8c86660201f32239b2e335f327e336e6bc4fd4453380463e23eaec,0,2,16,9,2,0,0,"static single-case binary; CUDA event includes setup/readback, clock64 covers timed window"
control,v2_control_fp16_n256_q64_empty_same_in0_same_discard_h32_b0_none_ops0,1,,NVIDIA Thor,11.0,580.00,13.0,1575.000,,,,mem_clock_mhz:unavailable;temperature_c:unavailable;power_w:unavailable;sm_clock_mhz:sysfs_or_default,fp16,256,64,1000,1,50,empty,same,same,discard,0,32,0,20,none,0,264112.0,,,,,,0.29968,,,,,,,0,0.000000000,1,c955d3e26f8c86660201f32239b2e335f327e336e6bc4fd4453380463e23eaec,0,2,16,9,2,0,0,"static single-case binary; CUDA event includes setup/readback, clock64 covers timed window"
control,v2_control_fp16_n256_q64_empty_same_in0_same_discard_h32_b0_none_ops0,1,,NVIDIA Thor,11.0,580.00,13.0,1575.000,,,,mem_clock_mhz:unavailable;temperature_c:unavailable;power_w:unavailable;sm_clock_mhz:sysfs_or_default,fp16,256,64,1000,2,50,empty,same,same,discard,0,32,0,20,none,0,264111.0,,,,,,0.299392,,,,,,,0,0.000000000,1,c955d3e26f8c86660201f32239b2e335f327e336e6bc4fd4453380463e23eaec,0,2,16,9,2,0,0,"static single-case binary; CUDA event includes setup/readback, clock64 covers timed window"
calibration,v2_calibration_fp16_n256_q16_batch_same_in0_same_discard_h32_b1_none_ops0,1,,NVIDIA Thor,11.0,580.00,13.0,1575.000,,,,mem_clock_mhz:unavailable;temperature_c:unavailable;power_w:unavailable;sm_clock_mhz:sysfs_or_default,fp16,256,16,500,0,51,batch,same,same,discard,0,32,1,1,none,0,1234371.0,,,,,154.296375,0.88032,,,,,10.703473753028872,9.529043984005817,1498,0.000000000,1,75874f0f10508a8d3b3468fa66852ed6e0cd9f98ac8acada6d51b96351f052a7,16,3,19,10,2,0,0,"static single-case binary; CUDA event includes setup/readback, clock64 covers timed window"
calibration,v2_calibration_fp16_n256_q16_batch_same_in0_same_discard_h32_b1_none_ops0,1,,NVIDIA Thor,11.0,580.00,13.0,1575.000,,,,mem_clock_mhz:unavailable;temperature_c:unavailable;power_w:unavailable;sm_clock_mhz:sysfs_or_default,fp16,256,16,500,1,51,batch,same,same,discard,0,32,1,1,none,0,1236881.0,,,,,154.610125,0.88256,,,,,10.681753216356302,9.504858593183467,1498,0.000000000,1,75874f0f10508a8d3b3468fa66852ed6e0cd9f98ac8acada6d51b96351f052a7,16,3,19,10,2,0,0,"static single-case binary; CUDA event includes setup/readback, clock64 covers timed window"
calibration,v2_calibration_fp16_n256_q16_batch_same_in0_same_discard_h32_b1_none_ops0,1,,NVIDIA Thor,11.0,580.00,13.0,1575.000,,,,mem_clock_mhz:unavailable;temperature_c:unavailable;power_w:unavailable;sm_clock_mhz:sysfs_or_default,fp16,256,16,500,2,51,batch,same,same,discard,0,32,1,1,none,0,1236730.0,,,,,154.59125,0.88112,,,,,10.683057417544655,9.520392228073362,1500,0.000000000,1,75874f0f10508a8d3b3468fa66852ed6e0cd9f98ac8acada6d51b96351f052a7,16,3,19,10,2,0,0,"static single-case binary; CUDA event includes setup/readback, clock64 covers timed window"
calibration,v2_calibration_fp16_n256_q64_batch_same_in0_same_discard_h0_b0_none_ops0,1,,NVIDIA Thor,11.0,580.00,13.0,1575.000,,,,mem_clock_mhz:unavailable;temperature_c:unavailable;power_w:unavailable;sm_clock_mhz:sysfs_or_default,fp16,256,64,500,0,52,batch,same,same,discard,0,0,0,20,none,0,4323025.0,,,,,135.09453125,2.875296,,,,,244.496529166498,233.3981057950207,30000,0.000000000,1,d4ba1be6804b7e3eba4b68d91ab109ed019489cf5a8eaef8d3f0b4bc0e37808e,64,3,19,10,2,0,0,"static single-case binary; CUDA event includes setup/readback, clock64 covers timed window"
calibration,v2_calibration_fp16_n256_q64_batch_same_in0_same_discard_h0_b0_none_ops0,1,,NVIDIA Thor,11.0,580.00,13.0,1575.000,,,,mem_clock_mhz:unavailable;temperature_c:unavailable;power_w:unavailable;sm_clock_mhz:sysfs_or_default,fp16,256,64,500,1,52,batch,same,same,discard,0,0,0,20,none,0,4323015.0,,,,,135.09421875,2.874016,,,,,244.49709473596553,233.50205426831303,29993,0.000000000,1,d4ba1be6804b7e3eba4b68d91ab109ed019489cf5a8eaef8d3f0b4bc0e37808e,64,3,19,10,2,0,0,"static single-case binary; CUDA event includes setup/readback, clock64 covers timed window"
calibration,v2_calibration_fp16_n256_q64_batch_same_in0_same_discard_h0_b0_none_ops0,1,,NVIDIA Thor,11.0,580.00,13.0,1575.000,,,,mem_clock_mhz:unavailable;temperature_c:unavailable;power_w:unavailable;sm_clock_mhz:sysfs_or_default,fp16,256,64,500,2,52,batch,same,same,discard,0,0,0,20,none,0,4323003.0,,,,,135.09384375,2.875424,,,,,244.49777342278043,233.38771603770434,29996,0.000000000,1,d4ba1be6804b7e3eba4b68d91ab109ed019489cf5a8eaef8d3f0b4bc0e37808e,64,3,19,10,2,0,0,"static single-case binary; CUDA event includes setup/readback, clock64 covers timed window"
calibration,v2_calibration_fp16_n128_q2_batch_same_in1_same_discard_h10000000_b0_none_ops0,1,,NVIDIA Thor,11.0,580.00,13.0,1575.000,,,,mem_clock_mhz:unavailable;temperature_c:unavailable;power_w:unavailable;sm_clock_mhz:sysfs_or_default,fp16,128,2,500,0,53,batch,same,same,discard,1,10000000,0,20,none,0,237654.0,,,,,237.654,0.281824,,,,,69.49208513216693,37.20676734415805,10000,0.000000000,1,4f808d6d1049f674840b19c02fce9aa5f86b08d1bb30923fe844e68029ed8ee0,2,3,19,10,2,0,0,"static single-case binary; CUDA event includes setup/readback, clock64 covers timed window"
calibration,v2_calibration_fp16_n128_q2_batch_same_in1_same_discard_h10000000_b0_none_ops0,1,,NVIDIA Thor,11.0,580.00,13.0,1575.000,,,,mem_clock_mhz:unavailable;temperature_c:unavailable;power_w:unavailable;sm_clock_mhz:sysfs_or_default,fp16,128,2,500,1,53,batch,same,same,discard,1,10000000,0,20,none,0,237652.0,,,,,237.652,0.282528,,,,,69.4926699543871,37.11405595197645,10000,0.000000000,1,4f808d6d1049f674840b19c02fce9aa5f86b08d1bb30923fe844e68029ed8ee0,2,3,19,10,2,0,0,"static single-case binary; CUDA event includes setup/readback, clock64 covers timed window"
calibration,v2_calibration_fp16_n128_q2_batch_same_in1_same_discard_h10000000_b0_none_ops0,1,,NVIDIA Thor,11.0,580.00,13.0,1575.000,,,,mem_clock_mhz:unavailable;temperature_c:unavailable;power_w:unavailable;sm_clock_mhz:sysfs_or_default,fp16,128,2,500,2,53,batch,same,same,discard,1,10000000,0,20,none,0,237653.0,,,,,237.653,0.281056,,,,,69.4923775420466,37.30843675281795,10000,0.000000000,1,4f808d6d1049f674840b19c02fce9aa5f86b08d1bb30923fe844e68029ed8ee0,2,3,19,10,2,0,0,"static single-case binary; CUDA event includes setup/readback, clock64 covers timed window"
calibration,v2_calibration_fp16_n256_q8_batch_same_in0_same_discard_h0_b0_none_ops0,1,,NVIDIA Thor,11.0,580.00,13.0,1575.000,,,,mem_clock_mhz:unavailable;temperature_c:unavailable;power_w:unavailable;sm_clock_mhz:sysfs_or_default,fp16,256,8,500,0,54,batch,same,same,discard,0,0,0,20,none,0,725633.0,,,,,181.40825,0.592128,,,,,182.0763057909439,141.66882836143535,29995,0.000000000,1,6c89c95e8f3d68cd883c5ebffe66b8615221c3c08bc6a98846bce2563bf44748,8,3,19,10,2,0,0,"static single-case binary; CUDA event includes setup/readback, clock64 covers timed window"
calibration,v2_calibration_fp16_n256_q8_batch_same_in0_same_discard_h0_b0_none_ops0,1,,NVIDIA Thor,11.0,580.00,13.0,1575.000,,,,mem_clock_mhz:unavailable;temperature_c:unavailable;power_w:unavailable;sm_clock_mhz:sysfs_or_default,fp16,256,8,500,1,54,batch,same,same,discard,0,0,0,20,none,0,725813.0,,,,,181.45325,0.593248,,,,,182.03115127450184,141.40137008468633,29992,0.000000000,1,6c89c95e8f3d68cd883c5ebffe66b8615221c3c08bc6a98846bce2563bf44748,8,3,19,10,2,0,0,"static single-case binary; CUDA event includes setup/readback, clock64 covers timed window"
calibration,v2_calibration_fp16_n256_q8_batch_same_in0_same_discard_h0_b0_none_ops0,1,,NVIDIA Thor,11.0,580.00,13.0,1575.000,,,,mem_clock_mhz:unavailable;temperature_c:unavailable;power_w:unavailable;sm_clock_mhz:sysfs_or_default,fp16,256,8,500,2,54,batch,same,same,discard,0,0,0,20,none,0,726001.0,,,,,181.50025,0.592704,,,,,181.98401379612426,141.53115214339704,29999,0.000000000,1,6c89c95e8f3d68cd883c5ebffe66b8615221c3c08bc6a98846bce2563bf44748,8,3,19,10,2,0,0,"static single-case binary; CUDA event includes setup/readback, clock64 covers timed window"
calibration,v2_calibration_fp16_n256_q64_batch_same_in0_same_discard_h0_b1_none_ops0,1,,NVIDIA Thor,11.0,580.00,13.0,1575.000,,,,mem_clock_mhz:unavailable;temperature_c:unavailable;power_w:unavailable;sm_clock_mhz:sysfs_or_default,fp16,256,64,500,0,55,batch,same,same,discard,0,0,1,1,none,0,4322785.0,,,,,135.08703125,2.841504,,,,,12.225505177796258,11.808687230424452,1499,0.000000000,1,d4ba1be6804b7e3eba4b68d91ab109ed019489cf5a8eaef8d3f0b4bc0e37808e,64,3,19,10,2,0,0,"static single-case binary; CUDA event includes setup/readback, clock64 covers timed window"
calibration,v2_calibration_fp16_n256_q64_batch_same_in0_same_discard_h0_b1_none_ops0,1,,NVIDIA Thor,11.0,580.00,13.0,1575.000,,,,mem_clock_mhz:unavailable;temperature_c:unavailable;power_w:unavailable;sm_clock_mhz:sysfs_or_default,fp16,256,64,500,1,55,batch,same,same,discard,0,0,1,1,none,0,4322855.0,,,,,135.08921875,2.843712,,,,,12.225307210165504,11.799518375981814,1500,0.000000000,1,d4ba1be6804b7e3eba4b68d91ab109ed019489cf5a8eaef8d3f0b4bc0e37808e,64,3,19,10,2,0,0,"static single-case binary; CUDA event includes setup/readback, clock64 covers timed window"
calibration,v2_calibration_fp16_n256_q64_batch_same_in0_same_discard_h0_b1_none_ops0,1,,NVIDIA Thor,11.0,580.00,13.0,1575.000,,,,mem_clock_mhz:unavailable;temperature_c:unavailable;power_w:unavailable;sm_clock_mhz:sysfs_or_default,fp16,256,64,500,2,55,batch,same,same,discard,0,0,1,1,none,0,4322930.0,,,,,135.0915625,2.842656,,,,,12.225095109104242,11.803901703195885,1500,0.000000000,1,d4ba1be6804b7e3eba4b68d91ab109ed019489cf5a8eaef8d3f0b4bc0e37808e,64,3,19,10,2,0,0,"static single-case binary; CUDA event includes setup/readback, clock64 covers timed window"
calibration,v2_calibration_bf16_n128_q16_batch_same_in1_same_discard_h32_b0_none_ops0,1,,NVIDIA Thor,11.0,580.00,13.0,1575.000,,,,mem_clock_mhz:unavailable;temperature_c:unavailable;power_w:unavailable;sm_clock_mhz:sysfs_or_default,bf16,128,16,500,0,56,batch,same,same,discard,1,32,0,20,none,0,684461.0,,,,,85.557625,0.565056,,,,,193.02864005399869,148.4562238079058,19063,0.000000000,1,24f496b79732b226df2b4fd27575497c370cb0003d59ceb157bf5ec9f53bc9ea,16,3,19,10,2,0,0,"static single-case binary; CUDA event includes setup/readback, clock64 covers timed window"
calibration,v2_calibration_bf16_n128_q16_batch_same_in1_same_discard_h32_b0_none_ops0,1,,NVIDIA Thor,11.0,580.00,13.0,1575.000,,,,mem_clock_mhz:unavailable;temperature_c:unavailable;power_w:unavailable;sm_clock_mhz:sysfs_or_default,bf16,128,16,500,1,56,batch,same,same,discard,1,32,0,20,none,0,684510.0,,,,,85.56375,0.566176,,,,,193.0148222816321,148.16255016108062,19138,0.000000000,1,24f496b79732b226df2b4fd27575497c370cb0003d59ceb157bf5ec9f53bc9ea,16,3,19,10,2,0,0,"static single-case binary; CUDA event includes setup/readback, clock64 covers timed window"
calibration,v2_calibration_bf16_n128_q16_batch_same_in1_same_discard_h32_b0_none_ops0,1,,NVIDIA Thor,11.0,580.00,13.0,1575.000,,,,mem_clock_mhz:unavailable;temperature_c:unavailable;power_w:unavailable;sm_clock_mhz:sysfs_or_default,bf16,128,16,500,2,56,batch,same,same,discard,1,32,0,20,none,0,684518.0,,,,,85.56475,0.56528,,,,,193.01256650665138,148.39739598075292,19098,0.000000000,1,24f496b79732b226df2b4fd27575497c370cb0003d59ceb157bf5ec9f53bc9ea,16,3,19,10,2,0,0,"static single-case binary; CUDA event includes setup/readback, clock64 covers timed window"
calibration,v2_calibration_fp16_n256_q16_batch_same_in1_same_discard_h0_b1_none_ops0,1,,NVIDIA Thor,11.0,580.00,13.0,1575.000,,,,mem_clock_mhz:unavailable;temperature_c:unavailable;power_w:unavailable;sm_clock_mhz:sysfs_or_default,fp16,256,16,500,0,57,batch,same,same,discard,1,0,1,1,none,0,1238816.0,,,,,154.852,0.885344,,,,,10.665068581613411,9.474970181082154,1500,0.000000000,1,bffefff912f113ddbcc6e00b987ff97fd019162953ea1317a6590982dddd9809,16,3,19,10,2,0,0,"static single-case binary; CUDA event includes setup/readback, clock64 covers timed window"
calibration,v2_calibration_fp16_n256_q16_batch_same_in1_same_discard_h0_b1_none_ops0,1,,NVIDIA Thor,11.0,580.00,13.0,1575.000,,,,mem_clock_mhz:unavailable;temperature_c:unavailable;power_w:unavailable;sm_clock_mhz:sysfs_or_default,fp16,256,16,500,1,57,batch,same,same,discard,1,0,1,1,none,0,1238817.0,,,,,154.852125,0.883808,,,,,10.665059972538316,9.491437054201816,1500,0.000000000,1,bffefff912f113ddbcc6e00b987ff97fd019162953ea1317a6590982dddd9809,16,3,19,10,2,0,0,"static single-case binary; CUDA event includes setup/readback, clock64 covers timed window"
calibration,v2_calibration_fp16_n256_q16_batch_same_in1_same_discard_h0_b1_none_ops0,1,,NVIDIA Thor,11.0,580.00,13.0,1575.000,,,,mem_clock_mhz:unavailable;temperature_c:unavailable;power_w:unavailable;sm_clock_mhz:sysfs_or_default,fp16,256,16,500,2,57,batch,same,same,discard,1,0,1,1,none,0,1238841.0,,,,,154.855125,0.884096,,,,,10.664853358905622,9.488345157087014,1500,0.000000000,1,bffefff912f113ddbcc6e00b987ff97fd019162953ea1317a6590982dddd9809,16,3,19,10,2,0,0,"static single-case binary; CUDA event includes setup/readback, clock64 covers timed window"
calibration,v2_calibration_bf16_n128_q32_batch_ring_in0_same_discard_h32_b0_none_ops0,1,,NVIDIA Thor,11.0,580.00,13.0,1575.000,,,,mem_clock_mhz:unavailable;temperature_c:unavailable;power_w:unavailable;sm_clock_mhz:sysfs_or_default,bf16,128,32,500,0,58,batch,ring,same,discard,0,32,0,20,none,0,1189117.0,,,,,74.3198125,0.884864,,,,,222.21627644714522,189.60219875596704,12634,0.000000000,1,68a05265a2ce67e0abdee69a8fbffa08f0e3e61576163a2ca95bec90641fe3e9,32,3,17,7,2,0,0,"static single-case binary; CUDA event includes setup/readback, clock64 covers timed window"
calibration,v2_calibration_bf16_n128_q32_batch_ring_in0_same_discard_h32_b0_none_ops0,1,,NVIDIA Thor,11.0,580.00,13.0,1575.000,,,,mem_clock_mhz:unavailable;temperature_c:unavailable;power_w:unavailable;sm_clock_mhz:sysfs_or_default,bf16,128,32,500,1,58,batch,ring,same,discard,0,32,0,20,none,0,1189284.0,,,,,74.33025,0.889248,,,,,222.1850726992039,188.66745834682789,12462,0.000000000,1,68a05265a2ce67e0abdee69a8fbffa08f0e3e61576163a2ca95bec90641fe3e9,32,3,17,7,2,0,0,"static single-case binary; CUDA event includes setup/readback, clock64 covers timed window"
calibration,v2_calibration_bf16_n128_q32_batch_ring_in0_same_discard_h32_b0_none_ops0,1,,NVIDIA Thor,11.0,580.00,13.0,1575.000,,,,mem_clock_mhz:unavailable;temperature_c:unavailable;power_w:unavailable;sm_clock_mhz:sysfs_or_default,bf16,128,32,500,2,58,batch,ring,same,discard,0,32,0,20,none,0,1189112.0,,,,,74.3195,0.885728,,,,,222.21721082623,189.41724773293834,12610,0.000000000,1,68a05265a2ce67e0abdee69a8fbffa08f0e3e61576163a2ca95bec90641fe3e9,32,3,17,7,2,0,0,"static single-case binary; CUDA event includes setup/readback, clock64 covers timed window"
calibration,v2_calibration_fp16_n256_q16_batch_same_in1_same_discard_h32_b1_none_ops0,1,,NVIDIA Thor,11.0,580.00,13.0,1575.000,,,,mem_clock_mhz:unavailable;temperature_c:unavailable;power_w:unavailable;sm_clock_mhz:sysfs_or_default,fp16,256,16,500,0,59,batch,same,same,discard,1,32,1,1,none,0,1235594.0,,,,,154.44925,0.881792,,,,,10.692879376235236,9.513136884888953,1500,0.000000000,1,d4129a774ae4e60330d70cf4b3b723a2bea54bc1afd3ec87d913c8affddc9feb,16,3,19,10,2,0,0,"static single-case binary; CUDA event includes setup/readback, clock64 covers timed window"
calibration,v2_calibration_fp16_n256_q16_batch_same_in1_same_discard_h32_b1_none_ops0,1,,NVIDIA Thor,11.0,580.00,13.0,1575.000,,,,mem_clock_mhz:unavailable;temperature_c:unavailable;power_w:unavailable;sm_clock_mhz:sysfs_or_default,fp16,256,16,500,1,59,batch,same,same,discard,1,32,1,1,none,0,1235159.0,,,,,154.394875,0.881952,,,,,10.696645209240268,9.511411051848627,1498,0.000000000,1,d4129a774ae4e60330d70cf4b3b723a2bea54bc1afd3ec87d913c8affddc9feb,16,3,19,10,2,0,0,"static single-case binary; CUDA event includes setup/readback, clock64 covers timed window"
calibration,v2_calibration_fp16_n256_q16_batch_same_in1_same_discard_h32_b1_none_ops0,1,,NVIDIA Thor,11.0,580.00,13.0,1575.000,,,,mem_clock_mhz:unavailable;temperature_c:unavailable;power_w:unavailable;sm_clock_mhz:sysfs_or_default,fp16,256,16,500,2,59,batch,same,same,discard,1,32,1,1,none,0,1237085.0,,,,,154.635625,0.882592,,,,,10.679991754810704,9.50451397701316,1498,0.000000000,1,d4129a774ae4e60330d70cf4b3b723a2bea54bc1afd3ec87d913c8affddc9feb,16,3,19,10,2,0,0,"static single-case binary; CUDA event includes setup/readback, clock64 covers timed window"
calibration,v2_calibration_fp16_n256_q8_batch_ring_in0_same_discard_h32_b0_none_ops0,1,,NVIDIA Thor,11.0,580.00,13.0,1575.000,,,,mem_clock_mhz:unavailable;temperature_c:unavailable;power_w:unavailable;sm_clock_mhz:sysfs_or_default,fp16,256,8,500,0,60,batch,ring,same,discard,0,32,0,20,none,0,709725.0,,,,,177.43125,0.584064,,,,,186.1574215365106,143.62480824019283,29972,0.000000000,1,862273fd4b8bb558c8835608cb96c4922d55c362e74a82566ccb25c38341d15d,8,3,17,7,2,0,0,"static single-case binary; CUDA event includes setup/readback, clock64 covers timed window"
calibration,v2_calibration_fp16_n256_q8_batch_ring_in0_same_discard_h32_b0_none_ops0,1,,NVIDIA Thor,11.0,580.00,13.0,1575.000,,,,mem_clock_mhz:unavailable;temperature_c:unavailable;power_w:unavailable;sm_clock_mhz:sysfs_or_default,fp16,256,8,500,1,60,batch,ring,same,discard,0,32,0,20,none,0,709936.0,,,,,177.484,0.581984,,,,,186.10209370985552,144.13812063561886,29986,0.000000000,1,862273fd4b8bb558c8835608cb96c4922d55c362e74a82566ccb25c38341d15d,8,3,17,7,2,0,0,"static single-case binary; CUDA event includes setup/readback, clock64 covers timed window"
calibration,v2_calibration_fp16_n256_q8_batch_ring_in0_same_discard_h32_b0_none_ops0,1,,NVIDIA Thor,11.0,580.00,13.0,1575.000,,,,mem_clock_mhz:unavailable;temperature_c:unavailable;power_w:unavailable;sm_clock_mhz:sysfs_or_default,fp16,256,8,500,2,60,batch,ring,same,discard,0,32,0,20,none,0,709921.0,,,,,177.48025,0.586528,,,,,186.10602588175303,143.0214414316111,29996,0.000000000,1,862273fd4b8bb558c8835608cb96c4922d55c362e74a82566ccb25c38341d15d,8,3,17,7,2,0,0,"static single-case binary; CUDA event includes setup/readback, clock64 covers timed window"
calibration,v2_calibration_fp16_n256_q32_batch_ring_in0_same_discard_h10000000_b0_none_ops0,1,,NVIDIA Thor,11.0,580.00,13.0,1575.000,,,,mem_clock_mhz:unavailable;temperature_c:unavailable;power_w:unavailable;sm_clock_mhz:sysfs_or_default,fp16,256,32,500,0,61,batch,ring,same,discard,0,10000000,0,20,none,0,2239158.0,,,,,139.947375,1.553024,,,,,236.0183175997406,216.05868293084978,10000,0.000000000,1,65bd625865446b0621f39de0b7d34a80954cabae2012572ee6d88c1436d1c296,32,3,17,7,2,0,0,"static single-case binary; CUDA event includes setup/readback, clock64 covers timed window"
calibration,v2_calibration_fp16_n256_q32_batch_ring_in0_same_discard_h10000000_b0_none_ops0,1,,NVIDIA Thor,11.0,580.00,13.0,1575.000,,,,mem_clock_mhz:unavailable;temperature_c:unavailable;power_w:unavailable;sm_clock_mhz:sysfs_or_default,fp16,256,32,500,1,61,batch,ring,same,discard,0,10000000,0,20,none,0,2239150.0,,,,,139.946875,1.553312,,,,,236.0191608422839,216.01862343173812,10000,0.000000000,1,65bd625865446b0621f39de0b7d34a80954cabae2012572ee6d88c1436d1c296,32,3,17,7,2,0,0,"static single-case binary; CUDA event includes setup/readback, clock64 covers timed window"
calibration,v2_calibration_fp16_n256_q32_batch_ring_in0_same_discard_h10000000_b0_none_ops0,1,,NVIDIA Thor,11.0,580.00,13.0,1575.000,,,,mem_clock_mhz:unavailable;temperature_c:unavailable;power_w:unavailable;sm_clock_mhz:sysfs_or_default,fp16,256,32,500,2,61,batch,ring,same,discard,0,10000000,0,20,none,0,2239182.0,,,,,139.948875,1.566048,,,,,236.01578790826295,214.26183616338707,10020,0.000000000,1,65bd625865446b0621f39de0b7d34a80954cabae2012572ee6d88c1436d1c296,32,3,17,7,2,0,0,"static single-case binary; CUDA event includes setup/readback, clock64 covers timed window"
calibration,v2_calibration_bf16_n128_q8_batch_ring_in0_same_discard_h0_b1_none_ops0,1,,NVIDIA Thor,11.0,580.00,13.0,1575.000,,,,mem_clock_mhz:unavailable;temperature_c:unavailable;power_w:unavailable;sm_clock_mhz:sysfs_or_default,bf16,128,8,500,0,62,batch,ring,same,discard,0,0,1,1,none,0,407854.0,,,,,101.9635,0.356288,,,,,8.0985215297631,5.886114603915932,500,0.000000000,1,6b562f2d47815fda90f30377cc3e7469b111f2ac9ee7d08840e33f9b3d3b57d2,8,3,17,7,2,0,0,"static single-case binary; CUDA event includes setup/readback, clock64 covers timed window"
calibration,v2_calibration_bf16_n128_q8_batch_ring_in0_same_discard_h0_b1_none_ops0,1,,NVIDIA Thor,11.0,580.00,13.0,1575.000,,,,mem_clock_mhz:unavailable;temperature_c:unavailable;power_w:unavailable;sm_clock_mhz:sysfs_or_default,bf16,128,8,500,1,62,batch,ring,same,discard,0,0,1,1,none,0,407814.0,,,,,101.9535,0.355552,,,,,8.099315864585325,5.8982989829898305,500,0.000000000,1,6b562f2d47815fda90f30377cc3e7469b111f2ac9ee7d08840e33f9b3d3b57d2,8,3,17,7,2,0,0,"static single-case binary; CUDA event includes setup/readback, clock64 covers timed window"
calibration,v2_calibration_bf16_n128_q8_batch_ring_in0_same_discard_h0_b1_none_ops0,1,,NVIDIA Thor,11.0,580.00,13.0,1575.000,,,,mem_clock_mhz:unavailable;temperature_c:unavailable;power_w:unavailable;sm_clock_mhz:sysfs_or_default,bf16,128,8,500,2,62,batch,ring,same,discard,0,0,1,1,none,0,406995.0,,,,,101.74875,0.355808,,,,,8.115614196734603,5.894055220793238,500,0.000000000,1,6b562f2d47815fda90f30377cc3e7469b111f2ac9ee7d08840e33f9b3d3b57d2,8,3,17,7,2,0,0,"static single-case binary; CUDA event includes setup/readback, clock64 covers timed window"
calibration,v2_calibration_bf16_n128_q8_batch_same_in1_same_discard_h32_b0_none_ops0,1,,NVIDIA Thor,11.0,580.00,13.0,1575.000,,,,mem_clock_mhz:unavailable;temperature_c:unavailable;power_w:unavailable;sm_clock_mhz:sysfs_or_default,bf16,128,8,500,0,63,batch,same,same,discard,1,32,0,20,none,0,432480.0,,,,,108.12,0.405888,,,,,152.7476137624861,103.33648691264584,16007,0.000000000,1,a40645c4feda1e8a24a90daa0beab71066d0e4236c24cba34ef3c327a346804c,8,3,19,10,2,0,0,"static single-case binary; CUDA event includes setup/readback, clock64 covers timed window"
calibration,v2_calibration_bf16_n128_q8_batch_same_in1_same_discard_h32_b0_none_ops0,1,,NVIDIA Thor,11.0,580.00,13.0,1575.000,,,,mem_clock_mhz:unavailable;temperature_c:unavailable;power_w:unavailable;sm_clock_mhz:sysfs_or_default,bf16,128,8,500,1,63,batch,same,same,discard,1,32,0,20,none,0,432008.0,,,,,108.002,0.4056,,,,,152.91450158330403,103.40986193293885,15240,0.000000000,1,a40645c4feda1e8a24a90daa0beab71066d0e4236c24cba34ef3c327a346804c,8,3,19,10,2,0,0,"static single-case binary; CUDA event includes setup/readback, clock64 covers timed window"
calibration,v2_calibration_bf16_n128_q8_batch_same_in1_same_discard_h32_b0_none_ops0,1,,NVIDIA Thor,11.0,580.00,13.0,1575.000,,,,mem_clock_mhz:unavailable;temperature_c:unavailable;power_w:unavailable;sm_clock_mhz:sysfs_or_default,bf16,128,8,500,2,63,batch,same,same,discard,1,32,0,20,none,0,432420.0,,,,,108.105,0.403968,,,,,152.76880810323297,103.82762991128011,16272,0.000000000,1,a40645c4feda1e8a24a90daa0beab71066d0e4236c24cba34ef3c327a346804c,8,3,19,10,2,0,0,"static single-case binary; CUDA event includes setup/readback, clock64 covers timed window"
calibration,v2_calibration_bf16_n128_q4_batch_same_in1_same_discard_h0_b1_none_ops0,1,,NVIDIA Thor,11.0,580.00,13.0,1575.000,,,,mem_clock_mhz:unavailable;temperature_c:unavailable;power_w:unavailable;sm_clock_mhz:sysfs_or_default,bf16,128,4,500,0,64,batch,same,same,discard,1,0,1,1,none,0,291134.0,,,,,145.567,0.281664,,,,,5.672670316761353,3.7227902749375135,500,0.000000000,1,76b19556e3f1678a23462bc1207b326e803e328c3a631d9f688604d6ae9a5058,4,3,19,10,2,0,0,"static single-case binary; CUDA event includes setup/readback, clock64 covers timed window"
calibration,v2_calibration_bf16_n128_q4_batch_same_in1_same_discard_h0_b1_none_ops0,1,,NVIDIA Thor,11.0,580.00,13.0,1575.000,,,,mem_clock_mhz:unavailable;temperature_c:unavailable;power_w:unavailable;sm_clock_mhz:sysfs_or_default,bf16,128,4,500,1,64,batch,same,same,discard,1,0,1,1,none,0,291134.0,,,,,145.567,0.297088,,,,,5.672670316761353,3.529513140887548,500,0.000000000,1,76b19556e3f1678a23462bc1207b326e803e328c3a631d9f688604d6ae9a5058,4,3,19,10,2,0,0,"static single-case binary; CUDA event includes setup/readback, clock64 covers timed window"
calibration,v2_calibration_bf16_n128_q4_batch_same_in1_same_discard_h0_b1_none_ops0,1,,NVIDIA Thor,11.0,580.00,13.0,1575.000,,,,mem_clock_mhz:unavailable;temperature_c:unavailable;power_w:unavailable;sm_clock_mhz:sysfs_or_default,bf16,128,4,500,2,64,batch,same,same,discard,1,0,1,1,none,0,291134.0,,,,,145.567,0.280928,,,,,5.672670316761353,3.732543569882674,500,0.000000000,1,76b19556e3f1678a23462bc1207b326e803e328c3a631d9f688604d6ae9a5058,4,3,19,10,2,0,0,"static single-case binary; CUDA event includes setup/readback, clock64 covers timed window"
calibration,v2_calibration_fp16_n256_q64_batch_same_in1_same_discard_h10000000_b1_none_ops0,1,,NVIDIA Thor,11.0,580.00,13.0,1575.000,,,,mem_clock_mhz:unavailable;temperature_c:unavailable;power_w:unavailable;sm_clock_mhz:sysfs_or_default,fp16,256,64,500,0,65,batch,same,same,discard,1,10000000,1,1,none,0,4293632.0,,,,,134.176,2.822016,,,,,12.308514190317196,11.89023449902481,500,0.000000000,1,a90fbbc37bef1fb3e6998efc2d03670b8ed3a5c73e46fff4c4168b9c85bb7243,64,3,19,10,2,0,0,"static single-case binary; CUDA event includes setup/readback, clock64 covers timed window"
calibration,v2_calibration_fp16_n256_q64_batch_same_in1_same_discard_h10000000_b1_none_ops0,1,,NVIDIA Thor,11.0,580.00,13.0,1575.000,,,,mem_clock_mhz:unavailable;temperature_c:unavailable;power_w:unavailable;sm_clock_mhz:sysfs_or_default,fp16,256,64,500,1,65,batch,same,same,discard,1,10000000,1,1,none,0,4293632.0,,,,,134.176,2.82496,,,,,12.308514190317196,11.877843226098777,500,0.000000000,1,a90fbbc37bef1fb3e6998efc2d03670b8ed3a5c73e46fff4c4168b9c85bb7243,64,3,19,10,2,0,0,"static single-case binary; CUDA event includes setup/readback, clock64 covers timed window"
calibration,v2_calibration_fp16_n256_q64_batch_same_in1_same_discard_h10000000_b1_none_ops0,1,,NVIDIA Thor,11.0,580.00,13.0,1575.000,,,,mem_clock_mhz:unavailable;temperature_c:unavailable;power_w:unavailable;sm_clock_mhz:sysfs_or_default,fp16,256,64,500,2,65,batch,same,same,discard,1,10000000,1,1,none,0,4293632.0,,,,,134.176,2.824928,,,,,12.308514190317196,11.877977775008778,501,0.000000000,1,a90fbbc37bef1fb3e6998efc2d03670b8ed3a5c73e46fff4c4168b9c85bb7243,64,3,19,10,2,0,0,"static single-case binary; CUDA event includes setup/readback, clock64 covers timed window"
calibration,v2_calibration_bf16_n128_q8_batch_same_in1_same_discard_h32_b1_none_ops0,1,,NVIDIA Thor,11.0,580.00,13.0,1575.000,,,,mem_clock_mhz:unavailable;temperature_c:unavailable;power_w:unavailable;sm_clock_mhz:sysfs_or_default,bf16,128,8,500,0,66,batch,same,same,discard,1,32,1,1,none,0,432561.0,,,,,108.14025,0.372128,,,,,7.6359505364561295,5.635566256771863,813,0.000000000,1,a40645c4feda1e8a24a90daa0beab71066d0e4236c24cba34ef3c327a346804c,8,3,19,10,2,0,0,"static single-case binary; CUDA event includes setup/readback, clock64 covers timed window"
calibration,v2_calibration_bf16_n128_q8_batch_same_in1_same_discard_h32_b1_none_ops0,1,,NVIDIA Thor,11.0,580.00,13.0,1575.000,,,,mem_clock_mhz:unavailable;temperature_c:unavailable;power_w:unavailable;sm_clock_mhz:sysfs_or_default,bf16,128,8,500,1,66,batch,same,same,discard,1,32,1,1,none,0,432752.0,,,,,108.188,0.372096,,,,,7.632580323141198,5.636050911592708,809,0.000000000,1,a40645c4feda1e8a24a90daa0beab71066d0e4236c24cba34ef3c327a346804c,8,3,19,10,2,0,0,"static single-case binary; CUDA event includes setup/readback, clock64 covers timed window"
calibration,v2_calibration_bf16_n128_q8_batch_same_in1_same_discard_h32_b1_none_ops0,1,,NVIDIA Thor,11.0,580.00,13.0,1575.000,,,,mem_clock_mhz:unavailable;temperature_c:unavailable;power_w:unavailable;sm_clock_mhz:sysfs_or_default,bf16,128,8,500,2,66,batch,same,same,discard,1,32,1,1,none,0,432509.0,,,,,108.12725,0.373312,,,,,7.636868596954052,5.617692439567976,809,0.000000000,1,a40645c4feda1e8a24a90daa0beab71066d0e4236c24cba34ef3c327a346804c,8,3,19,10,2,0,0,"static single-case binary; CUDA event includes setup/readback, clock64 covers timed window"
calibration,v2_calibration_fp16_n128_q16_batch_same_in1_same_discard_h32_b1_none_ops0,1,,NVIDIA Thor,11.0,580.00,13.0,1575.000,,,,mem_clock_mhz:unavailable;temperature_c:unavailable;power_w:unavailable;sm_clock_mhz:sysfs_or_default,fp16,128,16,500,0,67,batch,same,same,discard,1,32,1,1,none,0,684737.0,,,,,85.592125,0.532064,,,,,9.647541756908128,7.883081734528178,964,0.000000000,1,25d1369dc84090d21acdabe5c4ceab16cce6450b5975d160368cd19ad1213a5b,16,3,19,10,2,0,0,"static single-case binary; CUDA event includes setup/readback, clock64 covers timed window"
calibration,v2_calibration_fp16_n128_q16_batch_same_in1_same_discard_h32_b1_none_ops0,1,,NVIDIA Thor,11.0,580.00,13.0,1575.000,,,,mem_clock_mhz:unavailable;temperature_c:unavailable;power_w:unavailable;sm_clock_mhz:sysfs_or_default,fp16,128,16,500,1,67,batch,same,same,discard,1,32,1,1,none,0,684742.0,,,,,85.59275,0.532064,,,,,9.64747131036215,7.883081734528178,965,0.000000000,1,25d1369dc84090d21acdabe5c4ceab16cce6450b5975d160368cd19ad1213a5b,16,3,19,10,2,0,0,"static single-case binary; CUDA event includes setup/readback, clock64 covers timed window"
calibration,v2_calibration_fp16_n128_q16_batch_same_in1_same_discard_h32_b1_none_ops0,1,,NVIDIA Thor,11.0,580.00,13.0,1575.000,,,,mem_clock_mhz:unavailable;temperature_c:unavailable;power_w:unavailable;sm_clock_mhz:sysfs_or_default,fp16,128,16,500,2,67,batch,same,same,discard,1,32,1,1,none,0,684620.0,,,,,85.5775,0.532064,,,,,9.649190499839328,7.883081734528178,960,0.000000000,1,25d1369dc84090d21acdabe5c4ceab16cce6450b5975d160368cd19ad1213a5b,16,3,19,10,2,0,0,"static single-case binary; CUDA event includes setup/readback, clock64 covers timed window"
calibration,v2_calibration_bf16_n256_q16_batch_same_in0_same_discard_h0_b1_none_ops0,1,,NVIDIA Thor,11.0,580.00,13.0,1575.000,,,,mem_clock_mhz:unavailable;temperature_c:unavailable;power_w:unavailable;sm_clock_mhz:sysfs_or_default,bf16,256,16,500,0,68,batch,same,same,discard,0,0,1,1,none,0,1238591.0,,,,,154.823875,0.884768,,,,,10.667005976952844,9.481138558356541,1499,0.000000000,1,1697f0c68da756b6ee0399272054a866c2e13a9a982353dd40123aee1a69a07b,16,3,19,10,2,0,0,"static single-case binary; CUDA event includes setup/readback, clock64 covers timed window"
calibration,v2_calibration_bf16_n256_q16_batch_same_in0_same_discard_h0_b1_none_ops0,1,,NVIDIA Thor,11.0,580.00,13.0,1575.000,,,,mem_clock_mhz:unavailable;temperature_c:unavailable;power_w:unavailable;sm_clock_mhz:sysfs_or_default,bf16,256,16,500,1,68,batch,same,same,discard,0,0,1,1,none,0,1238613.0,,,,,154.826625,0.883808,,,,,10.666816511694938,9.491437054201816,1500,0.000000000,1,1697f0c68da756b6ee0399272054a866c2e13a9a982353dd40123aee1a69a07b,16,3,19,10,2,0,0,"static single-case binary; CUDA event includes setup/readback, clock64 covers timed window"
calibration,v2_calibration_bf16_n256_q16_batch_same_in0_same_discard_h0_b1_none_ops0,1,,NVIDIA Thor,11.0,580.00,13.0,1575.000,,,,mem_clock_mhz:unavailable;temperature_c:unavailable;power_w:unavailable;sm_clock_mhz:sysfs_or_default,bf16,256,16,500,2,68,batch,same,same,discard,0,0,1,1,none,0,1238793.0,,,,,154.849125,0.884544,,,,,10.665266594176751,9.483539541277766,1500,0.000000000,1,1697f0c68da756b6ee0399272054a866c2e13a9a982353dd40123aee1a69a07b,16,3,19,10,2,0,0,"static single-case binary; CUDA event includes setup/readback, clock64 covers timed window"
calibration,v2_calibration_fp16_n128_q1_batch_same_in0_same_discard_h32_b0_none_ops0,1,,NVIDIA Thor,11.0,580.00,13.0,1575.000,,,,mem_clock_mhz:unavailable;temperature_c:unavailable;power_w:unavailable;sm_clock_mhz:sysfs_or_default,fp16,128,1,500,0,69,batch,same,same,discard,0,32,0,20,none,0,215662.0,,,,,431.324,0.267008,,,,,38.28924891728723,19.63566634707574,10000,0.000000000,1,173316705a318c42b5267f8601090ae83451fcba980fd62b9c14cf0c6eaa6e34,1,3,19,10,2,0,0,"static single-case binary; CUDA event includes setup/readback, clock64 covers timed window"
calibration,v2_calibration_fp16_n128_q1_batch_same_in0_same_discard_h32_b0_none_ops0,1,,NVIDIA Thor,11.0,580.00,13.0,1575.000,,,,mem_clock_mhz:unavailable;temperature_c:unavailable;power_w:unavailable;sm_clock_mhz:sysfs_or_default,fp16,128,1,500,1,69,batch,same,same,discard,0,32,0,20,none,0,215663.0,,,,,431.326,0.268224,,,,,38.289071375247495,19.54664757814364,10000,0.000000000,1,173316705a318c42b5267f8601090ae83451fcba980fd62b9c14cf0c6eaa6e34,1,3,19,10,2,0,0,"static single-case binary; CUDA event includes setup/readback, clock64 covers timed window"
calibration,v2_calibration_fp16_n128_q1_batch_same_in0_same_discard_h32_b0_none_ops0,1,,NVIDIA Thor,11.0,580.00,13.0,1575.000,,,,mem_clock_mhz:unavailable;temperature_c:unavailable;power_w:unavailable;sm_clock_mhz:sysfs_or_default,fp16,128,1,500,2,69,batch,same,same,discard,0,32,0,20,none,0,215665.0,,,,,431.33,0.26752,,,,,38.28871629610738,19.598086124401913,10000,0.000000000,1,173316705a318c42b5267f8601090ae83451fcba980fd62b9c14cf0c6eaa6e34,1,3,19,10,2,0,0,"static single-case binary; CUDA event includes setup/readback, clock64 covers timed window"
calibration,v2_calibration_bf16_n128_q8_batch_ring_in0_same_discard_h32_b0_none_ops0,1,,NVIDIA Thor,11.0,580.00,13.0,1575.000,,,,mem_clock_mhz:unavailable;temperature_c:unavailable;power_w:unavailable;sm_clock_mhz:sysfs_or_default,bf16,128,8,500,0,70,batch,ring,same,discard,0,32,0,20,none,0,431918.0,,,,,107.9795,0.404416,,,,,152.94636481924812,103.71261275518278,15687,0.000000000,1,cbf65434819d598257eb828818f7e065f93776f520f78fc6c857ffd45717cd59,8,3,17,7,2,0,0,"static single-case binary; CUDA event includes setup/readback, clock64 covers timed window"
calibration,v2_calibration_bf16_n128_q8_batch_ring_in0_same_discard_h32_b0_none_ops0,1,,NVIDIA Thor,11.0,580.00,13.0,1575.000,,,,mem_clock_mhz:unavailable;temperature_c:unavailable;power_w:unavailable;sm_clock_mhz:sysfs_or_default,bf16,128,8,500,1,70,batch,ring,same,discard,0,32,0,20,none,0,432467.0,,,,,108.11675,0.403648,,,,,152.7522053705832,103.90994133502458,16200,0.000000000,1,cbf65434819d598257eb828818f7e065f93776f520f78fc6c857ffd45717cd59,8,3,17,7,2,0,0,"static single-case binary; CUDA event includes setup/readback, clock64 covers timed window"
calibration,v2_calibration_bf16_n128_q8_batch_ring_in0_same_discard_h32_b0_none_ops0,1,,NVIDIA Thor,11.0,580.00,13.0,1575.000,,,,mem_clock_mhz:unavailable;temperature_c:unavailable;power_w:unavailable;sm_clock_mhz:sysfs_or_default,bf16,128,8,500,2,70,batch,ring,same,discard,0,32,0,20,none,0,432582.0,,,,,108.1455,0.40576,,,,,152.71159687643038,103.36908517350157,16424,0.000000000,1,cbf65434819d598257eb828818f7e065f93776f520f78fc6c857ffd45717cd59,8,3,17,7,2,0,0,"static single-case binary; CUDA event includes setup/readback, clock64 covers timed window"
control,v2_control_bf16_n128_q64_empty_same_in0_same_discard_h10000000_b0_none_ops0,1,,NVIDIA Thor,11.0,580.00,13.0,1575.000,,,,mem_clock_mhz:unavailable;temperature_c:unavailable;power_w:unavailable;sm_clock_mhz:sysfs_or_default,bf16,128,64,1000,0,71,empty,same,same,discard,0,10000000,0,20,none,0,264111.0,,,,,,0.300192,,,,,,,0,0.000000000,1,515eeeffe90fd2682a458ed2cf73a34c0d47a8ab49efaf38e9fd85ab2ddd00ae,0,2,16,9,2,0,0,"static single-case binary; CUDA event includes setup/readback, clock64 covers timed window"
control,v2_control_bf16_n128_q64_empty_same_in0_same_discard_h10000000_b0_none_ops0,1,,NVIDIA Thor,11.0,580.00,13.0,1575.000,,,,mem_clock_mhz:unavailable;temperature_c:unavailable;power_w:unavailable;sm_clock_mhz:sysfs_or_default,bf16,128,64,1000,1,71,empty,same,same,discard,0,10000000,0,20,none,0,264111.0,,,,,,0.3256,,,,,,,0,0.000000000,1,515eeeffe90fd2682a458ed2cf73a34c0d47a8ab49efaf38e9fd85ab2ddd00ae,0,2,16,9,2,0,0,"static single-case binary; CUDA event includes setup/readback, clock64 covers timed window"
control,v2_control_bf16_n128_q64_empty_same_in0_same_discard_h10000000_b0_none_ops0,1,,NVIDIA Thor,11.0,580.00,13.0,1575.000,,,,mem_clock_mhz:unavailable;temperature_c:unavailable;power_w:unavailable;sm_clock_mhz:sysfs_or_default,bf16,128,64,1000,2,71,empty,same,same,discard,0,10000000,0,20,none,0,264115.0,,,,,,0.299744,,,,,,,0,0.000000000,1,515eeeffe90fd2682a458ed2cf73a34c0d47a8ab49efaf38e9fd85ab2ddd00ae,0,2,16,9,2,0,0,"static single-case binary; CUDA event includes setup/readback, clock64 covers timed window"
calibration,v2_calibration_bf16_n128_q64_batch_ring_in0_same_discard_h10000000_b0_none_ops0,1,,NVIDIA Thor,11.0,580.00,13.0,1575.000,,,,mem_clock_mhz:unavailable;temperature_c:unavailable;power_w:unavailable;sm_clock_mhz:sysfs_or_default,bf16,128,64,500,0,72,batch,ring,same,discard,0,10000000,0,20,none,0,2245418.0,,,,,70.1693125,1.55632,,,,,235.36032222062883,215.60111031150407,10000,0.000000000,1,31ab5d70e640cc78d7e65bb90b1ea3789c46635db5d0c6fa611bce470488f2fa,64,3,17,7,2,0,0,"static single-case binary; CUDA event includes setup/readback, clock64 covers timed window"
calibration,v2_calibration_bf16_n128_q64_batch_ring_in0_same_discard_h10000000_b0_none_ops0,1,,NVIDIA Thor,11.0,580.00,13.0,1575.000,,,,mem_clock_mhz:unavailable;temperature_c:unavailable;power_w:unavailable;sm_clock_mhz:sysfs_or_default,bf16,128,64,500,1,72,batch,ring,same,discard,0,10000000,0,20,none,0,2245418.0,,,,,70.1693125,1.555072,,,,,235.36032222062883,215.77413778911844,10000,0.000000000,1,31ab5d70e640cc78d7e65bb90b1ea3789c46635db5d0c6fa611bce470488f2fa,64,3,17,7,2,0,0,"static single-case binary; CUDA event includes setup/readback, clock64 covers timed window"
calibration,v2_calibration_bf16_n128_q64_batch_ring_in0_same_discard_h10000000_b0_none_ops0,1,,NVIDIA Thor,11.0,580.00,13.0,1575.000,,,,mem_clock_mhz:unavailable;temperature_c:unavailable;power_w:unavailable;sm_clock_mhz:sysfs_or_default,bf16,128,64,500,2,72,batch,ring,same,discard,0,10000000,0,20,none,0,2245419.0,,,,,70.16934375,1.557344,,,,,235.36021740263175,215.45934616886186,10000,0.000000000,1,31ab5d70e640cc78d7e65bb90b1ea3789c46635db5d0c6fa611bce470488f2fa,64,3,17,7,2,0,0,"static single-case binary; CUDA event includes setup/readback, clock64 covers timed window"
calibration,v2_calibration_bf16_n256_q1_batch_same_in0_same_discard_h32_b1_none_ops0,1,,NVIDIA Thor,11.0,580.00,13.0,1575.000,,,,mem_clock_mhz:unavailable;temperature_c:unavailable;power_w:unavailable;sm_clock_mhz:sysfs_or_default,bf16,256,1,500,0,73,batch,same,same,discard,0,32,1,1,none,0,248677.0,,,,,497.354,0.255552,,,,,3.3205869461188606,2.0515902829952415,500,0.000000000,1,540003b3cc2d9ea0a0fb8c85ef6032127a1423cf7f3d00cc3cdead3433b8df19,1,3,19,10,2,0,0,"static single-case binary; CUDA event includes setup/readback, clock64 covers timed window"
calibration,v2_calibration_bf16_n256_q1_batch_same_in0_same_discard_h32_b1_none_ops0,1,,NVIDIA Thor,11.0,580.00,13.0,1575.000,,,,mem_clock_mhz:unavailable;temperature_c:unavailable;power_w:unavailable;sm_clock_mhz:sysfs_or_default,bf16,256,1,500,1,73,batch,same,same,discard,0,32,1,1,none,0,248715.0,,,,,497.43,0.25568,,,,,3.3200796091912426,2.050563204005006,500,0.000000000,1,540003b3cc2d9ea0a0fb8c85ef6032127a1423cf7f3d00cc3cdead3433b8df19,1,3,19,10,2,0,0,"static single-case binary; CUDA event includes setup/readback, clock64 covers timed window"
calibration,v2_calibration_bf16_n256_q1_batch_same_in0_same_discard_h32_b1_none_ops0,1,,NVIDIA Thor,11.0,580.00,13.0,1575.000,,,,mem_clock_mhz:unavailable;temperature_c:unavailable;power_w:unavailable;sm_clock_mhz:sysfs_or_default,bf16,256,1,500,2,73,batch,same,same,discard,0,32,1,1,none,0,248624.0,,,,,497.248,0.25552,,,,,3.3212948066156125,2.05184721352536,500,0.000000000,1,540003b3cc2d9ea0a0fb8c85ef6032127a1423cf7f3d00cc3cdead3433b8df19,1,3,19,10,2,0,0,"static single-case binary; CUDA event includes setup/readback, clock64 covers timed window"
calibration,v2_calibration_bf16_n256_q4_batch_same_in1_same_discard_h10000000_b0_none_ops0,1,,NVIDIA Thor,11.0,580.00,13.0,1575.000,,,,mem_clock_mhz:unavailable;temperature_c:unavailable;power_w:unavailable;sm_clock_mhz:sysfs_or_default,bf16,256,4,500,0,74,batch,same,same,discard,1,10000000,0,20,none,0,447271.0,,,,,223.6355,0.417856,,,,,147.6963362256887,100.3767805176903,10000,0.000000000,1,6ad6d760b96d0f9a8721672e2f01b4c400fb19b14d0f57e0caebaa2d3f0dd80a,4,3,19,10,2,0,0,"static single-case binary; CUDA event includes setup/readback, clock64 covers timed window"
calibration,v2_calibration_bf16_n256_q4_batch_same_in1_same_discard_h10000000_b0_none_ops0,1,,NVIDIA Thor,11.0,580.00,13.0,1575.000,,,,mem_clock_mhz:unavailable;temperature_c:unavailable;power_w:unavailable;sm_clock_mhz:sysfs_or_default,bf16,256,4,500,1,74,batch,same,same,discard,1,10000000,0,20,none,0,447270.0,,,,,223.635,0.414016,,,,,147.69666644308805,101.30777554490646,10000,0.000000000,1,6ad6d760b96d0f9a8721672e2f01b4c400fb19b14d0f57e0caebaa2d3f0dd80a,4,3,19,10,2,0,0,"static single-case binary; CUDA event includes setup/readback, clock64 covers timed window"
calibration,v2_calibration_bf16_n256_q4_batch_same_in1_same_discard_h10000000_b0_none_ops0,1,,NVIDIA Thor,11.0,580.00,13.0,1575.000,,,,mem_clock_mhz:unavailable;temperature_c:unavailable;power_w:unavailable;sm_clock_mhz:sysfs_or_default,bf16,256,4,500,2,74,batch,same,same,discard,1,10000000,0,20,none,0,447267.0,,,,,223.6335,0.413536,,,,,147.69765710414583,101.42536562717636,10000,0.000000000,1,6ad6d760b96d0f9a8721672e2f01b4c400fb19b14d0f57e0caebaa2d3f0dd80a,4,3,19,10,2,0,0,"static single-case binary; CUDA event includes setup/readback, clock64 covers timed window"
calibration,v2_calibration_fp16_n128_q4_batch_ring_in0_same_discard_h10000000_b1_none_ops0,1,,NVIDIA Thor,11.0,580.00,13.0,1575.000,,,,mem_clock_mhz:unavailable;temperature_c:unavailable;power_w:unavailable;sm_clock_mhz:sysfs_or_default,fp16,128,4,500,0,75,batch,ring,same,discard,0,10000000,1,1,none,0,319589.0,,,,,159.7945,0.298944,,,,,5.167597132567142,3.507600085634768,500,0.000000000,1,31683145226323dc435335d8f44f5724a76e1c9c27fb2ea302b6b1ee009b4463,4,3,17,7,2,0,0,"static single-case binary; CUDA event includes setup/readback, clock64 covers timed window"
calibration,v2_calibration_fp16_n128_q4_batch_ring_in0_same_discard_h10000000_b1_none_ops0,1,,NVIDIA Thor,11.0,580.00,13.0,1575.000,,,,mem_clock_mhz:unavailable;temperature_c:unavailable;power_w:unavailable;sm_clock_mhz:sysfs_or_default,fp16,128,4,500,1,75,batch,ring,same,discard,0,10000000,1,1,none,0,319589.0,,,,,159.7945,0.300736,,,,,5.167597132567142,3.4866992977229194,500,0.000000000,1,31683145226323dc435335d8f44f5724a76e1c9c27fb2ea302b6b1ee009b4463,4,3,17,7,2,0,0,"static single-case binary; CUDA event includes setup/readback, clock64 covers timed window"
calibration,v2_calibration_fp16_n128_q4_batch_ring_in0_same_discard_h10000000_b1_none_ops0,1,,NVIDIA Thor,11.0,580.00,13.0,1575.000,,,,mem_clock_mhz:unavailable;temperature_c:unavailable;power_w:unavailable;sm_clock_mhz:sysfs_or_default,fp16,128,4,500,2,75,batch,ring,same,discard,0,10000000,1,1,none,0,319589.0,,,,,159.7945,0.299776,,,,,5.167597132567142,3.4978650725875324,500,0.000000000,1,31683145226323dc435335d8f44f5724a76e1c9c27fb2ea302b6b1ee009b4463,4,3,17,7,2,0,0,"static single-case binary; CUDA event includes setup/readback, clock64 covers timed window"
calibration,v2_calibration_bf16_n128_q16_batch_same_in0_same_discard_h10000000_b1_none_ops0,1,,NVIDIA Thor,11.0,580.00,13.0,1575.000,,,,mem_clock_mhz:unavailable;temperature_c:unavailable;power_w:unavailable;sm_clock_mhz:sysfs_or_default,bf16,128,16,500,0,76,batch,same,same,discard,0,10000000,1,1,none,0,703422.0,,,,,87.92775,0.54368,,,,,9.391274085826147,7.714655679811654,500,0.000000000,1,88ef92e2e57db63c070fd3be27a575f26a5748360b95c2e50ab015e232ab1d85,16,3,19,10,2,0,0,"static single-case binary; CUDA event includes setup/readback, clock64 covers timed window"
calibration,v2_calibration_bf16_n128_q16_batch_same_in0_same_discard_h10000000_b1_none_ops0,1,,NVIDIA Thor,11.0,580.00,13.0,1575.000,,,,mem_clock_mhz:unavailable;temperature_c:unavailable;power_w:unavailable;sm_clock_mhz:sysfs_or_default,bf16,128,16,500,1,76,batch,same,same,discard,0,10000000,1,1,none,0,703423.0,,,,,87.927875,0.53648,,,,,9.39126073500582,7.8181926632866094,500,0.000000000,1,88ef92e2e57db63c070fd3be27a575f26a5748360b95c2e50ab015e232ab1d85,16,3,19,10,2,0,0,"static single-case binary; CUDA event includes setup/readback, clock64 covers timed window"
calibration,v2_calibration_bf16_n128_q16_batch_same_in0_same_discard_h10000000_b1_none_ops0,1,,NVIDIA Thor,11.0,580.00,13.0,1575.000,,,,mem_clock_mhz:unavailable;temperature_c:unavailable;power_w:unavailable;sm_clock_mhz:sysfs_or_default,bf16,128,16,500,2,76,batch,same,same,discard,0,10000000,1,1,none,0,703422.0,,,,,87.92775,0.543616,,,,,9.391274085826147,7.71556392747822,500,0.000000000,1,88ef92e2e57db63c070fd3be27a575f26a5748360b95c2e50ab015e232ab1d85,16,3,19,10,2,0,0,"static single-case binary; CUDA event includes setup/readback, clock64 covers timed window"
calibration,v2_calibration_bf16_n128_q32_batch_ring_in0_same_discard_h32_b1_none_ops0,1,,NVIDIA Thor,11.0,580.00,13.0,1575.000,,,,mem_clock_mhz:unavailable;temperature_c:unavailable;power_w:unavailable;sm_clock_mhz:sysfs_or_default,bf16,128,32,500,0,77,batch,ring,same,discard,0,32,1,1,none,0,1188763.0,,,,,74.2976875,0.851424,,,,,11.11412249540068,9.852444845341454,550,0.000000000,1,68a05265a2ce67e0abdee69a8fbffa08f0e3e61576163a2ca95bec90641fe3e9,32,3,17,7,2,0,0,"static single-case binary; CUDA event includes setup/readback, clock64 covers timed window"
calibration,v2_calibration_bf16_n128_q32_batch_ring_in0_same_discard_h32_b1_none_ops0,1,,NVIDIA Thor,11.0,580.00,13.0,1575.000,,,,mem_clock_mhz:unavailable;temperature_c:unavailable;power_w:unavailable;sm_clock_mhz:sysfs_or_default,bf16,128,32,500,1,77,batch,ring,same,discard,0,32,1,1,none,0,1188702.0,,,,,74.293875,0.850816,,,,,11.114692833022911,9.859485482172408,549,0.000000000,1,68a05265a2ce67e0abdee69a8fbffa08f0e3e61576163a2ca95bec90641fe3e9,32,3,17,7,2,0,0,"static single-case binary; CUDA event includes setup/readback, clock64 covers timed window"
calibration,v2_calibration_bf16_n128_q32_batch_ring_in0_same_discard_h32_b1_none_ops0,1,,NVIDIA Thor,11.0,580.00,13.0,1575.000,,,,mem_clock_mhz:unavailable;temperature_c:unavailable;power_w:unavailable;sm_clock_mhz:sysfs_or_default,bf16,128,32,500,2,77,batch,ring,same,discard,0,32,1,1,none,0,1188637.0,,,,,74.2898125,0.852512,,,,,11.115300634255876,9.839870875717878,554,0.000000000,1,68a05265a2ce67e0abdee69a8fbffa08f0e3e61576163a2ca95bec90641fe3e9,32,3,17,7,2,0,0,"static single-case binary; CUDA event includes setup/readback, clock64 covers timed window"
calibration,v2_calibration_bf16_n256_q4_batch_ring_in0_same_discard_h0_b1_none_ops0,1,,NVIDIA Thor,11.0,580.00,13.0,1575.000,,,,mem_clock_mhz:unavailable;temperature_c:unavailable;power_w:unavailable;sm_clock_mhz:sysfs_or_default,bf16,256,4,500,0,78,batch,ring,same,discard,0,0,1,1,none,0,425055.0,,,,,212.5275,0.382848,,,,,7.770792956205667,5.477766633233032,1000,0.000000000,1,db81edbc5e6dfe0b908f30708181719579369ffdb6df70a9ff982e2b625a0f20,4,3,17,7,2,0,0,"static single-case binary; CUDA event includes setup/readback, clock64 covers timed window"
calibration,v2_calibration_bf16_n256_q4_batch_ring_in0_same_discard_h0_b1_none_ops0,1,,NVIDIA Thor,11.0,580.00,13.0,1575.000,,,,mem_clock_mhz:unavailable;temperature_c:unavailable;power_w:unavailable;sm_clock_mhz:sysfs_or_default,bf16,256,4,500,1,78,batch,ring,same,discard,0,0,1,1,none,0,425205.0,,,,,212.6025,0.36752,,,,,7.76805164567679,5.706225511536786,999,0.000000000,1,db81edbc5e6dfe0b908f30708181719579369ffdb6df70a9ff982e2b625a0f20,4,3,17,7,2,0,0,"static single-case binary; CUDA event includes setup/readback, clock64 covers timed window"
calibration,v2_calibration_bf16_n256_q4_batch_ring_in0_same_discard_h0_b1_none_ops0,1,,NVIDIA Thor,11.0,580.00,13.0,1575.000,,,,mem_clock_mhz:unavailable;temperature_c:unavailable;power_w:unavailable;sm_clock_mhz:sysfs_or_default,bf16,256,4,500,2,78,batch,ring,same,discard,0,0,1,1,none,0,425100.0,,,,,212.55,0.367552,,,,,7.769970359915314,5.7057287132160885,999,0.000000000,1,db81edbc5e6dfe0b908f30708181719579369ffdb6df70a9ff982e2b625a0f20,4,3,17,7,2,0,0,"static single-case binary; CUDA event includes setup/readback, clock64 covers timed window"
calibration,v2_calibration_bf16_n128_q16_batch_ring_in0_same_discard_h0_b1_none_ops0,1,,NVIDIA Thor,11.0,580.00,13.0,1575.000,,,,mem_clock_mhz:unavailable;temperature_c:unavailable;power_w:unavailable;sm_clock_mhz:sysfs_or_default,bf16,128,16,500,0,79,batch,ring,same,discard,0,0,1,1,none,0,693638.0,,,,,86.70475,0.537792,,,,,9.523741202183272,7.799119362132571,982,0.000000000,1,91741f87d7f8d7208e953b4af5d13b1bd53554a60a5e72459fae0bd55332dfab,16,3,17,7,2,0,0,"static single-case binary; CUDA event includes setup/readback, clock64 covers timed window"
calibration,v2_calibration_bf16_n128_q16_batch_ring_in0_same_discard_h0_b1_none_ops0,1,,NVIDIA Thor,11.0,580.00,13.0,1575.000,,,,mem_clock_mhz:unavailable;temperature_c:unavailable;power_w:unavailable;sm_clock_mhz:sysfs_or_default,bf16,128,16,500,1,79,batch,ring,same,discard,0,0,1,1,none,0,692988.0,,,,,86.6235,0.537824,,,,,9.532674158859892,7.798655322187184,977,0.000000000,1,91741f87d7f8d7208e953b4af5d13b1bd53554a60a5e72459fae0bd55332dfab,16,3,17,7,2,0,0,"static single-case binary; CUDA event includes setup/readback, clock64 covers timed window"
calibration,v2_calibration_bf16_n128_q16_batch_ring_in0_same_discard_h0_b1_none_ops0,1,,NVIDIA Thor,11.0,580.00,13.0,1575.000,,,,mem_clock_mhz:unavailable;temperature_c:unavailable;power_w:unavailable;sm_clock_mhz:sysfs_or_default,bf16,128,16,500,2,79,batch,ring,same,discard,0,0,1,1,none,0,693201.0,,,,,86.650125,0.538528,,,,,9.529745052300848,7.788460395745439,977,0.000000000,1,91741f87d7f8d7208e953b4af5d13b1bd53554a60a5e72459fae0bd55332dfab,16,3,17,7,2,0,0,"static single-case binary; CUDA event includes setup/readback, clock64 covers timed window"
calibration,v2_calibration_fp16_n256_q1_batch_ring_in0_same_discard_h10000000_b0_none_ops0,1,,NVIDIA Thor,11.0,580.00,13.0,1575.000,,,,mem_clock_mhz:unavailable;temperature_c:unavailable;power_w:unavailable;sm_clock_mhz:sysfs_or_default,fp16,256,1,500,0,80,batch,ring,same,discard,0,10000000,0,20,none,0,255583.0,,,,,511.166,0.293376,,,,,64.61725545126241,35.74171029668412,10000,0.000000000,1,cf4e56b1f912148d9745b5d8effd068cfaf6fda17b6144deb1f645207af05822,1,3,17,7,2,0,0,"static single-case binary; CUDA event includes setup/readback, clock64 covers timed window"
calibration,v2_calibration_fp16_n256_q1_batch_ring_in0_same_discard_h10000000_b0_none_ops0,1,,NVIDIA Thor,11.0,580.00,13.0,1575.000,,,,mem_clock_mhz:unavailable;temperature_c:unavailable;power_w:unavailable;sm_clock_mhz:sysfs_or_default,fp16,256,1,500,1,80,batch,ring,same,discard,0,10000000,0,20,none,0,255584.0,,,,,511.168,0.293888,,,,,64.61700262927258,35.67944250871081,10000,0.000000000,1,cf4e56b1f912148d9745b5d8effd068cfaf6fda17b6144deb1f645207af05822,1,3,17,7,2,0,0,"static single-case binary; CUDA event includes setup/readback, clock64 covers timed window"
calibration,v2_calibration_fp16_n256_q1_batch_ring_in0_same_discard_h10000000_b0_none_ops0,1,,NVIDIA Thor,11.0,580.00,13.0,1575.000,,,,mem_clock_mhz:unavailable;temperature_c:unavailable;power_w:unavailable;sm_clock_mhz:sysfs_or_default,fp16,256,1,500,2,80,batch,ring,same,discard,0,10000000,0,20,none,0,255584.0,,,,,511.168,0.29568,,,,,64.61700262927258,35.46320346320346,10000,0.000000000,1,cf4e56b1f912148d9745b5d8effd068cfaf6fda17b6144deb1f645207af05822,1,3,17,7,2,0,0,"static single-case binary; CUDA event includes setup/readback, clock64 covers timed window"
calibration,v2_calibration_fp16_n128_q16_batch_same_in1_same_discard_h10000000_b1_none_ops0,1,,NVIDIA Thor,11.0,580.00,13.0,1575.000,,,,mem_clock_mhz:unavailable;temperature_c:unavailable;power_w:unavailable;sm_clock_mhz:sysfs_or_default,fp16,128,16,500,0,81,batch,same,same,discard,1,10000000,1,1,none,0,703422.0,,,,,87.92775,0.543872,,,,,9.391274085826147,7.711932219345727,500,0.000000000,1,69018e9bfca559339dd18dbdf44cbc56d8668a7faaf0aae53c08f29dff94b0d9,16,3,19,10,2,0,0,"static single-case binary; CUDA event includes setup/readback, clock64 covers timed window"
calibration,v2_calibration_fp16_n128_q16_batch_same_in1_same_discard_h10000000_b1_none_ops0,1,,NVIDIA Thor,11.0,580.00,13.0,1575.000,,,,mem_clock_mhz:unavailable;temperature_c:unavailable;power_w:unavailable;sm_clock_mhz:sysfs_or_default,fp16,128,16,500,1,81,batch,same,same,discard,1,10000000,1,1,none,0,703423.0,,,,,87.927875,0.545184,,,,,9.39126073500582,7.693373246463579,500,0.000000000,1,69018e9bfca559339dd18dbdf44cbc56d8668a7faaf0aae53c08f29dff94b0d9,16,3,19,10,2,0,0,"static single-case binary; CUDA event includes setup/readback, clock64 covers timed window"
calibration,v2_calibration_fp16_n128_q16_batch_same_in1_same_discard_h10000000_b1_none_ops0,1,,NVIDIA Thor,11.0,580.00,13.0,1575.000,,,,mem_clock_mhz:unavailable;temperature_c:unavailable;power_w:unavailable;sm_clock_mhz:sysfs_or_default,fp16,128,16,500,2,81,batch,same,same,discard,1,10000000,1,1,none,0,703422.0,,,,,87.92775,0.544992,,,,,9.391274085826147,7.69608361223651,500,0.000000000,1,69018e9bfca559339dd18dbdf44cbc56d8668a7faaf0aae53c08f29dff94b0d9,16,3,19,10,2,0,0,"static single-case binary; CUDA event includes setup/readback, clock64 covers timed window"
calibration,v2_calibration_fp16_n128_q1_batch_same_in0_same_discard_h10000000_b0_none_ops0,1,,NVIDIA Thor,11.0,580.00,13.0,1575.000,,,,mem_clock_mhz:unavailable;temperature_c:unavailable;power_w:unavailable;sm_clock_mhz:sysfs_or_default,fp16,128,1,500,0,82,batch,same,same,discard,0,10000000,0,20,none,0,215661.0,,,,,431.322,0.26672,,,,,38.289426460973466,19.656868626274743,10000,0.000000000,1,5de932703e9c79feeec7f2e6c8102125f17f67a861c43562cfdf37767acac0a1,1,3,19,10,2,0,0,"static single-case binary; CUDA event includes setup/readback, clock64 covers timed window"
calibration,v2_calibration_fp16_n128_q1_batch_same_in0_same_discard_h10000000_b0_none_ops0,1,,NVIDIA Thor,11.0,580.00,13.0,1575.000,,,,mem_clock_mhz:unavailable;temperature_c:unavailable;power_w:unavailable;sm_clock_mhz:sysfs_or_default,fp16,128,1,500,1,82,batch,same,same,discard,0,10000000,0,20,none,0,215663.0,,,,,431.326,0.262112,,,,,38.289071375247495,20.00244170430961,10000,0.000000000,1,5de932703e9c79feeec7f2e6c8102125f17f67a861c43562cfdf37767acac0a1,1,3,19,10,2,0,0,"static single-case binary; CUDA event includes setup/readback, clock64 covers timed window"
calibration,v2_calibration_fp16_n128_q1_batch_same_in0_same_discard_h10000000_b0_none_ops0,1,,NVIDIA Thor,11.0,580.00,13.0,1575.000,,,,mem_clock_mhz:unavailable;temperature_c:unavailable;power_w:unavailable;sm_clock_mhz:sysfs_or_default,fp16,128,1,500,2,82,batch,same,same,discard,0,10000000,0,20,none,0,215664.0,,,,,431.328,0.268064,,,,,38.288893834854214,19.558314432374356,10000,0.000000000,1,5de932703e9c79feeec7f2e6c8102125f17f67a861c43562cfdf37767acac0a1,1,3,19,10,2,0,0,"static single-case binary; CUDA event includes setup/readback, clock64 covers timed window"
calibration,v2_calibration_bf16_n256_q64_batch_same_in1_same_discard_h0_b1_none_ops0,1,,NVIDIA Thor,11.0,580.00,13.0,1575.000,,,,mem_clock_mhz:unavailable;temperature_c:unavailable;power_w:unavailable;sm_clock_mhz:sysfs_or_default,bf16,256,64,500,0,83,batch,same,same,discard,1,0,1,1,none,0,4323043.0,,,,,135.09509375,2.842688,,,,,12.224775557402506,11.803768827250828,1500,0.000000000,1,3bca76783b625b874240a49f8043f83c1949f4fbee6e78ec2ca34b8a8b5e0be4,64,3,19,10,2,0,0,"static single-case binary; CUDA event includes setup/readback, clock64 covers timed window"
calibration,v2_calibration_bf16_n256_q64_batch_same_in1_same_discard_h0_b1_none_ops0,1,,NVIDIA Thor,11.0,580.00,13.0,1575.000,,,,mem_clock_mhz:unavailable;temperature_c:unavailable;power_w:unavailable;sm_clock_mhz:sysfs_or_default,bf16,256,64,500,1,83,batch,same,same,discard,1,0,1,1,none,0,4322947.0,,,,,135.09209375,2.841504,,,,,12.225047033886836,11.808687230424452,1500,0.000000000,1,3bca76783b625b874240a49f8043f83c1949f4fbee6e78ec2ca34b8a8b5e0be4,64,3,19,10,2,0,0,"static single-case binary; CUDA event includes setup/readback, clock64 covers timed window"
calibration,v2_calibration_bf16_n256_q64_batch_same_in1_same_discard_h0_b1_none_ops0,1,,NVIDIA Thor,11.0,580.00,13.0,1575.000,,,,mem_clock_mhz:unavailable;temperature_c:unavailable;power_w:unavailable;sm_clock_mhz:sysfs_or_default,bf16,256,64,500,2,83,batch,same,same,discard,1,0,1,1,none,0,4322995.0,,,,,135.09359375,2.845248,,,,,12.224911294137513,11.793148435566952,1500,0.000000000,1,3bca76783b625b874240a49f8043f83c1949f4fbee6e78ec2ca34b8a8b5e0be4,64,3,19,10,2,0,0,"static single-case binary; CUDA event includes setup/readback, clock64 covers timed window"
calibration,v2_calibration_bf16_n256_q4_batch_same_in1_same_discard_h0_b1_none_ops0,1,,NVIDIA Thor,11.0,580.00,13.0,1575.000,,,,mem_clock_mhz:unavailable;temperature_c:unavailable;power_w:unavailable;sm_clock_mhz:sysfs_or_default,bf16,256,4,500,0,84,batch,same,same,discard,1,0,1,1,none,0,425299.0,,,,,212.6495,0.368192,,,,,7.7663347433217575,5.695810881279332,999,0.000000000,1,3e8fa64347f0ce1c2f252a1d04f58438575a743ffd8c8f091ae2dc261ed0d803,4,3,19,10,2,0,0,"static single-case binary; CUDA event includes setup/readback, clock64 covers timed window"
calibration,v2_calibration_bf16_n256_q4_batch_same_in1_same_discard_h0_b1_none_ops0,1,,NVIDIA Thor,11.0,580.00,13.0,1575.000,,,,mem_clock_mhz:unavailable;temperature_c:unavailable;power_w:unavailable;sm_clock_mhz:sysfs_or_default,bf16,256,4,500,1,84,batch,same,same,discard,1,0,1,1,none,0,425321.0,,,,,212.6605,0.368096,,,,,7.7659330247036955,5.697296357471964,1000,0.000000000,1,3e8fa64347f0ce1c2f252a1d04f58438575a743ffd8c8f091ae2dc261ed0d803,4,3,19,10,2,0,0,"static single-case binary; CUDA event includes setup/readback, clock64 covers timed window"
calibration,v2_calibration_bf16_n256_q4_batch_same_in1_same_discard_h0_b1_none_ops0,1,,NVIDIA Thor,11.0,580.00,13.0,1575.000,,,,mem_clock_mhz:unavailable;temperature_c:unavailable;power_w:unavailable;sm_clock_mhz:sysfs_or_default,bf16,256,4,500,2,84,batch,same,same,discard,1,0,1,1,none,0,424879.0,,,,,212.4395,0.367232,,,,,7.774011895151325,5.710700592540955,999,0.000000000,1,3e8fa64347f0ce1c2f252a1d04f58438575a743ffd8c8f091ae2dc261ed0d803,4,3,19,10,2,0,0,"static single-case binary; CUDA event includes setup/readback, clock64 covers timed window"
calibration,v2_calibration_fp16_n128_q16_batch_ring_in0_same_discard_h32_b1_none_ops0,1,,NVIDIA Thor,11.0,580.00,13.0,1575.000,,,,mem_clock_mhz:unavailable;temperature_c:unavailable;power_w:unavailable;sm_clock_mhz:sysfs_or_default,fp16,128,16,500,0,85,batch,ring,same,discard,0,32,1,1,none,0,684527.0,,,,,85.565875,0.530304,,,,,9.65050144114111,7.909244508810041,962,0.000000000,1,b114fb50ce35c642867813f278d1aa442c6e91970c0efe4a2e556e7049756c95,16,3,17,7,2,0,0,"static single-case binary; CUDA event includes setup/readback, clock64 covers timed window"
calibration,v2_calibration_fp16_n128_q16_batch_ring_in0_same_discard_h32_b1_none_ops0,1,,NVIDIA Thor,11.0,580.00,13.0,1575.000,,,,mem_clock_mhz:unavailable;temperature_c:unavailable;power_w:unavailable;sm_clock_mhz:sysfs_or_default,fp16,128,16,500,1,85,batch,ring,same,discard,0,32,1,1,none,0,684553.0,,,,,85.569125,0.532576,,,,,9.650134905551505,7.875503214564681,961,0.000000000,1,b114fb50ce35c642867813f278d1aa442c6e91970c0efe4a2e556e7049756c95,16,3,17,7,2,0,0,"static single-case binary; CUDA event includes setup/readback, clock64 covers timed window"
calibration,v2_calibration_fp16_n128_q16_batch_ring_in0_same_discard_h32_b1_none_ops0,1,,NVIDIA Thor,11.0,580.00,13.0,1575.000,,,,mem_clock_mhz:unavailable;temperature_c:unavailable;power_w:unavailable;sm_clock_mhz:sysfs_or_default,fp16,128,16,500,2,85,batch,ring,same,discard,0,32,1,1,none,0,684731.0,,,,,85.591375,0.531776,,,,,9.64762629412134,7.88735106511012,963,0.000000000,1,b114fb50ce35c642867813f278d1aa442c6e91970c0efe4a2e556e7049756c95,16,3,17,7,2,0,0,"static single-case binary; CUDA event includes setup/readback, clock64 covers timed window"
calibration,v2_calibration_fp16_n256_q4_batch_same_in1_same_discard_h0_b0_none_ops0,1,,NVIDIA Thor,11.0,580.00,13.0,1575.000,,,,mem_clock_mhz:unavailable;temperature_c:unavailable;power_w:unavailable;sm_clock_mhz:sysfs_or_default,fp16,256,4,500,0,86,batch,same,same,discard,1,0,0,20,none,0,425467.0,,,,,212.7335,0.400928,,,,,155.26536253105414,104.61489344720249,19983,0.000000000,1,973ca9621e77466e7b31f3ecab20fa2ec61ab83acd6b025f38ebb98aec5b4230,4,3,19,10,2,0,0,"static single-case binary; CUDA event includes setup/readback, clock64 covers timed window"
calibration,v2_calibration_fp16_n256_q4_batch_same_in1_same_discard_h0_b0_none_ops0,1,,NVIDIA Thor,11.0,580.00,13.0,1575.000,,,,mem_clock_mhz:unavailable;temperature_c:unavailable;power_w:unavailable;sm_clock_mhz:sysfs_or_default,fp16,256,4,500,1,86,batch,same,same,discard,1,0,0,20,none,0,425404.0,,,,,212.702,0.398368,,,,,155.28835647995788,105.28717166037433,19984,0.000000000,1,973ca9621e77466e7b31f3ecab20fa2ec61ab83acd6b025f38ebb98aec5b4230,4,3,19,10,2,0,0,"static single-case binary; CUDA event includes setup/readback, clock64 covers timed window"
calibration,v2_calibration_fp16_n256_q4_batch_same_in1_same_discard_h0_b0_none_ops0,1,,NVIDIA Thor,11.0,580.00,13.0,1575.000,,,,mem_clock_mhz:unavailable;temperature_c:unavailable;power_w:unavailable;sm_clock_mhz:sysfs_or_default,fp16,256,4,500,2,86,batch,same,same,discard,1,0,0,20,none,0,425389.0,,,,,212.6945,0.401184,,,,,155.29383223355566,104.54813751296165,19986,0.000000000,1,973ca9621e77466e7b31f3ecab20fa2ec61ab83acd6b025f38ebb98aec5b4230,4,3,19,10,2,0,0,"static single-case binary; CUDA event includes setup/readback, clock64 covers timed window"
calibration,v2_calibration_bf16_n128_q64_batch_same_in0_same_discard_h32_b1_none_ops0,1,,NVIDIA Thor,11.0,580.00,13.0,1575.000,,,,mem_clock_mhz:unavailable;temperature_c:unavailable;power_w:unavailable;sm_clock_mhz:sysfs_or_default,bf16,128,64,500,0,87,batch,same,same,discard,0,32,1,1,none,0,2223008.0,,,,,69.469,1.509248,,,,,11.88664872101225,11.116275125095411,767,0.000000000,1,3d4305b458e64c9f3e99694450cca6d6bbcbf87aed4cd395525c8fcb5491adff,64,3,19,10,2,0,0,"static single-case binary; CUDA event includes setup/readback, clock64 covers timed window"
calibration,v2_calibration_bf16_n128_q64_batch_same_in0_same_discard_h32_b1_none_ops0,1,,NVIDIA Thor,11.0,580.00,13.0,1575.000,,,,mem_clock_mhz:unavailable;temperature_c:unavailable;power_w:unavailable;sm_clock_mhz:sysfs_or_default,bf16,128,64,500,1,87,batch,same,same,discard,0,32,1,1,none,0,2222790.0,,,,,69.4621875,1.509216,,,,,11.887814503394383,11.11651082416301,761,0.000000000,1,3d4305b458e64c9f3e99694450cca6d6bbcbf87aed4cd395525c8fcb5491adff,64,3,19,10,2,0,0,"static single-case binary; CUDA event includes setup/readback, clock64 covers timed window"
calibration,v2_calibration_bf16_n128_q64_batch_same_in0_same_discard_h32_b1_none_ops0,1,,NVIDIA Thor,11.0,580.00,13.0,1575.000,,,,mem_clock_mhz:unavailable;temperature_c:unavailable;power_w:unavailable;sm_clock_mhz:sysfs_or_default,bf16,128,64,500,2,87,batch,same,same,discard,0,32,1,1,none,0,2222802.0,,,,,69.4625625,1.509376,,,,,11.887750325939964,11.115332428765266,766,0.000000000,1,3d4305b458e64c9f3e99694450cca6d6bbcbf87aed4cd395525c8fcb5491adff,64,3,19,10,2,0,0,"static single-case binary; CUDA event includes setup/readback, clock64 covers timed window"
calibration,v2_calibration_fp16_n128_q32_batch_same_in1_same_discard_h32_b0_none_ops0,1,,NVIDIA Thor,11.0,580.00,13.0,1575.000,,,,mem_clock_mhz:unavailable;temperature_c:unavailable;power_w:unavailable;sm_clock_mhz:sysfs_or_default,fp16,128,32,500,0,88,batch,same,same,discard,1,32,0,20,none,0,1188966.0,,,,,74.310375,0.885952,,,,,222.2444981605866,189.36935635339162,12792,0.000000000,1,c6ba0582f5dea648caa96975b7cea6d9bf2d29f6214676719008aaafdb1e7cd2,32,3,19,10,2,0,0,"static single-case binary; CUDA event includes setup/readback, clock64 covers timed window"
calibration,v2_calibration_fp16_n128_q32_batch_same_in1_same_discard_h32_b0_none_ops0,1,,NVIDIA Thor,11.0,580.00,13.0,1575.000,,,,mem_clock_mhz:unavailable;temperature_c:unavailable;power_w:unavailable;sm_clock_mhz:sysfs_or_default,fp16,128,32,500,1,88,batch,same,same,discard,1,32,0,20,none,0,1188667.0,,,,,74.2916875,0.883328,,,,,222.30040204699884,189.9318939284162,12820,0.000000000,1,c6ba0582f5dea648caa96975b7cea6d9bf2d29f6214676719008aaafdb1e7cd2,32,3,19,10,2,0,0,"static single-case binary; CUDA event includes setup/readback, clock64 covers timed window"
calibration,v2_calibration_fp16_n128_q32_batch_same_in1_same_discard_h32_b0_none_ops0,1,,NVIDIA Thor,11.0,580.00,13.0,1575.000,,,,mem_clock_mhz:unavailable;temperature_c:unavailable;power_w:unavailable;sm_clock_mhz:sysfs_or_default,fp16,128,32,500,2,88,batch,same,same,discard,1,32,0,20,none,0,1188843.0,,,,,74.3026875,0.88608,,,,,222.2674920069345,189.3420007222824,12743,0.000000000,1,c6ba0582f5dea648caa96975b7cea6d9bf2d29f6214676719008aaafdb1e7cd2,32,3,19,10,2,0,0,"static single-case binary; CUDA event includes setup/readback, clock64 covers timed window"
calibration,v2_calibration_bf16_n256_q32_batch_ring_in0_same_discard_h0_b1_none_ops0,1,,NVIDIA Thor,11.0,580.00,13.0,1575.000,,,,mem_clock_mhz:unavailable;temperature_c:unavailable;power_w:unavailable;sm_clock_mhz:sysfs_or_default,bf16,256,32,500,0,89,batch,ring,same,discard,0,0,1,1,none,0,2261874.0,,,,,141.367125,1.533536,,,,,11.6823992848408,10.940216597458422,1500,0.000000000,1,076abdf9379069bf55597c6b053de6daa5dff54222f74b4fa32cc5ecedad0a6d,32,3,17,7,2,0,0,"static single-case binary; CUDA event includes setup/readback, clock64 covers timed window"
calibration,v2_calibration_bf16_n256_q32_batch_ring_in0_same_discard_h0_b1_none_ops0,1,,NVIDIA Thor,11.0,580.00,13.0,1575.000,,,,mem_clock_mhz:unavailable;temperature_c:unavailable;power_w:unavailable;sm_clock_mhz:sysfs_or_default,bf16,256,32,500,1,89,batch,ring,same,discard,0,0,1,1,none,0,2261821.0,,,,,141.3638125,1.53376,,,,,11.68267303203923,10.938618819111204,1500,0.000000000,1,076abdf9379069bf55597c6b053de6daa5dff54222f74b4fa32cc5ecedad0a6d,32,3,17,7,2,0,0,"static single-case binary; CUDA event includes setup/readback, clock64 covers timed window"
calibration,v2_calibration_bf16_n256_q32_batch_ring_in0_same_discard_h0_b1_none_ops0,1,,NVIDIA Thor,11.0,580.00,13.0,1575.000,,,,mem_clock_mhz:unavailable;temperature_c:unavailable;power_w:unavailable;sm_clock_mhz:sysfs_or_default,bf16,256,32,500,2,89,batch,ring,same,discard,0,0,1,1,none,0,2261843.0,,,,,141.3651875,1.534144,,,,,11.68255939956929,10.935880856034375,1500,0.000000000,1,076abdf9379069bf55597c6b053de6daa5dff54222f74b4fa32cc5ecedad0a6d,32,3,17,7,2,0,0,"static single-case binary; CUDA event includes setup/readback, clock64 covers timed window"
calibration,v2_calibration_bf16_n256_q64_batch_same_in0_same_discard_h32_b1_none_ops0,1,,NVIDIA Thor,11.0,580.00,13.0,1575.000,,,,mem_clock_mhz:unavailable;temperature_c:unavailable;power_w:unavailable;sm_clock_mhz:sysfs_or_default,bf16,256,64,500,0,90,batch,same,same,discard,0,32,1,1,none,0,4311415.0,,,,,134.73171875,2.835968,,,,,12.257746099598393,11.831738580971296,1500,0.000000000,1,9443576fbc14112da7e839e6c46fc730ca3ea7e7a51d668f020b3e2a6d4472e6,64,3,19,10,2,0,0,"static single-case binary; CUDA event includes setup/readback, clock64 covers timed window"
calibration,v2_calibration_bf16_n256_q64_batch_same_in0_same_discard_h32_b1_none_ops0,1,,NVIDIA Thor,11.0,580.00,13.0,1575.000,,,,mem_clock_mhz:unavailable;temperature_c:unavailable;power_w:unavailable;sm_clock_mhz:sysfs_or_default,bf16,256,64,500,1,90,batch,same,same,discard,0,32,1,1,none,0,4311144.0,,,,,134.72325,2.835456,,,,,12.258516625749452,11.83387504514265,1498,0.000000000,1,9443576fbc14112da7e839e6c46fc730ca3ea7e7a51d668f020b3e2a6d4472e6,64,3,19,10,2,0,0,"static single-case binary; CUDA event includes setup/readback, clock64 covers timed window"
calibration,v2_calibration_bf16_n256_q64_batch_same_in0_same_discard_h32_b1_none_ops0,1,,NVIDIA Thor,11.0,580.00,13.0,1575.000,,,,mem_clock_mhz:unavailable;temperature_c:unavailable;power_w:unavailable;sm_clock_mhz:sysfs_or_default,bf16,256,64,500,2,90,batch,same,same,discard,0,32,1,1,none,0,4311565.0,,,,,134.73640625,2.835616,,,,,12.257319650753264,11.833207317210793,1500,0.000000000,1,9443576fbc14112da7e839e6c46fc730ca3ea7e7a51d668f020b3e2a6d4472e6,64,3,19,10,2,0,0,"static single-case binary; CUDA event includes setup/readback, clock64 covers timed window"
calibration,v2_calibration_bf16_n256_q8_batch_same_in1_same_discard_h0_b0_none_ops0,1,,NVIDIA Thor,11.0,580.00,13.0,1575.000,,,,mem_clock_mhz:unavailable;temperature_c:unavailable;power_w:unavailable;sm_clock_mhz:sysfs_or_default,bf16,256,8,500,0,91,batch,same,same,discard,1,0,0,20,none,0,725955.0,,,,,181.48875,0.592704,,,,,181.99554517842012,141.53115214339704,30000,0.000000000,1,3f62cfd6ccda1dc6d6530b1f1276af8bccb348514ca12d96323a836f78b02160,8,3,19,10,2,0,0,"static single-case binary; CUDA event includes setup/readback, clock64 covers timed window"
calibration,v2_calibration_bf16_n256_q8_batch_same_in1_same_discard_h0_b0_none_ops0,1,,NVIDIA Thor,11.0,580.00,13.0,1575.000,,,,mem_clock_mhz:unavailable;temperature_c:unavailable;power_w:unavailable;sm_clock_mhz:sysfs_or_default,bf16,256,8,500,1,91,batch,same,same,discard,1,0,0,20,none,0,725874.0,,,,,181.4685,0.593984,,,,,182.01585399118855,141.22616097403298,29994,0.000000000,1,3f62cfd6ccda1dc6d6530b1f1276af8bccb348514ca12d96323a836f78b02160,8,3,19,10,2,0,0,"static single-case binary; CUDA event includes setup/readback, clock64 covers timed window"
calibration,v2_calibration_bf16_n256_q8_batch_same_in1_same_discard_h0_b0_none_ops0,1,,NVIDIA Thor,11.0,580.00,13.0,1575.000,,,,mem_clock_mhz:unavailable;temperature_c:unavailable;power_w:unavailable;sm_clock_mhz:sysfs_or_default,bf16,256,8,500,2,91,batch,same,same,discard,1,0,0,20,none,0,725850.0,,,,,181.4625,0.591456,,,,,182.02187228766275,141.82978953633068,29994,0.000000000,1,3f62cfd6ccda1dc6d6530b1f1276af8bccb348514ca12d96323a836f78b02160,8,3,19,10,2,0,0,"static single-case binary; CUDA event includes setup/readback, clock64 covers timed window"
calibration,v2_calibration_bf16_n128_q64_batch_same_in0_same_discard_h0_b0_none_ops0,1,,NVIDIA Thor,11.0,580.00,13.0,1575.000,,,,mem_clock_mhz:unavailable;temperature_c:unavailable;power_w:unavailable;sm_clock_mhz:sysfs_or_default,bf16,128,64,500,0,92,batch,same,same,discard,0,0,0,20,none,0,2205989.0,,,,,68.93715625,1.5312,,,,,239.56706221109897,219.13814002089865,10500,0.000000000,1,95e7824a5f10e0bd000102c91ff0634ffe3bd42161366ae0299f64c377e18da1,64,3,19,10,2,0,0,"static single-case binary; CUDA event includes setup/readback, clock64 covers timed window"
calibration,v2_calibration_bf16_n128_q64_batch_same_in0_same_discard_h0_b0_none_ops0,1,,NVIDIA Thor,11.0,580.00,13.0,1575.000,,,,mem_clock_mhz:unavailable;temperature_c:unavailable;power_w:unavailable;sm_clock_mhz:sysfs_or_default,bf16,128,64,500,1,92,batch,same,same,discard,0,0,0,20,none,0,2206145.0,,,,,68.94203125,1.53088,,,,,239.55012204546847,219.1839464882943,10384,0.000000000,1,95e7824a5f10e0bd000102c91ff0634ffe3bd42161366ae0299f64c377e18da1,64,3,19,10,2,0,0,"static single-case binary; CUDA event includes setup/readback, clock64 covers timed window"
calibration,v2_calibration_bf16_n128_q64_batch_same_in0_same_discard_h0_b0_none_ops0,1,,NVIDIA Thor,11.0,580.00,13.0,1575.000,,,,mem_clock_mhz:unavailable;temperature_c:unavailable;power_w:unavailable;sm_clock_mhz:sysfs_or_default,bf16,128,64,500,2,92,batch,same,same,discard,0,0,0,20,none,0,2205970.0,,,,,68.9365625,1.530976,,,,,239.56912560007615,219.1702025374663,10299,0.000000000,1,95e7824a5f10e0bd000102c91ff0634ffe3bd42161366ae0299f64c377e18da1,64,3,19,10,2,0,0,"static single-case binary; CUDA event includes setup/readback, clock64 covers timed window"
control,v2_control_bf16_n256_q1_commit_wait_same_in0_same_discard_h0_b0_none_ops0,1,,NVIDIA Thor,11.0,580.00,13.0,1575.000,,,,mem_clock_mhz:unavailable;temperature_c:unavailable;power_w:unavailable;sm_clock_mhz:sysfs_or_default,bf16,256,1,1000,0,93,commit_wait,same,same,discard,0,0,0,20,none,0,258147.0,,,,,,0.30096,,,,,,,20000,0.000000000,1,a74838b0dd21faa9d62ab99f4191e0bf741e4b05f8dac4010500bb2c445d480d,0,3,19,9,2,0,0,"static single-case binary; CUDA event includes setup/readback, clock64 covers timed window"
control,v2_control_bf16_n256_q1_commit_wait_same_in0_same_discard_h0_b0_none_ops0,1,,NVIDIA Thor,11.0,580.00,13.0,1575.000,,,,mem_clock_mhz:unavailable;temperature_c:unavailable;power_w:unavailable;sm_clock_mhz:sysfs_or_default,bf16,256,1,1000,1,93,commit_wait,same,same,discard,0,0,0,20,none,0,258148.0,,,,,,0.2952,,,,,,,20000,0.000000000,1,a74838b0dd21faa9d62ab99f4191e0bf741e4b05f8dac4010500bb2c445d480d,0,3,19,9,2,0,0,"static single-case binary; CUDA event includes setup/readback, clock64 covers timed window"
control,v2_control_bf16_n256_q1_commit_wait_same_in0_same_discard_h0_b0_none_ops0,1,,NVIDIA Thor,11.0,580.00,13.0,1575.000,,,,mem_clock_mhz:unavailable;temperature_c:unavailable;power_w:unavailable;sm_clock_mhz:sysfs_or_default,bf16,256,1,1000,2,93,commit_wait,same,same,discard,0,0,0,20,none,0,258151.0,,,,,,0.296384,,,,,,,20000,0.000000000,1,a74838b0dd21faa9d62ab99f4191e0bf741e4b05f8dac4010500bb2c445d480d,0,3,19,9,2,0,0,"static single-case binary; CUDA event includes setup/readback, clock64 covers timed window"
calibration,v2_calibration_fp16_n128_q2_batch_same_in1_same_discard_h32_b0_none_ops0,1,,NVIDIA Thor,11.0,580.00,13.0,1575.000,,,,mem_clock_mhz:unavailable;temperature_c:unavailable;power_w:unavailable;sm_clock_mhz:sysfs_or_default,fp16,128,2,500,0,94,batch,same,same,discard,1,32,0,20,none,0,237654.0,,,,,237.654,0.284448,,,,,69.49208513216693,36.86353920575993,10000,0.000000000,1,cc964e9c07f02d9debb2447d9494fee05f5c1cc15bff5cd2416d15c79f0688e5,2,3,19,10,2,0,0,"static single-case binary; CUDA event includes setup/readback, clock64 covers timed window"
calibration,v2_calibration_fp16_n128_q2_batch_same_in1_same_discard_h32_b0_none_ops0,1,,NVIDIA Thor,11.0,580.00,13.0,1575.000,,,,mem_clock_mhz:unavailable;temperature_c:unavailable;power_w:unavailable;sm_clock_mhz:sysfs_or_default,fp16,128,2,500,1,94,batch,same,same,discard,1,32,0,20,none,0,237649.0,,,,,237.649,0.284,,,,,69.49354720617382,36.92169014084508,10000,0.000000000,1,cc964e9c07f02d9debb2447d9494fee05f5c1cc15bff5cd2416d15c79f0688e5,2,3,19,10,2,0,0,"static single-case binary; CUDA event includes setup/readback, clock64 covers timed window"
calibration,v2_calibration_fp16_n128_q2_batch_same_in1_same_discard_h32_b0_none_ops0,1,,NVIDIA Thor,11.0,580.00,13.0,1575.000,,,,mem_clock_mhz:unavailable;temperature_c:unavailable;power_w:unavailable;sm_clock_mhz:sysfs_or_default,fp16,128,2,500,2,94,batch,same,same,discard,1,32,0,20,none,0,237652.0,,,,,237.652,0.283392,,,,,69.4926699543871,37.000903342366755,10000,0.000000000,1,cc964e9c07f02d9debb2447d9494fee05f5c1cc15bff5cd2416d15c79f0688e5,2,3,19,10,2,0,0,"static single-case binary; CUDA event includes setup/readback, clock64 covers timed window"
calibration,v2_calibration_fp16_n256_q8_batch_same_in0_same_discard_h0_b1_none_ops0,1,,NVIDIA Thor,11.0,580.00,13.0,1575.000,,,,mem_clock_mhz:unavailable;temperature_c:unavailable;power_w:unavailable;sm_clock_mhz:sysfs_or_default,fp16,256,8,500,0,95,batch,same,same,discard,0,0,1,1,none,0,725570.0,,,,,181.3925,0.55792,,,,,9.10460575823146,7.517751648981934,1500,0.000000000,1,6c89c95e8f3d68cd883c5ebffe66b8615221c3c08bc6a98846bce2563bf44748,8,3,19,10,2,0,0,"static single-case binary; CUDA event includes setup/readback, clock64 covers timed window"
calibration,v2_calibration_fp16_n256_q8_batch_same_in0_same_discard_h0_b1_none_ops0,1,,NVIDIA Thor,11.0,580.00,13.0,1575.000,,,,mem_clock_mhz:unavailable;temperature_c:unavailable;power_w:unavailable;sm_clock_mhz:sysfs_or_default,fp16,256,8,500,1,95,batch,same,same,discard,0,0,1,1,none,0,725706.0,,,,,181.4265,0.558304,,,,,9.102899521293748,7.5125809594772734,1500,0.000000000,1,6c89c95e8f3d68cd883c5ebffe66b8615221c3c08bc6a98846bce2563bf44748,8,3,19,10,2,0,0,"static single-case binary; CUDA event includes setup/readback, clock64 covers timed window"
calibration,v2_calibration_fp16_n256_q8_batch_same_in0_same_discard_h0_b1_none_ops0,1,,NVIDIA Thor,11.0,580.00,13.0,1575.000,,,,mem_clock_mhz:unavailable;temperature_c:unavailable;power_w:unavailable;sm_clock_mhz:sysfs_or_default,fp16,256,8,500,2,95,batch,same,same,discard,0,0,1,1,none,0,725657.0,,,,,181.41425,0.557792,,,,,9.103514194722852,7.5194767942172,1500,0.000000000,1,6c89c95e8f3d68cd883c5ebffe66b8615221c3c08bc6a98846bce2563bf44748,8,3,19,10,2,0,0,"static single-case binary; CUDA event includes setup/readback, clock64 covers timed window"
calibration,v2_calibration_bf16_n256_q32_batch_same_in0_same_discard_h0_b1_none_ops0,1,,NVIDIA Thor,11.0,580.00,13.0,1575.000,,,,mem_clock_mhz:unavailable;temperature_c:unavailable;power_w:unavailable;sm_clock_mhz:sysfs_or_default,bf16,256,32,500,0,96,batch,same,same,discard,0,0,1,1,none,0,2261962.0,,,,,141.372625,1.535584,,,,,11.681944789523431,10.92562569029112,1500,0.000000000,1,f69ae7b4ed931fd11628437925361739e3d5d898a294a1bf5634be7d5d809d95,32,3,19,10,2,0,0,"static single-case binary; CUDA event includes setup/readback, clock64 covers timed window"
calibration,v2_calibration_bf16_n256_q32_batch_same_in0_same_discard_h0_b1_none_ops0,1,,NVIDIA Thor,11.0,580.00,13.0,1575.000,,,,mem_clock_mhz:unavailable;temperature_c:unavailable;power_w:unavailable;sm_clock_mhz:sysfs_or_default,bf16,256,32,500,1,96,batch,same,same,discard,0,0,1,1,none,0,2261792.0,,,,,141.362,1.534976,,,,,11.68282282367256,10.929953302201469,1500,0.000000000,1,f69ae7b4ed931fd11628437925361739e3d5d898a294a1bf5634be7d5d809d95,32,3,19,10,2,0,0,"static single-case binary; CUDA event includes setup/readback, clock64 covers timed window"
calibration,v2_calibration_bf16_n256_q32_batch_same_in0_same_discard_h0_b1_none_ops0,1,,NVIDIA Thor,11.0,580.00,13.0,1575.000,,,,mem_clock_mhz:unavailable;temperature_c:unavailable;power_w:unavailable;sm_clock_mhz:sysfs_or_default,bf16,256,32,500,2,96,batch,same,same,discard,0,0,1,1,none,0,2261779.0,,,,,141.3611875,1.534144,,,,,11.682889972893019,10.935880856034375,1500,0.000000000,1,f69ae7b4ed931fd11628437925361739e3d5d898a294a1bf5634be7d5d809d95,32,3,19,10,2,0,0,"static single-case binary; CUDA event includes setup/readback, clock64 covers timed window"
calibration,v2_calibration_bf16_n128_q16_batch_same_in0_same_discard_h0_b1_none_ops0,1,,NVIDIA Thor,11.0,580.00,13.0,1575.000,,,,mem_clock_mhz:unavailable;temperature_c:unavailable;power_w:unavailable;sm_clock_mhz:sysfs_or_default,bf16,128,16,500,0,97,batch,same,same,discard,0,0,1,1,none,0,694054.0,,,,,86.75675,0.539872,,,,,9.51803289081253,7.769071187244383,979,0.000000000,1,ff7c1f0bb8313f33aee49d49f28d53b1e91ac6dabd57dbeda308422f1dbe859e,16,3,19,10,2,0,0,"static single-case binary; CUDA event includes setup/readback, clock64 covers timed window"
calibration,v2_calibration_bf16_n128_q16_batch_same_in0_same_discard_h0_b1_none_ops0,1,,NVIDIA Thor,11.0,580.00,13.0,1575.000,,,,mem_clock_mhz:unavailable;temperature_c:unavailable;power_w:unavailable;sm_clock_mhz:sysfs_or_default,bf16,128,16,500,1,97,batch,same,same,discard,0,0,1,1,none,0,693870.0,,,,,86.73375,0.537088,,,,,9.520556876648364,7.809342230695901,978,0.000000000,1,ff7c1f0bb8313f33aee49d49f28d53b1e91ac6dabd57dbeda308422f1dbe859e,16,3,19,10,2,0,0,"static single-case binary; CUDA event includes setup/readback, clock64 covers timed window"
calibration,v2_calibration_bf16_n128_q16_batch_same_in0_same_discard_h0_b1_none_ops0,1,,NVIDIA Thor,11.0,580.00,13.0,1575.000,,,,mem_clock_mhz:unavailable;temperature_c:unavailable;power_w:unavailable;sm_clock_mhz:sysfs_or_default,bf16,128,16,500,2,97,batch,same,same,discard,0,0,1,1,none,0,693325.0,,,,,86.665625,0.53824,,,,,9.528040673565787,7.792627824019024,982,0.000000000,1,ff7c1f0bb8313f33aee49d49f28d53b1e91ac6dabd57dbeda308422f1dbe859e,16,3,19,10,2,0,0,"static single-case binary; CUDA event includes setup/readback, clock64 covers timed window"
control,v2_control_bf16_n128_q1_forced_wait_same_in0_same_discard_h0_b0_none_ops0,1,,NVIDIA Thor,11.0,580.00,13.0,1575.000,,,,mem_clock_mhz:unavailable;temperature_c:unavailable;power_w:unavailable;sm_clock_mhz:sysfs_or_default,bf16,128,1,1000,0,98,forced_wait,same,same,discard,0,0,0,20,none,0,450135.0,,,,,450.135,0.415104,,,,,36.689153254023786,25.260561208757323,20000,0.000000000,1,e9a2261d21ba875565a4c527eaf44fd3d5c35da1d488ef8816b1d07e67d451e3,1,3,19,10,2,0,0,"static single-case binary; CUDA event includes setup/readback, clock64 covers timed window"
control,v2_control_bf16_n128_q1_forced_wait_same_in0_same_discard_h0_b0_none_ops0,1,,NVIDIA Thor,11.0,580.00,13.0,1575.000,,,,mem_clock_mhz:unavailable;temperature_c:unavailable;power_w:unavailable;sm_clock_mhz:sysfs_or_default,bf16,128,1,1000,1,98,forced_wait,same,same,discard,0,0,0,20,none,0,450135.0,,,,,450.135,0.413504,,,,,36.689153254023786,25.358303668162826,20000,0.000000000,1,e9a2261d21ba875565a4c527eaf44fd3d5c35da1d488ef8816b1d07e67d451e3,1,3,19,10,2,0,0,"static single-case binary; CUDA event includes setup/readback, clock64 covers timed window"
control,v2_control_bf16_n128_q1_forced_wait_same_in0_same_discard_h0_b0_none_ops0,1,,NVIDIA Thor,11.0,580.00,13.0,1575.000,,,,mem_clock_mhz:unavailable;temperature_c:unavailable;power_w:unavailable;sm_clock_mhz:sysfs_or_default,bf16,128,1,1000,2,98,forced_wait,same,same,discard,0,0,0,20,none,0,450128.0,,,,,450.128,0.41392,,,,,36.68972381189351,25.332817935833013,20000,0.000000000,1,e9a2261d21ba875565a4c527eaf44fd3d5c35da1d488ef8816b1d07e67d451e3,1,3,19,10,2,0,0,"static single-case binary; CUDA event includes setup/readback, clock64 covers timed window"
calibration,v2_calibration_fp16_n128_q4_batch_same_in1_same_discard_h10000000_b1_none_ops0,1,,NVIDIA Thor,11.0,580.00,13.0,1575.000,,,,mem_clock_mhz:unavailable;temperature_c:unavailable;power_w:unavailable;sm_clock_mhz:sysfs_or_default,fp16,128,4,500,0,99,batch,same,same,discard,1,10000000,1,1,none,0,319602.0,,,,,159.801,0.30064,,,,,5.167386937503521,3.487812666311868,500,0.000000000,1,dfd1f9183c31196a3e5d127cec3c8519e092cad39e9042be18e0db07e22b87a3,4,3,19,10,2,0,0,"static single-case binary; CUDA event includes setup/readback, clock64 covers timed window"
calibration,v2_calibration_fp16_n128_q4_batch_same_in1_same_discard_h10000000_b1_none_ops0,1,,NVIDIA Thor,11.0,580.00,13.0,1575.000,,,,mem_clock_mhz:unavailable;temperature_c:unavailable;power_w:unavailable;sm_clock_mhz:sysfs_or_default,fp16,128,4,500,1,99,batch,same,same,discard,1,10000000,1,1,none,0,319602.0,,,,,159.801,0.301472,,,,,5.167386937503521,3.4781870289778154,500,0.000000000,1,dfd1f9183c31196a3e5d127cec3c8519e092cad39e9042be18e0db07e22b87a3,4,3,19,10,2,0,0,"static single-case binary; CUDA event includes setup/readback, clock64 covers timed window"
calibration,v2_calibration_fp16_n128_q4_batch_same_in1_same_discard_h10000000_b1_none_ops0,1,,NVIDIA Thor,11.0,580.00,13.0,1575.000,,,,mem_clock_mhz:unavailable;temperature_c:unavailable;power_w:unavailable;sm_clock_mhz:sysfs_or_default,fp16,128,4,500,2,99,batch,same,same,discard,1,10000000,1,1,none,0,319602.0,,,,,159.801,0.300256,,,,,5.167386937503521,3.492273260151337,500,0.000000000,1,dfd1f9183c31196a3e5d127cec3c8519e092cad39e9042be18e0db07e22b87a3,4,3,19,10,2,0,0,"static single-case binary; CUDA event includes setup/readback, clock64 covers timed window"
calibration,v2_calibration_bf16_n128_q16_batch_same_in1_same_discard_h0_b1_none_ops0,1,,NVIDIA Thor,11.0,580.00,13.0,1575.000,,,,mem_clock_mhz:unavailable;temperature_c:unavailable;power_w:unavailable;sm_clock_mhz:sysfs_or_default,bf16,128,16,500,0,100,batch,same,same,discard,1,0,1,1,none,0,694123.0,,,,,86.765375,0.537216,,,,,9.517086741110724,7.807481534429354,982,0.000000000,1,911cdbdb26045b4c41a79d5eb5aadea3e23f8dd3589602a8610ca2915fd50242,16,3,19,10,2,0,0,"static single-case binary; CUDA event includes setup/readback, clock64 covers timed window"
calibration,v2_calibration_bf16_n128_q16_batch_same_in1_same_discard_h0_b1_none_ops0,1,,NVIDIA Thor,11.0,580.00,13.0,1575.000,,,,mem_clock_mhz:unavailable;temperature_c:unavailable;power_w:unavailable;sm_clock_mhz:sysfs_or_default,bf16,128,16,500,1,100,batch,same,same,discard,1,0,1,1,none,0,694000.0,,,,,86.75,0.537376,,,,,9.5187734870317,7.805156910617519,977,0.000000000,1,911cdbdb26045b4c41a79d5eb5aadea3e23f8dd3589602a8610ca2915fd50242,16,3,19,10,2,0,0,"static single-case binary; CUDA event includes setup/readback, clock64 covers timed window"
calibration,v2_calibration_bf16_n128_q16_batch_same_in1_same_discard_h0_b1_none_ops0,1,,NVIDIA Thor,11.0,580.00,13.0,1575.000,,,,mem_clock_mhz:unavailable;temperature_c:unavailable;power_w:unavailable;sm_clock_mhz:sysfs_or_default,bf16,128,16,500,2,100,batch,same,same,discard,1,0,1,1,none,0,693665.0,,,,,86.708125,0.538368,,,,,9.523370503052627,7.790775083214455,981,0.000000000,1,911cdbdb26045b4c41a79d5eb5aadea3e23f8dd3589602a8610ca2915fd50242,16,3,19,10,2,0,0,"static single-case binary; CUDA event includes setup/readback, clock64 covers timed window"
calibration,v2_calibration_bf16_n128_q2_batch_same_in0_same_discard_h32_b1_none_ops0,1,,NVIDIA Thor,11.0,580.00,13.0,1575.000,,,,mem_clock_mhz:unavailable;temperature_c:unavailable;power_w:unavailable;sm_clock_mhz:sysfs_or_default,bf16,128,2,500,0,101,batch,same,same,discard,0,32,1,1,none,0,237643.0,,,,,237.643,0.246848,,,,,3.474765088809685,2.123930515945035,500,0.000000000,1,56337dde396bd0cd9b7fa182d495ecef09c3aad461b22c22baa4121586157ca9,2,3,19,10,2,0,0,"static single-case binary; CUDA event includes setup/readback, clock64 covers timed window"
calibration,v2_calibration_bf16_n128_q2_batch_same_in0_same_discard_h32_b1_none_ops0,1,,NVIDIA Thor,11.0,580.00,13.0,1575.000,,,,mem_clock_mhz:unavailable;temperature_c:unavailable;power_w:unavailable;sm_clock_mhz:sysfs_or_default,bf16,128,2,500,1,101,batch,same,same,discard,0,32,1,1,none,0,237632.0,,,,,237.632,0.247904,,,,,3.474925935900889,2.114883180586033,500,0.000000000,1,56337dde396bd0cd9b7fa182d495ecef09c3aad461b22c22baa4121586157ca9,2,3,19,10,2,0,0,"static single-case binary; CUDA event includes setup/readback, clock64 covers timed window"
calibration,v2_calibration_bf16_n128_q2_batch_same_in0_same_discard_h32_b1_none_ops0,1,,NVIDIA Thor,11.0,580.00,13.0,1575.000,,,,mem_clock_mhz:unavailable;temperature_c:unavailable;power_w:unavailable;sm_clock_mhz:sysfs_or_default,bf16,128,2,500,2,101,batch,same,same,discard,0,32,1,1,none,0,237632.0,,,,,237.632,0.246944,,,,,3.474925935900889,2.123104833484515,500,0.000000000,1,56337dde396bd0cd9b7fa182d495ecef09c3aad461b22c22baa4121586157ca9,2,3,19,10,2,0,0,"static single-case binary; CUDA event includes setup/readback, clock64 covers timed window"
calibration,v2_calibration_fp16_n128_q1_batch_same_in1_same_discard_h32_b0_none_ops0,1,,NVIDIA Thor,11.0,580.00,13.0,1575.000,,,,mem_clock_mhz:unavailable;temperature_c:unavailable;power_w:unavailable;sm_clock_mhz:sysfs_or_default,fp16,128,1,500,0,102,batch,same,same,discard,1,32,0,20,none,0,215661.0,,,,,431.322,0.26816,,,,,38.289426460973466,19.551312649164675,10000,0.000000000,1,ed88b32c2ae6e1eddcef05fa2681c2183d23a49a93a5fe334a97365a60d9c4b1,1,3,19,10,2,0,0,"static single-case binary; CUDA event includes setup/readback, clock64 covers timed window"
calibration,v2_calibration_fp16_n128_q1_batch_same_in1_same_discard_h32_b0_none_ops0,1,,NVIDIA Thor,11.0,580.00,13.0,1575.000,,,,mem_clock_mhz:unavailable;temperature_c:unavailable;power_w:unavailable;sm_clock_mhz:sysfs_or_default,fp16,128,1,500,1,102,batch,same,same,discard,1,32,0,20,none,0,215663.0,,,,,431.326,0.267712,,,,,38.289071375247495,19.584030600047807,10000,0.000000000,1,ed88b32c2ae6e1eddcef05fa2681c2183d23a49a93a5fe334a97365a60d9c4b1,1,3,19,10,2,0,0,"static single-case binary; CUDA event includes setup/readback, clock64 covers timed window"
calibration,v2_calibration_fp16_n128_q1_batch_same_in1_same_discard_h32_b0_none_ops0,1,,NVIDIA Thor,11.0,580.00,13.0,1575.000,,,,mem_clock_mhz:unavailable;temperature_c:unavailable;power_w:unavailable;sm_clock_mhz:sysfs_or_default,fp16,128,1,500,2,102,batch,same,same,discard,1,32,0,20,none,0,215659.0,,,,,431.318,0.267712,,,,,38.28978155328551,19.584030600047807,10000,0.000000000,1,ed88b32c2ae6e1eddcef05fa2681c2183d23a49a93a5fe334a97365a60d9c4b1,1,3,19,10,2,0,0,"static single-case binary; CUDA event includes setup/readback, clock64 covers timed window"
calibration,v2_calibration_fp16_n256_q32_batch_same_in0_same_discard_h32_b0_none_ops0,1,,NVIDIA Thor,11.0,580.00,13.0,1575.000,,,,mem_clock_mhz:unavailable;temperature_c:unavailable;power_w:unavailable;sm_clock_mhz:sysfs_or_default,fp16,256,32,500,0,103,batch,same,same,discard,0,32,0,20,none,0,2246725.0,,,,,140.4203125,1.55744,,,,,235.22340473355663,215.44606533799058,29995,0.000000000,1,2b7234bbd775dd6641b552d55c630ebc30a5889e84001976ec9bacfdb315300d,32,3,19,10,2,0,0,"static single-case binary; CUDA event includes setup/readback, clock64 covers timed window"
calibration,v2_calibration_fp16_n256_q32_batch_same_in0_same_discard_h32_b0_none_ops0,1,,NVIDIA Thor,11.0,580.00,13.0,1575.000,,,,mem_clock_mhz:unavailable;temperature_c:unavailable;power_w:unavailable;sm_clock_mhz:sysfs_or_default,fp16,256,32,500,1,103,batch,same,same,discard,0,32,0,20,none,0,2247016.0,,,,,140.4385,1.557536,,,,,235.19294210633126,215.4327861442689,29987,0.000000000,1,2b7234bbd775dd6641b552d55c630ebc30a5889e84001976ec9bacfdb315300d,32,3,19,10,2,0,0,"static single-case binary; CUDA event includes setup/readback, clock64 covers timed window"
calibration,v2_calibration_fp16_n256_q32_batch_same_in0_same_discard_h32_b0_none_ops0,1,,NVIDIA Thor,11.0,580.00,13.0,1575.000,,,,mem_clock_mhz:unavailable;temperature_c:unavailable;power_w:unavailable;sm_clock_mhz:sysfs_or_default,fp16,256,32,500,2,103,batch,same,same,discard,0,32,0,20,none,0,2246507.0,,,,,140.4066875,1.559648,,,,,235.2462307039328,215.14105746937773,29966,0.000000000,1,2b7234bbd775dd6641b552d55c630ebc30a5889e84001976ec9bacfdb315300d,32,3,19,10,2,0,0,"static single-case binary; CUDA event includes setup/readback, clock64 covers timed window"
calibration,v2_calibration_bf16_n256_q64_batch_ring_in0_same_discard_h10000000_b1_none_ops0,1,,NVIDIA Thor,11.0,580.00,13.0,1575.000,,,,mem_clock_mhz:unavailable;temperature_c:unavailable;power_w:unavailable;sm_clock_mhz:sysfs_or_default,bf16,256,64,500,0,104,batch,ring,same,discard,0,10000000,1,1,none,0,4293133.0,,,,,134.16040625,2.822208,,,,,12.309944835158845,11.889425584506885,501,0.000000000,1,8d618d32d775e0470f2d43c66a1e949dfd624c865d904c45f320f866334e5ae5,64,3,17,7,2,0,0,"static single-case binary; CUDA event includes setup/readback, clock64 covers timed window"
calibration,v2_calibration_bf16_n256_q64_batch_ring_in0_same_discard_h10000000_b1_none_ops0,1,,NVIDIA Thor,11.0,580.00,13.0,1575.000,,,,mem_clock_mhz:unavailable;temperature_c:unavailable;power_w:unavailable;sm_clock_mhz:sysfs_or_default,bf16,256,64,500,1,104,batch,ring,same,discard,0,10000000,1,1,none,0,4293133.0,,,,,134.16040625,2.823424,,,,,12.309944835158845,11.884305014053858,500,0.000000000,1,8d618d32d775e0470f2d43c66a1e949dfd624c865d904c45f320f866334e5ae5,64,3,17,7,2,0,0,"static single-case binary; CUDA event includes setup/readback, clock64 covers timed window"
calibration,v2_calibration_bf16_n256_q64_batch_ring_in0_same_discard_h10000000_b1_none_ops0,1,,NVIDIA Thor,11.0,580.00,13.0,1575.000,,,,mem_clock_mhz:unavailable;temperature_c:unavailable;power_w:unavailable;sm_clock_mhz:sysfs_or_default,bf16,256,64,500,2,104,batch,ring,same,discard,0,10000000,1,1,none,0,4293133.0,,,,,134.16040625,2.829888,,,,,12.309944835158845,11.857159011240022,500,0.000000000,1,8d618d32d775e0470f2d43c66a1e949dfd624c865d904c45f320f866334e5ae5,64,3,17,7,2,0,0,"static single-case binary; CUDA event includes setup/readback, clock64 covers timed window"
calibration,v2_calibration_fp16_n256_q1_batch_same_in0_same_discard_h0_b0_none_ops0,1,,NVIDIA Thor,11.0,580.00,13.0,1575.000,,,,mem_clock_mhz:unavailable;temperature_c:unavailable;power_w:unavailable;sm_clock_mhz:sysfs_or_default,fp16,256,1,500,0,105,batch,same,same,discard,0,0,0,20,none,0,225131.0,,,,,450.262,0.274272,,,,,73.35760956953952,38.231244895578115,10000,0.000000000,1,de82b0fd70e8a52e5614503df1c7abe13098cabf3cde456bab70736d9e4a7b18,1,3,19,10,2,0,0,"static single-case binary; CUDA event includes setup/readback, clock64 covers timed window"
calibration,v2_calibration_fp16_n256_q1_batch_same_in0_same_discard_h0_b0_none_ops0,1,,NVIDIA Thor,11.0,580.00,13.0,1575.000,,,,mem_clock_mhz:unavailable;temperature_c:unavailable;power_w:unavailable;sm_clock_mhz:sysfs_or_default,fp16,256,1,500,1,105,batch,same,same,discard,0,0,0,20,none,0,225131.0,,,,,450.262,0.272448,,,,,73.35760956953952,38.487197556965,10000,0.000000000,1,de82b0fd70e8a52e5614503df1c7abe13098cabf3cde456bab70736d9e4a7b18,1,3,19,10,2,0,0,"static single-case binary; CUDA event includes setup/readback, clock64 covers timed window"
calibration,v2_calibration_fp16_n256_q1_batch_same_in0_same_discard_h0_b0_none_ops0,1,,NVIDIA Thor,11.0,580.00,13.0,1575.000,,,,mem_clock_mhz:unavailable;temperature_c:unavailable;power_w:unavailable;sm_clock_mhz:sysfs_or_default,fp16,256,1,500,2,105,batch,same,same,discard,0,0,0,20,none,0,225131.0,,,,,450.262,0.274528,,,,,73.35760956953952,38.19559389206201,10000,0.000000000,1,de82b0fd70e8a52e5614503df1c7abe13098cabf3cde456bab70736d9e4a7b18,1,3,19,10,2,0,0,"static single-case binary; CUDA event includes setup/readback, clock64 covers timed window"
calibration,v2_calibration_fp16_n128_q4_batch_same_in1_same_discard_h32_b0_none_ops0,1,,NVIDIA Thor,11.0,580.00,13.0,1575.000,,,,mem_clock_mhz:unavailable;temperature_c:unavailable;power_w:unavailable;sm_clock_mhz:sysfs_or_default,fp16,128,4,500,0,106,batch,same,same,discard,1,32,0,20,none,0,315437.0,,,,,157.7185,0.330208,,,,,104.71233241503057,63.5100300416707,10000,0.000000000,1,640e48c3d92ba8291d2d0868dddfc9fe90a597dad81638b26dfa971bd031c620,4,3,19,10,2,0,0,"static single-case binary; CUDA event includes setup/readback, clock64 covers timed window"
calibration,v2_calibration_fp16_n128_q4_batch_same_in1_same_discard_h32_b0_none_ops0,1,,NVIDIA Thor,11.0,580.00,13.0,1575.000,,,,mem_clock_mhz:unavailable;temperature_c:unavailable;power_w:unavailable;sm_clock_mhz:sysfs_or_default,fp16,128,4,500,1,106,batch,same,same,discard,1,32,0,20,none,0,315348.0,,,,,157.674,0.330048,,,,,104.7418851554473,63.54081830521621,10000,0.000000000,1,640e48c3d92ba8291d2d0868dddfc9fe90a597dad81638b26dfa971bd031c620,4,3,19,10,2,0,0,"static single-case binary; CUDA event includes setup/readback, clock64 covers timed window"
calibration,v2_calibration_fp16_n128_q4_batch_same_in1_same_discard_h32_b0_none_ops0,1,,NVIDIA Thor,11.0,580.00,13.0,1575.000,,,,mem_clock_mhz:unavailable;temperature_c:unavailable;power_w:unavailable;sm_clock_mhz:sysfs_or_default,fp16,128,4,500,2,106,batch,same,same,discard,1,32,0,20,none,0,315257.0,,,,,157.6285,0.33104,,,,,104.77211925508394,63.350410826486225,10000,0.000000000,1,640e48c3d92ba8291d2d0868dddfc9fe90a597dad81638b26dfa971bd031c620,4,3,19,10,2,0,0,"static single-case binary; CUDA event includes setup/readback, clock64 covers timed window"
calibration,v2_calibration_bf16_n128_q1_batch_ring_in0_same_discard_h32_b1_none_ops0,1,,NVIDIA Thor,11.0,580.00,13.0,1575.000,,,,mem_clock_mhz:unavailable;temperature_c:unavailable;power_w:unavailable;sm_clock_mhz:sysfs_or_default,bf16,128,1,500,0,107,batch,ring,same,discard,0,32,1,1,none,0,215643.0,,,,,431.286,0.234112,,,,,1.9146311264450966,1.1197375615090213,500,0.000000000,1,66cc443b167090a44b4430c149a66f7f25166bf2c979b6048ad4007721f81f21,1,3,17,7,2,0,0,"static single-case binary; CUDA event includes setup/readback, clock64 covers timed window"
calibration,v2_calibration_bf16_n128_q1_batch_ring_in0_same_discard_h32_b1_none_ops0,1,,NVIDIA Thor,11.0,580.00,13.0,1575.000,,,,mem_clock_mhz:unavailable;temperature_c:unavailable;power_w:unavailable;sm_clock_mhz:sysfs_or_default,bf16,128,1,500,1,107,batch,ring,same,discard,0,32,1,1,none,0,215644.0,,,,,431.288,0.234464,,,,,1.9146222477787462,1.1180565033437968,500,0.000000000,1,66cc443b167090a44b4430c149a66f7f25166bf2c979b6048ad4007721f81f21,1,3,17,7,2,0,0,"static single-case binary; CUDA event includes setup/readback, clock64 covers timed window"
calibration,v2_calibration_bf16_n128_q1_batch_ring_in0_same_discard_h32_b1_none_ops0,1,,NVIDIA Thor,11.0,580.00,13.0,1575.000,,,,mem_clock_mhz:unavailable;temperature_c:unavailable;power_w:unavailable;sm_clock_mhz:sysfs_or_default,bf16,128,1,500,2,107,batch,ring,same,discard,0,32,1,1,none,0,215644.0,,,,,431.288,0.235136,,,,,1.9146222477787462,1.114861186717474,500,0.000000000,1,66cc443b167090a44b4430c149a66f7f25166bf2c979b6048ad4007721f81f21,1,3,17,7,2,0,0,"static single-case binary; CUDA event includes setup/readback, clock64 covers timed window"
control,v2_control_fp16_n256_q1_forced_wait_same_in0_same_discard_h0_b0_none_ops0,1,,NVIDIA Thor,11.0,580.00,13.0,1575.000,,,,mem_clock_mhz:unavailable;temperature_c:unavailable;power_w:unavailable;sm_clock_mhz:sysfs_or_default,fp16,256,1,1000,0,108,forced_wait,same,same,discard,0,0,0,20,none,0,450134.0,,,,,450.134,0.419712,,,,,73.37846952240889,49.96645318694724,20000,0.000000000,1,c05112b6f9e0ce73af0d3a30986b934fa60132d34c27d46e717619266580c257,1,3,19,10,2,0,0,"static single-case binary; CUDA event includes setup/readback, clock64 covers timed window"
control,v2_control_fp16_n256_q1_forced_wait_same_in0_same_discard_h0_b0_none_ops0,1,,NVIDIA Thor,11.0,580.00,13.0,1575.000,,,,mem_clock_mhz:unavailable;temperature_c:unavailable;power_w:unavailable;sm_clock_mhz:sysfs_or_default,fp16,256,1,1000,1,108,forced_wait,same,same,discard,0,0,0,20,none,0,450129.0,,,,,450.129,0.416,,,,,73.37928460507987,50.41230769230769,20000,0.000000000,1,c05112b6f9e0ce73af0d3a30986b934fa60132d34c27d46e717619266580c257,1,3,19,10,2,0,0,"static single-case binary; CUDA event includes setup/readback, clock64 covers timed window"
control,v2_control_fp16_n256_q1_forced_wait_same_in0_same_discard_h0_b0_none_ops0,1,,NVIDIA Thor,11.0,580.00,13.0,1575.000,,,,mem_clock_mhz:unavailable;temperature_c:unavailable;power_w:unavailable;sm_clock_mhz:sysfs_or_default,fp16,256,1,1000,2,108,forced_wait,same,same,discard,0,0,0,20,none,0,450131.0,,,,,450.131,0.41904,,,,,73.37895856983856,50.04658266513936,20000,0.000000000,1,c05112b6f9e0ce73af0d3a30986b934fa60132d34c27d46e717619266580c257,1,3,19,10,2,0,0,"static single-case binary; CUDA event includes setup/readback, clock64 covers timed window"
calibration,v2_calibration_bf16_n128_q8_batch_same_in1_same_discard_h10000000_b0_none_ops0,1,,NVIDIA Thor,11.0,580.00,13.0,1575.000,,,,mem_clock_mhz:unavailable;temperature_c:unavailable;power_w:unavailable;sm_clock_mhz:sysfs_or_default,bf16,128,8,500,0,109,batch,same,same,discard,1,10000000,0,20,none,0,447446.0,,,,,111.8615,0.4136,,,,,147.63857091135023,101.40967117988394,10000,0.000000000,1,624e408bd969c617c491940e51fac6bbcdfdfedc033b632e706a2e9a35d766aa,8,3,19,10,2,0,0,"static single-case binary; CUDA event includes setup/readback, clock64 covers timed window"
calibration,v2_calibration_bf16_n128_q8_batch_same_in1_same_discard_h10000000_b0_none_ops0,1,,NVIDIA Thor,11.0,580.00,13.0,1575.000,,,,mem_clock_mhz:unavailable;temperature_c:unavailable;power_w:unavailable;sm_clock_mhz:sysfs_or_default,bf16,128,8,500,1,109,batch,same,same,discard,1,10000000,0,20,none,0,447445.0,,,,,111.86125,0.412224,,,,,147.63890087049802,101.74817574910728,10000,0.000000000,1,624e408bd969c617c491940e51fac6bbcdfdfedc033b632e706a2e9a35d766aa,8,3,19,10,2,0,0,"static single-case binary; CUDA event includes setup/readback, clock64 covers timed window"
calibration,v2_calibration_bf16_n128_q8_batch_same_in1_same_discard_h10000000_b0_none_ops0,1,,NVIDIA Thor,11.0,580.00,13.0,1575.000,,,,mem_clock_mhz:unavailable;temperature_c:unavailable;power_w:unavailable;sm_clock_mhz:sysfs_or_default,bf16,128,8,500,2,109,batch,same,same,discard,1,10000000,0,20,none,0,447446.0,,,,,111.8615,0.415136,,,,,147.63857091135023,101.03445617821627,10000,0.000000000,1,624e408bd969c617c491940e51fac6bbcdfdfedc033b632e706a2e9a35d766aa,8,3,19,10,2,0,0,"static single-case binary; CUDA event includes setup/readback, clock64 covers timed window"
calibration,v2_calibration_fp16_n256_q16_batch_ring_in0_same_discard_h10000000_b1_none_ops0,1,,NVIDIA Thor,11.0,580.00,13.0,1575.000,,,,mem_clock_mhz:unavailable;temperature_c:unavailable;power_w:unavailable;sm_clock_mhz:sysfs_or_default,fp16,256,16,500,0,110,batch,ring,same,discard,0,10000000,1,1,none,0,1215147.0,,,,,151.893375,0.872928,,,,,10.872806006186906,9.609736427288391,500,0.000000000,1,6b97296db759c70e7fa5b31842e73ccf0c9c475b3f3017aeaaf09cc2b8a34ff5,16,3,17,7,2,0,0,"static single-case binary; CUDA event includes setup/readback, clock64 covers timed window"
calibration,v2_calibration_fp16_n256_q16_batch_ring_in0_same_discard_h10000000_b1_none_ops0,1,,NVIDIA Thor,11.0,580.00,13.0,1575.000,,,,mem_clock_mhz:unavailable;temperature_c:unavailable;power_w:unavailable;sm_clock_mhz:sysfs_or_default,fp16,256,16,500,1,110,batch,ring,same,discard,0,10000000,1,1,none,0,1215146.0,,,,,151.89325,0.870304,,,,,10.872814953923232,9.638710151854985,500,0.000000000,1,6b97296db759c70e7fa5b31842e73ccf0c9c475b3f3017aeaaf09cc2b8a34ff5,16,3,17,7,2,0,0,"static single-case binary; CUDA event includes setup/readback, clock64 covers timed window"
calibration,v2_calibration_fp16_n256_q16_batch_ring_in0_same_discard_h10000000_b1_none_ops0,1,,NVIDIA Thor,11.0,580.00,13.0,1575.000,,,,mem_clock_mhz:unavailable;temperature_c:unavailable;power_w:unavailable;sm_clock_mhz:sysfs_or_default,fp16,256,16,500,2,110,batch,ring,same,discard,0,10000000,1,1,none,0,1215146.0,,,,,151.89325,0.86912,,,,,10.872814953923232,9.651840942562592,500,0.000000000,1,6b97296db759c70e7fa5b31842e73ccf0c9c475b3f3017aeaaf09cc2b8a34ff5,16,3,17,7,2,0,0,"static single-case binary; CUDA event includes setup/readback, clock64 covers timed window"
calibration,v2_calibration_fp16_n128_q2_batch_same_in1_same_discard_h0_b0_none_ops0,1,,NVIDIA Thor,11.0,580.00,13.0,1575.000,,,,mem_clock_mhz:unavailable;temperature_c:unavailable;power_w:unavailable;sm_clock_mhz:sysfs_or_default,fp16,128,2,500,0,111,batch,same,same,discard,1,0,0,20,none,0,247139.0,,,,,247.139,0.28816,,,,,66.82503368549682,36.38867295946696,10000,0.000000000,1,cca326f410812f4d02099f7f94f9b78166c5c6489edac0a7de99c2999ca5612f,2,3,19,10,2,0,0,"static single-case binary; CUDA event includes setup/readback, clock64 covers timed window"
calibration,v2_calibration_fp16_n128_q2_batch_same_in1_same_discard_h0_b0_none_ops0,1,,NVIDIA Thor,11.0,580.00,13.0,1575.000,,,,mem_clock_mhz:unavailable;temperature_c:unavailable;power_w:unavailable;sm_clock_mhz:sysfs_or_default,fp16,128,2,500,1,111,batch,same,same,discard,1,0,0,20,none,0,247148.0,,,,,247.148,0.288896,,,,,66.82260022334795,36.29596809924679,10000,0.000000000,1,cca326f410812f4d02099f7f94f9b78166c5c6489edac0a7de99c2999ca5612f,2,3,19,10,2,0,0,"static single-case binary; CUDA event includes setup/readback, clock64 covers timed window"
calibration,v2_calibration_fp16_n128_q2_batch_same_in1_same_discard_h0_b0_none_ops0,1,,NVIDIA Thor,11.0,580.00,13.0,1575.000,,,,mem_clock_mhz:unavailable;temperature_c:unavailable;power_w:unavailable;sm_clock_mhz:sysfs_or_default,fp16,128,2,500,2,111,batch,same,same,discard,1,0,0,20,none,0,247148.0,,,,,247.148,0.287936,,,,,66.82260022334795,36.416981551455876,10000,0.000000000,1,cca326f410812f4d02099f7f94f9b78166c5c6489edac0a7de99c2999ca5612f,2,3,19,10,2,0,0,"static single-case binary; CUDA event includes setup/readback, clock64 covers timed window"
calibration,v2_calibration_fp16_n256_q32_batch_ring_in0_same_discard_h10000000_b1_none_ops0,1,,NVIDIA Thor,11.0,580.00,13.0,1575.000,,,,mem_clock_mhz:unavailable;temperature_c:unavailable;power_w:unavailable;sm_clock_mhz:sysfs_or_default,fp16,256,32,500,0,112,batch,ring,same,discard,0,10000000,1,1,none,0,2239145.0,,,,,139.9465625,1.519744,,,,,11.800984393596663,11.03950138970774,500,0.000000000,1,65bd625865446b0621f39de0b7d34a80954cabae2012572ee6d88c1436d1c296,32,3,17,7,2,0,0,"static single-case binary; CUDA event includes setup/readback, clock64 covers timed window"
calibration,v2_calibration_fp16_n256_q32_batch_ring_in0_same_discard_h10000000_b1_none_ops0,1,,NVIDIA Thor,11.0,580.00,13.0,1575.000,,,,mem_clock_mhz:unavailable;temperature_c:unavailable;power_w:unavailable;sm_clock_mhz:sysfs_or_default,fp16,256,32,500,1,112,batch,ring,same,discard,0,10000000,1,1,none,0,2239145.0,,,,,139.9465625,1.51888,,,,,11.800984393596663,11.04578110186453,500,0.000000000,1,65bd625865446b0621f39de0b7d34a80954cabae2012572ee6d88c1436d1c296,32,3,17,7,2,0,0,"static single-case binary; CUDA event includes setup/readback, clock64 covers timed window"
calibration,v2_calibration_fp16_n256_q32_batch_ring_in0_same_discard_h10000000_b1_none_ops0,1,,NVIDIA Thor,11.0,580.00,13.0,1575.000,,,,mem_clock_mhz:unavailable;temperature_c:unavailable;power_w:unavailable;sm_clock_mhz:sysfs_or_default,fp16,256,32,500,2,112,batch,ring,same,discard,0,10000000,1,1,none,0,2239145.0,,,,,139.9465625,1.519072,,,,,11.800984393596663,11.04438499294306,501,0.000000000,1,65bd625865446b0621f39de0b7d34a80954cabae2012572ee6d88c1436d1c296,32,3,17,7,2,0,0,"static single-case binary; CUDA event includes setup/readback, clock64 covers timed window"
calibration,v2_calibration_fp16_n128_q2_batch_same_in0_same_discard_h10000000_b0_none_ops0,1,,NVIDIA Thor,11.0,580.00,13.0,1575.000,,,,mem_clock_mhz:unavailable;temperature_c:unavailable;power_w:unavailable;sm_clock_mhz:sysfs_or_default,fp16,128,2,500,0,113,batch,same,same,discard,0,10000000,0,20,none,0,237651.0,,,,,237.651,0.277792,,,,,69.49296236918843,37.74680336366779,10000,0.000000000,1,202641085da9f4ccc2030409325f3cbe91bc32bd1e061be1fc2d4d1172846990,2,3,19,10,2,0,0,"static single-case binary; CUDA event includes setup/readback, clock64 covers timed window"
calibration,v2_calibration_fp16_n128_q2_batch_same_in0_same_discard_h10000000_b0_none_ops0,1,,NVIDIA Thor,11.0,580.00,13.0,1575.000,,,,mem_clock_mhz:unavailable;temperature_c:unavailable;power_w:unavailable;sm_clock_mhz:sysfs_or_default,fp16,128,2,500,1,113,batch,same,same,discard,0,10000000,0,20,none,0,237653.0,,,,,237.653,0.28096,,,,,69.4923775420466,37.32118451025057,10000,0.000000000,1,202641085da9f4ccc2030409325f3cbe91bc32bd1e061be1fc2d4d1172846990,2,3,19,10,2,0,0,"static single-case binary; CUDA event includes setup/readback, clock64 covers timed window"
calibration,v2_calibration_fp16_n128_q2_batch_same_in0_same_discard_h10000000_b0_none_ops0,1,,NVIDIA Thor,11.0,580.00,13.0,1575.000,,,,mem_clock_mhz:unavailable;temperature_c:unavailable;power_w:unavailable;sm_clock_mhz:sysfs_or_default,fp16,128,2,500,2,113,batch,same,same,discard,0,10000000,0,20,none,0,237650.0,,,,,237.65,0.280768,,,,,69.49325478645066,37.34670617734214,10000,0.000000000,1,202641085da9f4ccc2030409325f3cbe91bc32bd1e061be1fc2d4d1172846990,2,3,19,10,2,0,0,"static single-case binary; CUDA event includes setup/readback, clock64 covers timed window"
calibration,v2_calibration_fp16_n256_q16_batch_same_in0_same_discard_h32_b0_none_ops0,1,,NVIDIA Thor,11.0,580.00,13.0,1575.000,,,,mem_clock_mhz:unavailable;temperature_c:unavailable;power_w:unavailable;sm_clock_mhz:sysfs_or_default,fp16,256,16,500,0,114,batch,same,same,discard,0,32,0,20,none,0,1236511.0,,,,,154.563875,0.914944,,,,,213.69899014242495,183.3687744823727,29965,0.000000000,1,75874f0f10508a8d3b3468fa66852ed6e0cd9f98ac8acada6d51b96351f052a7,16,3,19,10,2,0,0,"static single-case binary; CUDA event includes setup/readback, clock64 covers timed window"
calibration,v2_calibration_fp16_n256_q16_batch_same_in0_same_discard_h32_b0_none_ops0,1,,NVIDIA Thor,11.0,580.00,13.0,1575.000,,,,mem_clock_mhz:unavailable;temperature_c:unavailable;power_w:unavailable;sm_clock_mhz:sysfs_or_default,fp16,256,16,500,1,114,batch,same,same,discard,0,32,0,20,none,0,1237090.0,,,,,154.63625,0.913664,,,,,213.5989717805495,183.6256654525077,29985,0.000000000,1,75874f0f10508a8d3b3468fa66852ed6e0cd9f98ac8acada6d51b96351f052a7,16,3,19,10,2,0,0,"static single-case binary; CUDA event includes setup/readback, clock64 covers timed window"
calibration,v2_calibration_fp16_n256_q16_batch_same_in0_same_discard_h32_b0_none_ops0,1,,NVIDIA Thor,11.0,580.00,13.0,1575.000,,,,mem_clock_mhz:unavailable;temperature_c:unavailable;power_w:unavailable;sm_clock_mhz:sysfs_or_default,fp16,256,16,500,2,114,batch,same,same,discard,0,32,0,20,none,0,1236295.0,,,,,154.536875,0.913696,,,,,213.73632668578293,183.619234406192,29978,0.000000000,1,75874f0f10508a8d3b3468fa66852ed6e0cd9f98ac8acada6d51b96351f052a7,16,3,19,10,2,0,0,"static single-case binary; CUDA event includes setup/readback, clock64 covers timed window"
calibration,v2_calibration_fp16_n256_q2_batch_same_in1_same_discard_h32_b0_none_ops0,1,,NVIDIA Thor,11.0,580.00,13.0,1575.000,,,,mem_clock_mhz:unavailable;temperature_c:unavailable;power_w:unavailable;sm_clock_mhz:sysfs_or_default,fp16,256,2,500,0,115,batch,same,same,discard,1,32,0,20,none,0,302914.0,,,,,302.914,0.324672,,,,,109.04132526063503,64.59294303173664,15476,0.000000000,1,b56ba42badea3b788082c8a30093157c97ff7f55aeb8bb64685f13b0300a0bf1,2,3,19,10,2,0,0,"static single-case binary; CUDA event includes setup/readback, clock64 covers timed window"
calibration,v2_calibration_fp16_n256_q2_batch_same_in1_same_discard_h32_b0_none_ops0,1,,NVIDIA Thor,11.0,580.00,13.0,1575.000,,,,mem_clock_mhz:unavailable;temperature_c:unavailable;power_w:unavailable;sm_clock_mhz:sysfs_or_default,fp16,256,2,500,1,115,batch,same,same,discard,1,32,0,20,none,0,302205.0,,,,,302.205,0.325952,,,,,109.29714597706855,64.33928922049871,15304,0.000000000,1,b56ba42badea3b788082c8a30093157c97ff7f55aeb8bb64685f13b0300a0bf1,2,3,19,10,2,0,0,"static single-case binary; CUDA event includes setup/readback, clock64 covers timed window"
calibration,v2_calibration_fp16_n256_q2_batch_same_in1_same_discard_h32_b0_none_ops0,1,,NVIDIA Thor,11.0,580.00,13.0,1575.000,,,,mem_clock_mhz:unavailable;temperature_c:unavailable;power_w:unavailable;sm_clock_mhz:sysfs_or_default,fp16,256,2,500,2,115,batch,same,same,discard,1,32,0,20,none,0,302028.0,,,,,302.028,0.323968,,,,,109.36119829949543,64.73330699328329,15099,0.000000000,1,b56ba42badea3b788082c8a30093157c97ff7f55aeb8bb64685f13b0300a0bf1,2,3,19,10,2,0,0,"static single-case binary; CUDA event includes setup/readback, clock64 covers timed window"
calibration,v2_calibration_fp16_n256_q16_batch_ring_in0_same_discard_h10000000_b0_none_ops0,1,,NVIDIA Thor,11.0,580.00,13.0,1575.000,,,,mem_clock_mhz:unavailable;temperature_c:unavailable;power_w:unavailable;sm_clock_mhz:sysfs_or_default,fp16,256,16,500,0,116,batch,ring,same,discard,0,10000000,0,20,none,0,1215151.0,,,,,151.893875,0.90144,,,,,217.45540430777737,186.1157259495918,10000,0.000000000,1,6b97296db759c70e7fa5b31842e73ccf0c9c475b3f3017aeaaf09cc2b8a34ff5,16,3,17,7,2,0,0,"static single-case binary; CUDA event includes setup/readback, clock64 covers timed window"
calibration,v2_calibration_fp16_n256_q16_batch_ring_in0_same_discard_h10000000_b0_none_ops0,1,,NVIDIA Thor,11.0,580.00,13.0,1575.000,,,,mem_clock_mhz:unavailable;temperature_c:unavailable;power_w:unavailable;sm_clock_mhz:sysfs_or_default,fp16,256,16,500,1,116,batch,ring,same,discard,0,10000000,0,20,none,0,1215147.0,,,,,151.893375,0.903968,,,,,217.45612012373812,185.5952423094623,10011,0.000000000,1,6b97296db759c70e7fa5b31842e73ccf0c9c475b3f3017aeaaf09cc2b8a34ff5,16,3,17,7,2,0,0,"static single-case binary; CUDA event includes setup/readback, clock64 covers timed window"
calibration,v2_calibration_fp16_n256_q16_batch_ring_in0_same_discard_h10000000_b0_none_ops0,1,,NVIDIA Thor,11.0,580.00,13.0,1575.000,,,,mem_clock_mhz:unavailable;temperature_c:unavailable;power_w:unavailable;sm_clock_mhz:sysfs_or_default,fp16,256,16,500,2,116,batch,ring,same,discard,0,10000000,0,20,none,0,1215193.0,,,,,151.899125,0.901184,,,,,217.4478885247035,186.16859598039912,10020,0.000000000,1,6b97296db759c70e7fa5b31842e73ccf0c9c475b3f3017aeaaf09cc2b8a34ff5,16,3,17,7,2,0,0,"static single-case binary; CUDA event includes setup/readback, clock64 covers timed window"
calibration,v2_calibration_bf16_n256_q32_batch_same_in1_same_discard_h10000000_b0_none_ops0,1,,NVIDIA Thor,11.0,580.00,13.0,1575.000,,,,mem_clock_mhz:unavailable;temperature_c:unavailable;power_w:unavailable;sm_clock_mhz:sysfs_or_default,bf16,256,32,500,0,117,batch,same,same,discard,1,10000000,0,20,none,0,2239149.0,,,,,139.9468125,1.5536,,,,,236.0192662480255,215.97857878475796,10000,0.000000000,1,40ffb6f4606a0d157a0d5c5b8caca33b54e2b15e72bf55fdb277b85b4db2443f,32,3,19,10,2,0,0,"static single-case binary; CUDA event includes setup/readback, clock64 covers timed window"
calibration,v2_calibration_bf16_n256_q32_batch_same_in1_same_discard_h10000000_b0_none_ops0,1,,NVIDIA Thor,11.0,580.00,13.0,1575.000,,,,mem_clock_mhz:unavailable;temperature_c:unavailable;power_w:unavailable;sm_clock_mhz:sysfs_or_default,bf16,256,32,500,1,117,batch,same,same,discard,1,10000000,0,20,none,0,2239152.0,,,,,139.947,1.554112,,,,,236.0189500310832,215.90742494749415,10000,0.000000000,1,40ffb6f4606a0d157a0d5c5b8caca33b54e2b15e72bf55fdb277b85b4db2443f,32,3,19,10,2,0,0,"static single-case binary; CUDA event includes setup/readback, clock64 covers timed window"
calibration,v2_calibration_bf16_n256_q32_batch_same_in1_same_discard_h10000000_b0_none_ops0,1,,NVIDIA Thor,11.0,580.00,13.0,1575.000,,,,mem_clock_mhz:unavailable;temperature_c:unavailable;power_w:unavailable;sm_clock_mhz:sysfs_or_default,bf16,256,32,500,2,117,batch,same,same,discard,1,10000000,0,20,none,0,2239151.0,,,,,139.9469375,1.550816,,,,,236.01905543663648,216.36630006396632,10000,0.000000000,1,40ffb6f4606a0d157a0d5c5b8caca33b54e2b15e72bf55fdb277b85b4db2443f,32,3,19,10,2,0,0,"static single-case binary; CUDA event includes setup/readback, clock64 covers timed window"
calibration,v2_calibration_fp16_n128_q8_batch_same_in0_same_discard_h0_b1_none_ops0,1,,NVIDIA Thor,11.0,580.00,13.0,1575.000,,,,mem_clock_mhz:unavailable;temperature_c:unavailable;power_w:unavailable;sm_clock_mhz:sysfs_or_default,fp16,128,8,500,0,118,batch,same,same,discard,0,0,1,1,none,0,408070.0,,,,,102.0175,0.357728,,,,,8.094234812654692,5.862420610072458,500,0.000000000,1,5acb615fc880d3d24a39d982f13a66df938488de4d94dc8a9fd08abda684b51b,8,3,19,10,2,0,0,"static single-case binary; CUDA event includes setup/readback, clock64 covers timed window"
calibration,v2_calibration_fp16_n128_q8_batch_same_in0_same_discard_h0_b1_none_ops0,1,,NVIDIA Thor,11.0,580.00,13.0,1575.000,,,,mem_clock_mhz:unavailable;temperature_c:unavailable;power_w:unavailable;sm_clock_mhz:sysfs_or_default,fp16,128,8,500,1,118,batch,same,same,discard,0,0,1,1,none,0,407488.0,,,,,101.872,0.354976,,,,,8.105795508088582,5.907869827819345,500,0.000000000,1,5acb615fc880d3d24a39d982f13a66df938488de4d94dc8a9fd08abda684b51b,8,3,19,10,2,0,0,"static single-case binary; CUDA event includes setup/readback, clock64 covers timed window"
calibration,v2_calibration_fp16_n128_q8_batch_same_in0_same_discard_h0_b1_none_ops0,1,,NVIDIA Thor,11.0,580.00,13.0,1575.000,,,,mem_clock_mhz:unavailable;temperature_c:unavailable;power_w:unavailable;sm_clock_mhz:sysfs_or_default,fp16,128,8,500,2,118,batch,same,same,discard,0,0,1,1,none,0,404835.0,,,,,101.20875,0.35408,,,,,8.158915113564785,5.922819701762314,500,0.000000000,1,5acb615fc880d3d24a39d982f13a66df938488de4d94dc8a9fd08abda684b51b,8,3,19,10,2,0,0,"static single-case binary; CUDA event includes setup/readback, clock64 covers timed window"
control,v2_control_bf16_n256_q1_commit_wait_same_in0_same_discard_h10000000_b0_none_ops0,1,,NVIDIA Thor,11.0,580.00,13.0,1575.000,,,,mem_clock_mhz:unavailable;temperature_c:unavailable;power_w:unavailable;sm_clock_mhz:sysfs_or_default,bf16,256,1,1000,0,119,commit_wait,same,same,discard,0,10000000,0,20,none,0,258151.0,,,,,,0.296512,,,,,,,20000,0.000000000,1,20889491f02dac9ae259ff7e8a188b4683e589994cfc23ccf2b802c401cc5454,0,3,19,9,2,0,0,"static single-case binary; CUDA event includes setup/readback, clock64 covers timed window"
control,v2_control_bf16_n256_q1_commit_wait_same_in0_same_discard_h10000000_b0_none_ops0,1,,NVIDIA Thor,11.0,580.00,13.0,1575.000,,,,mem_clock_mhz:unavailable;temperature_c:unavailable;power_w:unavailable;sm_clock_mhz:sysfs_or_default,bf16,256,1,1000,1,119,commit_wait,same,same,discard,0,10000000,0,20,none,0,258151.0,,,,,,0.295424,,,,,,,20000,0.000000000,1,20889491f02dac9ae259ff7e8a188b4683e589994cfc23ccf2b802c401cc5454,0,3,19,9,2,0,0,"static single-case binary; CUDA event includes setup/readback, clock64 covers timed window"
control,v2_control_bf16_n256_q1_commit_wait_same_in0_same_discard_h10000000_b0_none_ops0,1,,NVIDIA Thor,11.0,580.00,13.0,1575.000,,,,mem_clock_mhz:unavailable;temperature_c:unavailable;power_w:unavailable;sm_clock_mhz:sysfs_or_default,bf16,256,1,1000,2,119,commit_wait,same,same,discard,0,10000000,0,20,none,0,258149.0,,,,,,0.293856,,,,,,,20000,0.000000000,1,20889491f02dac9ae259ff7e8a188b4683e589994cfc23ccf2b802c401cc5454,0,3,19,9,2,0,0,"static single-case binary; CUDA event includes setup/readback, clock64 covers timed window"
calibration,v2_calibration_fp16_n128_q2_batch_same_in1_same_discard_h32_b1_none_ops0,1,,NVIDIA Thor,11.0,580.00,13.0,1575.000,,,,mem_clock_mhz:unavailable;temperature_c:unavailable;power_w:unavailable;sm_clock_mhz:sysfs_or_default,fp16,128,2,500,0,120,batch,same,same,discard,1,32,1,1,none,0,237632.0,,,,,237.632,0.250592,,,,,3.474925935900889,2.092197675903461,500,0.000000000,1,cc964e9c07f02d9debb2447d9494fee05f5c1cc15bff5cd2416d15c79f0688e5,2,3,19,10,2,0,0,"static single-case binary; CUDA event includes setup/readback, clock64 covers timed window"
calibration,v2_calibration_fp16_n128_q2_batch_same_in1_same_discard_h32_b1_none_ops0,1,,NVIDIA Thor,11.0,580.00,13.0,1575.000,,,,mem_clock_mhz:unavailable;temperature_c:unavailable;power_w:unavailable;sm_clock_mhz:sysfs_or_default,fp16,128,2,500,1,120,batch,same,same,discard,1,32,1,1,none,0,237632.0,,,,,237.632,0.247872,,,,,3.474925935900889,2.115156209656597,500,0.000000000,1,cc964e9c07f02d9debb2447d9494fee05f5c1cc15bff5cd2416d15c79f0688e5,2,3,19,10,2,0,0,"static single-case binary; CUDA event includes setup/readback, clock64 covers timed window"
calibration,v2_calibration_fp16_n128_q2_batch_same_in1_same_discard_h32_b1_none_ops0,1,,NVIDIA Thor,11.0,580.00,13.0,1575.000,,,,mem_clock_mhz:unavailable;temperature_c:unavailable;power_w:unavailable;sm_clock_mhz:sysfs_or_default,fp16,128,2,500,2,120,batch,same,same,discard,1,32,1,1,none,0,237632.0,,,,,237.632,0.247136,,,,,3.474925935900889,2.1214553929820017,500,0.000000000,1,cc964e9c07f02d9debb2447d9494fee05f5c1cc15bff5cd2416d15c79f0688e5,2,3,19,10,2,0,0,"static single-case binary; CUDA event includes setup/readback, clock64 covers timed window"
calibration,v2_calibration_bf16_n256_q1_batch_ring_in0_same_discard_h0_b1_none_ops0,1,,NVIDIA Thor,11.0,580.00,13.0,1575.000,,,,mem_clock_mhz:unavailable;temperature_c:unavailable;power_w:unavailable;sm_clock_mhz:sysfs_or_default,bf16,256,1,500,0,121,batch,ring,same,discard,0,0,1,1,none,0,225125.0,,,,,450.25,0.242432,,,,,3.66797823431427,2.162618796198522,500,0.000000000,1,81857b40ebf2a134430c3177b45ca3b129af4733c46de2aa8d5ac6db03449991,1,3,17,7,2,0,0,"static single-case binary; CUDA event includes setup/readback, clock64 covers timed window"
calibration,v2_calibration_bf16_n256_q1_batch_ring_in0_same_discard_h0_b1_none_ops0,1,,NVIDIA Thor,11.0,580.00,13.0,1575.000,,,,mem_clock_mhz:unavailable;temperature_c:unavailable;power_w:unavailable;sm_clock_mhz:sysfs_or_default,bf16,256,1,500,1,121,batch,ring,same,discard,0,0,1,1,none,0,225125.0,,,,,450.25,0.24368,,,,,3.66797823431427,2.1515430072225867,500,0.000000000,1,81857b40ebf2a134430c3177b45ca3b129af4733c46de2aa8d5ac6db03449991,1,3,17,7,2,0,0,"static single-case binary; CUDA event includes setup/readback, clock64 covers timed window"
calibration,v2_calibration_bf16_n256_q1_batch_ring_in0_same_discard_h0_b1_none_ops0,1,,NVIDIA Thor,11.0,580.00,13.0,1575.000,,,,mem_clock_mhz:unavailable;temperature_c:unavailable;power_w:unavailable;sm_clock_mhz:sysfs_or_default,bf16,256,1,500,2,121,batch,ring,same,discard,0,0,1,1,none,0,225125.0,,,,,450.25,0.240352,,,,,3.66797823431427,2.181334043403009,500,0.000000000,1,81857b40ebf2a134430c3177b45ca3b129af4733c46de2aa8d5ac6db03449991,1,3,17,7,2,0,0,"static single-case binary; CUDA event includes setup/readback, clock64 covers timed window"
calibration,v2_calibration_fp16_n128_q64_batch_same_in0_same_discard_h10000000_b0_none_ops0,1,,NVIDIA Thor,11.0,580.00,13.0,1575.000,,,,mem_clock_mhz:unavailable;temperature_c:unavailable;power_w:unavailable;sm_clock_mhz:sysfs_or_default,fp16,128,64,500,0,122,batch,same,same,discard,0,10000000,0,20,none,0,2245916.0,,,,,70.184875,1.555168,,,,,235.30813440930115,215.76081812382972,10000,0.000000000,1,8f4965913b45de073441ba404e6620bf1096ac21ad1a4dc02bbb725e483b5f72,64,3,19,10,2,0,0,"static single-case binary; CUDA event includes setup/readback, clock64 covers timed window"
calibration,v2_calibration_fp16_n128_q64_batch_same_in0_same_discard_h10000000_b0_none_ops0,1,,NVIDIA Thor,11.0,580.00,13.0,1575.000,,,,mem_clock_mhz:unavailable;temperature_c:unavailable;power_w:unavailable;sm_clock_mhz:sysfs_or_default,fp16,128,64,500,1,122,batch,same,same,discard,0,10000000,0,20,none,0,2245913.0,,,,,70.18478125,1.556896,,,,,235.3084487244163,215.52134503524962,10000,0.000000000,1,8f4965913b45de073441ba404e6620bf1096ac21ad1a4dc02bbb725e483b5f72,64,3,19,10,2,0,0,"static single-case binary; CUDA event includes setup/readback, clock64 covers timed window"
calibration,v2_calibration_fp16_n128_q64_batch_same_in0_same_discard_h10000000_b0_none_ops0,1,,NVIDIA Thor,11.0,580.00,13.0,1575.000,,,,mem_clock_mhz:unavailable;temperature_c:unavailable;power_w:unavailable;sm_clock_mhz:sysfs_or_default,fp16,128,64,500,2,122,batch,same,same,discard,0,10000000,0,20,none,0,2245914.0,,,,,70.1848125,1.556832,,,,,235.30834395261795,215.530204928984,10000,0.000000000,1,8f4965913b45de073441ba404e6620bf1096ac21ad1a4dc02bbb725e483b5f72,64,3,19,10,2,0,0,"static single-case binary; CUDA event includes setup/readback, clock64 covers timed window"
calibration,v2_calibration_fp16_n256_q8_batch_ring_in0_same_discard_h32_b1_none_ops0,1,,NVIDIA Thor,11.0,580.00,13.0,1575.000,,,,mem_clock_mhz:unavailable;temperature_c:unavailable;power_w:unavailable;sm_clock_mhz:sysfs_or_default,fp16,256,8,500,0,123,batch,ring,same,discard,0,32,1,1,none,0,708868.0,,,,,177.217,0.547872,,,,,9.319124011804737,7.655627591846271,1498,0.000000000,1,862273fd4b8bb558c8835608cb96c4922d55c362e74a82566ccb25c38341d15d,8,3,17,7,2,0,0,"static single-case binary; CUDA event includes setup/readback, clock64 covers timed window"
calibration,v2_calibration_fp16_n256_q8_batch_ring_in0_same_discard_h32_b1_none_ops0,1,,NVIDIA Thor,11.0,580.00,13.0,1575.000,,,,mem_clock_mhz:unavailable;temperature_c:unavailable;power_w:unavailable;sm_clock_mhz:sysfs_or_default,fp16,256,8,500,1,123,batch,ring,same,discard,0,32,1,1,none,0,708911.0,,,,,177.22775,0.548128,,,,,9.318558747148797,7.652052075427638,1498,0.000000000,1,862273fd4b8bb558c8835608cb96c4922d55c362e74a82566ccb25c38341d15d,8,3,17,7,2,0,0,"static single-case binary; CUDA event includes setup/readback, clock64 covers timed window"
calibration,v2_calibration_fp16_n256_q8_batch_ring_in0_same_discard_h32_b1_none_ops0,1,,NVIDIA Thor,11.0,580.00,13.0,1575.000,,,,mem_clock_mhz:unavailable;temperature_c:unavailable;power_w:unavailable;sm_clock_mhz:sysfs_or_default,fp16,256,8,500,2,123,batch,ring,same,discard,0,32,1,1,none,0,708878.0,,,,,177.2195,0.54816,,,,,9.318992548788367,7.651605370694687,1500,0.000000000,1,862273fd4b8bb558c8835608cb96c4922d55c362e74a82566ccb25c38341d15d,8,3,17,7,2,0,0,"static single-case binary; CUDA event includes setup/readback, clock64 covers timed window"
calibration,v2_calibration_fp16_n256_q32_batch_same_in1_same_discard_h0_b0_none_ops0,1,,NVIDIA Thor,11.0,580.00,13.0,1575.000,,,,mem_clock_mhz:unavailable;temperature_c:unavailable;power_w:unavailable;sm_clock_mhz:sysfs_or_default,fp16,256,32,500,0,124,batch,same,same,discard,1,0,0,20,none,0,2262170.0,,,,,141.385625,1.567872,,,,,233.61741336857972,214.01257245489427,29994,0.000000000,1,34b230995aae566ed4f432a5832882ef937c006e3f1a698d6f897290491cca9f,32,3,19,10,2,0,0,"static single-case binary; CUDA event includes setup/readback, clock64 covers timed window"
calibration,v2_calibration_fp16_n256_q32_batch_same_in1_same_discard_h0_b0_none_ops0,1,,NVIDIA Thor,11.0,580.00,13.0,1575.000,,,,mem_clock_mhz:unavailable;temperature_c:unavailable;power_w:unavailable;sm_clock_mhz:sysfs_or_default,fp16,256,32,500,1,124,batch,same,same,discard,1,0,0,20,none,0,2261863.0,,,,,141.3664375,1.570112,,,,,233.64912198484168,213.70725145722088,30000,0.000000000,1,34b230995aae566ed4f432a5832882ef937c006e3f1a698d6f897290491cca9f,32,3,19,10,2,0,0,"static single-case binary; CUDA event includes setup/readback, clock64 covers timed window"
calibration,v2_calibration_fp16_n256_q32_batch_same_in1_same_discard_h0_b0_none_ops0,1,,NVIDIA Thor,11.0,580.00,13.0,1575.000,,,,mem_clock_mhz:unavailable;temperature_c:unavailable;power_w:unavailable;sm_clock_mhz:sysfs_or_default,fp16,256,32,500,2,124,batch,same,same,discard,1,0,0,20,none,0,2262082.0,,,,,141.380125,1.568768,,,,,233.62650160339015,213.89033942558746,29988,0.000000000,1,34b230995aae566ed4f432a5832882ef937c006e3f1a698d6f897290491cca9f,32,3,19,10,2,0,0,"static single-case binary; CUDA event includes setup/readback, clock64 covers timed window"
calibration,v2_calibration_bf16_n128_q32_batch_same_in0_same_discard_h0_b0_none_ops0,1,,NVIDIA Thor,11.0,580.00,13.0,1575.000,,,,mem_clock_mhz:unavailable;temperature_c:unavailable;power_w:unavailable;sm_clock_mhz:sysfs_or_default,bf16,128,32,500,0,125,batch,same,same,discard,0,0,0,20,none,0,1205334.0,,,,,75.333375,0.8952,,,,,219.2264982154324,187.41304736371762,19272,0.000000000,1,aea7b9b4bf18410f9915ee133de85ade6a325212c52176806f93929b802bea1e,32,3,19,10,2,0,0,"static single-case binary; CUDA event includes setup/readback, clock64 covers timed window"
calibration,v2_calibration_bf16_n128_q32_batch_same_in0_same_discard_h0_b0_none_ops0,1,,NVIDIA Thor,11.0,580.00,13.0,1575.000,,,,mem_clock_mhz:unavailable;temperature_c:unavailable;power_w:unavailable;sm_clock_mhz:sysfs_or_default,bf16,128,32,500,1,125,batch,same,same,discard,0,0,0,20,none,0,1205115.0,,,,,75.3196875,0.89472,,,,,219.26633723752505,187.51359084406295,19313,0.000000000,1,aea7b9b4bf18410f9915ee133de85ade6a325212c52176806f93929b802bea1e,32,3,19,10,2,0,0,"static single-case binary; CUDA event includes setup/readback, clock64 covers timed window"
calibration,v2_calibration_bf16_n128_q32_batch_same_in0_same_discard_h0_b0_none_ops0,1,,NVIDIA Thor,11.0,580.00,13.0,1575.000,,,,mem_clock_mhz:unavailable;temperature_c:unavailable;power_w:unavailable;sm_clock_mhz:sysfs_or_default,bf16,128,32,500,2,125,batch,same,same,discard,0,0,0,20,none,0,1205372.0,,,,,75.33575,0.895072,,,,,219.219586982276,187.4398484144292,19340,0.000000000,1,aea7b9b4bf18410f9915ee133de85ade6a325212c52176806f93929b802bea1e,32,3,19,10,2,0,0,"static single-case binary; CUDA event includes setup/readback, clock64 covers timed window"
control,v2_control_bf16_n256_q1_commit_wait_same_in0_same_discard_h0_b1_none_ops0,1,,NVIDIA Thor,11.0,580.00,13.0,1575.000,,,,mem_clock_mhz:unavailable;temperature_c:unavailable;power_w:unavailable;sm_clock_mhz:sysfs_or_default,bf16,256,1,1000,0,126,commit_wait,same,same,discard,0,0,1,1,none,0,258144.0,,,,,,0.26144,,,,,,,1000,0.000000000,1,a74838b0dd21faa9d62ab99f4191e0bf741e4b05f8dac4010500bb2c445d480d,0,3,19,9,2,0,0,"static single-case binary; CUDA event includes setup/readback, clock64 covers timed window"
control,v2_control_bf16_n256_q1_commit_wait_same_in0_same_discard_h0_b1_none_ops0,1,,NVIDIA Thor,11.0,580.00,13.0,1575.000,,,,mem_clock_mhz:unavailable;temperature_c:unavailable;power_w:unavailable;sm_clock_mhz:sysfs_or_default,bf16,256,1,1000,1,126,commit_wait,same,same,discard,0,0,1,1,none,0,258144.0,,,,,,0.261024,,,,,,,1000,0.000000000,1,a74838b0dd21faa9d62ab99f4191e0bf741e4b05f8dac4010500bb2c445d480d,0,3,19,9,2,0,0,"static single-case binary; CUDA event includes setup/readback, clock64 covers timed window"
control,v2_control_bf16_n256_q1_commit_wait_same_in0_same_discard_h0_b1_none_ops0,1,,NVIDIA Thor,11.0,580.00,13.0,1575.000,,,,mem_clock_mhz:unavailable;temperature_c:unavailable;power_w:unavailable;sm_clock_mhz:sysfs_or_default,bf16,256,1,1000,2,126,commit_wait,same,same,discard,0,0,1,1,none,0,258145.0,,,,,,0.261024,,,,,,,1000,0.000000000,1,a74838b0dd21faa9d62ab99f4191e0bf741e4b05f8dac4010500bb2c445d480d,0,3,19,9,2,0,0,"static single-case binary; CUDA event includes setup/readback, clock64 covers timed window"
calibration,v2_calibration_bf16_n128_q64_batch_same_in1_same_discard_h32_b1_none_ops0,1,,NVIDIA Thor,11.0,580.00,13.0,1575.000,,,,mem_clock_mhz:unavailable;temperature_c:unavailable;power_w:unavailable;sm_clock_mhz:sysfs_or_default,bf16,128,64,500,0,127,batch,same,same,discard,1,32,1,1,none,0,2222582.0,,,,,69.4556875,1.51008,,,,,11.888927022715023,11.110150455605,759,0.000000000,1,a076b45e68d7279aa2a542a62d44b8e5176501a94eabc7a414e69c4b4248656e,64,3,19,10,2,0,0,"static single-case binary; CUDA event includes setup/readback, clock64 covers timed window"
calibration,v2_calibration_bf16_n128_q64_batch_same_in1_same_discard_h32_b1_none_ops0,1,,NVIDIA Thor,11.0,580.00,13.0,1575.000,,,,mem_clock_mhz:unavailable;temperature_c:unavailable;power_w:unavailable;sm_clock_mhz:sysfs_or_default,bf16,128,64,500,1,127,batch,same,same,discard,1,32,1,1,none,0,2222847.0,,,,,69.46396875,1.509088,,,,,11.887509666657218,11.117453720392716,765,0.000000000,1,a076b45e68d7279aa2a542a62d44b8e5176501a94eabc7a414e69c4b4248656e,64,3,19,10,2,0,0,"static single-case binary; CUDA event includes setup/readback, clock64 covers timed window"
calibration,v2_calibration_bf16_n128_q64_batch_same_in1_same_discard_h32_b1_none_ops0,1,,NVIDIA Thor,11.0,580.00,13.0,1575.000,,,,mem_clock_mhz:unavailable;temperature_c:unavailable;power_w:unavailable;sm_clock_mhz:sysfs_or_default,bf16,128,64,500,2,127,batch,same,same,discard,1,32,1,1,none,0,2223011.0,,,,,69.46909375,1.509088,,,,,11.88663267973033,11.117453720392716,766,0.000000000,1,a076b45e68d7279aa2a542a62d44b8e5176501a94eabc7a414e69c4b4248656e,64,3,19,10,2,0,0,"static single-case binary; CUDA event includes setup/readback, clock64 covers timed window"
calibration,v2_calibration_bf16_n256_q2_batch_same_in0_same_discard_h10000000_b0_none_ops0,1,,NVIDIA Thor,11.0,580.00,13.0,1575.000,,,,mem_clock_mhz:unavailable;temperature_c:unavailable;power_w:unavailable;sm_clock_mhz:sysfs_or_default,bf16,256,2,500,0,128,batch,same,same,discard,0,10000000,0,20,none,0,319440.0,,,,,319.44,0.333824,,,,,103.40015026296018,62.822085889570545,10000,0.000000000,1,5fc729e1e88d0aad6774c74c928b03f7c69389582b25ecc8aa0efcfc5f26ab54,2,3,19,10,2,0,0,"static single-case binary; CUDA event includes setup/readback, clock64 covers timed window"
calibration,v2_calibration_bf16_n256_q2_batch_same_in0_same_discard_h10000000_b0_none_ops0,1,,NVIDIA Thor,11.0,580.00,13.0,1575.000,,,,mem_clock_mhz:unavailable;temperature_c:unavailable;power_w:unavailable;sm_clock_mhz:sysfs_or_default,bf16,256,2,500,1,128,batch,same,same,discard,0,10000000,0,20,none,0,319435.0,,,,,319.435,0.334592,,,,,103.4017687479456,62.6778882938026,10000,0.000000000,1,5fc729e1e88d0aad6774c74c928b03f7c69389582b25ecc8aa0efcfc5f26ab54,2,3,19,10,2,0,0,"static single-case binary; CUDA event includes setup/readback, clock64 covers timed window"
calibration,v2_calibration_bf16_n256_q2_batch_same_in0_same_discard_h10000000_b0_none_ops0,1,,NVIDIA Thor,11.0,580.00,13.0,1575.000,,,,mem_clock_mhz:unavailable;temperature_c:unavailable;power_w:unavailable;sm_clock_mhz:sysfs_or_default,bf16,256,2,500,2,128,batch,same,same,discard,0,10000000,0,20,none,0,319436.0,,,,,319.436,0.333408,,,,,103.40144504689516,62.900470294654,10000,0.000000000,1,5fc729e1e88d0aad6774c74c928b03f7c69389582b25ecc8aa0efcfc5f26ab54,2,3,19,10,2,0,0,"static single-case binary; CUDA event includes setup/readback, clock64 covers timed window"
calibration,v2_calibration_fp16_n128_q32_batch_same_in0_same_discard_h10000000_b1_none_ops0,1,,NVIDIA Thor,11.0,580.00,13.0,1575.000,,,,mem_clock_mhz:unavailable;temperature_c:unavailable;power_w:unavailable;sm_clock_mhz:sysfs_or_default,fp16,128,32,500,0,129,batch,same,same,discard,0,10000000,1,1,none,0,1215423.0,,,,,75.9639375,0.868512,,,,,10.870336993787348,9.6585976935264,500,0.000000000,1,e05182187f929aeca57d9c58f1ef762265c51264302bf5b49e9488f6d47e482e,32,3,19,10,2,0,0,"static single-case binary; CUDA event includes setup/readback, clock64 covers timed window"
calibration,v2_calibration_fp16_n128_q32_batch_same_in0_same_discard_h10000000_b1_none_ops0,1,,NVIDIA Thor,11.0,580.00,13.0,1575.000,,,,mem_clock_mhz:unavailable;temperature_c:unavailable;power_w:unavailable;sm_clock_mhz:sysfs_or_default,fp16,128,32,500,1,129,batch,same,same,discard,0,10000000,1,1,none,0,1215422.0,,,,,75.963875,0.869344,,,,,10.870345937460405,9.649353995656496,500,0.000000000,1,e05182187f929aeca57d9c58f1ef762265c51264302bf5b49e9488f6d47e482e,32,3,19,10,2,0,0,"static single-case binary; CUDA event includes setup/readback, clock64 covers timed window"
calibration,v2_calibration_fp16_n128_q32_batch_same_in0_same_discard_h10000000_b1_none_ops0,1,,NVIDIA Thor,11.0,580.00,13.0,1575.000,,,,mem_clock_mhz:unavailable;temperature_c:unavailable;power_w:unavailable;sm_clock_mhz:sysfs_or_default,fp16,128,32,500,2,129,batch,same,same,discard,0,10000000,1,1,none,0,1215422.0,,,,,75.963875,0.869504,,,,,10.870345937460405,9.647578389518623,500,0.000000000,1,e05182187f929aeca57d9c58f1ef762265c51264302bf5b49e9488f6d47e482e,32,3,19,10,2,0,0,"static single-case binary; CUDA event includes setup/readback, clock64 covers timed window"
calibration,v2_calibration_bf16_n256_q32_batch_same_in0_same_discard_h32_b1_none_ops0,1,,NVIDIA Thor,11.0,580.00,13.0,1575.000,,,,mem_clock_mhz:unavailable;temperature_c:unavailable;power_w:unavailable;sm_clock_mhz:sysfs_or_default,bf16,256,32,500,0,130,batch,same,same,discard,0,32,1,1,none,0,2246752.0,,,,,140.422,1.522944,,,,,11.76102889860563,11.016305261388469,1499,0.000000000,1,342d233e4cd8a4e202f22e920f44b1e73d7ae59ec78337ac41259d50a4ec6c73,32,3,19,10,2,0,0,"static single-case binary; CUDA event includes setup/readback, clock64 covers timed window"
calibration,v2_calibration_bf16_n256_q32_batch_same_in0_same_discard_h32_b1_none_ops0,1,,NVIDIA Thor,11.0,580.00,13.0,1575.000,,,,mem_clock_mhz:unavailable;temperature_c:unavailable;power_w:unavailable;sm_clock_mhz:sysfs_or_default,bf16,256,32,500,1,130,batch,same,same,discard,0,32,1,1,none,0,2246252.0,,,,,140.39075,1.522784,,,,,11.763646821460817,11.017462752432388,1498,0.000000000,1,342d233e4cd8a4e202f22e920f44b1e73d7ae59ec78337ac41259d50a4ec6c73,32,3,19,10,2,0,0,"static single-case binary; CUDA event includes setup/readback, clock64 covers timed window"
calibration,v2_calibration_bf16_n256_q32_batch_same_in0_same_discard_h32_b1_none_ops0,1,,NVIDIA Thor,11.0,580.00,13.0,1575.000,,,,mem_clock_mhz:unavailable;temperature_c:unavailable;power_w:unavailable;sm_clock_mhz:sysfs_or_default,bf16,256,32,500,2,130,batch,same,same,discard,0,32,1,1,none,0,2246363.0,,,,,140.3976875,1.525152,,,,,11.763065541944915,11.000356685759845,1498,0.000000000,1,342d233e4cd8a4e202f22e920f44b1e73d7ae59ec78337ac41259d50a4ec6c73,32,3,19,10,2,0,0,"static single-case binary; CUDA event includes setup/readback, clock64 covers timed window"
calibration,v2_calibration_bf16_n256_q64_batch_same_in0_same_discard_h10000000_b1_none_ops0,1,,NVIDIA Thor,11.0,580.00,13.0,1575.000,,,,mem_clock_mhz:unavailable;temperature_c:unavailable;power_w:unavailable;sm_clock_mhz:sysfs_or_default,bf16,256,64,500,0,131,batch,same,same,discard,0,10000000,1,1,none,0,4293632.0,,,,,134.176,2.822592,,,,,12.308514190317196,11.887808085617758,501,0.000000000,1,a2ccae72998b67fed1ee796a80fcfa7a2ec6a3e276988e27086f3e0e04b7c4b3,64,3,19,10,2,0,0,"static single-case binary; CUDA event includes setup/readback, clock64 covers timed window"
calibration,v2_calibration_bf16_n256_q64_batch_same_in0_same_discard_h10000000_b1_none_ops0,1,,NVIDIA Thor,11.0,580.00,13.0,1575.000,,,,mem_clock_mhz:unavailable;temperature_c:unavailable;power_w:unavailable;sm_clock_mhz:sysfs_or_default,bf16,256,64,500,1,131,batch,same,same,discard,0,10000000,1,1,none,0,4293632.0,,,,,134.176,2.82336,,,,,12.308514190317196,11.884574407797801,500,0.000000000,1,a2ccae72998b67fed1ee796a80fcfa7a2ec6a3e276988e27086f3e0e04b7c4b3,64,3,19,10,2,0,0,"static single-case binary; CUDA event includes setup/readback, clock64 covers timed window"
calibration,v2_calibration_bf16_n256_q64_batch_same_in0_same_discard_h10000000_b1_none_ops0,1,,NVIDIA Thor,11.0,580.00,13.0,1575.000,,,,mem_clock_mhz:unavailable;temperature_c:unavailable;power_w:unavailable;sm_clock_mhz:sysfs_or_default,bf16,256,64,500,2,131,batch,same,same,discard,0,10000000,1,1,none,0,4293633.0,,,,,134.17603125,2.824832,,,,,12.308511323627334,11.878381440029,500,0.000000000,1,a2ccae72998b67fed1ee796a80fcfa7a2ec6a3e276988e27086f3e0e04b7c4b3,64,3,19,10,2,0,0,"static single-case binary; CUDA event includes setup/readback, clock64 covers timed window"
calibration,v2_calibration_fp16_n256_q64_batch_ring_in0_same_discard_h10000000_b0_none_ops0,1,,NVIDIA Thor,11.0,580.00,13.0,1575.000,,,,mem_clock_mhz:unavailable;temperature_c:unavailable;power_w:unavailable;sm_clock_mhz:sysfs_or_default,fp16,256,64,500,0,132,batch,ring,same,discard,0,10000000,0,20,none,0,4293138.0,,,,,134.1605625,2.85952,,,,,246.19860996781375,234.68576544315133,10000,0.000000000,1,56fb8035a7a5ee417138779a483a01efda1640ff18856400606d6442cd4b324e,64,3,17,7,2,0,0,"static single-case binary; CUDA event includes setup/readback, clock64 covers timed window"
calibration,v2_calibration_fp16_n256_q64_batch_ring_in0_same_discard_h10000000_b0_none_ops0,1,,NVIDIA Thor,11.0,580.00,13.0,1575.000,,,,mem_clock_mhz:unavailable;temperature_c:unavailable;power_w:unavailable;sm_clock_mhz:sysfs_or_default,fp16,256,64,500,1,132,batch,ring,same,discard,0,10000000,0,20,none,0,4293137.0,,,,,134.16053125,2.857056,,,,,246.19866731483293,234.88816460020385,10020,0.000000000,1,56fb8035a7a5ee417138779a483a01efda1640ff18856400606d6442cd4b324e,64,3,17,7,2,0,0,"static single-case binary; CUDA event includes setup/readback, clock64 covers timed window"
calibration,v2_calibration_fp16_n256_q64_batch_ring_in0_same_discard_h10000000_b0_none_ops0,1,,NVIDIA Thor,11.0,580.00,13.0,1575.000,,,,mem_clock_mhz:unavailable;temperature_c:unavailable;power_w:unavailable;sm_clock_mhz:sysfs_or_default,fp16,256,64,500,2,132,batch,ring,same,discard,0,10000000,0,20,none,0,4293138.0,,,,,134.1605625,2.855808,,,,,246.19860996781375,234.99081170722962,10000,0.000000000,1,56fb8035a7a5ee417138779a483a01efda1640ff18856400606d6442cd4b324e,64,3,17,7,2,0,0,"static single-case binary; CUDA event includes setup/readback, clock64 covers timed window"
calibration,v2_calibration_bf16_n256_q1_batch_same_in1_same_discard_h0_b0_none_ops0,1,,NVIDIA Thor,11.0,580.00,13.0,1575.000,,,,mem_clock_mhz:unavailable;temperature_c:unavailable;power_w:unavailable;sm_clock_mhz:sysfs_or_default,bf16,256,1,500,0,133,batch,same,same,discard,1,0,0,20,none,0,225137.0,,,,,450.274,0.27424,,,,,73.35565455700308,38.235705950991836,10000,0.000000000,1,66ef6b09173120f1e55a162e2c418de97285821d09015b3a9a170898cb3f357b,1,3,19,10,2,0,0,"static single-case binary; CUDA event includes setup/readback, clock64 covers timed window"
calibration,v2_calibration_bf16_n256_q1_batch_same_in1_same_discard_h0_b0_none_ops0,1,,NVIDIA Thor,11.0,580.00,13.0,1575.000,,,,mem_clock_mhz:unavailable;temperature_c:unavailable;power_w:unavailable;sm_clock_mhz:sysfs_or_default,bf16,256,1,500,1,133,batch,same,same,discard,1,0,0,20,none,0,225136.0,,,,,450.272,0.275392,,,,,73.3559803851894,38.07576109690913,10000,0.000000000,1,66ef6b09173120f1e55a162e2c418de97285821d09015b3a9a170898cb3f357b,1,3,19,10,2,0,0,"static single-case binary; CUDA event includes setup/readback, clock64 covers timed window"
calibration,v2_calibration_bf16_n256_q1_batch_same_in1_same_discard_h0_b0_none_ops0,1,,NVIDIA Thor,11.0,580.00,13.0,1575.000,,,,mem_clock_mhz:unavailable;temperature_c:unavailable;power_w:unavailable;sm_clock_mhz:sysfs_or_default,bf16,256,1,500,2,133,batch,same,same,discard,1,0,0,20,none,0,225136.0,,,,,450.272,0.276544,,,,,73.3559803851894,37.917148808146266,10000,0.000000000,1,66ef6b09173120f1e55a162e2c418de97285821d09015b3a9a170898cb3f357b,1,3,19,10,2,0,0,"static single-case binary; CUDA event includes setup/readback, clock64 covers timed window"
calibration,v2_calibration_fp16_n256_q2_batch_same_in1_same_discard_h10000000_b0_none_ops0,1,,NVIDIA Thor,11.0,580.00,13.0,1575.000,,,,mem_clock_mhz:unavailable;temperature_c:unavailable;power_w:unavailable;sm_clock_mhz:sysfs_or_default,fp16,256,2,500,0,134,batch,same,same,discard,1,10000000,0,20,none,0,319436.0,,,,,319.436,0.336,,,,,103.40144504689516,62.41523809523809,10000,0.000000000,1,0d1e1812b6be62870c6e14d5d998c1b2d25b8e9d580e3c4a516b6687222752fe,2,3,19,10,2,0,0,"static single-case binary; CUDA event includes setup/readback, clock64 covers timed window"
calibration,v2_calibration_fp16_n256_q2_batch_same_in1_same_discard_h10000000_b0_none_ops0,1,,NVIDIA Thor,11.0,580.00,13.0,1575.000,,,,mem_clock_mhz:unavailable;temperature_c:unavailable;power_w:unavailable;sm_clock_mhz:sysfs_or_default,fp16,256,2,500,1,134,batch,same,same,discard,1,10000000,0,20,none,0,319438.0,,,,,319.438,0.336512,,,,,103.40079765087434,62.320273868391034,10000,0.000000000,1,0d1e1812b6be62870c6e14d5d998c1b2d25b8e9d580e3c4a516b6687222752fe,2,3,19,10,2,0,0,"static single-case binary; CUDA event includes setup/readback, clock64 covers timed window"
calibration,v2_calibration_fp16_n256_q2_batch_same_in1_same_discard_h10000000_b0_none_ops0,1,,NVIDIA Thor,11.0,580.00,13.0,1575.000,,,,mem_clock_mhz:unavailable;temperature_c:unavailable;power_w:unavailable;sm_clock_mhz:sysfs_or_default,fp16,256,2,500,2,134,batch,same,same,discard,1,10000000,0,20,none,0,319438.0,,,,,319.438,0.334112,,,,,103.40079765087434,62.767934105928546,10000,0.000000000,1,0d1e1812b6be62870c6e14d5d998c1b2d25b8e9d580e3c4a516b6687222752fe,2,3,19,10,2,0,0,"static single-case binary; CUDA event includes setup/readback, clock64 covers timed window"
calibration,v2_calibration_bf16_n128_q8_batch_same_in0_same_discard_h10000000_b0_none_ops0,1,,NVIDIA Thor,11.0,580.00,13.0,1575.000,,,,mem_clock_mhz:unavailable;temperature_c:unavailable;power_w:unavailable;sm_clock_mhz:sysfs_or_default,bf16,128,8,500,0,135,batch,same,same,discard,0,10000000,0,20,none,0,447442.0,,,,,111.8605,0.414912,,,,,147.63989075679083,101.08900200524448,10000,0.000000000,1,93006b2319900ff46c998d9be4f3457f1813a9a46603fa34a613af81143dc035,8,3,19,10,2,0,0,"static single-case binary; CUDA event includes setup/readback, clock64 covers timed window"
calibration,v2_calibration_bf16_n128_q8_batch_same_in0_same_discard_h10000000_b0_none_ops0,1,,NVIDIA Thor,11.0,580.00,13.0,1575.000,,,,mem_clock_mhz:unavailable;temperature_c:unavailable;power_w:unavailable;sm_clock_mhz:sysfs_or_default,bf16,128,8,500,1,135,batch,same,same,discard,0,10000000,0,20,none,0,447447.0,,,,,111.86175,0.415552,,,,,147.63824095367718,100.93331279839828,10000,0.000000000,1,93006b2319900ff46c998d9be4f3457f1813a9a46603fa34a613af81143dc035,8,3,19,10,2,0,0,"static single-case binary; CUDA event includes setup/readback, clock64 covers timed window"
calibration,v2_calibration_bf16_n128_q8_batch_same_in0_same_discard_h10000000_b0_none_ops0,1,,NVIDIA Thor,11.0,580.00,13.0,1575.000,,,,mem_clock_mhz:unavailable;temperature_c:unavailable;power_w:unavailable;sm_clock_mhz:sysfs_or_default,bf16,128,8,500,2,135,batch,same,same,discard,0,10000000,0,20,none,0,447445.0,,,,,111.86125,0.41296,,,,,147.63890087049802,101.56683456024797,10000,0.000000000,1,93006b2319900ff46c998d9be4f3457f1813a9a46603fa34a613af81143dc035,8,3,19,10,2,0,0,"static single-case binary; CUDA event includes setup/readback, clock64 covers timed window"
calibration,v2_calibration_bf16_n128_q4_batch_same_in1_same_discard_h10000000_b1_none_ops0,1,,NVIDIA Thor,11.0,580.00,13.0,1575.000,,,,mem_clock_mhz:unavailable;temperature_c:unavailable;power_w:unavailable;sm_clock_mhz:sysfs_or_default,bf16,128,4,500,0,136,batch,same,same,discard,1,10000000,1,1,none,0,319600.0,,,,,159.8,0.300992,,,,,5.167419274092616,3.4837337869445038,500,0.000000000,1,c24b4508ab4fb2809073cff1c539ada4d174b73b39108dc28fcff6a274d9cfcb,4,3,19,10,2,0,0,"static single-case binary; CUDA event includes setup/readback, clock64 covers timed window"
calibration,v2_calibration_bf16_n128_q4_batch_same_in1_same_discard_h10000000_b1_none_ops0,1,,NVIDIA Thor,11.0,580.00,13.0,1575.000,,,,mem_clock_mhz:unavailable;temperature_c:unavailable;power_w:unavailable;sm_clock_mhz:sysfs_or_default,bf16,128,4,500,1,136,batch,same,same,discard,1,10000000,1,1,none,0,319600.0,,,,,159.8,0.3,,,,,5.167419274092616,3.4952533333333333,500,0.000000000,1,c24b4508ab4fb2809073cff1c539ada4d174b73b39108dc28fcff6a274d9cfcb,4,3,19,10,2,0,0,"static single-case binary; CUDA event includes setup/readback, clock64 covers timed window"
calibration,v2_calibration_bf16_n128_q4_batch_same_in1_same_discard_h10000000_b1_none_ops0,1,,NVIDIA Thor,11.0,580.00,13.0,1575.000,,,,mem_clock_mhz:unavailable;temperature_c:unavailable;power_w:unavailable;sm_clock_mhz:sysfs_or_default,bf16,128,4,500,2,136,batch,same,same,discard,1,10000000,1,1,none,0,319600.0,,,,,159.8,0.300672,,,,,5.167419274092616,3.4874414644529588,500,0.000000000,1,c24b4508ab4fb2809073cff1c539ada4d174b73b39108dc28fcff6a274d9cfcb,4,3,19,10,2,0,0,"static single-case binary; CUDA event includes setup/readback, clock64 covers timed window"
control,v2_control_fp16_n256_q1_commit_wait_same_in0_same_discard_h32_b0_none_ops0,1,,NVIDIA Thor,11.0,580.00,13.0,1575.000,,,,mem_clock_mhz:unavailable;temperature_c:unavailable;power_w:unavailable;sm_clock_mhz:sysfs_or_default,fp16,256,1,1000,0,137,commit_wait,same,same,discard,0,32,0,20,none,0,258148.0,,,,,,0.294464,,,,,,,20000,0.000000000,1,c72ed06fc56bef7f4783d92926eb5d804993e13d86464442488e43cfede71c63,0,3,19,9,2,0,0,"static single-case binary; CUDA event includes setup/readback, clock64 covers timed window"
control,v2_control_fp16_n256_q1_commit_wait_same_in0_same_discard_h32_b0_none_ops0,1,,NVIDIA Thor,11.0,580.00,13.0,1575.000,,,,mem_clock_mhz:unavailable;temperature_c:unavailable;power_w:unavailable;sm_clock_mhz:sysfs_or_default,fp16,256,1,1000,1,137,commit_wait,same,same,discard,0,32,0,20,none,0,258150.0,,,,,,0.296736,,,,,,,20000,0.000000000,1,c72ed06fc56bef7f4783d92926eb5d804993e13d86464442488e43cfede71c63,0,3,19,9,2,0,0,"static single-case binary; CUDA event includes setup/readback, clock64 covers timed window"
control,v2_control_fp16_n256_q1_commit_wait_same_in0_same_discard_h32_b0_none_ops0,1,,NVIDIA Thor,11.0,580.00,13.0,1575.000,,,,mem_clock_mhz:unavailable;temperature_c:unavailable;power_w:unavailable;sm_clock_mhz:sysfs_or_default,fp16,256,1,1000,2,137,commit_wait,same,same,discard,0,32,0,20,none,0,258147.0,,,,,,0.296832,,,,,,,20000,0.000000000,1,c72ed06fc56bef7f4783d92926eb5d804993e13d86464442488e43cfede71c63,0,3,19,9,2,0,0,"static single-case binary; CUDA event includes setup/readback, clock64 covers timed window"
calibration,v2_calibration_bf16_n128_q64_batch_same_in1_same_discard_h0_b1_none_ops0,1,,NVIDIA Thor,11.0,580.00,13.0,1575.000,,,,mem_clock_mhz:unavailable;temperature_c:unavailable;power_w:unavailable;sm_clock_mhz:sysfs_or_default,bf16,128,64,500,0,138,batch,same,same,discard,1,0,1,1,none,0,2205786.0,,,,,68.9308125,1.496864,,,,,11.979455486615656,11.208243367466919,522,0.000000000,1,112793e77a6d2906b8e316dc5c78ad8c680863619f1ec4a445853ed8a8144b51,64,3,19,10,2,0,0,"static single-case binary; CUDA event includes setup/readback, clock64 covers timed window"
calibration,v2_calibration_bf16_n128_q64_batch_same_in1_same_discard_h0_b1_none_ops0,1,,NVIDIA Thor,11.0,580.00,13.0,1575.000,,,,mem_clock_mhz:unavailable;temperature_c:unavailable;power_w:unavailable;sm_clock_mhz:sysfs_or_default,bf16,128,64,500,1,138,batch,same,same,discard,1,0,1,1,none,0,2205707.0,,,,,68.92834375,1.497984,,,,,11.979884544955429,11.19986328291891,502,0.000000000,1,112793e77a6d2906b8e316dc5c78ad8c680863619f1ec4a445853ed8a8144b51,64,3,19,10,2,0,0,"static single-case binary; CUDA event includes setup/readback, clock64 covers timed window"
calibration,v2_calibration_bf16_n128_q64_batch_same_in1_same_discard_h0_b1_none_ops0,1,,NVIDIA Thor,11.0,580.00,13.0,1575.000,,,,mem_clock_mhz:unavailable;temperature_c:unavailable;power_w:unavailable;sm_clock_mhz:sysfs_or_default,bf16,128,64,500,2,138,batch,same,same,discard,1,0,1,1,none,0,2205709.0,,,,,68.92840625,1.497504,,,,,11.979873682339782,11.203453212812787,502,0.000000000,1,112793e77a6d2906b8e316dc5c78ad8c680863619f1ec4a445853ed8a8144b51,64,3,19,10,2,0,0,"static single-case binary; CUDA event includes setup/readback, clock64 covers timed window"
calibration,v2_calibration_bf16_n256_q64_batch_same_in1_same_discard_h32_b0_none_ops0,1,,NVIDIA Thor,11.0,580.00,13.0,1575.000,,,,mem_clock_mhz:unavailable;temperature_c:unavailable;power_w:unavailable;sm_clock_mhz:sysfs_or_default,bf16,256,64,500,0,139,batch,same,same,discard,1,32,0,20,none,0,4308921.0,,,,,134.65378125,3.271232,,,,,245.29681746311894,205.14859233463113,29992,0.000000000,1,3c71eee40e5416e03a0c5357e6b00d624c117b0c0a538fcea6d5c99edfa25991,64,3,19,10,2,0,0,"static single-case binary; CUDA event includes setup/readback, clock64 covers timed window"
calibration,v2_calibration_bf16_n256_q64_batch_same_in1_same_discard_h32_b0_none_ops0,1,,NVIDIA Thor,11.0,580.00,13.0,1575.000,,,,mem_clock_mhz:unavailable;temperature_c:unavailable;power_w:unavailable;sm_clock_mhz:sysfs_or_default,bf16,256,64,500,1,139,batch,same,same,discard,1,32,0,20,none,0,4307421.0,,,,,134.60690625,3.538176,,,,,245.38223869921234,189.67079082555531,29966,0.000000000,1,3c71eee40e5416e03a0c5357e6b00d624c117b0c0a538fcea6d5c99edfa25991,64,3,19,10,2,0,0,"static single-case binary; CUDA event includes setup/readback, clock64 covers timed window"
calibration,v2_calibration_bf16_n256_q64_batch_same_in1_same_discard_h32_b0_none_ops0,1,,NVIDIA Thor,11.0,580.00,13.0,1575.000,,,,mem_clock_mhz:unavailable;temperature_c:unavailable;power_w:unavailable;sm_clock_mhz:sysfs_or_default,bf16,256,64,500,2,139,batch,same,same,discard,1,32,0,20,none,0,4308969.0,,,,,134.65528125,3.27008,,,,,245.29408496556832,205.2208630981505,29970,0.000000000,1,3c71eee40e5416e03a0c5357e6b00d624c117b0c0a538fcea6d5c99edfa25991,64,3,19,10,2,0,0,"static single-case binary; CUDA event includes setup/readback, clock64 covers timed window"
calibration,v2_calibration_fp16_n256_q8_batch_same_in0_same_discard_h10000000_b0_none_ops0,1,,NVIDIA Thor,11.0,580.00,13.0,1575.000,,,,mem_clock_mhz:unavailable;temperature_c:unavailable;power_w:unavailable;sm_clock_mhz:sysfs_or_default,fp16,256,8,500,0,140,batch,same,same,discard,0,10000000,0,20,none,0,703148.0,,,,,175.787,0.578112,,,,,187.89867282563557,145.1035093545887,10004,0.000000000,1,4965208c3a35ae39365b263da1cdb24e7fff60bbf78d1250d43f270d0b9cfef1,8,3,19,10,2,0,0,"static single-case binary; CUDA event includes setup/readback, clock64 covers timed window"
calibration,v2_calibration_fp16_n256_q8_batch_same_in0_same_discard_h10000000_b0_none_ops0,1,,NVIDIA Thor,11.0,580.00,13.0,1575.000,,,,mem_clock_mhz:unavailable;temperature_c:unavailable;power_w:unavailable;sm_clock_mhz:sysfs_or_default,fp16,256,8,500,1,140,batch,same,same,discard,0,10000000,0,20,none,0,703160.0,,,,,175.79,0.5776,,,,,187.89546618123896,145.2321329639889,10020,0.000000000,1,4965208c3a35ae39365b263da1cdb24e7fff60bbf78d1250d43f270d0b9cfef1,8,3,19,10,2,0,0,"static single-case binary; CUDA event includes setup/readback, clock64 covers timed window"
calibration,v2_calibration_fp16_n256_q8_batch_same_in0_same_discard_h10000000_b0_none_ops0,1,,NVIDIA Thor,11.0,580.00,13.0,1575.000,,,,mem_clock_mhz:unavailable;temperature_c:unavailable;power_w:unavailable;sm_clock_mhz:sysfs_or_default,fp16,256,8,500,2,140,batch,same,same,discard,0,10000000,0,20,none,0,703148.0,,,,,175.787,0.578016,,,,,187.89867282563557,145.12760892432044,10000,0.000000000,1,4965208c3a35ae39365b263da1cdb24e7fff60bbf78d1250d43f270d0b9cfef1,8,3,19,10,2,0,0,"static single-case binary; CUDA event includes setup/readback, clock64 covers timed window"
calibration,v2_calibration_bf16_n128_q32_batch_same_in1_same_discard_h0_b0_none_ops0,1,,NVIDIA Thor,11.0,580.00,13.0,1575.000,,,,mem_clock_mhz:unavailable;temperature_c:unavailable;power_w:unavailable;sm_clock_mhz:sysfs_or_default,bf16,128,32,500,0,141,batch,same,same,discard,1,0,0,20,none,0,1205426.0,,,,,75.339125,0.89424,,,,,219.20976650578302,187.61424226158525,19297,0.000000000,1,bca96d7ae3332dfced960824bcc7dba426b4492a7bdbbba147e2c5ad7314398d,32,3,19,10,2,0,0,"static single-case binary; CUDA event includes setup/readback, clock64 covers timed window"
calibration,v2_calibration_bf16_n128_q32_batch_same_in1_same_discard_h0_b0_none_ops0,1,,NVIDIA Thor,11.0,580.00,13.0,1575.000,,,,mem_clock_mhz:unavailable;temperature_c:unavailable;power_w:unavailable;sm_clock_mhz:sysfs_or_default,bf16,128,32,500,1,141,batch,same,same,discard,1,0,0,20,none,0,1205212.0,,,,,75.32575,0.895392,,,,,219.2486898570542,187.37286015510526,19309,0.000000000,1,bca96d7ae3332dfced960824bcc7dba426b4492a7bdbbba147e2c5ad7314398d,32,3,19,10,2,0,0,"static single-case binary; CUDA event includes setup/readback, clock64 covers timed window"
calibration,v2_calibration_bf16_n128_q32_batch_same_in1_same_discard_h0_b0_none_ops0,1,,NVIDIA Thor,11.0,580.00,13.0,1575.000,,,,mem_clock_mhz:unavailable;temperature_c:unavailable;power_w:unavailable;sm_clock_mhz:sysfs_or_default,bf16,128,32,500,2,141,batch,same,same,discard,1,0,0,20,none,0,1205213.0,,,,,75.3258125,0.890592,,,,,219.24850794009026,188.38273867270308,19275,0.000000000,1,bca96d7ae3332dfced960824bcc7dba426b4492a7bdbbba147e2c5ad7314398d,32,3,19,10,2,0,0,"static single-case binary; CUDA event includes setup/readback, clock64 covers timed window"
calibration,v2_calibration_fp16_n256_q8_batch_ring_in0_same_discard_h10000000_b1_none_ops0,1,,NVIDIA Thor,11.0,580.00,13.0,1575.000,,,,mem_clock_mhz:unavailable;temperature_c:unavailable;power_w:unavailable;sm_clock_mhz:sysfs_or_default,fp16,256,8,500,0,142,batch,ring,same,discard,0,10000000,1,1,none,0,703145.0,,,,,175.78625,0.544544,,,,,9.394973725191816,7.702415231826997,500,0.000000000,1,60dae41e0ce190378bf904b44d59af1b02522c632fee646decb8c14a2e593be7,8,3,17,7,2,0,0,"static single-case binary; CUDA event includes setup/readback, clock64 covers timed window"
calibration,v2_calibration_fp16_n256_q8_batch_ring_in0_same_discard_h10000000_b1_none_ops0,1,,NVIDIA Thor,11.0,580.00,13.0,1575.000,,,,mem_clock_mhz:unavailable;temperature_c:unavailable;power_w:unavailable;sm_clock_mhz:sysfs_or_default,fp16,256,8,500,1,142,batch,ring,same,discard,0,10000000,1,1,none,0,703146.0,,,,,175.7865,0.545856,,,,,9.394960363850467,7.683901981474967,500,0.000000000,1,60dae41e0ce190378bf904b44d59af1b02522c632fee646decb8c14a2e593be7,8,3,17,7,2,0,0,"static single-case binary; CUDA event includes setup/readback, clock64 covers timed window"
calibration,v2_calibration_fp16_n256_q8_batch_ring_in0_same_discard_h10000000_b1_none_ops0,1,,NVIDIA Thor,11.0,580.00,13.0,1575.000,,,,mem_clock_mhz:unavailable;temperature_c:unavailable;power_w:unavailable;sm_clock_mhz:sysfs_or_default,fp16,256,8,500,2,142,batch,ring,same,discard,0,10000000,1,1,none,0,703145.0,,,,,175.78625,0.544288,,,,,9.394973725191816,7.706037979892998,501,0.000000000,1,60dae41e0ce190378bf904b44d59af1b02522c632fee646decb8c14a2e593be7,8,3,17,7,2,0,0,"static single-case binary; CUDA event includes setup/readback, clock64 covers timed window"
calibration,v2_calibration_bf16_n256_q16_batch_same_in0_same_discard_h10000000_b1_none_ops0,1,,NVIDIA Thor,11.0,580.00,13.0,1575.000,,,,mem_clock_mhz:unavailable;temperature_c:unavailable;power_w:unavailable;sm_clock_mhz:sysfs_or_default,bf16,256,16,500,0,143,batch,same,same,discard,0,10000000,1,1,none,0,1215146.0,,,,,151.89325,0.869376,,,,,10.872814953923232,9.648998822143698,500,0.000000000,1,020030772c86af2690c5ceae030a5d031a95c59f485832a66cdb21e72a21209e,16,3,19,10,2,0,0,"static single-case binary; CUDA event includes setup/readback, clock64 covers timed window"
calibration,v2_calibration_bf16_n256_q16_batch_same_in0_same_discard_h10000000_b1_none_ops0,1,,NVIDIA Thor,11.0,580.00,13.0,1575.000,,,,mem_clock_mhz:unavailable;temperature_c:unavailable;power_w:unavailable;sm_clock_mhz:sysfs_or_default,bf16,256,16,500,1,143,batch,same,same,discard,0,10000000,1,1,none,0,1215146.0,,,,,151.89325,0.869536,,,,,10.872814953923232,9.647223346704449,500,0.000000000,1,020030772c86af2690c5ceae030a5d031a95c59f485832a66cdb21e72a21209e,16,3,19,10,2,0,0,"static single-case binary; CUDA event includes setup/readback, clock64 covers timed window"
calibration,v2_calibration_bf16_n256_q16_batch_same_in0_same_discard_h10000000_b1_none_ops0,1,,NVIDIA Thor,11.0,580.00,13.0,1575.000,,,,mem_clock_mhz:unavailable;temperature_c:unavailable;power_w:unavailable;sm_clock_mhz:sysfs_or_default,bf16,256,16,500,2,143,batch,same,same,discard,0,10000000,1,1,none,0,1215175.0,,,,,151.896875,0.869568,,,,,10.87255547554879,9.646868330021343,501,0.000000000,1,020030772c86af2690c5ceae030a5d031a95c59f485832a66cdb21e72a21209e,16,3,19,10,2,0,0,"static single-case binary; CUDA event includes setup/readback, clock64 covers timed window"
calibration,v2_calibration_fp16_n128_q1_batch_same_in1_same_discard_h0_b1_none_ops0,1,,NVIDIA Thor,11.0,580.00,13.0,1575.000,,,,mem_clock_mhz:unavailable;temperature_c:unavailable;power_w:unavailable;sm_clock_mhz:sysfs_or_default,fp16,128,1,500,0,144,batch,same,same,discard,1,0,1,1,none,0,225128.0,,,,,450.256,0.240704,,,,,1.833964677872144,1.0890720553044404,500,0.000000000,1,484b10651d65bc3bcc2dbee520ede22f87877f5504ece0d698336a34d3e2724f,1,3,19,10,2,0,0,"static single-case binary; CUDA event includes setup/readback, clock64 covers timed window"
calibration,v2_calibration_fp16_n128_q1_batch_same_in1_same_discard_h0_b1_none_ops0,1,,NVIDIA Thor,11.0,580.00,13.0,1575.000,,,,mem_clock_mhz:unavailable;temperature_c:unavailable;power_w:unavailable;sm_clock_mhz:sysfs_or_default,fp16,128,1,500,1,144,batch,same,same,discard,1,0,1,1,none,0,225128.0,,,,,450.256,0.240768,,,,,1.833964677872144,1.0887825624667729,500,0.000000000,1,484b10651d65bc3bcc2dbee520ede22f87877f5504ece0d698336a34d3e2724f,1,3,19,10,2,0,0,"static single-case binary; CUDA event includes setup/readback, clock64 covers timed window"
calibration,v2_calibration_fp16_n128_q1_batch_same_in1_same_discard_h0_b1_none_ops0,1,,NVIDIA Thor,11.0,580.00,13.0,1575.000,,,,mem_clock_mhz:unavailable;temperature_c:unavailable;power_w:unavailable;sm_clock_mhz:sysfs_or_default,fp16,128,1,500,2,144,batch,same,same,discard,1,0,1,1,none,0,225128.0,,,,,450.256,0.241024,,,,,1.833964677872144,1.0876261285183217,500,0.000000000,1,484b10651d65bc3bcc2dbee520ede22f87877f5504ece0d698336a34d3e2724f,1,3,19,10,2,0,0,"static single-case binary; CUDA event includes setup/readback, clock64 covers timed window"
calibration,v2_calibration_bf16_n256_q64_batch_same_in0_same_discard_h32_b0_none_ops0,1,,NVIDIA Thor,11.0,580.00,13.0,1575.000,,,,mem_clock_mhz:unavailable;temperature_c:unavailable;power_w:unavailable;sm_clock_mhz:sysfs_or_default,bf16,256,64,500,0,145,batch,same,same,discard,0,32,0,20,none,0,4311132.0,,,,,134.722875,2.877088,,,,,245.1710149445668,233.252733319245,29970,0.000000000,1,9443576fbc14112da7e839e6c46fc730ca3ea7e7a51d668f020b3e2a6d4472e6,64,3,19,10,2,0,0,"static single-case binary; CUDA event includes setup/readback, clock64 covers timed window"
calibration,v2_calibration_bf16_n256_q64_batch_same_in0_same_discard_h32_b0_none_ops0,1,,NVIDIA Thor,11.0,580.00,13.0,1575.000,,,,mem_clock_mhz:unavailable;temperature_c:unavailable;power_w:unavailable;sm_clock_mhz:sysfs_or_default,bf16,256,64,500,1,145,batch,same,same,discard,0,32,0,20,none,0,4311453.0,,,,,134.73290625,2.868864,,,,,245.15276126169064,233.921384910543,29977,0.000000000,1,9443576fbc14112da7e839e6c46fc730ca3ea7e7a51d668f020b3e2a6d4472e6,64,3,19,10,2,0,0,"static single-case binary; CUDA event includes setup/readback, clock64 covers timed window"
calibration,v2_calibration_bf16_n256_q64_batch_same_in0_same_discard_h32_b0_none_ops0,1,,NVIDIA Thor,11.0,580.00,13.0,1575.000,,,,mem_clock_mhz:unavailable;temperature_c:unavailable;power_w:unavailable;sm_clock_mhz:sysfs_or_default,bf16,256,64,500,2,145,batch,same,same,discard,0,32,0,20,none,0,4311503.0,,,,,134.73446875,2.868384,,,,,245.14991825356495,233.96052969197987,29988,0.000000000,1,9443576fbc14112da7e839e6c46fc730ca3ea7e7a51d668f020b3e2a6d4472e6,64,3,19,10,2,0,0,"static single-case binary; CUDA event includes setup/readback, clock64 covers timed window"
calibration,v2_calibration_fp16_n256_q64_batch_same_in0_same_discard_h32_b0_none_ops0,1,,NVIDIA Thor,11.0,580.00,13.0,1575.000,,,,mem_clock_mhz:unavailable;temperature_c:unavailable;power_w:unavailable;sm_clock_mhz:sysfs_or_default,fp16,256,64,500,0,146,batch,same,same,discard,0,32,0,20,none,0,4311382.0,,,,,134.7306875,2.867104,,,,,245.1567984465306,234.0649798542362,29972,0.000000000,1,1e93acf087f262842421cfe8ef2ecce1600df58d4479eb93889c92be889a9088,64,3,19,10,2,0,0,"static single-case binary; CUDA event includes setup/readback, clock64 covers timed window"
calibration,v2_calibration_fp16_n256_q64_batch_same_in0_same_discard_h32_b0_none_ops0,1,,NVIDIA Thor,11.0,580.00,13.0,1575.000,,,,mem_clock_mhz:unavailable;temperature_c:unavailable;power_w:unavailable;sm_clock_mhz:sysfs_or_default,fp16,256,64,500,1,146,batch,same,same,discard,0,32,0,20,none,0,4311400.0,,,,,134.73125,2.870368,,,,,245.155774922299,233.79881604031263,29978,0.000000000,1,1e93acf087f262842421cfe8ef2ecce1600df58d4479eb93889c92be889a9088,64,3,19,10,2,0,0,"static single-case binary; CUDA event includes setup/readback, clock64 covers timed window"
calibration,v2_calibration_fp16_n256_q64_batch_same_in0_same_discard_h32_b0_none_ops0,1,,NVIDIA Thor,11.0,580.00,13.0,1575.000,,,,mem_clock_mhz:unavailable;temperature_c:unavailable;power_w:unavailable;sm_clock_mhz:sysfs_or_default,fp16,256,64,500,2,146,batch,same,same,discard,0,32,0,20,none,0,4311511.0,,,,,134.73471875,2.867104,,,,,245.14946337838407,234.0649798542362,29980,0.000000000,1,1e93acf087f262842421cfe8ef2ecce1600df58d4479eb93889c92be889a9088,64,3,19,10,2,0,0,"static single-case binary; CUDA event includes setup/readback, clock64 covers timed window"
calibration,v2_calibration_bf16_n128_q32_batch_same_in1_same_discard_h10000000_b0_none_ops0,1,,NVIDIA Thor,11.0,580.00,13.0,1575.000,,,,mem_clock_mhz:unavailable;temperature_c:unavailable;power_w:unavailable;sm_clock_mhz:sysfs_or_default,bf16,128,32,500,0,147,batch,same,same,discard,1,10000000,0,20,none,0,1215423.0,,,,,75.9639375,0.904512,,,,,217.40673987574695,185.4836198966957,10000,0.000000000,1,6002fc9643910582a517b1900fe516f916c0cd15dc35a8345d847d0c5e608959,32,3,19,10,2,0,0,"static single-case binary; CUDA event includes setup/readback, clock64 covers timed window"
calibration,v2_calibration_bf16_n128_q32_batch_same_in1_same_discard_h10000000_b0_none_ops0,1,,NVIDIA Thor,11.0,580.00,13.0,1575.000,,,,mem_clock_mhz:unavailable;temperature_c:unavailable;power_w:unavailable;sm_clock_mhz:sysfs_or_default,bf16,128,32,500,1,147,batch,same,same,discard,1,10000000,0,20,none,0,1215430.0,,,,,75.964375,0.902784,,,,,217.4054877697605,185.83865021976462,10000,0.000000000,1,6002fc9643910582a517b1900fe516f916c0cd15dc35a8345d847d0c5e608959,32,3,19,10,2,0,0,"static single-case binary; CUDA event includes setup/readback, clock64 covers timed window"
calibration,v2_calibration_bf16_n128_q32_batch_same_in1_same_discard_h10000000_b0_none_ops0,1,,NVIDIA Thor,11.0,580.00,13.0,1575.000,,,,mem_clock_mhz:unavailable;temperature_c:unavailable;power_w:unavailable;sm_clock_mhz:sysfs_or_default,bf16,128,32,500,2,147,batch,same,same,discard,1,10000000,0,20,none,0,1215425.0,,,,,75.9640625,0.903008,,,,,217.4063821297077,185.79255111804102,10000,0.000000000,1,6002fc9643910582a517b1900fe516f916c0cd15dc35a8345d847d0c5e608959,32,3,19,10,2,0,0,"static single-case binary; CUDA event includes setup/readback, clock64 covers timed window"
calibration,v2_calibration_bf16_n128_q2_batch_same_in0_same_discard_h0_b1_none_ops0,1,,NVIDIA Thor,11.0,580.00,13.0,1575.000,,,,mem_clock_mhz:unavailable;temperature_c:unavailable;power_w:unavailable;sm_clock_mhz:sysfs_or_default,bf16,128,2,500,0,148,batch,same,same,discard,0,0,1,1,none,0,247124.0,,,,,247.124,0.258816,,,,,3.3414544924815073,2.0257171117705246,500,0.000000000,1,667771dd301a87c639961ccf0eabf65e96ed245537f6db8e8fbc96b4fc8e3086,2,3,19,10,2,0,0,"static single-case binary; CUDA event includes setup/readback, clock64 covers timed window"
calibration,v2_calibration_bf16_n128_q2_batch_same_in0_same_discard_h0_b1_none_ops0,1,,NVIDIA Thor,11.0,580.00,13.0,1575.000,,,,mem_clock_mhz:unavailable;temperature_c:unavailable;power_w:unavailable;sm_clock_mhz:sysfs_or_default,bf16,128,2,500,1,148,batch,same,same,discard,0,0,1,1,none,0,247124.0,,,,,247.124,0.25504,,,,,3.3414544924815073,2.0557089084065243,500,0.000000000,1,667771dd301a87c639961ccf0eabf65e96ed245537f6db8e8fbc96b4fc8e3086,2,3,19,10,2,0,0,"static single-case binary; CUDA event includes setup/readback, clock64 covers timed window"
calibration,v2_calibration_bf16_n128_q2_batch_same_in0_same_discard_h0_b1_none_ops0,1,,NVIDIA Thor,11.0,580.00,13.0,1575.000,,,,mem_clock_mhz:unavailable;temperature_c:unavailable;power_w:unavailable;sm_clock_mhz:sysfs_or_default,bf16,128,2,500,2,148,batch,same,same,discard,0,0,1,1,none,0,247124.0,,,,,247.124,0.253088,,,,,3.3414544924815073,2.071564040965988,500,0.000000000,1,667771dd301a87c639961ccf0eabf65e96ed245537f6db8e8fbc96b4fc8e3086,2,3,19,10,2,0,0,"static single-case binary; CUDA event includes setup/readback, clock64 covers timed window"
calibration,v2_calibration_bf16_n128_q1_batch_same_in1_same_discard_h10000000_b1_none_ops0,1,,NVIDIA Thor,11.0,580.00,13.0,1575.000,,,,mem_clock_mhz:unavailable;temperature_c:unavailable;power_w:unavailable;sm_clock_mhz:sysfs_or_default,bf16,128,1,500,0,149,batch,same,same,discard,1,10000000,1,1,none,0,215655.0,,,,,431.31,0.23504,,,,,1.9145245878834247,1.1153165418652145,500,0.000000000,1,ea556525cd9fe95fd5076406294504c1c66e263cc4397aa582078195f78787e6,1,3,19,10,2,0,0,"static single-case binary; CUDA event includes setup/readback, clock64 covers timed window"
calibration,v2_calibration_bf16_n128_q1_batch_same_in1_same_discard_h10000000_b1_none_ops0,1,,NVIDIA Thor,11.0,580.00,13.0,1575.000,,,,mem_clock_mhz:unavailable;temperature_c:unavailable;power_w:unavailable;sm_clock_mhz:sysfs_or_default,bf16,128,1,500,1,149,batch,same,same,discard,1,10000000,1,1,none,0,215655.0,,,,,431.31,0.234848,,,,,1.9145245878834247,1.1162283689876003,500,0.000000000,1,ea556525cd9fe95fd5076406294504c1c66e263cc4397aa582078195f78787e6,1,3,19,10,2,0,0,"static single-case binary; CUDA event includes setup/readback, clock64 covers timed window"
calibration,v2_calibration_bf16_n128_q1_batch_same_in1_same_discard_h10000000_b1_none_ops0,1,,NVIDIA Thor,11.0,580.00,13.0,1575.000,,,,mem_clock_mhz:unavailable;temperature_c:unavailable;power_w:unavailable;sm_clock_mhz:sysfs_or_default,bf16,128,1,500,2,149,batch,same,same,discard,1,10000000,1,1,none,0,215655.0,,,,,431.31,0.234432,,,,,1.9145245878834247,1.118209118209118,500,0.000000000,1,ea556525cd9fe95fd5076406294504c1c66e263cc4397aa582078195f78787e6,1,3,19,10,2,0,0,"static single-case binary; CUDA event includes setup/readback, clock64 covers timed window"
control,v2_control_fp16_n128_q1_commit_wait_same_in0_same_discard_h10000000_b0_none_ops0,1,,NVIDIA Thor,11.0,580.00,13.0,1575.000,,,,mem_clock_mhz:unavailable;temperature_c:unavailable;power_w:unavailable;sm_clock_mhz:sysfs_or_default,fp16,128,1,1000,0,150,commit_wait,same,same,discard,0,10000000,0,20,none,0,258152.0,,,,,,0.295424,,,,,,,20000,0.000000000,1,cd0704797ff474084a61095856e22ab6bfa989917e6f9124a7278a2317c88e59,0,3,19,9,2,0,0,"static single-case binary; CUDA event includes setup/readback, clock64 covers timed window"
control,v2_control_fp16_n128_q1_commit_wait_same_in0_same_discard_h10000000_b0_none_ops0,1,,NVIDIA Thor,11.0,580.00,13.0,1575.000,,,,mem_clock_mhz:unavailable;temperature_c:unavailable;power_w:unavailable;sm_clock_mhz:sysfs_or_default,fp16,128,1,1000,1,150,commit_wait,same,same,discard,0,10000000,0,20,none,0,258152.0,,,,,,0.294048,,,,,,,20000,0.000000000,1,cd0704797ff474084a61095856e22ab6bfa989917e6f9124a7278a2317c88e59,0,3,19,9,2,0,0,"static single-case binary; CUDA event includes setup/readback, clock64 covers timed window"
control,v2_control_fp16_n128_q1_commit_wait_same_in0_same_discard_h10000000_b0_none_ops0,1,,NVIDIA Thor,11.0,580.00,13.0,1575.000,,,,mem_clock_mhz:unavailable;temperature_c:unavailable;power_w:unavailable;sm_clock_mhz:sysfs_or_default,fp16,128,1,1000,2,150,commit_wait,same,same,discard,0,10000000,0,20,none,0,258152.0,,,,,,0.292704,,,,,,,20000,0.000000000,1,cd0704797ff474084a61095856e22ab6bfa989917e6f9124a7278a2317c88e59,0,3,19,9,2,0,0,"static single-case binary; CUDA event includes setup/readback, clock64 covers timed window"
calibration,v2_calibration_fp16_n128_q8_batch_same_in0_same_discard_h10000000_b0_none_ops0,1,,NVIDIA Thor,11.0,580.00,13.0,1575.000,,,,mem_clock_mhz:unavailable;temperature_c:unavailable;power_w:unavailable;sm_clock_mhz:sysfs_or_default,fp16,128,8,500,0,151,batch,same,same,discard,0,10000000,0,20,none,0,447447.0,,,,,111.86175,0.415488,,,,,147.63824095367718,100.94886013555144,10000,0.000000000,1,00aa29e04f217adfb39d56c86e66623e3e352b267413ef236f4d471157ba697e,8,3,19,10,2,0,0,"static single-case binary; CUDA event includes setup/readback, clock64 covers timed window"
calibration,v2_calibration_fp16_n128_q8_batch_same_in0_same_discard_h10000000_b0_none_ops0,1,,NVIDIA Thor,11.0,580.00,13.0,1575.000,,,,mem_clock_mhz:unavailable;temperature_c:unavailable;power_w:unavailable;sm_clock_mhz:sysfs_or_default,fp16,128,8,500,1,151,batch,same,same,discard,0,10000000,0,20,none,0,447446.0,,,,,111.8615,0.41632,,,,,147.63857091135023,100.74711760184474,10000,0.000000000,1,00aa29e04f217adfb39d56c86e66623e3e352b267413ef236f4d471157ba697e,8,3,19,10,2,0,0,"static single-case binary; CUDA event includes setup/readback, clock64 covers timed window"
calibration,v2_calibration_fp16_n128_q8_batch_same_in0_same_discard_h10000000_b0_none_ops0,1,,NVIDIA Thor,11.0,580.00,13.0,1575.000,,,,mem_clock_mhz:unavailable;temperature_c:unavailable;power_w:unavailable;sm_clock_mhz:sysfs_or_default,fp16,128,8,500,2,151,batch,same,same,discard,0,10000000,0,20,none,0,447446.0,,,,,111.8615,0.416,,,,,147.63857091135023,100.82461538461538,10000,0.000000000,1,00aa29e04f217adfb39d56c86e66623e3e352b267413ef236f4d471157ba697e,8,3,19,10,2,0,0,"static single-case binary; CUDA event includes setup/readback, clock64 covers timed window"
calibration,v2_calibration_bf16_n128_q32_batch_same_in1_same_discard_h32_b0_none_ops0,1,,NVIDIA Thor,11.0,580.00,13.0,1575.000,,,,mem_clock_mhz:unavailable;temperature_c:unavailable;power_w:unavailable;sm_clock_mhz:sysfs_or_default,bf16,128,32,500,0,152,batch,same,same,discard,1,32,0,20,none,0,1188551.0,,,,,74.2844375,0.885024,,,,,222.32209808413776,189.56792132190765,12453,0.000000000,1,d0a6513ba0f446ff81a36014f7827cfb491f7e4ca7a06a05bcdecc9297449907,32,3,19,10,2,0,0,"static single-case binary; CUDA event includes setup/readback, clock64 covers timed window"
calibration,v2_calibration_bf16_n128_q32_batch_same_in1_same_discard_h32_b0_none_ops0,1,,NVIDIA Thor,11.0,580.00,13.0,1575.000,,,,mem_clock_mhz:unavailable;temperature_c:unavailable;power_w:unavailable;sm_clock_mhz:sysfs_or_default,bf16,128,32,500,1,152,batch,same,same,discard,1,32,0,20,none,0,1188478.0,,,,,74.279875,0.885152,,,,,222.33575379603155,189.54050829688006,12184,0.000000000,1,d0a6513ba0f446ff81a36014f7827cfb491f7e4ca7a06a05bcdecc9297449907,32,3,19,10,2,0,0,"static single-case binary; CUDA event includes setup/readback, clock64 covers timed window"
calibration,v2_calibration_bf16_n128_q32_batch_same_in1_same_discard_h32_b0_none_ops0,1,,NVIDIA Thor,11.0,580.00,13.0,1575.000,,,,mem_clock_mhz:unavailable;temperature_c:unavailable;power_w:unavailable;sm_clock_mhz:sysfs_or_default,bf16,128,32,500,2,152,batch,same,same,discard,1,32,0,20,none,0,1188730.0,,,,,74.295625,0.885696,,,,,222.28862062873822,189.4240913360792,12554,0.000000000,1,d0a6513ba0f446ff81a36014f7827cfb491f7e4ca7a06a05bcdecc9297449907,32,3,19,10,2,0,0,"static single-case binary; CUDA event includes setup/readback, clock64 covers timed window"
control,v2_control_bf16_n256_q64_empty_same_in0_same_discard_h32_b1_none_ops0,1,,NVIDIA Thor,11.0,580.00,13.0,1575.000,,,,mem_clock_mhz:unavailable;temperature_c:unavailable;power_w:unavailable;sm_clock_mhz:sysfs_or_default,bf16,256,64,1000,0,153,empty,same,same,discard,0,32,1,1,none,0,264107.0,,,,,,0.266432,,,,,,,0,0.000000000,1,b8a04d3763c5c1e1656a6eed9dab1fd82f76f0bd0e8bec6088967416d79a8ead,0,2,16,9,2,0,0,"static single-case binary; CUDA event includes setup/readback, clock64 covers timed window"
control,v2_control_bf16_n256_q64_empty_same_in0_same_discard_h32_b1_none_ops0,1,,NVIDIA Thor,11.0,580.00,13.0,1575.000,,,,mem_clock_mhz:unavailable;temperature_c:unavailable;power_w:unavailable;sm_clock_mhz:sysfs_or_default,bf16,256,64,1000,1,153,empty,same,same,discard,0,32,1,1,none,0,264108.0,,,,,,0.266432,,,,,,,0,0.000000000,1,b8a04d3763c5c1e1656a6eed9dab1fd82f76f0bd0e8bec6088967416d79a8ead,0,2,16,9,2,0,0,"static single-case binary; CUDA event includes setup/readback, clock64 covers timed window"
control,v2_control_bf16_n256_q64_empty_same_in0_same_discard_h32_b1_none_ops0,1,,NVIDIA Thor,11.0,580.00,13.0,1575.000,,,,mem_clock_mhz:unavailable;temperature_c:unavailable;power_w:unavailable;sm_clock_mhz:sysfs_or_default,bf16,256,64,1000,2,153,empty,same,same,discard,0,32,1,1,none,0,264108.0,,,,,,0.264736,,,,,,,0,0.000000000,1,b8a04d3763c5c1e1656a6eed9dab1fd82f76f0bd0e8bec6088967416d79a8ead,0,2,16,9,2,0,0,"static single-case binary; CUDA event includes setup/readback, clock64 covers timed window"
calibration,v2_calibration_fp16_n128_q2_batch_ring_in0_same_discard_h32_b1_none_ops0,1,,NVIDIA Thor,11.0,580.00,13.0,1575.000,,,,mem_clock_mhz:unavailable;temperature_c:unavailable;power_w:unavailable;sm_clock_mhz:sysfs_or_default,fp16,128,2,500,0,154,batch,ring,same,discard,0,32,1,1,none,0,237649.0,,,,,237.649,0.248608,,,,,3.474677360308691,2.1088943235937703,500,0.000000000,1,e1ed2bfe2ea343e31d4357b8f7b15d54298c136ee43d3a0cfc2c2ec778699035,2,3,17,7,2,0,0,"static single-case binary; CUDA event includes setup/readback, clock64 covers timed window"
calibration,v2_calibration_fp16_n128_q2_batch_ring_in0_same_discard_h32_b1_none_ops0,1,,NVIDIA Thor,11.0,580.00,13.0,1575.000,,,,mem_clock_mhz:unavailable;temperature_c:unavailable;power_w:unavailable;sm_clock_mhz:sysfs_or_default,fp16,128,2,500,1,154,batch,ring,same,discard,0,32,1,1,none,0,237649.0,,,,,237.649,0.247104,,,,,3.474677360308691,2.121730121730122,500,0.000000000,1,e1ed2bfe2ea343e31d4357b8f7b15d54298c136ee43d3a0cfc2c2ec778699035,2,3,17,7,2,0,0,"static single-case binary; CUDA event includes setup/readback, clock64 covers timed window"
calibration,v2_calibration_fp16_n128_q2_batch_ring_in0_same_discard_h32_b1_none_ops0,1,,NVIDIA Thor,11.0,580.00,13.0,1575.000,,,,mem_clock_mhz:unavailable;temperature_c:unavailable;power_w:unavailable;sm_clock_mhz:sysfs_or_default,fp16,128,2,500,2,154,batch,ring,same,discard,0,32,1,1,none,0,237649.0,,,,,237.649,0.247744,,,,,3.474677360308691,2.116249031258073,500,0.000000000,1,e1ed2bfe2ea343e31d4357b8f7b15d54298c136ee43d3a0cfc2c2ec778699035,2,3,17,7,2,0,0,"static single-case binary; CUDA event includes setup/readback, clock64 covers timed window"
calibration,v2_calibration_bf16_n256_q8_batch_same_in0_same_discard_h0_b0_none_ops0,1,,NVIDIA Thor,11.0,580.00,13.0,1575.000,,,,mem_clock_mhz:unavailable;temperature_c:unavailable;power_w:unavailable;sm_clock_mhz:sysfs_or_default,bf16,256,8,500,0,155,batch,same,same,discard,0,0,0,20,none,0,725887.0,,,,,181.47175,0.593152,,,,,182.01259424676292,141.42425550280535,30000,0.000000000,1,2c322940ee879c72422fec2b153b5d68e9f192eb8663c61b218596097ea69582,8,3,19,10,2,0,0,"static single-case binary; CUDA event includes setup/readback, clock64 covers timed window"
calibration,v2_calibration_bf16_n256_q8_batch_same_in0_same_discard_h0_b0_none_ops0,1,,NVIDIA Thor,11.0,580.00,13.0,1575.000,,,,mem_clock_mhz:unavailable;temperature_c:unavailable;power_w:unavailable;sm_clock_mhz:sysfs_or_default,bf16,256,8,500,1,155,batch,same,same,discard,0,0,0,20,none,0,725940.0,,,,,181.485,0.593888,,,,,181.9993057277461,141.24898970849722,29998,0.000000000,1,2c322940ee879c72422fec2b153b5d68e9f192eb8663c61b218596097ea69582,8,3,19,10,2,0,0,"static single-case binary; CUDA event includes setup/readback, clock64 covers timed window"
calibration,v2_calibration_bf16_n256_q8_batch_same_in0_same_discard_h0_b0_none_ops0,1,,NVIDIA Thor,11.0,580.00,13.0,1575.000,,,,mem_clock_mhz:unavailable;temperature_c:unavailable;power_w:unavailable;sm_clock_mhz:sysfs_or_default,bf16,256,8,500,2,155,batch,same,same,discard,0,0,0,20,none,0,725926.0,,,,,181.4815,0.593216,,,,,182.00281571399842,141.40899773438343,30000,0.000000000,1,2c322940ee879c72422fec2b153b5d68e9f192eb8663c61b218596097ea69582,8,3,19,10,2,0,0,"static single-case binary; CUDA event includes setup/readback, clock64 covers timed window"
calibration,v2_calibration_bf16_n128_q32_batch_ring_in0_same_discard_h10000000_b1_none_ops0,1,,NVIDIA Thor,11.0,580.00,13.0,1575.000,,,,mem_clock_mhz:unavailable;temperature_c:unavailable;power_w:unavailable;sm_clock_mhz:sysfs_or_default,bf16,128,32,500,0,156,batch,ring,same,discard,0,10000000,1,1,none,0,1215422.0,,,,,75.963875,0.869984,,,,,10.870345937460405,9.642255489756133,500,0.000000000,1,8a2decbeee040986b7e19739dcf395a8b1fd5fdef286a4fc574f1d6950fb0f16,32,3,17,7,2,0,0,"static single-case binary; CUDA event includes setup/readback, clock64 covers timed window"
calibration,v2_calibration_bf16_n128_q32_batch_ring_in0_same_discard_h10000000_b1_none_ops0,1,,NVIDIA Thor,11.0,580.00,13.0,1575.000,,,,mem_clock_mhz:unavailable;temperature_c:unavailable;power_w:unavailable;sm_clock_mhz:sysfs_or_default,bf16,128,32,500,1,156,batch,ring,same,discard,0,10000000,1,1,none,0,1215405.0,,,,,75.9628125,0.86816,,,,,10.870497982154097,9.662513822336894,500,0.000000000,1,8a2decbeee040986b7e19739dcf395a8b1fd5fdef286a4fc574f1d6950fb0f16,32,3,17,7,2,0,0,"static single-case binary; CUDA event includes setup/readback, clock64 covers timed window"
calibration,v2_calibration_bf16_n128_q32_batch_ring_in0_same_discard_h10000000_b1_none_ops0,1,,NVIDIA Thor,11.0,580.00,13.0,1575.000,,,,mem_clock_mhz:unavailable;temperature_c:unavailable;power_w:unavailable;sm_clock_mhz:sysfs_or_default,bf16,128,32,500,2,156,batch,ring,same,discard,0,10000000,1,1,none,0,1215422.0,,,,,75.963875,0.870112,,,,,10.870345937460405,9.640837041668199,500,0.000000000,1,8a2decbeee040986b7e19739dcf395a8b1fd5fdef286a4fc574f1d6950fb0f16,32,3,17,7,2,0,0,"static single-case binary; CUDA event includes setup/readback, clock64 covers timed window"
calibration,v2_calibration_fp16_n256_q4_batch_same_in0_same_discard_h10000000_b0_none_ops0,1,,NVIDIA Thor,11.0,580.00,13.0,1575.000,,,,mem_clock_mhz:unavailable;temperature_c:unavailable;power_w:unavailable;sm_clock_mhz:sysfs_or_default,fp16,256,4,500,0,157,batch,same,same,discard,0,10000000,0,20,none,0,447268.0,,,,,223.634,0.416672,,,,,147.69732688231662,100.66200752630367,10000,0.000000000,1,cdad0d4b919651ad5de05722332664d9a99bc6f69a1b7bd24e5630a48104ee4f,4,3,19,10,2,0,0,"static single-case binary; CUDA event includes setup/readback, clock64 covers timed window"
calibration,v2_calibration_fp16_n256_q4_batch_same_in0_same_discard_h10000000_b0_none_ops0,1,,NVIDIA Thor,11.0,580.00,13.0,1575.000,,,,mem_clock_mhz:unavailable;temperature_c:unavailable;power_w:unavailable;sm_clock_mhz:sysfs_or_default,fp16,256,4,500,1,157,batch,same,same,discard,0,10000000,0,20,none,0,447271.0,,,,,223.6355,0.415936,,,,,147.6963362256887,100.84012925065396,10000,0.000000000,1,cdad0d4b919651ad5de05722332664d9a99bc6f69a1b7bd24e5630a48104ee4f,4,3,19,10,2,0,0,"static single-case binary; CUDA event includes setup/readback, clock64 covers timed window"
calibration,v2_calibration_fp16_n256_q4_batch_same_in0_same_discard_h10000000_b0_none_ops0,1,,NVIDIA Thor,11.0,580.00,13.0,1575.000,,,,mem_clock_mhz:unavailable;temperature_c:unavailable;power_w:unavailable;sm_clock_mhz:sysfs_or_default,fp16,256,4,500,2,157,batch,same,same,discard,0,10000000,0,20,none,0,447270.0,,,,,223.635,0.409184,,,,,147.69666644308805,102.50410573238446,10000,0.000000000,1,cdad0d4b919651ad5de05722332664d9a99bc6f69a1b7bd24e5630a48104ee4f,4,3,19,10,2,0,0,"static single-case binary; CUDA event includes setup/readback, clock64 covers timed window"
calibration,v2_calibration_fp16_n128_q64_batch_ring_in0_same_discard_h0_b1_none_ops0,1,,NVIDIA Thor,11.0,580.00,13.0,1575.000,,,,mem_clock_mhz:unavailable;temperature_c:unavailable;power_w:unavailable;sm_clock_mhz:sysfs_or_default,fp16,128,64,500,0,158,batch,ring,same,discard,0,0,1,1,none,0,2234803.0,,,,,69.83759375,1.516128,,,,,11.823912532782531,11.065830853331647,960,0.000000000,1,9aa0887b05f614c727996c96fa33d935cbd51edbd95706169850c480afa6714b,64,3,17,7,2,0,0,"static single-case binary; CUDA event includes setup/readback, clock64 covers timed window"
calibration,v2_calibration_fp16_n128_q64_batch_ring_in0_same_discard_h0_b1_none_ops0,1,,NVIDIA Thor,11.0,580.00,13.0,1575.000,,,,mem_clock_mhz:unavailable;temperature_c:unavailable;power_w:unavailable;sm_clock_mhz:sysfs_or_default,fp16,128,64,500,1,158,batch,ring,same,discard,0,0,1,1,none,0,2234726.0,,,,,69.8351875,1.518432,,,,,11.824319938999235,11.04904006238014,957,0.000000000,1,9aa0887b05f614c727996c96fa33d935cbd51edbd95706169850c480afa6714b,64,3,17,7,2,0,0,"static single-case binary; CUDA event includes setup/readback, clock64 covers timed window"
calibration,v2_calibration_fp16_n128_q64_batch_ring_in0_same_discard_h0_b1_none_ops0,1,,NVIDIA Thor,11.0,580.00,13.0,1575.000,,,,mem_clock_mhz:unavailable;temperature_c:unavailable;power_w:unavailable;sm_clock_mhz:sysfs_or_default,fp16,128,64,500,2,158,batch,ring,same,discard,0,0,1,1,none,0,2233650.0,,,,,69.8015625,1.51392,,,,,11.830015982808408,11.081969985203974,959,0.000000000,1,9aa0887b05f614c727996c96fa33d935cbd51edbd95706169850c480afa6714b,64,3,17,7,2,0,0,"static single-case binary; CUDA event includes setup/readback, clock64 covers timed window"
calibration,v2_calibration_bf16_n256_q1_batch_same_in0_same_discard_h0_b0_none_ops0,1,,NVIDIA Thor,11.0,580.00,13.0,1575.000,,,,mem_clock_mhz:unavailable;temperature_c:unavailable;power_w:unavailable;sm_clock_mhz:sysfs_or_default,bf16,256,1,500,0,159,batch,same,same,discard,0,0,0,20,none,0,225135.0,,,,,450.27,0.2744,,,,,73.35630621627024,38.2134110787172,10000,0.000000000,1,77a8d38ad38c2a77d60e0b0a011f1eb605ac59bd5c4e32adb1d4efd61d425677,1,3,19,10,2,0,0,"static single-case binary; CUDA event includes setup/readback, clock64 covers timed window"
calibration,v2_calibration_bf16_n256_q1_batch_same_in0_same_discard_h0_b0_none_ops0,1,,NVIDIA Thor,11.0,580.00,13.0,1575.000,,,,mem_clock_mhz:unavailable;temperature_c:unavailable;power_w:unavailable;sm_clock_mhz:sysfs_or_default,bf16,256,1,500,1,159,batch,same,same,discard,0,0,0,20,none,0,225128.0,,,,,450.256,0.27648,,,,,73.35858711488575,37.925925925925924,10000,0.000000000,1,77a8d38ad38c2a77d60e0b0a011f1eb605ac59bd5c4e32adb1d4efd61d425677,1,3,19,10,2,0,0,"static single-case binary; CUDA event includes setup/readback, clock64 covers timed window"
calibration,v2_calibration_bf16_n256_q1_batch_same_in0_same_discard_h0_b0_none_ops0,1,,NVIDIA Thor,11.0,580.00,13.0,1575.000,,,,mem_clock_mhz:unavailable;temperature_c:unavailable;power_w:unavailable;sm_clock_mhz:sysfs_or_default,bf16,256,1,500,2,159,batch,same,same,discard,0,0,0,20,none,0,225131.0,,,,,450.262,0.273696,,,,,73.35760956953952,38.311703495849414,10000,0.000000000,1,77a8d38ad38c2a77d60e0b0a011f1eb605ac59bd5c4e32adb1d4efd61d425677,1,3,19,10,2,0,0,"static single-case binary; CUDA event includes setup/readback, clock64 covers timed window"
calibration,v2_calibration_bf16_n256_q32_batch_same_in1_same_discard_h32_b0_none_ops0,1,,NVIDIA Thor,11.0,580.00,13.0,1575.000,,,,mem_clock_mhz:unavailable;temperature_c:unavailable;power_w:unavailable;sm_clock_mhz:sysfs_or_default,bf16,256,32,500,0,160,batch,same,same,discard,1,32,0,20,none,0,2246726.0,,,,,140.420375,1.558048,,,,,235.22330003747675,215.36199141489863,29968,0.000000000,1,dd851ad1e1df298569210f3471a2662781b6c7ca78b3b64604975e705868a9c7,32,3,19,10,2,0,0,"static single-case binary; CUDA event includes setup/readback, clock64 covers timed window"
calibration,v2_calibration_bf16_n256_q32_batch_same_in1_same_discard_h32_b0_none_ops0,1,,NVIDIA Thor,11.0,580.00,13.0,1575.000,,,,mem_clock_mhz:unavailable;temperature_c:unavailable;power_w:unavailable;sm_clock_mhz:sysfs_or_default,bf16,256,32,500,1,160,batch,same,same,discard,1,32,0,20,none,0,2246590.0,,,,,140.411875,1.557728,,,,,235.2375395599553,215.40623266706385,29974,0.000000000,1,dd851ad1e1df298569210f3471a2662781b6c7ca78b3b64604975e705868a9c7,32,3,19,10,2,0,0,"static single-case binary; CUDA event includes setup/readback, clock64 covers timed window"
calibration,v2_calibration_bf16_n256_q32_batch_same_in1_same_discard_h32_b0_none_ops0,1,,NVIDIA Thor,11.0,580.00,13.0,1575.000,,,,mem_clock_mhz:unavailable;temperature_c:unavailable;power_w:unavailable;sm_clock_mhz:sysfs_or_default,bf16,256,32,500,2,160,batch,same,same,discard,1,32,0,20,none,0,2246702.0,,,,,140.418875,1.630368,,,,,235.2258127691167,205.80894620110305,29968,0.000000000,1,dd851ad1e1df298569210f3471a2662781b6c7ca78b3b64604975e705868a9c7,32,3,19,10,2,0,0,"static single-case binary; CUDA event includes setup/readback, clock64 covers timed window"
calibration,v2_calibration_fp16_n256_q2_batch_same_in1_same_discard_h0_b0_none_ops0,1,,NVIDIA Thor,11.0,580.00,13.0,1575.000,,,,mem_clock_mhz:unavailable;temperature_c:unavailable;power_w:unavailable;sm_clock_mhz:sysfs_or_default,fp16,256,2,500,0,161,batch,same,same,discard,1,0,0,20,none,0,308736.0,,,,,308.736,0.326304,,,,,106.98507462686567,64.26988329900952,17998,0.000000000,1,1960bf99e77d0697a898a4eb8dd09def2a9ec57f8e77cc0588108cc57825c0e0,2,3,19,10,2,0,0,"static single-case binary; CUDA event includes setup/readback, clock64 covers timed window"
calibration,v2_calibration_fp16_n256_q2_batch_same_in1_same_discard_h0_b0_none_ops0,1,,NVIDIA Thor,11.0,580.00,13.0,1575.000,,,,mem_clock_mhz:unavailable;temperature_c:unavailable;power_w:unavailable;sm_clock_mhz:sysfs_or_default,fp16,256,2,500,1,161,batch,same,same,discard,1,0,0,20,none,0,308136.0,,,,,308.136,0.326848,,,,,107.19339512423086,64.1629136479342,17910,0.000000000,1,1960bf99e77d0697a898a4eb8dd09def2a9ec57f8e77cc0588108cc57825c0e0,2,3,19,10,2,0,0,"static single-case binary; CUDA event includes setup/readback, clock64 covers timed window"
calibration,v2_calibration_fp16_n256_q2_batch_same_in1_same_discard_h0_b0_none_ops0,1,,NVIDIA Thor,11.0,580.00,13.0,1575.000,,,,mem_clock_mhz:unavailable;temperature_c:unavailable;power_w:unavailable;sm_clock_mhz:sysfs_or_default,fp16,256,2,500,2,161,batch,same,same,discard,1,0,0,20,none,0,308071.0,,,,,308.071,0.325984,,,,,107.21601189336224,64.33297339746737,17870,0.000000000,1,1960bf99e77d0697a898a4eb8dd09def2a9ec57f8e77cc0588108cc57825c0e0,2,3,19,10,2,0,0,"static single-case binary; CUDA event includes setup/readback, clock64 covers timed window"
calibration,v2_calibration_fp16_n256_q2_batch_same_in1_same_discard_h10000000_b1_none_ops0,1,,NVIDIA Thor,11.0,580.00,13.0,1575.000,,,,mem_clock_mhz:unavailable;temperature_c:unavailable;power_w:unavailable;sm_clock_mhz:sysfs_or_default,fp16,256,2,500,0,162,batch,same,same,discard,1,10000000,1,1,none,0,319430.0,,,,,319.43,0.30032,,,,,5.170169364179945,3.4915290356952586,500,0.000000000,1,0d1e1812b6be62870c6e14d5d998c1b2d25b8e9d580e3c4a516b6687222752fe,2,3,19,10,2,0,0,"static single-case binary; CUDA event includes setup/readback, clock64 covers timed window"
calibration,v2_calibration_fp16_n256_q2_batch_same_in1_same_discard_h10000000_b1_none_ops0,1,,NVIDIA Thor,11.0,580.00,13.0,1575.000,,,,mem_clock_mhz:unavailable;temperature_c:unavailable;power_w:unavailable;sm_clock_mhz:sysfs_or_default,fp16,256,2,500,1,162,batch,same,same,discard,1,10000000,1,1,none,0,319430.0,,,,,319.43,0.300256,,,,,5.170169364179945,3.492273260151337,500,0.000000000,1,0d1e1812b6be62870c6e14d5d998c1b2d25b8e9d580e3c4a516b6687222752fe,2,3,19,10,2,0,0,"static single-case binary; CUDA event includes setup/readback, clock64 covers timed window"
calibration,v2_calibration_fp16_n256_q2_batch_same_in1_same_discard_h10000000_b1_none_ops0,1,,NVIDIA Thor,11.0,580.00,13.0,1575.000,,,,mem_clock_mhz:unavailable;temperature_c:unavailable;power_w:unavailable;sm_clock_mhz:sysfs_or_default,fp16,256,2,500,2,162,batch,same,same,discard,1,10000000,1,1,none,0,319430.0,,,,,319.43,0.301088,,,,,5.170169364179945,3.4826230205122752,500,0.000000000,1,0d1e1812b6be62870c6e14d5d998c1b2d25b8e9d580e3c4a516b6687222752fe,2,3,19,10,2,0,0,"static single-case binary; CUDA event includes setup/readback, clock64 covers timed window"
calibration,v2_calibration_fp16_n256_q32_batch_same_in1_same_discard_h0_b1_none_ops0,1,,NVIDIA Thor,11.0,580.00,13.0,1575.000,,,,mem_clock_mhz:unavailable;temperature_c:unavailable;power_w:unavailable;sm_clock_mhz:sysfs_or_default,fp16,256,32,500,0,163,batch,same,same,discard,1,0,1,1,none,0,2261332.0,,,,,141.33325,1.5328,,,,,11.685199342688293,10.945469728601251,1498,0.000000000,1,34b230995aae566ed4f432a5832882ef937c006e3f1a698d6f897290491cca9f,32,3,19,10,2,0,0,"static single-case binary; CUDA event includes setup/readback, clock64 covers timed window"
calibration,v2_calibration_fp16_n256_q32_batch_same_in1_same_discard_h0_b1_none_ops0,1,,NVIDIA Thor,11.0,580.00,13.0,1575.000,,,,mem_clock_mhz:unavailable;temperature_c:unavailable;power_w:unavailable;sm_clock_mhz:sysfs_or_default,fp16,256,32,500,1,163,batch,same,same,discard,1,0,1,1,none,0,2261714.0,,,,,141.357125,1.533376,,,,,11.683225730574247,10.94135815351225,1500,0.000000000,1,34b230995aae566ed4f432a5832882ef937c006e3f1a698d6f897290491cca9f,32,3,19,10,2,0,0,"static single-case binary; CUDA event includes setup/readback, clock64 covers timed window"
calibration,v2_calibration_fp16_n256_q32_batch_same_in1_same_discard_h0_b1_none_ops0,1,,NVIDIA Thor,11.0,580.00,13.0,1575.000,,,,mem_clock_mhz:unavailable;temperature_c:unavailable;power_w:unavailable;sm_clock_mhz:sysfs_or_default,fp16,256,32,500,2,163,batch,same,same,discard,1,0,1,1,none,0,2261972.0,,,,,141.37325,1.533408,,,,,11.681893144565892,10.941129823243388,1500,0.000000000,1,34b230995aae566ed4f432a5832882ef937c006e3f1a698d6f897290491cca9f,32,3,19,10,2,0,0,"static single-case binary; CUDA event includes setup/readback, clock64 covers timed window"
calibration,v2_calibration_bf16_n128_q16_batch_ring_in0_same_discard_h10000000_b1_none_ops0,1,,NVIDIA Thor,11.0,580.00,13.0,1575.000,,,,mem_clock_mhz:unavailable;temperature_c:unavailable;power_w:unavailable;sm_clock_mhz:sysfs_or_default,bf16,128,16,500,0,164,batch,ring,same,discard,0,10000000,1,1,none,0,703395.0,,,,,87.924375,0.543904,,,,,9.391634572324227,7.7114784962052125,501,0.000000000,1,a53116e86327ba2f863e8c3b94953635b7023d953b8b0682b91bc352bc03142e,16,3,17,7,2,0,0,"static single-case binary; CUDA event includes setup/readback, clock64 covers timed window"
calibration,v2_calibration_bf16_n128_q16_batch_ring_in0_same_discard_h10000000_b1_none_ops0,1,,NVIDIA Thor,11.0,580.00,13.0,1575.000,,,,mem_clock_mhz:unavailable;temperature_c:unavailable;power_w:unavailable;sm_clock_mhz:sysfs_or_default,bf16,128,16,500,1,164,batch,ring,same,discard,0,10000000,1,1,none,0,703422.0,,,,,87.92775,0.543648,,,,,9.391274085826147,7.715109776914475,500,0.000000000,1,a53116e86327ba2f863e8c3b94953635b7023d953b8b0682b91bc352bc03142e,16,3,17,7,2,0,0,"static single-case binary; CUDA event includes setup/readback, clock64 covers timed window"
calibration,v2_calibration_bf16_n128_q16_batch_ring_in0_same_discard_h10000000_b1_none_ops0,1,,NVIDIA Thor,11.0,580.00,13.0,1575.000,,,,mem_clock_mhz:unavailable;temperature_c:unavailable;power_w:unavailable;sm_clock_mhz:sysfs_or_default,bf16,128,16,500,2,164,batch,ring,same,discard,0,10000000,1,1,none,0,703422.0,,,,,87.92775,0.543616,,,,,9.391274085826147,7.71556392747822,500,0.000000000,1,a53116e86327ba2f863e8c3b94953635b7023d953b8b0682b91bc352bc03142e,16,3,17,7,2,0,0,"static single-case binary; CUDA event includes setup/readback, clock64 covers timed window"
calibration,v2_calibration_fp16_n128_q4_batch_same_in1_same_discard_h0_b1_none_ops0,1,,NVIDIA Thor,11.0,580.00,13.0,1575.000,,,,mem_clock_mhz:unavailable;temperature_c:unavailable;power_w:unavailable;sm_clock_mhz:sysfs_or_default,fp16,128,4,500,0,165,batch,same,same,discard,1,0,1,1,none,0,291136.0,,,,,145.568,0.281248,,,,,5.672631347548912,3.7282967345545566,500,0.000000000,1,aa18fabfc94084d12cdacff681102869e322fc112ed03a940e2e02a2f8518e3b,4,3,19,10,2,0,0,"static single-case binary; CUDA event includes setup/readback, clock64 covers timed window"
calibration,v2_calibration_fp16_n128_q4_batch_same_in1_same_discard_h0_b1_none_ops0,1,,NVIDIA Thor,11.0,580.00,13.0,1575.000,,,,mem_clock_mhz:unavailable;temperature_c:unavailable;power_w:unavailable;sm_clock_mhz:sysfs_or_default,fp16,128,4,500,1,165,batch,same,same,discard,1,0,1,1,none,0,291136.0,,,,,145.568,0.28256,,,,,5.672631347548912,3.710985277463194,500,0.000000000,1,aa18fabfc94084d12cdacff681102869e322fc112ed03a940e2e02a2f8518e3b,4,3,19,10,2,0,0,"static single-case binary; CUDA event includes setup/readback, clock64 covers timed window"
calibration,v2_calibration_fp16_n128_q4_batch_same_in1_same_discard_h0_b1_none_ops0,1,,NVIDIA Thor,11.0,580.00,13.0,1575.000,,,,mem_clock_mhz:unavailable;temperature_c:unavailable;power_w:unavailable;sm_clock_mhz:sysfs_or_default,fp16,128,4,500,2,165,batch,same,same,discard,1,0,1,1,none,0,291136.0,,,,,145.568,0.281888,,,,,5.672631347548912,3.719831990010216,500,0.000000000,1,aa18fabfc94084d12cdacff681102869e322fc112ed03a940e2e02a2f8518e3b,4,3,19,10,2,0,0,"static single-case binary; CUDA event includes setup/readback, clock64 covers timed window"
control,v2_control_fp16_n128_q1_forced_wait_same_in0_same_discard_h32_b1_none_ops0,1,,NVIDIA Thor,11.0,580.00,13.0,1575.000,,,,mem_clock_mhz:unavailable;temperature_c:unavailable;power_w:unavailable;sm_clock_mhz:sysfs_or_default,fp16,128,1,1000,0,166,forced_wait,same,same,discard,0,32,1,1,none,0,431176.0,,,,,431.176,0.37232,,,,,1.9151195799395142,1.4081650193382038,1000,0.000000000,1,ec6b828f666182cb1e79c5b1efa205193156a5424e7cd0049531cb5a7433a0e2,1,3,19,10,2,0,0,"static single-case binary; CUDA event includes setup/readback, clock64 covers timed window"
control,v2_control_fp16_n128_q1_forced_wait_same_in0_same_discard_h32_b1_none_ops0,1,,NVIDIA Thor,11.0,580.00,13.0,1575.000,,,,mem_clock_mhz:unavailable;temperature_c:unavailable;power_w:unavailable;sm_clock_mhz:sysfs_or_default,fp16,128,1,1000,1,166,forced_wait,same,same,discard,0,32,1,1,none,0,431176.0,,,,,431.176,0.371456,,,,,1.9151195799395142,1.4114403859407305,1000,0.000000000,1,ec6b828f666182cb1e79c5b1efa205193156a5424e7cd0049531cb5a7433a0e2,1,3,19,10,2,0,0,"static single-case binary; CUDA event includes setup/readback, clock64 covers timed window"
control,v2_control_fp16_n128_q1_forced_wait_same_in0_same_discard_h32_b1_none_ops0,1,,NVIDIA Thor,11.0,580.00,13.0,1575.000,,,,mem_clock_mhz:unavailable;temperature_c:unavailable;power_w:unavailable;sm_clock_mhz:sysfs_or_default,fp16,128,1,1000,2,166,forced_wait,same,same,discard,0,32,1,1,none,0,431176.0,,,,,431.176,0.372192,,,,,1.9151195799395142,1.4086492992863897,1000,0.000000000,1,ec6b828f666182cb1e79c5b1efa205193156a5424e7cd0049531cb5a7433a0e2,1,3,19,10,2,0,0,"static single-case binary; CUDA event includes setup/readback, clock64 covers timed window"
calibration,v2_calibration_fp16_n256_q64_batch_same_in1_same_discard_h0_b1_none_ops0,1,,NVIDIA Thor,11.0,580.00,13.0,1575.000,,,,mem_clock_mhz:unavailable;temperature_c:unavailable;power_w:unavailable;sm_clock_mhz:sysfs_or_default,fp16,256,64,500,0,167,batch,same,same,discard,1,0,1,1,none,0,4322893.0,,,,,135.09040625,2.835648,,,,,12.225199744708,11.83307378066671,1500,0.000000000,1,10b8c6a0cfb544964689dc33e613594621a48d2d1993393b445176792a72708a,64,3,19,10,2,0,0,"static single-case binary; CUDA event includes setup/readback, clock64 covers timed window"
calibration,v2_calibration_fp16_n256_q64_batch_same_in1_same_discard_h0_b1_none_ops0,1,,NVIDIA Thor,11.0,580.00,13.0,1575.000,,,,mem_clock_mhz:unavailable;temperature_c:unavailable;power_w:unavailable;sm_clock_mhz:sysfs_or_default,fp16,256,64,500,1,167,batch,same,same,discard,1,0,1,1,none,0,4322882.0,,,,,135.0900625,2.842432,,,,,12.225230852935612,11.804831918582396,1500,0.000000000,1,10b8c6a0cfb544964689dc33e613594621a48d2d1993393b445176792a72708a,64,3,19,10,2,0,0,"static single-case binary; CUDA event includes setup/readback, clock64 covers timed window"
calibration,v2_calibration_fp16_n256_q64_batch_same_in1_same_discard_h0_b1_none_ops0,1,,NVIDIA Thor,11.0,580.00,13.0,1575.000,,,,mem_clock_mhz:unavailable;temperature_c:unavailable;power_w:unavailable;sm_clock_mhz:sysfs_or_default,fp16,256,64,500,2,167,batch,same,same,discard,1,0,1,1,none,0,4322971.0,,,,,135.09284375,2.841952,,,,,12.22497916363538,11.80682573104683,1500,0.000000000,1,10b8c6a0cfb544964689dc33e613594621a48d2d1993393b445176792a72708a,64,3,19,10,2,0,0,"static single-case binary; CUDA event includes setup/readback, clock64 covers timed window"
calibration,v2_calibration_fp16_n256_q1_batch_ring_in0_same_discard_h32_b0_none_ops0,1,,NVIDIA Thor,11.0,580.00,13.0,1575.000,,,,mem_clock_mhz:unavailable;temperature_c:unavailable;power_w:unavailable;sm_clock_mhz:sysfs_or_default,fp16,256,1,500,0,168,batch,ring,same,discard,0,32,0,20,none,0,248961.0,,,,,497.922,0.287232,,,,,66.33598033426922,36.50623885918004,10000,0.000000000,1,d61b3549aabece32ed78aeae50803fda8548decd87160fbd45f966047927606b,1,3,17,7,2,0,0,"static single-case binary; CUDA event includes setup/readback, clock64 covers timed window"
calibration,v2_calibration_fp16_n256_q1_batch_ring_in0_same_discard_h32_b0_none_ops0,1,,NVIDIA Thor,11.0,580.00,13.0,1575.000,,,,mem_clock_mhz:unavailable;temperature_c:unavailable;power_w:unavailable;sm_clock_mhz:sysfs_or_default,fp16,256,1,500,1,168,batch,ring,same,discard,0,32,0,20,none,0,249051.0,,,,,498.102,0.2888,,,,,66.31200838382499,36.308033240997226,10000,0.000000000,1,d61b3549aabece32ed78aeae50803fda8548decd87160fbd45f966047927606b,1,3,17,7,2,0,0,"static single-case binary; CUDA event includes setup/readback, clock64 covers timed window"
calibration,v2_calibration_fp16_n256_q1_batch_ring_in0_same_discard_h32_b0_none_ops0,1,,NVIDIA Thor,11.0,580.00,13.0,1575.000,,,,mem_clock_mhz:unavailable;temperature_c:unavailable;power_w:unavailable;sm_clock_mhz:sysfs_or_default,fp16,256,1,500,2,168,batch,ring,same,discard,0,32,0,20,none,0,249035.0,,,,,498.07,0.29184,,,,,66.31626879755856,35.929824561403514,10000,0.000000000,1,d61b3549aabece32ed78aeae50803fda8548decd87160fbd45f966047927606b,1,3,17,7,2,0,0,"static single-case binary; CUDA event includes setup/readback, clock64 covers timed window"
control,v2_control_fp16_n128_q1_forced_wait_same_in0_same_discard_h0_b1_none_ops0,1,,NVIDIA Thor,11.0,580.00,13.0,1575.000,,,,mem_clock_mhz:unavailable;temperature_c:unavailable;power_w:unavailable;sm_clock_mhz:sysfs_or_default,fp16,128,1,1000,0,169,forced_wait,same,same,discard,0,0,1,1,none,0,450126.0,,,,,450.126,0.384672,,,,,1.8344943415843564,1.362948174028783,1000,0.000000000,1,be7dc69180960d8b9a8f9fd900159607755f1509c3318352e4bb6692127b1b57,1,3,19,10,2,0,0,"static single-case binary; CUDA event includes setup/readback, clock64 covers timed window"
control,v2_control_fp16_n128_q1_forced_wait_same_in0_same_discard_h0_b1_none_ops0,1,,NVIDIA Thor,11.0,580.00,13.0,1575.000,,,,mem_clock_mhz:unavailable;temperature_c:unavailable;power_w:unavailable;sm_clock_mhz:sysfs_or_default,fp16,128,1,1000,1,169,forced_wait,same,same,discard,0,0,1,1,none,0,450126.0,,,,,450.126,0.382272,,,,,1.8344943415843564,1.371505106311736,1000,0.000000000,1,be7dc69180960d8b9a8f9fd900159607755f1509c3318352e4bb6692127b1b57,1,3,19,10,2,0,0,"static single-case binary; CUDA event includes setup/readback, clock64 covers timed window"
control,v2_control_fp16_n128_q1_forced_wait_same_in0_same_discard_h0_b1_none_ops0,1,,NVIDIA Thor,11.0,580.00,13.0,1575.000,,,,mem_clock_mhz:unavailable;temperature_c:unavailable;power_w:unavailable;sm_clock_mhz:sysfs_or_default,fp16,128,1,1000,2,169,forced_wait,same,same,discard,0,0,1,1,none,0,450126.0,,,,,450.126,0.383392,,,,,1.8344943415843564,1.3674985393539771,1000,0.000000000,1,be7dc69180960d8b9a8f9fd900159607755f1509c3318352e4bb6692127b1b57,1,3,19,10,2,0,0,"static single-case binary; CUDA event includes setup/readback, clock64 covers timed window"
calibration,v2_calibration_bf16_n256_q2_batch_same_in1_same_discard_h0_b1_none_ops0,1,,NVIDIA Thor,11.0,580.00,13.0,1575.000,,,,mem_clock_mhz:unavailable;temperature_c:unavailable;power_w:unavailable;sm_clock_mhz:sysfs_or_default,bf16,256,2,500,0,170,batch,same,same,discard,1,0,1,1,none,0,307491.0,,,,,307.491,0.292576,,,,,5.370912319384957,3.5839440008749865,888,0.000000000,1,1679be704060cc4991ac1563bd4e48e0a725b09adff1bc43131c735163c91811,2,3,19,10,2,0,0,"static single-case binary; CUDA event includes setup/readback, clock64 covers timed window"
calibration,v2_calibration_bf16_n256_q2_batch_same_in1_same_discard_h0_b1_none_ops0,1,,NVIDIA Thor,11.0,580.00,13.0,1575.000,,,,mem_clock_mhz:unavailable;temperature_c:unavailable;power_w:unavailable;sm_clock_mhz:sysfs_or_default,bf16,256,2,500,1,170,batch,same,same,discard,1,0,1,1,none,0,306351.0,,,,,306.351,0.292192,,,,,5.390898675049208,3.5886540357025516,870,0.000000000,1,1679be704060cc4991ac1563bd4e48e0a725b09adff1bc43131c735163c91811,2,3,19,10,2,0,0,"static single-case binary; CUDA event includes setup/readback, clock64 covers timed window"
calibration,v2_calibration_bf16_n256_q2_batch_same_in1_same_discard_h0_b1_none_ops0,1,,NVIDIA Thor,11.0,580.00,13.0,1575.000,,,,mem_clock_mhz:unavailable;temperature_c:unavailable;power_w:unavailable;sm_clock_mhz:sysfs_or_default,bf16,256,2,500,2,170,batch,same,same,discard,1,0,1,1,none,0,304890.0,,,,,304.89,0.289888,,,,,5.41673128013382,3.617176288773596,860,0.000000000,1,1679be704060cc4991ac1563bd4e48e0a725b09adff1bc43131c735163c91811,2,3,19,10,2,0,0,"static single-case binary; CUDA event includes setup/readback, clock64 covers timed window"
calibration,v2_calibration_fp16_n128_q8_batch_same_in0_same_discard_h0_b0_none_ops0,1,,NVIDIA Thor,11.0,580.00,13.0,1575.000,,,,mem_clock_mhz:unavailable;temperature_c:unavailable;power_w:unavailable;sm_clock_mhz:sysfs_or_default,fp16,128,8,500,0,171,batch,same,same,discard,0,0,0,20,none,0,408456.0,,,,,102.114,0.388352,,,,,161.73171161642873,108.0026367831246,10000,0.000000000,1,5acb615fc880d3d24a39d982f13a66df938488de4d94dc8a9fd08abda684b51b,8,3,19,10,2,0,0,"static single-case binary; CUDA event includes setup/readback, clock64 covers timed window"
calibration,v2_calibration_fp16_n128_q8_batch_same_in0_same_discard_h0_b0_none_ops0,1,,NVIDIA Thor,11.0,580.00,13.0,1575.000,,,,mem_clock_mhz:unavailable;temperature_c:unavailable;power_w:unavailable;sm_clock_mhz:sysfs_or_default,fp16,128,8,500,1,171,batch,same,same,discard,0,0,0,20,none,0,408420.0,,,,,102.105,0.389824,,,,,161.7459673865139,107.59481201773107,10000,0.000000000,1,5acb615fc880d3d24a39d982f13a66df938488de4d94dc8a9fd08abda684b51b,8,3,19,10,2,0,0,"static single-case binary; CUDA event includes setup/readback, clock64 covers timed window"
calibration,v2_calibration_fp16_n128_q8_batch_same_in0_same_discard_h0_b0_none_ops0,1,,NVIDIA Thor,11.0,580.00,13.0,1575.000,,,,mem_clock_mhz:unavailable;temperature_c:unavailable;power_w:unavailable;sm_clock_mhz:sysfs_or_default,fp16,128,8,500,2,171,batch,same,same,discard,0,0,0,20,none,0,408238.0,,,,,102.0595,0.392448,,,,,161.81807671015437,106.8754076973255,10000,0.000000000,1,5acb615fc880d3d24a39d982f13a66df938488de4d94dc8a9fd08abda684b51b,8,3,19,10,2,0,0,"static single-case binary; CUDA event includes setup/readback, clock64 covers timed window"
calibration,v2_calibration_fp16_n128_q32_batch_same_in0_same_discard_h32_b1_none_ops0,1,,NVIDIA Thor,11.0,580.00,13.0,1575.000,,,,mem_clock_mhz:unavailable;temperature_c:unavailable;power_w:unavailable;sm_clock_mhz:sysfs_or_default,fp16,128,32,500,0,172,batch,same,same,discard,0,32,1,1,none,0,1188786.0,,,,,74.299125,0.854208,,,,,11.11390746526288,9.820334157488574,564,0.000000000,1,16bca5148debad52d6c483acaf92169b8333ad4dde32eabd25e1fa6163c86fe2,32,3,19,10,2,0,0,"static single-case binary; CUDA event includes setup/readback, clock64 covers timed window"
calibration,v2_calibration_fp16_n128_q32_batch_same_in0_same_discard_h32_b1_none_ops0,1,,NVIDIA Thor,11.0,580.00,13.0,1575.000,,,,mem_clock_mhz:unavailable;temperature_c:unavailable;power_w:unavailable;sm_clock_mhz:sysfs_or_default,fp16,128,32,500,1,172,batch,same,same,discard,0,32,1,1,none,0,1188761.0,,,,,74.2975625,0.851456,,,,,11.114141194066764,9.85207456404089,535,0.000000000,1,16bca5148debad52d6c483acaf92169b8333ad4dde32eabd25e1fa6163c86fe2,32,3,19,10,2,0,0,"static single-case binary; CUDA event includes setup/readback, clock64 covers timed window"
calibration,v2_calibration_fp16_n128_q32_batch_same_in0_same_discard_h32_b1_none_ops0,1,,NVIDIA Thor,11.0,580.00,13.0,1575.000,,,,mem_clock_mhz:unavailable;temperature_c:unavailable;power_w:unavailable;sm_clock_mhz:sysfs_or_default,fp16,128,32,500,2,172,batch,same,same,discard,0,32,1,1,none,0,1189012.0,,,,,74.31325,0.853056,,,,,11.111795002909979,9.833595918673568,613,0.000000000,1,16bca5148debad52d6c483acaf92169b8333ad4dde32eabd25e1fa6163c86fe2,32,3,19,10,2,0,0,"static single-case binary; CUDA event includes setup/readback, clock64 covers timed window"
control,v2_control_bf16_n256_q1_forced_wait_same_in0_same_discard_h0_b1_none_ops0,1,,NVIDIA Thor,11.0,580.00,13.0,1575.000,,,,mem_clock_mhz:unavailable;temperature_c:unavailable;power_w:unavailable;sm_clock_mhz:sysfs_or_default,bf16,256,1,1000,0,173,forced_wait,same,same,discard,0,0,1,1,none,0,450127.0,,,,,450.127,0.384384,,,,,3.6689805321609232,2.727938727938728,1000,0.000000000,1,4c58793f728b6ff8f27ec1e885d73f9d5d6aa1b018bf22820ded00a6104006d8,1,3,19,10,2,0,0,"static single-case binary; CUDA event includes setup/readback, clock64 covers timed window"
control,v2_control_bf16_n256_q1_forced_wait_same_in0_same_discard_h0_b1_none_ops0,1,,NVIDIA Thor,11.0,580.00,13.0,1575.000,,,,mem_clock_mhz:unavailable;temperature_c:unavailable;power_w:unavailable;sm_clock_mhz:sysfs_or_default,bf16,256,1,1000,1,173,forced_wait,same,same,discard,0,0,1,1,none,0,450127.0,,,,,450.127,0.382176,,,,,3.6689805321609232,2.7436992380473915,1000,0.000000000,1,4c58793f728b6ff8f27ec1e885d73f9d5d6aa1b018bf22820ded00a6104006d8,1,3,19,10,2,0,0,"static single-case binary; CUDA event includes setup/readback, clock64 covers timed window"
control,v2_control_bf16_n256_q1_forced_wait_same_in0_same_discard_h0_b1_none_ops0,1,,NVIDIA Thor,11.0,580.00,13.0,1575.000,,,,mem_clock_mhz:unavailable;temperature_c:unavailable;power_w:unavailable;sm_clock_mhz:sysfs_or_default,bf16,256,1,1000,2,173,forced_wait,same,same,discard,0,0,1,1,none,0,450127.0,,,,,450.127,0.381888,,,,,3.6689805321609232,2.7457683928272165,1000,0.000000000,1,4c58793f728b6ff8f27ec1e885d73f9d5d6aa1b018bf22820ded00a6104006d8,1,3,19,10,2,0,0,"static single-case binary; CUDA event includes setup/readback, clock64 covers timed window"
calibration,v2_calibration_fp16_n128_q64_batch_same_in0_same_discard_h0_b1_none_ops0,1,,NVIDIA Thor,11.0,580.00,13.0,1575.000,,,,mem_clock_mhz:unavailable;temperature_c:unavailable;power_w:unavailable;sm_clock_mhz:sysfs_or_default,fp16,128,64,500,0,174,batch,same,same,discard,0,0,1,1,none,0,2205712.0,,,,,68.9285,1.498912,,,,,11.979857388453253,11.19292927136483,506,0.000000000,1,875146301b1c59f3978d8e34dc27eb357f0ffc10c9771563fce5a49e1d32ee95,64,3,19,10,2,0,0,"static single-case binary; CUDA event includes setup/readback, clock64 covers timed window"
calibration,v2_calibration_fp16_n128_q64_batch_same_in0_same_discard_h0_b1_none_ops0,1,,NVIDIA Thor,11.0,580.00,13.0,1575.000,,,,mem_clock_mhz:unavailable;temperature_c:unavailable;power_w:unavailable;sm_clock_mhz:sysfs_or_default,fp16,128,64,500,1,174,batch,same,same,discard,0,0,1,1,none,0,2205881.0,,,,,68.93378125,1.499136,,,,,11.978939571082936,11.191256830601091,528,0.000000000,1,875146301b1c59f3978d8e34dc27eb357f0ffc10c9771563fce5a49e1d32ee95,64,3,19,10,2,0,0,"static single-case binary; CUDA event includes setup/readback, clock64 covers timed window"
calibration,v2_calibration_fp16_n128_q64_batch_same_in0_same_discard_h0_b1_none_ops0,1,,NVIDIA Thor,11.0,580.00,13.0,1575.000,,,,mem_clock_mhz:unavailable;temperature_c:unavailable;power_w:unavailable;sm_clock_mhz:sysfs_or_default,fp16,128,64,500,2,174,batch,same,same,discard,0,0,1,1,none,0,2205915.0,,,,,68.93484375,1.498144,,,,,11.978754938426912,11.198667150821283,547,0.000000000,1,875146301b1c59f3978d8e34dc27eb357f0ffc10c9771563fce5a49e1d32ee95,64,3,19,10,2,0,0,"static single-case binary; CUDA event includes setup/readback, clock64 covers timed window"
calibration,v2_calibration_bf16_n128_q4_batch_ring_in0_same_discard_h10000000_b0_none_ops0,1,,NVIDIA Thor,11.0,580.00,13.0,1575.000,,,,mem_clock_mhz:unavailable;temperature_c:unavailable;power_w:unavailable;sm_clock_mhz:sysfs_or_default,bf16,128,4,500,0,175,batch,ring,same,discard,0,10000000,0,20,none,0,319594.0,,,,,159.797,0.33504,,,,,103.35032572576456,62.59407831900669,10000,0.000000000,1,92c843e8c2ffcbb6ca2a6894db72a11547e704c7aa7db9ec562d68c0c132a35e,4,3,17,7,2,0,0,"static single-case binary; CUDA event includes setup/readback, clock64 covers timed window"
calibration,v2_calibration_bf16_n128_q4_batch_ring_in0_same_discard_h10000000_b0_none_ops0,1,,NVIDIA Thor,11.0,580.00,13.0,1575.000,,,,mem_clock_mhz:unavailable;temperature_c:unavailable;power_w:unavailable;sm_clock_mhz:sysfs_or_default,bf16,128,4,500,1,175,batch,ring,same,discard,0,10000000,0,20,none,0,319595.0,,,,,159.7975,0.331456,,,,,103.35000234672007,63.27090171847847,10000,0.000000000,1,92c843e8c2ffcbb6ca2a6894db72a11547e704c7aa7db9ec562d68c0c132a35e,4,3,17,7,2,0,0,"static single-case binary; CUDA event includes setup/readback, clock64 covers timed window"
calibration,v2_calibration_bf16_n128_q4_batch_ring_in0_same_discard_h10000000_b0_none_ops0,1,,NVIDIA Thor,11.0,580.00,13.0,1575.000,,,,mem_clock_mhz:unavailable;temperature_c:unavailable;power_w:unavailable;sm_clock_mhz:sysfs_or_default,bf16,128,4,500,2,175,batch,ring,same,discard,0,10000000,0,20,none,0,319596.0,,,,,159.798,0.33472,,,,,103.34967896969926,62.653919694072655,10000,0.000000000,1,92c843e8c2ffcbb6ca2a6894db72a11547e704c7aa7db9ec562d68c0c132a35e,4,3,17,7,2,0,0,"static single-case binary; CUDA event includes setup/readback, clock64 covers timed window"
calibration,v2_calibration_bf16_n128_q4_batch_ring_in0_same_discard_h0_b0_none_ops0,1,,NVIDIA Thor,11.0,580.00,13.0,1575.000,,,,mem_clock_mhz:unavailable;temperature_c:unavailable;power_w:unavailable;sm_clock_mhz:sysfs_or_default,bf16,128,4,500,0,176,batch,ring,same,discard,0,0,0,20,none,0,291160.0,,,,,145.58,0.316288,,,,,113.44327517516142,66.30513961958721,10000,0.000000000,1,4976f18faa7067787da22051067835a03beb793b0d5079137b2c7d9ba237066d,4,3,17,7,2,0,0,"static single-case binary; CUDA event includes setup/readback, clock64 covers timed window"
calibration,v2_calibration_bf16_n128_q4_batch_ring_in0_same_discard_h0_b0_none_ops0,1,,NVIDIA Thor,11.0,580.00,13.0,1575.000,,,,mem_clock_mhz:unavailable;temperature_c:unavailable;power_w:unavailable;sm_clock_mhz:sysfs_or_default,bf16,128,4,500,1,176,batch,ring,same,discard,0,0,0,20,none,0,291156.0,,,,,145.578,0.313952,,,,,113.44483369739933,66.79849148914484,10000,0.000000000,1,4976f18faa7067787da22051067835a03beb793b0d5079137b2c7d9ba237066d,4,3,17,7,2,0,0,"static single-case binary; CUDA event includes setup/readback, clock64 covers timed window"
calibration,v2_calibration_bf16_n128_q4_batch_ring_in0_same_discard_h0_b0_none_ops0,1,,NVIDIA Thor,11.0,580.00,13.0,1575.000,,,,mem_clock_mhz:unavailable;temperature_c:unavailable;power_w:unavailable;sm_clock_mhz:sysfs_or_default,bf16,128,4,500,2,176,batch,ring,same,discard,0,0,0,20,none,0,291155.0,,,,,145.5775,0.313952,,,,,113.44522333464992,66.79849148914484,10000,0.000000000,1,4976f18faa7067787da22051067835a03beb793b0d5079137b2c7d9ba237066d,4,3,17,7,2,0,0,"static single-case binary; CUDA event includes setup/readback, clock64 covers timed window"
calibration,v2_calibration_fp16_n256_q32_batch_same_in0_same_discard_h10000000_b0_none_ops0,1,,NVIDIA Thor,11.0,580.00,13.0,1575.000,,,,mem_clock_mhz:unavailable;temperature_c:unavailable;power_w:unavailable;sm_clock_mhz:sysfs_or_default,fp16,256,32,500,0,177,batch,same,same,discard,0,10000000,0,20,none,0,2239148.0,,,,,139.94675,1.552384,,,,,236.01937165386119,216.14775725593668,10000,0.000000000,1,dc3ad0ea16f34c5de7d340c9f5fff06e987800c24b53743843ebcdaa6d5cca6f,32,3,19,10,2,0,0,"static single-case binary; CUDA event includes setup/readback, clock64 covers timed window"
calibration,v2_calibration_fp16_n256_q32_batch_same_in0_same_discard_h10000000_b0_none_ops0,1,,NVIDIA Thor,11.0,580.00,13.0,1575.000,,,,mem_clock_mhz:unavailable;temperature_c:unavailable;power_w:unavailable;sm_clock_mhz:sysfs_or_default,fp16,256,32,500,1,177,batch,same,same,discard,0,10000000,0,20,none,0,2239146.0,,,,,139.946625,1.553056,,,,,236.0195824658151,216.05423114169741,10000,0.000000000,1,dc3ad0ea16f34c5de7d340c9f5fff06e987800c24b53743843ebcdaa6d5cca6f,32,3,19,10,2,0,0,"static single-case binary; CUDA event includes setup/readback, clock64 covers timed window"
calibration,v2_calibration_fp16_n256_q32_batch_same_in0_same_discard_h10000000_b0_none_ops0,1,,NVIDIA Thor,11.0,580.00,13.0,1575.000,,,,mem_clock_mhz:unavailable;temperature_c:unavailable;power_w:unavailable;sm_clock_mhz:sysfs_or_default,fp16,256,32,500,2,177,batch,same,same,discard,0,10000000,0,20,none,0,2239149.0,,,,,139.9468125,1.554208,,,,,236.0192662480255,215.89408882208815,10000,0.000000000,1,dc3ad0ea16f34c5de7d340c9f5fff06e987800c24b53743843ebcdaa6d5cca6f,32,3,19,10,2,0,0,"static single-case binary; CUDA event includes setup/readback, clock64 covers timed window"
control,v2_control_fp16_n128_q1_commit_wait_same_in0_same_discard_h10000000_b1_none_ops0,1,,NVIDIA Thor,11.0,580.00,13.0,1575.000,,,,mem_clock_mhz:unavailable;temperature_c:unavailable;power_w:unavailable;sm_clock_mhz:sysfs_or_default,fp16,128,1,1000,0,178,commit_wait,same,same,discard,0,10000000,1,1,none,0,258145.0,,,,,,0.261568,,,,,,,1000,0.000000000,1,cd0704797ff474084a61095856e22ab6bfa989917e6f9124a7278a2317c88e59,0,3,19,9,2,0,0,"static single-case binary; CUDA event includes setup/readback, clock64 covers timed window"
control,v2_control_fp16_n128_q1_commit_wait_same_in0_same_discard_h10000000_b1_none_ops0,1,,NVIDIA Thor,11.0,580.00,13.0,1575.000,,,,mem_clock_mhz:unavailable;temperature_c:unavailable;power_w:unavailable;sm_clock_mhz:sysfs_or_default,fp16,128,1,1000,1,178,commit_wait,same,same,discard,0,10000000,1,1,none,0,258145.0,,,,,,0.262336,,,,,,,1000,0.000000000,1,cd0704797ff474084a61095856e22ab6bfa989917e6f9124a7278a2317c88e59,0,3,19,9,2,0,0,"static single-case binary; CUDA event includes setup/readback, clock64 covers timed window"
control,v2_control_fp16_n128_q1_commit_wait_same_in0_same_discard_h10000000_b1_none_ops0,1,,NVIDIA Thor,11.0,580.00,13.0,1575.000,,,,mem_clock_mhz:unavailable;temperature_c:unavailable;power_w:unavailable;sm_clock_mhz:sysfs_or_default,fp16,128,1,1000,2,178,commit_wait,same,same,discard,0,10000000,1,1,none,0,258145.0,,,,,,0.262016,,,,,,,1000,0.000000000,1,cd0704797ff474084a61095856e22ab6bfa989917e6f9124a7278a2317c88e59,0,3,19,9,2,0,0,"static single-case binary; CUDA event includes setup/readback, clock64 covers timed window"
calibration,v2_calibration_bf16_n256_q32_batch_ring_in0_same_discard_h32_b0_none_ops0,1,,NVIDIA Thor,11.0,580.00,13.0,1575.000,,,,mem_clock_mhz:unavailable;temperature_c:unavailable;power_w:unavailable;sm_clock_mhz:sysfs_or_default,bf16,256,32,500,0,179,batch,ring,same,discard,0,32,0,20,none,0,2246671.0,,,,,140.4169375,1.5568,,,,,235.229058460273,215.53463514902364,29981,0.000000000,1,ed22bb0cf278e2d9160c6d43d07c17237e38cf37c7e066d793f1d7d51f42c252,32,3,17,7,2,0,0,"static single-case binary; CUDA event includes setup/readback, clock64 covers timed window"
calibration,v2_calibration_bf16_n256_q32_batch_ring_in0_same_discard_h32_b0_none_ops0,1,,NVIDIA Thor,11.0,580.00,13.0,1575.000,,,,mem_clock_mhz:unavailable;temperature_c:unavailable;power_w:unavailable;sm_clock_mhz:sysfs_or_default,bf16,256,32,500,1,179,batch,ring,same,discard,0,32,0,20,none,0,2246403.0,,,,,140.4001875,1.551456,,,,,235.25712171858746,216.2770455623621,29960,0.000000000,1,ed22bb0cf278e2d9160c6d43d07c17237e38cf37c7e066d793f1d7d51f42c252,32,3,17,7,2,0,0,"static single-case binary; CUDA event includes setup/readback, clock64 covers timed window"
calibration,v2_calibration_bf16_n256_q32_batch_ring_in0_same_discard_h32_b0_none_ops0,1,,NVIDIA Thor,11.0,580.00,13.0,1575.000,,,,mem_clock_mhz:unavailable;temperature_c:unavailable;power_w:unavailable;sm_clock_mhz:sysfs_or_default,bf16,256,32,500,2,179,batch,ring,same,discard,0,32,0,20,none,0,2246610.0,,,,,140.413125,1.557312,,,,,235.23544540440932,215.463773476349,29960,0.000000000,1,ed22bb0cf278e2d9160c6d43d07c17237e38cf37c7e066d793f1d7d51f42c252,32,3,17,7,2,0,0,"static single-case binary; CUDA event includes setup/readback, clock64 covers timed window"
calibration,v2_calibration_fp16_n256_q4_batch_ring_in0_same_discard_h32_b1_none_ops0,1,,NVIDIA Thor,11.0,580.00,13.0,1575.000,,,,mem_clock_mhz:unavailable;temperature_c:unavailable;power_w:unavailable;sm_clock_mhz:sysfs_or_default,fp16,256,4,500,0,180,batch,ring,same,discard,0,32,1,1,none,0,432416.0,,,,,216.208,0.371616,,,,,7.638511063420409,5.643330750021527,1003,0.000000000,1,a27bd05e127a60b5ed1b02073d1d9e925208242017afdea54177e7fbef4eac31,4,3,17,7,2,0,0,"static single-case binary; CUDA event includes setup/readback, clock64 covers timed window"
calibration,v2_calibration_fp16_n256_q4_batch_ring_in0_same_discard_h32_b1_none_ops0,1,,NVIDIA Thor,11.0,580.00,13.0,1575.000,,,,mem_clock_mhz:unavailable;temperature_c:unavailable;power_w:unavailable;sm_clock_mhz:sysfs_or_default,fp16,256,4,500,1,180,batch,ring,same,discard,0,32,1,1,none,0,432464.0,,,,,216.232,0.372096,,,,,7.637663250582708,5.636050911592708,1000,0.000000000,1,a27bd05e127a60b5ed1b02073d1d9e925208242017afdea54177e7fbef4eac31,4,3,17,7,2,0,0,"static single-case binary; CUDA event includes setup/readback, clock64 covers timed window"
calibration,v2_calibration_fp16_n256_q4_batch_ring_in0_same_discard_h32_b1_none_ops0,1,,NVIDIA Thor,11.0,580.00,13.0,1575.000,,,,mem_clock_mhz:unavailable;temperature_c:unavailable;power_w:unavailable;sm_clock_mhz:sysfs_or_default,fp16,256,4,500,2,180,batch,ring,same,discard,0,32,1,1,none,0,432558.0,,,,,216.279,0.371776,,,,,7.636003495484999,5.640902048545361,1001,0.000000000,1,a27bd05e127a60b5ed1b02073d1d9e925208242017afdea54177e7fbef4eac31,4,3,17,7,2,0,0,"static single-case binary; CUDA event includes setup/readback, clock64 covers timed window"
calibration,v2_calibration_bf16_n128_q2_batch_ring_in0_same_discard_h32_b1_none_ops0,1,,NVIDIA Thor,11.0,580.00,13.0,1575.000,,,,mem_clock_mhz:unavailable;temperature_c:unavailable;power_w:unavailable;sm_clock_mhz:sysfs_or_default,bf16,128,2,500,0,181,batch,ring,same,discard,0,32,1,1,none,0,237649.0,,,,,237.649,0.247744,,,,,3.474677360308691,2.116249031258073,500,0.000000000,1,b1865be602b3d95fade0f09a47332bdca8c65ecdc041ca01d084d50841183885,2,3,17,7,2,0,0,"static single-case binary; CUDA event includes setup/readback, clock64 covers timed window"
calibration,v2_calibration_bf16_n128_q2_batch_ring_in0_same_discard_h32_b1_none_ops0,1,,NVIDIA Thor,11.0,580.00,13.0,1575.000,,,,mem_clock_mhz:unavailable;temperature_c:unavailable;power_w:unavailable;sm_clock_mhz:sysfs_or_default,bf16,128,2,500,1,181,batch,ring,same,discard,0,32,1,1,none,0,237649.0,,,,,237.649,0.2496,,,,,3.474677360308691,2.1005128205128205,500,0.000000000,1,b1865be602b3d95fade0f09a47332bdca8c65ecdc041ca01d084d50841183885,2,3,17,7,2,0,0,"static single-case binary; CUDA event includes setup/readback, clock64 covers timed window"
calibration,v2_calibration_bf16_n128_q2_batch_ring_in0_same_discard_h32_b1_none_ops0,1,,NVIDIA Thor,11.0,580.00,13.0,1575.000,,,,mem_clock_mhz:unavailable;temperature_c:unavailable;power_w:unavailable;sm_clock_mhz:sysfs_or_default,bf16,128,2,500,2,181,batch,ring,same,discard,0,32,1,1,none,0,237649.0,,,,,237.649,0.249664,,,,,3.474677360308691,2.099974365547296,500,0.000000000,1,b1865be602b3d95fade0f09a47332bdca8c65ecdc041ca01d084d50841183885,2,3,17,7,2,0,0,"static single-case binary; CUDA event includes setup/readback, clock64 covers timed window"
calibration,v2_calibration_bf16_n128_q4_batch_same_in0_same_discard_h32_b1_none_ops0,1,,NVIDIA Thor,11.0,580.00,13.0,1575.000,,,,mem_clock_mhz:unavailable;temperature_c:unavailable;power_w:unavailable;sm_clock_mhz:sysfs_or_default,bf16,128,4,500,0,182,batch,same,same,discard,0,32,1,1,none,0,315298.0,,,,,157.649,0.296448,,,,,5.23792475689665,3.53713298791019,500,0.000000000,1,b4a4f270d8aac0d6a4b86c1760d178a06a47d97c9224de9d4664902a7e7f3d57,4,3,19,10,2,0,0,"static single-case binary; CUDA event includes setup/readback, clock64 covers timed window"
calibration,v2_calibration_bf16_n128_q4_batch_same_in0_same_discard_h32_b1_none_ops0,1,,NVIDIA Thor,11.0,580.00,13.0,1575.000,,,,mem_clock_mhz:unavailable;temperature_c:unavailable;power_w:unavailable;sm_clock_mhz:sysfs_or_default,bf16,128,4,500,1,182,batch,same,same,discard,0,32,1,1,none,0,315262.0,,,,,157.631,0.2984,,,,,5.238522879382862,3.513994638069705,500,0.000000000,1,b4a4f270d8aac0d6a4b86c1760d178a06a47d97c9224de9d4664902a7e7f3d57,4,3,19,10,2,0,0,"static single-case binary; CUDA event includes setup/readback, clock64 covers timed window"
calibration,v2_calibration_bf16_n128_q4_batch_same_in0_same_discard_h32_b1_none_ops0,1,,NVIDIA Thor,11.0,580.00,13.0,1575.000,,,,mem_clock_mhz:unavailable;temperature_c:unavailable;power_w:unavailable;sm_clock_mhz:sysfs_or_default,bf16,128,4,500,2,182,batch,same,same,discard,0,32,1,1,none,0,315252.0,,,,,157.626,0.299136,,,,,5.238689048760992,3.505348737697903,500,0.000000000,1,b4a4f270d8aac0d6a4b86c1760d178a06a47d97c9224de9d4664902a7e7f3d57,4,3,19,10,2,0,0,"static single-case binary; CUDA event includes setup/readback, clock64 covers timed window"
control,v2_control_fp16_n128_q64_empty_same_in0_same_discard_h10000000_b0_none_ops0,1,,NVIDIA Thor,11.0,580.00,13.0,1575.000,,,,mem_clock_mhz:unavailable;temperature_c:unavailable;power_w:unavailable;sm_clock_mhz:sysfs_or_default,fp16,128,64,1000,0,183,empty,same,same,discard,0,10000000,0,20,none,0,264115.0,,,,,,0.296864,,,,,,,0,0.000000000,1,8be76282936f7eb26d02e082859a948d3ab53ba6ec77c4b1ddb5f11c39e17bd1,0,2,16,9,2,0,0,"static single-case binary; CUDA event includes setup/readback, clock64 covers timed window"
control,v2_control_fp16_n128_q64_empty_same_in0_same_discard_h10000000_b0_none_ops0,1,,NVIDIA Thor,11.0,580.00,13.0,1575.000,,,,mem_clock_mhz:unavailable;temperature_c:unavailable;power_w:unavailable;sm_clock_mhz:sysfs_or_default,fp16,128,64,1000,1,183,empty,same,same,discard,0,10000000,0,20,none,0,264113.0,,,,,,0.300512,,,,,,,0,0.000000000,1,8be76282936f7eb26d02e082859a948d3ab53ba6ec77c4b1ddb5f11c39e17bd1,0,2,16,9,2,0,0,"static single-case binary; CUDA event includes setup/readback, clock64 covers timed window"
control,v2_control_fp16_n128_q64_empty_same_in0_same_discard_h10000000_b0_none_ops0,1,,NVIDIA Thor,11.0,580.00,13.0,1575.000,,,,mem_clock_mhz:unavailable;temperature_c:unavailable;power_w:unavailable;sm_clock_mhz:sysfs_or_default,fp16,128,64,1000,2,183,empty,same,same,discard,0,10000000,0,20,none,0,264113.0,,,,,,0.298144,,,,,,,0,0.000000000,1,8be76282936f7eb26d02e082859a948d3ab53ba6ec77c4b1ddb5f11c39e17bd1,0,2,16,9,2,0,0,"static single-case binary; CUDA event includes setup/readback, clock64 covers timed window"
calibration,v2_calibration_bf16_n128_q8_batch_same_in0_same_discard_h0_b1_none_ops0,1,,NVIDIA Thor,11.0,580.00,13.0,1575.000,,,,mem_clock_mhz:unavailable;temperature_c:unavailable;power_w:unavailable;sm_clock_mhz:sysfs_or_default,bf16,128,8,500,0,184,batch,same,same,discard,0,0,1,1,none,0,407490.0,,,,,101.8725,0.356736,,,,,8.10575572406685,5.878722640832436,500,0.000000000,1,6baec20952414bc272bb0ed187835288c34114d6208d844f938550b61e7bc49a,8,3,19,10,2,0,0,"static single-case binary; CUDA event includes setup/readback, clock64 covers timed window"
calibration,v2_calibration_bf16_n128_q8_batch_same_in0_same_discard_h0_b1_none_ops0,1,,NVIDIA Thor,11.0,580.00,13.0,1575.000,,,,mem_clock_mhz:unavailable;temperature_c:unavailable;power_w:unavailable;sm_clock_mhz:sysfs_or_default,bf16,128,8,500,1,184,batch,same,same,discard,0,0,1,1,none,0,408287.0,,,,,102.07175,0.35712,,,,,8.089932816866567,5.872401433691756,500,0.000000000,1,6baec20952414bc272bb0ed187835288c34114d6208d844f938550b61e7bc49a,8,3,19,10,2,0,0,"static single-case binary; CUDA event includes setup/readback, clock64 covers timed window"
calibration,v2_calibration_bf16_n128_q8_batch_same_in0_same_discard_h0_b1_none_ops0,1,,NVIDIA Thor,11.0,580.00,13.0,1575.000,,,,mem_clock_mhz:unavailable;temperature_c:unavailable;power_w:unavailable;sm_clock_mhz:sysfs_or_default,bf16,128,8,500,2,184,batch,same,same,discard,0,0,1,1,none,0,408461.0,,,,,102.11525,0.357088,,,,,8.086486592355206,5.872927681691907,500,0.000000000,1,6baec20952414bc272bb0ed187835288c34114d6208d844f938550b61e7bc49a,8,3,19,10,2,0,0,"static single-case binary; CUDA event includes setup/readback, clock64 covers timed window"
calibration,v2_calibration_bf16_n128_q2_batch_same_in1_same_discard_h10000000_b1_none_ops0,1,,NVIDIA Thor,11.0,580.00,13.0,1575.000,,,,mem_clock_mhz:unavailable;temperature_c:unavailable;power_w:unavailable;sm_clock_mhz:sysfs_or_default,bf16,128,2,500,0,185,batch,same,same,discard,1,10000000,1,1,none,0,237632.0,,,,,237.632,0.24752,,,,,3.474925935900889,2.118164188752424,500,0.000000000,1,e2a990e595019ef0a210b1887177a7795c364f285c8de86dca7ca77a9a4a531b,2,3,19,10,2,0,0,"static single-case binary; CUDA event includes setup/readback, clock64 covers timed window"
calibration,v2_calibration_bf16_n128_q2_batch_same_in1_same_discard_h10000000_b1_none_ops0,1,,NVIDIA Thor,11.0,580.00,13.0,1575.000,,,,mem_clock_mhz:unavailable;temperature_c:unavailable;power_w:unavailable;sm_clock_mhz:sysfs_or_default,bf16,128,2,500,1,185,batch,same,same,discard,1,10000000,1,1,none,0,237632.0,,,,,237.632,0.248704,,,,,3.474925935900889,2.108080288214102,500,0.000000000,1,e2a990e595019ef0a210b1887177a7795c364f285c8de86dca7ca77a9a4a531b,2,3,19,10,2,0,0,"static single-case binary; CUDA event includes setup/readback, clock64 covers timed window"
calibration,v2_calibration_bf16_n128_q2_batch_same_in1_same_discard_h10000000_b1_none_ops0,1,,NVIDIA Thor,11.0,580.00,13.0,1575.000,,,,mem_clock_mhz:unavailable;temperature_c:unavailable;power_w:unavailable;sm_clock_mhz:sysfs_or_default,bf16,128,2,500,2,185,batch,same,same,discard,1,10000000,1,1,none,0,237632.0,,,,,237.632,0.248768,,,,,3.474925935900889,2.1075379470028297,500,0.000000000,1,e2a990e595019ef0a210b1887177a7795c364f285c8de86dca7ca77a9a4a531b,2,3,19,10,2,0,0,"static single-case binary; CUDA event includes setup/readback, clock64 covers timed window"
calibration,v2_calibration_bf16_n256_q4_batch_same_in0_same_discard_h10000000_b0_none_ops0,1,,NVIDIA Thor,11.0,580.00,13.0,1575.000,,,,mem_clock_mhz:unavailable;temperature_c:unavailable;power_w:unavailable;sm_clock_mhz:sysfs_or_default,bf16,256,4,500,0,186,batch,same,same,discard,0,10000000,0,20,none,0,447263.0,,,,,223.6315,0.41536,,,,,147.698978006229,100.97996918335902,10000,0.000000000,1,877a78104d64cae680df873e601599024b462998be2d950c124c07ef1eb7b729,4,3,19,10,2,0,0,"static single-case binary; CUDA event includes setup/readback, clock64 covers timed window"
calibration,v2_calibration_bf16_n256_q4_batch_same_in0_same_discard_h10000000_b0_none_ops0,1,,NVIDIA Thor,11.0,580.00,13.0,1575.000,,,,mem_clock_mhz:unavailable;temperature_c:unavailable;power_w:unavailable;sm_clock_mhz:sysfs_or_default,bf16,256,4,500,1,186,batch,same,same,discard,0,10000000,0,20,none,0,447269.0,,,,,223.6345,0.417184,,,,,147.69699666196405,100.53846743882795,10000,0.000000000,1,877a78104d64cae680df873e601599024b462998be2d950c124c07ef1eb7b729,4,3,19,10,2,0,0,"static single-case binary; CUDA event includes setup/readback, clock64 covers timed window"
calibration,v2_calibration_bf16_n256_q4_batch_same_in0_same_discard_h10000000_b0_none_ops0,1,,NVIDIA Thor,11.0,580.00,13.0,1575.000,,,,mem_clock_mhz:unavailable;temperature_c:unavailable;power_w:unavailable;sm_clock_mhz:sysfs_or_default,bf16,256,4,500,2,186,batch,same,same,discard,0,10000000,0,20,none,0,447245.0,,,,,223.6225,0.415744,,,,,147.7049223579917,100.88669950738915,10000,0.000000000,1,877a78104d64cae680df873e601599024b462998be2d950c124c07ef1eb7b729,4,3,19,10,2,0,0,"static single-case binary; CUDA event includes setup/readback, clock64 covers timed window"
control,v2_control_bf16_n128_q64_empty_same_in0_same_discard_h0_b0_none_ops0,1,,NVIDIA Thor,11.0,580.00,13.0,1575.000,,,,mem_clock_mhz:unavailable;temperature_c:unavailable;power_w:unavailable;sm_clock_mhz:sysfs_or_default,bf16,128,64,1000,0,187,empty,same,same,discard,0,0,0,20,none,0,264118.0,,,,,,0.298976,,,,,,,0,0.000000000,1,3cbbe6e7e2be480d7d6101faf08548b4bf52c13b611e8d5a47edf713a6072f9d,0,2,16,9,2,0,0,"static single-case binary; CUDA event includes setup/readback, clock64 covers timed window"
control,v2_control_bf16_n128_q64_empty_same_in0_same_discard_h0_b0_none_ops0,1,,NVIDIA Thor,11.0,580.00,13.0,1575.000,,,,mem_clock_mhz:unavailable;temperature_c:unavailable;power_w:unavailable;sm_clock_mhz:sysfs_or_default,bf16,128,64,1000,1,187,empty,same,same,discard,0,0,0,20,none,0,264113.0,,,,,,0.300096,,,,,,,0,0.000000000,1,3cbbe6e7e2be480d7d6101faf08548b4bf52c13b611e8d5a47edf713a6072f9d,0,2,16,9,2,0,0,"static single-case binary; CUDA event includes setup/readback, clock64 covers timed window"
control,v2_control_bf16_n128_q64_empty_same_in0_same_discard_h0_b0_none_ops0,1,,NVIDIA Thor,11.0,580.00,13.0,1575.000,,,,mem_clock_mhz:unavailable;temperature_c:unavailable;power_w:unavailable;sm_clock_mhz:sysfs_or_default,bf16,128,64,1000,2,187,empty,same,same,discard,0,0,0,20,none,0,264118.0,,,,,,0.295968,,,,,,,0,0.000000000,1,3cbbe6e7e2be480d7d6101faf08548b4bf52c13b611e8d5a47edf713a6072f9d,0,2,16,9,2,0,0,"static single-case binary; CUDA event includes setup/readback, clock64 covers timed window"
control,v2_control_bf16_n128_q64_empty_same_in0_same_discard_h32_b1_none_ops0,1,,NVIDIA Thor,11.0,580.00,13.0,1575.000,,,,mem_clock_mhz:unavailable;temperature_c:unavailable;power_w:unavailable;sm_clock_mhz:sysfs_or_default,bf16,128,64,1000,0,188,empty,same,same,discard,0,32,1,1,none,0,264108.0,,,,,,0.265792,,,,,,,0,0.000000000,1,890ac70aa9cea6e6ced01c726f528115f5a55fa15315c2c84322c527b2b4a06e,0,2,16,9,2,0,0,"static single-case binary; CUDA event includes setup/readback, clock64 covers timed window"
control,v2_control_bf16_n128_q64_empty_same_in0_same_discard_h32_b1_none_ops0,1,,NVIDIA Thor,11.0,580.00,13.0,1575.000,,,,mem_clock_mhz:unavailable;temperature_c:unavailable;power_w:unavailable;sm_clock_mhz:sysfs_or_default,bf16,128,64,1000,1,188,empty,same,same,discard,0,32,1,1,none,0,264107.0,,,,,,0.26448,,,,,,,0,0.000000000,1,890ac70aa9cea6e6ced01c726f528115f5a55fa15315c2c84322c527b2b4a06e,0,2,16,9,2,0,0,"static single-case binary; CUDA event includes setup/readback, clock64 covers timed window"
control,v2_control_bf16_n128_q64_empty_same_in0_same_discard_h32_b1_none_ops0,1,,NVIDIA Thor,11.0,580.00,13.0,1575.000,,,,mem_clock_mhz:unavailable;temperature_c:unavailable;power_w:unavailable;sm_clock_mhz:sysfs_or_default,bf16,128,64,1000,2,188,empty,same,same,discard,0,32,1,1,none,0,264107.0,,,,,,0.266624,,,,,,,0,0.000000000,1,890ac70aa9cea6e6ced01c726f528115f5a55fa15315c2c84322c527b2b4a06e,0,2,16,9,2,0,0,"static single-case binary; CUDA event includes setup/readback, clock64 covers timed window"
calibration,v2_calibration_bf16_n256_q4_batch_same_in0_same_discard_h32_b0_none_ops0,1,,NVIDIA Thor,11.0,580.00,13.0,1575.000,,,,mem_clock_mhz:unavailable;temperature_c:unavailable;power_w:unavailable;sm_clock_mhz:sysfs_or_default,bf16,256,4,500,0,189,batch,same,same,discard,0,32,0,20,none,0,432380.0,,,,,216.19,0.405728,,,,,152.78294093158794,103.37723795251992,20095,0.000000000,1,8146346a7d93b30098c4c5fa61c669cc372aa4cda853183c0fa52885ff054034,4,3,19,10,2,0,0,"static single-case binary; CUDA event includes setup/readback, clock64 covers timed window"
calibration,v2_calibration_bf16_n256_q4_batch_same_in0_same_discard_h32_b0_none_ops0,1,,NVIDIA Thor,11.0,580.00,13.0,1575.000,,,,mem_clock_mhz:unavailable;temperature_c:unavailable;power_w:unavailable;sm_clock_mhz:sysfs_or_default,bf16,256,4,500,1,189,batch,same,same,discard,0,32,0,20,none,0,432618.0,,,,,216.309,0.403584,,,,,152.6988890892196,103.92641928322233,20043,0.000000000,1,8146346a7d93b30098c4c5fa61c669cc372aa4cda853183c0fa52885ff054034,4,3,19,10,2,0,0,"static single-case binary; CUDA event includes setup/readback, clock64 covers timed window"
calibration,v2_calibration_bf16_n256_q4_batch_same_in0_same_discard_h32_b0_none_ops0,1,,NVIDIA Thor,11.0,580.00,13.0,1575.000,,,,mem_clock_mhz:unavailable;temperature_c:unavailable;power_w:unavailable;sm_clock_mhz:sysfs_or_default,bf16,256,4,500,2,189,batch,same,same,discard,0,32,0,20,none,0,431981.0,,,,,215.9905,0.405472,,,,,152.92405916000934,103.44250651093047,20039,0.000000000,1,8146346a7d93b30098c4c5fa61c669cc372aa4cda853183c0fa52885ff054034,4,3,19,10,2,0,0,"static single-case binary; CUDA event includes setup/readback, clock64 covers timed window"
calibration,v2_calibration_fp16_n128_q1_batch_same_in1_same_discard_h32_b1_none_ops0,1,,NVIDIA Thor,11.0,580.00,13.0,1575.000,,,,mem_clock_mhz:unavailable;temperature_c:unavailable;power_w:unavailable;sm_clock_mhz:sysfs_or_default,fp16,128,1,500,0,190,batch,same,same,discard,1,32,1,1,none,0,215654.0,,,,,431.308,0.240896,,,,,1.9145334656440407,1.0882040382571732,500,0.000000000,1,ed88b32c2ae6e1eddcef05fa2681c2183d23a49a93a5fe334a97365a60d9c4b1,1,3,19,10,2,0,0,"static single-case binary; CUDA event includes setup/readback, clock64 covers timed window"
calibration,v2_calibration_fp16_n128_q1_batch_same_in1_same_discard_h32_b1_none_ops0,1,,NVIDIA Thor,11.0,580.00,13.0,1575.000,,,,mem_clock_mhz:unavailable;temperature_c:unavailable;power_w:unavailable;sm_clock_mhz:sysfs_or_default,fp16,128,1,500,1,190,batch,same,same,discard,1,32,1,1,none,0,215655.0,,,,,431.31,0.235008,,,,,1.9145245878834247,1.1154684095860565,500,0.000000000,1,ed88b32c2ae6e1eddcef05fa2681c2183d23a49a93a5fe334a97365a60d9c4b1,1,3,19,10,2,0,0,"static single-case binary; CUDA event includes setup/readback, clock64 covers timed window"
calibration,v2_calibration_fp16_n128_q1_batch_same_in1_same_discard_h32_b1_none_ops0,1,,NVIDIA Thor,11.0,580.00,13.0,1575.000,,,,mem_clock_mhz:unavailable;temperature_c:unavailable;power_w:unavailable;sm_clock_mhz:sysfs_or_default,fp16,128,1,500,2,190,batch,same,same,discard,1,32,1,1,none,0,215655.0,,,,,431.31,0.235008,,,,,1.9145245878834247,1.1154684095860565,500,0.000000000,1,ed88b32c2ae6e1eddcef05fa2681c2183d23a49a93a5fe334a97365a60d9c4b1,1,3,19,10,2,0,0,"static single-case binary; CUDA event includes setup/readback, clock64 covers timed window"
control,v2_control_bf16_n128_q1_commit_wait_same_in0_same_discard_h32_b1_none_ops0,1,,NVIDIA Thor,11.0,580.00,13.0,1575.000,,,,mem_clock_mhz:unavailable;temperature_c:unavailable;power_w:unavailable;sm_clock_mhz:sysfs_or_default,bf16,128,1,1000,0,191,commit_wait,same,same,discard,0,32,1,1,none,0,258144.0,,,,,,0.26208,,,,,,,1000,0.000000000,1,1608e60404c0baa2b691c7834336020800f245bdcc2381c506e6c7ec1364fae2,0,3,19,9,2,0,0,"static single-case binary; CUDA event includes setup/readback, clock64 covers timed window"
control,v2_control_bf16_n128_q1_commit_wait_same_in0_same_discard_h32_b1_none_ops0,1,,NVIDIA Thor,11.0,580.00,13.0,1575.000,,,,mem_clock_mhz:unavailable;temperature_c:unavailable;power_w:unavailable;sm_clock_mhz:sysfs_or_default,bf16,128,1,1000,1,191,commit_wait,same,same,discard,0,32,1,1,none,0,258144.0,,,,,,0.260928,,,,,,,1000,0.000000000,1,1608e60404c0baa2b691c7834336020800f245bdcc2381c506e6c7ec1364fae2,0,3,19,9,2,0,0,"static single-case binary; CUDA event includes setup/readback, clock64 covers timed window"
control,v2_control_bf16_n128_q1_commit_wait_same_in0_same_discard_h32_b1_none_ops0,1,,NVIDIA Thor,11.0,580.00,13.0,1575.000,,,,mem_clock_mhz:unavailable;temperature_c:unavailable;power_w:unavailable;sm_clock_mhz:sysfs_or_default,bf16,128,1,1000,2,191,commit_wait,same,same,discard,0,32,1,1,none,0,258144.0,,,,,,0.261504,,,,,,,1000,0.000000000,1,1608e60404c0baa2b691c7834336020800f245bdcc2381c506e6c7ec1364fae2,0,3,19,9,2,0,0,"static single-case binary; CUDA event includes setup/readback, clock64 covers timed window"
calibration,v2_calibration_bf16_n256_q64_batch_ring_in0_same_discard_h32_b1_none_ops0,1,,NVIDIA Thor,11.0,580.00,13.0,1575.000,,,,mem_clock_mhz:unavailable;temperature_c:unavailable;power_w:unavailable;sm_clock_mhz:sysfs_or_default,bf16,256,64,500,0,192,batch,ring,same,discard,0,32,1,1,none,0,4311334.0,,,,,134.7291875,2.836672,,,,,12.257976394313221,11.828802202017012,1499,0.000000000,1,fae77a8063a9587d86887b4b2c722eeb4454f8ea146444221cd490088894260d,64,3,17,7,2,0,0,"static single-case binary; CUDA event includes setup/readback, clock64 covers timed window"
calibration,v2_calibration_bf16_n256_q64_batch_ring_in0_same_discard_h32_b1_none_ops0,1,,NVIDIA Thor,11.0,580.00,13.0,1575.000,,,,mem_clock_mhz:unavailable;temperature_c:unavailable;power_w:unavailable;sm_clock_mhz:sysfs_or_default,bf16,256,64,500,1,192,batch,ring,same,discard,0,32,1,1,none,0,4311146.0,,,,,134.7233125,2.83536,,,,,12.258510938854771,11.834275718074599,1498,0.000000000,1,fae77a8063a9587d86887b4b2c722eeb4454f8ea146444221cd490088894260d,64,3,17,7,2,0,0,"static single-case binary; CUDA event includes setup/readback, clock64 covers timed window"
calibration,v2_calibration_bf16_n256_q64_batch_ring_in0_same_discard_h32_b1_none_ops0,1,,NVIDIA Thor,11.0,580.00,13.0,1575.000,,,,mem_clock_mhz:unavailable;temperature_c:unavailable;power_w:unavailable;sm_clock_mhz:sysfs_or_default,bf16,256,64,500,2,192,batch,ring,same,discard,0,32,1,1,none,0,4311315.0,,,,,134.72859375,2.835168,,,,,12.25803041531412,11.835077145340243,1499,0.000000000,1,fae77a8063a9587d86887b4b2c722eeb4454f8ea146444221cd490088894260d,64,3,17,7,2,0,0,"static single-case binary; CUDA event includes setup/readback, clock64 covers timed window"
control,v2_control_fp16_n256_q1_forced_wait_same_in0_same_discard_h10000000_b0_none_ops0,1,,NVIDIA Thor,11.0,580.00,13.0,1575.000,,,,mem_clock_mhz:unavailable;temperature_c:unavailable;power_w:unavailable;sm_clock_mhz:sysfs_or_default,fp16,256,1,1000,0,193,forced_wait,same,same,discard,0,10000000,0,20,none,0,511082.0,,,,,511.082,0.459168,,,,,64.62787576161946,45.672869189490555,20000,0.000000000,1,c12399f01df414863f36be9260a6b7744889f974911a7c81a48fa8ef21fb8824,1,3,19,10,2,0,0,"static single-case binary; CUDA event includes setup/readback, clock64 covers timed window"
control,v2_control_fp16_n256_q1_forced_wait_same_in0_same_discard_h10000000_b0_none_ops0,1,,NVIDIA Thor,11.0,580.00,13.0,1575.000,,,,mem_clock_mhz:unavailable;temperature_c:unavailable;power_w:unavailable;sm_clock_mhz:sysfs_or_default,fp16,256,1,1000,1,193,forced_wait,same,same,discard,0,10000000,0,20,none,0,511100.0,,,,,511.1,0.458336,,,,,64.62559968694971,45.755777420931366,20000,0.000000000,1,c12399f01df414863f36be9260a6b7744889f974911a7c81a48fa8ef21fb8824,1,3,19,10,2,0,0,"static single-case binary; CUDA event includes setup/readback, clock64 covers timed window"
control,v2_control_fp16_n256_q1_forced_wait_same_in0_same_discard_h10000000_b0_none_ops0,1,,NVIDIA Thor,11.0,580.00,13.0,1575.000,,,,mem_clock_mhz:unavailable;temperature_c:unavailable;power_w:unavailable;sm_clock_mhz:sysfs_or_default,fp16,256,1,1000,2,193,forced_wait,same,same,discard,0,10000000,0,20,none,0,511096.0,,,,,511.096,0.458592,,,,,64.626105467466,45.73023515456005,20000,0.000000000,1,c12399f01df414863f36be9260a6b7744889f974911a7c81a48fa8ef21fb8824,1,3,19,10,2,0,0,"static single-case binary; CUDA event includes setup/readback, clock64 covers timed window"
calibration,v2_calibration_fp16_n256_q64_batch_same_in0_same_discard_h10000000_b1_none_ops0,1,,NVIDIA Thor,11.0,580.00,13.0,1575.000,,,,mem_clock_mhz:unavailable;temperature_c:unavailable;power_w:unavailable;sm_clock_mhz:sysfs_or_default,fp16,256,64,500,0,194,batch,same,same,discard,0,10000000,1,1,none,0,4293632.0,,,,,134.176,2.822752,,,,,12.308514190317196,11.887134257632267,501,0.000000000,1,139347cf021e35632a7d1defc16a9a52679a8be8bbd6a5aafba1823c754aaa36,64,3,19,10,2,0,0,"static single-case binary; CUDA event includes setup/readback, clock64 covers timed window"
calibration,v2_calibration_fp16_n256_q64_batch_same_in0_same_discard_h10000000_b1_none_ops0,1,,NVIDIA Thor,11.0,580.00,13.0,1575.000,,,,mem_clock_mhz:unavailable;temperature_c:unavailable;power_w:unavailable;sm_clock_mhz:sysfs_or_default,fp16,256,64,500,1,194,batch,same,same,discard,0,10000000,1,1,none,0,4293632.0,,,,,134.176,2.825568,,,,,12.308514190317196,11.875287375847972,500,0.000000000,1,139347cf021e35632a7d1defc16a9a52679a8be8bbd6a5aafba1823c754aaa36,64,3,19,10,2,0,0,"static single-case binary; CUDA event includes setup/readback, clock64 covers timed window"
calibration,v2_calibration_fp16_n256_q64_batch_same_in0_same_discard_h10000000_b1_none_ops0,1,,NVIDIA Thor,11.0,580.00,13.0,1575.000,,,,mem_clock_mhz:unavailable;temperature_c:unavailable;power_w:unavailable;sm_clock_mhz:sysfs_or_default,fp16,256,64,500,2,194,batch,same,same,discard,0,10000000,1,1,none,0,4293633.0,,,,,134.17603125,2.824352,,,,,12.308511323627334,11.880400176748507,500,0.000000000,1,139347cf021e35632a7d1defc16a9a52679a8be8bbd6a5aafba1823c754aaa36,64,3,19,10,2,0,0,"static single-case binary; CUDA event includes setup/readback, clock64 covers timed window"
calibration,v2_calibration_fp16_n128_q1_batch_ring_in0_same_discard_h10000000_b0_none_ops0,1,,NVIDIA Thor,11.0,580.00,13.0,1575.000,,,,mem_clock_mhz:unavailable;temperature_c:unavailable;power_w:unavailable;sm_clock_mhz:sysfs_or_default,fp16,128,1,500,0,195,batch,ring,same,discard,0,10000000,0,20,none,0,215656.0,,,,,431.312,0.268736,,,,,38.29031420410283,19.509407001667064,10000,0.000000000,1,b8f90e3c43d5566ac8a3f11b5f87dc808fb6aceaa42ac85ec64b9632328820bc,1,3,17,7,2,0,0,"static single-case binary; CUDA event includes setup/readback, clock64 covers timed window"
calibration,v2_calibration_fp16_n128_q1_batch_ring_in0_same_discard_h10000000_b0_none_ops0,1,,NVIDIA Thor,11.0,580.00,13.0,1575.000,,,,mem_clock_mhz:unavailable;temperature_c:unavailable;power_w:unavailable;sm_clock_mhz:sysfs_or_default,fp16,128,1,500,1,195,batch,ring,same,discard,0,10000000,0,20,none,0,215661.0,,,,,431.322,0.267968,,,,,38.289426460973466,19.56532123238596,10000,0.000000000,1,b8f90e3c43d5566ac8a3f11b5f87dc808fb6aceaa42ac85ec64b9632328820bc,1,3,17,7,2,0,0,"static single-case binary; CUDA event includes setup/readback, clock64 covers timed window"
calibration,v2_calibration_fp16_n128_q1_batch_ring_in0_same_discard_h10000000_b0_none_ops0,1,,NVIDIA Thor,11.0,580.00,13.0,1575.000,,,,mem_clock_mhz:unavailable;temperature_c:unavailable;power_w:unavailable;sm_clock_mhz:sysfs_or_default,fp16,128,1,500,2,195,batch,ring,same,discard,0,10000000,0,20,none,0,215655.0,,,,,431.31,0.269888,,,,,38.29049175766849,19.426132321555606,10000,0.000000000,1,b8f90e3c43d5566ac8a3f11b5f87dc808fb6aceaa42ac85ec64b9632328820bc,1,3,17,7,2,0,0,"static single-case binary; CUDA event includes setup/readback, clock64 covers timed window"
calibration,v2_calibration_fp16_n256_q32_batch_same_in0_same_discard_h0_b0_none_ops0,1,,NVIDIA Thor,11.0,580.00,13.0,1575.000,,,,mem_clock_mhz:unavailable;temperature_c:unavailable;power_w:unavailable;sm_clock_mhz:sysfs_or_default,fp16,256,32,500,0,196,batch,same,same,discard,0,0,0,20,none,0,2261920.0,,,,,141.37,1.566304,,,,,233.64323406663365,214.22681676098637,29993,0.000000000,1,743d982e9124fe4dc0a4137f9e1d5b373076d07dc77ffc91a25db9132a448b1f,32,3,19,10,2,0,0,"static single-case binary; CUDA event includes setup/readback, clock64 covers timed window"
calibration,v2_calibration_fp16_n256_q32_batch_same_in0_same_discard_h0_b0_none_ops0,1,,NVIDIA Thor,11.0,580.00,13.0,1575.000,,,,mem_clock_mhz:unavailable;temperature_c:unavailable;power_w:unavailable;sm_clock_mhz:sysfs_or_default,fp16,256,32,500,1,196,batch,same,same,discard,0,0,0,20,none,0,2261857.0,,,,,141.3660625,1.564704,,,,,233.6497417829686,214.445876025114,29992,0.000000000,1,743d982e9124fe4dc0a4137f9e1d5b373076d07dc77ffc91a25db9132a448b1f,32,3,19,10,2,0,0,"static single-case binary; CUDA event includes setup/readback, clock64 covers timed window"
calibration,v2_calibration_fp16_n256_q32_batch_same_in0_same_discard_h0_b0_none_ops0,1,,NVIDIA Thor,11.0,580.00,13.0,1575.000,,,,mem_clock_mhz:unavailable;temperature_c:unavailable;power_w:unavailable;sm_clock_mhz:sysfs_or_default,fp16,256,32,500,2,196,batch,same,same,discard,0,0,0,20,none,0,2261741.0,,,,,141.3588125,1.566336,,,,,233.6617251931145,214.22244014055732,30000,0.000000000,1,743d982e9124fe4dc0a4137f9e1d5b373076d07dc77ffc91a25db9132a448b1f,32,3,19,10,2,0,0,"static single-case binary; CUDA event includes setup/readback, clock64 covers timed window"
calibration,v2_calibration_bf16_n256_q1_batch_same_in0_same_discard_h10000000_b0_none_ops0,1,,NVIDIA Thor,11.0,580.00,13.0,1575.000,,,,mem_clock_mhz:unavailable;temperature_c:unavailable;power_w:unavailable;sm_clock_mhz:sysfs_or_default,bf16,256,1,500,0,197,batch,same,same,discard,0,10000000,0,20,none,0,255593.0,,,,,511.186,0.294208,,,,,64.61472732038827,35.64063519686752,10000,0.000000000,1,493a096a67e41b1fdc9b8feeaf0a73ca77bc66f6ccc311512fe059d7480088a9,1,3,19,10,2,0,0,"static single-case binary; CUDA event includes setup/readback, clock64 covers timed window"
calibration,v2_calibration_bf16_n256_q1_batch_same_in0_same_discard_h10000000_b0_none_ops0,1,,NVIDIA Thor,11.0,580.00,13.0,1575.000,,,,mem_clock_mhz:unavailable;temperature_c:unavailable;power_w:unavailable;sm_clock_mhz:sysfs_or_default,bf16,256,1,500,1,197,batch,same,same,discard,0,10000000,0,20,none,0,255598.0,,,,,511.196,0.293504,,,,,64.61346332913404,35.72612298299172,10000,0.000000000,1,493a096a67e41b1fdc9b8feeaf0a73ca77bc66f6ccc311512fe059d7480088a9,1,3,19,10,2,0,0,"static single-case binary; CUDA event includes setup/readback, clock64 covers timed window"
calibration,v2_calibration_bf16_n256_q1_batch_same_in0_same_discard_h10000000_b0_none_ops0,1,,NVIDIA Thor,11.0,580.00,13.0,1575.000,,,,mem_clock_mhz:unavailable;temperature_c:unavailable;power_w:unavailable;sm_clock_mhz:sysfs_or_default,bf16,256,1,500,2,197,batch,same,same,discard,0,10000000,0,20,none,0,255596.0,,,,,511.192,0.29264,,,,,64.6139689197014,35.83160196828868,10000,0.000000000,1,493a096a67e41b1fdc9b8feeaf0a73ca77bc66f6ccc311512fe059d7480088a9,1,3,19,10,2,0,0,"static single-case binary; CUDA event includes setup/readback, clock64 covers timed window"
calibration,v2_calibration_fp16_n128_q2_batch_ring_in0_same_discard_h0_b1_none_ops0,1,,NVIDIA Thor,11.0,580.00,13.0,1575.000,,,,mem_clock_mhz:unavailable;temperature_c:unavailable;power_w:unavailable;sm_clock_mhz:sysfs_or_default,fp16,128,2,500,0,198,batch,ring,same,discard,0,0,1,1,none,0,247147.0,,,,,247.147,0.259296,,,,,3.341143529963948,2.021967172652104,500,0.000000000,1,ab6716b3fc740aeabfaf20bd7d2a383d189c7223b79b32bd549af84593661abc,2,3,17,7,2,0,0,"static single-case binary; CUDA event includes setup/readback, clock64 covers timed window"
calibration,v2_calibration_fp16_n128_q2_batch_ring_in0_same_discard_h0_b1_none_ops0,1,,NVIDIA Thor,11.0,580.00,13.0,1575.000,,,,mem_clock_mhz:unavailable;temperature_c:unavailable;power_w:unavailable;sm_clock_mhz:sysfs_or_default,fp16,128,2,500,1,198,batch,ring,same,discard,0,0,1,1,none,0,247145.0,,,,,247.145,0.254496,,,,,3.3411705678852495,2.060103105746259,500,0.000000000,1,ab6716b3fc740aeabfaf20bd7d2a383d189c7223b79b32bd549af84593661abc,2,3,17,7,2,0,0,"static single-case binary; CUDA event includes setup/readback, clock64 covers timed window"
calibration,v2_calibration_fp16_n128_q2_batch_ring_in0_same_discard_h0_b1_none_ops0,1,,NVIDIA Thor,11.0,580.00,13.0,1575.000,,,,mem_clock_mhz:unavailable;temperature_c:unavailable;power_w:unavailable;sm_clock_mhz:sysfs_or_default,fp16,128,2,500,2,198,batch,ring,same,discard,0,0,1,1,none,0,247145.0,,,,,247.145,0.254848,,,,,3.3411705678852495,2.0572576594676044,500,0.000000000,1,ab6716b3fc740aeabfaf20bd7d2a383d189c7223b79b32bd549af84593661abc,2,3,17,7,2,0,0,"static single-case binary; CUDA event includes setup/readback, clock64 covers timed window"
calibration,v2_calibration_fp16_n256_q2_batch_same_in0_same_discard_h0_b1_none_ops0,1,,NVIDIA Thor,11.0,580.00,13.0,1575.000,,,,mem_clock_mhz:unavailable;temperature_c:unavailable;power_w:unavailable;sm_clock_mhz:sysfs_or_default,fp16,256,2,500,0,199,batch,same,same,discard,0,0,1,1,none,0,306082.0,,,,,306.082,0.292128,,,,,5.3956364634313685,3.5894402453718914,868,0.000000000,1,7798546f68cfc5add089e78a6ab81c9b9390cb871d3655940f679156610264e5,2,3,19,10,2,0,0,"static single-case binary; CUDA event includes setup/readback, clock64 covers timed window"
calibration,v2_calibration_fp16_n256_q2_batch_same_in0_same_discard_h0_b1_none_ops0,1,,NVIDIA Thor,11.0,580.00,13.0,1575.000,,,,mem_clock_mhz:unavailable;temperature_c:unavailable;power_w:unavailable;sm_clock_mhz:sysfs_or_default,fp16,256,2,500,1,199,batch,same,same,discard,0,0,1,1,none,0,306920.0,,,,,306.92,0.293184,,,,,5.380904470220253,3.576511678672779,887,0.000000000,1,7798546f68cfc5add089e78a6ab81c9b9390cb871d3655940f679156610264e5,2,3,19,10,2,0,0,"static single-case binary; CUDA event includes setup/readback, clock64 covers timed window"
calibration,v2_calibration_fp16_n256_q2_batch_same_in0_same_discard_h0_b1_none_ops0,1,,NVIDIA Thor,11.0,580.00,13.0,1575.000,,,,mem_clock_mhz:unavailable;temperature_c:unavailable;power_w:unavailable;sm_clock_mhz:sysfs_or_default,fp16,256,2,500,2,199,batch,same,same,discard,0,0,1,1,none,0,307115.0,,,,,307.115,0.292288,,,,,5.377487911694317,3.5874753667615504,890,0.000000000,1,7798546f68cfc5add089e78a6ab81c9b9390cb871d3655940f679156610264e5,2,3,19,10,2,0,0,"static single-case binary; CUDA event includes setup/readback, clock64 covers timed window"
calibration,v2_calibration_bf16_n256_q8_batch_same_in1_same_discard_h10000000_b1_none_ops0,1,,NVIDIA Thor,11.0,580.00,13.0,1575.000,,,,mem_clock_mhz:unavailable;temperature_c:unavailable;power_w:unavailable;sm_clock_mhz:sysfs_or_default,bf16,256,8,500,0,200,batch,same,same,discard,1,10000000,1,1,none,0,703146.0,,,,,175.7865,0.54336,,,,,9.394960363850467,7.719199057714959,500,0.000000000,1,3f64e0cbfa7793217e0aa3a321d34fe56c2979fec20188de6fc034e2142cb443,8,3,19,10,2,0,0,"static single-case binary; CUDA event includes setup/readback, clock64 covers timed window"
calibration,v2_calibration_bf16_n256_q8_batch_same_in1_same_discard_h10000000_b1_none_ops0,1,,NVIDIA Thor,11.0,580.00,13.0,1575.000,,,,mem_clock_mhz:unavailable;temperature_c:unavailable;power_w:unavailable;sm_clock_mhz:sysfs_or_default,bf16,256,8,500,1,200,batch,same,same,discard,1,10000000,1,1,none,0,703145.0,,,,,175.78625,0.544192,,,,,9.394973725191816,7.707397389156768,500,0.000000000,1,3f64e0cbfa7793217e0aa3a321d34fe56c2979fec20188de6fc034e2142cb443,8,3,19,10,2,0,0,"static single-case binary; CUDA event includes setup/readback, clock64 covers timed window"
calibration,v2_calibration_bf16_n256_q8_batch_same_in1_same_discard_h10000000_b1_none_ops0,1,,NVIDIA Thor,11.0,580.00,13.0,1575.000,,,,mem_clock_mhz:unavailable;temperature_c:unavailable;power_w:unavailable;sm_clock_mhz:sysfs_or_default,bf16,256,8,500,2,200,batch,same,same,discard,1,10000000,1,1,none,0,703146.0,,,,,175.7865,0.543872,,,,,9.394960363850467,7.711932219345727,500,0.000000000,1,3f64e0cbfa7793217e0aa3a321d34fe56c2979fec20188de6fc034e2142cb443,8,3,19,10,2,0,0,"static single-case binary; CUDA event includes setup/readback, clock64 covers timed window"
control,v2_control_fp16_n256_q1_commit_wait_same_in0_same_discard_h0_b1_none_ops0,1,,NVIDIA Thor,11.0,580.00,13.0,1575.000,,,,mem_clock_mhz:unavailable;temperature_c:unavailable;power_w:unavailable;sm_clock_mhz:sysfs_or_default,fp16,256,1,1000,0,201,commit_wait,same,same,discard,0,0,1,1,none,0,258144.0,,,,,,0.261952,,,,,,,1000,0.000000000,1,9fcd96291172d14c7097cebc12ef8c0335d64bc313f86e5f153cf1e8081c5480,0,3,19,9,2,0,0,"static single-case binary; CUDA event includes setup/readback, clock64 covers timed window"
control,v2_control_fp16_n256_q1_commit_wait_same_in0_same_discard_h0_b1_none_ops0,1,,NVIDIA Thor,11.0,580.00,13.0,1575.000,,,,mem_clock_mhz:unavailable;temperature_c:unavailable;power_w:unavailable;sm_clock_mhz:sysfs_or_default,fp16,256,1,1000,1,201,commit_wait,same,same,discard,0,0,1,1,none,0,258144.0,,,,,,0.261632,,,,,,,1000,0.000000000,1,9fcd96291172d14c7097cebc12ef8c0335d64bc313f86e5f153cf1e8081c5480,0,3,19,9,2,0,0,"static single-case binary; CUDA event includes setup/readback, clock64 covers timed window"
control,v2_control_fp16_n256_q1_commit_wait_same_in0_same_discard_h0_b1_none_ops0,1,,NVIDIA Thor,11.0,580.00,13.0,1575.000,,,,mem_clock_mhz:unavailable;temperature_c:unavailable;power_w:unavailable;sm_clock_mhz:sysfs_or_default,fp16,256,1,1000,2,201,commit_wait,same,same,discard,0,0,1,1,none,0,258145.0,,,,,,0.261728,,,,,,,1000,0.000000000,1,9fcd96291172d14c7097cebc12ef8c0335d64bc313f86e5f153cf1e8081c5480,0,3,19,9,2,0,0,"static single-case binary; CUDA event includes setup/readback, clock64 covers timed window"
calibration,v2_calibration_fp16_n128_q16_batch_same_in1_same_discard_h0_b0_none_ops0,1,,NVIDIA Thor,11.0,580.00,13.0,1575.000,,,,mem_clock_mhz:unavailable;temperature_c:unavailable;power_w:unavailable;sm_clock_mhz:sysfs_or_default,fp16,128,16,500,0,202,batch,same,same,discard,1,0,0,20,none,0,694651.0,,,,,86.831375,0.571296,,,,,190.1970572272983,146.83470565171118,19564,0.000000000,1,8590809807dda4583bd68aa562b989656bd49a0ccc470dee8d1d65fbdc201572,16,3,19,10,2,0,0,"static single-case binary; CUDA event includes setup/readback, clock64 covers timed window"
calibration,v2_calibration_fp16_n128_q16_batch_same_in1_same_discard_h0_b0_none_ops0,1,,NVIDIA Thor,11.0,580.00,13.0,1575.000,,,,mem_clock_mhz:unavailable;temperature_c:unavailable;power_w:unavailable;sm_clock_mhz:sysfs_or_default,fp16,128,16,500,1,202,batch,same,same,discard,1,0,0,20,none,0,693919.0,,,,,86.739875,0.569536,,,,,190.3976919496368,147.28845937745814,19530,0.000000000,1,8590809807dda4583bd68aa562b989656bd49a0ccc470dee8d1d65fbdc201572,16,3,19,10,2,0,0,"static single-case binary; CUDA event includes setup/readback, clock64 covers timed window"
calibration,v2_calibration_fp16_n128_q16_batch_same_in1_same_discard_h0_b0_none_ops0,1,,NVIDIA Thor,11.0,580.00,13.0,1575.000,,,,mem_clock_mhz:unavailable;temperature_c:unavailable;power_w:unavailable;sm_clock_mhz:sysfs_or_default,fp16,128,16,500,2,202,batch,same,same,discard,1,0,0,20,none,0,694377.0,,,,,86.797125,0.572352,,,,,190.27210866719375,146.56379291065642,19580,0.000000000,1,8590809807dda4583bd68aa562b989656bd49a0ccc470dee8d1d65fbdc201572,16,3,19,10,2,0,0,"static single-case binary; CUDA event includes setup/readback, clock64 covers timed window"
calibration,v2_calibration_bf16_n128_q8_batch_ring_in0_same_discard_h32_b1_none_ops0,1,,NVIDIA Thor,11.0,580.00,13.0,1575.000,,,,mem_clock_mhz:unavailable;temperature_c:unavailable;power_w:unavailable;sm_clock_mhz:sysfs_or_default,bf16,128,8,500,0,203,batch,ring,same,discard,0,32,1,1,none,0,432729.0,,,,,108.18225,0.372544,,,,,7.632986002786964,5.629273320735269,812,0.000000000,1,cbf65434819d598257eb828818f7e065f93776f520f78fc6c857ffd45717cd59,8,3,17,7,2,0,0,"static single-case binary; CUDA event includes setup/readback, clock64 covers timed window"
calibration,v2_calibration_bf16_n128_q8_batch_ring_in0_same_discard_h32_b1_none_ops0,1,,NVIDIA Thor,11.0,580.00,13.0,1575.000,,,,mem_clock_mhz:unavailable;temperature_c:unavailable;power_w:unavailable;sm_clock_mhz:sysfs_or_default,bf16,128,8,500,1,203,batch,ring,same,discard,0,32,1,1,none,0,432728.0,,,,,108.182,0.372704,,,,,7.633003642010686,5.626856701296472,809,0.000000000,1,cbf65434819d598257eb828818f7e065f93776f520f78fc6c857ffd45717cd59,8,3,17,7,2,0,0,"static single-case binary; CUDA event includes setup/readback, clock64 covers timed window"
calibration,v2_calibration_bf16_n128_q8_batch_ring_in0_same_discard_h32_b1_none_ops0,1,,NVIDIA Thor,11.0,580.00,13.0,1575.000,,,,mem_clock_mhz:unavailable;temperature_c:unavailable;power_w:unavailable;sm_clock_mhz:sysfs_or_default,bf16,128,8,500,2,203,batch,ring,same,discard,0,32,1,1,none,0,432736.0,,,,,108.184,0.373504,,,,,7.632862530503586,5.614804660726525,808,0.000000000,1,cbf65434819d598257eb828818f7e065f93776f520f78fc6c857ffd45717cd59,8,3,17,7,2,0,0,"static single-case binary; CUDA event includes setup/readback, clock64 covers timed window"
calibration,v2_calibration_bf16_n256_q2_batch_same_in1_same_discard_h10000000_b1_none_ops0,1,,NVIDIA Thor,11.0,580.00,13.0,1575.000,,,,mem_clock_mhz:unavailable;temperature_c:unavailable;power_w:unavailable;sm_clock_mhz:sysfs_or_default,bf16,256,2,500,0,204,batch,same,same,discard,1,10000000,1,1,none,0,319402.0,,,,,319.402,0.300768,,,,,5.170622600985592,3.4863283328013623,501,0.000000000,1,82f2d96c3a84d436191a53191356d5e4620d0e9791f29d2322ec3a06b3e9726b,2,3,19,10,2,0,0,"static single-case binary; CUDA event includes setup/readback, clock64 covers timed window"
calibration,v2_calibration_bf16_n256_q2_batch_same_in1_same_discard_h10000000_b1_none_ops0,1,,NVIDIA Thor,11.0,580.00,13.0,1575.000,,,,mem_clock_mhz:unavailable;temperature_c:unavailable;power_w:unavailable;sm_clock_mhz:sysfs_or_default,bf16,256,2,500,1,204,batch,same,same,discard,1,10000000,1,1,none,0,319402.0,,,,,319.402,0.308928,,,,,5.170622600985592,3.3942407292314067,501,0.000000000,1,82f2d96c3a84d436191a53191356d5e4620d0e9791f29d2322ec3a06b3e9726b,2,3,19,10,2,0,0,"static single-case binary; CUDA event includes setup/readback, clock64 covers timed window"
calibration,v2_calibration_bf16_n256_q2_batch_same_in1_same_discard_h10000000_b1_none_ops0,1,,NVIDIA Thor,11.0,580.00,13.0,1575.000,,,,mem_clock_mhz:unavailable;temperature_c:unavailable;power_w:unavailable;sm_clock_mhz:sysfs_or_default,bf16,256,2,500,2,204,batch,same,same,discard,1,10000000,1,1,none,0,319430.0,,,,,319.43,0.301088,,,,,5.170169364179945,3.4826230205122752,500,0.000000000,1,82f2d96c3a84d436191a53191356d5e4620d0e9791f29d2322ec3a06b3e9726b,2,3,19,10,2,0,0,"static single-case binary; CUDA event includes setup/readback, clock64 covers timed window"
control,v2_control_fp16_n128_q1_forced_wait_same_in0_same_discard_h10000000_b1_none_ops0,1,,NVIDIA Thor,11.0,580.00,13.0,1575.000,,,,mem_clock_mhz:unavailable;temperature_c:unavailable;power_w:unavailable;sm_clock_mhz:sysfs_or_default,fp16,128,1,1000,0,205,forced_wait,same,same,discard,0,10000000,1,1,none,0,431176.0,,,,,431.176,0.371168,,,,,1.9151195799395142,1.412535563410639,1000,0.000000000,1,2ce63cb7d5855ef7f99d4aad3acf83106bb615f052e189b2c6d7b5723b017525,1,3,19,10,2,0,0,"static single-case binary; CUDA event includes setup/readback, clock64 covers timed window"
control,v2_control_fp16_n128_q1_forced_wait_same_in0_same_discard_h10000000_b1_none_ops0,1,,NVIDIA Thor,11.0,580.00,13.0,1575.000,,,,mem_clock_mhz:unavailable;temperature_c:unavailable;power_w:unavailable;sm_clock_mhz:sysfs_or_default,fp16,128,1,1000,1,205,forced_wait,same,same,discard,0,10000000,1,1,none,0,431176.0,,,,,431.176,0.371424,,,,,1.9151195799395142,1.4115619884552426,1000,0.000000000,1,2ce63cb7d5855ef7f99d4aad3acf83106bb615f052e189b2c6d7b5723b017525,1,3,19,10,2,0,0,"static single-case binary; CUDA event includes setup/readback, clock64 covers timed window"
control,v2_control_fp16_n128_q1_forced_wait_same_in0_same_discard_h10000000_b1_none_ops0,1,,NVIDIA Thor,11.0,580.00,13.0,1575.000,,,,mem_clock_mhz:unavailable;temperature_c:unavailable;power_w:unavailable;sm_clock_mhz:sysfs_or_default,fp16,128,1,1000,2,205,forced_wait,same,same,discard,0,10000000,1,1,none,0,431176.0,,,,,431.176,0.370368,,,,,1.9151195799395142,1.4155866597546225,1000,0.000000000,1,2ce63cb7d5855ef7f99d4aad3acf83106bb615f052e189b2c6d7b5723b017525,1,3,19,10,2,0,0,"static single-case binary; CUDA event includes setup/readback, clock64 covers timed window"
calibration,v2_calibration_bf16_n256_q2_batch_ring_in0_same_discard_h0_b0_none_ops0,1,,NVIDIA Thor,11.0,580.00,13.0,1575.000,,,,mem_clock_mhz:unavailable;temperature_c:unavailable;power_w:unavailable;sm_clock_mhz:sysfs_or_default,bf16,256,2,500,0,206,batch,ring,same,discard,0,0,0,20,none,0,308584.0,,,,,308.584,0.326112,,,,,107.037772535193,64.3077225002453,17780,0.000000000,1,799cfd82ce18745b69c9bd69c26dff36efc285356c0f55038cf9a1e16504e638,2,3,17,7,2,0,0,"static single-case binary; CUDA event includes setup/readback, clock64 covers timed window"
calibration,v2_calibration_bf16_n256_q2_batch_ring_in0_same_discard_h0_b0_none_ops0,1,,NVIDIA Thor,11.0,580.00,13.0,1575.000,,,,mem_clock_mhz:unavailable;temperature_c:unavailable;power_w:unavailable;sm_clock_mhz:sysfs_or_default,bf16,256,2,500,1,206,batch,ring,same,discard,0,0,0,20,none,0,307967.0,,,,,307.967,0.327808,,,,,107.25221858186104,63.9750097618118,17800,0.000000000,1,799cfd82ce18745b69c9bd69c26dff36efc285356c0f55038cf9a1e16504e638,2,3,17,7,2,0,0,"static single-case binary; CUDA event includes setup/readback, clock64 covers timed window"
calibration,v2_calibration_bf16_n256_q2_batch_ring_in0_same_discard_h0_b0_none_ops0,1,,NVIDIA Thor,11.0,580.00,13.0,1575.000,,,,mem_clock_mhz:unavailable;temperature_c:unavailable;power_w:unavailable;sm_clock_mhz:sysfs_or_default,bf16,256,2,500,2,206,batch,ring,same,discard,0,0,0,20,none,0,308434.0,,,,,308.434,0.32656,,,,,107.08982796967909,64.21950024497795,17818,0.000000000,1,799cfd82ce18745b69c9bd69c26dff36efc285356c0f55038cf9a1e16504e638,2,3,17,7,2,0,0,"static single-case binary; CUDA event includes setup/readback, clock64 covers timed window"
calibration,v2_calibration_bf16_n256_q64_batch_ring_in0_same_discard_h0_b1_none_ops0,1,,NVIDIA Thor,11.0,580.00,13.0,1575.000,,,,mem_clock_mhz:unavailable;temperature_c:unavailable;power_w:unavailable;sm_clock_mhz:sysfs_or_default,bf16,256,64,500,0,207,batch,ring,same,discard,0,0,1,1,none,0,4321798.0,,,,,135.0561875,2.842784,,,,,12.22829720408034,11.803370217364387,1500,0.000000000,1,23d985361ba5e75b8edc4310e79ec72d7ce5e6e11ad74d01a1344770128d5df4,64,3,17,7,2,0,0,"static single-case binary; CUDA event includes setup/readback, clock64 covers timed window"
calibration,v2_calibration_bf16_n256_q64_batch_ring_in0_same_discard_h0_b1_none_ops0,1,,NVIDIA Thor,11.0,580.00,13.0,1575.000,,,,mem_clock_mhz:unavailable;temperature_c:unavailable;power_w:unavailable;sm_clock_mhz:sysfs_or_default,bf16,256,64,500,1,207,batch,ring,same,discard,0,0,1,1,none,0,4321744.0,,,,,135.0545,2.84112,,,,,12.22844999611268,11.810283268570142,1500,0.000000000,1,23d985361ba5e75b8edc4310e79ec72d7ce5e6e11ad74d01a1344770128d5df4,64,3,17,7,2,0,0,"static single-case binary; CUDA event includes setup/readback, clock64 covers timed window"
calibration,v2_calibration_bf16_n256_q64_batch_ring_in0_same_discard_h0_b1_none_ops0,1,,NVIDIA Thor,11.0,580.00,13.0,1575.000,,,,mem_clock_mhz:unavailable;temperature_c:unavailable;power_w:unavailable;sm_clock_mhz:sysfs_or_default,bf16,256,64,500,2,207,batch,ring,same,discard,0,0,1,1,none,0,4321804.0,,,,,135.056375,2.84112,,,,,12.228280227423548,11.810283268570142,1500,0.000000000,1,23d985361ba5e75b8edc4310e79ec72d7ce5e6e11ad74d01a1344770128d5df4,64,3,17,7,2,0,0,"static single-case binary; CUDA event includes setup/readback, clock64 covers timed window"
calibration,v2_calibration_bf16_n128_q1_batch_same_in0_same_discard_h0_b0_none_ops0,1,,NVIDIA Thor,11.0,580.00,13.0,1575.000,,,,mem_clock_mhz:unavailable;temperature_c:unavailable;power_w:unavailable;sm_clock_mhz:sysfs_or_default,bf16,128,1,500,0,208,batch,same,same,discard,0,0,0,20,none,0,225135.0,,,,,450.27,0.276416,,,,,36.67815310813512,18.96735355406344,10000,0.000000000,1,4e7ef6d3f8a0cf7078d13a557c22a9ec522d51e4e7f118fbf70baab90368d630,1,3,19,10,2,0,0,"static single-case binary; CUDA event includes setup/readback, clock64 covers timed window"
calibration,v2_calibration_bf16_n128_q1_batch_same_in0_same_discard_h0_b0_none_ops0,1,,NVIDIA Thor,11.0,580.00,13.0,1575.000,,,,mem_clock_mhz:unavailable;temperature_c:unavailable;power_w:unavailable;sm_clock_mhz:sysfs_or_default,bf16,128,1,500,1,208,batch,same,same,discard,0,0,0,20,none,0,225136.0,,,,,450.272,0.273504,,,,,36.6779901925947,19.16929916929917,10000,0.000000000,1,4e7ef6d3f8a0cf7078d13a557c22a9ec522d51e4e7f118fbf70baab90368d630,1,3,19,10,2,0,0,"static single-case binary; CUDA event includes setup/readback, clock64 covers timed window"
calibration,v2_calibration_bf16_n128_q1_batch_same_in0_same_discard_h0_b0_none_ops0,1,,NVIDIA Thor,11.0,580.00,13.0,1575.000,,,,mem_clock_mhz:unavailable;temperature_c:unavailable;power_w:unavailable;sm_clock_mhz:sysfs_or_default,bf16,128,1,500,2,208,batch,same,same,discard,0,0,0,20,none,0,225134.0,,,,,450.268,0.273184,,,,,36.67831602512282,19.19175354339932,10000,0.000000000,1,4e7ef6d3f8a0cf7078d13a557c22a9ec522d51e4e7f118fbf70baab90368d630,1,3,19,10,2,0,0,"static single-case binary; CUDA event includes setup/readback, clock64 covers timed window"
calibration,v2_calibration_bf16_n128_q1_batch_ring_in0_same_discard_h32_b0_none_ops0,1,,NVIDIA Thor,11.0,580.00,13.0,1575.000,,,,mem_clock_mhz:unavailable;temperature_c:unavailable;power_w:unavailable;sm_clock_mhz:sysfs_or_default,bf16,128,1,500,0,209,batch,ring,same,discard,0,32,0,20,none,0,215659.0,,,,,431.318,0.26832,,,,,38.28978155328551,19.53965414430531,10000,0.000000000,1,66cc443b167090a44b4430c149a66f7f25166bf2c979b6048ad4007721f81f21,1,3,17,7,2,0,0,"static single-case binary; CUDA event includes setup/readback, clock64 covers timed window"
calibration,v2_calibration_bf16_n128_q1_batch_ring_in0_same_discard_h32_b0_none_ops0,1,,NVIDIA Thor,11.0,580.00,13.0,1575.000,,,,mem_clock_mhz:unavailable;temperature_c:unavailable;power_w:unavailable;sm_clock_mhz:sysfs_or_default,bf16,128,1,500,1,209,batch,ring,same,discard,0,32,0,20,none,0,215658.0,,,,,431.316,0.267488,,,,,38.28995910191136,19.60043067352554,10000,0.000000000,1,66cc443b167090a44b4430c149a66f7f25166bf2c979b6048ad4007721f81f21,1,3,17,7,2,0,0,"static single-case binary; CUDA event includes setup/readback, clock64 covers timed window"
calibration,v2_calibration_bf16_n128_q1_batch_ring_in0_same_discard_h32_b0_none_ops0,1,,NVIDIA Thor,11.0,580.00,13.0,1575.000,,,,mem_clock_mhz:unavailable;temperature_c:unavailable;power_w:unavailable;sm_clock_mhz:sysfs_or_default,bf16,128,1,500,2,209,batch,ring,same,discard,0,32,0,20,none,0,215656.0,,,,,431.312,0.268736,,,,,38.29031420410283,19.509407001667064,10000,0.000000000,1,66cc443b167090a44b4430c149a66f7f25166bf2c979b6048ad4007721f81f21,1,3,17,7,2,0,0,"static single-case binary; CUDA event includes setup/readback, clock64 covers timed window"
calibration,v2_calibration_bf16_n128_q2_batch_same_in0_same_discard_h10000000_b1_none_ops0,1,,NVIDIA Thor,11.0,580.00,13.0,1575.000,,,,mem_clock_mhz:unavailable;temperature_c:unavailable;power_w:unavailable;sm_clock_mhz:sysfs_or_default,bf16,128,2,500,0,210,batch,same,same,discard,0,10000000,1,1,none,0,237632.0,,,,,237.632,0.246912,,,,,3.474925935900889,2.1233799896319336,500,0.000000000,1,fba571c502c2f6fd013900a6329cd1de497fc1f5c530a9f982806ce976b63b43,2,3,19,10,2,0,0,"static single-case binary; CUDA event includes setup/readback, clock64 covers timed window"
calibration,v2_calibration_bf16_n128_q2_batch_same_in0_same_discard_h10000000_b1_none_ops0,1,,NVIDIA Thor,11.0,580.00,13.0,1575.000,,,,mem_clock_mhz:unavailable;temperature_c:unavailable;power_w:unavailable;sm_clock_mhz:sysfs_or_default,bf16,128,2,500,1,210,batch,same,same,discard,0,10000000,1,1,none,0,237643.0,,,,,237.643,0.249536,,,,,3.474765088809685,2.1010515516799178,500,0.000000000,1,fba571c502c2f6fd013900a6329cd1de497fc1f5c530a9f982806ce976b63b43,2,3,19,10,2,0,0,"static single-case binary; CUDA event includes setup/readback, clock64 covers timed window"
calibration,v2_calibration_bf16_n128_q2_batch_same_in0_same_discard_h10000000_b1_none_ops0,1,,NVIDIA Thor,11.0,580.00,13.0,1575.000,,,,mem_clock_mhz:unavailable;temperature_c:unavailable;power_w:unavailable;sm_clock_mhz:sysfs_or_default,bf16,128,2,500,2,210,batch,same,same,discard,0,10000000,1,1,none,0,237643.0,,,,,237.643,0.248768,,,,,3.474765088809685,2.1075379470028297,500,0.000000000,1,fba571c502c2f6fd013900a6329cd1de497fc1f5c530a9f982806ce976b63b43,2,3,19,10,2,0,0,"static single-case binary; CUDA event includes setup/readback, clock64 covers timed window"
calibration,v2_calibration_bf16_n256_q4_batch_same_in0_same_discard_h32_b1_none_ops0,1,,NVIDIA Thor,11.0,580.00,13.0,1575.000,,,,mem_clock_mhz:unavailable;temperature_c:unavailable;power_w:unavailable;sm_clock_mhz:sysfs_or_default,bf16,256,4,500,0,211,batch,same,same,discard,0,32,1,1,none,0,432513.0,,,,,216.2565,0.36448,,,,,7.636797969078386,5.7538191395961364,1002,0.000000000,1,8146346a7d93b30098c4c5fa61c669cc372aa4cda853183c0fa52885ff054034,4,3,19,10,2,0,0,"static single-case binary; CUDA event includes setup/readback, clock64 covers timed window"
calibration,v2_calibration_bf16_n256_q4_batch_same_in0_same_discard_h32_b1_none_ops0,1,,NVIDIA Thor,11.0,580.00,13.0,1575.000,,,,mem_clock_mhz:unavailable;temperature_c:unavailable;power_w:unavailable;sm_clock_mhz:sysfs_or_default,bf16,256,4,500,1,211,batch,same,same,discard,0,32,1,1,none,0,432516.0,,,,,216.258,0.372384,,,,,7.636744999028939,5.6316920168428295,1000,0.000000000,1,8146346a7d93b30098c4c5fa61c669cc372aa4cda853183c0fa52885ff054034,4,3,19,10,2,0,0,"static single-case binary; CUDA event includes setup/readback, clock64 covers timed window"
calibration,v2_calibration_bf16_n256_q4_batch_same_in0_same_discard_h32_b1_none_ops0,1,,NVIDIA Thor,11.0,580.00,13.0,1575.000,,,,mem_clock_mhz:unavailable;temperature_c:unavailable;power_w:unavailable;sm_clock_mhz:sysfs_or_default,bf16,256,4,500,2,211,batch,same,same,discard,0,32,1,1,none,0,432497.0,,,,,216.2485,0.371872,,,,,7.637080488419572,5.63944583082351,1002,0.000000000,1,8146346a7d93b30098c4c5fa61c669cc372aa4cda853183c0fa52885ff054034,4,3,19,10,2,0,0,"static single-case binary; CUDA event includes setup/readback, clock64 covers timed window"
control,v2_control_fp16_n256_q64_empty_same_in0_same_discard_h10000000_b0_none_ops0,1,,NVIDIA Thor,11.0,580.00,13.0,1575.000,,,,mem_clock_mhz:unavailable;temperature_c:unavailable;power_w:unavailable;sm_clock_mhz:sysfs_or_default,fp16,256,64,1000,0,212,empty,same,same,discard,0,10000000,0,20,none,0,264110.0,,,,,,0.29792,,,,,,,0,0.000000000,1,a0b006bbd8175a7d3368e54a226315dd34a891798a090586024c9e967bba7409,0,2,16,9,2,0,0,"static single-case binary; CUDA event includes setup/readback, clock64 covers timed window"
control,v2_control_fp16_n256_q64_empty_same_in0_same_discard_h10000000_b0_none_ops0,1,,NVIDIA Thor,11.0,580.00,13.0,1575.000,,,,mem_clock_mhz:unavailable;temperature_c:unavailable;power_w:unavailable;sm_clock_mhz:sysfs_or_default,fp16,256,64,1000,1,212,empty,same,same,discard,0,10000000,0,20,none,0,264112.0,,,,,,0.299232,,,,,,,0,0.000000000,1,a0b006bbd8175a7d3368e54a226315dd34a891798a090586024c9e967bba7409,0,2,16,9,2,0,0,"static single-case binary; CUDA event includes setup/readback, clock64 covers timed window"
control,v2_control_fp16_n256_q64_empty_same_in0_same_discard_h10000000_b0_none_ops0,1,,NVIDIA Thor,11.0,580.00,13.0,1575.000,,,,mem_clock_mhz:unavailable;temperature_c:unavailable;power_w:unavailable;sm_clock_mhz:sysfs_or_default,fp16,256,64,1000,2,212,empty,same,same,discard,0,10000000,0,20,none,0,264109.0,,,,,,0.298048,,,,,,,0,0.000000000,1,a0b006bbd8175a7d3368e54a226315dd34a891798a090586024c9e967bba7409,0,2,16,9,2,0,0,"static single-case binary; CUDA event includes setup/readback, clock64 covers timed window"
calibration,v2_calibration_fp16_n256_q4_batch_same_in0_same_discard_h10000000_b1_none_ops0,1,,NVIDIA Thor,11.0,580.00,13.0,1575.000,,,,mem_clock_mhz:unavailable;temperature_c:unavailable;power_w:unavailable;sm_clock_mhz:sysfs_or_default,fp16,256,4,500,0,213,batch,same,same,discard,0,10000000,1,1,none,0,447264.0,,,,,223.632,0.380192,,,,,7.384932388924661,5.516034003871728,500,0.000000000,1,cdad0d4b919651ad5de05722332664d9a99bc6f69a1b7bd24e5630a48104ee4f,4,3,19,10,2,0,0,"static single-case binary; CUDA event includes setup/readback, clock64 covers timed window"
calibration,v2_calibration_fp16_n256_q4_batch_same_in0_same_discard_h10000000_b1_none_ops0,1,,NVIDIA Thor,11.0,580.00,13.0,1575.000,,,,mem_clock_mhz:unavailable;temperature_c:unavailable;power_w:unavailable;sm_clock_mhz:sysfs_or_default,fp16,256,4,500,1,213,batch,same,same,discard,0,10000000,1,1,none,0,447264.0,,,,,223.632,0.380768,,,,,7.384932388924661,5.507689721825364,500,0.000000000,1,cdad0d4b919651ad5de05722332664d9a99bc6f69a1b7bd24e5630a48104ee4f,4,3,19,10,2,0,0,"static single-case binary; CUDA event includes setup/readback, clock64 covers timed window"
calibration,v2_calibration_fp16_n256_q4_batch_same_in0_same_discard_h10000000_b1_none_ops0,1,,NVIDIA Thor,11.0,580.00,13.0,1575.000,,,,mem_clock_mhz:unavailable;temperature_c:unavailable;power_w:unavailable;sm_clock_mhz:sysfs_or_default,fp16,256,4,500,2,213,batch,same,same,discard,0,10000000,1,1,none,0,447262.0,,,,,223.631,0.382784,,,,,7.38496541177207,5.478682494566126,500,0.000000000,1,cdad0d4b919651ad5de05722332664d9a99bc6f69a1b7bd24e5630a48104ee4f,4,3,19,10,2,0,0,"static single-case binary; CUDA event includes setup/readback, clock64 covers timed window"
calibration,v2_calibration_bf16_n128_q1_batch_same_in0_same_discard_h32_b1_none_ops0,1,,NVIDIA Thor,11.0,580.00,13.0,1575.000,,,,mem_clock_mhz:unavailable;temperature_c:unavailable;power_w:unavailable;sm_clock_mhz:sysfs_or_default,bf16,128,1,500,0,214,batch,same,same,discard,0,32,1,1,none,0,215655.0,,,,,431.31,0.236,,,,,1.9145245878834247,1.1107796610169491,500,0.000000000,1,db823d077a87fdc1e80ee04475cf4c7ae37ab23f1cbdc2cfb2cd4293f821e64a,1,3,19,10,2,0,0,"static single-case binary; CUDA event includes setup/readback, clock64 covers timed window"
calibration,v2_calibration_bf16_n128_q1_batch_same_in0_same_discard_h32_b1_none_ops0,1,,NVIDIA Thor,11.0,580.00,13.0,1575.000,,,,mem_clock_mhz:unavailable;temperature_c:unavailable;power_w:unavailable;sm_clock_mhz:sysfs_or_default,bf16,128,1,500,1,214,batch,same,same,discard,0,32,1,1,none,0,215654.0,,,,,431.308,0.229824,,,,,1.9145334656440407,1.1406293511556669,500,0.000000000,1,db823d077a87fdc1e80ee04475cf4c7ae37ab23f1cbdc2cfb2cd4293f821e64a,1,3,19,10,2,0,0,"static single-case binary; CUDA event includes setup/readback, clock64 covers timed window"
calibration,v2_calibration_bf16_n128_q1_batch_same_in0_same_discard_h32_b1_none_ops0,1,,NVIDIA Thor,11.0,580.00,13.0,1575.000,,,,mem_clock_mhz:unavailable;temperature_c:unavailable;power_w:unavailable;sm_clock_mhz:sysfs_or_default,bf16,128,1,500,2,214,batch,same,same,discard,0,32,1,1,none,0,215654.0,,,,,431.308,0.237056,,,,,1.9145334656440407,1.1058315334773219,500,0.000000000,1,db823d077a87fdc1e80ee04475cf4c7ae37ab23f1cbdc2cfb2cd4293f821e64a,1,3,19,10,2,0,0,"static single-case binary; CUDA event includes setup/readback, clock64 covers timed window"
control,v2_control_fp16_n128_q1_forced_wait_same_in0_same_discard_h0_b0_none_ops0,1,,NVIDIA Thor,11.0,580.00,13.0,1575.000,,,,mem_clock_mhz:unavailable;temperature_c:unavailable;power_w:unavailable;sm_clock_mhz:sysfs_or_default,fp16,128,1,1000,0,215,forced_wait,same,same,discard,0,0,0,20,none,0,450128.0,,,,,450.128,0.416288,,,,,36.68972381189351,25.188715504650624,20000,0.000000000,1,be7dc69180960d8b9a8f9fd900159607755f1509c3318352e4bb6692127b1b57,1,3,19,10,2,0,0,"static single-case binary; CUDA event includes setup/readback, clock64 covers timed window"
control,v2_control_fp16_n128_q1_forced_wait_same_in0_same_discard_h0_b0_none_ops0,1,,NVIDIA Thor,11.0,580.00,13.0,1575.000,,,,mem_clock_mhz:unavailable;temperature_c:unavailable;power_w:unavailable;sm_clock_mhz:sysfs_or_default,fp16,128,1,1000,1,215,forced_wait,same,same,discard,0,0,0,20,none,0,450135.0,,,,,450.135,0.41584,,,,,36.689153254023786,25.21585225086572,20000,0.000000000,1,be7dc69180960d8b9a8f9fd900159607755f1509c3318352e4bb6692127b1b57,1,3,19,10,2,0,0,"static single-case binary; CUDA event includes setup/readback, clock64 covers timed window"
control,v2_control_fp16_n128_q1_forced_wait_same_in0_same_discard_h0_b0_none_ops0,1,,NVIDIA Thor,11.0,580.00,13.0,1575.000,,,,mem_clock_mhz:unavailable;temperature_c:unavailable;power_w:unavailable;sm_clock_mhz:sysfs_or_default,fp16,128,1,1000,2,215,forced_wait,same,same,discard,0,0,0,20,none,0,450135.0,,,,,450.135,0.416832,,,,,36.689153254023786,25.155842161830186,20000,0.000000000,1,be7dc69180960d8b9a8f9fd900159607755f1509c3318352e4bb6692127b1b57,1,3,19,10,2,0,0,"static single-case binary; CUDA event includes setup/readback, clock64 covers timed window"
control,v2_control_fp16_n256_q1_commit_wait_same_in0_same_discard_h0_b0_none_ops0,1,,NVIDIA Thor,11.0,580.00,13.0,1575.000,,,,mem_clock_mhz:unavailable;temperature_c:unavailable;power_w:unavailable;sm_clock_mhz:sysfs_or_default,fp16,256,1,1000,0,216,commit_wait,same,same,discard,0,0,0,20,none,0,258155.0,,,,,,0.294304,,,,,,,20000,0.000000000,1,9fcd96291172d14c7097cebc12ef8c0335d64bc313f86e5f153cf1e8081c5480,0,3,19,9,2,0,0,"static single-case binary; CUDA event includes setup/readback, clock64 covers timed window"
control,v2_control_fp16_n256_q1_commit_wait_same_in0_same_discard_h0_b0_none_ops0,1,,NVIDIA Thor,11.0,580.00,13.0,1575.000,,,,mem_clock_mhz:unavailable;temperature_c:unavailable;power_w:unavailable;sm_clock_mhz:sysfs_or_default,fp16,256,1,1000,1,216,commit_wait,same,same,discard,0,0,0,20,none,0,258155.0,,,,,,0.294528,,,,,,,20000,0.000000000,1,9fcd96291172d14c7097cebc12ef8c0335d64bc313f86e5f153cf1e8081c5480,0,3,19,9,2,0,0,"static single-case binary; CUDA event includes setup/readback, clock64 covers timed window"
control,v2_control_fp16_n256_q1_commit_wait_same_in0_same_discard_h0_b0_none_ops0,1,,NVIDIA Thor,11.0,580.00,13.0,1575.000,,,,mem_clock_mhz:unavailable;temperature_c:unavailable;power_w:unavailable;sm_clock_mhz:sysfs_or_default,fp16,256,1,1000,2,216,commit_wait,same,same,discard,0,0,0,20,none,0,258148.0,,,,,,0.295872,,,,,,,20000,0.000000000,1,9fcd96291172d14c7097cebc12ef8c0335d64bc313f86e5f153cf1e8081c5480,0,3,19,9,2,0,0,"static single-case binary; CUDA event includes setup/readback, clock64 covers timed window"
calibration,v2_calibration_fp16_n256_q16_batch_same_in0_same_discard_h0_b0_none_ops0,1,,NVIDIA Thor,11.0,580.00,13.0,1575.000,,,,mem_clock_mhz:unavailable;temperature_c:unavailable;power_w:unavailable;sm_clock_mhz:sysfs_or_default,fp16,256,16,500,0,217,batch,same,same,discard,0,0,0,20,none,0,1238339.0,,,,,154.792375,0.937984,,,,,213.38353391115035,178.8646288209607,29997,0.000000000,1,235fcd540aa95e94b73ee732d96c3929a0fd276b3d3790517ab16df42c7b9e6f,16,3,19,10,2,0,0,"static single-case binary; CUDA event includes setup/readback, clock64 covers timed window"
calibration,v2_calibration_fp16_n256_q16_batch_same_in0_same_discard_h0_b0_none_ops0,1,,NVIDIA Thor,11.0,580.00,13.0,1575.000,,,,mem_clock_mhz:unavailable;temperature_c:unavailable;power_w:unavailable;sm_clock_mhz:sysfs_or_default,fp16,256,16,500,1,217,batch,same,same,discard,0,0,0,20,none,0,1238894.0,,,,,154.86175,0.925856,,,,,213.2879423098344,181.2076175992811,29995,0.000000000,1,235fcd540aa95e94b73ee732d96c3929a0fd276b3d3790517ab16df42c7b9e6f,16,3,19,10,2,0,0,"static single-case binary; CUDA event includes setup/readback, clock64 covers timed window"
calibration,v2_calibration_fp16_n256_q16_batch_same_in0_same_discard_h0_b0_none_ops0,1,,NVIDIA Thor,11.0,580.00,13.0,1575.000,,,,mem_clock_mhz:unavailable;temperature_c:unavailable;power_w:unavailable;sm_clock_mhz:sysfs_or_default,fp16,256,16,500,2,217,batch,same,same,discard,0,0,0,20,none,0,1238515.0,,,,,154.814375,0.919328,,,,,213.3532109017654,182.4943436945247,29999,0.000000000,1,235fcd540aa95e94b73ee732d96c3929a0fd276b3d3790517ab16df42c7b9e6f,16,3,19,10,2,0,0,"static single-case binary; CUDA event includes setup/readback, clock64 covers timed window"
calibration,v2_calibration_bf16_n128_q8_batch_ring_in0_same_discard_h10000000_b1_none_ops0,1,,NVIDIA Thor,11.0,580.00,13.0,1575.000,,,,mem_clock_mhz:unavailable;temperature_c:unavailable;power_w:unavailable;sm_clock_mhz:sysfs_or_default,bf16,128,8,500,0,218,batch,ring,same,discard,0,10000000,1,1,none,0,447439.0,,,,,111.85975,0.380384,,,,,7.3820440328178805,5.513249768654833,500,0.000000000,1,f8bbb56ccc7c02349aed24932a902fa0816a8d5ec725dd4d2eccbed23e07ab65,8,3,17,7,2,0,0,"static single-case binary; CUDA event includes setup/readback, clock64 covers timed window"
calibration,v2_calibration_bf16_n128_q8_batch_ring_in0_same_discard_h10000000_b1_none_ops0,1,,NVIDIA Thor,11.0,580.00,13.0,1575.000,,,,mem_clock_mhz:unavailable;temperature_c:unavailable;power_w:unavailable;sm_clock_mhz:sysfs_or_default,bf16,128,8,500,1,218,batch,ring,same,discard,0,10000000,1,1,none,0,447439.0,,,,,111.85975,0.380736,,,,,7.3820440328178805,5.5081526306942346,500,0.000000000,1,f8bbb56ccc7c02349aed24932a902fa0816a8d5ec725dd4d2eccbed23e07ab65,8,3,17,7,2,0,0,"static single-case binary; CUDA event includes setup/readback, clock64 covers timed window"
calibration,v2_calibration_bf16_n128_q8_batch_ring_in0_same_discard_h10000000_b1_none_ops0,1,,NVIDIA Thor,11.0,580.00,13.0,1575.000,,,,mem_clock_mhz:unavailable;temperature_c:unavailable;power_w:unavailable;sm_clock_mhz:sysfs_or_default,bf16,128,8,500,2,218,batch,ring,same,discard,0,10000000,1,1,none,0,447439.0,,,,,111.85975,0.381376,,,,,7.3820440328178805,5.498909212955193,500,0.000000000,1,f8bbb56ccc7c02349aed24932a902fa0816a8d5ec725dd4d2eccbed23e07ab65,8,3,17,7,2,0,0,"static single-case binary; CUDA event includes setup/readback, clock64 covers timed window"
calibration,v2_calibration_fp16_n128_q4_batch_same_in1_same_discard_h10000000_b0_none_ops0,1,,NVIDIA Thor,11.0,580.00,13.0,1575.000,,,,mem_clock_mhz:unavailable;temperature_c:unavailable;power_w:unavailable;sm_clock_mhz:sysfs_or_default,fp16,128,4,500,0,219,batch,same,same,discard,1,10000000,0,20,none,0,319606.0,,,,,159.803,0.332352,,,,,103.34644531078892,63.10032736375891,10000,0.000000000,1,dfd1f9183c31196a3e5d127cec3c8519e092cad39e9042be18e0db07e22b87a3,4,3,19,10,2,0,0,"static single-case binary; CUDA event includes setup/readback, clock64 covers timed window"
calibration,v2_calibration_fp16_n128_q4_batch_same_in1_same_discard_h10000000_b0_none_ops0,1,,NVIDIA Thor,11.0,580.00,13.0,1575.000,,,,mem_clock_mhz:unavailable;temperature_c:unavailable;power_w:unavailable;sm_clock_mhz:sysfs_or_default,fp16,128,4,500,1,219,batch,same,same,discard,1,10000000,0,20,none,0,319607.0,,,,,159.8035,0.332992,,,,,103.34612195602725,62.979050547760906,10000,0.000000000,1,dfd1f9183c31196a3e5d127cec3c8519e092cad39e9042be18e0db07e22b87a3,4,3,19,10,2,0,0,"static single-case binary; CUDA event includes setup/readback, clock64 covers timed window"
calibration,v2_calibration_fp16_n128_q4_batch_same_in1_same_discard_h10000000_b0_none_ops0,1,,NVIDIA Thor,11.0,580.00,13.0,1575.000,,,,mem_clock_mhz:unavailable;temperature_c:unavailable;power_w:unavailable;sm_clock_mhz:sysfs_or_default,fp16,128,4,500,2,219,batch,same,same,discard,1,10000000,0,20,none,0,319606.0,,,,,159.803,0.332832,,,,,103.34644531078892,63.009326026343615,10000,0.000000000,1,dfd1f9183c31196a3e5d127cec3c8519e092cad39e9042be18e0db07e22b87a3,4,3,19,10,2,0,0,"static single-case binary; CUDA event includes setup/readback, clock64 covers timed window"
calibration,v2_calibration_bf16_n256_q8_batch_same_in0_same_discard_h10000000_b1_none_ops0,1,,NVIDIA Thor,11.0,580.00,13.0,1575.000,,,,mem_clock_mhz:unavailable;temperature_c:unavailable;power_w:unavailable;sm_clock_mhz:sysfs_or_default,bf16,256,8,500,0,220,batch,same,same,discard,0,10000000,1,1,none,0,703145.0,,,,,175.78625,0.544736,,,,,9.394973725191816,7.69970040533396,500,0.000000000,1,a318e1e30accf7187d541cf4646627d4925beb6beab1c72a70073e2707e51630,8,3,19,10,2,0,0,"static single-case binary; CUDA event includes setup/readback, clock64 covers timed window"
calibration,v2_calibration_bf16_n256_q8_batch_same_in0_same_discard_h10000000_b1_none_ops0,1,,NVIDIA Thor,11.0,580.00,13.0,1575.000,,,,mem_clock_mhz:unavailable;temperature_c:unavailable;power_w:unavailable;sm_clock_mhz:sysfs_or_default,bf16,256,8,500,1,220,batch,same,same,discard,0,10000000,1,1,none,0,703145.0,,,,,175.78625,0.544352,,,,,9.394973725191816,7.705131973428959,500,0.000000000,1,a318e1e30accf7187d541cf4646627d4925beb6beab1c72a70073e2707e51630,8,3,19,10,2,0,0,"static single-case binary; CUDA event includes setup/readback, clock64 covers timed window"
calibration,v2_calibration_bf16_n256_q8_batch_same_in0_same_discard_h10000000_b1_none_ops0,1,,NVIDIA Thor,11.0,580.00,13.0,1575.000,,,,mem_clock_mhz:unavailable;temperature_c:unavailable;power_w:unavailable;sm_clock_mhz:sysfs_or_default,bf16,256,8,500,2,220,batch,same,same,discard,0,10000000,1,1,none,0,703145.0,,,,,175.78625,0.544064,,,,,9.394973725191816,7.709210681096341,500,0.000000000,1,a318e1e30accf7187d541cf4646627d4925beb6beab1c72a70073e2707e51630,8,3,19,10,2,0,0,"static single-case binary; CUDA event includes setup/readback, clock64 covers timed window"
calibration,v2_calibration_fp16_n256_q8_batch_ring_in0_same_discard_h0_b1_none_ops0,1,,NVIDIA Thor,11.0,580.00,13.0,1575.000,,,,mem_clock_mhz:unavailable;temperature_c:unavailable;power_w:unavailable;sm_clock_mhz:sysfs_or_default,fp16,256,8,500,0,221,batch,ring,same,discard,0,0,1,1,none,0,725387.0,,,,,181.34675,0.560544,,,,,9.106902660235157,7.482559799052349,1500,0.000000000,1,ab5e190aad06142a7ff91e8afcd84b9d0ea40368d7cf14da82a35b89e68618e2,8,3,17,7,2,0,0,"static single-case binary; CUDA event includes setup/readback, clock64 covers timed window"
calibration,v2_calibration_fp16_n256_q8_batch_ring_in0_same_discard_h0_b1_none_ops0,1,,NVIDIA Thor,11.0,580.00,13.0,1575.000,,,,mem_clock_mhz:unavailable;temperature_c:unavailable;power_w:unavailable;sm_clock_mhz:sysfs_or_default,fp16,256,8,500,1,221,batch,ring,same,discard,0,0,1,1,none,0,725681.0,,,,,181.42025,0.5584,,,,,9.103213119814354,7.511289398280802,1500,0.000000000,1,ab5e190aad06142a7ff91e8afcd84b9d0ea40368d7cf14da82a35b89e68618e2,8,3,17,7,2,0,0,"static single-case binary; CUDA event includes setup/readback, clock64 covers timed window"
calibration,v2_calibration_fp16_n256_q8_batch_ring_in0_same_discard_h0_b1_none_ops0,1,,NVIDIA Thor,11.0,580.00,13.0,1575.000,,,,mem_clock_mhz:unavailable;temperature_c:unavailable;power_w:unavailable;sm_clock_mhz:sysfs_or_default,fp16,256,8,500,2,221,batch,ring,same,discard,0,0,1,1,none,0,725241.0,,,,,181.31025,0.558208,,,,,9.108735992587292,7.5138729649163025,1498,0.000000000,1,ab5e190aad06142a7ff91e8afcd84b9d0ea40368d7cf14da82a35b89e68618e2,8,3,17,7,2,0,0,"static single-case binary; CUDA event includes setup/readback, clock64 covers timed window"
calibration,v2_calibration_fp16_n256_q32_batch_same_in1_same_discard_h10000000_b1_none_ops0,1,,NVIDIA Thor,11.0,580.00,13.0,1575.000,,,,mem_clock_mhz:unavailable;temperature_c:unavailable;power_w:unavailable;sm_clock_mhz:sysfs_or_default,fp16,256,32,500,0,222,batch,same,same,discard,1,10000000,1,1,none,0,2239108.0,,,,,139.94425,1.5184,,,,,11.801179398224651,11.04927291886196,501,0.000000000,1,1c00211b3d92d7df83d5cb88df8e4fb948f11843260d1eb90ddb394ddde489ee,32,3,19,10,2,0,0,"static single-case binary; CUDA event includes setup/readback, clock64 covers timed window"
calibration,v2_calibration_fp16_n256_q32_batch_same_in1_same_discard_h10000000_b1_none_ops0,1,,NVIDIA Thor,11.0,580.00,13.0,1575.000,,,,mem_clock_mhz:unavailable;temperature_c:unavailable;power_w:unavailable;sm_clock_mhz:sysfs_or_default,fp16,256,32,500,1,222,batch,same,same,discard,1,10000000,1,1,none,0,2239145.0,,,,,139.9465625,1.517984,,,,,11.800984393596663,11.05230094651854,500,0.000000000,1,1c00211b3d92d7df83d5cb88df8e4fb948f11843260d1eb90ddb394ddde489ee,32,3,19,10,2,0,0,"static single-case binary; CUDA event includes setup/readback, clock64 covers timed window"
calibration,v2_calibration_fp16_n256_q32_batch_same_in1_same_discard_h10000000_b1_none_ops0,1,,NVIDIA Thor,11.0,580.00,13.0,1575.000,,,,mem_clock_mhz:unavailable;temperature_c:unavailable;power_w:unavailable;sm_clock_mhz:sysfs_or_default,fp16,256,32,500,2,222,batch,same,same,discard,1,10000000,1,1,none,0,2239145.0,,,,,139.9465625,1.518848,,,,,11.800984393596663,11.04601382100118,500,0.000000000,1,1c00211b3d92d7df83d5cb88df8e4fb948f11843260d1eb90ddb394ddde489ee,32,3,19,10,2,0,0,"static single-case binary; CUDA event includes setup/readback, clock64 covers timed window"
calibration,v2_calibration_bf16_n256_q2_batch_same_in1_same_discard_h32_b0_none_ops0,1,,NVIDIA Thor,11.0,580.00,13.0,1575.000,,,,mem_clock_mhz:unavailable;temperature_c:unavailable;power_w:unavailable;sm_clock_mhz:sysfs_or_default,bf16,256,2,500,0,223,batch,same,same,discard,1,32,0,20,none,0,302968.0,,,,,302.968,0.322208,,,,,109.02189010060467,65.08690038732745,15278,0.000000000,1,350a89ef7c51a4e40d93ab31b65fcd6afa4d4c933685818dbeb5d717c1b31c7b,2,3,19,10,2,0,0,"static single-case binary; CUDA event includes setup/readback, clock64 covers timed window"
calibration,v2_calibration_bf16_n256_q2_batch_same_in1_same_discard_h32_b0_none_ops0,1,,NVIDIA Thor,11.0,580.00,13.0,1575.000,,,,mem_clock_mhz:unavailable;temperature_c:unavailable;power_w:unavailable;sm_clock_mhz:sysfs_or_default,bf16,256,2,500,1,223,batch,same,same,discard,1,32,0,20,none,0,302708.0,,,,,302.708,0.323872,,,,,109.11553047821663,64.75249481276553,15400,0.000000000,1,350a89ef7c51a4e40d93ab31b65fcd6afa4d4c933685818dbeb5d717c1b31c7b,2,3,19,10,2,0,0,"static single-case binary; CUDA event includes setup/readback, clock64 covers timed window"
calibration,v2_calibration_bf16_n256_q2_batch_same_in1_same_discard_h32_b0_none_ops0,1,,NVIDIA Thor,11.0,580.00,13.0,1575.000,,,,mem_clock_mhz:unavailable;temperature_c:unavailable;power_w:unavailable;sm_clock_mhz:sysfs_or_default,bf16,256,2,500,2,223,batch,same,same,discard,1,32,0,20,none,0,302487.0,,,,,302.487,0.3248,,,,,109.19525136617442,64.56748768472907,15292,0.000000000,1,350a89ef7c51a4e40d93ab31b65fcd6afa4d4c933685818dbeb5d717c1b31c7b,2,3,19,10,2,0,0,"static single-case binary; CUDA event includes setup/readback, clock64 covers timed window"
calibration,v2_calibration_fp16_n256_q4_batch_ring_in0_same_discard_h32_b0_none_ops0,1,,NVIDIA Thor,11.0,580.00,13.0,1575.000,,,,mem_clock_mhz:unavailable;temperature_c:unavailable;power_w:unavailable;sm_clock_mhz:sysfs_or_default,fp16,256,4,500,0,224,batch,ring,same,discard,0,32,0,20,none,0,432214.0,,,,,216.107,0.406816,,,,,152.8416201233648,103.10076299850547,20065,0.000000000,1,a27bd05e127a60b5ed1b02073d1d9e925208242017afdea54177e7fbef4eac31,4,3,17,7,2,0,0,"static single-case binary; CUDA event includes setup/readback, clock64 covers timed window"
calibration,v2_calibration_fp16_n256_q4_batch_ring_in0_same_discard_h32_b0_none_ops0,1,,NVIDIA Thor,11.0,580.00,13.0,1575.000,,,,mem_clock_mhz:unavailable;temperature_c:unavailable;power_w:unavailable;sm_clock_mhz:sysfs_or_default,fp16,256,4,500,1,224,batch,ring,same,discard,0,32,0,20,none,0,432234.0,,,,,216.117,0.404832,,,,,152.83454795319204,103.60603904829657,20025,0.000000000,1,a27bd05e127a60b5ed1b02073d1d9e925208242017afdea54177e7fbef4eac31,4,3,17,7,2,0,0,"static single-case binary; CUDA event includes setup/readback, clock64 covers timed window"
calibration,v2_calibration_fp16_n256_q4_batch_ring_in0_same_discard_h32_b0_none_ops0,1,,NVIDIA Thor,11.0,580.00,13.0,1575.000,,,,mem_clock_mhz:unavailable;temperature_c:unavailable;power_w:unavailable;sm_clock_mhz:sysfs_or_default,fp16,256,4,500,2,224,batch,ring,same,discard,0,32,0,20,none,0,432393.0,,,,,216.1965,0.403712,,,,,152.77834747556045,103.89346861128725,20100,0.000000000,1,a27bd05e127a60b5ed1b02073d1d9e925208242017afdea54177e7fbef4eac31,4,3,17,7,2,0,0,"static single-case binary; CUDA event includes setup/readback, clock64 covers timed window"
calibration,v2_calibration_bf16_n128_q4_batch_same_in0_same_discard_h0_b1_none_ops0,1,,NVIDIA Thor,11.0,580.00,13.0,1575.000,,,,mem_clock_mhz:unavailable;temperature_c:unavailable;power_w:unavailable;sm_clock_mhz:sysfs_or_default,bf16,128,4,500,0,225,batch,same,same,discard,0,0,1,1,none,0,291136.0,,,,,145.568,0.282208,,,,,5.672631347548912,3.715614015194467,500,0.000000000,1,c5bd0eb94512ee9a63eb17b99d85d9e1731c13b40850c41809105da375bcbe3a,4,3,19,10,2,0,0,"static single-case binary; CUDA event includes setup/readback, clock64 covers timed window"
calibration,v2_calibration_bf16_n128_q4_batch_same_in0_same_discard_h0_b1_none_ops0,1,,NVIDIA Thor,11.0,580.00,13.0,1575.000,,,,mem_clock_mhz:unavailable;temperature_c:unavailable;power_w:unavailable;sm_clock_mhz:sysfs_or_default,bf16,128,4,500,1,225,batch,same,same,discard,0,0,1,1,none,0,291136.0,,,,,145.568,0.282336,,,,,5.672631347548912,3.713929502436813,500,0.000000000,1,c5bd0eb94512ee9a63eb17b99d85d9e1731c13b40850c41809105da375bcbe3a,4,3,19,10,2,0,0,"static single-case binary; CUDA event includes setup/readback, clock64 covers timed window"
calibration,v2_calibration_bf16_n128_q4_batch_same_in0_same_discard_h0_b1_none_ops0,1,,NVIDIA Thor,11.0,580.00,13.0,1575.000,,,,mem_clock_mhz:unavailable;temperature_c:unavailable;power_w:unavailable;sm_clock_mhz:sysfs_or_default,bf16,128,4,500,2,225,batch,same,same,discard,0,0,1,1,none,0,291136.0,,,,,145.568,0.282496,,,,,5.672631347548912,3.7118260081558674,500,0.000000000,1,c5bd0eb94512ee9a63eb17b99d85d9e1731c13b40850c41809105da375bcbe3a,4,3,19,10,2,0,0,"static single-case binary; CUDA event includes setup/readback, clock64 covers timed window"
calibration,v2_calibration_fp16_n256_q64_batch_same_in1_same_discard_h32_b1_none_ops0,1,,NVIDIA Thor,11.0,580.00,13.0,1575.000,,,,mem_clock_mhz:unavailable;temperature_c:unavailable;power_w:unavailable;sm_clock_mhz:sysfs_or_default,fp16,256,64,500,0,226,batch,same,same,discard,1,32,1,1,none,0,4311229.0,,,,,134.72590625,2.835936,,,,,12.258274937378644,11.831872087381381,1498,0.000000000,1,b7edda32b16a5ba1ae480630d5202963e4c44aa3eeea5047ebc25f9c3704f4bd,64,3,19,10,2,0,0,"static single-case binary; CUDA event includes setup/readback, clock64 covers timed window"
calibration,v2_calibration_fp16_n256_q64_batch_same_in1_same_discard_h32_b1_none_ops0,1,,NVIDIA Thor,11.0,580.00,13.0,1575.000,,,,mem_clock_mhz:unavailable;temperature_c:unavailable;power_w:unavailable;sm_clock_mhz:sysfs_or_default,fp16,256,64,500,1,226,batch,same,same,discard,1,32,1,1,none,0,4311532.0,,,,,134.735375,2.84096,,,,,12.25741346695328,11.81094841180446,1500,0.000000000,1,b7edda32b16a5ba1ae480630d5202963e4c44aa3eeea5047ebc25f9c3704f4bd,64,3,19,10,2,0,0,"static single-case binary; CUDA event includes setup/readback, clock64 covers timed window"
calibration,v2_calibration_fp16_n256_q64_batch_same_in1_same_discard_h32_b1_none_ops0,1,,NVIDIA Thor,11.0,580.00,13.0,1575.000,,,,mem_clock_mhz:unavailable;temperature_c:unavailable;power_w:unavailable;sm_clock_mhz:sysfs_or_default,fp16,256,64,500,2,226,batch,same,same,discard,1,32,1,1,none,0,4311188.0,,,,,134.724625,2.835232,,,,,12.258391515285346,11.83480999085789,1498,0.000000000,1,b7edda32b16a5ba1ae480630d5202963e4c44aa3eeea5047ebc25f9c3704f4bd,64,3,19,10,2,0,0,"static single-case binary; CUDA event includes setup/readback, clock64 covers timed window"
calibration,v2_calibration_bf16_n128_q1_batch_ring_in0_same_discard_h0_b1_none_ops0,1,,NVIDIA Thor,11.0,580.00,13.0,1575.000,,,,mem_clock_mhz:unavailable;temperature_c:unavailable;power_w:unavailable;sm_clock_mhz:sysfs_or_default,bf16,128,1,500,0,227,batch,ring,same,discard,0,0,1,1,none,0,225125.0,,,,,450.25,0.239936,,,,,1.833989117157135,1.0925580154707923,500,0.000000000,1,01c42f888b17c4749728981bf7130be1ea6d1f33966c0afce75ca3a4e7f5cf4a,1,3,17,7,2,0,0,"static single-case binary; CUDA event includes setup/readback, clock64 covers timed window"
calibration,v2_calibration_bf16_n128_q1_batch_ring_in0_same_discard_h0_b1_none_ops0,1,,NVIDIA Thor,11.0,580.00,13.0,1575.000,,,,mem_clock_mhz:unavailable;temperature_c:unavailable;power_w:unavailable;sm_clock_mhz:sysfs_or_default,bf16,128,1,500,1,227,batch,ring,same,discard,0,0,1,1,none,0,225125.0,,,,,450.25,0.240896,,,,,1.833989117157135,1.0882040382571732,500,0.000000000,1,01c42f888b17c4749728981bf7130be1ea6d1f33966c0afce75ca3a4e7f5cf4a,1,3,17,7,2,0,0,"static single-case binary; CUDA event includes setup/readback, clock64 covers timed window"
calibration,v2_calibration_bf16_n128_q1_batch_ring_in0_same_discard_h0_b1_none_ops0,1,,NVIDIA Thor,11.0,580.00,13.0,1575.000,,,,mem_clock_mhz:unavailable;temperature_c:unavailable;power_w:unavailable;sm_clock_mhz:sysfs_or_default,bf16,128,1,500,2,227,batch,ring,same,discard,0,0,1,1,none,0,225125.0,,,,,450.25,0.240704,,,,,1.833989117157135,1.0890720553044404,500,0.000000000,1,01c42f888b17c4749728981bf7130be1ea6d1f33966c0afce75ca3a4e7f5cf4a,1,3,17,7,2,0,0,"static single-case binary; CUDA event includes setup/readback, clock64 covers timed window"
calibration,v2_calibration_fp16_n256_q1_batch_same_in0_same_discard_h10000000_b1_none_ops0,1,,NVIDIA Thor,11.0,580.00,13.0,1575.000,,,,mem_clock_mhz:unavailable;temperature_c:unavailable;power_w:unavailable;sm_clock_mhz:sysfs_or_default,fp16,256,1,500,0,228,batch,same,same,discard,0,10000000,1,1,none,0,255593.0,,,,,511.186,0.260224,,,,,3.2307363660194137,2.0147565174618784,500,0.000000000,1,72b7fc018a8d18dd3279f2db1a5c0072cec9bedbe0ff58f0d2aa897644b27cb0,1,3,19,10,2,0,0,"static single-case binary; CUDA event includes setup/readback, clock64 covers timed window"
calibration,v2_calibration_fp16_n256_q1_batch_same_in0_same_discard_h10000000_b1_none_ops0,1,,NVIDIA Thor,11.0,580.00,13.0,1575.000,,,,mem_clock_mhz:unavailable;temperature_c:unavailable;power_w:unavailable;sm_clock_mhz:sysfs_or_default,fp16,256,1,500,1,228,batch,same,same,discard,0,10000000,1,1,none,0,255593.0,,,,,511.186,0.259584,,,,,3.2307363660194137,2.019723865877712,500,0.000000000,1,72b7fc018a8d18dd3279f2db1a5c0072cec9bedbe0ff58f0d2aa897644b27cb0,1,3,19,10,2,0,0,"static single-case binary; CUDA event includes setup/readback, clock64 covers timed window"
calibration,v2_calibration_fp16_n256_q1_batch_same_in0_same_discard_h10000000_b1_none_ops0,1,,NVIDIA Thor,11.0,580.00,13.0,1575.000,,,,mem_clock_mhz:unavailable;temperature_c:unavailable;power_w:unavailable;sm_clock_mhz:sysfs_or_default,fp16,256,1,500,2,228,batch,same,same,discard,0,10000000,1,1,none,0,255593.0,,,,,511.186,0.259968,,,,,3.2307363660194137,2.016740521910389,500,0.000000000,1,72b7fc018a8d18dd3279f2db1a5c0072cec9bedbe0ff58f0d2aa897644b27cb0,1,3,19,10,2,0,0,"static single-case binary; CUDA event includes setup/readback, clock64 covers timed window"
control,v2_control_bf16_n128_q1_forced_wait_same_in0_same_discard_h32_b1_none_ops0,1,,NVIDIA Thor,11.0,580.00,13.0,1575.000,,,,mem_clock_mhz:unavailable;temperature_c:unavailable;power_w:unavailable;sm_clock_mhz:sysfs_or_default,bf16,128,1,1000,0,229,forced_wait,same,same,discard,0,32,1,1,none,0,431176.0,,,,,431.176,0.372,,,,,1.9151195799395142,1.4093763440860214,1000,0.000000000,1,3fcdb95fa00400f40c0a25e6d42771cdf7825b5d6d40670944a652dc4c37ce47,1,3,19,10,2,0,0,"static single-case binary; CUDA event includes setup/readback, clock64 covers timed window"
control,v2_control_bf16_n128_q1_forced_wait_same_in0_same_discard_h32_b1_none_ops0,1,,NVIDIA Thor,11.0,580.00,13.0,1575.000,,,,mem_clock_mhz:unavailable;temperature_c:unavailable;power_w:unavailable;sm_clock_mhz:sysfs_or_default,bf16,128,1,1000,1,229,forced_wait,same,same,discard,0,32,1,1,none,0,431176.0,,,,,431.176,0.370304,,,,,1.9151195799395142,1.4158313169720012,1000,0.000000000,1,3fcdb95fa00400f40c0a25e6d42771cdf7825b5d6d40670944a652dc4c37ce47,1,3,19,10,2,0,0,"static single-case binary; CUDA event includes setup/readback, clock64 covers timed window"
control,v2_control_bf16_n128_q1_forced_wait_same_in0_same_discard_h32_b1_none_ops0,1,,NVIDIA Thor,11.0,580.00,13.0,1575.000,,,,mem_clock_mhz:unavailable;temperature_c:unavailable;power_w:unavailable;sm_clock_mhz:sysfs_or_default,bf16,128,1,1000,2,229,forced_wait,same,same,discard,0,32,1,1,none,0,431176.0,,,,,431.176,0.370336,,,,,1.9151195799395142,1.4157089777931393,1000,0.000000000,1,3fcdb95fa00400f40c0a25e6d42771cdf7825b5d6d40670944a652dc4c37ce47,1,3,19,10,2,0,0,"static single-case binary; CUDA event includes setup/readback, clock64 covers timed window"
calibration,v2_calibration_fp16_n128_q4_batch_same_in0_same_discard_h0_b1_none_ops0,1,,NVIDIA Thor,11.0,580.00,13.0,1575.000,,,,mem_clock_mhz:unavailable;temperature_c:unavailable;power_w:unavailable;sm_clock_mhz:sysfs_or_default,fp16,128,4,500,0,230,batch,same,same,discard,0,0,1,1,none,0,291134.0,,,,,145.567,0.2816,,,,,5.672670316761353,3.723636363636363,500,0.000000000,1,c9902a8140325ac841dfc5b95b8d71aefbdff4eed8cee94fb772abbf2d21fa6d,4,3,19,10,2,0,0,"static single-case binary; CUDA event includes setup/readback, clock64 covers timed window"
calibration,v2_calibration_fp16_n128_q4_batch_same_in0_same_discard_h0_b1_none_ops0,1,,NVIDIA Thor,11.0,580.00,13.0,1575.000,,,,mem_clock_mhz:unavailable;temperature_c:unavailable;power_w:unavailable;sm_clock_mhz:sysfs_or_default,fp16,128,4,500,1,230,batch,same,same,discard,0,0,1,1,none,0,291134.0,,,,,145.567,0.282304,,,,,5.672670316761353,3.7143504874178195,500,0.000000000,1,c9902a8140325ac841dfc5b95b8d71aefbdff4eed8cee94fb772abbf2d21fa6d,4,3,19,10,2,0,0,"static single-case binary; CUDA event includes setup/readback, clock64 covers timed window"
calibration,v2_calibration_fp16_n128_q4_batch_same_in0_same_discard_h0_b1_none_ops0,1,,NVIDIA Thor,11.0,580.00,13.0,1575.000,,,,mem_clock_mhz:unavailable;temperature_c:unavailable;power_w:unavailable;sm_clock_mhz:sysfs_or_default,fp16,128,4,500,2,230,batch,same,same,discard,0,0,1,1,none,0,291134.0,,,,,145.567,0.281952,,,,,5.672670316761353,3.718987629099989,500,0.000000000,1,c9902a8140325ac841dfc5b95b8d71aefbdff4eed8cee94fb772abbf2d21fa6d,4,3,19,10,2,0,0,"static single-case binary; CUDA event includes setup/readback, clock64 covers timed window"
calibration,v2_calibration_bf16_n256_q32_batch_ring_in0_same_discard_h0_b0_none_ops0,1,,NVIDIA Thor,11.0,580.00,13.0,1575.000,,,,mem_clock_mhz:unavailable;temperature_c:unavailable;power_w:unavailable;sm_clock_mhz:sysfs_or_default,bf16,256,32,500,0,231,batch,ring,same,discard,0,0,0,20,none,0,2262007.0,,,,,141.3754375,1.567616,,,,,233.6342478162092,214.04752184208377,29981,0.000000000,1,076abdf9379069bf55597c6b053de6daa5dff54222f74b4fa32cc5ecedad0a6d,32,3,17,7,2,0,0,"static single-case binary; CUDA event includes setup/readback, clock64 covers timed window"
calibration,v2_calibration_bf16_n256_q32_batch_ring_in0_same_discard_h0_b0_none_ops0,1,,NVIDIA Thor,11.0,580.00,13.0,1575.000,,,,mem_clock_mhz:unavailable;temperature_c:unavailable;power_w:unavailable;sm_clock_mhz:sysfs_or_default,bf16,256,32,500,1,231,batch,ring,same,discard,0,0,0,20,none,0,2261793.0,,,,,141.3620625,1.567488,,,,,233.65635316759756,214.0650008165932,29998,0.000000000,1,076abdf9379069bf55597c6b053de6daa5dff54222f74b4fa32cc5ecedad0a6d,32,3,17,7,2,0,0,"static single-case binary; CUDA event includes setup/readback, clock64 covers timed window"
calibration,v2_calibration_bf16_n256_q32_batch_ring_in0_same_discard_h0_b0_none_ops0,1,,NVIDIA Thor,11.0,580.00,13.0,1575.000,,,,mem_clock_mhz:unavailable;temperature_c:unavailable;power_w:unavailable;sm_clock_mhz:sysfs_or_default,bf16,256,32,500,2,231,batch,ring,same,discard,0,0,0,20,none,0,2261815.0,,,,,141.3634375,1.567328,,,,,233.6540804619299,214.08685354948037,30000,0.000000000,1,076abdf9379069bf55597c6b053de6daa5dff54222f74b4fa32cc5ecedad0a6d,32,3,17,7,2,0,0,"static single-case binary; CUDA event includes setup/readback, clock64 covers timed window"
calibration,v2_calibration_fp16_n128_q16_batch_same_in1_same_discard_h32_b0_none_ops0,1,,NVIDIA Thor,11.0,580.00,13.0,1575.000,,,,mem_clock_mhz:unavailable;temperature_c:unavailable;power_w:unavailable;sm_clock_mhz:sysfs_or_default,fp16,128,16,500,0,232,batch,same,same,discard,1,32,0,20,none,0,684563.0,,,,,85.570375,0.565888,,,,,192.99987875476762,148.23795521375257,19066,0.000000000,1,25d1369dc84090d21acdabe5c4ceab16cce6450b5975d160368cd19ad1213a5b,16,3,19,10,2,0,0,"static single-case binary; CUDA event includes setup/readback, clock64 covers timed window"
calibration,v2_calibration_fp16_n128_q16_batch_same_in1_same_discard_h32_b0_none_ops0,1,,NVIDIA Thor,11.0,580.00,13.0,1575.000,,,,mem_clock_mhz:unavailable;temperature_c:unavailable;power_w:unavailable;sm_clock_mhz:sysfs_or_default,fp16,128,16,500,1,232,batch,same,same,discard,1,32,0,20,none,0,684758.0,,,,,85.59475,0.563808,,,,,192.94491776656864,148.7848345536069,19195,0.000000000,1,25d1369dc84090d21acdabe5c4ceab16cce6450b5975d160368cd19ad1213a5b,16,3,19,10,2,0,0,"static single-case binary; CUDA event includes setup/readback, clock64 covers timed window"
calibration,v2_calibration_fp16_n128_q16_batch_same_in1_same_discard_h32_b0_none_ops0,1,,NVIDIA Thor,11.0,580.00,13.0,1575.000,,,,mem_clock_mhz:unavailable;temperature_c:unavailable;power_w:unavailable;sm_clock_mhz:sysfs_or_default,fp16,128,16,500,2,232,batch,same,same,discard,1,32,0,20,none,0,684540.0,,,,,85.5675,0.565408,,,,,193.0063633973179,148.36380100741414,19099,0.000000000,1,25d1369dc84090d21acdabe5c4ceab16cce6450b5975d160368cd19ad1213a5b,16,3,19,10,2,0,0,"static single-case binary; CUDA event includes setup/readback, clock64 covers timed window"
calibration,v2_calibration_fp16_n128_q4_batch_same_in0_same_discard_h0_b0_none_ops0,1,,NVIDIA Thor,11.0,580.00,13.0,1575.000,,,,mem_clock_mhz:unavailable;temperature_c:unavailable;power_w:unavailable;sm_clock_mhz:sysfs_or_default,fp16,128,4,500,0,233,batch,same,same,discard,0,0,0,20,none,0,291154.0,,,,,145.577,0.314048,,,,,113.44561297457703,66.7780721418382,10000,0.000000000,1,c9902a8140325ac841dfc5b95b8d71aefbdff4eed8cee94fb772abbf2d21fa6d,4,3,19,10,2,0,0,"static single-case binary; CUDA event includes setup/readback, clock64 covers timed window"
calibration,v2_calibration_fp16_n128_q4_batch_same_in0_same_discard_h0_b0_none_ops0,1,,NVIDIA Thor,11.0,580.00,13.0,1575.000,,,,mem_clock_mhz:unavailable;temperature_c:unavailable;power_w:unavailable;sm_clock_mhz:sysfs_or_default,fp16,128,4,500,1,233,batch,same,same,discard,0,0,0,20,none,0,291158.0,,,,,145.579,0.311776,,,,,113.44405443092754,67.26470286359438,10000,0.000000000,1,c9902a8140325ac841dfc5b95b8d71aefbdff4eed8cee94fb772abbf2d21fa6d,4,3,19,10,2,0,0,"static single-case binary; CUDA event includes setup/readback, clock64 covers timed window"
calibration,v2_calibration_fp16_n128_q4_batch_same_in0_same_discard_h0_b0_none_ops0,1,,NVIDIA Thor,11.0,580.00,13.0,1575.000,,,,mem_clock_mhz:unavailable;temperature_c:unavailable;power_w:unavailable;sm_clock_mhz:sysfs_or_default,fp16,128,4,500,2,233,batch,same,same,discard,0,0,0,20,none,0,291157.0,,,,,145.5785,0.313056,,,,,113.4444440628252,66.98967596851682,10000,0.000000000,1,c9902a8140325ac841dfc5b95b8d71aefbdff4eed8cee94fb772abbf2d21fa6d,4,3,19,10,2,0,0,"static single-case binary; CUDA event includes setup/readback, clock64 covers timed window"
control,v2_control_bf16_n128_q1_commit_wait_same_in0_same_discard_h0_b0_none_ops0,1,,NVIDIA Thor,11.0,580.00,13.0,1575.000,,,,mem_clock_mhz:unavailable;temperature_c:unavailable;power_w:unavailable;sm_clock_mhz:sysfs_or_default,bf16,128,1,1000,0,234,commit_wait,same,same,discard,0,0,0,20,none,0,258149.0,,,,,,0.292832,,,,,,,20000,0.000000000,1,f5500534993f9d149dad7d01337e7df77fa55e8fac5dbaa682a3a133d6d2179a,0,3,19,9,2,0,0,"static single-case binary; CUDA event includes setup/readback, clock64 covers timed window"
control,v2_control_bf16_n128_q1_commit_wait_same_in0_same_discard_h0_b0_none_ops0,1,,NVIDIA Thor,11.0,580.00,13.0,1575.000,,,,mem_clock_mhz:unavailable;temperature_c:unavailable;power_w:unavailable;sm_clock_mhz:sysfs_or_default,bf16,128,1,1000,1,234,commit_wait,same,same,discard,0,0,0,20,none,0,258150.0,,,,,,0.292064,,,,,,,20000,0.000000000,1,f5500534993f9d149dad7d01337e7df77fa55e8fac5dbaa682a3a133d6d2179a,0,3,19,9,2,0,0,"static single-case binary; CUDA event includes setup/readback, clock64 covers timed window"
control,v2_control_bf16_n128_q1_commit_wait_same_in0_same_discard_h0_b0_none_ops0,1,,NVIDIA Thor,11.0,580.00,13.0,1575.000,,,,mem_clock_mhz:unavailable;temperature_c:unavailable;power_w:unavailable;sm_clock_mhz:sysfs_or_default,bf16,128,1,1000,2,234,commit_wait,same,same,discard,0,0,0,20,none,0,258152.0,,,,,,0.29712,,,,,,,20000,0.000000000,1,f5500534993f9d149dad7d01337e7df77fa55e8fac5dbaa682a3a133d6d2179a,0,3,19,9,2,0,0,"static single-case binary; CUDA event includes setup/readback, clock64 covers timed window"
calibration,v2_calibration_fp16_n128_q8_batch_same_in0_same_discard_h32_b1_none_ops0,1,,NVIDIA Thor,11.0,580.00,13.0,1575.000,,,,mem_clock_mhz:unavailable;temperature_c:unavailable;power_w:unavailable;sm_clock_mhz:sysfs_or_default,fp16,128,8,500,0,235,batch,same,same,discard,0,32,1,1,none,0,432740.0,,,,,108.185,0.37344,,,,,7.632791976706567,5.615766923736075,818,0.000000000,1,b353f0825bd4429447fb3d56a68669d95b0a94def79f82775d754a9ed41b51b4,8,3,19,10,2,0,0,"static single-case binary; CUDA event includes setup/readback, clock64 covers timed window"
calibration,v2_calibration_fp16_n128_q8_batch_same_in0_same_discard_h32_b1_none_ops0,1,,NVIDIA Thor,11.0,580.00,13.0,1575.000,,,,mem_clock_mhz:unavailable;temperature_c:unavailable;power_w:unavailable;sm_clock_mhz:sysfs_or_default,fp16,128,8,500,1,235,batch,same,same,discard,0,32,1,1,none,0,432520.0,,,,,108.13,0.37152,,,,,7.636674373439379,5.644788975021533,813,0.000000000,1,b353f0825bd4429447fb3d56a68669d95b0a94def79f82775d754a9ed41b51b4,8,3,19,10,2,0,0,"static single-case binary; CUDA event includes setup/readback, clock64 covers timed window"
calibration,v2_calibration_fp16_n128_q8_batch_same_in0_same_discard_h32_b1_none_ops0,1,,NVIDIA Thor,11.0,580.00,13.0,1575.000,,,,mem_clock_mhz:unavailable;temperature_c:unavailable;power_w:unavailable;sm_clock_mhz:sysfs_or_default,fp16,128,8,500,2,235,batch,same,same,discard,0,32,1,1,none,0,432622.0,,,,,108.1555,0.372288,,,,,7.634873862170671,5.63314423242221,805,0.000000000,1,b353f0825bd4429447fb3d56a68669d95b0a94def79f82775d754a9ed41b51b4,8,3,19,10,2,0,0,"static single-case binary; CUDA event includes setup/readback, clock64 covers timed window"
calibration,v2_calibration_bf16_n128_q64_batch_ring_in0_same_discard_h32_b1_none_ops0,1,,NVIDIA Thor,11.0,580.00,13.0,1575.000,,,,mem_clock_mhz:unavailable;temperature_c:unavailable;power_w:unavailable;sm_clock_mhz:sysfs_or_default,bf16,128,64,500,0,236,batch,ring,same,discard,0,32,1,1,none,0,2221653.0,,,,,69.42665625,1.508256,,,,,11.893898462091064,11.123586446863131,752,0.000000000,1,8c667bc98013039f0ed5c04bf3b614e30780e5cee503e7b6af31b5411af6c48f,64,3,17,7,2,0,0,"static single-case binary; CUDA event includes setup/readback, clock64 covers timed window"
calibration,v2_calibration_bf16_n128_q64_batch_ring_in0_same_discard_h32_b1_none_ops0,1,,NVIDIA Thor,11.0,580.00,13.0,1575.000,,,,mem_clock_mhz:unavailable;temperature_c:unavailable;power_w:unavailable;sm_clock_mhz:sysfs_or_default,bf16,128,64,500,1,236,batch,ring,same,discard,0,32,1,1,none,0,2221877.0,,,,,69.43365625,1.509344,,,,,11.892699370847259,11.115568087858037,750,0.000000000,1,8c667bc98013039f0ed5c04bf3b614e30780e5cee503e7b6af31b5411af6c48f,64,3,17,7,2,0,0,"static single-case binary; CUDA event includes setup/readback, clock64 covers timed window"
calibration,v2_calibration_bf16_n128_q64_batch_ring_in0_same_discard_h32_b1_none_ops0,1,,NVIDIA Thor,11.0,580.00,13.0,1575.000,,,,mem_clock_mhz:unavailable;temperature_c:unavailable;power_w:unavailable;sm_clock_mhz:sysfs_or_default,bf16,128,64,500,2,236,batch,ring,same,discard,0,32,1,1,none,0,2221495.0,,,,,69.42171875,1.506976,,,,,11.894744395103299,11.13303463359735,749,0.000000000,1,8c667bc98013039f0ed5c04bf3b614e30780e5cee503e7b6af31b5411af6c48f,64,3,17,7,2,0,0,"static single-case binary; CUDA event includes setup/readback, clock64 covers timed window"
calibration,v2_calibration_fp16_n256_q32_batch_ring_in0_same_discard_h0_b1_none_ops0,1,,NVIDIA Thor,11.0,580.00,13.0,1575.000,,,,mem_clock_mhz:unavailable;temperature_c:unavailable;power_w:unavailable;sm_clock_mhz:sysfs_or_default,fp16,256,32,500,0,237,batch,ring,same,discard,0,0,1,1,none,0,2262007.0,,,,,141.3754375,1.532896,,,,,11.68171239081046,10.944784251508256,1500,0.000000000,1,8c607b4138747f87ab658f040d45d03f0fdbf80f461533e81d5c59116f123973,32,3,17,7,2,0,0,"static single-case binary; CUDA event includes setup/readback, clock64 covers timed window"
calibration,v2_calibration_fp16_n256_q32_batch_ring_in0_same_discard_h0_b1_none_ops0,1,,NVIDIA Thor,11.0,580.00,13.0,1575.000,,,,mem_clock_mhz:unavailable;temperature_c:unavailable;power_w:unavailable;sm_clock_mhz:sysfs_or_default,fp16,256,32,500,1,237,batch,ring,same,discard,0,0,1,1,none,0,2261737.0,,,,,141.3585625,1.533536,,,,,11.683106921803907,10.940216597458422,1500,0.000000000,1,8c607b4138747f87ab658f040d45d03f0fdbf80f461533e81d5c59116f123973,32,3,17,7,2,0,0,"static single-case binary; CUDA event includes setup/readback, clock64 covers timed window"
calibration,v2_calibration_fp16_n256_q32_batch_ring_in0_same_discard_h0_b1_none_ops0,1,,NVIDIA Thor,11.0,580.00,13.0,1575.000,,,,mem_clock_mhz:unavailable;temperature_c:unavailable;power_w:unavailable;sm_clock_mhz:sysfs_or_default,fp16,256,32,500,2,237,batch,ring,same,discard,0,0,1,1,none,0,2261856.0,,,,,141.366,1.534016,,,,,11.682492254148807,10.93679335808753,1500,0.000000000,1,8c607b4138747f87ab658f040d45d03f0fdbf80f461533e81d5c59116f123973,32,3,17,7,2,0,0,"static single-case binary; CUDA event includes setup/readback, clock64 covers timed window"
calibration,v2_calibration_fp16_n128_q8_batch_same_in1_same_discard_h0_b1_none_ops0,1,,NVIDIA Thor,11.0,580.00,13.0,1575.000,,,,mem_clock_mhz:unavailable;temperature_c:unavailable;power_w:unavailable;sm_clock_mhz:sysfs_or_default,fp16,128,8,500,0,238,batch,same,same,discard,1,0,1,1,none,0,407306.0,,,,,101.8265,0.356704,,,,,8.109417489553307,5.879250022427558,500,0.000000000,1,3b9181a56143a414a1f943f562ebf1022d44245dd951590d8c83fa0269bfe19d,8,3,19,10,2,0,0,"static single-case binary; CUDA event includes setup/readback, clock64 covers timed window"
calibration,v2_calibration_fp16_n128_q8_batch_same_in1_same_discard_h0_b1_none_ops0,1,,NVIDIA Thor,11.0,580.00,13.0,1575.000,,,,mem_clock_mhz:unavailable;temperature_c:unavailable;power_w:unavailable;sm_clock_mhz:sysfs_or_default,fp16,128,8,500,1,238,batch,same,same,discard,1,0,1,1,none,0,408211.0,,,,,102.05275,0.357856,,,,,8.091438986210564,5.86032370562461,500,0.000000000,1,3b9181a56143a414a1f943f562ebf1022d44245dd951590d8c83fa0269bfe19d,8,3,19,10,2,0,0,"static single-case binary; CUDA event includes setup/readback, clock64 covers timed window"
calibration,v2_calibration_fp16_n128_q8_batch_same_in1_same_discard_h0_b1_none_ops0,1,,NVIDIA Thor,11.0,580.00,13.0,1575.000,,,,mem_clock_mhz:unavailable;temperature_c:unavailable;power_w:unavailable;sm_clock_mhz:sysfs_or_default,fp16,128,8,500,2,238,batch,same,same,discard,1,0,1,1,none,0,407640.0,,,,,101.91,0.356736,,,,,8.102773035030909,5.878722640832436,500,0.000000000,1,3b9181a56143a414a1f943f562ebf1022d44245dd951590d8c83fa0269bfe19d,8,3,19,10,2,0,0,"static single-case binary; CUDA event includes setup/readback, clock64 covers timed window"
calibration,v2_calibration_fp16_n256_q1_batch_same_in1_same_discard_h0_b1_none_ops0,1,,NVIDIA Thor,11.0,580.00,13.0,1575.000,,,,mem_clock_mhz:unavailable;temperature_c:unavailable;power_w:unavailable;sm_clock_mhz:sysfs_or_default,fp16,256,1,500,0,239,batch,same,same,discard,1,0,1,1,none,0,225128.0,,,,,450.256,0.240896,,,,,3.667929355744288,2.1764080765143463,500,0.000000000,1,487e79a09cac0bf720b4f9a5c9dde354cba03fa568d427e7a3b01e63dd9d5c0c,1,3,19,10,2,0,0,"static single-case binary; CUDA event includes setup/readback, clock64 covers timed window"
calibration,v2_calibration_fp16_n256_q1_batch_same_in1_same_discard_h0_b1_none_ops0,1,,NVIDIA Thor,11.0,580.00,13.0,1575.000,,,,mem_clock_mhz:unavailable;temperature_c:unavailable;power_w:unavailable;sm_clock_mhz:sysfs_or_default,fp16,256,1,500,1,239,batch,same,same,discard,1,0,1,1,none,0,225128.0,,,,,450.256,0.241024,,,,,3.667929355744288,2.1752522570366435,500,0.000000000,1,487e79a09cac0bf720b4f9a5c9dde354cba03fa568d427e7a3b01e63dd9d5c0c,1,3,19,10,2,0,0,"static single-case binary; CUDA event includes setup/readback, clock64 covers timed window"
calibration,v2_calibration_fp16_n256_q1_batch_same_in1_same_discard_h0_b1_none_ops0,1,,NVIDIA Thor,11.0,580.00,13.0,1575.000,,,,mem_clock_mhz:unavailable;temperature_c:unavailable;power_w:unavailable;sm_clock_mhz:sysfs_or_default,fp16,256,1,500,2,239,batch,same,same,discard,1,0,1,1,none,0,225128.0,,,,,450.256,0.239936,,,,,3.667929355744288,2.1851160309415847,500,0.000000000,1,487e79a09cac0bf720b4f9a5c9dde354cba03fa568d427e7a3b01e63dd9d5c0c,1,3,19,10,2,0,0,"static single-case binary; CUDA event includes setup/readback, clock64 covers timed window"
control,v2_control_bf16_n128_q64_empty_same_in0_same_discard_h0_b1_none_ops0,1,,NVIDIA Thor,11.0,580.00,13.0,1575.000,,,,mem_clock_mhz:unavailable;temperature_c:unavailable;power_w:unavailable;sm_clock_mhz:sysfs_or_default,bf16,128,64,1000,0,240,empty,same,same,discard,0,0,1,1,none,0,264107.0,,,,,,0.265792,,,,,,,0,0.000000000,1,3cbbe6e7e2be480d7d6101faf08548b4bf52c13b611e8d5a47edf713a6072f9d,0,2,16,9,2,0,0,"static single-case binary; CUDA event includes setup/readback, clock64 covers timed window"
control,v2_control_bf16_n128_q64_empty_same_in0_same_discard_h0_b1_none_ops0,1,,NVIDIA Thor,11.0,580.00,13.0,1575.000,,,,mem_clock_mhz:unavailable;temperature_c:unavailable;power_w:unavailable;sm_clock_mhz:sysfs_or_default,bf16,128,64,1000,1,240,empty,same,same,discard,0,0,1,1,none,0,264107.0,,,,,,0.265088,,,,,,,0,0.000000000,1,3cbbe6e7e2be480d7d6101faf08548b4bf52c13b611e8d5a47edf713a6072f9d,0,2,16,9,2,0,0,"static single-case binary; CUDA event includes setup/readback, clock64 covers timed window"
control,v2_control_bf16_n128_q64_empty_same_in0_same_discard_h0_b1_none_ops0,1,,NVIDIA Thor,11.0,580.00,13.0,1575.000,,,,mem_clock_mhz:unavailable;temperature_c:unavailable;power_w:unavailable;sm_clock_mhz:sysfs_or_default,bf16,128,64,1000,2,240,empty,same,same,discard,0,0,1,1,none,0,264107.0,,,,,,0.265472,,,,,,,0,0.000000000,1,3cbbe6e7e2be480d7d6101faf08548b4bf52c13b611e8d5a47edf713a6072f9d,0,2,16,9,2,0,0,"static single-case binary; CUDA event includes setup/readback, clock64 covers timed window"
calibration,v2_calibration_bf16_n128_q2_batch_ring_in0_same_discard_h0_b0_none_ops0,1,,NVIDIA Thor,11.0,580.00,13.0,1575.000,,,,mem_clock_mhz:unavailable;temperature_c:unavailable;power_w:unavailable;sm_clock_mhz:sysfs_or_default,bf16,128,2,500,0,241,batch,ring,same,discard,0,0,0,20,none,0,247150.0,,,,,247.15,0.290304,,,,,66.82205947804977,36.119929453262785,10000,0.000000000,1,4ffadd6fd095528ede5d6f268c2f4ab0fdb42da6d5edd61eef6f1ab892843a74,2,3,17,7,2,0,0,"static single-case binary; CUDA event includes setup/readback, clock64 covers timed window"
calibration,v2_calibration_bf16_n128_q2_batch_ring_in0_same_discard_h0_b0_none_ops0,1,,NVIDIA Thor,11.0,580.00,13.0,1575.000,,,,mem_clock_mhz:unavailable;temperature_c:unavailable;power_w:unavailable;sm_clock_mhz:sysfs_or_default,bf16,128,2,500,1,241,batch,ring,same,discard,0,0,0,20,none,0,247149.0,,,,,247.149,0.288448,,,,,66.82232984960488,36.352340803195034,10000,0.000000000,1,4ffadd6fd095528ede5d6f268c2f4ab0fdb42da6d5edd61eef6f1ab892843a74,2,3,17,7,2,0,0,"static single-case binary; CUDA event includes setup/readback, clock64 covers timed window"
calibration,v2_calibration_bf16_n128_q2_batch_ring_in0_same_discard_h0_b0_none_ops0,1,,NVIDIA Thor,11.0,580.00,13.0,1575.000,,,,mem_clock_mhz:unavailable;temperature_c:unavailable;power_w:unavailable;sm_clock_mhz:sysfs_or_default,bf16,128,2,500,2,241,batch,ring,same,discard,0,0,0,20,none,0,247146.0,,,,,247.146,0.3088,,,,,66.82314097739797,33.95647668393782,10000,0.000000000,1,4ffadd6fd095528ede5d6f268c2f4ab0fdb42da6d5edd61eef6f1ab892843a74,2,3,17,7,2,0,0,"static single-case binary; CUDA event includes setup/readback, clock64 covers timed window"
calibration,v2_calibration_fp16_n256_q64_batch_ring_in0_same_discard_h0_b0_none_ops0,1,,NVIDIA Thor,11.0,580.00,13.0,1575.000,,,,mem_clock_mhz:unavailable;temperature_c:unavailable;power_w:unavailable;sm_clock_mhz:sysfs_or_default,fp16,256,64,500,0,242,batch,ring,same,discard,0,0,0,20,none,0,4322016.0,,,,,135.063,2.876032,,,,,244.55360831611912,233.33837731986293,30000,0.000000000,1,164abfa829353490498f266de5451df12a63ec7a0364c525bc681da0bc0d0f50,64,3,17,7,2,0,0,"static single-case binary; CUDA event includes setup/readback, clock64 covers timed window"
calibration,v2_calibration_fp16_n256_q64_batch_ring_in0_same_discard_h0_b0_none_ops0,1,,NVIDIA Thor,11.0,580.00,13.0,1575.000,,,,mem_clock_mhz:unavailable;temperature_c:unavailable;power_w:unavailable;sm_clock_mhz:sysfs_or_default,fp16,256,64,500,1,242,batch,ring,same,discard,0,0,0,20,none,0,4321916.0,,,,,135.059875,2.87568,,,,,244.5592667696457,233.36693929783564,30000,0.000000000,1,164abfa829353490498f266de5451df12a63ec7a0364c525bc681da0bc0d0f50,64,3,17,7,2,0,0,"static single-case binary; CUDA event includes setup/readback, clock64 covers timed window"
calibration,v2_calibration_fp16_n256_q64_batch_ring_in0_same_discard_h0_b0_none_ops0,1,,NVIDIA Thor,11.0,580.00,13.0,1575.000,,,,mem_clock_mhz:unavailable;temperature_c:unavailable;power_w:unavailable;sm_clock_mhz:sysfs_or_default,fp16,256,64,500,2,242,batch,ring,same,discard,0,0,0,20,none,0,4322001.0,,,,,135.06253125,2.874208,,,,,244.55445706745556,233.48645609503555,29996,0.000000000,1,164abfa829353490498f266de5451df12a63ec7a0364c525bc681da0bc0d0f50,64,3,17,7,2,0,0,"static single-case binary; CUDA event includes setup/readback, clock64 covers timed window"
calibration,v2_calibration_fp16_n128_q2_batch_same_in0_same_discard_h32_b1_none_ops0,1,,NVIDIA Thor,11.0,580.00,13.0,1575.000,,,,mem_clock_mhz:unavailable;temperature_c:unavailable;power_w:unavailable;sm_clock_mhz:sysfs_or_default,fp16,128,2,500,0,243,batch,same,same,discard,0,32,1,1,none,0,237632.0,,,,,237.632,0.24752,,,,,3.474925935900889,2.118164188752424,500,0.000000000,1,7c28a6caa5240d95e116b7bdcb7d590e2c707d3dd07076b426d2ef8998e0b44e,2,3,19,10,2,0,0,"static single-case binary; CUDA event includes setup/readback, clock64 covers timed window"
calibration,v2_calibration_fp16_n128_q2_batch_same_in0_same_discard_h32_b1_none_ops0,1,,NVIDIA Thor,11.0,580.00,13.0,1575.000,,,,mem_clock_mhz:unavailable;temperature_c:unavailable;power_w:unavailable;sm_clock_mhz:sysfs_or_default,fp16,128,2,500,1,243,batch,same,same,discard,0,32,1,1,none,0,237632.0,,,,,237.632,0.247776,,,,,3.474925935900889,2.115975720005166,500,0.000000000,1,7c28a6caa5240d95e116b7bdcb7d590e2c707d3dd07076b426d2ef8998e0b44e,2,3,19,10,2,0,0,"static single-case binary; CUDA event includes setup/readback, clock64 covers timed window"
calibration,v2_calibration_fp16_n128_q2_batch_same_in0_same_discard_h32_b1_none_ops0,1,,NVIDIA Thor,11.0,580.00,13.0,1575.000,,,,mem_clock_mhz:unavailable;temperature_c:unavailable;power_w:unavailable;sm_clock_mhz:sysfs_or_default,fp16,128,2,500,2,243,batch,same,same,discard,0,32,1,1,none,0,237632.0,,,,,237.632,0.248128,,,,,3.474925935900889,2.112973948929585,500,0.000000000,1,7c28a6caa5240d95e116b7bdcb7d590e2c707d3dd07076b426d2ef8998e0b44e,2,3,19,10,2,0,0,"static single-case binary; CUDA event includes setup/readback, clock64 covers timed window"
calibration,v2_calibration_fp16_n256_q2_batch_same_in0_same_discard_h32_b0_none_ops0,1,,NVIDIA Thor,11.0,580.00,13.0,1575.000,,,,mem_clock_mhz:unavailable;temperature_c:unavailable;power_w:unavailable;sm_clock_mhz:sysfs_or_default,fp16,256,2,500,0,244,batch,same,same,discard,0,32,0,20,none,0,302535.0,,,,,302.535,0.31936,,,,,109.17792652089841,65.66733466933869,15174,0.000000000,1,cbd4bf63a1e27ae7244edfb3fdb5a169663f95170ab8a5ad113bc257082215ab,2,3,19,10,2,0,0,"static single-case binary; CUDA event includes setup/readback, clock64 covers timed window"
calibration,v2_calibration_fp16_n256_q2_batch_same_in0_same_discard_h32_b0_none_ops0,1,,NVIDIA Thor,11.0,580.00,13.0,1575.000,,,,mem_clock_mhz:unavailable;temperature_c:unavailable;power_w:unavailable;sm_clock_mhz:sysfs_or_default,fp16,256,2,500,1,244,batch,same,same,discard,0,32,0,20,none,0,302409.0,,,,,302.409,0.32432,,,,,109.2234159697628,64.6630488406512,15028,0.000000000,1,cbd4bf63a1e27ae7244edfb3fdb5a169663f95170ab8a5ad113bc257082215ab,2,3,19,10,2,0,0,"static single-case binary; CUDA event includes setup/readback, clock64 covers timed window"
calibration,v2_calibration_fp16_n256_q2_batch_same_in0_same_discard_h32_b0_none_ops0,1,,NVIDIA Thor,11.0,580.00,13.0,1575.000,,,,mem_clock_mhz:unavailable;temperature_c:unavailable;power_w:unavailable;sm_clock_mhz:sysfs_or_default,fp16,256,2,500,2,244,batch,same,same,discard,0,32,0,20,none,0,303062.0,,,,,303.062,0.322368,,,,,108.98807504735005,65.05459598967639,15092,0.000000000,1,cbd4bf63a1e27ae7244edfb3fdb5a169663f95170ab8a5ad113bc257082215ab,2,3,19,10,2,0,0,"static single-case binary; CUDA event includes setup/readback, clock64 covers timed window"
calibration,v2_calibration_fp16_n128_q1_batch_same_in0_same_discard_h10000000_b1_none_ops0,1,,NVIDIA Thor,11.0,580.00,13.0,1575.000,,,,mem_clock_mhz:unavailable;temperature_c:unavailable;power_w:unavailable;sm_clock_mhz:sysfs_or_default,fp16,128,1,500,0,245,batch,same,same,discard,0,10000000,1,1,none,0,215654.0,,,,,431.308,0.23728,,,,,1.9145334656440407,1.1047875927174646,500,0.000000000,1,5de932703e9c79feeec7f2e6c8102125f17f67a861c43562cfdf37767acac0a1,1,3,19,10,2,0,0,"static single-case binary; CUDA event includes setup/readback, clock64 covers timed window"
calibration,v2_calibration_fp16_n128_q1_batch_same_in0_same_discard_h10000000_b1_none_ops0,1,,NVIDIA Thor,11.0,580.00,13.0,1575.000,,,,mem_clock_mhz:unavailable;temperature_c:unavailable;power_w:unavailable;sm_clock_mhz:sysfs_or_default,fp16,128,1,500,1,245,batch,same,same,discard,0,10000000,1,1,none,0,215655.0,,,,,431.31,0.235296,,,,,1.9145245878834247,1.1141030871753026,500,0.000000000,1,5de932703e9c79feeec7f2e6c8102125f17f67a861c43562cfdf37767acac0a1,1,3,19,10,2,0,0,"static single-case binary; CUDA event includes setup/readback, clock64 covers timed window"
calibration,v2_calibration_fp16_n128_q1_batch_same_in0_same_discard_h10000000_b1_none_ops0,1,,NVIDIA Thor,11.0,580.00,13.0,1575.000,,,,mem_clock_mhz:unavailable;temperature_c:unavailable;power_w:unavailable;sm_clock_mhz:sysfs_or_default,fp16,128,1,500,2,245,batch,same,same,discard,0,10000000,1,1,none,0,215655.0,,,,,431.31,0.235424,,,,,1.9145245878834247,1.1134973494630964,500,0.000000000,1,5de932703e9c79feeec7f2e6c8102125f17f67a861c43562cfdf37767acac0a1,1,3,19,10,2,0,0,"static single-case binary; CUDA event includes setup/readback, clock64 covers timed window"
control,v2_control_bf16_n256_q64_empty_same_in0_same_discard_h10000000_b0_none_ops0,1,,NVIDIA Thor,11.0,580.00,13.0,1575.000,,,,mem_clock_mhz:unavailable;temperature_c:unavailable;power_w:unavailable;sm_clock_mhz:sysfs_or_default,bf16,256,64,1000,0,246,empty,same,same,discard,0,10000000,0,20,none,0,264113.0,,,,,,0.299168,,,,,,,0,0.000000000,1,2ce5f806f3a5d6684981897baeca113ce3f4145687ee790d97935b478626cd25,0,2,16,9,2,0,0,"static single-case binary; CUDA event includes setup/readback, clock64 covers timed window"
control,v2_control_bf16_n256_q64_empty_same_in0_same_discard_h10000000_b0_none_ops0,1,,NVIDIA Thor,11.0,580.00,13.0,1575.000,,,,mem_clock_mhz:unavailable;temperature_c:unavailable;power_w:unavailable;sm_clock_mhz:sysfs_or_default,bf16,256,64,1000,1,246,empty,same,same,discard,0,10000000,0,20,none,0,264111.0,,,,,,0.300096,,,,,,,0,0.000000000,1,2ce5f806f3a5d6684981897baeca113ce3f4145687ee790d97935b478626cd25,0,2,16,9,2,0,0,"static single-case binary; CUDA event includes setup/readback, clock64 covers timed window"
control,v2_control_bf16_n256_q64_empty_same_in0_same_discard_h10000000_b0_none_ops0,1,,NVIDIA Thor,11.0,580.00,13.0,1575.000,,,,mem_clock_mhz:unavailable;temperature_c:unavailable;power_w:unavailable;sm_clock_mhz:sysfs_or_default,bf16,256,64,1000,2,246,empty,same,same,discard,0,10000000,0,20,none,0,264110.0,,,,,,0.301184,,,,,,,0,0.000000000,1,2ce5f806f3a5d6684981897baeca113ce3f4145687ee790d97935b478626cd25,0,2,16,9,2,0,0,"static single-case binary; CUDA event includes setup/readback, clock64 covers timed window"
control,v2_control_bf16_n128_q1_commit_wait_same_in0_same_discard_h32_b0_none_ops0,1,,NVIDIA Thor,11.0,580.00,13.0,1575.000,,,,mem_clock_mhz:unavailable;temperature_c:unavailable;power_w:unavailable;sm_clock_mhz:sysfs_or_default,bf16,128,1,1000,0,247,commit_wait,same,same,discard,0,32,0,20,none,0,258150.0,,,,,,0.295264,,,,,,,20000,0.000000000,1,1608e60404c0baa2b691c7834336020800f245bdcc2381c506e6c7ec1364fae2,0,3,19,9,2,0,0,"static single-case binary; CUDA event includes setup/readback, clock64 covers timed window"
control,v2_control_bf16_n128_q1_commit_wait_same_in0_same_discard_h32_b0_none_ops0,1,,NVIDIA Thor,11.0,580.00,13.0,1575.000,,,,mem_clock_mhz:unavailable;temperature_c:unavailable;power_w:unavailable;sm_clock_mhz:sysfs_or_default,bf16,128,1,1000,1,247,commit_wait,same,same,discard,0,32,0,20,none,0,258146.0,,,,,,0.296864,,,,,,,20000,0.000000000,1,1608e60404c0baa2b691c7834336020800f245bdcc2381c506e6c7ec1364fae2,0,3,19,9,2,0,0,"static single-case binary; CUDA event includes setup/readback, clock64 covers timed window"
control,v2_control_bf16_n128_q1_commit_wait_same_in0_same_discard_h32_b0_none_ops0,1,,NVIDIA Thor,11.0,580.00,13.0,1575.000,,,,mem_clock_mhz:unavailable;temperature_c:unavailable;power_w:unavailable;sm_clock_mhz:sysfs_or_default,bf16,128,1,1000,2,247,commit_wait,same,same,discard,0,32,0,20,none,0,258153.0,,,,,,0.295392,,,,,,,20000,0.000000000,1,1608e60404c0baa2b691c7834336020800f245bdcc2381c506e6c7ec1364fae2,0,3,19,9,2,0,0,"static single-case binary; CUDA event includes setup/readback, clock64 covers timed window"
calibration,v2_calibration_fp16_n256_q8_batch_same_in1_same_discard_h10000000_b0_none_ops0,1,,NVIDIA Thor,11.0,580.00,13.0,1575.000,,,,mem_clock_mhz:unavailable;temperature_c:unavailable;power_w:unavailable;sm_clock_mhz:sysfs_or_default,fp16,256,8,500,0,248,batch,same,same,discard,1,10000000,0,20,none,0,703149.0,,,,,175.78725,0.576,,,,,187.89840560108883,145.63555555555558,10000,0.000000000,1,acda6f43274de55976eff6a16aa1ec4b0db569e55dc3706970a8d9e6754c34cf,8,3,19,10,2,0,0,"static single-case binary; CUDA event includes setup/readback, clock64 covers timed window"
calibration,v2_calibration_fp16_n256_q8_batch_same_in1_same_discard_h10000000_b0_none_ops0,1,,NVIDIA Thor,11.0,580.00,13.0,1575.000,,,,mem_clock_mhz:unavailable;temperature_c:unavailable;power_w:unavailable;sm_clock_mhz:sysfs_or_default,fp16,256,8,500,1,248,batch,same,same,discard,1,10000000,0,20,none,0,703150.0,,,,,175.7875,0.575872,,,,,187.89813837730213,145.6679262058235,10000,0.000000000,1,acda6f43274de55976eff6a16aa1ec4b0db569e55dc3706970a8d9e6754c34cf,8,3,19,10,2,0,0,"static single-case binary; CUDA event includes setup/readback, clock64 covers timed window"
calibration,v2_calibration_fp16_n256_q8_batch_same_in1_same_discard_h10000000_b0_none_ops0,1,,NVIDIA Thor,11.0,580.00,13.0,1575.000,,,,mem_clock_mhz:unavailable;temperature_c:unavailable;power_w:unavailable;sm_clock_mhz:sysfs_or_default,fp16,256,8,500,2,248,batch,same,same,discard,1,10000000,0,20,none,0,703157.0,,,,,175.78925,0.57728,,,,,187.89626783207734,145.31263858093126,10000,0.000000000,1,acda6f43274de55976eff6a16aa1ec4b0db569e55dc3706970a8d9e6754c34cf,8,3,19,10,2,0,0,"static single-case binary; CUDA event includes setup/readback, clock64 covers timed window"
calibration,v2_calibration_fp16_n128_q1_batch_same_in1_same_discard_h0_b0_none_ops0,1,,NVIDIA Thor,11.0,580.00,13.0,1575.000,,,,mem_clock_mhz:unavailable;temperature_c:unavailable;power_w:unavailable;sm_clock_mhz:sysfs_or_default,fp16,128,1,500,0,249,batch,same,same,discard,1,0,0,20,none,0,225134.0,,,,,450.268,0.274368,,,,,36.67831602512282,19.108933986470728,10000,0.000000000,1,484b10651d65bc3bcc2dbee520ede22f87877f5504ece0d698336a34d3e2724f,1,3,19,10,2,0,0,"static single-case binary; CUDA event includes setup/readback, clock64 covers timed window"
calibration,v2_calibration_fp16_n128_q1_batch_same_in1_same_discard_h0_b0_none_ops0,1,,NVIDIA Thor,11.0,580.00,13.0,1575.000,,,,mem_clock_mhz:unavailable;temperature_c:unavailable;power_w:unavailable;sm_clock_mhz:sysfs_or_default,fp16,128,1,500,1,249,batch,same,same,discard,1,0,0,20,none,0,225137.0,,,,,450.274,0.274304,,,,,36.67782727850154,19.113392440503965,10000,0.000000000,1,484b10651d65bc3bcc2dbee520ede22f87877f5504ece0d698336a34d3e2724f,1,3,19,10,2,0,0,"static single-case binary; CUDA event includes setup/readback, clock64 covers timed window"
calibration,v2_calibration_fp16_n128_q1_batch_same_in1_same_discard_h0_b0_none_ops0,1,,NVIDIA Thor,11.0,580.00,13.0,1575.000,,,,mem_clock_mhz:unavailable;temperature_c:unavailable;power_w:unavailable;sm_clock_mhz:sysfs_or_default,fp16,128,1,500,2,249,batch,same,same,discard,1,0,0,20,none,0,225131.0,,,,,450.262,0.272416,,,,,36.67880478476976,19.245859274051455,10000,0.000000000,1,484b10651d65bc3bcc2dbee520ede22f87877f5504ece0d698336a34d3e2724f,1,3,19,10,2,0,0,"static single-case binary; CUDA event includes setup/readback, clock64 covers timed window"
calibration,v2_calibration_fp16_n256_q16_batch_ring_in0_same_discard_h32_b1_none_ops0,1,,NVIDIA Thor,11.0,580.00,13.0,1575.000,,,,mem_clock_mhz:unavailable;temperature_c:unavailable;power_w:unavailable;sm_clock_mhz:sysfs_or_default,fp16,256,16,500,0,250,batch,ring,same,discard,0,32,1,1,none,0,1237699.0,,,,,154.712375,0.886656,,,,,10.674693604826375,9.460949906164284,1498,0.000000000,1,dcddda01481b151d8b9c8c92147d1e7382f429a73ed2160c0f64623fd7bc4395,16,3,17,7,2,0,0,"static single-case binary; CUDA event includes setup/readback, clock64 covers timed window"
calibration,v2_calibration_fp16_n256_q16_batch_ring_in0_same_discard_h32_b1_none_ops0,1,,NVIDIA Thor,11.0,580.00,13.0,1575.000,,,,mem_clock_mhz:unavailable;temperature_c:unavailable;power_w:unavailable;sm_clock_mhz:sysfs_or_default,fp16,256,16,500,1,250,batch,ring,same,discard,0,32,1,1,none,0,1235443.0,,,,,154.430375,0.882464,,,,,10.694186295927857,9.505892591652465,1498,0.000000000,1,dcddda01481b151d8b9c8c92147d1e7382f429a73ed2160c0f64623fd7bc4395,16,3,17,7,2,0,0,"static single-case binary; CUDA event includes setup/readback, clock64 covers timed window"
calibration,v2_calibration_fp16_n256_q16_batch_ring_in0_same_discard_h32_b1_none_ops0,1,,NVIDIA Thor,11.0,580.00,13.0,1575.000,,,,mem_clock_mhz:unavailable;temperature_c:unavailable;power_w:unavailable;sm_clock_mhz:sysfs_or_default,fp16,256,16,500,2,250,batch,ring,same,discard,0,32,1,1,none,0,1237325.0,,,,,154.665625,0.882464,,,,,10.677920190734042,9.505892591652465,1499,0.000000000,1,dcddda01481b151d8b9c8c92147d1e7382f429a73ed2160c0f64623fd7bc4395,16,3,17,7,2,0,0,"static single-case binary; CUDA event includes setup/readback, clock64 covers timed window"
calibration,v2_calibration_fp16_n256_q64_batch_ring_in0_same_discard_h32_b0_none_ops0,1,,NVIDIA Thor,11.0,580.00,13.0,1575.000,,,,mem_clock_mhz:unavailable;temperature_c:unavailable;power_w:unavailable;sm_clock_mhz:sysfs_or_default,fp16,256,64,500,0,251,batch,ring,same,discard,0,32,0,20,none,0,4311558.0,,,,,134.7361875,2.867296,,,,,245.14679102078642,234.04930638483086,29966,0.000000000,1,8a24537d19347143a98f46cc08884560562ee7e17bf905e0041c8a36c35a7399,64,3,17,7,2,0,0,"static single-case binary; CUDA event includes setup/readback, clock64 covers timed window"
calibration,v2_calibration_fp16_n256_q64_batch_ring_in0_same_discard_h32_b0_none_ops0,1,,NVIDIA Thor,11.0,580.00,13.0,1575.000,,,,mem_clock_mhz:unavailable;temperature_c:unavailable;power_w:unavailable;sm_clock_mhz:sysfs_or_default,fp16,256,64,500,1,251,batch,ring,same,discard,0,32,0,20,none,0,4311446.0,,,,,134.7326875,2.867392,,,,,245.15315928809034,234.04147043724745,29997,0.000000000,1,8a24537d19347143a98f46cc08884560562ee7e17bf905e0041c8a36c35a7399,64,3,17,7,2,0,0,"static single-case binary; CUDA event includes setup/readback, clock64 covers timed window"
calibration,v2_calibration_fp16_n256_q64_batch_ring_in0_same_discard_h32_b0_none_ops0,1,,NVIDIA Thor,11.0,580.00,13.0,1575.000,,,,mem_clock_mhz:unavailable;temperature_c:unavailable;power_w:unavailable;sm_clock_mhz:sysfs_or_default,fp16,256,64,500,2,251,batch,ring,same,discard,0,32,0,20,none,0,4311292.0,,,,,134.727875,2.870112,,,,,245.16191619588747,233.81966975504787,29997,0.000000000,1,8a24537d19347143a98f46cc08884560562ee7e17bf905e0041c8a36c35a7399,64,3,17,7,2,0,0,"static single-case binary; CUDA event includes setup/readback, clock64 covers timed window"
calibration,v2_calibration_fp16_n128_q4_batch_same_in0_same_discard_h10000000_b0_none_ops0,1,,NVIDIA Thor,11.0,580.00,13.0,1575.000,,,,mem_clock_mhz:unavailable;temperature_c:unavailable;power_w:unavailable;sm_clock_mhz:sysfs_or_default,fp16,128,4,500,0,252,batch,same,same,discard,0,10000000,0,20,none,0,319608.0,,,,,159.804,0.333824,,,,,103.34579860328903,62.822085889570545,10000,0.000000000,1,62c1f5b6ca1a605d859a2040bddfdf0e74b400acb599ca40567c2c628aa22ef8,4,3,19,10,2,0,0,"static single-case binary; CUDA event includes setup/readback, clock64 covers timed window"
calibration,v2_calibration_fp16_n128_q4_batch_same_in0_same_discard_h10000000_b0_none_ops0,1,,NVIDIA Thor,11.0,580.00,13.0,1575.000,,,,mem_clock_mhz:unavailable;temperature_c:unavailable;power_w:unavailable;sm_clock_mhz:sysfs_or_default,fp16,128,4,500,1,252,batch,same,same,discard,0,10000000,0,20,none,0,319606.0,,,,,159.803,0.332672,,,,,103.34644531078892,63.0396306271643,10000,0.000000000,1,62c1f5b6ca1a605d859a2040bddfdf0e74b400acb599ca40567c2c628aa22ef8,4,3,19,10,2,0,0,"static single-case binary; CUDA event includes setup/readback, clock64 covers timed window"
calibration,v2_calibration_fp16_n128_q4_batch_same_in0_same_discard_h10000000_b0_none_ops0,1,,NVIDIA Thor,11.0,580.00,13.0,1575.000,,,,mem_clock_mhz:unavailable;temperature_c:unavailable;power_w:unavailable;sm_clock_mhz:sysfs_or_default,fp16,128,4,500,2,252,batch,same,same,discard,0,10000000,0,20,none,0,319605.0,,,,,159.8025,0.332672,,,,,103.34676866757405,63.0396306271643,10000,0.000000000,1,62c1f5b6ca1a605d859a2040bddfdf0e74b400acb599ca40567c2c628aa22ef8,4,3,19,10,2,0,0,"static single-case binary; CUDA event includes setup/readback, clock64 covers timed window"
calibration,v2_calibration_fp16_n256_q64_batch_same_in1_same_discard_h32_b0_none_ops0,1,,NVIDIA Thor,11.0,580.00,13.0,1575.000,,,,mem_clock_mhz:unavailable;temperature_c:unavailable;power_w:unavailable;sm_clock_mhz:sysfs_or_default,fp16,256,64,500,0,253,batch,same,same,discard,1,32,0,20,none,0,4308413.0,,,,,134.63790625,3.271552,,,,,245.32574012751328,205.12852615517042,29964,0.000000000,1,b7edda32b16a5ba1ae480630d5202963e4c44aa3eeea5047ebc25f9c3704f4bd,64,3,19,10,2,0,0,"static single-case binary; CUDA event includes setup/readback, clock64 covers timed window"
calibration,v2_calibration_fp16_n256_q64_batch_same_in1_same_discard_h32_b0_none_ops0,1,,NVIDIA Thor,11.0,580.00,13.0,1575.000,,,,mem_clock_mhz:unavailable;temperature_c:unavailable;power_w:unavailable;sm_clock_mhz:sysfs_or_default,fp16,256,64,500,1,253,batch,same,same,discard,1,32,0,20,none,0,4308345.0,,,,,134.63578125,3.2736,,,,,245.32961218286835,205.00019550342128,29972,0.000000000,1,b7edda32b16a5ba1ae480630d5202963e4c44aa3eeea5047ebc25f9c3704f4bd,64,3,19,10,2,0,0,"static single-case binary; CUDA event includes setup/readback, clock64 covers timed window"
calibration,v2_calibration_fp16_n256_q64_batch_same_in1_same_discard_h32_b0_none_ops0,1,,NVIDIA Thor,11.0,580.00,13.0,1575.000,,,,mem_clock_mhz:unavailable;temperature_c:unavailable;power_w:unavailable;sm_clock_mhz:sysfs_or_default,fp16,256,64,500,2,253,batch,same,same,discard,1,32,0,20,none,0,4308210.0,,,,,134.6315625,3.451872,,,,,245.33729971380225,194.41295621622123,29980,0.000000000,1,b7edda32b16a5ba1ae480630d5202963e4c44aa3eeea5047ebc25f9c3704f4bd,64,3,19,10,2,0,0,"static single-case binary; CUDA event includes setup/readback, clock64 covers timed window"
calibration,v2_calibration_bf16_n128_q2_batch_same_in1_same_discard_h0_b0_none_ops0,1,,NVIDIA Thor,11.0,580.00,13.0,1575.000,,,,mem_clock_mhz:unavailable;temperature_c:unavailable;power_w:unavailable;sm_clock_mhz:sysfs_or_default,bf16,128,2,500,0,254,batch,same,same,discard,1,0,0,20,none,0,247139.0,,,,,247.139,0.287808,,,,,66.82503368549682,36.43317767400489,10000,0.000000000,1,996805b4a9f49ae89b219e805c17bac94c3ec6fa0f570ef4cb712cc445cb4ee5,2,3,19,10,2,0,0,"static single-case binary; CUDA event includes setup/readback, clock64 covers timed window"
calibration,v2_calibration_bf16_n128_q2_batch_same_in1_same_discard_h0_b0_none_ops0,1,,NVIDIA Thor,11.0,580.00,13.0,1575.000,,,,mem_clock_mhz:unavailable;temperature_c:unavailable;power_w:unavailable;sm_clock_mhz:sysfs_or_default,bf16,128,2,500,1,254,batch,same,same,discard,1,0,0,20,none,0,247147.0,,,,,247.147,0.288096,,,,,66.82287059927897,36.39675663667666,10000,0.000000000,1,996805b4a9f49ae89b219e805c17bac94c3ec6fa0f570ef4cb712cc445cb4ee5,2,3,19,10,2,0,0,"static single-case binary; CUDA event includes setup/readback, clock64 covers timed window"
calibration,v2_calibration_bf16_n128_q2_batch_same_in1_same_discard_h0_b0_none_ops0,1,,NVIDIA Thor,11.0,580.00,13.0,1575.000,,,,mem_clock_mhz:unavailable;temperature_c:unavailable;power_w:unavailable;sm_clock_mhz:sysfs_or_default,bf16,128,2,500,2,254,batch,same,same,discard,1,0,0,20,none,0,247139.0,,,,,247.139,0.286944,,,,,66.82503368549682,36.54287944686072,10000,0.000000000,1,996805b4a9f49ae89b219e805c17bac94c3ec6fa0f570ef4cb712cc445cb4ee5,2,3,19,10,2,0,0,"static single-case binary; CUDA event includes setup/readback, clock64 covers timed window"
calibration,v2_calibration_fp16_n128_q32_batch_same_in0_same_discard_h32_b0_none_ops0,1,,NVIDIA Thor,11.0,580.00,13.0,1575.000,,,,mem_clock_mhz:unavailable;temperature_c:unavailable;power_w:unavailable;sm_clock_mhz:sysfs_or_default,fp16,128,32,500,0,255,batch,same,same,discard,0,32,0,20,none,0,1188897.0,,,,,74.3060625,0.88464,,,,,222.257396561687,189.65020799421234,12477,0.000000000,1,16bca5148debad52d6c483acaf92169b8333ad4dde32eabd25e1fa6163c86fe2,32,3,19,10,2,0,0,"static single-case binary; CUDA event includes setup/readback, clock64 covers timed window"
calibration,v2_calibration_fp16_n128_q32_batch_same_in0_same_discard_h32_b0_none_ops0,1,,NVIDIA Thor,11.0,580.00,13.0,1575.000,,,,mem_clock_mhz:unavailable;temperature_c:unavailable;power_w:unavailable;sm_clock_mhz:sysfs_or_default,fp16,128,32,500,1,255,batch,same,same,discard,0,32,0,20,none,0,1188651.0,,,,,74.2906875,0.885472,,,,,222.30339435208484,189.47201040800837,12267,0.000000000,1,16bca5148debad52d6c483acaf92169b8333ad4dde32eabd25e1fa6163c86fe2,32,3,19,10,2,0,0,"static single-case binary; CUDA event includes setup/readback, clock64 covers timed window"
calibration,v2_calibration_fp16_n128_q32_batch_same_in0_same_discard_h32_b0_none_ops0,1,,NVIDIA Thor,11.0,580.00,13.0,1575.000,,,,mem_clock_mhz:unavailable;temperature_c:unavailable;power_w:unavailable;sm_clock_mhz:sysfs_or_default,fp16,128,32,500,2,255,batch,same,same,discard,0,32,0,20,none,0,1189042.0,,,,,74.315125,0.887104,,,,,222.230292958533,189.12343986725344,12080,0.000000000,1,16bca5148debad52d6c483acaf92169b8333ad4dde32eabd25e1fa6163c86fe2,32,3,19,10,2,0,0,"static single-case binary; CUDA event includes setup/readback, clock64 covers timed window"
calibration,v2_calibration_fp16_n256_q4_batch_ring_in0_same_discard_h0_b0_none_ops0,1,,NVIDIA Thor,11.0,580.00,13.0,1575.000,,,,mem_clock_mhz:unavailable;temperature_c:unavailable;power_w:unavailable;sm_clock_mhz:sysfs_or_default,fp16,256,4,500,0,256,batch,ring,same,discard,0,0,0,20,none,0,425431.0,,,,,212.7155,0.400832,,,,,155.27850109653502,104.63994890627495,19994,0.000000000,1,81232dd83e4f0a5b87d3d798fa058ff75d583ec38ffcfc0e639c9583340955ba,4,3,17,7,2,0,0,"static single-case binary; CUDA event includes setup/readback, clock64 covers timed window"
calibration,v2_calibration_fp16_n256_q4_batch_ring_in0_same_discard_h0_b0_none_ops0,1,,NVIDIA Thor,11.0,580.00,13.0,1575.000,,,,mem_clock_mhz:unavailable;temperature_c:unavailable;power_w:unavailable;sm_clock_mhz:sysfs_or_default,fp16,256,4,500,1,256,batch,ring,same,discard,0,0,0,20,none,0,425297.0,,,,,212.6485,0.40016,,,,,155.3274253051397,104.8156737305078,19989,0.000000000,1,81232dd83e4f0a5b87d3d798fa058ff75d583ec38ffcfc0e639c9583340955ba,4,3,17,7,2,0,0,"static single-case binary; CUDA event includes setup/readback, clock64 covers timed window"
calibration,v2_calibration_fp16_n256_q4_batch_ring_in0_same_discard_h0_b0_none_ops0,1,,NVIDIA Thor,11.0,580.00,13.0,1575.000,,,,mem_clock_mhz:unavailable;temperature_c:unavailable;power_w:unavailable;sm_clock_mhz:sysfs_or_default,fp16,256,4,500,2,256,batch,ring,same,discard,0,0,0,20,none,0,425450.0,,,,,212.725,0.400768,,,,,155.27156657656596,104.65665921430852,19991,0.000000000,1,81232dd83e4f0a5b87d3d798fa058ff75d583ec38ffcfc0e639c9583340955ba,4,3,17,7,2,0,0,"static single-case binary; CUDA event includes setup/readback, clock64 covers timed window"
calibration,v2_calibration_fp16_n256_q32_batch_same_in0_same_discard_h32_b1_none_ops0,1,,NVIDIA Thor,11.0,580.00,13.0,1575.000,,,,mem_clock_mhz:unavailable;temperature_c:unavailable;power_w:unavailable;sm_clock_mhz:sysfs_or_default,fp16,256,32,500,0,257,batch,same,same,discard,0,32,1,1,none,0,2246721.0,,,,,140.4200625,1.524544,,,,,11.761191175940404,11.00474371353008,1500,0.000000000,1,2b7234bbd775dd6641b552d55c630ebc30a5889e84001976ec9bacfdb315300d,32,3,19,10,2,0,0,"static single-case binary; CUDA event includes setup/readback, clock64 covers timed window"
calibration,v2_calibration_fp16_n256_q32_batch_same_in0_same_discard_h32_b1_none_ops0,1,,NVIDIA Thor,11.0,580.00,13.0,1575.000,,,,mem_clock_mhz:unavailable;temperature_c:unavailable;power_w:unavailable;sm_clock_mhz:sysfs_or_default,fp16,256,32,500,1,257,batch,same,same,discard,0,32,1,1,none,0,2246712.0,,,,,140.4195,1.523136,,,,,11.7612382895538,11.014916593134165,1500,0.000000000,1,2b7234bbd775dd6641b552d55c630ebc30a5889e84001976ec9bacfdb315300d,32,3,19,10,2,0,0,"static single-case binary; CUDA event includes setup/readback, clock64 covers timed window"
calibration,v2_calibration_fp16_n256_q32_batch_same_in0_same_discard_h32_b1_none_ops0,1,,NVIDIA Thor,11.0,580.00,13.0,1575.000,,,,mem_clock_mhz:unavailable;temperature_c:unavailable;power_w:unavailable;sm_clock_mhz:sysfs_or_default,fp16,256,32,500,2,257,batch,same,same,discard,0,32,1,1,none,0,2246908.0,,,,,140.43175,1.524288,,,,,11.760212345142747,11.006591930133938,1500,0.000000000,1,2b7234bbd775dd6641b552d55c630ebc30a5889e84001976ec9bacfdb315300d,32,3,19,10,2,0,0,"static single-case binary; CUDA event includes setup/readback, clock64 covers timed window"
calibration,v2_calibration_fp16_n256_q16_batch_ring_in0_same_discard_h32_b0_none_ops0,1,,NVIDIA Thor,11.0,580.00,13.0,1575.000,,,,mem_clock_mhz:unavailable;temperature_c:unavailable;power_w:unavailable;sm_clock_mhz:sysfs_or_default,fp16,256,16,500,0,258,batch,ring,same,discard,0,32,0,20,none,0,1236107.0,,,,,154.513375,0.917248,,,,,213.7688339278072,182.90817750488418,29969,0.000000000,1,dcddda01481b151d8b9c8c92147d1e7382f429a73ed2160c0f64623fd7bc4395,16,3,17,7,2,0,0,"static single-case binary; CUDA event includes setup/readback, clock64 covers timed window"
calibration,v2_calibration_fp16_n256_q16_batch_ring_in0_same_discard_h32_b0_none_ops0,1,,NVIDIA Thor,11.0,580.00,13.0,1575.000,,,,mem_clock_mhz:unavailable;temperature_c:unavailable;power_w:unavailable;sm_clock_mhz:sysfs_or_default,fp16,256,16,500,1,258,batch,ring,same,discard,0,32,0,20,none,0,1235723.0,,,,,154.465375,0.91648,,,,,213.8352624334094,183.06145251396646,29972,0.000000000,1,dcddda01481b151d8b9c8c92147d1e7382f429a73ed2160c0f64623fd7bc4395,16,3,17,7,2,0,0,"static single-case binary; CUDA event includes setup/readback, clock64 covers timed window"
calibration,v2_calibration_fp16_n256_q16_batch_ring_in0_same_discard_h32_b0_none_ops0,1,,NVIDIA Thor,11.0,580.00,13.0,1575.000,,,,mem_clock_mhz:unavailable;temperature_c:unavailable;power_w:unavailable;sm_clock_mhz:sysfs_or_default,fp16,256,16,500,2,258,batch,ring,same,discard,0,32,0,20,none,0,1236486.0,,,,,154.56075,0.915392,,,,,213.7033108340895,183.2790323708313,29960,0.000000000,1,dcddda01481b151d8b9c8c92147d1e7382f429a73ed2160c0f64623fd7bc4395,16,3,17,7,2,0,0,"static single-case binary; CUDA event includes setup/readback, clock64 covers timed window"
calibration,v2_calibration_bf16_n128_q8_batch_same_in1_same_discard_h0_b0_none_ops0,1,,NVIDIA Thor,11.0,580.00,13.0,1575.000,,,,mem_clock_mhz:unavailable;temperature_c:unavailable;power_w:unavailable;sm_clock_mhz:sysfs_or_default,bf16,128,8,500,0,259,batch,same,same,discard,1,0,0,20,none,0,408335.0,,,,,102.08375,0.389536,,,,,161.7796368178089,107.67436129138257,10000,0.000000000,1,33df49499dc7b67f54cfba615c50889dea0b08457b52bfbcca612a279e3c12e2,8,3,19,10,2,0,0,"static single-case binary; CUDA event includes setup/readback, clock64 covers timed window"
calibration,v2_calibration_bf16_n128_q8_batch_same_in1_same_discard_h0_b0_none_ops0,1,,NVIDIA Thor,11.0,580.00,13.0,1575.000,,,,mem_clock_mhz:unavailable;temperature_c:unavailable;power_w:unavailable;sm_clock_mhz:sysfs_or_default,bf16,128,8,500,1,259,batch,same,same,discard,1,0,0,20,none,0,408410.0,,,,,102.1025,0.382624,,,,,161.74992776866384,109.61946976666387,10000,0.000000000,1,33df49499dc7b67f54cfba615c50889dea0b08457b52bfbcca612a279e3c12e2,8,3,19,10,2,0,0,"static single-case binary; CUDA event includes setup/readback, clock64 covers timed window"
calibration,v2_calibration_bf16_n128_q8_batch_same_in1_same_discard_h0_b0_none_ops0,1,,NVIDIA Thor,11.0,580.00,13.0,1575.000,,,,mem_clock_mhz:unavailable;temperature_c:unavailable;power_w:unavailable;sm_clock_mhz:sysfs_or_default,bf16,128,8,500,2,259,batch,same,same,discard,1,0,0,20,none,0,408386.0,,,,,102.0965,0.389248,,,,,161.7594334771515,107.754028280171,10000,0.000000000,1,33df49499dc7b67f54cfba615c50889dea0b08457b52bfbcca612a279e3c12e2,8,3,19,10,2,0,0,"static single-case binary; CUDA event includes setup/readback, clock64 covers timed window"
calibration,v2_calibration_fp16_n128_q2_batch_same_in1_same_discard_h0_b1_none_ops0,1,,NVIDIA Thor,11.0,580.00,13.0,1575.000,,,,mem_clock_mhz:unavailable;temperature_c:unavailable;power_w:unavailable;sm_clock_mhz:sysfs_or_default,fp16,128,2,500,0,260,batch,same,same,discard,1,0,1,1,none,0,247130.0,,,,,247.13,0.256384,,,,,3.341373366244486,2.044932601098352,500,0.000000000,1,cca326f410812f4d02099f7f94f9b78166c5c6489edac0a7de99c2999ca5612f,2,3,19,10,2,0,0,"static single-case binary; CUDA event includes setup/readback, clock64 covers timed window"
calibration,v2_calibration_fp16_n128_q2_batch_same_in1_same_discard_h0_b1_none_ops0,1,,NVIDIA Thor,11.0,580.00,13.0,1575.000,,,,mem_clock_mhz:unavailable;temperature_c:unavailable;power_w:unavailable;sm_clock_mhz:sysfs_or_default,fp16,128,2,500,1,260,batch,same,same,discard,1,0,1,1,none,0,247130.0,,,,,247.13,0.252928,,,,,3.341373366244486,2.0728744939271255,500,0.000000000,1,cca326f410812f4d02099f7f94f9b78166c5c6489edac0a7de99c2999ca5612f,2,3,19,10,2,0,0,"static single-case binary; CUDA event includes setup/readback, clock64 covers timed window"
calibration,v2_calibration_fp16_n128_q2_batch_same_in1_same_discard_h0_b1_none_ops0,1,,NVIDIA Thor,11.0,580.00,13.0,1575.000,,,,mem_clock_mhz:unavailable;temperature_c:unavailable;power_w:unavailable;sm_clock_mhz:sysfs_or_default,fp16,128,2,500,2,260,batch,same,same,discard,1,0,1,1,none,0,247130.0,,,,,247.13,0.2536,,,,,3.341373366244486,2.0673817034700317,500,0.000000000,1,cca326f410812f4d02099f7f94f9b78166c5c6489edac0a7de99c2999ca5612f,2,3,19,10,2,0,0,"static single-case binary; CUDA event includes setup/readback, clock64 covers timed window"
calibration,v2_calibration_bf16_n128_q32_batch_same_in0_same_discard_h10000000_b0_none_ops0,1,,NVIDIA Thor,11.0,580.00,13.0,1575.000,,,,mem_clock_mhz:unavailable;temperature_c:unavailable;power_w:unavailable;sm_clock_mhz:sysfs_or_default,bf16,128,32,500,0,261,batch,same,same,discard,0,10000000,0,20,none,0,1215428.0,,,,,75.96425,0.90048,,,,,217.4058455128564,186.31414356787494,10000,0.000000000,1,c2cac3b5415461651fdc0824c326c2f7d94304e6e9032637c1146a7b8a99fe3f,32,3,19,10,2,0,0,"static single-case binary; CUDA event includes setup/readback, clock64 covers timed window"
calibration,v2_calibration_bf16_n128_q32_batch_same_in0_same_discard_h10000000_b0_none_ops0,1,,NVIDIA Thor,11.0,580.00,13.0,1575.000,,,,mem_clock_mhz:unavailable;temperature_c:unavailable;power_w:unavailable;sm_clock_mhz:sysfs_or_default,bf16,128,32,500,1,261,batch,same,same,discard,0,10000000,0,20,none,0,1215427.0,,,,,75.9641875,0.902976,,,,,217.4060243848458,185.79913530370683,10006,0.000000000,1,c2cac3b5415461651fdc0824c326c2f7d94304e6e9032637c1146a7b8a99fe3f,32,3,19,10,2,0,0,"static single-case binary; CUDA event includes setup/readback, clock64 covers timed window"
calibration,v2_calibration_bf16_n128_q32_batch_same_in0_same_discard_h10000000_b0_none_ops0,1,,NVIDIA Thor,11.0,580.00,13.0,1575.000,,,,mem_clock_mhz:unavailable;temperature_c:unavailable;power_w:unavailable;sm_clock_mhz:sysfs_or_default,bf16,128,32,500,2,261,batch,same,same,discard,0,10000000,0,20,none,0,1215425.0,,,,,75.9640625,0.901632,,,,,217.4063821297077,186.07609312890403,10000,0.000000000,1,c2cac3b5415461651fdc0824c326c2f7d94304e6e9032637c1146a7b8a99fe3f,32,3,19,10,2,0,0,"static single-case binary; CUDA event includes setup/readback, clock64 covers timed window"
calibration,v2_calibration_bf16_n256_q4_batch_same_in1_same_discard_h10000000_b1_none_ops0,1,,NVIDIA Thor,11.0,580.00,13.0,1575.000,,,,mem_clock_mhz:unavailable;temperature_c:unavailable;power_w:unavailable;sm_clock_mhz:sysfs_or_default,bf16,256,4,500,0,262,batch,same,same,discard,1,10000000,1,1,none,0,447262.0,,,,,223.631,0.380288,,,,,7.38496541177207,5.514641534836755,500,0.000000000,1,6ad6d760b96d0f9a8721672e2f01b4c400fb19b14d0f57e0caebaa2d3f0dd80a,4,3,19,10,2,0,0,"static single-case binary; CUDA event includes setup/readback, clock64 covers timed window"
calibration,v2_calibration_bf16_n256_q4_batch_same_in1_same_discard_h10000000_b1_none_ops0,1,,NVIDIA Thor,11.0,580.00,13.0,1575.000,,,,mem_clock_mhz:unavailable;temperature_c:unavailable;power_w:unavailable;sm_clock_mhz:sysfs_or_default,bf16,256,4,500,1,262,batch,same,same,discard,1,10000000,1,1,none,0,447264.0,,,,,223.632,0.379808,,,,,7.384932388924661,5.521610919201281,500,0.000000000,1,6ad6d760b96d0f9a8721672e2f01b4c400fb19b14d0f57e0caebaa2d3f0dd80a,4,3,19,10,2,0,0,"static single-case binary; CUDA event includes setup/readback, clock64 covers timed window"
calibration,v2_calibration_bf16_n256_q4_batch_same_in1_same_discard_h10000000_b1_none_ops0,1,,NVIDIA Thor,11.0,580.00,13.0,1575.000,,,,mem_clock_mhz:unavailable;temperature_c:unavailable;power_w:unavailable;sm_clock_mhz:sysfs_or_default,bf16,256,4,500,2,262,batch,same,same,discard,1,10000000,1,1,none,0,447262.0,,,,,223.631,0.382368,,,,,7.38496541177207,5.484643066365385,500,0.000000000,1,6ad6d760b96d0f9a8721672e2f01b4c400fb19b14d0f57e0caebaa2d3f0dd80a,4,3,19,10,2,0,0,"static single-case binary; CUDA event includes setup/readback, clock64 covers timed window"
calibration,v2_calibration_bf16_n256_q1_batch_ring_in0_same_discard_h0_b0_none_ops0,1,,NVIDIA Thor,11.0,580.00,13.0,1575.000,,,,mem_clock_mhz:unavailable;temperature_c:unavailable;power_w:unavailable;sm_clock_mhz:sysfs_or_default,bf16,256,1,500,0,263,batch,ring,same,discard,0,0,0,20,none,0,225133.0,,,,,450.266,0.274464,,,,,73.35695788711563,38.20450040806809,10000,0.000000000,1,81857b40ebf2a134430c3177b45ca3b129af4733c46de2aa8d5ac6db03449991,1,3,17,7,2,0,0,"static single-case binary; CUDA event includes setup/readback, clock64 covers timed window"
calibration,v2_calibration_bf16_n256_q1_batch_ring_in0_same_discard_h0_b0_none_ops0,1,,NVIDIA Thor,11.0,580.00,13.0,1575.000,,,,mem_clock_mhz:unavailable;temperature_c:unavailable;power_w:unavailable;sm_clock_mhz:sysfs_or_default,bf16,256,1,500,1,263,batch,ring,same,discard,0,0,0,20,none,0,225127.0,,,,,450.254,0.274848,,,,,73.35891296912409,38.15112353009664,10000,0.000000000,1,81857b40ebf2a134430c3177b45ca3b129af4733c46de2aa8d5ac6db03449991,1,3,17,7,2,0,0,"static single-case binary; CUDA event includes setup/readback, clock64 covers timed window"
calibration,v2_calibration_bf16_n256_q1_batch_ring_in0_same_discard_h0_b0_none_ops0,1,,NVIDIA Thor,11.0,580.00,13.0,1575.000,,,,mem_clock_mhz:unavailable;temperature_c:unavailable;power_w:unavailable;sm_clock_mhz:sysfs_or_default,bf16,256,1,500,2,263,batch,ring,same,discard,0,0,0,20,none,0,225129.0,,,,,450.258,0.2752,,,,,73.35826126354223,38.10232558139534,10000,0.000000000,1,81857b40ebf2a134430c3177b45ca3b129af4733c46de2aa8d5ac6db03449991,1,3,17,7,2,0,0,"static single-case binary; CUDA event includes setup/readback, clock64 covers timed window"
calibration,v2_calibration_fp16_n256_q8_batch_ring_in0_same_discard_h10000000_b0_none_ops0,1,,NVIDIA Thor,11.0,580.00,13.0,1575.000,,,,mem_clock_mhz:unavailable;temperature_c:unavailable;power_w:unavailable;sm_clock_mhz:sysfs_or_default,fp16,256,8,500,0,264,batch,ring,same,discard,0,10000000,0,20,none,0,703152.0,,,,,175.788,0.577856,,,,,187.897603932009,145.16779266806952,10000,0.000000000,1,60dae41e0ce190378bf904b44d59af1b02522c632fee646decb8c14a2e593be7,8,3,17,7,2,0,0,"static single-case binary; CUDA event includes setup/readback, clock64 covers timed window"
calibration,v2_calibration_fp16_n256_q8_batch_ring_in0_same_discard_h10000000_b0_none_ops0,1,,NVIDIA Thor,11.0,580.00,13.0,1575.000,,,,mem_clock_mhz:unavailable;temperature_c:unavailable;power_w:unavailable;sm_clock_mhz:sysfs_or_default,fp16,256,8,500,1,264,batch,ring,same,discard,0,10000000,0,20,none,0,703153.0,,,,,175.78825,0.578592,,,,,187.89733671050257,144.9831314639677,10000,0.000000000,1,60dae41e0ce190378bf904b44d59af1b02522c632fee646decb8c14a2e593be7,8,3,17,7,2,0,0,"static single-case binary; CUDA event includes setup/readback, clock64 covers timed window"
calibration,v2_calibration_fp16_n256_q8_batch_ring_in0_same_discard_h10000000_b0_none_ops0,1,,NVIDIA Thor,11.0,580.00,13.0,1575.000,,,,mem_clock_mhz:unavailable;temperature_c:unavailable;power_w:unavailable;sm_clock_mhz:sysfs_or_default,fp16,256,8,500,2,264,batch,ring,same,discard,0,10000000,0,20,none,0,703152.0,,,,,175.788,0.578144,,,,,187.897603932009,145.0954779432114,10000,0.000000000,1,60dae41e0ce190378bf904b44d59af1b02522c632fee646decb8c14a2e593be7,8,3,17,7,2,0,0,"static single-case binary; CUDA event includes setup/readback, clock64 covers timed window"
calibration,v2_calibration_bf16_n128_q8_batch_ring_in0_same_discard_h10000000_b0_none_ops0,1,,NVIDIA Thor,11.0,580.00,13.0,1575.000,,,,mem_clock_mhz:unavailable;temperature_c:unavailable;power_w:unavailable;sm_clock_mhz:sysfs_or_default,bf16,128,8,500,0,265,batch,ring,same,discard,0,10000000,0,20,none,0,447448.0,,,,,111.862,0.414272,,,,,147.63791099747905,101.24517225397807,10000,0.000000000,1,f8bbb56ccc7c02349aed24932a902fa0816a8d5ec725dd4d2eccbed23e07ab65,8,3,17,7,2,0,0,"static single-case binary; CUDA event includes setup/readback, clock64 covers timed window"
calibration,v2_calibration_bf16_n128_q8_batch_ring_in0_same_discard_h10000000_b0_none_ops0,1,,NVIDIA Thor,11.0,580.00,13.0,1575.000,,,,mem_clock_mhz:unavailable;temperature_c:unavailable;power_w:unavailable;sm_clock_mhz:sysfs_or_default,bf16,128,8,500,1,265,batch,ring,same,discard,0,10000000,0,20,none,0,447444.0,,,,,111.861,0.415744,,,,,147.63923083112078,100.88669950738915,10000,0.000000000,1,f8bbb56ccc7c02349aed24932a902fa0816a8d5ec725dd4d2eccbed23e07ab65,8,3,17,7,2,0,0,"static single-case binary; CUDA event includes setup/readback, clock64 covers timed window"
calibration,v2_calibration_bf16_n128_q8_batch_ring_in0_same_discard_h10000000_b0_none_ops0,1,,NVIDIA Thor,11.0,580.00,13.0,1575.000,,,,mem_clock_mhz:unavailable;temperature_c:unavailable;power_w:unavailable;sm_clock_mhz:sysfs_or_default,bf16,128,8,500,2,265,batch,ring,same,discard,0,10000000,0,20,none,0,447444.0,,,,,111.861,0.413312,,,,,147.63923083112078,101.48033446887581,10000,0.000000000,1,f8bbb56ccc7c02349aed24932a902fa0816a8d5ec725dd4d2eccbed23e07ab65,8,3,17,7,2,0,0,"static single-case binary; CUDA event includes setup/readback, clock64 covers timed window"
calibration,v2_calibration_bf16_n128_q16_batch_ring_in0_same_discard_h10000000_b0_none_ops0,1,,NVIDIA Thor,11.0,580.00,13.0,1575.000,,,,mem_clock_mhz:unavailable;temperature_c:unavailable;power_w:unavailable;sm_clock_mhz:sysfs_or_default,bf16,128,16,500,0,266,batch,ring,same,discard,0,10000000,0,20,none,0,703430.0,,,,,87.92875,0.575328,,,,,187.82334560652802,145.80566216141057,10000,0.000000000,1,a53116e86327ba2f863e8c3b94953635b7023d953b8b0682b91bc352bc03142e,16,3,17,7,2,0,0,"static single-case binary; CUDA event includes setup/readback, clock64 covers timed window"
calibration,v2_calibration_bf16_n128_q16_batch_ring_in0_same_discard_h10000000_b0_none_ops0,1,,NVIDIA Thor,11.0,580.00,13.0,1575.000,,,,mem_clock_mhz:unavailable;temperature_c:unavailable;power_w:unavailable;sm_clock_mhz:sysfs_or_default,bf16,128,16,500,1,266,batch,ring,same,discard,0,10000000,0,20,none,0,703426.0,,,,,87.92825,0.576672,,,,,187.82441365545202,145.46584540258587,10000,0.000000000,1,a53116e86327ba2f863e8c3b94953635b7023d953b8b0682b91bc352bc03142e,16,3,17,7,2,0,0,"static single-case binary; CUDA event includes setup/readback, clock64 covers timed window"
calibration,v2_calibration_bf16_n128_q16_batch_ring_in0_same_discard_h10000000_b0_none_ops0,1,,NVIDIA Thor,11.0,580.00,13.0,1575.000,,,,mem_clock_mhz:unavailable;temperature_c:unavailable;power_w:unavailable;sm_clock_mhz:sysfs_or_default,bf16,128,16,500,2,266,batch,ring,same,discard,0,10000000,0,20,none,0,703430.0,,,,,87.92875,0.599712,,,,,187.82334560652802,139.87727442505735,10000,0.000000000,1,a53116e86327ba2f863e8c3b94953635b7023d953b8b0682b91bc352bc03142e,16,3,17,7,2,0,0,"static single-case binary; CUDA event includes setup/readback, clock64 covers timed window"
calibration,v2_calibration_bf16_n256_q64_batch_same_in1_same_discard_h10000000_b1_none_ops0,1,,NVIDIA Thor,11.0,580.00,13.0,1575.000,,,,mem_clock_mhz:unavailable;temperature_c:unavailable;power_w:unavailable;sm_clock_mhz:sysfs_or_default,bf16,256,64,500,0,267,batch,same,same,discard,1,10000000,1,1,none,0,4797213.0,,,,,149.91290625,3.136096,,,,,11.01644442304313,10.69942756854382,500,0.000000000,1,d1d3684a720a896eb8094fe967a3dbfc87322795dcfd819b9b7f8207c73d94b6,64,3,19,10,2,0,0,"static single-case binary; CUDA event includes setup/readback, clock64 covers timed window"
calibration,v2_calibration_bf16_n256_q64_batch_same_in1_same_discard_h10000000_b1_none_ops0,1,,NVIDIA Thor,11.0,580.00,13.0,1575.000,,,,mem_clock_mhz:unavailable;temperature_c:unavailable;power_w:unavailable;sm_clock_mhz:sysfs_or_default,bf16,256,64,500,1,267,batch,same,same,discard,1,10000000,1,1,none,0,4293632.0,,,,,134.176,2.824384,,,,,12.308514190317196,11.880265572953254,500,0.000000000,1,d1d3684a720a896eb8094fe967a3dbfc87322795dcfd819b9b7f8207c73d94b6,64,3,19,10,2,0,0,"static single-case binary; CUDA event includes setup/readback, clock64 covers timed window"
calibration,v2_calibration_bf16_n256_q64_batch_same_in1_same_discard_h10000000_b1_none_ops0,1,,NVIDIA Thor,11.0,580.00,13.0,1575.000,,,,mem_clock_mhz:unavailable;temperature_c:unavailable;power_w:unavailable;sm_clock_mhz:sysfs_or_default,bf16,256,64,500,2,267,batch,same,same,discard,1,10000000,1,1,none,0,4293632.0,,,,,134.176,2.823264,,,,,12.308514190317196,11.884978521314338,500,0.000000000,1,d1d3684a720a896eb8094fe967a3dbfc87322795dcfd819b9b7f8207c73d94b6,64,3,19,10,2,0,0,"static single-case binary; CUDA event includes setup/readback, clock64 covers timed window"
control,v2_control_fp16_n256_q64_empty_same_in0_same_discard_h0_b1_none_ops0,1,,NVIDIA Thor,11.0,580.00,13.0,1575.000,,,,mem_clock_mhz:unavailable;temperature_c:unavailable;power_w:unavailable;sm_clock_mhz:sysfs_or_default,fp16,256,64,1000,0,268,empty,same,same,discard,0,0,1,1,none,0,264107.0,,,,,,0.264704,,,,,,,0,0.000000000,1,ef888c4db66b1692d11972ace8c56fb72ad6f2a5e93243529d29bb93f6de2ef1,0,2,16,9,2,0,0,"static single-case binary; CUDA event includes setup/readback, clock64 covers timed window"
control,v2_control_fp16_n256_q64_empty_same_in0_same_discard_h0_b1_none_ops0,1,,NVIDIA Thor,11.0,580.00,13.0,1575.000,,,,mem_clock_mhz:unavailable;temperature_c:unavailable;power_w:unavailable;sm_clock_mhz:sysfs_or_default,fp16,256,64,1000,1,268,empty,same,same,discard,0,0,1,1,none,0,264107.0,,,,,,0.265536,,,,,,,0,0.000000000,1,ef888c4db66b1692d11972ace8c56fb72ad6f2a5e93243529d29bb93f6de2ef1,0,2,16,9,2,0,0,"static single-case binary; CUDA event includes setup/readback, clock64 covers timed window"
control,v2_control_fp16_n256_q64_empty_same_in0_same_discard_h0_b1_none_ops0,1,,NVIDIA Thor,11.0,580.00,13.0,1575.000,,,,mem_clock_mhz:unavailable;temperature_c:unavailable;power_w:unavailable;sm_clock_mhz:sysfs_or_default,fp16,256,64,1000,2,268,empty,same,same,discard,0,0,1,1,none,0,264107.0,,,,,,0.26576,,,,,,,0,0.000000000,1,ef888c4db66b1692d11972ace8c56fb72ad6f2a5e93243529d29bb93f6de2ef1,0,2,16,9,2,0,0,"static single-case binary; CUDA event includes setup/readback, clock64 covers timed window"
calibration,v2_calibration_bf16_n256_q16_batch_same_in0_same_discard_h0_b0_none_ops0,1,,NVIDIA Thor,11.0,580.00,13.0,1575.000,,,,mem_clock_mhz:unavailable;temperature_c:unavailable;power_w:unavailable;sm_clock_mhz:sysfs_or_default,bf16,256,16,500,0,269,batch,same,same,discard,0,0,0,20,none,0,1238398.0,,,,,154.79975,0.917088,,,,,213.37336785104628,182.9400886283541,30000,0.000000000,1,1697f0c68da756b6ee0399272054a866c2e13a9a982353dd40123aee1a69a07b,16,3,19,10,2,0,0,"static single-case binary; CUDA event includes setup/readback, clock64 covers timed window"
calibration,v2_calibration_bf16_n256_q16_batch_same_in0_same_discard_h0_b0_none_ops0,1,,NVIDIA Thor,11.0,580.00,13.0,1575.000,,,,mem_clock_mhz:unavailable;temperature_c:unavailable;power_w:unavailable;sm_clock_mhz:sysfs_or_default,bf16,256,16,500,1,269,batch,same,same,discard,0,0,0,20,none,0,1238540.0,,,,,154.8175,0.918464,,,,,213.34890435512781,182.66601630548396,30000,0.000000000,1,1697f0c68da756b6ee0399272054a866c2e13a9a982353dd40123aee1a69a07b,16,3,19,10,2,0,0,"static single-case binary; CUDA event includes setup/readback, clock64 covers timed window"
calibration,v2_calibration_bf16_n256_q16_batch_same_in0_same_discard_h0_b0_none_ops0,1,,NVIDIA Thor,11.0,580.00,13.0,1575.000,,,,mem_clock_mhz:unavailable;temperature_c:unavailable;power_w:unavailable;sm_clock_mhz:sysfs_or_default,bf16,256,16,500,2,269,batch,same,same,discard,0,0,0,20,none,0,1238760.0,,,,,154.845,0.917088,,,,,213.31101424004646,182.9400886283541,29998,0.000000000,1,1697f0c68da756b6ee0399272054a866c2e13a9a982353dd40123aee1a69a07b,16,3,19,10,2,0,0,"static single-case binary; CUDA event includes setup/readback, clock64 covers timed window"
calibration,v2_calibration_fp16_n128_q16_batch_ring_in0_same_discard_h10000000_b0_none_ops0,1,,NVIDIA Thor,11.0,580.00,13.0,1575.000,,,,mem_clock_mhz:unavailable;temperature_c:unavailable;power_w:unavailable;sm_clock_mhz:sysfs_or_default,fp16,128,16,500,0,270,batch,ring,same,discard,0,10000000,0,20,none,0,703427.0,,,,,87.928375,0.57808,,,,,187.82414664208224,145.11154165513423,10000,0.000000000,1,98207e519a3b8d53746faade5abfcaadc4053c02efc559aa13c235f4fef889c6,16,3,17,7,2,0,0,"static single-case binary; CUDA event includes setup/readback, clock64 covers timed window"
calibration,v2_calibration_fp16_n128_q16_batch_ring_in0_same_discard_h10000000_b0_none_ops0,1,,NVIDIA Thor,11.0,580.00,13.0,1575.000,,,,mem_clock_mhz:unavailable;temperature_c:unavailable;power_w:unavailable;sm_clock_mhz:sysfs_or_default,fp16,128,16,500,1,270,batch,ring,same,discard,0,10000000,0,20,none,0,703431.0,,,,,87.928875,0.578976,,,,,187.82307859619493,144.88697286243297,10000,0.000000000,1,98207e519a3b8d53746faade5abfcaadc4053c02efc559aa13c235f4fef889c6,16,3,17,7,2,0,0,"static single-case binary; CUDA event includes setup/readback, clock64 covers timed window"
calibration,v2_calibration_fp16_n128_q16_batch_ring_in0_same_discard_h10000000_b0_none_ops0,1,,NVIDIA Thor,11.0,580.00,13.0,1575.000,,,,mem_clock_mhz:unavailable;temperature_c:unavailable;power_w:unavailable;sm_clock_mhz:sysfs_or_default,fp16,128,16,500,2,270,batch,ring,same,discard,0,10000000,0,20,none,0,703429.0,,,,,87.928625,0.577888,,,,,187.82361261762026,145.15975413921038,10000,0.000000000,1,98207e519a3b8d53746faade5abfcaadc4053c02efc559aa13c235f4fef889c6,16,3,17,7,2,0,0,"static single-case binary; CUDA event includes setup/readback, clock64 covers timed window"
calibration,v2_calibration_fp16_n256_q32_batch_same_in0_same_discard_h0_b1_none_ops0,1,,NVIDIA Thor,11.0,580.00,13.0,1575.000,,,,mem_clock_mhz:unavailable;temperature_c:unavailable;power_w:unavailable;sm_clock_mhz:sysfs_or_default,fp16,256,32,500,0,271,batch,same,same,discard,0,0,1,1,none,0,2261865.0,,,,,141.3665625,1.533312,,,,,11.68244576930984,10.94181484264129,1500,0.000000000,1,743d982e9124fe4dc0a4137f9e1d5b373076d07dc77ffc91a25db9132a448b1f,32,3,19,10,2,0,0,"static single-case binary; CUDA event includes setup/readback, clock64 covers timed window"
calibration,v2_calibration_fp16_n256_q32_batch_same_in0_same_discard_h0_b1_none_ops0,1,,NVIDIA Thor,11.0,580.00,13.0,1575.000,,,,mem_clock_mhz:unavailable;temperature_c:unavailable;power_w:unavailable;sm_clock_mhz:sysfs_or_default,fp16,256,32,500,1,271,batch,same,same,discard,0,0,1,1,none,0,2261842.0,,,,,141.365125,1.533472,,,,,11.682564564633603,10.940673191294007,1500,0.000000000,1,743d982e9124fe4dc0a4137f9e1d5b373076d07dc77ffc91a25db9132a448b1f,32,3,19,10,2,0,0,"static single-case binary; CUDA event includes setup/readback, clock64 covers timed window"
calibration,v2_calibration_fp16_n256_q32_batch_same_in0_same_discard_h0_b1_none_ops0,1,,NVIDIA Thor,11.0,580.00,13.0,1575.000,,,,mem_clock_mhz:unavailable;temperature_c:unavailable;power_w:unavailable;sm_clock_mhz:sysfs_or_default,fp16,256,32,500,2,271,batch,same,same,discard,0,0,1,1,none,0,2261790.0,,,,,141.361875,1.533216,,,,,11.682833154271616,10.942499947822094,1500,0.000000000,1,743d982e9124fe4dc0a4137f9e1d5b373076d07dc77ffc91a25db9132a448b1f,32,3,19,10,2,0,0,"static single-case binary; CUDA event includes setup/readback, clock64 covers timed window"
calibration,v2_calibration_bf16_n128_q2_batch_ring_in0_same_discard_h10000000_b0_none_ops0,1,,NVIDIA Thor,11.0,580.00,13.0,1575.000,,,,mem_clock_mhz:unavailable;temperature_c:unavailable;power_w:unavailable;sm_clock_mhz:sysfs_or_default,bf16,128,2,500,0,272,batch,ring,same,discard,0,10000000,0,20,none,0,237653.0,,,,,237.653,0.280576,,,,,69.4923775420466,37.372262773722625,10000,0.000000000,1,b43cd404a224aaacf301953c1305ffcfc7130bf128d8848b7e36e747d3986aa4,2,3,17,7,2,0,0,"static single-case binary; CUDA event includes setup/readback, clock64 covers timed window"
calibration,v2_calibration_bf16_n128_q2_batch_ring_in0_same_discard_h10000000_b0_none_ops0,1,,NVIDIA Thor,11.0,580.00,13.0,1575.000,,,,mem_clock_mhz:unavailable;temperature_c:unavailable;power_w:unavailable;sm_clock_mhz:sysfs_or_default,bf16,128,2,500,1,272,batch,ring,same,discard,0,10000000,0,20,none,0,237658.0,,,,,237.658,0.282912,,,,,69.49091551725589,37.06368057912001,10000,0.000000000,1,b43cd404a224aaacf301953c1305ffcfc7130bf128d8848b7e36e747d3986aa4,2,3,17,7,2,0,0,"static single-case binary; CUDA event includes setup/readback, clock64 covers timed window"
calibration,v2_calibration_bf16_n128_q2_batch_ring_in0_same_discard_h10000000_b0_none_ops0,1,,NVIDIA Thor,11.0,580.00,13.0,1575.000,,,,mem_clock_mhz:unavailable;temperature_c:unavailable;power_w:unavailable;sm_clock_mhz:sysfs_or_default,bf16,128,2,500,2,272,batch,ring,same,discard,0,10000000,0,20,none,0,237658.0,,,,,237.658,0.283776,,,,,69.49091551725589,36.950834460983316,10000,0.000000000,1,b43cd404a224aaacf301953c1305ffcfc7130bf128d8848b7e36e747d3986aa4,2,3,17,7,2,0,0,"static single-case binary; CUDA event includes setup/readback, clock64 covers timed window"
calibration,v2_calibration_fp16_n256_q64_batch_same_in1_same_discard_h0_b0_none_ops0,1,,NVIDIA Thor,11.0,580.00,13.0,1575.000,,,,mem_clock_mhz:unavailable;temperature_c:unavailable;power_w:unavailable;sm_clock_mhz:sysfs_or_default,fp16,256,64,500,0,273,batch,same,same,discard,1,0,0,20,none,0,4322872.0,,,,,135.08975,3.284096,,,,,244.50518266559826,204.34501305686558,30000,0.000000000,1,10b8c6a0cfb544964689dc33e613594621a48d2d1993393b445176792a72708a,64,3,19,10,2,0,0,"static single-case binary; CUDA event includes setup/readback, clock64 covers timed window"
calibration,v2_calibration_fp16_n256_q64_batch_same_in1_same_discard_h0_b0_none_ops0,1,,NVIDIA Thor,11.0,580.00,13.0,1575.000,,,,mem_clock_mhz:unavailable;temperature_c:unavailable;power_w:unavailable;sm_clock_mhz:sysfs_or_default,fp16,256,64,500,1,273,batch,same,same,discard,1,0,0,20,none,0,4322738.0,,,,,135.0855625,3.28256,,,,,244.51276205034867,204.44063170208616,29994,0.000000000,1,10b8c6a0cfb544964689dc33e613594621a48d2d1993393b445176792a72708a,64,3,19,10,2,0,0,"static single-case binary; CUDA event includes setup/readback, clock64 covers timed window"
calibration,v2_calibration_fp16_n256_q64_batch_same_in1_same_discard_h0_b0_none_ops0,1,,NVIDIA Thor,11.0,580.00,13.0,1575.000,,,,mem_clock_mhz:unavailable;temperature_c:unavailable;power_w:unavailable;sm_clock_mhz:sysfs_or_default,fp16,256,64,500,2,273,batch,same,same,discard,1,0,0,20,none,0,4322866.0,,,,,135.0895625,3.280832,,,,,244.50552203098593,204.54830969705247,29998,0.000000000,1,10b8c6a0cfb544964689dc33e613594621a48d2d1993393b445176792a72708a,64,3,19,10,2,0,0,"static single-case binary; CUDA event includes setup/readback, clock64 covers timed window"
calibration,v2_calibration_bf16_n256_q8_batch_ring_in0_same_discard_h32_b1_none_ops0,1,,NVIDIA Thor,11.0,580.00,13.0,1575.000,,,,mem_clock_mhz:unavailable;temperature_c:unavailable;power_w:unavailable;sm_clock_mhz:sysfs_or_default,bf16,256,8,500,0,274,batch,ring,same,discard,0,32,1,1,none,0,708945.0,,,,,177.23625,0.546592,,,,,9.318111842244463,7.6735554124465795,1500,0.000000000,1,2251aedddae2b03a7f10627dcede0e6233b090bb69ab12f141d7a2cc274115d6,8,3,17,7,2,0,0,"static single-case binary; CUDA event includes setup/readback, clock64 covers timed window"
calibration,v2_calibration_bf16_n256_q8_batch_ring_in0_same_discard_h32_b1_none_ops0,1,,NVIDIA Thor,11.0,580.00,13.0,1575.000,,,,mem_clock_mhz:unavailable;temperature_c:unavailable;power_w:unavailable;sm_clock_mhz:sysfs_or_default,bf16,256,8,500,1,274,batch,ring,same,discard,0,32,1,1,none,0,708790.0,,,,,177.1975,0.54704,,,,,9.320149550642645,7.667271131909916,1500,0.000000000,1,2251aedddae2b03a7f10627dcede0e6233b090bb69ab12f141d7a2cc274115d6,8,3,17,7,2,0,0,"static single-case binary; CUDA event includes setup/readback, clock64 covers timed window"
calibration,v2_calibration_bf16_n256_q8_batch_ring_in0_same_discard_h32_b1_none_ops0,1,,NVIDIA Thor,11.0,580.00,13.0,1575.000,,,,mem_clock_mhz:unavailable;temperature_c:unavailable;power_w:unavailable;sm_clock_mhz:sysfs_or_default,bf16,256,8,500,2,274,batch,ring,same,discard,0,32,1,1,none,0,708401.0,,,,,177.10025,0.547456,,,,,9.325267468566533,7.661444938040682,1498,0.000000000,1,2251aedddae2b03a7f10627dcede0e6233b090bb69ab12f141d7a2cc274115d6,8,3,17,7,2,0,0,"static single-case binary; CUDA event includes setup/readback, clock64 covers timed window"
calibration,v2_calibration_fp16_n128_q64_batch_same_in1_same_discard_h32_b1_none_ops0,1,,NVIDIA Thor,11.0,580.00,13.0,1575.000,,,,mem_clock_mhz:unavailable;temperature_c:unavailable;power_w:unavailable;sm_clock_mhz:sysfs_or_default,fp16,128,64,500,0,275,batch,same,same,discard,1,32,1,1,none,0,2222721.0,,,,,69.46003125,1.508896,,,,,11.888183537205075,11.118868364685174,762,0.000000000,1,fb87a95190e0616b9306917a1d84380103c554820b689c4b58742f35b1800971,64,3,19,10,2,0,0,"static single-case binary; CUDA event includes setup/readback, clock64 covers timed window"
calibration,v2_calibration_fp16_n128_q64_batch_same_in1_same_discard_h32_b1_none_ops0,1,,NVIDIA Thor,11.0,580.00,13.0,1575.000,,,,mem_clock_mhz:unavailable;temperature_c:unavailable;power_w:unavailable;sm_clock_mhz:sysfs_or_default,fp16,128,64,500,1,275,batch,same,same,discard,1,32,1,1,none,0,2222466.0,,,,,69.4520625,1.508832,,,,,11.889547556633037,11.119339992789126,758,0.000000000,1,fb87a95190e0616b9306917a1d84380103c554820b689c4b58742f35b1800971,64,3,19,10,2,0,0,"static single-case binary; CUDA event includes setup/readback, clock64 covers timed window"
calibration,v2_calibration_fp16_n128_q64_batch_same_in1_same_discard_h32_b1_none_ops0,1,,NVIDIA Thor,11.0,580.00,13.0,1575.000,,,,mem_clock_mhz:unavailable;temperature_c:unavailable;power_w:unavailable;sm_clock_mhz:sysfs_or_default,fp16,128,64,500,2,275,batch,same,same,discard,1,32,1,1,none,0,2223157.0,,,,,69.47365625,1.509568,,,,,11.885852056332505,11.11391868402086,767,0.000000000,1,fb87a95190e0616b9306917a1d84380103c554820b689c4b58742f35b1800971,64,3,19,10,2,0,0,"static single-case binary; CUDA event includes setup/readback, clock64 covers timed window"
calibration,v2_calibration_bf16_n128_q1_batch_same_in1_same_discard_h32_b0_none_ops0,1,,NVIDIA Thor,11.0,580.00,13.0,1575.000,,,,mem_clock_mhz:unavailable;temperature_c:unavailable;power_w:unavailable;sm_clock_mhz:sysfs_or_default,bf16,128,1,500,0,276,batch,same,same,discard,1,32,0,20,none,0,215661.0,,,,,431.322,0.26752,,,,,38.289426460973466,19.598086124401913,10000,0.000000000,1,7694fd98522578a4bd4df4e113a040b7dc28a574b0c69630e4a9005ae1a30739,1,3,19,10,2,0,0,"static single-case binary; CUDA event includes setup/readback, clock64 covers timed window"
calibration,v2_calibration_bf16_n128_q1_batch_same_in1_same_discard_h32_b0_none_ops0,1,,NVIDIA Thor,11.0,580.00,13.0,1575.000,,,,mem_clock_mhz:unavailable;temperature_c:unavailable;power_w:unavailable;sm_clock_mhz:sysfs_or_default,bf16,128,1,500,1,276,batch,same,same,discard,1,32,0,20,none,0,215662.0,,,,,431.324,0.267008,,,,,38.28924891728723,19.63566634707574,10000,0.000000000,1,7694fd98522578a4bd4df4e113a040b7dc28a574b0c69630e4a9005ae1a30739,1,3,19,10,2,0,0,"static single-case binary; CUDA event includes setup/readback, clock64 covers timed window"
calibration,v2_calibration_bf16_n128_q1_batch_same_in1_same_discard_h32_b0_none_ops0,1,,NVIDIA Thor,11.0,580.00,13.0,1575.000,,,,mem_clock_mhz:unavailable;temperature_c:unavailable;power_w:unavailable;sm_clock_mhz:sysfs_or_default,bf16,128,1,500,2,276,batch,same,same,discard,1,32,0,20,none,0,215663.0,,,,,431.326,0.26816,,,,,38.289071375247495,19.551312649164675,10000,0.000000000,1,7694fd98522578a4bd4df4e113a040b7dc28a574b0c69630e4a9005ae1a30739,1,3,19,10,2,0,0,"static single-case binary; CUDA event includes setup/readback, clock64 covers timed window"
calibration,v2_calibration_bf16_n256_q2_batch_ring_in0_same_discard_h10000000_b1_none_ops0,1,,NVIDIA Thor,11.0,580.00,13.0,1575.000,,,,mem_clock_mhz:unavailable;temperature_c:unavailable;power_w:unavailable;sm_clock_mhz:sysfs_or_default,bf16,256,2,500,0,277,batch,ring,same,discard,0,10000000,1,1,none,0,319430.0,,,,,319.43,0.299936,,,,,5.170169364179945,3.4959991464845834,500,0.000000000,1,22bc13dab2bd0659490f09764707d5d5eaac5ccdbf94ebed63decaefff938b1b,2,3,17,7,2,0,0,"static single-case binary; CUDA event includes setup/readback, clock64 covers timed window"
calibration,v2_calibration_bf16_n256_q2_batch_ring_in0_same_discard_h10000000_b1_none_ops0,1,,NVIDIA Thor,11.0,580.00,13.0,1575.000,,,,mem_clock_mhz:unavailable;temperature_c:unavailable;power_w:unavailable;sm_clock_mhz:sysfs_or_default,bf16,256,2,500,1,277,batch,ring,same,discard,0,10000000,1,1,none,0,319430.0,,,,,319.43,0.300288,,,,,5.170169364179945,3.4919011082693947,500,0.000000000,1,22bc13dab2bd0659490f09764707d5d5eaac5ccdbf94ebed63decaefff938b1b,2,3,17,7,2,0,0,"static single-case binary; CUDA event includes setup/readback, clock64 covers timed window"
calibration,v2_calibration_bf16_n256_q2_batch_ring_in0_same_discard_h10000000_b1_none_ops0,1,,NVIDIA Thor,11.0,580.00,13.0,1575.000,,,,mem_clock_mhz:unavailable;temperature_c:unavailable;power_w:unavailable;sm_clock_mhz:sysfs_or_default,bf16,256,2,500,2,277,batch,ring,same,discard,0,10000000,1,1,none,0,319430.0,,,,,319.43,0.299648,,,,,5.170169364179945,3.499359248184536,500,0.000000000,1,22bc13dab2bd0659490f09764707d5d5eaac5ccdbf94ebed63decaefff938b1b,2,3,17,7,2,0,0,"static single-case binary; CUDA event includes setup/readback, clock64 covers timed window"
calibration,v2_calibration_fp16_n256_q1_batch_same_in1_same_discard_h10000000_b1_none_ops0,1,,NVIDIA Thor,11.0,580.00,13.0,1575.000,,,,mem_clock_mhz:unavailable;temperature_c:unavailable;power_w:unavailable;sm_clock_mhz:sysfs_or_default,fp16,256,1,500,0,278,batch,same,same,discard,1,10000000,1,1,none,0,255593.0,,,,,511.186,0.25936,,,,,3.2307363660194137,2.0214682294879704,500,0.000000000,1,fcfdf91c5a49ffe3a3b6e08e15dcc41f843886752d680063dd807f6dec0862ea,1,3,19,10,2,0,0,"static single-case binary; CUDA event includes setup/readback, clock64 covers timed window"
calibration,v2_calibration_fp16_n256_q1_batch_same_in1_same_discard_h10000000_b1_none_ops0,1,,NVIDIA Thor,11.0,580.00,13.0,1575.000,,,,mem_clock_mhz:unavailable;temperature_c:unavailable;power_w:unavailable;sm_clock_mhz:sysfs_or_default,fp16,256,1,500,1,278,batch,same,same,discard,1,10000000,1,1,none,0,255593.0,,,,,511.186,0.258432,,,,,3.2307363660194137,2.028727092620109,500,0.000000000,1,fcfdf91c5a49ffe3a3b6e08e15dcc41f843886752d680063dd807f6dec0862ea,1,3,19,10,2,0,0,"static single-case binary; CUDA event includes setup/readback, clock64 covers timed window"
calibration,v2_calibration_fp16_n256_q1_batch_same_in1_same_discard_h10000000_b1_none_ops0,1,,NVIDIA Thor,11.0,580.00,13.0,1575.000,,,,mem_clock_mhz:unavailable;temperature_c:unavailable;power_w:unavailable;sm_clock_mhz:sysfs_or_default,fp16,256,1,500,2,278,batch,same,same,discard,1,10000000,1,1,none,0,255593.0,,,,,511.186,0.25872,,,,,3.2307363660194137,2.0264687693259122,500,0.000000000,1,fcfdf91c5a49ffe3a3b6e08e15dcc41f843886752d680063dd807f6dec0862ea,1,3,19,10,2,0,0,"static single-case binary; CUDA event includes setup/readback, clock64 covers timed window"
calibration,v2_calibration_fp16_n256_q16_batch_ring_in0_same_discard_h0_b0_none_ops0,1,,NVIDIA Thor,11.0,580.00,13.0,1575.000,,,,mem_clock_mhz:unavailable;temperature_c:unavailable;power_w:unavailable;sm_clock_mhz:sysfs_or_default,fp16,256,16,500,0,279,batch,ring,same,discard,0,0,0,20,none,0,1238761.0,,,,,154.845125,0.917184,,,,,213.31084204297682,182.9209406182402,29988,0.000000000,1,7e80efa94aec113b2caf2c13d211f11c765f9799a2e91e6351d349149b894f39,16,3,17,7,2,0,0,"static single-case binary; CUDA event includes setup/readback, clock64 covers timed window"
calibration,v2_calibration_fp16_n256_q16_batch_ring_in0_same_discard_h0_b0_none_ops0,1,,NVIDIA Thor,11.0,580.00,13.0,1575.000,,,,mem_clock_mhz:unavailable;temperature_c:unavailable;power_w:unavailable;sm_clock_mhz:sysfs_or_default,fp16,256,16,500,1,279,batch,ring,same,discard,0,0,0,20,none,0,1238359.0,,,,,154.794875,0.918016,,,,,213.38008768055144,182.75515895147797,29992,0.000000000,1,7e80efa94aec113b2caf2c13d211f11c765f9799a2e91e6351d349149b894f39,16,3,17,7,2,0,0,"static single-case binary; CUDA event includes setup/readback, clock64 covers timed window"
calibration,v2_calibration_fp16_n256_q16_batch_ring_in0_same_discard_h0_b0_none_ops0,1,,NVIDIA Thor,11.0,580.00,13.0,1575.000,,,,mem_clock_mhz:unavailable;temperature_c:unavailable;power_w:unavailable;sm_clock_mhz:sysfs_or_default,fp16,256,16,500,2,279,batch,ring,same,discard,0,0,0,20,none,0,1238312.0,,,,,154.789,0.917952,,,,,213.38818649904061,182.76790071812033,30000,0.000000000,1,7e80efa94aec113b2caf2c13d211f11c765f9799a2e91e6351d349149b894f39,16,3,17,7,2,0,0,"static single-case binary; CUDA event includes setup/readback, clock64 covers timed window"
calibration,v2_calibration_fp16_n256_q2_batch_same_in0_same_discard_h0_b0_none_ops0,1,,NVIDIA Thor,11.0,580.00,13.0,1575.000,,,,mem_clock_mhz:unavailable;temperature_c:unavailable;power_w:unavailable;sm_clock_mhz:sysfs_or_default,fp16,256,2,500,0,280,batch,same,same,discard,0,0,0,20,none,0,308674.0,,,,,308.674,0.327136,,,,,107.00656355896513,64.10642668492615,17884,0.000000000,1,7798546f68cfc5add089e78a6ab81c9b9390cb871d3655940f679156610264e5,2,3,19,10,2,0,0,"static single-case binary; CUDA event includes setup/readback, clock64 covers timed window"
calibration,v2_calibration_fp16_n256_q2_batch_same_in0_same_discard_h0_b0_none_ops0,1,,NVIDIA Thor,11.0,580.00,13.0,1575.000,,,,mem_clock_mhz:unavailable;temperature_c:unavailable;power_w:unavailable;sm_clock_mhz:sysfs_or_default,fp16,256,2,500,1,280,batch,same,same,discard,0,0,0,20,none,0,309279.0,,,,,309.279,0.32576,,,,,106.79724132579322,64.37721021611003,17803,0.000000000,1,7798546f68cfc5add089e78a6ab81c9b9390cb871d3655940f679156610264e5,2,3,19,10,2,0,0,"static single-case binary; CUDA event includes setup/readback, clock64 covers timed window"
calibration,v2_calibration_fp16_n256_q2_batch_same_in0_same_discard_h0_b0_none_ops0,1,,NVIDIA Thor,11.0,580.00,13.0,1575.000,,,,mem_clock_mhz:unavailable;temperature_c:unavailable;power_w:unavailable;sm_clock_mhz:sysfs_or_default,fp16,256,2,500,2,280,batch,same,same,discard,0,0,0,20,none,0,307431.0,,,,,307.431,0.328064,,,,,107.4392107497292,63.92508778774873,17687,0.000000000,1,7798546f68cfc5add089e78a6ab81c9b9390cb871d3655940f679156610264e5,2,3,19,10,2,0,0,"static single-case binary; CUDA event includes setup/readback, clock64 covers timed window"
control,v2_control_bf16_n128_q1_forced_wait_same_in0_same_discard_h0_b1_none_ops0,1,,NVIDIA Thor,11.0,580.00,13.0,1575.000,,,,mem_clock_mhz:unavailable;temperature_c:unavailable;power_w:unavailable;sm_clock_mhz:sysfs_or_default,bf16,128,1,1000,0,281,forced_wait,same,same,discard,0,0,1,1,none,0,450126.0,,,,,450.126,0.382528,,,,,1.8344943415843564,1.370587251129329,1000,0.000000000,1,e9a2261d21ba875565a4c527eaf44fd3d5c35da1d488ef8816b1d07e67d451e3,1,3,19,10,2,0,0,"static single-case binary; CUDA event includes setup/readback, clock64 covers timed window"
control,v2_control_bf16_n128_q1_forced_wait_same_in0_same_discard_h0_b1_none_ops0,1,,NVIDIA Thor,11.0,580.00,13.0,1575.000,,,,mem_clock_mhz:unavailable;temperature_c:unavailable;power_w:unavailable;sm_clock_mhz:sysfs_or_default,bf16,128,1,1000,1,281,forced_wait,same,same,discard,0,0,1,1,none,0,450126.0,,,,,450.126,0.38176,,,,,1.8344943415843564,1.3733445096395642,1000,0.000000000,1,e9a2261d21ba875565a4c527eaf44fd3d5c35da1d488ef8816b1d07e67d451e3,1,3,19,10,2,0,0,"static single-case binary; CUDA event includes setup/readback, clock64 covers timed window"
control,v2_control_bf16_n128_q1_forced_wait_same_in0_same_discard_h0_b1_none_ops0,1,,NVIDIA Thor,11.0,580.00,13.0,1575.000,,,,mem_clock_mhz:unavailable;temperature_c:unavailable;power_w:unavailable;sm_clock_mhz:sysfs_or_default,bf16,128,1,1000,2,281,forced_wait,same,same,discard,0,0,1,1,none,0,450126.0,,,,,450.126,0.384992,,,,,1.8344943415843564,1.3618153104480093,1000,0.000000000,1,e9a2261d21ba875565a4c527eaf44fd3d5c35da1d488ef8816b1d07e67d451e3,1,3,19,10,2,0,0,"static single-case binary; CUDA event includes setup/readback, clock64 covers timed window"
control,v2_control_bf16_n256_q64_empty_same_in0_same_discard_h0_b0_none_ops0,1,,NVIDIA Thor,11.0,580.00,13.0,1575.000,,,,mem_clock_mhz:unavailable;temperature_c:unavailable;power_w:unavailable;sm_clock_mhz:sysfs_or_default,bf16,256,64,1000,0,282,empty,same,same,discard,0,0,0,20,none,0,264114.0,,,,,,0.301184,,,,,,,0,0.000000000,1,b733a103c91526e59e057d68531709113d6cec6ed8be0b74f29b3330b45755cb,0,2,16,9,2,0,0,"static single-case binary; CUDA event includes setup/readback, clock64 covers timed window"
control,v2_control_bf16_n256_q64_empty_same_in0_same_discard_h0_b0_none_ops0,1,,NVIDIA Thor,11.0,580.00,13.0,1575.000,,,,mem_clock_mhz:unavailable;temperature_c:unavailable;power_w:unavailable;sm_clock_mhz:sysfs_or_default,bf16,256,64,1000,1,282,empty,same,same,discard,0,0,0,20,none,0,264110.0,,,,,,0.298304,,,,,,,0,0.000000000,1,b733a103c91526e59e057d68531709113d6cec6ed8be0b74f29b3330b45755cb,0,2,16,9,2,0,0,"static single-case binary; CUDA event includes setup/readback, clock64 covers timed window"
control,v2_control_bf16_n256_q64_empty_same_in0_same_discard_h0_b0_none_ops0,1,,NVIDIA Thor,11.0,580.00,13.0,1575.000,,,,mem_clock_mhz:unavailable;temperature_c:unavailable;power_w:unavailable;sm_clock_mhz:sysfs_or_default,bf16,256,64,1000,2,282,empty,same,same,discard,0,0,0,20,none,0,264110.0,,,,,,0.298304,,,,,,,0,0.000000000,1,b733a103c91526e59e057d68531709113d6cec6ed8be0b74f29b3330b45755cb,0,2,16,9,2,0,0,"static single-case binary; CUDA event includes setup/readback, clock64 covers timed window"
calibration,v2_calibration_fp16_n128_q32_batch_same_in0_same_discard_h10000000_b0_none_ops0,1,,NVIDIA Thor,11.0,580.00,13.0,1575.000,,,,mem_clock_mhz:unavailable;temperature_c:unavailable;power_w:unavailable;sm_clock_mhz:sysfs_or_default,fp16,128,32,500,0,283,batch,same,same,discard,0,10000000,0,20,none,0,1215428.0,,,,,75.96425,0.901472,,,,,217.4058455128564,186.10911930708883,10000,0.000000000,1,e05182187f929aeca57d9c58f1ef762265c51264302bf5b49e9488f6d47e482e,32,3,19,10,2,0,0,"static single-case binary; CUDA event includes setup/readback, clock64 covers timed window"
calibration,v2_calibration_fp16_n128_q32_batch_same_in0_same_discard_h10000000_b0_none_ops0,1,,NVIDIA Thor,11.0,580.00,13.0,1575.000,,,,mem_clock_mhz:unavailable;temperature_c:unavailable;power_w:unavailable;sm_clock_mhz:sysfs_or_default,fp16,128,32,500,1,283,batch,same,same,discard,0,10000000,0,20,none,0,1215428.0,,,,,75.96425,0.902336,,,,,217.4058455128564,185.93091708631817,10000,0.000000000,1,e05182187f929aeca57d9c58f1ef762265c51264302bf5b49e9488f6d47e482e,32,3,19,10,2,0,0,"static single-case binary; CUDA event includes setup/readback, clock64 covers timed window"
calibration,v2_calibration_fp16_n128_q32_batch_same_in0_same_discard_h10000000_b0_none_ops0,1,,NVIDIA Thor,11.0,580.00,13.0,1575.000,,,,mem_clock_mhz:unavailable;temperature_c:unavailable;power_w:unavailable;sm_clock_mhz:sysfs_or_default,fp16,128,32,500,2,283,batch,same,same,discard,0,10000000,0,20,none,0,1215425.0,,,,,75.9640625,0.902464,,,,,217.4063821297077,185.90454577689525,10000,0.000000000,1,e05182187f929aeca57d9c58f1ef762265c51264302bf5b49e9488f6d47e482e,32,3,19,10,2,0,0,"static single-case binary; CUDA event includes setup/readback, clock64 covers timed window"
calibration,v2_calibration_fp16_n256_q4_batch_same_in0_same_discard_h0_b1_none_ops0,1,,NVIDIA Thor,11.0,580.00,13.0,1575.000,,,,mem_clock_mhz:unavailable;temperature_c:unavailable;power_w:unavailable;sm_clock_mhz:sysfs_or_default,fp16,256,4,500,0,284,batch,same,same,discard,0,0,1,1,none,0,425056.0,,,,,212.528,0.367712,,,,,7.770774674395844,5.70324601862327,1000,0.000000000,1,ed201a99aa9dc185f448d6b43a4523ec141cf0d28ed91a070bfdf4afc7488726,4,3,19,10,2,0,0,"static single-case binary; CUDA event includes setup/readback, clock64 covers timed window"
calibration,v2_calibration_fp16_n256_q4_batch_same_in0_same_discard_h0_b1_none_ops0,1,,NVIDIA Thor,11.0,580.00,13.0,1575.000,,,,mem_clock_mhz:unavailable;temperature_c:unavailable;power_w:unavailable;sm_clock_mhz:sysfs_or_default,fp16,256,4,500,1,284,batch,same,same,discard,0,0,1,1,none,0,425392.0,,,,,212.696,0.368128,,,,,7.764636852597134,5.696801112656467,999,0.000000000,1,ed201a99aa9dc185f448d6b43a4523ec141cf0d28ed91a070bfdf4afc7488726,4,3,19,10,2,0,0,"static single-case binary; CUDA event includes setup/readback, clock64 covers timed window"
calibration,v2_calibration_fp16_n256_q4_batch_same_in0_same_discard_h0_b1_none_ops0,1,,NVIDIA Thor,11.0,580.00,13.0,1575.000,,,,mem_clock_mhz:unavailable;temperature_c:unavailable;power_w:unavailable;sm_clock_mhz:sysfs_or_default,fp16,256,4,500,2,284,batch,same,same,discard,0,0,1,1,none,0,425122.0,,,,,212.561,0.367872,,,,,7.76956826510978,5.700765483646486,999,0.000000000,1,ed201a99aa9dc185f448d6b43a4523ec141cf0d28ed91a070bfdf4afc7488726,4,3,19,10,2,0,0,"static single-case binary; CUDA event includes setup/readback, clock64 covers timed window"
calibration,v2_calibration_bf16_n256_q4_batch_ring_in0_same_discard_h32_b1_none_ops0,1,,NVIDIA Thor,11.0,580.00,13.0,1575.000,,,,mem_clock_mhz:unavailable;temperature_c:unavailable;power_w:unavailable;sm_clock_mhz:sysfs_or_default,bf16,256,4,500,0,285,batch,ring,same,discard,0,32,1,1,none,0,432549.0,,,,,216.2745,0.371232,,,,,7.636162376979255,5.649168175157315,1001,0.000000000,1,b46094e4672ecdde67a1ff4b59221ab517587ba35f41832730887dd10906f79f,4,3,17,7,2,0,0,"static single-case binary; CUDA event includes setup/readback, clock64 covers timed window"
calibration,v2_calibration_bf16_n256_q4_batch_ring_in0_same_discard_h32_b1_none_ops0,1,,NVIDIA Thor,11.0,580.00,13.0,1575.000,,,,mem_clock_mhz:unavailable;temperature_c:unavailable;power_w:unavailable;sm_clock_mhz:sysfs_or_default,bf16,256,4,500,1,285,batch,ring,same,discard,0,32,1,1,none,0,432564.0,,,,,216.282,0.372576,,,,,7.635897578161845,5.628789830799622,1001,0.000000000,1,b46094e4672ecdde67a1ff4b59221ab517587ba35f41832730887dd10906f79f,4,3,17,7,2,0,0,"static single-case binary; CUDA event includes setup/readback, clock64 covers timed window"
calibration,v2_calibration_bf16_n256_q4_batch_ring_in0_same_discard_h32_b1_none_ops0,1,,NVIDIA Thor,11.0,580.00,13.0,1575.000,,,,mem_clock_mhz:unavailable;temperature_c:unavailable;power_w:unavailable;sm_clock_mhz:sysfs_or_default,bf16,256,4,500,2,285,batch,ring,same,discard,0,32,1,1,none,0,432560.0,,,,,216.28,0.37216,,,,,7.635968189384132,5.6350816852966465,999,0.000000000,1,b46094e4672ecdde67a1ff4b59221ab517587ba35f41832730887dd10906f79f,4,3,17,7,2,0,0,"static single-case binary; CUDA event includes setup/readback, clock64 covers timed window"
calibration,v2_calibration_bf16_n256_q64_batch_same_in1_same_discard_h32_b1_none_ops0,1,,NVIDIA Thor,11.0,580.00,13.0,1575.000,,,,mem_clock_mhz:unavailable;temperature_c:unavailable;power_w:unavailable;sm_clock_mhz:sysfs_or_default,bf16,256,64,500,0,286,batch,same,same,discard,1,32,1,1,none,0,4812410.0,,,,,150.3878125,3.14464,,,,,10.981655843953446,10.670357179200163,1498,0.000000000,1,3c71eee40e5416e03a0c5357e6b00d624c117b0c0a538fcea6d5c99edfa25991,64,3,19,10,2,0,0,"static single-case binary; CUDA event includes setup/readback, clock64 covers timed window"
calibration,v2_calibration_bf16_n256_q64_batch_same_in1_same_discard_h32_b1_none_ops0,1,,NVIDIA Thor,11.0,580.00,13.0,1575.000,,,,mem_clock_mhz:unavailable;temperature_c:unavailable;power_w:unavailable;sm_clock_mhz:sysfs_or_default,bf16,256,64,500,1,286,batch,same,same,discard,1,32,1,1,none,0,4311113.0,,,,,134.72228125,2.836096,,,,,12.258604773291722,11.83120458545832,1498,0.000000000,1,3c71eee40e5416e03a0c5357e6b00d624c117b0c0a538fcea6d5c99edfa25991,64,3,19,10,2,0,0,"static single-case binary; CUDA event includes setup/readback, clock64 covers timed window"
calibration,v2_calibration_bf16_n256_q64_batch_same_in1_same_discard_h32_b1_none_ops0,1,,NVIDIA Thor,11.0,580.00,13.0,1575.000,,,,mem_clock_mhz:unavailable;temperature_c:unavailable;power_w:unavailable;sm_clock_mhz:sysfs_or_default,bf16,256,64,500,2,286,batch,same,same,discard,1,32,1,1,none,0,4311134.0,,,,,134.7229375,2.83584,,,,,12.258545060302,11.832272624689686,1498,0.000000000,1,3c71eee40e5416e03a0c5357e6b00d624c117b0c0a538fcea6d5c99edfa25991,64,3,19,10,2,0,0,"static single-case binary; CUDA event includes setup/readback, clock64 covers timed window"
control,v2_control_bf16_n256_q64_empty_same_in0_same_discard_h32_b0_none_ops0,1,,NVIDIA Thor,11.0,580.00,13.0,1575.000,,,,mem_clock_mhz:unavailable;temperature_c:unavailable;power_w:unavailable;sm_clock_mhz:sysfs_or_default,bf16,256,64,1000,0,287,empty,same,same,discard,0,32,0,20,none,0,264113.0,,,,,,0.298592,,,,,,,0,0.000000000,1,b8a04d3763c5c1e1656a6eed9dab1fd82f76f0bd0e8bec6088967416d79a8ead,0,2,16,9,2,0,0,"static single-case binary; CUDA event includes setup/readback, clock64 covers timed window"
control,v2_control_bf16_n256_q64_empty_same_in0_same_discard_h32_b0_none_ops0,1,,NVIDIA Thor,11.0,580.00,13.0,1575.000,,,,mem_clock_mhz:unavailable;temperature_c:unavailable;power_w:unavailable;sm_clock_mhz:sysfs_or_default,bf16,256,64,1000,1,287,empty,same,same,discard,0,32,0,20,none,0,264110.0,,,,,,0.298464,,,,,,,0,0.000000000,1,b8a04d3763c5c1e1656a6eed9dab1fd82f76f0bd0e8bec6088967416d79a8ead,0,2,16,9,2,0,0,"static single-case binary; CUDA event includes setup/readback, clock64 covers timed window"
control,v2_control_bf16_n256_q64_empty_same_in0_same_discard_h32_b0_none_ops0,1,,NVIDIA Thor,11.0,580.00,13.0,1575.000,,,,mem_clock_mhz:unavailable;temperature_c:unavailable;power_w:unavailable;sm_clock_mhz:sysfs_or_default,bf16,256,64,1000,2,287,empty,same,same,discard,0,32,0,20,none,0,264117.0,,,,,,0.30048,,,,,,,0,0.000000000,1,b8a04d3763c5c1e1656a6eed9dab1fd82f76f0bd0e8bec6088967416d79a8ead,0,2,16,9,2,0,0,"static single-case binary; CUDA event includes setup/readback, clock64 covers timed window"
calibration,v2_calibration_bf16_n256_q4_batch_ring_in0_same_discard_h32_b0_none_ops0,1,,NVIDIA Thor,11.0,580.00,13.0,1575.000,,,,mem_clock_mhz:unavailable;temperature_c:unavailable;power_w:unavailable;sm_clock_mhz:sysfs_or_default,bf16,256,4,500,0,288,batch,ring,same,discard,0,32,0,20,none,0,431847.0,,,,,215.9235,0.40032,,,,,152.97151074338828,104.77378097521981,20043,0.000000000,1,b46094e4672ecdde67a1ff4b59221ab517587ba35f41832730887dd10906f79f,4,3,17,7,2,0,0,"static single-case binary; CUDA event includes setup/readback, clock64 covers timed window"
calibration,v2_calibration_bf16_n256_q4_batch_ring_in0_same_discard_h32_b0_none_ops0,1,,NVIDIA Thor,11.0,580.00,13.0,1575.000,,,,mem_clock_mhz:unavailable;temperature_c:unavailable;power_w:unavailable;sm_clock_mhz:sysfs_or_default,bf16,256,4,500,1,288,batch,ring,same,discard,0,32,0,20,none,0,432291.0,,,,,216.1455,0.408608,,,,,152.81439585834545,102.64860208317018,20023,0.000000000,1,b46094e4672ecdde67a1ff4b59221ab517587ba35f41832730887dd10906f79f,4,3,17,7,2,0,0,"static single-case binary; CUDA event includes setup/readback, clock64 covers timed window"
calibration,v2_calibration_bf16_n256_q4_batch_ring_in0_same_discard_h32_b0_none_ops0,1,,NVIDIA Thor,11.0,580.00,13.0,1575.000,,,,mem_clock_mhz:unavailable;temperature_c:unavailable;power_w:unavailable;sm_clock_mhz:sysfs_or_default,bf16,256,4,500,2,288,batch,ring,same,discard,0,32,0,20,none,0,431928.0,,,,,215.964,0.40608,,,,,152.94282380396734,103.2876280535855,20032,0.000000000,1,b46094e4672ecdde67a1ff4b59221ab517587ba35f41832730887dd10906f79f,4,3,17,7,2,0,0,"static single-case binary; CUDA event includes setup/readback, clock64 covers timed window"
calibration,v2_calibration_bf16_n256_q16_batch_ring_in0_same_discard_h0_b0_none_ops0,1,,NVIDIA Thor,11.0,580.00,13.0,1575.000,,,,mem_clock_mhz:unavailable;temperature_c:unavailable;power_w:unavailable;sm_clock_mhz:sysfs_or_default,bf16,256,16,500,0,289,batch,ring,same,discard,0,0,0,20,none,0,1238442.0,,,,,154.80525,0.915872,,,,,213.36578701303733,183.18297753397857,30000,0.000000000,1,97041a66b1b480dee878a61bb8873198922e3a0786c7d80f8d629dc3a54b7f30,16,3,17,7,2,0,0,"static single-case binary; CUDA event includes setup/readback, clock64 covers timed window"
calibration,v2_calibration_bf16_n256_q16_batch_ring_in0_same_discard_h0_b0_none_ops0,1,,NVIDIA Thor,11.0,580.00,13.0,1575.000,,,,mem_clock_mhz:unavailable;temperature_c:unavailable;power_w:unavailable;sm_clock_mhz:sysfs_or_default,bf16,256,16,500,1,289,batch,ring,same,discard,0,0,0,20,none,0,1238367.0,,,,,154.795875,0.918944,,,,,213.37870921948019,182.57060277884182,30000,0.000000000,1,97041a66b1b480dee878a61bb8873198922e3a0786c7d80f8d629dc3a54b7f30,16,3,17,7,2,0,0,"static single-case binary; CUDA event includes setup/readback, clock64 covers timed window"
calibration,v2_calibration_bf16_n256_q16_batch_ring_in0_same_discard_h0_b0_none_ops0,1,,NVIDIA Thor,11.0,580.00,13.0,1575.000,,,,mem_clock_mhz:unavailable;temperature_c:unavailable;power_w:unavailable;sm_clock_mhz:sysfs_or_default,bf16,256,16,500,2,289,batch,ring,same,discard,0,0,0,20,none,0,1238266.0,,,,,154.78325,0.918816,,,,,213.39611359756307,182.59603663845647,29996,0.000000000,1,97041a66b1b480dee878a61bb8873198922e3a0786c7d80f8d629dc3a54b7f30,16,3,17,7,2,0,0,"static single-case binary; CUDA event includes setup/readback, clock64 covers timed window"
calibration,v2_calibration_fp16_n256_q16_batch_same_in0_same_discard_h10000000_b0_none_ops0,1,,NVIDIA Thor,11.0,580.00,13.0,1575.000,,,,mem_clock_mhz:unavailable;temperature_c:unavailable;power_w:unavailable;sm_clock_mhz:sysfs_or_default,fp16,256,16,500,0,290,batch,same,same,discard,0,10000000,0,20,none,0,1215150.0,,,,,151.89375,0.902464,,,,,217.45558326132578,185.90454577689525,10000,0.000000000,1,6ed156ccc61fe7eac198c08c57351def1b1939ad7cb71c4f6b91f7bff95be55f,16,3,19,10,2,0,0,"static single-case binary; CUDA event includes setup/readback, clock64 covers timed window"
calibration,v2_calibration_fp16_n256_q16_batch_same_in0_same_discard_h10000000_b0_none_ops0,1,,NVIDIA Thor,11.0,580.00,13.0,1575.000,,,,mem_clock_mhz:unavailable;temperature_c:unavailable;power_w:unavailable;sm_clock_mhz:sysfs_or_default,fp16,256,16,500,1,290,batch,same,same,discard,0,10000000,0,20,none,0,1215148.0,,,,,151.8935,0.905248,,,,,217.45594116930613,185.33281487503976,10000,0.000000000,1,6ed156ccc61fe7eac198c08c57351def1b1939ad7cb71c4f6b91f7bff95be55f,16,3,19,10,2,0,0,"static single-case binary; CUDA event includes setup/readback, clock64 covers timed window"
calibration,v2_calibration_fp16_n256_q16_batch_same_in0_same_discard_h10000000_b0_none_ops0,1,,NVIDIA Thor,11.0,580.00,13.0,1575.000,,,,mem_clock_mhz:unavailable;temperature_c:unavailable;power_w:unavailable;sm_clock_mhz:sysfs_or_default,fp16,256,16,500,2,290,batch,same,same,discard,0,10000000,0,20,none,0,1215150.0,,,,,151.89375,0.901536,,,,,217.45558326132578,186.0959074290988,10000,0.000000000,1,6ed156ccc61fe7eac198c08c57351def1b1939ad7cb71c4f6b91f7bff95be55f,16,3,19,10,2,0,0,"static single-case binary; CUDA event includes setup/readback, clock64 covers timed window"
calibration,v2_calibration_bf16_n256_q64_batch_same_in0_same_discard_h10000000_b0_none_ops0,1,,NVIDIA Thor,11.0,580.00,13.0,1575.000,,,,mem_clock_mhz:unavailable;temperature_c:unavailable;power_w:unavailable;sm_clock_mhz:sysfs_or_default,bf16,256,64,500,0,291,batch,same,same,discard,0,10000000,0,20,none,0,4293640.0,,,,,134.17625,2.856832,,,,,246.16982513671385,234.90658183610378,10000,0.000000000,1,a2ccae72998b67fed1ee796a80fcfa7a2ec6a3e276988e27086f3e0e04b7c4b3,64,3,19,10,2,0,0,"static single-case binary; CUDA event includes setup/readback, clock64 covers timed window"
calibration,v2_calibration_bf16_n256_q64_batch_same_in0_same_discard_h10000000_b0_none_ops0,1,,NVIDIA Thor,11.0,580.00,13.0,1575.000,,,,mem_clock_mhz:unavailable;temperature_c:unavailable;power_w:unavailable;sm_clock_mhz:sysfs_or_default,bf16,256,64,500,1,291,batch,same,same,discard,0,10000000,0,20,none,0,4293634.0,,,,,134.1760625,2.859232,,,,,246.17016913877615,234.7094044834417,10000,0.000000000,1,a2ccae72998b67fed1ee796a80fcfa7a2ec6a3e276988e27086f3e0e04b7c4b3,64,3,19,10,2,0,0,"static single-case binary; CUDA event includes setup/readback, clock64 covers timed window"
calibration,v2_calibration_bf16_n256_q64_batch_same_in0_same_discard_h10000000_b0_none_ops0,1,,NVIDIA Thor,11.0,580.00,13.0,1575.000,,,,mem_clock_mhz:unavailable;temperature_c:unavailable;power_w:unavailable;sm_clock_mhz:sysfs_or_default,bf16,256,64,500,2,291,batch,same,same,discard,0,10000000,0,20,none,0,5268051.0,,,,,164.62659375,3.680992,,,,,200.63674554403516,182.31189853170017,10000,0.000000000,1,a2ccae72998b67fed1ee796a80fcfa7a2ec6a3e276988e27086f3e0e04b7c4b3,64,3,19,10,2,0,0,"static single-case binary; CUDA event includes setup/readback, clock64 covers timed window"
calibration,v2_calibration_bf16_n128_q32_batch_ring_in0_same_discard_h0_b0_none_ops0,1,,NVIDIA Thor,11.0,580.00,13.0,1575.000,,,,mem_clock_mhz:unavailable;temperature_c:unavailable;power_w:unavailable;sm_clock_mhz:sysfs_or_default,bf16,128,32,500,0,292,batch,ring,same,discard,0,0,0,20,none,0,1204962.0,,,,,75.310125,0.90736,,,,,219.2941785716064,184.90142831952033,19268,0.000000000,1,fac93cf39af81cb9d79afa2af521800599dadf9d49f79538128ad2f327a7d62c,32,3,17,7,2,0,0,"static single-case binary; CUDA event includes setup/readback, clock64 covers timed window"
calibration,v2_calibration_bf16_n128_q32_batch_ring_in0_same_discard_h0_b0_none_ops0,1,,NVIDIA Thor,11.0,580.00,13.0,1575.000,,,,mem_clock_mhz:unavailable;temperature_c:unavailable;power_w:unavailable;sm_clock_mhz:sysfs_or_default,bf16,128,32,500,1,292,batch,ring,same,discard,0,0,0,20,none,0,1205129.0,,,,,75.3205625,0.897056,,,,,219.26379001750018,187.02529162059002,19263,0.000000000,1,fac93cf39af81cb9d79afa2af521800599dadf9d49f79538128ad2f327a7d62c,32,3,17,7,2,0,0,"static single-case binary; CUDA event includes setup/readback, clock64 covers timed window"
calibration,v2_calibration_bf16_n128_q32_batch_ring_in0_same_discard_h0_b0_none_ops0,1,,NVIDIA Thor,11.0,580.00,13.0,1575.000,,,,mem_clock_mhz:unavailable;temperature_c:unavailable;power_w:unavailable;sm_clock_mhz:sysfs_or_default,bf16,128,32,500,2,292,batch,ring,same,discard,0,0,0,20,none,0,1205261.0,,,,,75.3288125,0.895712,,,,,219.23977628082216,187.30591975992283,19297,0.000000000,1,fac93cf39af81cb9d79afa2af521800599dadf9d49f79538128ad2f327a7d62c,32,3,17,7,2,0,0,"static single-case binary; CUDA event includes setup/readback, clock64 covers timed window"
calibration,v2_calibration_bf16_n256_q2_batch_same_in0_same_discard_h0_b0_none_ops0,1,,NVIDIA Thor,11.0,580.00,13.0,1575.000,,,,mem_clock_mhz:unavailable;temperature_c:unavailable;power_w:unavailable;sm_clock_mhz:sysfs_or_default,bf16,256,2,500,0,293,batch,same,same,discard,0,0,0,20,none,0,309297.0,,,,,309.297,0.32464,,,,,106.7910261011261,64.59931000492853,17963,0.000000000,1,a3a42588700a218e9657d9d51f5f9b4af507b1a32bf2f6b19c8c2732e167b23f,2,3,19,10,2,0,0,"static single-case binary; CUDA event includes setup/readback, clock64 covers timed window"
calibration,v2_calibration_bf16_n256_q2_batch_same_in0_same_discard_h0_b0_none_ops0,1,,NVIDIA Thor,11.0,580.00,13.0,1575.000,,,,mem_clock_mhz:unavailable;temperature_c:unavailable;power_w:unavailable;sm_clock_mhz:sysfs_or_default,bf16,256,2,500,1,293,batch,same,same,discard,0,0,0,20,none,0,308800.0,,,,,308.8,0.325984,,,,,106.96290155440414,64.33297339746737,17935,0.000000000,1,a3a42588700a218e9657d9d51f5f9b4af507b1a32bf2f6b19c8c2732e167b23f,2,3,19,10,2,0,0,"static single-case binary; CUDA event includes setup/readback, clock64 covers timed window"
calibration,v2_calibration_bf16_n256_q2_batch_same_in0_same_discard_h0_b0_none_ops0,1,,NVIDIA Thor,11.0,580.00,13.0,1575.000,,,,mem_clock_mhz:unavailable;temperature_c:unavailable;power_w:unavailable;sm_clock_mhz:sysfs_or_default,bf16,256,2,500,2,293,batch,same,same,discard,0,0,0,20,none,0,308692.0,,,,,308.692,0.326208,,,,,107.00032394749459,64.28879733176379,17831,0.000000000,1,a3a42588700a218e9657d9d51f5f9b4af507b1a32bf2f6b19c8c2732e167b23f,2,3,19,10,2,0,0,"static single-case binary; CUDA event includes setup/readback, clock64 covers timed window"
calibration,v2_calibration_bf16_n256_q16_batch_same_in0_same_discard_h10000000_b0_none_ops0,1,,NVIDIA Thor,11.0,580.00,13.0,1575.000,,,,mem_clock_mhz:unavailable;temperature_c:unavailable;power_w:unavailable;sm_clock_mhz:sysfs_or_default,bf16,256,16,500,0,294,batch,same,same,discard,0,10000000,0,20,none,0,1215155.0,,,,,151.894375,0.903776,,,,,217.45468849652926,185.63467053783236,10000,0.000000000,1,020030772c86af2690c5ceae030a5d031a95c59f485832a66cdb21e72a21209e,16,3,19,10,2,0,0,"static single-case binary; CUDA event includes setup/readback, clock64 covers timed window"
calibration,v2_calibration_bf16_n256_q16_batch_same_in0_same_discard_h10000000_b0_none_ops0,1,,NVIDIA Thor,11.0,580.00,13.0,1575.000,,,,mem_clock_mhz:unavailable;temperature_c:unavailable;power_w:unavailable;sm_clock_mhz:sysfs_or_default,bf16,256,16,500,1,294,batch,same,same,discard,0,10000000,0,20,none,0,1215147.0,,,,,151.893375,0.90384,,,,,217.45612012373812,185.6215259337936,10000,0.000000000,1,020030772c86af2690c5ceae030a5d031a95c59f485832a66cdb21e72a21209e,16,3,19,10,2,0,0,"static single-case binary; CUDA event includes setup/readback, clock64 covers timed window"
calibration,v2_calibration_bf16_n256_q16_batch_same_in0_same_discard_h10000000_b0_none_ops0,1,,NVIDIA Thor,11.0,580.00,13.0,1575.000,,,,mem_clock_mhz:unavailable;temperature_c:unavailable;power_w:unavailable;sm_clock_mhz:sysfs_or_default,bf16,256,16,500,2,294,batch,same,same,discard,0,10000000,0,20,none,0,1215155.0,,,,,151.894375,0.903712,,,,,217.45468849652926,185.6478170036472,10000,0.000000000,1,020030772c86af2690c5ceae030a5d031a95c59f485832a66cdb21e72a21209e,16,3,19,10,2,0,0,"static single-case binary; CUDA event includes setup/readback, clock64 covers timed window"
calibration,v2_calibration_bf16_n128_q64_batch_same_in1_same_discard_h0_b0_none_ops0,1,,NVIDIA Thor,11.0,580.00,13.0,1575.000,,,,mem_clock_mhz:unavailable;temperature_c:unavailable;power_w:unavailable;sm_clock_mhz:sysfs_or_default,bf16,128,64,500,0,295,batch,same,same,discard,1,0,0,20,none,0,2206111.0,,,,,68.94096875,1.530816,,,,,239.55381392867355,219.19311007985286,10321,0.000000000,1,112793e77a6d2906b8e316dc5c78ad8c680863619f1ec4a445853ed8a8144b51,64,3,19,10,2,0,0,"static single-case binary; CUDA event includes setup/readback, clock64 covers timed window"
calibration,v2_calibration_bf16_n128_q64_batch_same_in1_same_discard_h0_b0_none_ops0,1,,NVIDIA Thor,11.0,580.00,13.0,1575.000,,,,mem_clock_mhz:unavailable;temperature_c:unavailable;power_w:unavailable;sm_clock_mhz:sysfs_or_default,bf16,128,64,500,1,295,batch,same,same,discard,1,0,0,20,none,0,2205985.0,,,,,68.93703125,1.53184,,,,,239.56749660582463,219.04658449968665,10449,0.000000000,1,112793e77a6d2906b8e316dc5c78ad8c680863619f1ec4a445853ed8a8144b51,64,3,19,10,2,0,0,"static single-case binary; CUDA event includes setup/readback, clock64 covers timed window"
calibration,v2_calibration_bf16_n128_q64_batch_same_in1_same_discard_h0_b0_none_ops0,1,,NVIDIA Thor,11.0,580.00,13.0,1575.000,,,,mem_clock_mhz:unavailable;temperature_c:unavailable;power_w:unavailable;sm_clock_mhz:sysfs_or_default,bf16,128,64,500,2,295,batch,same,same,discard,1,0,0,20,none,0,2206197.0,,,,,68.94365625,1.53168,,,,,239.5444758559639,219.06946620704065,10185,0.000000000,1,112793e77a6d2906b8e316dc5c78ad8c680863619f1ec4a445853ed8a8144b51,64,3,19,10,2,0,0,"static single-case binary; CUDA event includes setup/readback, clock64 covers timed window"
calibration,v2_calibration_bf16_n128_q4_batch_same_in1_same_discard_h0_b0_none_ops0,1,,NVIDIA Thor,11.0,580.00,13.0,1575.000,,,,mem_clock_mhz:unavailable;temperature_c:unavailable;power_w:unavailable;sm_clock_mhz:sysfs_or_default,bf16,128,4,500,0,296,batch,same,same,discard,1,0,0,20,none,0,291151.0,,,,,145.5755,0.31488,,,,,113.44678191041763,66.60162601626017,10000,0.000000000,1,76b19556e3f1678a23462bc1207b326e803e328c3a631d9f688604d6ae9a5058,4,3,19,10,2,0,0,"static single-case binary; CUDA event includes setup/readback, clock64 covers timed window"
calibration,v2_calibration_bf16_n128_q4_batch_same_in1_same_discard_h0_b0_none_ops0,1,,NVIDIA Thor,11.0,580.00,13.0,1575.000,,,,mem_clock_mhz:unavailable;temperature_c:unavailable;power_w:unavailable;sm_clock_mhz:sysfs_or_default,bf16,128,4,500,1,296,batch,same,same,discard,1,0,0,20,none,0,291158.0,,,,,145.579,0.314624,,,,,113.44405443092754,66.65581773799838,10000,0.000000000,1,76b19556e3f1678a23462bc1207b326e803e328c3a631d9f688604d6ae9a5058,4,3,19,10,2,0,0,"static single-case binary; CUDA event includes setup/readback, clock64 covers timed window"
calibration,v2_calibration_bf16_n128_q4_batch_same_in1_same_discard_h0_b0_none_ops0,1,,NVIDIA Thor,11.0,580.00,13.0,1575.000,,,,mem_clock_mhz:unavailable;temperature_c:unavailable;power_w:unavailable;sm_clock_mhz:sysfs_or_default,bf16,128,4,500,2,296,batch,same,same,discard,1,0,0,20,none,0,291158.0,,,,,145.579,0.316608,,,,,113.44405443092754,66.23812411562562,10000,0.000000000,1,76b19556e3f1678a23462bc1207b326e803e328c3a631d9f688604d6ae9a5058,4,3,19,10,2,0,0,"static single-case binary; CUDA event includes setup/readback, clock64 covers timed window"
control,v2_control_bf16_n256_q1_commit_wait_same_in0_same_discard_h10000000_b1_none_ops0,1,,NVIDIA Thor,11.0,580.00,13.0,1575.000,,,,mem_clock_mhz:unavailable;temperature_c:unavailable;power_w:unavailable;sm_clock_mhz:sysfs_or_default,bf16,256,1,1000,0,297,commit_wait,same,same,discard,0,10000000,1,1,none,0,258144.0,,,,,,0.261824,,,,,,,1000,0.000000000,1,20889491f02dac9ae259ff7e8a188b4683e589994cfc23ccf2b802c401cc5454,0,3,19,9,2,0,0,"static single-case binary; CUDA event includes setup/readback, clock64 covers timed window"
control,v2_control_bf16_n256_q1_commit_wait_same_in0_same_discard_h10000000_b1_none_ops0,1,,NVIDIA Thor,11.0,580.00,13.0,1575.000,,,,mem_clock_mhz:unavailable;temperature_c:unavailable;power_w:unavailable;sm_clock_mhz:sysfs_or_default,bf16,256,1,1000,1,297,commit_wait,same,same,discard,0,10000000,1,1,none,0,258144.0,,,,,,0.261952,,,,,,,1000,0.000000000,1,20889491f02dac9ae259ff7e8a188b4683e589994cfc23ccf2b802c401cc5454,0,3,19,9,2,0,0,"static single-case binary; CUDA event includes setup/readback, clock64 covers timed window"
control,v2_control_bf16_n256_q1_commit_wait_same_in0_same_discard_h10000000_b1_none_ops0,1,,NVIDIA Thor,11.0,580.00,13.0,1575.000,,,,mem_clock_mhz:unavailable;temperature_c:unavailable;power_w:unavailable;sm_clock_mhz:sysfs_or_default,bf16,256,1,1000,2,297,commit_wait,same,same,discard,0,10000000,1,1,none,0,258144.0,,,,,,0.261216,,,,,,,1000,0.000000000,1,20889491f02dac9ae259ff7e8a188b4683e589994cfc23ccf2b802c401cc5454,0,3,19,9,2,0,0,"static single-case binary; CUDA event includes setup/readback, clock64 covers timed window"
calibration,v2_calibration_fp16_n256_q2_batch_ring_in0_same_discard_h32_b0_none_ops0,1,,NVIDIA Thor,11.0,580.00,13.0,1575.000,,,,mem_clock_mhz:unavailable;temperature_c:unavailable;power_w:unavailable;sm_clock_mhz:sysfs_or_default,fp16,256,2,500,0,298,batch,ring,same,discard,0,32,0,20,none,0,302361.0,,,,,302.361,0.325152,,,,,109.24075525613422,64.49758881999803,15073,0.000000000,1,d51f82a4537f267c65ce29362eacae15ce7ace61b8f532cde295ba0f4926012d,2,3,17,7,2,0,0,"static single-case binary; CUDA event includes setup/readback, clock64 covers timed window"
calibration,v2_calibration_fp16_n256_q2_batch_ring_in0_same_discard_h32_b0_none_ops0,1,,NVIDIA Thor,11.0,580.00,13.0,1575.000,,,,mem_clock_mhz:unavailable;temperature_c:unavailable;power_w:unavailable;sm_clock_mhz:sysfs_or_default,fp16,256,2,500,1,298,batch,ring,same,discard,0,32,0,20,none,0,302514.0,,,,,302.514,0.323072,,,,,109.18550546420992,64.91283676703644,15092,0.000000000,1,d51f82a4537f267c65ce29362eacae15ce7ace61b8f532cde295ba0f4926012d,2,3,17,7,2,0,0,"static single-case binary; CUDA event includes setup/readback, clock64 covers timed window"
calibration,v2_calibration_fp16_n256_q2_batch_ring_in0_same_discard_h32_b0_none_ops0,1,,NVIDIA Thor,11.0,580.00,13.0,1575.000,,,,mem_clock_mhz:unavailable;temperature_c:unavailable;power_w:unavailable;sm_clock_mhz:sysfs_or_default,fp16,256,2,500,2,298,batch,ring,same,discard,0,32,0,20,none,0,301696.0,,,,,301.696,0.325088,,,,,109.48154433602038,64.5102864455163,14952,0.000000000,1,d51f82a4537f267c65ce29362eacae15ce7ace61b8f532cde295ba0f4926012d,2,3,17,7,2,0,0,"static single-case binary; CUDA event includes setup/readback, clock64 covers timed window"
calibration,v2_calibration_fp16_n128_q8_batch_ring_in0_same_discard_h10000000_b1_none_ops0,1,,NVIDIA Thor,11.0,580.00,13.0,1575.000,,,,mem_clock_mhz:unavailable;temperature_c:unavailable;power_w:unavailable;sm_clock_mhz:sysfs_or_default,fp16,128,8,500,0,299,batch,ring,same,discard,0,10000000,1,1,none,0,447438.0,,,,,111.8595,0.380864,,,,,7.382060531291486,5.50630146193917,500,0.000000000,1,0c5f09e3acc739e709ab3786a3849b93f72262e8c0ff9a4416da86c1ac3b3d4b,8,3,17,7,2,0,0,"static single-case binary; CUDA event includes setup/readback, clock64 covers timed window"
calibration,v2_calibration_fp16_n128_q8_batch_ring_in0_same_discard_h10000000_b1_none_ops0,1,,NVIDIA Thor,11.0,580.00,13.0,1575.000,,,,mem_clock_mhz:unavailable;temperature_c:unavailable;power_w:unavailable;sm_clock_mhz:sysfs_or_default,fp16,128,8,500,1,299,batch,ring,same,discard,0,10000000,1,1,none,0,447439.0,,,,,111.85975,0.380928,,,,,7.3820440328178805,5.505376344086021,500,0.000000000,1,0c5f09e3acc739e709ab3786a3849b93f72262e8c0ff9a4416da86c1ac3b3d4b,8,3,17,7,2,0,0,"static single-case binary; CUDA event includes setup/readback, clock64 covers timed window"
calibration,v2_calibration_fp16_n128_q8_batch_ring_in0_same_discard_h10000000_b1_none_ops0,1,,NVIDIA Thor,11.0,580.00,13.0,1575.000,,,,mem_clock_mhz:unavailable;temperature_c:unavailable;power_w:unavailable;sm_clock_mhz:sysfs_or_default,fp16,128,8,500,2,299,batch,ring,same,discard,0,10000000,1,1,none,0,447438.0,,,,,111.8595,0.380416,,,,,7.382060531291486,5.512786002691791,500,0.000000000,1,0c5f09e3acc739e709ab3786a3849b93f72262e8c0ff9a4416da86c1ac3b3d4b,8,3,17,7,2,0,0,"static single-case binary; CUDA event includes setup/readback, clock64 covers timed window"
control,v2_control_fp16_n128_q1_commit_wait_same_in0_same_discard_h32_b1_none_ops0,1,,NVIDIA Thor,11.0,580.00,13.0,1575.000,,,,mem_clock_mhz:unavailable;temperature_c:unavailable;power_w:unavailable;sm_clock_mhz:sysfs_or_default,fp16,128,1,1000,0,300,commit_wait,same,same,discard,0,32,1,1,none,0,258144.0,,,,,,0.26224,,,,,,,1000,0.000000000,1,88d9182ac56cfcd5d459c1c761fa574981fd4e8acf82db6cc39548e36b364206,0,3,19,9,2,0,0,"static single-case binary; CUDA event includes setup/readback, clock64 covers timed window"
control,v2_control_fp16_n128_q1_commit_wait_same_in0_same_discard_h32_b1_none_ops0,1,,NVIDIA Thor,11.0,580.00,13.0,1575.000,,,,mem_clock_mhz:unavailable;temperature_c:unavailable;power_w:unavailable;sm_clock_mhz:sysfs_or_default,fp16,128,1,1000,1,300,commit_wait,same,same,discard,0,32,1,1,none,0,258144.0,,,,,,0.262272,,,,,,,1000,0.000000000,1,88d9182ac56cfcd5d459c1c761fa574981fd4e8acf82db6cc39548e36b364206,0,3,19,9,2,0,0,"static single-case binary; CUDA event includes setup/readback, clock64 covers timed window"
control,v2_control_fp16_n128_q1_commit_wait_same_in0_same_discard_h32_b1_none_ops0,1,,NVIDIA Thor,11.0,580.00,13.0,1575.000,,,,mem_clock_mhz:unavailable;temperature_c:unavailable;power_w:unavailable;sm_clock_mhz:sysfs_or_default,fp16,128,1,1000,2,300,commit_wait,same,same,discard,0,32,1,1,none,0,258144.0,,,,,,0.260288,,,,,,,1000,0.000000000,1,88d9182ac56cfcd5d459c1c761fa574981fd4e8acf82db6cc39548e36b364206,0,3,19,9,2,0,0,"static single-case binary; CUDA event includes setup/readback, clock64 covers timed window"
calibration,v2_calibration_fp16_n256_q32_batch_same_in1_same_discard_h32_b1_none_ops0,1,,NVIDIA Thor,11.0,580.00,13.0,1575.000,,,,mem_clock_mhz:unavailable;temperature_c:unavailable;power_w:unavailable;sm_clock_mhz:sysfs_or_default,fp16,256,32,500,0,301,batch,same,same,discard,1,32,1,1,none,0,2246354.0,,,,,140.397125,1.52272,,,,,11.76311267057641,11.017925816959124,1498,0.000000000,1,b1e1daa4e4fb5d5a1e29ea5a80fa2759212b02bd63289e97d88cbed2cddfc80e,32,3,19,10,2,0,0,"static single-case binary; CUDA event includes setup/readback, clock64 covers timed window"
calibration,v2_calibration_fp16_n256_q32_batch_same_in1_same_discard_h32_b1_none_ops0,1,,NVIDIA Thor,11.0,580.00,13.0,1575.000,,,,mem_clock_mhz:unavailable;temperature_c:unavailable;power_w:unavailable;sm_clock_mhz:sysfs_or_default,fp16,256,32,500,1,301,batch,same,same,discard,1,32,1,1,none,0,2246403.0,,,,,140.4001875,1.524096,,,,,11.762856085929373,11.007978500041991,1498,0.000000000,1,b1e1daa4e4fb5d5a1e29ea5a80fa2759212b02bd63289e97d88cbed2cddfc80e,32,3,19,10,2,0,0,"static single-case binary; CUDA event includes setup/readback, clock64 covers timed window"
calibration,v2_calibration_fp16_n256_q32_batch_same_in1_same_discard_h32_b1_none_ops0,1,,NVIDIA Thor,11.0,580.00,13.0,1575.000,,,,mem_clock_mhz:unavailable;temperature_c:unavailable;power_w:unavailable;sm_clock_mhz:sysfs_or_default,fp16,256,32,500,2,301,batch,same,same,discard,1,32,1,1,none,0,2246403.0,,,,,140.4001875,1.523392,,,,,11.762856085929373,11.01306557996891,1498,0.000000000,1,b1e1daa4e4fb5d5a1e29ea5a80fa2759212b02bd63289e97d88cbed2cddfc80e,32,3,19,10,2,0,0,"static single-case binary; CUDA event includes setup/readback, clock64 covers timed window"
calibration,v2_calibration_fp16_n128_q2_batch_same_in0_same_discard_h32_b0_none_ops0,1,,NVIDIA Thor,11.0,580.00,13.0,1575.000,,,,mem_clock_mhz:unavailable;temperature_c:unavailable;power_w:unavailable;sm_clock_mhz:sysfs_or_default,fp16,128,2,500,0,302,batch,same,same,discard,0,32,0,20,none,0,237654.0,,,,,237.654,0.282208,,,,,69.49208513216693,37.15614015194466,10000,0.000000000,1,7c28a6caa5240d95e116b7bdcb7d590e2c707d3dd07076b426d2ef8998e0b44e,2,3,19,10,2,0,0,"static single-case binary; CUDA event includes setup/readback, clock64 covers timed window"
calibration,v2_calibration_fp16_n128_q2_batch_same_in0_same_discard_h32_b0_none_ops0,1,,NVIDIA Thor,11.0,580.00,13.0,1575.000,,,,mem_clock_mhz:unavailable;temperature_c:unavailable;power_w:unavailable;sm_clock_mhz:sysfs_or_default,fp16,128,2,500,1,302,batch,same,same,discard,0,32,0,20,none,0,237654.0,,,,,237.654,0.282464,,,,,69.49208513216693,37.12246516370227,10000,0.000000000,1,7c28a6caa5240d95e116b7bdcb7d590e2c707d3dd07076b426d2ef8998e0b44e,2,3,19,10,2,0,0,"static single-case binary; CUDA event includes setup/readback, clock64 covers timed window"
calibration,v2_calibration_fp16_n128_q2_batch_same_in0_same_discard_h32_b0_none_ops0,1,,NVIDIA Thor,11.0,580.00,13.0,1575.000,,,,mem_clock_mhz:unavailable;temperature_c:unavailable;power_w:unavailable;sm_clock_mhz:sysfs_or_default,fp16,128,2,500,2,302,batch,same,same,discard,0,32,0,20,none,0,237651.0,,,,,237.651,0.279904,,,,,69.49296236918843,37.461986966960104,10000,0.000000000,1,7c28a6caa5240d95e116b7bdcb7d590e2c707d3dd07076b426d2ef8998e0b44e,2,3,19,10,2,0,0,"static single-case binary; CUDA event includes setup/readback, clock64 covers timed window"
calibration,v2_calibration_bf16_n256_q4_batch_same_in1_same_discard_h32_b0_none_ops0,1,,NVIDIA Thor,11.0,580.00,13.0,1575.000,,,,mem_clock_mhz:unavailable;temperature_c:unavailable;power_w:unavailable;sm_clock_mhz:sysfs_or_default,bf16,256,4,500,0,303,batch,same,same,discard,1,32,0,20,none,0,432280.0,,,,,216.14,0.40768,,,,,152.81828444526693,102.88226059654632,20031,0.000000000,1,01cf9ccfbd8769816f061d45a70cce40874247ea13be74bbae895bf5e65b2a89,4,3,19,10,2,0,0,"static single-case binary; CUDA event includes setup/readback, clock64 covers timed window"
calibration,v2_calibration_bf16_n256_q4_batch_same_in1_same_discard_h32_b0_none_ops0,1,,NVIDIA Thor,11.0,580.00,13.0,1575.000,,,,mem_clock_mhz:unavailable;temperature_c:unavailable;power_w:unavailable;sm_clock_mhz:sysfs_or_default,bf16,256,4,500,1,303,batch,same,same,discard,1,32,0,20,none,0,431817.0,,,,,215.9085,0.40544,,,,,152.98213826690474,103.45067087608524,20139,0.000000000,1,01cf9ccfbd8769816f061d45a70cce40874247ea13be74bbae895bf5e65b2a89,4,3,19,10,2,0,0,"static single-case binary; CUDA event includes setup/readback, clock64 covers timed window"
calibration,v2_calibration_bf16_n256_q4_batch_same_in1_same_discard_h32_b0_none_ops0,1,,NVIDIA Thor,11.0,580.00,13.0,1575.000,,,,mem_clock_mhz:unavailable;temperature_c:unavailable;power_w:unavailable;sm_clock_mhz:sysfs_or_default,bf16,256,4,500,2,303,batch,same,same,discard,1,32,0,20,none,0,431733.0,,,,,215.8665,0.405312,,,,,153.01190319016615,103.4833412284857,20043,0.000000000,1,01cf9ccfbd8769816f061d45a70cce40874247ea13be74bbae895bf5e65b2a89,4,3,19,10,2,0,0,"static single-case binary; CUDA event includes setup/readback, clock64 covers timed window"
calibration,v2_calibration_bf16_n256_q16_batch_same_in0_same_discard_h32_b0_none_ops0,1,,NVIDIA Thor,11.0,580.00,13.0,1575.000,,,,mem_clock_mhz:unavailable;temperature_c:unavailable;power_w:unavailable;sm_clock_mhz:sysfs_or_default,bf16,256,16,500,0,304,batch,same,same,discard,0,32,0,20,none,0,1237128.0,,,,,154.641,0.91856,,,,,213.59241080955243,182.6469256227138,29994,0.000000000,1,02d4485566dd9408cc9e74ae3369c3074b7fca962cf3de7dfdac5fe96bab843b,16,3,19,10,2,0,0,"static single-case binary; CUDA event includes setup/readback, clock64 covers timed window"
calibration,v2_calibration_bf16_n256_q16_batch_same_in0_same_discard_h32_b0_none_ops0,1,,NVIDIA Thor,11.0,580.00,13.0,1575.000,,,,mem_clock_mhz:unavailable;temperature_c:unavailable;power_w:unavailable;sm_clock_mhz:sysfs_or_default,bf16,256,16,500,1,304,batch,same,same,discard,0,32,0,20,none,0,1236104.0,,,,,154.513,0.914816,,,,,213.76935274054608,183.3944312298867,29976,0.000000000,1,02d4485566dd9408cc9e74ae3369c3074b7fca962cf3de7dfdac5fe96bab843b,16,3,19,10,2,0,0,"static single-case binary; CUDA event includes setup/readback, clock64 covers timed window"
calibration,v2_calibration_bf16_n256_q16_batch_same_in0_same_discard_h32_b0_none_ops0,1,,NVIDIA Thor,11.0,580.00,13.0,1575.000,,,,mem_clock_mhz:unavailable;temperature_c:unavailable;power_w:unavailable;sm_clock_mhz:sysfs_or_default,bf16,256,16,500,2,304,batch,same,same,discard,0,32,0,20,none,0,1236762.0,,,,,154.59525,0.9168,,,,,213.6556200788834,182.9975567190227,29978,0.000000000,1,02d4485566dd9408cc9e74ae3369c3074b7fca962cf3de7dfdac5fe96bab843b,16,3,19,10,2,0,0,"static single-case binary; CUDA event includes setup/readback, clock64 covers timed window"
calibration,v2_calibration_bf16_n128_q2_batch_same_in0_same_discard_h0_b0_none_ops0,1,,NVIDIA Thor,11.0,580.00,13.0,1575.000,,,,mem_clock_mhz:unavailable;temperature_c:unavailable;power_w:unavailable;sm_clock_mhz:sysfs_or_default,bf16,128,2,500,0,305,batch,same,same,discard,0,0,0,20,none,0,247148.0,,,,,247.148,0.289056,,,,,66.82260022334795,36.27587733864718,10000,0.000000000,1,667771dd301a87c639961ccf0eabf65e96ed245537f6db8e8fbc96b4fc8e3086,2,3,19,10,2,0,0,"static single-case binary; CUDA event includes setup/readback, clock64 covers timed window"
calibration,v2_calibration_bf16_n128_q2_batch_same_in0_same_discard_h0_b0_none_ops0,1,,NVIDIA Thor,11.0,580.00,13.0,1575.000,,,,mem_clock_mhz:unavailable;temperature_c:unavailable;power_w:unavailable;sm_clock_mhz:sysfs_or_default,bf16,128,2,500,1,305,batch,same,same,discard,0,0,0,20,none,0,247139.0,,,,,247.139,0.286944,,,,,66.82503368549682,36.54287944686072,10000,0.000000000,1,667771dd301a87c639961ccf0eabf65e96ed245537f6db8e8fbc96b4fc8e3086,2,3,19,10,2,0,0,"static single-case binary; CUDA event includes setup/readback, clock64 covers timed window"
calibration,v2_calibration_bf16_n128_q2_batch_same_in0_same_discard_h0_b0_none_ops0,1,,NVIDIA Thor,11.0,580.00,13.0,1575.000,,,,mem_clock_mhz:unavailable;temperature_c:unavailable;power_w:unavailable;sm_clock_mhz:sysfs_or_default,bf16,128,2,500,2,305,batch,same,same,discard,0,0,0,20,none,0,247145.0,,,,,247.145,0.288672,,,,,66.82341135770498,36.32413257953664,10000,0.000000000,1,667771dd301a87c639961ccf0eabf65e96ed245537f6db8e8fbc96b4fc8e3086,2,3,19,10,2,0,0,"static single-case binary; CUDA event includes setup/readback, clock64 covers timed window"
calibration,v2_calibration_fp16_n256_q64_batch_ring_in0_same_discard_h32_b1_none_ops0,1,,NVIDIA Thor,11.0,580.00,13.0,1575.000,,,,mem_clock_mhz:unavailable;temperature_c:unavailable;power_w:unavailable;sm_clock_mhz:sysfs_or_default,fp16,256,64,500,0,306,batch,ring,same,discard,0,32,1,1,none,0,4311180.0,,,,,134.724375,2.834976,,,,,12.258414262452508,11.83587868115991,1498,0.000000000,1,8a24537d19347143a98f46cc08884560562ee7e17bf905e0041c8a36c35a7399,64,3,17,7,2,0,0,"static single-case binary; CUDA event includes setup/readback, clock64 covers timed window"
calibration,v2_calibration_fp16_n256_q64_batch_ring_in0_same_discard_h32_b1_none_ops0,1,,NVIDIA Thor,11.0,580.00,13.0,1575.000,,,,mem_clock_mhz:unavailable;temperature_c:unavailable;power_w:unavailable;sm_clock_mhz:sysfs_or_default,fp16,256,64,500,1,306,batch,ring,same,discard,0,32,1,1,none,0,4311526.0,,,,,134.7351875,2.83408,,,,,12.257430524598483,11.839620617625473,1500,0.000000000,1,8a24537d19347143a98f46cc08884560562ee7e17bf905e0041c8a36c35a7399,64,3,17,7,2,0,0,"static single-case binary; CUDA event includes setup/readback, clock64 covers timed window"
calibration,v2_calibration_fp16_n256_q64_batch_ring_in0_same_discard_h32_b1_none_ops0,1,,NVIDIA Thor,11.0,580.00,13.0,1575.000,,,,mem_clock_mhz:unavailable;temperature_c:unavailable;power_w:unavailable;sm_clock_mhz:sysfs_or_default,fp16,256,64,500,2,306,batch,ring,same,discard,0,32,1,1,none,0,4311510.0,,,,,134.7346875,2.835936,,,,,12.257476011884467,11.831872087381381,1500,0.000000000,1,8a24537d19347143a98f46cc08884560562ee7e17bf905e0041c8a36c35a7399,64,3,17,7,2,0,0,"static single-case binary; CUDA event includes setup/readback, clock64 covers timed window"
calibration,v2_calibration_bf16_n256_q1_batch_ring_in0_same_discard_h32_b1_none_ops0,1,,NVIDIA Thor,11.0,580.00,13.0,1575.000,,,,mem_clock_mhz:unavailable;temperature_c:unavailable;power_w:unavailable;sm_clock_mhz:sysfs_or_default,bf16,256,1,500,0,307,batch,ring,same,discard,0,32,1,1,none,0,248711.0,,,,,497.422,0.255712,,,,,3.32013300577779,2.050306594919284,500,0.000000000,1,0a166c14f5d41846e49453b329a661682c2312131920d9b0198c9ba6620e0860,1,3,17,7,2,0,0,"static single-case binary; CUDA event includes setup/readback, clock64 covers timed window"
calibration,v2_calibration_bf16_n256_q1_batch_ring_in0_same_discard_h32_b1_none_ops0,1,,NVIDIA Thor,11.0,580.00,13.0,1575.000,,,,mem_clock_mhz:unavailable;temperature_c:unavailable;power_w:unavailable;sm_clock_mhz:sysfs_or_default,bf16,256,1,500,1,307,batch,ring,same,discard,0,32,1,1,none,0,248627.0,,,,,497.254,0.254496,,,,,3.321254730982556,2.060103105746259,500,0.000000000,1,0a166c14f5d41846e49453b329a661682c2312131920d9b0198c9ba6620e0860,1,3,17,7,2,0,0,"static single-case binary; CUDA event includes setup/readback, clock64 covers timed window"
calibration,v2_calibration_bf16_n256_q1_batch_ring_in0_same_discard_h32_b1_none_ops0,1,,NVIDIA Thor,11.0,580.00,13.0,1575.000,,,,mem_clock_mhz:unavailable;temperature_c:unavailable;power_w:unavailable;sm_clock_mhz:sysfs_or_default,bf16,256,1,500,2,307,batch,ring,same,discard,0,32,1,1,none,0,248588.0,,,,,497.176,0.25568,,,,,3.32177578966,2.050563204005006,500,0.000000000,1,0a166c14f5d41846e49453b329a661682c2312131920d9b0198c9ba6620e0860,1,3,17,7,2,0,0,"static single-case binary; CUDA event includes setup/readback, clock64 covers timed window"
calibration,v2_calibration_bf16_n128_q4_batch_same_in1_same_discard_h32_b0_none_ops0,1,,NVIDIA Thor,11.0,580.00,13.0,1575.000,,,,mem_clock_mhz:unavailable;temperature_c:unavailable;power_w:unavailable;sm_clock_mhz:sysfs_or_default,bf16,128,4,500,0,308,batch,same,same,discard,1,32,0,20,none,0,315318.0,,,,,157.659,0.330432,,,,,104.75185051281564,63.466976564013166,10000,0.000000000,1,d1e1a7ee88d364611e462db4a30ea991874d723e6019e38c75e94fe13704c2d1,4,3,19,10,2,0,0,"static single-case binary; CUDA event includes setup/readback, clock64 covers timed window"
calibration,v2_calibration_bf16_n128_q4_batch_same_in1_same_discard_h32_b0_none_ops0,1,,NVIDIA Thor,11.0,580.00,13.0,1575.000,,,,mem_clock_mhz:unavailable;temperature_c:unavailable;power_w:unavailable;sm_clock_mhz:sysfs_or_default,bf16,128,4,500,1,308,batch,same,same,discard,1,32,0,20,none,0,315501.0,,,,,157.7505,0.330432,,,,,104.69109131191342,63.466976564013166,10000,0.000000000,1,d1e1a7ee88d364611e462db4a30ea991874d723e6019e38c75e94fe13704c2d1,4,3,19,10,2,0,0,"static single-case binary; CUDA event includes setup/readback, clock64 covers timed window"
calibration,v2_calibration_bf16_n128_q4_batch_same_in1_same_discard_h32_b0_none_ops0,1,,NVIDIA Thor,11.0,580.00,13.0,1575.000,,,,mem_clock_mhz:unavailable;temperature_c:unavailable;power_w:unavailable;sm_clock_mhz:sysfs_or_default,bf16,128,4,500,2,308,batch,same,same,discard,1,32,0,20,none,0,315334.0,,,,,157.667,0.330528,,,,,104.74653541958686,63.448542937360834,10000,0.000000000,1,d1e1a7ee88d364611e462db4a30ea991874d723e6019e38c75e94fe13704c2d1,4,3,19,10,2,0,0,"static single-case binary; CUDA event includes setup/readback, clock64 covers timed window"
calibration,v2_calibration_bf16_n128_q32_batch_ring_in0_same_discard_h10000000_b0_none_ops0,1,,NVIDIA Thor,11.0,580.00,13.0,1575.000,,,,mem_clock_mhz:unavailable;temperature_c:unavailable;power_w:unavailable;sm_clock_mhz:sysfs_or_default,bf16,128,32,500,0,309,batch,ring,same,discard,0,10000000,0,20,none,0,1215434.0,,,,,75.964625,0.903264,,,,,217.40477228710074,185.7398944273214,10000,0.000000000,1,8a2decbeee040986b7e19739dcf395a8b1fd5fdef286a4fc574f1d6950fb0f16,32,3,17,7,2,0,0,"static single-case binary; CUDA event includes setup/readback, clock64 covers timed window"
calibration,v2_calibration_bf16_n128_q32_batch_ring_in0_same_discard_h10000000_b0_none_ops0,1,,NVIDIA Thor,11.0,580.00,13.0,1575.000,,,,mem_clock_mhz:unavailable;temperature_c:unavailable;power_w:unavailable;sm_clock_mhz:sysfs_or_default,bf16,128,32,500,1,309,batch,ring,same,discard,0,10000000,0,20,none,0,1215431.0,,,,,75.9644375,0.904608,,,,,217.40530889865403,185.4639357600198,10000,0.000000000,1,8a2decbeee040986b7e19739dcf395a8b1fd5fdef286a4fc574f1d6950fb0f16,32,3,17,7,2,0,0,"static single-case binary; CUDA event includes setup/readback, clock64 covers timed window"
calibration,v2_calibration_bf16_n128_q32_batch_ring_in0_same_discard_h10000000_b0_none_ops0,1,,NVIDIA Thor,11.0,580.00,13.0,1575.000,,,,mem_clock_mhz:unavailable;temperature_c:unavailable;power_w:unavailable;sm_clock_mhz:sysfs_or_default,bf16,128,32,500,2,309,batch,ring,same,discard,0,10000000,0,20,none,0,1215429.0,,,,,75.9643125,0.90432,,,,,217.40566664116128,185.5230007077141,10000,0.000000000,1,8a2decbeee040986b7e19739dcf395a8b1fd5fdef286a4fc574f1d6950fb0f16,32,3,17,7,2,0,0,"static single-case binary; CUDA event includes setup/readback, clock64 covers timed window"
calibration,v2_calibration_fp16_n128_q32_batch_ring_in0_same_discard_h0_b1_none_ops0,1,,NVIDIA Thor,11.0,580.00,13.0,1575.000,,,,mem_clock_mhz:unavailable;temperature_c:unavailable;power_w:unavailable;sm_clock_mhz:sysfs_or_default,fp16,128,32,500,0,310,batch,ring,same,discard,0,0,1,1,none,0,1203092.0,,,,,75.19325,0.874912,,,,,10.981751686487817,9.58794484473867,954,0.000000000,1,feea15b3272713acec67219cf946a4fa7f9185a2e489e11e27c3d83e2392035e,32,3,17,7,2,0,0,"static single-case binary; CUDA event includes setup/readback, clock64 covers timed window"
calibration,v2_calibration_fp16_n128_q32_batch_ring_in0_same_discard_h0_b1_none_ops0,1,,NVIDIA Thor,11.0,580.00,13.0,1575.000,,,,mem_clock_mhz:unavailable;temperature_c:unavailable;power_w:unavailable;sm_clock_mhz:sysfs_or_default,fp16,128,32,500,1,310,batch,ring,same,discard,0,0,1,1,none,0,1204708.0,,,,,75.29425,0.86224,,,,,10.967020722033887,9.72885507515309,959,0.000000000,1,feea15b3272713acec67219cf946a4fa7f9185a2e489e11e27c3d83e2392035e,32,3,17,7,2,0,0,"static single-case binary; CUDA event includes setup/readback, clock64 covers timed window"
calibration,v2_calibration_fp16_n128_q32_batch_ring_in0_same_discard_h0_b1_none_ops0,1,,NVIDIA Thor,11.0,580.00,13.0,1575.000,,,,mem_clock_mhz:unavailable;temperature_c:unavailable;power_w:unavailable;sm_clock_mhz:sysfs_or_default,fp16,128,32,500,2,310,batch,ring,same,discard,0,0,1,1,none,0,1204869.0,,,,,75.3043125,0.861792,,,,,10.96555525953444,9.733912591437377,960,0.000000000,1,feea15b3272713acec67219cf946a4fa7f9185a2e489e11e27c3d83e2392035e,32,3,17,7,2,0,0,"static single-case binary; CUDA event includes setup/readback, clock64 covers timed window"
calibration,v2_calibration_bf16_n128_q8_batch_same_in0_same_discard_h32_b1_none_ops0,1,,NVIDIA Thor,11.0,580.00,13.0,1575.000,,,,mem_clock_mhz:unavailable;temperature_c:unavailable;power_w:unavailable;sm_clock_mhz:sysfs_or_default,bf16,128,8,500,0,311,batch,same,same,discard,0,32,1,1,none,0,432515.0,,,,,108.12875,0.391872,,,,,7.636762655630441,5.35162502041483,814,0.000000000,1,4892dc04b31d0a0ab6dc867d2d008f80eda57342130effdd642da1f08b825b07,8,3,19,10,2,0,0,"static single-case binary; CUDA event includes setup/readback, clock64 covers timed window"
calibration,v2_calibration_bf16_n128_q8_batch_same_in0_same_discard_h32_b1_none_ops0,1,,NVIDIA Thor,11.0,580.00,13.0,1575.000,,,,mem_clock_mhz:unavailable;temperature_c:unavailable;power_w:unavailable;sm_clock_mhz:sysfs_or_default,bf16,128,8,500,1,311,batch,same,same,discard,0,32,1,1,none,0,432754.0,,,,,108.1885,0.372256,,,,,7.6325450486881685,5.633628470729821,810,0.000000000,1,4892dc04b31d0a0ab6dc867d2d008f80eda57342130effdd642da1f08b825b07,8,3,19,10,2,0,0,"static single-case binary; CUDA event includes setup/readback, clock64 covers timed window"
calibration,v2_calibration_bf16_n128_q8_batch_same_in0_same_discard_h32_b1_none_ops0,1,,NVIDIA Thor,11.0,580.00,13.0,1575.000,,,,mem_clock_mhz:unavailable;temperature_c:unavailable;power_w:unavailable;sm_clock_mhz:sysfs_or_default,bf16,128,8,500,2,311,batch,same,same,discard,0,32,1,1,none,0,432695.0,,,,,108.17375,0.373504,,,,,7.633585782132912,5.614804660726525,807,0.000000000,1,4892dc04b31d0a0ab6dc867d2d008f80eda57342130effdd642da1f08b825b07,8,3,19,10,2,0,0,"static single-case binary; CUDA event includes setup/readback, clock64 covers timed window"
calibration,v2_calibration_bf16_n128_q1_batch_same_in1_same_discard_h0_b1_none_ops0,1,,NVIDIA Thor,11.0,580.00,13.0,1575.000,,,,mem_clock_mhz:unavailable;temperature_c:unavailable;power_w:unavailable;sm_clock_mhz:sysfs_or_default,bf16,128,1,500,0,312,batch,same,same,discard,1,0,1,1,none,0,225129.0,,,,,450.258,0.238656,,,,,1.833956531588556,1.0984178063824082,500,0.000000000,1,8e97098f268f3f41c4f0b3302a31e45a39eda9cbd1976da1696e485457a03853,1,3,19,10,2,0,0,"static single-case binary; CUDA event includes setup/readback, clock64 covers timed window"
calibration,v2_calibration_bf16_n128_q1_batch_same_in1_same_discard_h0_b1_none_ops0,1,,NVIDIA Thor,11.0,580.00,13.0,1575.000,,,,mem_clock_mhz:unavailable;temperature_c:unavailable;power_w:unavailable;sm_clock_mhz:sysfs_or_default,bf16,128,1,500,1,312,batch,same,same,discard,1,0,1,1,none,0,225128.0,,,,,450.256,0.24096,,,,,1.833964677872144,1.0879150066401062,500,0.000000000,1,8e97098f268f3f41c4f0b3302a31e45a39eda9cbd1976da1696e485457a03853,1,3,19,10,2,0,0,"static single-case binary; CUDA event includes setup/readback, clock64 covers timed window"
calibration,v2_calibration_bf16_n128_q1_batch_same_in1_same_discard_h0_b1_none_ops0,1,,NVIDIA Thor,11.0,580.00,13.0,1575.000,,,,mem_clock_mhz:unavailable;temperature_c:unavailable;power_w:unavailable;sm_clock_mhz:sysfs_or_default,bf16,128,1,500,2,312,batch,same,same,discard,1,0,1,1,none,0,225128.0,,,,,450.256,0.240352,,,,,1.833964677872144,1.0906670217015044,500,0.000000000,1,8e97098f268f3f41c4f0b3302a31e45a39eda9cbd1976da1696e485457a03853,1,3,19,10,2,0,0,"static single-case binary; CUDA event includes setup/readback, clock64 covers timed window"
calibration,v2_calibration_bf16_n128_q4_batch_ring_in0_same_discard_h10000000_b1_none_ops0,1,,NVIDIA Thor,11.0,580.00,13.0,1575.000,,,,mem_clock_mhz:unavailable;temperature_c:unavailable;power_w:unavailable;sm_clock_mhz:sysfs_or_default,bf16,128,4,500,0,313,batch,ring,same,discard,0,10000000,1,1,none,0,319589.0,,,,,159.7945,0.300768,,,,,5.167597132567142,3.4863283328013623,500,0.000000000,1,92c843e8c2ffcbb6ca2a6894db72a11547e704c7aa7db9ec562d68c0c132a35e,4,3,17,7,2,0,0,"static single-case binary; CUDA event includes setup/readback, clock64 covers timed window"
calibration,v2_calibration_bf16_n128_q4_batch_ring_in0_same_discard_h10000000_b1_none_ops0,1,,NVIDIA Thor,11.0,580.00,13.0,1575.000,,,,mem_clock_mhz:unavailable;temperature_c:unavailable;power_w:unavailable;sm_clock_mhz:sysfs_or_default,bf16,128,4,500,1,313,batch,ring,same,discard,0,10000000,1,1,none,0,319589.0,,,,,159.7945,0.299456,,,,,5.167597132567142,3.5016029066039756,500,0.000000000,1,92c843e8c2ffcbb6ca2a6894db72a11547e704c7aa7db9ec562d68c0c132a35e,4,3,17,7,2,0,0,"static single-case binary; CUDA event includes setup/readback, clock64 covers timed window"
calibration,v2_calibration_bf16_n128_q4_batch_ring_in0_same_discard_h10000000_b1_none_ops0,1,,NVIDIA Thor,11.0,580.00,13.0,1575.000,,,,mem_clock_mhz:unavailable;temperature_c:unavailable;power_w:unavailable;sm_clock_mhz:sysfs_or_default,bf16,128,4,500,2,313,batch,ring,same,discard,0,10000000,1,1,none,0,319571.0,,,,,159.7855,0.300608,,,,,5.167888200118283,3.48818394720034,500,0.000000000,1,92c843e8c2ffcbb6ca2a6894db72a11547e704c7aa7db9ec562d68c0c132a35e,4,3,17,7,2,0,0,"static single-case binary; CUDA event includes setup/readback, clock64 covers timed window"
calibration,v2_calibration_fp16_n128_q32_batch_same_in0_same_discard_h0_b0_none_ops0,1,,NVIDIA Thor,11.0,580.00,13.0,1575.000,,,,mem_clock_mhz:unavailable;temperature_c:unavailable;power_w:unavailable;sm_clock_mhz:sysfs_or_default,fp16,128,32,500,0,314,batch,same,same,discard,0,0,0,20,none,0,1205219.0,,,,,75.3261875,0.89568,,,,,219.24741644464615,187.31261164701678,19275,0.000000000,1,497ae28499ebb5ddfad0988a8a369ad1b6226c5ac3e086701926c28255d054c0,32,3,19,10,2,0,0,"static single-case binary; CUDA event includes setup/readback, clock64 covers timed window"
calibration,v2_calibration_fp16_n128_q32_batch_same_in0_same_discard_h0_b0_none_ops0,1,,NVIDIA Thor,11.0,580.00,13.0,1575.000,,,,mem_clock_mhz:unavailable;temperature_c:unavailable;power_w:unavailable;sm_clock_mhz:sysfs_or_default,fp16,128,32,500,1,314,batch,same,same,discard,0,0,0,20,none,0,1205281.0,,,,,75.3300625,0.89968,,,,,219.23613829472131,186.47981504534943,19296,0.000000000,1,497ae28499ebb5ddfad0988a8a369ad1b6226c5ac3e086701926c28255d054c0,32,3,19,10,2,0,0,"static single-case binary; CUDA event includes setup/readback, clock64 covers timed window"
calibration,v2_calibration_fp16_n128_q32_batch_same_in0_same_discard_h0_b0_none_ops0,1,,NVIDIA Thor,11.0,580.00,13.0,1575.000,,,,mem_clock_mhz:unavailable;temperature_c:unavailable;power_w:unavailable;sm_clock_mhz:sysfs_or_default,fp16,128,32,500,2,314,batch,same,same,discard,0,0,0,20,none,0,1205564.0,,,,,75.34775,0.897696,,,,,219.18467372947433,186.89195451466867,19351,0.000000000,1,497ae28499ebb5ddfad0988a8a369ad1b6226c5ac3e086701926c28255d054c0,32,3,19,10,2,0,0,"static single-case binary; CUDA event includes setup/readback, clock64 covers timed window"
control,v2_control_fp16_n256_q1_commit_wait_same_in0_same_discard_h32_b1_none_ops0,1,,NVIDIA Thor,11.0,580.00,13.0,1575.000,,,,mem_clock_mhz:unavailable;temperature_c:unavailable;power_w:unavailable;sm_clock_mhz:sysfs_or_default,fp16,256,1,1000,0,315,commit_wait,same,same,discard,0,32,1,1,none,0,258144.0,,,,,,0.260992,,,,,,,1000,0.000000000,1,c72ed06fc56bef7f4783d92926eb5d804993e13d86464442488e43cfede71c63,0,3,19,9,2,0,0,"static single-case binary; CUDA event includes setup/readback, clock64 covers timed window"
control,v2_control_fp16_n256_q1_commit_wait_same_in0_same_discard_h32_b1_none_ops0,1,,NVIDIA Thor,11.0,580.00,13.0,1575.000,,,,mem_clock_mhz:unavailable;temperature_c:unavailable;power_w:unavailable;sm_clock_mhz:sysfs_or_default,fp16,256,1,1000,1,315,commit_wait,same,same,discard,0,32,1,1,none,0,258144.0,,,,,,0.261792,,,,,,,1000,0.000000000,1,c72ed06fc56bef7f4783d92926eb5d804993e13d86464442488e43cfede71c63,0,3,19,9,2,0,0,"static single-case binary; CUDA event includes setup/readback, clock64 covers timed window"
control,v2_control_fp16_n256_q1_commit_wait_same_in0_same_discard_h32_b1_none_ops0,1,,NVIDIA Thor,11.0,580.00,13.0,1575.000,,,,mem_clock_mhz:unavailable;temperature_c:unavailable;power_w:unavailable;sm_clock_mhz:sysfs_or_default,fp16,256,1,1000,2,315,commit_wait,same,same,discard,0,32,1,1,none,0,258144.0,,,,,,0.262912,,,,,,,1000,0.000000000,1,c72ed06fc56bef7f4783d92926eb5d804993e13d86464442488e43cfede71c63,0,3,19,9,2,0,0,"static single-case binary; CUDA event includes setup/readback, clock64 covers timed window"
calibration,v2_calibration_fp16_n128_q64_batch_ring_in0_same_discard_h32_b1_none_ops0,1,,NVIDIA Thor,11.0,580.00,13.0,1575.000,,,,mem_clock_mhz:unavailable;temperature_c:unavailable;power_w:unavailable;sm_clock_mhz:sysfs_or_default,fp16,128,64,500,0,316,batch,ring,same,discard,0,32,1,1,none,0,2221407.0,,,,,69.41896875,1.508352,,,,,11.895215599842802,11.12287847929396,748,0.000000000,1,a5eb6ced8f4b72f59eea4ac7651c4fb460ca7263e9eba34d76480bd407a1ad31,64,3,17,7,2,0,0,"static single-case binary; CUDA event includes setup/readback, clock64 covers timed window"
calibration,v2_calibration_fp16_n128_q64_batch_ring_in0_same_discard_h32_b1_none_ops0,1,,NVIDIA Thor,11.0,580.00,13.0,1575.000,,,,mem_clock_mhz:unavailable;temperature_c:unavailable;power_w:unavailable;sm_clock_mhz:sysfs_or_default,fp16,128,64,500,1,316,batch,ring,same,discard,0,32,1,1,none,0,2221802.0,,,,,69.4313125,1.50736,,,,,11.893100825366076,11.130198492729008,754,0.000000000,1,a5eb6ced8f4b72f59eea4ac7651c4fb460ca7263e9eba34d76480bd407a1ad31,64,3,17,7,2,0,0,"static single-case binary; CUDA event includes setup/readback, clock64 covers timed window"
calibration,v2_calibration_fp16_n128_q64_batch_ring_in0_same_discard_h32_b1_none_ops0,1,,NVIDIA Thor,11.0,580.00,13.0,1575.000,,,,mem_clock_mhz:unavailable;temperature_c:unavailable;power_w:unavailable;sm_clock_mhz:sysfs_or_default,fp16,128,64,500,2,316,batch,ring,same,discard,0,32,1,1,none,0,2222025.0,,,,,69.43828125,1.509504,,,,,11.89190724676815,11.114389892308996,757,0.000000000,1,a5eb6ced8f4b72f59eea4ac7651c4fb460ca7263e9eba34d76480bd407a1ad31,64,3,17,7,2,0,0,"static single-case binary; CUDA event includes setup/readback, clock64 covers timed window"
calibration,v2_calibration_fp16_n128_q64_batch_same_in0_same_discard_h0_b0_none_ops0,1,,NVIDIA Thor,11.0,580.00,13.0,1575.000,,,,mem_clock_mhz:unavailable;temperature_c:unavailable;power_w:unavailable;sm_clock_mhz:sysfs_or_default,fp16,128,64,500,0,317,batch,same,same,discard,0,0,0,20,none,0,2205802.0,,,,,68.9313125,1.532512,,,,,239.5873718493319,218.9505335031634,10240,0.000000000,1,875146301b1c59f3978d8e34dc27eb357f0ffc10c9771563fce5a49e1d32ee95,64,3,19,10,2,0,0,"static single-case binary; CUDA event includes setup/readback, clock64 covers timed window"
calibration,v2_calibration_fp16_n128_q64_batch_same_in0_same_discard_h0_b0_none_ops0,1,,NVIDIA Thor,11.0,580.00,13.0,1575.000,,,,mem_clock_mhz:unavailable;temperature_c:unavailable;power_w:unavailable;sm_clock_mhz:sysfs_or_default,fp16,128,64,500,1,317,batch,same,same,discard,0,0,0,20,none,0,2206148.0,,,,,68.942125,1.530752,,,,,239.54979629653135,219.20227443766203,10454,0.000000000,1,875146301b1c59f3978d8e34dc27eb357f0ffc10c9771563fce5a49e1d32ee95,64,3,19,10,2,0,0,"static single-case binary; CUDA event includes setup/readback, clock64 covers timed window"
calibration,v2_calibration_fp16_n128_q64_batch_same_in0_same_discard_h0_b0_none_ops0,1,,NVIDIA Thor,11.0,580.00,13.0,1575.000,,,,mem_clock_mhz:unavailable;temperature_c:unavailable;power_w:unavailable;sm_clock_mhz:sysfs_or_default,fp16,128,64,500,2,317,batch,same,same,discard,0,0,0,20,none,0,2206097.0,,,,,68.94053125,1.532864,,,,,239.55533414895174,218.90025468665192,10333,0.000000000,1,875146301b1c59f3978d8e34dc27eb357f0ffc10c9771563fce5a49e1d32ee95,64,3,19,10,2,0,0,"static single-case binary; CUDA event includes setup/readback, clock64 covers timed window"
calibration,v2_calibration_fp16_n128_q32_batch_ring_in0_same_discard_h10000000_b1_none_ops0,1,,NVIDIA Thor,11.0,580.00,13.0,1575.000,,,,mem_clock_mhz:unavailable;temperature_c:unavailable;power_w:unavailable;sm_clock_mhz:sysfs_or_default,fp16,128,32,500,0,318,batch,ring,same,discard,0,10000000,1,1,none,0,1215422.0,,,,,75.963875,0.869984,,,,,10.870345937460405,9.642255489756133,500,0.000000000,1,2f8624b6753be97d3936e4482e4ef7fdc5debdce19501752bad5069220c51fa5,32,3,17,7,2,0,0,"static single-case binary; CUDA event includes setup/readback, clock64 covers timed window"
calibration,v2_calibration_fp16_n128_q32_batch_ring_in0_same_discard_h10000000_b1_none_ops0,1,,NVIDIA Thor,11.0,580.00,13.0,1575.000,,,,mem_clock_mhz:unavailable;temperature_c:unavailable;power_w:unavailable;sm_clock_mhz:sysfs_or_default,fp16,128,32,500,1,318,batch,ring,same,discard,0,10000000,1,1,none,0,1215422.0,,,,,75.963875,0.869152,,,,,10.870345937460405,9.651485585950443,500,0.000000000,1,2f8624b6753be97d3936e4482e4ef7fdc5debdce19501752bad5069220c51fa5,32,3,17,7,2,0,0,"static single-case binary; CUDA event includes setup/readback, clock64 covers timed window"
calibration,v2_calibration_fp16_n128_q32_batch_ring_in0_same_discard_h10000000_b1_none_ops0,1,,NVIDIA Thor,11.0,580.00,13.0,1575.000,,,,mem_clock_mhz:unavailable;temperature_c:unavailable;power_w:unavailable;sm_clock_mhz:sysfs_or_default,fp16,128,32,500,2,318,batch,ring,same,discard,0,10000000,1,1,none,0,1215423.0,,,,,75.9639375,0.861952,,,,,10.870336993787348,9.732105732105733,500,0.000000000,1,2f8624b6753be97d3936e4482e4ef7fdc5debdce19501752bad5069220c51fa5,32,3,17,7,2,0,0,"static single-case binary; CUDA event includes setup/readback, clock64 covers timed window"
calibration,v2_calibration_bf16_n128_q32_batch_same_in1_same_discard_h32_b1_none_ops0,1,,NVIDIA Thor,11.0,580.00,13.0,1575.000,,,,mem_clock_mhz:unavailable;temperature_c:unavailable;power_w:unavailable;sm_clock_mhz:sysfs_or_default,bf16,128,32,500,0,319,batch,same,same,discard,1,32,1,1,none,0,1189189.0,,,,,74.3243125,0.851872,,,,,11.110141112976994,9.84726343863867,563,0.000000000,1,d0a6513ba0f446ff81a36014f7827cfb491f7e4ca7a06a05bcdecc9297449907,32,3,19,10,2,0,0,"static single-case binary; CUDA event includes setup/readback, clock64 covers timed window"
calibration,v2_calibration_bf16_n128_q32_batch_same_in1_same_discard_h32_b1_none_ops0,1,,NVIDIA Thor,11.0,580.00,13.0,1575.000,,,,mem_clock_mhz:unavailable;temperature_c:unavailable;power_w:unavailable;sm_clock_mhz:sysfs_or_default,bf16,128,32,500,1,319,batch,same,same,discard,1,32,1,1,none,0,1188715.0,,,,,74.2946875,0.852896,,,,,11.114571280752743,9.835440663339961,536,0.000000000,1,d0a6513ba0f446ff81a36014f7827cfb491f7e4ca7a06a05bcdecc9297449907,32,3,19,10,2,0,0,"static single-case binary; CUDA event includes setup/readback, clock64 covers timed window"
calibration,v2_calibration_bf16_n128_q32_batch_same_in1_same_discard_h32_b1_none_ops0,1,,NVIDIA Thor,11.0,580.00,13.0,1575.000,,,,mem_clock_mhz:unavailable;temperature_c:unavailable;power_w:unavailable;sm_clock_mhz:sysfs_or_default,bf16,128,32,500,2,319,batch,same,same,discard,1,32,1,1,none,0,1188649.0,,,,,74.2905625,0.852288,,,,,11.115188419794237,9.842457009837048,538,0.000000000,1,d0a6513ba0f446ff81a36014f7827cfb491f7e4ca7a06a05bcdecc9297449907,32,3,19,10,2,0,0,"static single-case binary; CUDA event includes setup/readback, clock64 covers timed window"
calibration,v2_calibration_bf16_n256_q8_batch_same_in1_same_discard_h10000000_b0_none_ops0,1,,NVIDIA Thor,11.0,580.00,13.0,1575.000,,,,mem_clock_mhz:unavailable;temperature_c:unavailable;power_w:unavailable;sm_clock_mhz:sysfs_or_default,bf16,256,8,500,0,320,batch,same,same,discard,1,10000000,0,20,none,0,703150.0,,,,,175.7875,0.579488,,,,,187.89813837730213,144.7589596333315,10000,0.000000000,1,3f64e0cbfa7793217e0aa3a321d34fe56c2979fec20188de6fc034e2142cb443,8,3,19,10,2,0,0,"static single-case binary; CUDA event includes setup/readback, clock64 covers timed window"
calibration,v2_calibration_bf16_n256_q8_batch_same_in1_same_discard_h10000000_b0_none_ops0,1,,NVIDIA Thor,11.0,580.00,13.0,1575.000,,,,mem_clock_mhz:unavailable;temperature_c:unavailable;power_w:unavailable;sm_clock_mhz:sysfs_or_default,bf16,256,8,500,1,320,batch,same,same,discard,1,10000000,0,20,none,0,703148.0,,,,,175.787,0.577408,,,,,187.89867282563557,145.28042562624694,10000,0.000000000,1,3f64e0cbfa7793217e0aa3a321d34fe56c2979fec20188de6fc034e2142cb443,8,3,19,10,2,0,0,"static single-case binary; CUDA event includes setup/readback, clock64 covers timed window"
calibration,v2_calibration_bf16_n256_q8_batch_same_in1_same_discard_h10000000_b0_none_ops0,1,,NVIDIA Thor,11.0,580.00,13.0,1575.000,,,,mem_clock_mhz:unavailable;temperature_c:unavailable;power_w:unavailable;sm_clock_mhz:sysfs_or_default,bf16,256,8,500,2,320,batch,same,same,discard,1,10000000,0,20,none,0,703185.0,,,,,175.79625,0.575232,,,,,187.88878602359264,145.8299955496217,10020,0.000000000,1,3f64e0cbfa7793217e0aa3a321d34fe56c2979fec20188de6fc034e2142cb443,8,3,19,10,2,0,0,"static single-case binary; CUDA event includes setup/readback, clock64 covers timed window"
calibration,v2_calibration_fp16_n128_q16_batch_same_in0_same_discard_h10000000_b0_none_ops0,1,,NVIDIA Thor,11.0,580.00,13.0,1575.000,,,,mem_clock_mhz:unavailable;temperature_c:unavailable;power_w:unavailable;sm_clock_mhz:sysfs_or_default,fp16,128,16,500,0,321,batch,same,same,discard,0,10000000,0,20,none,0,703427.0,,,,,87.928375,0.57856,,,,,187.82414664208224,144.99115044247787,10000,0.000000000,1,8b89106f0f9c83a2e405837845a4751fbfe129d3c150421e8acfb755f5329ddb,16,3,19,10,2,0,0,"static single-case binary; CUDA event includes setup/readback, clock64 covers timed window"
calibration,v2_calibration_fp16_n128_q16_batch_same_in0_same_discard_h10000000_b0_none_ops0,1,,NVIDIA Thor,11.0,580.00,13.0,1575.000,,,,mem_clock_mhz:unavailable;temperature_c:unavailable;power_w:unavailable;sm_clock_mhz:sysfs_or_default,fp16,128,16,500,1,321,batch,same,same,discard,0,10000000,0,20,none,0,703431.0,,,,,87.928875,0.578464,,,,,187.82307859619493,145.01521270122257,10000,0.000000000,1,8b89106f0f9c83a2e405837845a4751fbfe129d3c150421e8acfb755f5329ddb,16,3,19,10,2,0,0,"static single-case binary; CUDA event includes setup/readback, clock64 covers timed window"
calibration,v2_calibration_fp16_n128_q16_batch_same_in0_same_discard_h10000000_b0_none_ops0,1,,NVIDIA Thor,11.0,580.00,13.0,1575.000,,,,mem_clock_mhz:unavailable;temperature_c:unavailable;power_w:unavailable;sm_clock_mhz:sysfs_or_default,fp16,128,16,500,2,321,batch,same,same,discard,0,10000000,0,20,none,0,703431.0,,,,,87.928875,0.576,,,,,187.82307859619493,145.63555555555558,10000,0.000000000,1,8b89106f0f9c83a2e405837845a4751fbfe129d3c150421e8acfb755f5329ddb,16,3,19,10,2,0,0,"static single-case binary; CUDA event includes setup/readback, clock64 covers timed window"
calibration,v2_calibration_fp16_n128_q2_batch_ring_in0_same_discard_h10000000_b1_none_ops0,1,,NVIDIA Thor,11.0,580.00,13.0,1575.000,,,,mem_clock_mhz:unavailable;temperature_c:unavailable;power_w:unavailable;sm_clock_mhz:sysfs_or_default,fp16,128,2,500,0,322,batch,ring,same,discard,0,10000000,1,1,none,0,237649.0,,,,,237.649,0.248512,,,,,3.474677360308691,2.109708987895957,500,0.000000000,1,4794d891f8ceb19c38236a8e59c87179d14f6d91a3584d6776fa7154872bf9bf,2,3,17,7,2,0,0,"static single-case binary; CUDA event includes setup/readback, clock64 covers timed window"
calibration,v2_calibration_fp16_n128_q2_batch_ring_in0_same_discard_h10000000_b1_none_ops0,1,,NVIDIA Thor,11.0,580.00,13.0,1575.000,,,,mem_clock_mhz:unavailable;temperature_c:unavailable;power_w:unavailable;sm_clock_mhz:sysfs_or_default,fp16,128,2,500,1,322,batch,ring,same,discard,0,10000000,1,1,none,0,237649.0,,,,,237.649,0.249472,,,,,3.474677360308691,2.1015905592611595,500,0.000000000,1,4794d891f8ceb19c38236a8e59c87179d14f6d91a3584d6776fa7154872bf9bf,2,3,17,7,2,0,0,"static single-case binary; CUDA event includes setup/readback, clock64 covers timed window"
calibration,v2_calibration_fp16_n128_q2_batch_ring_in0_same_discard_h10000000_b1_none_ops0,1,,NVIDIA Thor,11.0,580.00,13.0,1575.000,,,,mem_clock_mhz:unavailable;temperature_c:unavailable;power_w:unavailable;sm_clock_mhz:sysfs_or_default,fp16,128,2,500,2,322,batch,ring,same,discard,0,10000000,1,1,none,0,237649.0,,,,,237.649,0.248608,,,,,3.474677360308691,2.1088943235937703,500,0.000000000,1,4794d891f8ceb19c38236a8e59c87179d14f6d91a3584d6776fa7154872bf9bf,2,3,17,7,2,0,0,"static single-case binary; CUDA event includes setup/readback, clock64 covers timed window"
calibration,v2_calibration_fp16_n256_q2_batch_ring_in0_same_discard_h0_b0_none_ops0,1,,NVIDIA Thor,11.0,580.00,13.0,1575.000,,,,mem_clock_mhz:unavailable;temperature_c:unavailable;power_w:unavailable;sm_clock_mhz:sysfs_or_default,fp16,256,2,500,0,323,batch,ring,same,discard,0,0,0,20,none,0,308785.0,,,,,308.785,0.326432,,,,,106.96809754359829,64.24468189393197,17891,0.000000000,1,0c3252a88ffac9e9d22cee219143341e904f9e69d61604e9d4dd773f8d9a4fe6,2,3,17,7,2,0,0,"static single-case binary; CUDA event includes setup/readback, clock64 covers timed window"
calibration,v2_calibration_fp16_n256_q2_batch_ring_in0_same_discard_h0_b0_none_ops0,1,,NVIDIA Thor,11.0,580.00,13.0,1575.000,,,,mem_clock_mhz:unavailable;temperature_c:unavailable;power_w:unavailable;sm_clock_mhz:sysfs_or_default,fp16,256,2,500,1,323,batch,ring,same,discard,0,0,0,20,none,0,309013.0,,,,,309.013,0.323424,,,,,106.88917294741645,64.84218858217078,17822,0.000000000,1,0c3252a88ffac9e9d22cee219143341e904f9e69d61604e9d4dd773f8d9a4fe6,2,3,17,7,2,0,0,"static single-case binary; CUDA event includes setup/readback, clock64 covers timed window"
calibration,v2_calibration_fp16_n256_q2_batch_ring_in0_same_discard_h0_b0_none_ops0,1,,NVIDIA Thor,11.0,580.00,13.0,1575.000,,,,mem_clock_mhz:unavailable;temperature_c:unavailable;power_w:unavailable;sm_clock_mhz:sysfs_or_default,fp16,256,2,500,2,323,batch,ring,same,discard,0,0,0,20,none,0,307972.0,,,,,307.972,0.326016,,,,,107.25047731611964,64.32665881429133,17830,0.000000000,1,0c3252a88ffac9e9d22cee219143341e904f9e69d61604e9d4dd773f8d9a4fe6,2,3,17,7,2,0,0,"static single-case binary; CUDA event includes setup/readback, clock64 covers timed window"
calibration,v2_calibration_bf16_n128_q64_batch_same_in0_same_discard_h10000000_b0_none_ops0,1,,NVIDIA Thor,11.0,580.00,13.0,1575.000,,,,mem_clock_mhz:unavailable;temperature_c:unavailable;power_w:unavailable;sm_clock_mhz:sysfs_or_default,bf16,128,64,500,0,324,batch,same,same,discard,0,10000000,0,20,none,0,2245911.0,,,,,70.18471875,1.556128,,,,,235.3086582682929,215.62771185917867,10000,0.000000000,1,81e3fe99e7f484c6090d06e90e8ce5e9c40c92d3abd2847fafbe1acb1cec2fb8,64,3,19,10,2,0,0,"static single-case binary; CUDA event includes setup/readback, clock64 covers timed window"
calibration,v2_calibration_bf16_n128_q64_batch_same_in0_same_discard_h10000000_b0_none_ops0,1,,NVIDIA Thor,11.0,580.00,13.0,1575.000,,,,mem_clock_mhz:unavailable;temperature_c:unavailable;power_w:unavailable;sm_clock_mhz:sysfs_or_default,bf16,128,64,500,1,324,batch,same,same,discard,0,10000000,0,20,none,0,2245914.0,,,,,70.1848125,1.556512,,,,,235.30834395261795,215.57451532657635,10000,0.000000000,1,81e3fe99e7f484c6090d06e90e8ce5e9c40c92d3abd2847fafbe1acb1cec2fb8,64,3,19,10,2,0,0,"static single-case binary; CUDA event includes setup/readback, clock64 covers timed window"
calibration,v2_calibration_bf16_n128_q64_batch_same_in0_same_discard_h10000000_b0_none_ops0,1,,NVIDIA Thor,11.0,580.00,13.0,1575.000,,,,mem_clock_mhz:unavailable;temperature_c:unavailable;power_w:unavailable;sm_clock_mhz:sysfs_or_default,bf16,128,64,500,2,324,batch,same,same,discard,0,10000000,0,20,none,0,2245912.0,,,,,70.18475,1.556512,,,,,235.30855349630798,215.57451532657635,10000,0.000000000,1,81e3fe99e7f484c6090d06e90e8ce5e9c40c92d3abd2847fafbe1acb1cec2fb8,64,3,19,10,2,0,0,"static single-case binary; CUDA event includes setup/readback, clock64 covers timed window"
calibration,v2_calibration_fp16_n128_q64_batch_same_in0_same_discard_h10000000_b1_none_ops0,1,,NVIDIA Thor,11.0,580.00,13.0,1575.000,,,,mem_clock_mhz:unavailable;temperature_c:unavailable;power_w:unavailable;sm_clock_mhz:sysfs_or_default,fp16,128,64,500,0,325,batch,same,same,discard,0,10000000,1,1,none,0,2245909.0,,,,,70.18465625,1.523232,,,,,11.765443390627137,11.014222390285918,500,0.000000000,1,8f4965913b45de073441ba404e6620bf1096ac21ad1a4dc02bbb725e483b5f72,64,3,19,10,2,0,0,"static single-case binary; CUDA event includes setup/readback, clock64 covers timed window"
calibration,v2_calibration_fp16_n128_q64_batch_same_in0_same_discard_h10000000_b1_none_ops0,1,,NVIDIA Thor,11.0,580.00,13.0,1575.000,,,,mem_clock_mhz:unavailable;temperature_c:unavailable;power_w:unavailable;sm_clock_mhz:sysfs_or_default,fp16,128,64,500,1,325,batch,same,same,discard,0,10000000,1,1,none,0,2245909.0,,,,,70.18465625,1.523232,,,,,11.765443390627137,11.014222390285918,500,0.000000000,1,8f4965913b45de073441ba404e6620bf1096ac21ad1a4dc02bbb725e483b5f72,64,3,19,10,2,0,0,"static single-case binary; CUDA event includes setup/readback, clock64 covers timed window"
calibration,v2_calibration_fp16_n128_q64_batch_same_in0_same_discard_h10000000_b1_none_ops0,1,,NVIDIA Thor,11.0,580.00,13.0,1575.000,,,,mem_clock_mhz:unavailable;temperature_c:unavailable;power_w:unavailable;sm_clock_mhz:sysfs_or_default,fp16,128,64,500,2,325,batch,same,same,discard,0,10000000,1,1,none,0,2245909.0,,,,,70.18465625,1.523168,,,,,11.765443390627137,11.014685182461816,500,0.000000000,1,8f4965913b45de073441ba404e6620bf1096ac21ad1a4dc02bbb725e483b5f72,64,3,19,10,2,0,0,"static single-case binary; CUDA event includes setup/readback, clock64 covers timed window"
calibration,v2_calibration_fp16_n128_q64_batch_same_in0_same_discard_h32_b1_none_ops0,1,,NVIDIA Thor,11.0,580.00,13.0,1575.000,,,,mem_clock_mhz:unavailable;temperature_c:unavailable;power_w:unavailable;sm_clock_mhz:sysfs_or_default,fp16,128,64,500,0,326,batch,same,same,discard,0,32,1,1,none,0,2222838.0,,,,,69.4636875,1.508032,,,,,11.887557797734248,11.125238721724738,764,0.000000000,1,05afe8522c70fc079f1396043ef2cc04ba80c6bbb7ccbd71a585659a1d973694,64,3,19,10,2,0,0,"static single-case binary; CUDA event includes setup/readback, clock64 covers timed window"
calibration,v2_calibration_fp16_n128_q64_batch_same_in0_same_discard_h32_b1_none_ops0,1,,NVIDIA Thor,11.0,580.00,13.0,1575.000,,,,mem_clock_mhz:unavailable;temperature_c:unavailable;power_w:unavailable;sm_clock_mhz:sysfs_or_default,fp16,128,64,500,1,326,batch,same,same,discard,0,32,1,1,none,0,2222482.0,,,,,69.4525625,1.508416,,,,,11.889461961896654,11.122406550977978,758,0.000000000,1,05afe8522c70fc079f1396043ef2cc04ba80c6bbb7ccbd71a585659a1d973694,64,3,19,10,2,0,0,"static single-case binary; CUDA event includes setup/readback, clock64 covers timed window"
calibration,v2_calibration_fp16_n128_q64_batch_same_in0_same_discard_h32_b1_none_ops0,1,,NVIDIA Thor,11.0,580.00,13.0,1575.000,,,,mem_clock_mhz:unavailable;temperature_c:unavailable;power_w:unavailable;sm_clock_mhz:sysfs_or_default,fp16,128,64,500,2,326,batch,same,same,discard,0,32,1,1,none,0,2222958.0,,,,,69.4674375,1.509216,,,,,11.886916082085222,11.11651082416301,765,0.000000000,1,05afe8522c70fc079f1396043ef2cc04ba80c6bbb7ccbd71a585659a1d973694,64,3,19,10,2,0,0,"static single-case binary; CUDA event includes setup/readback, clock64 covers timed window"
calibration,v2_calibration_fp16_n128_q8_batch_ring_in0_same_discard_h10000000_b0_none_ops0,1,,NVIDIA Thor,11.0,580.00,13.0,1575.000,,,,mem_clock_mhz:unavailable;temperature_c:unavailable;power_w:unavailable;sm_clock_mhz:sysfs_or_default,fp16,128,8,500,0,327,batch,ring,same,discard,0,10000000,0,20,none,0,447445.0,,,,,111.86125,0.413632,,,,,147.63890087049802,101.40182577750272,10000,0.000000000,1,0c5f09e3acc739e709ab3786a3849b93f72262e8c0ff9a4416da86c1ac3b3d4b,8,3,17,7,2,0,0,"static single-case binary; CUDA event includes setup/readback, clock64 covers timed window"
calibration,v2_calibration_fp16_n128_q8_batch_ring_in0_same_discard_h10000000_b0_none_ops0,1,,NVIDIA Thor,11.0,580.00,13.0,1575.000,,,,mem_clock_mhz:unavailable;temperature_c:unavailable;power_w:unavailable;sm_clock_mhz:sysfs_or_default,fp16,128,8,500,1,327,batch,ring,same,discard,0,10000000,0,20,none,0,447449.0,,,,,111.86225,0.417344,,,,,147.63758104275573,100.49992332464348,10000,0.000000000,1,0c5f09e3acc739e709ab3786a3849b93f72262e8c0ff9a4416da86c1ac3b3d4b,8,3,17,7,2,0,0,"static single-case binary; CUDA event includes setup/readback, clock64 covers timed window"
calibration,v2_calibration_fp16_n128_q8_batch_ring_in0_same_discard_h10000000_b0_none_ops0,1,,NVIDIA Thor,11.0,580.00,13.0,1575.000,,,,mem_clock_mhz:unavailable;temperature_c:unavailable;power_w:unavailable;sm_clock_mhz:sysfs_or_default,fp16,128,8,500,2,327,batch,ring,same,discard,0,10000000,0,20,none,0,447444.0,,,,,111.861,0.41584,,,,,147.63923083112078,100.86340900346288,10000,0.000000000,1,0c5f09e3acc739e709ab3786a3849b93f72262e8c0ff9a4416da86c1ac3b3d4b,8,3,17,7,2,0,0,"static single-case binary; CUDA event includes setup/readback, clock64 covers timed window"
calibration,v2_calibration_bf16_n128_q2_batch_same_in0_same_discard_h10000000_b0_none_ops0,1,,NVIDIA Thor,11.0,580.00,13.0,1575.000,,,,mem_clock_mhz:unavailable;temperature_c:unavailable;power_w:unavailable;sm_clock_mhz:sysfs_or_default,bf16,128,2,500,0,328,batch,same,same,discard,0,10000000,0,20,none,0,237651.0,,,,,237.651,0.2808,,,,,69.49296236918843,37.34245014245014,10000,0.000000000,1,fba571c502c2f6fd013900a6329cd1de497fc1f5c530a9f982806ce976b63b43,2,3,19,10,2,0,0,"static single-case binary; CUDA event includes setup/readback, clock64 covers timed window"
calibration,v2_calibration_bf16_n128_q2_batch_same_in0_same_discard_h10000000_b0_none_ops0,1,,NVIDIA Thor,11.0,580.00,13.0,1575.000,,,,mem_clock_mhz:unavailable;temperature_c:unavailable;power_w:unavailable;sm_clock_mhz:sysfs_or_default,bf16,128,2,500,1,328,batch,same,same,discard,0,10000000,0,20,none,0,237653.0,,,,,237.653,0.281024,,,,,69.4923775420466,37.31268503757686,10000,0.000000000,1,fba571c502c2f6fd013900a6329cd1de497fc1f5c530a9f982806ce976b63b43,2,3,19,10,2,0,0,"static single-case binary; CUDA event includes setup/readback, clock64 covers timed window"
calibration,v2_calibration_bf16_n128_q2_batch_same_in0_same_discard_h10000000_b0_none_ops0,1,,NVIDIA Thor,11.0,580.00,13.0,1575.000,,,,mem_clock_mhz:unavailable;temperature_c:unavailable;power_w:unavailable;sm_clock_mhz:sysfs_or_default,bf16,128,2,500,2,328,batch,same,same,discard,0,10000000,0,20,none,0,237653.0,,,,,237.653,0.281344,,,,,69.4923775420466,37.270245677888994,10000,0.000000000,1,fba571c502c2f6fd013900a6329cd1de497fc1f5c530a9f982806ce976b63b43,2,3,19,10,2,0,0,"static single-case binary; CUDA event includes setup/readback, clock64 covers timed window"
calibration,v2_calibration_bf16_n128_q2_batch_same_in1_same_discard_h32_b0_none_ops0,1,,NVIDIA Thor,11.0,580.00,13.0,1575.000,,,,mem_clock_mhz:unavailable;temperature_c:unavailable;power_w:unavailable;sm_clock_mhz:sysfs_or_default,bf16,128,2,500,0,329,batch,same,same,discard,1,32,0,20,none,0,237654.0,,,,,237.654,0.280608,,,,,69.49208513216693,37.36800091230471,10000,0.000000000,1,f9e4d67d077f540a3d41c3d4f049d6f6c5e62359b237bc9cbf2884d83b261687,2,3,19,10,2,0,0,"static single-case binary; CUDA event includes setup/readback, clock64 covers timed window"
calibration,v2_calibration_bf16_n128_q2_batch_same_in1_same_discard_h32_b0_none_ops0,1,,NVIDIA Thor,11.0,580.00,13.0,1575.000,,,,mem_clock_mhz:unavailable;temperature_c:unavailable;power_w:unavailable;sm_clock_mhz:sysfs_or_default,bf16,128,2,500,1,329,batch,same,same,discard,1,32,0,20,none,0,237654.0,,,,,237.654,0.281184,,,,,69.49208513216693,37.291453283259365,10000,0.000000000,1,f9e4d67d077f540a3d41c3d4f049d6f6c5e62359b237bc9cbf2884d83b261687,2,3,19,10,2,0,0,"static single-case binary; CUDA event includes setup/readback, clock64 covers timed window"
calibration,v2_calibration_bf16_n128_q2_batch_same_in1_same_discard_h32_b0_none_ops0,1,,NVIDIA Thor,11.0,580.00,13.0,1575.000,,,,mem_clock_mhz:unavailable;temperature_c:unavailable;power_w:unavailable;sm_clock_mhz:sysfs_or_default,bf16,128,2,500,2,329,batch,same,same,discard,1,32,0,20,none,0,237654.0,,,,,237.654,0.282752,,,,,69.49208513216693,37.08465368945224,10000,0.000000000,1,f9e4d67d077f540a3d41c3d4f049d6f6c5e62359b237bc9cbf2884d83b261687,2,3,19,10,2,0,0,"static single-case binary; CUDA event includes setup/readback, clock64 covers timed window"
control,v2_control_bf16_n128_q1_forced_wait_same_in0_same_discard_h10000000_b0_none_ops0,1,,NVIDIA Thor,11.0,580.00,13.0,1575.000,,,,mem_clock_mhz:unavailable;temperature_c:unavailable;power_w:unavailable;sm_clock_mhz:sysfs_or_default,bf16,128,1,1000,0,330,forced_wait,same,same,discard,0,10000000,0,20,none,0,431198.0,,,,,431.198,0.404672,,,,,38.30043738607322,25.91175075122569,20000,0.000000000,1,3f4f352e618fa48e02b3bb7b3bf05b03c8c1b59a20335b3717d69b875dc70bc8,1,3,19,10,2,0,0,"static single-case binary; CUDA event includes setup/readback, clock64 covers timed window"
control,v2_control_bf16_n128_q1_forced_wait_same_in0_same_discard_h10000000_b0_none_ops0,1,,NVIDIA Thor,11.0,580.00,13.0,1575.000,,,,mem_clock_mhz:unavailable;temperature_c:unavailable;power_w:unavailable;sm_clock_mhz:sysfs_or_default,bf16,128,1,1000,1,330,forced_wait,same,same,discard,0,10000000,0,20,none,0,431193.0,,,,,431.193,0.405856,,,,,38.30088150781669,25.83615863754632,20000,0.000000000,1,3f4f352e618fa48e02b3bb7b3bf05b03c8c1b59a20335b3717d69b875dc70bc8,1,3,19,10,2,0,0,"static single-case binary; CUDA event includes setup/readback, clock64 covers timed window"
control,v2_control_bf16_n128_q1_forced_wait_same_in0_same_discard_h10000000_b0_none_ops0,1,,NVIDIA Thor,11.0,580.00,13.0,1575.000,,,,mem_clock_mhz:unavailable;temperature_c:unavailable;power_w:unavailable;sm_clock_mhz:sysfs_or_default,bf16,128,1,1000,2,330,forced_wait,same,same,discard,0,10000000,0,20,none,0,431197.0,,,,,431.197,0.404768,,,,,38.30052620959794,25.905605186180725,20000,0.000000000,1,3f4f352e618fa48e02b3bb7b3bf05b03c8c1b59a20335b3717d69b875dc70bc8,1,3,19,10,2,0,0,"static single-case binary; CUDA event includes setup/readback, clock64 covers timed window"
calibration,v2_calibration_bf16_n128_q1_batch_ring_in0_same_discard_h10000000_b0_none_ops0,1,,NVIDIA Thor,11.0,580.00,13.0,1575.000,,,,mem_clock_mhz:unavailable;temperature_c:unavailable;power_w:unavailable;sm_clock_mhz:sysfs_or_default,bf16,128,1,500,0,331,batch,ring,same,discard,0,10000000,0,20,none,0,215658.0,,,,,431.316,0.264896,,,,,38.28995910191136,19.792220343078036,10000,0.000000000,1,c3928ecc3fae1402ac7d3b0761371ef36a688a8a9b908f1d1a0c2036186c52e5,1,3,17,7,2,0,0,"static single-case binary; CUDA event includes setup/readback, clock64 covers timed window"
calibration,v2_calibration_bf16_n128_q1_batch_ring_in0_same_discard_h10000000_b0_none_ops0,1,,NVIDIA Thor,11.0,580.00,13.0,1575.000,,,,mem_clock_mhz:unavailable;temperature_c:unavailable;power_w:unavailable;sm_clock_mhz:sysfs_or_default,bf16,128,1,500,1,331,batch,ring,same,discard,0,10000000,0,20,none,0,215653.0,,,,,431.306,0.267072,,,,,38.29084686973981,19.630960939372155,10000,0.000000000,1,c3928ecc3fae1402ac7d3b0761371ef36a688a8a9b908f1d1a0c2036186c52e5,1,3,17,7,2,0,0,"static single-case binary; CUDA event includes setup/readback, clock64 covers timed window"
calibration,v2_calibration_bf16_n128_q1_batch_ring_in0_same_discard_h10000000_b0_none_ops0,1,,NVIDIA Thor,11.0,580.00,13.0,1575.000,,,,mem_clock_mhz:unavailable;temperature_c:unavailable;power_w:unavailable;sm_clock_mhz:sysfs_or_default,bf16,128,1,500,2,331,batch,ring,same,discard,0,10000000,0,20,none,0,215661.0,,,,,431.322,0.267808,,,,,38.289426460973466,19.57701039550723,10000,0.000000000,1,c3928ecc3fae1402ac7d3b0761371ef36a688a8a9b908f1d1a0c2036186c52e5,1,3,17,7,2,0,0,"static single-case binary; CUDA event includes setup/readback, clock64 covers timed window"
calibration,v2_calibration_fp16_n128_q1_batch_ring_in0_same_discard_h10000000_b1_none_ops0,1,,NVIDIA Thor,11.0,580.00,13.0,1575.000,,,,mem_clock_mhz:unavailable;temperature_c:unavailable;power_w:unavailable;sm_clock_mhz:sysfs_or_default,fp16,128,1,500,0,332,batch,ring,same,discard,0,10000000,1,1,none,0,215644.0,,,,,431.288,0.232224,,,,,1.9146222477787462,1.1288411189196639,500,0.000000000,1,b8f90e3c43d5566ac8a3f11b5f87dc808fb6aceaa42ac85ec64b9632328820bc,1,3,17,7,2,0,0,"static single-case binary; CUDA event includes setup/readback, clock64 covers timed window"
calibration,v2_calibration_fp16_n128_q1_batch_ring_in0_same_discard_h10000000_b1_none_ops0,1,,NVIDIA Thor,11.0,580.00,13.0,1575.000,,,,mem_clock_mhz:unavailable;temperature_c:unavailable;power_w:unavailable;sm_clock_mhz:sysfs_or_default,fp16,128,1,500,1,332,batch,ring,same,discard,0,10000000,1,1,none,0,215644.0,,,,,431.288,0.232736,,,,,1.9146222477787462,1.1263577615839406,500,0.000000000,1,b8f90e3c43d5566ac8a3f11b5f87dc808fb6aceaa42ac85ec64b9632328820bc,1,3,17,7,2,0,0,"static single-case binary; CUDA event includes setup/readback, clock64 covers timed window"
calibration,v2_calibration_fp16_n128_q1_batch_ring_in0_same_discard_h10000000_b1_none_ops0,1,,NVIDIA Thor,11.0,580.00,13.0,1575.000,,,,mem_clock_mhz:unavailable;temperature_c:unavailable;power_w:unavailable;sm_clock_mhz:sysfs_or_default,fp16,128,1,500,2,332,batch,ring,same,discard,0,10000000,1,1,none,0,215644.0,,,,,431.288,0.234016,,,,,1.9146222477787462,1.1201969096130178,500,0.000000000,1,b8f90e3c43d5566ac8a3f11b5f87dc808fb6aceaa42ac85ec64b9632328820bc,1,3,17,7,2,0,0,"static single-case binary; CUDA event includes setup/readback, clock64 covers timed window"
calibration,v2_calibration_bf16_n128_q32_batch_same_in1_same_discard_h10000000_b1_none_ops0,1,,NVIDIA Thor,11.0,580.00,13.0,1575.000,,,,mem_clock_mhz:unavailable;temperature_c:unavailable;power_w:unavailable;sm_clock_mhz:sysfs_or_default,bf16,128,32,500,0,333,batch,same,same,discard,1,10000000,1,1,none,0,1215423.0,,,,,75.9639375,0.868288,,,,,10.870336993787348,9.66108940812265,500,0.000000000,1,6002fc9643910582a517b1900fe516f916c0cd15dc35a8345d847d0c5e608959,32,3,19,10,2,0,0,"static single-case binary; CUDA event includes setup/readback, clock64 covers timed window"
calibration,v2_calibration_bf16_n128_q32_batch_same_in1_same_discard_h10000000_b1_none_ops0,1,,NVIDIA Thor,11.0,580.00,13.0,1575.000,,,,mem_clock_mhz:unavailable;temperature_c:unavailable;power_w:unavailable;sm_clock_mhz:sysfs_or_default,bf16,128,32,500,1,333,batch,same,same,discard,1,10000000,1,1,none,0,1215422.0,,,,,75.963875,0.878176,,,,,10.870345937460405,9.55230842109099,500,0.000000000,1,6002fc9643910582a517b1900fe516f916c0cd15dc35a8345d847d0c5e608959,32,3,19,10,2,0,0,"static single-case binary; CUDA event includes setup/readback, clock64 covers timed window"
calibration,v2_calibration_bf16_n128_q32_batch_same_in1_same_discard_h10000000_b1_none_ops0,1,,NVIDIA Thor,11.0,580.00,13.0,1575.000,,,,mem_clock_mhz:unavailable;temperature_c:unavailable;power_w:unavailable;sm_clock_mhz:sysfs_or_default,bf16,128,32,500,2,333,batch,same,same,discard,1,10000000,1,1,none,0,1215411.0,,,,,75.9631875,0.869184,,,,,10.870444318835355,9.651130255504013,500,0.000000000,1,6002fc9643910582a517b1900fe516f916c0cd15dc35a8345d847d0c5e608959,32,3,19,10,2,0,0,"static single-case binary; CUDA event includes setup/readback, clock64 covers timed window"
calibration,v2_calibration_bf16_n128_q8_batch_same_in1_same_discard_h0_b1_none_ops0,1,,NVIDIA Thor,11.0,580.00,13.0,1575.000,,,,mem_clock_mhz:unavailable;temperature_c:unavailable;power_w:unavailable;sm_clock_mhz:sysfs_or_default,bf16,128,8,500,0,334,batch,same,same,discard,1,0,1,1,none,0,408407.0,,,,,102.10175,0.356896,,,,,8.087555796056385,5.876087151439076,500,0.000000000,1,33df49499dc7b67f54cfba615c50889dea0b08457b52bfbcca612a279e3c12e2,8,3,19,10,2,0,0,"static single-case binary; CUDA event includes setup/readback, clock64 covers timed window"
calibration,v2_calibration_bf16_n128_q8_batch_same_in1_same_discard_h0_b1_none_ops0,1,,NVIDIA Thor,11.0,580.00,13.0,1575.000,,,,mem_clock_mhz:unavailable;temperature_c:unavailable;power_w:unavailable;sm_clock_mhz:sysfs_or_default,bf16,128,8,500,1,334,batch,same,same,discard,1,0,1,1,none,0,408263.0,,,,,102.06575,0.358656,,,,,8.09040838871022,5.8472519628836555,500,0.000000000,1,33df49499dc7b67f54cfba615c50889dea0b08457b52bfbcca612a279e3c12e2,8,3,19,10,2,0,0,"static single-case binary; CUDA event includes setup/readback, clock64 covers timed window"
calibration,v2_calibration_bf16_n128_q8_batch_same_in1_same_discard_h0_b1_none_ops0,1,,NVIDIA Thor,11.0,580.00,13.0,1575.000,,,,mem_clock_mhz:unavailable;temperature_c:unavailable;power_w:unavailable;sm_clock_mhz:sysfs_or_default,bf16,128,8,500,2,334,batch,same,same,discard,1,0,1,1,none,0,406538.0,,,,,101.6345,0.355456,,,,,8.12473717094097,5.899891969751531,500,0.000000000,1,33df49499dc7b67f54cfba615c50889dea0b08457b52bfbcca612a279e3c12e2,8,3,19,10,2,0,0,"static single-case binary; CUDA event includes setup/readback, clock64 covers timed window"
calibration,v2_calibration_fp16_n256_q16_batch_same_in1_same_discard_h10000000_b0_none_ops0,1,,NVIDIA Thor,11.0,580.00,13.0,1575.000,,,,mem_clock_mhz:unavailable;temperature_c:unavailable;power_w:unavailable;sm_clock_mhz:sysfs_or_default,fp16,256,16,500,0,335,batch,same,same,discard,1,10000000,0,20,none,0,1215155.0,,,,,151.894375,0.904128,,,,,217.45468849652926,185.56239824449634,10020,0.000000000,1,11eab58984231259942aeee77279655383098f92511bcc65dd5c1561fe4290d6,16,3,19,10,2,0,0,"static single-case binary; CUDA event includes setup/readback, clock64 covers timed window"
calibration,v2_calibration_fp16_n256_q16_batch_same_in1_same_discard_h10000000_b0_none_ops0,1,,NVIDIA Thor,11.0,580.00,13.0,1575.000,,,,mem_clock_mhz:unavailable;temperature_c:unavailable;power_w:unavailable;sm_clock_mhz:sysfs_or_default,fp16,256,16,500,1,335,batch,same,same,discard,1,10000000,0,20,none,0,1215151.0,,,,,151.893875,0.904736,,,,,217.45540430777737,185.43769674247517,10000,0.000000000,1,11eab58984231259942aeee77279655383098f92511bcc65dd5c1561fe4290d6,16,3,19,10,2,0,0,"static single-case binary; CUDA event includes setup/readback, clock64 covers timed window"
calibration,v2_calibration_fp16_n256_q16_batch_same_in1_same_discard_h10000000_b0_none_ops0,1,,NVIDIA Thor,11.0,580.00,13.0,1575.000,,,,mem_clock_mhz:unavailable;temperature_c:unavailable;power_w:unavailable;sm_clock_mhz:sysfs_or_default,fp16,256,16,500,2,335,batch,same,same,discard,1,10000000,0,20,none,0,1215148.0,,,,,151.8935,0.904672,,,,,217.45594116930613,185.4508153231226,10000,0.000000000,1,11eab58984231259942aeee77279655383098f92511bcc65dd5c1561fe4290d6,16,3,19,10,2,0,0,"static single-case binary; CUDA event includes setup/readback, clock64 covers timed window"
calibration,v2_calibration_bf16_n128_q64_batch_same_in0_same_discard_h10000000_b1_none_ops0,1,,NVIDIA Thor,11.0,580.00,13.0,1575.000,,,,mem_clock_mhz:unavailable;temperature_c:unavailable;power_w:unavailable;sm_clock_mhz:sysfs_or_default,bf16,128,64,500,0,336,batch,same,same,discard,0,10000000,1,1,none,0,2245909.0,,,,,70.18465625,1.524576,,,,,11.765443390627137,11.004512730096762,500,0.000000000,1,81e3fe99e7f484c6090d06e90e8ce5e9c40c92d3abd2847fafbe1acb1cec2fb8,64,3,19,10,2,0,0,"static single-case binary; CUDA event includes setup/readback, clock64 covers timed window"
calibration,v2_calibration_bf16_n128_q64_batch_same_in0_same_discard_h10000000_b1_none_ops0,1,,NVIDIA Thor,11.0,580.00,13.0,1575.000,,,,mem_clock_mhz:unavailable;temperature_c:unavailable;power_w:unavailable;sm_clock_mhz:sysfs_or_default,bf16,128,64,500,1,336,batch,same,same,discard,0,10000000,1,1,none,0,2245909.0,,,,,70.18465625,1.523616,,,,,11.765443390627137,11.01144645369962,500,0.000000000,1,81e3fe99e7f484c6090d06e90e8ce5e9c40c92d3abd2847fafbe1acb1cec2fb8,64,3,19,10,2,0,0,"static single-case binary; CUDA event includes setup/readback, clock64 covers timed window"
calibration,v2_calibration_bf16_n128_q64_batch_same_in0_same_discard_h10000000_b1_none_ops0,1,,NVIDIA Thor,11.0,580.00,13.0,1575.000,,,,mem_clock_mhz:unavailable;temperature_c:unavailable;power_w:unavailable;sm_clock_mhz:sysfs_or_default,bf16,128,64,500,2,336,batch,same,same,discard,0,10000000,1,1,none,0,2245910.0,,,,,70.1846875,1.525152,,,,,11.76543815201856,11.000356685759845,500,0.000000000,1,81e3fe99e7f484c6090d06e90e8ce5e9c40c92d3abd2847fafbe1acb1cec2fb8,64,3,19,10,2,0,0,"static single-case binary; CUDA event includes setup/readback, clock64 covers timed window"
calibration,v2_calibration_fp16_n256_q4_batch_same_in0_same_discard_h32_b0_none_ops0,1,,NVIDIA Thor,11.0,580.00,13.0,1575.000,,,,mem_clock_mhz:unavailable;temperature_c:unavailable;power_w:unavailable;sm_clock_mhz:sysfs_or_default,fp16,256,4,500,0,337,batch,same,same,discard,0,32,0,20,none,0,432450.0,,,,,216.225,0.40464,,,,,152.75821019771072,103.65519968366944,20035,0.000000000,1,1cad4391f853c58f5ca0754daeabaa6d2d8b82dd44af4221fc354aa184e26731,4,3,19,10,2,0,0,"static single-case binary; CUDA event includes setup/readback, clock64 covers timed window"
calibration,v2_calibration_fp16_n256_q4_batch_same_in0_same_discard_h32_b0_none_ops0,1,,NVIDIA Thor,11.0,580.00,13.0,1575.000,,,,mem_clock_mhz:unavailable;temperature_c:unavailable;power_w:unavailable;sm_clock_mhz:sysfs_or_default,fp16,256,4,500,1,337,batch,same,same,discard,0,32,0,20,none,0,432685.0,,,,,216.3425,0.405024,,,,,152.67524411523394,103.55692502172711,20025,0.000000000,1,1cad4391f853c58f5ca0754daeabaa6d2d8b82dd44af4221fc354aa184e26731,4,3,19,10,2,0,0,"static single-case binary; CUDA event includes setup/readback, clock64 covers timed window"
calibration,v2_calibration_fp16_n256_q4_batch_same_in0_same_discard_h32_b0_none_ops0,1,,NVIDIA Thor,11.0,580.00,13.0,1575.000,,,,mem_clock_mhz:unavailable;temperature_c:unavailable;power_w:unavailable;sm_clock_mhz:sysfs_or_default,fp16,256,4,500,2,337,batch,same,same,discard,0,32,0,20,none,0,432001.0,,,,,216.0005,0.406176,,,,,152.91697935884406,103.2632159457969,20026,0.000000000,1,1cad4391f853c58f5ca0754daeabaa6d2d8b82dd44af4221fc354aa184e26731,4,3,19,10,2,0,0,"static single-case binary; CUDA event includes setup/readback, clock64 covers timed window"
calibration,v2_calibration_fp16_n256_q2_batch_ring_in0_same_discard_h32_b1_none_ops0,1,,NVIDIA Thor,11.0,580.00,13.0,1575.000,,,,mem_clock_mhz:unavailable;temperature_c:unavailable;power_w:unavailable;sm_clock_mhz:sysfs_or_default,fp16,256,2,500,0,338,batch,ring,same,discard,0,32,1,1,none,0,296421.0,,,,,296.421,0.285792,,,,,5.571491898347284,3.6690180270966297,654,0.000000000,1,d51f82a4537f267c65ce29362eacae15ce7ace61b8f532cde295ba0f4926012d,2,3,17,7,2,0,0,"static single-case binary; CUDA event includes setup/readback, clock64 covers timed window"
calibration,v2_calibration_fp16_n256_q2_batch_ring_in0_same_discard_h32_b1_none_ops0,1,,NVIDIA Thor,11.0,580.00,13.0,1575.000,,,,mem_clock_mhz:unavailable;temperature_c:unavailable;power_w:unavailable;sm_clock_mhz:sysfs_or_default,fp16,256,2,500,1,338,batch,ring,same,discard,0,32,1,1,none,0,298154.0,,,,,298.154,0.2864,,,,,5.539107977756461,3.66122905027933,667,0.000000000,1,d51f82a4537f267c65ce29362eacae15ce7ace61b8f532cde295ba0f4926012d,2,3,17,7,2,0,0,"static single-case binary; CUDA event includes setup/readback, clock64 covers timed window"
calibration,v2_calibration_fp16_n256_q2_batch_ring_in0_same_discard_h32_b1_none_ops0,1,,NVIDIA Thor,11.0,580.00,13.0,1575.000,,,,mem_clock_mhz:unavailable;temperature_c:unavailable;power_w:unavailable;sm_clock_mhz:sysfs_or_default,fp16,256,2,500,2,338,batch,ring,same,discard,0,32,1,1,none,0,294787.0,,,,,294.787,0.28352,,,,,5.602374595894663,3.698419864559819,653,0.000000000,1,d51f82a4537f267c65ce29362eacae15ce7ace61b8f532cde295ba0f4926012d,2,3,17,7,2,0,0,"static single-case binary; CUDA event includes setup/readback, clock64 covers timed window"
calibration,v2_calibration_bf16_n256_q8_batch_same_in0_same_discard_h32_b0_none_ops0,1,,NVIDIA Thor,11.0,580.00,13.0,1575.000,,,,mem_clock_mhz:unavailable;temperature_c:unavailable;power_w:unavailable;sm_clock_mhz:sysfs_or_default,bf16,256,8,500,0,339,batch,same,same,discard,0,32,0,20,none,0,709944.0,,,,,177.486,0.581856,,,,,186.0999966194517,144.1698289611175,29994,0.000000000,1,221cd01c4d0a2c838378f3379cc9683d71492807ff2d3e484247db5689bd04bc,8,3,19,10,2,0,0,"static single-case binary; CUDA event includes setup/readback, clock64 covers timed window"
calibration,v2_calibration_bf16_n256_q8_batch_same_in0_same_discard_h32_b0_none_ops0,1,,NVIDIA Thor,11.0,580.00,13.0,1575.000,,,,mem_clock_mhz:unavailable;temperature_c:unavailable;power_w:unavailable;sm_clock_mhz:sysfs_or_default,bf16,256,8,500,1,339,batch,same,same,discard,0,32,0,20,none,0,709849.0,,,,,177.46225,0.580576,,,,,186.1249026201347,144.48768119936065,29976,0.000000000,1,221cd01c4d0a2c838378f3379cc9683d71492807ff2d3e484247db5689bd04bc,8,3,19,10,2,0,0,"static single-case binary; CUDA event includes setup/readback, clock64 covers timed window"
calibration,v2_calibration_bf16_n256_q8_batch_same_in0_same_discard_h32_b0_none_ops0,1,,NVIDIA Thor,11.0,580.00,13.0,1575.000,,,,mem_clock_mhz:unavailable;temperature_c:unavailable;power_w:unavailable;sm_clock_mhz:sysfs_or_default,bf16,256,8,500,2,339,batch,same,same,discard,0,32,0,20,none,0,709922.0,,,,,177.4805,0.582368,,,,,186.10576373179026,144.04307929007086,29984,0.000000000,1,221cd01c4d0a2c838378f3379cc9683d71492807ff2d3e484247db5689bd04bc,8,3,19,10,2,0,0,"static single-case binary; CUDA event includes setup/readback, clock64 covers timed window"
calibration,v2_calibration_bf16_n128_q1_batch_same_in1_same_discard_h0_b0_none_ops0,1,,NVIDIA Thor,11.0,580.00,13.0,1575.000,,,,mem_clock_mhz:unavailable;temperature_c:unavailable;power_w:unavailable;sm_clock_mhz:sysfs_or_default,bf16,128,1,500,0,340,batch,same,same,discard,1,0,0,20,none,0,225133.0,,,,,450.266,0.273888,,,,,36.67847894355781,19.14242318027807,10000,0.000000000,1,8e97098f268f3f41c4f0b3302a31e45a39eda9cbd1976da1696e485457a03853,1,3,19,10,2,0,0,"static single-case binary; CUDA event includes setup/readback, clock64 covers timed window"
calibration,v2_calibration_bf16_n128_q1_batch_same_in1_same_discard_h0_b0_none_ops0,1,,NVIDIA Thor,11.0,580.00,13.0,1575.000,,,,mem_clock_mhz:unavailable;temperature_c:unavailable;power_w:unavailable;sm_clock_mhz:sysfs_or_default,bf16,128,1,500,1,340,batch,same,same,discard,1,0,0,20,none,0,225131.0,,,,,450.262,0.27328,,,,,36.67880478476976,19.18501170960187,10000,0.000000000,1,8e97098f268f3f41c4f0b3302a31e45a39eda9cbd1976da1696e485457a03853,1,3,19,10,2,0,0,"static single-case binary; CUDA event includes setup/readback, clock64 covers timed window"
calibration,v2_calibration_bf16_n128_q1_batch_same_in1_same_discard_h0_b0_none_ops0,1,,NVIDIA Thor,11.0,580.00,13.0,1575.000,,,,mem_clock_mhz:unavailable;temperature_c:unavailable;power_w:unavailable;sm_clock_mhz:sysfs_or_default,bf16,128,1,500,2,340,batch,same,same,discard,1,0,0,20,none,0,225134.0,,,,,450.268,0.275168,,,,,36.67831602512282,19.0533782998023,10000,0.000000000,1,8e97098f268f3f41c4f0b3302a31e45a39eda9cbd1976da1696e485457a03853,1,3,19,10,2,0,0,"static single-case binary; CUDA event includes setup/readback, clock64 covers timed window"
calibration,v2_calibration_fp16_n256_q8_batch_same_in0_same_discard_h32_b1_none_ops0,1,,NVIDIA Thor,11.0,580.00,13.0,1575.000,,,,mem_clock_mhz:unavailable;temperature_c:unavailable;power_w:unavailable;sm_clock_mhz:sysfs_or_default,fp16,256,8,500,0,341,batch,same,same,discard,0,32,1,1,none,0,707732.0,,,,,176.933,0.548096,,,,,9.334082392770144,7.652498832321346,1498,0.000000000,1,73ed6744dd2c7f0fce3d83b9925cbc647d2f5379d493d9bec09c6d1a299bfab2,8,3,19,10,2,0,0,"static single-case binary; CUDA event includes setup/readback, clock64 covers timed window"
calibration,v2_calibration_fp16_n256_q8_batch_same_in0_same_discard_h32_b1_none_ops0,1,,NVIDIA Thor,11.0,580.00,13.0,1575.000,,,,mem_clock_mhz:unavailable;temperature_c:unavailable;power_w:unavailable;sm_clock_mhz:sysfs_or_default,fp16,256,8,500,1,341,batch,same,same,discard,0,32,1,1,none,0,708089.0,,,,,177.02225,0.54656,,,,,9.329376391950728,7.674004683840748,1498,0.000000000,1,73ed6744dd2c7f0fce3d83b9925cbc647d2f5379d493d9bec09c6d1a299bfab2,8,3,19,10,2,0,0,"static single-case binary; CUDA event includes setup/readback, clock64 covers timed window"
calibration,v2_calibration_fp16_n256_q8_batch_same_in0_same_discard_h32_b1_none_ops0,1,,NVIDIA Thor,11.0,580.00,13.0,1575.000,,,,mem_clock_mhz:unavailable;temperature_c:unavailable;power_w:unavailable;sm_clock_mhz:sysfs_or_default,fp16,256,8,500,2,341,batch,same,same,discard,0,32,1,1,none,0,709062.0,,,,,177.2655,0.547008,,,,,9.316574291105715,7.667719667719667,1500,0.000000000,1,73ed6744dd2c7f0fce3d83b9925cbc647d2f5379d493d9bec09c6d1a299bfab2,8,3,19,10,2,0,0,"static single-case binary; CUDA event includes setup/readback, clock64 covers timed window"
control,v2_control_fp16_n256_q1_forced_wait_same_in0_same_discard_h0_b1_none_ops0,1,,NVIDIA Thor,11.0,580.00,13.0,1575.000,,,,mem_clock_mhz:unavailable;temperature_c:unavailable;power_w:unavailable;sm_clock_mhz:sysfs_or_default,fp16,256,1,1000,0,342,forced_wait,same,same,discard,0,0,1,1,none,0,450126.0,,,,,450.126,0.382688,,,,,3.668988683168713,2.7400284304707756,1000,0.000000000,1,c05112b6f9e0ce73af0d3a30986b934fa60132d34c27d46e717619266580c257,1,3,19,10,2,0,0,"static single-case binary; CUDA event includes setup/readback, clock64 covers timed window"
control,v2_control_fp16_n256_q1_forced_wait_same_in0_same_discard_h0_b1_none_ops0,1,,NVIDIA Thor,11.0,580.00,13.0,1575.000,,,,mem_clock_mhz:unavailable;temperature_c:unavailable;power_w:unavailable;sm_clock_mhz:sysfs_or_default,fp16,256,1,1000,1,342,forced_wait,same,same,discard,0,0,1,1,none,0,450126.0,,,,,450.126,0.382496,,,,,3.668988683168713,2.7414038316740568,1000,0.000000000,1,c05112b6f9e0ce73af0d3a30986b934fa60132d34c27d46e717619266580c257,1,3,19,10,2,0,0,"static single-case binary; CUDA event includes setup/readback, clock64 covers timed window"
control,v2_control_fp16_n256_q1_forced_wait_same_in0_same_discard_h0_b1_none_ops0,1,,NVIDIA Thor,11.0,580.00,13.0,1575.000,,,,mem_clock_mhz:unavailable;temperature_c:unavailable;power_w:unavailable;sm_clock_mhz:sysfs_or_default,fp16,256,1,1000,2,342,forced_wait,same,same,discard,0,0,1,1,none,0,450126.0,,,,,450.126,0.382784,,,,,3.668988683168713,2.739341247283063,1000,0.000000000,1,c05112b6f9e0ce73af0d3a30986b934fa60132d34c27d46e717619266580c257,1,3,19,10,2,0,0,"static single-case binary; CUDA event includes setup/readback, clock64 covers timed window"
calibration,v2_calibration_bf16_n256_q4_batch_ring_in0_same_discard_h10000000_b0_none_ops0,1,,NVIDIA Thor,11.0,580.00,13.0,1575.000,,,,mem_clock_mhz:unavailable;temperature_c:unavailable;power_w:unavailable;sm_clock_mhz:sysfs_or_default,bf16,256,4,500,0,343,batch,ring,same,discard,0,10000000,0,20,none,0,447264.0,,,,,223.632,0.416736,,,,,147.6986477784932,100.64654841434384,10000,0.000000000,1,795c1020dffe3276cb4465884d18e56120abd758d8783fcee3da073fa579cfa2,4,3,17,7,2,0,0,"static single-case binary; CUDA event includes setup/readback, clock64 covers timed window"
calibration,v2_calibration_bf16_n256_q4_batch_ring_in0_same_discard_h10000000_b0_none_ops0,1,,NVIDIA Thor,11.0,580.00,13.0,1575.000,,,,mem_clock_mhz:unavailable;temperature_c:unavailable;power_w:unavailable;sm_clock_mhz:sysfs_or_default,bf16,256,4,500,1,343,batch,ring,same,discard,0,10000000,0,20,none,0,447267.0,,,,,223.6335,0.417344,,,,,147.69765710414583,100.49992332464348,10000,0.000000000,1,795c1020dffe3276cb4465884d18e56120abd758d8783fcee3da073fa579cfa2,4,3,17,7,2,0,0,"static single-case binary; CUDA event includes setup/readback, clock64 covers timed window"
calibration,v2_calibration_bf16_n256_q4_batch_ring_in0_same_discard_h10000000_b0_none_ops0,1,,NVIDIA Thor,11.0,580.00,13.0,1575.000,,,,mem_clock_mhz:unavailable;temperature_c:unavailable;power_w:unavailable;sm_clock_mhz:sysfs_or_default,bf16,256,4,500,2,343,batch,ring,same,discard,0,10000000,0,20,none,0,447271.0,,,,,223.6355,0.415744,,,,,147.6963362256887,100.88669950738915,10000,0.000000000,1,795c1020dffe3276cb4465884d18e56120abd758d8783fcee3da073fa579cfa2,4,3,17,7,2,0,0,"static single-case binary; CUDA event includes setup/readback, clock64 covers timed window"
calibration,v2_calibration_bf16_n256_q32_batch_same_in1_same_discard_h0_b1_none_ops0,1,,NVIDIA Thor,11.0,580.00,13.0,1575.000,,,,mem_clock_mhz:unavailable;temperature_c:unavailable;power_w:unavailable;sm_clock_mhz:sysfs_or_default,bf16,256,32,500,0,344,batch,same,same,discard,1,0,1,1,none,0,2261784.0,,,,,141.3615,1.533568,,,,,11.682864146178416,10.939988314831817,1500,0.000000000,1,fb7793caf1001b7ac5e929e07b3c2cec1207364832e76de3f5cad09498c1e391,32,3,19,10,2,0,0,"static single-case binary; CUDA event includes setup/readback, clock64 covers timed window"
calibration,v2_calibration_bf16_n256_q32_batch_same_in1_same_discard_h0_b1_none_ops0,1,,NVIDIA Thor,11.0,580.00,13.0,1575.000,,,,mem_clock_mhz:unavailable;temperature_c:unavailable;power_w:unavailable;sm_clock_mhz:sysfs_or_default,bf16,256,32,500,1,344,batch,same,same,discard,1,0,1,1,none,0,2261805.0,,,,,141.3628125,1.533056,,,,,11.68275567522399,10.943641980462555,1500,0.000000000,1,fb7793caf1001b7ac5e929e07b3c2cec1207364832e76de3f5cad09498c1e391,32,3,19,10,2,0,0,"static single-case binary; CUDA event includes setup/readback, clock64 covers timed window"
calibration,v2_calibration_bf16_n256_q32_batch_same_in1_same_discard_h0_b1_none_ops0,1,,NVIDIA Thor,11.0,580.00,13.0,1575.000,,,,mem_clock_mhz:unavailable;temperature_c:unavailable;power_w:unavailable;sm_clock_mhz:sysfs_or_default,bf16,256,32,500,2,344,batch,same,same,discard,1,0,1,1,none,0,2261928.0,,,,,141.3705,1.53456,,,,,11.682120385794773,10.932916275675113,1500,0.000000000,1,fb7793caf1001b7ac5e929e07b3c2cec1207364832e76de3f5cad09498c1e391,32,3,19,10,2,0,0,"static single-case binary; CUDA event includes setup/readback, clock64 covers timed window"
calibration,v2_calibration_bf16_n256_q2_batch_same_in0_same_discard_h10000000_b1_none_ops0,1,,NVIDIA Thor,11.0,580.00,13.0,1575.000,,,,mem_clock_mhz:unavailable;temperature_c:unavailable;power_w:unavailable;sm_clock_mhz:sysfs_or_default,bf16,256,2,500,0,345,batch,same,same,discard,0,10000000,1,1,none,0,319431.0,,,,,319.431,0.300864,,,,,5.170153178620735,3.4852159115081895,500,0.000000000,1,5fc729e1e88d0aad6774c74c928b03f7c69389582b25ecc8aa0efcfc5f26ab54,2,3,19,10,2,0,0,"static single-case binary; CUDA event includes setup/readback, clock64 covers timed window"
calibration,v2_calibration_bf16_n256_q2_batch_same_in0_same_discard_h10000000_b1_none_ops0,1,,NVIDIA Thor,11.0,580.00,13.0,1575.000,,,,mem_clock_mhz:unavailable;temperature_c:unavailable;power_w:unavailable;sm_clock_mhz:sysfs_or_default,bf16,256,2,500,1,345,batch,same,same,discard,0,10000000,1,1,none,0,319431.0,,,,,319.431,0.300576,,,,,5.170153178620735,3.4885553071436175,500,0.000000000,1,5fc729e1e88d0aad6774c74c928b03f7c69389582b25ecc8aa0efcfc5f26ab54,2,3,19,10,2,0,0,"static single-case binary; CUDA event includes setup/readback, clock64 covers timed window"
calibration,v2_calibration_bf16_n256_q2_batch_same_in0_same_discard_h10000000_b1_none_ops0,1,,NVIDIA Thor,11.0,580.00,13.0,1575.000,,,,mem_clock_mhz:unavailable;temperature_c:unavailable;power_w:unavailable;sm_clock_mhz:sysfs_or_default,bf16,256,2,500,2,345,batch,same,same,discard,0,10000000,1,1,none,0,319431.0,,,,,319.431,0.3,,,,,5.170153178620735,3.4952533333333333,500,0.000000000,1,5fc729e1e88d0aad6774c74c928b03f7c69389582b25ecc8aa0efcfc5f26ab54,2,3,19,10,2,0,0,"static single-case binary; CUDA event includes setup/readback, clock64 covers timed window"
calibration,v2_calibration_fp16_n128_q1_batch_same_in0_same_discard_h0_b1_none_ops0,1,,NVIDIA Thor,11.0,580.00,13.0,1575.000,,,,mem_clock_mhz:unavailable;temperature_c:unavailable;power_w:unavailable;sm_clock_mhz:sysfs_or_default,fp16,128,1,500,0,346,batch,same,same,discard,0,0,1,1,none,0,225129.0,,,,,450.258,0.2408,,,,,1.833956531588556,1.0886378737541529,500,0.000000000,1,8f09ac219b77c646ad42835b4da529999ddf88c43a345982902a8e148c8b580b,1,3,19,10,2,0,0,"static single-case binary; CUDA event includes setup/readback, clock64 covers timed window"
calibration,v2_calibration_fp16_n128_q1_batch_same_in0_same_discard_h0_b1_none_ops0,1,,NVIDIA Thor,11.0,580.00,13.0,1575.000,,,,mem_clock_mhz:unavailable;temperature_c:unavailable;power_w:unavailable;sm_clock_mhz:sysfs_or_default,fp16,128,1,500,1,346,batch,same,same,discard,0,0,1,1,none,0,225129.0,,,,,450.258,0.240832,,,,,1.833956531588556,1.0884932234918947,500,0.000000000,1,8f09ac219b77c646ad42835b4da529999ddf88c43a345982902a8e148c8b580b,1,3,19,10,2,0,0,"static single-case binary; CUDA event includes setup/readback, clock64 covers timed window"
calibration,v2_calibration_fp16_n128_q1_batch_same_in0_same_discard_h0_b1_none_ops0,1,,NVIDIA Thor,11.0,580.00,13.0,1575.000,,,,mem_clock_mhz:unavailable;temperature_c:unavailable;power_w:unavailable;sm_clock_mhz:sysfs_or_default,fp16,128,1,500,2,346,batch,same,same,discard,0,0,1,1,none,0,225129.0,,,,,450.258,0.24272,,,,,1.833956531588556,1.080026367831246,500,0.000000000,1,8f09ac219b77c646ad42835b4da529999ddf88c43a345982902a8e148c8b580b,1,3,19,10,2,0,0,"static single-case binary; CUDA event includes setup/readback, clock64 covers timed window"
calibration,v2_calibration_fp16_n128_q32_batch_ring_in0_same_discard_h0_b0_none_ops0,1,,NVIDIA Thor,11.0,580.00,13.0,1575.000,,,,mem_clock_mhz:unavailable;temperature_c:unavailable;power_w:unavailable;sm_clock_mhz:sysfs_or_default,fp16,128,32,500,0,347,batch,ring,same,discard,0,0,0,20,none,0,1205433.0,,,,,75.3395625,0.896,,,,,219.20849354547286,187.24571428571429,19317,0.000000000,1,feea15b3272713acec67219cf946a4fa7f9185a2e489e11e27c3d83e2392035e,32,3,17,7,2,0,0,"static single-case binary; CUDA event includes setup/readback, clock64 covers timed window"
calibration,v2_calibration_fp16_n128_q32_batch_ring_in0_same_discard_h0_b0_none_ops0,1,,NVIDIA Thor,11.0,580.00,13.0,1575.000,,,,mem_clock_mhz:unavailable;temperature_c:unavailable;power_w:unavailable;sm_clock_mhz:sysfs_or_default,fp16,128,32,500,1,347,batch,ring,same,discard,0,0,0,20,none,0,1205379.0,,,,,75.3361875,0.895488,,,,,219.2183139079078,187.35277301315037,19369,0.000000000,1,feea15b3272713acec67219cf946a4fa7f9185a2e489e11e27c3d83e2392035e,32,3,17,7,2,0,0,"static single-case binary; CUDA event includes setup/readback, clock64 covers timed window"
calibration,v2_calibration_fp16_n128_q32_batch_ring_in0_same_discard_h0_b0_none_ops0,1,,NVIDIA Thor,11.0,580.00,13.0,1575.000,,,,mem_clock_mhz:unavailable;temperature_c:unavailable;power_w:unavailable;sm_clock_mhz:sysfs_or_default,fp16,128,32,500,2,347,batch,ring,same,discard,0,0,0,20,none,0,1205297.0,,,,,75.3310625,0.89504,,,,,219.23322799276858,187.44654987486595,19270,0.000000000,1,feea15b3272713acec67219cf946a4fa7f9185a2e489e11e27c3d83e2392035e,32,3,17,7,2,0,0,"static single-case binary; CUDA event includes setup/readback, clock64 covers timed window"
calibration,v2_calibration_bf16_n128_q64_batch_ring_in0_same_discard_h0_b1_none_ops0,1,,NVIDIA Thor,11.0,580.00,13.0,1575.000,,,,mem_clock_mhz:unavailable;temperature_c:unavailable;power_w:unavailable;sm_clock_mhz:sysfs_or_default,bf16,128,64,500,0,348,batch,ring,same,discard,0,0,1,1,none,0,2233201.0,,,,,69.78753125,1.514496,,,,,11.832394486658389,11.077755240027045,956,0.000000000,1,c655b66f16ff9f099fb7c592399cb2bbb7ffaf18ea9420342ed212b54874f908,64,3,17,7,2,0,0,"static single-case binary; CUDA event includes setup/readback, clock64 covers timed window"
calibration,v2_calibration_bf16_n128_q64_batch_ring_in0_same_discard_h0_b1_none_ops0,1,,NVIDIA Thor,11.0,580.00,13.0,1575.000,,,,mem_clock_mhz:unavailable;temperature_c:unavailable;power_w:unavailable;sm_clock_mhz:sysfs_or_default,bf16,128,64,500,1,348,batch,ring,same,discard,0,0,1,1,none,0,2234562.0,,,,,69.8300625,1.517248,,,,,11.825187754915728,11.057662293837264,959,0.000000000,1,c655b66f16ff9f099fb7c592399cb2bbb7ffaf18ea9420342ed212b54874f908,64,3,17,7,2,0,0,"static single-case binary; CUDA event includes setup/readback, clock64 covers timed window"
calibration,v2_calibration_bf16_n128_q64_batch_ring_in0_same_discard_h0_b1_none_ops0,1,,NVIDIA Thor,11.0,580.00,13.0,1575.000,,,,mem_clock_mhz:unavailable;temperature_c:unavailable;power_w:unavailable;sm_clock_mhz:sysfs_or_default,bf16,128,64,500,2,348,batch,ring,same,discard,0,0,1,1,none,0,2233391.0,,,,,69.79346875,1.517504,,,,,11.831387876104094,11.055796887520561,957,0.000000000,1,c655b66f16ff9f099fb7c592399cb2bbb7ffaf18ea9420342ed212b54874f908,64,3,17,7,2,0,0,"static single-case binary; CUDA event includes setup/readback, clock64 covers timed window"
calibration,v2_calibration_fp16_n256_q32_batch_ring_in0_same_discard_h32_b0_none_ops0,1,,NVIDIA Thor,11.0,580.00,13.0,1575.000,,,,mem_clock_mhz:unavailable;temperature_c:unavailable;power_w:unavailable;sm_clock_mhz:sysfs_or_default,fp16,256,32,500,0,349,batch,ring,same,discard,0,32,0,20,none,0,2246445.0,,,,,140.4028125,1.556864,,,,,235.25272330281848,215.52577489106307,29960,0.000000000,1,181e18201ef2b2e4b205e55c82860cbcbacfef096ff852ceccde1e737d7156ba,32,3,17,7,2,0,0,"static single-case binary; CUDA event includes setup/readback, clock64 covers timed window"
calibration,v2_calibration_fp16_n256_q32_batch_ring_in0_same_discard_h32_b0_none_ops0,1,,NVIDIA Thor,11.0,580.00,13.0,1575.000,,,,mem_clock_mhz:unavailable;temperature_c:unavailable;power_w:unavailable;sm_clock_mhz:sysfs_or_default,fp16,256,32,500,1,349,batch,ring,same,discard,0,32,0,20,none,0,2246530.0,,,,,140.408125,1.558496,,,,,235.24382225031493,215.30008418372586,29974,0.000000000,1,181e18201ef2b2e4b205e55c82860cbcbacfef096ff852ceccde1e737d7156ba,32,3,17,7,2,0,0,"static single-case binary; CUDA event includes setup/readback, clock64 covers timed window"
calibration,v2_calibration_fp16_n256_q32_batch_ring_in0_same_discard_h32_b0_none_ops0,1,,NVIDIA Thor,11.0,580.00,13.0,1575.000,,,,mem_clock_mhz:unavailable;temperature_c:unavailable;power_w:unavailable;sm_clock_mhz:sysfs_or_default,fp16,256,32,500,2,349,batch,ring,same,discard,0,32,0,20,none,0,2246849.0,,,,,140.4280625,1.55984,,,,,235.21042313034835,215.11457585393376,29988,0.000000000,1,181e18201ef2b2e4b205e55c82860cbcbacfef096ff852ceccde1e737d7156ba,32,3,17,7,2,0,0,"static single-case binary; CUDA event includes setup/readback, clock64 covers timed window"
calibration,v2_calibration_bf16_n128_q2_batch_same_in1_same_discard_h32_b1_none_ops0,1,,NVIDIA Thor,11.0,580.00,13.0,1575.000,,,,mem_clock_mhz:unavailable;temperature_c:unavailable;power_w:unavailable;sm_clock_mhz:sysfs_or_default,bf16,128,2,500,0,350,batch,same,same,discard,1,32,1,1,none,0,237632.0,,,,,237.632,0.249376,,,,,3.474925935900889,2.1023995893750804,500,0.000000000,1,f9e4d67d077f540a3d41c3d4f049d6f6c5e62359b237bc9cbf2884d83b261687,2,3,19,10,2,0,0,"static single-case binary; CUDA event includes setup/readback, clock64 covers timed window"
calibration,v2_calibration_bf16_n128_q2_batch_same_in1_same_discard_h32_b1_none_ops0,1,,NVIDIA Thor,11.0,580.00,13.0,1575.000,,,,mem_clock_mhz:unavailable;temperature_c:unavailable;power_w:unavailable;sm_clock_mhz:sysfs_or_default,bf16,128,2,500,1,350,batch,same,same,discard,1,32,1,1,none,0,237632.0,,,,,237.632,0.249088,,,,,3.474925935900889,2.104830421377184,500,0.000000000,1,f9e4d67d077f540a3d41c3d4f049d6f6c5e62359b237bc9cbf2884d83b261687,2,3,19,10,2,0,0,"static single-case binary; CUDA event includes setup/readback, clock64 covers timed window"
calibration,v2_calibration_bf16_n128_q2_batch_same_in1_same_discard_h32_b1_none_ops0,1,,NVIDIA Thor,11.0,580.00,13.0,1575.000,,,,mem_clock_mhz:unavailable;temperature_c:unavailable;power_w:unavailable;sm_clock_mhz:sysfs_or_default,bf16,128,2,500,2,350,batch,same,same,discard,1,32,1,1,none,0,237632.0,,,,,237.632,0.248512,,,,,3.474925935900889,2.109708987895957,500,0.000000000,1,f9e4d67d077f540a3d41c3d4f049d6f6c5e62359b237bc9cbf2884d83b261687,2,3,19,10,2,0,0,"static single-case binary; CUDA event includes setup/readback, clock64 covers timed window"
control,v2_control_fp16_n128_q64_empty_same_in0_same_discard_h32_b0_none_ops0,1,,NVIDIA Thor,11.0,580.00,13.0,1575.000,,,,mem_clock_mhz:unavailable;temperature_c:unavailable;power_w:unavailable;sm_clock_mhz:sysfs_or_default,fp16,128,64,1000,0,351,empty,same,same,discard,0,32,0,20,none,0,264117.0,,,,,,0.300256,,,,,,,0,0.000000000,1,aef31760af5e42d116c3b1b7b08a53c2a3c18fd51fe5aaa06601cabd6ee29e18,0,2,16,9,2,0,0,"static single-case binary; CUDA event includes setup/readback, clock64 covers timed window"
control,v2_control_fp16_n128_q64_empty_same_in0_same_discard_h32_b0_none_ops0,1,,NVIDIA Thor,11.0,580.00,13.0,1575.000,,,,mem_clock_mhz:unavailable;temperature_c:unavailable;power_w:unavailable;sm_clock_mhz:sysfs_or_default,fp16,128,64,1000,1,351,empty,same,same,discard,0,32,0,20,none,0,264114.0,,,,,,0.298848,,,,,,,0,0.000000000,1,aef31760af5e42d116c3b1b7b08a53c2a3c18fd51fe5aaa06601cabd6ee29e18,0,2,16,9,2,0,0,"static single-case binary; CUDA event includes setup/readback, clock64 covers timed window"
control,v2_control_fp16_n128_q64_empty_same_in0_same_discard_h32_b0_none_ops0,1,,NVIDIA Thor,11.0,580.00,13.0,1575.000,,,,mem_clock_mhz:unavailable;temperature_c:unavailable;power_w:unavailable;sm_clock_mhz:sysfs_or_default,fp16,128,64,1000,2,351,empty,same,same,discard,0,32,0,20,none,0,264117.0,,,,,,0.298816,,,,,,,0,0.000000000,1,aef31760af5e42d116c3b1b7b08a53c2a3c18fd51fe5aaa06601cabd6ee29e18,0,2,16,9,2,0,0,"static single-case binary; CUDA event includes setup/readback, clock64 covers timed window"
calibration,v2_calibration_fp16_n128_q64_batch_same_in1_same_discard_h32_b0_none_ops0,1,,NVIDIA Thor,11.0,580.00,13.0,1575.000,,,,mem_clock_mhz:unavailable;temperature_c:unavailable;power_w:unavailable;sm_clock_mhz:sysfs_or_default,fp16,128,64,500,0,352,batch,same,same,discard,1,32,0,20,none,0,2224413.0,,,,,69.51290625,1.544704,,,,,237.58281578106224,217.2224063639377,15474,0.000000000,1,fb87a95190e0616b9306917a1d84380103c554820b689c4b58742f35b1800971,64,3,19,10,2,0,0,"static single-case binary; CUDA event includes setup/readback, clock64 covers timed window"
calibration,v2_calibration_fp16_n128_q64_batch_same_in1_same_discard_h32_b0_none_ops0,1,,NVIDIA Thor,11.0,580.00,13.0,1575.000,,,,mem_clock_mhz:unavailable;temperature_c:unavailable;power_w:unavailable;sm_clock_mhz:sysfs_or_default,fp16,128,64,500,1,352,batch,same,same,discard,1,32,0,20,none,0,2224382.0,,,,,69.5119375,1.556768,,,,,237.586126843321,215.5390655511933,15507,0.000000000,1,fb87a95190e0616b9306917a1d84380103c554820b689c4b58742f35b1800971,64,3,19,10,2,0,0,"static single-case binary; CUDA event includes setup/readback, clock64 covers timed window"
calibration,v2_calibration_fp16_n128_q64_batch_same_in1_same_discard_h32_b0_none_ops0,1,,NVIDIA Thor,11.0,580.00,13.0,1575.000,,,,mem_clock_mhz:unavailable;temperature_c:unavailable;power_w:unavailable;sm_clock_mhz:sysfs_or_default,fp16,128,64,500,2,352,batch,same,same,discard,1,32,0,20,none,0,2225430.0,,,,,69.5446875,1.711936,,,,,237.47424273061836,196.00284122770947,15814,0.000000000,1,fb87a95190e0616b9306917a1d84380103c554820b689c4b58742f35b1800971,64,3,19,10,2,0,0,"static single-case binary; CUDA event includes setup/readback, clock64 covers timed window"
calibration,v2_calibration_bf16_n128_q16_batch_ring_in0_same_discard_h32_b1_none_ops0,1,,NVIDIA Thor,11.0,580.00,13.0,1575.000,,,,mem_clock_mhz:unavailable;temperature_c:unavailable;power_w:unavailable;sm_clock_mhz:sysfs_or_default,bf16,128,16,500,0,353,batch,ring,same,discard,0,32,1,1,none,0,684733.0,,,,,85.591625,0.53184,,,,,9.647598114885657,7.886401925391095,963,0.000000000,1,29e871a6a02d84fa8b4281d8d39b55f8325f54f09edfbb6a603c7e2edf8885df,16,3,17,7,2,0,0,"static single-case binary; CUDA event includes setup/readback, clock64 covers timed window"
calibration,v2_calibration_bf16_n128_q16_batch_ring_in0_same_discard_h32_b1_none_ops0,1,,NVIDIA Thor,11.0,580.00,13.0,1575.000,,,,mem_clock_mhz:unavailable;temperature_c:unavailable;power_w:unavailable;sm_clock_mhz:sysfs_or_default,bf16,128,16,500,1,353,batch,ring,same,discard,0,32,1,1,none,0,684681.0,,,,,85.585125,0.524224,,,,,9.64833082851722,8.000976681723843,961,0.000000000,1,29e871a6a02d84fa8b4281d8d39b55f8325f54f09edfbb6a603c7e2edf8885df,16,3,17,7,2,0,0,"static single-case binary; CUDA event includes setup/readback, clock64 covers timed window"
calibration,v2_calibration_bf16_n128_q16_batch_ring_in0_same_discard_h32_b1_none_ops0,1,,NVIDIA Thor,11.0,580.00,13.0,1575.000,,,,mem_clock_mhz:unavailable;temperature_c:unavailable;power_w:unavailable;sm_clock_mhz:sysfs_or_default,bf16,128,16,500,2,353,batch,ring,same,discard,0,32,1,1,none,0,684064.0,,,,,85.508,0.531648,,,,,9.657033260045845,7.8892500300951,962,0.000000000,1,29e871a6a02d84fa8b4281d8d39b55f8325f54f09edfbb6a603c7e2edf8885df,16,3,17,7,2,0,0,"static single-case binary; CUDA event includes setup/readback, clock64 covers timed window"
calibration,v2_calibration_bf16_n256_q8_batch_same_in1_same_discard_h32_b0_none_ops0,1,,NVIDIA Thor,11.0,580.00,13.0,1575.000,,,,mem_clock_mhz:unavailable;temperature_c:unavailable;power_w:unavailable;sm_clock_mhz:sysfs_or_default,bf16,256,8,500,0,354,batch,same,same,discard,1,32,0,20,none,0,709819.0,,,,,177.45475,0.581376,,,,,186.13276905802746,144.28885953324527,29972,0.000000000,1,920da72c1da64314a96f76308caa7e8fd66a5a2a6af6b751ab2b7015b65a96cb,8,3,19,10,2,0,0,"static single-case binary; CUDA event includes setup/readback, clock64 covers timed window"
calibration,v2_calibration_bf16_n256_q8_batch_same_in1_same_discard_h32_b0_none_ops0,1,,NVIDIA Thor,11.0,580.00,13.0,1575.000,,,,mem_clock_mhz:unavailable;temperature_c:unavailable;power_w:unavailable;sm_clock_mhz:sysfs_or_default,bf16,256,8,500,1,354,batch,same,same,discard,1,32,0,20,none,0,709789.0,,,,,177.44725,0.58032,,,,,186.14063616088725,144.55141990625862,29985,0.000000000,1,920da72c1da64314a96f76308caa7e8fd66a5a2a6af6b751ab2b7015b65a96cb,8,3,19,10,2,0,0,"static single-case binary; CUDA event includes setup/readback, clock64 covers timed window"
calibration,v2_calibration_bf16_n256_q8_batch_same_in1_same_discard_h32_b0_none_ops0,1,,NVIDIA Thor,11.0,580.00,13.0,1575.000,,,,mem_clock_mhz:unavailable;temperature_c:unavailable;power_w:unavailable;sm_clock_mhz:sysfs_or_default,bf16,256,8,500,2,354,batch,same,same,discard,1,32,0,20,none,0,710063.0,,,,,177.51575,0.582304,,,,,186.0688079790103,144.05891080947407,29991,0.000000000,1,920da72c1da64314a96f76308caa7e8fd66a5a2a6af6b751ab2b7015b65a96cb,8,3,19,10,2,0,0,"static single-case binary; CUDA event includes setup/readback, clock64 covers timed window"
calibration,v2_calibration_bf16_n256_q1_batch_same_in1_same_discard_h32_b1_none_ops0,1,,NVIDIA Thor,11.0,580.00,13.0,1575.000,,,,mem_clock_mhz:unavailable;temperature_c:unavailable;power_w:unavailable;sm_clock_mhz:sysfs_or_default,bf16,256,1,500,0,355,batch,same,same,discard,1,32,1,1,none,0,248657.0,,,,,497.314,0.255104,,,,,3.3208540278375436,2.0551931761164077,500,0.000000000,1,c66b97bbb1680654f31cfa0d3e42df9d0feec6ee218051b8809a978cf9f675b4,1,3,19,10,2,0,0,"static single-case binary; CUDA event includes setup/readback, clock64 covers timed window"
calibration,v2_calibration_bf16_n256_q1_batch_same_in1_same_discard_h32_b1_none_ops0,1,,NVIDIA Thor,11.0,580.00,13.0,1575.000,,,,mem_clock_mhz:unavailable;temperature_c:unavailable;power_w:unavailable;sm_clock_mhz:sysfs_or_default,bf16,256,1,500,1,355,batch,same,same,discard,1,32,1,1,none,0,248706.0,,,,,497.412,0.254976,,,,,3.320199753926323,2.056224899598394,500,0.000000000,1,c66b97bbb1680654f31cfa0d3e42df9d0feec6ee218051b8809a978cf9f675b4,1,3,19,10,2,0,0,"static single-case binary; CUDA event includes setup/readback, clock64 covers timed window"
calibration,v2_calibration_bf16_n256_q1_batch_same_in1_same_discard_h32_b1_none_ops0,1,,NVIDIA Thor,11.0,580.00,13.0,1575.000,,,,mem_clock_mhz:unavailable;temperature_c:unavailable;power_w:unavailable;sm_clock_mhz:sysfs_or_default,bf16,256,1,500,2,355,batch,same,same,discard,1,32,1,1,none,0,248720.0,,,,,497.44,0.25456,,,,,3.320012865873271,2.0595851665619103,500,0.000000000,1,c66b97bbb1680654f31cfa0d3e42df9d0feec6ee218051b8809a978cf9f675b4,1,3,19,10,2,0,0,"static single-case binary; CUDA event includes setup/readback, clock64 covers timed window"
calibration,v2_calibration_fp16_n256_q1_batch_same_in1_same_discard_h0_b0_none_ops0,1,,NVIDIA Thor,11.0,580.00,13.0,1575.000,,,,mem_clock_mhz:unavailable;temperature_c:unavailable;power_w:unavailable;sm_clock_mhz:sysfs_or_default,fp16,256,1,500,0,356,batch,same,same,discard,1,0,0,20,none,0,225137.0,,,,,450.274,0.26832,,,,,73.35565455700308,39.07930828861062,10000,0.000000000,1,487e79a09cac0bf720b4f9a5c9dde354cba03fa568d427e7a3b01e63dd9d5c0c,1,3,19,10,2,0,0,"static single-case binary; CUDA event includes setup/readback, clock64 covers timed window"
calibration,v2_calibration_fp16_n256_q1_batch_same_in1_same_discard_h0_b0_none_ops0,1,,NVIDIA Thor,11.0,580.00,13.0,1575.000,,,,mem_clock_mhz:unavailable;temperature_c:unavailable;power_w:unavailable;sm_clock_mhz:sysfs_or_default,fp16,256,1,500,1,356,batch,same,same,discard,1,0,0,20,none,0,225132.0,,,,,450.264,0.275424,,,,,73.35728372688024,38.07133728360637,10000,0.000000000,1,487e79a09cac0bf720b4f9a5c9dde354cba03fa568d427e7a3b01e63dd9d5c0c,1,3,19,10,2,0,0,"static single-case binary; CUDA event includes setup/readback, clock64 covers timed window"
calibration,v2_calibration_fp16_n256_q1_batch_same_in1_same_discard_h0_b0_none_ops0,1,,NVIDIA Thor,11.0,580.00,13.0,1575.000,,,,mem_clock_mhz:unavailable;temperature_c:unavailable;power_w:unavailable;sm_clock_mhz:sysfs_or_default,fp16,256,1,500,2,356,batch,same,same,discard,1,0,0,20,none,0,225132.0,,,,,450.264,0.272736,,,,,73.35728372688024,38.44655637686261,10000,0.000000000,1,487e79a09cac0bf720b4f9a5c9dde354cba03fa568d427e7a3b01e63dd9d5c0c,1,3,19,10,2,0,0,"static single-case binary; CUDA event includes setup/readback, clock64 covers timed window"
calibration,v2_calibration_bf16_n256_q16_batch_same_in0_same_discard_h32_b1_none_ops0,1,,NVIDIA Thor,11.0,580.00,13.0,1575.000,,,,mem_clock_mhz:unavailable;temperature_c:unavailable;power_w:unavailable;sm_clock_mhz:sysfs_or_default,bf16,256,16,500,0,357,batch,same,same,discard,0,32,1,1,none,0,1237360.0,,,,,154.67,0.883712,,,,,10.677618154781147,9.492468134414832,1499,0.000000000,1,02d4485566dd9408cc9e74ae3369c3074b7fca962cf3de7dfdac5fe96bab843b,16,3,19,10,2,0,0,"static single-case binary; CUDA event includes setup/readback, clock64 covers timed window"
calibration,v2_calibration_bf16_n256_q16_batch_same_in0_same_discard_h32_b1_none_ops0,1,,NVIDIA Thor,11.0,580.00,13.0,1575.000,,,,mem_clock_mhz:unavailable;temperature_c:unavailable;power_w:unavailable;sm_clock_mhz:sysfs_or_default,bf16,256,16,500,1,357,batch,same,same,discard,0,32,1,1,none,0,1237481.0,,,,,154.685125,0.8856,,,,,10.676574104976158,9.47223125564589,1499,0.000000000,1,02d4485566dd9408cc9e74ae3369c3074b7fca962cf3de7dfdac5fe96bab843b,16,3,19,10,2,0,0,"static single-case binary; CUDA event includes setup/readback, clock64 covers timed window"
calibration,v2_calibration_bf16_n256_q16_batch_same_in0_same_discard_h32_b1_none_ops0,1,,NVIDIA Thor,11.0,580.00,13.0,1575.000,,,,mem_clock_mhz:unavailable;temperature_c:unavailable;power_w:unavailable;sm_clock_mhz:sysfs_or_default,bf16,256,16,500,2,357,batch,same,same,discard,0,32,1,1,none,0,1237028.0,,,,,154.6285,0.882336,,,,,10.680483869403117,9.507271606281506,1499,0.000000000,1,02d4485566dd9408cc9e74ae3369c3074b7fca962cf3de7dfdac5fe96bab843b,16,3,19,10,2,0,0,"static single-case binary; CUDA event includes setup/readback, clock64 covers timed window"
calibration,v2_calibration_bf16_n128_q2_batch_ring_in0_same_discard_h10000000_b1_none_ops0,1,,NVIDIA Thor,11.0,580.00,13.0,1575.000,,,,mem_clock_mhz:unavailable;temperature_c:unavailable;power_w:unavailable;sm_clock_mhz:sysfs_or_default,bf16,128,2,500,0,358,batch,ring,same,discard,0,10000000,1,1,none,0,237649.0,,,,,237.649,0.2496,,,,,3.474677360308691,2.1005128205128205,500,0.000000000,1,b43cd404a224aaacf301953c1305ffcfc7130bf128d8848b7e36e747d3986aa4,2,3,17,7,2,0,0,"static single-case binary; CUDA event includes setup/readback, clock64 covers timed window"
calibration,v2_calibration_bf16_n128_q2_batch_ring_in0_same_discard_h10000000_b1_none_ops0,1,,NVIDIA Thor,11.0,580.00,13.0,1575.000,,,,mem_clock_mhz:unavailable;temperature_c:unavailable;power_w:unavailable;sm_clock_mhz:sysfs_or_default,bf16,128,2,500,1,358,batch,ring,same,discard,0,10000000,1,1,none,0,237649.0,,,,,237.649,0.248768,,,,,3.474677360308691,2.1075379470028297,500,0.000000000,1,b43cd404a224aaacf301953c1305ffcfc7130bf128d8848b7e36e747d3986aa4,2,3,17,7,2,0,0,"static single-case binary; CUDA event includes setup/readback, clock64 covers timed window"
calibration,v2_calibration_bf16_n128_q2_batch_ring_in0_same_discard_h10000000_b1_none_ops0,1,,NVIDIA Thor,11.0,580.00,13.0,1575.000,,,,mem_clock_mhz:unavailable;temperature_c:unavailable;power_w:unavailable;sm_clock_mhz:sysfs_or_default,bf16,128,2,500,2,358,batch,ring,same,discard,0,10000000,1,1,none,0,237649.0,,,,,237.649,0.247936,,,,,3.474677360308691,2.1146102219927725,500,0.000000000,1,b43cd404a224aaacf301953c1305ffcfc7130bf128d8848b7e36e747d3986aa4,2,3,17,7,2,0,0,"static single-case binary; CUDA event includes setup/readback, clock64 covers timed window"
calibration,v2_calibration_fp16_n256_q32_batch_same_in1_same_discard_h10000000_b0_none_ops0,1,,NVIDIA Thor,11.0,580.00,13.0,1575.000,,,,mem_clock_mhz:unavailable;temperature_c:unavailable;power_w:unavailable;sm_clock_mhz:sysfs_or_default,fp16,256,32,500,0,359,batch,same,same,discard,1,10000000,0,20,none,0,2239146.0,,,,,139.946625,1.552576,,,,,236.0195824658151,216.12102724761942,10000,0.000000000,1,1c00211b3d92d7df83d5cb88df8e4fb948f11843260d1eb90ddb394ddde489ee,32,3,19,10,2,0,0,"static single-case binary; CUDA event includes setup/readback, clock64 covers timed window"
calibration,v2_calibration_fp16_n256_q32_batch_same_in1_same_discard_h10000000_b0_none_ops0,1,,NVIDIA Thor,11.0,580.00,13.0,1575.000,,,,mem_clock_mhz:unavailable;temperature_c:unavailable;power_w:unavailable;sm_clock_mhz:sysfs_or_default,fp16,256,32,500,1,359,batch,same,same,discard,1,10000000,0,20,none,0,2239148.0,,,,,139.94675,1.552416,,,,,236.01937165386119,216.14330179539502,10000,0.000000000,1,1c00211b3d92d7df83d5cb88df8e4fb948f11843260d1eb90ddb394ddde489ee,32,3,19,10,2,0,0,"static single-case binary; CUDA event includes setup/readback, clock64 covers timed window"
calibration,v2_calibration_fp16_n256_q32_batch_same_in1_same_discard_h10000000_b0_none_ops0,1,,NVIDIA Thor,11.0,580.00,13.0,1575.000,,,,mem_clock_mhz:unavailable;temperature_c:unavailable;power_w:unavailable;sm_clock_mhz:sysfs_or_default,fp16,256,32,500,2,359,batch,same,same,discard,1,10000000,0,20,none,0,2239149.0,,,,,139.9468125,1.554336,,,,,236.0192662480255,215.876309884092,10000,0.000000000,1,1c00211b3d92d7df83d5cb88df8e4fb948f11843260d1eb90ddb394ddde489ee,32,3,19,10,2,0,0,"static single-case binary; CUDA event includes setup/readback, clock64 covers timed window"
calibration,v2_calibration_fp16_n256_q2_batch_ring_in0_same_discard_h10000000_b0_none_ops0,1,,NVIDIA Thor,11.0,580.00,13.0,1575.000,,,,mem_clock_mhz:unavailable;temperature_c:unavailable;power_w:unavailable;sm_clock_mhz:sysfs_or_default,fp16,256,2,500,0,360,batch,ring,same,discard,0,10000000,0,20,none,0,319439.0,,,,,319.439,0.332288,,,,,103.40047395590393,63.11248073959939,10000,0.000000000,1,2fc1590500113f94bbc85a5e8132fc448581ddc1e31603dd980c2962f303f143,2,3,17,7,2,0,0,"static single-case binary; CUDA event includes setup/readback, clock64 covers timed window"
calibration,v2_calibration_fp16_n256_q2_batch_ring_in0_same_discard_h10000000_b0_none_ops0,1,,NVIDIA Thor,11.0,580.00,13.0,1575.000,,,,mem_clock_mhz:unavailable;temperature_c:unavailable;power_w:unavailable;sm_clock_mhz:sysfs_or_default,fp16,256,2,500,1,360,batch,ring,same,discard,0,10000000,0,20,none,0,319433.0,,,,,319.433,0.336032,,,,,103.40241615612663,62.40929435291877,10000,0.000000000,1,2fc1590500113f94bbc85a5e8132fc448581ddc1e31603dd980c2962f303f143,2,3,17,7,2,0,0,"static single-case binary; CUDA event includes setup/readback, clock64 covers timed window"
calibration,v2_calibration_fp16_n256_q2_batch_ring_in0_same_discard_h10000000_b0_none_ops0,1,,NVIDIA Thor,11.0,580.00,13.0,1575.000,,,,mem_clock_mhz:unavailable;temperature_c:unavailable;power_w:unavailable;sm_clock_mhz:sysfs_or_default,fp16,256,2,500,2,360,batch,ring,same,discard,0,10000000,0,20,none,0,319433.0,,,,,319.433,0.33552,,,,,103.40241615612663,62.50453028135432,10000,0.000000000,1,2fc1590500113f94bbc85a5e8132fc448581ddc1e31603dd980c2962f303f143,2,3,17,7,2,0,0,"static single-case binary; CUDA event includes setup/readback, clock64 covers timed window"
control,v2_control_fp16_n256_q64_empty_same_in0_same_discard_h32_b1_none_ops0,1,,NVIDIA Thor,11.0,580.00,13.0,1575.000,,,,mem_clock_mhz:unavailable;temperature_c:unavailable;power_w:unavailable;sm_clock_mhz:sysfs_or_default,fp16,256,64,1000,0,361,empty,same,same,discard,0,32,1,1,none,0,264107.0,,,,,,0.266144,,,,,,,0,0.000000000,1,c955d3e26f8c86660201f32239b2e335f327e336e6bc4fd4453380463e23eaec,0,2,16,9,2,0,0,"static single-case binary; CUDA event includes setup/readback, clock64 covers timed window"
control,v2_control_fp16_n256_q64_empty_same_in0_same_discard_h32_b1_none_ops0,1,,NVIDIA Thor,11.0,580.00,13.0,1575.000,,,,mem_clock_mhz:unavailable;temperature_c:unavailable;power_w:unavailable;sm_clock_mhz:sysfs_or_default,fp16,256,64,1000,1,361,empty,same,same,discard,0,32,1,1,none,0,264107.0,,,,,,0.266048,,,,,,,0,0.000000000,1,c955d3e26f8c86660201f32239b2e335f327e336e6bc4fd4453380463e23eaec,0,2,16,9,2,0,0,"static single-case binary; CUDA event includes setup/readback, clock64 covers timed window"
control,v2_control_fp16_n256_q64_empty_same_in0_same_discard_h32_b1_none_ops0,1,,NVIDIA Thor,11.0,580.00,13.0,1575.000,,,,mem_clock_mhz:unavailable;temperature_c:unavailable;power_w:unavailable;sm_clock_mhz:sysfs_or_default,fp16,256,64,1000,2,361,empty,same,same,discard,0,32,1,1,none,0,264107.0,,,,,,0.264992,,,,,,,0,0.000000000,1,c955d3e26f8c86660201f32239b2e335f327e336e6bc4fd4453380463e23eaec,0,2,16,9,2,0,0,"static single-case binary; CUDA event includes setup/readback, clock64 covers timed window"
calibration,v2_calibration_fp16_n256_q64_batch_same_in0_same_discard_h10000000_b0_none_ops0,1,,NVIDIA Thor,11.0,580.00,13.0,1575.000,,,,mem_clock_mhz:unavailable;temperature_c:unavailable;power_w:unavailable;sm_clock_mhz:sysfs_or_default,fp16,256,64,500,0,362,batch,same,same,discard,0,10000000,0,20,none,0,4293633.0,,,,,134.17603125,2.857056,,,,,246.17022647254666,234.88816460020385,10000,0.000000000,1,139347cf021e35632a7d1defc16a9a52679a8be8bbd6a5aafba1823c754aaa36,64,3,19,10,2,0,0,"static single-case binary; CUDA event includes setup/readback, clock64 covers timed window"
calibration,v2_calibration_fp16_n256_q64_batch_same_in0_same_discard_h10000000_b0_none_ops0,1,,NVIDIA Thor,11.0,580.00,13.0,1575.000,,,,mem_clock_mhz:unavailable;temperature_c:unavailable;power_w:unavailable;sm_clock_mhz:sysfs_or_default,fp16,256,64,500,1,362,batch,same,same,discard,0,10000000,0,20,none,0,4293640.0,,,,,134.17625,2.858816,,,,,246.16982513671385,234.74355817233428,10000,0.000000000,1,139347cf021e35632a7d1defc16a9a52679a8be8bbd6a5aafba1823c754aaa36,64,3,19,10,2,0,0,"static single-case binary; CUDA event includes setup/readback, clock64 covers timed window"
calibration,v2_calibration_fp16_n256_q64_batch_same_in0_same_discard_h10000000_b0_none_ops0,1,,NVIDIA Thor,11.0,580.00,13.0,1575.000,,,,mem_clock_mhz:unavailable;temperature_c:unavailable;power_w:unavailable;sm_clock_mhz:sysfs_or_default,fp16,256,64,500,2,362,batch,same,same,discard,0,10000000,0,20,none,0,4293643.0,,,,,134.17634375,2.857632,,,,,246.16965313604322,234.84081925174408,10000,0.000000000,1,139347cf021e35632a7d1defc16a9a52679a8be8bbd6a5aafba1823c754aaa36,64,3,19,10,2,0,0,"static single-case binary; CUDA event includes setup/readback, clock64 covers timed window"
calibration,v2_calibration_bf16_n128_q64_batch_ring_in0_same_discard_h10000000_b1_none_ops0,1,,NVIDIA Thor,11.0,580.00,13.0,1575.000,,,,mem_clock_mhz:unavailable;temperature_c:unavailable;power_w:unavailable;sm_clock_mhz:sysfs_or_default,bf16,128,64,500,0,363,batch,ring,same,discard,0,10000000,1,1,none,0,2245412.0,,,,,70.169125,1.523456,,,,,11.768047556528602,11.01260292387834,500,0.000000000,1,31ab5d70e640cc78d7e65bb90b1ea3789c46635db5d0c6fa611bce470488f2fa,64,3,17,7,2,0,0,"static single-case binary; CUDA event includes setup/readback, clock64 covers timed window"
calibration,v2_calibration_bf16_n128_q64_batch_ring_in0_same_discard_h10000000_b1_none_ops0,1,,NVIDIA Thor,11.0,580.00,13.0,1575.000,,,,mem_clock_mhz:unavailable;temperature_c:unavailable;power_w:unavailable;sm_clock_mhz:sysfs_or_default,bf16,128,64,500,1,363,batch,ring,same,discard,0,10000000,1,1,none,0,2245412.0,,,,,70.169125,1.522656,,,,,11.768047556528602,11.018388920412752,500,0.000000000,1,31ab5d70e640cc78d7e65bb90b1ea3789c46635db5d0c6fa611bce470488f2fa,64,3,17,7,2,0,0,"static single-case binary; CUDA event includes setup/readback, clock64 covers timed window"
calibration,v2_calibration_bf16_n128_q64_batch_ring_in0_same_discard_h10000000_b1_none_ops0,1,,NVIDIA Thor,11.0,580.00,13.0,1575.000,,,,mem_clock_mhz:unavailable;temperature_c:unavailable;power_w:unavailable;sm_clock_mhz:sysfs_or_default,bf16,128,64,500,2,363,batch,ring,same,discard,0,10000000,1,1,none,0,2245411.0,,,,,70.16909375,1.523456,,,,,11.768052797461133,11.01260292387834,500,0.000000000,1,31ab5d70e640cc78d7e65bb90b1ea3789c46635db5d0c6fa611bce470488f2fa,64,3,17,7,2,0,0,"static single-case binary; CUDA event includes setup/readback, clock64 covers timed window"
calibration,v2_calibration_bf16_n256_q32_batch_same_in1_same_discard_h32_b1_none_ops0,1,,NVIDIA Thor,11.0,580.00,13.0,1575.000,,,,mem_clock_mhz:unavailable;temperature_c:unavailable;power_w:unavailable;sm_clock_mhz:sysfs_or_default,bf16,256,32,500,0,364,batch,same,same,discard,1,32,1,1,none,0,2246765.0,,,,,140.4228125,1.52576,,,,,11.76096084815279,10.995973154362416,1498,0.000000000,1,dd851ad1e1df298569210f3471a2662781b6c7ca78b3b64604975e705868a9c7,32,3,19,10,2,0,0,"static single-case binary; CUDA event includes setup/readback, clock64 covers timed window"
calibration,v2_calibration_bf16_n256_q32_batch_same_in1_same_discard_h32_b1_none_ops0,1,,NVIDIA Thor,11.0,580.00,13.0,1575.000,,,,mem_clock_mhz:unavailable;temperature_c:unavailable;power_w:unavailable;sm_clock_mhz:sysfs_or_default,bf16,256,32,500,1,364,batch,same,same,discard,1,32,1,1,none,0,2246393.0,,,,,140.3995625,1.523104,,,,,11.762908449233949,11.015148013530265,1498,0.000000000,1,dd851ad1e1df298569210f3471a2662781b6c7ca78b3b64604975e705868a9c7,32,3,19,10,2,0,0,"static single-case binary; CUDA event includes setup/readback, clock64 covers timed window"
calibration,v2_calibration_bf16_n256_q32_batch_same_in1_same_discard_h32_b1_none_ops0,1,,NVIDIA Thor,11.0,580.00,13.0,1575.000,,,,mem_clock_mhz:unavailable;temperature_c:unavailable;power_w:unavailable;sm_clock_mhz:sysfs_or_default,bf16,256,32,500,2,364,batch,same,same,discard,1,32,1,1,none,0,2246194.0,,,,,140.387125,1.522304,,,,,11.76395057595203,11.02093668544522,1498,0.000000000,1,dd851ad1e1df298569210f3471a2662781b6c7ca78b3b64604975e705868a9c7,32,3,19,10,2,0,0,"static single-case binary; CUDA event includes setup/readback, clock64 covers timed window"
calibration,v2_calibration_bf16_n256_q4_batch_same_in0_same_discard_h0_b1_none_ops0,1,,NVIDIA Thor,11.0,580.00,13.0,1575.000,,,,mem_clock_mhz:unavailable;temperature_c:unavailable;power_w:unavailable;sm_clock_mhz:sysfs_or_default,bf16,256,4,500,0,365,batch,same,same,discard,0,0,1,1,none,0,425017.0,,,,,212.5085,0.368416,,,,,7.771487728726145,5.692347780769564,999,0.000000000,1,9baa93de745943143d83b8ce2cc0329378b2fc27bb440a912d38db9b3e789c2d,4,3,19,10,2,0,0,"static single-case binary; CUDA event includes setup/readback, clock64 covers timed window"
calibration,v2_calibration_bf16_n256_q4_batch_same_in0_same_discard_h0_b1_none_ops0,1,,NVIDIA Thor,11.0,580.00,13.0,1575.000,,,,mem_clock_mhz:unavailable;temperature_c:unavailable;power_w:unavailable;sm_clock_mhz:sysfs_or_default,bf16,256,4,500,1,365,batch,same,same,discard,0,0,1,1,none,0,425108.0,,,,,212.554,0.367584,,,,,7.76982413880708,5.705232001392879,999,0.000000000,1,9baa93de745943143d83b8ce2cc0329378b2fc27bb440a912d38db9b3e789c2d,4,3,19,10,2,0,0,"static single-case binary; CUDA event includes setup/readback, clock64 covers timed window"
calibration,v2_calibration_bf16_n256_q4_batch_same_in0_same_discard_h0_b1_none_ops0,1,,NVIDIA Thor,11.0,580.00,13.0,1575.000,,,,mem_clock_mhz:unavailable;temperature_c:unavailable;power_w:unavailable;sm_clock_mhz:sysfs_or_default,bf16,256,4,500,2,365,batch,same,same,discard,0,0,1,1,none,0,425171.0,,,,,212.5855,0.368544,,,,,7.768672839869135,5.690370756273335,1000,0.000000000,1,9baa93de745943143d83b8ce2cc0329378b2fc27bb440a912d38db9b3e789c2d,4,3,19,10,2,0,0,"static single-case binary; CUDA event includes setup/readback, clock64 covers timed window"
calibration,v2_calibration_bf16_n128_q64_batch_same_in0_same_discard_h32_b0_none_ops0,1,,NVIDIA Thor,11.0,580.00,13.0,1575.000,,,,mem_clock_mhz:unavailable;temperature_c:unavailable;power_w:unavailable;sm_clock_mhz:sysfs_or_default,bf16,128,64,500,0,366,batch,same,same,discard,0,32,0,20,none,0,2224100.0,,,,,69.503125,1.545152,,,,,237.61625106784766,217.15942509215918,15447,0.000000000,1,3d4305b458e64c9f3e99694450cca6d6bbcbf87aed4cd395525c8fcb5491adff,64,3,19,10,2,0,0,"static single-case binary; CUDA event includes setup/readback, clock64 covers timed window"
calibration,v2_calibration_bf16_n128_q64_batch_same_in0_same_discard_h32_b0_none_ops0,1,,NVIDIA Thor,11.0,580.00,13.0,1575.000,,,,mem_clock_mhz:unavailable;temperature_c:unavailable;power_w:unavailable;sm_clock_mhz:sysfs_or_default,bf16,128,64,500,1,366,batch,same,same,discard,0,32,0,20,none,0,2224388.0,,,,,69.512125,1.542688,,,,,237.5854859853587,217.5062747619739,15454,0.000000000,1,3d4305b458e64c9f3e99694450cca6d6bbcbf87aed4cd395525c8fcb5491adff,64,3,19,10,2,0,0,"static single-case binary; CUDA event includes setup/readback, clock64 covers timed window"
calibration,v2_calibration_bf16_n128_q64_batch_same_in0_same_discard_h32_b0_none_ops0,1,,NVIDIA Thor,11.0,580.00,13.0,1575.000,,,,mem_clock_mhz:unavailable;temperature_c:unavailable;power_w:unavailable;sm_clock_mhz:sysfs_or_default,bf16,128,64,500,2,366,batch,same,same,discard,0,32,0,20,none,0,2224773.0,,,,,69.52415625,1.543008,,,,,237.54437149318156,217.46116675999087,15504,0.000000000,1,3d4305b458e64c9f3e99694450cca6d6bbcbf87aed4cd395525c8fcb5491adff,64,3,19,10,2,0,0,"static single-case binary; CUDA event includes setup/readback, clock64 covers timed window"
calibration,v2_calibration_bf16_n128_q2_batch_ring_in0_same_discard_h32_b0_none_ops0,1,,NVIDIA Thor,11.0,580.00,13.0,1575.000,,,,mem_clock_mhz:unavailable;temperature_c:unavailable;power_w:unavailable;sm_clock_mhz:sysfs_or_default,bf16,128,2,500,0,367,batch,ring,same,discard,0,32,0,20,none,0,237651.0,,,,,237.651,0.280992,,,,,69.49296236918843,37.31693428994419,10000,0.000000000,1,b1865be602b3d95fade0f09a47332bdca8c65ecdc041ca01d084d50841183885,2,3,17,7,2,0,0,"static single-case binary; CUDA event includes setup/readback, clock64 covers timed window"
calibration,v2_calibration_bf16_n128_q2_batch_ring_in0_same_discard_h32_b0_none_ops0,1,,NVIDIA Thor,11.0,580.00,13.0,1575.000,,,,mem_clock_mhz:unavailable;temperature_c:unavailable;power_w:unavailable;sm_clock_mhz:sysfs_or_default,bf16,128,2,500,1,367,batch,ring,same,discard,0,32,0,20,none,0,237655.0,,,,,237.655,0.28016,,,,,69.49179272474807,37.42775556824672,10000,0.000000000,1,b1865be602b3d95fade0f09a47332bdca8c65ecdc041ca01d084d50841183885,2,3,17,7,2,0,0,"static single-case binary; CUDA event includes setup/readback, clock64 covers timed window"
calibration,v2_calibration_bf16_n128_q2_batch_ring_in0_same_discard_h32_b0_none_ops0,1,,NVIDIA Thor,11.0,580.00,13.0,1575.000,,,,mem_clock_mhz:unavailable;temperature_c:unavailable;power_w:unavailable;sm_clock_mhz:sysfs_or_default,bf16,128,2,500,2,367,batch,ring,same,discard,0,32,0,20,none,0,237658.0,,,,,237.658,0.283232,,,,,69.49091551725589,37.02180544571235,10000,0.000000000,1,b1865be602b3d95fade0f09a47332bdca8c65ecdc041ca01d084d50841183885,2,3,17,7,2,0,0,"static single-case binary; CUDA event includes setup/readback, clock64 covers timed window"
calibration,v2_calibration_fp16_n128_q32_batch_same_in0_same_discard_h0_b1_none_ops0,1,,NVIDIA Thor,11.0,580.00,13.0,1575.000,,,,mem_clock_mhz:unavailable;temperature_c:unavailable;power_w:unavailable;sm_clock_mhz:sysfs_or_default,fp16,128,32,500,0,368,batch,same,same,discard,0,0,1,1,none,0,1204389.0,,,,,75.2743125,0.86368,,,,,10.96992549749292,9.712634309003334,959,0.000000000,1,497ae28499ebb5ddfad0988a8a369ad1b6226c5ac3e086701926c28255d054c0,32,3,19,10,2,0,0,"static single-case binary; CUDA event includes setup/readback, clock64 covers timed window"
calibration,v2_calibration_fp16_n128_q32_batch_same_in0_same_discard_h0_b1_none_ops0,1,,NVIDIA Thor,11.0,580.00,13.0,1575.000,,,,mem_clock_mhz:unavailable;temperature_c:unavailable;power_w:unavailable;sm_clock_mhz:sysfs_or_default,fp16,128,32,500,1,368,batch,same,same,discard,0,0,1,1,none,0,1205098.0,,,,,75.318625,0.86288,,,,,10.96347151849891,9.721639161876507,964,0.000000000,1,497ae28499ebb5ddfad0988a8a369ad1b6226c5ac3e086701926c28255d054c0,32,3,19,10,2,0,0,"static single-case binary; CUDA event includes setup/readback, clock64 covers timed window"
calibration,v2_calibration_fp16_n128_q32_batch_same_in0_same_discard_h0_b1_none_ops0,1,,NVIDIA Thor,11.0,580.00,13.0,1575.000,,,,mem_clock_mhz:unavailable;temperature_c:unavailable;power_w:unavailable;sm_clock_mhz:sysfs_or_default,fp16,128,32,500,2,368,batch,same,same,discard,0,0,1,1,none,0,1205313.0,,,,,75.3320625,0.863872,,,,,10.96151588840409,9.71047562601867,968,0.000000000,1,497ae28499ebb5ddfad0988a8a369ad1b6226c5ac3e086701926c28255d054c0,32,3,19,10,2,0,0,"static single-case binary; CUDA event includes setup/readback, clock64 covers timed window"
calibration,v2_calibration_bf16_n256_q2_batch_same_in1_same_discard_h10000000_b0_none_ops0,1,,NVIDIA Thor,11.0,580.00,13.0,1575.000,,,,mem_clock_mhz:unavailable;temperature_c:unavailable;power_w:unavailable;sm_clock_mhz:sysfs_or_default,bf16,256,2,500,0,369,batch,same,same,discard,1,10000000,0,20,none,0,319433.0,,,,,319.433,0.335488,,,,,103.40241615612663,62.510492178557804,10000,0.000000000,1,82f2d96c3a84d436191a53191356d5e4620d0e9791f29d2322ec3a06b3e9726b,2,3,19,10,2,0,0,"static single-case binary; CUDA event includes setup/readback, clock64 covers timed window"
calibration,v2_calibration_bf16_n256_q2_batch_same_in1_same_discard_h10000000_b0_none_ops0,1,,NVIDIA Thor,11.0,580.00,13.0,1575.000,,,,mem_clock_mhz:unavailable;temperature_c:unavailable;power_w:unavailable;sm_clock_mhz:sysfs_or_default,bf16,256,2,500,1,369,batch,same,same,discard,1,10000000,0,20,none,0,319434.0,,,,,319.434,0.33376,,,,,103.40209245102275,62.834132310642374,10000,0.000000000,1,82f2d96c3a84d436191a53191356d5e4620d0e9791f29d2322ec3a06b3e9726b,2,3,19,10,2,0,0,"static single-case binary; CUDA event includes setup/readback, clock64 covers timed window"
calibration,v2_calibration_bf16_n256_q2_batch_same_in1_same_discard_h10000000_b0_none_ops0,1,,NVIDIA Thor,11.0,580.00,13.0,1575.000,,,,mem_clock_mhz:unavailable;temperature_c:unavailable;power_w:unavailable;sm_clock_mhz:sysfs_or_default,bf16,256,2,500,2,369,batch,same,same,discard,1,10000000,0,20,none,0,319435.0,,,,,319.435,0.3352,,,,,103.4017687479456,62.56420047732697,10000,0.000000000,1,82f2d96c3a84d436191a53191356d5e4620d0e9791f29d2322ec3a06b3e9726b,2,3,19,10,2,0,0,"static single-case binary; CUDA event includes setup/readback, clock64 covers timed window"
calibration,v2_calibration_bf16_n256_q1_batch_ring_in0_same_discard_h10000000_b1_none_ops0,1,,NVIDIA Thor,11.0,580.00,13.0,1575.000,,,,mem_clock_mhz:unavailable;temperature_c:unavailable;power_w:unavailable;sm_clock_mhz:sysfs_or_default,bf16,256,1,500,0,370,batch,ring,same,discard,0,10000000,1,1,none,0,255578.0,,,,,511.156,0.258976,,,,,3.230925979544405,2.0244655875447917,500,0.000000000,1,9557ff72fc4368f2d86ae84a07c8e785e648d3c8d6f75ad7288e32b84eb837b5,1,3,17,7,2,0,0,"static single-case binary; CUDA event includes setup/readback, clock64 covers timed window"
calibration,v2_calibration_bf16_n256_q1_batch_ring_in0_same_discard_h10000000_b1_none_ops0,1,,NVIDIA Thor,11.0,580.00,13.0,1575.000,,,,mem_clock_mhz:unavailable;temperature_c:unavailable;power_w:unavailable;sm_clock_mhz:sysfs_or_default,bf16,256,1,500,1,370,batch,ring,same,discard,0,10000000,1,1,none,0,255578.0,,,,,511.156,0.254048,,,,,3.230925979544405,2.0637359869001135,500,0.000000000,1,9557ff72fc4368f2d86ae84a07c8e785e648d3c8d6f75ad7288e32b84eb837b5,1,3,17,7,2,0,0,"static single-case binary; CUDA event includes setup/readback, clock64 covers timed window"
calibration,v2_calibration_bf16_n256_q1_batch_ring_in0_same_discard_h10000000_b1_none_ops0,1,,NVIDIA Thor,11.0,580.00,13.0,1575.000,,,,mem_clock_mhz:unavailable;temperature_c:unavailable;power_w:unavailable;sm_clock_mhz:sysfs_or_default,bf16,256,1,500,2,370,batch,ring,same,discard,0,10000000,1,1,none,0,255578.0,,,,,511.156,0.258944,,,,,3.230925979544405,2.024715768660405,500,0.000000000,1,9557ff72fc4368f2d86ae84a07c8e785e648d3c8d6f75ad7288e32b84eb837b5,1,3,17,7,2,0,0,"static single-case binary; CUDA event includes setup/readback, clock64 covers timed window"
calibration,v2_calibration_fp16_n128_q8_batch_same_in1_same_discard_h32_b0_none_ops0,1,,NVIDIA Thor,11.0,580.00,13.0,1575.000,,,,mem_clock_mhz:unavailable;temperature_c:unavailable;power_w:unavailable;sm_clock_mhz:sysfs_or_default,fp16,128,8,500,0,371,batch,same,same,discard,1,32,0,20,none,0,432001.0,,,,,108.00025,0.405472,,,,,152.91697935884406,103.44250651093047,15781,0.000000000,1,39cede8bdac9ee78fb0ec5c232fc35789f71d761b2f59a794d8c4853b3480fd2,8,3,19,10,2,0,0,"static single-case binary; CUDA event includes setup/readback, clock64 covers timed window"
calibration,v2_calibration_fp16_n128_q8_batch_same_in1_same_discard_h32_b0_none_ops0,1,,NVIDIA Thor,11.0,580.00,13.0,1575.000,,,,mem_clock_mhz:unavailable;temperature_c:unavailable;power_w:unavailable;sm_clock_mhz:sysfs_or_default,fp16,128,8,500,1,371,batch,same,same,discard,1,32,0,20,none,0,432452.0,,,,,108.113,0.4072,,,,,152.75750372295656,103.00353634577603,16268,0.000000000,1,39cede8bdac9ee78fb0ec5c232fc35789f71d761b2f59a794d8c4853b3480fd2,8,3,19,10,2,0,0,"static single-case binary; CUDA event includes setup/readback, clock64 covers timed window"
calibration,v2_calibration_fp16_n128_q8_batch_same_in1_same_discard_h32_b0_none_ops0,1,,NVIDIA Thor,11.0,580.00,13.0,1575.000,,,,mem_clock_mhz:unavailable;temperature_c:unavailable;power_w:unavailable;sm_clock_mhz:sysfs_or_default,fp16,128,8,500,2,371,batch,same,same,discard,1,32,0,20,none,0,431374.0,,,,,107.8435,0.407104,,,,,153.13924344072663,103.02782581355132,15060,0.000000000,1,39cede8bdac9ee78fb0ec5c232fc35789f71d761b2f59a794d8c4853b3480fd2,8,3,19,10,2,0,0,"static single-case binary; CUDA event includes setup/readback, clock64 covers timed window"
control,v2_control_fp16_n128_q1_commit_wait_same_in0_same_discard_h32_b0_none_ops0,1,,NVIDIA Thor,11.0,580.00,13.0,1575.000,,,,mem_clock_mhz:unavailable;temperature_c:unavailable;power_w:unavailable;sm_clock_mhz:sysfs_or_default,fp16,128,1,1000,0,372,commit_wait,same,same,discard,0,32,0,20,none,0,258149.0,,,,,,0.294304,,,,,,,20000,0.000000000,1,88d9182ac56cfcd5d459c1c761fa574981fd4e8acf82db6cc39548e36b364206,0,3,19,9,2,0,0,"static single-case binary; CUDA event includes setup/readback, clock64 covers timed window"
control,v2_control_fp16_n128_q1_commit_wait_same_in0_same_discard_h32_b0_none_ops0,1,,NVIDIA Thor,11.0,580.00,13.0,1575.000,,,,mem_clock_mhz:unavailable;temperature_c:unavailable;power_w:unavailable;sm_clock_mhz:sysfs_or_default,fp16,128,1,1000,1,372,commit_wait,same,same,discard,0,32,0,20,none,0,258157.0,,,,,,0.293792,,,,,,,20000,0.000000000,1,88d9182ac56cfcd5d459c1c761fa574981fd4e8acf82db6cc39548e36b364206,0,3,19,9,2,0,0,"static single-case binary; CUDA event includes setup/readback, clock64 covers timed window"
control,v2_control_fp16_n128_q1_commit_wait_same_in0_same_discard_h32_b0_none_ops0,1,,NVIDIA Thor,11.0,580.00,13.0,1575.000,,,,mem_clock_mhz:unavailable;temperature_c:unavailable;power_w:unavailable;sm_clock_mhz:sysfs_or_default,fp16,128,1,1000,2,372,commit_wait,same,same,discard,0,32,0,20,none,0,258155.0,,,,,,0.293632,,,,,,,20000,0.000000000,1,88d9182ac56cfcd5d459c1c761fa574981fd4e8acf82db6cc39548e36b364206,0,3,19,9,2,0,0,"static single-case binary; CUDA event includes setup/readback, clock64 covers timed window"
calibration,v2_calibration_fp16_n256_q2_batch_ring_in0_same_discard_h0_b1_none_ops0,1,,NVIDIA Thor,11.0,580.00,13.0,1575.000,,,,mem_clock_mhz:unavailable;temperature_c:unavailable;power_w:unavailable;sm_clock_mhz:sysfs_or_default,fp16,256,2,500,0,373,batch,ring,same,discard,0,0,1,1,none,0,306264.0,,,,,306.264,0.291616,,,,,5.392430060340098,3.59574234609898,879,0.000000000,1,0c3252a88ffac9e9d22cee219143341e904f9e69d61604e9d4dd773f8d9a4fe6,2,3,17,7,2,0,0,"static single-case binary; CUDA event includes setup/readback, clock64 covers timed window"
calibration,v2_calibration_fp16_n256_q2_batch_ring_in0_same_discard_h0_b1_none_ops0,1,,NVIDIA Thor,11.0,580.00,13.0,1575.000,,,,mem_clock_mhz:unavailable;temperature_c:unavailable;power_w:unavailable;sm_clock_mhz:sysfs_or_default,fp16,256,2,500,1,373,batch,ring,same,discard,0,0,1,1,none,0,306558.0,,,,,306.558,0.291296,,,,,5.387258528565557,3.599692409095902,883,0.000000000,1,0c3252a88ffac9e9d22cee219143341e904f9e69d61604e9d4dd773f8d9a4fe6,2,3,17,7,2,0,0,"static single-case binary; CUDA event includes setup/readback, clock64 covers timed window"
calibration,v2_calibration_fp16_n256_q2_batch_ring_in0_same_discard_h0_b1_none_ops0,1,,NVIDIA Thor,11.0,580.00,13.0,1575.000,,,,mem_clock_mhz:unavailable;temperature_c:unavailable;power_w:unavailable;sm_clock_mhz:sysfs_or_default,fp16,256,2,500,2,373,batch,ring,same,discard,0,0,1,1,none,0,307694.0,,,,,307.694,0.291744,,,,,5.367368879471163,3.5941647471756064,899,0.000000000,1,0c3252a88ffac9e9d22cee219143341e904f9e69d61604e9d4dd773f8d9a4fe6,2,3,17,7,2,0,0,"static single-case binary; CUDA event includes setup/readback, clock64 covers timed window"
control,v2_control_bf16_n128_q1_forced_wait_same_in0_same_discard_h10000000_b1_none_ops0,1,,NVIDIA Thor,11.0,580.00,13.0,1575.000,,,,mem_clock_mhz:unavailable;temperature_c:unavailable;power_w:unavailable;sm_clock_mhz:sysfs_or_default,bf16,128,1,1000,0,374,forced_wait,same,same,discard,0,10000000,1,1,none,0,431176.0,,,,,431.176,0.371776,,,,,1.9151195799395142,1.4102255121363403,1000,0.000000000,1,3f4f352e618fa48e02b3bb7b3bf05b03c8c1b59a20335b3717d69b875dc70bc8,1,3,19,10,2,0,0,"static single-case binary; CUDA event includes setup/readback, clock64 covers timed window"
control,v2_control_bf16_n128_q1_forced_wait_same_in0_same_discard_h10000000_b1_none_ops0,1,,NVIDIA Thor,11.0,580.00,13.0,1575.000,,,,mem_clock_mhz:unavailable;temperature_c:unavailable;power_w:unavailable;sm_clock_mhz:sysfs_or_default,bf16,128,1,1000,1,374,forced_wait,same,same,discard,0,10000000,1,1,none,0,431176.0,,,,,431.176,0.370336,,,,,1.9151195799395142,1.4157089777931393,1000,0.000000000,1,3f4f352e618fa48e02b3bb7b3bf05b03c8c1b59a20335b3717d69b875dc70bc8,1,3,19,10,2,0,0,"static single-case binary; CUDA event includes setup/readback, clock64 covers timed window"
control,v2_control_bf16_n128_q1_forced_wait_same_in0_same_discard_h10000000_b1_none_ops0,1,,NVIDIA Thor,11.0,580.00,13.0,1575.000,,,,mem_clock_mhz:unavailable;temperature_c:unavailable;power_w:unavailable;sm_clock_mhz:sysfs_or_default,bf16,128,1,1000,2,374,forced_wait,same,same,discard,0,10000000,1,1,none,0,431176.0,,,,,431.176,0.371712,,,,,1.9151195799395142,1.4104683195592285,1000,0.000000000,1,3f4f352e618fa48e02b3bb7b3bf05b03c8c1b59a20335b3717d69b875dc70bc8,1,3,19,10,2,0,0,"static single-case binary; CUDA event includes setup/readback, clock64 covers timed window"
calibration,v2_calibration_fp16_n128_q8_batch_same_in1_same_discard_h10000000_b0_none_ops0,1,,NVIDIA Thor,11.0,580.00,13.0,1575.000,,,,mem_clock_mhz:unavailable;temperature_c:unavailable;power_w:unavailable;sm_clock_mhz:sysfs_or_default,fp16,128,8,500,0,375,batch,same,same,discard,1,10000000,0,20,none,0,447446.0,,,,,111.8615,0.414944,,,,,147.63857091135023,101.08120613865967,10000,0.000000000,1,1c300bd4a1d419dbc995c6216376e5817de36e6e250bfb300262655581444e3b,8,3,19,10,2,0,0,"static single-case binary; CUDA event includes setup/readback, clock64 covers timed window"
calibration,v2_calibration_fp16_n128_q8_batch_same_in1_same_discard_h10000000_b0_none_ops0,1,,NVIDIA Thor,11.0,580.00,13.0,1575.000,,,,mem_clock_mhz:unavailable;temperature_c:unavailable;power_w:unavailable;sm_clock_mhz:sysfs_or_default,fp16,128,8,500,1,375,batch,same,same,discard,1,10000000,0,20,none,0,447445.0,,,,,111.86125,0.416128,,,,,147.63890087049802,100.79360196862504,10000,0.000000000,1,1c300bd4a1d419dbc995c6216376e5817de36e6e250bfb300262655581444e3b,8,3,19,10,2,0,0,"static single-case binary; CUDA event includes setup/readback, clock64 covers timed window"
calibration,v2_calibration_fp16_n128_q8_batch_same_in1_same_discard_h10000000_b0_none_ops0,1,,NVIDIA Thor,11.0,580.00,13.0,1575.000,,,,mem_clock_mhz:unavailable;temperature_c:unavailable;power_w:unavailable;sm_clock_mhz:sysfs_or_default,fp16,128,8,500,2,375,batch,same,same,discard,1,10000000,0,20,none,0,447454.0,,,,,111.8635,0.413728,,,,,147.63593129126124,101.37829685203806,10000,0.000000000,1,1c300bd4a1d419dbc995c6216376e5817de36e6e250bfb300262655581444e3b,8,3,19,10,2,0,0,"static single-case binary; CUDA event includes setup/readback, clock64 covers timed window"
calibration,v2_calibration_fp16_n128_q16_batch_same_in0_same_discard_h0_b1_none_ops0,1,,NVIDIA Thor,11.0,580.00,13.0,1575.000,,,,mem_clock_mhz:unavailable;temperature_c:unavailable;power_w:unavailable;sm_clock_mhz:sysfs_or_default,fp16,128,16,500,0,376,batch,same,same,discard,0,0,1,1,none,0,694145.0,,,,,86.768125,0.537792,,,,,9.51678510973932,7.799119362132571,978,0.000000000,1,8f54da76f9ceac96e056ce98dcf3ad6fd181996364fe462ee1994b4be32baa62,16,3,19,10,2,0,0,"static single-case binary; CUDA event includes setup/readback, clock64 covers timed window"
calibration,v2_calibration_fp16_n128_q16_batch_same_in0_same_discard_h0_b1_none_ops0,1,,NVIDIA Thor,11.0,580.00,13.0,1575.000,,,,mem_clock_mhz:unavailable;temperature_c:unavailable;power_w:unavailable;sm_clock_mhz:sysfs_or_default,fp16,128,16,500,1,376,batch,same,same,discard,0,0,1,1,none,0,693521.0,,,,,86.690125,0.537408,,,,,9.525347898621671,7.804692151959033,987,0.000000000,1,8f54da76f9ceac96e056ce98dcf3ad6fd181996364fe462ee1994b4be32baa62,16,3,19,10,2,0,0,"static single-case binary; CUDA event includes setup/readback, clock64 covers timed window"
calibration,v2_calibration_fp16_n128_q16_batch_same_in0_same_discard_h0_b1_none_ops0,1,,NVIDIA Thor,11.0,580.00,13.0,1575.000,,,,mem_clock_mhz:unavailable;temperature_c:unavailable;power_w:unavailable;sm_clock_mhz:sysfs_or_default,fp16,128,16,500,2,376,batch,same,same,discard,0,0,1,1,none,0,694445.0,,,,,86.805625,0.538368,,,,,9.512673861860911,7.790775083214455,984,0.000000000,1,8f54da76f9ceac96e056ce98dcf3ad6fd181996364fe462ee1994b4be32baa62,16,3,19,10,2,0,0,"static single-case binary; CUDA event includes setup/readback, clock64 covers timed window"
calibration,v2_calibration_bf16_n128_q4_batch_ring_in0_same_discard_h0_b1_none_ops0,1,,NVIDIA Thor,11.0,580.00,13.0,1575.000,,,,mem_clock_mhz:unavailable;temperature_c:unavailable;power_w:unavailable;sm_clock_mhz:sysfs_or_default,bf16,128,4,500,0,377,batch,ring,same,discard,0,0,1,1,none,0,291139.0,,,,,145.5695,0.282368,,,,,5.672572894734131,3.71350861287398,500,0.000000000,1,4976f18faa7067787da22051067835a03beb793b0d5079137b2c7d9ba237066d,4,3,17,7,2,0,0,"static single-case binary; CUDA event includes setup/readback, clock64 covers timed window"
calibration,v2_calibration_bf16_n128_q4_batch_ring_in0_same_discard_h0_b1_none_ops0,1,,NVIDIA Thor,11.0,580.00,13.0,1575.000,,,,mem_clock_mhz:unavailable;temperature_c:unavailable;power_w:unavailable;sm_clock_mhz:sysfs_or_default,bf16,128,4,500,1,377,batch,ring,same,discard,0,0,1,1,none,0,291140.0,,,,,145.57,0.277632,,,,,5.672553410730233,3.776855693868142,500,0.000000000,1,4976f18faa7067787da22051067835a03beb793b0d5079137b2c7d9ba237066d,4,3,17,7,2,0,0,"static single-case binary; CUDA event includes setup/readback, clock64 covers timed window"
calibration,v2_calibration_bf16_n128_q4_batch_ring_in0_same_discard_h0_b1_none_ops0,1,,NVIDIA Thor,11.0,580.00,13.0,1575.000,,,,mem_clock_mhz:unavailable;temperature_c:unavailable;power_w:unavailable;sm_clock_mhz:sysfs_or_default,bf16,128,4,500,2,377,batch,ring,same,discard,0,0,1,1,none,0,291140.0,,,,,145.57,0.282304,,,,,5.672553410730233,3.7143504874178195,500,0.000000000,1,4976f18faa7067787da22051067835a03beb793b0d5079137b2c7d9ba237066d,4,3,17,7,2,0,0,"static single-case binary; CUDA event includes setup/readback, clock64 covers timed window"
calibration,v2_calibration_fp16_n256_q16_batch_same_in0_same_discard_h10000000_b1_none_ops0,1,,NVIDIA Thor,11.0,580.00,13.0,1575.000,,,,mem_clock_mhz:unavailable;temperature_c:unavailable;power_w:unavailable;sm_clock_mhz:sysfs_or_default,fp16,256,16,500,0,378,batch,same,same,discard,0,10000000,1,1,none,0,1215146.0,,,,,151.89325,0.869568,,,,,10.872814953923232,9.646868330021343,500,0.000000000,1,6ed156ccc61fe7eac198c08c57351def1b1939ad7cb71c4f6b91f7bff95be55f,16,3,19,10,2,0,0,"static single-case binary; CUDA event includes setup/readback, clock64 covers timed window"
calibration,v2_calibration_fp16_n256_q16_batch_same_in0_same_discard_h10000000_b1_none_ops0,1,,NVIDIA Thor,11.0,580.00,13.0,1575.000,,,,mem_clock_mhz:unavailable;temperature_c:unavailable;power_w:unavailable;sm_clock_mhz:sysfs_or_default,fp16,256,16,500,1,378,batch,same,same,discard,0,10000000,1,1,none,0,1215146.0,,,,,151.89325,0.86768,,,,,10.872814953923232,9.667859118569057,500,0.000000000,1,6ed156ccc61fe7eac198c08c57351def1b1939ad7cb71c4f6b91f7bff95be55f,16,3,19,10,2,0,0,"static single-case binary; CUDA event includes setup/readback, clock64 covers timed window"
calibration,v2_calibration_fp16_n256_q16_batch_same_in0_same_discard_h10000000_b1_none_ops0,1,,NVIDIA Thor,11.0,580.00,13.0,1575.000,,,,mem_clock_mhz:unavailable;temperature_c:unavailable;power_w:unavailable;sm_clock_mhz:sysfs_or_default,fp16,256,16,500,2,378,batch,same,same,discard,0,10000000,1,1,none,0,1215146.0,,,,,151.89325,0.867616,,,,,10.872814953923232,9.668572271604027,500,0.000000000,1,6ed156ccc61fe7eac198c08c57351def1b1939ad7cb71c4f6b91f7bff95be55f,16,3,19,10,2,0,0,"static single-case binary; CUDA event includes setup/readback, clock64 covers timed window"
calibration,v2_calibration_bf16_n256_q2_batch_ring_in0_same_discard_h10000000_b0_none_ops0,1,,NVIDIA Thor,11.0,580.00,13.0,1575.000,,,,mem_clock_mhz:unavailable;temperature_c:unavailable;power_w:unavailable;sm_clock_mhz:sysfs_or_default,bf16,256,2,500,0,379,batch,ring,same,discard,0,10000000,0,20,none,0,319426.0,,,,,319.426,0.336032,,,,,103.40468214860407,62.40929435291877,10003,0.000000000,1,22bc13dab2bd0659490f09764707d5d5eaac5ccdbf94ebed63decaefff938b1b,2,3,17,7,2,0,0,"static single-case binary; CUDA event includes setup/readback, clock64 covers timed window"
calibration,v2_calibration_bf16_n256_q2_batch_ring_in0_same_discard_h10000000_b0_none_ops0,1,,NVIDIA Thor,11.0,580.00,13.0,1575.000,,,,mem_clock_mhz:unavailable;temperature_c:unavailable;power_w:unavailable;sm_clock_mhz:sysfs_or_default,bf16,256,2,500,1,379,batch,ring,same,discard,0,10000000,0,20,none,0,319436.0,,,,,319.436,0.335008,,,,,103.40144504689516,62.600057312064195,10000,0.000000000,1,22bc13dab2bd0659490f09764707d5d5eaac5ccdbf94ebed63decaefff938b1b,2,3,17,7,2,0,0,"static single-case binary; CUDA event includes setup/readback, clock64 covers timed window"
calibration,v2_calibration_bf16_n256_q2_batch_ring_in0_same_discard_h10000000_b0_none_ops0,1,,NVIDIA Thor,11.0,580.00,13.0,1575.000,,,,mem_clock_mhz:unavailable;temperature_c:unavailable;power_w:unavailable;sm_clock_mhz:sysfs_or_default,bf16,256,2,500,2,379,batch,ring,same,discard,0,10000000,0,20,none,0,319441.0,,,,,319.441,0.331776,,,,,103.39982657204303,63.20987654320987,10000,0.000000000,1,22bc13dab2bd0659490f09764707d5d5eaac5ccdbf94ebed63decaefff938b1b,2,3,17,7,2,0,0,"static single-case binary; CUDA event includes setup/readback, clock64 covers timed window"
calibration,v2_calibration_bf16_n256_q8_batch_same_in1_same_discard_h32_b1_none_ops0,1,,NVIDIA Thor,11.0,580.00,13.0,1575.000,,,,mem_clock_mhz:unavailable;temperature_c:unavailable;power_w:unavailable;sm_clock_mhz:sysfs_or_default,bf16,256,8,500,0,380,batch,same,same,discard,1,32,1,1,none,0,709133.0,,,,,177.28325,0.547968,,,,,9.315641494613846,7.654286381686521,1500,0.000000000,1,920da72c1da64314a96f76308caa7e8fd66a5a2a6af6b751ab2b7015b65a96cb,8,3,19,10,2,0,0,"static single-case binary; CUDA event includes setup/readback, clock64 covers timed window"
calibration,v2_calibration_bf16_n256_q8_batch_same_in1_same_discard_h32_b1_none_ops0,1,,NVIDIA Thor,11.0,580.00,13.0,1575.000,,,,mem_clock_mhz:unavailable;temperature_c:unavailable;power_w:unavailable;sm_clock_mhz:sysfs_or_default,bf16,256,8,500,1,380,batch,same,same,discard,1,32,1,1,none,0,708822.0,,,,,177.2055,0.548,,,,,9.319728789456308,7.653839416058393,1498,0.000000000,1,920da72c1da64314a96f76308caa7e8fd66a5a2a6af6b751ab2b7015b65a96cb,8,3,19,10,2,0,0,"static single-case binary; CUDA event includes setup/readback, clock64 covers timed window"
calibration,v2_calibration_bf16_n256_q8_batch_same_in1_same_discard_h32_b1_none_ops0,1,,NVIDIA Thor,11.0,580.00,13.0,1575.000,,,,mem_clock_mhz:unavailable;temperature_c:unavailable;power_w:unavailable;sm_clock_mhz:sysfs_or_default,bf16,256,8,500,2,380,batch,same,same,discard,1,32,1,1,none,0,708951.0,,,,,177.23775,0.54656,,,,,9.318032981122814,7.674004683840748,1500,0.000000000,1,920da72c1da64314a96f76308caa7e8fd66a5a2a6af6b751ab2b7015b65a96cb,8,3,19,10,2,0,0,"static single-case binary; CUDA event includes setup/readback, clock64 covers timed window"
calibration,v2_calibration_bf16_n128_q2_batch_ring_in0_same_discard_h0_b1_none_ops0,1,,NVIDIA Thor,11.0,580.00,13.0,1575.000,,,,mem_clock_mhz:unavailable;temperature_c:unavailable;power_w:unavailable;sm_clock_mhz:sysfs_or_default,bf16,128,2,500,0,381,batch,ring,same,discard,0,0,1,1,none,0,247145.0,,,,,247.145,0.254624,,,,,3.3411705678852495,2.0590674877466384,500,0.000000000,1,4ffadd6fd095528ede5d6f268c2f4ab0fdb42da6d5edd61eef6f1ab892843a74,2,3,17,7,2,0,0,"static single-case binary; CUDA event includes setup/readback, clock64 covers timed window"
calibration,v2_calibration_bf16_n128_q2_batch_ring_in0_same_discard_h0_b1_none_ops0,1,,NVIDIA Thor,11.0,580.00,13.0,1575.000,,,,mem_clock_mhz:unavailable;temperature_c:unavailable;power_w:unavailable;sm_clock_mhz:sysfs_or_default,bf16,128,2,500,1,381,batch,ring,same,discard,0,0,1,1,none,0,247145.0,,,,,247.145,0.255456,,,,,3.3411705678852495,2.052361267693849,500,0.000000000,1,4ffadd6fd095528ede5d6f268c2f4ab0fdb42da6d5edd61eef6f1ab892843a74,2,3,17,7,2,0,0,"static single-case binary; CUDA event includes setup/readback, clock64 covers timed window"
calibration,v2_calibration_bf16_n128_q2_batch_ring_in0_same_discard_h0_b1_none_ops0,1,,NVIDIA Thor,11.0,580.00,13.0,1575.000,,,,mem_clock_mhz:unavailable;temperature_c:unavailable;power_w:unavailable;sm_clock_mhz:sysfs_or_default,bf16,128,2,500,2,381,batch,ring,same,discard,0,0,1,1,none,0,247145.0,,,,,247.145,0.254592,,,,,3.3411705678852495,2.0593262946204125,500,0.000000000,1,4ffadd6fd095528ede5d6f268c2f4ab0fdb42da6d5edd61eef6f1ab892843a74,2,3,17,7,2,0,0,"static single-case binary; CUDA event includes setup/readback, clock64 covers timed window"
calibration,v2_calibration_fp16_n256_q1_batch_same_in1_same_discard_h10000000_b0_none_ops0,1,,NVIDIA Thor,11.0,580.00,13.0,1575.000,,,,mem_clock_mhz:unavailable;temperature_c:unavailable;power_w:unavailable;sm_clock_mhz:sysfs_or_default,fp16,256,1,500,0,382,batch,same,same,discard,1,10000000,0,20,none,0,255598.0,,,,,511.196,0.292352,,,,,64.61346332913404,35.86690017513134,10000,0.000000000,1,fcfdf91c5a49ffe3a3b6e08e15dcc41f843886752d680063dd807f6dec0862ea,1,3,19,10,2,0,0,"static single-case binary; CUDA event includes setup/readback, clock64 covers timed window"
calibration,v2_calibration_fp16_n256_q1_batch_same_in1_same_discard_h10000000_b0_none_ops0,1,,NVIDIA Thor,11.0,580.00,13.0,1575.000,,,,mem_clock_mhz:unavailable;temperature_c:unavailable;power_w:unavailable;sm_clock_mhz:sysfs_or_default,fp16,256,1,500,1,382,batch,same,same,discard,1,10000000,0,20,none,0,255597.0,,,,,511.194,0.294016,,,,,64.61371612342867,35.66390944710491,10000,0.000000000,1,fcfdf91c5a49ffe3a3b6e08e15dcc41f843886752d680063dd807f6dec0862ea,1,3,19,10,2,0,0,"static single-case binary; CUDA event includes setup/readback, clock64 covers timed window"
calibration,v2_calibration_fp16_n256_q1_batch_same_in1_same_discard_h10000000_b0_none_ops0,1,,NVIDIA Thor,11.0,580.00,13.0,1575.000,,,,mem_clock_mhz:unavailable;temperature_c:unavailable;power_w:unavailable;sm_clock_mhz:sysfs_or_default,fp16,256,1,500,2,382,batch,same,same,discard,1,10000000,0,20,none,0,255602.0,,,,,511.204,0.294944,,,,,64.61245217173574,35.55169794944125,10000,0.000000000,1,fcfdf91c5a49ffe3a3b6e08e15dcc41f843886752d680063dd807f6dec0862ea,1,3,19,10,2,0,0,"static single-case binary; CUDA event includes setup/readback, clock64 covers timed window"
calibration,v2_calibration_fp16_n256_q2_batch_same_in1_same_discard_h0_b1_none_ops0,1,,NVIDIA Thor,11.0,580.00,13.0,1575.000,,,,mem_clock_mhz:unavailable;temperature_c:unavailable;power_w:unavailable;sm_clock_mhz:sysfs_or_default,fp16,256,2,500,0,383,batch,same,same,discard,1,0,1,1,none,0,306202.0,,,,,306.202,0.291936,,,,,5.393521923436163,3.5918009426723674,867,0.000000000,1,1960bf99e77d0697a898a4eb8dd09def2a9ec57f8e77cc0588108cc57825c0e0,2,3,19,10,2,0,0,"static single-case binary; CUDA event includes setup/readback, clock64 covers timed window"
calibration,v2_calibration_fp16_n256_q2_batch_same_in1_same_discard_h0_b1_none_ops0,1,,NVIDIA Thor,11.0,580.00,13.0,1575.000,,,,mem_clock_mhz:unavailable;temperature_c:unavailable;power_w:unavailable;sm_clock_mhz:sysfs_or_default,fp16,256,2,500,1,383,batch,same,same,discard,1,0,1,1,none,0,307015.0,,,,,307.015,0.29152,,,,,5.3792394508411645,3.5969264544456636,889,0.000000000,1,1960bf99e77d0697a898a4eb8dd09def2a9ec57f8e77cc0588108cc57825c0e0,2,3,19,10,2,0,0,"static single-case binary; CUDA event includes setup/readback, clock64 covers timed window"
calibration,v2_calibration_fp16_n256_q2_batch_same_in1_same_discard_h0_b1_none_ops0,1,,NVIDIA Thor,11.0,580.00,13.0,1575.000,,,,mem_clock_mhz:unavailable;temperature_c:unavailable;power_w:unavailable;sm_clock_mhz:sysfs_or_default,fp16,256,2,500,2,383,batch,same,same,discard,1,0,1,1,none,0,307261.0,,,,,307.261,0.292448,,,,,5.374932711928946,3.5855126381442175,890,0.000000000,1,1960bf99e77d0697a898a4eb8dd09def2a9ec57f8e77cc0588108cc57825c0e0,2,3,19,10,2,0,0,"static single-case binary; CUDA event includes setup/readback, clock64 covers timed window"
control,v2_control_bf16_n256_q1_forced_wait_same_in0_same_discard_h32_b0_none_ops0,1,,NVIDIA Thor,11.0,580.00,13.0,1575.000,,,,mem_clock_mhz:unavailable;temperature_c:unavailable;power_w:unavailable;sm_clock_mhz:sysfs_or_default,bf16,256,1,1000,0,384,forced_wait,same,same,discard,0,32,0,20,none,0,497988.0,,,,,497.988,0.446784,,,,,66.32718860695438,46.93883397794012,20000,0.000000000,1,969b4479ff34558a6b9f55cc5a76f7b7e61b4203e549f7e253399ff786cc758f,1,3,19,10,2,0,0,"static single-case binary; CUDA event includes setup/readback, clock64 covers timed window"
control,v2_control_bf16_n256_q1_forced_wait_same_in0_same_discard_h32_b0_none_ops0,1,,NVIDIA Thor,11.0,580.00,13.0,1575.000,,,,mem_clock_mhz:unavailable;temperature_c:unavailable;power_w:unavailable;sm_clock_mhz:sysfs_or_default,bf16,256,1,1000,1,384,forced_wait,same,same,discard,0,32,0,20,none,0,497926.0,,,,,497.926,0.44832,,,,,66.33544743596438,46.77801570306924,20000,0.000000000,1,969b4479ff34558a6b9f55cc5a76f7b7e61b4203e549f7e253399ff786cc758f,1,3,19,10,2,0,0,"static single-case binary; CUDA event includes setup/readback, clock64 covers timed window"
control,v2_control_bf16_n256_q1_forced_wait_same_in0_same_discard_h32_b0_none_ops0,1,,NVIDIA Thor,11.0,580.00,13.0,1575.000,,,,mem_clock_mhz:unavailable;temperature_c:unavailable;power_w:unavailable;sm_clock_mhz:sysfs_or_default,bf16,256,1,1000,2,384,forced_wait,same,same,discard,0,32,0,20,none,0,498388.0,,,,,498.388,0.46784,,,,,66.27395523166689,44.82626538987688,20000,0.000000000,1,969b4479ff34558a6b9f55cc5a76f7b7e61b4203e549f7e253399ff786cc758f,1,3,19,10,2,0,0,"static single-case binary; CUDA event includes setup/readback, clock64 covers timed window"
calibration,v2_calibration_bf16_n256_q4_batch_ring_in0_same_discard_h0_b0_none_ops0,1,,NVIDIA Thor,11.0,580.00,13.0,1575.000,,,,mem_clock_mhz:unavailable;temperature_c:unavailable;power_w:unavailable;sm_clock_mhz:sysfs_or_default,bf16,256,4,500,0,385,batch,ring,same,discard,0,0,0,20,none,0,425266.0,,,,,212.633,0.406016,,,,,155.33874798361498,103.30390920554855,19984,0.000000000,1,db81edbc5e6dfe0b908f30708181719579369ffdb6df70a9ff982e2b625a0f20,4,3,17,7,2,0,0,"static single-case binary; CUDA event includes setup/readback, clock64 covers timed window"
calibration,v2_calibration_bf16_n256_q4_batch_ring_in0_same_discard_h0_b0_none_ops0,1,,NVIDIA Thor,11.0,580.00,13.0,1575.000,,,,mem_clock_mhz:unavailable;temperature_c:unavailable;power_w:unavailable;sm_clock_mhz:sysfs_or_default,bf16,256,4,500,1,385,batch,ring,same,discard,0,0,0,20,none,0,425357.0,,,,,212.6785,0.415872,,,,,155.305515131995,100.85564789165898,19987,0.000000000,1,db81edbc5e6dfe0b908f30708181719579369ffdb6df70a9ff982e2b625a0f20,4,3,17,7,2,0,0,"static single-case binary; CUDA event includes setup/readback, clock64 covers timed window"
calibration,v2_calibration_bf16_n256_q4_batch_ring_in0_same_discard_h0_b0_none_ops0,1,,NVIDIA Thor,11.0,580.00,13.0,1575.000,,,,mem_clock_mhz:unavailable;temperature_c:unavailable;power_w:unavailable;sm_clock_mhz:sysfs_or_default,bf16,256,4,500,2,385,batch,ring,same,discard,0,0,0,20,none,0,425320.0,,,,,212.66,0.400768,,,,,155.31902567478602,104.65665921430852,19984,0.000000000,1,db81edbc5e6dfe0b908f30708181719579369ffdb6df70a9ff982e2b625a0f20,4,3,17,7,2,0,0,"static single-case binary; CUDA event includes setup/readback, clock64 covers timed window"
calibration,v2_calibration_fp16_n256_q8_batch_same_in1_same_discard_h32_b0_none_ops0,1,,NVIDIA Thor,11.0,580.00,13.0,1575.000,,,,mem_clock_mhz:unavailable;temperature_c:unavailable;power_w:unavailable;sm_clock_mhz:sysfs_or_default,fp16,256,8,500,0,386,batch,same,same,discard,1,32,0,20,none,0,709802.0,,,,,177.4505,0.583616,,,,,186.13722700133277,143.73505866871366,29964,0.000000000,1,9051e70ea8cd3a8c79fd97023df9ec1ece94a7e12ec945e593867c4f7dbe1859,8,3,19,10,2,0,0,"static single-case binary; CUDA event includes setup/readback, clock64 covers timed window"
calibration,v2_calibration_fp16_n256_q8_batch_same_in1_same_discard_h32_b0_none_ops0,1,,NVIDIA Thor,11.0,580.00,13.0,1575.000,,,,mem_clock_mhz:unavailable;temperature_c:unavailable;power_w:unavailable;sm_clock_mhz:sysfs_or_default,fp16,256,8,500,1,386,batch,same,same,discard,1,32,0,20,none,0,709856.0,,,,,177.464,0.58128,,,,,186.12306721363205,144.31268923754473,29976,0.000000000,1,9051e70ea8cd3a8c79fd97023df9ec1ece94a7e12ec945e593867c4f7dbe1859,8,3,19,10,2,0,0,"static single-case binary; CUDA event includes setup/readback, clock64 covers timed window"
calibration,v2_calibration_fp16_n256_q8_batch_same_in1_same_discard_h32_b0_none_ops0,1,,NVIDIA Thor,11.0,580.00,13.0,1575.000,,,,mem_clock_mhz:unavailable;temperature_c:unavailable;power_w:unavailable;sm_clock_mhz:sysfs_or_default,fp16,256,8,500,2,386,batch,same,same,discard,1,32,0,20,none,0,710141.0,,,,,177.53525,0.58432,,,,,186.04837067568272,143.56188389923332,29995,0.000000000,1,9051e70ea8cd3a8c79fd97023df9ec1ece94a7e12ec945e593867c4f7dbe1859,8,3,19,10,2,0,0,"static single-case binary; CUDA event includes setup/readback, clock64 covers timed window"
calibration,v2_calibration_fp16_n256_q8_batch_same_in0_same_discard_h10000000_b1_none_ops0,1,,NVIDIA Thor,11.0,580.00,13.0,1575.000,,,,mem_clock_mhz:unavailable;temperature_c:unavailable;power_w:unavailable;sm_clock_mhz:sysfs_or_default,fp16,256,8,500,0,387,batch,same,same,discard,0,10000000,1,1,none,0,703145.0,,,,,175.78625,0.543808,,,,,9.394973725191816,7.712839825820878,500,0.000000000,1,4965208c3a35ae39365b263da1cdb24e7fff60bbf78d1250d43f270d0b9cfef1,8,3,19,10,2,0,0,"static single-case binary; CUDA event includes setup/readback, clock64 covers timed window"
calibration,v2_calibration_fp16_n256_q8_batch_same_in0_same_discard_h10000000_b1_none_ops0,1,,NVIDIA Thor,11.0,580.00,13.0,1575.000,,,,mem_clock_mhz:unavailable;temperature_c:unavailable;power_w:unavailable;sm_clock_mhz:sysfs_or_default,fp16,256,8,500,1,387,batch,same,same,discard,0,10000000,1,1,none,0,703146.0,,,,,175.7865,0.545312,,,,,9.394960363850467,7.69156739627956,500,0.000000000,1,4965208c3a35ae39365b263da1cdb24e7fff60bbf78d1250d43f270d0b9cfef1,8,3,19,10,2,0,0,"static single-case binary; CUDA event includes setup/readback, clock64 covers timed window"
calibration,v2_calibration_fp16_n256_q8_batch_same_in0_same_discard_h10000000_b1_none_ops0,1,,NVIDIA Thor,11.0,580.00,13.0,1575.000,,,,mem_clock_mhz:unavailable;temperature_c:unavailable;power_w:unavailable;sm_clock_mhz:sysfs_or_default,fp16,256,8,500,2,387,batch,same,same,discard,0,10000000,1,1,none,0,703145.0,,,,,175.78625,0.54384,,,,,9.394973725191816,7.712385995881141,500,0.000000000,1,4965208c3a35ae39365b263da1cdb24e7fff60bbf78d1250d43f270d0b9cfef1,8,3,19,10,2,0,0,"static single-case binary; CUDA event includes setup/readback, clock64 covers timed window"
calibration,v2_calibration_fp16_n128_q8_batch_same_in1_same_discard_h32_b1_none_ops0,1,,NVIDIA Thor,11.0,580.00,13.0,1575.000,,,,mem_clock_mhz:unavailable;temperature_c:unavailable;power_w:unavailable;sm_clock_mhz:sysfs_or_default,fp16,128,8,500,0,388,batch,same,same,discard,1,32,1,1,none,0,432672.0,,,,,108.168,0.37296,,,,,7.633991568670956,5.622994422994423,808,0.000000000,1,39cede8bdac9ee78fb0ec5c232fc35789f71d761b2f59a794d8c4853b3480fd2,8,3,19,10,2,0,0,"static single-case binary; CUDA event includes setup/readback, clock64 covers timed window"
calibration,v2_calibration_fp16_n128_q8_batch_same_in1_same_discard_h32_b1_none_ops0,1,,NVIDIA Thor,11.0,580.00,13.0,1575.000,,,,mem_clock_mhz:unavailable;temperature_c:unavailable;power_w:unavailable;sm_clock_mhz:sysfs_or_default,fp16,128,8,500,1,388,batch,same,same,discard,1,32,1,1,none,0,432667.0,,,,,108.16675,0.3728,,,,,7.634079788844538,5.625407725321889,812,0.000000000,1,39cede8bdac9ee78fb0ec5c232fc35789f71d761b2f59a794d8c4853b3480fd2,8,3,19,10,2,0,0,"static single-case binary; CUDA event includes setup/readback, clock64 covers timed window"
calibration,v2_calibration_fp16_n128_q8_batch_same_in1_same_discard_h32_b1_none_ops0,1,,NVIDIA Thor,11.0,580.00,13.0,1575.000,,,,mem_clock_mhz:unavailable;temperature_c:unavailable;power_w:unavailable;sm_clock_mhz:sysfs_or_default,fp16,128,8,500,2,388,batch,same,same,discard,1,32,1,1,none,0,432583.0,,,,,108.14575,0.375136,,,,,7.635562192689032,5.590377889618698,807,0.000000000,1,39cede8bdac9ee78fb0ec5c232fc35789f71d761b2f59a794d8c4853b3480fd2,8,3,19,10,2,0,0,"static single-case binary; CUDA event includes setup/readback, clock64 covers timed window"
calibration,v2_calibration_fp16_n256_q2_batch_same_in1_same_discard_h32_b1_none_ops0,1,,NVIDIA Thor,11.0,580.00,13.0,1575.000,,,,mem_clock_mhz:unavailable;temperature_c:unavailable;power_w:unavailable;sm_clock_mhz:sysfs_or_default,fp16,256,2,500,0,389,batch,same,same,discard,1,32,1,1,none,0,294353.0,,,,,294.353,0.283904,,,,,5.610634849993035,3.693417493237151,658,0.000000000,1,b56ba42badea3b788082c8a30093157c97ff7f55aeb8bb64685f13b0300a0bf1,2,3,19,10,2,0,0,"static single-case binary; CUDA event includes setup/readback, clock64 covers timed window"
calibration,v2_calibration_fp16_n256_q2_batch_same_in1_same_discard_h32_b1_none_ops0,1,,NVIDIA Thor,11.0,580.00,13.0,1575.000,,,,mem_clock_mhz:unavailable;temperature_c:unavailable;power_w:unavailable;sm_clock_mhz:sysfs_or_default,fp16,256,2,500,1,389,batch,same,same,discard,1,32,1,1,none,0,294007.0,,,,,294.007,0.284288,,,,,5.617237684817028,3.6884286357496623,650,0.000000000,1,b56ba42badea3b788082c8a30093157c97ff7f55aeb8bb64685f13b0300a0bf1,2,3,19,10,2,0,0,"static single-case binary; CUDA event includes setup/readback, clock64 covers timed window"
calibration,v2_calibration_fp16_n256_q2_batch_same_in1_same_discard_h32_b1_none_ops0,1,,NVIDIA Thor,11.0,580.00,13.0,1575.000,,,,mem_clock_mhz:unavailable;temperature_c:unavailable;power_w:unavailable;sm_clock_mhz:sysfs_or_default,fp16,256,2,500,2,389,batch,same,same,discard,1,32,1,1,none,0,295139.0,,,,,295.139,0.28448,,,,,5.595692876915623,3.685939257592801,662,0.000000000,1,b56ba42badea3b788082c8a30093157c97ff7f55aeb8bb64685f13b0300a0bf1,2,3,19,10,2,0,0,"static single-case binary; CUDA event includes setup/readback, clock64 covers timed window"
calibration,v2_calibration_bf16_n256_q1_batch_ring_in0_same_discard_h32_b0_none_ops0,1,,NVIDIA Thor,11.0,580.00,13.0,1575.000,,,,mem_clock_mhz:unavailable;temperature_c:unavailable;power_w:unavailable;sm_clock_mhz:sysfs_or_default,bf16,256,1,500,0,390,batch,ring,same,discard,0,32,0,20,none,0,249020.0,,,,,498.04,0.29136,,,,,66.320263432656,35.9890170236134,10000,0.000000000,1,0a166c14f5d41846e49453b329a661682c2312131920d9b0198c9ba6620e0860,1,3,17,7,2,0,0,"static single-case binary; CUDA event includes setup/readback, clock64 covers timed window"
calibration,v2_calibration_bf16_n256_q1_batch_ring_in0_same_discard_h32_b0_none_ops0,1,,NVIDIA Thor,11.0,580.00,13.0,1575.000,,,,mem_clock_mhz:unavailable;temperature_c:unavailable;power_w:unavailable;sm_clock_mhz:sysfs_or_default,bf16,256,1,500,1,390,batch,ring,same,discard,0,32,0,20,none,0,249190.0,,,,,498.38,0.288192,,,,,66.2750190617601,36.38463246724406,10000,0.000000000,1,0a166c14f5d41846e49453b329a661682c2312131920d9b0198c9ba6620e0860,1,3,17,7,2,0,0,"static single-case binary; CUDA event includes setup/readback, clock64 covers timed window"
calibration,v2_calibration_bf16_n256_q1_batch_ring_in0_same_discard_h32_b0_none_ops0,1,,NVIDIA Thor,11.0,580.00,13.0,1575.000,,,,mem_clock_mhz:unavailable;temperature_c:unavailable;power_w:unavailable;sm_clock_mhz:sysfs_or_default,bf16,256,1,500,2,390,batch,ring,same,discard,0,32,0,20,none,0,249273.0,,,,,498.546,0.28896,,,,,66.25295158320395,36.28792912513843,10000,0.000000000,1,0a166c14f5d41846e49453b329a661682c2312131920d9b0198c9ba6620e0860,1,3,17,7,2,0,0,"static single-case binary; CUDA event includes setup/readback, clock64 covers timed window"
calibration,v2_calibration_fp16_n128_q8_batch_ring_in0_same_discard_h32_b0_none_ops0,1,,NVIDIA Thor,11.0,580.00,13.0,1575.000,,,,mem_clock_mhz:unavailable;temperature_c:unavailable;power_w:unavailable;sm_clock_mhz:sysfs_or_default,fp16,128,8,500,0,391,batch,ring,same,discard,0,32,0,20,none,0,432004.0,,,,,108.001,0.404672,,,,,152.91591744520883,103.64700300490276,15728,0.000000000,1,5f7c98209ff27ac851115eab583b61483884052d3e7cba6f8b470ac2109e7050,8,3,17,7,2,0,0,"static single-case binary; CUDA event includes setup/readback, clock64 covers timed window"
calibration,v2_calibration_fp16_n128_q8_batch_ring_in0_same_discard_h32_b0_none_ops0,1,,NVIDIA Thor,11.0,580.00,13.0,1575.000,,,,mem_clock_mhz:unavailable;temperature_c:unavailable;power_w:unavailable;sm_clock_mhz:sysfs_or_default,fp16,128,8,500,1,391,batch,ring,same,discard,0,32,0,20,none,0,432559.0,,,,,108.13975,0.407584,,,,,152.7197168478751,102.90649289471617,16366,0.000000000,1,5f7c98209ff27ac851115eab583b61483884052d3e7cba6f8b470ac2109e7050,8,3,17,7,2,0,0,"static single-case binary; CUDA event includes setup/readback, clock64 covers timed window"
calibration,v2_calibration_fp16_n128_q8_batch_ring_in0_same_discard_h32_b0_none_ops0,1,,NVIDIA Thor,11.0,580.00,13.0,1575.000,,,,mem_clock_mhz:unavailable;temperature_c:unavailable;power_w:unavailable;sm_clock_mhz:sysfs_or_default,fp16,128,8,500,2,391,batch,ring,same,discard,0,32,0,20,none,0,432416.0,,,,,108.104,0.405376,,,,,152.7702212684082,103.4670034733186,16040,0.000000000,1,5f7c98209ff27ac851115eab583b61483884052d3e7cba6f8b470ac2109e7050,8,3,17,7,2,0,0,"static single-case binary; CUDA event includes setup/readback, clock64 covers timed window"
calibration,v2_calibration_bf16_n128_q16_batch_same_in0_same_discard_h0_b0_none_ops0,1,,NVIDIA Thor,11.0,580.00,13.0,1575.000,,,,mem_clock_mhz:unavailable;temperature_c:unavailable;power_w:unavailable;sm_clock_mhz:sysfs_or_default,bf16,128,16,500,0,392,batch,same,same,discard,0,0,0,20,none,0,694140.0,,,,,86.7675,0.567232,,,,,190.33707321289654,147.88672007221032,19625,0.000000000,1,ff7c1f0bb8313f33aee49d49f28d53b1e91ac6dabd57dbeda308422f1dbe859e,16,3,19,10,2,0,0,"static single-case binary; CUDA event includes setup/readback, clock64 covers timed window"
calibration,v2_calibration_bf16_n128_q16_batch_same_in0_same_discard_h0_b0_none_ops0,1,,NVIDIA Thor,11.0,580.00,13.0,1575.000,,,,mem_clock_mhz:unavailable;temperature_c:unavailable;power_w:unavailable;sm_clock_mhz:sysfs_or_default,bf16,128,16,500,1,392,batch,same,same,discard,0,0,0,20,none,0,693976.0,,,,,86.747,0.571904,,,,,190.3820535580481,146.67860340196958,19591,0.000000000,1,ff7c1f0bb8313f33aee49d49f28d53b1e91ac6dabd57dbeda308422f1dbe859e,16,3,19,10,2,0,0,"static single-case binary; CUDA event includes setup/readback, clock64 covers timed window"
calibration,v2_calibration_bf16_n128_q16_batch_same_in0_same_discard_h0_b0_none_ops0,1,,NVIDIA Thor,11.0,580.00,13.0,1575.000,,,,mem_clock_mhz:unavailable;temperature_c:unavailable;power_w:unavailable;sm_clock_mhz:sysfs_or_default,bf16,128,16,500,2,392,batch,same,same,discard,0,0,0,20,none,0,694263.0,,,,,86.782875,0.570432,,,,,190.3033518997844,147.05710759564678,19585,0.000000000,1,ff7c1f0bb8313f33aee49d49f28d53b1e91ac6dabd57dbeda308422f1dbe859e,16,3,19,10,2,0,0,"static single-case binary; CUDA event includes setup/readback, clock64 covers timed window"
calibration,v2_calibration_bf16_n256_q1_batch_same_in0_same_discard_h0_b1_none_ops0,1,,NVIDIA Thor,11.0,580.00,13.0,1575.000,,,,mem_clock_mhz:unavailable;temperature_c:unavailable;power_w:unavailable;sm_clock_mhz:sysfs_or_default,bf16,256,1,500,0,393,batch,same,same,discard,0,0,1,1,none,0,225128.0,,,,,450.256,0.241984,,,,,3.667929355744288,2.1666225866172972,500,0.000000000,1,77a8d38ad38c2a77d60e0b0a011f1eb605ac59bd5c4e32adb1d4efd61d425677,1,3,19,10,2,0,0,"static single-case binary; CUDA event includes setup/readback, clock64 covers timed window"
calibration,v2_calibration_bf16_n256_q1_batch_same_in0_same_discard_h0_b1_none_ops0,1,,NVIDIA Thor,11.0,580.00,13.0,1575.000,,,,mem_clock_mhz:unavailable;temperature_c:unavailable;power_w:unavailable;sm_clock_mhz:sysfs_or_default,bf16,256,1,500,1,393,batch,same,same,discard,0,0,1,1,none,0,225128.0,,,,,450.256,0.240352,,,,,3.667929355744288,2.181334043403009,500,0.000000000,1,77a8d38ad38c2a77d60e0b0a011f1eb605ac59bd5c4e32adb1d4efd61d425677,1,3,19,10,2,0,0,"static single-case binary; CUDA event includes setup/readback, clock64 covers timed window"
calibration,v2_calibration_bf16_n256_q1_batch_same_in0_same_discard_h0_b1_none_ops0,1,,NVIDIA Thor,11.0,580.00,13.0,1575.000,,,,mem_clock_mhz:unavailable;temperature_c:unavailable;power_w:unavailable;sm_clock_mhz:sysfs_or_default,bf16,256,1,500,2,393,batch,same,same,discard,0,0,1,1,none,0,225128.0,,,,,450.256,0.2408,,,,,3.667929355744288,2.1772757475083058,500,0.000000000,1,77a8d38ad38c2a77d60e0b0a011f1eb605ac59bd5c4e32adb1d4efd61d425677,1,3,19,10,2,0,0,"static single-case binary; CUDA event includes setup/readback, clock64 covers timed window"
calibration,v2_calibration_fp16_n128_q8_batch_ring_in0_same_discard_h0_b1_none_ops0,1,,NVIDIA Thor,11.0,580.00,13.0,1575.000,,,,mem_clock_mhz:unavailable;temperature_c:unavailable;power_w:unavailable;sm_clock_mhz:sysfs_or_default,fp16,128,8,500,0,394,batch,ring,same,discard,0,0,1,1,none,0,406949.0,,,,,101.73725,0.347904,,,,,8.116531555551186,6.027961736571008,500,0.000000000,1,13e980d97992f407bfd17ddaa7c60a6898c7effda1c45b058d73df5f61021102,8,3,17,7,2,0,0,"static single-case binary; CUDA event includes setup/readback, clock64 covers timed window"
calibration,v2_calibration_fp16_n128_q8_batch_ring_in0_same_discard_h0_b1_none_ops0,1,,NVIDIA Thor,11.0,580.00,13.0,1575.000,,,,mem_clock_mhz:unavailable;temperature_c:unavailable;power_w:unavailable;sm_clock_mhz:sysfs_or_default,fp16,128,8,500,1,394,batch,ring,same,discard,0,0,1,1,none,0,407735.0,,,,,101.93375,0.355168,,,,,8.100885133726562,5.904676096945671,500,0.000000000,1,13e980d97992f407bfd17ddaa7c60a6898c7effda1c45b058d73df5f61021102,8,3,17,7,2,0,0,"static single-case binary; CUDA event includes setup/readback, clock64 covers timed window"
calibration,v2_calibration_fp16_n128_q8_batch_ring_in0_same_discard_h0_b1_none_ops0,1,,NVIDIA Thor,11.0,580.00,13.0,1575.000,,,,mem_clock_mhz:unavailable;temperature_c:unavailable;power_w:unavailable;sm_clock_mhz:sysfs_or_default,fp16,128,8,500,2,394,batch,ring,same,discard,0,0,1,1,none,0,406293.0,,,,,101.57325,0.355776,,,,,8.129636493860342,5.894585357078611,500,0.000000000,1,13e980d97992f407bfd17ddaa7c60a6898c7effda1c45b058d73df5f61021102,8,3,17,7,2,0,0,"static single-case binary; CUDA event includes setup/readback, clock64 covers timed window"
calibration,v2_calibration_bf16_n256_q32_batch_same_in1_same_discard_h10000000_b1_none_ops0,1,,NVIDIA Thor,11.0,580.00,13.0,1575.000,,,,mem_clock_mhz:unavailable;temperature_c:unavailable;power_w:unavailable;sm_clock_mhz:sysfs_or_default,bf16,256,32,500,0,395,batch,same,same,discard,1,10000000,1,1,none,0,2239145.0,,,,,139.9465625,1.519072,,,,,11.800984393596663,11.04438499294306,500,0.000000000,1,40ffb6f4606a0d157a0d5c5b8caca33b54e2b15e72bf55fdb277b85b4db2443f,32,3,19,10,2,0,0,"static single-case binary; CUDA event includes setup/readback, clock64 covers timed window"
calibration,v2_calibration_bf16_n256_q32_batch_same_in1_same_discard_h10000000_b1_none_ops0,1,,NVIDIA Thor,11.0,580.00,13.0,1575.000,,,,mem_clock_mhz:unavailable;temperature_c:unavailable;power_w:unavailable;sm_clock_mhz:sysfs_or_default,bf16,256,32,500,1,395,batch,same,same,discard,1,10000000,1,1,none,0,2239145.0,,,,,139.9465625,1.519296,,,,,11.800984393596663,11.042756645183031,500,0.000000000,1,40ffb6f4606a0d157a0d5c5b8caca33b54e2b15e72bf55fdb277b85b4db2443f,32,3,19,10,2,0,0,"static single-case binary; CUDA event includes setup/readback, clock64 covers timed window"
calibration,v2_calibration_bf16_n256_q32_batch_same_in1_same_discard_h10000000_b1_none_ops0,1,,NVIDIA Thor,11.0,580.00,13.0,1575.000,,,,mem_clock_mhz:unavailable;temperature_c:unavailable;power_w:unavailable;sm_clock_mhz:sysfs_or_default,bf16,256,32,500,2,395,batch,same,same,discard,1,10000000,1,1,none,0,2239146.0,,,,,139.946625,1.519456,,,,,11.800979123290753,11.041593833582544,500,0.000000000,1,40ffb6f4606a0d157a0d5c5b8caca33b54e2b15e72bf55fdb277b85b4db2443f,32,3,19,10,2,0,0,"static single-case binary; CUDA event includes setup/readback, clock64 covers timed window"
calibration,v2_calibration_fp16_n128_q1_batch_same_in1_same_discard_h10000000_b0_none_ops0,1,,NVIDIA Thor,11.0,580.00,13.0,1575.000,,,,mem_clock_mhz:unavailable;temperature_c:unavailable;power_w:unavailable;sm_clock_mhz:sysfs_or_default,fp16,128,1,500,0,396,batch,same,same,discard,1,10000000,0,20,none,0,215664.0,,,,,431.328,0.268544,,,,,38.288893834854214,19.52335557673975,10000,0.000000000,1,fe7d91760de48087d02f07d8ca74d577b80f6e63a3d1f81c90bf989562c84186,1,3,19,10,2,0,0,"static single-case binary; CUDA event includes setup/readback, clock64 covers timed window"
calibration,v2_calibration_fp16_n128_q1_batch_same_in1_same_discard_h10000000_b0_none_ops0,1,,NVIDIA Thor,11.0,580.00,13.0,1575.000,,,,mem_clock_mhz:unavailable;temperature_c:unavailable;power_w:unavailable;sm_clock_mhz:sysfs_or_default,fp16,128,1,500,1,396,batch,same,same,discard,1,10000000,0,20,none,0,215661.0,,,,,431.322,0.262048,,,,,38.289426460973466,20.007326901941628,10000,0.000000000,1,fe7d91760de48087d02f07d8ca74d577b80f6e63a3d1f81c90bf989562c84186,1,3,19,10,2,0,0,"static single-case binary; CUDA event includes setup/readback, clock64 covers timed window"
calibration,v2_calibration_fp16_n128_q1_batch_same_in1_same_discard_h10000000_b0_none_ops0,1,,NVIDIA Thor,11.0,580.00,13.0,1575.000,,,,mem_clock_mhz:unavailable;temperature_c:unavailable;power_w:unavailable;sm_clock_mhz:sysfs_or_default,fp16,128,1,500,2,396,batch,same,same,discard,1,10000000,0,20,none,0,215662.0,,,,,431.324,0.266848,,,,,38.28924891728723,19.647439740976136,10000,0.000000000,1,fe7d91760de48087d02f07d8ca74d577b80f6e63a3d1f81c90bf989562c84186,1,3,19,10,2,0,0,"static single-case binary; CUDA event includes setup/readback, clock64 covers timed window"
calibration,v2_calibration_bf16_n256_q8_batch_same_in0_same_discard_h32_b1_none_ops0,1,,NVIDIA Thor,11.0,580.00,13.0,1575.000,,,,mem_clock_mhz:unavailable;temperature_c:unavailable;power_w:unavailable;sm_clock_mhz:sysfs_or_default,bf16,256,8,500,0,397,batch,same,same,discard,0,32,1,1,none,0,708830.0,,,,,177.2075,0.547872,,,,,9.319623605095721,7.655627591846271,1498,0.000000000,1,221cd01c4d0a2c838378f3379cc9683d71492807ff2d3e484247db5689bd04bc,8,3,19,10,2,0,0,"static single-case binary; CUDA event includes setup/readback, clock64 covers timed window"
calibration,v2_calibration_bf16_n256_q8_batch_same_in0_same_discard_h32_b1_none_ops0,1,,NVIDIA Thor,11.0,580.00,13.0,1575.000,,,,mem_clock_mhz:unavailable;temperature_c:unavailable;power_w:unavailable;sm_clock_mhz:sysfs_or_default,bf16,256,8,500,1,397,batch,same,same,discard,0,32,1,1,none,0,709191.0,,,,,177.29775,0.549184,,,,,9.314879630452163,7.637338305558793,1498,0.000000000,1,221cd01c4d0a2c838378f3379cc9683d71492807ff2d3e484247db5689bd04bc,8,3,19,10,2,0,0,"static single-case binary; CUDA event includes setup/readback, clock64 covers timed window"
calibration,v2_calibration_bf16_n256_q8_batch_same_in0_same_discard_h32_b1_none_ops0,1,,NVIDIA Thor,11.0,580.00,13.0,1575.000,,,,mem_clock_mhz:unavailable;temperature_c:unavailable;power_w:unavailable;sm_clock_mhz:sysfs_or_default,bf16,256,8,500,2,397,batch,same,same,discard,0,32,1,1,none,0,709222.0,,,,,177.3055,0.548672,,,,,9.314472478293116,7.644465181383412,1498,0.000000000,1,221cd01c4d0a2c838378f3379cc9683d71492807ff2d3e484247db5689bd04bc,8,3,19,10,2,0,0,"static single-case binary; CUDA event includes setup/readback, clock64 covers timed window"
calibration,v2_calibration_fp16_n256_q4_batch_same_in1_same_discard_h10000000_b1_none_ops0,1,,NVIDIA Thor,11.0,580.00,13.0,1575.000,,,,mem_clock_mhz:unavailable;temperature_c:unavailable;power_w:unavailable;sm_clock_mhz:sysfs_or_default,fp16,256,4,500,0,398,batch,same,same,discard,1,10000000,1,1,none,0,447264.0,,,,,223.632,0.38352,,,,,7.384932388924661,5.468168544013349,500,0.000000000,1,bd29770273e804a0e612bf7360f9c24d40c8bad62ed98656923a491e5d4a6e2e,4,3,19,10,2,0,0,"static single-case binary; CUDA event includes setup/readback, clock64 covers timed window"
calibration,v2_calibration_fp16_n256_q4_batch_same_in1_same_discard_h10000000_b1_none_ops0,1,,NVIDIA Thor,11.0,580.00,13.0,1575.000,,,,mem_clock_mhz:unavailable;temperature_c:unavailable;power_w:unavailable;sm_clock_mhz:sysfs_or_default,fp16,256,4,500,1,398,batch,same,same,discard,1,10000000,1,1,none,0,447264.0,,,,,223.632,0.381184,,,,,7.384932388924661,5.501678979180658,500,0.000000000,1,bd29770273e804a0e612bf7360f9c24d40c8bad62ed98656923a491e5d4a6e2e,4,3,19,10,2,0,0,"static single-case binary; CUDA event includes setup/readback, clock64 covers timed window"
calibration,v2_calibration_fp16_n256_q4_batch_same_in1_same_discard_h10000000_b1_none_ops0,1,,NVIDIA Thor,11.0,580.00,13.0,1575.000,,,,mem_clock_mhz:unavailable;temperature_c:unavailable;power_w:unavailable;sm_clock_mhz:sysfs_or_default,fp16,256,4,500,2,398,batch,same,same,discard,1,10000000,1,1,none,0,447264.0,,,,,223.632,0.381632,,,,,7.384932388924661,5.49522052658058,500,0.000000000,1,bd29770273e804a0e612bf7360f9c24d40c8bad62ed98656923a491e5d4a6e2e,4,3,19,10,2,0,0,"static single-case binary; CUDA event includes setup/readback, clock64 covers timed window"
calibration,v2_calibration_bf16_n128_q32_batch_same_in0_same_discard_h32_b1_none_ops0,1,,NVIDIA Thor,11.0,580.00,13.0,1575.000,,,,mem_clock_mhz:unavailable;temperature_c:unavailable;power_w:unavailable;sm_clock_mhz:sysfs_or_default,bf16,128,32,500,0,399,batch,same,same,discard,0,32,1,1,none,0,1189207.0,,,,,74.3254375,0.853472,,,,,11.109972948359705,9.828802819541824,666,0.000000000,1,4b8a325e0dd6dc2617010b7ab493633fe858dfebb81955a1a496a9cca1432e5c,32,3,19,10,2,0,0,"static single-case binary; CUDA event includes setup/readback, clock64 covers timed window"
calibration,v2_calibration_bf16_n128_q32_batch_same_in0_same_discard_h32_b1_none_ops0,1,,NVIDIA Thor,11.0,580.00,13.0,1575.000,,,,mem_clock_mhz:unavailable;temperature_c:unavailable;power_w:unavailable;sm_clock_mhz:sysfs_or_default,bf16,128,32,500,1,399,batch,same,same,discard,0,32,1,1,none,0,1188696.0,,,,,74.2935,0.851904,,,,,11.114748934967393,9.846893546690707,550,0.000000000,1,4b8a325e0dd6dc2617010b7ab493633fe858dfebb81955a1a496a9cca1432e5c,32,3,19,10,2,0,0,"static single-case binary; CUDA event includes setup/readback, clock64 covers timed window"
calibration,v2_calibration_bf16_n128_q32_batch_same_in0_same_discard_h32_b1_none_ops0,1,,NVIDIA Thor,11.0,580.00,13.0,1575.000,,,,mem_clock_mhz:unavailable;temperature_c:unavailable;power_w:unavailable;sm_clock_mhz:sysfs_or_default,bf16,128,32,500,2,399,batch,same,same,discard,0,32,1,1,none,0,1188911.0,,,,,74.3069375,0.8536,,,,,11.11273896868647,9.827328959700093,597,0.000000000,1,4b8a325e0dd6dc2617010b7ab493633fe858dfebb81955a1a496a9cca1432e5c,32,3,19,10,2,0,0,"static single-case binary; CUDA event includes setup/readback, clock64 covers timed window"
calibration,v2_calibration_bf16_n256_q16_batch_ring_in0_same_discard_h32_b1_none_ops0,1,,NVIDIA Thor,11.0,580.00,13.0,1575.000,,,,mem_clock_mhz:unavailable;temperature_c:unavailable;power_w:unavailable;sm_clock_mhz:sysfs_or_default,bf16,256,16,500,0,400,batch,ring,same,discard,0,32,1,1,none,0,1237432.0,,,,,154.679,0.882208,,,,,10.676996877404171,9.508651021074394,1499,0.000000000,1,0a0d5f3df4b4aed6897073d372e3796fcde07996e14b0cc98299b8467e9dbf7f,16,3,17,7,2,0,0,"static single-case binary; CUDA event includes setup/readback, clock64 covers timed window"
calibration,v2_calibration_bf16_n256_q16_batch_ring_in0_same_discard_h32_b1_none_ops0,1,,NVIDIA Thor,11.0,580.00,13.0,1575.000,,,,mem_clock_mhz:unavailable;temperature_c:unavailable;power_w:unavailable;sm_clock_mhz:sysfs_or_default,bf16,256,16,500,1,400,batch,ring,same,discard,0,32,1,1,none,0,1237423.0,,,,,154.677875,0.883296,,,,,10.677074533122465,9.496938738542912,1498,0.000000000,1,0a0d5f3df4b4aed6897073d372e3796fcde07996e14b0cc98299b8467e9dbf7f,16,3,17,7,2,0,0,"static single-case binary; CUDA event includes setup/readback, clock64 covers timed window"
calibration,v2_calibration_bf16_n256_q16_batch_ring_in0_same_discard_h32_b1_none_ops0,1,,NVIDIA Thor,11.0,580.00,13.0,1575.000,,,,mem_clock_mhz:unavailable;temperature_c:unavailable;power_w:unavailable;sm_clock_mhz:sysfs_or_default,bf16,256,16,500,2,400,batch,ring,same,discard,0,32,1,1,none,0,1237373.0,,,,,154.671625,0.88496,,,,,10.677505974350497,9.479081540408608,1498,0.000000000,1,0a0d5f3df4b4aed6897073d372e3796fcde07996e14b0cc98299b8467e9dbf7f,16,3,17,7,2,0,0,"static single-case binary; CUDA event includes setup/readback, clock64 covers timed window"
calibration,v2_calibration_bf16_n256_q4_batch_same_in1_same_discard_h0_b0_none_ops0,1,,NVIDIA Thor,11.0,580.00,13.0,1575.000,,,,mem_clock_mhz:unavailable;temperature_c:unavailable;power_w:unavailable;sm_clock_mhz:sysfs_or_default,bf16,256,4,500,0,401,batch,same,same,discard,1,0,0,20,none,0,425448.0,,,,,212.724,0.401184,,,,,155.27229649686916,104.54813751296165,19986,0.000000000,1,3e8fa64347f0ce1c2f252a1d04f58438575a743ffd8c8f091ae2dc261ed0d803,4,3,19,10,2,0,0,"static single-case binary; CUDA event includes setup/readback, clock64 covers timed window"
calibration,v2_calibration_bf16_n256_q4_batch_same_in1_same_discard_h0_b0_none_ops0,1,,NVIDIA Thor,11.0,580.00,13.0,1575.000,,,,mem_clock_mhz:unavailable;temperature_c:unavailable;power_w:unavailable;sm_clock_mhz:sysfs_or_default,bf16,256,4,500,1,401,batch,same,same,discard,1,0,0,20,none,0,425325.0,,,,,212.6625,0.400608,,,,,155.31719978839712,104.69845834331815,19988,0.000000000,1,3e8fa64347f0ce1c2f252a1d04f58438575a743ffd8c8f091ae2dc261ed0d803,4,3,19,10,2,0,0,"static single-case binary; CUDA event includes setup/readback, clock64 covers timed window"
calibration,v2_calibration_bf16_n256_q4_batch_same_in1_same_discard_h0_b0_none_ops0,1,,NVIDIA Thor,11.0,580.00,13.0,1575.000,,,,mem_clock_mhz:unavailable;temperature_c:unavailable;power_w:unavailable;sm_clock_mhz:sysfs_or_default,bf16,256,4,500,2,401,batch,same,same,discard,1,0,0,20,none,0,425242.0,,,,,212.621,0.400096,,,,,155.34751506201175,104.83244021434855,19985,0.000000000,1,3e8fa64347f0ce1c2f252a1d04f58438575a743ffd8c8f091ae2dc261ed0d803,4,3,19,10,2,0,0,"static single-case binary; CUDA event includes setup/readback, clock64 covers timed window"
calibration,v2_calibration_fp16_n128_q64_batch_same_in1_same_discard_h0_b1_none_ops0,1,,NVIDIA Thor,11.0,580.00,13.0,1575.000,,,,mem_clock_mhz:unavailable;temperature_c:unavailable;power_w:unavailable;sm_clock_mhz:sysfs_or_default,fp16,128,64,500,0,402,batch,same,same,discard,1,0,1,1,none,0,2205753.0,,,,,68.92978125,1.499616,,,,,11.979634709779381,11.187674711392782,508,0.000000000,1,ab39074e29bf887bfc29b8b6ab7b10bb618c43bac5cd166acc9e75c53e9abd23,64,3,19,10,2,0,0,"static single-case binary; CUDA event includes setup/readback, clock64 covers timed window"
calibration,v2_calibration_fp16_n128_q64_batch_same_in1_same_discard_h0_b1_none_ops0,1,,NVIDIA Thor,11.0,580.00,13.0,1575.000,,,,mem_clock_mhz:unavailable;temperature_c:unavailable;power_w:unavailable;sm_clock_mhz:sysfs_or_default,fp16,128,64,500,1,402,batch,same,same,discard,1,0,1,1,none,0,2205769.0,,,,,68.93028125,1.498112,,,,,11.979547813030285,11.198906356801094,512,0.000000000,1,ab39074e29bf887bfc29b8b6ab7b10bb618c43bac5cd166acc9e75c53e9abd23,64,3,19,10,2,0,0,"static single-case binary; CUDA event includes setup/readback, clock64 covers timed window"
calibration,v2_calibration_fp16_n128_q64_batch_same_in1_same_discard_h0_b1_none_ops0,1,,NVIDIA Thor,11.0,580.00,13.0,1575.000,,,,mem_clock_mhz:unavailable;temperature_c:unavailable;power_w:unavailable;sm_clock_mhz:sysfs_or_default,fp16,128,64,500,2,402,batch,same,same,discard,1,0,1,1,none,0,2205784.0,,,,,68.93075,1.497696,,,,,11.979466348472924,11.202016964724484,515,0.000000000,1,ab39074e29bf887bfc29b8b6ab7b10bb618c43bac5cd166acc9e75c53e9abd23,64,3,19,10,2,0,0,"static single-case binary; CUDA event includes setup/readback, clock64 covers timed window"
control,v2_control_bf16_n256_q1_commit_wait_same_in0_same_discard_h32_b0_none_ops0,1,,NVIDIA Thor,11.0,580.00,13.0,1575.000,,,,mem_clock_mhz:unavailable;temperature_c:unavailable;power_w:unavailable;sm_clock_mhz:sysfs_or_default,bf16,256,1,1000,0,403,commit_wait,same,same,discard,0,32,0,20,none,0,258147.0,,,,,,0.29504,,,,,,,20000,0.000000000,1,95499bf868191dcfcf9eda6c45fcc8f8f5deb840cb2745dbe65741e23da4e46e,0,3,19,9,2,0,0,"static single-case binary; CUDA event includes setup/readback, clock64 covers timed window"
control,v2_control_bf16_n256_q1_commit_wait_same_in0_same_discard_h32_b0_none_ops0,1,,NVIDIA Thor,11.0,580.00,13.0,1575.000,,,,mem_clock_mhz:unavailable;temperature_c:unavailable;power_w:unavailable;sm_clock_mhz:sysfs_or_default,bf16,256,1,1000,1,403,commit_wait,same,same,discard,0,32,0,20,none,0,258149.0,,,,,,0.292864,,,,,,,20000,0.000000000,1,95499bf868191dcfcf9eda6c45fcc8f8f5deb840cb2745dbe65741e23da4e46e,0,3,19,9,2,0,0,"static single-case binary; CUDA event includes setup/readback, clock64 covers timed window"
control,v2_control_bf16_n256_q1_commit_wait_same_in0_same_discard_h32_b0_none_ops0,1,,NVIDIA Thor,11.0,580.00,13.0,1575.000,,,,mem_clock_mhz:unavailable;temperature_c:unavailable;power_w:unavailable;sm_clock_mhz:sysfs_or_default,bf16,256,1,1000,2,403,commit_wait,same,same,discard,0,32,0,20,none,0,258151.0,,,,,,0.294752,,,,,,,20000,0.000000000,1,95499bf868191dcfcf9eda6c45fcc8f8f5deb840cb2745dbe65741e23da4e46e,0,3,19,9,2,0,0,"static single-case binary; CUDA event includes setup/readback, clock64 covers timed window"
calibration,v2_calibration_fp16_n128_q64_batch_same_in0_same_discard_h32_b0_none_ops0,1,,NVIDIA Thor,11.0,580.00,13.0,1575.000,,,,mem_clock_mhz:unavailable;temperature_c:unavailable;power_w:unavailable;sm_clock_mhz:sysfs_or_default,fp16,128,64,500,0,404,batch,same,same,discard,0,32,0,20,none,0,2223919.0,,,,,69.49746875,1.541088,,,,,237.63559014514468,217.73209576610813,15401,0.000000000,1,05afe8522c70fc079f1396043ef2cc04ba80c6bbb7ccbd71a585659a1d973694,64,3,19,10,2,0,0,"static single-case binary; CUDA event includes setup/readback, clock64 covers timed window"
calibration,v2_calibration_fp16_n128_q64_batch_same_in0_same_discard_h32_b0_none_ops0,1,,NVIDIA Thor,11.0,580.00,13.0,1575.000,,,,mem_clock_mhz:unavailable;temperature_c:unavailable;power_w:unavailable;sm_clock_mhz:sysfs_or_default,fp16,128,64,500,1,404,batch,same,same,discard,0,32,0,20,none,0,2224273.0,,,,,69.50853125,1.543456,,,,,237.59776969823398,217.39804698028323,15405,0.000000000,1,05afe8522c70fc079f1396043ef2cc04ba80c6bbb7ccbd71a585659a1d973694,64,3,19,10,2,0,0,"static single-case binary; CUDA event includes setup/readback, clock64 covers timed window"
calibration,v2_calibration_fp16_n128_q64_batch_same_in0_same_discard_h32_b0_none_ops0,1,,NVIDIA Thor,11.0,580.00,13.0,1575.000,,,,mem_clock_mhz:unavailable;temperature_c:unavailable;power_w:unavailable;sm_clock_mhz:sysfs_or_default,fp16,128,64,500,2,404,batch,same,same,discard,0,32,0,20,none,0,2224307.0,,,,,69.50959375,1.544128,,,,,237.59413785956704,217.3034359845816,15438,0.000000000,1,05afe8522c70fc079f1396043ef2cc04ba80c6bbb7ccbd71a585659a1d973694,64,3,19,10,2,0,0,"static single-case binary; CUDA event includes setup/readback, clock64 covers timed window"
control,v2_control_bf16_n256_q1_commit_wait_same_in0_same_discard_h32_b1_none_ops0,1,,NVIDIA Thor,11.0,580.00,13.0,1575.000,,,,mem_clock_mhz:unavailable;temperature_c:unavailable;power_w:unavailable;sm_clock_mhz:sysfs_or_default,bf16,256,1,1000,0,405,commit_wait,same,same,discard,0,32,1,1,none,0,258144.0,,,,,,0.262112,,,,,,,1000,0.000000000,1,95499bf868191dcfcf9eda6c45fcc8f8f5deb840cb2745dbe65741e23da4e46e,0,3,19,9,2,0,0,"static single-case binary; CUDA event includes setup/readback, clock64 covers timed window"
control,v2_control_bf16_n256_q1_commit_wait_same_in0_same_discard_h32_b1_none_ops0,1,,NVIDIA Thor,11.0,580.00,13.0,1575.000,,,,mem_clock_mhz:unavailable;temperature_c:unavailable;power_w:unavailable;sm_clock_mhz:sysfs_or_default,bf16,256,1,1000,1,405,commit_wait,same,same,discard,0,32,1,1,none,0,258144.0,,,,,,0.262176,,,,,,,1000,0.000000000,1,95499bf868191dcfcf9eda6c45fcc8f8f5deb840cb2745dbe65741e23da4e46e,0,3,19,9,2,0,0,"static single-case binary; CUDA event includes setup/readback, clock64 covers timed window"
control,v2_control_bf16_n256_q1_commit_wait_same_in0_same_discard_h32_b1_none_ops0,1,,NVIDIA Thor,11.0,580.00,13.0,1575.000,,,,mem_clock_mhz:unavailable;temperature_c:unavailable;power_w:unavailable;sm_clock_mhz:sysfs_or_default,bf16,256,1,1000,2,405,commit_wait,same,same,discard,0,32,1,1,none,0,258145.0,,,,,,0.261152,,,,,,,1000,0.000000000,1,95499bf868191dcfcf9eda6c45fcc8f8f5deb840cb2745dbe65741e23da4e46e,0,3,19,9,2,0,0,"static single-case binary; CUDA event includes setup/readback, clock64 covers timed window"
calibration,v2_calibration_fp16_n128_q64_batch_same_in1_same_discard_h10000000_b0_none_ops0,1,,NVIDIA Thor,11.0,580.00,13.0,1575.000,,,,mem_clock_mhz:unavailable;temperature_c:unavailable;power_w:unavailable;sm_clock_mhz:sysfs_or_default,fp16,128,64,500,0,406,batch,same,same,discard,1,10000000,0,20,none,0,2245920.0,,,,,70.185,1.554752,,,,,235.30771532378714,215.81854855308111,10000,0.000000000,1,1cc85f7c482ce0ccb21364f93c9c850b51243a869ddb76ea40067cd12daf2b34,64,3,19,10,2,0,0,"static single-case binary; CUDA event includes setup/readback, clock64 covers timed window"
calibration,v2_calibration_fp16_n128_q64_batch_same_in1_same_discard_h10000000_b0_none_ops0,1,,NVIDIA Thor,11.0,580.00,13.0,1575.000,,,,mem_clock_mhz:unavailable;temperature_c:unavailable;power_w:unavailable;sm_clock_mhz:sysfs_or_default,fp16,128,64,500,1,406,batch,same,same,discard,1,10000000,0,20,none,0,2245915.0,,,,,70.18484375,1.550048,,,,,235.30823918091286,216.4735027560437,10000,0.000000000,1,1cc85f7c482ce0ccb21364f93c9c850b51243a869ddb76ea40067cd12daf2b34,64,3,19,10,2,0,0,"static single-case binary; CUDA event includes setup/readback, clock64 covers timed window"
calibration,v2_calibration_fp16_n128_q64_batch_same_in1_same_discard_h10000000_b0_none_ops0,1,,NVIDIA Thor,11.0,580.00,13.0,1575.000,,,,mem_clock_mhz:unavailable;temperature_c:unavailable;power_w:unavailable;sm_clock_mhz:sysfs_or_default,fp16,128,64,500,2,406,batch,same,same,discard,1,10000000,0,20,none,0,2245911.0,,,,,70.18471875,1.558144,,,,,235.3086582682929,215.34872258276513,10000,0.000000000,1,1cc85f7c482ce0ccb21364f93c9c850b51243a869ddb76ea40067cd12daf2b34,64,3,19,10,2,0,0,"static single-case binary; CUDA event includes setup/readback, clock64 covers timed window"
calibration,v2_calibration_bf16_n128_q16_batch_same_in1_same_discard_h32_b1_none_ops0,1,,NVIDIA Thor,11.0,580.00,13.0,1575.000,,,,mem_clock_mhz:unavailable;temperature_c:unavailable;power_w:unavailable;sm_clock_mhz:sysfs_or_default,bf16,128,16,500,0,407,batch,same,same,discard,1,32,1,1,none,0,684662.0,,,,,85.58275,0.531008,,,,,9.648598578568695,7.898758587441243,961,0.000000000,1,24f496b79732b226df2b4fd27575497c370cb0003d59ceb157bf5ec9f53bc9ea,16,3,19,10,2,0,0,"static single-case binary; CUDA event includes setup/readback, clock64 covers timed window"
calibration,v2_calibration_bf16_n128_q16_batch_same_in1_same_discard_h32_b1_none_ops0,1,,NVIDIA Thor,11.0,580.00,13.0,1575.000,,,,mem_clock_mhz:unavailable;temperature_c:unavailable;power_w:unavailable;sm_clock_mhz:sysfs_or_default,bf16,128,16,500,1,407,batch,same,same,discard,1,32,1,1,none,0,684704.0,,,,,85.588,0.53152,,,,,9.648006729915409,7.891149909692957,961,0.000000000,1,24f496b79732b226df2b4fd27575497c370cb0003d59ceb157bf5ec9f53bc9ea,16,3,19,10,2,0,0,"static single-case binary; CUDA event includes setup/readback, clock64 covers timed window"
calibration,v2_calibration_bf16_n128_q16_batch_same_in1_same_discard_h32_b1_none_ops0,1,,NVIDIA Thor,11.0,580.00,13.0,1575.000,,,,mem_clock_mhz:unavailable;temperature_c:unavailable;power_w:unavailable;sm_clock_mhz:sysfs_or_default,bf16,128,16,500,2,407,batch,same,same,discard,1,32,1,1,none,0,683774.0,,,,,85.47175,0.532672,,,,,9.66112896951332,7.874083863991349,960,0.000000000,1,24f496b79732b226df2b4fd27575497c370cb0003d59ceb157bf5ec9f53bc9ea,16,3,19,10,2,0,0,"static single-case binary; CUDA event includes setup/readback, clock64 covers timed window"
calibration,v2_calibration_bf16_n256_q64_batch_ring_in0_same_discard_h10000000_b0_none_ops0,1,,NVIDIA Thor,11.0,580.00,13.0,1575.000,,,,mem_clock_mhz:unavailable;temperature_c:unavailable;power_w:unavailable;sm_clock_mhz:sysfs_or_default,bf16,256,64,500,0,408,batch,ring,same,discard,0,10000000,0,20,none,0,4293136.0,,,,,134.1605,2.857792,,,,,246.19872466187888,234.827671153114,10000,0.000000000,1,8d618d32d775e0470f2d43c66a1e949dfd624c865d904c45f320f866334e5ae5,64,3,17,7,2,0,0,"static single-case binary; CUDA event includes setup/readback, clock64 covers timed window"
calibration,v2_calibration_bf16_n256_q64_batch_ring_in0_same_discard_h10000000_b0_none_ops0,1,,NVIDIA Thor,11.0,580.00,13.0,1575.000,,,,mem_clock_mhz:unavailable;temperature_c:unavailable;power_w:unavailable;sm_clock_mhz:sysfs_or_default,bf16,256,64,500,1,408,batch,ring,same,discard,0,10000000,0,20,none,0,4293144.0,,,,,134.16075,2.857856,,,,,246.19826588625955,234.82241232588348,10000,0.000000000,1,8d618d32d775e0470f2d43c66a1e949dfd624c865d904c45f320f866334e5ae5,64,3,17,7,2,0,0,"static single-case binary; CUDA event includes setup/readback, clock64 covers timed window"
calibration,v2_calibration_bf16_n256_q64_batch_ring_in0_same_discard_h10000000_b0_none_ops0,1,,NVIDIA Thor,11.0,580.00,13.0,1575.000,,,,mem_clock_mhz:unavailable;temperature_c:unavailable;power_w:unavailable;sm_clock_mhz:sysfs_or_default,bf16,256,64,500,2,408,batch,ring,same,discard,0,10000000,0,20,none,0,4293140.0,,,,,134.160625,2.856864,,,,,246.1984952738555,234.90395062558107,10000,0.000000000,1,8d618d32d775e0470f2d43c66a1e949dfd624c865d904c45f320f866334e5ae5,64,3,17,7,2,0,0,"static single-case binary; CUDA event includes setup/readback, clock64 covers timed window"
control,v2_control_bf16_n128_q1_commit_wait_same_in0_same_discard_h10000000_b1_none_ops0,1,,NVIDIA Thor,11.0,580.00,13.0,1575.000,,,,mem_clock_mhz:unavailable;temperature_c:unavailable;power_w:unavailable;sm_clock_mhz:sysfs_or_default,bf16,128,1,1000,0,409,commit_wait,same,same,discard,0,10000000,1,1,none,0,258144.0,,,,,,0.261888,,,,,,,1000,0.000000000,1,01ce57573fb2ccc96baa0c0201574a3a25521c9f292ff5f4984fd9623de238a1,0,3,19,9,2,0,0,"static single-case binary; CUDA event includes setup/readback, clock64 covers timed window"
control,v2_control_bf16_n128_q1_commit_wait_same_in0_same_discard_h10000000_b1_none_ops0,1,,NVIDIA Thor,11.0,580.00,13.0,1575.000,,,,mem_clock_mhz:unavailable;temperature_c:unavailable;power_w:unavailable;sm_clock_mhz:sysfs_or_default,bf16,128,1,1000,1,409,commit_wait,same,same,discard,0,10000000,1,1,none,0,258144.0,,,,,,0.261888,,,,,,,1000,0.000000000,1,01ce57573fb2ccc96baa0c0201574a3a25521c9f292ff5f4984fd9623de238a1,0,3,19,9,2,0,0,"static single-case binary; CUDA event includes setup/readback, clock64 covers timed window"
control,v2_control_bf16_n128_q1_commit_wait_same_in0_same_discard_h10000000_b1_none_ops0,1,,NVIDIA Thor,11.0,580.00,13.0,1575.000,,,,mem_clock_mhz:unavailable;temperature_c:unavailable;power_w:unavailable;sm_clock_mhz:sysfs_or_default,bf16,128,1,1000,2,409,commit_wait,same,same,discard,0,10000000,1,1,none,0,258144.0,,,,,,0.261312,,,,,,,1000,0.000000000,1,01ce57573fb2ccc96baa0c0201574a3a25521c9f292ff5f4984fd9623de238a1,0,3,19,9,2,0,0,"static single-case binary; CUDA event includes setup/readback, clock64 covers timed window"
calibration,v2_calibration_fp16_n256_q1_batch_same_in0_same_discard_h0_b1_none_ops0,1,,NVIDIA Thor,11.0,580.00,13.0,1575.000,,,,mem_clock_mhz:unavailable;temperature_c:unavailable;power_w:unavailable;sm_clock_mhz:sysfs_or_default,fp16,256,1,500,0,410,batch,same,same,discard,0,0,1,1,none,0,225129.0,,,,,450.258,0.240896,,,,,3.667913063177112,2.1764080765143463,500,0.000000000,1,de82b0fd70e8a52e5614503df1c7abe13098cabf3cde456bab70736d9e4a7b18,1,3,19,10,2,0,0,"static single-case binary; CUDA event includes setup/readback, clock64 covers timed window"
calibration,v2_calibration_fp16_n256_q1_batch_same_in0_same_discard_h0_b1_none_ops0,1,,NVIDIA Thor,11.0,580.00,13.0,1575.000,,,,mem_clock_mhz:unavailable;temperature_c:unavailable;power_w:unavailable;sm_clock_mhz:sysfs_or_default,fp16,256,1,500,1,410,batch,same,same,discard,0,0,1,1,none,0,225129.0,,,,,450.258,0.240832,,,,,3.667913063177112,2.1769864469837894,500,0.000000000,1,de82b0fd70e8a52e5614503df1c7abe13098cabf3cde456bab70736d9e4a7b18,1,3,19,10,2,0,0,"static single-case binary; CUDA event includes setup/readback, clock64 covers timed window"
calibration,v2_calibration_fp16_n256_q1_batch_same_in0_same_discard_h0_b1_none_ops0,1,,NVIDIA Thor,11.0,580.00,13.0,1575.000,,,,mem_clock_mhz:unavailable;temperature_c:unavailable;power_w:unavailable;sm_clock_mhz:sysfs_or_default,fp16,256,1,500,2,410,batch,same,same,discard,0,0,1,1,none,0,225129.0,,,,,450.258,0.239136,,,,,3.667913063177112,2.192426067175164,500,0.000000000,1,de82b0fd70e8a52e5614503df1c7abe13098cabf3cde456bab70736d9e4a7b18,1,3,19,10,2,0,0,"static single-case binary; CUDA event includes setup/readback, clock64 covers timed window"
calibration,v2_calibration_fp16_n128_q4_batch_ring_in0_same_discard_h10000000_b0_none_ops0,1,,NVIDIA Thor,11.0,580.00,13.0,1575.000,,,,mem_clock_mhz:unavailable;temperature_c:unavailable;power_w:unavailable;sm_clock_mhz:sysfs_or_default,fp16,128,4,500,0,411,batch,ring,same,discard,0,10000000,0,20,none,0,319594.0,,,,,159.797,0.33248,,,,,103.35032572576456,63.07603464870067,10000,0.000000000,1,31683145226323dc435335d8f44f5724a76e1c9c27fb2ea302b6b1ee009b4463,4,3,17,7,2,0,0,"static single-case binary; CUDA event includes setup/readback, clock64 covers timed window"
calibration,v2_calibration_fp16_n128_q4_batch_ring_in0_same_discard_h10000000_b0_none_ops0,1,,NVIDIA Thor,11.0,580.00,13.0,1575.000,,,,mem_clock_mhz:unavailable;temperature_c:unavailable;power_w:unavailable;sm_clock_mhz:sysfs_or_default,fp16,128,4,500,1,411,batch,ring,same,discard,0,10000000,0,20,none,0,319598.0,,,,,159.799,0.333024,,,,,103.34903222172855,62.972998943019135,10000,0.000000000,1,31683145226323dc435335d8f44f5724a76e1c9c27fb2ea302b6b1ee009b4463,4,3,17,7,2,0,0,"static single-case binary; CUDA event includes setup/readback, clock64 covers timed window"
calibration,v2_calibration_fp16_n128_q4_batch_ring_in0_same_discard_h10000000_b0_none_ops0,1,,NVIDIA Thor,11.0,580.00,13.0,1575.000,,,,mem_clock_mhz:unavailable;temperature_c:unavailable;power_w:unavailable;sm_clock_mhz:sysfs_or_default,fp16,128,4,500,2,411,batch,ring,same,discard,0,10000000,0,20,none,0,319598.0,,,,,159.799,0.33312,,,,,103.34903222172855,62.95485110470701,10000,0.000000000,1,31683145226323dc435335d8f44f5724a76e1c9c27fb2ea302b6b1ee009b4463,4,3,17,7,2,0,0,"static single-case binary; CUDA event includes setup/readback, clock64 covers timed window"
calibration,v2_calibration_bf16_n256_q16_batch_same_in1_same_discard_h10000000_b0_none_ops0,1,,NVIDIA Thor,11.0,580.00,13.0,1575.000,,,,mem_clock_mhz:unavailable;temperature_c:unavailable;power_w:unavailable;sm_clock_mhz:sysfs_or_default,bf16,256,16,500,0,412,batch,same,same,discard,1,10000000,0,20,none,0,1215152.0,,,,,151.894,0.90368,,,,,217.45522535452352,185.6543909348442,10000,0.000000000,1,24ef8628f65a2805e9617a253a32385fe0d5e1cf791abb68c45531c030c041d0,16,3,19,10,2,0,0,"static single-case binary; CUDA event includes setup/readback, clock64 covers timed window"
calibration,v2_calibration_bf16_n256_q16_batch_same_in1_same_discard_h10000000_b0_none_ops0,1,,NVIDIA Thor,11.0,580.00,13.0,1575.000,,,,mem_clock_mhz:unavailable;temperature_c:unavailable;power_w:unavailable;sm_clock_mhz:sysfs_or_default,bf16,256,16,500,1,412,batch,same,same,discard,1,10000000,0,20,none,0,1215150.0,,,,,151.89375,0.903552,,,,,217.45558326132578,185.6806913160504,10000,0.000000000,1,24ef8628f65a2805e9617a253a32385fe0d5e1cf791abb68c45531c030c041d0,16,3,19,10,2,0,0,"static single-case binary; CUDA event includes setup/readback, clock64 covers timed window"
calibration,v2_calibration_bf16_n256_q16_batch_same_in1_same_discard_h10000000_b0_none_ops0,1,,NVIDIA Thor,11.0,580.00,13.0,1575.000,,,,mem_clock_mhz:unavailable;temperature_c:unavailable;power_w:unavailable;sm_clock_mhz:sysfs_or_default,bf16,256,16,500,2,412,batch,same,same,discard,1,10000000,0,20,none,0,1215151.0,,,,,151.893875,0.90192,,,,,217.45540430777737,186.01667553663293,10000,0.000000000,1,24ef8628f65a2805e9617a253a32385fe0d5e1cf791abb68c45531c030c041d0,16,3,19,10,2,0,0,"static single-case binary; CUDA event includes setup/readback, clock64 covers timed window"
calibration,v2_calibration_bf16_n128_q32_batch_same_in0_same_discard_h0_b1_none_ops0,1,,NVIDIA Thor,11.0,580.00,13.0,1575.000,,,,mem_clock_mhz:unavailable;temperature_c:unavailable;power_w:unavailable;sm_clock_mhz:sysfs_or_default,bf16,128,32,500,0,413,batch,same,same,discard,0,0,1,1,none,0,1204453.0,,,,,75.2783125,0.860992,,,,,10.969342597843172,9.742956961272577,959,0.000000000,1,aea7b9b4bf18410f9915ee133de85ade6a325212c52176806f93929b802bea1e,32,3,19,10,2,0,0,"static single-case binary; CUDA event includes setup/readback, clock64 covers timed window"
calibration,v2_calibration_bf16_n128_q32_batch_same_in0_same_discard_h0_b1_none_ops0,1,,NVIDIA Thor,11.0,580.00,13.0,1575.000,,,,mem_clock_mhz:unavailable;temperature_c:unavailable;power_w:unavailable;sm_clock_mhz:sysfs_or_default,bf16,128,32,500,1,413,batch,same,same,discard,0,0,1,1,none,0,1204234.0,,,,,75.264625,0.860704,,,,,10.971337464313415,9.746217050228651,960,0.000000000,1,aea7b9b4bf18410f9915ee133de85ade6a325212c52176806f93929b802bea1e,32,3,19,10,2,0,0,"static single-case binary; CUDA event includes setup/readback, clock64 covers timed window"
calibration,v2_calibration_bf16_n128_q32_batch_same_in0_same_discard_h0_b1_none_ops0,1,,NVIDIA Thor,11.0,580.00,13.0,1575.000,,,,mem_clock_mhz:unavailable;temperature_c:unavailable;power_w:unavailable;sm_clock_mhz:sysfs_or_default,bf16,128,32,500,2,413,batch,same,same,discard,0,0,1,1,none,0,1204742.0,,,,,75.296375,0.862112,,,,,10.966711212857193,9.73029954344679,964,0.000000000,1,aea7b9b4bf18410f9915ee133de85ade6a325212c52176806f93929b802bea1e,32,3,19,10,2,0,0,"static single-case binary; CUDA event includes setup/readback, clock64 covers timed window"
calibration,v2_calibration_bf16_n128_q1_batch_ring_in0_same_discard_h10000000_b1_none_ops0,1,,NVIDIA Thor,11.0,580.00,13.0,1575.000,,,,mem_clock_mhz:unavailable;temperature_c:unavailable;power_w:unavailable;sm_clock_mhz:sysfs_or_default,bf16,128,1,500,0,414,batch,ring,same,discard,0,10000000,1,1,none,0,215643.0,,,,,431.286,0.235552,,,,,1.9146311264450966,1.112892270072001,500,0.000000000,1,c3928ecc3fae1402ac7d3b0761371ef36a688a8a9b908f1d1a0c2036186c52e5,1,3,17,7,2,0,0,"static single-case binary; CUDA event includes setup/readback, clock64 covers timed window"
calibration,v2_calibration_bf16_n128_q1_batch_ring_in0_same_discard_h10000000_b1_none_ops0,1,,NVIDIA Thor,11.0,580.00,13.0,1575.000,,,,mem_clock_mhz:unavailable;temperature_c:unavailable;power_w:unavailable;sm_clock_mhz:sysfs_or_default,bf16,128,1,500,1,414,batch,ring,same,discard,0,10000000,1,1,none,0,215643.0,,,,,431.286,0.234528,,,,,1.9146311264450966,1.1177513985536909,500,0.000000000,1,c3928ecc3fae1402ac7d3b0761371ef36a688a8a9b908f1d1a0c2036186c52e5,1,3,17,7,2,0,0,"static single-case binary; CUDA event includes setup/readback, clock64 covers timed window"
calibration,v2_calibration_bf16_n128_q1_batch_ring_in0_same_discard_h10000000_b1_none_ops0,1,,NVIDIA Thor,11.0,580.00,13.0,1575.000,,,,mem_clock_mhz:unavailable;temperature_c:unavailable;power_w:unavailable;sm_clock_mhz:sysfs_or_default,bf16,128,1,500,2,414,batch,ring,same,discard,0,10000000,1,1,none,0,215643.0,,,,,431.286,0.23536,,,,,1.9146311264450966,1.1138001359619307,500,0.000000000,1,c3928ecc3fae1402ac7d3b0761371ef36a688a8a9b908f1d1a0c2036186c52e5,1,3,17,7,2,0,0,"static single-case binary; CUDA event includes setup/readback, clock64 covers timed window"
calibration,v2_calibration_bf16_n256_q16_batch_same_in1_same_discard_h32_b0_none_ops0,1,,NVIDIA Thor,11.0,580.00,13.0,1575.000,,,,mem_clock_mhz:unavailable;temperature_c:unavailable;power_w:unavailable;sm_clock_mhz:sysfs_or_default,bf16,256,16,500,0,415,batch,same,same,discard,1,32,0,20,none,0,1236852.0,,,,,154.6065,0.915584,,,,,213.64007334749834,183.2405983503425,29993,0.000000000,1,d5a2389f688dda64310e6e1b24ee37f5fba8d3989e01ec623a32d3f0797b585c,16,3,19,10,2,0,0,"static single-case binary; CUDA event includes setup/readback, clock64 covers timed window"
calibration,v2_calibration_bf16_n256_q16_batch_same_in1_same_discard_h32_b0_none_ops0,1,,NVIDIA Thor,11.0,580.00,13.0,1575.000,,,,mem_clock_mhz:unavailable;temperature_c:unavailable;power_w:unavailable;sm_clock_mhz:sysfs_or_default,bf16,256,16,500,1,415,batch,same,same,discard,1,32,0,20,none,0,1236220.0,,,,,154.5275,0.918208,,,,,213.74929381501676,182.71694430891475,29960,0.000000000,1,d5a2389f688dda64310e6e1b24ee37f5fba8d3989e01ec623a32d3f0797b585c,16,3,19,10,2,0,0,"static single-case binary; CUDA event includes setup/readback, clock64 covers timed window"
calibration,v2_calibration_bf16_n256_q16_batch_same_in1_same_discard_h32_b0_none_ops0,1,,NVIDIA Thor,11.0,580.00,13.0,1575.000,,,,mem_clock_mhz:unavailable;temperature_c:unavailable;power_w:unavailable;sm_clock_mhz:sysfs_or_default,bf16,256,16,500,2,415,batch,same,same,discard,1,32,0,20,none,0,1236526.0,,,,,154.56575,0.915456,,,,,213.69639781128743,183.26621923937358,29964,0.000000000,1,d5a2389f688dda64310e6e1b24ee37f5fba8d3989e01ec623a32d3f0797b585c,16,3,19,10,2,0,0,"static single-case binary; CUDA event includes setup/readback, clock64 covers timed window"
calibration,v2_calibration_fp16_n128_q4_batch_same_in0_same_discard_h32_b0_none_ops0,1,,NVIDIA Thor,11.0,580.00,13.0,1575.000,,,,mem_clock_mhz:unavailable;temperature_c:unavailable;power_w:unavailable;sm_clock_mhz:sysfs_or_default,fp16,128,4,500,0,416,batch,same,same,discard,0,32,0,20,none,0,315354.0,,,,,157.677,0.33456,,,,,104.73989231149756,62.683883309421326,10000,0.000000000,1,af7b27772e90b083fb7caeacec783505e21d394f850767bcbdeed887590ca15f,4,3,19,10,2,0,0,"static single-case binary; CUDA event includes setup/readback, clock64 covers timed window"
calibration,v2_calibration_fp16_n128_q4_batch_same_in0_same_discard_h32_b0_none_ops0,1,,NVIDIA Thor,11.0,580.00,13.0,1575.000,,,,mem_clock_mhz:unavailable;temperature_c:unavailable;power_w:unavailable;sm_clock_mhz:sysfs_or_default,fp16,128,4,500,1,416,batch,same,same,discard,0,32,0,20,none,0,315409.0,,,,,157.7045,0.331936,,,,,104.72162810826578,63.179408078665766,10000,0.000000000,1,af7b27772e90b083fb7caeacec783505e21d394f850767bcbdeed887590ca15f,4,3,19,10,2,0,0,"static single-case binary; CUDA event includes setup/readback, clock64 covers timed window"
calibration,v2_calibration_fp16_n128_q4_batch_same_in0_same_discard_h32_b0_none_ops0,1,,NVIDIA Thor,11.0,580.00,13.0,1575.000,,,,mem_clock_mhz:unavailable;temperature_c:unavailable;power_w:unavailable;sm_clock_mhz:sysfs_or_default,fp16,128,4,500,2,416,batch,same,same,discard,0,32,0,20,none,0,315310.0,,,,,157.655,0.333216,,,,,104.7545082617107,62.936713723230575,10000,0.000000000,1,af7b27772e90b083fb7caeacec783505e21d394f850767bcbdeed887590ca15f,4,3,19,10,2,0,0,"static single-case binary; CUDA event includes setup/readback, clock64 covers timed window"
calibration,v2_calibration_fp16_n256_q64_batch_ring_in0_same_discard_h0_b1_none_ops0,1,,NVIDIA Thor,11.0,580.00,13.0,1575.000,,,,mem_clock_mhz:unavailable;temperature_c:unavailable;power_w:unavailable;sm_clock_mhz:sysfs_or_default,fp16,256,64,500,0,417,batch,ring,same,discard,0,0,1,1,none,0,4321742.0,,,,,135.0544375,2.841184,,,,,12.228455655150167,11.810017232252468,1500,0.000000000,1,164abfa829353490498f266de5451df12a63ec7a0364c525bc681da0bc0d0f50,64,3,17,7,2,0,0,"static single-case binary; CUDA event includes setup/readback, clock64 covers timed window"
calibration,v2_calibration_fp16_n256_q64_batch_ring_in0_same_discard_h0_b1_none_ops0,1,,NVIDIA Thor,11.0,580.00,13.0,1575.000,,,,mem_clock_mhz:unavailable;temperature_c:unavailable;power_w:unavailable;sm_clock_mhz:sysfs_or_default,fp16,256,64,500,1,417,batch,ring,same,discard,0,0,1,1,none,0,4321628.0,,,,,135.050875,2.841152,,,,,12.228778228945202,11.810150248913118,1500,0.000000000,1,164abfa829353490498f266de5451df12a63ec7a0364c525bc681da0bc0d0f50,64,3,17,7,2,0,0,"static single-case binary; CUDA event includes setup/readback, clock64 covers timed window"
calibration,v2_calibration_fp16_n256_q64_batch_ring_in0_same_discard_h0_b1_none_ops0,1,,NVIDIA Thor,11.0,580.00,13.0,1575.000,,,,mem_clock_mhz:unavailable;temperature_c:unavailable;power_w:unavailable;sm_clock_mhz:sysfs_or_default,fp16,256,64,500,2,417,batch,ring,same,discard,0,0,1,1,none,0,4321574.0,,,,,135.0491875,2.841856,,,,,12.228931032998625,11.80722457436267,1499,0.000000000,1,164abfa829353490498f266de5451df12a63ec7a0364c525bc681da0bc0d0f50,64,3,17,7,2,0,0,"static single-case binary; CUDA event includes setup/readback, clock64 covers timed window"
calibration,v2_calibration_fp16_n128_q8_batch_same_in0_same_discard_h32_b0_none_ops0,1,,NVIDIA Thor,11.0,580.00,13.0,1575.000,,,,mem_clock_mhz:unavailable;temperature_c:unavailable;power_w:unavailable;sm_clock_mhz:sysfs_or_default,fp16,128,8,500,0,418,batch,same,same,discard,0,32,0,20,none,0,432074.0,,,,,108.0185,0.403872,,,,,152.89114364669015,103.85230964265907,15909,0.000000000,1,b353f0825bd4429447fb3d56a68669d95b0a94def79f82775d754a9ed41b51b4,8,3,19,10,2,0,0,"static single-case binary; CUDA event includes setup/readback, clock64 covers timed window"
calibration,v2_calibration_fp16_n128_q8_batch_same_in0_same_discard_h32_b0_none_ops0,1,,NVIDIA Thor,11.0,580.00,13.0,1575.000,,,,mem_clock_mhz:unavailable;temperature_c:unavailable;power_w:unavailable;sm_clock_mhz:sysfs_or_default,fp16,128,8,500,1,418,batch,same,same,discard,0,32,0,20,none,0,432216.0,,,,,108.054,0.404576,,,,,152.84091287689486,103.67159693110813,16131,0.000000000,1,b353f0825bd4429447fb3d56a68669d95b0a94def79f82775d754a9ed41b51b4,8,3,19,10,2,0,0,"static single-case binary; CUDA event includes setup/readback, clock64 covers timed window"
calibration,v2_calibration_fp16_n128_q8_batch_same_in0_same_discard_h32_b0_none_ops0,1,,NVIDIA Thor,11.0,580.00,13.0,1575.000,,,,mem_clock_mhz:unavailable;temperature_c:unavailable;power_w:unavailable;sm_clock_mhz:sysfs_or_default,fp16,128,8,500,2,418,batch,same,same,discard,0,32,0,20,none,0,432428.0,,,,,108.107,0.404224,,,,,152.765981851314,103.76187460417987,15939,0.000000000,1,b353f0825bd4429447fb3d56a68669d95b0a94def79f82775d754a9ed41b51b4,8,3,19,10,2,0,0,"static single-case binary; CUDA event includes setup/readback, clock64 covers timed window"
calibration,v2_calibration_fp16_n256_q4_batch_same_in1_same_discard_h0_b1_none_ops0,1,,NVIDIA Thor,11.0,580.00,13.0,1575.000,,,,mem_clock_mhz:unavailable;temperature_c:unavailable;power_w:unavailable;sm_clock_mhz:sysfs_or_default,fp16,256,4,500,0,419,batch,same,same,discard,1,0,1,1,none,0,425453.0,,,,,212.7265,0.36448,,,,,7.7635235854489215,5.7538191395961364,1000,0.000000000,1,973ca9621e77466e7b31f3ecab20fa2ec61ab83acd6b025f38ebb98aec5b4230,4,3,19,10,2,0,0,"static single-case binary; CUDA event includes setup/readback, clock64 covers timed window"
calibration,v2_calibration_fp16_n256_q4_batch_same_in1_same_discard_h0_b1_none_ops0,1,,NVIDIA Thor,11.0,580.00,13.0,1575.000,,,,mem_clock_mhz:unavailable;temperature_c:unavailable;power_w:unavailable;sm_clock_mhz:sysfs_or_default,fp16,256,4,500,1,419,batch,same,same,discard,1,0,1,1,none,0,425221.0,,,,,212.6105,0.368672,,,,,7.767759353371542,5.688395104591615,999,0.000000000,1,973ca9621e77466e7b31f3ecab20fa2ec61ab83acd6b025f38ebb98aec5b4230,4,3,19,10,2,0,0,"static single-case binary; CUDA event includes setup/readback, clock64 covers timed window"
calibration,v2_calibration_fp16_n256_q4_batch_same_in1_same_discard_h0_b1_none_ops0,1,,NVIDIA Thor,11.0,580.00,13.0,1575.000,,,,mem_clock_mhz:unavailable;temperature_c:unavailable;power_w:unavailable;sm_clock_mhz:sysfs_or_default,fp16,256,4,500,2,419,batch,same,same,discard,1,0,1,1,none,0,425264.0,,,,,212.632,0.367744,,,,,7.766973926784304,5.702749738948833,1000,0.000000000,1,973ca9621e77466e7b31f3ecab20fa2ec61ab83acd6b025f38ebb98aec5b4230,4,3,19,10,2,0,0,"static single-case binary; CUDA event includes setup/readback, clock64 covers timed window"
calibration,v2_calibration_fp16_n128_q32_batch_ring_in0_same_discard_h10000000_b0_none_ops0,1,,NVIDIA Thor,11.0,580.00,13.0,1575.000,,,,mem_clock_mhz:unavailable;temperature_c:unavailable;power_w:unavailable;sm_clock_mhz:sysfs_or_default,fp16,128,32,500,0,420,batch,ring,same,discard,0,10000000,0,20,none,0,1215427.0,,,,,75.9641875,0.900896,,,,,217.4060243848458,186.2281106809221,10000,0.000000000,1,2f8624b6753be97d3936e4482e4ef7fdc5debdce19501752bad5069220c51fa5,32,3,17,7,2,0,0,"static single-case binary; CUDA event includes setup/readback, clock64 covers timed window"
calibration,v2_calibration_fp16_n128_q32_batch_ring_in0_same_discard_h10000000_b0_none_ops0,1,,NVIDIA Thor,11.0,580.00,13.0,1575.000,,,,mem_clock_mhz:unavailable;temperature_c:unavailable;power_w:unavailable;sm_clock_mhz:sysfs_or_default,fp16,128,32,500,1,420,batch,ring,same,discard,0,10000000,0,20,none,0,1215434.0,,,,,75.964625,0.901504,,,,,217.40477228710074,186.10251313360786,10000,0.000000000,1,2f8624b6753be97d3936e4482e4ef7fdc5debdce19501752bad5069220c51fa5,32,3,17,7,2,0,0,"static single-case binary; CUDA event includes setup/readback, clock64 covers timed window"
calibration,v2_calibration_fp16_n128_q32_batch_ring_in0_same_discard_h10000000_b0_none_ops0,1,,NVIDIA Thor,11.0,580.00,13.0,1575.000,,,,mem_clock_mhz:unavailable;temperature_c:unavailable;power_w:unavailable;sm_clock_mhz:sysfs_or_default,fp16,128,32,500,2,420,batch,ring,same,discard,0,10000000,0,20,none,0,1215427.0,,,,,75.9641875,0.904544,,,,,217.4060243848458,185.47705805356068,10000,0.000000000,1,2f8624b6753be97d3936e4482e4ef7fdc5debdce19501752bad5069220c51fa5,32,3,17,7,2,0,0,"static single-case binary; CUDA event includes setup/readback, clock64 covers timed window"
calibration,v2_calibration_bf16_n256_q8_batch_ring_in0_same_discard_h32_b0_none_ops0,1,,NVIDIA Thor,11.0,580.00,13.0,1575.000,,,,mem_clock_mhz:unavailable;temperature_c:unavailable;power_w:unavailable;sm_clock_mhz:sysfs_or_default,bf16,256,8,500,0,421,batch,ring,same,discard,0,32,0,20,none,0,709980.0,,,,,177.495,0.580352,,,,,186.09056029747316,144.54344949272166,29995,0.000000000,1,2251aedddae2b03a7f10627dcede0e6233b090bb69ab12f141d7a2cc274115d6,8,3,17,7,2,0,0,"static single-case binary; CUDA event includes setup/readback, clock64 covers timed window"
calibration,v2_calibration_bf16_n256_q8_batch_ring_in0_same_discard_h32_b0_none_ops0,1,,NVIDIA Thor,11.0,580.00,13.0,1575.000,,,,mem_clock_mhz:unavailable;temperature_c:unavailable;power_w:unavailable;sm_clock_mhz:sysfs_or_default,bf16,256,8,500,1,421,batch,ring,same,discard,0,32,0,20,none,0,710090.0,,,,,177.5225,0.58048,,,,,186.06173301975807,144.51157662624038,29988,0.000000000,1,2251aedddae2b03a7f10627dcede0e6233b090bb69ab12f141d7a2cc274115d6,8,3,17,7,2,0,0,"static single-case binary; CUDA event includes setup/readback, clock64 covers timed window"
calibration,v2_calibration_bf16_n256_q8_batch_ring_in0_same_discard_h32_b0_none_ops0,1,,NVIDIA Thor,11.0,580.00,13.0,1575.000,,,,mem_clock_mhz:unavailable;temperature_c:unavailable;power_w:unavailable;sm_clock_mhz:sysfs_or_default,bf16,256,8,500,2,421,batch,ring,same,discard,0,32,0,20,none,0,710032.0,,,,,177.508,0.583328,,,,,186.0769317439214,143.80602336935652,29996,0.000000000,1,2251aedddae2b03a7f10627dcede0e6233b090bb69ab12f141d7a2cc274115d6,8,3,17,7,2,0,0,"static single-case binary; CUDA event includes setup/readback, clock64 covers timed window"
calibration,v2_calibration_bf16_n128_q32_batch_ring_in0_same_discard_h0_b1_none_ops0,1,,NVIDIA Thor,11.0,580.00,13.0,1575.000,,,,mem_clock_mhz:unavailable;temperature_c:unavailable;power_w:unavailable;sm_clock_mhz:sysfs_or_default,bf16,128,32,500,0,422,batch,ring,same,discard,0,0,1,1,none,0,1205022.0,,,,,75.313875,0.861504,,,,,10.964162977937333,9.737166629522324,962,0.000000000,1,fac93cf39af81cb9d79afa2af521800599dadf9d49f79538128ad2f327a7d62c,32,3,17,7,2,0,0,"static single-case binary; CUDA event includes setup/readback, clock64 covers timed window"
calibration,v2_calibration_bf16_n128_q32_batch_ring_in0_same_discard_h0_b1_none_ops0,1,,NVIDIA Thor,11.0,580.00,13.0,1575.000,,,,mem_clock_mhz:unavailable;temperature_c:unavailable;power_w:unavailable;sm_clock_mhz:sysfs_or_default,bf16,128,32,500,1,422,batch,ring,same,discard,0,0,1,1,none,0,1204680.0,,,,,75.2925,0.861216,,,,,10.967275625062257,9.740422843978745,964,0.000000000,1,fac93cf39af81cb9d79afa2af521800599dadf9d49f79538128ad2f327a7d62c,32,3,17,7,2,0,0,"static single-case binary; CUDA event includes setup/readback, clock64 covers timed window"
calibration,v2_calibration_bf16_n128_q32_batch_ring_in0_same_discard_h0_b1_none_ops0,1,,NVIDIA Thor,11.0,580.00,13.0,1575.000,,,,mem_clock_mhz:unavailable;temperature_c:unavailable;power_w:unavailable;sm_clock_mhz:sysfs_or_default,bf16,128,32,500,2,422,batch,ring,same,discard,0,0,1,1,none,0,1203964.0,,,,,75.24775,0.860256,,,,,10.97379788764448,9.751292638470408,960,0.000000000,1,fac93cf39af81cb9d79afa2af521800599dadf9d49f79538128ad2f327a7d62c,32,3,17,7,2,0,0,"static single-case binary; CUDA event includes setup/readback, clock64 covers timed window"
calibration,v2_calibration_fp16_n128_q1_batch_same_in1_same_discard_h10000000_b1_none_ops0,1,,NVIDIA Thor,11.0,580.00,13.0,1575.000,,,,mem_clock_mhz:unavailable;temperature_c:unavailable;power_w:unavailable;sm_clock_mhz:sysfs_or_default,fp16,128,1,500,0,423,batch,same,same,discard,1,10000000,1,1,none,0,215654.0,,,,,431.308,0.235424,,,,,1.9145334656440407,1.1134973494630964,500,0.000000000,1,fe7d91760de48087d02f07d8ca74d577b80f6e63a3d1f81c90bf989562c84186,1,3,19,10,2,0,0,"static single-case binary; CUDA event includes setup/readback, clock64 covers timed window"
calibration,v2_calibration_fp16_n128_q1_batch_same_in1_same_discard_h10000000_b1_none_ops0,1,,NVIDIA Thor,11.0,580.00,13.0,1575.000,,,,mem_clock_mhz:unavailable;temperature_c:unavailable;power_w:unavailable;sm_clock_mhz:sysfs_or_default,fp16,128,1,500,1,423,batch,same,same,discard,1,10000000,1,1,none,0,215654.0,,,,,431.308,0.234208,,,,,1.9145334656440407,1.1192785899713076,500,0.000000000,1,fe7d91760de48087d02f07d8ca74d577b80f6e63a3d1f81c90bf989562c84186,1,3,19,10,2,0,0,"static single-case binary; CUDA event includes setup/readback, clock64 covers timed window"
calibration,v2_calibration_fp16_n128_q1_batch_same_in1_same_discard_h10000000_b1_none_ops0,1,,NVIDIA Thor,11.0,580.00,13.0,1575.000,,,,mem_clock_mhz:unavailable;temperature_c:unavailable;power_w:unavailable;sm_clock_mhz:sysfs_or_default,fp16,128,1,500,2,423,batch,same,same,discard,1,10000000,1,1,none,0,215654.0,,,,,431.308,0.233568,,,,,1.9145334656440407,1.122345526784491,500,0.000000000,1,fe7d91760de48087d02f07d8ca74d577b80f6e63a3d1f81c90bf989562c84186,1,3,19,10,2,0,0,"static single-case binary; CUDA event includes setup/readback, clock64 covers timed window"
calibration,v2_calibration_bf16_n256_q64_batch_same_in0_same_discard_h0_b0_none_ops0,1,,NVIDIA Thor,11.0,580.00,13.0,1575.000,,,,mem_clock_mhz:unavailable;temperature_c:unavailable;power_w:unavailable;sm_clock_mhz:sysfs_or_default,bf16,256,64,500,0,424,batch,same,same,discard,0,0,0,20,none,0,4322920.0,,,,,135.09125,2.876352,,,,,244.50246777641038,233.31241795162762,29995,0.000000000,1,91138baedaa1d9e5f50eeddc360a03e724887be00fb632e952f5ff86ac16ad5c,64,3,19,10,2,0,0,"static single-case binary; CUDA event includes setup/readback, clock64 covers timed window"
calibration,v2_calibration_bf16_n256_q64_batch_same_in0_same_discard_h0_b0_none_ops0,1,,NVIDIA Thor,11.0,580.00,13.0,1575.000,,,,mem_clock_mhz:unavailable;temperature_c:unavailable;power_w:unavailable;sm_clock_mhz:sysfs_or_default,bf16,256,64,500,1,424,batch,same,same,discard,0,0,0,20,none,0,4322991.0,,,,,135.09346875,2.875424,,,,,244.4984521133632,233.38771603770434,29996,0.000000000,1,91138baedaa1d9e5f50eeddc360a03e724887be00fb632e952f5ff86ac16ad5c,64,3,19,10,2,0,0,"static single-case binary; CUDA event includes setup/readback, clock64 covers timed window"
calibration,v2_calibration_bf16_n256_q64_batch_same_in0_same_discard_h0_b0_none_ops0,1,,NVIDIA Thor,11.0,580.00,13.0,1575.000,,,,mem_clock_mhz:unavailable;temperature_c:unavailable;power_w:unavailable;sm_clock_mhz:sysfs_or_default,bf16,256,64,500,2,424,batch,same,same,discard,0,0,0,20,none,0,4322946.0,,,,,135.0920625,2.876608,,,,,244.5009972366067,233.29165461543593,30000,0.000000000,1,91138baedaa1d9e5f50eeddc360a03e724887be00fb632e952f5ff86ac16ad5c,64,3,19,10,2,0,0,"static single-case binary; CUDA event includes setup/readback, clock64 covers timed window"
calibration,v2_calibration_bf16_n256_q32_batch_ring_in0_same_discard_h32_b1_none_ops0,1,,NVIDIA Thor,11.0,580.00,13.0,1575.000,,,,mem_clock_mhz:unavailable;temperature_c:unavailable;power_w:unavailable;sm_clock_mhz:sysfs_or_default,bf16,256,32,500,0,425,batch,ring,same,discard,0,32,1,1,none,0,2246446.0,,,,,140.402875,1.525024,,,,,11.762630929031902,11.001279979856054,1499,0.000000000,1,ed22bb0cf278e2d9160c6d43d07c17237e38cf37c7e066d793f1d7d51f42c252,32,3,17,7,2,0,0,"static single-case binary; CUDA event includes setup/readback, clock64 covers timed window"
calibration,v2_calibration_bf16_n256_q32_batch_ring_in0_same_discard_h32_b1_none_ops0,1,,NVIDIA Thor,11.0,580.00,13.0,1575.000,,,,mem_clock_mhz:unavailable;temperature_c:unavailable;power_w:unavailable;sm_clock_mhz:sysfs_or_default,bf16,256,32,500,1,425,batch,ring,same,discard,0,32,1,1,none,0,2246447.0,,,,,140.4029375,1.523104,,,,,11.762625692927543,11.015148013530265,1498,0.000000000,1,ed22bb0cf278e2d9160c6d43d07c17237e38cf37c7e066d793f1d7d51f42c252,32,3,17,7,2,0,0,"static single-case binary; CUDA event includes setup/readback, clock64 covers timed window"
calibration,v2_calibration_bf16_n256_q32_batch_ring_in0_same_discard_h32_b1_none_ops0,1,,NVIDIA Thor,11.0,580.00,13.0,1575.000,,,,mem_clock_mhz:unavailable;temperature_c:unavailable;power_w:unavailable;sm_clock_mhz:sysfs_or_default,bf16,256,32,500,2,425,batch,ring,same,discard,0,32,1,1,none,0,2246742.0,,,,,140.421375,1.525792,,,,,11.761081245643691,10.995742538956817,1500,0.000000000,1,ed22bb0cf278e2d9160c6d43d07c17237e38cf37c7e066d793f1d7d51f42c252,32,3,17,7,2,0,0,"static single-case binary; CUDA event includes setup/readback, clock64 covers timed window"
calibration,v2_calibration_bf16_n128_q4_batch_ring_in0_same_discard_h32_b0_none_ops0,1,,NVIDIA Thor,11.0,580.00,13.0,1575.000,,,,mem_clock_mhz:unavailable;temperature_c:unavailable;power_w:unavailable;sm_clock_mhz:sysfs_or_default,bf16,128,4,500,0,426,batch,ring,same,discard,0,32,0,20,none,0,315343.0,,,,,157.6715,0.332832,,,,,104.74354591666851,63.009326026343615,10000,0.000000000,1,68eaebf1237665929f506ec64012cb54aac2eed7eee84c864b89654652acd3ae,4,3,17,7,2,0,0,"static single-case binary; CUDA event includes setup/readback, clock64 covers timed window"
calibration,v2_calibration_bf16_n128_q4_batch_ring_in0_same_discard_h32_b0_none_ops0,1,,NVIDIA Thor,11.0,580.00,13.0,1575.000,,,,mem_clock_mhz:unavailable;temperature_c:unavailable;power_w:unavailable;sm_clock_mhz:sysfs_or_default,bf16,128,4,500,1,426,batch,ring,same,discard,0,32,0,20,none,0,315382.0,,,,,157.691,0.332064,,,,,104.73059337565239,63.155054447335445,10000,0.000000000,1,68eaebf1237665929f506ec64012cb54aac2eed7eee84c864b89654652acd3ae,4,3,17,7,2,0,0,"static single-case binary; CUDA event includes setup/readback, clock64 covers timed window"
calibration,v2_calibration_bf16_n128_q4_batch_ring_in0_same_discard_h32_b0_none_ops0,1,,NVIDIA Thor,11.0,580.00,13.0,1575.000,,,,mem_clock_mhz:unavailable;temperature_c:unavailable;power_w:unavailable;sm_clock_mhz:sysfs_or_default,bf16,128,4,500,2,426,batch,ring,same,discard,0,32,0,20,none,0,315295.0,,,,,157.6475,0.332608,,,,,104.75949190440699,63.05176063113334,10000,0.000000000,1,68eaebf1237665929f506ec64012cb54aac2eed7eee84c864b89654652acd3ae,4,3,17,7,2,0,0,"static single-case binary; CUDA event includes setup/readback, clock64 covers timed window"
calibration,v2_calibration_fp16_n256_q4_batch_ring_in0_same_discard_h10000000_b0_none_ops0,1,,NVIDIA Thor,11.0,580.00,13.0,1575.000,,,,mem_clock_mhz:unavailable;temperature_c:unavailable;power_w:unavailable;sm_clock_mhz:sysfs_or_default,fp16,256,4,500,0,427,batch,ring,same,discard,0,10000000,0,20,none,0,447270.0,,,,,223.635,0.417536,,,,,147.69666644308805,100.453709380748,10000,0.000000000,1,c11ff0fd5b2d18cf9c3c3e9b608e220a43cb7727106138537fccd4692acd2922,4,3,17,7,2,0,0,"static single-case binary; CUDA event includes setup/readback, clock64 covers timed window"
calibration,v2_calibration_fp16_n256_q4_batch_ring_in0_same_discard_h10000000_b0_none_ops0,1,,NVIDIA Thor,11.0,580.00,13.0,1575.000,,,,mem_clock_mhz:unavailable;temperature_c:unavailable;power_w:unavailable;sm_clock_mhz:sysfs_or_default,fp16,256,4,500,1,427,batch,ring,same,discard,0,10000000,0,20,none,0,447272.0,,,,,223.636,0.417024,,,,,147.69600600976588,100.57704112952732,10000,0.000000000,1,c11ff0fd5b2d18cf9c3c3e9b608e220a43cb7727106138537fccd4692acd2922,4,3,17,7,2,0,0,"static single-case binary; CUDA event includes setup/readback, clock64 covers timed window"
calibration,v2_calibration_fp16_n256_q4_batch_ring_in0_same_discard_h10000000_b0_none_ops0,1,,NVIDIA Thor,11.0,580.00,13.0,1575.000,,,,mem_clock_mhz:unavailable;temperature_c:unavailable;power_w:unavailable;sm_clock_mhz:sysfs_or_default,fp16,256,4,500,2,427,batch,ring,same,discard,0,10000000,0,20,none,0,447268.0,,,,,223.634,0.415072,,,,,147.69732688231662,101.0500346927762,10000,0.000000000,1,c11ff0fd5b2d18cf9c3c3e9b608e220a43cb7727106138537fccd4692acd2922,4,3,17,7,2,0,0,"static single-case binary; CUDA event includes setup/readback, clock64 covers timed window"
calibration,v2_calibration_fp16_n256_q32_batch_same_in0_same_discard_h10000000_b1_none_ops0,1,,NVIDIA Thor,11.0,580.00,13.0,1575.000,,,,mem_clock_mhz:unavailable;temperature_c:unavailable;power_w:unavailable;sm_clock_mhz:sysfs_or_default,fp16,256,32,500,0,428,batch,same,same,discard,0,10000000,1,1,none,0,2239145.0,,,,,139.9465625,1.51776,,,,,11.800984393596663,11.0539321104786,500,0.000000000,1,dc3ad0ea16f34c5de7d340c9f5fff06e987800c24b53743843ebcdaa6d5cca6f,32,3,19,10,2,0,0,"static single-case binary; CUDA event includes setup/readback, clock64 covers timed window"
calibration,v2_calibration_fp16_n256_q32_batch_same_in0_same_discard_h10000000_b1_none_ops0,1,,NVIDIA Thor,11.0,580.00,13.0,1575.000,,,,mem_clock_mhz:unavailable;temperature_c:unavailable;power_w:unavailable;sm_clock_mhz:sysfs_or_default,fp16,256,32,500,1,428,batch,same,same,discard,0,10000000,1,1,none,0,2239145.0,,,,,139.9465625,1.519488,,,,,11.800984393596663,11.041361300648639,500,0.000000000,1,dc3ad0ea16f34c5de7d340c9f5fff06e987800c24b53743843ebcdaa6d5cca6f,32,3,19,10,2,0,0,"static single-case binary; CUDA event includes setup/readback, clock64 covers timed window"
calibration,v2_calibration_fp16_n256_q32_batch_same_in0_same_discard_h10000000_b1_none_ops0,1,,NVIDIA Thor,11.0,580.00,13.0,1575.000,,,,mem_clock_mhz:unavailable;temperature_c:unavailable;power_w:unavailable;sm_clock_mhz:sysfs_or_default,fp16,256,32,500,2,428,batch,same,same,discard,0,10000000,1,1,none,0,2239145.0,,,,,139.9465625,1.519648,,,,,11.800984393596663,11.040198782876033,500,0.000000000,1,dc3ad0ea16f34c5de7d340c9f5fff06e987800c24b53743843ebcdaa6d5cca6f,32,3,19,10,2,0,0,"static single-case binary; CUDA event includes setup/readback, clock64 covers timed window"
calibration,v2_calibration_fp16_n128_q2_batch_same_in0_same_discard_h10000000_b1_none_ops0,1,,NVIDIA Thor,11.0,580.00,13.0,1575.000,,,,mem_clock_mhz:unavailable;temperature_c:unavailable;power_w:unavailable;sm_clock_mhz:sysfs_or_default,fp16,128,2,500,0,429,batch,same,same,discard,0,10000000,1,1,none,0,237632.0,,,,,237.632,0.247744,,,,,3.474925935900889,2.116249031258073,500,0.000000000,1,202641085da9f4ccc2030409325f3cbe91bc32bd1e061be1fc2d4d1172846990,2,3,19,10,2,0,0,"static single-case binary; CUDA event includes setup/readback, clock64 covers timed window"
calibration,v2_calibration_fp16_n128_q2_batch_same_in0_same_discard_h10000000_b1_none_ops0,1,,NVIDIA Thor,11.0,580.00,13.0,1575.000,,,,mem_clock_mhz:unavailable;temperature_c:unavailable;power_w:unavailable;sm_clock_mhz:sysfs_or_default,fp16,128,2,500,1,429,batch,same,same,discard,0,10000000,1,1,none,0,237632.0,,,,,237.632,0.248736,,,,,3.474925935900889,2.1078090827222438,500,0.000000000,1,202641085da9f4ccc2030409325f3cbe91bc32bd1e061be1fc2d4d1172846990,2,3,19,10,2,0,0,"static single-case binary; CUDA event includes setup/readback, clock64 covers timed window"
calibration,v2_calibration_fp16_n128_q2_batch_same_in0_same_discard_h10000000_b1_none_ops0,1,,NVIDIA Thor,11.0,580.00,13.0,1575.000,,,,mem_clock_mhz:unavailable;temperature_c:unavailable;power_w:unavailable;sm_clock_mhz:sysfs_or_default,fp16,128,2,500,2,429,batch,same,same,discard,0,10000000,1,1,none,0,237632.0,,,,,237.632,0.248064,,,,,3.474925935900889,2.1135190918472655,500,0.000000000,1,202641085da9f4ccc2030409325f3cbe91bc32bd1e061be1fc2d4d1172846990,2,3,19,10,2,0,0,"static single-case binary; CUDA event includes setup/readback, clock64 covers timed window"
calibration,v2_calibration_fp16_n256_q8_batch_ring_in0_same_discard_h0_b0_none_ops0,1,,NVIDIA Thor,11.0,580.00,13.0,1575.000,,,,mem_clock_mhz:unavailable;temperature_c:unavailable;power_w:unavailable;sm_clock_mhz:sysfs_or_default,fp16,256,8,500,0,430,batch,ring,same,discard,0,0,0,20,none,0,725876.0,,,,,181.469,0.593984,,,,,182.01535248444637,141.22616097403298,30000,0.000000000,1,ab5e190aad06142a7ff91e8afcd84b9d0ea40368d7cf14da82a35b89e68618e2,8,3,17,7,2,0,0,"static single-case binary; CUDA event includes setup/readback, clock64 covers timed window"
calibration,v2_calibration_fp16_n256_q8_batch_ring_in0_same_discard_h0_b0_none_ops0,1,,NVIDIA Thor,11.0,580.00,13.0,1575.000,,,,mem_clock_mhz:unavailable;temperature_c:unavailable;power_w:unavailable;sm_clock_mhz:sysfs_or_default,fp16,256,8,500,1,430,batch,ring,same,discard,0,0,0,20,none,0,725905.0,,,,,181.47625,0.59328,,,,,182.00808094723138,141.39374325782092,29998,0.000000000,1,ab5e190aad06142a7ff91e8afcd84b9d0ea40368d7cf14da82a35b89e68618e2,8,3,17,7,2,0,0,"static single-case binary; CUDA event includes setup/readback, clock64 covers timed window"
calibration,v2_calibration_fp16_n256_q8_batch_ring_in0_same_discard_h0_b0_none_ops0,1,,NVIDIA Thor,11.0,580.00,13.0,1575.000,,,,mem_clock_mhz:unavailable;temperature_c:unavailable;power_w:unavailable;sm_clock_mhz:sysfs_or_default,fp16,256,8,500,2,430,batch,ring,same,discard,0,0,0,20,none,0,725911.0,,,,,181.47775,0.592736,,,,,182.00657656379363,141.5235113102629,30000,0.000000000,1,ab5e190aad06142a7ff91e8afcd84b9d0ea40368d7cf14da82a35b89e68618e2,8,3,17,7,2,0,0,"static single-case binary; CUDA event includes setup/readback, clock64 covers timed window"
control,v2_control_bf16_n256_q64_empty_same_in0_same_discard_h0_b1_none_ops0,1,,NVIDIA Thor,11.0,580.00,13.0,1575.000,,,,mem_clock_mhz:unavailable;temperature_c:unavailable;power_w:unavailable;sm_clock_mhz:sysfs_or_default,bf16,256,64,1000,0,431,empty,same,same,discard,0,0,1,1,none,0,264107.0,,,,,,0.263616,,,,,,,0,0.000000000,1,b733a103c91526e59e057d68531709113d6cec6ed8be0b74f29b3330b45755cb,0,2,16,9,2,0,0,"static single-case binary; CUDA event includes setup/readback, clock64 covers timed window"
control,v2_control_bf16_n256_q64_empty_same_in0_same_discard_h0_b1_none_ops0,1,,NVIDIA Thor,11.0,580.00,13.0,1575.000,,,,mem_clock_mhz:unavailable;temperature_c:unavailable;power_w:unavailable;sm_clock_mhz:sysfs_or_default,bf16,256,64,1000,1,431,empty,same,same,discard,0,0,1,1,none,0,264107.0,,,,,,0.265696,,,,,,,0,0.000000000,1,b733a103c91526e59e057d68531709113d6cec6ed8be0b74f29b3330b45755cb,0,2,16,9,2,0,0,"static single-case binary; CUDA event includes setup/readback, clock64 covers timed window"
control,v2_control_bf16_n256_q64_empty_same_in0_same_discard_h0_b1_none_ops0,1,,NVIDIA Thor,11.0,580.00,13.0,1575.000,,,,mem_clock_mhz:unavailable;temperature_c:unavailable;power_w:unavailable;sm_clock_mhz:sysfs_or_default,bf16,256,64,1000,2,431,empty,same,same,discard,0,0,1,1,none,0,264107.0,,,,,,0.265408,,,,,,,0,0.000000000,1,b733a103c91526e59e057d68531709113d6cec6ed8be0b74f29b3330b45755cb,0,2,16,9,2,0,0,"static single-case binary; CUDA event includes setup/readback, clock64 covers timed window"
calibration,v2_calibration_fp16_n256_q4_batch_same_in1_same_discard_h32_b1_none_ops0,1,,NVIDIA Thor,11.0,580.00,13.0,1575.000,,,,mem_clock_mhz:unavailable;temperature_c:unavailable;power_w:unavailable;sm_clock_mhz:sysfs_or_default,fp16,256,4,500,0,432,batch,same,same,discard,1,32,1,1,none,0,432567.0,,,,,216.2835,0.372224,,,,,7.635844620602126,5.6341127922971115,1001,0.000000000,1,efd7b6c79bdd2dd3f977e42824160078a80de4886d8f071523684e537fdaa4c9,4,3,19,10,2,0,0,"static single-case binary; CUDA event includes setup/readback, clock64 covers timed window"
calibration,v2_calibration_fp16_n256_q4_batch_same_in1_same_discard_h32_b1_none_ops0,1,,NVIDIA Thor,11.0,580.00,13.0,1575.000,,,,mem_clock_mhz:unavailable;temperature_c:unavailable;power_w:unavailable;sm_clock_mhz:sysfs_or_default,fp16,256,4,500,1,432,batch,same,same,discard,1,32,1,1,none,0,432491.0,,,,,216.2455,0.372544,,,,,7.637186438561727,5.629273320735269,1002,0.000000000,1,efd7b6c79bdd2dd3f977e42824160078a80de4886d8f071523684e537fdaa4c9,4,3,19,10,2,0,0,"static single-case binary; CUDA event includes setup/readback, clock64 covers timed window"
calibration,v2_calibration_fp16_n256_q4_batch_same_in1_same_discard_h32_b1_none_ops0,1,,NVIDIA Thor,11.0,580.00,13.0,1575.000,,,,mem_clock_mhz:unavailable;temperature_c:unavailable;power_w:unavailable;sm_clock_mhz:sysfs_or_default,fp16,256,4,500,2,432,batch,same,same,discard,1,32,1,1,none,0,432533.0,,,,,216.2665,0.372608,,,,,7.636444849294735,5.62830642390931,1001,0.000000000,1,efd7b6c79bdd2dd3f977e42824160078a80de4886d8f071523684e537fdaa4c9,4,3,19,10,2,0,0,"static single-case binary; CUDA event includes setup/readback, clock64 covers timed window"
calibration,v2_calibration_bf16_n256_q1_batch_same_in1_same_discard_h0_b1_none_ops0,1,,NVIDIA Thor,11.0,580.00,13.0,1575.000,,,,mem_clock_mhz:unavailable;temperature_c:unavailable;power_w:unavailable;sm_clock_mhz:sysfs_or_default,bf16,256,1,500,0,433,batch,same,same,discard,1,0,1,1,none,0,225128.0,,,,,450.256,0.240928,,,,,3.667929355744288,2.1761190065081686,500,0.000000000,1,66ef6b09173120f1e55a162e2c418de97285821d09015b3a9a170898cb3f357b,1,3,19,10,2,0,0,"static single-case binary; CUDA event includes setup/readback, clock64 covers timed window"
calibration,v2_calibration_bf16_n256_q1_batch_same_in1_same_discard_h0_b1_none_ops0,1,,NVIDIA Thor,11.0,580.00,13.0,1575.000,,,,mem_clock_mhz:unavailable;temperature_c:unavailable;power_w:unavailable;sm_clock_mhz:sysfs_or_default,bf16,256,1,500,1,433,batch,same,same,discard,1,0,1,1,none,0,225128.0,,,,,450.256,0.241664,,,,,3.667929355744288,2.169491525423729,500,0.000000000,1,66ef6b09173120f1e55a162e2c418de97285821d09015b3a9a170898cb3f357b,1,3,19,10,2,0,0,"static single-case binary; CUDA event includes setup/readback, clock64 covers timed window"
calibration,v2_calibration_bf16_n256_q1_batch_same_in1_same_discard_h0_b1_none_ops0,1,,NVIDIA Thor,11.0,580.00,13.0,1575.000,,,,mem_clock_mhz:unavailable;temperature_c:unavailable;power_w:unavailable;sm_clock_mhz:sysfs_or_default,bf16,256,1,500,2,433,batch,same,same,discard,1,0,1,1,none,0,225128.0,,,,,450.256,0.241344,,,,,3.667929355744288,2.1723680721294087,500,0.000000000,1,66ef6b09173120f1e55a162e2c418de97285821d09015b3a9a170898cb3f357b,1,3,19,10,2,0,0,"static single-case binary; CUDA event includes setup/readback, clock64 covers timed window"
calibration,v2_calibration_bf16_n256_q2_batch_same_in1_same_discard_h0_b0_none_ops0,1,,NVIDIA Thor,11.0,580.00,13.0,1575.000,,,,mem_clock_mhz:unavailable;temperature_c:unavailable;power_w:unavailable;sm_clock_mhz:sysfs_or_default,bf16,256,2,500,0,434,batch,same,same,discard,1,0,0,20,none,0,308398.0,,,,,308.398,0.327456,,,,,107.10232880887685,64.04377992768494,17960,0.000000000,1,1679be704060cc4991ac1563bd4e48e0a725b09adff1bc43131c735163c91811,2,3,19,10,2,0,0,"static single-case binary; CUDA event includes setup/readback, clock64 covers timed window"
calibration,v2_calibration_bf16_n256_q2_batch_same_in1_same_discard_h0_b0_none_ops0,1,,NVIDIA Thor,11.0,580.00,13.0,1575.000,,,,mem_clock_mhz:unavailable;temperature_c:unavailable;power_w:unavailable;sm_clock_mhz:sysfs_or_default,bf16,256,2,500,1,434,batch,same,same,discard,1,0,0,20,none,0,308460.0,,,,,308.46,0.327968,,,,,107.08080140050573,63.94379939506294,17910,0.000000000,1,1679be704060cc4991ac1563bd4e48e0a725b09adff1bc43131c735163c91811,2,3,19,10,2,0,0,"static single-case binary; CUDA event includes setup/readback, clock64 covers timed window"
calibration,v2_calibration_bf16_n256_q2_batch_same_in1_same_discard_h0_b0_none_ops0,1,,NVIDIA Thor,11.0,580.00,13.0,1575.000,,,,mem_clock_mhz:unavailable;temperature_c:unavailable;power_w:unavailable;sm_clock_mhz:sysfs_or_default,bf16,256,2,500,2,434,batch,same,same,discard,1,0,0,20,none,0,309276.0,,,,,309.276,0.326976,,,,,106.79827726690723,64.137796046193,18116,0.000000000,1,1679be704060cc4991ac1563bd4e48e0a725b09adff1bc43131c735163c91811,2,3,19,10,2,0,0,"static single-case binary; CUDA event includes setup/readback, clock64 covers timed window"
control,v2_control_bf16_n256_q64_empty_same_in0_same_discard_h10000000_b1_none_ops0,1,,NVIDIA Thor,11.0,580.00,13.0,1575.000,,,,mem_clock_mhz:unavailable;temperature_c:unavailable;power_w:unavailable;sm_clock_mhz:sysfs_or_default,bf16,256,64,1000,0,435,empty,same,same,discard,0,10000000,1,1,none,0,264107.0,,,,,,0.26528,,,,,,,0,0.000000000,1,2ce5f806f3a5d6684981897baeca113ce3f4145687ee790d97935b478626cd25,0,2,16,9,2,0,0,"static single-case binary; CUDA event includes setup/readback, clock64 covers timed window"
control,v2_control_bf16_n256_q64_empty_same_in0_same_discard_h10000000_b1_none_ops0,1,,NVIDIA Thor,11.0,580.00,13.0,1575.000,,,,mem_clock_mhz:unavailable;temperature_c:unavailable;power_w:unavailable;sm_clock_mhz:sysfs_or_default,bf16,256,64,1000,1,435,empty,same,same,discard,0,10000000,1,1,none,0,264108.0,,,,,,0.264608,,,,,,,0,0.000000000,1,2ce5f806f3a5d6684981897baeca113ce3f4145687ee790d97935b478626cd25,0,2,16,9,2,0,0,"static single-case binary; CUDA event includes setup/readback, clock64 covers timed window"
control,v2_control_bf16_n256_q64_empty_same_in0_same_discard_h10000000_b1_none_ops0,1,,NVIDIA Thor,11.0,580.00,13.0,1575.000,,,,mem_clock_mhz:unavailable;temperature_c:unavailable;power_w:unavailable;sm_clock_mhz:sysfs_or_default,bf16,256,64,1000,2,435,empty,same,same,discard,0,10000000,1,1,none,0,264108.0,,,,,,0.257984,,,,,,,0,0.000000000,1,2ce5f806f3a5d6684981897baeca113ce3f4145687ee790d97935b478626cd25,0,2,16,9,2,0,0,"static single-case binary; CUDA event includes setup/readback, clock64 covers timed window"
calibration,v2_calibration_fp16_n256_q1_batch_same_in0_same_discard_h32_b1_none_ops0,1,,NVIDIA Thor,11.0,580.00,13.0,1575.000,,,,mem_clock_mhz:unavailable;temperature_c:unavailable;power_w:unavailable;sm_clock_mhz:sysfs_or_default,fp16,256,1,500,0,436,batch,same,same,discard,0,32,1,1,none,0,248711.0,,,,,497.422,0.254848,,,,,3.32013300577779,2.0572576594676044,500,0.000000000,1,77faead213946da02a59ff4319dcd26f0d5480074efee88ece212a1b101a9cca,1,3,19,10,2,0,0,"static single-case binary; CUDA event includes setup/readback, clock64 covers timed window"
calibration,v2_calibration_fp16_n256_q1_batch_same_in0_same_discard_h32_b1_none_ops0,1,,NVIDIA Thor,11.0,580.00,13.0,1575.000,,,,mem_clock_mhz:unavailable;temperature_c:unavailable;power_w:unavailable;sm_clock_mhz:sysfs_or_default,fp16,256,1,500,1,436,batch,same,same,discard,0,32,1,1,none,0,248621.0,,,,,497.242,0.255744,,,,,3.3213348832158185,2.0500500500500496,500,0.000000000,1,77faead213946da02a59ff4319dcd26f0d5480074efee88ece212a1b101a9cca,1,3,19,10,2,0,0,"static single-case binary; CUDA event includes setup/readback, clock64 covers timed window"
calibration,v2_calibration_fp16_n256_q1_batch_same_in0_same_discard_h32_b1_none_ops0,1,,NVIDIA Thor,11.0,580.00,13.0,1575.000,,,,mem_clock_mhz:unavailable;temperature_c:unavailable;power_w:unavailable;sm_clock_mhz:sysfs_or_default,fp16,256,1,500,2,436,batch,same,same,discard,0,32,1,1,none,0,248680.0,,,,,497.36,0.25488,,,,,3.32054688756635,2.05699937225361,500,0.000000000,1,77faead213946da02a59ff4319dcd26f0d5480074efee88ece212a1b101a9cca,1,3,19,10,2,0,0,"static single-case binary; CUDA event includes setup/readback, clock64 covers timed window"
calibration,v2_calibration_fp16_n128_q2_batch_same_in0_same_discard_h0_b0_none_ops0,1,,NVIDIA Thor,11.0,580.00,13.0,1575.000,,,,mem_clock_mhz:unavailable;temperature_c:unavailable;power_w:unavailable;sm_clock_mhz:sysfs_or_default,fp16,128,2,500,0,437,batch,same,same,discard,0,0,0,20,none,0,247147.0,,,,,247.147,0.287872,,,,,66.82287059927897,36.425077812361046,10000,0.000000000,1,bde2a14f08151a948b4586e21c9a5b88b821d719276d95aa11df2200936b0f60,2,3,19,10,2,0,0,"static single-case binary; CUDA event includes setup/readback, clock64 covers timed window"
calibration,v2_calibration_fp16_n128_q2_batch_same_in0_same_discard_h0_b0_none_ops0,1,,NVIDIA Thor,11.0,580.00,13.0,1575.000,,,,mem_clock_mhz:unavailable;temperature_c:unavailable;power_w:unavailable;sm_clock_mhz:sysfs_or_default,fp16,128,2,500,1,437,batch,same,same,discard,0,0,0,20,none,0,247147.0,,,,,247.147,0.28704,,,,,66.82287059927897,36.530657748049045,10000,0.000000000,1,bde2a14f08151a948b4586e21c9a5b88b821d719276d95aa11df2200936b0f60,2,3,19,10,2,0,0,"static single-case binary; CUDA event includes setup/readback, clock64 covers timed window"
calibration,v2_calibration_fp16_n128_q2_batch_same_in0_same_discard_h0_b0_none_ops0,1,,NVIDIA Thor,11.0,580.00,13.0,1575.000,,,,mem_clock_mhz:unavailable;temperature_c:unavailable;power_w:unavailable;sm_clock_mhz:sysfs_or_default,fp16,128,2,500,2,437,batch,same,same,discard,0,0,0,20,none,0,247139.0,,,,,247.139,0.288384,,,,,66.82503368549682,36.36040834442965,10000,0.000000000,1,bde2a14f08151a948b4586e21c9a5b88b821d719276d95aa11df2200936b0f60,2,3,19,10,2,0,0,"static single-case binary; CUDA event includes setup/readback, clock64 covers timed window"
calibration,v2_calibration_fp16_n128_q32_batch_same_in1_same_discard_h32_b1_none_ops0,1,,NVIDIA Thor,11.0,580.00,13.0,1575.000,,,,mem_clock_mhz:unavailable;temperature_c:unavailable;power_w:unavailable;sm_clock_mhz:sysfs_or_default,fp16,128,32,500,0,438,batch,same,same,discard,1,32,1,1,none,0,1188717.0,,,,,74.2948125,0.851936,,,,,11.114552580639463,9.846523682530142,535,0.000000000,1,c6ba0582f5dea648caa96975b7cea6d9bf2d29f6214676719008aaafdb1e7cd2,32,3,19,10,2,0,0,"static single-case binary; CUDA event includes setup/readback, clock64 covers timed window"
calibration,v2_calibration_fp16_n128_q32_batch_same_in1_same_discard_h32_b1_none_ops0,1,,NVIDIA Thor,11.0,580.00,13.0,1575.000,,,,mem_clock_mhz:unavailable;temperature_c:unavailable;power_w:unavailable;sm_clock_mhz:sysfs_or_default,fp16,128,32,500,1,438,batch,same,same,discard,1,32,1,1,none,0,1188532.0,,,,,74.28325,0.851616,,,,,11.11628260745188,9.850223574944577,543,0.000000000,1,c6ba0582f5dea648caa96975b7cea6d9bf2d29f6214676719008aaafdb1e7cd2,32,3,19,10,2,0,0,"static single-case binary; CUDA event includes setup/readback, clock64 covers timed window"
calibration,v2_calibration_fp16_n128_q32_batch_same_in1_same_discard_h32_b1_none_ops0,1,,NVIDIA Thor,11.0,580.00,13.0,1575.000,,,,mem_clock_mhz:unavailable;temperature_c:unavailable;power_w:unavailable;sm_clock_mhz:sysfs_or_default,fp16,128,32,500,2,438,batch,same,same,discard,1,32,1,1,none,0,1188804.0,,,,,74.30025,0.853184,,,,,11.113739186611083,9.832120621108693,543,0.000000000,1,c6ba0582f5dea648caa96975b7cea6d9bf2d29f6214676719008aaafdb1e7cd2,32,3,19,10,2,0,0,"static single-case binary; CUDA event includes setup/readback, clock64 covers timed window"
calibration,v2_calibration_fp16_n128_q16_batch_ring_in0_same_discard_h10000000_b1_none_ops0,1,,NVIDIA Thor,11.0,580.00,13.0,1575.000,,,,mem_clock_mhz:unavailable;temperature_c:unavailable;power_w:unavailable;sm_clock_mhz:sysfs_or_default,fp16,128,16,500,0,439,batch,ring,same,discard,0,10000000,1,1,none,0,703422.0,,,,,87.92775,0.545024,,,,,9.391274085826147,7.695631751996244,500,0.000000000,1,98207e519a3b8d53746faade5abfcaadc4053c02efc559aa13c235f4fef889c6,16,3,17,7,2,0,0,"static single-case binary; CUDA event includes setup/readback, clock64 covers timed window"
calibration,v2_calibration_fp16_n128_q16_batch_ring_in0_same_discard_h10000000_b1_none_ops0,1,,NVIDIA Thor,11.0,580.00,13.0,1575.000,,,,mem_clock_mhz:unavailable;temperature_c:unavailable;power_w:unavailable;sm_clock_mhz:sysfs_or_default,fp16,128,16,500,1,439,batch,ring,same,discard,0,10000000,1,1,none,0,703422.0,,,,,87.92775,0.543584,,,,,9.391274085826147,7.716018131512334,500,0.000000000,1,98207e519a3b8d53746faade5abfcaadc4053c02efc559aa13c235f4fef889c6,16,3,17,7,2,0,0,"static single-case binary; CUDA event includes setup/readback, clock64 covers timed window"
calibration,v2_calibration_fp16_n128_q16_batch_ring_in0_same_discard_h10000000_b1_none_ops0,1,,NVIDIA Thor,11.0,580.00,13.0,1575.000,,,,mem_clock_mhz:unavailable;temperature_c:unavailable;power_w:unavailable;sm_clock_mhz:sysfs_or_default,fp16,128,16,500,2,439,batch,ring,same,discard,0,10000000,1,1,none,0,703357.0,,,,,87.919625,0.543776,,,,,9.39214197057824,7.713293709174366,500,0.000000000,1,98207e519a3b8d53746faade5abfcaadc4053c02efc559aa13c235f4fef889c6,16,3,17,7,2,0,0,"static single-case binary; CUDA event includes setup/readback, clock64 covers timed window"
calibration,v2_calibration_fp16_n128_q1_batch_ring_in0_same_discard_h0_b1_none_ops0,1,,NVIDIA Thor,11.0,580.00,13.0,1575.000,,,,mem_clock_mhz:unavailable;temperature_c:unavailable;power_w:unavailable;sm_clock_mhz:sysfs_or_default,fp16,128,1,500,0,440,batch,ring,same,discard,0,0,1,1,none,0,225125.0,,,,,450.25,0.23856,,,,,1.833989117157135,1.098859825620389,500,0.000000000,1,37f550c28ed55c1a9e818af6f7951d03a4739faf7eae3638fc1fbf2399ad88de,1,3,17,7,2,0,0,"static single-case binary; CUDA event includes setup/readback, clock64 covers timed window"
calibration,v2_calibration_fp16_n128_q1_batch_ring_in0_same_discard_h0_b1_none_ops0,1,,NVIDIA Thor,11.0,580.00,13.0,1575.000,,,,mem_clock_mhz:unavailable;temperature_c:unavailable;power_w:unavailable;sm_clock_mhz:sysfs_or_default,fp16,128,1,500,1,440,batch,ring,same,discard,0,0,1,1,none,0,225125.0,,,,,450.25,0.241696,,,,,1.833989117157135,1.0846021448431087,500,0.000000000,1,37f550c28ed55c1a9e818af6f7951d03a4739faf7eae3638fc1fbf2399ad88de,1,3,17,7,2,0,0,"static single-case binary; CUDA event includes setup/readback, clock64 covers timed window"
calibration,v2_calibration_fp16_n128_q1_batch_ring_in0_same_discard_h0_b1_none_ops0,1,,NVIDIA Thor,11.0,580.00,13.0,1575.000,,,,mem_clock_mhz:unavailable;temperature_c:unavailable;power_w:unavailable;sm_clock_mhz:sysfs_or_default,fp16,128,1,500,2,440,batch,ring,same,discard,0,0,1,1,none,0,225125.0,,,,,450.25,0.240928,,,,,1.833989117157135,1.0880595032540843,500,0.000000000,1,37f550c28ed55c1a9e818af6f7951d03a4739faf7eae3638fc1fbf2399ad88de,1,3,17,7,2,0,0,"static single-case binary; CUDA event includes setup/readback, clock64 covers timed window"
calibration,v2_calibration_fp16_n256_q4_batch_same_in0_same_discard_h32_b1_none_ops0,1,,NVIDIA Thor,11.0,580.00,13.0,1575.000,,,,mem_clock_mhz:unavailable;temperature_c:unavailable;power_w:unavailable;sm_clock_mhz:sysfs_or_default,fp16,256,4,500,0,441,batch,same,same,discard,0,32,1,1,none,0,432481.0,,,,,216.2405,0.372352,,,,,7.637363028664843,5.632176005500172,1000,0.000000000,1,1cad4391f853c58f5ca0754daeabaa6d2d8b82dd44af4221fc354aa184e26731,4,3,19,10,2,0,0,"static single-case binary; CUDA event includes setup/readback, clock64 covers timed window"
calibration,v2_calibration_fp16_n256_q4_batch_same_in0_same_discard_h32_b1_none_ops0,1,,NVIDIA Thor,11.0,580.00,13.0,1575.000,,,,mem_clock_mhz:unavailable;temperature_c:unavailable;power_w:unavailable;sm_clock_mhz:sysfs_or_default,fp16,256,4,500,1,441,batch,same,same,discard,0,32,1,1,none,0,432541.0,,,,,216.2705,0.372192,,,,,7.636303610524783,5.634597197145559,999,0.000000000,1,1cad4391f853c58f5ca0754daeabaa6d2d8b82dd44af4221fc354aa184e26731,4,3,19,10,2,0,0,"static single-case binary; CUDA event includes setup/readback, clock64 covers timed window"
calibration,v2_calibration_fp16_n256_q4_batch_same_in0_same_discard_h32_b1_none_ops0,1,,NVIDIA Thor,11.0,580.00,13.0,1575.000,,,,mem_clock_mhz:unavailable;temperature_c:unavailable;power_w:unavailable;sm_clock_mhz:sysfs_or_default,fp16,256,4,500,2,441,batch,same,same,discard,0,32,1,1,none,0,432481.0,,,,,216.2405,0.371904,,,,,7.637363028664843,5.638960591980727,1000,0.000000000,1,1cad4391f853c58f5ca0754daeabaa6d2d8b82dd44af4221fc354aa184e26731,4,3,19,10,2,0,0,"static single-case binary; CUDA event includes setup/readback, clock64 covers timed window"
calibration,v2_calibration_bf16_n256_q1_batch_same_in0_same_discard_h32_b0_none_ops0,1,,NVIDIA Thor,11.0,580.00,13.0,1575.000,,,,mem_clock_mhz:unavailable;temperature_c:unavailable;power_w:unavailable;sm_clock_mhz:sysfs_or_default,bf16,256,1,500,0,442,batch,same,same,discard,0,32,0,20,none,0,249184.0,,,,,498.368,0.291456,,,,,66.27661487093874,35.977162933684674,10000,0.000000000,1,540003b3cc2d9ea0a0fb8c85ef6032127a1423cf7f3d00cc3cdead3433b8df19,1,3,19,10,2,0,0,"static single-case binary; CUDA event includes setup/readback, clock64 covers timed window"
calibration,v2_calibration_bf16_n256_q1_batch_same_in0_same_discard_h32_b0_none_ops0,1,,NVIDIA Thor,11.0,580.00,13.0,1575.000,,,,mem_clock_mhz:unavailable;temperature_c:unavailable;power_w:unavailable;sm_clock_mhz:sysfs_or_default,bf16,256,1,500,1,442,batch,same,same,discard,0,32,0,20,none,0,249030.0,,,,,498.06,0.289344,,,,,66.31760028912178,36.2397699623977,10000,0.000000000,1,540003b3cc2d9ea0a0fb8c85ef6032127a1423cf7f3d00cc3cdead3433b8df19,1,3,19,10,2,0,0,"static single-case binary; CUDA event includes setup/readback, clock64 covers timed window"
calibration,v2_calibration_bf16_n256_q1_batch_same_in0_same_discard_h32_b0_none_ops0,1,,NVIDIA Thor,11.0,580.00,13.0,1575.000,,,,mem_clock_mhz:unavailable;temperature_c:unavailable;power_w:unavailable;sm_clock_mhz:sysfs_or_default,bf16,256,1,500,2,442,batch,same,same,discard,0,32,0,20,none,0,249085.0,,,,,498.17,0.289344,,,,,66.30295682196841,36.2397699623977,10000,0.000000000,1,540003b3cc2d9ea0a0fb8c85ef6032127a1423cf7f3d00cc3cdead3433b8df19,1,3,19,10,2,0,0,"static single-case binary; CUDA event includes setup/readback, clock64 covers timed window"
calibration,v2_calibration_fp16_n128_q4_batch_ring_in0_same_discard_h32_b1_none_ops0,1,,NVIDIA Thor,11.0,580.00,13.0,1575.000,,,,mem_clock_mhz:unavailable;temperature_c:unavailable;power_w:unavailable;sm_clock_mhz:sysfs_or_default,fp16,128,4,500,0,443,batch,ring,same,discard,0,32,1,1,none,0,315248.0,,,,,157.624,0.298432,,,,,5.238755519464041,3.5136178425906075,500,0.000000000,1,5a5df16a5964f17ddd953f8401a17c7af7ce4aa5047c9029d1272803de118a0e,4,3,17,7,2,0,0,"static single-case binary; CUDA event includes setup/readback, clock64 covers timed window"
calibration,v2_calibration_fp16_n128_q4_batch_ring_in0_same_discard_h32_b1_none_ops0,1,,NVIDIA Thor,11.0,580.00,13.0,1575.000,,,,mem_clock_mhz:unavailable;temperature_c:unavailable;power_w:unavailable;sm_clock_mhz:sysfs_or_default,fp16,128,4,500,1,443,batch,ring,same,discard,0,32,1,1,none,0,315281.0,,,,,157.6405,0.2968,,,,,5.238207186604964,3.5329380053908355,500,0.000000000,1,5a5df16a5964f17ddd953f8401a17c7af7ce4aa5047c9029d1272803de118a0e,4,3,17,7,2,0,0,"static single-case binary; CUDA event includes setup/readback, clock64 covers timed window"
calibration,v2_calibration_fp16_n128_q4_batch_ring_in0_same_discard_h32_b1_none_ops0,1,,NVIDIA Thor,11.0,580.00,13.0,1575.000,,,,mem_clock_mhz:unavailable;temperature_c:unavailable;power_w:unavailable;sm_clock_mhz:sysfs_or_default,fp16,128,4,500,2,443,batch,ring,same,discard,0,32,1,1,none,0,315247.0,,,,,157.6235,0.296896,,,,,5.2387721374033696,3.5317956456132786,500,0.000000000,1,5a5df16a5964f17ddd953f8401a17c7af7ce4aa5047c9029d1272803de118a0e,4,3,17,7,2,0,0,"static single-case binary; CUDA event includes setup/readback, clock64 covers timed window"
calibration,v2_calibration_bf16_n256_q2_batch_ring_in0_same_discard_h32_b1_none_ops0,1,,NVIDIA Thor,11.0,580.00,13.0,1575.000,,,,mem_clock_mhz:unavailable;temperature_c:unavailable;power_w:unavailable;sm_clock_mhz:sysfs_or_default,bf16,256,2,500,0,444,batch,ring,same,discard,0,32,1,1,none,0,293188.0,,,,,293.188,0.276416,,,,,5.632929042116321,3.7934707108126884,628,0.000000000,1,1946546ba2df09ae1af6c17fb637d11b8a0ffcee7aebb2dd7d0b01f35ede5680,2,3,17,7,2,0,0,"static single-case binary; CUDA event includes setup/readback, clock64 covers timed window"
calibration,v2_calibration_bf16_n256_q2_batch_ring_in0_same_discard_h32_b1_none_ops0,1,,NVIDIA Thor,11.0,580.00,13.0,1575.000,,,,mem_clock_mhz:unavailable;temperature_c:unavailable;power_w:unavailable;sm_clock_mhz:sysfs_or_default,bf16,256,2,500,1,444,batch,ring,same,discard,0,32,1,1,none,0,299930.0,,,,,299.93,0.289024,,,,,5.506308805387924,3.6279893711248885,685,0.000000000,1,1946546ba2df09ae1af6c17fb637d11b8a0ffcee7aebb2dd7d0b01f35ede5680,2,3,17,7,2,0,0,"static single-case binary; CUDA event includes setup/readback, clock64 covers timed window"
calibration,v2_calibration_bf16_n256_q2_batch_ring_in0_same_discard_h32_b1_none_ops0,1,,NVIDIA Thor,11.0,580.00,13.0,1575.000,,,,mem_clock_mhz:unavailable;temperature_c:unavailable;power_w:unavailable;sm_clock_mhz:sysfs_or_default,bf16,256,2,500,2,444,batch,ring,same,discard,0,32,1,1,none,0,295041.0,,,,,295.041,0.283392,,,,,5.597551526736962,3.700090334236676,664,0.000000000,1,1946546ba2df09ae1af6c17fb637d11b8a0ffcee7aebb2dd7d0b01f35ede5680,2,3,17,7,2,0,0,"static single-case binary; CUDA event includes setup/readback, clock64 covers timed window"
calibration,v2_calibration_fp16_n128_q8_batch_same_in1_same_discard_h0_b0_none_ops0,1,,NVIDIA Thor,11.0,580.00,13.0,1575.000,,,,mem_clock_mhz:unavailable;temperature_c:unavailable;power_w:unavailable;sm_clock_mhz:sysfs_or_default,fp16,128,8,500,0,445,batch,same,same,discard,1,0,0,20,none,0,408426.0,,,,,102.1065,0.388192,,,,,161.7435912503122,108.04715192482072,10000,0.000000000,1,3b9181a56143a414a1f943f562ebf1022d44245dd951590d8c83fa0269bfe19d,8,3,19,10,2,0,0,"static single-case binary; CUDA event includes setup/readback, clock64 covers timed window"
calibration,v2_calibration_fp16_n128_q8_batch_same_in1_same_discard_h0_b0_none_ops0,1,,NVIDIA Thor,11.0,580.00,13.0,1575.000,,,,mem_clock_mhz:unavailable;temperature_c:unavailable;power_w:unavailable;sm_clock_mhz:sysfs_or_default,fp16,128,8,500,1,445,batch,same,same,discard,1,0,0,20,none,0,408445.0,,,,,102.11125,0.388704,,,,,161.73606727956027,107.90483246892238,10000,0.000000000,1,3b9181a56143a414a1f943f562ebf1022d44245dd951590d8c83fa0269bfe19d,8,3,19,10,2,0,0,"static single-case binary; CUDA event includes setup/readback, clock64 covers timed window"
calibration,v2_calibration_fp16_n128_q8_batch_same_in1_same_discard_h0_b0_none_ops0,1,,NVIDIA Thor,11.0,580.00,13.0,1575.000,,,,mem_clock_mhz:unavailable;temperature_c:unavailable;power_w:unavailable;sm_clock_mhz:sysfs_or_default,fp16,128,8,500,2,445,batch,same,same,discard,1,0,0,20,none,0,408381.0,,,,,102.09525,0.389888,,,,,161.76141397371572,107.57715036112934,10000,0.000000000,1,3b9181a56143a414a1f943f562ebf1022d44245dd951590d8c83fa0269bfe19d,8,3,19,10,2,0,0,"static single-case binary; CUDA event includes setup/readback, clock64 covers timed window"
control,v2_control_fp16_n256_q1_forced_wait_same_in0_same_discard_h10000000_b1_none_ops0,1,,NVIDIA Thor,11.0,580.00,13.0,1575.000,,,,mem_clock_mhz:unavailable;temperature_c:unavailable;power_w:unavailable;sm_clock_mhz:sysfs_or_default,fp16,256,1,1000,0,446,forced_wait,same,same,discard,0,10000000,1,1,none,0,511083.0,,,,,511.083,0.42128,,,,,3.2313874654410335,2.489023927079377,1000,0.000000000,1,c12399f01df414863f36be9260a6b7744889f974911a7c81a48fa8ef21fb8824,1,3,19,10,2,0,0,"static single-case binary; CUDA event includes setup/readback, clock64 covers timed window"
control,v2_control_fp16_n256_q1_forced_wait_same_in0_same_discard_h10000000_b1_none_ops0,1,,NVIDIA Thor,11.0,580.00,13.0,1575.000,,,,mem_clock_mhz:unavailable;temperature_c:unavailable;power_w:unavailable;sm_clock_mhz:sysfs_or_default,fp16,256,1,1000,1,446,forced_wait,same,same,discard,0,10000000,1,1,none,0,511093.0,,,,,511.093,0.422144,,,,,3.2313242404024316,2.483929654335961,1000,0.000000000,1,c12399f01df414863f36be9260a6b7744889f974911a7c81a48fa8ef21fb8824,1,3,19,10,2,0,0,"static single-case binary; CUDA event includes setup/readback, clock64 covers timed window"
control,v2_control_fp16_n256_q1_forced_wait_same_in0_same_discard_h10000000_b1_none_ops0,1,,NVIDIA Thor,11.0,580.00,13.0,1575.000,,,,mem_clock_mhz:unavailable;temperature_c:unavailable;power_w:unavailable;sm_clock_mhz:sysfs_or_default,fp16,256,1,1000,2,446,forced_wait,same,same,discard,0,10000000,1,1,none,0,511094.0,,,,,511.094,0.413504,,,,,3.2313179180346476,2.535830366816282,1000,0.000000000,1,c12399f01df414863f36be9260a6b7744889f974911a7c81a48fa8ef21fb8824,1,3,19,10,2,0,0,"static single-case binary; CUDA event includes setup/readback, clock64 covers timed window"
calibration,v2_calibration_bf16_n128_q64_batch_ring_in0_same_discard_h32_b0_none_ops0,1,,NVIDIA Thor,11.0,580.00,13.0,1575.000,,,,mem_clock_mhz:unavailable;temperature_c:unavailable;power_w:unavailable;sm_clock_mhz:sysfs_or_default,bf16,128,64,500,0,447,batch,ring,same,discard,0,32,0,20,none,0,2222188.0,,,,,69.443375,1.54064,,,,,237.82069923876824,217.795409699865,15111,0.000000000,1,8c667bc98013039f0ed5c04bf3b614e30780e5cee503e7b6af31b5411af6c48f,64,3,17,7,2,0,0,"static single-case binary; CUDA event includes setup/readback, clock64 covers timed window"
calibration,v2_calibration_bf16_n128_q64_batch_ring_in0_same_discard_h32_b0_none_ops0,1,,NVIDIA Thor,11.0,580.00,13.0,1575.000,,,,mem_clock_mhz:unavailable;temperature_c:unavailable;power_w:unavailable;sm_clock_mhz:sysfs_or_default,bf16,128,64,500,1,447,batch,ring,same,discard,0,32,0,20,none,0,2222075.0,,,,,69.43984375,1.537312,,,,,237.83279322255098,218.2668970254574,15013,0.000000000,1,8c667bc98013039f0ed5c04bf3b614e30780e5cee503e7b6af31b5411af6c48f,64,3,17,7,2,0,0,"static single-case binary; CUDA event includes setup/readback, clock64 covers timed window"
calibration,v2_calibration_bf16_n128_q64_batch_ring_in0_same_discard_h32_b0_none_ops0,1,,NVIDIA Thor,11.0,580.00,13.0,1575.000,,,,mem_clock_mhz:unavailable;temperature_c:unavailable;power_w:unavailable;sm_clock_mhz:sysfs_or_default,bf16,128,64,500,2,447,batch,ring,same,discard,0,32,0,20,none,0,2222032.0,,,,,69.4385,1.54112,,,,,237.83739568107032,217.72757475083057,15060,0.000000000,1,8c667bc98013039f0ed5c04bf3b614e30780e5cee503e7b6af31b5411af6c48f,64,3,17,7,2,0,0,"static single-case binary; CUDA event includes setup/readback, clock64 covers timed window"
control,v2_control_bf16_n256_q1_forced_wait_same_in0_same_discard_h10000000_b0_none_ops0,1,,NVIDIA Thor,11.0,580.00,13.0,1575.000,,,,mem_clock_mhz:unavailable;temperature_c:unavailable;power_w:unavailable;sm_clock_mhz:sysfs_or_default,bf16,256,1,1000,0,448,forced_wait,same,same,discard,0,10000000,0,20,none,0,511096.0,,,,,511.096,0.455008,,,,,64.626105467466,46.09044236584851,20000,0.000000000,1,e08953e7b65ee9e025a036f94c3ef065c00a1f47e8b4c3339515536fee2f4e1a,1,3,19,10,2,0,0,"static single-case binary; CUDA event includes setup/readback, clock64 covers timed window"
control,v2_control_bf16_n256_q1_forced_wait_same_in0_same_discard_h10000000_b0_none_ops0,1,,NVIDIA Thor,11.0,580.00,13.0,1575.000,,,,mem_clock_mhz:unavailable;temperature_c:unavailable;power_w:unavailable;sm_clock_mhz:sysfs_or_default,bf16,256,1,1000,1,448,forced_wait,same,same,discard,0,10000000,0,20,none,0,511098.0,,,,,511.098,0.455936,,,,,64.62585257621826,45.996631106120155,20000,0.000000000,1,e08953e7b65ee9e025a036f94c3ef065c00a1f47e8b4c3339515536fee2f4e1a,1,3,19,10,2,0,0,"static single-case binary; CUDA event includes setup/readback, clock64 covers timed window"
control,v2_control_bf16_n256_q1_forced_wait_same_in0_same_discard_h10000000_b0_none_ops0,1,,NVIDIA Thor,11.0,580.00,13.0,1575.000,,,,mem_clock_mhz:unavailable;temperature_c:unavailable;power_w:unavailable;sm_clock_mhz:sysfs_or_default,bf16,256,1,1000,2,448,forced_wait,same,same,discard,0,10000000,0,20,none,0,511098.0,,,,,511.098,0.455168,,,,,64.62585257621826,46.07424071991001,20000,0.000000000,1,e08953e7b65ee9e025a036f94c3ef065c00a1f47e8b4c3339515536fee2f4e1a,1,3,19,10,2,0,0,"static single-case binary; CUDA event includes setup/readback, clock64 covers timed window"
calibration,v2_calibration_bf16_n128_q16_batch_same_in0_same_discard_h32_b1_none_ops0,1,,NVIDIA Thor,11.0,580.00,13.0,1575.000,,,,mem_clock_mhz:unavailable;temperature_c:unavailable;power_w:unavailable;sm_clock_mhz:sysfs_or_default,bf16,128,16,500,0,449,batch,same,same,discard,0,32,1,1,none,0,684731.0,,,,,85.591375,0.532576,,,,,9.64762629412134,7.875503214564681,963,0.000000000,1,5cdcdd0253d5fbfdf102a13f8bc4cf1add92235e4eb61719541153eef5694a19,16,3,19,10,2,0,0,"static single-case binary; CUDA event includes setup/readback, clock64 covers timed window"
calibration,v2_calibration_bf16_n128_q16_batch_same_in0_same_discard_h32_b1_none_ops0,1,,NVIDIA Thor,11.0,580.00,13.0,1575.000,,,,mem_clock_mhz:unavailable;temperature_c:unavailable;power_w:unavailable;sm_clock_mhz:sysfs_or_default,bf16,128,16,500,1,449,batch,same,same,discard,0,32,1,1,none,0,684646.0,,,,,85.58075,0.53136,,,,,9.648824063822763,7.893526046371575,960,0.000000000,1,5cdcdd0253d5fbfdf102a13f8bc4cf1add92235e4eb61719541153eef5694a19,16,3,19,10,2,0,0,"static single-case binary; CUDA event includes setup/readback, clock64 covers timed window"
calibration,v2_calibration_bf16_n128_q16_batch_same_in0_same_discard_h32_b1_none_ops0,1,,NVIDIA Thor,11.0,580.00,13.0,1575.000,,,,mem_clock_mhz:unavailable;temperature_c:unavailable;power_w:unavailable;sm_clock_mhz:sysfs_or_default,bf16,128,16,500,2,449,batch,same,same,discard,0,32,1,1,none,0,684754.0,,,,,85.59425,0.532192,,,,,9.647302242849257,7.881185737478203,964,0.000000000,1,5cdcdd0253d5fbfdf102a13f8bc4cf1add92235e4eb61719541153eef5694a19,16,3,19,10,2,0,0,"static single-case binary; CUDA event includes setup/readback, clock64 covers timed window"
calibration,v2_calibration_fp16_n128_q16_batch_same_in1_same_discard_h10000000_b0_none_ops0,1,,NVIDIA Thor,11.0,580.00,13.0,1575.000,,,,mem_clock_mhz:unavailable;temperature_c:unavailable;power_w:unavailable;sm_clock_mhz:sysfs_or_default,fp16,128,16,500,0,450,batch,same,same,discard,1,10000000,0,20,none,0,703433.0,,,,,87.929125,0.577888,,,,,187.82254457780627,145.15975413921038,10000,0.000000000,1,69018e9bfca559339dd18dbdf44cbc56d8668a7faaf0aae53c08f29dff94b0d9,16,3,19,10,2,0,0,"static single-case binary; CUDA event includes setup/readback, clock64 covers timed window"
calibration,v2_calibration_fp16_n128_q16_batch_same_in1_same_discard_h10000000_b0_none_ops0,1,,NVIDIA Thor,11.0,580.00,13.0,1575.000,,,,mem_clock_mhz:unavailable;temperature_c:unavailable;power_w:unavailable;sm_clock_mhz:sysfs_or_default,fp16,128,16,500,1,450,batch,same,same,discard,1,10000000,0,20,none,0,703427.0,,,,,87.928375,0.576352,,,,,187.82414664208224,145.54661040475267,10012,0.000000000,1,69018e9bfca559339dd18dbdf44cbc56d8668a7faaf0aae53c08f29dff94b0d9,16,3,19,10,2,0,0,"static single-case binary; CUDA event includes setup/readback, clock64 covers timed window"
calibration,v2_calibration_fp16_n128_q16_batch_same_in1_same_discard_h10000000_b0_none_ops0,1,,NVIDIA Thor,11.0,580.00,13.0,1575.000,,,,mem_clock_mhz:unavailable;temperature_c:unavailable;power_w:unavailable;sm_clock_mhz:sysfs_or_default,fp16,128,16,500,2,450,batch,same,same,discard,1,10000000,0,20,none,0,703431.0,,,,,87.928875,0.576288,,,,,187.82307859619493,145.56277416847132,10000,0.000000000,1,69018e9bfca559339dd18dbdf44cbc56d8668a7faaf0aae53c08f29dff94b0d9,16,3,19,10,2,0,0,"static single-case binary; CUDA event includes setup/readback, clock64 covers timed window"
calibration,v2_calibration_bf16_n128_q4_batch_same_in0_same_discard_h10000000_b1_none_ops0,1,,NVIDIA Thor,11.0,580.00,13.0,1575.000,,,,mem_clock_mhz:unavailable;temperature_c:unavailable;power_w:unavailable;sm_clock_mhz:sysfs_or_default,bf16,128,4,500,0,451,batch,same,same,discard,0,10000000,1,1,none,0,319600.0,,,,,159.8,0.299936,,,,,5.167419274092616,3.4959991464845834,500,0.000000000,1,aa3a014cf76625a43e39aba698d12df7beb463df45389a6defe49e984464a617,4,3,19,10,2,0,0,"static single-case binary; CUDA event includes setup/readback, clock64 covers timed window"
calibration,v2_calibration_bf16_n128_q4_batch_same_in0_same_discard_h10000000_b1_none_ops0,1,,NVIDIA Thor,11.0,580.00,13.0,1575.000,,,,mem_clock_mhz:unavailable;temperature_c:unavailable;power_w:unavailable;sm_clock_mhz:sysfs_or_default,bf16,128,4,500,1,451,batch,same,same,discard,0,10000000,1,1,none,0,319600.0,,,,,159.8,0.30032,,,,,5.167419274092616,3.4915290356952586,500,0.000000000,1,aa3a014cf76625a43e39aba698d12df7beb463df45389a6defe49e984464a617,4,3,19,10,2,0,0,"static single-case binary; CUDA event includes setup/readback, clock64 covers timed window"
calibration,v2_calibration_bf16_n128_q4_batch_same_in0_same_discard_h10000000_b1_none_ops0,1,,NVIDIA Thor,11.0,580.00,13.0,1575.000,,,,mem_clock_mhz:unavailable;temperature_c:unavailable;power_w:unavailable;sm_clock_mhz:sysfs_or_default,bf16,128,4,500,2,451,batch,same,same,discard,0,10000000,1,1,none,0,319600.0,,,,,159.8,0.301216,,,,,5.167419274092616,3.481143099968129,500,0.000000000,1,aa3a014cf76625a43e39aba698d12df7beb463df45389a6defe49e984464a617,4,3,19,10,2,0,0,"static single-case binary; CUDA event includes setup/readback, clock64 covers timed window"
control,v2_control_bf16_n128_q1_commit_wait_same_in0_same_discard_h0_b1_none_ops0,1,,NVIDIA Thor,11.0,580.00,13.0,1575.000,,,,mem_clock_mhz:unavailable;temperature_c:unavailable;power_w:unavailable;sm_clock_mhz:sysfs_or_default,bf16,128,1,1000,0,452,commit_wait,same,same,discard,0,0,1,1,none,0,258144.0,,,,,,0.261664,,,,,,,1000,0.000000000,1,f5500534993f9d149dad7d01337e7df77fa55e8fac5dbaa682a3a133d6d2179a,0,3,19,9,2,0,0,"static single-case binary; CUDA event includes setup/readback, clock64 covers timed window"
control,v2_control_bf16_n128_q1_commit_wait_same_in0_same_discard_h0_b1_none_ops0,1,,NVIDIA Thor,11.0,580.00,13.0,1575.000,,,,mem_clock_mhz:unavailable;temperature_c:unavailable;power_w:unavailable;sm_clock_mhz:sysfs_or_default,bf16,128,1,1000,1,452,commit_wait,same,same,discard,0,0,1,1,none,0,258144.0,,,,,,0.26176,,,,,,,1000,0.000000000,1,f5500534993f9d149dad7d01337e7df77fa55e8fac5dbaa682a3a133d6d2179a,0,3,19,9,2,0,0,"static single-case binary; CUDA event includes setup/readback, clock64 covers timed window"
control,v2_control_bf16_n128_q1_commit_wait_same_in0_same_discard_h0_b1_none_ops0,1,,NVIDIA Thor,11.0,580.00,13.0,1575.000,,,,mem_clock_mhz:unavailable;temperature_c:unavailable;power_w:unavailable;sm_clock_mhz:sysfs_or_default,bf16,128,1,1000,2,452,commit_wait,same,same,discard,0,0,1,1,none,0,258144.0,,,,,,0.261536,,,,,,,1000,0.000000000,1,f5500534993f9d149dad7d01337e7df77fa55e8fac5dbaa682a3a133d6d2179a,0,3,19,9,2,0,0,"static single-case binary; CUDA event includes setup/readback, clock64 covers timed window"
calibration,v2_calibration_bf16_n128_q64_batch_ring_in0_same_discard_h0_b0_none_ops0,1,,NVIDIA Thor,11.0,580.00,13.0,1575.000,,,,mem_clock_mhz:unavailable;temperature_c:unavailable;power_w:unavailable;sm_clock_mhz:sysfs_or_default,bf16,128,64,500,0,453,batch,ring,same,discard,0,0,0,20,none,0,2234723.0,,,,,69.83509375,1.564032,,,,,236.4867162507389,214.53801456747686,19134,0.000000000,1,c655b66f16ff9f099fb7c592399cb2bbb7ffaf18ea9420342ed212b54874f908,64,3,17,7,2,0,0,"static single-case binary; CUDA event includes setup/readback, clock64 covers timed window"
calibration,v2_calibration_bf16_n128_q64_batch_ring_in0_same_discard_h0_b0_none_ops0,1,,NVIDIA Thor,11.0,580.00,13.0,1575.000,,,,mem_clock_mhz:unavailable;temperature_c:unavailable;power_w:unavailable;sm_clock_mhz:sysfs_or_default,bf16,128,64,500,1,453,batch,ring,same,discard,0,0,0,20,none,0,2235005.0,,,,,69.84390625,1.549824,,,,,236.45687772510578,216.50479022134124,19196,0.000000000,1,c655b66f16ff9f099fb7c592399cb2bbb7ffaf18ea9420342ed212b54874f908,64,3,17,7,2,0,0,"static single-case binary; CUDA event includes setup/readback, clock64 covers timed window"
calibration,v2_calibration_bf16_n128_q64_batch_ring_in0_same_discard_h0_b0_none_ops0,1,,NVIDIA Thor,11.0,580.00,13.0,1575.000,,,,mem_clock_mhz:unavailable;temperature_c:unavailable;power_w:unavailable;sm_clock_mhz:sysfs_or_default,bf16,128,64,500,2,453,batch,ring,same,discard,0,0,0,20,none,0,2235191.0,,,,,69.84971875,1.542144,,,,,236.4372011161462,217.58300132802125,19173,0.000000000,1,c655b66f16ff9f099fb7c592399cb2bbb7ffaf18ea9420342ed212b54874f908,64,3,17,7,2,0,0,"static single-case binary; CUDA event includes setup/readback, clock64 covers timed window"
calibration,v2_calibration_fp16_n256_q1_batch_ring_in0_same_discard_h0_b1_none_ops0,1,,NVIDIA Thor,11.0,580.00,13.0,1575.000,,,,mem_clock_mhz:unavailable;temperature_c:unavailable;power_w:unavailable;sm_clock_mhz:sysfs_or_default,fp16,256,1,500,0,454,batch,ring,same,discard,0,0,1,1,none,0,225125.0,,,,,450.25,0.241024,,,,,3.66797823431427,2.1752522570366435,500,0.000000000,1,bfae3985ac4ce605d227b51c9b7f40f026251e6f7de9d8aa333128583055c8bc,1,3,17,7,2,0,0,"static single-case binary; CUDA event includes setup/readback, clock64 covers timed window"
calibration,v2_calibration_fp16_n256_q1_batch_ring_in0_same_discard_h0_b1_none_ops0,1,,NVIDIA Thor,11.0,580.00,13.0,1575.000,,,,mem_clock_mhz:unavailable;temperature_c:unavailable;power_w:unavailable;sm_clock_mhz:sysfs_or_default,fp16,256,1,500,1,454,batch,ring,same,discard,0,0,1,1,none,0,225125.0,,,,,450.25,0.241344,,,,,3.66797823431427,2.1723680721294087,500,0.000000000,1,bfae3985ac4ce605d227b51c9b7f40f026251e6f7de9d8aa333128583055c8bc,1,3,17,7,2,0,0,"static single-case binary; CUDA event includes setup/readback, clock64 covers timed window"
calibration,v2_calibration_fp16_n256_q1_batch_ring_in0_same_discard_h0_b1_none_ops0,1,,NVIDIA Thor,11.0,580.00,13.0,1575.000,,,,mem_clock_mhz:unavailable;temperature_c:unavailable;power_w:unavailable;sm_clock_mhz:sysfs_or_default,fp16,256,1,500,2,454,batch,ring,same,discard,0,0,1,1,none,0,225125.0,,,,,450.25,0.241184,,,,,3.66797823431427,2.1738092079076554,500,0.000000000,1,bfae3985ac4ce605d227b51c9b7f40f026251e6f7de9d8aa333128583055c8bc,1,3,17,7,2,0,0,"static single-case binary; CUDA event includes setup/readback, clock64 covers timed window"
control,v2_control_bf16_n128_q1_forced_wait_same_in0_same_discard_h32_b0_none_ops0,1,,NVIDIA Thor,11.0,580.00,13.0,1575.000,,,,mem_clock_mhz:unavailable;temperature_c:unavailable;power_w:unavailable;sm_clock_mhz:sysfs_or_default,bf16,128,1,1000,0,455,forced_wait,same,same,discard,0,32,0,20,none,0,431198.0,,,,,431.198,0.405056,,,,,38.30043738607322,25.887185969347446,20000,0.000000000,1,3fcdb95fa00400f40c0a25e6d42771cdf7825b5d6d40670944a652dc4c37ce47,1,3,19,10,2,0,0,"static single-case binary; CUDA event includes setup/readback, clock64 covers timed window"
control,v2_control_bf16_n128_q1_forced_wait_same_in0_same_discard_h32_b0_none_ops0,1,,NVIDIA Thor,11.0,580.00,13.0,1575.000,,,,mem_clock_mhz:unavailable;temperature_c:unavailable;power_w:unavailable;sm_clock_mhz:sysfs_or_default,bf16,128,1,1000,1,455,forced_wait,same,same,discard,0,32,0,20,none,0,431198.0,,,,,431.198,0.40272,,,,,38.30043738607322,26.037346046881208,20000,0.000000000,1,3fcdb95fa00400f40c0a25e6d42771cdf7825b5d6d40670944a652dc4c37ce47,1,3,19,10,2,0,0,"static single-case binary; CUDA event includes setup/readback, clock64 covers timed window"
control,v2_control_bf16_n128_q1_forced_wait_same_in0_same_discard_h32_b0_none_ops0,1,,NVIDIA Thor,11.0,580.00,13.0,1575.000,,,,mem_clock_mhz:unavailable;temperature_c:unavailable;power_w:unavailable;sm_clock_mhz:sysfs_or_default,bf16,128,1,1000,2,455,forced_wait,same,same,discard,0,32,0,20,none,0,431198.0,,,,,431.198,0.405056,,,,,38.30043738607322,25.887185969347446,20000,0.000000000,1,3fcdb95fa00400f40c0a25e6d42771cdf7825b5d6d40670944a652dc4c37ce47,1,3,19,10,2,0,0,"static single-case binary; CUDA event includes setup/readback, clock64 covers timed window"
calibration,v2_calibration_fp16_n256_q1_batch_ring_in0_same_discard_h0_b0_none_ops0,1,,NVIDIA Thor,11.0,580.00,13.0,1575.000,,,,mem_clock_mhz:unavailable;temperature_c:unavailable;power_w:unavailable;sm_clock_mhz:sysfs_or_default,fp16,256,1,500,0,456,batch,ring,same,discard,0,0,0,20,none,0,225130.0,,,,,450.26,0.273888,,,,,73.3579354150935,38.28484636055614,10000,0.000000000,1,bfae3985ac4ce605d227b51c9b7f40f026251e6f7de9d8aa333128583055c8bc,1,3,17,7,2,0,0,"static single-case binary; CUDA event includes setup/readback, clock64 covers timed window"
calibration,v2_calibration_fp16_n256_q1_batch_ring_in0_same_discard_h0_b0_none_ops0,1,,NVIDIA Thor,11.0,580.00,13.0,1575.000,,,,mem_clock_mhz:unavailable;temperature_c:unavailable;power_w:unavailable;sm_clock_mhz:sysfs_or_default,fp16,256,1,500,1,456,batch,ring,same,discard,0,0,0,20,none,0,225130.0,,,,,450.26,0.27488,,,,,73.3579354150935,38.146682188591384,10000,0.000000000,1,bfae3985ac4ce605d227b51c9b7f40f026251e6f7de9d8aa333128583055c8bc,1,3,17,7,2,0,0,"static single-case binary; CUDA event includes setup/readback, clock64 covers timed window"
calibration,v2_calibration_fp16_n256_q1_batch_ring_in0_same_discard_h0_b0_none_ops0,1,,NVIDIA Thor,11.0,580.00,13.0,1575.000,,,,mem_clock_mhz:unavailable;temperature_c:unavailable;power_w:unavailable;sm_clock_mhz:sysfs_or_default,fp16,256,1,500,2,456,batch,ring,same,discard,0,0,0,20,none,0,225134.0,,,,,450.268,0.273472,,,,,73.35663205024564,38.34308448396911,10000,0.000000000,1,bfae3985ac4ce605d227b51c9b7f40f026251e6f7de9d8aa333128583055c8bc,1,3,17,7,2,0,0,"static single-case binary; CUDA event includes setup/readback, clock64 covers timed window"
calibration,v2_calibration_fp16_n128_q32_batch_same_in1_same_discard_h0_b1_none_ops0,1,,NVIDIA Thor,11.0,580.00,13.0,1575.000,,,,mem_clock_mhz:unavailable;temperature_c:unavailable;power_w:unavailable;sm_clock_mhz:sysfs_or_default,fp16,128,32,500,0,457,batch,same,same,discard,1,0,1,1,none,0,1204758.0,,,,,75.297375,0.86128,,,,,10.966565567524764,9.739699052572915,960,0.000000000,1,2e2ffee89f26bac62469869ecc6411b4fbbed9440aa0d9ddb06454dc5ffe5619,32,3,19,10,2,0,0,"static single-case binary; CUDA event includes setup/readback, clock64 covers timed window"
calibration,v2_calibration_fp16_n128_q32_batch_same_in1_same_discard_h0_b1_none_ops0,1,,NVIDIA Thor,11.0,580.00,13.0,1575.000,,,,mem_clock_mhz:unavailable;temperature_c:unavailable;power_w:unavailable;sm_clock_mhz:sysfs_or_default,fp16,128,32,500,1,457,batch,same,same,discard,1,0,1,1,none,0,1203291.0,,,,,75.2056875,0.861952,,,,,10.979935526817703,9.732105732105733,966,0.000000000,1,2e2ffee89f26bac62469869ecc6411b4fbbed9440aa0d9ddb06454dc5ffe5619,32,3,19,10,2,0,0,"static single-case binary; CUDA event includes setup/readback, clock64 covers timed window"
calibration,v2_calibration_fp16_n128_q32_batch_same_in1_same_discard_h0_b1_none_ops0,1,,NVIDIA Thor,11.0,580.00,13.0,1575.000,,,,mem_clock_mhz:unavailable;temperature_c:unavailable;power_w:unavailable;sm_clock_mhz:sysfs_or_default,fp16,128,32,500,2,457,batch,same,same,discard,1,0,1,1,none,0,1204728.0,,,,,75.2955,0.86192,,,,,10.966838655696556,9.732467050306292,958,0.000000000,1,2e2ffee89f26bac62469869ecc6411b4fbbed9440aa0d9ddb06454dc5ffe5619,32,3,19,10,2,0,0,"static single-case binary; CUDA event includes setup/readback, clock64 covers timed window"
calibration,v2_calibration_bf16_n256_q16_batch_ring_in0_same_discard_h10000000_b1_none_ops0,1,,NVIDIA Thor,11.0,580.00,13.0,1575.000,,,,mem_clock_mhz:unavailable;temperature_c:unavailable;power_w:unavailable;sm_clock_mhz:sysfs_or_default,bf16,256,16,500,0,458,batch,ring,same,discard,0,10000000,1,1,none,0,1215146.0,,,,,151.89325,0.869792,,,,,10.872814953923232,9.644383944667231,500,0.000000000,1,601c82f9c6f02858d474654720105db9e73de2ae786b1c4cb6c96d8c119eb291,16,3,17,7,2,0,0,"static single-case binary; CUDA event includes setup/readback, clock64 covers timed window"
calibration,v2_calibration_bf16_n256_q16_batch_ring_in0_same_discard_h10000000_b1_none_ops0,1,,NVIDIA Thor,11.0,580.00,13.0,1575.000,,,,mem_clock_mhz:unavailable;temperature_c:unavailable;power_w:unavailable;sm_clock_mhz:sysfs_or_default,bf16,256,16,500,1,458,batch,ring,same,discard,0,10000000,1,1,none,0,1215146.0,,,,,151.89325,0.869408,,,,,10.872814953923232,9.6486436747764,500,0.000000000,1,601c82f9c6f02858d474654720105db9e73de2ae786b1c4cb6c96d8c119eb291,16,3,17,7,2,0,0,"static single-case binary; CUDA event includes setup/readback, clock64 covers timed window"
calibration,v2_calibration_bf16_n256_q16_batch_ring_in0_same_discard_h10000000_b1_none_ops0,1,,NVIDIA Thor,11.0,580.00,13.0,1575.000,,,,mem_clock_mhz:unavailable;temperature_c:unavailable;power_w:unavailable;sm_clock_mhz:sysfs_or_default,bf16,256,16,500,2,458,batch,ring,same,discard,0,10000000,1,1,none,0,1215146.0,,,,,151.89325,0.869984,,,,,10.872814953923232,9.642255489756133,500,0.000000000,1,601c82f9c6f02858d474654720105db9e73de2ae786b1c4cb6c96d8c119eb291,16,3,17,7,2,0,0,"static single-case binary; CUDA event includes setup/readback, clock64 covers timed window"
calibration,v2_calibration_bf16_n256_q4_batch_same_in0_same_discard_h10000000_b1_none_ops0,1,,NVIDIA Thor,11.0,580.00,13.0,1575.000,,,,mem_clock_mhz:unavailable;temperature_c:unavailable;power_w:unavailable;sm_clock_mhz:sysfs_or_default,bf16,256,4,500,0,459,batch,same,same,discard,0,10000000,1,1,none,0,447262.0,,,,,223.631,0.380608,,,,,7.38496541177207,5.510005044560282,500,0.000000000,1,877a78104d64cae680df873e601599024b462998be2d950c124c07ef1eb7b729,4,3,19,10,2,0,0,"static single-case binary; CUDA event includes setup/readback, clock64 covers timed window"
calibration,v2_calibration_bf16_n256_q4_batch_same_in0_same_discard_h10000000_b1_none_ops0,1,,NVIDIA Thor,11.0,580.00,13.0,1575.000,,,,mem_clock_mhz:unavailable;temperature_c:unavailable;power_w:unavailable;sm_clock_mhz:sysfs_or_default,bf16,256,4,500,1,459,batch,same,same,discard,0,10000000,1,1,none,0,447262.0,,,,,223.631,0.3824,,,,,7.38496541177207,5.48418410041841,500,0.000000000,1,877a78104d64cae680df873e601599024b462998be2d950c124c07ef1eb7b729,4,3,19,10,2,0,0,"static single-case binary; CUDA event includes setup/readback, clock64 covers timed window"
calibration,v2_calibration_bf16_n256_q4_batch_same_in0_same_discard_h10000000_b1_none_ops0,1,,NVIDIA Thor,11.0,580.00,13.0,1575.000,,,,mem_clock_mhz:unavailable;temperature_c:unavailable;power_w:unavailable;sm_clock_mhz:sysfs_or_default,bf16,256,4,500,2,459,batch,same,same,discard,0,10000000,1,1,none,0,447262.0,,,,,223.631,0.382368,,,,,7.38496541177207,5.484643066365385,500,0.000000000,1,877a78104d64cae680df873e601599024b462998be2d950c124c07ef1eb7b729,4,3,19,10,2,0,0,"static single-case binary; CUDA event includes setup/readback, clock64 covers timed window"
calibration,v2_calibration_fp16_n128_q4_batch_same_in0_same_discard_h10000000_b1_none_ops0,1,,NVIDIA Thor,11.0,580.00,13.0,1575.000,,,,mem_clock_mhz:unavailable;temperature_c:unavailable;power_w:unavailable;sm_clock_mhz:sysfs_or_default,fp16,128,4,500,0,460,batch,same,same,discard,0,10000000,1,1,none,0,319600.0,,,,,159.8,0.300352,,,,,5.167419274092616,3.49115704240358,500,0.000000000,1,62c1f5b6ca1a605d859a2040bddfdf0e74b400acb599ca40567c2c628aa22ef8,4,3,19,10,2,0,0,"static single-case binary; CUDA event includes setup/readback, clock64 covers timed window"
calibration,v2_calibration_fp16_n128_q4_batch_same_in0_same_discard_h10000000_b1_none_ops0,1,,NVIDIA Thor,11.0,580.00,13.0,1575.000,,,,mem_clock_mhz:unavailable;temperature_c:unavailable;power_w:unavailable;sm_clock_mhz:sysfs_or_default,fp16,128,4,500,1,460,batch,same,same,discard,0,10000000,1,1,none,0,319600.0,,,,,159.8,0.300288,,,,,5.167419274092616,3.4919011082693947,500,0.000000000,1,62c1f5b6ca1a605d859a2040bddfdf0e74b400acb599ca40567c2c628aa22ef8,4,3,19,10,2,0,0,"static single-case binary; CUDA event includes setup/readback, clock64 covers timed window"
calibration,v2_calibration_fp16_n128_q4_batch_same_in0_same_discard_h10000000_b1_none_ops0,1,,NVIDIA Thor,11.0,580.00,13.0,1575.000,,,,mem_clock_mhz:unavailable;temperature_c:unavailable;power_w:unavailable;sm_clock_mhz:sysfs_or_default,fp16,128,4,500,2,460,batch,same,same,discard,0,10000000,1,1,none,0,319600.0,,,,,159.8,0.29936,,,,,5.167419274092616,3.502725815072153,500,0.000000000,1,62c1f5b6ca1a605d859a2040bddfdf0e74b400acb599ca40567c2c628aa22ef8,4,3,19,10,2,0,0,"static single-case binary; CUDA event includes setup/readback, clock64 covers timed window"
calibration,v2_calibration_fp16_n256_q16_batch_same_in0_same_discard_h0_b1_none_ops0,1,,NVIDIA Thor,11.0,580.00,13.0,1575.000,,,,mem_clock_mhz:unavailable;temperature_c:unavailable;power_w:unavailable;sm_clock_mhz:sysfs_or_default,fp16,256,16,500,0,461,batch,same,same,discard,0,0,1,1,none,0,1238712.0,,,,,154.839,0.8848,,,,,10.665964001317496,9.480795660036167,1500,0.000000000,1,235fcd540aa95e94b73ee732d96c3929a0fd276b3d3790517ab16df42c7b9e6f,16,3,19,10,2,0,0,"static single-case binary; CUDA event includes setup/readback, clock64 covers timed window"
calibration,v2_calibration_fp16_n256_q16_batch_same_in0_same_discard_h0_b1_none_ops0,1,,NVIDIA Thor,11.0,580.00,13.0,1575.000,,,,mem_clock_mhz:unavailable;temperature_c:unavailable;power_w:unavailable;sm_clock_mhz:sysfs_or_default,fp16,256,16,500,1,461,batch,same,same,discard,0,0,1,1,none,0,1238766.0,,,,,154.84575,0.88272,,,,,10.66549905308993,9.503135762189595,1500,0.000000000,1,235fcd540aa95e94b73ee732d96c3929a0fd276b3d3790517ab16df42c7b9e6f,16,3,19,10,2,0,0,"static single-case binary; CUDA event includes setup/readback, clock64 covers timed window"
calibration,v2_calibration_fp16_n256_q16_batch_same_in0_same_discard_h0_b1_none_ops0,1,,NVIDIA Thor,11.0,580.00,13.0,1575.000,,,,mem_clock_mhz:unavailable;temperature_c:unavailable;power_w:unavailable;sm_clock_mhz:sysfs_or_default,fp16,256,16,500,2,461,batch,same,same,discard,0,0,1,1,none,0,1238707.0,,,,,154.838375,0.884288,,,,,10.66600705412983,9.486285011218065,1500,0.000000000,1,235fcd540aa95e94b73ee732d96c3929a0fd276b3d3790517ab16df42c7b9e6f,16,3,19,10,2,0,0,"static single-case binary; CUDA event includes setup/readback, clock64 covers timed window"
control,v2_control_fp16_n128_q1_commit_wait_same_in0_same_discard_h0_b0_none_ops0,1,,NVIDIA Thor,11.0,580.00,13.0,1575.000,,,,mem_clock_mhz:unavailable;temperature_c:unavailable;power_w:unavailable;sm_clock_mhz:sysfs_or_default,fp16,128,1,1000,0,462,commit_wait,same,same,discard,0,0,0,20,none,0,258151.0,,,,,,0.295296,,,,,,,20000,0.000000000,1,adf8b9b42c63e2595c29de8b6cb137d359ff0182430722853c622e8e387bfc3f,0,3,19,9,2,0,0,"static single-case binary; CUDA event includes setup/readback, clock64 covers timed window"
control,v2_control_fp16_n128_q1_commit_wait_same_in0_same_discard_h0_b0_none_ops0,1,,NVIDIA Thor,11.0,580.00,13.0,1575.000,,,,mem_clock_mhz:unavailable;temperature_c:unavailable;power_w:unavailable;sm_clock_mhz:sysfs_or_default,fp16,128,1,1000,1,462,commit_wait,same,same,discard,0,0,0,20,none,0,258151.0,,,,,,0.294784,,,,,,,20000,0.000000000,1,adf8b9b42c63e2595c29de8b6cb137d359ff0182430722853c622e8e387bfc3f,0,3,19,9,2,0,0,"static single-case binary; CUDA event includes setup/readback, clock64 covers timed window"
control,v2_control_fp16_n128_q1_commit_wait_same_in0_same_discard_h0_b0_none_ops0,1,,NVIDIA Thor,11.0,580.00,13.0,1575.000,,,,mem_clock_mhz:unavailable;temperature_c:unavailable;power_w:unavailable;sm_clock_mhz:sysfs_or_default,fp16,128,1,1000,2,462,commit_wait,same,same,discard,0,0,0,20,none,0,258155.0,,,,,,0.295744,,,,,,,20000,0.000000000,1,adf8b9b42c63e2595c29de8b6cb137d359ff0182430722853c622e8e387bfc3f,0,3,19,9,2,0,0,"static single-case binary; CUDA event includes setup/readback, clock64 covers timed window"
calibration,v2_calibration_bf16_n256_q32_batch_same_in0_same_discard_h0_b0_none_ops0,1,,NVIDIA Thor,11.0,580.00,13.0,1575.000,,,,mem_clock_mhz:unavailable;temperature_c:unavailable;power_w:unavailable;sm_clock_mhz:sysfs_or_default,bf16,256,32,500,0,463,batch,same,same,discard,0,0,0,20,none,0,2261943.0,,,,,141.3714375,1.568928,,,,,233.6408583240161,213.86852679026697,30000,0.000000000,1,f69ae7b4ed931fd11628437925361739e3d5d898a294a1bf5634be7d5d809d95,32,3,19,10,2,0,0,"static single-case binary; CUDA event includes setup/readback, clock64 covers timed window"
calibration,v2_calibration_bf16_n256_q32_batch_same_in0_same_discard_h0_b0_none_ops0,1,,NVIDIA Thor,11.0,580.00,13.0,1575.000,,,,mem_clock_mhz:unavailable;temperature_c:unavailable;power_w:unavailable;sm_clock_mhz:sysfs_or_default,bf16,256,32,500,1,463,batch,same,same,discard,0,0,0,20,none,0,2261782.0,,,,,141.361375,1.568992,,,,,233.65748953701106,213.85980298178703,29999,0.000000000,1,f69ae7b4ed931fd11628437925361739e3d5d898a294a1bf5634be7d5d809d95,32,3,19,10,2,0,0,"static single-case binary; CUDA event includes setup/readback, clock64 covers timed window"
calibration,v2_calibration_bf16_n256_q32_batch_same_in0_same_discard_h0_b0_none_ops0,1,,NVIDIA Thor,11.0,580.00,13.0,1575.000,,,,mem_clock_mhz:unavailable;temperature_c:unavailable;power_w:unavailable;sm_clock_mhz:sysfs_or_default,bf16,256,32,500,2,463,batch,same,same,discard,0,0,0,20,none,0,2261829.0,,,,,141.3643125,1.568608,,,,,233.6526342177061,213.91215651074074,29993,0.000000000,1,f69ae7b4ed931fd11628437925361739e3d5d898a294a1bf5634be7d5d809d95,32,3,19,10,2,0,0,"static single-case binary; CUDA event includes setup/readback, clock64 covers timed window"
calibration,v2_calibration_fp16_n256_q16_batch_ring_in0_same_discard_h0_b1_none_ops0,1,,NVIDIA Thor,11.0,580.00,13.0,1575.000,,,,mem_clock_mhz:unavailable;temperature_c:unavailable;power_w:unavailable;sm_clock_mhz:sysfs_or_default,fp16,256,16,500,0,464,batch,ring,same,discard,0,0,1,1,none,0,1238719.0,,,,,154.839875,0.88352,,,,,10.66590372796413,9.494530967040928,1500,0.000000000,1,7e80efa94aec113b2caf2c13d211f11c765f9799a2e91e6351d349149b894f39,16,3,17,7,2,0,0,"static single-case binary; CUDA event includes setup/readback, clock64 covers timed window"
calibration,v2_calibration_fp16_n256_q16_batch_ring_in0_same_discard_h0_b1_none_ops0,1,,NVIDIA Thor,11.0,580.00,13.0,1575.000,,,,mem_clock_mhz:unavailable;temperature_c:unavailable;power_w:unavailable;sm_clock_mhz:sysfs_or_default,fp16,256,16,500,1,464,batch,ring,same,discard,0,0,1,1,none,0,1238378.0,,,,,154.79725,0.883872,,,,,10.668840693229368,9.49074979182506,1498,0.000000000,1,7e80efa94aec113b2caf2c13d211f11c765f9799a2e91e6351d349149b894f39,16,3,17,7,2,0,0,"static single-case binary; CUDA event includes setup/readback, clock64 covers timed window"
calibration,v2_calibration_fp16_n256_q16_batch_ring_in0_same_discard_h0_b1_none_ops0,1,,NVIDIA Thor,11.0,580.00,13.0,1575.000,,,,mem_clock_mhz:unavailable;temperature_c:unavailable;power_w:unavailable;sm_clock_mhz:sysfs_or_default,fp16,256,16,500,2,464,batch,ring,same,discard,0,0,1,1,none,0,1238813.0,,,,,154.851625,1.134592,,,,,10.66509440892209,7.393501805054151,1500,0.000000000,1,7e80efa94aec113b2caf2c13d211f11c765f9799a2e91e6351d349149b894f39,16,3,17,7,2,0,0,"static single-case binary; CUDA event includes setup/readback, clock64 covers timed window"
calibration,v2_calibration_bf16_n128_q16_batch_same_in1_same_discard_h10000000_b0_none_ops0,1,,NVIDIA Thor,11.0,580.00,13.0,1575.000,,,,mem_clock_mhz:unavailable;temperature_c:unavailable;power_w:unavailable;sm_clock_mhz:sysfs_or_default,bf16,128,16,500,0,465,batch,same,same,discard,1,10000000,0,20,none,0,703426.0,,,,,87.92825,0.577728,,,,,187.82441365545202,145.1999556884901,10000,0.000000000,1,039fcd25405737b4619accb14d76df5ead7e00641e9677a68c9a2914bbf6cd0b,16,3,19,10,2,0,0,"static single-case binary; CUDA event includes setup/readback, clock64 covers timed window"
calibration,v2_calibration_bf16_n128_q16_batch_same_in1_same_discard_h10000000_b0_none_ops0,1,,NVIDIA Thor,11.0,580.00,13.0,1575.000,,,,mem_clock_mhz:unavailable;temperature_c:unavailable;power_w:unavailable;sm_clock_mhz:sysfs_or_default,bf16,128,16,500,1,465,batch,same,same,discard,1,10000000,0,20,none,0,703427.0,,,,,87.928375,0.577024,,,,,187.82414664208224,145.377107364685,10000,0.000000000,1,039fcd25405737b4619accb14d76df5ead7e00641e9677a68c9a2914bbf6cd0b,16,3,19,10,2,0,0,"static single-case binary; CUDA event includes setup/readback, clock64 covers timed window"
calibration,v2_calibration_bf16_n128_q16_batch_same_in1_same_discard_h10000000_b0_none_ops0,1,,NVIDIA Thor,11.0,580.00,13.0,1575.000,,,,mem_clock_mhz:unavailable;temperature_c:unavailable;power_w:unavailable;sm_clock_mhz:sysfs_or_default,bf16,128,16,500,2,465,batch,same,same,discard,1,10000000,0,20,none,0,703429.0,,,,,87.928625,0.575104,,,,,187.82361261762026,145.86245270420653,10000,0.000000000,1,039fcd25405737b4619accb14d76df5ead7e00641e9677a68c9a2914bbf6cd0b,16,3,19,10,2,0,0,"static single-case binary; CUDA event includes setup/readback, clock64 covers timed window"
calibration,v2_calibration_bf16_n256_q8_batch_same_in1_same_discard_h0_b1_none_ops0,1,,NVIDIA Thor,11.0,580.00,13.0,1575.000,,,,mem_clock_mhz:unavailable;temperature_c:unavailable;power_w:unavailable;sm_clock_mhz:sysfs_or_default,bf16,256,8,500,0,466,batch,same,same,discard,1,0,1,1,none,0,725562.0,,,,,181.3905,0.559648,,,,,9.104706145029647,7.49453942478129,1500,0.000000000,1,3f62cfd6ccda1dc6d6530b1f1276af8bccb348514ca12d96323a836f78b02160,8,3,19,10,2,0,0,"static single-case binary; CUDA event includes setup/readback, clock64 covers timed window"
calibration,v2_calibration_bf16_n256_q8_batch_same_in1_same_discard_h0_b1_none_ops0,1,,NVIDIA Thor,11.0,580.00,13.0,1575.000,,,,mem_clock_mhz:unavailable;temperature_c:unavailable;power_w:unavailable;sm_clock_mhz:sysfs_or_default,bf16,256,8,500,1,466,batch,same,same,discard,1,0,1,1,none,0,725639.0,,,,,181.40975,0.550432,,,,,9.10374001397389,7.620022091738853,1500,0.000000000,1,3f62cfd6ccda1dc6d6530b1f1276af8bccb348514ca12d96323a836f78b02160,8,3,19,10,2,0,0,"static single-case binary; CUDA event includes setup/readback, clock64 covers timed window"
calibration,v2_calibration_bf16_n256_q8_batch_same_in1_same_discard_h0_b1_none_ops0,1,,NVIDIA Thor,11.0,580.00,13.0,1575.000,,,,mem_clock_mhz:unavailable;temperature_c:unavailable;power_w:unavailable;sm_clock_mhz:sysfs_or_default,bf16,256,8,500,2,466,batch,same,same,discard,1,0,1,1,none,0,725340.0,,,,,181.335,0.559552,,,,,9.107492762015054,7.495825231613861,1498,0.000000000,1,3f62cfd6ccda1dc6d6530b1f1276af8bccb348514ca12d96323a836f78b02160,8,3,19,10,2,0,0,"static single-case binary; CUDA event includes setup/readback, clock64 covers timed window"
calibration,v2_calibration_bf16_n256_q4_batch_ring_in0_same_discard_h10000000_b1_none_ops0,1,,NVIDIA Thor,11.0,580.00,13.0,1575.000,,,,mem_clock_mhz:unavailable;temperature_c:unavailable;power_w:unavailable;sm_clock_mhz:sysfs_or_default,bf16,256,4,500,0,467,batch,ring,same,discard,0,10000000,1,1,none,0,447262.0,,,,,223.631,0.382208,,,,,7.38496541177207,5.486939048894842,500,0.000000000,1,795c1020dffe3276cb4465884d18e56120abd758d8783fcee3da073fa579cfa2,4,3,17,7,2,0,0,"static single-case binary; CUDA event includes setup/readback, clock64 covers timed window"
calibration,v2_calibration_bf16_n256_q4_batch_ring_in0_same_discard_h10000000_b1_none_ops0,1,,NVIDIA Thor,11.0,580.00,13.0,1575.000,,,,mem_clock_mhz:unavailable;temperature_c:unavailable;power_w:unavailable;sm_clock_mhz:sysfs_or_default,bf16,256,4,500,1,467,batch,ring,same,discard,0,10000000,1,1,none,0,447263.0,,,,,223.6315,0.376096,,,,,7.38494890031145,5.576108227686549,500,0.000000000,1,795c1020dffe3276cb4465884d18e56120abd758d8783fcee3da073fa579cfa2,4,3,17,7,2,0,0,"static single-case binary; CUDA event includes setup/readback, clock64 covers timed window"
calibration,v2_calibration_bf16_n256_q4_batch_ring_in0_same_discard_h10000000_b1_none_ops0,1,,NVIDIA Thor,11.0,580.00,13.0,1575.000,,,,mem_clock_mhz:unavailable;temperature_c:unavailable;power_w:unavailable;sm_clock_mhz:sysfs_or_default,bf16,256,4,500,2,467,batch,ring,same,discard,0,10000000,1,1,none,0,447250.0,,,,,223.625,0.38304,,,,,7.385163555058692,5.4750208855472025,501,0.000000000,1,795c1020dffe3276cb4465884d18e56120abd758d8783fcee3da073fa579cfa2,4,3,17,7,2,0,0,"static single-case binary; CUDA event includes setup/readback, clock64 covers timed window"
calibration,v2_calibration_fp16_n128_q4_batch_same_in0_same_discard_h32_b1_none_ops0,1,,NVIDIA Thor,11.0,580.00,13.0,1575.000,,,,mem_clock_mhz:unavailable;temperature_c:unavailable;power_w:unavailable;sm_clock_mhz:sysfs_or_default,fp16,128,4,500,0,468,batch,same,same,discard,0,32,1,1,none,0,315140.0,,,,,157.57,0.298336,,,,,5.2405508662816525,3.514748471522042,500,0.000000000,1,af7b27772e90b083fb7caeacec783505e21d394f850767bcbdeed887590ca15f,4,3,19,10,2,0,0,"static single-case binary; CUDA event includes setup/readback, clock64 covers timed window"
calibration,v2_calibration_fp16_n128_q4_batch_same_in0_same_discard_h32_b1_none_ops0,1,,NVIDIA Thor,11.0,580.00,13.0,1575.000,,,,mem_clock_mhz:unavailable;temperature_c:unavailable;power_w:unavailable;sm_clock_mhz:sysfs_or_default,fp16,128,4,500,1,468,batch,same,same,discard,0,32,1,1,none,0,315264.0,,,,,157.632,0.29888,,,,,5.238489646772228,3.5083511777301934,500,0.000000000,1,af7b27772e90b083fb7caeacec783505e21d394f850767bcbdeed887590ca15f,4,3,19,10,2,0,0,"static single-case binary; CUDA event includes setup/readback, clock64 covers timed window"
calibration,v2_calibration_fp16_n128_q4_batch_same_in0_same_discard_h32_b1_none_ops0,1,,NVIDIA Thor,11.0,580.00,13.0,1575.000,,,,mem_clock_mhz:unavailable;temperature_c:unavailable;power_w:unavailable;sm_clock_mhz:sysfs_or_default,fp16,128,4,500,2,468,batch,same,same,discard,0,32,1,1,none,0,315200.0,,,,,157.6,0.304352,,,,,5.2395532994923855,3.4452738933866045,500,0.000000000,1,af7b27772e90b083fb7caeacec783505e21d394f850767bcbdeed887590ca15f,4,3,19,10,2,0,0,"static single-case binary; CUDA event includes setup/readback, clock64 covers timed window"
calibration,v2_calibration_bf16_n256_q2_batch_same_in0_same_discard_h32_b1_none_ops0,1,,NVIDIA Thor,11.0,580.00,13.0,1575.000,,,,mem_clock_mhz:unavailable;temperature_c:unavailable;power_w:unavailable;sm_clock_mhz:sysfs_or_default,bf16,256,2,500,0,469,batch,same,same,discard,0,32,1,1,none,0,294769.0,,,,,294.769,0.284352,,,,,5.602716703588233,3.6875984695025887,634,0.000000000,1,8da8e2158496134a1841785cd26b03507eec1d413ea9ca712721ef460ed92a2c,2,3,19,10,2,0,0,"static single-case binary; CUDA event includes setup/readback, clock64 covers timed window"
calibration,v2_calibration_bf16_n256_q2_batch_same_in0_same_discard_h32_b1_none_ops0,1,,NVIDIA Thor,11.0,580.00,13.0,1575.000,,,,mem_clock_mhz:unavailable;temperature_c:unavailable;power_w:unavailable;sm_clock_mhz:sysfs_or_default,bf16,256,2,500,1,469,batch,same,same,discard,0,32,1,1,none,0,295169.0,,,,,295.169,0.284032,,,,,5.595124149216212,3.691753041910771,670,0.000000000,1,8da8e2158496134a1841785cd26b03507eec1d413ea9ca712721ef460ed92a2c,2,3,19,10,2,0,0,"static single-case binary; CUDA event includes setup/readback, clock64 covers timed window"
calibration,v2_calibration_bf16_n256_q2_batch_same_in0_same_discard_h32_b1_none_ops0,1,,NVIDIA Thor,11.0,580.00,13.0,1575.000,,,,mem_clock_mhz:unavailable;temperature_c:unavailable;power_w:unavailable;sm_clock_mhz:sysfs_or_default,bf16,256,2,500,2,469,batch,same,same,discard,0,32,1,1,none,0,294315.0,,,,,294.315,0.283616,,,,,5.611359257937924,3.6971680018052577,661,0.000000000,1,8da8e2158496134a1841785cd26b03507eec1d413ea9ca712721ef460ed92a2c,2,3,19,10,2,0,0,"static single-case binary; CUDA event includes setup/readback, clock64 covers timed window"
calibration,v2_calibration_bf16_n128_q8_batch_ring_in0_same_discard_h0_b0_none_ops0,1,,NVIDIA Thor,11.0,580.00,13.0,1575.000,,,,mem_clock_mhz:unavailable;temperature_c:unavailable;power_w:unavailable;sm_clock_mhz:sysfs_or_default,bf16,128,8,500,0,470,batch,ring,same,discard,0,0,0,20,none,0,408461.0,,,,,102.11525,0.387968,,,,,161.72973184710412,108.10953480699439,10000,0.000000000,1,6b562f2d47815fda90f30377cc3e7469b111f2ac9ee7d08840e33f9b3d3b57d2,8,3,17,7,2,0,0,"static single-case binary; CUDA event includes setup/readback, clock64 covers timed window"
calibration,v2_calibration_bf16_n128_q8_batch_ring_in0_same_discard_h0_b0_none_ops0,1,,NVIDIA Thor,11.0,580.00,13.0,1575.000,,,,mem_clock_mhz:unavailable;temperature_c:unavailable;power_w:unavailable;sm_clock_mhz:sysfs_or_default,bf16,128,8,500,1,470,batch,ring,same,discard,0,0,0,20,none,0,408139.0,,,,,102.03475,0.39152,,,,,161.8573280181507,107.12872905598694,10000,0.000000000,1,6b562f2d47815fda90f30377cc3e7469b111f2ac9ee7d08840e33f9b3d3b57d2,8,3,17,7,2,0,0,"static single-case binary; CUDA event includes setup/readback, clock64 covers timed window"
calibration,v2_calibration_bf16_n128_q8_batch_ring_in0_same_discard_h0_b0_none_ops0,1,,NVIDIA Thor,11.0,580.00,13.0,1575.000,,,,mem_clock_mhz:unavailable;temperature_c:unavailable;power_w:unavailable;sm_clock_mhz:sysfs_or_default,bf16,128,8,500,2,470,batch,ring,same,discard,0,0,0,20,none,0,408455.0,,,,,102.11375,0.389728,,,,,161.73210757610997,107.62131537893096,10000,0.000000000,1,6b562f2d47815fda90f30377cc3e7469b111f2ac9ee7d08840e33f9b3d3b57d2,8,3,17,7,2,0,0,"static single-case binary; CUDA event includes setup/readback, clock64 covers timed window"
calibration,v2_calibration_fp16_n128_q64_batch_ring_in0_same_discard_h10000000_b0_none_ops0,1,,NVIDIA Thor,11.0,580.00,13.0,1575.000,,,,mem_clock_mhz:unavailable;temperature_c:unavailable;power_w:unavailable;sm_clock_mhz:sysfs_or_default,fp16,128,64,500,0,471,batch,ring,same,discard,0,10000000,0,20,none,0,2245415.0,,,,,70.16921875,1.55472,,,,,235.3606366751803,215.8229906349696,10000,0.000000000,1,a92d3abadce7a9d20c4bd866bbf3790ab33e0370683867554871e0704b0bc4ca,64,3,17,7,2,0,0,"static single-case binary; CUDA event includes setup/readback, clock64 covers timed window"
calibration,v2_calibration_fp16_n128_q64_batch_ring_in0_same_discard_h10000000_b0_none_ops0,1,,NVIDIA Thor,11.0,580.00,13.0,1575.000,,,,mem_clock_mhz:unavailable;temperature_c:unavailable;power_w:unavailable;sm_clock_mhz:sysfs_or_default,fp16,128,64,500,1,471,batch,ring,same,discard,0,10000000,0,20,none,0,2245414.0,,,,,70.1691875,1.554272,,,,,235.36074149355088,215.88519898704985,10000,0.000000000,1,a92d3abadce7a9d20c4bd866bbf3790ab33e0370683867554871e0704b0bc4ca,64,3,17,7,2,0,0,"static single-case binary; CUDA event includes setup/readback, clock64 covers timed window"
calibration,v2_calibration_fp16_n128_q64_batch_ring_in0_same_discard_h10000000_b0_none_ops0,1,,NVIDIA Thor,11.0,580.00,13.0,1575.000,,,,mem_clock_mhz:unavailable;temperature_c:unavailable;power_w:unavailable;sm_clock_mhz:sysfs_or_default,fp16,128,64,500,2,471,batch,ring,same,discard,0,10000000,0,20,none,0,2245415.0,,,,,70.16921875,1.557824,,,,,235.3606366751803,215.3929583829752,10000,0.000000000,1,a92d3abadce7a9d20c4bd866bbf3790ab33e0370683867554871e0704b0bc4ca,64,3,17,7,2,0,0,"static single-case binary; CUDA event includes setup/readback, clock64 covers timed window"
calibration,v2_calibration_bf16_n256_q32_batch_ring_in0_same_discard_h10000000_b0_none_ops0,1,,NVIDIA Thor,11.0,580.00,13.0,1575.000,,,,mem_clock_mhz:unavailable;temperature_c:unavailable;power_w:unavailable;sm_clock_mhz:sysfs_or_default,bf16,256,32,500,0,472,batch,ring,same,discard,0,10000000,0,20,none,0,2239148.0,,,,,139.94675,1.563424,,,,,236.01937165386119,214.62144626153878,10000,0.000000000,1,b30cb7e25701f5d11fe750c92a727c245fc89a10b8cce29de66c0c88b6d96c1c,32,3,17,7,2,0,0,"static single-case binary; CUDA event includes setup/readback, clock64 covers timed window"
calibration,v2_calibration_bf16_n256_q32_batch_ring_in0_same_discard_h10000000_b0_none_ops0,1,,NVIDIA Thor,11.0,580.00,13.0,1575.000,,,,mem_clock_mhz:unavailable;temperature_c:unavailable;power_w:unavailable;sm_clock_mhz:sysfs_or_default,bf16,256,32,500,1,472,batch,ring,same,discard,0,10000000,0,20,none,0,2239148.0,,,,,139.94675,1.553792,,,,,236.01937165386119,215.9518906005437,10000,0.000000000,1,b30cb7e25701f5d11fe750c92a727c245fc89a10b8cce29de66c0c88b6d96c1c,32,3,17,7,2,0,0,"static single-case binary; CUDA event includes setup/readback, clock64 covers timed window"
calibration,v2_calibration_bf16_n256_q32_batch_ring_in0_same_discard_h10000000_b0_none_ops0,1,,NVIDIA Thor,11.0,580.00,13.0,1575.000,,,,mem_clock_mhz:unavailable;temperature_c:unavailable;power_w:unavailable;sm_clock_mhz:sysfs_or_default,bf16,256,32,500,2,472,batch,ring,same,discard,0,10000000,0,20,none,0,2239150.0,,,,,139.946875,1.55552,,,,,236.0191608422839,215.7119934169924,10000,0.000000000,1,b30cb7e25701f5d11fe750c92a727c245fc89a10b8cce29de66c0c88b6d96c1c,32,3,17,7,2,0,0,"static single-case binary; CUDA event includes setup/readback, clock64 covers timed window"
calibration,v2_calibration_fp16_n256_q1_batch_ring_in0_same_discard_h32_b1_none_ops0,1,,NVIDIA Thor,11.0,580.00,13.0,1575.000,,,,mem_clock_mhz:unavailable;temperature_c:unavailable;power_w:unavailable;sm_clock_mhz:sysfs_or_default,fp16,256,1,500,0,473,batch,ring,same,discard,0,32,1,1,none,0,248684.0,,,,,497.368,0.255776,,,,,3.320493477666436,2.0497935693732017,500,0.000000000,1,d61b3549aabece32ed78aeae50803fda8548decd87160fbd45f966047927606b,1,3,17,7,2,0,0,"static single-case binary; CUDA event includes setup/readback, clock64 covers timed window"
calibration,v2_calibration_fp16_n256_q1_batch_ring_in0_same_discard_h32_b1_none_ops0,1,,NVIDIA Thor,11.0,580.00,13.0,1575.000,,,,mem_clock_mhz:unavailable;temperature_c:unavailable;power_w:unavailable;sm_clock_mhz:sysfs_or_default,fp16,256,1,500,1,473,batch,ring,same,discard,0,32,1,1,none,0,248591.0,,,,,497.182,0.254464,,,,,3.3217357024188323,2.060362173038229,500,0.000000000,1,d61b3549aabece32ed78aeae50803fda8548decd87160fbd45f966047927606b,1,3,17,7,2,0,0,"static single-case binary; CUDA event includes setup/readback, clock64 covers timed window"
calibration,v2_calibration_fp16_n256_q1_batch_ring_in0_same_discard_h32_b1_none_ops0,1,,NVIDIA Thor,11.0,580.00,13.0,1575.000,,,,mem_clock_mhz:unavailable;temperature_c:unavailable;power_w:unavailable;sm_clock_mhz:sysfs_or_default,fp16,256,1,500,2,473,batch,ring,same,discard,0,32,1,1,none,0,248697.0,,,,,497.394,0.254688,,,,,3.3203199073571454,2.0585500691041583,500,0.000000000,1,d61b3549aabece32ed78aeae50803fda8548decd87160fbd45f966047927606b,1,3,17,7,2,0,0,"static single-case binary; CUDA event includes setup/readback, clock64 covers timed window"
calibration,v2_calibration_bf16_n128_q64_batch_same_in1_same_discard_h10000000_b1_none_ops0,1,,NVIDIA Thor,11.0,580.00,13.0,1575.000,,,,mem_clock_mhz:unavailable;temperature_c:unavailable;power_w:unavailable;sm_clock_mhz:sysfs_or_default,bf16,128,64,500,0,474,batch,same,same,discard,1,10000000,1,1,none,0,2245909.0,,,,,70.18465625,1.52304,,,,,11.765443390627137,11.015610883496166,500,0.000000000,1,c339a660fde59cab0fca6fe8bf5451fe7ed625b9ed160586e3f183b086a119c5,64,3,19,10,2,0,0,"static single-case binary; CUDA event includes setup/readback, clock64 covers timed window"
calibration,v2_calibration_bf16_n128_q64_batch_same_in1_same_discard_h10000000_b1_none_ops0,1,,NVIDIA Thor,11.0,580.00,13.0,1575.000,,,,mem_clock_mhz:unavailable;temperature_c:unavailable;power_w:unavailable;sm_clock_mhz:sysfs_or_default,bf16,128,64,500,1,474,batch,same,same,discard,1,10000000,1,1,none,0,2245909.0,,,,,70.18465625,1.524064,,,,,11.765443390627137,11.008209628991956,500,0.000000000,1,c339a660fde59cab0fca6fe8bf5451fe7ed625b9ed160586e3f183b086a119c5,64,3,19,10,2,0,0,"static single-case binary; CUDA event includes setup/readback, clock64 covers timed window"
calibration,v2_calibration_bf16_n128_q64_batch_same_in1_same_discard_h10000000_b1_none_ops0,1,,NVIDIA Thor,11.0,580.00,13.0,1575.000,,,,mem_clock_mhz:unavailable;temperature_c:unavailable;power_w:unavailable;sm_clock_mhz:sysfs_or_default,bf16,128,64,500,2,474,batch,same,same,discard,1,10000000,1,1,none,0,2245888.0,,,,,70.184,1.523328,,,,,11.765553402484896,11.01352827493488,500,0.000000000,1,c339a660fde59cab0fca6fe8bf5451fe7ed625b9ed160586e3f183b086a119c5,64,3,19,10,2,0,0,"static single-case binary; CUDA event includes setup/readback, clock64 covers timed window"
calibration,v2_calibration_fp16_n256_q8_batch_same_in1_same_discard_h32_b1_none_ops0,1,,NVIDIA Thor,11.0,580.00,13.0,1575.000,,,,mem_clock_mhz:unavailable;temperature_c:unavailable;power_w:unavailable;sm_clock_mhz:sysfs_or_default,fp16,256,8,500,0,475,batch,same,same,discard,1,32,1,1,none,0,708650.0,,,,,177.1625,0.547616,,,,,9.321990827630001,7.659206451235902,1499,0.000000000,1,9051e70ea8cd3a8c79fd97023df9ec1ece94a7e12ec945e593867c4f7dbe1859,8,3,19,10,2,0,0,"static single-case binary; CUDA event includes setup/readback, clock64 covers timed window"
calibration,v2_calibration_fp16_n256_q8_batch_same_in1_same_discard_h32_b1_none_ops0,1,,NVIDIA Thor,11.0,580.00,13.0,1575.000,,,,mem_clock_mhz:unavailable;temperature_c:unavailable;power_w:unavailable;sm_clock_mhz:sysfs_or_default,fp16,256,8,500,1,475,batch,same,same,discard,1,32,1,1,none,0,707980.0,,,,,176.995,0.546272,,,,,9.330812734823018,7.678050494991506,1498,0.000000000,1,9051e70ea8cd3a8c79fd97023df9ec1ece94a7e12ec945e593867c4f7dbe1859,8,3,19,10,2,0,0,"static single-case binary; CUDA event includes setup/readback, clock64 covers timed window"
calibration,v2_calibration_fp16_n256_q8_batch_same_in1_same_discard_h32_b1_none_ops0,1,,NVIDIA Thor,11.0,580.00,13.0,1575.000,,,,mem_clock_mhz:unavailable;temperature_c:unavailable;power_w:unavailable;sm_clock_mhz:sysfs_or_default,fp16,256,8,500,2,475,batch,same,same,discard,1,32,1,1,none,0,708103.0,,,,,177.02575,0.548,,,,,9.329191939590709,7.653839416058393,1498,0.000000000,1,9051e70ea8cd3a8c79fd97023df9ec1ece94a7e12ec945e593867c4f7dbe1859,8,3,19,10,2,0,0,"static single-case binary; CUDA event includes setup/readback, clock64 covers timed window"
calibration,v2_calibration_bf16_n256_q16_batch_ring_in0_same_discard_h32_b0_none_ops0,1,,NVIDIA Thor,11.0,580.00,13.0,1575.000,,,,mem_clock_mhz:unavailable;temperature_c:unavailable;power_w:unavailable;sm_clock_mhz:sysfs_or_default,bf16,256,16,500,0,476,batch,ring,same,discard,0,32,0,20,none,0,1235655.0,,,,,154.456875,0.917184,,,,,213.8470301176299,182.9209406182402,29998,0.000000000,1,0a0d5f3df4b4aed6897073d372e3796fcde07996e14b0cc98299b8467e9dbf7f,16,3,17,7,2,0,0,"static single-case binary; CUDA event includes setup/readback, clock64 covers timed window"
calibration,v2_calibration_bf16_n256_q16_batch_ring_in0_same_discard_h32_b0_none_ops0,1,,NVIDIA Thor,11.0,580.00,13.0,1575.000,,,,mem_clock_mhz:unavailable;temperature_c:unavailable;power_w:unavailable;sm_clock_mhz:sysfs_or_default,bf16,256,16,500,1,476,batch,ring,same,discard,0,32,0,20,none,0,1235703.0,,,,,154.462875,0.915776,,,,,213.83872338256037,183.2021804458732,29961,0.000000000,1,0a0d5f3df4b4aed6897073d372e3796fcde07996e14b0cc98299b8467e9dbf7f,16,3,17,7,2,0,0,"static single-case binary; CUDA event includes setup/readback, clock64 covers timed window"
calibration,v2_calibration_bf16_n256_q16_batch_ring_in0_same_discard_h32_b0_none_ops0,1,,NVIDIA Thor,11.0,580.00,13.0,1575.000,,,,mem_clock_mhz:unavailable;temperature_c:unavailable;power_w:unavailable;sm_clock_mhz:sysfs_or_default,bf16,256,16,500,2,476,batch,ring,same,discard,0,32,0,20,none,0,1235984.0,,,,,154.498,0.916608,,,,,213.79010731530505,183.03588884234046,29996,0.000000000,1,0a0d5f3df4b4aed6897073d372e3796fcde07996e14b0cc98299b8467e9dbf7f,16,3,17,7,2,0,0,"static single-case binary; CUDA event includes setup/readback, clock64 covers timed window"
calibration,v2_calibration_bf16_n128_q4_batch_same_in0_same_discard_h32_b0_none_ops0,1,,NVIDIA Thor,11.0,580.00,13.0,1575.000,,,,mem_clock_mhz:unavailable;temperature_c:unavailable;power_w:unavailable;sm_clock_mhz:sysfs_or_default,bf16,128,4,500,0,477,batch,same,same,discard,0,32,0,20,none,0,315354.0,,,,,157.677,0.331872,,,,,104.73989231149756,63.19159193906084,10000,0.000000000,1,b4a4f270d8aac0d6a4b86c1760d178a06a47d97c9224de9d4664902a7e7f3d57,4,3,19,10,2,0,0,"static single-case binary; CUDA event includes setup/readback, clock64 covers timed window"
calibration,v2_calibration_bf16_n128_q4_batch_same_in0_same_discard_h32_b0_none_ops0,1,,NVIDIA Thor,11.0,580.00,13.0,1575.000,,,,mem_clock_mhz:unavailable;temperature_c:unavailable;power_w:unavailable;sm_clock_mhz:sysfs_or_default,bf16,128,4,500,1,477,batch,same,same,discard,0,32,0,20,none,0,315372.0,,,,,157.686,0.331744,,,,,104.73391423461817,63.21597376290151,10000,0.000000000,1,b4a4f270d8aac0d6a4b86c1760d178a06a47d97c9224de9d4664902a7e7f3d57,4,3,19,10,2,0,0,"static single-case binary; CUDA event includes setup/readback, clock64 covers timed window"
calibration,v2_calibration_bf16_n128_q4_batch_same_in0_same_discard_h32_b0_none_ops0,1,,NVIDIA Thor,11.0,580.00,13.0,1575.000,,,,mem_clock_mhz:unavailable;temperature_c:unavailable;power_w:unavailable;sm_clock_mhz:sysfs_or_default,bf16,128,4,500,2,477,batch,same,same,discard,0,32,0,20,none,0,315335.0,,,,,157.6675,0.330752,,,,,104.74620324416891,63.405572755417964,10000,0.000000000,1,b4a4f270d8aac0d6a4b86c1760d178a06a47d97c9224de9d4664902a7e7f3d57,4,3,19,10,2,0,0,"static single-case binary; CUDA event includes setup/readback, clock64 covers timed window"
calibration,v2_calibration_bf16_n256_q16_batch_ring_in0_same_discard_h0_b1_none_ops0,1,,NVIDIA Thor,11.0,580.00,13.0,1575.000,,,,mem_clock_mhz:unavailable;temperature_c:unavailable;power_w:unavailable;sm_clock_mhz:sysfs_or_default,bf16,256,16,500,0,478,batch,ring,same,discard,0,0,1,1,none,0,1238759.0,,,,,154.844875,0.884352,,,,,10.66555932186971,9.485598494717035,1500,0.000000000,1,97041a66b1b480dee878a61bb8873198922e3a0786c7d80f8d629dc3a54b7f30,16,3,17,7,2,0,0,"static single-case binary; CUDA event includes setup/readback, clock64 covers timed window"
calibration,v2_calibration_bf16_n256_q16_batch_ring_in0_same_discard_h0_b1_none_ops0,1,,NVIDIA Thor,11.0,580.00,13.0,1575.000,,,,mem_clock_mhz:unavailable;temperature_c:unavailable;power_w:unavailable;sm_clock_mhz:sysfs_or_default,bf16,256,16,500,1,478,batch,ring,same,discard,0,0,1,1,none,0,1238740.0,,,,,154.8425,0.884192,,,,,10.665722911991217,9.487314972313705,1500,0.000000000,1,97041a66b1b480dee878a61bb8873198922e3a0786c7d80f8d629dc3a54b7f30,16,3,17,7,2,0,0,"static single-case binary; CUDA event includes setup/readback, clock64 covers timed window"
calibration,v2_calibration_bf16_n256_q16_batch_ring_in0_same_discard_h0_b1_none_ops0,1,,NVIDIA Thor,11.0,580.00,13.0,1575.000,,,,mem_clock_mhz:unavailable;temperature_c:unavailable;power_w:unavailable;sm_clock_mhz:sysfs_or_default,bf16,256,16,500,2,478,batch,ring,same,discard,0,0,1,1,none,0,1238528.0,,,,,154.816,0.883776,,,,,10.667548573790823,9.491780722717069,1499,0.000000000,1,97041a66b1b480dee878a61bb8873198922e3a0786c7d80f8d629dc3a54b7f30,16,3,17,7,2,0,0,"static single-case binary; CUDA event includes setup/readback, clock64 covers timed window"
calibration,v2_calibration_fp16_n128_q1_batch_ring_in0_same_discard_h0_b0_none_ops0,1,,NVIDIA Thor,11.0,580.00,13.0,1575.000,,,,mem_clock_mhz:unavailable;temperature_c:unavailable;power_w:unavailable;sm_clock_mhz:sysfs_or_default,fp16,128,1,500,0,479,batch,ring,same,discard,0,0,0,20,none,0,225132.0,,,,,450.264,0.281792,,,,,36.67864186344012,18.605496252555074,10000,0.000000000,1,37f550c28ed55c1a9e818af6f7951d03a4739faf7eae3638fc1fbf2399ad88de,1,3,17,7,2,0,0,"static single-case binary; CUDA event includes setup/readback, clock64 covers timed window"
calibration,v2_calibration_fp16_n128_q1_batch_ring_in0_same_discard_h0_b0_none_ops0,1,,NVIDIA Thor,11.0,580.00,13.0,1575.000,,,,mem_clock_mhz:unavailable;temperature_c:unavailable;power_w:unavailable;sm_clock_mhz:sysfs_or_default,fp16,128,1,500,1,479,batch,ring,same,discard,0,0,0,20,none,0,225133.0,,,,,450.266,0.27408,,,,,36.67847894355781,19.12901342673672,10000,0.000000000,1,37f550c28ed55c1a9e818af6f7951d03a4739faf7eae3638fc1fbf2399ad88de,1,3,17,7,2,0,0,"static single-case binary; CUDA event includes setup/readback, clock64 covers timed window"
calibration,v2_calibration_fp16_n128_q1_batch_ring_in0_same_discard_h0_b0_none_ops0,1,,NVIDIA Thor,11.0,580.00,13.0,1575.000,,,,mem_clock_mhz:unavailable;temperature_c:unavailable;power_w:unavailable;sm_clock_mhz:sysfs_or_default,fp16,128,1,500,2,479,batch,ring,same,discard,0,0,0,20,none,0,225130.0,,,,,450.26,0.272448,,,,,36.67896770754675,19.2435987784825,10000,0.000000000,1,37f550c28ed55c1a9e818af6f7951d03a4739faf7eae3638fc1fbf2399ad88de,1,3,17,7,2,0,0,"static single-case binary; CUDA event includes setup/readback, clock64 covers timed window"
calibration,v2_calibration_bf16_n128_q4_batch_ring_in0_same_discard_h32_b1_none_ops0,1,,NVIDIA Thor,11.0,580.00,13.0,1575.000,,,,mem_clock_mhz:unavailable;temperature_c:unavailable;power_w:unavailable;sm_clock_mhz:sysfs_or_default,bf16,128,4,500,0,480,batch,ring,same,discard,0,32,1,1,none,0,315306.0,,,,,157.653,0.29744,,,,,5.237791859336644,3.5253362022592794,500,0.000000000,1,68eaebf1237665929f506ec64012cb54aac2eed7eee84c864b89654652acd3ae,4,3,17,7,2,0,0,"static single-case binary; CUDA event includes setup/readback, clock64 covers timed window"
calibration,v2_calibration_bf16_n128_q4_batch_ring_in0_same_discard_h32_b1_none_ops0,1,,NVIDIA Thor,11.0,580.00,13.0,1575.000,,,,mem_clock_mhz:unavailable;temperature_c:unavailable;power_w:unavailable;sm_clock_mhz:sysfs_or_default,bf16,128,4,500,1,480,batch,ring,same,discard,0,32,1,1,none,0,315191.0,,,,,157.5955,0.297376,,,,,5.239702910298835,3.5260949101474233,500,0.000000000,1,68eaebf1237665929f506ec64012cb54aac2eed7eee84c864b89654652acd3ae,4,3,17,7,2,0,0,"static single-case binary; CUDA event includes setup/readback, clock64 covers timed window"
calibration,v2_calibration_bf16_n128_q4_batch_ring_in0_same_discard_h32_b1_none_ops0,1,,NVIDIA Thor,11.0,580.00,13.0,1575.000,,,,mem_clock_mhz:unavailable;temperature_c:unavailable;power_w:unavailable;sm_clock_mhz:sysfs_or_default,bf16,128,4,500,2,480,batch,ring,same,discard,0,32,1,1,none,0,315173.0,,,,,157.5865,0.29904,,,,,5.240002157545222,3.5064740502942753,500,0.000000000,1,68eaebf1237665929f506ec64012cb54aac2eed7eee84c864b89654652acd3ae,4,3,17,7,2,0,0,"static single-case binary; CUDA event includes setup/readback, clock64 covers timed window"
calibration,v2_calibration_fp16_n128_q2_batch_ring_in0_same_discard_h32_b0_none_ops0,1,,NVIDIA Thor,11.0,580.00,13.0,1575.000,,,,mem_clock_mhz:unavailable;temperature_c:unavailable;power_w:unavailable;sm_clock_mhz:sysfs_or_default,fp16,128,2,500,0,481,batch,ring,same,discard,0,32,0,20,none,0,237655.0,,,,,237.655,0.282304,,,,,69.49179272474807,37.1435048741782,10000,0.000000000,1,e1ed2bfe2ea343e31d4357b8f7b15d54298c136ee43d3a0cfc2c2ec778699035,2,3,17,7,2,0,0,"static single-case binary; CUDA event includes setup/readback, clock64 covers timed window"
calibration,v2_calibration_fp16_n128_q2_batch_ring_in0_same_discard_h32_b0_none_ops0,1,,NVIDIA Thor,11.0,580.00,13.0,1575.000,,,,mem_clock_mhz:unavailable;temperature_c:unavailable;power_w:unavailable;sm_clock_mhz:sysfs_or_default,fp16,128,2,500,1,481,batch,ring,same,discard,0,32,0,20,none,0,237653.0,,,,,237.653,0.28176,,,,,69.4923775420466,37.21521862578081,10000,0.000000000,1,e1ed2bfe2ea343e31d4357b8f7b15d54298c136ee43d3a0cfc2c2ec778699035,2,3,17,7,2,0,0,"static single-case binary; CUDA event includes setup/readback, clock64 covers timed window"
calibration,v2_calibration_fp16_n128_q2_batch_ring_in0_same_discard_h32_b0_none_ops0,1,,NVIDIA Thor,11.0,580.00,13.0,1575.000,,,,mem_clock_mhz:unavailable;temperature_c:unavailable;power_w:unavailable;sm_clock_mhz:sysfs_or_default,fp16,128,2,500,2,481,batch,ring,same,discard,0,32,0,20,none,0,237652.0,,,,,237.652,0.281472,,,,,69.4926699543871,37.25329695316052,10000,0.000000000,1,e1ed2bfe2ea343e31d4357b8f7b15d54298c136ee43d3a0cfc2c2ec778699035,2,3,17,7,2,0,0,"static single-case binary; CUDA event includes setup/readback, clock64 covers timed window"
calibration,v2_calibration_fp16_n256_q2_batch_same_in0_same_discard_h32_b1_none_ops0,1,,NVIDIA Thor,11.0,580.00,13.0,1575.000,,,,mem_clock_mhz:unavailable;temperature_c:unavailable;power_w:unavailable;sm_clock_mhz:sysfs_or_default,fp16,256,2,500,0,482,batch,same,same,discard,0,32,1,1,none,0,295214.0,,,,,295.214,0.286144,,,,,5.594271274397555,3.6645045851040035,670,0.000000000,1,cbd4bf63a1e27ae7244edfb3fdb5a169663f95170ab8a5ad113bc257082215ab,2,3,19,10,2,0,0,"static single-case binary; CUDA event includes setup/readback, clock64 covers timed window"
calibration,v2_calibration_fp16_n256_q2_batch_same_in0_same_discard_h32_b1_none_ops0,1,,NVIDIA Thor,11.0,580.00,13.0,1575.000,,,,mem_clock_mhz:unavailable;temperature_c:unavailable;power_w:unavailable;sm_clock_mhz:sysfs_or_default,fp16,256,2,500,1,482,batch,same,same,discard,0,32,1,1,none,0,295965.0,,,,,295.965,0.28608,,,,,5.580076022502661,3.6653243847874717,688,0.000000000,1,cbd4bf63a1e27ae7244edfb3fdb5a169663f95170ab8a5ad113bc257082215ab,2,3,19,10,2,0,0,"static single-case binary; CUDA event includes setup/readback, clock64 covers timed window"
calibration,v2_calibration_fp16_n256_q2_batch_same_in0_same_discard_h32_b1_none_ops0,1,,NVIDIA Thor,11.0,580.00,13.0,1575.000,,,,mem_clock_mhz:unavailable;temperature_c:unavailable;power_w:unavailable;sm_clock_mhz:sysfs_or_default,fp16,256,2,500,2,482,batch,same,same,discard,0,32,1,1,none,0,293537.0,,,,,293.537,0.284128,,,,,5.626231786793487,3.69050568757743,647,0.000000000,1,cbd4bf63a1e27ae7244edfb3fdb5a169663f95170ab8a5ad113bc257082215ab,2,3,19,10,2,0,0,"static single-case binary; CUDA event includes setup/readback, clock64 covers timed window"
calibration,v2_calibration_fp16_n256_q64_batch_same_in1_same_discard_h10000000_b0_none_ops0,1,,NVIDIA Thor,11.0,580.00,13.0,1575.000,,,,mem_clock_mhz:unavailable;temperature_c:unavailable;power_w:unavailable;sm_clock_mhz:sysfs_or_default,fp16,256,64,500,0,483,batch,same,same,discard,1,10000000,0,20,none,0,4293637.0,,,,,134.17615625,3.263136,,,,,246.16999713762485,205.65757602502626,10000,0.000000000,1,a90fbbc37bef1fb3e6998efc2d03670b8ed3a5c73e46fff4c4168b9c85bb7243,64,3,19,10,2,0,0,"static single-case binary; CUDA event includes setup/readback, clock64 covers timed window"
calibration,v2_calibration_fp16_n256_q64_batch_same_in1_same_discard_h10000000_b0_none_ops0,1,,NVIDIA Thor,11.0,580.00,13.0,1575.000,,,,mem_clock_mhz:unavailable;temperature_c:unavailable;power_w:unavailable;sm_clock_mhz:sysfs_or_default,fp16,256,64,500,1,483,batch,same,same,discard,1,10000000,0,20,none,0,4293640.0,,,,,134.17625,3.261344,,,,,246.16982513671385,205.7705780193687,10000,0.000000000,1,a90fbbc37bef1fb3e6998efc2d03670b8ed3a5c73e46fff4c4168b9c85bb7243,64,3,19,10,2,0,0,"static single-case binary; CUDA event includes setup/readback, clock64 covers timed window"
calibration,v2_calibration_fp16_n256_q64_batch_same_in1_same_discard_h10000000_b0_none_ops0,1,,NVIDIA Thor,11.0,580.00,13.0,1575.000,,,,mem_clock_mhz:unavailable;temperature_c:unavailable;power_w:unavailable;sm_clock_mhz:sysfs_or_default,fp16,256,64,500,2,483,batch,same,same,discard,1,10000000,0,20,none,0,4293635.0,,,,,134.17609375,3.26352,,,,,246.17011180503232,205.6333774574692,10000,0.000000000,1,a90fbbc37bef1fb3e6998efc2d03670b8ed3a5c73e46fff4c4168b9c85bb7243,64,3,19,10,2,0,0,"static single-case binary; CUDA event includes setup/readback, clock64 covers timed window"
control,v2_control_bf16_n128_q64_empty_same_in0_same_discard_h32_b0_none_ops0,1,,NVIDIA Thor,11.0,580.00,13.0,1575.000,,,,mem_clock_mhz:unavailable;temperature_c:unavailable;power_w:unavailable;sm_clock_mhz:sysfs_or_default,bf16,128,64,1000,0,484,empty,same,same,discard,0,32,0,20,none,0,264117.0,,,,,,0.297728,,,,,,,0,0.000000000,1,890ac70aa9cea6e6ced01c726f528115f5a55fa15315c2c84322c527b2b4a06e,0,2,16,9,2,0,0,"static single-case binary; CUDA event includes setup/readback, clock64 covers timed window"
control,v2_control_bf16_n128_q64_empty_same_in0_same_discard_h32_b0_none_ops0,1,,NVIDIA Thor,11.0,580.00,13.0,1575.000,,,,mem_clock_mhz:unavailable;temperature_c:unavailable;power_w:unavailable;sm_clock_mhz:sysfs_or_default,bf16,128,64,1000,1,484,empty,same,same,discard,0,32,0,20,none,0,264109.0,,,,,,0.298144,,,,,,,0,0.000000000,1,890ac70aa9cea6e6ced01c726f528115f5a55fa15315c2c84322c527b2b4a06e,0,2,16,9,2,0,0,"static single-case binary; CUDA event includes setup/readback, clock64 covers timed window"
control,v2_control_bf16_n128_q64_empty_same_in0_same_discard_h32_b0_none_ops0,1,,NVIDIA Thor,11.0,580.00,13.0,1575.000,,,,mem_clock_mhz:unavailable;temperature_c:unavailable;power_w:unavailable;sm_clock_mhz:sysfs_or_default,bf16,128,64,1000,2,484,empty,same,same,discard,0,32,0,20,none,0,264114.0,,,,,,0.298816,,,,,,,0,0.000000000,1,890ac70aa9cea6e6ced01c726f528115f5a55fa15315c2c84322c527b2b4a06e,0,2,16,9,2,0,0,"static single-case binary; CUDA event includes setup/readback, clock64 covers timed window"
calibration,v2_calibration_bf16_n128_q32_batch_same_in0_same_discard_h32_b0_none_ops0,1,,NVIDIA Thor,11.0,580.00,13.0,1575.000,,,,mem_clock_mhz:unavailable;temperature_c:unavailable;power_w:unavailable;sm_clock_mhz:sysfs_or_default,bf16,128,32,500,0,485,batch,same,same,discard,0,32,0,20,none,0,1189073.0,,,,,74.3170625,0.884256,,,,,222.22449925277925,189.73256613469403,12865,0.000000000,1,4b8a325e0dd6dc2617010b7ab493633fe858dfebb81955a1a496a9cca1432e5c,32,3,19,10,2,0,0,"static single-case binary; CUDA event includes setup/readback, clock64 covers timed window"
calibration,v2_calibration_bf16_n128_q32_batch_same_in0_same_discard_h32_b0_none_ops0,1,,NVIDIA Thor,11.0,580.00,13.0,1575.000,,,,mem_clock_mhz:unavailable;temperature_c:unavailable;power_w:unavailable;sm_clock_mhz:sysfs_or_default,bf16,128,32,500,1,485,batch,same,same,discard,0,32,0,20,none,0,1189132.0,,,,,74.32075,0.883136,,,,,222.21347335703692,189.97318646278717,12440,0.000000000,1,4b8a325e0dd6dc2617010b7ab493633fe858dfebb81955a1a496a9cca1432e5c,32,3,19,10,2,0,0,"static single-case binary; CUDA event includes setup/readback, clock64 covers timed window"
calibration,v2_calibration_bf16_n128_q32_batch_same_in0_same_discard_h32_b0_none_ops0,1,,NVIDIA Thor,11.0,580.00,13.0,1575.000,,,,mem_clock_mhz:unavailable;temperature_c:unavailable;power_w:unavailable;sm_clock_mhz:sysfs_or_default,bf16,128,32,500,2,485,batch,same,same,discard,0,32,0,20,none,0,1188965.0,,,,,74.3103125,0.88352,,,,,222.24468508324466,189.89061934081857,12267,0.000000000,1,4b8a325e0dd6dc2617010b7ab493633fe858dfebb81955a1a496a9cca1432e5c,32,3,19,10,2,0,0,"static single-case binary; CUDA event includes setup/readback, clock64 covers timed window"
control,v2_control_fp16_n256_q64_empty_same_in0_same_discard_h0_b0_none_ops0,1,,NVIDIA Thor,11.0,580.00,13.0,1575.000,,,,mem_clock_mhz:unavailable;temperature_c:unavailable;power_w:unavailable;sm_clock_mhz:sysfs_or_default,fp16,256,64,1000,0,486,empty,same,same,discard,0,0,0,20,none,0,264117.0,,,,,,0.299648,,,,,,,0,0.000000000,1,ef888c4db66b1692d11972ace8c56fb72ad6f2a5e93243529d29bb93f6de2ef1,0,2,16,9,2,0,0,"static single-case binary; CUDA event includes setup/readback, clock64 covers timed window"
control,v2_control_fp16_n256_q64_empty_same_in0_same_discard_h0_b0_none_ops0,1,,NVIDIA Thor,11.0,580.00,13.0,1575.000,,,,mem_clock_mhz:unavailable;temperature_c:unavailable;power_w:unavailable;sm_clock_mhz:sysfs_or_default,fp16,256,64,1000,1,486,empty,same,same,discard,0,0,0,20,none,0,264114.0,,,,,,0.299712,,,,,,,0,0.000000000,1,ef888c4db66b1692d11972ace8c56fb72ad6f2a5e93243529d29bb93f6de2ef1,0,2,16,9,2,0,0,"static single-case binary; CUDA event includes setup/readback, clock64 covers timed window"
control,v2_control_fp16_n256_q64_empty_same_in0_same_discard_h0_b0_none_ops0,1,,NVIDIA Thor,11.0,580.00,13.0,1575.000,,,,mem_clock_mhz:unavailable;temperature_c:unavailable;power_w:unavailable;sm_clock_mhz:sysfs_or_default,fp16,256,64,1000,2,486,empty,same,same,discard,0,0,0,20,none,0,264117.0,,,,,,0.300672,,,,,,,0,0.000000000,1,ef888c4db66b1692d11972ace8c56fb72ad6f2a5e93243529d29bb93f6de2ef1,0,2,16,9,2,0,0,"static single-case binary; CUDA event includes setup/readback, clock64 covers timed window"
calibration,v2_calibration_fp16_n128_q32_batch_ring_in0_same_discard_h32_b0_none_ops0,1,,NVIDIA Thor,11.0,580.00,13.0,1575.000,,,,mem_clock_mhz:unavailable;temperature_c:unavailable;power_w:unavailable;sm_clock_mhz:sysfs_or_default,fp16,128,32,500,0,487,batch,ring,same,discard,0,32,0,20,none,0,1188848.0,,,,,74.303,0.88448,,,,,222.2665572049581,189.684515195369,12438,0.000000000,1,3960d26b0935f5a36216c6e7047ea2d47c421709f34c329794a107de2d7ba600,32,3,17,7,2,0,0,"static single-case binary; CUDA event includes setup/readback, clock64 covers timed window"
calibration,v2_calibration_fp16_n128_q32_batch_ring_in0_same_discard_h32_b0_none_ops0,1,,NVIDIA Thor,11.0,580.00,13.0,1575.000,,,,mem_clock_mhz:unavailable;temperature_c:unavailable;power_w:unavailable;sm_clock_mhz:sysfs_or_default,fp16,128,32,500,1,487,batch,ring,same,discard,0,32,0,20,none,0,1188736.0,,,,,74.296,0.884992,,,,,222.28749865403253,189.57477581718254,12423,0.000000000,1,3960d26b0935f5a36216c6e7047ea2d47c421709f34c329794a107de2d7ba600,32,3,17,7,2,0,0,"static single-case binary; CUDA event includes setup/readback, clock64 covers timed window"
calibration,v2_calibration_fp16_n128_q32_batch_ring_in0_same_discard_h32_b0_none_ops0,1,,NVIDIA Thor,11.0,580.00,13.0,1575.000,,,,mem_clock_mhz:unavailable;temperature_c:unavailable;power_w:unavailable;sm_clock_mhz:sysfs_or_default,fp16,128,32,500,2,487,batch,ring,same,discard,0,32,0,20,none,0,1189010.0,,,,,74.313125,0.886976,,,,,222.2362738749043,189.1507323760733,12889,0.000000000,1,3960d26b0935f5a36216c6e7047ea2d47c421709f34c329794a107de2d7ba600,32,3,17,7,2,0,0,"static single-case binary; CUDA event includes setup/readback, clock64 covers timed window"
control,v2_control_fp16_n128_q64_empty_same_in0_same_discard_h32_b1_none_ops0,1,,NVIDIA Thor,11.0,580.00,13.0,1575.000,,,,mem_clock_mhz:unavailable;temperature_c:unavailable;power_w:unavailable;sm_clock_mhz:sysfs_or_default,fp16,128,64,1000,0,488,empty,same,same,discard,0,32,1,1,none,0,264107.0,,,,,,0.265664,,,,,,,0,0.000000000,1,aef31760af5e42d116c3b1b7b08a53c2a3c18fd51fe5aaa06601cabd6ee29e18,0,2,16,9,2,0,0,"static single-case binary; CUDA event includes setup/readback, clock64 covers timed window"
control,v2_control_fp16_n128_q64_empty_same_in0_same_discard_h32_b1_none_ops0,1,,NVIDIA Thor,11.0,580.00,13.0,1575.000,,,,mem_clock_mhz:unavailable;temperature_c:unavailable;power_w:unavailable;sm_clock_mhz:sysfs_or_default,fp16,128,64,1000,1,488,empty,same,same,discard,0,32,1,1,none,0,264107.0,,,,,,0.265856,,,,,,,0,0.000000000,1,aef31760af5e42d116c3b1b7b08a53c2a3c18fd51fe5aaa06601cabd6ee29e18,0,2,16,9,2,0,0,"static single-case binary; CUDA event includes setup/readback, clock64 covers timed window"
control,v2_control_fp16_n128_q64_empty_same_in0_same_discard_h32_b1_none_ops0,1,,NVIDIA Thor,11.0,580.00,13.0,1575.000,,,,mem_clock_mhz:unavailable;temperature_c:unavailable;power_w:unavailable;sm_clock_mhz:sysfs_or_default,fp16,128,64,1000,2,488,empty,same,same,discard,0,32,1,1,none,0,264107.0,,,,,,0.26544,,,,,,,0,0.000000000,1,aef31760af5e42d116c3b1b7b08a53c2a3c18fd51fe5aaa06601cabd6ee29e18,0,2,16,9,2,0,0,"static single-case binary; CUDA event includes setup/readback, clock64 covers timed window"
calibration,v2_calibration_fp16_n128_q4_batch_ring_in0_same_discard_h0_b0_none_ops0,1,,NVIDIA Thor,11.0,580.00,13.0,1575.000,,,,mem_clock_mhz:unavailable;temperature_c:unavailable;power_w:unavailable;sm_clock_mhz:sysfs_or_default,fp16,128,4,500,0,489,batch,ring,same,discard,0,0,0,20,none,0,291157.0,,,,,145.5785,0.315104,,,,,113.4444440628252,66.55428049152026,10000,0.000000000,1,cfcfeb57f1ca70cfde38c73af289b816d62d0ca7011a602f7ec75ac7c20fb5ee,4,3,17,7,2,0,0,"static single-case binary; CUDA event includes setup/readback, clock64 covers timed window"
calibration,v2_calibration_fp16_n128_q4_batch_ring_in0_same_discard_h0_b0_none_ops0,1,,NVIDIA Thor,11.0,580.00,13.0,1575.000,,,,mem_clock_mhz:unavailable;temperature_c:unavailable;power_w:unavailable;sm_clock_mhz:sysfs_or_default,fp16,128,4,500,1,489,batch,ring,same,discard,0,0,0,20,none,0,291161.0,,,,,145.5805,0.31584,,,,,113.44288555129292,66.39918946301925,10000,0.000000000,1,cfcfeb57f1ca70cfde38c73af289b816d62d0ca7011a602f7ec75ac7c20fb5ee,4,3,17,7,2,0,0,"static single-case binary; CUDA event includes setup/readback, clock64 covers timed window"
calibration,v2_calibration_fp16_n128_q4_batch_ring_in0_same_discard_h0_b0_none_ops0,1,,NVIDIA Thor,11.0,580.00,13.0,1575.000,,,,mem_clock_mhz:unavailable;temperature_c:unavailable;power_w:unavailable;sm_clock_mhz:sysfs_or_default,fp16,128,4,500,2,489,batch,ring,same,discard,0,0,0,20,none,0,291156.0,,,,,145.578,0.313408,,,,,113.44483369739933,66.91443741065957,10000,0.000000000,1,cfcfeb57f1ca70cfde38c73af289b816d62d0ca7011a602f7ec75ac7c20fb5ee,4,3,17,7,2,0,0,"static single-case binary; CUDA event includes setup/readback, clock64 covers timed window"
calibration,v2_calibration_bf16_n256_q32_batch_same_in1_same_discard_h0_b0_none_ops0,1,,NVIDIA Thor,11.0,580.00,13.0,1575.000,,,,mem_clock_mhz:unavailable;temperature_c:unavailable;power_w:unavailable;sm_clock_mhz:sysfs_or_default,bf16,256,32,500,0,490,batch,same,same,discard,1,0,0,20,none,0,2261853.0,,,,,141.3658125,1.566432,,,,,233.65015498354666,214.2093113521685,29998,0.000000000,1,fb7793caf1001b7ac5e929e07b3c2cec1207364832e76de3f5cad09498c1e391,32,3,19,10,2,0,0,"static single-case binary; CUDA event includes setup/readback, clock64 covers timed window"
calibration,v2_calibration_bf16_n256_q32_batch_same_in1_same_discard_h0_b0_none_ops0,1,,NVIDIA Thor,11.0,580.00,13.0,1575.000,,,,mem_clock_mhz:unavailable;temperature_c:unavailable;power_w:unavailable;sm_clock_mhz:sysfs_or_default,bf16,256,32,500,1,490,batch,same,same,discard,1,0,0,20,none,0,2262050.0,,,,,141.378125,1.568192,,,,,233.62980659136625,213.96890176713057,29991,0.000000000,1,fb7793caf1001b7ac5e929e07b3c2cec1207364832e76de3f5cad09498c1e391,32,3,19,10,2,0,0,"static single-case binary; CUDA event includes setup/readback, clock64 covers timed window"
calibration,v2_calibration_bf16_n256_q32_batch_same_in1_same_discard_h0_b0_none_ops0,1,,NVIDIA Thor,11.0,580.00,13.0,1575.000,,,,mem_clock_mhz:unavailable;temperature_c:unavailable;power_w:unavailable;sm_clock_mhz:sysfs_or_default,bf16,256,32,500,2,490,batch,same,same,discard,1,0,0,20,none,0,2262295.0,,,,,141.3934375,1.567264,,,,,233.60450515958354,214.09559589194927,29996,0.000000000,1,fb7793caf1001b7ac5e929e07b3c2cec1207364832e76de3f5cad09498c1e391,32,3,19,10,2,0,0,"static single-case binary; CUDA event includes setup/readback, clock64 covers timed window"
calibration,v2_calibration_fp16_n128_q64_batch_ring_in0_same_discard_h0_b0_none_ops0,1,,NVIDIA Thor,11.0,580.00,13.0,1575.000,,,,mem_clock_mhz:unavailable;temperature_c:unavailable;power_w:unavailable;sm_clock_mhz:sysfs_or_default,fp16,128,64,500,0,491,batch,ring,same,discard,0,0,0,20,none,0,2234439.0,,,,,69.82621875,1.551104,,,,,236.5167740090466,216.32612642350222,19148,0.000000000,1,9aa0887b05f614c727996c96fa33d935cbd51edbd95706169850c480afa6714b,64,3,17,7,2,0,0,"static single-case binary; CUDA event includes setup/readback, clock64 covers timed window"
calibration,v2_calibration_fp16_n128_q64_batch_ring_in0_same_discard_h0_b0_none_ops0,1,,NVIDIA Thor,11.0,580.00,13.0,1575.000,,,,mem_clock_mhz:unavailable;temperature_c:unavailable;power_w:unavailable;sm_clock_mhz:sysfs_or_default,fp16,128,64,500,1,491,batch,ring,same,discard,0,0,0,20,none,0,2235042.0,,,,,69.8450625,1.548992,,,,,236.4529633000185,216.6210800314011,19153,0.000000000,1,9aa0887b05f614c727996c96fa33d935cbd51edbd95706169850c480afa6714b,64,3,17,7,2,0,0,"static single-case binary; CUDA event includes setup/readback, clock64 covers timed window"
calibration,v2_calibration_fp16_n128_q64_batch_ring_in0_same_discard_h0_b0_none_ops0,1,,NVIDIA Thor,11.0,580.00,13.0,1575.000,,,,mem_clock_mhz:unavailable;temperature_c:unavailable;power_w:unavailable;sm_clock_mhz:sysfs_or_default,fp16,128,64,500,2,491,batch,ring,same,discard,0,0,0,20,none,0,2235119.0,,,,,69.84746875,1.550528,,,,,236.44481747951676,216.40648862838984,19215,0.000000000,1,9aa0887b05f614c727996c96fa33d935cbd51edbd95706169850c480afa6714b,64,3,17,7,2,0,0,"static single-case binary; CUDA event includes setup/readback, clock64 covers timed window"
calibration,v2_calibration_bf16_n256_q32_batch_same_in0_same_discard_h10000000_b1_none_ops0,1,,NVIDIA Thor,11.0,580.00,13.0,1575.000,,,,mem_clock_mhz:unavailable;temperature_c:unavailable;power_w:unavailable;sm_clock_mhz:sysfs_or_default,bf16,256,32,500,0,492,batch,same,same,discard,0,10000000,1,1,none,0,2239145.0,,,,,139.9465625,1.519584,,,,,11.800984393596663,11.040663760608165,500,0.000000000,1,c6be3f5e47e45a66fcb128fb0c59cdce90a2e81a6bbf9c55349fd3c15273462f,32,3,19,10,2,0,0,"static single-case binary; CUDA event includes setup/readback, clock64 covers timed window"
calibration,v2_calibration_bf16_n256_q32_batch_same_in0_same_discard_h10000000_b1_none_ops0,1,,NVIDIA Thor,11.0,580.00,13.0,1575.000,,,,mem_clock_mhz:unavailable;temperature_c:unavailable;power_w:unavailable;sm_clock_mhz:sysfs_or_default,bf16,256,32,500,1,492,batch,same,same,discard,0,10000000,1,1,none,0,2239146.0,,,,,139.946625,1.523168,,,,,11.800979123290753,11.014685182461816,500,0.000000000,1,c6be3f5e47e45a66fcb128fb0c59cdce90a2e81a6bbf9c55349fd3c15273462f,32,3,19,10,2,0,0,"static single-case binary; CUDA event includes setup/readback, clock64 covers timed window"
calibration,v2_calibration_bf16_n256_q32_batch_same_in0_same_discard_h10000000_b1_none_ops0,1,,NVIDIA Thor,11.0,580.00,13.0,1575.000,,,,mem_clock_mhz:unavailable;temperature_c:unavailable;power_w:unavailable;sm_clock_mhz:sysfs_or_default,bf16,256,32,500,2,492,batch,same,same,discard,0,10000000,1,1,none,0,2239146.0,,,,,139.946625,1.518496,,,,,11.800979123290753,11.048574378859081,500,0.000000000,1,c6be3f5e47e45a66fcb128fb0c59cdce90a2e81a6bbf9c55349fd3c15273462f,32,3,19,10,2,0,0,"static single-case binary; CUDA event includes setup/readback, clock64 covers timed window"
calibration,v2_calibration_fp16_n256_q8_batch_same_in1_same_discard_h0_b0_none_ops0,1,,NVIDIA Thor,11.0,580.00,13.0,1575.000,,,,mem_clock_mhz:unavailable;temperature_c:unavailable;power_w:unavailable;sm_clock_mhz:sysfs_or_default,fp16,256,8,500,0,493,batch,same,same,discard,1,0,0,20,none,0,725901.0,,,,,181.47525,0.591168,,,,,182.00908388333946,141.89888491934613,29994,0.000000000,1,8dca61d626d3570226d6885db183e49aa66cdf1a2c628ae03d75bed8fffd276d,8,3,19,10,2,0,0,"static single-case binary; CUDA event includes setup/readback, clock64 covers timed window"
calibration,v2_calibration_fp16_n256_q8_batch_same_in1_same_discard_h0_b0_none_ops0,1,,NVIDIA Thor,11.0,580.00,13.0,1575.000,,,,mem_clock_mhz:unavailable;temperature_c:unavailable;power_w:unavailable;sm_clock_mhz:sysfs_or_default,fp16,256,8,500,1,493,batch,same,same,discard,1,0,0,20,none,0,725984.0,,,,,181.496,0.592416,,,,,181.98827522369638,141.59995678712255,29997,0.000000000,1,8dca61d626d3570226d6885db183e49aa66cdf1a2c628ae03d75bed8fffd276d,8,3,19,10,2,0,0,"static single-case binary; CUDA event includes setup/readback, clock64 covers timed window"
calibration,v2_calibration_fp16_n256_q8_batch_same_in1_same_discard_h0_b0_none_ops0,1,,NVIDIA Thor,11.0,580.00,13.0,1575.000,,,,mem_clock_mhz:unavailable;temperature_c:unavailable;power_w:unavailable;sm_clock_mhz:sysfs_or_default,fp16,256,8,500,2,493,batch,same,same,discard,1,0,0,20,none,0,725880.0,,,,,181.47,0.592736,,,,,182.0143494792528,141.5235113102629,29999,0.000000000,1,8dca61d626d3570226d6885db183e49aa66cdf1a2c628ae03d75bed8fffd276d,8,3,19,10,2,0,0,"static single-case binary; CUDA event includes setup/readback, clock64 covers timed window"
calibration,v2_calibration_bf16_n256_q16_batch_ring_in0_same_discard_h10000000_b0_none_ops0,1,,NVIDIA Thor,11.0,580.00,13.0,1575.000,,,,mem_clock_mhz:unavailable;temperature_c:unavailable;power_w:unavailable;sm_clock_mhz:sysfs_or_default,bf16,256,16,500,0,494,batch,ring,same,discard,0,10000000,0,20,none,0,1215154.0,,,,,151.89425,0.89984,,,,,217.4548674488995,186.44665718349933,10000,0.000000000,1,601c82f9c6f02858d474654720105db9e73de2ae786b1c4cb6c96d8c119eb291,16,3,17,7,2,0,0,"static single-case binary; CUDA event includes setup/readback, clock64 covers timed window"
calibration,v2_calibration_bf16_n256_q16_batch_ring_in0_same_discard_h10000000_b0_none_ops0,1,,NVIDIA Thor,11.0,580.00,13.0,1575.000,,,,mem_clock_mhz:unavailable;temperature_c:unavailable;power_w:unavailable;sm_clock_mhz:sysfs_or_default,bf16,256,16,500,1,494,batch,ring,same,discard,0,10000000,0,20,none,0,1215148.0,,,,,151.8935,0.903392,,,,,217.45594116930613,185.71357727321032,10000,0.000000000,1,601c82f9c6f02858d474654720105db9e73de2ae786b1c4cb6c96d8c119eb291,16,3,17,7,2,0,0,"static single-case binary; CUDA event includes setup/readback, clock64 covers timed window"
calibration,v2_calibration_bf16_n256_q16_batch_ring_in0_same_discard_h10000000_b0_none_ops0,1,,NVIDIA Thor,11.0,580.00,13.0,1575.000,,,,mem_clock_mhz:unavailable;temperature_c:unavailable;power_w:unavailable;sm_clock_mhz:sysfs_or_default,bf16,256,16,500,2,494,batch,ring,same,discard,0,10000000,0,20,none,0,1215149.0,,,,,151.893625,0.903232,,,,,217.45576221516868,185.7464748813151,10000,0.000000000,1,601c82f9c6f02858d474654720105db9e73de2ae786b1c4cb6c96d8c119eb291,16,3,17,7,2,0,0,"static single-case binary; CUDA event includes setup/readback, clock64 covers timed window"
calibration,v2_calibration_bf16_n256_q64_batch_ring_in0_same_discard_h0_b0_none_ops0,1,,NVIDIA Thor,11.0,580.00,13.0,1575.000,,,,mem_clock_mhz:unavailable;temperature_c:unavailable;power_w:unavailable;sm_clock_mhz:sysfs_or_default,bf16,256,64,500,0,495,batch,ring,same,discard,0,0,0,20,none,0,4321860.0,,,,,135.058125,2.877152,,,,,244.5624356179978,233.2475447942966,30000,0.000000000,1,23d985361ba5e75b8edc4310e79ec72d7ce5e6e11ad74d01a1344770128d5df4,64,3,17,7,2,0,0,"static single-case binary; CUDA event includes setup/readback, clock64 covers timed window"
calibration,v2_calibration_bf16_n256_q64_batch_ring_in0_same_discard_h0_b0_none_ops0,1,,NVIDIA Thor,11.0,580.00,13.0,1575.000,,,,mem_clock_mhz:unavailable;temperature_c:unavailable;power_w:unavailable;sm_clock_mhz:sysfs_or_default,bf16,256,64,500,1,495,batch,ring,same,discard,0,0,0,20,none,0,4321854.0,,,,,135.0579375,2.876896,,,,,244.56277514233474,233.26830027918982,30000,0.000000000,1,23d985361ba5e75b8edc4310e79ec72d7ce5e6e11ad74d01a1344770128d5df4,64,3,17,7,2,0,0,"static single-case binary; CUDA event includes setup/readback, clock64 covers timed window"
calibration,v2_calibration_bf16_n256_q64_batch_ring_in0_same_discard_h0_b0_none_ops0,1,,NVIDIA Thor,11.0,580.00,13.0,1575.000,,,,mem_clock_mhz:unavailable;temperature_c:unavailable;power_w:unavailable;sm_clock_mhz:sysfs_or_default,bf16,256,64,500,2,495,batch,ring,same,discard,0,0,0,20,none,0,4322162.0,,,,,135.0675625,2.874688,,,,,244.54534744417262,233.4474697775898,29988,0.000000000,1,23d985361ba5e75b8edc4310e79ec72d7ce5e6e11ad74d01a1344770128d5df4,64,3,17,7,2,0,0,"static single-case binary; CUDA event includes setup/readback, clock64 covers timed window"
calibration,v2_calibration_bf16_n256_q2_batch_same_in0_same_discard_h32_b0_none_ops0,1,,NVIDIA Thor,11.0,580.00,13.0,1575.000,,,,mem_clock_mhz:unavailable;temperature_c:unavailable;power_w:unavailable;sm_clock_mhz:sysfs_or_default,bf16,256,2,500,0,496,batch,same,same,discard,0,32,0,20,none,0,301907.0,,,,,301.907,0.3216,,,,,109.40502870089132,65.20995024875621,15130,0.000000000,1,8da8e2158496134a1841785cd26b03507eec1d413ea9ca712721ef460ed92a2c,2,3,19,10,2,0,0,"static single-case binary; CUDA event includes setup/readback, clock64 covers timed window"
calibration,v2_calibration_bf16_n256_q2_batch_same_in0_same_discard_h32_b0_none_ops0,1,,NVIDIA Thor,11.0,580.00,13.0,1575.000,,,,mem_clock_mhz:unavailable;temperature_c:unavailable;power_w:unavailable;sm_clock_mhz:sysfs_or_default,bf16,256,2,500,1,496,batch,same,same,discard,0,32,0,20,none,0,302684.0,,,,,302.684,0.322464,,,,,109.1241823155502,65.03522873871194,15316,0.000000000,1,8da8e2158496134a1841785cd26b03507eec1d413ea9ca712721ef460ed92a2c,2,3,19,10,2,0,0,"static single-case binary; CUDA event includes setup/readback, clock64 covers timed window"
calibration,v2_calibration_bf16_n256_q2_batch_same_in0_same_discard_h32_b0_none_ops0,1,,NVIDIA Thor,11.0,580.00,13.0,1575.000,,,,mem_clock_mhz:unavailable;temperature_c:unavailable;power_w:unavailable;sm_clock_mhz:sysfs_or_default,bf16,256,2,500,2,496,batch,same,same,discard,0,32,0,20,none,0,302835.0,,,,,302.835,0.32448,,,,,109.06977066719502,64.63116370808679,15002,0.000000000,1,8da8e2158496134a1841785cd26b03507eec1d413ea9ca712721ef460ed92a2c,2,3,19,10,2,0,0,"static single-case binary; CUDA event includes setup/readback, clock64 covers timed window"
calibration,v2_calibration_fp16_n256_q32_batch_ring_in0_same_discard_h0_b0_none_ops0,1,,NVIDIA Thor,11.0,580.00,13.0,1575.000,,,,mem_clock_mhz:unavailable;temperature_c:unavailable;power_w:unavailable;sm_clock_mhz:sysfs_or_default,fp16,256,32,500,0,497,batch,ring,same,discard,0,0,0,20,none,0,2261791.0,,,,,141.3619375,1.567744,,,,,233.65655977939608,214.0300457217505,30000,0.000000000,1,8c607b4138747f87ab658f040d45d03f0fdbf80f461533e81d5c59116f123973,32,3,17,7,2,0,0,"static single-case binary; CUDA event includes setup/readback, clock64 covers timed window"
calibration,v2_calibration_fp16_n256_q32_batch_ring_in0_same_discard_h0_b0_none_ops0,1,,NVIDIA Thor,11.0,580.00,13.0,1575.000,,,,mem_clock_mhz:unavailable;temperature_c:unavailable;power_w:unavailable;sm_clock_mhz:sysfs_or_default,fp16,256,32,500,1,497,batch,ring,same,discard,0,0,0,20,none,0,2261881.0,,,,,141.3675625,1.568256,,,,,233.64726261019038,213.9601697682011,30000,0.000000000,1,8c607b4138747f87ab658f040d45d03f0fdbf80f461533e81d5c59116f123973,32,3,17,7,2,0,0,"static single-case binary; CUDA event includes setup/readback, clock64 covers timed window"
calibration,v2_calibration_fp16_n256_q32_batch_ring_in0_same_discard_h0_b0_none_ops0,1,,NVIDIA Thor,11.0,580.00,13.0,1575.000,,,,mem_clock_mhz:unavailable;temperature_c:unavailable;power_w:unavailable;sm_clock_mhz:sysfs_or_default,fp16,256,32,500,2,497,batch,ring,same,discard,0,0,0,20,none,0,2261874.0,,,,,141.367125,1.567488,,,,,233.647985696816,214.0650008165932,30000,0.000000000,1,8c607b4138747f87ab658f040d45d03f0fdbf80f461533e81d5c59116f123973,32,3,17,7,2,0,0,"static single-case binary; CUDA event includes setup/readback, clock64 covers timed window"
calibration,v2_calibration_fp16_n256_q1_batch_same_in0_same_discard_h32_b0_none_ops0,1,,NVIDIA Thor,11.0,580.00,13.0,1575.000,,,,mem_clock_mhz:unavailable;temperature_c:unavailable;power_w:unavailable;sm_clock_mhz:sysfs_or_default,fp16,256,1,500,0,498,batch,same,same,discard,0,32,0,20,none,0,249159.0,,,,,498.318,0.288,,,,,66.28326490313415,36.408888888888896,10000,0.000000000,1,77faead213946da02a59ff4319dcd26f0d5480074efee88ece212a1b101a9cca,1,3,19,10,2,0,0,"static single-case binary; CUDA event includes setup/readback, clock64 covers timed window"
calibration,v2_calibration_fp16_n256_q1_batch_same_in0_same_discard_h32_b0_none_ops0,1,,NVIDIA Thor,11.0,580.00,13.0,1575.000,,,,mem_clock_mhz:unavailable;temperature_c:unavailable;power_w:unavailable;sm_clock_mhz:sysfs_or_default,fp16,256,1,500,1,498,batch,same,same,discard,0,32,0,20,none,0,248971.0,,,,,497.942,0.291392,,,,,66.33331592836113,35.98506479244455,10000,0.000000000,1,77faead213946da02a59ff4319dcd26f0d5480074efee88ece212a1b101a9cca,1,3,19,10,2,0,0,"static single-case binary; CUDA event includes setup/readback, clock64 covers timed window"
calibration,v2_calibration_fp16_n256_q1_batch_same_in0_same_discard_h32_b0_none_ops0,1,,NVIDIA Thor,11.0,580.00,13.0,1575.000,,,,mem_clock_mhz:unavailable;temperature_c:unavailable;power_w:unavailable;sm_clock_mhz:sysfs_or_default,fp16,256,1,500,2,498,batch,same,same,discard,0,32,0,20,none,0,249043.0,,,,,498.086,0.288096,,,,,66.31413852226322,36.39675663667666,10000,0.000000000,1,77faead213946da02a59ff4319dcd26f0d5480074efee88ece212a1b101a9cca,1,3,19,10,2,0,0,"static single-case binary; CUDA event includes setup/readback, clock64 covers timed window"
calibration,v2_calibration_bf16_n256_q16_batch_same_in1_same_discard_h0_b1_none_ops0,1,,NVIDIA Thor,11.0,580.00,13.0,1575.000,,,,mem_clock_mhz:unavailable;temperature_c:unavailable;power_w:unavailable;sm_clock_mhz:sysfs_or_default,bf16,256,16,500,0,499,batch,same,same,discard,1,0,1,1,none,0,1238374.0,,,,,154.79675,0.882912,,,,,10.668875154032627,9.501069189228371,1498,0.000000000,1,5adf26d5ff06d5920cf44a22426e24464501b10bc62c29c5e3bae7df89e1424e,16,3,19,10,2,0,0,"static single-case binary; CUDA event includes setup/readback, clock64 covers timed window"
calibration,v2_calibration_bf16_n256_q16_batch_same_in1_same_discard_h0_b1_none_ops0,1,,NVIDIA Thor,11.0,580.00,13.0,1575.000,,,,mem_clock_mhz:unavailable;temperature_c:unavailable;power_w:unavailable;sm_clock_mhz:sysfs_or_default,bf16,256,16,500,1,499,batch,same,same,discard,1,0,1,1,none,0,1238717.0,,,,,154.839625,0.884928,,,,,10.665920948852724,9.47942431474651,1500,0.000000000,1,5adf26d5ff06d5920cf44a22426e24464501b10bc62c29c5e3bae7df89e1424e,16,3,19,10,2,0,0,"static single-case binary; CUDA event includes setup/readback, clock64 covers timed window"
calibration,v2_calibration_bf16_n256_q16_batch_same_in1_same_discard_h0_b1_none_ops0,1,,NVIDIA Thor,11.0,580.00,13.0,1575.000,,,,mem_clock_mhz:unavailable;temperature_c:unavailable;power_w:unavailable;sm_clock_mhz:sysfs_or_default,bf16,256,16,500,2,499,batch,same,same,discard,1,0,1,1,none,0,1238775.0,,,,,154.846875,0.884288,,,,,10.665421565659623,9.486285011218065,1500,0.000000000,1,5adf26d5ff06d5920cf44a22426e24464501b10bc62c29c5e3bae7df89e1424e,16,3,19,10,2,0,0,"static single-case binary; CUDA event includes setup/readback, clock64 covers timed window"
calibration,v2_calibration_fp16_n128_q2_batch_ring_in0_same_discard_h10000000_b0_none_ops0,1,,NVIDIA Thor,11.0,580.00,13.0,1575.000,,,,mem_clock_mhz:unavailable;temperature_c:unavailable;power_w:unavailable;sm_clock_mhz:sysfs_or_default,fp16,128,2,500,0,500,batch,ring,same,discard,0,10000000,0,20,none,0,237655.0,,,,,237.655,0.281792,,,,,69.49179272474807,37.21099250511015,10000,0.000000000,1,4794d891f8ceb19c38236a8e59c87179d14f6d91a3584d6776fa7154872bf9bf,2,3,17,7,2,0,0,"static single-case binary; CUDA event includes setup/readback, clock64 covers timed window"
calibration,v2_calibration_fp16_n128_q2_batch_ring_in0_same_discard_h10000000_b0_none_ops0,1,,NVIDIA Thor,11.0,580.00,13.0,1575.000,,,,mem_clock_mhz:unavailable;temperature_c:unavailable;power_w:unavailable;sm_clock_mhz:sysfs_or_default,fp16,128,2,500,1,500,batch,ring,same,discard,0,10000000,0,20,none,0,237654.0,,,,,237.654,0.283104,,,,,69.49208513216693,37.038544139256246,10000,0.000000000,1,4794d891f8ceb19c38236a8e59c87179d14f6d91a3584d6776fa7154872bf9bf,2,3,17,7,2,0,0,"static single-case binary; CUDA event includes setup/readback, clock64 covers timed window"
calibration,v2_calibration_fp16_n128_q2_batch_ring_in0_same_discard_h10000000_b0_none_ops0,1,,NVIDIA Thor,11.0,580.00,13.0,1575.000,,,,mem_clock_mhz:unavailable;temperature_c:unavailable;power_w:unavailable;sm_clock_mhz:sysfs_or_default,fp16,128,2,500,2,500,batch,ring,same,discard,0,10000000,0,20,none,0,237653.0,,,,,237.653,0.283232,,,,,69.4923775420466,37.02180544571235,10000,0.000000000,1,4794d891f8ceb19c38236a8e59c87179d14f6d91a3584d6776fa7154872bf9bf,2,3,17,7,2,0,0,"static single-case binary; CUDA event includes setup/readback, clock64 covers timed window"
calibration,v2_calibration_fp16_n256_q16_batch_same_in1_same_discard_h32_b0_none_ops0,1,,NVIDIA Thor,11.0,580.00,13.0,1575.000,,,,mem_clock_mhz:unavailable;temperature_c:unavailable;power_w:unavailable;sm_clock_mhz:sysfs_or_default,fp16,256,16,500,0,501,batch,same,same,discard,1,32,0,20,none,0,1236021.0,,,,,154.502625,0.9144,,,,,213.78370755836673,183.47786526684166,29964,0.000000000,1,d4129a774ae4e60330d70cf4b3b723a2bea54bc1afd3ec87d913c8affddc9feb,16,3,19,10,2,0,0,"static single-case binary; CUDA event includes setup/readback, clock64 covers timed window"
calibration,v2_calibration_fp16_n256_q16_batch_same_in1_same_discard_h32_b0_none_ops0,1,,NVIDIA Thor,11.0,580.00,13.0,1575.000,,,,mem_clock_mhz:unavailable;temperature_c:unavailable;power_w:unavailable;sm_clock_mhz:sysfs_or_default,fp16,256,16,500,1,501,batch,same,same,discard,1,32,0,20,none,0,1235496.0,,,,,154.437,0.914432,,,,,213.8745507876998,183.47144456886898,29977,0.000000000,1,d4129a774ae4e60330d70cf4b3b723a2bea54bc1afd3ec87d913c8affddc9feb,16,3,19,10,2,0,0,"static single-case binary; CUDA event includes setup/readback, clock64 covers timed window"
calibration,v2_calibration_fp16_n256_q16_batch_same_in1_same_discard_h32_b0_none_ops0,1,,NVIDIA Thor,11.0,580.00,13.0,1575.000,,,,mem_clock_mhz:unavailable;temperature_c:unavailable;power_w:unavailable;sm_clock_mhz:sysfs_or_default,fp16,256,16,500,2,501,batch,same,same,discard,1,32,0,20,none,0,1236326.0,,,,,154.54075,0.915104,,,,,213.7309673985664,183.33671364129103,29972,0.000000000,1,d4129a774ae4e60330d70cf4b3b723a2bea54bc1afd3ec87d913c8affddc9feb,16,3,19,10,2,0,0,"static single-case binary; CUDA event includes setup/readback, clock64 covers timed window"
calibration,v2_calibration_fp16_n256_q2_batch_same_in0_same_discard_h10000000_b1_none_ops0,1,,NVIDIA Thor,11.0,580.00,13.0,1575.000,,,,mem_clock_mhz:unavailable;temperature_c:unavailable;power_w:unavailable;sm_clock_mhz:sysfs_or_default,fp16,256,2,500,0,502,batch,same,same,discard,0,10000000,1,1,none,0,319431.0,,,,,319.431,0.30016,,,,,5.170153178620735,3.493390191897655,500,0.000000000,1,91554b60a283973dce439745564fe13b6dc675b3e2946338fc1a293b1fdb7e9b,2,3,19,10,2,0,0,"static single-case binary; CUDA event includes setup/readback, clock64 covers timed window"
calibration,v2_calibration_fp16_n256_q2_batch_same_in0_same_discard_h10000000_b1_none_ops0,1,,NVIDIA Thor,11.0,580.00,13.0,1575.000,,,,mem_clock_mhz:unavailable;temperature_c:unavailable;power_w:unavailable;sm_clock_mhz:sysfs_or_default,fp16,256,2,500,1,502,batch,same,same,discard,0,10000000,1,1,none,0,319431.0,,,,,319.431,0.300672,,,,,5.170153178620735,3.4874414644529588,500,0.000000000,1,91554b60a283973dce439745564fe13b6dc675b3e2946338fc1a293b1fdb7e9b,2,3,19,10,2,0,0,"static single-case binary; CUDA event includes setup/readback, clock64 covers timed window"
calibration,v2_calibration_fp16_n256_q2_batch_same_in0_same_discard_h10000000_b1_none_ops0,1,,NVIDIA Thor,11.0,580.00,13.0,1575.000,,,,mem_clock_mhz:unavailable;temperature_c:unavailable;power_w:unavailable;sm_clock_mhz:sysfs_or_default,fp16,256,2,500,2,502,batch,same,same,discard,0,10000000,1,1,none,0,319431.0,,,,,319.431,0.300672,,,,,5.170153178620735,3.4874414644529588,500,0.000000000,1,91554b60a283973dce439745564fe13b6dc675b3e2946338fc1a293b1fdb7e9b,2,3,19,10,2,0,0,"static single-case binary; CUDA event includes setup/readback, clock64 covers timed window"
calibration,v2_calibration_bf16_n256_q2_batch_ring_in0_same_discard_h32_b0_none_ops0,1,,NVIDIA Thor,11.0,580.00,13.0,1575.000,,,,mem_clock_mhz:unavailable;temperature_c:unavailable;power_w:unavailable;sm_clock_mhz:sysfs_or_default,bf16,256,2,500,0,503,batch,ring,same,discard,0,32,0,20,none,0,302702.0,,,,,302.702,0.321056,,,,,109.1176933089309,65.32044253961926,15084,0.000000000,1,1946546ba2df09ae1af6c17fb637d11b8a0ffcee7aebb2dd7d0b01f35ede5680,2,3,17,7,2,0,0,"static single-case binary; CUDA event includes setup/readback, clock64 covers timed window"
calibration,v2_calibration_bf16_n256_q2_batch_ring_in0_same_discard_h32_b0_none_ops0,1,,NVIDIA Thor,11.0,580.00,13.0,1575.000,,,,mem_clock_mhz:unavailable;temperature_c:unavailable;power_w:unavailable;sm_clock_mhz:sysfs_or_default,bf16,256,2,500,1,503,batch,ring,same,discard,0,32,0,20,none,0,302279.0,,,,,302.279,0.322144,,,,,109.2703892761323,65.09983113141948,14982,0.000000000,1,1946546ba2df09ae1af6c17fb637d11b8a0ffcee7aebb2dd7d0b01f35ede5680,2,3,17,7,2,0,0,"static single-case binary; CUDA event includes setup/readback, clock64 covers timed window"
calibration,v2_calibration_bf16_n256_q2_batch_ring_in0_same_discard_h32_b0_none_ops0,1,,NVIDIA Thor,11.0,580.00,13.0,1575.000,,,,mem_clock_mhz:unavailable;temperature_c:unavailable;power_w:unavailable;sm_clock_mhz:sysfs_or_default,bf16,256,2,500,2,503,batch,ring,same,discard,0,32,0,20,none,0,301473.0,,,,,301.473,0.32176,,,,,109.56252798758098,65.1775236200895,14891,0.000000000,1,1946546ba2df09ae1af6c17fb637d11b8a0ffcee7aebb2dd7d0b01f35ede5680,2,3,17,7,2,0,0,"static single-case binary; CUDA event includes setup/readback, clock64 covers timed window"
calibration,v2_calibration_bf16_n256_q1_batch_same_in1_same_discard_h10000000_b1_none_ops0,1,,NVIDIA Thor,11.0,580.00,13.0,1575.000,,,,mem_clock_mhz:unavailable;temperature_c:unavailable;power_w:unavailable;sm_clock_mhz:sysfs_or_default,bf16,256,1,500,0,504,batch,same,same,discard,1,10000000,1,1,none,0,255593.0,,,,,511.186,0.259584,,,,,3.2307363660194137,2.019723865877712,500,0.000000000,1,d7c135f0a9a32efa7e5c6c35054f172b7b279063101237657cd7a1cd7ed205b5,1,3,19,10,2,0,0,"static single-case binary; CUDA event includes setup/readback, clock64 covers timed window"
calibration,v2_calibration_bf16_n256_q1_batch_same_in1_same_discard_h10000000_b1_none_ops0,1,,NVIDIA Thor,11.0,580.00,13.0,1575.000,,,,mem_clock_mhz:unavailable;temperature_c:unavailable;power_w:unavailable;sm_clock_mhz:sysfs_or_default,bf16,256,1,500,1,504,batch,same,same,discard,1,10000000,1,1,none,0,255593.0,,,,,511.186,0.259104,,,,,3.2307363660194137,2.0234654810423613,500,0.000000000,1,d7c135f0a9a32efa7e5c6c35054f172b7b279063101237657cd7a1cd7ed205b5,1,3,19,10,2,0,0,"static single-case binary; CUDA event includes setup/readback, clock64 covers timed window"
calibration,v2_calibration_bf16_n256_q1_batch_same_in1_same_discard_h10000000_b1_none_ops0,1,,NVIDIA Thor,11.0,580.00,13.0,1575.000,,,,mem_clock_mhz:unavailable;temperature_c:unavailable;power_w:unavailable;sm_clock_mhz:sysfs_or_default,bf16,256,1,500,2,504,batch,same,same,discard,1,10000000,1,1,none,0,255593.0,,,,,511.186,0.259168,,,,,3.2307363660194137,2.0229657982466973,500,0.000000000,1,d7c135f0a9a32efa7e5c6c35054f172b7b279063101237657cd7a1cd7ed205b5,1,3,19,10,2,0,0,"static single-case binary; CUDA event includes setup/readback, clock64 covers timed window"
calibration,v2_calibration_bf16_n256_q8_batch_same_in0_same_discard_h10000000_b0_none_ops0,1,,NVIDIA Thor,11.0,580.00,13.0,1575.000,,,,mem_clock_mhz:unavailable;temperature_c:unavailable;power_w:unavailable;sm_clock_mhz:sysfs_or_default,bf16,256,8,500,0,505,batch,same,same,discard,0,10000000,0,20,none,0,703148.0,,,,,175.787,0.577728,,,,,187.89867282563557,145.1999556884901,10000,0.000000000,1,a318e1e30accf7187d541cf4646627d4925beb6beab1c72a70073e2707e51630,8,3,19,10,2,0,0,"static single-case binary; CUDA event includes setup/readback, clock64 covers timed window"
calibration,v2_calibration_bf16_n256_q8_batch_same_in0_same_discard_h10000000_b0_none_ops0,1,,NVIDIA Thor,11.0,580.00,13.0,1575.000,,,,mem_clock_mhz:unavailable;temperature_c:unavailable;power_w:unavailable;sm_clock_mhz:sysfs_or_default,bf16,256,8,500,1,505,batch,same,same,discard,0,10000000,0,20,none,0,703148.0,,,,,175.787,0.578144,,,,,187.89867282563557,145.0954779432114,10000,0.000000000,1,a318e1e30accf7187d541cf4646627d4925beb6beab1c72a70073e2707e51630,8,3,19,10,2,0,0,"static single-case binary; CUDA event includes setup/readback, clock64 covers timed window"
calibration,v2_calibration_bf16_n256_q8_batch_same_in0_same_discard_h10000000_b0_none_ops0,1,,NVIDIA Thor,11.0,580.00,13.0,1575.000,,,,mem_clock_mhz:unavailable;temperature_c:unavailable;power_w:unavailable;sm_clock_mhz:sysfs_or_default,bf16,256,8,500,2,505,batch,same,same,discard,0,10000000,0,20,none,0,703146.0,,,,,175.7865,0.57824,,,,,187.8992072770093,145.07138904261208,10000,0.000000000,1,a318e1e30accf7187d541cf4646627d4925beb6beab1c72a70073e2707e51630,8,3,19,10,2,0,0,"static single-case binary; CUDA event includes setup/readback, clock64 covers timed window"
calibration,v2_calibration_bf16_n128_q1_batch_same_in0_same_discard_h10000000_b0_none_ops0,1,,NVIDIA Thor,11.0,580.00,13.0,1575.000,,,,mem_clock_mhz:unavailable;temperature_c:unavailable;power_w:unavailable;sm_clock_mhz:sysfs_or_default,bf16,128,1,500,0,506,batch,same,same,discard,0,10000000,0,20,none,0,215662.0,,,,,431.324,0.290976,,,,,38.28924891728723,18.01825580116573,10000,0.000000000,1,c363da1fd33f218e45521d14b7b7f3cabc847ba8c2fe39330a58fb8b2ecf18fa,1,3,19,10,2,0,0,"static single-case binary; CUDA event includes setup/readback, clock64 covers timed window"
calibration,v2_calibration_bf16_n128_q1_batch_same_in0_same_discard_h10000000_b0_none_ops0,1,,NVIDIA Thor,11.0,580.00,13.0,1575.000,,,,mem_clock_mhz:unavailable;temperature_c:unavailable;power_w:unavailable;sm_clock_mhz:sysfs_or_default,bf16,128,1,500,1,506,batch,same,same,discard,0,10000000,0,20,none,0,215663.0,,,,,431.326,0.267072,,,,,38.289071375247495,19.630960939372155,10000,0.000000000,1,c363da1fd33f218e45521d14b7b7f3cabc847ba8c2fe39330a58fb8b2ecf18fa,1,3,19,10,2,0,0,"static single-case binary; CUDA event includes setup/readback, clock64 covers timed window"
calibration,v2_calibration_bf16_n128_q1_batch_same_in0_same_discard_h10000000_b0_none_ops0,1,,NVIDIA Thor,11.0,580.00,13.0,1575.000,,,,mem_clock_mhz:unavailable;temperature_c:unavailable;power_w:unavailable;sm_clock_mhz:sysfs_or_default,bf16,128,1,500,2,506,batch,same,same,discard,0,10000000,0,20,none,0,215662.0,,,,,431.324,0.275808,,,,,38.28924891728723,19.009165796496113,10000,0.000000000,1,c363da1fd33f218e45521d14b7b7f3cabc847ba8c2fe39330a58fb8b2ecf18fa,1,3,19,10,2,0,0,"static single-case binary; CUDA event includes setup/readback, clock64 covers timed window"
calibration,v2_calibration_fp16_n256_q16_batch_same_in1_same_discard_h0_b0_none_ops0,1,,NVIDIA Thor,11.0,580.00,13.0,1575.000,,,,mem_clock_mhz:unavailable;temperature_c:unavailable;power_w:unavailable;sm_clock_mhz:sysfs_or_default,fp16,256,16,500,0,507,batch,same,same,discard,1,0,0,20,none,0,1238473.0,,,,,154.809125,0.920544,,,,,213.36044629152187,182.2532763235652,30000,0.000000000,1,bffefff912f113ddbcc6e00b987ff97fd019162953ea1317a6590982dddd9809,16,3,19,10,2,0,0,"static single-case binary; CUDA event includes setup/readback, clock64 covers timed window"
calibration,v2_calibration_fp16_n256_q16_batch_same_in1_same_discard_h0_b0_none_ops0,1,,NVIDIA Thor,11.0,580.00,13.0,1575.000,,,,mem_clock_mhz:unavailable;temperature_c:unavailable;power_w:unavailable;sm_clock_mhz:sysfs_or_default,fp16,256,16,500,1,507,batch,same,same,discard,1,0,0,20,none,0,1238005.0,,,,,154.750625,0.917056,,,,,213.4411024188109,182.94647218926653,29996,0.000000000,1,bffefff912f113ddbcc6e00b987ff97fd019162953ea1317a6590982dddd9809,16,3,19,10,2,0,0,"static single-case binary; CUDA event includes setup/readback, clock64 covers timed window"
calibration,v2_calibration_fp16_n256_q16_batch_same_in1_same_discard_h0_b0_none_ops0,1,,NVIDIA Thor,11.0,580.00,13.0,1575.000,,,,mem_clock_mhz:unavailable;temperature_c:unavailable;power_w:unavailable;sm_clock_mhz:sysfs_or_default,fp16,256,16,500,2,507,batch,same,same,discard,1,0,0,20,none,0,1237928.0,,,,,154.741,0.917824,,,,,213.4543786068334,182.79338958231645,30000,0.000000000,1,bffefff912f113ddbcc6e00b987ff97fd019162953ea1317a6590982dddd9809,16,3,19,10,2,0,0,"static single-case binary; CUDA event includes setup/readback, clock64 covers timed window"
calibration,v2_calibration_fp16_n256_q8_batch_same_in0_same_discard_h32_b0_none_ops0,1,,NVIDIA Thor,11.0,580.00,13.0,1575.000,,,,mem_clock_mhz:unavailable;temperature_c:unavailable;power_w:unavailable;sm_clock_mhz:sysfs_or_default,fp16,256,8,500,0,508,batch,same,same,discard,0,32,0,20,none,0,709961.0,,,,,177.49025,0.582336,,,,,186.0955404592647,144.05099461479284,30000,0.000000000,1,73ed6744dd2c7f0fce3d83b9925cbc647d2f5379d493d9bec09c6d1a299bfab2,8,3,19,10,2,0,0,"static single-case binary; CUDA event includes setup/readback, clock64 covers timed window"
calibration,v2_calibration_fp16_n256_q8_batch_same_in0_same_discard_h32_b0_none_ops0,1,,NVIDIA Thor,11.0,580.00,13.0,1575.000,,,,mem_clock_mhz:unavailable;temperature_c:unavailable;power_w:unavailable;sm_clock_mhz:sysfs_or_default,fp16,256,8,500,1,508,batch,same,same,discard,0,32,0,20,none,0,709786.0,,,,,177.4465,0.582336,,,,,186.14142290774964,144.05099461479284,29971,0.000000000,1,73ed6744dd2c7f0fce3d83b9925cbc647d2f5379d493d9bec09c6d1a299bfab2,8,3,19,10,2,0,0,"static single-case binary; CUDA event includes setup/readback, clock64 covers timed window"
calibration,v2_calibration_fp16_n256_q8_batch_same_in0_same_discard_h32_b0_none_ops0,1,,NVIDIA Thor,11.0,580.00,13.0,1575.000,,,,mem_clock_mhz:unavailable;temperature_c:unavailable;power_w:unavailable;sm_clock_mhz:sysfs_or_default,fp16,256,8,500,2,508,batch,same,same,discard,0,32,0,20,none,0,709777.0,,,,,177.44425,0.579264,,,,,186.1437831882408,144.81493757595848,29974,0.000000000,1,73ed6744dd2c7f0fce3d83b9925cbc647d2f5379d493d9bec09c6d1a299bfab2,8,3,19,10,2,0,0,"static single-case binary; CUDA event includes setup/readback, clock64 covers timed window"
calibration,v2_calibration_bf16_n128_q8_batch_same_in1_same_discard_h10000000_b1_none_ops0,1,,NVIDIA Thor,11.0,580.00,13.0,1575.000,,,,mem_clock_mhz:unavailable;temperature_c:unavailable;power_w:unavailable;sm_clock_mhz:sysfs_or_default,bf16,128,8,500,0,509,batch,same,same,discard,1,10000000,1,1,none,0,447441.0,,,,,111.86025,0.381984,,,,,7.382011036091909,5.4901566557761585,500,0.000000000,1,624e408bd969c617c491940e51fac6bbcdfdfedc033b632e706a2e9a35d766aa,8,3,19,10,2,0,0,"static single-case binary; CUDA event includes setup/readback, clock64 covers timed window"
calibration,v2_calibration_bf16_n128_q8_batch_same_in1_same_discard_h10000000_b1_none_ops0,1,,NVIDIA Thor,11.0,580.00,13.0,1575.000,,,,mem_clock_mhz:unavailable;temperature_c:unavailable;power_w:unavailable;sm_clock_mhz:sysfs_or_default,bf16,128,8,500,1,509,batch,same,same,discard,1,10000000,1,1,none,0,447366.0,,,,,111.8415,0.382688,,,,,7.383248615227799,5.480056860941551,500,0.000000000,1,624e408bd969c617c491940e51fac6bbcdfdfedc033b632e706a2e9a35d766aa,8,3,19,10,2,0,0,"static single-case binary; CUDA event includes setup/readback, clock64 covers timed window"
calibration,v2_calibration_bf16_n128_q8_batch_same_in1_same_discard_h10000000_b1_none_ops0,1,,NVIDIA Thor,11.0,580.00,13.0,1575.000,,,,mem_clock_mhz:unavailable;temperature_c:unavailable;power_w:unavailable;sm_clock_mhz:sysfs_or_default,bf16,128,8,500,2,509,batch,same,same,discard,1,10000000,1,1,none,0,447441.0,,,,,111.86025,0.381536,,,,,7.382011036091909,5.496603203891639,500,0.000000000,1,624e408bd969c617c491940e51fac6bbcdfdfedc033b632e706a2e9a35d766aa,8,3,19,10,2,0,0,"static single-case binary; CUDA event includes setup/readback, clock64 covers timed window"
calibration,v2_calibration_fp16_n128_q64_batch_same_in1_same_discard_h10000000_b1_none_ops0,1,,NVIDIA Thor,11.0,580.00,13.0,1575.000,,,,mem_clock_mhz:unavailable;temperature_c:unavailable;power_w:unavailable;sm_clock_mhz:sysfs_or_default,fp16,128,64,500,0,510,batch,same,same,discard,1,10000000,1,1,none,0,2245910.0,,,,,70.1846875,1.525312,,,,,11.76543815201856,10.999202786052951,500,0.000000000,1,1cc85f7c482ce0ccb21364f93c9c850b51243a869ddb76ea40067cd12daf2b34,64,3,19,10,2,0,0,"static single-case binary; CUDA event includes setup/readback, clock64 covers timed window"
calibration,v2_calibration_fp16_n128_q64_batch_same_in1_same_discard_h10000000_b1_none_ops0,1,,NVIDIA Thor,11.0,580.00,13.0,1575.000,,,,mem_clock_mhz:unavailable;temperature_c:unavailable;power_w:unavailable;sm_clock_mhz:sysfs_or_default,fp16,128,64,500,1,510,batch,same,same,discard,1,10000000,1,1,none,0,2245909.0,,,,,70.18465625,1.523872,,,,,11.765443390627137,11.009596606539132,500,0.000000000,1,1cc85f7c482ce0ccb21364f93c9c850b51243a869ddb76ea40067cd12daf2b34,64,3,19,10,2,0,0,"static single-case binary; CUDA event includes setup/readback, clock64 covers timed window"
calibration,v2_calibration_fp16_n128_q64_batch_same_in1_same_discard_h10000000_b1_none_ops0,1,,NVIDIA Thor,11.0,580.00,13.0,1575.000,,,,mem_clock_mhz:unavailable;temperature_c:unavailable;power_w:unavailable;sm_clock_mhz:sysfs_or_default,fp16,128,64,500,2,510,batch,same,same,discard,1,10000000,1,1,none,0,2245909.0,,,,,70.18465625,1.523808,,,,,11.765443390627137,11.01005901005901,500,0.000000000,1,1cc85f7c482ce0ccb21364f93c9c850b51243a869ddb76ea40067cd12daf2b34,64,3,19,10,2,0,0,"static single-case binary; CUDA event includes setup/readback, clock64 covers timed window"
calibration,v2_calibration_bf16_n256_q1_batch_same_in0_same_discard_h10000000_b1_none_ops0,1,,NVIDIA Thor,11.0,580.00,13.0,1575.000,,,,mem_clock_mhz:unavailable;temperature_c:unavailable;power_w:unavailable;sm_clock_mhz:sysfs_or_default,bf16,256,1,500,0,511,batch,same,same,discard,0,10000000,1,1,none,0,255593.0,,,,,511.186,0.25888,,,,,3.2307363660194137,2.025216316440049,500,0.000000000,1,493a096a67e41b1fdc9b8feeaf0a73ca77bc66f6ccc311512fe059d7480088a9,1,3,19,10,2,0,0,"static single-case binary; CUDA event includes setup/readback, clock64 covers timed window"
calibration,v2_calibration_bf16_n256_q1_batch_same_in0_same_discard_h10000000_b1_none_ops0,1,,NVIDIA Thor,11.0,580.00,13.0,1575.000,,,,mem_clock_mhz:unavailable;temperature_c:unavailable;power_w:unavailable;sm_clock_mhz:sysfs_or_default,bf16,256,1,500,1,511,batch,same,same,discard,0,10000000,1,1,none,0,255593.0,,,,,511.186,0.25904,,,,,3.2307363660194137,2.023965410747375,500,0.000000000,1,493a096a67e41b1fdc9b8feeaf0a73ca77bc66f6ccc311512fe059d7480088a9,1,3,19,10,2,0,0,"static single-case binary; CUDA event includes setup/readback, clock64 covers timed window"
calibration,v2_calibration_bf16_n256_q1_batch_same_in0_same_discard_h10000000_b1_none_ops0,1,,NVIDIA Thor,11.0,580.00,13.0,1575.000,,,,mem_clock_mhz:unavailable;temperature_c:unavailable;power_w:unavailable;sm_clock_mhz:sysfs_or_default,bf16,256,1,500,2,511,batch,same,same,discard,0,10000000,1,1,none,0,255593.0,,,,,511.186,0.259584,,,,,3.2307363660194137,2.019723865877712,500,0.000000000,1,493a096a67e41b1fdc9b8feeaf0a73ca77bc66f6ccc311512fe059d7480088a9,1,3,19,10,2,0,0,"static single-case binary; CUDA event includes setup/readback, clock64 covers timed window"
calibration,v2_calibration_bf16_n256_q16_batch_same_in1_same_discard_h32_b1_none_ops0,1,,NVIDIA Thor,11.0,580.00,13.0,1575.000,,,,mem_clock_mhz:unavailable;temperature_c:unavailable;power_w:unavailable;sm_clock_mhz:sysfs_or_default,bf16,256,16,500,0,512,batch,same,same,discard,1,32,1,1,none,0,1237232.0,,,,,154.654,0.8832,,,,,10.67872282643837,9.497971014492753,1499,0.000000000,1,d5a2389f688dda64310e6e1b24ee37f5fba8d3989e01ec623a32d3f0797b585c,16,3,19,10,2,0,0,"static single-case binary; CUDA event includes setup/readback, clock64 covers timed window"
calibration,v2_calibration_bf16_n256_q16_batch_same_in1_same_discard_h32_b1_none_ops0,1,,NVIDIA Thor,11.0,580.00,13.0,1575.000,,,,mem_clock_mhz:unavailable;temperature_c:unavailable;power_w:unavailable;sm_clock_mhz:sysfs_or_default,bf16,256,16,500,1,512,batch,same,same,discard,1,32,1,1,none,0,1237640.0,,,,,154.705,0.895744,,,,,10.675202482143433,9.364961417547871,1498,0.000000000,1,d5a2389f688dda64310e6e1b24ee37f5fba8d3989e01ec623a32d3f0797b585c,16,3,19,10,2,0,0,"static single-case binary; CUDA event includes setup/readback, clock64 covers timed window"
calibration,v2_calibration_bf16_n256_q16_batch_same_in1_same_discard_h32_b1_none_ops0,1,,NVIDIA Thor,11.0,580.00,13.0,1575.000,,,,mem_clock_mhz:unavailable;temperature_c:unavailable;power_w:unavailable;sm_clock_mhz:sysfs_or_default,bf16,256,16,500,2,512,batch,same,same,discard,1,32,1,1,none,0,1237409.0,,,,,154.676125,0.881824,,,,,10.67719533315177,9.512791668178684,1500,0.000000000,1,d5a2389f688dda64310e6e1b24ee37f5fba8d3989e01ec623a32d3f0797b585c,16,3,19,10,2,0,0,"static single-case binary; CUDA event includes setup/readback, clock64 covers timed window"
calibration,v2_calibration_bf16_n256_q64_batch_same_in1_same_discard_h10000000_b0_none_ops0,1,,NVIDIA Thor,11.0,580.00,13.0,1575.000,,,,mem_clock_mhz:unavailable;temperature_c:unavailable;power_w:unavailable;sm_clock_mhz:sysfs_or_default,bf16,256,64,500,0,513,batch,same,same,discard,1,10000000,0,20,none,0,4293640.0,,,,,134.17625,3.26272,,,,,246.16982513671385,205.68379756767362,10000,0.000000000,1,d1d3684a720a896eb8094fe967a3dbfc87322795dcfd819b9b7f8207c73d94b6,64,3,19,10,2,0,0,"static single-case binary; CUDA event includes setup/readback, clock64 covers timed window"
calibration,v2_calibration_bf16_n256_q64_batch_same_in1_same_discard_h10000000_b0_none_ops0,1,,NVIDIA Thor,11.0,580.00,13.0,1575.000,,,,mem_clock_mhz:unavailable;temperature_c:unavailable;power_w:unavailable;sm_clock_mhz:sysfs_or_default,bf16,256,64,500,1,513,batch,same,same,discard,1,10000000,0,20,none,0,4293636.0,,,,,134.176125,3.6448,,,,,246.1700544713152,184.12221246707637,10000,0.000000000,1,d1d3684a720a896eb8094fe967a3dbfc87322795dcfd819b9b7f8207c73d94b6,64,3,19,10,2,0,0,"static single-case binary; CUDA event includes setup/readback, clock64 covers timed window"
calibration,v2_calibration_bf16_n256_q64_batch_same_in1_same_discard_h10000000_b0_none_ops0,1,,NVIDIA Thor,11.0,580.00,13.0,1575.000,,,,mem_clock_mhz:unavailable;temperature_c:unavailable;power_w:unavailable;sm_clock_mhz:sysfs_or_default,bf16,256,64,500,2,513,batch,same,same,discard,1,10000000,0,20,none,0,4293637.0,,,,,134.17615625,3.421664,,,,,246.16999713762485,196.12932187380179,10000,0.000000000,1,d1d3684a720a896eb8094fe967a3dbfc87322795dcfd819b9b7f8207c73d94b6,64,3,19,10,2,0,0,"static single-case binary; CUDA event includes setup/readback, clock64 covers timed window"
calibration,v2_calibration_fp16_n128_q16_batch_ring_in0_same_discard_h32_b0_none_ops0,1,,NVIDIA Thor,11.0,580.00,13.0,1575.000,,,,mem_clock_mhz:unavailable;temperature_c:unavailable;power_w:unavailable;sm_clock_mhz:sysfs_or_default,fp16,128,16,500,0,514,batch,ring,same,discard,0,32,0,20,none,0,684764.0,,,,,85.5955,0.563584,,,,,192.9432271556332,148.8439700204406,19252,0.000000000,1,b114fb50ce35c642867813f278d1aa442c6e91970c0efe4a2e556e7049756c95,16,3,17,7,2,0,0,"static single-case binary; CUDA event includes setup/readback, clock64 covers timed window"
calibration,v2_calibration_fp16_n128_q16_batch_ring_in0_same_discard_h32_b0_none_ops0,1,,NVIDIA Thor,11.0,580.00,13.0,1575.000,,,,mem_clock_mhz:unavailable;temperature_c:unavailable;power_w:unavailable;sm_clock_mhz:sysfs_or_default,fp16,128,16,500,1,514,batch,ring,same,discard,0,32,0,20,none,0,684611.0,,,,,85.576375,0.56368,,,,,192.98634699121106,148.81862049389724,19200,0.000000000,1,b114fb50ce35c642867813f278d1aa442c6e91970c0efe4a2e556e7049756c95,16,3,17,7,2,0,0,"static single-case binary; CUDA event includes setup/readback, clock64 covers timed window"
calibration,v2_calibration_fp16_n128_q16_batch_ring_in0_same_discard_h32_b0_none_ops0,1,,NVIDIA Thor,11.0,580.00,13.0,1575.000,,,,mem_clock_mhz:unavailable;temperature_c:unavailable;power_w:unavailable;sm_clock_mhz:sysfs_or_default,fp16,128,16,500,2,514,batch,ring,same,discard,0,32,0,20,none,0,684712.0,,,,,85.589,0.5632,,,,,192.9578801014149,148.94545454545454,19251,0.000000000,1,b114fb50ce35c642867813f278d1aa442c6e91970c0efe4a2e556e7049756c95,16,3,17,7,2,0,0,"static single-case binary; CUDA event includes setup/readback, clock64 covers timed window"
calibration,v2_calibration_fp16_n128_q32_batch_ring_in0_same_discard_h32_b1_none_ops0,1,,NVIDIA Thor,11.0,580.00,13.0,1575.000,,,,mem_clock_mhz:unavailable;temperature_c:unavailable;power_w:unavailable;sm_clock_mhz:sysfs_or_default,fp16,128,32,500,0,515,batch,ring,same,discard,0,32,1,1,none,0,1189349.0,,,,,74.3343125,0.851552,,,,,11.10864649484718,9.850963887114352,635,0.000000000,1,3960d26b0935f5a36216c6e7047ea2d47c421709f34c329794a107de2d7ba600,32,3,17,7,2,0,0,"static single-case binary; CUDA event includes setup/readback, clock64 covers timed window"
calibration,v2_calibration_fp16_n128_q32_batch_ring_in0_same_discard_h32_b1_none_ops0,1,,NVIDIA Thor,11.0,580.00,13.0,1575.000,,,,mem_clock_mhz:unavailable;temperature_c:unavailable;power_w:unavailable;sm_clock_mhz:sysfs_or_default,fp16,128,32,500,1,515,batch,ring,same,discard,0,32,1,1,none,0,1188642.0,,,,,74.290125,0.852224,,,,,11.115253877954842,9.843196155001502,535,0.000000000,1,3960d26b0935f5a36216c6e7047ea2d47c421709f34c329794a107de2d7ba600,32,3,17,7,2,0,0,"static single-case binary; CUDA event includes setup/readback, clock64 covers timed window"
calibration,v2_calibration_fp16_n128_q32_batch_ring_in0_same_discard_h32_b1_none_ops0,1,,NVIDIA Thor,11.0,580.00,13.0,1575.000,,,,mem_clock_mhz:unavailable;temperature_c:unavailable;power_w:unavailable;sm_clock_mhz:sysfs_or_default,fp16,128,32,500,2,515,batch,ring,same,discard,0,32,1,1,none,0,1188726.0,,,,,74.295375,0.852224,,,,,11.114468430908385,9.843196155001502,577,0.000000000,1,3960d26b0935f5a36216c6e7047ea2d47c421709f34c329794a107de2d7ba600,32,3,17,7,2,0,0,"static single-case binary; CUDA event includes setup/readback, clock64 covers timed window"
calibration,v2_calibration_fp16_n128_q32_batch_same_in1_same_discard_h10000000_b0_none_ops0,1,,NVIDIA Thor,11.0,580.00,13.0,1575.000,,,,mem_clock_mhz:unavailable;temperature_c:unavailable;power_w:unavailable;sm_clock_mhz:sysfs_or_default,fp16,128,32,500,0,516,batch,same,same,discard,1,10000000,0,20,none,0,1215426.0,,,,,75.964125,0.903488,,,,,217.4062032571296,185.69384430119715,10000,0.000000000,1,c87bb8013f302110978b250fed388dee83d4e96c723161621fc324db61438b02,32,3,19,10,2,0,0,"static single-case binary; CUDA event includes setup/readback, clock64 covers timed window"
calibration,v2_calibration_fp16_n128_q32_batch_same_in1_same_discard_h10000000_b0_none_ops0,1,,NVIDIA Thor,11.0,580.00,13.0,1575.000,,,,mem_clock_mhz:unavailable;temperature_c:unavailable;power_w:unavailable;sm_clock_mhz:sysfs_or_default,fp16,128,32,500,1,516,batch,same,same,discard,1,10000000,0,20,none,0,1215425.0,,,,,75.9640625,0.900448,,,,,217.4063821297077,186.32076477486763,10000,0.000000000,1,c87bb8013f302110978b250fed388dee83d4e96c723161621fc324db61438b02,32,3,19,10,2,0,0,"static single-case binary; CUDA event includes setup/readback, clock64 covers timed window"
calibration,v2_calibration_fp16_n128_q32_batch_same_in1_same_discard_h10000000_b0_none_ops0,1,,NVIDIA Thor,11.0,580.00,13.0,1575.000,,,,mem_clock_mhz:unavailable;temperature_c:unavailable;power_w:unavailable;sm_clock_mhz:sysfs_or_default,fp16,128,32,500,2,516,batch,same,same,discard,1,10000000,0,20,none,0,1215427.0,,,,,75.9641875,0.900992,,,,,217.4060243848458,186.20826821991758,10000,0.000000000,1,c87bb8013f302110978b250fed388dee83d4e96c723161621fc324db61438b02,32,3,19,10,2,0,0,"static single-case binary; CUDA event includes setup/readback, clock64 covers timed window"
calibration,v2_calibration_fp16_n256_q16_batch_same_in1_same_discard_h10000000_b1_none_ops0,1,,NVIDIA Thor,11.0,580.00,13.0,1575.000,,,,mem_clock_mhz:unavailable;temperature_c:unavailable;power_w:unavailable;sm_clock_mhz:sysfs_or_default,fp16,256,16,500,0,517,batch,same,same,discard,1,10000000,1,1,none,0,1215146.0,,,,,151.89325,0.869568,,,,,10.872814953923232,9.646868330021343,500,0.000000000,1,11eab58984231259942aeee77279655383098f92511bcc65dd5c1561fe4290d6,16,3,19,10,2,0,0,"static single-case binary; CUDA event includes setup/readback, clock64 covers timed window"
calibration,v2_calibration_fp16_n256_q16_batch_same_in1_same_discard_h10000000_b1_none_ops0,1,,NVIDIA Thor,11.0,580.00,13.0,1575.000,,,,mem_clock_mhz:unavailable;temperature_c:unavailable;power_w:unavailable;sm_clock_mhz:sysfs_or_default,fp16,256,16,500,1,517,batch,same,same,discard,1,10000000,1,1,none,0,1215146.0,,,,,151.89325,0.869184,,,,,10.872814953923232,9.651130255504013,500,0.000000000,1,11eab58984231259942aeee77279655383098f92511bcc65dd5c1561fe4290d6,16,3,19,10,2,0,0,"static single-case binary; CUDA event includes setup/readback, clock64 covers timed window"
calibration,v2_calibration_fp16_n256_q16_batch_same_in1_same_discard_h10000000_b1_none_ops0,1,,NVIDIA Thor,11.0,580.00,13.0,1575.000,,,,mem_clock_mhz:unavailable;temperature_c:unavailable;power_w:unavailable;sm_clock_mhz:sysfs_or_default,fp16,256,16,500,2,517,batch,same,same,discard,1,10000000,1,1,none,0,1215146.0,,,,,151.89325,0.869248,,,,,10.872814953923232,9.650419673096746,500,0.000000000,1,11eab58984231259942aeee77279655383098f92511bcc65dd5c1561fe4290d6,16,3,19,10,2,0,0,"static single-case binary; CUDA event includes setup/readback, clock64 covers timed window"
calibration,v2_calibration_bf16_n128_q4_batch_same_in1_same_discard_h32_b1_none_ops0,1,,NVIDIA Thor,11.0,580.00,13.0,1575.000,,,,mem_clock_mhz:unavailable;temperature_c:unavailable;power_w:unavailable;sm_clock_mhz:sysfs_or_default,bf16,128,4,500,0,518,batch,same,same,discard,1,32,1,1,none,0,315321.0,,,,,157.6605,0.296928,,,,,5.237542694587421,3.5314150231706,500,0.000000000,1,d1e1a7ee88d364611e462db4a30ea991874d723e6019e38c75e94fe13704c2d1,4,3,19,10,2,0,0,"static single-case binary; CUDA event includes setup/readback, clock64 covers timed window"
calibration,v2_calibration_bf16_n128_q4_batch_same_in1_same_discard_h32_b1_none_ops0,1,,NVIDIA Thor,11.0,580.00,13.0,1575.000,,,,mem_clock_mhz:unavailable;temperature_c:unavailable;power_w:unavailable;sm_clock_mhz:sysfs_or_default,bf16,128,4,500,1,518,batch,same,same,discard,1,32,1,1,none,0,315272.0,,,,,157.636,0.297472,,,,,5.238356720546069,3.524956970740103,500,0.000000000,1,d1e1a7ee88d364611e462db4a30ea991874d723e6019e38c75e94fe13704c2d1,4,3,19,10,2,0,0,"static single-case binary; CUDA event includes setup/readback, clock64 covers timed window"
calibration,v2_calibration_bf16_n128_q4_batch_same_in1_same_discard_h32_b1_none_ops0,1,,NVIDIA Thor,11.0,580.00,13.0,1575.000,,,,mem_clock_mhz:unavailable;temperature_c:unavailable;power_w:unavailable;sm_clock_mhz:sysfs_or_default,bf16,128,4,500,2,518,batch,same,same,discard,1,32,1,1,none,0,315125.0,,,,,157.5625,0.296128,,,,,5.240800317334392,3.5409552625891507,500,0.000000000,1,d1e1a7ee88d364611e462db4a30ea991874d723e6019e38c75e94fe13704c2d1,4,3,19,10,2,0,0,"static single-case binary; CUDA event includes setup/readback, clock64 covers timed window"
control,v2_control_fp16_n128_q1_forced_wait_same_in0_same_discard_h10000000_b0_none_ops0,1,,NVIDIA Thor,11.0,580.00,13.0,1575.000,,,,mem_clock_mhz:unavailable;temperature_c:unavailable;power_w:unavailable;sm_clock_mhz:sysfs_or_default,fp16,128,1,1000,0,519,forced_wait,same,same,discard,0,10000000,0,20,none,0,431197.0,,,,,431.197,0.4256,,,,,38.30052620959794,24.637593984962407,20000,0.000000000,1,2ce63cb7d5855ef7f99d4aad3acf83106bb615f052e189b2c6d7b5723b017525,1,3,19,10,2,0,0,"static single-case binary; CUDA event includes setup/readback, clock64 covers timed window"
control,v2_control_fp16_n128_q1_forced_wait_same_in0_same_discard_h10000000_b0_none_ops0,1,,NVIDIA Thor,11.0,580.00,13.0,1575.000,,,,mem_clock_mhz:unavailable;temperature_c:unavailable;power_w:unavailable;sm_clock_mhz:sysfs_or_default,fp16,128,1,1000,1,519,forced_wait,same,same,discard,0,10000000,0,20,none,0,431196.0,,,,,431.196,0.404416,,,,,38.30061503353463,25.928153188795694,20000,0.000000000,1,2ce63cb7d5855ef7f99d4aad3acf83106bb615f052e189b2c6d7b5723b017525,1,3,19,10,2,0,0,"static single-case binary; CUDA event includes setup/readback, clock64 covers timed window"
control,v2_control_fp16_n128_q1_forced_wait_same_in0_same_discard_h10000000_b0_none_ops0,1,,NVIDIA Thor,11.0,580.00,13.0,1575.000,,,,mem_clock_mhz:unavailable;temperature_c:unavailable;power_w:unavailable;sm_clock_mhz:sysfs_or_default,fp16,128,1,1000,2,519,forced_wait,same,same,discard,0,10000000,0,20,none,0,431196.0,,,,,431.196,0.402752,,,,,38.30061503353463,26.035277292229463,20000,0.000000000,1,2ce63cb7d5855ef7f99d4aad3acf83106bb615f052e189b2c6d7b5723b017525,1,3,19,10,2,0,0,"static single-case binary; CUDA event includes setup/readback, clock64 covers timed window"
calibration,v2_calibration_bf16_n128_q4_batch_same_in0_same_discard_h10000000_b0_none_ops0,1,,NVIDIA Thor,11.0,580.00,13.0,1575.000,,,,mem_clock_mhz:unavailable;temperature_c:unavailable;power_w:unavailable;sm_clock_mhz:sysfs_or_default,bf16,128,4,500,0,520,batch,same,same,discard,0,10000000,0,20,none,0,319605.0,,,,,159.8025,0.331744,,,,,103.34676866757405,63.21597376290151,10000,0.000000000,1,aa3a014cf76625a43e39aba698d12df7beb463df45389a6defe49e984464a617,4,3,19,10,2,0,0,"static single-case binary; CUDA event includes setup/readback, clock64 covers timed window"
calibration,v2_calibration_bf16_n128_q4_batch_same_in0_same_discard_h10000000_b0_none_ops0,1,,NVIDIA Thor,11.0,580.00,13.0,1575.000,,,,mem_clock_mhz:unavailable;temperature_c:unavailable;power_w:unavailable;sm_clock_mhz:sysfs_or_default,bf16,128,4,500,1,520,batch,same,same,discard,0,10000000,0,20,none,0,319605.0,,,,,159.8025,0.333536,,,,,103.34676866757405,62.876331190636094,10000,0.000000000,1,aa3a014cf76625a43e39aba698d12df7beb463df45389a6defe49e984464a617,4,3,19,10,2,0,0,"static single-case binary; CUDA event includes setup/readback, clock64 covers timed window"
calibration,v2_calibration_bf16_n128_q4_batch_same_in0_same_discard_h10000000_b0_none_ops0,1,,NVIDIA Thor,11.0,580.00,13.0,1575.000,,,,mem_clock_mhz:unavailable;temperature_c:unavailable;power_w:unavailable;sm_clock_mhz:sysfs_or_default,bf16,128,4,500,2,520,batch,same,same,discard,0,10000000,0,20,none,0,319608.0,,,,,159.804,0.334432,,,,,103.34579860328903,62.70787484451248,10000,0.000000000,1,aa3a014cf76625a43e39aba698d12df7beb463df45389a6defe49e984464a617,4,3,19,10,2,0,0,"static single-case binary; CUDA event includes setup/readback, clock64 covers timed window"
control,v2_control_bf16_n128_q64_empty_same_in0_same_discard_h10000000_b1_none_ops0,1,,NVIDIA Thor,11.0,580.00,13.0,1575.000,,,,mem_clock_mhz:unavailable;temperature_c:unavailable;power_w:unavailable;sm_clock_mhz:sysfs_or_default,bf16,128,64,1000,0,521,empty,same,same,discard,0,10000000,1,1,none,0,264108.0,,,,,,0.266336,,,,,,,0,0.000000000,1,515eeeffe90fd2682a458ed2cf73a34c0d47a8ab49efaf38e9fd85ab2ddd00ae,0,2,16,9,2,0,0,"static single-case binary; CUDA event includes setup/readback, clock64 covers timed window"
control,v2_control_bf16_n128_q64_empty_same_in0_same_discard_h10000000_b1_none_ops0,1,,NVIDIA Thor,11.0,580.00,13.0,1575.000,,,,mem_clock_mhz:unavailable;temperature_c:unavailable;power_w:unavailable;sm_clock_mhz:sysfs_or_default,bf16,128,64,1000,1,521,empty,same,same,discard,0,10000000,1,1,none,0,264107.0,,,,,,0.271168,,,,,,,0,0.000000000,1,515eeeffe90fd2682a458ed2cf73a34c0d47a8ab49efaf38e9fd85ab2ddd00ae,0,2,16,9,2,0,0,"static single-case binary; CUDA event includes setup/readback, clock64 covers timed window"
control,v2_control_bf16_n128_q64_empty_same_in0_same_discard_h10000000_b1_none_ops0,1,,NVIDIA Thor,11.0,580.00,13.0,1575.000,,,,mem_clock_mhz:unavailable;temperature_c:unavailable;power_w:unavailable;sm_clock_mhz:sysfs_or_default,bf16,128,64,1000,2,521,empty,same,same,discard,0,10000000,1,1,none,0,264108.0,,,,,,0.268096,,,,,,,0,0.000000000,1,515eeeffe90fd2682a458ed2cf73a34c0d47a8ab49efaf38e9fd85ab2ddd00ae,0,2,16,9,2,0,0,"static single-case binary; CUDA event includes setup/readback, clock64 covers timed window"
calibration,v2_calibration_fp16_n128_q2_batch_ring_in0_same_discard_h0_b0_none_ops0,1,,NVIDIA Thor,11.0,580.00,13.0,1575.000,,,,mem_clock_mhz:unavailable;temperature_c:unavailable;power_w:unavailable;sm_clock_mhz:sysfs_or_default,fp16,128,2,500,0,522,batch,ring,same,discard,0,0,0,20,none,0,247147.0,,,,,247.147,0.282784,,,,,66.82287059927897,37.080457168722425,10000,0.000000000,1,ab6716b3fc740aeabfaf20bd7d2a383d189c7223b79b32bd549af84593661abc,2,3,17,7,2,0,0,"static single-case binary; CUDA event includes setup/readback, clock64 covers timed window"
calibration,v2_calibration_fp16_n128_q2_batch_ring_in0_same_discard_h0_b0_none_ops0,1,,NVIDIA Thor,11.0,580.00,13.0,1575.000,,,,mem_clock_mhz:unavailable;temperature_c:unavailable;power_w:unavailable;sm_clock_mhz:sysfs_or_default,fp16,128,2,500,1,522,batch,ring,same,discard,0,0,0,20,none,0,247150.0,,,,,247.15,0.286592,,,,,66.82205947804977,36.58776239392586,10000,0.000000000,1,ab6716b3fc740aeabfaf20bd7d2a383d189c7223b79b32bd549af84593661abc,2,3,17,7,2,0,0,"static single-case binary; CUDA event includes setup/readback, clock64 covers timed window"
calibration,v2_calibration_fp16_n128_q2_batch_ring_in0_same_discard_h0_b0_none_ops0,1,,NVIDIA Thor,11.0,580.00,13.0,1575.000,,,,mem_clock_mhz:unavailable;temperature_c:unavailable;power_w:unavailable;sm_clock_mhz:sysfs_or_default,fp16,128,2,500,2,522,batch,ring,same,discard,0,0,0,20,none,0,247148.0,,,,,247.148,0.288896,,,,,66.82260022334795,36.29596809924679,10000,0.000000000,1,ab6716b3fc740aeabfaf20bd7d2a383d189c7223b79b32bd549af84593661abc,2,3,17,7,2,0,0,"static single-case binary; CUDA event includes setup/readback, clock64 covers timed window"
calibration,v2_calibration_fp16_n128_q16_batch_same_in0_same_discard_h32_b0_none_ops0,1,,NVIDIA Thor,11.0,580.00,13.0,1575.000,,,,mem_clock_mhz:unavailable;temperature_c:unavailable;power_w:unavailable;sm_clock_mhz:sysfs_or_default,fp16,128,16,500,0,523,batch,same,same,discard,0,32,0,20,none,0,684680.0,,,,,85.585,0.565376,,,,,192.96689840509435,148.37219832465476,19207,0.000000000,1,1794c9280a0e7b649b698cb6bd555008bc4e2bafc2bceb2c904f2610e396e8e7,16,3,19,10,2,0,0,"static single-case binary; CUDA event includes setup/readback, clock64 covers timed window"
calibration,v2_calibration_fp16_n128_q16_batch_same_in0_same_discard_h32_b0_none_ops0,1,,NVIDIA Thor,11.0,580.00,13.0,1575.000,,,,mem_clock_mhz:unavailable;temperature_c:unavailable;power_w:unavailable;sm_clock_mhz:sysfs_or_default,fp16,128,16,500,1,523,batch,same,same,discard,0,32,0,20,none,0,684748.0,,,,,85.5935,0.565152,,,,,192.9477355172998,148.43100617179095,19188,0.000000000,1,1794c9280a0e7b649b698cb6bd555008bc4e2bafc2bceb2c904f2610e396e8e7,16,3,19,10,2,0,0,"static single-case binary; CUDA event includes setup/readback, clock64 covers timed window"
calibration,v2_calibration_fp16_n128_q16_batch_same_in0_same_discard_h32_b0_none_ops0,1,,NVIDIA Thor,11.0,580.00,13.0,1575.000,,,,mem_clock_mhz:unavailable;temperature_c:unavailable;power_w:unavailable;sm_clock_mhz:sysfs_or_default,fp16,128,16,500,2,523,batch,same,same,discard,0,32,0,20,none,0,684656.0,,,,,85.582,0.564128,,,,,192.97366268607885,148.70043678030518,19151,0.000000000,1,1794c9280a0e7b649b698cb6bd555008bc4e2bafc2bceb2c904f2610e396e8e7,16,3,19,10,2,0,0,"static single-case binary; CUDA event includes setup/readback, clock64 covers timed window"
control,v2_control_bf16_n128_q1_commit_wait_same_in0_same_discard_h10000000_b0_none_ops0,1,,NVIDIA Thor,11.0,580.00,13.0,1575.000,,,,mem_clock_mhz:unavailable;temperature_c:unavailable;power_w:unavailable;sm_clock_mhz:sysfs_or_default,bf16,128,1,1000,0,524,commit_wait,same,same,discard,0,10000000,0,20,none,0,258147.0,,,,,,0.296544,,,,,,,20000,0.000000000,1,01ce57573fb2ccc96baa0c0201574a3a25521c9f292ff5f4984fd9623de238a1,0,3,19,9,2,0,0,"static single-case binary; CUDA event includes setup/readback, clock64 covers timed window"
control,v2_control_bf16_n128_q1_commit_wait_same_in0_same_discard_h10000000_b0_none_ops0,1,,NVIDIA Thor,11.0,580.00,13.0,1575.000,,,,mem_clock_mhz:unavailable;temperature_c:unavailable;power_w:unavailable;sm_clock_mhz:sysfs_or_default,bf16,128,1,1000,1,524,commit_wait,same,same,discard,0,10000000,0,20,none,0,258153.0,,,,,,0.293696,,,,,,,20000,0.000000000,1,01ce57573fb2ccc96baa0c0201574a3a25521c9f292ff5f4984fd9623de238a1,0,3,19,9,2,0,0,"static single-case binary; CUDA event includes setup/readback, clock64 covers timed window"
control,v2_control_bf16_n128_q1_commit_wait_same_in0_same_discard_h10000000_b0_none_ops0,1,,NVIDIA Thor,11.0,580.00,13.0,1575.000,,,,mem_clock_mhz:unavailable;temperature_c:unavailable;power_w:unavailable;sm_clock_mhz:sysfs_or_default,bf16,128,1,1000,2,524,commit_wait,same,same,discard,0,10000000,0,20,none,0,258153.0,,,,,,0.293344,,,,,,,20000,0.000000000,1,01ce57573fb2ccc96baa0c0201574a3a25521c9f292ff5f4984fd9623de238a1,0,3,19,9,2,0,0,"static single-case binary; CUDA event includes setup/readback, clock64 covers timed window"
calibration,v2_calibration_bf16_n256_q4_batch_same_in1_same_discard_h32_b1_none_ops0,1,,NVIDIA Thor,11.0,580.00,13.0,1575.000,,,,mem_clock_mhz:unavailable;temperature_c:unavailable;power_w:unavailable;sm_clock_mhz:sysfs_or_default,bf16,256,4,500,0,525,batch,same,same,discard,1,32,1,1,none,0,432538.0,,,,,216.269,0.371616,,,,,7.636356574451263,5.643330750021527,999,0.000000000,1,01cf9ccfbd8769816f061d45a70cce40874247ea13be74bbae895bf5e65b2a89,4,3,19,10,2,0,0,"static single-case binary; CUDA event includes setup/readback, clock64 covers timed window"
calibration,v2_calibration_bf16_n256_q4_batch_same_in1_same_discard_h32_b1_none_ops0,1,,NVIDIA Thor,11.0,580.00,13.0,1575.000,,,,mem_clock_mhz:unavailable;temperature_c:unavailable;power_w:unavailable;sm_clock_mhz:sysfs_or_default,bf16,256,4,500,1,525,batch,same,same,discard,1,32,1,1,none,0,432497.0,,,,,216.2485,0.373056,,,,,7.637080488419572,5.621547435237606,1001,0.000000000,1,01cf9ccfbd8769816f061d45a70cce40874247ea13be74bbae895bf5e65b2a89,4,3,19,10,2,0,0,"static single-case binary; CUDA event includes setup/readback, clock64 covers timed window"
calibration,v2_calibration_bf16_n256_q4_batch_same_in1_same_discard_h32_b1_none_ops0,1,,NVIDIA Thor,11.0,580.00,13.0,1575.000,,,,mem_clock_mhz:unavailable;temperature_c:unavailable;power_w:unavailable;sm_clock_mhz:sysfs_or_default,bf16,256,4,500,2,525,batch,same,same,discard,1,32,1,1,none,0,432534.0,,,,,216.267,0.371264,,,,,7.6364271941627715,5.648681261851405,999,0.000000000,1,01cf9ccfbd8769816f061d45a70cce40874247ea13be74bbae895bf5e65b2a89,4,3,19,10,2,0,0,"static single-case binary; CUDA event includes setup/readback, clock64 covers timed window"
calibration,v2_calibration_fp16_n128_q16_batch_same_in0_same_discard_h10000000_b1_none_ops0,1,,NVIDIA Thor,11.0,580.00,13.0,1575.000,,,,mem_clock_mhz:unavailable;temperature_c:unavailable;power_w:unavailable;sm_clock_mhz:sysfs_or_default,fp16,128,16,500,0,526,batch,same,same,discard,0,10000000,1,1,none,0,703423.0,,,,,87.927875,0.542752,,,,,9.39126073500582,7.727846235481399,500,0.000000000,1,8b89106f0f9c83a2e405837845a4751fbfe129d3c150421e8acfb755f5329ddb,16,3,19,10,2,0,0,"static single-case binary; CUDA event includes setup/readback, clock64 covers timed window"
calibration,v2_calibration_fp16_n128_q16_batch_same_in0_same_discard_h10000000_b1_none_ops0,1,,NVIDIA Thor,11.0,580.00,13.0,1575.000,,,,mem_clock_mhz:unavailable;temperature_c:unavailable;power_w:unavailable;sm_clock_mhz:sysfs_or_default,fp16,128,16,500,1,526,batch,same,same,discard,0,10000000,1,1,none,0,703423.0,,,,,87.927875,0.544096,,,,,9.39126073500582,7.70875727812739,500,0.000000000,1,8b89106f0f9c83a2e405837845a4751fbfe129d3c150421e8acfb755f5329ddb,16,3,19,10,2,0,0,"static single-case binary; CUDA event includes setup/readback, clock64 covers timed window"
calibration,v2_calibration_fp16_n128_q16_batch_same_in0_same_discard_h10000000_b1_none_ops0,1,,NVIDIA Thor,11.0,580.00,13.0,1575.000,,,,mem_clock_mhz:unavailable;temperature_c:unavailable;power_w:unavailable;sm_clock_mhz:sysfs_or_default,fp16,128,16,500,2,526,batch,same,same,discard,0,10000000,1,1,none,0,703423.0,,,,,87.927875,0.544064,,,,,9.39126073500582,7.709210681096341,500,0.000000000,1,8b89106f0f9c83a2e405837845a4751fbfe129d3c150421e8acfb755f5329ddb,16,3,19,10,2,0,0,"static single-case binary; CUDA event includes setup/readback, clock64 covers timed window"
calibration,v2_calibration_bf16_n256_q64_batch_same_in1_same_discard_h0_b0_none_ops0,1,,NVIDIA Thor,11.0,580.00,13.0,1575.000,,,,mem_clock_mhz:unavailable;temperature_c:unavailable;power_w:unavailable;sm_clock_mhz:sysfs_or_default,bf16,256,64,500,0,527,batch,same,same,discard,1,0,0,20,none,0,4322761.0,,,,,135.08628125,3.290048,,,,,244.51146107776952,203.97533409846906,29996,0.000000000,1,3bca76783b625b874240a49f8043f83c1949f4fbee6e78ec2ca34b8a8b5e0be4,64,3,19,10,2,0,0,"static single-case binary; CUDA event includes setup/readback, clock64 covers timed window"
calibration,v2_calibration_bf16_n256_q64_batch_same_in1_same_discard_h0_b0_none_ops0,1,,NVIDIA Thor,11.0,580.00,13.0,1575.000,,,,mem_clock_mhz:unavailable;temperature_c:unavailable;power_w:unavailable;sm_clock_mhz:sysfs_or_default,bf16,256,64,500,1,527,batch,same,same,discard,1,0,0,20,none,0,4322810.0,,,,,135.0878125,3.648256,,,,,244.50868948669964,183.94779313732369,29999,0.000000000,1,3bca76783b625b874240a49f8043f83c1949f4fbee6e78ec2ca34b8a8b5e0be4,64,3,19,10,2,0,0,"static single-case binary; CUDA event includes setup/readback, clock64 covers timed window"
calibration,v2_calibration_bf16_n256_q64_batch_same_in1_same_discard_h0_b0_none_ops0,1,,NVIDIA Thor,11.0,580.00,13.0,1575.000,,,,mem_clock_mhz:unavailable;temperature_c:unavailable;power_w:unavailable;sm_clock_mhz:sysfs_or_default,bf16,256,64,500,2,527,batch,same,same,discard,1,0,0,20,none,0,4322768.0,,,,,135.0865,3.281152,,,,,244.51106513234114,204.5283607708512,29998,0.000000000,1,3bca76783b625b874240a49f8043f83c1949f4fbee6e78ec2ca34b8a8b5e0be4,64,3,19,10,2,0,0,"static single-case binary; CUDA event includes setup/readback, clock64 covers timed window"
calibration,v2_calibration_fp16_n256_q1_batch_same_in0_same_discard_h10000000_b0_none_ops0,1,,NVIDIA Thor,11.0,580.00,13.0,1575.000,,,,mem_clock_mhz:unavailable;temperature_c:unavailable;power_w:unavailable;sm_clock_mhz:sysfs_or_default,fp16,256,1,500,0,528,batch,same,same,discard,0,10000000,0,20,none,0,255598.0,,,,,511.196,0.29408,,,,,64.61346332913404,35.65614798694233,10000,0.000000000,1,72b7fc018a8d18dd3279f2db1a5c0072cec9bedbe0ff58f0d2aa897644b27cb0,1,3,19,10,2,0,0,"static single-case binary; CUDA event includes setup/readback, clock64 covers timed window"
calibration,v2_calibration_fp16_n256_q1_batch_same_in0_same_discard_h10000000_b0_none_ops0,1,,NVIDIA Thor,11.0,580.00,13.0,1575.000,,,,mem_clock_mhz:unavailable;temperature_c:unavailable;power_w:unavailable;sm_clock_mhz:sysfs_or_default,fp16,256,1,500,1,528,batch,same,same,discard,0,10000000,0,20,none,0,255598.0,,,,,511.196,0.292704,,,,,64.61346332913404,35.82376735541707,10000,0.000000000,1,72b7fc018a8d18dd3279f2db1a5c0072cec9bedbe0ff58f0d2aa897644b27cb0,1,3,19,10,2,0,0,"static single-case binary; CUDA event includes setup/readback, clock64 covers timed window"
calibration,v2_calibration_fp16_n256_q1_batch_same_in0_same_discard_h10000000_b0_none_ops0,1,,NVIDIA Thor,11.0,580.00,13.0,1575.000,,,,mem_clock_mhz:unavailable;temperature_c:unavailable;power_w:unavailable;sm_clock_mhz:sysfs_or_default,fp16,256,1,500,2,528,batch,same,same,discard,0,10000000,0,20,none,0,255596.0,,,,,511.192,0.294336,,,,,64.6139689197014,35.62513589910851,10000,0.000000000,1,72b7fc018a8d18dd3279f2db1a5c0072cec9bedbe0ff58f0d2aa897644b27cb0,1,3,19,10,2,0,0,"static single-case binary; CUDA event includes setup/readback, clock64 covers timed window"
calibration,v2_calibration_fp16_n128_q4_batch_same_in1_same_discard_h0_b0_none_ops0,1,,NVIDIA Thor,11.0,580.00,13.0,1575.000,,,,mem_clock_mhz:unavailable;temperature_c:unavailable;power_w:unavailable;sm_clock_mhz:sysfs_or_default,fp16,128,4,500,0,529,batch,same,same,discard,1,0,0,20,none,0,291153.0,,,,,145.5765,0.317984,,,,,113.44600261718065,65.95149441481333,10000,0.000000000,1,aa18fabfc94084d12cdacff681102869e322fc112ed03a940e2e02a2f8518e3b,4,3,19,10,2,0,0,"static single-case binary; CUDA event includes setup/readback, clock64 covers timed window"
calibration,v2_calibration_fp16_n128_q4_batch_same_in1_same_discard_h0_b0_none_ops0,1,,NVIDIA Thor,11.0,580.00,13.0,1575.000,,,,mem_clock_mhz:unavailable;temperature_c:unavailable;power_w:unavailable;sm_clock_mhz:sysfs_or_default,fp16,128,4,500,1,529,batch,same,same,discard,1,0,0,20,none,0,291159.0,,,,,145.5795,0.31632,,,,,113.44366480170628,66.29843196762772,10000,0.000000000,1,aa18fabfc94084d12cdacff681102869e322fc112ed03a940e2e02a2f8518e3b,4,3,19,10,2,0,0,"static single-case binary; CUDA event includes setup/readback, clock64 covers timed window"
calibration,v2_calibration_fp16_n128_q4_batch_same_in1_same_discard_h0_b0_none_ops0,1,,NVIDIA Thor,11.0,580.00,13.0,1575.000,,,,mem_clock_mhz:unavailable;temperature_c:unavailable;power_w:unavailable;sm_clock_mhz:sysfs_or_default,fp16,128,4,500,2,529,batch,same,same,discard,1,0,0,20,none,0,291148.0,,,,,145.574,0.317344,,,,,113.44795087034773,66.08450136129878,10000,0.000000000,1,aa18fabfc94084d12cdacff681102869e322fc112ed03a940e2e02a2f8518e3b,4,3,19,10,2,0,0,"static single-case binary; CUDA event includes setup/readback, clock64 covers timed window"
control,v2_control_fp16_n128_q64_empty_same_in0_same_discard_h0_b1_none_ops0,1,,NVIDIA Thor,11.0,580.00,13.0,1575.000,,,,mem_clock_mhz:unavailable;temperature_c:unavailable;power_w:unavailable;sm_clock_mhz:sysfs_or_default,fp16,128,64,1000,0,530,empty,same,same,discard,0,0,1,1,none,0,264108.0,,,,,,0.26592,,,,,,,0,0.000000000,1,bf9b616452dd03640ab44814a68489ba1ddb04d37ce6fa45b8ffc0bc8787657d,0,2,16,9,2,0,0,"static single-case binary; CUDA event includes setup/readback, clock64 covers timed window"
control,v2_control_fp16_n128_q64_empty_same_in0_same_discard_h0_b1_none_ops0,1,,NVIDIA Thor,11.0,580.00,13.0,1575.000,,,,mem_clock_mhz:unavailable;temperature_c:unavailable;power_w:unavailable;sm_clock_mhz:sysfs_or_default,fp16,128,64,1000,1,530,empty,same,same,discard,0,0,1,1,none,0,264108.0,,,,,,0.265472,,,,,,,0,0.000000000,1,bf9b616452dd03640ab44814a68489ba1ddb04d37ce6fa45b8ffc0bc8787657d,0,2,16,9,2,0,0,"static single-case binary; CUDA event includes setup/readback, clock64 covers timed window"
control,v2_control_fp16_n128_q64_empty_same_in0_same_discard_h0_b1_none_ops0,1,,NVIDIA Thor,11.0,580.00,13.0,1575.000,,,,mem_clock_mhz:unavailable;temperature_c:unavailable;power_w:unavailable;sm_clock_mhz:sysfs_or_default,fp16,128,64,1000,2,530,empty,same,same,discard,0,0,1,1,none,0,264107.0,,,,,,0.265792,,,,,,,0,0.000000000,1,bf9b616452dd03640ab44814a68489ba1ddb04d37ce6fa45b8ffc0bc8787657d,0,2,16,9,2,0,0,"static single-case binary; CUDA event includes setup/readback, clock64 covers timed window"
calibration,v2_calibration_bf16_n256_q8_batch_ring_in0_same_discard_h10000000_b1_none_ops0,1,,NVIDIA Thor,11.0,580.00,13.0,1575.000,,,,mem_clock_mhz:unavailable;temperature_c:unavailable;power_w:unavailable;sm_clock_mhz:sysfs_or_default,bf16,256,8,500,0,531,batch,ring,same,discard,0,10000000,1,1,none,0,703146.0,,,,,175.7865,0.543744,,,,,9.394960363850467,7.713747645951036,500,0.000000000,1,1ca601739a76273e49d9819eba7c1d1eb03ead244a314d4c280adc469e4973b0,8,3,17,7,2,0,0,"static single-case binary; CUDA event includes setup/readback, clock64 covers timed window"
calibration,v2_calibration_bf16_n256_q8_batch_ring_in0_same_discard_h10000000_b1_none_ops0,1,,NVIDIA Thor,11.0,580.00,13.0,1575.000,,,,mem_clock_mhz:unavailable;temperature_c:unavailable;power_w:unavailable;sm_clock_mhz:sysfs_or_default,bf16,256,8,500,1,531,batch,ring,same,discard,0,10000000,1,1,none,0,703145.0,,,,,175.78625,0.544448,,,,,9.394973725191816,7.70377336311273,500,0.000000000,1,1ca601739a76273e49d9819eba7c1d1eb03ead244a314d4c280adc469e4973b0,8,3,17,7,2,0,0,"static single-case binary; CUDA event includes setup/readback, clock64 covers timed window"
calibration,v2_calibration_bf16_n256_q8_batch_ring_in0_same_discard_h10000000_b1_none_ops0,1,,NVIDIA Thor,11.0,580.00,13.0,1575.000,,,,mem_clock_mhz:unavailable;temperature_c:unavailable;power_w:unavailable;sm_clock_mhz:sysfs_or_default,bf16,256,8,500,2,531,batch,ring,same,discard,0,10000000,1,1,none,0,703146.0,,,,,175.7865,0.545088,,,,,9.394960363850467,7.694728190677469,500,0.000000000,1,1ca601739a76273e49d9819eba7c1d1eb03ead244a314d4c280adc469e4973b0,8,3,17,7,2,0,0,"static single-case binary; CUDA event includes setup/readback, clock64 covers timed window"
calibration,v2_calibration_bf16_n256_q32_batch_same_in0_same_discard_h32_b0_none_ops0,1,,NVIDIA Thor,11.0,580.00,13.0,1575.000,,,,mem_clock_mhz:unavailable;temperature_c:unavailable;power_w:unavailable;sm_clock_mhz:sysfs_or_default,bf16,256,32,500,0,532,batch,same,same,discard,0,32,0,20,none,0,2246847.0,,,,,140.4279375,1.559584,,,,,235.2106324996762,215.14988612347906,29994,0.000000000,1,342d233e4cd8a4e202f22e920f44b1e73d7ae59ec78337ac41259d50a4ec6c73,32,3,19,10,2,0,0,"static single-case binary; CUDA event includes setup/readback, clock64 covers timed window"
calibration,v2_calibration_bf16_n256_q32_batch_same_in0_same_discard_h32_b0_none_ops0,1,,NVIDIA Thor,11.0,580.00,13.0,1575.000,,,,mem_clock_mhz:unavailable;temperature_c:unavailable;power_w:unavailable;sm_clock_mhz:sysfs_or_default,bf16,256,32,500,1,532,batch,same,same,discard,0,32,0,20,none,0,2246810.0,,,,,140.425625,1.560064,,,,,235.21450589947526,215.0836888743026,29992,0.000000000,1,342d233e4cd8a4e202f22e920f44b1e73d7ae59ec78337ac41259d50a4ec6c73,32,3,19,10,2,0,0,"static single-case binary; CUDA event includes setup/readback, clock64 covers timed window"
calibration,v2_calibration_bf16_n256_q32_batch_same_in0_same_discard_h32_b0_none_ops0,1,,NVIDIA Thor,11.0,580.00,13.0,1575.000,,,,mem_clock_mhz:unavailable;temperature_c:unavailable;power_w:unavailable;sm_clock_mhz:sysfs_or_default,bf16,256,32,500,2,532,batch,same,same,discard,0,32,0,20,none,0,2246705.0,,,,,140.4190625,1.559552,,,,,235.2254986747259,215.15430072225868,29966,0.000000000,1,342d233e4cd8a4e202f22e920f44b1e73d7ae59ec78337ac41259d50a4ec6c73,32,3,19,10,2,0,0,"static single-case binary; CUDA event includes setup/readback, clock64 covers timed window"
calibration,v2_calibration_fp16_n128_q8_batch_ring_in0_same_discard_h0_b0_none_ops0,1,,NVIDIA Thor,11.0,580.00,13.0,1575.000,,,,mem_clock_mhz:unavailable;temperature_c:unavailable;power_w:unavailable;sm_clock_mhz:sysfs_or_default,fp16,128,8,500,0,533,batch,ring,same,discard,0,0,0,20,none,0,408338.0,,,,,102.0845,0.39056,,,,,161.77844824630574,107.39205243752559,10000,0.000000000,1,13e980d97992f407bfd17ddaa7c60a6898c7effda1c45b058d73df5f61021102,8,3,17,7,2,0,0,"static single-case binary; CUDA event includes setup/readback, clock64 covers timed window"
calibration,v2_calibration_fp16_n128_q8_batch_ring_in0_same_discard_h0_b0_none_ops0,1,,NVIDIA Thor,11.0,580.00,13.0,1575.000,,,,mem_clock_mhz:unavailable;temperature_c:unavailable;power_w:unavailable;sm_clock_mhz:sysfs_or_default,fp16,128,8,500,1,533,batch,ring,same,discard,0,0,0,20,none,0,408403.0,,,,,102.10075,0.390016,,,,,161.75270015156596,107.5418444371513,10000,0.000000000,1,13e980d97992f407bfd17ddaa7c60a6898c7effda1c45b058d73df5f61021102,8,3,17,7,2,0,0,"static single-case binary; CUDA event includes setup/readback, clock64 covers timed window"
calibration,v2_calibration_fp16_n128_q8_batch_ring_in0_same_discard_h0_b0_none_ops0,1,,NVIDIA Thor,11.0,580.00,13.0,1575.000,,,,mem_clock_mhz:unavailable;temperature_c:unavailable;power_w:unavailable;sm_clock_mhz:sysfs_or_default,fp16,128,8,500,2,533,batch,ring,same,discard,0,0,0,20,none,0,408423.0,,,,,102.10575,0.389536,,,,,161.7447793096863,107.67436129138257,10000,0.000000000,1,13e980d97992f407bfd17ddaa7c60a6898c7effda1c45b058d73df5f61021102,8,3,17,7,2,0,0,"static single-case binary; CUDA event includes setup/readback, clock64 covers timed window"
calibration,v2_calibration_fp16_n256_q64_batch_same_in0_same_discard_h32_b1_none_ops0,1,,NVIDIA Thor,11.0,580.00,13.0,1575.000,,,,mem_clock_mhz:unavailable;temperature_c:unavailable;power_w:unavailable;sm_clock_mhz:sysfs_or_default,fp16,256,64,500,0,534,batch,same,same,discard,0,32,1,1,none,0,4311514.0,,,,,134.7348125,2.84288,,,,,12.257464640031323,11.80297163439892,1500,0.000000000,1,1e93acf087f262842421cfe8ef2ecce1600df58d4479eb93889c92be889a9088,64,3,19,10,2,0,0,"static single-case binary; CUDA event includes setup/readback, clock64 covers timed window"
calibration,v2_calibration_fp16_n256_q64_batch_same_in0_same_discard_h32_b1_none_ops0,1,,NVIDIA Thor,11.0,580.00,13.0,1575.000,,,,mem_clock_mhz:unavailable;temperature_c:unavailable;power_w:unavailable;sm_clock_mhz:sysfs_or_default,fp16,256,64,500,1,534,batch,same,same,discard,0,32,1,1,none,0,4311188.0,,,,,134.724625,2.834656,,,,,12.258391515285346,11.837214815483785,1498,0.000000000,1,1e93acf087f262842421cfe8ef2ecce1600df58d4479eb93889c92be889a9088,64,3,19,10,2,0,0,"static single-case binary; CUDA event includes setup/readback, clock64 covers timed window"
calibration,v2_calibration_fp16_n256_q64_batch_same_in0_same_discard_h32_b1_none_ops0,1,,NVIDIA Thor,11.0,580.00,13.0,1575.000,,,,mem_clock_mhz:unavailable;temperature_c:unavailable;power_w:unavailable;sm_clock_mhz:sysfs_or_default,fp16,256,64,500,2,534,batch,same,same,discard,0,32,1,1,none,0,4311020.0,,,,,134.719375,2.835104,,,,,12.258869223524828,11.83534431188415,1498,0.000000000,1,1e93acf087f262842421cfe8ef2ecce1600df58d4479eb93889c92be889a9088,64,3,19,10,2,0,0,"static single-case binary; CUDA event includes setup/readback, clock64 covers timed window"
calibration,v2_calibration_bf16_n128_q1_batch_same_in1_same_discard_h32_b1_none_ops0,1,,NVIDIA Thor,11.0,580.00,13.0,1575.000,,,,mem_clock_mhz:unavailable;temperature_c:unavailable;power_w:unavailable;sm_clock_mhz:sysfs_or_default,bf16,128,1,500,0,535,batch,same,same,discard,1,32,1,1,none,0,215654.0,,,,,431.308,0.23504,,,,,1.9145334656440407,1.1153165418652145,500,0.000000000,1,7694fd98522578a4bd4df4e113a040b7dc28a574b0c69630e4a9005ae1a30739,1,3,19,10,2,0,0,"static single-case binary; CUDA event includes setup/readback, clock64 covers timed window"
calibration,v2_calibration_bf16_n128_q1_batch_same_in1_same_discard_h32_b1_none_ops0,1,,NVIDIA Thor,11.0,580.00,13.0,1575.000,,,,mem_clock_mhz:unavailable;temperature_c:unavailable;power_w:unavailable;sm_clock_mhz:sysfs_or_default,bf16,128,1,500,1,535,batch,same,same,discard,1,32,1,1,none,0,215654.0,,,,,431.308,0.234816,,,,,1.9145334656440407,1.1163804851458163,500,0.000000000,1,7694fd98522578a4bd4df4e113a040b7dc28a574b0c69630e4a9005ae1a30739,1,3,19,10,2,0,0,"static single-case binary; CUDA event includes setup/readback, clock64 covers timed window"
calibration,v2_calibration_bf16_n128_q1_batch_same_in1_same_discard_h32_b1_none_ops0,1,,NVIDIA Thor,11.0,580.00,13.0,1575.000,,,,mem_clock_mhz:unavailable;temperature_c:unavailable;power_w:unavailable;sm_clock_mhz:sysfs_or_default,bf16,128,1,500,2,535,batch,same,same,discard,1,32,1,1,none,0,215654.0,,,,,431.308,0.235136,,,,,1.9145334656440407,1.114861186717474,500,0.000000000,1,7694fd98522578a4bd4df4e113a040b7dc28a574b0c69630e4a9005ae1a30739,1,3,19,10,2,0,0,"static single-case binary; CUDA event includes setup/readback, clock64 covers timed window"
calibration,v2_calibration_fp16_n128_q16_batch_same_in0_same_discard_h0_b0_none_ops0,1,,NVIDIA Thor,11.0,580.00,13.0,1575.000,,,,mem_clock_mhz:unavailable;temperature_c:unavailable;power_w:unavailable;sm_clock_mhz:sysfs_or_default,fp16,128,16,500,0,536,batch,same,same,discard,0,0,0,20,none,0,694114.0,,,,,86.76425,0.570368,,,,,190.34420282547248,147.07360861759426,19536,0.000000000,1,8f54da76f9ceac96e056ce98dcf3ad6fd181996364fe462ee1994b4be32baa62,16,3,19,10,2,0,0,"static single-case binary; CUDA event includes setup/readback, clock64 covers timed window"
calibration,v2_calibration_fp16_n128_q16_batch_same_in0_same_discard_h0_b0_none_ops0,1,,NVIDIA Thor,11.0,580.00,13.0,1575.000,,,,mem_clock_mhz:unavailable;temperature_c:unavailable;power_w:unavailable;sm_clock_mhz:sysfs_or_default,fp16,128,16,500,1,536,batch,same,same,discard,0,0,0,20,none,0,694187.0,,,,,86.773375,0.569984,,,,,190.3241864223905,147.17269256680888,19502,0.000000000,1,8f54da76f9ceac96e056ce98dcf3ad6fd181996364fe462ee1994b4be32baa62,16,3,19,10,2,0,0,"static single-case binary; CUDA event includes setup/readback, clock64 covers timed window"
calibration,v2_calibration_fp16_n128_q16_batch_same_in0_same_discard_h0_b0_none_ops0,1,,NVIDIA Thor,11.0,580.00,13.0,1575.000,,,,mem_clock_mhz:unavailable;temperature_c:unavailable;power_w:unavailable;sm_clock_mhz:sysfs_or_default,fp16,128,16,500,2,536,batch,same,same,discard,0,0,0,20,none,0,694401.0,,,,,86.800125,0.571456,,,,,190.26553245171016,146.79359390749246,19586,0.000000000,1,8f54da76f9ceac96e056ce98dcf3ad6fd181996364fe462ee1994b4be32baa62,16,3,19,10,2,0,0,"static single-case binary; CUDA event includes setup/readback, clock64 covers timed window"
calibration,v2_calibration_bf16_n128_q16_batch_same_in0_same_discard_h32_b0_none_ops0,1,,NVIDIA Thor,11.0,580.00,13.0,1575.000,,,,mem_clock_mhz:unavailable;temperature_c:unavailable;power_w:unavailable;sm_clock_mhz:sysfs_or_default,bf16,128,16,500,0,537,batch,same,same,discard,0,32,0,20,none,0,684555.0,,,,,85.569375,0.56368,,,,,193.00213423318797,148.81862049389724,19178,0.000000000,1,5cdcdd0253d5fbfdf102a13f8bc4cf1add92235e4eb61719541153eef5694a19,16,3,19,10,2,0,0,"static single-case binary; CUDA event includes setup/readback, clock64 covers timed window"
calibration,v2_calibration_bf16_n128_q16_batch_same_in0_same_discard_h32_b0_none_ops0,1,,NVIDIA Thor,11.0,580.00,13.0,1575.000,,,,mem_clock_mhz:unavailable;temperature_c:unavailable;power_w:unavailable;sm_clock_mhz:sysfs_or_default,bf16,128,16,500,1,537,batch,same,same,discard,0,32,0,20,none,0,684609.0,,,,,85.576125,0.566464,,,,,192.98691077680837,148.0872217828494,19162,0.000000000,1,5cdcdd0253d5fbfdf102a13f8bc4cf1add92235e4eb61719541153eef5694a19,16,3,19,10,2,0,0,"static single-case binary; CUDA event includes setup/readback, clock64 covers timed window"
calibration,v2_calibration_bf16_n128_q16_batch_same_in0_same_discard_h32_b0_none_ops0,1,,NVIDIA Thor,11.0,580.00,13.0,1575.000,,,,mem_clock_mhz:unavailable;temperature_c:unavailable;power_w:unavailable;sm_clock_mhz:sysfs_or_default,bf16,128,16,500,2,537,batch,same,same,discard,0,32,0,20,none,0,684741.0,,,,,85.592625,0.565024,,,,,192.94970799178083,148.46463159087048,19231,0.000000000,1,5cdcdd0253d5fbfdf102a13f8bc4cf1add92235e4eb61719541153eef5694a19,16,3,19,10,2,0,0,"static single-case binary; CUDA event includes setup/readback, clock64 covers timed window"
calibration,v2_calibration_bf16_n256_q8_batch_same_in0_same_discard_h0_b1_none_ops0,1,,NVIDIA Thor,11.0,580.00,13.0,1575.000,,,,mem_clock_mhz:unavailable;temperature_c:unavailable;power_w:unavailable;sm_clock_mhz:sysfs_or_default,bf16,256,8,500,0,538,batch,same,same,discard,0,0,1,1,none,0,725589.0,,,,,181.39725,0.558432,,,,,9.104367348457597,7.510858976562946,1500,0.000000000,1,2c322940ee879c72422fec2b153b5d68e9f192eb8663c61b218596097ea69582,8,3,19,10,2,0,0,"static single-case binary; CUDA event includes setup/readback, clock64 covers timed window"
calibration,v2_calibration_bf16_n256_q8_batch_same_in0_same_discard_h0_b1_none_ops0,1,,NVIDIA Thor,11.0,580.00,13.0,1575.000,,,,mem_clock_mhz:unavailable;temperature_c:unavailable;power_w:unavailable;sm_clock_mhz:sysfs_or_default,bf16,256,8,500,1,538,batch,same,same,discard,0,0,1,1,none,0,725660.0,,,,,181.415,0.557536,,,,,9.103476559270181,7.522929461057221,1500,0.000000000,1,2c322940ee879c72422fec2b153b5d68e9f192eb8663c61b218596097ea69582,8,3,19,10,2,0,0,"static single-case binary; CUDA event includes setup/readback, clock64 covers timed window"
calibration,v2_calibration_bf16_n256_q8_batch_same_in0_same_discard_h0_b1_none_ops0,1,,NVIDIA Thor,11.0,580.00,13.0,1575.000,,,,mem_clock_mhz:unavailable;temperature_c:unavailable;power_w:unavailable;sm_clock_mhz:sysfs_or_default,bf16,256,8,500,2,538,batch,same,same,discard,0,0,1,1,none,0,725675.0,,,,,181.41875,0.549696,,,,,9.103288386674475,7.6302247060193285,1500,0.000000000,1,2c322940ee879c72422fec2b153b5d68e9f192eb8663c61b218596097ea69582,8,3,19,10,2,0,0,"static single-case binary; CUDA event includes setup/readback, clock64 covers timed window"
calibration,v2_calibration_bf16_n256_q64_batch_same_in0_same_discard_h0_b1_none_ops0,1,,NVIDIA Thor,11.0,580.00,13.0,1575.000,,,,mem_clock_mhz:unavailable;temperature_c:unavailable;power_w:unavailable;sm_clock_mhz:sysfs_or_default,bf16,256,64,500,0,539,batch,same,same,discard,0,0,1,1,none,0,4323016.0,,,,,135.09425,2.842176,,,,,12.22485190894505,11.805895201423137,1500,0.000000000,1,91138baedaa1d9e5f50eeddc360a03e724887be00fb632e952f5ff86ac16ad5c,64,3,19,10,2,0,0,"static single-case binary; CUDA event includes setup/readback, clock64 covers timed window"
calibration,v2_calibration_bf16_n256_q64_batch_same_in0_same_discard_h0_b1_none_ops0,1,,NVIDIA Thor,11.0,580.00,13.0,1575.000,,,,mem_clock_mhz:unavailable;temperature_c:unavailable;power_w:unavailable;sm_clock_mhz:sysfs_or_default,bf16,256,64,500,1,539,batch,same,same,discard,0,0,1,1,none,0,4322993.0,,,,,135.09353125,2.84112,,,,,12.22491694990022,11.810283268570142,1500,0.000000000,1,91138baedaa1d9e5f50eeddc360a03e724887be00fb632e952f5ff86ac16ad5c,64,3,19,10,2,0,0,"static single-case binary; CUDA event includes setup/readback, clock64 covers timed window"
calibration,v2_calibration_bf16_n256_q64_batch_same_in0_same_discard_h0_b1_none_ops0,1,,NVIDIA Thor,11.0,580.00,13.0,1575.000,,,,mem_clock_mhz:unavailable;temperature_c:unavailable;power_w:unavailable;sm_clock_mhz:sysfs_or_default,bf16,256,64,500,2,539,batch,same,same,discard,0,0,1,1,none,0,4323083.0,,,,,135.09634375,2.841952,,,,,12.224662445759195,11.80682573104683,1500,0.000000000,1,91138baedaa1d9e5f50eeddc360a03e724887be00fb632e952f5ff86ac16ad5c,64,3,19,10,2,0,0,"static single-case binary; CUDA event includes setup/readback, clock64 covers timed window"
calibration,v2_calibration_bf16_n256_q2_batch_ring_in0_same_discard_h0_b1_none_ops0,1,,NVIDIA Thor,11.0,580.00,13.0,1575.000,,,,mem_clock_mhz:unavailable;temperature_c:unavailable;power_w:unavailable;sm_clock_mhz:sysfs_or_default,bf16,256,2,500,0,540,batch,ring,same,discard,0,0,1,1,none,0,306355.0,,,,,306.355,0.292192,,,,,5.390828287444305,3.5886540357025516,891,0.000000000,1,799cfd82ce18745b69c9bd69c26dff36efc285356c0f55038cf9a1e16504e638,2,3,17,7,2,0,0,"static single-case binary; CUDA event includes setup/readback, clock64 covers timed window"
calibration,v2_calibration_bf16_n256_q2_batch_ring_in0_same_discard_h0_b1_none_ops0,1,,NVIDIA Thor,11.0,580.00,13.0,1575.000,,,,mem_clock_mhz:unavailable;temperature_c:unavailable;power_w:unavailable;sm_clock_mhz:sysfs_or_default,bf16,256,2,500,1,540,batch,ring,same,discard,0,0,1,1,none,0,306108.0,,,,,306.108,0.292064,,,,,5.395178172409738,3.5902267996055666,875,0.000000000,1,799cfd82ce18745b69c9bd69c26dff36efc285356c0f55038cf9a1e16504e638,2,3,17,7,2,0,0,"static single-case binary; CUDA event includes setup/readback, clock64 covers timed window"
calibration,v2_calibration_bf16_n256_q2_batch_ring_in0_same_discard_h0_b1_none_ops0,1,,NVIDIA Thor,11.0,580.00,13.0,1575.000,,,,mem_clock_mhz:unavailable;temperature_c:unavailable;power_w:unavailable;sm_clock_mhz:sysfs_or_default,bf16,256,2,500,2,540,batch,ring,same,discard,0,0,1,1,none,0,306448.0,,,,,306.448,0.292512,,,,,5.389192293635462,3.5847281479050435,879,0.000000000,1,799cfd82ce18745b69c9bd69c26dff36efc285356c0f55038cf9a1e16504e638,2,3,17,7,2,0,0,"static single-case binary; CUDA event includes setup/readback, clock64 covers timed window"
calibration,v2_calibration_bf16_n128_q16_batch_same_in1_same_discard_h0_b0_none_ops0,1,,NVIDIA Thor,11.0,580.00,13.0,1575.000,,,,mem_clock_mhz:unavailable;temperature_c:unavailable;power_w:unavailable;sm_clock_mhz:sysfs_or_default,bf16,128,16,500,0,541,batch,same,same,discard,1,0,0,20,none,0,693870.0,,,,,86.73375,0.5712,,,,,190.41113753296727,146.85938375350142,19618,0.000000000,1,911cdbdb26045b4c41a79d5eb5aadea3e23f8dd3589602a8610ca2915fd50242,16,3,19,10,2,0,0,"static single-case binary; CUDA event includes setup/readback, clock64 covers timed window"
calibration,v2_calibration_bf16_n128_q16_batch_same_in1_same_discard_h0_b0_none_ops0,1,,NVIDIA Thor,11.0,580.00,13.0,1575.000,,,,mem_clock_mhz:unavailable;temperature_c:unavailable;power_w:unavailable;sm_clock_mhz:sysfs_or_default,bf16,128,16,500,1,541,batch,same,same,discard,1,0,0,20,none,0,694372.0,,,,,86.7965,0.571872,,,,,190.27347876930523,146.6868110346371,19603,0.000000000,1,911cdbdb26045b4c41a79d5eb5aadea3e23f8dd3589602a8610ca2915fd50242,16,3,19,10,2,0,0,"static single-case binary; CUDA event includes setup/readback, clock64 covers timed window"
calibration,v2_calibration_bf16_n128_q16_batch_same_in1_same_discard_h0_b0_none_ops0,1,,NVIDIA Thor,11.0,580.00,13.0,1575.000,,,,mem_clock_mhz:unavailable;temperature_c:unavailable;power_w:unavailable;sm_clock_mhz:sysfs_or_default,bf16,128,16,500,2,541,batch,same,same,discard,1,0,0,20,none,0,694118.0,,,,,86.76475,0.57024,,,,,190.34310592723426,147.10662177328842,19539,0.000000000,1,911cdbdb26045b4c41a79d5eb5aadea3e23f8dd3589602a8610ca2915fd50242,16,3,19,10,2,0,0,"static single-case binary; CUDA event includes setup/readback, clock64 covers timed window"
calibration,v2_calibration_fp16_n128_q32_batch_same_in1_same_discard_h0_b0_none_ops0,1,,NVIDIA Thor,11.0,580.00,13.0,1575.000,,,,mem_clock_mhz:unavailable;temperature_c:unavailable;power_w:unavailable;sm_clock_mhz:sysfs_or_default,fp16,128,32,500,0,542,batch,same,same,discard,1,0,0,20,none,0,1205024.0,,,,,75.314,0.893152,,,,,219.28289561037786,187.8427859983519,19174,0.000000000,1,2e2ffee89f26bac62469869ecc6411b4fbbed9440aa0d9ddb06454dc5ffe5619,32,3,19,10,2,0,0,"static single-case binary; CUDA event includes setup/readback, clock64 covers timed window"
calibration,v2_calibration_fp16_n128_q32_batch_same_in1_same_discard_h0_b0_none_ops0,1,,NVIDIA Thor,11.0,580.00,13.0,1575.000,,,,mem_clock_mhz:unavailable;temperature_c:unavailable;power_w:unavailable;sm_clock_mhz:sysfs_or_default,fp16,128,32,500,1,542,batch,same,same,discard,1,0,0,20,none,0,1204694.0,,,,,75.293375,0.897568,,,,,219.3429634413386,186.91860672394736,19201,0.000000000,1,2e2ffee89f26bac62469869ecc6411b4fbbed9440aa0d9ddb06454dc5ffe5619,32,3,19,10,2,0,0,"static single-case binary; CUDA event includes setup/readback, clock64 covers timed window"
calibration,v2_calibration_fp16_n128_q32_batch_same_in1_same_discard_h0_b0_none_ops0,1,,NVIDIA Thor,11.0,580.00,13.0,1575.000,,,,mem_clock_mhz:unavailable;temperature_c:unavailable;power_w:unavailable;sm_clock_mhz:sysfs_or_default,fp16,128,32,500,2,542,batch,same,same,discard,1,0,0,20,none,0,1205537.0,,,,,75.3460625,0.897664,,,,,219.18958273366974,186.8986168544132,19263,0.000000000,1,2e2ffee89f26bac62469869ecc6411b4fbbed9440aa0d9ddb06454dc5ffe5619,32,3,19,10,2,0,0,"static single-case binary; CUDA event includes setup/readback, clock64 covers timed window"
control,v2_control_fp16_n256_q1_forced_wait_same_in0_same_discard_h32_b0_none_ops0,1,,NVIDIA Thor,11.0,580.00,13.0,1575.000,,,,mem_clock_mhz:unavailable;temperature_c:unavailable;power_w:unavailable;sm_clock_mhz:sysfs_or_default,fp16,256,1,1000,0,543,forced_wait,same,same,discard,0,32,0,20,none,0,497750.0,,,,,497.75,0.446464,,,,,66.35890306378705,46.97247706422018,20000,0.000000000,1,b8769f0d08091079041a9961d5f53537c653cdc43d2c907973460f274bcffc58,1,3,19,10,2,0,0,"static single-case binary; CUDA event includes setup/readback, clock64 covers timed window"
control,v2_control_fp16_n256_q1_forced_wait_same_in0_same_discard_h32_b0_none_ops0,1,,NVIDIA Thor,11.0,580.00,13.0,1575.000,,,,mem_clock_mhz:unavailable;temperature_c:unavailable;power_w:unavailable;sm_clock_mhz:sysfs_or_default,fp16,256,1,1000,1,543,forced_wait,same,same,discard,0,32,0,20,none,0,497873.0,,,,,497.873,0.44656,,,,,66.34250903342821,46.96237907560014,20000,0.000000000,1,b8769f0d08091079041a9961d5f53537c653cdc43d2c907973460f274bcffc58,1,3,19,10,2,0,0,"static single-case binary; CUDA event includes setup/readback, clock64 covers timed window"
control,v2_control_fp16_n256_q1_forced_wait_same_in0_same_discard_h32_b0_none_ops0,1,,NVIDIA Thor,11.0,580.00,13.0,1575.000,,,,mem_clock_mhz:unavailable;temperature_c:unavailable;power_w:unavailable;sm_clock_mhz:sysfs_or_default,fp16,256,1,1000,2,543,forced_wait,same,same,discard,0,32,0,20,none,0,497988.0,,,,,497.988,0.448736,,,,,66.32718860695438,46.73465021749982,20000,0.000000000,1,b8769f0d08091079041a9961d5f53537c653cdc43d2c907973460f274bcffc58,1,3,19,10,2,0,0,"static single-case binary; CUDA event includes setup/readback, clock64 covers timed window"
calibration,v2_calibration_bf16_n256_q8_batch_ring_in0_same_discard_h10000000_b0_none_ops0,1,,NVIDIA Thor,11.0,580.00,13.0,1575.000,,,,mem_clock_mhz:unavailable;temperature_c:unavailable;power_w:unavailable;sm_clock_mhz:sysfs_or_default,bf16,256,8,500,0,544,batch,ring,same,discard,0,10000000,0,20,none,0,703150.0,,,,,175.7875,0.577568,,,,,187.89813837730213,145.24017951133027,10000,0.000000000,1,1ca601739a76273e49d9819eba7c1d1eb03ead244a314d4c280adc469e4973b0,8,3,17,7,2,0,0,"static single-case binary; CUDA event includes setup/readback, clock64 covers timed window"
calibration,v2_calibration_bf16_n256_q8_batch_ring_in0_same_discard_h10000000_b0_none_ops0,1,,NVIDIA Thor,11.0,580.00,13.0,1575.000,,,,mem_clock_mhz:unavailable;temperature_c:unavailable;power_w:unavailable;sm_clock_mhz:sysfs_or_default,bf16,256,8,500,1,544,batch,ring,same,discard,0,10000000,0,20,none,0,703150.0,,,,,175.7875,0.578016,,,,,187.89813837730213,145.12760892432044,10000,0.000000000,1,1ca601739a76273e49d9819eba7c1d1eb03ead244a314d4c280adc469e4973b0,8,3,17,7,2,0,0,"static single-case binary; CUDA event includes setup/readback, clock64 covers timed window"
calibration,v2_calibration_bf16_n256_q8_batch_ring_in0_same_discard_h10000000_b0_none_ops0,1,,NVIDIA Thor,11.0,580.00,13.0,1575.000,,,,mem_clock_mhz:unavailable;temperature_c:unavailable;power_w:unavailable;sm_clock_mhz:sysfs_or_default,bf16,256,8,500,2,544,batch,ring,same,discard,0,10000000,0,20,none,0,703154.0,,,,,175.7885,0.576992,,,,,187.89706948975615,145.3851699850258,10000,0.000000000,1,1ca601739a76273e49d9819eba7c1d1eb03ead244a314d4c280adc469e4973b0,8,3,17,7,2,0,0,"static single-case binary; CUDA event includes setup/readback, clock64 covers timed window"
calibration,v2_calibration_fp16_n128_q16_batch_ring_in0_same_discard_h0_b0_none_ops0,1,,NVIDIA Thor,11.0,580.00,13.0,1575.000,,,,mem_clock_mhz:unavailable;temperature_c:unavailable;power_w:unavailable;sm_clock_mhz:sysfs_or_default,fp16,128,16,500,0,545,batch,ring,same,discard,0,0,0,20,none,0,694149.0,,,,,86.768625,0.570688,,,,,190.33460539451903,146.99114051811148,19603,0.000000000,1,7704573206d6fbf909a22070a911bdf3db402250d77981f02aaa8e58a206a228,16,3,17,7,2,0,0,"static single-case binary; CUDA event includes setup/readback, clock64 covers timed window"
calibration,v2_calibration_fp16_n128_q16_batch_ring_in0_same_discard_h0_b0_none_ops0,1,,NVIDIA Thor,11.0,580.00,13.0,1575.000,,,,mem_clock_mhz:unavailable;temperature_c:unavailable;power_w:unavailable;sm_clock_mhz:sysfs_or_default,fp16,128,16,500,1,545,batch,ring,same,discard,0,0,0,20,none,0,694391.0,,,,,86.798875,0.571424,,,,,190.26827248625054,146.80181441451532,19638,0.000000000,1,7704573206d6fbf909a22070a911bdf3db402250d77981f02aaa8e58a206a228,16,3,17,7,2,0,0,"static single-case binary; CUDA event includes setup/readback, clock64 covers timed window"
calibration,v2_calibration_fp16_n128_q16_batch_ring_in0_same_discard_h0_b0_none_ops0,1,,NVIDIA Thor,11.0,580.00,13.0,1575.000,,,,mem_clock_mhz:unavailable;temperature_c:unavailable;power_w:unavailable;sm_clock_mhz:sysfs_or_default,fp16,128,16,500,2,545,batch,ring,same,discard,0,0,0,20,none,0,693804.0,,,,,86.7255,0.570336,,,,,190.4292509123614,147.08186051730908,19563,0.000000000,1,7704573206d6fbf909a22070a911bdf3db402250d77981f02aaa8e58a206a228,16,3,17,7,2,0,0,"static single-case binary; CUDA event includes setup/readback, clock64 covers timed window"
calibration,v2_calibration_bf16_n128_q64_batch_same_in0_same_discard_h0_b1_none_ops0,1,,NVIDIA Thor,11.0,580.00,13.0,1575.000,,,,mem_clock_mhz:unavailable;temperature_c:unavailable;power_w:unavailable;sm_clock_mhz:sysfs_or_default,bf16,128,64,500,0,546,batch,same,same,discard,0,0,1,1,none,0,2206019.0,,,,,68.93809375,1.524224,,,,,11.978190215043478,11.007054081289889,553,0.000000000,1,95e7824a5f10e0bd000102c91ff0634ffe3bd42161366ae0299f64c377e18da1,64,3,19,10,2,0,0,"static single-case binary; CUDA event includes setup/readback, clock64 covers timed window"
calibration,v2_calibration_bf16_n128_q64_batch_same_in0_same_discard_h0_b1_none_ops0,1,,NVIDIA Thor,11.0,580.00,13.0,1575.000,,,,mem_clock_mhz:unavailable;temperature_c:unavailable;power_w:unavailable;sm_clock_mhz:sysfs_or_default,bf16,128,64,500,1,546,batch,same,same,discard,0,0,1,1,none,0,2205812.0,,,,,68.931625,1.492448,,,,,11.979314284263573,11.241407405819164,516,0.000000000,1,95e7824a5f10e0bd000102c91ff0634ffe3bd42161366ae0299f64c377e18da1,64,3,19,10,2,0,0,"static single-case binary; CUDA event includes setup/readback, clock64 covers timed window"
calibration,v2_calibration_bf16_n128_q64_batch_same_in0_same_discard_h0_b1_none_ops0,1,,NVIDIA Thor,11.0,580.00,13.0,1575.000,,,,mem_clock_mhz:unavailable;temperature_c:unavailable;power_w:unavailable;sm_clock_mhz:sysfs_or_default,bf16,128,64,500,2,546,batch,same,same,discard,0,0,1,1,none,0,2205894.0,,,,,68.9341875,1.496672,,,,,11.978868975571809,11.209681212717282,531,0.000000000,1,95e7824a5f10e0bd000102c91ff0634ffe3bd42161366ae0299f64c377e18da1,64,3,19,10,2,0,0,"static single-case binary; CUDA event includes setup/readback, clock64 covers timed window"
calibration,v2_calibration_fp16_n256_q4_batch_same_in0_same_discard_h0_b0_none_ops0,1,,NVIDIA Thor,11.0,580.00,13.0,1575.000,,,,mem_clock_mhz:unavailable;temperature_c:unavailable;power_w:unavailable;sm_clock_mhz:sysfs_or_default,fp16,256,4,500,0,547,batch,same,same,discard,0,0,0,20,none,0,425599.0,,,,,212.7995,0.39808,,,,,155.2172068073468,105.36334405144696,19992,0.000000000,1,ed201a99aa9dc185f448d6b43a4523ec141cf0d28ed91a070bfdf4afc7488726,4,3,19,10,2,0,0,"static single-case binary; CUDA event includes setup/readback, clock64 covers timed window"
calibration,v2_calibration_fp16_n256_q4_batch_same_in0_same_discard_h0_b0_none_ops0,1,,NVIDIA Thor,11.0,580.00,13.0,1575.000,,,,mem_clock_mhz:unavailable;temperature_c:unavailable;power_w:unavailable;sm_clock_mhz:sysfs_or_default,fp16,256,4,500,1,547,batch,same,same,discard,0,0,0,20,none,0,425501.0,,,,,212.7505,0.40096,,,,,155.25295592724814,104.60654429369512,19987,0.000000000,1,ed201a99aa9dc185f448d6b43a4523ec141cf0d28ed91a070bfdf4afc7488726,4,3,19,10,2,0,0,"static single-case binary; CUDA event includes setup/readback, clock64 covers timed window"
calibration,v2_calibration_fp16_n256_q4_batch_same_in0_same_discard_h0_b0_none_ops0,1,,NVIDIA Thor,11.0,580.00,13.0,1575.000,,,,mem_clock_mhz:unavailable;temperature_c:unavailable;power_w:unavailable;sm_clock_mhz:sysfs_or_default,fp16,256,4,500,2,547,batch,same,same,discard,0,0,0,20,none,0,425490.0,,,,,212.745,0.40064,,,,,155.25696961150675,104.69009584664536,19985,0.000000000,1,ed201a99aa9dc185f448d6b43a4523ec141cf0d28ed91a070bfdf4afc7488726,4,3,19,10,2,0,0,"static single-case binary; CUDA event includes setup/readback, clock64 covers timed window"
calibration,v2_calibration_bf16_n256_q8_batch_ring_in0_same_discard_h0_b0_none_ops0,1,,NVIDIA Thor,11.0,580.00,13.0,1575.000,,,,mem_clock_mhz:unavailable;temperature_c:unavailable;power_w:unavailable;sm_clock_mhz:sysfs_or_default,bf16,256,8,500,0,548,batch,ring,same,discard,0,0,0,20,none,0,725923.0,,,,,181.48075,0.593376,,,,,182.00356787152356,141.37086771288355,29998,0.000000000,1,d992b3d663b5637877c68d5b6669f72c11f872dc51e500cfee56e6ba9b04cfff,8,3,17,7,2,0,0,"static single-case binary; CUDA event includes setup/readback, clock64 covers timed window"
calibration,v2_calibration_bf16_n256_q8_batch_ring_in0_same_discard_h0_b0_none_ops0,1,,NVIDIA Thor,11.0,580.00,13.0,1575.000,,,,mem_clock_mhz:unavailable;temperature_c:unavailable;power_w:unavailable;sm_clock_mhz:sysfs_or_default,bf16,256,8,500,1,548,batch,ring,same,discard,0,0,0,20,none,0,725823.0,,,,,181.45575,0.592576,,,,,182.0286433469317,141.56172372826438,29997,0.000000000,1,d992b3d663b5637877c68d5b6669f72c11f872dc51e500cfee56e6ba9b04cfff,8,3,17,7,2,0,0,"static single-case binary; CUDA event includes setup/readback, clock64 covers timed window"
calibration,v2_calibration_bf16_n256_q8_batch_ring_in0_same_discard_h0_b0_none_ops0,1,,NVIDIA Thor,11.0,580.00,13.0,1575.000,,,,mem_clock_mhz:unavailable;temperature_c:unavailable;power_w:unavailable;sm_clock_mhz:sysfs_or_default,bf16,256,8,500,2,548,batch,ring,same,discard,0,0,0,20,none,0,725844.0,,,,,181.461,0.592704,,,,,182.02337692396713,141.53115214339704,29995,0.000000000,1,d992b3d663b5637877c68d5b6669f72c11f872dc51e500cfee56e6ba9b04cfff,8,3,17,7,2,0,0,"static single-case binary; CUDA event includes setup/readback, clock64 covers timed window"
calibration,v2_calibration_fp16_n256_q64_batch_ring_in0_same_discard_h10000000_b1_none_ops0,1,,NVIDIA Thor,11.0,580.00,13.0,1575.000,,,,mem_clock_mhz:unavailable;temperature_c:unavailable;power_w:unavailable;sm_clock_mhz:sysfs_or_default,fp16,256,64,500,0,549,batch,ring,same,discard,0,10000000,1,1,none,0,4293134.0,,,,,134.1604375,2.822784,,,,,12.30994196780254,11.88699950120165,500,0.000000000,1,56fb8035a7a5ee417138779a483a01efda1640ff18856400606d6442cd4b324e,64,3,17,7,2,0,0,"static single-case binary; CUDA event includes setup/readback, clock64 covers timed window"
calibration,v2_calibration_fp16_n256_q64_batch_ring_in0_same_discard_h10000000_b1_none_ops0,1,,NVIDIA Thor,11.0,580.00,13.0,1575.000,,,,mem_clock_mhz:unavailable;temperature_c:unavailable;power_w:unavailable;sm_clock_mhz:sysfs_or_default,fp16,256,64,500,1,549,batch,ring,same,discard,0,10000000,1,1,none,0,4293133.0,,,,,134.16040625,2.824256,,,,,12.309944835158845,11.880804006435676,501,0.000000000,1,56fb8035a7a5ee417138779a483a01efda1640ff18856400606d6442cd4b324e,64,3,17,7,2,0,0,"static single-case binary; CUDA event includes setup/readback, clock64 covers timed window"
calibration,v2_calibration_fp16_n256_q64_batch_ring_in0_same_discard_h10000000_b1_none_ops0,1,,NVIDIA Thor,11.0,580.00,13.0,1575.000,,,,mem_clock_mhz:unavailable;temperature_c:unavailable;power_w:unavailable;sm_clock_mhz:sysfs_or_default,fp16,256,64,500,2,549,batch,ring,same,discard,0,10000000,1,1,none,0,4293134.0,,,,,134.1604375,2.822112,,,,,12.30994196780254,11.889830028007392,500,0.000000000,1,56fb8035a7a5ee417138779a483a01efda1640ff18856400606d6442cd4b324e,64,3,17,7,2,0,0,"static single-case binary; CUDA event includes setup/readback, clock64 covers timed window"
calibration,v2_calibration_fp16_n256_q4_batch_ring_in0_same_discard_h0_b1_none_ops0,1,,NVIDIA Thor,11.0,580.00,13.0,1575.000,,,,mem_clock_mhz:unavailable;temperature_c:unavailable;power_w:unavailable;sm_clock_mhz:sysfs_or_default,fp16,256,4,500,0,550,batch,ring,same,discard,0,0,1,1,none,0,424775.0,,,,,212.3875,0.366464,,,,,7.7759152492496035,5.722668529514495,999,0.000000000,1,81232dd83e4f0a5b87d3d798fa058ff75d583ec38ffcfc0e639c9583340955ba,4,3,17,7,2,0,0,"static single-case binary; CUDA event includes setup/readback, clock64 covers timed window"
calibration,v2_calibration_fp16_n256_q4_batch_ring_in0_same_discard_h0_b1_none_ops0,1,,NVIDIA Thor,11.0,580.00,13.0,1575.000,,,,mem_clock_mhz:unavailable;temperature_c:unavailable;power_w:unavailable;sm_clock_mhz:sysfs_or_default,fp16,256,4,500,1,550,batch,ring,same,discard,0,0,1,1,none,0,425279.0,,,,,212.6395,0.367744,,,,,7.766699978132003,5.702749738948833,999,0.000000000,1,81232dd83e4f0a5b87d3d798fa058ff75d583ec38ffcfc0e639c9583340955ba,4,3,17,7,2,0,0,"static single-case binary; CUDA event includes setup/readback, clock64 covers timed window"
calibration,v2_calibration_fp16_n256_q4_batch_ring_in0_same_discard_h0_b1_none_ops0,1,,NVIDIA Thor,11.0,580.00,13.0,1575.000,,,,mem_clock_mhz:unavailable;temperature_c:unavailable;power_w:unavailable;sm_clock_mhz:sysfs_or_default,fp16,256,4,500,2,550,batch,ring,same,discard,0,0,1,1,none,0,425038.0,,,,,212.519,0.367136,,,,,7.771103760134388,5.712193846422034,999,0.000000000,1,81232dd83e4f0a5b87d3d798fa058ff75d583ec38ffcfc0e639c9583340955ba,4,3,17,7,2,0,0,"static single-case binary; CUDA event includes setup/readback, clock64 covers timed window"
calibration,v2_calibration_bf16_n128_q1_batch_same_in1_same_discard_h10000000_b0_none_ops0,1,,NVIDIA Thor,11.0,580.00,13.0,1575.000,,,,mem_clock_mhz:unavailable;temperature_c:unavailable;power_w:unavailable;sm_clock_mhz:sysfs_or_default,bf16,128,1,500,0,551,batch,same,same,discard,1,10000000,0,20,none,0,215659.0,,,,,431.318,0.27184,,,,,38.28978155328551,19.286639199529134,10000,0.000000000,1,ea556525cd9fe95fd5076406294504c1c66e263cc4397aa582078195f78787e6,1,3,19,10,2,0,0,"static single-case binary; CUDA event includes setup/readback, clock64 covers timed window"
calibration,v2_calibration_bf16_n128_q1_batch_same_in1_same_discard_h10000000_b0_none_ops0,1,,NVIDIA Thor,11.0,580.00,13.0,1575.000,,,,mem_clock_mhz:unavailable;temperature_c:unavailable;power_w:unavailable;sm_clock_mhz:sysfs_or_default,bf16,128,1,500,1,551,batch,same,same,discard,1,10000000,0,20,none,0,215661.0,,,,,431.322,0.26128,,,,,38.289426460973466,20.066135946111448,10000,0.000000000,1,ea556525cd9fe95fd5076406294504c1c66e263cc4397aa582078195f78787e6,1,3,19,10,2,0,0,"static single-case binary; CUDA event includes setup/readback, clock64 covers timed window"
calibration,v2_calibration_bf16_n128_q1_batch_same_in1_same_discard_h10000000_b0_none_ops0,1,,NVIDIA Thor,11.0,580.00,13.0,1575.000,,,,mem_clock_mhz:unavailable;temperature_c:unavailable;power_w:unavailable;sm_clock_mhz:sysfs_or_default,bf16,128,1,500,2,551,batch,same,same,discard,1,10000000,0,20,none,0,215666.0,,,,,431.332,0.265952,,,,,38.288538759006975,19.71363253519432,10000,0.000000000,1,ea556525cd9fe95fd5076406294504c1c66e263cc4397aa582078195f78787e6,1,3,19,10,2,0,0,"static single-case binary; CUDA event includes setup/readback, clock64 covers timed window"
calibration,v2_calibration_fp16_n256_q4_batch_same_in1_same_discard_h32_b0_none_ops0,1,,NVIDIA Thor,11.0,580.00,13.0,1575.000,,,,mem_clock_mhz:unavailable;temperature_c:unavailable;power_w:unavailable;sm_clock_mhz:sysfs_or_default,fp16,256,4,500,0,552,batch,same,same,discard,1,32,0,20,none,0,432275.0,,,,,216.1375,0.405536,,,,,152.82005205019954,103.42618164601909,20092,0.000000000,1,efd7b6c79bdd2dd3f977e42824160078a80de4886d8f071523684e537fdaa4c9,4,3,19,10,2,0,0,"static single-case binary; CUDA event includes setup/readback, clock64 covers timed window"
calibration,v2_calibration_fp16_n256_q4_batch_same_in1_same_discard_h32_b0_none_ops0,1,,NVIDIA Thor,11.0,580.00,13.0,1575.000,,,,mem_clock_mhz:unavailable;temperature_c:unavailable;power_w:unavailable;sm_clock_mhz:sysfs_or_default,fp16,256,4,500,1,552,batch,same,same,discard,1,32,0,20,none,0,431381.0,,,,,215.6905,0.406368,,,,,153.13675845714113,103.21442633278211,20131,0.000000000,1,efd7b6c79bdd2dd3f977e42824160078a80de4886d8f071523684e537fdaa4c9,4,3,19,10,2,0,0,"static single-case binary; CUDA event includes setup/readback, clock64 covers timed window"
calibration,v2_calibration_fp16_n256_q4_batch_same_in1_same_discard_h32_b0_none_ops0,1,,NVIDIA Thor,11.0,580.00,13.0,1575.000,,,,mem_clock_mhz:unavailable;temperature_c:unavailable;power_w:unavailable;sm_clock_mhz:sysfs_or_default,fp16,256,4,500,2,552,batch,same,same,discard,1,32,0,20,none,0,431775.0,,,,,215.8875,0.409248,,,,,152.99701928087546,102.48807569004613,20082,0.000000000,1,efd7b6c79bdd2dd3f977e42824160078a80de4886d8f071523684e537fdaa4c9,4,3,19,10,2,0,0,"static single-case binary; CUDA event includes setup/readback, clock64 covers timed window"
calibration,v2_calibration_bf16_n128_q1_batch_same_in0_same_discard_h10000000_b1_none_ops0,1,,NVIDIA Thor,11.0,580.00,13.0,1575.000,,,,mem_clock_mhz:unavailable;temperature_c:unavailable;power_w:unavailable;sm_clock_mhz:sysfs_or_default,bf16,128,1,500,0,553,batch,same,same,discard,0,10000000,1,1,none,0,215655.0,,,,,431.31,0.234752,,,,,1.9145245878834247,1.1166848418756816,500,0.000000000,1,c363da1fd33f218e45521d14b7b7f3cabc847ba8c2fe39330a58fb8b2ecf18fa,1,3,19,10,2,0,0,"static single-case binary; CUDA event includes setup/readback, clock64 covers timed window"
calibration,v2_calibration_bf16_n128_q1_batch_same_in0_same_discard_h10000000_b1_none_ops0,1,,NVIDIA Thor,11.0,580.00,13.0,1575.000,,,,mem_clock_mhz:unavailable;temperature_c:unavailable;power_w:unavailable;sm_clock_mhz:sysfs_or_default,bf16,128,1,500,1,553,batch,same,same,discard,0,10000000,1,1,none,0,215655.0,,,,,431.31,0.236384,,,,,1.9145245878834247,1.1089752267496953,500,0.000000000,1,c363da1fd33f218e45521d14b7b7f3cabc847ba8c2fe39330a58fb8b2ecf18fa,1,3,19,10,2,0,0,"static single-case binary; CUDA event includes setup/readback, clock64 covers timed window"
calibration,v2_calibration_bf16_n128_q1_batch_same_in0_same_discard_h10000000_b1_none_ops0,1,,NVIDIA Thor,11.0,580.00,13.0,1575.000,,,,mem_clock_mhz:unavailable;temperature_c:unavailable;power_w:unavailable;sm_clock_mhz:sysfs_or_default,bf16,128,1,500,2,553,batch,same,same,discard,0,10000000,1,1,none,0,215655.0,,,,,431.31,0.234944,,,,,1.9145245878834247,1.115772269136475,500,0.000000000,1,c363da1fd33f218e45521d14b7b7f3cabc847ba8c2fe39330a58fb8b2ecf18fa,1,3,19,10,2,0,0,"static single-case binary; CUDA event includes setup/readback, clock64 covers timed window"
calibration,v2_calibration_bf16_n128_q32_batch_same_in1_same_discard_h0_b1_none_ops0,1,,NVIDIA Thor,11.0,580.00,13.0,1575.000,,,,mem_clock_mhz:unavailable;temperature_c:unavailable;power_w:unavailable;sm_clock_mhz:sysfs_or_default,bf16,128,32,500,0,554,batch,same,same,discard,1,0,1,1,none,0,1204865.0,,,,,75.3040625,0.863552,,,,,10.96559166379636,9.714073964277773,963,0.000000000,1,bca96d7ae3332dfced960824bcc7dba426b4492a7bdbbba147e2c5ad7314398d,32,3,19,10,2,0,0,"static single-case binary; CUDA event includes setup/readback, clock64 covers timed window"
calibration,v2_calibration_bf16_n128_q32_batch_same_in1_same_discard_h0_b1_none_ops0,1,,NVIDIA Thor,11.0,580.00,13.0,1575.000,,,,mem_clock_mhz:unavailable;temperature_c:unavailable;power_w:unavailable;sm_clock_mhz:sysfs_or_default,bf16,128,32,500,1,554,batch,same,same,discard,1,0,1,1,none,0,1204626.0,,,,,75.289125,0.86192,,,,,10.967767257223404,9.732467050306292,958,0.000000000,1,bca96d7ae3332dfced960824bcc7dba426b4492a7bdbbba147e2c5ad7314398d,32,3,19,10,2,0,0,"static single-case binary; CUDA event includes setup/readback, clock64 covers timed window"
calibration,v2_calibration_bf16_n128_q32_batch_same_in1_same_discard_h0_b1_none_ops0,1,,NVIDIA Thor,11.0,580.00,13.0,1575.000,,,,mem_clock_mhz:unavailable;temperature_c:unavailable;power_w:unavailable;sm_clock_mhz:sysfs_or_default,bf16,128,32,500,2,554,batch,same,same,discard,1,0,1,1,none,0,1205032.0,,,,,75.3145,0.862432,,,,,10.96407199144919,9.726689176653927,965,0.000000000,1,bca96d7ae3332dfced960824bcc7dba426b4492a7bdbbba147e2c5ad7314398d,32,3,19,10,2,0,0,"static single-case binary; CUDA event includes setup/readback, clock64 covers timed window"
control,v2_control_fp16_n256_q1_commit_wait_same_in0_same_discard_h10000000_b0_none_ops0,1,,NVIDIA Thor,11.0,580.00,13.0,1575.000,,,,mem_clock_mhz:unavailable;temperature_c:unavailable;power_w:unavailable;sm_clock_mhz:sysfs_or_default,fp16,256,1,1000,0,555,commit_wait,same,same,discard,0,10000000,0,20,none,0,258149.0,,,,,,0.2952,,,,,,,20000,0.000000000,1,29e31f26cd5918a5a9bbe2cb083db7f97f040a2ee2768fb54565f89b4507d338,0,3,19,9,2,0,0,"static single-case binary; CUDA event includes setup/readback, clock64 covers timed window"
control,v2_control_fp16_n256_q1_commit_wait_same_in0_same_discard_h10000000_b0_none_ops0,1,,NVIDIA Thor,11.0,580.00,13.0,1575.000,,,,mem_clock_mhz:unavailable;temperature_c:unavailable;power_w:unavailable;sm_clock_mhz:sysfs_or_default,fp16,256,1,1000,1,555,commit_wait,same,same,discard,0,10000000,0,20,none,0,258151.0,,,,,,0.302656,,,,,,,20000,0.000000000,1,29e31f26cd5918a5a9bbe2cb083db7f97f040a2ee2768fb54565f89b4507d338,0,3,19,9,2,0,0,"static single-case binary; CUDA event includes setup/readback, clock64 covers timed window"
control,v2_control_fp16_n256_q1_commit_wait_same_in0_same_discard_h10000000_b0_none_ops0,1,,NVIDIA Thor,11.0,580.00,13.0,1575.000,,,,mem_clock_mhz:unavailable;temperature_c:unavailable;power_w:unavailable;sm_clock_mhz:sysfs_or_default,fp16,256,1,1000,2,555,commit_wait,same,same,discard,0,10000000,0,20,none,0,258157.0,,,,,,0.295232,,,,,,,20000,0.000000000,1,29e31f26cd5918a5a9bbe2cb083db7f97f040a2ee2768fb54565f89b4507d338,0,3,19,9,2,0,0,"static single-case binary; CUDA event includes setup/readback, clock64 covers timed window"
calibration,v2_calibration_fp16_n128_q4_batch_ring_in0_same_discard_h32_b0_none_ops0,1,,NVIDIA Thor,11.0,580.00,13.0,1575.000,,,,mem_clock_mhz:unavailable;temperature_c:unavailable;power_w:unavailable;sm_clock_mhz:sysfs_or_default,fp16,128,4,500,0,556,batch,ring,same,discard,0,32,0,20,none,0,315382.0,,,,,157.691,0.327264,,,,,104.73059337565239,64.08135328053193,10000,0.000000000,1,5a5df16a5964f17ddd953f8401a17c7af7ce4aa5047c9029d1272803de118a0e,4,3,17,7,2,0,0,"static single-case binary; CUDA event includes setup/readback, clock64 covers timed window"
calibration,v2_calibration_fp16_n128_q4_batch_ring_in0_same_discard_h32_b0_none_ops0,1,,NVIDIA Thor,11.0,580.00,13.0,1575.000,,,,mem_clock_mhz:unavailable;temperature_c:unavailable;power_w:unavailable;sm_clock_mhz:sysfs_or_default,fp16,128,4,500,1,556,batch,ring,same,discard,0,32,0,20,none,0,315447.0,,,,,157.7235,0.331392,,,,,104.70901292451664,63.28312089609887,10000,0.000000000,1,5a5df16a5964f17ddd953f8401a17c7af7ce4aa5047c9029d1272803de118a0e,4,3,17,7,2,0,0,"static single-case binary; CUDA event includes setup/readback, clock64 covers timed window"
calibration,v2_calibration_fp16_n128_q4_batch_ring_in0_same_discard_h32_b0_none_ops0,1,,NVIDIA Thor,11.0,580.00,13.0,1575.000,,,,mem_clock_mhz:unavailable;temperature_c:unavailable;power_w:unavailable;sm_clock_mhz:sysfs_or_default,fp16,128,4,500,2,556,batch,ring,same,discard,0,32,0,20,none,0,315317.0,,,,,157.6585,0.33008,,,,,104.75218272405232,63.53465826466311,10000,0.000000000,1,5a5df16a5964f17ddd953f8401a17c7af7ce4aa5047c9029d1272803de118a0e,4,3,17,7,2,0,0,"static single-case binary; CUDA event includes setup/readback, clock64 covers timed window"
calibration,v2_calibration_bf16_n256_q32_batch_same_in0_same_discard_h10000000_b0_none_ops0,1,,NVIDIA Thor,11.0,580.00,13.0,1575.000,,,,mem_clock_mhz:unavailable;temperature_c:unavailable;power_w:unavailable;sm_clock_mhz:sysfs_or_default,bf16,256,32,500,0,557,batch,same,same,discard,0,10000000,0,20,none,0,2239153.0,,,,,139.9470625,1.55312,,,,,236.01884462562407,216.04532811373235,10000,0.000000000,1,c6be3f5e47e45a66fcb128fb0c59cdce90a2e81a6bbf9c55349fd3c15273462f,32,3,19,10,2,0,0,"static single-case binary; CUDA event includes setup/readback, clock64 covers timed window"
calibration,v2_calibration_bf16_n256_q32_batch_same_in0_same_discard_h10000000_b0_none_ops0,1,,NVIDIA Thor,11.0,580.00,13.0,1575.000,,,,mem_clock_mhz:unavailable;temperature_c:unavailable;power_w:unavailable;sm_clock_mhz:sysfs_or_default,bf16,256,32,500,1,557,batch,same,same,discard,0,10000000,0,20,none,0,2239150.0,,,,,139.946875,1.552672,,,,,236.0191608422839,216.1076647224913,10000,0.000000000,1,c6be3f5e47e45a66fcb128fb0c59cdce90a2e81a6bbf9c55349fd3c15273462f,32,3,19,10,2,0,0,"static single-case binary; CUDA event includes setup/readback, clock64 covers timed window"
calibration,v2_calibration_bf16_n256_q32_batch_same_in0_same_discard_h10000000_b0_none_ops0,1,,NVIDIA Thor,11.0,580.00,13.0,1575.000,,,,mem_clock_mhz:unavailable;temperature_c:unavailable;power_w:unavailable;sm_clock_mhz:sysfs_or_default,bf16,256,32,500,2,557,batch,same,same,discard,0,10000000,0,20,none,0,2239151.0,,,,,139.9469375,1.551136,,,,,236.01905543663648,216.32166360654384,10000,0.000000000,1,c6be3f5e47e45a66fcb128fb0c59cdce90a2e81a6bbf9c55349fd3c15273462f,32,3,19,10,2,0,0,"static single-case binary; CUDA event includes setup/readback, clock64 covers timed window"
calibration,v2_calibration_bf16_n128_q64_batch_same_in1_same_discard_h10000000_b0_none_ops0,1,,NVIDIA Thor,11.0,580.00,13.0,1575.000,,,,mem_clock_mhz:unavailable;temperature_c:unavailable;power_w:unavailable;sm_clock_mhz:sysfs_or_default,bf16,128,64,500,0,558,batch,same,same,discard,1,10000000,0,20,none,0,2245913.0,,,,,70.18478125,1.55776,,,,,235.3084487244163,215.40180772391125,10000,0.000000000,1,c339a660fde59cab0fca6fe8bf5451fe7ed625b9ed160586e3f183b086a119c5,64,3,19,10,2,0,0,"static single-case binary; CUDA event includes setup/readback, clock64 covers timed window"
calibration,v2_calibration_bf16_n128_q64_batch_same_in1_same_discard_h10000000_b0_none_ops0,1,,NVIDIA Thor,11.0,580.00,13.0,1575.000,,,,mem_clock_mhz:unavailable;temperature_c:unavailable;power_w:unavailable;sm_clock_mhz:sysfs_or_default,bf16,128,64,500,1,558,batch,same,same,discard,1,10000000,0,20,none,0,2245915.0,,,,,70.18484375,1.556352,,,,,235.30823918091286,215.59667735833537,10000,0.000000000,1,c339a660fde59cab0fca6fe8bf5451fe7ed625b9ed160586e3f183b086a119c5,64,3,19,10,2,0,0,"static single-case binary; CUDA event includes setup/readback, clock64 covers timed window"
calibration,v2_calibration_bf16_n128_q64_batch_same_in1_same_discard_h10000000_b0_none_ops0,1,,NVIDIA Thor,11.0,580.00,13.0,1575.000,,,,mem_clock_mhz:unavailable;temperature_c:unavailable;power_w:unavailable;sm_clock_mhz:sysfs_or_default,bf16,128,64,500,2,558,batch,same,same,discard,1,10000000,0,20,none,0,2245892.0,,,,,70.184125,1.6784,,,,,235.31064895373422,199.9191611058151,10000,0.000000000,1,c339a660fde59cab0fca6fe8bf5451fe7ed625b9ed160586e3f183b086a119c5,64,3,19,10,2,0,0,"static single-case binary; CUDA event includes setup/readback, clock64 covers timed window"
calibration,v2_calibration_bf16_n256_q64_batch_ring_in0_same_discard_h32_b0_none_ops0,1,,NVIDIA Thor,11.0,580.00,13.0,1575.000,,,,mem_clock_mhz:unavailable;temperature_c:unavailable;power_w:unavailable;sm_clock_mhz:sysfs_or_default,bf16,256,64,500,0,559,batch,ring,same,discard,0,32,0,20,none,0,4311516.0,,,,,134.734875,2.868992,,,,,245.14917908225323,233.9109485143214,29979,0.000000000,1,fae77a8063a9587d86887b4b2c722eeb4454f8ea146444221cd490088894260d,64,3,17,7,2,0,0,"static single-case binary; CUDA event includes setup/readback, clock64 covers timed window"
calibration,v2_calibration_bf16_n256_q64_batch_ring_in0_same_discard_h32_b0_none_ops0,1,,NVIDIA Thor,11.0,580.00,13.0,1575.000,,,,mem_clock_mhz:unavailable;temperature_c:unavailable;power_w:unavailable;sm_clock_mhz:sysfs_or_default,bf16,256,64,500,1,559,batch,ring,same,discard,0,32,0,20,none,0,4311277.0,,,,,134.72740625,2.869344,,,,,245.16276917488716,233.88225322582446,29985,0.000000000,1,fae77a8063a9587d86887b4b2c722eeb4454f8ea146444221cd490088894260d,64,3,17,7,2,0,0,"static single-case binary; CUDA event includes setup/readback, clock64 covers timed window"
calibration,v2_calibration_bf16_n256_q64_batch_ring_in0_same_discard_h32_b0_none_ops0,1,,NVIDIA Thor,11.0,580.00,13.0,1575.000,,,,mem_clock_mhz:unavailable;temperature_c:unavailable;power_w:unavailable;sm_clock_mhz:sysfs_or_default,bf16,256,64,500,2,559,batch,ring,same,discard,0,32,0,20,none,0,4311478.0,,,,,134.7336875,2.868448,,,,,245.15133974938524,233.95530963085267,29986,0.000000000,1,fae77a8063a9587d86887b4b2c722eeb4454f8ea146444221cd490088894260d,64,3,17,7,2,0,0,"static single-case binary; CUDA event includes setup/readback, clock64 covers timed window"
control,v2_control_fp16_n128_q64_empty_same_in0_same_discard_h0_b0_none_ops0,1,,NVIDIA Thor,11.0,580.00,13.0,1575.000,,,,mem_clock_mhz:unavailable;temperature_c:unavailable;power_w:unavailable;sm_clock_mhz:sysfs_or_default,fp16,128,64,1000,0,560,empty,same,same,discard,0,0,0,20,none,0,264115.0,,,,,,0.29712,,,,,,,0,0.000000000,1,bf9b616452dd03640ab44814a68489ba1ddb04d37ce6fa45b8ffc0bc8787657d,0,2,16,9,2,0,0,"static single-case binary; CUDA event includes setup/readback, clock64 covers timed window"
control,v2_control_fp16_n128_q64_empty_same_in0_same_discard_h0_b0_none_ops0,1,,NVIDIA Thor,11.0,580.00,13.0,1575.000,,,,mem_clock_mhz:unavailable;temperature_c:unavailable;power_w:unavailable;sm_clock_mhz:sysfs_or_default,fp16,128,64,1000,1,560,empty,same,same,discard,0,0,0,20,none,0,264113.0,,,,,,0.298656,,,,,,,0,0.000000000,1,bf9b616452dd03640ab44814a68489ba1ddb04d37ce6fa45b8ffc0bc8787657d,0,2,16,9,2,0,0,"static single-case binary; CUDA event includes setup/readback, clock64 covers timed window"
control,v2_control_fp16_n128_q64_empty_same_in0_same_discard_h0_b0_none_ops0,1,,NVIDIA Thor,11.0,580.00,13.0,1575.000,,,,mem_clock_mhz:unavailable;temperature_c:unavailable;power_w:unavailable;sm_clock_mhz:sysfs_or_default,fp16,128,64,1000,2,560,empty,same,same,discard,0,0,0,20,none,0,264115.0,,,,,,0.300224,,,,,,,0,0.000000000,1,bf9b616452dd03640ab44814a68489ba1ddb04d37ce6fa45b8ffc0bc8787657d,0,2,16,9,2,0,0,"static single-case binary; CUDA event includes setup/readback, clock64 covers timed window"
calibration,v2_calibration_bf16_n128_q2_batch_same_in1_same_discard_h0_b1_none_ops0,1,,NVIDIA Thor,11.0,580.00,13.0,1575.000,,,,mem_clock_mhz:unavailable;temperature_c:unavailable;power_w:unavailable;sm_clock_mhz:sysfs_or_default,bf16,128,2,500,0,561,batch,same,same,discard,1,0,1,1,none,0,247130.0,,,,,247.13,0.25488,,,,,3.341373366244486,2.05699937225361,500,0.000000000,1,996805b4a9f49ae89b219e805c17bac94c3ec6fa0f570ef4cb712cc445cb4ee5,2,3,19,10,2,0,0,"static single-case binary; CUDA event includes setup/readback, clock64 covers timed window"
calibration,v2_calibration_bf16_n128_q2_batch_same_in1_same_discard_h0_b1_none_ops0,1,,NVIDIA Thor,11.0,580.00,13.0,1575.000,,,,mem_clock_mhz:unavailable;temperature_c:unavailable;power_w:unavailable;sm_clock_mhz:sysfs_or_default,bf16,128,2,500,1,561,batch,same,same,discard,1,0,1,1,none,0,247130.0,,,,,247.13,0.252896,,,,,3.341373366244486,2.0731367834999364,500,0.000000000,1,996805b4a9f49ae89b219e805c17bac94c3ec6fa0f570ef4cb712cc445cb4ee5,2,3,19,10,2,0,0,"static single-case binary; CUDA event includes setup/readback, clock64 covers timed window"
calibration,v2_calibration_bf16_n128_q2_batch_same_in1_same_discard_h0_b1_none_ops0,1,,NVIDIA Thor,11.0,580.00,13.0,1575.000,,,,mem_clock_mhz:unavailable;temperature_c:unavailable;power_w:unavailable;sm_clock_mhz:sysfs_or_default,bf16,128,2,500,2,561,batch,same,same,discard,1,0,1,1,none,0,247130.0,,,,,247.13,0.253824,,,,,3.341373366244486,2.065557236510338,500,0.000000000,1,996805b4a9f49ae89b219e805c17bac94c3ec6fa0f570ef4cb712cc445cb4ee5,2,3,19,10,2,0,0,"static single-case binary; CUDA event includes setup/readback, clock64 covers timed window"
calibration,v2_calibration_fp16_n128_q16_batch_same_in1_same_discard_h0_b1_none_ops0,1,,NVIDIA Thor,11.0,580.00,13.0,1575.000,,,,mem_clock_mhz:unavailable;temperature_c:unavailable;power_w:unavailable;sm_clock_mhz:sysfs_or_default,fp16,128,16,500,0,562,batch,same,same,discard,1,0,1,1,none,0,693323.0,,,,,86.665375,0.536736,,,,,9.528068158708134,7.814463721457104,973,0.000000000,1,8590809807dda4583bd68aa562b989656bd49a0ccc470dee8d1d65fbdc201572,16,3,19,10,2,0,0,"static single-case binary; CUDA event includes setup/readback, clock64 covers timed window"
calibration,v2_calibration_fp16_n128_q16_batch_same_in1_same_discard_h0_b1_none_ops0,1,,NVIDIA Thor,11.0,580.00,13.0,1575.000,,,,mem_clock_mhz:unavailable;temperature_c:unavailable;power_w:unavailable;sm_clock_mhz:sysfs_or_default,fp16,128,16,500,1,562,batch,same,same,discard,1,0,1,1,none,0,694017.0,,,,,86.752125,0.537344,,,,,9.518540323940192,7.805621724630776,977,0.000000000,1,8590809807dda4583bd68aa562b989656bd49a0ccc470dee8d1d65fbdc201572,16,3,19,10,2,0,0,"static single-case binary; CUDA event includes setup/readback, clock64 covers timed window"
calibration,v2_calibration_fp16_n128_q16_batch_same_in1_same_discard_h0_b1_none_ops0,1,,NVIDIA Thor,11.0,580.00,13.0,1575.000,,,,mem_clock_mhz:unavailable;temperature_c:unavailable;power_w:unavailable;sm_clock_mhz:sysfs_or_default,fp16,128,16,500,2,562,batch,same,same,discard,1,0,1,1,none,0,694075.0,,,,,86.759375,0.537664,,,,,9.51774491229334,7.800976074276872,979,0.000000000,1,8590809807dda4583bd68aa562b989656bd49a0ccc470dee8d1d65fbdc201572,16,3,19,10,2,0,0,"static single-case binary; CUDA event includes setup/readback, clock64 covers timed window"
calibration,v2_calibration_fp16_n128_q2_batch_same_in1_same_discard_h10000000_b1_none_ops0,1,,NVIDIA Thor,11.0,580.00,13.0,1575.000,,,,mem_clock_mhz:unavailable;temperature_c:unavailable;power_w:unavailable;sm_clock_mhz:sysfs_or_default,fp16,128,2,500,0,563,batch,same,same,discard,1,10000000,1,1,none,0,237632.0,,,,,237.632,0.24672,,,,,3.474925935900889,2.125032425421531,500,0.000000000,1,4f808d6d1049f674840b19c02fce9aa5f86b08d1bb30923fe844e68029ed8ee0,2,3,19,10,2,0,0,"static single-case binary; CUDA event includes setup/readback, clock64 covers timed window"
calibration,v2_calibration_fp16_n128_q2_batch_same_in1_same_discard_h10000000_b1_none_ops0,1,,NVIDIA Thor,11.0,580.00,13.0,1575.000,,,,mem_clock_mhz:unavailable;temperature_c:unavailable;power_w:unavailable;sm_clock_mhz:sysfs_or_default,fp16,128,2,500,1,563,batch,same,same,discard,1,10000000,1,1,none,0,237632.0,,,,,237.632,0.246816,,,,,3.474925935900889,2.1242058861662128,500,0.000000000,1,4f808d6d1049f674840b19c02fce9aa5f86b08d1bb30923fe844e68029ed8ee0,2,3,19,10,2,0,0,"static single-case binary; CUDA event includes setup/readback, clock64 covers timed window"
calibration,v2_calibration_fp16_n128_q2_batch_same_in1_same_discard_h10000000_b1_none_ops0,1,,NVIDIA Thor,11.0,580.00,13.0,1575.000,,,,mem_clock_mhz:unavailable;temperature_c:unavailable;power_w:unavailable;sm_clock_mhz:sysfs_or_default,fp16,128,2,500,2,563,batch,same,same,discard,1,10000000,1,1,none,0,237643.0,,,,,237.643,0.25056,,,,,3.474765088809685,2.0924648786717754,500,0.000000000,1,4f808d6d1049f674840b19c02fce9aa5f86b08d1bb30923fe844e68029ed8ee0,2,3,19,10,2,0,0,"static single-case binary; CUDA event includes setup/readback, clock64 covers timed window"
calibration,v2_calibration_bf16_n128_q1_batch_ring_in0_same_discard_h0_b0_none_ops0,1,,NVIDIA Thor,11.0,580.00,13.0,1575.000,,,,mem_clock_mhz:unavailable;temperature_c:unavailable;power_w:unavailable;sm_clock_mhz:sysfs_or_default,bf16,128,1,500,0,564,batch,ring,same,discard,0,0,0,20,none,0,225132.0,,,,,450.264,0.274368,,,,,36.67864186344012,19.108933986470728,10000,0.000000000,1,01c42f888b17c4749728981bf7130be1ea6d1f33966c0afce75ca3a4e7f5cf4a,1,3,17,7,2,0,0,"static single-case binary; CUDA event includes setup/readback, clock64 covers timed window"
calibration,v2_calibration_bf16_n128_q1_batch_ring_in0_same_discard_h0_b0_none_ops0,1,,NVIDIA Thor,11.0,580.00,13.0,1575.000,,,,mem_clock_mhz:unavailable;temperature_c:unavailable;power_w:unavailable;sm_clock_mhz:sysfs_or_default,bf16,128,1,500,1,564,batch,ring,same,discard,0,0,0,20,none,0,225129.0,,,,,450.258,0.268256,,,,,36.679130631771116,19.54431587737087,10000,0.000000000,1,01c42f888b17c4749728981bf7130be1ea6d1f33966c0afce75ca3a4e7f5cf4a,1,3,17,7,2,0,0,"static single-case binary; CUDA event includes setup/readback, clock64 covers timed window"
calibration,v2_calibration_bf16_n128_q1_batch_ring_in0_same_discard_h0_b0_none_ops0,1,,NVIDIA Thor,11.0,580.00,13.0,1575.000,,,,mem_clock_mhz:unavailable;temperature_c:unavailable;power_w:unavailable;sm_clock_mhz:sysfs_or_default,bf16,128,1,500,2,564,batch,ring,same,discard,0,0,0,20,none,0,225132.0,,,,,450.264,0.274976,,,,,36.67864186344012,19.066682183172347,10000,0.000000000,1,01c42f888b17c4749728981bf7130be1ea6d1f33966c0afce75ca3a4e7f5cf4a,1,3,17,7,2,0,0,"static single-case binary; CUDA event includes setup/readback, clock64 covers timed window"
calibration,v2_calibration_bf16_n256_q8_batch_ring_in0_same_discard_h0_b1_none_ops0,1,,NVIDIA Thor,11.0,580.00,13.0,1575.000,,,,mem_clock_mhz:unavailable;temperature_c:unavailable;power_w:unavailable;sm_clock_mhz:sysfs_or_default,bf16,256,8,500,0,565,batch,ring,same,discard,0,0,1,1,none,0,725555.0,,,,,181.38875,0.5576,,,,,9.104793985294016,7.52206599713056,1500,0.000000000,1,d992b3d663b5637877c68d5b6669f72c11f872dc51e500cfee56e6ba9b04cfff,8,3,17,7,2,0,0,"static single-case binary; CUDA event includes setup/readback, clock64 covers timed window"
calibration,v2_calibration_bf16_n256_q8_batch_ring_in0_same_discard_h0_b1_none_ops0,1,,NVIDIA Thor,11.0,580.00,13.0,1575.000,,,,mem_clock_mhz:unavailable;temperature_c:unavailable;power_w:unavailable;sm_clock_mhz:sysfs_or_default,bf16,256,8,500,1,565,batch,ring,same,discard,0,0,1,1,none,0,725655.0,,,,,181.41375,0.558848,,,,,9.103539285197511,7.505267979844251,1500,0.000000000,1,d992b3d663b5637877c68d5b6669f72c11f872dc51e500cfee56e6ba9b04cfff,8,3,17,7,2,0,0,"static single-case binary; CUDA event includes setup/readback, clock64 covers timed window"
calibration,v2_calibration_bf16_n256_q8_batch_ring_in0_same_discard_h0_b1_none_ops0,1,,NVIDIA Thor,11.0,580.00,13.0,1575.000,,,,mem_clock_mhz:unavailable;temperature_c:unavailable;power_w:unavailable;sm_clock_mhz:sysfs_or_default,bf16,256,8,500,2,565,batch,ring,same,discard,0,0,1,1,none,0,725737.0,,,,,181.43425,0.55936,,,,,9.102510689133943,7.498398169336385,1500,0.000000000,1,d992b3d663b5637877c68d5b6669f72c11f872dc51e500cfee56e6ba9b04cfff,8,3,17,7,2,0,0,"static single-case binary; CUDA event includes setup/readback, clock64 covers timed window"
calibration,v2_calibration_bf16_n128_q1_batch_same_in0_same_discard_h32_b0_none_ops0,1,,NVIDIA Thor,11.0,580.00,13.0,1575.000,,,,mem_clock_mhz:unavailable;temperature_c:unavailable;power_w:unavailable;sm_clock_mhz:sysfs_or_default,bf16,128,1,500,0,566,batch,same,same,discard,0,32,0,20,none,0,215662.0,,,,,431.324,0.268832,,,,,38.28924891728723,19.50244018569218,10000,0.000000000,1,db823d077a87fdc1e80ee04475cf4c7ae37ab23f1cbdc2cfb2cd4293f821e64a,1,3,19,10,2,0,0,"static single-case binary; CUDA event includes setup/readback, clock64 covers timed window"
calibration,v2_calibration_bf16_n128_q1_batch_same_in0_same_discard_h32_b0_none_ops0,1,,NVIDIA Thor,11.0,580.00,13.0,1575.000,,,,mem_clock_mhz:unavailable;temperature_c:unavailable;power_w:unavailable;sm_clock_mhz:sysfs_or_default,bf16,128,1,500,1,566,batch,same,same,discard,0,32,0,20,none,0,215663.0,,,,,431.326,0.266656,,,,,38.289071375247495,19.66158646345854,10000,0.000000000,1,db823d077a87fdc1e80ee04475cf4c7ae37ab23f1cbdc2cfb2cd4293f821e64a,1,3,19,10,2,0,0,"static single-case binary; CUDA event includes setup/readback, clock64 covers timed window"
calibration,v2_calibration_bf16_n128_q1_batch_same_in0_same_discard_h32_b0_none_ops0,1,,NVIDIA Thor,11.0,580.00,13.0,1575.000,,,,mem_clock_mhz:unavailable;temperature_c:unavailable;power_w:unavailable;sm_clock_mhz:sysfs_or_default,bf16,128,1,500,2,566,batch,same,same,discard,0,32,0,20,none,0,215656.0,,,,,431.312,0.265856,,,,,38.29031420410283,19.720751083293216,10000,0.000000000,1,db823d077a87fdc1e80ee04475cf4c7ae37ab23f1cbdc2cfb2cd4293f821e64a,1,3,19,10,2,0,0,"static single-case binary; CUDA event includes setup/readback, clock64 covers timed window"
control,v2_control_bf16_n256_q1_forced_wait_same_in0_same_discard_h10000000_b1_none_ops0,1,,NVIDIA Thor,11.0,580.00,13.0,1575.000,,,,mem_clock_mhz:unavailable;temperature_c:unavailable;power_w:unavailable;sm_clock_mhz:sysfs_or_default,bf16,256,1,1000,0,567,forced_wait,same,same,discard,0,10000000,1,1,none,0,511093.0,,,,,511.093,0.42192,,,,,3.2313242404024316,2.4852483883200605,1000,0.000000000,1,e08953e7b65ee9e025a036f94c3ef065c00a1f47e8b4c3339515536fee2f4e1a,1,3,19,10,2,0,0,"static single-case binary; CUDA event includes setup/readback, clock64 covers timed window"
control,v2_control_bf16_n256_q1_forced_wait_same_in0_same_discard_h10000000_b1_none_ops0,1,,NVIDIA Thor,11.0,580.00,13.0,1575.000,,,,mem_clock_mhz:unavailable;temperature_c:unavailable;power_w:unavailable;sm_clock_mhz:sysfs_or_default,bf16,256,1,1000,1,567,forced_wait,same,same,discard,0,10000000,1,1,none,0,511093.0,,,,,511.093,0.421376,,,,,3.2313242404024316,2.4884568651275822,1000,0.000000000,1,e08953e7b65ee9e025a036f94c3ef065c00a1f47e8b4c3339515536fee2f4e1a,1,3,19,10,2,0,0,"static single-case binary; CUDA event includes setup/readback, clock64 covers timed window"
control,v2_control_bf16_n256_q1_forced_wait_same_in0_same_discard_h10000000_b1_none_ops0,1,,NVIDIA Thor,11.0,580.00,13.0,1575.000,,,,mem_clock_mhz:unavailable;temperature_c:unavailable;power_w:unavailable;sm_clock_mhz:sysfs_or_default,bf16,256,1,1000,2,567,forced_wait,same,same,discard,0,10000000,1,1,none,0,511093.0,,,,,511.093,0.421472,,,,,3.2313242404024316,2.487890061498747,1000,0.000000000,1,e08953e7b65ee9e025a036f94c3ef065c00a1f47e8b4c3339515536fee2f4e1a,1,3,19,10,2,0,0,"static single-case binary; CUDA event includes setup/readback, clock64 covers timed window"
calibration,v2_calibration_fp16_n256_q2_batch_ring_in0_same_discard_h10000000_b1_none_ops0,1,,NVIDIA Thor,11.0,580.00,13.0,1575.000,,,,mem_clock_mhz:unavailable;temperature_c:unavailable;power_w:unavailable;sm_clock_mhz:sysfs_or_default,fp16,256,2,500,0,568,batch,ring,same,discard,0,10000000,1,1,none,0,319430.0,,,,,319.43,0.301216,,,,,5.170169364179945,3.481143099968129,500,0.000000000,1,2fc1590500113f94bbc85a5e8132fc448581ddc1e31603dd980c2962f303f143,2,3,17,7,2,0,0,"static single-case binary; CUDA event includes setup/readback, clock64 covers timed window"
calibration,v2_calibration_fp16_n256_q2_batch_ring_in0_same_discard_h10000000_b1_none_ops0,1,,NVIDIA Thor,11.0,580.00,13.0,1575.000,,,,mem_clock_mhz:unavailable;temperature_c:unavailable;power_w:unavailable;sm_clock_mhz:sysfs_or_default,fp16,256,2,500,1,568,batch,ring,same,discard,0,10000000,1,1,none,0,319430.0,,,,,319.43,0.3008,,,,,5.170169364179945,3.4859574468085106,500,0.000000000,1,2fc1590500113f94bbc85a5e8132fc448581ddc1e31603dd980c2962f303f143,2,3,17,7,2,0,0,"static single-case binary; CUDA event includes setup/readback, clock64 covers timed window"
calibration,v2_calibration_fp16_n256_q2_batch_ring_in0_same_discard_h10000000_b1_none_ops0,1,,NVIDIA Thor,11.0,580.00,13.0,1575.000,,,,mem_clock_mhz:unavailable;temperature_c:unavailable;power_w:unavailable;sm_clock_mhz:sysfs_or_default,fp16,256,2,500,2,568,batch,ring,same,discard,0,10000000,1,1,none,0,319430.0,,,,,319.43,0.301152,,,,,5.170169364179945,3.481882902985868,500,0.000000000,1,2fc1590500113f94bbc85a5e8132fc448581ddc1e31603dd980c2962f303f143,2,3,17,7,2,0,0,"static single-case binary; CUDA event includes setup/readback, clock64 covers timed window"
calibration,v2_calibration_bf16_n128_q16_batch_ring_in0_same_discard_h0_b0_none_ops0,1,,NVIDIA Thor,11.0,580.00,13.0,1575.000,,,,mem_clock_mhz:unavailable;temperature_c:unavailable;power_w:unavailable;sm_clock_mhz:sysfs_or_default,bf16,128,16,500,0,569,batch,ring,same,discard,0,0,0,20,none,0,694147.0,,,,,86.768375,0.569088,,,,,190.33515379307266,147.40440845704003,19589,0.000000000,1,91741f87d7f8d7208e953b4af5d13b1bd53554a60a5e72459fae0bd55332dfab,16,3,17,7,2,0,0,"static single-case binary; CUDA event includes setup/readback, clock64 covers timed window"
calibration,v2_calibration_bf16_n128_q16_batch_ring_in0_same_discard_h0_b0_none_ops0,1,,NVIDIA Thor,11.0,580.00,13.0,1575.000,,,,mem_clock_mhz:unavailable;temperature_c:unavailable;power_w:unavailable;sm_clock_mhz:sysfs_or_default,bf16,128,16,500,1,569,batch,ring,same,discard,0,0,0,20,none,0,694155.0,,,,,86.769375,0.573184,,,,,190.3329602178188,146.35104957570343,19588,0.000000000,1,91741f87d7f8d7208e953b4af5d13b1bd53554a60a5e72459fae0bd55332dfab,16,3,17,7,2,0,0,"static single-case binary; CUDA event includes setup/readback, clock64 covers timed window"
calibration,v2_calibration_bf16_n128_q16_batch_ring_in0_same_discard_h0_b0_none_ops0,1,,NVIDIA Thor,11.0,580.00,13.0,1575.000,,,,mem_clock_mhz:unavailable;temperature_c:unavailable;power_w:unavailable;sm_clock_mhz:sysfs_or_default,bf16,128,16,500,2,569,batch,ring,same,discard,0,0,0,20,none,0,694262.0,,,,,86.78275,0.56496,,,,,190.303626008625,148.48145001416032,19627,0.000000000,1,91741f87d7f8d7208e953b4af5d13b1bd53554a60a5e72459fae0bd55332dfab,16,3,17,7,2,0,0,"static single-case binary; CUDA event includes setup/readback, clock64 covers timed window"
calibration,v2_calibration_fp16_n128_q16_batch_same_in0_same_discard_h32_b1_none_ops0,1,,NVIDIA Thor,11.0,580.00,13.0,1575.000,,,,mem_clock_mhz:unavailable;temperature_c:unavailable;power_w:unavailable;sm_clock_mhz:sysfs_or_default,fp16,128,16,500,0,570,batch,same,same,discard,0,32,1,1,none,0,684704.0,,,,,85.588,0.531872,,,,,9.648006729915409,7.8859274411888585,960,0.000000000,1,1794c9280a0e7b649b698cb6bd555008bc4e2bafc2bceb2c904f2610e396e8e7,16,3,19,10,2,0,0,"static single-case binary; CUDA event includes setup/readback, clock64 covers timed window"
calibration,v2_calibration_fp16_n128_q16_batch_same_in0_same_discard_h32_b1_none_ops0,1,,NVIDIA Thor,11.0,580.00,13.0,1575.000,,,,mem_clock_mhz:unavailable;temperature_c:unavailable;power_w:unavailable;sm_clock_mhz:sysfs_or_default,fp16,128,16,500,1,570,batch,same,same,discard,0,32,1,1,none,0,684697.0,,,,,85.587125,0.531776,,,,,9.648105366315319,7.88735106511012,961,0.000000000,1,1794c9280a0e7b649b698cb6bd555008bc4e2bafc2bceb2c904f2610e396e8e7,16,3,19,10,2,0,0,"static single-case binary; CUDA event includes setup/readback, clock64 covers timed window"
calibration,v2_calibration_fp16_n128_q16_batch_same_in0_same_discard_h32_b1_none_ops0,1,,NVIDIA Thor,11.0,580.00,13.0,1575.000,,,,mem_clock_mhz:unavailable;temperature_c:unavailable;power_w:unavailable;sm_clock_mhz:sysfs_or_default,fp16,128,16,500,2,570,batch,same,same,discard,0,32,1,1,none,0,684371.0,,,,,85.546375,0.53152,,,,,9.652701239532359,7.891149909692957,963,0.000000000,1,1794c9280a0e7b649b698cb6bd555008bc4e2bafc2bceb2c904f2610e396e8e7,16,3,19,10,2,0,0,"static single-case binary; CUDA event includes setup/readback, clock64 covers timed window"
calibration,v2_calibration_fp16_n128_q64_batch_ring_in0_same_discard_h32_b0_none_ops0,1,,NVIDIA Thor,11.0,580.00,13.0,1575.000,,,,mem_clock_mhz:unavailable;temperature_c:unavailable;power_w:unavailable;sm_clock_mhz:sysfs_or_default,fp16,128,64,500,0,571,batch,ring,same,discard,0,32,0,20,none,0,2222273.0,,,,,69.44603125,1.541952,,,,,237.81160280487592,217.61009421823766,15045,0.000000000,1,a5eb6ced8f4b72f59eea4ac7651c4fb460ca7263e9eba34d76480bd407a1ad31,64,3,17,7,2,0,0,"static single-case binary; CUDA event includes setup/readback, clock64 covers timed window"
calibration,v2_calibration_fp16_n128_q64_batch_ring_in0_same_discard_h32_b0_none_ops0,1,,NVIDIA Thor,11.0,580.00,13.0,1575.000,,,,mem_clock_mhz:unavailable;temperature_c:unavailable;power_w:unavailable;sm_clock_mhz:sysfs_or_default,fp16,128,64,500,1,571,batch,ring,same,discard,0,32,0,20,none,0,2222264.0,,,,,69.44575,1.542656,,,,,237.81256592376062,217.5107865914371,15080,0.000000000,1,a5eb6ced8f4b72f59eea4ac7651c4fb460ca7263e9eba34d76480bd407a1ad31,64,3,17,7,2,0,0,"static single-case binary; CUDA event includes setup/readback, clock64 covers timed window"
calibration,v2_calibration_fp16_n128_q64_batch_ring_in0_same_discard_h32_b0_none_ops0,1,,NVIDIA Thor,11.0,580.00,13.0,1575.000,,,,mem_clock_mhz:unavailable;temperature_c:unavailable;power_w:unavailable;sm_clock_mhz:sysfs_or_default,fp16,128,64,500,2,571,batch,ring,same,discard,0,32,0,20,none,0,2222042.0,,,,,69.4388125,1.54608,,,,,237.83632532598395,217.02907999586054,15030,0.000000000,1,a5eb6ced8f4b72f59eea4ac7651c4fb460ca7263e9eba34d76480bd407a1ad31,64,3,17,7,2,0,0,"static single-case binary; CUDA event includes setup/readback, clock64 covers timed window"
calibration,v2_calibration_fp16_n128_q16_batch_ring_in0_same_discard_h0_b1_none_ops0,1,,NVIDIA Thor,11.0,580.00,13.0,1575.000,,,,mem_clock_mhz:unavailable;temperature_c:unavailable;power_w:unavailable;sm_clock_mhz:sysfs_or_default,fp16,128,16,500,0,572,batch,ring,same,discard,0,0,1,1,none,0,693394.0,,,,,86.67425,0.53744,,,,,9.527092533249494,7.804227448645429,978,0.000000000,1,7704573206d6fbf909a22070a911bdf3db402250d77981f02aaa8e58a206a228,16,3,17,7,2,0,0,"static single-case binary; CUDA event includes setup/readback, clock64 covers timed window"
calibration,v2_calibration_fp16_n128_q16_batch_ring_in0_same_discard_h0_b1_none_ops0,1,,NVIDIA Thor,11.0,580.00,13.0,1575.000,,,,mem_clock_mhz:unavailable;temperature_c:unavailable;power_w:unavailable;sm_clock_mhz:sysfs_or_default,fp16,128,16,500,1,572,batch,ring,same,discard,0,0,1,1,none,0,694157.0,,,,,86.769625,0.538688,,,,,9.516620591595274,7.786147083283831,979,0.000000000,1,7704573206d6fbf909a22070a911bdf3db402250d77981f02aaa8e58a206a228,16,3,17,7,2,0,0,"static single-case binary; CUDA event includes setup/readback, clock64 covers timed window"
calibration,v2_calibration_fp16_n128_q16_batch_ring_in0_same_discard_h0_b1_none_ops0,1,,NVIDIA Thor,11.0,580.00,13.0,1575.000,,,,mem_clock_mhz:unavailable;temperature_c:unavailable;power_w:unavailable;sm_clock_mhz:sysfs_or_default,fp16,128,16,500,2,572,batch,ring,same,discard,0,0,1,1,none,0,693180.0,,,,,86.6475,0.538464,,,,,9.530033757465594,7.7893861056635165,981,0.000000000,1,7704573206d6fbf909a22070a911bdf3db402250d77981f02aaa8e58a206a228,16,3,17,7,2,0,0,"static single-case binary; CUDA event includes setup/readback, clock64 covers timed window"
calibration,v2_calibration_fp16_n128_q1_batch_same_in0_same_discard_h32_b1_none_ops0,1,,NVIDIA Thor,11.0,580.00,13.0,1575.000,,,,mem_clock_mhz:unavailable;temperature_c:unavailable;power_w:unavailable;sm_clock_mhz:sysfs_or_default,fp16,128,1,500,0,573,batch,same,same,discard,0,32,1,1,none,0,215655.0,,,,,431.31,0.234624,,,,,1.9145245878834247,1.1172940534642661,500,0.000000000,1,173316705a318c42b5267f8601090ae83451fcba980fd62b9c14cf0c6eaa6e34,1,3,19,10,2,0,0,"static single-case binary; CUDA event includes setup/readback, clock64 covers timed window"
calibration,v2_calibration_fp16_n128_q1_batch_same_in0_same_discard_h32_b1_none_ops0,1,,NVIDIA Thor,11.0,580.00,13.0,1575.000,,,,mem_clock_mhz:unavailable;temperature_c:unavailable;power_w:unavailable;sm_clock_mhz:sysfs_or_default,fp16,128,1,500,1,573,batch,same,same,discard,0,32,1,1,none,0,215655.0,,,,,431.31,0.233952,,,,,1.9145245878834247,1.1205033511147586,500,0.000000000,1,173316705a318c42b5267f8601090ae83451fcba980fd62b9c14cf0c6eaa6e34,1,3,19,10,2,0,0,"static single-case binary; CUDA event includes setup/readback, clock64 covers timed window"
calibration,v2_calibration_fp16_n128_q1_batch_same_in0_same_discard_h32_b1_none_ops0,1,,NVIDIA Thor,11.0,580.00,13.0,1575.000,,,,mem_clock_mhz:unavailable;temperature_c:unavailable;power_w:unavailable;sm_clock_mhz:sysfs_or_default,fp16,128,1,500,2,573,batch,same,same,discard,0,32,1,1,none,0,215654.0,,,,,431.308,0.234688,,,,,1.9145334656440407,1.1169893646032178,500,0.000000000,1,173316705a318c42b5267f8601090ae83451fcba980fd62b9c14cf0c6eaa6e34,1,3,19,10,2,0,0,"static single-case binary; CUDA event includes setup/readback, clock64 covers timed window"
calibration,v2_calibration_fp16_n128_q32_batch_same_in1_same_discard_h10000000_b1_none_ops0,1,,NVIDIA Thor,11.0,580.00,13.0,1575.000,,,,mem_clock_mhz:unavailable;temperature_c:unavailable;power_w:unavailable;sm_clock_mhz:sysfs_or_default,fp16,128,32,500,0,574,batch,same,same,discard,1,10000000,1,1,none,0,1215423.0,,,,,75.9639375,0.869376,,,,,10.870336993787348,9.648998822143698,500,0.000000000,1,c87bb8013f302110978b250fed388dee83d4e96c723161621fc324db61438b02,32,3,19,10,2,0,0,"static single-case binary; CUDA event includes setup/readback, clock64 covers timed window"
calibration,v2_calibration_fp16_n128_q32_batch_same_in1_same_discard_h10000000_b1_none_ops0,1,,NVIDIA Thor,11.0,580.00,13.0,1575.000,,,,mem_clock_mhz:unavailable;temperature_c:unavailable;power_w:unavailable;sm_clock_mhz:sysfs_or_default,fp16,128,32,500,1,574,batch,same,same,discard,1,10000000,1,1,none,0,1215422.0,,,,,75.963875,0.868576,,,,,10.870345937460405,9.657886011126259,500,0.000000000,1,c87bb8013f302110978b250fed388dee83d4e96c723161621fc324db61438b02,32,3,19,10,2,0,0,"static single-case binary; CUDA event includes setup/readback, clock64 covers timed window"
calibration,v2_calibration_fp16_n128_q32_batch_same_in1_same_discard_h10000000_b1_none_ops0,1,,NVIDIA Thor,11.0,580.00,13.0,1575.000,,,,mem_clock_mhz:unavailable;temperature_c:unavailable;power_w:unavailable;sm_clock_mhz:sysfs_or_default,fp16,128,32,500,2,574,batch,same,same,discard,1,10000000,1,1,none,0,1215422.0,,,,,75.963875,0.869632,,,,,10.870345937460405,9.646158375036796,500,0.000000000,1,c87bb8013f302110978b250fed388dee83d4e96c723161621fc324db61438b02,32,3,19,10,2,0,0,"static single-case binary; CUDA event includes setup/readback, clock64 covers timed window"
calibration,v2_calibration_fp16_n128_q1_batch_same_in0_same_discard_h0_b0_none_ops0,1,,NVIDIA Thor,11.0,580.00,13.0,1575.000,,,,mem_clock_mhz:unavailable;temperature_c:unavailable;power_w:unavailable;sm_clock_mhz:sysfs_or_default,fp16,128,1,500,0,575,batch,same,same,discard,0,0,0,20,none,0,225133.0,,,,,450.266,0.276928,,,,,36.67847894355781,18.932285648255142,10000,0.000000000,1,8f09ac219b77c646ad42835b4da529999ddf88c43a345982902a8e148c8b580b,1,3,19,10,2,0,0,"static single-case binary; CUDA event includes setup/readback, clock64 covers timed window"
calibration,v2_calibration_fp16_n128_q1_batch_same_in0_same_discard_h0_b0_none_ops0,1,,NVIDIA Thor,11.0,580.00,13.0,1575.000,,,,mem_clock_mhz:unavailable;temperature_c:unavailable;power_w:unavailable;sm_clock_mhz:sysfs_or_default,fp16,128,1,500,1,575,batch,same,same,discard,0,0,0,20,none,0,225136.0,,,,,450.272,0.274272,,,,,36.6779901925947,19.115622447789058,10000,0.000000000,1,8f09ac219b77c646ad42835b4da529999ddf88c43a345982902a8e148c8b580b,1,3,19,10,2,0,0,"static single-case binary; CUDA event includes setup/readback, clock64 covers timed window"
calibration,v2_calibration_fp16_n128_q1_batch_same_in0_same_discard_h0_b0_none_ops0,1,,NVIDIA Thor,11.0,580.00,13.0,1575.000,,,,mem_clock_mhz:unavailable;temperature_c:unavailable;power_w:unavailable;sm_clock_mhz:sysfs_or_default,fp16,128,1,500,2,575,batch,same,same,discard,0,0,0,20,none,0,225136.0,,,,,450.272,0.273632,,,,,36.6779901925947,19.16033212489767,10000,0.000000000,1,8f09ac219b77c646ad42835b4da529999ddf88c43a345982902a8e148c8b580b,1,3,19,10,2,0,0,"static single-case binary; CUDA event includes setup/readback, clock64 covers timed window"
calibration,v2_calibration_bf16_n256_q2_batch_same_in0_same_discard_h0_b1_none_ops0,1,,NVIDIA Thor,11.0,580.00,13.0,1575.000,,,,mem_clock_mhz:unavailable;temperature_c:unavailable;power_w:unavailable;sm_clock_mhz:sysfs_or_default,bf16,256,2,500,0,576,batch,same,same,discard,0,0,1,1,none,0,305806.0,,,,,305.806,0.291968,,,,,5.400506203279203,3.591407277509864,862,0.000000000,1,a3a42588700a218e9657d9d51f5f9b4af507b1a32bf2f6b19c8c2732e167b23f,2,3,19,10,2,0,0,"static single-case binary; CUDA event includes setup/readback, clock64 covers timed window"
calibration,v2_calibration_bf16_n256_q2_batch_same_in0_same_discard_h0_b1_none_ops0,1,,NVIDIA Thor,11.0,580.00,13.0,1575.000,,,,mem_clock_mhz:unavailable;temperature_c:unavailable;power_w:unavailable;sm_clock_mhz:sysfs_or_default,bf16,256,2,500,1,576,batch,same,same,discard,0,0,1,1,none,0,305880.0,,,,,305.88,0.292384,,,,,5.399199686151432,3.586297471817884,876,0.000000000,1,a3a42588700a218e9657d9d51f5f9b4af507b1a32bf2f6b19c8c2732e167b23f,2,3,19,10,2,0,0,"static single-case binary; CUDA event includes setup/readback, clock64 covers timed window"
calibration,v2_calibration_bf16_n256_q2_batch_same_in0_same_discard_h0_b1_none_ops0,1,,NVIDIA Thor,11.0,580.00,13.0,1575.000,,,,mem_clock_mhz:unavailable;temperature_c:unavailable;power_w:unavailable;sm_clock_mhz:sysfs_or_default,bf16,256,2,500,2,576,batch,same,same,discard,0,0,1,1,none,0,306574.0,,,,,306.574,0.292032,,,,,5.386977369248534,3.590620206004821,874,0.000000000,1,a3a42588700a218e9657d9d51f5f9b4af507b1a32bf2f6b19c8c2732e167b23f,2,3,19,10,2,0,0,"static single-case binary; CUDA event includes setup/readback, clock64 covers timed window"
